════════════════════════════════════════════════════════════════
              最优Cmax解的详细调度记录
════════════════════════════════════════════════════════════════

【基本信息】
----------------------------------------------------------------------------------------------------
Cmax (最大完工时间): 73447.71
能耗: 819.14 kWh
装箱质量: 0.1375
批次总数: 13
工件数量: 100
机器数量: 17 (打印机:5, 批处理机:2, 离散机:10)

【染色体编码】
----------------------------------------------------------------------------------------------------
工序序列 (OS): [42, 6, 47, 33, 40, 8, 38, 0, 4, 58, 25, 23, 22, 28, 10, 31, 43, 75, 86, 3, 2, 24, 92, 15, 32, 84, 17, 71, 99, 7, 14, 44, 54, 88, 51, 73, 69, 87, 83, 34, 64, 76, 55, 65, 21, 41, 95, 80, 49, 94, 78, 72, 89, 66, 57, 74, 96, 79, 20, 1, 13, 36, 53, 70, 5, 56, 39, 18, 46, 27, 90, 67, 37, 93, 45, 48, 52, 12, 30, 62, 82, 35, 50, 19, 9, 81, 16, 60, 63, 97, 91, 68, 26, 77, 59, 61, 98, 85, 29, 11, 88, 23, 45, 2, 35, 94, 74, 55, 83, 17, 83, 23, 47, 82, 64, 38, 73, 66, 43, 5, 43, 15, 69, 11, 50, 16, 55, 0, 76, 4, 85, 25, 76, 36, 27, 9, 95, 58, 11, 11, 20, 45, 33, 49, 69, 61, 89, 42, 9, 81, 8, 47, 37, 98, 3, 1, 85, 64, 19, 93, 77, 78, 38, 65, 93, 1, 27, 9, 98, 59, 9, 85, 89, 27, 89, 94, 20, 96, 33, 58, 27, 50, 59, 48, 38, 11, 5, 55, 66, 88, 30, 84, 53, 99, 56, 8, 88, 57, 48, 42, 52, 96, 71, 90, 19, 97, 69, 96, 13, 17, 62, 43, 43, 8, 86, 78, 50, 99, 82, 91, 84, 45, 93, 83, 33, 35, 43, 85, 31, 4, 76, 7, 37, 95, 21, 27, 56, 64, 0, 63, 54, 74, 73, 97, 46, 82, 47, 46, 42, 31, 24, 67, 37, 90, 75, 3, 39, 90, 40, 97, 84, 39, 3, 98, 66, 42, 39, 43, 37, 99, 64, 91, 23, 82, 89, 27, 42, 1, 45, 3, 94, 31, 59, 8, 8, 63, 88, 21, 73, 21, 50, 94, 55, 32, 63, 39, 90, 78, 40, 38, 32, 32, 70, 20, 78, 42, 67, 35, 63, 2, 78, 88, 45, 8, 13, 48, 27, 83, 7, 32, 86, 9, 41, 9, 14, 39, 2, 78, 42, 52, 20, 50, 55, 97, 90, 36, 89, 53, 69, 47, 53, 11, 44, 70, 62, 84, 78, 68, 40, 88, 6, 35, 31, 89, 23, 1, 73, 23, 82, 21, 61, 59, 83, 24, 35, 4, 1, 97, 86, 63, 89, 29, 84, 35, 67, 66, 45, 43, 1, 50, 93, 4, 88, 9, 25, 64, 39, 21, 96, 46, 67, 11, 96, 71, 67, 39, 74, 96, 38, 18, 10, 44, 76, 55, 55, 74, 93, 46, 71, 86, 3, 90, 8, 50, 53, 95, 48, 78, 84, 9, 16, 66, 97, 21, 45, 13, 7, 1, 45, 36, 8, 90, 35, 37, 36, 59, 55, 74, 82, 47, 36, 57, 3, 37, 43, 82, 86, 30, 98, 34, 44, 80, 94, 29, 88, 21, 50, 4]
机器选择 (MS): [4, 1, 2, 2, 4, 2, 5, 2, 2, 3, 1, 3, 4, 2, 1, 2, 5, 2, 1, 2, 1, 2, 3, 3, 2, 3, 3, 1, 1, 3, 5, 3, 3, 3, 5, 4, 1, 3, 5, 3, 2, 5, 1, 4, 3, 2, 3, 2, 3, 4, 3, 5, 5, 2, 3, 5, 3, 3, 5, 5, 5, 5, 3, 3, 2, 5, 3, 1, 3, 2, 2, 3, 5, 2, 3, 5, 3, 3, 2, 4, 4, 2, 2, 3, 1, 1, 2, 3, 2, 2, 2, 1, 3, 3, 2, 3, 5, 2, 4, 5, 2, 1, 2, 2, 2, 2, 1, 1, 2, 1, 1, 1, 2, 1, 2, 2, 1, 3, 1, 1, 1, 1, 2, 1, 1, 2, 2, 1, 3, 1, 1, 3, 1, 2, 1, 2, 1, 2, 2, 1, 1, 2, 2, 3, 1, 3, 3, 1, 2, 1, 2, 2, 2, 1, 1, 1, 3, 1, 1, 1, 1, 2, 2, 1, 1, 1, 2, 1, 1, 2, 3, 1, 1, 1, 1, 1, 1, 3, 1, 1, 1, 1, 2, 3, 1, 2, 3, 1, 1, 1, 1, 1, 1, 1, 2, 1, 1, 1, 3, 3, 2, 1, 1, 1, 1, 1, 2, 1, 1, 2, 2, 2, 1, 1, 1, 1, 2, 1, 1, 1, 1, 2, 1, 2, 3, 1, 1, 1, 2, 1, 3, 2, 1, 1, 1, 1, 2, 2, 1, 1, 1, 1, 2, 1, 1, 2, 2, 1, 2, 2, 1, 2, 1, 1, 1, 1, 1, 3, 1, 1, 1, 1, 1, 3, 2, 1, 1, 1, 1, 1, 1, 1, 1, 2, 3, 1, 1, 1, 2, 3, 1, 2, 1, 1, 1, 2, 1, 1, 1, 1, 2, 1, 1, 1, 3, 1, 1, 1, 2, 2, 1, 1, 2, 1, 1, 2, 1, 1, 1, 1, 2, 2, 2, 2, 1, 1, 1, 1, 1, 1, 1, 2, 1, 3, 1, 1, 1, 2, 2, 1, 2, 2, 3, 1, 1, 1, 1, 2, 1, 1, 1, 1, 2, 1, 1, 2, 2, 1, 2, 1, 1, 1, 1, 1, 1, 1, 2, 2, 1, 2, 2, 1, 1, 2, 1, 2, 1, 1, 1, 2, 1, 1, 2, 2, 1, 2, 2, 1, 2, 1, 1, 1, 3, 2, 1, 1, 1, 1, 2, 2, 1, 3, 2, 1, 2, 1, 2, 2, 2, 1, 1, 2, 1, 2, 1, 1, 2, 1, 3, 2, 1, 3, 1, 3, 1, 1, 1, 2, 1, 1, 1, 1, 2, 2, 2, 3, 3, 2, 1, 3, 1, 2, 1, 3, 1, 2, 1, 2, 3, 1, 1, 2, 3, 2, 3, 2, 1, 1, 1, 1, 1, 1, 3, 1, 2, 3, 1, 1]

【零件加工顺序记录】
----------------------------------------------------------------------------------------------------
工件号      工序号             机器号             开始时间            结束时间            加工时长           
----------------------------------------------------------------------------------------------------

工件 0:
  0        0               打印机2            19953.14        39692.00        19738.86       
  0        1               批处理机2           39692.00        40606.00        914.00         
  0        2               离散机5            40708.00        42134.00        1426.00        
  0        3               离散机2            51216.21        52786.21        1570.00        

工件 1:
  1        0               打印机5            0.00            24078.17        24078.17       
  1        1               批处理机1           24078.17        24938.17        860.00         
  1        2               离散机6            25983.17        27592.17        1609.00        
  1        3               离散机6            27592.17        29229.17        1637.00        
  1        4               离散机8            32236.17        33755.17        1519.00        
  1        5               离散机9            53412.21        54426.21        1014.00        
  1        6               离散机6            55844.21        57354.21        1510.00        
  1        7               离散机8            57354.21        58760.21        1406.00        
  1        8               离散机10           64394.71        65766.71        1372.00        

工件 2:
  2        0               打印机1            0.00            44074.00        44074.00       
  2        1               批处理机1           44074.00        44934.00        860.00         
  2        2               离散机1            44934.00        46552.00        1618.00        
  2        3               离散机4            53938.21        55668.21        1730.00        
  2        4               离散机3            55668.21        56754.21        1086.00        

工件 3:
  3        0               打印机2            19953.14        39692.00        19738.86       
  3        1               批处理机2           39692.00        40606.00        914.00         
  3        2               离散机6            41776.00        42934.00        1158.00        
  3        3               离散机1            46552.00        47508.00        956.00         
  3        4               离散机6            51044.00        51989.00        945.00         
  3        5               离散机3            52583.00        54167.00        1584.00        
  3        6               离散机7            55212.00        56527.00        1315.00        
  3        7               离散机9            64051.71        65066.71        1015.00        

工件 4:
  4        0               打印机2            0.00            19953.14        19953.14       
  4        1               批处理机1           19953.14        20813.14        860.00         
  4        2               离散机6            20813.14        21825.14        1012.00        
  4        3               离散机1            24380.14        25821.14        1441.00        
  4        4               离散机6            33511.17        35309.17        1798.00        
  4        5               离散机6            35309.17        36293.17        984.00         
  4        6               离散机8            42249.63        43215.63        966.00         

工件 5:
  5        0               打印机2            19953.14        39692.00        19738.86       
  5        1               批处理机2           39692.00        40606.00        914.00         
  5        2               离散机6            40606.00        41776.00        1170.00        
  5        3               离散机4            41776.00        42706.00        930.00         

工件 6:
  6        0               打印机1            0.00            44074.00        44074.00       
  6        1               批处理机1           44074.00        44934.00        860.00         
  6        2               离散机9            50539.00        51957.00        1418.00        

工件 7:
  7        0               打印机3            0.00            20966.32        20966.32       
  7        1               批处理机1           20966.32        21826.32        860.00         
  7        2               离散机2            31289.17        32595.17        1306.00        
  7        3               离散机1            33363.17        34368.17        1005.00        
  7        4               离散机10           36798.63        38459.63        1661.00        

工件 8:
  8        0               打印机2            0.00            19953.14        19953.14       
  8        1               批处理机1           19953.14        20813.14        860.00         
  8        2               离散机3            29809.63        31541.63        1732.00        
  8        3               离散机4            33750.63        34847.63        1097.00        
  8        4               离散机9            34847.63        36138.63        1291.00        
  8        5               离散机4            40317.63        41287.63        970.00         
  8        6               离散机5            43870.00        45050.00        1180.00        
  8        7               离散机1            47508.00        49133.00        1625.00        
  8        8               离散机4            59757.21        61103.21        1346.00        
  8        9               离散机6            65105.71        66718.71        1613.00        

工件 9:
  9        0               打印机1            0.00            44074.00        44074.00       
  9        1               批处理机1           44074.00        44934.00        860.00         
  9        2               离散机7            46379.00        47974.00        1595.00        
  9        3               离散机3            47974.00        49328.00        1354.00        
  9        4               离散机3            49328.00        50949.00        1621.00        
  9        5               离散机10           51029.21        51957.21        928.00         
  9        6               离散机9            51957.21        53412.21        1455.00        
  9        7               离散机4            57760.21        58674.21        914.00         
  9        8               离散机9            58674.21        59583.21        909.00         
  9        9               离散机4            64997.71        66474.71        1477.00        

工件 10:
  10       0               打印机1            0.00            44074.00        44074.00       
  10       1               批处理机1           44074.00        44934.00        860.00         
  10       2               离散机8            66079.71        67375.71        1296.00        

工件 11:
  11       0               打印机5            0.00            24078.17        24078.17       
  11       1               批处理机1           24078.17        24938.17        860.00         
  11       2               离散机5            24938.17        25920.17        982.00         
  11       3               离散机1            25920.17        27132.17        1212.00        
  11       4               离散机7            27132.17        28288.17        1156.00        
  11       5               离散机4            31964.63        33750.63        1786.00        
  11       6               离散机5            38756.17        39661.17        905.00         
  11       7               离散机7            53256.00        54277.00        1021.00        

工件 12:
  12       0               打印机3            0.00            20966.32        20966.32       
  12       1               批处理机1           20966.32        21826.32        860.00         

工件 13:
  13       0               打印机5            24078.17        46069.39        21991.22       
  13       1               批处理机1           46069.39        46929.39        860.00         
  13       2               离散机4            49359.00        50293.00        934.00         
  13       3               离散机8            52886.21        54293.21        1407.00        
  13       4               离散机3            69540.71        71026.71        1486.00        

工件 14:
  14       0               打印机5            0.00            24078.17        24078.17       
  14       1               批处理机1           24078.17        24938.17        860.00         
  14       2               离散机5            47569.00        48577.00        1008.00        

工件 15:
  15       0               打印机3            0.00            20966.32        20966.32       
  15       1               批处理机1           20966.32        21826.32        860.00         
  15       2               离散机10           24658.32        25558.32        900.00         

工件 16:
  16       0               打印机2            0.00            19953.14        19953.14       
  16       1               批处理机1           19953.14        20813.14        860.00         
  16       2               离散机3            23322.32        24528.32        1206.00        
  16       3               离散机5            51051.00        52518.00        1467.00        

工件 17:
  17       0               打印机3            0.00            20966.32        20966.32       
  17       1               批处理机1           20966.32        21826.32        860.00         
  17       2               离散机10           21826.32        23251.32        1425.00        
  17       3               离散机9            31564.17        33187.17        1623.00        

工件 18:
  18       0               打印机1            0.00            44074.00        44074.00       
  18       1               批处理机1           44074.00        44934.00        860.00         
  18       2               离散机8            46680.00        47599.00        919.00         

工件 19:
  19       0               打印机3            49004.21        57023.16        8018.95        
  19       1               批处理机1           57023.16        57883.16        860.00         
  19       2               离散机2            57883.16        58929.16        1046.00        
  19       3               离散机10           61632.71        63346.71        1714.00        

工件 20:
  20       0               打印机5            0.00            24078.17        24078.17       
  20       1               批处理机1           24078.17        24938.17        860.00         
  20       2               离散机3            26219.17        27459.17        1240.00        
  20       3               离散机2            27459.17        28385.17        926.00         
  20       4               离散机4            44300.00        45571.00        1271.00        
  20       5               离散机5            48577.00        50095.00        1518.00        

工件 21:
  21       0               打印机3            0.00            20966.32        20966.32       
  21       1               批处理机1           20966.32        21826.32        860.00         
  21       2               离散机1            30704.17        32031.17        1327.00        
  21       3               离散机10           32873.63        33976.63        1103.00        
  21       4               离散机9            39390.63        40508.63        1118.00        
  21       5               离散机1            41646.63        42998.63        1352.00        
  21       6               离散机1            62188.71        63784.71        1596.00        
  21       7               离散机7            63784.71        64971.71        1187.00        
  21       8               离散机3            66850.71        68161.71        1311.00        

工件 22:
  22       0               打印机4            0.00            27960.63        27960.63       
  22       1               批处理机1           27960.63        28820.63        860.00         

工件 23:
  23       0               打印机3            0.00            20966.32        20966.32       
  23       1               批处理机1           20966.32        21826.32        860.00         
  23       2               离散机3            21826.32        23322.32        1496.00        
  23       3               离散机4            23322.32        24507.32        1185.00        
  23       4               离散机10           27227.32        28628.32        1401.00        
  23       5               离散机3            45144.63        46293.63        1149.00        
  23       6               离散机2            60989.16        62507.16        1518.00        

工件 24:
  24       0               打印机2            19953.14        39692.00        19738.86       
  24       1               批处理机2           39692.00        40606.00        914.00         
  24       2               离散机5            42134.00        43870.00        1736.00        
  24       3               离散机8            43870.00        45203.00        1333.00        

工件 25:
  25       0               打印机1            0.00            44074.00        44074.00       
  25       1               批处理机1           44074.00        44934.00        860.00         
  25       2               离散机6            47334.00        48756.00        1422.00        
  25       3               离散机8            56201.21        57255.21        1054.00        

工件 26:
  26       0               打印机3            49004.21        57023.16        8018.95        
  26       1               批处理机1           57023.16        57883.16        860.00         

工件 27:
  27       0               打印机2            0.00            19953.14        19953.14       
  27       1               批处理机1           19953.14        20813.14        860.00         
  27       2               离散机3            20813.14        21819.14        1006.00        
  27       3               离散机7            23454.14        24530.14        1076.00        
  27       4               离散机10           25558.32        27227.32        1669.00        
  27       5               离散机9            30236.17        31564.17        1328.00        
  27       6               离散机3            32525.63        33621.63        1096.00        
  27       7               离散机2            33621.63        34640.63        1019.00        
  27       8               离散机5            36523.17        37437.17        914.00         

工件 28:
  28       0               打印机2            0.00            19953.14        19953.14       
  28       1               批处理机1           19953.14        20813.14        860.00         

工件 29:
  29       0               打印机4            0.00            27960.63        27960.63       
  29       1               批处理机1           27960.63        28820.63        860.00         
  29       2               离散机2            36289.63        37577.63        1288.00        
  29       3               离散机3            62189.71        63364.71        1175.00        

工件 30:
  30       0               打印机2            19953.14        39692.00        19738.86       
  30       1               批处理机2           39692.00        40606.00        914.00         
  30       2               离散机2            46182.00        47517.00        1335.00        
  30       3               离散机8            68352.71        69445.71        1093.00        

工件 31:
  31       0               打印机2            0.00            19953.14        19953.14       
  31       1               批处理机1           19953.14        20813.14        860.00         
  31       2               离散机7            29806.17        30903.17        1097.00        
  31       3               离散机2            32595.17        33531.17        936.00         
  31       4               离散机3            37134.63        38824.63        1690.00        
  31       5               离散机7            42521.00        43606.00        1085.00        

工件 32:
  32       0               打印机2            0.00            19953.14        19953.14       
  32       1               批处理机1           19953.14        20813.14        860.00         
  32       2               离散机9            23587.32        24885.32        1298.00        
  32       3               离散机3            39937.63        40945.63        1008.00        
  32       4               离散机3            40945.63        42153.63        1208.00        
  32       5               离散机5            45050.00        46275.00        1225.00        

工件 33:
  33       0               打印机2            0.00            19953.14        19953.14       
  33       1               批处理机1           19953.14        20813.14        860.00         
  33       2               离散机1            20813.14        21732.14        919.00         
  33       3               离散机1            21732.14        23062.14        1330.00        
  33       4               离散机7            28288.17        29806.17        1518.00        

工件 34:
  34       0               打印机3            0.00            20966.32        20966.32       
  34       1               批处理机1           20966.32        21826.32        860.00         
  34       2               离散机10           38459.63        39507.63        1048.00        

工件 35:
  35       0               打印机2            0.00            19953.14        19953.14       
  35       1               批处理机1           19953.14        20813.14        860.00         
  35       2               离散机2            20813.14        21754.14        941.00         
  35       3               离散机1            23062.14        24380.14        1318.00        
  35       4               离散机9            43382.00        44832.00        1450.00        
  35       5               离散机5            50095.00        51051.00        956.00         
  35       6               离散机7            51051.00        52052.00        1001.00        
  35       7               离散机2            64214.71        65513.71        1299.00        
  35       8               离散机4            67392.71        68706.71        1314.00        

工件 36:
  36       0               打印机5            0.00            24078.17        24078.17       
  36       1               批处理机1           24078.17        24938.17        860.00         
  36       2               离散机4            26396.17        27699.17        1303.00        
  36       3               离散机8            28954.17        30305.17        1351.00        
  36       4               离散机8            35198.17        36342.17        1144.00        
  36       5               离散机4            68706.71        70185.71        1479.00        
  36       6               离散机1            70274.71        71472.71        1198.00        

工件 37:
  37       0               打印机5            0.00            24078.17        24078.17       
  37       1               批处理机1           24078.17        24938.17        860.00         
  37       2               离散机1            27132.17        28817.17        1685.00        
  37       3               离散机6            32501.17        33511.17        1010.00        
  37       4               离散机7            33815.17        35569.17        1754.00        
  37       5               离散机3            35974.63        37134.63        1160.00        
  37       6               离散机6            37134.63        38290.63        1156.00        
  37       7               离散机9            57758.21        58673.21        915.00         

工件 38:
  38       0               打印机5            0.00            24078.17        24078.17       
  38       1               批处理机1           24078.17        24938.17        860.00         
  38       2               离散机6            24938.17        25983.17        1045.00        
  38       3               离散机5            27728.17        28835.17        1107.00        
  38       4               离散机1            28835.17        29792.17        957.00         
  38       5               离散机9            40508.63        41922.63        1414.00        
  38       6               离散机1            65345.71        66578.71        1233.00        

工件 39:
  39       0               打印机3            38880.00        49004.21        10124.21       
  39       1               批处理机1           49004.21        49864.21        860.00         
  39       2               离散机8            50840.21        51974.21        1134.00        
  39       3               离散机8            51974.21        52886.21        912.00         
  39       4               离散机2            52886.21        54288.21        1402.00        
  39       5               离散机10           54288.21        55981.21        1693.00        
  39       6               离散机5            55981.21        56891.21        910.00         
  39       7               离散机2            65513.71        66644.71        1131.00        
  39       8               离散机7            68264.71        69327.71        1063.00        

工件 40:
  40       0               打印机4            0.00            27960.63        27960.63       
  40       1               批处理机1           27960.63        28820.63        860.00         
  40       2               离散机5            32820.17        33729.17        909.00         
  40       3               离散机7            38136.17        39628.17        1492.00        
  40       4               离散机4            58674.21        59757.21        1083.00        

工件 41:
  41       0               打印机2            19953.14        39692.00        19738.86       
  41       1               批处理机2           39692.00        40606.00        914.00         
  41       2               离散机3            42153.63        43394.63        1241.00        

工件 42:
  42       0               打印机4            0.00            27960.63        27960.63       
  42       1               批处理机1           27960.63        28820.63        860.00         
  42       2               离散机4            30017.63        30936.63        919.00         
  42       3               离散机6            31344.17        32501.17        1157.00        
  42       4               离散机7            32501.17        33815.17        1314.00        
  42       5               离散机5            34938.17        36523.17        1585.00        
  42       6               离散机7            36523.17        38136.17        1613.00        
  42       7               离散机4            45571.00        46605.00        1034.00        
  42       8               离散机2            56394.21        57482.21        1088.00        

工件 43:
  43       0               打印机5            0.00            24078.17        24078.17       
  43       1               批处理机1           24078.17        24938.17        860.00         
  43       2               离散机8            24938.17        25978.17        1040.00        
  43       3               离散机9            27840.17        29087.17        1247.00        
  43       4               离散机1            29792.17        30704.17        912.00         
  43       5               离散机8            30704.17        32236.17        1532.00        
  43       6               离散机4            36334.63        37678.63        1344.00        
  43       7               离散机8            37678.63        38891.63        1213.00        
  43       8               离散机1            60661.71        62188.71        1527.00        
  43       9               离散机5            71078.71        72242.71        1164.00        

工件 44:
  44       0               打印机3            20966.32        38880.00        17913.68       
  44       1               批处理机1           38880.00        39740.00        860.00         
  44       2               离散机10           47927.00        49290.00        1363.00        
  44       3               离散机9            55495.21        56858.21        1363.00        
  44       4               离散机7            56858.21        58163.21        1305.00        

工件 45:
  45       0               打印机3            38880.00        49004.21        10124.21       
  45       1               批处理机1           49004.21        49864.21        860.00         
  45       2               离散机10           49864.21        51029.21        1165.00        
  45       3               离散机1            51029.21        52570.21        1541.00        
  45       4               离散机4            52570.21        53938.21        1368.00        
  45       5               离散机2            54288.21        55427.21        1139.00        
  45       6               离散机10           55981.21        56920.21        939.00         
  45       7               离散机6            57354.21        58325.21        971.00         
  45       8               离散机4            66474.71        67392.71        918.00         
  45       9               离散机5            69823.71        71078.71        1255.00        

工件 46:
  46       0               打印机3            0.00            20966.32        20966.32       
  46       1               批处理机1           20966.32        21826.32        860.00         
  46       2               离散机8            23539.14        24804.14        1265.00        
  46       3               离散机4            37678.63        39214.63        1536.00        
  46       4               离散机3            54167.00        55069.00        902.00         
  46       5               离散机1            66578.71        67797.71        1219.00        

工件 47:
  47       0               打印机2            0.00            19953.14        19953.14       
  47       1               批处理机1           19953.14        20813.14        860.00         
  47       2               离散机7            20813.14        22530.14        1717.00        
  47       3               离散机8            22530.14        23539.14        1009.00        
  47       4               离散机3            34586.63        35974.63        1388.00        
  47       5               离散机8            38891.63        40085.63        1194.00        
  47       6               离散机6            68416.71        70173.71        1757.00        

工件 48:
  48       0               打印机5            0.00            24078.17        24078.17       
  48       1               批处理机1           24078.17        24938.17        860.00         
  48       2               离散机6            29229.17        30433.17        1204.00        
  48       3               离散机4            34847.63        36334.63        1487.00        
  48       4               离散机4            51355.00        52428.00        1073.00        
  48       5               离散机9            66151.71        67239.71        1088.00        

工件 49:
  49       0               打印机3            20966.32        38880.00        17913.68       
  49       1               批处理机1           38880.00        39740.00        860.00         
  49       2               离散机10           39740.00        40753.00        1013.00        

工件 50:
  50       0               打印机2            39692.00        57823.71        18131.71       
  50       1               批处理机2           57823.71        58737.71        914.00         
  50       2               离散机7            58737.71        60175.71        1438.00        
  50       3               离散机5            61417.71        63000.71        1583.00        
  50       4               离散机2            63000.71        64214.71        1214.00        
  50       5               离散机5            64779.71        65941.71        1162.00        
  50       6               离散机10           65941.71        67098.71        1157.00        
  50       7               离散机7            67098.71        68264.71        1166.00        
  50       8               离散机3            68264.71        69540.71        1276.00        
  50       9               离散机7            71655.71        73447.71        1792.00        

工件 51:
  51       0               打印机5            24078.17        46069.39        21991.22       
  51       1               批处理机1           46069.39        46929.39        860.00         

工件 52:
  52       0               打印机3            0.00            20966.32        20966.32       
  52       1               批处理机1           20966.32        21826.32        860.00         
  52       2               离散机6            21826.32        22918.32        1092.00        
  52       3               离散机10           30585.63        31957.63        1372.00        

工件 53:
  53       0               打印机3            38880.00        49004.21        10124.21       
  53       1               批处理机1           49004.21        49864.21        860.00         
  53       2               离散机2            49864.21        51216.21        1352.00        
  53       3               离散机1            52570.21        54089.21        1519.00        
  53       4               离散机1            54089.21        55373.21        1284.00        
  53       5               离散机9            56858.21        57758.21        900.00         

工件 54:
  54       0               打印机3            20966.32        38880.00        17913.68       
  54       1               批处理机1           38880.00        39740.00        860.00         
  54       2               离散机6            42934.00        44673.00        1739.00        

工件 55:
  55       0               打印机1            0.00            44074.00        44074.00       
  55       1               批处理机1           44074.00        44934.00        860.00         
  55       2               离散机9            44934.00        45888.00        954.00         
  55       3               离散机6            45888.00        47334.00        1446.00        
  55       4               离散机9            47334.00        48749.00        1415.00        
  55       5               离散机4            50293.00        51355.00        1062.00        
  55       6               离散机6            51989.00        52933.00        944.00         
  55       7               离散机6            63574.71        65105.71        1531.00        
  55       8               离散机9            65105.71        66151.71        1046.00        
  55       9               离散机7            70530.71        71655.71        1125.00        

工件 56:
  56       0               打印机5            0.00            24078.17        24078.17       
  56       1               批处理机1           24078.17        24938.17        860.00         
  56       2               离散机2            24938.17        26725.17        1787.00        
  56       3               离散机3            33621.63        34586.63        965.00         

工件 57:
  57       0               打印机3            0.00            20966.32        20966.32       
  57       1               批处理机1           20966.32        21826.32        860.00         
  57       2               离散机2            28385.17        29562.17        1177.00        
  57       3               离散机5            53906.00        55203.00        1297.00        

工件 58:
  58       0               打印机3            0.00            20966.32        20966.32       
  58       1               批处理机1           20966.32        21826.32        860.00         
  58       2               离散机9            21826.32        23587.32        1761.00        
  58       3               离散机2            23587.32        24564.32        977.00         

工件 59:
  59       0               打印机2            39692.00        57823.71        18131.71       
  59       1               批处理机2           57823.71        58737.71        914.00         
  59       2               离散机10           60273.71        61632.71        1359.00        
  59       3               离散机7            61632.71        62922.71        1290.00        
  59       4               离散机9            62922.71        64051.71        1129.00        
  59       5               离散机4            64051.71        64997.71        946.00         
  59       6               离散机6            66718.71        68416.71        1698.00        

工件 60:
  60       0               打印机3            57023.16        61989.47        4966.32        
  60       1               批处理机1           61989.47        62849.47        860.00         

工件 61:
  61       0               打印机3            0.00            20966.32        20966.32       
  61       1               批处理机1           20966.32        21826.32        860.00         
  61       2               离散机7            22530.14        23454.14        924.00         
  61       3               离散机7            43606.00        44635.00        1029.00        

工件 62:
  62       0               打印机4            0.00            27960.63        27960.63       
  62       1               批处理机1           27960.63        28820.63        860.00         
  62       2               离散机3            31541.63        32525.63        984.00         
  62       3               离散机7            41364.00        42521.00        1157.00        

工件 63:
  63       0               打印机2            19953.14        39692.00        19738.86       
  63       1               批处理机2           39692.00        40606.00        914.00         
  63       2               离散机2            48496.00        49690.00        1194.00        
  63       3               离散机2            55427.21        56394.21        967.00         
  63       4               离散机4            56394.21        57760.21        1366.00        
  63       5               离散机1            57760.21        59488.21        1728.00        
  63       6               离散机10           63346.71        64394.71        1048.00        

工件 64:
  64       0               打印机2            19953.14        39692.00        19738.86       
  64       1               批处理机2           39692.00        40606.00        914.00         
  64       2               离散机2            40606.00        41957.00        1351.00        
  64       3               离散机9            41957.00        43382.00        1425.00        
  64       4               离散机1            43382.00        44750.00        1368.00        
  64       5               离散机7            49675.00        50955.00        1280.00        
  64       6               离散机7            52052.00        53256.00        1204.00        

工件 65:
  65       0               打印机4            0.00            27960.63        27960.63       
  65       1               批处理机1           27960.63        28820.63        860.00         
  65       2               离散机5            28835.17        29940.17        1105.00        

工件 66:
  66       0               打印机2            0.00            19953.14        19953.14       
  66       1               批处理机1           19953.14        20813.14        860.00         
  66       2               离散机10           23251.32        24658.32        1407.00        
  66       3               离散机6            30433.17        31344.17        911.00         
  66       4               离散机9            37859.63        39390.63        1531.00        
  66       5               离散机1            55373.21        56629.21        1256.00        
  66       6               离散机3            65266.71        66850.71        1584.00        

工件 67:
  67       0               打印机3            49004.21        57023.16        8018.95        
  67       1               批处理机1           57023.16        57883.16        860.00         
  67       2               离散机5            57883.16        59081.16        1198.00        
  67       3               离散机6            59792.71        61468.71        1676.00        
  67       4               离散机8            62209.71        63361.71        1152.00        
  67       5               离散机1            63784.71        65345.71        1561.00        
  67       6               离散机5            68494.71        69823.71        1329.00        

工件 68:
  68       0               打印机1            0.00            44074.00        44074.00       
  68       1               批处理机1           44074.00        44934.00        860.00         
  68       2               离散机1            49133.00        50701.00        1568.00        

工件 69:
  69       0               打印机1            0.00            44074.00        44074.00       
  69       1               批处理机1           44074.00        44934.00        860.00         
  69       2               离散机7            44934.00        46379.00        1445.00        
  69       3               离散机5            46379.00        47569.00        1190.00        
  69       4               离散机4            47569.00        49359.00        1790.00        
  69       5               离散机2            59832.16        60989.16        1157.00        

工件 70:
  70       0               打印机3            0.00            20966.32        20966.32       
  70       1               批处理机1           20966.32        21826.32        860.00         
  70       2               离散机6            22918.32        24651.32        1733.00        
  70       3               离散机2            34640.63        36289.63        1649.00        

工件 71:
  71       0               打印机1            0.00            44074.00        44074.00       
  71       1               批处理机1           44074.00        44934.00        860.00         
  71       2               离散机2            47517.00        48496.00        979.00         
  71       3               离散机7            54277.00        55212.00        935.00         
  71       4               离散机8            67375.71        68352.71        977.00         

工件 72:
  72       0               打印机5            24078.17        46069.39        21991.22       
  72       1               批处理机1           46069.39        46929.39        860.00         

工件 73:
  73       0               打印机4            0.00            27960.63        27960.63       
  73       1               批处理机1           27960.63        28820.63        860.00         
  73       2               离散机3            28820.63        29809.63        989.00         
  73       3               离散机5            31727.17        32820.17        1093.00        
  73       4               离散机3            38824.63        39937.63        1113.00        
  73       5               离散机6            54609.21        55844.21        1235.00        

工件 74:
  74       0               打印机5            0.00            24078.17        24078.17       
  74       1               批处理机1           24078.17        24938.17        860.00         
  74       2               离散机3            24938.17        26219.17        1281.00        
  74       3               离散机1            32031.17        33363.17        1332.00        
  74       4               离散机10           33976.63        35577.63        1601.00        
  74       5               离散机10           35577.63        36798.63        1221.00        
  74       6               离散机2            38805.17        40466.17        1661.00        

工件 75:
  75       0               打印机2            19953.14        39692.00        19738.86       
  75       1               批处理机2           39692.00        40606.00        914.00         
  75       2               离散机6            44673.00        45644.00        971.00         

工件 76:
  76       0               打印机5            0.00            24078.17        24078.17       
  76       1               批处理机1           24078.17        24938.17        860.00         
  76       2               离散机4            24938.17        26396.17        1458.00        
  76       3               离散机5            26396.17        27728.17        1332.00        
  76       4               离散机9            36138.63        37859.63        1721.00        
  76       5               离散机3            59649.71        60817.71        1168.00        

工件 77:
  77       0               打印机3            38880.00        49004.21        10124.21       
  77       1               批处理机1           49004.21        49864.21        860.00         
  77       2               离散机8            49864.21        50840.21        976.00         

工件 78:
  78       0               打印机3            0.00            20966.32        20966.32       
  78       1               批处理机1           20966.32        21826.32        860.00         
  78       2               离散机4            21826.32        22975.32        1149.00        
  78       3               离散机7            25776.14        27097.14        1321.00        
  78       4               离散机8            27601.17        28954.17        1353.00        
  78       5               离散机7            30903.17        32394.17        1491.00        
  78       6               离散机8            33755.17        35198.17        1443.00        
  78       7               离散机1            36495.17        37724.17        1229.00        
  78       8               离散机2            37724.17        38805.17        1081.00        
  78       9               离散机8            40085.63        40998.63        913.00         

工件 79:
  79       0               打印机3            20966.32        38880.00        17913.68       
  79       1               批处理机1           38880.00        39740.00        860.00         

工件 80:
  80       0               打印机2            39692.00        57823.71        18131.71       
  80       1               批处理机2           57823.71        58737.71        914.00         
  80       2               离散机8            69445.71        70380.71        935.00         

工件 81:
  81       0               打印机1            0.00            44074.00        44074.00       
  81       1               批处理机1           44074.00        44934.00        860.00         
  81       2               离散机2            44934.00        46182.00        1248.00        

工件 82:
  82       0               打印机4            0.00            27960.63        27960.63       
  82       1               批处理机1           27960.63        28820.63        860.00         
  82       2               离散机10           28820.63        30585.63        1765.00        
  82       3               离散机9            33187.17        34825.17        1638.00        
  82       4               离散机1            34825.17        36495.17        1670.00        
  82       5               离散机8            36495.17        37671.17        1176.00        
  82       6               离散机1            37724.17        38982.17        1258.00        
  82       7               离散机1            69002.71        70274.71        1272.00        
  82       8               离散机4            70274.71        71338.71        1064.00        

工件 83:
  83       0               打印机5            0.00            24078.17        24078.17       
  83       1               批处理机1           24078.17        24938.17        860.00         
  83       2               离散机9            24938.17        26519.17        1581.00        
  83       3               离散机9            26519.17        27840.17        1321.00        
  83       4               离散机2            29562.17        31289.17        1727.00        
  83       5               离散机5            37437.17        38756.17        1319.00        
  83       6               离散机1            38982.17        40134.17        1152.00        

工件 84:
  84       0               打印机3            0.00            20966.32        20966.32       
  84       1               批处理机1           20966.32        21826.32        860.00         
  84       2               离散机2            21826.32        22732.32        906.00         
  84       3               离散机3            27459.17        28443.17        984.00         
  84       4               离散机4            39214.63        40317.63        1103.00        
  84       5               离散机1            40317.63        41646.63        1329.00        
  84       6               离散机9            54426.21        55495.21        1069.00        
  84       7               离散机3            60817.71        62189.71        1372.00        

工件 85:
  85       0               打印机2            57823.71        59241.14        1417.43        
  85       1               批处理机1           59241.14        60101.14        860.00         
  85       2               离散机7            60175.71        61197.71        1022.00        
  85       3               离散机8            61197.71        62209.71        1012.00        
  85       4               离散机6            62209.71        63574.71        1365.00        
  85       5               离散机3            63574.71        65266.71        1692.00        

工件 86:
  86       0               打印机1            0.00            44074.00        44074.00       
  86       1               批处理机1           44074.00        44934.00        860.00         
  86       2               离散机9            45888.00        47003.00        1115.00        
  86       3               离散机10           47003.00        47927.00        924.00         
  86       4               离散机8            47927.00        49448.00        1521.00        
  86       5               离散机1            56629.21        57544.21        915.00         
  86       6               离散机5            59081.16        60073.16        992.00         

工件 87:
  87       0               打印机3            0.00            20966.32        20966.32       
  87       1               批处理机1           20966.32        21826.32        860.00         

工件 88:
  88       0               打印机3            20966.32        38880.00        17913.68       
  88       1               批处理机1           38880.00        39740.00        860.00         
  88       2               离散机5            39740.00        40708.00        968.00         
  88       3               离散机2            43350.00        44363.00        1013.00        
  88       4               离散机10           44363.00        46024.00        1661.00        
  88       5               离散机10           46024.00        46965.00        941.00         
  88       6               离散机3            46965.00        47902.00        937.00         
  88       7               离散机3            56754.21        58261.21        1507.00        
  88       8               离散机8            58760.21        59785.21        1025.00        
  88       9               离散机10           68724.71        70250.71        1526.00        

工件 89:
  89       0               打印机5            24078.17        46069.39        21991.22       
  89       1               批处理机1           46069.39        46929.39        860.00         
  89       2               离散机6            48756.00        49821.00        1065.00        
  89       3               离散机10           51957.21        53331.21        1374.00        
  89       4               离散机6            53331.21        54609.21        1278.00        
  89       5               离散机8            54609.21        56201.21        1592.00        
  89       6               离散机2            58929.16        59832.16        903.00         
  89       7               离散机8            59832.16        60861.16        1029.00        
  89       8               离散机9            60914.71        62513.71        1599.00        

工件 90:
  90       0               打印机2            39692.00        57823.71        18131.71       
  90       1               批处理机2           57823.71        58737.71        914.00         
  90       2               离散机3            58737.71        59649.71        912.00         
  90       3               离散机1            59649.71        60661.71        1012.00        
  90       4               离散机5            63000.71        64779.71        1779.00        
  90       5               离散机5            65941.71        67465.71        1524.00        
  90       6               离散机5            67465.71        68494.71        1029.00        
  90       7               离散机7            69327.71        70530.71        1203.00        
  90       8               离散机10           70530.71        71588.71        1058.00        

工件 91:
  91       0               打印机2            39692.00        57823.71        18131.71       
  91       1               批处理机2           57823.71        58737.71        914.00         
  91       2               离散机6            58737.71        59792.71        1055.00        
  91       3               离散机9            59792.71        60914.71        1122.00        

工件 92:
  92       0               打印机3            0.00            20966.32        20966.32       
  92       1               批处理机1           20966.32        21826.32        860.00         

工件 93:
  93       0               打印机2            39692.00        57823.71        18131.71       
  93       1               批处理机2           57823.71        58737.71        914.00         
  93       2               离散机10           58737.71        60273.71        1536.00        
  93       3               离散机5            60273.71        61417.71        1144.00        
  93       4               离散机4            61417.71        63216.71        1799.00        
  93       5               离散机8            63361.71        65119.71        1758.00        
  93       6               离散机7            65119.71        66481.71        1362.00        

工件 94:
  94       0               打印机4            0.00            27960.63        27960.63       
  94       1               批处理机1           27960.63        28820.63        860.00         
  94       2               离散机4            28820.63        30017.63        1197.00        
  94       3               离散机4            30936.63        31964.63        1028.00        
  94       4               离散机10           31964.63        32873.63        909.00         
  94       5               离散机7            35569.17        36502.17        933.00         
  94       6               离散机8            40998.63        42249.63        1251.00        

工件 95:
  95       0               打印机3            20966.32        38880.00        17913.68       
  95       1               批处理机1           38880.00        39740.00        860.00         
  95       2               离散机7            39740.00        41364.00        1624.00        
  95       3               离散机10           41364.00        43037.00        1673.00        
  95       4               离散机10           43037.00        44018.00        981.00         

工件 96:
  96       0               打印机3            20966.32        38880.00        17913.68       
  96       1               批处理机1           38880.00        39740.00        860.00         
  96       2               离散机2            41957.00        43350.00        1393.00        
  96       3               离散机7            47974.00        49675.00        1701.00        
  96       4               离散机6            49821.00        51044.00        1223.00        
  96       5               离散机10           53331.21        54268.21        937.00         
  96       6               离散机10           56920.21        58162.21        1242.00        
  96       7               离散机8            65119.71        66079.71        960.00         

工件 97:
  97       0               打印机2            0.00            19953.14        19953.14       
  97       1               批处理机1           19953.14        20813.14        860.00         
  97       2               离散机7            24530.14        25776.14        1246.00        
  97       3               离散机8            25978.17        27601.17        1623.00        
  97       4               离散机5            33729.17        34938.17        1209.00        
  97       5               离散机3            43394.63        45144.63        1750.00        
  97       6               离散机8            45203.00        46680.00        1477.00        
  97       7               离散机1            67797.71        69002.71        1205.00        

工件 98:
  98       0               打印机5            0.00            24078.17        24078.17       
  98       1               批处理机1           24078.17        24938.17        860.00         
  98       2               离散机9            29087.17        30236.17        1149.00        
  98       3               离散机5            30236.17        31727.17        1491.00        
  98       4               离散机4            42706.00        44300.00        1594.00        
  98       5               离散机10           67098.71        68724.71        1626.00        

工件 99:
  99       0               打印机1            0.00            44074.00        44074.00       
  99       1               批处理机1           44074.00        44934.00        860.00         
  99       2               离散机9            48749.00        50539.00        1790.00        
  99       3               离散机3            50949.00        52583.00        1634.00        
  99       4               离散机5            52583.00        53906.00        1323.00        

【机器加工顺序记录】
----------------------------------------------------------------------------------------------------

打印机1:
工件号      工序号             开始时间            结束时间            加工时长           
--------------------------------------------------------------------------------
  2        0               0.00            44074.00        44074.00       
  6        0               0.00            44074.00        44074.00       
  9        0               0.00            44074.00        44074.00       
  10       0               0.00            44074.00        44074.00       
  18       0               0.00            44074.00        44074.00       
  25       0               0.00            44074.00        44074.00       
  55       0               0.00            44074.00        44074.00       
  68       0               0.00            44074.00        44074.00       
  69       0               0.00            44074.00        44074.00       
  71       0               0.00            44074.00        44074.00       
  81       0               0.00            44074.00        44074.00       
  86       0               0.00            44074.00        44074.00       
  99       0               0.00            44074.00        44074.00       

  机器利用率: 780.10% (忙碌时间: 572962.00 / 总时间: 73447.71)

打印机2:
工件号      工序号             开始时间            结束时间            加工时长           
--------------------------------------------------------------------------------
  4        0               0.00            19953.14        19953.14       
  8        0               0.00            19953.14        19953.14       
  16       0               0.00            19953.14        19953.14       
  27       0               0.00            19953.14        19953.14       
  28       0               0.00            19953.14        19953.14       
  31       0               0.00            19953.14        19953.14       
  32       0               0.00            19953.14        19953.14       
  33       0               0.00            19953.14        19953.14       
  35       0               0.00            19953.14        19953.14       
  47       0               0.00            19953.14        19953.14       
  66       0               0.00            19953.14        19953.14       
  97       0               0.00            19953.14        19953.14       
  0        0               19953.14        39692.00        19738.86       
  3        0               19953.14        39692.00        19738.86       
  5        0               19953.14        39692.00        19738.86       
  24       0               19953.14        39692.00        19738.86       
  30       0               19953.14        39692.00        19738.86       
  41       0               19953.14        39692.00        19738.86       
  63       0               19953.14        39692.00        19738.86       
  64       0               19953.14        39692.00        19738.86       
  75       0               19953.14        39692.00        19738.86       
  50       0               39692.00        57823.71        18131.71       
  59       0               39692.00        57823.71        18131.71       
  80       0               39692.00        57823.71        18131.71       
  90       0               39692.00        57823.71        18131.71       
  91       0               39692.00        57823.71        18131.71       
  93       0               39692.00        57823.71        18131.71       
  85       0               57823.71        59241.14        1417.43        

  机器利用率: 717.92% (忙碌时间: 527295.14 / 总时间: 73447.71)

打印机3:
工件号      工序号             开始时间            结束时间            加工时长           
--------------------------------------------------------------------------------
  7        0               0.00            20966.32        20966.32       
  12       0               0.00            20966.32        20966.32       
  15       0               0.00            20966.32        20966.32       
  17       0               0.00            20966.32        20966.32       
  21       0               0.00            20966.32        20966.32       
  23       0               0.00            20966.32        20966.32       
  34       0               0.00            20966.32        20966.32       
  46       0               0.00            20966.32        20966.32       
  52       0               0.00            20966.32        20966.32       
  57       0               0.00            20966.32        20966.32       
  58       0               0.00            20966.32        20966.32       
  61       0               0.00            20966.32        20966.32       
  70       0               0.00            20966.32        20966.32       
  78       0               0.00            20966.32        20966.32       
  84       0               0.00            20966.32        20966.32       
  87       0               0.00            20966.32        20966.32       
  92       0               0.00            20966.32        20966.32       
  44       0               20966.32        38880.00        17913.68       
  49       0               20966.32        38880.00        17913.68       
  54       0               20966.32        38880.00        17913.68       
  79       0               20966.32        38880.00        17913.68       
  88       0               20966.32        38880.00        17913.68       
  95       0               20966.32        38880.00        17913.68       
  96       0               20966.32        38880.00        17913.68       
  39       0               38880.00        49004.21        10124.21       
  45       0               38880.00        49004.21        10124.21       
  53       0               38880.00        49004.21        10124.21       
  77       0               38880.00        49004.21        10124.21       
  19       0               49004.21        57023.16        8018.95        
  26       0               49004.21        57023.16        8018.95        
  67       0               49004.21        57023.16        8018.95        
  60       0               57023.16        61989.47        4966.32        

  机器利用率: 750.66% (忙碌时间: 551343.16 / 总时间: 73447.71)

打印机4:
工件号      工序号             开始时间            结束时间            加工时长           
--------------------------------------------------------------------------------
  22       0               0.00            27960.63        27960.63       
  29       0               0.00            27960.63        27960.63       
  40       0               0.00            27960.63        27960.63       
  42       0               0.00            27960.63        27960.63       
  62       0               0.00            27960.63        27960.63       
  65       0               0.00            27960.63        27960.63       
  73       0               0.00            27960.63        27960.63       
  82       0               0.00            27960.63        27960.63       
  94       0               0.00            27960.63        27960.63       

  机器利用率: 342.62% (忙碌时间: 251645.65 / 总时间: 73447.71)

打印机5:
工件号      工序号             开始时间            结束时间            加工时长           
--------------------------------------------------------------------------------
  1        0               0.00            24078.17        24078.17       
  11       0               0.00            24078.17        24078.17       
  14       0               0.00            24078.17        24078.17       
  20       0               0.00            24078.17        24078.17       
  36       0               0.00            24078.17        24078.17       
  37       0               0.00            24078.17        24078.17       
  38       0               0.00            24078.17        24078.17       
  43       0               0.00            24078.17        24078.17       
  48       0               0.00            24078.17        24078.17       
  56       0               0.00            24078.17        24078.17       
  74       0               0.00            24078.17        24078.17       
  76       0               0.00            24078.17        24078.17       
  83       0               0.00            24078.17        24078.17       
  98       0               0.00            24078.17        24078.17       
  13       0               24078.17        46069.39        21991.22       
  51       0               24078.17        46069.39        21991.22       
  72       0               24078.17        46069.39        21991.22       
  89       0               24078.17        46069.39        21991.22       

  机器利用率: 578.72% (忙碌时间: 425059.30 / 总时间: 73447.71)

批处理机1:
工件号      工序号             开始时间            结束时间            加工时长           
--------------------------------------------------------------------------------
  4        1               19953.14        20813.14        860.00         
  8        1               19953.14        20813.14        860.00         
  16       1               19953.14        20813.14        860.00         
  27       1               19953.14        20813.14        860.00         
  28       1               19953.14        20813.14        860.00         
  31       1               19953.14        20813.14        860.00         
  32       1               19953.14        20813.14        860.00         
  33       1               19953.14        20813.14        860.00         
  35       1               19953.14        20813.14        860.00         
  47       1               19953.14        20813.14        860.00         
  66       1               19953.14        20813.14        860.00         
  97       1               19953.14        20813.14        860.00         
  7        1               20966.32        21826.32        860.00         
  12       1               20966.32        21826.32        860.00         
  15       1               20966.32        21826.32        860.00         
  17       1               20966.32        21826.32        860.00         
  21       1               20966.32        21826.32        860.00         
  23       1               20966.32        21826.32        860.00         
  34       1               20966.32        21826.32        860.00         
  46       1               20966.32        21826.32        860.00         
  52       1               20966.32        21826.32        860.00         
  57       1               20966.32        21826.32        860.00         
  58       1               20966.32        21826.32        860.00         
  61       1               20966.32        21826.32        860.00         
  70       1               20966.32        21826.32        860.00         
  78       1               20966.32        21826.32        860.00         
  84       1               20966.32        21826.32        860.00         
  87       1               20966.32        21826.32        860.00         
  92       1               20966.32        21826.32        860.00         
  1        1               24078.17        24938.17        860.00         
  11       1               24078.17        24938.17        860.00         
  14       1               24078.17        24938.17        860.00         
  20       1               24078.17        24938.17        860.00         
  36       1               24078.17        24938.17        860.00         
  37       1               24078.17        24938.17        860.00         
  38       1               24078.17        24938.17        860.00         
  43       1               24078.17        24938.17        860.00         
  48       1               24078.17        24938.17        860.00         
  56       1               24078.17        24938.17        860.00         
  74       1               24078.17        24938.17        860.00         
  76       1               24078.17        24938.17        860.00         
  83       1               24078.17        24938.17        860.00         
  98       1               24078.17        24938.17        860.00         
  22       1               27960.63        28820.63        860.00         
  29       1               27960.63        28820.63        860.00         
  40       1               27960.63        28820.63        860.00         
  42       1               27960.63        28820.63        860.00         
  62       1               27960.63        28820.63        860.00         
  65       1               27960.63        28820.63        860.00         
  73       1               27960.63        28820.63        860.00         
  82       1               27960.63        28820.63        860.00         
  94       1               27960.63        28820.63        860.00         
  44       1               38880.00        39740.00        860.00         
  49       1               38880.00        39740.00        860.00         
  54       1               38880.00        39740.00        860.00         
  79       1               38880.00        39740.00        860.00         
  88       1               38880.00        39740.00        860.00         
  95       1               38880.00        39740.00        860.00         
  96       1               38880.00        39740.00        860.00         
  2        1               44074.00        44934.00        860.00         
  6        1               44074.00        44934.00        860.00         
  9        1               44074.00        44934.00        860.00         
  10       1               44074.00        44934.00        860.00         
  18       1               44074.00        44934.00        860.00         
  25       1               44074.00        44934.00        860.00         
  55       1               44074.00        44934.00        860.00         
  68       1               44074.00        44934.00        860.00         
  69       1               44074.00        44934.00        860.00         
  71       1               44074.00        44934.00        860.00         
  81       1               44074.00        44934.00        860.00         
  86       1               44074.00        44934.00        860.00         
  99       1               44074.00        44934.00        860.00         
  13       1               46069.39        46929.39        860.00         
  51       1               46069.39        46929.39        860.00         
  72       1               46069.39        46929.39        860.00         
  89       1               46069.39        46929.39        860.00         
  39       1               49004.21        49864.21        860.00         
  45       1               49004.21        49864.21        860.00         
  53       1               49004.21        49864.21        860.00         
  77       1               49004.21        49864.21        860.00         
  19       1               57023.16        57883.16        860.00         
  26       1               57023.16        57883.16        860.00         
  67       1               57023.16        57883.16        860.00         
  85       1               59241.14        60101.14        860.00         
  60       1               61989.47        62849.47        860.00         

  机器利用率: 99.53% (忙碌时间: 73100.00 / 总时间: 73447.71)

批处理机2:
工件号      工序号             开始时间            结束时间            加工时长           
--------------------------------------------------------------------------------
  0        1               39692.00        40606.00        914.00         
  3        1               39692.00        40606.00        914.00         
  5        1               39692.00        40606.00        914.00         
  24       1               39692.00        40606.00        914.00         
  30       1               39692.00        40606.00        914.00         
  41       1               39692.00        40606.00        914.00         
  63       1               39692.00        40606.00        914.00         
  64       1               39692.00        40606.00        914.00         
  75       1               39692.00        40606.00        914.00         
  50       1               57823.71        58737.71        914.00         
  59       1               57823.71        58737.71        914.00         
  80       1               57823.71        58737.71        914.00         
  90       1               57823.71        58737.71        914.00         
  91       1               57823.71        58737.71        914.00         
  93       1               57823.71        58737.71        914.00         

  机器利用率: 18.67% (忙碌时间: 13710.00 / 总时间: 73447.71)

离散机1:
工件号      工序号             开始时间            结束时间            加工时长           
--------------------------------------------------------------------------------
  33       2               20813.14        21732.14        919.00         
  33       3               21732.14        23062.14        1330.00        
  35       3               23062.14        24380.14        1318.00        
  4        3               24380.14        25821.14        1441.00        
  11       3               25920.17        27132.17        1212.00        
  37       2               27132.17        28817.17        1685.00        
  38       4               28835.17        29792.17        957.00         
  43       4               29792.17        30704.17        912.00         
  21       2               30704.17        32031.17        1327.00        
  74       3               32031.17        33363.17        1332.00        
  7        3               33363.17        34368.17        1005.00        
  82       4               34825.17        36495.17        1670.00        
  78       7               36495.17        37724.17        1229.00        
  82       6               37724.17        38982.17        1258.00        
  83       6               38982.17        40134.17        1152.00        
  84       5               40317.63        41646.63        1329.00        
  21       5               41646.63        42998.63        1352.00        
  64       4               43382.00        44750.00        1368.00        
  2        2               44934.00        46552.00        1618.00        
  3        3               46552.00        47508.00        956.00         
  8        7               47508.00        49133.00        1625.00        
  68       2               49133.00        50701.00        1568.00        
  45       3               51029.21        52570.21        1541.00        
  53       3               52570.21        54089.21        1519.00        
  53       4               54089.21        55373.21        1284.00        
  66       5               55373.21        56629.21        1256.00        
  86       5               56629.21        57544.21        915.00         
  63       5               57760.21        59488.21        1728.00        
  90       3               59649.71        60661.71        1012.00        
  43       8               60661.71        62188.71        1527.00        
  21       6               62188.71        63784.71        1596.00        
  67       5               63784.71        65345.71        1561.00        
  38       6               65345.71        66578.71        1233.00        
  46       5               66578.71        67797.71        1219.00        
  97       7               67797.71        69002.71        1205.00        
  82       7               69002.71        70274.71        1272.00        
  36       6               70274.71        71472.71        1198.00        

  机器利用率: 66.21% (忙碌时间: 48629.00 / 总时间: 73447.71)

离散机2:
工件号      工序号             开始时间            结束时间            加工时长           
--------------------------------------------------------------------------------
  35       2               20813.14        21754.14        941.00         
  84       2               21826.32        22732.32        906.00         
  58       3               23587.32        24564.32        977.00         
  56       2               24938.17        26725.17        1787.00        
  20       3               27459.17        28385.17        926.00         
  57       2               28385.17        29562.17        1177.00        
  83       4               29562.17        31289.17        1727.00        
  7        2               31289.17        32595.17        1306.00        
  31       3               32595.17        33531.17        936.00         
  27       7               33621.63        34640.63        1019.00        
  70       3               34640.63        36289.63        1649.00        
  29       2               36289.63        37577.63        1288.00        
  78       8               37724.17        38805.17        1081.00        
  74       6               38805.17        40466.17        1661.00        
  64       2               40606.00        41957.00        1351.00        
  96       2               41957.00        43350.00        1393.00        
  88       3               43350.00        44363.00        1013.00        
  81       2               44934.00        46182.00        1248.00        
  30       2               46182.00        47517.00        1335.00        
  71       2               47517.00        48496.00        979.00         
  63       2               48496.00        49690.00        1194.00        
  53       2               49864.21        51216.21        1352.00        
  0        3               51216.21        52786.21        1570.00        
  39       4               52886.21        54288.21        1402.00        
  45       5               54288.21        55427.21        1139.00        
  63       3               55427.21        56394.21        967.00         
  42       8               56394.21        57482.21        1088.00        
  19       2               57883.16        58929.16        1046.00        
  89       6               58929.16        59832.16        903.00         
  69       5               59832.16        60989.16        1157.00        
  23       6               60989.16        62507.16        1518.00        
  50       4               63000.71        64214.71        1214.00        
  35       7               64214.71        65513.71        1299.00        
  39       7               65513.71        66644.71        1131.00        

  机器利用率: 56.75% (忙碌时间: 41680.00 / 总时间: 73447.71)

离散机3:
工件号      工序号             开始时间            结束时间            加工时长           
--------------------------------------------------------------------------------
  27       2               20813.14        21819.14        1006.00        
  23       2               21826.32        23322.32        1496.00        
  16       2               23322.32        24528.32        1206.00        
  74       2               24938.17        26219.17        1281.00        
  20       2               26219.17        27459.17        1240.00        
  84       3               27459.17        28443.17        984.00         
  73       2               28820.63        29809.63        989.00         
  8        2               29809.63        31541.63        1732.00        
  62       2               31541.63        32525.63        984.00         
  27       6               32525.63        33621.63        1096.00        
  56       3               33621.63        34586.63        965.00         
  47       4               34586.63        35974.63        1388.00        
  37       5               35974.63        37134.63        1160.00        
  31       4               37134.63        38824.63        1690.00        
  73       4               38824.63        39937.63        1113.00        
  32       3               39937.63        40945.63        1008.00        
  32       4               40945.63        42153.63        1208.00        
  41       2               42153.63        43394.63        1241.00        
  97       5               43394.63        45144.63        1750.00        
  23       5               45144.63        46293.63        1149.00        
  88       6               46965.00        47902.00        937.00         
  9        3               47974.00        49328.00        1354.00        
  9        4               49328.00        50949.00        1621.00        
  99       3               50949.00        52583.00        1634.00        
  3        5               52583.00        54167.00        1584.00        
  46       4               54167.00        55069.00        902.00         
  2        4               55668.21        56754.21        1086.00        
  88       7               56754.21        58261.21        1507.00        
  90       2               58737.71        59649.71        912.00         
  76       5               59649.71        60817.71        1168.00        
  84       7               60817.71        62189.71        1372.00        
  29       3               62189.71        63364.71        1175.00        
  85       5               63574.71        65266.71        1692.00        
  66       6               65266.71        66850.71        1584.00        
  21       8               66850.71        68161.71        1311.00        
  50       8               68264.71        69540.71        1276.00        
  13       4               69540.71        71026.71        1486.00        

  机器利用率: 64.38% (忙碌时间: 47287.00 / 总时间: 73447.71)

离散机4:
工件号      工序号             开始时间            结束时间            加工时长           
--------------------------------------------------------------------------------
  78       2               21826.32        22975.32        1149.00        
  23       3               23322.32        24507.32        1185.00        
  76       2               24938.17        26396.17        1458.00        
  36       2               26396.17        27699.17        1303.00        
  94       2               28820.63        30017.63        1197.00        
  42       2               30017.63        30936.63        919.00         
  94       3               30936.63        31964.63        1028.00        
  11       5               31964.63        33750.63        1786.00        
  8        3               33750.63        34847.63        1097.00        
  48       3               34847.63        36334.63        1487.00        
  43       6               36334.63        37678.63        1344.00        
  46       3               37678.63        39214.63        1536.00        
  84       4               39214.63        40317.63        1103.00        
  8        5               40317.63        41287.63        970.00         
  5        3               41776.00        42706.00        930.00         
  98       4               42706.00        44300.00        1594.00        
  20       4               44300.00        45571.00        1271.00        
  42       7               45571.00        46605.00        1034.00        
  69       4               47569.00        49359.00        1790.00        
  13       2               49359.00        50293.00        934.00         
  55       5               50293.00        51355.00        1062.00        
  48       4               51355.00        52428.00        1073.00        
  45       4               52570.21        53938.21        1368.00        
  2        3               53938.21        55668.21        1730.00        
  63       4               56394.21        57760.21        1366.00        
  9        7               57760.21        58674.21        914.00         
  40       4               58674.21        59757.21        1083.00        
  8        8               59757.21        61103.21        1346.00        
  93       4               61417.71        63216.71        1799.00        
  59       5               64051.71        64997.71        946.00         
  9        9               64997.71        66474.71        1477.00        
  45       8               66474.71        67392.71        918.00         
  35       8               67392.71        68706.71        1314.00        
  36       5               68706.71        70185.71        1479.00        
  82       8               70274.71        71338.71        1064.00        

  机器利用率: 59.98% (忙碌时间: 44054.00 / 总时间: 73447.71)

离散机5:
工件号      工序号             开始时间            结束时间            加工时长           
--------------------------------------------------------------------------------
  11       2               24938.17        25920.17        982.00         
  76       3               26396.17        27728.17        1332.00        
  38       3               27728.17        28835.17        1107.00        
  65       2               28835.17        29940.17        1105.00        
  98       3               30236.17        31727.17        1491.00        
  73       3               31727.17        32820.17        1093.00        
  40       2               32820.17        33729.17        909.00         
  97       4               33729.17        34938.17        1209.00        
  42       5               34938.17        36523.17        1585.00        
  27       8               36523.17        37437.17        914.00         
  83       5               37437.17        38756.17        1319.00        
  11       6               38756.17        39661.17        905.00         
  88       2               39740.00        40708.00        968.00         
  0        2               40708.00        42134.00        1426.00        
  24       2               42134.00        43870.00        1736.00        
  8        6               43870.00        45050.00        1180.00        
  32       5               45050.00        46275.00        1225.00        
  69       3               46379.00        47569.00        1190.00        
  14       2               47569.00        48577.00        1008.00        
  20       5               48577.00        50095.00        1518.00        
  35       5               50095.00        51051.00        956.00         
  16       3               51051.00        52518.00        1467.00        
  99       4               52583.00        53906.00        1323.00        
  57       3               53906.00        55203.00        1297.00        
  39       6               55981.21        56891.21        910.00         
  67       2               57883.16        59081.16        1198.00        
  86       6               59081.16        60073.16        992.00         
  93       3               60273.71        61417.71        1144.00        
  50       3               61417.71        63000.71        1583.00        
  90       4               63000.71        64779.71        1779.00        
  50       5               64779.71        65941.71        1162.00        
  90       5               65941.71        67465.71        1524.00        
  90       6               67465.71        68494.71        1029.00        
  67       6               68494.71        69823.71        1329.00        
  45       9               69823.71        71078.71        1255.00        
  43       9               71078.71        72242.71        1164.00        

  机器利用率: 60.33% (忙碌时间: 44314.00 / 总时间: 73447.71)

离散机6:
工件号      工序号             开始时间            结束时间            加工时长           
--------------------------------------------------------------------------------
  4        2               20813.14        21825.14        1012.00        
  52       2               21826.32        22918.32        1092.00        
  70       2               22918.32        24651.32        1733.00        
  38       2               24938.17        25983.17        1045.00        
  1        2               25983.17        27592.17        1609.00        
  1        3               27592.17        29229.17        1637.00        
  48       2               29229.17        30433.17        1204.00        
  66       3               30433.17        31344.17        911.00         
  42       3               31344.17        32501.17        1157.00        
  37       3               32501.17        33511.17        1010.00        
  4        4               33511.17        35309.17        1798.00        
  4        5               35309.17        36293.17        984.00         
  37       6               37134.63        38290.63        1156.00        
  5        2               40606.00        41776.00        1170.00        
  3        2               41776.00        42934.00        1158.00        
  54       2               42934.00        44673.00        1739.00        
  75       2               44673.00        45644.00        971.00         
  55       3               45888.00        47334.00        1446.00        
  25       2               47334.00        48756.00        1422.00        
  89       2               48756.00        49821.00        1065.00        
  96       4               49821.00        51044.00        1223.00        
  3        4               51044.00        51989.00        945.00         
  55       6               51989.00        52933.00        944.00         
  89       4               53331.21        54609.21        1278.00        
  73       5               54609.21        55844.21        1235.00        
  1        6               55844.21        57354.21        1510.00        
  45       7               57354.21        58325.21        971.00         
  91       2               58737.71        59792.71        1055.00        
  67       3               59792.71        61468.71        1676.00        
  85       4               62209.71        63574.71        1365.00        
  55       7               63574.71        65105.71        1531.00        
  8        9               65105.71        66718.71        1613.00        
  59       6               66718.71        68416.71        1698.00        
  47       6               68416.71        70173.71        1757.00        

  机器利用率: 60.07% (忙碌时间: 44120.00 / 总时间: 73447.71)

离散机7:
工件号      工序号             开始时间            结束时间            加工时长           
--------------------------------------------------------------------------------
  47       2               20813.14        22530.14        1717.00        
  61       2               22530.14        23454.14        924.00         
  27       3               23454.14        24530.14        1076.00        
  97       2               24530.14        25776.14        1246.00        
  78       3               25776.14        27097.14        1321.00        
  11       4               27132.17        28288.17        1156.00        
  33       4               28288.17        29806.17        1518.00        
  31       2               29806.17        30903.17        1097.00        
  78       5               30903.17        32394.17        1491.00        
  42       4               32501.17        33815.17        1314.00        
  37       4               33815.17        35569.17        1754.00        
  94       5               35569.17        36502.17        933.00         
  42       6               36523.17        38136.17        1613.00        
  40       3               38136.17        39628.17        1492.00        
  95       2               39740.00        41364.00        1624.00        
  62       3               41364.00        42521.00        1157.00        
  31       5               42521.00        43606.00        1085.00        
  61       3               43606.00        44635.00        1029.00        
  69       2               44934.00        46379.00        1445.00        
  9        2               46379.00        47974.00        1595.00        
  96       3               47974.00        49675.00        1701.00        
  64       5               49675.00        50955.00        1280.00        
  35       6               51051.00        52052.00        1001.00        
  64       6               52052.00        53256.00        1204.00        
  11       7               53256.00        54277.00        1021.00        
  71       3               54277.00        55212.00        935.00         
  3        6               55212.00        56527.00        1315.00        
  44       4               56858.21        58163.21        1305.00        
  50       2               58737.71        60175.71        1438.00        
  85       2               60175.71        61197.71        1022.00        
  59       3               61632.71        62922.71        1290.00        
  21       7               63784.71        64971.71        1187.00        
  93       6               65119.71        66481.71        1362.00        
  50       7               67098.71        68264.71        1166.00        
  39       8               68264.71        69327.71        1063.00        
  90       7               69327.71        70530.71        1203.00        
  55       9               70530.71        71655.71        1125.00        
  50       9               71655.71        73447.71        1792.00        

  机器利用率: 66.71% (忙碌时间: 48997.00 / 总时间: 73447.71)

离散机8:
工件号      工序号             开始时间            结束时间            加工时长           
--------------------------------------------------------------------------------
  47       3               22530.14        23539.14        1009.00        
  46       2               23539.14        24804.14        1265.00        
  43       2               24938.17        25978.17        1040.00        
  97       3               25978.17        27601.17        1623.00        
  78       4               27601.17        28954.17        1353.00        
  36       3               28954.17        30305.17        1351.00        
  43       5               30704.17        32236.17        1532.00        
  1        4               32236.17        33755.17        1519.00        
  78       6               33755.17        35198.17        1443.00        
  36       4               35198.17        36342.17        1144.00        
  82       5               36495.17        37671.17        1176.00        
  43       7               37678.63        38891.63        1213.00        
  47       5               38891.63        40085.63        1194.00        
  78       9               40085.63        40998.63        913.00         
  94       6               40998.63        42249.63        1251.00        
  4        6               42249.63        43215.63        966.00         
  24       3               43870.00        45203.00        1333.00        
  97       6               45203.00        46680.00        1477.00        
  18       2               46680.00        47599.00        919.00         
  86       4               47927.00        49448.00        1521.00        
  77       2               49864.21        50840.21        976.00         
  39       2               50840.21        51974.21        1134.00        
  39       3               51974.21        52886.21        912.00         
  13       3               52886.21        54293.21        1407.00        
  89       5               54609.21        56201.21        1592.00        
  25       3               56201.21        57255.21        1054.00        
  1        7               57354.21        58760.21        1406.00        
  88       8               58760.21        59785.21        1025.00        
  89       7               59832.16        60861.16        1029.00        
  85       3               61197.71        62209.71        1012.00        
  67       4               62209.71        63361.71        1152.00        
  93       5               63361.71        65119.71        1758.00        
  96       7               65119.71        66079.71        960.00         
  10       2               66079.71        67375.71        1296.00        
  71       4               67375.71        68352.71        977.00         
  30       3               68352.71        69445.71        1093.00        
  80       2               69445.71        70380.71        935.00         

  机器利用率: 61.21% (忙碌时间: 44960.00 / 总时间: 73447.71)

离散机9:
工件号      工序号             开始时间            结束时间            加工时长           
--------------------------------------------------------------------------------
  58       2               21826.32        23587.32        1761.00        
  32       2               23587.32        24885.32        1298.00        
  83       2               24938.17        26519.17        1581.00        
  83       3               26519.17        27840.17        1321.00        
  43       3               27840.17        29087.17        1247.00        
  98       2               29087.17        30236.17        1149.00        
  27       5               30236.17        31564.17        1328.00        
  17       3               31564.17        33187.17        1623.00        
  82       3               33187.17        34825.17        1638.00        
  8        4               34847.63        36138.63        1291.00        
  76       4               36138.63        37859.63        1721.00        
  66       4               37859.63        39390.63        1531.00        
  21       4               39390.63        40508.63        1118.00        
  38       5               40508.63        41922.63        1414.00        
  64       3               41957.00        43382.00        1425.00        
  35       4               43382.00        44832.00        1450.00        
  55       2               44934.00        45888.00        954.00         
  86       2               45888.00        47003.00        1115.00        
  55       4               47334.00        48749.00        1415.00        
  99       2               48749.00        50539.00        1790.00        
  6        2               50539.00        51957.00        1418.00        
  9        6               51957.21        53412.21        1455.00        
  1        5               53412.21        54426.21        1014.00        
  84       6               54426.21        55495.21        1069.00        
  44       3               55495.21        56858.21        1363.00        
  53       5               56858.21        57758.21        900.00         
  37       7               57758.21        58673.21        915.00         
  9        8               58674.21        59583.21        909.00         
  91       3               59792.71        60914.71        1122.00        
  89       8               60914.71        62513.71        1599.00        
  59       4               62922.71        64051.71        1129.00        
  3        7               64051.71        65066.71        1015.00        
  55       8               65105.71        66151.71        1046.00        
  48       5               66151.71        67239.71        1088.00        

  机器利用率: 60.20% (忙碌时间: 44212.00 / 总时间: 73447.71)

离散机10:
工件号      工序号             开始时间            结束时间            加工时长           
--------------------------------------------------------------------------------
  17       2               21826.32        23251.32        1425.00        
  66       2               23251.32        24658.32        1407.00        
  15       2               24658.32        25558.32        900.00         
  27       4               25558.32        27227.32        1669.00        
  23       4               27227.32        28628.32        1401.00        
  82       2               28820.63        30585.63        1765.00        
  52       3               30585.63        31957.63        1372.00        
  94       4               31964.63        32873.63        909.00         
  21       3               32873.63        33976.63        1103.00        
  74       4               33976.63        35577.63        1601.00        
  74       5               35577.63        36798.63        1221.00        
  7        4               36798.63        38459.63        1661.00        
  34       2               38459.63        39507.63        1048.00        
  49       2               39740.00        40753.00        1013.00        
  95       3               41364.00        43037.00        1673.00        
  95       4               43037.00        44018.00        981.00         
  88       4               44363.00        46024.00        1661.00        
  88       5               46024.00        46965.00        941.00         
  86       3               47003.00        47927.00        924.00         
  44       2               47927.00        49290.00        1363.00        
  45       2               49864.21        51029.21        1165.00        
  9        5               51029.21        51957.21        928.00         
  89       3               51957.21        53331.21        1374.00        
  96       5               53331.21        54268.21        937.00         
  39       5               54288.21        55981.21        1693.00        
  45       6               55981.21        56920.21        939.00         
  96       6               56920.21        58162.21        1242.00        
  93       2               58737.71        60273.71        1536.00        
  59       2               60273.71        61632.71        1359.00        
  19       3               61632.71        63346.71        1714.00        
  63       6               63346.71        64394.71        1048.00        
  1        8               64394.71        65766.71        1372.00        
  50       6               65941.71        67098.71        1157.00        
  98       5               67098.71        68724.71        1626.00        
  88       9               68724.71        70250.71        1526.00        
  90       8               70530.71        71588.71        1058.00        

  机器利用率: 63.60% (忙碌时间: 46712.00 / 总时间: 73447.71)

【打印批次详细信息】
----------------------------------------------------------------------------------------------------

打印机 1 (尺寸: 957.0 x 596.0 x 579.0):
--------------------------------------------------------------------------------
  批次 1: 零件数=13, 占用率=71.08%
    - 6: 尺寸 149.0 x 112.0 x 40.0
    - 25: 尺寸 65.0 x 159.0 x 45.0
    - 10: 尺寸 526.0 x 221.0 x 54.0
    - 18: 尺寸 216.0 x 234.0 x 16.0
    - 69: 尺寸 137.0 x 481.0 x 22.0
    - 9: 尺寸 64.0 x 137.0 x 30.0
    - 86: 尺寸 93.0 x 70.0 x 47.0
    - 2: 尺寸 175.0 x 111.0 x 46.0
    - 71: 尺寸 100.0 x 89.0 x 40.0
    - 99: 尺寸 84.0 x 201.0 x 92.0
    - 81: 尺寸 51.0 x 208.0 x 81.0
    - 55: 尺寸 143.0 x 334.0 x 35.0
    - 68: 尺寸 99.0 x 271.0 x 70.0

打印机 2 (尺寸: 1124.0 x 456.0 x 584.0):
--------------------------------------------------------------------------------
  批次 1: 零件数=12, 占用率=92.38%
    - 47: 尺寸 191.0 x 126.0 x 97.0
    - 33: 尺寸 144.0 x 67.0 x 66.0
    - 8: 尺寸 407.0 x 81.0 x 58.0
    - 97: 尺寸 355.0 x 350.0 x 26.0
    - 66: 尺寸 160.0 x 213.0 x 61.0
    - 16: 尺寸 394.0 x 250.0 x 50.0
    - 31: 尺寸 182.0 x 307.0 x 59.0
    - 27: 尺寸 166.0 x 140.0 x 144.0
    - 4: 尺寸 138.0 x 88.0 x 40.0
    - 28: 尺寸 208.0 x 100.0 x 147.0
    - 32: 尺寸 275.0 x 87.0 x 181.0
    - 35: 尺寸 136.0 x 103.0 x 183.0
  批次 2: 零件数=9, 占用率=88.00%
    - 0: 尺寸 458.0 x 214.0 x 180.0
    - 24: 尺寸 631.0 x 198.0 x 134.0
    - 75: 尺寸 236.0 x 173.0 x 180.0
    - 5: 尺寸 411.0 x 166.0 x 51.0
    - 64: 尺寸 457.0 x 84.0 x 46.0
    - 3: 尺寸 307.0 x 122.0 x 181.0
    - 63: 尺寸 151.0 x 157.0 x 101.0
    - 41: 尺寸 68.0 x 64.0 x 181.0
    - 30: 尺寸 168.0 x 90.0 x 30.0
  批次 3: 零件数=6, 占用率=73.00%
    - 80: 尺寸 261.0 x 341.0 x 66.0
    - 90: 尺寸 123.0 x 108.0 x 67.0
    - 93: 尺寸 329.0 x 189.0 x 58.0
    - 91: 尺寸 385.0 x 191.0 x 130.0
    - 59: 尺寸 310.0 x 218.0 x 166.0
    - 50: 尺寸 280.0 x 245.0 x 30.0
  批次 4: 零件数=1, 占用率=13.75%
    - 85: 尺寸 470.0 x 150.0 x 10.0

打印机 3 (尺寸: 1141.0 x 406.0 x 586.0):
--------------------------------------------------------------------------------
  批次 1: 零件数=17, 占用率=92.63%
    - 58: 尺寸 140.0 x 158.0 x 160.0
    - 23: 尺寸 77.0 x 90.0 x 62.0
    - 92: 尺寸 276.0 x 82.0 x 98.0
    - 61: 尺寸 590.0 x 235.0 x 157.0
    - 12: 尺寸 57.0 x 127.0 x 18.0
    - 15: 尺寸 173.0 x 148.0 x 118.0
    - 57: 尺寸 100.0 x 136.0 x 195.0
    - 46: 尺寸 75.0 x 65.0 x 76.0
    - 21: 尺寸 56.0 x 56.0 x 90.0
    - 84: 尺寸 137.0 x 157.0 x 172.0
    - 17: 尺寸 131.0 x 122.0 x 194.0
    - 34: 尺寸 86.0 x 136.0 x 117.0
    - 87: 尺寸 126.0 x 152.0 x 25.0
    - 78: 尺寸 209.0 x 147.0 x 48.0
    - 7: 尺寸 417.0 x 151.0 x 114.0
    - 70: 尺寸 149.0 x 86.0 x 68.0
    - 52: 尺寸 104.0 x 91.0 x 195.0
  批次 2: 零件数=7, 占用率=90.69%
    - 44: 尺寸 303.0 x 225.0 x 166.0
    - 54: 尺寸 155.0 x 225.0 x 122.0
    - 88: 尺寸 666.0 x 246.0 x 85.0
    - 95: 尺寸 219.0 x 126.0 x 128.0
    - 49: 尺寸 123.0 x 122.0 x 85.0
    - 96: 尺寸 433.0 x 159.0 x 166.0
    - 79: 尺寸 329.0 x 127.0 x 58.0
  批次 3: 零件数=4, 占用率=66.18%
    - 53: 尺寸 300.0 x 280.0 x 70.0
    - 39: 尺寸 481.0 x 294.0 x 92.0
    - 45: 尺寸 248.0 x 191.0 x 28.0
    - 77: 尺寸 86.0 x 393.0 x 65.0
  批次 4: 零件数=3, 占用率=52.09%
    - 67: 尺寸 465.0 x 199.0 x 40.0
    - 19: 尺寸 455.0 x 177.0 x 72.0
    - 26: 尺寸 446.0 x 153.0 x 38.0
  批次 5: 零件数=1, 占用率=49.40%
    - 60: 尺寸 679.0 x 337.0 x 43.0

打印机 4 (尺寸: 844.0 x 411.0 x 558.0):
--------------------------------------------------------------------------------
  批次 1: 零件数=9, 占用率=70.61%
    - 42: 尺寸 211.0 x 154.0 x 51.0
    - 40: 尺寸 309.0 x 285.0 x 59.0
    - 73: 尺寸 160.0 x 70.0 x 67.0
    - 65: 尺寸 61.0 x 110.0 x 26.0
    - 94: 尺寸 85.0 x 207.0 x 12.0
    - 82: 尺寸 166.0 x 72.0 x 40.0
    - 29: 尺寸 55.0 x 143.0 x 86.0
    - 62: 尺寸 133.0 x 81.0 x 20.0
    - 22: 尺寸 470.0 x 124.0 x 91.0

打印机 5 (尺寸: 1186.0 x 565.0 x 605.0):
--------------------------------------------------------------------------------
  批次 1: 零件数=14, 占用率=91.95%
    - 38: 尺寸 312.0 x 122.0 x 17.0
    - 43: 尺寸 364.0 x 157.0 x 88.0
    - 11: 尺寸 477.0 x 219.0 x 24.0
    - 20: 尺寸 292.0 x 152.0 x 22.0
    - 83: 尺寸 321.0 x 248.0 x 60.0
    - 98: 尺寸 63.0 x 195.0 x 31.0
    - 74: 尺寸 480.0 x 87.0 x 102.0
    - 76: 尺寸 212.0 x 171.0 x 38.0
    - 37: 尺寸 80.0 x 155.0 x 14.0
    - 14: 尺寸 419.0 x 243.0 x 67.0
    - 36: 尺寸 103.0 x 159.0 x 99.0
    - 1: 尺寸 219.0 x 159.0 x 89.0
    - 48: 尺寸 119.0 x 118.0 x 75.0
    - 56: 尺寸 242.0 x 94.0 x 22.0
  批次 2: 零件数=4, 占用率=64.61%
    - 51: 尺寸 705.0 x 337.0 x 33.0
    - 89: 尺寸 456.0 x 194.0 x 89.0
    - 72: 尺寸 205.0 x 214.0 x 93.0
    - 13: 尺寸 197.0 x 320.0 x 13.0

════════════════════════════════════════════════════════════════
