════════════════════════════════════════════════════════════════
              最优Cmax解的详细调度记录
════════════════════════════════════════════════════════════════

【基本信息】
----------------------------------------------------------------------------------------------------
Cmax (最大完工时间): 83833.61
能耗: 901.84 kWh
装箱质量: 0.2183
批次总数: 12
工件数量: 100
机器数量: 17 (打印机:5, 批处理机:2, 离散机:10)

【染色体编码】
----------------------------------------------------------------------------------------------------
工序序列 (OS): [45, 12, 36, 61, 43, 72, 83, 78, 68, 37, 54, 2, 64, 5, 24, 97, 73, 34, 29, 31, 33, 71, 0, 82, 88, 3, 8, 17, 89, 11, 39, 94, 26, 57, 20, 30, 48, 53, 6, 25, 67, 44, 1, 86, 10, 50, 58, 47, 49, 92, 21, 42, 66, 93, 77, 60, 46, 95, 74, 96, 51, 76, 22, 27, 32, 18, 40, 59, 87, 90, 16, 70, 91, 38, 19, 65, 52, 28, 41, 69, 55, 79, 84, 23, 85, 56, 9, 7, 35, 13, 80, 14, 62, 81, 75, 4, 15, 99, 63, 98, 26, 18, 20, 23, 14, 10, 9, 8, 64, 56, 21, 9, 39, 78, 52, 4, 4, 34, 74, 69, 74, 19, 44, 71, 33, 42, 80, 18, 34, 85, 40, 78, 52, 30, 75, 67, 91, 76, 72, 89, 48, 99, 65, 18, 90, 78, 81, 74, 38, 75, 51, 63, 52, 78, 71, 63, 77, 77, 78, 54, 69, 34, 22, 77, 12, 80, 64, 46, 4, 66, 85, 21, 65, 64, 15, 9, 78, 66, 21, 69, 67, 20, 29, 30, 8, 27, 62, 11, 31, 98, 75, 99, 52, 39, 37, 9, 51, 76, 86, 16, 20, 41, 75, 74, 86, 6, 48, 9, 38, 56, 22, 25, 58, 9, 45, 19, 14, 88, 86, 36, 8, 45, 7, 58, 12, 58, 20, 59, 33, 69, 69, 71, 40, 35, 31, 76, 13, 23, 19, 89, 22, 29, 75, 40, 48, 30, 70, 81, 38, 25, 84, 85, 99, 30, 89, 88, 92, 72, 11, 99, 11, 12, 90, 51, 30, 81, 94, 33, 84, 82, 7, 37, 58, 38, 77, 45, 5, 94, 85, 91, 51, 18, 90, 81, 36, 18, 92, 19, 27, 63, 97, 63, 85, 6, 94, 76, 50, 73, 69, 81, 24, 16, 53, 30, 98, 20, 24, 66, 23, 19, 63, 84, 86, 38, 70, 34, 71, 23, 66, 91, 95, 33, 51, 49, 79, 29, 71, 73, 44, 88, 41, 60, 8, 85, 33, 71, 90, 53, 27, 23, 45, 48, 56, 98, 8, 20, 69, 39, 46, 11, 94, 49, 81, 40, 67, 21, 56, 23, 69, 6, 29, 92, 8, 56, 54, 94, 36, 78, 36, 87, 74, 99, 98, 91, 95, 18, 22, 58, 16, 39, 40, 36, 76, 66, 4, 26, 4, 58, 22, 9, 29, 14, 58, 13, 38, 85, 49, 87, 85, 66, 43, 4, 36, 91, 37, 76, 90, 29, 75, 6, 20, 17, 34, 64, 19, 11, 34, 40, 67, 98, 39, 49, 5, 14, 20, 99, 58, 74, 54, 45, 38, 75, 7, 45, 51, 32, 94, 84, 52, 90, 62, 80, 63, 90, 19, 38, 27, 5, 66, 29, 16, 11, 15, 89, 18, 83, 96, 34, 26, 94, 71, 59, 8, 40, 24, 33, 76, 49, 23, 30, 64, 99, 44, 36, 18, 90, 49, 50, 98, 56, 34, 74, 33, 40, 83, 64, 88, 80, 22, 23, 74, 99, 94, 71, 75, 44, 53, 25, 73, 21]
机器选择 (MS): [1, 1, 5, 2, 5, 5, 1, 1, 1, 4, 3, 1, 5, 3, 5, 5, 2, 1, 4, 1, 5, 2, 5, 2, 3, 2, 4, 5, 2, 1, 5, 4, 2, 3, 5, 2, 5, 1, 1, 5, 1, 5, 3, 5, 4, 2, 2, 1, 4, 5, 3, 1, 5, 2, 2, 2, 4, 4, 5, 1, 1, 2, 5, 2, 2, 2, 4, 3, 5, 1, 3, 1, 5, 1, 1, 5, 3, 2, 1, 2, 5, 5, 3, 5, 1, 2, 1, 3, 3, 2, 2, 5, 5, 4, 3, 5, 3, 5, 1, 5, 2, 2, 1, 2, 1, 1, 2, 1, 1, 1, 1, 1, 1, 1, 1, 3, 1, 1, 2, 1, 2, 1, 1, 1, 1, 2, 3, 1, 1, 1, 1, 1, 2, 1, 3, 1, 2, 2, 1, 1, 2, 1, 2, 1, 2, 1, 1, 2, 2, 2, 1, 2, 1, 2, 2, 2, 1, 1, 1, 1, 1, 2, 2, 1, 1, 1, 1, 3, 1, 2, 1, 3, 1, 2, 1, 1, 2, 2, 2, 3, 2, 1, 1, 2, 3, 1, 3, 1, 1, 1, 1, 3, 1, 1, 2, 1, 1, 1, 3, 1, 1, 2, 2, 1, 1, 2, 1, 1, 1, 3, 1, 2, 1, 2, 1, 1, 2, 1, 2, 2, 1, 3, 1, 3, 2, 1, 1, 3, 1, 2, 3, 2, 1, 2, 2, 1, 1, 1, 2, 2, 1, 1, 2, 1, 3, 1, 1, 1, 1, 1, 1, 2, 1, 1, 1, 2, 1, 3, 2, 2, 1, 1, 2, 1, 1, 1, 2, 1, 1, 1, 3, 2, 1, 2, 1, 1, 1, 1, 3, 2, 1, 2, 1, 3, 1, 2, 3, 2, 1, 2, 1, 2, 3, 2, 3, 1, 3, 1, 3, 1, 1, 1, 1, 2, 1, 2, 2, 1, 1, 1, 2, 2, 1, 1, 1, 1, 2, 1, 1, 2, 1, 3, 1, 1, 1, 1, 1, 1, 2, 1, 2, 1, 1, 3, 1, 1, 1, 1, 1, 2, 2, 1, 1, 3, 3, 1, 1, 1, 3, 2, 1, 1, 3, 1, 1, 1, 1, 1, 1, 1, 1, 1, 1, 2, 1, 2, 2, 1, 1, 2, 3, 1, 2, 2, 1, 2, 1, 3, 1, 1, 1, 1, 1, 2, 1, 1, 1, 1, 1, 1, 1, 1, 2, 2, 3, 1, 2, 2, 1, 1, 2, 1, 2, 2, 1, 1, 1, 1, 3, 1, 1, 1, 1, 1, 1, 1, 1, 1, 1, 3, 1, 1, 1, 3, 1, 2, 3, 2, 1, 2, 1, 1, 3, 1, 1, 3, 1, 2, 1, 1, 2, 3, 1, 1, 1, 1, 1, 1, 1, 1, 1, 1, 1, 1, 2, 3, 3, 3, 1, 1, 3, 1, 1, 1, 2, 3, 2, 3, 1, 1, 1, 1, 2, 1, 2, 3, 2, 1, 1, 1, 1, 1, 2, 2, 3, 2, 2, 1, 1, 1, 1, 1, 1, 2, 1, 2, 2, 2, 1, 1]

【零件加工顺序记录】
----------------------------------------------------------------------------------------------------
工件号      工序号             机器号             开始时间            结束时间            加工时长           
----------------------------------------------------------------------------------------------------

工件 0:
  0        0               打印机5            25676.20        49183.73        23507.53       
  0        1               批处理机1           49183.73        50008.73        825.00         

工件 1:
  1        0               打印机3            0.00            41327.36        41327.36       
  1        1               批处理机1           41327.36        42152.36        825.00         

工件 2:
  2        0               打印机1            0.00            26835.06        26835.06       
  2        1               批处理机1           26835.06        27660.06        825.00         

工件 3:
  3        0               打印机2            0.00            22998.06        22998.06       
  3        1               批处理机1           22998.06        23823.06        825.00         

工件 4:
  4        0               打印机5            49183.73        65028.61        15844.88       
  4        1               批处理机1           65028.61        65853.61        825.00         
  4        2               离散机7            65853.61        67060.61        1207.00        
  4        3               离散机8            67069.61        68231.61        1162.00        
  4        4               离散机3            68231.61        69604.61        1373.00        
  4        5               离散机5            70250.29        71772.29        1522.00        
  4        6               离散机7            73123.61        74844.61        1721.00        
  4        7               离散机1            75785.61        76953.61        1168.00        

工件 5:
  5        0               打印机3            0.00            41327.36        41327.36       
  5        1               批处理机1           41327.36        42152.36        825.00         
  5        2               离散机7            47438.57        49046.57        1608.00        
  5        3               离散机1            63879.25        65641.25        1762.00        
  5        4               离散机6            74763.61        75872.61        1109.00        

工件 6:
  6        0               打印机1            41474.25        52628.90        11154.65       
  6        1               批处理机1           52628.90        53453.90        825.00         
  6        2               离散机4            57424.73        58867.73        1443.00        
  6        3               离散机2            58867.73        59778.73        911.00         
  6        4               离散机5            59838.73        61357.73        1519.00        
  6        5               离散机7            75847.61        77464.61        1617.00        

工件 7:
  7        0               打印机3            0.00            41327.36        41327.36       
  7        1               批处理机1           41327.36        42152.36        825.00         
  7        2               离散机6            47310.25        48729.25        1419.00        
  7        3               离散机4            61423.73        62673.73        1250.00        
  7        4               离散机10           74515.61        75587.61        1072.00        

工件 8:
  8        0               打印机4            0.00            43704.57        43704.57       
  8        1               批处理机1           43704.57        44529.57        825.00         
  8        2               离散机1            44529.57        45563.57        1034.00        
  8        3               离散机1            47859.57        49560.57        1701.00        
  8        4               离散机8            49649.25        50613.25        964.00         
  8        5               离散机1            58362.73        59975.73        1613.00        
  8        6               离散机7            60029.73        61381.73        1352.00        
  8        7               离散机6            62486.73        64085.73        1599.00        
  8        8               离散机8            77426.61        78867.61        1441.00        

工件 9:
  9        0               打印机1            26835.06        41474.25        14639.19       
  9        1               批处理机2           41474.25        42604.25        1130.00        
  9        2               离散机6            42604.25        44366.25        1762.00        
  9        3               离散机4            44366.25        46163.25        1797.00        
  9        4               离散机4            47587.25        49077.25        1490.00        
  9        5               离散机10           50214.25        51118.25        904.00         
  9        6               离散机5            51118.25        52092.25        974.00         
  9        7               离散机6            53028.73        54013.73        985.00         
  9        8               离散机2            57741.73        58675.73        934.00         

工件 10:
  10       0               打印机4            0.00            43704.57        43704.57       
  10       1               批处理机1           43704.57        44529.57        825.00         
  10       2               离散机5            44529.57        45968.57        1439.00        

工件 11:
  11       0               打印机1            26835.06        41474.25        14639.19       
  11       1               批处理机2           41474.25        42604.25        1130.00        
  11       2               离散机2            46265.57        47793.57        1528.00        
  11       3               离散机3            57781.73        58888.73        1107.00        
  11       4               离散机7            58888.73        60029.73        1141.00        
  11       5               离散机6            61527.73        62486.73        959.00         
  11       6               离散机3            67110.73        68055.73        945.00         
  11       7               离散机9            71888.61        73118.61        1230.00        

工件 12:
  12       0               打印机1            0.00            26835.06        26835.06       
  12       1               批处理机1           26835.06        27660.06        825.00         
  12       2               离散机9            31255.06        32317.06        1062.00        
  12       3               离散机1            32317.06        33446.06        1129.00        
  12       4               离散机1            34983.06        36576.06        1593.00        

工件 13:
  13       0               打印机2            42819.65        67088.29        24268.65       
  13       1               批处理机1           67088.29        67913.29        825.00         
  13       2               离散机5            67913.29        69137.29        1224.00        
  13       3               离散机2            70186.61        71165.61        979.00         

工件 14:
  14       0               打印机5            49183.73        65028.61        15844.88       
  14       1               批处理机1           65028.61        65853.61        825.00         
  14       2               离散机8            65853.61        67069.61        1216.00        
  14       3               离散机1            67069.61        68543.61        1474.00        
  14       4               离散机9            68919.78        70200.78        1281.00        
  14       5               离散机8            72086.61        73483.61        1397.00        

工件 15:
  15       0               打印机3            0.00            41327.36        41327.36       
  15       1               批处理机1           41327.36        42152.36        825.00         
  15       2               离散机9            45640.57        46643.57        1003.00        
  15       3               离散机6            77039.61        78105.61        1066.00        

工件 16:
  16       0               打印机3            0.00            41327.36        41327.36       
  16       1               批处理机1           41327.36        42152.36        825.00         
  16       2               离散机6            44366.25        45953.25        1587.00        
  16       3               离散机6            48729.25        49756.25        1027.00        
  16       4               离散机2            56715.73        57741.73        1026.00        
  16       5               离散机9            62365.73        63420.73        1055.00        

工件 17:
  17       0               打印机5            25676.20        49183.73        23507.53       
  17       1               批处理机1           49183.73        50008.73        825.00         
  17       2               离散机2            60862.73        62291.73        1429.00        

工件 18:
  18       0               打印机2            0.00            22998.06        22998.06       
  18       1               批处理机1           22998.06        23823.06        825.00         
  18       2               离散机8            23823.06        24880.06        1057.00        
  18       3               离散机8            24880.06        26292.06        1412.00        
  18       4               离散机8            26292.06        27515.06        1223.00        
  18       5               离散机7            37745.06        39147.06        1402.00        
  18       6               离散机10           39405.06        40493.06        1088.00        
  18       7               离散机1            40493.06        41504.06        1011.00        
  18       8               离散机2            41504.06        42522.06        1018.00        
  18       9               离散机3            78183.61        79927.61        1744.00        

工件 19:
  19       0               打印机1            0.00            26835.06        26835.06       
  19       1               批处理机1           26835.06        27660.06        825.00         
  19       2               离散机10           29352.06        31048.06        1696.00        
  19       3               离散机8            31048.06        32630.06        1582.00        
  19       4               离散机1            33446.06        34983.06        1537.00        
  19       5               离散机4            34983.06        36031.06        1048.00        
  19       6               离散机2            36031.06        37006.06        975.00         
  19       7               离散机4            39528.06        41076.06        1548.00        
  19       8               离散机10           58421.73        59427.73        1006.00        

工件 20:
  20       0               打印机5            0.00            25676.20        25676.20       
  20       1               批处理机1           25676.20        26501.20        825.00         
  20       2               离散机2            26501.20        28141.20        1640.00        
  20       3               离散机6            29255.06        30683.06        1428.00        
  20       4               离散机3            30683.06        32366.06        1683.00        
  20       5               离散机10           32529.06        33962.06        1433.00        
  20       6               离散机4            36031.06        37496.06        1465.00        
  20       7               离散机4            38536.06        39528.06        992.00         
  20       8               离散机3            39768.06        41011.06        1243.00        
  20       9               离散机10           46474.25        47568.25        1094.00        

工件 21:
  21       0               打印机3            0.00            41327.36        41327.36       
  21       1               批处理机1           41327.36        42152.36        825.00         
  21       2               离散机4            42152.36        43243.36        1091.00        
  21       3               离散机10           43771.25        44711.25        940.00         
  21       4               离散机8            44787.25        46431.25        1644.00        
  21       5               离散机9            59499.73        61064.73        1565.00        
  21       6               离散机8            80158.61        81263.61        1105.00        

工件 22:
  22       0               打印机5            25676.20        49183.73        23507.53       
  22       1               批处理机1           49183.73        50008.73        825.00         
  22       2               离散机4            52229.73        53318.73        1089.00        
  22       3               离散机1            54838.73        55738.73        900.00         
  22       4               离散机4            58867.73        59886.73        1019.00        
  22       5               离散机10           61506.25        62757.25        1251.00        
  22       6               离散机1            62757.25        63879.25        1122.00        
  22       7               离散机9            64895.73        66012.73        1117.00        

工件 23:
  23       0               打印机5            25676.20        49183.73        23507.53       
  23       1               批处理机1           49183.73        50008.73        825.00         
  23       2               离散机6            50008.73        51680.73        1672.00        
  23       3               离散机9            53107.73        54336.73        1229.00        
  23       4               离散机4            65592.73        66520.73        928.00         
  23       5               离散机7            67060.61        68463.61        1403.00        
  23       6               离散机10           68964.61        70277.61        1313.00        
  23       7               离散机1            70277.61        71285.61        1008.00        
  23       8               离散机2            77984.61        79058.61        1074.00        
  23       9               离散机7            82531.61        83433.61        902.00         

工件 24:
  24       0               打印机5            0.00            25676.20        25676.20       
  24       1               批处理机1           25676.20        26501.20        825.00         
  24       2               离散机1            28886.06        30428.06        1542.00        
  24       3               离散机8            33627.06        35379.06        1752.00        
  24       4               离散机6            37060.06        38788.06        1728.00        

工件 25:
  25       0               打印机5            25676.20        49183.73        23507.53       
  25       1               批处理机1           49183.73        50008.73        825.00         
  25       2               离散机7            52644.73        53903.73        1259.00        
  25       3               离散机6            55207.73        56769.73        1562.00        
  25       4               离散机2            80053.61        81525.61        1472.00        

工件 26:
  26       0               打印机2            0.00            22998.06        22998.06       
  26       1               批处理机1           22998.06        23823.06        825.00         
  26       2               离散机10           23823.06        25103.06        1280.00        
  26       3               离散机2            25103.06        26144.06        1041.00        
  26       4               离散机3            28604.06        29685.06        1081.00        

工件 27:
  27       0               打印机2            0.00            22998.06        22998.06       
  27       1               批处理机1           22998.06        23823.06        825.00         
  27       2               离散机6            23823.06        25102.06        1279.00        
  27       3               离散机6            25102.06        26471.06        1369.00        
  27       4               离散机6            35869.06        37060.06        1191.00        
  27       5               离散机1            61289.73        62629.73        1340.00        

工件 28:
  28       0               打印机2            22998.06        42819.65        19821.59       
  28       1               批处理机1           42819.65        43644.65        825.00         

工件 29:
  29       0               打印机4            0.00            43704.57        43704.57       
  29       1               批处理机1           43704.57        44529.57        825.00         
  29       2               离散机3            48415.65        49721.65        1306.00        
  29       3               离散机8            54450.25        55756.25        1306.00        
  29       4               离散机1            56699.73        58362.73        1663.00        
  29       5               离散机5            61357.73        62458.73        1101.00        
  29       6               离散机6            71641.61        73283.61        1642.00        
  29       7               离散机7            74844.61        75847.61        1003.00        
  29       8               离散机6            75872.61        77039.61        1167.00        

工件 30:
  30       0               打印机2            22998.06        42819.65        19821.59       
  30       1               批处理机1           42819.65        43644.65        825.00         
  30       2               离散机3            45416.65        46991.65        1575.00        
  30       3               离散机4            49077.25        50469.25        1392.00        
  30       4               离散机10           51118.25        52507.25        1389.00        
  30       5               离散机2            52696.73        53990.73        1294.00        
  30       6               离散机7            53990.73        55056.73        1066.00        
  30       7               离散机9            56219.73        57778.73        1559.00        
  30       8               离散机7            79641.61        81131.61        1490.00        

工件 31:
  31       0               打印机1            26835.06        41474.25        14639.19       
  31       1               批处理机2           41474.25        42604.25        1130.00        
  31       2               离散机3            49721.65        50998.65        1277.00        
  31       3               离散机8            52712.25        54450.25        1738.00        

工件 32:
  32       0               打印机2            42819.65        67088.29        24268.65       
  32       1               批处理机1           67088.29        67913.29        825.00         
  32       2               离散机7            77464.61        78366.61        902.00         

工件 33:
  33       0               打印机5            25676.20        49183.73        23507.53       
  33       1               批处理机1           49183.73        50008.73        825.00         
  33       2               离散机7            50008.73        51161.73        1153.00        
  33       3               离散机6            54013.73        55207.73        1194.00        
  33       4               离散机8            57222.25        58950.25        1728.00        
  33       5               离散机6            59130.73        60431.73        1301.00        
  33       6               离散机4            66520.73        67672.73        1152.00        
  33       7               离散机9            73118.61        74090.61        972.00         
  33       8               离散机3            79927.61        80937.61        1010.00        

工件 34:
  34       0               打印机1            0.00            26835.06        26835.06       
  34       1               批处理机1           26835.06        27660.06        825.00         
  34       2               离散机5            27660.06        28650.06        990.00         
  34       3               离散机9            28650.06        29554.06        904.00         
  34       4               离散机2            29554.06        30704.06        1150.00        
  34       5               离散机1            30704.06        32118.06        1414.00        
  34       6               离散机5            40747.06        41780.06        1033.00        
  34       7               离散机1            59975.73        61289.73        1314.00        
  34       8               离散机6            78105.61        79332.61        1227.00        
  34       9               离散机5            80382.29        81978.29        1596.00        

工件 35:
  35       0               打印机3            0.00            41327.36        41327.36       
  35       1               批处理机1           41327.36        42152.36        825.00         
  35       2               离散机3            42152.36        43152.36        1000.00        

工件 36:
  36       0               打印机5            0.00            25676.20        25676.20       
  36       1               批处理机1           25676.20        26501.20        825.00         
  36       2               离散机4            28920.06        29911.06        991.00         
  36       3               离散机7            39147.06        40616.06        1469.00        
  36       4               离散机5            48815.57        50425.57        1610.00        
  36       5               离散机7            61381.73        62463.73        1082.00        
  36       6               离散机7            62463.73        63662.73        1199.00        
  36       7               离散机10           64301.25        65644.25        1343.00        
  36       8               离散机2            79058.61        80053.61        995.00         

工件 37:
  37       0               打印机4            0.00            43704.57        43704.57       
  37       1               批处理机1           43704.57        44529.57        825.00         
  37       2               离散机4            54832.73        55778.73        946.00         
  37       3               离散机5            57686.73        58915.73        1229.00        
  37       4               离散机10           72936.61        74515.61        1579.00        

工件 38:
  38       0               打印机1            26835.06        41474.25        14639.19       
  38       1               批处理机2           41474.25        42604.25        1130.00        
  38       2               离散机5            45968.57        47144.57        1176.00        
  38       3               离散机2            47793.57        48775.57        982.00         
  38       4               离散机2            51338.73        52696.73        1358.00        
  38       5               离散机1            55738.73        56699.73        961.00         
  38       6               离散机8            60101.25        61480.25        1379.00        
  38       7               离散机10           62757.25        64301.25        1544.00        
  38       8               离散机10           65644.25        66850.25        1206.00        
  38       9               离散机5            75668.29        77045.29        1377.00        

工件 39:
  39       0               打印机5            49183.73        65028.61        15844.88       
  39       1               批处理机1           65028.61        65853.61        825.00         
  39       2               离散机5            65853.61        66896.61        1043.00        
  39       3               离散机10           66896.61        68055.61        1159.00        
  39       4               离散机4            68972.73        70265.73        1293.00        
  39       5               离散机6            70307.61        71641.61        1334.00        
  39       6               离散机5            71772.29        73036.29        1264.00        

工件 40:
  40       0               打印机4            0.00            43704.57        43704.57       
  40       1               批处理机1           43704.57        44529.57        825.00         
  40       2               离散机2            44529.57        46265.57        1736.00        
  40       3               离散机7            46265.57        47438.57        1173.00        
  40       4               离散机4            59886.73        61423.73        1537.00        
  40       5               离散机8            62453.25        63464.25        1011.00        
  40       6               离散机3            72225.61        74001.61        1776.00        
  40       7               离散机4            74608.73        76104.73        1496.00        
  40       8               离散机7            78366.61        79641.61        1275.00        
  40       9               离散机7            81131.61        82531.61        1400.00        

工件 41:
  41       0               打印机1            26835.06        41474.25        14639.19       
  41       1               批处理机2           41474.25        42604.25        1130.00        
  41       2               离散机1            42604.25        43858.25        1254.00        
  41       3               离散机7            55056.73        56770.73        1714.00        

工件 42:
  42       0               打印机1            26835.06        41474.25        14639.19       
  42       1               批处理机2           41474.25        42604.25        1130.00        
  42       2               离散机9            42604.25        43758.25        1154.00        

工件 43:
  43       0               打印机5            0.00            25676.20        25676.20       
  43       1               批处理机1           25676.20        26501.20        825.00         
  43       2               离散机5            63383.73        65118.73        1735.00        

工件 44:
  44       0               打印机5            25676.20        49183.73        23507.53       
  44       1               批处理机1           49183.73        50008.73        825.00         
  44       2               离散机2            50008.73        51338.73        1330.00        
  44       3               离散机3            63036.73        64610.73        1574.00        
  44       4               离散机10           75587.61        77154.61        1567.00        
  44       5               离散机3            82908.61        83833.61        925.00         

工件 45:
  45       0               打印机1            0.00            26835.06        26835.06       
  45       1               批处理机1           26835.06        27660.06        825.00         
  45       2               离散机4            27662.06        28920.06        1258.00        
  45       3               离散机8            28920.06        30224.06        1304.00        
  45       4               离散机5            30287.06        31195.06        908.00         
  45       5               离散机9            33379.06        34305.06        926.00         
  45       6               离散机4            41076.06        42088.06        1012.00        
  45       7               离散机5            43526.36        44441.36        915.00         

工件 46:
  46       0               打印机4            43704.57        65104.78        21400.22       
  46       1               批处理机2           65104.78        66234.78        1130.00        
  46       2               离散机9            66234.78        67770.78        1536.00        
  46       3               离散机4            70265.73        71451.73        1186.00        

工件 47:
  47       0               打印机1            0.00            26835.06        26835.06       
  47       1               批处理机1           26835.06        27660.06        825.00         

工件 48:
  48       0               打印机5            25676.20        49183.73        23507.53       
  48       1               批处理机1           49183.73        50008.73        825.00         
  48       2               离散机7            51161.73        52644.73        1483.00        
  48       3               离散机5            55448.73        56361.73        913.00         
  48       4               离散机3            56361.73        57781.73        1420.00        
  48       5               离散机5            58915.73        59838.73        923.00         

工件 49:
  49       0               打印机4            43704.57        65104.78        21400.22       
  49       1               批处理机2           65104.78        66234.78        1130.00        
  49       2               离散机10           68055.61        68964.61        909.00         
  49       3               离散机7            68964.61        70763.61        1799.00        
  49       4               离散机8            70763.61        72086.61        1323.00        
  49       5               离散机5            73036.29        74286.29        1250.00        
  49       6               离散机9            74286.29        75356.29        1070.00        
  49       7               离散机5            79105.29        80382.29        1277.00        

工件 50:
  50       0               打印机2            0.00            22998.06        22998.06       
  50       1               批处理机1           22998.06        23823.06        825.00         
  50       2               离散机8            32630.06        33627.06        997.00         
  50       3               离散机6            38788.06        40489.06        1701.00        

工件 51:
  51       0               打印机1            0.00            26835.06        26835.06       
  51       1               批处理机1           26835.06        27660.06        825.00         
  51       2               离散机6            27660.06        29255.06        1595.00        
  51       3               离散机6            30683.06        32374.06        1691.00        
  51       4               离散机1            36576.06        38181.06        1605.00        
  51       5               离散机10           38181.06        39405.06        1224.00        
  51       6               离散机5            39405.06        40747.06        1342.00        
  51       7               离散机6            40747.06        41984.06        1237.00        

工件 52:
  52       0               打印机3            0.00            41327.36        41327.36       
  52       1               批处理机1           41327.36        42152.36        825.00         
  52       2               离散机5            42152.36        43526.36        1374.00        
  52       3               离散机1            45563.57        46660.57        1097.00        
  52       4               离散机1            46660.57        47859.57        1199.00        
  52       5               离散机10           49218.25        50214.25        996.00         
  52       6               离散机8            64584.25        65777.25        1193.00        

工件 53:
  53       0               打印机1            41474.25        52628.90        11154.65       
  53       1               批处理机1           52628.90        53453.90        825.00         
  53       2               离散机3            59873.73        61310.73        1437.00        
  53       3               离散机4            67672.73        68972.73        1300.00        
  53       4               离散机6            81372.61        82949.61        1577.00        

工件 54:
  54       0               打印机3            0.00            41327.36        41327.36       
  54       1               批处理机1           41327.36        42152.36        825.00         
  54       2               离散机7            42152.36        43769.36        1617.00        
  54       3               离散机2            55315.73        56715.73        1400.00        
  54       4               离散机10           56812.73        58421.73        1609.00        

工件 55:
  55       0               打印机5            0.00            25676.20        25676.20       
  55       1               批处理机1           25676.20        26501.20        825.00         

工件 56:
  56       0               打印机2            22998.06        42819.65        19821.59       
  56       1               批处理机1           42819.65        43644.65        825.00         
  56       2               离散机3            43644.65        45416.65        1772.00        
  56       3               离散机6            45953.25        47310.25        1357.00        
  56       4               离散机6            60431.73        61527.73        1096.00        
  56       5               离散机2            63941.73        65552.73        1611.00        
  56       6               离散机9            67770.78        68919.78        1149.00        
  56       7               离散机10           77154.61        78592.61        1438.00        

工件 57:
  57       0               打印机3            0.00            41327.36        41327.36       
  57       1               批处理机1           41327.36        42152.36        825.00         

工件 58:
  58       0               打印机2            22998.06        42819.65        19821.59       
  58       1               批处理机1           42819.65        43644.65        825.00         
  58       2               离散机8            46431.25        48088.25        1657.00        
  58       3               离散机8            50613.25        51567.25        954.00         
  58       4               离散机8            51567.25        52712.25        1145.00        
  58       5               离散机4            62673.73        63852.73        1179.00        
  58       6               离散机6            68620.61        70307.61        1687.00        
  58       7               离散机7            70763.61        71843.61        1080.00        
  58       8               离散机4            72390.73        73373.73        983.00         
  58       9               离散机8            74691.61        76106.61        1415.00        

工件 59:
  59       0               打印机3            0.00            41327.36        41327.36       
  59       1               批处理机1           41327.36        42152.36        825.00         
  59       2               离散机10           44711.25        46474.25        1763.00        
  59       3               离散机1            51954.25        53105.25        1151.00        

工件 60:
  60       0               打印机2            22998.06        42819.65        19821.59       
  60       1               批处理机1           42819.65        43644.65        825.00         
  60       2               离散机9            47743.57        49305.57        1562.00        

工件 61:
  61       0               打印机2            0.00            22998.06        22998.06       
  61       1               批处理机1           22998.06        23823.06        825.00         

工件 62:
  62       0               打印机5            49183.73        65028.61        15844.88       
  62       1               批处理机1           65028.61        65853.61        825.00         
  62       2               离散机6            66993.61        68620.61        1627.00        
  62       3               离散机1            68620.61        69919.61        1299.00        

工件 63:
  63       0               打印机1            26835.06        41474.25        14639.19       
  63       1               批处理机2           41474.25        42604.25        1130.00        
  63       2               离散机10           42604.25        43771.25        1167.00        
  63       3               离散机3            46991.65        48415.65        1424.00        
  63       4               离散机1            50895.25        51954.25        1059.00        
  63       5               离散机10           55064.73        56812.73        1748.00        
  63       6               离散机9            57778.73        59499.73        1721.00        
  63       7               离散机2            73952.61        74885.61        933.00         

工件 64:
  64       0               打印机5            25676.20        49183.73        23507.53       
  64       1               批处理机1           49183.73        50008.73        825.00         
  64       2               离散机6            51680.73        53028.73        1348.00        
  64       3               离散机3            53028.73        54157.73        1129.00        
  64       4               离散机10           54157.73        55064.73        907.00         
  64       5               离散机2            71165.61        72719.61        1554.00        
  64       6               离散机4            76104.73        77793.73        1689.00        
  64       7               离散机3            80937.61        81939.61        1002.00        

工件 65:
  65       0               打印机5            25676.20        49183.73        23507.53       
  65       1               批处理机1           49183.73        50008.73        825.00         
  65       2               离散机9            51063.73        52013.73        950.00         
  65       3               离散机5            53917.73        55448.73        1531.00        

工件 66:
  66       0               打印机5            0.00            25676.20        25676.20       
  66       1               批处理机1           25676.20        26501.20        825.00         
  66       2               离散机2            30704.06        32338.06        1634.00        
  66       3               离散机5            32338.06        34018.06        1680.00        
  66       4               离散机10           34018.06        35481.06        1463.00        
  66       5               离散机4            37496.06        38536.06        1040.00        
  66       6               离散机7            63662.73        65210.73        1548.00        
  66       7               离散机6            73283.61        74763.61        1480.00        
  66       8               离散机5            77045.29        78093.29        1048.00        

工件 67:
  67       0               打印机1            0.00            26835.06        26835.06       
  67       1               批处理机1           26835.06        27660.06        825.00         
  67       2               离散机9            29554.06        31255.06        1701.00        
  67       3               离散机2            32338.06        33962.06        1624.00        
  67       4               离散机3            38411.06        39768.06        1357.00        
  67       5               离散机9            39768.06        40834.06        1066.00        

工件 68:
  68       0               打印机1            0.00            26835.06        26835.06       
  68       1               批处理机1           26835.06        27660.06        825.00         

工件 69:
  69       0               打印机2            0.00            22998.06        22998.06       
  69       1               批处理机1           22998.06        23823.06        825.00         
  69       2               离散机10           25103.06        26293.06        1190.00        
  69       3               离散机5            28650.06        30287.06        1637.00        
  69       4               离散机4            30287.06        32047.06        1760.00        
  69       5               离散机7            32047.06        33405.06        1358.00        
  69       6               离散机6            33405.06        34622.06        1217.00        
  69       7               离散机10           36874.06        38048.06        1174.00        
  69       8               离散机10           41466.06        42489.06        1023.00        
  69       9               离散机8            63464.25        64584.25        1120.00        

工件 70:
  70       0               打印机1            0.00            26835.06        26835.06       
  70       1               批处理机1           26835.06        27660.06        825.00         
  70       2               离散机7            29522.20        30908.20        1386.00        
  70       3               离散机10           40493.06        41466.06        973.00         

工件 71:
  71       0               打印机2            0.00            22998.06        22998.06       
  71       1               批处理机1           22998.06        23823.06        825.00         
  71       2               离散机2            23823.06        24995.06        1172.00        
  71       3               离散机9            24995.06        26591.06        1596.00        
  71       4               离散机7            28088.20        29522.20        1434.00        
  71       5               离散机9            32317.06        33379.06        1062.00        
  71       6               离散机8            35379.06        37169.06        1790.00        
  71       7               离散机3            37169.06        38411.06        1242.00        
  71       8               离散机8            38575.06        39844.06        1269.00        
  71       9               离散机9            40834.06        42361.06        1527.00        

工件 72:
  72       0               打印机5            0.00            25676.20        25676.20       
  72       1               批处理机1           25676.20        26501.20        825.00         
  72       2               离散机7            26501.20        28088.20        1587.00        
  72       3               离散机2            28141.20        29097.20        956.00         

工件 73:
  73       0               打印机2            0.00            22998.06        22998.06       
  73       1               批处理机1           22998.06        23823.06        825.00         
  73       2               离散机3            27124.06        28604.06        1480.00        
  73       3               离散机6            34622.06        35869.06        1247.00        
  73       4               离散机10           78592.61        80105.61        1513.00        

工件 74:
  74       0               打印机5            25676.20        49183.73        23507.53       
  74       1               批处理机1           49183.73        50008.73        825.00         
  74       2               离散机9            50008.73        51063.73        1055.00        
  74       3               离散机4            51063.73        52229.73        1166.00        
  74       4               离散机5            52229.73        53917.73        1688.00        
  74       5               离散机3            54157.73        55751.73        1594.00        
  74       6               离散机3            70883.61        72225.61        1342.00        
  74       7               离散机8            76106.61        77426.61        1320.00        
  74       8               离散机4            77793.73        79413.73        1620.00        
  74       9               离散机4            79413.73        81012.73        1599.00        

工件 75:
  75       0               打印机3            0.00            41327.36        41327.36       
  75       1               批处理机1           41327.36        42152.36        825.00         
  75       2               离散机4            46163.25        47587.25        1424.00        
  75       3               离散机10           47587.25        49218.25        1631.00        
  75       4               离散机9            52013.73        53107.73        1094.00        
  75       5               离散机1            53107.73        54838.73        1731.00        
  75       6               离散机5            56361.73        57686.73        1325.00        
  75       7               离散机9            61064.73        62365.73        1301.00        
  75       8               离散机3            75404.61        76968.61        1564.00        
  75       9               离散机3            81939.61        82908.61        969.00         

工件 76:
  76       0               打印机2            0.00            22998.06        22998.06       
  76       1               批处理机1           22998.06        23823.06        825.00         
  76       2               离散机3            23823.06        25470.06        1647.00        
  76       3               离散机3            25470.06        27124.06        1654.00        
  76       4               离散机9            27124.06        28435.06        1311.00        
  76       5               离散机5            31195.06        32231.06        1036.00        
  76       6               离散机7            40616.06        41543.06        927.00         
  76       7               离散机3            74001.61        75404.61        1403.00        
  76       8               离散机1            76953.61        78428.61        1475.00        

工件 77:
  77       0               打印机2            0.00            22998.06        22998.06       
  77       1               批处理机1           22998.06        23823.06        825.00         
  77       2               离散机4            23823.06        25222.06        1399.00        
  77       3               离散机4            25222.06        26742.06        1520.00        
  77       4               离散机4            26742.06        27662.06        920.00         
  77       5               离散机7            35061.06        36045.06        984.00         

工件 78:
  78       0               打印机1            0.00            26835.06        26835.06       
  78       1               批处理机1           26835.06        27660.06        825.00         
  78       2               离散机10           27660.06        29352.06        1692.00        
  78       3               离散机10           31048.06        32529.06        1481.00        
  78       4               离散机3            32529.06        33805.06        1276.00        
  78       5               离散机4            33805.06        34764.06        959.00         
  78       6               离散机3            34764.06        36047.06        1283.00        
  78       7               离散机7            36047.06        37745.06        1698.00        
  78       8               离散机1            38181.06        39561.06        1380.00        

工件 79:
  79       0               打印机5            0.00            25676.20        25676.20       
  79       1               批处理机1           25676.20        26501.20        825.00         
  79       2               离散机5            35646.06        37104.06        1458.00        

工件 80:
  80       0               打印机2            42819.65        67088.29        24268.65       
  80       1               批处理机1           67088.29        67913.29        825.00         
  80       2               离散机8            68231.61        69199.61        968.00         
  80       3               离散机2            69199.61        70186.61        987.00         
  80       4               离散机5            74286.29        75668.29        1382.00        
  80       5               离散机1            80108.61        81288.61        1180.00        

工件 81:
  81       0               打印机4            0.00            43704.57        43704.57       
  81       1               批处理机1           43704.57        44529.57        825.00         
  81       2               离散机9            44529.57        45640.57        1111.00        
  81       3               离散机8            55756.25        57222.25        1466.00        
  81       4               离散机7            57222.25        58799.25        1577.00        
  81       5               离散机8            58950.25        60101.25        1151.00        
  81       6               离散机10           60101.25        61506.25        1405.00        
  81       7               离散机3            66055.73        67110.73        1055.00        

工件 82:
  82       0               打印机2            22998.06        42819.65        19821.59       
  82       1               批处理机1           42819.65        43644.65        825.00         
  82       2               离散机9            46643.57        47743.57        1100.00        

工件 83:
  83       0               打印机1            0.00            26835.06        26835.06       
  83       1               批处理机1           26835.06        27660.06        825.00         
  83       2               离散机1            65641.25        66996.25        1355.00        
  83       3               离散机5            81978.29        82935.29        957.00         

工件 84:
  84       0               打印机3            0.00            41327.36        41327.36       
  84       1               批处理机1           41327.36        42152.36        825.00         
  84       2               离散机8            42152.36        43565.36        1413.00        
  84       3               离散机7            43769.36        44714.36        945.00         
  84       4               离散机7            44714.36        46041.36        1327.00        
  84       5               离散机10           52507.25        53857.25        1350.00        

工件 85:
  85       0               打印机1            26835.06        41474.25        14639.19       
  85       1               批处理机2           41474.25        42604.25        1130.00        
  85       2               离散机2            42604.25        43633.25        1029.00        
  85       3               离散机8            43633.25        44787.25        1154.00        
  85       4               离散机2            48775.57        49682.57        907.00         
  85       5               离散机4            63852.73        65592.73        1740.00        
  85       6               离散机5            69137.29        70250.29        1113.00        
  85       7               离散机10           71986.61        72936.61        950.00         
  85       8               离散机1            74566.61        75785.61        1219.00        
  85       9               离散机2            75785.61        76736.61        951.00         

工件 86:
  86       0               打印机5            25676.20        49183.73        23507.53       
  86       1               批处理机1           49183.73        50008.73        825.00         
  86       2               离散机3            50998.65        52559.65        1561.00        
  86       3               离散机4            55778.73        57424.73        1646.00        
  86       4               离散机6            57424.73        59130.73        1706.00        
  86       5               离散机2            59778.73        60862.73        1084.00        

工件 87:
  87       0               打印机5            25676.20        49183.73        23507.53       
  87       1               批处理机1           49183.73        50008.73        825.00         
  87       2               离散机5            62458.73        63383.73        925.00         
  87       3               离散机4            73373.73        74608.73        1235.00        

工件 88:
  88       0               打印机3            0.00            41327.36        41327.36       
  88       1               批处理机1           41327.36        42152.36        825.00         
  88       2               离散机8            48088.25        49649.25        1561.00        
  88       3               离散机1            49649.25        50895.25        1246.00        
  88       4               离散机8            61480.25        62453.25        973.00         
  88       5               离散机2            74885.61        75785.61        900.00         

工件 89:
  89       0               打印机2            0.00            22998.06        22998.06       
  89       1               批处理机1           22998.06        23823.06        825.00         
  89       2               离散机7            23823.06        25511.06        1688.00        
  89       3               离散机8            27515.06        28675.06        1160.00        
  89       4               离散机7            30908.20        31944.20        1036.00        
  89       5               离散机9            36252.06        37642.06        1390.00        

工件 90:
  90       0               打印机1            0.00            26835.06        26835.06       
  90       1               批处理机1           26835.06        27660.06        825.00         
  90       2               离散机1            27660.06        28886.06        1226.00        
  90       3               离散机2            33962.06        35724.06        1762.00        
  90       4               离散机10           35724.06        36874.06        1150.00        
  90       5               离散机8            37169.06        38575.06        1406.00        
  90       6               离散机9            38575.06        39678.06        1103.00        
  90       7               离散机3            41011.06        42055.06        1044.00        
  90       8               离散机3            76968.61        78183.61        1215.00        
  90       9               离散机8            78867.61        80158.61        1291.00        

工件 91:
  91       0               打印机5            49183.73        65028.61        15844.88       
  91       1               批处理机1           65028.61        65853.61        825.00         
  91       2               离散机8            69199.61        70747.61        1548.00        
  91       3               离散机9            70747.61        71888.61        1141.00        
  91       4               离散机1            71888.61        72917.61        1029.00        
  91       5               离散机1            72917.61        74566.61        1649.00        
  91       6               离散机2            76736.61        77984.61        1248.00        

工件 92:
  92       0               打印机5            0.00            25676.20        25676.20       
  92       1               批处理机1           25676.20        26501.20        825.00         
  92       2               离散机7            33405.06        35061.06        1656.00        
  92       3               离散机9            35061.06        36252.06        1191.00        
  92       4               离散机5            37104.06        38517.06        1413.00        

工件 93:
  93       0               打印机2            42819.65        67088.29        24268.65       
  93       1               批处理机1           67088.29        67913.29        825.00         

工件 94:
  94       0               打印机4            0.00            43704.57        43704.57       
  94       1               批处理机1           43704.57        44529.57        825.00         
  94       2               离散机2            53990.73        55315.73        1325.00        
  94       3               离散机9            55315.73        56219.73        904.00         
  94       4               离散机3            58888.73        59873.73        985.00         
  94       5               离散机3            64610.73        66055.73        1445.00        
  94       6               离散机2            66055.73        67772.73        1717.00        
  94       7               离散机2            67772.73        69015.73        1243.00        
  94       8               离散机6            79332.61        80319.61        987.00         
  94       9               离散机1            81288.61        82372.61        1084.00        

工件 95:
  95       0               打印机4            0.00            43704.57        43704.57       
  95       1               批处理机1           43704.57        44529.57        825.00         
  95       2               离散机5            47144.57        48815.57        1671.00        
  95       3               离散机6            64085.73        65774.73        1689.00        

工件 96:
  96       0               打印机1            41474.25        52628.90        11154.65       
  96       1               批处理机1           52628.90        53453.90        825.00         
  96       2               离散机9            63420.73        64895.73        1475.00        

工件 97:
  97       0               打印机5            0.00            25676.20        25676.20       
  97       1               批处理机1           25676.20        26501.20        825.00         
  97       2               离散机5            34018.06        35646.06        1628.00        

工件 98:
  98       0               打印机5            25676.20        49183.73        23507.53       
  98       1               批处理机1           49183.73        50008.73        825.00         
  98       2               离散机4            53318.73        54832.73        1514.00        
  98       3               离散机3            61310.73        63036.73        1726.00        
  98       4               离散机2            63036.73        63941.73        905.00         
  98       5               离散机4            71451.73        72390.73        939.00         
  98       6               离散机2            72719.61        73952.61        1233.00        
  98       7               离散机1            78428.61        80108.61        1680.00        

工件 99:
  99       0               打印机5            49183.73        65028.61        15844.88       
  99       1               批处理机1           65028.61        65853.61        825.00         
  99       2               离散机6            65853.61        66993.61        1140.00        
  99       3               离散机5            66993.61        67912.61        919.00         
  99       4               离散机3            69604.61        70883.61        1279.00        
  99       5               离散机10           70883.61        71986.61        1103.00        
  99       6               离散机7            71986.61        73123.61        1137.00        
  99       7               离散机8            73483.61        74691.61        1208.00        
  99       8               离散机5            78093.29        79105.29        1012.00        
  99       9               离散机6            80319.61        81372.61        1053.00        

【机器加工顺序记录】
----------------------------------------------------------------------------------------------------

打印机1:
工件号      工序号             开始时间            结束时间            加工时长           
--------------------------------------------------------------------------------
  2        0               0.00            26835.06        26835.06       
  12       0               0.00            26835.06        26835.06       
  19       0               0.00            26835.06        26835.06       
  34       0               0.00            26835.06        26835.06       
  45       0               0.00            26835.06        26835.06       
  47       0               0.00            26835.06        26835.06       
  51       0               0.00            26835.06        26835.06       
  67       0               0.00            26835.06        26835.06       
  68       0               0.00            26835.06        26835.06       
  70       0               0.00            26835.06        26835.06       
  78       0               0.00            26835.06        26835.06       
  83       0               0.00            26835.06        26835.06       
  90       0               0.00            26835.06        26835.06       
  9        0               26835.06        41474.25        14639.19       
  11       0               26835.06        41474.25        14639.19       
  31       0               26835.06        41474.25        14639.19       
  38       0               26835.06        41474.25        14639.19       
  41       0               26835.06        41474.25        14639.19       
  42       0               26835.06        41474.25        14639.19       
  63       0               26835.06        41474.25        14639.19       
  85       0               26835.06        41474.25        14639.19       
  6        0               41474.25        52628.90        11154.65       
  53       0               41474.25        52628.90        11154.65       
  96       0               41474.25        52628.90        11154.65       

  机器利用率: 595.74% (忙碌时间: 499433.24 / 总时间: 83833.61)

打印机2:
工件号      工序号             开始时间            结束时间            加工时长           
--------------------------------------------------------------------------------
  3        0               0.00            22998.06        22998.06       
  18       0               0.00            22998.06        22998.06       
  26       0               0.00            22998.06        22998.06       
  27       0               0.00            22998.06        22998.06       
  50       0               0.00            22998.06        22998.06       
  61       0               0.00            22998.06        22998.06       
  69       0               0.00            22998.06        22998.06       
  71       0               0.00            22998.06        22998.06       
  73       0               0.00            22998.06        22998.06       
  76       0               0.00            22998.06        22998.06       
  77       0               0.00            22998.06        22998.06       
  89       0               0.00            22998.06        22998.06       
  28       0               22998.06        42819.65        19821.59       
  30       0               22998.06        42819.65        19821.59       
  56       0               22998.06        42819.65        19821.59       
  58       0               22998.06        42819.65        19821.59       
  60       0               22998.06        42819.65        19821.59       
  82       0               22998.06        42819.65        19821.59       
  13       0               42819.65        67088.29        24268.65       
  32       0               42819.65        67088.29        24268.65       
  80       0               42819.65        67088.29        24268.65       
  93       0               42819.65        67088.29        24268.65       

  机器利用率: 586.85% (忙碌时间: 491980.82 / 总时间: 83833.61)

打印机3:
工件号      工序号             开始时间            结束时间            加工时长           
--------------------------------------------------------------------------------
  1        0               0.00            41327.36        41327.36       
  5        0               0.00            41327.36        41327.36       
  7        0               0.00            41327.36        41327.36       
  15       0               0.00            41327.36        41327.36       
  16       0               0.00            41327.36        41327.36       
  21       0               0.00            41327.36        41327.36       
  35       0               0.00            41327.36        41327.36       
  52       0               0.00            41327.36        41327.36       
  54       0               0.00            41327.36        41327.36       
  57       0               0.00            41327.36        41327.36       
  59       0               0.00            41327.36        41327.36       
  75       0               0.00            41327.36        41327.36       
  84       0               0.00            41327.36        41327.36       
  88       0               0.00            41327.36        41327.36       

  机器利用率: 690.16% (忙碌时间: 578583.03 / 总时间: 83833.61)

打印机4:
工件号      工序号             开始时间            结束时间            加工时长           
--------------------------------------------------------------------------------
  8        0               0.00            43704.57        43704.57       
  10       0               0.00            43704.57        43704.57       
  29       0               0.00            43704.57        43704.57       
  37       0               0.00            43704.57        43704.57       
  40       0               0.00            43704.57        43704.57       
  81       0               0.00            43704.57        43704.57       
  94       0               0.00            43704.57        43704.57       
  95       0               0.00            43704.57        43704.57       
  46       0               43704.57        65104.78        21400.22       
  49       0               43704.57        65104.78        21400.22       

  机器利用率: 468.11% (忙碌时间: 392436.96 / 总时间: 83833.61)

打印机5:
工件号      工序号             开始时间            结束时间            加工时长           
--------------------------------------------------------------------------------
  20       0               0.00            25676.20        25676.20       
  24       0               0.00            25676.20        25676.20       
  36       0               0.00            25676.20        25676.20       
  43       0               0.00            25676.20        25676.20       
  55       0               0.00            25676.20        25676.20       
  66       0               0.00            25676.20        25676.20       
  72       0               0.00            25676.20        25676.20       
  79       0               0.00            25676.20        25676.20       
  92       0               0.00            25676.20        25676.20       
  97       0               0.00            25676.20        25676.20       
  0        0               25676.20        49183.73        23507.53       
  17       0               25676.20        49183.73        23507.53       
  22       0               25676.20        49183.73        23507.53       
  23       0               25676.20        49183.73        23507.53       
  25       0               25676.20        49183.73        23507.53       
  33       0               25676.20        49183.73        23507.53       
  44       0               25676.20        49183.73        23507.53       
  48       0               25676.20        49183.73        23507.53       
  64       0               25676.20        49183.73        23507.53       
  65       0               25676.20        49183.73        23507.53       
  74       0               25676.20        49183.73        23507.53       
  86       0               25676.20        49183.73        23507.53       
  87       0               25676.20        49183.73        23507.53       
  98       0               25676.20        49183.73        23507.53       
  4        0               49183.73        65028.61        15844.88       
  14       0               49183.73        65028.61        15844.88       
  39       0               49183.73        65028.61        15844.88       
  62       0               49183.73        65028.61        15844.88       
  91       0               49183.73        65028.61        15844.88       
  99       0               49183.73        65028.61        15844.88       

  机器利用率: 812.25% (忙碌时间: 680936.75 / 总时间: 83833.61)

批处理机1:
工件号      工序号             开始时间            结束时间            加工时长           
--------------------------------------------------------------------------------
  3        1               22998.06        23823.06        825.00         
  18       1               22998.06        23823.06        825.00         
  26       1               22998.06        23823.06        825.00         
  27       1               22998.06        23823.06        825.00         
  50       1               22998.06        23823.06        825.00         
  61       1               22998.06        23823.06        825.00         
  69       1               22998.06        23823.06        825.00         
  71       1               22998.06        23823.06        825.00         
  73       1               22998.06        23823.06        825.00         
  76       1               22998.06        23823.06        825.00         
  77       1               22998.06        23823.06        825.00         
  89       1               22998.06        23823.06        825.00         
  20       1               25676.20        26501.20        825.00         
  24       1               25676.20        26501.20        825.00         
  36       1               25676.20        26501.20        825.00         
  43       1               25676.20        26501.20        825.00         
  55       1               25676.20        26501.20        825.00         
  66       1               25676.20        26501.20        825.00         
  72       1               25676.20        26501.20        825.00         
  79       1               25676.20        26501.20        825.00         
  92       1               25676.20        26501.20        825.00         
  97       1               25676.20        26501.20        825.00         
  2        1               26835.06        27660.06        825.00         
  12       1               26835.06        27660.06        825.00         
  19       1               26835.06        27660.06        825.00         
  34       1               26835.06        27660.06        825.00         
  45       1               26835.06        27660.06        825.00         
  47       1               26835.06        27660.06        825.00         
  51       1               26835.06        27660.06        825.00         
  67       1               26835.06        27660.06        825.00         
  68       1               26835.06        27660.06        825.00         
  70       1               26835.06        27660.06        825.00         
  78       1               26835.06        27660.06        825.00         
  83       1               26835.06        27660.06        825.00         
  90       1               26835.06        27660.06        825.00         
  1        1               41327.36        42152.36        825.00         
  5        1               41327.36        42152.36        825.00         
  7        1               41327.36        42152.36        825.00         
  15       1               41327.36        42152.36        825.00         
  16       1               41327.36        42152.36        825.00         
  21       1               41327.36        42152.36        825.00         
  35       1               41327.36        42152.36        825.00         
  52       1               41327.36        42152.36        825.00         
  54       1               41327.36        42152.36        825.00         
  57       1               41327.36        42152.36        825.00         
  59       1               41327.36        42152.36        825.00         
  75       1               41327.36        42152.36        825.00         
  84       1               41327.36        42152.36        825.00         
  88       1               41327.36        42152.36        825.00         
  28       1               42819.65        43644.65        825.00         
  30       1               42819.65        43644.65        825.00         
  56       1               42819.65        43644.65        825.00         
  58       1               42819.65        43644.65        825.00         
  60       1               42819.65        43644.65        825.00         
  82       1               42819.65        43644.65        825.00         
  8        1               43704.57        44529.57        825.00         
  10       1               43704.57        44529.57        825.00         
  29       1               43704.57        44529.57        825.00         
  37       1               43704.57        44529.57        825.00         
  40       1               43704.57        44529.57        825.00         
  81       1               43704.57        44529.57        825.00         
  94       1               43704.57        44529.57        825.00         
  95       1               43704.57        44529.57        825.00         
  0        1               49183.73        50008.73        825.00         
  17       1               49183.73        50008.73        825.00         
  22       1               49183.73        50008.73        825.00         
  23       1               49183.73        50008.73        825.00         
  25       1               49183.73        50008.73        825.00         
  33       1               49183.73        50008.73        825.00         
  44       1               49183.73        50008.73        825.00         
  48       1               49183.73        50008.73        825.00         
  64       1               49183.73        50008.73        825.00         
  65       1               49183.73        50008.73        825.00         
  74       1               49183.73        50008.73        825.00         
  86       1               49183.73        50008.73        825.00         
  87       1               49183.73        50008.73        825.00         
  98       1               49183.73        50008.73        825.00         
  6        1               52628.90        53453.90        825.00         
  53       1               52628.90        53453.90        825.00         
  96       1               52628.90        53453.90        825.00         
  4        1               65028.61        65853.61        825.00         
  14       1               65028.61        65853.61        825.00         
  39       1               65028.61        65853.61        825.00         
  62       1               65028.61        65853.61        825.00         
  91       1               65028.61        65853.61        825.00         
  99       1               65028.61        65853.61        825.00         
  13       1               67088.29        67913.29        825.00         
  32       1               67088.29        67913.29        825.00         
  80       1               67088.29        67913.29        825.00         
  93       1               67088.29        67913.29        825.00         

  机器利用率: 88.57% (忙碌时间: 74250.00 / 总时间: 83833.61)

批处理机2:
工件号      工序号             开始时间            结束时间            加工时长           
--------------------------------------------------------------------------------
  9        1               41474.25        42604.25        1130.00        
  11       1               41474.25        42604.25        1130.00        
  31       1               41474.25        42604.25        1130.00        
  38       1               41474.25        42604.25        1130.00        
  41       1               41474.25        42604.25        1130.00        
  42       1               41474.25        42604.25        1130.00        
  63       1               41474.25        42604.25        1130.00        
  85       1               41474.25        42604.25        1130.00        
  46       1               65104.78        66234.78        1130.00        
  49       1               65104.78        66234.78        1130.00        

  机器利用率: 13.48% (忙碌时间: 11300.00 / 总时间: 83833.61)

离散机1:
工件号      工序号             开始时间            结束时间            加工时长           
--------------------------------------------------------------------------------
  90       2               27660.06        28886.06        1226.00        
  24       2               28886.06        30428.06        1542.00        
  34       5               30704.06        32118.06        1414.00        
  12       3               32317.06        33446.06        1129.00        
  19       4               33446.06        34983.06        1537.00        
  12       4               34983.06        36576.06        1593.00        
  51       4               36576.06        38181.06        1605.00        
  78       8               38181.06        39561.06        1380.00        
  18       7               40493.06        41504.06        1011.00        
  41       2               42604.25        43858.25        1254.00        
  8        2               44529.57        45563.57        1034.00        
  52       3               45563.57        46660.57        1097.00        
  52       4               46660.57        47859.57        1199.00        
  8        3               47859.57        49560.57        1701.00        
  88       3               49649.25        50895.25        1246.00        
  63       4               50895.25        51954.25        1059.00        
  59       3               51954.25        53105.25        1151.00        
  75       5               53107.73        54838.73        1731.00        
  22       3               54838.73        55738.73        900.00         
  38       5               55738.73        56699.73        961.00         
  29       4               56699.73        58362.73        1663.00        
  8        5               58362.73        59975.73        1613.00        
  34       7               59975.73        61289.73        1314.00        
  27       5               61289.73        62629.73        1340.00        
  22       6               62757.25        63879.25        1122.00        
  5        3               63879.25        65641.25        1762.00        
  83       2               65641.25        66996.25        1355.00        
  14       3               67069.61        68543.61        1474.00        
  62       3               68620.61        69919.61        1299.00        
  23       7               70277.61        71285.61        1008.00        
  91       4               71888.61        72917.61        1029.00        
  91       5               72917.61        74566.61        1649.00        
  85       8               74566.61        75785.61        1219.00        
  4        7               75785.61        76953.61        1168.00        
  76       8               76953.61        78428.61        1475.00        
  98       7               78428.61        80108.61        1680.00        
  80       5               80108.61        81288.61        1180.00        
  94       9               81288.61        82372.61        1084.00        

  机器利用率: 59.89% (忙碌时间: 50204.00 / 总时间: 83833.61)

离散机2:
工件号      工序号             开始时间            结束时间            加工时长           
--------------------------------------------------------------------------------
  71       2               23823.06        24995.06        1172.00        
  26       3               25103.06        26144.06        1041.00        
  20       2               26501.20        28141.20        1640.00        
  72       3               28141.20        29097.20        956.00         
  34       4               29554.06        30704.06        1150.00        
  66       2               30704.06        32338.06        1634.00        
  67       3               32338.06        33962.06        1624.00        
  90       3               33962.06        35724.06        1762.00        
  19       6               36031.06        37006.06        975.00         
  18       8               41504.06        42522.06        1018.00        
  85       2               42604.25        43633.25        1029.00        
  40       2               44529.57        46265.57        1736.00        
  11       2               46265.57        47793.57        1528.00        
  38       3               47793.57        48775.57        982.00         
  85       4               48775.57        49682.57        907.00         
  44       2               50008.73        51338.73        1330.00        
  38       4               51338.73        52696.73        1358.00        
  30       5               52696.73        53990.73        1294.00        
  94       2               53990.73        55315.73        1325.00        
  54       3               55315.73        56715.73        1400.00        
  16       4               56715.73        57741.73        1026.00        
  9        8               57741.73        58675.73        934.00         
  6        3               58867.73        59778.73        911.00         
  86       5               59778.73        60862.73        1084.00        
  17       2               60862.73        62291.73        1429.00        
  98       4               63036.73        63941.73        905.00         
  56       5               63941.73        65552.73        1611.00        
  94       6               66055.73        67772.73        1717.00        
  94       7               67772.73        69015.73        1243.00        
  80       3               69199.61        70186.61        987.00         
  13       3               70186.61        71165.61        979.00         
  64       5               71165.61        72719.61        1554.00        
  98       6               72719.61        73952.61        1233.00        
  63       7               73952.61        74885.61        933.00         
  88       5               74885.61        75785.61        900.00         
  85       9               75785.61        76736.61        951.00         
  91       6               76736.61        77984.61        1248.00        
  23       8               77984.61        79058.61        1074.00        
  36       8               79058.61        80053.61        995.00         
  25       4               80053.61        81525.61        1472.00        

  机器利用率: 58.51% (忙碌时间: 49047.00 / 总时间: 83833.61)

离散机3:
工件号      工序号             开始时间            结束时间            加工时长           
--------------------------------------------------------------------------------
  76       2               23823.06        25470.06        1647.00        
  76       3               25470.06        27124.06        1654.00        
  73       2               27124.06        28604.06        1480.00        
  26       4               28604.06        29685.06        1081.00        
  20       4               30683.06        32366.06        1683.00        
  78       4               32529.06        33805.06        1276.00        
  78       6               34764.06        36047.06        1283.00        
  71       7               37169.06        38411.06        1242.00        
  67       4               38411.06        39768.06        1357.00        
  20       8               39768.06        41011.06        1243.00        
  90       7               41011.06        42055.06        1044.00        
  35       2               42152.36        43152.36        1000.00        
  56       2               43644.65        45416.65        1772.00        
  30       2               45416.65        46991.65        1575.00        
  63       3               46991.65        48415.65        1424.00        
  29       2               48415.65        49721.65        1306.00        
  31       2               49721.65        50998.65        1277.00        
  86       2               50998.65        52559.65        1561.00        
  64       3               53028.73        54157.73        1129.00        
  74       5               54157.73        55751.73        1594.00        
  48       4               56361.73        57781.73        1420.00        
  11       3               57781.73        58888.73        1107.00        
  94       4               58888.73        59873.73        985.00         
  53       2               59873.73        61310.73        1437.00        
  98       3               61310.73        63036.73        1726.00        
  44       3               63036.73        64610.73        1574.00        
  94       5               64610.73        66055.73        1445.00        
  81       7               66055.73        67110.73        1055.00        
  11       6               67110.73        68055.73        945.00         
  4        4               68231.61        69604.61        1373.00        
  99       4               69604.61        70883.61        1279.00        
  74       6               70883.61        72225.61        1342.00        
  40       6               72225.61        74001.61        1776.00        
  76       7               74001.61        75404.61        1403.00        
  75       8               75404.61        76968.61        1564.00        
  90       8               76968.61        78183.61        1215.00        
  18       9               78183.61        79927.61        1744.00        
  33       8               79927.61        80937.61        1010.00        
  64       7               80937.61        81939.61        1002.00        
  75       9               81939.61        82908.61        969.00         
  44       5               82908.61        83833.61        925.00         

  机器利用率: 65.52% (忙碌时间: 54924.00 / 总时间: 83833.61)

离散机4:
工件号      工序号             开始时间            结束时间            加工时长           
--------------------------------------------------------------------------------
  77       2               23823.06        25222.06        1399.00        
  77       3               25222.06        26742.06        1520.00        
  77       4               26742.06        27662.06        920.00         
  45       2               27662.06        28920.06        1258.00        
  36       2               28920.06        29911.06        991.00         
  69       4               30287.06        32047.06        1760.00        
  78       5               33805.06        34764.06        959.00         
  19       5               34983.06        36031.06        1048.00        
  20       6               36031.06        37496.06        1465.00        
  66       5               37496.06        38536.06        1040.00        
  20       7               38536.06        39528.06        992.00         
  19       7               39528.06        41076.06        1548.00        
  45       6               41076.06        42088.06        1012.00        
  21       2               42152.36        43243.36        1091.00        
  9        3               44366.25        46163.25        1797.00        
  75       2               46163.25        47587.25        1424.00        
  9        4               47587.25        49077.25        1490.00        
  30       3               49077.25        50469.25        1392.00        
  74       3               51063.73        52229.73        1166.00        
  22       2               52229.73        53318.73        1089.00        
  98       2               53318.73        54832.73        1514.00        
  37       2               54832.73        55778.73        946.00         
  86       3               55778.73        57424.73        1646.00        
  6        2               57424.73        58867.73        1443.00        
  22       4               58867.73        59886.73        1019.00        
  40       4               59886.73        61423.73        1537.00        
  7        3               61423.73        62673.73        1250.00        
  58       5               62673.73        63852.73        1179.00        
  85       5               63852.73        65592.73        1740.00        
  23       4               65592.73        66520.73        928.00         
  33       6               66520.73        67672.73        1152.00        
  53       3               67672.73        68972.73        1300.00        
  39       4               68972.73        70265.73        1293.00        
  46       3               70265.73        71451.73        1186.00        
  98       5               71451.73        72390.73        939.00         
  58       8               72390.73        73373.73        983.00         
  87       3               73373.73        74608.73        1235.00        
  40       7               74608.73        76104.73        1496.00        
  64       6               76104.73        77793.73        1689.00        
  74       8               77793.73        79413.73        1620.00        
  74       9               79413.73        81012.73        1599.00        

  机器利用率: 63.29% (忙碌时间: 53055.00 / 总时间: 83833.61)

离散机5:
工件号      工序号             开始时间            结束时间            加工时长           
--------------------------------------------------------------------------------
  34       2               27660.06        28650.06        990.00         
  69       3               28650.06        30287.06        1637.00        
  45       4               30287.06        31195.06        908.00         
  76       5               31195.06        32231.06        1036.00        
  66       3               32338.06        34018.06        1680.00        
  97       2               34018.06        35646.06        1628.00        
  79       2               35646.06        37104.06        1458.00        
  92       4               37104.06        38517.06        1413.00        
  51       6               39405.06        40747.06        1342.00        
  34       6               40747.06        41780.06        1033.00        
  52       2               42152.36        43526.36        1374.00        
  45       7               43526.36        44441.36        915.00         
  10       2               44529.57        45968.57        1439.00        
  38       2               45968.57        47144.57        1176.00        
  95       2               47144.57        48815.57        1671.00        
  36       4               48815.57        50425.57        1610.00        
  9        6               51118.25        52092.25        974.00         
  74       4               52229.73        53917.73        1688.00        
  65       3               53917.73        55448.73        1531.00        
  48       3               55448.73        56361.73        913.00         
  75       6               56361.73        57686.73        1325.00        
  37       3               57686.73        58915.73        1229.00        
  48       5               58915.73        59838.73        923.00         
  6        4               59838.73        61357.73        1519.00        
  29       5               61357.73        62458.73        1101.00        
  87       2               62458.73        63383.73        925.00         
  43       2               63383.73        65118.73        1735.00        
  39       2               65853.61        66896.61        1043.00        
  99       3               66993.61        67912.61        919.00         
  13       2               67913.29        69137.29        1224.00        
  85       6               69137.29        70250.29        1113.00        
  4        5               70250.29        71772.29        1522.00        
  39       6               71772.29        73036.29        1264.00        
  49       5               73036.29        74286.29        1250.00        
  80       4               74286.29        75668.29        1382.00        
  38       9               75668.29        77045.29        1377.00        
  66       8               77045.29        78093.29        1048.00        
  99       8               78093.29        79105.29        1012.00        
  49       7               79105.29        80382.29        1277.00        
  34       9               80382.29        81978.29        1596.00        
  83       3               81978.29        82935.29        957.00         

  机器利用率: 62.21% (忙碌时间: 52157.00 / 总时间: 83833.61)

离散机6:
工件号      工序号             开始时间            结束时间            加工时长           
--------------------------------------------------------------------------------
  27       2               23823.06        25102.06        1279.00        
  27       3               25102.06        26471.06        1369.00        
  51       2               27660.06        29255.06        1595.00        
  20       3               29255.06        30683.06        1428.00        
  51       3               30683.06        32374.06        1691.00        
  69       6               33405.06        34622.06        1217.00        
  73       3               34622.06        35869.06        1247.00        
  27       4               35869.06        37060.06        1191.00        
  24       4               37060.06        38788.06        1728.00        
  50       3               38788.06        40489.06        1701.00        
  51       7               40747.06        41984.06        1237.00        
  9        2               42604.25        44366.25        1762.00        
  16       2               44366.25        45953.25        1587.00        
  56       3               45953.25        47310.25        1357.00        
  7        2               47310.25        48729.25        1419.00        
  16       3               48729.25        49756.25        1027.00        
  23       2               50008.73        51680.73        1672.00        
  64       2               51680.73        53028.73        1348.00        
  9        7               53028.73        54013.73        985.00         
  33       3               54013.73        55207.73        1194.00        
  25       3               55207.73        56769.73        1562.00        
  86       4               57424.73        59130.73        1706.00        
  33       5               59130.73        60431.73        1301.00        
  56       4               60431.73        61527.73        1096.00        
  11       5               61527.73        62486.73        959.00         
  8        7               62486.73        64085.73        1599.00        
  95       3               64085.73        65774.73        1689.00        
  99       2               65853.61        66993.61        1140.00        
  62       2               66993.61        68620.61        1627.00        
  58       6               68620.61        70307.61        1687.00        
  39       5               70307.61        71641.61        1334.00        
  29       6               71641.61        73283.61        1642.00        
  66       7               73283.61        74763.61        1480.00        
  5        4               74763.61        75872.61        1109.00        
  29       8               75872.61        77039.61        1167.00        
  15       3               77039.61        78105.61        1066.00        
  34       8               78105.61        79332.61        1227.00        
  94       8               79332.61        80319.61        987.00         
  99       9               80319.61        81372.61        1053.00        
  53       4               81372.61        82949.61        1577.00        

  机器利用率: 65.66% (忙碌时间: 55042.00 / 总时间: 83833.61)

离散机7:
工件号      工序号             开始时间            结束时间            加工时长           
--------------------------------------------------------------------------------
  89       2               23823.06        25511.06        1688.00        
  72       2               26501.20        28088.20        1587.00        
  71       4               28088.20        29522.20        1434.00        
  70       2               29522.20        30908.20        1386.00        
  89       4               30908.20        31944.20        1036.00        
  69       5               32047.06        33405.06        1358.00        
  92       2               33405.06        35061.06        1656.00        
  77       5               35061.06        36045.06        984.00         
  78       7               36047.06        37745.06        1698.00        
  18       5               37745.06        39147.06        1402.00        
  36       3               39147.06        40616.06        1469.00        
  76       6               40616.06        41543.06        927.00         
  54       2               42152.36        43769.36        1617.00        
  84       3               43769.36        44714.36        945.00         
  84       4               44714.36        46041.36        1327.00        
  40       3               46265.57        47438.57        1173.00        
  5        2               47438.57        49046.57        1608.00        
  33       2               50008.73        51161.73        1153.00        
  48       2               51161.73        52644.73        1483.00        
  25       2               52644.73        53903.73        1259.00        
  30       6               53990.73        55056.73        1066.00        
  41       3               55056.73        56770.73        1714.00        
  81       4               57222.25        58799.25        1577.00        
  11       4               58888.73        60029.73        1141.00        
  8        6               60029.73        61381.73        1352.00        
  36       5               61381.73        62463.73        1082.00        
  36       6               62463.73        63662.73        1199.00        
  66       6               63662.73        65210.73        1548.00        
  4        2               65853.61        67060.61        1207.00        
  23       5               67060.61        68463.61        1403.00        
  49       3               68964.61        70763.61        1799.00        
  58       7               70763.61        71843.61        1080.00        
  99       6               71986.61        73123.61        1137.00        
  4        6               73123.61        74844.61        1721.00        
  29       7               74844.61        75847.61        1003.00        
  6        5               75847.61        77464.61        1617.00        
  32       2               77464.61        78366.61        902.00         
  40       8               78366.61        79641.61        1275.00        
  30       8               79641.61        81131.61        1490.00        
  40       9               81131.61        82531.61        1400.00        
  23       9               82531.61        83433.61        902.00         

  机器利用率: 65.37% (忙碌时间: 54805.00 / 总时间: 83833.61)

离散机8:
工件号      工序号             开始时间            结束时间            加工时长           
--------------------------------------------------------------------------------
  18       2               23823.06        24880.06        1057.00        
  18       3               24880.06        26292.06        1412.00        
  18       4               26292.06        27515.06        1223.00        
  89       3               27515.06        28675.06        1160.00        
  45       3               28920.06        30224.06        1304.00        
  19       3               31048.06        32630.06        1582.00        
  50       2               32630.06        33627.06        997.00         
  24       3               33627.06        35379.06        1752.00        
  71       6               35379.06        37169.06        1790.00        
  90       5               37169.06        38575.06        1406.00        
  71       8               38575.06        39844.06        1269.00        
  84       2               42152.36        43565.36        1413.00        
  85       3               43633.25        44787.25        1154.00        
  21       4               44787.25        46431.25        1644.00        
  58       2               46431.25        48088.25        1657.00        
  88       2               48088.25        49649.25        1561.00        
  8        4               49649.25        50613.25        964.00         
  58       3               50613.25        51567.25        954.00         
  58       4               51567.25        52712.25        1145.00        
  31       3               52712.25        54450.25        1738.00        
  29       3               54450.25        55756.25        1306.00        
  81       3               55756.25        57222.25        1466.00        
  33       4               57222.25        58950.25        1728.00        
  81       5               58950.25        60101.25        1151.00        
  38       6               60101.25        61480.25        1379.00        
  88       4               61480.25        62453.25        973.00         
  40       5               62453.25        63464.25        1011.00        
  69       9               63464.25        64584.25        1120.00        
  52       6               64584.25        65777.25        1193.00        
  14       2               65853.61        67069.61        1216.00        
  4        3               67069.61        68231.61        1162.00        
  80       2               68231.61        69199.61        968.00         
  91       2               69199.61        70747.61        1548.00        
  49       4               70763.61        72086.61        1323.00        
  14       5               72086.61        73483.61        1397.00        
  99       7               73483.61        74691.61        1208.00        
  58       9               74691.61        76106.61        1415.00        
  74       7               76106.61        77426.61        1320.00        
  8        8               77426.61        78867.61        1441.00        
  90       9               78867.61        80158.61        1291.00        
  21       6               80158.61        81263.61        1105.00        

  机器利用率: 64.30% (忙碌时间: 53903.00 / 总时间: 83833.61)

离散机9:
工件号      工序号             开始时间            结束时间            加工时长           
--------------------------------------------------------------------------------
  71       3               24995.06        26591.06        1596.00        
  76       4               27124.06        28435.06        1311.00        
  34       3               28650.06        29554.06        904.00         
  67       2               29554.06        31255.06        1701.00        
  12       2               31255.06        32317.06        1062.00        
  71       5               32317.06        33379.06        1062.00        
  45       5               33379.06        34305.06        926.00         
  92       3               35061.06        36252.06        1191.00        
  89       5               36252.06        37642.06        1390.00        
  90       6               38575.06        39678.06        1103.00        
  67       5               39768.06        40834.06        1066.00        
  71       9               40834.06        42361.06        1527.00        
  42       2               42604.25        43758.25        1154.00        
  81       2               44529.57        45640.57        1111.00        
  15       2               45640.57        46643.57        1003.00        
  82       2               46643.57        47743.57        1100.00        
  60       2               47743.57        49305.57        1562.00        
  74       2               50008.73        51063.73        1055.00        
  65       2               51063.73        52013.73        950.00         
  75       4               52013.73        53107.73        1094.00        
  23       3               53107.73        54336.73        1229.00        
  94       3               55315.73        56219.73        904.00         
  30       7               56219.73        57778.73        1559.00        
  63       6               57778.73        59499.73        1721.00        
  21       5               59499.73        61064.73        1565.00        
  75       7               61064.73        62365.73        1301.00        
  16       5               62365.73        63420.73        1055.00        
  96       2               63420.73        64895.73        1475.00        
  22       7               64895.73        66012.73        1117.00        
  46       2               66234.78        67770.78        1536.00        
  56       6               67770.78        68919.78        1149.00        
  14       4               68919.78        70200.78        1281.00        
  91       3               70747.61        71888.61        1141.00        
  11       7               71888.61        73118.61        1230.00        
  33       7               73118.61        74090.61        972.00         
  49       6               74286.29        75356.29        1070.00        

  机器利用率: 52.69% (忙碌时间: 44173.00 / 总时间: 83833.61)

离散机10:
工件号      工序号             开始时间            结束时间            加工时长           
--------------------------------------------------------------------------------
  26       2               23823.06        25103.06        1280.00        
  69       2               25103.06        26293.06        1190.00        
  78       2               27660.06        29352.06        1692.00        
  19       2               29352.06        31048.06        1696.00        
  78       3               31048.06        32529.06        1481.00        
  20       5               32529.06        33962.06        1433.00        
  66       4               34018.06        35481.06        1463.00        
  90       4               35724.06        36874.06        1150.00        
  69       7               36874.06        38048.06        1174.00        
  51       5               38181.06        39405.06        1224.00        
  18       6               39405.06        40493.06        1088.00        
  70       3               40493.06        41466.06        973.00         
  69       8               41466.06        42489.06        1023.00        
  63       2               42604.25        43771.25        1167.00        
  21       3               43771.25        44711.25        940.00         
  59       2               44711.25        46474.25        1763.00        
  20       9               46474.25        47568.25        1094.00        
  75       3               47587.25        49218.25        1631.00        
  52       5               49218.25        50214.25        996.00         
  9        5               50214.25        51118.25        904.00         
  30       4               51118.25        52507.25        1389.00        
  84       5               52507.25        53857.25        1350.00        
  64       4               54157.73        55064.73        907.00         
  63       5               55064.73        56812.73        1748.00        
  54       4               56812.73        58421.73        1609.00        
  19       8               58421.73        59427.73        1006.00        
  81       6               60101.25        61506.25        1405.00        
  22       5               61506.25        62757.25        1251.00        
  38       7               62757.25        64301.25        1544.00        
  36       7               64301.25        65644.25        1343.00        
  38       8               65644.25        66850.25        1206.00        
  39       3               66896.61        68055.61        1159.00        
  49       2               68055.61        68964.61        909.00         
  23       6               68964.61        70277.61        1313.00        
  99       5               70883.61        71986.61        1103.00        
  85       7               71986.61        72936.61        950.00         
  37       4               72936.61        74515.61        1579.00        
  7        4               74515.61        75587.61        1072.00        
  44       4               75587.61        77154.61        1567.00        
  56       7               77154.61        78592.61        1438.00        
  73       4               78592.61        80105.61        1513.00        

  机器利用率: 62.89% (忙碌时间: 52723.00 / 总时间: 83833.61)

【打印批次详细信息】
----------------------------------------------------------------------------------------------------

打印机 1 (尺寸: 1136.0 x 515.0 x 661.0):
--------------------------------------------------------------------------------
  批次 1: 零件数=13, 占用率=87.12%
    - 45: 尺寸 90.0 x 153.0 x 44.0
    - 12: 尺寸 273.0 x 155.0 x 98.0
    - 68: 尺寸 726.0 x 230.0 x 47.0
    - 67: 尺寸 82.0 x 81.0 x 197.0
    - 78: 尺寸 289.0 x 218.0 x 38.0
    - 83: 尺寸 214.0 x 241.0 x 78.0
    - 2: 尺寸 141.0 x 196.0 x 133.0
    - 34: 尺寸 351.0 x 258.0 x 152.0
    - 47: 尺寸 61.0 x 111.0 x 111.0
    - 51: 尺寸 62.0 x 111.0 x 130.0
    - 90: 尺寸 70.0 x 69.0 x 76.0
    - 70: 尺寸 112.0 x 129.0 x 175.0
    - 19: 尺寸 136.0 x 105.0 x 90.0
  批次 2: 零件数=8, 占用率=82.71%
    - 31: 尺寸 646.0 x 320.0 x 106.0
    - 11: 尺寸 343.0 x 187.0 x 14.0
    - 85: 尺寸 137.0 x 157.0 x 18.0
    - 9: 尺寸 139.0 x 152.0 x 52.0
    - 42: 尺寸 329.0 x 171.0 x 43.0
    - 63: 尺寸 130.0 x 195.0 x 25.0
    - 38: 尺寸 410.0 x 154.0 x 97.0
    - 41: 尺寸 219.0 x 117.0 x 68.0
  批次 3: 零件数=3, 占用率=72.00%
    - 53: 尺寸 271.0 x 219.0 x 23.0
    - 6: 尺寸 653.0 x 138.0 x 80.0
    - 96: 尺寸 757.0 x 359.0 x 33.0

打印机 2 (尺寸: 848.0 x 530.0 x 684.0):
--------------------------------------------------------------------------------
  批次 1: 零件数=12, 占用率=93.37%
    - 61: 尺寸 468.0 x 120.0 x 73.0
    - 3: 尺寸 353.0 x 171.0 x 77.0
    - 73: 尺寸 461.0 x 158.0 x 47.0
    - 18: 尺寸 357.0 x 234.0 x 45.0
    - 71: 尺寸 207.0 x 241.0 x 87.0
    - 89: 尺寸 195.0 x 51.0 x 106.0
    - 26: 尺寸 63.0 x 135.0 x 22.0
    - 77: 尺寸 191.0 x 185.0 x 20.0
    - 50: 尺寸 132.0 x 111.0 x 45.0
    - 76: 尺寸 61.0 x 122.0 x 80.0
    - 27: 尺寸 71.0 x 112.0 x 21.0
    - 69: 尺寸 105.0 x 124.0 x 83.0
  批次 2: 零件数=6, 占用率=88.23%
    - 82: 尺寸 714.0 x 320.0 x 71.0
    - 60: 尺寸 134.0 x 156.0 x 49.0
    - 56: 尺寸 123.0 x 197.0 x 52.0
    - 30: 尺寸 217.0 x 156.0 x 46.0
    - 58: 尺寸 477.0 x 155.0 x 91.0
    - 28: 尺寸 113.0 x 134.0 x 74.0
  批次 3: 零件数=4, 占用率=85.67%
    - 93: 尺寸 324.0 x 223.0 x 10.0
    - 32: 尺寸 406.0 x 139.0 x 44.0
    - 13: 尺寸 415.0 x 335.0 x 49.0
    - 80: 尺寸 419.0 x 280.0 x 112.0

打印机 3 (尺寸: 807.0 x 480.0 x 696.0):
--------------------------------------------------------------------------------
  批次 1: 零件数=14, 占用率=84.85%
    - 54: 尺寸 52.0 x 132.0 x 29.0
    - 5: 尺寸 115.0 x 81.0 x 30.0
    - 88: 尺寸 181.0 x 95.0 x 92.0
    - 57: 尺寸 219.0 x 109.0 x 74.0
    - 52: 尺寸 226.0 x 282.0 x 86.0
    - 35: 尺寸 117.0 x 360.0 x 67.0
    - 1: 尺寸 165.0 x 103.0 x 35.0
    - 21: 尺寸 202.0 x 153.0 x 26.0
    - 75: 尺寸 250.0 x 127.0 x 93.0
    - 16: 尺寸 116.0 x 59.0 x 94.0
    - 84: 尺寸 56.0 x 71.0 x 27.0
    - 59: 尺寸 247.0 x 176.0 x 64.0
    - 15: 尺寸 102.0 x 130.0 x 32.0
    - 7: 尺寸 137.0 x 134.0 x 76.0

打印机 4 (尺寸: 1161.0 x 421.0 x 671.0):
--------------------------------------------------------------------------------
  批次 1: 零件数=8, 占用率=84.20%
    - 37: 尺寸 179.0 x 70.0 x 67.0
    - 29: 尺寸 627.0 x 359.0 x 52.0
    - 8: 尺寸 231.0 x 384.0 x 105.0
    - 94: 尺寸 94.0 x 170.0 x 52.0
    - 95: 尺寸 209.0 x 161.0 x 32.0
    - 40: 尺寸 54.0 x 130.0 x 66.0
    - 10: 尺寸 196.0 x 108.0 x 80.0
    - 81: 尺寸 78.0 x 95.0 x 49.0
  批次 2: 零件数=2, 占用率=21.83%
    - 49: 尺寸 439.0 x 204.0 x 36.0
    - 46: 尺寸 133.0 x 129.0 x 51.0

打印机 5 (尺寸: 948.0 x 522.0 x 516.0):
--------------------------------------------------------------------------------
  批次 1: 零件数=10, 占用率=88.68%
    - 36: 尺寸 450.0 x 360.0 x 81.0
    - 66: 尺寸 449.0 x 246.0 x 170.0
    - 43: 尺寸 200.0 x 89.0 x 72.0
    - 72: 尺寸 291.0 x 120.0 x 175.0
    - 92: 尺寸 189.0 x 82.0 x 92.0
    - 24: 尺寸 435.0 x 128.0 x 59.0
    - 79: 尺寸 170.0 x 51.0 x 18.0
    - 97: 尺寸 123.0 x 112.0 x 51.0
    - 20: 尺寸 84.0 x 95.0 x 151.0
    - 55: 尺寸 180.0 x 67.0 x 20.0
  批次 2: 零件数=14, 占用率=92.64%
    - 64: 尺寸 331.0 x 236.0 x 99.0
    - 33: 尺寸 183.0 x 154.0 x 59.0
    - 86: 尺寸 395.0 x 216.0 x 160.0
    - 17: 尺寸 212.0 x 140.0 x 79.0
    - 65: 尺寸 365.0 x 121.0 x 48.0
    - 0: 尺寸 161.0 x 141.0 x 93.0
    - 98: 尺寸 170.0 x 165.0 x 32.0
    - 48: 尺寸 237.0 x 157.0 x 157.0
    - 25: 尺寸 341.0 x 98.0 x 152.0
    - 87: 尺寸 157.0 x 117.0 x 86.0
    - 22: 尺寸 141.0 x 112.0 x 122.0
    - 44: 尺寸 216.0 x 60.0 x 64.0
    - 23: 尺寸 135.0 x 67.0 x 71.0
    - 74: 尺寸 217.0 x 71.0 x 13.0
  批次 3: 零件数=6, 占用率=66.06%
    - 39: 尺寸 633.0 x 340.0 x 37.0
    - 91: 尺寸 153.0 x 338.0 x 53.0
    - 14: 尺寸 94.0 x 179.0 x 59.0
    - 62: 尺寸 71.0 x 177.0 x 65.0
    - 99: 尺寸 87.0 x 103.0 x 37.0
    - 4: 尺寸 169.0 x 128.0 x 107.0

════════════════════════════════════════════════════════════════
