迭代次数,Cmax
1,258934.0000
2,258226.0000
3,258226.0000
4,258226.0000
5,258226.0000
6,258226.0000
7,258226.0000
8,258226.0000
9,258226.0000
10,258226.0000
11,258226.0000
12,258226.0000
13,258226.0000
14,258226.0000
15,258226.0000
16,258226.0000
17,258226.0000
18,258226.0000
19,258226.0000
20,258226.0000
21,251625.9000
22,251625.9000
23,251625.9000
24,251625.9000
25,251625.9000
26,251625.9000
27,251625.9000
28,251625.9000
29,251625.9000
30,251625.9000
31,251625.9000
32,251625.9000
33,251625.9000
34,251625.9000
35,251625.9000
36,251625.9000
37,251625.9000
38,251625.9000
39,251625.9000
40,251625.9000
41,251625.9000
42,251625.9000
43,251625.9000
44,251625.9000
45,251625.9000
46,251625.9000
47,251625.9000
48,251625.9000
49,251625.9000
50,251625.9000
51,251625.9000
52,251625.9000
53,251625.9000
54,251625.9000
55,251625.9000
56,251625.9000
57,251625.9000
58,251625.9000
59,251625.9000
60,251625.9000
61,251625.9000
62,251625.9000
63,251625.9000
64,251625.9000
65,251625.9000
66,251625.9000
67,251625.9000
68,251625.9000
69,251625.9000
70,251625.9000
71,251625.9000
72,251625.9000
73,251625.9000
74,251625.9000
75,251625.9000
76,251625.9000
77,251625.9000
78,251625.9000
79,251625.9000
80,251625.9000
81,251625.9000
82,251625.9000
83,251625.9000
84,251625.9000
85,251625.9000
86,251625.9000
87,251625.9000
88,251625.9000
89,251625.9000
90,251625.9000
91,251625.9000
92,251625.9000
93,251625.9000
94,251625.9000
95,251625.9000
96,251625.9000
97,251625.9000
98,251625.9000
99,251625.9000
100,251625.9000
101,251625.9000
102,251625.9000
103,251625.9000
104,251625.9000
105,251625.9000
106,251625.9000
107,251625.9000
108,251625.9000
109,251625.9000
110,251625.9000
111,251625.9000
112,251625.9000
113,251625.9000
114,251625.9000
115,251625.9000
116,251625.9000
117,251625.9000
118,251625.9000
119,251625.9000
120,251625.9000
121,251625.9000
122,251625.9000
123,246347.1000
124,246347.1000
125,246347.1000
126,246347.1000
127,246347.1000
128,246347.1000
129,246347.1000
130,246347.1000
131,246347.1000
132,246347.1000
133,246347.1000
134,246347.1000
135,246347.1000
136,246347.1000
137,246347.1000
138,246347.1000
139,246347.1000
140,246347.1000
141,246347.1000
142,246347.1000
143,246347.1000
144,246347.1000
145,246347.1000
146,246347.1000
147,246347.1000
148,246347.1000
149,246347.1000
150,246347.1000
151,246347.1000
152,246347.1000
153,245724.6000
154,245724.6000
155,245724.6000
156,245724.6000
157,245724.6000
158,245724.6000
159,240744.6000
160,240744.6000
161,240744.6000
162,240744.6000
163,240744.6000
164,240744.6000
165,240744.6000
166,240744.6000
167,240744.6000
168,240744.6000
169,240744.6000
170,240744.6000
171,240744.6000
172,240744.6000
173,240744.6000
174,240744.6000
175,240744.6000
176,240744.6000
177,240744.6000
178,240744.6000
179,240744.6000
180,240744.6000
181,240744.6000
182,240744.6000
183,240744.6000
184,240744.6000
185,240744.6000
186,240744.6000
187,240744.6000
188,240744.6000
189,240744.6000
190,240744.6000
191,240744.6000
192,240744.6000
193,240744.6000
194,240744.6000
195,240744.6000
196,240744.6000
197,240744.6000
198,240744.6000
199,240744.6000
200,240744.6000
201,240744.6000
202,240744.6000
203,240744.6000
204,240744.6000
205,240744.6000
206,240744.6000
207,240744.6000
208,240744.6000
209,240744.6000
210,240744.6000
211,240744.6000
212,240744.6000
213,240744.6000
214,240744.6000
215,240744.6000
216,240744.6000
217,240744.6000
218,240744.6000
219,240744.6000
220,240744.6000
221,240744.6000
222,240744.6000
223,240744.6000
224,240744.6000
225,240744.6000
226,240744.6000
227,240744.6000
228,240744.6000
229,240744.6000
230,240744.6000
231,240744.6000
232,240744.6000
233,240744.6000
234,240744.6000
235,240744.6000
236,240744.6000
237,240744.6000
238,240744.6000
239,240744.6000
240,240744.6000
241,240744.6000
242,240744.6000
243,240744.6000
244,240744.6000
245,240744.6000
246,240744.6000
247,240744.6000
248,240744.6000
249,240744.6000
250,240744.6000
251,240744.6000
252,239693.0000
253,239693.0000
254,239693.0000
255,239693.0000
256,239693.0000
257,239693.0000
258,239693.0000
259,238578.3000
260,238578.3000
261,238578.3000
262,238578.3000
263,238578.3000
264,238578.3000
265,238578.3000
266,238578.3000
267,238578.3000
268,238578.3000
269,238578.3000
270,238578.3000
271,238578.3000
272,238578.3000
273,238578.3000
274,238578.3000
275,238578.3000
276,238578.3000
277,238041.0000
278,238041.0000
279,236625.0000
280,236625.0000
281,236625.0000
282,236625.0000
283,236625.0000
284,236625.0000
285,236625.0000
286,236625.0000
287,236625.0000
288,236625.0000
289,236625.0000
290,236625.0000
291,236625.0000
292,236625.0000
293,236625.0000
294,236625.0000
295,236625.0000
296,236625.0000
297,236625.0000
298,236625.0000
299,236625.0000
300,235917.0000
301,235917.0000
302,235917.0000
303,235917.0000
304,235917.0000
305,235917.0000
306,235917.0000
307,232849.0000
308,232849.0000
309,232849.0000
310,232849.0000
311,232849.0000
312,232849.0000
313,232849.0000
314,232849.0000
315,232849.0000
316,232849.0000
317,232849.0000
318,232849.0000
319,232849.0000
320,232849.0000
321,232849.0000
322,232849.0000
323,232849.0000
324,232849.0000
325,232849.0000
326,232849.0000
327,232849.0000
328,232849.0000
329,232849.0000
330,232849.0000
331,232849.0000
332,232849.0000
333,232849.0000
334,232849.0000
335,232849.0000
336,232849.0000
337,232849.0000
338,232849.0000
339,232849.0000
340,232849.0000
341,232849.0000
342,232849.0000
343,232849.0000
344,232849.0000
345,232849.0000
346,232849.0000
347,232849.0000
348,232849.0000
349,232849.0000
350,232849.0000
351,232849.0000
352,232849.0000
353,232849.0000
354,232849.0000
355,232849.0000
356,232849.0000
357,232849.0000
358,232849.0000
359,232849.0000
360,232849.0000
361,232849.0000
362,232849.0000
363,232849.0000
364,232849.0000
365,232849.0000
366,232849.0000
367,232849.0000
368,232849.0000
369,232849.0000
370,232849.0000
371,232849.0000
372,232849.0000
373,232849.0000
374,232849.0000
375,232849.0000
376,232849.0000
377,232849.0000
378,232849.0000
379,232849.0000
380,232849.0000
381,232849.0000
382,232849.0000
383,232849.0000
384,232849.0000
385,232849.0000
386,232849.0000
387,232849.0000
388,232849.0000
389,232849.0000
390,232849.0000
391,232849.0000
392,232849.0000
393,232849.0000
394,232849.0000
395,232849.0000
396,232849.0000
397,232849.0000
398,232849.0000
399,232849.0000
400,232849.0000
401,232849.0000
402,232849.0000
403,232849.0000
404,232849.0000
405,232849.0000
406,232849.0000
407,232849.0000
408,232849.0000
409,232849.0000
410,232849.0000
411,232849.0000
412,232849.0000
413,232849.0000
414,232849.0000
415,232849.0000
416,232849.0000
417,232849.0000
418,232849.0000
419,232849.0000
420,232849.0000
421,232849.0000
422,232849.0000
423,232849.0000
424,232849.0000
425,232849.0000
426,232849.0000
427,232849.0000
428,232849.0000
429,232849.0000
430,232849.0000
431,232849.0000
432,232849.0000
433,232849.0000
434,232849.0000
435,232849.0000
436,232849.0000
437,232849.0000
438,232849.0000
439,232849.0000
440,232849.0000
441,232849.0000
442,232849.0000
443,232849.0000
444,232849.0000
445,232849.0000
446,232849.0000
447,232849.0000
448,232849.0000
449,232849.0000
450,232849.0000
451,232849.0000
452,232849.0000
453,232849.0000
454,232849.0000
455,232849.0000
456,232849.0000
457,232849.0000
458,232849.0000
459,232849.0000
460,232849.0000
461,232849.0000
462,232849.0000
463,232849.0000
464,232849.0000
465,232849.0000
466,232849.0000
467,232849.0000
468,232849.0000
469,232849.0000
470,232849.0000
471,232849.0000
472,232849.0000
473,232849.0000
474,232849.0000
475,232849.0000
476,232849.0000
477,232849.0000
478,232849.0000
479,232849.0000
480,232849.0000
481,232849.0000
482,232849.0000
483,232849.0000
484,232849.0000
485,232849.0000
486,232849.0000
487,232849.0000
488,232849.0000
489,232849.0000
490,232849.0000
491,232849.0000
492,232849.0000
493,232849.0000
494,232849.0000
495,232849.0000
496,232849.0000
497,232849.0000
498,232849.0000
499,232849.0000
500,232849.0000
501,232849.0000
502,232849.0000
503,232849.0000
504,232849.0000
505,232849.0000
506,232849.0000
507,232849.0000
508,232849.0000
509,232849.0000
510,232849.0000
511,232849.0000
512,232849.0000
513,232849.0000
514,232849.0000
515,232849.0000
516,232849.0000
517,232849.0000
518,232849.0000
519,232849.0000
520,232849.0000
521,232849.0000
522,232849.0000
523,232849.0000
524,232849.0000
525,232849.0000
526,232849.0000
527,232849.0000
528,232849.0000
529,232849.0000
530,232849.0000
531,232849.0000
532,232849.0000
533,232849.0000
534,232849.0000
535,232849.0000
536,232849.0000
537,232849.0000
538,232849.0000
539,232849.0000
540,232029.6000
541,232029.6000
542,232029.6000
543,232029.6000
544,232029.6000
545,232029.6000
546,232029.6000
547,232029.6000
548,232029.6000
549,232029.6000
550,232029.6000
551,232029.6000
552,232029.6000
553,232029.6000
554,232029.6000
555,232029.6000
556,232029.6000
557,232029.6000
558,231730.8000
559,231730.8000
560,231730.8000
561,231730.8000
562,231730.8000
563,231730.8000
564,231730.8000
565,231730.8000
566,231730.8000
567,231730.8000
568,231730.8000
569,231730.8000
570,231730.8000
571,231730.8000
572,231730.8000
573,231730.8000
574,231730.8000
575,231730.8000
576,231730.8000
577,231730.8000
578,231730.8000
579,231730.8000
580,231730.8000
581,231730.8000
582,231730.8000
583,231730.8000
584,231730.8000
585,231730.8000
586,231730.8000
587,231730.8000
588,231730.8000
589,231730.8000
590,231730.8000
591,231730.8000
592,231730.8000
593,231730.8000
594,231730.8000
595,231730.8000
596,231730.8000
597,231730.8000
598,231730.8000
599,231730.8000
600,231730.8000
601,231730.8000
602,231730.8000
603,231730.8000
604,231730.8000
605,231730.8000
606,231730.8000
607,231730.8000
608,231730.8000
609,231730.8000
610,231730.8000
611,231730.8000
612,231730.8000
613,231730.8000
614,231730.8000
615,231730.8000
616,231730.8000
617,231730.8000
618,231730.8000
619,231730.8000
620,231730.8000
621,231730.8000
622,231730.8000
623,231730.8000
624,231730.8000
625,231730.8000
626,231730.8000
627,231730.8000
628,231730.8000
629,231730.8000
630,231730.8000
631,231730.8000
632,231730.8000
633,231730.8000
634,231730.8000
635,231730.8000
636,231730.8000
637,231730.8000
638,231730.8000
639,231730.8000
640,231730.8000
641,231730.8000
642,231730.8000
643,231730.8000
644,231730.8000
645,231730.8000
646,231730.8000
647,231730.8000
648,231730.8000
649,231730.8000
650,231730.8000
651,231730.8000
652,231730.8000
653,231730.8000
654,231730.8000
655,231730.8000
656,231730.8000
657,231730.8000
658,231730.8000
659,231730.8000
660,231730.8000
661,231730.8000
662,231730.8000
663,231730.8000
664,231730.8000
665,231730.8000
666,231730.8000
667,231730.8000
668,231730.8000
669,231730.8000
670,231730.8000
671,231730.8000
672,231730.8000
673,231730.8000
674,231730.8000
675,231730.8000
676,231730.8000
677,231730.8000
678,231730.8000
679,231730.8000
680,231730.8000
681,231730.8000
682,231730.8000
683,231730.8000
684,231730.8000
685,231730.8000
686,231730.8000
687,231730.8000
688,231730.8000
689,231730.8000
690,231730.8000
691,231730.8000
692,231730.8000
693,231730.8000
694,231730.8000
695,231730.8000
696,231730.8000
697,231730.8000
698,231730.8000
699,231730.8000
700,231730.8000
701,231730.8000
702,231730.8000
703,231730.8000
704,231730.8000
705,231730.8000
706,231730.8000
707,231730.8000
708,231730.8000
709,231730.8000
710,231730.8000
711,231730.8000
712,231730.8000
713,231730.8000
714,231730.8000
715,231730.8000
716,231730.8000
717,231730.8000
718,231730.8000
719,231730.8000
720,231730.8000
721,231730.8000
722,231730.8000
723,231730.8000
724,231730.8000
725,231730.8000
726,231730.8000
727,231730.8000
728,231730.8000
729,231730.8000
730,231730.8000
731,231730.8000
732,231730.8000
733,231730.8000
734,231730.8000
735,231730.8000
736,231730.8000
737,231730.8000
738,231730.8000
739,231730.8000
740,231730.8000
741,231730.8000
742,231730.8000
743,231730.8000
744,231730.8000
745,231730.8000
746,231730.8000
747,231730.8000
748,231730.8000
749,231730.8000
750,231730.8000
751,231730.8000
752,231730.8000
753,231730.8000
754,231730.8000
755,231730.8000
756,231730.8000
757,231730.8000
758,231730.8000
759,231730.8000
760,231730.8000
761,231730.8000
762,231730.8000
763,231730.8000
764,231730.8000
765,231730.8000
766,231730.8000
767,231730.8000
768,231730.8000
769,231730.8000
770,231730.8000
771,231730.8000
772,231730.8000
773,231730.8000
774,231730.8000
775,231730.8000
776,231730.8000
777,231730.8000
778,231730.8000
779,231730.8000
780,231730.8000
781,231730.8000
782,231730.8000
783,231730.8000
784,231730.8000
785,231730.8000
786,231730.8000
787,231730.8000
788,231730.8000
789,231730.8000
790,231730.8000
791,231730.8000
792,231730.8000
793,231730.8000
794,231730.8000
795,231730.8000
796,231730.8000
797,231730.8000
798,231730.8000
799,231730.8000
800,231730.8000
801,231730.8000
802,231730.8000
803,231730.8000
804,231730.8000
805,231730.8000
806,231730.8000
807,231730.8000
808,231730.8000
809,231730.8000
810,231730.8000
811,231730.8000
812,231730.8000
813,231730.8000
814,231730.8000
815,231730.8000
816,231730.8000
817,231730.8000
818,231730.8000
819,231730.8000
820,231730.8000
821,231730.8000
822,231730.8000
823,231730.8000
824,231730.8000
825,231730.8000
826,231730.8000
827,231730.8000
828,231730.8000
829,231730.8000
830,231730.8000
831,231730.8000
832,231730.8000
833,231730.8000
834,231730.8000
835,231730.8000
836,231730.8000
837,231730.8000
838,231730.8000
839,231730.8000
840,231730.8000
841,231730.8000
842,231730.8000
843,231730.8000
844,231730.8000
845,231730.8000
846,231730.8000
847,231730.8000
848,231730.8000
849,231730.8000
850,231730.8000
851,231730.8000
852,231730.8000
853,231730.8000
854,231730.8000
855,231730.8000
856,231730.8000
857,231730.8000
858,231730.8000
859,231730.8000
860,231730.8000
861,231730.8000
862,231730.8000
863,231730.8000
864,231730.8000
865,231730.8000
866,231730.8000
867,231730.8000
868,231730.8000
869,231730.8000
870,231730.8000
871,231730.8000
872,231730.8000
873,231730.8000
874,231730.8000
875,231730.8000
876,231730.8000
877,231730.8000
878,231730.8000
879,231730.8000
880,231730.8000
881,231730.8000
882,231730.8000
883,231730.8000
884,231730.8000
885,231730.8000
886,231730.8000
887,231730.8000
888,231730.8000
889,231730.8000
890,231730.8000
891,231730.8000
892,231730.8000
893,231730.8000
894,231730.8000
895,231730.8000
896,231730.8000
897,231730.8000
898,231730.8000
899,231730.8000
900,231730.8000
901,231730.8000
902,231730.8000
903,231730.8000
904,231730.8000
905,231730.8000
906,231730.8000
907,231730.8000
908,231730.8000
909,231730.8000
910,231730.8000
911,231730.8000
912,231730.8000
913,231730.8000
914,231730.8000
915,231730.8000
916,231730.8000
917,231730.8000
918,231730.8000
919,231730.8000
920,231730.8000
921,231730.8000
922,231730.8000
923,231730.8000
924,231730.8000
925,231730.8000
926,231730.8000
927,231730.8000
928,231730.8000
929,231730.8000
930,231730.8000
931,231730.8000
932,231730.8000
933,231730.8000
934,231730.8000
935,231730.8000
936,231730.8000
937,231730.8000
938,231730.8000
939,231730.8000
940,231730.8000
941,231730.8000
942,231730.8000
943,231730.8000
944,231730.8000
945,231730.8000
946,231730.8000
947,231730.8000
948,231730.8000
949,231730.8000
950,231730.8000
951,231730.8000
952,231730.8000
953,231730.8000
954,231730.8000
955,231730.8000
956,231730.8000
957,231730.8000
958,231730.8000
959,231730.8000
960,231730.8000
961,231730.8000
962,231730.8000
963,231730.8000
964,231730.8000
965,231730.8000
966,231730.8000
967,231730.8000
968,231730.8000
969,231730.8000
970,231730.8000
971,231730.8000
972,231730.8000
973,231730.8000
974,231730.8000
975,231730.8000
976,231730.8000
977,231730.8000
978,231730.8000
979,231730.8000
980,231730.8000
981,231730.8000
982,231730.8000
983,231730.8000
984,231730.8000
985,231730.8000
986,231730.8000
987,231730.8000
988,231730.8000
989,231730.8000
990,231730.8000
991,231730.8000
992,231730.8000
993,231730.8000
994,231730.8000
995,231730.8000
996,231730.8000
997,231730.8000
998,231730.8000
999,231730.8000
1000,231730.8000
1001,231730.8000
1002,231730.8000
1003,231730.8000
1004,231730.8000
1005,231730.8000
1006,231730.8000
1007,231730.8000
1008,231730.8000
1009,231730.8000
1010,231730.8000
1011,231730.8000
1012,231730.8000
1013,231730.8000
1014,231730.8000
1015,231730.8000
1016,231730.8000
1017,231730.8000
1018,231730.8000
1019,231730.8000
1020,231730.8000
1021,231730.8000
1022,231730.8000
1023,231730.8000
1024,231730.8000
1025,231730.8000
1026,231730.8000
1027,231730.8000
1028,231730.8000
1029,231730.8000
1030,231730.8000
1031,231730.8000
1032,231730.8000
1033,231730.8000
1034,231730.8000
1035,231730.8000
1036,231730.8000
1037,231730.8000
1038,231730.8000
1039,231730.8000
1040,231730.8000
1041,231730.8000
1042,231730.8000
1043,231730.8000
1044,231730.8000
1045,231730.8000
1046,231730.8000
1047,231730.8000
1048,231730.8000
1049,231730.8000
1050,231730.8000
1051,231730.8000
1052,231730.8000
1053,231730.8000
1054,231730.8000
1055,231730.8000
1056,231730.8000
1057,231730.8000
1058,231730.8000
1059,231730.8000
1060,231730.8000
1061,231730.8000
1062,231730.8000
1063,231730.8000
1064,231730.8000
1065,231730.8000
1066,231730.8000
1067,231730.8000
1068,231730.8000
1069,231730.8000
1070,231730.8000
1071,231730.8000
1072,231730.8000
1073,231730.8000
1074,231730.8000
1075,231730.8000
1076,231730.8000
1077,231730.8000
1078,231730.8000
1079,231730.8000
1080,231730.8000
1081,231730.8000
1082,231730.8000
1083,231730.8000
1084,231730.8000
1085,231730.8000
1086,231730.8000
1087,231730.8000
1088,231730.8000
1089,231730.8000
1090,231730.8000
1091,231730.8000
1092,231730.8000
1093,231730.8000
1094,231730.8000
1095,231730.8000
1096,231730.8000
1097,231730.8000
1098,231730.8000
1099,231730.8000
1100,231730.8000
1101,231730.8000
1102,231730.8000
1103,231730.8000
1104,231730.8000
1105,231730.8000
1106,231730.8000
1107,231730.8000
1108,231730.8000
1109,231730.8000
1110,231730.8000
1111,231730.8000
1112,231730.8000
1113,231730.8000
1114,231730.8000
1115,231730.8000
1116,231730.8000
1117,231730.8000
1118,231730.8000
1119,231730.8000
1120,231730.8000
1121,231730.8000
1122,231730.8000
1123,231730.8000
1124,231730.8000
1125,231730.8000
1126,231730.8000
1127,231730.8000
1128,231730.8000
1129,231730.8000
1130,231730.8000
1131,231730.8000
1132,231730.8000
1133,231730.8000
1134,231730.8000
1135,231730.8000
1136,231730.8000
1137,231730.8000
1138,231730.8000
1139,231730.8000
1140,231730.8000
1141,231730.8000
1142,231730.8000
1143,231730.8000
1144,231730.8000
1145,231730.8000
1146,231730.8000
1147,231730.8000
1148,231730.8000
1149,231730.8000
1150,231730.8000
1151,231730.8000
1152,231730.8000
1153,231730.8000
1154,231730.8000
1155,231730.8000
1156,231730.8000
1157,231730.8000
1158,231730.8000
1159,231730.8000
1160,231730.8000
1161,231730.8000
1162,231730.8000
1163,231730.8000
1164,231730.8000
1165,231730.8000
1166,231730.8000
1167,231730.8000
1168,231730.8000
1169,231730.8000
1170,231730.8000
1171,231730.8000
1172,231730.8000
1173,231730.8000
1174,231730.8000
1175,231730.8000
1176,231730.8000
1177,231730.8000
1178,231730.8000
1179,231730.8000
1180,231730.8000
1181,231730.8000
1182,231730.8000
1183,231730.8000
1184,231730.8000
1185,231730.8000
1186,231730.8000
1187,231730.8000
1188,231730.8000
1189,231730.8000
1190,231730.8000
1191,231730.8000
1192,231730.8000
1193,231730.8000
1194,231730.8000
1195,231730.8000
1196,231730.8000
1197,231730.8000
1198,231730.8000
1199,231730.8000
1200,231730.8000
1201,231730.8000
1202,231730.8000
1203,231730.8000
1204,231730.8000
1205,231730.8000
1206,231730.8000
1207,231730.8000
1208,231730.8000
1209,231730.8000
1210,231730.8000
1211,231730.8000
1212,231730.8000
1213,231730.8000
1214,231730.8000
1215,231730.8000
1216,231730.8000
1217,231730.8000
1218,231730.8000
1219,231730.8000
1220,231730.8000
1221,231730.8000
1222,231730.8000
1223,231730.8000
1224,231730.8000
1225,231730.8000
1226,231730.8000
1227,231730.8000
1228,231730.8000
1229,231730.8000
1230,231730.8000
1231,231730.8000
1232,231730.8000
1233,231730.8000
1234,231730.8000
1235,231730.8000
1236,231730.8000
1237,231730.8000
1238,231730.8000
1239,231730.8000
1240,231730.8000
1241,231730.8000
1242,231730.8000
1243,231730.8000
1244,231730.8000
1245,231730.8000
1246,231730.8000
1247,231730.8000
1248,231730.8000
1249,231730.8000
1250,231730.8000
1251,231730.8000
1252,231730.8000
1253,231730.8000
1254,231730.8000
1255,231730.8000
1256,231730.8000
1257,231730.8000
1258,231730.8000
1259,231730.8000
1260,231730.8000
1261,231730.8000
1262,231730.8000
1263,231730.8000
1264,231730.8000
1265,231730.8000
1266,231730.8000
1267,231730.8000
1268,231730.8000
1269,231730.8000
1270,231730.8000
1271,231730.8000
1272,231730.8000
1273,231730.8000
1274,231730.8000
1275,231730.8000
1276,231730.8000
1277,231730.8000
1278,231730.8000
1279,231730.8000
1280,231730.8000
1281,231730.8000
1282,231730.8000
1283,231730.8000
1284,231730.8000
1285,231730.8000
1286,231730.8000
1287,231730.8000
1288,231730.8000
1289,231730.8000
1290,231730.8000
1291,231730.8000
1292,231730.8000
1293,231730.8000
1294,231730.8000
1295,231730.8000
1296,231730.8000
1297,231730.8000
1298,231730.8000
1299,231730.8000
1300,231730.8000
1301,231730.8000
1302,231730.8000
1303,231730.8000
1304,231730.8000
1305,231730.8000
1306,231730.8000
1307,231730.8000
1308,231730.8000
1309,231730.8000
1310,231730.8000
1311,231730.8000
1312,231730.8000
1313,231730.8000
1314,231730.8000
1315,231730.8000
1316,231730.8000
1317,231730.8000
1318,231730.8000
1319,231730.8000
1320,231730.8000
1321,231730.8000
1322,231730.8000
1323,231730.8000
1324,231730.8000
1325,231730.8000
1326,231730.8000
1327,231730.8000
1328,231730.8000
1329,231730.8000
1330,231730.8000
1331,231730.8000
1332,231730.8000
1333,231730.8000
1334,231730.8000
1335,231730.8000
1336,231730.8000
1337,231730.8000
1338,231730.8000
1339,231730.8000
1340,231730.8000
1341,231730.8000
1342,231730.8000
1343,231730.8000
1344,231730.8000
1345,231730.8000
1346,231730.8000
1347,231730.8000
1348,231730.8000
1349,231730.8000
1350,231730.8000
1351,231730.8000
1352,231730.8000
1353,231730.8000
1354,231730.8000
1355,231730.8000
1356,231730.8000
1357,231730.8000
1358,231730.8000
1359,231730.8000
1360,231730.8000
1361,231730.8000
1362,231730.8000
1363,231730.8000
1364,231730.8000
1365,231730.8000
1366,231730.8000
1367,231730.8000
1368,231730.8000
1369,231730.8000
1370,231730.8000
1371,231730.8000
1372,231730.8000
1373,231730.8000
1374,231730.8000
1375,231730.8000
1376,231730.8000
1377,231730.8000
1378,231730.8000
1379,231730.8000
1380,231730.8000
1381,231730.8000
1382,231730.8000
1383,231730.8000
1384,231730.8000
1385,231730.8000
1386,231730.8000
1387,231730.8000
1388,231730.8000
1389,231730.8000
1390,231730.8000
1391,231730.8000
1392,231730.8000
1393,231730.8000
1394,231730.8000
1395,231730.8000
1396,231730.8000
1397,231730.8000
1398,231730.8000
1399,231730.8000
1400,231730.8000
1401,231730.8000
1402,231730.8000
1403,231730.8000
1404,231730.8000
1405,231730.8000
1406,231730.8000
1407,231730.8000
1408,231730.8000
1409,231730.8000
1410,231730.8000
1411,231730.8000
1412,231730.8000
1413,231730.8000
1414,231730.8000
1415,231730.8000
1416,231730.8000
1417,231730.8000
1418,231730.8000
1419,231730.8000
1420,231730.8000
1421,231730.8000
1422,231730.8000
1423,231730.8000
1424,231730.8000
1425,231730.8000
1426,231730.8000
1427,231730.8000
1428,231730.8000
1429,231730.8000
1430,231730.8000
1431,231730.8000
1432,231730.8000
1433,231730.8000
1434,231730.8000
1435,231730.8000
1436,231730.8000
1437,231730.8000
1438,231730.8000
1439,231730.8000
1440,231730.8000
1441,231730.8000
1442,231730.8000
1443,231730.8000
1444,231730.8000
1445,231730.8000
1446,231730.8000
1447,231730.8000
1448,231730.8000
1449,231730.8000
1450,231730.8000
1451,231730.8000
1452,231730.8000
1453,231730.8000
1454,231730.8000
1455,231730.8000
1456,231730.8000
1457,231730.8000
1458,231730.8000
1459,231730.8000
1460,231730.8000
1461,231730.8000
1462,231730.8000
1463,231730.8000
1464,231730.8000
1465,231730.8000
1466,231730.8000
1467,231730.8000
1468,231730.8000
1469,231730.8000
1470,231730.8000
1471,231730.8000
1472,231730.8000
1473,231730.8000
1474,231730.8000
1475,231730.8000
1476,231730.8000
1477,231730.8000
1478,231730.8000
1479,231730.8000
1480,231730.8000
1481,231730.8000
1482,231730.8000
1483,231730.8000
1484,231730.8000
1485,231730.8000
1486,231730.8000
1487,231730.8000
1488,231730.8000
1489,231730.8000
1490,231730.8000
1491,231730.8000
1492,231730.8000
1493,231730.8000
1494,231730.8000
1495,231730.8000
1496,231730.8000
1497,231730.8000
1498,231730.8000
1499,231730.8000
1500,231730.8000
1501,231730.8000
1502,231730.8000
1503,231730.8000
1504,231730.8000
1505,231730.8000
1506,231730.8000
1507,231730.8000
1508,231730.8000
1509,231730.8000
1510,231730.8000
1511,231730.8000
1512,231730.8000
1513,231730.8000
1514,231730.8000
1515,231730.8000
1516,231730.8000
1517,231730.8000
1518,231730.8000
1519,231730.8000
1520,231730.8000
1521,231730.8000
1522,231730.8000
1523,231730.8000
1524,231730.8000
1525,231730.8000
1526,231730.8000
1527,231730.8000
1528,231730.8000
1529,231730.8000
1530,231730.8000
1531,231730.8000
1532,231730.8000
1533,231730.8000
1534,231730.8000
1535,231730.8000
1536,231730.8000
1537,231730.8000
1538,231730.8000
1539,231730.8000
1540,231730.8000
1541,231730.8000
1542,231730.8000
1543,231730.8000
1544,231730.8000
1545,231730.8000
1546,231730.8000
1547,231730.8000
1548,231730.8000
1549,231730.8000
1550,231730.8000
1551,231730.8000
1552,231730.8000
1553,231730.8000
1554,231730.8000
1555,231730.8000
1556,231730.8000
1557,231730.8000
1558,231730.8000
1559,231730.8000
1560,231730.8000
1561,231730.8000
1562,231730.8000
1563,231730.8000
1564,231730.8000
1565,231730.8000
1566,231730.8000
1567,231730.8000
1568,231730.8000
1569,231730.8000
1570,231730.8000
1571,231730.8000
1572,231730.8000
1573,231730.8000
1574,231730.8000
1575,231730.8000
1576,231730.8000
1577,231730.8000
1578,231730.8000
1579,231730.8000
1580,231730.8000
1581,231730.8000
1582,231730.8000
1583,231730.8000
1584,231730.8000
1585,231730.8000
1586,231730.8000
1587,231730.8000
1588,231730.8000
1589,231730.8000
1590,231730.8000
1591,231730.8000
1592,231730.8000
1593,231730.8000
1594,231730.8000
1595,231730.8000
1596,231730.8000
1597,231730.8000
1598,231730.8000
1599,231730.8000
1600,231730.8000
1601,231730.8000
1602,231730.8000
1603,231730.8000
1604,231730.8000
1605,231730.8000
1606,231730.8000
1607,231730.8000
1608,231730.8000
1609,231730.8000
1610,231730.8000
1611,231730.8000
1612,231730.8000
1613,231730.8000
1614,231730.8000
1615,231730.8000
1616,231730.8000
1617,231730.8000
1618,231730.8000
1619,231730.8000
1620,231730.8000
1621,231730.8000
1622,231730.8000
1623,231730.8000
1624,231730.8000
1625,231730.8000
1626,231730.8000
1627,231730.8000
1628,231730.8000
1629,231730.8000
1630,231730.8000
1631,231730.8000
1632,231730.8000
1633,231730.8000
1634,231730.8000
1635,231730.8000
1636,231730.8000
1637,231730.8000
1638,231730.8000
1639,231730.8000
1640,231730.8000
1641,231730.8000
1642,231730.8000
1643,231730.8000
1644,231730.8000
1645,231730.8000
1646,231730.8000
1647,231730.8000
1648,231730.8000
1649,231730.8000
1650,231730.8000
1651,231730.8000
1652,231730.8000
1653,231730.8000
1654,231730.8000
1655,231730.8000
1656,231730.8000
1657,231730.8000
1658,231730.8000
1659,231730.8000
1660,231730.8000
1661,231730.8000
1662,231730.8000
1663,231730.8000
1664,231730.8000
1665,231730.8000
1666,231730.8000
1667,231730.8000
1668,231730.8000
1669,231730.8000
1670,231730.8000
1671,231730.8000
1672,231730.8000
1673,231730.8000
1674,231730.8000
1675,231730.8000
1676,231730.8000
1677,231730.8000
1678,231730.8000
1679,231730.8000
1680,231730.8000
1681,231730.8000
1682,231730.8000
1683,231730.8000
1684,231730.8000
1685,231730.8000
1686,231730.8000
1687,231730.8000
1688,231730.8000
1689,231730.8000
1690,231730.8000
1691,231730.8000
1692,231730.8000
1693,231730.8000
1694,231730.8000
1695,231730.8000
1696,231730.8000
1697,231730.8000
1698,231730.8000
1699,231730.8000
1700,231730.8000
1701,231730.8000
1702,231730.8000
1703,231730.8000
1704,231730.8000
1705,231730.8000
1706,231730.8000
1707,231730.8000
1708,231730.8000
1709,231730.8000
1710,231730.8000
1711,231730.8000
1712,231730.8000
1713,231730.8000
1714,231730.8000
1715,231730.8000
1716,231730.8000
1717,231730.8000
1718,231730.8000
1719,231730.8000
1720,231730.8000
1721,231730.8000
1722,231730.8000
1723,231730.8000
1724,231730.8000
1725,231730.8000
1726,231730.8000
1727,231730.8000
1728,231730.8000
1729,231730.8000
1730,231730.8000
1731,231730.8000
1732,231730.8000
1733,231730.8000
1734,231730.8000
1735,231730.8000
1736,231730.8000
1737,231730.8000
1738,231730.8000
1739,231730.8000
1740,231730.8000
1741,231730.8000
1742,231730.8000
1743,231730.8000
1744,231730.8000
1745,231730.8000
1746,231730.8000
1747,231730.8000
1748,231730.8000
1749,231730.8000
1750,231730.8000
1751,231730.8000
1752,231730.8000
1753,231730.8000
1754,231730.8000
1755,231730.8000
1756,231730.8000
1757,231730.8000
1758,231730.8000
1759,231730.8000
1760,231730.8000
1761,231730.8000
1762,231730.8000
1763,231730.8000
1764,231730.8000
1765,231730.8000
1766,231730.8000
1767,231730.8000
1768,231730.8000
1769,231730.8000
1770,231730.8000
1771,231730.8000
1772,231730.8000
1773,231730.8000
1774,231730.8000
1775,231730.8000
1776,231730.8000
1777,231730.8000
1778,231730.8000
1779,231730.8000
1780,231730.8000
1781,231730.8000
1782,231730.8000
1783,231730.8000
1784,231730.8000
1785,231730.8000
1786,231730.8000
1787,231730.8000
1788,231730.8000
1789,231730.8000
1790,231730.8000
1791,231730.8000
1792,231730.8000
1793,231730.8000
1794,231730.8000
1795,231730.8000
1796,231730.8000
1797,231730.8000
1798,231730.8000
1799,231730.8000
1800,231730.8000
1801,231730.8000
1802,231730.8000
1803,231730.8000
1804,231730.8000
1805,231730.8000
1806,231730.8000
1807,231730.8000
1808,231730.8000
1809,231730.8000
1810,231730.8000
1811,231730.8000
1812,231730.8000
1813,231730.8000
1814,231730.8000
1815,231730.8000
1816,231730.8000
1817,231730.8000
1818,231730.8000
1819,231730.8000
1820,231730.8000
1821,231730.8000
1822,231730.8000
1823,231730.8000
1824,231730.8000
1825,231730.8000
1826,231730.8000
1827,231730.8000
1828,231730.8000
1829,231730.8000
1830,231730.8000
1831,231730.8000
1832,231730.8000
1833,231730.8000
1834,231730.8000
1835,231730.8000
1836,231730.8000
1837,231730.8000
1838,231730.8000
1839,231730.8000
1840,231730.8000
1841,231730.8000
1842,231730.8000
1843,231730.8000
1844,231730.8000
1845,231730.8000
1846,231730.8000
1847,231730.8000
1848,231730.8000
1849,231730.8000
1850,231730.8000
1851,231730.8000
1852,231730.8000
1853,231730.8000
1854,231730.8000
1855,231730.8000
1856,231730.8000
1857,231730.8000
1858,231730.8000
1859,231730.8000
1860,231730.8000
1861,231730.8000
1862,231730.8000
1863,231730.8000
1864,231730.8000
1865,231730.8000
1866,231730.8000
1867,231730.8000
1868,231730.8000
1869,231730.8000
1870,231730.8000
1871,231730.8000
1872,231730.8000
1873,231730.8000
1874,231730.8000
1875,231730.8000
1876,231730.8000
1877,231730.8000
1878,231730.8000
1879,231730.8000
1880,231730.8000
1881,231730.8000
1882,231730.8000
1883,231730.8000
1884,231730.8000
1885,231730.8000
1886,231730.8000
1887,231730.8000
1888,231730.8000
1889,231730.8000
1890,231730.8000
1891,231730.8000
1892,231730.8000
1893,231730.8000
1894,231730.8000
1895,231730.8000
1896,231730.8000
1897,231730.8000
1898,231730.8000
1899,231730.8000
1900,231730.8000
1901,231730.8000
1902,231730.8000
1903,231730.8000
1904,231730.8000
1905,231730.8000
1906,231730.8000
1907,231730.8000
1908,231730.8000
1909,231730.8000
1910,231730.8000
1911,231730.8000
1912,231730.8000
1913,231730.8000
1914,231730.8000
1915,231730.8000
1916,231730.8000
1917,231730.8000
1918,231730.8000
1919,231730.8000
1920,231730.8000
1921,231730.8000
1922,231730.8000
1923,231730.8000
1924,231730.8000
1925,231730.8000
1926,231730.8000
1927,231730.8000
1928,231730.8000
1929,231730.8000
1930,231730.8000
1931,231730.8000
1932,231730.8000
1933,231730.8000
1934,231730.8000
1935,231730.8000
1936,231730.8000
1937,231730.8000
1938,231730.8000
1939,231730.8000
1940,231730.8000
1941,231730.8000
1942,231730.8000
1943,231730.8000
1944,231730.8000
1945,231730.8000
1946,231730.8000
1947,231730.8000
1948,231730.8000
1949,231730.8000
1950,231730.8000
1951,231730.8000
1952,231730.8000
1953,231730.8000
1954,231730.8000
1955,231730.8000
1956,231730.8000
1957,231730.8000
1958,231730.8000
1959,231730.8000
1960,231730.8000
1961,231730.8000
1962,231730.8000
1963,231730.8000
1964,231730.8000
1965,231730.8000
1966,231730.8000
1967,231730.8000
1968,231730.8000
1969,231730.8000
1970,231730.8000
1971,231730.8000
1972,231730.8000
1973,231730.8000
1974,231730.8000
1975,231730.8000
1976,231730.8000
1977,231730.8000
1978,231730.8000
1979,231730.8000
1980,231730.8000
1981,231730.8000
1982,231730.8000
1983,231730.8000
1984,231730.8000
1985,231730.8000
1986,231730.8000
1987,231730.8000
1988,231730.8000
1989,231730.8000
1990,231730.8000
1991,231730.8000
1992,231730.8000
1993,231730.8000
1994,231730.8000
1995,231730.8000
1996,231730.8000
1997,231730.8000
1998,231730.8000
1999,231730.8000
2000,231730.8000
2001,231730.8000
2002,231730.8000
2003,231730.8000
2004,231730.8000
2005,231730.8000
2006,231730.8000
2007,231730.8000
2008,231730.8000
2009,231730.8000
2010,231730.8000
2011,231730.8000
2012,231730.8000
2013,231730.8000
2014,231730.8000
2015,231730.8000
2016,231730.8000
2017,231730.8000
2018,231730.8000
2019,231730.8000
2020,231730.8000
2021,231730.8000
2022,231730.8000
2023,231730.8000
2024,231730.8000
2025,231730.8000
2026,231730.8000
2027,231730.8000
2028,231730.8000
2029,231730.8000
2030,231730.8000
2031,231730.8000
2032,231730.8000
2033,231730.8000
2034,231730.8000
2035,231730.8000
2036,231730.8000
2037,231730.8000
2038,231730.8000
2039,231730.8000
2040,231730.8000
2041,231730.8000
2042,231730.8000
2043,231730.8000
2044,231730.8000
2045,231730.8000
2046,231730.8000
2047,231730.8000
2048,231730.8000
2049,231730.8000
2050,231730.8000
2051,231730.8000
2052,231730.8000
2053,231730.8000
2054,231730.8000
2055,231730.8000
2056,231730.8000
2057,231730.8000
2058,231730.8000
2059,231730.8000
2060,231730.8000
2061,231730.8000
2062,231730.8000
2063,231730.8000
2064,231730.8000
2065,231730.8000
2066,231730.8000
2067,231730.8000
2068,231730.8000
2069,231730.8000
2070,231730.8000
2071,231730.8000
2072,231730.8000
2073,231730.8000
2074,231730.8000
2075,231730.8000
2076,231730.8000
2077,231730.8000
2078,231730.8000
2079,231730.8000
2080,231730.8000
2081,231730.8000
2082,231730.8000
2083,231730.8000
2084,231730.8000
2085,231730.8000
2086,231730.8000
2087,231730.8000
2088,231730.8000
2089,231730.8000
2090,231730.8000
2091,231730.8000
2092,231730.8000
2093,231730.8000
2094,231730.8000
2095,231730.8000
2096,231730.8000
2097,231730.8000
2098,231730.8000
2099,231730.8000
2100,231730.8000
2101,231730.8000
2102,231730.8000
2103,231730.8000
2104,231730.8000
2105,231730.8000
2106,231730.8000
2107,231730.8000
2108,231730.8000
2109,231730.8000
2110,231730.8000
2111,231730.8000
2112,231730.8000
2113,231730.8000
2114,231730.8000
2115,231730.8000
2116,231730.8000
2117,231730.8000
2118,231730.8000
2119,231730.8000
2120,231730.8000
2121,231730.8000
2122,231730.8000
2123,231730.8000
2124,231730.8000
2125,231730.8000
2126,231730.8000
2127,231730.8000
2128,231730.8000
2129,231730.8000
2130,231730.8000
2131,231730.8000
2132,231730.8000
2133,231730.8000
2134,231730.8000
2135,231730.8000
2136,231730.8000
2137,231730.8000
2138,231730.8000
2139,231730.8000
2140,231730.8000
2141,231730.8000
2142,231730.8000
2143,231730.8000
2144,231730.8000
2145,231730.8000
2146,231730.8000
2147,231730.8000
2148,231730.8000
2149,231730.8000
2150,231730.8000
2151,231730.8000
2152,231730.8000
2153,231730.8000
2154,231730.8000
2155,231730.8000
2156,231730.8000
2157,231730.8000
2158,231730.8000
2159,231730.8000
2160,231730.8000
2161,231730.8000
2162,231730.8000
2163,231730.8000
2164,231730.8000
2165,231730.8000
2166,231730.8000
2167,231730.8000
2168,231730.8000
2169,231730.8000
2170,231730.8000
2171,231730.8000
2172,231730.8000
2173,231730.8000
2174,231730.8000
2175,231730.8000
2176,231730.8000
2177,231730.8000
2178,231730.8000
2179,231730.8000
2180,231730.8000
2181,231730.8000
2182,231730.8000
2183,231730.8000
2184,231730.8000
2185,231730.8000
2186,231730.8000
2187,231730.8000
2188,231730.8000
2189,231730.8000
2190,231730.8000
2191,231730.8000
2192,231730.8000
2193,231730.8000
2194,231730.8000
2195,231730.8000
2196,231730.8000
2197,231730.8000
2198,231730.8000
2199,231730.8000
2200,231730.8000
2201,231730.8000
2202,231730.8000
2203,231730.8000
2204,231730.8000
2205,231730.8000
2206,231730.8000
2207,231730.8000
2208,231730.8000
2209,231730.8000
2210,231730.8000
2211,231730.8000
2212,231730.8000
2213,231730.8000
2214,231730.8000
2215,231730.8000
2216,231730.8000
2217,231730.8000
2218,231730.8000
2219,231730.8000
2220,231730.8000
2221,231730.8000
2222,231730.8000
2223,231730.8000
2224,231730.8000
2225,231730.8000
2226,231730.8000
2227,231730.8000
2228,231730.8000
2229,231730.8000
2230,231730.8000
2231,231730.8000
2232,231730.8000
2233,231730.8000
2234,231730.8000
2235,231730.8000
2236,231730.8000
2237,231730.8000
2238,231730.8000
2239,231730.8000
2240,231730.8000
2241,231730.8000
2242,231730.8000
2243,231730.8000
2244,231730.8000
2245,231730.8000
2246,231730.8000
2247,231730.8000
2248,231730.8000
2249,231730.8000
2250,231730.8000
2251,231730.8000
2252,231730.8000
2253,231730.8000
2254,231730.8000
2255,231730.8000
2256,231730.8000
2257,231730.8000
2258,231730.8000
2259,231730.8000
2260,231730.8000
2261,231730.8000
2262,231730.8000
2263,231730.8000
2264,231730.8000
2265,231730.8000
2266,231730.8000
2267,231730.8000
2268,231730.8000
2269,231730.8000
2270,231730.8000
2271,231730.8000
2272,231730.8000
2273,231730.8000
2274,231730.8000
2275,231730.8000
2276,231730.8000
2277,231730.8000
2278,231730.8000
2279,231730.8000
2280,231730.8000
2281,231730.8000
2282,231730.8000
2283,231730.8000
2284,231730.8000
2285,231730.8000
2286,231730.8000
2287,231730.8000
2288,231730.8000
2289,231730.8000
2290,231730.8000
2291,231730.8000
2292,231730.8000
2293,231730.8000
2294,231730.8000
2295,231730.8000
2296,231730.8000
2297,231730.8000
2298,231730.8000
2299,231730.8000
2300,231730.8000
2301,231730.8000
2302,231730.8000
2303,231730.8000
2304,231730.8000
2305,231730.8000
2306,231730.8000
2307,231730.8000
2308,231730.8000
2309,231730.8000
2310,231730.8000
2311,231730.8000
2312,231730.8000
2313,231730.8000
2314,231730.8000
2315,231730.8000
2316,231730.8000
2317,231730.8000
2318,231730.8000
2319,231730.8000
2320,231730.8000
2321,231730.8000
2322,231730.8000
2323,231730.8000
2324,231730.8000
2325,231730.8000
2326,231730.8000
2327,231730.8000
2328,231730.8000
2329,231730.8000
2330,231730.8000
2331,231730.8000
2332,231730.8000
2333,231730.8000
2334,231730.8000
2335,231730.8000
2336,231730.8000
2337,231730.8000
2338,231730.8000
2339,231730.8000
2340,231730.8000
2341,231730.8000
2342,231730.8000
2343,231730.8000
2344,231730.8000
2345,231730.8000
2346,231730.8000
2347,231730.8000
2348,231730.8000
2349,231730.8000
2350,231730.8000
2351,231730.8000
2352,231730.8000
2353,231730.8000
2354,231730.8000
2355,231730.8000
2356,231730.8000
2357,231730.8000
2358,231730.8000
2359,231730.8000
2360,231730.8000
2361,231730.8000
2362,231730.8000
2363,231730.8000
2364,231730.8000
2365,231730.8000
2366,231730.8000
2367,231730.8000
2368,231730.8000
2369,231730.8000
2370,231730.8000
2371,231730.8000
2372,231730.8000
2373,231730.8000
2374,231730.8000
2375,231730.8000
2376,231730.8000
2377,231730.8000
2378,231730.8000
2379,231730.8000
2380,231730.8000
2381,231730.8000
2382,231730.8000
2383,231730.8000
2384,231730.8000
2385,231730.8000
2386,231730.8000
2387,231730.8000
2388,231730.8000
2389,231730.8000
2390,231730.8000
2391,231730.8000
2392,231730.8000
2393,231730.8000
2394,231730.8000
2395,231730.8000
2396,231730.8000
2397,231730.8000
2398,231730.8000
2399,231730.8000
2400,231730.8000
2401,231730.8000
2402,231730.8000
2403,231730.8000
2404,231730.8000
2405,231730.8000
2406,231730.8000
2407,231730.8000
2408,231730.8000
2409,231730.8000
2410,231730.8000
2411,231730.8000
2412,231730.8000
2413,231730.8000
2414,231730.8000
2415,231730.8000
2416,231730.8000
2417,231730.8000
2418,231730.8000
2419,231730.8000
2420,231730.8000
2421,231730.8000
2422,231730.8000
2423,231730.8000
2424,231730.8000
2425,231730.8000
2426,231730.8000
2427,231730.8000
2428,231730.8000
2429,231730.8000
2430,231730.8000
2431,231730.8000
2432,231730.8000
2433,231730.8000
2434,231730.8000
2435,231730.8000
2436,231730.8000
2437,231730.8000
2438,231730.8000
2439,231730.8000
2440,231730.8000
2441,231730.8000
2442,231730.8000
2443,231730.8000
2444,231730.8000
2445,231730.8000
2446,231730.8000
2447,231730.8000
2448,231730.8000
2449,231730.8000
2450,231730.8000
2451,231730.8000
2452,231730.8000
2453,231730.8000
2454,231730.8000
2455,231730.8000
2456,231730.8000
2457,231730.8000
2458,231730.8000
2459,231730.8000
2460,231730.8000
2461,231730.8000
2462,231730.8000
2463,231730.8000
2464,231730.8000
2465,231730.8000
2466,231730.8000
2467,231730.8000
2468,231730.8000
2469,231730.8000
2470,231730.8000
2471,231730.8000
2472,231730.8000
2473,231730.8000
2474,231730.8000
2475,231730.8000
2476,231730.8000
2477,231730.8000
2478,231730.8000
2479,231730.8000
2480,231730.8000
2481,231730.8000
2482,231730.8000
2483,231730.8000
2484,231730.8000
2485,231730.8000
2486,231730.8000
2487,231730.8000
2488,231730.8000
2489,231730.8000
2490,231730.8000
2491,231730.8000
2492,231730.8000
2493,231730.8000
2494,231730.8000
2495,231730.8000
2496,231730.8000
2497,231730.8000
2498,231730.8000
2499,231730.8000
2500,231730.8000
2501,231730.8000
2502,231730.8000
2503,231730.8000
2504,231730.8000
2505,231730.8000
2506,231730.8000
2507,231730.8000
2508,231730.8000
2509,231730.8000
2510,231730.8000
2511,231730.8000
2512,231730.8000
2513,231730.8000
2514,231730.8000
2515,231730.8000
2516,231730.8000
2517,231730.8000
2518,231730.8000
2519,231730.8000
2520,231730.8000
2521,231730.8000
2522,231730.8000
2523,231730.8000
2524,231730.8000
2525,231730.8000
2526,231730.8000
2527,231730.8000
2528,231730.8000
2529,231730.8000
2530,231730.8000
2531,231730.8000
2532,231730.8000
2533,231730.8000
2534,231730.8000
2535,231730.8000
2536,231730.8000
2537,231730.8000
2538,231730.8000
2539,231730.8000
2540,231730.8000
2541,231730.8000
2542,231730.8000
2543,231730.8000
2544,231730.8000
2545,231730.8000
2546,231730.8000
2547,231730.8000
2548,231730.8000
2549,231730.8000
2550,231730.8000
2551,231730.8000
2552,231730.8000
2553,231730.8000
2554,231730.8000
2555,231730.8000
2556,231730.8000
2557,231730.8000
2558,231730.8000
2559,231730.8000
2560,231730.8000
2561,231730.8000
2562,231730.8000
2563,231730.8000
2564,231730.8000
2565,231730.8000
2566,231730.8000
2567,231730.8000
2568,231730.8000
2569,231730.8000
2570,231730.8000
2571,231730.8000
2572,231730.8000
2573,231730.8000
2574,231730.8000
2575,231730.8000
2576,231730.8000
2577,231730.8000
2578,231730.8000
2579,231730.8000
2580,231730.8000
2581,231730.8000
2582,231730.8000
2583,231730.8000
2584,231730.8000
2585,231730.8000
2586,231730.8000
2587,231730.8000
2588,231730.8000
2589,231730.8000
2590,231730.8000
2591,231730.8000
2592,231730.8000
2593,231730.8000
2594,231730.8000
2595,231730.8000
2596,231730.8000
2597,231730.8000
2598,231730.8000
2599,231730.8000
2600,231730.8000
2601,231730.8000
2602,231730.8000
2603,231730.8000
2604,231730.8000
2605,231730.8000
2606,231730.8000
2607,231730.8000
2608,231730.8000
2609,231730.8000
2610,231730.8000
2611,231730.8000
2612,231730.8000
2613,231730.8000
2614,231730.8000
2615,231730.8000
2616,231730.8000
2617,231730.8000
2618,231730.8000
2619,231730.8000
2620,231730.8000
2621,231730.8000
2622,231730.8000
2623,231730.8000
2624,231730.8000
2625,231730.8000
2626,231730.8000
2627,231730.8000
2628,231730.8000
2629,231730.8000
2630,231730.8000
2631,231730.8000
2632,231730.8000
2633,231730.8000
2634,231730.8000
2635,231730.8000
2636,231730.8000
2637,231730.8000
2638,231730.8000
2639,231730.8000
2640,231730.8000
2641,231730.8000
2642,231730.8000
2643,231730.8000
2644,231730.8000
2645,231730.8000
2646,231730.8000
2647,231730.8000
2648,231730.8000
2649,231730.8000
2650,231730.8000
2651,231730.8000
2652,231730.8000
2653,231730.8000
2654,231730.8000
2655,231730.8000
2656,231730.8000
2657,231730.8000
2658,231730.8000
2659,231730.8000
2660,231730.8000
2661,231730.8000
2662,231730.8000
2663,231730.8000
2664,231730.8000
2665,231730.8000
2666,231730.8000
2667,231730.8000
2668,231730.8000
2669,231730.8000
2670,231730.8000
2671,231730.8000
2672,231730.8000
2673,231730.8000
2674,231730.8000
2675,231730.8000
2676,231730.8000
2677,231730.8000
2678,231730.8000
2679,231730.8000
2680,231730.8000
2681,231730.8000
2682,231730.8000
2683,231730.8000
2684,231730.8000
2685,231730.8000
2686,231730.8000
2687,231730.8000
2688,231730.8000
2689,231730.8000
2690,231730.8000
2691,231730.8000
2692,231730.8000
2693,231730.8000
2694,231730.8000
2695,231730.8000
2696,231730.8000
2697,231730.8000
2698,231730.8000
2699,231730.8000
2700,231730.8000
2701,231730.8000
2702,231730.8000
2703,231730.8000
2704,231730.8000
2705,231730.8000
2706,231730.8000
2707,231730.8000
2708,231730.8000
2709,231730.8000
2710,231730.8000
2711,231730.8000
2712,231730.8000
2713,231730.8000
2714,231730.8000
2715,231730.8000
2716,231730.8000
2717,231730.8000
2718,231730.8000
2719,231730.8000
2720,231730.8000
2721,231730.8000
2722,231730.8000
2723,231730.8000
2724,231730.8000
2725,231730.8000
2726,231730.8000
2727,231730.8000
2728,231730.8000
2729,231730.8000
2730,231730.8000
2731,231730.8000
2732,231730.8000
2733,231730.8000
2734,231730.8000
2735,231730.8000
2736,231730.8000
2737,231730.8000
2738,231730.8000
2739,231730.8000
2740,231730.8000
2741,231730.8000
2742,231730.8000
2743,231730.8000
2744,231730.8000
2745,231730.8000
2746,231730.8000
2747,231730.8000
2748,231730.8000
2749,231730.8000
2750,231730.8000
2751,231730.8000
2752,231730.8000
2753,231730.8000
2754,231730.8000
2755,231730.8000
2756,231730.8000
2757,231730.8000
2758,231730.8000
2759,231730.8000
2760,231730.8000
2761,231730.8000
2762,231730.8000
2763,231730.8000
2764,231730.8000
2765,231730.8000
2766,231730.8000
2767,231730.8000
2768,231730.8000
2769,231730.8000
2770,231730.8000
2771,231730.8000
2772,231730.8000
2773,231730.8000
2774,231730.8000
2775,231730.8000
2776,231730.8000
2777,231730.8000
2778,231730.8000
2779,231730.8000
2780,231730.8000
2781,231730.8000
2782,231730.8000
2783,231730.8000
2784,231730.8000
2785,231730.8000
2786,231730.8000
2787,231730.8000
2788,231730.8000
2789,231730.8000
2790,231730.8000
2791,231730.8000
2792,231730.8000
2793,231730.8000
2794,231730.8000
2795,231730.8000
2796,231730.8000
2797,231730.8000
2798,231730.8000
2799,231730.8000
2800,231730.8000
2801,231730.8000
2802,231730.8000
2803,231730.8000
2804,231730.8000
2805,231730.8000
2806,231730.8000
2807,231730.8000
2808,231730.8000
2809,231730.8000
2810,231730.8000
2811,231730.8000
2812,231730.8000
2813,231730.8000
2814,231730.8000
2815,231730.8000
2816,231730.8000
2817,231730.8000
2818,231730.8000
2819,231730.8000
2820,231730.8000
2821,231730.8000
2822,231730.8000
2823,231730.8000
2824,231730.8000
2825,231730.8000
2826,231730.8000
2827,231730.8000
2828,231730.8000
2829,231730.8000
2830,231730.8000
2831,231730.8000
2832,231730.8000
2833,231730.8000
2834,231730.8000
2835,231730.8000
2836,231730.8000
2837,231730.8000
2838,231730.8000
2839,231730.8000
2840,231730.8000
2841,231730.8000
2842,231730.8000
2843,231730.8000
2844,231730.8000
2845,231730.8000
2846,231730.8000
2847,231730.8000
2848,231730.8000
2849,231730.8000
2850,231730.8000
2851,231730.8000
2852,231730.8000
2853,231730.8000
2854,231730.8000
2855,231730.8000
2856,231730.8000
2857,231730.8000
2858,231730.8000
2859,231730.8000
2860,231730.8000
2861,231730.8000
2862,231730.8000
2863,231730.8000
2864,231730.8000
2865,231730.8000
2866,231730.8000
2867,231730.8000
2868,231730.8000
2869,231730.8000
2870,231730.8000
2871,231730.8000
2872,231730.8000
2873,231730.8000
2874,231730.8000
2875,231730.8000
2876,231730.8000
2877,231730.8000
2878,231730.8000
2879,231730.8000
2880,231730.8000
2881,231730.8000
2882,231730.8000
2883,231730.8000
2884,231730.8000
2885,231730.8000
2886,231730.8000
2887,231730.8000
2888,231730.8000
2889,231730.8000
2890,231730.8000
2891,231730.8000
2892,231730.8000
2893,231730.8000
2894,231730.8000
2895,231730.8000
2896,231730.8000
2897,231730.8000
2898,231730.8000
2899,231730.8000
2900,231730.8000
2901,231730.8000
2902,231730.8000
2903,231730.8000
2904,231730.8000
2905,231730.8000
2906,231730.8000
2907,231730.8000
2908,231730.8000
2909,231730.8000
2910,231730.8000
2911,231730.8000
2912,231730.8000
2913,231730.8000
2914,231730.8000
2915,231730.8000
2916,231730.8000
2917,231730.8000
2918,231730.8000
2919,231730.8000
2920,231730.8000
2921,231730.8000
2922,231730.8000
2923,231730.8000
2924,231730.8000
2925,231730.8000
2926,231730.8000
2927,231730.8000
2928,231730.8000
2929,231730.8000
2930,231730.8000
2931,231730.8000
2932,231730.8000
2933,231730.8000
2934,231730.8000
2935,231730.8000
2936,231730.8000
2937,231730.8000
2938,231730.8000
2939,231730.8000
2940,231730.8000
2941,231730.8000
2942,231730.8000
2943,231730.8000
2944,231730.8000
2945,231730.8000
2946,231730.8000
2947,231730.8000
2948,231730.8000
2949,231730.8000
2950,231730.8000
2951,231730.8000
2952,231730.8000
2953,231730.8000
2954,231730.8000
2955,231730.8000
2956,231730.8000
2957,231730.8000
2958,231730.8000
2959,231730.8000
2960,231730.8000
2961,231730.8000
2962,231730.8000
2963,231730.8000
2964,231730.8000
2965,231730.8000
2966,231730.8000
2967,231730.8000
2968,231730.8000
2969,231730.8000
2970,231730.8000
2971,231730.8000
2972,231730.8000
2973,231730.8000
2974,231730.8000
2975,231730.8000
2976,231730.8000
2977,231730.8000
2978,231730.8000
2979,231730.8000
2980,231730.8000
2981,231730.8000
2982,231730.8000
2983,231730.8000
2984,231730.8000
2985,231730.8000
2986,231730.8000
2987,231730.8000
2988,231730.8000
2989,231730.8000
2990,231730.8000
2991,231730.8000
2992,231730.8000
2993,231730.8000
2994,231730.8000
2995,231730.8000
2996,231730.8000
2997,231730.8000
2998,231730.8000
2999,231730.8000
3000,231730.8000
3001,231730.8000
3002,231730.8000
3003,231730.8000
3004,231730.8000
3005,231730.8000
3006,231730.8000
3007,231730.8000
3008,231730.8000
3009,231730.8000
3010,231730.8000
3011,231730.8000
3012,231730.8000
3013,231730.8000
3014,231730.8000
3015,231730.8000
3016,231730.8000
3017,231730.8000
3018,231730.8000
3019,231730.8000
3020,231730.8000
3021,231730.8000
3022,231730.8000
3023,231730.8000
3024,231730.8000
3025,231730.8000
3026,231730.8000
3027,231730.8000
3028,231730.8000
3029,231730.8000
3030,231730.8000
3031,231730.8000
3032,231730.8000
3033,231730.8000
3034,231730.8000
3035,231730.8000
3036,231730.8000
3037,231730.8000
3038,231730.8000
3039,231730.8000
3040,231730.8000
3041,231730.8000
3042,231730.8000
3043,231730.8000
3044,231730.8000
3045,231730.8000
3046,231730.8000
3047,231730.8000
3048,231730.8000
3049,231730.8000
3050,231730.8000
3051,231730.8000
3052,231730.8000
3053,231730.8000
3054,231730.8000
3055,231730.8000
3056,231730.8000
3057,231730.8000
3058,231730.8000
3059,231730.8000
3060,231730.8000
3061,231730.8000
3062,231730.8000
3063,231730.8000
3064,231730.8000
3065,231730.8000
3066,231730.8000
3067,231730.8000
3068,231730.8000
3069,231730.8000
3070,231730.8000
3071,231730.8000
3072,231730.8000
3073,231730.8000
3074,231730.8000
3075,231730.8000
3076,231730.8000
3077,231730.8000
3078,231730.8000
3079,231730.8000
3080,231730.8000
3081,231730.8000
3082,231730.8000
3083,231730.8000
3084,231730.8000
3085,231730.8000
3086,231730.8000
3087,231730.8000
3088,231730.8000
3089,231730.8000
3090,231730.8000
3091,231730.8000
3092,231730.8000
3093,231730.8000
3094,231730.8000
3095,231730.8000
3096,231730.8000
3097,231730.8000
3098,231730.8000
3099,231730.8000
3100,231730.8000
3101,231730.8000
3102,231730.8000
3103,231730.8000
3104,231730.8000
3105,231730.8000
3106,231730.8000
3107,231730.8000
3108,231730.8000
3109,231730.8000
3110,231730.8000
3111,231730.8000
3112,231730.8000
3113,231730.8000
3114,231730.8000
3115,231730.8000
3116,231730.8000
3117,231730.8000
3118,231730.8000
3119,231730.8000
3120,231730.8000
3121,231730.8000
3122,231730.8000
3123,231730.8000
3124,231730.8000
3125,231730.8000
3126,231730.8000
3127,231730.8000
3128,231730.8000
3129,231730.8000
3130,231730.8000
3131,231730.8000
3132,231730.8000
3133,231730.8000
3134,231730.8000
3135,231730.8000
3136,231730.8000
3137,231730.8000
3138,231730.8000
3139,231730.8000
3140,231730.8000
3141,231730.8000
3142,231730.8000
3143,231730.8000
3144,231730.8000
3145,231730.8000
3146,231730.8000
3147,231730.8000
3148,231730.8000
3149,231730.8000
3150,231730.8000
3151,231730.8000
3152,231730.8000
3153,231730.8000
3154,231730.8000
3155,231730.8000
3156,231730.8000
3157,231730.8000
3158,231730.8000
3159,231730.8000
3160,231730.8000
3161,231730.8000
3162,231730.8000
3163,231730.8000
3164,231730.8000
3165,231730.8000
3166,231730.8000
3167,231730.8000
3168,231730.8000
3169,231730.8000
3170,231730.8000
3171,231730.8000
3172,231730.8000
3173,231730.8000
3174,231730.8000
3175,231730.8000
3176,231730.8000
3177,231730.8000
3178,231730.8000
3179,231730.8000
3180,231730.8000
3181,231730.8000
3182,231730.8000
3183,231730.8000
3184,231730.8000
3185,231730.8000
3186,231730.8000
3187,231730.8000
3188,231730.8000
3189,231730.8000
3190,231730.8000
3191,231730.8000
3192,231730.8000
3193,231730.8000
3194,231730.8000
3195,231730.8000
3196,231730.8000
3197,231730.8000
3198,231730.8000
3199,231730.8000
3200,231730.8000
3201,231730.8000
3202,231730.8000
3203,231730.8000
3204,231730.8000
3205,231433.0000
3206,231433.0000
3207,231433.0000
3208,231433.0000
3209,231433.0000
3210,231433.0000
3211,231433.0000
3212,231433.0000
3213,231433.0000
3214,231433.0000
3215,231433.0000
3216,231433.0000
3217,231433.0000
3218,231433.0000
3219,231433.0000
3220,231433.0000
3221,231433.0000
3222,231433.0000
3223,231433.0000
3224,231433.0000
3225,231433.0000
3226,231433.0000
3227,231433.0000
3228,231433.0000
3229,231433.0000
3230,231433.0000
3231,231433.0000
3232,231433.0000
3233,231433.0000
3234,231433.0000
3235,231433.0000
3236,231433.0000
3237,231433.0000
3238,231433.0000
3239,231433.0000
3240,231433.0000
3241,231433.0000
3242,231433.0000
3243,231433.0000
3244,231433.0000
3245,231433.0000
3246,231433.0000
3247,231433.0000
3248,231433.0000
3249,231433.0000
3250,231433.0000
3251,231433.0000
3252,231433.0000
3253,231433.0000
3254,231433.0000
3255,231433.0000
3256,231433.0000
3257,231433.0000
3258,231433.0000
3259,231433.0000
3260,231433.0000
3261,231433.0000
3262,231433.0000
3263,231433.0000
3264,231433.0000
3265,231433.0000
3266,231433.0000
3267,231433.0000
3268,231433.0000
3269,231433.0000
3270,231433.0000
3271,231433.0000
3272,231433.0000
3273,231433.0000
3274,231433.0000
3275,231433.0000
3276,231433.0000
3277,231433.0000
3278,231433.0000
3279,231433.0000
3280,231433.0000
3281,231433.0000
3282,231433.0000
3283,231433.0000
3284,231433.0000
3285,231433.0000
3286,231433.0000
3287,231433.0000
3288,231433.0000
3289,231433.0000
3290,231433.0000
3291,231433.0000
3292,231433.0000
3293,231433.0000
3294,231433.0000
3295,231433.0000
3296,231433.0000
3297,231433.0000
3298,231433.0000
3299,231433.0000
3300,231433.0000
3301,231433.0000
3302,231433.0000
3303,231433.0000
3304,231433.0000
3305,231433.0000
3306,231433.0000
3307,231433.0000
3308,231433.0000
3309,231433.0000
3310,231433.0000
3311,231433.0000
3312,231433.0000
3313,231433.0000
3314,231433.0000
3315,231433.0000
3316,231433.0000
3317,231433.0000
3318,231433.0000
3319,231433.0000
3320,231433.0000
3321,231433.0000
3322,231433.0000
3323,231433.0000
3324,231433.0000
3325,231433.0000
3326,231433.0000
3327,231433.0000
3328,231433.0000
3329,231433.0000
3330,231433.0000
3331,231433.0000
3332,231433.0000
3333,231433.0000
3334,231433.0000
3335,231433.0000
3336,231433.0000
3337,231433.0000
3338,231433.0000
3339,231433.0000
3340,231433.0000
3341,231433.0000
3342,231433.0000
3343,231433.0000
3344,231433.0000
3345,231433.0000
3346,231433.0000
3347,231433.0000
3348,231433.0000
3349,231433.0000
3350,231433.0000
3351,231433.0000
3352,231433.0000
3353,231433.0000
3354,231433.0000
3355,231433.0000
3356,231433.0000
3357,231433.0000
3358,231433.0000
3359,231433.0000
3360,231433.0000
3361,231433.0000
3362,231433.0000
3363,231433.0000
3364,231433.0000
3365,231433.0000
3366,231433.0000
3367,231433.0000
3368,231433.0000
3369,231433.0000
3370,231433.0000
3371,231433.0000
3372,231433.0000
3373,231433.0000
3374,231433.0000
3375,231433.0000
3376,231433.0000
3377,231433.0000
3378,231433.0000
3379,231433.0000
3380,231433.0000
3381,231433.0000
3382,231433.0000
3383,231433.0000
3384,231433.0000
3385,231433.0000
3386,231433.0000
3387,231433.0000
3388,231433.0000
3389,231433.0000
3390,231433.0000
3391,231433.0000
3392,231433.0000
3393,231433.0000
3394,231433.0000
3395,231433.0000
3396,231433.0000
3397,231433.0000
3398,231433.0000
3399,231433.0000
3400,231433.0000
3401,231433.0000
3402,231433.0000
3403,231433.0000
3404,231433.0000
3405,231433.0000
3406,231433.0000
3407,231433.0000
3408,231433.0000
3409,231433.0000
3410,231433.0000
3411,231433.0000
3412,231433.0000
3413,231433.0000
3414,231433.0000
3415,231433.0000
3416,231433.0000
3417,231433.0000
3418,231433.0000
3419,231433.0000
3420,231433.0000
3421,231433.0000
3422,231433.0000
3423,231433.0000
3424,231433.0000
3425,231433.0000
3426,231433.0000
3427,231433.0000
3428,231433.0000
3429,231433.0000
3430,231433.0000
3431,231433.0000
3432,231433.0000
3433,231433.0000
3434,231433.0000
3435,231433.0000
3436,231433.0000
3437,231433.0000
3438,231433.0000
3439,231433.0000
3440,231433.0000
3441,231433.0000
3442,231433.0000
3443,231433.0000
3444,231433.0000
3445,231433.0000
3446,231433.0000
3447,231433.0000
3448,231433.0000
3449,231433.0000
3450,231433.0000
3451,231433.0000
3452,231433.0000
3453,231433.0000
3454,231433.0000
3455,231433.0000
3456,231433.0000
3457,231433.0000
3458,231433.0000
3459,231433.0000
3460,231433.0000
3461,231433.0000
3462,231433.0000
3463,231433.0000
3464,231433.0000
3465,231433.0000
3466,231433.0000
3467,231433.0000
3468,231433.0000
3469,231433.0000
3470,231433.0000
3471,231433.0000
3472,231433.0000
3473,231433.0000
3474,231433.0000
3475,231433.0000
3476,231433.0000
3477,231433.0000
3478,231433.0000
3479,231433.0000
3480,231433.0000
3481,231433.0000
3482,231433.0000
3483,231433.0000
3484,231433.0000
3485,231433.0000
3486,231433.0000
3487,231433.0000
3488,231433.0000
3489,231433.0000
3490,231433.0000
3491,231433.0000
3492,231433.0000
3493,231433.0000
3494,231433.0000
3495,231433.0000
3496,231433.0000
3497,231433.0000
3498,231433.0000
3499,231433.0000
3500,231433.0000
3501,231433.0000
3502,231433.0000
3503,231433.0000
3504,231433.0000
3505,231433.0000
3506,231433.0000
3507,231433.0000
3508,231433.0000
3509,231433.0000
3510,231433.0000
3511,231433.0000
3512,231433.0000
3513,231433.0000
3514,231433.0000
3515,231433.0000
3516,231433.0000
3517,231433.0000
3518,231433.0000
3519,231433.0000
3520,231433.0000
3521,231433.0000
3522,231433.0000
3523,231433.0000
3524,231433.0000
3525,231433.0000
3526,231433.0000
3527,231433.0000
3528,231433.0000
3529,231433.0000
3530,231433.0000
3531,231433.0000
3532,231433.0000
3533,231433.0000
3534,231433.0000
3535,231433.0000
3536,231433.0000
3537,231433.0000
3538,231433.0000
3539,231433.0000
3540,231433.0000
3541,231433.0000
3542,231433.0000
3543,231433.0000
3544,231433.0000
3545,231433.0000
3546,231433.0000
3547,231433.0000
3548,231433.0000
3549,231433.0000
3550,231433.0000
3551,231433.0000
3552,231433.0000
3553,231433.0000
3554,231433.0000
3555,231433.0000
3556,231433.0000
3557,231433.0000
3558,231433.0000
3559,231433.0000
3560,231433.0000
3561,231433.0000
3562,231433.0000
3563,231433.0000
3564,231433.0000
3565,231433.0000
3566,231433.0000
3567,231433.0000
3568,231433.0000
3569,231433.0000
3570,231433.0000
3571,231433.0000
3572,231433.0000
3573,231433.0000
3574,231433.0000
3575,231433.0000
3576,231433.0000
3577,231433.0000
3578,231433.0000
3579,231433.0000
3580,231433.0000
3581,231433.0000
3582,231433.0000
3583,231433.0000
3584,231433.0000
3585,231433.0000
3586,231433.0000
3587,231433.0000
3588,231433.0000
3589,231433.0000
3590,231433.0000
3591,231433.0000
3592,231433.0000
3593,231433.0000
3594,231433.0000
3595,231433.0000
3596,231433.0000
3597,231433.0000
3598,231433.0000
3599,231433.0000
3600,231433.0000
3601,231433.0000
3602,231433.0000
3603,231433.0000
3604,231433.0000
3605,231433.0000
3606,231433.0000
3607,231433.0000
3608,231433.0000
3609,231433.0000
3610,231433.0000
3611,231433.0000
3612,231433.0000
3613,231433.0000
3614,231433.0000
3615,231433.0000
3616,231433.0000
3617,231433.0000
3618,231433.0000
3619,231433.0000
3620,231433.0000
3621,231433.0000
3622,231433.0000
3623,231433.0000
3624,231433.0000
3625,231433.0000
3626,231433.0000
3627,231433.0000
3628,231433.0000
3629,231433.0000
3630,231433.0000
3631,231433.0000
3632,231433.0000
3633,231433.0000
3634,231433.0000
3635,231433.0000
3636,231433.0000
3637,231433.0000
3638,231433.0000
3639,231433.0000
3640,231433.0000
3641,231433.0000
3642,231433.0000
3643,231433.0000
3644,231433.0000
3645,231433.0000
3646,231433.0000
3647,231433.0000
3648,231433.0000
3649,231433.0000
3650,231433.0000
3651,231433.0000
3652,231433.0000
3653,231433.0000
3654,231433.0000
3655,231433.0000
3656,231433.0000
3657,231433.0000
3658,231433.0000
3659,231433.0000
3660,231433.0000
3661,231433.0000
3662,231433.0000
3663,231433.0000
3664,231433.0000
3665,231433.0000
3666,231433.0000
3667,231433.0000
3668,231433.0000
3669,231433.0000
3670,231433.0000
3671,231433.0000
3672,231433.0000
3673,231433.0000
3674,231433.0000
3675,231433.0000
3676,231433.0000
3677,231433.0000
3678,231433.0000
3679,231433.0000
3680,231433.0000
3681,231433.0000
3682,231433.0000
3683,231433.0000
3684,231433.0000
3685,231433.0000
3686,231433.0000
3687,231433.0000
3688,231433.0000
3689,231433.0000
3690,231433.0000
3691,231433.0000
3692,231433.0000
3693,231433.0000
3694,231433.0000
3695,231433.0000
3696,231433.0000
3697,231433.0000
3698,231433.0000
3699,231433.0000
3700,231433.0000
3701,231433.0000
3702,231433.0000
3703,231433.0000
3704,231433.0000
3705,231433.0000
3706,231433.0000
3707,231433.0000
3708,231433.0000
3709,231433.0000
3710,231433.0000
3711,231433.0000
3712,231433.0000
3713,231433.0000
3714,231433.0000
3715,231433.0000
3716,231433.0000
3717,231433.0000
3718,231433.0000
3719,231433.0000
3720,231433.0000
3721,231433.0000
3722,231433.0000
3723,231433.0000
3724,231433.0000
3725,231433.0000
3726,231433.0000
3727,231433.0000
3728,231433.0000
3729,231433.0000
3730,231433.0000
3731,231433.0000
3732,231433.0000
3733,231433.0000
3734,231433.0000
3735,231433.0000
3736,231433.0000
3737,231433.0000
3738,231433.0000
3739,231433.0000
3740,231433.0000
3741,231433.0000
3742,231433.0000
3743,231433.0000
3744,231433.0000
3745,231433.0000
3746,231433.0000
3747,231433.0000
3748,231433.0000
3749,231433.0000
3750,231433.0000
3751,231433.0000
3752,231433.0000
3753,231433.0000
3754,231433.0000
3755,231433.0000
3756,231433.0000
3757,231433.0000
3758,231433.0000
3759,231433.0000
3760,231433.0000
3761,231433.0000
3762,231433.0000
3763,231433.0000
3764,231433.0000
3765,231433.0000
3766,231433.0000
3767,231433.0000
3768,231433.0000
3769,231433.0000
3770,231433.0000
3771,231433.0000
3772,231433.0000
3773,231433.0000
3774,231433.0000
3775,231433.0000
3776,231433.0000
3777,231433.0000
3778,231433.0000
3779,231433.0000
3780,231433.0000
3781,231433.0000
3782,231433.0000
3783,231433.0000
3784,231433.0000
3785,231433.0000
3786,231433.0000
3787,231433.0000
3788,231433.0000
3789,231433.0000
3790,231433.0000
3791,231433.0000
3792,231433.0000
3793,231433.0000
3794,231433.0000
3795,231433.0000
3796,231433.0000
3797,231433.0000
3798,231433.0000
3799,231433.0000
3800,231433.0000
3801,231433.0000
3802,231433.0000
3803,231433.0000
3804,231433.0000
3805,231433.0000
3806,231433.0000
3807,231433.0000
3808,231433.0000
3809,231433.0000
3810,231433.0000
3811,231433.0000
3812,231433.0000
3813,231433.0000
3814,231433.0000
3815,231433.0000
3816,231433.0000
3817,231433.0000
3818,231433.0000
3819,231433.0000
3820,231433.0000
3821,231433.0000
3822,231433.0000
3823,231433.0000
3824,231433.0000
3825,231433.0000
3826,231433.0000
3827,231433.0000
3828,231433.0000
3829,231433.0000
3830,231433.0000
3831,231433.0000
3832,231433.0000
3833,231433.0000
3834,231433.0000
3835,231433.0000
3836,231433.0000
3837,231433.0000
3838,231433.0000
3839,231433.0000
3840,231433.0000
3841,231433.0000
3842,231433.0000
3843,231433.0000
3844,231433.0000
3845,231433.0000
3846,231433.0000
3847,231433.0000
3848,231433.0000
3849,231433.0000
3850,231433.0000
3851,231433.0000
3852,231433.0000
3853,231433.0000
3854,231433.0000
3855,231433.0000
3856,231433.0000
3857,231433.0000
3858,231433.0000
3859,231433.0000
3860,231433.0000
3861,231433.0000
3862,231433.0000
3863,231433.0000
3864,231433.0000
3865,231433.0000
3866,231433.0000
3867,231433.0000
3868,231433.0000
3869,231433.0000
3870,231433.0000
3871,231433.0000
3872,231433.0000
3873,231433.0000
3874,231433.0000
3875,231433.0000
3876,231433.0000
3877,231433.0000
3878,231433.0000
3879,231433.0000
3880,231433.0000
3881,231433.0000
3882,231433.0000
3883,231433.0000
3884,231433.0000
3885,231433.0000
3886,231433.0000
3887,231433.0000
3888,231433.0000
3889,231433.0000
3890,231433.0000
3891,231433.0000
3892,231433.0000
3893,231433.0000
3894,231433.0000
3895,231433.0000
3896,231433.0000
3897,231433.0000
3898,231433.0000
3899,231433.0000
3900,231433.0000
3901,231433.0000
3902,231433.0000
3903,231433.0000
3904,231433.0000
3905,231433.0000
3906,231433.0000
3907,231433.0000
3908,231433.0000
3909,231433.0000
3910,231433.0000
3911,231433.0000
3912,231433.0000
3913,231433.0000
3914,231433.0000
3915,231433.0000
3916,231433.0000
3917,231433.0000
3918,231433.0000
3919,231433.0000
3920,231433.0000
3921,231433.0000
3922,231433.0000
3923,231433.0000
3924,231433.0000
3925,231433.0000
3926,231433.0000
3927,231433.0000
3928,231433.0000
3929,231433.0000
3930,231433.0000
3931,231433.0000
3932,231433.0000
3933,231433.0000
3934,231433.0000
3935,231433.0000
3936,231433.0000
3937,231433.0000
3938,231433.0000
3939,231433.0000
3940,231433.0000
3941,231433.0000
3942,231433.0000
3943,231433.0000
3944,231433.0000
3945,231433.0000
3946,231433.0000
3947,231433.0000
3948,231433.0000
3949,231433.0000
3950,231433.0000
3951,231433.0000
3952,231433.0000
3953,231433.0000
3954,231433.0000
3955,231433.0000
3956,231433.0000
3957,231433.0000
3958,231433.0000
3959,231433.0000
3960,231433.0000
3961,231433.0000
3962,231433.0000
3963,231433.0000
3964,231433.0000
3965,231433.0000
3966,231433.0000
3967,231433.0000
3968,231433.0000
3969,231433.0000
3970,231433.0000
3971,231433.0000
3972,231433.0000
3973,231433.0000
3974,231433.0000
3975,231433.0000
3976,231433.0000
3977,231433.0000
3978,231433.0000
3979,231433.0000
3980,231433.0000
3981,231433.0000
3982,231433.0000
3983,231433.0000
3984,231433.0000
3985,231433.0000
3986,231433.0000
3987,231433.0000
3988,231433.0000
3989,231433.0000
3990,231433.0000
3991,231433.0000
3992,231433.0000
3993,231433.0000
3994,231433.0000
3995,231433.0000
3996,231433.0000
3997,231433.0000
3998,231433.0000
3999,231433.0000
4000,231433.0000
4001,231433.0000
4002,231433.0000
4003,231433.0000
4004,231433.0000
4005,231433.0000
4006,231433.0000
4007,231433.0000
4008,231433.0000
4009,231433.0000
4010,231433.0000
4011,231433.0000
4012,231433.0000
4013,231433.0000
4014,231433.0000
4015,231433.0000
4016,231433.0000
4017,231433.0000
4018,231433.0000
4019,231433.0000
4020,231433.0000
4021,231433.0000
4022,231433.0000
4023,231433.0000
4024,231433.0000
4025,231433.0000
4026,231433.0000
4027,231433.0000
4028,231433.0000
4029,231433.0000
4030,231433.0000
4031,231433.0000
4032,231433.0000
4033,231433.0000
4034,231433.0000
4035,231433.0000
4036,231433.0000
4037,231433.0000
4038,231433.0000
4039,231433.0000
4040,231433.0000
4041,231433.0000
4042,231433.0000
4043,231433.0000
4044,231433.0000
4045,231433.0000
4046,231433.0000
4047,231433.0000
4048,231433.0000
4049,231433.0000
4050,231433.0000
4051,231433.0000
4052,231433.0000
4053,231433.0000
4054,231433.0000
4055,231433.0000
4056,231433.0000
4057,231433.0000
4058,231433.0000
4059,231433.0000
4060,231433.0000
4061,231433.0000
4062,231433.0000
4063,231433.0000
4064,231433.0000
4065,231433.0000
4066,231433.0000
4067,231433.0000
4068,231433.0000
4069,231433.0000
4070,231433.0000
4071,231433.0000
4072,231433.0000
4073,231433.0000
4074,231433.0000
4075,231433.0000
4076,231433.0000
4077,231433.0000
4078,231433.0000
4079,231433.0000
4080,231433.0000
4081,231433.0000
4082,231433.0000
4083,231433.0000
4084,231433.0000
4085,231433.0000
4086,231433.0000
4087,231433.0000
4088,231433.0000
4089,231433.0000
4090,231433.0000
4091,231433.0000
4092,231433.0000
4093,231433.0000
4094,231433.0000
4095,231433.0000
4096,231433.0000
4097,231433.0000
4098,231433.0000
4099,231433.0000
4100,231433.0000
4101,231433.0000
4102,231433.0000
4103,231433.0000
4104,231433.0000
4105,231433.0000
4106,231433.0000
4107,231433.0000
4108,231433.0000
4109,231433.0000
4110,231433.0000
4111,231433.0000
4112,231433.0000
4113,231433.0000
4114,231433.0000
4115,231433.0000
4116,231433.0000
4117,231433.0000
4118,231433.0000
4119,231433.0000
4120,231433.0000
4121,231433.0000
4122,231433.0000
4123,231433.0000
4124,231433.0000
4125,231433.0000
4126,231433.0000
4127,231433.0000
4128,231433.0000
4129,231433.0000
4130,231433.0000
4131,231433.0000
4132,231433.0000
4133,231433.0000
4134,231433.0000
4135,231433.0000
4136,231433.0000
4137,231433.0000
4138,231433.0000
4139,231433.0000
4140,231433.0000
4141,231433.0000
4142,231433.0000
4143,231433.0000
4144,231433.0000
4145,231433.0000
4146,231433.0000
4147,231433.0000
4148,231433.0000
4149,231433.0000
4150,231433.0000
4151,231433.0000
4152,231433.0000
4153,231433.0000
4154,231433.0000
4155,231433.0000
4156,231433.0000
4157,231433.0000
4158,231433.0000
4159,231433.0000
4160,231433.0000
4161,231433.0000
4162,231433.0000
4163,231433.0000
4164,231433.0000
4165,231433.0000
4166,231433.0000
4167,231433.0000
4168,231433.0000
4169,231433.0000
4170,231433.0000
4171,231433.0000
4172,231433.0000
4173,231433.0000
4174,231433.0000
4175,231433.0000
4176,231433.0000
4177,231433.0000
4178,231433.0000
4179,231433.0000
4180,231433.0000
4181,231433.0000
4182,231433.0000
4183,231433.0000
4184,231433.0000
4185,231433.0000
4186,231433.0000
4187,231433.0000
4188,231433.0000
4189,231433.0000
4190,231433.0000
4191,231433.0000
4192,231433.0000
4193,231433.0000
4194,231433.0000
4195,231433.0000
4196,231433.0000
4197,231433.0000
4198,231433.0000
4199,231433.0000
4200,231433.0000
4201,231433.0000
4202,231433.0000
4203,231433.0000
4204,231433.0000
4205,231433.0000
4206,231433.0000
4207,231433.0000
4208,231433.0000
4209,231433.0000
4210,231433.0000
4211,231433.0000
4212,231433.0000
4213,231433.0000
4214,231433.0000
4215,231433.0000
4216,231433.0000
4217,231433.0000
4218,231433.0000
4219,231433.0000
4220,231433.0000
4221,231433.0000
4222,231433.0000
4223,231433.0000
4224,231433.0000
4225,231433.0000
4226,231433.0000
4227,231433.0000
4228,231433.0000
4229,231433.0000
4230,231433.0000
4231,231433.0000
4232,231433.0000
4233,231433.0000
4234,231433.0000
4235,231433.0000
4236,231433.0000
4237,231433.0000
4238,231433.0000
4239,231433.0000
4240,231433.0000
4241,231433.0000
4242,231433.0000
4243,231433.0000
4244,231433.0000
4245,231433.0000
4246,231433.0000
4247,231433.0000
4248,231433.0000
4249,231433.0000
4250,231433.0000
4251,231433.0000
4252,231433.0000
4253,231433.0000
4254,231433.0000
4255,231433.0000
4256,231433.0000
4257,231433.0000
4258,231433.0000
4259,231433.0000
4260,231433.0000
4261,231433.0000
4262,231433.0000
4263,231433.0000
4264,231433.0000
4265,231433.0000
4266,231433.0000
4267,231433.0000
4268,231433.0000
4269,231433.0000
4270,231433.0000
4271,231433.0000
4272,231433.0000
4273,231433.0000
4274,231433.0000
4275,231433.0000
4276,231433.0000
4277,231433.0000
4278,231433.0000
4279,231433.0000
4280,231433.0000
4281,231433.0000
4282,231433.0000
4283,231433.0000
4284,231433.0000
4285,231433.0000
4286,231433.0000
4287,231433.0000
4288,231433.0000
4289,231433.0000
4290,231433.0000
4291,231433.0000
4292,231433.0000
4293,231433.0000
4294,231433.0000
4295,231433.0000
4296,231433.0000
4297,231433.0000
4298,231433.0000
4299,231433.0000
4300,231433.0000
4301,231433.0000
4302,231433.0000
4303,231433.0000
4304,231433.0000
4305,231433.0000
4306,231433.0000
4307,231433.0000
4308,231433.0000
4309,231433.0000
4310,231433.0000
4311,231433.0000
4312,231433.0000
4313,231433.0000
4314,231433.0000
4315,231433.0000
4316,231433.0000
4317,231433.0000
4318,231433.0000
4319,231433.0000
4320,231433.0000
4321,231433.0000
4322,231433.0000
4323,231433.0000
4324,231433.0000
4325,231433.0000
4326,231433.0000
4327,231433.0000
4328,231433.0000
4329,231433.0000
4330,231433.0000
4331,231433.0000
4332,231433.0000
4333,231433.0000
4334,231433.0000
4335,231433.0000
4336,231433.0000
4337,231433.0000
4338,231433.0000
4339,231433.0000
4340,231433.0000
4341,231433.0000
4342,231433.0000
4343,231433.0000
4344,231433.0000
4345,231433.0000
4346,231433.0000
4347,231433.0000
4348,231433.0000
4349,231433.0000
4350,231433.0000
4351,231433.0000
4352,231433.0000
4353,231433.0000
4354,231433.0000
4355,231433.0000
4356,231433.0000
4357,231433.0000
4358,231433.0000
4359,231433.0000
4360,231433.0000
4361,231433.0000
4362,231433.0000
4363,231433.0000
4364,231433.0000
4365,231433.0000
4366,231433.0000
4367,231433.0000
4368,231433.0000
4369,231433.0000
4370,231433.0000
4371,231433.0000
4372,231433.0000
4373,231433.0000
4374,231433.0000
4375,231433.0000
4376,231433.0000
4377,231433.0000
4378,231433.0000
4379,231433.0000
4380,231433.0000
4381,231433.0000
4382,231433.0000
4383,231433.0000
4384,231433.0000
4385,231433.0000
4386,231433.0000
4387,231433.0000
4388,231433.0000
4389,231433.0000
4390,231433.0000
4391,231433.0000
4392,231433.0000
4393,231433.0000
4394,231433.0000
4395,231433.0000
4396,231433.0000
4397,231433.0000
4398,231433.0000
4399,231433.0000
4400,231433.0000
4401,231433.0000
4402,231433.0000
4403,231433.0000
4404,231433.0000
4405,231433.0000
4406,231433.0000
4407,231433.0000
4408,231433.0000
4409,231433.0000
4410,231433.0000
4411,231433.0000
4412,231433.0000
4413,231433.0000
4414,231433.0000
4415,231433.0000
4416,231433.0000
4417,231433.0000
4418,231433.0000
4419,231433.0000
4420,231433.0000
4421,231433.0000
4422,231433.0000
4423,231433.0000
4424,231433.0000
4425,231433.0000
4426,231433.0000
4427,231433.0000
4428,231433.0000
4429,231433.0000
4430,231433.0000
4431,231433.0000
4432,231433.0000
4433,231433.0000
4434,231433.0000
4435,231433.0000
4436,231433.0000
4437,231433.0000
4438,231433.0000
4439,231433.0000
4440,231433.0000
4441,231433.0000
4442,231433.0000
4443,231433.0000
4444,231433.0000
4445,231433.0000
4446,231433.0000
4447,231433.0000
4448,231433.0000
4449,231433.0000
4450,231433.0000
4451,231433.0000
4452,231433.0000
4453,231433.0000
4454,231433.0000
4455,231433.0000
4456,231433.0000
4457,231433.0000
4458,231433.0000
4459,231433.0000
4460,231433.0000
4461,231433.0000
4462,231433.0000
4463,231433.0000
4464,231433.0000
4465,231433.0000
4466,231433.0000
4467,231433.0000
4468,231433.0000
4469,231433.0000
4470,231433.0000
4471,231433.0000
4472,231433.0000
4473,231433.0000
4474,231433.0000
4475,231433.0000
4476,231433.0000
4477,231433.0000
4478,231433.0000
4479,231433.0000
4480,231433.0000
4481,231433.0000
4482,231433.0000
4483,231433.0000
4484,231433.0000
4485,231433.0000
4486,231433.0000
4487,231433.0000
4488,231433.0000
4489,231433.0000
4490,231433.0000
4491,231433.0000
4492,231433.0000
4493,231433.0000
4494,231433.0000
4495,231433.0000
4496,231433.0000
4497,231433.0000
4498,231433.0000
4499,231433.0000
4500,231433.0000
4501,231433.0000
4502,231433.0000
4503,231433.0000
4504,231433.0000
4505,231433.0000
4506,231433.0000
4507,231433.0000
4508,231433.0000
4509,231433.0000
4510,231433.0000
4511,231433.0000
4512,231433.0000
4513,231433.0000
4514,231433.0000
4515,231433.0000
4516,231433.0000
4517,231433.0000
4518,231433.0000
4519,231433.0000
4520,231433.0000
4521,231433.0000
4522,231433.0000
4523,231433.0000
4524,231433.0000
4525,231433.0000
4526,231433.0000
4527,231433.0000
4528,231433.0000
4529,231433.0000
4530,231433.0000
4531,231433.0000
4532,231433.0000
4533,231433.0000
4534,231433.0000
4535,231433.0000
4536,231433.0000
4537,231433.0000
4538,231433.0000
4539,231433.0000
4540,231433.0000
4541,231433.0000
4542,231433.0000
4543,231433.0000
4544,231433.0000
4545,231433.0000
4546,231433.0000
4547,231433.0000
4548,231433.0000
4549,231433.0000
4550,231433.0000
4551,231433.0000
4552,231433.0000
4553,231433.0000
4554,231433.0000
4555,231433.0000
4556,231433.0000
4557,231433.0000
4558,231433.0000
4559,231433.0000
4560,231433.0000
4561,231433.0000
4562,231433.0000
4563,231433.0000
4564,231433.0000
4565,231433.0000
4566,231433.0000
4567,231433.0000
4568,231433.0000
4569,231433.0000
4570,231433.0000
4571,231433.0000
4572,231433.0000
4573,231433.0000
4574,231433.0000
4575,231433.0000
4576,231433.0000
4577,231433.0000
4578,231433.0000
4579,231433.0000
4580,231433.0000
4581,231433.0000
4582,231433.0000
4583,231433.0000
4584,231433.0000
4585,231433.0000
4586,231433.0000
4587,231433.0000
4588,231433.0000
4589,231433.0000
4590,231433.0000
4591,231433.0000
4592,231433.0000
4593,231433.0000
4594,231433.0000
4595,231433.0000
4596,231433.0000
4597,231433.0000
4598,231433.0000
4599,231433.0000
4600,231433.0000
4601,231433.0000
4602,231433.0000
4603,231433.0000
4604,231433.0000
4605,231433.0000
4606,231433.0000
4607,231433.0000
4608,231433.0000
4609,231433.0000
4610,231433.0000
4611,231433.0000
4612,231433.0000
4613,231433.0000
4614,231433.0000
4615,231433.0000
4616,231433.0000
4617,231433.0000
4618,231433.0000
4619,231433.0000
4620,231433.0000
4621,231433.0000
4622,231433.0000
4623,231433.0000
4624,231433.0000
4625,231433.0000
4626,231433.0000
4627,231433.0000
4628,231433.0000
4629,231433.0000
4630,231433.0000
4631,231433.0000
4632,231433.0000
4633,231433.0000
4634,231433.0000
4635,231433.0000
4636,231433.0000
4637,231433.0000
4638,231433.0000
4639,231433.0000
4640,231433.0000
4641,231433.0000
4642,231433.0000
4643,231433.0000
4644,231433.0000
4645,231433.0000
4646,231433.0000
4647,231433.0000
4648,231433.0000
4649,231433.0000
4650,231433.0000
4651,231433.0000
4652,231433.0000
4653,231433.0000
4654,231433.0000
4655,231433.0000
4656,231433.0000
4657,231433.0000
4658,231433.0000
4659,231433.0000
4660,231433.0000
4661,231433.0000
4662,231433.0000
4663,231433.0000
4664,231433.0000
4665,231433.0000
4666,231433.0000
4667,231433.0000
4668,231433.0000
4669,231433.0000
4670,231433.0000
4671,231433.0000
4672,231433.0000
4673,231433.0000
4674,231433.0000
4675,231433.0000
4676,231433.0000
4677,231433.0000
4678,231433.0000
4679,231433.0000
4680,231433.0000
4681,231433.0000
4682,231433.0000
4683,231433.0000
4684,231433.0000
4685,231433.0000
4686,231433.0000
4687,231433.0000
4688,231433.0000
4689,231433.0000
4690,231433.0000
4691,231433.0000
4692,231433.0000
4693,231433.0000
4694,231433.0000
4695,231433.0000
4696,231433.0000
4697,231433.0000
4698,231433.0000
4699,231433.0000
4700,231433.0000
4701,231433.0000
4702,231433.0000
4703,231433.0000
4704,231433.0000
4705,231433.0000
4706,231433.0000
4707,231433.0000
4708,231433.0000
4709,231433.0000
4710,231433.0000
4711,231433.0000
4712,231433.0000
4713,231433.0000
4714,231433.0000
4715,231433.0000
4716,231433.0000
4717,231433.0000
4718,231433.0000
4719,231433.0000
4720,231433.0000
4721,231433.0000
4722,231433.0000
4723,231433.0000
4724,231433.0000
4725,231433.0000
4726,231433.0000
4727,231433.0000
4728,231433.0000
4729,231433.0000
4730,231433.0000
4731,231433.0000
4732,231433.0000
4733,231433.0000
4734,231433.0000
4735,231433.0000
4736,231433.0000
4737,231433.0000
4738,231433.0000
4739,231433.0000
4740,231433.0000
4741,231433.0000
4742,231433.0000
4743,231433.0000
4744,231433.0000
4745,231433.0000
4746,231433.0000
4747,231433.0000
4748,231433.0000
4749,231433.0000
4750,231433.0000
4751,231433.0000
4752,231433.0000
4753,231433.0000
4754,231433.0000
4755,231433.0000
4756,231433.0000
4757,231433.0000
4758,231433.0000
4759,231433.0000
4760,231433.0000
4761,231433.0000
4762,231433.0000
4763,231433.0000
4764,231433.0000
4765,231433.0000
4766,231433.0000
4767,231433.0000
4768,231433.0000
4769,231433.0000
4770,231433.0000
4771,231433.0000
4772,231433.0000
4773,231433.0000
4774,231433.0000
4775,231433.0000
4776,231433.0000
4777,231433.0000
4778,231433.0000
4779,231433.0000
4780,231433.0000
4781,231433.0000
4782,231433.0000
4783,231433.0000
4784,231433.0000
4785,231433.0000
4786,231433.0000
4787,231433.0000
4788,231433.0000
4789,231433.0000
4790,231433.0000
4791,231433.0000
4792,231433.0000
4793,231433.0000
4794,231433.0000
4795,231433.0000
4796,231433.0000
4797,231433.0000
4798,231433.0000
4799,231433.0000
4800,231433.0000
4801,231433.0000
4802,231433.0000
4803,231433.0000
4804,231433.0000
4805,231433.0000
4806,231433.0000
4807,231433.0000
4808,231433.0000
4809,231433.0000
4810,231433.0000
4811,231433.0000
4812,231433.0000
4813,231433.0000
4814,231433.0000
4815,231433.0000
4816,231433.0000
4817,231433.0000
4818,231433.0000
4819,231433.0000
4820,231433.0000
4821,231433.0000
4822,231433.0000
4823,231433.0000
4824,231433.0000
4825,231433.0000
4826,231433.0000
4827,231433.0000
4828,231433.0000
4829,231433.0000
4830,231433.0000
4831,231433.0000
4832,231433.0000
4833,231433.0000
4834,231433.0000
4835,231433.0000
4836,231433.0000
4837,231433.0000
4838,231433.0000
4839,231433.0000
4840,231433.0000
4841,231433.0000
4842,231433.0000
4843,231433.0000
4844,231433.0000
4845,231433.0000
4846,231433.0000
4847,231433.0000
4848,231433.0000
4849,231433.0000
4850,231433.0000
4851,231433.0000
4852,231433.0000
4853,231433.0000
4854,231433.0000
4855,231433.0000
4856,231433.0000
4857,231433.0000
4858,231433.0000
4859,231433.0000
4860,231433.0000
4861,231433.0000
4862,231433.0000
4863,231433.0000
4864,231433.0000
4865,231433.0000
4866,231433.0000
4867,231433.0000
4868,231433.0000
4869,231433.0000
4870,231433.0000
4871,231433.0000
4872,231433.0000
4873,231433.0000
4874,231433.0000
4875,231433.0000
4876,231433.0000
4877,231433.0000
4878,231433.0000
4879,231433.0000
4880,231433.0000
4881,231433.0000
4882,231433.0000
4883,231433.0000
4884,231433.0000
4885,231433.0000
4886,231433.0000
4887,231433.0000
4888,231433.0000
4889,231433.0000
4890,231433.0000
4891,231433.0000
4892,231433.0000
4893,231433.0000
4894,231433.0000
4895,231433.0000
4896,231433.0000
4897,231433.0000
4898,231433.0000
4899,231433.0000
4900,231433.0000
4901,231433.0000
4902,231433.0000
4903,231433.0000
4904,231433.0000
4905,231433.0000
4906,231433.0000
4907,231433.0000
4908,231433.0000
4909,231433.0000
4910,231433.0000
4911,231433.0000
4912,231433.0000
4913,231433.0000
4914,231433.0000
4915,231433.0000
4916,231433.0000
4917,231433.0000
4918,231433.0000
4919,231433.0000
4920,231433.0000
4921,231433.0000
4922,231433.0000
4923,231433.0000
4924,231433.0000
4925,231433.0000
4926,231433.0000
4927,231433.0000
4928,231433.0000
4929,231433.0000
4930,231433.0000
4931,231433.0000
4932,231433.0000
4933,231433.0000
4934,231433.0000
4935,231433.0000
4936,231433.0000
4937,231433.0000
4938,231433.0000
4939,231433.0000
4940,231433.0000
4941,231433.0000
4942,231433.0000
4943,231433.0000
4944,231433.0000
4945,231433.0000
4946,231433.0000
4947,231433.0000
4948,231433.0000
4949,231433.0000
4950,231433.0000
4951,231433.0000
4952,231433.0000
4953,231433.0000
4954,231433.0000
4955,231433.0000
4956,231433.0000
4957,231433.0000
4958,231433.0000
4959,231433.0000
4960,231433.0000
4961,231433.0000
4962,231433.0000
4963,231433.0000
4964,231433.0000
4965,231433.0000
4966,231433.0000
4967,231433.0000
4968,231433.0000
4969,231433.0000
4970,231433.0000
4971,231433.0000
4972,231433.0000
4973,231433.0000
4974,231433.0000
4975,231433.0000
4976,231433.0000
4977,231433.0000
4978,231433.0000
4979,231433.0000
4980,231433.0000
4981,231433.0000
4982,231433.0000
4983,231433.0000
4984,231433.0000
4985,231433.0000
4986,231433.0000
4987,231433.0000
4988,231433.0000
4989,231433.0000
4990,231433.0000
4991,231433.0000
4992,231433.0000
4993,231433.0000
4994,231433.0000
4995,231433.0000
4996,231433.0000
4997,231433.0000
4998,231433.0000
4999,231433.0000
5000,231433.0000
5001,231433.0000
5002,231433.0000
5003,231433.0000
5004,231433.0000
5005,231433.0000
5006,231433.0000
5007,231433.0000
5008,231433.0000
5009,231433.0000
5010,231433.0000
5011,231433.0000
5012,231433.0000
5013,231433.0000
5014,231433.0000
5015,231433.0000
5016,231433.0000
5017,231433.0000
5018,231433.0000
5019,231433.0000
5020,231433.0000
5021,231433.0000
5022,231433.0000
5023,231433.0000
5024,231433.0000
5025,231433.0000
5026,231433.0000
5027,231433.0000
5028,231433.0000
5029,231433.0000
5030,231433.0000
5031,231433.0000
5032,231433.0000
5033,231433.0000
5034,231433.0000
5035,231433.0000
5036,231433.0000
5037,231433.0000
5038,231433.0000
5039,231433.0000
5040,231433.0000
5041,231433.0000
5042,231433.0000
5043,231433.0000
5044,231433.0000
5045,231433.0000
5046,231433.0000
5047,231433.0000
5048,231433.0000
5049,231433.0000
5050,231433.0000
5051,231433.0000
5052,231433.0000
5053,231433.0000
5054,231433.0000
5055,231433.0000
5056,231433.0000
5057,231433.0000
5058,231433.0000
5059,231433.0000
5060,231433.0000
5061,231433.0000
5062,231433.0000
5063,231433.0000
5064,231433.0000
5065,231433.0000
5066,231433.0000
5067,231433.0000
5068,231433.0000
5069,231433.0000
5070,231433.0000
5071,231433.0000
5072,231433.0000
5073,231433.0000
5074,231433.0000
5075,231433.0000
5076,231433.0000
5077,231433.0000
5078,231433.0000
5079,231433.0000
5080,231433.0000
5081,231433.0000
5082,231433.0000
5083,231433.0000
5084,231433.0000
5085,231433.0000
5086,231433.0000
5087,231433.0000
5088,231433.0000
5089,231433.0000
5090,231433.0000
5091,231433.0000
5092,231433.0000
5093,231433.0000
5094,231433.0000
5095,231433.0000
5096,231433.0000
5097,231433.0000
5098,231433.0000
5099,231433.0000
5100,231433.0000
5101,231433.0000
5102,231433.0000
5103,231433.0000
5104,231433.0000
5105,231433.0000
5106,231433.0000
5107,231433.0000
5108,231433.0000
5109,231433.0000
5110,231433.0000
5111,231433.0000
5112,231433.0000
5113,231433.0000
5114,231433.0000
5115,231433.0000
5116,231433.0000
5117,231433.0000
5118,231433.0000
5119,231433.0000
5120,231433.0000
5121,231433.0000
5122,231433.0000
5123,231433.0000
5124,231433.0000
5125,231433.0000
5126,231433.0000
5127,231433.0000
5128,231433.0000
5129,231433.0000
5130,231433.0000
5131,231433.0000
5132,231433.0000
5133,231433.0000
5134,231433.0000
5135,231433.0000
5136,231433.0000
5137,231433.0000
5138,231433.0000
5139,231433.0000
5140,231433.0000
5141,231433.0000
5142,231433.0000
5143,231433.0000
5144,231433.0000
5145,231433.0000
5146,231433.0000
5147,231433.0000
5148,231433.0000
5149,231433.0000
5150,231433.0000
5151,231433.0000
5152,231433.0000
5153,231433.0000
5154,231433.0000
5155,231433.0000
5156,231433.0000
5157,231433.0000
5158,231433.0000
5159,231433.0000
5160,231433.0000
5161,231433.0000
5162,231433.0000
5163,231433.0000
5164,231433.0000
5165,231433.0000
5166,231433.0000
5167,231433.0000
5168,231433.0000
5169,231433.0000
5170,231433.0000
5171,231433.0000
5172,231433.0000
5173,231433.0000
5174,231433.0000
5175,231433.0000
5176,231433.0000
5177,231433.0000
5178,231433.0000
5179,231433.0000
5180,231433.0000
5181,231433.0000
5182,231433.0000
5183,231433.0000
5184,231433.0000
5185,231433.0000
5186,231433.0000
5187,231433.0000
5188,231433.0000
5189,231433.0000
5190,231433.0000
5191,231433.0000
5192,231433.0000
5193,231433.0000
5194,231433.0000
5195,231433.0000
5196,231433.0000
5197,231433.0000
5198,231433.0000
5199,231433.0000
5200,231433.0000
5201,231433.0000
5202,231433.0000
5203,231433.0000
5204,231433.0000
5205,231433.0000
5206,231433.0000
5207,231433.0000
5208,231433.0000
5209,231433.0000
5210,231433.0000
5211,231433.0000
5212,231433.0000
5213,231433.0000
5214,231433.0000
5215,231433.0000
5216,231433.0000
5217,231433.0000
5218,231433.0000
5219,231433.0000
5220,231433.0000
5221,231433.0000
5222,231433.0000
5223,231433.0000
5224,231433.0000
5225,231433.0000
5226,231433.0000
5227,231433.0000
5228,231433.0000
5229,231433.0000
5230,231433.0000
5231,231433.0000
5232,231433.0000
5233,231433.0000
5234,231433.0000
5235,231433.0000
5236,231433.0000
5237,231433.0000
5238,231433.0000
5239,231433.0000
5240,231433.0000
5241,231433.0000
5242,231433.0000
5243,231433.0000
5244,231433.0000
5245,231433.0000
5246,231433.0000
5247,231433.0000
5248,231433.0000
5249,231433.0000
5250,231433.0000
5251,231433.0000
5252,231433.0000
5253,231433.0000
5254,231433.0000
5255,231433.0000
5256,231433.0000
5257,231433.0000
5258,231433.0000
5259,231433.0000
5260,231433.0000
5261,231433.0000
5262,231433.0000
5263,231433.0000
5264,231433.0000
5265,231433.0000
5266,231433.0000
5267,231433.0000
5268,231433.0000
5269,231433.0000
5270,231433.0000
5271,231433.0000
5272,231433.0000
5273,231433.0000
5274,231433.0000
5275,231433.0000
5276,231433.0000
5277,231433.0000
5278,231433.0000
5279,231433.0000
5280,231433.0000
5281,231433.0000
5282,231433.0000
5283,231433.0000
5284,231433.0000
5285,231433.0000
5286,231433.0000
5287,231433.0000
5288,231433.0000
5289,231433.0000
5290,231433.0000
5291,231433.0000
5292,231433.0000
5293,231433.0000
5294,231433.0000
5295,231433.0000
5296,231433.0000
5297,231433.0000
5298,231433.0000
5299,231433.0000
5300,231433.0000
5301,231433.0000
5302,231433.0000
5303,231433.0000
5304,231433.0000
5305,231433.0000
5306,231433.0000
5307,231433.0000
5308,231433.0000
5309,231433.0000
5310,231433.0000
5311,231433.0000
5312,231433.0000
5313,231433.0000
5314,231433.0000
5315,231433.0000
5316,231433.0000
5317,231433.0000
5318,231433.0000
5319,231433.0000
5320,231433.0000
5321,231433.0000
5322,231433.0000
5323,231433.0000
5324,231433.0000
5325,231433.0000
5326,231433.0000
5327,231433.0000
5328,231433.0000
5329,231433.0000
5330,231433.0000
5331,231433.0000
5332,231433.0000
5333,231433.0000
5334,231433.0000
5335,231433.0000
5336,231433.0000
5337,231433.0000
5338,231433.0000
5339,231433.0000
5340,231433.0000
5341,231433.0000
5342,231433.0000
5343,231433.0000
5344,231433.0000
5345,231433.0000
5346,231433.0000
5347,231433.0000
5348,231433.0000
5349,231433.0000
5350,231433.0000
5351,231433.0000
5352,231433.0000
5353,231433.0000
5354,231433.0000
5355,231433.0000
5356,231433.0000
5357,231433.0000
5358,231433.0000
5359,231433.0000
5360,231433.0000
5361,231433.0000
5362,231433.0000
5363,231433.0000
5364,231433.0000
5365,231433.0000
5366,231433.0000
5367,231433.0000
5368,231433.0000
5369,231433.0000
5370,231433.0000
5371,231433.0000
5372,231433.0000
5373,231433.0000
5374,231433.0000
5375,231433.0000
5376,231433.0000
5377,231433.0000
5378,231433.0000
5379,231433.0000
5380,231433.0000
5381,231433.0000
5382,231433.0000
5383,231433.0000
5384,231433.0000
5385,231433.0000
5386,231433.0000
5387,231433.0000
5388,231433.0000
5389,231433.0000
5390,231433.0000
5391,231433.0000
5392,231433.0000
5393,231433.0000
5394,231433.0000
5395,231433.0000
5396,231433.0000
5397,231433.0000
5398,231433.0000
5399,231433.0000
5400,231433.0000
5401,231433.0000
5402,231433.0000
5403,231433.0000
5404,231433.0000
5405,231433.0000
5406,231433.0000
5407,231433.0000
5408,231433.0000
5409,231433.0000
5410,231433.0000
5411,231433.0000
5412,231433.0000
5413,231433.0000
5414,231433.0000
5415,231433.0000
5416,231433.0000
5417,231433.0000
5418,231433.0000
5419,231433.0000
5420,231433.0000
5421,231433.0000
5422,231433.0000
5423,231433.0000
5424,231433.0000
5425,231433.0000
5426,231433.0000
5427,231433.0000
5428,231433.0000
5429,231433.0000
5430,231433.0000
5431,231433.0000
5432,231433.0000
5433,231433.0000
5434,231433.0000
5435,231433.0000
5436,231433.0000
5437,231433.0000
5438,231433.0000
5439,231433.0000
5440,231433.0000
5441,231433.0000
5442,231433.0000
5443,231433.0000
5444,231433.0000
5445,231433.0000
5446,231433.0000
5447,231433.0000
5448,231433.0000
5449,231433.0000
5450,231433.0000
5451,231433.0000
5452,231433.0000
5453,231433.0000
5454,231433.0000
5455,231433.0000
5456,231433.0000
5457,231433.0000
5458,231433.0000
5459,231433.0000
5460,231433.0000
5461,231433.0000
5462,231433.0000
5463,231433.0000
5464,231433.0000
5465,231433.0000
5466,231433.0000
5467,231433.0000
5468,231433.0000
5469,231433.0000
5470,231433.0000
5471,231433.0000
5472,231433.0000
5473,231433.0000
5474,231433.0000
5475,231433.0000
5476,231433.0000
5477,231433.0000
5478,231433.0000
5479,231433.0000
5480,231433.0000
5481,231433.0000
5482,231433.0000
5483,231433.0000
5484,231433.0000
5485,231433.0000
5486,231433.0000
5487,231433.0000
5488,231433.0000
5489,231433.0000
5490,231433.0000
5491,231433.0000
5492,231433.0000
5493,231433.0000
5494,231433.0000
5495,231433.0000
5496,231433.0000
5497,231433.0000
5498,231433.0000
5499,231433.0000
5500,231433.0000
5501,231433.0000
5502,231433.0000
5503,231433.0000
5504,231433.0000
5505,231433.0000
5506,231433.0000
5507,231433.0000
5508,231433.0000
5509,231433.0000
5510,231433.0000
5511,231433.0000
5512,231433.0000
5513,231433.0000
5514,231433.0000
5515,231433.0000
5516,231433.0000
5517,231433.0000
5518,231433.0000
5519,231433.0000
5520,231433.0000
5521,231433.0000
5522,231433.0000
5523,231433.0000
5524,231433.0000
5525,231433.0000
5526,231433.0000
5527,231433.0000
5528,231433.0000
5529,231433.0000
5530,231433.0000
5531,231433.0000
5532,231433.0000
5533,231433.0000
5534,231433.0000
5535,231433.0000
5536,231433.0000
5537,231433.0000
5538,231433.0000
5539,231433.0000
5540,231433.0000
5541,231433.0000
5542,231433.0000
5543,231433.0000
5544,231433.0000
5545,231433.0000
5546,231433.0000
5547,231433.0000
5548,231433.0000
5549,231433.0000
5550,231433.0000
5551,231433.0000
5552,231433.0000
5553,231433.0000
5554,231433.0000
5555,231433.0000
5556,231433.0000
5557,231433.0000
5558,231433.0000
5559,231433.0000
5560,231433.0000
5561,231433.0000
5562,231433.0000
5563,231433.0000
5564,231433.0000
5565,231433.0000
5566,231433.0000
5567,231433.0000
5568,231433.0000
5569,231433.0000
5570,231433.0000
5571,231433.0000
5572,231433.0000
5573,231433.0000
5574,231433.0000
5575,231433.0000
5576,231433.0000
5577,231433.0000
5578,231433.0000
5579,231433.0000
5580,231433.0000
5581,231433.0000
5582,231433.0000
5583,231433.0000
5584,231433.0000
5585,231433.0000
5586,231433.0000
5587,231433.0000
5588,231433.0000
5589,231433.0000
5590,231433.0000
5591,231433.0000
5592,231433.0000
5593,231433.0000
5594,231433.0000
5595,231433.0000
5596,231433.0000
5597,231433.0000
5598,231433.0000
5599,231433.0000
5600,231433.0000
5601,231433.0000
5602,231433.0000
5603,231433.0000
5604,231433.0000
5605,231433.0000
5606,231433.0000
5607,231433.0000
5608,231433.0000
5609,231433.0000
5610,231433.0000
5611,231433.0000
5612,231433.0000
5613,231433.0000
5614,231433.0000
5615,231433.0000
5616,231433.0000
5617,231433.0000
5618,231433.0000
5619,231433.0000
5620,231433.0000
5621,231433.0000
5622,231433.0000
5623,231433.0000
5624,231433.0000
5625,231433.0000
5626,231433.0000
5627,231433.0000
5628,231433.0000
5629,231433.0000
5630,231433.0000
5631,231433.0000
5632,231433.0000
5633,231433.0000
5634,231433.0000
5635,231433.0000
5636,231433.0000
5637,231433.0000
5638,231433.0000
5639,231433.0000
5640,231433.0000
5641,231083.4000
5642,231083.4000
5643,231083.4000
5644,231083.4000
5645,231083.4000
5646,231083.4000
5647,231083.4000
5648,231083.4000
5649,231083.4000
5650,231083.4000
5651,231083.4000
5652,231083.4000
5653,231083.4000
5654,231083.4000
5655,231083.4000
5656,231083.4000
5657,231083.4000
5658,231083.4000
5659,231083.4000
5660,231083.4000
5661,231083.4000
5662,231083.4000
5663,231083.4000
5664,231083.4000
5665,231083.4000
5666,231083.4000
5667,231083.4000
5668,231083.4000
5669,231083.4000
5670,231083.4000
5671,231083.4000
5672,231083.4000
5673,231083.4000
5674,231083.4000
5675,231083.4000
5676,231083.4000
5677,231083.4000
5678,231083.4000
5679,231083.4000
5680,231083.4000
5681,231083.4000
5682,231083.4000
5683,231083.4000
5684,231083.4000
5685,231083.4000
5686,231083.4000
5687,231083.4000
5688,231083.4000
5689,231083.4000
5690,231083.4000
5691,231083.4000
5692,231083.4000
5693,231083.4000
5694,231083.4000
5695,231083.4000
5696,231083.4000
5697,231083.4000
5698,231083.4000
5699,231083.4000
5700,231083.4000
5701,231083.4000
5702,231083.4000
5703,231083.4000
5704,231083.4000
5705,231083.4000
5706,231083.4000
5707,231083.4000
5708,231083.4000
5709,231083.4000
5710,231083.4000
5711,231083.4000
5712,231083.4000
5713,231083.4000
5714,231083.4000
5715,231083.4000
5716,231083.4000
5717,231083.4000
5718,231083.4000
5719,231083.4000
5720,231083.4000
5721,231083.4000
5722,231083.4000
5723,231083.4000
5724,231083.4000
5725,231083.4000
5726,231083.4000
5727,231083.4000
5728,231083.4000
5729,231083.4000
5730,231083.4000
5731,231083.4000
5732,231083.4000
5733,231083.4000
5734,231083.4000
5735,231083.4000
5736,231083.4000
5737,231083.4000
5738,231083.4000
5739,231083.4000
5740,231083.4000
5741,231083.4000
5742,231083.4000
5743,231083.4000
5744,231083.4000
5745,231083.4000
5746,231083.4000
5747,231083.4000
5748,231083.4000
5749,231083.4000
5750,231083.4000
5751,231083.4000
5752,230784.6000
5753,230784.6000
5754,230784.6000
5755,230784.6000
5756,230784.6000
5757,230784.6000
5758,230784.6000
5759,230784.6000
5760,230784.6000
5761,230784.6000
5762,230784.6000
5763,230784.6000
5764,230784.6000
5765,230784.6000
5766,230784.6000
5767,230784.6000
5768,230784.6000
5769,230784.6000
5770,230784.6000
5771,230784.6000
5772,230784.6000
5773,230784.6000
5774,230784.6000
5775,230784.6000
5776,230784.6000
5777,230784.6000
5778,230784.6000
5779,230784.6000
5780,230784.6000
5781,230784.6000
5782,230784.6000
5783,230784.6000
5784,230784.6000
5785,230784.6000
5786,230784.6000
5787,230784.6000
5788,230784.6000
5789,230784.6000
5790,230784.6000
5791,230784.6000
5792,230784.6000
5793,230784.6000
5794,230784.6000
5795,230784.6000
5796,230784.6000
5797,230784.6000
5798,230784.6000
5799,230784.6000
5800,230784.6000
5801,230784.6000
5802,230784.6000
5803,230784.6000
5804,230784.6000
5805,230784.6000
5806,230784.6000
5807,230784.6000
5808,230784.6000
5809,230784.6000
5810,230784.6000
5811,230784.6000
5812,230784.6000
5813,230784.6000
5814,230784.6000
5815,230784.6000
5816,230784.6000
5817,230784.6000
5818,230784.6000
5819,230784.6000
5820,230784.6000
5821,230784.6000
5822,230784.6000
5823,230784.6000
5824,230784.6000
5825,230784.6000
5826,230784.6000
5827,230784.6000
5828,230784.6000
5829,230784.6000
5830,230784.6000
5831,230784.6000
5832,230784.6000
5833,230784.6000
5834,230784.6000
5835,230784.6000
5836,230784.6000
5837,230784.6000
5838,230784.6000
5839,230784.6000
5840,230784.6000
5841,230784.6000
5842,230784.6000
5843,230784.6000
5844,230784.6000
5845,230784.6000
5846,230784.6000
5847,230784.6000
5848,230784.6000
5849,230784.6000
5850,230784.6000
5851,230784.6000
5852,230784.6000
5853,230784.6000
5854,230784.6000
5855,230784.6000
5856,230784.6000
5857,230784.6000
5858,230784.6000
5859,230784.6000
5860,230784.6000
5861,230784.6000
5862,230784.6000
5863,230784.6000
5864,230784.6000
5865,230784.6000
5866,230784.6000
5867,230784.6000
5868,230784.6000
5869,230784.6000
5870,230784.6000
5871,230784.6000
5872,230784.6000
5873,230784.6000
5874,230784.6000
5875,230784.6000
5876,230784.6000
5877,230784.6000
5878,230784.6000
5879,230784.6000
5880,230784.6000
5881,230784.6000
5882,230784.6000
5883,230784.6000
5884,230784.6000
5885,230784.6000
5886,230784.6000
5887,230784.6000
5888,230784.6000
5889,230784.6000
5890,230784.6000
5891,230784.6000
5892,230784.6000
5893,230784.6000
5894,230784.6000
5895,230784.6000
5896,230784.6000
5897,230784.6000
5898,230784.6000
5899,230784.6000
5900,230784.6000
5901,230784.6000
5902,230784.6000
5903,230784.6000
5904,230784.6000
5905,230784.6000
5906,230784.6000
5907,230784.6000
5908,230784.6000
5909,230784.6000
5910,230784.6000
5911,230784.6000
5912,230784.6000
5913,230784.6000
5914,230784.6000
5915,230784.6000
5916,230784.6000
5917,230784.6000
5918,230784.6000
5919,230784.6000
5920,230784.6000
5921,230784.6000
5922,230784.6000
5923,230784.6000
5924,230784.6000
5925,230725.0000
5926,230725.0000
5927,230725.0000
5928,230725.0000
5929,230725.0000
5930,230725.0000
5931,230725.0000
5932,230725.0000
5933,230725.0000
5934,230725.0000
5935,230725.0000
5936,230725.0000
5937,230725.0000
5938,230725.0000
5939,230725.0000
5940,230725.0000
5941,230725.0000
5942,230725.0000
5943,230725.0000
5944,230725.0000
5945,230725.0000
5946,230725.0000
5947,230725.0000
5948,230725.0000
5949,230725.0000
5950,230725.0000
5951,230725.0000
5952,230725.0000
5953,230725.0000
5954,230725.0000
5955,230725.0000
5956,230725.0000
5957,230725.0000
5958,230725.0000
5959,230725.0000
5960,230725.0000
5961,230725.0000
5962,230725.0000
5963,230725.0000
5964,230725.0000
5965,230725.0000
5966,230725.0000
5967,230725.0000
5968,230725.0000
5969,230725.0000
5970,230725.0000
5971,230725.0000
5972,230725.0000
5973,230725.0000
5974,230725.0000
5975,230725.0000
5976,230725.0000
5977,230725.0000
5978,230725.0000
5979,230725.0000
5980,230725.0000
5981,230725.0000
5982,230725.0000
5983,230725.0000
5984,230725.0000
5985,230725.0000
5986,230725.0000
5987,230725.0000
5988,230725.0000
5989,230725.0000
5990,230725.0000
5991,230725.0000
5992,230725.0000
5993,230725.0000
5994,230725.0000
5995,230725.0000
5996,230725.0000
5997,230725.0000
5998,230725.0000
5999,230725.0000
6000,230725.0000
6001,230725.0000
6002,230725.0000
6003,230725.0000
6004,230725.0000
6005,230725.0000
6006,230725.0000
6007,230725.0000
6008,230725.0000
6009,230725.0000
6010,230725.0000
6011,230725.0000
6012,230725.0000
6013,230725.0000
6014,230725.0000
6015,230725.0000
6016,230725.0000
6017,230725.0000
6018,230725.0000
6019,230725.0000
6020,230725.0000
6021,230725.0000
6022,230725.0000
6023,230725.0000
6024,230725.0000
6025,230725.0000
6026,230725.0000
6027,230725.0000
6028,230725.0000
6029,230725.0000
6030,230725.0000
6031,230725.0000
6032,230725.0000
6033,230725.0000
6034,230725.0000
6035,230725.0000
6036,230725.0000
6037,230725.0000
6038,230725.0000
6039,230725.0000
6040,230725.0000
6041,230725.0000
6042,230725.0000
6043,230725.0000
6044,230725.0000
6045,230725.0000
6046,230725.0000
6047,230725.0000
6048,230725.0000
6049,230725.0000
6050,230725.0000
6051,230725.0000
6052,230725.0000
6053,230725.0000
6054,230725.0000
6055,230725.0000
6056,230725.0000
6057,230725.0000
6058,230725.0000
6059,230725.0000
6060,230725.0000
6061,230725.0000
6062,230725.0000
6063,230725.0000
6064,230725.0000
6065,230725.0000
6066,230725.0000
6067,230725.0000
6068,230725.0000
6069,230725.0000
6070,230725.0000
6071,230725.0000
6072,230725.0000
6073,230725.0000
6074,230725.0000
6075,230725.0000
6076,230725.0000
6077,230725.0000
6078,230725.0000
6079,230725.0000
6080,230725.0000
6081,230725.0000
6082,230725.0000
6083,230725.0000
6084,230725.0000
6085,230725.0000
6086,230725.0000
6087,230725.0000
6088,230725.0000
6089,230725.0000
6090,230725.0000
6091,230725.0000
6092,230725.0000
6093,230725.0000
6094,230725.0000
6095,230725.0000
6096,230725.0000
6097,230725.0000
6098,230725.0000
6099,230725.0000
6100,230725.0000
6101,230725.0000
6102,230725.0000
6103,230725.0000
6104,230725.0000
6105,230725.0000
6106,230725.0000
6107,230725.0000
6108,230725.0000
6109,230725.0000
6110,230725.0000
6111,230725.0000
6112,230725.0000
6113,230725.0000
6114,230725.0000
6115,230725.0000
6116,230725.0000
6117,230725.0000
6118,230725.0000
6119,230725.0000
6120,230725.0000
6121,230725.0000
6122,230725.0000
6123,230725.0000
6124,230725.0000
6125,230725.0000
6126,230725.0000
6127,230725.0000
6128,230725.0000
6129,230725.0000
6130,230725.0000
6131,230725.0000
6132,230725.0000
6133,230725.0000
6134,230725.0000
6135,230725.0000
6136,230725.0000
6137,230725.0000
6138,230725.0000
6139,230725.0000
6140,230725.0000
6141,230725.0000
6142,230725.0000
6143,230725.0000
6144,230725.0000
6145,230725.0000
6146,230725.0000
6147,230725.0000
6148,230725.0000
6149,230725.0000
6150,230725.0000
6151,230725.0000
6152,230725.0000
6153,230725.0000
6154,230725.0000
6155,230725.0000
6156,230725.0000
6157,230725.0000
6158,230725.0000
6159,230725.0000
6160,230725.0000
6161,230725.0000
6162,230725.0000
6163,230725.0000
6164,230725.0000
6165,230725.0000
6166,230725.0000
6167,230725.0000
6168,230725.0000
6169,230725.0000
6170,230725.0000
6171,230725.0000
6172,230725.0000
6173,230725.0000
6174,230725.0000
6175,230725.0000
6176,230725.0000
6177,230725.0000
6178,230725.0000
6179,230725.0000
6180,230725.0000
6181,230725.0000
6182,230725.0000
6183,230725.0000
6184,230725.0000
6185,230725.0000
6186,230725.0000
6187,230725.0000
6188,230725.0000
6189,230725.0000
6190,230725.0000
6191,230725.0000
6192,230725.0000
6193,230725.0000
6194,230725.0000
6195,230725.0000
6196,230725.0000
6197,230725.0000
6198,230725.0000
6199,230725.0000
6200,230725.0000
6201,230725.0000
6202,230725.0000
6203,230725.0000
6204,230725.0000
6205,230725.0000
6206,230725.0000
6207,230725.0000
6208,230725.0000
6209,230725.0000
6210,230725.0000
6211,230725.0000
6212,230725.0000
6213,230725.0000
6214,230725.0000
6215,230725.0000
6216,230725.0000
6217,230725.0000
6218,230725.0000
6219,230725.0000
6220,230725.0000
6221,230725.0000
6222,230725.0000
6223,230725.0000
6224,230725.0000
6225,230725.0000
6226,230725.0000
6227,230725.0000
6228,230725.0000
6229,230725.0000
6230,230725.0000
6231,230725.0000
6232,230725.0000
6233,230725.0000
6234,230725.0000
6235,230725.0000
6236,230725.0000
6237,230725.0000
6238,230725.0000
6239,230725.0000
6240,230725.0000
6241,230725.0000
6242,230725.0000
6243,230725.0000
6244,230725.0000
6245,230725.0000
6246,230725.0000
6247,230725.0000
6248,230725.0000
6249,230725.0000
6250,230725.0000
6251,230725.0000
6252,230725.0000
6253,230725.0000
6254,230725.0000
6255,230725.0000
6256,230725.0000
6257,230725.0000
6258,230725.0000
6259,230725.0000
6260,230725.0000
6261,230725.0000
6262,230725.0000
6263,230725.0000
6264,230725.0000
6265,230725.0000
6266,230725.0000
6267,230725.0000
6268,230725.0000
6269,230725.0000
6270,230725.0000
6271,230725.0000
6272,230725.0000
6273,230725.0000
6274,230725.0000
6275,230725.0000
6276,230725.0000
6277,230725.0000
6278,230725.0000
6279,230725.0000
6280,230725.0000
6281,230725.0000
6282,230725.0000
6283,230725.0000
6284,230725.0000
6285,230725.0000
6286,230725.0000
6287,230725.0000
6288,230725.0000
6289,230725.0000
6290,230725.0000
6291,230725.0000
6292,230725.0000
6293,230725.0000
6294,230725.0000
6295,230725.0000
6296,230725.0000
6297,230725.0000
6298,230725.0000
6299,230725.0000
6300,230725.0000
6301,230725.0000
6302,230725.0000
6303,230725.0000
6304,230725.0000
6305,230725.0000
6306,230725.0000
6307,230725.0000
6308,230725.0000
6309,230725.0000
6310,230725.0000
6311,230725.0000
6312,230725.0000
6313,230725.0000
6314,230725.0000
6315,230725.0000
6316,230725.0000
6317,230725.0000
6318,230725.0000
6319,230725.0000
6320,230725.0000
6321,230725.0000
6322,230725.0000
6323,230725.0000
6324,230725.0000
6325,230725.0000
6326,230725.0000
6327,230725.0000
6328,230725.0000
6329,230725.0000
6330,230725.0000
6331,230725.0000
6332,230725.0000
6333,230725.0000
6334,230725.0000
6335,230725.0000
6336,230725.0000
6337,230725.0000
6338,230725.0000
6339,230725.0000
6340,230725.0000
6341,230725.0000
6342,230725.0000
6343,230725.0000
6344,230725.0000
6345,230725.0000
6346,230725.0000
6347,230725.0000
6348,230725.0000
6349,230725.0000
6350,230725.0000
6351,230725.0000
6352,230725.0000
6353,230725.0000
6354,230725.0000
6355,230725.0000
6356,230725.0000
6357,230725.0000
6358,230725.0000
6359,230725.0000
6360,230725.0000
6361,230725.0000
6362,230725.0000
6363,230725.0000
6364,230725.0000
6365,230725.0000
6366,230725.0000
6367,230725.0000
6368,230725.0000
6369,230725.0000
6370,230725.0000
6371,230725.0000
6372,230725.0000
6373,230725.0000
6374,230725.0000
6375,230725.0000
6376,230725.0000
6377,230725.0000
6378,230725.0000
6379,230725.0000
6380,230725.0000
6381,230725.0000
6382,230725.0000
6383,230725.0000
6384,230725.0000
6385,230725.0000
6386,230725.0000
6387,230725.0000
6388,230725.0000
6389,230725.0000
6390,230725.0000
6391,230725.0000
6392,230725.0000
6393,230725.0000
6394,230725.0000
6395,230725.0000
6396,230725.0000
6397,230725.0000
6398,230725.0000
6399,230725.0000
6400,230725.0000
6401,230725.0000
6402,230725.0000
6403,230725.0000
6404,230725.0000
6405,230725.0000
6406,230725.0000
6407,230725.0000
6408,230725.0000
6409,230725.0000
6410,230725.0000
6411,230725.0000
6412,230725.0000
6413,230725.0000
6414,230725.0000
6415,230725.0000
6416,230725.0000
6417,230725.0000
6418,230725.0000
6419,230725.0000
6420,230725.0000
6421,230725.0000
6422,230725.0000
6423,230725.0000
6424,230725.0000
6425,230725.0000
6426,230725.0000
6427,230725.0000
6428,230725.0000
6429,230725.0000
6430,230725.0000
6431,230725.0000
6432,230725.0000
6433,230725.0000
6434,230725.0000
6435,230725.0000
6436,230725.0000
6437,230725.0000
6438,230725.0000
6439,230725.0000
6440,230725.0000
6441,230725.0000
6442,230725.0000
6443,230725.0000
6444,230725.0000
6445,230725.0000
6446,230725.0000
6447,230725.0000
6448,230725.0000
6449,230725.0000
6450,230725.0000
6451,230725.0000
6452,230725.0000
6453,230725.0000
6454,230725.0000
6455,230725.0000
6456,230725.0000
6457,230725.0000
6458,230725.0000
6459,230725.0000
6460,230725.0000
6461,230725.0000
6462,230725.0000
6463,230725.0000
6464,230725.0000
6465,230725.0000
6466,230725.0000
6467,230725.0000
6468,230725.0000
6469,230725.0000
6470,230725.0000
6471,230725.0000
6472,230725.0000
6473,230725.0000
6474,230725.0000
6475,230725.0000
6476,230725.0000
6477,230725.0000
6478,230725.0000
6479,230725.0000
6480,230725.0000
6481,230725.0000
6482,230725.0000
6483,230725.0000
6484,230725.0000
6485,230725.0000
6486,230725.0000
6487,230725.0000
6488,230725.0000
6489,230725.0000
6490,230725.0000
6491,230725.0000
6492,230725.0000
6493,230725.0000
6494,230725.0000
6495,230725.0000
6496,230725.0000
6497,230725.0000
6498,230725.0000
6499,230725.0000
6500,230725.0000
6501,230725.0000
6502,230725.0000
6503,230725.0000
6504,230725.0000
6505,230725.0000
6506,230725.0000
6507,230725.0000
6508,230725.0000
6509,230725.0000
6510,230725.0000
6511,230725.0000
6512,230725.0000
6513,230725.0000
6514,230725.0000
6515,230725.0000
6516,230725.0000
6517,230725.0000
6518,230725.0000
6519,230725.0000
6520,230725.0000
6521,230725.0000
6522,230725.0000
6523,230725.0000
6524,230725.0000
6525,230725.0000
6526,230725.0000
6527,230725.0000
6528,230725.0000
6529,230725.0000
6530,230725.0000
6531,230725.0000
6532,230725.0000
6533,230725.0000
6534,230725.0000
6535,230725.0000
6536,230725.0000
6537,230725.0000
6538,230725.0000
6539,230725.0000
6540,230725.0000
6541,230725.0000
6542,230725.0000
6543,230725.0000
6544,230725.0000
6545,230725.0000
6546,230725.0000
6547,230725.0000
6548,230725.0000
6549,230725.0000
6550,230725.0000
6551,230725.0000
6552,230725.0000
6553,230725.0000
6554,230725.0000
6555,230725.0000
6556,230725.0000
6557,230725.0000
6558,230725.0000
6559,230725.0000
6560,230725.0000
6561,230725.0000
6562,230725.0000
6563,230725.0000
6564,230725.0000
6565,230725.0000
6566,230725.0000
6567,230725.0000
6568,230725.0000
6569,230725.0000
6570,230725.0000
6571,230725.0000
6572,230725.0000
6573,230725.0000
6574,230725.0000
6575,230725.0000
6576,230725.0000
6577,230725.0000
6578,230725.0000
6579,230725.0000
6580,230725.0000
6581,230725.0000
6582,230725.0000
6583,230725.0000
6584,230725.0000
6585,230725.0000
6586,230725.0000
6587,230725.0000
6588,230725.0000
6589,230725.0000
6590,230725.0000
6591,230725.0000
6592,230725.0000
6593,230725.0000
6594,230725.0000
6595,230725.0000
6596,230725.0000
6597,230725.0000
6598,230725.0000
6599,230725.0000
6600,230725.0000
6601,230725.0000
6602,230725.0000
6603,230725.0000
6604,230725.0000
6605,230725.0000
6606,230725.0000
6607,230725.0000
6608,230725.0000
6609,230725.0000
6610,230725.0000
6611,230725.0000
6612,230725.0000
6613,230725.0000
6614,230725.0000
6615,230725.0000
6616,230725.0000
6617,230725.0000
6618,230725.0000
6619,230725.0000
6620,230725.0000
6621,230725.0000
6622,230725.0000
6623,230725.0000
6624,230725.0000
6625,230725.0000
6626,230725.0000
6627,230725.0000
6628,230725.0000
6629,230725.0000
6630,230725.0000
6631,230725.0000
6632,230725.0000
6633,230725.0000
6634,230725.0000
6635,230725.0000
6636,230725.0000
6637,230725.0000
6638,230725.0000
6639,230725.0000
6640,230725.0000
6641,230725.0000
6642,230725.0000
6643,230725.0000
6644,230725.0000
6645,230725.0000
6646,230725.0000
6647,230725.0000
6648,230725.0000
6649,230725.0000
6650,230725.0000
6651,230725.0000
6652,230725.0000
6653,230725.0000
6654,230725.0000
6655,230725.0000
6656,230725.0000
6657,230725.0000
6658,230725.0000
6659,230725.0000
6660,230725.0000
6661,230725.0000
6662,230725.0000
6663,230725.0000
6664,230725.0000
6665,230725.0000
6666,230725.0000
6667,230725.0000
6668,230725.0000
6669,230725.0000
6670,230725.0000
6671,230725.0000
6672,230725.0000
6673,230725.0000
6674,230725.0000
6675,230725.0000
6676,230725.0000
6677,230725.0000
6678,230725.0000
6679,230725.0000
6680,230725.0000
6681,230725.0000
6682,230725.0000
6683,230725.0000
6684,230725.0000
6685,230725.0000
6686,230725.0000
6687,230725.0000
6688,230725.0000
6689,230725.0000
6690,230725.0000
6691,230725.0000
6692,230725.0000
6693,230725.0000
6694,230725.0000
6695,230725.0000
6696,230725.0000
6697,230725.0000
6698,230725.0000
6699,230725.0000
6700,230725.0000
6701,230725.0000
6702,230725.0000
6703,230725.0000
6704,230725.0000
6705,230725.0000
6706,230725.0000
6707,230725.0000
6708,230725.0000
6709,230725.0000
6710,230725.0000
6711,230725.0000
6712,230725.0000
6713,230725.0000
6714,230725.0000
6715,230725.0000
6716,230725.0000
6717,230725.0000
6718,230725.0000
6719,230725.0000
6720,230725.0000
6721,230725.0000
6722,230725.0000
6723,230725.0000
6724,230725.0000
6725,230725.0000
6726,230725.0000
6727,230725.0000
6728,230725.0000
6729,230725.0000
6730,230725.0000
6731,230725.0000
6732,230725.0000
6733,230725.0000
6734,230725.0000
6735,230725.0000
6736,230725.0000
6737,230725.0000
6738,230725.0000
6739,230725.0000
6740,230725.0000
6741,230725.0000
6742,230725.0000
6743,230725.0000
6744,230725.0000
6745,230725.0000
6746,230725.0000
6747,230725.0000
6748,230725.0000
6749,230725.0000
6750,230725.0000
6751,230725.0000
6752,230725.0000
6753,230725.0000
6754,230725.0000
6755,230725.0000
6756,230725.0000
6757,230725.0000
6758,230725.0000
6759,230725.0000
6760,230725.0000
6761,230725.0000
6762,230725.0000
6763,230725.0000
6764,230725.0000
6765,230725.0000
6766,230725.0000
6767,230725.0000
6768,230725.0000
6769,230725.0000
6770,230725.0000
6771,230725.0000
6772,230725.0000
6773,230725.0000
6774,230725.0000
6775,230725.0000
6776,230725.0000
6777,230725.0000
6778,230725.0000
6779,230725.0000
6780,230725.0000
6781,230725.0000
6782,230725.0000
6783,230725.0000
6784,230725.0000
6785,230725.0000
6786,230725.0000
6787,230725.0000
6788,230725.0000
6789,230725.0000
6790,230725.0000
6791,230725.0000
6792,230725.0000
6793,230725.0000
6794,230725.0000
6795,230725.0000
6796,230725.0000
6797,230725.0000
6798,230725.0000
6799,230725.0000
6800,230725.0000
6801,230725.0000
6802,230725.0000
6803,230725.0000
6804,230725.0000
6805,230725.0000
6806,230725.0000
6807,230725.0000
6808,230725.0000
6809,230725.0000
6810,230725.0000
6811,230725.0000
6812,230725.0000
6813,230725.0000
6814,230725.0000
6815,230725.0000
6816,230725.0000
6817,230725.0000
6818,230725.0000
6819,230725.0000
6820,230725.0000
6821,230725.0000
6822,230725.0000
6823,230725.0000
6824,230725.0000
6825,230725.0000
6826,230725.0000
6827,230725.0000
6828,230725.0000
6829,230725.0000
6830,230725.0000
6831,230725.0000
6832,230725.0000
6833,230725.0000
6834,230725.0000
6835,230725.0000
6836,230725.0000
6837,230725.0000
6838,230725.0000
6839,230725.0000
6840,230725.0000
6841,230725.0000
6842,230725.0000
6843,230725.0000
6844,230725.0000
6845,230725.0000
6846,230725.0000
6847,230725.0000
6848,230725.0000
6849,230725.0000
6850,230725.0000
6851,230725.0000
6852,230725.0000
6853,230725.0000
6854,230725.0000
6855,230725.0000
6856,230725.0000
6857,230725.0000
6858,230725.0000
6859,230725.0000
6860,230725.0000
6861,230725.0000
6862,230725.0000
6863,230725.0000
6864,230725.0000
6865,230725.0000
6866,230725.0000
6867,230725.0000
6868,230725.0000
6869,230725.0000
6870,230725.0000
6871,230725.0000
6872,230725.0000
6873,230725.0000
6874,230725.0000
6875,230725.0000
6876,230725.0000
6877,230725.0000
6878,230725.0000
6879,230725.0000
6880,230725.0000
6881,230725.0000
6882,230725.0000
6883,230725.0000
6884,230725.0000
6885,230725.0000
6886,230725.0000
6887,230725.0000
6888,230725.0000
6889,230725.0000
6890,230725.0000
6891,230725.0000
6892,230725.0000
6893,230725.0000
6894,230725.0000
6895,230725.0000
6896,230725.0000
6897,230725.0000
6898,230725.0000
6899,230725.0000
6900,230725.0000
6901,230725.0000
6902,230725.0000
6903,230725.0000
6904,230725.0000
6905,230725.0000
6906,230725.0000
6907,230725.0000
6908,230725.0000
6909,230725.0000
6910,230725.0000
6911,230725.0000
6912,230725.0000
6913,230725.0000
6914,230725.0000
6915,230725.0000
6916,230725.0000
6917,230725.0000
6918,230725.0000
6919,230725.0000
6920,230725.0000
6921,230725.0000
6922,230725.0000
6923,230725.0000
6924,230725.0000
6925,230725.0000
6926,230725.0000
6927,230725.0000
6928,230725.0000
6929,230725.0000
6930,230725.0000
6931,230725.0000
6932,230725.0000
6933,230725.0000
6934,230725.0000
6935,230725.0000
6936,230725.0000
6937,230725.0000
6938,230725.0000
6939,230725.0000
6940,230725.0000
6941,230725.0000
6942,230725.0000
6943,230725.0000
6944,230725.0000
6945,230725.0000
6946,230725.0000
6947,230725.0000
6948,230725.0000
6949,230725.0000
6950,230725.0000
6951,230725.0000
6952,230725.0000
6953,230725.0000
6954,230725.0000
6955,230725.0000
6956,230725.0000
6957,230725.0000
6958,230725.0000
6959,230725.0000
6960,230725.0000
6961,230725.0000
6962,230725.0000
6963,230725.0000
6964,230725.0000
6965,230725.0000
6966,230725.0000
6967,230725.0000
6968,230725.0000
6969,230725.0000
6970,230725.0000
6971,230725.0000
6972,230725.0000
6973,230725.0000
6974,230725.0000
6975,230725.0000
6976,230725.0000
6977,230725.0000
6978,230725.0000
6979,230725.0000
6980,230725.0000
6981,230725.0000
6982,230725.0000
6983,230725.0000
6984,230725.0000
6985,230725.0000
6986,230725.0000
6987,230725.0000
6988,230725.0000
6989,230725.0000
6990,230725.0000
6991,230725.0000
6992,230725.0000
6993,230725.0000
6994,230725.0000
6995,230725.0000
6996,230725.0000
6997,230725.0000
6998,230725.0000
6999,230725.0000
7000,230725.0000
7001,230725.0000
7002,230725.0000
7003,230725.0000
7004,230725.0000
7005,230725.0000
7006,230725.0000
7007,230725.0000
7008,230725.0000
7009,230725.0000
7010,230725.0000
7011,230725.0000
7012,230725.0000
7013,230725.0000
7014,230725.0000
7015,230725.0000
7016,230725.0000
7017,230725.0000
7018,230725.0000
7019,230725.0000
7020,230725.0000
7021,230725.0000
7022,230725.0000
7023,230725.0000
7024,230725.0000
7025,230725.0000
7026,230725.0000
7027,230725.0000
7028,230725.0000
7029,230725.0000
7030,230725.0000
7031,230725.0000
7032,230725.0000
7033,230725.0000
7034,230725.0000
7035,230725.0000
7036,230725.0000
7037,230725.0000
7038,230725.0000
7039,230725.0000
7040,230725.0000
7041,230725.0000
7042,230725.0000
7043,230725.0000
7044,230725.0000
7045,230725.0000
7046,230725.0000
7047,230725.0000
7048,230725.0000
7049,230725.0000
7050,230725.0000
7051,230725.0000
7052,230725.0000
7053,230725.0000
7054,230725.0000
7055,230725.0000
7056,230725.0000
7057,230725.0000
7058,230725.0000
7059,230725.0000
7060,230725.0000
7061,230725.0000
7062,230725.0000
7063,230725.0000
7064,230725.0000
7065,230725.0000
7066,230725.0000
7067,230725.0000
7068,230725.0000
7069,230725.0000
7070,230725.0000
7071,230725.0000
7072,230725.0000
7073,230725.0000
7074,230725.0000
7075,230725.0000
7076,230725.0000
7077,230725.0000
7078,230725.0000
7079,230725.0000
7080,230725.0000
7081,230725.0000
7082,230725.0000
7083,230725.0000
7084,230725.0000
7085,230725.0000
7086,230725.0000
7087,230725.0000
7088,230725.0000
7089,230725.0000
7090,230725.0000
7091,230725.0000
7092,230725.0000
7093,230725.0000
7094,230725.0000
7095,230725.0000
7096,230725.0000
7097,230725.0000
7098,230725.0000
7099,230725.0000
7100,230725.0000
7101,230725.0000
7102,230725.0000
7103,230725.0000
7104,230725.0000
7105,230725.0000
7106,230725.0000
7107,230725.0000
7108,230725.0000
7109,230725.0000
7110,230725.0000
7111,230725.0000
7112,230725.0000
7113,230725.0000
7114,230725.0000
7115,230725.0000
7116,230725.0000
7117,230725.0000
7118,230725.0000
7119,230725.0000
7120,230725.0000
7121,230725.0000
7122,230725.0000
7123,230725.0000
7124,230725.0000
7125,230725.0000
7126,230725.0000
7127,230725.0000
7128,230725.0000
7129,230725.0000
7130,230725.0000
7131,230725.0000
7132,230725.0000
7133,230725.0000
7134,230725.0000
7135,230725.0000
7136,230725.0000
7137,230725.0000
7138,230725.0000
7139,230725.0000
7140,230725.0000
7141,230725.0000
7142,230725.0000
7143,230725.0000
7144,230725.0000
7145,230725.0000
7146,230725.0000
7147,230725.0000
7148,230725.0000
7149,230725.0000
7150,230725.0000
7151,230725.0000
7152,230725.0000
7153,230725.0000
7154,230725.0000
7155,230725.0000
7156,230725.0000
7157,230725.0000
7158,230725.0000
7159,230725.0000
7160,230725.0000
7161,230725.0000
7162,230725.0000
7163,230725.0000
7164,230725.0000
7165,230725.0000
7166,230725.0000
7167,230725.0000
7168,230725.0000
7169,230725.0000
7170,230725.0000
7171,230725.0000
7172,230725.0000
7173,230725.0000
7174,230725.0000
7175,230725.0000
7176,230725.0000
7177,230725.0000
7178,230725.0000
7179,230725.0000
7180,230725.0000
7181,230725.0000
7182,230725.0000
7183,230725.0000
7184,230725.0000
7185,230725.0000
7186,230725.0000
7187,230725.0000
7188,230725.0000
7189,230725.0000
7190,230725.0000
7191,230725.0000
7192,230725.0000
7193,230725.0000
7194,230725.0000
7195,230725.0000
7196,230725.0000
7197,230725.0000
7198,230725.0000
7199,230725.0000
7200,230725.0000
7201,230725.0000
7202,230725.0000
7203,230725.0000
7204,230725.0000
7205,230725.0000
7206,230725.0000
7207,230725.0000
7208,230725.0000
7209,230725.0000
7210,230725.0000
7211,230725.0000
7212,230725.0000
7213,230725.0000
7214,230725.0000
7215,230725.0000
7216,230725.0000
7217,230725.0000
7218,230725.0000
7219,230725.0000
7220,230725.0000
7221,230725.0000
7222,230725.0000
7223,230725.0000
7224,230725.0000
7225,230725.0000
7226,230725.0000
7227,230725.0000
7228,230725.0000
7229,230725.0000
7230,230725.0000
7231,230725.0000
7232,230725.0000
7233,230725.0000
7234,230725.0000
7235,230725.0000
7236,230725.0000
7237,230725.0000
7238,230725.0000
7239,230725.0000
7240,230725.0000
7241,230725.0000
7242,230725.0000
7243,230725.0000
7244,230725.0000
7245,230725.0000
7246,230725.0000
7247,230725.0000
7248,230725.0000
7249,230725.0000
7250,230725.0000
7251,230725.0000
7252,230725.0000
7253,230725.0000
7254,230725.0000
7255,230725.0000
7256,230725.0000
7257,230725.0000
7258,230725.0000
7259,230725.0000
7260,230725.0000
7261,230725.0000
7262,230725.0000
7263,230725.0000
7264,230725.0000
7265,230725.0000
7266,230725.0000
7267,230725.0000
7268,230725.0000
7269,230725.0000
7270,230725.0000
7271,230725.0000
7272,230725.0000
7273,230725.0000
7274,230725.0000
7275,230725.0000
7276,230725.0000
7277,230725.0000
7278,230725.0000
7279,230725.0000
7280,230725.0000
7281,230725.0000
7282,230725.0000
7283,230725.0000
7284,230725.0000
7285,230725.0000
7286,230725.0000
7287,230725.0000
7288,230725.0000
7289,230725.0000
7290,230725.0000
7291,230725.0000
7292,230725.0000
7293,230725.0000
7294,230725.0000
7295,230725.0000
7296,230725.0000
7297,230725.0000
7298,230725.0000
7299,230725.0000
7300,230725.0000
7301,230725.0000
7302,230725.0000
7303,230725.0000
7304,230725.0000
7305,230725.0000
7306,230725.0000
7307,230725.0000
7308,230725.0000
7309,230725.0000
7310,230725.0000
7311,230725.0000
7312,230725.0000
7313,230725.0000
7314,230725.0000
7315,230725.0000
7316,230725.0000
7317,230725.0000
7318,230725.0000
7319,230725.0000
7320,230725.0000
7321,230725.0000
7322,230725.0000
7323,230725.0000
7324,230725.0000
7325,230725.0000
7326,230725.0000
7327,230725.0000
7328,230725.0000
7329,230725.0000
7330,230725.0000
7331,230725.0000
7332,230725.0000
7333,230725.0000
7334,230725.0000
7335,230725.0000
7336,230725.0000
7337,230725.0000
7338,230725.0000
7339,230725.0000
7340,230725.0000
7341,230725.0000
7342,230725.0000
7343,230725.0000
7344,230725.0000
7345,230725.0000
7346,230725.0000
7347,230725.0000
7348,230725.0000
7349,230725.0000
7350,230725.0000
7351,230725.0000
7352,230725.0000
7353,230725.0000
7354,230725.0000
7355,230725.0000
7356,230725.0000
7357,230725.0000
7358,230725.0000
7359,230725.0000
7360,230725.0000
7361,230725.0000
7362,230725.0000
7363,230725.0000
7364,230725.0000
7365,230725.0000
7366,230725.0000
7367,230725.0000
7368,230725.0000
7369,230725.0000
7370,230725.0000
7371,230725.0000
7372,230725.0000
7373,230725.0000
7374,230725.0000
7375,230725.0000
7376,230725.0000
7377,230725.0000
7378,230725.0000
7379,230725.0000
7380,230725.0000
7381,230725.0000
7382,230725.0000
7383,230725.0000
7384,230725.0000
7385,230725.0000
7386,230725.0000
7387,230725.0000
7388,230725.0000
7389,230725.0000
7390,230725.0000
7391,230725.0000
7392,230725.0000
7393,230725.0000
7394,230725.0000
7395,230725.0000
7396,230725.0000
7397,230725.0000
7398,230725.0000
7399,230725.0000
7400,230725.0000
7401,230725.0000
7402,230725.0000
7403,230725.0000
7404,230725.0000
7405,230725.0000
7406,230725.0000
7407,230725.0000
7408,230725.0000
7409,230725.0000
7410,230725.0000
7411,230725.0000
7412,230725.0000
7413,230725.0000
7414,230725.0000
7415,230725.0000
7416,230725.0000
7417,230725.0000
7418,230725.0000
7419,230725.0000
7420,230725.0000
7421,230725.0000
7422,230725.0000
7423,230725.0000
7424,230725.0000
7425,230725.0000
7426,230725.0000
7427,230725.0000
7428,230725.0000
7429,230725.0000
7430,230725.0000
7431,230725.0000
7432,230725.0000
7433,230725.0000
7434,230725.0000
7435,230725.0000
7436,230725.0000
7437,230725.0000
7438,230725.0000
7439,230725.0000
7440,230725.0000
7441,230725.0000
7442,230725.0000
7443,230725.0000
7444,230725.0000
7445,230725.0000
7446,230725.0000
7447,230725.0000
7448,230725.0000
7449,230725.0000
7450,230725.0000
7451,230725.0000
7452,230725.0000
7453,230725.0000
7454,230725.0000
7455,230725.0000
7456,230725.0000
7457,230725.0000
7458,230725.0000
7459,230725.0000
7460,230725.0000
7461,230725.0000
7462,230725.0000
7463,230725.0000
7464,230725.0000
7465,230725.0000
7466,230725.0000
7467,230725.0000
7468,230725.0000
7469,230725.0000
7470,230725.0000
7471,230725.0000
7472,230725.0000
7473,230725.0000
7474,230725.0000
7475,230725.0000
7476,230725.0000
7477,230725.0000
7478,230725.0000
7479,230725.0000
7480,230725.0000
7481,230725.0000
7482,230725.0000
7483,230725.0000
7484,230725.0000
7485,230725.0000
7486,230725.0000
7487,230725.0000
7488,230725.0000
7489,230725.0000
7490,230725.0000
7491,230725.0000
7492,230725.0000
7493,230725.0000
7494,230725.0000
7495,230725.0000
7496,230725.0000
7497,230725.0000
7498,230725.0000
7499,230725.0000
7500,230725.0000
7501,230725.0000
7502,230725.0000
7503,230725.0000
7504,230725.0000
7505,230725.0000
7506,230725.0000
7507,230725.0000
7508,230725.0000
7509,230725.0000
7510,230725.0000
7511,230725.0000
7512,230725.0000
7513,230725.0000
7514,230725.0000
7515,230725.0000
7516,230725.0000
7517,230725.0000
7518,230725.0000
7519,230725.0000
7520,230725.0000
7521,230725.0000
7522,230725.0000
7523,230725.0000
7524,230725.0000
7525,230725.0000
7526,230725.0000
7527,230725.0000
7528,230725.0000
7529,230725.0000
7530,230725.0000
7531,230725.0000
7532,230725.0000
7533,230725.0000
7534,230725.0000
7535,230725.0000
7536,230725.0000
7537,230725.0000
7538,230725.0000
7539,230725.0000
7540,230725.0000
7541,230725.0000
7542,230725.0000
7543,230725.0000
7544,230725.0000
7545,230725.0000
7546,230725.0000
7547,230725.0000
7548,230725.0000
7549,230725.0000
7550,230725.0000
7551,230725.0000
7552,230725.0000
7553,230725.0000
7554,230725.0000
7555,230725.0000
7556,230725.0000
7557,230725.0000
7558,230725.0000
7559,230725.0000
7560,230725.0000
7561,230725.0000
7562,230725.0000
7563,230725.0000
7564,230725.0000
7565,230725.0000
7566,230725.0000
7567,230725.0000
7568,230725.0000
7569,230725.0000
7570,230725.0000
7571,230725.0000
7572,230725.0000
7573,230725.0000
7574,230725.0000
7575,230725.0000
7576,230725.0000
7577,230725.0000
7578,230725.0000
7579,230725.0000
7580,230725.0000
7581,230725.0000
7582,230725.0000
7583,230725.0000
7584,230725.0000
7585,230725.0000
7586,230725.0000
7587,230725.0000
7588,230725.0000
7589,230725.0000
7590,230725.0000
7591,230725.0000
7592,230725.0000
7593,230725.0000
7594,230725.0000
7595,230725.0000
7596,230725.0000
7597,230725.0000
7598,230725.0000
7599,230725.0000
7600,230725.0000
7601,230725.0000
7602,230725.0000
7603,230725.0000
7604,230725.0000
7605,230725.0000
7606,230725.0000
7607,230725.0000
7608,230725.0000
7609,230725.0000
7610,230725.0000
7611,230725.0000
7612,230725.0000
7613,230725.0000
7614,230725.0000
7615,230725.0000
7616,230725.0000
7617,230725.0000
7618,230725.0000
7619,230725.0000
7620,230725.0000
7621,230725.0000
7622,230725.0000
7623,230725.0000
7624,230725.0000
7625,230725.0000
7626,230725.0000
7627,230725.0000
7628,230725.0000
7629,230725.0000
7630,230725.0000
7631,230725.0000
7632,230725.0000
7633,230725.0000
7634,230725.0000
7635,230725.0000
7636,230725.0000
7637,230725.0000
7638,230725.0000
7639,230725.0000
7640,230725.0000
7641,230725.0000
7642,230725.0000
7643,230725.0000
7644,230725.0000
7645,230725.0000
7646,230725.0000
7647,230725.0000
7648,230725.0000
7649,230725.0000
7650,230725.0000
7651,230725.0000
7652,230725.0000
7653,230725.0000
7654,230725.0000
7655,230725.0000
7656,230725.0000
7657,230725.0000
7658,230725.0000
7659,230725.0000
7660,230725.0000
7661,230725.0000
7662,230725.0000
7663,230725.0000
7664,230725.0000
7665,230725.0000
7666,230725.0000
7667,230725.0000
7668,230725.0000
7669,230725.0000
7670,230725.0000
7671,230725.0000
7672,230725.0000
7673,230725.0000
7674,230725.0000
7675,230725.0000
7676,230725.0000
7677,230725.0000
7678,230725.0000
7679,230725.0000
7680,230725.0000
7681,230725.0000
7682,230725.0000
7683,230725.0000
7684,230725.0000
7685,230725.0000
7686,230725.0000
7687,230725.0000
7688,230725.0000
7689,230725.0000
7690,230725.0000
7691,230725.0000
7692,230725.0000
7693,230725.0000
7694,230725.0000
7695,230725.0000
7696,230725.0000
7697,230725.0000
7698,230725.0000
7699,230725.0000
7700,230725.0000
7701,230725.0000
7702,230725.0000
7703,230725.0000
7704,230725.0000
7705,230725.0000
7706,230725.0000
7707,230725.0000
7708,230725.0000
7709,230725.0000
7710,230725.0000
7711,230725.0000
7712,230725.0000
7713,230725.0000
7714,230725.0000
7715,230725.0000
7716,230725.0000
7717,230725.0000
7718,230725.0000
7719,230725.0000
7720,230725.0000
7721,230725.0000
7722,230725.0000
7723,230725.0000
7724,230725.0000
7725,230725.0000
7726,230725.0000
7727,230725.0000
7728,230725.0000
7729,230725.0000
7730,230725.0000
7731,230725.0000
7732,230725.0000
7733,230725.0000
7734,230725.0000
7735,230725.0000
7736,230725.0000
7737,230725.0000
7738,230725.0000
7739,230725.0000
7740,230725.0000
7741,230725.0000
7742,230725.0000
7743,230725.0000
7744,230725.0000
7745,230725.0000
7746,230725.0000
7747,230725.0000
7748,230725.0000
7749,230725.0000
7750,230725.0000
7751,230725.0000
7752,230725.0000
7753,230725.0000
7754,230725.0000
7755,230725.0000
7756,230725.0000
7757,230725.0000
7758,230725.0000
7759,230725.0000
7760,230725.0000
7761,230725.0000
7762,230725.0000
7763,230725.0000
7764,230725.0000
7765,230725.0000
7766,230725.0000
7767,230725.0000
7768,230725.0000
7769,230725.0000
7770,230725.0000
7771,230725.0000
7772,230725.0000
7773,230725.0000
7774,230725.0000
7775,230725.0000
7776,230725.0000
7777,230725.0000
7778,230725.0000
7779,230725.0000
7780,230725.0000
7781,230725.0000
7782,230725.0000
7783,230725.0000
7784,230725.0000
7785,230725.0000
7786,230725.0000
7787,230725.0000
7788,230725.0000
7789,230725.0000
7790,230725.0000
7791,230725.0000
7792,230725.0000
7793,230725.0000
7794,230725.0000
7795,230725.0000
7796,230725.0000
7797,230725.0000
7798,230725.0000
7799,230725.0000
7800,230725.0000
7801,230725.0000
7802,230725.0000
7803,230725.0000
7804,230725.0000
7805,230725.0000
7806,230725.0000
7807,230725.0000
7808,230725.0000
7809,230725.0000
7810,230725.0000
7811,230725.0000
7812,230725.0000
7813,230725.0000
7814,230725.0000
7815,230725.0000
7816,230725.0000
7817,230725.0000
7818,230725.0000
7819,230725.0000
7820,230725.0000
7821,230725.0000
7822,230725.0000
7823,230725.0000
7824,230725.0000
7825,230725.0000
7826,230725.0000
7827,230725.0000
7828,230725.0000
7829,230725.0000
7830,230725.0000
7831,230725.0000
7832,230725.0000
7833,230725.0000
7834,230725.0000
7835,230725.0000
7836,230725.0000
7837,230725.0000
7838,230725.0000
7839,230725.0000
7840,230725.0000
7841,230725.0000
7842,230725.0000
7843,230725.0000
7844,230725.0000
7845,230725.0000
7846,230725.0000
7847,230725.0000
7848,230725.0000
7849,230725.0000
7850,230725.0000
7851,230725.0000
7852,230725.0000
7853,230725.0000
7854,230725.0000
7855,230725.0000
7856,230725.0000
7857,230725.0000
7858,230725.0000
7859,230725.0000
7860,230725.0000
7861,230725.0000
7862,230725.0000
7863,230725.0000
7864,230725.0000
7865,230725.0000
7866,230725.0000
7867,230725.0000
7868,230725.0000
7869,230725.0000
7870,230725.0000
7871,230725.0000
7872,230725.0000
7873,230725.0000
7874,230725.0000
7875,230725.0000
7876,230725.0000
7877,230725.0000
7878,230725.0000
7879,230725.0000
7880,230725.0000
7881,230725.0000
7882,230725.0000
7883,230725.0000
7884,230725.0000
7885,230725.0000
7886,230725.0000
7887,230725.0000
7888,230725.0000
7889,230725.0000
7890,230725.0000
7891,230725.0000
7892,230725.0000
7893,230725.0000
7894,230725.0000
7895,230725.0000
7896,230725.0000
7897,230725.0000
7898,230725.0000
7899,230725.0000
7900,230725.0000
7901,230725.0000
7902,230725.0000
7903,230725.0000
7904,230725.0000
7905,230725.0000
7906,230725.0000
7907,230725.0000
7908,230725.0000
7909,230725.0000
7910,230725.0000
7911,230725.0000
7912,230725.0000
7913,230725.0000
7914,230725.0000
7915,230725.0000
7916,230725.0000
7917,230725.0000
7918,230725.0000
7919,230725.0000
7920,230725.0000
7921,230725.0000
7922,230725.0000
7923,230725.0000
7924,230725.0000
7925,230725.0000
7926,230725.0000
7927,230725.0000
7928,230725.0000
7929,230725.0000
7930,230725.0000
7931,230725.0000
7932,230725.0000
7933,230725.0000
7934,230725.0000
7935,230725.0000
7936,230725.0000
7937,230725.0000
7938,230725.0000
7939,230725.0000
7940,230725.0000
7941,230725.0000
7942,230725.0000
7943,230725.0000
7944,230725.0000
7945,230725.0000
7946,230725.0000
7947,230725.0000
7948,230725.0000
7949,230725.0000
7950,230725.0000
7951,230725.0000
7952,230725.0000
7953,230725.0000
7954,230725.0000
7955,230725.0000
7956,230725.0000
7957,230725.0000
7958,230725.0000
7959,230725.0000
7960,230725.0000
7961,230725.0000
7962,230725.0000
7963,230725.0000
7964,230725.0000
7965,230725.0000
7966,230725.0000
7967,230725.0000
7968,230725.0000
7969,230725.0000
7970,230725.0000
7971,230725.0000
7972,230725.0000
7973,230725.0000
7974,230725.0000
7975,230725.0000
7976,230725.0000
7977,230725.0000
7978,230725.0000
7979,230725.0000
7980,230725.0000
7981,230725.0000
7982,230725.0000
7983,230725.0000
7984,230725.0000
7985,230725.0000
7986,230725.0000
7987,230725.0000
7988,230725.0000
7989,230725.0000
7990,230725.0000
7991,230725.0000
7992,230725.0000
7993,230725.0000
7994,230725.0000
7995,230725.0000
7996,230725.0000
7997,230725.0000
7998,230725.0000
7999,230725.0000
8000,230725.0000
8001,230725.0000
8002,230725.0000
8003,230725.0000
8004,230725.0000
8005,230725.0000
8006,230725.0000
8007,230725.0000
8008,230725.0000
8009,230725.0000
8010,230725.0000
8011,230725.0000
8012,230725.0000
8013,230725.0000
8014,230725.0000
8015,230725.0000
8016,230725.0000
8017,230725.0000
8018,230725.0000
8019,230725.0000
8020,230725.0000
8021,230725.0000
8022,230725.0000
8023,230725.0000
8024,230725.0000
8025,230725.0000
8026,230725.0000
8027,230725.0000
8028,230725.0000
8029,230725.0000
8030,230725.0000
8031,230725.0000
8032,230725.0000
8033,230725.0000
8034,230725.0000
8035,230725.0000
8036,230725.0000
8037,230725.0000
8038,230725.0000
8039,230725.0000
8040,230725.0000
8041,230725.0000
8042,230725.0000
8043,230725.0000
8044,230725.0000
8045,230725.0000
8046,230725.0000
8047,230725.0000
8048,230725.0000
8049,230725.0000
8050,230725.0000
8051,230725.0000
8052,230725.0000
8053,230725.0000
8054,230725.0000
8055,230725.0000
8056,230725.0000
8057,230725.0000
8058,230725.0000
8059,230725.0000
8060,230725.0000
8061,230725.0000
8062,230725.0000
8063,230725.0000
8064,230725.0000
8065,230725.0000
8066,230725.0000
8067,230725.0000
8068,230725.0000
8069,230725.0000
8070,230725.0000
8071,230725.0000
8072,230725.0000
8073,230725.0000
8074,230725.0000
8075,230725.0000
8076,230725.0000
8077,230725.0000
8078,230725.0000
8079,230725.0000
8080,230725.0000
8081,230725.0000
8082,230725.0000
8083,230725.0000
8084,230725.0000
8085,230725.0000
8086,230725.0000
8087,230725.0000
8088,230725.0000
8089,230725.0000
8090,230725.0000
8091,230725.0000
8092,230725.0000
8093,230725.0000
8094,230725.0000
8095,230725.0000
8096,230725.0000
8097,230725.0000
8098,230725.0000
8099,230725.0000
8100,230725.0000
8101,230725.0000
8102,230725.0000
8103,230725.0000
8104,230725.0000
8105,230725.0000
8106,230725.0000
8107,230725.0000
8108,230725.0000
8109,230725.0000
8110,230725.0000
8111,230725.0000
8112,230725.0000
8113,230725.0000
8114,230725.0000
8115,230725.0000
8116,230725.0000
8117,230725.0000
8118,230725.0000
8119,230725.0000
8120,230725.0000
8121,230725.0000
8122,230725.0000
8123,230725.0000
8124,230725.0000
8125,230725.0000
8126,230725.0000
8127,230725.0000
8128,230725.0000
8129,230725.0000
8130,230725.0000
8131,230725.0000
8132,230725.0000
8133,230725.0000
8134,230725.0000
8135,230725.0000
8136,230725.0000
8137,230725.0000
8138,230725.0000
8139,230725.0000
8140,230725.0000
8141,230725.0000
8142,230725.0000
8143,230725.0000
8144,230725.0000
8145,230725.0000
8146,230725.0000
8147,230725.0000
8148,230725.0000
8149,230725.0000
8150,230725.0000
8151,230725.0000
8152,230725.0000
8153,230725.0000
8154,230725.0000
8155,230725.0000
8156,230725.0000
8157,230725.0000
8158,230725.0000
8159,230725.0000
8160,230725.0000
8161,230725.0000
8162,230725.0000
8163,230725.0000
8164,230725.0000
8165,230725.0000
8166,230725.0000
8167,230725.0000
8168,230725.0000
8169,230725.0000
8170,230725.0000
8171,230725.0000
8172,230725.0000
8173,230725.0000
8174,230725.0000
8175,230725.0000
8176,230725.0000
8177,230725.0000
8178,230725.0000
8179,230725.0000
8180,230725.0000
8181,230725.0000
8182,230725.0000
8183,230725.0000
8184,230725.0000
8185,230725.0000
8186,230725.0000
8187,230725.0000
8188,230725.0000
8189,230725.0000
8190,230725.0000
8191,230725.0000
8192,230725.0000
8193,230725.0000
8194,230725.0000
8195,230725.0000
8196,230725.0000
8197,230725.0000
8198,230725.0000
8199,230725.0000
8200,230725.0000
8201,230725.0000
8202,230725.0000
8203,230725.0000
8204,230725.0000
8205,230725.0000
8206,230725.0000
8207,230725.0000
8208,230725.0000
8209,230725.0000
8210,230725.0000
8211,230725.0000
8212,230725.0000
8213,230725.0000
8214,230725.0000
8215,230725.0000
8216,230725.0000
8217,230725.0000
8218,230725.0000
8219,230725.0000
8220,230725.0000
8221,230725.0000
8222,230725.0000
8223,230725.0000
8224,230725.0000
8225,230725.0000
8226,230725.0000
8227,230725.0000
8228,230725.0000
8229,230725.0000
8230,230725.0000
8231,230725.0000
8232,230725.0000
8233,230725.0000
8234,230725.0000
8235,230725.0000
8236,230725.0000
8237,230725.0000
8238,230725.0000
8239,230725.0000
8240,230725.0000
8241,230725.0000
8242,230725.0000
8243,230725.0000
8244,230725.0000
8245,230725.0000
8246,230725.0000
8247,230725.0000
8248,230725.0000
8249,230725.0000
8250,230725.0000
8251,230725.0000
8252,230725.0000
8253,230725.0000
8254,230725.0000
8255,230725.0000
8256,230725.0000
8257,230725.0000
8258,230725.0000
8259,230725.0000
8260,230725.0000
8261,230725.0000
8262,230725.0000
8263,230725.0000
8264,230725.0000
8265,230725.0000
8266,230725.0000
8267,230725.0000
8268,230725.0000
8269,230725.0000
8270,230725.0000
8271,230725.0000
8272,230725.0000
8273,230725.0000
8274,230725.0000
8275,230725.0000
8276,230725.0000
8277,230725.0000
8278,230725.0000
8279,230725.0000
8280,230725.0000
8281,230725.0000
8282,230725.0000
8283,230725.0000
8284,230725.0000
8285,230725.0000
8286,230725.0000
8287,230725.0000
8288,230725.0000
8289,230725.0000
8290,230725.0000
8291,230725.0000
8292,230725.0000
8293,230725.0000
8294,230725.0000
8295,230725.0000
8296,230725.0000
8297,230725.0000
8298,230725.0000
8299,230725.0000
8300,230725.0000
8301,230725.0000
8302,230725.0000
8303,230725.0000
8304,230725.0000
8305,230725.0000
8306,230725.0000
8307,230725.0000
8308,230725.0000
8309,230725.0000
8310,230725.0000
8311,230725.0000
8312,230725.0000
8313,230725.0000
8314,230725.0000
8315,230725.0000
8316,230725.0000
8317,230725.0000
8318,230725.0000
8319,230725.0000
8320,230725.0000
8321,230725.0000
8322,230725.0000
8323,230725.0000
8324,230725.0000
8325,230725.0000
8326,230725.0000
8327,230725.0000
8328,230725.0000
8329,230725.0000
8330,230725.0000
8331,230725.0000
8332,230725.0000
8333,230725.0000
8334,230725.0000
8335,230725.0000
8336,230725.0000
8337,230725.0000
8338,230725.0000
8339,230725.0000
8340,230725.0000
8341,230725.0000
8342,230725.0000
8343,230725.0000
8344,230725.0000
8345,230725.0000
8346,230725.0000
8347,230725.0000
8348,230725.0000
8349,230725.0000
8350,230725.0000
8351,230725.0000
8352,230725.0000
8353,230725.0000
8354,230725.0000
8355,230725.0000
8356,230725.0000
8357,230725.0000
8358,230725.0000
8359,230725.0000
8360,230725.0000
8361,230725.0000
8362,230725.0000
8363,230725.0000
8364,230725.0000
8365,230725.0000
8366,230725.0000
8367,230725.0000
8368,230725.0000
8369,230725.0000
8370,230725.0000
8371,230725.0000
8372,230725.0000
8373,230725.0000
8374,230725.0000
8375,230725.0000
8376,230725.0000
8377,230725.0000
8378,230725.0000
8379,230725.0000
8380,230725.0000
8381,230725.0000
8382,230725.0000
8383,230725.0000
8384,230725.0000
8385,230725.0000
8386,230725.0000
8387,230725.0000
8388,230725.0000
8389,230725.0000
8390,230725.0000
8391,230725.0000
8392,230725.0000
8393,230725.0000
8394,230725.0000
8395,230725.0000
8396,230725.0000
8397,230725.0000
8398,230725.0000
8399,230725.0000
8400,230725.0000
8401,230725.0000
8402,230725.0000
8403,230725.0000
8404,230725.0000
8405,230725.0000
8406,230725.0000
8407,230725.0000
8408,230725.0000
8409,230725.0000
8410,230725.0000
8411,230725.0000
8412,230725.0000
8413,230725.0000
8414,230725.0000
8415,230725.0000
8416,230725.0000
8417,230725.0000
8418,230725.0000
8419,230725.0000
8420,230725.0000
8421,230725.0000
8422,230725.0000
8423,230725.0000
8424,230725.0000
8425,230725.0000
8426,230725.0000
8427,230725.0000
8428,230725.0000
8429,230725.0000
8430,230725.0000
8431,230725.0000
8432,230725.0000
8433,230725.0000
8434,230725.0000
8435,230725.0000
8436,230725.0000
8437,230725.0000
8438,230725.0000
8439,230725.0000
8440,230725.0000
8441,230725.0000
8442,230725.0000
8443,230725.0000
8444,230725.0000
8445,230725.0000
8446,230725.0000
8447,230725.0000
8448,230725.0000
8449,230725.0000
8450,230725.0000
8451,230725.0000
8452,230725.0000
8453,230725.0000
8454,230725.0000
8455,230725.0000
8456,230725.0000
8457,230725.0000
8458,230725.0000
8459,230725.0000
8460,230725.0000
8461,230725.0000
8462,230725.0000
8463,230725.0000
8464,230725.0000
8465,230725.0000
8466,230725.0000
8467,230725.0000
8468,230725.0000
8469,230725.0000
8470,230725.0000
8471,230725.0000
8472,230725.0000
8473,230725.0000
8474,230725.0000
8475,230725.0000
8476,230725.0000
8477,230725.0000
8478,230725.0000
8479,230725.0000
8480,230725.0000
8481,230725.0000
8482,230725.0000
8483,230725.0000
8484,230725.0000
8485,230725.0000
8486,230725.0000
8487,230725.0000
8488,230725.0000
8489,230725.0000
8490,230725.0000
8491,230725.0000
8492,230725.0000
8493,230725.0000
8494,230725.0000
8495,230725.0000
8496,230725.0000
8497,230725.0000
8498,230725.0000
8499,230725.0000
8500,230725.0000
8501,230725.0000
8502,230725.0000
8503,230725.0000
8504,230725.0000
8505,230725.0000
8506,230725.0000
8507,230725.0000
8508,230725.0000
8509,230725.0000
8510,230725.0000
8511,230725.0000
8512,230725.0000
8513,230725.0000
8514,230725.0000
8515,230725.0000
8516,230725.0000
8517,230725.0000
8518,230725.0000
8519,230725.0000
8520,230725.0000
8521,230725.0000
8522,230725.0000
8523,230725.0000
8524,230725.0000
8525,230725.0000
8526,230725.0000
8527,230725.0000
8528,230725.0000
8529,230725.0000
8530,230725.0000
8531,230725.0000
8532,230725.0000
8533,230725.0000
8534,230725.0000
8535,230725.0000
8536,230725.0000
8537,230725.0000
8538,230725.0000
8539,230725.0000
8540,230725.0000
8541,230725.0000
8542,230725.0000
8543,230725.0000
8544,230725.0000
8545,230725.0000
8546,230725.0000
8547,230725.0000
8548,230725.0000
8549,230725.0000
8550,230725.0000
8551,230725.0000
8552,230725.0000
8553,230725.0000
8554,230725.0000
8555,230725.0000
8556,230725.0000
8557,230725.0000
8558,230725.0000
8559,230725.0000
8560,230725.0000
8561,230725.0000
8562,230725.0000
8563,230725.0000
8564,230725.0000
8565,230725.0000
8566,230725.0000
8567,230725.0000
8568,230725.0000
8569,230725.0000
8570,230725.0000
8571,230725.0000
8572,230725.0000
8573,230725.0000
8574,230725.0000
8575,230725.0000
8576,230725.0000
8577,230725.0000
8578,230725.0000
8579,230725.0000
8580,230725.0000
8581,230725.0000
8582,230725.0000
8583,230725.0000
8584,230725.0000
8585,230725.0000
8586,230725.0000
8587,230725.0000
8588,230725.0000
8589,230725.0000
8590,230725.0000
8591,230725.0000
8592,230725.0000
8593,230725.0000
8594,230725.0000
8595,230725.0000
8596,230725.0000
8597,230725.0000
8598,230725.0000
8599,230725.0000
8600,230725.0000
8601,230725.0000
8602,230725.0000
8603,230725.0000
8604,230725.0000
8605,230725.0000
8606,230725.0000
8607,230725.0000
8608,230725.0000
8609,230725.0000
8610,230725.0000
8611,230725.0000
8612,230725.0000
8613,230725.0000
8614,230725.0000
8615,230725.0000
8616,230725.0000
8617,230725.0000
8618,230725.0000
8619,230725.0000
8620,230725.0000
8621,230725.0000
8622,230725.0000
8623,230725.0000
8624,230725.0000
8625,230725.0000
8626,230725.0000
8627,230725.0000
8628,230725.0000
8629,230725.0000
8630,230725.0000
8631,230725.0000
8632,230725.0000
8633,230725.0000
8634,230725.0000
8635,230725.0000
8636,230725.0000
8637,230725.0000
8638,230725.0000
8639,230725.0000
8640,230725.0000
8641,230725.0000
8642,230725.0000
8643,230725.0000
8644,230725.0000
8645,230725.0000
8646,230725.0000
8647,230725.0000
8648,230725.0000
8649,230725.0000
8650,230725.0000
8651,230725.0000
8652,230725.0000
8653,230725.0000
8654,230725.0000
8655,230725.0000
8656,230725.0000
8657,230725.0000
8658,230725.0000
8659,230725.0000
8660,230725.0000
8661,230725.0000
8662,230725.0000
8663,230725.0000
8664,230725.0000
8665,230725.0000
8666,230725.0000
8667,230725.0000
8668,230725.0000
8669,230725.0000
8670,230725.0000
8671,230725.0000
8672,230725.0000
8673,230725.0000
8674,230725.0000
8675,230725.0000
8676,230725.0000
8677,230725.0000
8678,230725.0000
8679,230725.0000
8680,230725.0000
8681,230725.0000
8682,230725.0000
8683,230725.0000
8684,230725.0000
8685,230725.0000
8686,230725.0000
8687,230725.0000
8688,230725.0000
8689,230725.0000
8690,230725.0000
8691,230725.0000
8692,230725.0000
8693,230725.0000
8694,230725.0000
8695,230725.0000
8696,230725.0000
8697,230725.0000
8698,230725.0000
8699,230725.0000
8700,230725.0000
8701,230725.0000
8702,230725.0000
8703,230725.0000
8704,230725.0000
8705,230725.0000
8706,230725.0000
8707,230725.0000
8708,230725.0000
8709,230725.0000
8710,230725.0000
8711,230725.0000
8712,230725.0000
8713,230725.0000
8714,230725.0000
8715,230725.0000
8716,230725.0000
8717,230725.0000
8718,230725.0000
8719,230725.0000
8720,230725.0000
8721,230725.0000
8722,230725.0000
8723,230725.0000
8724,230725.0000
8725,230725.0000
8726,230725.0000
8727,230725.0000
8728,230725.0000
8729,230725.0000
8730,230725.0000
8731,230725.0000
8732,230725.0000
8733,230725.0000
8734,230725.0000
8735,230725.0000
8736,230725.0000
8737,230725.0000
8738,230725.0000
8739,230725.0000
8740,230725.0000
8741,230725.0000
8742,230725.0000
8743,230725.0000
8744,230725.0000
8745,230725.0000
8746,230725.0000
8747,230725.0000
8748,230725.0000
8749,230725.0000
8750,230725.0000
8751,230725.0000
8752,230725.0000
8753,230725.0000
8754,230725.0000
8755,230725.0000
8756,230725.0000
8757,230725.0000
8758,230725.0000
8759,230725.0000
8760,230725.0000
8761,230725.0000
8762,230725.0000
8763,230725.0000
8764,230725.0000
8765,230725.0000
8766,230725.0000
8767,230725.0000
8768,230725.0000
8769,230725.0000
8770,230725.0000
8771,230725.0000
8772,230725.0000
8773,230725.0000
8774,230725.0000
8775,230725.0000
8776,230725.0000
8777,230725.0000
8778,230725.0000
8779,230725.0000
8780,230725.0000
8781,230725.0000
8782,230725.0000
8783,230725.0000
8784,230725.0000
8785,230725.0000
8786,230725.0000
8787,230725.0000
8788,230725.0000
8789,230725.0000
8790,230725.0000
8791,230725.0000
8792,230725.0000
8793,230725.0000
8794,230725.0000
8795,230725.0000
8796,230725.0000
8797,230725.0000
8798,230725.0000
8799,230725.0000
8800,230725.0000
8801,230725.0000
8802,230725.0000
8803,230725.0000
8804,230725.0000
8805,230725.0000
8806,230725.0000
8807,230725.0000
8808,230725.0000
8809,230725.0000
8810,230725.0000
8811,230725.0000
8812,230725.0000
8813,230725.0000
8814,230725.0000
8815,230725.0000
8816,230725.0000
8817,230725.0000
8818,230725.0000
8819,230725.0000
8820,230725.0000
8821,230725.0000
8822,230725.0000
8823,230725.0000
8824,230725.0000
8825,230725.0000
8826,230725.0000
8827,230725.0000
8828,230725.0000
8829,230725.0000
8830,230725.0000
8831,230725.0000
8832,230725.0000
8833,230725.0000
8834,230725.0000
8835,230725.0000
8836,230725.0000
8837,230725.0000
8838,230725.0000
8839,230725.0000
8840,230725.0000
8841,230725.0000
8842,230725.0000
8843,230725.0000
8844,230725.0000
8845,230725.0000
8846,230725.0000
8847,230725.0000
8848,230725.0000
8849,230725.0000
8850,230725.0000
8851,230725.0000
8852,230725.0000
8853,230725.0000
8854,230725.0000
8855,230725.0000
8856,230725.0000
8857,230725.0000
8858,230725.0000
8859,230725.0000
8860,230725.0000
8861,230725.0000
8862,230725.0000
8863,230725.0000
8864,230725.0000
8865,230725.0000
8866,230725.0000
8867,230725.0000
8868,230725.0000
8869,230725.0000
8870,230725.0000
8871,230725.0000
8872,230725.0000
8873,230725.0000
8874,230725.0000
8875,230725.0000
8876,230725.0000
8877,230725.0000
8878,230725.0000
8879,230725.0000
8880,230725.0000
8881,230725.0000
8882,230725.0000
8883,230725.0000
8884,230725.0000
8885,230725.0000
8886,230725.0000
8887,230725.0000
8888,230725.0000
8889,230725.0000
8890,230725.0000
8891,230725.0000
8892,230725.0000
8893,230725.0000
8894,230725.0000
8895,230725.0000
8896,230725.0000
8897,230725.0000
8898,230725.0000
8899,230725.0000
8900,230725.0000
8901,230725.0000
8902,230725.0000
8903,230725.0000
8904,230725.0000
8905,230725.0000
8906,230725.0000
8907,230725.0000
8908,230725.0000
8909,230725.0000
8910,230725.0000
8911,230725.0000
8912,230725.0000
8913,230725.0000
8914,230725.0000
8915,230725.0000
8916,230725.0000
8917,230725.0000
8918,230725.0000
8919,230725.0000
8920,230725.0000
8921,230725.0000
8922,230725.0000
8923,230725.0000
8924,230725.0000
8925,230725.0000
8926,230725.0000
8927,230725.0000
8928,230725.0000
8929,230725.0000
8930,230725.0000
8931,230725.0000
8932,230725.0000
8933,230725.0000
8934,230725.0000
8935,230725.0000
8936,230725.0000
8937,230725.0000
8938,230725.0000
8939,230725.0000
8940,230725.0000
8941,230725.0000
8942,230725.0000
8943,230725.0000
8944,230725.0000
8945,230725.0000
8946,230725.0000
8947,230725.0000
8948,230725.0000
8949,230725.0000
8950,230725.0000
8951,230725.0000
8952,230725.0000
8953,230725.0000
8954,230725.0000
8955,230725.0000
8956,230725.0000
8957,230725.0000
8958,230725.0000
8959,230725.0000
8960,230725.0000
8961,230725.0000
8962,230725.0000
8963,230725.0000
8964,230725.0000
8965,230725.0000
8966,230725.0000
8967,230725.0000
8968,230725.0000
8969,230725.0000
8970,230725.0000
8971,230725.0000
8972,230725.0000
8973,230725.0000
8974,230725.0000
8975,230725.0000
8976,230725.0000
8977,230725.0000
8978,230725.0000
8979,230725.0000
8980,230725.0000
8981,230725.0000
8982,230725.0000
8983,230725.0000
8984,230725.0000
8985,230725.0000
8986,230725.0000
8987,230725.0000
8988,230725.0000
8989,230725.0000
8990,230725.0000
8991,230725.0000
8992,230725.0000
8993,230725.0000
8994,230725.0000
8995,230725.0000
8996,230725.0000
8997,230725.0000
8998,230725.0000
8999,230725.0000
9000,230725.0000
9001,230725.0000
9002,230725.0000
9003,230725.0000
9004,230725.0000
9005,230725.0000
9006,230725.0000
9007,230725.0000
9008,230725.0000
9009,230725.0000
9010,230725.0000
9011,230725.0000
9012,230725.0000
9013,230725.0000
9014,230725.0000
9015,230725.0000
9016,230725.0000
9017,230725.0000
9018,230725.0000
9019,230725.0000
9020,230725.0000
9021,230725.0000
9022,230725.0000
9023,230725.0000
9024,230725.0000
9025,230725.0000
9026,230725.0000
9027,230725.0000
9028,230725.0000
9029,230725.0000
9030,230725.0000
9031,230725.0000
9032,230725.0000
9033,230725.0000
9034,230725.0000
9035,230725.0000
9036,230725.0000
9037,230725.0000
9038,230725.0000
9039,230725.0000
9040,230725.0000
9041,230725.0000
9042,230725.0000
9043,230725.0000
9044,230725.0000
9045,230725.0000
9046,230725.0000
9047,230725.0000
9048,230725.0000
9049,230725.0000
9050,230725.0000
9051,230725.0000
9052,230725.0000
9053,230725.0000
9054,230725.0000
9055,230725.0000
9056,230725.0000
9057,230725.0000
9058,230725.0000
9059,230725.0000
9060,230725.0000
9061,230725.0000
9062,230725.0000
9063,230725.0000
9064,230725.0000
9065,230725.0000
9066,230725.0000
9067,230725.0000
9068,230725.0000
9069,230725.0000
9070,230725.0000
9071,230725.0000
9072,230725.0000
9073,230725.0000
9074,230725.0000
9075,230725.0000
9076,230725.0000
9077,230725.0000
9078,230725.0000
9079,230725.0000
9080,230725.0000
9081,230725.0000
9082,230725.0000
9083,230725.0000
9084,230725.0000
9085,230725.0000
9086,230725.0000
9087,230725.0000
9088,230725.0000
9089,230725.0000
9090,230725.0000
9091,230725.0000
9092,230725.0000
9093,230725.0000
9094,230725.0000
9095,230725.0000
9096,230725.0000
9097,230725.0000
9098,230725.0000
9099,230725.0000
9100,230725.0000
9101,230725.0000
9102,230725.0000
9103,230725.0000
9104,230725.0000
9105,230725.0000
9106,230725.0000
9107,230725.0000
9108,230725.0000
9109,230725.0000
9110,230725.0000
9111,230725.0000
9112,230725.0000
9113,230725.0000
9114,230725.0000
9115,230725.0000
9116,230725.0000
9117,230725.0000
9118,230725.0000
9119,230725.0000
9120,230725.0000
9121,230725.0000
9122,230725.0000
9123,230725.0000
9124,230725.0000
9125,230725.0000
9126,230725.0000
9127,230725.0000
9128,230725.0000
9129,230725.0000
9130,230725.0000
9131,230725.0000
9132,230725.0000
9133,230725.0000
9134,230725.0000
9135,230725.0000
9136,230725.0000
9137,230725.0000
9138,230725.0000
9139,230725.0000
9140,230725.0000
9141,230725.0000
9142,230725.0000
9143,230725.0000
9144,230725.0000
9145,230725.0000
9146,230725.0000
9147,230725.0000
9148,230725.0000
9149,230725.0000
9150,230725.0000
9151,230725.0000
9152,230725.0000
9153,230725.0000
9154,230725.0000
9155,230725.0000
9156,230725.0000
9157,230725.0000
9158,230725.0000
9159,230725.0000
9160,230725.0000
9161,230725.0000
9162,230725.0000
9163,230725.0000
9164,230725.0000
9165,230725.0000
9166,230725.0000
9167,230725.0000
9168,230725.0000
9169,230725.0000
9170,230725.0000
9171,230725.0000
9172,230725.0000
9173,230725.0000
9174,230725.0000
9175,230725.0000
9176,230725.0000
9177,230725.0000
9178,230725.0000
9179,230725.0000
9180,230725.0000
9181,230725.0000
9182,230725.0000
9183,230725.0000
9184,230725.0000
9185,230725.0000
9186,230725.0000
9187,230725.0000
9188,230725.0000
9189,230725.0000
9190,230725.0000
9191,230725.0000
9192,230725.0000
9193,230725.0000
9194,230725.0000
9195,230725.0000
9196,230725.0000
9197,230725.0000
9198,230725.0000
9199,230725.0000
9200,230725.0000
9201,230725.0000
9202,230725.0000
9203,230725.0000
9204,230725.0000
9205,230725.0000
9206,230725.0000
9207,230725.0000
9208,230725.0000
9209,230725.0000
9210,230725.0000
9211,230725.0000
9212,230725.0000
9213,230725.0000
9214,230725.0000
9215,230725.0000
9216,230725.0000
9217,230725.0000
9218,230725.0000
9219,230725.0000
9220,230725.0000
9221,230725.0000
9222,230725.0000
9223,230725.0000
9224,230725.0000
9225,230725.0000
9226,230725.0000
9227,230725.0000
9228,230725.0000
9229,230725.0000
9230,230725.0000
9231,230725.0000
9232,230725.0000
9233,230725.0000
9234,230725.0000
9235,230725.0000
9236,230725.0000
9237,230725.0000
9238,230725.0000
9239,230725.0000
9240,230725.0000
9241,230725.0000
9242,230725.0000
9243,230725.0000
9244,230725.0000
9245,230725.0000
9246,230725.0000
9247,230725.0000
9248,230725.0000
9249,230725.0000
9250,230725.0000
9251,230725.0000
9252,230725.0000
9253,230725.0000
9254,230725.0000
9255,230725.0000
9256,230725.0000
9257,230725.0000
9258,230725.0000
9259,230725.0000
9260,230725.0000
9261,230725.0000
9262,230725.0000
9263,230725.0000
9264,230725.0000
9265,230725.0000
9266,230725.0000
9267,230725.0000
9268,230725.0000
9269,230725.0000
9270,230725.0000
9271,230725.0000
9272,230725.0000
9273,230725.0000
9274,230725.0000
9275,230725.0000
9276,230725.0000
9277,230725.0000
9278,230725.0000
9279,230725.0000
9280,230725.0000
9281,230725.0000
9282,230725.0000
9283,230725.0000
9284,230725.0000
9285,230725.0000
9286,230725.0000
9287,230725.0000
9288,230725.0000
9289,230725.0000
9290,230725.0000
9291,230725.0000
9292,230725.0000
9293,230725.0000
9294,230725.0000
9295,230725.0000
9296,230725.0000
9297,230725.0000
9298,230725.0000
9299,230725.0000
9300,230725.0000
9301,230725.0000
9302,230725.0000
9303,230725.0000
9304,230725.0000
9305,230725.0000
9306,230725.0000
9307,230725.0000
9308,230725.0000
9309,230725.0000
9310,230725.0000
9311,230725.0000
9312,230725.0000
9313,230725.0000
9314,230725.0000
9315,230725.0000
9316,230725.0000
9317,230725.0000
9318,230725.0000
9319,230725.0000
9320,230725.0000
9321,230725.0000
9322,230725.0000
9323,230725.0000
9324,230725.0000
9325,230725.0000
9326,230725.0000
9327,230725.0000
9328,230725.0000
9329,230725.0000
9330,230725.0000
9331,230725.0000
9332,230725.0000
9333,230725.0000
9334,230725.0000
9335,230725.0000
9336,230725.0000
9337,230725.0000
9338,230725.0000
9339,230725.0000
9340,230725.0000
9341,230725.0000
9342,230725.0000
9343,230725.0000
9344,230725.0000
9345,230725.0000
9346,230725.0000
9347,230725.0000
9348,230725.0000
9349,230725.0000
9350,230725.0000
9351,230725.0000
9352,230725.0000
9353,230725.0000
9354,230725.0000
9355,230725.0000
9356,230725.0000
9357,230725.0000
9358,230725.0000
9359,230725.0000
9360,230725.0000
9361,230725.0000
9362,230725.0000
9363,230725.0000
9364,230725.0000
9365,230725.0000
9366,230725.0000
9367,230725.0000
9368,230725.0000
9369,230725.0000
9370,230725.0000
9371,230725.0000
9372,230725.0000
9373,230725.0000
9374,230725.0000
9375,230725.0000
9376,230725.0000
9377,230725.0000
9378,230725.0000
9379,230725.0000
9380,230725.0000
9381,230725.0000
9382,230725.0000
9383,230725.0000
9384,230725.0000
9385,230725.0000
9386,230725.0000
9387,230725.0000
9388,230725.0000
9389,230725.0000
9390,230725.0000
9391,230725.0000
9392,230725.0000
9393,230725.0000
9394,230725.0000
9395,230725.0000
9396,230725.0000
9397,230725.0000
9398,230725.0000
9399,230725.0000
9400,230725.0000
9401,230725.0000
9402,230725.0000
9403,230725.0000
9404,230725.0000
9405,230725.0000
9406,230725.0000
9407,230725.0000
9408,230725.0000
9409,230725.0000
9410,230725.0000
9411,230725.0000
9412,230725.0000
9413,230725.0000
9414,230725.0000
9415,230725.0000
9416,230725.0000
9417,230725.0000
9418,230725.0000
9419,230725.0000
9420,230725.0000
9421,230725.0000
9422,230725.0000
9423,230725.0000
9424,230725.0000
9425,230725.0000
9426,230725.0000
9427,230725.0000
9428,230725.0000
9429,230725.0000
9430,230725.0000
9431,230725.0000
9432,230725.0000
9433,230725.0000
9434,230725.0000
9435,230725.0000
9436,230725.0000
9437,230725.0000
9438,230725.0000
9439,230725.0000
9440,230725.0000
9441,230725.0000
9442,230725.0000
9443,230725.0000
9444,230725.0000
9445,230725.0000
9446,230725.0000
9447,230725.0000
9448,230725.0000
9449,230725.0000
9450,230725.0000
9451,230725.0000
9452,230725.0000
9453,230725.0000
9454,230725.0000
9455,230725.0000
9456,230725.0000
9457,230725.0000
9458,230725.0000
9459,230725.0000
9460,230725.0000
9461,230725.0000
9462,230725.0000
9463,230725.0000
9464,230725.0000
9465,230725.0000
9466,230725.0000
9467,230725.0000
9468,230725.0000
9469,230725.0000
9470,230725.0000
9471,230725.0000
9472,230725.0000
9473,230725.0000
9474,230725.0000
9475,230725.0000
9476,230725.0000
9477,230725.0000
9478,230725.0000
9479,230725.0000
9480,230725.0000
9481,230725.0000
9482,230725.0000
9483,230725.0000
9484,230725.0000
9485,230725.0000
9486,230725.0000
9487,230725.0000
9488,230725.0000
9489,230725.0000
9490,230725.0000
9491,230725.0000
9492,230725.0000
9493,230725.0000
9494,230725.0000
9495,230725.0000
9496,230725.0000
9497,230725.0000
9498,230725.0000
9499,230725.0000
9500,230725.0000
9501,230725.0000
9502,230725.0000
9503,230725.0000
9504,230725.0000
9505,230725.0000
9506,230725.0000
9507,230725.0000
9508,230725.0000
9509,230725.0000
9510,230725.0000
9511,230725.0000
9512,230725.0000
9513,230725.0000
9514,230725.0000
9515,230725.0000
9516,230725.0000
9517,230725.0000
9518,230725.0000
9519,230725.0000
9520,230725.0000
9521,230725.0000
9522,230725.0000
9523,230725.0000
9524,230725.0000
9525,230725.0000
9526,230725.0000
9527,230725.0000
9528,230725.0000
9529,230725.0000
9530,230725.0000
9531,230725.0000
9532,230725.0000
9533,230725.0000
9534,230725.0000
9535,230725.0000
9536,230725.0000
9537,230725.0000
9538,230725.0000
9539,230725.0000
9540,230725.0000
9541,230725.0000
9542,230725.0000
9543,230725.0000
9544,230725.0000
9545,230725.0000
9546,230725.0000
9547,230725.0000
9548,230725.0000
9549,230725.0000
9550,230725.0000
9551,230725.0000
9552,230725.0000
9553,230725.0000
9554,230725.0000
9555,230725.0000
9556,230725.0000
9557,230725.0000
9558,230725.0000
9559,230725.0000
9560,230725.0000
9561,230725.0000
9562,230725.0000
9563,230725.0000
9564,230725.0000
9565,230725.0000
9566,230725.0000
9567,230725.0000
9568,230725.0000
9569,230725.0000
9570,230725.0000
9571,230725.0000
9572,230725.0000
9573,230725.0000
9574,230725.0000
9575,230725.0000
9576,230725.0000
9577,230725.0000
9578,230725.0000
9579,230725.0000
9580,230725.0000
9581,230725.0000
9582,230725.0000
9583,230725.0000
9584,230725.0000
9585,230725.0000
9586,230725.0000
9587,230725.0000
9588,230725.0000
9589,230725.0000
9590,230725.0000
9591,230725.0000
9592,230725.0000
9593,230725.0000
9594,230725.0000
9595,230725.0000
9596,230725.0000
9597,230725.0000
9598,230725.0000
9599,230725.0000
9600,230725.0000
9601,230725.0000
9602,230725.0000
9603,230725.0000
9604,230725.0000
9605,230725.0000
9606,230725.0000
9607,230725.0000
9608,230725.0000
9609,230725.0000
9610,230725.0000
9611,230725.0000
9612,230725.0000
9613,230725.0000
9614,230725.0000
9615,230725.0000
9616,230725.0000
9617,230725.0000
9618,230725.0000
9619,230725.0000
9620,230725.0000
9621,230725.0000
9622,230725.0000
9623,230725.0000
9624,230725.0000
9625,230725.0000
9626,230725.0000
9627,230725.0000
9628,230725.0000
9629,230725.0000
9630,230725.0000
9631,230725.0000
9632,230725.0000
9633,230725.0000
9634,230725.0000
9635,230725.0000
9636,230725.0000
9637,230725.0000
9638,230725.0000
9639,230725.0000
9640,230725.0000
9641,230725.0000
9642,230725.0000
9643,230725.0000
9644,230725.0000
9645,230725.0000
9646,230725.0000
9647,230725.0000
9648,230725.0000
9649,230725.0000
9650,230725.0000
9651,230725.0000
9652,230725.0000
9653,230725.0000
9654,230725.0000
9655,230725.0000
9656,230725.0000
9657,230725.0000
9658,230725.0000
9659,230725.0000
9660,230725.0000
9661,230725.0000
9662,230725.0000
9663,230725.0000
9664,230725.0000
9665,230725.0000
9666,230725.0000
9667,230725.0000
9668,230725.0000
9669,230725.0000
9670,230725.0000
9671,230725.0000
9672,230725.0000
9673,230725.0000
9674,230725.0000
9675,230725.0000
9676,230725.0000
9677,230725.0000
9678,230725.0000
9679,230725.0000
9680,230725.0000
9681,230725.0000
9682,230725.0000
9683,230725.0000
9684,230725.0000
9685,230725.0000
9686,230725.0000
9687,230725.0000
9688,230725.0000
9689,230725.0000
9690,230725.0000
9691,230725.0000
9692,230725.0000
9693,230725.0000
9694,230725.0000
9695,230725.0000
9696,230725.0000
9697,230725.0000
9698,230725.0000
9699,230725.0000
9700,230725.0000
9701,230725.0000
9702,230725.0000
9703,230725.0000
9704,230725.0000
9705,230725.0000
9706,230725.0000
9707,230725.0000
9708,230725.0000
9709,230725.0000
9710,230725.0000
9711,230725.0000
9712,230725.0000
9713,230725.0000
9714,230725.0000
9715,230725.0000
9716,230725.0000
9717,230725.0000
9718,230725.0000
9719,230725.0000
9720,230725.0000
9721,230725.0000
9722,230725.0000
9723,230725.0000
9724,230725.0000
9725,230725.0000
9726,230725.0000
9727,230725.0000
9728,230725.0000
9729,230725.0000
9730,230725.0000
9731,230725.0000
9732,230725.0000
9733,230725.0000
9734,230725.0000
9735,230725.0000
9736,230725.0000
9737,230725.0000
9738,230725.0000
9739,230725.0000
9740,230725.0000
9741,230725.0000
9742,230725.0000
9743,230725.0000
9744,230725.0000
9745,230725.0000
9746,230725.0000
9747,230725.0000
9748,230725.0000
9749,230725.0000
9750,230725.0000
9751,230725.0000
9752,230725.0000
9753,230725.0000
9754,230725.0000
9755,230725.0000
9756,230725.0000
9757,230725.0000
9758,230725.0000
9759,230725.0000
9760,230725.0000
9761,230725.0000
9762,230725.0000
9763,230725.0000
9764,230725.0000
9765,230725.0000
9766,230725.0000
9767,230725.0000
9768,230725.0000
9769,230725.0000
9770,230725.0000
9771,230725.0000
9772,230725.0000
9773,230725.0000
9774,230725.0000
9775,230725.0000
9776,230725.0000
9777,230725.0000
9778,230725.0000
9779,230725.0000
9780,230725.0000
9781,230725.0000
9782,230725.0000
9783,230725.0000
9784,230725.0000
9785,230725.0000
9786,230725.0000
9787,230725.0000
9788,230725.0000
9789,230725.0000
9790,230725.0000
9791,230725.0000
9792,230725.0000
9793,230725.0000
9794,230725.0000
9795,230725.0000
9796,230725.0000
9797,230725.0000
9798,230725.0000
9799,230725.0000
9800,230725.0000
9801,230725.0000
9802,230725.0000
9803,230725.0000
9804,230725.0000
9805,230725.0000
9806,230725.0000
9807,230725.0000
9808,230725.0000
9809,230725.0000
9810,230725.0000
9811,230725.0000
9812,230725.0000
9813,230725.0000
9814,230725.0000
