════════════════════════════════════════════════════════════════
              最优Cmax解的详细调度记录
════════════════════════════════════════════════════════════════

【基本信息】
----------------------------------------------------------------------------------------------------
Cmax (最大完工时间): 73704.92
能耗: 794.65 kWh
装箱质量: 0.6047
批次总数: 12
工件数量: 100
机器数量: 17 (打印机:5, 批处理机:2, 离散机:10)

【染色体编码】
----------------------------------------------------------------------------------------------------
工序序列 (OS): [67, 70, 72, 66, 86, 48, 34, 25, 58, 2, 22, 20, 80, 4, 47, 31, 89, 64, 92, 51, 42, 24, 12, 8, 84, 52, 0, 36, 7, 43, 83, 76, 44, 3, 10, 16, 77, 38, 87, 17, 6, 69, 82, 35, 50, 15, 71, 91, 37, 56, 41, 26, 62, 33, 9, 14, 21, 78, 90, 98, 81, 65, 46, 73, 60, 55, 39, 28, 97, 61, 57, 13, 29, 32, 23, 96, 68, 88, 18, 95, 40, 53, 63, 85, 30, 19, 94, 74, 59, 99, 1, 49, 5, 45, 75, 27, 54, 79, 11, 93, 84, 29, 52, 38, 53, 6, 77, 11, 8, 85, 76, 14, 19, 33, 52, 91, 89, 90, 18, 81, 82, 56, 99, 71, 30, 33, 66, 97, 94, 81, 58, 67, 20, 90, 73, 98, 41, 34, 23, 4, 94, 15, 39, 38, 31, 10, 65, 18, 18, 69, 51, 74, 63, 39, 18, 20, 69, 13, 71, 22, 94, 87, 91, 13, 9, 63, 24, 84, 30, 21, 75, 84, 70, 53, 99, 79, 49, 56, 20, 78, 99, 76, 24, 74, 5, 54, 62, 90, 86, 63, 54, 26, 33, 58, 30, 36, 30, 22, 36, 80, 12, 94, 90, 84, 14, 98, 6, 33, 19, 44, 53, 45, 16, 64, 90, 14, 85, 71, 58, 25, 11, 67, 35, 71, 29, 88, 27, 66, 40, 34, 66, 72, 44, 15, 36, 83, 11, 73, 64, 40, 85, 81, 45, 81, 38, 75, 69, 39, 92, 27, 20, 21, 7, 67, 69, 78, 45, 75, 4, 75, 45, 36, 74, 78, 8, 77, 9, 34, 38, 52, 74, 9, 36, 88, 58, 56, 91, 64, 49, 56, 27, 34, 45, 94, 8, 58, 99, 8, 46, 63, 34, 98, 33, 71, 94, 81, 85, 29, 74, 33, 22, 23, 85, 23, 50, 19, 91, 52, 90, 49, 58, 44, 56, 54, 38, 51, 64, 51, 19, 20, 95, 8, 59, 67, 7, 17, 69, 48, 94, 86, 86, 19, 22, 18, 49, 50, 37, 30, 76, 8, 98, 5, 66, 76, 40, 52, 99, 37, 62, 96, 11, 11, 34, 80, 21, 90, 98, 59, 92, 18, 42, 29, 86, 23, 6, 38, 4, 22, 40, 74, 12, 51, 48, 85, 20, 64, 80, 89, 31, 69, 44, 45, 69, 72, 34, 85, 36, 74, 26, 9, 94, 40, 78, 78, 71, 99, 75, 60, 40, 76, 80, 22, 89, 58, 63, 21, 9, 19, 16, 99, 18, 16, 63, 76, 75, 16, 30, 29, 39, 38, 91, 92, 29, 43, 48, 26, 23, 36, 41, 7, 74, 56, 73, 34, 51, 66, 49, 40, 66, 20, 66, 8, 21, 99, 77, 25, 89, 25, 46, 76, 23, 39, 69, 20, 87, 6, 64, 27, 95, 78, 75, 24, 51, 30, 58, 49, 23, 19, 81, 33, 9, 9, 32, 11, 71, 83, 75, 4, 78, 88, 90, 88, 48, 5, 70, 4, 18, 38, 4, 29, 85, 71, 65, 23, 77, 14, 37, 40, 98, 12]
机器选择 (MS): [1, 1, 1, 1, 1, 1, 5, 1, 2, 5, 1, 5, 5, 5, 5, 2, 1, 5, 3, 5, 5, 5, 2, 3, 2, 5, 3, 2, 1, 3, 5, 2, 2, 2, 1, 5, 3, 5, 2, 1, 1, 5, 1, 1, 3, 1, 2, 5, 5, 2, 5, 4, 5, 1, 5, 1, 5, 5, 5, 5, 2, 2, 1, 5, 1, 2, 4, 5, 2, 5, 1, 1, 5, 5, 5, 2, 5, 3, 1, 5, 1, 1, 4, 2, 1, 1, 1, 2, 3, 4, 1, 5, 2, 5, 3, 4, 1, 1, 4, 1, 1, 3, 1, 1, 1, 2, 1, 1, 1, 1, 1, 1, 1, 1, 1, 3, 1, 2, 2, 2, 2, 1, 1, 1, 1, 1, 3, 1, 1, 1, 3, 2, 2, 1, 3, 1, 1, 1, 1, 1, 2, 1, 1, 2, 1, 1, 1, 2, 3, 2, 3, 2, 1, 2, 2, 2, 1, 1, 1, 1, 1, 1, 2, 3, 1, 1, 1, 3, 1, 3, 2, 3, 2, 2, 1, 1, 2, 2, 1, 1, 2, 1, 1, 2, 3, 1, 3, 2, 1, 1, 1, 1, 1, 1, 2, 1, 1, 1, 3, 2, 1, 2, 2, 1, 1, 2, 1, 1, 1, 3, 3, 2, 1, 2, 1, 3, 1, 1, 1, 2, 1, 1, 1, 1, 1, 1, 2, 2, 1, 2, 3, 2, 1, 2, 1, 3, 1, 1, 1, 2, 1, 3, 1, 3, 3, 1, 1, 1, 1, 3, 1, 1, 1, 1, 1, 2, 1, 3, 1, 2, 1, 2, 2, 1, 1, 1, 1, 1, 1, 1, 1, 2, 2, 1, 1, 1, 2, 2, 1, 2, 3, 2, 1, 3, 1, 2, 1, 2, 1, 2, 1, 3, 3, 1, 2, 1, 3, 1, 3, 1, 1, 1, 2, 1, 1, 2, 2, 1, 2, 1, 1, 3, 1, 1, 1, 1, 1, 1, 1, 2, 1, 3, 1, 2, 1, 1, 1, 1, 2, 1, 3, 1, 1, 2, 1, 2, 1, 1, 1, 2, 1, 3, 1, 3, 3, 1, 1, 1, 3, 1, 2, 1, 2, 1, 1, 1, 1, 1, 2, 1, 1, 1, 1, 1, 1, 2, 2, 1, 1, 1, 3, 1, 1, 1, 1, 1, 3, 3, 1, 1, 1, 1, 1, 2, 1, 2, 1, 3, 1, 1, 1, 2, 2, 2, 3, 2, 3, 2, 1, 1, 1, 2, 2, 2, 1, 1, 1, 1, 1, 2, 2, 1, 1, 1, 1, 1, 1, 2, 3, 3, 1, 1, 1, 2, 2, 2, 3, 1, 2, 2, 1, 1, 1, 1, 1, 1, 1, 2, 1, 1, 2, 3, 1, 1, 2, 1, 2, 1, 1, 2, 1, 2, 1, 1, 2, 3, 3, 1, 1, 2, 3, 1, 1, 1, 2, 3, 1, 3, 1, 1, 1, 1, 1, 2, 2, 3, 3, 1, 1, 2, 1, 1, 2, 1, 1, 1, 3, 1, 1, 1, 1, 1, 1, 2, 3, 2, 1, 2, 1, 1]

【零件加工顺序记录】
----------------------------------------------------------------------------------------------------
工件号      工序号             机器号             开始时间            结束时间            加工时长           
----------------------------------------------------------------------------------------------------

工件 0:
  0        0               打印机3            0.00            46122.23        46122.23       
  0        1               批处理机1           46122.23        46947.23        825.00         

工件 1:
  1        0               打印机1            0.00            26835.06        26835.06       
  1        1               批处理机1           26835.06        27660.06        825.00         

工件 2:
  2        0               打印机5            0.00            22350.90        22350.90       
  2        1               批处理机1           22350.90        23175.90        825.00         

工件 3:
  3        0               打印机2            21303.94        44302.00        22998.06       
  3        1               批处理机1           44302.00        45127.00        825.00         

工件 4:
  4        0               打印机5            0.00            22350.90        22350.90       
  4        1               批处理机1           22350.90        23175.90        825.00         
  4        2               离散机2            25911.94        27591.94        1680.00        
  4        3               离散机9            35917.06        36855.06        938.00         
  4        4               离散机3            39017.06        40390.06        1373.00        
  4        5               离散机1            42188.67        43378.67        1190.00        
  4        6               离散机7            69681.92        71402.92        1721.00        
  4        7               离散机4            72095.59        73045.59        950.00         

工件 5:
  5        0               打印机2            0.00            21303.94        21303.94       
  5        1               批处理机1           21303.94        22128.94        825.00         
  5        2               离散机2            28985.06        30554.06        1569.00        
  5        3               离散机1            31938.06        33700.06        1762.00        
  5        4               离散机6            68914.59        70023.59        1109.00        

工件 6:
  6        0               打印机1            26835.06        39329.92        12494.86       
  6        1               批处理机2           39329.92        40459.92        1130.00        
  6        2               离散机4            40459.92        41902.92        1443.00        
  6        3               离散机2            43663.67        44574.67        911.00         
  6        4               离散机5            44676.92        46195.92        1519.00        
  6        5               离散机7            66366.92        67983.92        1617.00        

工件 7:
  7        0               打印机1            0.00            26835.06        26835.06       
  7        1               批处理机1           26835.06        27660.06        825.00         
  7        2               离散机6            32192.94        33611.94        1419.00        
  7        3               离散机4            33611.94        34861.94        1250.00        
  7        4               离散机10           52489.23        53561.23        1072.00        

工件 8:
  8        0               打印机3            0.00            46122.23        46122.23       
  8        1               批处理机1           46122.23        46947.23        825.00         
  8        2               离散机1            46947.23        47981.23        1034.00        
  8        3               离散机3            47981.23        48978.23        997.00         
  8        4               离散机8            49668.92        50632.92        964.00         
  8        5               离散机5            51327.38        52497.38        1170.00        
  8        6               离散机7            53255.92        54607.92        1352.00        
  8        7               离散机6            57002.41        58601.41        1599.00        
  8        8               离散机8            61662.41        63103.41        1441.00        

工件 9:
  9        0               打印机5            38918.67        51727.41        12808.73       
  9        1               批处理机1           51727.41        52552.41        825.00         
  9        2               离散机6            52552.41        54314.41        1762.00        
  9        3               离散机4            54314.41        56111.41        1797.00        
  9        4               离散机1            56565.41        57648.41        1083.00        
  9        5               离散机10           65147.59        66051.59        904.00         
  9        6               离散机5            66051.59        67025.59        974.00         
  9        7               离散机6            67025.59        68010.59        985.00         
  9        8               离散机2            69678.41        70612.41        934.00         

工件 10:
  10       0               打印机1            0.00            26835.06        26835.06       
  10       1               批处理机1           26835.06        27660.06        825.00         
  10       2               离散机10           29173.06        30243.06        1070.00        

工件 11:
  11       0               打印机4            0.00            15617.61        15617.61       
  11       1               批处理机1           15617.61        16442.61        825.00         
  11       2               离散机3            16442.61        17629.61        1187.00        
  11       3               离散机3            19053.61        20160.61        1107.00        
  11       4               离散机7            20160.61        21301.61        1141.00        
  11       5               离散机6            21421.61        22380.61        959.00         
  11       6               离散机3            34039.06        34984.06        945.00         
  11       7               离散机8            35260.06        36375.06        1115.00        

工件 12:
  12       0               打印机2            0.00            21303.94        21303.94       
  12       1               批处理机1           21303.94        22128.94        825.00         
  12       2               离散机7            22128.94        23360.94        1232.00        
  12       3               离散机1            23360.94        24489.94        1129.00        
  12       4               离散机1            24489.94        26082.94        1593.00        

工件 13:
  13       0               打印机1            39329.92        49278.38        9948.46        
  13       1               批处理机1           49278.38        50103.38        825.00         
  13       2               离散机5            50103.38        51327.38        1224.00        
  13       3               离散机2            51327.38        52306.38        979.00         

工件 14:
  14       0               打印机1            0.00            26835.06        26835.06       
  14       1               批处理机1           26835.06        27660.06        825.00         
  14       2               离散机4            27660.06        28719.06        1059.00        
  14       3               离散机6            30020.94        30945.94        925.00         
  14       4               离散机7            31982.06        33028.06        1046.00        
  14       5               离散机8            36375.06        37772.06        1397.00        

工件 15:
  15       0               打印机1            26835.06        39329.92        12494.86       
  15       1               批处理机2           39329.92        40459.92        1130.00        
  15       2               离散机9            41494.92        42497.92        1003.00        
  15       3               离散机6            42718.67        43784.67        1066.00        

工件 16:
  16       0               打印机5            0.00            22350.90        22350.90       
  16       1               批处理机1           22350.90        23175.90        825.00         
  16       2               离散机9            33722.06        34945.06        1223.00        
  16       3               离散机6            37525.94        38552.94        1027.00        
  16       4               离散机8            60648.41        61662.41        1014.00        
  16       5               离散机9            64508.41        65563.41        1055.00        

工件 17:
  17       0               打印机1            26835.06        39329.92        12494.86       
  17       1               批处理机2           39329.92        40459.92        1130.00        
  17       2               离散机2            57120.41        58549.41        1429.00        

工件 18:
  18       0               打印机1            26835.06        39329.92        12494.86       
  18       1               批处理机2           39329.92        40459.92        1130.00        
  18       2               离散机8            40459.92        41516.92        1057.00        
  18       3               离散机8            41516.92        42928.92        1412.00        
  18       4               离散机8            42928.92        44151.92        1223.00        
  18       5               离散机7            45094.92        46496.92        1402.00        
  18       6               离散机10           51401.23        52489.23        1088.00        
  18       7               离散机1            58799.41        59810.41        1011.00        
  18       8               离散机2            63871.41        64889.41        1018.00        
  18       9               离散机3            71410.59        73154.59        1744.00        

工件 19:
  19       0               打印机1            26835.06        39329.92        12494.86       
  19       1               批处理机2           39329.92        40459.92        1130.00        
  19       2               离散机5            40459.92        42003.92        1544.00        
  19       3               离散机8            46525.92        48107.92        1582.00        
  19       4               离散机8            51629.92        52594.92        965.00         
  19       5               离散机4            56111.41        57159.41        1048.00        
  19       6               离散机2            58549.41        59524.41        975.00         
  19       7               离散机4            68088.59        69636.59        1548.00        
  19       8               离散机10           69789.59        70795.59        1006.00        

工件 20:
  20       0               打印机5            0.00            22350.90        22350.90       
  20       1               批处理机1           22350.90        23175.90        825.00         
  20       2               离散机2            24271.94        25911.94        1640.00        
  20       3               离散机9            30265.06        31477.06        1212.00        
  20       4               离散机9            32395.06        33722.06        1327.00        
  20       5               离散机10           33722.06        35155.06        1433.00        
  20       6               离散机5            37861.06        38931.06        1070.00        
  20       7               离散机4            39434.06        40426.06        992.00         
  20       8               离散机3            57858.41        59101.41        1243.00        
  20       9               离散机10           68695.59        69789.59        1094.00        

工件 21:
  21       0               打印机5            38918.67        51727.41        12808.73       
  21       1               批处理机1           51727.41        52552.41        825.00         
  21       2               离散机4            52552.41        53643.41        1091.00        
  21       3               离散机10           53643.41        54583.41        940.00         
  21       4               离散机3            55780.41        56857.41        1077.00        
  21       5               离散机3            56857.41        57858.41        1001.00        
  21       6               离散机8            63103.41        64208.41        1105.00        

工件 22:
  22       0               打印机1            0.00            26835.06        26835.06       
  22       1               批处理机1           26835.06        27660.06        825.00         
  22       2               离散机4            28719.06        29808.06        1089.00        
  22       3               离散机1            29808.06        30708.06        900.00         
  22       4               离散机4            32429.06        33448.06        1019.00        
  22       5               离散机10           36312.06        37563.06        1251.00        
  22       6               离散机1            37563.06        38685.06        1122.00        
  22       7               离散机9            48857.92        49974.92        1117.00        

工件 23:
  23       0               打印机5            22350.90        38918.67        16567.77       
  23       1               批处理机1           38918.67        39743.67        825.00         
  23       2               离散机7            43901.92        45094.92        1193.00        
  23       3               离散机9            47628.92        48857.92        1229.00        
  23       4               离散机4            50922.23        51850.23        928.00         
  23       5               离散机7            57156.92        58559.92        1403.00        
  23       6               离散机7            62703.92        63844.92        1141.00        
  23       7               离散机1            65188.41        66196.41        1008.00        
  23       8               离散机2            68604.41        69678.41        1074.00        
  23       9               离散机7            71402.92        72304.92        902.00         

工件 24:
  24       0               打印机5            38918.67        51727.41        12808.73       
  24       1               批处理机1           51727.41        52552.41        825.00         
  24       2               离散机1            55023.41        56565.41        1542.00        
  24       3               离散机8            56565.41        58317.41        1752.00        
  24       4               离散机6            62130.41        63858.41        1728.00        

工件 25:
  25       0               打印机1            0.00            26835.06        26835.06       
  25       1               批处理机1           26835.06        27660.06        825.00         
  25       2               离散机7            33028.06        34287.06        1259.00        
  25       3               离散机7            65392.92        66366.92        974.00         
  25       4               离散机2            67132.41        68604.41        1472.00        

工件 26:
  26       0               打印机4            0.00            15617.61        15617.61       
  26       1               批处理机1           15617.61        16442.61        825.00         
  26       2               离散机10           18768.61        20048.61        1280.00        
  26       3               离散机2            20048.61        21089.61        1041.00        
  26       4               离散机3            34984.06        36065.06        1081.00        

工件 27:
  27       0               打印机4            0.00            15617.61        15617.61       
  27       1               批处理机1           15617.61        16442.61        825.00         
  27       2               离散机6            17582.61        18861.61        1279.00        
  27       3               离散机6            18861.61        20230.61        1369.00        
  27       4               离散机6            20230.61        21421.61        1191.00        
  27       5               离散机1            21421.61        22761.61        1340.00        

工件 28:
  28       0               打印机5            38918.67        51727.41        12808.73       
  28       1               批处理机1           51727.41        52552.41        825.00         

工件 29:
  29       0               打印机5            0.00            22350.90        22350.90       
  29       1               批处理机1           22350.90        23175.90        825.00         
  29       2               离散机3            23417.94        24723.94        1306.00        
  29       3               离散机8            27781.94        29087.94        1306.00        
  29       4               离散机8            30238.94        31468.94        1230.00        
  29       5               离散机5            38931.06        40032.06        1101.00        
  29       6               离散机6            43784.67        45426.67        1642.00        
  29       7               离散机7            61700.92        62703.92        1003.00        
  29       8               离散机6            70023.59        71190.59        1167.00        

工件 30:
  30       0               打印机1            26835.06        39329.92        12494.86       
  30       1               批处理机2           39329.92        40459.92        1130.00        
  30       2               离散机9            40459.92        41494.92        1035.00        
  30       3               离散机2            42655.67        43663.67        1008.00        
  30       4               离散机10           43670.67        45059.67        1389.00        
  30       5               离散机1            45059.67        46758.67        1699.00        
  30       6               离散机7            56090.92        57156.92        1066.00        
  30       7               离散机9            65563.41        67122.41        1559.00        
  30       8               离散机1            69407.59        70968.59        1561.00        

工件 31:
  31       0               打印机2            21303.94        44302.00        22998.06       
  31       1               批处理机1           44302.00        45127.00        825.00         
  31       2               离散机3            46384.00        47661.00        1277.00        
  31       3               离散机2            61841.41        62915.41        1074.00        

工件 32:
  32       0               打印机5            38918.67        51727.41        12808.73       
  32       1               批处理机1           51727.41        52552.41        825.00         
  32       2               离散机5            69190.59        70185.59        995.00         

工件 33:
  33       0               打印机1            26835.06        39329.92        12494.86       
  33       1               批处理机2           39329.92        40459.92        1130.00        
  33       2               离散机7            41614.92        42767.92        1153.00        
  33       3               离散机7            42767.92        43901.92        1134.00        
  33       4               离散机4            44356.92        45794.92        1438.00        
  33       5               离散机6            45794.92        47095.92        1301.00        
  33       6               离散机4            49770.23        50922.23        1152.00        
  33       7               离散机9            59527.41        60499.41        972.00         
  33       8               离散机3            62507.41        63517.41        1010.00        

工件 34:
  34       0               打印机5            0.00            22350.90        22350.90       
  34       1               批处理机1           22350.90        23175.90        825.00         
  34       2               离散机5            23175.90        24165.90        990.00         
  34       3               离散机9            26737.94        27641.94        904.00         
  34       4               离散机1            27641.94        29236.94        1595.00        
  34       5               离散机10           30243.06        31343.06        1100.00        
  34       6               离散机5            34605.06        35638.06        1033.00        
  34       7               离散机1            35638.06        36952.06        1314.00        
  34       8               离散机3            51237.23        52398.23        1161.00        
  34       9               离散机5            60680.41        62276.41        1596.00        

工件 35:
  35       0               打印机1            26835.06        39329.92        12494.86       
  35       1               批处理机2           39329.92        40459.92        1130.00        
  35       2               离散机3            40459.92        41459.92        1000.00        

工件 36:
  36       0               打印机2            0.00            21303.94        21303.94       
  36       1               批处理机1           21303.94        22128.94        825.00         
  36       2               离散机10           22128.94        23377.94        1249.00        
  36       3               离散机5            24165.90        25576.90        1411.00        
  36       4               离散机9            34945.06        35917.06        972.00         
  36       5               离散机7            38091.06        39173.06        1082.00        
  36       6               离散机7            39173.06        40372.06        1199.00        
  36       7               离散机10           63804.59        65147.59        1343.00        
  36       8               离散机2            66137.41        67132.41        995.00         

工件 37:
  37       0               打印机5            22350.90        38918.67        16567.77       
  37       1               批处理机1           38918.67        39743.67        825.00         
  37       2               离散机4            45794.92        46740.92        946.00         
  37       3               离散机10           48710.23        49705.23        995.00         
  37       4               离散机10           71990.59        73569.59        1579.00        

工件 38:
  38       0               打印机5            22350.90        38918.67        16567.77       
  38       1               批处理机1           38918.67        39743.67        825.00         
  38       2               离散机2            39743.67        40706.67        963.00         
  38       3               离散机2            41673.67        42655.67        982.00         
  38       4               离散机2            46299.00        47657.00        1358.00        
  38       5               离散机1            49613.23        50574.23        961.00         
  38       6               离散机8            52594.92        53973.92        1379.00        
  38       7               离散机10           54583.41        56127.41        1544.00        
  38       8               离散机10           66051.59        67257.59        1206.00        
  38       9               离散机1            70968.59        72433.59        1465.00        

工件 39:
  39       0               打印机4            0.00            15617.61        15617.61       
  39       1               批处理机1           15617.61        16442.61        825.00         
  39       2               离散机5            16442.61        17485.61        1043.00        
  39       3               离散机10           17609.61        18768.61        1159.00        
  39       4               离散机5            19693.61        20684.61        991.00         
  39       5               离散机6            60796.41        62130.41        1334.00        
  39       6               离散机5            64546.59        65810.59        1264.00        

工件 40:
  40       0               打印机1            0.00            26835.06        26835.06       
  40       1               批处理机1           26835.06        27660.06        825.00         
  40       2               离散机2            32365.06        34101.06        1736.00        
  40       3               离散机7            36918.06        38091.06        1173.00        
  40       4               离散机2            38336.06        39685.06        1349.00        
  40       5               离散机8            58317.41        59328.41        1011.00        
  40       6               离散机3            59328.41        61104.41        1776.00        
  40       7               离散机4            66592.59        68088.59        1496.00        
  40       8               离散机1            68088.59        69407.59        1319.00        
  40       9               离散机7            72304.92        73704.92        1400.00        

工件 41:
  41       0               打印机5            22350.90        38918.67        16567.77       
  41       1               批处理机1           38918.67        39743.67        825.00         
  41       2               离散机4            41902.92        43056.92        1154.00        
  41       3               离散机3            52398.23        53973.23        1575.00        

工件 42:
  42       0               打印机5            22350.90        38918.67        16567.77       
  42       1               批处理机1           38918.67        39743.67        825.00         
  42       2               离散机9            43638.92        44792.92        1154.00        

工件 43:
  43       0               打印机3            0.00            46122.23        46122.23       
  43       1               批处理机1           46122.23        46947.23        825.00         
  43       2               离散机5            46947.23        48682.23        1735.00        

工件 44:
  44       0               打印机2            0.00            21303.94        21303.94       
  44       1               批处理机1           21303.94        22128.94        825.00         
  44       2               离散机5            25576.90        26691.90        1115.00        
  44       3               离散机7            35874.06        36918.06        1044.00        
  44       4               离散机3            37654.06        39017.06        1363.00        
  44       5               离散机3            43847.67        44772.67        925.00         

工件 45:
  45       0               打印机5            38918.67        51727.41        12808.73       
  45       1               批处理机1           51727.41        52552.41        825.00         
  45       2               离散机9            54054.41        55258.41        1204.00        
  45       3               离散机8            55258.41        56562.41        1304.00        
  45       4               离散机5            56562.41        57470.41        908.00         
  45       5               离散机9            57560.41        58486.41        926.00         
  45       6               离散机4            58486.41        59498.41        1012.00        
  45       7               离散机5            59765.41        60680.41        915.00         

工件 46:
  46       0               打印机1            0.00            26835.06        26835.06       
  46       1               批处理机1           26835.06        27660.06        825.00         
  46       2               离散机5            27660.06        28731.06        1071.00        
  46       3               离散机4            69636.59        70822.59        1186.00        

工件 47:
  47       0               打印机5            0.00            22350.90        22350.90       
  47       1               批处理机1           22350.90        23175.90        825.00         

工件 48:
  48       0               打印机1            0.00            26835.06        26835.06       
  48       1               批处理机1           26835.06        27660.06        825.00         
  48       2               离散机7            54607.92        56090.92        1483.00        
  48       3               离散机5            57470.41        58383.41        913.00         
  48       4               离散机3            65080.59        66500.59        1420.00        
  48       5               离散机6            68010.59        68914.59        904.00         

工件 49:
  49       0               打印机5            51727.41        58897.59        7170.18        
  49       1               批处理机1           58897.59        59722.59        825.00         
  49       2               离散机10           59722.59        60631.59        909.00         
  49       3               离散机4            60631.59        62324.59        1693.00        
  49       4               离散机5            62324.59        63296.59        972.00         
  49       5               离散机5            63296.59        64546.59        1250.00        
  49       6               离散机9            69246.41        70316.41        1070.00        
  49       7               离散机5            70316.41        71593.41        1277.00        

工件 50:
  50       0               打印机3            0.00            46122.23        46122.23       
  50       1               批处理机1           46122.23        46947.23        825.00         
  50       2               离散机8            50632.92        51629.92        997.00         
  50       3               离散机6            55301.41        57002.41        1701.00        

工件 51:
  51       0               打印机5            0.00            22350.90        22350.90       
  51       1               批处理机1           22350.90        23175.90        825.00         
  51       2               离散机6            23175.90        24770.90        1595.00        
  51       3               离散机6            24770.90        26461.90        1691.00        
  51       4               离散机3            29353.94        30709.94        1356.00        
  51       5               离散机6            36394.94        37525.94        1131.00        
  51       6               离散机5            48682.23        50024.23        1342.00        
  51       7               离散机6            63858.41        65095.41        1237.00        

工件 52:
  52       0               打印机5            38918.67        51727.41        12808.73       
  52       1               批处理机1           51727.41        52552.41        825.00         
  52       2               离散机5            52552.41        53926.41        1374.00        
  52       3               离散机1            53926.41        55023.41        1097.00        
  52       4               离散机2            55023.41        56215.41        1192.00        
  52       5               离散机10           56215.41        57211.41        996.00         
  52       6               离散机6            58601.41        59686.41        1085.00        

工件 53:
  53       0               打印机1            26835.06        39329.92        12494.86       
  53       1               批处理机2           39329.92        40459.92        1130.00        
  53       2               离散机7            40459.92        41614.92        1155.00        
  53       3               离散机4            43056.92        44356.92        1300.00        
  53       4               离散机6            47095.92        48672.92        1577.00        

工件 54:
  54       0               打印机1            0.00            26835.06        26835.06       
  54       1               批处理机1           26835.06        27660.06        825.00         
  54       2               离散机7            29348.06        30965.06        1617.00        
  54       3               离散机2            30965.06        32365.06        1400.00        
  54       4               离散机5            35638.06        36596.06        958.00         

工件 55:
  55       0               打印机2            0.00            21303.94        21303.94       
  55       1               批处理机1           21303.94        22128.94        825.00         

工件 56:
  56       0               打印机2            0.00            21303.94        21303.94       
  56       1               批处理机1           21303.94        22128.94        825.00         
  56       2               离散机3            24723.94        26495.94        1772.00        
  56       3               离散机6            26495.94        27852.94        1357.00        
  56       4               离散机6            33611.94        34707.94        1096.00        
  56       5               离散机2            35008.06        36619.06        1611.00        
  56       6               离散机9            36855.06        38004.06        1149.00        
  56       7               离散机10           67257.59        68695.59        1438.00        

工件 57:
  57       0               打印机1            0.00            26835.06        26835.06       
  57       1               批处理机1           26835.06        27660.06        825.00         

工件 58:
  58       0               打印机2            0.00            21303.94        21303.94       
  58       1               批处理机1           21303.94        22128.94        825.00         
  58       2               离散机9            24631.94        25682.94        1051.00        
  58       3               离散机8            25682.94        26636.94        954.00         
  58       4               离散机8            26636.94        27781.94        1145.00        
  58       5               离散机4            31250.06        32429.06        1179.00        
  58       6               离散机6            34707.94        36394.94        1687.00        
  58       7               离散机7            52175.92        53255.92        1080.00        
  58       8               离散机4            59498.41        60481.41        983.00         
  58       9               离散机9            70316.41        71506.41        1190.00        

工件 59:
  59       0               打印机3            0.00            46122.23        46122.23       
  59       1               批处理机1           46122.23        46947.23        825.00         
  59       2               离散机10           46947.23        48710.23        1763.00        
  59       3               离散机1            57648.41        58799.41        1151.00        

工件 60:
  60       0               打印机1            0.00            26835.06        26835.06       
  60       1               批处理机1           26835.06        27660.06        825.00         
  60       2               离散机7            58559.92        59737.92        1178.00        

工件 61:
  61       0               打印机5            38918.67        51727.41        12808.73       
  61       1               批处理机1           51727.41        52552.41        825.00         

工件 62:
  62       0               打印机5            22350.90        38918.67        16567.77       
  62       1               批处理机1           38918.67        39743.67        825.00         
  62       2               离散机6            39743.67        41370.67        1627.00        
  62       3               离散机3            41459.92        42624.92        1165.00        

工件 63:
  63       0               打印机4            0.00            15617.61        15617.61       
  63       1               批处理机1           15617.61        16442.61        825.00         
  63       2               离散机10           16442.61        17609.61        1167.00        
  63       3               离散机3            17629.61        19053.61        1424.00        
  63       4               离散机1            19053.61        20112.61        1059.00        
  63       5               离散机10           23377.94        25125.94        1748.00        
  63       6               离散机8            34136.06        35260.06        1124.00        
  63       7               离散机9            62220.41        63207.41        987.00         

工件 64:
  64       0               打印机5            22350.90        38918.67        16567.77       
  64       1               批处理机1           38918.67        39743.67        825.00         
  64       2               离散机6            41370.67        42718.67        1348.00        
  64       3               离散机3            42718.67        43847.67        1129.00        
  64       4               离散机10           45059.67        45966.67        907.00         
  64       5               离散机2            48661.00        50215.00        1554.00        
  64       6               离散机4            62324.59        64013.59        1689.00        
  64       7               离散机3            67875.59        68877.59        1002.00        

工件 65:
  65       0               打印机2            21303.94        44302.00        22998.06       
  65       1               批处理机1           44302.00        45127.00        825.00         
  65       2               离散机9            45127.00        46077.00        950.00         
  65       3               离散机2            72463.41        73395.41        932.00         

工件 66:
  66       0               打印机1            0.00            26835.06        26835.06       
  66       1               批处理机1           26835.06        27660.06        825.00         
  66       2               离散机10           27660.06        29173.06        1513.00        
  66       3               离散机5            31237.06        32917.06        1680.00        
  66       4               离散机8            32917.06        34136.06        1219.00        
  66       5               离散机4            38394.06        39434.06        1040.00        
  66       6               离散机7            63844.92        65392.92        1548.00        
  66       7               离散机6            65392.92        66872.92        1480.00        
  66       8               离散机5            67025.59        68073.59        1048.00        

工件 67:
  67       0               打印机1            0.00            26835.06        26835.06       
  67       1               批处理机1           26835.06        27660.06        825.00         
  67       2               离散机9            27660.06        29361.06        1701.00        
  67       3               离散机4            29808.06        31250.06        1442.00        
  67       4               离散机3            32682.06        34039.06        1357.00        
  67       5               离散机9            38004.06        39070.06        1066.00        

工件 68:
  68       0               打印机5            51727.41        58897.59        7170.18        
  68       1               批处理机1           58897.59        59722.59        825.00         

工件 69:
  69       0               打印机5            22350.90        38918.67        16567.77       
  69       1               批处理机1           38918.67        39743.67        825.00         
  69       2               离散机10           39743.67        40933.67        1190.00        
  69       3               离散机5            42003.92        43640.92        1637.00        
  69       4               离散机2            47657.00        48661.00        1004.00        
  69       5               离散机7            49720.92        51078.92        1358.00        
  69       6               离散机6            51078.92        52295.92        1217.00        
  69       7               离散机10           57211.41        58385.41        1174.00        
  69       8               离散机10           58385.41        59408.41        1023.00        
  69       9               离散机8            64208.41        65328.41        1120.00        

工件 70:
  70       0               打印机1            0.00            26835.06        26835.06       
  70       1               批处理机1           26835.06        27660.06        825.00         
  70       2               离散机3            27975.94        29353.94        1378.00        
  70       3               离散机10           45966.67        46939.67        973.00         

工件 71:
  71       0               打印机2            21303.94        44302.00        22998.06       
  71       1               批处理机1           44302.00        45127.00        825.00         
  71       2               离散机2            45127.00        46299.00        1172.00        
  71       3               离散机7            46496.92        48064.92        1568.00        
  71       4               离散机6            48672.92        49923.92        1251.00        
  71       5               离散机9            51203.38        52265.38        1062.00        
  71       6               离散机2            52306.38        53821.38        1515.00        
  71       7               离散机9            60499.41        62220.41        1721.00        
  71       8               离散机8            65328.41        66597.41        1269.00        
  71       9               离散机9            71506.41        73033.41        1527.00        

工件 72:
  72       0               打印机1            0.00            26835.06        26835.06       
  72       1               批处理机1           26835.06        27660.06        825.00         
  72       2               离散机7            34287.06        35874.06        1587.00        
  72       3               离散机2            62915.41        63871.41        956.00         

工件 73:
  73       0               打印机5            0.00            22350.90        22350.90       
  73       1               批处理机1           22350.90        23175.90        825.00         
  73       2               离散机3            26495.94        27975.94        1480.00        
  73       3               离散机6            30945.94        32192.94        1247.00        
  73       4               离散机10           32192.94        33705.94        1513.00        

工件 74:
  74       0               打印机2            0.00            21303.94        21303.94       
  74       1               批处理机1           21303.94        22128.94        825.00         
  74       2               离散机9            25682.94        26737.94        1055.00        
  74       3               离散机6            27852.94        28963.94        1111.00        
  74       4               离散机5            32917.06        34605.06        1688.00        
  74       5               离散机10           35155.06        36312.06        1157.00        
  74       6               离散机3            36312.06        37654.06        1342.00        
  74       7               离散机8            59328.41        60648.41        1320.00        
  74       8               离散机4            64013.59        65633.59        1620.00        
  74       9               离散机9            68042.41        69246.41        1204.00        

工件 75:
  75       0               打印机3            0.00            46122.23        46122.23       
  75       1               批处理机1           46122.23        46947.23        825.00         
  75       2               离散机4            48346.23        49770.23        1424.00        
  75       3               离散机10           49770.23        51401.23        1631.00        
  75       4               离散机9            55258.41        56352.41        1094.00        
  75       5               离散机9            56352.41        57560.41        1208.00        
  75       6               离散机6            59686.41        60796.41        1110.00        
  75       7               离散机9            63207.41        64508.41        1301.00        
  75       8               离散机3            68877.59        70441.59        1564.00        
  75       9               离散机3            70441.59        71410.59        969.00         

工件 76:
  76       0               打印机2            0.00            21303.94        21303.94       
  76       1               批处理机1           21303.94        22128.94        825.00         
  76       2               离散机2            23157.94        24271.94        1114.00        
  76       3               离散机4            24271.94        25388.94        1117.00        
  76       4               离散机9            39070.06        40381.06        1311.00        
  76       5               离散机5            43640.92        44676.92        1036.00        
  76       6               离散机7            59737.92        60664.92        927.00         
  76       7               离散机3            61104.41        62507.41        1403.00        
  76       8               离散机1            63713.41        65188.41        1475.00        

工件 77:
  77       0               打印机3            0.00            46122.23        46122.23       
  77       1               批处理机1           46122.23        46947.23        825.00         
  77       2               离散机4            46947.23        48346.23        1399.00        
  77       3               离散机1            48346.23        49613.23        1267.00        
  77       4               离散机6            49923.92        50897.92        974.00         
  77       5               离散机10           70795.59        71990.59        1195.00        

工件 78:
  78       0               打印机5            51727.41        58897.59        7170.18        
  78       1               批处理机1           58897.59        59722.59        825.00         
  78       2               离散机10           60631.59        62323.59        1692.00        
  78       3               离散机10           62323.59        63804.59        1481.00        
  78       4               离散机3            63804.59        65080.59        1276.00        
  78       5               离散机4            65633.59        66592.59        959.00         
  78       6               离散机3            66592.59        67875.59        1283.00        
  78       7               离散机7            67983.92        69681.92        1698.00        
  78       8               离散机5            71593.41        72759.41        1166.00        

工件 79:
  79       0               打印机1            0.00            26835.06        26835.06       
  79       1               批处理机1           26835.06        27660.06        825.00         
  79       2               离散机9            31477.06        32395.06        918.00         

工件 80:
  80       0               打印机5            22350.90        38918.67        16567.77       
  80       1               批处理机1           38918.67        39743.67        825.00         
  80       2               离散机8            44151.92        45119.92        968.00         
  80       3               离散机2            50215.00        51202.00        987.00         
  80       4               离散机5            58383.41        59765.41        1382.00        
  80       5               离散机1            60894.41        62074.41        1180.00        

工件 81:
  81       0               打印机2            0.00            21303.94        21303.94       
  81       1               批处理机1           21303.94        22128.94        825.00         
  81       2               离散机8            22128.94        23172.94        1044.00        
  81       3               离散机9            23172.94        24631.94        1459.00        
  81       4               离散机7            25689.94        27266.94        1577.00        
  81       5               离散机8            29087.94        30238.94        1151.00        
  81       6               离散机1            30708.06        31938.06        1230.00        
  81       7               离散机4            70822.59        72095.59        1273.00        

工件 82:
  82       0               打印机1            39329.92        49278.38        9948.46        
  82       1               批处理机1           49278.38        50103.38        825.00         
  82       2               离散机9            50103.38        51203.38        1100.00        

工件 83:
  83       0               打印机5            38918.67        51727.41        12808.73       
  83       1               批处理机1           51727.41        52552.41        825.00         
  83       2               离散机1            52552.41        53907.41        1355.00        
  83       3               离散机5            55597.41        56554.41        957.00         

工件 84:
  84       0               打印机2            0.00            21303.94        21303.94       
  84       1               批处理机1           21303.94        22128.94        825.00         
  84       2               离散机3            22128.94        23417.94        1289.00        
  84       3               离散机7            23417.94        24362.94        945.00         
  84       4               离散机7            24362.94        25689.94        1327.00        
  84       5               离散机6            28963.94        30020.94        1057.00        

工件 85:
  85       0               打印机2            0.00            21303.94        21303.94       
  85       1               批处理机1           21303.94        22128.94        825.00         
  85       2               离散机2            22128.94        23157.94        1029.00        
  85       3               离散机8            23172.94        24326.94        1154.00        
  85       4               离散机2            34101.06        35008.06        907.00         
  85       5               离散机4            35008.06        36748.06        1740.00        
  85       6               离散机5            36748.06        37861.06        1113.00        
  85       7               离散机10           37861.06        38811.06        950.00         
  85       8               离散机1            40969.67        42188.67        1219.00        
  85       9               离散机2            71512.41        72463.41        951.00         

工件 86:
  86       0               打印机1            0.00            26835.06        26835.06       
  86       1               批处理机1           26835.06        27660.06        825.00         
  86       2               离散机7            30965.06        31982.06        1017.00        
  86       3               离散机4            36748.06        38394.06        1646.00        
  86       4               离散机8            38394.06        40147.06        1753.00        
  86       5               离散机2            60757.41        61841.41        1084.00        

工件 87:
  87       0               打印机2            0.00            21303.94        21303.94       
  87       1               批处理机1           21303.94        22128.94        825.00         
  87       2               离散机5            22128.94        23053.94        925.00         
  87       3               离散机10           25125.94        26227.94        1102.00        

工件 88:
  88       0               打印机3            0.00            46122.23        46122.23       
  88       1               批处理机1           46122.23        46947.23        825.00         
  88       2               离散机8            48107.92        49668.92        1561.00        
  88       3               离散机9            58486.41        59527.41        1041.00        
  88       4               离散机8            66597.41        67570.41        973.00         
  88       5               离散机2            70612.41        71512.41        900.00         

工件 89:
  89       0               打印机1            0.00            26835.06        26835.06       
  89       1               批处理机1           26835.06        27660.06        825.00         
  89       2               离散机7            27660.06        29348.06        1688.00        
  89       3               离散机8            31468.94        32628.94        1160.00        
  89       4               离散机7            60664.92        61700.92        1036.00        
  89       5               离散机1            62074.41        63713.41        1639.00        

工件 90:
  90       0               打印机5            22350.90        38918.67        16567.77       
  90       1               批处理机1           38918.67        39743.67        825.00         
  90       2               离散机1            39743.67        40969.67        1226.00        
  90       3               离散机10           40969.67        42520.67        1551.00        
  90       4               离散机10           42520.67        43670.67        1150.00        
  90       5               离散机8            45119.92        46525.92        1406.00        
  90       6               离散机9            46525.92        47628.92        1103.00        
  90       7               离散机3            48978.23        50022.23        1044.00        
  90       8               离散机3            50022.23        51237.23        1215.00        
  90       9               离散机8            67570.41        68861.41        1291.00        

工件 91:
  91       0               打印机5            22350.90        38918.67        16567.77       
  91       1               批处理机1           38918.67        39743.67        825.00         
  91       2               离散机2            40706.67        41673.67        967.00         
  91       3               离散机9            42497.92        43638.92        1141.00        
  91       4               离散机1            43638.92        44667.92        1029.00        
  91       5               离散机1            50574.23        52223.23        1649.00        
  91       6               离散机2            64889.41        66137.41        1248.00        

工件 92:
  92       0               打印机3            0.00            46122.23        46122.23       
  92       1               批处理机1           46122.23        46947.23        825.00         
  92       2               离散机7            48064.92        49720.92        1656.00        
  92       3               离散机8            53973.92        55136.92        1163.00        
  92       4               离散机9            67122.41        68042.41        920.00         

工件 93:
  93       0               打印机1            26835.06        39329.92        12494.86       
  93       1               批处理机2           39329.92        40459.92        1130.00        

工件 94:
  94       0               打印机1            0.00            26835.06        26835.06       
  94       1               批处理机1           26835.06        27660.06        825.00         
  94       2               离散机2            27660.06        28985.06        1325.00        
  94       3               离散机9            29361.06        30265.06        904.00         
  94       4               离散机5            30265.06        31237.06        972.00         
  94       5               离散机3            31237.06        32682.06        1445.00        
  94       6               离散机2            36619.06        38336.06        1717.00        
  94       7               离散机7            51078.92        52175.92        1097.00        
  94       8               离散机6            54314.41        55301.41        987.00         
  94       9               离散机1            59810.41        60894.41        1084.00        

工件 95:
  95       0               打印机5            38918.67        51727.41        12808.73       
  95       1               批处理机1           51727.41        52552.41        825.00         
  95       2               离散机5            53926.41        55597.41        1671.00        
  95       3               离散机5            68073.59        69190.59        1117.00        

工件 96:
  96       0               打印机2            44302.00        51841.24        7539.24        
  96       1               批处理机2           51841.24        52971.24        1130.00        
  96       2               离散机2            53821.38        55019.38        1198.00        

工件 97:
  97       0               打印机2            21303.94        44302.00        22998.06       
  97       1               批处理机1           44302.00        45127.00        825.00         
  97       2               离散机3            45127.00        46384.00        1257.00        

工件 98:
  98       0               打印机5            38918.67        51727.41        12808.73       
  98       1               批处理机1           51727.41        52552.41        825.00         
  98       2               离散机9            52552.41        54054.41        1502.00        
  98       3               离散机3            54054.41        55780.41        1726.00        
  98       4               离散机2            56215.41        57120.41        905.00         
  98       5               离散机4            57159.41        58098.41        939.00         
  98       6               离散机2            59524.41        60757.41        1233.00        
  98       7               离散机1            66196.41        67876.41        1680.00        

工件 99:
  99       0               打印机4            0.00            15617.61        15617.61       
  99       1               批处理机1           15617.61        16442.61        825.00         
  99       2               离散机6            16442.61        17582.61        1140.00        
  99       3               离散机5            17582.61        18501.61        919.00         
  99       4               离散机5            18501.61        19693.61        1192.00        
  99       5               离散机10           20048.61        21151.61        1103.00        
  99       6               离散机4            21151.61        22081.61        930.00         
  99       7               离散机8            24326.94        25534.94        1208.00        
  99       8               离散机5            28731.06        29743.06        1012.00        
  99       9               离散机6            38552.94        39605.94        1053.00        

【机器加工顺序记录】
----------------------------------------------------------------------------------------------------

打印机1:
工件号      工序号             开始时间            结束时间            加工时长           
--------------------------------------------------------------------------------
  1        0               0.00            26835.06        26835.06       
  7        0               0.00            26835.06        26835.06       
  10       0               0.00            26835.06        26835.06       
  14       0               0.00            26835.06        26835.06       
  22       0               0.00            26835.06        26835.06       
  25       0               0.00            26835.06        26835.06       
  40       0               0.00            26835.06        26835.06       
  46       0               0.00            26835.06        26835.06       
  48       0               0.00            26835.06        26835.06       
  54       0               0.00            26835.06        26835.06       
  57       0               0.00            26835.06        26835.06       
  60       0               0.00            26835.06        26835.06       
  66       0               0.00            26835.06        26835.06       
  67       0               0.00            26835.06        26835.06       
  70       0               0.00            26835.06        26835.06       
  72       0               0.00            26835.06        26835.06       
  79       0               0.00            26835.06        26835.06       
  86       0               0.00            26835.06        26835.06       
  89       0               0.00            26835.06        26835.06       
  94       0               0.00            26835.06        26835.06       
  6        0               26835.06        39329.92        12494.86       
  15       0               26835.06        39329.92        12494.86       
  17       0               26835.06        39329.92        12494.86       
  18       0               26835.06        39329.92        12494.86       
  19       0               26835.06        39329.92        12494.86       
  30       0               26835.06        39329.92        12494.86       
  33       0               26835.06        39329.92        12494.86       
  35       0               26835.06        39329.92        12494.86       
  53       0               26835.06        39329.92        12494.86       
  93       0               26835.06        39329.92        12494.86       
  13       0               39329.92        49278.38        9948.46        
  82       0               39329.92        49278.38        9948.46        

  机器利用率: 924.70% (忙碌时间: 681546.72 / 总时间: 73704.92)

打印机2:
工件号      工序号             开始时间            结束时间            加工时长           
--------------------------------------------------------------------------------
  5        0               0.00            21303.94        21303.94       
  12       0               0.00            21303.94        21303.94       
  36       0               0.00            21303.94        21303.94       
  44       0               0.00            21303.94        21303.94       
  55       0               0.00            21303.94        21303.94       
  56       0               0.00            21303.94        21303.94       
  58       0               0.00            21303.94        21303.94       
  74       0               0.00            21303.94        21303.94       
  76       0               0.00            21303.94        21303.94       
  81       0               0.00            21303.94        21303.94       
  84       0               0.00            21303.94        21303.94       
  85       0               0.00            21303.94        21303.94       
  87       0               0.00            21303.94        21303.94       
  3        0               21303.94        44302.00        22998.06       
  31       0               21303.94        44302.00        22998.06       
  65       0               21303.94        44302.00        22998.06       
  71       0               21303.94        44302.00        22998.06       
  97       0               21303.94        44302.00        22998.06       
  96       0               44302.00        51841.24        7539.24        

  机器利用率: 542.00% (忙碌时间: 399480.76 / 总时间: 73704.92)

打印机3:
工件号      工序号             开始时间            结束时间            加工时长           
--------------------------------------------------------------------------------
  0        0               0.00            46122.23        46122.23       
  8        0               0.00            46122.23        46122.23       
  43       0               0.00            46122.23        46122.23       
  50       0               0.00            46122.23        46122.23       
  59       0               0.00            46122.23        46122.23       
  75       0               0.00            46122.23        46122.23       
  77       0               0.00            46122.23        46122.23       
  88       0               0.00            46122.23        46122.23       
  92       0               0.00            46122.23        46122.23       

  机器利用率: 563.19% (忙碌时间: 415100.08 / 总时间: 73704.92)

打印机4:
工件号      工序号             开始时间            结束时间            加工时长           
--------------------------------------------------------------------------------
  11       0               0.00            15617.61        15617.61       
  26       0               0.00            15617.61        15617.61       
  27       0               0.00            15617.61        15617.61       
  39       0               0.00            15617.61        15617.61       
  63       0               0.00            15617.61        15617.61       
  99       0               0.00            15617.61        15617.61       

  机器利用率: 127.14% (忙碌时间: 93705.65 / 总时间: 73704.92)

打印机5:
工件号      工序号             开始时间            结束时间            加工时长           
--------------------------------------------------------------------------------
  2        0               0.00            22350.90        22350.90       
  4        0               0.00            22350.90        22350.90       
  16       0               0.00            22350.90        22350.90       
  20       0               0.00            22350.90        22350.90       
  29       0               0.00            22350.90        22350.90       
  34       0               0.00            22350.90        22350.90       
  47       0               0.00            22350.90        22350.90       
  51       0               0.00            22350.90        22350.90       
  73       0               0.00            22350.90        22350.90       
  23       0               22350.90        38918.67        16567.77       
  37       0               22350.90        38918.67        16567.77       
  38       0               22350.90        38918.67        16567.77       
  41       0               22350.90        38918.67        16567.77       
  42       0               22350.90        38918.67        16567.77       
  62       0               22350.90        38918.67        16567.77       
  64       0               22350.90        38918.67        16567.77       
  69       0               22350.90        38918.67        16567.77       
  80       0               22350.90        38918.67        16567.77       
  90       0               22350.90        38918.67        16567.77       
  91       0               22350.90        38918.67        16567.77       
  9        0               38918.67        51727.41        12808.73       
  21       0               38918.67        51727.41        12808.73       
  24       0               38918.67        51727.41        12808.73       
  28       0               38918.67        51727.41        12808.73       
  32       0               38918.67        51727.41        12808.73       
  45       0               38918.67        51727.41        12808.73       
  52       0               38918.67        51727.41        12808.73       
  61       0               38918.67        51727.41        12808.73       
  83       0               38918.67        51727.41        12808.73       
  95       0               38918.67        51727.41        12808.73       
  98       0               38918.67        51727.41        12808.73       
  49       0               51727.41        58897.59        7170.18        
  68       0               51727.41        58897.59        7170.18        
  78       0               51727.41        58897.59        7170.18        

  机器利用率: 740.53% (忙碌时间: 545810.24 / 总时间: 73704.92)

批处理机1:
工件号      工序号             开始时间            结束时间            加工时长           
--------------------------------------------------------------------------------
  11       1               15617.61        16442.61        825.00         
  26       1               15617.61        16442.61        825.00         
  27       1               15617.61        16442.61        825.00         
  39       1               15617.61        16442.61        825.00         
  63       1               15617.61        16442.61        825.00         
  99       1               15617.61        16442.61        825.00         
  5        1               21303.94        22128.94        825.00         
  12       1               21303.94        22128.94        825.00         
  36       1               21303.94        22128.94        825.00         
  44       1               21303.94        22128.94        825.00         
  55       1               21303.94        22128.94        825.00         
  56       1               21303.94        22128.94        825.00         
  58       1               21303.94        22128.94        825.00         
  74       1               21303.94        22128.94        825.00         
  76       1               21303.94        22128.94        825.00         
  81       1               21303.94        22128.94        825.00         
  84       1               21303.94        22128.94        825.00         
  85       1               21303.94        22128.94        825.00         
  87       1               21303.94        22128.94        825.00         
  2        1               22350.90        23175.90        825.00         
  4        1               22350.90        23175.90        825.00         
  16       1               22350.90        23175.90        825.00         
  20       1               22350.90        23175.90        825.00         
  29       1               22350.90        23175.90        825.00         
  34       1               22350.90        23175.90        825.00         
  47       1               22350.90        23175.90        825.00         
  51       1               22350.90        23175.90        825.00         
  73       1               22350.90        23175.90        825.00         
  1        1               26835.06        27660.06        825.00         
  7        1               26835.06        27660.06        825.00         
  10       1               26835.06        27660.06        825.00         
  14       1               26835.06        27660.06        825.00         
  22       1               26835.06        27660.06        825.00         
  25       1               26835.06        27660.06        825.00         
  40       1               26835.06        27660.06        825.00         
  46       1               26835.06        27660.06        825.00         
  48       1               26835.06        27660.06        825.00         
  54       1               26835.06        27660.06        825.00         
  57       1               26835.06        27660.06        825.00         
  60       1               26835.06        27660.06        825.00         
  66       1               26835.06        27660.06        825.00         
  67       1               26835.06        27660.06        825.00         
  70       1               26835.06        27660.06        825.00         
  72       1               26835.06        27660.06        825.00         
  79       1               26835.06        27660.06        825.00         
  86       1               26835.06        27660.06        825.00         
  89       1               26835.06        27660.06        825.00         
  94       1               26835.06        27660.06        825.00         
  23       1               38918.67        39743.67        825.00         
  37       1               38918.67        39743.67        825.00         
  38       1               38918.67        39743.67        825.00         
  41       1               38918.67        39743.67        825.00         
  42       1               38918.67        39743.67        825.00         
  62       1               38918.67        39743.67        825.00         
  64       1               38918.67        39743.67        825.00         
  69       1               38918.67        39743.67        825.00         
  80       1               38918.67        39743.67        825.00         
  90       1               38918.67        39743.67        825.00         
  91       1               38918.67        39743.67        825.00         
  3        1               44302.00        45127.00        825.00         
  31       1               44302.00        45127.00        825.00         
  65       1               44302.00        45127.00        825.00         
  71       1               44302.00        45127.00        825.00         
  97       1               44302.00        45127.00        825.00         
  0        1               46122.23        46947.23        825.00         
  8        1               46122.23        46947.23        825.00         
  43       1               46122.23        46947.23        825.00         
  50       1               46122.23        46947.23        825.00         
  59       1               46122.23        46947.23        825.00         
  75       1               46122.23        46947.23        825.00         
  77       1               46122.23        46947.23        825.00         
  88       1               46122.23        46947.23        825.00         
  92       1               46122.23        46947.23        825.00         
  13       1               49278.38        50103.38        825.00         
  82       1               49278.38        50103.38        825.00         
  9        1               51727.41        52552.41        825.00         
  21       1               51727.41        52552.41        825.00         
  24       1               51727.41        52552.41        825.00         
  28       1               51727.41        52552.41        825.00         
  32       1               51727.41        52552.41        825.00         
  45       1               51727.41        52552.41        825.00         
  52       1               51727.41        52552.41        825.00         
  61       1               51727.41        52552.41        825.00         
  83       1               51727.41        52552.41        825.00         
  95       1               51727.41        52552.41        825.00         
  98       1               51727.41        52552.41        825.00         
  49       1               58897.59        59722.59        825.00         
  68       1               58897.59        59722.59        825.00         
  78       1               58897.59        59722.59        825.00         

  机器利用率: 99.62% (忙碌时间: 73425.00 / 总时间: 73704.92)

批处理机2:
工件号      工序号             开始时间            结束时间            加工时长           
--------------------------------------------------------------------------------
  6        1               39329.92        40459.92        1130.00        
  15       1               39329.92        40459.92        1130.00        
  17       1               39329.92        40459.92        1130.00        
  18       1               39329.92        40459.92        1130.00        
  19       1               39329.92        40459.92        1130.00        
  30       1               39329.92        40459.92        1130.00        
  33       1               39329.92        40459.92        1130.00        
  35       1               39329.92        40459.92        1130.00        
  53       1               39329.92        40459.92        1130.00        
  93       1               39329.92        40459.92        1130.00        
  96       1               51841.24        52971.24        1130.00        

  机器利用率: 16.86% (忙碌时间: 12430.00 / 总时间: 73704.92)

离散机1:
工件号      工序号             开始时间            结束时间            加工时长           
--------------------------------------------------------------------------------
  63       4               19053.61        20112.61        1059.00        
  27       5               21421.61        22761.61        1340.00        
  12       3               23360.94        24489.94        1129.00        
  12       4               24489.94        26082.94        1593.00        
  34       4               27641.94        29236.94        1595.00        
  22       3               29808.06        30708.06        900.00         
  81       6               30708.06        31938.06        1230.00        
  5        3               31938.06        33700.06        1762.00        
  34       7               35638.06        36952.06        1314.00        
  22       6               37563.06        38685.06        1122.00        
  90       2               39743.67        40969.67        1226.00        
  85       8               40969.67        42188.67        1219.00        
  4        5               42188.67        43378.67        1190.00        
  91       4               43638.92        44667.92        1029.00        
  30       5               45059.67        46758.67        1699.00        
  8        2               46947.23        47981.23        1034.00        
  77       3               48346.23        49613.23        1267.00        
  38       5               49613.23        50574.23        961.00         
  91       5               50574.23        52223.23        1649.00        
  83       2               52552.41        53907.41        1355.00        
  52       3               53926.41        55023.41        1097.00        
  24       2               55023.41        56565.41        1542.00        
  9        4               56565.41        57648.41        1083.00        
  59       3               57648.41        58799.41        1151.00        
  18       7               58799.41        59810.41        1011.00        
  94       9               59810.41        60894.41        1084.00        
  80       5               60894.41        62074.41        1180.00        
  89       5               62074.41        63713.41        1639.00        
  76       8               63713.41        65188.41        1475.00        
  23       7               65188.41        66196.41        1008.00        
  98       7               66196.41        67876.41        1680.00        
  40       8               68088.59        69407.59        1319.00        
  30       8               69407.59        70968.59        1561.00        
  38       9               70968.59        72433.59        1465.00        

  机器利用率: 59.65% (忙碌时间: 43968.00 / 总时间: 73704.92)

离散机2:
工件号      工序号             开始时间            结束时间            加工时长           
--------------------------------------------------------------------------------
  26       3               20048.61        21089.61        1041.00        
  85       2               22128.94        23157.94        1029.00        
  76       2               23157.94        24271.94        1114.00        
  20       2               24271.94        25911.94        1640.00        
  4        2               25911.94        27591.94        1680.00        
  94       2               27660.06        28985.06        1325.00        
  5        2               28985.06        30554.06        1569.00        
  54       3               30965.06        32365.06        1400.00        
  40       2               32365.06        34101.06        1736.00        
  85       4               34101.06        35008.06        907.00         
  56       5               35008.06        36619.06        1611.00        
  94       6               36619.06        38336.06        1717.00        
  40       4               38336.06        39685.06        1349.00        
  38       2               39743.67        40706.67        963.00         
  91       2               40706.67        41673.67        967.00         
  38       3               41673.67        42655.67        982.00         
  30       3               42655.67        43663.67        1008.00        
  6        3               43663.67        44574.67        911.00         
  71       2               45127.00        46299.00        1172.00        
  38       4               46299.00        47657.00        1358.00        
  69       4               47657.00        48661.00        1004.00        
  64       5               48661.00        50215.00        1554.00        
  80       3               50215.00        51202.00        987.00         
  13       3               51327.38        52306.38        979.00         
  71       6               52306.38        53821.38        1515.00        
  96       2               53821.38        55019.38        1198.00        
  52       4               55023.41        56215.41        1192.00        
  98       4               56215.41        57120.41        905.00         
  17       2               57120.41        58549.41        1429.00        
  19       6               58549.41        59524.41        975.00         
  98       6               59524.41        60757.41        1233.00        
  86       5               60757.41        61841.41        1084.00        
  31       3               61841.41        62915.41        1074.00        
  72       3               62915.41        63871.41        956.00         
  18       8               63871.41        64889.41        1018.00        
  91       6               64889.41        66137.41        1248.00        
  36       8               66137.41        67132.41        995.00         
  25       4               67132.41        68604.41        1472.00        
  23       8               68604.41        69678.41        1074.00        
  9        8               69678.41        70612.41        934.00         
  88       5               70612.41        71512.41        900.00         
  85       9               71512.41        72463.41        951.00         
  65       3               72463.41        73395.41        932.00         

  机器利用率: 69.31% (忙碌时间: 51088.00 / 总时间: 73704.92)

离散机3:
工件号      工序号             开始时间            结束时间            加工时长           
--------------------------------------------------------------------------------
  11       2               16442.61        17629.61        1187.00        
  63       3               17629.61        19053.61        1424.00        
  11       3               19053.61        20160.61        1107.00        
  84       2               22128.94        23417.94        1289.00        
  29       2               23417.94        24723.94        1306.00        
  56       2               24723.94        26495.94        1772.00        
  73       2               26495.94        27975.94        1480.00        
  70       2               27975.94        29353.94        1378.00        
  51       4               29353.94        30709.94        1356.00        
  94       5               31237.06        32682.06        1445.00        
  67       4               32682.06        34039.06        1357.00        
  11       6               34039.06        34984.06        945.00         
  26       4               34984.06        36065.06        1081.00        
  74       6               36312.06        37654.06        1342.00        
  44       4               37654.06        39017.06        1363.00        
  4        4               39017.06        40390.06        1373.00        
  35       2               40459.92        41459.92        1000.00        
  62       3               41459.92        42624.92        1165.00        
  64       3               42718.67        43847.67        1129.00        
  44       5               43847.67        44772.67        925.00         
  97       2               45127.00        46384.00        1257.00        
  31       2               46384.00        47661.00        1277.00        
  8        3               47981.23        48978.23        997.00         
  90       7               48978.23        50022.23        1044.00        
  90       8               50022.23        51237.23        1215.00        
  34       8               51237.23        52398.23        1161.00        
  41       3               52398.23        53973.23        1575.00        
  98       3               54054.41        55780.41        1726.00        
  21       4               55780.41        56857.41        1077.00        
  21       5               56857.41        57858.41        1001.00        
  20       8               57858.41        59101.41        1243.00        
  40       6               59328.41        61104.41        1776.00        
  76       7               61104.41        62507.41        1403.00        
  33       8               62507.41        63517.41        1010.00        
  78       4               63804.59        65080.59        1276.00        
  48       4               65080.59        66500.59        1420.00        
  78       6               66592.59        67875.59        1283.00        
  64       7               67875.59        68877.59        1002.00        
  75       8               68877.59        70441.59        1564.00        
  75       9               70441.59        71410.59        969.00         
  18       9               71410.59        73154.59        1744.00        

  机器利用率: 71.15% (忙碌时间: 52444.00 / 总时间: 73704.92)

离散机4:
工件号      工序号             开始时间            结束时间            加工时长           
--------------------------------------------------------------------------------
  99       6               21151.61        22081.61        930.00         
  76       3               24271.94        25388.94        1117.00        
  14       2               27660.06        28719.06        1059.00        
  22       2               28719.06        29808.06        1089.00        
  67       3               29808.06        31250.06        1442.00        
  58       5               31250.06        32429.06        1179.00        
  22       4               32429.06        33448.06        1019.00        
  7        3               33611.94        34861.94        1250.00        
  85       5               35008.06        36748.06        1740.00        
  86       3               36748.06        38394.06        1646.00        
  66       5               38394.06        39434.06        1040.00        
  20       7               39434.06        40426.06        992.00         
  6        2               40459.92        41902.92        1443.00        
  41       2               41902.92        43056.92        1154.00        
  53       3               43056.92        44356.92        1300.00        
  33       4               44356.92        45794.92        1438.00        
  37       2               45794.92        46740.92        946.00         
  77       2               46947.23        48346.23        1399.00        
  75       2               48346.23        49770.23        1424.00        
  33       6               49770.23        50922.23        1152.00        
  23       4               50922.23        51850.23        928.00         
  21       2               52552.41        53643.41        1091.00        
  9        3               54314.41        56111.41        1797.00        
  19       5               56111.41        57159.41        1048.00        
  98       5               57159.41        58098.41        939.00         
  45       6               58486.41        59498.41        1012.00        
  58       8               59498.41        60481.41        983.00         
  49       3               60631.59        62324.59        1693.00        
  64       6               62324.59        64013.59        1689.00        
  74       8               64013.59        65633.59        1620.00        
  78       5               65633.59        66592.59        959.00         
  40       7               66592.59        68088.59        1496.00        
  19       7               68088.59        69636.59        1548.00        
  46       3               69636.59        70822.59        1186.00        
  81       7               70822.59        72095.59        1273.00        
  4        7               72095.59        73045.59        950.00         

  机器利用率: 61.01% (忙碌时间: 44971.00 / 总时间: 73704.92)

离散机5:
工件号      工序号             开始时间            结束时间            加工时长           
--------------------------------------------------------------------------------
  39       2               16442.61        17485.61        1043.00        
  99       3               17582.61        18501.61        919.00         
  99       4               18501.61        19693.61        1192.00        
  39       4               19693.61        20684.61        991.00         
  87       2               22128.94        23053.94        925.00         
  34       2               23175.90        24165.90        990.00         
  36       3               24165.90        25576.90        1411.00        
  44       2               25576.90        26691.90        1115.00        
  46       2               27660.06        28731.06        1071.00        
  99       8               28731.06        29743.06        1012.00        
  94       4               30265.06        31237.06        972.00         
  66       3               31237.06        32917.06        1680.00        
  74       4               32917.06        34605.06        1688.00        
  34       6               34605.06        35638.06        1033.00        
  54       4               35638.06        36596.06        958.00         
  85       6               36748.06        37861.06        1113.00        
  20       6               37861.06        38931.06        1070.00        
  29       5               38931.06        40032.06        1101.00        
  19       2               40459.92        42003.92        1544.00        
  69       3               42003.92        43640.92        1637.00        
  76       5               43640.92        44676.92        1036.00        
  6        4               44676.92        46195.92        1519.00        
  43       2               46947.23        48682.23        1735.00        
  51       6               48682.23        50024.23        1342.00        
  13       2               50103.38        51327.38        1224.00        
  8        5               51327.38        52497.38        1170.00        
  52       2               52552.41        53926.41        1374.00        
  95       2               53926.41        55597.41        1671.00        
  83       3               55597.41        56554.41        957.00         
  45       4               56562.41        57470.41        908.00         
  48       3               57470.41        58383.41        913.00         
  80       4               58383.41        59765.41        1382.00        
  45       7               59765.41        60680.41        915.00         
  34       9               60680.41        62276.41        1596.00        
  49       4               62324.59        63296.59        972.00         
  49       5               63296.59        64546.59        1250.00        
  39       6               64546.59        65810.59        1264.00        
  9        6               66051.59        67025.59        974.00         
  66       8               67025.59        68073.59        1048.00        
  95       3               68073.59        69190.59        1117.00        
  32       2               69190.59        70185.59        995.00         
  49       7               70316.41        71593.41        1277.00        
  78       8               71593.41        72759.41        1166.00        

  机器利用率: 69.56% (忙碌时间: 51270.00 / 总时间: 73704.92)

离散机6:
工件号      工序号             开始时间            结束时间            加工时长           
--------------------------------------------------------------------------------
  99       2               16442.61        17582.61        1140.00        
  27       2               17582.61        18861.61        1279.00        
  27       3               18861.61        20230.61        1369.00        
  27       4               20230.61        21421.61        1191.00        
  11       5               21421.61        22380.61        959.00         
  51       2               23175.90        24770.90        1595.00        
  51       3               24770.90        26461.90        1691.00        
  56       3               26495.94        27852.94        1357.00        
  74       3               27852.94        28963.94        1111.00        
  84       5               28963.94        30020.94        1057.00        
  14       3               30020.94        30945.94        925.00         
  73       3               30945.94        32192.94        1247.00        
  7        2               32192.94        33611.94        1419.00        
  56       4               33611.94        34707.94        1096.00        
  58       6               34707.94        36394.94        1687.00        
  51       5               36394.94        37525.94        1131.00        
  16       3               37525.94        38552.94        1027.00        
  99       9               38552.94        39605.94        1053.00        
  62       2               39743.67        41370.67        1627.00        
  64       2               41370.67        42718.67        1348.00        
  15       3               42718.67        43784.67        1066.00        
  29       6               43784.67        45426.67        1642.00        
  33       5               45794.92        47095.92        1301.00        
  53       4               47095.92        48672.92        1577.00        
  71       4               48672.92        49923.92        1251.00        
  77       4               49923.92        50897.92        974.00         
  69       6               51078.92        52295.92        1217.00        
  9        2               52552.41        54314.41        1762.00        
  94       8               54314.41        55301.41        987.00         
  50       3               55301.41        57002.41        1701.00        
  8        7               57002.41        58601.41        1599.00        
  52       6               58601.41        59686.41        1085.00        
  75       6               59686.41        60796.41        1110.00        
  39       5               60796.41        62130.41        1334.00        
  24       4               62130.41        63858.41        1728.00        
  51       7               63858.41        65095.41        1237.00        
  66       7               65392.92        66872.92        1480.00        
  9        7               67025.59        68010.59        985.00         
  48       5               68010.59        68914.59        904.00         
  5        4               68914.59        70023.59        1109.00        
  29       8               70023.59        71190.59        1167.00        

  机器利用率: 71.26% (忙碌时间: 52525.00 / 总时间: 73704.92)

离散机7:
工件号      工序号             开始时间            结束时间            加工时长           
--------------------------------------------------------------------------------
  11       4               20160.61        21301.61        1141.00        
  12       2               22128.94        23360.94        1232.00        
  84       3               23417.94        24362.94        945.00         
  84       4               24362.94        25689.94        1327.00        
  81       4               25689.94        27266.94        1577.00        
  89       2               27660.06        29348.06        1688.00        
  54       2               29348.06        30965.06        1617.00        
  86       2               30965.06        31982.06        1017.00        
  14       4               31982.06        33028.06        1046.00        
  25       2               33028.06        34287.06        1259.00        
  72       2               34287.06        35874.06        1587.00        
  44       3               35874.06        36918.06        1044.00        
  40       3               36918.06        38091.06        1173.00        
  36       5               38091.06        39173.06        1082.00        
  36       6               39173.06        40372.06        1199.00        
  53       2               40459.92        41614.92        1155.00        
  33       2               41614.92        42767.92        1153.00        
  33       3               42767.92        43901.92        1134.00        
  23       2               43901.92        45094.92        1193.00        
  18       5               45094.92        46496.92        1402.00        
  71       3               46496.92        48064.92        1568.00        
  92       2               48064.92        49720.92        1656.00        
  69       5               49720.92        51078.92        1358.00        
  94       7               51078.92        52175.92        1097.00        
  58       7               52175.92        53255.92        1080.00        
  8        6               53255.92        54607.92        1352.00        
  48       2               54607.92        56090.92        1483.00        
  30       6               56090.92        57156.92        1066.00        
  23       5               57156.92        58559.92        1403.00        
  60       2               58559.92        59737.92        1178.00        
  76       6               59737.92        60664.92        927.00         
  89       4               60664.92        61700.92        1036.00        
  29       7               61700.92        62703.92        1003.00        
  23       6               62703.92        63844.92        1141.00        
  66       6               63844.92        65392.92        1548.00        
  25       3               65392.92        66366.92        974.00         
  6        5               66366.92        67983.92        1617.00        
  78       7               67983.92        69681.92        1698.00        
  4        6               69681.92        71402.92        1721.00        
  23       9               71402.92        72304.92        902.00         
  40       9               72304.92        73704.92        1400.00        

  机器利用率: 70.79% (忙碌时间: 52179.00 / 总时间: 73704.92)

离散机8:
工件号      工序号             开始时间            结束时间            加工时长           
--------------------------------------------------------------------------------
  81       2               22128.94        23172.94        1044.00        
  85       3               23172.94        24326.94        1154.00        
  99       7               24326.94        25534.94        1208.00        
  58       3               25682.94        26636.94        954.00         
  58       4               26636.94        27781.94        1145.00        
  29       3               27781.94        29087.94        1306.00        
  81       5               29087.94        30238.94        1151.00        
  29       4               30238.94        31468.94        1230.00        
  89       3               31468.94        32628.94        1160.00        
  66       4               32917.06        34136.06        1219.00        
  63       6               34136.06        35260.06        1124.00        
  11       7               35260.06        36375.06        1115.00        
  14       5               36375.06        37772.06        1397.00        
  86       4               38394.06        40147.06        1753.00        
  18       2               40459.92        41516.92        1057.00        
  18       3               41516.92        42928.92        1412.00        
  18       4               42928.92        44151.92        1223.00        
  80       2               44151.92        45119.92        968.00         
  90       5               45119.92        46525.92        1406.00        
  19       3               46525.92        48107.92        1582.00        
  88       2               48107.92        49668.92        1561.00        
  8        4               49668.92        50632.92        964.00         
  50       2               50632.92        51629.92        997.00         
  19       4               51629.92        52594.92        965.00         
  38       6               52594.92        53973.92        1379.00        
  92       3               53973.92        55136.92        1163.00        
  45       3               55258.41        56562.41        1304.00        
  24       3               56565.41        58317.41        1752.00        
  40       5               58317.41        59328.41        1011.00        
  74       7               59328.41        60648.41        1320.00        
  16       4               60648.41        61662.41        1014.00        
  8        8               61662.41        63103.41        1441.00        
  21       6               63103.41        64208.41        1105.00        
  69       9               64208.41        65328.41        1120.00        
  71       8               65328.41        66597.41        1269.00        
  88       4               66597.41        67570.41        973.00         
  90       9               67570.41        68861.41        1291.00        

  机器利用率: 61.38% (忙碌时间: 45237.00 / 总时间: 73704.92)

离散机9:
工件号      工序号             开始时间            结束时间            加工时长           
--------------------------------------------------------------------------------
  81       3               23172.94        24631.94        1459.00        
  58       2               24631.94        25682.94        1051.00        
  74       2               25682.94        26737.94        1055.00        
  34       3               26737.94        27641.94        904.00         
  67       2               27660.06        29361.06        1701.00        
  94       3               29361.06        30265.06        904.00         
  20       3               30265.06        31477.06        1212.00        
  79       2               31477.06        32395.06        918.00         
  20       4               32395.06        33722.06        1327.00        
  16       2               33722.06        34945.06        1223.00        
  36       4               34945.06        35917.06        972.00         
  4        3               35917.06        36855.06        938.00         
  56       6               36855.06        38004.06        1149.00        
  67       5               38004.06        39070.06        1066.00        
  76       4               39070.06        40381.06        1311.00        
  30       2               40459.92        41494.92        1035.00        
  15       2               41494.92        42497.92        1003.00        
  91       3               42497.92        43638.92        1141.00        
  42       2               43638.92        44792.92        1154.00        
  65       2               45127.00        46077.00        950.00         
  90       6               46525.92        47628.92        1103.00        
  23       3               47628.92        48857.92        1229.00        
  22       7               48857.92        49974.92        1117.00        
  82       2               50103.38        51203.38        1100.00        
  71       5               51203.38        52265.38        1062.00        
  98       2               52552.41        54054.41        1502.00        
  45       2               54054.41        55258.41        1204.00        
  75       4               55258.41        56352.41        1094.00        
  75       5               56352.41        57560.41        1208.00        
  45       5               57560.41        58486.41        926.00         
  88       3               58486.41        59527.41        1041.00        
  33       7               59527.41        60499.41        972.00         
  71       7               60499.41        62220.41        1721.00        
  63       7               62220.41        63207.41        987.00         
  75       7               63207.41        64508.41        1301.00        
  16       5               64508.41        65563.41        1055.00        
  30       7               65563.41        67122.41        1559.00        
  92       4               67122.41        68042.41        920.00         
  74       9               68042.41        69246.41        1204.00        
  49       6               69246.41        70316.41        1070.00        
  58       9               70316.41        71506.41        1190.00        
  71       9               71506.41        73033.41        1527.00        

  机器利用率: 65.89% (忙碌时间: 48565.00 / 总时间: 73704.92)

离散机10:
工件号      工序号             开始时间            结束时间            加工时长           
--------------------------------------------------------------------------------
  63       2               16442.61        17609.61        1167.00        
  39       3               17609.61        18768.61        1159.00        
  26       2               18768.61        20048.61        1280.00        
  99       5               20048.61        21151.61        1103.00        
  36       2               22128.94        23377.94        1249.00        
  63       5               23377.94        25125.94        1748.00        
  87       3               25125.94        26227.94        1102.00        
  66       2               27660.06        29173.06        1513.00        
  10       2               29173.06        30243.06        1070.00        
  34       5               30243.06        31343.06        1100.00        
  73       4               32192.94        33705.94        1513.00        
  20       5               33722.06        35155.06        1433.00        
  74       5               35155.06        36312.06        1157.00        
  22       5               36312.06        37563.06        1251.00        
  85       7               37861.06        38811.06        950.00         
  69       2               39743.67        40933.67        1190.00        
  90       3               40969.67        42520.67        1551.00        
  90       4               42520.67        43670.67        1150.00        
  30       4               43670.67        45059.67        1389.00        
  64       4               45059.67        45966.67        907.00         
  70       3               45966.67        46939.67        973.00         
  59       2               46947.23        48710.23        1763.00        
  37       3               48710.23        49705.23        995.00         
  75       3               49770.23        51401.23        1631.00        
  18       6               51401.23        52489.23        1088.00        
  7        4               52489.23        53561.23        1072.00        
  21       3               53643.41        54583.41        940.00         
  38       7               54583.41        56127.41        1544.00        
  52       5               56215.41        57211.41        996.00         
  69       7               57211.41        58385.41        1174.00        
  69       8               58385.41        59408.41        1023.00        
  49       2               59722.59        60631.59        909.00         
  78       2               60631.59        62323.59        1692.00        
  78       3               62323.59        63804.59        1481.00        
  36       7               63804.59        65147.59        1343.00        
  9        5               65147.59        66051.59        904.00         
  38       8               66051.59        67257.59        1206.00        
  56       7               67257.59        68695.59        1438.00        
  20       9               68695.59        69789.59        1094.00        
  19       8               69789.59        70795.59        1006.00        
  77       5               70795.59        71990.59        1195.00        
  37       4               71990.59        73569.59        1579.00        

  机器利用率: 70.59% (忙碌时间: 52028.00 / 总时间: 73704.92)

【打印批次详细信息】
----------------------------------------------------------------------------------------------------

打印机 1 (尺寸: 1136.0 x 515.0 x 661.0):
--------------------------------------------------------------------------------
  批次 1: 零件数=20, 占用率=89.22%
    - 67: 尺寸 81.0 x 82.0 x 197.0
    - 70: 尺寸 112.0 x 129.0 x 175.0
    - 46: 尺寸 133.0 x 129.0 x 51.0
    - 72: 尺寸 291.0 x 120.0 x 175.0
    - 66: 尺寸 449.0 x 246.0 x 170.0
    - 89: 尺寸 51.0 x 195.0 x 106.0
    - 40: 尺寸 54.0 x 130.0 x 66.0
    - 86: 尺寸 216.0 x 395.0 x 160.0
    - 14: 尺寸 94.0 x 179.0 x 59.0
    - 48: 尺寸 157.0 x 237.0 x 157.0
    - 22: 尺寸 112.0 x 141.0 x 122.0
    - 79: 尺寸 51.0 x 170.0 x 18.0
    - 54: 尺寸 52.0 x 132.0 x 29.0
    - 25: 尺寸 341.0 x 98.0 x 152.0
    - 10: 尺寸 108.0 x 196.0 x 80.0
    - 57: 尺寸 109.0 x 219.0 x 74.0
    - 94: 尺寸 94.0 x 170.0 x 52.0
    - 7: 尺寸 137.0 x 134.0 x 76.0
    - 60: 尺寸 156.0 x 134.0 x 49.0
    - 1: 尺寸 165.0 x 103.0 x 35.0
  批次 2: 零件数=10, 占用率=79.76%
    - 17: 尺寸 212.0 x 140.0 x 79.0
    - 6: 尺寸 653.0 x 138.0 x 80.0
    - 53: 尺寸 271.0 x 219.0 x 23.0
    - 35: 尺寸 360.0 x 117.0 x 67.0
    - 15: 尺寸 102.0 x 130.0 x 32.0
    - 33: 尺寸 183.0 x 154.0 x 59.0
    - 30: 尺寸 156.0 x 217.0 x 46.0
    - 93: 尺寸 324.0 x 223.0 x 10.0
    - 18: 尺寸 357.0 x 234.0 x 45.0
    - 19: 尺寸 105.0 x 136.0 x 90.0
  批次 3: 零件数=2, 占用率=62.82%
    - 82: 尺寸 714.0 x 320.0 x 71.0
    - 13: 尺寸 415.0 x 335.0 x 49.0

打印机 2 (尺寸: 848.0 x 530.0 x 684.0):
--------------------------------------------------------------------------------
  批次 1: 零件数=13, 占用率=91.43%
    - 58: 尺寸 477.0 x 155.0 x 91.0
    - 36: 尺寸 360.0 x 450.0 x 81.0
    - 12: 尺寸 273.0 x 155.0 x 98.0
    - 56: 尺寸 197.0 x 123.0 x 52.0
    - 84: 尺寸 56.0 x 71.0 x 27.0
    - 85: 尺寸 137.0 x 157.0 x 18.0
    - 76: 尺寸 61.0 x 122.0 x 80.0
    - 44: 尺寸 60.0 x 216.0 x 64.0
    - 87: 尺寸 117.0 x 157.0 x 86.0
    - 55: 尺寸 67.0 x 180.0 x 20.0
    - 81: 尺寸 95.0 x 78.0 x 49.0
    - 5: 尺寸 115.0 x 81.0 x 30.0
    - 74: 尺寸 217.0 x 71.0 x 13.0
  批次 2: 零件数=5, 占用率=83.42%
    - 31: 尺寸 646.0 x 320.0 x 106.0
    - 3: 尺寸 171.0 x 353.0 x 77.0
    - 71: 尺寸 241.0 x 207.0 x 87.0
    - 65: 尺寸 365.0 x 121.0 x 48.0
    - 97: 尺寸 123.0 x 112.0 x 51.0
  批次 3: 零件数=1, 占用率=60.47%
    - 96: 尺寸 757.0 x 359.0 x 33.0

打印机 3 (尺寸: 807.0 x 480.0 x 696.0):
--------------------------------------------------------------------------------
  批次 1: 零件数=9, 占用率=74.12%
    - 92: 尺寸 189.0 x 82.0 x 92.0
    - 8: 尺寸 384.0 x 231.0 x 105.0
    - 0: 尺寸 161.0 x 141.0 x 93.0
    - 59: 尺寸 247.0 x 176.0 x 64.0
    - 43: 尺寸 89.0 x 200.0 x 72.0
    - 77: 尺寸 185.0 x 191.0 x 20.0
    - 50: 尺寸 132.0 x 111.0 x 45.0
    - 88: 尺寸 95.0 x 181.0 x 92.0
    - 75: 尺寸 250.0 x 127.0 x 93.0

打印机 4 (尺寸: 1161.0 x 421.0 x 671.0):
--------------------------------------------------------------------------------
  批次 1: 零件数=6, 占用率=67.54%
    - 26: 尺寸 63.0 x 135.0 x 22.0
    - 39: 尺寸 633.0 x 340.0 x 37.0
    - 63: 尺寸 195.0 x 130.0 x 25.0
    - 99: 尺寸 103.0 x 87.0 x 37.0
    - 27: 尺寸 71.0 x 112.0 x 21.0
    - 11: 尺寸 343.0 x 187.0 x 14.0

打印机 5 (尺寸: 948.0 x 522.0 x 516.0):
--------------------------------------------------------------------------------
  批次 1: 零件数=9, 占用率=94.22%
    - 34: 尺寸 258.0 x 351.0 x 152.0
    - 29: 尺寸 627.0 x 359.0 x 52.0
    - 47: 尺寸 61.0 x 111.0 x 111.0
    - 51: 尺寸 62.0 x 111.0 x 130.0
    - 16: 尺寸 59.0 x 116.0 x 94.0
    - 2: 尺寸 196.0 x 141.0 x 133.0
    - 20: 尺寸 84.0 x 95.0 x 151.0
    - 4: 尺寸 169.0 x 128.0 x 107.0
    - 73: 尺寸 461.0 x 158.0 x 47.0
  批次 2: 零件数=11, 占用率=89.76%
    - 80: 尺寸 419.0 x 280.0 x 112.0
    - 64: 尺寸 331.0 x 236.0 x 99.0
    - 37: 尺寸 179.0 x 70.0 x 67.0
    - 42: 尺寸 171.0 x 329.0 x 43.0
    - 91: 尺寸 338.0 x 153.0 x 53.0
    - 38: 尺寸 410.0 x 154.0 x 97.0
    - 69: 尺寸 124.0 x 105.0 x 83.0
    - 41: 尺寸 219.0 x 117.0 x 68.0
    - 62: 尺寸 177.0 x 71.0 x 65.0
    - 90: 尺寸 70.0 x 69.0 x 76.0
    - 23: 尺寸 135.0 x 67.0 x 71.0
  批次 3: 零件数=11, 占用率=86.13%
    - 24: 尺寸 435.0 x 128.0 x 59.0
    - 61: 尺寸 468.0 x 120.0 x 73.0
    - 52: 尺寸 282.0 x 226.0 x 86.0
    - 83: 尺寸 214.0 x 241.0 x 78.0
    - 32: 尺寸 406.0 x 139.0 x 44.0
    - 9: 尺寸 152.0 x 139.0 x 52.0
    - 21: 尺寸 202.0 x 153.0 x 26.0
    - 98: 尺寸 170.0 x 165.0 x 32.0
    - 28: 尺寸 113.0 x 134.0 x 74.0
    - 95: 尺寸 209.0 x 161.0 x 32.0
    - 45: 尺寸 90.0 x 153.0 x 44.0
  批次 4: 零件数=3, 占用率=64.57%
    - 78: 尺寸 289.0 x 218.0 x 38.0
    - 49: 尺寸 439.0 x 204.0 x 36.0
    - 68: 尺寸 726.0 x 230.0 x 47.0

════════════════════════════════════════════════════════════════
