════════════════════════════════════════════════════════════════
              最优Cmax解的详细调度记录
════════════════════════════════════════════════════════════════

【基本信息】
----------------------------------------------------------------------------------------------------
Cmax (最大完工时间): 74395.37
能耗: 979.99 kWh
装箱质量: 0.4242
批次总数: 14
工件数量: 100
机器数量: 17 (打印机:5, 批处理机:2, 离散机:10)

【染色体编码】
----------------------------------------------------------------------------------------------------
工序序列 (OS): [18, 1, 23, 71, 8, 14, 52, 98, 39, 96, 68, 12, 56, 76, 19, 53, 42, 95, 5, 78, 9, 63, 51, 54, 4, 16, 29, 70, 50, 30, 24, 10, 37, 72, 92, 45, 83, 6, 61, 41, 81, 77, 33, 59, 64, 89, 87, 82, 84, 99, 69, 46, 94, 86, 60, 43, 35, 3, 2, 47, 26, 65, 80, 13, 36, 22, 67, 27, 28, 57, 93, 32, 31, 0, 90, 7, 34, 62, 75, 85, 44, 74, 73, 55, 25, 15, 58, 40, 49, 97, 38, 91, 48, 20, 21, 11, 66, 79, 88, 17, 96, 6, 17, 36, 93, 88, 72, 85, 26, 93, 1, 47, 26, 94, 34, 45, 92, 3, 83, 45, 30, 55, 37, 70, 4, 40, 66, 32, 99, 43, 10, 21, 74, 93, 17, 23, 69, 72, 54, 59, 33, 10, 59, 11, 14, 5, 67, 43, 58, 26, 23, 31, 99, 51, 87, 40, 30, 39, 69, 89, 41, 15, 13, 3, 23, 33, 36, 96, 17, 26, 75, 74, 6, 11, 45, 9, 13, 83, 32, 68, 46, 36, 23, 96, 81, 28, 1, 0, 58, 45, 8, 20, 69, 45, 43, 41, 25, 2, 72, 6, 18, 5, 49, 52, 52, 14, 6, 86, 11, 33, 87, 9, 72, 35, 65, 1, 20, 85, 69, 31, 50, 21, 72, 55, 71, 47, 40, 13, 39, 67, 15, 4, 69, 25, 89, 45, 30, 20, 66, 52, 41, 55, 26, 52, 62, 24, 0, 8, 20, 77, 11, 3, 30, 42, 96, 24, 83, 35, 33, 15, 8, 14, 81, 13, 32, 92, 52, 49, 99, 88, 59, 74, 32, 26, 71, 24, 44, 65, 86, 86, 28, 33, 47, 25, 71, 46, 39, 30, 0, 66, 16, 45, 10, 94, 28, 83, 10, 24, 67, 72, 58, 46, 52, 72, 37, 4, 14, 90, 36, 36, 4, 23, 36, 5, 11, 5, 58, 69, 57, 75, 4, 91, 64, 24, 69, 25, 0, 26, 17, 66, 66, 25, 60, 31, 96, 33, 78, 97, 23, 28, 40, 82, 57, 43, 7, 3, 75, 94, 31, 41, 17, 12, 94, 7, 34, 14, 8, 19, 41, 55, 67, 14, 13, 40, 14, 99, 75, 65, 32, 77, 73, 17, 8, 83, 13, 77, 59, 8, 15, 26, 65, 25, 46, 21, 75, 47, 46, 28, 30, 24, 10, 97, 97, 20, 55, 36, 4, 93, 14, 99, 94, 79, 46, 15, 99, 53, 86, 16, 94, 29, 7, 96, 3, 32, 5, 47, 34, 7, 23, 43, 42, 48, 96, 68, 59, 47, 41, 30, 29, 88, 30, 55, 82, 87, 37, 83, 47, 31, 5, 15, 68, 39, 53, 17, 7, 49, 24, 65]
机器选择 (MS): [2, 3, 2, 3, 1, 1, 2, 4, 4, 3, 2, 5, 4, 5, 5, 2, 1, 3, 2, 4, 3, 2, 5, 4, 4, 2, 3, 2, 5, 5, 3, 1, 1, 4, 4, 3, 1, 3, 1, 4, 2, 4, 1, 2, 2, 2, 5, 1, 5, 5, 3, 2, 1, 1, 1, 2, 4, 4, 3, 2, 4, 3, 3, 1, 1, 1, 2, 2, 3, 1, 3, 1, 5, 5, 1, 2, 5, 4, 2, 1, 5, 2, 1, 5, 1, 2, 5, 5, 4, 1, 5, 2, 2, 2, 5, 1, 4, 2, 2, 3, 3, 1, 1, 2, 2, 1, 1, 2, 1, 1, 1, 2, 1, 1, 2, 2, 3, 3, 1, 1, 1, 2, 1, 1, 3, 3, 1, 2, 2, 1, 2, 1, 2, 1, 1, 1, 1, 1, 1, 1, 2, 3, 1, 2, 2, 1, 2, 1, 1, 3, 3, 3, 1, 1, 2, 1, 3, 1, 2, 1, 2, 1, 1, 2, 1, 1, 3, 2, 1, 2, 2, 1, 2, 1, 2, 1, 1, 2, 1, 1, 1, 1, 2, 2, 2, 1, 2, 1, 2, 1, 1, 1, 1, 2, 1, 2, 1, 1, 1, 2, 3, 1, 3, 1, 1, 1, 2, 1, 3, 1, 1, 2, 1, 1, 1, 1, 3, 1, 2, 1, 1, 3, 1, 3, 1, 2, 3, 1, 1, 3, 1, 2, 2, 1, 1, 1, 3, 2, 1, 1, 1, 1, 1, 2, 2, 2, 2, 1, 2, 3, 1, 1, 2, 1, 2, 1, 3, 1, 3, 1, 2, 2, 2, 3, 3, 1, 1, 1, 1, 1, 1, 2, 1, 1, 2, 2, 2, 1, 1, 3, 2, 2, 1, 2, 1, 1, 1, 1, 1, 2, 1, 2, 1, 1, 1, 1, 3, 3, 1, 1, 1, 1, 1, 2, 1, 2, 3, 1, 1, 1, 1, 1, 2, 1, 1, 1, 1, 1, 2, 1, 1, 1, 2, 2, 1, 2, 1, 1, 1, 2, 1, 1, 1, 1, 1, 1, 2, 1, 2, 1, 2, 1, 2, 2, 1, 1, 2, 3, 1, 2, 1, 3, 1, 1, 1, 2, 3, 3, 1, 1, 1, 3, 3, 1, 2, 1, 1, 2, 1, 1, 1, 1, 1, 2, 1, 1, 1, 1, 2, 1, 1, 1, 1, 2, 1, 1, 2, 2, 1, 3, 1, 1, 3, 2, 1, 1, 1, 1, 1, 1, 2, 2, 1, 1, 1, 1, 1, 1, 1, 1, 1, 1, 1, 1, 1, 1, 2, 2, 1, 1, 2, 3, 2, 2, 1, 2, 1, 1, 2, 1, 2, 1, 1, 1, 1, 3, 1, 1, 3, 3, 1, 1, 1, 1, 1, 1, 1, 1]

【零件加工顺序记录】
----------------------------------------------------------------------------------------------------
工件号      工序号             机器号             开始时间            结束时间            加工时长           
----------------------------------------------------------------------------------------------------

工件 0:
  0        0               打印机5            0.00            38997.00        38997.00       
  0        1               批处理机2           38997.00        40061.00        1064.00        
  0        2               离散机6            43789.41        45375.41        1586.00        
  0        3               离散机2            45999.41        47631.41        1632.00        
  0        4               离散机1            47631.41        48546.41        915.00         
  0        5               离散机4            51546.15        53251.15        1705.00        

工件 1:
  1        0               打印机3            0.00            22788.90        22788.90       
  1        1               批处理机2           22788.90        23852.90        1064.00        
  1        2               离散机8            23852.90        25496.90        1644.00        
  1        3               离散机7            25496.90        27278.90        1782.00        
  1        4               离散机2            31266.90        32190.90        924.00         

工件 2:
  2        0               打印机3            44269.15        55009.27        10740.12       
  2        1               批处理机2           55009.27        56073.27        1064.00        
  2        2               离散机3            63172.00        64834.00        1662.00        

工件 3:
  3        0               打印机4            0.00            39993.41        39993.41       
  3        1               批处理机1           39993.41        41103.41        1110.00        
  3        2               离散机1            41103.41        42035.41        932.00         
  3        3               离散机7            42777.41        43906.41        1129.00        
  3        4               离散机2            47631.41        48629.41        998.00         
  3        5               离散机7            52825.15        53916.15        1091.00        
  3        6               离散机2            56033.41        57398.41        1365.00        

工件 4:
  4        0               打印机4            0.00            39993.41        39993.41       
  4        1               批处理机1           39993.41        41103.41        1110.00        
  4        2               离散机1            42035.41        43168.41        1133.00        
  4        3               离散机10           44549.00        45897.00        1348.00        
  4        4               离散机10           47546.00        49249.00        1703.00        
  4        5               离散机8            50078.41        50995.41        917.00         
  4        6               离散机8            50995.41        52453.41        1458.00        
  4        7               离散机6            66630.27        67968.27        1338.00        

工件 5:
  5        0               打印机2            0.00            26621.61        26621.61       
  5        1               批处理机2           26621.61        27685.61        1064.00        
  5        2               离散机1            27685.61        29358.61        1673.00        
  5        3               离散机8            33006.61        34302.61        1296.00        
  5        4               离散机2            41735.90        42655.90        920.00         
  5        5               离散机2            51884.41        53055.41        1171.00        
  5        6               离散机2            57398.41        58298.41        900.00         
  5        7               离散机8            70823.07        72300.07        1477.00        

工件 6:
  6        0               打印机3            0.00            22788.90        22788.90       
  6        1               批处理机2           22788.90        23852.90        1064.00        
  6        2               离散机6            23852.90        24857.90        1005.00        
  6        3               离散机2            24857.90        26522.90        1665.00        
  6        4               离散机3            26884.90        27840.90        956.00         
  6        5               离散机9            29683.90        30960.90        1277.00        

工件 7:
  7        0               打印机2            0.00            26621.61        26621.61       
  7        1               批处理机2           26621.61        27685.61        1064.00        
  7        2               离散机2            32190.90        33178.90        988.00         
  7        3               离散机8            44438.00        45654.00        1216.00        
  7        4               离散机1            55472.41        56398.41        926.00         
  7        5               离散机2            69677.00        71022.00        1345.00        
  7        6               离散机9            72376.07        73838.07        1462.00        

工件 8:
  8        0               打印机1            0.00            27255.90        27255.90       
  8        1               批处理机1           27255.90        28365.90        1110.00        
  8        2               离散机5            32766.61        34022.61        1256.00        
  8        3               离散机6            35138.90        36165.90        1027.00        
  8        4               离散机2            36165.90        37776.90        1611.00        
  8        5               离散机2            53055.41        54439.41        1384.00        
  8        6               离散机1            54439.41        55472.41        1033.00        
  8        7               离散机4            58849.95        60510.95        1661.00        

工件 9:
  9        0               打印机3            0.00            22788.90        22788.90       
  9        1               批处理机2           22788.90        23852.90        1064.00        
  9        2               离散机7            23852.90        25137.90        1285.00        
  9        3               离散机5            25137.90        26050.90        913.00         

工件 10:
  10       0               打印机1            0.00            27255.90        27255.90       
  10       1               批处理机1           27255.90        28365.90        1110.00        
  10       2               离散机6            31047.90        32051.90        1004.00        
  10       3               离散机7            32051.90        33774.90        1723.00        
  10       4               离散机5            44015.00        45795.00        1780.00        
  10       5               离散机2            50155.41        51884.41        1729.00        
  10       6               离散机8            55583.41        56916.41        1333.00        

工件 11:
  11       0               打印机1            0.00            27255.90        27255.90       
  11       1               批处理机1           27255.90        28365.90        1110.00        
  11       2               离散机3            28365.90        29746.90        1381.00        
  11       3               离散机8            29746.90        30762.90        1016.00        
  11       4               离散机4            35063.90        36718.90        1655.00        
  11       5               离散机8            36718.90        37656.90        938.00         
  11       6               离散机8            38844.90        39860.90        1016.00        

工件 12:
  12       0               打印机5            0.00            38997.00        38997.00       
  12       1               批处理机2           38997.00        40061.00        1064.00        
  12       2               离散机7            53916.15        55674.15        1758.00        

工件 13:
  13       0               打印机1            0.00            27255.90        27255.90       
  13       1               批处理机1           27255.90        28365.90        1110.00        
  13       2               离散机3            30843.90        32300.90        1457.00        
  13       3               离散机9            32300.90        33865.90        1565.00        
  13       4               离散机5            37545.90        39221.90        1676.00        
  13       5               离散机9            39503.90        41011.90        1508.00        
  13       6               离散机7            62731.00        64342.00        1611.00        
  13       7               离散机2            68696.00        69677.00        981.00         

工件 14:
  14       0               打印机1            0.00            27255.90        27255.90       
  14       1               批处理机1           27255.90        28365.90        1110.00        
  14       2               离散机2            29496.90        31266.90        1770.00        
  14       3               离散机4            33839.90        35063.90        1224.00        
  14       4               离散机6            36165.90        37256.90        1091.00        
  14       5               离散机3            37256.90        38686.90        1430.00        
  14       6               离散机7            46786.41        47907.41        1121.00        
  14       7               离散机6            54201.15        55413.15        1212.00        
  14       8               离散机10           65975.27        67232.27        1257.00        
  14       9               离散机8            69205.07        70823.07        1618.00        

工件 15:
  15       0               打印机2            26621.61        55480.07        28858.46       
  15       1               批处理机2           56073.27        57137.27        1064.00        
  15       2               离散机8            58189.27        59595.27        1406.00        
  15       3               离散机2            61654.00        63242.00        1588.00        
  15       4               离散机2            63242.00        64332.00        1090.00        
  15       5               离散机6            65304.27        66630.27        1326.00        
  15       6               离散机3            68228.00        69458.00        1230.00        
  15       7               离散机3            72902.37        73843.37        941.00         

工件 16:
  16       0               打印机2            0.00            26621.61        26621.61       
  16       1               批处理机2           26621.61        27685.61        1064.00        
  16       2               离散机2            39945.90        41735.90        1790.00        
  16       3               离散机7            64342.00        65911.00        1569.00        

工件 17:
  17       0               打印机3            44269.15        55009.27        10740.12       
  17       1               批处理机2           55009.27        56073.27        1064.00        
  17       2               离散机10           56073.27        57027.27        954.00         
  17       3               离散机6            57027.27        58265.27        1238.00        
  17       4               离散机9            58265.27        59250.27        985.00         
  17       5               离散机9            60829.27        61835.27        1006.00        
  17       6               离散机2            66102.00        67725.00        1623.00        
  17       7               离散机2            67725.00        68696.00        971.00         
  17       8               离散机6            72821.27        73740.27        919.00         

工件 18:
  18       0               打印机2            0.00            26621.61        26621.61       
  18       1               批处理机2           26621.61        27685.61        1064.00        
  18       2               离散机9            28541.90        29683.90        1142.00        

工件 19:
  19       0               打印机5            0.00            38997.00        38997.00       
  19       1               批处理机2           38997.00        40061.00        1064.00        
  19       2               离散机7            55674.15        57108.15        1434.00        

工件 20:
  20       0               打印机2            0.00            26621.61        26621.61       
  20       1               批处理机2           26621.61        27685.61        1064.00        
  20       2               离散机7            35138.90        36320.90        1182.00        
  20       3               离散机5            36320.90        37545.90        1225.00        
  20       4               离散机6            37545.90        38805.90        1260.00        
  20       5               离散机5            39221.90        40452.90        1231.00        
  20       6               离散机9            67568.07        68932.07        1364.00        

工件 21:
  21       0               打印机5            0.00            38997.00        38997.00       
  21       1               批处理机2           38997.00        40061.00        1064.00        
  21       2               离散机3            41583.00        43162.00        1579.00        
  21       3               离散机3            43162.00        44280.00        1118.00        
  21       4               离散机6            55413.15        56978.15        1565.00        

工件 22:
  22       0               打印机1            0.00            27255.90        27255.90       
  22       1               批处理机1           27255.90        28365.90        1110.00        

工件 23:
  23       0               打印机2            0.00            26621.61        26621.61       
  23       1               批处理机2           26621.61        27685.61        1064.00        
  23       2               离散机4            27685.61        29008.61        1323.00        
  23       3               离散机3            29746.90        30843.90        1097.00        
  23       4               离散机6            32051.90        33628.90        1577.00        
  23       5               离散机10           33628.90        35233.90        1605.00        
  23       6               离散机9            44217.00        45314.00        1097.00        
  23       7               离散机3            49465.41        51081.41        1616.00        
  23       8               离散机5            51317.00        52555.00        1238.00        

工件 24:
  24       0               打印机3            0.00            22788.90        22788.90       
  24       1               批处理机2           22788.90        23852.90        1064.00        
  24       2               离散机10           23852.90        25644.90        1792.00        
  24       3               离散机9            36605.90        38347.90        1742.00        
  24       4               离散机5            40452.90        41518.90        1066.00        
  24       5               离散机6            46727.41        48125.41        1398.00        
  24       6               离散机10           49249.00        50426.00        1177.00        
  24       7               离散机1            51096.15        52713.15        1617.00        
  24       8               离散机4            60510.95        61861.95        1351.00        

工件 25:
  25       0               打印机1            0.00            27255.90        27255.90       
  25       1               批处理机1           27255.90        28365.90        1110.00        
  25       2               离散机3            32300.90        33221.90        921.00         
  25       3               离散机2            33221.90        34547.90        1326.00        
  25       4               离散机10           36283.90        37199.90        916.00         
  25       5               离散机1            37650.90        38696.90        1046.00        
  25       6               离散机9            49970.15        51688.15        1718.00        
  25       7               离散机7            58380.15        59534.15        1154.00        

工件 26:
  26       0               打印机4            0.00            39993.41        39993.41       
  26       1               批处理机1           39993.41        41103.41        1110.00        
  26       2               离散机7            41103.41        42777.41        1674.00        
  26       3               离散机2            42777.41        44302.41        1525.00        
  26       4               离散机3            44302.41        45452.41        1150.00        
  26       5               离散机3            46831.41        48440.41        1609.00        
  26       6               离散机8            48440.41        50078.41        1638.00        
  26       7               离散机6            52769.15        54201.15        1432.00        
  26       8               离散机9            54201.15        55265.15        1064.00        
  26       9               离散机5            55297.15        56793.15        1496.00        

工件 27:
  27       0               打印机2            55480.07        69575.37        14095.30       
  27       1               批处理机2           69575.37        70639.37        1064.00        

工件 28:
  28       0               打印机3            0.00            22788.90        22788.90       
  28       1               批处理机2           22788.90        23852.90        1064.00        
  28       2               离散机2            26522.90        27858.90        1336.00        
  28       3               离散机9            42482.00        44217.00        1735.00        
  28       4               离散机5            45795.00        47451.00        1656.00        
  28       5               离散机10           51833.00        52899.00        1066.00        
  28       6               离散机6            59714.27        60745.27        1031.00        

工件 29:
  29       0               打印机3            0.00            22788.90        22788.90       
  29       1               批处理机2           22788.90        23852.90        1064.00        
  29       2               离散机9            23852.90        25527.90        1675.00        
  29       3               离散机8            45654.00        46833.00        1179.00        

工件 30:
  30       0               打印机5            38997.00        57394.00        18397.00       
  30       1               批处理机2           57394.00        58458.00        1064.00        
  30       2               离散机2            58458.00        59607.00        1149.00        
  30       3               离散机1            59698.95        60992.95        1294.00        
  30       4               离散机5            62401.27        63859.27        1458.00        
  30       5               离散机5            63859.27        64783.27        924.00         
  30       6               离散机5            64783.27        65957.27        1174.00        
  30       7               离散机7            66996.27        68201.27        1205.00        
  30       8               离散机4            69848.00        71225.00        1377.00        
  30       9               离散机7            72913.37        74053.37        1140.00        

工件 31:
  31       0               打印机5            0.00            38997.00        38997.00       
  31       1               批处理机2           38997.00        40061.00        1064.00        
  31       2               离散机1            45962.41        47376.41        1414.00        
  31       3               离散机8            47376.41        48308.41        932.00         
  31       4               离散机5            48804.00        50312.00        1508.00        
  31       5               离散机9            55265.15        56974.15        1709.00        
  31       6               离散机9            61835.27        63002.27        1167.00        

工件 32:
  32       0               打印机1            0.00            27255.90        27255.90       
  32       1               批处理机1           27255.90        28365.90        1110.00        
  32       2               离散机2            28365.90        29496.90        1131.00        
  32       3               离散机1            29496.90        30926.90        1430.00        
  32       4               离散机1            32044.90        32973.90        929.00         
  32       5               离散机6            38805.90        40005.90        1200.00        
  32       6               离散机5            50312.00        51317.00        1005.00        
  32       7               离散机10           70431.07        71507.07        1076.00        

工件 33:
  33       0               打印机1            0.00            27255.90        27255.90       
  33       1               批处理机1           27255.90        28365.90        1110.00        
  33       2               离散机7            28992.61        30186.61        1194.00        
  33       3               离散机5            30186.61        31250.61        1064.00        
  33       4               离散机9            31250.61        32273.61        1023.00        
  33       5               离散机9            38347.90        39503.90        1156.00        
  33       6               离散机5            41518.90        42457.90        939.00         
  33       7               离散机10           50426.00        51833.00        1407.00        

工件 34:
  34       0               打印机5            0.00            38997.00        38997.00       
  34       1               批处理机2           38997.00        40061.00        1064.00        
  34       2               离散机3            40061.00        41583.00        1522.00        
  34       3               离散机1            48546.41        49940.41        1394.00        
  34       4               离散机9            68932.07        70417.07        1485.00        

工件 35:
  35       0               打印机4            0.00            39993.41        39993.41       
  35       1               批处理机1           39993.41        41103.41        1110.00        
  35       2               离散机8            42720.00        44438.00        1718.00        
  35       3               离散机7            51126.15        52825.15        1699.00        

工件 36:
  36       0               打印机1            27255.90        55357.95        28102.05       
  36       1               批处理机1           55357.95        56467.95        1110.00        
  36       2               离散机1            56467.95        58242.95        1775.00        
  36       3               离散机10           60870.27        61876.27        1006.00        
  36       4               离散机4            61876.27        63165.27        1289.00        
  36       5               离散机8            63165.27        64581.27        1416.00        
  36       6               离散机10           65027.27        65975.27        948.00         
  36       7               离散机7            65975.27        66996.27        1021.00        
  36       8               离散机8            68097.07        69205.07        1108.00        

工件 37:
  37       0               打印机1            27255.90        55357.95        28102.05       
  37       1               批处理机1           55357.95        56467.95        1110.00        
  37       2               离散机10           57027.27        58300.27        1273.00        
  37       3               离散机2            64332.00        66102.00        1770.00        
  37       4               离散机6            71630.27        72821.27        1191.00        

工件 38:
  38       0               打印机5            0.00            38997.00        38997.00       
  38       1               批处理机2           38997.00        40061.00        1064.00        

工件 39:
  39       0               打印机4            0.00            39993.41        39993.41       
  39       1               批处理机1           39993.41        41103.41        1110.00        
  39       2               离散机6            42135.41        43789.41        1654.00        
  39       3               离散机7            43906.41        45618.41        1712.00        
  39       4               离散机2            48629.41        50155.41        1526.00        
  39       5               离散机4            54696.15        56204.15        1508.00        

工件 40:
  40       0               打印机5            0.00            38997.00        38997.00       
  40       1               批处理机2           38997.00        40061.00        1064.00        
  40       2               离散机8            40061.00        41172.00        1111.00        
  40       3               离散机9            41172.00        42482.00        1310.00        
  40       4               离散机5            42482.00        44015.00        1533.00        
  40       5               离散机9            51688.15        52606.15        918.00         
  40       6               离散机10           52899.00        54445.00        1546.00        

工件 41:
  41       0               打印机4            0.00            39993.41        39993.41       
  41       1               批处理机1           39993.41        41103.41        1110.00        
  41       2               离散机8            41172.00        42720.00        1548.00        
  41       3               离散机2            44302.41        45999.41        1697.00        
  41       4               离散机4            49557.15        50460.15        903.00         
  41       5               离散机8            54470.41        55583.41        1113.00        
  41       6               离散机7            57108.15        58380.15        1272.00        
  41       7               离散机2            72127.00        73862.00        1735.00        

工件 42:
  42       0               打印机1            0.00            27255.90        27255.90       
  42       1               批处理机1           27255.90        28365.90        1110.00        
  42       2               离散机4            30567.61        31962.61        1395.00        
  42       3               离散机10           31962.61        33159.61        1197.00        

工件 43:
  43       0               打印机2            26621.61        55480.07        28858.46       
  43       1               批处理机2           56073.27        57137.27        1064.00        
  43       2               离散机3            57137.27        58175.27        1038.00        
  43       3               离散机1            58242.95        59698.95        1456.00        
  43       4               离散机3            59698.95        60993.95        1295.00        
  43       5               离散机1            63878.95        64974.95        1096.00        
  43       6               离散机6            68933.27        69970.27        1037.00        

工件 44:
  44       0               打印机5            0.00            38997.00        38997.00       
  44       1               批处理机2           38997.00        40061.00        1064.00        
  44       2               离散机6            40061.00        41047.00        986.00         

工件 45:
  45       0               打印机3            0.00            22788.90        22788.90       
  45       1               批处理机2           22788.90        23852.90        1064.00        
  45       2               离散机3            25563.90        26884.90        1321.00        
  45       3               离散机9            26884.90        28541.90        1657.00        
  45       4               离散机5            28541.90        29755.90        1214.00        
  45       5               离散机5            31250.61        32766.61        1516.00        
  45       6               离散机6            33628.90        35138.90        1510.00        
  45       7               离散机1            35138.90        36095.90        957.00         
  45       8               离散机10           37199.90        38920.90        1721.00        

工件 46:
  46       0               打印机2            26621.61        55480.07        28858.46       
  46       1               批处理机2           56073.27        57137.27        1064.00        
  46       2               离散机8            60581.27        62212.27        1631.00        
  46       3               离散机6            62212.27        63215.27        1003.00        
  46       4               离散机3            67142.00        68228.00        1086.00        
  46       5               离散机1            68598.95        69534.95        936.00         
  46       6               离散机1            70545.95        71617.95        1072.00        
  46       7               离散机3            71668.37        72902.37        1234.00        

工件 47:
  47       0               打印机2            0.00            26621.61        26621.61       
  47       1               批处理机2           26621.61        27685.61        1064.00        
  47       2               离散机8            27685.61        28956.61        1271.00        
  47       3               离散机5            34022.61        35174.61        1152.00        
  47       4               离散机10           35233.90        36283.90        1050.00        
  47       5               离散机9            52606.15        54195.15        1589.00        
  47       6               离散机3            55146.41        56589.41        1443.00        
  47       7               离散机2            71022.00        72127.00        1105.00        
  47       8               离散机1            73015.95        74322.95        1307.00        

工件 48:
  48       0               打印机2            55480.07        69575.37        14095.30       
  48       1               批处理机2           69575.37        70639.37        1064.00        
  48       2               离散机10           71507.07        72946.07        1439.00        

工件 49:
  49       0               打印机4            39993.41        56928.00        16934.59       
  49       1               批处理机1           56928.00        58038.00        1110.00        
  49       2               离散机6            58265.27        59714.27        1449.00        
  49       3               离散机10           63040.27        64090.27        1050.00        
  49       4               离散机7            68201.27        69752.27        1551.00        

工件 50:
  50       0               打印机5            0.00            38997.00        38997.00       
  50       1               批处理机2           38997.00        40061.00        1064.00        
  50       2               离散机6            45375.41        46727.41        1352.00        

工件 51:
  51       0               打印机5            0.00            38997.00        38997.00       
  51       1               批处理机2           38997.00        40061.00        1064.00        
  51       2               离散机4            42488.41        43651.41        1163.00        

工件 52:
  52       0               打印机2            0.00            26621.61        26621.61       
  52       1               批处理机2           26621.61        27685.61        1064.00        
  52       2               离散机1            30926.90        32044.90        1118.00        
  52       3               离散机4            32044.90        33839.90        1795.00        
  52       4               离散机2            34547.90        35935.90        1388.00        
  52       5               离散机1            36095.90        37650.90        1555.00        
  52       6               离散机2            37776.90        38791.90        1015.00        
  52       7               离散机10           38920.90        39843.90        923.00         

工件 53:
  53       0               打印机2            26621.61        55480.07        28858.46       
  53       1               批处理机2           56073.27        57137.27        1064.00        
  53       2               离散机6            67968.27        68933.27        965.00         
  53       3               离散机9            71346.07        72376.07        1030.00        

工件 54:
  54       0               打印机4            39993.41        56928.00        16934.59       
  54       1               批处理机1           56928.00        58038.00        1110.00        
  54       2               离散机2            59607.00        60566.00        959.00         

工件 55:
  55       0               打印机5            0.00            38997.00        38997.00       
  55       1               批处理机2           38997.00        40061.00        1064.00        
  55       2               离散机10           40061.00        41790.00        1729.00        
  55       3               离散机10           43087.00        44549.00        1462.00        
  55       4               离散机7            45618.41        46786.41        1168.00        
  55       5               离散机3            51081.41        52620.41        1539.00        
  55       6               离散机8            66887.07        68097.07        1210.00        
  55       7               离散机1            71617.95        73015.95        1398.00        

工件 56:
  56       0               打印机4            39993.41        56928.00        16934.59       
  56       1               批处理机1           56928.00        58038.00        1110.00        

工件 57:
  57       0               打印机1            0.00            27255.90        27255.90       
  57       1               批处理机1           27255.90        28365.90        1110.00        
  57       2               离散机6            48125.41        49251.41        1126.00        
  57       3               离散机8            53483.41        54470.41        987.00         

工件 58:
  58       0               打印机5            38997.00        57394.00        18397.00       
  58       1               批处理机2           57394.00        58458.00        1064.00        
  58       2               离散机2            60566.00        61654.00        1088.00        
  58       3               离散机3            61654.00        63172.00        1518.00        
  58       4               离散机6            64195.27        65304.27        1109.00        
  58       5               离散机5            65957.27        67167.27        1210.00        

工件 59:
  59       0               打印机2            26621.61        55480.07        28858.46       
  59       1               批处理机2           56073.27        57137.27        1064.00        
  59       2               离散机10           59482.27        60870.27        1388.00        
  59       3               离散机5            60870.27        62401.27        1531.00        
  59       4               离散机4            63165.27        64407.27        1242.00        
  59       5               离散机4            68914.00        69848.00        934.00         
  59       6               离散机7            69848.00        71317.00        1469.00        

工件 60:
  60       0               打印机1            27255.90        55357.95        28102.05       
  60       1               批处理机1           55357.95        56467.95        1110.00        
  60       2               离散机5            68806.27        69904.27        1098.00        

工件 61:
  61       0               打印机1            0.00            27255.90        27255.90       
  61       1               批处理机1           27255.90        28365.90        1110.00        

工件 62:
  62       0               打印机4            0.00            39993.41        39993.41       
  62       1               批处理机1           39993.41        41103.41        1110.00        
  62       2               离散机4            43651.41        44934.41        1283.00        

工件 63:
  63       0               打印机2            26621.61        55480.07        28858.46       
  63       1               批处理机2           56073.27        57137.27        1064.00        

工件 64:
  64       0               打印机2            0.00            26621.61        26621.61       
  64       1               批处理机2           26621.61        27685.61        1064.00        
  64       2               离散机9            46617.15        47818.15        1201.00        

工件 65:
  65       0               打印机3            55009.27        62042.07        7032.80        
  65       1               批处理机2           62042.07        63106.07        1064.00        
  65       2               离散机9            63106.07        64512.07        1406.00        
  65       3               离散机9            64512.07        65978.07        1466.00        
  65       4               离散机8            65978.07        66887.07        909.00         
  65       5               离散机1            67437.95        68598.95        1161.00        
  65       6               离散机4            71225.00        72721.00        1496.00        

工件 66:
  66       0               打印机4            0.00            39993.41        39993.41       
  66       1               批处理机1           39993.41        41103.41        1110.00        
  66       2               离散机1            43168.41        44471.41        1303.00        
  66       3               离散机10           45897.00        47546.00        1649.00        
  66       4               离散机5            47546.00        48804.00        1258.00        
  66       5               离散机9            48816.15        49970.15        1154.00        
  66       6               离散机1            49970.15        51096.15        1126.00        

工件 67:
  67       0               打印机2            26621.61        55480.07        28858.46       
  67       1               批处理机2           56073.27        57137.27        1064.00        
  67       2               离散机8            57137.27        58189.27        1052.00        
  67       3               离散机9            59250.27        60829.27        1579.00        
  67       4               离散机10           64090.27        65027.27        937.00         
  67       5               离散机5            69904.27        71188.27        1284.00        

工件 68:
  68       0               打印机2            0.00            26621.61        26621.61       
  68       1               批处理机2           26621.61        27685.61        1064.00        
  68       2               离散机7            33774.90        35138.90        1364.00        
  68       3               离散机4            53251.15        54696.15        1445.00        
  68       4               离散机9            70417.07        71346.07        929.00         

工件 69:
  69       0               打印机3            0.00            22788.90        22788.90       
  69       1               批处理机2           22788.90        23852.90        1064.00        
  69       2               离散机8            25496.90        26702.90        1206.00        
  69       3               离散机7            30186.61        31697.61        1511.00        
  69       4               离散机8            31697.61        33006.61        1309.00        
  69       5               离散机1            33006.61        34349.61        1343.00        
  69       6               离散机8            34349.61        35583.61        1234.00        
  69       7               离散机7            37683.90        39308.90        1625.00        
  69       8               离散机9            47818.15        48816.15        998.00         

工件 70:
  70       0               打印机2            26621.61        55480.07        28858.46       
  70       1               批处理机2           56073.27        57137.27        1064.00        
  70       2               离散机10           58300.27        59482.27        1182.00        

工件 71:
  71       0               打印机3            22788.90        30053.41        7264.51        
  71       1               批处理机2           30053.41        31117.41        1064.00        
  71       2               离散机9            35536.90        36605.90        1069.00        
  71       3               离散机4            36718.90        38386.90        1668.00        
  71       4               离散机2            38791.90        39945.90        1154.00        

工件 72:
  72       0               打印机4            0.00            39993.41        39993.41       
  72       1               批处理机1           39993.41        41103.41        1110.00        
  72       2               离散机4            41103.41        42488.41        1385.00        
  72       3               离散机1            44471.41        45962.41        1491.00        
  72       4               离散机4            48298.15        49557.15        1259.00        
  72       5               离散机7            49557.15        51126.15        1569.00        
  72       6               离散机6            51126.15        52769.15        1643.00        
  72       7               离散机5            52769.15        53905.15        1136.00        
  72       8               离散机5            53905.15        55297.15        1392.00        

工件 73:
  73       0               打印机1            27255.90        55357.95        28102.05       
  73       1               批处理机1           55357.95        56467.95        1110.00        
  73       2               离散机1            64974.95        66009.95        1035.00        

工件 74:
  74       0               打印机2            55480.07        69575.37        14095.30       
  74       1               批处理机2           69575.37        70639.37        1064.00        
  74       2               离散机3            70639.37        71668.37        1029.00        
  74       3               离散机7            71668.37        72913.37        1245.00        
  74       4               离散机5            72913.37        74395.37        1482.00        

工件 75:
  75       0               打印机2            26621.61        55480.07        28858.46       
  75       1               批处理机2           56073.27        57137.27        1064.00        
  75       2               离散机4            57688.95        58849.95        1161.00        
  75       3               离散机1            62733.95        63878.95        1145.00        
  75       4               离散机9            65978.07        67568.07        1590.00        
  75       5               离散机10           67568.07        69234.07        1666.00        
  75       6               离散机1            69534.95        70545.95        1011.00        

工件 76:
  76       0               打印机5            0.00            38997.00        38997.00       
  76       1               批处理机2           38997.00        40061.00        1064.00        

工件 77:
  77       0               打印机4            39993.41        56928.00        16934.59       
  77       1               批处理机1           56928.00        58038.00        1110.00        
  77       2               离散机10           61876.27        63040.27        1164.00        
  77       3               离散机4            64407.27        65714.27        1307.00        
  77       4               离散机1            66009.95        67437.95        1428.00        

工件 78:
  78       0               打印机4            39993.41        56928.00        16934.59       
  78       1               批处理机1           56928.00        58038.00        1110.00        
  78       2               离散机8            64581.27        65866.27        1285.00        

工件 79:
  79       0               打印机2            55480.07        69575.37        14095.30       
  79       1               批处理机2           69575.37        70639.37        1064.00        
  79       2               离散机5            71188.27        72111.27        923.00         

工件 80:
  80       0               打印机3            0.00            22788.90        22788.90       
  80       1               批处理机2           22788.90        23852.90        1064.00        

工件 81:
  81       0               打印机2            0.00            26621.61        26621.61       
  81       1               批处理机2           26621.61        27685.61        1064.00        
  81       2               离散机4            29008.61        30567.61        1559.00        
  81       3               离散机8            37656.90        38844.90        1188.00        

工件 82:
  82       0               打印机1            0.00            27255.90        27255.90       
  82       1               批处理机1           27255.90        28365.90        1110.00        
  82       2               离散机3            34772.90        36371.90        1599.00        
  82       3               离散机1            38696.90        39606.90        910.00         

工件 83:
  83       0               打印机1            27255.90        55357.95        28102.05       
  83       1               批处理机1           55357.95        56467.95        1110.00        
  83       2               离散机4            56467.95        57688.95        1221.00        
  83       3               离散机8            59595.27        60581.27        986.00         
  83       4               离散机7            61237.00        62731.00        1494.00        
  83       5               离散机6            63215.27        64195.27        980.00         
  83       6               离散机4            65714.27        67140.27        1426.00        
  83       7               离散机3            69458.00        70634.00        1176.00        

工件 84:
  84       0               打印机5            0.00            38997.00        38997.00       
  84       1               批处理机2           38997.00        40061.00        1064.00        

工件 85:
  85       0               打印机1            0.00            27255.90        27255.90       
  85       1               批处理机1           27255.90        28365.90        1110.00        
  85       2               离散机6            28365.90        29607.90        1242.00        
  85       3               离散机9            33865.90        35536.90        1671.00        

工件 86:
  86       0               打印机1            27255.90        55357.95        28102.05       
  86       1               批处理机1           55357.95        56467.95        1110.00        
  86       2               离散机5            58907.27        60051.27        1144.00        
  86       3               离散机3            65822.00        67142.00        1320.00        
  86       4               离散机4            67142.00        68914.00        1772.00        
  86       5               离散机10           69234.07        70431.07        1197.00        

工件 87:
  87       0               打印机5            38997.00        57394.00        18397.00       
  87       1               批处理机2           57394.00        58458.00        1064.00        
  87       2               离散机3            58458.00        59594.00        1136.00        
  87       3               离散机7            59594.00        61237.00        1643.00        
  87       4               离散机6            69970.27        71630.27        1660.00        

工件 88:
  88       0               打印机2            0.00            26621.61        26621.61       
  88       1               批处理机2           26621.61        27685.61        1064.00        
  88       2               离散机7            27685.61        28992.61        1307.00        
  88       3               离散机7            36320.90        37683.90        1363.00        
  88       4               离散机3            38686.90        39816.90        1130.00        

工件 89:
  89       0               打印机2            26621.61        55480.07        28858.46       
  89       1               批处理机2           56073.27        57137.27        1064.00        
  89       2               离散机5            57137.27        58907.27        1770.00        
  89       3               离散机3            64834.00        65822.00        988.00         

工件 90:
  90       0               打印机1            27255.90        55357.95        28102.05       
  90       1               批处理机1           55357.95        56467.95        1110.00        
  90       2               离散机1            60992.95        62733.95        1741.00        

工件 91:
  91       0               打印机2            26621.61        55480.07        28858.46       
  91       1               批处理机2           56073.27        57137.27        1064.00        
  91       2               离散机5            67167.27        68806.27        1639.00        

工件 92:
  92       0               打印机4            0.00            39993.41        39993.41       
  92       1               批处理机1           39993.41        41103.41        1110.00        
  92       2               离散机6            41103.41        42135.41        1032.00        
  92       3               离散机3            48440.41        49465.41        1025.00        

工件 93:
  93       0               打印机3            0.00            22788.90        22788.90       
  93       1               批处理机2           22788.90        23852.90        1064.00        
  93       2               离散机3            23852.90        25563.90        1711.00        
  93       3               离散机9            25563.90        26592.90        1029.00        
  93       4               离散机10           26592.90        28081.90        1489.00        
  93       5               离散机8            35583.61        36658.61        1075.00        

工件 94:
  94       0               打印机1            0.00            27255.90        27255.90       
  94       1               批处理机1           27255.90        28365.90        1110.00        
  94       2               离散机6            29607.90        31047.90        1440.00        
  94       3               离散机3            33221.90        34772.90        1551.00        
  94       4               离散机4            38386.90        39682.90        1296.00        
  94       5               离散机4            39682.90        40636.90        954.00         
  94       6               离散机4            44934.41        46558.41        1624.00        
  94       7               离散机2            54439.41        56033.41        1594.00        

工件 95:
  95       0               打印机3            0.00            22788.90        22788.90       
  95       1               批处理机2           22788.90        23852.90        1064.00        

工件 96:
  96       0               打印机3            30053.41        44269.15        14215.73       
  96       1               批处理机2           44269.15        45333.15        1064.00        
  96       2               离散机9            45333.15        46617.15        1284.00        
  96       3               离散机4            46617.15        48298.15        1681.00        
  96       4               离散机7            48298.15        49416.15        1118.00        
  96       5               离散机6            49416.15        50871.15        1455.00        
  96       6               离散机8            52453.41        53483.41        1030.00        
  96       7               离散机3            53980.41        55146.41        1166.00        
  96       8               离散机10           72946.07        73957.07        1011.00        

工件 97:
  97       0               打印机1            0.00            27255.90        27255.90       
  97       1               批处理机1           27255.90        28365.90        1110.00        
  97       2               离散机7            39308.90        40918.90        1610.00        
  97       3               离散机1            52713.15        54178.15        1465.00        
  97       4               离散机6            60745.27        62208.27        1463.00        

工件 98:
  98       0               打印机4            0.00            39993.41        39993.41       
  98       1               批处理机1           39993.41        41103.41        1110.00        

工件 99:
  99       0               打印机5            0.00            38997.00        38997.00       
  99       1               批处理机2           38997.00        40061.00        1064.00        
  99       2               离散机10           41790.00        43087.00        1297.00        
  99       3               离散机3            45452.41        46831.41        1379.00        
  99       4               离散机4            50460.15        51546.15        1086.00        
  99       5               离散机3            52620.41        53980.41        1360.00        
  99       6               离散机10           54445.00        55744.00        1299.00        
  99       7               离散机9            56974.15        58042.15        1068.00        

【机器加工顺序记录】
----------------------------------------------------------------------------------------------------

打印机1:
工件号      工序号             开始时间            结束时间            加工时长           
--------------------------------------------------------------------------------
  8        0               0.00            27255.90        27255.90       
  10       0               0.00            27255.90        27255.90       
  11       0               0.00            27255.90        27255.90       
  13       0               0.00            27255.90        27255.90       
  14       0               0.00            27255.90        27255.90       
  22       0               0.00            27255.90        27255.90       
  25       0               0.00            27255.90        27255.90       
  32       0               0.00            27255.90        27255.90       
  33       0               0.00            27255.90        27255.90       
  42       0               0.00            27255.90        27255.90       
  57       0               0.00            27255.90        27255.90       
  61       0               0.00            27255.90        27255.90       
  82       0               0.00            27255.90        27255.90       
  85       0               0.00            27255.90        27255.90       
  94       0               0.00            27255.90        27255.90       
  97       0               0.00            27255.90        27255.90       
  36       0               27255.90        55357.95        28102.05       
  37       0               27255.90        55357.95        28102.05       
  60       0               27255.90        55357.95        28102.05       
  73       0               27255.90        55357.95        28102.05       
  83       0               27255.90        55357.95        28102.05       
  86       0               27255.90        55357.95        28102.05       
  90       0               27255.90        55357.95        28102.05       

  机器利用率: 850.60% (忙碌时间: 632808.72 / 总时间: 74395.37)

打印机2:
工件号      工序号             开始时间            结束时间            加工时长           
--------------------------------------------------------------------------------
  5        0               0.00            26621.61        26621.61       
  7        0               0.00            26621.61        26621.61       
  16       0               0.00            26621.61        26621.61       
  18       0               0.00            26621.61        26621.61       
  20       0               0.00            26621.61        26621.61       
  23       0               0.00            26621.61        26621.61       
  47       0               0.00            26621.61        26621.61       
  52       0               0.00            26621.61        26621.61       
  64       0               0.00            26621.61        26621.61       
  68       0               0.00            26621.61        26621.61       
  81       0               0.00            26621.61        26621.61       
  88       0               0.00            26621.61        26621.61       
  15       0               26621.61        55480.07        28858.46       
  43       0               26621.61        55480.07        28858.46       
  46       0               26621.61        55480.07        28858.46       
  53       0               26621.61        55480.07        28858.46       
  59       0               26621.61        55480.07        28858.46       
  63       0               26621.61        55480.07        28858.46       
  67       0               26621.61        55480.07        28858.46       
  70       0               26621.61        55480.07        28858.46       
  75       0               26621.61        55480.07        28858.46       
  89       0               26621.61        55480.07        28858.46       
  91       0               26621.61        55480.07        28858.46       
  27       0               55480.07        69575.37        14095.30       
  48       0               55480.07        69575.37        14095.30       
  74       0               55480.07        69575.37        14095.30       
  79       0               55480.07        69575.37        14095.30       

  机器利用率: 931.89% (忙碌时间: 693283.58 / 总时间: 74395.37)

打印机3:
工件号      工序号             开始时间            结束时间            加工时长           
--------------------------------------------------------------------------------
  1        0               0.00            22788.90        22788.90       
  6        0               0.00            22788.90        22788.90       
  9        0               0.00            22788.90        22788.90       
  24       0               0.00            22788.90        22788.90       
  28       0               0.00            22788.90        22788.90       
  29       0               0.00            22788.90        22788.90       
  45       0               0.00            22788.90        22788.90       
  69       0               0.00            22788.90        22788.90       
  80       0               0.00            22788.90        22788.90       
  93       0               0.00            22788.90        22788.90       
  95       0               0.00            22788.90        22788.90       
  71       0               22788.90        30053.41        7264.51        
  96       0               30053.41        44269.15        14215.73       
  2        0               44269.15        55009.27        10740.12       
  17       0               44269.15        55009.27        10740.12       
  65       0               55009.27        62042.07        7032.80        

  机器利用率: 404.15% (忙碌时间: 300671.22 / 总时间: 74395.37)

打印机4:
工件号      工序号             开始时间            结束时间            加工时长           
--------------------------------------------------------------------------------
  3        0               0.00            39993.41        39993.41       
  4        0               0.00            39993.41        39993.41       
  26       0               0.00            39993.41        39993.41       
  35       0               0.00            39993.41        39993.41       
  39       0               0.00            39993.41        39993.41       
  41       0               0.00            39993.41        39993.41       
  62       0               0.00            39993.41        39993.41       
  66       0               0.00            39993.41        39993.41       
  72       0               0.00            39993.41        39993.41       
  92       0               0.00            39993.41        39993.41       
  98       0               0.00            39993.41        39993.41       
  49       0               39993.41        56928.00        16934.59       
  54       0               39993.41        56928.00        16934.59       
  56       0               39993.41        56928.00        16934.59       
  77       0               39993.41        56928.00        16934.59       
  78       0               39993.41        56928.00        16934.59       

  机器利用率: 705.15% (忙碌时间: 524600.47 / 总时间: 74395.37)

打印机5:
工件号      工序号             开始时间            结束时间            加工时长           
--------------------------------------------------------------------------------
  0        0               0.00            38997.00        38997.00       
  12       0               0.00            38997.00        38997.00       
  19       0               0.00            38997.00        38997.00       
  21       0               0.00            38997.00        38997.00       
  31       0               0.00            38997.00        38997.00       
  34       0               0.00            38997.00        38997.00       
  38       0               0.00            38997.00        38997.00       
  40       0               0.00            38997.00        38997.00       
  44       0               0.00            38997.00        38997.00       
  50       0               0.00            38997.00        38997.00       
  51       0               0.00            38997.00        38997.00       
  55       0               0.00            38997.00        38997.00       
  76       0               0.00            38997.00        38997.00       
  84       0               0.00            38997.00        38997.00       
  99       0               0.00            38997.00        38997.00       
  30       0               38997.00        57394.00        18397.00       
  58       0               38997.00        57394.00        18397.00       
  87       0               38997.00        57394.00        18397.00       

  机器利用率: 860.46% (忙碌时间: 640146.00 / 总时间: 74395.37)

批处理机1:
工件号      工序号             开始时间            结束时间            加工时长           
--------------------------------------------------------------------------------
  8        1               27255.90        28365.90        1110.00        
  10       1               27255.90        28365.90        1110.00        
  11       1               27255.90        28365.90        1110.00        
  13       1               27255.90        28365.90        1110.00        
  14       1               27255.90        28365.90        1110.00        
  22       1               27255.90        28365.90        1110.00        
  25       1               27255.90        28365.90        1110.00        
  32       1               27255.90        28365.90        1110.00        
  33       1               27255.90        28365.90        1110.00        
  42       1               27255.90        28365.90        1110.00        
  57       1               27255.90        28365.90        1110.00        
  61       1               27255.90        28365.90        1110.00        
  82       1               27255.90        28365.90        1110.00        
  85       1               27255.90        28365.90        1110.00        
  94       1               27255.90        28365.90        1110.00        
  97       1               27255.90        28365.90        1110.00        
  3        1               39993.41        41103.41        1110.00        
  4        1               39993.41        41103.41        1110.00        
  26       1               39993.41        41103.41        1110.00        
  35       1               39993.41        41103.41        1110.00        
  39       1               39993.41        41103.41        1110.00        
  41       1               39993.41        41103.41        1110.00        
  62       1               39993.41        41103.41        1110.00        
  66       1               39993.41        41103.41        1110.00        
  72       1               39993.41        41103.41        1110.00        
  92       1               39993.41        41103.41        1110.00        
  98       1               39993.41        41103.41        1110.00        
  36       1               55357.95        56467.95        1110.00        
  37       1               55357.95        56467.95        1110.00        
  60       1               55357.95        56467.95        1110.00        
  73       1               55357.95        56467.95        1110.00        
  83       1               55357.95        56467.95        1110.00        
  86       1               55357.95        56467.95        1110.00        
  90       1               55357.95        56467.95        1110.00        
  49       1               56928.00        58038.00        1110.00        
  54       1               56928.00        58038.00        1110.00        
  56       1               56928.00        58038.00        1110.00        
  77       1               56928.00        58038.00        1110.00        
  78       1               56928.00        58038.00        1110.00        

  机器利用率: 58.19% (忙碌时间: 43290.00 / 总时间: 74395.37)

批处理机2:
工件号      工序号             开始时间            结束时间            加工时长           
--------------------------------------------------------------------------------
  1        1               22788.90        23852.90        1064.00        
  6        1               22788.90        23852.90        1064.00        
  9        1               22788.90        23852.90        1064.00        
  24       1               22788.90        23852.90        1064.00        
  28       1               22788.90        23852.90        1064.00        
  29       1               22788.90        23852.90        1064.00        
  45       1               22788.90        23852.90        1064.00        
  69       1               22788.90        23852.90        1064.00        
  80       1               22788.90        23852.90        1064.00        
  93       1               22788.90        23852.90        1064.00        
  95       1               22788.90        23852.90        1064.00        
  5        1               26621.61        27685.61        1064.00        
  7        1               26621.61        27685.61        1064.00        
  16       1               26621.61        27685.61        1064.00        
  18       1               26621.61        27685.61        1064.00        
  20       1               26621.61        27685.61        1064.00        
  23       1               26621.61        27685.61        1064.00        
  47       1               26621.61        27685.61        1064.00        
  52       1               26621.61        27685.61        1064.00        
  64       1               26621.61        27685.61        1064.00        
  68       1               26621.61        27685.61        1064.00        
  81       1               26621.61        27685.61        1064.00        
  88       1               26621.61        27685.61        1064.00        
  71       1               30053.41        31117.41        1064.00        
  0        1               38997.00        40061.00        1064.00        
  12       1               38997.00        40061.00        1064.00        
  19       1               38997.00        40061.00        1064.00        
  21       1               38997.00        40061.00        1064.00        
  31       1               38997.00        40061.00        1064.00        
  34       1               38997.00        40061.00        1064.00        
  38       1               38997.00        40061.00        1064.00        
  40       1               38997.00        40061.00        1064.00        
  44       1               38997.00        40061.00        1064.00        
  50       1               38997.00        40061.00        1064.00        
  51       1               38997.00        40061.00        1064.00        
  55       1               38997.00        40061.00        1064.00        
  76       1               38997.00        40061.00        1064.00        
  84       1               38997.00        40061.00        1064.00        
  99       1               38997.00        40061.00        1064.00        
  96       1               44269.15        45333.15        1064.00        
  2        1               55009.27        56073.27        1064.00        
  17       1               55009.27        56073.27        1064.00        
  15       1               56073.27        57137.27        1064.00        
  43       1               56073.27        57137.27        1064.00        
  46       1               56073.27        57137.27        1064.00        
  53       1               56073.27        57137.27        1064.00        
  59       1               56073.27        57137.27        1064.00        
  63       1               56073.27        57137.27        1064.00        
  67       1               56073.27        57137.27        1064.00        
  70       1               56073.27        57137.27        1064.00        
  75       1               56073.27        57137.27        1064.00        
  89       1               56073.27        57137.27        1064.00        
  91       1               56073.27        57137.27        1064.00        
  30       1               57394.00        58458.00        1064.00        
  58       1               57394.00        58458.00        1064.00        
  87       1               57394.00        58458.00        1064.00        
  65       1               62042.07        63106.07        1064.00        
  27       1               69575.37        70639.37        1064.00        
  48       1               69575.37        70639.37        1064.00        
  74       1               69575.37        70639.37        1064.00        
  79       1               69575.37        70639.37        1064.00        

  机器利用率: 87.24% (忙碌时间: 64904.00 / 总时间: 74395.37)

离散机1:
工件号      工序号             开始时间            结束时间            加工时长           
--------------------------------------------------------------------------------
  5        2               27685.61        29358.61        1673.00        
  32       3               29496.90        30926.90        1430.00        
  52       2               30926.90        32044.90        1118.00        
  32       4               32044.90        32973.90        929.00         
  69       5               33006.61        34349.61        1343.00        
  45       7               35138.90        36095.90        957.00         
  52       5               36095.90        37650.90        1555.00        
  25       5               37650.90        38696.90        1046.00        
  82       3               38696.90        39606.90        910.00         
  3        2               41103.41        42035.41        932.00         
  4        2               42035.41        43168.41        1133.00        
  66       2               43168.41        44471.41        1303.00        
  72       3               44471.41        45962.41        1491.00        
  31       2               45962.41        47376.41        1414.00        
  0        4               47631.41        48546.41        915.00         
  34       3               48546.41        49940.41        1394.00        
  66       6               49970.15        51096.15        1126.00        
  24       7               51096.15        52713.15        1617.00        
  97       3               52713.15        54178.15        1465.00        
  8        6               54439.41        55472.41        1033.00        
  7        4               55472.41        56398.41        926.00         
  36       2               56467.95        58242.95        1775.00        
  43       3               58242.95        59698.95        1456.00        
  30       3               59698.95        60992.95        1294.00        
  90       2               60992.95        62733.95        1741.00        
  75       3               62733.95        63878.95        1145.00        
  43       5               63878.95        64974.95        1096.00        
  73       2               64974.95        66009.95        1035.00        
  77       4               66009.95        67437.95        1428.00        
  65       5               67437.95        68598.95        1161.00        
  46       5               68598.95        69534.95        936.00         
  75       6               69534.95        70545.95        1011.00        
  46       6               70545.95        71617.95        1072.00        
  55       7               71617.95        73015.95        1398.00        
  47       8               73015.95        74322.95        1307.00        

  机器利用率: 58.56% (忙碌时间: 43565.00 / 总时间: 74395.37)

离散机2:
工件号      工序号             开始时间            结束时间            加工时长           
--------------------------------------------------------------------------------
  6        3               24857.90        26522.90        1665.00        
  28       2               26522.90        27858.90        1336.00        
  32       2               28365.90        29496.90        1131.00        
  14       2               29496.90        31266.90        1770.00        
  1        4               31266.90        32190.90        924.00         
  7        2               32190.90        33178.90        988.00         
  25       3               33221.90        34547.90        1326.00        
  52       4               34547.90        35935.90        1388.00        
  8        4               36165.90        37776.90        1611.00        
  52       6               37776.90        38791.90        1015.00        
  71       4               38791.90        39945.90        1154.00        
  16       2               39945.90        41735.90        1790.00        
  5        4               41735.90        42655.90        920.00         
  26       3               42777.41        44302.41        1525.00        
  41       3               44302.41        45999.41        1697.00        
  0        3               45999.41        47631.41        1632.00        
  3        4               47631.41        48629.41        998.00         
  39       4               48629.41        50155.41        1526.00        
  10       5               50155.41        51884.41        1729.00        
  5        5               51884.41        53055.41        1171.00        
  8        5               53055.41        54439.41        1384.00        
  94       7               54439.41        56033.41        1594.00        
  3        6               56033.41        57398.41        1365.00        
  5        6               57398.41        58298.41        900.00         
  30       2               58458.00        59607.00        1149.00        
  54       2               59607.00        60566.00        959.00         
  58       2               60566.00        61654.00        1088.00        
  15       3               61654.00        63242.00        1588.00        
  15       4               63242.00        64332.00        1090.00        
  37       3               64332.00        66102.00        1770.00        
  17       6               66102.00        67725.00        1623.00        
  17       7               67725.00        68696.00        971.00         
  13       7               68696.00        69677.00        981.00         
  7        5               69677.00        71022.00        1345.00        
  47       7               71022.00        72127.00        1105.00        
  41       7               72127.00        73862.00        1735.00        

  机器利用率: 64.44% (忙碌时间: 47943.00 / 总时间: 74395.37)

离散机3:
工件号      工序号             开始时间            结束时间            加工时长           
--------------------------------------------------------------------------------
  93       2               23852.90        25563.90        1711.00        
  45       2               25563.90        26884.90        1321.00        
  6        4               26884.90        27840.90        956.00         
  11       2               28365.90        29746.90        1381.00        
  23       3               29746.90        30843.90        1097.00        
  13       2               30843.90        32300.90        1457.00        
  25       2               32300.90        33221.90        921.00         
  94       3               33221.90        34772.90        1551.00        
  82       2               34772.90        36371.90        1599.00        
  14       5               37256.90        38686.90        1430.00        
  88       4               38686.90        39816.90        1130.00        
  34       2               40061.00        41583.00        1522.00        
  21       2               41583.00        43162.00        1579.00        
  21       3               43162.00        44280.00        1118.00        
  26       4               44302.41        45452.41        1150.00        
  99       3               45452.41        46831.41        1379.00        
  26       5               46831.41        48440.41        1609.00        
  92       3               48440.41        49465.41        1025.00        
  23       7               49465.41        51081.41        1616.00        
  55       5               51081.41        52620.41        1539.00        
  99       5               52620.41        53980.41        1360.00        
  96       7               53980.41        55146.41        1166.00        
  47       6               55146.41        56589.41        1443.00        
  43       2               57137.27        58175.27        1038.00        
  87       2               58458.00        59594.00        1136.00        
  43       4               59698.95        60993.95        1295.00        
  58       3               61654.00        63172.00        1518.00        
  2        2               63172.00        64834.00        1662.00        
  89       3               64834.00        65822.00        988.00         
  86       3               65822.00        67142.00        1320.00        
  46       4               67142.00        68228.00        1086.00        
  15       6               68228.00        69458.00        1230.00        
  83       7               69458.00        70634.00        1176.00        
  74       2               70639.37        71668.37        1029.00        
  46       7               71668.37        72902.37        1234.00        
  15       7               72902.37        73843.37        941.00         

  机器利用率: 62.79% (忙碌时间: 46713.00 / 总时间: 74395.37)

离散机4:
工件号      工序号             开始时间            结束时间            加工时长           
--------------------------------------------------------------------------------
  23       2               27685.61        29008.61        1323.00        
  81       2               29008.61        30567.61        1559.00        
  42       2               30567.61        31962.61        1395.00        
  52       3               32044.90        33839.90        1795.00        
  14       3               33839.90        35063.90        1224.00        
  11       4               35063.90        36718.90        1655.00        
  71       3               36718.90        38386.90        1668.00        
  94       4               38386.90        39682.90        1296.00        
  94       5               39682.90        40636.90        954.00         
  72       2               41103.41        42488.41        1385.00        
  51       2               42488.41        43651.41        1163.00        
  62       2               43651.41        44934.41        1283.00        
  94       6               44934.41        46558.41        1624.00        
  96       3               46617.15        48298.15        1681.00        
  72       4               48298.15        49557.15        1259.00        
  41       4               49557.15        50460.15        903.00         
  99       4               50460.15        51546.15        1086.00        
  0        5               51546.15        53251.15        1705.00        
  68       3               53251.15        54696.15        1445.00        
  39       5               54696.15        56204.15        1508.00        
  83       2               56467.95        57688.95        1221.00        
  75       2               57688.95        58849.95        1161.00        
  8        7               58849.95        60510.95        1661.00        
  24       8               60510.95        61861.95        1351.00        
  36       4               61876.27        63165.27        1289.00        
  59       4               63165.27        64407.27        1242.00        
  77       3               64407.27        65714.27        1307.00        
  83       6               65714.27        67140.27        1426.00        
  86       4               67142.00        68914.00        1772.00        
  59       5               68914.00        69848.00        934.00         
  30       8               69848.00        71225.00        1377.00        
  65       6               71225.00        72721.00        1496.00        

  机器利用率: 59.34% (忙碌时间: 44148.00 / 总时间: 74395.37)

离散机5:
工件号      工序号             开始时间            结束时间            加工时长           
--------------------------------------------------------------------------------
  9        3               25137.90        26050.90        913.00         
  45       4               28541.90        29755.90        1214.00        
  33       3               30186.61        31250.61        1064.00        
  45       5               31250.61        32766.61        1516.00        
  8        2               32766.61        34022.61        1256.00        
  47       3               34022.61        35174.61        1152.00        
  20       3               36320.90        37545.90        1225.00        
  13       4               37545.90        39221.90        1676.00        
  20       5               39221.90        40452.90        1231.00        
  24       4               40452.90        41518.90        1066.00        
  33       6               41518.90        42457.90        939.00         
  40       4               42482.00        44015.00        1533.00        
  10       4               44015.00        45795.00        1780.00        
  28       4               45795.00        47451.00        1656.00        
  66       4               47546.00        48804.00        1258.00        
  31       4               48804.00        50312.00        1508.00        
  32       6               50312.00        51317.00        1005.00        
  23       8               51317.00        52555.00        1238.00        
  72       7               52769.15        53905.15        1136.00        
  72       8               53905.15        55297.15        1392.00        
  26       9               55297.15        56793.15        1496.00        
  89       2               57137.27        58907.27        1770.00        
  86       2               58907.27        60051.27        1144.00        
  59       3               60870.27        62401.27        1531.00        
  30       4               62401.27        63859.27        1458.00        
  30       5               63859.27        64783.27        924.00         
  30       6               64783.27        65957.27        1174.00        
  58       5               65957.27        67167.27        1210.00        
  91       2               67167.27        68806.27        1639.00        
  60       2               68806.27        69904.27        1098.00        
  67       5               69904.27        71188.27        1284.00        
  79       2               71188.27        72111.27        923.00         
  74       4               72913.37        74395.37        1482.00        

  机器利用率: 57.65% (忙碌时间: 42891.00 / 总时间: 74395.37)

离散机6:
工件号      工序号             开始时间            结束时间            加工时长           
--------------------------------------------------------------------------------
  6        2               23852.90        24857.90        1005.00        
  85       2               28365.90        29607.90        1242.00        
  94       2               29607.90        31047.90        1440.00        
  10       2               31047.90        32051.90        1004.00        
  23       4               32051.90        33628.90        1577.00        
  45       6               33628.90        35138.90        1510.00        
  8        3               35138.90        36165.90        1027.00        
  14       4               36165.90        37256.90        1091.00        
  20       4               37545.90        38805.90        1260.00        
  32       5               38805.90        40005.90        1200.00        
  44       2               40061.00        41047.00        986.00         
  92       2               41103.41        42135.41        1032.00        
  39       2               42135.41        43789.41        1654.00        
  0        2               43789.41        45375.41        1586.00        
  50       2               45375.41        46727.41        1352.00        
  24       5               46727.41        48125.41        1398.00        
  57       2               48125.41        49251.41        1126.00        
  96       5               49416.15        50871.15        1455.00        
  72       6               51126.15        52769.15        1643.00        
  26       7               52769.15        54201.15        1432.00        
  14       7               54201.15        55413.15        1212.00        
  21       4               55413.15        56978.15        1565.00        
  17       3               57027.27        58265.27        1238.00        
  49       2               58265.27        59714.27        1449.00        
  28       6               59714.27        60745.27        1031.00        
  97       4               60745.27        62208.27        1463.00        
  46       3               62212.27        63215.27        1003.00        
  83       5               63215.27        64195.27        980.00         
  58       4               64195.27        65304.27        1109.00        
  15       5               65304.27        66630.27        1326.00        
  4        7               66630.27        67968.27        1338.00        
  53       2               67968.27        68933.27        965.00         
  43       6               68933.27        69970.27        1037.00        
  87       4               69970.27        71630.27        1660.00        
  37       4               71630.27        72821.27        1191.00        
  17       8               72821.27        73740.27        919.00         

  机器利用率: 61.17% (忙碌时间: 45506.00 / 总时间: 74395.37)

离散机7:
工件号      工序号             开始时间            结束时间            加工时长           
--------------------------------------------------------------------------------
  9        2               23852.90        25137.90        1285.00        
  1        3               25496.90        27278.90        1782.00        
  88       2               27685.61        28992.61        1307.00        
  33       2               28992.61        30186.61        1194.00        
  69       3               30186.61        31697.61        1511.00        
  10       3               32051.90        33774.90        1723.00        
  68       2               33774.90        35138.90        1364.00        
  20       2               35138.90        36320.90        1182.00        
  88       3               36320.90        37683.90        1363.00        
  69       7               37683.90        39308.90        1625.00        
  97       2               39308.90        40918.90        1610.00        
  26       2               41103.41        42777.41        1674.00        
  3        3               42777.41        43906.41        1129.00        
  39       3               43906.41        45618.41        1712.00        
  55       4               45618.41        46786.41        1168.00        
  14       6               46786.41        47907.41        1121.00        
  96       4               48298.15        49416.15        1118.00        
  72       5               49557.15        51126.15        1569.00        
  35       3               51126.15        52825.15        1699.00        
  3        5               52825.15        53916.15        1091.00        
  12       2               53916.15        55674.15        1758.00        
  19       2               55674.15        57108.15        1434.00        
  41       6               57108.15        58380.15        1272.00        
  25       7               58380.15        59534.15        1154.00        
  87       3               59594.00        61237.00        1643.00        
  83       4               61237.00        62731.00        1494.00        
  13       6               62731.00        64342.00        1611.00        
  16       3               64342.00        65911.00        1569.00        
  36       7               65975.27        66996.27        1021.00        
  30       7               66996.27        68201.27        1205.00        
  49       4               68201.27        69752.27        1551.00        
  59       6               69848.00        71317.00        1469.00        
  74       3               71668.37        72913.37        1245.00        
  30       9               72913.37        74053.37        1140.00        

  机器利用率: 64.24% (忙碌时间: 47793.00 / 总时间: 74395.37)

离散机8:
工件号      工序号             开始时间            结束时间            加工时长           
--------------------------------------------------------------------------------
  1        2               23852.90        25496.90        1644.00        
  69       2               25496.90        26702.90        1206.00        
  47       2               27685.61        28956.61        1271.00        
  11       3               29746.90        30762.90        1016.00        
  69       4               31697.61        33006.61        1309.00        
  5        3               33006.61        34302.61        1296.00        
  69       6               34349.61        35583.61        1234.00        
  93       5               35583.61        36658.61        1075.00        
  11       5               36718.90        37656.90        938.00         
  81       3               37656.90        38844.90        1188.00        
  11       6               38844.90        39860.90        1016.00        
  40       2               40061.00        41172.00        1111.00        
  41       2               41172.00        42720.00        1548.00        
  35       2               42720.00        44438.00        1718.00        
  7        3               44438.00        45654.00        1216.00        
  29       3               45654.00        46833.00        1179.00        
  31       3               47376.41        48308.41        932.00         
  26       6               48440.41        50078.41        1638.00        
  4        5               50078.41        50995.41        917.00         
  4        6               50995.41        52453.41        1458.00        
  96       6               52453.41        53483.41        1030.00        
  57       3               53483.41        54470.41        987.00         
  41       5               54470.41        55583.41        1113.00        
  10       6               55583.41        56916.41        1333.00        
  67       2               57137.27        58189.27        1052.00        
  15       2               58189.27        59595.27        1406.00        
  83       3               59595.27        60581.27        986.00         
  46       2               60581.27        62212.27        1631.00        
  36       5               63165.27        64581.27        1416.00        
  78       2               64581.27        65866.27        1285.00        
  65       4               65978.07        66887.07        909.00         
  55       6               66887.07        68097.07        1210.00        
  36       8               68097.07        69205.07        1108.00        
  14       9               69205.07        70823.07        1618.00        
  5        7               70823.07        72300.07        1477.00        

  机器利用率: 58.43% (忙碌时间: 43471.00 / 总时间: 74395.37)

离散机9:
工件号      工序号             开始时间            结束时间            加工时长           
--------------------------------------------------------------------------------
  29       2               23852.90        25527.90        1675.00        
  93       3               25563.90        26592.90        1029.00        
  45       3               26884.90        28541.90        1657.00        
  18       2               28541.90        29683.90        1142.00        
  6        5               29683.90        30960.90        1277.00        
  33       4               31250.61        32273.61        1023.00        
  13       3               32300.90        33865.90        1565.00        
  85       3               33865.90        35536.90        1671.00        
  71       2               35536.90        36605.90        1069.00        
  24       3               36605.90        38347.90        1742.00        
  33       5               38347.90        39503.90        1156.00        
  13       5               39503.90        41011.90        1508.00        
  40       3               41172.00        42482.00        1310.00        
  28       3               42482.00        44217.00        1735.00        
  23       6               44217.00        45314.00        1097.00        
  96       2               45333.15        46617.15        1284.00        
  64       2               46617.15        47818.15        1201.00        
  69       8               47818.15        48816.15        998.00         
  66       5               48816.15        49970.15        1154.00        
  25       6               49970.15        51688.15        1718.00        
  40       5               51688.15        52606.15        918.00         
  47       5               52606.15        54195.15        1589.00        
  26       8               54201.15        55265.15        1064.00        
  31       5               55265.15        56974.15        1709.00        
  99       7               56974.15        58042.15        1068.00        
  17       4               58265.27        59250.27        985.00         
  67       3               59250.27        60829.27        1579.00        
  17       5               60829.27        61835.27        1006.00        
  31       6               61835.27        63002.27        1167.00        
  65       2               63106.07        64512.07        1406.00        
  65       3               64512.07        65978.07        1466.00        
  75       4               65978.07        67568.07        1590.00        
  20       6               67568.07        68932.07        1364.00        
  34       4               68932.07        70417.07        1485.00        
  68       4               70417.07        71346.07        929.00         
  53       3               71346.07        72376.07        1030.00        
  7        6               72376.07        73838.07        1462.00        

  机器利用率: 65.63% (忙碌时间: 48828.00 / 总时间: 74395.37)

离散机10:
工件号      工序号             开始时间            结束时间            加工时长           
--------------------------------------------------------------------------------
  24       2               23852.90        25644.90        1792.00        
  93       4               26592.90        28081.90        1489.00        
  42       3               31962.61        33159.61        1197.00        
  23       5               33628.90        35233.90        1605.00        
  47       4               35233.90        36283.90        1050.00        
  25       4               36283.90        37199.90        916.00         
  45       8               37199.90        38920.90        1721.00        
  52       7               38920.90        39843.90        923.00         
  55       2               40061.00        41790.00        1729.00        
  99       2               41790.00        43087.00        1297.00        
  55       3               43087.00        44549.00        1462.00        
  4        3               44549.00        45897.00        1348.00        
  66       3               45897.00        47546.00        1649.00        
  4        4               47546.00        49249.00        1703.00        
  24       6               49249.00        50426.00        1177.00        
  33       7               50426.00        51833.00        1407.00        
  28       5               51833.00        52899.00        1066.00        
  40       6               52899.00        54445.00        1546.00        
  99       6               54445.00        55744.00        1299.00        
  17       2               56073.27        57027.27        954.00         
  37       2               57027.27        58300.27        1273.00        
  70       2               58300.27        59482.27        1182.00        
  59       2               59482.27        60870.27        1388.00        
  36       3               60870.27        61876.27        1006.00        
  77       2               61876.27        63040.27        1164.00        
  49       3               63040.27        64090.27        1050.00        
  67       4               64090.27        65027.27        937.00         
  36       6               65027.27        65975.27        948.00         
  14       8               65975.27        67232.27        1257.00        
  75       5               67568.07        69234.07        1666.00        
  86       5               69234.07        70431.07        1197.00        
  32       7               70431.07        71507.07        1076.00        
  48       2               71507.07        72946.07        1439.00        
  96       8               72946.07        73957.07        1011.00        

  机器利用率: 59.04% (忙碌时间: 43924.00 / 总时间: 74395.37)

【打印批次详细信息】
----------------------------------------------------------------------------------------------------

打印机 1 (尺寸: 1033.0 x 412.0 x 635.0):
--------------------------------------------------------------------------------
  批次 1: 零件数=16, 占用率=93.14%
    - 8: 尺寸 155.0 x 115.0 x 87.0
    - 14: 尺寸 183.0 x 98.0 x 54.0
    - 33: 尺寸 143.0 x 98.0 x 20.0
    - 61: 尺寸 533.0 x 123.0 x 54.0
    - 57: 尺寸 139.0 x 114.0 x 92.0
    - 25: 尺寸 202.0 x 207.0 x 33.0
    - 42: 尺寸 86.0 x 114.0 x 61.0
    - 85: 尺寸 63.0 x 205.0 x 96.0
    - 10: 尺寸 480.0 x 155.0 x 175.0
    - 82: 尺寸 191.0 x 198.0 x 181.0
    - 94: 尺寸 86.0 x 78.0 x 15.0
    - 13: 尺寸 87.0 x 87.0 x 191.0
    - 22: 尺寸 69.0 x 106.0 x 68.0
    - 11: 尺寸 306.0 x 123.0 x 35.0
    - 97: 尺寸 213.0 x 107.0 x 56.0
    - 32: 尺寸 66.0 x 98.0 x 75.0
  批次 2: 零件数=7, 占用率=85.37%
    - 37: 尺寸 208.0 x 179.0 x 109.0
    - 83: 尺寸 441.0 x 153.0 x 197.0
    - 86: 尺寸 349.0 x 205.0 x 127.0
    - 36: 尺寸 468.0 x 164.0 x 153.0
    - 73: 尺寸 177.0 x 159.0 x 112.0
    - 60: 尺寸 363.0 x 170.0 x 19.0
    - 90: 尺寸 241.0 x 85.0 x 93.0

打印机 2 (尺寸: 1163.0 x 587.0 x 663.0):
--------------------------------------------------------------------------------
  批次 1: 零件数=12, 占用率=87.42%
    - 18: 尺寸 207.0 x 134.0 x 86.0
    - 81: 尺寸 93.0 x 134.0 x 170.0
    - 23: 尺寸 422.0 x 283.0 x 63.0
    - 64: 尺寸 441.0 x 333.0 x 52.0
    - 88: 尺寸 207.0 x 385.0 x 83.0
    - 20: 尺寸 89.0 x 142.0 x 104.0
    - 52: 尺寸 59.0 x 170.0 x 100.0
    - 68: 尺寸 413.0 x 227.0 x 174.0
    - 16: 尺寸 441.0 x 143.0 x 42.0
    - 7: 尺寸 98.0 x 105.0 x 89.0
    - 5: 尺寸 187.0 x 63.0 x 153.0
    - 47: 尺寸 178.0 x 51.0 x 176.0
  批次 2: 零件数=11, 占用率=87.21%
    - 53: 尺寸 142.0 x 121.0 x 188.0
    - 67: 尺寸 144.0 x 121.0 x 191.0
    - 63: 尺寸 163.0 x 195.0 x 52.0
    - 43: 尺寸 713.0 x 239.0 x 46.0
    - 70: 尺寸 139.0 x 217.0 x 55.0
    - 91: 尺寸 133.0 x 179.0 x 39.0
    - 59: 尺寸 159.0 x 229.0 x 122.0
    - 89: 尺寸 233.0 x 185.0 x 23.0
    - 75: 尺寸 460.0 x 290.0 x 105.0
    - 15: 尺寸 172.0 x 255.0 x 44.0
    - 46: 尺寸 389.0 x 123.0 x 52.0
  批次 3: 零件数=4, 占用率=44.21%
    - 27: 尺寸 565.0 x 191.0 x 59.0
    - 74: 尺寸 488.0 x 192.0 x 92.0
    - 48: 尺寸 205.0 x 200.0 x 83.0
    - 79: 尺寸 382.0 x 155.0 x 83.0

打印机 3 (尺寸: 941.0 x 424.0 x 663.0):
--------------------------------------------------------------------------------
  批次 1: 零件数=11, 占用率=86.17%
    - 1: 尺寸 465.0 x 126.0 x 96.0
    - 95: 尺寸 202.0 x 55.0 x 55.0
    - 45: 尺寸 266.0 x 241.0 x 26.0
    - 9: 尺寸 101.0 x 149.0 x 45.0
    - 80: 尺寸 106.0 x 152.0 x 19.0
    - 29: 尺寸 302.0 x 137.0 x 33.0
    - 28: 尺寸 148.0 x 108.0 x 40.0
    - 69: 尺寸 101.0 x 76.0 x 43.0
    - 24: 尺寸 187.0 x 173.0 x 33.0
    - 6: 尺寸 306.0 x 134.0 x 68.0
    - 93: 尺寸 291.0 x 139.0 x 38.0
  批次 2: 零件数=1, 占用率=46.78%
    - 71: 尺寸 699.0 x 267.0 x 29.0
  批次 3: 零件数=1, 占用率=59.70%
    - 96: 尺寸 711.0 x 335.0 x 59.0
  批次 4: 零件数=2, 占用率=64.20%
    - 2: 尺寸 568.0 x 184.0 x 44.0
    - 17: 尺寸 668.0 x 227.0 x 36.0
  批次 5: 零件数=1, 占用率=42.42%
    - 65: 尺寸 688.0 x 246.0 x 28.0

打印机 4 (尺寸: 1081.0 x 523.0 x 615.0):
--------------------------------------------------------------------------------
  批次 1: 零件数=11, 占用率=87.68%
    - 98: 尺寸 197.0 x 134.0 x 63.0
    - 39: 尺寸 396.0 x 158.0 x 123.0
    - 92: 尺寸 440.0 x 247.0 x 168.0
    - 62: 尺寸 188.0 x 133.0 x 95.0
    - 72: 尺寸 426.0 x 214.0 x 34.0
    - 41: 尺寸 420.0 x 84.0 x 65.0
    - 4: 尺寸 148.0 x 136.0 x 21.0
    - 66: 尺寸 438.0 x 139.0 x 124.0
    - 35: 尺寸 106.0 x 96.0 x 48.0
    - 26: 尺寸 353.0 x 115.0 x 50.0
    - 3: 尺寸 130.0 x 114.0 x 98.0
  批次 2: 零件数=5, 占用率=79.34%
    - 56: 尺寸 312.0 x 305.0 x 32.0
    - 49: 尺寸 720.0 x 166.0 x 70.0
    - 78: 尺寸 257.0 x 259.0 x 55.0
    - 77: 尺寸 509.0 x 204.0 x 43.0
    - 54: 尺寸 529.0 x 120.0 x 52.0

打印机 5 (尺寸: 1118.0 x 504.0 x 631.0):
--------------------------------------------------------------------------------
  批次 1: 零件数=15, 占用率=77.67%
    - 12: 尺寸 132.0 x 99.0 x 97.0
    - 76: 尺寸 165.0 x 168.0 x 18.0
    - 19: 尺寸 220.0 x 58.0 x 76.0
    - 51: 尺寸 173.0 x 135.0 x 83.0
    - 99: 尺寸 390.0 x 203.0 x 186.0
    - 0: 尺寸 250.0 x 268.0 x 27.0
    - 84: 尺寸 132.0 x 148.0 x 176.0
    - 50: 尺寸 123.0 x 185.0 x 171.0
    - 34: 尺寸 118.0 x 206.0 x 193.0
    - 21: 尺寸 53.0 x 109.0 x 36.0
    - 31: 尺寸 355.0 x 260.0 x 20.0
    - 44: 尺寸 79.0 x 103.0 x 14.0
    - 40: 尺寸 122.0 x 148.0 x 103.0
    - 55: 尺寸 72.0 x 93.0 x 88.0
    - 38: 尺寸 118.0 x 144.0 x 155.0
  批次 2: 零件数=3, 占用率=65.22%
    - 30: 尺寸 686.0 x 336.0 x 90.0
    - 58: 尺寸 246.0 x 181.0 x 77.0
    - 87: 尺寸 690.0 x 134.0 x 26.0

════════════════════════════════════════════════════════════════
