迭代次数,Cmax
1,246773.0000
2,246773.0000
3,246773.0000
4,246645.9000
5,246645.9000
6,246645.9000
7,246645.9000
8,246645.9000
9,246645.9000
10,246645.9000
11,246645.9000
12,246645.9000
13,246645.9000
14,246645.9000
15,246645.9000
16,246645.9000
17,246645.9000
18,246645.9000
19,246645.9000
20,246645.9000
21,246645.9000
22,246645.9000
23,246645.9000
24,246645.9000
25,246645.9000
26,246065.0000
27,246065.0000
28,246065.0000
29,246065.0000
30,246065.0000
31,245724.6000
32,245724.6000
33,245724.6000
34,245724.6000
35,245724.6000
36,245724.6000
37,245724.6000
38,245724.6000
39,245724.6000
40,245593.0000
41,245593.0000
42,245593.0000
43,245593.0000
44,245593.0000
45,245593.0000
46,245593.0000
47,245593.0000
48,245593.0000
49,245593.0000
50,245593.0000
51,245593.0000
52,245593.0000
53,245593.0000
54,245593.0000
55,243816.9000
56,243816.9000
57,243816.9000
58,243816.9000
59,243816.9000
60,243816.9000
61,243816.9000
62,243816.9000
63,243816.9000
64,243816.9000
65,243816.9000
66,243816.9000
67,243816.9000
68,243816.9000
69,243518.1000
70,243518.1000
71,243518.1000
72,240704.4000
73,240704.4000
74,240704.4000
75,240704.4000
76,240704.4000
77,240704.4000
78,240704.4000
79,240704.4000
80,240704.4000
81,240704.4000
82,240704.4000
83,240704.4000
84,240704.4000
85,240704.4000
86,240704.4000
87,240704.4000
88,240704.4000
89,240704.4000
90,240704.4000
91,240704.4000
92,240704.4000
93,240704.4000
94,240704.4000
95,240704.4000
96,240704.4000
97,240704.4000
98,240704.4000
99,240704.4000
100,236389.0000
101,236389.0000
102,236389.0000
103,236389.0000
104,236389.0000
105,236389.0000
106,236389.0000
107,236389.0000
108,236389.0000
109,236389.0000
110,236389.0000
111,236389.0000
112,236389.0000
113,236389.0000
114,236389.0000
115,236389.0000
116,236389.0000
117,236389.0000
118,234155.7000
119,234155.7000
120,234155.7000
121,234155.7000
122,234155.7000
123,234155.7000
124,234155.7000
125,234155.7000
126,234155.7000
127,234155.7000
128,234155.7000
129,234155.7000
130,234155.7000
131,234155.7000
132,234155.7000
133,234155.7000
134,234155.7000
135,234155.7000
136,234155.7000
137,234155.7000
138,234155.7000
139,234155.7000
140,234155.7000
141,234155.7000
142,234155.7000
143,234155.7000
144,234155.7000
145,234155.7000
146,234155.7000
147,234155.7000
148,234155.7000
149,234155.7000
150,234155.7000
151,234155.7000
152,234155.7000
153,234155.7000
154,234155.7000
155,234155.7000
156,234155.7000
157,234155.7000
158,234155.7000
159,234155.7000
160,234155.7000
161,234155.7000
162,234155.7000
163,234155.7000
164,234155.7000
165,234155.7000
166,234155.7000
167,234155.7000
168,234155.7000
169,234155.7000
170,234155.7000
171,234155.7000
172,234155.7000
173,234155.7000
174,234155.7000
175,234155.7000
176,234155.7000
177,234155.7000
178,234155.7000
179,234155.7000
180,234155.7000
181,234155.7000
182,234155.7000
183,234155.7000
184,234155.7000
185,234155.7000
186,234155.7000
187,234155.7000
188,234155.7000
189,234155.7000
190,234155.7000
191,234155.7000
192,234155.7000
193,234155.7000
194,234155.7000
195,234155.7000
196,234155.7000
197,234155.7000
198,234155.7000
199,234155.7000
200,234155.7000
201,234155.7000
202,234155.7000
203,234155.7000
204,234155.7000
205,234155.7000
206,234155.7000
207,234155.7000
208,234155.7000
209,234155.7000
210,234155.7000
211,234155.7000
212,234155.7000
213,234155.7000
214,234155.7000
215,234155.7000
216,234155.7000
217,234155.7000
218,234155.7000
219,234155.7000
220,234155.7000
221,234155.7000
222,234155.7000
223,234155.7000
224,234155.7000
225,234155.7000
226,234155.7000
227,234155.7000
228,234155.7000
229,234155.7000
230,234155.7000
231,234155.7000
232,234155.7000
233,234155.7000
234,234155.7000
235,234155.7000
236,234155.7000
237,234155.7000
238,234155.7000
239,234155.7000
240,234155.7000
241,234155.7000
242,234155.7000
243,234155.7000
244,234155.7000
245,234155.7000
246,234155.7000
247,234155.7000
248,234155.7000
249,234155.7000
250,234155.7000
251,234155.7000
252,234155.7000
253,234155.7000
254,228601.0000
255,228601.0000
256,228601.0000
257,228601.0000
258,228601.0000
259,228601.0000
260,228601.0000
261,228601.0000
262,228601.0000
263,228601.0000
264,228601.0000
265,228601.0000
266,228601.0000
267,228601.0000
268,228601.0000
269,228601.0000
270,228601.0000
271,228601.0000
272,228601.0000
273,228601.0000
274,228601.0000
275,228601.0000
276,228601.0000
277,228601.0000
278,228601.0000
279,228601.0000
280,228601.0000
281,228553.2000
282,228553.2000
283,228553.2000
284,228553.2000
285,228553.2000
286,228553.2000
287,228553.2000
288,228553.2000
289,228553.2000
290,228553.2000
291,228553.2000
292,228553.2000
293,228553.2000
294,228553.2000
295,228553.2000
296,228553.2000
297,228553.2000
298,228553.2000
299,228553.2000
300,228553.2000
301,228553.2000
302,228553.2000
303,228553.2000
304,228553.2000
305,228553.2000
306,228553.2000
307,228553.2000
308,228553.2000
309,228553.2000
310,228553.2000
311,228553.2000
312,228553.2000
313,228553.2000
314,228553.2000
315,228553.2000
316,228553.2000
317,228553.2000
318,228553.2000
319,228553.2000
320,228553.2000
321,228553.2000
322,228553.2000
323,228553.2000
324,228553.2000
325,228553.2000
326,228553.2000
327,228553.2000
328,228553.2000
329,228553.2000
330,228553.2000
331,228553.2000
332,228553.2000
333,228553.2000
334,228553.2000
335,228553.2000
336,228553.2000
337,228553.2000
338,228553.2000
339,228553.2000
340,228553.2000
341,228553.2000
342,228553.2000
343,228553.2000
344,228553.2000
345,228553.2000
346,228553.2000
347,228553.2000
348,228553.2000
349,228553.2000
350,228553.2000
351,228553.2000
352,228553.2000
353,228553.2000
354,228553.2000
355,228553.2000
356,228553.2000
357,228553.2000
358,228553.2000
359,228553.2000
360,228553.2000
361,228553.2000
362,228553.2000
363,228553.2000
364,228553.2000
365,228553.2000
366,228553.2000
367,228553.2000
368,228553.2000
369,228553.2000
370,228553.2000
371,228553.2000
372,228553.2000
373,228553.2000
374,228553.2000
375,228553.2000
376,228553.2000
377,228553.2000
378,228553.2000
379,228553.2000
380,228553.2000
381,228553.2000
382,228553.2000
383,228553.2000
384,228553.2000
385,228553.2000
386,228553.2000
387,228553.2000
388,228553.2000
389,228553.2000
390,228553.2000
391,228553.2000
392,228553.2000
393,228553.2000
394,228553.2000
395,228553.2000
396,228553.2000
397,228553.2000
398,228553.2000
399,228553.2000
400,228553.2000
401,228553.2000
402,228553.2000
403,228553.2000
404,228553.2000
405,228553.2000
406,228553.2000
407,228553.2000
408,228553.2000
409,228553.2000
410,228553.2000
411,228553.2000
412,228553.2000
413,228553.2000
414,228553.2000
415,228553.2000
416,228553.2000
417,228553.2000
418,228553.2000
419,228553.2000
420,228553.2000
421,228553.2000
422,228553.2000
423,228553.2000
424,228553.2000
425,228553.2000
426,228553.2000
427,228553.2000
428,228553.2000
429,228553.2000
430,228553.2000
431,228553.2000
432,228553.2000
433,228553.2000
434,228553.2000
435,228553.2000
436,228553.2000
437,228553.2000
438,228553.2000
439,228553.2000
440,228553.2000
441,228553.2000
442,228553.2000
443,228553.2000
444,228553.2000
445,228553.2000
446,228553.2000
447,228553.2000
448,228553.2000
449,228553.2000
450,228553.2000
451,228553.2000
452,228553.2000
453,228553.2000
454,228553.2000
455,228553.2000
456,228553.2000
457,228553.2000
458,228553.2000
459,228553.2000
460,228553.2000
461,228553.2000
462,228553.2000
463,228553.2000
464,228553.2000
465,228254.4000
466,228254.4000
467,228254.4000
468,228254.4000
469,228254.4000
470,228254.4000
471,228254.4000
472,228254.4000
473,228254.4000
474,228254.4000
475,228254.4000
476,228254.4000
477,228254.4000
478,228254.4000
479,228254.4000
480,228254.4000
481,228254.4000
482,228254.4000
483,228254.4000
484,228254.4000
485,228254.4000
486,228254.4000
487,228254.4000
488,228254.4000
489,228254.4000
490,228254.4000
491,228254.4000
492,228254.4000
493,228254.4000
494,228254.4000
495,228254.4000
496,228254.4000
497,228254.4000
498,228254.4000
499,228254.4000
500,228254.4000
501,228254.4000
502,228254.4000
503,228254.4000
504,228254.4000
505,228254.4000
506,228254.4000
507,228254.4000
508,228254.4000
509,228254.4000
510,228254.4000
511,228254.4000
512,228254.4000
513,227631.9000
514,227631.9000
515,227631.9000
516,227631.9000
517,227631.9000
518,227631.9000
519,227631.9000
520,227631.9000
521,227631.9000
522,227631.9000
523,227631.9000
524,227631.9000
525,227631.9000
526,227631.9000
527,227631.9000
528,227631.9000
529,227631.9000
530,227631.9000
531,227631.9000
532,227631.9000
533,227631.9000
534,227631.9000
535,227631.9000
536,227631.9000
537,227631.9000
538,227631.9000
539,227631.9000
540,227631.9000
541,227631.9000
542,227631.9000
543,227631.9000
544,227631.9000
545,227631.9000
546,227631.9000
547,227631.9000
548,227631.9000
549,227631.9000
550,227631.9000
551,227631.9000
552,227631.9000
553,227631.9000
554,227631.9000
555,227631.9000
556,227631.9000
557,227631.9000
558,227631.9000
559,227631.9000
560,227631.9000
561,227631.9000
562,227631.9000
563,227631.9000
564,227631.9000
565,227631.9000
566,227631.9000
567,227631.9000
568,227631.9000
569,227631.9000
570,227631.9000
571,227631.9000
572,227631.9000
573,227631.9000
574,227631.9000
575,227631.9000
576,227631.9000
577,227631.9000
578,227631.9000
579,227631.9000
580,227631.9000
581,227631.9000
582,227631.9000
583,227631.9000
584,227631.9000
585,227631.9000
586,227631.9000
587,227631.9000
588,227631.9000
589,227631.9000
590,227631.9000
591,227631.9000
592,227631.9000
593,227631.9000
594,227631.9000
595,227631.9000
596,227631.9000
597,227631.9000
598,227631.9000
599,227631.9000
600,227631.9000
601,227631.9000
602,227631.9000
603,227631.9000
604,227631.9000
605,227631.9000
606,227631.9000
607,227631.9000
608,227631.9000
609,227631.9000
610,227631.9000
611,227631.9000
612,227631.9000
613,227631.9000
614,227631.9000
615,227631.9000
616,227631.9000
617,227631.9000
618,227631.9000
619,227631.9000
620,227631.9000
621,227631.9000
622,227631.9000
623,227631.9000
624,227631.9000
625,227631.9000
626,227631.9000
627,227631.9000
628,227631.9000
629,227631.9000
630,227631.9000
631,227631.9000
632,227631.9000
633,227631.9000
634,227631.9000
635,227631.9000
636,227631.9000
637,227631.9000
638,227631.9000
639,227631.9000
640,227631.9000
641,227631.9000
642,227631.9000
643,227631.9000
644,227631.9000
645,227631.9000
646,227631.9000
647,227631.9000
648,227631.9000
649,227631.9000
650,227631.9000
651,227631.9000
652,227631.9000
653,227631.9000
654,227631.9000
655,227631.9000
656,227631.9000
657,227631.9000
658,227631.9000
659,227631.9000
660,227631.9000
661,227631.9000
662,227631.9000
663,227631.9000
664,227631.9000
665,227631.9000
666,227631.9000
667,227631.9000
668,227631.9000
669,227631.9000
670,227631.9000
671,227631.9000
672,227631.9000
673,227631.9000
674,227631.9000
675,227631.9000
676,227631.9000
677,227631.9000
678,227631.9000
679,227631.9000
680,227631.9000
681,227631.9000
682,227631.9000
683,227631.9000
684,227631.9000
685,227631.9000
686,227631.9000
687,227631.9000
688,227631.9000
689,227631.9000
690,227631.9000
691,227631.9000
692,227631.9000
693,227631.9000
694,227631.9000
695,227631.9000
696,227631.9000
697,227631.9000
698,227631.9000
699,227631.9000
700,227631.9000
701,227631.9000
702,227631.9000
703,227631.9000
704,227631.9000
705,227631.9000
706,227631.9000
707,227631.9000
708,227631.9000
709,227631.9000
710,227631.9000
711,227631.9000
712,227631.9000
713,227631.9000
714,227631.9000
715,227631.9000
716,227631.9000
717,227631.9000
718,227631.9000
719,227631.9000
720,227631.9000
721,227631.9000
722,227631.9000
723,227631.9000
724,227631.9000
725,227631.9000
726,227631.9000
727,227631.9000
728,227631.9000
729,227631.9000
730,227631.9000
731,227631.9000
732,227631.9000
733,227631.9000
734,227631.9000
735,227631.9000
736,227631.9000
737,227631.9000
738,227631.9000
739,227631.9000
740,227631.9000
741,227631.9000
742,227631.9000
743,227631.9000
744,227631.9000
745,227631.9000
746,227631.9000
747,227631.9000
748,227631.9000
749,227631.9000
750,227631.9000
751,227631.9000
752,227631.9000
753,227631.9000
754,227631.9000
755,227631.9000
756,227631.9000
757,227631.9000
758,227631.9000
759,227631.9000
760,227631.9000
761,227631.9000
762,227631.9000
763,227631.9000
764,227631.9000
765,227631.9000
766,227631.9000
767,227631.9000
768,227631.9000
769,227631.9000
770,227631.9000
771,227631.9000
772,227631.9000
773,227631.9000
774,227631.9000
775,227631.9000
776,227631.9000
777,227631.9000
778,227631.9000
779,227631.9000
780,227631.9000
781,227631.9000
782,227631.9000
783,227631.9000
784,227631.9000
785,227631.9000
786,227631.9000
787,227631.9000
788,227631.9000
789,227631.9000
790,227631.9000
791,227631.9000
792,227631.9000
793,227631.9000
794,227631.9000
795,227631.9000
796,227631.9000
797,227631.9000
798,227631.9000
799,227631.9000
800,227631.9000
801,227631.9000
802,227631.9000
803,227631.9000
804,227631.9000
805,227631.9000
806,227631.9000
807,227631.9000
808,227631.9000
809,227631.9000
810,227631.9000
811,227631.9000
812,227631.9000
813,227631.9000
814,227631.9000
815,227631.9000
816,227631.9000
817,227631.9000
818,227631.9000
819,227631.9000
820,227631.9000
821,227631.9000
822,227631.9000
823,227631.9000
824,227631.9000
825,227631.9000
826,227631.9000
827,227631.9000
828,227631.9000
829,227631.9000
830,227631.9000
831,227631.9000
832,227631.9000
833,227631.9000
834,227631.9000
835,227631.9000
836,227631.9000
837,227631.9000
838,227631.9000
839,227631.9000
840,227631.9000
841,227631.9000
842,227631.9000
843,227631.9000
844,227631.9000
845,227631.9000
846,227631.9000
847,227631.9000
848,227631.9000
849,227631.9000
850,227631.9000
851,227631.9000
852,227631.9000
853,227631.9000
854,227631.9000
855,227631.9000
856,227631.9000
857,227631.9000
858,227631.9000
859,227631.9000
860,227631.9000
861,227631.9000
862,227631.9000
863,227631.9000
864,227631.9000
865,227631.9000
866,227631.9000
867,227631.9000
868,227631.9000
869,227631.9000
870,227631.9000
871,227631.9000
872,227631.9000
873,227631.9000
874,227631.9000
875,227631.9000
876,227631.9000
877,227631.9000
878,227631.9000
879,227631.9000
880,227631.9000
881,227631.9000
882,227631.9000
883,227631.9000
884,227631.9000
885,227631.9000
886,227631.9000
887,227631.9000
888,227631.9000
889,227631.9000
890,227631.9000
891,227631.9000
892,227631.9000
893,227631.9000
894,227631.9000
895,227631.9000
896,227631.9000
897,227631.9000
898,227631.9000
899,227631.9000
900,227631.9000
901,227631.9000
902,227631.9000
903,227631.9000
904,227631.9000
905,227631.9000
906,227631.9000
907,227631.9000
908,227631.9000
909,227631.9000
910,227631.9000
911,227631.9000
912,227631.9000
913,227631.9000
914,227631.9000
915,227631.9000
916,227631.9000
917,227631.9000
918,227631.9000
919,227631.9000
920,227631.9000
921,227631.9000
922,227631.9000
923,227631.9000
924,227631.9000
925,227631.9000
926,227631.9000
927,227631.9000
928,227631.9000
929,227631.9000
930,227631.9000
931,227631.9000
932,227631.9000
933,227631.9000
934,227631.9000
935,227631.9000
936,227631.9000
937,227631.9000
938,227631.9000
939,227631.9000
940,227631.9000
941,227631.9000
942,227631.9000
943,227631.9000
944,227631.9000
945,227631.9000
946,227631.9000
947,227631.9000
948,227631.9000
949,227631.9000
950,227631.9000
951,227631.9000
952,227631.9000
953,227631.9000
954,227631.9000
955,227631.9000
956,227631.9000
957,227631.9000
958,227631.9000
959,227631.9000
960,227631.9000
961,227631.9000
962,227631.9000
963,227631.9000
964,227631.9000
965,227631.9000
966,227631.9000
967,227631.9000
968,227631.9000
969,227631.9000
970,227631.9000
971,227631.9000
972,227631.9000
973,227631.9000
974,227631.9000
975,227631.9000
976,227631.9000
977,227631.9000
978,227631.9000
979,227631.9000
980,227631.9000
981,227631.9000
982,227631.9000
983,227631.9000
984,227631.9000
985,227631.9000
986,227631.9000
987,227631.9000
988,227631.9000
989,227631.9000
990,227631.9000
991,227631.9000
992,227631.9000
993,227631.9000
994,227631.9000
995,227631.9000
996,227631.9000
997,227631.9000
998,227631.9000
999,227631.9000
1000,227631.9000
1001,227631.9000
1002,227631.9000
1003,227631.9000
1004,227631.9000
1005,227631.9000
1006,227631.9000
1007,227631.9000
1008,227631.9000
1009,227631.9000
1010,227631.9000
1011,227631.9000
1012,227631.9000
1013,227631.9000
1014,227631.9000
1015,227631.9000
1016,227631.9000
1017,227631.9000
1018,227631.9000
1019,227631.9000
1020,227631.9000
1021,227631.9000
1022,227631.9000
1023,227631.9000
1024,227631.9000
1025,227631.9000
1026,227631.9000
1027,227631.9000
1028,227631.9000
1029,227631.9000
1030,227631.9000
1031,227631.9000
1032,227631.9000
1033,227631.9000
1034,227631.9000
1035,227631.9000
1036,227631.9000
1037,227631.9000
1038,227631.9000
1039,227631.9000
1040,227631.9000
1041,227631.9000
1042,227631.9000
1043,227631.9000
1044,227631.9000
1045,227631.9000
1046,227631.9000
1047,227631.9000
1048,227631.9000
1049,227631.9000
1050,227631.9000
1051,227631.9000
1052,227631.9000
1053,227631.9000
1054,227631.9000
1055,227631.9000
1056,227631.9000
1057,227631.9000
1058,227631.9000
1059,227631.9000
1060,227631.9000
1061,227631.9000
1062,227631.9000
1063,227631.9000
1064,227631.9000
1065,227631.9000
1066,227631.9000
1067,227631.9000
1068,227631.9000
1069,227631.9000
1070,227631.9000
1071,227631.9000
1072,227631.9000
1073,227631.9000
1074,227631.9000
1075,227631.9000
1076,227631.9000
1077,227631.9000
1078,227631.9000
1079,227631.9000
1080,227631.9000
1081,227631.9000
1082,227631.9000
1083,227631.9000
1084,227631.9000
1085,227631.9000
1086,227631.9000
1087,227631.9000
1088,227631.9000
1089,227631.9000
1090,227631.9000
1091,227631.9000
1092,227631.9000
1093,227631.9000
1094,227631.9000
1095,227631.9000
1096,227631.9000
1097,227631.9000
1098,227631.9000
1099,227631.9000
1100,227631.9000
1101,227631.9000
1102,227631.9000
1103,227631.9000
1104,227631.9000
1105,227631.9000
1106,227631.9000
1107,227631.9000
1108,227631.9000
1109,227631.9000
1110,227631.9000
1111,227631.9000
1112,227631.9000
1113,227631.9000
1114,227631.9000
1115,227631.9000
1116,227631.9000
1117,227631.9000
1118,227631.9000
1119,227631.9000
1120,227631.9000
1121,227631.9000
1122,227631.9000
1123,227631.9000
1124,227631.9000
1125,227631.9000
1126,227631.9000
1127,227631.9000
1128,227631.9000
1129,227631.9000
1130,227631.9000
1131,227631.9000
1132,227631.9000
1133,227631.9000
1134,227631.9000
1135,227631.9000
1136,227631.9000
1137,227631.9000
1138,227631.9000
1139,227631.9000
1140,227631.9000
1141,227631.9000
1142,227631.9000
1143,227631.9000
1144,227631.9000
1145,227631.9000
1146,227631.9000
1147,227631.9000
1148,227631.9000
1149,227631.9000
1150,227631.9000
1151,227631.9000
1152,227631.9000
1153,227631.9000
1154,227631.9000
1155,227631.9000
1156,227631.9000
1157,227631.9000
1158,227631.9000
1159,227631.9000
1160,227631.9000
1161,227631.9000
1162,227631.9000
1163,227631.9000
1164,227631.9000
1165,227631.9000
1166,227631.9000
1167,227631.9000
1168,227631.9000
1169,227631.9000
1170,227631.9000
1171,227631.9000
1172,227631.9000
1173,227631.9000
1174,227631.9000
1175,227631.9000
1176,227631.9000
1177,227631.9000
1178,227631.9000
1179,227631.9000
1180,227631.9000
1181,227631.9000
1182,227631.9000
1183,227631.9000
1184,227631.9000
1185,227631.9000
1186,227631.9000
1187,227631.9000
1188,227631.9000
1189,227631.9000
1190,227631.9000
1191,227631.9000
1192,227631.9000
1193,227631.9000
1194,227631.9000
1195,227631.9000
1196,227631.9000
1197,227631.9000
1198,227631.9000
1199,227631.9000
1200,227631.9000
1201,227631.9000
1202,227631.9000
1203,227631.9000
1204,227631.9000
1205,227631.9000
1206,227631.9000
1207,227631.9000
1208,227631.9000
1209,227631.9000
1210,227631.9000
1211,227631.9000
1212,227631.9000
1213,227631.9000
1214,227631.9000
1215,227631.9000
1216,227631.9000
1217,227631.9000
1218,227631.9000
1219,227631.9000
1220,227631.9000
1221,227631.9000
1222,227631.9000
1223,227631.9000
1224,227631.9000
1225,227631.9000
1226,227631.9000
1227,227631.9000
1228,227631.9000
1229,227631.9000
1230,227631.9000
1231,227631.9000
1232,227631.9000
1233,227631.9000
1234,227631.9000
1235,227631.9000
1236,227631.9000
1237,227631.9000
1238,227631.9000
1239,227631.9000
1240,227631.9000
1241,227631.9000
1242,227631.9000
1243,227631.9000
1244,227631.9000
1245,227631.9000
1246,227631.9000
1247,227631.9000
1248,227631.9000
1249,227631.9000
1250,227631.9000
1251,227631.9000
1252,227631.9000
1253,227631.9000
1254,227631.9000
1255,227631.9000
1256,227631.9000
1257,227631.9000
1258,227631.9000
1259,227631.9000
1260,227631.9000
1261,227631.9000
1262,227631.9000
1263,227631.9000
1264,227631.9000
1265,227631.9000
1266,227631.9000
1267,227631.9000
1268,227631.9000
1269,227631.9000
1270,227631.9000
1271,227631.9000
1272,227631.9000
1273,227631.9000
1274,227631.9000
1275,227631.9000
1276,227631.9000
1277,227631.9000
1278,227631.9000
1279,227631.9000
1280,227631.9000
1281,227631.9000
1282,227631.9000
1283,227631.9000
1284,227631.9000
1285,227631.9000
1286,227631.9000
1287,227631.9000
1288,227631.9000
1289,227631.9000
1290,227631.9000
1291,227631.9000
1292,227631.9000
1293,227631.9000
1294,227631.9000
1295,227631.9000
1296,227631.9000
1297,227631.9000
1298,227631.9000
1299,227631.9000
1300,227631.9000
1301,227631.9000
1302,227631.9000
1303,227631.9000
1304,227631.9000
1305,227631.9000
1306,227631.9000
1307,227631.9000
1308,227631.9000
1309,227631.9000
1310,227631.9000
1311,227631.9000
1312,227631.9000
1313,227631.9000
1314,227631.9000
1315,227631.9000
1316,227631.9000
1317,227631.9000
1318,227631.9000
1319,227631.9000
1320,227631.9000
1321,227631.9000
1322,227631.9000
1323,227631.9000
1324,227631.9000
1325,227631.9000
1326,227631.9000
1327,227631.9000
1328,227631.9000
1329,227631.9000
1330,227631.9000
1331,227631.9000
1332,227631.9000
1333,227631.9000
1334,227631.9000
1335,227631.9000
1336,227631.9000
1337,227631.9000
1338,227631.9000
1339,227631.9000
1340,227631.9000
1341,227631.9000
1342,227631.9000
1343,227631.9000
1344,227631.9000
1345,227631.9000
1346,227631.9000
1347,227631.9000
1348,227631.9000
1349,227631.9000
1350,227631.9000
1351,227631.9000
1352,227631.9000
1353,227631.9000
1354,227631.9000
1355,227631.9000
1356,227631.9000
1357,227631.9000
1358,227631.9000
1359,227631.9000
1360,227631.9000
1361,227631.9000
1362,227631.9000
1363,227631.9000
1364,227631.9000
1365,227631.9000
1366,227631.9000
1367,227631.9000
1368,227631.9000
1369,227631.9000
1370,227631.9000
1371,227631.9000
1372,227631.9000
1373,227631.9000
1374,227631.9000
1375,227631.9000
1376,227631.9000
1377,227631.9000
1378,227631.9000
1379,227631.9000
1380,227631.9000
1381,227631.9000
1382,227631.9000
1383,227631.9000
1384,227631.9000
1385,227631.9000
1386,227631.9000
1387,227631.9000
1388,227631.9000
1389,227631.9000
1390,227631.9000
1391,227631.9000
1392,227631.9000
1393,227631.9000
1394,227631.9000
1395,227631.9000
1396,227631.9000
1397,227631.9000
1398,227631.9000
1399,227631.9000
1400,227631.9000
1401,227631.9000
1402,227631.9000
1403,227631.9000
1404,227631.9000
1405,227631.9000
1406,227631.9000
1407,227631.9000
1408,227631.9000
1409,227631.9000
1410,227631.9000
1411,227631.9000
1412,227631.9000
1413,227631.9000
1414,227631.9000
1415,227631.9000
1416,227631.9000
1417,227631.9000
1418,227631.9000
1419,227631.9000
1420,227631.9000
1421,227631.9000
1422,227631.9000
1423,227631.9000
1424,227631.9000
1425,227631.9000
1426,227631.9000
1427,227631.9000
1428,227631.9000
1429,227631.9000
1430,227631.9000
1431,227631.9000
1432,227631.9000
1433,227631.9000
1434,227631.9000
1435,227631.9000
1436,227631.9000
1437,227631.9000
1438,227631.9000
1439,227631.9000
1440,227631.9000
1441,227631.9000
1442,227631.9000
1443,227631.9000
1444,227631.9000
1445,227631.9000
1446,227631.9000
1447,227631.9000
1448,227631.9000
1449,227631.9000
1450,227631.9000
1451,227631.9000
1452,227631.9000
1453,227631.9000
1454,227631.9000
1455,227631.9000
1456,227631.9000
1457,227631.9000
1458,227631.9000
1459,227631.9000
1460,227631.9000
1461,227631.9000
1462,227631.9000
1463,227631.9000
1464,227631.9000
1465,227631.9000
1466,227631.9000
1467,227631.9000
1468,227631.9000
1469,227631.9000
1470,227631.9000
1471,227631.9000
1472,227631.9000
1473,227631.9000
1474,227631.9000
1475,227631.9000
1476,227631.9000
1477,227631.9000
1478,227631.9000
1479,227631.9000
1480,227631.9000
1481,227631.9000
1482,227631.9000
1483,227631.9000
1484,227631.9000
1485,227631.9000
1486,227631.9000
1487,227631.9000
1488,227631.9000
1489,227631.9000
1490,227631.9000
1491,227631.9000
1492,227631.9000
1493,227631.9000
1494,227631.9000
1495,227631.9000
1496,227631.9000
1497,227631.9000
1498,227631.9000
1499,227631.9000
1500,227631.9000
1501,227631.9000
1502,227631.9000
1503,227631.9000
1504,227631.9000
1505,227631.9000
1506,227631.9000
1507,227631.9000
1508,227631.9000
1509,227631.9000
1510,227631.9000
1511,227631.9000
1512,227631.9000
1513,227631.9000
1514,227631.9000
1515,227631.9000
1516,227631.9000
1517,227631.9000
1518,227631.9000
1519,227631.9000
1520,227631.9000
1521,227631.9000
1522,227631.9000
1523,227631.9000
1524,227631.9000
1525,227631.9000
1526,227631.9000
1527,227631.9000
1528,227631.9000
1529,227631.9000
1530,227631.9000
1531,227631.9000
1532,227631.9000
1533,227631.9000
1534,227631.9000
1535,227631.9000
1536,227631.9000
1537,227631.9000
1538,227631.9000
1539,227631.9000
1540,227631.9000
1541,227631.9000
1542,227631.9000
1543,227631.9000
1544,227631.9000
1545,227631.9000
1546,227631.9000
1547,227631.9000
1548,227631.9000
1549,227631.9000
1550,227631.9000
1551,227631.9000
1552,227631.9000
1553,227631.9000
1554,227631.9000
1555,227631.9000
1556,227631.9000
1557,227631.9000
1558,227631.9000
1559,227631.9000
1560,227631.9000
1561,227631.9000
1562,227631.9000
1563,227631.9000
1564,227631.9000
1565,227631.9000
1566,227631.9000
1567,227631.9000
1568,227631.9000
1569,227631.9000
1570,227631.9000
1571,227631.9000
1572,227631.9000
1573,227631.9000
1574,227631.9000
1575,227631.9000
1576,227631.9000
1577,227631.9000
1578,227631.9000
1579,227631.9000
1580,227631.9000
1581,227631.9000
1582,227631.9000
1583,227631.9000
1584,227631.9000
1585,227631.9000
1586,227631.9000
1587,227631.9000
1588,227631.9000
1589,227631.9000
1590,227631.9000
1591,227631.9000
1592,227631.9000
1593,227631.9000
1594,227631.9000
1595,227631.9000
1596,227631.9000
1597,227631.9000
1598,227631.9000
1599,227631.9000
1600,227631.9000
1601,227631.9000
1602,227631.9000
1603,227631.9000
1604,227631.9000
1605,227631.9000
1606,227631.9000
1607,227631.9000
1608,227631.9000
1609,227631.9000
1610,227631.9000
1611,227631.9000
1612,227631.9000
1613,227631.9000
1614,227631.9000
1615,227631.9000
1616,227631.9000
1617,227631.9000
1618,227631.9000
1619,227631.9000
1620,227631.9000
1621,227631.9000
1622,227631.9000
1623,227631.9000
1624,227631.9000
1625,227631.9000
1626,227631.9000
1627,227631.9000
1628,227631.9000
1629,227631.9000
1630,227631.9000
1631,227631.9000
1632,227631.9000
1633,227631.9000
1634,227631.9000
1635,227631.9000
1636,227631.9000
1637,227631.9000
1638,227631.9000
1639,227631.9000
1640,227631.9000
1641,227631.9000
1642,227631.9000
1643,227631.9000
1644,227631.9000
1645,227631.9000
1646,227631.9000
1647,227631.9000
1648,227631.9000
1649,227631.9000
1650,227631.9000
1651,227631.9000
1652,227631.9000
1653,227631.9000
1654,227631.9000
1655,227631.9000
1656,227631.9000
1657,227631.9000
1658,227631.9000
1659,227631.9000
1660,227631.9000
1661,227631.9000
1662,227631.9000
1663,227631.9000
1664,227631.9000
1665,227631.9000
1666,227631.9000
1667,227631.9000
1668,227631.9000
1669,227631.9000
1670,227631.9000
1671,227631.9000
1672,227631.9000
1673,227631.9000
1674,227631.9000
1675,227631.9000
1676,227631.9000
1677,227631.9000
1678,227631.9000
1679,227631.9000
1680,227631.9000
1681,227631.9000
1682,227631.9000
1683,227631.9000
1684,227631.9000
1685,227631.9000
1686,227631.9000
1687,227631.9000
1688,227631.9000
1689,227631.9000
1690,227631.9000
1691,227631.9000
1692,227631.9000
1693,227631.9000
1694,227631.9000
1695,227631.9000
1696,227631.9000
1697,227631.9000
1698,227631.9000
1699,227631.9000
1700,227631.9000
1701,227631.9000
1702,227631.9000
1703,227631.9000
1704,227631.9000
1705,227631.9000
1706,227631.9000
1707,227631.9000
1708,227631.9000
1709,227631.9000
1710,227631.9000
1711,227631.9000
1712,227631.9000
1713,227631.9000
1714,227631.9000
1715,227631.9000
1716,227631.9000
1717,227631.9000
1718,227631.9000
1719,227631.9000
1720,227631.9000
1721,227631.9000
1722,227631.9000
1723,227631.9000
1724,227631.9000
1725,227631.9000
1726,227631.9000
1727,227631.9000
1728,227631.9000
1729,227631.9000
1730,227631.9000
1731,227631.9000
1732,227631.9000
1733,227631.9000
1734,227631.9000
1735,227631.9000
1736,227631.9000
1737,227631.9000
1738,227631.9000
1739,227631.9000
1740,227631.9000
1741,227631.9000
1742,227631.9000
1743,227631.9000
1744,227631.9000
1745,227631.9000
1746,227631.9000
1747,227631.9000
1748,227631.9000
1749,227631.9000
1750,227631.9000
1751,227631.9000
1752,227631.9000
1753,227631.9000
1754,227631.9000
1755,227631.9000
1756,227631.9000
1757,227631.9000
1758,227631.9000
1759,227631.9000
1760,227631.9000
1761,227631.9000
1762,227631.9000
1763,227631.9000
1764,227631.9000
1765,227631.9000
1766,227631.9000
1767,227631.9000
1768,227631.9000
1769,227631.9000
1770,227631.9000
1771,227631.9000
1772,227631.9000
1773,227631.9000
1774,227631.9000
1775,227631.9000
1776,227631.9000
1777,227631.9000
1778,227631.9000
1779,227631.9000
1780,227631.9000
1781,227631.9000
1782,227631.9000
1783,227631.9000
1784,227631.9000
1785,227631.9000
1786,227631.9000
1787,227631.9000
1788,227631.9000
1789,227631.9000
1790,227631.9000
1791,227631.9000
1792,227631.9000
1793,227631.9000
1794,227631.9000
1795,227631.9000
1796,227631.9000
1797,227631.9000
1798,227631.9000
1799,227631.9000
1800,227631.9000
1801,227631.9000
1802,227631.9000
1803,227631.9000
1804,227631.9000
1805,227631.9000
1806,227631.9000
1807,227631.9000
1808,227631.9000
1809,227631.9000
1810,227631.9000
1811,227631.9000
1812,227631.9000
1813,227631.9000
1814,227631.9000
1815,227631.9000
1816,227631.9000
1817,227631.9000
1818,227631.9000
1819,227631.9000
1820,227631.9000
1821,227631.9000
1822,227631.9000
1823,227631.9000
1824,227631.9000
1825,227631.9000
1826,227631.9000
1827,227631.9000
1828,227631.9000
1829,227631.9000
1830,227631.9000
1831,227631.9000
1832,227631.9000
1833,227631.9000
1834,227631.9000
1835,227631.9000
1836,227631.9000
1837,227631.9000
1838,227631.9000
1839,227631.9000
1840,227631.9000
1841,227631.9000
1842,227631.9000
1843,227631.9000
1844,227631.9000
1845,227631.9000
1846,227631.9000
1847,227631.9000
1848,227631.9000
1849,227631.9000
1850,227631.9000
1851,227631.9000
1852,227631.9000
1853,227631.9000
1854,227631.9000
1855,227631.9000
1856,227631.9000
1857,227631.9000
1858,227631.9000
1859,227631.9000
1860,227631.9000
1861,227631.9000
1862,227631.9000
1863,227631.9000
1864,227631.9000
1865,227631.9000
1866,227631.9000
1867,227631.9000
1868,227631.9000
1869,227631.9000
1870,227631.9000
1871,227631.9000
1872,227631.9000
1873,227631.9000
1874,227631.9000
1875,227631.9000
1876,227631.9000
1877,227631.9000
1878,227631.9000
1879,227631.9000
1880,227631.9000
1881,227631.9000
1882,227631.9000
1883,227631.9000
1884,227631.9000
1885,227631.9000
1886,227631.9000
1887,227631.9000
1888,227631.9000
1889,227631.9000
1890,227631.9000
1891,227631.9000
1892,227631.9000
1893,227631.9000
1894,227631.9000
1895,227631.9000
1896,227631.9000
1897,227631.9000
1898,227631.9000
1899,227631.9000
1900,227631.9000
1901,227631.9000
1902,227631.9000
1903,227631.9000
1904,227631.9000
1905,227631.9000
1906,227631.9000
1907,227631.9000
1908,227631.9000
1909,227631.9000
1910,227631.9000
1911,227631.9000
1912,227631.9000
1913,227631.9000
1914,227631.9000
1915,227631.9000
1916,227631.9000
1917,227631.9000
1918,227631.9000
1919,227631.9000
1920,227631.9000
1921,227631.9000
1922,227631.9000
1923,227631.9000
1924,227631.9000
1925,227631.9000
1926,227631.9000
1927,227631.9000
1928,227631.9000
1929,227631.9000
1930,227631.9000
1931,227631.9000
1932,227631.9000
1933,227631.9000
1934,227631.9000
1935,227631.9000
1936,227631.9000
1937,227631.9000
1938,227631.9000
1939,227631.9000
1940,227631.9000
1941,227631.9000
1942,227631.9000
1943,227631.9000
1944,227631.9000
1945,227631.9000
1946,227631.9000
1947,227631.9000
1948,227631.9000
1949,227631.9000
1950,227631.9000
1951,227631.9000
1952,227631.9000
1953,227631.9000
1954,227631.9000
1955,227631.9000
1956,227631.9000
1957,227631.9000
1958,227631.9000
1959,227631.9000
1960,227631.9000
1961,227631.9000
1962,227631.9000
1963,227631.9000
1964,227631.9000
1965,227631.9000
1966,227631.9000
1967,227631.9000
1968,227631.9000
1969,227631.9000
1970,227631.9000
1971,227631.9000
1972,227631.9000
1973,227631.9000
1974,227631.9000
1975,227631.9000
1976,227631.9000
1977,227631.9000
1978,227631.9000
1979,227631.9000
1980,227631.9000
1981,227631.9000
1982,227631.9000
1983,227631.9000
1984,227631.9000
1985,227631.9000
1986,227631.9000
1987,227631.9000
1988,227631.9000
1989,227631.9000
1990,227631.9000
1991,227631.9000
1992,227631.9000
1993,227631.9000
1994,227631.9000
1995,227631.9000
1996,227631.9000
1997,227631.9000
1998,227631.9000
1999,227631.9000
2000,227631.9000
2001,227631.9000
2002,227631.9000
2003,227631.9000
2004,227631.9000
2005,227631.9000
2006,227631.9000
2007,227631.9000
2008,227631.9000
2009,227631.9000
2010,227631.9000
2011,227631.9000
2012,227631.9000
2013,227631.9000
2014,227631.9000
2015,227631.9000
2016,227631.9000
2017,227631.9000
2018,227631.9000
2019,227631.9000
2020,227631.9000
2021,227631.9000
2022,227631.9000
2023,227631.9000
2024,227631.9000
2025,227631.9000
2026,227631.9000
2027,227631.9000
2028,227631.9000
2029,227631.9000
2030,227631.9000
2031,227631.9000
2032,227631.9000
2033,227631.9000
2034,227631.9000
2035,227631.9000
2036,227631.9000
2037,227631.9000
2038,227631.9000
2039,227631.9000
2040,227631.9000
2041,227631.9000
2042,227631.9000
2043,227631.9000
2044,227631.9000
2045,227631.9000
2046,227631.9000
2047,227631.9000
2048,227631.9000
2049,227631.9000
2050,227631.9000
2051,227631.9000
2052,227631.9000
2053,227631.9000
2054,227631.9000
2055,227631.9000
2056,227631.9000
2057,227631.9000
2058,227631.9000
2059,227631.9000
2060,227631.9000
2061,227631.9000
2062,227631.9000
2063,227631.9000
2064,227631.9000
2065,227631.9000
2066,227631.9000
2067,227631.9000
2068,227631.9000
2069,227631.9000
2070,227631.9000
2071,227631.9000
2072,227631.9000
2073,227631.9000
2074,227631.9000
2075,227631.9000
2076,227631.9000
2077,227631.9000
2078,227631.9000
2079,227631.9000
2080,227631.9000
2081,227631.9000
2082,227631.9000
2083,227631.9000
2084,227631.9000
2085,227631.9000
2086,227631.9000
2087,227631.9000
2088,227631.9000
2089,227631.9000
2090,227631.9000
2091,227631.9000
2092,227631.9000
2093,227631.9000
2094,227631.9000
2095,227631.9000
2096,227631.9000
2097,227631.9000
2098,227631.9000
2099,227631.9000
2100,227631.9000
2101,227631.9000
2102,227631.9000
2103,227631.9000
2104,227631.9000
2105,227631.9000
2106,227631.9000
2107,227631.9000
2108,227631.9000
2109,227631.9000
2110,227631.9000
2111,227631.9000
2112,227631.9000
2113,227631.9000
2114,227631.9000
2115,227631.9000
2116,227631.9000
2117,227631.9000
2118,227631.9000
2119,227631.9000
2120,227631.9000
2121,227631.9000
2122,227631.9000
2123,227631.9000
2124,227631.9000
2125,227631.9000
2126,227631.9000
2127,227631.9000
2128,227631.9000
2129,227631.9000
2130,227631.9000
2131,227631.9000
2132,227631.9000
2133,227631.9000
2134,227631.9000
2135,227631.9000
2136,227631.9000
2137,227631.9000
2138,227631.9000
2139,227631.9000
2140,227631.9000
2141,227631.9000
2142,227631.9000
2143,227631.9000
2144,227631.9000
2145,227631.9000
2146,227631.9000
2147,227631.9000
2148,227631.9000
2149,227631.9000
2150,227631.9000
2151,227631.9000
2152,227631.9000
2153,227631.9000
2154,227631.9000
2155,227631.9000
2156,227631.9000
2157,227631.9000
2158,227631.9000
2159,227631.9000
2160,227631.9000
2161,227631.9000
2162,227631.9000
2163,227631.9000
2164,227631.9000
2165,227631.9000
2166,227631.9000
2167,227631.9000
2168,227631.9000
2169,227631.9000
2170,227631.9000
2171,227631.9000
2172,227631.9000
2173,227631.9000
2174,227631.9000
2175,227631.9000
2176,227631.9000
2177,227631.9000
2178,227631.9000
2179,227631.9000
2180,227631.9000
2181,227631.9000
2182,227631.9000
2183,227631.9000
2184,227631.9000
2185,227631.9000
2186,227631.9000
2187,227631.9000
2188,227631.9000
2189,227631.9000
2190,227631.9000
2191,227631.9000
2192,227631.9000
2193,227631.9000
2194,227631.9000
2195,227631.9000
2196,227631.9000
2197,227631.9000
2198,227631.9000
2199,227631.9000
2200,227631.9000
2201,227631.9000
2202,227631.9000
2203,227631.9000
2204,227631.9000
2205,227631.9000
2206,227631.9000
2207,227631.9000
2208,227631.9000
2209,227631.9000
2210,227631.9000
2211,227631.9000
2212,227631.9000
2213,227631.9000
2214,227631.9000
2215,227631.9000
2216,227631.9000
2217,227631.9000
2218,227631.9000
2219,227631.9000
2220,227631.9000
2221,227631.9000
2222,227631.9000
2223,227631.9000
2224,227631.9000
2225,227631.9000
2226,227631.9000
2227,227631.9000
2228,227631.9000
2229,227631.9000
2230,227631.9000
2231,227631.9000
2232,227631.9000
2233,227631.9000
2234,227631.9000
2235,227631.9000
2236,227631.9000
2237,227631.9000
2238,227631.9000
2239,227631.9000
2240,227631.9000
2241,227631.9000
2242,227631.9000
2243,227631.9000
2244,227631.9000
2245,227631.9000
2246,227631.9000
2247,227631.9000
2248,227631.9000
2249,227631.9000
2250,227631.9000
2251,227631.9000
2252,227631.9000
2253,227631.9000
2254,227631.9000
2255,227631.9000
2256,227631.9000
2257,227631.9000
2258,227631.9000
2259,227631.9000
2260,227631.9000
2261,227631.9000
2262,227631.9000
2263,227631.9000
2264,227631.9000
2265,227631.9000
2266,227631.9000
2267,227631.9000
2268,227631.9000
2269,227631.9000
2270,227631.9000
2271,227631.9000
2272,227631.9000
2273,227631.9000
2274,227631.9000
2275,227631.9000
2276,227631.9000
2277,227631.9000
2278,227631.9000
2279,227631.9000
2280,227631.9000
2281,227631.9000
2282,227631.9000
2283,227631.9000
2284,227631.9000
2285,227631.9000
2286,227631.9000
2287,227631.9000
2288,227631.9000
2289,227631.9000
2290,227631.9000
2291,227631.9000
2292,227631.9000
2293,227631.9000
2294,227631.9000
2295,227631.9000
2296,227631.9000
2297,227631.9000
2298,227631.9000
2299,227631.9000
2300,227631.9000
2301,227631.9000
2302,227631.9000
2303,227631.9000
2304,227631.9000
2305,227631.9000
2306,227631.9000
2307,227631.9000
2308,227631.9000
2309,227631.9000
2310,227631.9000
2311,227631.9000
2312,227631.9000
2313,227631.9000
2314,227631.9000
2315,227631.9000
2316,227631.9000
2317,227631.9000
2318,227631.9000
2319,227631.9000
2320,227631.9000
2321,227631.9000
2322,227631.9000
2323,227631.9000
2324,227631.9000
2325,227631.9000
2326,227631.9000
2327,227631.9000
2328,227631.9000
2329,227631.9000
2330,227631.9000
2331,227631.9000
2332,227631.9000
2333,227631.9000
2334,227631.9000
2335,227631.9000
2336,227631.9000
2337,227631.9000
2338,227631.9000
2339,227631.9000
2340,227631.9000
2341,227631.9000
2342,227631.9000
2343,227631.9000
2344,227631.9000
2345,227631.9000
2346,227631.9000
2347,227631.9000
2348,227631.9000
2349,227631.9000
2350,227631.9000
2351,227631.9000
2352,227631.9000
2353,227631.9000
2354,227631.9000
2355,227631.9000
2356,227631.9000
2357,227631.9000
2358,227631.9000
2359,227631.9000
2360,227631.9000
2361,227631.9000
2362,227631.9000
2363,227631.9000
2364,227631.9000
2365,227631.9000
2366,227631.9000
2367,227631.9000
2368,227631.9000
2369,227631.9000
2370,227631.9000
2371,227631.9000
2372,227631.9000
2373,227631.9000
2374,227631.9000
2375,227631.9000
2376,227631.9000
2377,227631.9000
2378,227631.9000
2379,227631.9000
2380,227631.9000
2381,227631.9000
2382,227631.9000
2383,227631.9000
2384,227631.9000
2385,227631.9000
2386,227631.9000
2387,227631.9000
2388,227631.9000
2389,227631.9000
2390,227631.9000
2391,227631.9000
2392,227631.9000
2393,227631.9000
2394,227631.9000
2395,227631.9000
2396,227631.9000
2397,227631.9000
2398,227631.9000
2399,227631.9000
2400,227631.9000
2401,227631.9000
2402,227631.9000
2403,227631.9000
2404,227631.9000
2405,227631.9000
2406,227631.9000
2407,227631.9000
2408,227631.9000
2409,227631.9000
2410,227631.9000
2411,227631.9000
2412,227631.9000
2413,227631.9000
2414,227631.9000
2415,227631.9000
2416,227631.9000
2417,227631.9000
2418,227631.9000
2419,227631.9000
2420,227631.9000
2421,227631.9000
2422,227631.9000
2423,227631.9000
2424,227631.9000
2425,227631.9000
2426,227631.9000
2427,227631.9000
2428,227631.9000
2429,227631.9000
2430,227631.9000
2431,227631.9000
2432,227631.9000
2433,227631.9000
2434,227631.9000
2435,227631.9000
2436,227631.9000
2437,227631.9000
2438,227631.9000
2439,227631.9000
2440,227631.9000
2441,227631.9000
2442,227631.9000
2443,227631.9000
2444,227631.9000
2445,227631.9000
2446,227631.9000
2447,227631.9000
2448,227631.9000
2449,227631.9000
2450,227631.9000
2451,227631.9000
2452,227631.9000
2453,227631.9000
2454,227631.9000
2455,227631.9000
2456,227631.9000
2457,227631.9000
2458,227631.9000
2459,227631.9000
2460,227631.9000
2461,227631.9000
2462,227631.9000
2463,227631.9000
2464,227631.9000
2465,227631.9000
2466,227631.9000
2467,227631.9000
2468,227631.9000
2469,227631.9000
2470,227631.9000
2471,227631.9000
2472,227631.9000
2473,227631.9000
2474,227631.9000
2475,227631.9000
2476,227631.9000
2477,227631.9000
2478,227631.9000
2479,227631.9000
2480,227631.9000
2481,227631.9000
2482,227631.9000
2483,227631.9000
2484,227631.9000
2485,227631.9000
2486,227631.9000
2487,227631.9000
2488,227631.9000
2489,227631.9000
2490,227631.9000
2491,227631.9000
2492,227631.9000
2493,227631.9000
2494,227631.9000
2495,227631.9000
2496,227631.9000
2497,227631.9000
2498,227631.9000
2499,227631.9000
2500,227631.9000
2501,227631.9000
2502,227631.9000
2503,227631.9000
2504,227631.9000
2505,227631.9000
2506,227631.9000
2507,227631.9000
2508,227631.9000
2509,227631.9000
2510,227631.9000
2511,227631.9000
2512,227631.9000
2513,227631.9000
2514,227631.9000
2515,227631.9000
2516,227631.9000
2517,227631.9000
2518,227631.9000
2519,227631.9000
2520,227631.9000
2521,227631.9000
2522,227631.9000
2523,227631.9000
2524,227631.9000
2525,227631.9000
2526,227631.9000
2527,227631.9000
2528,227631.9000
2529,227631.9000
2530,227631.9000
2531,227631.9000
2532,227631.9000
2533,227631.9000
2534,227631.9000
2535,227631.9000
2536,227631.9000
2537,227631.9000
2538,227631.9000
2539,227631.9000
2540,227631.9000
2541,227631.9000
2542,227631.9000
2543,227631.9000
2544,227631.9000
2545,227631.9000
2546,227631.9000
2547,227631.9000
2548,227631.9000
2549,227631.9000
2550,227631.9000
2551,227631.9000
2552,227631.9000
2553,227631.9000
2554,227631.9000
2555,227631.9000
2556,227631.9000
2557,227631.9000
2558,227631.9000
2559,227631.9000
2560,227631.9000
2561,227631.9000
2562,227631.9000
2563,227631.9000
2564,227631.9000
2565,227631.9000
2566,227631.9000
2567,227631.9000
2568,227631.9000
2569,227631.9000
2570,227631.9000
2571,227631.9000
2572,227631.9000
2573,227631.9000
2574,227631.9000
2575,227631.9000
2576,227631.9000
2577,227631.9000
2578,227631.9000
2579,227631.9000
2580,227631.9000
2581,227631.9000
2582,227631.9000
2583,227631.9000
2584,227631.9000
2585,227631.9000
2586,227631.9000
2587,227631.9000
2588,227631.9000
2589,227631.9000
2590,227631.9000
2591,227631.9000
2592,227631.9000
2593,227631.9000
2594,227631.9000
2595,227631.9000
2596,227631.9000
2597,227631.9000
2598,227631.9000
2599,227631.9000
2600,227631.9000
2601,227631.9000
2602,227631.9000
2603,227631.9000
2604,227631.9000
2605,227631.9000
2606,227631.9000
2607,227631.9000
2608,227631.9000
2609,227631.9000
2610,227631.9000
2611,227631.9000
2612,227631.9000
2613,227631.9000
2614,227631.9000
2615,227631.9000
2616,227631.9000
2617,227631.9000
2618,227631.9000
2619,227631.9000
2620,227631.9000
2621,227631.9000
2622,227631.9000
2623,227631.9000
2624,227631.9000
2625,227631.9000
2626,227631.9000
2627,227631.9000
2628,227631.9000
2629,227631.9000
2630,227631.9000
2631,227631.9000
2632,227631.9000
2633,227631.9000
2634,227631.9000
2635,227631.9000
2636,227631.9000
2637,227631.9000
2638,227631.9000
2639,227631.9000
2640,227631.9000
2641,227631.9000
2642,227631.9000
2643,227631.9000
2644,227631.9000
2645,227631.9000
2646,227631.9000
2647,227631.9000
2648,227631.9000
2649,227631.9000
2650,227631.9000
2651,227631.9000
2652,227631.9000
2653,227631.9000
2654,227631.9000
2655,227631.9000
2656,227631.9000
2657,227631.9000
2658,227631.9000
2659,227631.9000
2660,227631.9000
2661,227631.9000
2662,227631.9000
2663,227631.9000
2664,227631.9000
2665,227631.9000
2666,227631.9000
2667,227631.9000
2668,227631.9000
2669,227631.9000
2670,227631.9000
2671,227631.9000
2672,227631.9000
2673,227631.9000
2674,227631.9000
2675,227631.9000
2676,227631.9000
2677,227631.9000
2678,227631.9000
2679,227631.9000
2680,227631.9000
2681,227631.9000
2682,227631.9000
2683,227631.9000
2684,227631.9000
2685,227631.9000
2686,227631.9000
2687,227631.9000
2688,227631.9000
2689,227631.9000
2690,227631.9000
2691,227631.9000
2692,227631.9000
2693,227631.9000
2694,227631.9000
2695,227631.9000
2696,227631.9000
2697,227631.9000
2698,227631.9000
2699,227631.9000
2700,227631.9000
2701,227631.9000
2702,227631.9000
2703,227631.9000
2704,227631.9000
2705,227631.9000
2706,227631.9000
2707,227631.9000
2708,227631.9000
2709,227631.9000
2710,227631.9000
2711,227631.9000
2712,227631.9000
2713,227631.9000
2714,227631.9000
2715,227631.9000
2716,227631.9000
2717,227631.9000
2718,227631.9000
2719,227631.9000
2720,227631.9000
2721,227631.9000
2722,227631.9000
2723,227631.9000
2724,227631.9000
2725,227631.9000
2726,227631.9000
2727,227631.9000
2728,227631.9000
2729,227631.9000
2730,227631.9000
2731,227631.9000
2732,227631.9000
2733,227631.9000
2734,227631.9000
2735,227631.9000
2736,227631.9000
2737,227631.9000
2738,227631.9000
2739,227631.9000
2740,227631.9000
2741,227631.9000
2742,227631.9000
2743,227631.9000
2744,227631.9000
2745,227631.9000
2746,227631.9000
2747,227631.9000
2748,227631.9000
2749,227631.9000
2750,227631.9000
2751,227631.9000
2752,227631.9000
2753,227631.9000
2754,227631.9000
2755,227631.9000
2756,227631.9000
2757,227631.9000
2758,227631.9000
2759,227631.9000
2760,227631.9000
2761,227631.9000
2762,227631.9000
2763,227631.9000
2764,227631.9000
2765,227631.9000
2766,227631.9000
2767,227631.9000
2768,227631.9000
2769,227631.9000
2770,227631.9000
2771,227631.9000
2772,227631.9000
2773,227631.9000
2774,227631.9000
2775,227631.9000
2776,227631.9000
2777,227631.9000
2778,227631.9000
2779,227631.9000
2780,227631.9000
2781,227631.9000
2782,227631.9000
2783,227631.9000
2784,227631.9000
2785,227631.9000
2786,227631.9000
2787,227631.9000
2788,227631.9000
2789,227631.9000
2790,227631.9000
2791,227631.9000
2792,227631.9000
2793,227631.9000
2794,227631.9000
2795,227631.9000
2796,227631.9000
2797,227631.9000
2798,227631.9000
2799,227631.9000
2800,227631.9000
2801,227631.9000
2802,227631.9000
2803,227631.9000
2804,227631.9000
2805,227631.9000
2806,227631.9000
2807,227631.9000
2808,227631.9000
2809,227631.9000
2810,227631.9000
2811,227631.9000
2812,227631.9000
2813,227631.9000
2814,227631.9000
2815,227631.9000
2816,227631.9000
2817,227631.9000
2818,227631.9000
2819,227631.9000
2820,227631.9000
2821,227631.9000
2822,227631.9000
2823,227631.9000
2824,227631.9000
2825,227631.9000
2826,227631.9000
2827,227631.9000
2828,227631.9000
2829,227631.9000
2830,227631.9000
2831,227631.9000
2832,227631.9000
2833,227631.9000
2834,227631.9000
2835,227631.9000
2836,227631.9000
2837,227631.9000
2838,227631.9000
2839,227631.9000
2840,227631.9000
2841,227631.9000
2842,227631.9000
2843,227631.9000
2844,227631.9000
2845,227631.9000
2846,227631.9000
2847,227631.9000
2848,227631.9000
2849,227631.9000
2850,227631.9000
2851,227631.9000
2852,227631.9000
2853,227631.9000
2854,227631.9000
2855,227631.9000
2856,227631.9000
2857,227631.9000
2858,227631.9000
2859,227631.9000
2860,227631.9000
2861,227631.9000
2862,227631.9000
2863,227631.9000
2864,227631.9000
2865,227631.9000
2866,227631.9000
2867,227631.9000
2868,227631.9000
2869,227631.9000
2870,227631.9000
2871,227631.9000
2872,227631.9000
2873,227631.9000
2874,227631.9000
2875,227631.9000
2876,227631.9000
2877,227631.9000
2878,227631.9000
2879,227631.9000
2880,227631.9000
2881,227631.9000
2882,227631.9000
2883,227631.9000
2884,227631.9000
2885,227631.9000
2886,227631.9000
2887,227631.9000
2888,227631.9000
2889,227631.9000
2890,227631.9000
2891,227631.9000
2892,227631.9000
2893,227631.9000
2894,227631.9000
2895,227631.9000
2896,227631.9000
2897,227631.9000
2898,227631.9000
2899,227631.9000
2900,227631.9000
2901,227631.9000
2902,227631.9000
2903,227631.9000
2904,227631.9000
2905,227631.9000
2906,227631.9000
2907,227631.9000
2908,227631.9000
2909,227631.9000
2910,227631.9000
2911,227631.9000
2912,227631.9000
2913,227631.9000
2914,227631.9000
2915,227631.9000
2916,227631.9000
2917,227631.9000
2918,227631.9000
2919,227631.9000
2920,227631.9000
2921,227631.9000
2922,227631.9000
2923,227631.9000
2924,227631.9000
2925,227631.9000
2926,227631.9000
2927,227631.9000
2928,227631.9000
2929,227631.9000
2930,227631.9000
2931,227631.9000
2932,227631.9000
2933,227631.9000
2934,227631.9000
2935,227631.9000
2936,227631.9000
2937,227631.9000
2938,227631.9000
2939,227631.9000
2940,227631.9000
2941,227631.9000
2942,227631.9000
2943,227631.9000
2944,227631.9000
2945,227631.9000
2946,227631.9000
2947,227631.9000
2948,227631.9000
2949,227631.9000
2950,227631.9000
2951,227631.9000
2952,227631.9000
2953,227631.9000
2954,227631.9000
2955,227631.9000
2956,227631.9000
2957,227631.9000
2958,227631.9000
2959,227631.9000
2960,227631.9000
2961,227631.9000
2962,227631.9000
2963,227631.9000
2964,227631.9000
2965,227631.9000
2966,227631.9000
2967,227631.9000
2968,227631.9000
2969,227631.9000
2970,227631.9000
2971,227631.9000
2972,227631.9000
2973,227631.9000
2974,227631.9000
2975,227631.9000
2976,227631.9000
2977,227631.9000
2978,227631.9000
2979,227631.9000
2980,227631.9000
2981,227631.9000
2982,227631.9000
2983,227631.9000
2984,227631.9000
2985,227631.9000
2986,227631.9000
2987,227631.9000
2988,227631.9000
2989,227631.9000
2990,227631.9000
2991,227631.9000
2992,227631.9000
2993,227631.9000
2994,227631.9000
2995,227631.9000
2996,227631.9000
2997,227631.9000
2998,227631.9000
2999,227631.9000
3000,227631.9000
3001,227631.9000
3002,227631.9000
3003,227631.9000
3004,227631.9000
3005,227631.9000
3006,227631.9000
3007,227631.9000
3008,227631.9000
3009,227631.9000
3010,227631.9000
3011,227631.9000
3012,227631.9000
3013,227631.9000
3014,227631.9000
3015,227631.9000
3016,227631.9000
3017,227631.9000
3018,227631.9000
3019,227631.9000
3020,227631.9000
3021,227631.9000
3022,227631.9000
3023,227631.9000
3024,227631.9000
3025,227631.9000
3026,227631.9000
3027,227631.9000
3028,227631.9000
3029,227631.9000
3030,227631.9000
3031,227631.9000
3032,227631.9000
3033,227631.9000
3034,227631.9000
3035,227631.9000
3036,227631.9000
3037,227631.9000
3038,227631.9000
3039,227631.9000
3040,227631.9000
3041,227631.9000
3042,227631.9000
3043,227631.9000
3044,227631.9000
3045,227631.9000
3046,227631.9000
3047,227631.9000
3048,227631.9000
3049,227631.9000
3050,227631.9000
3051,227631.9000
3052,227631.9000
3053,227631.9000
3054,227631.9000
3055,227631.9000
3056,227631.9000
3057,227631.9000
3058,227631.9000
3059,227631.9000
3060,227631.9000
3061,227631.9000
3062,227631.9000
3063,227631.9000
3064,227631.9000
3065,227631.9000
3066,227631.9000
3067,227631.9000
3068,227631.9000
3069,227631.9000
3070,227631.9000
3071,227631.9000
3072,227631.9000
3073,227631.9000
3074,227631.9000
3075,227631.9000
3076,227631.9000
3077,227631.9000
3078,227631.9000
3079,227631.9000
3080,227631.9000
3081,227631.9000
3082,227631.9000
3083,227631.9000
3084,227631.9000
3085,227631.9000
3086,227631.9000
3087,227631.9000
3088,227631.9000
3089,227631.9000
3090,227631.9000
3091,227631.9000
3092,227631.9000
3093,227631.9000
3094,227631.9000
3095,227631.9000
3096,227631.9000
3097,227631.9000
3098,227631.9000
3099,227631.9000
3100,227631.9000
3101,227631.9000
3102,227631.9000
3103,227631.9000
3104,227631.9000
3105,227631.9000
3106,227631.9000
3107,227631.9000
3108,227631.9000
3109,227631.9000
3110,227631.9000
3111,227631.9000
3112,227631.9000
3113,227631.9000
3114,227631.9000
3115,227631.9000
3116,227631.9000
3117,227631.9000
3118,227631.9000
3119,227631.9000
3120,227631.9000
3121,227631.9000
3122,227631.9000
3123,227631.9000
3124,227631.9000
3125,227631.9000
3126,227631.9000
3127,227631.9000
3128,227631.9000
3129,227631.9000
3130,227631.9000
3131,227631.9000
3132,227631.9000
3133,227631.9000
3134,227631.9000
3135,227631.9000
3136,227631.9000
3137,227631.9000
3138,227631.9000
3139,227631.9000
3140,227631.9000
3141,227631.9000
3142,227631.9000
3143,227631.9000
3144,227631.9000
3145,227631.9000
3146,227631.9000
3147,227631.9000
3148,227631.9000
3149,227631.9000
3150,227631.9000
3151,227631.9000
3152,227631.9000
3153,227631.9000
3154,227631.9000
3155,227631.9000
3156,227631.9000
3157,227631.9000
3158,227631.9000
3159,227631.9000
3160,227631.9000
3161,227631.9000
3162,227631.9000
3163,227631.9000
3164,227631.9000
3165,227631.9000
3166,227631.9000
3167,227631.9000
3168,227631.9000
3169,227631.9000
3170,227631.9000
3171,227631.9000
3172,227631.9000
3173,227631.9000
3174,227631.9000
3175,227631.9000
3176,227631.9000
3177,227631.9000
3178,227631.9000
3179,227631.9000
3180,227631.9000
3181,227631.9000
3182,227631.9000
3183,227631.9000
3184,227631.9000
3185,227631.9000
3186,227631.9000
3187,227631.9000
3188,227631.9000
3189,227631.9000
3190,227631.9000
3191,227631.9000
3192,227631.9000
3193,227631.9000
3194,227631.9000
3195,227631.9000
3196,227631.9000
3197,227631.9000
3198,227631.9000
3199,227631.9000
3200,227631.9000
3201,227631.9000
3202,227631.9000
3203,227631.9000
3204,227631.9000
3205,227631.9000
3206,227631.9000
3207,227631.9000
3208,227631.9000
3209,227631.9000
3210,227631.9000
3211,227631.9000
3212,227631.9000
3213,227631.9000
3214,227631.9000
3215,227631.9000
3216,227631.9000
3217,227631.9000
3218,227631.9000
3219,227631.9000
3220,227631.9000
3221,227631.9000
3222,227631.9000
3223,227631.9000
3224,227631.9000
3225,227631.9000
3226,227631.9000
3227,227631.9000
3228,227631.9000
3229,227631.9000
3230,227631.9000
3231,227631.9000
3232,227631.9000
3233,227631.9000
3234,227631.9000
3235,227631.9000
3236,227631.9000
3237,227631.9000
3238,227631.9000
3239,227631.9000
3240,227631.9000
3241,227631.9000
3242,227631.9000
3243,227631.9000
3244,227631.9000
3245,227631.9000
3246,227631.9000
3247,227631.9000
3248,227631.9000
3249,227631.9000
3250,227631.9000
3251,227631.9000
3252,227631.9000
3253,227631.9000
3254,227631.9000
3255,227631.9000
3256,227631.9000
3257,227631.9000
3258,227631.9000
3259,227631.9000
3260,227631.9000
3261,227631.9000
3262,227631.9000
3263,227631.9000
3264,227631.9000
3265,227631.9000
3266,227631.9000
3267,227631.9000
3268,227631.9000
3269,227631.9000
3270,227631.9000
3271,227631.9000
3272,227631.9000
3273,227631.9000
3274,227631.9000
3275,227631.9000
3276,227631.9000
3277,227631.9000
3278,227631.9000
3279,227631.9000
3280,227631.9000
3281,227631.9000
3282,227631.9000
3283,227631.9000
3284,227631.9000
3285,227631.9000
3286,227631.9000
3287,227631.9000
3288,227631.9000
3289,227631.9000
3290,227631.9000
3291,227631.9000
3292,227631.9000
3293,227631.9000
3294,227631.9000
3295,227631.9000
3296,227631.9000
3297,227631.9000
3298,227631.9000
3299,227631.9000
3300,227631.9000
3301,227631.9000
3302,227631.9000
3303,227631.9000
3304,227631.9000
3305,227631.9000
3306,227631.9000
3307,227631.9000
3308,227631.9000
3309,227631.9000
3310,227631.9000
3311,227631.9000
3312,227631.9000
3313,227631.9000
3314,227631.9000
3315,227631.9000
3316,227631.9000
3317,227631.9000
3318,227631.9000
3319,227631.9000
3320,227631.9000
3321,227631.9000
3322,227631.9000
3323,227631.9000
3324,227631.9000
3325,227631.9000
3326,227631.9000
3327,227631.9000
3328,227631.9000
3329,227631.9000
3330,227631.9000
3331,227631.9000
3332,227631.9000
3333,227631.9000
3334,227631.9000
3335,227631.9000
3336,227631.9000
3337,227631.9000
3338,227631.9000
3339,227631.9000
3340,227631.9000
3341,227631.9000
3342,227631.9000
3343,227631.9000
3344,227631.9000
3345,227631.9000
3346,227631.9000
3347,227631.9000
3348,227631.9000
3349,227631.9000
3350,227631.9000
3351,227631.9000
3352,227631.9000
3353,227631.9000
3354,227631.9000
3355,227631.9000
3356,227631.9000
3357,227631.9000
3358,227631.9000
3359,227631.9000
3360,227631.9000
3361,227631.9000
3362,227631.9000
3363,227631.9000
3364,227631.9000
3365,227631.9000
3366,227631.9000
3367,227631.9000
3368,227631.9000
3369,227631.9000
3370,227631.9000
3371,227631.9000
3372,227631.9000
3373,227631.9000
3374,227631.9000
3375,227631.9000
3376,227631.9000
3377,227631.9000
3378,227631.9000
3379,227631.9000
3380,227631.9000
3381,227631.9000
3382,227631.9000
3383,227631.9000
3384,227631.9000
3385,227631.9000
3386,227631.9000
3387,227631.9000
3388,227631.9000
3389,227631.9000
3390,227631.9000
3391,227631.9000
3392,227631.9000
3393,227631.9000
3394,227631.9000
3395,227631.9000
3396,227631.9000
3397,227631.9000
3398,227631.9000
3399,227631.9000
3400,227631.9000
3401,227631.9000
3402,227631.9000
3403,227631.9000
3404,227631.9000
3405,227631.9000
3406,227631.9000
3407,227631.9000
3408,227631.9000
3409,227631.9000
3410,227631.9000
3411,227631.9000
3412,227631.9000
3413,227631.9000
3414,227631.9000
3415,227631.9000
3416,227631.9000
3417,227631.9000
3418,227631.9000
3419,227631.9000
3420,227631.9000
3421,227631.9000
3422,227631.9000
3423,227631.9000
3424,227631.9000
3425,227631.9000
3426,227631.9000
3427,227631.9000
3428,227631.9000
3429,227631.9000
3430,227631.9000
3431,227631.9000
3432,227631.9000
3433,227631.9000
3434,227631.9000
3435,227631.9000
3436,227631.9000
3437,227631.9000
3438,227631.9000
3439,227631.9000
3440,227631.9000
3441,227631.9000
3442,227631.9000
3443,227631.9000
3444,227631.9000
3445,227631.9000
3446,227631.9000
3447,227631.9000
3448,227631.9000
3449,227631.9000
3450,227631.9000
3451,227631.9000
3452,227631.9000
3453,227631.9000
3454,227631.9000
3455,227631.9000
3456,227631.9000
3457,227631.9000
3458,227631.9000
3459,227631.9000
3460,227631.9000
3461,227631.9000
3462,227631.9000
3463,227631.9000
3464,227631.9000
3465,227631.9000
3466,227631.9000
3467,227631.9000
3468,227631.9000
3469,227631.9000
3470,227631.9000
3471,227631.9000
3472,227631.9000
3473,227631.9000
3474,227631.9000
3475,227631.9000
3476,227631.9000
3477,227631.9000
3478,227631.9000
3479,227631.9000
3480,227631.9000
3481,227631.9000
3482,227631.9000
3483,227631.9000
3484,227631.9000
3485,227631.9000
3486,227631.9000
3487,227631.9000
3488,227631.9000
3489,227631.9000
3490,227631.9000
3491,227631.9000
3492,227631.9000
3493,227631.9000
3494,227631.9000
3495,227631.9000
3496,227631.9000
3497,227631.9000
3498,227631.9000
3499,227631.9000
3500,227631.9000
3501,227631.9000
3502,227631.9000
3503,227631.9000
3504,227631.9000
3505,227631.9000
3506,227631.9000
3507,227631.9000
3508,227631.9000
3509,227631.9000
3510,227631.9000
3511,227631.9000
3512,227631.9000
3513,227631.9000
3514,227631.9000
3515,227631.9000
3516,227631.9000
3517,227631.9000
3518,227631.9000
3519,227631.9000
3520,227631.9000
3521,227631.9000
3522,227631.9000
3523,227631.9000
3524,227631.9000
3525,227631.9000
3526,227631.9000
3527,227631.9000
3528,227631.9000
3529,227631.9000
3530,227631.9000
3531,227631.9000
3532,227631.9000
3533,227631.9000
3534,227631.9000
3535,227631.9000
3536,227631.9000
3537,227631.9000
3538,227631.9000
3539,227631.9000
3540,227631.9000
3541,227631.9000
3542,227631.9000
3543,227631.9000
3544,227631.9000
3545,227631.9000
3546,227631.9000
3547,227631.9000
3548,227631.9000
3549,227631.9000
3550,227631.9000
3551,227631.9000
3552,227631.9000
3553,227631.9000
3554,227631.9000
3555,227631.9000
3556,227631.9000
3557,227631.9000
3558,227631.9000
3559,227631.9000
3560,227631.9000
3561,227631.9000
3562,227631.9000
3563,227631.9000
3564,227631.9000
3565,227631.9000
3566,227631.9000
3567,227631.9000
3568,227631.9000
3569,227631.9000
3570,227631.9000
3571,227631.9000
3572,227631.9000
3573,227631.9000
3574,227631.9000
3575,227631.9000
3576,227631.9000
3577,227631.9000
3578,227631.9000
3579,227631.9000
3580,227631.9000
3581,227631.9000
3582,227631.9000
3583,227631.9000
3584,227631.9000
3585,227631.9000
3586,227631.9000
3587,227631.9000
3588,227631.9000
3589,227631.9000
3590,227631.9000
3591,227631.9000
3592,227631.9000
3593,227631.9000
3594,227631.9000
3595,227631.9000
3596,227631.9000
3597,227631.9000
3598,227631.9000
3599,227631.9000
3600,227631.9000
3601,227631.9000
3602,227631.9000
3603,227631.9000
3604,227631.9000
3605,227631.9000
3606,227631.9000
3607,227631.9000
3608,227631.9000
3609,227631.9000
3610,227631.9000
3611,227631.9000
3612,227631.9000
3613,227631.9000
3614,227631.9000
3615,227631.9000
3616,227631.9000
3617,227631.9000
3618,227631.9000
3619,227631.9000
3620,227631.9000
3621,227631.9000
3622,227631.9000
3623,227631.9000
3624,227631.9000
3625,227631.9000
3626,227631.9000
3627,227631.9000
3628,227631.9000
3629,227631.9000
3630,227631.9000
3631,227631.9000
3632,227631.9000
3633,227631.9000
3634,227631.9000
3635,227631.9000
3636,227631.9000
3637,227631.9000
3638,227631.9000
3639,227631.9000
3640,227631.9000
3641,227631.9000
3642,227631.9000
3643,227631.9000
3644,227631.9000
3645,227631.9000
3646,227631.9000
3647,227631.9000
3648,227631.9000
3649,227631.9000
3650,227631.9000
3651,227631.9000
3652,227631.9000
3653,227631.9000
3654,227631.9000
3655,227631.9000
3656,227631.9000
3657,227631.9000
3658,227631.9000
3659,227631.9000
3660,227631.9000
3661,227631.9000
3662,227631.9000
3663,227631.9000
3664,227631.9000
3665,227631.9000
3666,227631.9000
3667,227631.9000
3668,227631.9000
3669,227631.9000
3670,227631.9000
3671,227631.9000
3672,227631.9000
3673,227631.9000
3674,227631.9000
3675,227631.9000
3676,227631.9000
3677,227631.9000
3678,227631.9000
3679,227631.9000
3680,227631.9000
3681,227631.9000
3682,227631.9000
3683,227631.9000
3684,227631.9000
3685,227631.9000
3686,227631.9000
3687,227631.9000
3688,227631.9000
3689,227631.9000
3690,227631.9000
3691,227631.9000
3692,227631.9000
3693,227631.9000
3694,227631.9000
3695,227631.9000
3696,227631.9000
3697,227631.9000
3698,227631.9000
3699,227631.9000
3700,227631.9000
3701,227631.9000
3702,227631.9000
3703,227631.9000
3704,227631.9000
3705,227631.9000
3706,227631.9000
3707,227631.9000
3708,227631.9000
3709,227631.9000
3710,227631.9000
3711,227631.9000
3712,227631.9000
3713,227631.9000
3714,227631.9000
3715,227631.9000
3716,227631.9000
3717,227631.9000
3718,227631.9000
3719,227631.9000
3720,227631.9000
3721,227631.9000
3722,227631.9000
3723,227631.9000
3724,227631.9000
3725,227631.9000
3726,227631.9000
3727,227631.9000
3728,227631.9000
3729,227631.9000
3730,227631.9000
3731,227631.9000
3732,227631.9000
3733,227631.9000
3734,227631.9000
3735,227631.9000
3736,227631.9000
3737,227631.9000
3738,227631.9000
3739,227631.9000
3740,227631.9000
3741,227631.9000
3742,227631.9000
3743,227631.9000
3744,227631.9000
3745,227631.9000
3746,227631.9000
3747,227631.9000
3748,227631.9000
3749,227631.9000
3750,227631.9000
3751,227631.9000
3752,227631.9000
3753,227631.9000
3754,227631.9000
3755,227631.9000
3756,227631.9000
3757,227631.9000
3758,227631.9000
3759,227631.9000
3760,227631.9000
3761,227631.9000
3762,227631.9000
3763,227631.9000
3764,227631.9000
3765,227631.9000
3766,227631.9000
3767,227631.9000
3768,227631.9000
3769,227631.9000
3770,227631.9000
3771,227631.9000
3772,227631.9000
3773,227631.9000
3774,227631.9000
3775,227631.9000
3776,227631.9000
3777,227631.9000
3778,227631.9000
3779,227631.9000
3780,227631.9000
3781,227631.9000
3782,227631.9000
3783,227631.9000
3784,227631.9000
3785,227631.9000
3786,227631.9000
3787,227631.9000
3788,227631.9000
3789,227631.9000
3790,227631.9000
3791,227631.9000
3792,227631.9000
3793,227631.9000
3794,227631.9000
3795,227631.9000
3796,227631.9000
3797,227631.9000
3798,227631.9000
3799,227631.9000
3800,227631.9000
3801,227631.9000
3802,227631.9000
3803,227631.9000
3804,227631.9000
3805,227631.9000
3806,227631.9000
3807,227631.9000
3808,227631.9000
3809,227631.9000
3810,227631.9000
3811,227631.9000
3812,227631.9000
3813,227631.9000
3814,227631.9000
3815,227631.9000
3816,227631.9000
3817,227631.9000
3818,227631.9000
3819,227631.9000
3820,227631.9000
3821,227631.9000
3822,227631.9000
3823,227631.9000
3824,227631.9000
3825,227631.9000
3826,227631.9000
3827,227631.9000
3828,227631.9000
3829,227631.9000
3830,227631.9000
3831,227631.9000
3832,227631.9000
3833,227631.9000
3834,227631.9000
3835,227631.9000
3836,227631.9000
3837,227631.9000
3838,227631.9000
3839,227631.9000
3840,227631.9000
3841,227631.9000
3842,227631.9000
3843,227631.9000
3844,227631.9000
3845,227631.9000
3846,227631.9000
3847,227631.9000
3848,227631.9000
3849,227631.9000
3850,227631.9000
3851,227631.9000
3852,227631.9000
3853,227631.9000
3854,227631.9000
3855,227631.9000
3856,227631.9000
3857,227631.9000
3858,227631.9000
3859,227631.9000
3860,227631.9000
3861,227631.9000
3862,227631.9000
3863,227631.9000
3864,227631.9000
3865,227631.9000
3866,227631.9000
3867,227631.9000
3868,227631.9000
3869,227631.9000
3870,227631.9000
3871,227631.9000
3872,227631.9000
3873,227631.9000
3874,227631.9000
3875,227631.9000
3876,227631.9000
3877,227631.9000
3878,227631.9000
3879,227631.9000
3880,227631.9000
3881,227631.9000
3882,227631.9000
3883,227631.9000
3884,227631.9000
3885,227631.9000
3886,227631.9000
3887,227631.9000
3888,227631.9000
3889,227631.9000
3890,227631.9000
3891,227631.9000
3892,227631.9000
3893,227631.9000
3894,227631.9000
3895,227631.9000
3896,227631.9000
3897,227631.9000
3898,227631.9000
3899,227631.9000
3900,227631.9000
3901,227631.9000
3902,227631.9000
3903,227631.9000
3904,227631.9000
3905,227631.9000
3906,227631.9000
3907,227631.9000
3908,227631.9000
3909,227631.9000
3910,227631.9000
3911,227631.9000
3912,227631.9000
3913,227631.9000
3914,227631.9000
3915,227631.9000
3916,227631.9000
3917,227631.9000
3918,227631.9000
3919,227631.9000
3920,227631.9000
3921,227631.9000
3922,227631.9000
3923,227631.9000
3924,227631.9000
3925,227631.9000
3926,227631.9000
3927,227631.9000
3928,227631.9000
3929,227631.9000
3930,227631.9000
3931,227631.9000
3932,227631.9000
3933,227631.9000
3934,227631.9000
3935,227631.9000
3936,227631.9000
3937,227631.9000
3938,227631.9000
3939,227631.9000
3940,227631.9000
3941,227631.9000
3942,227631.9000
3943,227631.9000
3944,227631.9000
3945,227631.9000
3946,227631.9000
3947,227631.9000
3948,227631.9000
3949,227631.9000
3950,227631.9000
3951,227631.9000
3952,227631.9000
3953,227631.9000
3954,227631.9000
3955,227631.9000
3956,227631.9000
3957,227631.9000
3958,227631.9000
3959,227631.9000
3960,227631.9000
3961,227631.9000
3962,227631.9000
3963,227631.9000
3964,227631.9000
3965,227631.9000
3966,227631.9000
3967,227631.9000
3968,227631.9000
3969,227631.9000
3970,227631.9000
3971,227631.9000
3972,227631.9000
3973,227631.9000
3974,227631.9000
3975,227631.9000
3976,227631.9000
3977,227631.9000
3978,227631.9000
3979,227631.9000
3980,227631.9000
3981,227631.9000
3982,227631.9000
3983,227631.9000
3984,227631.9000
3985,227631.9000
3986,227631.9000
3987,227631.9000
3988,227631.9000
3989,227631.9000
3990,227631.9000
3991,227631.9000
3992,227631.9000
3993,227631.9000
3994,227631.9000
3995,227631.9000
3996,227631.9000
3997,227631.9000
3998,227631.9000
3999,227631.9000
4000,227631.9000
4001,227631.9000
4002,227631.9000
4003,227631.9000
4004,227631.9000
4005,227631.9000
4006,227631.9000
4007,227631.9000
4008,227631.9000
4009,227631.9000
4010,227631.9000
4011,227631.9000
4012,227631.9000
4013,227631.9000
4014,227631.9000
4015,227631.9000
4016,227631.9000
4017,227631.9000
4018,227631.9000
4019,227631.9000
4020,227631.9000
4021,227631.9000
4022,227631.9000
4023,227631.9000
4024,227631.9000
4025,227631.9000
4026,227631.9000
4027,227631.9000
4028,227631.9000
4029,227631.9000
4030,227631.9000
4031,227631.9000
4032,227631.9000
4033,227631.9000
4034,227631.9000
4035,227631.9000
4036,227631.9000
4037,227631.9000
4038,227631.9000
4039,227631.9000
4040,227631.9000
4041,227631.9000
4042,227631.9000
4043,227631.9000
4044,227631.9000
4045,227631.9000
4046,227631.9000
4047,227631.9000
4048,227631.9000
4049,227631.9000
4050,227631.9000
4051,227631.9000
4052,227631.9000
4053,227631.9000
4054,227631.9000
4055,227631.9000
4056,227631.9000
4057,227631.9000
4058,227631.9000
4059,227631.9000
4060,227631.9000
4061,227631.9000
4062,227631.9000
4063,227631.9000
4064,227631.9000
4065,227631.9000
4066,227631.9000
4067,227631.9000
4068,227631.9000
4069,227631.9000
4070,227631.9000
4071,227631.9000
4072,227631.9000
4073,227631.9000
4074,227631.9000
4075,227631.9000
4076,227631.9000
4077,227631.9000
4078,227631.9000
4079,227631.9000
4080,227631.9000
4081,227631.9000
4082,227631.9000
4083,227631.9000
4084,227631.9000
4085,227631.9000
4086,227631.9000
4087,227631.9000
4088,227631.9000
4089,227631.9000
4090,227631.9000
4091,227631.9000
4092,227631.9000
4093,227631.9000
4094,227631.9000
4095,227631.9000
4096,227631.9000
4097,227631.9000
4098,227631.9000
4099,227631.9000
4100,227631.9000
4101,227631.9000
4102,227631.9000
4103,227631.9000
4104,227631.9000
4105,227631.9000
4106,227631.9000
4107,227631.9000
4108,227631.9000
4109,227631.9000
4110,227631.9000
4111,227631.9000
4112,227631.9000
4113,227631.9000
4114,227631.9000
4115,227631.9000
4116,227631.9000
4117,227631.9000
4118,227631.9000
4119,227631.9000
4120,227631.9000
4121,227631.9000
4122,227631.9000
4123,227631.9000
4124,227631.9000
4125,227631.9000
4126,227631.9000
4127,227631.9000
4128,227631.9000
4129,227631.9000
4130,227631.9000
4131,227631.9000
4132,227631.9000
4133,227631.9000
4134,227631.9000
4135,227631.9000
4136,227631.9000
4137,227631.9000
4138,227631.9000
4139,227631.9000
4140,227631.9000
4141,227631.9000
4142,227631.9000
4143,227631.9000
4144,227631.9000
4145,227631.9000
4146,227631.9000
4147,227631.9000
4148,227631.9000
4149,227631.9000
4150,227631.9000
4151,227631.9000
4152,227631.9000
4153,227631.9000
4154,227631.9000
4155,227631.9000
4156,227631.9000
4157,227631.9000
4158,227631.9000
4159,227631.9000
4160,227631.9000
4161,227631.9000
4162,227631.9000
4163,227631.9000
4164,227631.9000
4165,227631.9000
4166,227631.9000
4167,227631.9000
4168,227631.9000
4169,227631.9000
4170,227631.9000
4171,227631.9000
4172,227631.9000
4173,227631.9000
4174,227631.9000
4175,227631.9000
4176,227631.9000
4177,227631.9000
4178,227631.9000
4179,227631.9000
4180,227631.9000
4181,227631.9000
4182,227631.9000
4183,227631.9000
4184,227631.9000
4185,227631.9000
4186,227631.9000
4187,227631.9000
4188,227631.9000
4189,227631.9000
4190,227631.9000
4191,227631.9000
4192,227631.9000
4193,227631.9000
4194,227631.9000
4195,227631.9000
4196,227631.9000
4197,227631.9000
4198,227631.9000
4199,227631.9000
4200,227631.9000
4201,227631.9000
4202,227631.9000
4203,227631.9000
4204,227631.9000
4205,227631.9000
4206,227631.9000
4207,227631.9000
4208,227631.9000
4209,227631.9000
4210,227631.9000
4211,227631.9000
4212,227631.9000
4213,227631.9000
4214,227631.9000
4215,227631.9000
4216,227631.9000
4217,227631.9000
4218,227631.9000
4219,227631.9000
4220,227631.9000
4221,227631.9000
4222,227631.9000
4223,227631.9000
4224,227631.9000
4225,227631.9000
4226,227631.9000
4227,227631.9000
4228,227631.9000
4229,227631.9000
4230,227631.9000
4231,227631.9000
4232,227631.9000
4233,227631.9000
4234,227631.9000
4235,227631.9000
4236,227631.9000
4237,227631.9000
4238,227631.9000
4239,227631.9000
4240,227631.9000
4241,227631.9000
4242,227631.9000
4243,227631.9000
4244,227631.9000
4245,227631.9000
4246,227631.9000
4247,227631.9000
4248,227631.9000
4249,227631.9000
4250,227631.9000
4251,227631.9000
4252,227631.9000
4253,227631.9000
4254,227631.9000
4255,227631.9000
4256,227631.9000
4257,227631.9000
4258,227631.9000
4259,227631.9000
4260,227631.9000
4261,227631.9000
4262,227631.9000
4263,227631.9000
4264,227631.9000
4265,227631.9000
4266,227631.9000
4267,227631.9000
4268,227631.9000
4269,227631.9000
4270,227631.9000
4271,227631.9000
4272,227631.9000
4273,227631.9000
4274,227631.9000
4275,227631.9000
4276,227631.9000
4277,227631.9000
4278,227631.9000
4279,227631.9000
4280,227631.9000
4281,227631.9000
4282,227631.9000
4283,227631.9000
4284,227631.9000
4285,227631.9000
4286,227631.9000
4287,227631.9000
4288,227631.9000
4289,227631.9000
4290,227631.9000
4291,227631.9000
4292,227631.9000
4293,227631.9000
4294,227631.9000
4295,227631.9000
4296,227631.9000
4297,227631.9000
4298,227631.9000
4299,227631.9000
4300,227631.9000
4301,227631.9000
4302,227631.9000
4303,227631.9000
4304,227631.9000
4305,227631.9000
4306,227631.9000
4307,227631.9000
4308,227631.9000
4309,227631.9000
4310,227631.9000
4311,227631.9000
4312,227631.9000
4313,227631.9000
4314,227631.9000
4315,227631.9000
4316,227631.9000
4317,227631.9000
4318,227631.9000
4319,227631.9000
4320,227631.9000
4321,227631.9000
4322,227631.9000
4323,227631.9000
4324,227631.9000
4325,227631.9000
4326,227631.9000
4327,227631.9000
4328,227631.9000
4329,227631.9000
4330,227631.9000
4331,227631.9000
4332,227631.9000
4333,227631.9000
4334,227631.9000
4335,227631.9000
4336,227631.9000
4337,227631.9000
4338,227631.9000
4339,227631.9000
4340,227631.9000
4341,227631.9000
4342,227631.9000
4343,227631.9000
4344,227631.9000
4345,227631.9000
4346,227631.9000
4347,227631.9000
4348,227631.9000
4349,227631.9000
4350,227631.9000
4351,227631.9000
4352,227631.9000
4353,227631.9000
4354,227631.9000
4355,227631.9000
4356,227631.9000
4357,227631.9000
4358,227631.9000
4359,227631.9000
4360,227631.9000
4361,227631.9000
4362,227631.9000
4363,227631.9000
4364,227631.9000
4365,227631.9000
4366,227631.9000
4367,227631.9000
4368,227631.9000
4369,227631.9000
4370,227631.9000
4371,227631.9000
4372,227631.9000
4373,227631.9000
4374,227631.9000
4375,227631.9000
4376,227631.9000
4377,227631.9000
4378,227631.9000
4379,227631.9000
4380,227631.9000
4381,227631.9000
4382,227631.9000
4383,227631.9000
4384,227631.9000
4385,227631.9000
4386,227631.9000
4387,227631.9000
4388,227631.9000
4389,227631.9000
4390,227631.9000
4391,227631.9000
4392,227631.9000
4393,227631.9000
4394,227631.9000
4395,227631.9000
4396,227631.9000
4397,227631.9000
4398,227631.9000
4399,227631.9000
4400,227631.9000
4401,227631.9000
4402,227631.9000
4403,227631.9000
4404,227631.9000
4405,227631.9000
4406,227631.9000
4407,227631.9000
4408,227631.9000
4409,227631.9000
4410,227631.9000
4411,227631.9000
4412,227631.9000
4413,227631.9000
4414,227631.9000
4415,227631.9000
4416,227631.9000
4417,227631.9000
4418,227631.9000
4419,227631.9000
4420,227631.9000
4421,227631.9000
4422,227631.9000
4423,227631.9000
4424,227631.9000
4425,227631.9000
4426,227631.9000
4427,227631.9000
4428,227631.9000
4429,227631.9000
4430,227631.9000
4431,227631.9000
4432,227631.9000
4433,227631.9000
4434,227631.9000
4435,227631.9000
4436,227631.9000
4437,227631.9000
4438,227631.9000
4439,227631.9000
4440,227631.9000
4441,227631.9000
4442,227631.9000
4443,227631.9000
4444,227631.9000
4445,227631.9000
4446,227631.9000
4447,227631.9000
4448,227631.9000
4449,227631.9000
4450,227631.9000
4451,227631.9000
4452,227631.9000
4453,227631.9000
4454,227631.9000
4455,227631.9000
4456,227631.9000
4457,227631.9000
4458,227631.9000
4459,227631.9000
4460,227631.9000
4461,227631.9000
4462,227631.9000
4463,227631.9000
4464,227631.9000
4465,227631.9000
4466,227631.9000
4467,227631.9000
4468,227631.9000
4469,227631.9000
4470,227631.9000
4471,227631.9000
4472,227631.9000
4473,227631.9000
4474,227631.9000
4475,227631.9000
4476,227631.9000
4477,227631.9000
4478,227631.9000
4479,227631.9000
4480,227631.9000
4481,227631.9000
4482,227631.9000
4483,227631.9000
4484,227631.9000
4485,227631.9000
4486,227631.9000
4487,227631.9000
4488,227631.9000
4489,227631.9000
4490,227631.9000
4491,227631.9000
4492,227631.9000
4493,227631.9000
4494,227631.9000
4495,227631.9000
4496,227631.9000
4497,227631.9000
4498,227631.9000
4499,227631.9000
4500,227631.9000
4501,227631.9000
4502,227631.9000
4503,227631.9000
4504,227631.9000
4505,227631.9000
4506,227631.9000
4507,227631.9000
4508,227631.9000
4509,227631.9000
4510,227631.9000
4511,227631.9000
4512,227631.9000
4513,227631.9000
4514,227631.9000
4515,227631.9000
4516,227631.9000
4517,227631.9000
4518,227631.9000
4519,227631.9000
4520,227631.9000
4521,227631.9000
4522,227631.9000
4523,227631.9000
4524,227631.9000
4525,227631.9000
4526,227631.9000
4527,227631.9000
4528,227631.9000
4529,227631.9000
4530,227631.9000
4531,227631.9000
4532,227631.9000
4533,227631.9000
4534,227631.9000
4535,227631.9000
4536,227631.9000
4537,227631.9000
4538,227631.9000
4539,227631.9000
4540,227631.9000
4541,227631.9000
4542,227631.9000
4543,227631.9000
4544,227631.9000
4545,227631.9000
4546,227631.9000
4547,227631.9000
4548,227631.9000
4549,227631.9000
4550,227631.9000
4551,227631.9000
4552,227631.9000
4553,227631.9000
4554,227631.9000
4555,227631.9000
4556,227631.9000
4557,227631.9000
4558,227631.9000
4559,227631.9000
4560,227631.9000
4561,227631.9000
4562,227631.9000
4563,227631.9000
4564,227631.9000
4565,227631.9000
4566,227631.9000
4567,227631.9000
4568,227631.9000
4569,227631.9000
4570,227631.9000
4571,227631.9000
4572,227631.9000
4573,227631.9000
4574,227631.9000
4575,227631.9000
4576,227631.9000
4577,227631.9000
4578,227631.9000
4579,227631.9000
4580,227631.9000
4581,227631.9000
4582,227631.9000
4583,227631.9000
4584,227631.9000
4585,227631.9000
4586,227631.9000
4587,227631.9000
4588,227631.9000
4589,227631.9000
4590,227631.9000
4591,227631.9000
4592,227631.9000
4593,227631.9000
4594,227631.9000
4595,227631.9000
4596,227631.9000
4597,227631.9000
4598,227631.9000
4599,227631.9000
4600,227631.9000
4601,227631.9000
4602,227631.9000
4603,227631.9000
4604,227631.9000
4605,227631.9000
4606,227631.9000
4607,227631.9000
4608,227631.9000
4609,227631.9000
4610,227631.9000
4611,227631.9000
4612,227631.9000
4613,227631.9000
4614,227631.9000
4615,227631.9000
4616,227631.9000
4617,227631.9000
4618,227631.9000
4619,227631.9000
4620,227631.9000
4621,227631.9000
4622,227631.9000
4623,227631.9000
4624,227631.9000
4625,227631.9000
4626,227631.9000
4627,227631.9000
4628,227631.9000
4629,227631.9000
4630,227631.9000
4631,227631.9000
4632,227631.9000
4633,227631.9000
4634,227631.9000
4635,227631.9000
4636,227631.9000
4637,227631.9000
4638,227631.9000
4639,227631.9000
4640,227631.9000
4641,227631.9000
4642,227631.9000
4643,227631.9000
4644,227631.9000
4645,227631.9000
4646,227631.9000
4647,227631.9000
4648,227631.9000
4649,227631.9000
4650,227631.9000
4651,227631.9000
4652,227631.9000
4653,227631.9000
4654,227631.9000
4655,227631.9000
4656,227631.9000
4657,227631.9000
4658,227631.9000
4659,227631.9000
4660,227631.9000
4661,227631.9000
4662,227631.9000
4663,227631.9000
4664,227631.9000
4665,227631.9000
4666,227631.9000
4667,227631.9000
4668,227631.9000
4669,227631.9000
4670,227631.9000
4671,227631.9000
4672,227631.9000
4673,227631.9000
4674,227631.9000
4675,227631.9000
4676,227631.9000
4677,227631.9000
4678,227631.9000
4679,227631.9000
4680,227631.9000
4681,227631.9000
4682,227631.9000
4683,227631.9000
4684,227631.9000
4685,227631.9000
4686,227631.9000
4687,227631.9000
4688,227631.9000
4689,227631.9000
4690,227631.9000
4691,227631.9000
4692,227631.9000
4693,227631.9000
4694,227631.9000
4695,227631.9000
4696,227631.9000
4697,227631.9000
4698,227631.9000
4699,227631.9000
4700,227631.9000
4701,227631.9000
4702,227631.9000
4703,227631.9000
4704,227631.9000
4705,227631.9000
4706,227631.9000
4707,227631.9000
4708,227631.9000
4709,227631.9000
4710,227631.9000
4711,227631.9000
4712,227631.9000
4713,227631.9000
4714,227631.9000
4715,227631.9000
4716,227631.9000
4717,227631.9000
4718,227631.9000
4719,227631.9000
4720,227631.9000
4721,227631.9000
4722,227631.9000
4723,227631.9000
4724,227631.9000
4725,227631.9000
4726,227631.9000
4727,227631.9000
4728,227631.9000
4729,227631.9000
4730,227631.9000
4731,227631.9000
4732,227631.9000
4733,227631.9000
4734,227631.9000
4735,227631.9000
4736,227631.9000
4737,227631.9000
4738,227631.9000
4739,227631.9000
4740,227631.9000
4741,227631.9000
4742,227631.9000
4743,227631.9000
4744,227631.9000
4745,227631.9000
4746,227631.9000
4747,227631.9000
4748,227631.9000
4749,227631.9000
4750,227631.9000
4751,227631.9000
4752,227631.9000
4753,227631.9000
4754,227631.9000
4755,227631.9000
4756,227631.9000
4757,227631.9000
4758,227631.9000
4759,227631.9000
4760,227631.9000
4761,227631.9000
4762,227631.9000
4763,227631.9000
4764,227631.9000
4765,227631.9000
4766,227631.9000
4767,227631.9000
4768,227631.9000
4769,227631.9000
4770,227631.9000
4771,227631.9000
4772,227631.9000
4773,227631.9000
4774,227631.9000
4775,227631.9000
4776,227631.9000
4777,227631.9000
4778,227631.9000
4779,227631.9000
4780,227631.9000
4781,227631.9000
4782,227631.9000
4783,227631.9000
4784,227631.9000
4785,227631.9000
4786,227631.9000
4787,227631.9000
4788,227631.9000
4789,227631.9000
4790,227631.9000
4791,227631.9000
4792,227631.9000
4793,227631.9000
4794,227631.9000
4795,227631.9000
4796,227631.9000
4797,227631.9000
4798,227631.9000
4799,227631.9000
4800,227631.9000
4801,227631.9000
4802,227631.9000
4803,227631.9000
4804,227631.9000
4805,227631.9000
4806,227631.9000
4807,227631.9000
4808,227631.9000
4809,227631.9000
4810,227631.9000
4811,227631.9000
4812,227631.9000
4813,227631.9000
4814,227631.9000
4815,227631.9000
4816,227631.9000
4817,227631.9000
4818,227631.9000
4819,227631.9000
4820,227631.9000
4821,227631.9000
4822,227631.9000
4823,227631.9000
4824,227631.9000
4825,227631.9000
4826,227631.9000
4827,227631.9000
4828,227631.9000
4829,227631.9000
4830,227631.9000
4831,227631.9000
4832,227631.9000
4833,227631.9000
4834,227631.9000
4835,227631.9000
4836,227631.9000
4837,227631.9000
4838,227631.9000
4839,227631.9000
4840,227631.9000
4841,227631.9000
4842,227631.9000
4843,227631.9000
4844,227631.9000
4845,227631.9000
4846,227631.9000
4847,227631.9000
4848,227631.9000
4849,227631.9000
4850,227631.9000
4851,227631.9000
4852,227631.9000
4853,227631.9000
4854,227631.9000
4855,227631.9000
4856,227631.9000
4857,227631.9000
4858,227631.9000
4859,227631.9000
4860,227631.9000
4861,227631.9000
4862,227631.9000
4863,227631.9000
4864,227631.9000
4865,227631.9000
4866,227631.9000
4867,227631.9000
4868,227631.9000
4869,227631.9000
4870,227631.9000
4871,227631.9000
4872,227631.9000
4873,227631.9000
4874,227631.9000
4875,227631.9000
4876,227631.9000
4877,227631.9000
4878,227631.9000
4879,227631.9000
4880,227631.9000
4881,227631.9000
4882,227631.9000
4883,227631.9000
4884,227631.9000
4885,227631.9000
4886,227631.9000
4887,227631.9000
4888,227631.9000
4889,227631.9000
4890,227631.9000
4891,227631.9000
4892,227631.9000
4893,227631.9000
4894,227631.9000
4895,227631.9000
4896,227631.9000
4897,227631.9000
4898,227631.9000
4899,227631.9000
4900,227631.9000
4901,227631.9000
4902,227631.9000
4903,227631.9000
4904,227631.9000
4905,227631.9000
4906,227631.9000
4907,227631.9000
4908,227631.9000
4909,227631.9000
4910,227631.9000
4911,227631.9000
4912,227631.9000
4913,227631.9000
4914,227631.9000
4915,227631.9000
4916,227631.9000
4917,227631.9000
4918,227631.9000
4919,227631.9000
4920,227631.9000
4921,227631.9000
4922,227631.9000
4923,227631.9000
4924,227631.9000
4925,227631.9000
4926,227631.9000
4927,227631.9000
4928,227631.9000
4929,227631.9000
4930,227631.9000
4931,227631.9000
4932,227631.9000
4933,227631.9000
4934,227631.9000
4935,227631.9000
4936,227631.9000
4937,227631.9000
4938,227631.9000
4939,227631.9000
4940,227631.9000
4941,227631.9000
4942,227631.9000
4943,227631.9000
4944,227631.9000
4945,227631.9000
4946,227631.9000
4947,227631.9000
4948,227631.9000
4949,227631.9000
4950,227631.9000
4951,227631.9000
4952,227631.9000
4953,227631.9000
4954,227631.9000
4955,227631.9000
4956,227631.9000
4957,227631.9000
4958,227631.9000
4959,227631.9000
4960,227631.9000
4961,227631.9000
4962,227631.9000
4963,227631.9000
4964,227631.9000
4965,227631.9000
4966,227631.9000
4967,227631.9000
4968,227631.9000
4969,227631.9000
4970,227631.9000
4971,227631.9000
4972,227631.9000
4973,227631.9000
4974,227631.9000
4975,227631.9000
4976,227631.9000
4977,227631.9000
4978,227631.9000
4979,227631.9000
4980,227631.9000
4981,227631.9000
4982,227631.9000
4983,227631.9000
4984,227631.9000
4985,227631.9000
4986,227631.9000
4987,227631.9000
4988,227631.9000
4989,227631.9000
4990,227631.9000
4991,227631.9000
4992,227631.9000
4993,227631.9000
4994,227631.9000
4995,227631.9000
4996,227631.9000
4997,227631.9000
4998,227631.9000
4999,227631.9000
5000,227631.9000
5001,227631.9000
5002,227631.9000
5003,227631.9000
5004,227631.9000
5005,227631.9000
5006,227631.9000
5007,227631.9000
5008,227631.9000
5009,227631.9000
5010,227631.9000
5011,227631.9000
5012,227631.9000
5013,227631.9000
5014,227631.9000
5015,227631.9000
5016,227631.9000
5017,227631.9000
5018,227631.9000
5019,227631.9000
5020,227631.9000
5021,227631.9000
5022,227631.9000
5023,227631.9000
5024,227631.9000
5025,227631.9000
5026,227631.9000
5027,227631.9000
5028,227631.9000
5029,227631.9000
5030,227631.9000
5031,227631.9000
5032,227631.9000
5033,227631.9000
5034,227631.9000
5035,227631.9000
5036,227631.9000
5037,227631.9000
5038,227631.9000
5039,227631.9000
5040,227631.9000
5041,227631.9000
5042,227631.9000
5043,227631.9000
5044,227631.9000
5045,227631.9000
5046,227631.9000
5047,227631.9000
5048,227631.9000
5049,227631.9000
5050,227631.9000
5051,227631.9000
5052,227631.9000
5053,227631.9000
5054,227631.9000
5055,227631.9000
5056,227631.9000
5057,227631.9000
5058,227631.9000
5059,227631.9000
5060,227631.9000
5061,227631.9000
5062,227631.9000
5063,227631.9000
5064,227631.9000
5065,227631.9000
5066,227631.9000
5067,227631.9000
5068,227631.9000
5069,227631.9000
5070,227631.9000
5071,227631.9000
5072,227631.9000
5073,227631.9000
5074,227631.9000
5075,227631.9000
5076,227631.9000
5077,227631.9000
5078,227631.9000
5079,227631.9000
5080,227631.9000
5081,227631.9000
5082,227631.9000
5083,227631.9000
5084,227631.9000
5085,227631.9000
5086,227631.9000
5087,227631.9000
5088,227631.9000
5089,227631.9000
5090,227631.9000
5091,227631.9000
5092,227631.9000
5093,227631.9000
5094,227631.9000
5095,227631.9000
5096,227631.9000
5097,227631.9000
5098,227631.9000
5099,227631.9000
5100,227631.9000
5101,227631.9000
5102,227631.9000
5103,227631.9000
5104,227631.9000
5105,227631.9000
5106,227631.9000
5107,227631.9000
5108,227631.9000
5109,227631.9000
5110,227631.9000
5111,227631.9000
5112,227631.9000
5113,227631.9000
5114,227631.9000
5115,227631.9000
5116,227631.9000
5117,227631.9000
5118,227631.9000
5119,227631.9000
5120,227631.9000
5121,227631.9000
5122,227631.9000
5123,227631.9000
5124,227631.9000
5125,227631.9000
5126,227631.9000
5127,227631.9000
5128,227631.9000
5129,227631.9000
5130,227631.9000
5131,227631.9000
5132,227631.9000
5133,227631.9000
5134,227631.9000
5135,227631.9000
5136,227631.9000
5137,227631.9000
5138,227631.9000
5139,227631.9000
5140,227631.9000
5141,227631.9000
5142,227631.9000
5143,227631.9000
5144,227631.9000
5145,227631.9000
5146,227631.9000
5147,227631.9000
5148,227631.9000
5149,227631.9000
5150,227631.9000
5151,227631.9000
5152,227631.9000
5153,227631.9000
5154,227631.9000
5155,227631.9000
5156,227631.9000
5157,227631.9000
5158,227631.9000
5159,227631.9000
5160,227631.9000
5161,227631.9000
5162,227631.9000
5163,227631.9000
5164,227631.9000
5165,227631.9000
5166,227631.9000
5167,227631.9000
5168,227631.9000
5169,227631.9000
5170,227631.9000
5171,227631.9000
5172,227631.9000
5173,227631.9000
5174,227631.9000
5175,227631.9000
5176,227631.9000
5177,227631.9000
5178,227631.9000
5179,227631.9000
5180,227631.9000
5181,227631.9000
5182,227631.9000
5183,227631.9000
5184,227631.9000
5185,227631.9000
5186,227631.9000
5187,227631.9000
5188,227631.9000
5189,227631.9000
5190,227631.9000
5191,227631.9000
5192,227631.9000
5193,227631.9000
5194,227631.9000
5195,227631.9000
5196,227631.9000
5197,227631.9000
5198,227631.9000
5199,227631.9000
5200,227631.9000
5201,227631.9000
5202,227631.9000
5203,227631.9000
5204,227631.9000
5205,227631.9000
5206,227631.9000
5207,227631.9000
5208,227631.9000
5209,227631.9000
5210,227631.9000
5211,227631.9000
5212,227631.9000
5213,227631.9000
5214,227631.9000
5215,227631.9000
5216,227631.9000
5217,227631.9000
5218,227631.9000
5219,227631.9000
5220,227631.9000
5221,227631.9000
5222,227631.9000
5223,227631.9000
5224,227631.9000
5225,227631.9000
5226,227631.9000
5227,227631.9000
5228,227631.9000
5229,227631.9000
5230,227631.9000
5231,227631.9000
5232,227631.9000
5233,227631.9000
5234,227631.9000
5235,227631.9000
5236,227631.9000
5237,227631.9000
5238,227631.9000
5239,227631.9000
5240,227631.9000
5241,227631.9000
5242,227631.9000
5243,227631.9000
5244,227631.9000
5245,227631.9000
5246,227631.9000
5247,227631.9000
5248,227631.9000
5249,227631.9000
5250,227631.9000
5251,227631.9000
5252,227631.9000
5253,227631.9000
5254,227631.9000
5255,227631.9000
5256,227631.9000
5257,227631.9000
5258,227631.9000
5259,227631.9000
5260,227631.9000
5261,227631.9000
5262,227631.9000
5263,227631.9000
5264,227631.9000
5265,227631.9000
5266,227631.9000
5267,227631.9000
5268,227631.9000
5269,227631.9000
5270,227631.9000
5271,227631.9000
5272,227631.9000
5273,227631.9000
5274,227631.9000
5275,227631.9000
5276,227631.9000
5277,227631.9000
5278,227631.9000
5279,227631.9000
5280,227631.9000
5281,227631.9000
5282,227631.9000
5283,227631.9000
5284,227631.9000
5285,227631.9000
5286,227631.9000
5287,227631.9000
5288,227631.9000
5289,227631.9000
5290,227631.9000
5291,227631.9000
5292,227631.9000
5293,227631.9000
5294,227631.9000
5295,227631.9000
5296,227631.9000
5297,227631.9000
5298,227631.9000
5299,227631.9000
5300,227631.9000
5301,227631.9000
5302,227631.9000
5303,227631.9000
5304,227631.9000
5305,227631.9000
5306,227631.9000
5307,227631.9000
5308,227631.9000
5309,227631.9000
5310,227631.9000
5311,227631.9000
5312,227631.9000
5313,227631.9000
5314,227631.9000
5315,227631.9000
5316,227631.9000
5317,227631.9000
5318,227631.9000
5319,227631.9000
5320,227631.9000
5321,227631.9000
5322,227631.9000
5323,227631.9000
5324,227631.9000
5325,227631.9000
5326,227631.9000
5327,227631.9000
5328,227631.9000
5329,227631.9000
5330,227631.9000
5331,227631.9000
5332,227631.9000
5333,227631.9000
5334,227631.9000
5335,227631.9000
5336,227631.9000
5337,227631.9000
5338,227631.9000
5339,227631.9000
5340,227631.9000
5341,227631.9000
5342,227631.9000
5343,227631.9000
5344,227631.9000
5345,227631.9000
5346,227631.9000
5347,227631.9000
5348,227631.9000
5349,227631.9000
5350,227631.9000
5351,227631.9000
5352,227631.9000
5353,227631.9000
5354,227631.9000
5355,227631.9000
5356,227631.9000
5357,227631.9000
5358,227631.9000
5359,227631.9000
5360,227631.9000
5361,227631.9000
5362,227631.9000
5363,227631.9000
5364,227631.9000
5365,227631.9000
5366,227631.9000
5367,227631.9000
5368,227631.9000
5369,227631.9000
5370,227631.9000
5371,227631.9000
5372,227631.9000
5373,227631.9000
5374,227631.9000
5375,227631.9000
5376,227631.9000
5377,227631.9000
5378,227631.9000
5379,227631.9000
5380,227631.9000
5381,227631.9000
5382,227631.9000
5383,227631.9000
5384,227631.9000
5385,227631.9000
5386,227631.9000
5387,227631.9000
5388,227631.9000
5389,227631.9000
5390,227631.9000
5391,227631.9000
5392,227631.9000
5393,227631.9000
5394,227631.9000
5395,227631.9000
5396,227631.9000
5397,227631.9000
5398,227631.9000
5399,227631.9000
5400,227631.9000
5401,227631.9000
5402,227631.9000
5403,227631.9000
5404,227631.9000
5405,227631.9000
5406,227631.9000
5407,227631.9000
5408,227631.9000
5409,227631.9000
5410,227631.9000
5411,227631.9000
5412,227631.9000
5413,227631.9000
5414,227631.9000
5415,227631.9000
5416,227631.9000
5417,227631.9000
5418,227631.9000
5419,227631.9000
5420,227631.9000
5421,227631.9000
5422,227631.9000
5423,227631.9000
5424,227631.9000
5425,227631.9000
5426,227631.9000
5427,227631.9000
5428,227631.9000
5429,227631.9000
5430,227631.9000
5431,227631.9000
5432,227631.9000
5433,227631.9000
5434,227631.9000
5435,227631.9000
5436,227631.9000
5437,227631.9000
5438,227631.9000
5439,227631.9000
5440,227631.9000
5441,227631.9000
5442,227631.9000
5443,227631.9000
5444,227631.9000
5445,227631.9000
5446,227631.9000
5447,227631.9000
5448,227631.9000
5449,227631.9000
5450,227631.9000
5451,227631.9000
5452,227631.9000
5453,227631.9000
5454,227631.9000
5455,227631.9000
5456,227631.9000
5457,227631.9000
5458,227631.9000
5459,227631.9000
5460,227631.9000
5461,227631.9000
5462,227631.9000
5463,227631.9000
5464,227631.9000
5465,227631.9000
5466,227631.9000
5467,227631.9000
5468,227631.9000
5469,227631.9000
5470,227631.9000
5471,227631.9000
5472,227631.9000
5473,227631.9000
5474,227631.9000
5475,227631.9000
5476,227631.9000
5477,227631.9000
5478,227631.9000
5479,227631.9000
5480,227631.9000
5481,227631.9000
5482,227631.9000
5483,227631.9000
5484,227631.9000
5485,227631.9000
5486,227631.9000
5487,227631.9000
5488,227631.9000
5489,227631.9000
5490,227631.9000
5491,227631.9000
5492,227631.9000
5493,227631.9000
5494,227631.9000
5495,227631.9000
5496,227631.9000
5497,227631.9000
5498,227631.9000
5499,227631.9000
5500,227631.9000
5501,227631.9000
5502,227631.9000
5503,227631.9000
5504,227631.9000
5505,227631.9000
5506,227631.9000
5507,227631.9000
5508,227631.9000
5509,227631.9000
5510,227631.9000
5511,227631.9000
5512,227631.9000
5513,227631.9000
5514,227631.9000
5515,227631.9000
5516,227631.9000
5517,227631.9000
5518,227631.9000
5519,227631.9000
5520,227631.9000
5521,227631.9000
5522,227631.9000
5523,227631.9000
5524,227631.9000
5525,227631.9000
5526,227631.9000
5527,227631.9000
5528,227631.9000
5529,227631.9000
5530,227631.9000
5531,227631.9000
5532,227631.9000
5533,227631.9000
5534,227631.9000
5535,227631.9000
5536,227631.9000
5537,227631.9000
5538,227631.9000
5539,227631.9000
5540,227631.9000
5541,227631.9000
5542,227631.9000
5543,227631.9000
5544,227631.9000
5545,227631.9000
5546,227631.9000
5547,227631.9000
5548,227631.9000
5549,227631.9000
5550,227631.9000
5551,227631.9000
5552,227631.9000
5553,227631.9000
5554,227631.9000
5555,227631.9000
5556,227631.9000
5557,227631.9000
5558,227631.9000
5559,227631.9000
5560,227631.9000
5561,227631.9000
5562,227631.9000
5563,227631.9000
5564,227631.9000
5565,227631.9000
5566,227631.9000
5567,227631.9000
5568,227631.9000
5569,227631.9000
5570,227631.9000
5571,227631.9000
5572,227631.9000
5573,227631.9000
5574,227631.9000
5575,227631.9000
5576,227631.9000
5577,227631.9000
5578,227631.9000
5579,227631.9000
5580,227631.9000
5581,227631.9000
5582,227631.9000
5583,227631.9000
5584,227631.9000
5585,227631.9000
5586,227631.9000
5587,227631.9000
5588,227631.9000
5589,227631.9000
5590,227631.9000
5591,227631.9000
5592,227631.9000
5593,227631.9000
5594,227631.9000
5595,227631.9000
5596,227631.9000
5597,227631.9000
5598,227631.9000
5599,227631.9000
5600,227631.9000
5601,227631.9000
5602,227631.9000
5603,227631.9000
5604,227631.9000
5605,227631.9000
5606,227631.9000
5607,227631.9000
5608,227631.9000
5609,227631.9000
5610,227631.9000
5611,227631.9000
5612,227631.9000
5613,227631.9000
5614,227631.9000
5615,227631.9000
5616,227631.9000
5617,227631.9000
5618,227631.9000
5619,227631.9000
5620,227631.9000
5621,227631.9000
5622,227631.9000
5623,227631.9000
5624,227631.9000
5625,227631.9000
5626,227631.9000
5627,227631.9000
5628,227631.9000
5629,227631.9000
5630,227631.9000
5631,227631.9000
5632,227631.9000
5633,227631.9000
5634,227631.9000
5635,227631.9000
5636,227631.9000
5637,227631.9000
5638,227631.9000
5639,227631.9000
5640,227631.9000
5641,227631.9000
5642,227631.9000
5643,227631.9000
5644,227631.9000
5645,227631.9000
5646,227631.9000
5647,227631.9000
5648,227631.9000
5649,227631.9000
5650,227631.9000
5651,227631.9000
5652,227631.9000
5653,227631.9000
5654,227631.9000
5655,227631.9000
5656,227631.9000
5657,227631.9000
5658,227631.9000
5659,227631.9000
5660,227631.9000
5661,227631.9000
5662,227631.9000
5663,227631.9000
5664,227631.9000
5665,227631.9000
5666,227631.9000
5667,227631.9000
5668,227631.9000
5669,227631.9000
5670,227631.9000
5671,227631.9000
5672,227631.9000
5673,227631.9000
5674,227631.9000
5675,227631.9000
5676,227631.9000
5677,227631.9000
5678,227631.9000
5679,227631.9000
5680,227631.9000
5681,227631.9000
5682,227631.9000
5683,227631.9000
5684,227631.9000
5685,227631.9000
5686,227631.9000
5687,227631.9000
5688,227631.9000
5689,227631.9000
5690,227631.9000
5691,227631.9000
5692,227631.9000
5693,227631.9000
5694,227631.9000
5695,227631.9000
5696,227631.9000
5697,227631.9000
5698,227631.9000
5699,227631.9000
5700,227631.9000
5701,227631.9000
5702,227631.9000
5703,227631.9000
5704,227631.9000
5705,227631.9000
5706,227631.9000
5707,227631.9000
5708,227631.9000
5709,227631.9000
5710,227631.9000
5711,227631.9000
5712,227631.9000
5713,227631.9000
5714,227631.9000
5715,227631.9000
5716,227631.9000
5717,227631.9000
5718,227631.9000
5719,227631.9000
5720,227631.9000
5721,227631.9000
5722,227631.9000
5723,227631.9000
5724,227631.9000
5725,227631.9000
5726,227631.9000
5727,227631.9000
5728,227631.9000
5729,227631.9000
5730,227631.9000
5731,227631.9000
5732,227631.9000
5733,227631.9000
5734,227631.9000
5735,227631.9000
5736,227631.9000
5737,227631.9000
5738,227631.9000
5739,227631.9000
5740,227631.9000
5741,227631.9000
5742,227631.9000
5743,227631.9000
5744,227631.9000
5745,227631.9000
5746,227631.9000
5747,227631.9000
5748,227631.9000
5749,227631.9000
5750,227631.9000
5751,227631.9000
5752,227631.9000
5753,227631.9000
5754,227631.9000
5755,227631.9000
5756,227631.9000
5757,227631.9000
5758,227631.9000
5759,227631.9000
5760,227631.9000
5761,227631.9000
5762,227631.9000
5763,227631.9000
5764,227631.9000
5765,227631.9000
5766,227631.9000
5767,227631.9000
5768,227631.9000
5769,227631.9000
5770,227631.9000
5771,227631.9000
5772,227631.9000
5773,227631.9000
5774,227631.9000
5775,227631.9000
5776,227631.9000
5777,227631.9000
5778,227631.9000
5779,227631.9000
5780,227631.9000
5781,227631.9000
5782,227631.9000
5783,227631.9000
5784,227631.9000
5785,227631.9000
5786,227631.9000
5787,227631.9000
5788,227631.9000
5789,227631.9000
5790,227631.9000
5791,227631.9000
5792,227631.9000
5793,227631.9000
5794,227631.9000
5795,227631.9000
5796,227631.9000
5797,227631.9000
5798,227631.9000
5799,227631.9000
5800,227631.9000
5801,227631.9000
5802,227631.9000
5803,227631.9000
5804,227631.9000
5805,227631.9000
5806,227631.9000
5807,227631.9000
5808,227631.9000
5809,227631.9000
5810,227631.9000
5811,227631.9000
5812,227631.9000
5813,227631.9000
5814,227631.9000
5815,227631.9000
5816,227631.9000
5817,227631.9000
5818,227631.9000
5819,227631.9000
5820,227631.9000
5821,227631.9000
5822,227631.9000
5823,227631.9000
5824,227631.9000
5825,227631.9000
5826,227631.9000
5827,227631.9000
5828,227631.9000
5829,227631.9000
5830,227631.9000
5831,227631.9000
5832,227631.9000
5833,227631.9000
5834,227631.9000
5835,227631.9000
5836,227631.9000
5837,227631.9000
5838,227631.9000
5839,227631.9000
5840,227631.9000
5841,227631.9000
5842,227631.9000
5843,227631.9000
5844,227631.9000
5845,227631.9000
5846,227631.9000
5847,227631.9000
5848,227631.9000
5849,227631.9000
5850,227631.9000
5851,227631.9000
5852,227631.9000
5853,227631.9000
5854,227631.9000
5855,227631.9000
5856,227631.9000
5857,227631.9000
5858,227631.9000
5859,227631.9000
5860,227631.9000
5861,227631.9000
5862,227631.9000
5863,227631.9000
5864,227631.9000
5865,227631.9000
5866,227631.9000
5867,227631.9000
5868,227631.9000
5869,227631.9000
5870,227631.9000
5871,227631.9000
5872,227631.9000
5873,227631.9000
5874,227631.9000
5875,227631.9000
5876,227631.9000
5877,227631.9000
5878,227631.9000
5879,227631.9000
5880,227631.9000
5881,227631.9000
5882,227631.9000
5883,227631.9000
5884,227631.9000
5885,227631.9000
5886,227631.9000
5887,227631.9000
5888,227631.9000
5889,227631.9000
5890,227631.9000
5891,227631.9000
5892,227631.9000
5893,227631.9000
5894,227631.9000
5895,227631.9000
5896,227631.9000
5897,227631.9000
5898,227631.9000
5899,227631.9000
5900,227631.9000
5901,227631.9000
5902,227631.9000
5903,227631.9000
5904,227631.9000
5905,227631.9000
5906,227631.9000
5907,227631.9000
5908,227631.9000
5909,227631.9000
5910,227631.9000
5911,227631.9000
5912,227631.9000
5913,227631.9000
5914,227631.9000
5915,227631.9000
5916,227631.9000
5917,227631.9000
5918,227631.9000
5919,227631.9000
5920,227631.9000
5921,227631.9000
5922,227631.9000
5923,227631.9000
5924,227631.9000
5925,227631.9000
5926,227631.9000
5927,227631.9000
5928,227631.9000
5929,227631.9000
5930,227631.9000
5931,227631.9000
5932,227631.9000
5933,227631.9000
5934,227631.9000
5935,227631.9000
5936,227631.9000
5937,227631.9000
5938,227631.9000
5939,227631.9000
5940,227631.9000
5941,227631.9000
5942,227631.9000
5943,227631.9000
5944,227631.9000
5945,227631.9000
5946,227631.9000
5947,227631.9000
5948,227631.9000
5949,227631.9000
5950,227631.9000
5951,227631.9000
5952,227631.9000
5953,227631.9000
5954,227631.9000
5955,227631.9000
5956,227631.9000
5957,227631.9000
5958,227631.9000
5959,227631.9000
5960,227631.9000
5961,227631.9000
5962,227631.9000
5963,227631.9000
5964,227631.9000
5965,227631.9000
5966,227631.9000
5967,227631.9000
5968,227631.9000
5969,227631.9000
5970,227631.9000
5971,227631.9000
5972,227631.9000
5973,227631.9000
5974,227631.9000
5975,227631.9000
5976,227631.9000
5977,227631.9000
5978,227631.9000
5979,227631.9000
5980,227631.9000
5981,227631.9000
5982,227631.9000
5983,227631.9000
5984,227631.9000
5985,227631.9000
5986,227631.9000
5987,227631.9000
5988,227631.9000
5989,227631.9000
5990,227631.9000
5991,227631.9000
5992,227631.9000
5993,227631.9000
5994,227631.9000
5995,227631.9000
5996,227631.9000
5997,227631.9000
5998,227631.9000
5999,227631.9000
6000,227631.9000
6001,227631.9000
6002,227631.9000
6003,227631.9000
6004,227631.9000
6005,227631.9000
6006,227631.9000
6007,227631.9000
6008,227631.9000
6009,227631.9000
6010,227631.9000
6011,227631.9000
6012,227631.9000
6013,227631.9000
6014,227631.9000
6015,227631.9000
6016,227631.9000
6017,227631.9000
6018,227631.9000
6019,227631.9000
6020,227631.9000
6021,227631.9000
6022,227631.9000
6023,227631.9000
6024,227631.9000
6025,227631.9000
6026,227631.9000
6027,227631.9000
6028,227631.9000
6029,227631.9000
6030,227631.9000
6031,227631.9000
6032,227631.9000
6033,227631.9000
6034,227631.9000
6035,227631.9000
6036,227631.9000
6037,227631.9000
6038,227631.9000
6039,227631.9000
6040,227631.9000
6041,227631.9000
6042,227631.9000
6043,227631.9000
6044,227631.9000
6045,227631.9000
6046,227631.9000
6047,227631.9000
6048,227631.9000
6049,227631.9000
6050,227631.9000
6051,227631.9000
6052,227631.9000
6053,227631.9000
6054,227631.9000
6055,227631.9000
6056,227631.9000
6057,227631.9000
6058,227631.9000
6059,227631.9000
6060,227631.9000
6061,227631.9000
6062,227631.9000
6063,227631.9000
6064,227631.9000
6065,227631.9000
6066,227631.9000
6067,227631.9000
6068,227631.9000
6069,227631.9000
6070,227631.9000
6071,227631.9000
6072,227631.9000
6073,227631.9000
6074,227631.9000
6075,227631.9000
6076,227631.9000
6077,227631.9000
6078,227631.9000
6079,227631.9000
6080,227631.9000
6081,227631.9000
6082,227631.9000
6083,227631.9000
6084,227631.9000
6085,227631.9000
6086,227631.9000
6087,227631.9000
6088,227631.9000
6089,227631.9000
6090,227631.9000
6091,227631.9000
6092,227631.9000
6093,227631.9000
6094,227631.9000
6095,227631.9000
6096,227631.9000
6097,227631.9000
6098,227631.9000
6099,227631.9000
6100,227631.9000
6101,227631.9000
6102,227631.9000
6103,227631.9000
6104,227631.9000
6105,227631.9000
6106,227631.9000
6107,227631.9000
6108,227631.9000
6109,227631.9000
6110,227631.9000
6111,227631.9000
6112,227631.9000
6113,227631.9000
6114,227631.9000
6115,227631.9000
6116,227631.9000
6117,227631.9000
6118,227631.9000
6119,227631.9000
6120,227631.9000
6121,227631.9000
6122,227631.9000
6123,227631.9000
6124,227631.9000
6125,227631.9000
6126,227631.9000
6127,227631.9000
6128,227631.9000
6129,227631.9000
6130,227631.9000
6131,227631.9000
6132,227631.9000
6133,227631.9000
6134,227631.9000
6135,227631.9000
6136,227631.9000
6137,227631.9000
6138,227631.9000
6139,227631.9000
6140,227631.9000
6141,227631.9000
6142,227631.9000
6143,227631.9000
6144,227631.9000
6145,227631.9000
6146,227631.9000
6147,227631.9000
6148,227631.9000
6149,227631.9000
6150,227631.9000
6151,227631.9000
6152,227631.9000
6153,227631.9000
6154,227631.9000
6155,227631.9000
6156,227631.9000
6157,227631.9000
6158,227631.9000
6159,227631.9000
6160,227631.9000
6161,227631.9000
6162,227631.9000
6163,227631.9000
6164,227631.9000
6165,227631.9000
6166,227631.9000
6167,227631.9000
6168,227631.9000
6169,227631.9000
6170,227631.9000
6171,227631.9000
6172,227631.9000
6173,227631.9000
6174,227631.9000
6175,227631.9000
6176,227631.9000
6177,227631.9000
6178,227631.9000
6179,227631.9000
6180,227631.9000
6181,227631.9000
6182,227631.9000
6183,227631.9000
6184,227631.9000
6185,227631.9000
6186,227631.9000
6187,227631.9000
6188,227631.9000
6189,227631.9000
6190,227631.9000
6191,227631.9000
6192,227631.9000
6193,227631.9000
6194,227631.9000
6195,227631.9000
6196,227631.9000
6197,227631.9000
6198,227631.9000
6199,227631.9000
6200,227631.9000
6201,227631.9000
6202,227631.9000
6203,227631.9000
6204,227631.9000
6205,227631.9000
6206,227631.9000
6207,227631.9000
6208,227631.9000
6209,227631.9000
6210,227631.9000
6211,227631.9000
6212,227631.9000
6213,227631.9000
6214,227631.9000
6215,227631.9000
6216,227631.9000
6217,227631.9000
6218,227631.9000
6219,227631.9000
6220,227631.9000
6221,227631.9000
6222,227631.9000
6223,227631.9000
6224,227631.9000
6225,227631.9000
6226,227631.9000
6227,227631.9000
6228,227631.9000
6229,227631.9000
6230,227631.9000
6231,227631.9000
6232,227631.9000
6233,227631.9000
6234,227631.9000
6235,227631.9000
6236,227631.9000
6237,227631.9000
6238,227631.9000
6239,227631.9000
6240,227631.9000
6241,227631.9000
6242,227631.9000
6243,227631.9000
6244,227631.9000
6245,227631.9000
6246,227631.9000
6247,227631.9000
6248,227631.9000
6249,227631.9000
6250,227631.9000
6251,227631.9000
6252,227631.9000
6253,227631.9000
6254,227631.9000
6255,227631.9000
6256,227631.9000
6257,227631.9000
6258,227631.9000
6259,227631.9000
6260,227631.9000
6261,227631.9000
6262,227631.9000
6263,227631.9000
6264,227631.9000
6265,227631.9000
6266,227631.9000
6267,227631.9000
6268,227631.9000
6269,227631.9000
6270,227631.9000
6271,227631.9000
6272,227631.9000
6273,227631.9000
6274,227631.9000
6275,227631.9000
6276,227631.9000
6277,227631.9000
6278,227631.9000
6279,227631.9000
6280,227631.9000
6281,227631.9000
6282,227631.9000
6283,227631.9000
6284,227631.9000
6285,227631.9000
6286,227631.9000
6287,227631.9000
6288,227631.9000
6289,227631.9000
6290,227631.9000
6291,227631.9000
6292,227631.9000
6293,227631.9000
6294,227631.9000
6295,227631.9000
6296,227631.9000
6297,227631.9000
6298,227631.9000
6299,227631.9000
6300,227631.9000
6301,227631.9000
6302,227631.9000
6303,227631.9000
6304,227631.9000
6305,227631.9000
6306,227631.9000
6307,227631.9000
6308,227631.9000
6309,227631.9000
6310,227631.9000
6311,227631.9000
6312,227631.9000
6313,227631.9000
6314,227631.9000
6315,227631.9000
6316,227631.9000
6317,227631.9000
6318,227631.9000
6319,227631.9000
6320,227631.9000
6321,227631.9000
6322,227631.9000
6323,227631.9000
6324,227631.9000
6325,227631.9000
6326,227631.9000
6327,227631.9000
6328,227631.9000
6329,227631.9000
6330,227631.9000
6331,227631.9000
6332,227631.9000
6333,227631.9000
6334,227631.9000
6335,227631.9000
6336,227631.9000
6337,227631.9000
6338,227631.9000
6339,227631.9000
6340,227631.9000
6341,227631.9000
6342,227631.9000
6343,227631.9000
6344,227631.9000
6345,227631.9000
6346,227631.9000
6347,227631.9000
6348,227631.9000
6349,227631.9000
6350,227631.9000
6351,227631.9000
6352,227631.9000
6353,227631.9000
6354,227631.9000
6355,227631.9000
6356,227631.9000
6357,227631.9000
6358,227631.9000
6359,227631.9000
6360,227631.9000
6361,227631.9000
6362,227631.9000
6363,227631.9000
6364,227631.9000
6365,227631.9000
6366,227631.9000
6367,227631.9000
6368,227631.9000
6369,227631.9000
6370,227631.9000
6371,227631.9000
6372,227631.9000
6373,227631.9000
6374,227631.9000
6375,227631.9000
6376,227631.9000
6377,227631.9000
6378,227631.9000
6379,227631.9000
6380,227631.9000
6381,227631.9000
6382,227631.9000
6383,227631.9000
6384,227631.9000
6385,227631.9000
6386,227631.9000
6387,227631.9000
6388,227631.9000
6389,227631.9000
6390,227631.9000
6391,227631.9000
6392,227631.9000
6393,227631.9000
6394,227631.9000
6395,227631.9000
6396,227631.9000
6397,227631.9000
6398,227631.9000
6399,227631.9000
6400,227631.9000
6401,227631.9000
6402,227631.9000
6403,227631.9000
6404,227631.9000
6405,227631.9000
6406,227631.9000
6407,227631.9000
6408,227631.9000
6409,227631.9000
6410,227631.9000
6411,227631.9000
6412,227631.9000
6413,227631.9000
6414,227631.9000
6415,227631.9000
6416,227631.9000
6417,227631.9000
6418,227631.9000
6419,227631.9000
6420,227631.9000
6421,227631.9000
6422,227631.9000
6423,227631.9000
6424,227631.9000
6425,227631.9000
6426,227631.9000
6427,227631.9000
6428,227631.9000
6429,227631.9000
6430,227631.9000
6431,227631.9000
6432,227631.9000
6433,227631.9000
6434,227631.9000
6435,227631.9000
6436,227631.9000
6437,227631.9000
6438,227631.9000
6439,227631.9000
6440,227631.9000
6441,227631.9000
6442,227631.9000
6443,227631.9000
6444,227631.9000
6445,227631.9000
6446,227631.9000
6447,227631.9000
6448,227631.9000
6449,227631.9000
6450,227631.9000
6451,227631.9000
6452,227631.9000
6453,227631.9000
6454,227631.9000
6455,227631.9000
6456,227631.9000
6457,227631.9000
6458,227631.9000
6459,227631.9000
6460,227631.9000
6461,227631.9000
6462,227631.9000
6463,227631.9000
6464,227631.9000
6465,227631.9000
6466,227631.9000
6467,227631.9000
6468,227631.9000
6469,227631.9000
6470,227631.9000
6471,227631.9000
6472,227631.9000
6473,227631.9000
6474,227631.9000
6475,227631.9000
6476,227631.9000
6477,227631.9000
6478,227631.9000
6479,227631.9000
6480,227631.9000
6481,227631.9000
6482,227631.9000
6483,227631.9000
6484,227631.9000
6485,227631.9000
6486,227631.9000
6487,227631.9000
6488,227631.9000
6489,227631.9000
6490,227631.9000
6491,227631.9000
6492,227631.9000
6493,227631.9000
6494,227631.9000
6495,227631.9000
6496,227631.9000
6497,227631.9000
6498,227631.9000
6499,227631.9000
6500,227631.9000
6501,227631.9000
6502,227631.9000
6503,227631.9000
6504,227631.9000
6505,227631.9000
6506,227631.9000
6507,227631.9000
6508,227631.9000
6509,227631.9000
6510,227631.9000
6511,227631.9000
6512,227631.9000
6513,227631.9000
6514,227631.9000
6515,227631.9000
6516,227631.9000
6517,227631.9000
6518,227631.9000
6519,227631.9000
6520,227631.9000
6521,227631.9000
6522,227631.9000
6523,227631.9000
6524,227631.9000
6525,227631.9000
6526,227631.9000
6527,227631.9000
6528,227631.9000
6529,227631.9000
6530,227631.9000
6531,227631.9000
6532,227631.9000
6533,227631.9000
6534,227631.9000
6535,227631.9000
6536,227631.9000
6537,227631.9000
6538,227631.9000
6539,227631.9000
6540,227631.9000
6541,227631.9000
6542,227631.9000
6543,227631.9000
6544,227631.9000
6545,227631.9000
6546,227631.9000
6547,227631.9000
6548,227631.9000
6549,227631.9000
6550,227631.9000
6551,227631.9000
6552,227631.9000
6553,227631.9000
6554,227631.9000
6555,227631.9000
6556,227631.9000
6557,227631.9000
6558,227631.9000
6559,227631.9000
6560,227631.9000
6561,227631.9000
6562,227631.9000
6563,227631.9000
6564,227631.9000
6565,227631.9000
6566,227631.9000
6567,227631.9000
6568,227631.9000
6569,227631.9000
6570,227631.9000
6571,227631.9000
6572,227631.9000
6573,227631.9000
6574,227631.9000
6575,227631.9000
6576,227631.9000
6577,227631.9000
6578,227631.9000
6579,227631.9000
6580,227631.9000
6581,227631.9000
6582,227631.9000
6583,227631.9000
6584,227631.9000
6585,227631.9000
6586,227631.9000
6587,227631.9000
6588,227631.9000
6589,227631.9000
6590,227631.9000
6591,227631.9000
6592,227631.9000
6593,227631.9000
6594,227631.9000
6595,227631.9000
6596,227631.9000
6597,227631.9000
6598,227631.9000
6599,227631.9000
6600,227631.9000
6601,227631.9000
6602,227631.9000
6603,227631.9000
6604,227631.9000
6605,227631.9000
6606,227631.9000
6607,227631.9000
6608,227631.9000
6609,227631.9000
6610,227631.9000
6611,227631.9000
6612,227631.9000
6613,227631.9000
6614,227631.9000
6615,227631.9000
6616,227631.9000
6617,227631.9000
6618,227631.9000
6619,227631.9000
6620,227631.9000
6621,227631.9000
6622,227631.9000
6623,227631.9000
6624,227631.9000
6625,227631.9000
6626,227631.9000
6627,227631.9000
6628,227631.9000
6629,227631.9000
6630,227631.9000
6631,227631.9000
6632,227631.9000
6633,227631.9000
6634,227631.9000
6635,227631.9000
6636,227631.9000
6637,227631.9000
6638,227631.9000
6639,227631.9000
6640,227631.9000
6641,227631.9000
6642,227631.9000
6643,227631.9000
6644,227631.9000
6645,227631.9000
6646,227631.9000
6647,227631.9000
6648,227631.9000
6649,227631.9000
6650,227631.9000
6651,227631.9000
6652,227631.9000
6653,227631.9000
6654,227631.9000
6655,227631.9000
6656,227631.9000
6657,227631.9000
6658,227631.9000
6659,227631.9000
6660,227631.9000
6661,227631.9000
6662,227631.9000
6663,227631.9000
6664,227631.9000
6665,227631.9000
6666,227631.9000
6667,227631.9000
6668,227631.9000
6669,227631.9000
6670,227631.9000
6671,227631.9000
6672,227631.9000
6673,227631.9000
6674,227631.9000
6675,227631.9000
6676,227631.9000
6677,227631.9000
6678,227631.9000
6679,227631.9000
6680,227631.9000
6681,227631.9000
6682,227631.9000
6683,227631.9000
6684,227631.9000
6685,227631.9000
6686,227631.9000
6687,227631.9000
6688,227631.9000
6689,227631.9000
6690,227631.9000
6691,227631.9000
6692,227631.9000
6693,227631.9000
6694,227631.9000
6695,227631.9000
6696,227631.9000
6697,227631.9000
6698,227631.9000
6699,227631.9000
6700,227631.9000
6701,227631.9000
6702,227631.9000
6703,227631.9000
6704,227631.9000
6705,227631.9000
6706,227631.9000
6707,227631.9000
6708,227631.9000
6709,227631.9000
6710,227631.9000
6711,227631.9000
6712,227631.9000
6713,227631.9000
6714,227631.9000
6715,227631.9000
6716,227631.9000
6717,227631.9000
6718,227631.9000
6719,227631.9000
6720,227631.9000
6721,227631.9000
6722,227631.9000
6723,227631.9000
6724,227631.9000
6725,227631.9000
6726,227631.9000
6727,227631.9000
6728,227631.9000
6729,227631.9000
6730,227631.9000
6731,227631.9000
6732,227631.9000
6733,227631.9000
6734,227631.9000
6735,227631.9000
6736,227631.9000
6737,227631.9000
6738,227631.9000
6739,227631.9000
6740,227631.9000
6741,227631.9000
6742,227631.9000
6743,227631.9000
6744,227631.9000
6745,227631.9000
6746,227631.9000
6747,227631.9000
6748,227631.9000
6749,227631.9000
6750,227631.9000
6751,227631.9000
6752,227631.9000
6753,227631.9000
6754,227631.9000
6755,227631.9000
6756,227631.9000
6757,227631.9000
6758,227631.9000
6759,227631.9000
6760,227631.9000
6761,227631.9000
6762,227631.9000
6763,227631.9000
6764,227631.9000
6765,227631.9000
6766,227631.9000
6767,227631.9000
6768,227631.9000
6769,227631.9000
6770,227631.9000
6771,227631.9000
6772,227631.9000
6773,227631.9000
6774,227631.9000
6775,227631.9000
6776,227631.9000
6777,227631.9000
6778,227631.9000
6779,227631.9000
6780,227631.9000
6781,227631.9000
6782,227631.9000
6783,227631.9000
6784,227631.9000
6785,227631.9000
6786,227631.9000
6787,227631.9000
6788,227631.9000
6789,227631.9000
6790,227631.9000
6791,227631.9000
6792,227631.9000
6793,227631.9000
6794,227631.9000
6795,227631.9000
6796,227631.9000
6797,227631.9000
6798,227631.9000
6799,227631.9000
6800,227631.9000
6801,227631.9000
6802,227631.9000
6803,227631.9000
6804,227631.9000
6805,227631.9000
6806,227631.9000
6807,227631.9000
6808,227631.9000
6809,227631.9000
6810,227631.9000
6811,227631.9000
6812,227631.9000
6813,227631.9000
6814,227631.9000
6815,227631.9000
6816,227631.9000
6817,227631.9000
6818,227631.9000
6819,227631.9000
6820,227631.9000
6821,227631.9000
6822,227631.9000
6823,227631.9000
6824,227631.9000
6825,227631.9000
6826,227631.9000
6827,227631.9000
6828,227631.9000
6829,227631.9000
6830,227631.9000
6831,227631.9000
6832,227631.9000
6833,227631.9000
6834,227631.9000
6835,227631.9000
6836,227631.9000
6837,227631.9000
6838,227631.9000
6839,227631.9000
6840,227631.9000
6841,227631.9000
6842,227631.9000
6843,227631.9000
6844,227631.9000
6845,227631.9000
6846,227631.9000
6847,227631.9000
6848,227631.9000
6849,227631.9000
6850,227631.9000
6851,227631.9000
6852,227631.9000
6853,227631.9000
6854,227631.9000
6855,227631.9000
6856,227631.9000
6857,227631.9000
6858,227631.9000
6859,227631.9000
6860,227631.9000
6861,227631.9000
6862,227631.9000
6863,227631.9000
6864,227631.9000
6865,227631.9000
6866,227631.9000
6867,227631.9000
6868,227631.9000
6869,227631.9000
6870,227631.9000
6871,227631.9000
6872,227631.9000
6873,227631.9000
6874,227631.9000
6875,227631.9000
6876,227631.9000
6877,227631.9000
6878,227631.9000
6879,227631.9000
6880,227631.9000
6881,227631.9000
6882,227631.9000
6883,227631.9000
6884,227631.9000
6885,227631.9000
6886,227631.9000
6887,227631.9000
6888,227631.9000
6889,227631.9000
6890,227631.9000
6891,227631.9000
6892,227631.9000
6893,227631.9000
6894,227631.9000
6895,227631.9000
6896,227631.9000
6897,227631.9000
6898,227631.9000
6899,227631.9000
6900,227631.9000
6901,227631.9000
6902,227631.9000
6903,227631.9000
6904,227631.9000
6905,227631.9000
6906,227631.9000
6907,227631.9000
6908,227631.9000
6909,227631.9000
6910,227631.9000
6911,227631.9000
6912,227631.9000
6913,227631.9000
6914,227631.9000
6915,227631.9000
6916,227631.9000
6917,227631.9000
6918,227631.9000
6919,227631.9000
6920,227631.9000
6921,227631.9000
6922,227631.9000
6923,227631.9000
6924,227631.9000
6925,227631.9000
6926,227631.9000
6927,227631.9000
6928,227631.9000
6929,227631.9000
6930,227631.9000
6931,227631.9000
6932,227631.9000
6933,227631.9000
6934,227631.9000
6935,227631.9000
6936,227631.9000
6937,227631.9000
6938,227631.9000
6939,227631.9000
6940,227631.9000
6941,227631.9000
6942,227631.9000
6943,227631.9000
6944,227631.9000
6945,227631.9000
6946,227631.9000
6947,227631.9000
6948,227631.9000
6949,227631.9000
6950,227631.9000
6951,227631.9000
6952,227631.9000
6953,227631.9000
6954,227631.9000
6955,227631.9000
6956,227631.9000
6957,227631.9000
6958,227631.9000
6959,227631.9000
6960,227631.9000
6961,227631.9000
6962,227631.9000
6963,227631.9000
6964,227631.9000
6965,227631.9000
6966,227631.9000
6967,227631.9000
6968,227631.9000
6969,227631.9000
6970,227631.9000
6971,227631.9000
6972,227631.9000
6973,227631.9000
6974,227631.9000
6975,227631.9000
6976,227631.9000
6977,227631.9000
6978,227631.9000
6979,227631.9000
6980,227631.9000
6981,227631.9000
6982,227631.9000
6983,227631.9000
6984,227631.9000
6985,227631.9000
6986,227631.9000
6987,227631.9000
6988,227631.9000
6989,227631.9000
6990,227631.9000
6991,227631.9000
6992,227631.9000
6993,227631.9000
6994,227631.9000
6995,227631.9000
6996,227631.9000
6997,227631.9000
6998,227631.9000
6999,227631.9000
7000,227631.9000
7001,227631.9000
7002,227631.9000
7003,227631.9000
7004,227631.9000
7005,227631.9000
7006,227631.9000
7007,227631.9000
7008,227631.9000
7009,227631.9000
7010,227631.9000
7011,227631.9000
7012,227631.9000
7013,227631.9000
7014,227631.9000
7015,227631.9000
7016,227631.9000
7017,227631.9000
7018,227631.9000
7019,227631.9000
7020,227631.9000
7021,227631.9000
7022,227631.9000
7023,227631.9000
7024,227631.9000
7025,227631.9000
7026,227631.9000
7027,227631.9000
7028,227631.9000
7029,227631.9000
7030,227631.9000
7031,227631.9000
7032,227631.9000
7033,227631.9000
7034,227631.9000
7035,227631.9000
7036,227631.9000
7037,227631.9000
7038,227631.9000
7039,227631.9000
7040,227631.9000
7041,227631.9000
7042,227631.9000
7043,227631.9000
7044,227631.9000
7045,227631.9000
7046,227631.9000
7047,227631.9000
7048,227631.9000
7049,227631.9000
7050,227631.9000
7051,227631.9000
7052,227631.9000
7053,227631.9000
7054,227631.9000
7055,227631.9000
7056,227631.9000
7057,227631.9000
7058,227631.9000
7059,227631.9000
7060,227631.9000
7061,227631.9000
7062,227631.9000
7063,227631.9000
7064,227631.9000
7065,227631.9000
7066,227631.9000
7067,227631.9000
7068,227631.9000
7069,227631.9000
7070,227631.9000
7071,227631.9000
7072,227631.9000
7073,227631.9000
7074,227631.9000
7075,227631.9000
7076,227631.9000
7077,227631.9000
7078,227631.9000
7079,227631.9000
7080,227631.9000
7081,227631.9000
7082,227631.9000
7083,227631.9000
7084,227631.9000
7085,227631.9000
7086,227631.9000
7087,227631.9000
7088,227631.9000
7089,227631.9000
7090,227631.9000
7091,227631.9000
7092,227631.9000
7093,227631.9000
7094,227631.9000
7095,227631.9000
7096,227631.9000
7097,227631.9000
7098,227631.9000
7099,227631.9000
7100,227631.9000
7101,227631.9000
7102,227631.9000
7103,227631.9000
7104,227631.9000
7105,227631.9000
7106,227631.9000
7107,227631.9000
7108,227631.9000
7109,227631.9000
7110,227631.9000
7111,227631.9000
7112,227631.9000
7113,227631.9000
7114,227631.9000
7115,227631.9000
7116,227631.9000
7117,227631.9000
7118,227631.9000
7119,227631.9000
7120,227631.9000
7121,227631.9000
7122,227631.9000
7123,227631.9000
7124,227631.9000
7125,227631.9000
7126,227631.9000
7127,227631.9000
7128,227631.9000
7129,227631.9000
7130,227631.9000
7131,227631.9000
7132,227631.9000
7133,227631.9000
7134,227631.9000
7135,227631.9000
7136,227631.9000
7137,227631.9000
7138,227631.9000
7139,227631.9000
7140,227631.9000
7141,227631.9000
7142,227631.9000
7143,227631.9000
7144,227631.9000
7145,227631.9000
7146,227631.9000
7147,227631.9000
7148,227631.9000
7149,227631.9000
7150,227631.9000
7151,227631.9000
7152,227631.9000
7153,227631.9000
7154,227631.9000
7155,227631.9000
7156,227631.9000
7157,227631.9000
7158,227631.9000
7159,227631.9000
7160,227631.9000
7161,227631.9000
7162,227631.9000
7163,227631.9000
7164,227631.9000
7165,227631.9000
7166,227631.9000
7167,227631.9000
7168,227631.9000
7169,227631.9000
7170,227631.9000
7171,227631.9000
7172,227631.9000
7173,227631.9000
7174,227631.9000
7175,227631.9000
7176,227631.9000
7177,227631.9000
7178,227631.9000
7179,227631.9000
7180,227631.9000
7181,227631.9000
7182,227631.9000
7183,227631.9000
7184,227631.9000
7185,227631.9000
7186,227631.9000
7187,227631.9000
7188,227631.9000
7189,227631.9000
7190,227631.9000
7191,227631.9000
7192,227631.9000
7193,227631.9000
7194,227631.9000
7195,227631.9000
7196,227631.9000
7197,227631.9000
7198,227631.9000
7199,227631.9000
7200,227631.9000
7201,227631.9000
7202,227631.9000
7203,227631.9000
7204,227631.9000
7205,227631.9000
7206,227631.9000
7207,227631.9000
7208,227631.9000
7209,227631.9000
7210,227631.9000
7211,227631.9000
7212,227631.9000
7213,227631.9000
7214,227631.9000
7215,227631.9000
7216,227631.9000
7217,227631.9000
7218,227631.9000
7219,227631.9000
7220,227631.9000
7221,227631.9000
7222,227631.9000
7223,227631.9000
7224,227631.9000
7225,227631.9000
7226,227631.9000
7227,227631.9000
7228,227631.9000
7229,227631.9000
7230,227631.9000
7231,227631.9000
7232,227631.9000
7233,227631.9000
7234,227631.9000
7235,227631.9000
7236,227631.9000
7237,227631.9000
7238,227631.9000
7239,227631.9000
7240,227631.9000
7241,227631.9000
7242,227631.9000
7243,227631.9000
7244,227631.9000
7245,227631.9000
7246,227631.9000
7247,227631.9000
7248,227631.9000
7249,227631.9000
7250,227631.9000
7251,227631.9000
7252,227631.9000
7253,227631.9000
7254,227631.9000
7255,227631.9000
7256,227631.9000
7257,227631.9000
7258,227631.9000
7259,227631.9000
7260,227631.9000
7261,227631.9000
7262,227631.9000
7263,227631.9000
7264,227631.9000
7265,227631.9000
7266,227631.9000
7267,227631.9000
7268,227631.9000
7269,227631.9000
7270,227631.9000
7271,227631.9000
7272,227631.9000
7273,227631.9000
7274,227631.9000
7275,227631.9000
7276,227631.9000
7277,227631.9000
7278,227631.9000
7279,227631.9000
7280,227631.9000
7281,227631.9000
7282,227631.9000
7283,227631.9000
7284,227631.9000
7285,227631.9000
7286,227631.9000
7287,227631.9000
7288,227631.9000
7289,227631.9000
7290,227631.9000
7291,227631.9000
7292,227631.9000
7293,227631.9000
7294,227631.9000
7295,227631.9000
7296,227631.9000
7297,227631.9000
7298,227631.9000
7299,227631.9000
7300,227631.9000
7301,227631.9000
7302,227631.9000
7303,227631.9000
7304,227631.9000
7305,227631.9000
7306,227631.9000
7307,227631.9000
7308,227631.9000
7309,227631.9000
7310,227631.9000
7311,227631.9000
7312,227631.9000
7313,227631.9000
7314,227631.9000
7315,227631.9000
7316,227631.9000
7317,227631.9000
7318,227631.9000
7319,227631.9000
7320,227631.9000
7321,227631.9000
7322,227631.9000
7323,227631.9000
7324,227631.9000
7325,227631.9000
7326,227631.9000
7327,227631.9000
7328,227631.9000
7329,227631.9000
7330,227631.9000
7331,227631.9000
7332,227631.9000
7333,227631.9000
7334,227631.9000
7335,227631.9000
7336,227631.9000
7337,227631.9000
7338,227631.9000
7339,227631.9000
7340,227631.9000
7341,227631.9000
7342,227631.9000
7343,227631.9000
7344,227631.9000
7345,227631.9000
7346,227631.9000
7347,227631.9000
7348,227631.9000
7349,227631.9000
7350,227631.9000
7351,227631.9000
7352,227631.9000
7353,227631.9000
7354,227631.9000
7355,227631.9000
7356,227631.9000
7357,227631.9000
7358,227631.9000
7359,227631.9000
7360,227631.9000
7361,227631.9000
7362,227631.9000
7363,227631.9000
7364,227631.9000
7365,227631.9000
7366,227631.9000
7367,227631.9000
7368,227631.9000
7369,227631.9000
7370,227631.9000
7371,227631.9000
7372,227631.9000
7373,227631.9000
7374,227631.9000
7375,227631.9000
7376,227631.9000
7377,227631.9000
7378,227631.9000
7379,227631.9000
7380,227631.9000
7381,227631.9000
7382,227631.9000
7383,227631.9000
7384,227631.9000
7385,227631.9000
7386,227631.9000
7387,227631.9000
7388,227631.9000
7389,227631.9000
7390,227631.9000
7391,227631.9000
7392,227631.9000
7393,227631.9000
7394,227631.9000
7395,227631.9000
7396,227631.9000
7397,227631.9000
7398,227631.9000
7399,227631.9000
7400,227631.9000
7401,227631.9000
7402,227631.9000
7403,227631.9000
7404,227631.9000
7405,227631.9000
7406,227631.9000
7407,227631.9000
7408,227631.9000
7409,227631.9000
7410,227631.9000
7411,227631.9000
7412,227631.9000
7413,227631.9000
7414,227631.9000
7415,227631.9000
7416,227631.9000
7417,227631.9000
7418,227631.9000
7419,227631.9000
7420,227631.9000
7421,227631.9000
7422,227631.9000
7423,227631.9000
7424,227631.9000
7425,227631.9000
7426,227631.9000
7427,227631.9000
7428,227631.9000
7429,227631.9000
7430,227631.9000
7431,227631.9000
7432,227631.9000
7433,227631.9000
7434,227631.9000
7435,227631.9000
7436,227631.9000
7437,227631.9000
7438,227631.9000
7439,227631.9000
7440,227631.9000
7441,227631.9000
7442,227631.9000
7443,227631.9000
7444,227631.9000
7445,227631.9000
7446,227631.9000
7447,227631.9000
7448,227631.9000
7449,227631.9000
7450,227631.9000
7451,227631.9000
7452,227631.9000
7453,227631.9000
7454,227631.9000
7455,227631.9000
7456,227631.9000
7457,227631.9000
7458,227631.9000
7459,227631.9000
7460,227631.9000
7461,227631.9000
7462,227631.9000
7463,227631.9000
7464,227631.9000
7465,227631.9000
7466,227631.9000
7467,227631.9000
7468,227631.9000
7469,227631.9000
7470,227631.9000
7471,227631.9000
7472,227631.9000
7473,227631.9000
7474,227631.9000
7475,227631.9000
7476,227631.9000
7477,227631.9000
7478,227631.9000
7479,227631.9000
7480,227631.9000
7481,227631.9000
7482,227631.9000
7483,227631.9000
7484,227631.9000
7485,227631.9000
7486,227631.9000
7487,227631.9000
7488,227631.9000
7489,227631.9000
7490,227631.9000
7491,227631.9000
7492,227631.9000
7493,227631.9000
7494,227631.9000
7495,227631.9000
7496,227631.9000
7497,227631.9000
7498,227631.9000
7499,227631.9000
7500,227631.9000
7501,227631.9000
7502,227631.9000
7503,227631.9000
7504,227631.9000
7505,227631.9000
7506,227631.9000
7507,227631.9000
7508,227631.9000
7509,227631.9000
7510,227631.9000
7511,227631.9000
7512,227631.9000
7513,227631.9000
7514,227631.9000
7515,227631.9000
7516,227631.9000
7517,227631.9000
7518,227631.9000
7519,227631.9000
7520,227631.9000
7521,227631.9000
7522,227631.9000
7523,227631.9000
7524,227631.9000
7525,227631.9000
7526,227631.9000
7527,227631.9000
7528,227631.9000
7529,227631.9000
7530,227631.9000
7531,227631.9000
7532,227631.9000
7533,227631.9000
7534,227631.9000
7535,227631.9000
7536,227631.9000
7537,227631.9000
7538,227631.9000
7539,227631.9000
7540,227631.9000
7541,227631.9000
7542,227631.9000
7543,227631.9000
7544,227631.9000
7545,227631.9000
7546,227631.9000
7547,227631.9000
7548,227631.9000
7549,227631.9000
7550,227631.9000
7551,227631.9000
7552,227631.9000
7553,227631.9000
7554,227631.9000
7555,227631.9000
7556,227631.9000
7557,227631.9000
7558,227631.9000
7559,227631.9000
7560,227631.9000
7561,227631.9000
7562,227631.9000
7563,227631.9000
7564,227631.9000
7565,227631.9000
7566,227631.9000
7567,227631.9000
7568,227631.9000
7569,227631.9000
7570,227631.9000
7571,227631.9000
7572,227631.9000
7573,227631.9000
7574,227631.9000
7575,227631.9000
7576,227631.9000
7577,227631.9000
7578,227631.9000
7579,227631.9000
7580,227631.9000
7581,227631.9000
7582,227631.9000
7583,227631.9000
7584,227631.9000
7585,227631.9000
7586,227631.9000
7587,227631.9000
7588,227631.9000
7589,227631.9000
7590,227631.9000
7591,227631.9000
7592,227631.9000
7593,227631.9000
7594,227631.9000
7595,227631.9000
7596,227631.9000
7597,227631.9000
7598,227631.9000
7599,227631.9000
7600,227631.9000
7601,227631.9000
7602,227631.9000
7603,227631.9000
7604,227631.9000
7605,227631.9000
7606,227631.9000
7607,227631.9000
7608,227631.9000
7609,227631.9000
7610,227631.9000
7611,227631.9000
7612,227631.9000
7613,227631.9000
7614,227631.9000
7615,227631.9000
7616,227631.9000
7617,227631.9000
7618,227631.9000
7619,227631.9000
7620,227631.9000
7621,227631.9000
7622,227631.9000
7623,227631.9000
7624,227631.9000
7625,227631.9000
7626,227631.9000
7627,227631.9000
7628,227631.9000
7629,227631.9000
7630,227631.9000
7631,227631.9000
7632,227631.9000
7633,227631.9000
7634,227631.9000
7635,227631.9000
7636,227631.9000
7637,227631.9000
7638,227631.9000
7639,227631.9000
7640,227631.9000
7641,227631.9000
7642,227631.9000
7643,227631.9000
7644,227631.9000
7645,227631.9000
7646,227631.9000
7647,227631.9000
7648,227631.9000
7649,227631.9000
7650,227631.9000
7651,227631.9000
7652,227631.9000
7653,227631.9000
7654,227631.9000
7655,227631.9000
7656,227631.9000
7657,227631.9000
7658,227631.9000
7659,227631.9000
7660,227631.9000
7661,227631.9000
7662,227631.9000
7663,227631.9000
7664,227631.9000
7665,227631.9000
7666,227631.9000
7667,227631.9000
7668,227631.9000
7669,227631.9000
7670,227631.9000
7671,227631.9000
7672,227631.9000
7673,227631.9000
7674,227631.9000
7675,227631.9000
7676,227631.9000
7677,227631.9000
7678,227631.9000
7679,227631.9000
7680,227631.9000
7681,227631.9000
7682,227631.9000
7683,227631.9000
7684,227631.9000
7685,227631.9000
7686,227631.9000
7687,227631.9000
7688,227631.9000
7689,227631.9000
7690,227631.9000
7691,227631.9000
7692,227631.9000
7693,227631.9000
7694,227631.9000
7695,227631.9000
7696,227631.9000
7697,227631.9000
7698,227631.9000
7699,227631.9000
7700,227631.9000
7701,227631.9000
7702,227631.9000
7703,227631.9000
7704,227631.9000
7705,227631.9000
7706,227631.9000
7707,227631.9000
7708,227631.9000
7709,227631.9000
7710,227631.9000
7711,227631.9000
7712,227631.9000
7713,227631.9000
7714,227631.9000
7715,227631.9000
7716,227631.9000
7717,227631.9000
7718,227631.9000
7719,227631.9000
7720,227631.9000
7721,227631.9000
7722,227631.9000
7723,227631.9000
7724,227631.9000
7725,227631.9000
7726,227631.9000
7727,227631.9000
7728,227631.9000
7729,227631.9000
7730,227631.9000
7731,227631.9000
7732,227631.9000
7733,227631.9000
7734,227631.9000
7735,227631.9000
7736,227631.9000
7737,227631.9000
7738,227631.9000
7739,227631.9000
7740,227631.9000
7741,227631.9000
7742,227631.9000
7743,227631.9000
7744,227631.9000
7745,227631.9000
7746,227631.9000
7747,227631.9000
7748,227631.9000
7749,227631.9000
7750,227631.9000
7751,227631.9000
7752,227631.9000
7753,227631.9000
7754,227631.9000
7755,227631.9000
7756,227631.9000
7757,227631.9000
7758,227631.9000
7759,227631.9000
7760,227631.9000
7761,227631.9000
7762,227631.9000
7763,227631.9000
7764,227631.9000
7765,227631.9000
7766,227631.9000
7767,227631.9000
7768,227631.9000
7769,227631.9000
7770,227631.9000
7771,227631.9000
7772,227631.9000
7773,227631.9000
7774,227631.9000
7775,227631.9000
7776,227631.9000
7777,227631.9000
7778,227631.9000
7779,227631.9000
7780,227631.9000
7781,227631.9000
7782,227631.9000
7783,227631.9000
7784,227631.9000
7785,227631.9000
7786,227631.9000
7787,227631.9000
7788,227631.9000
7789,227631.9000
7790,227631.9000
7791,227631.9000
7792,227631.9000
7793,227631.9000
7794,227631.9000
7795,227631.9000
7796,227631.9000
7797,227631.9000
7798,227631.9000
7799,227631.9000
7800,227631.9000
7801,227631.9000
7802,227631.9000
7803,227631.9000
7804,227631.9000
7805,227631.9000
7806,227631.9000
7807,227631.9000
7808,227631.9000
7809,227631.9000
7810,227631.9000
7811,227631.9000
7812,227631.9000
7813,227631.9000
7814,227631.9000
7815,227631.9000
7816,227631.9000
7817,227631.9000
7818,227631.9000
7819,227631.9000
7820,227631.9000
7821,227631.9000
7822,227631.9000
7823,227631.9000
7824,227631.9000
7825,227631.9000
7826,227631.9000
7827,227631.9000
7828,227631.9000
7829,227631.9000
7830,227631.9000
7831,227631.9000
7832,227631.9000
7833,227631.9000
7834,227631.9000
7835,227631.9000
7836,227631.9000
7837,227631.9000
7838,227631.9000
7839,227631.9000
7840,227631.9000
7841,227631.9000
7842,227631.9000
7843,227631.9000
7844,227631.9000
7845,227631.9000
7846,227631.9000
7847,227631.9000
7848,227631.9000
7849,227631.9000
7850,227631.9000
7851,227631.9000
7852,227631.9000
7853,227631.9000
7854,227631.9000
7855,227631.9000
7856,227631.9000
7857,227631.9000
7858,227631.9000
7859,227631.9000
7860,227631.9000
7861,227631.9000
7862,227631.9000
7863,227631.9000
7864,227631.9000
7865,227631.9000
7866,227631.9000
7867,227631.9000
7868,227631.9000
7869,227631.9000
7870,227631.9000
7871,227631.9000
7872,227631.9000
7873,227631.9000
7874,227631.9000
7875,227631.9000
7876,227631.9000
7877,227631.9000
7878,227631.9000
7879,227631.9000
7880,227631.9000
7881,227631.9000
7882,227631.9000
7883,227631.9000
7884,227631.9000
7885,227631.9000
7886,227631.9000
7887,227631.9000
7888,227631.9000
7889,227631.9000
7890,227631.9000
7891,227631.9000
7892,227631.9000
7893,227631.9000
7894,227631.9000
7895,227631.9000
7896,227631.9000
7897,227631.9000
7898,227631.9000
7899,227631.9000
7900,227631.9000
7901,227631.9000
7902,227631.9000
7903,227631.9000
7904,227631.9000
7905,227631.9000
7906,227631.9000
7907,227631.9000
7908,227631.9000
7909,227631.9000
7910,227631.9000
7911,227631.9000
7912,227631.9000
7913,227631.9000
7914,227631.9000
7915,227631.9000
7916,227631.9000
7917,227631.9000
7918,227631.9000
7919,227631.9000
7920,227631.9000
7921,227631.9000
7922,227631.9000
7923,227631.9000
7924,227631.9000
7925,227631.9000
7926,227631.9000
7927,227631.9000
7928,227631.9000
7929,227631.9000
7930,227631.9000
7931,227631.9000
7932,227631.9000
7933,227631.9000
7934,227631.9000
7935,227631.9000
7936,227631.9000
7937,227631.9000
7938,227631.9000
7939,227631.9000
7940,227631.9000
7941,227631.9000
7942,227631.9000
7943,227631.9000
7944,227631.9000
7945,227631.9000
7946,227631.9000
7947,227631.9000
7948,227631.9000
7949,227631.9000
7950,227631.9000
7951,227631.9000
7952,227631.9000
7953,227631.9000
7954,227631.9000
7955,227631.9000
7956,227631.9000
7957,227631.9000
7958,227631.9000
7959,227631.9000
7960,227631.9000
7961,227631.9000
7962,227631.9000
7963,227631.9000
7964,227631.9000
7965,227631.9000
7966,227631.9000
7967,227631.9000
7968,227631.9000
7969,227631.9000
7970,227631.9000
7971,227631.9000
7972,227631.9000
7973,227631.9000
7974,227631.9000
7975,227631.9000
7976,227631.9000
7977,227631.9000
7978,227631.9000
7979,227631.9000
7980,227631.9000
7981,227631.9000
7982,227631.9000
7983,227631.9000
7984,227631.9000
7985,227631.9000
7986,227631.9000
7987,227631.9000
7988,227631.9000
7989,227631.9000
7990,227631.9000
7991,227631.9000
7992,227631.9000
7993,227631.9000
7994,227631.9000
7995,227631.9000
7996,227631.9000
7997,227631.9000
7998,227631.9000
7999,227631.9000
8000,227631.9000
8001,227631.9000
8002,227631.9000
8003,227631.9000
8004,227631.9000
8005,227631.9000
8006,227631.9000
8007,227631.9000
8008,227631.9000
8009,227631.9000
8010,227631.9000
8011,227631.9000
8012,227631.9000
8013,227631.9000
8014,227631.9000
8015,227631.9000
8016,227631.9000
8017,227631.9000
8018,227631.9000
8019,227631.9000
8020,227631.9000
8021,227631.9000
8022,227631.9000
8023,227631.9000
8024,227631.9000
8025,227631.9000
8026,227631.9000
8027,227631.9000
8028,227631.9000
8029,227631.9000
8030,227631.9000
8031,227631.9000
8032,227631.9000
8033,227631.9000
8034,227631.9000
8035,227631.9000
8036,227631.9000
8037,227631.9000
8038,227631.9000
8039,227631.9000
8040,227631.9000
8041,227631.9000
8042,227631.9000
8043,227631.9000
8044,227631.9000
8045,227631.9000
8046,227631.9000
8047,227631.9000
8048,227631.9000
8049,227631.9000
8050,227631.9000
8051,227631.9000
8052,227631.9000
8053,227631.9000
8054,227631.9000
8055,227631.9000
8056,227631.9000
8057,227631.9000
8058,227631.9000
8059,227631.9000
8060,227631.9000
8061,227631.9000
8062,227631.9000
8063,227631.9000
8064,227631.9000
8065,227631.9000
8066,227631.9000
8067,227631.9000
8068,227631.9000
8069,227631.9000
8070,227631.9000
8071,227631.9000
8072,227631.9000
8073,227631.9000
8074,227631.9000
8075,227631.9000
8076,227631.9000
8077,227631.9000
8078,227631.9000
8079,227631.9000
8080,227631.9000
8081,227631.9000
8082,227631.9000
8083,227631.9000
8084,227631.9000
8085,227631.9000
8086,227631.9000
8087,227631.9000
8088,227631.9000
8089,227631.9000
8090,227631.9000
8091,227631.9000
8092,227631.9000
8093,227631.9000
8094,227631.9000
8095,227631.9000
8096,227631.9000
8097,227631.9000
8098,227631.9000
8099,227631.9000
8100,227631.9000
8101,227631.9000
8102,227631.9000
8103,227631.9000
8104,227631.9000
8105,227631.9000
8106,227631.9000
8107,227631.9000
8108,227631.9000
8109,227631.9000
8110,227631.9000
8111,227631.9000
8112,227631.9000
8113,227631.9000
8114,227631.9000
8115,227631.9000
8116,227631.9000
8117,227631.9000
8118,227631.9000
8119,227631.9000
8120,227631.9000
8121,227631.9000
8122,227631.9000
8123,227631.9000
8124,227631.9000
8125,227631.9000
8126,227631.9000
8127,227631.9000
8128,227631.9000
8129,227631.9000
8130,227631.9000
8131,227631.9000
8132,227631.9000
8133,227631.9000
8134,227631.9000
8135,227631.9000
8136,227631.9000
8137,227631.9000
8138,227631.9000
8139,227631.9000
8140,227631.9000
8141,227631.9000
8142,227631.9000
8143,227631.9000
8144,227631.9000
8145,227631.9000
8146,227631.9000
8147,227631.9000
8148,227631.9000
8149,227631.9000
8150,227631.9000
8151,227631.9000
8152,227631.9000
8153,227631.9000
8154,227631.9000
8155,227631.9000
8156,227631.9000
8157,227631.9000
8158,227631.9000
8159,227631.9000
8160,227631.9000
8161,227631.9000
8162,227631.9000
8163,227631.9000
8164,227631.9000
8165,227631.9000
8166,227631.9000
8167,227631.9000
8168,227631.9000
8169,227631.9000
8170,227631.9000
8171,227631.9000
8172,227631.9000
8173,227631.9000
8174,227631.9000
8175,227631.9000
8176,227631.9000
8177,227631.9000
8178,227631.9000
8179,227631.9000
8180,227631.9000
8181,227631.9000
8182,227631.9000
8183,227631.9000
8184,227631.9000
8185,227631.9000
8186,227631.9000
8187,227631.9000
8188,227631.9000
8189,227631.9000
8190,227631.9000
8191,227631.9000
8192,227631.9000
8193,227631.9000
8194,227631.9000
8195,227631.9000
8196,227631.9000
8197,227631.9000
8198,227631.9000
8199,227631.9000
8200,227631.9000
8201,227631.9000
8202,227631.9000
8203,227631.9000
8204,227631.9000
8205,227631.9000
8206,227631.9000
8207,227631.9000
8208,227631.9000
8209,227631.9000
8210,227631.9000
8211,227631.9000
8212,227631.9000
8213,227631.9000
8214,227631.9000
8215,227631.9000
8216,227631.9000
8217,227631.9000
8218,227631.9000
8219,227631.9000
8220,227631.9000
8221,227631.9000
8222,227631.9000
8223,227631.9000
8224,227631.9000
8225,227631.9000
8226,227631.9000
8227,227631.9000
8228,227631.9000
8229,227631.9000
8230,227631.9000
8231,227631.9000
8232,227631.9000
8233,227631.9000
8234,227631.9000
8235,227631.9000
8236,227631.9000
8237,227631.9000
8238,227631.9000
8239,227631.9000
8240,227631.9000
8241,227631.9000
8242,227631.9000
8243,227631.9000
8244,227631.9000
8245,227631.9000
8246,227631.9000
8247,227631.9000
8248,227631.9000
8249,227631.9000
8250,227631.9000
8251,227631.9000
8252,227631.9000
8253,227631.9000
8254,227631.9000
8255,227631.9000
8256,227631.9000
8257,227631.9000
8258,227631.9000
8259,227631.9000
8260,227631.9000
8261,227631.9000
8262,227631.9000
8263,227631.9000
8264,227631.9000
8265,227631.9000
8266,227631.9000
8267,227631.9000
8268,227631.9000
8269,227631.9000
8270,227631.9000
8271,227631.9000
8272,227631.9000
8273,227631.9000
8274,227631.9000
8275,227631.9000
8276,227631.9000
8277,227631.9000
8278,227631.9000
8279,227631.9000
8280,227631.9000
8281,227631.9000
8282,227631.9000
8283,227631.9000
8284,227631.9000
8285,227631.9000
8286,227631.9000
8287,227631.9000
8288,227631.9000
8289,227631.9000
8290,227631.9000
8291,227631.9000
8292,227631.9000
8293,227631.9000
8294,227631.9000
8295,227631.9000
8296,227631.9000
8297,227631.9000
8298,227631.9000
8299,227631.9000
8300,227631.9000
8301,227631.9000
8302,227631.9000
8303,227631.9000
8304,227631.9000
8305,227631.9000
8306,227631.9000
8307,227631.9000
8308,227631.9000
8309,227631.9000
8310,227631.9000
8311,227631.9000
8312,227631.9000
8313,227631.9000
8314,227631.9000
8315,227631.9000
8316,227631.9000
8317,227631.9000
8318,227631.9000
8319,227631.9000
8320,227631.9000
8321,227631.9000
8322,227631.9000
8323,227631.9000
8324,227631.9000
8325,227631.9000
8326,227631.9000
8327,227631.9000
8328,227631.9000
8329,227631.9000
8330,227631.9000
8331,227631.9000
8332,227631.9000
8333,227631.9000
8334,227631.9000
8335,227631.9000
8336,227631.9000
8337,227631.9000
8338,227631.9000
8339,227631.9000
8340,227631.9000
8341,227631.9000
8342,227631.9000
8343,227631.9000
8344,227631.9000
8345,227631.9000
8346,227631.9000
8347,227631.9000
8348,227631.9000
8349,227631.9000
8350,227631.9000
8351,227631.9000
8352,227631.9000
8353,227631.9000
8354,227631.9000
8355,227631.9000
8356,227631.9000
8357,227631.9000
8358,227631.9000
8359,227631.9000
8360,227631.9000
8361,227631.9000
8362,227631.9000
8363,227631.9000
8364,227631.9000
8365,227631.9000
8366,227631.9000
8367,227631.9000
8368,227631.9000
8369,227631.9000
8370,227631.9000
8371,227631.9000
8372,227631.9000
8373,227631.9000
8374,227631.9000
8375,227631.9000
8376,227631.9000
8377,227631.9000
8378,227631.9000
8379,227631.9000
8380,227631.9000
8381,227631.9000
8382,227631.9000
8383,227631.9000
8384,227631.9000
8385,227631.9000
8386,227631.9000
8387,227631.9000
8388,227631.9000
8389,227631.9000
8390,227631.9000
8391,227631.9000
8392,227631.9000
8393,227631.9000
8394,227631.9000
8395,227631.9000
8396,227631.9000
8397,227631.9000
8398,227631.9000
8399,227631.9000
8400,227631.9000
8401,227631.9000
8402,227631.9000
8403,227631.9000
8404,227631.9000
8405,227631.9000
8406,227631.9000
8407,227631.9000
8408,227631.9000
8409,227631.9000
8410,227631.9000
8411,227631.9000
8412,227631.9000
8413,227631.9000
8414,227631.9000
8415,227631.9000
8416,227631.9000
8417,227631.9000
8418,227631.9000
8419,227631.9000
8420,227631.9000
8421,227631.9000
8422,227631.9000
8423,227631.9000
8424,227631.9000
8425,227631.9000
8426,227631.9000
8427,227631.9000
8428,227631.9000
8429,227631.9000
8430,227631.9000
8431,227631.9000
8432,227631.9000
8433,227631.9000
8434,227631.9000
8435,227631.9000
8436,227631.9000
8437,227631.9000
8438,227631.9000
8439,227631.9000
8440,227631.9000
8441,227631.9000
8442,227631.9000
8443,227631.9000
8444,227631.9000
8445,227631.9000
8446,227631.9000
8447,227631.9000
8448,227631.9000
8449,227631.9000
8450,227631.9000
8451,227631.9000
8452,227631.9000
8453,227631.9000
8454,227631.9000
8455,227631.9000
8456,227631.9000
8457,227631.9000
8458,227631.9000
8459,227631.9000
8460,227631.9000
8461,227631.9000
8462,227631.9000
8463,227631.9000
8464,227631.9000
8465,227631.9000
8466,227631.9000
8467,227631.9000
8468,227631.9000
8469,227631.9000
8470,227631.9000
8471,227631.9000
8472,227631.9000
8473,227631.9000
8474,227631.9000
8475,227631.9000
8476,227631.9000
8477,227631.9000
8478,227631.9000
8479,227631.9000
8480,227631.9000
8481,227631.9000
8482,227631.9000
8483,227631.9000
8484,227631.9000
8485,227631.9000
8486,227631.9000
8487,227631.9000
8488,227631.9000
8489,227631.9000
8490,227631.9000
8491,227631.9000
8492,227631.9000
8493,227631.9000
8494,227631.9000
8495,227631.9000
8496,227631.9000
8497,227631.9000
8498,227631.9000
8499,227631.9000
8500,227631.9000
8501,227631.9000
8502,227631.9000
8503,227631.9000
8504,227631.9000
8505,227631.9000
8506,227631.9000
8507,227631.9000
8508,227631.9000
8509,227631.9000
8510,227631.9000
8511,227631.9000
8512,227631.9000
8513,227631.9000
8514,227631.9000
8515,227631.9000
8516,227631.9000
8517,227631.9000
8518,227631.9000
8519,227631.9000
8520,227631.9000
8521,227631.9000
8522,227631.9000
8523,227631.9000
8524,227631.9000
8525,227631.9000
8526,227631.9000
8527,227631.9000
8528,227631.9000
8529,227631.9000
8530,227631.9000
8531,227631.9000
8532,227631.9000
8533,227631.9000
8534,227631.9000
8535,227631.9000
8536,227631.9000
8537,227631.9000
8538,227631.9000
8539,227631.9000
8540,227631.9000
8541,227631.9000
8542,227631.9000
8543,227631.9000
8544,227631.9000
8545,227631.9000
8546,227631.9000
8547,227631.9000
8548,227631.9000
8549,227631.9000
8550,227631.9000
8551,227631.9000
8552,227631.9000
8553,227631.9000
8554,227631.9000
8555,227631.9000
8556,227631.9000
8557,227631.9000
8558,227631.9000
8559,227631.9000
8560,227631.9000
8561,227631.9000
8562,227631.9000
8563,227631.9000
8564,227631.9000
8565,227631.9000
8566,227631.9000
8567,227631.9000
8568,227631.9000
8569,227631.9000
8570,227631.9000
8571,227631.9000
8572,227631.9000
8573,227631.9000
8574,227631.9000
8575,227631.9000
8576,227631.9000
8577,227631.9000
8578,227631.9000
8579,227631.9000
8580,227631.9000
8581,227631.9000
8582,227631.9000
8583,227631.9000
8584,227631.9000
8585,227631.9000
8586,227631.9000
8587,227631.9000
8588,227631.9000
8589,227631.9000
8590,227631.9000
8591,227631.9000
8592,227631.9000
8593,227631.9000
8594,227631.9000
8595,227631.9000
8596,227631.9000
8597,227631.9000
8598,227631.9000
8599,227631.9000
8600,227631.9000
8601,227631.9000
8602,227631.9000
8603,227631.9000
8604,227631.9000
8605,227631.9000
8606,227631.9000
8607,227631.9000
8608,227631.9000
8609,227631.9000
8610,227631.9000
8611,227631.9000
8612,227631.9000
8613,227631.9000
8614,227631.9000
8615,227631.9000
8616,227631.9000
8617,227631.9000
8618,227631.9000
8619,227631.9000
8620,227631.9000
8621,227631.9000
8622,227631.9000
8623,227631.9000
8624,227631.9000
8625,227631.9000
8626,227631.9000
8627,227631.9000
8628,227631.9000
8629,227631.9000
8630,227631.9000
8631,227631.9000
8632,227631.9000
8633,227631.9000
8634,227631.9000
8635,227631.9000
8636,227631.9000
8637,227631.9000
8638,227631.9000
8639,227631.9000
8640,227631.9000
8641,227631.9000
8642,227631.9000
8643,227631.9000
8644,227631.9000
8645,227631.9000
8646,227631.9000
8647,227631.9000
8648,227631.9000
8649,227631.9000
8650,227631.9000
8651,227631.9000
8652,227631.9000
8653,227631.9000
8654,227631.9000
8655,227631.9000
8656,227631.9000
8657,227631.9000
8658,227631.9000
8659,227631.9000
8660,227631.9000
8661,227631.9000
8662,227631.9000
8663,227631.9000
8664,227631.9000
8665,227631.9000
8666,227631.9000
8667,227631.9000
8668,227631.9000
8669,227631.9000
8670,227631.9000
8671,227631.9000
8672,227631.9000
8673,227631.9000
8674,227631.9000
8675,227631.9000
8676,227631.9000
8677,227631.9000
8678,227631.9000
8679,227631.9000
8680,227631.9000
8681,227631.9000
8682,227631.9000
8683,227631.9000
8684,227631.9000
8685,227631.9000
8686,227631.9000
8687,227631.9000
8688,227631.9000
8689,227631.9000
8690,227631.9000
8691,227631.9000
8692,227631.9000
8693,227631.9000
8694,227631.9000
8695,227631.9000
8696,227631.9000
8697,227631.9000
8698,227631.9000
8699,227631.9000
8700,227631.9000
8701,227631.9000
8702,227631.9000
8703,227631.9000
8704,227631.9000
8705,227631.9000
8706,227631.9000
8707,227631.9000
8708,227631.9000
8709,227631.9000
8710,227631.9000
8711,227631.9000
8712,227631.9000
8713,227631.9000
8714,227631.9000
8715,227631.9000
8716,227631.9000
8717,227631.9000
8718,227631.9000
8719,227631.9000
8720,227631.9000
8721,227631.9000
8722,227631.9000
8723,227631.9000
8724,227631.9000
8725,227631.9000
8726,227631.9000
8727,227631.9000
8728,227631.9000
8729,227631.9000
8730,227631.9000
8731,227631.9000
8732,227631.9000
8733,227631.9000
8734,227631.9000
8735,227631.9000
8736,227631.9000
8737,227631.9000
8738,227631.9000
8739,227631.9000
8740,227631.9000
8741,227631.9000
8742,227631.9000
8743,227631.9000
8744,227631.9000
8745,227631.9000
8746,227631.9000
8747,227631.9000
8748,227631.9000
8749,227631.9000
8750,227631.9000
8751,227631.9000
8752,227631.9000
8753,227631.9000
8754,227631.9000
8755,227631.9000
8756,227631.9000
8757,227631.9000
8758,227631.9000
8759,227631.9000
8760,227631.9000
8761,227631.9000
8762,227631.9000
8763,227631.9000
8764,227631.9000
8765,227631.9000
8766,227631.9000
8767,227631.9000
8768,227631.9000
8769,227631.9000
8770,227631.9000
8771,227631.9000
8772,227631.9000
8773,227631.9000
8774,227631.9000
8775,227631.9000
8776,227631.9000
8777,227631.9000
8778,227631.9000
8779,227631.9000
8780,227631.9000
8781,227631.9000
8782,227631.9000
8783,227631.9000
8784,227631.9000
8785,227631.9000
8786,227631.9000
8787,227631.9000
8788,227631.9000
8789,227631.9000
8790,227631.9000
8791,227631.9000
8792,227631.9000
8793,227631.9000
8794,227631.9000
8795,227631.9000
8796,227631.9000
8797,227631.9000
8798,227631.9000
8799,227631.9000
8800,227631.9000
8801,227631.9000
8802,227631.9000
8803,227631.9000
8804,227631.9000
8805,227631.9000
8806,227631.9000
8807,227631.9000
8808,227631.9000
8809,227631.9000
8810,227631.9000
8811,227631.9000
8812,227631.9000
8813,227631.9000
8814,227631.9000
8815,227631.9000
8816,227631.9000
8817,227631.9000
8818,227631.9000
8819,227631.9000
8820,227631.9000
8821,227631.9000
8822,227631.9000
8823,227631.9000
8824,227631.9000
8825,227631.9000
8826,227631.9000
8827,227631.9000
8828,227631.9000
8829,227631.9000
8830,227631.9000
8831,227631.9000
8832,227631.9000
8833,227631.9000
8834,227631.9000
8835,227631.9000
8836,227631.9000
8837,227631.9000
8838,227631.9000
8839,227631.9000
8840,227631.9000
8841,227631.9000
8842,227631.9000
8843,227631.9000
8844,227631.9000
8845,227631.9000
8846,227631.9000
8847,227631.9000
8848,227631.9000
8849,227631.9000
8850,227631.9000
8851,227631.9000
8852,227631.9000
8853,227631.9000
8854,227631.9000
8855,227631.9000
8856,227631.9000
8857,227631.9000
8858,227631.9000
8859,227631.9000
8860,227631.9000
8861,227631.9000
8862,227631.9000
8863,227631.9000
8864,227631.9000
8865,227631.9000
8866,227631.9000
8867,227631.9000
8868,227631.9000
8869,227631.9000
8870,227631.9000
8871,227631.9000
8872,227631.9000
8873,227631.9000
8874,227631.9000
8875,227631.9000
8876,227631.9000
8877,227631.9000
8878,227631.9000
8879,227631.9000
8880,227631.9000
8881,227631.9000
8882,227631.9000
8883,227631.9000
8884,227631.9000
8885,227631.9000
8886,227631.9000
8887,227631.9000
8888,227631.9000
8889,227631.9000
8890,227631.9000
8891,227631.9000
8892,227631.9000
8893,227631.9000
8894,227631.9000
8895,227631.9000
8896,227631.9000
8897,227631.9000
8898,227631.9000
8899,227631.9000
8900,227631.9000
8901,227631.9000
8902,227631.9000
8903,227631.9000
8904,227631.9000
8905,227631.9000
8906,227631.9000
8907,227631.9000
8908,227631.9000
8909,227631.9000
8910,227631.9000
8911,227631.9000
8912,227631.9000
8913,227631.9000
8914,227631.9000
8915,227631.9000
8916,227631.9000
8917,227631.9000
8918,227631.9000
8919,227631.9000
8920,227631.9000
8921,227631.9000
8922,227631.9000
8923,227631.9000
8924,227631.9000
8925,227631.9000
8926,227631.9000
8927,227631.9000
8928,227631.9000
8929,227631.9000
8930,227631.9000
8931,227631.9000
8932,227631.9000
8933,227631.9000
8934,227631.9000
8935,227631.9000
8936,227631.9000
8937,227631.9000
8938,227631.9000
8939,227631.9000
8940,227631.9000
8941,227631.9000
8942,227631.9000
8943,227631.9000
8944,227631.9000
8945,227631.9000
8946,227631.9000
8947,227631.9000
8948,227631.9000
8949,227631.9000
8950,227631.9000
8951,227631.9000
8952,227631.9000
8953,227631.9000
8954,227631.9000
8955,227631.9000
8956,227631.9000
8957,227631.9000
8958,227631.9000
8959,227631.9000
8960,227631.9000
8961,227631.9000
8962,227631.9000
8963,227631.9000
8964,227631.9000
8965,227631.9000
8966,227631.9000
8967,227631.9000
8968,227631.9000
8969,227631.9000
8970,227631.9000
8971,227631.9000
8972,227631.9000
8973,227631.9000
8974,227631.9000
8975,227631.9000
8976,227631.9000
8977,227631.9000
8978,227631.9000
8979,227631.9000
8980,227631.9000
8981,227631.9000
8982,227631.9000
8983,227631.9000
8984,227631.9000
8985,227631.9000
8986,227631.9000
8987,227631.9000
8988,227631.9000
8989,227631.9000
8990,227631.9000
8991,227631.9000
8992,227631.9000
8993,227631.9000
8994,227631.9000
8995,227631.9000
8996,227631.9000
8997,227631.9000
8998,227631.9000
8999,227631.9000
9000,227631.9000
9001,227631.9000
9002,227631.9000
9003,227631.9000
9004,227631.9000
9005,227631.9000
9006,227631.9000
9007,227631.9000
9008,227631.9000
9009,227631.9000
9010,227631.9000
9011,227631.9000
9012,227631.9000
9013,227631.9000
9014,227631.9000
9015,227631.9000
9016,227631.9000
9017,227631.9000
9018,227631.9000
9019,227631.9000
9020,227631.9000
9021,227631.9000
9022,227631.9000
9023,227631.9000
9024,227631.9000
9025,227631.9000
9026,227631.9000
9027,227631.9000
9028,227631.9000
9029,227631.9000
9030,227631.9000
9031,227631.9000
9032,227631.9000
9033,227631.9000
9034,227631.9000
9035,227631.9000
9036,227631.9000
9037,227631.9000
9038,227631.9000
9039,227631.9000
9040,227631.9000
9041,227631.9000
9042,227631.9000
9043,227631.9000
9044,227631.9000
9045,227631.9000
9046,227631.9000
9047,227631.9000
9048,227631.9000
9049,227631.9000
9050,227631.9000
9051,227631.9000
9052,227631.9000
9053,227631.9000
9054,227631.9000
9055,227631.9000
9056,227631.9000
9057,227631.9000
9058,227631.9000
9059,227631.9000
9060,227631.9000
9061,227631.9000
9062,227631.9000
9063,227631.9000
9064,227631.9000
9065,227631.9000
9066,227631.9000
9067,227631.9000
9068,227631.9000
9069,227631.9000
9070,227631.9000
9071,227631.9000
9072,227631.9000
9073,227631.9000
9074,227631.9000
9075,227631.9000
9076,227631.9000
9077,227631.9000
9078,227631.9000
9079,227631.9000
9080,227631.9000
9081,227631.9000
9082,227631.9000
9083,227631.9000
9084,227631.9000
9085,227631.9000
9086,227631.9000
9087,227631.9000
9088,227631.9000
9089,227631.9000
9090,227631.9000
9091,227631.9000
9092,227631.9000
9093,227631.9000
9094,227631.9000
9095,227631.9000
9096,227631.9000
9097,227631.9000
9098,227631.9000
9099,227631.9000
9100,227631.9000
9101,227631.9000
9102,227631.9000
9103,227631.9000
9104,227631.9000
9105,227631.9000
9106,227631.9000
9107,227631.9000
9108,227631.9000
9109,227631.9000
9110,227631.9000
9111,227631.9000
9112,227631.9000
9113,227631.9000
9114,227631.9000
9115,227631.9000
9116,227631.9000
9117,227631.9000
9118,227631.9000
9119,227631.9000
9120,227631.9000
9121,227631.9000
9122,227631.9000
9123,227631.9000
9124,227631.9000
9125,227631.9000
9126,227631.9000
9127,227631.9000
9128,227631.9000
9129,227631.9000
9130,227631.9000
9131,227631.9000
9132,227631.9000
9133,227631.9000
9134,227631.9000
9135,227631.9000
9136,227631.9000
9137,227631.9000
9138,227631.9000
9139,227631.9000
9140,227631.9000
9141,227631.9000
9142,227631.9000
9143,227631.9000
9144,227631.9000
9145,227631.9000
9146,227631.9000
9147,227631.9000
9148,227631.9000
9149,227631.9000
9150,227631.9000
9151,227631.9000
9152,227631.9000
9153,227631.9000
9154,227631.9000
9155,227631.9000
9156,227631.9000
9157,227631.9000
9158,227631.9000
9159,227631.9000
9160,227631.9000
9161,227631.9000
9162,227631.9000
9163,227631.9000
9164,227631.9000
9165,227631.9000
9166,227631.9000
9167,227631.9000
9168,227631.9000
9169,227631.9000
9170,227631.9000
9171,227631.9000
9172,227631.9000
9173,227631.9000
9174,227631.9000
9175,227631.9000
9176,227631.9000
9177,227631.9000
9178,227631.9000
9179,227631.9000
9180,227631.9000
9181,227631.9000
9182,227631.9000
9183,227631.9000
9184,227631.9000
9185,227631.9000
9186,227631.9000
9187,227631.9000
9188,227631.9000
9189,227631.9000
9190,227631.9000
9191,227631.9000
9192,227631.9000
9193,227631.9000
9194,227631.9000
9195,227631.9000
9196,227631.9000
9197,227631.9000
9198,227631.9000
9199,227631.9000
9200,227631.9000
9201,227631.9000
9202,227631.9000
9203,227631.9000
9204,227631.9000
9205,227631.9000
9206,227631.9000
9207,227631.9000
9208,227631.9000
9209,227631.9000
9210,227631.9000
9211,227631.9000
9212,227631.9000
9213,227631.9000
9214,227631.9000
9215,227631.9000
9216,227631.9000
9217,227631.9000
9218,227631.9000
9219,227631.9000
9220,227631.9000
9221,227631.9000
9222,227631.9000
9223,227631.9000
9224,227631.9000
9225,227631.9000
9226,227631.9000
9227,227631.9000
9228,227631.9000
9229,227631.9000
9230,227631.9000
9231,227631.9000
9232,227631.9000
9233,227631.9000
9234,227631.9000
9235,227631.9000
9236,227631.9000
9237,227631.9000
9238,227631.9000
9239,227631.9000
9240,227631.9000
9241,227631.9000
9242,227631.9000
9243,227631.9000
9244,227631.9000
9245,227631.9000
9246,227631.9000
9247,227631.9000
9248,227631.9000
9249,227631.9000
9250,227631.9000
9251,227631.9000
9252,227631.9000
9253,227631.9000
9254,227631.9000
9255,227631.9000
9256,227631.9000
9257,227631.9000
9258,227631.9000
9259,227631.9000
9260,227631.9000
9261,227631.9000
9262,227631.9000
9263,227631.9000
9264,227631.9000
9265,227631.9000
9266,227631.9000
9267,227631.9000
9268,227631.9000
9269,227631.9000
9270,227631.9000
9271,227631.9000
9272,227631.9000
9273,227631.9000
9274,227631.9000
9275,227631.9000
9276,227631.9000
9277,227631.9000
9278,227631.9000
9279,227631.9000
9280,227631.9000
9281,227631.9000
9282,227631.9000
9283,227631.9000
9284,227631.9000
9285,227631.9000
9286,227631.9000
9287,227631.9000
9288,227631.9000
9289,227631.9000
9290,227631.9000
9291,227631.9000
9292,227631.9000
9293,227631.9000
9294,227631.9000
9295,227631.9000
9296,227631.9000
9297,227631.9000
9298,227631.9000
9299,227631.9000
9300,227631.9000
9301,227631.9000
9302,227631.9000
9303,227631.9000
9304,227631.9000
9305,227631.9000
9306,227631.9000
9307,227631.9000
9308,227631.9000
9309,227631.9000
9310,227631.9000
9311,227631.9000
9312,227631.9000
9313,227631.9000
9314,227631.9000
9315,227631.9000
9316,227631.9000
9317,227631.9000
9318,227631.9000
9319,227631.9000
9320,227631.9000
9321,227631.9000
9322,227631.9000
9323,227631.9000
9324,227631.9000
9325,227631.9000
9326,227631.9000
9327,227631.9000
9328,227631.9000
9329,227631.9000
9330,227631.9000
9331,227631.9000
9332,227631.9000
9333,227631.9000
9334,227631.9000
9335,227631.9000
9336,227631.9000
9337,227631.9000
9338,227631.9000
9339,227631.9000
9340,227631.9000
9341,227631.9000
9342,227631.9000
9343,227631.9000
9344,227631.9000
9345,227631.9000
9346,227631.9000
9347,227631.9000
9348,227631.9000
9349,227631.9000
9350,227631.9000
9351,227631.9000
9352,227631.9000
9353,227631.9000
9354,227631.9000
9355,227631.9000
9356,227631.9000
9357,227631.9000
9358,227631.9000
9359,227631.9000
9360,227631.9000
9361,227631.9000
9362,227631.9000
9363,227631.9000
9364,227631.9000
9365,227631.9000
9366,227631.9000
9367,227631.9000
9368,227631.9000
9369,227631.9000
9370,227631.9000
9371,227631.9000
9372,227631.9000
9373,227631.9000
9374,227631.9000
9375,227631.9000
9376,227631.9000
9377,227631.9000
