迭代次数,Cmax
1,160147.0000
2,160147.0000
3,156626.7000
4,156626.7000
5,156607.0000
6,156607.0000
7,156607.0000
8,153215.4000
9,150102.9000
10,150102.9000
11,150102.9000
12,150102.9000
13,150102.9000
14,150102.9000
15,150102.9000
16,150102.9000
17,147167.0000
18,147167.0000
19,147167.0000
20,147167.0000
21,147167.0000
22,147167.0000
23,147167.0000
24,147167.0000
25,147167.0000
26,147167.0000
27,147167.0000
28,147167.0000
29,147167.0000
30,147167.0000
31,147167.0000
32,147167.0000
33,147167.0000
34,147167.0000
35,147167.0000
36,147167.0000
37,147167.0000
38,147167.0000
39,147167.0000
40,144475.5000
41,144475.5000
42,144475.5000
43,144475.5000
44,144475.5000
45,144475.5000
46,144475.5000
47,144475.5000
48,144475.5000
49,144475.5000
50,144475.5000
51,144475.5000
52,144475.5000
53,144475.5000
54,144475.5000
55,144475.5000
56,144475.5000
57,144475.5000
58,144475.5000
59,144475.5000
60,141686.7000
61,141686.7000
62,141686.7000
63,141686.7000
64,141686.7000
65,141686.7000
66,141686.7000
67,141686.7000
68,141686.7000
69,141686.7000
70,141686.7000
71,141686.7000
72,141686.7000
73,141686.7000
74,141686.7000
75,141686.7000
76,141686.7000
77,141686.7000
78,141686.7000
79,141686.7000
80,141686.7000
81,141686.7000
82,141686.7000
83,141686.7000
84,141686.7000
85,141686.7000
86,141686.7000
87,141686.7000
88,141686.7000
89,141686.7000
90,141686.7000
91,141686.7000
92,141686.7000
93,141686.7000
94,141686.7000
95,141686.7000
96,141686.7000
97,141686.7000
98,141686.7000
99,141686.7000
100,141686.7000
101,141686.7000
102,141686.7000
103,141686.7000
104,141686.7000
105,141686.7000
106,141686.7000
107,139254.0000
108,139254.0000
109,139254.0000
110,139254.0000
111,139254.0000
112,139254.0000
113,139254.0000
114,139254.0000
115,139254.0000
116,139254.0000
117,139254.0000
118,139254.0000
119,139254.0000
120,139254.0000
121,139254.0000
122,139254.0000
123,139254.0000
124,139254.0000
125,139254.0000
126,139254.0000
127,139254.0000
128,139254.0000
129,139254.0000
130,139254.0000
131,139254.0000
132,139254.0000
133,139254.0000
134,139254.0000
135,139254.0000
136,139254.0000
137,139254.0000
138,139254.0000
139,139254.0000
140,139254.0000
141,139254.0000
142,139254.0000
143,139254.0000
144,139254.0000
145,139254.0000
146,139254.0000
147,139254.0000
148,139254.0000
149,139254.0000
150,139254.0000
151,139254.0000
152,139254.0000
153,139254.0000
154,139254.0000
155,139254.0000
156,139254.0000
157,139254.0000
158,139254.0000
159,139254.0000
160,139254.0000
161,139254.0000
162,139254.0000
163,139254.0000
164,139254.0000
165,139254.0000
166,139254.0000
167,139254.0000
168,139254.0000
169,139254.0000
170,139254.0000
171,139254.0000
172,139254.0000
173,139254.0000
174,139254.0000
175,139254.0000
176,139254.0000
177,139254.0000
178,139254.0000
179,139254.0000
180,139254.0000
181,139254.0000
182,139254.0000
183,139254.0000
184,136422.0000
185,136422.0000
186,136422.0000
187,136422.0000
188,136422.0000
189,136422.0000
190,136422.0000
191,136422.0000
192,136422.0000
193,136422.0000
194,136422.0000
195,136422.0000
196,136422.0000
197,136422.0000
198,136422.0000
199,136422.0000
200,136422.0000
201,136422.0000
202,136422.0000
203,136422.0000
204,136422.0000
205,136422.0000
206,136422.0000
207,136422.0000
208,136422.0000
209,136422.0000
210,136422.0000
211,136422.0000
212,136422.0000
213,136422.0000
214,136422.0000
215,136422.0000
216,136422.0000
217,136422.0000
218,136422.0000
219,136422.0000
220,136422.0000
221,136422.0000
222,136422.0000
223,136422.0000
224,136422.0000
225,136422.0000
226,136422.0000
227,136422.0000
228,136422.0000
229,136422.0000
230,136422.0000
231,136422.0000
232,136422.0000
233,136422.0000
234,136422.0000
235,136422.0000
236,136422.0000
237,136422.0000
238,136422.0000
239,136422.0000
240,136422.0000
241,136422.0000
242,136422.0000
243,136422.0000
244,136422.0000
245,136422.0000
246,136422.0000
247,136422.0000
248,136422.0000
249,136422.0000
250,136422.0000
251,136422.0000
252,136422.0000
253,136422.0000
254,136422.0000
255,136422.0000
256,136422.0000
257,136422.0000
258,136422.0000
259,136422.0000
260,136422.0000
261,136422.0000
262,136422.0000
263,136422.0000
264,136422.0000
265,136422.0000
266,136422.0000
267,136422.0000
268,136422.0000
269,136422.0000
270,136422.0000
271,136422.0000
272,136422.0000
273,136422.0000
274,136422.0000
275,136422.0000
276,136422.0000
277,136422.0000
278,136422.0000
279,136422.0000
280,136422.0000
281,136422.0000
282,136422.0000
283,136422.0000
284,136422.0000
285,136422.0000
286,136422.0000
287,136422.0000
288,136422.0000
289,136422.0000
290,136422.0000
291,136422.0000
292,136422.0000
293,136422.0000
294,136422.0000
295,136422.0000
296,136422.0000
297,136422.0000
298,136422.0000
299,136422.0000
300,136422.0000
301,136422.0000
302,136422.0000
303,136422.0000
304,136422.0000
305,136422.0000
306,136422.0000
307,136422.0000
308,136422.0000
309,136422.0000
310,136422.0000
311,136422.0000
312,136422.0000
313,136422.0000
314,136422.0000
315,136422.0000
316,136422.0000
317,136422.0000
318,136422.0000
319,136422.0000
320,136422.0000
321,136422.0000
322,136422.0000
323,136422.0000
324,136422.0000
325,136422.0000
326,136422.0000
327,136422.0000
328,136422.0000
329,136422.0000
330,136422.0000
331,136422.0000
332,136422.0000
333,136422.0000
334,136422.0000
335,136422.0000
336,136422.0000
337,136422.0000
338,136422.0000
339,136422.0000
340,136422.0000
341,136422.0000
342,136422.0000
343,136422.0000
344,136422.0000
345,136422.0000
346,136422.0000
347,136422.0000
348,136422.0000
349,136422.0000
350,136422.0000
351,136422.0000
352,136422.0000
353,136422.0000
354,136422.0000
355,136422.0000
356,136422.0000
357,136422.0000
358,136422.0000
359,136422.0000
360,136422.0000
361,136422.0000
362,136422.0000
363,136422.0000
364,136422.0000
365,136422.0000
366,136422.0000
367,136422.0000
368,136422.0000
369,136422.0000
370,136422.0000
371,136422.0000
372,136422.0000
373,136422.0000
374,136422.0000
375,136422.0000
376,136422.0000
377,136422.0000
378,136422.0000
379,136422.0000
380,136422.0000
381,136422.0000
382,136422.0000
383,136422.0000
384,136422.0000
385,136422.0000
386,136422.0000
387,136422.0000
388,136422.0000
389,136422.0000
390,136422.0000
391,136422.0000
392,136422.0000
393,136422.0000
394,136422.0000
395,136422.0000
396,136422.0000
397,136422.0000
398,136422.0000
399,136422.0000
400,136422.0000
401,136422.0000
402,136422.0000
403,136422.0000
404,136422.0000
405,136422.0000
406,136422.0000
407,136422.0000
408,136422.0000
409,136422.0000
410,136422.0000
411,136422.0000
412,136422.0000
413,136422.0000
414,136422.0000
415,136422.0000
416,136422.0000
417,136422.0000
418,136422.0000
419,136422.0000
420,136422.0000
421,136422.0000
422,136422.0000
423,136422.0000
424,136422.0000
425,136422.0000
426,136422.0000
427,136422.0000
428,136422.0000
429,136422.0000
430,136422.0000
431,136422.0000
432,136422.0000
433,136422.0000
434,136422.0000
435,136422.0000
436,136422.0000
437,136422.0000
438,136422.0000
439,136422.0000
440,136422.0000
441,136422.0000
442,136422.0000
443,136422.0000
444,136422.0000
445,136422.0000
446,136422.0000
447,136422.0000
448,136422.0000
449,136422.0000
450,136422.0000
451,136422.0000
452,136422.0000
453,136422.0000
454,136422.0000
455,136422.0000
456,136422.0000
457,136422.0000
458,136422.0000
459,136422.0000
460,136422.0000
461,136422.0000
462,136422.0000
463,136422.0000
464,136422.0000
465,136422.0000
466,136422.0000
467,136422.0000
468,136422.0000
469,136422.0000
470,136422.0000
471,136422.0000
472,136422.0000
473,136422.0000
474,136422.0000
475,136422.0000
476,136422.0000
477,136422.0000
478,136422.0000
479,136422.0000
480,136422.0000
481,136422.0000
482,136422.0000
483,136422.0000
484,136422.0000
485,136422.0000
486,136422.0000
487,136422.0000
488,136422.0000
489,136422.0000
490,136422.0000
491,136422.0000
492,136422.0000
493,136422.0000
494,136422.0000
495,136422.0000
496,136422.0000
497,136422.0000
498,136422.0000
499,136422.0000
500,136422.0000
501,136422.0000
502,136422.0000
503,136422.0000
504,136422.0000
505,136422.0000
506,136422.0000
507,136422.0000
508,136422.0000
509,136422.0000
510,136422.0000
511,136422.0000
512,136422.0000
513,136422.0000
514,136422.0000
515,136422.0000
516,136422.0000
517,136422.0000
518,136422.0000
519,136422.0000
520,136422.0000
521,136422.0000
522,136422.0000
523,136422.0000
524,136422.0000
525,136422.0000
526,136422.0000
527,136422.0000
528,136422.0000
529,136422.0000
530,136422.0000
531,136422.0000
532,136422.0000
533,136422.0000
534,136422.0000
535,136422.0000
536,136422.0000
537,136422.0000
538,136422.0000
539,136422.0000
540,136422.0000
541,136422.0000
542,134540.4000
543,134540.4000
544,134540.4000
545,134540.4000
546,134540.4000
547,134540.4000
548,134540.4000
549,134540.4000
550,134540.4000
551,134540.4000
552,134540.4000
553,134540.4000
554,134540.4000
555,134540.4000
556,134540.4000
557,134540.4000
558,134540.4000
559,134540.4000
560,134540.4000
561,134540.4000
562,134540.4000
563,134540.4000
564,134540.4000
565,134540.4000
566,134540.4000
567,134540.4000
568,134540.4000
569,134540.4000
570,134540.4000
571,134540.4000
572,134540.4000
573,134540.4000
574,134540.4000
575,134540.4000
576,134540.4000
577,134540.4000
578,134540.4000
579,134540.4000
580,134540.4000
581,134540.4000
582,131230.0000
583,131230.0000
584,131230.0000
585,131230.0000
586,131230.0000
587,131230.0000
588,131230.0000
589,131230.0000
590,131230.0000
591,131230.0000
592,131230.0000
593,131230.0000
594,131230.0000
595,131230.0000
596,131230.0000
597,131230.0000
598,131230.0000
599,131230.0000
600,131230.0000
601,131230.0000
602,131230.0000
603,131230.0000
604,131230.0000
605,131230.0000
606,131230.0000
607,131230.0000
608,131230.0000
609,131230.0000
610,131230.0000
611,131230.0000
612,131230.0000
613,131230.0000
614,131230.0000
615,131230.0000
616,131230.0000
617,131230.0000
618,131230.0000
619,131230.0000
620,131230.0000
621,131230.0000
622,131230.0000
623,131230.0000
624,131230.0000
625,131230.0000
626,131230.0000
627,131230.0000
628,131230.0000
629,131230.0000
630,131230.0000
631,131230.0000
632,131230.0000
633,131230.0000
634,131230.0000
635,131230.0000
636,131230.0000
637,131230.0000
638,131230.0000
639,131230.0000
640,131230.0000
641,131230.0000
642,131230.0000
643,131230.0000
644,131230.0000
645,131230.0000
646,131230.0000
647,131230.0000
648,131230.0000
649,131230.0000
650,131230.0000
651,131230.0000
652,131230.0000
653,131230.0000
654,131230.0000
655,131230.0000
656,131230.0000
657,131230.0000
658,131230.0000
659,131230.0000
660,131230.0000
661,131230.0000
662,131230.0000
663,131230.0000
664,131230.0000
665,131230.0000
666,131230.0000
667,131230.0000
668,131230.0000
669,131230.0000
670,131230.0000
671,131230.0000
672,131230.0000
673,131230.0000
674,131230.0000
675,131230.0000
676,131230.0000
677,131230.0000
678,131230.0000
679,131230.0000
680,131230.0000
681,131230.0000
682,131230.0000
683,131230.0000
684,131230.0000
685,131230.0000
686,131230.0000
687,131230.0000
688,131230.0000
689,131230.0000
690,131230.0000
691,131230.0000
692,131230.0000
693,131230.0000
694,131230.0000
695,131230.0000
696,131230.0000
697,131230.0000
698,131230.0000
699,131230.0000
700,131230.0000
701,131230.0000
702,131230.0000
703,131230.0000
704,131230.0000
705,131230.0000
706,131230.0000
707,131230.0000
708,131230.0000
709,131230.0000
710,131230.0000
711,131230.0000
712,131230.0000
713,131230.0000
714,131230.0000
715,131230.0000
716,131230.0000
717,131230.0000
718,131230.0000
719,131230.0000
720,131230.0000
721,131230.0000
722,131230.0000
723,131230.0000
724,131230.0000
725,131230.0000
726,131230.0000
727,131230.0000
728,131230.0000
729,131230.0000
730,131230.0000
731,131230.0000
732,131230.0000
733,131230.0000
734,131230.0000
735,131230.0000
736,131230.0000
737,131230.0000
738,131230.0000
739,131230.0000
740,131230.0000
741,131230.0000
742,131230.0000
743,131230.0000
744,131230.0000
745,131230.0000
746,131230.0000
747,131230.0000
748,131230.0000
749,131230.0000
750,131230.0000
751,131230.0000
752,131230.0000
753,131230.0000
754,131230.0000
755,131230.0000
756,131230.0000
757,131230.0000
758,131230.0000
759,131230.0000
760,131230.0000
761,131230.0000
762,131230.0000
763,131230.0000
764,131230.0000
765,131230.0000
766,131230.0000
767,131230.0000
768,131230.0000
769,131230.0000
770,131230.0000
771,131230.0000
772,131230.0000
773,131230.0000
774,131230.0000
775,131230.0000
776,131230.0000
777,131230.0000
778,131230.0000
779,131230.0000
780,131230.0000
781,131230.0000
782,131230.0000
783,131230.0000
784,131230.0000
785,131230.0000
786,131230.0000
787,131230.0000
788,131230.0000
789,131230.0000
790,131230.0000
791,131230.0000
792,131230.0000
793,131230.0000
794,131230.0000
795,131230.0000
796,131230.0000
797,131230.0000
798,131230.0000
799,131230.0000
800,131230.0000
801,131230.0000
802,131230.0000
803,131230.0000
804,131230.0000
805,131230.0000
806,131230.0000
807,131230.0000
808,131230.0000
809,131230.0000
810,131230.0000
811,131230.0000
812,131230.0000
813,131230.0000
814,131230.0000
815,131230.0000
816,131230.0000
817,131230.0000
818,131230.0000
819,131230.0000
820,131230.0000
821,131230.0000
822,131230.0000
823,131230.0000
824,131230.0000
825,131230.0000
826,131230.0000
827,131230.0000
828,131230.0000
829,131230.0000
830,131230.0000
831,131230.0000
832,131230.0000
833,131230.0000
834,131230.0000
835,131230.0000
836,131230.0000
837,131230.0000
838,131230.0000
839,131230.0000
840,131230.0000
841,131230.0000
842,131230.0000
843,131230.0000
844,131230.0000
845,131230.0000
846,131230.0000
847,131230.0000
848,131230.0000
849,131230.0000
850,131230.0000
851,131230.0000
852,131230.0000
853,131230.0000
854,131230.0000
855,131230.0000
856,131230.0000
857,131230.0000
858,131230.0000
859,131230.0000
860,131230.0000
861,131230.0000
862,131230.0000
863,131230.0000
864,131230.0000
865,131230.0000
866,131230.0000
867,131230.0000
868,131230.0000
869,131230.0000
870,131230.0000
871,131230.0000
872,131230.0000
873,131230.0000
874,131230.0000
875,131230.0000
876,131230.0000
877,131230.0000
878,131230.0000
879,131230.0000
880,131230.0000
881,131230.0000
882,131230.0000
883,131230.0000
884,131230.0000
885,131230.0000
886,131230.0000
887,131230.0000
888,131230.0000
889,131230.0000
890,131230.0000
891,131230.0000
892,131230.0000
893,131230.0000
894,131230.0000
895,131230.0000
896,131230.0000
897,131230.0000
898,131230.0000
899,131230.0000
900,131230.0000
901,131230.0000
902,131230.0000
903,131230.0000
904,131230.0000
905,131230.0000
906,131230.0000
907,131230.0000
908,131230.0000
909,131230.0000
910,131230.0000
911,131230.0000
912,131230.0000
913,131230.0000
914,131230.0000
915,131230.0000
916,131230.0000
917,131230.0000
918,131230.0000
919,131230.0000
920,131230.0000
921,131230.0000
922,131230.0000
923,131230.0000
924,131230.0000
925,131230.0000
926,131230.0000
927,131230.0000
928,131230.0000
929,131230.0000
930,131230.0000
931,131230.0000
932,131230.0000
933,131230.0000
934,131230.0000
935,131230.0000
936,131230.0000
937,131230.0000
938,131230.0000
939,131230.0000
940,131230.0000
941,131230.0000
942,131230.0000
943,131230.0000
944,131230.0000
945,131230.0000
946,131230.0000
947,131230.0000
948,131230.0000
949,131230.0000
950,131230.0000
951,131230.0000
952,131230.0000
953,131230.0000
954,131230.0000
955,131230.0000
956,131230.0000
957,131230.0000
958,131230.0000
959,131230.0000
960,131230.0000
961,131230.0000
962,131230.0000
963,131230.0000
964,131230.0000
965,131230.0000
966,131230.0000
967,131230.0000
968,131230.0000
969,131230.0000
970,131230.0000
971,131230.0000
972,131230.0000
973,131230.0000
974,131230.0000
975,131230.0000
976,131230.0000
977,131230.0000
978,131230.0000
979,131230.0000
980,131230.0000
981,131230.0000
982,131230.0000
983,131230.0000
984,131230.0000
985,131230.0000
986,131230.0000
987,131230.0000
988,131230.0000
989,131230.0000
990,131230.0000
991,131230.0000
992,131230.0000
993,131230.0000
994,131230.0000
995,131230.0000
996,131230.0000
997,131230.0000
998,131230.0000
999,131230.0000
1000,131230.0000
1001,131230.0000
1002,131230.0000
1003,131230.0000
1004,131230.0000
1005,131230.0000
1006,131230.0000
1007,131230.0000
1008,131230.0000
1009,131230.0000
1010,131230.0000
1011,131230.0000
1012,131230.0000
1013,131230.0000
1014,131230.0000
1015,131230.0000
1016,131230.0000
1017,131230.0000
1018,131230.0000
1019,131230.0000
1020,131230.0000
1021,131230.0000
1022,131230.0000
1023,131230.0000
1024,131230.0000
1025,131230.0000
1026,131230.0000
1027,131230.0000
1028,131230.0000
1029,131230.0000
1030,131230.0000
1031,131230.0000
1032,131230.0000
1033,131230.0000
1034,131230.0000
1035,131230.0000
1036,131230.0000
1037,131230.0000
1038,131230.0000
1039,131230.0000
1040,131230.0000
1041,131230.0000
1042,131230.0000
1043,131230.0000
1044,131230.0000
1045,131230.0000
1046,131230.0000
1047,131230.0000
1048,131230.0000
1049,131230.0000
1050,131230.0000
1051,131230.0000
1052,131230.0000
1053,131230.0000
1054,131230.0000
1055,131230.0000
1056,131230.0000
1057,131230.0000
1058,131230.0000
1059,131230.0000
1060,131230.0000
1061,131230.0000
1062,131230.0000
1063,131230.0000
1064,131230.0000
1065,131230.0000
1066,131230.0000
1067,131230.0000
1068,131230.0000
1069,131230.0000
1070,131230.0000
1071,131230.0000
1072,131230.0000
1073,131230.0000
1074,131230.0000
1075,131230.0000
1076,131230.0000
1077,131230.0000
1078,131230.0000
1079,131230.0000
1080,131230.0000
1081,131230.0000
1082,131230.0000
1083,131230.0000
1084,131230.0000
1085,131230.0000
1086,131230.0000
1087,131230.0000
1088,131230.0000
1089,131230.0000
1090,131230.0000
1091,131230.0000
1092,131230.0000
1093,131230.0000
1094,131230.0000
1095,131230.0000
1096,131230.0000
1097,131230.0000
1098,131230.0000
1099,131230.0000
1100,131230.0000
1101,131230.0000
1102,131230.0000
1103,131230.0000
1104,131230.0000
1105,131230.0000
1106,131230.0000
1107,131230.0000
1108,131230.0000
1109,131230.0000
1110,131230.0000
1111,131230.0000
1112,131230.0000
1113,131230.0000
1114,131230.0000
1115,131230.0000
1116,131230.0000
1117,131230.0000
1118,131230.0000
1119,131230.0000
1120,131230.0000
1121,131230.0000
1122,131230.0000
1123,131230.0000
1124,131230.0000
1125,131230.0000
1126,131230.0000
1127,131230.0000
1128,131230.0000
1129,131230.0000
1130,131230.0000
1131,131230.0000
1132,131230.0000
1133,131230.0000
1134,131230.0000
1135,131230.0000
1136,131230.0000
1137,131230.0000
1138,131230.0000
1139,131230.0000
1140,131230.0000
1141,131230.0000
1142,131230.0000
1143,131230.0000
1144,131230.0000
1145,131230.0000
1146,131230.0000
1147,131230.0000
1148,131230.0000
1149,131230.0000
1150,131230.0000
1151,131230.0000
1152,131230.0000
1153,131230.0000
1154,131230.0000
1155,131230.0000
1156,131230.0000
1157,131230.0000
1158,131230.0000
1159,131230.0000
1160,131230.0000
1161,131230.0000
1162,131230.0000
1163,131230.0000
1164,131230.0000
1165,131230.0000
1166,131230.0000
1167,131230.0000
1168,131230.0000
1169,131230.0000
1170,131230.0000
1171,131230.0000
1172,131230.0000
1173,131230.0000
1174,131230.0000
1175,131230.0000
1176,131230.0000
1177,131230.0000
1178,131230.0000
1179,131230.0000
1180,131230.0000
1181,131230.0000
1182,131230.0000
1183,131230.0000
1184,131230.0000
1185,131230.0000
1186,131230.0000
1187,131230.0000
1188,131230.0000
1189,131230.0000
1190,131230.0000
1191,131230.0000
1192,131230.0000
1193,131230.0000
1194,131230.0000
1195,131230.0000
1196,131230.0000
1197,131230.0000
1198,131230.0000
1199,131230.0000
1200,131230.0000
1201,131230.0000
1202,131230.0000
1203,131230.0000
1204,131230.0000
1205,131230.0000
1206,131230.0000
1207,131230.0000
1208,131230.0000
1209,131230.0000
1210,131230.0000
1211,131230.0000
1212,131230.0000
1213,131230.0000
1214,131230.0000
1215,131230.0000
1216,131230.0000
1217,131230.0000
1218,131230.0000
1219,131230.0000
1220,131230.0000
1221,131230.0000
1222,131230.0000
1223,131230.0000
1224,131230.0000
1225,131230.0000
1226,131230.0000
1227,131230.0000
1228,131230.0000
1229,131230.0000
1230,131230.0000
1231,131230.0000
1232,131230.0000
1233,131230.0000
1234,131230.0000
1235,131230.0000
1236,131230.0000
1237,131230.0000
1238,131230.0000
1239,131230.0000
1240,131230.0000
1241,131230.0000
1242,131230.0000
1243,131230.0000
1244,131230.0000
1245,131230.0000
1246,131230.0000
1247,131230.0000
1248,131230.0000
1249,131230.0000
1250,131230.0000
1251,131230.0000
1252,131230.0000
1253,131230.0000
1254,131230.0000
1255,131230.0000
1256,131230.0000
1257,131230.0000
1258,131230.0000
1259,131230.0000
1260,131230.0000
1261,131230.0000
1262,131230.0000
1263,131230.0000
1264,131230.0000
1265,131230.0000
1266,131230.0000
1267,131230.0000
1268,131230.0000
1269,131230.0000
1270,131230.0000
1271,131230.0000
1272,131230.0000
1273,131230.0000
1274,131230.0000
1275,131230.0000
1276,131230.0000
1277,131230.0000
1278,131230.0000
1279,131230.0000
1280,131230.0000
1281,131230.0000
1282,131230.0000
1283,131230.0000
1284,131230.0000
1285,131230.0000
1286,131230.0000
1287,131230.0000
1288,131230.0000
1289,131230.0000
1290,131230.0000
1291,131230.0000
1292,131230.0000
1293,131230.0000
1294,131230.0000
1295,131230.0000
1296,131230.0000
1297,131230.0000
1298,131230.0000
1299,131230.0000
1300,131230.0000
1301,131230.0000
1302,131230.0000
1303,131230.0000
1304,131230.0000
1305,131230.0000
1306,131230.0000
1307,131230.0000
1308,131230.0000
1309,131230.0000
1310,131230.0000
1311,131230.0000
1312,131230.0000
1313,131230.0000
1314,131230.0000
1315,131230.0000
1316,131230.0000
1317,131230.0000
1318,131230.0000
1319,131230.0000
1320,131230.0000
1321,131230.0000
1322,131230.0000
1323,131230.0000
1324,131230.0000
1325,131230.0000
1326,131230.0000
1327,131230.0000
1328,131230.0000
1329,131230.0000
1330,131230.0000
1331,131230.0000
1332,131230.0000
1333,131230.0000
1334,131230.0000
1335,131230.0000
1336,131230.0000
1337,131230.0000
1338,131230.0000
1339,131230.0000
1340,131230.0000
1341,131230.0000
1342,131230.0000
1343,131230.0000
1344,131230.0000
1345,131230.0000
1346,131230.0000
1347,131230.0000
1348,131230.0000
1349,131230.0000
1350,131230.0000
1351,131230.0000
1352,131230.0000
1353,131230.0000
1354,131230.0000
1355,131230.0000
1356,131230.0000
1357,131230.0000
1358,131230.0000
1359,131230.0000
1360,131230.0000
1361,131230.0000
1362,131230.0000
1363,131230.0000
1364,131230.0000
1365,131230.0000
1366,131230.0000
1367,131230.0000
1368,131230.0000
1369,131230.0000
1370,131230.0000
1371,131230.0000
1372,131230.0000
1373,131230.0000
1374,131230.0000
1375,131230.0000
1376,131230.0000
1377,131230.0000
1378,131230.0000
1379,131230.0000
1380,131230.0000
1381,131230.0000
1382,131230.0000
1383,131230.0000
1384,131230.0000
1385,131230.0000
1386,131230.0000
1387,131230.0000
1388,131230.0000
1389,131230.0000
1390,131230.0000
1391,131230.0000
1392,131230.0000
1393,131230.0000
1394,131230.0000
1395,131230.0000
1396,131230.0000
1397,131230.0000
1398,131230.0000
1399,131230.0000
1400,131230.0000
1401,131230.0000
1402,131230.0000
1403,131230.0000
1404,131230.0000
1405,131230.0000
1406,131230.0000
1407,131230.0000
1408,131230.0000
1409,131230.0000
1410,131230.0000
1411,131230.0000
1412,131230.0000
1413,131230.0000
1414,131230.0000
1415,131230.0000
1416,131230.0000
1417,131230.0000
1418,131230.0000
1419,131230.0000
1420,131230.0000
1421,131230.0000
1422,131230.0000
1423,131230.0000
1424,131230.0000
1425,131230.0000
1426,131230.0000
1427,131230.0000
1428,131230.0000
1429,131230.0000
1430,131230.0000
1431,131230.0000
1432,131230.0000
1433,131230.0000
1434,131230.0000
1435,131230.0000
1436,131230.0000
1437,131230.0000
1438,131230.0000
1439,131230.0000
1440,131230.0000
1441,131230.0000
1442,131230.0000
1443,131230.0000
1444,131230.0000
1445,131230.0000
1446,131230.0000
1447,131230.0000
1448,131230.0000
1449,131230.0000
1450,131230.0000
1451,131230.0000
1452,131230.0000
1453,131230.0000
1454,131230.0000
1455,131230.0000
1456,131230.0000
1457,131230.0000
1458,131230.0000
1459,131230.0000
1460,131230.0000
1461,131230.0000
1462,131230.0000
1463,131230.0000
1464,131230.0000
1465,131230.0000
1466,131230.0000
1467,131230.0000
1468,131230.0000
1469,131230.0000
1470,131230.0000
1471,131230.0000
1472,131230.0000
1473,131230.0000
1474,131230.0000
1475,131230.0000
1476,131230.0000
1477,131230.0000
1478,131230.0000
1479,131230.0000
1480,131230.0000
1481,131230.0000
1482,131230.0000
1483,131230.0000
1484,131230.0000
1485,131230.0000
1486,131230.0000
1487,131230.0000
1488,131230.0000
1489,131230.0000
1490,131230.0000
1491,131230.0000
1492,131230.0000
1493,131230.0000
1494,131230.0000
1495,131230.0000
1496,131230.0000
1497,131230.0000
1498,131230.0000
1499,131230.0000
1500,131230.0000
1501,131230.0000
1502,131230.0000
1503,131230.0000
1504,131230.0000
1505,131230.0000
1506,131230.0000
1507,131230.0000
1508,131230.0000
1509,131230.0000
1510,131230.0000
1511,131230.0000
1512,131230.0000
1513,131230.0000
1514,131230.0000
1515,131230.0000
1516,131230.0000
1517,131230.0000
1518,131230.0000
1519,131230.0000
1520,131230.0000
1521,131230.0000
1522,131230.0000
1523,131230.0000
1524,131230.0000
1525,131230.0000
1526,131230.0000
1527,131230.0000
1528,131230.0000
1529,131230.0000
1530,131230.0000
1531,131230.0000
1532,131230.0000
1533,131230.0000
1534,131230.0000
1535,131230.0000
1536,131230.0000
1537,131230.0000
1538,131230.0000
1539,131230.0000
1540,131230.0000
1541,131230.0000
1542,131230.0000
1543,131230.0000
1544,131230.0000
1545,131230.0000
1546,131230.0000
1547,131230.0000
1548,131230.0000
1549,131230.0000
1550,131230.0000
1551,131230.0000
1552,131230.0000
1553,131230.0000
1554,131230.0000
1555,131230.0000
1556,131230.0000
1557,131230.0000
1558,131230.0000
1559,131230.0000
1560,131230.0000
1561,131230.0000
1562,131230.0000
1563,131230.0000
1564,131230.0000
1565,131230.0000
1566,131230.0000
1567,131230.0000
1568,131230.0000
1569,131230.0000
1570,131230.0000
1571,131230.0000
1572,131230.0000
1573,131230.0000
1574,131230.0000
1575,131230.0000
1576,131230.0000
1577,131230.0000
1578,131230.0000
1579,131230.0000
1580,131230.0000
1581,131230.0000
1582,131230.0000
1583,131230.0000
1584,131230.0000
1585,131230.0000
1586,131230.0000
1587,131230.0000
1588,131230.0000
1589,131230.0000
1590,131230.0000
1591,131230.0000
1592,131230.0000
1593,131230.0000
1594,131230.0000
1595,131230.0000
1596,131230.0000
1597,131230.0000
1598,131230.0000
1599,131230.0000
1600,131230.0000
1601,131230.0000
1602,131230.0000
1603,131230.0000
1604,131230.0000
1605,131230.0000
1606,131230.0000
1607,131230.0000
1608,131230.0000
1609,131230.0000
1610,131230.0000
1611,131230.0000
1612,131230.0000
1613,131230.0000
1614,131230.0000
1615,131230.0000
1616,131230.0000
1617,131230.0000
1618,131230.0000
1619,131230.0000
1620,131230.0000
1621,131230.0000
1622,131230.0000
1623,131230.0000
1624,131230.0000
1625,131230.0000
1626,131230.0000
1627,131230.0000
1628,131230.0000
1629,131230.0000
1630,131230.0000
1631,131230.0000
1632,131230.0000
1633,131230.0000
1634,131230.0000
1635,131230.0000
1636,131230.0000
1637,131230.0000
1638,131230.0000
1639,131230.0000
1640,131230.0000
1641,131230.0000
1642,131230.0000
1643,131230.0000
1644,131230.0000
1645,131230.0000
1646,131230.0000
1647,131230.0000
1648,131230.0000
1649,131230.0000
1650,131230.0000
1651,131230.0000
1652,131230.0000
1653,131230.0000
1654,131230.0000
1655,131230.0000
1656,131230.0000
1657,131230.0000
1658,131230.0000
1659,131230.0000
1660,131230.0000
1661,131230.0000
1662,131230.0000
1663,131230.0000
1664,131230.0000
1665,131230.0000
1666,131230.0000
1667,131230.0000
1668,131230.0000
1669,131230.0000
1670,131230.0000
1671,131230.0000
1672,131230.0000
1673,131230.0000
1674,131230.0000
1675,131230.0000
1676,131230.0000
1677,131230.0000
1678,131230.0000
1679,131230.0000
1680,131230.0000
1681,131230.0000
1682,131230.0000
1683,131230.0000
1684,131230.0000
1685,131230.0000
1686,131230.0000
1687,131230.0000
1688,131230.0000
1689,131230.0000
1690,131230.0000
1691,131230.0000
1692,131230.0000
1693,131230.0000
1694,131230.0000
1695,131230.0000
1696,131230.0000
1697,131230.0000
1698,131230.0000
1699,131230.0000
1700,131230.0000
1701,131230.0000
1702,131230.0000
1703,131230.0000
1704,131230.0000
1705,131230.0000
1706,131230.0000
1707,131230.0000
1708,131230.0000
1709,131230.0000
1710,131230.0000
1711,131230.0000
1712,131230.0000
1713,131230.0000
1714,131230.0000
1715,131230.0000
1716,131230.0000
1717,131230.0000
1718,131230.0000
1719,131230.0000
1720,131230.0000
1721,131230.0000
1722,131230.0000
1723,131230.0000
1724,131230.0000
1725,131230.0000
1726,131230.0000
1727,131230.0000
1728,131230.0000
1729,131230.0000
1730,131230.0000
1731,131230.0000
1732,131230.0000
1733,131230.0000
1734,131230.0000
1735,131230.0000
1736,131230.0000
1737,131230.0000
1738,131230.0000
1739,131230.0000
1740,131230.0000
1741,131230.0000
1742,131230.0000
1743,131230.0000
1744,131230.0000
1745,131230.0000
1746,131230.0000
1747,131230.0000
1748,131230.0000
1749,131230.0000
1750,131230.0000
1751,131230.0000
1752,131230.0000
1753,131230.0000
1754,131230.0000
1755,131230.0000
1756,131230.0000
1757,131230.0000
1758,131230.0000
1759,131230.0000
1760,131230.0000
1761,131230.0000
1762,131230.0000
1763,131230.0000
1764,131230.0000
1765,131230.0000
1766,131230.0000
1767,131230.0000
1768,131230.0000
1769,131230.0000
1770,131230.0000
1771,131230.0000
1772,131230.0000
1773,131230.0000
1774,131230.0000
1775,131230.0000
1776,131230.0000
1777,131230.0000
1778,131230.0000
1779,131230.0000
1780,131230.0000
1781,131230.0000
1782,131230.0000
1783,131230.0000
1784,131230.0000
1785,131230.0000
1786,131230.0000
1787,131230.0000
1788,131230.0000
1789,131230.0000
1790,131230.0000
1791,131230.0000
1792,131230.0000
1793,131230.0000
1794,131230.0000
1795,131230.0000
1796,131230.0000
1797,131230.0000
1798,131230.0000
1799,131230.0000
1800,131230.0000
1801,131230.0000
1802,131230.0000
1803,131230.0000
1804,131230.0000
1805,131230.0000
1806,131230.0000
1807,131230.0000
1808,131230.0000
1809,131230.0000
1810,131230.0000
1811,131230.0000
1812,131230.0000
1813,131230.0000
1814,131230.0000
1815,131230.0000
1816,131230.0000
1817,131230.0000
1818,131230.0000
1819,131230.0000
1820,131230.0000
1821,131230.0000
1822,131230.0000
1823,131230.0000
1824,131230.0000
1825,131230.0000
1826,131230.0000
1827,131230.0000
1828,131230.0000
1829,131230.0000
1830,131230.0000
1831,131230.0000
1832,131230.0000
1833,131230.0000
1834,131230.0000
1835,131230.0000
1836,131230.0000
1837,131230.0000
1838,131230.0000
1839,131230.0000
1840,131230.0000
1841,131230.0000
1842,131230.0000
1843,131230.0000
1844,131230.0000
1845,131230.0000
1846,131230.0000
1847,131230.0000
1848,131230.0000
1849,131230.0000
1850,131230.0000
1851,131230.0000
1852,131230.0000
1853,131230.0000
1854,131230.0000
1855,131230.0000
1856,131230.0000
1857,131230.0000
1858,131230.0000
1859,131230.0000
1860,131230.0000
1861,131230.0000
1862,131230.0000
1863,131230.0000
1864,131230.0000
1865,131230.0000
1866,131230.0000
1867,131230.0000
1868,131230.0000
1869,131230.0000
1870,131230.0000
1871,131230.0000
1872,131230.0000
1873,131230.0000
1874,131230.0000
1875,131230.0000
1876,131230.0000
1877,131230.0000
1878,131230.0000
1879,131230.0000
1880,131230.0000
1881,131230.0000
1882,131230.0000
1883,131230.0000
1884,131230.0000
1885,131230.0000
1886,131230.0000
1887,131230.0000
1888,131230.0000
1889,131230.0000
1890,131230.0000
1891,131230.0000
1892,131230.0000
1893,131230.0000
1894,131230.0000
1895,131230.0000
1896,131230.0000
1897,131230.0000
1898,131230.0000
1899,131230.0000
1900,131230.0000
1901,131230.0000
1902,131230.0000
1903,131230.0000
1904,131230.0000
1905,131230.0000
1906,131230.0000
1907,131230.0000
1908,131230.0000
1909,131230.0000
1910,131230.0000
1911,131230.0000
1912,131230.0000
1913,131230.0000
1914,131230.0000
1915,131230.0000
1916,131230.0000
1917,131230.0000
1918,131230.0000
1919,131230.0000
1920,131230.0000
1921,131230.0000
1922,131230.0000
1923,131230.0000
1924,131230.0000
1925,131230.0000
1926,131230.0000
1927,131230.0000
1928,131230.0000
1929,131230.0000
1930,131230.0000
1931,131230.0000
1932,131230.0000
1933,131230.0000
1934,131230.0000
1935,131230.0000
1936,131230.0000
1937,131230.0000
1938,131230.0000
1939,131230.0000
1940,131230.0000
1941,131230.0000
1942,131230.0000
1943,131230.0000
1944,131230.0000
1945,131230.0000
1946,131230.0000
1947,131230.0000
1948,131230.0000
1949,131230.0000
1950,131230.0000
1951,131230.0000
1952,131230.0000
1953,131230.0000
1954,131230.0000
1955,131230.0000
1956,131230.0000
1957,131230.0000
1958,131230.0000
1959,131230.0000
1960,131230.0000
1961,131230.0000
1962,131230.0000
1963,131230.0000
1964,131230.0000
1965,131230.0000
1966,131230.0000
1967,131230.0000
1968,131230.0000
1969,131230.0000
1970,131230.0000
1971,131230.0000
1972,131230.0000
1973,131230.0000
1974,131230.0000
1975,131230.0000
1976,131230.0000
1977,131230.0000
1978,131230.0000
1979,131230.0000
1980,131230.0000
1981,131230.0000
1982,131230.0000
1983,131230.0000
1984,131230.0000
1985,131230.0000
1986,131230.0000
1987,131230.0000
1988,131230.0000
1989,131230.0000
1990,131230.0000
1991,131230.0000
1992,131230.0000
1993,131230.0000
1994,131230.0000
1995,131230.0000
1996,131230.0000
1997,131230.0000
1998,131230.0000
1999,131230.0000
2000,131230.0000
2001,131230.0000
2002,131230.0000
2003,131230.0000
2004,131230.0000
2005,131230.0000
2006,131230.0000
2007,131230.0000
2008,131230.0000
2009,131230.0000
2010,131230.0000
2011,131230.0000
2012,131230.0000
2013,131230.0000
2014,131230.0000
2015,131230.0000
2016,131230.0000
2017,131230.0000
2018,131230.0000
2019,131230.0000
2020,131230.0000
2021,131230.0000
2022,131230.0000
2023,131230.0000
2024,131230.0000
2025,131230.0000
2026,131230.0000
2027,131230.0000
2028,131230.0000
2029,131230.0000
2030,131230.0000
2031,131230.0000
2032,131230.0000
2033,131230.0000
2034,131230.0000
2035,131230.0000
2036,131230.0000
2037,131230.0000
2038,131230.0000
2039,131230.0000
2040,131230.0000
2041,131230.0000
2042,131230.0000
2043,131230.0000
2044,131230.0000
2045,131230.0000
2046,131230.0000
2047,131230.0000
2048,131230.0000
2049,131230.0000
2050,131230.0000
2051,131230.0000
2052,131230.0000
2053,131230.0000
2054,131230.0000
2055,131230.0000
2056,131230.0000
2057,131230.0000
2058,131230.0000
2059,131230.0000
2060,131230.0000
2061,131230.0000
2062,131230.0000
2063,131230.0000
2064,131230.0000
2065,131230.0000
2066,131230.0000
2067,131230.0000
2068,131230.0000
2069,131230.0000
2070,131230.0000
2071,131230.0000
2072,131230.0000
2073,131230.0000
2074,131230.0000
2075,131230.0000
2076,131230.0000
2077,131230.0000
2078,131230.0000
2079,131230.0000
2080,131230.0000
2081,131230.0000
2082,131230.0000
2083,131230.0000
2084,131230.0000
2085,131230.0000
2086,131230.0000
2087,131230.0000
2088,131230.0000
2089,131230.0000
2090,131230.0000
2091,131230.0000
2092,131230.0000
2093,131230.0000
2094,131230.0000
2095,131230.0000
2096,131230.0000
2097,131230.0000
2098,131230.0000
2099,131230.0000
2100,131230.0000
2101,131230.0000
2102,131230.0000
2103,131230.0000
2104,131230.0000
2105,131230.0000
2106,131230.0000
2107,131230.0000
2108,131230.0000
2109,131230.0000
2110,131230.0000
2111,131230.0000
2112,131230.0000
2113,131230.0000
2114,131230.0000
2115,131230.0000
2116,131230.0000
2117,131230.0000
2118,131230.0000
2119,131230.0000
2120,131230.0000
2121,131230.0000
2122,131230.0000
2123,131230.0000
2124,131230.0000
2125,131230.0000
2126,131230.0000
2127,131230.0000
2128,131230.0000
2129,131230.0000
2130,131230.0000
2131,131230.0000
2132,131230.0000
2133,131230.0000
2134,131230.0000
2135,131230.0000
2136,131230.0000
2137,131230.0000
2138,131230.0000
2139,131230.0000
2140,131230.0000
2141,131230.0000
2142,131230.0000
2143,131230.0000
2144,131230.0000
2145,131230.0000
2146,131230.0000
2147,131230.0000
2148,131230.0000
2149,131230.0000
2150,131230.0000
2151,131230.0000
2152,131230.0000
2153,131230.0000
2154,131230.0000
2155,131230.0000
2156,131230.0000
2157,131230.0000
2158,131230.0000
2159,131230.0000
2160,131230.0000
2161,131230.0000
2162,131230.0000
2163,131230.0000
2164,131230.0000
2165,131230.0000
2166,131230.0000
2167,131230.0000
2168,131230.0000
2169,131230.0000
2170,131230.0000
2171,131230.0000
2172,131230.0000
2173,131230.0000
2174,131230.0000
2175,131230.0000
2176,131230.0000
2177,131230.0000
2178,131230.0000
2179,131230.0000
2180,131230.0000
2181,131230.0000
2182,131230.0000
2183,131230.0000
2184,131230.0000
2185,131230.0000
2186,131230.0000
2187,131230.0000
2188,131230.0000
2189,131230.0000
2190,131230.0000
2191,131230.0000
2192,131230.0000
2193,131230.0000
2194,131230.0000
2195,131230.0000
2196,131230.0000
2197,131230.0000
2198,131230.0000
2199,131230.0000
2200,131230.0000
2201,131230.0000
2202,131230.0000
2203,131230.0000
2204,131230.0000
2205,131230.0000
2206,131230.0000
2207,131230.0000
2208,131230.0000
2209,131230.0000
2210,131230.0000
2211,131230.0000
2212,131230.0000
2213,131230.0000
2214,131230.0000
2215,131230.0000
2216,131230.0000
2217,131230.0000
2218,131230.0000
2219,131230.0000
2220,131230.0000
2221,131230.0000
2222,131230.0000
2223,131230.0000
2224,131230.0000
2225,131230.0000
2226,131230.0000
2227,131230.0000
2228,131230.0000
2229,131230.0000
2230,131230.0000
2231,131230.0000
2232,131230.0000
2233,131230.0000
2234,131230.0000
2235,131230.0000
2236,131230.0000
2237,131230.0000
2238,131230.0000
2239,131230.0000
2240,131230.0000
2241,131230.0000
2242,131230.0000
2243,131230.0000
2244,131230.0000
2245,131230.0000
2246,131230.0000
2247,131230.0000
2248,131230.0000
2249,131230.0000
2250,131230.0000
2251,131230.0000
2252,131230.0000
2253,131230.0000
2254,131230.0000
2255,131230.0000
2256,131230.0000
2257,131230.0000
2258,131230.0000
2259,131230.0000
2260,131230.0000
2261,131230.0000
2262,131230.0000
2263,131230.0000
2264,131230.0000
2265,131230.0000
2266,131230.0000
2267,131230.0000
2268,131230.0000
2269,131230.0000
2270,131230.0000
2271,131230.0000
2272,131230.0000
2273,131230.0000
2274,131230.0000
2275,131230.0000
2276,131230.0000
2277,131230.0000
2278,131230.0000
2279,131230.0000
2280,131230.0000
2281,131230.0000
2282,131230.0000
2283,131230.0000
2284,131230.0000
2285,131230.0000
2286,131230.0000
2287,131230.0000
2288,131230.0000
2289,131230.0000
2290,131230.0000
2291,131230.0000
2292,131230.0000
2293,131230.0000
2294,131230.0000
2295,131230.0000
2296,131230.0000
2297,131230.0000
2298,131230.0000
2299,131230.0000
2300,131230.0000
2301,131230.0000
2302,131230.0000
2303,131230.0000
2304,131230.0000
2305,131230.0000
2306,131230.0000
2307,131230.0000
2308,131230.0000
2309,131230.0000
2310,131230.0000
2311,131230.0000
2312,131230.0000
2313,131230.0000
2314,131230.0000
2315,131230.0000
2316,131230.0000
2317,131230.0000
2318,131230.0000
2319,131230.0000
2320,131230.0000
2321,131230.0000
2322,131230.0000
2323,131230.0000
2324,131230.0000
2325,131230.0000
2326,131230.0000
2327,131230.0000
2328,131230.0000
2329,131230.0000
2330,131230.0000
2331,131230.0000
2332,131230.0000
2333,131230.0000
2334,131230.0000
2335,131230.0000
2336,131230.0000
2337,131230.0000
2338,131230.0000
2339,131230.0000
2340,131230.0000
2341,131230.0000
2342,131230.0000
2343,131230.0000
2344,131230.0000
2345,131230.0000
2346,131230.0000
2347,131230.0000
2348,131230.0000
2349,131230.0000
2350,131230.0000
2351,131230.0000
2352,131230.0000
2353,131230.0000
2354,131230.0000
2355,131230.0000
2356,131230.0000
2357,131230.0000
2358,131230.0000
2359,131230.0000
2360,131230.0000
2361,131230.0000
2362,131230.0000
2363,131230.0000
2364,131230.0000
2365,131230.0000
2366,131230.0000
2367,131230.0000
2368,131230.0000
2369,131230.0000
2370,131230.0000
2371,131230.0000
2372,131230.0000
2373,131230.0000
2374,131230.0000
2375,131230.0000
2376,131230.0000
2377,131230.0000
2378,131230.0000
2379,131230.0000
2380,131230.0000
2381,131230.0000
2382,131230.0000
2383,131230.0000
2384,131230.0000
2385,131230.0000
2386,131230.0000
2387,131230.0000
2388,131230.0000
2389,131230.0000
2390,131230.0000
2391,131230.0000
2392,131230.0000
2393,131230.0000
2394,131230.0000
2395,131230.0000
2396,131230.0000
2397,131230.0000
2398,131230.0000
2399,131230.0000
2400,131230.0000
2401,131230.0000
2402,131230.0000
2403,131230.0000
2404,131230.0000
2405,131230.0000
2406,131230.0000
2407,131230.0000
2408,131230.0000
2409,131230.0000
2410,131230.0000
2411,131230.0000
2412,131230.0000
2413,131230.0000
2414,131230.0000
2415,131230.0000
2416,131230.0000
2417,131230.0000
2418,131230.0000
2419,131230.0000
2420,131230.0000
2421,131230.0000
2422,131230.0000
2423,131230.0000
2424,131230.0000
2425,131230.0000
2426,131230.0000
2427,131230.0000
2428,131230.0000
2429,131230.0000
2430,131230.0000
2431,131230.0000
2432,131230.0000
2433,131230.0000
2434,131230.0000
2435,131230.0000
2436,131230.0000
2437,131230.0000
2438,131230.0000
2439,131230.0000
2440,131230.0000
2441,131230.0000
2442,131230.0000
2443,131230.0000
2444,131230.0000
2445,131230.0000
2446,131230.0000
2447,131230.0000
2448,131230.0000
2449,131230.0000
2450,131230.0000
2451,131230.0000
2452,131230.0000
2453,131230.0000
2454,131230.0000
2455,131230.0000
2456,131230.0000
2457,131230.0000
2458,131230.0000
2459,131230.0000
2460,131230.0000
2461,131230.0000
2462,131230.0000
2463,131230.0000
2464,131230.0000
2465,131230.0000
2466,131230.0000
2467,131230.0000
2468,131230.0000
2469,131230.0000
2470,131230.0000
2471,131230.0000
2472,131230.0000
2473,131230.0000
2474,131230.0000
2475,131230.0000
2476,131230.0000
2477,131230.0000
2478,131230.0000
2479,131230.0000
2480,131230.0000
2481,131230.0000
2482,131230.0000
2483,131230.0000
2484,131230.0000
2485,131230.0000
2486,131230.0000
2487,131230.0000
2488,131230.0000
2489,131230.0000
2490,131230.0000
2491,131230.0000
2492,131230.0000
2493,131230.0000
2494,131230.0000
2495,131230.0000
2496,131230.0000
2497,131230.0000
2498,131230.0000
2499,131230.0000
2500,131230.0000
2501,131230.0000
2502,131230.0000
2503,131230.0000
2504,131230.0000
2505,131230.0000
2506,131230.0000
2507,131230.0000
2508,131230.0000
2509,131230.0000
2510,131230.0000
2511,131230.0000
2512,131230.0000
2513,131230.0000
2514,131230.0000
2515,131230.0000
2516,131230.0000
2517,131230.0000
2518,131230.0000
2519,131230.0000
2520,131230.0000
2521,131230.0000
2522,131230.0000
2523,131230.0000
2524,131230.0000
2525,131230.0000
2526,131230.0000
2527,131230.0000
2528,131230.0000
2529,131230.0000
2530,131230.0000
2531,131230.0000
2532,131230.0000
2533,131230.0000
2534,131230.0000
2535,131230.0000
2536,131230.0000
2537,131230.0000
2538,131230.0000
2539,131230.0000
2540,131230.0000
2541,131230.0000
2542,131230.0000
2543,131230.0000
2544,131230.0000
2545,131230.0000
2546,131230.0000
2547,131230.0000
2548,131230.0000
2549,131230.0000
2550,131230.0000
2551,131230.0000
2552,131230.0000
2553,131230.0000
2554,131230.0000
2555,131230.0000
2556,131230.0000
2557,131230.0000
2558,131230.0000
2559,131230.0000
2560,131230.0000
2561,131230.0000
2562,131230.0000
2563,131230.0000
2564,131230.0000
2565,131230.0000
2566,131230.0000
2567,131230.0000
2568,131230.0000
2569,131230.0000
2570,131230.0000
2571,131230.0000
2572,131230.0000
2573,131230.0000
2574,131230.0000
2575,131230.0000
2576,131230.0000
2577,131230.0000
2578,131230.0000
2579,131230.0000
2580,131230.0000
2581,131230.0000
2582,131230.0000
2583,131230.0000
2584,131230.0000
2585,131230.0000
2586,131230.0000
2587,131230.0000
2588,131230.0000
2589,131230.0000
2590,131230.0000
2591,131230.0000
2592,131230.0000
2593,131230.0000
2594,131230.0000
2595,131230.0000
2596,131230.0000
2597,131230.0000
2598,131230.0000
2599,131230.0000
2600,131230.0000
2601,131230.0000
2602,131230.0000
2603,131230.0000
2604,131230.0000
2605,131230.0000
2606,131230.0000
2607,131230.0000
2608,131230.0000
2609,131230.0000
2610,131230.0000
2611,131230.0000
2612,131230.0000
2613,131230.0000
2614,131230.0000
2615,131230.0000
2616,131230.0000
2617,131230.0000
2618,131230.0000
2619,131230.0000
2620,131230.0000
2621,131230.0000
2622,131230.0000
2623,131230.0000
2624,131230.0000
2625,131230.0000
2626,131230.0000
2627,131230.0000
2628,131230.0000
2629,131230.0000
2630,131230.0000
2631,131230.0000
2632,131230.0000
2633,131230.0000
2634,131230.0000
2635,131230.0000
2636,131230.0000
2637,131230.0000
2638,131230.0000
2639,131230.0000
2640,131230.0000
2641,131230.0000
2642,131230.0000
2643,131230.0000
2644,131230.0000
2645,131230.0000
2646,131230.0000
2647,131230.0000
2648,131230.0000
2649,131230.0000
2650,131230.0000
2651,131230.0000
2652,131230.0000
2653,131230.0000
2654,131230.0000
2655,131230.0000
2656,131230.0000
2657,131230.0000
2658,131230.0000
2659,131230.0000
2660,131230.0000
2661,131230.0000
2662,131230.0000
2663,131230.0000
2664,131230.0000
2665,131230.0000
2666,131230.0000
2667,131230.0000
2668,131230.0000
2669,131230.0000
2670,131230.0000
2671,131230.0000
2672,131230.0000
2673,131230.0000
2674,131230.0000
2675,131230.0000
2676,131230.0000
2677,131230.0000
2678,131230.0000
2679,131230.0000
2680,131230.0000
2681,131230.0000
2682,131230.0000
2683,131230.0000
2684,131230.0000
2685,131230.0000
2686,131230.0000
2687,131230.0000
2688,131230.0000
2689,131230.0000
2690,131230.0000
2691,131230.0000
2692,131230.0000
2693,131230.0000
2694,131230.0000
2695,131230.0000
2696,131230.0000
2697,131230.0000
2698,131230.0000
2699,131230.0000
2700,131230.0000
2701,131230.0000
2702,131230.0000
2703,131230.0000
2704,131230.0000
2705,131230.0000
2706,131230.0000
2707,131230.0000
2708,131230.0000
2709,131230.0000
2710,131230.0000
2711,131230.0000
2712,131230.0000
2713,131230.0000
2714,131230.0000
2715,131230.0000
2716,131230.0000
2717,131230.0000
2718,131230.0000
2719,131230.0000
2720,131230.0000
2721,131230.0000
2722,131230.0000
2723,131230.0000
2724,131230.0000
2725,131230.0000
2726,131230.0000
2727,131230.0000
2728,131230.0000
2729,131230.0000
2730,131230.0000
2731,131230.0000
2732,131230.0000
2733,131230.0000
2734,131230.0000
2735,131230.0000
2736,131230.0000
2737,131230.0000
2738,131230.0000
2739,131230.0000
2740,131230.0000
2741,131230.0000
2742,131230.0000
2743,131230.0000
2744,131230.0000
2745,131230.0000
2746,131230.0000
2747,131230.0000
2748,131230.0000
2749,131230.0000
2750,131230.0000
2751,131230.0000
2752,131230.0000
2753,131230.0000
2754,131230.0000
2755,131230.0000
2756,131230.0000
2757,131230.0000
2758,131230.0000
2759,131230.0000
2760,131230.0000
2761,131230.0000
2762,131230.0000
2763,131230.0000
2764,131230.0000
2765,131230.0000
2766,131230.0000
2767,131230.0000
2768,131230.0000
2769,131230.0000
2770,131230.0000
2771,131230.0000
2772,131230.0000
2773,131230.0000
2774,131230.0000
2775,131230.0000
2776,131230.0000
2777,131230.0000
2778,131230.0000
2779,131230.0000
2780,131230.0000
2781,131230.0000
2782,131230.0000
2783,131230.0000
2784,131230.0000
2785,131230.0000
2786,131230.0000
2787,131230.0000
2788,131230.0000
2789,131230.0000
2790,131230.0000
2791,131230.0000
2792,131230.0000
2793,131230.0000
2794,131230.0000
2795,131230.0000
2796,131230.0000
2797,131230.0000
2798,131230.0000
2799,131230.0000
2800,131230.0000
2801,131230.0000
2802,131230.0000
2803,131230.0000
2804,131230.0000
2805,131230.0000
2806,131230.0000
2807,131230.0000
2808,131230.0000
2809,131230.0000
2810,131230.0000
2811,131230.0000
2812,131230.0000
2813,131230.0000
2814,131230.0000
2815,131230.0000
2816,131230.0000
2817,131230.0000
2818,131230.0000
2819,131230.0000
2820,131230.0000
2821,131230.0000
2822,131230.0000
2823,131230.0000
2824,131230.0000
2825,131230.0000
2826,131230.0000
2827,131230.0000
2828,131230.0000
2829,131230.0000
2830,131230.0000
2831,131230.0000
2832,131230.0000
2833,131230.0000
2834,131230.0000
2835,131230.0000
2836,131230.0000
2837,131230.0000
2838,131230.0000
2839,131230.0000
2840,131230.0000
2841,131230.0000
2842,131230.0000
2843,131230.0000
2844,131230.0000
2845,131230.0000
2846,131230.0000
2847,131230.0000
2848,131230.0000
2849,131230.0000
2850,131230.0000
2851,131230.0000
2852,131230.0000
2853,131230.0000
2854,131230.0000
2855,131230.0000
2856,131230.0000
2857,131230.0000
2858,131230.0000
2859,131230.0000
2860,131230.0000
2861,131230.0000
2862,131230.0000
2863,131230.0000
2864,131230.0000
2865,131230.0000
2866,131230.0000
2867,131230.0000
2868,131230.0000
2869,131230.0000
2870,131230.0000
2871,131230.0000
2872,131230.0000
2873,131230.0000
2874,131230.0000
2875,131230.0000
2876,131230.0000
2877,131230.0000
2878,131230.0000
2879,131230.0000
2880,131230.0000
2881,131230.0000
2882,131230.0000
2883,131230.0000
2884,131230.0000
2885,131230.0000
2886,131230.0000
2887,131230.0000
2888,131230.0000
2889,131230.0000
2890,131230.0000
2891,131230.0000
2892,131230.0000
2893,131230.0000
2894,131230.0000
2895,131230.0000
2896,131230.0000
2897,131230.0000
2898,131230.0000
2899,131230.0000
2900,131230.0000
2901,131230.0000
2902,131230.0000
2903,131230.0000
2904,131230.0000
2905,131230.0000
2906,131230.0000
2907,131230.0000
2908,131230.0000
2909,131230.0000
2910,131230.0000
2911,131230.0000
2912,131230.0000
2913,131230.0000
2914,131230.0000
2915,131230.0000
2916,131230.0000
2917,131230.0000
2918,131230.0000
2919,131230.0000
2920,131230.0000
2921,131230.0000
2922,131230.0000
2923,131230.0000
2924,131230.0000
2925,131230.0000
2926,131230.0000
2927,131230.0000
2928,131230.0000
2929,131230.0000
2930,131230.0000
2931,131230.0000
2932,131230.0000
2933,131230.0000
2934,131230.0000
2935,131230.0000
2936,131230.0000
2937,131230.0000
2938,131230.0000
2939,131230.0000
2940,131230.0000
2941,131230.0000
2942,131230.0000
2943,131230.0000
2944,131230.0000
2945,131230.0000
2946,131230.0000
2947,131230.0000
2948,131230.0000
2949,131230.0000
2950,131230.0000
2951,131230.0000
2952,131230.0000
2953,131230.0000
2954,131230.0000
2955,131230.0000
2956,131230.0000
2957,131230.0000
2958,131230.0000
2959,131230.0000
2960,131230.0000
2961,131230.0000
2962,131230.0000
2963,131230.0000
2964,131230.0000
2965,131230.0000
2966,131230.0000
2967,131230.0000
2968,131230.0000
2969,131230.0000
2970,131230.0000
2971,131230.0000
2972,131230.0000
2973,131230.0000
2974,131230.0000
2975,131230.0000
2976,131230.0000
2977,131230.0000
2978,131230.0000
2979,131230.0000
2980,131230.0000
2981,131230.0000
2982,131230.0000
2983,131230.0000
2984,131230.0000
2985,131230.0000
2986,131230.0000
2987,131230.0000
2988,131230.0000
2989,131230.0000
2990,131230.0000
2991,131230.0000
2992,131230.0000
2993,131230.0000
2994,131230.0000
2995,131230.0000
2996,131230.0000
2997,131230.0000
2998,131230.0000
2999,131230.0000
3000,131230.0000
3001,131230.0000
3002,131230.0000
3003,131230.0000
3004,131230.0000
3005,131230.0000
3006,131230.0000
3007,131230.0000
3008,131230.0000
3009,131230.0000
3010,131230.0000
3011,131230.0000
3012,131230.0000
3013,131230.0000
3014,131230.0000
3015,131230.0000
3016,131230.0000
3017,131230.0000
3018,131230.0000
3019,131230.0000
3020,131230.0000
3021,131230.0000
3022,131230.0000
3023,131230.0000
3024,131230.0000
3025,131230.0000
3026,131230.0000
3027,131230.0000
3028,131230.0000
3029,131230.0000
3030,131230.0000
3031,131230.0000
3032,131230.0000
3033,131230.0000
3034,131230.0000
3035,131230.0000
3036,131230.0000
3037,131230.0000
3038,131230.0000
3039,131230.0000
3040,131230.0000
3041,131230.0000
3042,131230.0000
3043,131230.0000
3044,131230.0000
3045,131230.0000
3046,131230.0000
3047,131230.0000
3048,131230.0000
3049,131230.0000
3050,131230.0000
3051,131230.0000
3052,131230.0000
3053,131230.0000
3054,131230.0000
3055,131230.0000
3056,131230.0000
3057,131230.0000
3058,131230.0000
3059,131230.0000
3060,131230.0000
3061,131230.0000
3062,131230.0000
3063,131230.0000
3064,131230.0000
3065,131230.0000
3066,131230.0000
3067,131230.0000
3068,131230.0000
3069,131230.0000
3070,131230.0000
3071,131230.0000
3072,131230.0000
3073,131230.0000
3074,131230.0000
3075,131230.0000
3076,131230.0000
3077,131230.0000
3078,131230.0000
3079,131230.0000
3080,131230.0000
3081,131230.0000
3082,131230.0000
3083,131230.0000
3084,131230.0000
3085,131230.0000
3086,131230.0000
3087,131230.0000
3088,131230.0000
3089,131230.0000
3090,131230.0000
3091,131230.0000
3092,131230.0000
3093,131230.0000
3094,131230.0000
3095,131230.0000
3096,131230.0000
3097,131230.0000
3098,131230.0000
3099,131230.0000
3100,131230.0000
3101,131230.0000
3102,131230.0000
3103,131230.0000
3104,131230.0000
3105,131230.0000
3106,131230.0000
3107,131230.0000
3108,131230.0000
3109,131230.0000
3110,131230.0000
3111,131230.0000
3112,131230.0000
3113,131230.0000
3114,131230.0000
3115,131230.0000
3116,131230.0000
3117,131230.0000
3118,131230.0000
3119,131230.0000
3120,131230.0000
3121,131230.0000
3122,131230.0000
3123,131230.0000
3124,131230.0000
3125,131230.0000
3126,131230.0000
3127,131230.0000
3128,131230.0000
3129,131230.0000
3130,131230.0000
3131,131230.0000
3132,131230.0000
3133,131230.0000
3134,131230.0000
3135,131230.0000
3136,131230.0000
3137,131230.0000
3138,131230.0000
3139,131230.0000
3140,131230.0000
3141,131230.0000
3142,131230.0000
3143,131230.0000
3144,131230.0000
3145,131230.0000
3146,131230.0000
3147,131230.0000
3148,131230.0000
3149,131230.0000
3150,131230.0000
3151,131230.0000
3152,131230.0000
3153,131230.0000
3154,131230.0000
3155,131230.0000
3156,131230.0000
3157,131230.0000
3158,131230.0000
3159,131230.0000
3160,131230.0000
3161,131230.0000
3162,131230.0000
3163,131230.0000
3164,131230.0000
3165,131230.0000
3166,131230.0000
3167,131230.0000
3168,131230.0000
3169,131230.0000
3170,131230.0000
3171,131230.0000
3172,131230.0000
3173,131230.0000
3174,131230.0000
3175,131230.0000
3176,131230.0000
3177,131230.0000
3178,131230.0000
3179,131230.0000
3180,131230.0000
3181,131230.0000
3182,131230.0000
3183,131230.0000
3184,131230.0000
3185,131230.0000
3186,131230.0000
3187,131230.0000
3188,131230.0000
3189,131230.0000
3190,131230.0000
3191,131230.0000
3192,131230.0000
3193,131230.0000
3194,131230.0000
3195,131230.0000
3196,131230.0000
3197,131230.0000
3198,131230.0000
3199,131230.0000
3200,131230.0000
3201,131230.0000
3202,131230.0000
3203,131230.0000
3204,131230.0000
3205,131230.0000
3206,131230.0000
3207,131230.0000
3208,131230.0000
3209,131230.0000
3210,131230.0000
3211,131230.0000
3212,131230.0000
3213,131230.0000
3214,131230.0000
3215,131230.0000
3216,131230.0000
3217,131230.0000
3218,131230.0000
3219,131230.0000
3220,131230.0000
3221,131230.0000
3222,131230.0000
3223,131230.0000
3224,131230.0000
3225,131230.0000
3226,131230.0000
3227,131230.0000
3228,131230.0000
3229,131230.0000
3230,131230.0000
3231,131230.0000
3232,131230.0000
3233,131230.0000
3234,131230.0000
3235,131230.0000
3236,131230.0000
3237,131230.0000
3238,131230.0000
3239,131230.0000
3240,131230.0000
3241,131230.0000
3242,131230.0000
3243,131230.0000
3244,131230.0000
3245,131230.0000
3246,131230.0000
3247,131230.0000
3248,131230.0000
3249,131230.0000
3250,131230.0000
3251,131230.0000
3252,131230.0000
3253,131230.0000
3254,131230.0000
3255,131230.0000
3256,131230.0000
3257,131230.0000
3258,131230.0000
3259,131230.0000
3260,131230.0000
3261,131230.0000
3262,131230.0000
3263,131230.0000
3264,131230.0000
3265,131230.0000
3266,131230.0000
3267,131230.0000
3268,131230.0000
3269,131230.0000
3270,131230.0000
3271,131230.0000
3272,131230.0000
3273,131230.0000
3274,131230.0000
3275,131230.0000
3276,131230.0000
3277,131230.0000
3278,131230.0000
3279,131230.0000
3280,131230.0000
3281,131230.0000
3282,131230.0000
3283,131230.0000
3284,131230.0000
3285,131230.0000
3286,131230.0000
3287,131230.0000
3288,131230.0000
3289,131230.0000
3290,131230.0000
3291,131230.0000
3292,131230.0000
3293,131230.0000
3294,131230.0000
3295,131230.0000
3296,131230.0000
3297,131230.0000
3298,131230.0000
3299,131230.0000
3300,131230.0000
3301,131230.0000
3302,131230.0000
3303,131230.0000
3304,131230.0000
3305,131230.0000
3306,131230.0000
3307,131230.0000
3308,131230.0000
3309,131230.0000
3310,131230.0000
3311,131230.0000
3312,131230.0000
3313,131230.0000
3314,131230.0000
3315,131230.0000
3316,131230.0000
3317,131230.0000
3318,131230.0000
3319,131230.0000
3320,131230.0000
3321,131230.0000
3322,131230.0000
3323,131230.0000
3324,131230.0000
3325,131230.0000
3326,131230.0000
3327,131230.0000
3328,131230.0000
3329,131230.0000
3330,131230.0000
3331,131230.0000
3332,131230.0000
3333,131230.0000
3334,131230.0000
3335,131230.0000
3336,131230.0000
3337,131230.0000
3338,131230.0000
3339,131230.0000
3340,131230.0000
3341,131230.0000
3342,131230.0000
3343,131230.0000
3344,131230.0000
3345,131230.0000
3346,131230.0000
3347,131230.0000
3348,131230.0000
3349,131230.0000
3350,131230.0000
3351,131230.0000
3352,131230.0000
3353,131230.0000
3354,131230.0000
3355,131230.0000
3356,131230.0000
3357,131230.0000
3358,131230.0000
3359,131230.0000
3360,131230.0000
3361,131230.0000
3362,131230.0000
3363,131230.0000
3364,131230.0000
3365,131230.0000
3366,131230.0000
3367,131230.0000
3368,131230.0000
3369,131230.0000
3370,131230.0000
3371,131230.0000
3372,131230.0000
3373,131230.0000
3374,131230.0000
3375,131230.0000
3376,131230.0000
3377,131230.0000
3378,131230.0000
3379,131230.0000
3380,131230.0000
3381,131230.0000
3382,131230.0000
3383,131230.0000
3384,131230.0000
3385,131230.0000
3386,131230.0000
3387,131230.0000
3388,131230.0000
3389,131230.0000
3390,131230.0000
3391,131230.0000
3392,131230.0000
3393,131230.0000
3394,131230.0000
3395,131230.0000
3396,131230.0000
3397,131230.0000
3398,131230.0000
3399,131230.0000
3400,131230.0000
3401,131230.0000
3402,131230.0000
3403,131230.0000
3404,131230.0000
3405,131230.0000
3406,131230.0000
3407,131230.0000
3408,131230.0000
3409,131230.0000
3410,131230.0000
3411,131230.0000
3412,131230.0000
3413,131230.0000
3414,131230.0000
3415,131230.0000
3416,131230.0000
3417,131230.0000
3418,131230.0000
3419,131230.0000
3420,131230.0000
3421,131230.0000
3422,131230.0000
3423,131230.0000
3424,131230.0000
3425,131230.0000
3426,131230.0000
3427,131230.0000
3428,131230.0000
3429,131230.0000
3430,131230.0000
3431,131230.0000
3432,131230.0000
3433,131230.0000
3434,131230.0000
3435,131230.0000
3436,131230.0000
3437,131230.0000
3438,131230.0000
3439,131230.0000
3440,131230.0000
3441,131230.0000
3442,131230.0000
3443,131230.0000
3444,131230.0000
3445,131230.0000
3446,131230.0000
3447,131230.0000
3448,131230.0000
3449,131230.0000
3450,131230.0000
3451,131230.0000
3452,131230.0000
3453,131230.0000
3454,131230.0000
3455,131230.0000
3456,131230.0000
3457,131230.0000
3458,131230.0000
3459,131230.0000
3460,131230.0000
3461,131230.0000
3462,131230.0000
3463,131230.0000
3464,131230.0000
3465,131230.0000
3466,131230.0000
3467,131230.0000
3468,131230.0000
3469,131230.0000
3470,131230.0000
3471,131230.0000
3472,131230.0000
3473,131230.0000
3474,131230.0000
3475,131230.0000
3476,131230.0000
3477,131230.0000
3478,131230.0000
3479,131230.0000
3480,131230.0000
3481,131230.0000
3482,131230.0000
3483,131230.0000
3484,131230.0000
3485,131230.0000
3486,131230.0000
3487,131230.0000
3488,131230.0000
3489,131230.0000
3490,131230.0000
3491,131230.0000
3492,131230.0000
3493,131230.0000
3494,131230.0000
3495,131230.0000
3496,131230.0000
3497,131230.0000
3498,131230.0000
3499,131230.0000
3500,131230.0000
3501,131230.0000
3502,131230.0000
3503,131230.0000
3504,131230.0000
3505,131230.0000
3506,131230.0000
3507,131230.0000
3508,131230.0000
3509,131230.0000
3510,131230.0000
3511,131230.0000
3512,131230.0000
3513,131230.0000
3514,131230.0000
3515,131230.0000
3516,131230.0000
3517,131230.0000
3518,131230.0000
3519,131230.0000
3520,131230.0000
3521,131230.0000
3522,131230.0000
3523,131230.0000
3524,131230.0000
3525,131230.0000
3526,131230.0000
3527,131230.0000
3528,131230.0000
3529,131230.0000
3530,131230.0000
3531,131230.0000
3532,131230.0000
3533,131230.0000
3534,131230.0000
3535,131230.0000
3536,131230.0000
3537,131230.0000
3538,131230.0000
3539,131230.0000
3540,131230.0000
3541,131230.0000
3542,131230.0000
3543,131230.0000
3544,131230.0000
3545,131230.0000
3546,131230.0000
3547,131230.0000
3548,131230.0000
3549,131230.0000
3550,131230.0000
3551,131230.0000
3552,131230.0000
3553,131230.0000
3554,131230.0000
3555,131230.0000
3556,131230.0000
3557,131230.0000
3558,131230.0000
3559,131230.0000
3560,131230.0000
3561,131230.0000
3562,131230.0000
3563,131230.0000
3564,131230.0000
3565,131230.0000
3566,131230.0000
3567,131230.0000
3568,131230.0000
3569,131230.0000
3570,131230.0000
3571,131230.0000
3572,131230.0000
3573,131230.0000
3574,131230.0000
3575,131230.0000
3576,131230.0000
3577,131230.0000
3578,131230.0000
3579,131230.0000
3580,131230.0000
3581,131230.0000
3582,131230.0000
3583,131230.0000
3584,131230.0000
3585,131230.0000
3586,131230.0000
3587,131230.0000
3588,131230.0000
3589,131230.0000
3590,131230.0000
3591,131230.0000
3592,131230.0000
3593,131230.0000
3594,131230.0000
3595,131230.0000
3596,131230.0000
3597,131230.0000
3598,131230.0000
3599,131230.0000
3600,131230.0000
3601,131230.0000
3602,131230.0000
3603,131230.0000
3604,131230.0000
3605,131230.0000
3606,131230.0000
3607,131230.0000
3608,131230.0000
3609,131230.0000
3610,131230.0000
3611,131230.0000
3612,131230.0000
3613,131230.0000
3614,131230.0000
3615,131230.0000
3616,131230.0000
3617,131230.0000
3618,131230.0000
3619,131230.0000
3620,131230.0000
3621,131230.0000
3622,131230.0000
3623,131230.0000
3624,131230.0000
3625,131230.0000
3626,131230.0000
3627,131230.0000
3628,131230.0000
3629,131230.0000
3630,131230.0000
3631,131230.0000
3632,131230.0000
3633,131230.0000
3634,131230.0000
3635,131230.0000
3636,131230.0000
3637,131230.0000
3638,131230.0000
3639,131230.0000
3640,131230.0000
3641,131230.0000
3642,131230.0000
3643,131230.0000
3644,131230.0000
3645,131230.0000
3646,131230.0000
3647,131230.0000
3648,131230.0000
3649,131230.0000
3650,131230.0000
3651,131230.0000
3652,131230.0000
3653,131230.0000
3654,131230.0000
3655,131230.0000
3656,131230.0000
3657,131230.0000
3658,131230.0000
3659,131230.0000
3660,131230.0000
3661,131230.0000
3662,131230.0000
3663,131230.0000
3664,131230.0000
3665,131230.0000
3666,131230.0000
3667,131230.0000
3668,131230.0000
3669,131230.0000
3670,131230.0000
3671,131230.0000
3672,131230.0000
3673,131230.0000
3674,131230.0000
3675,131230.0000
3676,131230.0000
3677,131230.0000
3678,131230.0000
3679,131230.0000
3680,131230.0000
3681,131230.0000
3682,131230.0000
3683,131230.0000
3684,131230.0000
3685,131230.0000
3686,131230.0000
3687,131230.0000
3688,131230.0000
3689,131230.0000
3690,131230.0000
3691,131230.0000
3692,131230.0000
3693,131230.0000
3694,131230.0000
3695,131230.0000
3696,131230.0000
3697,131230.0000
3698,131230.0000
3699,131230.0000
3700,131230.0000
3701,131230.0000
3702,131230.0000
3703,131230.0000
3704,131230.0000
3705,131230.0000
3706,131230.0000
3707,131230.0000
3708,131230.0000
3709,131230.0000
3710,131230.0000
3711,131230.0000
3712,131230.0000
3713,131230.0000
3714,131230.0000
3715,131230.0000
3716,131230.0000
3717,131230.0000
3718,131230.0000
3719,131230.0000
3720,131230.0000
3721,131230.0000
3722,131230.0000
3723,131230.0000
3724,131230.0000
3725,131230.0000
3726,131230.0000
3727,131230.0000
3728,131230.0000
3729,131230.0000
3730,131230.0000
3731,131230.0000
3732,131230.0000
3733,131230.0000
3734,131230.0000
3735,131230.0000
3736,131230.0000
3737,131230.0000
3738,131230.0000
3739,131230.0000
3740,131230.0000
3741,131230.0000
3742,131230.0000
3743,131230.0000
3744,131230.0000
3745,131230.0000
3746,131230.0000
3747,131230.0000
3748,131230.0000
3749,131230.0000
3750,131230.0000
3751,131230.0000
3752,131230.0000
3753,131230.0000
3754,131230.0000
3755,131230.0000
3756,131230.0000
3757,131230.0000
3758,131230.0000
3759,131230.0000
3760,131230.0000
3761,131230.0000
3762,131230.0000
3763,131230.0000
3764,131230.0000
3765,131230.0000
3766,131230.0000
3767,131230.0000
3768,131230.0000
3769,131230.0000
3770,131230.0000
3771,131230.0000
3772,131230.0000
3773,131230.0000
3774,131230.0000
3775,131230.0000
3776,131230.0000
3777,131230.0000
3778,131230.0000
3779,131230.0000
3780,131230.0000
3781,131230.0000
3782,131230.0000
3783,131230.0000
3784,131230.0000
3785,131230.0000
3786,131230.0000
3787,131230.0000
3788,131230.0000
3789,131230.0000
3790,131230.0000
3791,131230.0000
3792,131230.0000
3793,131230.0000
3794,131230.0000
3795,131230.0000
3796,131230.0000
3797,131230.0000
3798,131230.0000
3799,131230.0000
3800,131230.0000
3801,131230.0000
3802,131230.0000
3803,131230.0000
3804,131230.0000
3805,131230.0000
3806,131230.0000
3807,131230.0000
3808,131230.0000
3809,131230.0000
3810,131230.0000
3811,131230.0000
3812,131230.0000
3813,131230.0000
3814,131230.0000
3815,131230.0000
3816,131230.0000
3817,131230.0000
3818,131230.0000
3819,131230.0000
3820,131230.0000
3821,131230.0000
3822,131230.0000
3823,131230.0000
3824,131230.0000
3825,131230.0000
3826,131230.0000
3827,131230.0000
3828,131230.0000
3829,131230.0000
3830,131230.0000
3831,131230.0000
3832,131230.0000
3833,131230.0000
3834,131230.0000
3835,131230.0000
3836,131230.0000
3837,131230.0000
3838,131230.0000
3839,131230.0000
3840,131230.0000
3841,131230.0000
3842,131230.0000
3843,131230.0000
3844,131230.0000
3845,131230.0000
3846,131230.0000
3847,131230.0000
3848,131230.0000
3849,131230.0000
3850,131230.0000
3851,131230.0000
3852,131230.0000
3853,131230.0000
3854,131230.0000
3855,131230.0000
3856,131230.0000
3857,131230.0000
3858,131230.0000
3859,131230.0000
3860,131230.0000
3861,131230.0000
3862,131230.0000
3863,131230.0000
3864,131230.0000
3865,131230.0000
3866,131230.0000
3867,131230.0000
3868,131230.0000
3869,131230.0000
3870,131230.0000
3871,131230.0000
3872,131230.0000
3873,131230.0000
3874,131230.0000
3875,131230.0000
3876,131230.0000
3877,131230.0000
3878,131230.0000
3879,131230.0000
3880,131230.0000
3881,131230.0000
3882,131230.0000
3883,131230.0000
3884,131230.0000
3885,131230.0000
3886,131230.0000
3887,131230.0000
3888,131230.0000
3889,131230.0000
3890,131230.0000
3891,131230.0000
3892,131230.0000
3893,131230.0000
3894,131230.0000
3895,131230.0000
3896,131230.0000
3897,131230.0000
3898,131230.0000
3899,131230.0000
3900,131230.0000
3901,131230.0000
3902,131230.0000
3903,131230.0000
3904,131230.0000
3905,131230.0000
3906,131230.0000
3907,131230.0000
3908,131230.0000
3909,131230.0000
3910,131230.0000
3911,131230.0000
3912,131230.0000
3913,131230.0000
3914,131230.0000
3915,131230.0000
3916,131230.0000
3917,131230.0000
3918,131230.0000
3919,131230.0000
3920,131230.0000
3921,131230.0000
3922,131230.0000
3923,131230.0000
3924,131230.0000
3925,131230.0000
3926,131230.0000
3927,131230.0000
3928,131230.0000
3929,131230.0000
3930,131230.0000
3931,131230.0000
3932,131230.0000
3933,131230.0000
3934,131230.0000
3935,131230.0000
3936,131230.0000
3937,131230.0000
3938,131230.0000
3939,131230.0000
3940,131230.0000
3941,131230.0000
3942,131230.0000
3943,131230.0000
3944,131230.0000
3945,131230.0000
3946,131230.0000
3947,131230.0000
3948,131230.0000
3949,131230.0000
3950,131230.0000
3951,131230.0000
3952,131230.0000
3953,131230.0000
3954,131230.0000
3955,131230.0000
3956,131230.0000
3957,131230.0000
3958,131230.0000
3959,131230.0000
3960,131230.0000
3961,131230.0000
3962,131230.0000
3963,131230.0000
3964,131230.0000
3965,131230.0000
3966,131230.0000
3967,131230.0000
3968,131230.0000
3969,131230.0000
3970,131230.0000
3971,131230.0000
3972,131230.0000
3973,131230.0000
3974,131230.0000
3975,131230.0000
3976,131230.0000
3977,131230.0000
3978,131230.0000
3979,131230.0000
3980,131230.0000
3981,131230.0000
3982,131230.0000
3983,131230.0000
3984,131230.0000
3985,131230.0000
3986,131230.0000
3987,131230.0000
3988,131230.0000
3989,131230.0000
3990,131230.0000
3991,131230.0000
3992,131230.0000
3993,131230.0000
3994,131230.0000
3995,131230.0000
3996,131230.0000
3997,131230.0000
3998,131230.0000
3999,131230.0000
4000,131230.0000
4001,131230.0000
4002,131230.0000
4003,131230.0000
4004,131230.0000
4005,131230.0000
4006,131230.0000
4007,131230.0000
4008,131230.0000
4009,131230.0000
4010,131230.0000
4011,131230.0000
4012,131230.0000
4013,131230.0000
4014,131230.0000
4015,131230.0000
4016,131230.0000
4017,131230.0000
4018,131230.0000
4019,131230.0000
4020,131230.0000
4021,131230.0000
4022,131230.0000
4023,131230.0000
4024,131230.0000
4025,131230.0000
4026,131230.0000
4027,131230.0000
4028,131230.0000
4029,131230.0000
4030,131230.0000
4031,131230.0000
4032,131230.0000
4033,131230.0000
4034,131230.0000
4035,131230.0000
4036,131230.0000
4037,131230.0000
4038,131230.0000
4039,131230.0000
4040,131230.0000
4041,131230.0000
4042,131230.0000
4043,131230.0000
4044,131230.0000
4045,131230.0000
4046,131230.0000
4047,131230.0000
4048,131230.0000
4049,131230.0000
4050,131230.0000
4051,131230.0000
4052,131230.0000
4053,131230.0000
4054,131230.0000
4055,131230.0000
4056,131230.0000
4057,131230.0000
4058,131230.0000
4059,131230.0000
4060,131230.0000
4061,131230.0000
4062,131230.0000
4063,131230.0000
4064,131230.0000
4065,131230.0000
4066,131230.0000
4067,131230.0000
4068,131230.0000
4069,131230.0000
4070,131230.0000
4071,131230.0000
4072,131230.0000
4073,131230.0000
4074,131230.0000
4075,131230.0000
4076,131230.0000
4077,131230.0000
4078,131230.0000
4079,131230.0000
4080,131230.0000
4081,131230.0000
4082,131230.0000
4083,131230.0000
4084,131230.0000
4085,131230.0000
4086,131230.0000
4087,131230.0000
4088,131230.0000
4089,131230.0000
4090,131230.0000
4091,131230.0000
4092,131230.0000
4093,131230.0000
4094,131230.0000
4095,131230.0000
4096,131230.0000
4097,131230.0000
4098,131230.0000
4099,131230.0000
4100,131230.0000
4101,131230.0000
4102,131230.0000
4103,131230.0000
4104,131230.0000
4105,131230.0000
4106,131230.0000
4107,131230.0000
4108,131230.0000
4109,131230.0000
4110,131230.0000
4111,131230.0000
4112,131230.0000
4113,131230.0000
4114,131230.0000
4115,131230.0000
4116,131230.0000
4117,131230.0000
4118,131230.0000
4119,131230.0000
4120,131230.0000
4121,131230.0000
4122,131230.0000
4123,131230.0000
4124,131230.0000
4125,131230.0000
4126,131230.0000
4127,131230.0000
4128,131230.0000
4129,131230.0000
4130,131230.0000
4131,131230.0000
4132,131230.0000
4133,131230.0000
4134,131230.0000
4135,131230.0000
4136,131230.0000
4137,131230.0000
4138,131230.0000
4139,131230.0000
4140,131230.0000
4141,131230.0000
4142,131230.0000
4143,131230.0000
4144,131230.0000
4145,131230.0000
4146,131230.0000
4147,131230.0000
4148,131230.0000
4149,131230.0000
4150,131230.0000
4151,131230.0000
4152,131230.0000
4153,131230.0000
4154,131230.0000
4155,131230.0000
4156,131230.0000
4157,131230.0000
4158,131230.0000
4159,131230.0000
4160,131230.0000
4161,131230.0000
4162,131230.0000
4163,131230.0000
4164,131230.0000
4165,131230.0000
4166,131230.0000
4167,131230.0000
4168,131230.0000
4169,131230.0000
4170,131230.0000
4171,131230.0000
4172,131230.0000
4173,131230.0000
4174,131230.0000
4175,131230.0000
4176,131230.0000
4177,131230.0000
4178,131230.0000
4179,131230.0000
4180,131230.0000
4181,131230.0000
4182,131230.0000
4183,131230.0000
4184,131230.0000
4185,131230.0000
4186,131230.0000
4187,131230.0000
4188,131230.0000
4189,131230.0000
4190,131230.0000
4191,131230.0000
4192,131230.0000
4193,131230.0000
4194,131230.0000
4195,131230.0000
4196,131230.0000
4197,131230.0000
4198,131230.0000
4199,131230.0000
4200,131230.0000
4201,131230.0000
4202,131230.0000
4203,131230.0000
4204,131230.0000
4205,131230.0000
4206,131230.0000
4207,131230.0000
4208,131230.0000
4209,131230.0000
4210,131230.0000
4211,131230.0000
4212,131230.0000
4213,131230.0000
4214,131230.0000
4215,131230.0000
4216,131230.0000
4217,131230.0000
4218,131230.0000
4219,131230.0000
4220,131230.0000
4221,131230.0000
4222,131230.0000
4223,131230.0000
4224,131230.0000
4225,131230.0000
4226,131230.0000
4227,131230.0000
4228,131230.0000
4229,131230.0000
4230,131230.0000
4231,131230.0000
4232,131230.0000
4233,131230.0000
4234,131230.0000
4235,131230.0000
4236,131230.0000
4237,131230.0000
4238,131230.0000
4239,131230.0000
4240,131230.0000
4241,131230.0000
4242,131230.0000
4243,131230.0000
4244,131230.0000
4245,131230.0000
4246,131230.0000
4247,131230.0000
4248,131230.0000
4249,131230.0000
4250,131230.0000
4251,131230.0000
4252,131230.0000
4253,131230.0000
4254,131230.0000
4255,131230.0000
4256,131230.0000
4257,131230.0000
4258,131230.0000
4259,131230.0000
4260,131230.0000
4261,131230.0000
4262,131230.0000
4263,131230.0000
4264,131230.0000
4265,131230.0000
4266,131230.0000
4267,131230.0000
4268,131230.0000
4269,131230.0000
4270,131230.0000
4271,131230.0000
4272,131230.0000
4273,131230.0000
4274,131230.0000
4275,131230.0000
4276,131230.0000
4277,131230.0000
4278,131230.0000
4279,131230.0000
4280,131230.0000
4281,131230.0000
4282,131230.0000
4283,131230.0000
4284,131230.0000
4285,131230.0000
4286,131230.0000
4287,131230.0000
4288,131230.0000
4289,131230.0000
4290,131230.0000
4291,131230.0000
4292,131230.0000
4293,131230.0000
4294,131230.0000
4295,131230.0000
4296,131230.0000
4297,131230.0000
4298,131230.0000
4299,131230.0000
4300,131230.0000
4301,131230.0000
4302,131230.0000
4303,131230.0000
4304,131230.0000
4305,131230.0000
4306,131230.0000
4307,131230.0000
4308,131230.0000
4309,131230.0000
4310,131230.0000
4311,131230.0000
4312,131230.0000
4313,131230.0000
4314,131230.0000
4315,131230.0000
4316,131230.0000
4317,131230.0000
4318,131230.0000
4319,131230.0000
4320,131230.0000
4321,131230.0000
4322,131230.0000
4323,131230.0000
4324,131230.0000
4325,131230.0000
4326,131230.0000
4327,131230.0000
4328,131230.0000
4329,131230.0000
4330,131230.0000
4331,131230.0000
4332,131230.0000
4333,131230.0000
4334,131230.0000
4335,131230.0000
4336,131230.0000
4337,131230.0000
4338,131230.0000
4339,131230.0000
4340,131230.0000
4341,131230.0000
4342,131230.0000
4343,131230.0000
4344,131230.0000
4345,131230.0000
4346,131230.0000
4347,131230.0000
4348,131230.0000
4349,131230.0000
4350,131230.0000
4351,131230.0000
4352,131230.0000
4353,131230.0000
4354,131230.0000
4355,131230.0000
4356,131230.0000
4357,131230.0000
4358,131230.0000
4359,131230.0000
4360,131230.0000
4361,131230.0000
4362,131230.0000
4363,131230.0000
4364,131230.0000
4365,131230.0000
4366,131230.0000
4367,131230.0000
4368,131230.0000
4369,131230.0000
4370,131230.0000
4371,131230.0000
4372,131230.0000
4373,131230.0000
4374,131230.0000
4375,131230.0000
4376,131230.0000
4377,131230.0000
4378,131230.0000
4379,131230.0000
4380,131230.0000
4381,131230.0000
4382,131230.0000
4383,131230.0000
4384,131230.0000
4385,131230.0000
4386,131230.0000
4387,131230.0000
4388,131230.0000
4389,131230.0000
4390,131230.0000
4391,131230.0000
4392,131230.0000
4393,131230.0000
4394,131230.0000
4395,131230.0000
4396,131230.0000
4397,131230.0000
4398,131230.0000
4399,131230.0000
4400,131230.0000
4401,131230.0000
4402,131230.0000
4403,131230.0000
4404,131230.0000
4405,131230.0000
4406,131230.0000
4407,131230.0000
4408,131230.0000
4409,131230.0000
4410,131230.0000
4411,131230.0000
4412,131230.0000
4413,131230.0000
4414,131230.0000
4415,131230.0000
4416,131230.0000
4417,131230.0000
4418,131230.0000
4419,131230.0000
4420,131230.0000
4421,131230.0000
4422,131230.0000
4423,131230.0000
4424,131230.0000
4425,131230.0000
4426,131230.0000
4427,131230.0000
4428,131230.0000
4429,131230.0000
4430,131230.0000
4431,131230.0000
4432,131230.0000
4433,131230.0000
4434,131230.0000
4435,131230.0000
4436,131230.0000
4437,131230.0000
4438,131230.0000
4439,131230.0000
4440,131230.0000
4441,131230.0000
4442,131230.0000
4443,131230.0000
4444,131230.0000
4445,131230.0000
4446,131230.0000
4447,131230.0000
4448,131230.0000
4449,131230.0000
4450,131230.0000
4451,131230.0000
4452,131230.0000
4453,131230.0000
4454,131230.0000
4455,131230.0000
4456,131230.0000
4457,131230.0000
4458,131230.0000
4459,131230.0000
4460,131230.0000
4461,131230.0000
4462,131230.0000
4463,131230.0000
4464,131230.0000
4465,131230.0000
4466,131230.0000
4467,131230.0000
4468,131230.0000
4469,131230.0000
4470,131230.0000
4471,131230.0000
4472,131230.0000
4473,131230.0000
4474,131230.0000
4475,131230.0000
4476,131230.0000
4477,131230.0000
4478,131230.0000
4479,131230.0000
4480,131230.0000
4481,131230.0000
4482,131230.0000
4483,131230.0000
4484,131230.0000
4485,131230.0000
4486,131230.0000
4487,131230.0000
4488,131230.0000
4489,131230.0000
4490,131230.0000
4491,131230.0000
4492,131230.0000
4493,131230.0000
4494,131230.0000
4495,131230.0000
4496,131230.0000
4497,131230.0000
4498,131230.0000
4499,131230.0000
4500,131230.0000
4501,131230.0000
4502,131230.0000
4503,131230.0000
4504,131230.0000
4505,131230.0000
4506,131230.0000
4507,131230.0000
4508,131230.0000
4509,131230.0000
4510,131230.0000
4511,131230.0000
4512,131230.0000
4513,131230.0000
4514,131230.0000
4515,131230.0000
4516,131230.0000
4517,131230.0000
4518,131230.0000
4519,131230.0000
4520,131230.0000
4521,131230.0000
4522,131230.0000
4523,131230.0000
4524,131230.0000
4525,131230.0000
4526,131230.0000
4527,131230.0000
4528,131230.0000
4529,131230.0000
4530,131230.0000
4531,131230.0000
4532,131230.0000
4533,131230.0000
4534,131230.0000
4535,131230.0000
4536,131230.0000
4537,131230.0000
4538,131230.0000
4539,131230.0000
4540,131230.0000
4541,131230.0000
4542,131230.0000
4543,131230.0000
4544,131230.0000
4545,131230.0000
4546,131230.0000
4547,131230.0000
4548,131230.0000
4549,131230.0000
4550,131230.0000
4551,131230.0000
4552,131230.0000
4553,131230.0000
4554,131230.0000
4555,131230.0000
4556,131230.0000
4557,131230.0000
4558,131230.0000
4559,131230.0000
4560,131230.0000
4561,131230.0000
4562,131230.0000
4563,131230.0000
4564,131230.0000
4565,131230.0000
4566,131230.0000
4567,131230.0000
4568,131230.0000
4569,131230.0000
4570,131230.0000
4571,131230.0000
4572,131230.0000
4573,131230.0000
4574,131230.0000
4575,131230.0000
4576,131230.0000
4577,131230.0000
4578,131230.0000
4579,131230.0000
4580,131230.0000
4581,131230.0000
4582,131230.0000
4583,131230.0000
4584,131230.0000
4585,131230.0000
4586,131230.0000
4587,131230.0000
4588,131230.0000
4589,131230.0000
4590,131230.0000
4591,131230.0000
4592,131230.0000
4593,131230.0000
4594,131230.0000
4595,131230.0000
4596,131230.0000
4597,131230.0000
4598,131230.0000
4599,131230.0000
4600,131230.0000
4601,131230.0000
4602,131230.0000
4603,131230.0000
4604,131230.0000
4605,131230.0000
4606,131230.0000
4607,131230.0000
4608,131230.0000
4609,131230.0000
4610,131230.0000
4611,131230.0000
4612,131230.0000
4613,131230.0000
4614,131230.0000
4615,131230.0000
4616,131230.0000
4617,131230.0000
4618,131230.0000
4619,131230.0000
4620,131230.0000
4621,131230.0000
4622,131230.0000
4623,131230.0000
4624,131230.0000
4625,131230.0000
4626,131230.0000
4627,131230.0000
4628,131230.0000
4629,131230.0000
4630,131230.0000
4631,131230.0000
4632,131230.0000
4633,131230.0000
4634,131230.0000
4635,131230.0000
4636,131230.0000
4637,131230.0000
4638,131230.0000
4639,131230.0000
4640,131230.0000
4641,131230.0000
4642,131230.0000
4643,131230.0000
4644,131230.0000
4645,131230.0000
4646,131230.0000
4647,131230.0000
4648,131230.0000
4649,131230.0000
4650,131230.0000
4651,131230.0000
4652,131230.0000
4653,131230.0000
4654,131230.0000
4655,131230.0000
4656,131230.0000
4657,131230.0000
4658,131230.0000
4659,131230.0000
4660,131230.0000
4661,131230.0000
4662,131230.0000
4663,131230.0000
4664,131230.0000
4665,131230.0000
4666,131230.0000
4667,131230.0000
4668,131230.0000
4669,131230.0000
4670,131230.0000
4671,131230.0000
4672,131230.0000
4673,131230.0000
4674,131230.0000
4675,131230.0000
4676,131230.0000
4677,131230.0000
4678,131230.0000
4679,131230.0000
4680,131230.0000
4681,131230.0000
4682,131230.0000
4683,131230.0000
4684,131230.0000
4685,131230.0000
4686,131230.0000
4687,131230.0000
4688,131230.0000
4689,131230.0000
4690,131230.0000
4691,131230.0000
4692,131230.0000
4693,131230.0000
4694,131230.0000
4695,131230.0000
4696,131230.0000
4697,131230.0000
4698,131230.0000
4699,131230.0000
4700,131230.0000
4701,131230.0000
4702,131230.0000
4703,131230.0000
4704,131230.0000
4705,131230.0000
4706,131230.0000
4707,131230.0000
4708,131230.0000
4709,131230.0000
4710,131230.0000
4711,131230.0000
4712,131230.0000
4713,131230.0000
4714,131230.0000
4715,131230.0000
4716,131230.0000
4717,131230.0000
4718,131230.0000
4719,131230.0000
4720,131230.0000
4721,131230.0000
4722,131230.0000
4723,131230.0000
4724,131230.0000
4725,131230.0000
4726,131230.0000
4727,131230.0000
4728,131230.0000
4729,131230.0000
4730,131230.0000
4731,131230.0000
4732,131230.0000
4733,131230.0000
4734,131230.0000
4735,131230.0000
4736,131230.0000
4737,131230.0000
4738,131230.0000
4739,131230.0000
4740,131230.0000
4741,131230.0000
4742,131230.0000
4743,131230.0000
4744,131230.0000
4745,131230.0000
4746,131230.0000
4747,131230.0000
4748,131230.0000
4749,131230.0000
4750,131230.0000
4751,131230.0000
4752,131230.0000
4753,131230.0000
4754,131230.0000
4755,131230.0000
4756,131230.0000
4757,131230.0000
4758,131230.0000
4759,131230.0000
4760,131230.0000
4761,131230.0000
4762,131230.0000
4763,131230.0000
4764,131230.0000
4765,131230.0000
4766,131230.0000
4767,131230.0000
4768,131230.0000
4769,131230.0000
4770,131230.0000
4771,131230.0000
4772,131230.0000
4773,131230.0000
4774,131230.0000
4775,131230.0000
4776,131230.0000
4777,131230.0000
4778,131230.0000
4779,131230.0000
4780,131230.0000
4781,131230.0000
4782,131230.0000
4783,131230.0000
4784,131230.0000
4785,131230.0000
4786,131230.0000
4787,131230.0000
4788,131230.0000
4789,131230.0000
4790,131230.0000
4791,131230.0000
4792,131230.0000
4793,131230.0000
4794,131230.0000
4795,131230.0000
4796,131230.0000
4797,131230.0000
4798,131230.0000
4799,131230.0000
4800,131230.0000
4801,131230.0000
4802,131230.0000
4803,131230.0000
4804,131230.0000
4805,131230.0000
4806,131230.0000
4807,131230.0000
4808,131230.0000
4809,131230.0000
4810,131230.0000
4811,131230.0000
4812,131230.0000
4813,131230.0000
4814,131230.0000
4815,131230.0000
4816,131230.0000
4817,131230.0000
4818,131230.0000
4819,131230.0000
4820,131230.0000
4821,131230.0000
4822,131230.0000
4823,131230.0000
4824,131230.0000
4825,131230.0000
4826,131230.0000
4827,131230.0000
4828,131230.0000
4829,131230.0000
4830,131230.0000
4831,131230.0000
4832,131230.0000
4833,131230.0000
4834,131230.0000
4835,131230.0000
4836,131230.0000
4837,131230.0000
4838,131230.0000
4839,131230.0000
4840,131230.0000
4841,131230.0000
4842,131230.0000
4843,131230.0000
4844,131230.0000
4845,131230.0000
4846,131230.0000
4847,131230.0000
4848,131230.0000
4849,131230.0000
4850,131230.0000
4851,131230.0000
4852,131230.0000
4853,131230.0000
4854,131230.0000
4855,131230.0000
4856,131230.0000
4857,131230.0000
4858,131230.0000
4859,131230.0000
4860,131230.0000
4861,131230.0000
4862,131230.0000
4863,131230.0000
4864,131230.0000
4865,131230.0000
4866,131230.0000
4867,131230.0000
4868,131230.0000
4869,131230.0000
4870,131230.0000
4871,131230.0000
4872,131230.0000
4873,131230.0000
4874,131230.0000
4875,131230.0000
4876,131230.0000
4877,131230.0000
4878,131230.0000
4879,131230.0000
4880,131230.0000
4881,131230.0000
4882,131230.0000
4883,131230.0000
4884,131230.0000
4885,131230.0000
4886,131230.0000
4887,131230.0000
4888,131230.0000
4889,131230.0000
4890,131230.0000
4891,131230.0000
4892,131230.0000
4893,131230.0000
4894,131230.0000
4895,131230.0000
4896,131230.0000
4897,131230.0000
4898,131230.0000
4899,131230.0000
4900,131230.0000
4901,131230.0000
4902,131230.0000
4903,131230.0000
4904,131230.0000
4905,131230.0000
4906,131230.0000
4907,131230.0000
4908,131230.0000
4909,131230.0000
4910,131230.0000
4911,131230.0000
4912,131230.0000
4913,131230.0000
4914,131230.0000
4915,131230.0000
4916,131230.0000
4917,131230.0000
4918,131230.0000
4919,131230.0000
4920,131230.0000
4921,131230.0000
4922,131230.0000
4923,131230.0000
4924,131230.0000
4925,131230.0000
4926,131230.0000
4927,131230.0000
4928,131230.0000
4929,131230.0000
4930,131230.0000
4931,131230.0000
4932,131230.0000
4933,131230.0000
4934,131230.0000
4935,131230.0000
4936,131230.0000
4937,131230.0000
4938,131230.0000
4939,131230.0000
4940,131230.0000
4941,131230.0000
4942,131230.0000
4943,131230.0000
4944,131230.0000
4945,131230.0000
4946,131230.0000
4947,131230.0000
4948,131230.0000
4949,131230.0000
4950,131230.0000
4951,131230.0000
4952,131230.0000
4953,131230.0000
4954,131230.0000
4955,131230.0000
4956,131230.0000
4957,131230.0000
4958,131230.0000
4959,131230.0000
4960,131230.0000
4961,131230.0000
4962,131230.0000
4963,131230.0000
4964,131230.0000
4965,131230.0000
4966,131230.0000
4967,131230.0000
4968,131230.0000
4969,131230.0000
4970,131230.0000
4971,131230.0000
4972,131230.0000
4973,131230.0000
4974,131230.0000
4975,131230.0000
4976,131230.0000
4977,131230.0000
4978,131230.0000
4979,131230.0000
4980,131230.0000
4981,131230.0000
4982,131230.0000
4983,131230.0000
4984,131230.0000
4985,131230.0000
4986,131230.0000
4987,131230.0000
4988,131230.0000
4989,131230.0000
4990,131230.0000
4991,131230.0000
4992,131230.0000
4993,131230.0000
4994,131230.0000
4995,131230.0000
4996,131230.0000
4997,131230.0000
4998,131230.0000
4999,131230.0000
5000,131230.0000
5001,131230.0000
5002,131230.0000
5003,131230.0000
5004,131230.0000
5005,131230.0000
5006,131230.0000
5007,131230.0000
5008,131230.0000
5009,131230.0000
5010,131230.0000
5011,131230.0000
5012,131230.0000
5013,131230.0000
5014,131230.0000
5015,131230.0000
5016,131230.0000
5017,131230.0000
5018,131230.0000
5019,131230.0000
5020,131230.0000
5021,131230.0000
5022,131230.0000
5023,131230.0000
5024,131230.0000
5025,131230.0000
5026,131230.0000
5027,131230.0000
5028,131230.0000
5029,131230.0000
5030,131230.0000
5031,131230.0000
5032,131230.0000
5033,131230.0000
5034,131230.0000
5035,131230.0000
5036,131230.0000
5037,131230.0000
5038,131230.0000
5039,131230.0000
5040,131230.0000
5041,131230.0000
5042,131230.0000
5043,131230.0000
5044,131230.0000
5045,131230.0000
5046,131230.0000
5047,131230.0000
5048,131230.0000
5049,131230.0000
5050,131230.0000
5051,131230.0000
5052,131230.0000
5053,131230.0000
5054,131230.0000
5055,131230.0000
5056,131230.0000
5057,131230.0000
5058,131230.0000
5059,131230.0000
5060,131230.0000
5061,131230.0000
5062,131230.0000
5063,131230.0000
5064,131230.0000
5065,131230.0000
5066,131230.0000
5067,131230.0000
5068,131230.0000
5069,131230.0000
5070,131230.0000
5071,131230.0000
5072,131230.0000
5073,131230.0000
5074,131230.0000
5075,131230.0000
5076,131230.0000
5077,131230.0000
5078,131230.0000
5079,131230.0000
5080,131230.0000
5081,131230.0000
5082,131230.0000
5083,131230.0000
5084,131230.0000
5085,131230.0000
5086,131230.0000
5087,131230.0000
5088,131230.0000
5089,131230.0000
5090,131230.0000
5091,131230.0000
5092,131230.0000
5093,131230.0000
5094,131230.0000
5095,131230.0000
5096,131230.0000
5097,131230.0000
5098,131230.0000
5099,131230.0000
5100,131230.0000
5101,131230.0000
5102,131230.0000
5103,131230.0000
5104,131230.0000
5105,131230.0000
5106,131230.0000
5107,131230.0000
5108,131230.0000
5109,131230.0000
5110,131230.0000
5111,131230.0000
5112,131230.0000
5113,131230.0000
5114,131230.0000
5115,131230.0000
5116,131230.0000
5117,131230.0000
5118,131230.0000
5119,131230.0000
5120,131230.0000
5121,131230.0000
5122,131230.0000
5123,131230.0000
5124,131230.0000
5125,131230.0000
5126,131230.0000
5127,131230.0000
5128,131230.0000
5129,131230.0000
5130,131230.0000
5131,131230.0000
5132,131230.0000
5133,131230.0000
5134,131230.0000
5135,131230.0000
5136,131230.0000
5137,131230.0000
5138,131230.0000
5139,131230.0000
5140,131230.0000
5141,131230.0000
5142,131230.0000
5143,131230.0000
5144,131230.0000
5145,131230.0000
5146,131230.0000
5147,131230.0000
5148,131230.0000
5149,131230.0000
5150,131230.0000
5151,131230.0000
5152,131230.0000
5153,131230.0000
5154,131230.0000
5155,131230.0000
5156,131230.0000
5157,131230.0000
5158,131230.0000
5159,131230.0000
5160,131230.0000
5161,131230.0000
5162,131230.0000
5163,131230.0000
5164,131230.0000
5165,131230.0000
5166,131230.0000
5167,131230.0000
5168,131230.0000
5169,131230.0000
5170,131230.0000
5171,131230.0000
5172,131230.0000
5173,131230.0000
5174,131230.0000
5175,131230.0000
5176,131230.0000
5177,131230.0000
5178,131230.0000
5179,131230.0000
5180,131230.0000
5181,131230.0000
5182,131230.0000
5183,131230.0000
5184,131230.0000
5185,131230.0000
5186,131230.0000
5187,131230.0000
5188,131230.0000
5189,131230.0000
5190,131230.0000
5191,131230.0000
5192,131230.0000
5193,131230.0000
5194,131230.0000
5195,131230.0000
5196,131230.0000
5197,131230.0000
5198,131230.0000
5199,131230.0000
5200,131230.0000
5201,131230.0000
5202,131230.0000
5203,131230.0000
5204,131230.0000
5205,131230.0000
5206,131230.0000
5207,131230.0000
5208,131230.0000
5209,131230.0000
5210,131230.0000
5211,131230.0000
5212,131230.0000
5213,131230.0000
5214,131230.0000
5215,131230.0000
5216,131230.0000
5217,131230.0000
5218,131230.0000
5219,131230.0000
5220,131230.0000
5221,131230.0000
5222,131230.0000
5223,131230.0000
5224,131230.0000
5225,131230.0000
5226,131230.0000
5227,131230.0000
5228,131230.0000
5229,131230.0000
5230,131230.0000
5231,131230.0000
5232,131230.0000
5233,131230.0000
5234,131230.0000
5235,131230.0000
5236,131230.0000
5237,131230.0000
5238,131230.0000
5239,131230.0000
5240,131230.0000
5241,131230.0000
5242,131230.0000
5243,131230.0000
5244,131230.0000
5245,131230.0000
5246,131230.0000
5247,131230.0000
5248,131230.0000
5249,131230.0000
5250,131230.0000
5251,131230.0000
5252,131230.0000
5253,131230.0000
5254,131230.0000
5255,131230.0000
5256,131230.0000
5257,131230.0000
5258,131230.0000
5259,131230.0000
5260,131230.0000
5261,131230.0000
5262,131230.0000
5263,131230.0000
5264,131230.0000
5265,131230.0000
5266,131230.0000
5267,131230.0000
5268,131230.0000
5269,131230.0000
5270,131230.0000
5271,131230.0000
5272,131230.0000
5273,131230.0000
5274,131230.0000
5275,131230.0000
5276,131230.0000
5277,131230.0000
5278,131230.0000
5279,131230.0000
5280,131230.0000
5281,131230.0000
5282,131230.0000
5283,131230.0000
5284,131230.0000
5285,131230.0000
5286,131230.0000
5287,131230.0000
5288,131230.0000
5289,131230.0000
5290,131230.0000
5291,131230.0000
5292,131230.0000
5293,131230.0000
5294,131230.0000
5295,131230.0000
5296,131230.0000
5297,131230.0000
5298,131230.0000
5299,131230.0000
5300,131230.0000
5301,131230.0000
5302,131230.0000
5303,131230.0000
5304,131230.0000
5305,131230.0000
5306,131230.0000
5307,131230.0000
5308,131230.0000
5309,131230.0000
5310,131230.0000
5311,131230.0000
5312,131230.0000
5313,131230.0000
5314,131230.0000
5315,131230.0000
5316,131230.0000
5317,131230.0000
5318,131230.0000
5319,131230.0000
5320,131230.0000
5321,131230.0000
5322,131230.0000
5323,131230.0000
5324,131230.0000
5325,131230.0000
5326,131230.0000
5327,131230.0000
5328,131230.0000
5329,131230.0000
5330,131230.0000
5331,131230.0000
5332,131230.0000
5333,131230.0000
5334,131230.0000
5335,131230.0000
5336,131230.0000
5337,131230.0000
5338,131230.0000
5339,131230.0000
5340,131230.0000
5341,131230.0000
5342,131230.0000
5343,131230.0000
5344,131230.0000
5345,131230.0000
5346,131230.0000
5347,131230.0000
5348,131230.0000
5349,131230.0000
5350,131230.0000
5351,131230.0000
5352,131230.0000
5353,131230.0000
5354,131230.0000
5355,131230.0000
5356,131230.0000
5357,131230.0000
5358,131230.0000
5359,131230.0000
5360,131230.0000
5361,131230.0000
5362,131230.0000
5363,131230.0000
5364,131230.0000
5365,131230.0000
5366,131230.0000
5367,131230.0000
5368,131230.0000
5369,131230.0000
5370,131230.0000
5371,131230.0000
5372,131230.0000
5373,131230.0000
5374,131230.0000
5375,131230.0000
5376,131230.0000
5377,131230.0000
5378,131230.0000
5379,131230.0000
5380,131230.0000
5381,131230.0000
5382,131230.0000
5383,131230.0000
5384,131230.0000
5385,131230.0000
5386,131230.0000
5387,131230.0000
5388,131230.0000
5389,131230.0000
5390,131230.0000
5391,131230.0000
5392,131230.0000
5393,131230.0000
5394,131230.0000
5395,131230.0000
5396,131230.0000
5397,131230.0000
5398,131230.0000
5399,131230.0000
5400,131230.0000
5401,131230.0000
5402,131230.0000
5403,131230.0000
5404,131230.0000
5405,131230.0000
5406,131230.0000
5407,131230.0000
5408,131230.0000
5409,131230.0000
5410,131230.0000
5411,131230.0000
5412,131230.0000
5413,131230.0000
5414,131230.0000
5415,131230.0000
5416,131230.0000
5417,131230.0000
5418,131230.0000
5419,131230.0000
5420,131230.0000
5421,131230.0000
5422,131230.0000
5423,131230.0000
5424,131230.0000
5425,131230.0000
5426,131230.0000
5427,131230.0000
5428,131230.0000
5429,131230.0000
5430,131230.0000
5431,131230.0000
5432,131230.0000
5433,131230.0000
5434,131230.0000
5435,131230.0000
5436,131230.0000
5437,131230.0000
5438,131230.0000
5439,131230.0000
5440,131230.0000
5441,131230.0000
5442,131230.0000
5443,131230.0000
5444,131230.0000
5445,131230.0000
5446,131230.0000
5447,131230.0000
5448,131230.0000
5449,131230.0000
5450,131230.0000
5451,131230.0000
5452,131230.0000
5453,131230.0000
5454,131230.0000
5455,131230.0000
5456,131230.0000
5457,131230.0000
5458,131230.0000
5459,131230.0000
5460,131230.0000
5461,131230.0000
5462,131230.0000
5463,131230.0000
5464,131230.0000
5465,131230.0000
5466,131230.0000
5467,131230.0000
5468,131230.0000
5469,131230.0000
5470,131230.0000
5471,131230.0000
5472,131230.0000
5473,131230.0000
5474,131230.0000
5475,131230.0000
5476,131230.0000
5477,131230.0000
5478,131230.0000
5479,131230.0000
5480,131230.0000
5481,131230.0000
5482,131230.0000
5483,131230.0000
5484,131230.0000
5485,131230.0000
5486,131230.0000
5487,131230.0000
5488,131230.0000
5489,131230.0000
5490,131230.0000
5491,131230.0000
5492,131230.0000
5493,131230.0000
5494,131230.0000
5495,131230.0000
5496,131230.0000
5497,131230.0000
5498,131230.0000
5499,131230.0000
5500,131230.0000
5501,131230.0000
5502,131230.0000
5503,131230.0000
5504,131230.0000
5505,131230.0000
5506,131230.0000
5507,131230.0000
5508,131230.0000
5509,131230.0000
5510,131230.0000
5511,131230.0000
5512,131230.0000
5513,131230.0000
5514,131230.0000
5515,131230.0000
5516,131230.0000
5517,131230.0000
5518,131230.0000
5519,131230.0000
5520,131230.0000
5521,131230.0000
5522,131230.0000
5523,131230.0000
5524,131230.0000
5525,131230.0000
5526,131230.0000
5527,131230.0000
5528,131230.0000
5529,131230.0000
5530,131230.0000
5531,131230.0000
5532,131230.0000
5533,131230.0000
5534,131230.0000
5535,131230.0000
5536,131230.0000
5537,131230.0000
5538,131230.0000
5539,131230.0000
5540,131230.0000
5541,131230.0000
5542,131230.0000
5543,131230.0000
5544,131230.0000
5545,131230.0000
5546,131230.0000
5547,131230.0000
5548,131230.0000
5549,131230.0000
5550,131230.0000
5551,131230.0000
5552,131230.0000
5553,131230.0000
5554,131230.0000
5555,131230.0000
5556,131230.0000
5557,131230.0000
5558,131230.0000
5559,131230.0000
5560,131230.0000
5561,131230.0000
5562,131230.0000
5563,131230.0000
5564,131230.0000
5565,131230.0000
5566,131230.0000
5567,131230.0000
5568,131230.0000
5569,131230.0000
5570,131230.0000
5571,131230.0000
5572,131230.0000
5573,131230.0000
5574,131230.0000
5575,131230.0000
5576,131230.0000
5577,131230.0000
5578,131230.0000
5579,131230.0000
5580,131230.0000
5581,131230.0000
5582,131230.0000
5583,131230.0000
5584,131230.0000
5585,131230.0000
5586,131230.0000
5587,131230.0000
5588,131230.0000
5589,131230.0000
5590,131230.0000
5591,131230.0000
5592,131230.0000
5593,131230.0000
5594,131230.0000
5595,131230.0000
5596,131230.0000
5597,131230.0000
5598,131230.0000
5599,131230.0000
5600,131230.0000
5601,131230.0000
5602,131230.0000
5603,131230.0000
5604,131230.0000
5605,131230.0000
5606,131230.0000
5607,131230.0000
5608,131230.0000
5609,131230.0000
5610,131230.0000
5611,131230.0000
5612,131230.0000
5613,131230.0000
5614,131230.0000
5615,131230.0000
5616,131230.0000
5617,131230.0000
5618,131230.0000
5619,131230.0000
5620,131230.0000
5621,131230.0000
5622,131230.0000
5623,131230.0000
5624,131230.0000
5625,131230.0000
5626,131230.0000
5627,131230.0000
5628,131230.0000
5629,131230.0000
5630,131230.0000
5631,131230.0000
5632,131230.0000
5633,131230.0000
5634,131230.0000
5635,131230.0000
5636,131230.0000
5637,131230.0000
5638,131230.0000
5639,131230.0000
5640,131230.0000
5641,131230.0000
5642,131230.0000
5643,131230.0000
5644,131230.0000
5645,131230.0000
5646,131230.0000
5647,131230.0000
5648,131230.0000
5649,131230.0000
5650,131230.0000
5651,131230.0000
5652,131230.0000
5653,131230.0000
5654,131230.0000
5655,131230.0000
5656,131230.0000
5657,131230.0000
5658,131230.0000
5659,131230.0000
5660,131230.0000
5661,131230.0000
5662,131230.0000
5663,131230.0000
5664,131230.0000
5665,131230.0000
5666,131230.0000
5667,131230.0000
5668,131230.0000
5669,131230.0000
5670,131230.0000
5671,131230.0000
5672,131230.0000
5673,131230.0000
5674,131230.0000
5675,131230.0000
5676,131230.0000
5677,131230.0000
5678,131230.0000
5679,131230.0000
5680,131230.0000
5681,131230.0000
5682,131230.0000
5683,131230.0000
5684,131230.0000
5685,131230.0000
5686,131230.0000
5687,131230.0000
5688,131230.0000
5689,131230.0000
5690,131230.0000
5691,131230.0000
5692,131230.0000
5693,131230.0000
5694,131230.0000
5695,131230.0000
5696,131230.0000
5697,131230.0000
5698,131230.0000
5699,131230.0000
5700,131230.0000
5701,131230.0000
5702,131230.0000
5703,131230.0000
5704,131230.0000
5705,131230.0000
5706,131230.0000
5707,131230.0000
5708,131230.0000
5709,131230.0000
5710,131230.0000
5711,131230.0000
5712,131230.0000
5713,131230.0000
5714,131230.0000
5715,131230.0000
5716,131230.0000
5717,131230.0000
5718,131230.0000
5719,131230.0000
5720,131230.0000
5721,131230.0000
5722,131230.0000
5723,131230.0000
5724,131230.0000
5725,131230.0000
5726,131230.0000
5727,131230.0000
5728,131230.0000
5729,131230.0000
5730,131230.0000
5731,131230.0000
5732,131230.0000
5733,131230.0000
5734,131230.0000
5735,131230.0000
5736,131230.0000
5737,131230.0000
5738,131230.0000
5739,131230.0000
5740,131230.0000
5741,131230.0000
5742,131230.0000
5743,131230.0000
5744,131230.0000
5745,131230.0000
5746,131230.0000
5747,131230.0000
5748,131230.0000
5749,131230.0000
5750,131230.0000
5751,131230.0000
5752,131230.0000
5753,131230.0000
5754,131230.0000
5755,131230.0000
5756,131230.0000
5757,131230.0000
5758,131230.0000
5759,131230.0000
5760,131230.0000
5761,131230.0000
5762,131230.0000
5763,131230.0000
5764,131230.0000
5765,131230.0000
5766,131230.0000
5767,131230.0000
5768,131230.0000
5769,131230.0000
5770,131230.0000
5771,131230.0000
5772,131230.0000
5773,131230.0000
5774,131230.0000
5775,131230.0000
5776,131230.0000
5777,131230.0000
5778,131230.0000
5779,131230.0000
5780,131230.0000
5781,131230.0000
5782,131230.0000
5783,131230.0000
5784,131230.0000
5785,131230.0000
5786,131230.0000
5787,131230.0000
5788,131230.0000
5789,131230.0000
5790,131230.0000
5791,131230.0000
5792,131230.0000
5793,131230.0000
5794,131230.0000
5795,131230.0000
5796,131230.0000
5797,131230.0000
5798,131230.0000
5799,131230.0000
5800,131230.0000
5801,131230.0000
5802,131230.0000
5803,131230.0000
5804,131230.0000
5805,131230.0000
5806,131230.0000
5807,131230.0000
5808,131230.0000
5809,131230.0000
5810,131230.0000
5811,131230.0000
5812,131230.0000
5813,131230.0000
5814,131230.0000
5815,131230.0000
5816,131230.0000
5817,131230.0000
5818,131230.0000
5819,131230.0000
5820,131230.0000
5821,131230.0000
5822,131230.0000
5823,131230.0000
5824,131230.0000
5825,131230.0000
5826,131230.0000
5827,131230.0000
5828,131230.0000
5829,131230.0000
5830,131230.0000
5831,131230.0000
5832,131230.0000
5833,131230.0000
5834,131230.0000
5835,131230.0000
5836,131230.0000
5837,131230.0000
5838,131230.0000
5839,131230.0000
5840,131230.0000
5841,131230.0000
5842,131230.0000
5843,131230.0000
5844,131230.0000
5845,131230.0000
5846,131230.0000
5847,131230.0000
5848,131230.0000
5849,131230.0000
5850,131230.0000
5851,131230.0000
5852,131230.0000
5853,131230.0000
5854,131230.0000
5855,131230.0000
5856,131230.0000
5857,131230.0000
5858,131230.0000
5859,131230.0000
5860,131230.0000
5861,131230.0000
5862,131230.0000
5863,131230.0000
5864,131230.0000
5865,131230.0000
5866,131230.0000
5867,131230.0000
5868,131230.0000
5869,131230.0000
5870,131230.0000
5871,131230.0000
5872,131230.0000
5873,131230.0000
5874,131230.0000
5875,131230.0000
5876,131230.0000
5877,131230.0000
5878,131230.0000
5879,131230.0000
5880,131230.0000
5881,131230.0000
5882,131230.0000
5883,131230.0000
5884,131230.0000
5885,131230.0000
5886,131230.0000
5887,131230.0000
5888,131230.0000
5889,131230.0000
5890,131230.0000
5891,131230.0000
5892,131230.0000
5893,131230.0000
5894,131230.0000
5895,131230.0000
5896,131230.0000
5897,131230.0000
5898,131230.0000
5899,131230.0000
5900,131230.0000
5901,131230.0000
5902,131230.0000
5903,131230.0000
5904,131230.0000
5905,131230.0000
5906,131230.0000
5907,131230.0000
5908,131230.0000
5909,131230.0000
5910,131230.0000
5911,131230.0000
5912,131230.0000
5913,131230.0000
5914,131230.0000
5915,131230.0000
5916,131230.0000
5917,131230.0000
5918,131230.0000
5919,131230.0000
5920,131230.0000
5921,131230.0000
5922,131230.0000
5923,131230.0000
5924,131230.0000
5925,131230.0000
5926,131230.0000
5927,131230.0000
5928,131230.0000
5929,131230.0000
5930,131230.0000
5931,131230.0000
5932,131230.0000
5933,131230.0000
5934,131230.0000
5935,131230.0000
5936,131230.0000
5937,131230.0000
5938,131230.0000
5939,131230.0000
5940,131230.0000
5941,131230.0000
5942,131230.0000
5943,131230.0000
5944,131230.0000
5945,131230.0000
5946,131230.0000
5947,131230.0000
5948,131230.0000
5949,131230.0000
5950,131230.0000
5951,131230.0000
5952,131230.0000
5953,131230.0000
5954,131230.0000
5955,131230.0000
5956,131230.0000
5957,131230.0000
5958,131230.0000
5959,131230.0000
5960,131230.0000
5961,131230.0000
5962,131230.0000
5963,131230.0000
5964,131230.0000
5965,131230.0000
5966,131230.0000
5967,131230.0000
5968,131230.0000
5969,131230.0000
5970,131230.0000
5971,131230.0000
5972,131230.0000
5973,131230.0000
5974,131230.0000
5975,131230.0000
5976,131230.0000
5977,131230.0000
5978,131230.0000
5979,131230.0000
5980,131230.0000
5981,131230.0000
5982,131230.0000
5983,131230.0000
5984,131230.0000
5985,131230.0000
5986,131230.0000
5987,131230.0000
5988,131230.0000
5989,131230.0000
5990,131230.0000
5991,131230.0000
5992,131230.0000
5993,131230.0000
5994,131230.0000
5995,131230.0000
5996,131230.0000
5997,131230.0000
5998,131230.0000
5999,131230.0000
6000,131230.0000
6001,131230.0000
6002,131230.0000
6003,131230.0000
6004,131230.0000
6005,131230.0000
6006,131230.0000
6007,131230.0000
6008,131230.0000
6009,131230.0000
6010,131230.0000
6011,131230.0000
6012,131230.0000
6013,131230.0000
6014,131230.0000
6015,131230.0000
6016,131230.0000
6017,131230.0000
6018,131230.0000
6019,131230.0000
6020,131230.0000
6021,131230.0000
6022,131230.0000
6023,131230.0000
6024,131230.0000
6025,131230.0000
6026,131230.0000
6027,131230.0000
6028,131230.0000
6029,131230.0000
6030,131230.0000
6031,131230.0000
6032,131230.0000
6033,131230.0000
6034,131230.0000
6035,131230.0000
6036,131230.0000
6037,131230.0000
6038,131230.0000
6039,131230.0000
6040,131230.0000
6041,131230.0000
6042,131230.0000
6043,131230.0000
6044,131230.0000
6045,131230.0000
6046,131230.0000
6047,131230.0000
6048,131230.0000
6049,131230.0000
6050,131230.0000
6051,131230.0000
6052,131230.0000
6053,131230.0000
6054,131230.0000
6055,131230.0000
6056,131230.0000
6057,131230.0000
6058,131230.0000
6059,131230.0000
6060,131230.0000
6061,131230.0000
6062,131230.0000
6063,131230.0000
6064,131230.0000
6065,131230.0000
6066,131230.0000
6067,131230.0000
6068,131230.0000
6069,131230.0000
6070,131230.0000
6071,131230.0000
6072,131230.0000
6073,131230.0000
6074,131230.0000
6075,131230.0000
6076,131230.0000
6077,131230.0000
6078,131230.0000
6079,131230.0000
6080,131230.0000
6081,131230.0000
6082,131230.0000
6083,131230.0000
6084,131230.0000
6085,131230.0000
6086,131230.0000
6087,131230.0000
6088,131230.0000
6089,131230.0000
6090,131230.0000
6091,131230.0000
6092,131230.0000
6093,131230.0000
6094,131230.0000
6095,131230.0000
6096,131230.0000
6097,131230.0000
6098,131230.0000
6099,131230.0000
6100,131230.0000
6101,131230.0000
6102,131230.0000
6103,131230.0000
6104,131230.0000
6105,131230.0000
6106,131230.0000
6107,131230.0000
6108,131230.0000
6109,131230.0000
6110,131230.0000
6111,131230.0000
6112,131230.0000
6113,131230.0000
6114,131230.0000
6115,131230.0000
6116,131230.0000
6117,131230.0000
6118,131230.0000
6119,131230.0000
6120,131230.0000
6121,131230.0000
6122,131230.0000
6123,131230.0000
6124,131230.0000
6125,131230.0000
6126,131230.0000
6127,131230.0000
6128,131230.0000
6129,131230.0000
6130,131230.0000
6131,131230.0000
6132,131230.0000
6133,131230.0000
6134,131230.0000
6135,131230.0000
6136,131230.0000
6137,131230.0000
6138,131230.0000
6139,131230.0000
6140,131230.0000
6141,131230.0000
6142,131230.0000
6143,131230.0000
6144,131230.0000
6145,131230.0000
6146,131230.0000
6147,131230.0000
6148,131230.0000
6149,131230.0000
6150,131230.0000
6151,131230.0000
6152,131230.0000
6153,131230.0000
6154,131230.0000
6155,131230.0000
6156,131230.0000
6157,131230.0000
6158,131230.0000
6159,131230.0000
6160,131230.0000
6161,131230.0000
6162,131230.0000
6163,131230.0000
6164,131230.0000
6165,131230.0000
6166,131230.0000
6167,131230.0000
6168,131230.0000
6169,131230.0000
6170,131230.0000
6171,131230.0000
6172,131230.0000
6173,131230.0000
6174,131230.0000
6175,131230.0000
6176,131230.0000
6177,131230.0000
6178,131230.0000
6179,131230.0000
6180,131230.0000
6181,131230.0000
6182,131230.0000
6183,131230.0000
6184,131230.0000
6185,131230.0000
6186,131230.0000
6187,131230.0000
6188,131230.0000
6189,131230.0000
6190,131230.0000
6191,131230.0000
6192,131230.0000
6193,131230.0000
6194,131230.0000
6195,131230.0000
6196,131230.0000
6197,131230.0000
6198,131230.0000
6199,131230.0000
6200,131230.0000
6201,131230.0000
6202,131230.0000
6203,131230.0000
6204,131230.0000
6205,131230.0000
6206,131230.0000
6207,131230.0000
6208,131230.0000
6209,131230.0000
6210,131230.0000
6211,131230.0000
6212,131230.0000
6213,131230.0000
6214,131230.0000
6215,131230.0000
6216,131230.0000
6217,131230.0000
6218,131230.0000
6219,131230.0000
6220,131230.0000
6221,131230.0000
6222,131230.0000
6223,131230.0000
6224,131230.0000
6225,131230.0000
6226,131230.0000
6227,131230.0000
6228,131230.0000
6229,131230.0000
6230,131230.0000
6231,131230.0000
6232,131230.0000
6233,131230.0000
6234,131230.0000
6235,131230.0000
6236,131230.0000
6237,131230.0000
6238,131230.0000
6239,131230.0000
6240,131230.0000
6241,131230.0000
6242,131230.0000
6243,131230.0000
6244,131230.0000
6245,131230.0000
6246,131230.0000
6247,131230.0000
6248,131230.0000
6249,131230.0000
6250,131230.0000
6251,131230.0000
6252,131230.0000
6253,131230.0000
6254,131230.0000
6255,131230.0000
6256,131230.0000
6257,131230.0000
6258,131230.0000
6259,131230.0000
6260,131230.0000
6261,131230.0000
6262,131230.0000
6263,131230.0000
6264,131230.0000
6265,131230.0000
6266,131230.0000
6267,131230.0000
6268,131230.0000
6269,131230.0000
6270,131230.0000
6271,131230.0000
6272,131230.0000
6273,131230.0000
6274,131230.0000
6275,131230.0000
6276,131230.0000
6277,131230.0000
6278,131230.0000
6279,131230.0000
6280,131230.0000
6281,131230.0000
6282,131230.0000
6283,131230.0000
6284,131230.0000
6285,131230.0000
6286,131230.0000
6287,131230.0000
6288,131230.0000
6289,131230.0000
6290,131230.0000
6291,131230.0000
6292,131230.0000
6293,131230.0000
6294,131230.0000
6295,131230.0000
6296,131230.0000
6297,131230.0000
6298,131230.0000
6299,131230.0000
6300,131230.0000
6301,131230.0000
6302,131230.0000
6303,131230.0000
6304,131230.0000
6305,131230.0000
6306,131230.0000
6307,131230.0000
6308,131230.0000
6309,131230.0000
6310,131230.0000
6311,131230.0000
6312,131230.0000
6313,131230.0000
6314,131230.0000
6315,131230.0000
6316,131230.0000
6317,131230.0000
6318,131230.0000
6319,131230.0000
6320,131230.0000
6321,131230.0000
6322,131230.0000
6323,131230.0000
6324,131230.0000
6325,131230.0000
6326,131230.0000
6327,131230.0000
6328,131230.0000
6329,131230.0000
6330,131230.0000
6331,131230.0000
6332,131230.0000
6333,131230.0000
6334,131230.0000
6335,131230.0000
6336,131230.0000
6337,131230.0000
6338,131230.0000
6339,131230.0000
6340,131230.0000
6341,131230.0000
6342,131230.0000
6343,131230.0000
6344,131230.0000
6345,131230.0000
6346,131230.0000
6347,131230.0000
6348,131230.0000
6349,131230.0000
6350,131230.0000
6351,131230.0000
6352,131230.0000
6353,131230.0000
6354,131230.0000
6355,131230.0000
6356,131230.0000
6357,131230.0000
6358,131230.0000
6359,131230.0000
6360,131230.0000
6361,131230.0000
6362,131230.0000
6363,131230.0000
6364,131230.0000
6365,131230.0000
6366,131230.0000
6367,131230.0000
6368,131230.0000
6369,131230.0000
6370,131230.0000
6371,131230.0000
6372,131230.0000
6373,131230.0000
6374,131230.0000
6375,131230.0000
6376,131230.0000
6377,131230.0000
6378,131230.0000
6379,131230.0000
6380,131230.0000
6381,131230.0000
6382,131230.0000
6383,131230.0000
6384,131230.0000
6385,131230.0000
6386,131230.0000
6387,131230.0000
6388,131230.0000
6389,131230.0000
6390,131230.0000
6391,131230.0000
6392,131230.0000
6393,131230.0000
6394,131230.0000
6395,131230.0000
6396,131230.0000
6397,131230.0000
6398,131230.0000
6399,131230.0000
6400,131230.0000
6401,131230.0000
6402,131230.0000
6403,131230.0000
6404,131230.0000
6405,131230.0000
6406,131230.0000
6407,131230.0000
6408,131230.0000
6409,131230.0000
6410,131230.0000
6411,131230.0000
6412,131230.0000
6413,131230.0000
6414,131230.0000
6415,131230.0000
6416,131230.0000
6417,131230.0000
6418,131230.0000
6419,131230.0000
6420,131230.0000
6421,131230.0000
6422,131230.0000
6423,131230.0000
6424,131230.0000
6425,131230.0000
6426,131230.0000
6427,131230.0000
6428,131230.0000
6429,131230.0000
6430,131230.0000
6431,131230.0000
6432,131230.0000
6433,131230.0000
6434,131230.0000
6435,131230.0000
6436,131230.0000
6437,131230.0000
6438,131230.0000
6439,131230.0000
6440,131230.0000
6441,131230.0000
6442,131230.0000
6443,131230.0000
6444,131230.0000
6445,131230.0000
6446,131230.0000
6447,131230.0000
6448,131230.0000
6449,131230.0000
6450,131230.0000
6451,131230.0000
6452,131230.0000
6453,131230.0000
6454,131230.0000
6455,131230.0000
6456,131230.0000
6457,131230.0000
6458,131230.0000
6459,131230.0000
6460,131230.0000
6461,131230.0000
6462,131230.0000
6463,131230.0000
6464,131230.0000
6465,131230.0000
6466,131230.0000
6467,131230.0000
6468,131230.0000
6469,131230.0000
6470,131230.0000
6471,131230.0000
6472,131230.0000
6473,131230.0000
6474,131230.0000
6475,131230.0000
6476,131230.0000
6477,131230.0000
6478,131230.0000
6479,131230.0000
6480,131230.0000
6481,131230.0000
6482,131230.0000
6483,131230.0000
6484,131230.0000
6485,131230.0000
6486,131230.0000
6487,131230.0000
6488,131230.0000
6489,131230.0000
6490,131230.0000
6491,131230.0000
6492,131230.0000
6493,131230.0000
6494,131230.0000
6495,131230.0000
6496,131230.0000
6497,131230.0000
6498,131230.0000
6499,131230.0000
6500,131230.0000
6501,131230.0000
6502,131230.0000
6503,131230.0000
6504,131230.0000
6505,131230.0000
6506,131230.0000
6507,131230.0000
6508,131230.0000
6509,131230.0000
6510,131230.0000
6511,131230.0000
6512,131230.0000
6513,131230.0000
6514,131230.0000
6515,131230.0000
6516,131230.0000
6517,131230.0000
6518,131230.0000
6519,131230.0000
6520,131230.0000
6521,131230.0000
6522,131230.0000
6523,131230.0000
6524,131230.0000
6525,131230.0000
6526,131230.0000
6527,131230.0000
6528,131230.0000
6529,131230.0000
6530,131230.0000
6531,131230.0000
6532,131230.0000
6533,131230.0000
6534,131230.0000
6535,131230.0000
6536,131230.0000
6537,131230.0000
6538,131230.0000
6539,131230.0000
6540,131230.0000
6541,131230.0000
6542,131230.0000
6543,131230.0000
6544,131230.0000
6545,131230.0000
6546,131230.0000
6547,131230.0000
6548,131230.0000
6549,131230.0000
6550,131230.0000
6551,131230.0000
6552,131230.0000
6553,131230.0000
6554,131230.0000
6555,131230.0000
6556,131230.0000
6557,131230.0000
6558,131230.0000
6559,131230.0000
6560,131230.0000
6561,131230.0000
6562,131230.0000
6563,131230.0000
6564,131230.0000
6565,131230.0000
6566,131230.0000
6567,131230.0000
6568,131230.0000
6569,131230.0000
6570,131230.0000
6571,131230.0000
6572,131230.0000
6573,131230.0000
6574,131230.0000
6575,131230.0000
6576,131230.0000
6577,131230.0000
6578,131230.0000
6579,131230.0000
6580,131230.0000
6581,131230.0000
6582,131230.0000
6583,131230.0000
6584,131230.0000
6585,131230.0000
6586,131230.0000
6587,131230.0000
6588,131230.0000
6589,131230.0000
6590,131230.0000
6591,131230.0000
6592,131230.0000
6593,131230.0000
6594,131230.0000
6595,131230.0000
6596,131230.0000
6597,131230.0000
6598,131230.0000
6599,131230.0000
6600,131230.0000
6601,131230.0000
6602,131230.0000
6603,131230.0000
6604,131230.0000
6605,131230.0000
6606,131230.0000
6607,131230.0000
6608,131230.0000
6609,131230.0000
6610,131230.0000
6611,131230.0000
6612,131230.0000
6613,131230.0000
6614,131230.0000
6615,131230.0000
6616,131230.0000
6617,131230.0000
6618,131230.0000
6619,131230.0000
6620,131230.0000
6621,131230.0000
6622,131230.0000
6623,131230.0000
6624,131230.0000
6625,131230.0000
6626,131230.0000
6627,131230.0000
6628,131230.0000
6629,131230.0000
6630,131230.0000
6631,131230.0000
6632,131230.0000
6633,131230.0000
6634,131230.0000
6635,131230.0000
6636,131230.0000
6637,131230.0000
6638,131230.0000
6639,131230.0000
6640,131230.0000
6641,131230.0000
6642,131230.0000
6643,131230.0000
6644,131230.0000
6645,131230.0000
6646,131230.0000
6647,131230.0000
6648,131230.0000
6649,131230.0000
6650,131230.0000
6651,131230.0000
6652,131230.0000
6653,131230.0000
6654,131230.0000
6655,131230.0000
6656,131230.0000
6657,131230.0000
6658,131230.0000
6659,131230.0000
6660,131230.0000
6661,131230.0000
6662,131230.0000
6663,131230.0000
6664,131230.0000
6665,131230.0000
6666,131230.0000
6667,131230.0000
6668,131230.0000
6669,131230.0000
6670,131230.0000
6671,131230.0000
6672,131230.0000
6673,131230.0000
6674,131230.0000
6675,131230.0000
6676,131230.0000
6677,131230.0000
6678,131230.0000
6679,131230.0000
6680,131230.0000
6681,131230.0000
6682,131230.0000
6683,131230.0000
6684,131230.0000
6685,131230.0000
6686,131230.0000
6687,131230.0000
6688,131230.0000
6689,131230.0000
6690,131230.0000
6691,131230.0000
6692,131230.0000
6693,131230.0000
6694,131230.0000
6695,131230.0000
6696,131230.0000
6697,131230.0000
6698,131230.0000
6699,131230.0000
6700,131230.0000
6701,131230.0000
6702,131230.0000
6703,131230.0000
6704,131230.0000
6705,131230.0000
6706,131230.0000
6707,131230.0000
6708,131230.0000
6709,131230.0000
6710,131230.0000
6711,131230.0000
6712,131230.0000
6713,131230.0000
6714,131230.0000
6715,131230.0000
6716,131230.0000
6717,131230.0000
6718,131230.0000
6719,131230.0000
6720,131230.0000
6721,131230.0000
6722,131230.0000
6723,131230.0000
6724,131230.0000
6725,131230.0000
6726,131230.0000
6727,131230.0000
6728,131230.0000
6729,131230.0000
6730,131230.0000
6731,131230.0000
6732,131230.0000
6733,131230.0000
6734,131230.0000
6735,131230.0000
6736,131230.0000
6737,131230.0000
6738,131230.0000
6739,131230.0000
6740,131230.0000
6741,131230.0000
6742,131230.0000
6743,131230.0000
6744,131230.0000
6745,131230.0000
6746,131230.0000
6747,131230.0000
6748,131230.0000
6749,131230.0000
6750,131230.0000
6751,131230.0000
6752,131230.0000
6753,131230.0000
6754,131230.0000
6755,131230.0000
6756,131230.0000
6757,131230.0000
6758,131230.0000
6759,131230.0000
6760,131230.0000
6761,131230.0000
6762,131230.0000
6763,131230.0000
6764,131230.0000
6765,131230.0000
6766,131230.0000
6767,131230.0000
6768,131230.0000
6769,131230.0000
6770,131230.0000
6771,131230.0000
6772,131230.0000
6773,131230.0000
6774,131230.0000
6775,131230.0000
6776,131230.0000
6777,131230.0000
6778,131230.0000
6779,131230.0000
6780,131230.0000
6781,131230.0000
6782,131230.0000
6783,131230.0000
6784,131230.0000
6785,131230.0000
6786,131230.0000
6787,131230.0000
6788,131230.0000
6789,131230.0000
6790,131230.0000
6791,131230.0000
6792,131230.0000
6793,131230.0000
6794,131230.0000
6795,131230.0000
6796,131230.0000
6797,131230.0000
6798,131230.0000
6799,131230.0000
6800,131230.0000
6801,131230.0000
6802,131230.0000
6803,131230.0000
6804,131230.0000
6805,131230.0000
6806,131230.0000
6807,131230.0000
6808,131230.0000
6809,131230.0000
6810,131230.0000
6811,131230.0000
6812,131230.0000
6813,131230.0000
6814,131230.0000
6815,131230.0000
6816,131230.0000
6817,131230.0000
6818,131230.0000
6819,131230.0000
6820,131230.0000
6821,131230.0000
6822,131230.0000
6823,131230.0000
6824,131230.0000
6825,131230.0000
6826,131230.0000
6827,131230.0000
6828,131230.0000
6829,131230.0000
6830,131230.0000
6831,131230.0000
6832,131230.0000
6833,131230.0000
6834,131230.0000
6835,131230.0000
6836,131230.0000
6837,131230.0000
6838,131230.0000
6839,131230.0000
6840,131230.0000
6841,131230.0000
6842,131230.0000
6843,131230.0000
6844,131230.0000
6845,131230.0000
6846,131230.0000
6847,131230.0000
6848,131230.0000
6849,131230.0000
6850,131230.0000
6851,131230.0000
6852,131230.0000
6853,131230.0000
6854,131230.0000
6855,131230.0000
6856,131230.0000
6857,131230.0000
6858,131230.0000
6859,131230.0000
6860,131230.0000
6861,131230.0000
6862,131230.0000
6863,131230.0000
6864,131230.0000
6865,131230.0000
6866,131230.0000
6867,131230.0000
6868,131230.0000
6869,131230.0000
6870,131230.0000
6871,131230.0000
6872,131230.0000
6873,131230.0000
6874,131230.0000
6875,131230.0000
6876,131230.0000
6877,131230.0000
6878,131230.0000
6879,131230.0000
6880,131230.0000
6881,131230.0000
6882,131230.0000
6883,131230.0000
6884,131230.0000
6885,131230.0000
6886,131230.0000
6887,131230.0000
6888,131230.0000
6889,131230.0000
6890,131230.0000
6891,131230.0000
6892,131230.0000
6893,131230.0000
6894,131230.0000
6895,131230.0000
6896,131230.0000
6897,131230.0000
6898,131230.0000
6899,131230.0000
6900,131230.0000
6901,131230.0000
6902,131230.0000
6903,131230.0000
6904,131230.0000
6905,131230.0000
6906,131230.0000
6907,131230.0000
6908,131230.0000
6909,131230.0000
6910,131230.0000
6911,131230.0000
6912,131230.0000
6913,131230.0000
6914,131230.0000
6915,131230.0000
6916,131230.0000
6917,131230.0000
6918,131230.0000
6919,131230.0000
6920,131230.0000
6921,131230.0000
6922,131230.0000
6923,131230.0000
6924,131230.0000
6925,131230.0000
6926,131230.0000
6927,131230.0000
6928,131230.0000
6929,131230.0000
6930,131230.0000
6931,131230.0000
6932,131230.0000
6933,131230.0000
6934,131230.0000
6935,131230.0000
6936,131230.0000
6937,131230.0000
6938,131230.0000
6939,131230.0000
6940,131230.0000
6941,131230.0000
6942,131230.0000
6943,131230.0000
6944,131230.0000
6945,131230.0000
6946,131230.0000
6947,131230.0000
6948,131230.0000
6949,131230.0000
6950,131230.0000
6951,131230.0000
6952,131230.0000
6953,131230.0000
6954,131230.0000
6955,131230.0000
6956,131230.0000
6957,131230.0000
6958,131230.0000
6959,131230.0000
6960,131230.0000
6961,131230.0000
6962,131230.0000
6963,131230.0000
6964,131230.0000
6965,131230.0000
6966,131230.0000
6967,131230.0000
6968,131230.0000
6969,131230.0000
6970,131230.0000
6971,131230.0000
6972,131230.0000
6973,131230.0000
6974,131230.0000
6975,131230.0000
6976,131230.0000
6977,131230.0000
6978,131230.0000
6979,131230.0000
6980,131230.0000
6981,131230.0000
6982,131230.0000
6983,131230.0000
6984,131230.0000
6985,131230.0000
6986,131230.0000
6987,131230.0000
6988,131230.0000
6989,131230.0000
6990,131230.0000
6991,131230.0000
6992,131230.0000
6993,131230.0000
6994,131230.0000
6995,131230.0000
6996,131230.0000
6997,131230.0000
6998,131230.0000
6999,131230.0000
7000,131230.0000
7001,131230.0000
7002,131230.0000
7003,131230.0000
7004,131230.0000
7005,131230.0000
7006,131230.0000
7007,131230.0000
7008,131230.0000
7009,131230.0000
7010,131230.0000
7011,131230.0000
7012,131230.0000
7013,131230.0000
7014,131230.0000
7015,131230.0000
7016,131230.0000
7017,131230.0000
7018,131230.0000
7019,131230.0000
7020,131230.0000
7021,131230.0000
7022,131230.0000
7023,131230.0000
7024,131230.0000
7025,131230.0000
7026,131230.0000
7027,131230.0000
7028,131230.0000
7029,131230.0000
7030,131230.0000
7031,131230.0000
7032,131230.0000
7033,131230.0000
7034,131230.0000
7035,131230.0000
7036,131230.0000
7037,131230.0000
7038,131230.0000
7039,131230.0000
7040,131230.0000
7041,131230.0000
7042,131230.0000
7043,131230.0000
7044,131230.0000
7045,131230.0000
7046,131230.0000
7047,131230.0000
7048,131230.0000
7049,131230.0000
7050,131230.0000
7051,131230.0000
7052,131230.0000
7053,131230.0000
7054,131230.0000
7055,131230.0000
7056,131230.0000
7057,131230.0000
7058,131230.0000
7059,131230.0000
7060,131230.0000
7061,131230.0000
7062,131230.0000
7063,131230.0000
7064,131230.0000
7065,131230.0000
7066,131230.0000
7067,131230.0000
7068,131230.0000
7069,131230.0000
7070,131230.0000
7071,131230.0000
7072,131230.0000
7073,131230.0000
7074,131230.0000
7075,131230.0000
7076,131230.0000
7077,131230.0000
7078,131230.0000
7079,131230.0000
7080,131230.0000
7081,131230.0000
7082,131230.0000
7083,131230.0000
7084,131230.0000
7085,131230.0000
7086,131230.0000
7087,131230.0000
7088,131230.0000
7089,131230.0000
7090,131230.0000
7091,131230.0000
7092,131230.0000
7093,131230.0000
7094,131230.0000
7095,131230.0000
7096,131230.0000
7097,131230.0000
7098,131230.0000
7099,131230.0000
7100,131230.0000
7101,131230.0000
7102,131230.0000
7103,131230.0000
7104,131230.0000
7105,131230.0000
7106,131230.0000
7107,131230.0000
7108,131230.0000
7109,131230.0000
7110,131230.0000
7111,131230.0000
7112,131230.0000
7113,131230.0000
7114,131230.0000
7115,131230.0000
7116,131230.0000
7117,131230.0000
7118,131230.0000
7119,131230.0000
7120,131230.0000
7121,131230.0000
7122,131230.0000
7123,131230.0000
7124,131230.0000
7125,131230.0000
7126,131230.0000
7127,131230.0000
7128,131230.0000
7129,131230.0000
7130,131230.0000
7131,131230.0000
7132,131230.0000
7133,131230.0000
7134,131230.0000
7135,131230.0000
7136,131230.0000
7137,131230.0000
7138,131230.0000
7139,131230.0000
7140,131230.0000
7141,131230.0000
7142,131230.0000
7143,131230.0000
7144,131230.0000
7145,131230.0000
7146,131230.0000
7147,131230.0000
7148,131230.0000
7149,131230.0000
7150,131230.0000
7151,131230.0000
7152,131230.0000
7153,131230.0000
7154,131230.0000
7155,131230.0000
7156,131230.0000
7157,131230.0000
7158,131230.0000
7159,131230.0000
7160,131230.0000
7161,131230.0000
7162,131230.0000
7163,131230.0000
7164,131230.0000
7165,131230.0000
7166,131230.0000
7167,131230.0000
7168,131230.0000
7169,131230.0000
7170,131230.0000
7171,131230.0000
7172,131230.0000
7173,131230.0000
7174,131230.0000
7175,131230.0000
7176,131230.0000
7177,131230.0000
7178,131230.0000
7179,131230.0000
7180,131230.0000
7181,131230.0000
7182,131230.0000
7183,131230.0000
7184,131230.0000
7185,131230.0000
7186,131230.0000
7187,131230.0000
7188,131230.0000
7189,131230.0000
7190,131230.0000
7191,131230.0000
7192,131230.0000
7193,131230.0000
7194,131230.0000
7195,131230.0000
7196,131230.0000
7197,131230.0000
7198,131230.0000
7199,131230.0000
7200,131230.0000
7201,131230.0000
7202,131230.0000
7203,131230.0000
7204,131230.0000
7205,131230.0000
7206,131230.0000
7207,131230.0000
7208,131230.0000
7209,131230.0000
7210,131230.0000
7211,131230.0000
7212,131230.0000
7213,131230.0000
7214,131230.0000
7215,131230.0000
7216,131230.0000
7217,131230.0000
7218,131230.0000
7219,131230.0000
7220,131230.0000
7221,131230.0000
7222,131230.0000
7223,131230.0000
7224,131230.0000
7225,131230.0000
7226,131230.0000
7227,131230.0000
7228,131230.0000
7229,131230.0000
7230,131230.0000
7231,131230.0000
7232,131230.0000
7233,131230.0000
7234,131230.0000
7235,131230.0000
7236,131230.0000
7237,131230.0000
7238,131230.0000
7239,131230.0000
7240,131230.0000
7241,131230.0000
7242,131230.0000
7243,131230.0000
7244,131230.0000
7245,131230.0000
7246,131230.0000
7247,131230.0000
7248,131230.0000
7249,131230.0000
7250,131230.0000
7251,131230.0000
7252,131230.0000
7253,131230.0000
7254,131230.0000
7255,131230.0000
7256,131230.0000
7257,131230.0000
7258,131230.0000
7259,131230.0000
7260,131230.0000
7261,131230.0000
7262,131230.0000
7263,131230.0000
7264,131230.0000
7265,131230.0000
7266,131230.0000
7267,131230.0000
7268,131230.0000
7269,131230.0000
7270,131230.0000
7271,131230.0000
7272,131230.0000
7273,131230.0000
7274,131230.0000
7275,131230.0000
7276,131230.0000
7277,131230.0000
7278,131230.0000
7279,131230.0000
7280,131230.0000
7281,131230.0000
7282,131230.0000
7283,131230.0000
7284,131230.0000
7285,131230.0000
7286,131230.0000
7287,131230.0000
7288,131230.0000
7289,131230.0000
7290,131230.0000
7291,131230.0000
7292,131230.0000
7293,131230.0000
7294,131230.0000
7295,131230.0000
7296,131230.0000
7297,131230.0000
7298,131230.0000
7299,131230.0000
7300,131230.0000
7301,131230.0000
7302,131230.0000
7303,131230.0000
7304,131230.0000
7305,131230.0000
7306,131230.0000
7307,131230.0000
7308,131230.0000
7309,131230.0000
7310,131104.2000
7311,131104.2000
7312,131104.2000
7313,131104.2000
7314,131104.2000
7315,131104.2000
7316,131104.2000
7317,131104.2000
7318,131104.2000
7319,131104.2000
7320,131104.2000
7321,131104.2000
7322,131104.2000
7323,131104.2000
7324,131104.2000
7325,131104.2000
7326,131104.2000
7327,131104.2000
7328,131104.2000
7329,131104.2000
7330,131104.2000
7331,131104.2000
7332,131104.2000
7333,131104.2000
7334,131104.2000
7335,131104.2000
7336,131104.2000
7337,131104.2000
7338,131104.2000
7339,131104.2000
7340,131104.2000
7341,131104.2000
7342,131104.2000
7343,131104.2000
7344,131104.2000
7345,131104.2000
7346,131104.2000
7347,131104.2000
7348,131104.2000
7349,131104.2000
7350,131104.2000
7351,131104.2000
7352,131104.2000
7353,131104.2000
7354,131104.2000
7355,131104.2000
7356,131104.2000
7357,131104.2000
7358,131104.2000
7359,131104.2000
7360,131104.2000
7361,131104.2000
7362,131104.2000
7363,131104.2000
7364,131104.2000
7365,131104.2000
7366,131104.2000
7367,131104.2000
7368,131104.2000
7369,131104.2000
7370,131104.2000
7371,131104.2000
7372,131104.2000
7373,131104.2000
7374,131104.2000
7375,131104.2000
7376,131104.2000
7377,131104.2000
7378,131104.2000
7379,131104.2000
7380,131104.2000
7381,131104.2000
7382,131104.2000
7383,131104.2000
7384,131104.2000
7385,131104.2000
7386,131104.2000
7387,131104.2000
7388,131104.2000
7389,131104.2000
7390,131104.2000
7391,131104.2000
7392,131104.2000
7393,131104.2000
7394,131104.2000
7395,131104.2000
7396,131104.2000
7397,131104.2000
7398,131104.2000
7399,131104.2000
7400,131104.2000
7401,131104.2000
7402,131104.2000
7403,131104.2000
7404,131104.2000
7405,131104.2000
7406,131104.2000
7407,131104.2000
7408,131104.2000
7409,131104.2000
7410,131104.2000
7411,131104.2000
7412,131104.2000
7413,131104.2000
7414,131104.2000
7415,131104.2000
7416,131104.2000
7417,131104.2000
7418,131104.2000
7419,131104.2000
7420,131104.2000
7421,131104.2000
7422,131104.2000
7423,131104.2000
7424,131104.2000
7425,131104.2000
7426,131104.2000
7427,131104.2000
7428,131104.2000
7429,131104.2000
7430,131104.2000
7431,131104.2000
7432,131104.2000
7433,131104.2000
7434,131104.2000
7435,131104.2000
7436,131104.2000
7437,131104.2000
7438,131104.2000
7439,131104.2000
7440,131104.2000
7441,131104.2000
7442,131104.2000
7443,131104.2000
7444,131104.2000
7445,131104.2000
7446,131104.2000
7447,131104.2000
7448,131104.2000
7449,131104.2000
7450,131104.2000
7451,131104.2000
7452,131104.2000
7453,131104.2000
7454,131104.2000
7455,131104.2000
7456,131104.2000
7457,131104.2000
7458,131104.2000
7459,131104.2000
7460,131104.2000
7461,131104.2000
7462,131104.2000
7463,131104.2000
7464,131104.2000
7465,131104.2000
7466,131104.2000
7467,131104.2000
7468,131104.2000
7469,131104.2000
7470,131104.2000
7471,131104.2000
7472,131104.2000
7473,131104.2000
7474,131104.2000
7475,131104.2000
7476,131104.2000
7477,131104.2000
7478,131104.2000
7479,131104.2000
7480,131104.2000
7481,131104.2000
7482,131104.2000
7483,131104.2000
7484,131104.2000
7485,131104.2000
7486,131104.2000
7487,131104.2000
7488,131104.2000
7489,131104.2000
7490,131104.2000
7491,131104.2000
7492,131104.2000
7493,131104.2000
7494,131104.2000
7495,131104.2000
7496,131104.2000
7497,131104.2000
7498,131104.2000
7499,131104.2000
7500,131104.2000
7501,131104.2000
7502,131104.2000
7503,131104.2000
7504,131104.2000
7505,131104.2000
7506,131104.2000
7507,131104.2000
7508,131104.2000
7509,131104.2000
7510,131104.2000
7511,131104.2000
7512,131104.2000
7513,131104.2000
7514,131104.2000
7515,131104.2000
7516,131104.2000
7517,131104.2000
7518,131104.2000
7519,131104.2000
7520,131104.2000
7521,131104.2000
7522,131104.2000
7523,131104.2000
7524,131104.2000
7525,131104.2000
7526,131104.2000
7527,131104.2000
7528,131104.2000
7529,131104.2000
7530,131104.2000
7531,131104.2000
7532,131104.2000
7533,131104.2000
7534,131104.2000
7535,131104.2000
7536,131104.2000
7537,131104.2000
7538,131104.2000
7539,131104.2000
7540,131104.2000
7541,131104.2000
7542,131104.2000
7543,131104.2000
7544,131104.2000
7545,131104.2000
7546,131104.2000
7547,131104.2000
7548,131104.2000
7549,131104.2000
7550,131104.2000
7551,131104.2000
7552,131104.2000
7553,131104.2000
7554,131104.2000
7555,131104.2000
7556,131104.2000
7557,131104.2000
7558,131104.2000
7559,131104.2000
7560,131104.2000
7561,131104.2000
7562,131104.2000
7563,131104.2000
7564,131104.2000
7565,131104.2000
7566,131104.2000
7567,131104.2000
7568,131104.2000
7569,131104.2000
7570,131104.2000
7571,131104.2000
7572,131104.2000
7573,131104.2000
7574,131104.2000
7575,131104.2000
7576,131104.2000
7577,131104.2000
7578,131104.2000
7579,131104.2000
7580,131104.2000
7581,131104.2000
7582,131104.2000
7583,131104.2000
7584,131104.2000
7585,131104.2000
7586,131104.2000
7587,131104.2000
7588,131104.2000
7589,131104.2000
7590,131104.2000
7591,131104.2000
7592,131104.2000
7593,131104.2000
7594,131104.2000
7595,131104.2000
7596,131104.2000
7597,131104.2000
7598,131104.2000
7599,131104.2000
7600,131104.2000
7601,131104.2000
7602,131104.2000
7603,131104.2000
7604,131104.2000
7605,131104.2000
7606,131104.2000
7607,131104.2000
7608,131104.2000
7609,131104.2000
7610,131104.2000
7611,131104.2000
7612,131104.2000
7613,131104.2000
7614,131104.2000
7615,131104.2000
7616,131104.2000
7617,131104.2000
7618,131104.2000
7619,131104.2000
7620,131104.2000
7621,131104.2000
7622,131104.2000
7623,131104.2000
7624,131104.2000
7625,131104.2000
7626,131104.2000
7627,131104.2000
7628,131104.2000
7629,131104.2000
7630,131104.2000
7631,131104.2000
7632,131104.2000
7633,131104.2000
7634,131104.2000
7635,131104.2000
7636,131104.2000
7637,131104.2000
7638,131104.2000
7639,131104.2000
7640,131104.2000
7641,131104.2000
7642,131104.2000
7643,131104.2000
7644,131104.2000
7645,131104.2000
7646,131104.2000
7647,131104.2000
7648,131104.2000
7649,131104.2000
7650,131104.2000
7651,131104.2000
7652,131104.2000
7653,131104.2000
7654,131104.2000
7655,131104.2000
7656,131104.2000
7657,131104.2000
7658,131104.2000
7659,131104.2000
7660,131104.2000
7661,131104.2000
7662,131104.2000
7663,131104.2000
7664,131104.2000
7665,131104.2000
7666,131104.2000
7667,131104.2000
7668,131104.2000
7669,131104.2000
7670,131104.2000
7671,131104.2000
7672,131104.2000
7673,131104.2000
7674,131104.2000
7675,131104.2000
7676,131104.2000
7677,131104.2000
7678,131104.2000
7679,131104.2000
7680,131104.2000
7681,131104.2000
7682,131104.2000
7683,131104.2000
7684,131104.2000
7685,131104.2000
7686,131104.2000
7687,131104.2000
7688,131104.2000
7689,131104.2000
7690,131104.2000
7691,131104.2000
7692,131104.2000
7693,131104.2000
7694,131104.2000
7695,131104.2000
7696,131104.2000
7697,131104.2000
7698,131104.2000
7699,131104.2000
7700,131104.2000
7701,131104.2000
7702,131104.2000
7703,131104.2000
7704,131104.2000
7705,131104.2000
7706,131104.2000
7707,131104.2000
7708,131104.2000
7709,131104.2000
7710,131104.2000
7711,131104.2000
7712,131104.2000
7713,131104.2000
7714,131104.2000
7715,131104.2000
7716,131104.2000
7717,131104.2000
7718,131104.2000
7719,131104.2000
7720,131104.2000
7721,131104.2000
7722,131104.2000
7723,131104.2000
7724,131104.2000
7725,131104.2000
7726,131104.2000
7727,131104.2000
7728,131104.2000
7729,131104.2000
7730,131104.2000
7731,131104.2000
7732,131104.2000
7733,131104.2000
7734,131104.2000
7735,131104.2000
7736,131104.2000
7737,131104.2000
7738,131104.2000
7739,131104.2000
7740,131104.2000
7741,131104.2000
7742,131104.2000
7743,131104.2000
7744,131104.2000
7745,131104.2000
7746,131104.2000
7747,131104.2000
7748,131104.2000
7749,131104.2000
7750,131104.2000
7751,131104.2000
7752,131104.2000
7753,131104.2000
7754,131104.2000
7755,131104.2000
7756,131104.2000
7757,131104.2000
7758,131104.2000
7759,131104.2000
7760,131104.2000
7761,131104.2000
7762,131104.2000
7763,131104.2000
7764,131104.2000
7765,131104.2000
7766,131104.2000
7767,131104.2000
7768,131104.2000
7769,131104.2000
7770,131104.2000
7771,131104.2000
7772,131104.2000
7773,131104.2000
7774,131104.2000
7775,131104.2000
7776,131104.2000
7777,131104.2000
7778,131104.2000
7779,131104.2000
7780,131104.2000
7781,131104.2000
7782,131104.2000
7783,131104.2000
7784,131104.2000
7785,131104.2000
7786,131104.2000
7787,131104.2000
7788,131104.2000
7789,131104.2000
7790,131104.2000
7791,131104.2000
7792,131104.2000
7793,131104.2000
7794,131104.2000
7795,131104.2000
7796,131104.2000
7797,131104.2000
7798,131104.2000
7799,131104.2000
7800,131104.2000
7801,131104.2000
7802,131104.2000
7803,131104.2000
7804,131104.2000
7805,131104.2000
7806,131104.2000
7807,131104.2000
7808,131104.2000
7809,131104.2000
7810,131104.2000
7811,131104.2000
7812,131104.2000
7813,131104.2000
7814,131104.2000
7815,131104.2000
7816,131104.2000
7817,131104.2000
7818,131104.2000
7819,131104.2000
7820,131104.2000
7821,131104.2000
7822,131104.2000
7823,131104.2000
7824,131104.2000
7825,131104.2000
7826,131104.2000
7827,131104.2000
7828,131104.2000
7829,131104.2000
7830,131104.2000
7831,131104.2000
7832,131104.2000
7833,131104.2000
7834,131104.2000
7835,131104.2000
7836,131104.2000
7837,131104.2000
7838,131104.2000
7839,131104.2000
7840,131104.2000
7841,131104.2000
7842,131104.2000
7843,131104.2000
7844,131104.2000
7845,131104.2000
7846,131104.2000
7847,131104.2000
7848,131104.2000
7849,131104.2000
7850,131104.2000
7851,131104.2000
7852,131104.2000
7853,131104.2000
7854,131104.2000
7855,131104.2000
7856,131104.2000
7857,131104.2000
7858,131104.2000
7859,131104.2000
7860,131104.2000
7861,131104.2000
7862,131104.2000
7863,131104.2000
7864,131104.2000
7865,131104.2000
7866,131104.2000
7867,131104.2000
7868,131104.2000
7869,131104.2000
7870,131104.2000
7871,131104.2000
7872,131104.2000
7873,131104.2000
7874,131104.2000
7875,131104.2000
7876,131104.2000
7877,131104.2000
7878,131104.2000
7879,131104.2000
7880,131104.2000
7881,131104.2000
7882,131104.2000
7883,131104.2000
7884,131104.2000
7885,131104.2000
7886,131104.2000
7887,131104.2000
7888,131104.2000
7889,131104.2000
7890,131104.2000
7891,131104.2000
7892,131104.2000
7893,131104.2000
7894,131104.2000
7895,131104.2000
7896,131104.2000
7897,131104.2000
7898,131104.2000
7899,131104.2000
7900,131104.2000
7901,131104.2000
7902,131104.2000
7903,131104.2000
7904,131104.2000
7905,131104.2000
7906,131104.2000
7907,131104.2000
7908,131104.2000
7909,131104.2000
7910,131104.2000
7911,131104.2000
7912,131104.2000
7913,131104.2000
7914,131104.2000
7915,131104.2000
7916,131104.2000
7917,131104.2000
7918,131104.2000
7919,131104.2000
7920,131104.2000
7921,131104.2000
7922,131104.2000
7923,131104.2000
7924,131104.2000
7925,131104.2000
7926,131104.2000
7927,131104.2000
7928,131104.2000
7929,131104.2000
7930,131104.2000
7931,131104.2000
7932,131104.2000
7933,131104.2000
7934,131104.2000
7935,131104.2000
7936,131104.2000
7937,131104.2000
7938,131104.2000
7939,131104.2000
7940,131104.2000
7941,131104.2000
7942,131104.2000
7943,131104.2000
7944,131104.2000
7945,131104.2000
7946,131104.2000
7947,131104.2000
7948,131104.2000
7949,131104.2000
7950,131104.2000
7951,131104.2000
7952,131104.2000
7953,131104.2000
7954,131104.2000
7955,131104.2000
7956,131104.2000
7957,131104.2000
7958,131104.2000
7959,131104.2000
7960,131104.2000
7961,131104.2000
7962,131104.2000
7963,131104.2000
7964,131104.2000
7965,131104.2000
7966,131104.2000
7967,131104.2000
7968,131104.2000
7969,131104.2000
7970,131104.2000
7971,131104.2000
7972,131104.2000
7973,131104.2000
7974,131104.2000
7975,131104.2000
7976,131104.2000
7977,131104.2000
7978,131104.2000
7979,131104.2000
7980,131104.2000
7981,131104.2000
7982,131104.2000
7983,131104.2000
7984,131104.2000
7985,131104.2000
7986,131104.2000
7987,131104.2000
7988,131104.2000
7989,131104.2000
7990,131104.2000
7991,131104.2000
7992,131104.2000
7993,131104.2000
7994,131104.2000
7995,131104.2000
7996,131104.2000
7997,131104.2000
7998,131104.2000
7999,131104.2000
8000,131104.2000
8001,131104.2000
8002,131104.2000
8003,131104.2000
8004,131104.2000
8005,131104.2000
8006,131104.2000
8007,131104.2000
8008,131104.2000
8009,131104.2000
8010,131104.2000
8011,131104.2000
8012,131104.2000
8013,131104.2000
8014,131104.2000
8015,131104.2000
8016,131104.2000
8017,131104.2000
8018,131104.2000
8019,131104.2000
8020,131104.2000
8021,131104.2000
8022,131104.2000
8023,131104.2000
8024,131104.2000
8025,131104.2000
8026,131104.2000
8027,131104.2000
8028,131104.2000
8029,131104.2000
8030,131104.2000
8031,131104.2000
8032,131104.2000
8033,131104.2000
8034,131104.2000
8035,131104.2000
8036,131104.2000
8037,131104.2000
8038,131104.2000
8039,131104.2000
8040,131104.2000
8041,131104.2000
8042,131104.2000
8043,131104.2000
8044,131104.2000
8045,131104.2000
8046,131104.2000
8047,131104.2000
8048,131104.2000
8049,131104.2000
8050,131104.2000
8051,131104.2000
8052,131104.2000
8053,131104.2000
8054,131104.2000
8055,131104.2000
8056,131104.2000
8057,131104.2000
8058,131104.2000
8059,131104.2000
8060,131104.2000
8061,131104.2000
8062,131104.2000
8063,131104.2000
8064,131104.2000
8065,131104.2000
8066,131104.2000
8067,131104.2000
8068,131104.2000
8069,131104.2000
8070,131104.2000
8071,131104.2000
8072,131104.2000
8073,131104.2000
8074,131104.2000
8075,131104.2000
8076,131104.2000
8077,131104.2000
8078,131104.2000
8079,131104.2000
8080,131104.2000
8081,131104.2000
8082,131104.2000
8083,131104.2000
8084,131104.2000
8085,131104.2000
8086,131104.2000
8087,131104.2000
8088,131104.2000
8089,131104.2000
8090,131104.2000
8091,131104.2000
8092,131104.2000
8093,131104.2000
8094,131104.2000
8095,131104.2000
8096,131104.2000
8097,131104.2000
8098,131104.2000
8099,131104.2000
8100,131104.2000
8101,131104.2000
8102,131104.2000
8103,131104.2000
8104,131104.2000
8105,131104.2000
8106,131104.2000
8107,131104.2000
8108,131104.2000
8109,131104.2000
8110,131104.2000
8111,131104.2000
8112,131104.2000
8113,131104.2000
8114,131104.2000
8115,131104.2000
8116,131104.2000
8117,131104.2000
8118,131104.2000
8119,131104.2000
8120,131104.2000
8121,131104.2000
8122,131104.2000
8123,131104.2000
8124,131104.2000
8125,131104.2000
8126,131104.2000
8127,131104.2000
8128,131104.2000
8129,131104.2000
8130,131104.2000
8131,131104.2000
8132,131104.2000
8133,131104.2000
8134,131104.2000
8135,131104.2000
8136,131104.2000
8137,131104.2000
8138,131104.2000
8139,131104.2000
8140,131104.2000
8141,131104.2000
8142,131104.2000
8143,131104.2000
8144,131104.2000
8145,131104.2000
8146,131104.2000
8147,131104.2000
8148,131104.2000
8149,131104.2000
8150,131104.2000
8151,131104.2000
8152,131104.2000
8153,131104.2000
8154,131104.2000
8155,131104.2000
8156,131104.2000
8157,131104.2000
8158,131104.2000
8159,131104.2000
8160,131104.2000
8161,131104.2000
8162,131104.2000
8163,131104.2000
8164,131104.2000
8165,131104.2000
8166,131104.2000
8167,131104.2000
8168,131104.2000
8169,131104.2000
8170,131104.2000
8171,131104.2000
8172,131104.2000
8173,131104.2000
8174,131104.2000
8175,131104.2000
8176,131104.2000
8177,131104.2000
8178,131104.2000
8179,131104.2000
8180,131104.2000
8181,131104.2000
8182,131104.2000
8183,131104.2000
8184,131104.2000
8185,131104.2000
8186,131104.2000
8187,131104.2000
8188,131104.2000
8189,131104.2000
8190,131104.2000
8191,131104.2000
8192,131104.2000
8193,131104.2000
8194,131104.2000
8195,131104.2000
8196,131104.2000
8197,131104.2000
8198,131104.2000
8199,131104.2000
8200,131104.2000
8201,131104.2000
8202,131104.2000
8203,131104.2000
8204,131104.2000
8205,131104.2000
8206,131104.2000
8207,131104.2000
8208,131104.2000
8209,131104.2000
8210,131104.2000
8211,131104.2000
8212,131104.2000
8213,131104.2000
8214,131104.2000
8215,131104.2000
8216,131104.2000
8217,131104.2000
8218,131104.2000
8219,131104.2000
8220,131104.2000
8221,131104.2000
8222,131104.2000
8223,131104.2000
8224,131104.2000
8225,131104.2000
8226,131104.2000
8227,131104.2000
8228,131104.2000
8229,131104.2000
8230,131104.2000
8231,131104.2000
8232,131104.2000
8233,131104.2000
8234,131104.2000
8235,131104.2000
8236,131104.2000
8237,131104.2000
8238,131104.2000
8239,131104.2000
8240,131104.2000
8241,131104.2000
8242,131104.2000
8243,131104.2000
8244,131104.2000
8245,131104.2000
8246,131104.2000
8247,131104.2000
8248,131104.2000
8249,131104.2000
8250,131104.2000
8251,131104.2000
8252,131104.2000
8253,131104.2000
8254,131104.2000
8255,131104.2000
8256,131104.2000
8257,131104.2000
8258,131104.2000
8259,131104.2000
8260,131104.2000
8261,131104.2000
8262,131104.2000
8263,131104.2000
8264,131104.2000
8265,131104.2000
8266,131104.2000
8267,131104.2000
8268,131104.2000
8269,131104.2000
8270,131104.2000
8271,131104.2000
8272,131104.2000
8273,131104.2000
8274,131104.2000
8275,131104.2000
8276,131104.2000
8277,131104.2000
8278,131104.2000
8279,131104.2000
8280,131104.2000
8281,131104.2000
8282,131104.2000
8283,131104.2000
8284,131104.2000
8285,131104.2000
8286,131104.2000
8287,131104.2000
8288,131104.2000
8289,131104.2000
8290,131104.2000
8291,131104.2000
8292,131104.2000
8293,131104.2000
8294,131104.2000
8295,131104.2000
8296,131104.2000
8297,131104.2000
8298,131104.2000
8299,131104.2000
8300,131104.2000
8301,131104.2000
8302,131104.2000
8303,131104.2000
8304,131104.2000
8305,131104.2000
8306,131104.2000
8307,131104.2000
8308,131104.2000
8309,131104.2000
8310,131104.2000
8311,131104.2000
8312,131104.2000
8313,131104.2000
8314,131104.2000
8315,131104.2000
8316,131104.2000
8317,131104.2000
8318,131104.2000
8319,131104.2000
8320,131104.2000
8321,131104.2000
8322,131104.2000
8323,131104.2000
8324,131104.2000
8325,131104.2000
8326,131104.2000
8327,131104.2000
8328,131104.2000
8329,131104.2000
8330,131104.2000
8331,131104.2000
8332,131104.2000
8333,131104.2000
8334,131104.2000
8335,131104.2000
8336,131104.2000
8337,131104.2000
8338,131104.2000
8339,131104.2000
8340,131104.2000
8341,131104.2000
8342,131104.2000
8343,131104.2000
8344,131104.2000
8345,131104.2000
8346,131104.2000
8347,131104.2000
8348,131104.2000
8349,131104.2000
8350,131104.2000
8351,131104.2000
8352,131104.2000
8353,131104.2000
8354,131104.2000
8355,131104.2000
8356,131104.2000
8357,131104.2000
8358,131104.2000
8359,131104.2000
8360,131104.2000
8361,131104.2000
8362,131104.2000
8363,131104.2000
8364,131104.2000
8365,131104.2000
8366,131104.2000
8367,131104.2000
8368,131104.2000
8369,131104.2000
8370,131104.2000
8371,131104.2000
8372,131104.2000
8373,131104.2000
8374,131104.2000
8375,131104.2000
8376,131104.2000
8377,131104.2000
8378,131104.2000
8379,131104.2000
8380,131104.2000
8381,131104.2000
8382,131104.2000
8383,131104.2000
8384,131104.2000
8385,131104.2000
8386,131104.2000
8387,131104.2000
8388,131104.2000
8389,131104.2000
8390,131104.2000
8391,131104.2000
8392,131104.2000
8393,131104.2000
8394,131104.2000
8395,131104.2000
8396,131104.2000
8397,131104.2000
8398,131104.2000
8399,131104.2000
8400,131104.2000
8401,131104.2000
8402,131104.2000
8403,131104.2000
8404,131104.2000
8405,131104.2000
8406,131104.2000
8407,131104.2000
8408,131104.2000
8409,131104.2000
8410,131104.2000
8411,131104.2000
8412,131104.2000
8413,131104.2000
8414,131104.2000
8415,131104.2000
8416,131104.2000
8417,131104.2000
8418,131104.2000
8419,131104.2000
8420,131104.2000
8421,131104.2000
8422,131104.2000
8423,131104.2000
8424,131104.2000
8425,131104.2000
8426,131104.2000
8427,131104.2000
8428,131104.2000
8429,131104.2000
8430,131104.2000
8431,131104.2000
8432,131104.2000
8433,131104.2000
8434,131104.2000
8435,131104.2000
8436,131104.2000
8437,131104.2000
8438,131104.2000
8439,131104.2000
8440,131104.2000
8441,131104.2000
8442,131104.2000
8443,131104.2000
8444,131104.2000
8445,131104.2000
8446,131104.2000
8447,131104.2000
8448,131104.2000
8449,131104.2000
8450,131104.2000
8451,131104.2000
8452,131104.2000
8453,131104.2000
8454,131104.2000
8455,131104.2000
8456,131104.2000
8457,131104.2000
8458,131104.2000
8459,131104.2000
8460,131104.2000
8461,131104.2000
8462,131104.2000
8463,131104.2000
8464,131104.2000
8465,131104.2000
8466,131104.2000
8467,131104.2000
8468,131104.2000
8469,131104.2000
8470,131104.2000
8471,131104.2000
8472,131104.2000
8473,131104.2000
8474,131104.2000
8475,131104.2000
8476,131104.2000
8477,131104.2000
8478,131104.2000
8479,131104.2000
8480,131104.2000
8481,131104.2000
8482,131104.2000
8483,131104.2000
8484,131104.2000
8485,131104.2000
8486,131104.2000
8487,131104.2000
8488,131104.2000
8489,131104.2000
8490,131104.2000
8491,131104.2000
8492,131104.2000
8493,131104.2000
8494,131104.2000
8495,131104.2000
8496,131104.2000
8497,131104.2000
8498,131104.2000
8499,131104.2000
8500,131104.2000
8501,131104.2000
8502,131104.2000
8503,131104.2000
8504,131104.2000
8505,131104.2000
8506,131104.2000
8507,131104.2000
8508,131104.2000
8509,131104.2000
8510,131104.2000
8511,131104.2000
8512,131104.2000
8513,131104.2000
8514,131104.2000
8515,131104.2000
8516,131104.2000
8517,131104.2000
8518,131104.2000
8519,131104.2000
8520,131104.2000
8521,131104.2000
8522,131104.2000
8523,131104.2000
8524,131104.2000
8525,131104.2000
8526,131104.2000
8527,131104.2000
8528,131104.2000
8529,131104.2000
8530,131104.2000
8531,131104.2000
8532,131104.2000
8533,131104.2000
8534,131104.2000
8535,131104.2000
8536,131104.2000
8537,131104.2000
8538,131104.2000
8539,131104.2000
8540,131104.2000
8541,131104.2000
8542,131104.2000
8543,131104.2000
8544,131104.2000
8545,131104.2000
8546,131104.2000
8547,131104.2000
8548,131104.2000
8549,131104.2000
8550,131104.2000
8551,131104.2000
8552,131104.2000
8553,131104.2000
8554,131104.2000
8555,131104.2000
8556,131104.2000
8557,131104.2000
8558,131104.2000
8559,131104.2000
8560,131104.2000
8561,131104.2000
8562,131104.2000
8563,131104.2000
8564,131104.2000
8565,131104.2000
8566,131104.2000
8567,131104.2000
8568,131104.2000
8569,131104.2000
8570,131104.2000
8571,131104.2000
8572,131104.2000
8573,131104.2000
8574,131104.2000
8575,131104.2000
8576,131104.2000
8577,131104.2000
8578,131104.2000
8579,131104.2000
8580,131104.2000
8581,131104.2000
8582,131104.2000
8583,131104.2000
8584,131104.2000
8585,131104.2000
8586,131104.2000
8587,131104.2000
8588,131104.2000
8589,131104.2000
8590,131104.2000
8591,131104.2000
8592,131104.2000
8593,131104.2000
8594,131104.2000
8595,131104.2000
8596,131104.2000
8597,131104.2000
8598,131104.2000
8599,131104.2000
8600,131104.2000
8601,131104.2000
8602,131104.2000
8603,131104.2000
8604,131104.2000
8605,131104.2000
8606,131104.2000
8607,131104.2000
8608,131104.2000
8609,131104.2000
8610,131104.2000
8611,131104.2000
8612,131104.2000
8613,131104.2000
8614,131104.2000
8615,131104.2000
8616,131104.2000
8617,131104.2000
8618,131104.2000
8619,131104.2000
8620,131104.2000
8621,131104.2000
8622,131104.2000
8623,131104.2000
8624,131104.2000
8625,131104.2000
8626,131104.2000
8627,131104.2000
8628,131104.2000
8629,131104.2000
8630,131104.2000
8631,131104.2000
8632,131104.2000
8633,131104.2000
8634,131104.2000
8635,131104.2000
8636,131104.2000
8637,131104.2000
8638,131104.2000
8639,131104.2000
8640,131104.2000
8641,131104.2000
8642,131104.2000
8643,131104.2000
8644,131104.2000
8645,131104.2000
8646,131104.2000
8647,131104.2000
8648,131104.2000
8649,131104.2000
8650,131104.2000
8651,131104.2000
8652,131104.2000
8653,131104.2000
8654,131104.2000
8655,131104.2000
8656,131104.2000
8657,131104.2000
8658,131104.2000
8659,131104.2000
8660,131104.2000
8661,131104.2000
8662,131104.2000
8663,131104.2000
8664,131104.2000
8665,131104.2000
8666,131104.2000
8667,131104.2000
8668,131104.2000
8669,131104.2000
8670,131104.2000
8671,131104.2000
8672,131104.2000
8673,131104.2000
8674,131104.2000
8675,131104.2000
8676,131104.2000
8677,131104.2000
8678,131104.2000
8679,131104.2000
8680,131104.2000
8681,131104.2000
8682,131104.2000
8683,131104.2000
8684,131104.2000
8685,131104.2000
8686,131104.2000
8687,131104.2000
8688,131104.2000
8689,131104.2000
8690,131104.2000
8691,131104.2000
8692,131104.2000
8693,131104.2000
8694,131104.2000
8695,131104.2000
8696,131104.2000
8697,131104.2000
8698,131104.2000
8699,131104.2000
8700,131104.2000
8701,131104.2000
8702,131104.2000
8703,131104.2000
8704,131104.2000
8705,131104.2000
8706,131104.2000
8707,131104.2000
8708,131104.2000
8709,131104.2000
8710,131104.2000
8711,131104.2000
8712,131104.2000
8713,131104.2000
8714,131104.2000
8715,131104.2000
8716,131104.2000
8717,131104.2000
8718,131104.2000
8719,131104.2000
8720,131104.2000
8721,131104.2000
8722,131104.2000
8723,131104.2000
8724,131104.2000
8725,131104.2000
8726,131104.2000
8727,131104.2000
8728,131104.2000
8729,131104.2000
8730,131104.2000
8731,131104.2000
8732,131104.2000
8733,131104.2000
8734,131104.2000
8735,131104.2000
8736,131104.2000
8737,131104.2000
8738,131104.2000
8739,131104.2000
8740,131104.2000
8741,131104.2000
8742,131104.2000
8743,131104.2000
8744,131104.2000
8745,131104.2000
8746,131104.2000
8747,131104.2000
8748,131104.2000
8749,131104.2000
8750,131104.2000
8751,131104.2000
8752,131104.2000
8753,131104.2000
8754,131104.2000
8755,131104.2000
8756,131104.2000
8757,131104.2000
8758,131104.2000
8759,131104.2000
8760,131104.2000
8761,131104.2000
8762,131104.2000
8763,131104.2000
8764,131104.2000
8765,131104.2000
8766,131104.2000
8767,131104.2000
8768,131104.2000
8769,131104.2000
8770,131104.2000
8771,131104.2000
8772,131104.2000
8773,131104.2000
8774,131104.2000
8775,131104.2000
8776,131104.2000
8777,131104.2000
8778,131104.2000
8779,131104.2000
8780,131104.2000
8781,131104.2000
8782,131104.2000
8783,131104.2000
8784,131104.2000
8785,131104.2000
8786,131104.2000
8787,131104.2000
8788,131104.2000
8789,131104.2000
8790,131104.2000
8791,131104.2000
8792,131104.2000
8793,131104.2000
8794,131104.2000
8795,131104.2000
8796,131104.2000
8797,131104.2000
8798,131104.2000
8799,131104.2000
8800,131104.2000
8801,131104.2000
8802,131104.2000
8803,131104.2000
8804,131104.2000
8805,131104.2000
8806,131104.2000
8807,131104.2000
8808,131104.2000
8809,131104.2000
8810,131104.2000
8811,131104.2000
8812,131104.2000
8813,131104.2000
8814,131104.2000
8815,131104.2000
8816,131104.2000
8817,131104.2000
8818,131104.2000
8819,131104.2000
8820,131104.2000
8821,131104.2000
8822,131104.2000
8823,131104.2000
8824,131104.2000
8825,131104.2000
8826,131104.2000
8827,131104.2000
8828,131104.2000
8829,131104.2000
8830,131104.2000
8831,131104.2000
8832,131104.2000
8833,131104.2000
8834,131104.2000
8835,131104.2000
8836,131104.2000
8837,131104.2000
8838,131104.2000
8839,131104.2000
8840,131104.2000
8841,131104.2000
8842,131104.2000
8843,131104.2000
8844,131104.2000
8845,131104.2000
8846,131104.2000
8847,131104.2000
8848,131104.2000
8849,131104.2000
8850,131104.2000
8851,131104.2000
8852,131104.2000
8853,131104.2000
8854,131104.2000
8855,131104.2000
8856,131104.2000
8857,131104.2000
8858,131104.2000
8859,131104.2000
8860,131104.2000
8861,131104.2000
8862,131104.2000
8863,131104.2000
8864,131104.2000
8865,131104.2000
8866,131104.2000
8867,131104.2000
8868,131104.2000
8869,131104.2000
8870,131104.2000
8871,131104.2000
8872,131104.2000
8873,131104.2000
8874,131104.2000
8875,131104.2000
8876,131104.2000
8877,131104.2000
8878,131104.2000
8879,131104.2000
8880,131104.2000
8881,131104.2000
8882,131104.2000
8883,131104.2000
8884,131104.2000
8885,131104.2000
8886,131104.2000
8887,131104.2000
8888,131104.2000
8889,131104.2000
8890,131104.2000
8891,131104.2000
8892,131104.2000
8893,131104.2000
8894,131104.2000
8895,131104.2000
8896,131104.2000
8897,131104.2000
8898,131104.2000
8899,131104.2000
8900,131104.2000
8901,131104.2000
8902,131104.2000
8903,131104.2000
8904,131104.2000
8905,131104.2000
8906,131104.2000
8907,131104.2000
8908,131104.2000
8909,131104.2000
8910,131104.2000
8911,131104.2000
8912,131104.2000
8913,131104.2000
8914,131104.2000
8915,131104.2000
8916,131104.2000
8917,131104.2000
8918,131104.2000
8919,131104.2000
8920,131104.2000
8921,131104.2000
8922,131104.2000
8923,131104.2000
8924,131104.2000
8925,131104.2000
8926,131104.2000
8927,131104.2000
8928,131104.2000
8929,131104.2000
8930,131104.2000
8931,131104.2000
8932,131104.2000
8933,131104.2000
8934,131104.2000
8935,131104.2000
8936,131104.2000
8937,131104.2000
8938,131104.2000
8939,131104.2000
8940,131104.2000
8941,131104.2000
8942,131104.2000
8943,131104.2000
8944,131104.2000
8945,131104.2000
8946,131104.2000
8947,131104.2000
8948,131104.2000
8949,131104.2000
8950,131104.2000
8951,131104.2000
8952,131104.2000
8953,131104.2000
8954,131104.2000
8955,131104.2000
8956,131104.2000
8957,131104.2000
8958,131104.2000
8959,131104.2000
8960,131104.2000
8961,131104.2000
8962,131104.2000
8963,131104.2000
8964,131104.2000
8965,131104.2000
8966,131104.2000
8967,131104.2000
8968,131104.2000
8969,131104.2000
8970,131104.2000
8971,131104.2000
8972,131104.2000
8973,131104.2000
8974,131104.2000
8975,131104.2000
8976,131104.2000
8977,131104.2000
8978,131104.2000
8979,131104.2000
8980,131104.2000
8981,131104.2000
8982,131104.2000
8983,131104.2000
8984,131104.2000
8985,131104.2000
8986,131104.2000
8987,131104.2000
8988,131104.2000
8989,131104.2000
8990,131104.2000
8991,131104.2000
8992,131104.2000
8993,131104.2000
8994,131104.2000
8995,131104.2000
8996,131104.2000
8997,131104.2000
8998,131104.2000
8999,131104.2000
9000,131104.2000
9001,131104.2000
9002,131104.2000
9003,131104.2000
9004,131104.2000
9005,131104.2000
9006,131104.2000
9007,131104.2000
9008,131104.2000
9009,131104.2000
9010,131104.2000
9011,131104.2000
9012,131104.2000
9013,131104.2000
9014,131104.2000
9015,131104.2000
9016,131104.2000
9017,131104.2000
9018,131104.2000
9019,131104.2000
9020,131104.2000
9021,131104.2000
9022,131104.2000
9023,131104.2000
9024,131104.2000
9025,131104.2000
9026,131104.2000
9027,131104.2000
9028,131104.2000
9029,131104.2000
9030,131104.2000
9031,131104.2000
9032,131104.2000
9033,131104.2000
9034,131104.2000
9035,131104.2000
9036,131104.2000
9037,131104.2000
9038,131104.2000
9039,131104.2000
9040,131104.2000
9041,131104.2000
9042,131104.2000
9043,131104.2000
9044,131104.2000
9045,131104.2000
9046,131104.2000
9047,131104.2000
9048,131104.2000
9049,131104.2000
9050,131104.2000
9051,131104.2000
9052,131104.2000
9053,131104.2000
9054,131104.2000
9055,131104.2000
9056,131104.2000
9057,131104.2000
9058,131104.2000
9059,131104.2000
9060,131104.2000
9061,131104.2000
9062,131104.2000
9063,131104.2000
9064,131104.2000
9065,131104.2000
9066,131104.2000
9067,131104.2000
9068,131104.2000
9069,131104.2000
9070,131104.2000
9071,131104.2000
9072,131104.2000
9073,131104.2000
9074,131104.2000
9075,131104.2000
9076,131104.2000
9077,131104.2000
9078,131104.2000
9079,131104.2000
9080,131104.2000
9081,131104.2000
9082,131104.2000
9083,131104.2000
9084,131104.2000
9085,131104.2000
9086,131104.2000
9087,131104.2000
9088,131104.2000
9089,131104.2000
9090,131104.2000
9091,131104.2000
9092,131104.2000
9093,131104.2000
9094,131104.2000
9095,131104.2000
9096,131104.2000
9097,131104.2000
9098,131104.2000
9099,131104.2000
9100,131104.2000
9101,131104.2000
9102,131104.2000
9103,131104.2000
9104,131104.2000
9105,131104.2000
9106,131104.2000
9107,131104.2000
9108,131104.2000
9109,131104.2000
9110,131104.2000
9111,131104.2000
9112,131104.2000
9113,131104.2000
9114,131104.2000
9115,131104.2000
9116,131104.2000
9117,131104.2000
9118,131104.2000
9119,131104.2000
9120,131104.2000
9121,131104.2000
9122,131104.2000
9123,131104.2000
9124,131104.2000
9125,131104.2000
9126,131104.2000
9127,131104.2000
9128,131104.2000
9129,131104.2000
9130,131104.2000
9131,131104.2000
9132,131104.2000
9133,131104.2000
9134,131104.2000
9135,131104.2000
9136,131104.2000
9137,131104.2000
9138,131104.2000
9139,131104.2000
9140,131104.2000
9141,131104.2000
9142,131104.2000
9143,131104.2000
9144,131104.2000
9145,131104.2000
9146,131104.2000
9147,131104.2000
9148,131104.2000
9149,131104.2000
9150,131104.2000
9151,131104.2000
9152,131104.2000
9153,131104.2000
9154,131104.2000
9155,131104.2000
9156,131104.2000
9157,131104.2000
9158,131104.2000
9159,131104.2000
9160,131104.2000
9161,131104.2000
9162,131104.2000
9163,131104.2000
9164,131104.2000
9165,131104.2000
9166,131104.2000
9167,131104.2000
9168,131104.2000
9169,131104.2000
9170,131104.2000
9171,131104.2000
9172,131104.2000
9173,131104.2000
9174,131104.2000
9175,131104.2000
9176,131104.2000
9177,131104.2000
9178,131104.2000
9179,131104.2000
9180,131104.2000
9181,131104.2000
9182,131104.2000
9183,131104.2000
9184,131104.2000
9185,131104.2000
9186,131104.2000
9187,131104.2000
9188,131104.2000
9189,131104.2000
9190,131104.2000
9191,131104.2000
9192,131104.2000
9193,131104.2000
9194,131104.2000
9195,131104.2000
9196,131104.2000
9197,131104.2000
9198,131104.2000
9199,131104.2000
9200,131104.2000
9201,131104.2000
9202,131104.2000
9203,131104.2000
9204,131104.2000
9205,131104.2000
9206,131104.2000
9207,131104.2000
9208,131104.2000
9209,131104.2000
9210,131104.2000
9211,131104.2000
9212,131104.2000
9213,131104.2000
9214,131104.2000
9215,131104.2000
9216,131104.2000
9217,131104.2000
9218,131104.2000
9219,131104.2000
9220,131104.2000
9221,131104.2000
9222,131104.2000
9223,131104.2000
9224,131104.2000
9225,131104.2000
9226,131104.2000
9227,131104.2000
9228,131104.2000
9229,131104.2000
9230,131104.2000
9231,131104.2000
9232,131104.2000
9233,131104.2000
9234,131104.2000
9235,131104.2000
9236,131104.2000
9237,131104.2000
9238,131104.2000
9239,131104.2000
9240,131104.2000
9241,131104.2000
9242,131104.2000
9243,131104.2000
9244,131104.2000
9245,131104.2000
9246,131104.2000
9247,131104.2000
9248,131104.2000
9249,131104.2000
9250,131104.2000
9251,131104.2000
9252,131104.2000
9253,131104.2000
9254,131104.2000
9255,131104.2000
9256,131104.2000
9257,131104.2000
9258,131104.2000
9259,131104.2000
9260,131104.2000
9261,131104.2000
9262,131104.2000
9263,131104.2000
9264,131104.2000
9265,131104.2000
9266,131104.2000
9267,131104.2000
9268,131104.2000
9269,131104.2000
9270,131104.2000
9271,131104.2000
9272,131104.2000
9273,131104.2000
9274,131104.2000
9275,131104.2000
9276,131104.2000
9277,131104.2000
9278,131104.2000
9279,131104.2000
9280,131104.2000
9281,131104.2000
9282,131104.2000
9283,131104.2000
9284,131104.2000
9285,131104.2000
9286,131104.2000
9287,131104.2000
9288,131104.2000
9289,131104.2000
9290,131104.2000
9291,131104.2000
9292,131104.2000
9293,131104.2000
9294,131104.2000
9295,131104.2000
9296,131104.2000
9297,131104.2000
9298,131104.2000
9299,131104.2000
9300,131104.2000
9301,131104.2000
9302,131104.2000
9303,131104.2000
9304,131104.2000
9305,131104.2000
9306,131104.2000
9307,131104.2000
9308,131104.2000
9309,131104.2000
9310,131104.2000
9311,131104.2000
9312,131104.2000
9313,131104.2000
9314,131104.2000
9315,131104.2000
9316,131104.2000
9317,131104.2000
9318,131104.2000
9319,131104.2000
9320,131104.2000
9321,131104.2000
9322,131104.2000
9323,131104.2000
9324,131104.2000
9325,131104.2000
9326,131104.2000
9327,131104.2000
9328,131104.2000
9329,131104.2000
9330,131104.2000
9331,131104.2000
9332,131104.2000
9333,131104.2000
9334,131104.2000
9335,131104.2000
9336,131104.2000
9337,131104.2000
9338,131104.2000
9339,131104.2000
9340,131104.2000
9341,131104.2000
9342,131104.2000
9343,131104.2000
9344,131104.2000
9345,131104.2000
9346,131104.2000
9347,131104.2000
9348,131104.2000
9349,131104.2000
9350,131104.2000
9351,131104.2000
9352,131104.2000
9353,131104.2000
9354,131104.2000
9355,131104.2000
9356,131104.2000
9357,131104.2000
9358,131104.2000
9359,131104.2000
9360,131104.2000
9361,131104.2000
9362,131104.2000
9363,131104.2000
9364,131104.2000
9365,131104.2000
9366,131104.2000
9367,131104.2000
9368,131104.2000
9369,131104.2000
9370,131104.2000
9371,131104.2000
9372,131104.2000
9373,131104.2000
9374,131104.2000
9375,131104.2000
9376,131104.2000
9377,131104.2000
9378,131104.2000
9379,131104.2000
9380,131104.2000
9381,131104.2000
9382,131104.2000
9383,131104.2000
9384,131104.2000
9385,131104.2000
9386,131104.2000
9387,131104.2000
9388,131104.2000
9389,131104.2000
9390,131104.2000
9391,131104.2000
9392,131104.2000
9393,131104.2000
9394,131104.2000
9395,131104.2000
9396,131104.2000
9397,131104.2000
9398,131104.2000
9399,131104.2000
9400,131104.2000
9401,131104.2000
9402,131104.2000
9403,131104.2000
9404,131104.2000
9405,131104.2000
9406,131104.2000
9407,131104.2000
9408,131104.2000
9409,131104.2000
9410,131104.2000
9411,131104.2000
9412,131104.2000
9413,131104.2000
9414,131104.2000
9415,131104.2000
9416,131104.2000
9417,131104.2000
9418,131104.2000
9419,131104.2000
9420,131104.2000
9421,131104.2000
9422,131104.2000
9423,131104.2000
9424,131104.2000
9425,131104.2000
9426,131104.2000
9427,131104.2000
9428,131104.2000
9429,131104.2000
9430,131104.2000
9431,131104.2000
9432,131104.2000
9433,131104.2000
9434,131104.2000
9435,131104.2000
9436,131104.2000
9437,131104.2000
9438,131104.2000
9439,131104.2000
9440,131104.2000
9441,131104.2000
9442,131104.2000
9443,131104.2000
9444,131104.2000
9445,131104.2000
9446,131104.2000
9447,131104.2000
9448,131104.2000
9449,131104.2000
9450,131104.2000
9451,131104.2000
9452,131104.2000
9453,131104.2000
9454,131104.2000
9455,131104.2000
9456,131104.2000
9457,131104.2000
9458,131104.2000
9459,131104.2000
9460,131104.2000
9461,131104.2000
9462,131104.2000
9463,131104.2000
9464,131104.2000
9465,131104.2000
9466,131104.2000
9467,131104.2000
9468,131104.2000
9469,131104.2000
9470,131104.2000
9471,131104.2000
9472,131104.2000
9473,131104.2000
9474,131104.2000
9475,131104.2000
9476,131104.2000
9477,131104.2000
9478,131104.2000
9479,131104.2000
9480,131104.2000
9481,131104.2000
9482,131104.2000
9483,131104.2000
9484,131104.2000
9485,131104.2000
9486,131104.2000
9487,131104.2000
9488,131104.2000
9489,131104.2000
9490,131104.2000
9491,131104.2000
9492,131104.2000
9493,131104.2000
9494,131104.2000
9495,131104.2000
9496,131104.2000
9497,131104.2000
9498,131104.2000
9499,131104.2000
9500,131104.2000
9501,131104.2000
9502,131104.2000
9503,131104.2000
9504,131104.2000
9505,131104.2000
9506,131104.2000
9507,131104.2000
9508,131104.2000
9509,131104.2000
9510,131104.2000
9511,131104.2000
9512,131104.2000
9513,131104.2000
9514,131104.2000
9515,131104.2000
9516,131104.2000
9517,131104.2000
9518,131104.2000
9519,131104.2000
9520,131104.2000
9521,131104.2000
9522,131104.2000
9523,131104.2000
9524,131104.2000
9525,131104.2000
9526,131104.2000
9527,131104.2000
9528,131104.2000
9529,131104.2000
9530,131104.2000
9531,131104.2000
9532,131104.2000
9533,131104.2000
9534,131104.2000
9535,131104.2000
9536,131104.2000
9537,131104.2000
9538,131104.2000
9539,131104.2000
9540,131104.2000
9541,131104.2000
9542,131104.2000
9543,131104.2000
9544,131104.2000
9545,131104.2000
9546,131104.2000
9547,131104.2000
9548,131104.2000
9549,131104.2000
9550,131104.2000
9551,131104.2000
9552,131104.2000
9553,131104.2000
9554,131104.2000
9555,131104.2000
9556,131104.2000
9557,131104.2000
9558,131104.2000
9559,131104.2000
9560,131104.2000
9561,131104.2000
9562,131104.2000
9563,131104.2000
9564,131104.2000
9565,131104.2000
9566,131104.2000
9567,131104.2000
9568,131104.2000
9569,131104.2000
9570,131104.2000
9571,131104.2000
9572,131104.2000
9573,131104.2000
9574,131104.2000
9575,131104.2000
9576,131104.2000
9577,131104.2000
9578,131104.2000
9579,131104.2000
9580,131104.2000
9581,131104.2000
9582,131104.2000
9583,131104.2000
9584,131104.2000
9585,131104.2000
9586,131104.2000
9587,131104.2000
9588,131104.2000
9589,131104.2000
9590,131104.2000
9591,131104.2000
9592,131104.2000
9593,131104.2000
9594,131104.2000
9595,131104.2000
9596,131104.2000
9597,131104.2000
9598,131104.2000
9599,131104.2000
9600,131104.2000
9601,131104.2000
9602,131104.2000
9603,131104.2000
9604,131104.2000
9605,131104.2000
9606,131104.2000
9607,131104.2000
9608,131104.2000
9609,131104.2000
9610,131104.2000
9611,131104.2000
9612,131104.2000
9613,131104.2000
9614,131104.2000
9615,131104.2000
9616,131104.2000
9617,131104.2000
9618,131104.2000
9619,131104.2000
9620,131104.2000
9621,131104.2000
9622,131104.2000
9623,131104.2000
9624,131104.2000
9625,131104.2000
9626,131104.2000
9627,131104.2000
9628,131104.2000
9629,131104.2000
9630,131104.2000
9631,131104.2000
9632,131104.2000
9633,131104.2000
9634,131104.2000
9635,131104.2000
9636,131104.2000
9637,131104.2000
9638,131104.2000
9639,131104.2000
9640,131104.2000
9641,131104.2000
9642,131104.2000
9643,131104.2000
9644,131104.2000
9645,131104.2000
9646,131104.2000
9647,131104.2000
9648,131104.2000
9649,131104.2000
9650,131104.2000
9651,131104.2000
9652,131104.2000
9653,131104.2000
9654,131104.2000
9655,131104.2000
9656,131104.2000
9657,131104.2000
9658,131104.2000
9659,131104.2000
9660,131104.2000
9661,131104.2000
9662,131104.2000
9663,131104.2000
9664,131104.2000
9665,131104.2000
9666,131104.2000
9667,131104.2000
9668,131104.2000
9669,131104.2000
9670,131104.2000
9671,131104.2000
9672,131104.2000
9673,131104.2000
9674,131104.2000
9675,131104.2000
9676,131104.2000
9677,131104.2000
9678,131104.2000
9679,131104.2000
9680,131104.2000
9681,131104.2000
9682,131104.2000
9683,131104.2000
9684,131104.2000
9685,131104.2000
9686,131104.2000
9687,131104.2000
9688,131104.2000
9689,131104.2000
9690,131104.2000
9691,131104.2000
9692,131104.2000
9693,131104.2000
9694,131104.2000
9695,131104.2000
9696,131104.2000
9697,131104.2000
9698,131104.2000
9699,131104.2000
9700,131104.2000
9701,131104.2000
9702,131104.2000
9703,131104.2000
9704,131104.2000
9705,131104.2000
9706,131104.2000
9707,131104.2000
9708,131104.2000
9709,131104.2000
9710,131104.2000
9711,131104.2000
9712,131104.2000
9713,131104.2000
9714,131104.2000
9715,131104.2000
9716,131104.2000
9717,131104.2000
9718,131104.2000
9719,131104.2000
9720,131104.2000
9721,131104.2000
9722,131104.2000
9723,131104.2000
9724,131104.2000
9725,131104.2000
9726,131104.2000
9727,131104.2000
9728,131104.2000
9729,131104.2000
9730,131104.2000
9731,131104.2000
9732,131104.2000
9733,131104.2000
9734,131104.2000
9735,131104.2000
9736,131104.2000
9737,131104.2000
9738,131104.2000
9739,131104.2000
9740,131104.2000
9741,131104.2000
9742,131104.2000
9743,131104.2000
9744,131104.2000
9745,131104.2000
9746,131104.2000
9747,131104.2000
9748,131104.2000
9749,131104.2000
9750,131104.2000
9751,131104.2000
9752,131104.2000
9753,131104.2000
9754,131104.2000
9755,131104.2000
9756,131104.2000
9757,131104.2000
9758,131104.2000
9759,131104.2000
9760,131104.2000
9761,131104.2000
9762,131104.2000
9763,131104.2000
9764,131104.2000
9765,131104.2000
9766,131104.2000
9767,131104.2000
9768,131104.2000
9769,131104.2000
9770,131104.2000
9771,131104.2000
9772,131104.2000
9773,131104.2000
9774,131104.2000
9775,131104.2000
9776,131104.2000
9777,131104.2000
9778,131104.2000
9779,131104.2000
9780,131104.2000
9781,131104.2000
9782,131104.2000
9783,131104.2000
9784,131104.2000
9785,131104.2000
9786,131104.2000
9787,131104.2000
9788,131104.2000
9789,131104.2000
9790,131104.2000
9791,131104.2000
9792,131104.2000
9793,131104.2000
9794,131104.2000
9795,131104.2000
9796,131104.2000
9797,131104.2000
9798,131104.2000
9799,131104.2000
9800,131104.2000
9801,131104.2000
9802,131104.2000
9803,131104.2000
9804,131104.2000
9805,131104.2000
9806,131104.2000
9807,131104.2000
9808,131104.2000
9809,131104.2000
9810,131104.2000
9811,131104.2000
9812,131104.2000
9813,131104.2000
9814,131104.2000
9815,131104.2000
9816,131104.2000
9817,131104.2000
9818,131104.2000
9819,131104.2000
9820,131104.2000
9821,131104.2000
9822,131104.2000
9823,131104.2000
9824,131104.2000
9825,131104.2000
9826,131104.2000
9827,131104.2000
9828,131104.2000
9829,131104.2000
9830,131104.2000
9831,131104.2000
9832,131104.2000
9833,131104.2000
9834,131104.2000
9835,131104.2000
9836,131104.2000
9837,131104.2000
9838,131104.2000
9839,131104.2000
9840,131104.2000
9841,131104.2000
9842,131104.2000
9843,131104.2000
9844,131104.2000
9845,131104.2000
9846,131104.2000
9847,131104.2000
9848,131104.2000
9849,131104.2000
9850,131104.2000
9851,131104.2000
9852,131104.2000
9853,130050.0000
9854,130050.0000
9855,130050.0000
9856,130050.0000
9857,130050.0000
9858,130050.0000
9859,130050.0000
9860,130050.0000
9861,130050.0000
9862,130050.0000
9863,130050.0000
9864,130050.0000
9865,130050.0000
9866,130050.0000
9867,130050.0000
9868,130050.0000
9869,130050.0000
9870,130050.0000
9871,130050.0000
9872,130050.0000
9873,130050.0000
9874,130050.0000
9875,130050.0000
9876,130050.0000
9877,130050.0000
9878,130050.0000
9879,130050.0000
9880,130050.0000
9881,130050.0000
9882,130050.0000
9883,130050.0000
9884,130050.0000
9885,130050.0000
9886,130050.0000
9887,130050.0000
9888,130050.0000
9889,130050.0000
9890,130050.0000
9891,130050.0000
9892,130050.0000
9893,130050.0000
9894,130050.0000
9895,130050.0000
9896,130050.0000
9897,130050.0000
9898,130050.0000
9899,130050.0000
9900,130050.0000
9901,130050.0000
9902,130050.0000
9903,130050.0000
9904,130050.0000
9905,130050.0000
9906,130050.0000
9907,130050.0000
9908,130050.0000
9909,130050.0000
9910,130050.0000
9911,130050.0000
9912,130050.0000
9913,130050.0000
9914,130050.0000
9915,130050.0000
9916,130050.0000
9917,130050.0000
9918,130050.0000
9919,130050.0000
9920,130050.0000
9921,130050.0000
9922,130050.0000
9923,130050.0000
9924,130050.0000
9925,130050.0000
9926,130050.0000
9927,130050.0000
9928,130050.0000
9929,130050.0000
9930,130050.0000
9931,130050.0000
9932,130050.0000
9933,130050.0000
9934,130050.0000
9935,130050.0000
9936,130050.0000
9937,130050.0000
9938,130050.0000
9939,130050.0000
9940,130050.0000
9941,130050.0000
9942,130050.0000
9943,130050.0000
9944,130050.0000
9945,130050.0000
9946,130050.0000
9947,130050.0000
9948,130050.0000
9949,130050.0000
9950,130050.0000
9951,130050.0000
9952,130050.0000
9953,130050.0000
9954,130050.0000
9955,130050.0000
9956,130050.0000
9957,130050.0000
9958,130050.0000
9959,130050.0000
9960,130050.0000
9961,130050.0000
9962,130050.0000
9963,130050.0000
9964,130050.0000
9965,130050.0000
9966,130050.0000
9967,130050.0000
9968,130050.0000
9969,130050.0000
9970,130050.0000
9971,130050.0000
9972,130050.0000
9973,130050.0000
9974,130050.0000
9975,130050.0000
9976,130050.0000
9977,130050.0000
9978,130050.0000
9979,130050.0000
9980,130050.0000
9981,130050.0000
9982,130050.0000
9983,130050.0000
9984,130050.0000
9985,130050.0000
9986,130050.0000
9987,130050.0000
9988,130050.0000
9989,130050.0000
9990,130050.0000
9991,130050.0000
9992,130050.0000
9993,130050.0000
9994,130050.0000
9995,130050.0000
9996,130050.0000
9997,130050.0000
9998,130050.0000
9999,130050.0000
10000,130050.0000
10001,130050.0000
10002,130050.0000
10003,130050.0000
10004,130050.0000
10005,130050.0000
10006,130050.0000
10007,130050.0000
10008,130050.0000
10009,130050.0000
10010,130050.0000
10011,130050.0000
10012,130050.0000
10013,130050.0000
10014,130050.0000
10015,130050.0000
10016,130050.0000
10017,130050.0000
10018,130050.0000
10019,130050.0000
10020,130050.0000
10021,130050.0000
10022,130050.0000
10023,130050.0000
10024,130050.0000
10025,130050.0000
10026,130050.0000
10027,130050.0000
10028,130050.0000
10029,130050.0000
10030,130050.0000
10031,130050.0000
10032,130050.0000
10033,130050.0000
10034,130050.0000
10035,130050.0000
10036,130050.0000
10037,130050.0000
10038,130050.0000
10039,130050.0000
10040,130050.0000
10041,130050.0000
10042,130050.0000
10043,130050.0000
10044,130050.0000
10045,130050.0000
10046,130050.0000
10047,130050.0000
10048,130050.0000
10049,130050.0000
10050,130050.0000
10051,130050.0000
10052,130050.0000
10053,130050.0000
10054,130050.0000
10055,130050.0000
10056,130050.0000
10057,130050.0000
10058,130050.0000
10059,130050.0000
10060,130050.0000
10061,130050.0000
10062,130050.0000
10063,130050.0000
10064,130050.0000
10065,130050.0000
10066,130050.0000
10067,130050.0000
10068,130050.0000
10069,130050.0000
10070,130050.0000
10071,130050.0000
10072,130050.0000
10073,130050.0000
10074,130050.0000
10075,130050.0000
10076,130050.0000
10077,130050.0000
10078,130050.0000
10079,130050.0000
10080,130050.0000
10081,130050.0000
10082,130050.0000
10083,130050.0000
10084,130050.0000
10085,130050.0000
10086,130050.0000
10087,130050.0000
10088,130050.0000
10089,130050.0000
10090,130050.0000
10091,130050.0000
10092,130050.0000
10093,130050.0000
10094,130050.0000
10095,130050.0000
10096,130050.0000
10097,130050.0000
10098,130050.0000
10099,130050.0000
10100,130050.0000
10101,130050.0000
10102,130050.0000
10103,130050.0000
10104,130050.0000
10105,130050.0000
10106,130050.0000
10107,130050.0000
10108,130050.0000
10109,130050.0000
10110,130050.0000
10111,130050.0000
10112,130050.0000
10113,130050.0000
10114,130050.0000
10115,130050.0000
10116,130050.0000
10117,130050.0000
10118,130050.0000
10119,130050.0000
10120,130050.0000
10121,130050.0000
10122,130050.0000
10123,130050.0000
10124,130050.0000
10125,130050.0000
10126,130050.0000
10127,130050.0000
10128,130050.0000
10129,130050.0000
10130,130050.0000
10131,130050.0000
10132,130050.0000
10133,130050.0000
10134,130050.0000
10135,130050.0000
10136,130050.0000
10137,130050.0000
10138,130050.0000
10139,130050.0000
10140,130050.0000
10141,130050.0000
10142,130050.0000
10143,130050.0000
10144,130050.0000
10145,130050.0000
10146,130050.0000
10147,130050.0000
10148,130050.0000
10149,130050.0000
10150,130050.0000
10151,130050.0000
10152,130050.0000
10153,130050.0000
10154,130050.0000
10155,130050.0000
10156,130050.0000
10157,130050.0000
10158,130050.0000
10159,130050.0000
10160,130050.0000
10161,130050.0000
10162,130050.0000
10163,130050.0000
10164,130050.0000
10165,130050.0000
10166,130050.0000
10167,130050.0000
10168,130050.0000
10169,130050.0000
10170,130050.0000
10171,130050.0000
10172,130050.0000
10173,130050.0000
10174,130050.0000
10175,130050.0000
10176,130050.0000
10177,130050.0000
10178,130050.0000
10179,130050.0000
10180,130050.0000
10181,130050.0000
10182,130050.0000
10183,130050.0000
10184,130050.0000
10185,130050.0000
10186,130050.0000
10187,130050.0000
10188,130050.0000
10189,130050.0000
10190,130050.0000
10191,130050.0000
10192,130050.0000
10193,130050.0000
10194,130050.0000
10195,130050.0000
10196,130050.0000
10197,130050.0000
10198,130050.0000
10199,130050.0000
10200,130050.0000
10201,130050.0000
10202,130050.0000
10203,130050.0000
10204,130050.0000
10205,130050.0000
10206,130050.0000
10207,130050.0000
10208,130050.0000
10209,130050.0000
10210,130050.0000
10211,130050.0000
10212,130050.0000
10213,130050.0000
10214,130050.0000
10215,130050.0000
10216,130050.0000
10217,130050.0000
10218,130050.0000
10219,130050.0000
10220,130050.0000
10221,130050.0000
10222,130050.0000
10223,130050.0000
10224,130050.0000
10225,130050.0000
10226,130050.0000
10227,130050.0000
10228,130050.0000
10229,130050.0000
10230,130050.0000
10231,130050.0000
10232,130050.0000
10233,130050.0000
10234,130050.0000
10235,130050.0000
10236,130050.0000
10237,130050.0000
10238,130050.0000
10239,130050.0000
10240,130050.0000
10241,130050.0000
10242,130050.0000
10243,130050.0000
10244,130050.0000
10245,130050.0000
10246,130050.0000
10247,130050.0000
10248,130050.0000
10249,130050.0000
10250,130050.0000
10251,130050.0000
10252,130050.0000
10253,130050.0000
10254,130050.0000
10255,130050.0000
10256,130050.0000
10257,130050.0000
10258,130050.0000
10259,130050.0000
10260,130050.0000
10261,130050.0000
10262,130050.0000
10263,130050.0000
10264,130050.0000
10265,130050.0000
10266,130050.0000
10267,130050.0000
10268,130050.0000
10269,130050.0000
10270,130050.0000
10271,130050.0000
10272,130050.0000
10273,130050.0000
10274,130050.0000
10275,130050.0000
10276,130050.0000
10277,130050.0000
10278,130050.0000
10279,130050.0000
10280,130050.0000
10281,130050.0000
10282,130050.0000
10283,130050.0000
10284,130050.0000
10285,130050.0000
10286,130050.0000
10287,130050.0000
10288,130050.0000
10289,130050.0000
10290,130050.0000
10291,130050.0000
10292,130050.0000
10293,130050.0000
10294,130050.0000
10295,130050.0000
10296,130050.0000
10297,130050.0000
10298,130050.0000
10299,130050.0000
10300,130050.0000
10301,130050.0000
10302,130050.0000
10303,130050.0000
10304,130050.0000
10305,130050.0000
10306,130050.0000
10307,130050.0000
10308,130050.0000
10309,130050.0000
10310,130050.0000
10311,130050.0000
10312,130050.0000
10313,130050.0000
10314,130050.0000
10315,130050.0000
10316,130050.0000
10317,130050.0000
10318,130050.0000
10319,130050.0000
10320,130050.0000
10321,130050.0000
10322,130050.0000
10323,130050.0000
10324,130050.0000
10325,130050.0000
10326,130050.0000
10327,130050.0000
10328,130050.0000
10329,130050.0000
10330,130050.0000
10331,130050.0000
10332,130050.0000
10333,130050.0000
10334,130050.0000
10335,130050.0000
10336,130050.0000
10337,130050.0000
10338,130050.0000
10339,130050.0000
10340,130050.0000
10341,130050.0000
10342,130050.0000
10343,130050.0000
10344,130050.0000
10345,130050.0000
10346,130050.0000
10347,130050.0000
10348,130050.0000
10349,130050.0000
10350,130050.0000
10351,130050.0000
10352,130050.0000
10353,130050.0000
10354,130050.0000
10355,130050.0000
10356,130050.0000
10357,130050.0000
10358,130050.0000
10359,130050.0000
10360,130050.0000
10361,130050.0000
10362,130050.0000
10363,130050.0000
10364,130050.0000
10365,130050.0000
10366,130050.0000
10367,130050.0000
10368,130050.0000
10369,130050.0000
10370,130050.0000
10371,130050.0000
10372,130050.0000
10373,130050.0000
10374,130050.0000
10375,130050.0000
10376,130050.0000
10377,130050.0000
10378,130050.0000
10379,130050.0000
10380,130050.0000
10381,130050.0000
10382,130050.0000
10383,130050.0000
10384,130050.0000
10385,130050.0000
10386,130050.0000
10387,130050.0000
10388,130050.0000
10389,130050.0000
10390,130050.0000
10391,130050.0000
10392,130050.0000
10393,130050.0000
10394,130050.0000
10395,130050.0000
10396,130050.0000
10397,130050.0000
10398,130050.0000
10399,130050.0000
10400,130050.0000
10401,130050.0000
10402,130050.0000
10403,130050.0000
10404,130050.0000
10405,130050.0000
10406,130050.0000
10407,130050.0000
10408,130050.0000
10409,130050.0000
10410,130050.0000
10411,130050.0000
10412,130050.0000
10413,130050.0000
10414,130050.0000
10415,130050.0000
10416,130050.0000
10417,130050.0000
10418,130050.0000
10419,130050.0000
10420,130050.0000
10421,130050.0000
10422,130050.0000
10423,130050.0000
10424,130050.0000
10425,130050.0000
10426,130050.0000
10427,130050.0000
10428,130050.0000
10429,130050.0000
10430,130050.0000
10431,130050.0000
10432,130050.0000
10433,130050.0000
10434,130050.0000
10435,130050.0000
10436,130050.0000
10437,130050.0000
10438,130050.0000
10439,130050.0000
10440,130050.0000
10441,130050.0000
10442,130050.0000
10443,130050.0000
10444,130050.0000
10445,130050.0000
10446,130050.0000
10447,130050.0000
10448,130050.0000
10449,130050.0000
10450,130050.0000
10451,130050.0000
10452,130050.0000
10453,130050.0000
10454,130050.0000
10455,130050.0000
10456,130050.0000
10457,130050.0000
10458,130050.0000
10459,130050.0000
10460,130050.0000
10461,130050.0000
10462,130050.0000
10463,130050.0000
10464,130050.0000
10465,130050.0000
10466,130050.0000
10467,130050.0000
10468,130050.0000
10469,130050.0000
10470,130050.0000
10471,130050.0000
10472,130050.0000
10473,130050.0000
10474,130050.0000
10475,130050.0000
10476,130050.0000
10477,130050.0000
10478,130050.0000
10479,130050.0000
10480,130050.0000
10481,130050.0000
10482,130050.0000
10483,130050.0000
10484,130050.0000
10485,130050.0000
10486,130050.0000
10487,130050.0000
10488,130050.0000
10489,130050.0000
10490,130050.0000
10491,130050.0000
10492,130050.0000
10493,130050.0000
10494,130050.0000
10495,130050.0000
10496,130050.0000
10497,130050.0000
10498,130050.0000
10499,130050.0000
10500,130050.0000
10501,130050.0000
10502,130050.0000
10503,130050.0000
10504,130050.0000
10505,130050.0000
10506,130050.0000
10507,130050.0000
10508,130050.0000
10509,130050.0000
10510,130050.0000
10511,130050.0000
10512,130050.0000
10513,130050.0000
10514,130050.0000
10515,130050.0000
10516,130050.0000
10517,130050.0000
10518,130050.0000
10519,130050.0000
10520,130050.0000
10521,130050.0000
10522,130050.0000
10523,130050.0000
10524,130050.0000
10525,130050.0000
10526,130050.0000
10527,130050.0000
10528,130050.0000
10529,130050.0000
10530,130050.0000
10531,130050.0000
10532,130050.0000
10533,130050.0000
10534,130050.0000
10535,130050.0000
10536,130050.0000
10537,130050.0000
10538,130050.0000
10539,130050.0000
10540,130050.0000
10541,130050.0000
10542,130050.0000
10543,130050.0000
10544,130050.0000
10545,130050.0000
10546,130050.0000
10547,130050.0000
10548,130050.0000
10549,130050.0000
10550,130050.0000
10551,130050.0000
10552,130050.0000
10553,130050.0000
10554,130050.0000
10555,130050.0000
10556,130050.0000
10557,130050.0000
10558,130050.0000
10559,130050.0000
10560,130050.0000
10561,130050.0000
10562,130050.0000
10563,130050.0000
10564,130050.0000
10565,130050.0000
10566,130050.0000
10567,130050.0000
10568,130050.0000
10569,130050.0000
10570,130050.0000
10571,130050.0000
10572,130050.0000
10573,130050.0000
10574,130050.0000
10575,130050.0000
10576,130050.0000
10577,130050.0000
10578,130050.0000
10579,130050.0000
10580,130050.0000
10581,130050.0000
10582,130050.0000
10583,130050.0000
10584,130050.0000
10585,130050.0000
10586,130050.0000
10587,130050.0000
10588,130050.0000
10589,130050.0000
10590,130050.0000
10591,130050.0000
10592,130050.0000
10593,130050.0000
10594,130050.0000
10595,130050.0000
10596,130050.0000
10597,130050.0000
10598,130050.0000
10599,130050.0000
10600,130050.0000
10601,130050.0000
10602,130050.0000
10603,130050.0000
10604,130050.0000
10605,130050.0000
10606,130050.0000
10607,130050.0000
10608,130050.0000
10609,130050.0000
10610,130050.0000
10611,130050.0000
10612,130050.0000
10613,130050.0000
10614,130050.0000
10615,130050.0000
10616,130050.0000
10617,130050.0000
10618,130050.0000
10619,130050.0000
10620,130050.0000
10621,130050.0000
10622,130050.0000
10623,130050.0000
10624,130050.0000
10625,130050.0000
10626,130050.0000
10627,130050.0000
10628,130050.0000
10629,130050.0000
10630,130050.0000
10631,130050.0000
10632,130050.0000
10633,130050.0000
10634,130050.0000
10635,130050.0000
10636,130050.0000
10637,130050.0000
10638,130050.0000
10639,130050.0000
10640,130050.0000
10641,130050.0000
10642,130050.0000
10643,130050.0000
10644,130050.0000
10645,130050.0000
10646,130050.0000
10647,130050.0000
10648,130050.0000
10649,130050.0000
10650,130050.0000
10651,130050.0000
10652,130050.0000
10653,130050.0000
10654,130050.0000
10655,130050.0000
10656,130050.0000
10657,130050.0000
10658,130050.0000
10659,130050.0000
10660,130050.0000
10661,130050.0000
10662,130050.0000
10663,130050.0000
10664,130050.0000
10665,130050.0000
10666,130050.0000
10667,130050.0000
10668,130050.0000
10669,130050.0000
10670,130050.0000
10671,130050.0000
10672,130050.0000
10673,130050.0000
10674,130050.0000
10675,130050.0000
10676,130050.0000
10677,130050.0000
10678,130050.0000
10679,130050.0000
10680,130050.0000
10681,130050.0000
10682,130050.0000
10683,130050.0000
10684,130050.0000
10685,130050.0000
10686,130050.0000
10687,130050.0000
10688,130050.0000
10689,130050.0000
10690,130050.0000
10691,130050.0000
10692,130050.0000
10693,130050.0000
10694,130050.0000
10695,130050.0000
10696,130050.0000
10697,130050.0000
10698,130050.0000
10699,130050.0000
10700,130050.0000
10701,130050.0000
10702,130050.0000
10703,130050.0000
10704,130050.0000
10705,130050.0000
10706,130050.0000
10707,130050.0000
10708,130050.0000
10709,130050.0000
10710,130050.0000
10711,130050.0000
10712,130050.0000
10713,130050.0000
10714,130050.0000
10715,130050.0000
10716,130050.0000
10717,130050.0000
10718,130050.0000
10719,130050.0000
10720,130050.0000
10721,130050.0000
10722,130050.0000
10723,130050.0000
10724,130050.0000
10725,130050.0000
10726,130050.0000
10727,130050.0000
10728,130050.0000
10729,130050.0000
10730,130050.0000
10731,130050.0000
10732,130050.0000
10733,130050.0000
10734,130050.0000
10735,130050.0000
10736,130050.0000
10737,130050.0000
10738,130050.0000
10739,130050.0000
10740,130050.0000
10741,130050.0000
10742,130050.0000
10743,130050.0000
10744,130050.0000
10745,130050.0000
10746,130050.0000
10747,130050.0000
10748,130050.0000
10749,130050.0000
10750,130050.0000
10751,130050.0000
10752,130050.0000
10753,130050.0000
10754,130050.0000
10755,130050.0000
10756,130050.0000
10757,130050.0000
10758,130050.0000
10759,130050.0000
10760,130050.0000
10761,130050.0000
10762,130050.0000
10763,130050.0000
10764,130050.0000
10765,130050.0000
10766,130050.0000
10767,130050.0000
10768,130050.0000
10769,130050.0000
10770,130050.0000
10771,130050.0000
10772,130050.0000
10773,130050.0000
10774,130050.0000
10775,130050.0000
10776,130050.0000
10777,130050.0000
10778,130050.0000
10779,130050.0000
10780,130050.0000
10781,130050.0000
10782,130050.0000
10783,130050.0000
10784,130050.0000
10785,130050.0000
10786,130050.0000
10787,130050.0000
10788,130050.0000
10789,130050.0000
10790,130050.0000
10791,130050.0000
10792,130050.0000
10793,130050.0000
10794,130050.0000
10795,130050.0000
10796,130050.0000
10797,130050.0000
10798,130050.0000
10799,130050.0000
10800,130050.0000
10801,130050.0000
10802,130050.0000
10803,130050.0000
10804,130050.0000
10805,130050.0000
10806,130050.0000
10807,130050.0000
10808,130050.0000
10809,130050.0000
10810,130050.0000
10811,130050.0000
10812,130050.0000
10813,130050.0000
10814,130050.0000
10815,130050.0000
10816,130050.0000
10817,130050.0000
10818,130050.0000
10819,130050.0000
10820,130050.0000
10821,130050.0000
10822,130050.0000
10823,130050.0000
10824,130050.0000
10825,130050.0000
10826,130050.0000
10827,130050.0000
10828,130050.0000
10829,130050.0000
10830,130050.0000
10831,130050.0000
10832,130050.0000
10833,130050.0000
10834,130050.0000
10835,130050.0000
10836,130050.0000
10837,130050.0000
10838,130050.0000
10839,130050.0000
10840,130050.0000
10841,130050.0000
10842,130050.0000
10843,130050.0000
10844,130050.0000
10845,130050.0000
10846,130050.0000
10847,130050.0000
10848,130050.0000
10849,130050.0000
10850,130050.0000
10851,130050.0000
10852,130050.0000
10853,130050.0000
10854,130050.0000
10855,130050.0000
10856,130050.0000
10857,130050.0000
10858,130050.0000
10859,130050.0000
10860,130050.0000
10861,130050.0000
10862,130050.0000
10863,130050.0000
10864,130050.0000
10865,130050.0000
10866,130050.0000
10867,130050.0000
10868,130050.0000
10869,130050.0000
10870,130050.0000
10871,130050.0000
10872,130050.0000
10873,130050.0000
10874,130050.0000
10875,130050.0000
10876,130050.0000
10877,130050.0000
10878,130050.0000
10879,130050.0000
10880,130050.0000
10881,130050.0000
10882,130050.0000
10883,130050.0000
10884,130050.0000
10885,130050.0000
10886,130050.0000
10887,130050.0000
10888,130050.0000
10889,130050.0000
10890,130050.0000
10891,130050.0000
10892,130050.0000
10893,130050.0000
10894,130050.0000
10895,130050.0000
10896,130050.0000
10897,130050.0000
10898,130050.0000
10899,130050.0000
10900,130050.0000
10901,130050.0000
10902,130050.0000
10903,130050.0000
10904,130050.0000
10905,130050.0000
10906,130050.0000
10907,130050.0000
10908,130050.0000
10909,130050.0000
10910,130050.0000
10911,130050.0000
10912,130050.0000
10913,130050.0000
10914,130050.0000
10915,130050.0000
10916,130050.0000
10917,130050.0000
10918,130050.0000
10919,130050.0000
10920,130050.0000
10921,130050.0000
10922,130050.0000
10923,130050.0000
10924,130050.0000
10925,130050.0000
10926,130050.0000
10927,130050.0000
10928,130050.0000
10929,130050.0000
10930,130050.0000
10931,130050.0000
10932,130050.0000
10933,130050.0000
10934,130050.0000
10935,130050.0000
10936,130050.0000
10937,130050.0000
10938,130050.0000
10939,130050.0000
10940,130050.0000
10941,130050.0000
10942,130050.0000
10943,130050.0000
10944,130050.0000
10945,130050.0000
10946,130050.0000
10947,130050.0000
10948,130050.0000
10949,130050.0000
10950,130050.0000
10951,130050.0000
10952,130050.0000
10953,130050.0000
10954,130050.0000
10955,130050.0000
10956,130050.0000
10957,130050.0000
10958,130050.0000
10959,130050.0000
10960,130050.0000
10961,130050.0000
10962,130050.0000
10963,130050.0000
10964,130050.0000
10965,130050.0000
10966,130050.0000
10967,130050.0000
10968,130050.0000
10969,130050.0000
10970,130050.0000
10971,130050.0000
10972,130050.0000
10973,130050.0000
10974,130050.0000
10975,130050.0000
10976,130050.0000
10977,130050.0000
10978,130050.0000
10979,130050.0000
10980,130050.0000
10981,130050.0000
10982,130050.0000
10983,130050.0000
10984,130050.0000
10985,130050.0000
10986,130050.0000
10987,130050.0000
10988,130050.0000
10989,130050.0000
10990,130050.0000
10991,130050.0000
10992,130050.0000
10993,130050.0000
10994,130050.0000
10995,130050.0000
10996,130050.0000
10997,130050.0000
10998,130050.0000
10999,130050.0000
11000,130050.0000
11001,130050.0000
11002,130050.0000
11003,130050.0000
11004,130050.0000
11005,130050.0000
11006,130050.0000
11007,130050.0000
11008,130050.0000
11009,130050.0000
11010,130050.0000
11011,130050.0000
11012,130050.0000
11013,130050.0000
11014,130050.0000
11015,130050.0000
11016,130050.0000
11017,130050.0000
11018,130050.0000
11019,130050.0000
11020,130050.0000
11021,130050.0000
11022,130050.0000
11023,130050.0000
11024,130050.0000
11025,130050.0000
11026,130050.0000
11027,130050.0000
11028,130050.0000
11029,130050.0000
11030,130050.0000
11031,130050.0000
11032,130050.0000
11033,130050.0000
11034,130050.0000
11035,130050.0000
11036,130050.0000
11037,130050.0000
11038,130050.0000
11039,130050.0000
11040,130050.0000
11041,130050.0000
11042,130050.0000
11043,130050.0000
11044,130050.0000
11045,130050.0000
11046,130050.0000
11047,130050.0000
11048,130050.0000
11049,130050.0000
11050,130050.0000
11051,130050.0000
11052,130050.0000
11053,130050.0000
11054,130050.0000
11055,130050.0000
11056,130050.0000
11057,130050.0000
11058,130050.0000
11059,130050.0000
11060,130050.0000
11061,130050.0000
11062,130050.0000
11063,130050.0000
11064,130050.0000
11065,130050.0000
11066,130050.0000
11067,130050.0000
11068,130050.0000
11069,130050.0000
11070,130050.0000
11071,130050.0000
11072,130050.0000
11073,130050.0000
11074,130050.0000
11075,130050.0000
11076,130050.0000
11077,130050.0000
11078,130050.0000
11079,130050.0000
11080,130050.0000
11081,130050.0000
11082,130050.0000
11083,130050.0000
11084,130050.0000
11085,130050.0000
11086,130050.0000
11087,130050.0000
11088,130050.0000
11089,130050.0000
11090,130050.0000
11091,130050.0000
11092,130050.0000
11093,130050.0000
11094,130050.0000
11095,130050.0000
11096,130050.0000
11097,130050.0000
11098,130050.0000
11099,130050.0000
11100,130050.0000
11101,130050.0000
11102,130050.0000
11103,130050.0000
11104,130050.0000
11105,130050.0000
11106,130050.0000
11107,130050.0000
11108,130050.0000
11109,130050.0000
11110,130050.0000
11111,130050.0000
11112,130050.0000
11113,130050.0000
11114,130050.0000
11115,130050.0000
11116,130050.0000
11117,130050.0000
11118,130050.0000
11119,130050.0000
11120,130050.0000
11121,130050.0000
11122,130050.0000
11123,130050.0000
11124,130050.0000
11125,130050.0000
11126,130050.0000
11127,130050.0000
11128,130050.0000
11129,130050.0000
11130,130050.0000
11131,130050.0000
11132,130050.0000
11133,130050.0000
11134,130050.0000
11135,130050.0000
11136,130050.0000
11137,130050.0000
11138,130050.0000
11139,130050.0000
11140,130050.0000
11141,130050.0000
11142,130050.0000
11143,130050.0000
11144,130050.0000
11145,130050.0000
11146,130050.0000
11147,130050.0000
11148,130050.0000
11149,130050.0000
11150,130050.0000
11151,130050.0000
11152,130050.0000
11153,130050.0000
11154,130050.0000
11155,130050.0000
11156,130050.0000
11157,130050.0000
11158,130050.0000
11159,130050.0000
11160,130050.0000
11161,130050.0000
11162,130050.0000
11163,130050.0000
11164,130050.0000
11165,130050.0000
11166,130050.0000
11167,130050.0000
11168,130050.0000
11169,130050.0000
11170,130050.0000
11171,130050.0000
11172,130050.0000
11173,130050.0000
11174,130050.0000
11175,130050.0000
11176,130050.0000
11177,130050.0000
11178,130050.0000
11179,130050.0000
11180,130050.0000
11181,130050.0000
11182,130050.0000
11183,130050.0000
11184,130050.0000
11185,130050.0000
11186,130050.0000
11187,130050.0000
11188,130050.0000
11189,130050.0000
11190,130050.0000
11191,130050.0000
11192,130050.0000
11193,130050.0000
11194,130050.0000
11195,130050.0000
11196,130050.0000
11197,130050.0000
11198,130050.0000
11199,130050.0000
11200,130050.0000
11201,130050.0000
11202,130050.0000
11203,130050.0000
11204,130050.0000
11205,130050.0000
11206,130050.0000
11207,130050.0000
11208,130050.0000
11209,130050.0000
11210,130050.0000
11211,130050.0000
11212,130050.0000
11213,130050.0000
11214,130050.0000
11215,130050.0000
11216,130050.0000
11217,130050.0000
11218,130050.0000
11219,130050.0000
11220,130050.0000
11221,130050.0000
11222,130050.0000
11223,130050.0000
11224,130050.0000
11225,130050.0000
11226,130050.0000
11227,130050.0000
11228,130050.0000
11229,130050.0000
11230,130050.0000
11231,130050.0000
11232,130050.0000
11233,130050.0000
11234,130050.0000
11235,130050.0000
11236,130050.0000
11237,130050.0000
11238,130050.0000
11239,130050.0000
11240,130050.0000
11241,130050.0000
11242,130050.0000
11243,130050.0000
11244,130050.0000
11245,130050.0000
11246,130050.0000
11247,130050.0000
11248,130050.0000
11249,130050.0000
11250,130050.0000
11251,130050.0000
11252,130050.0000
11253,130050.0000
11254,130050.0000
11255,130050.0000
11256,130050.0000
11257,130050.0000
11258,130050.0000
11259,130050.0000
11260,130050.0000
11261,130050.0000
11262,130050.0000
11263,130050.0000
11264,130050.0000
11265,130050.0000
11266,130050.0000
11267,130050.0000
11268,130050.0000
11269,130050.0000
11270,130050.0000
11271,130050.0000
11272,130050.0000
11273,130050.0000
11274,130050.0000
11275,130050.0000
11276,130050.0000
11277,130050.0000
11278,130050.0000
11279,130050.0000
11280,130050.0000
11281,130050.0000
11282,130050.0000
11283,130050.0000
11284,130050.0000
11285,130050.0000
11286,130050.0000
11287,130050.0000
11288,130050.0000
11289,130050.0000
11290,130050.0000
11291,130050.0000
11292,130050.0000
11293,130050.0000
11294,130050.0000
11295,130050.0000
11296,130050.0000
11297,130050.0000
11298,130050.0000
11299,130050.0000
11300,130050.0000
11301,130050.0000
11302,130050.0000
11303,130050.0000
11304,130050.0000
11305,130050.0000
11306,130050.0000
11307,130050.0000
11308,130050.0000
11309,130050.0000
11310,130050.0000
11311,130050.0000
11312,130050.0000
11313,130050.0000
11314,130050.0000
11315,130050.0000
11316,130050.0000
11317,130050.0000
11318,130050.0000
11319,130050.0000
11320,130050.0000
11321,130050.0000
11322,130050.0000
11323,130050.0000
11324,130050.0000
11325,130050.0000
11326,130050.0000
11327,130050.0000
11328,130050.0000
11329,130050.0000
11330,130050.0000
11331,130050.0000
11332,130050.0000
11333,130050.0000
11334,130050.0000
11335,130050.0000
11336,130050.0000
11337,130050.0000
11338,130050.0000
11339,130050.0000
11340,130050.0000
11341,130050.0000
11342,130050.0000
11343,130050.0000
11344,130050.0000
11345,130050.0000
11346,130050.0000
11347,130050.0000
11348,130050.0000
11349,130050.0000
11350,130050.0000
11351,130050.0000
11352,130050.0000
11353,130050.0000
11354,130050.0000
11355,130050.0000
11356,130050.0000
11357,130050.0000
11358,130050.0000
11359,130050.0000
11360,130050.0000
11361,130050.0000
11362,130050.0000
11363,130050.0000
11364,130050.0000
11365,130050.0000
11366,130050.0000
11367,130050.0000
11368,130050.0000
11369,130050.0000
11370,130050.0000
11371,130050.0000
11372,130050.0000
11373,130050.0000
11374,130050.0000
11375,130050.0000
11376,130050.0000
11377,130050.0000
11378,130050.0000
11379,130050.0000
11380,130050.0000
11381,130050.0000
11382,130050.0000
11383,130050.0000
11384,130050.0000
11385,130050.0000
11386,130050.0000
11387,130050.0000
11388,130050.0000
11389,130050.0000
11390,130050.0000
11391,130050.0000
11392,130050.0000
11393,130050.0000
11394,130050.0000
11395,130050.0000
11396,130050.0000
11397,130050.0000
11398,130050.0000
11399,130050.0000
11400,130050.0000
11401,130050.0000
11402,130050.0000
11403,130050.0000
11404,130050.0000
11405,130050.0000
11406,130050.0000
11407,130050.0000
11408,130050.0000
11409,130050.0000
11410,130050.0000
11411,130050.0000
11412,130050.0000
11413,130050.0000
11414,130050.0000
11415,130050.0000
11416,130050.0000
11417,130050.0000
11418,130050.0000
11419,130050.0000
11420,130050.0000
11421,130050.0000
11422,130050.0000
11423,130050.0000
11424,130050.0000
11425,130050.0000
11426,130050.0000
11427,130050.0000
11428,130050.0000
11429,130050.0000
11430,130050.0000
11431,130050.0000
11432,130050.0000
11433,130050.0000
11434,130050.0000
11435,130050.0000
11436,130050.0000
11437,130050.0000
11438,130050.0000
11439,130050.0000
11440,130050.0000
11441,130050.0000
11442,130050.0000
11443,130050.0000
11444,130050.0000
11445,130050.0000
11446,130050.0000
11447,130050.0000
11448,130050.0000
11449,130050.0000
11450,130050.0000
11451,130050.0000
11452,130050.0000
11453,130050.0000
11454,130050.0000
11455,130050.0000
11456,130050.0000
11457,130050.0000
11458,130050.0000
11459,130050.0000
11460,130050.0000
11461,130050.0000
11462,130050.0000
11463,130050.0000
11464,130050.0000
11465,130050.0000
11466,130050.0000
11467,130050.0000
11468,130050.0000
11469,130050.0000
11470,130050.0000
11471,130050.0000
11472,130050.0000
11473,130050.0000
11474,130050.0000
11475,130050.0000
11476,130050.0000
11477,130050.0000
11478,130050.0000
11479,130050.0000
11480,130050.0000
11481,130050.0000
11482,130050.0000
11483,130050.0000
11484,130050.0000
11485,130050.0000
11486,130050.0000
11487,130050.0000
11488,130050.0000
11489,130050.0000
11490,130050.0000
11491,130050.0000
11492,130050.0000
11493,130050.0000
11494,130050.0000
11495,130050.0000
11496,130050.0000
11497,130050.0000
11498,130050.0000
11499,130050.0000
11500,130050.0000
11501,130050.0000
11502,130050.0000
11503,130050.0000
11504,130050.0000
11505,130050.0000
11506,130050.0000
11507,130050.0000
11508,130050.0000
11509,130050.0000
11510,130050.0000
11511,130050.0000
11512,130050.0000
11513,130050.0000
11514,130050.0000
11515,130050.0000
11516,130050.0000
11517,130050.0000
11518,130050.0000
11519,130050.0000
11520,130050.0000
11521,130050.0000
11522,130050.0000
11523,130050.0000
11524,130050.0000
11525,130050.0000
11526,130050.0000
11527,130050.0000
11528,130050.0000
11529,130050.0000
11530,130050.0000
11531,130050.0000
11532,130050.0000
11533,130050.0000
11534,130050.0000
11535,130050.0000
11536,130050.0000
11537,130050.0000
11538,130050.0000
11539,130050.0000
11540,130050.0000
11541,130050.0000
11542,130050.0000
11543,130050.0000
11544,130050.0000
11545,130050.0000
11546,130050.0000
11547,130050.0000
11548,130050.0000
11549,130050.0000
11550,130050.0000
11551,130050.0000
11552,130050.0000
11553,130050.0000
11554,130050.0000
11555,130050.0000
11556,130050.0000
11557,130050.0000
11558,130050.0000
11559,130050.0000
11560,130050.0000
11561,130050.0000
11562,130050.0000
11563,130050.0000
11564,130050.0000
11565,130050.0000
11566,130050.0000
11567,130050.0000
11568,130050.0000
11569,130050.0000
11570,130050.0000
11571,130050.0000
11572,130050.0000
11573,130050.0000
11574,130050.0000
11575,130050.0000
11576,130050.0000
11577,130050.0000
11578,130050.0000
11579,130050.0000
11580,130050.0000
11581,130050.0000
11582,130050.0000
11583,130050.0000
11584,130050.0000
11585,130050.0000
11586,130050.0000
11587,130050.0000
11588,130050.0000
11589,130050.0000
11590,130050.0000
11591,130050.0000
11592,130050.0000
11593,130050.0000
11594,130050.0000
11595,130050.0000
11596,130050.0000
11597,130050.0000
11598,130050.0000
11599,130050.0000
11600,130050.0000
11601,130050.0000
11602,130050.0000
11603,130050.0000
11604,130050.0000
11605,130050.0000
11606,130050.0000
11607,130050.0000
11608,130050.0000
11609,130050.0000
11610,130050.0000
11611,130050.0000
11612,130050.0000
11613,130050.0000
11614,130050.0000
11615,130050.0000
11616,130050.0000
11617,130050.0000
11618,130050.0000
11619,130050.0000
11620,130050.0000
11621,130050.0000
11622,130050.0000
11623,130050.0000
11624,130050.0000
11625,130050.0000
11626,130050.0000
11627,130050.0000
11628,130050.0000
11629,130050.0000
11630,130050.0000
11631,130050.0000
11632,130050.0000
11633,130050.0000
11634,130050.0000
11635,130050.0000
11636,130050.0000
11637,130050.0000
11638,130050.0000
11639,130050.0000
11640,130050.0000
11641,130050.0000
11642,130050.0000
11643,130050.0000
11644,130050.0000
11645,130050.0000
11646,130050.0000
11647,130050.0000
11648,130050.0000
11649,130050.0000
11650,130050.0000
11651,130050.0000
11652,130050.0000
11653,130050.0000
11654,130050.0000
11655,130050.0000
11656,130050.0000
11657,130050.0000
11658,130050.0000
11659,130050.0000
11660,130050.0000
11661,130050.0000
11662,130050.0000
11663,130050.0000
11664,130050.0000
11665,130050.0000
11666,130050.0000
11667,130050.0000
11668,130050.0000
11669,130050.0000
11670,130050.0000
11671,130050.0000
11672,130050.0000
11673,130050.0000
11674,130050.0000
11675,130050.0000
11676,130050.0000
11677,130050.0000
11678,130050.0000
11679,130050.0000
11680,130050.0000
11681,130050.0000
11682,130050.0000
11683,130050.0000
11684,130050.0000
11685,130050.0000
11686,130050.0000
11687,130050.0000
11688,130050.0000
11689,130050.0000
11690,130050.0000
11691,130050.0000
11692,130050.0000
11693,130050.0000
11694,130050.0000
11695,130050.0000
11696,130050.0000
11697,130050.0000
11698,130050.0000
11699,130050.0000
11700,130050.0000
11701,130050.0000
11702,130050.0000
11703,130050.0000
11704,130050.0000
11705,130050.0000
11706,130050.0000
11707,130050.0000
11708,130050.0000
11709,130050.0000
11710,130050.0000
11711,130050.0000
11712,130050.0000
11713,130050.0000
11714,130050.0000
11715,130050.0000
11716,130050.0000
11717,130050.0000
11718,130050.0000
11719,130050.0000
11720,130050.0000
11721,130050.0000
11722,130050.0000
11723,130050.0000
11724,130050.0000
11725,130050.0000
11726,130050.0000
11727,130050.0000
11728,130050.0000
11729,130050.0000
11730,130050.0000
11731,130050.0000
11732,130050.0000
11733,130050.0000
11734,130050.0000
11735,130050.0000
11736,130050.0000
11737,130050.0000
11738,130050.0000
11739,130050.0000
11740,130050.0000
11741,130050.0000
11742,130050.0000
11743,130050.0000
11744,130050.0000
11745,130050.0000
11746,130050.0000
11747,130050.0000
11748,130050.0000
11749,130050.0000
11750,130050.0000
11751,130050.0000
11752,130050.0000
11753,130050.0000
11754,130050.0000
11755,130050.0000
11756,130050.0000
11757,130050.0000
11758,130050.0000
11759,130050.0000
11760,130050.0000
11761,130050.0000
11762,130050.0000
11763,130050.0000
11764,130050.0000
11765,130050.0000
11766,130050.0000
11767,130050.0000
11768,130050.0000
11769,130050.0000
11770,130050.0000
11771,130050.0000
11772,130050.0000
11773,130050.0000
11774,130050.0000
11775,130050.0000
11776,130050.0000
11777,130050.0000
11778,130050.0000
11779,130050.0000
11780,130050.0000
11781,130050.0000
11782,130050.0000
11783,130050.0000
11784,130050.0000
11785,130050.0000
11786,130050.0000
11787,130050.0000
11788,130050.0000
11789,130050.0000
11790,130050.0000
11791,130050.0000
11792,130050.0000
11793,130050.0000
11794,130050.0000
11795,130050.0000
11796,130050.0000
11797,130050.0000
11798,130050.0000
11799,130050.0000
11800,130050.0000
11801,130050.0000
11802,130050.0000
11803,130050.0000
11804,130050.0000
11805,130050.0000
11806,130050.0000
11807,130050.0000
11808,130050.0000
11809,130050.0000
11810,130050.0000
11811,130050.0000
11812,130050.0000
11813,130050.0000
11814,130050.0000
11815,130050.0000
11816,130050.0000
11817,130050.0000
11818,130050.0000
11819,130050.0000
11820,130050.0000
11821,130050.0000
11822,130050.0000
11823,130050.0000
11824,130050.0000
11825,130050.0000
11826,130050.0000
11827,130050.0000
11828,130050.0000
11829,130050.0000
11830,130050.0000
11831,130050.0000
11832,130050.0000
11833,130050.0000
11834,130050.0000
11835,130050.0000
11836,130050.0000
11837,130050.0000
11838,130050.0000
11839,130050.0000
11840,130050.0000
11841,130050.0000
11842,130050.0000
11843,130050.0000
11844,130050.0000
11845,130050.0000
11846,130050.0000
11847,130050.0000
11848,130050.0000
11849,130050.0000
11850,130050.0000
11851,130050.0000
11852,130050.0000
11853,130050.0000
11854,130050.0000
11855,130050.0000
11856,130050.0000
11857,130050.0000
11858,130050.0000
11859,130050.0000
11860,130050.0000
11861,130050.0000
11862,130050.0000
11863,130050.0000
11864,130050.0000
11865,130050.0000
11866,130050.0000
11867,130050.0000
11868,130050.0000
11869,130050.0000
11870,130050.0000
11871,130050.0000
11872,130050.0000
11873,130050.0000
11874,130050.0000
11875,130050.0000
11876,130050.0000
11877,130050.0000
11878,130050.0000
11879,130050.0000
11880,130050.0000
11881,130050.0000
11882,130050.0000
11883,130050.0000
11884,130050.0000
11885,130050.0000
11886,130050.0000
11887,130050.0000
11888,130050.0000
11889,130050.0000
11890,130050.0000
11891,130050.0000
11892,130050.0000
11893,130050.0000
11894,130050.0000
11895,130050.0000
11896,130050.0000
11897,130050.0000
11898,130050.0000
11899,130050.0000
11900,130050.0000
11901,130050.0000
11902,130050.0000
11903,130050.0000
11904,130050.0000
11905,130050.0000
11906,130050.0000
11907,130050.0000
11908,130050.0000
11909,130050.0000
11910,130050.0000
11911,130050.0000
11912,130050.0000
11913,130050.0000
11914,130050.0000
11915,130050.0000
11916,130050.0000
11917,130050.0000
11918,130050.0000
11919,130050.0000
11920,130050.0000
11921,130050.0000
11922,130050.0000
11923,130050.0000
11924,130050.0000
11925,130050.0000
11926,130050.0000
11927,130050.0000
11928,130050.0000
11929,130050.0000
11930,130050.0000
11931,130050.0000
11932,130050.0000
11933,130050.0000
11934,130050.0000
11935,130050.0000
11936,130050.0000
11937,130050.0000
11938,130050.0000
11939,130050.0000
11940,130050.0000
11941,130050.0000
11942,130050.0000
11943,130050.0000
11944,130050.0000
11945,130050.0000
11946,130050.0000
11947,130050.0000
11948,130050.0000
11949,130050.0000
11950,130050.0000
11951,130050.0000
11952,130050.0000
11953,130050.0000
11954,130050.0000
11955,130050.0000
11956,130050.0000
11957,130050.0000
11958,130050.0000
11959,130050.0000
11960,130050.0000
11961,130050.0000
11962,130050.0000
11963,130050.0000
11964,130050.0000
11965,130050.0000
11966,130050.0000
11967,130050.0000
11968,130050.0000
11969,130050.0000
11970,130050.0000
11971,130050.0000
11972,130050.0000
11973,130050.0000
11974,130050.0000
11975,130050.0000
11976,130050.0000
11977,130050.0000
11978,130050.0000
11979,130050.0000
11980,130050.0000
11981,130050.0000
11982,130050.0000
11983,130050.0000
11984,130050.0000
11985,130050.0000
11986,130050.0000
11987,130050.0000
11988,130050.0000
11989,130050.0000
11990,130050.0000
11991,130050.0000
11992,130050.0000
11993,130050.0000
11994,130050.0000
11995,130050.0000
11996,130050.0000
11997,130050.0000
11998,130050.0000
11999,130050.0000
12000,130050.0000
12001,130050.0000
12002,130050.0000
12003,130050.0000
12004,130050.0000
12005,130050.0000
12006,130050.0000
12007,130050.0000
12008,130050.0000
12009,130050.0000
12010,130050.0000
12011,130050.0000
12012,130050.0000
12013,130050.0000
12014,130050.0000
12015,130050.0000
12016,130050.0000
12017,130050.0000
12018,130050.0000
12019,130050.0000
12020,130050.0000
12021,130050.0000
12022,130050.0000
12023,130050.0000
12024,130050.0000
12025,130050.0000
12026,130050.0000
12027,130050.0000
12028,130050.0000
12029,130050.0000
12030,130050.0000
12031,130050.0000
12032,130050.0000
12033,130050.0000
12034,130050.0000
12035,130050.0000
12036,130050.0000
12037,130050.0000
12038,130050.0000
12039,130050.0000
12040,130050.0000
12041,130050.0000
12042,130050.0000
12043,130050.0000
12044,130050.0000
12045,130050.0000
12046,130050.0000
12047,130050.0000
12048,130050.0000
12049,130050.0000
12050,130050.0000
12051,130050.0000
12052,130050.0000
12053,130050.0000
12054,130050.0000
12055,130050.0000
12056,130050.0000
12057,130050.0000
12058,130050.0000
12059,130050.0000
12060,130050.0000
12061,130050.0000
12062,130050.0000
12063,130050.0000
12064,130050.0000
12065,130050.0000
12066,130050.0000
12067,130050.0000
12068,130050.0000
12069,130050.0000
12070,130050.0000
12071,130050.0000
12072,130050.0000
12073,130050.0000
12074,130050.0000
12075,130050.0000
12076,130050.0000
12077,130050.0000
12078,130050.0000
12079,130050.0000
12080,130050.0000
12081,130050.0000
12082,130050.0000
12083,130050.0000
12084,130050.0000
12085,130050.0000
12086,130050.0000
12087,130050.0000
12088,130050.0000
12089,130050.0000
12090,130050.0000
12091,130050.0000
12092,130050.0000
12093,130050.0000
12094,130050.0000
12095,130050.0000
12096,130050.0000
12097,130050.0000
12098,130050.0000
12099,130050.0000
12100,130050.0000
12101,130050.0000
12102,130050.0000
12103,130050.0000
12104,130050.0000
12105,130050.0000
12106,130050.0000
12107,130050.0000
12108,130050.0000
12109,130050.0000
12110,130050.0000
12111,130050.0000
12112,130050.0000
12113,130050.0000
12114,130050.0000
12115,130050.0000
12116,130050.0000
12117,130050.0000
12118,130050.0000
12119,130050.0000
12120,130050.0000
12121,130050.0000
12122,130050.0000
12123,130050.0000
12124,130050.0000
12125,130050.0000
12126,130050.0000
12127,130050.0000
12128,130050.0000
12129,130050.0000
12130,130050.0000
12131,130050.0000
12132,130050.0000
12133,130050.0000
12134,130050.0000
12135,130050.0000
12136,130050.0000
12137,130050.0000
12138,130050.0000
12139,130050.0000
12140,130050.0000
12141,130050.0000
12142,130050.0000
12143,130050.0000
12144,130050.0000
12145,130050.0000
12146,130050.0000
12147,130050.0000
12148,130050.0000
12149,130050.0000
12150,130050.0000
12151,130050.0000
12152,130050.0000
12153,130050.0000
12154,130050.0000
12155,130050.0000
12156,130050.0000
12157,130050.0000
12158,130050.0000
12159,130050.0000
12160,130050.0000
12161,130050.0000
12162,130050.0000
12163,130050.0000
12164,130050.0000
12165,130050.0000
12166,130050.0000
12167,130050.0000
12168,130050.0000
12169,130050.0000
12170,130050.0000
12171,130050.0000
12172,130050.0000
12173,130050.0000
12174,130050.0000
12175,130050.0000
12176,130050.0000
12177,130050.0000
12178,130050.0000
12179,130050.0000
12180,130050.0000
12181,130050.0000
12182,130050.0000
12183,130050.0000
12184,130050.0000
12185,130050.0000
12186,130050.0000
12187,130050.0000
12188,130050.0000
12189,130050.0000
12190,130050.0000
12191,130050.0000
12192,130050.0000
12193,130050.0000
12194,130050.0000
12195,130050.0000
12196,130050.0000
12197,130050.0000
12198,130050.0000
12199,130050.0000
12200,130050.0000
12201,130050.0000
12202,130050.0000
12203,130050.0000
12204,130050.0000
12205,130050.0000
12206,130050.0000
12207,130050.0000
12208,130050.0000
12209,130050.0000
12210,130050.0000
12211,130050.0000
12212,130050.0000
12213,130050.0000
12214,130050.0000
12215,130050.0000
12216,130050.0000
12217,130050.0000
12218,130050.0000
12219,130050.0000
12220,130050.0000
12221,130050.0000
12222,130050.0000
12223,130050.0000
12224,130050.0000
12225,130050.0000
12226,130050.0000
12227,130050.0000
12228,130050.0000
12229,130050.0000
12230,130050.0000
12231,130050.0000
12232,130050.0000
12233,130050.0000
12234,130050.0000
12235,130050.0000
12236,130050.0000
12237,130050.0000
12238,130050.0000
12239,130050.0000
12240,130050.0000
12241,130050.0000
12242,130050.0000
12243,130050.0000
12244,130050.0000
12245,130050.0000
12246,130050.0000
12247,130050.0000
12248,130050.0000
12249,130050.0000
12250,130050.0000
12251,130050.0000
12252,130050.0000
12253,130050.0000
12254,130050.0000
12255,130050.0000
12256,130050.0000
12257,130050.0000
12258,130050.0000
12259,130050.0000
12260,130050.0000
12261,130050.0000
12262,130050.0000
12263,130050.0000
12264,130050.0000
12265,130050.0000
12266,130050.0000
12267,130050.0000
12268,130050.0000
12269,130050.0000
12270,130050.0000
12271,130050.0000
12272,130050.0000
12273,130050.0000
12274,130050.0000
12275,130050.0000
12276,130050.0000
12277,130050.0000
12278,130050.0000
12279,130050.0000
12280,130050.0000
12281,130050.0000
12282,130050.0000
12283,130050.0000
12284,130050.0000
12285,130050.0000
12286,130050.0000
12287,130050.0000
12288,130050.0000
12289,130050.0000
12290,130050.0000
12291,130050.0000
12292,130050.0000
12293,130050.0000
12294,130050.0000
12295,130050.0000
12296,130050.0000
12297,130050.0000
12298,130050.0000
12299,130050.0000
12300,130050.0000
12301,130050.0000
12302,130050.0000
12303,130050.0000
12304,130050.0000
12305,130050.0000
12306,130050.0000
12307,130050.0000
12308,130050.0000
12309,130050.0000
12310,130050.0000
12311,130050.0000
12312,130050.0000
12313,130050.0000
12314,130050.0000
12315,130050.0000
12316,130050.0000
12317,130050.0000
12318,130050.0000
12319,130050.0000
12320,130050.0000
12321,130050.0000
12322,130050.0000
12323,130050.0000
12324,130050.0000
12325,130050.0000
12326,130050.0000
12327,130050.0000
12328,130050.0000
12329,130050.0000
12330,130050.0000
12331,130050.0000
12332,130050.0000
12333,130050.0000
12334,130050.0000
12335,130050.0000
12336,130050.0000
12337,130050.0000
12338,130050.0000
12339,130050.0000
12340,130050.0000
12341,130050.0000
12342,130050.0000
12343,130050.0000
12344,130050.0000
12345,130050.0000
12346,130050.0000
12347,130050.0000
12348,130050.0000
12349,130050.0000
12350,130050.0000
12351,130050.0000
12352,130050.0000
12353,130050.0000
12354,130050.0000
12355,130050.0000
12356,130050.0000
12357,130050.0000
12358,130050.0000
12359,130050.0000
12360,130050.0000
12361,130050.0000
12362,130050.0000
12363,130050.0000
12364,130050.0000
12365,130050.0000
12366,130050.0000
12367,130050.0000
12368,130050.0000
12369,130050.0000
12370,130050.0000
12371,130050.0000
12372,130050.0000
12373,130050.0000
12374,130050.0000
12375,130050.0000
12376,130050.0000
12377,130050.0000
12378,130050.0000
12379,130050.0000
12380,130050.0000
12381,130050.0000
12382,130050.0000
12383,130050.0000
12384,130050.0000
12385,130050.0000
12386,130050.0000
12387,130050.0000
12388,130050.0000
12389,130050.0000
12390,130050.0000
12391,130050.0000
12392,130050.0000
12393,130050.0000
12394,130050.0000
12395,130050.0000
12396,130050.0000
12397,130050.0000
12398,130050.0000
12399,130050.0000
12400,130050.0000
12401,130050.0000
12402,130050.0000
12403,130050.0000
12404,130050.0000
12405,130050.0000
12406,130050.0000
12407,130050.0000
12408,130050.0000
12409,130050.0000
12410,130050.0000
12411,130050.0000
12412,130050.0000
12413,130050.0000
12414,130050.0000
12415,130050.0000
12416,130050.0000
12417,130050.0000
12418,130050.0000
12419,130050.0000
12420,130050.0000
12421,130050.0000
12422,130050.0000
12423,130050.0000
12424,130050.0000
12425,130050.0000
12426,130050.0000
12427,130050.0000
12428,130050.0000
12429,130050.0000
12430,130050.0000
12431,130050.0000
12432,130050.0000
12433,130050.0000
12434,130050.0000
12435,130050.0000
12436,130050.0000
12437,130050.0000
12438,130050.0000
12439,130050.0000
12440,130050.0000
12441,130050.0000
12442,130050.0000
12443,130050.0000
12444,130050.0000
12445,130050.0000
12446,130050.0000
12447,130050.0000
12448,130050.0000
12449,130050.0000
12450,130050.0000
12451,130050.0000
12452,130050.0000
12453,130050.0000
12454,130050.0000
12455,130050.0000
12456,130050.0000
12457,130050.0000
12458,130050.0000
12459,130050.0000
12460,130050.0000
12461,130050.0000
12462,130050.0000
12463,130050.0000
12464,130050.0000
12465,130050.0000
12466,130050.0000
12467,130050.0000
12468,130050.0000
12469,130050.0000
12470,130050.0000
12471,130050.0000
12472,130050.0000
12473,130050.0000
12474,130050.0000
12475,130050.0000
12476,130050.0000
12477,130050.0000
12478,130050.0000
12479,130050.0000
12480,130050.0000
12481,130050.0000
12482,130050.0000
12483,130050.0000
12484,130050.0000
12485,130050.0000
12486,130050.0000
12487,130050.0000
12488,130050.0000
12489,130050.0000
12490,130050.0000
12491,130050.0000
12492,130050.0000
12493,130050.0000
12494,130050.0000
12495,130050.0000
12496,130050.0000
12497,130050.0000
12498,130050.0000
12499,130050.0000
12500,130050.0000
12501,130050.0000
12502,130050.0000
12503,130050.0000
12504,130050.0000
12505,130050.0000
12506,130050.0000
12507,130050.0000
12508,130050.0000
12509,130050.0000
12510,130050.0000
12511,130050.0000
12512,130050.0000
12513,130050.0000
12514,130050.0000
12515,130050.0000
12516,130050.0000
12517,130050.0000
12518,130050.0000
12519,130050.0000
12520,130050.0000
12521,130050.0000
12522,130050.0000
12523,130050.0000
12524,130050.0000
12525,130050.0000
12526,130050.0000
12527,130050.0000
12528,130050.0000
12529,130050.0000
12530,130050.0000
12531,130050.0000
12532,130050.0000
12533,130050.0000
12534,130050.0000
12535,130050.0000
12536,130050.0000
12537,130050.0000
12538,130050.0000
12539,130050.0000
12540,130050.0000
12541,130050.0000
12542,130050.0000
12543,130050.0000
12544,130050.0000
12545,130050.0000
12546,130050.0000
12547,130050.0000
12548,130050.0000
12549,130050.0000
12550,130050.0000
12551,130050.0000
12552,130050.0000
12553,130050.0000
12554,130050.0000
12555,130050.0000
12556,130050.0000
12557,130050.0000
12558,130050.0000
12559,130050.0000
12560,130050.0000
12561,130050.0000
12562,130050.0000
12563,130050.0000
12564,130050.0000
12565,130050.0000
12566,130050.0000
12567,130050.0000
12568,130050.0000
12569,130050.0000
12570,130050.0000
12571,130050.0000
12572,130050.0000
12573,130050.0000
12574,130050.0000
12575,130050.0000
12576,130050.0000
12577,130050.0000
12578,130050.0000
12579,130050.0000
12580,130050.0000
12581,130050.0000
12582,130050.0000
12583,130050.0000
12584,130050.0000
12585,130050.0000
12586,130050.0000
12587,130050.0000
12588,130050.0000
12589,130050.0000
12590,130050.0000
12591,130050.0000
12592,130050.0000
12593,130050.0000
12594,130050.0000
12595,130050.0000
12596,130050.0000
12597,130050.0000
12598,130050.0000
12599,130050.0000
12600,130050.0000
12601,130050.0000
12602,130050.0000
12603,130050.0000
12604,130050.0000
12605,130050.0000
12606,130050.0000
12607,130050.0000
12608,130050.0000
12609,130050.0000
12610,130050.0000
12611,130050.0000
12612,130050.0000
12613,130050.0000
12614,130050.0000
12615,130050.0000
12616,130050.0000
12617,130050.0000
12618,130050.0000
12619,130050.0000
12620,130050.0000
12621,130050.0000
12622,130050.0000
12623,130050.0000
12624,130050.0000
12625,130050.0000
12626,130050.0000
12627,130050.0000
12628,130050.0000
12629,130050.0000
12630,130050.0000
12631,130050.0000
12632,130050.0000
12633,130050.0000
12634,130050.0000
12635,130050.0000
12636,130050.0000
12637,130050.0000
12638,130050.0000
12639,130050.0000
12640,130050.0000
12641,130050.0000
12642,130050.0000
12643,130050.0000
12644,130050.0000
12645,130050.0000
12646,130050.0000
12647,130050.0000
12648,130050.0000
12649,130050.0000
12650,130050.0000
12651,130050.0000
12652,130050.0000
12653,130050.0000
12654,130050.0000
12655,130050.0000
12656,130050.0000
12657,130050.0000
12658,130050.0000
12659,130050.0000
12660,130050.0000
12661,130050.0000
12662,130050.0000
12663,130050.0000
12664,130050.0000
12665,130050.0000
12666,130050.0000
12667,130050.0000
12668,130050.0000
12669,130050.0000
12670,130050.0000
12671,130050.0000
12672,130050.0000
12673,130050.0000
12674,130050.0000
12675,130050.0000
12676,130050.0000
12677,130050.0000
12678,130050.0000
12679,130050.0000
12680,130050.0000
12681,130050.0000
12682,130050.0000
12683,130050.0000
12684,130050.0000
12685,130050.0000
12686,130050.0000
12687,130050.0000
12688,130050.0000
12689,130050.0000
12690,130050.0000
12691,130050.0000
12692,130050.0000
12693,130050.0000
12694,130050.0000
12695,130050.0000
12696,130050.0000
12697,130050.0000
12698,130050.0000
12699,130050.0000
12700,130050.0000
12701,130050.0000
12702,130050.0000
12703,130050.0000
12704,130050.0000
12705,130050.0000
12706,130050.0000
12707,130050.0000
12708,130050.0000
12709,130050.0000
12710,130050.0000
12711,130050.0000
12712,130050.0000
12713,130050.0000
12714,130050.0000
12715,130050.0000
12716,130050.0000
12717,130050.0000
12718,130050.0000
12719,130050.0000
12720,130050.0000
12721,130050.0000
12722,130050.0000
12723,130050.0000
12724,130050.0000
12725,130050.0000
12726,130050.0000
12727,130050.0000
12728,130050.0000
12729,130050.0000
12730,130050.0000
12731,130050.0000
12732,130050.0000
12733,130050.0000
12734,130050.0000
12735,130050.0000
12736,130050.0000
12737,130050.0000
12738,130050.0000
12739,130050.0000
12740,130050.0000
12741,130050.0000
12742,130050.0000
12743,130050.0000
12744,130050.0000
12745,130050.0000
12746,130050.0000
12747,130050.0000
12748,130050.0000
12749,130050.0000
12750,130050.0000
12751,130050.0000
12752,130050.0000
12753,130050.0000
12754,130050.0000
12755,130050.0000
12756,130050.0000
12757,130050.0000
12758,130050.0000
12759,130050.0000
12760,130050.0000
12761,130050.0000
12762,130050.0000
12763,130050.0000
12764,130050.0000
12765,130050.0000
12766,130050.0000
12767,130050.0000
12768,130050.0000
12769,130050.0000
12770,130050.0000
12771,130050.0000
12772,130050.0000
12773,130050.0000
12774,130050.0000
12775,130050.0000
12776,130050.0000
12777,130050.0000
12778,130050.0000
12779,130050.0000
12780,130050.0000
12781,130050.0000
12782,130050.0000
12783,130050.0000
12784,130050.0000
12785,130050.0000
12786,130050.0000
12787,130050.0000
12788,130050.0000
12789,130050.0000
12790,130050.0000
12791,130050.0000
12792,130050.0000
12793,130050.0000
12794,130050.0000
12795,130050.0000
12796,130050.0000
12797,130050.0000
12798,130050.0000
12799,130050.0000
12800,130050.0000
12801,130050.0000
12802,130050.0000
12803,130050.0000
12804,130050.0000
12805,130050.0000
12806,130050.0000
12807,130050.0000
12808,130050.0000
12809,130050.0000
12810,130050.0000
12811,130050.0000
12812,130050.0000
12813,130050.0000
12814,130050.0000
12815,130050.0000
12816,130050.0000
12817,130050.0000
12818,130050.0000
12819,130050.0000
12820,130050.0000
12821,130050.0000
12822,130050.0000
12823,130050.0000
12824,130050.0000
12825,130050.0000
12826,130050.0000
12827,130050.0000
12828,130050.0000
12829,130050.0000
12830,130050.0000
12831,130050.0000
12832,130050.0000
12833,130050.0000
12834,130050.0000
12835,130050.0000
12836,130050.0000
12837,130050.0000
12838,130050.0000
12839,130050.0000
12840,130050.0000
12841,130050.0000
12842,130050.0000
12843,130050.0000
12844,130050.0000
12845,130050.0000
12846,130050.0000
12847,130050.0000
12848,130050.0000
12849,130050.0000
12850,130050.0000
12851,130050.0000
12852,130050.0000
12853,130050.0000
12854,130050.0000
12855,130050.0000
12856,130050.0000
12857,130050.0000
12858,130050.0000
12859,130050.0000
12860,130050.0000
12861,130050.0000
12862,130050.0000
12863,130050.0000
12864,130050.0000
12865,130050.0000
12866,130050.0000
12867,130050.0000
12868,130050.0000
12869,130050.0000
12870,130050.0000
12871,130050.0000
12872,130050.0000
12873,130050.0000
12874,130050.0000
12875,130050.0000
12876,130050.0000
12877,130050.0000
12878,130050.0000
12879,130050.0000
12880,130050.0000
12881,130050.0000
12882,130050.0000
12883,130050.0000
12884,130050.0000
12885,130050.0000
12886,130050.0000
12887,130050.0000
12888,130050.0000
12889,130050.0000
12890,130050.0000
12891,130050.0000
12892,130050.0000
12893,130050.0000
12894,130050.0000
12895,130050.0000
12896,130050.0000
12897,130050.0000
12898,130050.0000
12899,130050.0000
12900,130050.0000
12901,130050.0000
12902,130050.0000
12903,130050.0000
12904,130050.0000
12905,130050.0000
12906,130050.0000
12907,130050.0000
12908,130050.0000
12909,130050.0000
12910,130050.0000
12911,130050.0000
12912,130050.0000
12913,130050.0000
12914,130050.0000
12915,130050.0000
12916,130050.0000
12917,130050.0000
12918,130050.0000
12919,130050.0000
12920,130050.0000
12921,130050.0000
12922,130050.0000
12923,130050.0000
12924,130050.0000
12925,130050.0000
12926,130050.0000
12927,130050.0000
12928,130050.0000
12929,130050.0000
12930,130050.0000
12931,130050.0000
12932,130050.0000
12933,130050.0000
12934,130050.0000
12935,130050.0000
12936,130050.0000
12937,130050.0000
12938,130050.0000
12939,130050.0000
12940,130050.0000
12941,130050.0000
12942,130050.0000
12943,130050.0000
12944,130050.0000
12945,130050.0000
12946,130050.0000
12947,130050.0000
12948,130050.0000
12949,130050.0000
12950,130050.0000
12951,130050.0000
12952,130050.0000
12953,130050.0000
12954,130050.0000
12955,130050.0000
12956,130050.0000
12957,130050.0000
12958,130050.0000
12959,130050.0000
12960,130050.0000
12961,130050.0000
12962,130050.0000
12963,130050.0000
12964,130050.0000
12965,130050.0000
12966,130050.0000
12967,130050.0000
12968,130050.0000
12969,130050.0000
12970,130050.0000
12971,130050.0000
12972,130050.0000
12973,130050.0000
12974,130050.0000
12975,130050.0000
12976,130050.0000
12977,130050.0000
12978,130050.0000
12979,130050.0000
12980,130050.0000
12981,130050.0000
12982,130050.0000
12983,130050.0000
12984,130050.0000
12985,130050.0000
12986,130050.0000
12987,130050.0000
12988,130050.0000
12989,130050.0000
12990,130050.0000
12991,130050.0000
12992,130050.0000
12993,130050.0000
12994,130050.0000
12995,130050.0000
12996,130050.0000
12997,130050.0000
12998,130050.0000
12999,130050.0000
13000,130050.0000
13001,130050.0000
13002,130050.0000
13003,130050.0000
13004,130050.0000
13005,130050.0000
13006,130050.0000
13007,130050.0000
13008,130050.0000
13009,130050.0000
13010,130050.0000
13011,130050.0000
13012,130050.0000
13013,130050.0000
13014,130050.0000
13015,130050.0000
13016,130050.0000
13017,130050.0000
13018,130050.0000
13019,130050.0000
13020,130050.0000
13021,130050.0000
13022,130050.0000
13023,130050.0000
13024,130050.0000
13025,130050.0000
13026,130050.0000
13027,130050.0000
13028,130050.0000
13029,130050.0000
13030,130050.0000
13031,130050.0000
13032,130050.0000
13033,130050.0000
13034,130050.0000
13035,130050.0000
13036,130050.0000
13037,130050.0000
13038,130050.0000
13039,130050.0000
13040,130050.0000
13041,130050.0000
13042,130050.0000
13043,130050.0000
13044,130050.0000
13045,130050.0000
13046,130050.0000
13047,130050.0000
13048,130050.0000
13049,130050.0000
13050,130050.0000
13051,130050.0000
13052,130050.0000
13053,130050.0000
13054,130050.0000
13055,130050.0000
13056,130050.0000
13057,130050.0000
13058,130050.0000
13059,130050.0000
13060,130050.0000
13061,130050.0000
13062,130050.0000
13063,130050.0000
13064,130050.0000
13065,130050.0000
13066,130050.0000
13067,130050.0000
13068,130050.0000
13069,130050.0000
13070,130050.0000
13071,130050.0000
13072,130050.0000
13073,130050.0000
13074,130050.0000
13075,130050.0000
13076,130050.0000
13077,130050.0000
13078,130050.0000
13079,130050.0000
13080,130050.0000
13081,130050.0000
13082,130050.0000
13083,130050.0000
13084,130050.0000
13085,130050.0000
13086,130050.0000
13087,130050.0000
13088,130050.0000
13089,130050.0000
13090,130050.0000
13091,130050.0000
13092,130050.0000
13093,130050.0000
13094,130050.0000
13095,130050.0000
13096,130050.0000
13097,130050.0000
13098,130050.0000
13099,130050.0000
13100,130050.0000
13101,130050.0000
13102,130050.0000
13103,130050.0000
13104,130050.0000
13105,130050.0000
13106,130050.0000
13107,130050.0000
13108,130050.0000
13109,130050.0000
13110,130050.0000
13111,130050.0000
13112,130050.0000
13113,130050.0000
13114,130050.0000
13115,130050.0000
13116,130050.0000
13117,130050.0000
13118,130050.0000
13119,130050.0000
13120,130050.0000
13121,130050.0000
13122,130050.0000
13123,130050.0000
13124,130050.0000
13125,130050.0000
13126,130050.0000
13127,130050.0000
13128,130050.0000
13129,130050.0000
13130,130050.0000
13131,130050.0000
13132,130050.0000
13133,130050.0000
13134,130050.0000
13135,130050.0000
13136,130050.0000
13137,130050.0000
13138,130050.0000
13139,130050.0000
13140,130050.0000
13141,130050.0000
13142,130050.0000
13143,130050.0000
13144,130050.0000
13145,130050.0000
13146,130050.0000
13147,130050.0000
13148,130050.0000
13149,130050.0000
13150,130050.0000
13151,130050.0000
13152,130050.0000
13153,130050.0000
13154,130050.0000
13155,130050.0000
13156,130050.0000
13157,130050.0000
13158,130050.0000
13159,130050.0000
13160,130050.0000
13161,130050.0000
13162,130050.0000
13163,130050.0000
13164,130050.0000
13165,130050.0000
13166,130050.0000
13167,130050.0000
13168,130050.0000
13169,130050.0000
13170,130050.0000
13171,130050.0000
13172,130050.0000
13173,130050.0000
13174,130050.0000
13175,130050.0000
13176,130050.0000
13177,130050.0000
13178,130050.0000
13179,130050.0000
13180,130050.0000
13181,130050.0000
13182,130050.0000
13183,130050.0000
13184,130050.0000
13185,130050.0000
13186,130050.0000
13187,130050.0000
13188,130050.0000
13189,130050.0000
13190,130050.0000
13191,130050.0000
13192,130050.0000
13193,130050.0000
13194,130050.0000
13195,130050.0000
13196,130050.0000
13197,130050.0000
13198,130050.0000
13199,130050.0000
13200,130050.0000
13201,130050.0000
13202,130050.0000
13203,130050.0000
13204,130050.0000
13205,130050.0000
13206,130050.0000
13207,130050.0000
13208,130050.0000
13209,130050.0000
13210,130050.0000
13211,130050.0000
13212,130050.0000
13213,130050.0000
13214,130050.0000
13215,130050.0000
13216,130050.0000
13217,130050.0000
13218,130050.0000
13219,130050.0000
13220,130050.0000
13221,130050.0000
13222,130050.0000
13223,130050.0000
13224,130050.0000
13225,130050.0000
13226,130050.0000
13227,130050.0000
13228,130050.0000
13229,130050.0000
13230,130050.0000
13231,130050.0000
13232,130050.0000
13233,130050.0000
13234,130050.0000
13235,130050.0000
13236,130050.0000
13237,130050.0000
13238,130050.0000
13239,130050.0000
13240,130050.0000
13241,130050.0000
13242,130050.0000
13243,130050.0000
13244,130050.0000
13245,130050.0000
13246,130050.0000
13247,130050.0000
13248,130050.0000
13249,130050.0000
13250,130050.0000
13251,130050.0000
13252,130050.0000
13253,130050.0000
13254,130050.0000
13255,130050.0000
13256,130050.0000
13257,130050.0000
13258,130050.0000
13259,130050.0000
13260,130050.0000
13261,130050.0000
13262,130050.0000
13263,130050.0000
13264,130050.0000
13265,130050.0000
13266,130050.0000
13267,130050.0000
13268,130050.0000
13269,130050.0000
13270,130050.0000
13271,130050.0000
13272,130050.0000
13273,130050.0000
13274,130050.0000
13275,130050.0000
13276,130050.0000
13277,130050.0000
13278,130050.0000
13279,130050.0000
13280,130050.0000
13281,130050.0000
13282,130050.0000
13283,130050.0000
13284,130050.0000
13285,130050.0000
13286,130050.0000
13287,130050.0000
13288,130050.0000
13289,130050.0000
13290,130050.0000
13291,130050.0000
13292,130050.0000
13293,130050.0000
13294,130050.0000
13295,130050.0000
13296,130050.0000
13297,130050.0000
13298,130050.0000
13299,130050.0000
13300,130050.0000
13301,130050.0000
13302,130050.0000
13303,130050.0000
13304,130050.0000
13305,130050.0000
13306,130050.0000
13307,130050.0000
13308,130050.0000
13309,130050.0000
13310,130050.0000
13311,130050.0000
13312,130050.0000
13313,130050.0000
13314,130050.0000
13315,130050.0000
13316,130050.0000
13317,130050.0000
13318,130050.0000
13319,130050.0000
13320,130050.0000
13321,130050.0000
13322,130050.0000
13323,130050.0000
13324,130050.0000
13325,130050.0000
13326,130050.0000
13327,130050.0000
13328,130050.0000
13329,130050.0000
13330,130050.0000
13331,130050.0000
13332,130050.0000
13333,130050.0000
13334,130050.0000
13335,130050.0000
13336,130050.0000
13337,130050.0000
13338,130050.0000
13339,130050.0000
13340,130050.0000
13341,130050.0000
13342,130050.0000
13343,130050.0000
13344,130050.0000
13345,130050.0000
13346,130050.0000
13347,130050.0000
13348,130050.0000
13349,130050.0000
13350,130050.0000
13351,130050.0000
13352,130050.0000
13353,130050.0000
13354,130050.0000
13355,130050.0000
13356,130050.0000
13357,130050.0000
13358,130050.0000
13359,130050.0000
13360,130050.0000
13361,130050.0000
13362,130050.0000
13363,130050.0000
13364,130050.0000
13365,130050.0000
13366,130050.0000
13367,130050.0000
13368,130050.0000
13369,130050.0000
13370,130050.0000
13371,130050.0000
13372,130050.0000
13373,130050.0000
13374,130050.0000
13375,130050.0000
13376,130050.0000
13377,130050.0000
13378,130050.0000
13379,130050.0000
13380,130050.0000
13381,130050.0000
13382,130050.0000
13383,130050.0000
13384,130050.0000
13385,130050.0000
13386,130050.0000
13387,130050.0000
13388,130050.0000
13389,130050.0000
13390,130050.0000
13391,130050.0000
13392,130050.0000
13393,130050.0000
13394,130050.0000
13395,130050.0000
13396,130050.0000
13397,130050.0000
13398,130050.0000
13399,130050.0000
13400,130050.0000
13401,130050.0000
13402,130050.0000
13403,130050.0000
13404,130050.0000
13405,130050.0000
13406,130050.0000
13407,130050.0000
13408,130050.0000
13409,130050.0000
13410,130050.0000
13411,130050.0000
13412,130050.0000
13413,130050.0000
13414,130050.0000
13415,130050.0000
13416,130050.0000
13417,130050.0000
13418,130050.0000
13419,130050.0000
13420,130050.0000
13421,130050.0000
13422,130050.0000
13423,130050.0000
13424,130050.0000
13425,130050.0000
13426,130050.0000
13427,130050.0000
13428,130050.0000
13429,130050.0000
13430,130050.0000
13431,130050.0000
13432,130050.0000
13433,130050.0000
13434,130050.0000
13435,130050.0000
13436,130050.0000
13437,130050.0000
13438,130050.0000
13439,130050.0000
13440,130050.0000
13441,130050.0000
13442,130050.0000
13443,130050.0000
13444,130050.0000
13445,130050.0000
13446,130050.0000
13447,130050.0000
13448,130050.0000
13449,130050.0000
13450,130050.0000
13451,130050.0000
13452,130050.0000
13453,130050.0000
13454,130050.0000
13455,130050.0000
13456,130050.0000
13457,130050.0000
13458,130050.0000
13459,130050.0000
13460,130050.0000
13461,130050.0000
13462,130050.0000
13463,130050.0000
13464,130050.0000
13465,130050.0000
13466,130050.0000
13467,130050.0000
13468,130050.0000
13469,130050.0000
13470,130050.0000
13471,130050.0000
13472,130050.0000
13473,130050.0000
13474,130050.0000
13475,130050.0000
13476,130050.0000
13477,130050.0000
13478,130050.0000
13479,130050.0000
13480,130050.0000
13481,130050.0000
13482,130050.0000
13483,130050.0000
13484,130050.0000
13485,130050.0000
13486,130050.0000
13487,130050.0000
13488,130050.0000
13489,130050.0000
13490,130050.0000
13491,130050.0000
13492,130050.0000
13493,130050.0000
13494,130050.0000
13495,130050.0000
13496,130050.0000
13497,130050.0000
13498,130050.0000
13499,130050.0000
13500,130050.0000
13501,130050.0000
13502,130050.0000
13503,130050.0000
13504,130050.0000
13505,130050.0000
13506,130050.0000
13507,130050.0000
13508,130050.0000
13509,130050.0000
13510,130050.0000
13511,130050.0000
13512,130050.0000
13513,130050.0000
13514,130050.0000
13515,130050.0000
13516,130050.0000
13517,130050.0000
13518,130050.0000
13519,130050.0000
13520,130050.0000
13521,130050.0000
13522,130050.0000
13523,130050.0000
13524,130050.0000
13525,130050.0000
13526,130050.0000
13527,130050.0000
13528,130050.0000
13529,130050.0000
13530,130050.0000
13531,130050.0000
13532,130050.0000
13533,130050.0000
13534,130050.0000
13535,130050.0000
13536,130050.0000
13537,130050.0000
13538,130050.0000
13539,130050.0000
13540,130050.0000
13541,130050.0000
13542,130050.0000
13543,130050.0000
13544,130050.0000
13545,130050.0000
13546,130050.0000
13547,130050.0000
13548,130050.0000
13549,130050.0000
13550,130050.0000
13551,130050.0000
13552,130050.0000
13553,130050.0000
13554,130050.0000
13555,130050.0000
13556,130050.0000
13557,130050.0000
13558,130050.0000
13559,130050.0000
13560,130050.0000
13561,130050.0000
13562,130050.0000
13563,130050.0000
13564,130050.0000
13565,130050.0000
13566,130050.0000
13567,130050.0000
13568,130050.0000
13569,130050.0000
13570,130050.0000
13571,130050.0000
13572,130050.0000
13573,130050.0000
13574,130050.0000
13575,130050.0000
13576,130050.0000
13577,130050.0000
13578,130050.0000
13579,130050.0000
13580,130050.0000
13581,130050.0000
13582,130050.0000
13583,130050.0000
13584,130050.0000
13585,130050.0000
13586,130050.0000
13587,130050.0000
13588,130050.0000
13589,130050.0000
13590,130050.0000
13591,130050.0000
13592,130050.0000
13593,130050.0000
13594,130050.0000
13595,130050.0000
13596,130050.0000
13597,130050.0000
13598,130050.0000
13599,130050.0000
13600,130050.0000
13601,130050.0000
13602,130050.0000
13603,130050.0000
13604,130050.0000
13605,130050.0000
13606,130050.0000
13607,130050.0000
13608,130050.0000
13609,130050.0000
13610,130050.0000
13611,130050.0000
13612,130050.0000
13613,130050.0000
13614,130050.0000
13615,130050.0000
13616,130050.0000
13617,130050.0000
13618,130050.0000
13619,130050.0000
13620,130050.0000
13621,130050.0000
13622,130050.0000
13623,130050.0000
13624,130050.0000
13625,130050.0000
13626,130050.0000
13627,130050.0000
13628,130050.0000
13629,130050.0000
13630,130050.0000
13631,130050.0000
13632,130050.0000
13633,130050.0000
13634,130050.0000
13635,130050.0000
13636,130050.0000
13637,130050.0000
13638,130050.0000
13639,130050.0000
13640,130050.0000
13641,130050.0000
13642,130050.0000
13643,130050.0000
13644,130050.0000
13645,130050.0000
13646,130050.0000
13647,130050.0000
13648,130050.0000
13649,130050.0000
13650,130050.0000
13651,130050.0000
13652,130050.0000
13653,130050.0000
13654,130050.0000
13655,130050.0000
13656,130050.0000
13657,130050.0000
13658,130050.0000
13659,130050.0000
13660,130050.0000
13661,130050.0000
13662,130050.0000
13663,130050.0000
13664,130050.0000
13665,130050.0000
13666,130050.0000
13667,130050.0000
13668,130050.0000
13669,130050.0000
13670,130050.0000
13671,130050.0000
13672,130050.0000
13673,130050.0000
13674,130050.0000
13675,130050.0000
13676,130050.0000
13677,130050.0000
13678,130050.0000
13679,130050.0000
13680,130050.0000
13681,130050.0000
13682,130050.0000
13683,130050.0000
13684,130050.0000
13685,130050.0000
13686,130050.0000
13687,130050.0000
13688,130050.0000
13689,130050.0000
13690,130050.0000
13691,130050.0000
13692,130050.0000
13693,130050.0000
13694,130050.0000
13695,130050.0000
13696,130050.0000
13697,130050.0000
13698,130050.0000
13699,130050.0000
13700,130050.0000
13701,130050.0000
13702,130050.0000
13703,130050.0000
13704,130050.0000
13705,130050.0000
13706,130050.0000
13707,130050.0000
13708,130050.0000
13709,130050.0000
13710,130050.0000
13711,130050.0000
13712,130050.0000
13713,130050.0000
13714,130050.0000
13715,130050.0000
13716,130050.0000
13717,130050.0000
13718,130050.0000
13719,130050.0000
13720,130050.0000
13721,130050.0000
13722,130050.0000
13723,130050.0000
13724,130050.0000
13725,130050.0000
13726,130050.0000
13727,130050.0000
13728,130050.0000
13729,130050.0000
13730,130050.0000
13731,130050.0000
13732,130050.0000
13733,130050.0000
13734,130050.0000
13735,130050.0000
13736,130050.0000
13737,130050.0000
13738,130050.0000
13739,130050.0000
13740,130050.0000
13741,130050.0000
13742,130050.0000
13743,130050.0000
13744,130050.0000
13745,130050.0000
13746,130050.0000
13747,130050.0000
13748,130050.0000
13749,130050.0000
13750,130050.0000
13751,130050.0000
13752,130050.0000
13753,130050.0000
13754,130050.0000
13755,130050.0000
13756,130050.0000
13757,130050.0000
13758,130050.0000
13759,130050.0000
13760,130050.0000
13761,130050.0000
13762,130050.0000
13763,130050.0000
13764,130050.0000
13765,130050.0000
13766,130050.0000
13767,130050.0000
13768,130050.0000
13769,130050.0000
13770,130050.0000
13771,130050.0000
13772,130050.0000
13773,130050.0000
13774,130050.0000
13775,130050.0000
13776,130050.0000
13777,130050.0000
13778,130050.0000
13779,130050.0000
13780,130050.0000
13781,130050.0000
13782,130050.0000
13783,130050.0000
13784,130050.0000
13785,130050.0000
13786,130050.0000
13787,130050.0000
13788,130050.0000
13789,130050.0000
13790,130050.0000
13791,130050.0000
13792,130050.0000
13793,130050.0000
13794,130050.0000
13795,130050.0000
13796,130050.0000
13797,130050.0000
13798,130050.0000
13799,130050.0000
13800,130050.0000
13801,130050.0000
13802,130050.0000
13803,130050.0000
13804,130050.0000
13805,130050.0000
13806,130050.0000
13807,130050.0000
13808,130050.0000
13809,130050.0000
13810,130050.0000
13811,130050.0000
13812,130050.0000
13813,130050.0000
13814,130050.0000
13815,130050.0000
13816,130050.0000
13817,130050.0000
13818,130050.0000
13819,130050.0000
13820,130050.0000
13821,130050.0000
13822,130050.0000
13823,130050.0000
13824,130050.0000
13825,130050.0000
13826,130050.0000
13827,130050.0000
13828,130050.0000
13829,130050.0000
13830,130050.0000
13831,130050.0000
13832,130050.0000
13833,130050.0000
13834,130050.0000
13835,130050.0000
13836,130050.0000
13837,130050.0000
13838,130050.0000
13839,130050.0000
13840,130050.0000
13841,130050.0000
13842,130050.0000
13843,130050.0000
13844,130050.0000
13845,130050.0000
13846,130050.0000
13847,130050.0000
13848,130050.0000
13849,130050.0000
13850,130050.0000
13851,130050.0000
13852,130050.0000
13853,130050.0000
13854,130050.0000
13855,130050.0000
13856,130050.0000
13857,130050.0000
13858,130050.0000
13859,130050.0000
13860,130050.0000
13861,130050.0000
13862,130050.0000
13863,130050.0000
13864,130050.0000
13865,130050.0000
13866,130050.0000
13867,130050.0000
13868,130050.0000
13869,130050.0000
13870,130050.0000
13871,130050.0000
13872,130050.0000
13873,130050.0000
13874,130050.0000
13875,130050.0000
13876,130050.0000
13877,130050.0000
13878,130050.0000
13879,130050.0000
13880,130050.0000
13881,130050.0000
13882,130050.0000
13883,130050.0000
13884,130050.0000
13885,130050.0000
13886,130050.0000
13887,130050.0000
13888,130050.0000
13889,130050.0000
13890,130050.0000
13891,130050.0000
13892,130050.0000
13893,130050.0000
13894,130050.0000
13895,130050.0000
13896,130050.0000
13897,130050.0000
13898,130050.0000
13899,130050.0000
13900,130050.0000
13901,130050.0000
13902,130050.0000
13903,130050.0000
13904,130050.0000
13905,130050.0000
13906,130050.0000
13907,130050.0000
13908,130050.0000
13909,130050.0000
13910,130050.0000
13911,130050.0000
13912,130050.0000
13913,130050.0000
13914,130050.0000
13915,130050.0000
13916,130050.0000
13917,130050.0000
13918,130050.0000
13919,130050.0000
13920,130050.0000
13921,130050.0000
13922,130050.0000
13923,130050.0000
13924,130050.0000
13925,130050.0000
13926,130050.0000
13927,130050.0000
13928,130050.0000
13929,130050.0000
13930,130050.0000
13931,130050.0000
13932,130050.0000
13933,130050.0000
13934,130050.0000
13935,130050.0000
13936,130050.0000
13937,130050.0000
13938,130050.0000
13939,130050.0000
13940,130050.0000
13941,130050.0000
13942,130050.0000
13943,130050.0000
13944,130050.0000
13945,130050.0000
13946,130050.0000
13947,130050.0000
13948,130050.0000
13949,130050.0000
13950,130050.0000
13951,130050.0000
13952,130050.0000
13953,130050.0000
13954,130050.0000
13955,130050.0000
13956,130050.0000
13957,130050.0000
13958,130050.0000
13959,130050.0000
13960,130050.0000
13961,130050.0000
13962,130050.0000
13963,130050.0000
13964,130050.0000
13965,130050.0000
13966,130050.0000
13967,130050.0000
13968,130050.0000
13969,130050.0000
13970,130050.0000
13971,130050.0000
13972,130050.0000
13973,130050.0000
13974,130050.0000
13975,130050.0000
13976,130050.0000
13977,130050.0000
13978,130050.0000
13979,130050.0000
13980,130050.0000
13981,130050.0000
13982,130050.0000
13983,130050.0000
13984,130050.0000
13985,130050.0000
13986,130050.0000
13987,130050.0000
13988,130050.0000
13989,130050.0000
13990,130050.0000
13991,130050.0000
13992,130050.0000
13993,130050.0000
13994,130050.0000
13995,130050.0000
13996,130050.0000
13997,130050.0000
13998,130050.0000
13999,130050.0000
14000,130050.0000
14001,130050.0000
14002,130050.0000
14003,130050.0000
14004,130050.0000
14005,130050.0000
14006,130050.0000
14007,130050.0000
14008,130050.0000
14009,130050.0000
14010,130050.0000
14011,130050.0000
14012,130050.0000
14013,130050.0000
14014,130050.0000
14015,130050.0000
14016,130050.0000
14017,130050.0000
14018,130050.0000
14019,130050.0000
14020,130050.0000
14021,130050.0000
14022,130050.0000
14023,130050.0000
14024,130050.0000
14025,130050.0000
14026,130050.0000
14027,130050.0000
14028,130050.0000
14029,130050.0000
14030,130050.0000
14031,130050.0000
14032,130050.0000
14033,130050.0000
14034,130050.0000
14035,130050.0000
14036,130050.0000
14037,130050.0000
14038,130050.0000
14039,130050.0000
14040,130050.0000
14041,130050.0000
14042,130050.0000
14043,130050.0000
14044,130050.0000
14045,130050.0000
14046,130050.0000
14047,130050.0000
14048,130050.0000
14049,130050.0000
14050,130050.0000
14051,130050.0000
14052,130050.0000
14053,130050.0000
14054,130050.0000
14055,130050.0000
14056,130050.0000
14057,130050.0000
14058,130050.0000
14059,130050.0000
14060,130050.0000
14061,130050.0000
14062,130050.0000
14063,130050.0000
14064,130050.0000
14065,130050.0000
14066,130050.0000
14067,130050.0000
14068,130050.0000
14069,130050.0000
14070,130050.0000
14071,130050.0000
14072,130050.0000
14073,130050.0000
14074,130050.0000
14075,130050.0000
14076,130050.0000
14077,130050.0000
14078,130050.0000
14079,130050.0000
14080,130050.0000
14081,130050.0000
14082,130050.0000
14083,130050.0000
14084,130050.0000
14085,130050.0000
14086,130050.0000
14087,130050.0000
14088,130050.0000
14089,130050.0000
14090,130050.0000
14091,130050.0000
14092,130050.0000
14093,130050.0000
14094,130050.0000
14095,130050.0000
14096,130050.0000
14097,130050.0000
14098,130050.0000
14099,130050.0000
14100,130050.0000
14101,130050.0000
14102,130050.0000
14103,130050.0000
14104,130050.0000
14105,130050.0000
14106,130050.0000
14107,130050.0000
14108,130050.0000
14109,130050.0000
14110,130050.0000
14111,130050.0000
14112,130050.0000
14113,130050.0000
14114,130050.0000
14115,130050.0000
14116,130050.0000
14117,130050.0000
14118,130050.0000
14119,130050.0000
14120,130050.0000
14121,130050.0000
14122,130050.0000
14123,130050.0000
14124,130050.0000
14125,130050.0000
14126,130050.0000
14127,130050.0000
14128,130050.0000
14129,130050.0000
14130,130050.0000
14131,130050.0000
14132,130050.0000
14133,130050.0000
14134,130050.0000
14135,130050.0000
14136,130050.0000
14137,130050.0000
14138,130050.0000
14139,130050.0000
14140,130050.0000
14141,130050.0000
14142,130050.0000
14143,130050.0000
14144,130050.0000
14145,130050.0000
14146,130050.0000
14147,130050.0000
14148,130050.0000
14149,130050.0000
14150,130050.0000
14151,130050.0000
14152,130050.0000
14153,130050.0000
14154,130050.0000
14155,130050.0000
14156,130050.0000
14157,130050.0000
14158,130050.0000
14159,130050.0000
14160,130050.0000
14161,130050.0000
14162,130050.0000
14163,130050.0000
14164,130050.0000
14165,130050.0000
14166,130050.0000
14167,130050.0000
14168,130050.0000
14169,130050.0000
14170,130050.0000
14171,130050.0000
14172,130050.0000
14173,130050.0000
14174,130050.0000
14175,130050.0000
14176,130050.0000
14177,130050.0000
14178,130050.0000
14179,130050.0000
14180,130050.0000
14181,130050.0000
14182,130050.0000
14183,130050.0000
14184,130050.0000
14185,130050.0000
14186,130050.0000
14187,130050.0000
14188,130050.0000
14189,130050.0000
14190,130050.0000
14191,130050.0000
14192,130050.0000
14193,130050.0000
14194,130050.0000
14195,130050.0000
14196,130050.0000
14197,130050.0000
14198,130050.0000
14199,130050.0000
14200,130050.0000
14201,130050.0000
14202,130050.0000
14203,130050.0000
14204,130050.0000
14205,130050.0000
14206,130050.0000
14207,130050.0000
14208,130050.0000
14209,130050.0000
14210,130050.0000
14211,130050.0000
14212,130050.0000
14213,130050.0000
14214,130050.0000
14215,130050.0000
14216,130050.0000
14217,130050.0000
14218,130050.0000
14219,130050.0000
14220,130050.0000
14221,130050.0000
14222,130050.0000
14223,130050.0000
14224,130050.0000
14225,130050.0000
14226,130050.0000
14227,130050.0000
14228,130050.0000
14229,130050.0000
14230,130050.0000
14231,130050.0000
14232,130050.0000
14233,130050.0000
14234,130050.0000
14235,130050.0000
14236,130050.0000
14237,130050.0000
14238,130050.0000
14239,130050.0000
14240,130050.0000
14241,130050.0000
14242,130050.0000
14243,130050.0000
14244,130050.0000
14245,130050.0000
14246,130050.0000
14247,130050.0000
14248,130050.0000
14249,130050.0000
14250,130050.0000
14251,130050.0000
14252,130050.0000
14253,130050.0000
14254,130050.0000
14255,130050.0000
14256,130050.0000
14257,130050.0000
14258,130050.0000
14259,130050.0000
14260,130050.0000
14261,130050.0000
14262,130050.0000
14263,130050.0000
14264,130050.0000
14265,130050.0000
14266,130050.0000
14267,130050.0000
14268,130050.0000
14269,130050.0000
14270,130050.0000
14271,130050.0000
14272,130050.0000
14273,130050.0000
14274,130050.0000
14275,130050.0000
14276,130050.0000
14277,130050.0000
14278,130050.0000
14279,130050.0000
14280,130050.0000
14281,130050.0000
14282,130050.0000
14283,130050.0000
14284,130050.0000
14285,130050.0000
14286,130050.0000
14287,130050.0000
14288,130050.0000
14289,130050.0000
14290,130050.0000
14291,130050.0000
14292,130050.0000
14293,130050.0000
14294,130050.0000
14295,130050.0000
14296,130050.0000
14297,130050.0000
14298,130050.0000
14299,130050.0000
14300,130050.0000
14301,130050.0000
14302,130050.0000
14303,130050.0000
14304,130050.0000
14305,130050.0000
14306,130050.0000
14307,130050.0000
14308,130050.0000
14309,130050.0000
14310,130050.0000
14311,130050.0000
14312,130050.0000
14313,130050.0000
14314,130050.0000
14315,130050.0000
14316,130050.0000
14317,130050.0000
14318,130050.0000
14319,130050.0000
14320,130050.0000
14321,130050.0000
14322,130050.0000
14323,130050.0000
14324,130050.0000
14325,130050.0000
14326,130050.0000
14327,130050.0000
14328,130050.0000
14329,130050.0000
14330,130050.0000
14331,130050.0000
14332,130050.0000
14333,130050.0000
14334,130050.0000
14335,130050.0000
14336,130050.0000
14337,130050.0000
14338,130050.0000
14339,130050.0000
14340,130050.0000
14341,130050.0000
14342,130050.0000
14343,130050.0000
14344,130050.0000
14345,130050.0000
14346,130050.0000
14347,130050.0000
14348,130050.0000
14349,130050.0000
14350,130050.0000
14351,130050.0000
14352,130050.0000
14353,130050.0000
14354,130050.0000
14355,130050.0000
14356,130050.0000
14357,130050.0000
14358,130050.0000
14359,130050.0000
14360,130050.0000
14361,130050.0000
14362,130050.0000
14363,130050.0000
14364,130050.0000
14365,130050.0000
14366,130050.0000
14367,130050.0000
14368,130050.0000
14369,130050.0000
14370,130050.0000
14371,130050.0000
14372,130050.0000
14373,130050.0000
14374,130050.0000
14375,130050.0000
14376,130050.0000
14377,130050.0000
14378,130050.0000
14379,130050.0000
14380,130050.0000
14381,130050.0000
14382,130050.0000
14383,130050.0000
14384,130050.0000
14385,130050.0000
14386,130050.0000
14387,130050.0000
14388,130050.0000
14389,130050.0000
14390,130050.0000
14391,130050.0000
14392,130050.0000
14393,130050.0000
14394,130050.0000
14395,130050.0000
14396,130050.0000
14397,130050.0000
14398,130050.0000
14399,130050.0000
14400,130050.0000
14401,130050.0000
14402,130050.0000
14403,130050.0000
14404,130050.0000
14405,130050.0000
14406,130050.0000
14407,130050.0000
14408,130050.0000
14409,130050.0000
14410,130050.0000
14411,130050.0000
14412,130050.0000
14413,130050.0000
14414,130050.0000
14415,130050.0000
14416,130050.0000
14417,130050.0000
14418,130050.0000
14419,130050.0000
14420,130050.0000
14421,130050.0000
14422,130050.0000
14423,130050.0000
14424,130050.0000
14425,130050.0000
14426,130050.0000
14427,130050.0000
14428,130050.0000
14429,130050.0000
14430,130050.0000
14431,130050.0000
14432,130050.0000
14433,130050.0000
14434,130050.0000
14435,130050.0000
14436,130050.0000
14437,130050.0000
14438,130050.0000
14439,130050.0000
14440,130050.0000
14441,130050.0000
14442,130050.0000
14443,130050.0000
14444,130050.0000
14445,130050.0000
14446,130050.0000
14447,130050.0000
14448,130050.0000
14449,130050.0000
14450,130050.0000
14451,130050.0000
14452,130050.0000
14453,130050.0000
14454,130050.0000
14455,130050.0000
14456,130050.0000
14457,130050.0000
14458,130050.0000
14459,130050.0000
14460,130050.0000
14461,130050.0000
14462,130050.0000
14463,130050.0000
14464,130050.0000
14465,130050.0000
14466,130050.0000
14467,130050.0000
14468,130050.0000
14469,130050.0000
14470,130050.0000
14471,130050.0000
14472,130050.0000
14473,130050.0000
14474,130050.0000
14475,130050.0000
14476,130050.0000
14477,130050.0000
14478,130050.0000
14479,130050.0000
14480,130050.0000
14481,130050.0000
14482,130050.0000
14483,130050.0000
14484,130050.0000
14485,130050.0000
14486,130050.0000
14487,130050.0000
14488,130050.0000
14489,130050.0000
14490,130050.0000
14491,130050.0000
14492,130050.0000
14493,130050.0000
14494,130050.0000
14495,130050.0000
14496,130050.0000
14497,130050.0000
14498,130050.0000
14499,130050.0000
14500,130050.0000
14501,130050.0000
14502,130050.0000
14503,130050.0000
14504,130050.0000
14505,130050.0000
14506,130050.0000
14507,130050.0000
14508,130050.0000
14509,130050.0000
14510,130050.0000
14511,130050.0000
14512,130050.0000
14513,130050.0000
14514,130050.0000
14515,130050.0000
14516,130050.0000
14517,130050.0000
14518,130050.0000
14519,130050.0000
14520,130050.0000
14521,130050.0000
14522,130050.0000
14523,130050.0000
14524,130050.0000
14525,130050.0000
14526,130050.0000
14527,130050.0000
14528,130050.0000
14529,130050.0000
14530,130050.0000
14531,130050.0000
14532,130050.0000
14533,130050.0000
14534,130050.0000
14535,130050.0000
14536,130050.0000
14537,130050.0000
14538,130050.0000
14539,130050.0000
14540,130050.0000
14541,130050.0000
14542,130050.0000
14543,130050.0000
14544,130050.0000
14545,130050.0000
14546,130050.0000
14547,130050.0000
14548,130050.0000
14549,130050.0000
14550,130050.0000
14551,130050.0000
14552,130050.0000
14553,130050.0000
14554,130050.0000
14555,130050.0000
14556,130050.0000
14557,130050.0000
14558,130050.0000
14559,130050.0000
14560,130050.0000
14561,130050.0000
14562,130050.0000
14563,130050.0000
14564,130050.0000
14565,130050.0000
14566,130050.0000
14567,130050.0000
14568,130050.0000
14569,130050.0000
14570,130050.0000
14571,130050.0000
14572,130050.0000
14573,130050.0000
14574,130050.0000
14575,130050.0000
14576,130050.0000
14577,130050.0000
14578,130050.0000
14579,130050.0000
14580,130050.0000
14581,130050.0000
14582,130050.0000
14583,130050.0000
14584,130050.0000
14585,130050.0000
14586,130050.0000
14587,130050.0000
14588,130050.0000
14589,130050.0000
14590,130050.0000
14591,130050.0000
14592,130050.0000
14593,130050.0000
14594,130050.0000
14595,130050.0000
14596,130050.0000
14597,130050.0000
14598,130050.0000
14599,130050.0000
14600,130050.0000
14601,130050.0000
14602,130050.0000
14603,130050.0000
14604,130050.0000
14605,130050.0000
14606,130050.0000
14607,130050.0000
14608,130050.0000
14609,130050.0000
14610,130050.0000
14611,130050.0000
14612,130050.0000
14613,130050.0000
14614,130050.0000
14615,130050.0000
14616,130050.0000
14617,130050.0000
14618,130050.0000
14619,130050.0000
14620,130050.0000
14621,130050.0000
14622,130050.0000
14623,130050.0000
14624,130050.0000
14625,130050.0000
14626,130050.0000
14627,130050.0000
14628,130050.0000
14629,130050.0000
14630,130050.0000
14631,130050.0000
14632,130050.0000
14633,130050.0000
14634,130050.0000
14635,130050.0000
14636,130050.0000
14637,130050.0000
14638,130050.0000
14639,130050.0000
14640,130050.0000
14641,130050.0000
14642,130050.0000
14643,130050.0000
14644,130050.0000
14645,130050.0000
14646,130050.0000
14647,130050.0000
14648,130050.0000
14649,130050.0000
14650,130050.0000
14651,130050.0000
14652,130050.0000
14653,130050.0000
14654,130050.0000
14655,130050.0000
14656,130050.0000
14657,130050.0000
14658,130050.0000
14659,130050.0000
14660,130050.0000
14661,130050.0000
14662,130050.0000
14663,130050.0000
14664,130050.0000
14665,130050.0000
14666,130050.0000
14667,130050.0000
14668,130050.0000
14669,130050.0000
14670,130050.0000
14671,130050.0000
14672,130050.0000
14673,130050.0000
14674,130050.0000
14675,130050.0000
14676,130050.0000
14677,130050.0000
14678,130050.0000
14679,130050.0000
14680,130050.0000
14681,130050.0000
14682,130050.0000
14683,130050.0000
14684,130050.0000
14685,130050.0000
14686,130050.0000
14687,130050.0000
14688,130050.0000
14689,130050.0000
14690,130050.0000
14691,130050.0000
14692,130050.0000
14693,130050.0000
14694,130050.0000
14695,130050.0000
14696,130050.0000
14697,130050.0000
14698,130050.0000
14699,130050.0000
14700,130050.0000
14701,130050.0000
14702,130050.0000
14703,130050.0000
14704,130050.0000
14705,130050.0000
14706,130050.0000
14707,130050.0000
14708,130050.0000
14709,130050.0000
14710,130050.0000
14711,130050.0000
14712,130050.0000
14713,130050.0000
14714,130050.0000
14715,130050.0000
14716,130050.0000
14717,130050.0000
14718,130050.0000
14719,130050.0000
14720,130050.0000
14721,130050.0000
14722,130050.0000
14723,130050.0000
14724,130050.0000
14725,130050.0000
14726,130050.0000
14727,130050.0000
14728,130050.0000
14729,130050.0000
14730,130050.0000
14731,130050.0000
14732,130050.0000
14733,130050.0000
14734,130050.0000
14735,130050.0000
14736,130050.0000
14737,130050.0000
14738,130050.0000
14739,130050.0000
14740,130050.0000
14741,130050.0000
14742,130050.0000
14743,130050.0000
14744,130050.0000
14745,130050.0000
14746,130050.0000
14747,130050.0000
14748,130050.0000
14749,130050.0000
14750,130050.0000
14751,130050.0000
14752,130050.0000
14753,130050.0000
14754,130050.0000
14755,130050.0000
14756,130050.0000
14757,130050.0000
14758,130050.0000
14759,130050.0000
14760,130050.0000
14761,130050.0000
14762,130050.0000
14763,130050.0000
14764,130050.0000
14765,130050.0000
14766,130050.0000
14767,130050.0000
14768,130050.0000
14769,130050.0000
14770,130050.0000
14771,130050.0000
14772,130050.0000
14773,130050.0000
14774,130050.0000
14775,130050.0000
14776,130050.0000
14777,130050.0000
14778,130050.0000
14779,130050.0000
14780,130050.0000
14781,130050.0000
14782,130050.0000
14783,130050.0000
14784,130050.0000
14785,130050.0000
14786,130050.0000
14787,130050.0000
14788,130050.0000
14789,130050.0000
14790,130050.0000
14791,130050.0000
14792,130050.0000
14793,130050.0000
14794,130050.0000
14795,130050.0000
14796,130050.0000
14797,130050.0000
14798,130050.0000
14799,130050.0000
14800,130050.0000
14801,130050.0000
14802,130050.0000
14803,130050.0000
14804,130050.0000
14805,130050.0000
14806,130050.0000
14807,130050.0000
14808,130050.0000
14809,130050.0000
14810,130050.0000
14811,130050.0000
14812,130050.0000
14813,130050.0000
14814,130050.0000
14815,130050.0000
14816,130050.0000
14817,130050.0000
14818,130050.0000
14819,130050.0000
14820,130050.0000
14821,130050.0000
14822,130050.0000
14823,130050.0000
14824,130050.0000
14825,130050.0000
14826,130050.0000
14827,130050.0000
14828,130050.0000
14829,130050.0000
14830,130050.0000
14831,130050.0000
14832,130050.0000
14833,130050.0000
14834,130050.0000
14835,130050.0000
14836,130050.0000
14837,130050.0000
14838,130050.0000
14839,130050.0000
14840,130050.0000
14841,130050.0000
14842,130050.0000
14843,130050.0000
14844,130050.0000
14845,130050.0000
14846,130050.0000
14847,130050.0000
14848,130050.0000
14849,130050.0000
14850,130050.0000
14851,130050.0000
14852,130050.0000
14853,130050.0000
14854,130050.0000
14855,130050.0000
14856,130050.0000
14857,130050.0000
14858,130050.0000
14859,130050.0000
14860,130050.0000
14861,130050.0000
14862,130050.0000
14863,130050.0000
14864,130050.0000
14865,130050.0000
14866,130050.0000
14867,130050.0000
14868,130050.0000
14869,130050.0000
14870,130050.0000
14871,130050.0000
14872,130050.0000
14873,130050.0000
14874,130050.0000
14875,130050.0000
14876,130050.0000
14877,130050.0000
14878,130050.0000
14879,130050.0000
14880,130050.0000
14881,130050.0000
14882,130050.0000
14883,130050.0000
14884,130050.0000
14885,130050.0000
14886,130050.0000
14887,130050.0000
14888,130050.0000
14889,130050.0000
14890,130050.0000
14891,130050.0000
14892,130050.0000
14893,130050.0000
14894,130050.0000
14895,130050.0000
14896,130050.0000
14897,130050.0000
14898,130050.0000
14899,130050.0000
14900,130050.0000
14901,130050.0000
14902,130050.0000
14903,130050.0000
14904,130050.0000
14905,130050.0000
14906,130050.0000
14907,130050.0000
14908,130050.0000
14909,130050.0000
14910,130050.0000
14911,130050.0000
14912,130050.0000
14913,130050.0000
14914,130050.0000
14915,130050.0000
14916,130050.0000
14917,130050.0000
14918,130050.0000
14919,130050.0000
14920,130050.0000
14921,130050.0000
14922,130050.0000
14923,130050.0000
14924,130050.0000
14925,130050.0000
14926,130050.0000
14927,130050.0000
14928,130050.0000
14929,130050.0000
14930,130050.0000
14931,130050.0000
14932,130050.0000
14933,130050.0000
14934,130050.0000
14935,130050.0000
14936,130050.0000
14937,130050.0000
14938,130050.0000
14939,130050.0000
14940,130050.0000
14941,130050.0000
14942,130050.0000
14943,130050.0000
14944,130050.0000
14945,130050.0000
14946,130050.0000
14947,130050.0000
14948,130050.0000
14949,130050.0000
14950,130050.0000
14951,130050.0000
14952,130050.0000
14953,130050.0000
14954,130050.0000
14955,130050.0000
14956,130050.0000
14957,130050.0000
14958,130050.0000
14959,130050.0000
14960,130050.0000
14961,130050.0000
14962,130050.0000
14963,130050.0000
14964,130050.0000
14965,130050.0000
14966,130050.0000
14967,130050.0000
14968,130050.0000
14969,130050.0000
14970,130050.0000
14971,130050.0000
14972,130050.0000
14973,130050.0000
14974,130050.0000
14975,130050.0000
14976,130050.0000
14977,130050.0000
14978,130050.0000
14979,130050.0000
14980,130050.0000
14981,130050.0000
14982,130050.0000
14983,130050.0000
14984,130050.0000
14985,130050.0000
14986,130050.0000
14987,130050.0000
14988,130050.0000
14989,130050.0000
14990,130050.0000
14991,130050.0000
14992,130050.0000
14993,130050.0000
14994,130050.0000
14995,130050.0000
14996,130050.0000
14997,130050.0000
14998,130050.0000
14999,130050.0000
15000,130050.0000
15001,130050.0000
15002,130050.0000
15003,130050.0000
15004,130050.0000
15005,130050.0000
15006,130050.0000
15007,130050.0000
15008,130050.0000
15009,130050.0000
15010,130050.0000
15011,130050.0000
15012,130050.0000
15013,130050.0000
15014,130050.0000
15015,130050.0000
15016,130050.0000
15017,130050.0000
15018,130050.0000
15019,130050.0000
15020,130050.0000
15021,130050.0000
15022,130050.0000
15023,130050.0000
15024,130050.0000
15025,130050.0000
15026,130050.0000
15027,130050.0000
15028,130050.0000
15029,130050.0000
15030,130050.0000
15031,130050.0000
15032,130050.0000
15033,130050.0000
15034,130050.0000
15035,130050.0000
15036,130050.0000
15037,130050.0000
15038,130050.0000
15039,130050.0000
15040,130050.0000
15041,130050.0000
15042,130050.0000
15043,130050.0000
15044,130050.0000
15045,130050.0000
15046,130050.0000
15047,130050.0000
15048,130050.0000
15049,130050.0000
15050,130050.0000
15051,130050.0000
15052,130050.0000
15053,130050.0000
15054,130050.0000
15055,130050.0000
15056,130050.0000
15057,130050.0000
15058,130050.0000
15059,130050.0000
15060,130050.0000
15061,130050.0000
15062,130050.0000
15063,130050.0000
15064,130050.0000
15065,130050.0000
15066,130050.0000
15067,130050.0000
15068,130050.0000
15069,130050.0000
15070,130050.0000
15071,130050.0000
15072,130050.0000
15073,130050.0000
15074,130050.0000
15075,130050.0000
15076,130050.0000
15077,130050.0000
15078,130050.0000
15079,130050.0000
15080,130050.0000
15081,130050.0000
15082,130050.0000
15083,130050.0000
15084,130050.0000
15085,130050.0000
15086,130050.0000
15087,130050.0000
15088,130050.0000
15089,130050.0000
15090,130050.0000
15091,130050.0000
15092,130050.0000
15093,130050.0000
15094,130050.0000
15095,130050.0000
15096,130050.0000
15097,130050.0000
15098,130050.0000
15099,130050.0000
15100,130050.0000
15101,130050.0000
15102,130050.0000
15103,130050.0000
15104,130050.0000
15105,130050.0000
15106,130050.0000
15107,130050.0000
15108,130050.0000
15109,130050.0000
15110,130050.0000
15111,130050.0000
15112,130050.0000
15113,130050.0000
15114,130050.0000
15115,130050.0000
15116,130050.0000
15117,130050.0000
15118,130050.0000
15119,130050.0000
15120,130050.0000
15121,130050.0000
15122,130050.0000
15123,130050.0000
15124,130050.0000
15125,130050.0000
15126,130050.0000
15127,130050.0000
15128,130050.0000
15129,130050.0000
15130,130050.0000
15131,130050.0000
15132,130050.0000
15133,130050.0000
15134,130050.0000
15135,130050.0000
15136,130050.0000
15137,130050.0000
15138,130050.0000
15139,130050.0000
15140,130050.0000
15141,130050.0000
15142,130050.0000
15143,130050.0000
15144,130050.0000
15145,130050.0000
15146,130050.0000
15147,130050.0000
15148,130050.0000
15149,130050.0000
15150,130050.0000
15151,130050.0000
15152,130050.0000
15153,130050.0000
15154,130050.0000
15155,130050.0000
15156,130050.0000
15157,130050.0000
15158,130050.0000
15159,130050.0000
15160,130050.0000
15161,130050.0000
15162,130050.0000
15163,130050.0000
15164,130050.0000
15165,130050.0000
15166,130050.0000
15167,130050.0000
15168,130050.0000
15169,130050.0000
15170,130050.0000
15171,130050.0000
15172,130050.0000
15173,130050.0000
15174,130050.0000
15175,130050.0000
15176,130050.0000
15177,130050.0000
15178,130050.0000
15179,130050.0000
15180,130050.0000
15181,130050.0000
15182,130050.0000
15183,130050.0000
15184,130050.0000
15185,130050.0000
15186,130050.0000
15187,130050.0000
15188,130050.0000
15189,130050.0000
15190,130050.0000
15191,130050.0000
15192,130050.0000
15193,130050.0000
15194,130050.0000
15195,130050.0000
15196,130050.0000
15197,130050.0000
15198,130050.0000
15199,130050.0000
15200,130050.0000
15201,130050.0000
15202,130050.0000
15203,130050.0000
15204,130050.0000
15205,130050.0000
15206,130050.0000
15207,130050.0000
15208,130050.0000
15209,130050.0000
15210,130050.0000
15211,130050.0000
15212,130050.0000
15213,130050.0000
15214,130050.0000
15215,130050.0000
15216,130050.0000
15217,130050.0000
15218,130050.0000
15219,130050.0000
15220,130050.0000
15221,130050.0000
15222,130050.0000
15223,130050.0000
15224,130050.0000
15225,130050.0000
15226,130050.0000
15227,130050.0000
15228,130050.0000
15229,130050.0000
15230,130050.0000
15231,130050.0000
15232,130050.0000
15233,130050.0000
15234,130050.0000
15235,130050.0000
15236,130050.0000
15237,130050.0000
15238,130050.0000
15239,130050.0000
15240,130050.0000
15241,130050.0000
15242,130050.0000
15243,130050.0000
15244,130050.0000
15245,130050.0000
15246,130050.0000
15247,130050.0000
15248,130050.0000
15249,130050.0000
15250,130050.0000
15251,130050.0000
15252,130050.0000
15253,130050.0000
15254,130050.0000
15255,130050.0000
15256,130050.0000
15257,130050.0000
15258,130050.0000
15259,130050.0000
15260,130050.0000
15261,130050.0000
15262,130050.0000
15263,130050.0000
15264,130050.0000
15265,130050.0000
15266,130050.0000
15267,130050.0000
15268,130050.0000
15269,130050.0000
15270,130050.0000
15271,130050.0000
15272,130050.0000
15273,130050.0000
15274,130050.0000
15275,130050.0000
15276,130050.0000
15277,130050.0000
15278,130050.0000
15279,130050.0000
15280,130050.0000
15281,130050.0000
15282,130050.0000
15283,130050.0000
15284,130050.0000
15285,130050.0000
15286,130050.0000
15287,130050.0000
15288,130050.0000
15289,130050.0000
15290,130050.0000
15291,130050.0000
15292,130050.0000
15293,130050.0000
15294,130050.0000
15295,130050.0000
15296,130050.0000
15297,130050.0000
15298,130050.0000
15299,130050.0000
15300,130050.0000
15301,130050.0000
15302,130050.0000
15303,130050.0000
15304,130050.0000
15305,130050.0000
15306,130050.0000
15307,130050.0000
15308,130050.0000
15309,130050.0000
15310,130050.0000
15311,130050.0000
15312,130050.0000
15313,130050.0000
15314,130050.0000
15315,130050.0000
15316,130050.0000
15317,130050.0000
15318,130050.0000
15319,130050.0000
15320,130050.0000
15321,130050.0000
15322,130050.0000
15323,130050.0000
15324,130050.0000
15325,130050.0000
15326,130050.0000
15327,130050.0000
15328,130050.0000
15329,130050.0000
15330,130050.0000
15331,130050.0000
15332,130050.0000
15333,130050.0000
15334,130050.0000
15335,130050.0000
15336,130050.0000
15337,130050.0000
15338,130050.0000
15339,130050.0000
15340,130050.0000
15341,130050.0000
15342,130050.0000
15343,130050.0000
15344,130050.0000
15345,130050.0000
15346,130050.0000
15347,130050.0000
15348,130050.0000
15349,130050.0000
15350,130050.0000
15351,130050.0000
15352,130050.0000
15353,130050.0000
15354,130050.0000
15355,130050.0000
15356,130050.0000
15357,130050.0000
15358,130050.0000
15359,130050.0000
15360,130050.0000
15361,130050.0000
15362,130050.0000
15363,130050.0000
15364,130050.0000
15365,130050.0000
15366,130050.0000
15367,130050.0000
15368,130050.0000
15369,130050.0000
15370,130050.0000
15371,130050.0000
15372,130050.0000
15373,130050.0000
15374,130050.0000
15375,130050.0000
15376,130050.0000
15377,130050.0000
15378,130050.0000
15379,130050.0000
15380,130050.0000
15381,130050.0000
15382,130050.0000
15383,130050.0000
15384,130050.0000
15385,130050.0000
15386,130050.0000
15387,130050.0000
15388,130050.0000
15389,130050.0000
15390,130050.0000
15391,130050.0000
15392,130050.0000
15393,130050.0000
15394,130050.0000
15395,130050.0000
15396,130050.0000
15397,130050.0000
15398,130050.0000
15399,130050.0000
15400,130050.0000
15401,130050.0000
15402,130050.0000
15403,130050.0000
15404,130050.0000
15405,130050.0000
15406,130050.0000
15407,130050.0000
15408,130050.0000
15409,130050.0000
15410,130050.0000
15411,130050.0000
15412,130050.0000
15413,130050.0000
15414,130050.0000
15415,130050.0000
15416,130050.0000
15417,130050.0000
15418,130050.0000
15419,130050.0000
15420,130050.0000
15421,130050.0000
15422,130050.0000
15423,130050.0000
15424,130050.0000
15425,130050.0000
15426,130050.0000
15427,130050.0000
15428,130050.0000
15429,130050.0000
15430,130050.0000
15431,130050.0000
15432,130050.0000
15433,130050.0000
15434,130050.0000
15435,130050.0000
15436,130050.0000
15437,130050.0000
15438,130050.0000
15439,130050.0000
15440,130050.0000
15441,130050.0000
15442,130050.0000
15443,130050.0000
15444,130050.0000
15445,130050.0000
15446,130050.0000
15447,130050.0000
15448,130050.0000
15449,130050.0000
15450,130050.0000
15451,130050.0000
15452,130050.0000
15453,130050.0000
15454,130050.0000
15455,130050.0000
15456,130050.0000
15457,130050.0000
15458,130050.0000
15459,130050.0000
15460,130050.0000
15461,130050.0000
15462,130050.0000
15463,130050.0000
15464,130050.0000
15465,130050.0000
15466,130050.0000
15467,130050.0000
15468,130050.0000
15469,130050.0000
15470,130050.0000
15471,130050.0000
15472,130050.0000
15473,130050.0000
15474,130050.0000
15475,130050.0000
15476,130050.0000
15477,130050.0000
15478,130050.0000
15479,130050.0000
15480,130050.0000
15481,130050.0000
15482,130050.0000
15483,130050.0000
15484,130050.0000
15485,130050.0000
15486,130050.0000
15487,130050.0000
15488,130050.0000
15489,130050.0000
15490,130050.0000
15491,130050.0000
15492,130050.0000
15493,130050.0000
15494,130050.0000
15495,130050.0000
15496,130050.0000
15497,130050.0000
15498,130050.0000
15499,130050.0000
15500,130050.0000
15501,130050.0000
15502,130050.0000
15503,130050.0000
15504,130050.0000
15505,130050.0000
15506,130050.0000
15507,130050.0000
15508,130050.0000
15509,130050.0000
15510,130050.0000
15511,130050.0000
15512,130050.0000
15513,130050.0000
15514,130050.0000
15515,130050.0000
15516,130050.0000
15517,130050.0000
15518,130050.0000
15519,130050.0000
15520,130050.0000
15521,130050.0000
15522,130050.0000
15523,130050.0000
15524,130050.0000
15525,130050.0000
15526,130050.0000
15527,130050.0000
15528,130050.0000
15529,130050.0000
15530,130050.0000
15531,130050.0000
15532,130050.0000
15533,130050.0000
15534,130050.0000
15535,130050.0000
15536,130050.0000
15537,130050.0000
15538,130050.0000
15539,130050.0000
15540,130050.0000
15541,130050.0000
15542,130050.0000
15543,130050.0000
15544,130050.0000
15545,130050.0000
15546,130050.0000
15547,130050.0000
15548,130050.0000
15549,130050.0000
15550,130050.0000
15551,130050.0000
15552,130050.0000
15553,130050.0000
15554,130050.0000
15555,130050.0000
15556,130050.0000
15557,130050.0000
15558,130050.0000
15559,130050.0000
15560,130050.0000
15561,130050.0000
15562,130050.0000
15563,130050.0000
15564,130050.0000
15565,130050.0000
15566,130050.0000
15567,130050.0000
15568,130050.0000
15569,130050.0000
15570,130050.0000
15571,130050.0000
15572,130050.0000
15573,130050.0000
15574,130050.0000
15575,130050.0000
15576,130050.0000
15577,130050.0000
15578,130050.0000
15579,130050.0000
15580,130050.0000
15581,130050.0000
15582,130050.0000
15583,130050.0000
15584,130050.0000
15585,130050.0000
15586,130050.0000
15587,130050.0000
15588,130050.0000
15589,130050.0000
15590,130050.0000
15591,130050.0000
15592,130050.0000
15593,130050.0000
15594,130050.0000
15595,130050.0000
15596,130050.0000
15597,130050.0000
15598,130050.0000
15599,130050.0000
15600,130050.0000
15601,130050.0000
15602,130050.0000
15603,130050.0000
15604,130050.0000
15605,130050.0000
15606,130050.0000
15607,130050.0000
15608,130050.0000
15609,130050.0000
15610,130050.0000
15611,130050.0000
15612,130050.0000
15613,130050.0000
15614,130050.0000
15615,130050.0000
15616,130050.0000
15617,130050.0000
15618,130050.0000
15619,130050.0000
15620,130050.0000
15621,130050.0000
15622,130050.0000
15623,130050.0000
15624,130050.0000
15625,130050.0000
15626,130050.0000
15627,130050.0000
15628,130050.0000
15629,130050.0000
15630,130050.0000
15631,130050.0000
15632,130050.0000
15633,130050.0000
15634,130050.0000
15635,130050.0000
15636,130050.0000
15637,130050.0000
15638,130050.0000
15639,130050.0000
15640,130050.0000
15641,130050.0000
15642,130050.0000
15643,130050.0000
15644,130050.0000
15645,130050.0000
15646,130050.0000
15647,130050.0000
15648,130050.0000
15649,130050.0000
15650,130050.0000
15651,130050.0000
15652,130050.0000
15653,130050.0000
15654,130050.0000
15655,130050.0000
15656,130050.0000
15657,130050.0000
15658,130050.0000
15659,130050.0000
15660,130050.0000
15661,130050.0000
15662,130050.0000
15663,130050.0000
15664,130050.0000
15665,130050.0000
15666,130050.0000
15667,130050.0000
15668,130050.0000
15669,130050.0000
15670,130050.0000
15671,130050.0000
15672,130050.0000
15673,130050.0000
15674,130050.0000
15675,130050.0000
15676,130050.0000
15677,130050.0000
15678,130050.0000
15679,130050.0000
15680,130050.0000
15681,130050.0000
15682,130050.0000
15683,130050.0000
15684,130050.0000
15685,130050.0000
15686,130050.0000
15687,130050.0000
15688,130050.0000
15689,130050.0000
15690,130050.0000
15691,130050.0000
15692,130050.0000
15693,130050.0000
15694,130050.0000
15695,130050.0000
15696,130050.0000
15697,130050.0000
15698,130050.0000
15699,130050.0000
15700,130050.0000
15701,130050.0000
15702,130050.0000
15703,130050.0000
15704,130050.0000
15705,130050.0000
15706,130050.0000
15707,130050.0000
15708,130050.0000
15709,130050.0000
15710,130050.0000
15711,130050.0000
15712,130050.0000
15713,130050.0000
15714,130050.0000
15715,130050.0000
15716,130050.0000
15717,130050.0000
15718,130050.0000
15719,130050.0000
15720,130050.0000
15721,130050.0000
15722,130050.0000
15723,130050.0000
15724,130050.0000
15725,130050.0000
15726,130050.0000
15727,130050.0000
15728,130050.0000
15729,130050.0000
15730,130050.0000
15731,130050.0000
15732,130050.0000
15733,130050.0000
15734,130050.0000
15735,130050.0000
15736,130050.0000
15737,130050.0000
15738,130050.0000
15739,130050.0000
15740,130050.0000
15741,130050.0000
15742,130050.0000
15743,130050.0000
15744,130050.0000
15745,130050.0000
15746,130050.0000
15747,130050.0000
15748,130050.0000
15749,130050.0000
15750,130050.0000
15751,130050.0000
15752,130050.0000
15753,130050.0000
15754,130050.0000
15755,130050.0000
15756,130050.0000
15757,130050.0000
15758,130050.0000
15759,130050.0000
15760,130050.0000
15761,130050.0000
15762,130050.0000
15763,130050.0000
15764,130050.0000
15765,130050.0000
15766,130050.0000
15767,130050.0000
15768,130050.0000
15769,130050.0000
15770,130050.0000
15771,130050.0000
15772,130050.0000
15773,130050.0000
15774,130050.0000
15775,130050.0000
15776,130050.0000
15777,130050.0000
15778,130050.0000
15779,130050.0000
15780,130050.0000
15781,130050.0000
15782,130050.0000
15783,130050.0000
15784,130050.0000
15785,130050.0000
15786,130050.0000
15787,130050.0000
15788,130050.0000
15789,130050.0000
15790,130050.0000
15791,130050.0000
15792,130050.0000
15793,130050.0000
15794,130050.0000
15795,130050.0000
15796,130050.0000
15797,130050.0000
15798,130050.0000
15799,130050.0000
15800,130050.0000
15801,130050.0000
15802,130050.0000
15803,130050.0000
15804,130050.0000
15805,130050.0000
15806,130050.0000
15807,130050.0000
15808,130050.0000
15809,130050.0000
15810,130050.0000
15811,130050.0000
15812,130050.0000
15813,130050.0000
15814,130050.0000
15815,130050.0000
15816,130050.0000
15817,130050.0000
15818,130050.0000
15819,130050.0000
15820,130050.0000
15821,130050.0000
15822,130050.0000
15823,130050.0000
15824,130050.0000
15825,130050.0000
15826,130050.0000
15827,130050.0000
15828,130050.0000
15829,130050.0000
15830,130050.0000
15831,130050.0000
15832,130050.0000
15833,130050.0000
15834,130050.0000
15835,130050.0000
15836,130050.0000
15837,130050.0000
15838,130050.0000
15839,130050.0000
15840,130050.0000
15841,130050.0000
15842,130050.0000
15843,130050.0000
15844,130050.0000
15845,130050.0000
15846,130050.0000
15847,130050.0000
15848,130050.0000
15849,130050.0000
15850,130050.0000
15851,130050.0000
15852,130050.0000
15853,130050.0000
15854,130050.0000
15855,130050.0000
15856,130050.0000
15857,130050.0000
15858,130050.0000
15859,130050.0000
15860,130050.0000
15861,130050.0000
15862,130050.0000
15863,130050.0000
15864,130050.0000
15865,130050.0000
15866,130050.0000
15867,130050.0000
15868,130050.0000
15869,130050.0000
15870,130050.0000
15871,130050.0000
15872,130050.0000
15873,130050.0000
15874,130050.0000
15875,130050.0000
15876,130050.0000
15877,130050.0000
15878,130050.0000
15879,130050.0000
15880,130050.0000
15881,130050.0000
15882,130050.0000
15883,130050.0000
15884,130050.0000
15885,130050.0000
15886,130050.0000
15887,130050.0000
15888,130050.0000
15889,130050.0000
15890,130050.0000
15891,130050.0000
15892,130050.0000
15893,130050.0000
15894,130050.0000
15895,130050.0000
15896,130050.0000
15897,130050.0000
15898,130050.0000
15899,130050.0000
15900,130050.0000
15901,130050.0000
15902,130050.0000
15903,130050.0000
15904,130050.0000
15905,130050.0000
15906,130050.0000
15907,130050.0000
15908,130050.0000
15909,130050.0000
15910,130050.0000
15911,130050.0000
15912,130050.0000
15913,130050.0000
15914,130050.0000
15915,130050.0000
15916,130050.0000
15917,130050.0000
15918,130050.0000
15919,130050.0000
15920,130050.0000
15921,130050.0000
15922,130050.0000
15923,130050.0000
15924,130050.0000
15925,130050.0000
15926,130050.0000
15927,130050.0000
15928,130050.0000
15929,130050.0000
15930,130050.0000
15931,130050.0000
15932,130050.0000
15933,130050.0000
15934,130050.0000
15935,130050.0000
15936,130050.0000
15937,130050.0000
15938,130050.0000
15939,130050.0000
15940,130050.0000
15941,130050.0000
15942,130050.0000
15943,130050.0000
15944,130050.0000
15945,130050.0000
15946,130050.0000
15947,130050.0000
15948,130050.0000
15949,130050.0000
15950,130050.0000
15951,130050.0000
15952,130050.0000
15953,130050.0000
15954,130050.0000
15955,130050.0000
15956,130050.0000
15957,130050.0000
15958,130050.0000
15959,130050.0000
15960,130050.0000
15961,130050.0000
15962,130050.0000
15963,130050.0000
15964,130050.0000
15965,130050.0000
15966,130050.0000
15967,130050.0000
15968,130050.0000
15969,130050.0000
15970,130050.0000
15971,130050.0000
15972,130050.0000
15973,130050.0000
15974,130050.0000
15975,130050.0000
15976,130050.0000
15977,130050.0000
15978,130050.0000
15979,130050.0000
15980,130050.0000
15981,130050.0000
15982,130050.0000
15983,130050.0000
15984,130050.0000
15985,130050.0000
15986,130050.0000
15987,130050.0000
15988,130050.0000
15989,130050.0000
15990,130050.0000
15991,130050.0000
15992,130050.0000
15993,130050.0000
15994,130050.0000
15995,130050.0000
15996,130050.0000
15997,130050.0000
15998,130050.0000
15999,130050.0000
16000,130050.0000
16001,130050.0000
16002,130050.0000
16003,130050.0000
16004,130050.0000
16005,130050.0000
16006,130050.0000
16007,130050.0000
16008,130050.0000
16009,130050.0000
16010,130050.0000
16011,130050.0000
16012,130050.0000
16013,130050.0000
16014,130050.0000
16015,130050.0000
16016,130050.0000
16017,130050.0000
16018,130050.0000
16019,130050.0000
16020,130050.0000
16021,130050.0000
16022,130050.0000
16023,130050.0000
16024,130050.0000
16025,130050.0000
16026,130050.0000
16027,130050.0000
16028,130050.0000
16029,130050.0000
16030,130050.0000
16031,130050.0000
16032,130050.0000
16033,130050.0000
16034,130050.0000
16035,130050.0000
16036,130050.0000
16037,130050.0000
16038,130050.0000
16039,130050.0000
16040,130050.0000
16041,130050.0000
16042,130050.0000
16043,130050.0000
16044,130050.0000
16045,130050.0000
16046,130050.0000
16047,130050.0000
16048,130050.0000
16049,130050.0000
16050,130050.0000
16051,130050.0000
16052,130050.0000
16053,130050.0000
16054,130050.0000
16055,130050.0000
16056,130050.0000
16057,130050.0000
16058,130050.0000
16059,130050.0000
16060,130050.0000
16061,130050.0000
16062,130050.0000
16063,130050.0000
16064,130050.0000
16065,130050.0000
16066,130050.0000
16067,130050.0000
16068,130050.0000
16069,130050.0000
16070,130050.0000
16071,130050.0000
16072,130050.0000
16073,130050.0000
16074,130050.0000
16075,130050.0000
16076,130050.0000
16077,130050.0000
16078,130050.0000
16079,130050.0000
16080,130050.0000
16081,130050.0000
16082,130050.0000
16083,130050.0000
16084,130050.0000
16085,130050.0000
16086,130050.0000
16087,130050.0000
16088,130050.0000
16089,130050.0000
16090,130050.0000
16091,130050.0000
16092,130050.0000
16093,130050.0000
16094,130050.0000
16095,130050.0000
16096,130050.0000
16097,130050.0000
16098,130050.0000
16099,130050.0000
16100,130050.0000
16101,130050.0000
16102,130050.0000
16103,130050.0000
16104,130050.0000
16105,130050.0000
16106,130050.0000
16107,130050.0000
16108,130050.0000
16109,130050.0000
16110,130050.0000
16111,130050.0000
16112,130050.0000
16113,130050.0000
16114,130050.0000
16115,130050.0000
16116,130050.0000
16117,130050.0000
16118,130050.0000
16119,130050.0000
16120,130050.0000
16121,130050.0000
16122,130050.0000
16123,130050.0000
16124,130050.0000
16125,130050.0000
16126,130050.0000
16127,130050.0000
16128,130050.0000
16129,130050.0000
16130,130050.0000
16131,130050.0000
16132,130050.0000
16133,130050.0000
16134,130050.0000
16135,130050.0000
16136,130050.0000
16137,130050.0000
16138,130050.0000
16139,130050.0000
16140,130050.0000
16141,130050.0000
16142,130050.0000
16143,130050.0000
16144,130050.0000
16145,130050.0000
16146,130050.0000
16147,130050.0000
16148,130050.0000
16149,130050.0000
16150,130050.0000
16151,130050.0000
16152,130050.0000
16153,130050.0000
16154,130050.0000
16155,130050.0000
16156,130050.0000
16157,130050.0000
16158,130050.0000
16159,130050.0000
16160,130050.0000
16161,130050.0000
16162,130050.0000
16163,130050.0000
16164,130050.0000
16165,130050.0000
16166,130050.0000
16167,130050.0000
16168,130050.0000
16169,130050.0000
16170,130050.0000
16171,130050.0000
16172,130050.0000
16173,130050.0000
16174,130050.0000
16175,130050.0000
16176,130050.0000
16177,130050.0000
16178,130050.0000
16179,130050.0000
16180,130050.0000
16181,130050.0000
16182,130050.0000
16183,130050.0000
16184,130050.0000
16185,130050.0000
16186,130050.0000
16187,130050.0000
16188,130050.0000
16189,130050.0000
16190,130050.0000
16191,130050.0000
16192,130050.0000
16193,130050.0000
16194,130050.0000
16195,130050.0000
16196,130050.0000
16197,130050.0000
16198,130050.0000
16199,130050.0000
16200,130050.0000
16201,130050.0000
16202,130050.0000
16203,130050.0000
16204,130050.0000
16205,130050.0000
16206,130050.0000
16207,130050.0000
16208,130050.0000
16209,130050.0000
16210,130050.0000
16211,130050.0000
16212,130050.0000
16213,130050.0000
16214,130050.0000
16215,130050.0000
16216,130050.0000
16217,130050.0000
16218,130050.0000
16219,130050.0000
16220,130050.0000
16221,130050.0000
16222,130050.0000
16223,130050.0000
16224,130050.0000
16225,130050.0000
16226,130050.0000
16227,130050.0000
16228,130050.0000
16229,130050.0000
16230,130050.0000
16231,130050.0000
16232,130050.0000
16233,130050.0000
16234,130050.0000
16235,130050.0000
16236,130050.0000
16237,130050.0000
16238,130050.0000
16239,130050.0000
16240,130050.0000
16241,130050.0000
16242,130050.0000
16243,130050.0000
16244,130050.0000
16245,130050.0000
16246,130050.0000
16247,130050.0000
16248,130050.0000
16249,130050.0000
16250,130050.0000
16251,130050.0000
16252,130050.0000
16253,130050.0000
16254,130050.0000
16255,130050.0000
16256,130050.0000
16257,130050.0000
16258,130050.0000
16259,130050.0000
16260,130050.0000
16261,130050.0000
16262,130050.0000
16263,130050.0000
16264,130050.0000
16265,130050.0000
16266,130050.0000
16267,130050.0000
16268,130050.0000
16269,130050.0000
16270,130050.0000
16271,130050.0000
16272,130050.0000
16273,130050.0000
16274,130050.0000
16275,130050.0000
16276,130050.0000
16277,130050.0000
16278,130050.0000
16279,130050.0000
16280,130050.0000
16281,130050.0000
16282,130050.0000
16283,130050.0000
16284,130050.0000
16285,130050.0000
16286,130050.0000
16287,130050.0000
16288,130050.0000
16289,130050.0000
16290,130050.0000
16291,130050.0000
16292,130050.0000
16293,130050.0000
16294,130050.0000
16295,130050.0000
16296,130050.0000
16297,130050.0000
16298,130050.0000
16299,130050.0000
16300,130050.0000
16301,130050.0000
16302,130050.0000
16303,130050.0000
16304,130050.0000
16305,130050.0000
16306,130050.0000
16307,130050.0000
16308,130050.0000
16309,130050.0000
16310,130050.0000
16311,130050.0000
16312,130050.0000
16313,130050.0000
16314,130050.0000
16315,130050.0000
16316,130050.0000
16317,130050.0000
16318,130050.0000
16319,130050.0000
16320,130050.0000
16321,130050.0000
16322,130050.0000
16323,130050.0000
16324,130050.0000
16325,130050.0000
16326,130050.0000
16327,130050.0000
16328,130050.0000
16329,130050.0000
16330,130050.0000
16331,130050.0000
16332,130050.0000
16333,130050.0000
16334,130050.0000
16335,130050.0000
16336,130050.0000
16337,130050.0000
16338,130050.0000
16339,130050.0000
16340,130050.0000
16341,130050.0000
16342,130050.0000
16343,130050.0000
16344,130050.0000
16345,130050.0000
16346,130050.0000
16347,130050.0000
16348,130050.0000
16349,130050.0000
16350,130050.0000
16351,130050.0000
16352,130050.0000
16353,130050.0000
16354,130050.0000
16355,130050.0000
16356,130050.0000
16357,130050.0000
16358,130050.0000
16359,130050.0000
16360,130050.0000
16361,130050.0000
16362,130050.0000
16363,130050.0000
16364,130050.0000
16365,130050.0000
16366,130050.0000
16367,130050.0000
16368,130050.0000
16369,130050.0000
16370,130050.0000
16371,130050.0000
16372,130050.0000
16373,130050.0000
16374,130050.0000
16375,130050.0000
16376,130050.0000
16377,130050.0000
16378,130050.0000
16379,130050.0000
16380,130050.0000
16381,130050.0000
16382,130050.0000
16383,130050.0000
16384,130050.0000
16385,130050.0000
16386,130050.0000
16387,130050.0000
16388,130050.0000
16389,130050.0000
16390,130050.0000
16391,130050.0000
16392,130050.0000
16393,130050.0000
16394,130050.0000
16395,130050.0000
16396,130050.0000
16397,130050.0000
16398,130050.0000
16399,130050.0000
16400,130050.0000
16401,130050.0000
16402,130050.0000
16403,130050.0000
16404,130050.0000
16405,130050.0000
16406,130050.0000
16407,130050.0000
16408,130050.0000
16409,130050.0000
16410,130050.0000
16411,130050.0000
16412,130050.0000
16413,130050.0000
16414,130050.0000
16415,130050.0000
16416,130050.0000
16417,130050.0000
16418,130050.0000
16419,130050.0000
16420,130050.0000
16421,130050.0000
16422,130050.0000
16423,130050.0000
16424,130050.0000
16425,130050.0000
16426,130050.0000
16427,130050.0000
16428,130050.0000
16429,130050.0000
16430,130050.0000
16431,130050.0000
16432,130050.0000
16433,130050.0000
16434,130050.0000
16435,130050.0000
16436,130050.0000
16437,130050.0000
16438,130050.0000
16439,130050.0000
16440,130050.0000
16441,130050.0000
16442,130050.0000
16443,130050.0000
16444,130050.0000
16445,130050.0000
16446,130050.0000
16447,130050.0000
16448,130050.0000
16449,130050.0000
16450,130050.0000
16451,130050.0000
16452,130050.0000
16453,130050.0000
16454,130050.0000
16455,130050.0000
16456,130050.0000
16457,130050.0000
16458,130050.0000
16459,130050.0000
16460,130050.0000
16461,130050.0000
16462,130050.0000
16463,130050.0000
16464,130050.0000
16465,130050.0000
16466,130050.0000
16467,130050.0000
16468,130050.0000
16469,130050.0000
16470,130050.0000
16471,130050.0000
16472,130050.0000
16473,130050.0000
16474,130050.0000
16475,130050.0000
16476,130050.0000
16477,130050.0000
16478,130050.0000
16479,130050.0000
16480,130050.0000
16481,130050.0000
16482,130050.0000
16483,130050.0000
16484,130050.0000
16485,130050.0000
16486,130050.0000
16487,130050.0000
16488,130050.0000
16489,130050.0000
16490,130050.0000
16491,130050.0000
16492,130050.0000
16493,130050.0000
16494,130050.0000
16495,130050.0000
16496,130050.0000
16497,130050.0000
16498,130050.0000
16499,130050.0000
16500,130050.0000
16501,130050.0000
16502,130050.0000
16503,130050.0000
16504,130050.0000
16505,130050.0000
16506,130050.0000
16507,130050.0000
16508,130050.0000
16509,130050.0000
16510,130050.0000
16511,130050.0000
16512,130050.0000
16513,130050.0000
16514,130050.0000
16515,130050.0000
16516,130050.0000
16517,130050.0000
16518,130050.0000
16519,130050.0000
16520,130050.0000
16521,130050.0000
16522,130050.0000
16523,130050.0000
16524,130050.0000
16525,130050.0000
16526,130050.0000
16527,130050.0000
16528,130050.0000
16529,130050.0000
16530,130050.0000
16531,130050.0000
16532,130050.0000
16533,130050.0000
16534,130050.0000
16535,130050.0000
16536,130050.0000
16537,130050.0000
16538,130050.0000
16539,130050.0000
16540,130050.0000
16541,130050.0000
16542,130050.0000
16543,130050.0000
16544,130050.0000
16545,130050.0000
16546,130050.0000
16547,130050.0000
16548,130050.0000
16549,130050.0000
16550,130050.0000
16551,130050.0000
16552,130050.0000
16553,130050.0000
16554,130050.0000
16555,130050.0000
16556,130050.0000
16557,130050.0000
16558,130050.0000
16559,130050.0000
16560,130050.0000
16561,130050.0000
16562,130050.0000
16563,130050.0000
16564,130050.0000
16565,130050.0000
16566,130050.0000
16567,130050.0000
16568,130050.0000
16569,130050.0000
16570,130050.0000
16571,130050.0000
16572,130050.0000
16573,130050.0000
16574,130050.0000
16575,130050.0000
16576,130050.0000
16577,130050.0000
16578,130050.0000
16579,130050.0000
16580,130050.0000
16581,130050.0000
16582,130050.0000
16583,130050.0000
16584,130050.0000
16585,130050.0000
16586,130050.0000
16587,130050.0000
16588,130050.0000
16589,130050.0000
16590,130050.0000
16591,130050.0000
16592,130050.0000
16593,130050.0000
16594,130050.0000
16595,130050.0000
16596,130050.0000
16597,130050.0000
16598,130050.0000
16599,130050.0000
16600,130050.0000
16601,130050.0000
16602,130050.0000
16603,130050.0000
16604,130050.0000
16605,130050.0000
16606,130050.0000
16607,130050.0000
16608,130050.0000
16609,130050.0000
16610,130050.0000
16611,130050.0000
16612,130050.0000
16613,130050.0000
16614,130050.0000
16615,130050.0000
16616,130050.0000
16617,130050.0000
16618,130050.0000
16619,130050.0000
16620,130050.0000
16621,130050.0000
16622,130050.0000
16623,130050.0000
16624,130050.0000
16625,130050.0000
16626,130050.0000
16627,130050.0000
16628,130050.0000
16629,130050.0000
16630,130050.0000
16631,130050.0000
16632,130050.0000
16633,130050.0000
16634,130050.0000
16635,130050.0000
16636,130050.0000
16637,130050.0000
16638,130050.0000
16639,130050.0000
16640,130050.0000
16641,130050.0000
16642,130050.0000
16643,130050.0000
16644,130050.0000
16645,130050.0000
16646,130050.0000
16647,130050.0000
16648,130050.0000
16649,130050.0000
16650,130050.0000
16651,130050.0000
16652,130050.0000
16653,130050.0000
16654,130050.0000
16655,130050.0000
16656,130050.0000
16657,130050.0000
16658,130050.0000
16659,130050.0000
16660,130050.0000
16661,130050.0000
16662,130050.0000
16663,130050.0000
16664,130050.0000
16665,130050.0000
16666,130050.0000
16667,130050.0000
16668,130050.0000
16669,130050.0000
16670,130050.0000
16671,130050.0000
16672,130050.0000
16673,130050.0000
16674,130050.0000
16675,130050.0000
16676,130050.0000
16677,130050.0000
16678,130050.0000
16679,130050.0000
16680,130050.0000
16681,130050.0000
16682,130050.0000
16683,130050.0000
16684,130050.0000
16685,130050.0000
16686,130050.0000
16687,130050.0000
16688,130050.0000
16689,130050.0000
16690,130050.0000
16691,130050.0000
16692,130050.0000
16693,130050.0000
16694,130050.0000
16695,130050.0000
16696,130050.0000
16697,130050.0000
16698,130050.0000
16699,130050.0000
16700,130050.0000
16701,130050.0000
16702,130050.0000
16703,130050.0000
16704,130050.0000
16705,130050.0000
16706,130050.0000
16707,130050.0000
16708,130050.0000
16709,130050.0000
16710,130050.0000
16711,130050.0000
16712,130050.0000
16713,130050.0000
16714,130050.0000
16715,130050.0000
16716,130050.0000
16717,130050.0000
16718,130050.0000
16719,130050.0000
16720,130050.0000
16721,130050.0000
16722,130050.0000
16723,130050.0000
16724,130050.0000
16725,130050.0000
16726,130050.0000
16727,130050.0000
16728,130050.0000
16729,130050.0000
16730,130050.0000
16731,130050.0000
16732,130050.0000
16733,130050.0000
16734,130050.0000
16735,130050.0000
16736,130050.0000
16737,130050.0000
16738,130050.0000
16739,130050.0000
16740,130050.0000
16741,130050.0000
16742,130050.0000
16743,130050.0000
16744,130050.0000
16745,130050.0000
16746,130050.0000
16747,130050.0000
16748,130050.0000
16749,130050.0000
16750,130050.0000
16751,130050.0000
16752,130050.0000
16753,130050.0000
16754,130050.0000
16755,130050.0000
16756,130050.0000
16757,130050.0000
16758,130050.0000
16759,130050.0000
16760,130050.0000
16761,130050.0000
16762,130050.0000
16763,130050.0000
16764,130050.0000
16765,130050.0000
16766,130050.0000
16767,130050.0000
16768,130050.0000
16769,130050.0000
16770,130050.0000
16771,130050.0000
16772,130050.0000
16773,130050.0000
16774,130050.0000
16775,130050.0000
16776,130050.0000
16777,130050.0000
16778,130050.0000
16779,130050.0000
16780,130050.0000
16781,130050.0000
16782,130050.0000
16783,130050.0000
16784,130050.0000
16785,130050.0000
16786,130050.0000
16787,130050.0000
16788,130050.0000
16789,130050.0000
16790,130050.0000
16791,130050.0000
16792,130050.0000
16793,130050.0000
16794,130050.0000
16795,130050.0000
16796,130050.0000
16797,130050.0000
16798,130050.0000
16799,130050.0000
16800,130050.0000
16801,130050.0000
16802,130050.0000
16803,130050.0000
16804,130050.0000
16805,130050.0000
16806,130050.0000
16807,130050.0000
16808,130050.0000
16809,130050.0000
16810,130050.0000
16811,130050.0000
16812,130050.0000
16813,130050.0000
16814,130050.0000
16815,130050.0000
16816,130050.0000
16817,130050.0000
16818,130050.0000
16819,130050.0000
16820,130050.0000
16821,130050.0000
16822,130050.0000
16823,130050.0000
16824,130050.0000
16825,130050.0000
16826,130050.0000
16827,130050.0000
16828,130050.0000
16829,130050.0000
16830,130050.0000
16831,130050.0000
16832,130050.0000
16833,130050.0000
16834,130050.0000
16835,130050.0000
16836,130050.0000
16837,130050.0000
16838,130050.0000
16839,130050.0000
16840,130050.0000
16841,130050.0000
16842,130050.0000
16843,130050.0000
16844,130050.0000
16845,130050.0000
16846,130050.0000
16847,130050.0000
16848,130050.0000
16849,130050.0000
16850,130050.0000
16851,130050.0000
16852,130050.0000
16853,130050.0000
16854,130050.0000
16855,130050.0000
16856,130050.0000
16857,130050.0000
16858,130050.0000
16859,130050.0000
16860,130050.0000
16861,130050.0000
16862,130050.0000
16863,130050.0000
16864,130050.0000
16865,130050.0000
16866,130050.0000
16867,130050.0000
16868,130050.0000
16869,130050.0000
16870,130050.0000
16871,130050.0000
16872,130050.0000
16873,130050.0000
16874,130050.0000
16875,130050.0000
16876,130050.0000
16877,130050.0000
16878,130050.0000
16879,130050.0000
16880,130050.0000
16881,130050.0000
16882,130050.0000
16883,130050.0000
16884,130050.0000
16885,130050.0000
16886,130050.0000
16887,130050.0000
16888,130050.0000
16889,130050.0000
16890,130050.0000
16891,130050.0000
16892,130050.0000
16893,130050.0000
16894,130050.0000
16895,130050.0000
16896,130050.0000
16897,130050.0000
16898,130050.0000
16899,130050.0000
16900,130050.0000
16901,130050.0000
16902,130050.0000
16903,130050.0000
16904,130050.0000
16905,130050.0000
16906,130050.0000
16907,130050.0000
16908,130050.0000
16909,130050.0000
16910,130050.0000
16911,130050.0000
16912,130050.0000
16913,130050.0000
16914,130050.0000
16915,130050.0000
16916,130050.0000
16917,130050.0000
16918,130050.0000
16919,130050.0000
16920,130050.0000
16921,130050.0000
16922,130050.0000
16923,130050.0000
16924,130050.0000
16925,130050.0000
16926,130050.0000
16927,130050.0000
16928,130050.0000
16929,130050.0000
16930,130050.0000
16931,130050.0000
16932,130050.0000
16933,130050.0000
16934,130050.0000
16935,130050.0000
16936,130050.0000
16937,130050.0000
16938,130050.0000
16939,130050.0000
16940,130050.0000
16941,130050.0000
16942,130050.0000
16943,130050.0000
16944,130050.0000
16945,130050.0000
16946,130050.0000
16947,130050.0000
16948,130050.0000
16949,130050.0000
16950,130050.0000
16951,130050.0000
16952,130050.0000
16953,130050.0000
16954,130050.0000
16955,130050.0000
16956,130050.0000
16957,130050.0000
16958,130050.0000
16959,130050.0000
16960,130050.0000
16961,130050.0000
16962,130050.0000
16963,130050.0000
16964,130050.0000
16965,130050.0000
16966,130050.0000
16967,130050.0000
16968,130050.0000
16969,130050.0000
16970,130050.0000
16971,130050.0000
16972,130050.0000
16973,130050.0000
16974,130050.0000
16975,130050.0000
16976,130050.0000
16977,130050.0000
16978,130050.0000
16979,130050.0000
16980,130050.0000
16981,130050.0000
16982,130050.0000
16983,130050.0000
16984,130050.0000
16985,130050.0000
16986,130050.0000
16987,130050.0000
16988,130050.0000
16989,130050.0000
16990,130050.0000
16991,130050.0000
16992,130050.0000
16993,130050.0000
16994,130050.0000
16995,130050.0000
16996,130050.0000
16997,130050.0000
16998,130050.0000
16999,130050.0000
17000,130050.0000
17001,130050.0000
17002,130050.0000
17003,130050.0000
17004,130050.0000
17005,130050.0000
17006,130050.0000
17007,130050.0000
17008,130050.0000
17009,130050.0000
17010,130050.0000
17011,130050.0000
17012,130050.0000
17013,130050.0000
17014,130050.0000
17015,130050.0000
17016,130050.0000
17017,130050.0000
17018,130050.0000
17019,130050.0000
17020,130050.0000
17021,130050.0000
17022,130050.0000
17023,130050.0000
17024,130050.0000
17025,130050.0000
17026,130050.0000
17027,130050.0000
17028,130050.0000
17029,130050.0000
17030,130050.0000
17031,130050.0000
17032,130050.0000
17033,130050.0000
17034,130050.0000
17035,130050.0000
17036,130050.0000
17037,130050.0000
17038,130050.0000
17039,130050.0000
17040,130050.0000
17041,130050.0000
17042,130050.0000
17043,130050.0000
17044,130050.0000
17045,130050.0000
17046,130050.0000
17047,130050.0000
17048,130050.0000
17049,130050.0000
17050,130050.0000
17051,130050.0000
17052,130050.0000
17053,130050.0000
17054,130050.0000
17055,130050.0000
17056,130050.0000
17057,130050.0000
17058,130050.0000
17059,130050.0000
17060,130050.0000
17061,130050.0000
17062,130050.0000
17063,130050.0000
17064,130050.0000
17065,130050.0000
17066,130050.0000
17067,130050.0000
17068,130050.0000
17069,130050.0000
17070,130050.0000
17071,130050.0000
17072,130050.0000
17073,130050.0000
17074,130050.0000
17075,130050.0000
17076,130050.0000
17077,130050.0000
17078,130050.0000
17079,130050.0000
17080,130050.0000
17081,130050.0000
17082,130050.0000
17083,130050.0000
17084,130050.0000
17085,130050.0000
17086,130050.0000
17087,130050.0000
17088,130050.0000
17089,130050.0000
17090,130050.0000
17091,130050.0000
17092,130050.0000
17093,130050.0000
17094,130050.0000
17095,130050.0000
17096,130050.0000
17097,130050.0000
17098,130050.0000
17099,130050.0000
17100,130050.0000
17101,130050.0000
17102,130050.0000
17103,130050.0000
17104,130050.0000
17105,130050.0000
17106,130050.0000
17107,130050.0000
17108,130050.0000
17109,130050.0000
17110,130050.0000
17111,130050.0000
17112,130050.0000
17113,130050.0000
17114,130050.0000
17115,130050.0000
17116,130050.0000
17117,130050.0000
17118,130050.0000
17119,130050.0000
17120,130050.0000
17121,130050.0000
17122,130050.0000
17123,130050.0000
17124,130050.0000
17125,130050.0000
17126,130050.0000
17127,130050.0000
17128,130050.0000
17129,130050.0000
17130,130050.0000
17131,130050.0000
17132,130050.0000
17133,130050.0000
17134,130050.0000
17135,130050.0000
17136,130050.0000
17137,130050.0000
17138,130050.0000
17139,130050.0000
17140,130050.0000
17141,130050.0000
17142,130050.0000
17143,130050.0000
17144,130050.0000
17145,130050.0000
17146,130050.0000
17147,130050.0000
17148,130050.0000
17149,130050.0000
17150,130050.0000
17151,130050.0000
17152,130050.0000
17153,130050.0000
17154,130050.0000
17155,130050.0000
17156,130050.0000
17157,130050.0000
17158,130050.0000
17159,130050.0000
17160,130050.0000
17161,130050.0000
17162,130050.0000
17163,130050.0000
17164,130050.0000
17165,130050.0000
17166,130050.0000
17167,130050.0000
17168,130050.0000
17169,130050.0000
17170,130050.0000
17171,130050.0000
17172,130050.0000
17173,130050.0000
17174,130050.0000
17175,130050.0000
17176,130050.0000
17177,130050.0000
17178,130050.0000
17179,130050.0000
17180,130050.0000
17181,130050.0000
17182,130050.0000
17183,130050.0000
17184,130050.0000
17185,130050.0000
17186,130050.0000
17187,130050.0000
17188,130050.0000
17189,130050.0000
17190,130050.0000
17191,130050.0000
17192,130050.0000
17193,130050.0000
17194,130050.0000
17195,130050.0000
17196,130050.0000
17197,130050.0000
17198,130050.0000
17199,130050.0000
17200,130050.0000
17201,130050.0000
17202,130050.0000
17203,130050.0000
17204,130050.0000
17205,130050.0000
17206,130050.0000
17207,130050.0000
17208,130050.0000
17209,130050.0000
17210,130050.0000
17211,130050.0000
17212,130050.0000
17213,130050.0000
17214,130050.0000
17215,130050.0000
17216,130050.0000
17217,130050.0000
17218,130050.0000
17219,130050.0000
17220,130050.0000
17221,130050.0000
17222,130050.0000
17223,130050.0000
17224,130050.0000
17225,130050.0000
17226,130050.0000
17227,130050.0000
17228,130050.0000
17229,130050.0000
17230,130050.0000
17231,130050.0000
17232,130050.0000
17233,130050.0000
17234,130050.0000
17235,130050.0000
17236,130050.0000
17237,130050.0000
17238,130050.0000
17239,130050.0000
17240,130050.0000
17241,130050.0000
17242,130050.0000
17243,130050.0000
17244,130050.0000
17245,130050.0000
17246,130050.0000
17247,130050.0000
17248,130050.0000
17249,130050.0000
17250,130050.0000
17251,130050.0000
17252,130050.0000
17253,130050.0000
17254,130050.0000
17255,130050.0000
17256,130050.0000
17257,130050.0000
17258,130050.0000
17259,130050.0000
17260,130050.0000
17261,130050.0000
17262,130050.0000
17263,130050.0000
17264,130050.0000
17265,130050.0000
17266,130050.0000
17267,130050.0000
17268,130050.0000
17269,130050.0000
17270,130050.0000
17271,130050.0000
17272,130050.0000
17273,130050.0000
17274,130050.0000
17275,130050.0000
17276,130050.0000
17277,130050.0000
17278,130050.0000
17279,130050.0000
17280,130050.0000
17281,130050.0000
17282,130050.0000
17283,130050.0000
17284,130050.0000
17285,130050.0000
17286,130050.0000
17287,130050.0000
17288,130050.0000
17289,130050.0000
17290,130050.0000
17291,130050.0000
17292,130050.0000
17293,130050.0000
17294,130050.0000
17295,130050.0000
17296,130050.0000
17297,130050.0000
17298,130050.0000
17299,130050.0000
17300,130050.0000
17301,130050.0000
17302,130050.0000
17303,130050.0000
17304,130050.0000
17305,130050.0000
17306,130050.0000
17307,130050.0000
17308,130050.0000
17309,130050.0000
17310,130050.0000
17311,130050.0000
17312,130050.0000
17313,130050.0000
17314,130050.0000
17315,130050.0000
17316,130050.0000
17317,130050.0000
17318,130050.0000
17319,130050.0000
17320,130050.0000
17321,130050.0000
17322,130050.0000
17323,130050.0000
17324,130050.0000
17325,130050.0000
17326,130050.0000
17327,130050.0000
17328,130050.0000
17329,130050.0000
17330,130050.0000
17331,130050.0000
17332,130050.0000
17333,130050.0000
17334,130050.0000
17335,130050.0000
17336,130050.0000
17337,130050.0000
17338,130050.0000
17339,130050.0000
17340,130050.0000
17341,130050.0000
17342,130050.0000
17343,130050.0000
17344,130050.0000
17345,130050.0000
17346,130050.0000
17347,130050.0000
17348,130050.0000
17349,130050.0000
17350,130050.0000
17351,130050.0000
17352,130050.0000
17353,130050.0000
17354,130050.0000
17355,130050.0000
17356,130050.0000
17357,130050.0000
17358,130050.0000
17359,130050.0000
17360,130050.0000
17361,130050.0000
17362,130050.0000
17363,130050.0000
17364,130050.0000
17365,130050.0000
17366,130050.0000
17367,130050.0000
17368,130050.0000
17369,130050.0000
17370,130050.0000
17371,130050.0000
17372,130050.0000
17373,130050.0000
17374,130050.0000
17375,130050.0000
17376,130050.0000
17377,130050.0000
17378,130050.0000
17379,130050.0000
17380,130050.0000
17381,130050.0000
17382,130050.0000
17383,130050.0000
17384,130050.0000
17385,130050.0000
17386,130050.0000
17387,130050.0000
17388,130050.0000
17389,130050.0000
17390,130050.0000
17391,130050.0000
17392,130050.0000
17393,130050.0000
17394,130050.0000
17395,130050.0000
17396,130050.0000
17397,130050.0000
17398,130050.0000
17399,130050.0000
17400,130050.0000
17401,130050.0000
17402,130050.0000
17403,130050.0000
17404,130050.0000
17405,130050.0000
17406,130050.0000
17407,130050.0000
17408,130050.0000
17409,130050.0000
17410,130050.0000
17411,130050.0000
17412,130050.0000
17413,130050.0000
17414,130050.0000
17415,130050.0000
17416,130050.0000
17417,130050.0000
17418,130050.0000
17419,130050.0000
17420,130050.0000
17421,130050.0000
17422,130050.0000
17423,130050.0000
17424,130050.0000
17425,130050.0000
17426,130050.0000
17427,130050.0000
17428,130050.0000
17429,130050.0000
17430,130050.0000
17431,130050.0000
17432,130050.0000
17433,130050.0000
17434,130050.0000
17435,130050.0000
17436,130050.0000
17437,130050.0000
17438,130050.0000
17439,130050.0000
17440,130050.0000
17441,130050.0000
17442,130050.0000
17443,130050.0000
17444,130050.0000
17445,130050.0000
17446,130050.0000
17447,130050.0000
17448,130050.0000
17449,130050.0000
17450,130050.0000
17451,130050.0000
17452,130050.0000
17453,130050.0000
17454,130050.0000
17455,130050.0000
17456,130050.0000
17457,130050.0000
17458,130050.0000
17459,130050.0000
17460,130050.0000
17461,130050.0000
17462,130050.0000
17463,130050.0000
17464,130050.0000
17465,130050.0000
17466,130050.0000
17467,130050.0000
17468,130050.0000
17469,130050.0000
17470,130050.0000
17471,130050.0000
17472,130050.0000
17473,130050.0000
17474,130050.0000
17475,130050.0000
17476,130050.0000
17477,130050.0000
17478,130050.0000
17479,130050.0000
17480,130050.0000
17481,130050.0000
17482,130050.0000
17483,130050.0000
17484,130050.0000
17485,130050.0000
17486,130050.0000
17487,130050.0000
17488,130050.0000
17489,130050.0000
17490,130050.0000
17491,130050.0000
17492,130050.0000
17493,130050.0000
17494,130050.0000
17495,130050.0000
17496,130050.0000
17497,130050.0000
17498,130050.0000
17499,130050.0000
17500,130050.0000
17501,130050.0000
17502,130050.0000
17503,130050.0000
17504,130050.0000
17505,130050.0000
17506,130050.0000
17507,130050.0000
17508,130050.0000
17509,130050.0000
17510,130050.0000
17511,130050.0000
17512,130050.0000
17513,130050.0000
17514,130050.0000
17515,130050.0000
17516,130050.0000
17517,130050.0000
17518,130050.0000
17519,130050.0000
17520,130050.0000
17521,130050.0000
17522,130050.0000
17523,130050.0000
17524,130050.0000
17525,130050.0000
17526,130050.0000
17527,130050.0000
17528,130050.0000
17529,130050.0000
17530,130050.0000
17531,130050.0000
17532,130050.0000
17533,130050.0000
17534,130050.0000
17535,130050.0000
17536,130050.0000
17537,130050.0000
17538,130050.0000
17539,130050.0000
17540,130050.0000
17541,130050.0000
17542,130050.0000
17543,130050.0000
17544,130050.0000
17545,130050.0000
17546,130050.0000
17547,130050.0000
17548,130050.0000
17549,130050.0000
17550,130050.0000
17551,130050.0000
17552,130050.0000
17553,130050.0000
17554,130050.0000
17555,130050.0000
17556,130050.0000
17557,130050.0000
17558,130050.0000
17559,130050.0000
17560,130050.0000
17561,130050.0000
17562,130050.0000
17563,130050.0000
17564,130050.0000
17565,130050.0000
17566,130050.0000
17567,130050.0000
17568,130050.0000
17569,130050.0000
17570,130050.0000
17571,130050.0000
17572,130050.0000
17573,130050.0000
17574,130050.0000
17575,130050.0000
17576,130050.0000
17577,130050.0000
17578,130050.0000
17579,130050.0000
17580,130050.0000
17581,130050.0000
17582,130050.0000
17583,130050.0000
17584,130050.0000
17585,130050.0000
17586,130050.0000
17587,130050.0000
17588,130050.0000
17589,130050.0000
17590,130050.0000
17591,130050.0000
17592,130050.0000
17593,130050.0000
17594,130050.0000
17595,130050.0000
17596,130050.0000
17597,130050.0000
17598,130050.0000
17599,130050.0000
17600,130050.0000
17601,130050.0000
17602,130050.0000
17603,130050.0000
17604,130050.0000
17605,130050.0000
17606,130050.0000
17607,130050.0000
17608,130050.0000
17609,130050.0000
17610,130050.0000
17611,130050.0000
17612,130050.0000
17613,130050.0000
17614,130050.0000
17615,130050.0000
17616,130050.0000
17617,130050.0000
17618,130050.0000
17619,130050.0000
17620,130050.0000
17621,130050.0000
17622,130050.0000
17623,130050.0000
17624,130050.0000
17625,130050.0000
17626,130050.0000
17627,130050.0000
17628,130050.0000
17629,130050.0000
17630,130050.0000
17631,130050.0000
17632,130050.0000
17633,130050.0000
17634,130050.0000
17635,130050.0000
17636,130050.0000
17637,130050.0000
17638,130050.0000
17639,130050.0000
17640,130050.0000
17641,130050.0000
17642,130050.0000
17643,130050.0000
17644,130050.0000
17645,130050.0000
17646,130050.0000
17647,130050.0000
17648,130050.0000
17649,130050.0000
17650,130050.0000
17651,130050.0000
17652,130050.0000
17653,130050.0000
17654,130050.0000
17655,130050.0000
17656,130050.0000
17657,130050.0000
17658,130050.0000
17659,130050.0000
17660,130050.0000
17661,130050.0000
17662,130050.0000
17663,130050.0000
17664,130050.0000
17665,130050.0000
17666,130050.0000
17667,130050.0000
17668,130050.0000
17669,130050.0000
17670,130050.0000
17671,130050.0000
17672,130050.0000
17673,130050.0000
17674,130050.0000
17675,130050.0000
17676,130050.0000
17677,130050.0000
17678,130050.0000
17679,130050.0000
17680,130050.0000
17681,130050.0000
17682,130050.0000
17683,130050.0000
17684,130050.0000
17685,130050.0000
17686,130050.0000
17687,130050.0000
17688,130050.0000
17689,130050.0000
17690,130050.0000
17691,130050.0000
17692,130050.0000
17693,130050.0000
17694,130050.0000
17695,130050.0000
17696,130050.0000
17697,130050.0000
17698,130050.0000
17699,130050.0000
17700,130050.0000
17701,130050.0000
17702,130050.0000
17703,130050.0000
17704,130050.0000
17705,130050.0000
17706,130050.0000
17707,130050.0000
17708,130050.0000
17709,130050.0000
17710,130050.0000
17711,130050.0000
17712,130050.0000
17713,130050.0000
17714,130050.0000
17715,130050.0000
17716,130050.0000
17717,130050.0000
17718,130050.0000
17719,130050.0000
17720,130050.0000
17721,130050.0000
17722,130050.0000
17723,130050.0000
17724,130050.0000
17725,130050.0000
17726,130050.0000
17727,130050.0000
17728,130050.0000
17729,130050.0000
17730,130050.0000
17731,130050.0000
17732,130050.0000
17733,130050.0000
17734,130050.0000
17735,130050.0000
17736,130050.0000
17737,130050.0000
17738,130050.0000
17739,130050.0000
17740,130050.0000
17741,130050.0000
17742,130050.0000
17743,130050.0000
17744,130050.0000
17745,130050.0000
17746,130050.0000
17747,130050.0000
17748,130050.0000
17749,130050.0000
17750,130050.0000
17751,130050.0000
17752,130050.0000
17753,130050.0000
17754,130050.0000
17755,130050.0000
17756,130050.0000
17757,130050.0000
17758,130050.0000
17759,130050.0000
17760,130050.0000
17761,130050.0000
17762,130050.0000
17763,130050.0000
17764,130050.0000
17765,130050.0000
17766,130050.0000
17767,130050.0000
17768,130050.0000
17769,130050.0000
17770,130050.0000
17771,130050.0000
17772,130050.0000
17773,130050.0000
17774,130050.0000
17775,130050.0000
17776,130050.0000
17777,130050.0000
17778,130050.0000
17779,130050.0000
17780,130050.0000
17781,130050.0000
17782,130050.0000
17783,130050.0000
17784,130050.0000
17785,130050.0000
17786,130050.0000
17787,130050.0000
17788,130050.0000
17789,130050.0000
17790,130050.0000
17791,130050.0000
17792,130050.0000
17793,130050.0000
17794,130050.0000
17795,130050.0000
17796,130050.0000
17797,130050.0000
17798,130050.0000
17799,130050.0000
17800,130050.0000
17801,130050.0000
17802,130050.0000
17803,130050.0000
17804,130050.0000
17805,130050.0000
17806,130050.0000
17807,130050.0000
17808,130050.0000
17809,130050.0000
17810,130050.0000
17811,130050.0000
17812,130050.0000
17813,130050.0000
17814,130050.0000
17815,130050.0000
17816,130050.0000
17817,130050.0000
17818,130050.0000
17819,130050.0000
17820,130050.0000
17821,130050.0000
17822,130050.0000
17823,130050.0000
17824,130050.0000
17825,130050.0000
17826,130050.0000
17827,130050.0000
17828,130050.0000
17829,130050.0000
17830,130050.0000
17831,130050.0000
17832,130050.0000
17833,130050.0000
17834,130050.0000
17835,130050.0000
17836,130050.0000
17837,130050.0000
17838,130050.0000
17839,130050.0000
17840,130050.0000
17841,130050.0000
17842,130050.0000
17843,130050.0000
17844,130050.0000
17845,130050.0000
17846,130050.0000
17847,130050.0000
17848,130050.0000
17849,130050.0000
17850,130050.0000
17851,130050.0000
17852,130050.0000
17853,130050.0000
17854,130050.0000
17855,130050.0000
17856,130050.0000
17857,130050.0000
17858,130050.0000
17859,130050.0000
17860,130050.0000
17861,130050.0000
17862,130050.0000
17863,130050.0000
17864,130050.0000
17865,130050.0000
17866,130050.0000
17867,130050.0000
17868,130050.0000
17869,130050.0000
17870,130050.0000
17871,130050.0000
17872,130050.0000
17873,130050.0000
17874,130050.0000
17875,130050.0000
17876,130050.0000
17877,130050.0000
17878,130050.0000
17879,130050.0000
17880,130050.0000
17881,130050.0000
17882,130050.0000
17883,130050.0000
17884,130050.0000
17885,130050.0000
17886,130050.0000
17887,130050.0000
17888,130050.0000
17889,130050.0000
17890,130050.0000
17891,130050.0000
17892,130050.0000
17893,130050.0000
17894,130050.0000
17895,130050.0000
17896,130050.0000
17897,130050.0000
17898,130050.0000
17899,130050.0000
17900,130050.0000
17901,130050.0000
17902,130050.0000
17903,130050.0000
17904,130050.0000
17905,130050.0000
17906,130050.0000
17907,130050.0000
17908,130050.0000
17909,130050.0000
17910,130050.0000
17911,130050.0000
17912,130050.0000
17913,130050.0000
17914,130050.0000
17915,130050.0000
17916,130050.0000
17917,130050.0000
17918,130050.0000
17919,130050.0000
17920,130050.0000
17921,130050.0000
17922,130050.0000
17923,130050.0000
17924,130050.0000
17925,130050.0000
17926,130050.0000
17927,130050.0000
17928,130050.0000
17929,130050.0000
17930,130050.0000
17931,130050.0000
17932,130050.0000
17933,130050.0000
17934,130050.0000
17935,130050.0000
17936,130050.0000
17937,130050.0000
17938,130050.0000
17939,130050.0000
17940,130050.0000
17941,130050.0000
17942,130050.0000
17943,130050.0000
17944,130050.0000
17945,130050.0000
17946,130050.0000
17947,130050.0000
17948,130050.0000
17949,130050.0000
17950,130050.0000
17951,130050.0000
17952,130050.0000
17953,130050.0000
17954,130050.0000
17955,130050.0000
17956,130050.0000
17957,130050.0000
17958,130050.0000
17959,130050.0000
17960,130050.0000
17961,130050.0000
17962,130050.0000
17963,130050.0000
17964,130050.0000
17965,130050.0000
17966,130050.0000
17967,130050.0000
17968,130050.0000
17969,130050.0000
17970,130050.0000
17971,130050.0000
17972,130050.0000
17973,130050.0000
17974,130050.0000
17975,130050.0000
17976,130050.0000
17977,130050.0000
17978,130050.0000
17979,130050.0000
17980,130050.0000
17981,130050.0000
17982,130050.0000
17983,130050.0000
17984,130050.0000
17985,130050.0000
17986,130050.0000
17987,130050.0000
17988,130050.0000
17989,130050.0000
17990,130050.0000
17991,130050.0000
17992,130050.0000
17993,130050.0000
17994,130050.0000
17995,130050.0000
17996,130050.0000
17997,130050.0000
17998,130050.0000
17999,130050.0000
18000,130050.0000
18001,130050.0000
18002,130050.0000
18003,130050.0000
18004,130050.0000
18005,130050.0000
18006,130050.0000
18007,130050.0000
18008,130050.0000
18009,130050.0000
18010,130050.0000
18011,130050.0000
18012,130050.0000
18013,130050.0000
18014,130050.0000
18015,130050.0000
18016,130050.0000
18017,130050.0000
18018,130050.0000
18019,130050.0000
18020,130050.0000
18021,130050.0000
18022,130050.0000
18023,130050.0000
18024,130050.0000
18025,130050.0000
18026,130050.0000
18027,130050.0000
18028,130050.0000
18029,130050.0000
18030,130050.0000
18031,130050.0000
18032,130050.0000
18033,130050.0000
18034,130050.0000
18035,130050.0000
18036,130050.0000
18037,130050.0000
18038,130050.0000
18039,130050.0000
18040,130050.0000
18041,130050.0000
18042,130050.0000
18043,130050.0000
18044,130050.0000
18045,130050.0000
18046,130050.0000
18047,130050.0000
18048,130050.0000
18049,130050.0000
18050,130050.0000
18051,130050.0000
18052,130050.0000
18053,130050.0000
18054,130050.0000
18055,130050.0000
18056,130050.0000
18057,130050.0000
18058,130050.0000
18059,130050.0000
18060,130050.0000
18061,130050.0000
18062,130050.0000
18063,130050.0000
18064,130050.0000
18065,130050.0000
18066,130050.0000
18067,130050.0000
18068,130050.0000
18069,130050.0000
18070,130050.0000
18071,130050.0000
18072,130050.0000
18073,130050.0000
18074,130050.0000
18075,130050.0000
18076,130050.0000
18077,130050.0000
18078,130050.0000
18079,130050.0000
18080,130050.0000
18081,130050.0000
18082,130050.0000
18083,130050.0000
18084,130050.0000
18085,130050.0000
18086,130050.0000
18087,130050.0000
18088,130050.0000
18089,130050.0000
18090,130050.0000
18091,130050.0000
18092,130050.0000
18093,130050.0000
18094,130050.0000
18095,130050.0000
18096,130050.0000
18097,130050.0000
18098,130050.0000
18099,130050.0000
18100,130050.0000
18101,130050.0000
18102,130050.0000
18103,130050.0000
18104,130050.0000
18105,130050.0000
18106,130050.0000
18107,130050.0000
18108,130050.0000
18109,130050.0000
18110,130050.0000
18111,130050.0000
18112,130050.0000
18113,130050.0000
18114,130050.0000
18115,130050.0000
18116,130050.0000
18117,130050.0000
18118,130050.0000
18119,130050.0000
18120,130050.0000
18121,130050.0000
18122,130050.0000
18123,130050.0000
18124,130050.0000
18125,130050.0000
18126,130050.0000
18127,130050.0000
18128,130050.0000
18129,130050.0000
18130,130050.0000
18131,130050.0000
18132,130050.0000
18133,130050.0000
18134,130050.0000
18135,130050.0000
18136,130050.0000
18137,130050.0000
18138,130050.0000
18139,130050.0000
18140,130050.0000
18141,130050.0000
18142,130050.0000
18143,130050.0000
18144,130050.0000
18145,130050.0000
18146,130050.0000
18147,130050.0000
18148,130050.0000
18149,130050.0000
18150,130050.0000
18151,130050.0000
18152,130050.0000
18153,130050.0000
18154,130050.0000
18155,130050.0000
18156,130050.0000
18157,130050.0000
18158,130050.0000
18159,130050.0000
18160,130050.0000
18161,130050.0000
18162,130050.0000
18163,130050.0000
18164,130050.0000
18165,130050.0000
18166,130050.0000
18167,130050.0000
18168,130050.0000
18169,130050.0000
18170,130050.0000
18171,130050.0000
18172,130050.0000
18173,130050.0000
18174,130050.0000
18175,130050.0000
18176,130050.0000
18177,130050.0000
18178,130050.0000
18179,130050.0000
18180,130050.0000
18181,130050.0000
18182,130050.0000
18183,130050.0000
18184,130050.0000
18185,130050.0000
18186,130050.0000
18187,130050.0000
18188,130050.0000
18189,130050.0000
18190,130050.0000
18191,130050.0000
18192,130050.0000
18193,130050.0000
18194,130050.0000
18195,130050.0000
18196,130050.0000
18197,130050.0000
18198,130050.0000
18199,130050.0000
18200,130050.0000
18201,130050.0000
18202,130050.0000
18203,130050.0000
18204,130050.0000
18205,130050.0000
18206,130050.0000
18207,130050.0000
18208,130050.0000
18209,130050.0000
18210,130050.0000
18211,130050.0000
18212,130050.0000
18213,130050.0000
18214,130050.0000
18215,130050.0000
18216,130050.0000
18217,130050.0000
18218,130050.0000
18219,130050.0000
18220,130050.0000
18221,130050.0000
18222,130050.0000
18223,130050.0000
18224,130050.0000
18225,130050.0000
18226,130050.0000
18227,130050.0000
18228,130050.0000
18229,130050.0000
18230,130050.0000
18231,130050.0000
18232,130050.0000
18233,130050.0000
18234,130050.0000
18235,130050.0000
18236,130050.0000
18237,130050.0000
18238,130050.0000
18239,130050.0000
18240,130050.0000
18241,130050.0000
18242,130050.0000
18243,130050.0000
18244,130050.0000
18245,130050.0000
18246,130050.0000
18247,130050.0000
18248,130050.0000
18249,130050.0000
18250,130050.0000
18251,130050.0000
18252,130050.0000
18253,130050.0000
18254,130050.0000
18255,130050.0000
18256,130050.0000
18257,130050.0000
18258,130050.0000
18259,130050.0000
18260,130050.0000
18261,130050.0000
18262,130050.0000
18263,130050.0000
18264,130050.0000
18265,130050.0000
18266,130050.0000
18267,130050.0000
18268,130050.0000
18269,130050.0000
18270,130050.0000
18271,130050.0000
18272,130050.0000
18273,130050.0000
18274,130050.0000
18275,130050.0000
18276,130050.0000
18277,130050.0000
18278,130050.0000
18279,130050.0000
18280,130050.0000
18281,130050.0000
18282,130050.0000
18283,130050.0000
18284,130050.0000
18285,130050.0000
18286,130050.0000
18287,130050.0000
18288,130050.0000
18289,130050.0000
18290,130050.0000
18291,130050.0000
18292,130050.0000
18293,130050.0000
18294,130050.0000
18295,130050.0000
18296,130050.0000
18297,130050.0000
18298,130050.0000
18299,130050.0000
18300,130050.0000
18301,130050.0000
18302,130050.0000
18303,130050.0000
18304,130050.0000
18305,130050.0000
18306,130050.0000
18307,130050.0000
18308,130050.0000
18309,130050.0000
18310,130050.0000
18311,130050.0000
18312,130050.0000
18313,130050.0000
18314,130050.0000
18315,130050.0000
18316,130050.0000
18317,130050.0000
18318,130050.0000
18319,130050.0000
18320,130050.0000
18321,130050.0000
18322,130050.0000
18323,130050.0000
18324,130050.0000
18325,130050.0000
18326,130050.0000
18327,130050.0000
18328,130050.0000
18329,130050.0000
18330,130050.0000
18331,130050.0000
18332,130050.0000
18333,130050.0000
18334,130050.0000
18335,130050.0000
18336,130050.0000
18337,130050.0000
18338,130050.0000
18339,130050.0000
18340,130050.0000
18341,130050.0000
18342,130050.0000
18343,130050.0000
18344,130050.0000
18345,130050.0000
18346,130050.0000
18347,130050.0000
18348,130050.0000
18349,130050.0000
18350,130050.0000
18351,130050.0000
18352,130050.0000
18353,130050.0000
18354,130050.0000
18355,130050.0000
18356,130050.0000
18357,130050.0000
18358,130050.0000
18359,130050.0000
18360,130050.0000
18361,130050.0000
18362,130050.0000
18363,130050.0000
18364,130050.0000
18365,130050.0000
18366,130050.0000
18367,130050.0000
18368,130050.0000
18369,130050.0000
18370,130050.0000
18371,130050.0000
18372,130050.0000
18373,130050.0000
18374,130050.0000
18375,130050.0000
18376,130050.0000
18377,130050.0000
18378,130050.0000
18379,130050.0000
18380,130050.0000
18381,130050.0000
18382,130050.0000
18383,130050.0000
18384,130050.0000
18385,130050.0000
18386,130050.0000
18387,130050.0000
18388,130050.0000
18389,130050.0000
18390,130050.0000
18391,130050.0000
18392,130050.0000
18393,130050.0000
18394,130050.0000
18395,130050.0000
18396,130050.0000
18397,130050.0000
18398,130050.0000
18399,130050.0000
18400,130050.0000
18401,130050.0000
18402,130050.0000
18403,130050.0000
18404,130050.0000
18405,130050.0000
18406,130050.0000
18407,130050.0000
18408,130050.0000
18409,130050.0000
18410,130050.0000
18411,130050.0000
18412,130050.0000
18413,130050.0000
18414,130050.0000
18415,130050.0000
18416,130050.0000
18417,130050.0000
18418,130050.0000
18419,130050.0000
18420,130050.0000
18421,130050.0000
18422,130050.0000
18423,130050.0000
18424,130050.0000
18425,130050.0000
18426,130050.0000
18427,130050.0000
18428,130050.0000
18429,130050.0000
18430,130050.0000
18431,130050.0000
18432,130050.0000
18433,130050.0000
18434,130050.0000
18435,130050.0000
18436,130050.0000
18437,130050.0000
18438,130050.0000
18439,130050.0000
18440,130050.0000
18441,130050.0000
18442,130050.0000
18443,130050.0000
18444,130050.0000
18445,130050.0000
18446,130050.0000
18447,130050.0000
18448,130050.0000
18449,130050.0000
18450,130050.0000
18451,130050.0000
18452,130050.0000
18453,130050.0000
18454,130050.0000
18455,130050.0000
18456,130050.0000
18457,130050.0000
18458,130050.0000
18459,130050.0000
18460,130050.0000
18461,130050.0000
18462,130050.0000
18463,130050.0000
18464,130050.0000
18465,130050.0000
18466,130050.0000
18467,130050.0000
18468,130050.0000
18469,130050.0000
18470,130050.0000
18471,130050.0000
18472,130050.0000
18473,130050.0000
18474,130050.0000
18475,130050.0000
18476,130050.0000
18477,130050.0000
18478,130050.0000
18479,130050.0000
18480,130050.0000
18481,130050.0000
18482,130050.0000
18483,130050.0000
18484,130050.0000
18485,130050.0000
18486,130050.0000
18487,130050.0000
18488,130050.0000
18489,130050.0000
18490,130050.0000
18491,130050.0000
18492,130050.0000
18493,130050.0000
18494,130050.0000
18495,130050.0000
18496,130050.0000
18497,130050.0000
18498,130050.0000
18499,130050.0000
18500,130050.0000
18501,130050.0000
18502,130050.0000
18503,130050.0000
18504,130050.0000
18505,130050.0000
18506,130050.0000
18507,130050.0000
18508,130050.0000
18509,130050.0000
18510,130050.0000
18511,130050.0000
18512,130050.0000
18513,130050.0000
18514,130050.0000
18515,130050.0000
18516,130050.0000
18517,130050.0000
18518,130050.0000
18519,130050.0000
18520,130050.0000
18521,130050.0000
18522,130050.0000
18523,130050.0000
18524,130050.0000
18525,130050.0000
18526,130050.0000
18527,130050.0000
18528,130050.0000
18529,130050.0000
18530,130050.0000
18531,130050.0000
18532,130050.0000
18533,130050.0000
18534,130050.0000
18535,130050.0000
18536,130050.0000
18537,130050.0000
18538,130050.0000
18539,130050.0000
18540,130050.0000
18541,130050.0000
18542,130050.0000
18543,130050.0000
18544,130050.0000
18545,130050.0000
18546,130050.0000
18547,130050.0000
18548,130050.0000
18549,130050.0000
18550,130050.0000
18551,130050.0000
18552,130050.0000
18553,130050.0000
18554,130050.0000
18555,130050.0000
18556,130050.0000
18557,130050.0000
18558,130050.0000
18559,130050.0000
18560,130050.0000
18561,130050.0000
18562,130050.0000
18563,130050.0000
18564,130050.0000
18565,130050.0000
18566,130050.0000
18567,130050.0000
18568,130050.0000
18569,130050.0000
18570,130050.0000
18571,130050.0000
18572,130050.0000
18573,130050.0000
18574,130050.0000
18575,130050.0000
18576,130050.0000
18577,130050.0000
18578,130050.0000
18579,130050.0000
18580,130050.0000
18581,130050.0000
18582,130050.0000
18583,130050.0000
18584,130050.0000
18585,130050.0000
18586,130050.0000
18587,130050.0000
18588,130050.0000
18589,130050.0000
18590,130050.0000
18591,130050.0000
18592,130050.0000
18593,130050.0000
18594,130050.0000
18595,130050.0000
18596,130050.0000
18597,130050.0000
18598,130050.0000
18599,130050.0000
18600,130050.0000
18601,130050.0000
18602,130050.0000
18603,130050.0000
18604,130050.0000
18605,130050.0000
18606,130050.0000
18607,130050.0000
18608,130050.0000
18609,130050.0000
18610,130050.0000
18611,130050.0000
18612,130050.0000
18613,130050.0000
18614,130050.0000
18615,130050.0000
18616,130050.0000
18617,130050.0000
18618,130050.0000
18619,130050.0000
18620,130050.0000
18621,130050.0000
18622,130050.0000
18623,130050.0000
18624,130050.0000
18625,130050.0000
18626,130050.0000
18627,130050.0000
18628,130050.0000
18629,130050.0000
18630,130050.0000
18631,130050.0000
18632,130050.0000
18633,130050.0000
18634,130050.0000
18635,130050.0000
18636,130050.0000
18637,130050.0000
18638,130050.0000
18639,130050.0000
18640,130050.0000
18641,130050.0000
18642,130050.0000
18643,130050.0000
18644,130050.0000
18645,130050.0000
18646,130050.0000
18647,130050.0000
18648,130050.0000
18649,130050.0000
18650,130050.0000
18651,130050.0000
18652,130050.0000
18653,130050.0000
18654,130050.0000
18655,130050.0000
18656,130050.0000
18657,130050.0000
18658,130050.0000
18659,130050.0000
18660,130050.0000
18661,130050.0000
18662,130050.0000
18663,130050.0000
18664,130050.0000
18665,130050.0000
18666,130050.0000
18667,130050.0000
18668,130050.0000
18669,130050.0000
18670,130050.0000
18671,130050.0000
18672,130050.0000
18673,130050.0000
18674,130050.0000
18675,130050.0000
18676,130050.0000
18677,130050.0000
18678,130050.0000
18679,130050.0000
18680,130050.0000
18681,130050.0000
18682,130050.0000
18683,130050.0000
18684,130050.0000
18685,130050.0000
18686,130050.0000
18687,130050.0000
18688,130050.0000
18689,130050.0000
18690,130050.0000
18691,130050.0000
18692,130050.0000
18693,130050.0000
18694,130050.0000
18695,130050.0000
18696,130050.0000
18697,130050.0000
18698,130050.0000
18699,130050.0000
18700,130050.0000
18701,130050.0000
18702,130050.0000
18703,130050.0000
18704,130050.0000
18705,130050.0000
18706,130050.0000
18707,130050.0000
18708,130050.0000
18709,130050.0000
18710,130050.0000
18711,130050.0000
18712,130050.0000
18713,130050.0000
18714,130050.0000
18715,130050.0000
18716,130050.0000
18717,130050.0000
18718,130050.0000
18719,130050.0000
18720,130050.0000
18721,130050.0000
18722,130050.0000
18723,130050.0000
18724,130050.0000
18725,130050.0000
18726,130050.0000
18727,130050.0000
18728,130050.0000
18729,130050.0000
18730,130050.0000
18731,130050.0000
18732,130050.0000
18733,130050.0000
18734,130050.0000
18735,130050.0000
18736,130050.0000
18737,130050.0000
18738,130050.0000
18739,130050.0000
18740,130050.0000
18741,130050.0000
18742,130050.0000
18743,130050.0000
18744,130050.0000
18745,130050.0000
18746,130050.0000
18747,130050.0000
18748,130050.0000
18749,130050.0000
18750,130050.0000
18751,130050.0000
18752,130050.0000
18753,130050.0000
18754,130050.0000
18755,130050.0000
18756,130050.0000
18757,130050.0000
18758,130050.0000
18759,130050.0000
18760,130050.0000
18761,130050.0000
18762,130050.0000
18763,130050.0000
18764,130050.0000
18765,130050.0000
18766,130050.0000
18767,130050.0000
18768,130050.0000
18769,130050.0000
18770,130050.0000
18771,130050.0000
18772,130050.0000
18773,130050.0000
18774,130050.0000
18775,130050.0000
18776,130050.0000
18777,130050.0000
18778,130050.0000
18779,130050.0000
18780,130050.0000
18781,130050.0000
18782,130050.0000
18783,130050.0000
18784,130050.0000
18785,130050.0000
18786,130050.0000
18787,130050.0000
18788,130050.0000
18789,130050.0000
18790,130050.0000
18791,130050.0000
18792,130050.0000
18793,130050.0000
18794,130050.0000
18795,130050.0000
18796,130050.0000
18797,130050.0000
18798,130050.0000
18799,130050.0000
18800,130050.0000
18801,130050.0000
18802,130050.0000
18803,130050.0000
18804,130050.0000
18805,130050.0000
18806,130050.0000
18807,130050.0000
18808,130050.0000
18809,130050.0000
18810,130050.0000
18811,130050.0000
18812,130050.0000
18813,130050.0000
18814,130050.0000
18815,130050.0000
18816,130050.0000
18817,130050.0000
18818,130050.0000
18819,130050.0000
18820,130050.0000
18821,130050.0000
18822,130050.0000
18823,130050.0000
18824,130050.0000
18825,130050.0000
18826,130050.0000
18827,130050.0000
18828,130050.0000
18829,130050.0000
18830,130050.0000
18831,130050.0000
18832,130050.0000
18833,130050.0000
18834,130050.0000
18835,130050.0000
18836,130050.0000
18837,130050.0000
18838,130050.0000
18839,130050.0000
18840,130050.0000
18841,130050.0000
18842,130050.0000
18843,130050.0000
18844,130050.0000
18845,130050.0000
18846,130050.0000
18847,130050.0000
18848,130050.0000
18849,130050.0000
18850,130050.0000
18851,130050.0000
18852,130050.0000
18853,130050.0000
18854,130050.0000
18855,130050.0000
18856,130050.0000
18857,130050.0000
18858,130050.0000
18859,130050.0000
18860,130050.0000
18861,130050.0000
18862,130050.0000
18863,130050.0000
18864,130050.0000
18865,130050.0000
18866,130050.0000
18867,130050.0000
18868,130050.0000
18869,130050.0000
18870,130050.0000
18871,130050.0000
18872,130050.0000
18873,130050.0000
18874,130050.0000
18875,130050.0000
18876,130050.0000
18877,130050.0000
18878,130050.0000
18879,130050.0000
18880,130050.0000
18881,130050.0000
18882,130050.0000
18883,130050.0000
18884,130050.0000
18885,130050.0000
18886,130050.0000
18887,130050.0000
18888,130050.0000
18889,130050.0000
18890,130050.0000
18891,130050.0000
18892,130050.0000
18893,130050.0000
18894,130050.0000
18895,130050.0000
18896,130050.0000
18897,130050.0000
18898,130050.0000
18899,130050.0000
18900,130050.0000
18901,130050.0000
18902,130050.0000
18903,130050.0000
18904,130050.0000
18905,130050.0000
18906,130050.0000
18907,130050.0000
18908,130050.0000
18909,130050.0000
18910,130050.0000
18911,130050.0000
18912,130050.0000
18913,130050.0000
18914,130050.0000
18915,130050.0000
18916,130050.0000
18917,130050.0000
18918,130050.0000
18919,130050.0000
18920,130050.0000
18921,130050.0000
18922,130050.0000
18923,130050.0000
18924,130050.0000
18925,130050.0000
18926,130050.0000
18927,130050.0000
18928,130050.0000
18929,130050.0000
18930,130050.0000
18931,130050.0000
18932,130050.0000
18933,130050.0000
18934,130050.0000
18935,130050.0000
18936,130050.0000
18937,130050.0000
18938,130050.0000
18939,130050.0000
18940,130050.0000
18941,130050.0000
18942,130050.0000
18943,130050.0000
18944,130050.0000
18945,130050.0000
18946,130050.0000
18947,130050.0000
18948,130050.0000
18949,130050.0000
18950,130050.0000
18951,130050.0000
18952,130050.0000
18953,130050.0000
18954,130050.0000
18955,130050.0000
18956,130050.0000
18957,130050.0000
18958,130050.0000
18959,130050.0000
18960,130050.0000
18961,130050.0000
18962,130050.0000
18963,130050.0000
18964,130050.0000
18965,130050.0000
18966,130050.0000
18967,130050.0000
18968,130050.0000
18969,130050.0000
18970,130050.0000
18971,130050.0000
18972,130050.0000
18973,130050.0000
18974,130050.0000
18975,130050.0000
18976,130050.0000
18977,130050.0000
18978,130050.0000
18979,130050.0000
18980,130050.0000
18981,130050.0000
18982,130050.0000
18983,130050.0000
18984,130050.0000
18985,130050.0000
18986,130050.0000
18987,130050.0000
18988,130050.0000
18989,130050.0000
18990,130050.0000
18991,130050.0000
18992,130050.0000
18993,130050.0000
18994,130050.0000
18995,130050.0000
18996,130050.0000
18997,130050.0000
18998,130050.0000
18999,130050.0000
19000,130050.0000
19001,130050.0000
19002,130050.0000
19003,130050.0000
19004,130050.0000
19005,130050.0000
19006,130050.0000
19007,130050.0000
19008,130050.0000
19009,130050.0000
19010,130050.0000
19011,130050.0000
19012,130050.0000
19013,130050.0000
19014,130050.0000
19015,130050.0000
19016,130050.0000
19017,130050.0000
19018,130050.0000
19019,130050.0000
19020,130050.0000
19021,130050.0000
19022,130050.0000
19023,130050.0000
19024,130050.0000
19025,130050.0000
19026,130050.0000
19027,130050.0000
19028,130050.0000
19029,130050.0000
19030,130050.0000
19031,130050.0000
19032,130050.0000
19033,130050.0000
19034,130050.0000
19035,130050.0000
19036,130050.0000
19037,130050.0000
19038,130050.0000
19039,130050.0000
19040,130050.0000
19041,130050.0000
19042,130050.0000
19043,130050.0000
19044,130050.0000
19045,130050.0000
19046,130050.0000
19047,130050.0000
19048,130050.0000
19049,130050.0000
19050,130050.0000
19051,130050.0000
19052,130050.0000
19053,130050.0000
19054,130050.0000
19055,130050.0000
19056,130050.0000
19057,130050.0000
19058,130050.0000
19059,130050.0000
19060,130050.0000
19061,130050.0000
19062,130050.0000
19063,130050.0000
19064,130050.0000
19065,130050.0000
19066,130050.0000
19067,130050.0000
19068,130050.0000
19069,130050.0000
19070,130050.0000
19071,130050.0000
19072,130050.0000
19073,130050.0000
19074,130050.0000
19075,130050.0000
19076,130050.0000
19077,130050.0000
19078,130050.0000
19079,130050.0000
19080,130050.0000
19081,130050.0000
19082,130050.0000
19083,130050.0000
19084,130050.0000
19085,130050.0000
19086,130050.0000
19087,130050.0000
19088,130050.0000
19089,130050.0000
19090,130050.0000
19091,130050.0000
19092,130050.0000
19093,130050.0000
19094,130050.0000
19095,130050.0000
19096,130050.0000
19097,130050.0000
19098,130050.0000
19099,130050.0000
19100,130050.0000
19101,130050.0000
19102,130050.0000
19103,130050.0000
19104,130050.0000
19105,130050.0000
19106,130050.0000
19107,130050.0000
19108,130050.0000
19109,130050.0000
19110,130050.0000
19111,130050.0000
19112,130050.0000
19113,130050.0000
19114,130050.0000
19115,130050.0000
19116,130050.0000
19117,130050.0000
19118,130050.0000
19119,130050.0000
19120,130050.0000
19121,130050.0000
19122,130050.0000
19123,130050.0000
19124,130050.0000
19125,130050.0000
19126,130050.0000
19127,130050.0000
19128,130050.0000
19129,130050.0000
19130,130050.0000
19131,130050.0000
19132,130050.0000
19133,130050.0000
19134,130050.0000
19135,130050.0000
19136,130050.0000
19137,130050.0000
19138,130050.0000
19139,130050.0000
19140,130050.0000
19141,130050.0000
19142,130050.0000
19143,130050.0000
19144,130050.0000
19145,130050.0000
19146,130050.0000
19147,130050.0000
19148,130050.0000
19149,130050.0000
19150,130050.0000
19151,130050.0000
19152,130050.0000
19153,130050.0000
19154,130050.0000
19155,130050.0000
19156,130050.0000
19157,130050.0000
19158,130050.0000
19159,130050.0000
19160,130050.0000
19161,130050.0000
19162,130050.0000
19163,130050.0000
19164,130050.0000
19165,130050.0000
19166,130050.0000
19167,130050.0000
19168,130050.0000
19169,130050.0000
19170,130050.0000
19171,130050.0000
19172,130050.0000
19173,130050.0000
19174,130050.0000
19175,130050.0000
19176,130050.0000
19177,130050.0000
19178,130050.0000
19179,130050.0000
19180,130050.0000
19181,130050.0000
19182,130050.0000
19183,130050.0000
19184,130050.0000
19185,130050.0000
19186,130050.0000
19187,130050.0000
19188,130050.0000
19189,130050.0000
19190,130050.0000
19191,130050.0000
19192,130050.0000
19193,130050.0000
19194,130050.0000
19195,130050.0000
19196,130050.0000
19197,130050.0000
19198,130050.0000
19199,130050.0000
19200,130050.0000
19201,130050.0000
19202,130050.0000
19203,130050.0000
19204,130050.0000
19205,130050.0000
19206,130050.0000
19207,130050.0000
19208,130050.0000
19209,130050.0000
19210,130050.0000
19211,130050.0000
19212,130050.0000
19213,130050.0000
19214,130050.0000
19215,130050.0000
19216,130050.0000
19217,130050.0000
19218,130050.0000
19219,130050.0000
19220,130050.0000
19221,130050.0000
19222,130050.0000
19223,130050.0000
19224,130050.0000
19225,130050.0000
19226,130050.0000
19227,130050.0000
19228,130050.0000
19229,130050.0000
19230,130050.0000
19231,130050.0000
19232,130050.0000
19233,130050.0000
19234,130050.0000
19235,130050.0000
19236,130050.0000
19237,130050.0000
19238,130050.0000
19239,130050.0000
19240,130050.0000
19241,130050.0000
19242,130050.0000
19243,130050.0000
19244,130050.0000
19245,130050.0000
19246,130050.0000
19247,130050.0000
19248,130050.0000
19249,130050.0000
19250,130050.0000
19251,130050.0000
19252,130050.0000
19253,130050.0000
19254,130050.0000
19255,130050.0000
19256,130050.0000
19257,130050.0000
19258,130050.0000
19259,130050.0000
19260,130050.0000
19261,130050.0000
19262,130050.0000
19263,130050.0000
19264,130050.0000
19265,130050.0000
19266,130050.0000
19267,130050.0000
19268,130050.0000
19269,130050.0000
19270,130050.0000
19271,130050.0000
19272,130050.0000
19273,130050.0000
19274,130050.0000
19275,130050.0000
19276,130050.0000
19277,130050.0000
19278,130050.0000
19279,130050.0000
19280,130050.0000
19281,130050.0000
19282,130050.0000
19283,130050.0000
19284,130050.0000
19285,130050.0000
19286,130050.0000
19287,130050.0000
19288,130050.0000
19289,130050.0000
19290,130050.0000
19291,130050.0000
19292,130050.0000
19293,130050.0000
19294,130050.0000
19295,130050.0000
19296,130050.0000
19297,130050.0000
19298,130050.0000
19299,130050.0000
19300,130050.0000
19301,130050.0000
19302,130050.0000
19303,130050.0000
19304,130050.0000
19305,130050.0000
19306,130050.0000
19307,130050.0000
19308,130050.0000
19309,130050.0000
19310,130050.0000
19311,130050.0000
19312,130050.0000
19313,130050.0000
19314,130050.0000
19315,130050.0000
19316,130050.0000
19317,130050.0000
19318,130050.0000
19319,130050.0000
19320,130050.0000
19321,130050.0000
19322,130050.0000
19323,130050.0000
19324,130050.0000
19325,130050.0000
19326,130050.0000
19327,130050.0000
19328,130050.0000
19329,130050.0000
19330,130050.0000
19331,130050.0000
19332,130050.0000
19333,130050.0000
19334,130050.0000
19335,130050.0000
19336,130050.0000
19337,130050.0000
19338,130050.0000
19339,130050.0000
19340,130050.0000
19341,130050.0000
19342,130050.0000
19343,130050.0000
19344,130050.0000
19345,130050.0000
19346,130050.0000
19347,130050.0000
19348,130050.0000
19349,130050.0000
19350,130050.0000
19351,130050.0000
19352,130050.0000
19353,130050.0000
19354,130050.0000
19355,130050.0000
19356,130050.0000
19357,130050.0000
19358,130050.0000
19359,130050.0000
19360,130050.0000
19361,130050.0000
19362,130050.0000
19363,130050.0000
19364,130050.0000
19365,130050.0000
19366,130050.0000
19367,130050.0000
19368,130050.0000
19369,130050.0000
19370,130050.0000
19371,130050.0000
19372,130050.0000
19373,130050.0000
19374,130050.0000
19375,130050.0000
19376,130050.0000
19377,130050.0000
19378,130050.0000
19379,130050.0000
19380,130050.0000
19381,130050.0000
19382,130050.0000
19383,130050.0000
19384,130050.0000
19385,130050.0000
19386,130050.0000
19387,130050.0000
19388,130050.0000
19389,130050.0000
19390,130050.0000
19391,130050.0000
19392,130050.0000
19393,130050.0000
19394,130050.0000
19395,130050.0000
19396,130050.0000
19397,130050.0000
19398,130050.0000
19399,130050.0000
19400,130050.0000
19401,130050.0000
19402,130050.0000
19403,130050.0000
19404,130050.0000
19405,130050.0000
19406,130050.0000
19407,130050.0000
19408,130050.0000
19409,130050.0000
19410,130050.0000
19411,130050.0000
19412,130050.0000
19413,130050.0000
19414,130050.0000
19415,130050.0000
19416,130050.0000
19417,130050.0000
19418,130050.0000
19419,130050.0000
19420,130050.0000
19421,130050.0000
19422,130050.0000
19423,130050.0000
19424,130050.0000
19425,130050.0000
19426,130050.0000
19427,130050.0000
19428,130050.0000
19429,130050.0000
19430,130050.0000
19431,130050.0000
19432,130050.0000
19433,130050.0000
19434,130050.0000
19435,130050.0000
19436,130050.0000
19437,130050.0000
19438,130050.0000
19439,130050.0000
19440,130050.0000
19441,130050.0000
19442,130050.0000
19443,130050.0000
19444,130050.0000
19445,130050.0000
19446,130050.0000
19447,130050.0000
19448,130050.0000
19449,130050.0000
19450,130050.0000
19451,130050.0000
19452,130050.0000
19453,130050.0000
19454,130050.0000
19455,130050.0000
19456,130050.0000
19457,130050.0000
19458,130050.0000
19459,130050.0000
19460,130050.0000
19461,130050.0000
19462,130050.0000
19463,130050.0000
19464,130050.0000
19465,130050.0000
19466,130050.0000
19467,130050.0000
19468,130050.0000
19469,130050.0000
19470,130050.0000
19471,130050.0000
19472,130050.0000
19473,130050.0000
19474,130050.0000
19475,130050.0000
19476,130050.0000
19477,130050.0000
19478,130050.0000
19479,130050.0000
19480,130050.0000
19481,130050.0000
19482,130050.0000
19483,130050.0000
19484,130050.0000
19485,130050.0000
19486,130050.0000
19487,130050.0000
19488,130050.0000
19489,130050.0000
19490,130050.0000
19491,130050.0000
19492,130050.0000
19493,130050.0000
19494,130050.0000
19495,130050.0000
19496,130050.0000
19497,130050.0000
19498,130050.0000
19499,130050.0000
19500,130050.0000
19501,130050.0000
19502,130050.0000
19503,130050.0000
19504,130050.0000
19505,130050.0000
19506,130050.0000
19507,130050.0000
19508,130050.0000
19509,130050.0000
19510,130050.0000
19511,130050.0000
19512,130050.0000
19513,130050.0000
19514,130050.0000
19515,130050.0000
19516,130050.0000
19517,130050.0000
19518,130050.0000
19519,130050.0000
19520,130050.0000
19521,130050.0000
19522,130050.0000
19523,130050.0000
19524,130050.0000
19525,130050.0000
19526,130050.0000
19527,130050.0000
19528,130050.0000
19529,130050.0000
19530,130050.0000
19531,130050.0000
19532,130050.0000
19533,130050.0000
19534,130050.0000
19535,130050.0000
19536,130050.0000
19537,130050.0000
19538,130050.0000
19539,130050.0000
19540,130050.0000
19541,130050.0000
19542,130050.0000
19543,130050.0000
19544,130050.0000
19545,130050.0000
19546,130050.0000
19547,130050.0000
19548,130050.0000
19549,130050.0000
19550,130050.0000
19551,130050.0000
19552,130050.0000
19553,130050.0000
19554,130050.0000
19555,130050.0000
19556,130050.0000
19557,130050.0000
19558,130050.0000
19559,130050.0000
19560,130050.0000
19561,130050.0000
19562,130050.0000
19563,130050.0000
19564,130050.0000
19565,130050.0000
19566,130050.0000
19567,130050.0000
19568,130050.0000
19569,130050.0000
19570,130050.0000
19571,130050.0000
19572,130050.0000
19573,130050.0000
19574,130050.0000
19575,130050.0000
19576,130050.0000
19577,130050.0000
19578,130050.0000
19579,130050.0000
19580,130050.0000
19581,130050.0000
19582,130050.0000
19583,130050.0000
19584,130050.0000
19585,130050.0000
19586,130050.0000
19587,130050.0000
19588,130050.0000
19589,130050.0000
19590,130050.0000
19591,130050.0000
19592,130050.0000
19593,130050.0000
19594,130050.0000
19595,130050.0000
19596,130050.0000
19597,130050.0000
19598,130050.0000
19599,130050.0000
19600,130050.0000
19601,130050.0000
19602,130050.0000
19603,130050.0000
19604,130050.0000
19605,130050.0000
19606,130050.0000
19607,130050.0000
19608,130050.0000
19609,130050.0000
19610,130050.0000
19611,130050.0000
19612,130050.0000
19613,130050.0000
19614,130050.0000
19615,130050.0000
19616,130050.0000
19617,130050.0000
19618,130050.0000
19619,130050.0000
19620,130050.0000
19621,130050.0000
19622,130050.0000
19623,130050.0000
19624,130050.0000
19625,130050.0000
19626,130050.0000
19627,130050.0000
19628,130050.0000
19629,130050.0000
19630,130050.0000
19631,130050.0000
19632,130050.0000
19633,130050.0000
19634,130050.0000
19635,130050.0000
19636,130050.0000
19637,130050.0000
19638,130050.0000
19639,130050.0000
19640,130050.0000
19641,130050.0000
19642,130050.0000
19643,130050.0000
19644,130050.0000
19645,130050.0000
19646,130050.0000
19647,130050.0000
19648,130050.0000
19649,130050.0000
19650,130050.0000
19651,130050.0000
19652,130050.0000
19653,130050.0000
19654,130050.0000
19655,130050.0000
19656,130050.0000
19657,130050.0000
19658,130050.0000
19659,130050.0000
19660,130050.0000
19661,130050.0000
19662,130050.0000
19663,130050.0000
19664,130050.0000
19665,130050.0000
19666,130050.0000
19667,130050.0000
19668,130050.0000
19669,130050.0000
19670,130050.0000
19671,130050.0000
19672,130050.0000
19673,130050.0000
19674,130050.0000
19675,130050.0000
19676,130050.0000
19677,130050.0000
19678,130050.0000
19679,130050.0000
19680,130050.0000
19681,130050.0000
19682,130050.0000
19683,130050.0000
19684,130050.0000
19685,130050.0000
19686,130050.0000
19687,130050.0000
19688,130050.0000
19689,130050.0000
19690,130050.0000
19691,130050.0000
19692,130050.0000
19693,130050.0000
19694,130050.0000
19695,130050.0000
19696,130050.0000
19697,130050.0000
19698,130050.0000
19699,130050.0000
19700,130050.0000
19701,130050.0000
19702,130050.0000
19703,130050.0000
19704,130050.0000
19705,130050.0000
19706,130050.0000
19707,130050.0000
19708,130050.0000
19709,130050.0000
19710,130050.0000
19711,130050.0000
19712,130050.0000
19713,130050.0000
19714,130050.0000
19715,130050.0000
19716,130050.0000
19717,130050.0000
19718,130050.0000
19719,130050.0000
19720,130050.0000
19721,130050.0000
19722,130050.0000
19723,130050.0000
19724,130050.0000
19725,130050.0000
19726,130050.0000
19727,130050.0000
19728,130050.0000
19729,130050.0000
19730,130050.0000
19731,130050.0000
19732,130050.0000
19733,130050.0000
19734,130050.0000
19735,130050.0000
19736,130050.0000
19737,130050.0000
19738,130050.0000
19739,130050.0000
19740,130050.0000
19741,130050.0000
19742,130050.0000
19743,130050.0000
19744,130050.0000
19745,130050.0000
19746,130050.0000
19747,130050.0000
19748,130050.0000
19749,130050.0000
19750,130050.0000
19751,130050.0000
19752,130050.0000
19753,130050.0000
19754,130050.0000
19755,130050.0000
19756,130050.0000
19757,130050.0000
19758,130050.0000
19759,130050.0000
19760,130050.0000
19761,130050.0000
19762,130050.0000
19763,130050.0000
19764,130050.0000
19765,130050.0000
19766,130050.0000
19767,130050.0000
19768,130050.0000
19769,130050.0000
19770,130050.0000
19771,130050.0000
19772,130050.0000
19773,130050.0000
19774,130050.0000
19775,130050.0000
19776,130050.0000
19777,130050.0000
19778,130050.0000
19779,130050.0000
19780,130050.0000
19781,130050.0000
19782,130050.0000
19783,130050.0000
19784,130050.0000
19785,130050.0000
19786,130050.0000
19787,130050.0000
19788,130050.0000
19789,130050.0000
19790,130050.0000
19791,130050.0000
19792,130050.0000
19793,130050.0000
19794,130050.0000
19795,130050.0000
19796,130050.0000
19797,130050.0000
19798,130050.0000
19799,130050.0000
19800,130050.0000
19801,130050.0000
19802,130050.0000
19803,130050.0000
19804,130050.0000
19805,130050.0000
19806,130050.0000
19807,130050.0000
19808,130050.0000
19809,130050.0000
19810,130050.0000
19811,130050.0000
19812,130050.0000
19813,130050.0000
19814,130050.0000
19815,130050.0000
19816,130050.0000
19817,130050.0000
19818,130050.0000
19819,130050.0000
19820,130050.0000
19821,130050.0000
19822,130050.0000
19823,130050.0000
19824,130050.0000
19825,130050.0000
19826,130050.0000
19827,130050.0000
19828,130050.0000
19829,130050.0000
19830,130050.0000
19831,130050.0000
19832,130050.0000
19833,130050.0000
19834,130050.0000
19835,130050.0000
19836,130050.0000
19837,130050.0000
19838,130050.0000
19839,130050.0000
19840,130050.0000
19841,130050.0000
19842,130050.0000
19843,130050.0000
19844,130050.0000
19845,130050.0000
19846,130050.0000
19847,130050.0000
19848,130050.0000
19849,130050.0000
19850,130050.0000
19851,130050.0000
19852,130050.0000
19853,130050.0000
19854,130050.0000
19855,130050.0000
19856,130050.0000
19857,130050.0000
19858,130050.0000
19859,130050.0000
19860,130050.0000
19861,130050.0000
19862,130050.0000
19863,130050.0000
19864,130050.0000
19865,130050.0000
19866,130050.0000
19867,130050.0000
19868,130050.0000
19869,130050.0000
19870,130050.0000
19871,130050.0000
19872,130050.0000
19873,130050.0000
19874,130050.0000
19875,130050.0000
19876,130050.0000
19877,130050.0000
19878,130050.0000
19879,130050.0000
19880,130050.0000
19881,130050.0000
19882,130050.0000
19883,130050.0000
19884,130050.0000
19885,130050.0000
19886,130050.0000
19887,130050.0000
19888,130050.0000
19889,130050.0000
19890,130050.0000
19891,130050.0000
19892,130050.0000
19893,130050.0000
19894,130050.0000
19895,130050.0000
19896,130050.0000
19897,130050.0000
19898,130050.0000
19899,130050.0000
19900,130050.0000
19901,130050.0000
19902,130050.0000
19903,130050.0000
19904,130050.0000
19905,130050.0000
19906,130050.0000
19907,130050.0000
19908,130050.0000
19909,130050.0000
19910,130050.0000
19911,130050.0000
19912,130050.0000
19913,130050.0000
19914,130050.0000
19915,130050.0000
19916,130050.0000
19917,130050.0000
19918,130050.0000
19919,130050.0000
19920,130050.0000
19921,130050.0000
19922,130050.0000
19923,130050.0000
19924,130050.0000
19925,130050.0000
19926,130050.0000
19927,130050.0000
19928,130050.0000
19929,130050.0000
19930,130050.0000
19931,130050.0000
19932,130050.0000
19933,130050.0000
19934,130050.0000
19935,130050.0000
19936,130050.0000
19937,130050.0000
19938,130050.0000
19939,130050.0000
19940,130050.0000
19941,130050.0000
19942,130050.0000
19943,130050.0000
19944,130050.0000
19945,130050.0000
19946,130050.0000
19947,130050.0000
19948,130050.0000
19949,130050.0000
19950,130050.0000
19951,130050.0000
19952,130050.0000
19953,130050.0000
19954,130050.0000
19955,130050.0000
19956,130050.0000
19957,130050.0000
19958,130050.0000
19959,130050.0000
19960,130050.0000
19961,130050.0000
19962,130050.0000
19963,130050.0000
19964,130050.0000
19965,130050.0000
19966,130050.0000
19967,130050.0000
19968,130050.0000
19969,130050.0000
19970,130050.0000
19971,130050.0000
19972,130050.0000
19973,130050.0000
19974,130050.0000
19975,130050.0000
19976,130050.0000
19977,130050.0000
19978,130050.0000
19979,130050.0000
19980,130050.0000
19981,130050.0000
19982,130050.0000
19983,130050.0000
19984,130050.0000
19985,130050.0000
19986,130050.0000
19987,130050.0000
19988,130050.0000
19989,130050.0000
19990,130050.0000
19991,130050.0000
19992,130050.0000
19993,130050.0000
19994,130050.0000
19995,130050.0000
19996,130050.0000
19997,130050.0000
19998,130050.0000
19999,130050.0000
20000,130050.0000
20001,130050.0000
20002,130050.0000
20003,130050.0000
20004,130050.0000
20005,130050.0000
20006,130050.0000
20007,130050.0000
20008,130050.0000
20009,130050.0000
20010,130050.0000
20011,130050.0000
20012,130050.0000
20013,130050.0000
20014,130050.0000
20015,130050.0000
20016,130050.0000
20017,130050.0000
20018,130050.0000
20019,130050.0000
20020,130050.0000
20021,130050.0000
20022,130050.0000
20023,130050.0000
20024,130050.0000
20025,130050.0000
20026,130050.0000
20027,130050.0000
20028,130050.0000
20029,130050.0000
20030,130050.0000
20031,130050.0000
20032,130050.0000
20033,130050.0000
20034,130050.0000
20035,130050.0000
20036,130050.0000
20037,130050.0000
20038,130050.0000
20039,130050.0000
20040,130050.0000
20041,130050.0000
20042,130050.0000
20043,130050.0000
20044,130050.0000
20045,130050.0000
20046,130050.0000
20047,130050.0000
20048,130050.0000
20049,130050.0000
20050,130050.0000
20051,130050.0000
20052,130050.0000
20053,130050.0000
20054,130050.0000
20055,130050.0000
20056,130050.0000
20057,130050.0000
20058,130050.0000
20059,130050.0000
20060,130050.0000
20061,130050.0000
20062,130050.0000
20063,130050.0000
20064,130050.0000
20065,130050.0000
20066,130050.0000
20067,130050.0000
20068,130050.0000
20069,130050.0000
20070,130050.0000
20071,130050.0000
20072,130050.0000
20073,130050.0000
20074,130050.0000
20075,130050.0000
20076,130050.0000
20077,130050.0000
20078,130050.0000
20079,130050.0000
20080,130050.0000
20081,130050.0000
20082,130050.0000
20083,130050.0000
20084,130050.0000
20085,130050.0000
20086,130050.0000
20087,130050.0000
20088,130050.0000
20089,130050.0000
20090,130050.0000
20091,130050.0000
20092,130050.0000
20093,130050.0000
20094,130050.0000
20095,130050.0000
20096,130050.0000
20097,130050.0000
20098,130050.0000
20099,130050.0000
20100,130050.0000
20101,130050.0000
20102,130050.0000
20103,130050.0000
20104,130050.0000
20105,130050.0000
20106,130050.0000
20107,130050.0000
20108,130050.0000
20109,130050.0000
20110,130050.0000
20111,130050.0000
20112,130050.0000
20113,130050.0000
20114,130050.0000
20115,130050.0000
20116,130050.0000
20117,130050.0000
20118,130050.0000
20119,130050.0000
20120,130050.0000
20121,130050.0000
20122,130050.0000
20123,130050.0000
20124,130050.0000
20125,130050.0000
20126,130050.0000
20127,130050.0000
20128,130050.0000
20129,130050.0000
20130,130050.0000
20131,130050.0000
20132,130050.0000
20133,130050.0000
20134,130050.0000
20135,130050.0000
20136,130050.0000
20137,130050.0000
20138,130050.0000
20139,130050.0000
20140,130050.0000
20141,130050.0000
20142,130050.0000
20143,130050.0000
20144,130050.0000
20145,130050.0000
20146,130050.0000
20147,130050.0000
20148,130050.0000
20149,130050.0000
20150,130050.0000
20151,130050.0000
20152,130050.0000
20153,130050.0000
20154,130050.0000
20155,130050.0000
20156,130050.0000
20157,130050.0000
20158,130050.0000
20159,130050.0000
20160,130050.0000
20161,130050.0000
20162,130050.0000
20163,130050.0000
20164,130050.0000
20165,130050.0000
20166,130050.0000
20167,130050.0000
20168,130050.0000
20169,130050.0000
20170,130050.0000
20171,130050.0000
20172,130050.0000
20173,130050.0000
20174,130050.0000
20175,130050.0000
20176,130050.0000
20177,130050.0000
20178,130050.0000
20179,130050.0000
20180,130050.0000
20181,130050.0000
20182,130050.0000
20183,130050.0000
20184,130050.0000
20185,130050.0000
20186,130050.0000
20187,130050.0000
20188,130050.0000
20189,130050.0000
20190,130050.0000
20191,130050.0000
20192,130050.0000
20193,130050.0000
20194,130050.0000
20195,130050.0000
20196,130050.0000
20197,130050.0000
20198,130050.0000
20199,130050.0000
20200,130050.0000
20201,130050.0000
20202,130050.0000
20203,130050.0000
20204,130050.0000
20205,130050.0000
20206,130050.0000
20207,130050.0000
20208,130050.0000
20209,130050.0000
20210,130050.0000
20211,130050.0000
20212,130050.0000
20213,130050.0000
20214,130050.0000
20215,130050.0000
20216,130050.0000
20217,130050.0000
20218,130050.0000
20219,130050.0000
20220,130050.0000
20221,130050.0000
20222,130050.0000
20223,130050.0000
20224,130050.0000
20225,130050.0000
20226,130050.0000
20227,130050.0000
20228,130050.0000
20229,130050.0000
20230,130050.0000
20231,130050.0000
20232,130050.0000
20233,130050.0000
20234,130050.0000
20235,130050.0000
20236,130050.0000
20237,130050.0000
20238,130050.0000
20239,130050.0000
20240,130050.0000
20241,130050.0000
20242,130050.0000
20243,130050.0000
20244,130050.0000
20245,130050.0000
20246,130050.0000
20247,130050.0000
20248,130050.0000
20249,130050.0000
20250,130050.0000
20251,130050.0000
20252,130050.0000
20253,130050.0000
20254,130050.0000
20255,130050.0000
20256,130050.0000
20257,130050.0000
20258,130050.0000
20259,130050.0000
20260,130050.0000
20261,130050.0000
20262,130050.0000
20263,130050.0000
20264,130050.0000
20265,130050.0000
20266,130050.0000
20267,130050.0000
20268,130050.0000
20269,130050.0000
20270,130050.0000
20271,130050.0000
20272,130050.0000
20273,130050.0000
20274,130050.0000
20275,130050.0000
20276,130050.0000
20277,130050.0000
20278,130050.0000
20279,130050.0000
20280,130050.0000
20281,130050.0000
20282,130050.0000
20283,130050.0000
20284,130050.0000
20285,130050.0000
20286,130050.0000
20287,130050.0000
20288,130050.0000
20289,130050.0000
20290,130050.0000
20291,130050.0000
20292,130050.0000
20293,130050.0000
20294,130050.0000
20295,130050.0000
20296,130050.0000
20297,130050.0000
20298,130050.0000
20299,130050.0000
20300,130050.0000
20301,130050.0000
20302,130050.0000
20303,130050.0000
20304,130050.0000
20305,130050.0000
20306,130050.0000
20307,130050.0000
20308,130050.0000
20309,130050.0000
20310,130050.0000
20311,130050.0000
20312,130050.0000
20313,130050.0000
20314,130050.0000
20315,130050.0000
20316,130050.0000
20317,130050.0000
20318,130050.0000
20319,130050.0000
20320,130050.0000
20321,130050.0000
20322,130050.0000
20323,130050.0000
20324,130050.0000
20325,130050.0000
20326,130050.0000
20327,130050.0000
20328,130050.0000
20329,130050.0000
20330,130050.0000
20331,130050.0000
20332,130050.0000
20333,130050.0000
20334,130050.0000
20335,130050.0000
20336,130050.0000
20337,130050.0000
20338,130050.0000
20339,130050.0000
20340,130050.0000
20341,130050.0000
20342,130050.0000
20343,130050.0000
20344,130050.0000
20345,130050.0000
20346,130050.0000
20347,130050.0000
20348,130050.0000
20349,130050.0000
20350,130050.0000
20351,130050.0000
20352,130050.0000
20353,130050.0000
20354,130050.0000
20355,130050.0000
20356,130050.0000
20357,130050.0000
20358,130050.0000
20359,130050.0000
20360,130050.0000
20361,130050.0000
20362,130050.0000
20363,130050.0000
20364,130050.0000
20365,130050.0000
20366,130050.0000
20367,130050.0000
20368,130050.0000
20369,130050.0000
20370,130050.0000
20371,130050.0000
20372,130050.0000
20373,130050.0000
20374,130050.0000
20375,130050.0000
20376,130050.0000
20377,130050.0000
20378,130050.0000
20379,130050.0000
20380,130050.0000
20381,130050.0000
20382,130050.0000
20383,130050.0000
20384,130050.0000
20385,130050.0000
20386,130050.0000
20387,130050.0000
20388,130050.0000
20389,130050.0000
20390,130050.0000
20391,130050.0000
20392,130050.0000
20393,130050.0000
20394,130050.0000
20395,130050.0000
20396,130050.0000
20397,130050.0000
20398,130050.0000
20399,130050.0000
20400,130050.0000
20401,130050.0000
20402,130050.0000
20403,130050.0000
20404,130050.0000
20405,130050.0000
20406,130050.0000
20407,130050.0000
20408,130050.0000
20409,130050.0000
20410,130050.0000
20411,130050.0000
20412,130050.0000
20413,130050.0000
20414,130050.0000
20415,130050.0000
20416,130050.0000
20417,130050.0000
20418,130050.0000
20419,130050.0000
20420,130050.0000
20421,130050.0000
20422,130050.0000
20423,130050.0000
20424,130050.0000
20425,130050.0000
20426,130050.0000
20427,130050.0000
20428,130050.0000
20429,130050.0000
20430,130050.0000
20431,130050.0000
20432,130050.0000
20433,130050.0000
20434,130050.0000
20435,130050.0000
20436,130050.0000
20437,130050.0000
20438,130050.0000
20439,130050.0000
20440,130050.0000
20441,130050.0000
20442,130050.0000
20443,130050.0000
20444,130050.0000
20445,130050.0000
20446,130050.0000
20447,130050.0000
20448,130050.0000
20449,130050.0000
20450,130050.0000
20451,130050.0000
20452,130050.0000
20453,130050.0000
20454,130050.0000
20455,130050.0000
20456,130050.0000
20457,130050.0000
20458,130050.0000
20459,130050.0000
20460,130050.0000
20461,130050.0000
20462,130050.0000
20463,130050.0000
20464,130050.0000
20465,130050.0000
20466,130050.0000
20467,130050.0000
20468,130050.0000
20469,130050.0000
20470,130050.0000
20471,130050.0000
20472,130050.0000
20473,130050.0000
20474,130050.0000
20475,130050.0000
20476,130050.0000
20477,130050.0000
20478,130050.0000
20479,130050.0000
20480,130050.0000
20481,130050.0000
20482,130050.0000
20483,130050.0000
20484,130050.0000
20485,130050.0000
20486,130050.0000
20487,130050.0000
20488,130050.0000
20489,130050.0000
20490,130050.0000
20491,130050.0000
20492,130050.0000
20493,130050.0000
20494,130050.0000
20495,130050.0000
20496,130050.0000
20497,130050.0000
20498,130050.0000
20499,130050.0000
20500,130050.0000
20501,130050.0000
20502,130050.0000
20503,130050.0000
20504,130050.0000
20505,130050.0000
20506,130050.0000
20507,130050.0000
20508,130050.0000
20509,130050.0000
20510,130050.0000
20511,130050.0000
20512,130050.0000
20513,130050.0000
20514,130050.0000
20515,130050.0000
20516,130050.0000
20517,130050.0000
20518,130050.0000
20519,130050.0000
20520,130050.0000
20521,130050.0000
20522,130050.0000
20523,130050.0000
20524,130050.0000
20525,130050.0000
20526,130050.0000
20527,130050.0000
20528,130050.0000
20529,130050.0000
20530,130050.0000
20531,130050.0000
20532,130050.0000
20533,130050.0000
20534,130050.0000
20535,130050.0000
20536,130050.0000
20537,130050.0000
20538,130050.0000
20539,130050.0000
20540,130050.0000
20541,130050.0000
20542,130050.0000
20543,130050.0000
20544,130050.0000
20545,130050.0000
20546,130050.0000
20547,130050.0000
20548,130050.0000
20549,130050.0000
20550,130050.0000
20551,130050.0000
20552,130050.0000
20553,130050.0000
20554,130050.0000
20555,130050.0000
20556,130050.0000
20557,130050.0000
20558,130050.0000
20559,130050.0000
20560,130050.0000
20561,130050.0000
20562,130050.0000
20563,130050.0000
20564,130050.0000
20565,130050.0000
20566,130050.0000
20567,130050.0000
20568,130050.0000
20569,130050.0000
20570,130050.0000
20571,130050.0000
20572,130050.0000
20573,130050.0000
20574,130050.0000
20575,130050.0000
20576,130050.0000
20577,130050.0000
20578,130050.0000
20579,130050.0000
20580,130050.0000
20581,130050.0000
20582,130050.0000
20583,130050.0000
20584,130050.0000
20585,130050.0000
20586,130050.0000
20587,130050.0000
20588,130050.0000
20589,130050.0000
20590,130050.0000
20591,130050.0000
20592,130050.0000
20593,130050.0000
20594,130050.0000
20595,130050.0000
20596,130050.0000
20597,130050.0000
20598,130050.0000
20599,130050.0000
20600,130050.0000
20601,130050.0000
20602,130050.0000
20603,130050.0000
20604,130050.0000
20605,130050.0000
20606,130050.0000
20607,130050.0000
20608,130050.0000
20609,130050.0000
20610,130050.0000
20611,130050.0000
20612,130050.0000
20613,130050.0000
20614,130050.0000
20615,130050.0000
20616,130050.0000
20617,130050.0000
20618,130050.0000
20619,130050.0000
20620,130050.0000
20621,130050.0000
20622,130050.0000
20623,130050.0000
20624,130050.0000
20625,130050.0000
20626,130050.0000
20627,130050.0000
20628,130050.0000
20629,130050.0000
20630,130050.0000
20631,130050.0000
20632,130050.0000
20633,130050.0000
20634,130050.0000
20635,130050.0000
20636,130050.0000
20637,130050.0000
20638,130050.0000
20639,130050.0000
20640,130050.0000
20641,130050.0000
20642,130050.0000
20643,130050.0000
20644,130050.0000
20645,130050.0000
20646,130050.0000
20647,130050.0000
20648,130050.0000
20649,130050.0000
20650,130050.0000
20651,130050.0000
20652,130050.0000
20653,130050.0000
20654,130050.0000
20655,130050.0000
20656,130050.0000
20657,130050.0000
20658,130050.0000
20659,130050.0000
20660,130050.0000
20661,130050.0000
20662,130050.0000
20663,130050.0000
20664,130050.0000
20665,130050.0000
20666,130050.0000
20667,130050.0000
20668,130050.0000
20669,130050.0000
20670,130050.0000
20671,130050.0000
20672,130050.0000
20673,130050.0000
20674,130050.0000
20675,130050.0000
20676,130050.0000
20677,130050.0000
20678,130050.0000
20679,130050.0000
20680,130050.0000
20681,130050.0000
20682,130050.0000
20683,130050.0000
20684,130050.0000
20685,130050.0000
20686,130050.0000
20687,130050.0000
20688,130050.0000
20689,130050.0000
20690,130050.0000
20691,130050.0000
20692,130050.0000
20693,130050.0000
20694,130050.0000
20695,130050.0000
20696,130050.0000
20697,130050.0000
20698,130050.0000
20699,130050.0000
20700,130050.0000
20701,130050.0000
20702,130050.0000
20703,130050.0000
20704,130050.0000
20705,130050.0000
20706,130050.0000
20707,130050.0000
20708,130050.0000
20709,130050.0000
20710,130050.0000
20711,130050.0000
20712,130050.0000
20713,130050.0000
20714,130050.0000
20715,130050.0000
20716,130050.0000
20717,130050.0000
20718,130050.0000
20719,130050.0000
20720,130050.0000
20721,130050.0000
20722,130050.0000
20723,130050.0000
20724,130050.0000
20725,130050.0000
20726,130050.0000
20727,130050.0000
20728,130050.0000
20729,130050.0000
20730,130050.0000
20731,130050.0000
20732,130050.0000
20733,130050.0000
20734,130050.0000
20735,130050.0000
20736,130050.0000
20737,130050.0000
20738,130050.0000
20739,130050.0000
20740,130050.0000
20741,130050.0000
20742,130050.0000
20743,130050.0000
20744,130050.0000
20745,130050.0000
20746,130050.0000
20747,130050.0000
20748,130050.0000
20749,130050.0000
20750,130050.0000
20751,130050.0000
20752,130050.0000
20753,130050.0000
20754,130050.0000
20755,130050.0000
20756,130050.0000
20757,130050.0000
20758,130050.0000
20759,130050.0000
20760,130050.0000
20761,130050.0000
20762,130050.0000
20763,130050.0000
20764,130050.0000
20765,130050.0000
20766,130050.0000
20767,130050.0000
20768,130050.0000
20769,130050.0000
20770,130050.0000
20771,130050.0000
20772,130050.0000
20773,130050.0000
20774,130050.0000
20775,130050.0000
20776,130050.0000
20777,130050.0000
20778,130050.0000
20779,130050.0000
20780,130050.0000
20781,130050.0000
20782,130050.0000
20783,130050.0000
20784,130050.0000
20785,130050.0000
20786,130050.0000
20787,130050.0000
20788,130050.0000
20789,130050.0000
20790,130050.0000
20791,130050.0000
20792,130050.0000
20793,130050.0000
20794,130050.0000
20795,130050.0000
20796,130050.0000
20797,130050.0000
20798,130050.0000
20799,130050.0000
20800,130050.0000
20801,130050.0000
20802,130050.0000
20803,130050.0000
20804,130050.0000
20805,130050.0000
20806,130050.0000
20807,130050.0000
20808,130050.0000
20809,130050.0000
20810,130050.0000
20811,130050.0000
20812,130050.0000
20813,130050.0000
20814,130050.0000
20815,130050.0000
20816,130050.0000
20817,130050.0000
20818,130050.0000
20819,130050.0000
20820,130050.0000
20821,130050.0000
20822,130050.0000
20823,130050.0000
20824,130050.0000
20825,130050.0000
20826,130050.0000
20827,130050.0000
20828,130050.0000
20829,130050.0000
20830,130050.0000
20831,130050.0000
20832,130050.0000
20833,130050.0000
20834,130050.0000
20835,130050.0000
20836,130050.0000
20837,130050.0000
20838,130050.0000
20839,130050.0000
20840,130050.0000
20841,130050.0000
20842,130050.0000
20843,130050.0000
20844,130050.0000
20845,130050.0000
20846,130050.0000
20847,130050.0000
20848,130050.0000
20849,130050.0000
20850,130050.0000
20851,130050.0000
20852,130050.0000
20853,130050.0000
20854,130050.0000
20855,130050.0000
20856,130050.0000
20857,130050.0000
20858,130050.0000
20859,130050.0000
20860,130050.0000
20861,130050.0000
20862,130050.0000
20863,130050.0000
20864,130050.0000
20865,130050.0000
20866,130050.0000
20867,130050.0000
20868,130050.0000
20869,130050.0000
20870,130050.0000
20871,130050.0000
20872,130050.0000
20873,130050.0000
20874,130050.0000
20875,130050.0000
20876,130050.0000
20877,130050.0000
20878,130050.0000
20879,130050.0000
20880,130050.0000
20881,130050.0000
20882,130050.0000
20883,130050.0000
20884,130050.0000
20885,130050.0000
20886,130050.0000
20887,130050.0000
20888,130050.0000
20889,130050.0000
20890,130050.0000
20891,130050.0000
20892,130050.0000
20893,130050.0000
20894,130050.0000
20895,130050.0000
20896,130050.0000
20897,130050.0000
20898,130050.0000
20899,130050.0000
20900,130050.0000
20901,130050.0000
20902,130050.0000
20903,130050.0000
20904,130050.0000
20905,130050.0000
20906,130050.0000
20907,130050.0000
20908,130050.0000
20909,130050.0000
20910,130050.0000
20911,130050.0000
20912,130050.0000
20913,130050.0000
20914,130050.0000
20915,130050.0000
20916,130050.0000
20917,130050.0000
20918,130050.0000
20919,130050.0000
20920,130050.0000
20921,130050.0000
20922,130050.0000
20923,130050.0000
20924,130050.0000
20925,130050.0000
20926,130050.0000
20927,130050.0000
20928,130050.0000
20929,130050.0000
20930,130050.0000
20931,130050.0000
20932,130050.0000
20933,130050.0000
20934,130050.0000
20935,130050.0000
20936,130050.0000
20937,130050.0000
20938,130050.0000
20939,130050.0000
20940,130050.0000
20941,130050.0000
20942,130050.0000
20943,130050.0000
20944,130050.0000
20945,130050.0000
20946,130050.0000
20947,130050.0000
20948,130050.0000
20949,130050.0000
20950,130050.0000
20951,130050.0000
20952,130050.0000
20953,130050.0000
20954,130050.0000
20955,130050.0000
20956,130050.0000
20957,130050.0000
20958,130050.0000
20959,130050.0000
20960,130050.0000
20961,130050.0000
20962,130050.0000
20963,130050.0000
20964,130050.0000
20965,130050.0000
20966,130050.0000
20967,130050.0000
20968,130050.0000
20969,130050.0000
20970,130050.0000
20971,130050.0000
20972,130050.0000
20973,130050.0000
20974,130050.0000
20975,130050.0000
20976,130050.0000
20977,130050.0000
20978,130050.0000
20979,130050.0000
20980,130050.0000
20981,130050.0000
20982,130050.0000
20983,130050.0000
20984,130050.0000
20985,130050.0000
20986,130050.0000
20987,130050.0000
20988,130050.0000
20989,130050.0000
20990,130050.0000
20991,130050.0000
20992,130050.0000
20993,130050.0000
20994,130050.0000
20995,130050.0000
20996,130050.0000
20997,130050.0000
20998,130050.0000
20999,130050.0000
21000,130050.0000
21001,130050.0000
21002,130050.0000
21003,130050.0000
21004,130050.0000
21005,130050.0000
21006,130050.0000
21007,130050.0000
21008,130050.0000
21009,130050.0000
21010,130050.0000
21011,130050.0000
21012,130050.0000
21013,130050.0000
21014,130050.0000
21015,130050.0000
21016,130050.0000
21017,130050.0000
21018,130050.0000
21019,130050.0000
21020,130050.0000
21021,130050.0000
21022,130050.0000
21023,130050.0000
21024,130050.0000
21025,130050.0000
21026,130050.0000
21027,130050.0000
21028,130050.0000
21029,130050.0000
21030,130050.0000
21031,130050.0000
21032,130050.0000
21033,130050.0000
21034,130050.0000
21035,130050.0000
21036,130050.0000
21037,130050.0000
21038,130050.0000
21039,130050.0000
21040,130050.0000
21041,130050.0000
21042,130050.0000
21043,130050.0000
21044,130050.0000
21045,130050.0000
21046,130050.0000
21047,130050.0000
21048,130050.0000
21049,130050.0000
21050,130050.0000
21051,130050.0000
21052,130050.0000
21053,130050.0000
21054,130050.0000
21055,130050.0000
21056,130050.0000
21057,130050.0000
21058,130050.0000
21059,130050.0000
21060,130050.0000
21061,130050.0000
21062,130050.0000
21063,130050.0000
21064,130050.0000
21065,130050.0000
21066,130050.0000
21067,130050.0000
21068,130050.0000
21069,130050.0000
21070,130050.0000
21071,130050.0000
21072,130050.0000
21073,130050.0000
21074,130050.0000
21075,130050.0000
21076,130050.0000
21077,130050.0000
21078,130050.0000
21079,130050.0000
21080,130050.0000
21081,130050.0000
21082,130050.0000
21083,130050.0000
21084,130050.0000
21085,130050.0000
21086,130050.0000
21087,130050.0000
21088,130050.0000
21089,130050.0000
21090,130050.0000
21091,130050.0000
21092,130050.0000
21093,130050.0000
21094,130050.0000
21095,130050.0000
21096,130050.0000
21097,130050.0000
21098,130050.0000
21099,130050.0000
21100,130050.0000
21101,130050.0000
21102,130050.0000
21103,130050.0000
21104,130050.0000
21105,130050.0000
21106,130050.0000
21107,130050.0000
21108,130050.0000
21109,130050.0000
21110,130050.0000
21111,130050.0000
21112,130050.0000
21113,130050.0000
21114,130050.0000
21115,130050.0000
21116,130050.0000
21117,130050.0000
21118,130050.0000
21119,130050.0000
21120,130050.0000
21121,130050.0000
21122,130050.0000
21123,130050.0000
21124,130050.0000
21125,130050.0000
21126,130050.0000
21127,130050.0000
21128,130050.0000
21129,130050.0000
21130,130050.0000
21131,130050.0000
21132,130050.0000
21133,130050.0000
21134,130050.0000
21135,130050.0000
21136,130050.0000
21137,130050.0000
21138,130050.0000
21139,130050.0000
21140,130050.0000
21141,130050.0000
21142,130050.0000
21143,130050.0000
21144,130050.0000
21145,130050.0000
21146,130050.0000
21147,130050.0000
21148,130050.0000
21149,130050.0000
21150,130050.0000
21151,130050.0000
21152,130050.0000
21153,130050.0000
21154,130050.0000
21155,130050.0000
21156,130050.0000
21157,130050.0000
21158,130050.0000
21159,130050.0000
21160,130050.0000
21161,130050.0000
21162,130050.0000
21163,130050.0000
21164,130050.0000
21165,130050.0000
21166,130050.0000
21167,130050.0000
21168,130050.0000
21169,130050.0000
21170,130050.0000
21171,130050.0000
21172,130050.0000
21173,130050.0000
21174,130050.0000
21175,130050.0000
21176,130050.0000
21177,130050.0000
21178,130050.0000
21179,130050.0000
21180,130050.0000
21181,130050.0000
21182,130050.0000
21183,130050.0000
21184,130050.0000
21185,130050.0000
21186,130050.0000
21187,130050.0000
21188,130050.0000
21189,130050.0000
21190,130050.0000
21191,130050.0000
21192,130050.0000
21193,130050.0000
21194,130050.0000
21195,130050.0000
21196,130050.0000
21197,130050.0000
21198,130050.0000
21199,130050.0000
21200,130050.0000
21201,130050.0000
21202,130050.0000
21203,130050.0000
21204,130050.0000
21205,130050.0000
21206,130050.0000
21207,130050.0000
21208,130050.0000
21209,130050.0000
21210,130050.0000
21211,130050.0000
21212,130050.0000
21213,130050.0000
21214,130050.0000
21215,130050.0000
21216,130050.0000
21217,130050.0000
21218,130050.0000
21219,130050.0000
21220,130050.0000
21221,130050.0000
21222,130050.0000
21223,130050.0000
21224,130050.0000
21225,130050.0000
21226,130050.0000
21227,130050.0000
21228,130050.0000
21229,130050.0000
21230,130050.0000
21231,130050.0000
21232,130050.0000
21233,130050.0000
21234,130050.0000
21235,130050.0000
21236,130050.0000
21237,130050.0000
21238,130050.0000
21239,130050.0000
21240,130050.0000
21241,130050.0000
21242,130050.0000
21243,130050.0000
21244,130050.0000
21245,130050.0000
21246,130050.0000
21247,130050.0000
21248,130050.0000
21249,130050.0000
21250,130050.0000
21251,130050.0000
21252,130050.0000
21253,130050.0000
21254,130050.0000
21255,130050.0000
21256,130050.0000
21257,130050.0000
21258,130050.0000
21259,130050.0000
21260,130050.0000
21261,130050.0000
21262,130050.0000
21263,130050.0000
21264,130050.0000
21265,130050.0000
21266,130050.0000
21267,130050.0000
21268,130050.0000
21269,130050.0000
21270,130050.0000
21271,130050.0000
21272,130050.0000
21273,130050.0000
21274,130050.0000
21275,130050.0000
21276,130050.0000
21277,130050.0000
21278,130050.0000
21279,130050.0000
21280,130050.0000
21281,130050.0000
21282,130050.0000
21283,130050.0000
21284,130050.0000
21285,130050.0000
21286,130050.0000
21287,130050.0000
21288,130050.0000
21289,130050.0000
21290,130050.0000
21291,130050.0000
21292,130050.0000
21293,130050.0000
21294,130050.0000
21295,130050.0000
21296,130050.0000
21297,130050.0000
21298,130050.0000
21299,130050.0000
21300,130050.0000
21301,130050.0000
21302,130050.0000
21303,130050.0000
21304,130050.0000
21305,130050.0000
21306,130050.0000
21307,130050.0000
21308,130050.0000
21309,130050.0000
21310,130050.0000
21311,130050.0000
21312,130050.0000
21313,130050.0000
21314,130050.0000
21315,130050.0000
21316,130050.0000
21317,130050.0000
21318,130050.0000
21319,130050.0000
21320,130050.0000
21321,130050.0000
21322,130050.0000
21323,130050.0000
21324,130050.0000
21325,130050.0000
21326,130050.0000
21327,130050.0000
21328,130050.0000
21329,130050.0000
21330,130050.0000
21331,130050.0000
21332,130050.0000
21333,130050.0000
21334,130050.0000
21335,130050.0000
21336,130050.0000
21337,130050.0000
21338,130050.0000
21339,130050.0000
21340,130050.0000
21341,130050.0000
21342,130050.0000
21343,130050.0000
21344,130050.0000
21345,130050.0000
21346,130050.0000
21347,130050.0000
21348,130050.0000
21349,130050.0000
21350,130050.0000
21351,130050.0000
21352,130050.0000
21353,130050.0000
21354,130050.0000
21355,130050.0000
21356,130050.0000
21357,130050.0000
21358,130050.0000
21359,130050.0000
21360,130050.0000
21361,130050.0000
21362,130050.0000
21363,130050.0000
21364,130050.0000
21365,130050.0000
21366,130050.0000
21367,130050.0000
21368,130050.0000
21369,130050.0000
21370,130050.0000
21371,130050.0000
21372,130050.0000
21373,130050.0000
21374,130050.0000
21375,130050.0000
21376,130050.0000
21377,130050.0000
21378,130050.0000
21379,130050.0000
21380,130050.0000
21381,130050.0000
21382,130050.0000
21383,130050.0000
21384,130050.0000
21385,130050.0000
21386,130050.0000
21387,130050.0000
21388,130050.0000
21389,130050.0000
21390,130050.0000
21391,130050.0000
21392,130050.0000
21393,130050.0000
21394,130050.0000
21395,130050.0000
21396,130050.0000
21397,130050.0000
21398,130050.0000
21399,130050.0000
21400,130050.0000
21401,130050.0000
21402,130050.0000
21403,130050.0000
21404,130050.0000
21405,130050.0000
21406,130050.0000
21407,130050.0000
21408,130050.0000
21409,130050.0000
21410,130050.0000
21411,130050.0000
21412,130050.0000
21413,130050.0000
21414,130050.0000
21415,130050.0000
21416,130050.0000
21417,130050.0000
21418,130050.0000
21419,130050.0000
21420,130050.0000
21421,130050.0000
21422,130050.0000
21423,130050.0000
21424,130050.0000
21425,130050.0000
21426,130050.0000
21427,130050.0000
21428,130050.0000
21429,130050.0000
21430,130050.0000
21431,130050.0000
21432,130050.0000
21433,130050.0000
21434,130050.0000
21435,130050.0000
21436,130050.0000
21437,130050.0000
21438,130050.0000
21439,130050.0000
21440,130050.0000
21441,130050.0000
21442,130050.0000
21443,130050.0000
21444,130050.0000
21445,130050.0000
21446,130050.0000
21447,130050.0000
21448,130050.0000
21449,130050.0000
21450,130050.0000
21451,130050.0000
21452,130050.0000
21453,130050.0000
21454,130050.0000
21455,130050.0000
21456,130050.0000
21457,130050.0000
21458,130050.0000
21459,130050.0000
21460,130050.0000
21461,130050.0000
21462,130050.0000
21463,130050.0000
21464,130050.0000
21465,130050.0000
21466,130050.0000
21467,130050.0000
21468,130050.0000
21469,130050.0000
21470,130050.0000
21471,130050.0000
21472,130050.0000
21473,130050.0000
21474,130050.0000
21475,130050.0000
21476,130050.0000
21477,130050.0000
21478,130050.0000
21479,130050.0000
21480,130050.0000
21481,130050.0000
21482,130050.0000
21483,130050.0000
21484,130050.0000
21485,130050.0000
21486,130050.0000
21487,130050.0000
21488,130050.0000
21489,130050.0000
21490,130050.0000
21491,130050.0000
21492,130050.0000
21493,130050.0000
21494,130050.0000
21495,130050.0000
21496,130050.0000
21497,130050.0000
21498,130050.0000
21499,130050.0000
21500,130050.0000
21501,130050.0000
21502,130050.0000
21503,130050.0000
21504,130050.0000
21505,130050.0000
21506,130050.0000
21507,130050.0000
21508,130050.0000
21509,130050.0000
21510,130050.0000
21511,130050.0000
21512,130050.0000
21513,130050.0000
21514,130050.0000
21515,130050.0000
21516,130050.0000
21517,130050.0000
21518,130050.0000
21519,130050.0000
21520,130050.0000
21521,130050.0000
21522,130050.0000
21523,130050.0000
21524,130050.0000
21525,130050.0000
21526,130050.0000
21527,130050.0000
21528,130050.0000
21529,130050.0000
21530,130050.0000
21531,130050.0000
21532,130050.0000
21533,130050.0000
21534,130050.0000
21535,130050.0000
21536,130050.0000
21537,130050.0000
21538,130050.0000
21539,130050.0000
21540,130050.0000
21541,130050.0000
21542,130050.0000
21543,130050.0000
21544,130050.0000
21545,130050.0000
21546,130050.0000
21547,130050.0000
21548,130050.0000
21549,130050.0000
21550,130050.0000
21551,130050.0000
21552,130050.0000
21553,130050.0000
21554,130050.0000
21555,130050.0000
21556,130050.0000
21557,130050.0000
21558,130050.0000
21559,130050.0000
21560,130050.0000
21561,130050.0000
21562,130050.0000
21563,130050.0000
21564,130050.0000
21565,130050.0000
21566,130050.0000
21567,130050.0000
21568,130050.0000
21569,130050.0000
21570,130050.0000
21571,130050.0000
21572,130050.0000
21573,130050.0000
21574,130050.0000
21575,130050.0000
21576,130050.0000
21577,130050.0000
21578,130050.0000
21579,130050.0000
21580,130050.0000
21581,130050.0000
21582,130050.0000
21583,130050.0000
21584,130050.0000
21585,130050.0000
21586,130050.0000
21587,130050.0000
21588,130050.0000
21589,130050.0000
21590,130050.0000
21591,130050.0000
21592,130050.0000
21593,130050.0000
21594,130050.0000
21595,130050.0000
21596,130050.0000
21597,130050.0000
21598,130050.0000
21599,130050.0000
21600,130050.0000
21601,130050.0000
21602,130050.0000
21603,130050.0000
21604,130050.0000
21605,130050.0000
21606,130050.0000
21607,130050.0000
21608,130050.0000
21609,130050.0000
21610,130050.0000
21611,130050.0000
21612,130050.0000
21613,130050.0000
21614,130050.0000
21615,130050.0000
21616,130050.0000
21617,130050.0000
21618,130050.0000
21619,130050.0000
21620,130050.0000
21621,130050.0000
21622,130050.0000
21623,130050.0000
21624,130050.0000
21625,130050.0000
21626,130050.0000
21627,130050.0000
21628,130050.0000
21629,130050.0000
21630,130050.0000
21631,130050.0000
21632,130050.0000
21633,130050.0000
21634,130050.0000
21635,130050.0000
21636,130050.0000
21637,130050.0000
21638,130050.0000
21639,130050.0000
21640,130050.0000
21641,130050.0000
21642,130050.0000
21643,130050.0000
21644,130050.0000
21645,130050.0000
21646,130050.0000
21647,130050.0000
21648,130050.0000
21649,130050.0000
21650,130050.0000
21651,130050.0000
21652,130050.0000
21653,130050.0000
21654,130050.0000
21655,130050.0000
21656,130050.0000
21657,130050.0000
21658,130050.0000
21659,130050.0000
21660,130050.0000
21661,130050.0000
21662,130050.0000
21663,130050.0000
21664,130050.0000
21665,130050.0000
21666,130050.0000
21667,130050.0000
21668,130050.0000
21669,130050.0000
21670,130050.0000
21671,130050.0000
21672,130050.0000
21673,130050.0000
21674,130050.0000
21675,130050.0000
21676,130050.0000
21677,130050.0000
21678,130050.0000
21679,130050.0000
21680,130050.0000
21681,130050.0000
21682,130050.0000
21683,130050.0000
21684,130050.0000
21685,130050.0000
21686,130050.0000
21687,130050.0000
21688,130050.0000
21689,130050.0000
21690,130050.0000
21691,130050.0000
21692,130050.0000
21693,130050.0000
21694,130050.0000
21695,130050.0000
21696,130050.0000
21697,130050.0000
21698,130050.0000
21699,130050.0000
21700,130050.0000
21701,130050.0000
21702,130050.0000
21703,130050.0000
21704,130050.0000
21705,130050.0000
21706,130050.0000
21707,130050.0000
21708,130050.0000
21709,130050.0000
21710,130050.0000
21711,130050.0000
21712,130050.0000
21713,130050.0000
21714,130050.0000
21715,130050.0000
21716,130050.0000
21717,130050.0000
21718,130050.0000
21719,130050.0000
21720,130050.0000
21721,130050.0000
21722,130050.0000
21723,130050.0000
21724,130050.0000
21725,130050.0000
21726,130050.0000
21727,130050.0000
21728,130050.0000
21729,130050.0000
21730,130050.0000
21731,130050.0000
21732,130050.0000
21733,130050.0000
21734,130050.0000
21735,130050.0000
21736,130050.0000
21737,130050.0000
21738,130050.0000
21739,130050.0000
21740,130050.0000
21741,130050.0000
21742,130050.0000
21743,130050.0000
21744,130050.0000
21745,130050.0000
21746,130050.0000
21747,130050.0000
21748,130050.0000
21749,130050.0000
21750,130050.0000
21751,130050.0000
21752,130050.0000
21753,130050.0000
21754,130050.0000
21755,130050.0000
21756,130050.0000
21757,130050.0000
21758,130050.0000
21759,130050.0000
21760,130050.0000
21761,130050.0000
21762,130050.0000
21763,130050.0000
21764,130050.0000
21765,130050.0000
21766,130050.0000
21767,130050.0000
21768,130050.0000
21769,130050.0000
21770,130050.0000
21771,130050.0000
21772,130050.0000
21773,130050.0000
21774,130050.0000
21775,130050.0000
21776,130050.0000
21777,130050.0000
21778,130050.0000
21779,130050.0000
21780,130050.0000
21781,130050.0000
21782,130050.0000
21783,130050.0000
21784,130050.0000
21785,130050.0000
21786,130050.0000
21787,130050.0000
21788,130050.0000
21789,130050.0000
21790,130050.0000
21791,130050.0000
21792,130050.0000
21793,130050.0000
21794,130050.0000
21795,130050.0000
21796,130050.0000
21797,130050.0000
21798,130050.0000
21799,130050.0000
21800,130050.0000
21801,130050.0000
21802,130050.0000
21803,130050.0000
21804,130050.0000
21805,130050.0000
21806,130050.0000
21807,130050.0000
21808,130050.0000
21809,130050.0000
21810,130050.0000
21811,130050.0000
21812,130050.0000
21813,130050.0000
21814,130050.0000
21815,130050.0000
21816,130050.0000
21817,130050.0000
21818,130050.0000
21819,130050.0000
21820,130050.0000
21821,130050.0000
21822,130050.0000
21823,130050.0000
21824,130050.0000
21825,130050.0000
21826,130050.0000
21827,130050.0000
21828,130050.0000
21829,130050.0000
21830,130050.0000
21831,130050.0000
21832,130050.0000
21833,130050.0000
21834,130050.0000
21835,130050.0000
21836,130050.0000
21837,130050.0000
21838,130050.0000
21839,130050.0000
21840,130050.0000
21841,130050.0000
21842,130050.0000
21843,130050.0000
21844,130050.0000
21845,130050.0000
21846,130050.0000
21847,130050.0000
21848,130050.0000
21849,130050.0000
21850,130050.0000
21851,130050.0000
21852,130050.0000
21853,130050.0000
21854,130050.0000
21855,130050.0000
21856,130050.0000
21857,130050.0000
21858,130050.0000
21859,130050.0000
21860,130050.0000
21861,130050.0000
21862,130050.0000
21863,130050.0000
21864,130050.0000
21865,130050.0000
21866,130050.0000
21867,130050.0000
21868,130050.0000
21869,130050.0000
21870,130050.0000
21871,130050.0000
21872,130050.0000
21873,130050.0000
21874,130050.0000
21875,130050.0000
21876,130050.0000
21877,130050.0000
21878,130050.0000
21879,130050.0000
21880,130050.0000
21881,130050.0000
21882,130050.0000
21883,130050.0000
21884,130050.0000
21885,130050.0000
21886,130050.0000
21887,130050.0000
21888,130050.0000
21889,130050.0000
21890,130050.0000
21891,130050.0000
21892,130050.0000
21893,130050.0000
21894,130050.0000
21895,130050.0000
21896,130050.0000
21897,130050.0000
21898,130050.0000
21899,130050.0000
21900,130050.0000
21901,130050.0000
21902,130050.0000
21903,130050.0000
21904,130050.0000
21905,130050.0000
21906,130050.0000
21907,130050.0000
21908,130050.0000
21909,130050.0000
21910,130050.0000
21911,130050.0000
21912,130050.0000
21913,130050.0000
21914,130050.0000
21915,130050.0000
21916,130050.0000
21917,130050.0000
21918,130050.0000
21919,130050.0000
21920,130050.0000
21921,130050.0000
21922,130050.0000
21923,130050.0000
21924,130050.0000
21925,130050.0000
21926,130050.0000
21927,130050.0000
21928,130050.0000
21929,130050.0000
21930,130050.0000
21931,130050.0000
21932,130050.0000
21933,130050.0000
21934,130050.0000
21935,130050.0000
21936,130050.0000
21937,130050.0000
21938,130050.0000
21939,130050.0000
21940,130050.0000
21941,130050.0000
21942,130050.0000
21943,130050.0000
21944,130050.0000
21945,130050.0000
21946,130050.0000
21947,130050.0000
21948,130050.0000
21949,130050.0000
21950,130050.0000
21951,130050.0000
21952,130050.0000
21953,130050.0000
21954,130050.0000
21955,130050.0000
21956,130050.0000
21957,130050.0000
21958,130050.0000
21959,130050.0000
21960,130050.0000
21961,130050.0000
21962,130050.0000
21963,130050.0000
21964,130050.0000
21965,130050.0000
21966,130050.0000
21967,130050.0000
21968,130050.0000
21969,130050.0000
21970,130050.0000
21971,130050.0000
21972,130050.0000
21973,130050.0000
21974,130050.0000
21975,130050.0000
21976,130050.0000
21977,130050.0000
21978,130050.0000
21979,130050.0000
21980,130050.0000
21981,130050.0000
21982,130050.0000
21983,130050.0000
21984,130050.0000
21985,130050.0000
21986,130050.0000
21987,130050.0000
21988,130050.0000
21989,130050.0000
21990,130050.0000
21991,130050.0000
21992,130050.0000
21993,130050.0000
21994,130050.0000
21995,130050.0000
21996,130050.0000
21997,130050.0000
21998,130050.0000
21999,130050.0000
22000,130050.0000
22001,130050.0000
22002,130050.0000
22003,130050.0000
22004,130050.0000
22005,130050.0000
22006,130050.0000
22007,130050.0000
22008,130050.0000
22009,130050.0000
22010,130050.0000
22011,130050.0000
22012,130050.0000
22013,130050.0000
22014,130050.0000
22015,130050.0000
22016,130050.0000
22017,130050.0000
22018,130050.0000
22019,130050.0000
22020,130050.0000
22021,130050.0000
22022,130050.0000
22023,130050.0000
22024,130050.0000
22025,130050.0000
22026,130050.0000
22027,130050.0000
22028,130050.0000
22029,130050.0000
22030,130050.0000
22031,130050.0000
22032,130050.0000
22033,130050.0000
22034,130050.0000
22035,130050.0000
22036,130050.0000
22037,130050.0000
22038,130050.0000
22039,130050.0000
22040,130050.0000
22041,130050.0000
22042,130050.0000
22043,130050.0000
22044,130050.0000
22045,130050.0000
22046,130050.0000
22047,130050.0000
22048,130050.0000
22049,130050.0000
22050,130050.0000
22051,130050.0000
22052,130050.0000
22053,130050.0000
22054,130050.0000
22055,130050.0000
22056,130050.0000
22057,130050.0000
22058,130050.0000
22059,130050.0000
22060,130050.0000
22061,130050.0000
22062,130050.0000
22063,130050.0000
22064,130050.0000
22065,130050.0000
22066,130050.0000
22067,130050.0000
22068,130050.0000
22069,130050.0000
22070,130050.0000
22071,130050.0000
22072,130050.0000
22073,130050.0000
22074,130050.0000
22075,130050.0000
22076,130050.0000
22077,130050.0000
22078,130050.0000
22079,130050.0000
22080,130050.0000
22081,130050.0000
22082,130050.0000
22083,130050.0000
22084,130050.0000
22085,130050.0000
22086,130050.0000
22087,130050.0000
22088,130050.0000
22089,130050.0000
22090,130050.0000
22091,130050.0000
22092,130050.0000
22093,130050.0000
22094,130050.0000
22095,130050.0000
22096,130050.0000
22097,130050.0000
22098,130050.0000
22099,130050.0000
22100,130050.0000
22101,130050.0000
22102,130050.0000
22103,130050.0000
22104,130050.0000
22105,130050.0000
22106,130050.0000
22107,130050.0000
22108,130050.0000
22109,130050.0000
22110,130050.0000
22111,130050.0000
22112,130050.0000
22113,130050.0000
22114,130050.0000
22115,130050.0000
22116,130050.0000
22117,130050.0000
22118,130050.0000
22119,130050.0000
22120,130050.0000
22121,130050.0000
22122,130050.0000
22123,130050.0000
22124,130050.0000
22125,130050.0000
22126,130050.0000
22127,130050.0000
22128,130050.0000
22129,130050.0000
22130,130050.0000
22131,130050.0000
22132,130050.0000
22133,130050.0000
22134,130050.0000
22135,130050.0000
22136,130050.0000
22137,130050.0000
22138,130050.0000
22139,130050.0000
22140,130050.0000
22141,130050.0000
22142,130050.0000
22143,130050.0000
22144,130050.0000
22145,130050.0000
22146,130050.0000
22147,130050.0000
22148,130050.0000
22149,130050.0000
22150,130050.0000
22151,130050.0000
22152,130050.0000
22153,130050.0000
22154,130050.0000
22155,130050.0000
22156,130050.0000
22157,130050.0000
22158,130050.0000
22159,130050.0000
22160,130050.0000
22161,130050.0000
22162,130050.0000
22163,130050.0000
22164,130050.0000
22165,130050.0000
22166,130050.0000
22167,130050.0000
22168,130050.0000
22169,130050.0000
22170,130050.0000
22171,130050.0000
22172,130050.0000
22173,130050.0000
22174,130050.0000
22175,130050.0000
22176,130050.0000
22177,130050.0000
22178,130050.0000
22179,130050.0000
22180,130050.0000
22181,130050.0000
22182,130050.0000
22183,130050.0000
22184,130050.0000
22185,130050.0000
22186,130050.0000
22187,130050.0000
22188,130050.0000
22189,130050.0000
22190,130050.0000
22191,130050.0000
22192,130050.0000
22193,130050.0000
22194,130050.0000
22195,130050.0000
22196,130050.0000
22197,130050.0000
22198,130050.0000
22199,130050.0000
22200,130050.0000
22201,130050.0000
22202,130050.0000
22203,130050.0000
22204,130050.0000
22205,130050.0000
22206,130050.0000
22207,130050.0000
22208,130050.0000
22209,130050.0000
22210,130050.0000
22211,130050.0000
22212,130050.0000
22213,130050.0000
22214,130050.0000
22215,130050.0000
22216,130050.0000
22217,130050.0000
22218,130050.0000
22219,130050.0000
22220,130050.0000
22221,130050.0000
22222,130050.0000
22223,130050.0000
22224,130050.0000
22225,130050.0000
22226,130050.0000
22227,130050.0000
22228,130050.0000
22229,130050.0000
22230,130050.0000
22231,130050.0000
22232,130050.0000
22233,130050.0000
22234,130050.0000
22235,130050.0000
22236,130050.0000
22237,130050.0000
22238,130050.0000
22239,130050.0000
22240,130050.0000
22241,130050.0000
22242,130050.0000
22243,130050.0000
22244,130050.0000
22245,130050.0000
22246,130050.0000
22247,130050.0000
22248,130050.0000
22249,130050.0000
22250,130050.0000
22251,130050.0000
22252,130050.0000
22253,130050.0000
22254,130050.0000
22255,130050.0000
22256,130050.0000
22257,130050.0000
22258,130050.0000
22259,130050.0000
22260,130050.0000
22261,130050.0000
22262,130050.0000
22263,130050.0000
22264,130050.0000
22265,130050.0000
22266,130050.0000
22267,130050.0000
22268,130050.0000
22269,130050.0000
22270,130050.0000
22271,130050.0000
22272,130050.0000
22273,130050.0000
22274,130050.0000
22275,130050.0000
22276,130050.0000
22277,130050.0000
22278,130050.0000
22279,130050.0000
22280,130050.0000
22281,130050.0000
22282,130050.0000
22283,130050.0000
22284,130050.0000
22285,130050.0000
22286,130050.0000
22287,130050.0000
22288,130050.0000
22289,130050.0000
22290,130050.0000
22291,130050.0000
22292,130050.0000
22293,130050.0000
22294,130050.0000
22295,130050.0000
22296,130050.0000
22297,130050.0000
22298,130050.0000
22299,130050.0000
22300,130050.0000
22301,130050.0000
22302,130050.0000
22303,130050.0000
22304,130050.0000
22305,130050.0000
22306,130050.0000
22307,130050.0000
22308,130050.0000
22309,130050.0000
22310,130050.0000
22311,130050.0000
22312,130050.0000
22313,130050.0000
22314,130050.0000
22315,130050.0000
22316,130050.0000
22317,130050.0000
22318,130050.0000
22319,130050.0000
22320,130050.0000
22321,130050.0000
22322,130050.0000
22323,130050.0000
22324,130050.0000
22325,130050.0000
22326,130050.0000
22327,130050.0000
22328,130050.0000
22329,130050.0000
22330,130050.0000
22331,130050.0000
22332,130050.0000
22333,130050.0000
22334,130050.0000
22335,130050.0000
22336,130050.0000
22337,130050.0000
22338,130050.0000
22339,130050.0000
22340,130050.0000
22341,130050.0000
22342,130050.0000
22343,130050.0000
22344,130050.0000
22345,130050.0000
22346,130050.0000
22347,130050.0000
22348,130050.0000
22349,130050.0000
22350,130050.0000
22351,130050.0000
22352,130050.0000
22353,130050.0000
22354,130050.0000
22355,130050.0000
22356,130050.0000
22357,130050.0000
22358,130050.0000
22359,130050.0000
22360,130050.0000
22361,130050.0000
22362,130050.0000
22363,130050.0000
22364,130050.0000
22365,130050.0000
22366,130050.0000
22367,130050.0000
22368,130050.0000
22369,130050.0000
22370,130050.0000
22371,130050.0000
22372,130050.0000
22373,130050.0000
22374,130050.0000
22375,130050.0000
22376,130050.0000
22377,130050.0000
22378,130050.0000
22379,130050.0000
22380,130050.0000
22381,130050.0000
22382,130050.0000
22383,130050.0000
22384,130050.0000
22385,130050.0000
22386,130050.0000
22387,130050.0000
22388,130050.0000
22389,130050.0000
22390,130050.0000
22391,130050.0000
22392,130050.0000
22393,130050.0000
22394,130050.0000
22395,130050.0000
22396,130050.0000
22397,130050.0000
22398,130050.0000
22399,130050.0000
22400,130050.0000
22401,130050.0000
22402,130050.0000
22403,130050.0000
22404,130050.0000
22405,130050.0000
22406,130050.0000
22407,130050.0000
22408,130050.0000
22409,130050.0000
22410,130050.0000
22411,130050.0000
22412,130050.0000
22413,130050.0000
22414,130050.0000
22415,130050.0000
22416,130050.0000
22417,130050.0000
22418,130050.0000
22419,130050.0000
22420,130050.0000
22421,130050.0000
22422,130050.0000
22423,130050.0000
22424,130050.0000
22425,130050.0000
22426,130050.0000
22427,130050.0000
22428,130050.0000
22429,130050.0000
22430,130050.0000
22431,130050.0000
22432,130050.0000
22433,130050.0000
22434,130050.0000
22435,130050.0000
22436,130050.0000
22437,130050.0000
22438,130050.0000
22439,130050.0000
22440,130050.0000
22441,130050.0000
22442,130050.0000
22443,130050.0000
22444,130050.0000
22445,130050.0000
22446,130050.0000
22447,130050.0000
22448,130050.0000
22449,130050.0000
22450,130050.0000
22451,130050.0000
22452,130050.0000
22453,130050.0000
22454,130050.0000
22455,130050.0000
22456,130050.0000
22457,130050.0000
22458,130050.0000
22459,130050.0000
22460,130050.0000
22461,130050.0000
22462,130050.0000
22463,130050.0000
22464,130050.0000
22465,130050.0000
22466,130050.0000
22467,130050.0000
22468,130050.0000
22469,130050.0000
22470,130050.0000
22471,130050.0000
22472,130050.0000
22473,130050.0000
22474,130050.0000
22475,130050.0000
22476,130050.0000
22477,130050.0000
22478,130050.0000
22479,130050.0000
22480,130050.0000
22481,130050.0000
22482,130050.0000
22483,130050.0000
22484,130050.0000
22485,130050.0000
22486,130050.0000
22487,130050.0000
22488,130050.0000
22489,130050.0000
22490,130050.0000
22491,130050.0000
22492,130050.0000
22493,130050.0000
22494,130050.0000
22495,130050.0000
22496,130050.0000
22497,130050.0000
22498,130050.0000
22499,130050.0000
22500,130050.0000
22501,130050.0000
22502,130050.0000
22503,130050.0000
22504,130050.0000
22505,130050.0000
22506,130050.0000
22507,130050.0000
22508,130050.0000
22509,130050.0000
22510,130050.0000
22511,130050.0000
22512,130050.0000
22513,130050.0000
22514,130050.0000
22515,130050.0000
22516,130050.0000
22517,130050.0000
22518,130050.0000
22519,130050.0000
22520,130050.0000
22521,130050.0000
22522,130050.0000
22523,130050.0000
22524,130050.0000
22525,130050.0000
22526,130050.0000
22527,130050.0000
22528,130050.0000
22529,130050.0000
22530,130050.0000
22531,130050.0000
22532,130050.0000
22533,130050.0000
22534,130050.0000
22535,130050.0000
22536,130050.0000
22537,130050.0000
22538,130050.0000
22539,130050.0000
22540,130050.0000
22541,130050.0000
22542,130050.0000
22543,130050.0000
22544,130050.0000
22545,130050.0000
22546,130050.0000
22547,130050.0000
22548,130050.0000
22549,130050.0000
22550,130050.0000
22551,130050.0000
22552,130050.0000
22553,130050.0000
22554,130050.0000
22555,130050.0000
22556,130050.0000
22557,130050.0000
22558,130050.0000
22559,130050.0000
22560,130050.0000
22561,130050.0000
22562,130050.0000
22563,130050.0000
22564,130050.0000
22565,130050.0000
22566,130050.0000
22567,130050.0000
22568,130050.0000
22569,130050.0000
22570,130050.0000
22571,130050.0000
22572,130050.0000
22573,130050.0000
22574,130050.0000
22575,130050.0000
22576,130050.0000
22577,130050.0000
22578,130050.0000
22579,130050.0000
22580,130050.0000
22581,130050.0000
22582,130050.0000
22583,130050.0000
22584,130050.0000
22585,130050.0000
22586,130050.0000
22587,130050.0000
22588,130050.0000
22589,130050.0000
22590,130050.0000
22591,130050.0000
22592,130050.0000
22593,130050.0000
22594,130050.0000
22595,130050.0000
22596,130050.0000
22597,130050.0000
22598,130050.0000
22599,130050.0000
22600,130050.0000
22601,130050.0000
22602,130050.0000
22603,130050.0000
22604,130050.0000
22605,130050.0000
22606,130050.0000
22607,130050.0000
22608,130050.0000
22609,130050.0000
22610,130050.0000
22611,130050.0000
22612,130050.0000
22613,130050.0000
22614,130050.0000
22615,130050.0000
22616,130050.0000
22617,130050.0000
22618,130050.0000
22619,130050.0000
22620,130050.0000
22621,130050.0000
22622,130050.0000
22623,130050.0000
22624,130050.0000
22625,130050.0000
22626,130050.0000
22627,130050.0000
22628,130050.0000
22629,130050.0000
22630,130050.0000
22631,130050.0000
22632,130050.0000
22633,130050.0000
22634,130050.0000
22635,130050.0000
22636,130050.0000
22637,130050.0000
22638,130050.0000
22639,130050.0000
22640,130050.0000
22641,130050.0000
22642,130050.0000
22643,130050.0000
22644,130050.0000
22645,130050.0000
22646,130050.0000
22647,130050.0000
22648,130050.0000
22649,130050.0000
22650,130050.0000
22651,130050.0000
22652,130050.0000
22653,130050.0000
22654,130050.0000
22655,130050.0000
22656,130050.0000
22657,130050.0000
22658,130050.0000
22659,130050.0000
22660,130050.0000
22661,130050.0000
22662,130050.0000
22663,130050.0000
22664,130050.0000
22665,130050.0000
22666,130050.0000
22667,130050.0000
22668,130050.0000
22669,130050.0000
22670,130050.0000
22671,130050.0000
22672,130050.0000
22673,130050.0000
22674,130050.0000
22675,130050.0000
22676,130050.0000
22677,130050.0000
22678,130050.0000
22679,130050.0000
22680,130050.0000
22681,130050.0000
22682,130050.0000
22683,130050.0000
22684,130050.0000
22685,130050.0000
22686,130050.0000
22687,130050.0000
22688,130050.0000
22689,130050.0000
22690,130050.0000
22691,130050.0000
22692,130050.0000
22693,130050.0000
22694,130050.0000
22695,130050.0000
22696,130050.0000
22697,130050.0000
22698,130050.0000
22699,130050.0000
22700,130050.0000
22701,130050.0000
22702,130050.0000
22703,130050.0000
22704,130050.0000
22705,130050.0000
22706,130050.0000
22707,130050.0000
22708,130050.0000
22709,130050.0000
22710,130050.0000
22711,130050.0000
22712,130050.0000
22713,130050.0000
22714,130050.0000
22715,130050.0000
22716,130050.0000
22717,130050.0000
22718,130050.0000
22719,130050.0000
22720,130050.0000
22721,130050.0000
22722,130050.0000
22723,130050.0000
22724,130050.0000
22725,130050.0000
22726,130050.0000
22727,130050.0000
22728,130050.0000
22729,130050.0000
22730,130050.0000
22731,130050.0000
22732,130050.0000
22733,130050.0000
22734,130050.0000
22735,130050.0000
22736,130050.0000
22737,130050.0000
22738,130050.0000
22739,130050.0000
22740,130050.0000
22741,130050.0000
22742,130050.0000
22743,130050.0000
22744,130050.0000
22745,130050.0000
22746,130050.0000
22747,130050.0000
22748,130050.0000
22749,130050.0000
22750,130050.0000
22751,130050.0000
22752,130050.0000
22753,130050.0000
22754,130050.0000
22755,130050.0000
22756,130050.0000
22757,130050.0000
22758,130050.0000
22759,130050.0000
22760,130050.0000
22761,130050.0000
22762,130050.0000
22763,130050.0000
22764,130050.0000
22765,130050.0000
22766,130050.0000
22767,130050.0000
22768,130050.0000
22769,130050.0000
22770,130050.0000
22771,130050.0000
22772,130050.0000
22773,130050.0000
22774,130050.0000
22775,130050.0000
22776,130050.0000
22777,130050.0000
22778,130050.0000
22779,130050.0000
22780,130050.0000
22781,130050.0000
22782,130050.0000
22783,130050.0000
22784,130050.0000
22785,130050.0000
22786,130050.0000
22787,130050.0000
22788,130050.0000
22789,130050.0000
22790,130050.0000
22791,130050.0000
22792,130050.0000
22793,130050.0000
22794,130050.0000
22795,130050.0000
22796,130050.0000
22797,130050.0000
22798,130050.0000
22799,130050.0000
22800,130050.0000
22801,130050.0000
22802,130050.0000
22803,130050.0000
22804,130050.0000
22805,130050.0000
22806,130050.0000
22807,130050.0000
22808,130050.0000
22809,130050.0000
22810,130050.0000
22811,130050.0000
22812,130050.0000
22813,130050.0000
22814,130050.0000
22815,130050.0000
22816,130050.0000
22817,130050.0000
22818,130050.0000
22819,130050.0000
22820,130050.0000
22821,130050.0000
22822,130050.0000
22823,130050.0000
22824,130050.0000
22825,130050.0000
22826,130050.0000
22827,130050.0000
22828,130050.0000
22829,130050.0000
22830,130050.0000
22831,130050.0000
22832,130050.0000
22833,130050.0000
22834,130050.0000
22835,130050.0000
22836,130050.0000
22837,130050.0000
22838,130050.0000
22839,130050.0000
22840,130050.0000
22841,130050.0000
22842,130050.0000
22843,130050.0000
22844,130050.0000
22845,130050.0000
22846,130050.0000
22847,130050.0000
22848,130050.0000
22849,130050.0000
22850,130050.0000
22851,130050.0000
22852,130050.0000
22853,130050.0000
22854,130050.0000
22855,130050.0000
22856,130050.0000
22857,130050.0000
22858,130050.0000
22859,130050.0000
22860,130050.0000
22861,130050.0000
22862,130050.0000
22863,130050.0000
22864,130050.0000
22865,130050.0000
22866,130050.0000
22867,130050.0000
22868,130050.0000
22869,130050.0000
22870,130050.0000
22871,130050.0000
22872,130050.0000
22873,130050.0000
22874,130050.0000
22875,130050.0000
22876,130050.0000
22877,130050.0000
22878,130050.0000
22879,130050.0000
22880,130050.0000
22881,130050.0000
22882,130050.0000
22883,130050.0000
22884,130050.0000
22885,130050.0000
22886,130050.0000
22887,130050.0000
22888,130050.0000
22889,130050.0000
22890,130050.0000
22891,130050.0000
22892,130050.0000
22893,130050.0000
22894,130050.0000
22895,130050.0000
22896,130050.0000
22897,130050.0000
22898,130050.0000
22899,130050.0000
22900,130050.0000
22901,130050.0000
22902,130050.0000
22903,130050.0000
22904,130050.0000
22905,130050.0000
22906,130050.0000
22907,130050.0000
22908,130050.0000
22909,130050.0000
22910,130050.0000
22911,130050.0000
22912,130050.0000
22913,130050.0000
22914,130050.0000
22915,130050.0000
22916,130050.0000
22917,130050.0000
22918,130050.0000
22919,130050.0000
22920,130050.0000
22921,130050.0000
22922,130050.0000
22923,130050.0000
22924,130050.0000
22925,130050.0000
22926,130050.0000
22927,130050.0000
22928,130050.0000
22929,130050.0000
22930,130050.0000
22931,130050.0000
22932,130050.0000
22933,130050.0000
22934,130050.0000
22935,130050.0000
22936,130050.0000
22937,130050.0000
22938,130050.0000
22939,130050.0000
22940,130050.0000
22941,130050.0000
22942,130050.0000
22943,130050.0000
22944,130050.0000
22945,130050.0000
22946,130050.0000
22947,130050.0000
22948,130050.0000
22949,130050.0000
22950,130050.0000
22951,130050.0000
22952,130050.0000
22953,130050.0000
22954,130050.0000
22955,130050.0000
22956,130050.0000
22957,130050.0000
22958,130050.0000
22959,130050.0000
22960,130050.0000
22961,130050.0000
22962,130050.0000
22963,130050.0000
22964,130050.0000
22965,130050.0000
22966,130050.0000
22967,130050.0000
22968,130050.0000
22969,130050.0000
22970,130050.0000
22971,130050.0000
22972,130050.0000
22973,130050.0000
22974,130050.0000
22975,130050.0000
22976,130050.0000
22977,130050.0000
22978,130050.0000
22979,130050.0000
22980,130050.0000
22981,130050.0000
22982,130050.0000
22983,130050.0000
22984,130050.0000
22985,130050.0000
22986,130050.0000
22987,130050.0000
22988,130050.0000
22989,130050.0000
22990,130050.0000
22991,130050.0000
22992,130050.0000
22993,130050.0000
22994,130050.0000
22995,130050.0000
22996,130050.0000
22997,130050.0000
22998,130050.0000
22999,130050.0000
23000,130050.0000
23001,130050.0000
23002,130050.0000
23003,130050.0000
23004,130050.0000
23005,130050.0000
23006,130050.0000
23007,130050.0000
23008,130050.0000
23009,130050.0000
23010,130050.0000
23011,130050.0000
23012,130050.0000
23013,130050.0000
23014,130050.0000
23015,130050.0000
23016,130050.0000
23017,130050.0000
23018,130050.0000
23019,130050.0000
23020,130050.0000
23021,130050.0000
23022,130050.0000
23023,130050.0000
23024,130050.0000
23025,130050.0000
23026,130050.0000
23027,130050.0000
23028,130050.0000
23029,130050.0000
23030,130050.0000
23031,130050.0000
23032,130050.0000
23033,130050.0000
23034,130050.0000
23035,130050.0000
23036,130050.0000
23037,130050.0000
23038,130050.0000
23039,130050.0000
23040,130050.0000
23041,130050.0000
23042,130050.0000
23043,130050.0000
23044,130050.0000
23045,130050.0000
23046,130050.0000
23047,130050.0000
23048,130050.0000
23049,130050.0000
23050,130050.0000
23051,130050.0000
23052,130050.0000
23053,130050.0000
23054,130050.0000
23055,130050.0000
23056,130050.0000
23057,130050.0000
23058,130050.0000
23059,130050.0000
23060,130050.0000
23061,130050.0000
23062,130050.0000
23063,130050.0000
23064,130050.0000
23065,130050.0000
23066,130050.0000
23067,130050.0000
23068,130050.0000
23069,130050.0000
23070,130050.0000
23071,130050.0000
23072,130050.0000
23073,130050.0000
23074,130050.0000
23075,130050.0000
23076,130050.0000
23077,130050.0000
23078,130050.0000
23079,130050.0000
23080,130050.0000
23081,130050.0000
23082,130050.0000
23083,130050.0000
23084,130050.0000
23085,130050.0000
23086,130050.0000
23087,130050.0000
23088,130050.0000
23089,130050.0000
23090,130050.0000
23091,130050.0000
23092,130050.0000
23093,130050.0000
23094,130050.0000
23095,130050.0000
23096,130050.0000
23097,130050.0000
23098,130050.0000
23099,130050.0000
23100,130050.0000
23101,130050.0000
23102,130050.0000
23103,130050.0000
23104,130050.0000
23105,130050.0000
23106,130050.0000
23107,130050.0000
23108,130050.0000
23109,130050.0000
23110,130050.0000
23111,130050.0000
23112,130050.0000
23113,130050.0000
23114,130050.0000
23115,130050.0000
23116,130050.0000
23117,130050.0000
23118,130050.0000
23119,130050.0000
23120,130050.0000
23121,130050.0000
23122,130050.0000
23123,130050.0000
23124,130050.0000
23125,130050.0000
23126,130050.0000
23127,130050.0000
23128,130050.0000
23129,130050.0000
23130,130050.0000
23131,130050.0000
23132,130050.0000
23133,130050.0000
23134,130050.0000
23135,130050.0000
23136,130050.0000
23137,130050.0000
23138,130050.0000
23139,130050.0000
23140,130050.0000
23141,130050.0000
23142,130050.0000
23143,130050.0000
23144,130050.0000
23145,130050.0000
23146,130050.0000
23147,130050.0000
23148,130050.0000
23149,130050.0000
23150,130050.0000
23151,130050.0000
23152,130050.0000
23153,130050.0000
23154,130050.0000
23155,130050.0000
23156,130050.0000
23157,130050.0000
23158,130050.0000
23159,130050.0000
23160,130050.0000
23161,130050.0000
23162,130050.0000
23163,130050.0000
23164,130050.0000
23165,130050.0000
23166,130050.0000
23167,130050.0000
23168,130050.0000
23169,130050.0000
23170,130050.0000
23171,130050.0000
23172,130050.0000
23173,130050.0000
23174,130050.0000
23175,130050.0000
23176,130050.0000
23177,130050.0000
23178,130050.0000
23179,130050.0000
23180,130050.0000
23181,130050.0000
23182,130050.0000
23183,130050.0000
23184,130050.0000
23185,130050.0000
23186,130050.0000
23187,130050.0000
23188,130050.0000
23189,130050.0000
23190,130050.0000
23191,130050.0000
23192,130050.0000
23193,130050.0000
23194,130050.0000
23195,130050.0000
23196,130050.0000
23197,130050.0000
23198,130050.0000
23199,130050.0000
23200,130050.0000
23201,130050.0000
23202,130050.0000
23203,130050.0000
23204,130050.0000
23205,130050.0000
23206,130050.0000
23207,130050.0000
23208,130050.0000
23209,130050.0000
23210,130050.0000
23211,130050.0000
23212,130050.0000
23213,130050.0000
23214,130050.0000
23215,130050.0000
23216,130050.0000
23217,130050.0000
23218,130050.0000
23219,130050.0000
23220,130050.0000
23221,130050.0000
23222,130050.0000
23223,130050.0000
23224,130050.0000
23225,130050.0000
23226,130050.0000
23227,130050.0000
23228,130050.0000
23229,130050.0000
23230,130050.0000
23231,130050.0000
23232,130050.0000
23233,130050.0000
23234,130050.0000
23235,130050.0000
23236,130050.0000
23237,130050.0000
23238,130050.0000
23239,130050.0000
23240,130050.0000
23241,130050.0000
23242,130050.0000
23243,130050.0000
23244,130050.0000
23245,130050.0000
23246,130050.0000
23247,130050.0000
23248,130050.0000
23249,130050.0000
23250,130050.0000
23251,130050.0000
23252,130050.0000
23253,130050.0000
23254,130050.0000
23255,130050.0000
23256,130050.0000
23257,130050.0000
23258,130050.0000
23259,130050.0000
23260,130050.0000
23261,130050.0000
23262,130050.0000
23263,130050.0000
23264,130050.0000
23265,130050.0000
23266,130050.0000
23267,130050.0000
23268,130050.0000
23269,130050.0000
23270,130050.0000
23271,130050.0000
23272,130050.0000
23273,130050.0000
23274,130050.0000
23275,130050.0000
23276,130050.0000
23277,130050.0000
23278,130050.0000
23279,130050.0000
23280,130050.0000
23281,130050.0000
23282,130050.0000
23283,130050.0000
23284,130050.0000
23285,130050.0000
23286,130050.0000
23287,130050.0000
23288,130050.0000
23289,130050.0000
23290,130050.0000
23291,130050.0000
23292,130050.0000
23293,130050.0000
23294,130050.0000
23295,130050.0000
23296,130050.0000
23297,130050.0000
23298,130050.0000
23299,130050.0000
23300,130050.0000
23301,130050.0000
23302,130050.0000
23303,130050.0000
23304,130050.0000
23305,130050.0000
23306,130050.0000
23307,130050.0000
23308,130050.0000
23309,130050.0000
23310,130050.0000
23311,130050.0000
23312,130050.0000
23313,130050.0000
23314,130050.0000
23315,130050.0000
23316,130050.0000
23317,130050.0000
23318,130050.0000
23319,130050.0000
23320,130050.0000
23321,130050.0000
23322,130050.0000
23323,130050.0000
23324,130050.0000
23325,130050.0000
23326,130050.0000
23327,130050.0000
23328,130050.0000
23329,130050.0000
23330,130050.0000
23331,130050.0000
23332,130050.0000
23333,130050.0000
23334,130050.0000
23335,130050.0000
23336,130050.0000
23337,130050.0000
23338,130050.0000
23339,130050.0000
23340,130050.0000
23341,130050.0000
23342,130050.0000
23343,130050.0000
23344,130050.0000
23345,130050.0000
23346,130050.0000
23347,130050.0000
23348,130050.0000
23349,130050.0000
23350,130050.0000
23351,130050.0000
23352,130050.0000
23353,130050.0000
23354,130050.0000
23355,130050.0000
23356,130050.0000
23357,130050.0000
23358,130050.0000
23359,130050.0000
23360,130050.0000
23361,130050.0000
23362,130050.0000
23363,130050.0000
23364,130050.0000
23365,130050.0000
23366,130050.0000
23367,130050.0000
23368,130050.0000
23369,130050.0000
23370,130050.0000
23371,130050.0000
23372,130050.0000
23373,130050.0000
23374,130050.0000
23375,130050.0000
23376,130050.0000
23377,130050.0000
23378,130050.0000
23379,130050.0000
23380,130050.0000
23381,130050.0000
23382,130050.0000
23383,130050.0000
23384,130050.0000
23385,130050.0000
23386,130050.0000
23387,130050.0000
23388,130050.0000
23389,130050.0000
23390,130050.0000
23391,130050.0000
23392,130050.0000
23393,130050.0000
23394,130050.0000
23395,130050.0000
23396,130050.0000
23397,130050.0000
23398,130050.0000
23399,130050.0000
23400,130050.0000
23401,130050.0000
23402,130050.0000
23403,130050.0000
23404,130050.0000
23405,130050.0000
23406,130050.0000
23407,130050.0000
23408,130050.0000
23409,130050.0000
23410,130050.0000
23411,130050.0000
23412,130050.0000
23413,130050.0000
23414,130050.0000
23415,130050.0000
23416,130050.0000
23417,130050.0000
23418,130050.0000
23419,130050.0000
23420,130050.0000
23421,130050.0000
23422,130050.0000
23423,130050.0000
23424,130050.0000
23425,130050.0000
23426,130050.0000
23427,130050.0000
23428,130050.0000
23429,130050.0000
23430,130050.0000
23431,130050.0000
23432,130050.0000
23433,130050.0000
23434,130050.0000
23435,130050.0000
23436,130050.0000
23437,130050.0000
23438,130050.0000
23439,130050.0000
23440,130050.0000
23441,130050.0000
23442,130050.0000
23443,130050.0000
23444,130050.0000
23445,130050.0000
23446,130050.0000
23447,130050.0000
23448,130050.0000
23449,130050.0000
23450,130050.0000
23451,130050.0000
23452,130050.0000
23453,130050.0000
23454,130050.0000
23455,130050.0000
23456,130050.0000
23457,130050.0000
23458,130050.0000
23459,130050.0000
23460,130050.0000
23461,130050.0000
23462,130050.0000
23463,130050.0000
23464,130050.0000
23465,130050.0000
23466,130050.0000
23467,130050.0000
23468,130050.0000
23469,130050.0000
23470,130050.0000
23471,130050.0000
23472,130050.0000
23473,130050.0000
23474,130050.0000
23475,130050.0000
23476,130050.0000
23477,130050.0000
23478,130050.0000
23479,130050.0000
23480,130050.0000
23481,130050.0000
23482,130050.0000
23483,130050.0000
23484,130050.0000
23485,130050.0000
23486,130050.0000
23487,130050.0000
23488,130050.0000
23489,130050.0000
23490,130050.0000
23491,130050.0000
23492,130050.0000
23493,130050.0000
23494,130050.0000
23495,130050.0000
23496,130050.0000
23497,130050.0000
23498,130050.0000
23499,130050.0000
23500,130050.0000
23501,130050.0000
23502,130050.0000
23503,130050.0000
23504,130050.0000
23505,130050.0000
23506,130050.0000
23507,130050.0000
23508,130050.0000
23509,130050.0000
23510,130050.0000
23511,130050.0000
23512,130050.0000
23513,130050.0000
23514,130050.0000
23515,130050.0000
23516,130050.0000
23517,130050.0000
23518,130050.0000
23519,130050.0000
23520,130050.0000
23521,130050.0000
23522,130050.0000
23523,130050.0000
23524,130050.0000
23525,130050.0000
23526,130050.0000
23527,130050.0000
23528,130050.0000
23529,130050.0000
23530,130050.0000
23531,130050.0000
23532,130050.0000
23533,130050.0000
23534,130050.0000
23535,130050.0000
23536,130050.0000
23537,130050.0000
23538,130050.0000
23539,130050.0000
23540,130050.0000
23541,130050.0000
23542,130050.0000
23543,130050.0000
23544,130050.0000
23545,130050.0000
23546,130050.0000
23547,130050.0000
23548,130050.0000
23549,130050.0000
23550,130050.0000
23551,130050.0000
23552,130050.0000
23553,130050.0000
23554,130050.0000
23555,130050.0000
23556,130050.0000
23557,130050.0000
23558,130050.0000
23559,130050.0000
23560,130050.0000
23561,130050.0000
23562,130050.0000
23563,130050.0000
23564,130050.0000
23565,130050.0000
23566,130050.0000
23567,130050.0000
23568,130050.0000
23569,130050.0000
23570,130050.0000
23571,130050.0000
23572,130050.0000
23573,130050.0000
23574,130050.0000
23575,130050.0000
23576,130050.0000
23577,130050.0000
23578,130050.0000
23579,130050.0000
23580,130050.0000
23581,130050.0000
23582,130050.0000
23583,130050.0000
23584,130050.0000
23585,130050.0000
23586,130050.0000
23587,130050.0000
23588,130050.0000
23589,130050.0000
23590,130050.0000
23591,130050.0000
23592,130050.0000
23593,130050.0000
23594,130050.0000
23595,130050.0000
23596,130050.0000
23597,130050.0000
23598,130050.0000
23599,130050.0000
23600,130050.0000
23601,130050.0000
23602,130050.0000
23603,130050.0000
23604,130050.0000
23605,130050.0000
23606,130050.0000
23607,130050.0000
23608,130050.0000
23609,130050.0000
23610,130050.0000
23611,130050.0000
23612,130050.0000
23613,130050.0000
23614,130050.0000
23615,130050.0000
23616,130050.0000
23617,130050.0000
23618,130050.0000
23619,130050.0000
23620,130050.0000
23621,130050.0000
23622,130050.0000
23623,130050.0000
23624,130050.0000
23625,130050.0000
23626,130050.0000
23627,130050.0000
23628,130050.0000
23629,130050.0000
23630,130050.0000
23631,130050.0000
23632,130050.0000
23633,130050.0000
23634,130050.0000
23635,130050.0000
23636,130050.0000
23637,130050.0000
23638,130050.0000
23639,130050.0000
23640,130050.0000
23641,130050.0000
23642,130050.0000
23643,130050.0000
23644,130050.0000
23645,130050.0000
23646,130050.0000
23647,130050.0000
23648,130050.0000
23649,130050.0000
23650,130050.0000
23651,130050.0000
23652,130050.0000
23653,130050.0000
23654,130050.0000
23655,130050.0000
23656,130050.0000
23657,130050.0000
23658,130050.0000
23659,130050.0000
23660,130050.0000
23661,130050.0000
23662,130050.0000
23663,130050.0000
23664,130050.0000
23665,130050.0000
23666,130050.0000
23667,130050.0000
23668,130050.0000
23669,130050.0000
23670,130050.0000
23671,130050.0000
23672,130050.0000
23673,130050.0000
23674,130050.0000
23675,130050.0000
23676,130050.0000
23677,130050.0000
23678,130050.0000
23679,130050.0000
23680,130050.0000
23681,130050.0000
23682,130050.0000
23683,130050.0000
23684,130050.0000
23685,130050.0000
23686,130050.0000
23687,130050.0000
23688,130050.0000
23689,130050.0000
23690,130050.0000
23691,130050.0000
23692,130050.0000
23693,130050.0000
23694,130050.0000
23695,130050.0000
23696,130050.0000
23697,130050.0000
23698,130050.0000
23699,130050.0000
23700,130050.0000
23701,130050.0000
23702,130050.0000
23703,130050.0000
23704,130050.0000
23705,130050.0000
23706,130050.0000
23707,130050.0000
23708,130050.0000
23709,130050.0000
23710,130050.0000
23711,130050.0000
23712,130050.0000
23713,130050.0000
23714,130050.0000
23715,130050.0000
23716,130050.0000
23717,130050.0000
23718,130050.0000
23719,130050.0000
23720,130050.0000
23721,130050.0000
23722,130050.0000
23723,130050.0000
23724,130050.0000
23725,130050.0000
23726,130050.0000
23727,130050.0000
23728,130050.0000
23729,130050.0000
23730,130050.0000
23731,130050.0000
23732,130050.0000
23733,130050.0000
23734,130050.0000
23735,130050.0000
23736,130050.0000
23737,130050.0000
23738,130050.0000
23739,130050.0000
23740,130050.0000
23741,130050.0000
23742,130050.0000
23743,130050.0000
23744,130050.0000
23745,130050.0000
23746,130050.0000
23747,130050.0000
23748,130050.0000
23749,130050.0000
23750,130050.0000
23751,130050.0000
23752,130050.0000
23753,130050.0000
23754,130050.0000
23755,130050.0000
23756,130050.0000
23757,130050.0000
23758,130050.0000
23759,130050.0000
23760,130050.0000
23761,130050.0000
23762,130050.0000
23763,130050.0000
23764,130050.0000
23765,130050.0000
23766,130050.0000
23767,130050.0000
23768,130050.0000
23769,130050.0000
23770,130050.0000
23771,130050.0000
23772,130050.0000
23773,130050.0000
23774,130050.0000
23775,130050.0000
23776,130050.0000
23777,130050.0000
23778,130050.0000
23779,130050.0000
23780,130050.0000
23781,130050.0000
23782,130050.0000
23783,130050.0000
23784,130050.0000
23785,130050.0000
23786,130050.0000
23787,130050.0000
23788,130050.0000
23789,130050.0000
23790,130050.0000
23791,130050.0000
23792,130050.0000
23793,130050.0000
23794,130050.0000
23795,130050.0000
23796,130050.0000
23797,130050.0000
23798,130050.0000
23799,130050.0000
23800,130050.0000
23801,130050.0000
23802,130050.0000
23803,130050.0000
23804,130050.0000
23805,130050.0000
23806,130050.0000
23807,130050.0000
23808,130050.0000
23809,130050.0000
23810,130050.0000
23811,130050.0000
23812,130050.0000
23813,130050.0000
23814,130050.0000
23815,130050.0000
23816,130050.0000
23817,130050.0000
23818,130050.0000
23819,130050.0000
23820,130050.0000
23821,130050.0000
23822,130050.0000
23823,130050.0000
23824,130050.0000
23825,130050.0000
23826,130050.0000
23827,130050.0000
23828,130050.0000
23829,130050.0000
23830,130050.0000
23831,130050.0000
23832,130050.0000
23833,130050.0000
23834,130050.0000
23835,130050.0000
23836,130050.0000
23837,130050.0000
23838,130050.0000
23839,130050.0000
23840,130050.0000
23841,130050.0000
23842,130050.0000
23843,130050.0000
23844,130050.0000
23845,130050.0000
23846,130050.0000
23847,130050.0000
23848,130050.0000
23849,130050.0000
23850,130050.0000
23851,130050.0000
23852,130050.0000
23853,130050.0000
23854,130050.0000
23855,130050.0000
23856,130050.0000
23857,130050.0000
23858,130050.0000
23859,130050.0000
23860,130050.0000
23861,130050.0000
23862,130050.0000
23863,130050.0000
23864,130050.0000
23865,130050.0000
23866,130050.0000
23867,130050.0000
23868,130050.0000
23869,130050.0000
23870,130050.0000
23871,130050.0000
23872,130050.0000
23873,130050.0000
23874,130050.0000
23875,130050.0000
23876,130050.0000
23877,130050.0000
23878,130050.0000
23879,130050.0000
23880,130050.0000
23881,130050.0000
23882,130050.0000
23883,130050.0000
23884,130050.0000
23885,130050.0000
23886,130050.0000
23887,130050.0000
23888,130050.0000
23889,130050.0000
23890,130050.0000
23891,130050.0000
23892,130050.0000
23893,130050.0000
23894,130050.0000
23895,130050.0000
23896,130050.0000
23897,130050.0000
23898,130050.0000
23899,130050.0000
23900,130050.0000
23901,130050.0000
23902,130050.0000
23903,130050.0000
23904,130050.0000
23905,130050.0000
23906,130050.0000
23907,130050.0000
23908,130050.0000
23909,130050.0000
23910,130050.0000
23911,130050.0000
23912,130050.0000
23913,130050.0000
23914,130050.0000
23915,130050.0000
23916,130050.0000
23917,130050.0000
23918,130050.0000
23919,130050.0000
23920,130050.0000
23921,130050.0000
23922,130050.0000
23923,130050.0000
23924,130050.0000
23925,130050.0000
23926,130050.0000
23927,130050.0000
23928,130050.0000
23929,130050.0000
23930,130050.0000
23931,130050.0000
23932,130050.0000
23933,130050.0000
23934,130050.0000
23935,130050.0000
23936,130050.0000
23937,130050.0000
23938,130050.0000
23939,130050.0000
23940,130050.0000
23941,130050.0000
23942,130050.0000
23943,130050.0000
23944,130050.0000
23945,130050.0000
23946,130050.0000
23947,130050.0000
23948,130050.0000
23949,130050.0000
23950,130050.0000
23951,130050.0000
23952,130050.0000
23953,130050.0000
23954,130050.0000
23955,130050.0000
23956,130050.0000
23957,130050.0000
23958,130050.0000
23959,130050.0000
23960,130050.0000
23961,130050.0000
23962,130050.0000
23963,130050.0000
23964,130050.0000
23965,130050.0000
23966,130050.0000
23967,130050.0000
23968,130050.0000
23969,130050.0000
23970,130050.0000
23971,130050.0000
23972,130050.0000
23973,130050.0000
23974,130050.0000
23975,130050.0000
23976,130050.0000
23977,130050.0000
23978,130050.0000
23979,130050.0000
23980,130050.0000
23981,130050.0000
23982,130050.0000
23983,130050.0000
23984,130050.0000
23985,130050.0000
23986,130050.0000
23987,130050.0000
23988,130050.0000
23989,130050.0000
23990,130050.0000
23991,130050.0000
23992,130050.0000
23993,130050.0000
23994,130050.0000
23995,130050.0000
23996,130050.0000
23997,130050.0000
23998,130050.0000
23999,130050.0000
24000,130050.0000
24001,130050.0000
24002,130050.0000
24003,130050.0000
24004,130050.0000
24005,130050.0000
24006,130050.0000
24007,130050.0000
24008,130050.0000
24009,130050.0000
24010,130050.0000
24011,130050.0000
24012,130050.0000
24013,130050.0000
24014,130050.0000
24015,130050.0000
24016,130050.0000
24017,130050.0000
24018,130050.0000
24019,130050.0000
24020,130050.0000
24021,130050.0000
24022,130050.0000
24023,130050.0000
24024,130050.0000
24025,130050.0000
24026,130050.0000
24027,130050.0000
24028,130050.0000
24029,130050.0000
24030,130050.0000
24031,130050.0000
24032,130050.0000
24033,130050.0000
24034,130050.0000
24035,130050.0000
24036,130050.0000
24037,130050.0000
24038,130050.0000
24039,130050.0000
24040,130050.0000
24041,130050.0000
24042,130050.0000
24043,130050.0000
24044,130050.0000
24045,130050.0000
24046,130050.0000
24047,130050.0000
24048,130050.0000
24049,130050.0000
24050,130050.0000
24051,130050.0000
24052,130050.0000
24053,130050.0000
24054,130050.0000
24055,130050.0000
24056,130050.0000
24057,130050.0000
24058,130050.0000
24059,130050.0000
24060,130050.0000
24061,130050.0000
24062,130050.0000
24063,130050.0000
24064,130050.0000
24065,130050.0000
24066,130050.0000
24067,130050.0000
24068,130050.0000
24069,130050.0000
24070,130050.0000
24071,130050.0000
24072,130050.0000
24073,130050.0000
24074,130050.0000
24075,130050.0000
24076,130050.0000
24077,130050.0000
24078,130050.0000
24079,130050.0000
24080,130050.0000
24081,130050.0000
24082,130050.0000
24083,130050.0000
24084,130050.0000
24085,130050.0000
24086,130050.0000
24087,130050.0000
24088,130050.0000
24089,130050.0000
24090,130050.0000
24091,130050.0000
24092,130050.0000
24093,130050.0000
24094,130050.0000
24095,130050.0000
24096,130050.0000
24097,130050.0000
24098,130050.0000
24099,130050.0000
24100,130050.0000
24101,130050.0000
24102,130050.0000
24103,130050.0000
24104,130050.0000
24105,130050.0000
24106,130050.0000
24107,130050.0000
24108,130050.0000
24109,130050.0000
24110,130050.0000
24111,130050.0000
24112,130050.0000
24113,130050.0000
24114,130050.0000
24115,130050.0000
24116,130050.0000
24117,130050.0000
24118,130050.0000
24119,130050.0000
24120,130050.0000
24121,130050.0000
24122,130050.0000
24123,130050.0000
24124,130050.0000
24125,130050.0000
24126,130050.0000
24127,130050.0000
24128,130050.0000
24129,130050.0000
24130,130050.0000
24131,130050.0000
24132,130050.0000
24133,130050.0000
24134,130050.0000
24135,130050.0000
24136,130050.0000
24137,130050.0000
24138,130050.0000
24139,130050.0000
24140,130050.0000
24141,130050.0000
24142,130050.0000
24143,130050.0000
24144,130050.0000
24145,130050.0000
24146,130050.0000
24147,130050.0000
24148,130050.0000
24149,130050.0000
24150,130050.0000
24151,130050.0000
24152,130050.0000
24153,130050.0000
24154,130050.0000
24155,130050.0000
24156,130050.0000
24157,130050.0000
24158,130050.0000
24159,130050.0000
24160,130050.0000
24161,130050.0000
24162,130050.0000
24163,130050.0000
24164,130050.0000
24165,130050.0000
24166,130050.0000
24167,130050.0000
24168,130050.0000
24169,130050.0000
24170,130050.0000
24171,130050.0000
24172,130050.0000
24173,130050.0000
24174,130050.0000
24175,130050.0000
24176,130050.0000
24177,130050.0000
24178,130050.0000
24179,130050.0000
24180,130050.0000
24181,130050.0000
24182,130050.0000
24183,130050.0000
24184,130050.0000
24185,130050.0000
24186,130050.0000
24187,130050.0000
24188,130050.0000
24189,130050.0000
24190,130050.0000
24191,130050.0000
24192,130050.0000
24193,130050.0000
24194,130050.0000
24195,130050.0000
24196,130050.0000
24197,130050.0000
24198,130050.0000
24199,130050.0000
24200,130050.0000
24201,130050.0000
24202,130050.0000
24203,130050.0000
24204,130050.0000
24205,130050.0000
24206,130050.0000
24207,130050.0000
24208,130050.0000
24209,130050.0000
24210,130050.0000
24211,130050.0000
24212,130050.0000
24213,130050.0000
24214,130050.0000
24215,130050.0000
24216,130050.0000
24217,130050.0000
24218,130050.0000
24219,130050.0000
24220,130050.0000
24221,130050.0000
24222,130050.0000
24223,130050.0000
24224,130050.0000
24225,130050.0000
24226,130050.0000
24227,130050.0000
24228,130050.0000
24229,130050.0000
24230,130050.0000
24231,130050.0000
24232,130050.0000
24233,130050.0000
24234,130050.0000
24235,130050.0000
24236,130050.0000
24237,130050.0000
24238,130050.0000
24239,130050.0000
24240,130050.0000
24241,130050.0000
24242,130050.0000
24243,130050.0000
24244,130050.0000
24245,130050.0000
24246,130050.0000
24247,130050.0000
24248,130050.0000
24249,130050.0000
24250,130050.0000
24251,130050.0000
24252,130050.0000
24253,130050.0000
24254,130050.0000
24255,130050.0000
24256,130050.0000
24257,130050.0000
24258,130050.0000
24259,130050.0000
24260,130050.0000
24261,130050.0000
24262,130050.0000
24263,130050.0000
24264,130050.0000
24265,130050.0000
24266,130050.0000
24267,130050.0000
24268,130050.0000
24269,130050.0000
24270,130050.0000
24271,130050.0000
24272,130050.0000
24273,130050.0000
24274,130050.0000
24275,130050.0000
24276,130050.0000
24277,130050.0000
24278,130050.0000
24279,130050.0000
24280,130050.0000
24281,130050.0000
24282,130050.0000
24283,130050.0000
24284,130050.0000
24285,130050.0000
24286,130050.0000
24287,130050.0000
24288,130050.0000
24289,130050.0000
24290,130050.0000
24291,130050.0000
24292,130050.0000
24293,130050.0000
24294,130050.0000
24295,130050.0000
24296,130050.0000
24297,130050.0000
24298,130050.0000
24299,130050.0000
24300,130050.0000
24301,130050.0000
24302,130050.0000
24303,130050.0000
24304,130050.0000
24305,130050.0000
24306,130050.0000
24307,130050.0000
24308,130050.0000
24309,130050.0000
24310,130050.0000
24311,130050.0000
24312,130050.0000
24313,130050.0000
24314,130050.0000
24315,130050.0000
24316,130050.0000
24317,130050.0000
24318,130050.0000
24319,130050.0000
24320,130050.0000
24321,130050.0000
24322,130050.0000
24323,130050.0000
24324,130050.0000
24325,130050.0000
24326,130050.0000
24327,130050.0000
24328,130050.0000
24329,130050.0000
24330,130050.0000
24331,130050.0000
24332,130050.0000
24333,130050.0000
24334,130050.0000
24335,130050.0000
24336,130050.0000
24337,130050.0000
24338,130050.0000
24339,130050.0000
24340,130050.0000
24341,130050.0000
24342,130050.0000
24343,130050.0000
24344,130050.0000
24345,130050.0000
24346,130050.0000
24347,130050.0000
24348,130050.0000
24349,130050.0000
24350,130050.0000
24351,130050.0000
24352,130050.0000
24353,130050.0000
24354,130050.0000
24355,130050.0000
24356,130050.0000
24357,130050.0000
24358,130050.0000
24359,130050.0000
24360,130050.0000
24361,130050.0000
24362,130050.0000
24363,130050.0000
24364,130050.0000
24365,130050.0000
24366,130050.0000
24367,130050.0000
24368,130050.0000
24369,130050.0000
24370,130050.0000
24371,130050.0000
24372,130050.0000
24373,130050.0000
24374,130050.0000
24375,130050.0000
24376,130050.0000
24377,130050.0000
24378,130050.0000
24379,130050.0000
24380,130050.0000
24381,130050.0000
24382,130050.0000
24383,130050.0000
24384,130050.0000
24385,130050.0000
24386,130050.0000
24387,130050.0000
24388,130050.0000
24389,130050.0000
24390,130050.0000
24391,130050.0000
24392,130050.0000
24393,130050.0000
24394,130050.0000
24395,130050.0000
24396,130050.0000
24397,130050.0000
24398,130050.0000
24399,130050.0000
24400,130050.0000
24401,130050.0000
24402,130050.0000
24403,130050.0000
24404,130050.0000
24405,130050.0000
24406,130050.0000
24407,130050.0000
24408,130050.0000
24409,130050.0000
24410,130050.0000
24411,130050.0000
24412,130050.0000
24413,130050.0000
24414,130050.0000
24415,130050.0000
24416,130050.0000
24417,130050.0000
24418,130050.0000
24419,130050.0000
24420,130050.0000
24421,130050.0000
24422,130050.0000
24423,130050.0000
24424,130050.0000
24425,130050.0000
24426,130050.0000
24427,130050.0000
24428,130050.0000
24429,130050.0000
24430,130050.0000
24431,130050.0000
24432,130050.0000
24433,130050.0000
24434,130050.0000
24435,130050.0000
24436,130050.0000
24437,130050.0000
24438,130050.0000
24439,130050.0000
24440,130050.0000
24441,130050.0000
24442,130050.0000
24443,130050.0000
24444,130050.0000
24445,130050.0000
24446,130050.0000
24447,130050.0000
24448,130050.0000
24449,130050.0000
24450,130050.0000
24451,130050.0000
24452,130050.0000
24453,130050.0000
24454,130050.0000
24455,130050.0000
24456,130050.0000
24457,130050.0000
24458,130050.0000
24459,130050.0000
24460,130050.0000
24461,130050.0000
24462,130050.0000
24463,130050.0000
24464,130050.0000
24465,130050.0000
24466,130050.0000
24467,130050.0000
24468,130050.0000
24469,130050.0000
24470,130050.0000
24471,130050.0000
24472,130050.0000
24473,130050.0000
24474,130050.0000
24475,130050.0000
24476,130050.0000
24477,130050.0000
24478,130050.0000
24479,130050.0000
24480,130050.0000
24481,130050.0000
24482,130050.0000
24483,130050.0000
24484,130050.0000
24485,130050.0000
24486,130050.0000
24487,130050.0000
24488,130050.0000
24489,130050.0000
24490,130050.0000
24491,130050.0000
24492,130050.0000
24493,130050.0000
24494,130050.0000
24495,130050.0000
24496,130050.0000
24497,130050.0000
24498,130050.0000
24499,130050.0000
24500,130050.0000
24501,130050.0000
24502,130050.0000
24503,130050.0000
24504,130050.0000
24505,130050.0000
24506,130050.0000
24507,130050.0000
24508,130050.0000
24509,130050.0000
24510,130050.0000
24511,130050.0000
24512,130050.0000
24513,130050.0000
24514,130050.0000
24515,130050.0000
24516,130050.0000
24517,130050.0000
24518,130050.0000
24519,130050.0000
24520,130050.0000
24521,130050.0000
24522,130050.0000
24523,130050.0000
24524,130050.0000
24525,130050.0000
24526,130050.0000
24527,130050.0000
24528,130050.0000
24529,130050.0000
24530,130050.0000
24531,130050.0000
24532,130050.0000
24533,130050.0000
24534,130050.0000
24535,130050.0000
24536,130050.0000
24537,130050.0000
24538,130050.0000
24539,130050.0000
24540,130050.0000
24541,130050.0000
24542,130050.0000
24543,130050.0000
24544,130050.0000
24545,130050.0000
24546,130050.0000
24547,130050.0000
24548,130050.0000
24549,130050.0000
24550,130050.0000
24551,130050.0000
24552,130050.0000
24553,130050.0000
24554,130050.0000
24555,130050.0000
24556,130050.0000
24557,130050.0000
24558,130050.0000
24559,130050.0000
24560,130050.0000
24561,130050.0000
24562,130050.0000
24563,130050.0000
24564,130050.0000
24565,130050.0000
24566,130050.0000
24567,130050.0000
24568,130050.0000
24569,130050.0000
24570,130050.0000
24571,130050.0000
24572,130050.0000
24573,130050.0000
24574,130050.0000
24575,130050.0000
24576,130050.0000
24577,130050.0000
24578,130050.0000
24579,130050.0000
24580,130050.0000
24581,130050.0000
24582,130050.0000
24583,130050.0000
24584,130050.0000
24585,130050.0000
24586,130050.0000
24587,130050.0000
24588,130050.0000
24589,130050.0000
24590,130050.0000
24591,130050.0000
24592,130050.0000
24593,130050.0000
24594,130050.0000
24595,130050.0000
24596,130050.0000
24597,130050.0000
24598,130050.0000
24599,130050.0000
24600,130050.0000
24601,130050.0000
24602,130050.0000
24603,130050.0000
24604,130050.0000
24605,130050.0000
24606,130050.0000
24607,130050.0000
24608,130050.0000
24609,130050.0000
24610,130050.0000
24611,130050.0000
24612,130050.0000
24613,130050.0000
24614,130050.0000
24615,130050.0000
24616,130050.0000
24617,130050.0000
24618,130050.0000
24619,130050.0000
24620,130050.0000
24621,130050.0000
24622,130050.0000
24623,130050.0000
24624,130050.0000
24625,130050.0000
24626,130050.0000
24627,130050.0000
24628,130050.0000
24629,130050.0000
24630,130050.0000
24631,130050.0000
24632,130050.0000
24633,130050.0000
24634,130050.0000
24635,130050.0000
24636,130050.0000
24637,130050.0000
24638,130050.0000
24639,130050.0000
24640,130050.0000
24641,130050.0000
24642,130050.0000
24643,130050.0000
24644,130050.0000
24645,130050.0000
24646,130050.0000
24647,130050.0000
24648,130050.0000
24649,130050.0000
24650,130050.0000
24651,130050.0000
24652,130050.0000
24653,130050.0000
24654,130050.0000
24655,130050.0000
24656,130050.0000
24657,130050.0000
24658,130050.0000
24659,130050.0000
24660,130050.0000
24661,130050.0000
24662,130050.0000
24663,130050.0000
24664,130050.0000
24665,130050.0000
24666,130050.0000
24667,130050.0000
24668,130050.0000
24669,130050.0000
24670,130050.0000
24671,130050.0000
24672,130050.0000
24673,130050.0000
24674,130050.0000
24675,130050.0000
24676,130050.0000
24677,130050.0000
24678,130050.0000
24679,130050.0000
24680,130050.0000
24681,130050.0000
24682,130050.0000
24683,130050.0000
24684,130050.0000
24685,130050.0000
24686,130050.0000
24687,130050.0000
24688,130050.0000
24689,130050.0000
24690,130050.0000
24691,130050.0000
24692,130050.0000
24693,130050.0000
24694,130050.0000
24695,130050.0000
24696,130050.0000
24697,130050.0000
24698,130050.0000
24699,130050.0000
24700,130050.0000
24701,130050.0000
24702,130050.0000
24703,130050.0000
24704,130050.0000
24705,130050.0000
24706,130050.0000
24707,130050.0000
24708,130050.0000
24709,130050.0000
24710,130050.0000
24711,130050.0000
24712,130050.0000
24713,130050.0000
24714,130050.0000
24715,130050.0000
24716,130050.0000
24717,130050.0000
24718,130050.0000
24719,130050.0000
24720,130050.0000
24721,130050.0000
24722,130050.0000
24723,130050.0000
24724,130050.0000
24725,130050.0000
24726,130050.0000
24727,130050.0000
24728,130050.0000
24729,130050.0000
24730,130050.0000
24731,130050.0000
24732,130050.0000
24733,130050.0000
24734,130050.0000
24735,130050.0000
24736,130050.0000
24737,130050.0000
24738,130050.0000
24739,130050.0000
24740,130050.0000
24741,130050.0000
24742,130050.0000
24743,130050.0000
24744,130050.0000
24745,130050.0000
24746,130050.0000
24747,130050.0000
24748,130050.0000
24749,130050.0000
24750,130050.0000
24751,130050.0000
24752,130050.0000
24753,130050.0000
24754,130050.0000
24755,130050.0000
24756,130050.0000
24757,130050.0000
24758,130050.0000
24759,130050.0000
24760,130050.0000
24761,130050.0000
24762,130050.0000
24763,130050.0000
24764,130050.0000
24765,130050.0000
24766,130050.0000
24767,130050.0000
24768,130050.0000
24769,130050.0000
24770,130050.0000
24771,130050.0000
24772,130050.0000
24773,130050.0000
24774,130050.0000
24775,130050.0000
24776,130050.0000
24777,130050.0000
24778,130050.0000
24779,130050.0000
24780,130050.0000
24781,130050.0000
24782,130050.0000
24783,130050.0000
24784,130050.0000
24785,130050.0000
24786,130050.0000
24787,130050.0000
24788,130050.0000
24789,130050.0000
24790,130050.0000
24791,130050.0000
24792,130050.0000
24793,130050.0000
24794,130050.0000
24795,130050.0000
24796,130050.0000
24797,130050.0000
24798,130050.0000
24799,130050.0000
24800,130050.0000
24801,130050.0000
24802,130050.0000
24803,130050.0000
24804,130050.0000
24805,130050.0000
24806,130050.0000
24807,130050.0000
24808,130050.0000
24809,130050.0000
24810,130050.0000
24811,130050.0000
24812,130050.0000
24813,130050.0000
24814,130050.0000
24815,130050.0000
24816,130050.0000
24817,130050.0000
24818,130050.0000
24819,130050.0000
24820,130050.0000
24821,130050.0000
24822,130050.0000
24823,130050.0000
24824,130050.0000
24825,130050.0000
24826,130050.0000
24827,130050.0000
24828,130050.0000
24829,130050.0000
24830,130050.0000
24831,130050.0000
24832,130050.0000
24833,130050.0000
24834,130050.0000
24835,130050.0000
24836,130050.0000
24837,130050.0000
24838,130050.0000
24839,130050.0000
24840,130050.0000
24841,130050.0000
24842,130050.0000
24843,130050.0000
24844,130050.0000
24845,130050.0000
24846,130050.0000
24847,130050.0000
24848,130050.0000
24849,130050.0000
24850,130050.0000
24851,130050.0000
24852,130050.0000
24853,130050.0000
24854,130050.0000
24855,130050.0000
24856,130050.0000
24857,130050.0000
24858,130050.0000
24859,130050.0000
24860,130050.0000
24861,130050.0000
24862,130050.0000
24863,130050.0000
24864,130050.0000
24865,130050.0000
24866,130050.0000
24867,130050.0000
24868,130050.0000
24869,130050.0000
24870,130050.0000
24871,130050.0000
24872,130050.0000
24873,130050.0000
24874,130050.0000
24875,130050.0000
24876,130050.0000
24877,130050.0000
24878,130050.0000
24879,130050.0000
24880,130050.0000
24881,130050.0000
24882,130050.0000
24883,130050.0000
24884,130050.0000
24885,130050.0000
24886,130050.0000
24887,130050.0000
24888,130050.0000
24889,130050.0000
24890,130050.0000
24891,130050.0000
24892,130050.0000
24893,130050.0000
24894,130050.0000
24895,130050.0000
24896,130050.0000
24897,130050.0000
24898,130050.0000
24899,130050.0000
24900,130050.0000
24901,130050.0000
24902,130050.0000
24903,130050.0000
24904,130050.0000
24905,130050.0000
24906,130050.0000
24907,130050.0000
24908,130050.0000
24909,130050.0000
24910,130050.0000
24911,130050.0000
24912,130050.0000
24913,130050.0000
24914,130050.0000
24915,130050.0000
24916,130050.0000
24917,130050.0000
24918,130050.0000
24919,130050.0000
24920,130050.0000
24921,130050.0000
24922,130050.0000
24923,130050.0000
24924,130050.0000
24925,130050.0000
24926,130050.0000
24927,130050.0000
24928,130050.0000
24929,130050.0000
24930,130050.0000
24931,130050.0000
24932,130050.0000
24933,130050.0000
24934,130050.0000
24935,130050.0000
24936,130050.0000
24937,130050.0000
24938,130050.0000
24939,130050.0000
24940,130050.0000
24941,130050.0000
24942,130050.0000
24943,130050.0000
24944,130050.0000
24945,130050.0000
24946,130050.0000
24947,130050.0000
24948,130050.0000
24949,130050.0000
24950,130050.0000
24951,130050.0000
24952,130050.0000
24953,130050.0000
24954,130050.0000
24955,130050.0000
24956,130050.0000
24957,130050.0000
24958,130050.0000
24959,130050.0000
24960,130050.0000
24961,130050.0000
24962,130050.0000
24963,130050.0000
24964,130050.0000
24965,130050.0000
24966,130050.0000
24967,130050.0000
24968,130050.0000
24969,130050.0000
24970,130050.0000
24971,130050.0000
24972,130050.0000
24973,130050.0000
24974,130050.0000
24975,130050.0000
24976,130050.0000
24977,130050.0000
24978,130050.0000
24979,130050.0000
24980,130050.0000
24981,130050.0000
24982,130050.0000
24983,130050.0000
24984,130050.0000
24985,130050.0000
24986,130050.0000
24987,130050.0000
24988,130050.0000
24989,130050.0000
24990,130050.0000
24991,130050.0000
24992,130050.0000
24993,130050.0000
24994,130050.0000
24995,130050.0000
24996,130050.0000
24997,130050.0000
24998,130050.0000
24999,130050.0000
25000,130050.0000
25001,130050.0000
25002,130050.0000
25003,130050.0000
25004,130050.0000
25005,130050.0000
25006,130050.0000
25007,130050.0000
25008,130050.0000
25009,130050.0000
25010,130050.0000
25011,130050.0000
25012,130050.0000
25013,130050.0000
25014,130050.0000
25015,130050.0000
25016,130050.0000
25017,130050.0000
25018,130050.0000
25019,130050.0000
25020,130050.0000
25021,130050.0000
25022,130050.0000
25023,130050.0000
25024,130050.0000
25025,130050.0000
25026,130050.0000
25027,130050.0000
25028,130050.0000
25029,130050.0000
25030,130050.0000
25031,130050.0000
25032,130050.0000
25033,130050.0000
25034,130050.0000
25035,130050.0000
25036,130050.0000
25037,130050.0000
25038,130050.0000
25039,130050.0000
25040,130050.0000
25041,130050.0000
25042,130050.0000
25043,130050.0000
25044,130050.0000
25045,130050.0000
25046,130050.0000
25047,130050.0000
25048,130050.0000
25049,130050.0000
25050,130050.0000
25051,130050.0000
25052,130050.0000
25053,130050.0000
25054,130050.0000
25055,130050.0000
25056,130050.0000
25057,130050.0000
25058,130050.0000
25059,130050.0000
25060,130050.0000
25061,130050.0000
25062,130050.0000
25063,130050.0000
25064,130050.0000
25065,130050.0000
25066,130050.0000
25067,130050.0000
25068,130050.0000
25069,130050.0000
25070,130050.0000
25071,130050.0000
25072,130050.0000
25073,130050.0000
25074,130050.0000
25075,130050.0000
25076,130050.0000
25077,130050.0000
25078,130050.0000
25079,130050.0000
25080,130050.0000
25081,130050.0000
25082,130050.0000
25083,130050.0000
25084,130050.0000
25085,130050.0000
25086,130050.0000
25087,130050.0000
25088,130050.0000
25089,130050.0000
25090,130050.0000
25091,130050.0000
25092,130050.0000
25093,130050.0000
25094,130050.0000
25095,130050.0000
25096,130050.0000
25097,130050.0000
25098,130050.0000
25099,130050.0000
25100,130050.0000
25101,130050.0000
25102,130050.0000
25103,130050.0000
25104,130050.0000
25105,130050.0000
25106,130050.0000
25107,130050.0000
25108,130050.0000
25109,130050.0000
25110,130050.0000
25111,130050.0000
25112,130050.0000
25113,130050.0000
25114,130050.0000
25115,130050.0000
25116,130050.0000
25117,130050.0000
25118,130050.0000
25119,130050.0000
25120,130050.0000
25121,130050.0000
25122,130050.0000
25123,130050.0000
25124,130050.0000
25125,130050.0000
25126,130050.0000
25127,130050.0000
25128,130050.0000
25129,130050.0000
25130,130050.0000
25131,130050.0000
25132,130050.0000
25133,130050.0000
25134,130050.0000
25135,130050.0000
25136,130050.0000
25137,130050.0000
25138,130050.0000
25139,130050.0000
25140,130050.0000
25141,130050.0000
25142,130050.0000
25143,130050.0000
25144,130050.0000
25145,130050.0000
25146,130050.0000
25147,130050.0000
25148,130050.0000
25149,130050.0000
25150,130050.0000
25151,130050.0000
25152,130050.0000
25153,130050.0000
25154,130050.0000
25155,130050.0000
25156,130050.0000
25157,130050.0000
25158,130050.0000
25159,130050.0000
25160,130050.0000
25161,130050.0000
25162,130050.0000
25163,130050.0000
25164,130050.0000
25165,130050.0000
25166,130050.0000
25167,130050.0000
25168,130050.0000
25169,130050.0000
25170,130050.0000
25171,130050.0000
25172,130050.0000
25173,130050.0000
25174,130050.0000
25175,130050.0000
25176,130050.0000
25177,130050.0000
25178,130050.0000
25179,130050.0000
25180,130050.0000
25181,130050.0000
25182,130050.0000
25183,130050.0000
25184,130050.0000
25185,130050.0000
25186,130050.0000
25187,130050.0000
25188,130050.0000
25189,130050.0000
25190,130050.0000
25191,130050.0000
25192,130050.0000
25193,130050.0000
25194,130050.0000
25195,130050.0000
25196,130050.0000
25197,130050.0000
25198,130050.0000
25199,130050.0000
25200,130050.0000
25201,130050.0000
25202,130050.0000
25203,130050.0000
25204,130050.0000
25205,130050.0000
25206,130050.0000
25207,130050.0000
25208,130050.0000
25209,130050.0000
25210,130050.0000
25211,130050.0000
25212,130050.0000
25213,130050.0000
25214,130050.0000
25215,130050.0000
25216,130050.0000
25217,130050.0000
25218,130050.0000
25219,130050.0000
25220,130050.0000
25221,130050.0000
25222,130050.0000
25223,130050.0000
25224,130050.0000
25225,130050.0000
25226,130050.0000
25227,130050.0000
25228,130050.0000
25229,130050.0000
25230,130050.0000
25231,130050.0000
25232,130050.0000
25233,130050.0000
25234,130050.0000
25235,130050.0000
25236,130050.0000
25237,130050.0000
25238,130050.0000
25239,130050.0000
25240,130050.0000
25241,130050.0000
25242,130050.0000
25243,130050.0000
25244,130050.0000
25245,130050.0000
25246,130050.0000
25247,130050.0000
25248,130050.0000
25249,130050.0000
25250,130050.0000
25251,130050.0000
25252,130050.0000
25253,130050.0000
25254,130050.0000
25255,130050.0000
25256,130050.0000
25257,130050.0000
25258,130050.0000
25259,130050.0000
25260,130050.0000
25261,130050.0000
25262,130050.0000
25263,130050.0000
25264,130050.0000
25265,130050.0000
25266,130050.0000
25267,130050.0000
25268,130050.0000
25269,130050.0000
25270,130050.0000
25271,130050.0000
25272,130050.0000
25273,130050.0000
25274,130050.0000
25275,130050.0000
25276,130050.0000
25277,130050.0000
25278,130050.0000
25279,130050.0000
25280,130050.0000
25281,130050.0000
25282,130050.0000
25283,130050.0000
25284,130050.0000
25285,130050.0000
25286,130050.0000
25287,130050.0000
25288,130050.0000
25289,130050.0000
25290,130050.0000
25291,130050.0000
25292,130050.0000
25293,130050.0000
25294,130050.0000
25295,130050.0000
25296,130050.0000
25297,130050.0000
25298,130050.0000
25299,130050.0000
25300,130050.0000
25301,130050.0000
25302,130050.0000
25303,130050.0000
25304,130050.0000
25305,130050.0000
25306,130050.0000
25307,130050.0000
25308,130050.0000
25309,130050.0000
25310,130050.0000
25311,130050.0000
25312,130050.0000
25313,130050.0000
25314,130050.0000
25315,130050.0000
25316,130050.0000
25317,130050.0000
25318,130050.0000
25319,130050.0000
25320,130050.0000
25321,130050.0000
25322,130050.0000
25323,130050.0000
25324,130050.0000
25325,130050.0000
25326,130050.0000
25327,130050.0000
25328,130050.0000
25329,130050.0000
25330,130050.0000
25331,130050.0000
25332,130050.0000
25333,130050.0000
25334,130050.0000
25335,130050.0000
25336,130050.0000
25337,130050.0000
25338,130050.0000
25339,130050.0000
25340,130050.0000
25341,130050.0000
25342,130050.0000
25343,130050.0000
25344,130050.0000
25345,130050.0000
25346,130050.0000
25347,130050.0000
25348,130050.0000
25349,130050.0000
25350,130050.0000
25351,130050.0000
25352,130050.0000
25353,130050.0000
25354,130050.0000
25355,130050.0000
25356,130050.0000
25357,130050.0000
25358,130050.0000
25359,130050.0000
25360,130050.0000
25361,130050.0000
25362,130050.0000
25363,130050.0000
25364,130050.0000
25365,130050.0000
25366,130050.0000
25367,130050.0000
25368,130050.0000
25369,130050.0000
25370,130050.0000
25371,130050.0000
25372,130050.0000
25373,130050.0000
25374,130050.0000
25375,130050.0000
25376,130050.0000
25377,130050.0000
25378,130050.0000
25379,130050.0000
25380,130050.0000
25381,130050.0000
25382,130050.0000
25383,130050.0000
25384,130050.0000
25385,130050.0000
25386,130050.0000
25387,130050.0000
25388,130050.0000
25389,130050.0000
25390,130050.0000
25391,130050.0000
25392,130050.0000
25393,130050.0000
25394,130050.0000
25395,130050.0000
25396,130050.0000
25397,130050.0000
25398,130050.0000
25399,130050.0000
25400,130050.0000
25401,130050.0000
25402,130050.0000
25403,130050.0000
25404,130050.0000
25405,130050.0000
25406,130050.0000
25407,130050.0000
25408,130050.0000
25409,130050.0000
25410,130050.0000
25411,130050.0000
25412,130050.0000
25413,130050.0000
25414,130050.0000
25415,130050.0000
25416,130050.0000
25417,130050.0000
25418,130050.0000
25419,130050.0000
25420,130050.0000
25421,130050.0000
25422,130050.0000
25423,130050.0000
25424,130050.0000
25425,130050.0000
25426,130050.0000
25427,130050.0000
25428,130050.0000
25429,130050.0000
25430,130050.0000
25431,130050.0000
25432,130050.0000
25433,130050.0000
25434,130050.0000
25435,130050.0000
25436,130050.0000
25437,130050.0000
25438,130050.0000
25439,130050.0000
25440,130050.0000
25441,130050.0000
25442,130050.0000
25443,130050.0000
25444,130050.0000
25445,130050.0000
25446,130050.0000
25447,130050.0000
25448,130050.0000
25449,130050.0000
25450,130050.0000
25451,130050.0000
25452,130050.0000
25453,130050.0000
25454,130050.0000
25455,130050.0000
25456,130050.0000
25457,130050.0000
25458,130050.0000
25459,130050.0000
25460,130050.0000
25461,130050.0000
25462,130050.0000
25463,130050.0000
25464,130050.0000
25465,130050.0000
25466,130050.0000
25467,130050.0000
25468,130050.0000
25469,130050.0000
25470,130050.0000
25471,130050.0000
25472,130050.0000
25473,130050.0000
25474,130050.0000
25475,130050.0000
25476,130050.0000
25477,130050.0000
25478,130050.0000
25479,130050.0000
25480,130050.0000
25481,130050.0000
25482,130050.0000
25483,130050.0000
25484,130050.0000
25485,130050.0000
25486,130050.0000
25487,130050.0000
25488,130050.0000
25489,130050.0000
25490,130050.0000
25491,130050.0000
25492,130050.0000
25493,130050.0000
25494,130050.0000
25495,130050.0000
25496,130050.0000
25497,130050.0000
25498,130050.0000
25499,130050.0000
25500,130050.0000
25501,130050.0000
25502,130050.0000
25503,130050.0000
25504,130050.0000
25505,130050.0000
25506,130050.0000
25507,130050.0000
25508,130050.0000
25509,130050.0000
25510,130050.0000
25511,130050.0000
25512,130050.0000
25513,130050.0000
25514,130050.0000
25515,130050.0000
25516,130050.0000
25517,130050.0000
25518,130050.0000
25519,130050.0000
25520,130050.0000
25521,130050.0000
25522,130050.0000
25523,130050.0000
25524,130050.0000
25525,130050.0000
25526,130050.0000
25527,130050.0000
25528,130050.0000
25529,130050.0000
25530,130050.0000
25531,130050.0000
25532,130050.0000
25533,130050.0000
25534,130050.0000
25535,130050.0000
25536,130050.0000
25537,130050.0000
25538,130050.0000
25539,130050.0000
25540,130050.0000
25541,130050.0000
25542,130050.0000
25543,130050.0000
25544,130050.0000
25545,130050.0000
25546,130050.0000
25547,130050.0000
25548,130050.0000
25549,130050.0000
25550,130050.0000
25551,130050.0000
25552,130050.0000
25553,130050.0000
25554,130050.0000
25555,130050.0000
25556,130050.0000
25557,130050.0000
25558,130050.0000
25559,130050.0000
25560,130050.0000
25561,130050.0000
25562,130050.0000
25563,130050.0000
25564,130050.0000
25565,130050.0000
25566,130050.0000
25567,130050.0000
25568,130050.0000
25569,130050.0000
25570,130050.0000
25571,130050.0000
25572,130050.0000
25573,130050.0000
25574,130050.0000
25575,130050.0000
25576,130050.0000
25577,130050.0000
25578,130050.0000
25579,130050.0000
25580,130050.0000
25581,130050.0000
25582,130050.0000
25583,130050.0000
25584,130050.0000
25585,130050.0000
25586,130050.0000
25587,130050.0000
25588,130050.0000
25589,130050.0000
25590,130050.0000
25591,130050.0000
25592,130050.0000
25593,130050.0000
25594,130050.0000
25595,130050.0000
25596,130050.0000
25597,130050.0000
25598,130050.0000
25599,130050.0000
25600,130050.0000
25601,130050.0000
25602,130050.0000
25603,130050.0000
25604,130050.0000
25605,130050.0000
25606,130050.0000
25607,130050.0000
25608,130050.0000
25609,130050.0000
25610,130050.0000
25611,130050.0000
25612,130050.0000
25613,130050.0000
25614,130050.0000
25615,130050.0000
25616,130050.0000
25617,130050.0000
25618,130050.0000
25619,130050.0000
25620,130050.0000
25621,130050.0000
25622,130050.0000
25623,130050.0000
25624,130050.0000
25625,130050.0000
25626,130050.0000
25627,130050.0000
25628,130050.0000
25629,130050.0000
25630,130050.0000
25631,130050.0000
25632,130050.0000
25633,130050.0000
25634,130050.0000
25635,130050.0000
25636,130050.0000
25637,130050.0000
25638,130050.0000
25639,130050.0000
25640,130050.0000
25641,130050.0000
25642,130050.0000
25643,130050.0000
25644,130050.0000
25645,130050.0000
25646,130050.0000
25647,130050.0000
25648,130050.0000
25649,130050.0000
25650,130050.0000
25651,130050.0000
25652,130050.0000
25653,130050.0000
25654,130050.0000
25655,130050.0000
25656,130050.0000
25657,130050.0000
25658,130050.0000
25659,130050.0000
25660,130050.0000
25661,130050.0000
25662,130050.0000
25663,130050.0000
25664,130050.0000
25665,130050.0000
25666,130050.0000
25667,130050.0000
25668,130050.0000
25669,130050.0000
25670,130050.0000
25671,130050.0000
25672,130050.0000
25673,130050.0000
25674,130050.0000
25675,130050.0000
25676,130050.0000
25677,130050.0000
25678,130050.0000
25679,130050.0000
25680,130050.0000
25681,130050.0000
25682,130050.0000
25683,130050.0000
25684,130050.0000
25685,130050.0000
25686,130050.0000
25687,130050.0000
25688,130050.0000
25689,130050.0000
25690,130050.0000
25691,130050.0000
25692,130050.0000
25693,130050.0000
25694,130050.0000
25695,130050.0000
25696,130050.0000
25697,130050.0000
25698,130050.0000
25699,130050.0000
25700,130050.0000
25701,130050.0000
25702,130050.0000
25703,130050.0000
25704,130050.0000
25705,130050.0000
25706,130050.0000
25707,130050.0000
25708,130050.0000
25709,130050.0000
25710,130050.0000
25711,130050.0000
25712,130050.0000
25713,130050.0000
25714,130050.0000
25715,130050.0000
25716,130050.0000
25717,130050.0000
25718,130050.0000
25719,130050.0000
25720,130050.0000
25721,130050.0000
25722,130050.0000
25723,130050.0000
25724,130050.0000
25725,130050.0000
25726,130050.0000
25727,130050.0000
25728,130050.0000
25729,130050.0000
25730,130050.0000
25731,130050.0000
25732,130050.0000
25733,130050.0000
25734,130050.0000
25735,130050.0000
25736,130050.0000
25737,130050.0000
25738,130050.0000
25739,130050.0000
25740,130050.0000
25741,130050.0000
25742,130050.0000
25743,130050.0000
25744,130050.0000
25745,130050.0000
25746,130050.0000
25747,130050.0000
25748,130050.0000
25749,130050.0000
25750,130050.0000
25751,130050.0000
25752,130050.0000
25753,130050.0000
25754,130050.0000
25755,130050.0000
25756,130050.0000
25757,130050.0000
25758,130050.0000
25759,130050.0000
25760,130050.0000
25761,130050.0000
25762,130050.0000
25763,130050.0000
25764,130050.0000
25765,130050.0000
25766,130050.0000
25767,130050.0000
25768,130050.0000
25769,130050.0000
25770,130050.0000
25771,130050.0000
25772,130050.0000
25773,130050.0000
25774,130050.0000
25775,130050.0000
25776,130050.0000
25777,130050.0000
25778,130050.0000
25779,130050.0000
25780,130050.0000
25781,130050.0000
25782,130050.0000
25783,130050.0000
25784,130050.0000
25785,130050.0000
25786,130050.0000
25787,130050.0000
25788,130050.0000
25789,130050.0000
25790,130050.0000
25791,130050.0000
25792,130050.0000
25793,130050.0000
25794,130050.0000
25795,130050.0000
25796,130050.0000
25797,130050.0000
25798,130050.0000
25799,130050.0000
25800,130050.0000
25801,130050.0000
25802,130050.0000
25803,130050.0000
25804,130050.0000
25805,130050.0000
25806,130050.0000
25807,130050.0000
25808,130050.0000
25809,130050.0000
25810,130050.0000
25811,130050.0000
25812,130050.0000
25813,130050.0000
25814,130050.0000
25815,130050.0000
25816,130050.0000
25817,130050.0000
25818,130050.0000
25819,130050.0000
25820,130050.0000
25821,130050.0000
25822,130050.0000
25823,130050.0000
25824,130050.0000
25825,130050.0000
25826,130050.0000
25827,130050.0000
25828,130050.0000
25829,130050.0000
25830,130050.0000
25831,130050.0000
25832,130050.0000
25833,130050.0000
25834,130050.0000
25835,130050.0000
25836,130050.0000
25837,130050.0000
25838,130050.0000
25839,130050.0000
25840,130050.0000
25841,130050.0000
25842,130050.0000
25843,130050.0000
25844,130050.0000
25845,130050.0000
25846,130050.0000
25847,130050.0000
25848,130050.0000
25849,130050.0000
25850,130050.0000
25851,130050.0000
25852,130050.0000
25853,130050.0000
25854,130050.0000
25855,130050.0000
25856,130050.0000
25857,130050.0000
25858,130050.0000
25859,130050.0000
25860,130050.0000
25861,130050.0000
25862,130050.0000
25863,130050.0000
25864,130050.0000
25865,130050.0000
25866,130050.0000
25867,130050.0000
25868,130050.0000
25869,130050.0000
25870,130050.0000
25871,130050.0000
25872,130050.0000
25873,130050.0000
25874,130050.0000
25875,130050.0000
25876,130050.0000
25877,130050.0000
25878,130050.0000
25879,130050.0000
25880,130050.0000
25881,130050.0000
25882,130050.0000
25883,130050.0000
25884,130050.0000
25885,130050.0000
25886,130050.0000
25887,130050.0000
25888,130050.0000
25889,130050.0000
25890,130050.0000
25891,130050.0000
25892,130050.0000
25893,130050.0000
25894,130050.0000
25895,130050.0000
25896,130050.0000
25897,130050.0000
25898,130050.0000
25899,130050.0000
25900,130050.0000
25901,130050.0000
25902,130050.0000
25903,130050.0000
25904,130050.0000
25905,130050.0000
25906,130050.0000
25907,130050.0000
25908,130050.0000
25909,130050.0000
25910,130050.0000
25911,130050.0000
25912,130050.0000
25913,130050.0000
25914,130050.0000
25915,130050.0000
25916,130050.0000
25917,130050.0000
25918,130050.0000
25919,130050.0000
25920,130050.0000
25921,130050.0000
25922,130050.0000
25923,130050.0000
25924,130050.0000
25925,130050.0000
25926,130050.0000
25927,130050.0000
25928,130050.0000
25929,130050.0000
25930,130050.0000
25931,130050.0000
25932,130050.0000
25933,130050.0000
25934,130050.0000
25935,130050.0000
25936,130050.0000
25937,130050.0000
25938,130050.0000
25939,130050.0000
25940,130050.0000
25941,130050.0000
25942,130050.0000
25943,130050.0000
25944,130050.0000
25945,130050.0000
25946,130050.0000
25947,130050.0000
25948,130050.0000
25949,130050.0000
25950,130050.0000
25951,130050.0000
25952,130050.0000
25953,130050.0000
25954,130050.0000
25955,130050.0000
25956,130050.0000
25957,130050.0000
25958,130050.0000
25959,130050.0000
25960,130050.0000
25961,130050.0000
25962,130050.0000
25963,130050.0000
25964,130050.0000
25965,130050.0000
25966,130050.0000
25967,130050.0000
25968,130050.0000
25969,130050.0000
25970,130050.0000
25971,130050.0000
25972,130050.0000
25973,130050.0000
25974,130050.0000
25975,130050.0000
25976,130050.0000
25977,130050.0000
25978,130050.0000
25979,130050.0000
25980,130050.0000
25981,130050.0000
25982,130050.0000
25983,130050.0000
25984,130050.0000
25985,130050.0000
25986,130050.0000
25987,130050.0000
25988,130050.0000
25989,130050.0000
25990,130050.0000
25991,130050.0000
25992,130050.0000
25993,130050.0000
25994,130050.0000
25995,130050.0000
25996,130050.0000
25997,130050.0000
25998,130050.0000
25999,130050.0000
26000,130050.0000
26001,130050.0000
26002,130050.0000
26003,130050.0000
26004,130050.0000
26005,130050.0000
26006,130050.0000
26007,130050.0000
26008,130050.0000
26009,130050.0000
26010,130050.0000
26011,130050.0000
26012,130050.0000
26013,130050.0000
26014,130050.0000
26015,130050.0000
26016,130050.0000
26017,130050.0000
26018,130050.0000
26019,130050.0000
26020,130050.0000
26021,130050.0000
26022,130050.0000
26023,130050.0000
26024,130050.0000
26025,130050.0000
26026,130050.0000
26027,130050.0000
26028,130050.0000
26029,130050.0000
26030,130050.0000
26031,130050.0000
26032,130050.0000
26033,130050.0000
26034,130050.0000
26035,130050.0000
26036,130050.0000
26037,130050.0000
26038,130050.0000
26039,130050.0000
26040,130050.0000
26041,130050.0000
26042,130050.0000
26043,130050.0000
26044,130050.0000
26045,130050.0000
26046,130050.0000
26047,130050.0000
26048,130050.0000
26049,130050.0000
26050,130050.0000
26051,130050.0000
26052,130050.0000
26053,130050.0000
26054,130050.0000
26055,130050.0000
26056,130050.0000
26057,130050.0000
26058,130050.0000
26059,130050.0000
26060,130050.0000
26061,130050.0000
26062,130050.0000
26063,130050.0000
26064,130050.0000
26065,130050.0000
26066,130050.0000
26067,130050.0000
26068,130050.0000
26069,130050.0000
26070,130050.0000
26071,130050.0000
26072,130050.0000
26073,130050.0000
26074,130050.0000
26075,130050.0000
26076,130050.0000
26077,130050.0000
26078,130050.0000
26079,130050.0000
26080,130050.0000
26081,130050.0000
26082,130050.0000
26083,130050.0000
26084,130050.0000
26085,130050.0000
26086,130050.0000
26087,130050.0000
26088,130050.0000
26089,130050.0000
26090,130050.0000
26091,130050.0000
26092,130050.0000
26093,130050.0000
26094,130050.0000
26095,130050.0000
26096,130050.0000
26097,130050.0000
26098,130050.0000
26099,130050.0000
26100,130050.0000
26101,130050.0000
26102,130050.0000
26103,130050.0000
26104,130050.0000
26105,130050.0000
26106,130050.0000
26107,130050.0000
26108,130050.0000
26109,130050.0000
26110,130050.0000
26111,130050.0000
26112,130050.0000
26113,130050.0000
26114,130050.0000
26115,130050.0000
26116,130050.0000
26117,130050.0000
26118,130050.0000
26119,130050.0000
26120,130050.0000
26121,130050.0000
26122,130050.0000
26123,130050.0000
26124,130050.0000
26125,130050.0000
26126,130050.0000
26127,130050.0000
26128,130050.0000
26129,130050.0000
26130,130050.0000
26131,130050.0000
26132,130050.0000
26133,130050.0000
26134,130050.0000
26135,130050.0000
26136,130050.0000
26137,130050.0000
26138,130050.0000
26139,130050.0000
26140,130050.0000
26141,130050.0000
26142,130050.0000
26143,130050.0000
26144,130050.0000
26145,130050.0000
26146,130050.0000
26147,130050.0000
26148,130050.0000
26149,130050.0000
26150,130050.0000
26151,130050.0000
26152,130050.0000
26153,130050.0000
26154,130050.0000
26155,130050.0000
26156,130050.0000
26157,130050.0000
26158,130050.0000
26159,130050.0000
26160,130050.0000
26161,130050.0000
26162,130050.0000
26163,130050.0000
26164,130050.0000
26165,130050.0000
26166,130050.0000
26167,130050.0000
26168,130050.0000
26169,130050.0000
26170,130050.0000
26171,130050.0000
26172,130050.0000
26173,130050.0000
26174,130050.0000
26175,130050.0000
26176,130050.0000
26177,130050.0000
26178,130050.0000
26179,130050.0000
26180,130050.0000
26181,130050.0000
26182,130050.0000
26183,130050.0000
26184,130050.0000
26185,130050.0000
26186,130050.0000
26187,130050.0000
26188,130050.0000
26189,130050.0000
26190,130050.0000
26191,130050.0000
26192,130050.0000
26193,130050.0000
26194,130050.0000
26195,130050.0000
26196,130050.0000
26197,130050.0000
26198,130050.0000
26199,130050.0000
26200,130050.0000
26201,130050.0000
26202,130050.0000
26203,130050.0000
26204,130050.0000
26205,130050.0000
26206,130050.0000
26207,130050.0000
26208,130050.0000
26209,130050.0000
26210,130050.0000
26211,130050.0000
26212,130050.0000
26213,130050.0000
26214,130050.0000
26215,130050.0000
26216,130050.0000
26217,130050.0000
26218,130050.0000
26219,130050.0000
26220,130050.0000
26221,130050.0000
26222,130050.0000
26223,130050.0000
26224,130050.0000
26225,130050.0000
26226,130050.0000
26227,130050.0000
26228,130050.0000
26229,130050.0000
26230,130050.0000
26231,130050.0000
26232,130050.0000
26233,130050.0000
26234,130050.0000
26235,130050.0000
26236,130050.0000
26237,130050.0000
26238,130050.0000
26239,130050.0000
26240,130050.0000
26241,130050.0000
26242,130050.0000
26243,130050.0000
26244,130050.0000
26245,130050.0000
26246,130050.0000
26247,130050.0000
26248,130050.0000
26249,130050.0000
26250,130050.0000
26251,130050.0000
26252,130050.0000
26253,130050.0000
26254,130050.0000
26255,130050.0000
26256,130050.0000
26257,130050.0000
26258,130050.0000
26259,130050.0000
26260,130050.0000
26261,130050.0000
26262,130050.0000
26263,130050.0000
26264,130050.0000
26265,130050.0000
26266,130050.0000
26267,130050.0000
26268,130050.0000
26269,130050.0000
26270,130050.0000
26271,130050.0000
26272,130050.0000
26273,130050.0000
26274,130050.0000
26275,130050.0000
26276,130050.0000
26277,130050.0000
26278,130050.0000
26279,130050.0000
26280,130050.0000
26281,130050.0000
26282,130050.0000
26283,130050.0000
26284,130050.0000
26285,130050.0000
26286,130050.0000
26287,130050.0000
26288,130050.0000
26289,130050.0000
26290,130050.0000
26291,130050.0000
26292,130050.0000
26293,130050.0000
26294,130050.0000
26295,130050.0000
26296,130050.0000
26297,130050.0000
26298,130050.0000
26299,130050.0000
26300,130050.0000
26301,130050.0000
26302,130050.0000
26303,130050.0000
26304,130050.0000
26305,130050.0000
26306,130050.0000
26307,130050.0000
26308,130050.0000
26309,130050.0000
26310,130050.0000
26311,130050.0000
26312,130050.0000
26313,130050.0000
26314,130050.0000
26315,130050.0000
26316,130050.0000
26317,130050.0000
26318,130050.0000
26319,130050.0000
26320,130050.0000
26321,130050.0000
26322,130050.0000
26323,130050.0000
26324,130050.0000
26325,130050.0000
26326,130050.0000
26327,130050.0000
26328,130050.0000
26329,130050.0000
26330,130050.0000
26331,130050.0000
26332,130050.0000
26333,130050.0000
26334,130050.0000
26335,130050.0000
26336,130050.0000
26337,130050.0000
26338,130050.0000
26339,130050.0000
26340,130050.0000
26341,130050.0000
26342,130050.0000
26343,130050.0000
26344,130050.0000
26345,130050.0000
26346,130050.0000
26347,130050.0000
26348,130050.0000
26349,130050.0000
26350,130050.0000
26351,130050.0000
26352,130050.0000
26353,130050.0000
26354,130050.0000
26355,130050.0000
26356,130050.0000
26357,130050.0000
26358,130050.0000
26359,130050.0000
26360,130050.0000
26361,130050.0000
26362,130050.0000
26363,130050.0000
26364,130050.0000
26365,130050.0000
26366,130050.0000
26367,130050.0000
26368,130050.0000
26369,130050.0000
26370,130050.0000
26371,130050.0000
26372,130050.0000
26373,130050.0000
26374,130050.0000
26375,130050.0000
26376,130050.0000
26377,130050.0000
26378,130050.0000
26379,130050.0000
26380,130050.0000
26381,130050.0000
26382,130050.0000
26383,130050.0000
26384,130050.0000
26385,130050.0000
26386,130050.0000
26387,130050.0000
26388,130050.0000
26389,130050.0000
26390,130050.0000
26391,130050.0000
26392,130050.0000
26393,130050.0000
26394,130050.0000
26395,130050.0000
26396,130050.0000
26397,130050.0000
26398,130050.0000
26399,130050.0000
26400,130050.0000
26401,130050.0000
26402,130050.0000
26403,130050.0000
26404,130050.0000
26405,130050.0000
26406,130050.0000
26407,130050.0000
26408,130050.0000
26409,130050.0000
26410,130050.0000
26411,130050.0000
26412,130050.0000
26413,130050.0000
26414,130050.0000
26415,130050.0000
26416,130050.0000
26417,130050.0000
26418,130050.0000
26419,130050.0000
26420,130050.0000
26421,130050.0000
26422,130050.0000
26423,130050.0000
26424,130050.0000
26425,130050.0000
26426,130050.0000
26427,130050.0000
26428,130050.0000
26429,130050.0000
26430,130050.0000
26431,130050.0000
26432,130050.0000
26433,130050.0000
26434,130050.0000
26435,130050.0000
26436,130050.0000
26437,130050.0000
26438,130050.0000
26439,130050.0000
26440,130050.0000
26441,130050.0000
26442,130050.0000
26443,130050.0000
26444,130050.0000
26445,130050.0000
26446,130050.0000
26447,130050.0000
26448,130050.0000
26449,130050.0000
26450,130050.0000
26451,130050.0000
26452,130050.0000
26453,130050.0000
26454,130050.0000
26455,130050.0000
26456,130050.0000
26457,130050.0000
26458,130050.0000
26459,130050.0000
26460,130050.0000
26461,130050.0000
26462,130050.0000
26463,130050.0000
26464,130050.0000
26465,130050.0000
26466,130050.0000
26467,130050.0000
26468,130050.0000
26469,130050.0000
26470,130050.0000
26471,130050.0000
26472,130050.0000
26473,130050.0000
26474,130050.0000
26475,130050.0000
26476,130050.0000
26477,130050.0000
26478,130050.0000
26479,130050.0000
26480,130050.0000
26481,130050.0000
26482,130050.0000
26483,130050.0000
26484,130050.0000
26485,130050.0000
26486,130050.0000
26487,130050.0000
26488,130050.0000
26489,130050.0000
26490,130050.0000
26491,130050.0000
26492,130050.0000
26493,130050.0000
26494,130050.0000
26495,130050.0000
26496,130050.0000
26497,130050.0000
26498,130050.0000
26499,130050.0000
26500,130050.0000
26501,130050.0000
26502,130050.0000
26503,130050.0000
26504,130050.0000
26505,130050.0000
26506,130050.0000
26507,130050.0000
26508,130050.0000
26509,130050.0000
26510,130050.0000
26511,130050.0000
26512,130050.0000
26513,130050.0000
26514,130050.0000
26515,130050.0000
26516,130050.0000
26517,130050.0000
26518,130050.0000
26519,130050.0000
26520,130050.0000
26521,130050.0000
26522,130050.0000
26523,130050.0000
26524,130050.0000
26525,130050.0000
26526,130050.0000
26527,130050.0000
26528,130050.0000
26529,130050.0000
26530,130050.0000
26531,130050.0000
26532,130050.0000
26533,130050.0000
26534,130050.0000
26535,130050.0000
26536,130050.0000
26537,130050.0000
26538,130050.0000
26539,130050.0000
26540,130050.0000
26541,130050.0000
26542,130050.0000
26543,130050.0000
26544,130050.0000
26545,130050.0000
26546,130050.0000
26547,130050.0000
26548,130050.0000
26549,130050.0000
26550,130050.0000
26551,130050.0000
26552,130050.0000
26553,130050.0000
26554,130050.0000
26555,130050.0000
26556,130050.0000
26557,130050.0000
26558,130050.0000
26559,130050.0000
26560,130050.0000
26561,130050.0000
26562,130050.0000
26563,130050.0000
26564,130050.0000
26565,130050.0000
26566,130050.0000
26567,130050.0000
26568,130050.0000
26569,130050.0000
26570,130050.0000
26571,130050.0000
26572,130050.0000
26573,130050.0000
26574,130050.0000
26575,130050.0000
26576,130050.0000
26577,130050.0000
26578,130050.0000
26579,130050.0000
26580,130050.0000
26581,130050.0000
26582,130050.0000
26583,130050.0000
26584,130050.0000
26585,130050.0000
26586,130050.0000
26587,130050.0000
26588,130050.0000
26589,130050.0000
26590,130050.0000
26591,130050.0000
26592,130050.0000
26593,130050.0000
26594,130050.0000
26595,130050.0000
26596,130050.0000
26597,130050.0000
26598,130050.0000
26599,130050.0000
26600,130050.0000
26601,130050.0000
26602,130050.0000
26603,130050.0000
26604,130050.0000
26605,130050.0000
26606,130050.0000
26607,130050.0000
26608,130050.0000
26609,130050.0000
26610,130050.0000
26611,130050.0000
26612,130050.0000
26613,130050.0000
26614,130050.0000
26615,130050.0000
26616,130050.0000
26617,130050.0000
26618,130050.0000
26619,130050.0000
26620,130050.0000
26621,130050.0000
26622,130050.0000
26623,130050.0000
26624,130050.0000
26625,130050.0000
26626,130050.0000
26627,130050.0000
26628,130050.0000
26629,130050.0000
26630,130050.0000
26631,130050.0000
26632,130050.0000
26633,130050.0000
26634,130050.0000
26635,130050.0000
26636,130050.0000
26637,130050.0000
26638,130050.0000
26639,130050.0000
26640,130050.0000
26641,130050.0000
26642,130050.0000
26643,130050.0000
26644,130050.0000
26645,130050.0000
26646,130050.0000
26647,130050.0000
26648,130050.0000
26649,130050.0000
26650,130050.0000
26651,130050.0000
26652,130050.0000
26653,130050.0000
26654,130050.0000
26655,130050.0000
26656,130050.0000
26657,130050.0000
26658,130050.0000
26659,130050.0000
26660,130050.0000
26661,130050.0000
26662,130050.0000
26663,130050.0000
26664,130050.0000
26665,130050.0000
26666,130050.0000
26667,130050.0000
26668,130050.0000
26669,130050.0000
26670,130050.0000
26671,130050.0000
26672,130050.0000
26673,130050.0000
26674,130050.0000
26675,130050.0000
26676,130050.0000
26677,130050.0000
26678,130050.0000
26679,130050.0000
26680,130050.0000
26681,130050.0000
26682,130050.0000
26683,130050.0000
26684,130050.0000
26685,130050.0000
26686,130050.0000
26687,130050.0000
26688,130050.0000
26689,130050.0000
26690,130050.0000
26691,130050.0000
26692,130050.0000
26693,130050.0000
26694,130050.0000
26695,130050.0000
26696,130050.0000
26697,130050.0000
26698,130050.0000
26699,130050.0000
26700,130050.0000
26701,130050.0000
26702,130050.0000
26703,130050.0000
26704,130050.0000
26705,130050.0000
26706,130050.0000
26707,130050.0000
26708,130050.0000
26709,130050.0000
26710,130050.0000
26711,130050.0000
26712,130050.0000
26713,130050.0000
26714,130050.0000
26715,130050.0000
26716,130050.0000
26717,130050.0000
26718,130050.0000
26719,130050.0000
26720,130050.0000
26721,130050.0000
26722,130050.0000
26723,130050.0000
26724,130050.0000
26725,130050.0000
26726,130050.0000
26727,130050.0000
26728,130050.0000
26729,130050.0000
26730,130050.0000
26731,130050.0000
26732,130050.0000
26733,130050.0000
26734,130050.0000
26735,130050.0000
26736,130050.0000
26737,130050.0000
26738,130050.0000
26739,130050.0000
26740,130050.0000
26741,130050.0000
26742,130050.0000
26743,130050.0000
26744,130050.0000
26745,130050.0000
26746,130050.0000
26747,130050.0000
26748,130050.0000
26749,130050.0000
26750,130050.0000
26751,130050.0000
26752,130050.0000
26753,130050.0000
26754,130050.0000
26755,130050.0000
26756,130050.0000
26757,130050.0000
26758,130050.0000
26759,130050.0000
26760,130050.0000
26761,130050.0000
26762,130050.0000
26763,130050.0000
26764,130050.0000
26765,130050.0000
26766,130050.0000
26767,130050.0000
26768,130050.0000
26769,130050.0000
26770,130050.0000
26771,130050.0000
26772,130050.0000
26773,130050.0000
26774,130050.0000
26775,130050.0000
26776,130050.0000
26777,130050.0000
26778,130050.0000
26779,130050.0000
26780,130050.0000
26781,130050.0000
26782,130050.0000
26783,130050.0000
26784,130050.0000
26785,130050.0000
26786,130050.0000
26787,130050.0000
26788,130050.0000
26789,130050.0000
26790,130050.0000
26791,130050.0000
26792,130050.0000
26793,130050.0000
26794,130050.0000
26795,130050.0000
26796,130050.0000
26797,130050.0000
26798,130050.0000
26799,130050.0000
26800,130050.0000
26801,130050.0000
26802,130050.0000
26803,130050.0000
26804,130050.0000
26805,130050.0000
26806,130050.0000
26807,130050.0000
26808,130050.0000
26809,130050.0000
26810,130050.0000
26811,130050.0000
26812,130050.0000
26813,130050.0000
26814,130050.0000
26815,130050.0000
26816,130050.0000
26817,130050.0000
26818,130050.0000
26819,130050.0000
26820,130050.0000
26821,130050.0000
26822,130050.0000
26823,130050.0000
26824,130050.0000
26825,130050.0000
26826,130050.0000
26827,130050.0000
26828,130050.0000
26829,130050.0000
26830,130050.0000
26831,130050.0000
26832,130050.0000
26833,130050.0000
26834,130050.0000
26835,130050.0000
26836,130050.0000
26837,130050.0000
26838,130050.0000
26839,130050.0000
26840,130050.0000
26841,130050.0000
26842,130050.0000
26843,130050.0000
26844,130050.0000
26845,130050.0000
26846,130050.0000
26847,130050.0000
26848,130050.0000
26849,130050.0000
26850,130050.0000
26851,130050.0000
26852,130050.0000
26853,130050.0000
26854,130050.0000
26855,130050.0000
26856,130050.0000
26857,130050.0000
26858,130050.0000
26859,130050.0000
26860,130050.0000
26861,130050.0000
26862,130050.0000
26863,130050.0000
26864,130050.0000
26865,130050.0000
26866,130050.0000
26867,130050.0000
26868,130050.0000
26869,130050.0000
26870,130050.0000
26871,130050.0000
26872,130050.0000
26873,130050.0000
26874,130050.0000
26875,130050.0000
26876,130050.0000
26877,130050.0000
26878,130050.0000
26879,130050.0000
26880,130050.0000
26881,130050.0000
26882,130050.0000
26883,130050.0000
26884,130050.0000
26885,130050.0000
26886,130050.0000
26887,130050.0000
26888,130050.0000
26889,130050.0000
26890,130050.0000
26891,130050.0000
26892,130050.0000
26893,130050.0000
26894,130050.0000
26895,130050.0000
26896,130050.0000
26897,130050.0000
26898,130050.0000
26899,130050.0000
26900,130050.0000
26901,130050.0000
26902,130050.0000
26903,130050.0000
26904,130050.0000
26905,130050.0000
26906,130050.0000
26907,130050.0000
26908,130050.0000
26909,130050.0000
26910,130050.0000
26911,130050.0000
26912,130050.0000
26913,130050.0000
26914,130050.0000
26915,130050.0000
26916,130050.0000
26917,130050.0000
26918,130050.0000
26919,130050.0000
26920,130050.0000
26921,130050.0000
26922,130050.0000
26923,130050.0000
26924,130050.0000
26925,130050.0000
26926,130050.0000
26927,130050.0000
26928,130050.0000
26929,130050.0000
26930,130050.0000
26931,130050.0000
26932,130050.0000
26933,130050.0000
26934,130050.0000
26935,130050.0000
26936,130050.0000
26937,130050.0000
26938,130050.0000
26939,130050.0000
26940,130050.0000
26941,130050.0000
26942,130050.0000
26943,130050.0000
26944,130050.0000
26945,130050.0000
26946,130050.0000
26947,130050.0000
26948,130050.0000
26949,130050.0000
26950,130050.0000
26951,130050.0000
26952,130050.0000
26953,130050.0000
26954,130050.0000
26955,130050.0000
26956,130050.0000
26957,130050.0000
26958,130050.0000
26959,130050.0000
26960,130050.0000
26961,130050.0000
26962,130050.0000
26963,130050.0000
26964,130050.0000
26965,130050.0000
26966,130050.0000
26967,130050.0000
26968,130050.0000
26969,130050.0000
26970,130050.0000
26971,130050.0000
26972,130050.0000
26973,130050.0000
26974,130050.0000
26975,130050.0000
26976,130050.0000
26977,130050.0000
26978,130050.0000
26979,130050.0000
26980,130050.0000
26981,130050.0000
26982,130050.0000
26983,130050.0000
26984,130050.0000
26985,130050.0000
26986,130050.0000
26987,130050.0000
26988,130050.0000
26989,130050.0000
26990,130050.0000
26991,130050.0000
26992,130050.0000
26993,130050.0000
26994,130050.0000
26995,130050.0000
26996,130050.0000
26997,130050.0000
26998,130050.0000
26999,130050.0000
27000,130050.0000
27001,130050.0000
27002,130050.0000
27003,130050.0000
27004,130050.0000
27005,130050.0000
27006,130050.0000
27007,130050.0000
27008,130050.0000
27009,130050.0000
27010,130050.0000
27011,130050.0000
27012,130050.0000
27013,130050.0000
27014,130050.0000
27015,130050.0000
27016,130050.0000
27017,130050.0000
27018,130050.0000
27019,130050.0000
27020,130050.0000
27021,130050.0000
27022,130050.0000
27023,130050.0000
27024,130050.0000
27025,130050.0000
27026,130050.0000
27027,130050.0000
27028,130050.0000
27029,130050.0000
27030,130050.0000
27031,130050.0000
27032,130050.0000
27033,130050.0000
27034,130050.0000
27035,130050.0000
27036,130050.0000
27037,130050.0000
27038,130050.0000
27039,130050.0000
27040,130050.0000
27041,130050.0000
27042,130050.0000
27043,130050.0000
27044,130050.0000
27045,130050.0000
27046,130050.0000
27047,130050.0000
27048,130050.0000
27049,130050.0000
27050,130050.0000
27051,130050.0000
27052,130050.0000
27053,130050.0000
27054,130050.0000
27055,130050.0000
27056,130050.0000
27057,130050.0000
27058,130050.0000
27059,130050.0000
27060,130050.0000
27061,130050.0000
27062,130050.0000
27063,130050.0000
27064,130050.0000
27065,130050.0000
27066,130050.0000
27067,130050.0000
27068,130050.0000
27069,130050.0000
27070,130050.0000
27071,130050.0000
27072,130050.0000
27073,130050.0000
27074,130050.0000
27075,130050.0000
27076,130050.0000
27077,130050.0000
27078,130050.0000
27079,130050.0000
27080,130050.0000
27081,130050.0000
27082,130050.0000
27083,130050.0000
27084,130050.0000
27085,130050.0000
27086,130050.0000
27087,130050.0000
27088,130050.0000
27089,130050.0000
27090,130050.0000
27091,130050.0000
27092,130050.0000
27093,130050.0000
27094,130050.0000
27095,130050.0000
27096,130050.0000
27097,130050.0000
27098,130050.0000
27099,130050.0000
27100,130050.0000
27101,130050.0000
27102,130050.0000
27103,130050.0000
27104,130050.0000
27105,130050.0000
27106,130050.0000
27107,130050.0000
27108,130050.0000
27109,130050.0000
27110,130050.0000
27111,130050.0000
27112,130050.0000
27113,130050.0000
27114,130050.0000
27115,130050.0000
27116,130050.0000
27117,130050.0000
27118,130050.0000
27119,130050.0000
27120,130050.0000
27121,130050.0000
27122,130050.0000
27123,130050.0000
27124,130050.0000
27125,130050.0000
27126,130050.0000
27127,130050.0000
27128,130050.0000
27129,130050.0000
27130,130050.0000
27131,130050.0000
27132,130050.0000
27133,130050.0000
27134,130050.0000
27135,130050.0000
27136,130050.0000
27137,130050.0000
27138,130050.0000
27139,130050.0000
27140,130050.0000
27141,130050.0000
27142,130050.0000
27143,130050.0000
27144,130050.0000
27145,130050.0000
27146,130050.0000
27147,130050.0000
27148,130050.0000
27149,130050.0000
27150,130050.0000
27151,130050.0000
27152,130050.0000
27153,130050.0000
27154,130050.0000
27155,130050.0000
27156,130050.0000
27157,130050.0000
27158,130050.0000
27159,130050.0000
27160,130050.0000
27161,130050.0000
27162,130050.0000
27163,130050.0000
27164,130050.0000
27165,130050.0000
27166,130050.0000
27167,130050.0000
27168,130050.0000
27169,130050.0000
27170,130050.0000
27171,130050.0000
27172,130050.0000
27173,130050.0000
27174,130050.0000
27175,130050.0000
27176,130050.0000
27177,130050.0000
27178,130050.0000
27179,130050.0000
27180,130050.0000
27181,130050.0000
27182,130050.0000
27183,130050.0000
27184,130050.0000
27185,130050.0000
27186,130050.0000
27187,130050.0000
27188,130050.0000
27189,130050.0000
27190,130050.0000
27191,130050.0000
27192,130050.0000
27193,130050.0000
27194,130050.0000
27195,130050.0000
27196,130050.0000
27197,130050.0000
27198,130050.0000
27199,130050.0000
27200,130050.0000
27201,130050.0000
27202,130050.0000
27203,130050.0000
27204,130050.0000
27205,130050.0000
27206,130050.0000
27207,130050.0000
27208,130050.0000
27209,130050.0000
27210,130050.0000
27211,130050.0000
27212,130050.0000
27213,130050.0000
27214,130050.0000
27215,130050.0000
27216,130050.0000
27217,130050.0000
27218,130050.0000
27219,130050.0000
27220,130050.0000
27221,130050.0000
27222,130050.0000
27223,130050.0000
27224,130050.0000
27225,130050.0000
27226,130050.0000
27227,130050.0000
27228,130050.0000
27229,130050.0000
27230,130050.0000
27231,130050.0000
27232,130050.0000
27233,130050.0000
27234,130050.0000
27235,130050.0000
27236,130050.0000
27237,130050.0000
27238,130050.0000
27239,130050.0000
27240,130050.0000
27241,130050.0000
27242,130050.0000
27243,130050.0000
27244,130050.0000
27245,130050.0000
27246,130050.0000
27247,130050.0000
27248,130050.0000
27249,130050.0000
27250,130050.0000
27251,130050.0000
27252,130050.0000
27253,130050.0000
27254,130050.0000
27255,130050.0000
27256,130050.0000
27257,130050.0000
27258,130050.0000
27259,130050.0000
27260,130050.0000
27261,130050.0000
27262,130050.0000
27263,130050.0000
27264,130050.0000
27265,130050.0000
27266,130050.0000
27267,130050.0000
27268,130050.0000
27269,130050.0000
27270,130050.0000
27271,130050.0000
27272,130050.0000
27273,130050.0000
27274,130050.0000
27275,130050.0000
27276,130050.0000
27277,130050.0000
27278,130050.0000
27279,130050.0000
27280,130050.0000
27281,130050.0000
27282,130050.0000
27283,130050.0000
27284,130050.0000
27285,130050.0000
27286,130050.0000
27287,130050.0000
27288,130050.0000
27289,130050.0000
27290,130050.0000
27291,130050.0000
27292,130050.0000
27293,130050.0000
27294,130050.0000
27295,130050.0000
27296,130050.0000
27297,130050.0000
27298,130050.0000
27299,130050.0000
27300,130050.0000
27301,130050.0000
27302,130050.0000
27303,130050.0000
27304,130050.0000
27305,130050.0000
27306,130050.0000
27307,130050.0000
27308,130050.0000
27309,130050.0000
27310,130050.0000
27311,130050.0000
27312,130050.0000
27313,130050.0000
27314,130050.0000
27315,130050.0000
27316,130050.0000
27317,130050.0000
27318,130050.0000
27319,130050.0000
27320,130050.0000
27321,130050.0000
27322,130050.0000
27323,130050.0000
27324,130050.0000
27325,130050.0000
27326,130050.0000
27327,130050.0000
27328,130050.0000
27329,130050.0000
27330,130050.0000
27331,130050.0000
27332,130050.0000
27333,130050.0000
27334,130050.0000
27335,130050.0000
27336,130050.0000
27337,130050.0000
27338,130050.0000
27339,130050.0000
27340,130050.0000
27341,130050.0000
27342,130050.0000
27343,130050.0000
27344,130050.0000
27345,130050.0000
27346,130050.0000
27347,130050.0000
27348,130050.0000
27349,130050.0000
27350,130050.0000
27351,130050.0000
27352,130050.0000
27353,130050.0000
27354,130050.0000
27355,130050.0000
27356,130050.0000
27357,130050.0000
27358,130050.0000
27359,130050.0000
27360,130050.0000
27361,130050.0000
27362,130050.0000
27363,130050.0000
27364,130050.0000
27365,130050.0000
27366,130050.0000
27367,130050.0000
27368,130050.0000
27369,130050.0000
27370,130050.0000
27371,130050.0000
27372,130050.0000
27373,130050.0000
27374,130050.0000
27375,130050.0000
27376,130050.0000
27377,130050.0000
27378,130050.0000
27379,130050.0000
27380,130050.0000
27381,130050.0000
27382,130050.0000
27383,130050.0000
27384,130050.0000
27385,130050.0000
27386,130050.0000
27387,130050.0000
27388,130050.0000
27389,130050.0000
27390,130050.0000
27391,130050.0000
27392,130050.0000
27393,130050.0000
27394,130050.0000
27395,130050.0000
27396,130050.0000
27397,130050.0000
27398,130050.0000
27399,130050.0000
27400,130050.0000
27401,130050.0000
27402,130050.0000
27403,130050.0000
27404,130050.0000
27405,130050.0000
27406,130050.0000
27407,130050.0000
27408,130050.0000
27409,130050.0000
27410,130050.0000
27411,130050.0000
27412,130050.0000
27413,130050.0000
27414,130050.0000
27415,130050.0000
27416,130050.0000
27417,130050.0000
27418,130050.0000
27419,130050.0000
27420,130050.0000
27421,130050.0000
27422,130050.0000
27423,130050.0000
27424,130050.0000
27425,130050.0000
27426,130050.0000
27427,130050.0000
27428,130050.0000
27429,130050.0000
27430,130050.0000
27431,130050.0000
27432,130050.0000
27433,130050.0000
27434,130050.0000
27435,130050.0000
27436,130050.0000
27437,130050.0000
27438,130050.0000
27439,130050.0000
27440,130050.0000
27441,130050.0000
27442,130050.0000
27443,130050.0000
27444,130050.0000
27445,130050.0000
27446,130050.0000
27447,130050.0000
27448,130050.0000
27449,130050.0000
27450,130050.0000
27451,130050.0000
27452,130050.0000
27453,130050.0000
27454,130050.0000
27455,130050.0000
27456,130050.0000
27457,130050.0000
27458,130050.0000
27459,130050.0000
27460,130050.0000
27461,130050.0000
27462,130050.0000
27463,130050.0000
27464,130050.0000
27465,130050.0000
27466,130050.0000
27467,130050.0000
27468,130050.0000
27469,130050.0000
27470,130050.0000
27471,130050.0000
27472,130050.0000
27473,130050.0000
27474,130050.0000
27475,130050.0000
27476,130050.0000
27477,130050.0000
27478,130050.0000
27479,130050.0000
27480,130050.0000
27481,130050.0000
27482,130050.0000
27483,130050.0000
27484,130050.0000
27485,130050.0000
27486,130050.0000
27487,130050.0000
27488,130050.0000
27489,130050.0000
27490,130050.0000
27491,130050.0000
27492,130050.0000
27493,130050.0000
27494,130050.0000
27495,130050.0000
27496,130050.0000
27497,130050.0000
27498,130050.0000
27499,130050.0000
27500,130050.0000
27501,130050.0000
27502,130050.0000
27503,130050.0000
27504,130050.0000
27505,130050.0000
27506,130050.0000
27507,130050.0000
27508,130050.0000
27509,130050.0000
27510,130050.0000
27511,130050.0000
27512,130050.0000
27513,130050.0000
27514,130050.0000
27515,130050.0000
27516,130050.0000
27517,130050.0000
27518,130050.0000
27519,130050.0000
27520,130050.0000
27521,130050.0000
27522,130050.0000
27523,130050.0000
27524,130050.0000
27525,130050.0000
27526,130050.0000
27527,130050.0000
27528,130050.0000
27529,130050.0000
27530,130050.0000
27531,130050.0000
27532,130050.0000
27533,130050.0000
27534,130050.0000
27535,130050.0000
27536,130050.0000
27537,130050.0000
27538,130050.0000
27539,130050.0000
27540,130050.0000
27541,130050.0000
27542,130050.0000
27543,130050.0000
27544,130050.0000
27545,130050.0000
27546,130050.0000
27547,130050.0000
27548,130050.0000
27549,130050.0000
27550,130050.0000
27551,130050.0000
27552,130050.0000
27553,130050.0000
27554,130050.0000
27555,130050.0000
27556,130050.0000
27557,130050.0000
27558,130050.0000
27559,130050.0000
27560,130050.0000
27561,130050.0000
27562,130050.0000
27563,130050.0000
27564,130050.0000
27565,130050.0000
27566,130050.0000
27567,130050.0000
27568,130050.0000
27569,130050.0000
27570,130050.0000
27571,130050.0000
27572,130050.0000
27573,130050.0000
27574,130050.0000
27575,130050.0000
27576,130050.0000
27577,130050.0000
27578,130050.0000
27579,130050.0000
27580,130050.0000
27581,130050.0000
27582,130050.0000
27583,130050.0000
27584,130050.0000
27585,130050.0000
27586,130050.0000
27587,130050.0000
27588,130050.0000
27589,130050.0000
27590,130050.0000
27591,130050.0000
27592,130050.0000
27593,130050.0000
27594,130050.0000
27595,130050.0000
27596,130050.0000
27597,130050.0000
27598,130050.0000
27599,130050.0000
27600,130050.0000
27601,130050.0000
27602,130050.0000
27603,130050.0000
27604,130050.0000
27605,130050.0000
27606,130050.0000
27607,130050.0000
27608,130050.0000
27609,130050.0000
27610,130050.0000
27611,130050.0000
27612,130050.0000
27613,130050.0000
27614,130050.0000
27615,130050.0000
27616,130050.0000
27617,130050.0000
27618,130050.0000
27619,130050.0000
27620,130050.0000
27621,130050.0000
27622,130050.0000
27623,130050.0000
27624,130050.0000
27625,130050.0000
27626,130050.0000
27627,130050.0000
27628,130050.0000
27629,130050.0000
27630,130050.0000
27631,130050.0000
27632,130050.0000
27633,130050.0000
27634,130050.0000
27635,130050.0000
27636,130050.0000
27637,130050.0000
27638,130050.0000
27639,130050.0000
27640,130050.0000
27641,130050.0000
27642,130050.0000
27643,130050.0000
27644,130050.0000
27645,130050.0000
27646,130050.0000
27647,130050.0000
27648,130050.0000
27649,130050.0000
27650,130050.0000
27651,130050.0000
27652,130050.0000
27653,130050.0000
27654,130050.0000
27655,130050.0000
27656,130050.0000
27657,130050.0000
27658,130050.0000
27659,130050.0000
27660,130050.0000
27661,130050.0000
27662,130050.0000
27663,130050.0000
27664,130050.0000
27665,130050.0000
27666,130050.0000
27667,130050.0000
27668,130050.0000
27669,130050.0000
27670,130050.0000
27671,130050.0000
27672,130050.0000
27673,130050.0000
27674,130050.0000
27675,130050.0000
27676,130050.0000
27677,130050.0000
27678,130050.0000
27679,130050.0000
27680,130050.0000
27681,130050.0000
27682,130050.0000
27683,130050.0000
27684,130050.0000
27685,130050.0000
27686,130050.0000
27687,130050.0000
27688,130050.0000
27689,130050.0000
27690,130050.0000
27691,130050.0000
27692,130050.0000
27693,130050.0000
27694,130050.0000
27695,130050.0000
27696,130050.0000
27697,130050.0000
27698,130050.0000
27699,130050.0000
27700,130050.0000
27701,130050.0000
27702,130050.0000
27703,130050.0000
27704,130050.0000
27705,130050.0000
27706,130050.0000
27707,130050.0000
27708,130050.0000
27709,130050.0000
27710,130050.0000
27711,130050.0000
27712,130050.0000
27713,130050.0000
27714,130050.0000
27715,130050.0000
27716,130050.0000
27717,130050.0000
27718,130050.0000
27719,130050.0000
27720,130050.0000
27721,130050.0000
27722,130050.0000
27723,130050.0000
27724,130050.0000
27725,130050.0000
27726,130050.0000
27727,130050.0000
27728,130050.0000
27729,130050.0000
27730,130050.0000
27731,130050.0000
27732,130050.0000
27733,130050.0000
27734,130050.0000
27735,130050.0000
27736,130050.0000
27737,130050.0000
27738,130050.0000
27739,130050.0000
27740,130050.0000
27741,130050.0000
27742,130050.0000
27743,130050.0000
27744,130050.0000
27745,130050.0000
27746,130050.0000
27747,130050.0000
27748,130050.0000
27749,130050.0000
27750,130050.0000
27751,130050.0000
27752,130050.0000
27753,130050.0000
27754,130050.0000
27755,130050.0000
27756,130050.0000
27757,130050.0000
27758,130050.0000
27759,130050.0000
27760,130050.0000
27761,130050.0000
27762,130050.0000
27763,130050.0000
27764,130050.0000
27765,130050.0000
27766,130050.0000
27767,130050.0000
27768,130050.0000
27769,130050.0000
27770,130050.0000
27771,130050.0000
27772,130050.0000
27773,130050.0000
27774,130050.0000
27775,130050.0000
27776,130050.0000
27777,130050.0000
27778,130050.0000
27779,130050.0000
27780,130050.0000
27781,130050.0000
27782,130050.0000
27783,130050.0000
27784,130050.0000
27785,130050.0000
27786,130050.0000
27787,130050.0000
27788,130050.0000
27789,130050.0000
27790,130050.0000
27791,130050.0000
27792,130050.0000
27793,130050.0000
27794,130050.0000
27795,130050.0000
27796,130050.0000
27797,130050.0000
27798,130050.0000
27799,130050.0000
27800,130050.0000
27801,130050.0000
27802,130050.0000
27803,130050.0000
27804,130050.0000
27805,130050.0000
27806,130050.0000
27807,130050.0000
27808,130050.0000
27809,130050.0000
27810,130050.0000
27811,130050.0000
27812,130050.0000
27813,130050.0000
27814,130050.0000
27815,130050.0000
27816,130050.0000
27817,130050.0000
27818,130050.0000
27819,130050.0000
27820,130050.0000
27821,130050.0000
27822,130050.0000
27823,130050.0000
27824,130050.0000
27825,130050.0000
27826,130050.0000
27827,130050.0000
27828,130050.0000
27829,130050.0000
27830,130050.0000
27831,130050.0000
27832,130050.0000
27833,130050.0000
27834,130050.0000
27835,130050.0000
27836,130050.0000
27837,130050.0000
27838,130050.0000
27839,130050.0000
27840,130050.0000
27841,130050.0000
27842,130050.0000
27843,130050.0000
27844,130050.0000
27845,130050.0000
27846,130050.0000
27847,130050.0000
27848,130050.0000
27849,130050.0000
27850,130050.0000
27851,130050.0000
27852,130050.0000
27853,130050.0000
27854,130050.0000
27855,130050.0000
27856,130050.0000
27857,130050.0000
27858,130050.0000
27859,130050.0000
27860,130050.0000
27861,130050.0000
27862,130050.0000
27863,130050.0000
27864,130050.0000
27865,130050.0000
27866,130050.0000
27867,130050.0000
27868,130050.0000
27869,130050.0000
27870,130050.0000
27871,130050.0000
27872,130050.0000
27873,130050.0000
27874,130050.0000
27875,130050.0000
27876,130050.0000
27877,130050.0000
27878,130050.0000
27879,130050.0000
27880,130050.0000
27881,130050.0000
27882,130050.0000
27883,130050.0000
27884,130050.0000
27885,130050.0000
27886,130050.0000
27887,130050.0000
27888,130050.0000
27889,130050.0000
27890,130050.0000
27891,130050.0000
27892,130050.0000
27893,130050.0000
27894,130050.0000
27895,130050.0000
27896,130050.0000
27897,130050.0000
27898,130050.0000
27899,130050.0000
27900,130050.0000
27901,130050.0000
27902,130050.0000
27903,130050.0000
27904,130050.0000
27905,130050.0000
27906,130050.0000
27907,130050.0000
27908,130050.0000
27909,130050.0000
27910,130050.0000
27911,130050.0000
27912,130050.0000
27913,130050.0000
27914,130050.0000
27915,130050.0000
27916,130050.0000
27917,130050.0000
27918,130050.0000
27919,130050.0000
27920,130050.0000
27921,130050.0000
27922,130050.0000
27923,130050.0000
27924,130050.0000
27925,130050.0000
27926,130050.0000
27927,130050.0000
27928,130050.0000
27929,130050.0000
27930,130050.0000
27931,130050.0000
27932,130050.0000
27933,130050.0000
27934,130050.0000
27935,130050.0000
27936,130050.0000
27937,130050.0000
27938,130050.0000
27939,130050.0000
27940,130050.0000
27941,130050.0000
27942,130050.0000
27943,130050.0000
27944,130050.0000
27945,130050.0000
27946,130050.0000
27947,130050.0000
27948,130050.0000
27949,130050.0000
27950,130050.0000
27951,130050.0000
27952,130050.0000
27953,130050.0000
27954,130050.0000
27955,130050.0000
27956,130050.0000
27957,130050.0000
27958,130050.0000
27959,130050.0000
27960,130050.0000
27961,130050.0000
27962,130050.0000
27963,130050.0000
27964,130050.0000
27965,130050.0000
27966,130050.0000
27967,130050.0000
27968,130050.0000
27969,130050.0000
27970,130050.0000
27971,130050.0000
27972,130050.0000
27973,130050.0000
27974,130050.0000
27975,130050.0000
27976,130050.0000
27977,130050.0000
27978,130050.0000
27979,130050.0000
27980,130050.0000
27981,130050.0000
27982,130050.0000
27983,130050.0000
27984,130050.0000
27985,130050.0000
27986,130050.0000
27987,130050.0000
27988,130050.0000
27989,130050.0000
27990,130050.0000
27991,130050.0000
27992,130050.0000
27993,130050.0000
27994,130050.0000
27995,130050.0000
27996,130050.0000
27997,130050.0000
27998,130050.0000
27999,130050.0000
28000,130050.0000
28001,130050.0000
28002,130050.0000
28003,130050.0000
28004,130050.0000
28005,130050.0000
28006,130050.0000
28007,130050.0000
28008,130050.0000
28009,130050.0000
28010,130050.0000
28011,130050.0000
28012,130050.0000
28013,130050.0000
28014,130050.0000
28015,130050.0000
28016,130050.0000
28017,130050.0000
28018,130050.0000
28019,130050.0000
28020,130050.0000
28021,130050.0000
28022,130050.0000
28023,130050.0000
28024,130050.0000
28025,130050.0000
28026,130050.0000
28027,130050.0000
28028,130050.0000
28029,130050.0000
28030,130050.0000
28031,130050.0000
28032,130050.0000
28033,130050.0000
28034,130050.0000
28035,130050.0000
28036,130050.0000
28037,130050.0000
28038,130050.0000
28039,130050.0000
28040,130050.0000
28041,130050.0000
28042,130050.0000
28043,130050.0000
28044,130050.0000
28045,130050.0000
28046,130050.0000
28047,130050.0000
28048,130050.0000
28049,130050.0000
28050,130050.0000
28051,130050.0000
28052,130050.0000
28053,130050.0000
28054,130050.0000
28055,130050.0000
28056,130050.0000
28057,130050.0000
28058,130050.0000
28059,130050.0000
28060,130050.0000
28061,130050.0000
28062,130050.0000
28063,130050.0000
28064,130050.0000
28065,130050.0000
28066,130050.0000
28067,130050.0000
28068,130050.0000
28069,130050.0000
28070,130050.0000
28071,130050.0000
28072,130050.0000
28073,130050.0000
28074,130050.0000
28075,130050.0000
28076,130050.0000
28077,130050.0000
28078,130050.0000
28079,130050.0000
28080,130050.0000
28081,130050.0000
28082,130050.0000
28083,130050.0000
28084,130050.0000
28085,130050.0000
28086,130050.0000
28087,130050.0000
28088,130050.0000
28089,130050.0000
28090,130050.0000
28091,130050.0000
28092,130050.0000
28093,130050.0000
28094,130050.0000
28095,130050.0000
28096,130050.0000
28097,130050.0000
28098,130050.0000
28099,130050.0000
28100,130050.0000
28101,130050.0000
28102,130050.0000
28103,130050.0000
28104,130050.0000
28105,130050.0000
28106,130050.0000
28107,130050.0000
28108,130050.0000
28109,130050.0000
28110,130050.0000
28111,130050.0000
28112,130050.0000
28113,130050.0000
28114,130050.0000
28115,130050.0000
28116,130050.0000
28117,130050.0000
28118,130050.0000
28119,130050.0000
28120,130050.0000
28121,130050.0000
28122,130050.0000
28123,130050.0000
28124,130050.0000
28125,130050.0000
28126,130050.0000
28127,130050.0000
28128,130050.0000
28129,130050.0000
28130,130050.0000
28131,130050.0000
28132,130050.0000
28133,130050.0000
28134,130050.0000
28135,130050.0000
28136,130050.0000
28137,130050.0000
28138,130050.0000
28139,130050.0000
28140,130050.0000
28141,130050.0000
28142,130050.0000
28143,130050.0000
28144,130050.0000
28145,130050.0000
28146,130050.0000
28147,130050.0000
28148,130050.0000
28149,130050.0000
28150,130050.0000
28151,130050.0000
28152,130050.0000
28153,130050.0000
28154,130050.0000
28155,130050.0000
28156,130050.0000
28157,130050.0000
28158,130050.0000
28159,130050.0000
28160,130050.0000
28161,130050.0000
28162,130050.0000
28163,130050.0000
28164,130050.0000
28165,130050.0000
28166,130050.0000
28167,130050.0000
28168,130050.0000
28169,130050.0000
28170,130050.0000
28171,130050.0000
28172,130050.0000
28173,130050.0000
28174,130050.0000
28175,130050.0000
28176,130050.0000
28177,130050.0000
28178,130050.0000
28179,130050.0000
28180,130050.0000
28181,130050.0000
28182,130050.0000
28183,130050.0000
28184,130050.0000
28185,130050.0000
28186,130050.0000
28187,130050.0000
28188,130050.0000
28189,130050.0000
28190,130050.0000
28191,130050.0000
28192,130050.0000
28193,130050.0000
28194,130050.0000
28195,130050.0000
28196,130050.0000
28197,130050.0000
28198,130050.0000
28199,130050.0000
28200,130050.0000
28201,130050.0000
28202,130050.0000
28203,130050.0000
28204,130050.0000
28205,130050.0000
28206,130050.0000
28207,130050.0000
28208,130050.0000
28209,130050.0000
28210,130050.0000
28211,130050.0000
28212,130050.0000
28213,130050.0000
28214,130050.0000
28215,130050.0000
28216,130050.0000
28217,130050.0000
28218,130050.0000
28219,130050.0000
28220,130050.0000
28221,130050.0000
28222,130050.0000
28223,130050.0000
28224,130050.0000
28225,130050.0000
28226,130050.0000
28227,130050.0000
28228,130050.0000
28229,130050.0000
28230,130050.0000
28231,130050.0000
28232,130050.0000
28233,130050.0000
28234,130050.0000
28235,130050.0000
28236,130050.0000
28237,130050.0000
28238,130050.0000
28239,130050.0000
28240,130050.0000
28241,130050.0000
28242,130050.0000
28243,130050.0000
28244,130050.0000
28245,130050.0000
28246,130050.0000
28247,130050.0000
28248,130050.0000
28249,130050.0000
28250,130050.0000
28251,130050.0000
28252,130050.0000
28253,130050.0000
28254,130050.0000
28255,130050.0000
28256,130050.0000
28257,130050.0000
28258,130050.0000
28259,130050.0000
28260,130050.0000
28261,130050.0000
28262,130050.0000
28263,130050.0000
28264,130050.0000
28265,130050.0000
28266,130050.0000
28267,130050.0000
28268,130050.0000
28269,130050.0000
28270,130050.0000
28271,130050.0000
28272,130050.0000
28273,130050.0000
28274,130050.0000
28275,130050.0000
28276,130050.0000
28277,130050.0000
28278,130050.0000
28279,130050.0000
28280,130050.0000
28281,130050.0000
28282,130050.0000
28283,130050.0000
28284,130050.0000
28285,130050.0000
28286,130050.0000
28287,130050.0000
28288,130050.0000
28289,130050.0000
28290,130050.0000
28291,130050.0000
28292,130050.0000
28293,130050.0000
28294,130050.0000
28295,130050.0000
28296,130050.0000
28297,130050.0000
28298,130050.0000
28299,130050.0000
28300,130050.0000
28301,130050.0000
28302,130050.0000
28303,130050.0000
28304,130050.0000
28305,130050.0000
28306,130050.0000
28307,130050.0000
28308,130050.0000
28309,130050.0000
28310,130050.0000
28311,130050.0000
28312,130050.0000
28313,130050.0000
28314,130050.0000
28315,130050.0000
28316,130050.0000
28317,130050.0000
28318,130050.0000
28319,130050.0000
28320,130050.0000
28321,130050.0000
28322,130050.0000
28323,130050.0000
28324,130050.0000
28325,130050.0000
28326,130050.0000
28327,130050.0000
28328,130050.0000
28329,130050.0000
28330,130050.0000
28331,130050.0000
28332,130050.0000
28333,130050.0000
28334,130050.0000
28335,130050.0000
28336,130050.0000
28337,130050.0000
28338,130050.0000
28339,130050.0000
28340,130050.0000
28341,130050.0000
28342,130050.0000
28343,130050.0000
28344,130050.0000
28345,130050.0000
28346,130050.0000
28347,130050.0000
28348,130050.0000
28349,130050.0000
28350,130050.0000
28351,130050.0000
28352,130050.0000
28353,130050.0000
28354,130050.0000
28355,130050.0000
28356,130050.0000
28357,130050.0000
28358,130050.0000
28359,130050.0000
28360,130050.0000
28361,130050.0000
28362,130050.0000
28363,130050.0000
28364,130050.0000
28365,130050.0000
28366,130050.0000
28367,130050.0000
28368,130050.0000
28369,130050.0000
28370,130050.0000
28371,130050.0000
28372,130050.0000
28373,130050.0000
28374,130050.0000
28375,130050.0000
28376,130050.0000
28377,130050.0000
28378,130050.0000
28379,130050.0000
28380,130050.0000
28381,130050.0000
28382,130050.0000
28383,130050.0000
28384,130050.0000
28385,130050.0000
28386,130050.0000
28387,130050.0000
28388,130050.0000
28389,130050.0000
28390,130050.0000
28391,130050.0000
28392,130050.0000
28393,130050.0000
28394,130050.0000
28395,130050.0000
28396,130050.0000
28397,130050.0000
28398,130050.0000
28399,130050.0000
28400,130050.0000
28401,130050.0000
28402,130050.0000
28403,130050.0000
28404,130050.0000
28405,130050.0000
28406,130050.0000
28407,130050.0000
28408,130050.0000
28409,130050.0000
28410,130050.0000
28411,130050.0000
28412,130050.0000
28413,130050.0000
28414,130050.0000
28415,130050.0000
28416,130050.0000
28417,130050.0000
28418,130050.0000
28419,130050.0000
28420,130050.0000
28421,130050.0000
28422,130050.0000
28423,130050.0000
28424,130050.0000
28425,130050.0000
28426,130050.0000
28427,130050.0000
28428,130050.0000
28429,130050.0000
28430,130050.0000
28431,130050.0000
28432,130050.0000
28433,130050.0000
28434,130050.0000
28435,130050.0000
28436,130050.0000
28437,130050.0000
28438,130050.0000
28439,130050.0000
28440,130050.0000
28441,130050.0000
28442,130050.0000
28443,130050.0000
28444,130050.0000
28445,130050.0000
28446,130050.0000
28447,130050.0000
28448,130050.0000
28449,130050.0000
28450,130050.0000
28451,130050.0000
28452,130050.0000
28453,130050.0000
28454,130050.0000
28455,130050.0000
28456,130050.0000
28457,130050.0000
28458,130050.0000
28459,130050.0000
28460,130050.0000
28461,130050.0000
28462,130050.0000
28463,130050.0000
28464,130050.0000
28465,130050.0000
28466,130050.0000
28467,130050.0000
28468,130050.0000
28469,130050.0000
28470,130050.0000
28471,130050.0000
28472,130050.0000
28473,130050.0000
28474,130050.0000
28475,130050.0000
28476,130050.0000
28477,130050.0000
28478,130050.0000
28479,130050.0000
28480,130050.0000
28481,130050.0000
28482,130050.0000
28483,130050.0000
28484,130050.0000
28485,130050.0000
28486,130050.0000
28487,130050.0000
28488,130050.0000
28489,130050.0000
28490,130050.0000
28491,130050.0000
28492,130050.0000
28493,130050.0000
28494,130050.0000
28495,130050.0000
28496,130050.0000
28497,130050.0000
28498,130050.0000
28499,130050.0000
28500,130050.0000
28501,130050.0000
28502,130050.0000
28503,130050.0000
28504,130050.0000
28505,130050.0000
28506,130050.0000
28507,130050.0000
28508,130050.0000
28509,130050.0000
28510,130050.0000
28511,130050.0000
28512,130050.0000
28513,130050.0000
28514,130050.0000
28515,130050.0000
28516,130050.0000
28517,130050.0000
28518,130050.0000
28519,130050.0000
28520,130050.0000
28521,130050.0000
28522,130050.0000
28523,130050.0000
28524,130050.0000
28525,130050.0000
28526,130050.0000
28527,130050.0000
28528,130050.0000
28529,130050.0000
28530,130050.0000
28531,130050.0000
28532,130050.0000
28533,130050.0000
28534,130050.0000
28535,130050.0000
28536,130050.0000
28537,130050.0000
28538,130050.0000
28539,130050.0000
28540,130050.0000
28541,130050.0000
28542,130050.0000
28543,130050.0000
28544,130050.0000
28545,130050.0000
28546,130050.0000
28547,130050.0000
28548,130050.0000
28549,130050.0000
28550,130050.0000
28551,130050.0000
28552,130050.0000
28553,130050.0000
28554,130050.0000
28555,130050.0000
28556,130050.0000
28557,130050.0000
28558,130050.0000
28559,130050.0000
28560,130050.0000
28561,130050.0000
28562,130050.0000
28563,130050.0000
28564,130050.0000
28565,130050.0000
28566,130050.0000
28567,130050.0000
28568,130050.0000
28569,130050.0000
28570,130050.0000
28571,130050.0000
28572,130050.0000
28573,130050.0000
28574,130050.0000
28575,130050.0000
28576,130050.0000
28577,130050.0000
28578,130050.0000
28579,130050.0000
28580,130050.0000
28581,130050.0000
28582,130050.0000
28583,130050.0000
28584,130050.0000
28585,130050.0000
28586,130050.0000
28587,130050.0000
28588,130050.0000
28589,130050.0000
28590,130050.0000
28591,130050.0000
28592,130050.0000
28593,130050.0000
28594,130050.0000
28595,130050.0000
28596,130050.0000
28597,130050.0000
28598,130050.0000
28599,130050.0000
28600,130050.0000
28601,130050.0000
28602,130050.0000
28603,130050.0000
28604,130050.0000
28605,130050.0000
28606,130050.0000
28607,130050.0000
28608,130050.0000
28609,130050.0000
28610,130050.0000
28611,130050.0000
28612,130050.0000
28613,130050.0000
28614,130050.0000
28615,130050.0000
28616,130050.0000
28617,130050.0000
28618,130050.0000
28619,130050.0000
28620,130050.0000
28621,130050.0000
28622,130050.0000
28623,130050.0000
28624,130050.0000
28625,130050.0000
28626,130050.0000
28627,130050.0000
28628,130050.0000
28629,130050.0000
28630,130050.0000
28631,130050.0000
28632,130050.0000
28633,130050.0000
28634,130050.0000
28635,130050.0000
28636,130050.0000
28637,130050.0000
28638,130050.0000
28639,130050.0000
28640,130050.0000
28641,130050.0000
28642,130050.0000
28643,130050.0000
28644,130050.0000
28645,130050.0000
28646,130050.0000
28647,130050.0000
28648,130050.0000
28649,130050.0000
28650,130050.0000
28651,130050.0000
28652,130050.0000
28653,130050.0000
28654,130050.0000
28655,130050.0000
28656,130050.0000
28657,130050.0000
28658,130050.0000
28659,130050.0000
28660,130050.0000
28661,130050.0000
28662,130050.0000
28663,130050.0000
28664,130050.0000
28665,130050.0000
28666,130050.0000
28667,130050.0000
28668,130050.0000
28669,130050.0000
28670,130050.0000
28671,130050.0000
28672,130050.0000
28673,130050.0000
28674,130050.0000
28675,130050.0000
28676,130050.0000
28677,130050.0000
28678,130050.0000
28679,130050.0000
28680,130050.0000
28681,130050.0000
28682,130050.0000
28683,130050.0000
28684,130050.0000
28685,130050.0000
28686,130050.0000
28687,130050.0000
28688,130050.0000
28689,130050.0000
28690,130050.0000
28691,130050.0000
28692,130050.0000
28693,130050.0000
28694,130050.0000
28695,130050.0000
28696,130050.0000
28697,130050.0000
28698,130050.0000
28699,130050.0000
28700,130050.0000
28701,130050.0000
28702,130050.0000
28703,130050.0000
28704,130050.0000
28705,130050.0000
28706,130050.0000
28707,130050.0000
28708,130050.0000
28709,130050.0000
28710,130050.0000
28711,130050.0000
28712,130050.0000
28713,130050.0000
28714,130050.0000
28715,130050.0000
28716,130050.0000
28717,130050.0000
28718,130050.0000
28719,130050.0000
28720,130050.0000
28721,130050.0000
28722,130050.0000
28723,130050.0000
28724,130050.0000
28725,130050.0000
28726,130050.0000
28727,130050.0000
28728,130050.0000
28729,130050.0000
28730,130050.0000
28731,130050.0000
28732,130050.0000
28733,130050.0000
28734,130050.0000
28735,130050.0000
28736,130050.0000
28737,130050.0000
28738,130050.0000
28739,130050.0000
28740,130050.0000
28741,130050.0000
28742,130050.0000
28743,130050.0000
28744,130050.0000
28745,130050.0000
28746,130050.0000
28747,130050.0000
28748,130050.0000
28749,130050.0000
28750,130050.0000
28751,130050.0000
28752,130050.0000
28753,130050.0000
28754,130050.0000
28755,130050.0000
28756,130050.0000
28757,130050.0000
28758,130050.0000
28759,130050.0000
28760,130050.0000
28761,130050.0000
28762,130050.0000
28763,130050.0000
28764,130050.0000
28765,130050.0000
28766,130050.0000
28767,130050.0000
28768,130050.0000
28769,130050.0000
28770,130050.0000
28771,130050.0000
28772,130050.0000
28773,130050.0000
28774,130050.0000
28775,130050.0000
28776,130050.0000
28777,130050.0000
28778,130050.0000
28779,130050.0000
28780,130050.0000
28781,130050.0000
28782,130050.0000
28783,130050.0000
28784,130050.0000
28785,130050.0000
28786,130050.0000
28787,130050.0000
28788,130050.0000
28789,130050.0000
28790,130050.0000
28791,130050.0000
28792,130050.0000
28793,130050.0000
28794,130050.0000
28795,130050.0000
28796,130050.0000
28797,130050.0000
28798,130050.0000
28799,130050.0000
28800,130050.0000
28801,130050.0000
28802,130050.0000
28803,130050.0000
28804,130050.0000
28805,130050.0000
28806,130050.0000
28807,130050.0000
28808,130050.0000
28809,130050.0000
28810,130050.0000
28811,130050.0000
28812,130050.0000
28813,130050.0000
28814,130050.0000
28815,130050.0000
28816,130050.0000
28817,130050.0000
28818,130050.0000
28819,130050.0000
28820,130050.0000
28821,130050.0000
28822,130050.0000
28823,130050.0000
28824,130050.0000
28825,130050.0000
28826,130050.0000
28827,130050.0000
28828,130050.0000
28829,130050.0000
28830,130050.0000
28831,130050.0000
28832,130050.0000
28833,130050.0000
28834,130050.0000
28835,130050.0000
28836,130050.0000
28837,130050.0000
28838,130050.0000
28839,130050.0000
28840,130050.0000
28841,130050.0000
28842,130050.0000
28843,130050.0000
28844,130050.0000
28845,130050.0000
28846,130050.0000
28847,130050.0000
28848,130050.0000
28849,130050.0000
28850,130050.0000
28851,130050.0000
28852,130050.0000
28853,130050.0000
28854,130050.0000
28855,130050.0000
28856,130050.0000
28857,130050.0000
28858,130050.0000
28859,130050.0000
28860,130050.0000
28861,130050.0000
28862,130050.0000
28863,130050.0000
28864,130050.0000
28865,130050.0000
28866,130050.0000
28867,130050.0000
28868,130050.0000
28869,130050.0000
28870,130050.0000
28871,130050.0000
28872,130050.0000
28873,130050.0000
28874,130050.0000
28875,130050.0000
28876,130050.0000
28877,130050.0000
28878,130050.0000
28879,130050.0000
28880,130050.0000
28881,130050.0000
28882,130050.0000
28883,130050.0000
28884,130050.0000
28885,130050.0000
28886,130050.0000
28887,130050.0000
28888,130050.0000
28889,130050.0000
28890,130050.0000
28891,130050.0000
28892,130050.0000
28893,130050.0000
28894,130050.0000
28895,130050.0000
28896,130050.0000
28897,130050.0000
28898,130050.0000
28899,130050.0000
28900,130050.0000
28901,130050.0000
28902,130050.0000
28903,130050.0000
28904,130050.0000
28905,130050.0000
28906,130050.0000
28907,130050.0000
28908,130050.0000
28909,130050.0000
28910,130050.0000
28911,130050.0000
28912,130050.0000
28913,130050.0000
28914,130050.0000
28915,130050.0000
28916,130050.0000
28917,130050.0000
28918,130050.0000
28919,130050.0000
28920,130050.0000
28921,130050.0000
28922,130050.0000
28923,130050.0000
28924,130050.0000
28925,130050.0000
28926,130050.0000
28927,130050.0000
28928,130050.0000
28929,130050.0000
28930,130050.0000
28931,130050.0000
28932,130050.0000
28933,130050.0000
28934,130050.0000
28935,130050.0000
28936,130050.0000
28937,130050.0000
28938,130050.0000
28939,130050.0000
28940,130050.0000
28941,130050.0000
28942,130050.0000
28943,130050.0000
28944,130050.0000
28945,130050.0000
28946,130050.0000
28947,130050.0000
28948,130050.0000
28949,130050.0000
28950,130050.0000
28951,130050.0000
28952,130050.0000
28953,130050.0000
28954,130050.0000
28955,130050.0000
28956,130050.0000
28957,130050.0000
28958,130050.0000
28959,130050.0000
28960,130050.0000
28961,130050.0000
28962,130050.0000
28963,130050.0000
28964,130050.0000
28965,130050.0000
28966,130050.0000
28967,130050.0000
28968,130050.0000
28969,130050.0000
28970,130050.0000
28971,130050.0000
28972,130050.0000
28973,130050.0000
28974,130050.0000
28975,130050.0000
28976,130050.0000
28977,130050.0000
28978,130050.0000
28979,130050.0000
28980,130050.0000
28981,130050.0000
28982,130050.0000
28983,130050.0000
28984,130050.0000
28985,130050.0000
28986,130050.0000
28987,130050.0000
28988,130050.0000
28989,130050.0000
28990,130050.0000
28991,130050.0000
28992,130050.0000
28993,130050.0000
28994,130050.0000
28995,130050.0000
28996,130050.0000
28997,130050.0000
28998,130050.0000
28999,130050.0000
29000,130050.0000
29001,130050.0000
29002,130050.0000
29003,130050.0000
29004,130050.0000
29005,130050.0000
29006,130050.0000
29007,130050.0000
29008,130050.0000
29009,130050.0000
29010,130050.0000
29011,130050.0000
29012,130050.0000
29013,130050.0000
29014,130050.0000
29015,130050.0000
29016,130050.0000
29017,130050.0000
29018,130050.0000
29019,130050.0000
29020,130050.0000
29021,130050.0000
29022,130050.0000
29023,130050.0000
29024,130050.0000
29025,130050.0000
29026,130050.0000
29027,130050.0000
29028,130050.0000
29029,130050.0000
29030,130050.0000
29031,130050.0000
29032,130050.0000
29033,130050.0000
29034,130050.0000
29035,130050.0000
29036,130050.0000
29037,130050.0000
29038,130050.0000
29039,130050.0000
29040,130050.0000
29041,130050.0000
29042,130050.0000
29043,130050.0000
29044,130050.0000
29045,130050.0000
29046,130050.0000
29047,130050.0000
29048,130050.0000
29049,130050.0000
29050,130050.0000
29051,130050.0000
29052,130050.0000
29053,130050.0000
29054,130050.0000
29055,130050.0000
29056,130050.0000
29057,130050.0000
29058,130050.0000
29059,130050.0000
29060,130050.0000
29061,130050.0000
29062,130050.0000
29063,130050.0000
29064,130050.0000
29065,130050.0000
29066,130050.0000
29067,130050.0000
29068,130050.0000
29069,130050.0000
29070,130050.0000
29071,130050.0000
29072,130050.0000
29073,130050.0000
29074,130050.0000
29075,130050.0000
29076,130050.0000
29077,130050.0000
29078,130050.0000
29079,130050.0000
29080,130050.0000
29081,130050.0000
29082,130050.0000
29083,130050.0000
29084,130050.0000
29085,130050.0000
29086,130050.0000
29087,130050.0000
29088,130050.0000
29089,130050.0000
29090,130050.0000
29091,130050.0000
29092,130050.0000
29093,130050.0000
29094,130050.0000
29095,130050.0000
29096,130050.0000
29097,130050.0000
29098,130050.0000
29099,130050.0000
29100,130050.0000
29101,130050.0000
29102,130050.0000
29103,130050.0000
29104,130050.0000
29105,130050.0000
29106,130050.0000
29107,130050.0000
29108,130050.0000
29109,130050.0000
29110,130050.0000
29111,130050.0000
29112,130050.0000
29113,130050.0000
29114,130050.0000
29115,130050.0000
29116,130050.0000
29117,130050.0000
29118,130050.0000
29119,130050.0000
29120,130050.0000
29121,130050.0000
29122,130050.0000
29123,130050.0000
29124,130050.0000
29125,130050.0000
29126,130050.0000
29127,130050.0000
29128,130050.0000
29129,130050.0000
29130,130050.0000
29131,130050.0000
29132,130050.0000
29133,130050.0000
29134,130050.0000
29135,130050.0000
29136,130050.0000
29137,130050.0000
29138,130050.0000
29139,130050.0000
29140,130050.0000
29141,130050.0000
29142,130050.0000
29143,130050.0000
29144,130050.0000
29145,130050.0000
29146,130050.0000
29147,130050.0000
29148,130050.0000
29149,130050.0000
29150,130050.0000
29151,130050.0000
29152,130050.0000
29153,130050.0000
29154,130050.0000
29155,130050.0000
29156,130050.0000
29157,130050.0000
29158,130050.0000
29159,130050.0000
29160,130050.0000
29161,130050.0000
29162,130050.0000
29163,130050.0000
29164,130050.0000
29165,130050.0000
29166,130050.0000
29167,130050.0000
29168,130050.0000
29169,130050.0000
29170,130050.0000
29171,130050.0000
29172,130050.0000
29173,130050.0000
29174,130050.0000
29175,130050.0000
29176,130050.0000
29177,130050.0000
29178,130050.0000
29179,130050.0000
29180,130050.0000
29181,130050.0000
29182,130050.0000
29183,130050.0000
29184,130050.0000
29185,130050.0000
29186,130050.0000
29187,130050.0000
29188,130050.0000
29189,130050.0000
29190,130050.0000
29191,130050.0000
29192,130050.0000
29193,130050.0000
29194,130050.0000
29195,130050.0000
29196,130050.0000
29197,130050.0000
29198,130050.0000
29199,130050.0000
29200,130050.0000
29201,130050.0000
29202,130050.0000
29203,130050.0000
29204,130050.0000
29205,130050.0000
29206,130050.0000
29207,130050.0000
29208,130050.0000
29209,130050.0000
29210,130050.0000
29211,130050.0000
29212,130050.0000
29213,130050.0000
29214,130050.0000
29215,130050.0000
29216,130050.0000
29217,130050.0000
29218,130050.0000
29219,130050.0000
29220,130050.0000
29221,130050.0000
29222,130050.0000
29223,130050.0000
29224,130050.0000
29225,130050.0000
29226,130050.0000
29227,130050.0000
29228,130050.0000
29229,130050.0000
29230,130050.0000
29231,130050.0000
29232,130050.0000
29233,130050.0000
29234,130050.0000
29235,130050.0000
29236,130050.0000
29237,130050.0000
29238,130050.0000
29239,130050.0000
29240,130050.0000
29241,130050.0000
29242,130050.0000
29243,130050.0000
29244,130050.0000
29245,130050.0000
29246,130050.0000
29247,130050.0000
29248,130050.0000
29249,130050.0000
29250,130050.0000
29251,130050.0000
29252,130050.0000
29253,130050.0000
29254,130050.0000
29255,130050.0000
29256,130050.0000
29257,130050.0000
29258,130050.0000
29259,130050.0000
29260,130050.0000
29261,130050.0000
29262,130050.0000
29263,130050.0000
29264,130050.0000
29265,130050.0000
29266,130050.0000
29267,130050.0000
29268,130050.0000
29269,130050.0000
29270,130050.0000
29271,130050.0000
29272,130050.0000
29273,130050.0000
29274,130050.0000
29275,130050.0000
29276,130050.0000
29277,130050.0000
29278,130050.0000
29279,130050.0000
29280,130050.0000
29281,130050.0000
29282,130050.0000
29283,130050.0000
29284,130050.0000
29285,130050.0000
29286,130050.0000
29287,130050.0000
29288,130050.0000
29289,130050.0000
29290,130050.0000
29291,130050.0000
29292,130050.0000
29293,130050.0000
29294,130050.0000
29295,130050.0000
29296,130050.0000
29297,130050.0000
29298,130050.0000
29299,130050.0000
29300,130050.0000
29301,130050.0000
29302,130050.0000
29303,130050.0000
29304,130050.0000
29305,130050.0000
29306,130050.0000
29307,130050.0000
29308,130050.0000
29309,130050.0000
29310,130050.0000
29311,130050.0000
29312,130050.0000
29313,130050.0000
29314,130050.0000
29315,130050.0000
29316,130050.0000
29317,130050.0000
29318,130050.0000
29319,130050.0000
29320,130050.0000
29321,130050.0000
29322,130050.0000
29323,130050.0000
29324,130050.0000
29325,130050.0000
29326,130050.0000
29327,130050.0000
29328,130050.0000
29329,130050.0000
29330,130050.0000
29331,130050.0000
29332,130050.0000
29333,130050.0000
29334,130050.0000
29335,130050.0000
29336,130050.0000
29337,130050.0000
29338,130050.0000
29339,130050.0000
29340,130050.0000
29341,130050.0000
29342,130050.0000
29343,130050.0000
29344,130050.0000
29345,130050.0000
29346,130050.0000
29347,130050.0000
29348,130050.0000
29349,130050.0000
29350,130050.0000
29351,130050.0000
29352,130050.0000
29353,130050.0000
29354,130050.0000
29355,130050.0000
29356,130050.0000
29357,130050.0000
29358,130050.0000
29359,130050.0000
29360,130050.0000
29361,130050.0000
29362,130050.0000
29363,130050.0000
29364,130050.0000
29365,130050.0000
29366,130050.0000
29367,130050.0000
29368,130050.0000
29369,130050.0000
29370,130050.0000
29371,130050.0000
29372,130050.0000
29373,130050.0000
29374,130050.0000
29375,130050.0000
29376,130050.0000
29377,130050.0000
29378,130050.0000
29379,130050.0000
29380,130050.0000
29381,130050.0000
29382,130050.0000
29383,130050.0000
29384,130050.0000
29385,130050.0000
29386,130050.0000
29387,130050.0000
29388,130050.0000
29389,130050.0000
29390,130050.0000
29391,130050.0000
29392,130050.0000
29393,130050.0000
29394,130050.0000
29395,130050.0000
29396,130050.0000
29397,130050.0000
29398,130050.0000
29399,130050.0000
29400,130050.0000
29401,130050.0000
29402,130050.0000
29403,130050.0000
29404,130050.0000
29405,130050.0000
29406,130050.0000
29407,130050.0000
29408,130050.0000
29409,130050.0000
29410,130050.0000
29411,130050.0000
29412,130050.0000
29413,130050.0000
29414,130050.0000
29415,130050.0000
29416,130050.0000
29417,130050.0000
29418,130050.0000
29419,130050.0000
29420,130050.0000
29421,130050.0000
29422,130050.0000
29423,130050.0000
29424,130050.0000
29425,130050.0000
29426,130050.0000
29427,130050.0000
29428,130050.0000
29429,130050.0000
29430,130050.0000
29431,130050.0000
29432,130050.0000
29433,130050.0000
29434,130050.0000
29435,130050.0000
29436,130050.0000
29437,130050.0000
29438,130050.0000
29439,130050.0000
29440,130050.0000
29441,130050.0000
29442,130050.0000
29443,130050.0000
29444,130050.0000
29445,130050.0000
29446,130050.0000
29447,130050.0000
29448,130050.0000
29449,130050.0000
29450,130050.0000
29451,130050.0000
29452,130050.0000
29453,130050.0000
29454,130050.0000
29455,130050.0000
29456,130050.0000
29457,130050.0000
29458,130050.0000
29459,130050.0000
29460,130050.0000
29461,130050.0000
29462,130050.0000
29463,130050.0000
29464,130050.0000
29465,130050.0000
29466,130050.0000
29467,130050.0000
29468,130050.0000
29469,130050.0000
29470,130050.0000
29471,130050.0000
29472,130050.0000
29473,130050.0000
29474,130050.0000
29475,130050.0000
29476,130050.0000
29477,130050.0000
29478,130050.0000
29479,130050.0000
29480,130050.0000
29481,130050.0000
29482,130050.0000
29483,130050.0000
29484,130050.0000
29485,130050.0000
29486,130050.0000
29487,130050.0000
29488,130050.0000
29489,130050.0000
29490,130050.0000
29491,130050.0000
29492,130050.0000
29493,130050.0000
29494,130050.0000
29495,130050.0000
29496,130050.0000
29497,130050.0000
29498,130050.0000
29499,130050.0000
29500,130050.0000
29501,130050.0000
29502,130050.0000
29503,130050.0000
29504,130050.0000
29505,130050.0000
29506,130050.0000
29507,130050.0000
29508,130050.0000
29509,130050.0000
29510,130050.0000
29511,130050.0000
29512,130050.0000
29513,130050.0000
29514,130050.0000
29515,130050.0000
29516,130050.0000
29517,130050.0000
29518,130050.0000
29519,130050.0000
29520,130050.0000
29521,130050.0000
29522,130050.0000
29523,130050.0000
29524,130050.0000
29525,130050.0000
29526,130050.0000
29527,130050.0000
29528,130050.0000
29529,130050.0000
29530,130050.0000
29531,130050.0000
29532,130050.0000
29533,130050.0000
29534,130050.0000
29535,130050.0000
29536,130050.0000
29537,130050.0000
29538,130050.0000
29539,130050.0000
29540,130050.0000
29541,130050.0000
29542,130050.0000
29543,130050.0000
29544,130050.0000
29545,130050.0000
29546,130050.0000
29547,130050.0000
29548,130050.0000
29549,130050.0000
29550,130050.0000
29551,130050.0000
29552,130050.0000
29553,130050.0000
29554,130050.0000
29555,130050.0000
29556,130050.0000
29557,130050.0000
29558,130050.0000
29559,130050.0000
29560,130050.0000
29561,130050.0000
29562,130050.0000
29563,130050.0000
29564,130050.0000
29565,130050.0000
29566,130050.0000
29567,130050.0000
29568,130050.0000
29569,130050.0000
29570,130050.0000
29571,130050.0000
29572,130050.0000
29573,130050.0000
29574,130050.0000
29575,130050.0000
29576,130050.0000
29577,130050.0000
29578,130050.0000
29579,130050.0000
29580,130050.0000
29581,130050.0000
29582,130050.0000
29583,130050.0000
29584,130050.0000
29585,130050.0000
29586,130050.0000
29587,130050.0000
29588,130050.0000
29589,130050.0000
29590,130050.0000
29591,130050.0000
29592,130050.0000
29593,130050.0000
29594,130050.0000
29595,130050.0000
29596,130050.0000
29597,130050.0000
29598,130050.0000
29599,130050.0000
29600,130050.0000
29601,130050.0000
29602,130050.0000
29603,130050.0000
29604,130050.0000
29605,130050.0000
29606,130050.0000
29607,130050.0000
29608,130050.0000
29609,130050.0000
29610,130050.0000
29611,130050.0000
29612,130050.0000
29613,130050.0000
29614,130050.0000
29615,130050.0000
29616,130050.0000
29617,130050.0000
29618,130050.0000
29619,130050.0000
29620,130050.0000
29621,130050.0000
29622,130050.0000
29623,130050.0000
29624,130050.0000
29625,130050.0000
29626,130050.0000
29627,130050.0000
29628,130050.0000
29629,130050.0000
29630,130050.0000
29631,130050.0000
29632,130050.0000
29633,130050.0000
29634,130050.0000
29635,130050.0000
29636,130050.0000
29637,130050.0000
29638,130050.0000
29639,130050.0000
29640,130050.0000
29641,130050.0000
29642,130050.0000
29643,130050.0000
29644,130050.0000
29645,130050.0000
29646,130050.0000
29647,130050.0000
29648,130050.0000
29649,130050.0000
29650,130050.0000
29651,130050.0000
29652,130050.0000
29653,130050.0000
29654,130050.0000
29655,130050.0000
29656,130050.0000
29657,130050.0000
29658,130050.0000
29659,130050.0000
29660,130050.0000
29661,130050.0000
29662,130050.0000
29663,130050.0000
29664,130050.0000
29665,130050.0000
29666,130050.0000
29667,130050.0000
29668,130050.0000
29669,130050.0000
29670,130050.0000
29671,130050.0000
29672,130050.0000
29673,130050.0000
29674,130050.0000
29675,130050.0000
29676,130050.0000
29677,130050.0000
29678,130050.0000
29679,130050.0000
29680,130050.0000
29681,130050.0000
29682,130050.0000
29683,130050.0000
29684,130050.0000
29685,130050.0000
29686,130050.0000
29687,130050.0000
29688,130050.0000
29689,130050.0000
29690,130050.0000
29691,130050.0000
29692,130050.0000
29693,130050.0000
29694,130050.0000
29695,130050.0000
29696,130050.0000
29697,130050.0000
29698,130050.0000
29699,130050.0000
29700,130050.0000
29701,130050.0000
29702,130050.0000
29703,130050.0000
29704,130050.0000
29705,130050.0000
29706,130050.0000
29707,130050.0000
29708,130050.0000
29709,130050.0000
29710,130050.0000
29711,130050.0000
29712,130050.0000
29713,130050.0000
29714,130050.0000
29715,130050.0000
29716,130050.0000
29717,130050.0000
29718,130050.0000
29719,130050.0000
29720,130050.0000
29721,130050.0000
29722,130050.0000
29723,130050.0000
29724,130050.0000
29725,130050.0000
29726,130050.0000
29727,130050.0000
29728,130050.0000
29729,130050.0000
29730,130050.0000
29731,130050.0000
29732,130050.0000
29733,130050.0000
29734,130050.0000
29735,130050.0000
29736,130050.0000
29737,130050.0000
29738,130050.0000
29739,130050.0000
29740,130050.0000
29741,130050.0000
29742,130050.0000
29743,130050.0000
29744,130050.0000
29745,130050.0000
29746,130050.0000
29747,130050.0000
29748,130050.0000
29749,130050.0000
29750,130050.0000
29751,130050.0000
29752,130050.0000
29753,130050.0000
29754,130050.0000
29755,130050.0000
29756,130050.0000
29757,130050.0000
29758,130050.0000
29759,130050.0000
29760,130050.0000
29761,130050.0000
29762,130050.0000
29763,130050.0000
29764,130050.0000
29765,130050.0000
29766,130050.0000
29767,130050.0000
29768,130050.0000
29769,130050.0000
29770,130050.0000
29771,130050.0000
29772,130050.0000
29773,130050.0000
29774,130050.0000
29775,130050.0000
29776,130050.0000
29777,130050.0000
29778,130050.0000
29779,130050.0000
29780,130050.0000
29781,130050.0000
29782,130050.0000
29783,130050.0000
29784,130050.0000
29785,130050.0000
29786,130050.0000
29787,130050.0000
29788,130050.0000
29789,130050.0000
29790,130050.0000
29791,130050.0000
29792,130050.0000
29793,130050.0000
29794,130050.0000
29795,130050.0000
29796,130050.0000
29797,130050.0000
29798,130050.0000
29799,130050.0000
29800,130050.0000
29801,130050.0000
29802,130050.0000
29803,130050.0000
29804,130050.0000
29805,130050.0000
29806,130050.0000
29807,130050.0000
29808,130050.0000
29809,130050.0000
29810,130050.0000
29811,130050.0000
29812,130050.0000
29813,130050.0000
29814,130050.0000
29815,130050.0000
29816,130050.0000
29817,130050.0000
29818,130050.0000
29819,130050.0000
29820,130050.0000
29821,130050.0000
29822,130050.0000
29823,130050.0000
29824,130050.0000
29825,130050.0000
29826,130050.0000
29827,130050.0000
29828,130050.0000
29829,130050.0000
29830,130050.0000
29831,130050.0000
29832,130050.0000
29833,130050.0000
29834,130050.0000
29835,130050.0000
29836,130050.0000
29837,130050.0000
29838,130050.0000
29839,130050.0000
29840,130050.0000
29841,130050.0000
29842,130050.0000
29843,130050.0000
29844,130050.0000
29845,130050.0000
29846,130050.0000
29847,130050.0000
29848,130050.0000
29849,130050.0000
29850,130050.0000
29851,130050.0000
29852,130050.0000
29853,130050.0000
29854,130050.0000
29855,130050.0000
29856,130050.0000
29857,130050.0000
29858,130050.0000
29859,130050.0000
29860,130050.0000
29861,130050.0000
29862,130050.0000
29863,130050.0000
29864,130050.0000
29865,130050.0000
29866,130050.0000
29867,130050.0000
29868,130050.0000
29869,130050.0000
29870,130050.0000
29871,130050.0000
29872,130050.0000
29873,130050.0000
29874,130050.0000
29875,130050.0000
29876,130050.0000
29877,130050.0000
29878,130050.0000
29879,130050.0000
29880,130050.0000
29881,130050.0000
29882,130050.0000
29883,130050.0000
29884,130050.0000
29885,130050.0000
29886,130050.0000
29887,130050.0000
29888,130050.0000
29889,130050.0000
29890,130050.0000
29891,130050.0000
29892,130050.0000
29893,130050.0000
29894,130050.0000
29895,130050.0000
29896,130050.0000
29897,130050.0000
29898,130050.0000
29899,130050.0000
29900,130050.0000
29901,130050.0000
29902,130050.0000
29903,130050.0000
29904,130050.0000
29905,130050.0000
29906,130050.0000
29907,130050.0000
29908,130050.0000
29909,130050.0000
29910,130050.0000
29911,130050.0000
29912,130050.0000
29913,130050.0000
29914,130050.0000
29915,130050.0000
29916,130050.0000
29917,130050.0000
29918,130050.0000
29919,130050.0000
29920,130050.0000
29921,130050.0000
29922,130050.0000
29923,130050.0000
29924,130050.0000
29925,130050.0000
29926,130050.0000
29927,130050.0000
29928,130050.0000
29929,130050.0000
29930,130050.0000
29931,130050.0000
29932,130050.0000
29933,130050.0000
29934,130050.0000
29935,130050.0000
29936,130050.0000
29937,130050.0000
29938,130050.0000
29939,130050.0000
29940,130050.0000
29941,130050.0000
29942,130050.0000
29943,130050.0000
29944,130050.0000
29945,130050.0000
29946,130050.0000
29947,130050.0000
29948,130050.0000
29949,130050.0000
29950,130050.0000
29951,130050.0000
29952,130050.0000
29953,130050.0000
29954,130050.0000
29955,130050.0000
29956,130050.0000
29957,130050.0000
29958,130050.0000
29959,130050.0000
29960,130050.0000
29961,130050.0000
29962,130050.0000
29963,130050.0000
29964,130050.0000
29965,130050.0000
29966,130050.0000
29967,130050.0000
29968,130050.0000
29969,130050.0000
29970,130050.0000
29971,130050.0000
29972,130050.0000
29973,130050.0000
29974,130050.0000
29975,130050.0000
29976,130050.0000
29977,130050.0000
29978,130050.0000
29979,130050.0000
29980,130050.0000
29981,130050.0000
29982,130050.0000
29983,130050.0000
29984,130050.0000
29985,130050.0000
29986,130050.0000
29987,130050.0000
29988,130050.0000
29989,130050.0000
29990,130050.0000
29991,130050.0000
29992,130050.0000
29993,130050.0000
29994,130050.0000
29995,130050.0000
29996,130050.0000
29997,130050.0000
29998,130050.0000
29999,130050.0000
30000,130050.0000
30001,130050.0000
30002,130050.0000
30003,130050.0000
30004,130050.0000
30005,130050.0000
30006,130050.0000
30007,130050.0000
30008,130050.0000
30009,130050.0000
30010,130050.0000
30011,130050.0000
30012,130050.0000
30013,130050.0000
30014,130050.0000
30015,130050.0000
30016,130050.0000
30017,130050.0000
30018,130050.0000
30019,130050.0000
30020,130050.0000
30021,130050.0000
30022,130050.0000
30023,130050.0000
30024,130050.0000
30025,130050.0000
30026,130050.0000
30027,130050.0000
30028,130050.0000
30029,130050.0000
30030,130050.0000
30031,130050.0000
30032,130050.0000
30033,130050.0000
30034,130050.0000
30035,130050.0000
30036,130050.0000
30037,130050.0000
30038,130050.0000
30039,130050.0000
30040,130050.0000
30041,130050.0000
30042,130050.0000
30043,130050.0000
30044,130050.0000
30045,130050.0000
30046,130050.0000
30047,130050.0000
30048,130050.0000
30049,130050.0000
30050,130050.0000
30051,130050.0000
30052,130050.0000
30053,130050.0000
30054,130050.0000
30055,130050.0000
30056,130050.0000
30057,130050.0000
30058,130050.0000
30059,130050.0000
30060,130050.0000
30061,130050.0000
30062,130050.0000
30063,130050.0000
30064,130050.0000
30065,130050.0000
30066,130050.0000
30067,130050.0000
30068,130050.0000
30069,130050.0000
30070,130050.0000
30071,130050.0000
30072,130050.0000
30073,130050.0000
30074,130050.0000
30075,130050.0000
30076,130050.0000
30077,130050.0000
30078,130050.0000
30079,130050.0000
30080,130050.0000
30081,130050.0000
30082,130050.0000
30083,130050.0000
30084,130050.0000
30085,130050.0000
30086,130050.0000
30087,130050.0000
30088,130050.0000
30089,130050.0000
30090,130050.0000
30091,130050.0000
30092,130050.0000
30093,130050.0000
30094,130050.0000
30095,130050.0000
30096,130050.0000
30097,130050.0000
30098,130050.0000
30099,130050.0000
30100,130050.0000
30101,130050.0000
30102,130050.0000
30103,130050.0000
30104,130050.0000
30105,130050.0000
30106,130050.0000
30107,130050.0000
30108,130050.0000
30109,130050.0000
30110,130050.0000
30111,130050.0000
30112,130050.0000
30113,130050.0000
30114,130050.0000
30115,130050.0000
30116,130050.0000
30117,130050.0000
30118,130050.0000
30119,130050.0000
30120,130050.0000
30121,130050.0000
30122,130050.0000
30123,130050.0000
30124,130050.0000
30125,130050.0000
30126,130050.0000
30127,130050.0000
30128,130050.0000
30129,130050.0000
30130,130050.0000
30131,130050.0000
30132,130050.0000
30133,130050.0000
30134,130050.0000
30135,130050.0000
30136,130050.0000
30137,130050.0000
30138,130050.0000
30139,130050.0000
30140,130050.0000
30141,130050.0000
30142,130050.0000
30143,130050.0000
30144,130050.0000
30145,130050.0000
30146,130050.0000
30147,130050.0000
30148,130050.0000
30149,130050.0000
30150,130050.0000
30151,130050.0000
30152,130050.0000
30153,130050.0000
30154,130050.0000
30155,130050.0000
30156,130050.0000
30157,130050.0000
30158,130050.0000
30159,130050.0000
30160,130050.0000
30161,130050.0000
30162,130050.0000
30163,130050.0000
30164,130050.0000
30165,130050.0000
30166,130050.0000
30167,130050.0000
30168,130050.0000
30169,130050.0000
30170,130050.0000
30171,130050.0000
30172,130050.0000
30173,130050.0000
30174,130050.0000
30175,130050.0000
30176,130050.0000
30177,130050.0000
30178,130050.0000
30179,130050.0000
30180,130050.0000
30181,130050.0000
30182,130050.0000
30183,130050.0000
30184,130050.0000
30185,130050.0000
30186,130050.0000
30187,130050.0000
30188,130050.0000
30189,130050.0000
30190,130050.0000
30191,130050.0000
30192,130050.0000
30193,130050.0000
30194,130050.0000
30195,130050.0000
30196,130050.0000
30197,130050.0000
30198,130050.0000
30199,130050.0000
30200,130050.0000
30201,130050.0000
30202,130050.0000
30203,130050.0000
30204,130050.0000
30205,130050.0000
30206,130050.0000
30207,130050.0000
30208,130050.0000
30209,130050.0000
30210,130050.0000
30211,130050.0000
30212,130050.0000
30213,130050.0000
30214,130050.0000
30215,130050.0000
30216,130050.0000
30217,130050.0000
30218,130050.0000
30219,130050.0000
30220,130050.0000
30221,130050.0000
30222,130050.0000
30223,130050.0000
30224,130050.0000
30225,130050.0000
30226,130050.0000
30227,130050.0000
30228,130050.0000
30229,130050.0000
30230,130050.0000
30231,130050.0000
30232,130050.0000
30233,130050.0000
30234,130050.0000
30235,130050.0000
30236,130050.0000
30237,130050.0000
30238,130050.0000
30239,130050.0000
30240,130050.0000
30241,130050.0000
30242,130050.0000
30243,130050.0000
30244,130050.0000
30245,130050.0000
30246,130050.0000
30247,130050.0000
30248,130050.0000
30249,130050.0000
30250,130050.0000
30251,130050.0000
30252,130050.0000
30253,130050.0000
30254,130050.0000
30255,130050.0000
30256,130050.0000
30257,130050.0000
30258,130050.0000
30259,130050.0000
30260,130050.0000
30261,130050.0000
30262,130050.0000
30263,130050.0000
30264,130050.0000
30265,130050.0000
30266,130050.0000
30267,130050.0000
30268,130050.0000
30269,130050.0000
30270,130050.0000
30271,130050.0000
30272,130050.0000
30273,130050.0000
30274,130050.0000
30275,130050.0000
30276,130050.0000
30277,130050.0000
30278,130050.0000
30279,130050.0000
30280,130050.0000
30281,130050.0000
30282,130050.0000
30283,130050.0000
30284,130050.0000
30285,130050.0000
30286,130050.0000
30287,130050.0000
30288,130050.0000
30289,130050.0000
30290,130050.0000
30291,130050.0000
30292,130050.0000
30293,130050.0000
30294,130050.0000
30295,130050.0000
30296,130050.0000
30297,130050.0000
30298,130050.0000
30299,130050.0000
30300,130050.0000
30301,130050.0000
30302,130050.0000
30303,130050.0000
30304,130050.0000
30305,130050.0000
30306,130050.0000
30307,130050.0000
30308,130050.0000
30309,130050.0000
30310,130050.0000
30311,130050.0000
30312,130050.0000
30313,130050.0000
30314,130050.0000
30315,130050.0000
30316,130050.0000
30317,130050.0000
30318,130050.0000
30319,130050.0000
30320,130050.0000
30321,130050.0000
30322,130050.0000
30323,130050.0000
30324,130050.0000
30325,130050.0000
30326,130050.0000
30327,130050.0000
30328,130050.0000
30329,130050.0000
30330,130050.0000
30331,130050.0000
30332,130050.0000
30333,130050.0000
30334,130050.0000
30335,130050.0000
30336,130050.0000
30337,130050.0000
30338,130050.0000
30339,130050.0000
30340,130050.0000
30341,130050.0000
30342,130050.0000
30343,130050.0000
30344,130050.0000
30345,130050.0000
30346,130050.0000
30347,130050.0000
30348,130050.0000
30349,130050.0000
30350,130050.0000
30351,130050.0000
30352,130050.0000
30353,130050.0000
30354,130050.0000
30355,130050.0000
30356,130050.0000
30357,130050.0000
30358,130050.0000
30359,130050.0000
30360,130050.0000
30361,130050.0000
30362,130050.0000
30363,130050.0000
30364,130050.0000
30365,130050.0000
30366,130050.0000
30367,130050.0000
30368,130050.0000
30369,130050.0000
30370,130050.0000
30371,130050.0000
30372,130050.0000
30373,130050.0000
30374,130050.0000
30375,130050.0000
30376,130050.0000
30377,130050.0000
30378,130050.0000
30379,130050.0000
30380,130050.0000
30381,130050.0000
30382,130050.0000
30383,130050.0000
30384,130050.0000
30385,130050.0000
30386,130050.0000
30387,130050.0000
30388,130050.0000
30389,130050.0000
30390,130050.0000
30391,130050.0000
30392,130050.0000
30393,130050.0000
30394,130050.0000
30395,130050.0000
30396,130050.0000
30397,130050.0000
30398,130050.0000
30399,130050.0000
30400,130050.0000
30401,130050.0000
30402,130050.0000
30403,130050.0000
30404,130050.0000
30405,130050.0000
30406,130050.0000
30407,130050.0000
30408,130050.0000
30409,130050.0000
30410,130050.0000
30411,130050.0000
30412,130050.0000
30413,130050.0000
30414,130050.0000
30415,130050.0000
30416,130050.0000
30417,130050.0000
30418,130050.0000
30419,130050.0000
30420,130050.0000
30421,130050.0000
30422,130050.0000
30423,130050.0000
30424,130050.0000
30425,130050.0000
30426,130050.0000
30427,130050.0000
30428,130050.0000
30429,130050.0000
30430,130050.0000
30431,130050.0000
30432,130050.0000
30433,130050.0000
30434,130050.0000
30435,130050.0000
30436,130050.0000
30437,130050.0000
30438,130050.0000
30439,130050.0000
30440,130050.0000
30441,130050.0000
30442,130050.0000
30443,130050.0000
30444,130050.0000
30445,130050.0000
30446,130050.0000
30447,130050.0000
30448,130050.0000
30449,130050.0000
30450,130050.0000
30451,130050.0000
30452,130050.0000
30453,130050.0000
30454,130050.0000
30455,130050.0000
30456,130050.0000
30457,130050.0000
30458,130050.0000
30459,130050.0000
30460,130050.0000
30461,130050.0000
30462,130050.0000
30463,130050.0000
30464,130050.0000
30465,130050.0000
30466,130050.0000
30467,130050.0000
30468,130050.0000
30469,130050.0000
30470,130050.0000
30471,130050.0000
30472,130050.0000
30473,130050.0000
30474,130050.0000
30475,130050.0000
30476,130050.0000
30477,130050.0000
30478,130050.0000
30479,130050.0000
30480,130050.0000
30481,130050.0000
30482,130050.0000
30483,130050.0000
30484,130050.0000
30485,130050.0000
30486,130050.0000
30487,130050.0000
30488,130050.0000
30489,130050.0000
30490,130050.0000
30491,130050.0000
30492,130050.0000
30493,130050.0000
30494,130050.0000
30495,130050.0000
30496,130050.0000
30497,130050.0000
30498,130050.0000
30499,130050.0000
30500,130050.0000
30501,130050.0000
30502,130050.0000
30503,130050.0000
30504,130050.0000
30505,130050.0000
30506,130050.0000
30507,130050.0000
30508,130050.0000
30509,130050.0000
30510,130050.0000
30511,130050.0000
30512,130050.0000
30513,130050.0000
30514,130050.0000
30515,130050.0000
30516,130050.0000
30517,130050.0000
30518,130050.0000
30519,130050.0000
30520,130050.0000
30521,130050.0000
30522,130050.0000
30523,130050.0000
30524,130050.0000
30525,130050.0000
30526,130050.0000
30527,130050.0000
30528,130050.0000
30529,130050.0000
30530,130050.0000
30531,130050.0000
30532,130050.0000
30533,130050.0000
30534,130050.0000
30535,130050.0000
30536,130050.0000
30537,130050.0000
30538,130050.0000
30539,130050.0000
30540,130050.0000
30541,130050.0000
30542,130050.0000
30543,130050.0000
30544,130050.0000
30545,130050.0000
30546,130050.0000
30547,130050.0000
30548,130050.0000
30549,130050.0000
30550,130050.0000
30551,130050.0000
30552,130050.0000
30553,130050.0000
30554,130050.0000
30555,130050.0000
30556,130050.0000
30557,130050.0000
30558,130050.0000
30559,130050.0000
30560,130050.0000
30561,130050.0000
30562,130050.0000
30563,130050.0000
30564,130050.0000
30565,130050.0000
30566,130050.0000
30567,130050.0000
30568,130050.0000
30569,130050.0000
30570,130050.0000
30571,130050.0000
30572,130050.0000
30573,130050.0000
30574,130050.0000
30575,130050.0000
30576,130050.0000
30577,130050.0000
30578,130050.0000
30579,130050.0000
30580,130050.0000
30581,130050.0000
30582,130050.0000
30583,130050.0000
30584,130050.0000
30585,130050.0000
30586,130050.0000
30587,130050.0000
30588,130050.0000
30589,130050.0000
30590,130050.0000
30591,130050.0000
30592,130050.0000
30593,130050.0000
30594,130050.0000
30595,130050.0000
30596,130050.0000
30597,130050.0000
30598,130050.0000
30599,130050.0000
30600,130050.0000
30601,130050.0000
30602,130050.0000
30603,130050.0000
30604,130050.0000
30605,130050.0000
30606,130050.0000
30607,130050.0000
30608,130050.0000
30609,130050.0000
30610,130050.0000
30611,130050.0000
30612,130050.0000
30613,130050.0000
30614,130050.0000
30615,130050.0000
30616,130050.0000
30617,130050.0000
30618,130050.0000
30619,130050.0000
30620,130050.0000
30621,130050.0000
30622,130050.0000
30623,130050.0000
30624,130050.0000
30625,130050.0000
30626,130050.0000
30627,130050.0000
30628,130050.0000
30629,130050.0000
30630,130050.0000
30631,130050.0000
30632,130050.0000
30633,130050.0000
30634,130050.0000
30635,130050.0000
30636,130050.0000
30637,130050.0000
30638,130050.0000
30639,130050.0000
30640,130050.0000
30641,130050.0000
30642,130050.0000
30643,130050.0000
30644,130050.0000
30645,130050.0000
30646,130050.0000
30647,130050.0000
30648,130050.0000
30649,130050.0000
30650,130050.0000
30651,130050.0000
30652,130050.0000
30653,130050.0000
30654,130050.0000
30655,130050.0000
30656,130050.0000
30657,130050.0000
30658,130050.0000
30659,130050.0000
30660,130050.0000
30661,130050.0000
30662,130050.0000
30663,130050.0000
30664,130050.0000
30665,130050.0000
30666,130050.0000
30667,130050.0000
30668,130050.0000
30669,130050.0000
30670,130050.0000
30671,130050.0000
30672,130050.0000
30673,130050.0000
30674,130050.0000
30675,130050.0000
30676,130050.0000
30677,130050.0000
30678,130050.0000
30679,130050.0000
30680,130050.0000
30681,130050.0000
30682,130050.0000
30683,130050.0000
30684,130050.0000
30685,130050.0000
30686,130050.0000
30687,130050.0000
30688,130050.0000
30689,130050.0000
30690,130050.0000
30691,130050.0000
30692,130050.0000
30693,130050.0000
30694,130050.0000
30695,130050.0000
30696,130050.0000
30697,130050.0000
30698,130050.0000
30699,130050.0000
30700,130050.0000
30701,130050.0000
30702,130050.0000
30703,130050.0000
30704,130050.0000
30705,130050.0000
30706,130050.0000
30707,130050.0000
30708,130050.0000
30709,130050.0000
30710,130050.0000
30711,130050.0000
30712,130050.0000
30713,130050.0000
30714,130050.0000
30715,130050.0000
30716,130050.0000
30717,130050.0000
30718,130050.0000
30719,130050.0000
30720,130050.0000
30721,130050.0000
30722,130050.0000
30723,130050.0000
30724,130050.0000
30725,130050.0000
30726,130050.0000
30727,130050.0000
30728,130050.0000
30729,130050.0000
30730,130050.0000
30731,130050.0000
30732,130050.0000
30733,130050.0000
30734,130050.0000
30735,130050.0000
30736,130050.0000
30737,130050.0000
30738,130050.0000
30739,130050.0000
30740,130050.0000
30741,130050.0000
30742,130050.0000
30743,130050.0000
30744,130050.0000
30745,130050.0000
30746,130050.0000
30747,130050.0000
30748,130050.0000
30749,130050.0000
30750,130050.0000
30751,130050.0000
30752,130050.0000
30753,130050.0000
30754,130050.0000
30755,130050.0000
30756,130050.0000
30757,130050.0000
30758,130050.0000
30759,130050.0000
30760,130050.0000
30761,130050.0000
30762,130050.0000
30763,130050.0000
30764,130050.0000
30765,130050.0000
30766,130050.0000
30767,130050.0000
30768,130050.0000
30769,130050.0000
30770,130050.0000
30771,130050.0000
30772,130050.0000
30773,130050.0000
30774,130050.0000
30775,130050.0000
30776,130050.0000
30777,130050.0000
30778,130050.0000
30779,130050.0000
30780,130050.0000
30781,130050.0000
30782,130050.0000
30783,130050.0000
30784,130050.0000
30785,130050.0000
30786,130050.0000
30787,130050.0000
30788,130050.0000
30789,130050.0000
30790,130050.0000
30791,130050.0000
30792,130050.0000
30793,130050.0000
30794,130050.0000
30795,130050.0000
30796,130050.0000
30797,130050.0000
30798,130050.0000
30799,130050.0000
30800,130050.0000
30801,130050.0000
30802,130050.0000
30803,130050.0000
30804,130050.0000
30805,130050.0000
30806,130050.0000
30807,130050.0000
30808,130050.0000
30809,130050.0000
30810,130050.0000
30811,130050.0000
30812,130050.0000
30813,130050.0000
30814,130050.0000
30815,130050.0000
30816,130050.0000
30817,130050.0000
30818,130050.0000
30819,130050.0000
30820,130050.0000
30821,130050.0000
30822,130050.0000
30823,130050.0000
30824,130050.0000
30825,130050.0000
30826,130050.0000
30827,130050.0000
30828,130050.0000
30829,130050.0000
30830,130050.0000
30831,130050.0000
30832,130050.0000
30833,130050.0000
30834,130050.0000
30835,130050.0000
30836,130050.0000
30837,130050.0000
30838,130050.0000
30839,130050.0000
30840,130050.0000
30841,130050.0000
30842,130050.0000
30843,130050.0000
30844,130050.0000
30845,130050.0000
30846,130050.0000
30847,130050.0000
30848,130050.0000
30849,130050.0000
30850,130050.0000
30851,130050.0000
30852,130050.0000
30853,130050.0000
30854,130050.0000
30855,130050.0000
30856,130050.0000
30857,130050.0000
30858,130050.0000
30859,130050.0000
30860,130050.0000
30861,130050.0000
30862,130050.0000
30863,130050.0000
30864,130050.0000
30865,130050.0000
30866,130050.0000
30867,130050.0000
30868,130050.0000
30869,130050.0000
30870,130050.0000
30871,130050.0000
30872,130050.0000
30873,130050.0000
30874,130050.0000
30875,130050.0000
30876,130050.0000
30877,130050.0000
30878,130050.0000
30879,130050.0000
30880,130050.0000
30881,130050.0000
30882,130050.0000
30883,130050.0000
30884,130050.0000
30885,130050.0000
30886,130050.0000
30887,130050.0000
30888,130050.0000
30889,130050.0000
30890,130050.0000
30891,130050.0000
30892,130050.0000
30893,130050.0000
30894,130050.0000
30895,130050.0000
30896,130050.0000
30897,130050.0000
30898,130050.0000
30899,130050.0000
30900,130050.0000
30901,130050.0000
30902,130050.0000
30903,130050.0000
30904,130050.0000
30905,130050.0000
30906,130050.0000
30907,130050.0000
30908,130050.0000
30909,130050.0000
30910,130050.0000
30911,130050.0000
30912,130050.0000
30913,130050.0000
30914,130050.0000
30915,130050.0000
30916,130050.0000
30917,130050.0000
30918,130050.0000
30919,130050.0000
30920,130050.0000
30921,130050.0000
30922,130050.0000
30923,130050.0000
30924,130050.0000
30925,130050.0000
30926,130050.0000
30927,130050.0000
30928,130050.0000
30929,130050.0000
30930,130050.0000
30931,130050.0000
30932,130050.0000
30933,130050.0000
30934,130050.0000
30935,130050.0000
30936,130050.0000
30937,130050.0000
30938,130050.0000
30939,130050.0000
30940,130050.0000
30941,130050.0000
30942,130050.0000
30943,130050.0000
30944,130050.0000
30945,130050.0000
30946,130050.0000
30947,130050.0000
30948,130050.0000
30949,130050.0000
30950,130050.0000
30951,130050.0000
30952,130050.0000
30953,130050.0000
30954,130050.0000
30955,130050.0000
30956,130050.0000
30957,130050.0000
30958,130050.0000
30959,130050.0000
30960,130050.0000
30961,130050.0000
30962,130050.0000
30963,130050.0000
30964,130050.0000
30965,130050.0000
30966,130050.0000
30967,130050.0000
30968,130050.0000
30969,130050.0000
30970,130050.0000
30971,130050.0000
30972,130050.0000
30973,130050.0000
30974,130050.0000
30975,130050.0000
30976,130050.0000
30977,130050.0000
30978,130050.0000
30979,130050.0000
30980,130050.0000
30981,130050.0000
30982,130050.0000
30983,130050.0000
30984,130050.0000
30985,130050.0000
30986,130050.0000
30987,130050.0000
30988,130050.0000
30989,130050.0000
30990,130050.0000
30991,130050.0000
30992,130050.0000
30993,130050.0000
30994,130050.0000
30995,130050.0000
30996,130050.0000
30997,130050.0000
30998,130050.0000
30999,130050.0000
31000,130050.0000
31001,130050.0000
31002,130050.0000
31003,130050.0000
31004,130050.0000
31005,130050.0000
31006,130050.0000
31007,130050.0000
31008,130050.0000
31009,130050.0000
31010,130050.0000
31011,130050.0000
31012,130050.0000
31013,130050.0000
31014,130050.0000
31015,130050.0000
31016,130050.0000
31017,130050.0000
31018,130050.0000
31019,130050.0000
31020,130050.0000
31021,130050.0000
31022,130050.0000
31023,130050.0000
31024,130050.0000
31025,130050.0000
31026,130050.0000
31027,130050.0000
31028,130050.0000
31029,130050.0000
31030,130050.0000
31031,130050.0000
31032,130050.0000
31033,130050.0000
31034,130050.0000
31035,130050.0000
31036,130050.0000
31037,130050.0000
31038,130050.0000
31039,130050.0000
31040,130050.0000
31041,130050.0000
31042,130050.0000
31043,130050.0000
31044,130050.0000
31045,130050.0000
31046,130050.0000
31047,130050.0000
31048,130050.0000
31049,130050.0000
31050,130050.0000
31051,130050.0000
31052,130050.0000
31053,130050.0000
31054,130050.0000
31055,130050.0000
31056,130050.0000
31057,130050.0000
31058,130050.0000
31059,130050.0000
31060,130050.0000
31061,130050.0000
31062,130050.0000
31063,130050.0000
31064,130050.0000
31065,130050.0000
31066,130050.0000
31067,130050.0000
31068,130050.0000
31069,130050.0000
31070,130050.0000
31071,130050.0000
31072,130050.0000
31073,130050.0000
31074,130050.0000
31075,130050.0000
31076,130050.0000
31077,130050.0000
31078,130050.0000
31079,130050.0000
31080,130050.0000
31081,130050.0000
31082,130050.0000
31083,130050.0000
31084,130050.0000
31085,130050.0000
31086,130050.0000
31087,130050.0000
31088,130050.0000
31089,130050.0000
31090,130050.0000
31091,130050.0000
31092,130050.0000
31093,130050.0000
31094,130050.0000
31095,130050.0000
31096,130050.0000
31097,130050.0000
31098,130050.0000
31099,130050.0000
31100,130050.0000
31101,130050.0000
31102,130050.0000
31103,130050.0000
31104,130050.0000
31105,130050.0000
31106,130050.0000
31107,130050.0000
31108,130050.0000
31109,130050.0000
31110,130050.0000
31111,130050.0000
31112,130050.0000
31113,130050.0000
31114,130050.0000
31115,130050.0000
31116,130050.0000
31117,130050.0000
31118,130050.0000
31119,130050.0000
31120,130050.0000
31121,130050.0000
31122,130050.0000
31123,130050.0000
31124,130050.0000
31125,130050.0000
31126,130050.0000
31127,130050.0000
31128,130050.0000
31129,130050.0000
31130,130050.0000
31131,130050.0000
31132,130050.0000
31133,130050.0000
31134,130050.0000
31135,130050.0000
31136,130050.0000
31137,130050.0000
31138,130050.0000
31139,130050.0000
31140,130050.0000
31141,130050.0000
31142,130050.0000
31143,130050.0000
31144,130050.0000
31145,130050.0000
31146,130050.0000
31147,130050.0000
31148,130050.0000
31149,130050.0000
31150,130050.0000
31151,130050.0000
31152,130050.0000
31153,130050.0000
31154,130050.0000
31155,130050.0000
31156,130050.0000
31157,130050.0000
31158,130050.0000
31159,130050.0000
31160,130050.0000
31161,130050.0000
31162,130050.0000
31163,130050.0000
31164,130050.0000
31165,130050.0000
31166,130050.0000
31167,130050.0000
31168,130050.0000
31169,130050.0000
31170,130050.0000
31171,130050.0000
31172,130050.0000
31173,130050.0000
31174,130050.0000
31175,130050.0000
31176,130050.0000
31177,130050.0000
31178,130050.0000
31179,130050.0000
31180,130050.0000
31181,130050.0000
31182,130050.0000
31183,130050.0000
31184,130050.0000
31185,130050.0000
31186,130050.0000
31187,130050.0000
31188,130050.0000
31189,130050.0000
31190,130050.0000
31191,130050.0000
31192,130050.0000
31193,130050.0000
31194,130050.0000
31195,130050.0000
31196,130050.0000
31197,130050.0000
31198,130050.0000
31199,130050.0000
31200,130050.0000
31201,130050.0000
31202,130050.0000
31203,130050.0000
31204,130050.0000
31205,130050.0000
31206,130050.0000
31207,130050.0000
31208,130050.0000
31209,130050.0000
31210,130050.0000
31211,130050.0000
31212,130050.0000
31213,130050.0000
31214,130050.0000
31215,130050.0000
31216,130050.0000
31217,130050.0000
31218,130050.0000
31219,130050.0000
31220,130050.0000
31221,130050.0000
31222,130050.0000
31223,130050.0000
31224,130050.0000
31225,130050.0000
31226,130050.0000
31227,130050.0000
31228,130050.0000
31229,130050.0000
31230,130050.0000
31231,130050.0000
31232,130050.0000
31233,130050.0000
31234,130050.0000
31235,130050.0000
31236,130050.0000
31237,130050.0000
31238,130050.0000
31239,130050.0000
31240,130050.0000
31241,130050.0000
31242,130050.0000
31243,130050.0000
31244,130050.0000
31245,130050.0000
31246,130050.0000
31247,130050.0000
31248,130050.0000
31249,130050.0000
31250,130050.0000
31251,130050.0000
31252,130050.0000
31253,130050.0000
31254,130050.0000
31255,130050.0000
31256,130050.0000
31257,130050.0000
31258,130050.0000
31259,130050.0000
31260,130050.0000
31261,130050.0000
31262,130050.0000
31263,130050.0000
31264,130050.0000
31265,130050.0000
31266,130050.0000
31267,130050.0000
31268,130050.0000
31269,130050.0000
31270,130050.0000
31271,130050.0000
31272,130050.0000
31273,130050.0000
31274,130050.0000
31275,130050.0000
31276,130050.0000
31277,130050.0000
31278,130050.0000
31279,130050.0000
31280,130050.0000
31281,130050.0000
31282,130050.0000
31283,130050.0000
31284,130050.0000
31285,130050.0000
31286,130050.0000
31287,130050.0000
31288,130050.0000
31289,130050.0000
31290,130050.0000
31291,130050.0000
31292,130050.0000
31293,130050.0000
31294,130050.0000
31295,130050.0000
31296,130050.0000
31297,130050.0000
31298,130050.0000
31299,130050.0000
31300,130050.0000
31301,130050.0000
31302,130050.0000
31303,130050.0000
31304,130050.0000
31305,130050.0000
31306,130050.0000
31307,130050.0000
31308,130050.0000
31309,130050.0000
31310,130050.0000
31311,130050.0000
31312,130050.0000
31313,130050.0000
31314,130050.0000
31315,130050.0000
31316,130050.0000
31317,130050.0000
31318,130050.0000
31319,130050.0000
31320,130050.0000
31321,130050.0000
31322,130050.0000
31323,130050.0000
31324,130050.0000
31325,130050.0000
31326,130050.0000
31327,130050.0000
31328,130050.0000
31329,130050.0000
31330,130050.0000
31331,130050.0000
31332,130050.0000
31333,130050.0000
31334,130050.0000
31335,130050.0000
31336,130050.0000
31337,130050.0000
31338,130050.0000
31339,130050.0000
31340,130050.0000
31341,130050.0000
31342,130050.0000
31343,130050.0000
31344,130050.0000
31345,130050.0000
31346,130050.0000
31347,130050.0000
31348,130050.0000
31349,130050.0000
31350,130050.0000
31351,130050.0000
31352,130050.0000
31353,130050.0000
31354,130050.0000
31355,130050.0000
31356,130050.0000
31357,130050.0000
31358,130050.0000
31359,130050.0000
31360,130050.0000
31361,130050.0000
31362,130050.0000
31363,130050.0000
31364,130050.0000
31365,130050.0000
31366,130050.0000
31367,130050.0000
31368,130050.0000
31369,130050.0000
31370,130050.0000
31371,130050.0000
31372,130050.0000
31373,130050.0000
31374,130050.0000
31375,130050.0000
31376,130050.0000
31377,130050.0000
31378,130050.0000
31379,130050.0000
31380,130050.0000
31381,130050.0000
31382,130050.0000
31383,130050.0000
31384,130050.0000
31385,130050.0000
31386,130050.0000
31387,130050.0000
31388,130050.0000
31389,130050.0000
31390,130050.0000
31391,130050.0000
31392,130050.0000
31393,130050.0000
31394,130050.0000
31395,130050.0000
31396,130050.0000
31397,130050.0000
31398,130050.0000
31399,130050.0000
31400,130050.0000
31401,130050.0000
31402,130050.0000
31403,130050.0000
31404,130050.0000
31405,130050.0000
31406,130050.0000
31407,130050.0000
31408,130050.0000
31409,130050.0000
31410,130050.0000
31411,130050.0000
31412,130050.0000
31413,130050.0000
31414,130050.0000
31415,130050.0000
31416,130050.0000
31417,130050.0000
31418,130050.0000
31419,130050.0000
31420,130050.0000
31421,130050.0000
31422,130050.0000
31423,130050.0000
31424,130050.0000
31425,130050.0000
31426,130050.0000
31427,130050.0000
31428,130050.0000
31429,130050.0000
31430,130050.0000
31431,130050.0000
31432,130050.0000
31433,130050.0000
31434,130050.0000
31435,130050.0000
31436,130050.0000
31437,130050.0000
31438,130050.0000
31439,130050.0000
31440,130050.0000
31441,130050.0000
31442,130050.0000
31443,130050.0000
31444,130050.0000
31445,130050.0000
31446,130050.0000
31447,130050.0000
31448,130050.0000
31449,130050.0000
31450,130050.0000
31451,130050.0000
31452,130050.0000
31453,130050.0000
31454,130050.0000
31455,130050.0000
31456,130050.0000
31457,130050.0000
31458,130050.0000
31459,130050.0000
31460,130050.0000
31461,130050.0000
31462,130050.0000
31463,130050.0000
31464,130050.0000
31465,130050.0000
31466,130050.0000
31467,130050.0000
31468,130050.0000
31469,130050.0000
31470,130050.0000
31471,130050.0000
31472,130050.0000
31473,130050.0000
31474,130050.0000
31475,130050.0000
31476,130050.0000
31477,130050.0000
31478,130050.0000
31479,130050.0000
31480,130050.0000
31481,130050.0000
31482,130050.0000
31483,130050.0000
31484,130050.0000
31485,130050.0000
31486,130050.0000
31487,130050.0000
31488,130050.0000
31489,130050.0000
31490,130050.0000
31491,130050.0000
31492,130050.0000
31493,130050.0000
31494,130050.0000
31495,130050.0000
31496,130050.0000
31497,130050.0000
31498,130050.0000
31499,130050.0000
31500,130050.0000
31501,130050.0000
31502,130050.0000
31503,130050.0000
31504,130050.0000
31505,130050.0000
31506,130050.0000
31507,130050.0000
31508,130050.0000
31509,130050.0000
31510,130050.0000
31511,130050.0000
31512,130050.0000
31513,130050.0000
31514,130050.0000
31515,130050.0000
31516,130050.0000
31517,130050.0000
31518,130050.0000
31519,130050.0000
31520,130050.0000
31521,130050.0000
31522,130050.0000
31523,130050.0000
31524,130050.0000
31525,130050.0000
31526,130050.0000
31527,130050.0000
31528,130050.0000
31529,130050.0000
31530,130050.0000
31531,130050.0000
31532,130050.0000
31533,130050.0000
31534,130050.0000
31535,130050.0000
31536,130050.0000
31537,130050.0000
31538,130050.0000
31539,130050.0000
31540,130050.0000
31541,130050.0000
31542,130050.0000
31543,130050.0000
31544,130050.0000
31545,130050.0000
31546,130050.0000
31547,130050.0000
31548,130050.0000
31549,130050.0000
31550,130050.0000
31551,130050.0000
31552,130050.0000
31553,130050.0000
31554,130050.0000
31555,130050.0000
31556,130050.0000
31557,130050.0000
31558,130050.0000
31559,130050.0000
31560,130050.0000
31561,130050.0000
31562,130050.0000
31563,130050.0000
31564,130050.0000
31565,130050.0000
31566,130050.0000
31567,130050.0000
31568,130050.0000
31569,130050.0000
31570,130050.0000
31571,130050.0000
31572,130050.0000
31573,130050.0000
31574,130050.0000
31575,130050.0000
31576,130050.0000
31577,130050.0000
31578,130050.0000
31579,130050.0000
31580,130050.0000
31581,130050.0000
31582,130050.0000
31583,130050.0000
31584,130050.0000
31585,130050.0000
31586,130050.0000
31587,130050.0000
31588,130050.0000
31589,130050.0000
31590,130050.0000
31591,130050.0000
31592,130050.0000
31593,130050.0000
31594,130050.0000
31595,130050.0000
31596,130050.0000
31597,130050.0000
31598,130050.0000
31599,130050.0000
31600,130050.0000
31601,130050.0000
31602,130050.0000
31603,130050.0000
31604,130050.0000
31605,130050.0000
31606,130050.0000
31607,130050.0000
31608,130050.0000
31609,130050.0000
31610,130050.0000
31611,130050.0000
31612,130050.0000
31613,130050.0000
31614,130050.0000
31615,130050.0000
31616,130050.0000
31617,130050.0000
31618,130050.0000
31619,130050.0000
31620,130050.0000
31621,130050.0000
31622,130050.0000
31623,130050.0000
31624,130050.0000
31625,130050.0000
31626,130050.0000
31627,130050.0000
31628,130050.0000
31629,130050.0000
31630,130050.0000
31631,130050.0000
31632,130050.0000
31633,130050.0000
31634,130050.0000
31635,130050.0000
31636,130050.0000
31637,130050.0000
31638,130050.0000
31639,130050.0000
31640,130050.0000
31641,130050.0000
31642,130050.0000
31643,130050.0000
31644,130050.0000
31645,130050.0000
31646,130050.0000
31647,130050.0000
31648,130050.0000
31649,130050.0000
31650,130050.0000
31651,130050.0000
31652,130050.0000
31653,130050.0000
31654,130050.0000
31655,130050.0000
31656,130050.0000
31657,130050.0000
31658,130050.0000
31659,130050.0000
31660,130050.0000
31661,130050.0000
31662,130050.0000
31663,130050.0000
31664,130050.0000
31665,130050.0000
31666,130050.0000
31667,130050.0000
31668,130050.0000
31669,130050.0000
31670,130050.0000
31671,130050.0000
31672,130050.0000
31673,130050.0000
31674,130050.0000
31675,130050.0000
31676,130050.0000
31677,130050.0000
31678,130050.0000
31679,130050.0000
31680,130050.0000
31681,130050.0000
31682,130050.0000
31683,130050.0000
31684,130050.0000
31685,130050.0000
31686,130050.0000
31687,130050.0000
31688,130050.0000
31689,130050.0000
31690,130050.0000
31691,130050.0000
31692,130050.0000
31693,130050.0000
31694,130050.0000
31695,130050.0000
31696,130050.0000
31697,130050.0000
31698,130050.0000
31699,130050.0000
31700,130050.0000
31701,130050.0000
31702,130050.0000
31703,130050.0000
31704,130050.0000
31705,130050.0000
31706,130050.0000
31707,130050.0000
31708,130050.0000
31709,130050.0000
31710,130050.0000
31711,130050.0000
31712,130050.0000
31713,130050.0000
31714,130050.0000
31715,130050.0000
31716,130050.0000
31717,130050.0000
31718,130050.0000
31719,130050.0000
31720,130050.0000
31721,130050.0000
31722,130050.0000
31723,130050.0000
31724,130050.0000
31725,130050.0000
31726,130050.0000
31727,130050.0000
31728,130050.0000
31729,130050.0000
31730,130050.0000
31731,130050.0000
31732,130050.0000
31733,130050.0000
31734,130050.0000
31735,130050.0000
31736,130050.0000
31737,130050.0000
31738,130050.0000
31739,130050.0000
31740,130050.0000
31741,130050.0000
31742,130050.0000
31743,130050.0000
31744,130050.0000
31745,130050.0000
31746,130050.0000
31747,130050.0000
31748,130050.0000
31749,130050.0000
31750,130050.0000
31751,130050.0000
31752,130050.0000
31753,130050.0000
31754,130050.0000
31755,130050.0000
31756,130050.0000
31757,130050.0000
31758,130050.0000
31759,130050.0000
31760,130050.0000
31761,130050.0000
31762,130050.0000
31763,130050.0000
31764,130050.0000
31765,130050.0000
31766,130050.0000
31767,130050.0000
31768,130050.0000
31769,130050.0000
31770,130050.0000
31771,130050.0000
31772,130050.0000
31773,130050.0000
31774,130050.0000
31775,130050.0000
31776,130050.0000
31777,130050.0000
31778,130050.0000
31779,130050.0000
31780,130050.0000
31781,130050.0000
31782,130050.0000
31783,130050.0000
31784,130050.0000
31785,130050.0000
31786,130050.0000
31787,130050.0000
31788,130050.0000
31789,130050.0000
31790,130050.0000
31791,130050.0000
31792,130050.0000
31793,130050.0000
31794,130050.0000
31795,130050.0000
31796,130050.0000
31797,130050.0000
31798,130050.0000
31799,130050.0000
31800,130050.0000
31801,130050.0000
31802,130050.0000
31803,130050.0000
31804,130050.0000
31805,130050.0000
31806,130050.0000
31807,130050.0000
31808,130050.0000
31809,130050.0000
31810,130050.0000
31811,130050.0000
31812,130050.0000
31813,130050.0000
31814,130050.0000
31815,130050.0000
31816,130050.0000
31817,130050.0000
31818,130050.0000
31819,130050.0000
31820,130050.0000
31821,130050.0000
31822,130050.0000
31823,130050.0000
31824,130050.0000
31825,130050.0000
31826,130050.0000
31827,130050.0000
31828,130050.0000
31829,130050.0000
31830,130050.0000
31831,130050.0000
31832,130050.0000
31833,130050.0000
31834,130050.0000
31835,130050.0000
31836,130050.0000
31837,130050.0000
31838,130050.0000
31839,130050.0000
31840,130050.0000
31841,130050.0000
31842,130050.0000
31843,130050.0000
31844,130050.0000
31845,130050.0000
31846,130050.0000
31847,130050.0000
31848,130050.0000
31849,130050.0000
31850,130050.0000
31851,130050.0000
31852,130050.0000
31853,130050.0000
31854,130050.0000
31855,130050.0000
31856,130050.0000
31857,130050.0000
31858,130050.0000
31859,130050.0000
31860,130050.0000
31861,130050.0000
31862,130050.0000
31863,130050.0000
31864,130050.0000
31865,130050.0000
31866,130050.0000
31867,130050.0000
31868,130050.0000
31869,130050.0000
31870,130050.0000
31871,130050.0000
31872,130050.0000
31873,130050.0000
31874,130050.0000
31875,130050.0000
31876,130050.0000
31877,130050.0000
31878,130050.0000
31879,130050.0000
31880,130050.0000
31881,130050.0000
31882,130050.0000
31883,130050.0000
31884,130050.0000
31885,130050.0000
31886,130050.0000
31887,130050.0000
31888,130050.0000
31889,130050.0000
31890,130050.0000
31891,130050.0000
31892,130050.0000
31893,130050.0000
31894,130050.0000
31895,130050.0000
31896,130050.0000
31897,130050.0000
31898,130050.0000
31899,130050.0000
31900,130050.0000
31901,130050.0000
31902,130050.0000
31903,130050.0000
31904,130050.0000
31905,130050.0000
31906,130050.0000
31907,130050.0000
31908,130050.0000
31909,130050.0000
31910,130050.0000
31911,130050.0000
31912,130050.0000
31913,130050.0000
31914,130050.0000
31915,130050.0000
31916,130050.0000
31917,130050.0000
31918,130050.0000
31919,130050.0000
31920,130050.0000
31921,130050.0000
31922,130050.0000
31923,130050.0000
31924,130050.0000
31925,130050.0000
31926,130050.0000
31927,130050.0000
31928,130050.0000
31929,130050.0000
31930,130050.0000
31931,130050.0000
31932,130050.0000
31933,130050.0000
31934,130050.0000
31935,130050.0000
31936,130050.0000
31937,130050.0000
31938,130050.0000
31939,130050.0000
31940,130050.0000
31941,130050.0000
31942,130050.0000
31943,130050.0000
31944,130050.0000
31945,130050.0000
31946,130050.0000
31947,130050.0000
31948,130050.0000
31949,130050.0000
31950,130050.0000
31951,130050.0000
31952,130050.0000
31953,130050.0000
31954,130050.0000
31955,130050.0000
31956,130050.0000
31957,130050.0000
31958,130050.0000
31959,130050.0000
31960,130050.0000
31961,130050.0000
31962,130050.0000
31963,130050.0000
31964,130050.0000
31965,130050.0000
31966,130050.0000
31967,130050.0000
31968,130050.0000
31969,130050.0000
31970,130050.0000
31971,130050.0000
31972,130050.0000
31973,130050.0000
31974,130050.0000
31975,130050.0000
31976,130050.0000
31977,130050.0000
31978,130050.0000
31979,130050.0000
31980,130050.0000
31981,130050.0000
31982,130050.0000
31983,130050.0000
31984,130050.0000
31985,130050.0000
31986,130050.0000
31987,130050.0000
31988,130050.0000
31989,130050.0000
31990,130050.0000
31991,130050.0000
31992,130050.0000
31993,130050.0000
31994,130050.0000
31995,130050.0000
31996,130050.0000
31997,130050.0000
31998,130050.0000
31999,130050.0000
32000,130050.0000
32001,130050.0000
32002,130050.0000
32003,130050.0000
32004,130050.0000
32005,130050.0000
32006,130050.0000
32007,130050.0000
32008,130050.0000
32009,130050.0000
32010,130050.0000
32011,130050.0000
32012,130050.0000
32013,130050.0000
32014,130050.0000
32015,130050.0000
32016,130050.0000
32017,130050.0000
32018,130050.0000
32019,130050.0000
32020,130050.0000
32021,130050.0000
32022,130050.0000
32023,130050.0000
32024,130050.0000
32025,130050.0000
32026,130050.0000
32027,130050.0000
32028,130050.0000
32029,130050.0000
32030,130050.0000
32031,130050.0000
32032,130050.0000
32033,130050.0000
32034,130050.0000
32035,130050.0000
32036,130050.0000
32037,130050.0000
32038,130050.0000
32039,130050.0000
32040,130050.0000
32041,130050.0000
32042,130050.0000
32043,130050.0000
32044,130050.0000
32045,130050.0000
32046,130050.0000
32047,130050.0000
32048,130050.0000
32049,130050.0000
32050,130050.0000
32051,130050.0000
32052,130050.0000
32053,130050.0000
32054,130050.0000
32055,130050.0000
32056,130050.0000
32057,130050.0000
32058,130050.0000
32059,130050.0000
32060,130050.0000
32061,130050.0000
32062,130050.0000
32063,130050.0000
32064,130050.0000
32065,130050.0000
32066,130050.0000
32067,130050.0000
32068,130050.0000
32069,130050.0000
32070,130050.0000
32071,130050.0000
32072,130050.0000
32073,130050.0000
32074,130050.0000
32075,130050.0000
32076,130050.0000
32077,130050.0000
32078,130050.0000
32079,130050.0000
32080,130050.0000
32081,130050.0000
32082,130050.0000
32083,130050.0000
32084,130050.0000
32085,130050.0000
32086,130050.0000
32087,130050.0000
32088,130050.0000
32089,130050.0000
32090,130050.0000
32091,130050.0000
32092,130050.0000
32093,130050.0000
32094,130050.0000
32095,130050.0000
32096,130050.0000
32097,130050.0000
32098,130050.0000
32099,130050.0000
32100,130050.0000
32101,130050.0000
32102,130050.0000
32103,130050.0000
32104,130050.0000
32105,130050.0000
32106,130050.0000
32107,130050.0000
32108,130050.0000
32109,130050.0000
32110,130050.0000
32111,130050.0000
32112,130050.0000
32113,130050.0000
32114,130050.0000
32115,130050.0000
32116,130050.0000
32117,130050.0000
32118,130050.0000
32119,130050.0000
32120,130050.0000
32121,130050.0000
32122,130050.0000
32123,130050.0000
32124,130050.0000
32125,130050.0000
32126,130050.0000
32127,130050.0000
32128,130050.0000
32129,130050.0000
32130,130050.0000
32131,130050.0000
32132,130050.0000
32133,130050.0000
32134,130050.0000
32135,130050.0000
32136,130050.0000
32137,130050.0000
32138,130050.0000
32139,130050.0000
32140,130050.0000
32141,130050.0000
32142,130050.0000
32143,130050.0000
32144,130050.0000
32145,130050.0000
32146,130050.0000
32147,130050.0000
32148,130050.0000
32149,130050.0000
32150,130050.0000
32151,130050.0000
32152,130050.0000
32153,130050.0000
32154,130050.0000
32155,130050.0000
32156,130050.0000
32157,130050.0000
32158,130050.0000
32159,130050.0000
32160,130050.0000
32161,130050.0000
32162,130050.0000
32163,130050.0000
32164,130050.0000
32165,130050.0000
32166,130050.0000
32167,130050.0000
32168,130050.0000
32169,130050.0000
32170,130050.0000
32171,130050.0000
32172,130050.0000
32173,130050.0000
32174,130050.0000
32175,130050.0000
32176,130050.0000
32177,130050.0000
32178,130050.0000
32179,130050.0000
32180,130050.0000
32181,130050.0000
32182,130050.0000
32183,130050.0000
32184,130050.0000
32185,130050.0000
32186,130050.0000
32187,130050.0000
32188,130050.0000
32189,130050.0000
32190,130050.0000
32191,130050.0000
32192,130050.0000
32193,130050.0000
32194,130050.0000
32195,130050.0000
32196,130050.0000
32197,130050.0000
32198,130050.0000
32199,130050.0000
32200,130050.0000
32201,130050.0000
32202,130050.0000
32203,130050.0000
32204,130050.0000
32205,130050.0000
32206,130050.0000
32207,130050.0000
32208,130050.0000
32209,130050.0000
32210,130050.0000
32211,130050.0000
32212,130050.0000
32213,130050.0000
32214,130050.0000
32215,130050.0000
32216,130050.0000
32217,130050.0000
32218,130050.0000
32219,130050.0000
32220,130050.0000
32221,130050.0000
32222,130050.0000
32223,130050.0000
32224,130050.0000
32225,130050.0000
32226,130050.0000
32227,130050.0000
32228,130050.0000
32229,130050.0000
32230,130050.0000
32231,130050.0000
32232,130050.0000
32233,130050.0000
32234,130050.0000
32235,130050.0000
32236,130050.0000
32237,130050.0000
32238,130050.0000
32239,130050.0000
32240,130050.0000
32241,130050.0000
32242,130050.0000
32243,130050.0000
32244,130050.0000
32245,130050.0000
32246,130050.0000
32247,130050.0000
32248,130050.0000
32249,130050.0000
32250,130050.0000
32251,130050.0000
32252,130050.0000
32253,130050.0000
32254,130050.0000
32255,130050.0000
32256,130050.0000
32257,130050.0000
32258,130050.0000
32259,130050.0000
32260,130050.0000
32261,130050.0000
32262,130050.0000
32263,130050.0000
32264,130050.0000
32265,130050.0000
32266,130050.0000
32267,130050.0000
32268,130050.0000
32269,130050.0000
32270,130050.0000
32271,130050.0000
32272,130050.0000
32273,130050.0000
32274,130050.0000
32275,130050.0000
32276,130050.0000
32277,130050.0000
32278,130050.0000
32279,130050.0000
32280,130050.0000
32281,130050.0000
32282,130050.0000
32283,130050.0000
32284,130050.0000
32285,130050.0000
32286,130050.0000
32287,130050.0000
32288,130050.0000
32289,130050.0000
32290,130050.0000
32291,130050.0000
32292,130050.0000
32293,130050.0000
32294,130050.0000
32295,130050.0000
32296,130050.0000
32297,130050.0000
32298,130050.0000
32299,130050.0000
32300,130050.0000
32301,130050.0000
32302,130050.0000
32303,130050.0000
32304,130050.0000
32305,130050.0000
32306,130050.0000
32307,130050.0000
32308,130050.0000
32309,130050.0000
32310,130050.0000
32311,130050.0000
32312,130050.0000
32313,130050.0000
32314,130050.0000
32315,130050.0000
32316,130050.0000
32317,130050.0000
32318,130050.0000
32319,130050.0000
32320,130050.0000
32321,130050.0000
32322,130050.0000
32323,130050.0000
32324,130050.0000
32325,130050.0000
32326,130050.0000
32327,130050.0000
32328,130050.0000
32329,130050.0000
32330,130050.0000
32331,130050.0000
32332,130050.0000
32333,130050.0000
32334,130050.0000
32335,130050.0000
32336,130050.0000
32337,130050.0000
32338,130050.0000
32339,130050.0000
32340,130050.0000
32341,130050.0000
32342,130050.0000
32343,130050.0000
32344,130050.0000
32345,130050.0000
32346,130050.0000
32347,130050.0000
32348,130050.0000
32349,130050.0000
32350,130050.0000
32351,130050.0000
32352,130050.0000
32353,130050.0000
32354,130050.0000
32355,130050.0000
32356,130050.0000
32357,130050.0000
32358,130050.0000
32359,130050.0000
32360,130050.0000
32361,130050.0000
32362,130050.0000
32363,130050.0000
32364,130050.0000
32365,130050.0000
32366,130050.0000
32367,130050.0000
32368,130050.0000
32369,130050.0000
32370,130050.0000
32371,130050.0000
32372,130050.0000
32373,130050.0000
32374,130050.0000
32375,130050.0000
32376,130050.0000
32377,130050.0000
32378,130050.0000
32379,130050.0000
32380,130050.0000
32381,130050.0000
32382,130050.0000
32383,130050.0000
32384,130050.0000
32385,130050.0000
32386,130050.0000
32387,130050.0000
32388,130050.0000
32389,130050.0000
32390,130050.0000
32391,130050.0000
32392,130050.0000
32393,130050.0000
32394,130050.0000
32395,130050.0000
32396,130050.0000
32397,130050.0000
32398,130050.0000
32399,130050.0000
32400,130050.0000
32401,130050.0000
32402,130050.0000
32403,130050.0000
32404,130050.0000
32405,130050.0000
32406,130050.0000
32407,130050.0000
32408,130050.0000
32409,130050.0000
32410,130050.0000
32411,130050.0000
32412,130050.0000
32413,130050.0000
32414,130050.0000
32415,130050.0000
32416,130050.0000
32417,130050.0000
32418,130050.0000
32419,130050.0000
32420,130050.0000
32421,130050.0000
32422,130050.0000
32423,130050.0000
32424,130050.0000
32425,130050.0000
32426,130050.0000
32427,130050.0000
32428,130050.0000
32429,130050.0000
32430,130050.0000
32431,130050.0000
32432,130050.0000
32433,130050.0000
32434,130050.0000
32435,130050.0000
32436,130050.0000
32437,130050.0000
32438,130050.0000
32439,130050.0000
32440,130050.0000
32441,130050.0000
32442,130050.0000
32443,130050.0000
32444,130050.0000
32445,130050.0000
32446,130050.0000
32447,130050.0000
32448,130050.0000
32449,130050.0000
32450,130050.0000
32451,130050.0000
32452,130050.0000
32453,130050.0000
32454,130050.0000
32455,130050.0000
32456,130050.0000
32457,130050.0000
32458,130050.0000
32459,130050.0000
32460,130050.0000
32461,130050.0000
32462,130050.0000
32463,130050.0000
32464,130050.0000
32465,130050.0000
32466,130050.0000
32467,130050.0000
32468,130050.0000
32469,130050.0000
32470,130050.0000
32471,130050.0000
32472,130050.0000
32473,130050.0000
32474,130050.0000
32475,130050.0000
32476,130050.0000
32477,130050.0000
32478,130050.0000
32479,130050.0000
32480,130050.0000
32481,130050.0000
32482,130050.0000
32483,130050.0000
32484,130050.0000
32485,130050.0000
32486,130050.0000
32487,130050.0000
32488,130050.0000
32489,130050.0000
32490,130050.0000
32491,130050.0000
32492,130050.0000
32493,130050.0000
32494,130050.0000
32495,130050.0000
32496,130050.0000
32497,130050.0000
32498,130050.0000
32499,130050.0000
32500,130050.0000
32501,130050.0000
32502,130050.0000
32503,130050.0000
32504,130050.0000
32505,130050.0000
32506,130050.0000
32507,130050.0000
32508,130050.0000
32509,130050.0000
32510,130050.0000
32511,130050.0000
32512,130050.0000
32513,130050.0000
32514,130050.0000
32515,130050.0000
32516,130050.0000
32517,130050.0000
32518,130050.0000
32519,130050.0000
32520,130050.0000
32521,130050.0000
32522,130050.0000
32523,130050.0000
32524,130050.0000
32525,130050.0000
32526,130050.0000
32527,130050.0000
32528,130050.0000
32529,130050.0000
32530,130050.0000
32531,130050.0000
32532,130050.0000
32533,130050.0000
32534,130050.0000
32535,130050.0000
32536,130050.0000
32537,130050.0000
32538,130050.0000
32539,130050.0000
32540,130050.0000
32541,130050.0000
32542,130050.0000
32543,130050.0000
32544,130050.0000
32545,130050.0000
32546,130050.0000
32547,130050.0000
32548,130050.0000
32549,130050.0000
32550,130050.0000
32551,130050.0000
32552,130050.0000
32553,130050.0000
32554,130050.0000
32555,130050.0000
32556,130050.0000
32557,130050.0000
32558,130050.0000
32559,130050.0000
32560,130050.0000
32561,130050.0000
32562,130050.0000
32563,130050.0000
32564,130050.0000
32565,130050.0000
32566,130050.0000
32567,130050.0000
32568,130050.0000
32569,130050.0000
32570,130050.0000
32571,130050.0000
32572,130050.0000
32573,130050.0000
32574,130050.0000
32575,130050.0000
32576,130050.0000
32577,130050.0000
32578,130050.0000
32579,130050.0000
32580,130050.0000
32581,130050.0000
32582,130050.0000
32583,130050.0000
32584,130050.0000
32585,130050.0000
32586,130050.0000
32587,130050.0000
32588,130050.0000
32589,130050.0000
32590,130050.0000
32591,130050.0000
32592,130050.0000
32593,130050.0000
32594,130050.0000
32595,130050.0000
32596,130050.0000
32597,130050.0000
32598,130050.0000
32599,130050.0000
32600,130050.0000
32601,130050.0000
32602,130050.0000
32603,130050.0000
32604,130050.0000
32605,130050.0000
32606,130050.0000
32607,130050.0000
32608,130050.0000
32609,130050.0000
32610,130050.0000
32611,130050.0000
32612,130050.0000
32613,130050.0000
32614,130050.0000
32615,130050.0000
32616,130050.0000
32617,130050.0000
32618,130050.0000
32619,130050.0000
32620,130050.0000
32621,130050.0000
32622,130050.0000
32623,130050.0000
32624,130050.0000
32625,130050.0000
32626,130050.0000
32627,130050.0000
32628,130050.0000
32629,130050.0000
32630,130050.0000
32631,130050.0000
32632,130050.0000
32633,130050.0000
32634,130050.0000
32635,130050.0000
32636,130050.0000
32637,130050.0000
32638,130050.0000
32639,130050.0000
32640,130050.0000
32641,130050.0000
32642,130050.0000
32643,130050.0000
32644,130050.0000
32645,130050.0000
32646,130050.0000
32647,130050.0000
32648,130050.0000
32649,130050.0000
32650,130050.0000
32651,130050.0000
32652,130050.0000
32653,130050.0000
32654,130050.0000
32655,130050.0000
32656,130050.0000
32657,130050.0000
32658,130050.0000
32659,130050.0000
32660,130050.0000
32661,130050.0000
32662,130050.0000
32663,130050.0000
32664,130050.0000
32665,130050.0000
32666,130050.0000
32667,130050.0000
32668,130050.0000
32669,130050.0000
32670,130050.0000
32671,130050.0000
32672,130050.0000
32673,130050.0000
32674,130050.0000
32675,130050.0000
32676,130050.0000
32677,130050.0000
32678,130050.0000
32679,130050.0000
32680,130050.0000
32681,130050.0000
32682,130050.0000
32683,130050.0000
32684,130050.0000
32685,130050.0000
32686,130050.0000
32687,130050.0000
32688,130050.0000
32689,130050.0000
32690,130050.0000
32691,130050.0000
32692,130050.0000
32693,130050.0000
32694,130050.0000
32695,130050.0000
32696,130050.0000
32697,130050.0000
32698,130050.0000
32699,130050.0000
32700,130050.0000
32701,130050.0000
32702,130050.0000
32703,130050.0000
32704,130050.0000
32705,130050.0000
32706,130050.0000
32707,130050.0000
32708,130050.0000
32709,130050.0000
32710,130050.0000
32711,130050.0000
32712,130050.0000
32713,130050.0000
32714,130050.0000
32715,130050.0000
32716,130050.0000
32717,130050.0000
32718,130050.0000
32719,130050.0000
32720,130050.0000
32721,130050.0000
32722,130050.0000
32723,130050.0000
32724,130050.0000
32725,130050.0000
32726,130050.0000
32727,130050.0000
32728,130050.0000
32729,130050.0000
32730,130050.0000
32731,130050.0000
32732,130050.0000
32733,130050.0000
32734,130050.0000
32735,130050.0000
32736,130050.0000
32737,130050.0000
32738,130050.0000
32739,130050.0000
32740,130050.0000
32741,130050.0000
32742,130050.0000
32743,130050.0000
32744,130050.0000
32745,130050.0000
32746,130050.0000
32747,130050.0000
32748,130050.0000
32749,130050.0000
32750,130050.0000
32751,130050.0000
32752,130050.0000
32753,130050.0000
32754,130050.0000
32755,130050.0000
32756,130050.0000
32757,130050.0000
32758,130050.0000
32759,130050.0000
32760,130050.0000
32761,130050.0000
32762,130050.0000
32763,130050.0000
32764,130050.0000
32765,130050.0000
32766,130050.0000
32767,130050.0000
32768,130050.0000
32769,130050.0000
32770,130050.0000
32771,130050.0000
32772,130050.0000
32773,130050.0000
32774,130050.0000
32775,130050.0000
32776,130050.0000
32777,130050.0000
32778,130050.0000
32779,130050.0000
32780,130050.0000
32781,130050.0000
32782,130050.0000
32783,130050.0000
32784,130050.0000
32785,130050.0000
32786,130050.0000
32787,130050.0000
32788,130050.0000
32789,130050.0000
32790,130050.0000
32791,130050.0000
32792,130050.0000
32793,130050.0000
32794,130050.0000
32795,130050.0000
32796,130050.0000
32797,130050.0000
32798,130050.0000
32799,130050.0000
32800,130050.0000
32801,130050.0000
32802,130050.0000
32803,130050.0000
32804,130050.0000
32805,130050.0000
32806,130050.0000
32807,130050.0000
32808,130050.0000
32809,130050.0000
32810,130050.0000
32811,130050.0000
32812,130050.0000
32813,130050.0000
32814,130050.0000
32815,130050.0000
32816,130050.0000
32817,130050.0000
32818,130050.0000
32819,130050.0000
32820,130050.0000
32821,130050.0000
32822,130050.0000
32823,130050.0000
32824,130050.0000
32825,130050.0000
32826,130050.0000
32827,130050.0000
32828,130050.0000
32829,130050.0000
32830,130050.0000
32831,130050.0000
32832,130050.0000
32833,130050.0000
32834,130050.0000
32835,130050.0000
32836,130050.0000
32837,130050.0000
32838,130050.0000
32839,130050.0000
32840,130050.0000
32841,130050.0000
32842,130050.0000
32843,130050.0000
32844,130050.0000
32845,130050.0000
32846,130050.0000
32847,130050.0000
32848,130050.0000
32849,130050.0000
32850,130050.0000
32851,130050.0000
32852,130050.0000
32853,130050.0000
32854,130050.0000
32855,130050.0000
32856,130050.0000
32857,130050.0000
32858,130050.0000
32859,130050.0000
32860,130050.0000
32861,130050.0000
32862,130050.0000
32863,130050.0000
32864,130050.0000
32865,130050.0000
32866,130050.0000
32867,130050.0000
32868,130050.0000
32869,130050.0000
32870,130050.0000
32871,130050.0000
32872,130050.0000
32873,130050.0000
32874,130050.0000
32875,130050.0000
32876,130050.0000
32877,130050.0000
32878,130050.0000
32879,130050.0000
32880,130050.0000
32881,130050.0000
32882,130050.0000
32883,130050.0000
32884,130050.0000
32885,130050.0000
32886,130050.0000
32887,130050.0000
32888,130050.0000
32889,130050.0000
32890,130050.0000
32891,130050.0000
32892,130050.0000
32893,130050.0000
32894,130050.0000
32895,130050.0000
32896,130050.0000
32897,130050.0000
32898,130050.0000
32899,130050.0000
32900,130050.0000
32901,130050.0000
32902,130050.0000
32903,130050.0000
32904,130050.0000
32905,130050.0000
32906,130050.0000
32907,130050.0000
32908,130050.0000
32909,130050.0000
32910,130050.0000
32911,130050.0000
32912,130050.0000
32913,130050.0000
32914,130050.0000
32915,130050.0000
32916,130050.0000
32917,130050.0000
32918,130050.0000
32919,130050.0000
32920,130050.0000
32921,130050.0000
32922,130050.0000
32923,130050.0000
32924,130050.0000
32925,130050.0000
32926,130050.0000
32927,130050.0000
32928,130050.0000
32929,130050.0000
32930,130050.0000
32931,130050.0000
32932,130050.0000
32933,130050.0000
32934,130050.0000
32935,130050.0000
32936,130050.0000
32937,130050.0000
32938,130050.0000
32939,130050.0000
32940,130050.0000
32941,130050.0000
32942,130050.0000
32943,130050.0000
32944,130050.0000
32945,130050.0000
32946,130050.0000
32947,130050.0000
32948,130050.0000
32949,130050.0000
32950,130050.0000
32951,130050.0000
32952,130050.0000
32953,130050.0000
32954,130050.0000
32955,130050.0000
32956,130050.0000
32957,130050.0000
32958,130050.0000
32959,130050.0000
32960,130050.0000
32961,130050.0000
32962,130050.0000
32963,130050.0000
32964,130050.0000
32965,130050.0000
32966,130050.0000
32967,130050.0000
32968,130050.0000
32969,130050.0000
32970,130050.0000
32971,130050.0000
32972,130050.0000
32973,130050.0000
32974,130050.0000
32975,130050.0000
32976,130050.0000
32977,130050.0000
32978,130050.0000
32979,130050.0000
32980,130050.0000
32981,130050.0000
32982,130050.0000
32983,130050.0000
32984,130050.0000
32985,130050.0000
32986,130050.0000
32987,130050.0000
32988,130050.0000
32989,130050.0000
32990,130050.0000
32991,130050.0000
32992,130050.0000
32993,130050.0000
32994,130050.0000
32995,130050.0000
32996,130050.0000
32997,130050.0000
32998,130050.0000
32999,130050.0000
33000,130050.0000
33001,130050.0000
33002,130050.0000
33003,130050.0000
33004,130050.0000
33005,130050.0000
33006,130050.0000
33007,130050.0000
33008,130050.0000
33009,130050.0000
33010,130050.0000
33011,130050.0000
33012,130050.0000
33013,130050.0000
33014,130050.0000
33015,130050.0000
33016,130050.0000
33017,130050.0000
33018,130050.0000
33019,130050.0000
33020,130050.0000
33021,130050.0000
33022,130050.0000
33023,130050.0000
33024,130050.0000
33025,130050.0000
33026,130050.0000
33027,130050.0000
33028,130050.0000
33029,130050.0000
33030,130050.0000
33031,130050.0000
33032,130050.0000
33033,130050.0000
33034,130050.0000
33035,130050.0000
33036,130050.0000
33037,130050.0000
33038,130050.0000
33039,130050.0000
33040,130050.0000
33041,130050.0000
33042,130050.0000
33043,130050.0000
33044,130050.0000
33045,130050.0000
33046,130050.0000
33047,130050.0000
33048,130050.0000
33049,130050.0000
33050,130050.0000
33051,130050.0000
33052,130050.0000
33053,130050.0000
33054,130050.0000
33055,130050.0000
33056,130050.0000
33057,130050.0000
33058,130050.0000
33059,130050.0000
33060,130050.0000
33061,130050.0000
33062,130050.0000
33063,130050.0000
33064,130050.0000
33065,130050.0000
33066,130050.0000
33067,130050.0000
33068,130050.0000
33069,130050.0000
33070,130050.0000
33071,130050.0000
33072,130050.0000
33073,130050.0000
33074,130050.0000
33075,130050.0000
33076,130050.0000
33077,130050.0000
33078,130050.0000
33079,130050.0000
33080,130050.0000
33081,130050.0000
33082,130050.0000
33083,130050.0000
33084,130050.0000
33085,130050.0000
33086,130050.0000
33087,130050.0000
33088,130050.0000
33089,130050.0000
33090,130050.0000
33091,130050.0000
33092,130050.0000
33093,130050.0000
33094,130050.0000
33095,130050.0000
33096,130050.0000
33097,130050.0000
33098,130050.0000
33099,130050.0000
33100,130050.0000
33101,130050.0000
33102,130050.0000
33103,130050.0000
33104,130050.0000
33105,130050.0000
33106,130050.0000
33107,130050.0000
33108,130050.0000
33109,130050.0000
33110,130050.0000
33111,130050.0000
33112,130050.0000
33113,130050.0000
33114,130050.0000
33115,130050.0000
33116,130050.0000
33117,130050.0000
33118,130050.0000
33119,130050.0000
33120,130050.0000
33121,130050.0000
33122,130050.0000
33123,130050.0000
33124,130050.0000
33125,130050.0000
33126,130050.0000
33127,130050.0000
33128,130050.0000
33129,130050.0000
33130,130050.0000
33131,130050.0000
33132,130050.0000
33133,130050.0000
33134,130050.0000
33135,130050.0000
33136,130050.0000
33137,130050.0000
33138,130050.0000
33139,130050.0000
33140,130050.0000
33141,130050.0000
33142,130050.0000
33143,130050.0000
33144,130050.0000
33145,130050.0000
33146,130050.0000
33147,130050.0000
33148,130050.0000
33149,130050.0000
33150,130050.0000
33151,130050.0000
33152,130050.0000
33153,130050.0000
33154,130050.0000
33155,130050.0000
33156,130050.0000
33157,130050.0000
33158,130050.0000
33159,130050.0000
33160,130050.0000
33161,130050.0000
33162,130050.0000
33163,130050.0000
33164,130050.0000
33165,130050.0000
33166,130050.0000
33167,130050.0000
33168,130050.0000
33169,130050.0000
33170,130050.0000
33171,130050.0000
33172,130050.0000
33173,130050.0000
33174,130050.0000
33175,130050.0000
33176,130050.0000
33177,130050.0000
33178,130050.0000
33179,130050.0000
33180,130050.0000
33181,130050.0000
33182,130050.0000
33183,130050.0000
33184,130050.0000
33185,130050.0000
33186,130050.0000
33187,130050.0000
33188,130050.0000
33189,130050.0000
33190,130050.0000
33191,130050.0000
33192,130050.0000
33193,130050.0000
33194,130050.0000
33195,130050.0000
33196,130050.0000
33197,130050.0000
33198,130050.0000
33199,130050.0000
33200,130050.0000
33201,130050.0000
33202,130050.0000
33203,130050.0000
33204,130050.0000
33205,130050.0000
33206,130050.0000
33207,130050.0000
33208,130050.0000
33209,130050.0000
33210,130050.0000
33211,130050.0000
33212,130050.0000
33213,130050.0000
33214,130050.0000
33215,130050.0000
33216,130050.0000
33217,130050.0000
33218,130050.0000
33219,130050.0000
33220,130050.0000
33221,130050.0000
33222,130050.0000
33223,130050.0000
33224,130050.0000
33225,130050.0000
33226,130050.0000
33227,130050.0000
33228,130050.0000
33229,130050.0000
33230,130050.0000
33231,130050.0000
33232,130050.0000
33233,130050.0000
33234,130050.0000
33235,130050.0000
33236,130050.0000
33237,130050.0000
33238,130050.0000
33239,130050.0000
33240,130050.0000
33241,130050.0000
33242,130050.0000
33243,130050.0000
33244,130050.0000
33245,130050.0000
33246,130050.0000
33247,130050.0000
33248,130050.0000
33249,130050.0000
33250,130050.0000
33251,130050.0000
33252,130050.0000
33253,130050.0000
33254,130050.0000
33255,130050.0000
33256,130050.0000
33257,130050.0000
33258,130050.0000
33259,130050.0000
33260,130050.0000
33261,130050.0000
33262,130050.0000
33263,130050.0000
33264,130050.0000
33265,130050.0000
33266,130050.0000
33267,130050.0000
33268,130050.0000
33269,130050.0000
33270,130050.0000
33271,130050.0000
33272,130050.0000
33273,130050.0000
33274,130050.0000
33275,130050.0000
33276,130050.0000
33277,130050.0000
33278,130050.0000
33279,130050.0000
33280,130050.0000
33281,130050.0000
33282,130050.0000
33283,130050.0000
33284,130050.0000
33285,130050.0000
33286,130050.0000
33287,130050.0000
33288,130050.0000
33289,130050.0000
33290,130050.0000
33291,130050.0000
33292,130050.0000
33293,130050.0000
33294,130050.0000
33295,130050.0000
33296,130050.0000
33297,130050.0000
33298,130050.0000
33299,130050.0000
33300,130050.0000
33301,130050.0000
33302,130050.0000
33303,130050.0000
33304,130050.0000
33305,130050.0000
33306,130050.0000
33307,130050.0000
33308,130050.0000
33309,130050.0000
33310,130050.0000
33311,130050.0000
33312,130050.0000
33313,130050.0000
33314,130050.0000
33315,130050.0000
33316,130050.0000
33317,130050.0000
33318,130050.0000
33319,130050.0000
33320,130050.0000
33321,130050.0000
33322,130050.0000
33323,130050.0000
33324,130050.0000
33325,130050.0000
33326,130050.0000
33327,130050.0000
33328,130050.0000
33329,130050.0000
33330,130050.0000
33331,130050.0000
33332,130050.0000
33333,130050.0000
33334,130050.0000
33335,130050.0000
33336,130050.0000
33337,130050.0000
33338,130050.0000
33339,130050.0000
33340,130050.0000
33341,130050.0000
33342,130050.0000
33343,130050.0000
33344,130050.0000
33345,130050.0000
33346,130050.0000
33347,130050.0000
33348,130050.0000
33349,130050.0000
33350,130050.0000
33351,130050.0000
33352,130050.0000
33353,130050.0000
33354,130050.0000
33355,130050.0000
33356,130050.0000
33357,130050.0000
33358,130050.0000
33359,130050.0000
33360,130050.0000
33361,130050.0000
33362,130050.0000
33363,130050.0000
33364,130050.0000
33365,130050.0000
33366,130050.0000
33367,130050.0000
33368,130050.0000
33369,130050.0000
33370,130050.0000
33371,130050.0000
33372,130050.0000
33373,130050.0000
33374,130050.0000
33375,130050.0000
33376,130050.0000
33377,130050.0000
33378,130050.0000
33379,130050.0000
33380,130050.0000
33381,130050.0000
33382,130050.0000
33383,130050.0000
33384,130050.0000
33385,130050.0000
33386,130050.0000
33387,130050.0000
33388,130050.0000
33389,130050.0000
33390,130050.0000
33391,130050.0000
33392,130050.0000
33393,130050.0000
33394,130050.0000
33395,130050.0000
33396,130050.0000
33397,130050.0000
33398,130050.0000
33399,130050.0000
33400,130050.0000
33401,130050.0000
33402,130050.0000
33403,130050.0000
33404,130050.0000
33405,130050.0000
33406,130050.0000
33407,130050.0000
33408,130050.0000
33409,130050.0000
33410,130050.0000
33411,130050.0000
33412,130050.0000
33413,130050.0000
33414,130050.0000
33415,130050.0000
33416,130050.0000
33417,130050.0000
33418,130050.0000
33419,130050.0000
33420,130050.0000
33421,130050.0000
33422,130050.0000
33423,130050.0000
33424,130050.0000
33425,130050.0000
33426,130050.0000
33427,130050.0000
33428,130050.0000
33429,130050.0000
33430,130050.0000
33431,130050.0000
33432,130050.0000
33433,130050.0000
33434,130050.0000
33435,130050.0000
33436,130050.0000
33437,130050.0000
33438,130050.0000
33439,130050.0000
33440,130050.0000
33441,130050.0000
33442,130050.0000
33443,130050.0000
33444,130050.0000
33445,130050.0000
33446,130050.0000
33447,130050.0000
33448,130050.0000
33449,130050.0000
33450,130050.0000
33451,130050.0000
33452,130050.0000
33453,130050.0000
33454,130050.0000
33455,130050.0000
33456,130050.0000
33457,130050.0000
33458,130050.0000
33459,130050.0000
33460,130050.0000
33461,130050.0000
33462,130050.0000
33463,130050.0000
33464,130050.0000
33465,130050.0000
33466,130050.0000
33467,130050.0000
33468,130050.0000
33469,130050.0000
33470,130050.0000
33471,130050.0000
33472,130050.0000
33473,130050.0000
33474,130050.0000
33475,130050.0000
33476,130050.0000
33477,130050.0000
33478,130050.0000
33479,130050.0000
33480,130050.0000
33481,130050.0000
33482,130050.0000
33483,130050.0000
33484,130050.0000
33485,130050.0000
33486,130050.0000
33487,130050.0000
33488,130050.0000
33489,130050.0000
33490,130050.0000
33491,130050.0000
33492,130050.0000
33493,130050.0000
33494,130050.0000
33495,130050.0000
33496,130050.0000
33497,130050.0000
33498,130050.0000
33499,130050.0000
33500,130050.0000
33501,130050.0000
33502,130050.0000
33503,130050.0000
33504,130050.0000
33505,130050.0000
33506,130050.0000
33507,130050.0000
33508,130050.0000
33509,130050.0000
33510,130050.0000
33511,130050.0000
33512,130050.0000
33513,130050.0000
33514,130050.0000
33515,130050.0000
33516,130050.0000
33517,130050.0000
33518,130050.0000
33519,130050.0000
33520,130050.0000
33521,130050.0000
33522,130050.0000
33523,130050.0000
33524,130050.0000
33525,130050.0000
33526,130050.0000
33527,130050.0000
33528,130050.0000
33529,130050.0000
33530,130050.0000
33531,130050.0000
33532,130050.0000
33533,130050.0000
33534,130050.0000
33535,130050.0000
33536,130050.0000
33537,130050.0000
33538,130050.0000
33539,130050.0000
33540,130050.0000
33541,130050.0000
33542,130050.0000
33543,130050.0000
33544,130050.0000
33545,130050.0000
33546,130050.0000
33547,130050.0000
33548,130050.0000
33549,130050.0000
33550,130050.0000
33551,130050.0000
33552,130050.0000
33553,130050.0000
33554,130050.0000
33555,130050.0000
33556,130050.0000
33557,130050.0000
33558,130050.0000
33559,130050.0000
33560,130050.0000
33561,130050.0000
33562,130050.0000
33563,130050.0000
33564,130050.0000
33565,130050.0000
33566,130050.0000
33567,130050.0000
33568,130050.0000
33569,130050.0000
33570,130050.0000
33571,130050.0000
33572,130050.0000
33573,130050.0000
33574,130050.0000
33575,130050.0000
33576,130050.0000
33577,130050.0000
33578,130050.0000
33579,130050.0000
33580,130050.0000
33581,130050.0000
33582,130050.0000
33583,130050.0000
33584,130050.0000
33585,130050.0000
33586,130050.0000
33587,130050.0000
33588,130050.0000
33589,130050.0000
33590,130050.0000
33591,130050.0000
33592,130050.0000
33593,130050.0000
33594,130050.0000
33595,130050.0000
33596,130050.0000
33597,130050.0000
33598,130050.0000
33599,130050.0000
33600,130050.0000
33601,130050.0000
33602,130050.0000
33603,130050.0000
33604,130050.0000
33605,130050.0000
33606,130050.0000
33607,130050.0000
33608,130050.0000
33609,130050.0000
33610,130050.0000
33611,130050.0000
33612,130050.0000
33613,130050.0000
33614,130050.0000
33615,130050.0000
33616,130050.0000
33617,130050.0000
33618,130050.0000
33619,130050.0000
33620,130050.0000
33621,130050.0000
33622,130050.0000
33623,130050.0000
33624,130050.0000
33625,130050.0000
33626,130050.0000
33627,130050.0000
33628,130050.0000
33629,130050.0000
33630,130050.0000
33631,130050.0000
33632,130050.0000
33633,130050.0000
33634,130050.0000
33635,130050.0000
33636,130050.0000
33637,130050.0000
33638,130050.0000
33639,130050.0000
33640,130050.0000
33641,130050.0000
33642,130050.0000
33643,130050.0000
33644,130050.0000
33645,130050.0000
33646,130050.0000
33647,130050.0000
33648,130050.0000
33649,130050.0000
33650,130050.0000
33651,130050.0000
33652,130050.0000
33653,130050.0000
33654,130050.0000
33655,130050.0000
33656,130050.0000
33657,130050.0000
33658,130050.0000
33659,130050.0000
33660,130050.0000
33661,130050.0000
33662,130050.0000
33663,130050.0000
33664,130050.0000
33665,130050.0000
33666,130050.0000
33667,130050.0000
33668,130050.0000
33669,130050.0000
33670,130050.0000
33671,130050.0000
33672,130050.0000
33673,130050.0000
33674,130050.0000
33675,130050.0000
33676,130050.0000
33677,130050.0000
33678,130050.0000
33679,130050.0000
33680,130050.0000
33681,130050.0000
33682,130050.0000
33683,130050.0000
33684,130050.0000
33685,130050.0000
33686,130050.0000
33687,130050.0000
33688,130050.0000
33689,130050.0000
33690,130050.0000
33691,130050.0000
33692,130050.0000
33693,130050.0000
33694,130050.0000
33695,130050.0000
33696,130050.0000
33697,130050.0000
33698,130050.0000
33699,130050.0000
33700,130050.0000
33701,130050.0000
33702,130050.0000
33703,130050.0000
33704,130050.0000
33705,130050.0000
33706,130050.0000
33707,130050.0000
33708,130050.0000
33709,130050.0000
33710,130050.0000
33711,130050.0000
33712,130050.0000
33713,130050.0000
33714,130050.0000
33715,130050.0000
33716,130050.0000
33717,130050.0000
33718,130050.0000
33719,130050.0000
33720,130050.0000
33721,130050.0000
33722,130050.0000
33723,130050.0000
33724,130050.0000
33725,130050.0000
33726,130050.0000
33727,130050.0000
33728,130050.0000
33729,130050.0000
33730,130050.0000
33731,130050.0000
33732,130050.0000
33733,130050.0000
33734,130050.0000
33735,130050.0000
33736,130050.0000
33737,130050.0000
33738,130050.0000
33739,130050.0000
33740,130050.0000
33741,130050.0000
33742,130050.0000
33743,130050.0000
33744,130050.0000
33745,130050.0000
33746,130050.0000
33747,130050.0000
33748,130050.0000
33749,130050.0000
33750,130050.0000
33751,130050.0000
33752,130050.0000
33753,130050.0000
33754,130050.0000
33755,130050.0000
33756,130050.0000
33757,130050.0000
33758,130050.0000
33759,130050.0000
33760,130050.0000
33761,130050.0000
33762,130050.0000
33763,130050.0000
33764,130050.0000
33765,130050.0000
33766,130050.0000
33767,130050.0000
33768,130050.0000
33769,130050.0000
33770,130050.0000
33771,130050.0000
33772,130050.0000
33773,130050.0000
33774,130050.0000
33775,130050.0000
33776,130050.0000
33777,130050.0000
33778,130050.0000
33779,130050.0000
33780,130050.0000
33781,130050.0000
33782,130050.0000
33783,130050.0000
33784,130050.0000
33785,130050.0000
33786,130050.0000
33787,130050.0000
33788,130050.0000
33789,130050.0000
33790,130050.0000
33791,130050.0000
33792,130050.0000
33793,130050.0000
33794,130050.0000
33795,130050.0000
33796,130050.0000
33797,130050.0000
33798,130050.0000
33799,130050.0000
33800,130050.0000
33801,130050.0000
33802,130050.0000
33803,130050.0000
33804,130050.0000
33805,130050.0000
33806,130050.0000
33807,130050.0000
33808,130050.0000
33809,130050.0000
33810,130050.0000
33811,130050.0000
33812,130050.0000
33813,130050.0000
33814,130050.0000
33815,130050.0000
33816,130050.0000
33817,130050.0000
33818,130050.0000
33819,130050.0000
33820,130050.0000
33821,130050.0000
33822,130050.0000
33823,130050.0000
33824,130050.0000
33825,130050.0000
33826,130050.0000
33827,130050.0000
33828,130050.0000
33829,130050.0000
33830,130050.0000
33831,130050.0000
33832,130050.0000
33833,130050.0000
33834,130050.0000
33835,130050.0000
33836,130050.0000
33837,130050.0000
33838,130050.0000
33839,130050.0000
33840,130050.0000
33841,130050.0000
33842,130050.0000
33843,130050.0000
33844,130050.0000
33845,130050.0000
33846,130050.0000
33847,130050.0000
33848,130050.0000
33849,130050.0000
33850,130050.0000
33851,130050.0000
33852,130050.0000
33853,130050.0000
33854,130050.0000
33855,130050.0000
33856,130050.0000
33857,130050.0000
33858,130050.0000
33859,130050.0000
33860,130050.0000
33861,130050.0000
33862,130050.0000
33863,130050.0000
33864,130050.0000
33865,130050.0000
33866,130050.0000
33867,130050.0000
33868,130050.0000
33869,130050.0000
33870,130050.0000
33871,130050.0000
33872,130050.0000
33873,130050.0000
33874,130050.0000
33875,130050.0000
33876,130050.0000
33877,130050.0000
33878,130050.0000
33879,130050.0000
33880,130050.0000
33881,130050.0000
33882,130050.0000
33883,130050.0000
33884,130050.0000
33885,130050.0000
33886,130050.0000
33887,130050.0000
33888,130050.0000
33889,130050.0000
33890,130050.0000
33891,130050.0000
33892,130050.0000
33893,130050.0000
33894,130050.0000
33895,130050.0000
33896,130050.0000
33897,130050.0000
33898,130050.0000
33899,130050.0000
33900,130050.0000
33901,130050.0000
33902,130050.0000
33903,130050.0000
33904,130050.0000
33905,130050.0000
33906,130050.0000
33907,130050.0000
33908,130050.0000
33909,130050.0000
33910,130050.0000
33911,130050.0000
33912,130050.0000
33913,130050.0000
33914,130050.0000
33915,130050.0000
33916,130050.0000
33917,130050.0000
33918,130050.0000
33919,130050.0000
33920,130050.0000
33921,130050.0000
33922,130050.0000
33923,130050.0000
33924,130050.0000
33925,130050.0000
33926,130050.0000
33927,130050.0000
33928,130050.0000
33929,130050.0000
33930,130050.0000
33931,130050.0000
33932,130050.0000
33933,130050.0000
33934,130050.0000
33935,130050.0000
33936,130050.0000
33937,130050.0000
33938,130050.0000
33939,130050.0000
33940,130050.0000
33941,130050.0000
33942,130050.0000
33943,130050.0000
33944,130050.0000
33945,130050.0000
33946,130050.0000
33947,130050.0000
33948,130050.0000
33949,130050.0000
33950,130050.0000
33951,130050.0000
33952,130050.0000
33953,130050.0000
33954,130050.0000
33955,130050.0000
33956,130050.0000
33957,130050.0000
33958,130050.0000
33959,130050.0000
33960,130050.0000
33961,130050.0000
33962,130050.0000
33963,130050.0000
33964,130050.0000
33965,130050.0000
33966,130050.0000
33967,130050.0000
33968,130050.0000
33969,130050.0000
33970,130050.0000
33971,130050.0000
33972,130050.0000
33973,130050.0000
33974,130050.0000
33975,130050.0000
33976,130050.0000
33977,130050.0000
33978,130050.0000
33979,130050.0000
33980,130050.0000
33981,130050.0000
33982,130050.0000
33983,130050.0000
33984,130050.0000
33985,130050.0000
33986,130050.0000
33987,130050.0000
33988,130050.0000
33989,130050.0000
33990,130050.0000
33991,130050.0000
33992,130050.0000
33993,130050.0000
33994,130050.0000
33995,130050.0000
33996,130050.0000
33997,130050.0000
33998,130050.0000
33999,130050.0000
34000,130050.0000
34001,130050.0000
34002,130050.0000
34003,130050.0000
34004,130050.0000
34005,130050.0000
34006,130050.0000
34007,130050.0000
34008,130050.0000
34009,130050.0000
34010,130050.0000
34011,130050.0000
34012,130050.0000
34013,130050.0000
34014,130050.0000
34015,130050.0000
34016,130050.0000
34017,130050.0000
34018,130050.0000
34019,130050.0000
34020,130050.0000
34021,130050.0000
34022,130050.0000
34023,130050.0000
34024,130050.0000
34025,130050.0000
34026,130050.0000
34027,130050.0000
34028,130050.0000
34029,130050.0000
34030,130050.0000
34031,130050.0000
34032,130050.0000
34033,130050.0000
34034,130050.0000
34035,130050.0000
34036,130050.0000
34037,130050.0000
34038,130050.0000
34039,130050.0000
34040,130050.0000
34041,130050.0000
34042,130050.0000
34043,130050.0000
34044,130050.0000
34045,130050.0000
34046,130050.0000
34047,130050.0000
34048,130050.0000
34049,130050.0000
34050,130050.0000
34051,130050.0000
34052,130050.0000
34053,130050.0000
34054,130050.0000
34055,130050.0000
34056,130050.0000
34057,130050.0000
34058,130050.0000
34059,130050.0000
34060,130050.0000
34061,130050.0000
34062,130050.0000
34063,130050.0000
34064,130050.0000
34065,130050.0000
34066,130050.0000
34067,130050.0000
34068,130050.0000
34069,130050.0000
34070,130050.0000
34071,130050.0000
34072,130050.0000
34073,130050.0000
34074,130050.0000
34075,130050.0000
34076,130050.0000
34077,130050.0000
34078,130050.0000
34079,130050.0000
34080,130050.0000
34081,130050.0000
34082,130050.0000
34083,130050.0000
34084,130050.0000
34085,130050.0000
34086,130050.0000
34087,130050.0000
34088,130050.0000
34089,130050.0000
34090,130050.0000
34091,130050.0000
34092,130050.0000
34093,130050.0000
34094,130050.0000
34095,130050.0000
34096,130050.0000
34097,130050.0000
34098,130050.0000
34099,130050.0000
34100,130050.0000
34101,130050.0000
34102,130050.0000
34103,130050.0000
34104,130050.0000
34105,130050.0000
34106,130050.0000
34107,130050.0000
34108,130050.0000
34109,130050.0000
34110,130050.0000
34111,130050.0000
34112,130050.0000
34113,130050.0000
34114,130050.0000
34115,130050.0000
34116,130050.0000
34117,130050.0000
34118,130050.0000
34119,130050.0000
34120,130050.0000
34121,130050.0000
34122,130050.0000
34123,130050.0000
34124,130050.0000
34125,130050.0000
34126,130050.0000
34127,130050.0000
34128,130050.0000
34129,130050.0000
34130,130050.0000
34131,130050.0000
34132,130050.0000
34133,130050.0000
34134,130050.0000
34135,130050.0000
34136,130050.0000
34137,130050.0000
34138,130050.0000
34139,130050.0000
34140,130050.0000
34141,130050.0000
34142,130050.0000
34143,130050.0000
34144,130050.0000
34145,130050.0000
34146,130050.0000
34147,130050.0000
34148,130050.0000
34149,130050.0000
34150,130050.0000
34151,130050.0000
34152,130050.0000
34153,130050.0000
34154,130050.0000
34155,130050.0000
34156,130050.0000
34157,130050.0000
34158,130050.0000
34159,130050.0000
34160,130050.0000
34161,130050.0000
34162,130050.0000
34163,130050.0000
34164,130050.0000
34165,130050.0000
34166,130050.0000
34167,130050.0000
34168,130050.0000
34169,130050.0000
34170,130050.0000
34171,130050.0000
34172,130050.0000
34173,130050.0000
34174,130050.0000
34175,130050.0000
34176,130050.0000
34177,130050.0000
34178,130050.0000
34179,130050.0000
34180,130050.0000
34181,130050.0000
34182,130050.0000
34183,130050.0000
34184,130050.0000
34185,130050.0000
34186,130050.0000
34187,130050.0000
34188,130050.0000
34189,130050.0000
34190,130050.0000
34191,130050.0000
34192,130050.0000
34193,130050.0000
34194,130050.0000
34195,130050.0000
34196,130050.0000
34197,130050.0000
34198,130050.0000
34199,130050.0000
34200,130050.0000
34201,130050.0000
34202,130050.0000
34203,130050.0000
34204,130050.0000
34205,130050.0000
34206,130050.0000
34207,130050.0000
34208,130050.0000
34209,130050.0000
34210,130050.0000
34211,130050.0000
34212,130050.0000
34213,130050.0000
34214,130050.0000
34215,130050.0000
34216,130050.0000
34217,130050.0000
34218,130050.0000
34219,130050.0000
34220,130050.0000
34221,130050.0000
34222,130050.0000
34223,130050.0000
34224,130050.0000
34225,130050.0000
34226,130050.0000
34227,130050.0000
34228,130050.0000
34229,130050.0000
34230,130050.0000
34231,130050.0000
34232,130050.0000
34233,130050.0000
34234,130050.0000
34235,130050.0000
34236,130050.0000
34237,130050.0000
34238,130050.0000
34239,130050.0000
34240,130050.0000
34241,130050.0000
34242,130050.0000
34243,130050.0000
34244,130050.0000
34245,130050.0000
34246,130050.0000
34247,130050.0000
34248,130050.0000
34249,130050.0000
34250,130050.0000
34251,130050.0000
34252,130050.0000
34253,130050.0000
34254,130050.0000
34255,130050.0000
34256,130050.0000
34257,130050.0000
34258,130050.0000
34259,130050.0000
34260,130050.0000
34261,130050.0000
34262,130050.0000
34263,130050.0000
34264,130050.0000
34265,130050.0000
34266,130050.0000
34267,130050.0000
34268,130050.0000
34269,130050.0000
34270,130050.0000
34271,130050.0000
34272,130050.0000
34273,130050.0000
34274,130050.0000
34275,130050.0000
34276,130050.0000
34277,130050.0000
34278,130050.0000
34279,130050.0000
34280,130050.0000
34281,130050.0000
34282,130050.0000
34283,130050.0000
34284,130050.0000
34285,130050.0000
34286,130050.0000
34287,130050.0000
34288,130050.0000
34289,130050.0000
34290,130050.0000
34291,130050.0000
34292,130050.0000
34293,130050.0000
34294,130050.0000
34295,130050.0000
34296,130050.0000
34297,130050.0000
34298,130050.0000
34299,130050.0000
34300,130050.0000
34301,130050.0000
34302,130050.0000
34303,130050.0000
34304,130050.0000
34305,130050.0000
34306,130050.0000
34307,130050.0000
34308,130050.0000
34309,130050.0000
34310,130050.0000
34311,130050.0000
34312,130050.0000
34313,130050.0000
34314,130050.0000
34315,130050.0000
34316,130050.0000
34317,130050.0000
34318,130050.0000
34319,130050.0000
34320,130050.0000
34321,130050.0000
34322,130050.0000
34323,130050.0000
34324,130050.0000
34325,130050.0000
34326,130050.0000
34327,130050.0000
34328,130050.0000
34329,130050.0000
34330,130050.0000
34331,130050.0000
34332,130050.0000
34333,130050.0000
34334,130050.0000
34335,130050.0000
34336,130050.0000
34337,130050.0000
34338,130050.0000
34339,130050.0000
34340,130050.0000
34341,130050.0000
34342,130050.0000
34343,130050.0000
34344,130050.0000
34345,130050.0000
34346,130050.0000
34347,130050.0000
34348,130050.0000
34349,130050.0000
34350,130050.0000
34351,130050.0000
34352,130050.0000
34353,130050.0000
34354,130050.0000
34355,130050.0000
34356,130050.0000
34357,130050.0000
34358,130050.0000
34359,130050.0000
34360,130050.0000
34361,130050.0000
34362,130050.0000
34363,130050.0000
34364,130050.0000
34365,130050.0000
34366,130050.0000
34367,130050.0000
34368,130050.0000
34369,130050.0000
34370,130050.0000
34371,130050.0000
34372,130050.0000
34373,130050.0000
34374,130050.0000
34375,130050.0000
34376,130050.0000
34377,130050.0000
34378,130050.0000
34379,130050.0000
34380,130050.0000
34381,130050.0000
34382,130050.0000
34383,130050.0000
34384,130050.0000
34385,130050.0000
34386,130050.0000
34387,130050.0000
34388,130050.0000
34389,130050.0000
34390,130050.0000
34391,130050.0000
34392,130050.0000
34393,130050.0000
34394,130050.0000
34395,130050.0000
34396,130050.0000
34397,130050.0000
34398,130050.0000
34399,130050.0000
34400,130050.0000
34401,130050.0000
34402,130050.0000
34403,130050.0000
34404,130050.0000
34405,130050.0000
34406,130050.0000
34407,130050.0000
34408,130050.0000
34409,130050.0000
34410,130050.0000
34411,130050.0000
34412,130050.0000
34413,130050.0000
34414,130050.0000
34415,130050.0000
34416,130050.0000
34417,130050.0000
34418,130050.0000
34419,130050.0000
34420,130050.0000
34421,130050.0000
34422,130050.0000
34423,130050.0000
34424,130050.0000
34425,130050.0000
34426,130050.0000
34427,130050.0000
34428,130050.0000
34429,130050.0000
34430,130050.0000
34431,130050.0000
34432,130050.0000
34433,130050.0000
34434,130050.0000
34435,130050.0000
34436,130050.0000
34437,130050.0000
34438,130050.0000
34439,130050.0000
34440,130050.0000
34441,130050.0000
34442,130050.0000
34443,130050.0000
34444,130050.0000
34445,130050.0000
34446,130050.0000
34447,130050.0000
34448,130050.0000
34449,130050.0000
34450,130050.0000
34451,130050.0000
34452,130050.0000
34453,130050.0000
34454,130050.0000
34455,130050.0000
34456,130050.0000
34457,130050.0000
34458,130050.0000
34459,130050.0000
34460,130050.0000
34461,130050.0000
34462,130050.0000
34463,130050.0000
34464,130050.0000
34465,130050.0000
34466,130050.0000
34467,130050.0000
34468,130050.0000
34469,130050.0000
34470,130050.0000
34471,130050.0000
34472,130050.0000
34473,130050.0000
34474,130050.0000
34475,130050.0000
34476,130050.0000
34477,130050.0000
34478,130050.0000
34479,130050.0000
34480,130050.0000
34481,130050.0000
34482,130050.0000
34483,130050.0000
34484,130050.0000
34485,130050.0000
34486,130050.0000
34487,130050.0000
34488,130050.0000
34489,130050.0000
34490,130050.0000
34491,130050.0000
34492,130050.0000
34493,130050.0000
34494,130050.0000
34495,130050.0000
34496,130050.0000
34497,130050.0000
34498,130050.0000
34499,130050.0000
34500,130050.0000
34501,130050.0000
34502,130050.0000
34503,130050.0000
34504,130050.0000
34505,130050.0000
34506,130050.0000
34507,130050.0000
34508,130050.0000
34509,130050.0000
34510,130050.0000
34511,130050.0000
34512,130050.0000
34513,130050.0000
34514,130050.0000
34515,130050.0000
34516,130050.0000
34517,130050.0000
34518,130050.0000
34519,130050.0000
34520,130050.0000
34521,130050.0000
34522,130050.0000
34523,130050.0000
34524,130050.0000
34525,130050.0000
34526,130050.0000
34527,130050.0000
34528,130050.0000
34529,130050.0000
34530,130050.0000
34531,130050.0000
34532,130050.0000
34533,130050.0000
34534,130050.0000
34535,130050.0000
34536,130050.0000
34537,130050.0000
34538,130050.0000
34539,130050.0000
34540,130050.0000
34541,130050.0000
34542,130050.0000
34543,130050.0000
34544,130050.0000
34545,130050.0000
34546,130050.0000
34547,130050.0000
34548,130050.0000
34549,130050.0000
34550,130050.0000
34551,130050.0000
34552,130050.0000
34553,130050.0000
34554,130050.0000
34555,130050.0000
34556,130050.0000
34557,130050.0000
34558,130050.0000
34559,130050.0000
34560,130050.0000
34561,130050.0000
34562,130050.0000
34563,130050.0000
34564,130050.0000
34565,130050.0000
34566,130050.0000
34567,130050.0000
34568,130050.0000
34569,130050.0000
34570,130050.0000
34571,130050.0000
34572,130050.0000
34573,130050.0000
34574,130050.0000
34575,130050.0000
34576,130050.0000
34577,130050.0000
34578,130050.0000
34579,130050.0000
34580,130050.0000
34581,130050.0000
34582,130050.0000
34583,130050.0000
34584,130050.0000
34585,130050.0000
34586,130050.0000
34587,130050.0000
34588,130050.0000
34589,130050.0000
34590,130050.0000
34591,130050.0000
34592,130050.0000
34593,130050.0000
34594,130050.0000
34595,130050.0000
34596,130050.0000
34597,130050.0000
34598,130050.0000
34599,130050.0000
34600,130050.0000
34601,130050.0000
34602,130050.0000
34603,130050.0000
34604,130050.0000
34605,130050.0000
34606,130050.0000
34607,130050.0000
34608,130050.0000
34609,130050.0000
34610,130050.0000
34611,130050.0000
34612,130050.0000
34613,130050.0000
34614,130050.0000
34615,130050.0000
34616,130050.0000
34617,130050.0000
34618,130050.0000
34619,130050.0000
34620,130050.0000
34621,130050.0000
34622,130050.0000
34623,130050.0000
34624,130050.0000
34625,130050.0000
34626,130050.0000
34627,130050.0000
34628,130050.0000
34629,130050.0000
34630,130050.0000
34631,130050.0000
34632,130050.0000
34633,130050.0000
34634,130050.0000
34635,130050.0000
34636,130050.0000
34637,130050.0000
34638,130050.0000
34639,130050.0000
34640,130050.0000
34641,130050.0000
34642,130050.0000
34643,130050.0000
34644,130050.0000
34645,130050.0000
34646,130050.0000
34647,130050.0000
34648,130050.0000
34649,130050.0000
34650,130050.0000
34651,130050.0000
34652,130050.0000
34653,130050.0000
34654,130050.0000
34655,130050.0000
34656,130050.0000
34657,130050.0000
34658,130050.0000
34659,130050.0000
34660,130050.0000
34661,130050.0000
34662,130050.0000
34663,130050.0000
34664,130050.0000
34665,130050.0000
34666,130050.0000
34667,130050.0000
34668,130050.0000
34669,130050.0000
34670,130050.0000
34671,130050.0000
34672,130050.0000
34673,130050.0000
34674,130050.0000
34675,130050.0000
34676,130050.0000
34677,130050.0000
34678,130050.0000
34679,130050.0000
34680,130050.0000
34681,130050.0000
34682,130050.0000
34683,130050.0000
34684,130050.0000
34685,130050.0000
34686,130050.0000
34687,130050.0000
34688,130050.0000
34689,130050.0000
34690,130050.0000
34691,130050.0000
34692,130050.0000
34693,130050.0000
34694,130050.0000
34695,130050.0000
34696,130050.0000
34697,130050.0000
34698,130050.0000
34699,130050.0000
34700,130050.0000
34701,130050.0000
34702,130050.0000
34703,130050.0000
34704,130050.0000
34705,130050.0000
34706,130050.0000
34707,130050.0000
34708,130050.0000
34709,130050.0000
34710,130050.0000
34711,130050.0000
34712,130050.0000
34713,130050.0000
34714,130050.0000
34715,130050.0000
34716,130050.0000
34717,130050.0000
34718,130050.0000
34719,130050.0000
34720,130050.0000
34721,130050.0000
34722,130050.0000
34723,130050.0000
34724,130050.0000
34725,130050.0000
34726,130050.0000
34727,130050.0000
34728,130050.0000
34729,130050.0000
34730,130050.0000
34731,130050.0000
34732,130050.0000
34733,130050.0000
34734,130050.0000
34735,130050.0000
34736,130050.0000
34737,130050.0000
34738,130050.0000
34739,130050.0000
34740,130050.0000
34741,130050.0000
34742,130050.0000
34743,130050.0000
34744,130050.0000
34745,130050.0000
34746,130050.0000
34747,130050.0000
34748,130050.0000
34749,130050.0000
34750,130050.0000
34751,130050.0000
34752,130050.0000
34753,130050.0000
34754,130050.0000
34755,130050.0000
34756,130050.0000
34757,130050.0000
34758,130050.0000
34759,130050.0000
34760,130050.0000
34761,130050.0000
34762,130050.0000
34763,130050.0000
34764,130050.0000
34765,130050.0000
34766,130050.0000
34767,130050.0000
34768,130050.0000
34769,130050.0000
34770,130050.0000
34771,130050.0000
34772,130050.0000
34773,130050.0000
34774,130050.0000
34775,130050.0000
34776,130050.0000
34777,130050.0000
34778,130050.0000
34779,130050.0000
34780,130050.0000
34781,130050.0000
34782,130050.0000
34783,130050.0000
34784,130050.0000
34785,130050.0000
34786,130050.0000
34787,130050.0000
34788,130050.0000
34789,130050.0000
34790,130050.0000
34791,130050.0000
34792,130050.0000
34793,130050.0000
34794,130050.0000
34795,130050.0000
34796,130050.0000
34797,130050.0000
34798,130050.0000
34799,130050.0000
34800,130050.0000
34801,130050.0000
34802,130050.0000
34803,130050.0000
34804,130050.0000
34805,130050.0000
34806,130050.0000
34807,130050.0000
34808,130050.0000
34809,130050.0000
34810,130050.0000
34811,130050.0000
34812,130050.0000
34813,130050.0000
34814,130050.0000
34815,130050.0000
34816,130050.0000
34817,130050.0000
34818,130050.0000
34819,130050.0000
34820,130050.0000
34821,130050.0000
34822,130050.0000
34823,130050.0000
34824,130050.0000
34825,130050.0000
34826,130050.0000
34827,130050.0000
34828,130050.0000
34829,130050.0000
34830,130050.0000
34831,130050.0000
34832,130050.0000
34833,130050.0000
34834,130050.0000
34835,130050.0000
34836,130050.0000
34837,130050.0000
34838,130050.0000
34839,130050.0000
34840,130050.0000
34841,130050.0000
34842,130050.0000
34843,130050.0000
34844,130050.0000
34845,130050.0000
34846,130050.0000
34847,130050.0000
34848,130050.0000
34849,130050.0000
34850,130050.0000
34851,130050.0000
34852,130050.0000
34853,130050.0000
34854,130050.0000
34855,130050.0000
34856,130050.0000
34857,130050.0000
34858,130050.0000
34859,130050.0000
34860,130050.0000
34861,130050.0000
34862,130050.0000
34863,130050.0000
34864,130050.0000
34865,130050.0000
34866,130050.0000
34867,130050.0000
34868,130050.0000
34869,130050.0000
34870,130050.0000
34871,130050.0000
34872,130050.0000
34873,130050.0000
34874,130050.0000
34875,130050.0000
34876,130050.0000
34877,130050.0000
34878,130050.0000
34879,130050.0000
34880,130050.0000
34881,130050.0000
34882,130050.0000
34883,130050.0000
34884,130050.0000
34885,130050.0000
34886,130050.0000
34887,130050.0000
34888,130050.0000
34889,130050.0000
34890,130050.0000
34891,130050.0000
34892,130050.0000
34893,130050.0000
34894,130050.0000
34895,130050.0000
34896,130050.0000
34897,130050.0000
34898,130050.0000
34899,130050.0000
34900,130050.0000
34901,130050.0000
34902,130050.0000
34903,130050.0000
34904,130050.0000
34905,130050.0000
34906,130050.0000
34907,130050.0000
34908,130050.0000
34909,130050.0000
34910,130050.0000
34911,130050.0000
34912,130050.0000
34913,130050.0000
34914,130050.0000
34915,130050.0000
34916,130050.0000
34917,130050.0000
34918,130050.0000
34919,130050.0000
34920,130050.0000
34921,130050.0000
34922,130050.0000
34923,130050.0000
34924,130050.0000
34925,130050.0000
34926,130050.0000
34927,130050.0000
34928,130050.0000
34929,130050.0000
34930,130050.0000
34931,130050.0000
34932,130050.0000
34933,130050.0000
34934,130050.0000
34935,130050.0000
34936,130050.0000
34937,130050.0000
34938,130050.0000
34939,130050.0000
34940,130050.0000
34941,130050.0000
34942,130050.0000
34943,130050.0000
34944,130050.0000
34945,130050.0000
34946,130050.0000
34947,130050.0000
34948,130050.0000
34949,130050.0000
34950,130050.0000
34951,130050.0000
34952,130050.0000
34953,130050.0000
34954,130050.0000
34955,130050.0000
34956,130050.0000
34957,130050.0000
34958,130050.0000
34959,130050.0000
34960,130050.0000
34961,130050.0000
34962,130050.0000
34963,130050.0000
34964,130050.0000
34965,130050.0000
34966,130050.0000
34967,130050.0000
34968,130050.0000
34969,130050.0000
34970,130050.0000
34971,130050.0000
34972,130050.0000
34973,130050.0000
34974,130050.0000
34975,130050.0000
34976,130050.0000
34977,130050.0000
34978,130050.0000
34979,130050.0000
34980,130050.0000
34981,130050.0000
34982,130050.0000
34983,130050.0000
34984,130050.0000
34985,130050.0000
34986,130050.0000
34987,130050.0000
34988,130050.0000
34989,130050.0000
34990,130050.0000
34991,130050.0000
34992,130050.0000
34993,130050.0000
34994,130050.0000
34995,130050.0000
34996,130050.0000
34997,130050.0000
34998,130050.0000
34999,130050.0000
35000,130050.0000
35001,130050.0000
35002,130050.0000
35003,130050.0000
35004,130050.0000
35005,130050.0000
35006,130050.0000
35007,130050.0000
35008,130050.0000
35009,130050.0000
35010,130050.0000
35011,130050.0000
35012,130050.0000
35013,130050.0000
35014,130050.0000
35015,130050.0000
35016,130050.0000
35017,130050.0000
35018,130050.0000
35019,130050.0000
35020,130050.0000
35021,130050.0000
35022,130050.0000
35023,130050.0000
35024,130050.0000
35025,130050.0000
35026,130050.0000
35027,130050.0000
35028,130050.0000
35029,130050.0000
35030,130050.0000
35031,130050.0000
35032,130050.0000
35033,130050.0000
35034,130050.0000
35035,130050.0000
35036,130050.0000
35037,130050.0000
35038,130050.0000
35039,130050.0000
35040,130050.0000
35041,130050.0000
35042,130050.0000
35043,130050.0000
35044,130050.0000
35045,130050.0000
35046,130050.0000
35047,130050.0000
35048,130050.0000
35049,130050.0000
35050,130050.0000
35051,130050.0000
35052,130050.0000
35053,130050.0000
35054,130050.0000
35055,130050.0000
35056,130050.0000
35057,130050.0000
35058,130050.0000
35059,130050.0000
35060,130050.0000
35061,130050.0000
35062,130050.0000
35063,130050.0000
35064,130050.0000
35065,130050.0000
35066,130050.0000
35067,130050.0000
35068,130050.0000
35069,130050.0000
35070,130050.0000
35071,130050.0000
35072,130050.0000
35073,130050.0000
35074,130050.0000
35075,130050.0000
35076,130050.0000
35077,130050.0000
35078,130050.0000
35079,130050.0000
35080,130050.0000
35081,130050.0000
35082,130050.0000
35083,130050.0000
35084,130050.0000
35085,130050.0000
35086,130050.0000
35087,130050.0000
35088,130050.0000
35089,130050.0000
35090,130050.0000
35091,130050.0000
35092,130050.0000
35093,130050.0000
35094,130050.0000
35095,130050.0000
35096,130050.0000
35097,130050.0000
35098,130050.0000
35099,130050.0000
35100,130050.0000
35101,130050.0000
35102,130050.0000
35103,130050.0000
35104,130050.0000
35105,130050.0000
35106,130050.0000
35107,130050.0000
35108,130050.0000
35109,130050.0000
35110,130050.0000
35111,130050.0000
35112,130050.0000
35113,130050.0000
35114,130050.0000
35115,130050.0000
35116,130050.0000
35117,130050.0000
35118,130050.0000
35119,130050.0000
35120,130050.0000
35121,130050.0000
35122,130050.0000
35123,130050.0000
35124,130050.0000
35125,130050.0000
35126,130050.0000
35127,130050.0000
35128,130050.0000
35129,130050.0000
35130,130050.0000
35131,130050.0000
35132,130050.0000
35133,130050.0000
35134,130050.0000
35135,130050.0000
35136,130050.0000
35137,130050.0000
35138,130050.0000
35139,130050.0000
35140,130050.0000
35141,130050.0000
35142,130050.0000
35143,130050.0000
35144,130050.0000
35145,130050.0000
35146,130050.0000
35147,130050.0000
35148,130050.0000
35149,130050.0000
35150,130050.0000
35151,130050.0000
35152,130050.0000
35153,130050.0000
35154,130050.0000
35155,130050.0000
35156,130050.0000
35157,130050.0000
35158,130050.0000
35159,130050.0000
35160,130050.0000
35161,130050.0000
35162,130050.0000
35163,130050.0000
35164,130050.0000
35165,130050.0000
35166,130050.0000
35167,130050.0000
35168,130050.0000
35169,130050.0000
35170,130050.0000
35171,130050.0000
35172,130050.0000
35173,130050.0000
35174,130050.0000
35175,130050.0000
35176,130050.0000
35177,130050.0000
35178,130050.0000
35179,130050.0000
35180,130050.0000
35181,130050.0000
35182,130050.0000
35183,130050.0000
35184,130050.0000
35185,130050.0000
35186,130050.0000
35187,130050.0000
35188,130050.0000
35189,130050.0000
35190,130050.0000
35191,130050.0000
35192,130050.0000
35193,130050.0000
35194,130050.0000
35195,130050.0000
35196,130050.0000
35197,130050.0000
35198,130050.0000
35199,130050.0000
35200,130050.0000
35201,130050.0000
35202,130050.0000
35203,130050.0000
35204,130050.0000
35205,130050.0000
35206,130050.0000
35207,130050.0000
35208,130050.0000
35209,130050.0000
35210,130050.0000
35211,130050.0000
35212,130050.0000
35213,130050.0000
35214,130050.0000
35215,130050.0000
35216,130050.0000
35217,130050.0000
35218,130050.0000
35219,130050.0000
35220,130050.0000
35221,130050.0000
35222,130050.0000
35223,130050.0000
35224,130050.0000
35225,130050.0000
35226,130050.0000
35227,130050.0000
35228,130050.0000
35229,130050.0000
35230,130050.0000
35231,130050.0000
35232,130050.0000
35233,130050.0000
35234,130050.0000
35235,130050.0000
35236,130050.0000
35237,130050.0000
35238,130050.0000
35239,130050.0000
35240,130050.0000
35241,130050.0000
35242,130050.0000
35243,130050.0000
35244,130050.0000
35245,130050.0000
35246,130050.0000
35247,130050.0000
35248,130050.0000
35249,130050.0000
35250,130050.0000
35251,130050.0000
35252,130050.0000
35253,130050.0000
35254,130050.0000
35255,130050.0000
35256,130050.0000
35257,130050.0000
35258,130050.0000
35259,130050.0000
35260,130050.0000
35261,130050.0000
35262,130050.0000
35263,130050.0000
35264,130050.0000
35265,130050.0000
35266,130050.0000
35267,130050.0000
35268,130050.0000
35269,130050.0000
35270,130050.0000
35271,130050.0000
35272,130050.0000
35273,130050.0000
35274,130050.0000
35275,130050.0000
35276,130050.0000
35277,130050.0000
35278,130050.0000
35279,130050.0000
35280,130050.0000
35281,130050.0000
35282,130050.0000
35283,130050.0000
35284,130050.0000
35285,130050.0000
35286,130050.0000
35287,130050.0000
35288,130050.0000
35289,130050.0000
35290,130050.0000
35291,130050.0000
35292,130050.0000
35293,130050.0000
35294,130050.0000
35295,130050.0000
35296,130050.0000
35297,130050.0000
35298,130050.0000
35299,130050.0000
35300,130050.0000
35301,130050.0000
35302,130050.0000
35303,130050.0000
35304,130050.0000
35305,130050.0000
35306,130050.0000
35307,130050.0000
35308,130050.0000
35309,130050.0000
35310,130050.0000
35311,130050.0000
35312,130050.0000
35313,130050.0000
35314,130050.0000
35315,130050.0000
35316,130050.0000
35317,130050.0000
35318,130050.0000
35319,130050.0000
35320,130050.0000
35321,130050.0000
35322,130050.0000
35323,130050.0000
35324,130050.0000
35325,130050.0000
35326,130050.0000
35327,130050.0000
35328,130050.0000
35329,130050.0000
35330,130050.0000
35331,130050.0000
35332,130050.0000
35333,130050.0000
35334,130050.0000
35335,130050.0000
35336,130050.0000
35337,130050.0000
35338,130050.0000
35339,130050.0000
35340,130050.0000
35341,130050.0000
35342,130050.0000
35343,130050.0000
35344,130050.0000
35345,130050.0000
35346,130050.0000
35347,130050.0000
35348,130050.0000
35349,130050.0000
35350,130050.0000
35351,130050.0000
35352,130050.0000
35353,130050.0000
35354,130050.0000
35355,130050.0000
35356,130050.0000
35357,130050.0000
35358,130050.0000
35359,130050.0000
35360,130050.0000
35361,130050.0000
35362,130050.0000
35363,130050.0000
35364,130050.0000
35365,130050.0000
35366,130050.0000
35367,130050.0000
35368,130050.0000
35369,130050.0000
35370,130050.0000
35371,130050.0000
35372,130050.0000
35373,130050.0000
35374,130050.0000
35375,130050.0000
35376,130050.0000
35377,130050.0000
35378,130050.0000
35379,130050.0000
35380,130050.0000
35381,130050.0000
35382,130050.0000
35383,130050.0000
35384,130050.0000
35385,130050.0000
35386,130050.0000
35387,130050.0000
35388,130050.0000
35389,130050.0000
35390,130050.0000
35391,130050.0000
35392,130050.0000
35393,130050.0000
35394,130050.0000
35395,130050.0000
35396,130050.0000
35397,130050.0000
35398,130050.0000
35399,130050.0000
35400,130050.0000
35401,130050.0000
35402,130050.0000
35403,130050.0000
35404,130050.0000
35405,130050.0000
35406,130050.0000
35407,130050.0000
35408,130050.0000
35409,130050.0000
35410,130050.0000
35411,130050.0000
35412,130050.0000
35413,130050.0000
35414,130050.0000
35415,130050.0000
35416,130050.0000
35417,130050.0000
35418,130050.0000
35419,130050.0000
35420,130050.0000
35421,130050.0000
35422,130050.0000
35423,130050.0000
35424,130050.0000
35425,130050.0000
35426,130050.0000
35427,130050.0000
35428,130050.0000
35429,130050.0000
35430,130050.0000
35431,130050.0000
35432,130050.0000
35433,130050.0000
35434,130050.0000
35435,130050.0000
35436,130050.0000
35437,130050.0000
35438,130050.0000
35439,130050.0000
35440,130050.0000
35441,130050.0000
35442,130050.0000
35443,130050.0000
35444,130050.0000
35445,130050.0000
35446,130050.0000
35447,130050.0000
35448,130050.0000
35449,130050.0000
35450,130050.0000
35451,130050.0000
35452,130050.0000
35453,130050.0000
35454,130050.0000
35455,130050.0000
35456,130050.0000
35457,130050.0000
35458,130050.0000
35459,130050.0000
35460,130050.0000
35461,130050.0000
35462,130050.0000
35463,130050.0000
35464,130050.0000
35465,130050.0000
35466,130050.0000
35467,130050.0000
35468,130050.0000
35469,130050.0000
35470,130050.0000
35471,130050.0000
35472,130050.0000
35473,130050.0000
35474,130050.0000
35475,130050.0000
35476,130050.0000
35477,130050.0000
35478,130050.0000
35479,130050.0000
35480,130050.0000
35481,130050.0000
35482,130050.0000
35483,130050.0000
35484,130050.0000
35485,130050.0000
35486,130050.0000
35487,130050.0000
35488,130050.0000
35489,130050.0000
35490,130050.0000
35491,130050.0000
35492,130050.0000
35493,130050.0000
35494,130050.0000
35495,130050.0000
35496,130050.0000
35497,130050.0000
35498,130050.0000
35499,130050.0000
35500,130050.0000
35501,130050.0000
35502,130050.0000
35503,130050.0000
35504,130050.0000
35505,130050.0000
35506,130050.0000
35507,130050.0000
35508,130050.0000
35509,130050.0000
35510,130050.0000
35511,130050.0000
35512,130050.0000
35513,130050.0000
35514,130050.0000
35515,130050.0000
35516,130050.0000
35517,130050.0000
35518,130050.0000
35519,130050.0000
35520,130050.0000
35521,130050.0000
35522,130050.0000
35523,130050.0000
35524,130050.0000
35525,130050.0000
35526,130050.0000
35527,130050.0000
35528,130050.0000
35529,130050.0000
35530,130050.0000
35531,130050.0000
35532,130050.0000
35533,130050.0000
35534,130050.0000
35535,130050.0000
35536,130050.0000
35537,130050.0000
35538,130050.0000
35539,130050.0000
35540,130050.0000
35541,130050.0000
35542,130050.0000
35543,130050.0000
35544,130050.0000
35545,130050.0000
35546,130050.0000
35547,130050.0000
35548,130050.0000
35549,130050.0000
35550,130050.0000
35551,130050.0000
35552,130050.0000
35553,130050.0000
35554,130050.0000
35555,130050.0000
35556,130050.0000
35557,130050.0000
35558,130050.0000
35559,130050.0000
35560,130050.0000
35561,130050.0000
35562,130050.0000
35563,130050.0000
35564,130050.0000
35565,130050.0000
35566,130050.0000
35567,130050.0000
35568,130050.0000
35569,130050.0000
35570,130050.0000
35571,130050.0000
35572,130050.0000
35573,130050.0000
35574,130050.0000
35575,130050.0000
35576,130050.0000
35577,130050.0000
35578,130050.0000
35579,130050.0000
35580,130050.0000
35581,130050.0000
35582,130050.0000
35583,130050.0000
35584,130050.0000
35585,130050.0000
35586,130050.0000
35587,130050.0000
35588,130050.0000
35589,130050.0000
35590,130050.0000
35591,130050.0000
35592,130050.0000
35593,130050.0000
35594,130050.0000
35595,130050.0000
35596,130050.0000
35597,130050.0000
35598,130050.0000
35599,130050.0000
35600,130050.0000
35601,130050.0000
35602,130050.0000
35603,130050.0000
35604,130050.0000
35605,130050.0000
35606,130050.0000
35607,130050.0000
35608,130050.0000
35609,130050.0000
35610,130050.0000
35611,130050.0000
35612,130050.0000
35613,130050.0000
35614,130050.0000
35615,130050.0000
35616,130050.0000
35617,130050.0000
35618,130050.0000
35619,130050.0000
35620,130050.0000
35621,130050.0000
35622,130050.0000
35623,130050.0000
35624,130050.0000
35625,130050.0000
35626,130050.0000
35627,130050.0000
35628,130050.0000
35629,130050.0000
35630,130050.0000
35631,130050.0000
35632,130050.0000
35633,130050.0000
35634,130050.0000
35635,130050.0000
35636,130050.0000
35637,130050.0000
35638,130050.0000
35639,130050.0000
35640,130050.0000
35641,130050.0000
35642,130050.0000
35643,130050.0000
35644,130050.0000
35645,130050.0000
35646,130050.0000
35647,130050.0000
35648,130050.0000
35649,130050.0000
35650,130050.0000
35651,130050.0000
35652,130050.0000
35653,130050.0000
35654,130050.0000
35655,130050.0000
35656,130050.0000
35657,130050.0000
35658,130050.0000
35659,130050.0000
35660,130050.0000
35661,130050.0000
35662,130050.0000
35663,130050.0000
35664,130050.0000
35665,130050.0000
35666,130050.0000
35667,130050.0000
35668,130050.0000
35669,130050.0000
35670,130050.0000
35671,130050.0000
35672,130050.0000
35673,130050.0000
35674,130050.0000
35675,130050.0000
35676,130050.0000
35677,130050.0000
35678,130050.0000
35679,130050.0000
35680,130050.0000
35681,130050.0000
35682,130050.0000
35683,130050.0000
35684,130050.0000
35685,130050.0000
35686,130050.0000
35687,130050.0000
35688,130050.0000
35689,130050.0000
35690,130050.0000
35691,130050.0000
35692,130050.0000
35693,130050.0000
35694,130050.0000
35695,130050.0000
35696,130050.0000
35697,130050.0000
35698,130050.0000
35699,130050.0000
35700,130050.0000
35701,130050.0000
35702,130050.0000
35703,130050.0000
35704,130050.0000
35705,130050.0000
35706,130050.0000
35707,130050.0000
35708,130050.0000
35709,130050.0000
35710,130050.0000
35711,130050.0000
35712,130050.0000
35713,130050.0000
35714,130050.0000
35715,130050.0000
35716,130050.0000
35717,130050.0000
35718,130050.0000
35719,130050.0000
35720,130050.0000
35721,130050.0000
35722,130050.0000
35723,130050.0000
35724,130050.0000
35725,130050.0000
35726,130050.0000
35727,130050.0000
35728,130050.0000
35729,130050.0000
35730,130050.0000
35731,130050.0000
35732,130050.0000
35733,130050.0000
35734,130050.0000
35735,130050.0000
35736,130050.0000
35737,130050.0000
35738,130050.0000
35739,130050.0000
35740,130050.0000
35741,130050.0000
35742,130050.0000
35743,130050.0000
35744,130050.0000
35745,130050.0000
35746,130050.0000
35747,130050.0000
35748,130050.0000
35749,130050.0000
35750,130050.0000
35751,130050.0000
35752,130050.0000
35753,130050.0000
35754,130050.0000
35755,130050.0000
35756,130050.0000
35757,130050.0000
35758,130050.0000
35759,130050.0000
35760,130050.0000
35761,130050.0000
35762,130050.0000
35763,130050.0000
35764,130050.0000
35765,130050.0000
35766,130050.0000
35767,130050.0000
35768,130050.0000
35769,130050.0000
35770,130050.0000
35771,130050.0000
35772,130050.0000
35773,130050.0000
35774,130050.0000
35775,130050.0000
35776,130050.0000
35777,130050.0000
35778,130050.0000
35779,130050.0000
35780,130050.0000
35781,130050.0000
35782,130050.0000
35783,130050.0000
35784,130050.0000
35785,130050.0000
35786,130050.0000
35787,130050.0000
35788,130050.0000
35789,130050.0000
35790,130050.0000
35791,130050.0000
35792,130050.0000
35793,130050.0000
35794,130050.0000
35795,130050.0000
35796,130050.0000
35797,130050.0000
35798,130050.0000
35799,130050.0000
35800,130050.0000
35801,130050.0000
35802,130050.0000
35803,130050.0000
35804,130050.0000
35805,130050.0000
35806,130050.0000
35807,130050.0000
35808,130050.0000
35809,130050.0000
35810,130050.0000
35811,130050.0000
35812,130050.0000
35813,130050.0000
35814,130050.0000
35815,130050.0000
35816,130050.0000
35817,130050.0000
35818,130050.0000
35819,130050.0000
35820,130050.0000
35821,130050.0000
35822,130050.0000
35823,130050.0000
35824,130050.0000
35825,130050.0000
35826,130050.0000
35827,130050.0000
35828,130050.0000
35829,130050.0000
35830,130050.0000
35831,130050.0000
35832,130050.0000
35833,130050.0000
35834,130050.0000
35835,130050.0000
35836,130050.0000
35837,130050.0000
35838,130050.0000
35839,130050.0000
35840,130050.0000
35841,130050.0000
35842,130050.0000
35843,130050.0000
35844,130050.0000
35845,130050.0000
35846,130050.0000
35847,130050.0000
35848,130050.0000
35849,130050.0000
35850,130050.0000
35851,130050.0000
35852,130050.0000
35853,130050.0000
35854,130050.0000
35855,130050.0000
35856,130050.0000
35857,130050.0000
35858,130050.0000
35859,130050.0000
35860,130050.0000
35861,130050.0000
35862,130050.0000
35863,130050.0000
35864,130050.0000
35865,130050.0000
35866,130050.0000
35867,130050.0000
35868,130050.0000
35869,130050.0000
35870,130050.0000
35871,130050.0000
35872,130050.0000
35873,130050.0000
35874,130050.0000
35875,130050.0000
35876,130050.0000
35877,130050.0000
35878,130050.0000
35879,130050.0000
35880,130050.0000
35881,130050.0000
35882,130050.0000
35883,130050.0000
35884,130050.0000
35885,130050.0000
35886,130050.0000
35887,130050.0000
35888,130050.0000
35889,130050.0000
35890,130050.0000
35891,130050.0000
35892,130050.0000
35893,130050.0000
35894,130050.0000
35895,130050.0000
35896,130050.0000
35897,130050.0000
35898,130050.0000
35899,130050.0000
35900,130050.0000
35901,130050.0000
35902,130050.0000
35903,130050.0000
35904,130050.0000
35905,130050.0000
35906,130050.0000
35907,130050.0000
35908,130050.0000
35909,130050.0000
35910,130050.0000
35911,130050.0000
35912,130050.0000
35913,130050.0000
35914,130050.0000
35915,130050.0000
35916,130050.0000
35917,130050.0000
35918,130050.0000
35919,130050.0000
35920,130050.0000
35921,130050.0000
35922,130050.0000
35923,130050.0000
35924,130050.0000
35925,130050.0000
35926,130050.0000
35927,130050.0000
35928,130050.0000
35929,130050.0000
35930,130050.0000
35931,130050.0000
35932,130050.0000
35933,130050.0000
35934,130050.0000
35935,130050.0000
35936,130050.0000
35937,130050.0000
35938,130050.0000
35939,130050.0000
35940,130050.0000
35941,130050.0000
35942,130050.0000
35943,130050.0000
35944,130050.0000
35945,130050.0000
35946,130050.0000
35947,130050.0000
35948,130050.0000
35949,130050.0000
35950,130050.0000
35951,130050.0000
35952,130050.0000
35953,130050.0000
35954,130050.0000
35955,130050.0000
35956,130050.0000
35957,130050.0000
35958,130050.0000
35959,130050.0000
35960,130050.0000
35961,130050.0000
35962,130050.0000
35963,130050.0000
35964,130050.0000
35965,130050.0000
35966,130050.0000
35967,130050.0000
35968,130050.0000
35969,130050.0000
35970,130050.0000
35971,130050.0000
35972,130050.0000
35973,130050.0000
35974,130050.0000
35975,130050.0000
35976,130050.0000
35977,130050.0000
35978,130050.0000
35979,130050.0000
35980,130050.0000
35981,130050.0000
35982,130050.0000
35983,130050.0000
35984,130050.0000
35985,130050.0000
35986,130050.0000
35987,130050.0000
35988,130050.0000
35989,130050.0000
35990,130050.0000
35991,130050.0000
35992,130050.0000
35993,130050.0000
35994,130050.0000
35995,130050.0000
35996,130050.0000
35997,130050.0000
35998,130050.0000
35999,130050.0000
36000,130050.0000
36001,130050.0000
36002,130050.0000
36003,130050.0000
36004,130050.0000
36005,130050.0000
36006,130050.0000
36007,130050.0000
36008,130050.0000
36009,130050.0000
36010,130050.0000
36011,130050.0000
36012,130050.0000
36013,130050.0000
36014,130050.0000
36015,130050.0000
36016,130050.0000
36017,130050.0000
36018,130050.0000
36019,130050.0000
36020,130050.0000
36021,130050.0000
36022,130050.0000
36023,130050.0000
36024,130050.0000
36025,130050.0000
36026,130050.0000
36027,130050.0000
36028,130050.0000
36029,130050.0000
36030,130050.0000
36031,130050.0000
36032,130050.0000
36033,130050.0000
36034,130050.0000
36035,130050.0000
36036,130050.0000
36037,130050.0000
36038,130050.0000
36039,130050.0000
36040,130050.0000
36041,130050.0000
36042,130050.0000
36043,130050.0000
36044,130050.0000
36045,130050.0000
36046,130050.0000
36047,130050.0000
36048,130050.0000
36049,130050.0000
36050,130050.0000
36051,130050.0000
36052,130050.0000
36053,130050.0000
36054,130050.0000
36055,130050.0000
36056,130050.0000
36057,130050.0000
36058,130050.0000
36059,130050.0000
36060,130050.0000
36061,130050.0000
36062,130050.0000
36063,130050.0000
36064,130050.0000
36065,130050.0000
36066,130050.0000
36067,130050.0000
36068,130050.0000
36069,130050.0000
36070,130050.0000
36071,130050.0000
36072,130050.0000
36073,130050.0000
36074,130050.0000
36075,130050.0000
36076,130050.0000
36077,130050.0000
36078,130050.0000
36079,130050.0000
36080,130050.0000
36081,130050.0000
36082,130050.0000
36083,130050.0000
36084,130050.0000
36085,130050.0000
36086,130050.0000
36087,130050.0000
36088,130050.0000
36089,130050.0000
36090,130050.0000
36091,130050.0000
36092,130050.0000
36093,130050.0000
36094,130050.0000
36095,130050.0000
36096,130050.0000
36097,130050.0000
36098,130050.0000
36099,130050.0000
36100,130050.0000
36101,130050.0000
36102,130050.0000
36103,130050.0000
36104,130050.0000
36105,130050.0000
36106,130050.0000
36107,130050.0000
36108,130050.0000
36109,130050.0000
36110,130050.0000
36111,130050.0000
36112,130050.0000
36113,130050.0000
36114,130050.0000
36115,130050.0000
36116,130050.0000
36117,130050.0000
36118,130050.0000
36119,130050.0000
36120,130050.0000
36121,130050.0000
36122,130050.0000
36123,130050.0000
36124,130050.0000
36125,130050.0000
36126,130050.0000
36127,130050.0000
36128,130050.0000
36129,130050.0000
36130,130050.0000
36131,130050.0000
36132,130050.0000
36133,130050.0000
36134,130050.0000
36135,130050.0000
36136,130050.0000
36137,130050.0000
36138,130050.0000
36139,130050.0000
36140,130050.0000
36141,130050.0000
36142,130050.0000
36143,130050.0000
36144,130050.0000
36145,130050.0000
36146,130050.0000
36147,130050.0000
36148,130050.0000
36149,130050.0000
36150,130050.0000
36151,130050.0000
36152,130050.0000
36153,130050.0000
36154,130050.0000
36155,130050.0000
36156,130050.0000
36157,130050.0000
36158,130050.0000
36159,130050.0000
36160,130050.0000
36161,130050.0000
36162,130050.0000
36163,130050.0000
36164,130050.0000
36165,130050.0000
36166,130050.0000
36167,130050.0000
36168,130050.0000
36169,130050.0000
36170,130050.0000
36171,130050.0000
36172,130050.0000
36173,130050.0000
36174,130050.0000
36175,130050.0000
36176,130050.0000
36177,130050.0000
36178,130050.0000
36179,130050.0000
36180,130050.0000
36181,130050.0000
36182,130050.0000
36183,130050.0000
36184,130050.0000
36185,130050.0000
36186,130050.0000
36187,130050.0000
36188,130050.0000
36189,130050.0000
36190,130050.0000
36191,130050.0000
36192,130050.0000
36193,130050.0000
36194,130050.0000
36195,130050.0000
36196,130050.0000
36197,130050.0000
36198,130050.0000
36199,130050.0000
36200,130050.0000
36201,130050.0000
36202,130050.0000
36203,130050.0000
36204,130050.0000
36205,130050.0000
36206,130050.0000
36207,130050.0000
36208,130050.0000
36209,130050.0000
36210,130050.0000
36211,130050.0000
36212,130050.0000
36213,130050.0000
36214,130050.0000
36215,130050.0000
36216,130050.0000
36217,130050.0000
36218,130050.0000
36219,130050.0000
36220,130050.0000
36221,130050.0000
36222,130050.0000
36223,130050.0000
36224,130050.0000
36225,130050.0000
36226,130050.0000
36227,130050.0000
36228,130050.0000
36229,130050.0000
36230,130050.0000
36231,130050.0000
36232,130050.0000
36233,130050.0000
36234,130050.0000
36235,130050.0000
36236,130050.0000
36237,130050.0000
36238,130050.0000
36239,130050.0000
36240,130050.0000
36241,130050.0000
36242,130050.0000
36243,130050.0000
36244,130050.0000
36245,130050.0000
36246,130050.0000
36247,130050.0000
36248,130050.0000
36249,130050.0000
36250,130050.0000
36251,130050.0000
36252,130050.0000
36253,130050.0000
36254,130050.0000
36255,130050.0000
36256,130050.0000
36257,130050.0000
36258,130050.0000
36259,130050.0000
36260,130050.0000
36261,130050.0000
36262,130050.0000
36263,130050.0000
36264,130050.0000
36265,130050.0000
36266,130050.0000
36267,130050.0000
36268,130050.0000
36269,130050.0000
36270,130050.0000
36271,130050.0000
36272,130050.0000
36273,130050.0000
36274,130050.0000
36275,130050.0000
36276,130050.0000
36277,130050.0000
36278,130050.0000
36279,130050.0000
36280,130050.0000
36281,130050.0000
36282,130050.0000
36283,130050.0000
36284,130050.0000
36285,130050.0000
36286,130050.0000
36287,130050.0000
36288,130050.0000
36289,130050.0000
36290,130050.0000
36291,130050.0000
36292,130050.0000
36293,130050.0000
36294,130050.0000
36295,130050.0000
36296,130050.0000
36297,130050.0000
36298,130050.0000
36299,130050.0000
36300,130050.0000
36301,130050.0000
36302,130050.0000
36303,130050.0000
36304,130050.0000
36305,130050.0000
36306,130050.0000
36307,130050.0000
36308,130050.0000
36309,130050.0000
36310,130050.0000
36311,130050.0000
36312,130050.0000
36313,130050.0000
36314,130050.0000
36315,130050.0000
36316,130050.0000
36317,130050.0000
36318,130050.0000
36319,130050.0000
36320,130050.0000
36321,130050.0000
36322,130050.0000
36323,130050.0000
36324,130050.0000
36325,130050.0000
36326,130050.0000
36327,130050.0000
36328,130050.0000
36329,130050.0000
36330,130050.0000
36331,130050.0000
36332,130050.0000
36333,130050.0000
36334,130050.0000
36335,130050.0000
36336,130050.0000
36337,130050.0000
36338,130050.0000
36339,130050.0000
36340,130050.0000
36341,130050.0000
36342,130050.0000
36343,130050.0000
36344,130050.0000
36345,130050.0000
36346,130050.0000
36347,130050.0000
36348,130050.0000
36349,130050.0000
36350,130050.0000
36351,130050.0000
36352,130050.0000
36353,130050.0000
36354,130050.0000
36355,130050.0000
36356,130050.0000
36357,130050.0000
36358,130050.0000
36359,130050.0000
36360,130050.0000
36361,130050.0000
36362,130050.0000
36363,130050.0000
36364,130050.0000
36365,130050.0000
36366,130050.0000
36367,130050.0000
36368,130050.0000
36369,130050.0000
36370,130050.0000
36371,130050.0000
36372,130050.0000
36373,130050.0000
36374,130050.0000
36375,130050.0000
36376,130050.0000
36377,130050.0000
36378,130050.0000
36379,130050.0000
36380,130050.0000
36381,130050.0000
36382,130050.0000
36383,130050.0000
36384,130050.0000
36385,130050.0000
36386,130050.0000
36387,130050.0000
36388,130050.0000
36389,130050.0000
36390,130050.0000
36391,130050.0000
36392,130050.0000
36393,130050.0000
36394,130050.0000
36395,130050.0000
36396,130050.0000
36397,130050.0000
36398,130050.0000
36399,130050.0000
36400,130050.0000
36401,130050.0000
36402,130050.0000
36403,130050.0000
36404,130050.0000
36405,130050.0000
36406,130050.0000
36407,130050.0000
36408,130050.0000
36409,130050.0000
36410,130050.0000
36411,130050.0000
36412,130050.0000
36413,130050.0000
36414,130050.0000
36415,130050.0000
36416,130050.0000
36417,130050.0000
36418,130050.0000
36419,130050.0000
36420,130050.0000
36421,130050.0000
36422,130050.0000
36423,130050.0000
36424,130050.0000
36425,130050.0000
36426,130050.0000
36427,130050.0000
36428,130050.0000
36429,130050.0000
36430,130050.0000
36431,130050.0000
36432,130050.0000
36433,130050.0000
36434,130050.0000
36435,130050.0000
36436,130050.0000
36437,130050.0000
36438,130050.0000
36439,130050.0000
36440,130050.0000
36441,130050.0000
36442,130050.0000
36443,130050.0000
36444,130050.0000
36445,130050.0000
36446,130050.0000
36447,130050.0000
36448,130050.0000
36449,130050.0000
36450,130050.0000
36451,130050.0000
36452,130050.0000
36453,130050.0000
36454,130050.0000
36455,130050.0000
36456,130050.0000
36457,130050.0000
36458,130050.0000
36459,130050.0000
36460,130050.0000
36461,130050.0000
36462,130050.0000
36463,130050.0000
36464,130050.0000
36465,130050.0000
36466,130050.0000
36467,130050.0000
36468,130050.0000
36469,130050.0000
36470,130050.0000
36471,130050.0000
36472,130050.0000
36473,130050.0000
36474,130050.0000
36475,130050.0000
36476,130050.0000
36477,130050.0000
36478,130050.0000
36479,130050.0000
36480,130050.0000
36481,130050.0000
36482,130050.0000
36483,130050.0000
36484,130050.0000
36485,130050.0000
36486,130050.0000
36487,130050.0000
36488,130050.0000
36489,130050.0000
36490,130050.0000
36491,130050.0000
36492,130050.0000
36493,130050.0000
36494,130050.0000
36495,130050.0000
36496,130050.0000
36497,130050.0000
36498,130050.0000
36499,130050.0000
36500,130050.0000
36501,130050.0000
36502,130050.0000
36503,130050.0000
36504,130050.0000
36505,130050.0000
36506,130050.0000
36507,130050.0000
36508,130050.0000
36509,130050.0000
36510,130050.0000
36511,130050.0000
36512,130050.0000
36513,130050.0000
36514,130050.0000
36515,130050.0000
36516,130050.0000
36517,130050.0000
36518,130050.0000
36519,130050.0000
36520,130050.0000
36521,130050.0000
36522,130050.0000
36523,130050.0000
36524,130050.0000
36525,130050.0000
36526,130050.0000
36527,130050.0000
36528,130050.0000
36529,130050.0000
36530,130050.0000
36531,130050.0000
36532,130050.0000
36533,130050.0000
36534,130050.0000
36535,130050.0000
36536,130050.0000
36537,130050.0000
36538,130050.0000
36539,130050.0000
36540,130050.0000
36541,130050.0000
36542,130050.0000
36543,130050.0000
36544,130050.0000
36545,130050.0000
36546,130050.0000
36547,130050.0000
36548,130050.0000
36549,130050.0000
36550,130050.0000
36551,130050.0000
36552,130050.0000
36553,130050.0000
36554,130050.0000
36555,130050.0000
36556,130050.0000
36557,130050.0000
36558,130050.0000
36559,130050.0000
36560,130050.0000
36561,130050.0000
36562,130050.0000
36563,130050.0000
36564,130050.0000
36565,130050.0000
36566,130050.0000
36567,130050.0000
36568,130050.0000
36569,130050.0000
36570,130050.0000
36571,130050.0000
36572,130050.0000
36573,130050.0000
36574,130050.0000
36575,130050.0000
36576,130050.0000
36577,130050.0000
36578,130050.0000
36579,130050.0000
36580,130050.0000
36581,130050.0000
36582,130050.0000
36583,130050.0000
36584,130050.0000
36585,130050.0000
36586,130050.0000
36587,130050.0000
36588,130050.0000
36589,130050.0000
36590,130050.0000
36591,130050.0000
36592,130050.0000
36593,130050.0000
36594,130050.0000
36595,130050.0000
36596,130050.0000
36597,130050.0000
36598,130050.0000
36599,130050.0000
36600,130050.0000
36601,130050.0000
36602,130050.0000
36603,130050.0000
36604,130050.0000
36605,130050.0000
36606,130050.0000
36607,130050.0000
36608,130050.0000
36609,130050.0000
36610,130050.0000
36611,130050.0000
36612,130050.0000
36613,130050.0000
36614,130050.0000
36615,130050.0000
36616,130050.0000
36617,130050.0000
36618,130050.0000
36619,130050.0000
36620,130050.0000
36621,130050.0000
36622,130050.0000
36623,130050.0000
36624,130050.0000
36625,130050.0000
36626,130050.0000
36627,130050.0000
36628,130050.0000
36629,130050.0000
36630,130050.0000
36631,130050.0000
36632,130050.0000
36633,130050.0000
36634,130050.0000
36635,130050.0000
36636,130050.0000
36637,130050.0000
36638,130050.0000
36639,130050.0000
36640,130050.0000
36641,130050.0000
36642,130050.0000
36643,130050.0000
36644,130050.0000
36645,130050.0000
36646,130050.0000
36647,130050.0000
36648,130050.0000
36649,130050.0000
36650,130050.0000
36651,130050.0000
36652,130050.0000
36653,130050.0000
36654,130050.0000
36655,130050.0000
36656,130050.0000
36657,130050.0000
36658,130050.0000
36659,130050.0000
36660,130050.0000
36661,130050.0000
36662,130050.0000
36663,130050.0000
36664,130050.0000
36665,130050.0000
36666,130050.0000
36667,130050.0000
36668,130050.0000
36669,130050.0000
36670,130050.0000
36671,130050.0000
36672,130050.0000
36673,130050.0000
36674,130050.0000
36675,130050.0000
36676,130050.0000
36677,130050.0000
36678,130050.0000
36679,130050.0000
36680,130050.0000
36681,130050.0000
36682,130050.0000
36683,130050.0000
36684,130050.0000
36685,130050.0000
36686,130050.0000
36687,130050.0000
36688,130050.0000
36689,130050.0000
36690,130050.0000
36691,130050.0000
36692,130050.0000
36693,130050.0000
36694,130050.0000
36695,130050.0000
36696,130050.0000
36697,130050.0000
36698,130050.0000
36699,130050.0000
36700,130050.0000
36701,130050.0000
36702,130050.0000
36703,130050.0000
36704,130050.0000
36705,130050.0000
36706,130050.0000
36707,130050.0000
36708,130050.0000
36709,130050.0000
36710,130050.0000
36711,130050.0000
36712,130050.0000
36713,130050.0000
36714,130050.0000
36715,130050.0000
36716,130050.0000
36717,130050.0000
36718,130050.0000
36719,130050.0000
36720,130050.0000
36721,130050.0000
36722,130050.0000
36723,130050.0000
36724,130050.0000
36725,130050.0000
36726,130050.0000
36727,130050.0000
36728,130050.0000
36729,130050.0000
36730,130050.0000
36731,130050.0000
36732,130050.0000
36733,130050.0000
36734,130050.0000
36735,130050.0000
36736,130050.0000
36737,130050.0000
36738,130050.0000
36739,130050.0000
36740,130050.0000
36741,130050.0000
36742,130050.0000
36743,130050.0000
36744,130050.0000
36745,130050.0000
36746,130050.0000
36747,130050.0000
36748,130050.0000
36749,130050.0000
36750,130050.0000
36751,130050.0000
36752,130050.0000
36753,130050.0000
36754,130050.0000
36755,130050.0000
36756,130050.0000
36757,130050.0000
36758,130050.0000
36759,130050.0000
36760,130050.0000
36761,130050.0000
36762,130050.0000
36763,130050.0000
36764,130050.0000
36765,130050.0000
36766,130050.0000
36767,130050.0000
36768,130050.0000
36769,130050.0000
36770,130050.0000
36771,130050.0000
36772,130050.0000
36773,130050.0000
36774,130050.0000
36775,130050.0000
36776,130050.0000
36777,130050.0000
36778,130050.0000
36779,130050.0000
36780,130050.0000
36781,130050.0000
36782,130050.0000
36783,130050.0000
36784,130050.0000
36785,130050.0000
36786,130050.0000
36787,130050.0000
36788,130050.0000
36789,130050.0000
36790,130050.0000
36791,130050.0000
36792,130050.0000
36793,130050.0000
36794,130050.0000
36795,130050.0000
36796,130050.0000
36797,130050.0000
36798,130050.0000
36799,130050.0000
36800,130050.0000
36801,130050.0000
36802,130050.0000
36803,130050.0000
36804,130050.0000
36805,130050.0000
36806,130050.0000
36807,130050.0000
36808,130050.0000
36809,130050.0000
36810,130050.0000
36811,130050.0000
36812,130050.0000
36813,130050.0000
36814,130050.0000
36815,130050.0000
36816,130050.0000
36817,130050.0000
36818,130050.0000
36819,130050.0000
36820,130050.0000
36821,130050.0000
36822,130050.0000
36823,130050.0000
36824,130050.0000
36825,130050.0000
36826,130050.0000
36827,130050.0000
36828,130050.0000
36829,130050.0000
36830,130050.0000
36831,130050.0000
36832,130050.0000
36833,130050.0000
36834,130050.0000
36835,130050.0000
36836,130050.0000
36837,130050.0000
36838,130050.0000
36839,130050.0000
36840,130050.0000
36841,130050.0000
36842,130050.0000
36843,130050.0000
36844,130050.0000
36845,130050.0000
36846,130050.0000
36847,130050.0000
36848,130050.0000
36849,130050.0000
36850,130050.0000
36851,130050.0000
36852,130050.0000
36853,130050.0000
36854,130050.0000
36855,130050.0000
36856,130050.0000
36857,130050.0000
36858,130050.0000
36859,130050.0000
36860,130050.0000
36861,130050.0000
36862,130050.0000
36863,130050.0000
36864,130050.0000
36865,130050.0000
36866,130050.0000
36867,130050.0000
36868,130050.0000
36869,130050.0000
36870,130050.0000
36871,130050.0000
36872,130050.0000
36873,130050.0000
36874,130050.0000
36875,130050.0000
36876,130050.0000
36877,130050.0000
36878,130050.0000
36879,130050.0000
36880,130050.0000
36881,130050.0000
36882,130050.0000
36883,130050.0000
36884,130050.0000
36885,130050.0000
36886,130050.0000
36887,130050.0000
36888,130050.0000
36889,130050.0000
36890,130050.0000
36891,130050.0000
36892,130050.0000
36893,130050.0000
36894,130050.0000
36895,130050.0000
36896,130050.0000
36897,130050.0000
36898,130050.0000
36899,130050.0000
36900,130050.0000
36901,130050.0000
36902,130050.0000
36903,130050.0000
36904,130050.0000
36905,130050.0000
36906,130050.0000
36907,130050.0000
36908,130050.0000
36909,130050.0000
36910,130050.0000
36911,130050.0000
36912,130050.0000
36913,130050.0000
36914,130050.0000
36915,130050.0000
36916,130050.0000
36917,130050.0000
36918,130050.0000
36919,130050.0000
36920,130050.0000
36921,130050.0000
36922,130050.0000
36923,130050.0000
36924,130050.0000
36925,130050.0000
36926,130050.0000
36927,130050.0000
36928,130050.0000
36929,130050.0000
36930,130050.0000
36931,130050.0000
36932,130050.0000
36933,130050.0000
36934,130050.0000
36935,130050.0000
36936,130050.0000
36937,130050.0000
36938,130050.0000
36939,130050.0000
36940,130050.0000
36941,130050.0000
36942,130050.0000
36943,130050.0000
36944,130050.0000
36945,130050.0000
36946,130050.0000
36947,130050.0000
36948,130050.0000
36949,130050.0000
36950,130050.0000
36951,130050.0000
36952,130050.0000
36953,130050.0000
36954,130050.0000
36955,130050.0000
36956,130050.0000
36957,130050.0000
36958,130050.0000
36959,130050.0000
36960,130050.0000
36961,130050.0000
36962,130050.0000
36963,130050.0000
36964,130050.0000
36965,130050.0000
36966,130050.0000
36967,130050.0000
36968,130050.0000
36969,130050.0000
36970,130050.0000
36971,130050.0000
36972,130050.0000
36973,130050.0000
36974,130050.0000
36975,130050.0000
36976,130050.0000
36977,130050.0000
36978,130050.0000
36979,130050.0000
36980,130050.0000
36981,130050.0000
36982,130050.0000
36983,130050.0000
36984,130050.0000
36985,130050.0000
36986,130050.0000
36987,130050.0000
36988,130050.0000
36989,130050.0000
36990,130050.0000
36991,130050.0000
36992,130050.0000
36993,130050.0000
36994,130050.0000
36995,130050.0000
36996,130050.0000
36997,130050.0000
36998,130050.0000
36999,130050.0000
37000,130050.0000
37001,130050.0000
37002,130050.0000
37003,130050.0000
37004,130050.0000
37005,130050.0000
37006,130050.0000
37007,130050.0000
37008,130050.0000
37009,130050.0000
37010,130050.0000
37011,130050.0000
37012,130050.0000
37013,130050.0000
37014,130050.0000
37015,130050.0000
37016,130050.0000
37017,130050.0000
37018,130050.0000
37019,130050.0000
37020,130050.0000
37021,130050.0000
37022,130050.0000
37023,130050.0000
37024,130050.0000
37025,130050.0000
37026,130050.0000
37027,130050.0000
37028,130050.0000
37029,130050.0000
37030,130050.0000
37031,130050.0000
37032,130050.0000
37033,130050.0000
37034,130050.0000
37035,130050.0000
37036,130050.0000
37037,130050.0000
37038,130050.0000
37039,130050.0000
37040,130050.0000
37041,130050.0000
37042,130050.0000
37043,130050.0000
37044,130050.0000
37045,130050.0000
37046,130050.0000
37047,130050.0000
37048,130050.0000
37049,130050.0000
37050,130050.0000
37051,130050.0000
37052,130050.0000
37053,130050.0000
37054,130050.0000
37055,130050.0000
37056,130050.0000
37057,130050.0000
37058,130050.0000
37059,130050.0000
37060,130050.0000
37061,130050.0000
37062,130050.0000
37063,130050.0000
37064,130050.0000
37065,130050.0000
37066,130050.0000
37067,130050.0000
37068,130050.0000
37069,130050.0000
37070,130050.0000
37071,130050.0000
37072,130050.0000
37073,130050.0000
37074,130050.0000
37075,130050.0000
37076,130050.0000
37077,130050.0000
37078,130050.0000
37079,130050.0000
37080,130050.0000
37081,130050.0000
37082,130050.0000
37083,130050.0000
37084,130050.0000
37085,130050.0000
37086,130050.0000
37087,130050.0000
37088,130050.0000
37089,130050.0000
37090,130050.0000
37091,130050.0000
37092,130050.0000
37093,130050.0000
37094,130050.0000
37095,130050.0000
37096,130050.0000
37097,130050.0000
37098,130050.0000
37099,130050.0000
37100,130050.0000
37101,130050.0000
37102,130050.0000
37103,130050.0000
37104,130050.0000
37105,130050.0000
37106,130050.0000
37107,130050.0000
37108,130050.0000
37109,130050.0000
37110,130050.0000
37111,130050.0000
37112,130050.0000
37113,130050.0000
37114,130050.0000
37115,130050.0000
37116,130050.0000
37117,130050.0000
37118,130050.0000
37119,130050.0000
37120,130050.0000
37121,130050.0000
37122,130050.0000
37123,130050.0000
37124,130050.0000
37125,130050.0000
37126,130050.0000
37127,130050.0000
37128,130050.0000
37129,130050.0000
37130,130050.0000
37131,130050.0000
37132,130050.0000
37133,130050.0000
37134,130050.0000
37135,130050.0000
37136,130050.0000
37137,130050.0000
37138,130050.0000
37139,130050.0000
37140,130050.0000
37141,130050.0000
37142,130050.0000
37143,130050.0000
37144,130050.0000
37145,130050.0000
37146,130050.0000
37147,130050.0000
37148,130050.0000
37149,130050.0000
37150,130050.0000
37151,130050.0000
37152,130050.0000
37153,130050.0000
37154,130050.0000
37155,130050.0000
37156,130050.0000
37157,130050.0000
37158,130050.0000
37159,130050.0000
37160,130050.0000
37161,130050.0000
37162,130050.0000
37163,130050.0000
37164,130050.0000
37165,130050.0000
37166,130050.0000
37167,130050.0000
37168,130050.0000
37169,130050.0000
37170,130050.0000
37171,130050.0000
37172,130050.0000
37173,130050.0000
37174,130050.0000
37175,130050.0000
37176,130050.0000
37177,130050.0000
37178,130050.0000
37179,130050.0000
37180,130050.0000
37181,130050.0000
37182,130050.0000
37183,130050.0000
37184,130050.0000
37185,130050.0000
37186,130050.0000
37187,130050.0000
37188,130050.0000
37189,130050.0000
37190,130050.0000
37191,130050.0000
37192,130050.0000
37193,130050.0000
37194,130050.0000
37195,130050.0000
37196,130050.0000
37197,130050.0000
37198,130050.0000
37199,130050.0000
37200,130050.0000
37201,130050.0000
37202,130050.0000
37203,130050.0000
37204,130050.0000
37205,130050.0000
37206,130050.0000
37207,130050.0000
37208,130050.0000
37209,130050.0000
37210,130050.0000
37211,130050.0000
37212,130050.0000
37213,130050.0000
37214,130050.0000
37215,130050.0000
37216,130050.0000
37217,130050.0000
37218,130050.0000
37219,130050.0000
37220,130050.0000
37221,130050.0000
37222,130050.0000
37223,130050.0000
37224,130050.0000
37225,130050.0000
37226,130050.0000
37227,130050.0000
37228,130050.0000
37229,130050.0000
37230,130050.0000
37231,130050.0000
37232,130050.0000
37233,130050.0000
37234,130050.0000
37235,130050.0000
37236,130050.0000
37237,130050.0000
37238,130050.0000
37239,130050.0000
37240,130050.0000
37241,130050.0000
37242,130050.0000
37243,130050.0000
37244,130050.0000
37245,130050.0000
37246,130050.0000
37247,130050.0000
37248,130050.0000
37249,130050.0000
37250,130050.0000
37251,130050.0000
37252,130050.0000
37253,130050.0000
37254,130050.0000
37255,130050.0000
37256,130050.0000
37257,130050.0000
37258,130050.0000
37259,130050.0000
37260,130050.0000
37261,130050.0000
37262,130050.0000
37263,130050.0000
37264,130050.0000
37265,130050.0000
37266,130050.0000
37267,130050.0000
37268,130050.0000
37269,130050.0000
37270,130050.0000
37271,130050.0000
37272,130050.0000
37273,130050.0000
37274,130050.0000
37275,130050.0000
37276,130050.0000
37277,130050.0000
37278,130050.0000
37279,130050.0000
37280,130050.0000
37281,130050.0000
37282,130050.0000
37283,130050.0000
37284,130050.0000
37285,130050.0000
37286,130050.0000
37287,130050.0000
37288,130050.0000
37289,130050.0000
37290,130050.0000
37291,130050.0000
37292,130050.0000
37293,130050.0000
37294,130050.0000
37295,130050.0000
37296,130050.0000
37297,130050.0000
37298,130050.0000
37299,130050.0000
37300,130050.0000
37301,130050.0000
37302,130050.0000
37303,130050.0000
37304,130050.0000
37305,130050.0000
37306,130050.0000
37307,130050.0000
37308,130050.0000
37309,130050.0000
37310,130050.0000
37311,130050.0000
37312,130050.0000
37313,130050.0000
37314,130050.0000
37315,130050.0000
37316,130050.0000
37317,130050.0000
37318,130050.0000
37319,130050.0000
37320,130050.0000
37321,130050.0000
37322,130050.0000
37323,130050.0000
37324,130050.0000
37325,130050.0000
37326,130050.0000
37327,130050.0000
37328,130050.0000
37329,130050.0000
37330,130050.0000
37331,130050.0000
37332,130050.0000
37333,130050.0000
37334,130050.0000
37335,130050.0000
37336,130050.0000
37337,130050.0000
37338,130050.0000
37339,130050.0000
37340,130050.0000
37341,130050.0000
37342,130050.0000
37343,130050.0000
37344,130050.0000
37345,130050.0000
37346,130050.0000
37347,130050.0000
37348,130050.0000
37349,130050.0000
37350,130050.0000
37351,130050.0000
37352,130050.0000
37353,130050.0000
37354,130050.0000
37355,130050.0000
37356,130050.0000
37357,130050.0000
37358,130050.0000
37359,130050.0000
37360,130050.0000
37361,130050.0000
37362,130050.0000
37363,130050.0000
37364,130050.0000
37365,130050.0000
37366,130050.0000
37367,130050.0000
37368,130050.0000
37369,130050.0000
37370,130050.0000
37371,130050.0000
37372,130050.0000
37373,130050.0000
37374,130050.0000
37375,130050.0000
37376,130050.0000
37377,130050.0000
37378,130050.0000
37379,130050.0000
37380,130050.0000
37381,130050.0000
37382,130050.0000
37383,130050.0000
37384,130050.0000
37385,130050.0000
37386,130050.0000
37387,130050.0000
37388,130050.0000
37389,130050.0000
37390,130050.0000
37391,130050.0000
37392,130050.0000
37393,130050.0000
37394,130050.0000
37395,130050.0000
37396,130050.0000
37397,130050.0000
37398,130050.0000
37399,130050.0000
37400,130050.0000
37401,130050.0000
37402,130050.0000
37403,130050.0000
37404,130050.0000
37405,130050.0000
37406,130050.0000
37407,130050.0000
37408,130050.0000
37409,130050.0000
37410,130050.0000
37411,130050.0000
37412,130050.0000
37413,130050.0000
37414,130050.0000
37415,130050.0000
37416,130050.0000
37417,130050.0000
37418,130050.0000
37419,130050.0000
37420,130050.0000
37421,130050.0000
37422,130050.0000
37423,130050.0000
37424,130050.0000
37425,130050.0000
37426,130050.0000
37427,130050.0000
37428,130050.0000
37429,130050.0000
37430,130050.0000
37431,130050.0000
37432,130050.0000
37433,130050.0000
37434,130050.0000
37435,130050.0000
37436,130050.0000
37437,130050.0000
37438,130050.0000
37439,130050.0000
37440,130050.0000
37441,130050.0000
37442,130050.0000
37443,130050.0000
37444,130050.0000
37445,130050.0000
37446,130050.0000
37447,130050.0000
37448,130050.0000
37449,130050.0000
37450,130050.0000
37451,130050.0000
37452,130050.0000
37453,130050.0000
37454,130050.0000
37455,130050.0000
37456,130050.0000
37457,130050.0000
37458,130050.0000
37459,130050.0000
37460,130050.0000
37461,130050.0000
37462,130050.0000
37463,130050.0000
37464,130050.0000
37465,130050.0000
37466,130050.0000
37467,130050.0000
37468,130050.0000
37469,130050.0000
37470,130050.0000
37471,130050.0000
37472,130050.0000
37473,130050.0000
37474,130050.0000
37475,130050.0000
37476,130050.0000
37477,130050.0000
37478,130050.0000
37479,130050.0000
37480,130050.0000
37481,130050.0000
37482,130050.0000
37483,130050.0000
37484,130050.0000
37485,130050.0000
37486,130050.0000
37487,130050.0000
37488,130050.0000
37489,130050.0000
37490,130050.0000
37491,130050.0000
37492,130050.0000
37493,130050.0000
37494,130050.0000
37495,130050.0000
37496,130050.0000
37497,130050.0000
37498,130050.0000
37499,130050.0000
37500,130050.0000
37501,130050.0000
37502,130050.0000
37503,130050.0000
37504,130050.0000
37505,130050.0000
37506,130050.0000
37507,130050.0000
37508,130050.0000
37509,130050.0000
37510,130050.0000
37511,130050.0000
37512,130050.0000
37513,130050.0000
37514,130050.0000
37515,130050.0000
37516,130050.0000
37517,130050.0000
37518,130050.0000
37519,130050.0000
37520,130050.0000
37521,130050.0000
37522,130050.0000
37523,130050.0000
37524,130050.0000
37525,130050.0000
37526,130050.0000
37527,130050.0000
37528,130050.0000
37529,130050.0000
37530,130050.0000
37531,130050.0000
37532,130050.0000
37533,130050.0000
37534,130050.0000
37535,130050.0000
37536,130050.0000
37537,130050.0000
37538,130050.0000
37539,130050.0000
37540,130050.0000
37541,130050.0000
37542,130050.0000
37543,130050.0000
37544,130050.0000
37545,130050.0000
37546,130050.0000
37547,130050.0000
37548,130050.0000
37549,130050.0000
37550,130050.0000
37551,130050.0000
37552,130050.0000
37553,130050.0000
37554,130050.0000
37555,130050.0000
37556,130050.0000
37557,130050.0000
37558,130050.0000
37559,130050.0000
37560,130050.0000
37561,130050.0000
37562,130050.0000
37563,130050.0000
37564,130050.0000
37565,130050.0000
37566,130050.0000
37567,130050.0000
37568,130050.0000
37569,130050.0000
37570,130050.0000
37571,130050.0000
37572,130050.0000
37573,130050.0000
37574,130050.0000
37575,130050.0000
37576,130050.0000
37577,130050.0000
37578,130050.0000
37579,130050.0000
37580,130050.0000
37581,130050.0000
37582,130050.0000
37583,130050.0000
37584,130050.0000
37585,130050.0000
37586,130050.0000
37587,130050.0000
37588,130050.0000
37589,130050.0000
37590,130050.0000
37591,130050.0000
37592,130050.0000
37593,130050.0000
37594,130050.0000
37595,130050.0000
37596,130050.0000
37597,130050.0000
37598,130050.0000
37599,130050.0000
37600,130050.0000
37601,130050.0000
37602,130050.0000
37603,130050.0000
37604,130050.0000
37605,130050.0000
37606,130050.0000
37607,130050.0000
37608,130050.0000
37609,130050.0000
37610,130050.0000
37611,130050.0000
37612,130050.0000
37613,130050.0000
37614,130050.0000
37615,130050.0000
37616,130050.0000
37617,130050.0000
37618,130050.0000
37619,130050.0000
37620,130050.0000
37621,130050.0000
37622,130050.0000
37623,130050.0000
37624,130050.0000
37625,130050.0000
37626,130050.0000
37627,130050.0000
37628,130050.0000
37629,130050.0000
37630,130050.0000
37631,130050.0000
37632,130050.0000
37633,130050.0000
37634,130050.0000
37635,130050.0000
37636,130050.0000
37637,130050.0000
37638,130050.0000
37639,130050.0000
37640,130050.0000
37641,130050.0000
37642,130050.0000
37643,130050.0000
37644,130050.0000
37645,130050.0000
37646,130050.0000
37647,130050.0000
37648,130050.0000
37649,130050.0000
37650,130050.0000
37651,130050.0000
37652,130050.0000
37653,130050.0000
37654,130050.0000
37655,130050.0000
37656,130050.0000
37657,130050.0000
37658,130050.0000
37659,130050.0000
37660,130050.0000
37661,130050.0000
37662,130050.0000
37663,130050.0000
37664,130050.0000
37665,130050.0000
37666,130050.0000
37667,130050.0000
37668,130050.0000
37669,130050.0000
37670,130050.0000
37671,130050.0000
37672,130050.0000
37673,130050.0000
37674,130050.0000
37675,130050.0000
37676,130050.0000
37677,130050.0000
37678,130050.0000
37679,130050.0000
37680,130050.0000
37681,130050.0000
37682,130050.0000
37683,130050.0000
37684,130050.0000
37685,130050.0000
37686,130050.0000
37687,130050.0000
37688,130050.0000
37689,130050.0000
37690,130050.0000
37691,130050.0000
37692,130050.0000
37693,130050.0000
37694,130050.0000
37695,130050.0000
37696,130050.0000
37697,130050.0000
37698,130050.0000
37699,130050.0000
37700,130050.0000
37701,130050.0000
37702,130050.0000
37703,130050.0000
37704,130050.0000
37705,130050.0000
37706,130050.0000
37707,130050.0000
37708,130050.0000
37709,130050.0000
37710,130050.0000
37711,130050.0000
37712,130050.0000
37713,130050.0000
37714,130050.0000
37715,130050.0000
37716,130050.0000
37717,130050.0000
37718,130050.0000
37719,130050.0000
37720,130050.0000
37721,130050.0000
37722,130050.0000
37723,130050.0000
37724,130050.0000
37725,130050.0000
37726,130050.0000
37727,130050.0000
37728,130050.0000
37729,130050.0000
37730,130050.0000
37731,130050.0000
37732,130050.0000
37733,130050.0000
37734,130050.0000
37735,130050.0000
37736,130050.0000
37737,130050.0000
37738,130050.0000
37739,130050.0000
37740,130050.0000
37741,130050.0000
37742,130050.0000
37743,130050.0000
37744,130050.0000
37745,130050.0000
37746,130050.0000
37747,130050.0000
37748,130050.0000
37749,130050.0000
37750,130050.0000
37751,130050.0000
37752,130050.0000
37753,130050.0000
37754,130050.0000
37755,130050.0000
37756,130050.0000
37757,130050.0000
37758,130050.0000
37759,130050.0000
37760,130050.0000
37761,130050.0000
37762,130050.0000
37763,130050.0000
37764,130050.0000
37765,130050.0000
37766,130050.0000
37767,130050.0000
37768,130050.0000
37769,130050.0000
37770,130050.0000
37771,130050.0000
37772,130050.0000
37773,130050.0000
37774,130050.0000
37775,130050.0000
37776,130050.0000
37777,130050.0000
37778,130050.0000
37779,130050.0000
37780,130050.0000
37781,130050.0000
37782,130050.0000
37783,130050.0000
37784,130050.0000
37785,130050.0000
37786,130050.0000
37787,130050.0000
37788,130050.0000
37789,130050.0000
37790,130050.0000
37791,130050.0000
37792,130050.0000
37793,130050.0000
37794,130050.0000
37795,130050.0000
37796,130050.0000
37797,130050.0000
37798,130050.0000
37799,130050.0000
37800,130050.0000
37801,130050.0000
37802,130050.0000
37803,130050.0000
37804,130050.0000
37805,130050.0000
37806,130050.0000
37807,130050.0000
37808,130050.0000
37809,130050.0000
37810,130050.0000
37811,130050.0000
37812,130050.0000
37813,130050.0000
37814,130050.0000
37815,130050.0000
37816,130050.0000
37817,130050.0000
37818,130050.0000
37819,130050.0000
37820,130050.0000
37821,130050.0000
37822,130050.0000
37823,130050.0000
37824,130050.0000
37825,130050.0000
37826,130050.0000
37827,130050.0000
37828,130050.0000
37829,130050.0000
37830,130050.0000
37831,130050.0000
37832,130050.0000
37833,130050.0000
37834,130050.0000
37835,130050.0000
37836,130050.0000
37837,130050.0000
37838,130050.0000
37839,130050.0000
37840,130050.0000
37841,130050.0000
37842,130050.0000
37843,130050.0000
37844,130050.0000
37845,130050.0000
37846,130050.0000
37847,130050.0000
37848,130050.0000
37849,130050.0000
37850,130050.0000
37851,130050.0000
37852,130050.0000
37853,130050.0000
37854,130050.0000
37855,130050.0000
37856,130050.0000
37857,130050.0000
37858,130050.0000
37859,130050.0000
37860,130050.0000
37861,130050.0000
37862,130050.0000
37863,130050.0000
37864,130050.0000
37865,130050.0000
37866,130050.0000
37867,130050.0000
37868,130050.0000
37869,130050.0000
37870,130050.0000
37871,130050.0000
37872,130050.0000
37873,130050.0000
37874,130050.0000
37875,130050.0000
37876,130050.0000
37877,130050.0000
37878,130050.0000
37879,130050.0000
37880,130050.0000
37881,130050.0000
37882,130050.0000
37883,130050.0000
37884,130050.0000
37885,130050.0000
37886,130050.0000
37887,130050.0000
37888,130050.0000
37889,130050.0000
37890,130050.0000
37891,130050.0000
37892,130050.0000
37893,130050.0000
37894,130050.0000
37895,130050.0000
37896,130050.0000
37897,130050.0000
37898,130050.0000
37899,130050.0000
37900,130050.0000
37901,130050.0000
37902,130050.0000
37903,130050.0000
37904,130050.0000
37905,130050.0000
37906,130050.0000
37907,130050.0000
37908,130050.0000
37909,130050.0000
37910,130050.0000
37911,130050.0000
37912,130050.0000
37913,130050.0000
37914,130050.0000
37915,130050.0000
37916,130050.0000
37917,130050.0000
37918,130050.0000
37919,130050.0000
37920,130050.0000
37921,130050.0000
37922,130050.0000
37923,130050.0000
37924,130050.0000
37925,130050.0000
37926,130050.0000
37927,130050.0000
37928,130050.0000
37929,130050.0000
37930,130050.0000
37931,130050.0000
37932,130050.0000
37933,130050.0000
37934,130050.0000
37935,130050.0000
37936,130050.0000
37937,130050.0000
37938,130050.0000
37939,130050.0000
37940,130050.0000
37941,130050.0000
37942,130050.0000
37943,130050.0000
37944,130050.0000
37945,130050.0000
37946,130050.0000
37947,130050.0000
37948,130050.0000
37949,130050.0000
37950,130050.0000
37951,130050.0000
37952,130050.0000
37953,130050.0000
37954,130050.0000
37955,130050.0000
37956,130050.0000
37957,130050.0000
37958,130050.0000
37959,130050.0000
37960,130050.0000
37961,130050.0000
37962,130050.0000
37963,130050.0000
37964,130050.0000
37965,130050.0000
37966,130050.0000
37967,130050.0000
37968,130050.0000
37969,130050.0000
37970,130050.0000
37971,130050.0000
37972,130050.0000
37973,130050.0000
37974,130050.0000
37975,130050.0000
37976,130050.0000
37977,130050.0000
37978,130050.0000
37979,130050.0000
37980,130050.0000
37981,130050.0000
37982,130050.0000
37983,130050.0000
37984,130050.0000
37985,130050.0000
37986,130050.0000
37987,130050.0000
37988,130050.0000
37989,130050.0000
37990,130050.0000
37991,130050.0000
37992,130050.0000
37993,130050.0000
37994,130050.0000
37995,130050.0000
37996,130050.0000
37997,130050.0000
37998,130050.0000
37999,130050.0000
38000,130050.0000
38001,130050.0000
38002,130050.0000
38003,130050.0000
38004,130050.0000
38005,130050.0000
38006,130050.0000
38007,130050.0000
38008,130050.0000
38009,130050.0000
38010,130050.0000
38011,130050.0000
38012,130050.0000
38013,130050.0000
38014,130050.0000
38015,130050.0000
38016,130050.0000
38017,130050.0000
38018,130050.0000
38019,130050.0000
38020,130050.0000
38021,130050.0000
38022,130050.0000
38023,130050.0000
38024,130050.0000
38025,130050.0000
38026,130050.0000
38027,130050.0000
38028,130050.0000
38029,130050.0000
38030,130050.0000
38031,130050.0000
38032,130050.0000
38033,130050.0000
38034,130050.0000
38035,130050.0000
38036,130050.0000
38037,130050.0000
38038,130050.0000
38039,130050.0000
38040,130050.0000
38041,130050.0000
38042,130050.0000
38043,130050.0000
38044,130050.0000
38045,130050.0000
38046,130050.0000
38047,130050.0000
38048,130050.0000
38049,130050.0000
38050,130050.0000
38051,130050.0000
38052,130050.0000
38053,130050.0000
38054,130050.0000
38055,130050.0000
38056,130050.0000
38057,130050.0000
38058,130050.0000
38059,130050.0000
38060,130050.0000
38061,130050.0000
38062,130050.0000
38063,130050.0000
38064,130050.0000
38065,130050.0000
38066,130050.0000
38067,130050.0000
38068,130050.0000
38069,130050.0000
38070,130050.0000
38071,130050.0000
38072,130050.0000
38073,130050.0000
38074,130050.0000
38075,130050.0000
38076,130050.0000
38077,130050.0000
38078,130050.0000
38079,130050.0000
38080,130050.0000
38081,130050.0000
38082,130050.0000
38083,130050.0000
38084,130050.0000
38085,130050.0000
38086,130050.0000
38087,130050.0000
38088,130050.0000
38089,130050.0000
38090,130050.0000
38091,130050.0000
38092,130050.0000
38093,130050.0000
38094,130050.0000
38095,130050.0000
38096,130050.0000
38097,130050.0000
38098,130050.0000
38099,130050.0000
38100,130050.0000
38101,130050.0000
38102,130050.0000
38103,130050.0000
38104,130050.0000
38105,130050.0000
38106,130050.0000
38107,130050.0000
38108,130050.0000
38109,130050.0000
38110,130050.0000
38111,130050.0000
38112,130050.0000
38113,130050.0000
38114,130050.0000
38115,130050.0000
38116,130050.0000
38117,130050.0000
38118,130050.0000
38119,130050.0000
38120,130050.0000
38121,130050.0000
38122,130050.0000
38123,130050.0000
38124,130050.0000
38125,130050.0000
38126,130050.0000
38127,130050.0000
38128,130050.0000
38129,130050.0000
38130,130050.0000
38131,130050.0000
38132,130050.0000
38133,130050.0000
38134,130050.0000
38135,130050.0000
38136,130050.0000
38137,130050.0000
38138,130050.0000
38139,130050.0000
38140,130050.0000
38141,130050.0000
38142,130050.0000
38143,130050.0000
38144,130050.0000
38145,130050.0000
38146,130050.0000
38147,130050.0000
38148,130050.0000
38149,130050.0000
38150,130050.0000
38151,130050.0000
38152,130050.0000
38153,130050.0000
38154,130050.0000
38155,130050.0000
38156,130050.0000
38157,130050.0000
38158,130050.0000
38159,130050.0000
38160,130050.0000
38161,130050.0000
38162,130050.0000
38163,130050.0000
38164,130050.0000
38165,130050.0000
38166,130050.0000
38167,130050.0000
38168,130050.0000
38169,130050.0000
38170,130050.0000
38171,130050.0000
38172,130050.0000
38173,130050.0000
38174,130050.0000
38175,130050.0000
38176,130050.0000
38177,130050.0000
38178,130050.0000
38179,130050.0000
38180,130050.0000
38181,130050.0000
38182,130050.0000
38183,130050.0000
38184,130050.0000
38185,130050.0000
38186,130050.0000
38187,130050.0000
38188,130050.0000
38189,130050.0000
38190,130050.0000
38191,130050.0000
38192,130050.0000
38193,130050.0000
38194,130050.0000
38195,130050.0000
38196,130050.0000
38197,130050.0000
38198,130050.0000
38199,130050.0000
38200,130050.0000
38201,130050.0000
38202,130050.0000
38203,130050.0000
38204,130050.0000
38205,130050.0000
38206,130050.0000
38207,130050.0000
38208,130050.0000
38209,130050.0000
38210,130050.0000
38211,130050.0000
38212,130050.0000
38213,130050.0000
38214,130050.0000
38215,130050.0000
38216,130050.0000
38217,130050.0000
38218,130050.0000
38219,130050.0000
38220,130050.0000
38221,130050.0000
38222,130050.0000
38223,130050.0000
38224,130050.0000
38225,130050.0000
38226,130050.0000
38227,130050.0000
38228,130050.0000
38229,130050.0000
38230,130050.0000
38231,130050.0000
38232,130050.0000
38233,130050.0000
38234,130050.0000
38235,130050.0000
38236,130050.0000
38237,130050.0000
38238,130050.0000
38239,130050.0000
38240,130050.0000
38241,130050.0000
38242,130050.0000
38243,130050.0000
38244,130050.0000
38245,130050.0000
38246,130050.0000
38247,130050.0000
38248,130050.0000
38249,130050.0000
38250,130050.0000
38251,130050.0000
38252,130050.0000
38253,130050.0000
38254,130050.0000
38255,130050.0000
38256,130050.0000
38257,130050.0000
38258,130050.0000
38259,130050.0000
38260,130050.0000
38261,130050.0000
38262,130050.0000
38263,130050.0000
38264,130050.0000
38265,130050.0000
38266,130050.0000
38267,130050.0000
38268,130050.0000
38269,130050.0000
38270,130050.0000
38271,130050.0000
38272,130050.0000
38273,130050.0000
38274,130050.0000
38275,130050.0000
38276,130050.0000
38277,130050.0000
38278,130050.0000
38279,130050.0000
38280,130050.0000
38281,130050.0000
38282,130050.0000
38283,130050.0000
38284,130050.0000
38285,130050.0000
38286,130050.0000
38287,130050.0000
38288,130050.0000
38289,130050.0000
38290,130050.0000
38291,130050.0000
38292,130050.0000
38293,130050.0000
38294,130050.0000
38295,130050.0000
38296,130050.0000
38297,130050.0000
38298,130050.0000
38299,130050.0000
38300,130050.0000
38301,130050.0000
38302,130050.0000
38303,130050.0000
38304,130050.0000
38305,130050.0000
38306,130050.0000
38307,130050.0000
38308,130050.0000
38309,130050.0000
38310,130050.0000
38311,130050.0000
38312,130050.0000
38313,130050.0000
38314,130050.0000
38315,130050.0000
38316,130050.0000
38317,130050.0000
38318,130050.0000
38319,130050.0000
38320,130050.0000
38321,130050.0000
38322,130050.0000
38323,130050.0000
38324,130050.0000
38325,130050.0000
38326,130050.0000
38327,130050.0000
38328,130050.0000
38329,130050.0000
38330,130050.0000
38331,130050.0000
38332,130050.0000
38333,130050.0000
38334,130050.0000
38335,130050.0000
38336,130050.0000
38337,130050.0000
38338,130050.0000
38339,130050.0000
38340,130050.0000
38341,130050.0000
38342,130050.0000
38343,130050.0000
38344,130050.0000
38345,130050.0000
38346,130050.0000
38347,130050.0000
38348,130050.0000
38349,130050.0000
38350,130050.0000
38351,130050.0000
38352,130050.0000
38353,130050.0000
38354,130050.0000
38355,130050.0000
38356,130050.0000
38357,130050.0000
38358,130050.0000
38359,130050.0000
38360,130050.0000
38361,130050.0000
38362,130050.0000
38363,130050.0000
38364,130050.0000
38365,130050.0000
38366,130050.0000
38367,130050.0000
38368,130050.0000
38369,130050.0000
38370,130050.0000
38371,130050.0000
38372,130050.0000
38373,130050.0000
38374,130050.0000
38375,130050.0000
38376,130050.0000
38377,130050.0000
38378,130050.0000
38379,130050.0000
38380,130050.0000
38381,130050.0000
38382,130050.0000
38383,130050.0000
38384,130050.0000
38385,130050.0000
38386,130050.0000
38387,130050.0000
38388,130050.0000
38389,130050.0000
38390,130050.0000
38391,130050.0000
38392,130050.0000
38393,130050.0000
38394,130050.0000
38395,130050.0000
38396,130050.0000
38397,130050.0000
38398,130050.0000
38399,130050.0000
38400,130050.0000
38401,130050.0000
38402,130050.0000
38403,130050.0000
38404,130050.0000
38405,130050.0000
38406,130050.0000
38407,130050.0000
38408,130050.0000
38409,130050.0000
38410,130050.0000
38411,130050.0000
38412,130050.0000
38413,130050.0000
38414,130050.0000
38415,130050.0000
38416,130050.0000
38417,130050.0000
38418,130050.0000
38419,130050.0000
38420,130050.0000
38421,130050.0000
38422,130050.0000
38423,130050.0000
38424,130050.0000
38425,130050.0000
38426,130050.0000
38427,130050.0000
38428,130050.0000
38429,130050.0000
38430,130050.0000
38431,130050.0000
38432,130050.0000
38433,130050.0000
38434,130050.0000
38435,130050.0000
38436,130050.0000
38437,130050.0000
38438,130050.0000
38439,130050.0000
38440,130050.0000
38441,130050.0000
38442,130050.0000
38443,130050.0000
38444,130050.0000
38445,130050.0000
38446,130050.0000
38447,130050.0000
38448,130050.0000
38449,130050.0000
38450,130050.0000
38451,130050.0000
38452,130050.0000
38453,130050.0000
38454,130050.0000
38455,130050.0000
38456,130050.0000
38457,130050.0000
38458,130050.0000
38459,130050.0000
38460,130050.0000
38461,130050.0000
38462,130050.0000
38463,130050.0000
38464,130050.0000
38465,130050.0000
38466,130050.0000
38467,130050.0000
38468,130050.0000
38469,130050.0000
38470,130050.0000
38471,130050.0000
38472,130050.0000
38473,130050.0000
38474,130050.0000
38475,130050.0000
38476,130050.0000
38477,130050.0000
38478,130050.0000
38479,130050.0000
38480,130050.0000
38481,130050.0000
38482,130050.0000
38483,130050.0000
38484,130050.0000
38485,130050.0000
38486,130050.0000
38487,130050.0000
38488,130050.0000
38489,130050.0000
38490,130050.0000
38491,130050.0000
38492,130050.0000
38493,130050.0000
38494,130050.0000
38495,130050.0000
38496,130050.0000
38497,130050.0000
38498,130050.0000
38499,130050.0000
38500,130050.0000
38501,130050.0000
38502,130050.0000
38503,130050.0000
38504,130050.0000
38505,130050.0000
38506,130050.0000
38507,130050.0000
38508,130050.0000
38509,130050.0000
38510,130050.0000
38511,130050.0000
38512,130050.0000
38513,130050.0000
38514,130050.0000
38515,130050.0000
38516,130050.0000
38517,130050.0000
38518,130050.0000
38519,130050.0000
38520,130050.0000
38521,130050.0000
38522,130050.0000
38523,130050.0000
38524,130050.0000
38525,130050.0000
38526,130050.0000
38527,130050.0000
38528,130050.0000
38529,130050.0000
38530,130050.0000
38531,130050.0000
38532,130050.0000
38533,130050.0000
38534,130050.0000
38535,130050.0000
38536,130050.0000
38537,130050.0000
38538,130050.0000
38539,130050.0000
38540,130050.0000
38541,130050.0000
38542,130050.0000
38543,130050.0000
38544,130050.0000
38545,130050.0000
38546,130050.0000
38547,130050.0000
38548,130050.0000
38549,130050.0000
38550,130050.0000
38551,130050.0000
38552,130050.0000
38553,130050.0000
38554,130050.0000
38555,130050.0000
38556,130050.0000
38557,130050.0000
38558,130050.0000
38559,130050.0000
38560,130050.0000
38561,130050.0000
38562,130050.0000
38563,130050.0000
38564,130050.0000
38565,130050.0000
38566,130050.0000
38567,130050.0000
38568,130050.0000
38569,130050.0000
38570,130050.0000
38571,130050.0000
38572,130050.0000
38573,130050.0000
38574,130050.0000
38575,130050.0000
38576,130050.0000
38577,130050.0000
38578,130050.0000
38579,130050.0000
38580,130050.0000
38581,130050.0000
38582,130050.0000
38583,130050.0000
38584,130050.0000
38585,130050.0000
38586,130050.0000
38587,130050.0000
38588,130050.0000
38589,130050.0000
38590,130050.0000
38591,130050.0000
38592,130050.0000
38593,130050.0000
38594,130050.0000
38595,130050.0000
38596,130050.0000
38597,130050.0000
38598,130050.0000
38599,130050.0000
38600,130050.0000
38601,130050.0000
38602,130050.0000
38603,130050.0000
38604,130050.0000
38605,130050.0000
38606,130050.0000
38607,130050.0000
38608,130050.0000
38609,130050.0000
38610,130050.0000
38611,130050.0000
38612,130050.0000
38613,130050.0000
38614,130050.0000
38615,130050.0000
38616,130050.0000
38617,130050.0000
38618,130050.0000
38619,130050.0000
38620,130050.0000
38621,130050.0000
38622,130050.0000
38623,130050.0000
38624,130050.0000
38625,130050.0000
38626,130050.0000
38627,130050.0000
38628,130050.0000
38629,130050.0000
38630,130050.0000
38631,130050.0000
38632,130050.0000
38633,130050.0000
38634,130050.0000
38635,130050.0000
38636,130050.0000
38637,130050.0000
38638,130050.0000
38639,130050.0000
38640,130050.0000
38641,130050.0000
38642,130050.0000
38643,130050.0000
38644,130050.0000
38645,130050.0000
38646,130050.0000
38647,130050.0000
38648,130050.0000
38649,130050.0000
38650,130050.0000
38651,130050.0000
38652,130050.0000
38653,130050.0000
38654,130050.0000
38655,130050.0000
38656,130050.0000
38657,130050.0000
38658,130050.0000
38659,130050.0000
38660,130050.0000
38661,130050.0000
38662,130050.0000
38663,130050.0000
38664,130050.0000
38665,130050.0000
38666,130050.0000
38667,130050.0000
38668,130050.0000
38669,130050.0000
38670,130050.0000
38671,130050.0000
38672,130050.0000
38673,130050.0000
38674,130050.0000
38675,130050.0000
38676,130050.0000
38677,130050.0000
38678,130050.0000
38679,130050.0000
38680,130050.0000
38681,130050.0000
38682,130050.0000
38683,130050.0000
38684,130050.0000
38685,130050.0000
38686,130050.0000
38687,130050.0000
38688,130050.0000
38689,130050.0000
38690,130050.0000
38691,130050.0000
38692,130050.0000
38693,130050.0000
38694,130050.0000
38695,130050.0000
38696,130050.0000
38697,130050.0000
38698,130050.0000
38699,130050.0000
38700,130050.0000
38701,130050.0000
38702,130050.0000
38703,130050.0000
38704,130050.0000
38705,130050.0000
38706,130050.0000
38707,130050.0000
38708,130050.0000
38709,130050.0000
38710,130050.0000
38711,130050.0000
38712,130050.0000
38713,130050.0000
38714,130050.0000
38715,130050.0000
38716,130050.0000
38717,130050.0000
38718,130050.0000
38719,130050.0000
38720,130050.0000
38721,130050.0000
38722,130050.0000
38723,130050.0000
38724,130050.0000
38725,130050.0000
38726,130050.0000
38727,130050.0000
38728,130050.0000
38729,130050.0000
38730,130050.0000
38731,130050.0000
38732,130050.0000
38733,130050.0000
38734,130050.0000
38735,130050.0000
38736,130050.0000
38737,130050.0000
38738,130050.0000
38739,130050.0000
38740,130050.0000
38741,130050.0000
38742,130050.0000
38743,130050.0000
38744,130050.0000
38745,130050.0000
38746,130050.0000
38747,130050.0000
38748,130050.0000
38749,130050.0000
38750,130050.0000
38751,130050.0000
38752,130050.0000
38753,130050.0000
38754,130050.0000
38755,130050.0000
38756,130050.0000
38757,130050.0000
38758,130050.0000
38759,130050.0000
38760,130050.0000
38761,130050.0000
38762,130050.0000
38763,130050.0000
38764,130050.0000
38765,130050.0000
38766,130050.0000
38767,130050.0000
38768,130050.0000
38769,130050.0000
38770,130050.0000
38771,130050.0000
38772,130050.0000
38773,130050.0000
38774,130050.0000
38775,130050.0000
38776,130050.0000
38777,130050.0000
38778,130050.0000
38779,130050.0000
38780,130050.0000
38781,130050.0000
38782,130050.0000
38783,130050.0000
38784,130050.0000
38785,130050.0000
38786,130050.0000
38787,130050.0000
38788,130050.0000
38789,130050.0000
38790,130050.0000
38791,130050.0000
38792,130050.0000
38793,130050.0000
38794,130050.0000
38795,130050.0000
38796,130050.0000
38797,130050.0000
38798,130050.0000
38799,130050.0000
38800,130050.0000
38801,130050.0000
38802,130050.0000
38803,130050.0000
38804,130050.0000
38805,130050.0000
38806,130050.0000
38807,130050.0000
38808,130050.0000
38809,130050.0000
38810,130050.0000
38811,130050.0000
38812,130050.0000
38813,130050.0000
38814,130050.0000
38815,130050.0000
38816,130050.0000
38817,130050.0000
38818,130050.0000
38819,130050.0000
38820,130050.0000
38821,130050.0000
38822,130050.0000
38823,130050.0000
38824,130050.0000
38825,130050.0000
38826,130050.0000
38827,130050.0000
38828,130050.0000
38829,130050.0000
38830,130050.0000
38831,130050.0000
38832,130050.0000
38833,130050.0000
38834,130050.0000
38835,130050.0000
38836,130050.0000
38837,130050.0000
38838,130050.0000
38839,130050.0000
38840,130050.0000
38841,130050.0000
38842,130050.0000
38843,130050.0000
38844,130050.0000
38845,130050.0000
38846,130050.0000
38847,130050.0000
38848,130050.0000
38849,130050.0000
38850,130050.0000
38851,130050.0000
38852,130050.0000
38853,130050.0000
38854,130050.0000
38855,130050.0000
38856,130050.0000
38857,130050.0000
38858,130050.0000
38859,130050.0000
38860,130050.0000
38861,130050.0000
38862,130050.0000
38863,130050.0000
38864,130050.0000
38865,130050.0000
38866,130050.0000
38867,130050.0000
38868,130050.0000
38869,130050.0000
38870,130050.0000
38871,130050.0000
38872,130050.0000
38873,130050.0000
38874,130050.0000
38875,130050.0000
38876,130050.0000
38877,130050.0000
38878,130050.0000
38879,130050.0000
38880,130050.0000
38881,130050.0000
38882,130050.0000
38883,130050.0000
38884,130050.0000
38885,130050.0000
38886,130050.0000
38887,130050.0000
38888,130050.0000
38889,130050.0000
38890,130050.0000
38891,130050.0000
38892,130050.0000
38893,130050.0000
38894,130050.0000
38895,130050.0000
38896,130050.0000
38897,130050.0000
38898,130050.0000
38899,130050.0000
38900,130050.0000
38901,130050.0000
38902,130050.0000
38903,130050.0000
38904,130050.0000
38905,130050.0000
38906,130050.0000
38907,130050.0000
38908,130050.0000
38909,130050.0000
38910,130050.0000
38911,130050.0000
38912,130050.0000
38913,130050.0000
38914,130050.0000
38915,130050.0000
38916,130050.0000
38917,130050.0000
38918,130050.0000
38919,130050.0000
38920,130050.0000
38921,130050.0000
38922,130050.0000
38923,130050.0000
38924,130050.0000
38925,130050.0000
38926,130050.0000
38927,130050.0000
38928,130050.0000
38929,130050.0000
38930,130050.0000
38931,130050.0000
38932,130050.0000
38933,130050.0000
38934,130050.0000
38935,130050.0000
38936,130050.0000
38937,130050.0000
38938,130050.0000
38939,130050.0000
38940,130050.0000
38941,130050.0000
38942,130050.0000
38943,130050.0000
38944,130050.0000
38945,130050.0000
38946,130050.0000
38947,130050.0000
38948,130050.0000
38949,130050.0000
38950,130050.0000
38951,130050.0000
38952,130050.0000
38953,130050.0000
38954,130050.0000
38955,130050.0000
38956,130050.0000
38957,130050.0000
38958,130050.0000
38959,130050.0000
38960,130050.0000
38961,130050.0000
38962,130050.0000
38963,130050.0000
38964,130050.0000
38965,130050.0000
38966,130050.0000
38967,130050.0000
38968,130050.0000
38969,130050.0000
38970,130050.0000
38971,130050.0000
38972,130050.0000
38973,130050.0000
38974,130050.0000
38975,130050.0000
38976,130050.0000
38977,130050.0000
38978,130050.0000
38979,130050.0000
38980,130050.0000
38981,130050.0000
38982,130050.0000
38983,130050.0000
38984,130050.0000
38985,130050.0000
38986,130050.0000
38987,130050.0000
38988,130050.0000
38989,130050.0000
38990,130050.0000
38991,130050.0000
38992,130050.0000
38993,130050.0000
38994,130050.0000
38995,130050.0000
38996,130050.0000
38997,130050.0000
38998,130050.0000
38999,130050.0000
39000,130050.0000
39001,130050.0000
39002,130050.0000
39003,130050.0000
39004,130050.0000
39005,130050.0000
39006,130050.0000
39007,130050.0000
39008,130050.0000
39009,130050.0000
39010,130050.0000
39011,130050.0000
39012,130050.0000
39013,130050.0000
39014,130050.0000
39015,130050.0000
39016,130050.0000
39017,130050.0000
39018,130050.0000
39019,130050.0000
39020,130050.0000
39021,130050.0000
39022,130050.0000
39023,130050.0000
39024,130050.0000
39025,130050.0000
39026,130050.0000
39027,130050.0000
39028,130050.0000
39029,130050.0000
39030,130050.0000
39031,130050.0000
39032,130050.0000
39033,130050.0000
39034,130050.0000
39035,130050.0000
39036,130050.0000
39037,130050.0000
39038,130050.0000
39039,130050.0000
39040,130050.0000
39041,130050.0000
39042,130050.0000
39043,130050.0000
39044,130050.0000
39045,130050.0000
39046,130050.0000
39047,130050.0000
39048,130050.0000
39049,130050.0000
39050,130050.0000
39051,130050.0000
39052,130050.0000
39053,130050.0000
39054,130050.0000
39055,130050.0000
39056,130050.0000
39057,130050.0000
39058,130050.0000
39059,130050.0000
39060,130050.0000
39061,130050.0000
39062,130050.0000
39063,130050.0000
39064,130050.0000
39065,130050.0000
39066,130050.0000
39067,130050.0000
39068,130050.0000
39069,130050.0000
39070,130050.0000
39071,130050.0000
39072,130050.0000
39073,130050.0000
39074,130050.0000
39075,130050.0000
39076,130050.0000
39077,130050.0000
39078,130050.0000
39079,130050.0000
39080,130050.0000
39081,130050.0000
39082,130050.0000
39083,130050.0000
39084,130050.0000
39085,130050.0000
39086,130050.0000
39087,130050.0000
39088,130050.0000
39089,130050.0000
39090,130050.0000
39091,130050.0000
39092,130050.0000
39093,130050.0000
39094,130050.0000
39095,130050.0000
39096,130050.0000
39097,130050.0000
39098,130050.0000
39099,130050.0000
39100,130050.0000
39101,130050.0000
39102,130050.0000
39103,130050.0000
39104,130050.0000
39105,130050.0000
39106,130050.0000
39107,130050.0000
39108,130050.0000
39109,130050.0000
39110,130050.0000
39111,130050.0000
39112,130050.0000
39113,130050.0000
39114,130050.0000
39115,130050.0000
39116,130050.0000
39117,130050.0000
39118,130050.0000
39119,130050.0000
39120,130050.0000
39121,130050.0000
39122,130050.0000
39123,130050.0000
39124,130050.0000
39125,130050.0000
39126,130050.0000
39127,130050.0000
39128,130050.0000
39129,130050.0000
39130,130050.0000
39131,130050.0000
39132,130050.0000
39133,130050.0000
39134,130050.0000
39135,130050.0000
39136,130050.0000
39137,130050.0000
39138,130050.0000
39139,130050.0000
39140,130050.0000
39141,130050.0000
39142,130050.0000
39143,130050.0000
39144,130050.0000
39145,130050.0000
39146,130050.0000
39147,130050.0000
39148,130050.0000
39149,130050.0000
39150,130050.0000
39151,130050.0000
39152,130050.0000
39153,130050.0000
39154,130050.0000
39155,130050.0000
39156,130050.0000
39157,130050.0000
39158,130050.0000
39159,130050.0000
39160,130050.0000
39161,130050.0000
39162,130050.0000
39163,130050.0000
39164,130050.0000
39165,130050.0000
39166,130050.0000
39167,130050.0000
39168,130050.0000
39169,130050.0000
39170,130050.0000
39171,130050.0000
39172,130050.0000
39173,130050.0000
39174,130050.0000
39175,130050.0000
39176,130050.0000
39177,130050.0000
39178,130050.0000
39179,130050.0000
39180,130050.0000
39181,130050.0000
39182,130050.0000
39183,130050.0000
39184,130050.0000
39185,130050.0000
39186,130050.0000
39187,130050.0000
39188,130050.0000
39189,130050.0000
39190,130050.0000
39191,130050.0000
39192,130050.0000
39193,130050.0000
39194,130050.0000
39195,130050.0000
39196,130050.0000
39197,130050.0000
39198,130050.0000
39199,130050.0000
39200,130050.0000
39201,130050.0000
39202,130050.0000
39203,130050.0000
39204,130050.0000
39205,130050.0000
39206,130050.0000
39207,130050.0000
39208,130050.0000
39209,130050.0000
39210,130050.0000
39211,130050.0000
39212,130050.0000
39213,130050.0000
39214,130050.0000
39215,130050.0000
39216,130050.0000
39217,130050.0000
39218,130050.0000
39219,130050.0000
39220,130050.0000
39221,130050.0000
39222,130050.0000
39223,130050.0000
39224,130050.0000
39225,130050.0000
39226,130050.0000
39227,130050.0000
39228,130050.0000
39229,130050.0000
39230,130050.0000
39231,130050.0000
39232,130050.0000
39233,130050.0000
39234,130050.0000
39235,130050.0000
39236,130050.0000
39237,130050.0000
39238,130050.0000
39239,130050.0000
39240,130050.0000
39241,130050.0000
39242,130050.0000
39243,130050.0000
39244,130050.0000
39245,130050.0000
39246,130050.0000
39247,130050.0000
39248,130050.0000
39249,130050.0000
39250,130050.0000
39251,130050.0000
39252,130050.0000
39253,130050.0000
39254,130050.0000
39255,130050.0000
39256,130050.0000
39257,130050.0000
39258,130050.0000
39259,130050.0000
39260,130050.0000
39261,130050.0000
39262,130050.0000
39263,130050.0000
39264,130050.0000
39265,130050.0000
39266,130050.0000
39267,130050.0000
39268,130050.0000
39269,130050.0000
39270,130050.0000
39271,130050.0000
39272,130050.0000
39273,130050.0000
39274,130050.0000
39275,130050.0000
39276,130050.0000
39277,130050.0000
39278,130050.0000
39279,130050.0000
39280,130050.0000
39281,130050.0000
39282,130050.0000
39283,130050.0000
39284,130050.0000
39285,130050.0000
39286,130050.0000
39287,130050.0000
39288,130050.0000
39289,130050.0000
39290,130050.0000
39291,130050.0000
39292,130050.0000
39293,130050.0000
39294,130050.0000
39295,130050.0000
39296,130050.0000
39297,130050.0000
39298,130050.0000
39299,130050.0000
39300,130050.0000
39301,130050.0000
39302,130050.0000
39303,130050.0000
39304,130050.0000
39305,130050.0000
39306,130050.0000
39307,130050.0000
39308,130050.0000
39309,130050.0000
39310,130050.0000
39311,130050.0000
39312,130050.0000
39313,130050.0000
39314,130050.0000
39315,130050.0000
39316,130050.0000
39317,130050.0000
39318,130050.0000
39319,130050.0000
39320,130050.0000
39321,130050.0000
39322,130050.0000
39323,130050.0000
39324,130050.0000
39325,130050.0000
39326,130050.0000
39327,130050.0000
39328,130050.0000
39329,130050.0000
39330,130050.0000
39331,130050.0000
39332,130050.0000
39333,130050.0000
39334,130050.0000
39335,130050.0000
39336,130050.0000
39337,130050.0000
39338,130050.0000
39339,130050.0000
39340,130050.0000
39341,130050.0000
39342,130050.0000
39343,130050.0000
39344,130050.0000
39345,130050.0000
39346,130050.0000
39347,130050.0000
39348,130050.0000
39349,130050.0000
39350,130050.0000
39351,130050.0000
39352,130050.0000
39353,130050.0000
39354,130050.0000
39355,130050.0000
39356,130050.0000
39357,130050.0000
39358,130050.0000
39359,130050.0000
39360,130050.0000
39361,130050.0000
39362,130050.0000
39363,130050.0000
39364,130050.0000
39365,130050.0000
39366,130050.0000
39367,130050.0000
39368,130050.0000
39369,130050.0000
39370,130050.0000
39371,130050.0000
39372,130050.0000
39373,130050.0000
39374,130050.0000
39375,130050.0000
39376,130050.0000
39377,130050.0000
39378,130050.0000
39379,130050.0000
39380,130050.0000
39381,130050.0000
39382,130050.0000
39383,130050.0000
39384,130050.0000
39385,130050.0000
39386,130050.0000
39387,130050.0000
39388,130050.0000
39389,130050.0000
39390,130050.0000
39391,130050.0000
39392,130050.0000
39393,130050.0000
39394,130050.0000
39395,130050.0000
39396,130050.0000
39397,130050.0000
39398,130050.0000
39399,130050.0000
39400,130050.0000
39401,130050.0000
39402,130050.0000
39403,130050.0000
39404,130050.0000
39405,130050.0000
39406,130050.0000
39407,130050.0000
39408,130050.0000
39409,130050.0000
39410,130050.0000
39411,130050.0000
39412,130050.0000
39413,130050.0000
39414,130050.0000
39415,130050.0000
39416,130050.0000
39417,130050.0000
39418,130050.0000
39419,130050.0000
39420,130050.0000
39421,130050.0000
39422,130050.0000
39423,130050.0000
39424,130050.0000
39425,130050.0000
39426,130050.0000
39427,130050.0000
39428,130050.0000
39429,130050.0000
39430,130050.0000
39431,130050.0000
39432,130050.0000
39433,130050.0000
39434,130050.0000
39435,130050.0000
39436,130050.0000
39437,130050.0000
39438,130050.0000
39439,130050.0000
39440,130050.0000
39441,130050.0000
39442,130050.0000
39443,130050.0000
39444,130050.0000
39445,130050.0000
39446,130050.0000
39447,130050.0000
39448,130050.0000
39449,130050.0000
39450,130050.0000
39451,130050.0000
39452,130050.0000
39453,130050.0000
39454,130050.0000
39455,130050.0000
39456,130050.0000
39457,130050.0000
39458,130050.0000
39459,130050.0000
39460,130050.0000
39461,130050.0000
39462,130050.0000
39463,130050.0000
39464,130050.0000
39465,130050.0000
39466,130050.0000
39467,130050.0000
39468,130050.0000
39469,130050.0000
39470,130050.0000
39471,130050.0000
39472,130050.0000
39473,130050.0000
39474,130050.0000
39475,130050.0000
39476,130050.0000
39477,130050.0000
39478,130050.0000
39479,130050.0000
39480,130050.0000
39481,130050.0000
39482,130050.0000
39483,130050.0000
39484,130050.0000
39485,130050.0000
39486,130050.0000
39487,130050.0000
39488,130050.0000
39489,130050.0000
39490,130050.0000
39491,130050.0000
39492,130050.0000
39493,130050.0000
39494,130050.0000
39495,130050.0000
39496,130050.0000
39497,130050.0000
39498,130050.0000
39499,130050.0000
39500,130050.0000
39501,130050.0000
39502,130050.0000
39503,130050.0000
39504,130050.0000
39505,130050.0000
39506,130050.0000
39507,130050.0000
39508,130050.0000
39509,130050.0000
39510,130050.0000
39511,130050.0000
39512,130050.0000
39513,130050.0000
39514,130050.0000
39515,130050.0000
39516,130050.0000
39517,130050.0000
39518,130050.0000
39519,130050.0000
39520,130050.0000
39521,130050.0000
39522,130050.0000
39523,130050.0000
39524,130050.0000
39525,130050.0000
39526,130050.0000
39527,130050.0000
39528,130050.0000
39529,130050.0000
39530,130050.0000
39531,130050.0000
39532,130050.0000
39533,130050.0000
39534,130050.0000
39535,130050.0000
39536,130050.0000
39537,130050.0000
39538,130050.0000
39539,130050.0000
39540,130050.0000
39541,130050.0000
39542,130050.0000
39543,130050.0000
39544,130050.0000
39545,130050.0000
39546,130050.0000
39547,130050.0000
39548,130050.0000
39549,130050.0000
39550,130050.0000
39551,130050.0000
39552,130050.0000
39553,130050.0000
39554,130050.0000
39555,130050.0000
39556,130050.0000
39557,130050.0000
39558,130050.0000
39559,130050.0000
39560,130050.0000
39561,130050.0000
39562,130050.0000
39563,130050.0000
39564,130050.0000
39565,130050.0000
39566,130050.0000
39567,130050.0000
39568,130050.0000
39569,130050.0000
39570,130050.0000
39571,130050.0000
39572,130050.0000
39573,130050.0000
39574,130050.0000
39575,130050.0000
39576,130050.0000
39577,130050.0000
39578,130050.0000
39579,130050.0000
39580,130050.0000
39581,130050.0000
39582,130050.0000
39583,130050.0000
39584,130050.0000
39585,130050.0000
39586,130050.0000
39587,130050.0000
39588,130050.0000
39589,130050.0000
39590,130050.0000
39591,130050.0000
39592,130050.0000
39593,130050.0000
39594,130050.0000
39595,130050.0000
39596,130050.0000
39597,130050.0000
39598,130050.0000
39599,130050.0000
39600,130050.0000
39601,130050.0000
39602,130050.0000
39603,130050.0000
39604,130050.0000
39605,130050.0000
39606,130050.0000
39607,130050.0000
39608,130050.0000
39609,130050.0000
39610,130050.0000
39611,130050.0000
39612,130050.0000
39613,130050.0000
39614,130050.0000
39615,130050.0000
39616,130050.0000
39617,130050.0000
39618,130050.0000
39619,130050.0000
39620,130050.0000
39621,130050.0000
39622,130050.0000
39623,130050.0000
39624,130050.0000
39625,130050.0000
39626,130050.0000
39627,130050.0000
39628,130050.0000
39629,130050.0000
39630,130050.0000
39631,130050.0000
39632,130050.0000
39633,130050.0000
39634,130050.0000
39635,130050.0000
39636,130050.0000
39637,130050.0000
39638,130050.0000
39639,130050.0000
39640,130050.0000
39641,130050.0000
39642,130050.0000
39643,130050.0000
39644,130050.0000
39645,130050.0000
39646,130050.0000
39647,130050.0000
39648,130050.0000
39649,130050.0000
39650,130050.0000
39651,130050.0000
39652,130050.0000
39653,130050.0000
39654,130050.0000
39655,130050.0000
39656,130050.0000
39657,130050.0000
39658,130050.0000
39659,130050.0000
39660,130050.0000
39661,130050.0000
39662,130050.0000
39663,130050.0000
39664,130050.0000
39665,130050.0000
39666,130050.0000
39667,130050.0000
39668,130050.0000
39669,130050.0000
39670,130050.0000
39671,130050.0000
39672,130050.0000
39673,130050.0000
39674,130050.0000
39675,130050.0000
39676,130050.0000
39677,130050.0000
39678,130050.0000
39679,130050.0000
39680,130050.0000
39681,130050.0000
39682,130050.0000
39683,130050.0000
39684,130050.0000
39685,130050.0000
39686,130050.0000
39687,130050.0000
39688,130050.0000
39689,130050.0000
39690,130050.0000
39691,130050.0000
39692,130050.0000
39693,130050.0000
39694,130050.0000
39695,130050.0000
39696,130050.0000
39697,130050.0000
39698,130050.0000
39699,130050.0000
39700,130050.0000
39701,130050.0000
39702,130050.0000
39703,130050.0000
39704,130050.0000
39705,130050.0000
39706,130050.0000
39707,130050.0000
39708,130050.0000
39709,130050.0000
39710,130050.0000
39711,130050.0000
39712,130050.0000
39713,130050.0000
39714,130050.0000
39715,130050.0000
39716,130050.0000
39717,130050.0000
39718,130050.0000
39719,130050.0000
39720,130050.0000
39721,130050.0000
39722,130050.0000
39723,130050.0000
39724,130050.0000
39725,130050.0000
39726,130050.0000
39727,130050.0000
39728,130050.0000
39729,130050.0000
39730,130050.0000
39731,130050.0000
39732,130050.0000
39733,130050.0000
39734,130050.0000
39735,130050.0000
39736,130050.0000
39737,130050.0000
39738,130050.0000
39739,130050.0000
39740,130050.0000
39741,130050.0000
39742,130050.0000
39743,130050.0000
39744,130050.0000
39745,130050.0000
39746,130050.0000
39747,130050.0000
39748,130050.0000
39749,130050.0000
39750,130050.0000
39751,130050.0000
39752,130050.0000
39753,130050.0000
39754,130050.0000
39755,130050.0000
39756,130050.0000
39757,130050.0000
39758,130050.0000
39759,130050.0000
39760,130050.0000
39761,130050.0000
39762,130050.0000
39763,130050.0000
39764,130050.0000
39765,130050.0000
39766,130050.0000
39767,130050.0000
39768,130050.0000
39769,130050.0000
39770,130050.0000
39771,130050.0000
39772,130050.0000
39773,130050.0000
39774,130050.0000
39775,130050.0000
39776,130050.0000
39777,130050.0000
39778,130050.0000
39779,130050.0000
39780,130050.0000
39781,130050.0000
39782,130050.0000
39783,130050.0000
39784,130050.0000
39785,130050.0000
39786,130050.0000
39787,130050.0000
39788,130050.0000
39789,130050.0000
39790,130050.0000
39791,130050.0000
39792,130050.0000
39793,130050.0000
39794,130050.0000
39795,130050.0000
39796,130050.0000
39797,130050.0000
39798,130050.0000
39799,130050.0000
39800,130050.0000
39801,130050.0000
39802,130050.0000
39803,130050.0000
39804,130050.0000
39805,130050.0000
39806,130050.0000
39807,130050.0000
39808,130050.0000
39809,130050.0000
39810,130050.0000
39811,130050.0000
39812,130050.0000
39813,130050.0000
39814,130050.0000
39815,130050.0000
39816,130050.0000
39817,130050.0000
39818,130050.0000
39819,130050.0000
39820,130050.0000
39821,130050.0000
39822,130050.0000
39823,130050.0000
39824,130050.0000
39825,130050.0000
39826,130050.0000
39827,130050.0000
39828,130050.0000
39829,130050.0000
39830,130050.0000
39831,130050.0000
39832,130050.0000
39833,130050.0000
39834,130050.0000
39835,130050.0000
39836,130050.0000
39837,130050.0000
39838,130050.0000
39839,130050.0000
39840,130050.0000
39841,130050.0000
39842,130050.0000
39843,130050.0000
39844,130050.0000
39845,130050.0000
39846,130050.0000
39847,130050.0000
39848,130050.0000
39849,130050.0000
39850,130050.0000
39851,130050.0000
39852,130050.0000
39853,130050.0000
39854,130050.0000
39855,130050.0000
39856,130050.0000
39857,130050.0000
39858,130050.0000
39859,130050.0000
39860,130050.0000
39861,130050.0000
39862,130050.0000
39863,130050.0000
39864,130050.0000
39865,130050.0000
39866,130050.0000
39867,130050.0000
39868,130050.0000
39869,130050.0000
39870,130050.0000
39871,130050.0000
39872,130050.0000
39873,130050.0000
39874,130050.0000
39875,130050.0000
39876,130050.0000
39877,130050.0000
39878,130050.0000
39879,130050.0000
39880,130050.0000
39881,130050.0000
39882,130050.0000
39883,130050.0000
39884,130050.0000
39885,130050.0000
39886,130050.0000
39887,130050.0000
39888,130050.0000
39889,130050.0000
39890,130050.0000
39891,130050.0000
39892,130050.0000
39893,130050.0000
39894,130050.0000
39895,130050.0000
39896,130050.0000
39897,130050.0000
39898,130050.0000
39899,130050.0000
39900,130050.0000
39901,130050.0000
39902,130050.0000
39903,130050.0000
39904,130050.0000
39905,130050.0000
39906,130050.0000
39907,130050.0000
39908,130050.0000
39909,130050.0000
39910,130050.0000
39911,130050.0000
39912,130050.0000
39913,130050.0000
39914,130050.0000
39915,130050.0000
39916,130050.0000
39917,130050.0000
39918,130050.0000
39919,130050.0000
39920,130050.0000
39921,130050.0000
39922,130050.0000
39923,130050.0000
39924,130050.0000
39925,130050.0000
39926,130050.0000
39927,130050.0000
39928,130050.0000
39929,130050.0000
39930,130050.0000
39931,130050.0000
39932,130050.0000
39933,130050.0000
39934,130050.0000
39935,130050.0000
39936,130050.0000
39937,130050.0000
39938,130050.0000
39939,130050.0000
39940,130050.0000
39941,130050.0000
39942,130050.0000
39943,130050.0000
39944,130050.0000
39945,130050.0000
39946,130050.0000
39947,130050.0000
39948,130050.0000
39949,130050.0000
39950,130050.0000
39951,130050.0000
39952,130050.0000
39953,130050.0000
39954,130050.0000
39955,130050.0000
39956,130050.0000
39957,130050.0000
39958,130050.0000
39959,130050.0000
39960,130050.0000
39961,130050.0000
39962,130050.0000
39963,130050.0000
39964,130050.0000
39965,130050.0000
39966,130050.0000
39967,130050.0000
39968,130050.0000
39969,130050.0000
39970,130050.0000
39971,130050.0000
39972,130050.0000
39973,130050.0000
39974,130050.0000
39975,130050.0000
39976,130050.0000
39977,130050.0000
39978,130050.0000
39979,130050.0000
39980,130050.0000
39981,130050.0000
39982,130050.0000
39983,130050.0000
39984,130050.0000
39985,130050.0000
39986,130050.0000
39987,130050.0000
39988,130050.0000
39989,130050.0000
39990,130050.0000
39991,130050.0000
39992,130050.0000
39993,130050.0000
39994,130050.0000
39995,130050.0000
39996,130050.0000
39997,130050.0000
39998,130050.0000
39999,130050.0000
40000,130050.0000
40001,130050.0000
40002,130050.0000
40003,130050.0000
40004,130050.0000
40005,130050.0000
40006,130050.0000
40007,130050.0000
40008,130050.0000
40009,130050.0000
40010,130050.0000
40011,130050.0000
40012,130050.0000
40013,130050.0000
40014,130050.0000
40015,130050.0000
40016,130050.0000
40017,130050.0000
40018,130050.0000
40019,130050.0000
40020,130050.0000
40021,130050.0000
40022,130050.0000
40023,130050.0000
40024,130050.0000
40025,130050.0000
40026,130050.0000
40027,130050.0000
40028,130050.0000
40029,130050.0000
40030,130050.0000
40031,130050.0000
40032,130050.0000
40033,130050.0000
40034,130050.0000
40035,130050.0000
40036,130050.0000
40037,130050.0000
40038,130050.0000
40039,130050.0000
40040,130050.0000
40041,130050.0000
40042,130050.0000
40043,130050.0000
40044,130050.0000
40045,130050.0000
40046,130050.0000
40047,130050.0000
40048,130050.0000
40049,130050.0000
40050,130050.0000
40051,130050.0000
40052,130050.0000
40053,130050.0000
40054,130050.0000
40055,130050.0000
40056,130050.0000
40057,130050.0000
40058,130050.0000
40059,130050.0000
40060,130050.0000
40061,130050.0000
40062,130050.0000
40063,130050.0000
40064,130050.0000
40065,130050.0000
40066,130050.0000
40067,130050.0000
40068,130050.0000
40069,130050.0000
40070,130050.0000
40071,130050.0000
40072,130050.0000
40073,130050.0000
40074,130050.0000
40075,130050.0000
40076,130050.0000
40077,130050.0000
40078,130050.0000
40079,130050.0000
40080,130050.0000
40081,130050.0000
40082,130050.0000
40083,130050.0000
40084,130050.0000
40085,130050.0000
40086,130050.0000
40087,130050.0000
40088,130050.0000
40089,130050.0000
40090,130050.0000
40091,130050.0000
40092,130050.0000
40093,130050.0000
40094,130050.0000
40095,130050.0000
40096,130050.0000
40097,130050.0000
40098,130050.0000
40099,130050.0000
40100,130050.0000
40101,130050.0000
40102,130050.0000
40103,130050.0000
40104,130050.0000
40105,130050.0000
40106,130050.0000
40107,130050.0000
40108,130050.0000
40109,130050.0000
40110,130050.0000
40111,130050.0000
40112,130050.0000
40113,130050.0000
40114,130050.0000
40115,130050.0000
40116,130050.0000
40117,130050.0000
40118,130050.0000
40119,130050.0000
40120,130050.0000
40121,130050.0000
40122,130050.0000
40123,130050.0000
40124,130050.0000
40125,130050.0000
40126,130050.0000
40127,130050.0000
40128,130050.0000
40129,130050.0000
40130,130050.0000
40131,130050.0000
40132,130050.0000
40133,130050.0000
40134,130050.0000
40135,130050.0000
40136,130050.0000
40137,130050.0000
40138,130050.0000
40139,130050.0000
40140,130050.0000
40141,130050.0000
40142,130050.0000
40143,130050.0000
40144,130050.0000
40145,130050.0000
40146,130050.0000
40147,130050.0000
40148,130050.0000
40149,130050.0000
40150,130050.0000
40151,130050.0000
40152,130050.0000
40153,130050.0000
40154,130050.0000
40155,130050.0000
40156,130050.0000
40157,130050.0000
40158,130050.0000
40159,130050.0000
40160,130050.0000
40161,130050.0000
40162,130050.0000
40163,130050.0000
40164,130050.0000
40165,130050.0000
40166,130050.0000
40167,130050.0000
40168,130050.0000
40169,130050.0000
40170,130050.0000
40171,130050.0000
40172,130050.0000
40173,130050.0000
40174,130050.0000
40175,130050.0000
40176,130050.0000
40177,130050.0000
40178,130050.0000
40179,130050.0000
40180,130050.0000
40181,130050.0000
40182,130050.0000
40183,130050.0000
40184,130050.0000
40185,130050.0000
40186,130050.0000
40187,130050.0000
40188,130050.0000
40189,130050.0000
40190,130050.0000
40191,130050.0000
40192,130050.0000
40193,130050.0000
40194,130050.0000
40195,130050.0000
40196,130050.0000
40197,130050.0000
40198,130050.0000
40199,130050.0000
40200,130050.0000
40201,130050.0000
40202,130050.0000
40203,130050.0000
40204,130050.0000
40205,130050.0000
40206,130050.0000
40207,130050.0000
40208,130050.0000
40209,130050.0000
40210,130050.0000
40211,130050.0000
40212,130050.0000
40213,130050.0000
40214,130050.0000
40215,130050.0000
40216,130050.0000
40217,130050.0000
40218,130050.0000
40219,130050.0000
40220,130050.0000
40221,130050.0000
40222,130050.0000
40223,130050.0000
40224,130050.0000
40225,130050.0000
40226,130050.0000
40227,130050.0000
40228,130050.0000
40229,130050.0000
40230,130050.0000
40231,130050.0000
40232,130050.0000
40233,130050.0000
40234,130050.0000
40235,130050.0000
40236,130050.0000
40237,130050.0000
40238,130050.0000
40239,130050.0000
40240,130050.0000
40241,130050.0000
40242,130050.0000
40243,130050.0000
40244,130050.0000
40245,130050.0000
40246,130050.0000
40247,130050.0000
40248,130050.0000
40249,130050.0000
40250,130050.0000
40251,130050.0000
40252,130050.0000
40253,130050.0000
40254,130050.0000
40255,130050.0000
40256,130050.0000
40257,130050.0000
40258,130050.0000
40259,130050.0000
40260,130050.0000
40261,130050.0000
40262,130050.0000
40263,130050.0000
40264,130050.0000
40265,130050.0000
40266,130050.0000
40267,130050.0000
40268,130050.0000
40269,130050.0000
40270,130050.0000
40271,130050.0000
40272,130050.0000
40273,130050.0000
40274,130050.0000
40275,130050.0000
40276,130050.0000
40277,130050.0000
40278,130050.0000
40279,130050.0000
40280,130050.0000
40281,130050.0000
40282,130050.0000
40283,130050.0000
40284,130050.0000
40285,130050.0000
40286,130050.0000
40287,130050.0000
40288,130050.0000
40289,130050.0000
40290,130050.0000
40291,130050.0000
40292,130050.0000
40293,130050.0000
40294,130050.0000
40295,130050.0000
40296,130050.0000
40297,130050.0000
40298,130050.0000
40299,130050.0000
40300,130050.0000
40301,130050.0000
40302,130050.0000
40303,130050.0000
40304,130050.0000
40305,130050.0000
40306,130050.0000
40307,130050.0000
40308,130050.0000
40309,130050.0000
40310,130050.0000
40311,130050.0000
40312,130050.0000
40313,130050.0000
40314,130050.0000
40315,130050.0000
40316,130050.0000
40317,130050.0000
40318,130050.0000
40319,130050.0000
40320,130050.0000
40321,130050.0000
40322,130050.0000
40323,130050.0000
40324,130050.0000
40325,130050.0000
40326,130050.0000
40327,130050.0000
40328,130050.0000
40329,130050.0000
40330,130050.0000
40331,130050.0000
40332,130050.0000
40333,130050.0000
40334,130050.0000
40335,130050.0000
40336,130050.0000
40337,130050.0000
40338,130050.0000
40339,130050.0000
40340,130050.0000
40341,130050.0000
40342,130050.0000
40343,130050.0000
40344,130050.0000
40345,130050.0000
40346,130050.0000
40347,130050.0000
40348,130050.0000
40349,130050.0000
40350,130050.0000
40351,130050.0000
40352,130050.0000
40353,130050.0000
40354,130050.0000
40355,130050.0000
40356,130050.0000
40357,130050.0000
40358,130050.0000
40359,130050.0000
40360,130050.0000
40361,130050.0000
40362,130050.0000
40363,130050.0000
40364,130050.0000
40365,130050.0000
40366,130050.0000
40367,130050.0000
40368,130050.0000
40369,130050.0000
40370,130050.0000
40371,130050.0000
40372,130050.0000
40373,130050.0000
40374,130050.0000
40375,130050.0000
40376,130050.0000
40377,130050.0000
40378,130050.0000
40379,130050.0000
40380,130050.0000
40381,130050.0000
40382,130050.0000
40383,130050.0000
40384,130050.0000
40385,130050.0000
40386,130050.0000
40387,130050.0000
40388,130050.0000
40389,130050.0000
40390,130050.0000
40391,130050.0000
40392,130050.0000
40393,130050.0000
40394,130050.0000
40395,130050.0000
40396,130050.0000
40397,130050.0000
40398,130050.0000
40399,130050.0000
40400,130050.0000
40401,130050.0000
40402,130050.0000
40403,130050.0000
40404,130050.0000
40405,130050.0000
40406,130050.0000
40407,130050.0000
40408,130050.0000
40409,130050.0000
40410,130050.0000
40411,130050.0000
40412,130050.0000
40413,130050.0000
40414,130050.0000
40415,130050.0000
40416,130050.0000
40417,130050.0000
40418,130050.0000
40419,130050.0000
40420,130050.0000
40421,130050.0000
40422,130050.0000
40423,130050.0000
40424,130050.0000
40425,130050.0000
40426,130050.0000
40427,130050.0000
40428,130050.0000
40429,130050.0000
40430,130050.0000
40431,130050.0000
40432,130050.0000
40433,130050.0000
40434,130050.0000
40435,130050.0000
40436,130050.0000
40437,130050.0000
40438,130050.0000
40439,130050.0000
40440,130050.0000
40441,130050.0000
40442,130050.0000
40443,130050.0000
40444,130050.0000
40445,130050.0000
40446,130050.0000
40447,130050.0000
40448,130050.0000
40449,130050.0000
40450,130050.0000
40451,130050.0000
40452,130050.0000
40453,130050.0000
40454,130050.0000
40455,130050.0000
40456,130050.0000
40457,130050.0000
40458,130050.0000
40459,130050.0000
40460,130050.0000
40461,130050.0000
40462,130050.0000
40463,130050.0000
40464,130050.0000
40465,130050.0000
40466,130050.0000
40467,130050.0000
40468,130050.0000
40469,130050.0000
40470,130050.0000
40471,130050.0000
40472,130050.0000
40473,130050.0000
40474,130050.0000
40475,130050.0000
40476,130050.0000
40477,130050.0000
40478,130050.0000
40479,130050.0000
40480,130050.0000
40481,130050.0000
40482,130050.0000
40483,130050.0000
40484,130050.0000
40485,130050.0000
40486,130050.0000
40487,130050.0000
40488,130050.0000
40489,130050.0000
40490,130050.0000
40491,130050.0000
40492,130050.0000
40493,130050.0000
40494,130050.0000
40495,130050.0000
40496,130050.0000
40497,130050.0000
40498,130050.0000
40499,130050.0000
40500,130050.0000
40501,130050.0000
40502,130050.0000
40503,130050.0000
40504,130050.0000
40505,130050.0000
40506,130050.0000
40507,130050.0000
40508,130050.0000
40509,130050.0000
40510,130050.0000
40511,130050.0000
40512,130050.0000
40513,130050.0000
40514,130050.0000
40515,130050.0000
40516,130050.0000
40517,130050.0000
40518,130050.0000
40519,130050.0000
40520,130050.0000
40521,130050.0000
40522,130050.0000
40523,130050.0000
40524,130050.0000
40525,130050.0000
40526,130050.0000
40527,130050.0000
40528,130050.0000
40529,130050.0000
40530,130050.0000
40531,130050.0000
40532,130050.0000
40533,130050.0000
40534,130050.0000
40535,130050.0000
40536,130050.0000
40537,130050.0000
40538,130050.0000
40539,130050.0000
40540,130050.0000
40541,130050.0000
40542,130050.0000
40543,130050.0000
40544,130050.0000
40545,130050.0000
40546,130050.0000
40547,130050.0000
40548,130050.0000
40549,130050.0000
40550,130050.0000
40551,130050.0000
40552,130050.0000
40553,130050.0000
40554,130050.0000
40555,130050.0000
40556,130050.0000
40557,130050.0000
40558,130050.0000
40559,130050.0000
40560,130050.0000
40561,130050.0000
40562,130050.0000
40563,130050.0000
40564,130050.0000
40565,130050.0000
40566,130050.0000
40567,130050.0000
40568,130050.0000
40569,130050.0000
40570,130050.0000
40571,130050.0000
40572,130050.0000
40573,130050.0000
40574,130050.0000
40575,130050.0000
40576,130050.0000
40577,130050.0000
40578,130050.0000
40579,130050.0000
40580,130050.0000
40581,130050.0000
40582,130050.0000
40583,130050.0000
40584,130050.0000
40585,130050.0000
40586,130050.0000
40587,130050.0000
40588,130050.0000
40589,130050.0000
40590,130050.0000
40591,130050.0000
40592,130050.0000
40593,130050.0000
40594,130050.0000
40595,130050.0000
40596,130050.0000
40597,130050.0000
40598,130050.0000
40599,130050.0000
40600,130050.0000
40601,130050.0000
40602,130050.0000
40603,130050.0000
40604,130050.0000
40605,130050.0000
40606,130050.0000
40607,130050.0000
40608,130050.0000
40609,130050.0000
40610,130050.0000
40611,130050.0000
40612,130050.0000
40613,130050.0000
40614,130050.0000
40615,130050.0000
40616,130050.0000
40617,130050.0000
40618,130050.0000
40619,130050.0000
40620,130050.0000
40621,130050.0000
40622,130050.0000
40623,130050.0000
40624,130050.0000
40625,130050.0000
40626,130050.0000
40627,130050.0000
40628,130050.0000
40629,130050.0000
40630,130050.0000
40631,130050.0000
40632,130050.0000
40633,130050.0000
40634,130050.0000
40635,130050.0000
40636,130050.0000
40637,130050.0000
40638,130050.0000
40639,130050.0000
40640,130050.0000
40641,130050.0000
40642,130050.0000
40643,130050.0000
40644,130050.0000
40645,130050.0000
40646,130050.0000
40647,130050.0000
40648,130050.0000
40649,130050.0000
40650,130050.0000
40651,130050.0000
40652,130050.0000
40653,130050.0000
40654,130050.0000
40655,130050.0000
40656,130050.0000
40657,130050.0000
40658,130050.0000
40659,130050.0000
40660,130050.0000
40661,130050.0000
40662,130050.0000
40663,130050.0000
40664,130050.0000
40665,130050.0000
40666,130050.0000
40667,130050.0000
40668,130050.0000
40669,130050.0000
40670,130050.0000
40671,130050.0000
40672,130050.0000
40673,130050.0000
40674,130050.0000
40675,130050.0000
40676,130050.0000
40677,130050.0000
40678,130050.0000
40679,130050.0000
40680,130050.0000
40681,130050.0000
40682,130050.0000
40683,130050.0000
40684,130050.0000
40685,130050.0000
40686,130050.0000
40687,130050.0000
40688,130050.0000
40689,130050.0000
40690,130050.0000
40691,130050.0000
40692,130050.0000
40693,130050.0000
40694,130050.0000
40695,130050.0000
40696,130050.0000
40697,130050.0000
40698,130050.0000
40699,130050.0000
40700,130050.0000
40701,130050.0000
40702,130050.0000
40703,130050.0000
40704,130050.0000
40705,130050.0000
40706,130050.0000
40707,130050.0000
40708,130050.0000
40709,130050.0000
40710,130050.0000
40711,130050.0000
40712,130050.0000
40713,130050.0000
40714,130050.0000
40715,130050.0000
40716,130050.0000
40717,130050.0000
40718,130050.0000
40719,130050.0000
40720,130050.0000
40721,130050.0000
40722,130050.0000
40723,130050.0000
40724,130050.0000
40725,130050.0000
40726,130050.0000
40727,130050.0000
40728,130050.0000
40729,130050.0000
40730,130050.0000
40731,130050.0000
40732,130050.0000
40733,130050.0000
40734,130050.0000
40735,130050.0000
40736,130050.0000
40737,130050.0000
40738,130050.0000
40739,130050.0000
40740,130050.0000
40741,130050.0000
40742,130050.0000
40743,130050.0000
40744,130050.0000
40745,130050.0000
40746,130050.0000
40747,130050.0000
40748,130050.0000
40749,130050.0000
40750,130050.0000
40751,130050.0000
40752,130050.0000
40753,130050.0000
40754,130050.0000
40755,130050.0000
40756,130050.0000
40757,130050.0000
40758,130050.0000
40759,130050.0000
40760,130050.0000
40761,130050.0000
40762,130050.0000
40763,130050.0000
40764,130050.0000
40765,130050.0000
40766,130050.0000
40767,130050.0000
40768,130050.0000
40769,130050.0000
40770,130050.0000
40771,130050.0000
40772,130050.0000
40773,130050.0000
40774,130050.0000
40775,130050.0000
40776,130050.0000
40777,130050.0000
40778,130050.0000
40779,130050.0000
40780,130050.0000
40781,130050.0000
40782,130050.0000
40783,130050.0000
40784,130050.0000
40785,130050.0000
40786,130050.0000
40787,130050.0000
40788,130050.0000
40789,130050.0000
40790,130050.0000
40791,130050.0000
40792,130050.0000
40793,130050.0000
40794,130050.0000
40795,130050.0000
40796,130050.0000
40797,130050.0000
40798,130050.0000
40799,130050.0000
40800,130050.0000
40801,130050.0000
40802,130050.0000
40803,130050.0000
40804,130050.0000
40805,130050.0000
40806,130050.0000
40807,130050.0000
40808,130050.0000
40809,130050.0000
40810,130050.0000
40811,130050.0000
40812,130050.0000
40813,130050.0000
40814,130050.0000
40815,130050.0000
40816,130050.0000
40817,130050.0000
40818,130050.0000
40819,130050.0000
40820,130050.0000
40821,130050.0000
40822,130050.0000
40823,130050.0000
40824,130050.0000
40825,130050.0000
40826,130050.0000
40827,130050.0000
40828,130050.0000
40829,130050.0000
40830,130050.0000
40831,130050.0000
40832,130050.0000
40833,130050.0000
40834,130050.0000
40835,130050.0000
40836,130050.0000
40837,130050.0000
40838,130050.0000
40839,130050.0000
40840,130050.0000
40841,130050.0000
40842,130050.0000
40843,130050.0000
40844,130050.0000
40845,130050.0000
40846,130050.0000
40847,130050.0000
40848,130050.0000
40849,130050.0000
40850,130050.0000
40851,130050.0000
40852,130050.0000
40853,130050.0000
40854,130050.0000
40855,130050.0000
40856,130050.0000
40857,130050.0000
40858,130050.0000
40859,130050.0000
40860,130050.0000
40861,130050.0000
40862,130050.0000
40863,130050.0000
40864,130050.0000
40865,130050.0000
40866,130050.0000
40867,130050.0000
40868,130050.0000
40869,130050.0000
40870,130050.0000
40871,130050.0000
40872,130050.0000
40873,130050.0000
40874,130050.0000
40875,130050.0000
40876,130050.0000
40877,130050.0000
40878,130050.0000
40879,130050.0000
40880,130050.0000
40881,130050.0000
40882,130050.0000
40883,130050.0000
40884,130050.0000
40885,130050.0000
40886,130050.0000
40887,130050.0000
40888,130050.0000
40889,130050.0000
40890,130050.0000
40891,130050.0000
40892,130050.0000
40893,130050.0000
40894,130050.0000
40895,130050.0000
40896,130050.0000
40897,130050.0000
40898,130050.0000
40899,130050.0000
40900,130050.0000
40901,130050.0000
40902,130050.0000
40903,130050.0000
40904,130050.0000
40905,130050.0000
40906,130050.0000
40907,130050.0000
40908,130050.0000
40909,130050.0000
40910,130050.0000
40911,130050.0000
40912,130050.0000
40913,130050.0000
40914,130050.0000
40915,130050.0000
40916,130050.0000
40917,130050.0000
40918,130050.0000
40919,130050.0000
40920,130050.0000
40921,130050.0000
40922,130050.0000
40923,130050.0000
40924,130050.0000
40925,130050.0000
40926,130050.0000
40927,130050.0000
40928,130050.0000
40929,130050.0000
40930,130050.0000
40931,130050.0000
40932,130050.0000
40933,130050.0000
40934,130050.0000
40935,130050.0000
40936,130050.0000
40937,130050.0000
40938,130050.0000
40939,130050.0000
40940,130050.0000
40941,130050.0000
40942,130050.0000
40943,130050.0000
40944,130050.0000
40945,130050.0000
40946,130050.0000
40947,130050.0000
40948,130050.0000
40949,130050.0000
40950,130050.0000
40951,130050.0000
40952,130050.0000
40953,130050.0000
40954,130050.0000
40955,130050.0000
40956,130050.0000
40957,130050.0000
40958,130050.0000
40959,130050.0000
40960,130050.0000
40961,130050.0000
40962,130050.0000
40963,130050.0000
40964,130050.0000
40965,130050.0000
40966,130050.0000
40967,130050.0000
40968,130050.0000
40969,130050.0000
40970,130050.0000
40971,130050.0000
40972,130050.0000
40973,130050.0000
40974,130050.0000
40975,130050.0000
40976,130050.0000
40977,130050.0000
40978,130050.0000
40979,130050.0000
40980,130050.0000
40981,130050.0000
40982,130050.0000
40983,130050.0000
40984,130050.0000
40985,130050.0000
40986,130050.0000
40987,130050.0000
40988,130050.0000
40989,130050.0000
40990,130050.0000
40991,130050.0000
40992,130050.0000
40993,130050.0000
40994,130050.0000
40995,130050.0000
40996,130050.0000
40997,130050.0000
40998,130050.0000
40999,130050.0000
41000,130050.0000
41001,130050.0000
41002,130050.0000
41003,130050.0000
41004,130050.0000
41005,130050.0000
41006,130050.0000
41007,130050.0000
41008,130050.0000
41009,130050.0000
41010,130050.0000
41011,130050.0000
41012,130050.0000
41013,130050.0000
41014,130050.0000
41015,130050.0000
41016,130050.0000
41017,130050.0000
41018,130050.0000
41019,130050.0000
41020,130050.0000
41021,130050.0000
41022,130050.0000
41023,130050.0000
41024,130050.0000
41025,130050.0000
41026,130050.0000
41027,130050.0000
41028,130050.0000
41029,130050.0000
41030,130050.0000
41031,130050.0000
41032,130050.0000
41033,130050.0000
41034,130050.0000
41035,130050.0000
41036,130050.0000
41037,130050.0000
41038,130050.0000
41039,130050.0000
41040,130050.0000
41041,130050.0000
41042,130050.0000
41043,130050.0000
41044,130050.0000
41045,130050.0000
41046,130050.0000
41047,130050.0000
41048,130050.0000
41049,130050.0000
41050,130050.0000
41051,130050.0000
41052,130050.0000
41053,130050.0000
41054,130050.0000
41055,130050.0000
41056,130050.0000
41057,130050.0000
41058,130050.0000
41059,130050.0000
41060,130050.0000
41061,130050.0000
41062,130050.0000
41063,130050.0000
41064,130050.0000
41065,130050.0000
41066,130050.0000
41067,130050.0000
41068,130050.0000
41069,130050.0000
41070,130050.0000
41071,130050.0000
41072,130050.0000
41073,130050.0000
41074,130050.0000
41075,130050.0000
41076,130050.0000
41077,130050.0000
41078,130050.0000
41079,130050.0000
41080,130050.0000
41081,130050.0000
41082,130050.0000
41083,130050.0000
41084,130050.0000
41085,130050.0000
41086,130050.0000
41087,130050.0000
41088,130050.0000
41089,130050.0000
41090,130050.0000
41091,130050.0000
41092,130050.0000
41093,130050.0000
41094,130050.0000
41095,130050.0000
41096,130050.0000
41097,130050.0000
41098,130050.0000
41099,130050.0000
41100,130050.0000
41101,130050.0000
41102,130050.0000
41103,130050.0000
41104,130050.0000
41105,130050.0000
41106,130050.0000
41107,130050.0000
41108,130050.0000
41109,130050.0000
41110,130050.0000
41111,130050.0000
41112,130050.0000
41113,130050.0000
41114,130050.0000
41115,130050.0000
41116,130050.0000
41117,130050.0000
41118,130050.0000
41119,130050.0000
41120,130050.0000
41121,130050.0000
41122,130050.0000
41123,130050.0000
41124,130050.0000
41125,130050.0000
41126,130050.0000
41127,130050.0000
41128,130050.0000
41129,130050.0000
41130,130050.0000
41131,130050.0000
41132,130050.0000
41133,130050.0000
41134,130050.0000
41135,130050.0000
41136,130050.0000
41137,130050.0000
41138,130050.0000
41139,130050.0000
41140,130050.0000
41141,130050.0000
41142,130050.0000
41143,130050.0000
41144,130050.0000
41145,130050.0000
41146,130050.0000
41147,130050.0000
41148,130050.0000
41149,130050.0000
41150,130050.0000
41151,130050.0000
41152,130050.0000
41153,130050.0000
41154,130050.0000
41155,130050.0000
41156,130050.0000
41157,130050.0000
41158,130050.0000
41159,130050.0000
41160,130050.0000
41161,130050.0000
41162,130050.0000
41163,130050.0000
41164,130050.0000
41165,130050.0000
41166,130050.0000
41167,130050.0000
41168,130050.0000
41169,130050.0000
41170,130050.0000
41171,130050.0000
41172,130050.0000
41173,130050.0000
41174,130050.0000
41175,130050.0000
41176,130050.0000
41177,130050.0000
41178,130050.0000
41179,130050.0000
41180,130050.0000
41181,130050.0000
41182,130050.0000
41183,130050.0000
41184,130050.0000
41185,130050.0000
41186,130050.0000
41187,130050.0000
41188,130050.0000
41189,130050.0000
41190,130050.0000
41191,130050.0000
41192,130050.0000
41193,130050.0000
41194,130050.0000
41195,130050.0000
41196,130050.0000
41197,130050.0000
41198,130050.0000
41199,130050.0000
41200,130050.0000
41201,130050.0000
41202,130050.0000
41203,130050.0000
41204,130050.0000
41205,130050.0000
41206,130050.0000
41207,130050.0000
41208,130050.0000
41209,130050.0000
41210,130050.0000
41211,130050.0000
41212,130050.0000
41213,130050.0000
41214,130050.0000
41215,130050.0000
41216,130050.0000
41217,130050.0000
41218,130050.0000
41219,130050.0000
41220,130050.0000
41221,130050.0000
41222,130050.0000
41223,130050.0000
41224,130050.0000
41225,130050.0000
41226,130050.0000
41227,130050.0000
41228,130050.0000
41229,130050.0000
41230,130050.0000
41231,130050.0000
41232,130050.0000
41233,130050.0000
41234,130050.0000
41235,130050.0000
41236,130050.0000
41237,130050.0000
41238,130050.0000
41239,130050.0000
41240,130050.0000
41241,130050.0000
41242,130050.0000
41243,130050.0000
41244,130050.0000
41245,130050.0000
41246,130050.0000
41247,130050.0000
41248,130050.0000
41249,130050.0000
41250,130050.0000
41251,130050.0000
41252,130050.0000
41253,130050.0000
41254,130050.0000
41255,130050.0000
41256,130050.0000
41257,130050.0000
41258,130050.0000
41259,130050.0000
41260,130050.0000
41261,130050.0000
41262,130050.0000
41263,130050.0000
41264,130050.0000
41265,130050.0000
41266,130050.0000
41267,130050.0000
41268,130050.0000
41269,130050.0000
41270,130050.0000
41271,130050.0000
41272,130050.0000
41273,130050.0000
41274,130050.0000
41275,130050.0000
41276,130050.0000
41277,130050.0000
41278,130050.0000
41279,130050.0000
41280,130050.0000
41281,130050.0000
41282,130050.0000
41283,130050.0000
41284,130050.0000
41285,130050.0000
41286,130050.0000
41287,130050.0000
41288,130050.0000
41289,130050.0000
41290,130050.0000
41291,130050.0000
41292,130050.0000
41293,130050.0000
41294,130050.0000
41295,130050.0000
41296,130050.0000
41297,130050.0000
41298,130050.0000
41299,130050.0000
41300,130050.0000
41301,130050.0000
41302,130050.0000
41303,130050.0000
41304,130050.0000
41305,130050.0000
41306,130050.0000
41307,130050.0000
41308,130050.0000
41309,130050.0000
41310,130050.0000
41311,130050.0000
41312,130050.0000
41313,130050.0000
41314,130050.0000
41315,130050.0000
41316,130050.0000
41317,130050.0000
41318,130050.0000
41319,130050.0000
41320,130050.0000
41321,130050.0000
41322,130050.0000
41323,130050.0000
41324,130050.0000
41325,130050.0000
41326,130050.0000
41327,130050.0000
41328,130050.0000
41329,130050.0000
41330,130050.0000
41331,130050.0000
41332,130050.0000
41333,130050.0000
41334,130050.0000
41335,130050.0000
41336,130050.0000
41337,130050.0000
41338,130050.0000
41339,130050.0000
41340,130050.0000
41341,130050.0000
41342,130050.0000
41343,130050.0000
41344,130050.0000
41345,130050.0000
41346,130050.0000
41347,130050.0000
41348,130050.0000
41349,130050.0000
41350,130050.0000
41351,130050.0000
41352,130050.0000
41353,130050.0000
41354,130050.0000
41355,130050.0000
41356,130050.0000
41357,130050.0000
41358,130050.0000
41359,130050.0000
41360,130050.0000
41361,130050.0000
41362,130050.0000
41363,130050.0000
41364,130050.0000
41365,130050.0000
41366,130050.0000
41367,130050.0000
41368,130050.0000
41369,130050.0000
41370,130050.0000
41371,130050.0000
41372,130050.0000
41373,130050.0000
41374,130050.0000
41375,130050.0000
41376,130050.0000
41377,130050.0000
41378,130050.0000
41379,130050.0000
41380,130050.0000
41381,130050.0000
41382,130050.0000
41383,130050.0000
41384,130050.0000
41385,130050.0000
41386,130050.0000
41387,130050.0000
41388,130050.0000
41389,130050.0000
41390,130050.0000
41391,130050.0000
41392,130050.0000
41393,130050.0000
41394,130050.0000
41395,130050.0000
41396,130050.0000
41397,130050.0000
41398,130050.0000
41399,130050.0000
41400,130050.0000
41401,130050.0000
41402,130050.0000
41403,130050.0000
41404,130050.0000
41405,130050.0000
41406,130050.0000
41407,130050.0000
41408,130050.0000
41409,130050.0000
41410,130050.0000
41411,130050.0000
41412,130050.0000
41413,130050.0000
41414,130050.0000
41415,130050.0000
41416,130050.0000
41417,130050.0000
41418,130050.0000
41419,130050.0000
41420,130050.0000
41421,130050.0000
41422,130050.0000
41423,130050.0000
41424,130050.0000
41425,130050.0000
41426,130050.0000
41427,130050.0000
41428,130050.0000
41429,130050.0000
41430,130050.0000
41431,130050.0000
41432,130050.0000
41433,130050.0000
41434,130050.0000
41435,130050.0000
41436,130050.0000
41437,130050.0000
41438,130050.0000
41439,130050.0000
41440,130050.0000
41441,130050.0000
41442,130050.0000
41443,130050.0000
41444,130050.0000
41445,130050.0000
41446,130050.0000
41447,130050.0000
41448,130050.0000
41449,130050.0000
41450,130050.0000
41451,130050.0000
41452,130050.0000
41453,130050.0000
41454,130050.0000
41455,130050.0000
41456,130050.0000
41457,130050.0000
41458,130050.0000
41459,130050.0000
41460,130050.0000
41461,130050.0000
41462,130050.0000
41463,130050.0000
41464,130050.0000
41465,130050.0000
41466,130050.0000
41467,130050.0000
41468,130050.0000
41469,130050.0000
41470,130050.0000
41471,130050.0000
41472,130050.0000
41473,130050.0000
41474,130050.0000
41475,130050.0000
41476,130050.0000
41477,130050.0000
41478,130050.0000
41479,130050.0000
41480,130050.0000
41481,130050.0000
41482,130050.0000
41483,130050.0000
41484,130050.0000
41485,130050.0000
41486,130050.0000
41487,130050.0000
41488,130050.0000
41489,130050.0000
41490,130050.0000
41491,130050.0000
41492,130050.0000
41493,130050.0000
41494,130050.0000
41495,130050.0000
41496,130050.0000
41497,130050.0000
41498,130050.0000
41499,130050.0000
41500,130050.0000
41501,130050.0000
41502,130050.0000
41503,130050.0000
41504,130050.0000
41505,130050.0000
41506,130050.0000
41507,130050.0000
41508,130050.0000
41509,130050.0000
41510,130050.0000
41511,130050.0000
41512,130050.0000
41513,130050.0000
41514,130050.0000
41515,130050.0000
41516,130050.0000
41517,130050.0000
41518,130050.0000
41519,130050.0000
41520,130050.0000
41521,130050.0000
41522,130050.0000
41523,130050.0000
41524,130050.0000
41525,130050.0000
41526,130050.0000
41527,130050.0000
41528,130050.0000
41529,130050.0000
41530,130050.0000
41531,130050.0000
41532,130050.0000
41533,130050.0000
41534,130050.0000
41535,130050.0000
41536,130050.0000
41537,130050.0000
41538,130050.0000
41539,130050.0000
41540,130050.0000
41541,130050.0000
41542,130050.0000
41543,130050.0000
41544,130050.0000
41545,130050.0000
41546,130050.0000
41547,130050.0000
41548,130050.0000
41549,130050.0000
41550,130050.0000
41551,130050.0000
41552,130050.0000
41553,130050.0000
41554,130050.0000
41555,130050.0000
41556,130050.0000
41557,130050.0000
41558,130050.0000
41559,130050.0000
41560,130050.0000
41561,130050.0000
41562,130050.0000
41563,130050.0000
41564,130050.0000
41565,130050.0000
41566,130050.0000
41567,130050.0000
41568,130050.0000
41569,130050.0000
41570,130050.0000
41571,130050.0000
41572,130050.0000
41573,130050.0000
41574,130050.0000
41575,130050.0000
41576,130050.0000
41577,130050.0000
41578,130050.0000
41579,130050.0000
41580,130050.0000
41581,130050.0000
41582,130050.0000
41583,130050.0000
41584,130050.0000
41585,130050.0000
41586,130050.0000
41587,130050.0000
41588,130050.0000
41589,130050.0000
41590,130050.0000
41591,130050.0000
41592,130050.0000
41593,130050.0000
41594,130050.0000
41595,130050.0000
41596,130050.0000
41597,130050.0000
41598,130050.0000
41599,130050.0000
41600,130050.0000
41601,130050.0000
41602,130050.0000
41603,130050.0000
41604,130050.0000
41605,130050.0000
41606,130050.0000
41607,130050.0000
41608,130050.0000
41609,130050.0000
41610,130050.0000
41611,130050.0000
41612,130050.0000
41613,130050.0000
41614,130050.0000
41615,130050.0000
41616,130050.0000
41617,130050.0000
41618,130050.0000
41619,130050.0000
41620,130050.0000
41621,130050.0000
41622,130050.0000
41623,130050.0000
41624,130050.0000
41625,130050.0000
41626,130050.0000
41627,130050.0000
41628,130050.0000
41629,130050.0000
41630,130050.0000
41631,130050.0000
41632,130050.0000
41633,130050.0000
41634,130050.0000
41635,130050.0000
41636,130050.0000
41637,130050.0000
41638,130050.0000
41639,130050.0000
41640,130050.0000
41641,130050.0000
41642,130050.0000
41643,130050.0000
41644,130050.0000
41645,130050.0000
41646,130050.0000
41647,130050.0000
41648,130050.0000
41649,130050.0000
41650,130050.0000
41651,130050.0000
41652,130050.0000
41653,130050.0000
41654,130050.0000
41655,130050.0000
41656,130050.0000
41657,130050.0000
41658,130050.0000
41659,130050.0000
41660,130050.0000
41661,130050.0000
41662,130050.0000
41663,130050.0000
41664,130050.0000
41665,130050.0000
41666,130050.0000
41667,130050.0000
41668,130050.0000
41669,130050.0000
41670,130050.0000
41671,130050.0000
41672,130050.0000
41673,130050.0000
41674,130050.0000
41675,130050.0000
41676,130050.0000
41677,130050.0000
41678,130050.0000
41679,130050.0000
41680,130050.0000
41681,130050.0000
41682,130050.0000
41683,130050.0000
41684,130050.0000
41685,130050.0000
41686,130050.0000
41687,130050.0000
41688,130050.0000
41689,130050.0000
41690,130050.0000
41691,130050.0000
41692,130050.0000
41693,130050.0000
41694,130050.0000
41695,130050.0000
41696,130050.0000
41697,130050.0000
41698,130050.0000
41699,130050.0000
41700,130050.0000
41701,130050.0000
41702,130050.0000
41703,130050.0000
41704,130050.0000
41705,130050.0000
41706,130050.0000
41707,130050.0000
41708,130050.0000
41709,130050.0000
41710,130050.0000
41711,130050.0000
41712,130050.0000
41713,130050.0000
41714,130050.0000
41715,130050.0000
41716,130050.0000
41717,130050.0000
41718,130050.0000
41719,130050.0000
41720,130050.0000
41721,130050.0000
41722,130050.0000
41723,130050.0000
41724,130050.0000
41725,130050.0000
41726,130050.0000
41727,130050.0000
41728,130050.0000
41729,130050.0000
41730,130050.0000
41731,130050.0000
41732,130050.0000
41733,130050.0000
41734,130050.0000
41735,130050.0000
41736,130050.0000
41737,130050.0000
41738,130050.0000
41739,130050.0000
41740,130050.0000
41741,130050.0000
41742,130050.0000
41743,130050.0000
41744,130050.0000
41745,130050.0000
41746,130050.0000
41747,130050.0000
41748,130050.0000
41749,130050.0000
41750,130050.0000
41751,130050.0000
41752,130050.0000
41753,130050.0000
41754,130050.0000
41755,130050.0000
41756,130050.0000
41757,130050.0000
41758,130050.0000
41759,130050.0000
41760,130050.0000
41761,130050.0000
41762,130050.0000
41763,130050.0000
41764,130050.0000
41765,130050.0000
41766,130050.0000
41767,130050.0000
41768,130050.0000
41769,130050.0000
41770,130050.0000
41771,130050.0000
41772,130050.0000
41773,130050.0000
41774,130050.0000
41775,130050.0000
41776,130050.0000
41777,130050.0000
41778,130050.0000
41779,130050.0000
41780,130050.0000
41781,130050.0000
41782,130050.0000
41783,130050.0000
41784,130050.0000
41785,130050.0000
41786,130050.0000
41787,130050.0000
41788,130050.0000
41789,130050.0000
41790,130050.0000
41791,130050.0000
41792,130050.0000
41793,130050.0000
41794,130050.0000
41795,130050.0000
41796,130050.0000
41797,130050.0000
41798,130050.0000
41799,130050.0000
41800,130050.0000
41801,130050.0000
41802,130050.0000
41803,130050.0000
41804,130050.0000
41805,130050.0000
41806,130050.0000
41807,130050.0000
41808,130050.0000
41809,130050.0000
41810,130050.0000
41811,130050.0000
41812,130050.0000
41813,130050.0000
41814,130050.0000
41815,130050.0000
41816,130050.0000
41817,130050.0000
41818,130050.0000
41819,130050.0000
41820,130050.0000
41821,130050.0000
41822,130050.0000
41823,130050.0000
41824,130050.0000
41825,130050.0000
41826,130050.0000
41827,130050.0000
41828,130050.0000
41829,130050.0000
41830,130050.0000
41831,130050.0000
41832,130050.0000
41833,130050.0000
41834,130050.0000
41835,130050.0000
41836,130050.0000
41837,130050.0000
41838,130050.0000
41839,130050.0000
41840,130050.0000
41841,130050.0000
41842,130050.0000
41843,130050.0000
41844,130050.0000
41845,130050.0000
41846,130050.0000
41847,130050.0000
41848,130050.0000
41849,130050.0000
41850,130050.0000
41851,130050.0000
41852,130050.0000
41853,130050.0000
41854,130050.0000
41855,130050.0000
41856,130050.0000
41857,130050.0000
41858,130050.0000
41859,130050.0000
41860,130050.0000
41861,130050.0000
41862,130050.0000
41863,130050.0000
41864,130050.0000
41865,130050.0000
41866,130050.0000
41867,130050.0000
41868,130050.0000
41869,130050.0000
41870,130050.0000
41871,130050.0000
41872,130050.0000
41873,130050.0000
41874,130050.0000
41875,130050.0000
41876,130050.0000
41877,130050.0000
41878,130050.0000
41879,130050.0000
41880,130050.0000
41881,130050.0000
41882,130050.0000
41883,130050.0000
41884,130050.0000
41885,130050.0000
41886,130050.0000
41887,130050.0000
41888,130050.0000
41889,130050.0000
41890,130050.0000
41891,130050.0000
41892,130050.0000
41893,130050.0000
41894,130050.0000
41895,130050.0000
41896,130050.0000
41897,130050.0000
41898,130050.0000
41899,130050.0000
41900,130050.0000
41901,130050.0000
41902,130050.0000
41903,130050.0000
41904,130050.0000
41905,130050.0000
41906,130050.0000
41907,130050.0000
41908,130050.0000
41909,130050.0000
41910,130050.0000
41911,130050.0000
41912,130050.0000
41913,130050.0000
41914,130050.0000
41915,130050.0000
41916,130050.0000
41917,130050.0000
41918,130050.0000
41919,130050.0000
41920,130050.0000
41921,130050.0000
41922,130050.0000
41923,130050.0000
41924,130050.0000
41925,130050.0000
41926,130050.0000
41927,130050.0000
41928,130050.0000
41929,130050.0000
41930,130050.0000
41931,130050.0000
41932,130050.0000
41933,130050.0000
41934,130050.0000
41935,130050.0000
41936,130050.0000
41937,130050.0000
41938,130050.0000
41939,130050.0000
41940,130050.0000
41941,130050.0000
41942,130050.0000
41943,130050.0000
41944,130050.0000
41945,130050.0000
41946,130050.0000
41947,130050.0000
41948,130050.0000
41949,130050.0000
41950,130050.0000
41951,130050.0000
41952,130050.0000
41953,130050.0000
41954,130050.0000
41955,130050.0000
41956,130050.0000
41957,130050.0000
41958,130050.0000
41959,130050.0000
41960,130050.0000
41961,130050.0000
41962,130050.0000
41963,130050.0000
41964,130050.0000
41965,130050.0000
41966,130050.0000
41967,130050.0000
41968,130050.0000
41969,130050.0000
41970,130050.0000
41971,130050.0000
41972,130050.0000
41973,130050.0000
41974,130050.0000
41975,130050.0000
41976,130050.0000
41977,130050.0000
41978,130050.0000
41979,130050.0000
41980,130050.0000
41981,130050.0000
41982,130050.0000
41983,130050.0000
41984,130050.0000
41985,130050.0000
41986,130050.0000
41987,130050.0000
41988,130050.0000
41989,130050.0000
41990,130050.0000
41991,130050.0000
41992,130050.0000
41993,130050.0000
41994,130050.0000
41995,130050.0000
41996,130050.0000
41997,130050.0000
41998,130050.0000
41999,130050.0000
42000,130050.0000
42001,130050.0000
42002,130050.0000
42003,130050.0000
42004,130050.0000
42005,130050.0000
42006,130050.0000
42007,130050.0000
42008,130050.0000
42009,130050.0000
42010,130050.0000
42011,130050.0000
42012,130050.0000
42013,130050.0000
42014,130050.0000
42015,130050.0000
42016,130050.0000
42017,130050.0000
42018,130050.0000
42019,130050.0000
42020,130050.0000
42021,130050.0000
42022,130050.0000
42023,130050.0000
42024,130050.0000
42025,130050.0000
42026,130050.0000
42027,130050.0000
42028,130050.0000
42029,130050.0000
42030,130050.0000
42031,130050.0000
42032,130050.0000
42033,130050.0000
42034,130050.0000
42035,130050.0000
42036,130050.0000
42037,130050.0000
42038,130050.0000
42039,130050.0000
42040,130050.0000
42041,130050.0000
42042,130050.0000
42043,130050.0000
42044,130050.0000
42045,130050.0000
42046,130050.0000
42047,130050.0000
42048,130050.0000
42049,130050.0000
42050,130050.0000
42051,130050.0000
42052,130050.0000
42053,130050.0000
42054,130050.0000
42055,130050.0000
42056,130050.0000
42057,130050.0000
42058,130050.0000
42059,130050.0000
42060,130050.0000
42061,130050.0000
42062,130050.0000
42063,130050.0000
42064,130050.0000
42065,130050.0000
42066,130050.0000
42067,130050.0000
42068,130050.0000
42069,130050.0000
42070,130050.0000
42071,130050.0000
42072,130050.0000
42073,130050.0000
42074,130050.0000
42075,130050.0000
42076,130050.0000
42077,130050.0000
42078,130050.0000
42079,130050.0000
42080,130050.0000
42081,130050.0000
42082,130050.0000
42083,130050.0000
42084,130050.0000
42085,130050.0000
42086,130050.0000
42087,130050.0000
42088,130050.0000
42089,130050.0000
42090,130050.0000
42091,130050.0000
42092,130050.0000
42093,130050.0000
42094,130050.0000
42095,130050.0000
42096,130050.0000
42097,130050.0000
42098,130050.0000
42099,130050.0000
42100,130050.0000
42101,130050.0000
42102,130050.0000
42103,130050.0000
42104,130050.0000
42105,130050.0000
42106,130050.0000
42107,130050.0000
42108,130050.0000
42109,130050.0000
42110,130050.0000
42111,130050.0000
42112,130050.0000
42113,130050.0000
42114,130050.0000
42115,130050.0000
42116,130050.0000
42117,130050.0000
42118,130050.0000
42119,130050.0000
42120,130050.0000
42121,130050.0000
42122,130050.0000
42123,130050.0000
42124,130050.0000
42125,130050.0000
42126,130050.0000
42127,130050.0000
42128,130050.0000
42129,130050.0000
42130,130050.0000
42131,130050.0000
42132,130050.0000
42133,130050.0000
42134,130050.0000
42135,130050.0000
42136,130050.0000
42137,130050.0000
42138,130050.0000
42139,130050.0000
42140,130050.0000
42141,130050.0000
42142,130050.0000
42143,130050.0000
42144,130050.0000
42145,130050.0000
42146,130050.0000
42147,130050.0000
42148,130050.0000
42149,130050.0000
42150,130050.0000
42151,130050.0000
42152,130050.0000
42153,130050.0000
42154,130050.0000
42155,130050.0000
42156,130050.0000
42157,130050.0000
42158,130050.0000
42159,130050.0000
42160,130050.0000
42161,130050.0000
42162,130050.0000
42163,130050.0000
42164,130050.0000
42165,130050.0000
42166,130050.0000
42167,130050.0000
42168,130050.0000
42169,130050.0000
42170,130050.0000
42171,130050.0000
42172,130050.0000
42173,130050.0000
42174,130050.0000
42175,130050.0000
42176,130050.0000
42177,130050.0000
42178,130050.0000
42179,130050.0000
42180,130050.0000
42181,130050.0000
42182,130050.0000
42183,130050.0000
42184,130050.0000
42185,130050.0000
42186,130050.0000
42187,130050.0000
42188,130050.0000
42189,130050.0000
42190,130050.0000
42191,130050.0000
42192,130050.0000
42193,130050.0000
42194,130050.0000
42195,130050.0000
42196,130050.0000
42197,130050.0000
42198,130050.0000
42199,130050.0000
42200,130050.0000
42201,130050.0000
42202,130050.0000
42203,130050.0000
42204,130050.0000
42205,130050.0000
42206,130050.0000
42207,130050.0000
42208,130050.0000
42209,130050.0000
42210,130050.0000
42211,130050.0000
42212,130050.0000
42213,130050.0000
42214,130050.0000
42215,130050.0000
42216,130050.0000
42217,130050.0000
42218,130050.0000
42219,130050.0000
42220,130050.0000
42221,130050.0000
42222,130050.0000
42223,130050.0000
42224,130050.0000
42225,130050.0000
42226,130050.0000
42227,130050.0000
42228,130050.0000
42229,130050.0000
42230,130050.0000
42231,130050.0000
42232,130050.0000
42233,130050.0000
42234,130050.0000
42235,130050.0000
42236,130050.0000
42237,130050.0000
42238,130050.0000
42239,130050.0000
42240,130050.0000
42241,130050.0000
42242,130050.0000
42243,130050.0000
42244,130050.0000
42245,130050.0000
42246,130050.0000
42247,130050.0000
42248,130050.0000
42249,130050.0000
42250,130050.0000
42251,130050.0000
42252,130050.0000
42253,130050.0000
42254,130050.0000
42255,130050.0000
42256,130050.0000
42257,130050.0000
42258,130050.0000
42259,130050.0000
42260,130050.0000
42261,130050.0000
42262,130050.0000
42263,130050.0000
42264,130050.0000
42265,130050.0000
42266,130050.0000
42267,130050.0000
42268,130050.0000
42269,130050.0000
42270,130050.0000
42271,130050.0000
42272,130050.0000
42273,130050.0000
42274,130050.0000
42275,130050.0000
42276,130050.0000
42277,130050.0000
42278,130050.0000
42279,130050.0000
42280,130050.0000
42281,130050.0000
42282,130050.0000
42283,130050.0000
42284,130050.0000
42285,130050.0000
42286,130050.0000
42287,130050.0000
42288,130050.0000
42289,130050.0000
42290,130050.0000
42291,130050.0000
42292,130050.0000
42293,130050.0000
42294,130050.0000
42295,130050.0000
42296,130050.0000
42297,130050.0000
42298,130050.0000
42299,130050.0000
42300,130050.0000
42301,130050.0000
42302,130050.0000
42303,130050.0000
42304,130050.0000
42305,130050.0000
42306,130050.0000
42307,130050.0000
42308,130050.0000
42309,130050.0000
42310,130050.0000
42311,130050.0000
42312,130050.0000
42313,130050.0000
42314,130050.0000
42315,130050.0000
42316,130050.0000
42317,130050.0000
42318,130050.0000
42319,130050.0000
42320,130050.0000
42321,130050.0000
42322,130050.0000
42323,130050.0000
42324,130050.0000
42325,130050.0000
42326,130050.0000
42327,130050.0000
42328,130050.0000
42329,130050.0000
42330,130050.0000
42331,130050.0000
42332,130050.0000
42333,130050.0000
42334,130050.0000
42335,130050.0000
42336,130050.0000
42337,130050.0000
42338,130050.0000
42339,130050.0000
42340,130050.0000
42341,130050.0000
42342,130050.0000
42343,130050.0000
42344,130050.0000
42345,130050.0000
42346,130050.0000
42347,130050.0000
42348,130050.0000
42349,130050.0000
42350,130050.0000
42351,130050.0000
42352,130050.0000
42353,130050.0000
42354,130050.0000
42355,130050.0000
42356,130050.0000
42357,130050.0000
42358,130050.0000
42359,130050.0000
42360,130050.0000
42361,130050.0000
42362,130050.0000
42363,130050.0000
42364,130050.0000
42365,130050.0000
42366,130050.0000
42367,130050.0000
42368,130050.0000
42369,130050.0000
42370,130050.0000
42371,130050.0000
42372,130050.0000
42373,130050.0000
42374,130050.0000
42375,130050.0000
42376,130050.0000
42377,130050.0000
42378,130050.0000
42379,130050.0000
42380,130050.0000
42381,130050.0000
42382,130050.0000
42383,130050.0000
42384,130050.0000
42385,130050.0000
42386,130050.0000
42387,130050.0000
42388,130050.0000
42389,130050.0000
42390,130050.0000
42391,130050.0000
42392,130050.0000
42393,130050.0000
42394,130050.0000
42395,130050.0000
42396,130050.0000
42397,130050.0000
42398,130050.0000
42399,130050.0000
42400,130050.0000
42401,130050.0000
42402,130050.0000
42403,130050.0000
42404,130050.0000
42405,130050.0000
42406,130050.0000
42407,130050.0000
42408,130050.0000
42409,130050.0000
42410,130050.0000
42411,130050.0000
42412,130050.0000
42413,130050.0000
42414,130050.0000
42415,130050.0000
42416,130050.0000
42417,130050.0000
42418,130050.0000
42419,130050.0000
42420,130050.0000
42421,130050.0000
42422,130050.0000
42423,130050.0000
42424,130050.0000
42425,130050.0000
42426,130050.0000
42427,130050.0000
42428,130050.0000
42429,130050.0000
42430,130050.0000
42431,130050.0000
42432,130050.0000
42433,130050.0000
42434,130050.0000
42435,130050.0000
42436,130050.0000
42437,130050.0000
42438,130050.0000
42439,130050.0000
42440,130050.0000
42441,130050.0000
42442,130050.0000
42443,130050.0000
42444,130050.0000
42445,130050.0000
42446,130050.0000
42447,130050.0000
42448,130050.0000
42449,130050.0000
42450,130050.0000
42451,130050.0000
42452,130050.0000
42453,130050.0000
42454,130050.0000
42455,130050.0000
42456,130050.0000
42457,130050.0000
42458,130050.0000
42459,130050.0000
42460,130050.0000
42461,130050.0000
42462,130050.0000
42463,130050.0000
42464,130050.0000
42465,130050.0000
42466,130050.0000
42467,130050.0000
42468,130050.0000
42469,130050.0000
42470,130050.0000
42471,130050.0000
42472,130050.0000
42473,130050.0000
42474,130050.0000
42475,130050.0000
42476,130050.0000
42477,130050.0000
42478,130050.0000
42479,130050.0000
42480,130050.0000
42481,130050.0000
42482,130050.0000
42483,130050.0000
42484,130050.0000
42485,130050.0000
42486,130050.0000
42487,130050.0000
42488,130050.0000
42489,130050.0000
42490,130050.0000
42491,130050.0000
42492,130050.0000
42493,130050.0000
42494,130050.0000
42495,130050.0000
42496,130050.0000
42497,130050.0000
42498,130050.0000
42499,130050.0000
42500,130050.0000
42501,130050.0000
42502,130050.0000
42503,130050.0000
42504,130050.0000
42505,130050.0000
42506,130050.0000
42507,130050.0000
42508,130050.0000
42509,130050.0000
42510,130050.0000
42511,130050.0000
42512,130050.0000
42513,130050.0000
42514,130050.0000
42515,130050.0000
42516,130050.0000
42517,130050.0000
42518,130050.0000
42519,130050.0000
42520,130050.0000
42521,130050.0000
42522,130050.0000
42523,130050.0000
42524,130050.0000
42525,130050.0000
42526,130050.0000
42527,130050.0000
42528,130050.0000
42529,130050.0000
42530,130050.0000
42531,130050.0000
42532,130050.0000
42533,130050.0000
42534,130050.0000
42535,130050.0000
42536,130050.0000
42537,130050.0000
42538,130050.0000
42539,130050.0000
42540,130050.0000
42541,130050.0000
42542,130050.0000
42543,130050.0000
42544,130050.0000
42545,130050.0000
42546,130050.0000
42547,130050.0000
42548,130050.0000
42549,130050.0000
42550,130050.0000
42551,130050.0000
42552,130050.0000
42553,130050.0000
42554,130050.0000
42555,130050.0000
42556,130050.0000
42557,130050.0000
42558,130050.0000
42559,130050.0000
42560,130050.0000
42561,130050.0000
42562,130050.0000
42563,130050.0000
42564,130050.0000
42565,130050.0000
42566,130050.0000
42567,130050.0000
42568,130050.0000
42569,130050.0000
42570,130050.0000
42571,130050.0000
42572,130050.0000
42573,130050.0000
42574,130050.0000
42575,130050.0000
42576,130050.0000
42577,130050.0000
42578,130050.0000
42579,130050.0000
42580,130050.0000
42581,130050.0000
42582,130050.0000
42583,130050.0000
42584,130050.0000
42585,130050.0000
42586,130050.0000
42587,130050.0000
42588,130050.0000
42589,130050.0000
42590,130050.0000
42591,130050.0000
42592,130050.0000
42593,130050.0000
42594,130050.0000
42595,130050.0000
42596,130050.0000
42597,130050.0000
42598,130050.0000
42599,130050.0000
42600,130050.0000
42601,130050.0000
42602,130050.0000
42603,130050.0000
42604,130050.0000
42605,130050.0000
42606,130050.0000
42607,130050.0000
42608,130050.0000
42609,130050.0000
42610,130050.0000
42611,130050.0000
42612,130050.0000
42613,130050.0000
42614,130050.0000
42615,130050.0000
42616,130050.0000
42617,130050.0000
42618,130050.0000
42619,130050.0000
42620,130050.0000
42621,130050.0000
42622,130050.0000
42623,130050.0000
42624,130050.0000
42625,130050.0000
42626,130050.0000
42627,130050.0000
42628,130050.0000
42629,130050.0000
42630,130050.0000
42631,130050.0000
42632,130050.0000
42633,130050.0000
42634,130050.0000
42635,130050.0000
42636,130050.0000
42637,130050.0000
42638,130050.0000
42639,130050.0000
42640,130050.0000
42641,130050.0000
42642,130050.0000
42643,130050.0000
42644,130050.0000
42645,130050.0000
42646,130050.0000
42647,130050.0000
42648,130050.0000
42649,130050.0000
42650,130050.0000
42651,130050.0000
42652,130050.0000
42653,130050.0000
42654,130050.0000
42655,130050.0000
42656,130050.0000
42657,130050.0000
42658,130050.0000
42659,130050.0000
42660,130050.0000
42661,130050.0000
42662,130050.0000
42663,130050.0000
42664,130050.0000
42665,130050.0000
42666,130050.0000
