════════════════════════════════════════════════════════════════
              最优Cmax解的详细调度记录
════════════════════════════════════════════════════════════════

【基本信息】
----------------------------------------------------------------------------------------------------
Cmax (最大完工时间): 68529.74
能耗: 856.94 kWh
装箱质量: 0.2385
批次总数: 13
工件数量: 100
机器数量: 17 (打印机:5, 批处理机:2, 离散机:10)

【染色体编码】
----------------------------------------------------------------------------------------------------
工序序列 (OS): [6, 93, 90, 40, 80, 8, 62, 53, 85, 99, 42, 91, 92, 82, 88, 48, 9, 87, 13, 10, 74, 18, 17, 47, 59, 72, 1, 38, 37, 27, 26, 67, 57, 83, 68, 0, 14, 95, 63, 78, 19, 61, 50, 97, 44, 76, 11, 71, 32, 58, 43, 2, 30, 23, 29, 36, 21, 5, 79, 25, 31, 7, 51, 94, 41, 96, 98, 22, 28, 24, 34, 89, 81, 4, 52, 84, 64, 45, 60, 77, 55, 3, 35, 69, 54, 73, 15, 65, 39, 66, 56, 20, 33, 70, 86, 46, 12, 16, 75, 49, 94, 28, 37, 70, 11, 71, 26, 86, 53, 68, 46, 24, 21, 69, 33, 10, 7, 39, 92, 43, 43, 26, 67, 4, 36, 99, 40, 13, 93, 20, 23, 7, 87, 45, 17, 32, 69, 83, 41, 14, 23, 52, 88, 43, 55, 31, 96, 49, 4, 36, 25, 55, 14, 21, 85, 41, 42, 31, 45, 69, 72, 8, 18, 32, 14, 30, 30, 65, 31, 24, 46, 47, 72, 46, 64, 46, 17, 96, 7, 3, 31, 34, 8, 52, 59, 10, 32, 17, 71, 83, 99, 20, 40, 72, 20, 32, 85, 8, 46, 30, 50, 5, 67, 96, 13, 42, 8, 47, 67, 30, 1, 46, 23, 52, 58, 26, 39, 93, 41, 5, 65, 30, 26, 6, 30, 17, 23, 0, 13, 47, 47, 45, 75, 37, 3, 26, 28, 94, 36, 99, 26, 5, 25, 2, 75, 96, 7, 13, 8, 45, 45, 72, 14, 24, 40, 75, 83, 39, 54, 13, 59, 26, 96, 10, 32, 55, 28, 72, 14, 72, 79, 43, 16, 4, 58, 66, 33, 81, 99, 86, 87, 89, 55, 60, 25, 24, 23, 66, 66, 29, 41, 93, 24, 8, 57, 82, 32, 30, 97, 11, 0, 77, 23, 33, 72, 68, 12, 33, 88, 67, 26, 90, 83, 11, 58, 87, 15, 15, 81, 7, 97, 5, 93, 59, 43, 53, 86, 41, 9, 65, 36, 10, 3, 69, 25, 3, 55, 58, 51, 6, 69, 94, 24, 16, 69, 35, 34, 4, 77, 47, 35, 1, 4, 33, 74, 62, 69, 82, 11, 83, 40, 29, 37, 4, 5, 52, 14, 44, 45, 6, 47, 36, 19, 28, 31, 97, 65, 21, 68, 0, 71, 3, 94, 96, 13, 47, 36, 73, 36, 25, 75, 52, 78, 28, 20, 33, 15, 99, 55, 15, 92, 88, 17, 5, 14, 83, 94, 91, 15, 25, 99, 45, 15, 14, 40, 52, 20, 10, 39, 24, 65, 94, 74, 57, 6, 86, 17, 9, 49, 74, 17, 59, 34, 96, 0, 66, 89, 66, 11, 77, 30, 23, 1, 59, 75, 49, 41, 48]
机器选择 (MS): [1, 3, 2, 1, 5, 1, 1, 1, 1, 2, 5, 1, 1, 1, 5, 1, 3, 1, 2, 4, 4, 2, 3, 2, 2, 2, 4, 4, 2, 3, 3, 2, 2, 4, 2, 3, 2, 2, 3, 1, 4, 2, 2, 2, 3, 2, 2, 2, 1, 3, 1, 2, 3, 2, 5, 1, 3, 4, 2, 4, 3, 4, 1, 3, 1, 5, 2, 2, 4, 1, 4, 3, 2, 5, 4, 4, 5, 5, 2, 5, 4, 4, 3, 3, 3, 4, 3, 2, 1, 1, 3, 1, 3, 5, 1, 5, 2, 1, 2, 5, 1, 3, 1, 3, 2, 1, 1, 3, 3, 1, 1, 2, 1, 1, 2, 1, 3, 1, 1, 1, 1, 2, 1, 1, 3, 3, 1, 1, 2, 1, 1, 1, 2, 1, 1, 1, 1, 2, 1, 1, 2, 3, 1, 1, 3, 1, 2, 1, 1, 2, 3, 3, 2, 1, 1, 1, 1, 1, 2, 2, 2, 1, 2, 2, 2, 1, 1, 1, 2, 2, 3, 1, 2, 1, 1, 1, 1, 1, 1, 1, 1, 1, 2, 1, 2, 1, 2, 2, 3, 2, 1, 1, 3, 2, 1, 2, 1, 2, 1, 2, 1, 1, 2, 1, 2, 2, 2, 1, 3, 1, 1, 3, 1, 2, 2, 1, 1, 2, 2, 1, 2, 2, 2, 3, 1, 1, 3, 3, 3, 3, 1, 2, 1, 1, 1, 1, 3, 2, 1, 1, 1, 3, 1, 1, 2, 2, 2, 1, 1, 1, 1, 1, 1, 1, 2, 1, 1, 3, 1, 1, 2, 2, 2, 1, 1, 2, 1, 2, 3, 2, 2, 2, 1, 2, 2, 2, 1, 1, 1, 3, 2, 3, 1, 2, 1, 1, 1, 1, 1, 2, 2, 1, 1, 2, 1, 1, 2, 2, 1, 1, 1, 1, 1, 1, 1, 2, 1, 1, 1, 1, 1, 1, 2, 1, 2, 1, 1, 1, 1, 2, 2, 1, 2, 2, 3, 1, 1, 1, 1, 2, 1, 1, 1, 1, 1, 1, 2, 1, 1, 1, 2, 1, 3, 3, 1, 1, 1, 3, 3, 1, 1, 2, 3, 1, 1, 2, 3, 1, 1, 1, 1, 3, 3, 1, 2, 2, 1, 1, 1, 1, 1, 1, 1, 1, 1, 1, 1, 2, 2, 1, 1, 1, 1, 3, 1, 1, 1, 1, 3, 3, 3, 1, 1, 3, 2, 1, 1, 3, 1, 1, 2, 2, 1, 3, 1, 1, 1, 1, 1, 1, 2, 2, 1, 1, 1, 1, 1, 2, 2, 1, 1, 2, 1, 2, 1, 3, 1, 1, 3, 1, 1, 1, 1, 1, 1, 1, 1, 1, 3, 3, 1, 1, 1, 1, 2, 2, 1, 1]

【零件加工顺序记录】
----------------------------------------------------------------------------------------------------
工件号      工序号             机器号             开始时间            结束时间            加工时长           
----------------------------------------------------------------------------------------------------

工件 0:
  0        0               打印机3            0.00            12593.78        12593.78       
  0        1               批处理机2           12593.78        13657.78        1064.00        
  0        2               离散机3            13657.78        14557.78        900.00         
  0        3               离散机10           14685.78        15891.78        1206.00        
  0        4               离散机1            15891.78        16806.78        915.00         
  0        5               离散机9            40429.00        42169.00        1740.00        

工件 1:
  1        0               打印机4            0.00            46816.94        46816.94       
  1        1               批处理机2           46816.94        47880.94        1064.00        
  1        2               离散机8            51378.17        53022.17        1644.00        
  1        3               离散机7            55075.94        56857.94        1782.00        
  1        4               离散机2            61190.17        62114.17        924.00         

工件 2:
  2        0               打印机2            28858.46        45488.84        16630.39       
  2        1               批处理机2           45488.84        46552.84        1064.00        
  2        2               离散机10           46552.84        47732.84        1180.00        

工件 3:
  3        0               打印机4            0.00            46816.94        46816.94       
  3        1               批处理机2           46816.94        47880.94        1064.00        
  3        2               离散机10           47880.94        49499.94        1619.00        
  3        3               离散机7            49674.94        50803.94        1129.00        
  3        4               离散机2            58138.17        59136.17        998.00         
  3        5               离散机7            59136.17        60227.17        1091.00        
  3        6               离散机2            65621.74        66986.74        1365.00        

工件 4:
  4        0               打印机5            0.00            16997.00        16997.00       
  4        1               批处理机2           16997.00        18061.00        1064.00        
  4        2               离散机1            18544.67        19677.67        1133.00        
  4        3               离散机10           19677.67        21025.67        1348.00        
  4        4               离散机3            25402.78        26633.78        1231.00        
  4        5               离散机8            26633.78        27550.78        917.00         
  4        6               离散机2            27550.78        28572.78        1022.00        
  4        7               离散机6            36910.00        38248.00        1338.00        

工件 5:
  5        0               打印机4            0.00            46816.94        46816.94       
  5        1               批处理机2           46816.94        47880.94        1064.00        
  5        2               离散机1            51185.94        52858.94        1673.00        
  5        3               离散机8            53022.17        54318.17        1296.00        
  5        4               离散机2            54318.17        55238.17        920.00         
  5        5               离散机2            55238.17        56409.17        1171.00        
  5        6               离散机2            59136.17        60036.17        900.00         
  5        7               离散机8            60036.17        61513.17        1477.00        

工件 6:
  6        0               打印机1            0.00            14986.67        14986.67       
  6        1               批处理机2           14986.67        16050.67        1064.00        
  6        2               离散机6            17826.78        18831.78        1005.00        
  6        3               离散机2            18831.78        20496.78        1665.00        
  6        4               离散机2            22301.67        23494.67        1193.00        
  6        5               离散机9            31064.46        32341.46        1277.00        

工件 7:
  7        0               打印机4            0.00            46816.94        46816.94       
  7        1               批处理机2           46816.94        47880.94        1064.00        
  7        2               离散机2            47880.94        48868.94        988.00         
  7        3               离散机6            48884.94        50259.94        1375.00        
  7        4               离散机1            50259.94        51185.94        926.00         
  7        5               离散机2            52945.94        54290.94        1345.00        
  7        6               离散机9            54825.40        56287.40        1462.00        

工件 8:
  8        0               打印机1            14986.67        41819.49        26832.82       
  8        1               批处理机2           41819.49        42883.49        1064.00        
  8        2               离散机5            42883.49        44139.49        1256.00        
  8        3               离散机6            45090.49        46117.49        1027.00        
  8        4               离散机2            46117.49        47728.49        1611.00        
  8        5               离散机5            47728.49        48716.49        988.00         
  8        6               离散机1            53880.94        54913.94        1033.00        
  8        7               离散机4            55257.94        56918.94        1661.00        

工件 9:
  9        0               打印机3            0.00            12593.78        12593.78       
  9        1               批处理机2           12593.78        13657.78        1064.00        
  9        2               离散机7            23605.78        24890.78        1285.00        
  9        3               离散机5            24890.78        25803.78        913.00         

工件 10:
  10       0               打印机4            0.00            46816.94        46816.94       
  10       1               批处理机2           46816.94        47880.94        1064.00        
  10       2               离散机6            47880.94        48884.94        1004.00        
  10       3               离散机5            48884.94        49952.94        1068.00        
  10       4               离散机6            52827.94        54343.94        1516.00        
  10       5               离散机2            56409.17        58138.17        1729.00        
  10       6               离散机8            58314.94        59647.94        1333.00        

工件 11:
  11       0               打印机2            28858.46        45488.84        16630.39       
  11       1               批处理机2           45488.84        46552.84        1064.00        
  11       2               离散机3            46552.84        47933.84        1381.00        
  11       3               离散机8            47933.84        48949.84        1016.00        
  11       4               离散机3            55004.94        55995.94        991.00         
  11       5               离散机8            57376.94        58314.94        938.00         
  11       6               离散机8            61513.17        62529.17        1016.00        

工件 12:
  12       0               打印机2            0.00            28858.46        28858.46       
  12       1               批处理机2           28858.46        29922.46        1064.00        
  12       2               离散机10           35616.46        37139.46        1523.00        

工件 13:
  13       0               打印机2            0.00            28858.46        28858.46       
  13       1               批处理机2           28858.46        29922.46        1064.00        
  13       2               离散机3            29922.46        31379.46        1457.00        
  13       3               离散机8            31906.46        32944.46        1038.00        
  13       4               离散机5            34566.46        36242.46        1676.00        
  13       5               离散机2            36242.46        37877.46        1635.00        
  13       6               离散机7            39112.00        40723.00        1611.00        
  13       7               离散机2            40723.00        41704.00        981.00         

工件 14:
  14       0               打印机2            0.00            28858.46        28858.46       
  14       1               批处理机2           28858.46        29922.46        1064.00        
  14       2               离散机4            29922.46        31338.46        1416.00        
  14       3               离散机4            31338.46        32562.46        1224.00        
  14       4               离散机6            33907.00        34998.00        1091.00        
  14       5               离散机8            36561.00        38075.00        1514.00        
  14       6               离散机7            40723.00        41844.00        1121.00        
  14       7               离散机8            44379.49        45970.49        1591.00        
  14       8               离散机10           56817.94        58074.94        1257.00        
  14       9               离散机4            62240.94        63775.94        1535.00        

工件 15:
  15       0               打印机3            0.00            12593.78        12593.78       
  15       1               批处理机2           12593.78        13657.78        1064.00        
  15       2               离散机2            17181.67        18780.67        1599.00        
  15       3               离散机3            21238.67        22227.67        989.00         
  15       4               离散机2            23494.67        24584.67        1090.00        
  15       5               离散机7            24890.78        26299.78        1409.00        
  15       6               离散机3            27763.78        28993.78        1230.00        
  15       7               离散机3            34885.46        35826.46        941.00         

工件 16:
  16       0               打印机1            41819.49        60049.74        18230.26       
  16       1               批处理机2           60049.74        61113.74        1064.00        
  16       2               离散机2            63831.74        65621.74        1790.00        
  16       3               离散机1            65621.74        67403.74        1782.00        

工件 17:
  17       0               打印机3            12593.78        26809.51        14215.73       
  17       1               批处理机2           26809.51        27873.51        1064.00        
  17       2               离散机10           27873.51        28827.51        954.00         
  17       3               离散机6            28827.51        30065.51        1238.00        
  17       4               离散机3            31379.46        32561.46        1182.00        
  17       5               离散机9            37030.00        38036.00        1006.00        
  17       6               离散机2            38036.00        39659.00        1623.00        
  17       7               离散机2            39659.00        40630.00        971.00         
  17       8               离散机6            41801.46        42720.46        919.00         

工件 18:
  18       0               打印机2            0.00            28858.46        28858.46       
  18       1               批处理机2           28858.46        29922.46        1064.00        
  18       2               离散机9            29922.46        31064.46        1142.00        

工件 19:
  19       0               打印机4            0.00            46816.94        46816.94       
  19       1               批处理机2           46816.94        47880.94        1064.00        
  19       2               离散机4            59721.94        61258.94        1537.00        

工件 20:
  20       0               打印机1            0.00            14986.67        14986.67       
  20       1               批处理机2           14986.67        16050.67        1064.00        
  20       2               离散机7            16885.78        18067.78        1182.00        
  20       3               离散机5            18067.78        19292.78        1225.00        
  20       4               离散机6            19292.78        20552.78        1260.00        
  20       5               离散机9            28193.78        29409.78        1216.00        
  20       6               离散机10           40486.00        41406.00        920.00         

工件 21:
  21       0               打印机3            0.00            12593.78        12593.78       
  21       1               批处理机2           12593.78        13657.78        1064.00        
  21       2               离散机7            15331.78        16885.78        1554.00        
  21       3               离散机3            17088.67        18206.67        1118.00        
  21       4               离散机6            46117.49        47682.49        1565.00        

工件 22:
  22       0               打印机2            0.00            28858.46        28858.46       
  22       1               批处理机2           28858.46        29922.46        1064.00        

工件 23:
  23       0               打印机2            28858.46        45488.84        16630.39       
  23       1               批处理机2           45488.84        46552.84        1064.00        
  23       2               离散机9            46552.84        47592.84        1040.00        
  23       3               离散机3            47933.84        49030.84        1097.00        
  23       4               离散机6            50259.94        51836.94        1577.00        
  23       5               离散机10           52022.94        53627.94        1605.00        
  23       6               离散机9            53728.40        54825.40        1097.00        
  23       7               离散机5            56077.17        57778.17        1701.00        
  23       8               离散机5            58988.17        60226.17        1238.00        

工件 24:
  24       0               打印机1            0.00            14986.67        14986.67       
  24       1               批处理机2           14986.67        16050.67        1064.00        
  24       2               离散机10           16050.67        17842.67        1792.00        
  24       3               离散机3            19839.67        21238.67        1399.00        
  24       4               离散机5            21238.67        22304.67        1066.00        
  24       5               离散机4            22304.67        23696.67        1392.00        
  24       6               离散机10           23711.67        24888.67        1177.00        
  24       7               离散机8            24888.67        26306.67        1418.00        
  24       8               离散机7            26306.67        27715.67        1409.00        

工件 25:
  25       0               打印机4            0.00            46816.94        46816.94       
  25       1               批处理机2           46816.94        47880.94        1064.00        
  25       2               离散机3            49030.84        49951.84        921.00         
  25       3               离散机2            51619.94        52945.94        1326.00        
  25       4               离散机10           54835.94        55751.94        916.00         
  25       5               离散机1            57633.94        58679.94        1046.00        
  25       6               离散机9            58679.94        60397.94        1718.00        
  25       7               离散机10           61262.94        62390.94        1128.00        

工件 26:
  26       0               打印机3            0.00            12593.78        12593.78       
  26       1               批处理机2           12593.78        13657.78        1064.00        
  26       2               离散机7            13657.78        15331.78        1674.00        
  26       3               离散机6            15331.78        16473.78        1142.00        
  26       4               离散机7            20885.78        22242.78        1357.00        
  26       5               离散机3            22242.78        23851.78        1609.00        
  26       6               离散机6            23851.78        25130.78        1279.00        
  26       7               离散机9            25130.78        26131.78        1001.00        
  26       8               离散机9            26131.78        27195.78        1064.00        
  26       9               离散机5            27195.78        28691.78        1496.00        

工件 27:
  27       0               打印机3            12593.78        26809.51        14215.73       
  27       1               批处理机2           26809.51        27873.51        1064.00        

工件 28:
  28       0               打印机4            0.00            46816.94        46816.94       
  28       1               批处理机2           46816.94        47880.94        1064.00        
  28       2               离散机7            47880.94        49674.94        1794.00        
  28       3               离散机6            51836.94        52827.94        991.00         
  28       4               离散机10           53627.94        54835.94        1208.00        
  28       5               离散机10           55751.94        56817.94        1066.00        
  28       6               离散机6            60521.94        61552.94        1031.00        

工件 29:
  29       0               打印机5            0.00            16997.00        16997.00       
  29       1               批处理机2           16997.00        18061.00        1064.00        
  29       2               离散机1            21702.67        22888.67        1186.00        
  29       3               离散机8            23135.78        24314.78        1179.00        

工件 30:
  30       0               打印机3            26809.51        48208.17        21398.66       
  30       1               批处理机2           48208.17        49272.17        1064.00        
  30       2               离散机9            49272.17        50371.17        1099.00        
  30       3               离散机8            50371.17        51378.17        1007.00        
  30       4               离散机5            51378.17        52836.17        1458.00        
  30       5               离散机5            52836.17        53760.17        924.00         
  30       6               离散机5            53760.17        54934.17        1174.00        
  30       7               离散机5            54934.17        56077.17        1143.00        
  30       8               离散机4            56918.94        58295.94        1377.00        
  30       9               离散机7            63582.74        64722.74        1140.00        

工件 31:
  31       0               打印机3            12593.78        26809.51        14215.73       
  31       1               批处理机2           26809.51        27873.51        1064.00        
  31       2               离散机1            27873.51        29287.51        1414.00        
  31       3               离散机8            30974.46        31906.46        932.00         
  31       4               离散机5            31906.46        33414.46        1508.00        
  31       5               离散机9            33742.00        35451.00        1709.00        
  31       6               离散机9            38036.00        39203.00        1167.00        

工件 32:
  32       0               打印机1            0.00            14986.67        14986.67       
  32       1               批处理机2           14986.67        16050.67        1064.00        
  32       2               离散机2            16050.67        17181.67        1131.00        
  32       3               离散机9            17181.67        18663.67        1482.00        
  32       4               离散机1            19677.67        20606.67        929.00         
  32       5               离散机2            20606.67        22301.67        1695.00        
  32       6               离散机5            22304.67        23309.67        1005.00        
  32       7               离散机10           24888.67        25964.67        1076.00        

工件 33:
  33       0               打印机3            12593.78        26809.51        14215.73       
  33       1               批处理机2           26809.51        27873.51        1064.00        
  33       2               离散机7            27873.51        29067.51        1194.00        
  33       3               离散机5            29067.51        30131.51        1064.00        
  33       4               离散机6            36001.00        36910.00        909.00         
  33       5               离散机4            39500.00        40498.00        998.00         
  33       6               离散机5            41622.00        42561.00        939.00         
  33       7               离散机10           42561.00        43968.00        1407.00        

工件 34:
  34       0               打印机4            0.00            46816.94        46816.94       
  34       1               批处理机2           46816.94        47880.94        1064.00        
  34       2               离散机2            48868.94        50531.94        1663.00        
  34       3               离散机1            58679.94        60073.94        1394.00        
  34       4               离散机9            63324.74        64809.74        1485.00        

工件 35:
  35       0               打印机3            0.00            12593.78        12593.78       
  35       1               批处理机2           12593.78        13657.78        1064.00        
  35       2               离散机8            17161.67        18879.67        1718.00        
  35       3               离散机1            22888.67        23989.67        1101.00        

工件 36:
  36       0               打印机1            14986.67        41819.49        26832.82       
  36       1               批处理机2           41819.49        42883.49        1064.00        
  36       2               离散机9            42883.49        43877.49        994.00         
  36       3               离散机3            43877.49        44927.49        1050.00        
  36       4               离散机4            44927.49        46216.49        1289.00        
  36       5               离散机8            46216.49        47632.49        1416.00        
  36       6               离散机10           49499.94        50447.94        948.00         
  36       7               离散机7            56857.94        57878.94        1021.00        
  36       8               离散机4            61258.94        62240.94        982.00         

工件 37:
  37       0               打印机2            28858.46        45488.84        16630.39       
  37       1               批处理机2           45488.84        46552.84        1064.00        
  37       2               离散机1            46552.84        47710.84        1158.00        
  37       3               离散机5            49952.94        51153.94        1201.00        
  37       4               离散机6            56432.94        57623.94        1191.00        

工件 38:
  38       0               打印机4            0.00            46816.94        46816.94       
  38       1               批处理机2           46816.94        47880.94        1064.00        

工件 39:
  39       0               打印机1            41819.49        60049.74        18230.26       
  39       1               批处理机2           60049.74        61113.74        1064.00        
  39       2               离散机9            61113.74        62413.74        1300.00        
  39       3               离散机10           62413.74        63351.74        938.00         
  39       4               离散机5            63351.74        64887.74        1536.00        
  39       5               离散机10           64887.74        66313.74        1426.00        

工件 40:
  40       0               打印机1            0.00            14986.67        14986.67       
  40       1               批处理机2           14986.67        16050.67        1064.00        
  40       2               离散机8            16050.67        17161.67        1111.00        
  40       3               离散机9            19864.67        21174.67        1310.00        
  40       4               离散机6            21174.67        22554.67        1380.00        
  40       5               离散机9            22554.67        23472.67        918.00         
  40       6               离散机10           37139.46        38685.46        1546.00        

工件 41:
  41       0               打印机1            41819.49        60049.74        18230.26       
  41       1               批处理机2           60049.74        61113.74        1064.00        
  41       2               离散机7            61113.74        62134.74        1021.00        
  41       3               离散机2            62134.74        63831.74        1697.00        
  41       4               离散机4            63831.74        64734.74        903.00         
  41       5               离散机8            64833.74        65946.74        1113.00        
  41       6               离散机7            65946.74        67218.74        1272.00        
  41       7               离散机5            67218.74        68488.74        1270.00        

工件 42:
  42       0               打印机5            0.00            16997.00        16997.00       
  42       1               批处理机2           16997.00        18061.00        1064.00        
  42       2               离散机4            18061.00        19456.00        1395.00        
  42       3               离散机10           21025.67        22222.67        1197.00        

工件 43:
  43       0               打印机1            0.00            14986.67        14986.67       
  43       1               批处理机2           14986.67        16050.67        1064.00        
  43       2               离散机3            16050.67        17088.67        1038.00        
  43       3               离散机1            17088.67        18544.67        1456.00        
  43       4               离散机3            18544.67        19839.67        1295.00        
  43       5               离散机1            20606.67        21702.67        1096.00        
  43       6               离散机6            22554.67        23591.67        1037.00        

工件 44:
  44       0               打印机3            0.00            12593.78        12593.78       
  44       1               批处理机2           12593.78        13657.78        1064.00        
  44       2               离散机6            38248.00        39234.00        986.00         

工件 45:
  45       0               打印机5            16997.00        31394.00        14397.00       
  45       1               批处理机2           31394.00        32458.00        1064.00        
  45       2               离散机7            33587.00        35368.00        1781.00        
  45       3               离散机8            35368.00        36561.00        1193.00        
  45       4               离散机5            37580.46        38794.46        1214.00        
  45       5               离散机8            38794.46        40291.46        1497.00        
  45       6               离散机6            40291.46        41801.46        1510.00        
  45       7               离散机1            41801.46        42758.46        957.00         
  45       8               离散机9            62413.74        63324.74        911.00         

工件 46:
  46       0               打印机5            16997.00        31394.00        14397.00       
  46       1               批处理机2           31394.00        32458.00        1064.00        
  46       2               离散机7            32458.00        33587.00        1129.00        
  46       3               离散机6            34998.00        36001.00        1003.00        
  46       4               离散机3            36001.00        37087.00        1086.00        
  46       5               离散机1            37087.00        38023.00        936.00         
  46       6               离散机1            38023.00        39095.00        1072.00        
  46       7               离散机3            39095.00        40329.00        1234.00        

工件 47:
  47       0               打印机2            0.00            28858.46        28858.46       
  47       1               批处理机2           28858.46        29922.46        1064.00        
  47       2               离散机2            31535.46        32788.46        1253.00        
  47       3               离散机5            33414.46        34566.46        1152.00        
  47       4               离散机10           34566.46        35616.46        1050.00        
  47       5               离散机5            36242.46        37580.46        1338.00        
  47       6               离散机3            40329.00        41772.00        1443.00        
  47       7               离散机2            41772.00        42877.00        1105.00        
  47       8               离散机1            42877.00        44184.00        1307.00        

工件 48:
  48       0               打印机1            14986.67        41819.49        26832.82       
  48       1               批处理机2           41819.49        42883.49        1064.00        
  48       2               离散机10           58074.94        59513.94        1439.00        

工件 49:
  49       0               打印机5            16997.00        31394.00        14397.00       
  49       1               批处理机2           31394.00        32458.00        1064.00        
  49       2               离散机6            32458.00        33907.00        1449.00        
  49       3               离散机10           41406.00        42456.00        1050.00        
  49       4               离散机7            45765.00        47316.00        1551.00        

工件 50:
  50       0               打印机2            0.00            28858.46        28858.46       
  50       1               批处理机2           28858.46        29922.46        1064.00        
  50       2               离散机10           32607.46        33735.46        1128.00        

工件 51:
  51       0               打印机1            14986.67        41819.49        26832.82       
  51       1               批处理机2           41819.49        42883.49        1064.00        
  51       2               离散机4            42883.49        44046.49        1163.00        

工件 52:
  52       0               打印机4            0.00            46816.94        46816.94       
  52       1               批处理机2           46816.94        47880.94        1064.00        
  52       2               离散机1            47880.94        48998.94        1118.00        
  52       3               离散机4            50560.94        52355.94        1795.00        
  52       4               离散机1            52858.94        53880.94        1022.00        
  52       5               离散机3            57024.94        58594.94        1570.00        
  52       6               离散机6            59096.94        60521.94        1425.00        
  52       7               离散机10           63351.74        64274.74        923.00         

工件 53:
  53       0               打印机1            14986.67        41819.49        26832.82       
  53       1               批处理机2           41819.49        42883.49        1064.00        
  53       2               离散机6            42883.49        43848.49        965.00         
  53       3               离散机9            43877.49        44907.49        1030.00        

工件 54:
  54       0               打印机3            0.00            12593.78        12593.78       
  54       1               批处理机2           12593.78        13657.78        1064.00        
  54       2               离散机10           13657.78        14685.78        1028.00        

工件 55:
  55       0               打印机4            0.00            46816.94        46816.94       
  55       1               批处理机2           46816.94        47880.94        1064.00        
  55       2               离散机4            49101.94        50560.94        1459.00        
  55       3               离散机10           50560.94        52022.94        1462.00        
  55       4               离散机7            52297.94        53465.94        1168.00        
  55       5               离散机3            53465.94        55004.94        1539.00        
  55       6               离散机8            56166.94        57376.94        1210.00        
  55       7               离散机1            63563.74        64961.74        1398.00        

工件 56:
  56       0               打印机3            48208.17        56167.80        7959.63        
  56       1               批处理机2           56167.80        57231.80        1064.00        

工件 57:
  57       0               打印机2            0.00            28858.46        28858.46       
  57       1               批处理机2           28858.46        29922.46        1064.00        
  57       2               离散机6            31329.51        32455.51        1126.00        
  57       3               离散机8            34132.46        35119.46        987.00         

工件 58:
  58       0               打印机3            26809.51        48208.17        21398.66       
  58       1               批处理机2           48208.17        49272.17        1064.00        
  58       2               离散机2            50531.94        51619.94        1088.00        
  58       3               离散机3            51619.94        53137.94        1518.00        
  58       4               离散机6            55323.94        56432.94        1109.00        
  58       5               离散机5            57778.17        58988.17        1210.00        

工件 59:
  59       0               打印机2            0.00            28858.46        28858.46       
  59       1               批处理机2           28858.46        29922.46        1064.00        
  59       2               离散机10           31219.46        32607.46        1388.00        
  59       3               离散机3            33940.46        34885.46        945.00         
  59       4               离散机4            40498.00        41740.00        1242.00        
  59       5               离散机4            41740.00        42674.00        934.00         
  59       6               离散机7            44296.00        45765.00        1469.00        

工件 60:
  60       0               打印机2            0.00            28858.46        28858.46       
  60       1               批处理机2           28858.46        29922.46        1064.00        
  60       2               离散机7            43092.00        44296.00        1204.00        

工件 61:
  61       0               打印机2            28858.46        45488.84        16630.39       
  61       1               批处理机2           45488.84        46552.84        1064.00        

工件 62:
  62       0               打印机1            14986.67        41819.49        26832.82       
  62       1               批处理机2           41819.49        42883.49        1064.00        
  62       2               离散机8            42883.49        44379.49        1496.00        

工件 63:
  63       0               打印机3            0.00            12593.78        12593.78       
  63       1               批处理机2           12593.78        13657.78        1064.00        

工件 64:
  64       0               打印机5            0.00            16997.00        16997.00       
  64       1               批处理机2           16997.00        18061.00        1064.00        
  64       2               离散机9            18663.67        19864.67        1201.00        

工件 65:
  65       0               打印机2            45488.84        50189.40        4700.56        
  65       1               批处理机2           50189.40        51253.40        1064.00        
  65       2               离散机9            52322.40        53728.40        1406.00        
  65       3               离散机4            54023.94        55257.94        1234.00        
  65       4               离散机8            55257.94        56166.94        909.00         
  65       5               离散机9            57216.40        58600.40        1384.00        
  65       6               离散机3            60143.94        61050.94        907.00         

工件 66:
  66       0               打印机1            41819.49        60049.74        18230.26       
  66       1               批处理机2           60049.74        61113.74        1064.00        
  66       2               离散机1            61113.74        62416.74        1303.00        
  66       3               离散机7            62416.74        63582.74        1166.00        
  66       4               离散机8            63582.74        64833.74        1251.00        
  66       5               离散机9            64833.74        65987.74        1154.00        
  66       6               离散机1            67403.74        68529.74        1126.00        

工件 67:
  67       0               打印机2            0.00            28858.46        28858.46       
  67       1               批处理机2           28858.46        29922.46        1064.00        
  67       2               离散机8            29922.46        30974.46        1052.00        
  67       3               离散机9            35451.00        37030.00        1579.00        
  67       4               离散机3            37087.00        38649.00        1562.00        
  67       5               离散机5            38794.46        40078.46        1284.00        

工件 68:
  68       0               打印机2            0.00            28858.46        28858.46       
  68       1               批处理机2           28858.46        29922.46        1064.00        
  68       2               离散机7            29922.46        31286.46        1364.00        
  68       3               离散机4            38055.00        39500.00        1445.00        
  68       4               离散机9            39500.00        40429.00        929.00         

工件 69:
  69       0               打印机3            0.00            12593.78        12593.78       
  69       1               批处理机2           12593.78        13657.78        1064.00        
  69       2               离散机8            13657.78        14863.78        1206.00        
  69       3               离散机7            18067.78        19578.78        1511.00        
  69       4               离散机8            19578.78        20887.78        1309.00        
  69       5               离散机4            20887.78        21901.78        1014.00        
  69       6               离散机8            21901.78        23135.78        1234.00        
  69       7               离散机5            23309.67        24876.67        1567.00        
  69       8               离散机9            27195.78        28193.78        998.00         

工件 70:
  70       0               打印机5            0.00            16997.00        16997.00       
  70       1               批处理机2           16997.00        18061.00        1064.00        
  70       2               离散机10           18061.00        19243.00        1182.00        

工件 71:
  71       0               打印机2            45488.84        50189.40        4700.56        
  71       1               批处理机2           50189.40        51253.40        1064.00        
  71       2               离散机9            51253.40        52322.40        1069.00        
  71       3               离散机4            52355.94        54023.94        1668.00        
  71       4               离散机2            60036.17        61190.17        1154.00        

工件 72:
  72       0               打印机2            0.00            28858.46        28858.46       
  72       1               批处理机2           28858.46        29922.46        1064.00        
  72       2               离散机2            29922.46        31535.46        1613.00        
  72       3               离散机1            31535.46        33026.46        1491.00        
  72       4               离散机4            35423.00        36682.00        1259.00        
  72       5               离散机7            37543.00        39112.00        1569.00        
  72       6               离散机10           39112.00        40486.00        1374.00        
  72       7               离散机5            40486.00        41622.00        1136.00        
  72       8               离散机5            44139.49        45531.49        1392.00        

工件 73:
  73       0               打印机4            0.00            46816.94        46816.94       
  73       1               批处理机2           46816.94        47880.94        1064.00        
  73       2               离散机1            60073.94        61108.94        1035.00        

工件 74:
  74       0               打印机4            0.00            46816.94        46816.94       
  74       1               批处理机2           46816.94        47880.94        1064.00        
  74       2               离散机3            55995.94        57024.94        1029.00        
  74       3               离散机7            57878.94        59123.94        1245.00        
  74       4               离散机6            61552.94        62896.94        1344.00        

工件 75:
  75       0               打印机2            28858.46        45488.84        16630.39       
  75       1               批处理机2           45488.84        46552.84        1064.00        
  75       2               离散机4            46552.84        47713.84        1161.00        
  75       3               离散机1            48998.94        50143.94        1145.00        
  75       4               离散机1            54913.94        56168.94        1255.00        
  75       5               离散机3            58594.94        60143.94        1549.00        
  75       6               离散机7            64722.74        65640.74        918.00         

工件 76:
  76       0               打印机2            28858.46        45488.84        16630.39       
  76       1               批处理机2           45488.84        46552.84        1064.00        

工件 77:
  77       0               打印机5            0.00            16997.00        16997.00       
  77       1               批处理机2           16997.00        18061.00        1064.00        
  77       2               离散机10           25964.67        27128.67        1164.00        
  77       3               离散机6            27128.67        28169.67        1041.00        
  77       4               离散机1            29287.51        30715.51        1428.00        

工件 78:
  78       0               打印机1            41819.49        60049.74        18230.26       
  78       1               批处理机2           60049.74        61113.74        1064.00        
  78       2               离散机1            62416.74        63563.74        1147.00        

工件 79:
  79       0               打印机2            0.00            28858.46        28858.46       
  79       1               批处理机2           28858.46        29922.46        1064.00        
  79       2               离散机7            41844.00        43092.00        1248.00        

工件 80:
  80       0               打印机5            0.00            16997.00        16997.00       
  80       1               批处理机2           16997.00        18061.00        1064.00        

工件 81:
  81       0               打印机2            0.00            28858.46        28858.46       
  81       1               批处理机2           28858.46        29922.46        1064.00        
  81       2               离散机6            30065.51        31329.51        1264.00        
  81       3               离散机8            32944.46        34132.46        1188.00        

工件 82:
  82       0               打印机1            14986.67        41819.49        26832.82       
  82       1               批处理机2           41819.49        42883.49        1064.00        
  82       2               离散机3            44927.49        46526.49        1599.00        
  82       3               离散机9            56287.40        57216.40        929.00         

工件 83:
  83       0               打印机4            0.00            46816.94        46816.94       
  83       1               批处理机2           46816.94        47880.94        1064.00        
  83       2               离散机4            47880.94        49101.94        1221.00        
  83       3               离散机8            49101.94        50087.94        986.00         
  83       4               离散机7            50803.94        52297.94        1494.00        
  83       5               离散机6            54343.94        55323.94        980.00         
  83       6               离散机4            58295.94        59721.94        1426.00        
  83       7               离散机10           59721.94        61262.94        1541.00        

工件 84:
  84       0               打印机4            0.00            46816.94        46816.94       
  84       1               批处理机2           46816.94        47880.94        1064.00        

工件 85:
  85       0               打印机1            14986.67        41819.49        26832.82       
  85       1               批处理机2           41819.49        42883.49        1064.00        
  85       2               离散机6            43848.49        45090.49        1242.00        
  85       3               离散机9            47592.84        49263.84        1671.00        

工件 86:
  86       0               打印机1            41819.49        60049.74        18230.26       
  86       1               批处理机2           60049.74        61113.74        1064.00        
  86       2               离散机5            61113.74        62257.74        1144.00        
  86       3               离散机3            62257.74        63577.74        1320.00        
  86       4               离散机4            64734.74        66506.74        1772.00        
  86       5               离散机10           66506.74        67703.74        1197.00        

工件 87:
  87       0               打印机1            0.00            14986.67        14986.67       
  87       1               批处理机2           14986.67        16050.67        1064.00        
  87       2               离散机6            16473.78        17826.78        1353.00        
  87       3               离散机9            21174.67        22447.67        1273.00        
  87       4               离散机6            25130.78        26790.78        1660.00        

工件 88:
  88       0               打印机5            0.00            16997.00        16997.00       
  88       1               批处理机2           16997.00        18061.00        1064.00        
  88       2               离散机7            19578.78        20885.78        1307.00        
  88       3               离散机7            22242.78        23605.78        1363.00        
  88       4               离散机3            26633.78        27763.78        1130.00        

工件 89:
  89       0               打印机3            26809.51        48208.17        21398.66       
  89       1               批处理机2           48208.17        49272.17        1064.00        
  89       2               离散机3            49951.84        51547.84        1596.00        
  89       3               离散机3            61050.94        62038.94        988.00         

工件 90:
  90       0               打印机2            0.00            28858.46        28858.46       
  90       1               批处理机2           28858.46        29922.46        1064.00        
  90       2               离散机5            30131.51        31508.51        1377.00        

工件 91:
  91       0               打印机1            14986.67        41819.49        26832.82       
  91       1               批处理机2           41819.49        42883.49        1064.00        
  91       2               离散机5            45531.49        47170.49        1639.00        

工件 92:
  92       0               打印机1            14986.67        41819.49        26832.82       
  92       1               批处理机2           41819.49        42883.49        1064.00        
  92       2               离散机2            42883.49        44439.49        1556.00        
  92       3               离散机2            44439.49        45634.49        1195.00        

工件 93:
  93       0               打印机3            0.00            12593.78        12593.78       
  93       1               批处理机2           12593.78        13657.78        1064.00        
  93       2               离散机2            13657.78        15310.78        1653.00        
  93       3               离散机9            15310.78        16339.78        1029.00        
  93       4               离散机10           22222.67        23711.67        1489.00        
  93       5               离散机9            23711.67        24785.67        1074.00        

工件 94:
  94       0               打印机3            0.00            12593.78        12593.78       
  94       1               批处理机2           12593.78        13657.78        1064.00        
  94       2               离散机6            13657.78        15097.78        1440.00        
  94       3               离散机3            23851.78        25402.78        1551.00        
  94       4               离散机10           28827.51        29746.51        919.00         
  94       5               离散机4            32562.46        33516.46        954.00         
  94       6               离散机2            33516.46        34526.46        1010.00        
  94       7               离散机2            34526.46        36120.46        1594.00        

工件 95:
  95       0               打印机2            0.00            28858.46        28858.46       
  95       1               批处理机2           28858.46        29922.46        1064.00        

工件 96:
  96       0               打印机5            16997.00        31394.00        14397.00       
  96       1               批处理机2           31394.00        32458.00        1064.00        
  96       2               离散机9            32458.00        33742.00        1284.00        
  96       3               离散机4            33742.00        35423.00        1681.00        
  96       4               离散机7            35423.00        36541.00        1118.00        
  96       5               离散机4            36682.00        38055.00        1373.00        
  96       6               离散机8            40291.46        41321.46        1030.00        
  96       7               离散机3            41772.00        42938.00        1166.00        
  96       8               离散机10           45267.00        46278.00        1011.00        

工件 97:
  97       0               打印机2            28858.46        45488.84        16630.39       
  97       1               批处理机2           45488.84        46552.84        1064.00        
  97       2               离散机7            53465.94        55075.94        1610.00        
  97       3               离散机1            56168.94        57633.94        1465.00        
  97       4               离散机6            57633.94        59096.94        1463.00        

工件 98:
  98       0               打印机2            0.00            28858.46        28858.46       
  98       1               批处理机2           28858.46        29922.46        1064.00        

工件 99:
  99       0               打印机2            0.00            28858.46        28858.46       
  99       1               批处理机2           28858.46        29922.46        1064.00        
  99       2               离散机10           29922.46        31219.46        1297.00        
  99       3               离散机3            32561.46        33940.46        1379.00        
  99       4               离散机7            36541.00        37543.00        1002.00        
  99       5               离散机8            41321.46        42749.46        1428.00        
  99       6               离散机10           43968.00        45267.00        1299.00        
  99       7               离散机9            45267.00        46335.00        1068.00        

【机器加工顺序记录】
----------------------------------------------------------------------------------------------------

打印机1:
工件号      工序号             开始时间            结束时间            加工时长           
--------------------------------------------------------------------------------
  6        0               0.00            14986.67        14986.67       
  20       0               0.00            14986.67        14986.67       
  24       0               0.00            14986.67        14986.67       
  32       0               0.00            14986.67        14986.67       
  40       0               0.00            14986.67        14986.67       
  43       0               0.00            14986.67        14986.67       
  87       0               0.00            14986.67        14986.67       
  8        0               14986.67        41819.49        26832.82       
  36       0               14986.67        41819.49        26832.82       
  48       0               14986.67        41819.49        26832.82       
  51       0               14986.67        41819.49        26832.82       
  53       0               14986.67        41819.49        26832.82       
  62       0               14986.67        41819.49        26832.82       
  82       0               14986.67        41819.49        26832.82       
  85       0               14986.67        41819.49        26832.82       
  91       0               14986.67        41819.49        26832.82       
  92       0               14986.67        41819.49        26832.82       
  16       0               41819.49        60049.74        18230.26       
  39       0               41819.49        60049.74        18230.26       
  41       0               41819.49        60049.74        18230.26       
  66       0               41819.49        60049.74        18230.26       
  78       0               41819.49        60049.74        18230.26       
  86       0               41819.49        60049.74        18230.26       

  机器利用率: 704.24% (忙碌时间: 482616.41 / 总时间: 68529.74)

打印机2:
工件号      工序号             开始时间            结束时间            加工时长           
--------------------------------------------------------------------------------
  12       0               0.00            28858.46        28858.46       
  13       0               0.00            28858.46        28858.46       
  14       0               0.00            28858.46        28858.46       
  18       0               0.00            28858.46        28858.46       
  22       0               0.00            28858.46        28858.46       
  47       0               0.00            28858.46        28858.46       
  50       0               0.00            28858.46        28858.46       
  57       0               0.00            28858.46        28858.46       
  59       0               0.00            28858.46        28858.46       
  60       0               0.00            28858.46        28858.46       
  67       0               0.00            28858.46        28858.46       
  68       0               0.00            28858.46        28858.46       
  72       0               0.00            28858.46        28858.46       
  79       0               0.00            28858.46        28858.46       
  81       0               0.00            28858.46        28858.46       
  90       0               0.00            28858.46        28858.46       
  95       0               0.00            28858.46        28858.46       
  98       0               0.00            28858.46        28858.46       
  99       0               0.00            28858.46        28858.46       
  2        0               28858.46        45488.84        16630.39       
  11       0               28858.46        45488.84        16630.39       
  23       0               28858.46        45488.84        16630.39       
  37       0               28858.46        45488.84        16630.39       
  61       0               28858.46        45488.84        16630.39       
  75       0               28858.46        45488.84        16630.39       
  76       0               28858.46        45488.84        16630.39       
  97       0               28858.46        45488.84        16630.39       
  65       0               45488.84        50189.40        4700.56        
  71       0               45488.84        50189.40        4700.56        

  机器利用率: 1007.96% (忙碌时间: 690754.88 / 总时间: 68529.74)

打印机3:
工件号      工序号             开始时间            结束时间            加工时长           
--------------------------------------------------------------------------------
  0        0               0.00            12593.78        12593.78       
  9        0               0.00            12593.78        12593.78       
  15       0               0.00            12593.78        12593.78       
  21       0               0.00            12593.78        12593.78       
  26       0               0.00            12593.78        12593.78       
  35       0               0.00            12593.78        12593.78       
  44       0               0.00            12593.78        12593.78       
  54       0               0.00            12593.78        12593.78       
  63       0               0.00            12593.78        12593.78       
  69       0               0.00            12593.78        12593.78       
  93       0               0.00            12593.78        12593.78       
  94       0               0.00            12593.78        12593.78       
  17       0               12593.78        26809.51        14215.73       
  27       0               12593.78        26809.51        14215.73       
  31       0               12593.78        26809.51        14215.73       
  33       0               12593.78        26809.51        14215.73       
  30       0               26809.51        48208.17        21398.66       
  58       0               26809.51        48208.17        21398.66       
  89       0               26809.51        48208.17        21398.66       
  56       0               48208.17        56167.80        7959.63        

  机器利用率: 408.79% (忙碌时间: 280143.90 / 总时间: 68529.74)

打印机4:
工件号      工序号             开始时间            结束时间            加工时长           
--------------------------------------------------------------------------------
  1        0               0.00            46816.94        46816.94       
  3        0               0.00            46816.94        46816.94       
  5        0               0.00            46816.94        46816.94       
  7        0               0.00            46816.94        46816.94       
  10       0               0.00            46816.94        46816.94       
  19       0               0.00            46816.94        46816.94       
  25       0               0.00            46816.94        46816.94       
  28       0               0.00            46816.94        46816.94       
  34       0               0.00            46816.94        46816.94       
  38       0               0.00            46816.94        46816.94       
  52       0               0.00            46816.94        46816.94       
  55       0               0.00            46816.94        46816.94       
  73       0               0.00            46816.94        46816.94       
  74       0               0.00            46816.94        46816.94       
  83       0               0.00            46816.94        46816.94       
  84       0               0.00            46816.94        46816.94       

  机器利用率: 1093.06% (忙碌时间: 749071.06 / 总时间: 68529.74)

打印机5:
工件号      工序号             开始时间            结束时间            加工时长           
--------------------------------------------------------------------------------
  4        0               0.00            16997.00        16997.00       
  29       0               0.00            16997.00        16997.00       
  42       0               0.00            16997.00        16997.00       
  64       0               0.00            16997.00        16997.00       
  70       0               0.00            16997.00        16997.00       
  77       0               0.00            16997.00        16997.00       
  80       0               0.00            16997.00        16997.00       
  88       0               0.00            16997.00        16997.00       
  45       0               16997.00        31394.00        14397.00       
  46       0               16997.00        31394.00        14397.00       
  49       0               16997.00        31394.00        14397.00       
  96       0               16997.00        31394.00        14397.00       

  机器利用率: 282.45% (忙碌时间: 193564.00 / 总时间: 68529.74)

批处理机1:
工件号      工序号             开始时间            结束时间            加工时长           
--------------------------------------------------------------------------------

  机器利用率: 0.00% (忙碌时间: 0.00 / 总时间: 68529.74)

批处理机2:
工件号      工序号             开始时间            结束时间            加工时长           
--------------------------------------------------------------------------------
  0        1               12593.78        13657.78        1064.00        
  9        1               12593.78        13657.78        1064.00        
  15       1               12593.78        13657.78        1064.00        
  21       1               12593.78        13657.78        1064.00        
  26       1               12593.78        13657.78        1064.00        
  35       1               12593.78        13657.78        1064.00        
  44       1               12593.78        13657.78        1064.00        
  54       1               12593.78        13657.78        1064.00        
  63       1               12593.78        13657.78        1064.00        
  69       1               12593.78        13657.78        1064.00        
  93       1               12593.78        13657.78        1064.00        
  94       1               12593.78        13657.78        1064.00        
  6        1               14986.67        16050.67        1064.00        
  20       1               14986.67        16050.67        1064.00        
  24       1               14986.67        16050.67        1064.00        
  32       1               14986.67        16050.67        1064.00        
  40       1               14986.67        16050.67        1064.00        
  43       1               14986.67        16050.67        1064.00        
  87       1               14986.67        16050.67        1064.00        
  4        1               16997.00        18061.00        1064.00        
  29       1               16997.00        18061.00        1064.00        
  42       1               16997.00        18061.00        1064.00        
  64       1               16997.00        18061.00        1064.00        
  70       1               16997.00        18061.00        1064.00        
  77       1               16997.00        18061.00        1064.00        
  80       1               16997.00        18061.00        1064.00        
  88       1               16997.00        18061.00        1064.00        
  17       1               26809.51        27873.51        1064.00        
  27       1               26809.51        27873.51        1064.00        
  31       1               26809.51        27873.51        1064.00        
  33       1               26809.51        27873.51        1064.00        
  12       1               28858.46        29922.46        1064.00        
  13       1               28858.46        29922.46        1064.00        
  14       1               28858.46        29922.46        1064.00        
  18       1               28858.46        29922.46        1064.00        
  22       1               28858.46        29922.46        1064.00        
  47       1               28858.46        29922.46        1064.00        
  50       1               28858.46        29922.46        1064.00        
  57       1               28858.46        29922.46        1064.00        
  59       1               28858.46        29922.46        1064.00        
  60       1               28858.46        29922.46        1064.00        
  67       1               28858.46        29922.46        1064.00        
  68       1               28858.46        29922.46        1064.00        
  72       1               28858.46        29922.46        1064.00        
  79       1               28858.46        29922.46        1064.00        
  81       1               28858.46        29922.46        1064.00        
  90       1               28858.46        29922.46        1064.00        
  95       1               28858.46        29922.46        1064.00        
  98       1               28858.46        29922.46        1064.00        
  99       1               28858.46        29922.46        1064.00        
  45       1               31394.00        32458.00        1064.00        
  46       1               31394.00        32458.00        1064.00        
  49       1               31394.00        32458.00        1064.00        
  96       1               31394.00        32458.00        1064.00        
  8        1               41819.49        42883.49        1064.00        
  36       1               41819.49        42883.49        1064.00        
  48       1               41819.49        42883.49        1064.00        
  51       1               41819.49        42883.49        1064.00        
  53       1               41819.49        42883.49        1064.00        
  62       1               41819.49        42883.49        1064.00        
  82       1               41819.49        42883.49        1064.00        
  85       1               41819.49        42883.49        1064.00        
  91       1               41819.49        42883.49        1064.00        
  92       1               41819.49        42883.49        1064.00        
  2        1               45488.84        46552.84        1064.00        
  11       1               45488.84        46552.84        1064.00        
  23       1               45488.84        46552.84        1064.00        
  37       1               45488.84        46552.84        1064.00        
  61       1               45488.84        46552.84        1064.00        
  75       1               45488.84        46552.84        1064.00        
  76       1               45488.84        46552.84        1064.00        
  97       1               45488.84        46552.84        1064.00        
  1        1               46816.94        47880.94        1064.00        
  3        1               46816.94        47880.94        1064.00        
  5        1               46816.94        47880.94        1064.00        
  7        1               46816.94        47880.94        1064.00        
  10       1               46816.94        47880.94        1064.00        
  19       1               46816.94        47880.94        1064.00        
  25       1               46816.94        47880.94        1064.00        
  28       1               46816.94        47880.94        1064.00        
  34       1               46816.94        47880.94        1064.00        
  38       1               46816.94        47880.94        1064.00        
  52       1               46816.94        47880.94        1064.00        
  55       1               46816.94        47880.94        1064.00        
  73       1               46816.94        47880.94        1064.00        
  74       1               46816.94        47880.94        1064.00        
  83       1               46816.94        47880.94        1064.00        
  84       1               46816.94        47880.94        1064.00        
  30       1               48208.17        49272.17        1064.00        
  58       1               48208.17        49272.17        1064.00        
  89       1               48208.17        49272.17        1064.00        
  65       1               50189.40        51253.40        1064.00        
  71       1               50189.40        51253.40        1064.00        
  56       1               56167.80        57231.80        1064.00        
  16       1               60049.74        61113.74        1064.00        
  39       1               60049.74        61113.74        1064.00        
  41       1               60049.74        61113.74        1064.00        
  66       1               60049.74        61113.74        1064.00        
  78       1               60049.74        61113.74        1064.00        
  86       1               60049.74        61113.74        1064.00        

  机器利用率: 155.26% (忙碌时间: 106400.00 / 总时间: 68529.74)

离散机1:
工件号      工序号             开始时间            结束时间            加工时长           
--------------------------------------------------------------------------------
  0        4               15891.78        16806.78        915.00         
  43       3               17088.67        18544.67        1456.00        
  4        2               18544.67        19677.67        1133.00        
  32       4               19677.67        20606.67        929.00         
  43       5               20606.67        21702.67        1096.00        
  29       2               21702.67        22888.67        1186.00        
  35       3               22888.67        23989.67        1101.00        
  31       2               27873.51        29287.51        1414.00        
  77       4               29287.51        30715.51        1428.00        
  72       3               31535.46        33026.46        1491.00        
  46       5               37087.00        38023.00        936.00         
  46       6               38023.00        39095.00        1072.00        
  45       7               41801.46        42758.46        957.00         
  47       8               42877.00        44184.00        1307.00        
  37       2               46552.84        47710.84        1158.00        
  52       2               47880.94        48998.94        1118.00        
  75       3               48998.94        50143.94        1145.00        
  7        4               50259.94        51185.94        926.00         
  5        2               51185.94        52858.94        1673.00        
  52       4               52858.94        53880.94        1022.00        
  8        6               53880.94        54913.94        1033.00        
  75       4               54913.94        56168.94        1255.00        
  97       3               56168.94        57633.94        1465.00        
  25       5               57633.94        58679.94        1046.00        
  34       3               58679.94        60073.94        1394.00        
  73       2               60073.94        61108.94        1035.00        
  66       2               61113.74        62416.74        1303.00        
  78       2               62416.74        63563.74        1147.00        
  55       7               63563.74        64961.74        1398.00        
  16       3               65621.74        67403.74        1782.00        
  66       6               67403.74        68529.74        1126.00        

  机器利用率: 54.64% (忙碌时间: 37447.00 / 总时间: 68529.74)

离散机2:
工件号      工序号             开始时间            结束时间            加工时长           
--------------------------------------------------------------------------------
  93       2               13657.78        15310.78        1653.00        
  32       2               16050.67        17181.67        1131.00        
  15       2               17181.67        18780.67        1599.00        
  6        3               18831.78        20496.78        1665.00        
  32       5               20606.67        22301.67        1695.00        
  6        4               22301.67        23494.67        1193.00        
  15       4               23494.67        24584.67        1090.00        
  4        6               27550.78        28572.78        1022.00        
  72       2               29922.46        31535.46        1613.00        
  47       2               31535.46        32788.46        1253.00        
  94       6               33516.46        34526.46        1010.00        
  94       7               34526.46        36120.46        1594.00        
  13       5               36242.46        37877.46        1635.00        
  17       6               38036.00        39659.00        1623.00        
  17       7               39659.00        40630.00        971.00         
  13       7               40723.00        41704.00        981.00         
  47       7               41772.00        42877.00        1105.00        
  92       2               42883.49        44439.49        1556.00        
  92       3               44439.49        45634.49        1195.00        
  8        4               46117.49        47728.49        1611.00        
  7        2               47880.94        48868.94        988.00         
  34       2               48868.94        50531.94        1663.00        
  58       2               50531.94        51619.94        1088.00        
  25       3               51619.94        52945.94        1326.00        
  7        5               52945.94        54290.94        1345.00        
  5        4               54318.17        55238.17        920.00         
  5        5               55238.17        56409.17        1171.00        
  10       5               56409.17        58138.17        1729.00        
  3        4               58138.17        59136.17        998.00         
  5        6               59136.17        60036.17        900.00         
  71       4               60036.17        61190.17        1154.00        
  1        4               61190.17        62114.17        924.00         
  41       3               62134.74        63831.74        1697.00        
  16       2               63831.74        65621.74        1790.00        
  3        6               65621.74        66986.74        1365.00        

  机器利用率: 67.49% (忙碌时间: 46253.00 / 总时间: 68529.74)

离散机3:
工件号      工序号             开始时间            结束时间            加工时长           
--------------------------------------------------------------------------------
  0        2               13657.78        14557.78        900.00         
  43       2               16050.67        17088.67        1038.00        
  21       3               17088.67        18206.67        1118.00        
  43       4               18544.67        19839.67        1295.00        
  24       3               19839.67        21238.67        1399.00        
  15       3               21238.67        22227.67        989.00         
  26       5               22242.78        23851.78        1609.00        
  94       3               23851.78        25402.78        1551.00        
  4        4               25402.78        26633.78        1231.00        
  88       4               26633.78        27763.78        1130.00        
  15       6               27763.78        28993.78        1230.00        
  13       2               29922.46        31379.46        1457.00        
  17       4               31379.46        32561.46        1182.00        
  99       3               32561.46        33940.46        1379.00        
  59       3               33940.46        34885.46        945.00         
  15       7               34885.46        35826.46        941.00         
  46       4               36001.00        37087.00        1086.00        
  67       4               37087.00        38649.00        1562.00        
  46       7               39095.00        40329.00        1234.00        
  47       6               40329.00        41772.00        1443.00        
  96       7               41772.00        42938.00        1166.00        
  36       3               43877.49        44927.49        1050.00        
  82       2               44927.49        46526.49        1599.00        
  11       2               46552.84        47933.84        1381.00        
  23       3               47933.84        49030.84        1097.00        
  25       2               49030.84        49951.84        921.00         
  89       2               49951.84        51547.84        1596.00        
  58       3               51619.94        53137.94        1518.00        
  55       5               53465.94        55004.94        1539.00        
  11       4               55004.94        55995.94        991.00         
  74       2               55995.94        57024.94        1029.00        
  52       5               57024.94        58594.94        1570.00        
  75       5               58594.94        60143.94        1549.00        
  65       6               60143.94        61050.94        907.00         
  89       3               61050.94        62038.94        988.00         
  86       3               62257.74        63577.74        1320.00        

  机器利用率: 65.58% (忙碌时间: 44940.00 / 总时间: 68529.74)

离散机4:
工件号      工序号             开始时间            结束时间            加工时长           
--------------------------------------------------------------------------------
  42       2               18061.00        19456.00        1395.00        
  69       5               20887.78        21901.78        1014.00        
  24       5               22304.67        23696.67        1392.00        
  14       2               29922.46        31338.46        1416.00        
  14       3               31338.46        32562.46        1224.00        
  94       5               32562.46        33516.46        954.00         
  96       3               33742.00        35423.00        1681.00        
  72       4               35423.00        36682.00        1259.00        
  96       5               36682.00        38055.00        1373.00        
  68       3               38055.00        39500.00        1445.00        
  33       5               39500.00        40498.00        998.00         
  59       4               40498.00        41740.00        1242.00        
  59       5               41740.00        42674.00        934.00         
  51       2               42883.49        44046.49        1163.00        
  36       4               44927.49        46216.49        1289.00        
  75       2               46552.84        47713.84        1161.00        
  83       2               47880.94        49101.94        1221.00        
  55       2               49101.94        50560.94        1459.00        
  52       3               50560.94        52355.94        1795.00        
  71       3               52355.94        54023.94        1668.00        
  65       3               54023.94        55257.94        1234.00        
  8        7               55257.94        56918.94        1661.00        
  30       8               56918.94        58295.94        1377.00        
  83       6               58295.94        59721.94        1426.00        
  19       2               59721.94        61258.94        1537.00        
  36       8               61258.94        62240.94        982.00         
  14       9               62240.94        63775.94        1535.00        
  41       4               63831.74        64734.74        903.00         
  86       4               64734.74        66506.74        1772.00        

  机器利用率: 56.19% (忙碌时间: 38510.00 / 总时间: 68529.74)

离散机5:
工件号      工序号             开始时间            结束时间            加工时长           
--------------------------------------------------------------------------------
  20       3               18067.78        19292.78        1225.00        
  24       4               21238.67        22304.67        1066.00        
  32       6               22304.67        23309.67        1005.00        
  69       7               23309.67        24876.67        1567.00        
  9        3               24890.78        25803.78        913.00         
  26       9               27195.78        28691.78        1496.00        
  33       3               29067.51        30131.51        1064.00        
  90       2               30131.51        31508.51        1377.00        
  31       4               31906.46        33414.46        1508.00        
  47       3               33414.46        34566.46        1152.00        
  13       4               34566.46        36242.46        1676.00        
  47       5               36242.46        37580.46        1338.00        
  45       4               37580.46        38794.46        1214.00        
  67       5               38794.46        40078.46        1284.00        
  72       7               40486.00        41622.00        1136.00        
  33       6               41622.00        42561.00        939.00         
  8        2               42883.49        44139.49        1256.00        
  72       8               44139.49        45531.49        1392.00        
  91       2               45531.49        47170.49        1639.00        
  8        5               47728.49        48716.49        988.00         
  10       3               48884.94        49952.94        1068.00        
  37       3               49952.94        51153.94        1201.00        
  30       4               51378.17        52836.17        1458.00        
  30       5               52836.17        53760.17        924.00         
  30       6               53760.17        54934.17        1174.00        
  30       7               54934.17        56077.17        1143.00        
  23       7               56077.17        57778.17        1701.00        
  58       5               57778.17        58988.17        1210.00        
  23       8               58988.17        60226.17        1238.00        
  86       2               61113.74        62257.74        1144.00        
  39       4               63351.74        64887.74        1536.00        
  41       7               67218.74        68488.74        1270.00        

  机器利用率: 58.81% (忙碌时间: 40302.00 / 总时间: 68529.74)

离散机6:
工件号      工序号             开始时间            结束时间            加工时长           
--------------------------------------------------------------------------------
  94       2               13657.78        15097.78        1440.00        
  26       3               15331.78        16473.78        1142.00        
  87       2               16473.78        17826.78        1353.00        
  6        2               17826.78        18831.78        1005.00        
  20       4               19292.78        20552.78        1260.00        
  40       4               21174.67        22554.67        1380.00        
  43       6               22554.67        23591.67        1037.00        
  26       6               23851.78        25130.78        1279.00        
  87       4               25130.78        26790.78        1660.00        
  77       3               27128.67        28169.67        1041.00        
  17       3               28827.51        30065.51        1238.00        
  81       2               30065.51        31329.51        1264.00        
  57       2               31329.51        32455.51        1126.00        
  49       2               32458.00        33907.00        1449.00        
  14       4               33907.00        34998.00        1091.00        
  46       3               34998.00        36001.00        1003.00        
  33       4               36001.00        36910.00        909.00         
  4        7               36910.00        38248.00        1338.00        
  44       2               38248.00        39234.00        986.00         
  45       6               40291.46        41801.46        1510.00        
  17       8               41801.46        42720.46        919.00         
  53       2               42883.49        43848.49        965.00         
  85       2               43848.49        45090.49        1242.00        
  8        3               45090.49        46117.49        1027.00        
  21       4               46117.49        47682.49        1565.00        
  10       2               47880.94        48884.94        1004.00        
  7        3               48884.94        50259.94        1375.00        
  23       4               50259.94        51836.94        1577.00        
  28       3               51836.94        52827.94        991.00         
  10       4               52827.94        54343.94        1516.00        
  83       5               54343.94        55323.94        980.00         
  58       4               55323.94        56432.94        1109.00        
  37       4               56432.94        57623.94        1191.00        
  97       4               57633.94        59096.94        1463.00        
  52       6               59096.94        60521.94        1425.00        
  28       6               60521.94        61552.94        1031.00        
  74       4               61552.94        62896.94        1344.00        

  机器利用率: 66.01% (忙碌时间: 45235.00 / 总时间: 68529.74)

离散机7:
工件号      工序号             开始时间            结束时间            加工时长           
--------------------------------------------------------------------------------
  26       2               13657.78        15331.78        1674.00        
  21       2               15331.78        16885.78        1554.00        
  20       2               16885.78        18067.78        1182.00        
  69       3               18067.78        19578.78        1511.00        
  88       2               19578.78        20885.78        1307.00        
  26       4               20885.78        22242.78        1357.00        
  88       3               22242.78        23605.78        1363.00        
  9        2               23605.78        24890.78        1285.00        
  15       5               24890.78        26299.78        1409.00        
  24       8               26306.67        27715.67        1409.00        
  33       2               27873.51        29067.51        1194.00        
  68       2               29922.46        31286.46        1364.00        
  46       2               32458.00        33587.00        1129.00        
  45       2               33587.00        35368.00        1781.00        
  96       4               35423.00        36541.00        1118.00        
  99       4               36541.00        37543.00        1002.00        
  72       5               37543.00        39112.00        1569.00        
  13       6               39112.00        40723.00        1611.00        
  14       6               40723.00        41844.00        1121.00        
  79       2               41844.00        43092.00        1248.00        
  60       2               43092.00        44296.00        1204.00        
  59       6               44296.00        45765.00        1469.00        
  49       4               45765.00        47316.00        1551.00        
  28       2               47880.94        49674.94        1794.00        
  3        3               49674.94        50803.94        1129.00        
  83       4               50803.94        52297.94        1494.00        
  55       4               52297.94        53465.94        1168.00        
  97       2               53465.94        55075.94        1610.00        
  1        3               55075.94        56857.94        1782.00        
  36       7               56857.94        57878.94        1021.00        
  74       3               57878.94        59123.94        1245.00        
  3        5               59136.17        60227.17        1091.00        
  41       2               61113.74        62134.74        1021.00        
  66       3               62416.74        63582.74        1166.00        
  30       9               63582.74        64722.74        1140.00        
  75       6               64722.74        65640.74        918.00         
  41       6               65946.74        67218.74        1272.00        

  机器利用率: 71.89% (忙碌时间: 49263.00 / 总时间: 68529.74)

离散机8:
工件号      工序号             开始时间            结束时间            加工时长           
--------------------------------------------------------------------------------
  69       2               13657.78        14863.78        1206.00        
  40       2               16050.67        17161.67        1111.00        
  35       2               17161.67        18879.67        1718.00        
  69       4               19578.78        20887.78        1309.00        
  69       6               21901.78        23135.78        1234.00        
  29       3               23135.78        24314.78        1179.00        
  24       7               24888.67        26306.67        1418.00        
  4        5               26633.78        27550.78        917.00         
  67       2               29922.46        30974.46        1052.00        
  31       3               30974.46        31906.46        932.00         
  13       3               31906.46        32944.46        1038.00        
  81       3               32944.46        34132.46        1188.00        
  57       3               34132.46        35119.46        987.00         
  45       3               35368.00        36561.00        1193.00        
  14       5               36561.00        38075.00        1514.00        
  45       5               38794.46        40291.46        1497.00        
  96       6               40291.46        41321.46        1030.00        
  99       5               41321.46        42749.46        1428.00        
  62       2               42883.49        44379.49        1496.00        
  14       7               44379.49        45970.49        1591.00        
  36       5               46216.49        47632.49        1416.00        
  11       3               47933.84        48949.84        1016.00        
  83       3               49101.94        50087.94        986.00         
  30       3               50371.17        51378.17        1007.00        
  1        2               51378.17        53022.17        1644.00        
  5        3               53022.17        54318.17        1296.00        
  65       4               55257.94        56166.94        909.00         
  55       6               56166.94        57376.94        1210.00        
  11       5               57376.94        58314.94        938.00         
  10       6               58314.94        59647.94        1333.00        
  5        7               60036.17        61513.17        1477.00        
  11       6               61513.17        62529.17        1016.00        
  66       4               63582.74        64833.74        1251.00        
  41       5               64833.74        65946.74        1113.00        

  机器利用率: 60.78% (忙碌时间: 41650.00 / 总时间: 68529.74)

离散机9:
工件号      工序号             开始时间            结束时间            加工时长           
--------------------------------------------------------------------------------
  93       3               15310.78        16339.78        1029.00        
  32       3               17181.67        18663.67        1482.00        
  64       2               18663.67        19864.67        1201.00        
  40       3               19864.67        21174.67        1310.00        
  87       3               21174.67        22447.67        1273.00        
  40       5               22554.67        23472.67        918.00         
  93       5               23711.67        24785.67        1074.00        
  26       7               25130.78        26131.78        1001.00        
  26       8               26131.78        27195.78        1064.00        
  69       8               27195.78        28193.78        998.00         
  20       5               28193.78        29409.78        1216.00        
  18       2               29922.46        31064.46        1142.00        
  6        5               31064.46        32341.46        1277.00        
  96       2               32458.00        33742.00        1284.00        
  31       5               33742.00        35451.00        1709.00        
  67       3               35451.00        37030.00        1579.00        
  17       5               37030.00        38036.00        1006.00        
  31       6               38036.00        39203.00        1167.00        
  68       4               39500.00        40429.00        929.00         
  0        5               40429.00        42169.00        1740.00        
  36       2               42883.49        43877.49        994.00         
  53       3               43877.49        44907.49        1030.00        
  99       7               45267.00        46335.00        1068.00        
  23       2               46552.84        47592.84        1040.00        
  85       3               47592.84        49263.84        1671.00        
  30       2               49272.17        50371.17        1099.00        
  71       2               51253.40        52322.40        1069.00        
  65       2               52322.40        53728.40        1406.00        
  23       6               53728.40        54825.40        1097.00        
  7        6               54825.40        56287.40        1462.00        
  82       3               56287.40        57216.40        929.00         
  65       5               57216.40        58600.40        1384.00        
  25       6               58679.94        60397.94        1718.00        
  39       2               61113.74        62413.74        1300.00        
  45       8               62413.74        63324.74        911.00         
  34       4               63324.74        64809.74        1485.00        
  66       5               64833.74        65987.74        1154.00        

  机器利用率: 65.98% (忙碌时间: 45216.00 / 总时间: 68529.74)

离散机10:
工件号      工序号             开始时间            结束时间            加工时长           
--------------------------------------------------------------------------------
  54       2               13657.78        14685.78        1028.00        
  0        3               14685.78        15891.78        1206.00        
  24       2               16050.67        17842.67        1792.00        
  70       2               18061.00        19243.00        1182.00        
  4        3               19677.67        21025.67        1348.00        
  42       3               21025.67        22222.67        1197.00        
  93       4               22222.67        23711.67        1489.00        
  24       6               23711.67        24888.67        1177.00        
  32       7               24888.67        25964.67        1076.00        
  77       2               25964.67        27128.67        1164.00        
  17       2               27873.51        28827.51        954.00         
  94       4               28827.51        29746.51        919.00         
  99       2               29922.46        31219.46        1297.00        
  59       2               31219.46        32607.46        1388.00        
  50       2               32607.46        33735.46        1128.00        
  47       4               34566.46        35616.46        1050.00        
  12       2               35616.46        37139.46        1523.00        
  40       6               37139.46        38685.46        1546.00        
  72       6               39112.00        40486.00        1374.00        
  20       6               40486.00        41406.00        920.00         
  49       3               41406.00        42456.00        1050.00        
  33       7               42561.00        43968.00        1407.00        
  99       6               43968.00        45267.00        1299.00        
  96       8               45267.00        46278.00        1011.00        
  2        2               46552.84        47732.84        1180.00        
  3        2               47880.94        49499.94        1619.00        
  36       6               49499.94        50447.94        948.00         
  55       3               50560.94        52022.94        1462.00        
  23       5               52022.94        53627.94        1605.00        
  28       4               53627.94        54835.94        1208.00        
  25       4               54835.94        55751.94        916.00         
  28       5               55751.94        56817.94        1066.00        
  14       8               56817.94        58074.94        1257.00        
  48       2               58074.94        59513.94        1439.00        
  83       7               59721.94        61262.94        1541.00        
  25       7               61262.94        62390.94        1128.00        
  39       3               62413.74        63351.74        938.00         
  52       7               63351.74        64274.74        923.00         
  39       5               64887.74        66313.74        1426.00        
  86       5               66506.74        67703.74        1197.00        

  机器利用率: 72.05% (忙碌时间: 49378.00 / 总时间: 68529.74)

【打印批次详细信息】
----------------------------------------------------------------------------------------------------

打印机 1 (尺寸: 1033.0 x 412.0 x 635.0):
--------------------------------------------------------------------------------
  批次 1: 零件数=7, 占用率=87.73%
    - 6: 尺寸 306.0 x 134.0 x 68.0
    - 87: 尺寸 690.0 x 134.0 x 26.0
    - 40: 尺寸 122.0 x 148.0 x 103.0
    - 24: 尺寸 173.0 x 187.0 x 33.0
    - 43: 尺寸 713.0 x 239.0 x 46.0
    - 32: 尺寸 98.0 x 66.0 x 75.0
    - 20: 尺寸 142.0 x 89.0 x 104.0
  批次 2: 零件数=10, 占用率=90.31%
    - 8: 尺寸 155.0 x 115.0 x 87.0
    - 62: 尺寸 188.0 x 133.0 x 95.0
    - 91: 尺寸 179.0 x 133.0 x 39.0
    - 36: 尺寸 468.0 x 164.0 x 153.0
    - 53: 尺寸 142.0 x 121.0 x 188.0
    - 82: 尺寸 191.0 x 198.0 x 181.0
    - 85: 尺寸 205.0 x 63.0 x 96.0
    - 92: 尺寸 440.0 x 247.0 x 168.0
    - 48: 尺寸 205.0 x 200.0 x 83.0
    - 51: 尺寸 135.0 x 173.0 x 83.0
  批次 3: 零件数=6, 占用率=84.56%
    - 78: 尺寸 257.0 x 259.0 x 55.0
    - 41: 尺寸 420.0 x 84.0 x 65.0
    - 86: 尺寸 349.0 x 205.0 x 127.0
    - 39: 尺寸 396.0 x 158.0 x 123.0
    - 66: 尺寸 438.0 x 139.0 x 124.0
    - 16: 尺寸 441.0 x 143.0 x 42.0

打印机 2 (尺寸: 1163.0 x 587.0 x 663.0):
--------------------------------------------------------------------------------
  批次 1: 零件数=19, 占用率=92.37%
    - 90: 尺寸 241.0 x 85.0 x 93.0
    - 99: 尺寸 390.0 x 203.0 x 186.0
    - 13: 尺寸 87.0 x 87.0 x 191.0
    - 72: 尺寸 426.0 x 214.0 x 34.0
    - 59: 尺寸 229.0 x 159.0 x 122.0
    - 14: 尺寸 98.0 x 183.0 x 54.0
    - 79: 尺寸 382.0 x 155.0 x 83.0
    - 68: 尺寸 413.0 x 227.0 x 174.0
    - 98: 尺寸 134.0 x 197.0 x 63.0
    - 81: 尺寸 93.0 x 134.0 x 170.0
    - 50: 尺寸 123.0 x 185.0 x 171.0
    - 60: 尺寸 363.0 x 170.0 x 19.0
    - 47: 尺寸 51.0 x 178.0 x 176.0
    - 67: 尺寸 121.0 x 144.0 x 191.0
    - 18: 尺寸 207.0 x 134.0 x 86.0
    - 57: 尺寸 114.0 x 139.0 x 92.0
    - 12: 尺寸 132.0 x 99.0 x 97.0
    - 22: 尺寸 69.0 x 106.0 x 68.0
    - 95: 尺寸 202.0 x 55.0 x 55.0
  批次 2: 零件数=8, 占用率=80.31%
    - 37: 尺寸 208.0 x 179.0 x 109.0
    - 61: 尺寸 533.0 x 123.0 x 54.0
    - 23: 尺寸 422.0 x 283.0 x 63.0
    - 97: 尺寸 213.0 x 107.0 x 56.0
    - 75: 尺寸 290.0 x 460.0 x 105.0
    - 76: 尺寸 165.0 x 168.0 x 18.0
    - 11: 尺寸 123.0 x 306.0 x 35.0
    - 2: 尺寸 568.0 x 184.0 x 44.0
  批次 3: 零件数=2, 占用率=52.13%
    - 71: 尺寸 699.0 x 267.0 x 29.0
    - 65: 尺寸 688.0 x 246.0 x 28.0

打印机 3 (尺寸: 941.0 x 424.0 x 663.0):
--------------------------------------------------------------------------------
  批次 1: 零件数=12, 占用率=85.39%
    - 93: 尺寸 291.0 x 139.0 x 38.0
    - 9: 尺寸 101.0 x 149.0 x 45.0
    - 54: 尺寸 529.0 x 120.0 x 52.0
    - 26: 尺寸 353.0 x 115.0 x 50.0
    - 63: 尺寸 195.0 x 163.0 x 52.0
    - 0: 尺寸 268.0 x 250.0 x 27.0
    - 35: 尺寸 96.0 x 106.0 x 48.0
    - 44: 尺寸 79.0 x 103.0 x 14.0
    - 15: 尺寸 255.0 x 172.0 x 44.0
    - 21: 尺寸 109.0 x 53.0 x 36.0
    - 94: 尺寸 86.0 x 78.0 x 15.0
    - 69: 尺寸 101.0 x 76.0 x 43.0
  批次 2: 零件数=4, 占用率=91.70%
    - 17: 尺寸 668.0 x 227.0 x 36.0
    - 31: 尺寸 260.0 x 355.0 x 20.0
    - 27: 尺寸 565.0 x 191.0 x 59.0
    - 33: 尺寸 98.0 x 143.0 x 20.0
  批次 3: 零件数=3, 占用率=79.73%
    - 58: 尺寸 246.0 x 181.0 x 77.0
    - 30: 尺寸 686.0 x 336.0 x 90.0
    - 89: 尺寸 233.0 x 185.0 x 23.0
  批次 4: 零件数=1, 占用率=23.85%
    - 56: 尺寸 312.0 x 305.0 x 32.0

打印机 4 (尺寸: 1081.0 x 523.0 x 615.0):
--------------------------------------------------------------------------------
  批次 1: 零件数=16, 占用率=89.73%
    - 10: 尺寸 480.0 x 155.0 x 175.0
    - 74: 尺寸 488.0 x 192.0 x 92.0
    - 7: 尺寸 105.0 x 98.0 x 89.0
    - 28: 尺寸 108.0 x 148.0 x 40.0
    - 1: 尺寸 465.0 x 126.0 x 96.0
    - 38: 尺寸 144.0 x 118.0 x 155.0
    - 34: 尺寸 206.0 x 118.0 x 193.0
    - 84: 尺寸 132.0 x 148.0 x 176.0
    - 3: 尺寸 114.0 x 130.0 x 98.0
    - 83: 尺寸 441.0 x 153.0 x 197.0
    - 25: 尺寸 207.0 x 202.0 x 33.0
    - 5: 尺寸 63.0 x 187.0 x 153.0
    - 52: 尺寸 59.0 x 170.0 x 100.0
    - 73: 尺寸 159.0 x 177.0 x 112.0
    - 55: 尺寸 72.0 x 93.0 x 88.0
    - 19: 尺寸 220.0 x 58.0 x 76.0

打印机 5 (尺寸: 1118.0 x 504.0 x 631.0):
--------------------------------------------------------------------------------
  批次 1: 零件数=8, 占用率=79.50%
    - 80: 尺寸 152.0 x 106.0 x 19.0
    - 42: 尺寸 86.0 x 114.0 x 61.0
    - 88: 尺寸 385.0 x 207.0 x 83.0
    - 29: 尺寸 302.0 x 137.0 x 33.0
    - 4: 尺寸 148.0 x 136.0 x 21.0
    - 70: 尺寸 139.0 x 217.0 x 55.0
    - 64: 尺寸 441.0 x 333.0 x 52.0
    - 77: 尺寸 509.0 x 204.0 x 43.0
  批次 2: 零件数=4, 占用率=83.35%
    - 96: 尺寸 711.0 x 335.0 x 59.0
    - 46: 尺寸 389.0 x 123.0 x 52.0
    - 45: 尺寸 266.0 x 241.0 x 26.0
    - 49: 尺寸 720.0 x 166.0 x 70.0

════════════════════════════════════════════════════════════════
