════════════════════════════════════════════════════════════════
              最优Cmax解的详细调度记录
════════════════════════════════════════════════════════════════

【基本信息】
----------------------------------------------------------------------------------------------------
Cmax (最大完工时间): 70382.39
能耗: 908.33 kWh
装箱质量: 0.4461
批次总数: 14
工件数量: 100
机器数量: 17 (打印机:5, 批处理机:2, 离散机:10)

【染色体编码】
----------------------------------------------------------------------------------------------------
工序序列 (OS): [3, 8, 67, 35, 15, 38, 42, 70, 99, 53, 12, 74, 77, 86, 96, 59, 19, 28, 80, 89, 55, 90, 56, 94, 48, 76, 31, 14, 91, 82, 75, 62, 93, 65, 29, 84, 63, 98, 20, 79, 88, 60, 18, 72, 11, 9, 0, 68, 83, 73, 37, 26, 24, 33, 97, 1, 21, 64, 36, 54, 52, 27, 16, 46, 6, 66, 95, 30, 25, 51, 44, 32, 71, 7, 4, 22, 10, 34, 92, 2, 81, 50, 17, 58, 13, 87, 23, 40, 61, 5, 43, 47, 45, 49, 57, 39, 41, 69, 78, 85, 55, 11, 85, 59, 30, 43, 10, 15, 7, 14, 45, 46, 43, 92, 17, 58, 28, 23, 20, 4, 34, 13, 31, 41, 51, 65, 94, 32, 13, 58, 49, 67, 17, 11, 36, 16, 32, 99, 15, 47, 72, 4, 99, 96, 5, 82, 70, 57, 72, 55, 11, 40, 96, 86, 12, 1, 68, 6, 10, 40, 14, 34, 74, 25, 75, 69, 17, 87, 20, 87, 9, 85, 39, 8, 83, 59, 40, 10, 7, 47, 93, 45, 52, 5, 24, 97, 21, 83, 47, 24, 8, 65, 55, 5, 66, 69, 30, 17, 78, 36, 33, 13, 52, 72, 59, 23, 36, 14, 45, 24, 10, 65, 3, 77, 9, 16, 6, 0, 52, 59, 74, 11, 83, 41, 96, 4, 69, 58, 4, 45, 81, 25, 36, 32, 0, 15, 20, 15, 59, 5, 93, 0, 42, 92, 4, 36, 24, 71, 8, 35, 1, 72, 15, 40, 47, 46, 30, 89, 13, 42, 45, 17, 54, 28, 55, 72, 29, 0, 26, 96, 43, 33, 71, 30, 99, 94, 14, 17, 11, 25, 26, 33, 99, 97, 3, 28, 32, 88, 77, 3, 90, 77, 67, 1, 28, 75, 46, 31, 41, 39, 49, 23, 68, 26, 86, 41, 55, 26, 26, 62, 68, 37, 72, 41, 23, 60, 41, 66, 48, 94, 67, 14, 94, 21, 6, 91, 14, 19, 53, 20, 47, 23, 43, 14, 26, 44, 58, 31, 34, 94, 52, 88, 36, 15, 97, 13, 24, 86, 81, 87, 93, 66, 66, 30, 21, 52, 64, 57, 40, 69, 7, 66, 8, 69, 3, 88, 55, 67, 7, 8, 69, 5, 49, 30, 18, 5, 73, 75, 17, 26, 31, 47, 94, 33, 99, 71, 29, 37, 45, 7, 65, 79, 69, 36, 75, 26, 65, 25, 52, 25, 75, 30, 39, 83, 24, 32, 24, 25, 53, 33, 96, 30, 83, 28, 46, 74, 89, 20, 23, 14, 31, 2, 50, 43, 6, 96, 99, 13, 32, 82, 46, 35, 10, 47, 93, 33, 4, 39, 45, 46, 23, 72, 86, 96, 3, 83, 8, 37]
机器选择 (MS): [1, 5, 5, 2, 4, 4, 2, 4, 2, 2, 3, 2, 1, 5, 5, 4, 1, 5, 1, 3, 1, 3, 1, 2, 5, 2, 4, 4, 4, 2, 2, 1, 3, 4, 5, 5, 5, 4, 4, 1, 4, 4, 5, 5, 3, 5, 3, 5, 1, 5, 1, 1, 3, 3, 1, 1, 3, 5, 2, 1, 5, 3, 3, 1, 1, 2, 1, 2, 2, 4, 2, 4, 3, 1, 3, 3, 2, 2, 2, 5, 5, 2, 1, 2, 5, 3, 3, 4, 1, 2, 4, 2, 3, 1, 3, 1, 1, 1, 3, 3, 1, 3, 2, 2, 1, 1, 1, 3, 1, 2, 1, 2, 1, 1, 1, 1, 2, 3, 2, 1, 1, 1, 1, 1, 3, 1, 1, 1, 1, 1, 2, 1, 2, 1, 1, 2, 1, 1, 1, 1, 2, 2, 2, 1, 3, 1, 2, 1, 2, 3, 2, 3, 2, 1, 1, 1, 2, 1, 2, 2, 2, 1, 1, 2, 1, 1, 3, 1, 3, 2, 3, 1, 3, 1, 1, 1, 1, 2, 1, 1, 1, 1, 2, 2, 2, 1, 2, 2, 1, 2, 1, 1, 2, 2, 1, 2, 1, 2, 1, 2, 1, 1, 3, 1, 2, 1, 2, 2, 2, 1, 1, 1, 1, 2, 1, 1, 3, 2, 2, 1, 3, 1, 2, 1, 1, 1, 3, 3, 3, 1, 1, 2, 1, 2, 1, 1, 3, 1, 1, 1, 1, 2, 2, 2, 2, 1, 2, 1, 1, 1, 1, 1, 3, 1, 2, 1, 1, 1, 3, 1, 2, 1, 2, 3, 3, 2, 1, 1, 1, 1, 2, 2, 1, 2, 1, 1, 2, 1, 1, 1, 2, 2, 1, 2, 1, 1, 1, 1, 1, 2, 1, 2, 1, 2, 1, 3, 2, 3, 1, 2, 1, 1, 1, 1, 1, 2, 1, 1, 1, 1, 1, 1, 1, 1, 2, 1, 1, 1, 1, 1, 1, 1, 2, 2, 1, 2, 1, 1, 1, 1, 1, 1, 1, 1, 1, 1, 2, 1, 1, 1, 1, 1, 2, 3, 1, 1, 2, 3, 1, 3, 1, 3, 3, 1, 1, 1, 3, 1, 2, 1, 1, 2, 3, 1, 2, 2, 1, 2, 1, 1, 1, 1, 1, 2, 1, 1, 1, 1, 1, 1, 1, 1, 1, 1, 1, 2, 1, 1, 3, 1, 3, 1, 3, 3, 1, 1, 1, 3, 1, 1, 1, 2, 1, 2, 1, 1, 1, 1, 1, 1, 3, 1, 1, 1, 1, 1, 2, 1, 2, 1, 1, 3, 1, 2, 1, 2, 1, 1, 3, 1, 1, 1, 1, 1, 2, 3, 2, 1, 2, 1, 1, 1, 1, 1, 1, 2, 1, 1]

【零件加工顺序记录】
----------------------------------------------------------------------------------------------------
工件号      工序号             机器号             开始时间            结束时间            加工时长           
----------------------------------------------------------------------------------------------------

工件 0:
  0        0               打印机3            23020.61        33297.32        10276.71       
  0        1               批处理机2           33297.32        34361.32        1064.00        
  0        2               离散机3            38680.32        39580.32        900.00         
  0        3               离散机10           44118.00        45324.00        1206.00        
  0        4               离散机2            45804.59        47203.59        1399.00        
  0        5               离散机4            48469.59        50174.59        1705.00        

工件 1:
  1        0               打印机1            24332.31        52434.36        28102.05       
  1        1               批处理机2           52434.36        53498.36        1064.00        
  1        2               离散机3            53498.36        54533.36        1035.00        
  1        3               离散机7            54533.36        56315.36        1782.00        
  1        4               离散机2            58870.33        59794.33        924.00         

工件 2:
  2        0               打印机5            50794.00        61591.00        10797.00       
  2        1               批处理机2           61591.00        62655.00        1064.00        
  2        2               离散机10           64136.33        65316.33        1180.00        

工件 3:
  3        0               打印机1            0.00            14140.51        14140.51       
  3        1               批处理机2           14140.51        15204.51        1064.00        
  3        2               离散机1            15204.51        16136.51        932.00         
  3        3               离散机10           18395.51        19657.51        1262.00        
  3        4               离散机2            19657.51        20655.51        998.00         
  3        5               离散机7            26832.61        27923.61        1091.00        
  3        6               离散机2            28772.61        30137.61        1365.00        

工件 4:
  4        0               打印机3            0.00            23020.61        23020.61       
  4        1               批处理机2           23020.61        24084.61        1064.00        
  4        2               离散机1            24084.61        25217.61        1133.00        
  4        3               离散机8            25217.61        26764.61        1547.00        
  4        4               离散机3            26764.61        27995.61        1231.00        
  4        5               离散机7            27995.61        29431.61        1436.00        
  4        6               离散机8            29431.61        30889.61        1458.00        
  4        7               离散机10           32645.70        34325.70        1680.00        

工件 5:
  5        0               打印机2            0.00            29156.70        29156.70       
  5        1               批处理机2           29156.70        30220.70        1064.00        
  5        2               离散机1            30220.70        31893.70        1673.00        
  5        3               离散机8            31893.70        33189.70        1296.00        
  5        4               离散机1            33378.70        35081.70        1703.00        
  5        5               离散机2            42252.59        43423.59        1171.00        
  5        6               离散机2            51770.00        52670.00        900.00         
  5        7               离散机8            62631.33        64108.33        1477.00        

工件 6:
  6        0               打印机1            24332.31        52434.36        28102.05       
  6        1               批处理机2           52434.36        53498.36        1064.00        
  6        2               离散机3            54533.36        56200.36        1667.00        
  6        3               离散机2            57205.33        58870.33        1665.00        
  6        4               离散机2            59794.33        60987.33        1193.00        
  6        5               离散机1            63001.33        64709.33        1708.00        

工件 7:
  7        0               打印机1            0.00            14140.51        14140.51       
  7        1               批处理机2           14140.51        15204.51        1064.00        
  7        2               离散机2            15204.51        16192.51        988.00         
  7        3               离散机8            17958.51        19174.51        1216.00        
  7        4               离散机1            19174.51        20100.51        926.00         
  7        5               离散机2            21774.51        23119.51        1345.00        
  7        6               离散机9            23119.51        24581.51        1462.00        

工件 8:
  8        0               打印机5            0.00            38597.00        38597.00       
  8        1               批处理机2           38597.00        39661.00        1064.00        
  8        2               离散机5            44712.00        45968.00        1256.00        
  8        3               离散机7            45968.00        47760.00        1792.00        
  8        4               离散机2            47760.00        49371.00        1611.00        
  8        5               离散机2            50386.00        51770.00        1384.00        
  8        6               离散机1            59871.33        60904.33        1033.00        
  8        7               离散机4            68432.33        70093.33        1661.00        

工件 9:
  9        0               打印机5            0.00            38597.00        38597.00       
  9        1               批处理机2           38597.00        39661.00        1064.00        
  9        2               离散机7            42526.59        43811.59        1285.00        
  9        3               离散机4            44838.59        45806.59        968.00         

工件 10:
  10       0               打印机2            0.00            29156.70        29156.70       
  10       1               批处理机2           29156.70        30220.70        1064.00        
  10       2               离散机9            30220.70        31945.70        1725.00        
  10       3               离散机5            31945.70        33013.70        1068.00        
  10       4               离散机6            33013.70        34529.70        1516.00        
  10       5               离散机2            36151.32        37880.32        1729.00        
  10       6               离散机8            43088.00        44421.00        1333.00        

工件 11:
  11       0               打印机3            0.00            23020.61        23020.61       
  11       1               批处理机2           23020.61        24084.61        1064.00        
  11       2               离散机3            24084.61        25465.61        1381.00        
  11       3               离散机9            25465.61        26581.61        1116.00        
  11       4               离散机4            26581.61        28236.61        1655.00        
  11       5               离散机5            28236.61        29573.61        1337.00        
  11       6               离散机8            34907.70        35923.70        1016.00        

工件 12:
  12       0               打印机3            0.00            23020.61        23020.61       
  12       1               批处理机2           23020.61        24084.61        1064.00        
  12       2               离散机10           26350.31        27873.31        1523.00        

工件 13:
  13       0               打印机5            0.00            38597.00        38597.00       
  13       1               批处理机2           38597.00        39661.00        1064.00        
  13       2               离散机3            39661.00        41118.00        1457.00        
  13       3               离散机8            41118.00        42156.00        1038.00        
  13       4               离散机5            45968.00        47644.00        1676.00        
  13       5               离散机5            51256.00        52305.00        1049.00        
  13       6               离散机7            63868.39        65479.39        1611.00        
  13       7               离散机2            67413.33        68394.33        981.00         

工件 14:
  14       0               打印机4            0.00            36934.59        36934.59       
  14       1               批处理机2           36934.59        37998.59        1064.00        
  14       2               离散机4            37998.59        39414.59        1416.00        
  14       3               离散机4            40577.59        41801.59        1224.00        
  14       4               离散机6            41801.59        42892.59        1091.00        
  14       5               离散机3            43614.00        45044.00        1430.00        
  14       6               离散机7            51945.00        53066.00        1121.00        
  14       7               离散机6            57820.00        59032.00        1212.00        
  14       8               离散机10           62879.33        64136.33        1257.00        
  14       9               离散机8            65216.33        66834.33        1618.00        

工件 15:
  15       0               打印机4            0.00            36934.59        36934.59       
  15       1               批处理机2           36934.59        37998.59        1064.00        
  15       2               离散机2            37998.59        39597.59        1599.00        
  15       3               离散机7            39597.59        41162.59        1565.00        
  15       4               离散机2            41162.59        42252.59        1090.00        
  15       5               离散机7            47760.00        49169.00        1409.00        
  15       6               离散机3            50324.12        51554.12        1230.00        
  15       7               离散机5            55526.00        56439.00        913.00         

工件 16:
  16       0               打印机3            23020.61        33297.32        10276.71       
  16       1               批处理机2           33297.32        34361.32        1064.00        
  16       2               离散机2            34361.32        36151.32        1790.00        
  16       3               离散机1            40779.00        42561.00        1782.00        

工件 17:
  17       0               打印机1            14140.51        24332.31        10191.79       
  17       1               批处理机2           24332.31        25396.31        1064.00        
  17       2               离散机10           25396.31        26350.31        954.00         
  17       3               离散机6            26845.31        28083.31        1238.00        
  17       4               离散机9            28083.31        29068.31        985.00         
  17       5               离散机9            29068.31        30074.31        1006.00        
  17       6               离散机2            32561.70        34184.70        1623.00        
  17       7               离散机2            43423.59        44394.59        971.00         
  17       8               离散机6            47632.00        48551.00        919.00         

工件 18:
  18       0               打印机5            0.00            38597.00        38597.00       
  18       1               批处理机2           38597.00        39661.00        1064.00        
  18       2               离散机9            40419.59        41561.59        1142.00        

工件 19:
  19       0               打印机1            0.00            14140.51        14140.51       
  19       1               批处理机2           14140.51        15204.51        1064.00        
  19       2               离散机7            31984.70        33418.70        1434.00        

工件 20:
  20       0               打印机4            0.00            36934.59        36934.59       
  20       1               批处理机2           36934.59        37998.59        1064.00        
  20       2               离散机7            37998.59        39180.59        1182.00        
  20       3               离散机5            43487.00        44712.00        1225.00        
  20       4               离散机6            44712.00        45972.00        1260.00        
  20       5               离散机9            45972.00        47188.00        1216.00        
  20       6               离散机2            53824.00        55296.00        1472.00        

工件 21:
  21       0               打印机3            0.00            23020.61        23020.61       
  21       1               批处理机2           23020.61        24084.61        1064.00        
  21       2               离散机7            24084.61        25638.61        1554.00        
  21       3               离散机3            25638.61        26756.61        1118.00        
  21       4               离散机6            51308.00        52873.00        1565.00        

工件 22:
  22       0               打印机3            0.00            23020.61        23020.61       
  22       1               批处理机2           23020.61        24084.61        1064.00        

工件 23:
  23       0               打印机3            40561.83        55704.39        15142.56       
  23       1               批处理机2           55704.39        56768.39        1064.00        
  23       2               离散机7            56768.39        58321.39        1553.00        
  23       3               离散机3            58321.39        59418.39        1097.00        
  23       4               离散机6            59418.39        60995.39        1577.00        
  23       5               离散机10           61274.33        62879.33        1605.00        
  23       6               离散机9            62879.33        63976.33        1097.00        
  23       7               离散机5            64517.39        66218.39        1701.00        
  23       8               离散机5            67752.39        68990.39        1238.00        

工件 24:
  24       0               打印机3            23020.61        33297.32        10276.71       
  24       1               批处理机2           33297.32        34361.32        1064.00        
  24       2               离散机10           34361.32        36153.32        1792.00        
  24       3               离散机3            37281.32        38680.32        1399.00        
  24       4               离散机5            47644.00        48710.00        1066.00        
  24       5               离散机6            48710.00        50108.00        1398.00        
  24       6               离散机10           50528.00        51705.00        1177.00        
  24       7               离散机8            51705.00        53123.00        1418.00        
  24       8               离散机4            65655.33        67006.33        1351.00        

工件 25:
  25       0               打印机2            0.00            29156.70        29156.70       
  25       1               批处理机2           29156.70        30220.70        1064.00        
  25       2               离散机3            30220.70        31141.70        921.00         
  25       3               离散机4            31381.70        33135.70        1754.00        
  25       4               离散机4            35616.70        36701.70        1085.00        
  25       5               离散机1            47359.59        48405.59        1046.00        
  25       6               离散机9            58457.33        60175.33        1718.00        
  25       7               离散机3            67203.33        68940.33        1737.00        

工件 26:
  26       0               打印机1            0.00            14140.51        14140.51       
  26       1               批处理机2           14140.51        15204.51        1064.00        
  26       2               离散机7            16353.51        18027.51        1674.00        
  26       3               离散机6            18027.51        19169.51        1142.00        
  26       4               离散机3            21102.51        22252.51        1150.00        
  26       5               离散机3            22252.51        23861.51        1609.00        
  26       6               离散机8            26764.61        28402.61        1638.00        
  26       7               离散机9            33616.70        34617.70        1001.00        
  26       8               离散机9            34617.70        35681.70        1064.00        
  26       9               离散机5            57640.00        59136.00        1496.00        

工件 27:
  27       0               打印机3            0.00            23020.61        23020.61       
  27       1               批处理机2           23020.61        24084.61        1064.00        

工件 28:
  28       0               打印机5            0.00            38597.00        38597.00       
  28       1               批处理机2           38597.00        39661.00        1064.00        
  28       2               离散机10           39661.00        41206.00        1545.00        
  28       3               离散机5            52305.00        53887.00        1582.00        
  28       4               离散机10           58430.33        59638.33        1208.00        
  28       5               离散机4            59719.33        61117.33        1398.00        
  28       6               离散机6            66451.33        67482.33        1031.00        

工件 29:
  29       0               打印机5            0.00            38597.00        38597.00       
  29       1               批处理机2           38597.00        39661.00        1064.00        
  29       2               离散机1            44618.59        45804.59        1186.00        
  29       3               离散机8            45804.59        46983.59        1179.00        

工件 30:
  30       0               打印机2            29156.70        54585.33        25428.63       
  30       1               批处理机2           54585.33        55649.33        1064.00        
  30       2               离散机9            55649.33        56748.33        1099.00        
  30       3               离散机8            57131.00        58138.00        1007.00        
  30       4               离散机3            59418.39        60337.39        919.00         
  30       5               离散机5            60337.39        61261.39        924.00         
  30       6               离散机5            61261.39        62435.39        1174.00        
  30       7               离散机5            62435.39        63578.39        1143.00        
  30       8               离散机9            65177.33        66572.33        1395.00        
  30       9               离散机7            68682.39        69822.39        1140.00        

工件 31:
  31       0               打印机4            0.00            36934.59        36934.59       
  31       1               批处理机2           36934.59        37998.59        1064.00        
  31       2               离散机1            37998.59        39412.59        1414.00        
  31       3               离散机8            42156.00        43088.00        932.00         
  31       4               离散机3            47926.00        49249.00        1323.00        
  31       5               离散机9            56748.33        58457.33        1709.00        
  31       6               离散机9            61199.33        62366.33        1167.00        

工件 32:
  32       0               打印机4            0.00            36934.59        36934.59       
  32       1               批处理机2           36934.59        37998.59        1064.00        
  32       2               离散机2            39597.59        40728.59        1131.00        
  32       3               离散机5            40937.00        42343.00        1406.00        
  32       4               离散机5            48710.00        49918.00        1208.00        
  32       5               离散机6            50108.00        51308.00        1200.00        
  32       6               离散机5            59136.00        60141.00        1005.00        
  32       7               离散机5            66218.39        67752.39        1534.00        

工件 33:
  33       0               打印机3            0.00            23020.61        23020.61       
  33       1               批处理机2           23020.61        24084.61        1064.00        
  33       2               离散机7            25638.61        26832.61        1194.00        
  33       3               离散机5            26832.61        27896.61        1064.00        
  33       4               离散机6            29209.31        30118.31        909.00         
  33       5               离散机4            36701.70        37699.70        998.00         
  33       6               离散机5            63578.39        64517.39        939.00         
  33       7               离散机10           65316.33        66723.33        1407.00        

工件 34:
  34       0               打印机2            0.00            29156.70        29156.70       
  34       1               批处理机2           29156.70        30220.70        1064.00        
  34       2               离散机7            30220.70        31984.70        1764.00        
  34       3               离散机1            31984.70        33378.70        1394.00        
  34       4               离散机9            37339.32        38824.32        1485.00        

工件 35:
  35       0               打印机2            0.00            29156.70        29156.70       
  35       1               批处理机2           29156.70        30220.70        1064.00        
  35       2               离散机8            33189.70        34907.70        1718.00        
  35       3               离散机1            48405.59        49506.59        1101.00        

工件 36:
  36       0               打印机2            29156.70        54585.33        25428.63       
  36       1               批处理机2           54585.33        55649.33        1064.00        
  36       2               离散机1            55649.33        57424.33        1775.00        
  36       3               离散机10           57424.33        58430.33        1006.00        
  36       4               离散机4            58430.33        59719.33        1289.00        
  36       5               离散机8            59719.33        61135.33        1416.00        
  36       6               离散机6            61135.33        62680.33        1545.00        
  36       7               离散机7            62847.39        63868.39        1021.00        
  36       8               离散机8            64108.33        65216.33        1108.00        

工件 37:
  37       0               打印机1            24332.31        52434.36        28102.05       
  37       1               批处理机2           52434.36        53498.36        1064.00        
  37       2               离散机10           53498.36        54771.36        1273.00        
  37       3               离散机5            56439.00        57640.00        1201.00        
  37       4               离散机6            68519.33        69710.33        1191.00        

工件 38:
  38       0               打印机4            0.00            36934.59        36934.59       
  38       1               批处理机2           36934.59        37998.59        1064.00        

工件 39:
  39       0               打印机1            24332.31        52434.36        28102.05       
  39       1               批处理机2           52434.36        53498.36        1064.00        
  39       2               离散机6            53498.36        55152.36        1654.00        
  39       3               离散机7            61135.39        62847.39        1712.00        
  39       4               离散机2            64696.33        66222.33        1526.00        
  39       5               离散机10           66723.33        68149.33        1426.00        

工件 40:
  40       0               打印机4            0.00            36934.59        36934.59       
  40       1               批处理机2           36934.59        37998.59        1064.00        
  40       2               离散机8            37998.59        39109.59        1111.00        
  40       3               离散机9            39109.59        40419.59        1310.00        
  40       4               离散机6            40419.59        41799.59        1380.00        
  40       5               离散机4            47365.59        48469.59        1104.00        
  40       6               离散机4            64334.33        65655.33        1321.00        

工件 41:
  41       0               打印机1            0.00            14140.51        14140.51       
  41       1               批处理机2           14140.51        15204.51        1064.00        
  41       2               离散机8            15204.51        16752.51        1548.00        
  41       3               离散机2            16752.51        18449.51        1697.00        
  41       4               离散机4            18449.51        19352.51        903.00         
  41       5               离散机2            20655.51        21774.51        1119.00        
  41       6               离散机7            22712.51        23984.51        1272.00        
  41       7               离散机2            27037.61        28772.61        1735.00        

工件 42:
  42       0               打印机2            0.00            29156.70        29156.70       
  42       1               批处理机2           29156.70        30220.70        1064.00        
  42       2               离散机4            33135.70        34530.70        1395.00        
  42       3               离散机10           45324.00        46521.00        1197.00        

工件 43:
  43       0               打印机4            36934.59        48222.12        11287.53       
  43       1               批处理机2           48222.12        49286.12        1064.00        
  43       2               离散机3            49286.12        50324.12        1038.00        
  43       3               离散机1            50324.12        51780.12        1456.00        
  43       4               离散机3            51780.12        53075.12        1295.00        
  43       5               离散机1            58775.33        59871.33        1096.00        
  43       6               离散机6            67482.33        68519.33        1037.00        

工件 44:
  44       0               打印机2            0.00            29156.70        29156.70       
  44       1               批处理机2           29156.70        30220.70        1064.00        
  44       2               离散机6            36603.70        37589.70        986.00         

工件 45:
  45       0               打印机3            23020.61        33297.32        10276.71       
  45       1               批处理机2           33297.32        34361.32        1064.00        
  45       2               离散机3            34361.32        35682.32        1321.00        
  45       3               离散机9            35682.32        37339.32        1657.00        
  45       4               离散机5            37339.32        38553.32        1214.00        
  45       5               离散机8            39109.59        40606.59        1497.00        
  45       6               离散机6            42892.59        44402.59        1510.00        
  45       7               离散机9            44402.59        45842.59        1440.00        
  45       8               离散机9            67640.33        68551.33        911.00         

工件 46:
  46       0               打印机1            24332.31        52434.36        28102.05       
  46       1               批处理机2           52434.36        53498.36        1064.00        
  46       2               离散机8            53498.36        55129.36        1631.00        
  46       3               离散机6            55152.36        56155.36        1003.00        
  46       4               离散机10           59638.33        61274.33        1636.00        
  46       5               离散机1            62065.33        63001.33        936.00         
  46       6               离散机1            64709.33        65781.33        1072.00        
  46       7               离散机3            68940.33        70174.33        1234.00        

工件 47:
  47       0               打印机2            0.00            29156.70        29156.70       
  47       1               批处理机2           29156.70        30220.70        1064.00        
  47       2               离散机2            31308.70        32561.70        1253.00        
  47       3               离散机5            33013.70        34165.70        1152.00        
  47       4               离散机10           36153.32        37203.32        1050.00        
  47       5               离散机5            49918.00        51256.00        1338.00        
  47       6               离散机3            60337.39        61780.39        1443.00        
  47       7               离散机2            61997.33        63102.33        1105.00        
  47       8               离散机1            65781.33        67088.33        1307.00        

工件 48:
  48       0               打印机5            0.00            38597.00        38597.00       
  48       1               批处理机2           38597.00        39661.00        1064.00        
  48       2               离散机10           48170.00        49609.00        1439.00        

工件 49:
  49       0               打印机1            14140.51        24332.31        10191.79       
  49       1               批处理机2           24332.31        25396.31        1064.00        
  49       2               离散机6            25396.31        26845.31        1449.00        
  49       3               离散机6            31660.70        32606.70        946.00         
  49       4               离散机7            35043.70        36594.70        1551.00        

工件 50:
  50       0               打印机2            0.00            29156.70        29156.70       
  50       1               批处理机2           29156.70        30220.70        1064.00        
  50       2               离散机10           31517.70        32645.70        1128.00        

工件 51:
  51       0               打印机4            0.00            36934.59        36934.59       
  51       1               批处理机2           36934.59        37998.59        1064.00        
  51       2               离散机4            39414.59        40577.59        1163.00        

工件 52:
  52       0               打印机5            0.00            38597.00        38597.00       
  52       1               批处理机2           38597.00        39661.00        1064.00        
  52       2               离散机1            39661.00        40779.00        1118.00        
  52       3               离散机4            41801.59        43596.59        1795.00        
  52       4               离散机1            43596.59        44618.59        1022.00        
  52       5               离散机1            45804.59        47359.59        1555.00        
  52       6               离散机2            49371.00        50386.00        1015.00        
  52       7               离散机10           56365.00        57288.00        923.00         

工件 53:
  53       0               打印机2            0.00            29156.70        29156.70       
  53       1               批处理机2           29156.70        30220.70        1064.00        
  53       2               离散机6            35638.70        36603.70        965.00         
  53       3               离散机9            48186.00        49216.00        1030.00        

工件 54:
  54       0               打印机1            0.00            14140.51        14140.51       
  54       1               批处理机2           14140.51        15204.51        1064.00        
  54       2               离散机2            18449.51        19408.51        959.00         

工件 55:
  55       0               打印机1            0.00            14140.51        14140.51       
  55       1               批处理机2           14140.51        15204.51        1064.00        
  55       2               离散机10           15204.51        16933.51        1729.00        
  55       3               离散机10           16933.51        18395.51        1462.00        
  55       4               离散机7            18395.51        19563.51        1168.00        
  55       5               离散机3            19563.51        21102.51        1539.00        
  55       6               离散机7            21102.51        22712.51        1610.00        
  55       7               离散机1            25217.61        26615.61        1398.00        

工件 56:
  56       0               打印机1            14140.51        24332.31        10191.79       
  56       1               批处理机2           24332.31        25396.31        1064.00        

工件 57:
  57       0               打印机3            0.00            23020.61        23020.61       
  57       1               批处理机2           23020.61        24084.61        1064.00        
  57       2               离散机6            28083.31        29209.31        1126.00        
  57       3               离散机8            30889.61        31876.61        987.00         

工件 58:
  58       0               打印机2            0.00            29156.70        29156.70       
  58       1               批处理机2           29156.70        30220.70        1064.00        
  58       2               离散机2            30220.70        31308.70        1088.00        
  58       3               离散机3            31308.70        32826.70        1518.00        
  58       4               离散机6            34529.70        35638.70        1109.00        
  58       5               离散机5            35717.70        36927.70        1210.00        

工件 59:
  59       0               打印机4            0.00            36934.59        36934.59       
  59       1               批处理机2           36934.59        37998.59        1064.00        
  59       2               离散机10           37998.59        39386.59        1388.00        
  59       3               离散机3            41118.00        42063.00        945.00         
  59       4               离散机4            43596.59        44838.59        1242.00        
  59       5               离散机2            44838.59        45804.59        966.00         
  59       6               离散机7            49169.00        50638.00        1469.00        

工件 60:
  60       0               打印机4            0.00            36934.59        36934.59       
  60       1               批处理机2           36934.59        37998.59        1064.00        
  60       2               离散机5            38553.32        39651.32        1098.00        

工件 61:
  61       0               打印机1            24332.31        52434.36        28102.05       
  61       1               批处理机2           52434.36        53498.36        1064.00        

工件 62:
  62       0               打印机1            24332.31        52434.36        28102.05       
  62       1               批处理机2           52434.36        53498.36        1064.00        
  62       2               离散机8            61135.33        62631.33        1496.00        

工件 63:
  63       0               打印机5            0.00            38597.00        38597.00       
  63       1               批处理机2           38597.00        39661.00        1064.00        

工件 64:
  64       0               打印机5            50794.00        61591.00        10797.00       
  64       1               批处理机2           61591.00        62655.00        1064.00        
  64       2               离散机9            63976.33        65177.33        1201.00        

工件 65:
  65       0               打印机4            36934.59        48222.12        11287.53       
  65       1               批处理机2           48222.12        49286.12        1064.00        
  65       2               离散机9            49286.12        50692.12        1406.00        
  65       3               离散机9            53142.00        54608.00        1466.00        
  65       4               离散机8            55129.36        56038.36        909.00         
  65       5               离散机1            60904.33        62065.33        1161.00        
  65       6               离散机7            66739.39        67764.39        1025.00        

工件 66:
  66       0               打印机2            0.00            29156.70        29156.70       
  66       1               批处理机2           29156.70        30220.70        1064.00        
  66       2               离散机1            35081.70        36384.70        1303.00        
  66       3               离散机10           46521.00        48170.00        1649.00        
  66       4               离散机8            48553.59        49804.59        1251.00        
  66       5               离散机9            50692.12        51846.12        1154.00        
  66       6               离散机1            51846.12        52972.12        1126.00        

工件 67:
  67       0               打印机5            0.00            38597.00        38597.00       
  67       1               批处理机2           38597.00        39661.00        1064.00        
  67       2               离散机5            39661.00        40937.00        1276.00        
  67       3               离散机9            42694.83        44273.83        1579.00        
  67       4               离散机3            46364.00        47926.00        1562.00        
  67       5               离散机7            65479.39        66739.39        1260.00        

工件 68:
  68       0               打印机5            0.00            38597.00        38597.00       
  68       1               批处理机2           38597.00        39661.00        1064.00        
  68       2               离散机7            41162.59        42526.59        1364.00        
  68       3               离散机4            61117.33        62562.33        1445.00        
  68       4               离散机6            64323.33        65471.33        1148.00        

工件 69:
  69       0               打印机1            0.00            14140.51        14140.51       
  69       1               批处理机2           14140.51        15204.51        1064.00        
  69       2               离散机8            16752.51        17958.51        1206.00        
  69       3               离散机7            19563.51        21074.51        1511.00        
  69       4               离散机8            21074.51        22383.51        1309.00        
  69       5               离散机4            22383.51        23397.51        1014.00        
  69       6               离散机8            23397.51        24631.51        1234.00        
  69       7               离散机7            33418.70        35043.70        1625.00        
  69       8               离散机9            47188.00        48186.00        998.00         

工件 70:
  70       0               打印机4            0.00            36934.59        36934.59       
  70       1               批处理机2           36934.59        37998.59        1064.00        
  70       2               离散机10           41206.00        42388.00        1182.00        

工件 71:
  71       0               打印机3            33297.32        40561.83        7264.51        
  71       1               批处理机2           40561.83        41625.83        1064.00        
  71       2               离散机9            41625.83        42694.83        1069.00        
  71       3               离散机4            50174.59        51842.59        1668.00        
  71       4               离散机2            52670.00        53824.00        1154.00        

工件 72:
  72       0               打印机5            38597.00        50794.00        12197.00       
  72       1               批处理机2           50794.00        51858.00        1064.00        
  72       2               离散机4            51858.00        53243.00        1385.00        
  72       3               离散机1            53243.00        54734.00        1491.00        
  72       4               离散机4            56145.00        57404.00        1259.00        
  72       5               离散机7            59566.39        61135.39        1569.00        
  72       6               离散机6            62680.33        64323.33        1643.00        
  72       7               离散机3            64323.33        65654.33        1331.00        
  72       8               离散机5            68990.39        70382.39        1392.00        

工件 73:
  73       0               打印机5            0.00            38597.00        38597.00       
  73       1               批处理机2           38597.00        39661.00        1064.00        
  73       2               离散机1            42561.00        43596.00        1035.00        

工件 74:
  74       0               打印机2            29156.70        54585.33        25428.63       
  74       1               批处理机2           54585.33        55649.33        1064.00        
  74       2               离散机3            56200.36        57229.36        1029.00        
  74       3               离散机7            58321.39        59566.39        1245.00        
  74       4               离散机2            66222.33        67413.33        1191.00        

工件 75:
  75       0               打印机2            0.00            29156.70        29156.70       
  75       1               批处理机2           29156.70        30220.70        1064.00        
  75       2               离散机4            30220.70        31381.70        1161.00        
  75       3               离散机5            34165.70        35717.70        1552.00        
  75       4               离散机1            36384.70        37639.70        1255.00        
  75       5               离散机3            65654.33        67203.33        1549.00        
  75       6               离散机7            67764.39        68682.39        918.00         

工件 76:
  76       0               打印机2            0.00            29156.70        29156.70       
  76       1               批处理机2           29156.70        30220.70        1064.00        

工件 77:
  77       0               打印机1            0.00            14140.51        14140.51       
  77       1               批处理机2           14140.51        15204.51        1064.00        
  77       2               离散机7            15204.51        16353.51        1149.00        
  77       3               离散机6            16353.51        17394.51        1041.00        
  77       4               离散机1            17394.51        18822.51        1428.00        

工件 78:
  78       0               打印机3            40561.83        55704.39        15142.56       
  78       1               批处理机2           55704.39        56768.39        1064.00        
  78       2               离散机8            58138.00        59423.00        1285.00        

工件 79:
  79       0               打印机1            0.00            14140.51        14140.51       
  79       1               批处理机2           14140.51        15204.51        1064.00        
  79       2               离散机7            36594.70        37842.70        1248.00        

工件 80:
  80       0               打印机1            0.00            14140.51        14140.51       
  80       1               批处理机2           14140.51        15204.51        1064.00        

工件 81:
  81       0               打印机5            0.00            38597.00        38597.00       
  81       1               批处理机2           38597.00        39661.00        1064.00        
  81       2               离散机4            45806.59        47365.59        1559.00        
  81       3               离散机8            47365.59        48553.59        1188.00        

工件 82:
  82       0               打印机2            0.00            29156.70        29156.70       
  82       1               批处理机2           29156.70        30220.70        1064.00        
  82       2               离散机3            35682.32        37281.32        1599.00        
  82       3               离散机9            54608.00        55537.00        929.00         

工件 83:
  83       0               打印机1            24332.31        52434.36        28102.05       
  83       1               批处理机2           52434.36        53498.36        1064.00        
  83       2               离散机4            54924.00        56145.00        1221.00        
  83       3               离散机8            56145.00        57131.00        986.00         
  83       4               离散机1            57424.33        58775.33        1351.00        
  83       5               离散机6            65471.33        66451.33        980.00         
  83       6               离散机4            67006.33        68432.33        1426.00        
  83       7               离散机9            68551.33        69952.33        1401.00        

工件 84:
  84       0               打印机5            0.00            38597.00        38597.00       
  84       1               批处理机2           38597.00        39661.00        1064.00        

工件 85:
  85       0               打印机3            0.00            23020.61        23020.61       
  85       1               批处理机2           23020.61        24084.61        1064.00        
  85       2               离散机6            24084.61        25326.61        1242.00        
  85       3               离散机9            31945.70        33616.70        1671.00        

工件 86:
  86       0               打印机5            0.00            38597.00        38597.00       
  86       1               批处理机2           38597.00        39661.00        1064.00        
  86       2               离散机5            42343.00        43487.00        1144.00        
  86       3               离散机3            45044.00        46364.00        1320.00        
  86       4               离散机4            62562.33        64334.33        1772.00        
  86       5               离散机10           68149.33        69346.33        1197.00        

工件 87:
  87       0               打印机3            33297.32        40561.83        7264.51        
  87       1               批处理机2           40561.83        41625.83        1064.00        
  87       2               离散机10           42388.00        44118.00        1730.00        
  87       3               离散机7            44118.00        45761.00        1643.00        
  87       4               离散机6            45972.00        47632.00        1660.00        

工件 88:
  88       0               打印机4            0.00            36934.59        36934.59       
  88       1               批处理机2           36934.59        37998.59        1064.00        
  88       2               离散机7            50638.00        51945.00        1307.00        
  88       3               离散机7            53066.00        54429.00        1363.00        
  88       4               离散机3            61780.39        62910.39        1130.00        

工件 89:
  89       0               打印机3            0.00            23020.61        23020.61       
  89       1               批处理机2           23020.61        24084.61        1064.00        
  89       2               离散机5            24084.61        25854.61        1770.00        
  89       3               离散机1            28502.61        29508.61        1006.00        

工件 90:
  90       0               打印机3            0.00            23020.61        23020.61       
  90       1               批处理机2           23020.61        24084.61        1064.00        
  90       2               离散机5            29573.61        30950.61        1377.00        

工件 91:
  91       0               打印机4            0.00            36934.59        36934.59       
  91       1               批处理机2           36934.59        37998.59        1064.00        
  91       2               离散机5            53887.00        55526.00        1639.00        

工件 92:
  92       0               打印机2            29156.70        54585.33        25428.63       
  92       1               批处理机2           54585.33        55649.33        1064.00        
  92       2               离散机2            55649.33        57205.33        1556.00        
  92       3               离散机3            57229.36        58254.36        1025.00        

工件 93:
  93       0               打印机3            0.00            23020.61        23020.61       
  93       1               批处理机2           23020.61        24084.61        1064.00        
  93       2               离散机2            24084.61        25737.61        1653.00        
  93       3               离散机9            26581.61        27610.61        1029.00        
  93       4               离散机10           27873.31        29362.31        1489.00        
  93       5               离散机8            44421.00        45496.00        1075.00        

工件 94:
  94       0               打印机2            0.00            29156.70        29156.70       
  94       1               批处理机2           29156.70        30220.70        1064.00        
  94       2               离散机6            30220.70        31660.70        1440.00        
  94       3               离散机3            42063.00        43614.00        1551.00        
  94       4               离散机10           49609.00        50528.00        919.00         
  94       5               离散机4            57404.00        58358.00        954.00         
  94       6               离散机2            60987.33        61997.33        1010.00        
  94       7               离散机2            63102.33        64696.33        1594.00        

工件 95:
  95       0               打印机1            0.00            14140.51        14140.51       
  95       1               批处理机2           14140.51        15204.51        1064.00        

工件 96:
  96       0               打印机5            38597.00        50794.00        12197.00       
  96       1               批处理机2           50794.00        51858.00        1064.00        
  96       2               离散机9            51858.00        53142.00        1284.00        
  96       3               离散机4            53243.00        54924.00        1681.00        
  96       4               离散机10           54924.00        56365.00        1441.00        
  96       5               离散机6            56365.00        57820.00        1455.00        
  96       6               离散机9            60175.33        61199.33        1024.00        
  96       7               离散机3            62910.39        64076.39        1166.00        
  96       8               离散机2            68394.33        70096.33        1702.00        

工件 97:
  97       0               打印机1            14140.51        24332.31        10191.79       
  97       1               批处理机2           24332.31        25396.31        1064.00        
  97       2               离散机2            25737.61        27037.61        1300.00        
  97       3               离散机1            27037.61        28502.61        1465.00        
  97       4               离散机6            37589.70        39052.70        1463.00        

工件 98:
  98       0               打印机4            0.00            36934.59        36934.59       
  98       1               批处理机2           36934.59        37998.59        1064.00        

工件 99:
  99       0               打印机2            0.00            29156.70        29156.70       
  99       1               批处理机2           29156.70        30220.70        1064.00        
  99       2               离散机10           30220.70        31517.70        1297.00        
  99       3               离散机3            32826.70        34205.70        1379.00        
  99       4               离散机4            34530.70        35616.70        1086.00        
  99       5               离散机8            35923.70        37351.70        1428.00        
  99       6               离散机10           51705.00        53004.00        1299.00        
  99       7               离散机9            66572.33        67640.33        1068.00        

【机器加工顺序记录】
----------------------------------------------------------------------------------------------------

打印机1:
工件号      工序号             开始时间            结束时间            加工时长           
--------------------------------------------------------------------------------
  3        0               0.00            14140.51        14140.51       
  7        0               0.00            14140.51        14140.51       
  19       0               0.00            14140.51        14140.51       
  26       0               0.00            14140.51        14140.51       
  41       0               0.00            14140.51        14140.51       
  54       0               0.00            14140.51        14140.51       
  55       0               0.00            14140.51        14140.51       
  69       0               0.00            14140.51        14140.51       
  77       0               0.00            14140.51        14140.51       
  79       0               0.00            14140.51        14140.51       
  80       0               0.00            14140.51        14140.51       
  95       0               0.00            14140.51        14140.51       
  17       0               14140.51        24332.31        10191.79       
  49       0               14140.51        24332.31        10191.79       
  56       0               14140.51        24332.31        10191.79       
  97       0               14140.51        24332.31        10191.79       
  1        0               24332.31        52434.36        28102.05       
  6        0               24332.31        52434.36        28102.05       
  37       0               24332.31        52434.36        28102.05       
  39       0               24332.31        52434.36        28102.05       
  46       0               24332.31        52434.36        28102.05       
  61       0               24332.31        52434.36        28102.05       
  62       0               24332.31        52434.36        28102.05       
  83       0               24332.31        52434.36        28102.05       

  机器利用率: 618.44% (忙碌时间: 435269.74 / 总时间: 70382.39)

打印机2:
工件号      工序号             开始时间            结束时间            加工时长           
--------------------------------------------------------------------------------
  5        0               0.00            29156.70        29156.70       
  10       0               0.00            29156.70        29156.70       
  25       0               0.00            29156.70        29156.70       
  34       0               0.00            29156.70        29156.70       
  35       0               0.00            29156.70        29156.70       
  42       0               0.00            29156.70        29156.70       
  44       0               0.00            29156.70        29156.70       
  47       0               0.00            29156.70        29156.70       
  50       0               0.00            29156.70        29156.70       
  53       0               0.00            29156.70        29156.70       
  58       0               0.00            29156.70        29156.70       
  66       0               0.00            29156.70        29156.70       
  75       0               0.00            29156.70        29156.70       
  76       0               0.00            29156.70        29156.70       
  82       0               0.00            29156.70        29156.70       
  94       0               0.00            29156.70        29156.70       
  99       0               0.00            29156.70        29156.70       
  30       0               29156.70        54585.33        25428.63       
  36       0               29156.70        54585.33        25428.63       
  74       0               29156.70        54585.33        25428.63       
  92       0               29156.70        54585.33        25428.63       

  机器利用率: 848.76% (忙碌时间: 597378.46 / 总时间: 70382.39)

打印机3:
工件号      工序号             开始时间            结束时间            加工时长           
--------------------------------------------------------------------------------
  4        0               0.00            23020.61        23020.61       
  11       0               0.00            23020.61        23020.61       
  12       0               0.00            23020.61        23020.61       
  21       0               0.00            23020.61        23020.61       
  22       0               0.00            23020.61        23020.61       
  27       0               0.00            23020.61        23020.61       
  33       0               0.00            23020.61        23020.61       
  57       0               0.00            23020.61        23020.61       
  85       0               0.00            23020.61        23020.61       
  89       0               0.00            23020.61        23020.61       
  90       0               0.00            23020.61        23020.61       
  93       0               0.00            23020.61        23020.61       
  0        0               23020.61        33297.32        10276.71       
  16       0               23020.61        33297.32        10276.71       
  24       0               23020.61        33297.32        10276.71       
  45       0               23020.61        33297.32        10276.71       
  71       0               33297.32        40561.83        7264.51        
  87       0               33297.32        40561.83        7264.51        
  23       0               40561.83        55704.39        15142.56       
  78       0               40561.83        55704.39        15142.56       

  机器利用率: 514.57% (忙碌时间: 362168.29 / 总时间: 70382.39)

打印机4:
工件号      工序号             开始时间            结束时间            加工时长           
--------------------------------------------------------------------------------
  14       0               0.00            36934.59        36934.59       
  15       0               0.00            36934.59        36934.59       
  20       0               0.00            36934.59        36934.59       
  31       0               0.00            36934.59        36934.59       
  32       0               0.00            36934.59        36934.59       
  38       0               0.00            36934.59        36934.59       
  40       0               0.00            36934.59        36934.59       
  51       0               0.00            36934.59        36934.59       
  59       0               0.00            36934.59        36934.59       
  60       0               0.00            36934.59        36934.59       
  70       0               0.00            36934.59        36934.59       
  88       0               0.00            36934.59        36934.59       
  91       0               0.00            36934.59        36934.59       
  98       0               0.00            36934.59        36934.59       
  43       0               36934.59        48222.12        11287.53       
  65       0               36934.59        48222.12        11287.53       

  机器利用率: 766.75% (忙碌时间: 539659.29 / 总时间: 70382.39)

打印机5:
工件号      工序号             开始时间            结束时间            加工时长           
--------------------------------------------------------------------------------
  8        0               0.00            38597.00        38597.00       
  9        0               0.00            38597.00        38597.00       
  13       0               0.00            38597.00        38597.00       
  18       0               0.00            38597.00        38597.00       
  28       0               0.00            38597.00        38597.00       
  29       0               0.00            38597.00        38597.00       
  48       0               0.00            38597.00        38597.00       
  52       0               0.00            38597.00        38597.00       
  63       0               0.00            38597.00        38597.00       
  67       0               0.00            38597.00        38597.00       
  68       0               0.00            38597.00        38597.00       
  73       0               0.00            38597.00        38597.00       
  81       0               0.00            38597.00        38597.00       
  84       0               0.00            38597.00        38597.00       
  86       0               0.00            38597.00        38597.00       
  72       0               38597.00        50794.00        12197.00       
  96       0               38597.00        50794.00        12197.00       
  2        0               50794.00        61591.00        10797.00       
  64       0               50794.00        61591.00        10797.00       

  机器利用率: 887.93% (忙碌时间: 624943.00 / 总时间: 70382.39)

批处理机1:
工件号      工序号             开始时间            结束时间            加工时长           
--------------------------------------------------------------------------------

  机器利用率: 0.00% (忙碌时间: 0.00 / 总时间: 70382.39)

批处理机2:
工件号      工序号             开始时间            结束时间            加工时长           
--------------------------------------------------------------------------------
  3        1               14140.51        15204.51        1064.00        
  7        1               14140.51        15204.51        1064.00        
  19       1               14140.51        15204.51        1064.00        
  26       1               14140.51        15204.51        1064.00        
  41       1               14140.51        15204.51        1064.00        
  54       1               14140.51        15204.51        1064.00        
  55       1               14140.51        15204.51        1064.00        
  69       1               14140.51        15204.51        1064.00        
  77       1               14140.51        15204.51        1064.00        
  79       1               14140.51        15204.51        1064.00        
  80       1               14140.51        15204.51        1064.00        
  95       1               14140.51        15204.51        1064.00        
  4        1               23020.61        24084.61        1064.00        
  11       1               23020.61        24084.61        1064.00        
  12       1               23020.61        24084.61        1064.00        
  21       1               23020.61        24084.61        1064.00        
  22       1               23020.61        24084.61        1064.00        
  27       1               23020.61        24084.61        1064.00        
  33       1               23020.61        24084.61        1064.00        
  57       1               23020.61        24084.61        1064.00        
  85       1               23020.61        24084.61        1064.00        
  89       1               23020.61        24084.61        1064.00        
  90       1               23020.61        24084.61        1064.00        
  93       1               23020.61        24084.61        1064.00        
  17       1               24332.31        25396.31        1064.00        
  49       1               24332.31        25396.31        1064.00        
  56       1               24332.31        25396.31        1064.00        
  97       1               24332.31        25396.31        1064.00        
  5        1               29156.70        30220.70        1064.00        
  10       1               29156.70        30220.70        1064.00        
  25       1               29156.70        30220.70        1064.00        
  34       1               29156.70        30220.70        1064.00        
  35       1               29156.70        30220.70        1064.00        
  42       1               29156.70        30220.70        1064.00        
  44       1               29156.70        30220.70        1064.00        
  47       1               29156.70        30220.70        1064.00        
  50       1               29156.70        30220.70        1064.00        
  53       1               29156.70        30220.70        1064.00        
  58       1               29156.70        30220.70        1064.00        
  66       1               29156.70        30220.70        1064.00        
  75       1               29156.70        30220.70        1064.00        
  76       1               29156.70        30220.70        1064.00        
  82       1               29156.70        30220.70        1064.00        
  94       1               29156.70        30220.70        1064.00        
  99       1               29156.70        30220.70        1064.00        
  0        1               33297.32        34361.32        1064.00        
  16       1               33297.32        34361.32        1064.00        
  24       1               33297.32        34361.32        1064.00        
  45       1               33297.32        34361.32        1064.00        
  14       1               36934.59        37998.59        1064.00        
  15       1               36934.59        37998.59        1064.00        
  20       1               36934.59        37998.59        1064.00        
  31       1               36934.59        37998.59        1064.00        
  32       1               36934.59        37998.59        1064.00        
  38       1               36934.59        37998.59        1064.00        
  40       1               36934.59        37998.59        1064.00        
  51       1               36934.59        37998.59        1064.00        
  59       1               36934.59        37998.59        1064.00        
  60       1               36934.59        37998.59        1064.00        
  70       1               36934.59        37998.59        1064.00        
  88       1               36934.59        37998.59        1064.00        
  91       1               36934.59        37998.59        1064.00        
  98       1               36934.59        37998.59        1064.00        
  8        1               38597.00        39661.00        1064.00        
  9        1               38597.00        39661.00        1064.00        
  13       1               38597.00        39661.00        1064.00        
  18       1               38597.00        39661.00        1064.00        
  28       1               38597.00        39661.00        1064.00        
  29       1               38597.00        39661.00        1064.00        
  48       1               38597.00        39661.00        1064.00        
  52       1               38597.00        39661.00        1064.00        
  63       1               38597.00        39661.00        1064.00        
  67       1               38597.00        39661.00        1064.00        
  68       1               38597.00        39661.00        1064.00        
  73       1               38597.00        39661.00        1064.00        
  81       1               38597.00        39661.00        1064.00        
  84       1               38597.00        39661.00        1064.00        
  86       1               38597.00        39661.00        1064.00        
  71       1               40561.83        41625.83        1064.00        
  87       1               40561.83        41625.83        1064.00        
  43       1               48222.12        49286.12        1064.00        
  65       1               48222.12        49286.12        1064.00        
  72       1               50794.00        51858.00        1064.00        
  96       1               50794.00        51858.00        1064.00        
  1        1               52434.36        53498.36        1064.00        
  6        1               52434.36        53498.36        1064.00        
  37       1               52434.36        53498.36        1064.00        
  39       1               52434.36        53498.36        1064.00        
  46       1               52434.36        53498.36        1064.00        
  61       1               52434.36        53498.36        1064.00        
  62       1               52434.36        53498.36        1064.00        
  83       1               52434.36        53498.36        1064.00        
  30       1               54585.33        55649.33        1064.00        
  36       1               54585.33        55649.33        1064.00        
  74       1               54585.33        55649.33        1064.00        
  92       1               54585.33        55649.33        1064.00        
  23       1               55704.39        56768.39        1064.00        
  78       1               55704.39        56768.39        1064.00        
  2        1               61591.00        62655.00        1064.00        
  64       1               61591.00        62655.00        1064.00        

  机器利用率: 151.17% (忙碌时间: 106400.00 / 总时间: 70382.39)

离散机1:
工件号      工序号             开始时间            结束时间            加工时长           
--------------------------------------------------------------------------------
  3        2               15204.51        16136.51        932.00         
  77       4               17394.51        18822.51        1428.00        
  7        4               19174.51        20100.51        926.00         
  4        2               24084.61        25217.61        1133.00        
  55       7               25217.61        26615.61        1398.00        
  97       3               27037.61        28502.61        1465.00        
  89       3               28502.61        29508.61        1006.00        
  5        2               30220.70        31893.70        1673.00        
  34       3               31984.70        33378.70        1394.00        
  5        4               33378.70        35081.70        1703.00        
  66       2               35081.70        36384.70        1303.00        
  75       4               36384.70        37639.70        1255.00        
  31       2               37998.59        39412.59        1414.00        
  52       2               39661.00        40779.00        1118.00        
  16       3               40779.00        42561.00        1782.00        
  73       2               42561.00        43596.00        1035.00        
  52       4               43596.59        44618.59        1022.00        
  29       2               44618.59        45804.59        1186.00        
  52       5               45804.59        47359.59        1555.00        
  25       5               47359.59        48405.59        1046.00        
  35       3               48405.59        49506.59        1101.00        
  43       3               50324.12        51780.12        1456.00        
  66       6               51846.12        52972.12        1126.00        
  72       3               53243.00        54734.00        1491.00        
  36       2               55649.33        57424.33        1775.00        
  83       4               57424.33        58775.33        1351.00        
  43       5               58775.33        59871.33        1096.00        
  8        6               59871.33        60904.33        1033.00        
  65       5               60904.33        62065.33        1161.00        
  46       5               62065.33        63001.33        936.00         
  6        5               63001.33        64709.33        1708.00        
  46       6               64709.33        65781.33        1072.00        
  47       8               65781.33        67088.33        1307.00        

  机器利用率: 60.22% (忙碌时间: 42387.00 / 总时间: 70382.39)

离散机2:
工件号      工序号             开始时间            结束时间            加工时长           
--------------------------------------------------------------------------------
  7        2               15204.51        16192.51        988.00         
  41       3               16752.51        18449.51        1697.00        
  54       2               18449.51        19408.51        959.00         
  3        4               19657.51        20655.51        998.00         
  41       5               20655.51        21774.51        1119.00        
  7        5               21774.51        23119.51        1345.00        
  93       2               24084.61        25737.61        1653.00        
  97       2               25737.61        27037.61        1300.00        
  41       7               27037.61        28772.61        1735.00        
  3        6               28772.61        30137.61        1365.00        
  58       2               30220.70        31308.70        1088.00        
  47       2               31308.70        32561.70        1253.00        
  17       6               32561.70        34184.70        1623.00        
  16       2               34361.32        36151.32        1790.00        
  10       5               36151.32        37880.32        1729.00        
  15       2               37998.59        39597.59        1599.00        
  32       2               39597.59        40728.59        1131.00        
  15       4               41162.59        42252.59        1090.00        
  5        5               42252.59        43423.59        1171.00        
  17       7               43423.59        44394.59        971.00         
  59       5               44838.59        45804.59        966.00         
  0        4               45804.59        47203.59        1399.00        
  8        4               47760.00        49371.00        1611.00        
  52       6               49371.00        50386.00        1015.00        
  8        5               50386.00        51770.00        1384.00        
  5        6               51770.00        52670.00        900.00         
  71       4               52670.00        53824.00        1154.00        
  20       6               53824.00        55296.00        1472.00        
  92       2               55649.33        57205.33        1556.00        
  6        3               57205.33        58870.33        1665.00        
  1        4               58870.33        59794.33        924.00         
  6        4               59794.33        60987.33        1193.00        
  94       6               60987.33        61997.33        1010.00        
  47       7               61997.33        63102.33        1105.00        
  94       7               63102.33        64696.33        1594.00        
  39       4               64696.33        66222.33        1526.00        
  74       4               66222.33        67413.33        1191.00        
  13       7               67413.33        68394.33        981.00         
  96       8               68394.33        70096.33        1702.00        

  机器利用率: 72.39% (忙碌时间: 50952.00 / 总时间: 70382.39)

离散机3:
工件号      工序号             开始时间            结束时间            加工时长           
--------------------------------------------------------------------------------
  55       5               19563.51        21102.51        1539.00        
  26       4               21102.51        22252.51        1150.00        
  26       5               22252.51        23861.51        1609.00        
  11       2               24084.61        25465.61        1381.00        
  21       3               25638.61        26756.61        1118.00        
  4        4               26764.61        27995.61        1231.00        
  25       2               30220.70        31141.70        921.00         
  58       3               31308.70        32826.70        1518.00        
  99       3               32826.70        34205.70        1379.00        
  45       2               34361.32        35682.32        1321.00        
  82       2               35682.32        37281.32        1599.00        
  24       3               37281.32        38680.32        1399.00        
  0        2               38680.32        39580.32        900.00         
  13       2               39661.00        41118.00        1457.00        
  59       3               41118.00        42063.00        945.00         
  94       3               42063.00        43614.00        1551.00        
  14       5               43614.00        45044.00        1430.00        
  86       3               45044.00        46364.00        1320.00        
  67       4               46364.00        47926.00        1562.00        
  31       4               47926.00        49249.00        1323.00        
  43       2               49286.12        50324.12        1038.00        
  15       6               50324.12        51554.12        1230.00        
  43       4               51780.12        53075.12        1295.00        
  1        2               53498.36        54533.36        1035.00        
  6        2               54533.36        56200.36        1667.00        
  74       2               56200.36        57229.36        1029.00        
  92       3               57229.36        58254.36        1025.00        
  23       3               58321.39        59418.39        1097.00        
  30       4               59418.39        60337.39        919.00         
  47       6               60337.39        61780.39        1443.00        
  88       4               61780.39        62910.39        1130.00        
  96       7               62910.39        64076.39        1166.00        
  72       7               64323.33        65654.33        1331.00        
  75       5               65654.33        67203.33        1549.00        
  25       7               67203.33        68940.33        1737.00        
  46       7               68940.33        70174.33        1234.00        

  机器利用率: 66.18% (忙碌时间: 46578.00 / 总时间: 70382.39)

离散机4:
工件号      工序号             开始时间            结束时间            加工时长           
--------------------------------------------------------------------------------
  41       4               18449.51        19352.51        903.00         
  69       5               22383.51        23397.51        1014.00        
  11       4               26581.61        28236.61        1655.00        
  75       2               30220.70        31381.70        1161.00        
  25       3               31381.70        33135.70        1754.00        
  42       2               33135.70        34530.70        1395.00        
  99       4               34530.70        35616.70        1086.00        
  25       4               35616.70        36701.70        1085.00        
  33       5               36701.70        37699.70        998.00         
  14       2               37998.59        39414.59        1416.00        
  51       2               39414.59        40577.59        1163.00        
  14       3               40577.59        41801.59        1224.00        
  52       3               41801.59        43596.59        1795.00        
  59       4               43596.59        44838.59        1242.00        
  9        3               44838.59        45806.59        968.00         
  81       2               45806.59        47365.59        1559.00        
  40       5               47365.59        48469.59        1104.00        
  0        5               48469.59        50174.59        1705.00        
  71       3               50174.59        51842.59        1668.00        
  72       2               51858.00        53243.00        1385.00        
  96       3               53243.00        54924.00        1681.00        
  83       2               54924.00        56145.00        1221.00        
  72       4               56145.00        57404.00        1259.00        
  94       5               57404.00        58358.00        954.00         
  36       4               58430.33        59719.33        1289.00        
  28       5               59719.33        61117.33        1398.00        
  68       3               61117.33        62562.33        1445.00        
  86       4               62562.33        64334.33        1772.00        
  40       6               64334.33        65655.33        1321.00        
  24       8               65655.33        67006.33        1351.00        
  83       6               67006.33        68432.33        1426.00        
  8        7               68432.33        70093.33        1661.00        

  机器利用率: 61.18% (忙碌时间: 43058.00 / 总时间: 70382.39)

离散机5:
工件号      工序号             开始时间            结束时间            加工时长           
--------------------------------------------------------------------------------
  89       2               24084.61        25854.61        1770.00        
  33       3               26832.61        27896.61        1064.00        
  11       5               28236.61        29573.61        1337.00        
  90       2               29573.61        30950.61        1377.00        
  10       3               31945.70        33013.70        1068.00        
  47       3               33013.70        34165.70        1152.00        
  75       3               34165.70        35717.70        1552.00        
  58       5               35717.70        36927.70        1210.00        
  45       4               37339.32        38553.32        1214.00        
  60       2               38553.32        39651.32        1098.00        
  67       2               39661.00        40937.00        1276.00        
  32       3               40937.00        42343.00        1406.00        
  86       2               42343.00        43487.00        1144.00        
  20       3               43487.00        44712.00        1225.00        
  8        2               44712.00        45968.00        1256.00        
  13       4               45968.00        47644.00        1676.00        
  24       4               47644.00        48710.00        1066.00        
  32       4               48710.00        49918.00        1208.00        
  47       5               49918.00        51256.00        1338.00        
  13       5               51256.00        52305.00        1049.00        
  28       3               52305.00        53887.00        1582.00        
  91       2               53887.00        55526.00        1639.00        
  15       7               55526.00        56439.00        913.00         
  37       3               56439.00        57640.00        1201.00        
  26       9               57640.00        59136.00        1496.00        
  32       6               59136.00        60141.00        1005.00        
  30       5               60337.39        61261.39        924.00         
  30       6               61261.39        62435.39        1174.00        
  30       7               62435.39        63578.39        1143.00        
  33       6               63578.39        64517.39        939.00         
  23       7               64517.39        66218.39        1701.00        
  32       7               66218.39        67752.39        1534.00        
  23       8               67752.39        68990.39        1238.00        
  72       8               68990.39        70382.39        1392.00        

  机器利用率: 61.62% (忙碌时间: 43367.00 / 总时间: 70382.39)

离散机6:
工件号      工序号             开始时间            结束时间            加工时长           
--------------------------------------------------------------------------------
  77       3               16353.51        17394.51        1041.00        
  26       3               18027.51        19169.51        1142.00        
  85       2               24084.61        25326.61        1242.00        
  49       2               25396.31        26845.31        1449.00        
  17       3               26845.31        28083.31        1238.00        
  57       2               28083.31        29209.31        1126.00        
  33       4               29209.31        30118.31        909.00         
  94       2               30220.70        31660.70        1440.00        
  49       3               31660.70        32606.70        946.00         
  10       4               33013.70        34529.70        1516.00        
  58       4               34529.70        35638.70        1109.00        
  53       2               35638.70        36603.70        965.00         
  44       2               36603.70        37589.70        986.00         
  97       4               37589.70        39052.70        1463.00        
  40       4               40419.59        41799.59        1380.00        
  14       4               41801.59        42892.59        1091.00        
  45       6               42892.59        44402.59        1510.00        
  20       4               44712.00        45972.00        1260.00        
  87       4               45972.00        47632.00        1660.00        
  17       8               47632.00        48551.00        919.00         
  24       5               48710.00        50108.00        1398.00        
  32       5               50108.00        51308.00        1200.00        
  21       4               51308.00        52873.00        1565.00        
  39       2               53498.36        55152.36        1654.00        
  46       3               55152.36        56155.36        1003.00        
  96       5               56365.00        57820.00        1455.00        
  14       7               57820.00        59032.00        1212.00        
  23       4               59418.39        60995.39        1577.00        
  36       6               61135.33        62680.33        1545.00        
  72       6               62680.33        64323.33        1643.00        
  68       4               64323.33        65471.33        1148.00        
  83       5               65471.33        66451.33        980.00         
  28       6               66451.33        67482.33        1031.00        
  43       6               67482.33        68519.33        1037.00        
  37       4               68519.33        69710.33        1191.00        

  机器利用率: 62.56% (忙碌时间: 44031.00 / 总时间: 70382.39)

离散机7:
工件号      工序号             开始时间            结束时间            加工时长           
--------------------------------------------------------------------------------
  77       2               15204.51        16353.51        1149.00        
  26       2               16353.51        18027.51        1674.00        
  55       4               18395.51        19563.51        1168.00        
  69       3               19563.51        21074.51        1511.00        
  55       6               21102.51        22712.51        1610.00        
  41       6               22712.51        23984.51        1272.00        
  21       2               24084.61        25638.61        1554.00        
  33       2               25638.61        26832.61        1194.00        
  3        5               26832.61        27923.61        1091.00        
  4        5               27995.61        29431.61        1436.00        
  34       2               30220.70        31984.70        1764.00        
  19       2               31984.70        33418.70        1434.00        
  69       7               33418.70        35043.70        1625.00        
  49       4               35043.70        36594.70        1551.00        
  79       2               36594.70        37842.70        1248.00        
  20       2               37998.59        39180.59        1182.00        
  15       3               39597.59        41162.59        1565.00        
  68       2               41162.59        42526.59        1364.00        
  9        2               42526.59        43811.59        1285.00        
  87       3               44118.00        45761.00        1643.00        
  8        3               45968.00        47760.00        1792.00        
  15       5               47760.00        49169.00        1409.00        
  59       6               49169.00        50638.00        1469.00        
  88       2               50638.00        51945.00        1307.00        
  14       6               51945.00        53066.00        1121.00        
  88       3               53066.00        54429.00        1363.00        
  1        3               54533.36        56315.36        1782.00        
  23       2               56768.39        58321.39        1553.00        
  74       3               58321.39        59566.39        1245.00        
  72       5               59566.39        61135.39        1569.00        
  39       3               61135.39        62847.39        1712.00        
  36       7               62847.39        63868.39        1021.00        
  13       6               63868.39        65479.39        1611.00        
  67       5               65479.39        66739.39        1260.00        
  65       6               66739.39        67764.39        1025.00        
  75       6               67764.39        68682.39        918.00         
  30       9               68682.39        69822.39        1140.00        

  机器利用率: 73.34% (忙碌时间: 51617.00 / 总时间: 70382.39)

离散机8:
工件号      工序号             开始时间            结束时间            加工时长           
--------------------------------------------------------------------------------
  41       2               15204.51        16752.51        1548.00        
  69       2               16752.51        17958.51        1206.00        
  7        3               17958.51        19174.51        1216.00        
  69       4               21074.51        22383.51        1309.00        
  69       6               23397.51        24631.51        1234.00        
  4        3               25217.61        26764.61        1547.00        
  26       6               26764.61        28402.61        1638.00        
  4        6               29431.61        30889.61        1458.00        
  57       3               30889.61        31876.61        987.00         
  5        3               31893.70        33189.70        1296.00        
  35       2               33189.70        34907.70        1718.00        
  11       6               34907.70        35923.70        1016.00        
  99       5               35923.70        37351.70        1428.00        
  40       2               37998.59        39109.59        1111.00        
  45       5               39109.59        40606.59        1497.00        
  13       3               41118.00        42156.00        1038.00        
  31       3               42156.00        43088.00        932.00         
  10       6               43088.00        44421.00        1333.00        
  93       5               44421.00        45496.00        1075.00        
  29       3               45804.59        46983.59        1179.00        
  81       3               47365.59        48553.59        1188.00        
  66       4               48553.59        49804.59        1251.00        
  24       7               51705.00        53123.00        1418.00        
  46       2               53498.36        55129.36        1631.00        
  65       4               55129.36        56038.36        909.00         
  83       3               56145.00        57131.00        986.00         
  30       3               57131.00        58138.00        1007.00        
  78       2               58138.00        59423.00        1285.00        
  36       5               59719.33        61135.33        1416.00        
  62       2               61135.33        62631.33        1496.00        
  5        7               62631.33        64108.33        1477.00        
  36       8               64108.33        65216.33        1108.00        
  14       9               65216.33        66834.33        1618.00        

  机器利用率: 60.46% (忙碌时间: 42556.00 / 总时间: 70382.39)

离散机9:
工件号      工序号             开始时间            结束时间            加工时长           
--------------------------------------------------------------------------------
  7        6               23119.51        24581.51        1462.00        
  11       3               25465.61        26581.61        1116.00        
  93       3               26581.61        27610.61        1029.00        
  17       4               28083.31        29068.31        985.00         
  17       5               29068.31        30074.31        1006.00        
  10       2               30220.70        31945.70        1725.00        
  85       3               31945.70        33616.70        1671.00        
  26       7               33616.70        34617.70        1001.00        
  26       8               34617.70        35681.70        1064.00        
  45       3               35682.32        37339.32        1657.00        
  34       4               37339.32        38824.32        1485.00        
  40       3               39109.59        40419.59        1310.00        
  18       2               40419.59        41561.59        1142.00        
  71       2               41625.83        42694.83        1069.00        
  67       3               42694.83        44273.83        1579.00        
  45       7               44402.59        45842.59        1440.00        
  20       5               45972.00        47188.00        1216.00        
  69       8               47188.00        48186.00        998.00         
  53       3               48186.00        49216.00        1030.00        
  65       2               49286.12        50692.12        1406.00        
  66       5               50692.12        51846.12        1154.00        
  96       2               51858.00        53142.00        1284.00        
  65       3               53142.00        54608.00        1466.00        
  82       3               54608.00        55537.00        929.00         
  30       2               55649.33        56748.33        1099.00        
  31       5               56748.33        58457.33        1709.00        
  25       6               58457.33        60175.33        1718.00        
  96       6               60175.33        61199.33        1024.00        
  31       6               61199.33        62366.33        1167.00        
  23       6               62879.33        63976.33        1097.00        
  64       2               63976.33        65177.33        1201.00        
  30       8               65177.33        66572.33        1395.00        
  99       7               66572.33        67640.33        1068.00        
  45       8               67640.33        68551.33        911.00         
  83       7               68551.33        69952.33        1401.00        

  机器利用率: 62.54% (忙碌时间: 44014.00 / 总时间: 70382.39)

离散机10:
工件号      工序号             开始时间            结束时间            加工时长           
--------------------------------------------------------------------------------
  55       2               15204.51        16933.51        1729.00        
  55       3               16933.51        18395.51        1462.00        
  3        3               18395.51        19657.51        1262.00        
  17       2               25396.31        26350.31        954.00         
  12       2               26350.31        27873.31        1523.00        
  93       4               27873.31        29362.31        1489.00        
  99       2               30220.70        31517.70        1297.00        
  50       2               31517.70        32645.70        1128.00        
  4        7               32645.70        34325.70        1680.00        
  24       2               34361.32        36153.32        1792.00        
  47       4               36153.32        37203.32        1050.00        
  59       2               37998.59        39386.59        1388.00        
  28       2               39661.00        41206.00        1545.00        
  70       2               41206.00        42388.00        1182.00        
  87       2               42388.00        44118.00        1730.00        
  0        3               44118.00        45324.00        1206.00        
  42       3               45324.00        46521.00        1197.00        
  66       3               46521.00        48170.00        1649.00        
  48       2               48170.00        49609.00        1439.00        
  94       4               49609.00        50528.00        919.00         
  24       6               50528.00        51705.00        1177.00        
  99       6               51705.00        53004.00        1299.00        
  37       2               53498.36        54771.36        1273.00        
  96       4               54924.00        56365.00        1441.00        
  52       7               56365.00        57288.00        923.00         
  36       3               57424.33        58430.33        1006.00        
  28       4               58430.33        59638.33        1208.00        
  46       4               59638.33        61274.33        1636.00        
  23       5               61274.33        62879.33        1605.00        
  14       8               62879.33        64136.33        1257.00        
  2        2               64136.33        65316.33        1180.00        
  33       7               65316.33        66723.33        1407.00        
  39       5               66723.33        68149.33        1426.00        
  86       5               68149.33        69346.33        1197.00        

  机器利用率: 64.87% (忙碌时间: 45656.00 / 总时间: 70382.39)

【打印批次详细信息】
----------------------------------------------------------------------------------------------------

打印机 1 (尺寸: 1033.0 x 412.0 x 635.0):
--------------------------------------------------------------------------------
  批次 1: 零件数=12, 占用率=89.72%
    - 3: 尺寸 114.0 x 130.0 x 98.0
    - 77: 尺寸 509.0 x 204.0 x 43.0
    - 79: 尺寸 382.0 x 155.0 x 83.0
    - 80: 尺寸 106.0 x 152.0 x 19.0
    - 26: 尺寸 353.0 x 115.0 x 50.0
    - 54: 尺寸 529.0 x 120.0 x 52.0
    - 19: 尺寸 220.0 x 58.0 x 76.0
    - 55: 尺寸 72.0 x 93.0 x 88.0
    - 7: 尺寸 105.0 x 98.0 x 89.0
    - 95: 尺寸 202.0 x 55.0 x 55.0
    - 69: 尺寸 101.0 x 76.0 x 43.0
    - 41: 尺寸 420.0 x 84.0 x 65.0
  批次 2: 零件数=4, 占用率=91.43%
    - 56: 尺寸 312.0 x 305.0 x 32.0
    - 17: 尺寸 668.0 x 227.0 x 36.0
    - 49: 尺寸 720.0 x 166.0 x 70.0
    - 97: 尺寸 213.0 x 107.0 x 56.0
  批次 3: 零件数=8, 占用率=95.23%
    - 62: 尺寸 188.0 x 133.0 x 95.0
    - 83: 尺寸 441.0 x 153.0 x 197.0
    - 39: 尺寸 396.0 x 158.0 x 123.0
    - 37: 尺寸 179.0 x 208.0 x 109.0
    - 46: 尺寸 389.0 x 123.0 x 52.0
    - 1: 尺寸 465.0 x 126.0 x 96.0
    - 6: 尺寸 306.0 x 134.0 x 68.0
    - 61: 尺寸 533.0 x 123.0 x 54.0

打印机 2 (尺寸: 1163.0 x 587.0 x 663.0):
--------------------------------------------------------------------------------
  批次 1: 零件数=17, 占用率=90.77%
    - 35: 尺寸 106.0 x 96.0 x 48.0
    - 42: 尺寸 86.0 x 114.0 x 61.0
    - 99: 尺寸 390.0 x 203.0 x 186.0
    - 53: 尺寸 142.0 x 121.0 x 188.0
    - 66: 尺寸 438.0 x 139.0 x 124.0
    - 44: 尺寸 103.0 x 79.0 x 14.0
    - 94: 尺寸 86.0 x 78.0 x 15.0
    - 34: 尺寸 118.0 x 206.0 x 193.0
    - 75: 尺寸 460.0 x 290.0 x 105.0
    - 5: 尺寸 63.0 x 187.0 x 153.0
    - 47: 尺寸 51.0 x 178.0 x 176.0
    - 76: 尺寸 165.0 x 168.0 x 18.0
    - 58: 尺寸 246.0 x 181.0 x 77.0
    - 50: 尺寸 123.0 x 185.0 x 171.0
    - 82: 尺寸 191.0 x 198.0 x 181.0
    - 25: 尺寸 207.0 x 202.0 x 33.0
    - 10: 尺寸 480.0 x 155.0 x 175.0
  批次 2: 零件数=4, 占用率=74.65%
    - 74: 尺寸 488.0 x 192.0 x 92.0
    - 36: 尺寸 468.0 x 164.0 x 153.0
    - 92: 尺寸 440.0 x 247.0 x 168.0
    - 30: 尺寸 686.0 x 336.0 x 90.0

打印机 3 (尺寸: 941.0 x 424.0 x 663.0):
--------------------------------------------------------------------------------
  批次 1: 零件数=12, 占用率=84.88%
    - 12: 尺寸 132.0 x 99.0 x 97.0
    - 89: 尺寸 233.0 x 185.0 x 23.0
    - 27: 尺寸 565.0 x 191.0 x 59.0
    - 11: 尺寸 123.0 x 306.0 x 35.0
    - 90: 尺寸 241.0 x 85.0 x 93.0
    - 93: 尺寸 291.0 x 139.0 x 38.0
    - 57: 尺寸 114.0 x 139.0 x 92.0
    - 33: 尺寸 143.0 x 98.0 x 20.0
    - 21: 尺寸 109.0 x 53.0 x 36.0
    - 4: 尺寸 148.0 x 136.0 x 21.0
    - 22: 尺寸 69.0 x 106.0 x 68.0
    - 85: 尺寸 205.0 x 63.0 x 96.0
  批次 2: 零件数=4, 占用率=56.77%
    - 0: 尺寸 268.0 x 250.0 x 27.0
    - 24: 尺寸 187.0 x 173.0 x 33.0
    - 16: 尺寸 441.0 x 143.0 x 42.0
    - 45: 尺寸 266.0 x 241.0 x 26.0
  批次 3: 零件数=2, 占用率=69.95%
    - 71: 尺寸 699.0 x 267.0 x 29.0
    - 87: 尺寸 690.0 x 134.0 x 26.0
  批次 4: 零件数=2, 占用率=46.62%
    - 23: 尺寸 422.0 x 283.0 x 63.0
    - 78: 尺寸 257.0 x 259.0 x 55.0

打印机 4 (尺寸: 1081.0 x 523.0 x 615.0):
--------------------------------------------------------------------------------
  批次 1: 零件数=14, 占用率=86.63%
    - 15: 尺寸 255.0 x 172.0 x 44.0
    - 38: 尺寸 144.0 x 118.0 x 155.0
    - 70: 尺寸 217.0 x 139.0 x 55.0
    - 59: 尺寸 229.0 x 159.0 x 122.0
    - 14: 尺寸 183.0 x 98.0 x 54.0
    - 91: 尺寸 179.0 x 133.0 x 39.0
    - 98: 尺寸 197.0 x 134.0 x 63.0
    - 20: 尺寸 89.0 x 142.0 x 104.0
    - 40: 尺寸 122.0 x 148.0 x 103.0
    - 60: 尺寸 170.0 x 363.0 x 19.0
    - 51: 尺寸 173.0 x 135.0 x 83.0
    - 32: 尺寸 66.0 x 98.0 x 75.0
    - 31: 尺寸 355.0 x 260.0 x 20.0
    - 88: 尺寸 385.0 x 207.0 x 83.0
  批次 2: 零件数=2, 占用率=60.08%
    - 65: 尺寸 688.0 x 246.0 x 28.0
    - 43: 尺寸 713.0 x 239.0 x 46.0

打印机 5 (尺寸: 1118.0 x 504.0 x 631.0):
--------------------------------------------------------------------------------
  批次 1: 零件数=15, 占用率=80.08%
    - 8: 尺寸 155.0 x 115.0 x 87.0
    - 67: 尺寸 121.0 x 144.0 x 191.0
    - 86: 尺寸 349.0 x 205.0 x 127.0
    - 48: 尺寸 200.0 x 205.0 x 83.0
    - 28: 尺寸 148.0 x 108.0 x 40.0
    - 29: 尺寸 137.0 x 302.0 x 33.0
    - 84: 尺寸 148.0 x 132.0 x 176.0
    - 9: 尺寸 149.0 x 101.0 x 45.0
    - 52: 尺寸 59.0 x 170.0 x 100.0
    - 63: 尺寸 195.0 x 163.0 x 52.0
    - 68: 尺寸 413.0 x 227.0 x 174.0
    - 18: 尺寸 134.0 x 207.0 x 86.0
    - 73: 尺寸 159.0 x 177.0 x 112.0
    - 81: 尺寸 134.0 x 93.0 x 170.0
    - 13: 尺寸 87.0 x 87.0 x 191.0
  批次 2: 零件数=2, 占用率=58.45%
    - 96: 尺寸 711.0 x 335.0 x 59.0
    - 72: 尺寸 214.0 x 426.0 x 34.0
  批次 3: 零件数=2, 占用率=44.61%
    - 64: 尺寸 441.0 x 333.0 x 52.0
    - 2: 尺寸 568.0 x 184.0 x 44.0

════════════════════════════════════════════════════════════════
