════════════════════════════════════════════════════════════════
              最优Cmax解的详细调度记录
════════════════════════════════════════════════════════════════

【基本信息】
----------------------------------------------------------------------------------------------------
Cmax (最大完工时间): 72856.00
能耗: 779.21 kWh
装箱质量: 0.2994
批次总数: 14
工件数量: 100
机器数量: 17 (打印机:5, 批处理机:2, 离散机:10)

【染色体编码】
----------------------------------------------------------------------------------------------------
工序序列 (OS): [83, 34, 13, 67, 53, 99, 82, 47, 84, 10, 68, 81, 92, 86, 36, 66, 38, 5, 3, 39, 20, 75, 46, 59, 40, 12, 30, 22, 7, 52, 96, 23, 1, 62, 77, 18, 42, 72, 49, 32, 74, 85, 51, 33, 37, 24, 27, 9, 65, 90, 95, 48, 55, 6, 79, 64, 73, 43, 26, 88, 16, 41, 28, 15, 4, 19, 54, 91, 44, 98, 57, 17, 89, 97, 61, 69, 70, 50, 14, 31, 25, 87, 0, 63, 35, 80, 45, 78, 71, 76, 21, 56, 58, 11, 60, 29, 2, 93, 8, 94, 94, 26, 67, 94, 53, 34, 97, 21, 16, 30, 17, 24, 3, 30, 25, 83, 0, 33, 69, 7, 30, 75, 74, 47, 82, 39, 52, 96, 94, 35, 26, 93, 5, 24, 25, 59, 20, 40, 15, 47, 24, 52, 90, 7, 51, 36, 8, 9, 60, 8, 29, 66, 21, 8, 81, 46, 77, 64, 5, 69, 9, 30, 11, 5, 17, 75, 26, 58, 33, 36, 26, 3, 32, 72, 33, 33, 13, 31, 5, 78, 73, 96, 42, 23, 55, 25, 66, 49, 46, 55, 83, 68, 26, 57, 11, 10, 67, 68, 83, 88, 36, 45, 17, 69, 14, 10, 53, 41, 25, 3, 24, 75, 23, 6, 13, 15, 93, 40, 32, 4, 41, 35, 7, 88, 7, 59, 37, 42, 4, 12, 37, 69, 69, 99, 69, 11, 55, 28, 71, 99, 10, 11, 1, 97, 23, 17, 39, 30, 85, 31, 19, 96, 65, 31, 15, 82, 71, 31, 32, 16, 8, 94, 45, 55, 47, 40, 20, 75, 39, 14, 44, 72, 65, 14, 41, 83, 99, 48, 1, 5, 39, 83, 33, 66, 11, 6, 52, 79, 72, 24, 8, 15, 66, 86, 49, 36, 94, 97, 3, 20, 20, 93, 32, 4, 13, 89, 47, 43, 30, 28, 47, 24, 92, 55, 23, 46, 10, 59, 45, 3, 59, 87, 47, 18, 43, 43, 6, 67, 33, 28, 70, 87, 93, 46, 26, 14, 46, 10, 86, 45, 15, 58, 24, 40, 74, 21, 45, 74, 2, 52, 50, 14, 75, 4, 8, 28, 17, 36, 30, 72, 81, 13, 67, 96, 55, 17, 41, 34, 89, 29, 25, 83, 36, 91, 45, 72, 0, 26, 99, 43, 5, 66, 52, 13, 68, 14, 65, 49, 34, 96, 65, 20, 32, 72, 46, 32, 31, 72, 54, 62, 86, 99, 1, 99, 4, 77, 40, 7, 94, 14, 87, 41, 71, 17, 45, 59, 41, 15, 23, 0, 77, 26, 23, 6, 28, 58, 69, 43, 52, 4, 92, 96, 37, 36, 57, 0, 85, 25, 14, 13, 47, 65, 23, 86, 58, 96, 88, 30]
机器选择 (MS): [1, 2, 1, 1, 1, 2, 1, 2, 2, 5, 2, 4, 4, 2, 2, 4, 1, 1, 3, 5, 5, 4, 4, 1, 1, 4, 1, 5, 2, 3, 1, 2, 5, 2, 4, 1, 2, 2, 5, 3, 4, 1, 1, 1, 3, 3, 4, 5, 4, 3, 5, 5, 3, 2, 1, 5, 2, 2, 5, 5, 5, 4, 4, 2, 1, 1, 4, 3, 2, 3, 4, 3, 4, 2, 4, 1, 1, 2, 1, 5, 4, 1, 5, 5, 3, 2, 5, 3, 1, 5, 5, 1, 5, 2, 5, 5, 3, 3, 3, 3, 2, 3, 1, 2, 1, 1, 1, 3, 1, 1, 1, 2, 2, 1, 2, 1, 3, 1, 1, 1, 1, 2, 1, 1, 3, 3, 1, 1, 1, 1, 2, 1, 2, 1, 1, 1, 1, 2, 1, 1, 2, 3, 1, 1, 3, 1, 2, 1, 1, 2, 3, 3, 2, 1, 1, 1, 2, 1, 2, 3, 2, 1, 2, 3, 1, 1, 3, 2, 2, 2, 2, 1, 3, 1, 2, 1, 1, 2, 1, 2, 1, 1, 2, 2, 2, 1, 2, 2, 3, 2, 1, 1, 3, 2, 1, 2, 1, 1, 1, 1, 1, 1, 2, 1, 2, 2, 2, 1, 3, 1, 1, 2, 1, 1, 2, 1, 3, 2, 2, 1, 1, 2, 2, 3, 1, 1, 1, 3, 3, 1, 1, 2, 1, 1, 1, 1, 3, 2, 1, 1, 1, 2, 1, 2, 2, 2, 2, 1, 1, 1, 1, 1, 2, 1, 1, 1, 1, 3, 3, 1, 1, 2, 1, 1, 1, 1, 1, 2, 3, 1, 2, 1, 1, 2, 2, 1, 1, 1, 1, 3, 2, 2, 1, 2, 2, 1, 1, 1, 1, 2, 1, 1, 1, 2, 1, 1, 2, 1, 1, 2, 1, 1, 1, 1, 1, 2, 3, 1, 1, 1, 1, 1, 1, 1, 2, 1, 1, 1, 1, 1, 1, 1, 2, 2, 1, 1, 1, 1, 1, 2, 1, 1, 1, 1, 1, 1, 2, 1, 3, 1, 2, 1, 1, 2, 1, 1, 1, 3, 1, 3, 1, 2, 3, 1, 1, 3, 1, 3, 2, 1, 1, 3, 3, 1, 2, 2, 1, 1, 1, 1, 1, 1, 1, 2, 1, 1, 1, 2, 2, 1, 1, 1, 1, 1, 1, 1, 1, 1, 3, 3, 3, 1, 3, 2, 2, 1, 1, 1, 1, 1, 1, 2, 1, 2, 1, 1, 1, 1, 1, 1, 1, 2, 1, 1, 2, 1, 1, 1, 2, 1, 2, 2, 1, 2, 1, 3, 1, 1, 3, 1, 1, 1, 1, 1, 1, 1, 1, 1, 3, 2, 1, 1, 1, 1, 2, 2, 1, 1]

【零件加工顺序记录】
----------------------------------------------------------------------------------------------------
工件号      工序号             机器号             开始时间            结束时间            加工时长           
----------------------------------------------------------------------------------------------------

工件 0:
  0        0               打印机5            52394.00        58191.00        5797.00        
  0        1               批处理机2           58191.00        59255.00        1064.00        
  0        2               离散机5            59255.00        60778.00        1523.00        
  0        3               离散机10           63899.12        65105.12        1206.00        
  0        4               离散机1            65900.00        66815.00        915.00         
  0        5               离散机4            71053.35        72758.35        1705.00        

工件 1:
  1        0               打印机5            0.00            35397.00        35397.00       
  1        1               批处理机2           35397.00        36461.00        1064.00        
  1        2               离散机3            47337.36        48372.36        1035.00        
  1        3               离散机7            48372.36        50154.36        1782.00        
  1        4               离散机2            64175.12        65099.12        924.00         

工件 2:
  2        0               打印机3            25801.10        39090.00        13288.90       
  2        1               批处理机2           39090.00        40154.00        1064.00        
  2        2               离散机10           56105.00        57285.00        1180.00        

工件 3:
  3        0               打印机3            0.00            25801.10        25801.10       
  3        1               批处理机2           25801.10        26865.10        1064.00        
  3        2               离散机1            26865.10        27797.10        932.00         
  3        3               离散机7            27797.10        28926.10        1129.00        
  3        4               离散机2            39339.00        40337.00        998.00         
  3        5               离散机7            50154.36        51245.36        1091.00        
  3        6               离散机6            58085.00        59243.00        1158.00        

工件 4:
  4        0               打印机1            0.00            28102.05        28102.05       
  4        1               批处理机2           28102.05        29166.05        1064.00        
  4        2               离散机1            31874.05        33007.05        1133.00        
  4        3               离散机10           33169.10        34517.10        1348.00        
  4        4               离散机3            52695.36        53926.36        1231.00        
  4        5               离散机8            58855.00        59772.00        917.00         
  4        6               离散机2            65099.12        66121.12        1022.00        
  4        7               离散机6            70327.00        71665.00        1338.00        

工件 5:
  5        0               打印机1            0.00            28102.05        28102.05       
  5        1               批处理机2           28102.05        29166.05        1064.00        
  5        2               离散机1            29166.05        30839.05        1673.00        
  5        3               离散机8            32994.05        34290.05        1296.00        
  5        4               离散机2            34290.05        35210.05        920.00         
  5        5               离散机2            35210.05        36381.05        1171.00        
  5        6               离散机2            47404.00        48304.00        900.00         
  5        7               离散机8            66115.12        67592.12        1477.00        

工件 6:
  6        0               打印机2            29156.70        39673.05        10516.35       
  6        1               批处理机1           39673.05        40783.05        1110.00        
  6        2               离散机6            46159.00        47164.00        1005.00        
  6        3               离散机2            48304.00        49969.00        1665.00        
  6        4               离散机2            52708.00        53901.00        1193.00        
  6        5               离散机1            69662.12        71370.12        1708.00        

工件 7:
  7        0               打印机2            0.00            29156.70        29156.70       
  7        1               批处理机1           29156.70        30266.70        1110.00        
  7        2               离散机2            30266.70        31254.70        988.00         
  7        3               离散机8            31778.05        32994.05        1216.00        
  7        4               离散机1            34108.05        35034.05        926.00         
  7        5               离散机2            40337.00        41682.00        1345.00        
  7        6               离散机9            49166.00        50628.00        1462.00        

工件 8:
  8        0               打印机3            0.00            25801.10        25801.10       
  8        1               批处理机2           25801.10        26865.10        1064.00        
  8        2               离散机5            28242.10        29498.10        1256.00        
  8        3               离散机6            30131.05        31158.05        1027.00        
  8        4               离散机2            32507.70        34118.70        1611.00        
  8        5               离散机5            38533.00        39521.00        988.00         
  8        6               离散机1            48789.00        49822.00        1033.00        
  8        7               离散机4            57965.62        59626.62        1661.00        

工件 9:
  9        0               打印机5            0.00            35397.00        35397.00       
  9        1               批处理机2           35397.00        36461.00        1064.00        
  9        2               离散机7            39197.00        40482.00        1285.00        
  9        3               离散机5            40482.00        41395.00        913.00         

工件 10:
  10       0               打印机5            0.00            35397.00        35397.00       
  10       1               批处理机2           35397.00        36461.00        1064.00        
  10       2               离散机6            36461.00        37465.00        1004.00        
  10       3               离散机5            37465.00        38533.00        1068.00        
  10       4               离散机6            38533.00        40049.00        1516.00        
  10       5               离散机2            50979.00        52708.00        1729.00        
  10       6               离散机8            54832.00        56165.00        1333.00        

工件 11:
  11       0               打印机2            29156.70        39673.05        10516.35       
  11       1               批处理机1           39673.05        40783.05        1110.00        
  11       2               离散机3            42557.00        43938.00        1381.00        
  11       3               离散机8            44330.36        45346.36        1016.00        
  11       4               离散机3            46346.36        47337.36        991.00         
  11       5               离散机8            47485.00        48423.00        938.00         
  11       6               离散机8            49674.00        50690.00        1016.00        

工件 12:
  12       0               打印机4            0.00            40464.00        40464.00       
  12       1               批处理机2           40464.00        41528.00        1064.00        
  12       2               离散机10           41528.00        43051.00        1523.00        

工件 13:
  13       0               打印机1            0.00            28102.05        28102.05       
  13       1               批处理机2           28102.05        29166.05        1064.00        
  13       2               离散机3            34786.70        36243.70        1457.00        
  13       3               离散机8            36585.05        37623.05        1038.00        
  13       4               离散机5            49052.00        50728.00        1676.00        
  13       5               离散机5            54506.00        55555.00        1049.00        
  13       6               离散机7            62982.00        64593.00        1611.00        
  13       7               离散机2            71799.12        72780.12        981.00         

工件 14:
  14       0               打印机1            28102.05        41114.36        13012.31       
  14       1               批处理机1           41114.36        42224.36        1110.00        
  14       2               离散机7            43997.00        45300.00        1303.00        
  14       3               离散机4            47205.00        48429.00        1224.00        
  14       4               离散机6            48741.00        49832.00        1091.00        
  14       5               离散机8            53318.00        54832.00        1514.00        
  14       6               离散机8            57662.00        58855.00        1193.00        
  14       7               离散机6            62318.00        63530.00        1212.00        
  14       8               离散机10           68400.12        69657.12        1257.00        
  14       9               离散机8            70518.12        72136.12        1618.00        

工件 15:
  15       0               打印机2            0.00            29156.70        29156.70       
  15       1               批处理机1           29156.70        30266.70        1110.00        
  15       2               离散机8            30372.05        31778.05        1406.00        
  15       3               离散机3            39133.00        40122.00        989.00         
  15       4               离散机2            44788.00        45878.00        1090.00        
  15       5               离散机6            49832.00        51158.00        1326.00        
  15       6               离散机3            64027.12        65257.12        1230.00        
  15       7               离散机5            67427.12        68340.12        913.00         

工件 16:
  16       0               打印机5            0.00            35397.00        35397.00       
  16       1               批处理机2           35397.00        36461.00        1064.00        
  16       2               离散机2            36461.00        38251.00        1790.00        
  16       3               离散机7            46734.00        48303.00        1569.00        

工件 17:
  17       0               打印机3            25801.10        39090.00        13288.90       
  17       1               批处理机2           39090.00        40154.00        1064.00        
  17       2               离散机10           40154.00        41108.00        954.00         
  17       3               离散机6            42792.00        44030.00        1238.00        
  17       4               离散机9            44030.00        45015.00        985.00         
  17       5               离散机9            45015.00        46021.00        1006.00        
  17       6               离散机5            53085.00        54506.00        1421.00        
  17       7               离散机2            61230.12        62201.12        971.00         
  17       8               离散机6            66231.00        67150.00        919.00         

工件 18:
  18       0               打印机1            28102.05        41114.36        13012.31       
  18       1               批处理机1           41114.36        42224.36        1110.00        
  18       2               离散机9            46021.00        47163.00        1142.00        

工件 19:
  19       0               打印机1            0.00            28102.05        28102.05       
  19       1               批处理机2           28102.05        29166.05        1064.00        
  19       2               离散机7            45300.00        46734.00        1434.00        

工件 20:
  20       0               打印机5            0.00            35397.00        35397.00       
  20       1               批处理机2           35397.00        36461.00        1064.00        
  20       2               离散机7            38015.00        39197.00        1182.00        
  20       3               离散机5            41395.00        42620.00        1225.00        
  20       4               离散机6            51158.00        52418.00        1260.00        
  20       5               离散机9            56297.62        57513.62        1216.00        
  20       6               离散机10           65105.12        66025.12        920.00         

工件 21:
  21       0               打印机5            0.00            35397.00        35397.00       
  21       1               批处理机2           35397.00        36461.00        1064.00        
  21       2               离散机7            36461.00        38015.00        1554.00        
  21       3               离散机3            38015.00        39133.00        1118.00        
  21       4               离散机6            59243.00        60808.00        1565.00        

工件 22:
  22       0               打印机5            0.00            35397.00        35397.00       
  22       1               批处理机2           35397.00        36461.00        1064.00        

工件 23:
  23       0               打印机2            29156.70        39673.05        10516.35       
  23       1               批处理机1           39673.05        40783.05        1110.00        
  23       2               离散机9            40783.05        41823.05        1040.00        
  23       3               离散机3            45249.36        46346.36        1097.00        
  23       4               离散机6            47164.00        48741.00        1577.00        
  23       5               离散机10           48830.00        50435.00        1605.00        
  23       6               离散机9            60187.62        61284.62        1097.00        
  23       7               离散机3            68009.12        69625.12        1616.00        
  23       8               离散机5            70013.35        71251.35        1238.00        

工件 24:
  24       0               打印机3            0.00            25801.10        25801.10       
  24       1               批处理机2           25801.10        26865.10        1064.00        
  24       2               离散机3            26865.10        28195.10        1330.00        
  24       3               离散机3            33387.70        34786.70        1399.00        
  24       4               离散机5            34786.70        35852.70        1066.00        
  24       5               离散机4            39795.05        41187.05        1392.00        
  24       6               离散机10           43051.00        44228.00        1177.00        
  24       7               离散机8            50690.00        52108.00        1418.00        
  24       8               离散机7            55132.00        56541.00        1409.00        

工件 25:
  25       0               打印机4            40464.00        56222.12        15758.12       
  25       1               批处理机2           56222.12        57286.12        1064.00        
  25       2               离散机3            57286.12        58207.12        921.00         
  25       3               离散机2            58207.12        59533.12        1326.00        
  25       4               离散机10           59533.12        60449.12        916.00         
  25       5               离散机1            60669.00        61715.00        1046.00        
  25       6               离散机9            62455.12        64173.12        1718.00        
  25       7               离散机7            68885.00        70039.00        1154.00        

工件 26:
  26       0               打印机5            35397.00        52394.00        16997.00       
  26       1               批处理机2           52394.00        53458.00        1064.00        
  26       2               离散机7            53458.00        55132.00        1674.00        
  26       3               离散机2            55132.00        56657.00        1525.00        
  26       4               离散机7            56657.00        58014.00        1357.00        
  26       5               离散机3            58207.12        59816.12        1609.00        
  26       6               离散机8            59816.12        61454.12        1638.00        
  26       7               离散机9            61454.12        62455.12        1001.00        
  26       8               离散机9            67453.35        68517.35        1064.00        
  26       9               离散机5            68517.35        70013.35        1496.00        

工件 27:
  27       0               打印机4            40464.00        56222.12        15758.12       
  27       1               批处理机2           56222.12        57286.12        1064.00        

工件 28:
  28       0               打印机4            0.00            40464.00        40464.00       
  28       1               批处理机2           40464.00        41528.00        1064.00        
  28       2               离散机2            43452.00        44788.00        1336.00        
  28       3               离散机6            52418.00        53409.00        991.00         
  28       4               离散机10           54897.00        56105.00        1208.00        
  28       5               离散机10           58450.12        59516.12        1066.00        
  28       6               离散机6            67150.00        68181.00        1031.00        

工件 29:
  29       0               打印机5            35397.00        52394.00        16997.00       
  29       1               批处理机2           52394.00        53458.00        1064.00        
  29       2               离散机1            53458.00        54644.00        1186.00        
  29       3               离散机5            55555.00        56700.00        1145.00        

工件 30:
  30       0               打印机1            28102.05        41114.36        13012.31       
  30       1               批处理机1           41114.36        42224.36        1110.00        
  30       2               离散机9            42224.36        43323.36        1099.00        
  30       3               离散机8            43323.36        44330.36        1007.00        
  30       4               离散机3            44330.36        45249.36        919.00         
  30       5               离散机5            45249.36        46173.36        924.00         
  30       6               离散机5            46173.36        47347.36        1174.00        
  30       7               离散机5            50728.00        51871.00        1143.00        
  30       8               离散机4            59626.62        61003.62        1377.00        
  30       9               离散机7            71064.00        72204.00        1140.00        

工件 31:
  31       0               打印机5            52394.00        58191.00        5797.00        
  31       1               批处理机2           58191.00        59255.00        1064.00        
  31       2               离散机1            59255.00        60669.00        1414.00        
  31       3               离散机8            61454.12        62386.12        932.00         
  31       4               离散机5            62386.12        63894.12        1508.00        
  31       5               离散机9            65744.35        67453.35        1709.00        
  31       6               离散机9            68517.35        69684.35        1167.00        

工件 32:
  32       0               打印机3            0.00            25801.10        25801.10       
  32       1               批处理机2           25801.10        26865.10        1064.00        
  32       2               离散机2            28518.10        29649.10        1131.00        
  32       3               离散机5            35852.70        37258.70        1406.00        
  32       4               离散机1            40160.05        41089.05        929.00         
  32       5               离散机6            55853.00        57053.00        1200.00        
  32       6               离散机5            63894.12        64899.12        1005.00        
  32       7               离散机10           66025.12        67101.12        1076.00        

工件 33:
  33       0               打印机1            0.00            28102.05        28102.05       
  33       1               批处理机2           28102.05        29166.05        1064.00        
  33       2               离散机7            29166.05        30360.05        1194.00        
  33       3               离散机5            31249.70        32313.70        1064.00        
  33       4               离散机6            32313.70        33222.70        909.00         
  33       5               离散机4            33344.05        34342.05        998.00         
  33       6               离散机5            39521.00        40460.00        939.00         
  33       7               离散机10           50435.00        51842.00        1407.00        

工件 34:
  34       0               打印机2            0.00            29156.70        29156.70       
  34       1               批处理机1           29156.70        30266.70        1110.00        
  34       2               离散机3            30266.70        31788.70        1522.00        
  34       3               离散机1            57597.00        58991.00        1394.00        
  34       4               离散机5            60778.00        62208.00        1430.00        

工件 35:
  35       0               打印机3            0.00            25801.10        25801.10       
  35       1               批处理机2           25801.10        26865.10        1064.00        
  35       2               离散机8            26865.10        28583.10        1718.00        
  35       3               离散机1            33007.05        34108.05        1101.00        

工件 36:
  36       0               打印机2            0.00            29156.70        29156.70       
  36       1               批处理机1           29156.70        30266.70        1110.00        
  36       2               离散机9            30266.70        31260.70        994.00         
  36       3               离散机10           32163.10        33169.10        1006.00        
  36       4               离散机4            38506.05        39795.05        1289.00        
  36       5               离散机3            51460.36        52695.36        1235.00        
  36       6               离散机10           61577.12        62525.12        948.00         
  36       7               离散机4            63506.12        64429.12        923.00         
  36       8               离散机4            70071.35        71053.35        982.00         

工件 37:
  37       0               打印机3            0.00            25801.10        25801.10       
  37       1               批处理机2           25801.10        26865.10        1064.00        
  37       2               离散机1            36627.05        37785.05        1158.00        
  37       3               离散机2            41682.00        43452.00        1770.00        
  37       4               离散机6            71665.00        72856.00        1191.00        

工件 38:
  38       0               打印机1            0.00            28102.05        28102.05       
  38       1               批处理机2           28102.05        29166.05        1064.00        

工件 39:
  39       0               打印机5            0.00            35397.00        35397.00       
  39       1               批处理机2           35397.00        36461.00        1064.00        
  39       2               离散机9            36461.00        37761.00        1300.00        
  39       3               离散机10           38231.05        39169.05        938.00         
  39       4               离散机2            45878.00        47404.00        1526.00        
  39       5               离散机10           47404.00        48830.00        1426.00        

工件 40:
  40       0               打印机1            0.00            28102.05        28102.05       
  40       1               批处理机2           28102.05        29166.05        1064.00        
  40       2               离散机4            30387.05        31549.05        1162.00        
  40       3               离散机9            33319.70        34629.70        1310.00        
  40       4               离散机6            34629.70        36009.70        1380.00        
  40       5               离散机9            39350.00        40268.00        918.00         
  40       6               离散机4            68750.35        70071.35        1321.00        

工件 41:
  41       0               打印机4            40464.00        56222.12        15758.12       
  41       1               批处理机2           56222.12        57286.12        1064.00        
  41       2               离散机7            58014.00        59035.00        1021.00        
  41       3               离散机2            59533.12        61230.12        1697.00        
  41       4               离散机4            61230.12        62133.12        903.00         
  41       5               离散机8            63574.12        64687.12        1113.00        
  41       6               离散机7            66144.00        67416.00        1272.00        
  41       7               离散机2            68869.12        70604.12        1735.00        

工件 42:
  42       0               打印机2            0.00            29156.70        29156.70       
  42       1               批处理机1           29156.70        30266.70        1110.00        
  42       2               离散机4            34342.05        35737.05        1395.00        
  42       3               离散机10           35737.05        36934.05        1197.00        

工件 43:
  43       0               打印机2            29156.70        39673.05        10516.35       
  43       1               批处理机1           39673.05        40783.05        1110.00        
  43       2               离散机5            43764.00        45140.00        1376.00        
  43       3               离散机1            49822.00        51278.00        1456.00        
  43       4               离散机3            61412.12        62707.12        1295.00        
  43       5               离散机1            63678.00        64774.00        1096.00        
  43       6               离散机6            69290.00        70327.00        1037.00        

工件 44:
  44       0               打印机2            0.00            29156.70        29156.70       
  44       1               批处理机1           29156.70        30266.70        1110.00        
  44       2               离散机6            31158.05        32144.05        986.00         

工件 45:
  45       0               打印机5            0.00            35397.00        35397.00       
  45       1               批处理机2           35397.00        36461.00        1064.00        
  45       2               离散机3            36461.00        37782.00        1321.00        
  45       3               离散机8            37782.00        38975.00        1193.00        
  45       4               离散机5            51871.00        53085.00        1214.00        
  45       5               离散机8            56165.00        57662.00        1497.00        
  45       6               离散机6            60808.00        62318.00        1510.00        
  45       7               离散机1            62721.00        63678.00        957.00         
  45       8               离散机9            70752.35        71663.35        911.00         

工件 46:
  46       0               打印机4            0.00            40464.00        40464.00       
  46       1               批处理机2           40464.00        41528.00        1064.00        
  46       2               离散机1            42831.00        43876.00        1045.00        
  46       3               离散机6            44030.00        45033.00        1003.00        
  46       4               离散机10           45717.00        47353.00        1636.00        
  46       5               离散机1            51278.00        52214.00        936.00         
  46       6               离散机1            52214.00        53286.00        1072.00        
  46       7               离散机3            66775.12        68009.12        1234.00        

工件 47:
  47       0               打印机2            0.00            29156.70        29156.70       
  47       1               批处理机1           29156.70        30266.70        1110.00        
  47       2               离散机2            31254.70        32507.70        1253.00        
  47       3               离散机5            32507.70        33659.70        1152.00        
  47       4               离散机10           34517.10        35567.10        1050.00        
  47       5               离散机9            37761.00        39350.00        1589.00        
  47       6               离散机3            53926.36        55369.36        1443.00        
  47       7               离散机2            56657.00        57762.00        1105.00        
  47       8               离散机1            71370.12        72677.12        1307.00        

工件 48:
  48       0               打印机5            35397.00        52394.00        16997.00       
  48       1               批处理机2           52394.00        53458.00        1064.00        
  48       2               离散机10           53458.00        54897.00        1439.00        

工件 49:
  49       0               打印机5            35397.00        52394.00        16997.00       
  49       1               批处理机2           52394.00        53458.00        1064.00        
  49       2               离散机6            53458.00        54907.00        1449.00        
  49       3               离散机6            54907.00        55853.00        946.00         
  49       4               离散机7            64593.00        66144.00        1551.00        

工件 50:
  50       0               打印机2            0.00            29156.70        29156.70       
  50       1               批处理机1           29156.70        30266.70        1110.00        
  50       2               离散机10           60449.12        61577.12        1128.00        

工件 51:
  51       0               打印机1            28102.05        41114.36        13012.31       
  51       1               批处理机1           41114.36        42224.36        1110.00        
  51       2               离散机4            42689.00        43852.00        1163.00        

工件 52:
  52       0               打印机3            0.00            25801.10        25801.10       
  52       1               批处理机2           25801.10        26865.10        1064.00        
  52       2               离散机1            27797.10        28915.10        1118.00        
  52       3               离散机4            31549.05        33344.05        1795.00        
  52       4               离散机1            47767.00        48789.00        1022.00        
  52       5               离散机1            54644.00        56199.00        1555.00        
  52       6               离散机2            62201.12        63216.12        1015.00        
  52       7               离散机10           69657.12        70580.12        923.00         

工件 53:
  53       0               打印机1            0.00            28102.05        28102.05       
  53       1               批处理机2           28102.05        29166.05        1064.00        
  53       2               离散机6            29166.05        30131.05        965.00         
  53       3               离散机9            31260.70        32290.70        1030.00        

工件 54:
  54       0               打印机4            40464.00        56222.12        15758.12       
  54       1               批处理机2           56222.12        57286.12        1064.00        
  54       2               离散机2            63216.12        64175.12        959.00         

工件 55:
  55       0               打印机3            0.00            25801.10        25801.10       
  55       1               批处理机2           25801.10        26865.10        1064.00        
  55       2               离散机4            26865.10        28324.10        1459.00        
  55       3               离散机10           28324.10        29786.10        1462.00        
  55       4               离散机7            34705.05        35873.05        1168.00        
  55       5               离散机3            48372.36        49911.36        1539.00        
  55       6               离散机8            52108.00        53318.00        1210.00        
  55       7               离散机1            56199.00        57597.00        1398.00        

工件 56:
  56       0               打印机1            41114.36        49754.87        8640.51        
  56       1               批处理机2           49754.87        50818.87        1064.00        

工件 57:
  57       0               打印机4            0.00            40464.00        40464.00       
  57       1               批处理机2           40464.00        41528.00        1064.00        
  57       2               离散机6            45033.00        46159.00        1126.00        
  57       3               离散机8            69531.12        70518.12        987.00         

工件 58:
  58       0               打印机5            0.00            35397.00        35397.00       
  58       1               批处理机2           35397.00        36461.00        1064.00        
  58       2               离散机2            38251.00        39339.00        1088.00        
  58       3               离散机3            65257.12        66775.12        1518.00        
  58       4               离散机6            68181.00        69290.00        1109.00        
  58       5               离散机5            71251.35        72461.35        1210.00        

工件 59:
  59       0               打印机1            0.00            28102.05        28102.05       
  59       1               批处理机2           28102.05        29166.05        1064.00        
  59       2               离散机10           30775.10        32163.10        1388.00        
  59       3               离散机7            33247.05        34705.05        1458.00        
  59       4               离散机4            51114.00        52356.00        1242.00        
  59       5               离散机4            52356.00        53290.00        934.00         
  59       6               离散机7            67416.00        68885.00        1469.00        

工件 60:
  60       0               打印机5            35397.00        52394.00        16997.00       
  60       1               批处理机2           52394.00        53458.00        1064.00        
  60       2               离散机4            53458.00        54476.00        1018.00        

工件 61:
  61       0               打印机4            40464.00        56222.12        15758.12       
  61       1               批处理机2           56222.12        57286.12        1064.00        

工件 62:
  62       0               打印机2            0.00            29156.70        29156.70       
  62       1               批处理机1           29156.70        30266.70        1110.00        
  62       2               离散机4            64429.12        65712.12        1283.00        

工件 63:
  63       0               打印机5            35397.00        52394.00        16997.00       
  63       1               批处理机2           52394.00        53458.00        1064.00        

工件 64:
  64       0               打印机5            35397.00        52394.00        16997.00       
  64       1               批处理机2           52394.00        53458.00        1064.00        
  64       2               离散机9            53458.00        54659.00        1201.00        

工件 65:
  65       0               打印机4            56222.12        63274.35        7052.24        
  65       1               批处理机2           63274.35        64338.35        1064.00        
  65       2               离散机9            64338.35        65744.35        1406.00        
  65       3               离散机4            65744.35        66978.35        1234.00        
  65       4               离散机8            67592.12        68501.12        909.00         
  65       5               离散机1            68501.12        69662.12        1161.00        
  65       6               离散机7            70039.00        71064.00        1025.00        

工件 66:
  66       0               打印机4            0.00            40464.00        40464.00       
  66       1               批处理机2           40464.00        41528.00        1064.00        
  66       2               离散机1            41528.00        42831.00        1303.00        
  66       3               离散机7            42831.00        43997.00        1166.00        
  66       4               离散机8            48423.00        49674.00        1251.00        
  66       5               离散机9            52102.87        53256.87        1154.00        
  66       6               离散机1            64774.00        65900.00        1126.00        

工件 67:
  67       0               打印机1            0.00            28102.05        28102.05       
  67       1               批处理机2           28102.05        29166.05        1064.00        
  67       2               离散机9            29166.05        30097.05        931.00         
  67       3               离散机4            35737.05        37061.05        1324.00        
  67       4               离散机10           39169.05        40106.05        937.00         
  67       5               离散机7            61722.00        62982.00        1260.00        

工件 68:
  68       0               打印机2            0.00            29156.70        29156.70       
  68       1               批处理机1           29156.70        30266.70        1110.00        
  68       2               离散机7            31883.05        33247.05        1364.00        
  68       3               离散机4            37061.05        38506.05        1445.00        
  68       4               离散机9            48237.00        49166.00        929.00         

工件 69:
  69       0               打印机1            0.00            28102.05        28102.05       
  69       1               批处理机2           28102.05        29166.05        1064.00        
  69       2               离散机8            29166.05        30372.05        1206.00        
  69       3               离散机7            30372.05        31883.05        1511.00        
  69       4               离散机8            35276.05        36585.05        1309.00        
  69       5               离散机4            45237.00        46251.00        1014.00        
  69       6               离散机8            46251.00        47485.00        1234.00        
  69       7               离散机5            47485.00        49052.00        1567.00        
  69       8               离散机9            71663.35        72661.35        998.00         

工件 70:
  70       0               打印机1            28102.05        41114.36        13012.31       
  70       1               批处理机1           41114.36        42224.36        1110.00        
  70       2               离散机10           51842.00        53024.00        1182.00        

工件 71:
  71       0               打印机1            49754.87        54164.62        4409.74        
  71       1               批处理机2           54164.62        55228.62        1064.00        
  71       2               离散机9            55228.62        56297.62        1069.00        
  71       3               离散机4            56297.62        57965.62        1668.00        
  71       4               离散机2            67715.12        68869.12        1154.00        

工件 72:
  72       0               打印机2            29156.70        39673.05        10516.35       
  72       1               批处理机1           39673.05        40783.05        1110.00        
  72       2               离散机4            43852.00        45237.00        1385.00        
  72       3               离散机1            46276.00        47767.00        1491.00        
  72       4               离散机4            49855.00        51114.00        1259.00        
  72       5               离散机7            60153.00        61722.00        1569.00        
  72       6               离散机10           62525.12        63899.12        1374.00        
  72       7               离散机5            64899.12        66035.12        1136.00        
  72       8               离散机5            66035.12        67427.12        1392.00        

工件 73:
  73       0               打印机2            0.00            29156.70        29156.70       
  73       1               批处理机1           29156.70        30266.70        1110.00        
  73       2               离散机1            30839.05        31874.05        1035.00        

工件 74:
  74       0               打印机4            0.00            40464.00        40464.00       
  74       1               批处理机2           40464.00        41528.00        1064.00        
  74       2               离散机3            41528.00        42557.00        1029.00        
  74       3               离散机7            51245.36        52490.36        1245.00        
  74       4               离散机2            53901.00        55092.00        1191.00        

工件 75:
  75       0               打印机4            0.00            40464.00        40464.00       
  75       1               批处理机2           40464.00        41528.00        1064.00        
  75       2               离散机4            41528.00        42689.00        1161.00        
  75       3               离散机1            43876.00        45021.00        1145.00        
  75       4               离散机1            45021.00        46276.00        1255.00        
  75       5               离散机3            49911.36        51460.36        1549.00        
  75       6               离散机7            52490.36        53408.36        918.00         

工件 76:
  76       0               打印机5            52394.00        58191.00        5797.00        
  76       1               批处理机2           58191.00        59255.00        1064.00        

工件 77:
  77       0               打印机4            40464.00        56222.12        15758.12       
  77       1               批处理机2           56222.12        57286.12        1064.00        
  77       2               离散机10           57286.12        58450.12        1164.00        
  77       3               离散机6            63530.00        64571.00        1041.00        
  77       4               离散机1            66815.00        68243.00        1428.00        

工件 78:
  78       0               打印机3            25801.10        39090.00        13288.90       
  78       1               批处理机2           39090.00        40154.00        1064.00        
  78       2               离散机8            40154.00        41439.00        1285.00        

工件 79:
  79       0               打印机1            0.00            28102.05        28102.05       
  79       1               批处理机2           28102.05        29166.05        1064.00        
  79       2               离散机5            33659.70        34582.70        923.00         

工件 80:
  80       0               打印机2            0.00            29156.70        29156.70       
  80       1               批处理机1           29156.70        30266.70        1110.00        

工件 81:
  81       0               打印机4            0.00            40464.00        40464.00       
  81       1               批处理机2           40464.00        41528.00        1064.00        
  81       2               离散机6            41528.00        42792.00        1264.00        
  81       3               离散机8            62386.12        63574.12        1188.00        

工件 82:
  82       0               打印机1            0.00            28102.05        28102.05       
  82       1               批处理机2           28102.05        29166.05        1064.00        
  82       2               离散机3            31788.70        33387.70        1599.00        
  82       3               离散机1            39250.05        40160.05        910.00         

工件 83:
  83       0               打印机1            0.00            28102.05        28102.05       
  83       1               批处理机2           28102.05        29166.05        1064.00        
  83       2               离散机4            29166.05        30387.05        1221.00        
  83       3               离散机8            34290.05        35276.05        986.00         
  83       4               离散机1            35276.05        36627.05        1351.00        
  83       5               离散机6            37465.00        38445.00        980.00         
  83       6               离散机4            48429.00        49855.00        1426.00        
  83       7               离散机9            58786.62        60187.62        1401.00        

工件 84:
  84       0               打印机2            0.00            29156.70        29156.70       
  84       1               批处理机1           29156.70        30266.70        1110.00        

工件 85:
  85       0               打印机1            0.00            28102.05        28102.05       
  85       1               批处理机2           28102.05        29166.05        1064.00        
  85       2               离散机6            33222.70        34464.70        1242.00        
  85       3               离散机9            34629.70        36300.70        1671.00        

工件 86:
  86       0               打印机2            0.00            29156.70        29156.70       
  86       1               批处理机1           29156.70        30266.70        1110.00        
  86       2               离散机5            42620.00        43764.00        1144.00        
  86       3               离散机3            62707.12        64027.12        1320.00        
  86       4               离散机4            66978.35        68750.35        1772.00        
  86       5               离散机10           70580.12        71777.12        1197.00        

工件 87:
  87       0               打印机1            49754.87        54164.62        4409.74        
  87       1               批处理机2           54164.62        55228.62        1064.00        
  87       2               离散机3            55369.36        56505.36        1136.00        
  87       3               离散机9            57513.62        58786.62        1273.00        
  87       4               离散机6            64571.00        66231.00        1660.00        

工件 88:
  88       0               打印机5            0.00            35397.00        35397.00       
  88       1               批处理机2           35397.00        36461.00        1064.00        
  88       2               离散机7            40482.00        41789.00        1307.00        
  88       3               离散机8            41789.00        43088.00        1299.00        
  88       4               离散机3            70791.12        71921.12        1130.00        

工件 89:
  89       0               打印机4            40464.00        56222.12        15758.12       
  89       1               批处理机2           56222.12        57286.12        1064.00        
  89       2               离散机3            59816.12        61412.12        1596.00        
  89       3               离散机1            61715.00        62721.00        1006.00        

工件 90:
  90       0               打印机3            0.00            25801.10        25801.10       
  90       1               批处理机2           25801.10        26865.10        1064.00        
  90       2               离散机5            26865.10        28242.10        1377.00        

工件 91:
  91       0               打印机3            0.00            25801.10        25801.10       
  91       1               批处理机2           25801.10        26865.10        1064.00        
  91       2               离散机5            56700.00        58339.00        1639.00        

工件 92:
  92       0               打印机4            0.00            40464.00        40464.00       
  92       1               批处理机2           40464.00        41528.00        1064.00        
  92       2               离散机6            57053.00        58085.00        1032.00        
  92       3               离散机2            70604.12        71799.12        1195.00        

工件 93:
  93       0               打印机3            0.00            25801.10        25801.10       
  93       1               批处理机2           25801.10        26865.10        1064.00        
  93       2               离散机2            26865.10        28518.10        1653.00        
  93       3               离散机9            32290.70        33319.70        1029.00        
  93       4               离散机10           44228.00        45717.00        1489.00        
  93       5               离散机9            47163.00        48237.00        1074.00        

工件 94:
  94       0               打印机3            0.00            25801.10        25801.10       
  94       1               批处理机2           25801.10        26865.10        1064.00        
  94       2               离散机6            26865.10        28305.10        1440.00        
  94       3               离散机3            28305.10        29856.10        1551.00        
  94       4               离散机10           29856.10        30775.10        919.00         
  94       5               离散机4            46251.00        47205.00        954.00         
  94       6               离散机2            49969.00        50979.00        1010.00        
  94       7               离散机2            66121.12        67715.12        1594.00        

工件 95:
  95       0               打印机5            0.00            35397.00        35397.00       
  95       1               批处理机2           35397.00        36461.00        1064.00        

工件 96:
  96       0               打印机1            41114.36        49754.87        8640.51        
  96       1               批处理机2           49754.87        50818.87        1064.00        
  96       2               离散机9            50818.87        52102.87        1284.00        
  96       3               离散机4            54476.00        56157.00        1681.00        
  96       4               离散机7            59035.00        60153.00        1118.00        
  96       5               离散机4            62133.12        63506.12        1373.00        
  96       6               离散机8            68501.12        69531.12        1030.00        
  96       7               离散机3            69625.12        70791.12        1166.00        
  96       8               离散机10           71777.12        72788.12        1011.00        

工件 97:
  97       0               打印机2            0.00            29156.70        29156.70       
  97       1               批处理机1           29156.70        30266.70        1110.00        
  97       2               离散机5            30266.70        31249.70        983.00         
  97       3               离散机1            37785.05        39250.05        1465.00        
  97       4               离散机6            40049.00        41512.00        1463.00        

工件 98:
  98       0               打印机3            0.00            25801.10        25801.10       
  98       1               批处理机2           25801.10        26865.10        1064.00        

工件 99:
  99       0               打印机2            0.00            29156.70        29156.70       
  99       1               批处理机1           29156.70        30266.70        1110.00        
  99       2               离散机10           36934.05        38231.05        1297.00        
  99       3               离散机3            40122.00        41501.00        1379.00        
  99       4               离散机7            41789.00        42791.00        1002.00        
  99       5               离散机8            64687.12        66115.12        1428.00        
  99       6               离散机10           67101.12        68400.12        1299.00        
  99       7               离散机9            69684.35        70752.35        1068.00        

【机器加工顺序记录】
----------------------------------------------------------------------------------------------------

打印机1:
工件号      工序号             开始时间            结束时间            加工时长           
--------------------------------------------------------------------------------
  4        0               0.00            28102.05        28102.05       
  5        0               0.00            28102.05        28102.05       
  13       0               0.00            28102.05        28102.05       
  19       0               0.00            28102.05        28102.05       
  33       0               0.00            28102.05        28102.05       
  38       0               0.00            28102.05        28102.05       
  40       0               0.00            28102.05        28102.05       
  53       0               0.00            28102.05        28102.05       
  59       0               0.00            28102.05        28102.05       
  67       0               0.00            28102.05        28102.05       
  69       0               0.00            28102.05        28102.05       
  79       0               0.00            28102.05        28102.05       
  82       0               0.00            28102.05        28102.05       
  83       0               0.00            28102.05        28102.05       
  85       0               0.00            28102.05        28102.05       
  14       0               28102.05        41114.36        13012.31       
  18       0               28102.05        41114.36        13012.31       
  30       0               28102.05        41114.36        13012.31       
  51       0               28102.05        41114.36        13012.31       
  70       0               28102.05        41114.36        13012.31       
  56       0               41114.36        49754.87        8640.51        
  96       0               41114.36        49754.87        8640.51        
  71       0               49754.87        54164.62        4409.74        
  87       0               49754.87        54164.62        4409.74        

  机器利用率: 703.71% (忙碌时间: 512692.82 / 总时间: 72856.00)

打印机2:
工件号      工序号             开始时间            结束时间            加工时长           
--------------------------------------------------------------------------------
  7        0               0.00            29156.70        29156.70       
  15       0               0.00            29156.70        29156.70       
  34       0               0.00            29156.70        29156.70       
  36       0               0.00            29156.70        29156.70       
  42       0               0.00            29156.70        29156.70       
  44       0               0.00            29156.70        29156.70       
  47       0               0.00            29156.70        29156.70       
  50       0               0.00            29156.70        29156.70       
  62       0               0.00            29156.70        29156.70       
  68       0               0.00            29156.70        29156.70       
  73       0               0.00            29156.70        29156.70       
  80       0               0.00            29156.70        29156.70       
  84       0               0.00            29156.70        29156.70       
  86       0               0.00            29156.70        29156.70       
  97       0               0.00            29156.70        29156.70       
  99       0               0.00            29156.70        29156.70       
  6        0               29156.70        39673.05        10516.35       
  11       0               29156.70        39673.05        10516.35       
  23       0               29156.70        39673.05        10516.35       
  43       0               29156.70        39673.05        10516.35       
  72       0               29156.70        39673.05        10516.35       

  机器利用率: 712.49% (忙碌时间: 519088.98 / 总时间: 72856.00)

打印机3:
工件号      工序号             开始时间            结束时间            加工时长           
--------------------------------------------------------------------------------
  3        0               0.00            25801.10        25801.10       
  8        0               0.00            25801.10        25801.10       
  24       0               0.00            25801.10        25801.10       
  32       0               0.00            25801.10        25801.10       
  35       0               0.00            25801.10        25801.10       
  37       0               0.00            25801.10        25801.10       
  52       0               0.00            25801.10        25801.10       
  55       0               0.00            25801.10        25801.10       
  90       0               0.00            25801.10        25801.10       
  91       0               0.00            25801.10        25801.10       
  93       0               0.00            25801.10        25801.10       
  94       0               0.00            25801.10        25801.10       
  98       0               0.00            25801.10        25801.10       
  2        0               25801.10        39090.00        13288.90       
  17       0               25801.10        39090.00        13288.90       
  78       0               25801.10        39090.00        13288.90       

  机器利用率: 515.10% (忙碌时间: 375280.98 / 总时间: 72856.00)

打印机4:
工件号      工序号             开始时间            结束时间            加工时长           
--------------------------------------------------------------------------------
  12       0               0.00            40464.00        40464.00       
  28       0               0.00            40464.00        40464.00       
  46       0               0.00            40464.00        40464.00       
  57       0               0.00            40464.00        40464.00       
  66       0               0.00            40464.00        40464.00       
  74       0               0.00            40464.00        40464.00       
  75       0               0.00            40464.00        40464.00       
  81       0               0.00            40464.00        40464.00       
  92       0               0.00            40464.00        40464.00       
  25       0               40464.00        56222.12        15758.12       
  27       0               40464.00        56222.12        15758.12       
  41       0               40464.00        56222.12        15758.12       
  54       0               40464.00        56222.12        15758.12       
  61       0               40464.00        56222.12        15758.12       
  77       0               40464.00        56222.12        15758.12       
  89       0               40464.00        56222.12        15758.12       
  65       0               56222.12        63274.35        7052.24        

  机器利用率: 660.94% (忙碌时间: 481535.06 / 总时间: 72856.00)

打印机5:
工件号      工序号             开始时间            结束时间            加工时长           
--------------------------------------------------------------------------------
  1        0               0.00            35397.00        35397.00       
  9        0               0.00            35397.00        35397.00       
  10       0               0.00            35397.00        35397.00       
  16       0               0.00            35397.00        35397.00       
  20       0               0.00            35397.00        35397.00       
  21       0               0.00            35397.00        35397.00       
  22       0               0.00            35397.00        35397.00       
  39       0               0.00            35397.00        35397.00       
  45       0               0.00            35397.00        35397.00       
  58       0               0.00            35397.00        35397.00       
  88       0               0.00            35397.00        35397.00       
  95       0               0.00            35397.00        35397.00       
  26       0               35397.00        52394.00        16997.00       
  29       0               35397.00        52394.00        16997.00       
  48       0               35397.00        52394.00        16997.00       
  49       0               35397.00        52394.00        16997.00       
  60       0               35397.00        52394.00        16997.00       
  63       0               35397.00        52394.00        16997.00       
  64       0               35397.00        52394.00        16997.00       
  0        0               52394.00        58191.00        5797.00        
  31       0               52394.00        58191.00        5797.00        
  76       0               52394.00        58191.00        5797.00        

  机器利用率: 770.20% (忙碌时间: 561134.00 / 总时间: 72856.00)

批处理机1:
工件号      工序号             开始时间            结束时间            加工时长           
--------------------------------------------------------------------------------
  7        1               29156.70        30266.70        1110.00        
  15       1               29156.70        30266.70        1110.00        
  34       1               29156.70        30266.70        1110.00        
  36       1               29156.70        30266.70        1110.00        
  42       1               29156.70        30266.70        1110.00        
  44       1               29156.70        30266.70        1110.00        
  47       1               29156.70        30266.70        1110.00        
  50       1               29156.70        30266.70        1110.00        
  62       1               29156.70        30266.70        1110.00        
  68       1               29156.70        30266.70        1110.00        
  73       1               29156.70        30266.70        1110.00        
  80       1               29156.70        30266.70        1110.00        
  84       1               29156.70        30266.70        1110.00        
  86       1               29156.70        30266.70        1110.00        
  97       1               29156.70        30266.70        1110.00        
  99       1               29156.70        30266.70        1110.00        
  6        1               39673.05        40783.05        1110.00        
  11       1               39673.05        40783.05        1110.00        
  23       1               39673.05        40783.05        1110.00        
  43       1               39673.05        40783.05        1110.00        
  72       1               39673.05        40783.05        1110.00        
  14       1               41114.36        42224.36        1110.00        
  18       1               41114.36        42224.36        1110.00        
  30       1               41114.36        42224.36        1110.00        
  51       1               41114.36        42224.36        1110.00        
  70       1               41114.36        42224.36        1110.00        

  机器利用率: 39.61% (忙碌时间: 28860.00 / 总时间: 72856.00)

批处理机2:
工件号      工序号             开始时间            结束时间            加工时长           
--------------------------------------------------------------------------------
  3        1               25801.10        26865.10        1064.00        
  8        1               25801.10        26865.10        1064.00        
  24       1               25801.10        26865.10        1064.00        
  32       1               25801.10        26865.10        1064.00        
  35       1               25801.10        26865.10        1064.00        
  37       1               25801.10        26865.10        1064.00        
  52       1               25801.10        26865.10        1064.00        
  55       1               25801.10        26865.10        1064.00        
  90       1               25801.10        26865.10        1064.00        
  91       1               25801.10        26865.10        1064.00        
  93       1               25801.10        26865.10        1064.00        
  94       1               25801.10        26865.10        1064.00        
  98       1               25801.10        26865.10        1064.00        
  4        1               28102.05        29166.05        1064.00        
  5        1               28102.05        29166.05        1064.00        
  13       1               28102.05        29166.05        1064.00        
  19       1               28102.05        29166.05        1064.00        
  33       1               28102.05        29166.05        1064.00        
  38       1               28102.05        29166.05        1064.00        
  40       1               28102.05        29166.05        1064.00        
  53       1               28102.05        29166.05        1064.00        
  59       1               28102.05        29166.05        1064.00        
  67       1               28102.05        29166.05        1064.00        
  69       1               28102.05        29166.05        1064.00        
  79       1               28102.05        29166.05        1064.00        
  82       1               28102.05        29166.05        1064.00        
  83       1               28102.05        29166.05        1064.00        
  85       1               28102.05        29166.05        1064.00        
  1        1               35397.00        36461.00        1064.00        
  9        1               35397.00        36461.00        1064.00        
  10       1               35397.00        36461.00        1064.00        
  16       1               35397.00        36461.00        1064.00        
  20       1               35397.00        36461.00        1064.00        
  21       1               35397.00        36461.00        1064.00        
  22       1               35397.00        36461.00        1064.00        
  39       1               35397.00        36461.00        1064.00        
  45       1               35397.00        36461.00        1064.00        
  58       1               35397.00        36461.00        1064.00        
  88       1               35397.00        36461.00        1064.00        
  95       1               35397.00        36461.00        1064.00        
  2        1               39090.00        40154.00        1064.00        
  17       1               39090.00        40154.00        1064.00        
  78       1               39090.00        40154.00        1064.00        
  12       1               40464.00        41528.00        1064.00        
  28       1               40464.00        41528.00        1064.00        
  46       1               40464.00        41528.00        1064.00        
  57       1               40464.00        41528.00        1064.00        
  66       1               40464.00        41528.00        1064.00        
  74       1               40464.00        41528.00        1064.00        
  75       1               40464.00        41528.00        1064.00        
  81       1               40464.00        41528.00        1064.00        
  92       1               40464.00        41528.00        1064.00        
  56       1               49754.87        50818.87        1064.00        
  96       1               49754.87        50818.87        1064.00        
  26       1               52394.00        53458.00        1064.00        
  29       1               52394.00        53458.00        1064.00        
  48       1               52394.00        53458.00        1064.00        
  49       1               52394.00        53458.00        1064.00        
  60       1               52394.00        53458.00        1064.00        
  63       1               52394.00        53458.00        1064.00        
  64       1               52394.00        53458.00        1064.00        
  71       1               54164.62        55228.62        1064.00        
  87       1               54164.62        55228.62        1064.00        
  25       1               56222.12        57286.12        1064.00        
  27       1               56222.12        57286.12        1064.00        
  41       1               56222.12        57286.12        1064.00        
  54       1               56222.12        57286.12        1064.00        
  61       1               56222.12        57286.12        1064.00        
  77       1               56222.12        57286.12        1064.00        
  89       1               56222.12        57286.12        1064.00        
  0        1               58191.00        59255.00        1064.00        
  31       1               58191.00        59255.00        1064.00        
  76       1               58191.00        59255.00        1064.00        
  65       1               63274.35        64338.35        1064.00        

  机器利用率: 108.07% (忙碌时间: 78736.00 / 总时间: 72856.00)

离散机1:
工件号      工序号             开始时间            结束时间            加工时长           
--------------------------------------------------------------------------------
  3        2               26865.10        27797.10        932.00         
  52       2               27797.10        28915.10        1118.00        
  5        2               29166.05        30839.05        1673.00        
  73       2               30839.05        31874.05        1035.00        
  4        2               31874.05        33007.05        1133.00        
  35       3               33007.05        34108.05        1101.00        
  7        4               34108.05        35034.05        926.00         
  83       4               35276.05        36627.05        1351.00        
  37       2               36627.05        37785.05        1158.00        
  97       3               37785.05        39250.05        1465.00        
  82       3               39250.05        40160.05        910.00         
  32       4               40160.05        41089.05        929.00         
  66       2               41528.00        42831.00        1303.00        
  46       2               42831.00        43876.00        1045.00        
  75       3               43876.00        45021.00        1145.00        
  75       4               45021.00        46276.00        1255.00        
  72       3               46276.00        47767.00        1491.00        
  52       4               47767.00        48789.00        1022.00        
  8        6               48789.00        49822.00        1033.00        
  43       3               49822.00        51278.00        1456.00        
  46       5               51278.00        52214.00        936.00         
  46       6               52214.00        53286.00        1072.00        
  29       2               53458.00        54644.00        1186.00        
  52       5               54644.00        56199.00        1555.00        
  55       7               56199.00        57597.00        1398.00        
  34       3               57597.00        58991.00        1394.00        
  31       2               59255.00        60669.00        1414.00        
  25       5               60669.00        61715.00        1046.00        
  89       3               61715.00        62721.00        1006.00        
  45       7               62721.00        63678.00        957.00         
  43       5               63678.00        64774.00        1096.00        
  66       6               64774.00        65900.00        1126.00        
  0        4               65900.00        66815.00        915.00         
  77       4               66815.00        68243.00        1428.00        
  65       5               68501.12        69662.12        1161.00        
  6        5               69662.12        71370.12        1708.00        
  47       8               71370.12        72677.12        1307.00        

  机器利用率: 60.65% (忙碌时间: 44186.00 / 总时间: 72856.00)

离散机2:
工件号      工序号             开始时间            结束时间            加工时长           
--------------------------------------------------------------------------------
  93       2               26865.10        28518.10        1653.00        
  32       2               28518.10        29649.10        1131.00        
  7        2               30266.70        31254.70        988.00         
  47       2               31254.70        32507.70        1253.00        
  8        4               32507.70        34118.70        1611.00        
  5        4               34290.05        35210.05        920.00         
  5        5               35210.05        36381.05        1171.00        
  16       2               36461.00        38251.00        1790.00        
  58       2               38251.00        39339.00        1088.00        
  3        4               39339.00        40337.00        998.00         
  7        5               40337.00        41682.00        1345.00        
  37       3               41682.00        43452.00        1770.00        
  28       2               43452.00        44788.00        1336.00        
  15       4               44788.00        45878.00        1090.00        
  39       4               45878.00        47404.00        1526.00        
  5        6               47404.00        48304.00        900.00         
  6        3               48304.00        49969.00        1665.00        
  94       6               49969.00        50979.00        1010.00        
  10       5               50979.00        52708.00        1729.00        
  6        4               52708.00        53901.00        1193.00        
  74       4               53901.00        55092.00        1191.00        
  26       3               55132.00        56657.00        1525.00        
  47       7               56657.00        57762.00        1105.00        
  25       3               58207.12        59533.12        1326.00        
  41       3               59533.12        61230.12        1697.00        
  17       7               61230.12        62201.12        971.00         
  52       6               62201.12        63216.12        1015.00        
  54       2               63216.12        64175.12        959.00         
  1        4               64175.12        65099.12        924.00         
  4        6               65099.12        66121.12        1022.00        
  94       7               66121.12        67715.12        1594.00        
  71       4               67715.12        68869.12        1154.00        
  41       7               68869.12        70604.12        1735.00        
  92       3               70604.12        71799.12        1195.00        
  13       7               71799.12        72780.12        981.00         

  机器利用率: 61.16% (忙碌时间: 44561.00 / 总时间: 72856.00)

离散机3:
工件号      工序号             开始时间            结束时间            加工时长           
--------------------------------------------------------------------------------
  24       2               26865.10        28195.10        1330.00        
  94       3               28305.10        29856.10        1551.00        
  34       2               30266.70        31788.70        1522.00        
  82       2               31788.70        33387.70        1599.00        
  24       3               33387.70        34786.70        1399.00        
  13       2               34786.70        36243.70        1457.00        
  45       2               36461.00        37782.00        1321.00        
  21       3               38015.00        39133.00        1118.00        
  15       3               39133.00        40122.00        989.00         
  99       3               40122.00        41501.00        1379.00        
  74       2               41528.00        42557.00        1029.00        
  11       2               42557.00        43938.00        1381.00        
  30       4               44330.36        45249.36        919.00         
  23       3               45249.36        46346.36        1097.00        
  11       4               46346.36        47337.36        991.00         
  1        2               47337.36        48372.36        1035.00        
  55       5               48372.36        49911.36        1539.00        
  75       5               49911.36        51460.36        1549.00        
  36       5               51460.36        52695.36        1235.00        
  4        4               52695.36        53926.36        1231.00        
  47       6               53926.36        55369.36        1443.00        
  87       2               55369.36        56505.36        1136.00        
  25       2               57286.12        58207.12        921.00         
  26       5               58207.12        59816.12        1609.00        
  89       2               59816.12        61412.12        1596.00        
  43       4               61412.12        62707.12        1295.00        
  86       3               62707.12        64027.12        1320.00        
  15       6               64027.12        65257.12        1230.00        
  58       3               65257.12        66775.12        1518.00        
  46       7               66775.12        68009.12        1234.00        
  23       7               68009.12        69625.12        1616.00        
  96       7               69625.12        70791.12        1166.00        
  88       4               70791.12        71921.12        1130.00        

  机器利用率: 58.86% (忙碌时间: 42885.00 / 总时间: 72856.00)

离散机4:
工件号      工序号             开始时间            结束时间            加工时长           
--------------------------------------------------------------------------------
  55       2               26865.10        28324.10        1459.00        
  83       2               29166.05        30387.05        1221.00        
  40       2               30387.05        31549.05        1162.00        
  52       3               31549.05        33344.05        1795.00        
  33       5               33344.05        34342.05        998.00         
  42       2               34342.05        35737.05        1395.00        
  67       3               35737.05        37061.05        1324.00        
  68       3               37061.05        38506.05        1445.00        
  36       4               38506.05        39795.05        1289.00        
  24       5               39795.05        41187.05        1392.00        
  75       2               41528.00        42689.00        1161.00        
  51       2               42689.00        43852.00        1163.00        
  72       2               43852.00        45237.00        1385.00        
  69       5               45237.00        46251.00        1014.00        
  94       5               46251.00        47205.00        954.00         
  14       3               47205.00        48429.00        1224.00        
  83       6               48429.00        49855.00        1426.00        
  72       4               49855.00        51114.00        1259.00        
  59       4               51114.00        52356.00        1242.00        
  59       5               52356.00        53290.00        934.00         
  60       2               53458.00        54476.00        1018.00        
  96       3               54476.00        56157.00        1681.00        
  71       3               56297.62        57965.62        1668.00        
  8        7               57965.62        59626.62        1661.00        
  30       8               59626.62        61003.62        1377.00        
  41       4               61230.12        62133.12        903.00         
  96       5               62133.12        63506.12        1373.00        
  36       7               63506.12        64429.12        923.00         
  62       2               64429.12        65712.12        1283.00        
  65       3               65744.35        66978.35        1234.00        
  86       4               66978.35        68750.35        1772.00        
  40       6               68750.35        70071.35        1321.00        
  36       8               70071.35        71053.35        982.00         
  0        5               71053.35        72758.35        1705.00        

  机器利用率: 60.59% (忙碌时间: 44143.00 / 总时间: 72856.00)

离散机5:
工件号      工序号             开始时间            结束时间            加工时长           
--------------------------------------------------------------------------------
  90       2               26865.10        28242.10        1377.00        
  8        2               28242.10        29498.10        1256.00        
  97       2               30266.70        31249.70        983.00         
  33       3               31249.70        32313.70        1064.00        
  47       3               32507.70        33659.70        1152.00        
  79       2               33659.70        34582.70        923.00         
  24       4               34786.70        35852.70        1066.00        
  32       3               35852.70        37258.70        1406.00        
  10       3               37465.00        38533.00        1068.00        
  8        5               38533.00        39521.00        988.00         
  33       6               39521.00        40460.00        939.00         
  9        3               40482.00        41395.00        913.00         
  20       3               41395.00        42620.00        1225.00        
  86       2               42620.00        43764.00        1144.00        
  43       2               43764.00        45140.00        1376.00        
  30       5               45249.36        46173.36        924.00         
  30       6               46173.36        47347.36        1174.00        
  69       7               47485.00        49052.00        1567.00        
  13       4               49052.00        50728.00        1676.00        
  30       7               50728.00        51871.00        1143.00        
  45       4               51871.00        53085.00        1214.00        
  17       6               53085.00        54506.00        1421.00        
  13       5               54506.00        55555.00        1049.00        
  29       3               55555.00        56700.00        1145.00        
  91       2               56700.00        58339.00        1639.00        
  0        2               59255.00        60778.00        1523.00        
  34       4               60778.00        62208.00        1430.00        
  31       4               62386.12        63894.12        1508.00        
  32       6               63894.12        64899.12        1005.00        
  72       7               64899.12        66035.12        1136.00        
  72       8               66035.12        67427.12        1392.00        
  15       7               67427.12        68340.12        913.00         
  26       9               68517.35        70013.35        1496.00        
  23       8               70013.35        71251.35        1238.00        
  58       5               71251.35        72461.35        1210.00        

  机器利用率: 58.59% (忙碌时间: 42683.00 / 总时间: 72856.00)

离散机6:
工件号      工序号             开始时间            结束时间            加工时长           
--------------------------------------------------------------------------------
  94       2               26865.10        28305.10        1440.00        
  53       2               29166.05        30131.05        965.00         
  8        3               30131.05        31158.05        1027.00        
  44       2               31158.05        32144.05        986.00         
  33       4               32313.70        33222.70        909.00         
  85       2               33222.70        34464.70        1242.00        
  40       4               34629.70        36009.70        1380.00        
  10       2               36461.00        37465.00        1004.00        
  83       5               37465.00        38445.00        980.00         
  10       4               38533.00        40049.00        1516.00        
  97       4               40049.00        41512.00        1463.00        
  81       2               41528.00        42792.00        1264.00        
  17       3               42792.00        44030.00        1238.00        
  46       3               44030.00        45033.00        1003.00        
  57       2               45033.00        46159.00        1126.00        
  6        2               46159.00        47164.00        1005.00        
  23       4               47164.00        48741.00        1577.00        
  14       4               48741.00        49832.00        1091.00        
  15       5               49832.00        51158.00        1326.00        
  20       4               51158.00        52418.00        1260.00        
  28       3               52418.00        53409.00        991.00         
  49       2               53458.00        54907.00        1449.00        
  49       3               54907.00        55853.00        946.00         
  32       5               55853.00        57053.00        1200.00        
  92       2               57053.00        58085.00        1032.00        
  3        6               58085.00        59243.00        1158.00        
  21       4               59243.00        60808.00        1565.00        
  45       6               60808.00        62318.00        1510.00        
  14       7               62318.00        63530.00        1212.00        
  77       3               63530.00        64571.00        1041.00        
  87       4               64571.00        66231.00        1660.00        
  17       8               66231.00        67150.00        919.00         
  28       6               67150.00        68181.00        1031.00        
  58       4               68181.00        69290.00        1109.00        
  43       6               69290.00        70327.00        1037.00        
  4        7               70327.00        71665.00        1338.00        
  37       4               71665.00        72856.00        1191.00        

  机器利用率: 60.66% (忙碌时间: 44191.00 / 总时间: 72856.00)

离散机7:
工件号      工序号             开始时间            结束时间            加工时长           
--------------------------------------------------------------------------------
  3        3               27797.10        28926.10        1129.00        
  33       2               29166.05        30360.05        1194.00        
  69       3               30372.05        31883.05        1511.00        
  68       2               31883.05        33247.05        1364.00        
  59       3               33247.05        34705.05        1458.00        
  55       4               34705.05        35873.05        1168.00        
  21       2               36461.00        38015.00        1554.00        
  20       2               38015.00        39197.00        1182.00        
  9        2               39197.00        40482.00        1285.00        
  88       2               40482.00        41789.00        1307.00        
  99       4               41789.00        42791.00        1002.00        
  66       3               42831.00        43997.00        1166.00        
  14       2               43997.00        45300.00        1303.00        
  19       2               45300.00        46734.00        1434.00        
  16       3               46734.00        48303.00        1569.00        
  1        3               48372.36        50154.36        1782.00        
  3        5               50154.36        51245.36        1091.00        
  74       3               51245.36        52490.36        1245.00        
  75       6               52490.36        53408.36        918.00         
  26       2               53458.00        55132.00        1674.00        
  24       8               55132.00        56541.00        1409.00        
  26       4               56657.00        58014.00        1357.00        
  41       2               58014.00        59035.00        1021.00        
  96       4               59035.00        60153.00        1118.00        
  72       5               60153.00        61722.00        1569.00        
  67       5               61722.00        62982.00        1260.00        
  13       6               62982.00        64593.00        1611.00        
  49       4               64593.00        66144.00        1551.00        
  41       6               66144.00        67416.00        1272.00        
  59       6               67416.00        68885.00        1469.00        
  25       7               68885.00        70039.00        1154.00        
  65       6               70039.00        71064.00        1025.00        
  30       9               71064.00        72204.00        1140.00        

  机器利用率: 59.42% (忙碌时间: 43292.00 / 总时间: 72856.00)

离散机8:
工件号      工序号             开始时间            结束时间            加工时长           
--------------------------------------------------------------------------------
  35       2               26865.10        28583.10        1718.00        
  69       2               29166.05        30372.05        1206.00        
  15       2               30372.05        31778.05        1406.00        
  7        3               31778.05        32994.05        1216.00        
  5        3               32994.05        34290.05        1296.00        
  83       3               34290.05        35276.05        986.00         
  69       4               35276.05        36585.05        1309.00        
  13       3               36585.05        37623.05        1038.00        
  45       3               37782.00        38975.00        1193.00        
  78       2               40154.00        41439.00        1285.00        
  88       3               41789.00        43088.00        1299.00        
  30       3               43323.36        44330.36        1007.00        
  11       3               44330.36        45346.36        1016.00        
  69       6               46251.00        47485.00        1234.00        
  11       5               47485.00        48423.00        938.00         
  66       4               48423.00        49674.00        1251.00        
  11       6               49674.00        50690.00        1016.00        
  24       7               50690.00        52108.00        1418.00        
  55       6               52108.00        53318.00        1210.00        
  14       5               53318.00        54832.00        1514.00        
  10       6               54832.00        56165.00        1333.00        
  45       5               56165.00        57662.00        1497.00        
  14       6               57662.00        58855.00        1193.00        
  4        5               58855.00        59772.00        917.00         
  26       6               59816.12        61454.12        1638.00        
  31       3               61454.12        62386.12        932.00         
  81       3               62386.12        63574.12        1188.00        
  41       5               63574.12        64687.12        1113.00        
  99       5               64687.12        66115.12        1428.00        
  5        7               66115.12        67592.12        1477.00        
  65       4               67592.12        68501.12        909.00         
  96       6               68501.12        69531.12        1030.00        
  57       3               69531.12        70518.12        987.00         
  14       9               70518.12        72136.12        1618.00        

  机器利用率: 57.40% (忙碌时间: 41816.00 / 总时间: 72856.00)

离散机9:
工件号      工序号             开始时间            结束时间            加工时长           
--------------------------------------------------------------------------------
  67       2               29166.05        30097.05        931.00         
  36       2               30266.70        31260.70        994.00         
  53       3               31260.70        32290.70        1030.00        
  93       3               32290.70        33319.70        1029.00        
  40       3               33319.70        34629.70        1310.00        
  85       3               34629.70        36300.70        1671.00        
  39       2               36461.00        37761.00        1300.00        
  47       5               37761.00        39350.00        1589.00        
  40       5               39350.00        40268.00        918.00         
  23       2               40783.05        41823.05        1040.00        
  30       2               42224.36        43323.36        1099.00        
  17       4               44030.00        45015.00        985.00         
  17       5               45015.00        46021.00        1006.00        
  18       2               46021.00        47163.00        1142.00        
  93       5               47163.00        48237.00        1074.00        
  68       4               48237.00        49166.00        929.00         
  7        6               49166.00        50628.00        1462.00        
  96       2               50818.87        52102.87        1284.00        
  66       5               52102.87        53256.87        1154.00        
  64       2               53458.00        54659.00        1201.00        
  71       2               55228.62        56297.62        1069.00        
  20       5               56297.62        57513.62        1216.00        
  87       3               57513.62        58786.62        1273.00        
  83       7               58786.62        60187.62        1401.00        
  23       6               60187.62        61284.62        1097.00        
  26       7               61454.12        62455.12        1001.00        
  25       6               62455.12        64173.12        1718.00        
  65       2               64338.35        65744.35        1406.00        
  31       5               65744.35        67453.35        1709.00        
  26       8               67453.35        68517.35        1064.00        
  31       6               68517.35        69684.35        1167.00        
  99       7               69684.35        70752.35        1068.00        
  45       8               70752.35        71663.35        911.00         
  69       8               71663.35        72661.35        998.00         

  机器利用率: 55.24% (忙碌时间: 40246.00 / 总时间: 72856.00)

离散机10:
工件号      工序号             开始时间            结束时间            加工时长           
--------------------------------------------------------------------------------
  55       3               28324.10        29786.10        1462.00        
  94       4               29856.10        30775.10        919.00         
  59       2               30775.10        32163.10        1388.00        
  36       3               32163.10        33169.10        1006.00        
  4        3               33169.10        34517.10        1348.00        
  47       4               34517.10        35567.10        1050.00        
  42       3               35737.05        36934.05        1197.00        
  99       2               36934.05        38231.05        1297.00        
  39       3               38231.05        39169.05        938.00         
  67       4               39169.05        40106.05        937.00         
  17       2               40154.00        41108.00        954.00         
  12       2               41528.00        43051.00        1523.00        
  24       6               43051.00        44228.00        1177.00        
  93       4               44228.00        45717.00        1489.00        
  46       4               45717.00        47353.00        1636.00        
  39       5               47404.00        48830.00        1426.00        
  23       5               48830.00        50435.00        1605.00        
  33       7               50435.00        51842.00        1407.00        
  70       2               51842.00        53024.00        1182.00        
  48       2               53458.00        54897.00        1439.00        
  28       4               54897.00        56105.00        1208.00        
  2        2               56105.00        57285.00        1180.00        
  77       2               57286.12        58450.12        1164.00        
  28       5               58450.12        59516.12        1066.00        
  25       4               59533.12        60449.12        916.00         
  50       2               60449.12        61577.12        1128.00        
  36       6               61577.12        62525.12        948.00         
  72       6               62525.12        63899.12        1374.00        
  0        3               63899.12        65105.12        1206.00        
  20       6               65105.12        66025.12        920.00         
  32       7               66025.12        67101.12        1076.00        
  99       6               67101.12        68400.12        1299.00        
  14       8               68400.12        69657.12        1257.00        
  52       7               69657.12        70580.12        923.00         
  86       5               70580.12        71777.12        1197.00        
  96       8               71777.12        72788.12        1011.00        

  机器利用率: 59.37% (忙碌时间: 43253.00 / 总时间: 72856.00)

【打印批次详细信息】
----------------------------------------------------------------------------------------------------

打印机 1 (尺寸: 1033.0 x 412.0 x 635.0):
--------------------------------------------------------------------------------
  批次 1: 零件数=15, 占用率=83.98%
    - 83: 尺寸 441.0 x 153.0 x 197.0
    - 13: 尺寸 87.0 x 87.0 x 191.0
    - 67: 尺寸 121.0 x 144.0 x 191.0
    - 79: 尺寸 382.0 x 155.0 x 83.0
    - 5: 尺寸 63.0 x 187.0 x 153.0
    - 53: 尺寸 121.0 x 142.0 x 188.0
    - 82: 尺寸 191.0 x 198.0 x 181.0
    - 59: 尺寸 229.0 x 159.0 x 122.0
    - 38: 尺寸 144.0 x 118.0 x 155.0
    - 40: 尺寸 122.0 x 148.0 x 103.0
    - 4: 尺寸 136.0 x 148.0 x 21.0
    - 33: 尺寸 143.0 x 98.0 x 20.0
    - 69: 尺寸 101.0 x 76.0 x 43.0
    - 85: 尺寸 205.0 x 63.0 x 96.0
    - 19: 尺寸 220.0 x 58.0 x 76.0
  批次 2: 零件数=5, 占用率=77.46%
    - 30: 尺寸 686.0 x 336.0 x 90.0
    - 18: 尺寸 207.0 x 134.0 x 86.0
    - 51: 尺寸 135.0 x 173.0 x 83.0
    - 70: 尺寸 139.0 x 217.0 x 55.0
    - 14: 尺寸 183.0 x 98.0 x 54.0
  批次 3: 零件数=2, 占用率=78.32%
    - 96: 尺寸 711.0 x 335.0 x 59.0
    - 56: 尺寸 312.0 x 305.0 x 32.0
  批次 4: 零件数=2, 占用率=65.58%
    - 87: 尺寸 690.0 x 134.0 x 26.0
    - 71: 尺寸 699.0 x 267.0 x 29.0

打印机 2 (尺寸: 1163.0 x 587.0 x 663.0):
--------------------------------------------------------------------------------
  批次 1: 零件数=16, 占用率=82.18%
    - 34: 尺寸 206.0 x 118.0 x 193.0
    - 99: 尺寸 390.0 x 203.0 x 186.0
    - 47: 尺寸 178.0 x 51.0 x 176.0
    - 84: 尺寸 132.0 x 148.0 x 176.0
    - 15: 尺寸 255.0 x 172.0 x 44.0
    - 36: 尺寸 164.0 x 468.0 x 153.0
    - 86: 尺寸 205.0 x 349.0 x 127.0
    - 62: 尺寸 133.0 x 188.0 x 95.0
    - 68: 尺寸 227.0 x 413.0 x 174.0
    - 7: 尺寸 105.0 x 98.0 x 89.0
    - 42: 尺寸 86.0 x 114.0 x 61.0
    - 97: 尺寸 213.0 x 107.0 x 56.0
    - 44: 尺寸 103.0 x 79.0 x 14.0
    - 73: 尺寸 177.0 x 159.0 x 112.0
    - 80: 尺寸 106.0 x 152.0 x 19.0
    - 50: 尺寸 123.0 x 185.0 x 171.0
  批次 2: 零件数=5, 占用率=67.33%
    - 23: 尺寸 422.0 x 283.0 x 63.0
    - 43: 尺寸 713.0 x 239.0 x 46.0
    - 72: 尺寸 426.0 x 214.0 x 34.0
    - 6: 尺寸 306.0 x 134.0 x 68.0
    - 11: 尺寸 306.0 x 123.0 x 35.0

打印机 3 (尺寸: 941.0 x 424.0 x 663.0):
--------------------------------------------------------------------------------
  批次 1: 零件数=13, 占用率=63.52%
    - 3: 尺寸 114.0 x 130.0 x 98.0
    - 52: 尺寸 170.0 x 59.0 x 100.0
    - 32: 尺寸 98.0 x 66.0 x 75.0
    - 37: 尺寸 208.0 x 179.0 x 109.0
    - 91: 尺寸 133.0 x 179.0 x 39.0
    - 98: 尺寸 197.0 x 134.0 x 63.0
    - 24: 尺寸 187.0 x 173.0 x 33.0
    - 55: 尺寸 93.0 x 72.0 x 88.0
    - 35: 尺寸 106.0 x 96.0 x 48.0
    - 90: 尺寸 85.0 x 241.0 x 93.0
    - 94: 尺寸 86.0 x 78.0 x 15.0
    - 93: 尺寸 291.0 x 139.0 x 38.0
    - 8: 尺寸 155.0 x 115.0 x 87.0
  批次 2: 零件数=3, 占用率=80.88%
    - 17: 尺寸 668.0 x 227.0 x 36.0
    - 78: 尺寸 257.0 x 259.0 x 55.0
    - 2: 尺寸 568.0 x 184.0 x 44.0

打印机 4 (尺寸: 1081.0 x 523.0 x 615.0):
--------------------------------------------------------------------------------
  批次 1: 零件数=9, 占用率=88.77%
    - 81: 尺寸 134.0 x 93.0 x 170.0
    - 92: 尺寸 440.0 x 247.0 x 168.0
    - 75: 尺寸 460.0 x 290.0 x 105.0
    - 46: 尺寸 123.0 x 389.0 x 52.0
    - 66: 尺寸 438.0 x 139.0 x 124.0
    - 74: 尺寸 488.0 x 192.0 x 92.0
    - 12: 尺寸 132.0 x 99.0 x 97.0
    - 28: 尺寸 148.0 x 108.0 x 40.0
    - 57: 尺寸 139.0 x 114.0 x 92.0
  批次 2: 零件数=7, 占用率=81.54%
    - 77: 尺寸 509.0 x 204.0 x 43.0
    - 27: 尺寸 565.0 x 191.0 x 59.0
    - 54: 尺寸 529.0 x 120.0 x 52.0
    - 41: 尺寸 420.0 x 84.0 x 65.0
    - 89: 尺寸 233.0 x 185.0 x 23.0
    - 25: 尺寸 207.0 x 202.0 x 33.0
    - 61: 尺寸 533.0 x 123.0 x 54.0
  批次 3: 零件数=1, 占用率=29.94%
    - 65: 尺寸 688.0 x 246.0 x 28.0

打印机 5 (尺寸: 1118.0 x 504.0 x 631.0):
--------------------------------------------------------------------------------
  批次 1: 零件数=12, 占用率=88.53%
    - 10: 尺寸 480.0 x 155.0 x 175.0
    - 39: 尺寸 396.0 x 158.0 x 123.0
    - 45: 尺寸 241.0 x 266.0 x 26.0
    - 1: 尺寸 465.0 x 126.0 x 96.0
    - 88: 尺寸 385.0 x 207.0 x 83.0
    - 58: 尺寸 246.0 x 181.0 x 77.0
    - 16: 尺寸 441.0 x 143.0 x 42.0
    - 20: 尺寸 142.0 x 89.0 x 104.0
    - 22: 尺寸 69.0 x 106.0 x 68.0
    - 9: 尺寸 149.0 x 101.0 x 45.0
    - 95: 尺寸 202.0 x 55.0 x 55.0
    - 21: 尺寸 109.0 x 53.0 x 36.0
  批次 2: 零件数=7, 占用率=85.69%
    - 49: 尺寸 720.0 x 166.0 x 70.0
    - 60: 尺寸 363.0 x 170.0 x 19.0
    - 48: 尺寸 205.0 x 200.0 x 83.0
    - 64: 尺寸 441.0 x 333.0 x 52.0
    - 26: 尺寸 353.0 x 115.0 x 50.0
    - 63: 尺寸 163.0 x 195.0 x 52.0
    - 29: 尺寸 302.0 x 137.0 x 33.0
  批次 3: 零件数=3, 占用率=33.19%
    - 31: 尺寸 355.0 x 260.0 x 20.0
    - 0: 尺寸 268.0 x 250.0 x 27.0
    - 76: 尺寸 165.0 x 168.0 x 18.0

════════════════════════════════════════════════════════════════
