════════════════════════════════════════════════════════════════
              最优Cmax解的详细调度记录
════════════════════════════════════════════════════════════════

【基本信息】
----------------------------------------------------------------------------------------------------
Cmax (最大完工时间): 62236.14
能耗: 843.72 kWh
装箱质量: 0.5129
批次总数: 13
工件数量: 100
机器数量: 17 (打印机:5, 批处理机:2, 离散机:10)

【染色体编码】
----------------------------------------------------------------------------------------------------
工序序列 (OS): [43, 59, 98, 20, 24, 42, 0, 64, 62, 67, 97, 32, 68, 86, 90, 56, 65, 22, 94, 1, 99, 55, 89, 28, 88, 73, 75, 11, 47, 9, 19, 6, 53, 69, 92, 83, 33, 38, 36, 15, 84, 17, 80, 31, 18, 50, 12, 27, 54, 5, 30, 41, 79, 78, 74, 82, 52, 87, 57, 35, 40, 81, 3, 8, 44, 72, 58, 25, 4, 63, 61, 46, 10, 29, 34, 14, 93, 66, 95, 21, 96, 13, 39, 76, 2, 60, 91, 37, 45, 48, 71, 49, 85, 26, 16, 23, 70, 51, 7, 77, 90, 93, 71, 1, 97, 39, 42, 23, 67, 59, 27, 59, 45, 27, 21, 94, 82, 32, 31, 85, 27, 65, 76, 3, 88, 86, 13, 45, 37, 73, 69, 37, 66, 25, 90, 3, 73, 96, 82, 76, 83, 39, 45, 84, 3, 33, 78, 50, 45, 44, 29, 88, 48, 97, 69, 55, 99, 94, 5, 91, 96, 74, 66, 94, 86, 97, 20, 98, 53, 8, 30, 11, 23, 38, 96, 44, 78, 84, 56, 69, 9, 61, 46, 45, 82, 98, 38, 42, 63, 41, 50, 55, 55, 21, 89, 23, 43, 53, 37, 15, 81, 8, 52, 37, 90, 43, 82, 45, 93, 91, 86, 66, 4, 8, 42, 27, 35, 1, 96, 9, 2, 97, 24, 43, 97, 96, 43, 90, 74, 29, 57, 78, 98, 42, 64, 85, 35, 47, 36, 9, 25, 23, 94, 21, 78, 84, 20, 36, 11, 64, 63, 43, 11, 27, 4, 9, 67, 8, 1, 39, 63, 66, 88, 89, 48, 52, 35, 89, 31, 30, 73, 50, 43, 45, 69, 58, 9, 88, 47, 57, 18, 56, 50, 71, 94, 88, 63, 42, 23, 38, 7, 93, 3, 64, 50, 50, 3, 6, 90, 67, 50, 8, 45, 2, 0, 98, 16, 59, 48, 84, 83, 27, 54, 61, 35, 86, 16, 32, 19, 39, 19, 20, 83, 78, 47, 90, 99, 89, 31, 0, 88, 70, 39, 83, 38, 38, 70, 34, 32, 83, 68, 1, 59, 9, 42, 82, 48, 14, 84, 4, 46, 46, 78, 78, 64, 80, 67, 55, 53, 63, 74, 37, 35, 1, 62, 36, 73, 21, 11, 76, 88, 93, 95, 93, 75, 47, 17, 67, 3, 8, 95, 62, 24, 20, 39, 11, 43, 40, 44, 9, 77, 13, 50, 55, 33, 21, 59, 32, 8, 4, 99, 86, 85, 46, 55, 97, 89, 8, 4, 95, 21, 40, 71, 47, 43, 5, 49, 78, 1, 89, 64, 88, 84, 27, 33, 7, 85, 76, 82, 35, 53, 17, 10, 37, 7, 82, 36, 9, 74, 36, 35, 96, 66, 42, 55, 2, 89, 13, 39, 74, 40, 11, 31, 1, 90, 55, 21, 58]
机器选择 (MS): [2, 2, 3, 4, 2, 4, 2, 4, 5, 3, 5, 3, 3, 4, 3, 4, 5, 3, 1, 2, 3, 2, 3, 2, 3, 3, 2, 2, 2, 3, 3, 5, 3, 3, 3, 1, 3, 4, 2, 3, 2, 3, 2, 2, 1, 5, 4, 3, 3, 4, 4, 2, 1, 5, 2, 4, 3, 1, 3, 3, 3, 3, 2, 1, 2, 2, 3, 2, 2, 2, 3, 2, 2, 5, 2, 2, 5, 1, 3, 3, 2, 3, 5, 5, 5, 3, 2, 2, 3, 5, 3, 5, 2, 2, 1, 1, 5, 3, 3, 2, 1, 1, 3, 2, 2, 2, 1, 1, 1, 3, 3, 1, 2, 1, 2, 1, 1, 3, 1, 1, 1, 1, 2, 1, 1, 1, 2, 1, 1, 1, 1, 3, 3, 3, 2, 2, 1, 1, 2, 1, 1, 1, 1, 1, 2, 3, 3, 1, 1, 2, 2, 2, 3, 1, 1, 1, 3, 1, 1, 1, 1, 2, 2, 1, 1, 1, 2, 3, 2, 1, 3, 1, 1, 2, 1, 1, 1, 1, 1, 1, 1, 1, 1, 3, 2, 1, 3, 1, 2, 2, 3, 1, 2, 1, 2, 1, 1, 3, 3, 3, 2, 2, 2, 2, 1, 1, 2, 1, 2, 1, 2, 1, 1, 1, 1, 2, 3, 1, 1, 2, 1, 3, 1, 1, 1, 1, 3, 1, 2, 2, 2, 3, 2, 1, 1, 1, 2, 2, 1, 1, 1, 1, 1, 1, 1, 1, 2, 1, 2, 3, 1, 2, 1, 2, 1, 1, 1, 2, 1, 1, 2, 1, 1, 2, 2, 1, 1, 1, 1, 1, 1, 1, 1, 2, 3, 1, 1, 2, 1, 3, 1, 2, 1, 1, 1, 1, 2, 1, 1, 1, 1, 2, 2, 2, 3, 1, 1, 2, 1, 3, 1, 1, 2, 1, 1, 2, 1, 1, 1, 1, 1, 2, 3, 1, 1, 3, 1, 1, 1, 2, 1, 1, 1, 3, 2, 1, 1, 1, 2, 1, 2, 3, 2, 1, 1, 1, 1, 2, 1, 1, 2, 1, 2, 1, 2, 3, 1, 1, 2, 1, 1, 1, 1, 1, 1, 2, 1, 2, 1, 2, 2, 1, 1, 2, 2, 2, 1, 1, 1, 2, 1, 1, 2, 2, 2, 1, 2, 3, 2, 2, 1, 1, 1, 1, 1, 1, 1, 2, 2, 2, 2, 1, 2, 1, 1, 1, 1, 1, 2, 1, 1, 2, 2, 2, 1, 1, 1, 1, 1, 1, 1, 2, 1, 1, 1, 1, 1, 1, 1, 1, 1, 1, 2, 2, 2, 2, 1, 3, 1, 1, 1, 3, 1, 3, 1, 2, 1, 2, 1, 2, 2, 1, 1, 2, 3, 2, 1, 1, 1, 1, 1, 1, 2, 1, 1, 1, 1, 1]

【零件加工顺序记录】
----------------------------------------------------------------------------------------------------
工件号      工序号             机器号             开始时间            结束时间            加工时长           
----------------------------------------------------------------------------------------------------

工件 0:
  0        0               打印机2            0.00            19738.86        19738.86       
  0        1               批处理机1           19738.86        20598.86        860.00         
  0        2               离散机1            24411.86        25972.86        1561.00        
  0        3               离散机2            27314.33        28884.33        1570.00        

工件 1:
  1        0               打印机2            19738.86        37870.57        18131.71       
  1        1               批处理机1           37870.57        38730.57        860.00         
  1        2               离散机8            38730.57        40038.57        1308.00        
  1        3               离散机6            41123.57        42760.57        1637.00        
  1        4               离散机8            42760.57        44279.57        1519.00        
  1        5               离散机9            45965.00        46979.00        1014.00        
  1        6               离散机6            48941.68        50451.68        1510.00        
  1        7               离散机8            59377.57        60783.57        1406.00        
  1        8               离散机4            61016.14        62075.14        1059.00        

工件 2:
  2        0               打印机5            0.00            21759.33        21759.33       
  2        1               批处理机1           21759.33        22619.33        860.00         
  2        2               离散机10           25290.33        26360.33        1070.00        
  2        3               离散机7            34791.00        36007.00        1216.00        
  2        4               离散机3            59664.14        60750.14        1086.00        

工件 3:
  3        0               打印机2            0.00            19738.86        19738.86       
  3        1               批处理机1           19738.86        20598.86        860.00         
  3        2               离散机6            20598.86        21756.86        1158.00        
  3        3               离散机1            21756.86        22712.86        956.00         
  3        4               离散机6            24395.86        25340.86        945.00         
  3        5               离散机2            25993.33        27314.33        1321.00        
  3        6               离散机7            29326.33        30641.33        1315.00        
  3        7               离散机9            30665.33        31680.33        1015.00        

工件 4:
  4        0               打印机2            0.00            19738.86        19738.86       
  4        1               批处理机1           19738.86        20598.86        860.00         
  4        2               离散机6            29047.86        30059.86        1012.00        
  4        3               离散机1            35469.00        36910.00        1441.00        
  4        4               离散机6            36910.00        38708.00        1798.00        
  4        5               离散机6            53093.68        54077.68        984.00         
  4        6               离散机8            58411.57        59377.57        966.00         

工件 5:
  5        0               打印机4            0.00            15867.60        15867.60       
  5        1               批处理机1           15867.60        16727.60        860.00         
  5        2               离散机6            16727.60        17897.60        1170.00        
  5        3               离散机4            55146.14        56076.14        930.00         

工件 6:
  6        0               打印机5            0.00            21759.33        21759.33       
  6        1               批处理机1           21759.33        22619.33        860.00         
  6        2               离散机1            22712.86        24411.86        1699.00        

工件 7:
  7        0               打印机3            30880.00        44793.68        13913.68       
  7        1               批处理机1           44793.68        45653.68        860.00         
  7        2               离散机2            45653.68        46959.68        1306.00        
  7        3               离散机1            48651.00        49656.00        1005.00        
  7        4               离散机2            56706.14        58456.14        1750.00        

工件 8:
  8        0               打印机1            0.00            29824.00        29824.00       
  8        1               批处理机1           29824.00        30684.00        860.00         
  8        2               离散机3            32180.00        33912.00        1732.00        
  8        3               离散机4            35697.00        36794.00        1097.00        
  8        4               离散机9            36794.00        38085.00        1291.00        
  8        5               离散机9            40785.00        41797.00        1012.00        
  8        6               离散机6            42760.57        44270.57        1510.00        
  8        7               离散机3            45265.00        46472.00        1207.00        
  8        8               离散机4            53800.14        55146.14        1346.00        
  8        9               离散机6            56973.68        58586.68        1613.00        

工件 9:
  9        0               打印机3            0.00            9913.68         9913.68        
  9        1               批处理机1           9913.68         10773.68        860.00         
  9        2               离散机1            10773.68        12010.68        1237.00        
  9        3               离散机3            12838.68        14192.68        1354.00        
  9        4               离散机3            14192.68        15813.68        1621.00        
  9        5               离散机10           15813.68        16741.68        928.00         
  9        6               离散机8            16741.68        18536.68        1795.00        
  9        7               离散机3            24890.86        26684.86        1794.00        
  9        8               离散机1            46498.00        47446.00        948.00         
  9        9               离散机8            48215.57        50015.57        1800.00        

工件 10:
  10       0               打印机2            49145.14        56562.57        7417.43        
  10       1               批处理机2           56562.57        57476.57        914.00         
  10       2               离散机8            60783.57        62079.57        1296.00        

工件 11:
  11       0               打印机2            37870.57        49145.14        11274.57       
  11       1               批处理机1           49145.14        50005.14        860.00         
  11       2               离散机5            50005.14        50987.14        982.00         
  11       3               离散机1            50987.14        52199.14        1212.00        
  11       4               离散机3            52199.14        53320.14        1121.00        
  11       5               离散机5            54114.14        55141.14        1027.00        
  11       6               离散机5            55141.14        56046.14        905.00         
  11       7               离散机7            59985.14        61006.14        1021.00        

工件 12:
  12       0               打印机4            0.00            15867.60        15867.60       
  12       1               批处理机1           15867.60        16727.60        860.00         

工件 13:
  13       0               打印机3            44793.68        51444.21        6650.53        
  13       1               批处理机1           51444.21        52304.21        860.00         
  13       2               离散机8            52304.21        53542.21        1238.00        
  13       3               离散机8            54551.21        55958.21        1407.00        
  13       4               离散机3            60750.14        62236.14        1486.00        

工件 14:
  14       0               打印机2            37870.57        49145.14        11274.57       
  14       1               批处理机1           49145.14        50005.14        860.00         
  14       2               离散机5            52175.14        53183.14        1008.00        

工件 15:
  15       0               打印机3            9913.68         30880.00        20966.32       
  15       1               批处理机1           30880.00        31740.00        860.00         
  15       2               离散机10           33549.00        34449.00        900.00         

工件 16:
  16       0               打印机1            0.00            29824.00        29824.00       
  16       1               批处理机1           29824.00        30684.00        860.00         
  16       2               离散机3            40364.00        41570.00        1206.00        
  16       3               离散机5            46165.57        47632.57        1467.00        

工件 17:
  17       0               打印机3            9913.68         30880.00        20966.32       
  17       1               批处理机1           30880.00        31740.00        860.00         
  17       2               离散机10           52252.68        53677.68        1425.00        
  17       3               离散机9            55795.14        57418.14        1623.00        

工件 18:
  18       0               打印机1            0.00            29824.00        29824.00       
  18       1               批处理机1           29824.00        30684.00        860.00         
  18       2               离散机8            33299.33        34218.33        919.00         

工件 19:
  19       0               打印机3            0.00            9913.68         9913.68        
  19       1               批处理机1           9913.68         10773.68        860.00         
  19       2               离散机2            12217.68        13263.68        1046.00        
  19       3               离散机10           13727.68        15441.68        1714.00        

工件 20:
  20       0               打印机4            0.00            15867.60        15867.60       
  20       1               批处理机1           15867.60        16727.60        860.00         
  20       2               离散机3            17933.60        19173.60        1240.00        
  20       3               离散机2            20797.60        21723.60        926.00         
  20       4               离散机4            42413.57        43684.57        1271.00        
  20       5               离散机9            49788.00        51231.00        1443.00        

工件 21:
  21       0               打印机3            0.00            9913.68         9913.68        
  21       1               批处理机1           9913.68         10773.68        860.00         
  21       2               离散机2            10773.68        12217.68        1444.00        
  21       3               离散机6            12217.68        13194.68        977.00         
  21       4               离散机9            13194.68        14312.68        1118.00        
  21       5               离散机1            14312.68        15664.68        1352.00        
  21       6               离散机1            18890.68        20486.68        1596.00        
  21       7               离散机10           20683.60        21603.60        920.00         
  21       8               离散机3            29239.33        30550.33        1311.00        

工件 22:
  22       0               打印机3            30880.00        44793.68        13913.68       
  22       1               批处理机1           44793.68        45653.68        860.00         

工件 23:
  23       0               打印机1            0.00            29824.00        29824.00       
  23       1               批处理机1           29824.00        30684.00        860.00         
  23       2               离散机3            30684.00        32180.00        1496.00        
  23       3               离散机4            34512.00        35697.00        1185.00        
  23       4               离散机8            35697.00        37422.00        1725.00        
  23       5               离散机3            37422.00        38571.00        1149.00        
  23       6               离散机2            42386.57        43904.57        1518.00        

工件 24:
  24       0               打印机2            19738.86        37870.57        18131.71       
  24       1               批处理机1           37870.57        38730.57        860.00         
  24       2               离散机5            38730.57        40466.57        1736.00        
  24       3               离散机8            46882.57        48215.57        1333.00        

工件 25:
  25       0               打印机2            0.00            19738.86        19738.86       
  25       1               批处理机1           19738.86        20598.86        860.00         
  25       2               离散机4            20598.86        22323.86        1725.00        
  25       3               离散机8            29278.33        30332.33        1054.00        

工件 26:
  26       0               打印机2            49145.14        56562.57        7417.43        
  26       1               批处理机2           56562.57        57476.57        914.00         

工件 27:
  27       0               打印机3            9913.68         30880.00        20966.32       
  27       1               批处理机1           30880.00        31740.00        860.00         
  27       2               离散机4            31740.00        33484.00        1744.00        
  27       3               离散机6            33484.00        34798.00        1314.00        
  27       4               离散机10           34798.00        36467.00        1669.00        
  27       5               离散机9            38085.00        39413.00        1328.00        
  27       6               离散机9            39413.00        40785.00        1372.00        
  27       7               离散机10           42912.57        43913.57        1001.00        
  27       8               离散机9            53399.14        54895.14        1496.00        

工件 28:
  28       0               打印机2            0.00            19738.86        19738.86       
  28       1               批处理机1           19738.86        20598.86        860.00         

工件 29:
  29       0               打印机5            0.00            21759.33        21759.33       
  29       1               批处理机1           21759.33        22619.33        860.00         
  29       2               离散机2            22619.33        23907.33        1288.00        
  29       3               离散机5            32366.00        33646.00        1280.00        

工件 30:
  30       0               打印机4            0.00            15867.60        15867.60       
  30       1               批处理机1           15867.60        16727.60        860.00         
  30       2               离散机2            17675.60        19010.60        1335.00        
  30       3               离散机8            32206.33        33299.33        1093.00        

工件 31:
  31       0               打印机2            19738.86        37870.57        18131.71       
  31       1               批处理机1           37870.57        38730.57        860.00         
  31       2               离散机7            38730.57        39827.57        1097.00        
  31       3               离散机2            39827.57        40763.57        936.00         
  31       4               离散机10           45606.57        46957.57        1351.00        
  31       5               离散机7            52744.14        53829.14        1085.00        

工件 32:
  32       0               打印机3            9913.68         30880.00        20966.32       
  32       1               批处理机1           30880.00        31740.00        860.00         
  32       2               离散机9            31740.00        33038.00        1298.00        
  32       3               离散机3            41570.00        42578.00        1008.00        
  32       4               离散机5            50987.14        52175.14        1188.00        
  32       5               离散机9            52175.14        53399.14        1224.00        

工件 33:
  33       0               打印机3            0.00            9913.68         9913.68        
  33       1               批处理机1           9913.68         10773.68        860.00         
  33       2               离散机3            11762.68        12838.68        1076.00        
  33       3               离散机1            12838.68        14168.68        1330.00        
  33       4               离散机7            14168.68        15686.68        1518.00        

工件 34:
  34       0               打印机2            19738.86        37870.57        18131.71       
  34       1               批处理机1           37870.57        38730.57        860.00         
  34       2               离散机10           46957.57        48005.57        1048.00        

工件 35:
  35       0               打印机3            9913.68         30880.00        20966.32       
  35       1               批处理机1           30880.00        31740.00        860.00         
  35       2               离散机2            32719.00        33660.00        941.00         
  35       3               离散机2            34837.00        36347.00        1510.00        
  35       4               离散机3            38571.00        40364.00        1793.00        
  35       5               离散机5            45209.57        46165.57        956.00         
  35       6               离散机4            49326.68        50942.68        1616.00        
  35       7               离散机2            55407.14        56706.14        1299.00        
  35       8               离散机4            58619.14        59933.14        1314.00        

工件 36:
  36       0               打印机2            37870.57        49145.14        11274.57       
  36       1               批处理机1           49145.14        50005.14        860.00         
  36       2               离散机4            52497.14        53800.14        1303.00        
  36       3               离散机10           53800.14        54945.14        1145.00        
  36       4               离散机10           54945.14        56438.14        1493.00        
  36       5               离散机4            57140.14        58619.14        1479.00        
  36       6               离散机1            60834.14        62032.14        1198.00        

工件 37:
  37       0               打印机2            0.00            19738.86        19738.86       
  37       1               批处理机1           19738.86        20598.86        860.00         
  37       2               离散机6            21756.86        23385.86        1629.00        
  37       3               离散机6            23385.86        24395.86        1010.00        
  37       4               离散机9            26667.33        28079.33        1412.00        
  37       5               离散机3            28079.33        29239.33        1160.00        
  37       6               离散机1            43649.00        44971.00        1322.00        
  37       7               离散机1            59133.14        60834.14        1701.00        

工件 38:
  38       0               打印机4            0.00            15867.60        15867.60       
  38       1               批处理机1           15867.60        16727.60        860.00         
  38       2               离散机6            17897.60        18942.60        1045.00        
  38       3               离散机10           18942.60        20683.60        1741.00        
  38       4               离散机1            20683.60        21640.60        957.00         
  38       5               离散机9            43186.00        44600.00        1414.00        
  38       6               离散机9            44600.00        45965.00        1365.00        

工件 39:
  39       0               打印机5            0.00            21759.33        21759.33       
  39       1               批处理机1           21759.33        22619.33        860.00         
  39       2               离散机7            23865.33        25166.33        1301.00        
  39       3               离散机9            25166.33        26667.33        1501.00        
  39       4               离散机4            29115.33        30629.33        1514.00        
  39       5               离散机10           43913.57        45606.57        1693.00        
  39       6               离散机5            47632.57        48542.57        910.00         
  39       7               离散机2            54276.14        55407.14        1131.00        
  39       8               离散机7            58922.14        59985.14        1063.00        

工件 40:
  40       0               打印机3            44793.68        51444.21        6650.53        
  40       1               批处理机1           51444.21        52304.21        860.00         
  40       2               离散机5            56046.14        56955.14        909.00         
  40       3               离散机7            57430.14        58922.14        1492.00        
  40       4               离散机4            59933.14        61016.14        1083.00        

工件 41:
  41       0               打印机2            0.00            19738.86        19738.86       
  41       1               批处理机1           19738.86        20598.86        860.00         
  41       2               离散机3            22684.86        23925.86        1241.00        

工件 42:
  42       0               打印机4            0.00            15867.60        15867.60       
  42       1               批处理机1           15867.60        16727.60        860.00         
  42       2               离散机4            16727.60        17646.60        919.00         
  42       3               离散机4            26936.33        28012.33        1076.00        
  42       4               离散机7            28012.33        29326.33        1314.00        
  42       5               离散机5            37032.00        38617.00        1585.00        
  42       6               离散机2            40763.57        42386.57        1623.00        
  42       7               离散机4            46756.68        47790.68        1034.00        
  42       8               离散机2            58456.14        59544.14        1088.00        

工件 43:
  43       0               打印机2            0.00            19738.86        19738.86       
  43       1               批处理机1           19738.86        20598.86        860.00         
  43       2               离散机8            25488.33        26528.33        1040.00        
  43       3               离散机10           26528.33        28176.33        1648.00        
  43       4               离散机1            29762.33        30674.33        912.00         
  43       5               离散机8            30674.33        32206.33        1532.00        
  43       6               离散机4            36794.00        38138.00        1344.00        
  43       7               离散机9            41797.00        43186.00        1389.00        
  43       8               离散机1            44971.00        46498.00        1527.00        
  43       9               离散机5            59270.14        60434.14        1164.00        

工件 44:
  44       0               打印机2            19738.86        37870.57        18131.71       
  44       1               批处理机1           37870.57        38730.57        860.00         
  44       2               离散机10           38730.57        40093.57        1363.00        
  44       3               离散机7            41358.57        42771.57        1413.00        
  44       4               离散机7            47277.68        48582.68        1305.00        

工件 45:
  45       0               打印机3            0.00            9913.68         9913.68        
  45       1               批处理机1           9913.68         10773.68        860.00         
  45       2               离散机10           10773.68        11938.68        1165.00        
  45       3               离散机10           11938.68        13727.68        1789.00        
  45       4               离散机4            13727.68        15095.68        1368.00        
  45       5               离散机2            15095.68        16234.68        1139.00        
  45       6               离散机4            25226.33        26936.33        1710.00        
  45       7               离散机6            28076.86        29047.86        971.00         
  45       8               离散机4            30629.33        31547.33        918.00         
  45       9               离散机5            43954.57        45209.57        1255.00        

工件 46:
  46       0               打印机2            0.00            19738.86        19738.86       
  46       1               批处理机1           19738.86        20598.86        860.00         
  46       2               离散机8            21892.86        23157.86        1265.00        
  46       3               离散机4            47790.68        49326.68        1536.00        
  46       4               离散机3            51286.14        52188.14        902.00         
  46       5               离散机1            56608.14        57827.14        1219.00        

工件 47:
  47       0               打印机2            37870.57        49145.14        11274.57       
  47       1               批处理机1           49145.14        50005.14        860.00         
  47       2               离散机7            51027.14        52744.14        1717.00        
  47       3               离散机8            53542.21        54551.21        1009.00        
  47       4               离散机3            54596.14        55984.14        1388.00        
  47       5               离散机8            55984.14        57178.14        1194.00        
  47       6               离散机6            59677.68        61434.68        1757.00        

工件 48:
  48       0               打印机5            0.00            21759.33        21759.33       
  48       1               批处理机1           21759.33        22619.33        860.00         
  48       2               离散机6            25340.86        26544.86        1204.00        
  48       3               离散机10           28176.33        29545.33        1369.00        
  48       4               离散机1            30674.33        31574.33        900.00         
  48       5               离散机9            46979.00        48067.00        1088.00        

工件 49:
  49       0               打印机5            0.00            21759.33        21759.33       
  49       1               批处理机1           21759.33        22619.33        860.00         
  49       2               离散机10           22619.33        23632.33        1013.00        

工件 50:
  50       0               打印机5            0.00            21759.33        21759.33       
  50       1               批处理机1           21759.33        22619.33        860.00         
  50       2               离散机7            25166.33        26604.33        1438.00        
  50       3               离散机5            28794.33        30377.33        1583.00        
  50       4               离散机2            30377.33        31591.33        1214.00        
  50       5               离散机5            41763.57        42925.57        1162.00        
  50       6               离散机8            45530.57        46882.57        1352.00        
  50       7               离散机10           50817.68        52252.68        1435.00        
  50       8               离散机3            53320.14        54596.14        1276.00        
  50       9               离散机7            55638.14        57430.14        1792.00        

工件 51:
  51       0               打印机3            56410.53        60324.21        3913.68        
  51       1               批处理机1           60324.21        61184.21        860.00         

工件 52:
  52       0               打印机3            9913.68         30880.00        20966.32       
  52       1               批处理机1           30880.00        31740.00        860.00         
  52       2               离散机6            34798.00        35890.00        1092.00        
  52       3               离散机2            36347.00        37602.00        1255.00        

工件 53:
  53       0               打印机3            30880.00        44793.68        13913.68       
  53       1               批处理机1           44793.68        45653.68        860.00         
  53       2               离散机4            45653.68        46756.68        1103.00        
  53       3               离散机2            48215.68        49215.68        1000.00        
  53       4               离散机5            53183.14        54114.14        931.00         
  53       5               离散机9            54895.14        55795.14        900.00         

工件 54:
  54       0               打印机3            30880.00        44793.68        13913.68       
  54       1               批处理机1           44793.68        45653.68        860.00         
  54       2               离散机6            47202.68        48941.68        1739.00        

工件 55:
  55       0               打印机2            0.00            19738.86        19738.86       
  55       1               批处理机1           19738.86        20598.86        860.00         
  55       2               离散机9            20598.86        21552.86        954.00         
  55       3               离散机9            23364.86        25047.86        1683.00        
  55       4               离散机6            26544.86        28076.86        1532.00        
  55       5               离散机6            30059.86        31350.86        1291.00        
  55       6               离散机6            50451.68        51395.68        944.00         
  55       7               离散机6            55442.68        56973.68        1531.00        
  55       8               离散机9            57418.14        58464.14        1046.00        
  55       9               离散机7            61006.14        62131.14        1125.00        

工件 56:
  56       0               打印机4            0.00            15867.60        15867.60       
  56       1               批处理机1           15867.60        16727.60        860.00         
  56       2               离散机2            19010.60        20797.60        1787.00        
  56       3               离散机3            23925.86        24890.86        965.00         

工件 57:
  57       0               打印机3            9913.68         30880.00        20966.32       
  57       1               批处理机1           30880.00        31740.00        860.00         
  57       2               离散机2            33660.00        34837.00        1177.00        
  57       3               离散机5            40466.57        41763.57        1297.00        

工件 58:
  58       0               打印机3            9913.68         30880.00        20966.32       
  58       1               批处理机1           30880.00        31740.00        860.00         
  58       2               离散机9            33038.00        34799.00        1761.00        
  58       3               离散机2            50296.68        51273.68        977.00         

工件 59:
  59       0               打印机2            19738.86        37870.57        18131.71       
  59       1               批处理机1           37870.57        38730.57        860.00         
  59       2               离散机6            38730.57        40068.57        1338.00        
  59       3               离散机7            40068.57        41358.57        1290.00        
  59       4               离散机10           41704.57        42912.57        1208.00        
  59       5               离散机3            44212.00        45265.00        1053.00        
  59       6               离散机6            51395.68        53093.68        1698.00        

工件 60:
  60       0               打印机3            51444.21        56410.53        4966.32        
  60       1               批处理机1           56410.53        57270.53        860.00         

工件 61:
  61       0               打印机3            9913.68         30880.00        20966.32       
  61       1               批处理机1           30880.00        31740.00        860.00         
  61       2               离散机10           40093.57        41704.57        1611.00        
  61       3               离散机7            42771.57        43800.57        1029.00        

工件 62:
  62       0               打印机5            0.00            21759.33        21759.33       
  62       1               批处理机1           21759.33        22619.33        860.00         
  62       2               离散机3            26684.86        27668.86        984.00         
  62       3               离散机7            36007.00        37164.00        1157.00        

工件 63:
  63       0               打印机2            0.00            19738.86        19738.86       
  63       1               批处理机1           19738.86        20598.86        860.00         
  63       2               离散机7            20598.86        21753.86        1155.00        
  63       3               离散机2            23907.33        24874.33        967.00         
  63       4               离散机2            24874.33        25993.33        1119.00        
  63       5               离散机1            25993.33        27721.33        1728.00        
  63       6               离散机10           29545.33        30593.33        1048.00        

工件 64:
  64       0               打印机4            0.00            15867.60        15867.60       
  64       1               批处理机1           15867.60        16727.60        860.00         
  64       2               离散机6            18942.60        20596.60        1654.00        
  64       3               离散机9            28079.33        29504.33        1425.00        
  64       4               离散机1            38166.00        39534.00        1368.00        
  64       5               离散机4            39937.00        40948.00        1011.00        
  64       6               离散机7            48582.68        49786.68        1204.00        

工件 65:
  65       0               打印机5            0.00            21759.33        21759.33       
  65       1               批处理机1           21759.33        22619.33        860.00         
  65       2               离散机5            23684.33        24789.33        1105.00        

工件 66:
  66       0               打印机1            0.00            29824.00        29824.00       
  66       1               批处理机1           29824.00        30684.00        860.00         
  66       2               离散机10           30684.00        32091.00        1407.00        
  66       3               离散机10           32091.00        33549.00        1458.00        
  66       4               离散机3            33912.00        35647.00        1735.00        
  66       5               离散机1            36910.00        38166.00        1256.00        
  66       6               离散机3            47844.00        49428.00        1584.00        

工件 67:
  67       0               打印机3            0.00            9913.68         9913.68        
  67       1               批处理机1           9913.68         10773.68        860.00         
  67       2               离散机5            10773.68        11971.68        1198.00        
  67       3               离散机6            13194.68        14870.68        1676.00        
  67       4               离散机8            14870.68        16022.68        1152.00        
  67       5               离散机1            17329.68        18890.68        1561.00        
  67       6               离散机5            18890.68        20219.68        1329.00        

工件 68:
  68       0               打印机3            9913.68         30880.00        20966.32       
  68       1               批处理机1           30880.00        31740.00        860.00         
  68       2               离散机4            43684.57        45357.57        1673.00        

工件 69:
  69       0               打印机3            0.00            9913.68         9913.68        
  69       1               批处理机1           9913.68         10773.68        860.00         
  69       2               离散机7            10773.68        12218.68        1445.00        
  69       3               离散机5            13064.68        14254.68        1190.00        
  69       4               离散机4            17646.60        19436.60        1790.00        
  69       5               离散机3            20286.60        21531.60        1245.00        

工件 70:
  70       0               打印机5            0.00            21759.33        21759.33       
  70       1               批处理机1           21759.33        22619.33        860.00         
  70       2               离散机9            34799.00        36593.00        1794.00        
  70       3               离散机1            40701.00        42420.00        1719.00        

工件 71:
  71       0               打印机3            9913.68         30880.00        20966.32       
  71       1               批处理机1           30880.00        31740.00        860.00         
  71       2               离散机2            31740.00        32719.00        979.00         
  71       3               离散机7            33856.00        34791.00        935.00         
  71       4               离散机8            37422.00        38399.00        977.00         

工件 72:
  72       0               打印机2            37870.57        49145.14        11274.57       
  72       1               批处理机1           49145.14        50005.14        860.00         

工件 73:
  73       0               打印机3            0.00            9913.68         9913.68        
  73       1               批处理机1           9913.68         10773.68        860.00         
  73       2               离散机3            10773.68        11762.68        989.00         
  73       3               离散机5            11971.68        13064.68        1093.00        
  73       4               离散机3            19173.60        20286.60        1113.00        
  73       5               离散机6            44270.57        45505.57        1235.00        

工件 74:
  74       0               打印机2            37870.57        49145.14        11274.57       
  74       1               批处理机1           49145.14        50005.14        860.00         
  74       2               离散机3            50005.14        51286.14        1281.00        
  74       3               离散机2            51286.14        52707.14        1421.00        
  74       4               离散机1            55071.14        56608.14        1537.00        
  74       5               离散机10           58111.14        59332.14        1221.00        
  74       6               离散机2            59544.14        61205.14        1661.00        

工件 75:
  75       0               打印机2            0.00            19738.86        19738.86       
  75       1               批处理机1           19738.86        20598.86        860.00         
  75       2               离散机6            35890.00        36861.00        971.00         

工件 76:
  76       0               打印机5            0.00            21759.33        21759.33       
  76       1               批处理机1           21759.33        22619.33        860.00         
  76       2               离散机4            22619.33        24077.33        1458.00        
  76       3               离散机5            24789.33        26121.33        1332.00        
  76       4               离散机9            48067.00        49788.00        1721.00        
  76       5               离散机3            58496.14        59664.14        1168.00        

工件 77:
  77       0               打印机2            37870.57        49145.14        11274.57       
  77       1               批处理机1           49145.14        50005.14        860.00         
  77       2               离散机9            51231.00        52168.00        937.00         

工件 78:
  78       0               打印机5            0.00            21759.33        21759.33       
  78       1               批处理机1           21759.33        22619.33        860.00         
  78       2               离散机4            24077.33        25226.33        1149.00        
  78       3               离散机7            26604.33        27925.33        1321.00        
  78       4               离散机8            27925.33        29278.33        1353.00        
  78       5               离散机7            32365.00        33856.00        1491.00        
  78       6               离散机8            34218.33        35661.33        1443.00        
  78       7               离散机1            42420.00        43649.00        1229.00        
  78       8               离散机2            49215.68        50296.68        1081.00        
  78       9               离散机8            50296.68        51209.68        913.00         

工件 79:
  79       0               打印机1            0.00            29824.00        29824.00       
  79       1               批处理机1           29824.00        30684.00        860.00         

工件 80:
  80       0               打印机2            49145.14        56562.57        7417.43        
  80       1               批处理机2           56562.57        57476.57        914.00         
  80       2               离散机8            57476.57        58411.57        935.00         

工件 81:
  81       0               打印机3            9913.68         30880.00        20966.32       
  81       1               批处理机1           30880.00        31740.00        860.00         
  81       2               离散机6            31740.00        33212.00        1472.00        

工件 82:
  82       0               打印机4            0.00            15867.60        15867.60       
  82       1               批处理机1           15867.60        16727.60        860.00         
  82       2               离散机2            16727.60        17675.60        948.00         
  82       3               离散机9            17675.60        19313.60        1638.00        
  82       4               离散机4            19436.60        20531.60        1095.00        
  82       5               离散机8            26528.33        27704.33        1176.00        
  82       6               离散机2            28884.33        30348.33        1464.00        
  82       7               离散机1            49656.00        50928.00        1272.00        
  82       8               离散机4            56076.14        57140.14        1064.00        

工件 83:
  83       0               打印机1            0.00            29824.00        29824.00       
  83       1               批处理机1           29824.00        30684.00        860.00         
  83       2               离散机5            30684.00        32366.00        1682.00        
  83       3               离散机1            39534.00        40701.00        1167.00        
  83       4               离散机2            43904.57        45631.57        1727.00        
  83       5               离散机5            48542.57        49861.57        1319.00        
  83       6               离散机1            53919.14        55071.14        1152.00        

工件 84:
  84       0               打印机2            0.00            19738.86        19738.86       
  84       1               批处理机1           19738.86        20598.86        860.00         
  84       2               离散机5            20598.86        21700.86        1102.00        
  84       3               离散机3            21700.86        22684.86        984.00         
  84       4               离散机4            28012.33        29115.33        1103.00        
  84       5               离散机9            29504.33        30665.33        1161.00        
  84       6               离散机2            37602.00        38815.00        1213.00        
  84       7               离散机3            46472.00        47844.00        1372.00        

工件 85:
  85       0               打印机2            37870.57        49145.14        11274.57       
  85       1               批处理机1           49145.14        50005.14        860.00         
  85       2               离散机7            50005.14        51027.14        1022.00        
  85       3               离散机4            51027.14        52497.14        1470.00        
  85       4               离散机6            54077.68        55442.68        1365.00        
  85       5               离散机1            57827.14        59133.14        1306.00        

工件 86:
  86       0               打印机4            0.00            15867.60        15867.60       
  86       1               批处理机1           15867.60        16727.60        860.00         
  86       2               离散机3            16727.60        17933.60        1206.00        
  86       3               离散机10           17933.60        18857.60        924.00         
  86       4               离散机8            18857.60        20378.60        1521.00        
  86       5               离散机1            27721.33        28636.33        915.00         
  86       6               离散机5            58278.14        59270.14        992.00         

工件 87:
  87       0               打印机1            0.00            29824.00        29824.00       
  87       1               批处理机1           29824.00        30684.00        860.00         

工件 88:
  88       0               打印机3            30880.00        44793.68        13913.68       
  88       1               批处理机1           44793.68        45653.68        860.00         
  88       2               离散机6            45653.68        47202.68        1549.00        
  88       3               离散机2            47202.68        48215.68        1013.00        
  88       4               离散机10           48215.68        49876.68        1661.00        
  88       5               离散机10           49876.68        50817.68        941.00         
  88       6               离散机1            52199.14        53919.14        1720.00        
  88       7               离散机3            55984.14        57491.14        1507.00        
  88       8               离散机3            57491.14        58496.14        1005.00        
  88       9               离散机5            60434.14        61668.14        1234.00        

工件 89:
  89       0               打印机3            0.00            9913.68         9913.68        
  89       1               批处理机1           9913.68         10773.68        860.00         
  89       2               离散机6            10773.68        11838.68        1065.00        
  89       3               离散机9            11922.68        13045.68        1123.00        
  89       4               离散机6            14870.68        16148.68        1278.00        
  89       5               离散机1            16148.68        17329.68        1181.00        
  89       6               离散机2            38815.00        39718.00        903.00         
  89       7               离散机8            41515.57        42544.57        1029.00        
  89       8               离散机9            58464.14        60063.14        1599.00        

工件 90:
  90       0               打印机3            9913.68         30880.00        20966.32       
  90       1               批处理机1           30880.00        31740.00        860.00         
  90       2               离散机1            31740.00        32717.00        977.00         
  90       3               离散机1            32717.00        33729.00        1012.00        
  90       4               离散机5            33729.00        35508.00        1779.00        
  90       5               离散机5            35508.00        37032.00        1524.00        
  90       6               离散机5            42925.57        43954.57        1029.00        
  90       7               离散机7            43954.57        45157.57        1203.00        
  90       8               离散机10           59332.14        60390.14        1058.00        

工件 91:
  91       0               打印机2            19738.86        37870.57        18131.71       
  91       1               批处理机1           37870.57        38730.57        860.00         
  91       2               离散机6            40068.57        41123.57        1055.00        
  91       3               离散机4            41123.57        42413.57        1290.00        

工件 92:
  92       0               打印机3            9913.68         30880.00        20966.32       
  92       1               批处理机1           30880.00        31740.00        860.00         

工件 93:
  93       0               打印机5            0.00            21759.33        21759.33       
  93       1               批处理机1           21759.33        22619.33        860.00         
  93       2               离散机5            22619.33        23684.33        1065.00        
  93       3               离散机10           23684.33        25290.33        1606.00        
  93       4               离散机4            38138.00        39937.00        1799.00        
  93       5               离散机2            52707.14        54276.14        1569.00        
  93       6               离散机7            54276.14        55638.14        1362.00        

工件 94:
  94       0               打印机1            0.00            29824.00        29824.00       
  94       1               批处理机1           29824.00        30684.00        860.00         
  94       2               离散机7            30684.00        32365.00        1681.00        
  94       3               离散机4            33484.00        34512.00        1028.00        
  94       4               离散机10           36467.00        37376.00        909.00         
  94       5               离散机7            37376.00        38309.00        933.00         
  94       6               离散机8            44279.57        45530.57        1251.00        

工件 95:
  95       0               打印机3            30880.00        44793.68        13913.68       
  95       1               批处理机1           44793.68        45653.68        860.00         
  95       2               离散机7            45653.68        47277.68        1624.00        
  95       3               离散机10           56438.14        58111.14        1673.00        
  95       4               离散机6            58586.68        59677.68        1091.00        

工件 96:
  96       0               打印机2            0.00            19738.86        19738.86       
  96       1               批处理机1           19738.86        20598.86        860.00         
  96       2               离散机8            20598.86        21892.86        1294.00        
  96       3               离散机9            21892.86        23364.86        1472.00        
  96       4               离散机5            27330.33        28794.33        1464.00        
  96       5               离散机1            28794.33        29762.33        968.00         
  96       6               离散机10           37376.00        38618.00        1242.00        
  96       7               离散机8            51209.68        52169.68        960.00         

工件 97:
  97       0               打印机5            0.00            21759.33        21759.33       
  97       1               批处理机1           21759.33        22619.33        860.00         
  97       2               离散机7            22619.33        23865.33        1246.00        
  97       3               离散机8            23865.33        25488.33        1623.00        
  97       4               离散机5            26121.33        27330.33        1209.00        
  97       5               离散机3            35647.00        37397.00        1750.00        
  97       6               离散机8            40038.57        41515.57        1477.00        
  97       7               离散机1            47446.00        48651.00        1205.00        

工件 98:
  98       0               打印机3            0.00            9913.68         9913.68        
  98       1               批处理机1           9913.68         10773.68        860.00         
  98       2               离散机9            10773.68        11922.68        1149.00        
  98       3               离散机4            11922.68        13473.68        1551.00        
  98       4               离散机4            15095.68        16689.68        1594.00        
  98       5               离散机7            16689.68        18443.68        1754.00        

工件 99:
  99       0               打印机3            9913.68         30880.00        20966.32       
  99       1               批处理机1           30880.00        31740.00        860.00         
  99       2               离散机1            33729.00        35469.00        1740.00        
  99       3               离散机3            42578.00        44212.00        1634.00        
  99       4               离散机5            56955.14        58278.14        1323.00        

【机器加工顺序记录】
----------------------------------------------------------------------------------------------------

打印机1:
工件号      工序号             开始时间            结束时间            加工时长           
--------------------------------------------------------------------------------
  8        0               0.00            29824.00        29824.00       
  16       0               0.00            29824.00        29824.00       
  18       0               0.00            29824.00        29824.00       
  23       0               0.00            29824.00        29824.00       
  66       0               0.00            29824.00        29824.00       
  79       0               0.00            29824.00        29824.00       
  83       0               0.00            29824.00        29824.00       
  87       0               0.00            29824.00        29824.00       
  94       0               0.00            29824.00        29824.00       

  机器利用率: 431.29% (忙碌时间: 268416.00 / 总时间: 62236.14)

打印机2:
工件号      工序号             开始时间            结束时间            加工时长           
--------------------------------------------------------------------------------
  0        0               0.00            19738.86        19738.86       
  3        0               0.00            19738.86        19738.86       
  4        0               0.00            19738.86        19738.86       
  25       0               0.00            19738.86        19738.86       
  28       0               0.00            19738.86        19738.86       
  37       0               0.00            19738.86        19738.86       
  41       0               0.00            19738.86        19738.86       
  43       0               0.00            19738.86        19738.86       
  46       0               0.00            19738.86        19738.86       
  55       0               0.00            19738.86        19738.86       
  63       0               0.00            19738.86        19738.86       
  75       0               0.00            19738.86        19738.86       
  84       0               0.00            19738.86        19738.86       
  96       0               0.00            19738.86        19738.86       
  1        0               19738.86        37870.57        18131.71       
  24       0               19738.86        37870.57        18131.71       
  31       0               19738.86        37870.57        18131.71       
  34       0               19738.86        37870.57        18131.71       
  44       0               19738.86        37870.57        18131.71       
  59       0               19738.86        37870.57        18131.71       
  91       0               19738.86        37870.57        18131.71       
  11       0               37870.57        49145.14        11274.57       
  14       0               37870.57        49145.14        11274.57       
  36       0               37870.57        49145.14        11274.57       
  47       0               37870.57        49145.14        11274.57       
  72       0               37870.57        49145.14        11274.57       
  74       0               37870.57        49145.14        11274.57       
  77       0               37870.57        49145.14        11274.57       
  85       0               37870.57        49145.14        11274.57       
  10       0               49145.14        56562.57        7417.43        
  26       0               49145.14        56562.57        7417.43        
  80       0               49145.14        56562.57        7417.43        

  机器利用率: 828.64% (忙碌时间: 515714.86 / 总时间: 62236.14)

打印机3:
工件号      工序号             开始时间            结束时间            加工时长           
--------------------------------------------------------------------------------
  9        0               0.00            9913.68         9913.68        
  19       0               0.00            9913.68         9913.68        
  21       0               0.00            9913.68         9913.68        
  33       0               0.00            9913.68         9913.68        
  45       0               0.00            9913.68         9913.68        
  67       0               0.00            9913.68         9913.68        
  69       0               0.00            9913.68         9913.68        
  73       0               0.00            9913.68         9913.68        
  89       0               0.00            9913.68         9913.68        
  98       0               0.00            9913.68         9913.68        
  15       0               9913.68         30880.00        20966.32       
  17       0               9913.68         30880.00        20966.32       
  27       0               9913.68         30880.00        20966.32       
  32       0               9913.68         30880.00        20966.32       
  35       0               9913.68         30880.00        20966.32       
  52       0               9913.68         30880.00        20966.32       
  57       0               9913.68         30880.00        20966.32       
  58       0               9913.68         30880.00        20966.32       
  61       0               9913.68         30880.00        20966.32       
  68       0               9913.68         30880.00        20966.32       
  71       0               9913.68         30880.00        20966.32       
  81       0               9913.68         30880.00        20966.32       
  90       0               9913.68         30880.00        20966.32       
  92       0               9913.68         30880.00        20966.32       
  99       0               9913.68         30880.00        20966.32       
  7        0               30880.00        44793.68        13913.68       
  22       0               30880.00        44793.68        13913.68       
  53       0               30880.00        44793.68        13913.68       
  54       0               30880.00        44793.68        13913.68       
  88       0               30880.00        44793.68        13913.68       
  95       0               30880.00        44793.68        13913.68       
  13       0               44793.68        51444.21        6650.53        
  40       0               44793.68        51444.21        6650.53        
  60       0               51444.21        56410.53        4966.32        
  51       0               56410.53        60324.21        3913.68        

  机器利用率: 834.39% (忙碌时间: 519294.74 / 总时间: 62236.14)

打印机4:
工件号      工序号             开始时间            结束时间            加工时长           
--------------------------------------------------------------------------------
  5        0               0.00            15867.60        15867.60       
  12       0               0.00            15867.60        15867.60       
  20       0               0.00            15867.60        15867.60       
  30       0               0.00            15867.60        15867.60       
  38       0               0.00            15867.60        15867.60       
  42       0               0.00            15867.60        15867.60       
  56       0               0.00            15867.60        15867.60       
  64       0               0.00            15867.60        15867.60       
  82       0               0.00            15867.60        15867.60       
  86       0               0.00            15867.60        15867.60       

  机器利用率: 254.96% (忙碌时间: 158676.05 / 总时间: 62236.14)

打印机5:
工件号      工序号             开始时间            结束时间            加工时长           
--------------------------------------------------------------------------------
  2        0               0.00            21759.33        21759.33       
  6        0               0.00            21759.33        21759.33       
  29       0               0.00            21759.33        21759.33       
  39       0               0.00            21759.33        21759.33       
  48       0               0.00            21759.33        21759.33       
  49       0               0.00            21759.33        21759.33       
  50       0               0.00            21759.33        21759.33       
  62       0               0.00            21759.33        21759.33       
  65       0               0.00            21759.33        21759.33       
  70       0               0.00            21759.33        21759.33       
  76       0               0.00            21759.33        21759.33       
  78       0               0.00            21759.33        21759.33       
  93       0               0.00            21759.33        21759.33       
  97       0               0.00            21759.33        21759.33       

  机器利用率: 489.48% (忙碌时间: 304630.67 / 总时间: 62236.14)

批处理机1:
工件号      工序号             开始时间            结束时间            加工时长           
--------------------------------------------------------------------------------
  9        1               9913.68         10773.68        860.00         
  19       1               9913.68         10773.68        860.00         
  21       1               9913.68         10773.68        860.00         
  33       1               9913.68         10773.68        860.00         
  45       1               9913.68         10773.68        860.00         
  67       1               9913.68         10773.68        860.00         
  69       1               9913.68         10773.68        860.00         
  73       1               9913.68         10773.68        860.00         
  89       1               9913.68         10773.68        860.00         
  98       1               9913.68         10773.68        860.00         
  5        1               15867.60        16727.60        860.00         
  12       1               15867.60        16727.60        860.00         
  20       1               15867.60        16727.60        860.00         
  30       1               15867.60        16727.60        860.00         
  38       1               15867.60        16727.60        860.00         
  42       1               15867.60        16727.60        860.00         
  56       1               15867.60        16727.60        860.00         
  64       1               15867.60        16727.60        860.00         
  82       1               15867.60        16727.60        860.00         
  86       1               15867.60        16727.60        860.00         
  0        1               19738.86        20598.86        860.00         
  3        1               19738.86        20598.86        860.00         
  4        1               19738.86        20598.86        860.00         
  25       1               19738.86        20598.86        860.00         
  28       1               19738.86        20598.86        860.00         
  37       1               19738.86        20598.86        860.00         
  41       1               19738.86        20598.86        860.00         
  43       1               19738.86        20598.86        860.00         
  46       1               19738.86        20598.86        860.00         
  55       1               19738.86        20598.86        860.00         
  63       1               19738.86        20598.86        860.00         
  75       1               19738.86        20598.86        860.00         
  84       1               19738.86        20598.86        860.00         
  96       1               19738.86        20598.86        860.00         
  2        1               21759.33        22619.33        860.00         
  6        1               21759.33        22619.33        860.00         
  29       1               21759.33        22619.33        860.00         
  39       1               21759.33        22619.33        860.00         
  48       1               21759.33        22619.33        860.00         
  49       1               21759.33        22619.33        860.00         
  50       1               21759.33        22619.33        860.00         
  62       1               21759.33        22619.33        860.00         
  65       1               21759.33        22619.33        860.00         
  70       1               21759.33        22619.33        860.00         
  76       1               21759.33        22619.33        860.00         
  78       1               21759.33        22619.33        860.00         
  93       1               21759.33        22619.33        860.00         
  97       1               21759.33        22619.33        860.00         
  8        1               29824.00        30684.00        860.00         
  16       1               29824.00        30684.00        860.00         
  18       1               29824.00        30684.00        860.00         
  23       1               29824.00        30684.00        860.00         
  66       1               29824.00        30684.00        860.00         
  79       1               29824.00        30684.00        860.00         
  83       1               29824.00        30684.00        860.00         
  87       1               29824.00        30684.00        860.00         
  94       1               29824.00        30684.00        860.00         
  15       1               30880.00        31740.00        860.00         
  17       1               30880.00        31740.00        860.00         
  27       1               30880.00        31740.00        860.00         
  32       1               30880.00        31740.00        860.00         
  35       1               30880.00        31740.00        860.00         
  52       1               30880.00        31740.00        860.00         
  57       1               30880.00        31740.00        860.00         
  58       1               30880.00        31740.00        860.00         
  61       1               30880.00        31740.00        860.00         
  68       1               30880.00        31740.00        860.00         
  71       1               30880.00        31740.00        860.00         
  81       1               30880.00        31740.00        860.00         
  90       1               30880.00        31740.00        860.00         
  92       1               30880.00        31740.00        860.00         
  99       1               30880.00        31740.00        860.00         
  1        1               37870.57        38730.57        860.00         
  24       1               37870.57        38730.57        860.00         
  31       1               37870.57        38730.57        860.00         
  34       1               37870.57        38730.57        860.00         
  44       1               37870.57        38730.57        860.00         
  59       1               37870.57        38730.57        860.00         
  91       1               37870.57        38730.57        860.00         
  7        1               44793.68        45653.68        860.00         
  22       1               44793.68        45653.68        860.00         
  53       1               44793.68        45653.68        860.00         
  54       1               44793.68        45653.68        860.00         
  88       1               44793.68        45653.68        860.00         
  95       1               44793.68        45653.68        860.00         
  11       1               49145.14        50005.14        860.00         
  14       1               49145.14        50005.14        860.00         
  36       1               49145.14        50005.14        860.00         
  47       1               49145.14        50005.14        860.00         
  72       1               49145.14        50005.14        860.00         
  74       1               49145.14        50005.14        860.00         
  77       1               49145.14        50005.14        860.00         
  85       1               49145.14        50005.14        860.00         
  13       1               51444.21        52304.21        860.00         
  40       1               51444.21        52304.21        860.00         
  60       1               56410.53        57270.53        860.00         
  51       1               60324.21        61184.21        860.00         

  机器利用率: 134.04% (忙碌时间: 83420.00 / 总时间: 62236.14)

批处理机2:
工件号      工序号             开始时间            结束时间            加工时长           
--------------------------------------------------------------------------------
  10       1               56562.57        57476.57        914.00         
  26       1               56562.57        57476.57        914.00         
  80       1               56562.57        57476.57        914.00         

  机器利用率: 4.41% (忙碌时间: 2742.00 / 总时间: 62236.14)

离散机1:
工件号      工序号             开始时间            结束时间            加工时长           
--------------------------------------------------------------------------------
  9        2               10773.68        12010.68        1237.00        
  33       3               12838.68        14168.68        1330.00        
  21       5               14312.68        15664.68        1352.00        
  89       5               16148.68        17329.68        1181.00        
  67       5               17329.68        18890.68        1561.00        
  21       6               18890.68        20486.68        1596.00        
  38       4               20683.60        21640.60        957.00         
  3        3               21756.86        22712.86        956.00         
  6        2               22712.86        24411.86        1699.00        
  0        2               24411.86        25972.86        1561.00        
  63       5               25993.33        27721.33        1728.00        
  86       5               27721.33        28636.33        915.00         
  96       5               28794.33        29762.33        968.00         
  43       4               29762.33        30674.33        912.00         
  48       4               30674.33        31574.33        900.00         
  90       2               31740.00        32717.00        977.00         
  90       3               32717.00        33729.00        1012.00        
  99       2               33729.00        35469.00        1740.00        
  4        3               35469.00        36910.00        1441.00        
  66       5               36910.00        38166.00        1256.00        
  64       4               38166.00        39534.00        1368.00        
  83       3               39534.00        40701.00        1167.00        
  70       3               40701.00        42420.00        1719.00        
  78       7               42420.00        43649.00        1229.00        
  37       6               43649.00        44971.00        1322.00        
  43       8               44971.00        46498.00        1527.00        
  9        8               46498.00        47446.00        948.00         
  97       7               47446.00        48651.00        1205.00        
  7        3               48651.00        49656.00        1005.00        
  82       7               49656.00        50928.00        1272.00        
  11       3               50987.14        52199.14        1212.00        
  88       6               52199.14        53919.14        1720.00        
  83       6               53919.14        55071.14        1152.00        
  74       4               55071.14        56608.14        1537.00        
  46       5               56608.14        57827.14        1219.00        
  85       5               57827.14        59133.14        1306.00        
  37       7               59133.14        60834.14        1701.00        
  36       6               60834.14        62032.14        1198.00        

  机器利用率: 78.87% (忙碌时间: 49086.00 / 总时间: 62236.14)

离散机2:
工件号      工序号             开始时间            结束时间            加工时长           
--------------------------------------------------------------------------------
  21       2               10773.68        12217.68        1444.00        
  19       2               12217.68        13263.68        1046.00        
  45       5               15095.68        16234.68        1139.00        
  82       2               16727.60        17675.60        948.00         
  30       2               17675.60        19010.60        1335.00        
  56       2               19010.60        20797.60        1787.00        
  20       3               20797.60        21723.60        926.00         
  29       2               22619.33        23907.33        1288.00        
  63       3               23907.33        24874.33        967.00         
  63       4               24874.33        25993.33        1119.00        
  3        5               25993.33        27314.33        1321.00        
  0        3               27314.33        28884.33        1570.00        
  82       6               28884.33        30348.33        1464.00        
  50       4               30377.33        31591.33        1214.00        
  71       2               31740.00        32719.00        979.00         
  35       2               32719.00        33660.00        941.00         
  57       2               33660.00        34837.00        1177.00        
  35       3               34837.00        36347.00        1510.00        
  52       3               36347.00        37602.00        1255.00        
  84       6               37602.00        38815.00        1213.00        
  89       6               38815.00        39718.00        903.00         
  31       3               39827.57        40763.57        936.00         
  42       6               40763.57        42386.57        1623.00        
  23       6               42386.57        43904.57        1518.00        
  83       4               43904.57        45631.57        1727.00        
  7        2               45653.68        46959.68        1306.00        
  88       3               47202.68        48215.68        1013.00        
  53       3               48215.68        49215.68        1000.00        
  78       8               49215.68        50296.68        1081.00        
  58       3               50296.68        51273.68        977.00         
  74       3               51286.14        52707.14        1421.00        
  93       5               52707.14        54276.14        1569.00        
  39       7               54276.14        55407.14        1131.00        
  35       7               55407.14        56706.14        1299.00        
  7        4               56706.14        58456.14        1750.00        
  42       8               58456.14        59544.14        1088.00        
  74       6               59544.14        61205.14        1661.00        

  机器利用率: 74.95% (忙碌时间: 46646.00 / 总时间: 62236.14)

离散机3:
工件号      工序号             开始时间            结束时间            加工时长           
--------------------------------------------------------------------------------
  73       2               10773.68        11762.68        989.00         
  33       2               11762.68        12838.68        1076.00        
  9        3               12838.68        14192.68        1354.00        
  9        4               14192.68        15813.68        1621.00        
  86       2               16727.60        17933.60        1206.00        
  20       2               17933.60        19173.60        1240.00        
  73       4               19173.60        20286.60        1113.00        
  69       5               20286.60        21531.60        1245.00        
  84       3               21700.86        22684.86        984.00         
  41       2               22684.86        23925.86        1241.00        
  56       3               23925.86        24890.86        965.00         
  9        7               24890.86        26684.86        1794.00        
  62       2               26684.86        27668.86        984.00         
  37       5               28079.33        29239.33        1160.00        
  21       8               29239.33        30550.33        1311.00        
  23       2               30684.00        32180.00        1496.00        
  8        2               32180.00        33912.00        1732.00        
  66       4               33912.00        35647.00        1735.00        
  97       5               35647.00        37397.00        1750.00        
  23       5               37422.00        38571.00        1149.00        
  35       4               38571.00        40364.00        1793.00        
  16       2               40364.00        41570.00        1206.00        
  32       3               41570.00        42578.00        1008.00        
  99       3               42578.00        44212.00        1634.00        
  59       5               44212.00        45265.00        1053.00        
  8        7               45265.00        46472.00        1207.00        
  84       7               46472.00        47844.00        1372.00        
  66       6               47844.00        49428.00        1584.00        
  74       2               50005.14        51286.14        1281.00        
  46       4               51286.14        52188.14        902.00         
  11       4               52199.14        53320.14        1121.00        
  50       8               53320.14        54596.14        1276.00        
  47       4               54596.14        55984.14        1388.00        
  88       7               55984.14        57491.14        1507.00        
  88       8               57491.14        58496.14        1005.00        
  76       5               58496.14        59664.14        1168.00        
  2        4               59664.14        60750.14        1086.00        
  13       4               60750.14        62236.14        1486.00        

  机器利用率: 79.09% (忙碌时间: 49222.00 / 总时间: 62236.14)

离散机4:
工件号      工序号             开始时间            结束时间            加工时长           
--------------------------------------------------------------------------------
  98       3               11922.68        13473.68        1551.00        
  45       4               13727.68        15095.68        1368.00        
  98       4               15095.68        16689.68        1594.00        
  42       2               16727.60        17646.60        919.00         
  69       4               17646.60        19436.60        1790.00        
  82       4               19436.60        20531.60        1095.00        
  25       2               20598.86        22323.86        1725.00        
  76       2               22619.33        24077.33        1458.00        
  78       2               24077.33        25226.33        1149.00        
  45       6               25226.33        26936.33        1710.00        
  42       3               26936.33        28012.33        1076.00        
  84       4               28012.33        29115.33        1103.00        
  39       4               29115.33        30629.33        1514.00        
  45       8               30629.33        31547.33        918.00         
  27       2               31740.00        33484.00        1744.00        
  94       3               33484.00        34512.00        1028.00        
  23       3               34512.00        35697.00        1185.00        
  8        3               35697.00        36794.00        1097.00        
  43       6               36794.00        38138.00        1344.00        
  93       4               38138.00        39937.00        1799.00        
  64       5               39937.00        40948.00        1011.00        
  91       3               41123.57        42413.57        1290.00        
  20       4               42413.57        43684.57        1271.00        
  68       2               43684.57        45357.57        1673.00        
  53       2               45653.68        46756.68        1103.00        
  42       7               46756.68        47790.68        1034.00        
  46       3               47790.68        49326.68        1536.00        
  35       6               49326.68        50942.68        1616.00        
  85       3               51027.14        52497.14        1470.00        
  36       2               52497.14        53800.14        1303.00        
  8        8               53800.14        55146.14        1346.00        
  5        3               55146.14        56076.14        930.00         
  82       8               56076.14        57140.14        1064.00        
  36       5               57140.14        58619.14        1479.00        
  35       8               58619.14        59933.14        1314.00        
  40       4               59933.14        61016.14        1083.00        
  1        8               61016.14        62075.14        1059.00        

  机器利用率: 78.33% (忙碌时间: 48749.00 / 总时间: 62236.14)

离散机5:
工件号      工序号             开始时间            结束时间            加工时长           
--------------------------------------------------------------------------------
  67       2               10773.68        11971.68        1198.00        
  73       3               11971.68        13064.68        1093.00        
  69       3               13064.68        14254.68        1190.00        
  67       6               18890.68        20219.68        1329.00        
  84       2               20598.86        21700.86        1102.00        
  93       2               22619.33        23684.33        1065.00        
  65       2               23684.33        24789.33        1105.00        
  76       3               24789.33        26121.33        1332.00        
  97       4               26121.33        27330.33        1209.00        
  96       4               27330.33        28794.33        1464.00        
  50       3               28794.33        30377.33        1583.00        
  83       2               30684.00        32366.00        1682.00        
  29       3               32366.00        33646.00        1280.00        
  90       4               33729.00        35508.00        1779.00        
  90       5               35508.00        37032.00        1524.00        
  42       5               37032.00        38617.00        1585.00        
  24       2               38730.57        40466.57        1736.00        
  57       3               40466.57        41763.57        1297.00        
  50       5               41763.57        42925.57        1162.00        
  90       6               42925.57        43954.57        1029.00        
  45       9               43954.57        45209.57        1255.00        
  35       5               45209.57        46165.57        956.00         
  16       3               46165.57        47632.57        1467.00        
  39       6               47632.57        48542.57        910.00         
  83       5               48542.57        49861.57        1319.00        
  11       2               50005.14        50987.14        982.00         
  32       4               50987.14        52175.14        1188.00        
  14       2               52175.14        53183.14        1008.00        
  53       4               53183.14        54114.14        931.00         
  11       5               54114.14        55141.14        1027.00        
  11       6               55141.14        56046.14        905.00         
  40       2               56046.14        56955.14        909.00         
  99       4               56955.14        58278.14        1323.00        
  86       6               58278.14        59270.14        992.00         
  43       9               59270.14        60434.14        1164.00        
  88       9               60434.14        61668.14        1234.00        

  机器利用率: 71.20% (忙碌时间: 44314.00 / 总时间: 62236.14)

离散机6:
工件号      工序号             开始时间            结束时间            加工时长           
--------------------------------------------------------------------------------
  89       2               10773.68        11838.68        1065.00        
  21       3               12217.68        13194.68        977.00         
  67       3               13194.68        14870.68        1676.00        
  89       4               14870.68        16148.68        1278.00        
  5        2               16727.60        17897.60        1170.00        
  38       2               17897.60        18942.60        1045.00        
  64       2               18942.60        20596.60        1654.00        
  3        2               20598.86        21756.86        1158.00        
  37       2               21756.86        23385.86        1629.00        
  37       3               23385.86        24395.86        1010.00        
  3        4               24395.86        25340.86        945.00         
  48       2               25340.86        26544.86        1204.00        
  55       4               26544.86        28076.86        1532.00        
  45       7               28076.86        29047.86        971.00         
  4        2               29047.86        30059.86        1012.00        
  55       5               30059.86        31350.86        1291.00        
  81       2               31740.00        33212.00        1472.00        
  27       3               33484.00        34798.00        1314.00        
  52       2               34798.00        35890.00        1092.00        
  75       2               35890.00        36861.00        971.00         
  4        4               36910.00        38708.00        1798.00        
  59       2               38730.57        40068.57        1338.00        
  91       2               40068.57        41123.57        1055.00        
  1        3               41123.57        42760.57        1637.00        
  8        6               42760.57        44270.57        1510.00        
  73       5               44270.57        45505.57        1235.00        
  88       2               45653.68        47202.68        1549.00        
  54       2               47202.68        48941.68        1739.00        
  1        6               48941.68        50451.68        1510.00        
  55       6               50451.68        51395.68        944.00         
  59       6               51395.68        53093.68        1698.00        
  4        5               53093.68        54077.68        984.00         
  85       4               54077.68        55442.68        1365.00        
  55       7               55442.68        56973.68        1531.00        
  8        9               56973.68        58586.68        1613.00        
  95       4               58586.68        59677.68        1091.00        
  47       6               59677.68        61434.68        1757.00        

  机器利用率: 78.44% (忙碌时间: 48820.00 / 总时间: 62236.14)

离散机7:
工件号      工序号             开始时间            结束时间            加工时长           
--------------------------------------------------------------------------------
  69       2               10773.68        12218.68        1445.00        
  33       4               14168.68        15686.68        1518.00        
  98       5               16689.68        18443.68        1754.00        
  63       2               20598.86        21753.86        1155.00        
  97       2               22619.33        23865.33        1246.00        
  39       2               23865.33        25166.33        1301.00        
  50       2               25166.33        26604.33        1438.00        
  78       3               26604.33        27925.33        1321.00        
  42       4               28012.33        29326.33        1314.00        
  3        6               29326.33        30641.33        1315.00        
  94       2               30684.00        32365.00        1681.00        
  78       5               32365.00        33856.00        1491.00        
  71       3               33856.00        34791.00        935.00         
  2        3               34791.00        36007.00        1216.00        
  62       3               36007.00        37164.00        1157.00        
  94       5               37376.00        38309.00        933.00         
  31       2               38730.57        39827.57        1097.00        
  59       3               40068.57        41358.57        1290.00        
  44       3               41358.57        42771.57        1413.00        
  61       3               42771.57        43800.57        1029.00        
  90       7               43954.57        45157.57        1203.00        
  95       2               45653.68        47277.68        1624.00        
  44       4               47277.68        48582.68        1305.00        
  64       6               48582.68        49786.68        1204.00        
  85       2               50005.14        51027.14        1022.00        
  47       2               51027.14        52744.14        1717.00        
  31       5               52744.14        53829.14        1085.00        
  93       6               54276.14        55638.14        1362.00        
  50       9               55638.14        57430.14        1792.00        
  40       3               57430.14        58922.14        1492.00        
  39       8               58922.14        59985.14        1063.00        
  11       7               59985.14        61006.14        1021.00        
  55       9               61006.14        62131.14        1125.00        

  机器利用率: 69.19% (忙碌时间: 43064.00 / 总时间: 62236.14)

离散机8:
工件号      工序号             开始时间            结束时间            加工时长           
--------------------------------------------------------------------------------
  67       4               14870.68        16022.68        1152.00        
  9        6               16741.68        18536.68        1795.00        
  86       4               18857.60        20378.60        1521.00        
  96       2               20598.86        21892.86        1294.00        
  46       2               21892.86        23157.86        1265.00        
  97       3               23865.33        25488.33        1623.00        
  43       2               25488.33        26528.33        1040.00        
  82       5               26528.33        27704.33        1176.00        
  78       4               27925.33        29278.33        1353.00        
  25       3               29278.33        30332.33        1054.00        
  43       5               30674.33        32206.33        1532.00        
  30       3               32206.33        33299.33        1093.00        
  18       2               33299.33        34218.33        919.00         
  78       6               34218.33        35661.33        1443.00        
  23       4               35697.00        37422.00        1725.00        
  71       4               37422.00        38399.00        977.00         
  1        2               38730.57        40038.57        1308.00        
  97       6               40038.57        41515.57        1477.00        
  89       7               41515.57        42544.57        1029.00        
  1        4               42760.57        44279.57        1519.00        
  94       6               44279.57        45530.57        1251.00        
  50       6               45530.57        46882.57        1352.00        
  24       3               46882.57        48215.57        1333.00        
  9        9               48215.57        50015.57        1800.00        
  78       9               50296.68        51209.68        913.00         
  96       7               51209.68        52169.68        960.00         
  13       2               52304.21        53542.21        1238.00        
  47       3               53542.21        54551.21        1009.00        
  13       3               54551.21        55958.21        1407.00        
  47       5               55984.14        57178.14        1194.00        
  80       2               57476.57        58411.57        935.00         
  4        6               58411.57        59377.57        966.00         
  1        7               59377.57        60783.57        1406.00        
  10       2               60783.57        62079.57        1296.00        

  机器利用率: 69.66% (忙碌时间: 43355.00 / 总时间: 62236.14)

离散机9:
工件号      工序号             开始时间            结束时间            加工时长           
--------------------------------------------------------------------------------
  98       2               10773.68        11922.68        1149.00        
  89       3               11922.68        13045.68        1123.00        
  21       4               13194.68        14312.68        1118.00        
  82       3               17675.60        19313.60        1638.00        
  55       2               20598.86        21552.86        954.00         
  96       3               21892.86        23364.86        1472.00        
  55       3               23364.86        25047.86        1683.00        
  39       3               25166.33        26667.33        1501.00        
  37       4               26667.33        28079.33        1412.00        
  64       3               28079.33        29504.33        1425.00        
  84       5               29504.33        30665.33        1161.00        
  3        7               30665.33        31680.33        1015.00        
  32       2               31740.00        33038.00        1298.00        
  58       2               33038.00        34799.00        1761.00        
  70       2               34799.00        36593.00        1794.00        
  8        4               36794.00        38085.00        1291.00        
  27       5               38085.00        39413.00        1328.00        
  27       6               39413.00        40785.00        1372.00        
  8        5               40785.00        41797.00        1012.00        
  43       7               41797.00        43186.00        1389.00        
  38       5               43186.00        44600.00        1414.00        
  38       6               44600.00        45965.00        1365.00        
  1        5               45965.00        46979.00        1014.00        
  48       5               46979.00        48067.00        1088.00        
  76       4               48067.00        49788.00        1721.00        
  20       5               49788.00        51231.00        1443.00        
  77       2               51231.00        52168.00        937.00         
  32       5               52175.14        53399.14        1224.00        
  27       8               53399.14        54895.14        1496.00        
  53       5               54895.14        55795.14        900.00         
  17       3               55795.14        57418.14        1623.00        
  55       8               57418.14        58464.14        1046.00        
  89       8               58464.14        60063.14        1599.00        

  机器利用率: 70.32% (忙碌时间: 43766.00 / 总时间: 62236.14)

离散机10:
工件号      工序号             开始时间            结束时间            加工时长           
--------------------------------------------------------------------------------
  45       2               10773.68        11938.68        1165.00        
  45       3               11938.68        13727.68        1789.00        
  19       3               13727.68        15441.68        1714.00        
  9        5               15813.68        16741.68        928.00         
  86       3               17933.60        18857.60        924.00         
  38       3               18942.60        20683.60        1741.00        
  21       7               20683.60        21603.60        920.00         
  49       2               22619.33        23632.33        1013.00        
  93       3               23684.33        25290.33        1606.00        
  2        2               25290.33        26360.33        1070.00        
  43       3               26528.33        28176.33        1648.00        
  48       3               28176.33        29545.33        1369.00        
  63       6               29545.33        30593.33        1048.00        
  66       2               30684.00        32091.00        1407.00        
  66       3               32091.00        33549.00        1458.00        
  15       2               33549.00        34449.00        900.00         
  27       4               34798.00        36467.00        1669.00        
  94       4               36467.00        37376.00        909.00         
  96       6               37376.00        38618.00        1242.00        
  44       2               38730.57        40093.57        1363.00        
  61       2               40093.57        41704.57        1611.00        
  59       4               41704.57        42912.57        1208.00        
  27       7               42912.57        43913.57        1001.00        
  39       5               43913.57        45606.57        1693.00        
  31       4               45606.57        46957.57        1351.00        
  34       2               46957.57        48005.57        1048.00        
  88       4               48215.68        49876.68        1661.00        
  88       5               49876.68        50817.68        941.00         
  50       7               50817.68        52252.68        1435.00        
  17       2               52252.68        53677.68        1425.00        
  36       3               53800.14        54945.14        1145.00        
  36       4               54945.14        56438.14        1493.00        
  95       3               56438.14        58111.14        1673.00        
  74       5               58111.14        59332.14        1221.00        
  90       8               59332.14        60390.14        1058.00        

  机器利用率: 73.67% (忙碌时间: 45847.00 / 总时间: 62236.14)

【打印批次详细信息】
----------------------------------------------------------------------------------------------------

打印机 1 (尺寸: 957.0 x 596.0 x 579.0):
--------------------------------------------------------------------------------
  批次 1: 零件数=9, 占用率=66.83%
    - 94: 尺寸 207.0 x 85.0 x 12.0
    - 83: 尺寸 321.0 x 248.0 x 60.0
    - 16: 尺寸 394.0 x 250.0 x 50.0
    - 79: 尺寸 127.0 x 329.0 x 58.0
    - 23: 尺寸 77.0 x 90.0 x 62.0
    - 18: 尺寸 216.0 x 234.0 x 16.0
    - 87: 尺寸 126.0 x 152.0 x 25.0
    - 8: 尺寸 407.0 x 81.0 x 58.0
    - 66: 尺寸 160.0 x 213.0 x 61.0

打印机 2 (尺寸: 1124.0 x 456.0 x 584.0):
--------------------------------------------------------------------------------
  批次 1: 零件数=14, 占用率=89.78%
    - 43: 尺寸 364.0 x 157.0 x 88.0
    - 84: 尺寸 137.0 x 157.0 x 172.0
    - 63: 尺寸 151.0 x 157.0 x 101.0
    - 0: 尺寸 458.0 x 214.0 x 180.0
    - 55: 尺寸 334.0 x 143.0 x 35.0
    - 75: 尺寸 173.0 x 236.0 x 180.0
    - 4: 尺寸 138.0 x 88.0 x 40.0
    - 96: 尺寸 433.0 x 159.0 x 166.0
    - 28: 尺寸 100.0 x 208.0 x 147.0
    - 37: 尺寸 80.0 x 155.0 x 14.0
    - 3: 尺寸 307.0 x 122.0 x 181.0
    - 41: 尺寸 68.0 x 64.0 x 181.0
    - 25: 尺寸 159.0 x 65.0 x 45.0
    - 46: 尺寸 75.0 x 65.0 x 76.0
  批次 2: 零件数=7, 占用率=85.19%
    - 59: 尺寸 310.0 x 218.0 x 166.0
    - 24: 尺寸 631.0 x 198.0 x 134.0
    - 31: 尺寸 182.0 x 307.0 x 59.0
    - 1: 尺寸 219.0 x 159.0 x 89.0
    - 91: 尺寸 385.0 x 191.0 x 130.0
    - 44: 尺寸 303.0 x 225.0 x 166.0
    - 34: 尺寸 86.0 x 136.0 x 117.0
  批次 3: 零件数=8, 占用率=85.19%
    - 11: 尺寸 477.0 x 219.0 x 24.0
    - 47: 尺寸 191.0 x 126.0 x 97.0
    - 14: 尺寸 419.0 x 243.0 x 67.0
    - 72: 尺寸 214.0 x 205.0 x 93.0
    - 85: 尺寸 470.0 x 150.0 x 10.0
    - 77: 尺寸 393.0 x 86.0 x 65.0
    - 36: 尺寸 159.0 x 103.0 x 99.0
    - 74: 尺寸 480.0 x 87.0 x 102.0
  批次 4: 零件数=3, 占用率=53.36%
    - 80: 尺寸 261.0 x 341.0 x 66.0
    - 10: 尺寸 526.0 x 221.0 x 54.0
    - 26: 尺寸 153.0 x 446.0 x 38.0

打印机 3 (尺寸: 1141.0 x 406.0 x 586.0):
--------------------------------------------------------------------------------
  批次 1: 零件数=10, 占用率=90.63%
    - 98: 尺寸 195.0 x 63.0 x 31.0
    - 67: 尺寸 465.0 x 199.0 x 40.0
    - 69: 尺寸 481.0 x 137.0 x 22.0
    - 45: 尺寸 191.0 x 248.0 x 28.0
    - 89: 尺寸 456.0 x 194.0 x 89.0
    - 19: 尺寸 455.0 x 177.0 x 72.0
    - 73: 尺寸 160.0 x 70.0 x 67.0
    - 9: 尺寸 137.0 x 64.0 x 30.0
    - 33: 尺寸 144.0 x 67.0 x 66.0
    - 21: 尺寸 56.0 x 56.0 x 90.0
  批次 2: 零件数=15, 占用率=83.27%
    - 32: 尺寸 275.0 x 87.0 x 181.0
    - 68: 尺寸 271.0 x 99.0 x 70.0
    - 61: 尺寸 590.0 x 235.0 x 157.0
    - 15: 尺寸 173.0 x 148.0 x 118.0
    - 57: 尺寸 100.0 x 136.0 x 195.0
    - 35: 尺寸 103.0 x 136.0 x 183.0
    - 27: 尺寸 166.0 x 140.0 x 144.0
    - 71: 尺寸 100.0 x 89.0 x 40.0
    - 58: 尺寸 158.0 x 140.0 x 160.0
    - 90: 尺寸 123.0 x 108.0 x 67.0
    - 99: 尺寸 201.0 x 84.0 x 92.0
    - 17: 尺寸 131.0 x 122.0 x 194.0
    - 52: 尺寸 104.0 x 91.0 x 195.0
    - 92: 尺寸 276.0 x 82.0 x 98.0
    - 81: 尺寸 208.0 x 51.0 x 81.0
  批次 3: 零件数=6, 占用率=93.16%
    - 22: 尺寸 470.0 x 124.0 x 91.0
    - 88: 尺寸 666.0 x 246.0 x 85.0
    - 53: 尺寸 300.0 x 280.0 x 70.0
    - 54: 尺寸 155.0 x 225.0 x 122.0
    - 95: 尺寸 219.0 x 126.0 x 128.0
    - 7: 尺寸 417.0 x 151.0 x 114.0
  批次 4: 零件数=2, 占用率=32.62%
    - 40: 尺寸 309.0 x 285.0 x 59.0
    - 13: 尺寸 320.0 x 197.0 x 13.0
  批次 5: 零件数=1, 占用率=49.40%
    - 60: 尺寸 679.0 x 337.0 x 43.0
  批次 6: 零件数=1, 占用率=51.29%
    - 51: 尺寸 705.0 x 337.0 x 33.0

打印机 4 (尺寸: 844.0 x 411.0 x 558.0):
--------------------------------------------------------------------------------
  批次 1: 零件数=10, 占用率=82.20%
    - 5: 尺寸 166.0 x 411.0 x 51.0
    - 20: 尺寸 292.0 x 152.0 x 22.0
    - 42: 尺寸 211.0 x 154.0 x 51.0
    - 30: 尺寸 168.0 x 90.0 x 30.0
    - 82: 尺寸 166.0 x 72.0 x 40.0
    - 86: 尺寸 93.0 x 70.0 x 47.0
    - 56: 尺寸 94.0 x 242.0 x 22.0
    - 12: 尺寸 57.0 x 127.0 x 18.0
    - 38: 尺寸 312.0 x 122.0 x 17.0
    - 64: 尺寸 457.0 x 84.0 x 46.0

打印机 5 (尺寸: 1186.0 x 565.0 x 605.0):
--------------------------------------------------------------------------------
  批次 1: 零件数=14, 占用率=84.58%
    - 62: 尺寸 133.0 x 81.0 x 20.0
    - 97: 尺寸 355.0 x 350.0 x 26.0
    - 65: 尺寸 61.0 x 110.0 x 26.0
    - 6: 尺寸 149.0 x 112.0 x 40.0
    - 39: 尺寸 481.0 x 294.0 x 92.0
    - 49: 尺寸 123.0 x 122.0 x 85.0
    - 29: 尺寸 55.0 x 143.0 x 86.0
    - 78: 尺寸 147.0 x 209.0 x 48.0
    - 2: 尺寸 111.0 x 175.0 x 46.0
    - 50: 尺寸 280.0 x 245.0 x 30.0
    - 76: 尺寸 212.0 x 171.0 x 38.0
    - 70: 尺寸 149.0 x 86.0 x 68.0
    - 93: 尺寸 329.0 x 189.0 x 58.0
    - 48: 尺寸 119.0 x 118.0 x 75.0

════════════════════════════════════════════════════════════════
