最优Cmax解的详细调度记录
====================================================================================================

【基本信息】
----------------------------------------------------------------------------------------------------
Cmax (最大完工时间): 58419.00
能耗: 9580335.95 kWh
装箱质量: 0.7175
批次总数: 6
工件数量: 100
机器数量: 16 (打印机:4, 批处理机:2, 离散机:10)

【染色体编码】
----------------------------------------------------------------------------------------------------
工序序列 (OS): [31, 53, 63, 12, 28, 16, 57, 22, 41, 21, 97, 48, 30, 46, 80, 17, 10, 82, 61, 4, 88, 33, 73, 25, 38, 19, 34, 91, 14, 5, 62, 29, 18, 45, 64, 68, 81, 77, 39, 59, 43, 56, 24, 35, 2, 98, 92, 83, 40, 3, 70, 36, 47, 93, 74, 85, 55, 94, 23, 75, 54, 76, 58, 69, 72, 71, 50, 42, 65, 26, 95, 89, 44, 86, 60, 37, 51, 1, 20, 32, 67, 0, 9, 78, 79, 52, 99, 7, 66, 90, 49, 13, 84, 15, 6, 11, 87, 8, 96, 27, 47, 6, 84, 32, 14, 54, 16, 65, 2, 97, 55, 3, 44, 21, 86, 37, 6, 53, 99, 36, 18, 52, 41, 86, 92, 20, 24, 58, 42, 79, 15, 72, 39, 73, 76, 33, 46, 61, 69, 89, 94, 58, 63, 20, 44, 49, 58, 96, 3, 42, 71, 82, 99, 16, 46, 73, 70, 92, 93, 27, 30, 24, 0, 82, 11, 90, 19, 46, 51, 0, 24, 7, 76, 52, 91, 68, 78, 62, 80, 3, 60, 27, 9, 79, 75, 37, 50, 12, 67, 73, 44, 16, 94, 69, 74, 22, 27, 35, 70, 38, 45, 23, 54, 2, 93, 32, 87, 88, 11, 30, 42, 72, 77, 50, 73, 48, 71, 42, 27, 51, 82, 70, 6, 61, 11, 63, 48, 35, 35, 0, 57, 92, 45, 83, 43, 74, 90, 28, 56, 31, 46, 22, 12, 41, 29, 98, 30, 7, 83, 61, 9, 47, 57, 3, 53, 72, 6, 62, 46, 35, 28, 23, 72, 0, 35, 33, 32, 16, 18, 44, 61, 25, 54, 79, 28, 50, 77, 86, 17, 18, 93, 0, 84, 36, 84, 4, 25, 52, 23, 66, 39, 57, 77, 21, 75, 12, 21, 45, 86, 77, 89, 67, 53, 95, 6, 45, 91, 80, 76, 99, 43, 52, 55, 0, 32, 30, 72, 14, 26, 80, 38, 26, 90, 14, 14, 9, 49, 63, 55, 34, 45, 42, 51, 84, 60, 75, 97, 33, 43, 79, 65, 28, 93, 44, 99, 78, 61, 48, 14, 51, 48, 94, 41, 49, 31, 37, 37, 33, 69, 11, 84, 40, 51, 31, 16, 89, 70, 20, 67, 38, 70, 54, 83, 61, 50, 81, 0, 37, 55, 11, 65, 24, 72, 78, 96, 45, 36, 88, 28, 43, 75, 99, 14, 70, 76, 44, 45, 23, 21, 46, 89, 20, 31, 20, 32, 81, 35, 2, 98, 63, 73, 7, 58, 54, 69, 54, 98, 33, 62, 9, 53, 78, 90, 52, 30, 47, 48, 30, 65, 56, 28, 66, 48, 58, 77, 82, 51, 52, 16, 45, 94, 51, 37, 99, 73, 88, 63, 80, 62, 36, 79, 21, 6, 87, 83, 32, 5, 69, 58, 12, 79, 50, 31, 43, 72, 49, 87, 26, 79, 92, 14, 76, 8, 67, 24, 74, 30, 24, 52, 55, 98, 96, 55, 70, 38, 93, 57, 7, 37, 81, 28, 90, 79, 86, 93, 68, 11, 77, 12, 46, 48, 6, 23, 42, 85, 72, 16, 33, 82, 9, 48, 4, 98, 75, 99, 81, 98, 13, 89, 37, 42, 1, 52, 31, 26, 14, 61, 56, 21, 86, 59, 53, 43, 69, 2, 77, 32, 75, 0, 5, 90, 88, 16, 68, 74, 82, 74, 58, 58, 10, 12, 6, 33, 98, 64, 75, 23, 80, 31, 83, 74, 42, 91, 76, 30, 54, 21, 20, 70, 66, 93, 76, 23, 44, 49, 31]
机器选择 (MS): [2, 1, 1, 1, 3, 2, 2, 3, 1, 3, 3, 3, 3, 4, 3, 4, 1, 3, 2, 3, 2, 1, 3, 4, 1, 3, 2, 4, 3, 2, 2, 2, 2, 2, 1, 3, 1, 3, 2, 1, 1, 2, 3, 2, 2, 2, 3, 3, 4, 2, 1, 2, 2, 4, 2, 2, 2, 2, 1, 2, 1, 2, 2, 1, 2, 2, 2, 2, 3, 2, 1, 1, 2, 2, 3, 3, 2, 1, 2, 2, 2, 2, 2, 1, 2, 2, 2, 2, 2, 2, 2, 2, 2, 2, 2, 3, 2, 2, 2, 2, 4, 2, 3, 2, 4, 1, 3, 1, 1, 4, 1, 3, 2, 1, 1, 4, 3, 3, 1, 4, 3, 2, 3, 1, 2, 3, 1, 3, 1, 1, 2, 2, 5, 2, 1, 2, 4, 5, 2, 3, 5, 5, 2, 1, 1, 5, 1, 3, 4, 1, 3, 1, 4, 5, 4, 1, 2, 2, 4, 1, 5, 3, 5, 2, 4, 5, 3, 3, 1, 1, 4, 3, 1, 1, 4, 1, 2, 1, 2, 1, 3, 2, 3, 5, 2, 4, 5, 1, 1, 4, 2, 1, 1, 3, 1, 3, 3, 1, 3, 3, 1, 3, 2, 3, 1, 4, 1, 4, 5, 2, 1, 2, 1, 1, 3, 3, 5, 1, 5, 1, 2, 5, 2, 3, 4, 3, 2, 1, 3, 2, 1, 3, 1, 2, 2, 1, 4, 2, 1, 4, 2, 1, 4, 5, 4, 2, 4, 2, 1, 3, 4, 3, 2, 1, 4, 4, 1, 1, 4, 4, 1, 2, 3, 2, 2, 1, 3, 4, 5, 2, 1, 3, 5, 3, 3, 1, 2, 4, 3, 4, 1, 2, 3, 2, 1, 1, 3, 2, 5, 4, 4, 3, 4, 1, 3, 2, 1, 1, 2, 2, 4, 3, 1, 3, 2, 3, 2, 1, 4, 4, 3, 1, 1, 5, 5, 2, 2, 3, 2, 1, 2, 4, 1, 3, 5, 3, 1, 3, 4, 2, 4, 2, 5, 2, 4, 1, 3, 2, 5, 1, 2, 3, 1, 2, 3, 5, 4, 5, 5, 5, 3, 1, 3, 2, 3, 3, 5, 5, 3, 2, 3, 1, 2, 4, 4, 3, 5, 2, 1, 4, 1, 4, 2, 3, 2, 3, 4, 3, 4, 2, 1, 5, 5, 1, 2, 1, 3, 2, 2, 2, 3, 1, 2, 4, 2, 2, 5, 2, 1, 2, 2, 4, 2, 1, 4, 2, 3, 1, 5, 1, 4, 1, 2, 4, 1, 4, 3, 4, 5, 3, 1, 1, 5, 3, 3, 3, 2, 1, 2, 5, 5, 4, 2, 1, 3, 4, 1, 5, 4, 2, 3, 5, 4, 4, 2, 1, 5, 1, 2, 3, 1, 4, 3, 1, 3, 3, 3, 2, 3, 1, 2, 5, 1, 4, 2, 3, 5, 3, 1, 1, 3, 3, 3, 5, 5, 5, 1, 5, 2, 1, 1, 5, 5, 1, 1, 3, 5, 2, 5, 2, 2, 1, 1, 1, 2, 2, 1, 3, 4, 3, 5, 4, 3, 1, 4, 5, 3, 1, 5, 2, 3, 1, 4, 4, 5, 5, 1, 2, 2, 1, 1, 1, 4, 2, 3, 3, 3, 2, 3, 4, 1, 4, 5, 1, 2, 2, 2, 5, 2, 3, 3, 4, 4, 2, 3, 1, 1, 1, 1, 4, 1, 2, 5, 2, 5, 1, 1, 2, 1, 3, 4, 3, 1, 4, 1, 1, 3, 4, 5, 2, 4, 1, 5, 2, 2, 1]

【零件加工顺序记录】
----------------------------------------------------------------------------------------------------
工件号      工序号             机器号             开始时间            结束时间            加工时长           
----------------------------------------------------------------------------------------------------

工件 0:
  0        0               打印机2            13671.82        22750.24        9078.42        
  0        1               批处理机2           22750.24        23510.24        760.00         
  0        2               离散机8            23510.24        24141.24        631.00         
  0        3               离散机4            25045.24        25809.24        764.00         
  0        4               离散机8            25809.24        26902.24        1093.00        
  0        5               离散机3            27049.24        27689.24        640.00         
  0        6               离散机6            28039.24        28677.24        638.00         
  0        7               离散机2            28686.24        29391.24        705.00         
  0        8               离散机4            29391.24        30163.24        772.00         
  0        9               离散机1            33127.24        33891.24        764.00         

工件 1:
  1        0               打印机1            0.00            46477.00        46477.00       
  1        1               批处理机2           46477.00        47237.00        760.00         
  1        2               离散机4            57382.00        58291.00        909.00         

工件 2:
  2        0               打印机2            0.00            13671.82        13671.82       
  2        1               批处理机2           13671.82        14431.82        760.00         
  2        2               离散机9            15138.82        15858.82        720.00         
  2        3               离散机3            17540.82        18282.82        742.00         
  2        4               离散机6            20063.82        20926.82        863.00         
  2        5               离散机4            21948.82        22806.82        858.00         

工件 3:
  3        0               打印机2            0.00            13671.82        13671.82       
  3        1               批处理机2           13671.82        14431.82        760.00         
  3        2               离散机3            14431.82        15214.82        783.00         
  3        3               离散机5            15214.82        16113.82        899.00         
  3        4               离散机5            16113.82        16742.82        629.00         
  3        5               离散机5            16742.82        17521.82        779.00         

工件 4:
  4        0               打印机3            0.00            40959.00        40959.00       
  4        1               批处理机2           40959.00        41719.00        760.00         
  4        2               离散机6            43296.00        43954.00        658.00         
  4        3               离散机1            46083.00        46955.00        872.00         

工件 5:
  5        0               打印机2            0.00            13671.82        13671.82       
  5        1               批处理机2           13671.82        14431.82        760.00         
  5        2               离散机9            21511.82        22234.82        723.00         
  5        3               离散机6            22234.82        22864.82        630.00         

工件 6:
  6        0               打印机2            22750.24        34246.24        11496.00       
  6        1               批处理机2           34246.24        35006.24        760.00         
  6        2               离散机5            35006.24        35642.24        636.00         
  6        3               离散机9            35642.24        36407.24        765.00         
  6        4               离散机1            36448.24        37163.24        715.00         
  6        5               离散机6            37285.24        37902.24        617.00         
  6        6               离散机7            37902.24        38507.24        605.00         
  6        7               离散机6            38651.24        39301.24        650.00         
  6        8               离散机9            39301.24        40117.24        816.00         
  6        9               离散机1            40117.24        41040.24        923.00         

工件 7:
  7        0               打印机2            22750.24        34246.24        11496.00       
  7        1               批处理机2           34246.24        35006.24        760.00         
  7        2               离散机2            35755.24        36495.24        740.00         
  7        3               离散机7            37177.24        37822.24        645.00         
  7        4               离散机3            37870.24        38537.24        667.00         
  7        5               离散机10           39068.24        39813.24        745.00         

工件 8:
  8        0               打印机2            0.00            13671.82        13671.82       
  8        1               批处理机2           13671.82        14431.82        760.00         
  8        2               离散机3            31660.24        32384.24        724.00         

工件 9:
  9        0               打印机2            22750.24        34246.24        11496.00       
  9        1               批处理机2           34246.24        35006.24        760.00         
  9        2               离散机1            35006.24        35627.24        621.00         
  9        3               离散机3            35810.24        36447.24        637.00         
  9        4               离散机9            36447.24        37184.24        737.00         
  9        5               离散机10           38302.24        39068.24        766.00         
  9        6               离散机6            39301.24        39926.24        625.00         

工件 10:
  10       0               打印机1            0.00            46477.00        46477.00       
  10       1               批处理机2           46477.00        47237.00        760.00         
  10       2               离散机8            48578.00        49226.00        648.00         

工件 11:
  11       0               打印机3            0.00            40959.00        40959.00       
  11       1               批处理机2           40959.00        41719.00        760.00         
  11       2               离散机10           44101.00        44887.00        786.00         
  11       3               离散机10           44887.00        45601.00        714.00         
  11       4               离散机4            45601.00        46306.00        705.00         
  11       5               离散机3            50697.00        51586.00        889.00         
  11       6               离散机1            51586.00        52548.00        962.00         
  11       7               离散机9            55863.00        56501.00        638.00         

工件 12:
  12       0               打印机1            0.00            46477.00        46477.00       
  12       1               批处理机2           46477.00        47237.00        760.00         
  12       2               离散机1            47237.00        48131.00        894.00         
  12       3               离散机4            48664.00        49301.00        637.00         
  12       4               离散机7            49448.00        50239.00        791.00         
  12       5               离散机8            52197.00        52940.00        743.00         
  12       6               离散机7            55046.00        55658.00        612.00         
  12       7               离散机2            56805.00        57465.00        660.00         

工件 13:
  13       0               打印机2            13671.82        22750.24        9078.42        
  13       1               批处理机2           22750.24        23510.24        760.00         
  13       2               离散机5            26271.24        26877.24        606.00         

工件 14:
  14       0               打印机3            0.00            40959.00        40959.00       
  14       1               批处理机2           40959.00        41719.00        760.00         
  14       2               离散机10           41719.00        42408.00        689.00         
  14       3               离散机6            43954.00        44649.00        695.00         
  14       4               离散机1            44819.00        45443.00        624.00         
  14       5               离散机2            46245.00        46864.00        619.00         
  14       6               离散机3            49338.00        50096.00        758.00         
  14       7               离散机8            51538.00        52197.00        659.00         
  14       8               离散机3            54612.00        55320.00        708.00         
  14       9               离散机9            57132.00        57827.00        695.00         

工件 15:
  15       0               打印机2            22750.24        34246.24        11496.00       
  15       1               批处理机2           34246.24        35006.24        760.00         
  15       2               离散机5            36265.24        36885.24        620.00         

工件 16:
  16       0               打印机2            0.00            13671.82        13671.82       
  16       1               批处理机2           13671.82        14431.82        760.00         
  16       2               离散机9            14431.82        15138.82        707.00         
  16       3               离散机4            15138.82        16046.82        908.00         
  16       4               离散机8            17294.82        17947.82        653.00         
  16       5               离散机10           18710.82        19322.82        612.00         
  16       6               离散机9            20239.82        20895.82        656.00         
  16       7               离散机7            21162.82        21842.82        680.00         
  16       8               离散机1            22319.82        23068.82        749.00         
  16       9               离散机1            23068.82        23683.82        615.00         

工件 17:
  17       0               打印机4            0.00            42324.00        42324.00       
  17       1               批处理机2           42324.00        43084.00        760.00         
  17       2               离散机10           47939.00        48829.00        890.00         

工件 18:
  18       0               打印机2            0.00            13671.82        13671.82       
  18       1               批处理机2           13671.82        14431.82        760.00         
  18       2               离散机9            16627.82        17229.82        602.00         
  18       3               离散机3            18282.82        19054.82        772.00         
  18       4               离散机6            19054.82        20063.82        1009.00        

工件 19:
  19       0               打印机3            0.00            40959.00        40959.00       
  19       1               批处理机2           40959.00        41719.00        760.00         
  19       2               离散机8            42361.00        43090.00        729.00         

工件 20:
  20       0               打印机2            22750.24        34246.24        11496.00       
  20       1               批处理机2           34246.24        35006.24        760.00         
  20       2               离散机5            35642.24        36265.24        623.00         
  20       3               离散机7            36265.24        37177.24        912.00         
  20       4               离散机1            37177.24        37914.24        737.00         
  20       5               离散机5            37914.24        38642.24        728.00         
  20       6               离散机7            38642.24        39353.24        711.00         
  20       7               离散机10           40543.24        41149.24        606.00         

工件 21:
  21       0               打印机3            0.00            40959.00        40959.00       
  21       1               批处理机2           40959.00        41719.00        760.00         
  21       2               离散机10           42408.00        43361.00        953.00         
  21       3               离散机8            45378.00        46154.00        776.00         
  21       4               离散机9            46982.00        47674.00        692.00         
  21       5               离散机4            53090.00        53838.00        748.00         
  21       6               离散机10           54047.00        54738.00        691.00         
  21       7               离散机10           55391.00        56117.00        726.00         
  21       8               离散机1            57195.00        58237.00        1042.00        

工件 22:
  22       0               打印机3            0.00            40959.00        40959.00       
  22       1               批处理机2           40959.00        41719.00        760.00         
  22       2               离散机4            42470.00        43239.00        769.00         
  22       3               离散机7            44667.00        45343.00        676.00         

工件 23:
  23       0               打印机1            0.00            46477.00        46477.00       
  23       1               批处理机2           46477.00        47237.00        760.00         
  23       2               离散机3            47961.00        48633.00        672.00         
  23       3               离散机4            49301.00        49924.00        623.00         
  23       4               离散机4            51577.00        52402.00        825.00         
  23       5               离散机5            53301.00        53970.00        669.00         
  23       6               离散机1            54761.00        55413.00        652.00         
  23       7               离散机8            55976.00        56757.00        781.00         
  23       8               离散机7            57817.00        58419.00        602.00         

工件 24:
  24       0               打印机3            0.00            40959.00        40959.00       
  24       1               批处理机2           40959.00        41719.00        760.00         
  24       2               离散机2            41719.00        42468.00        749.00         
  24       3               离散机6            42541.00        43296.00        755.00         
  24       4               离散机3            43951.00        44741.00        790.00         
  24       5               离散机1            45443.00        46083.00        640.00         
  24       6               离散机8            53657.00        54640.00        983.00         
  24       7               离散机3            55320.00        56035.00        715.00         

工件 25:
  25       0               打印机4            0.00            42324.00        42324.00       
  25       1               批处理机2           42324.00        43084.00        760.00         
  25       2               离散机5            44399.00        45126.00        727.00         
  25       3               离散机2            45402.00        46245.00        843.00         

工件 26:
  26       0               打印机2            13671.82        22750.24        9078.42        
  26       1               批处理机2           22750.24        23510.24        760.00         
  26       2               离散机10           24199.24        24949.24        750.00         
  26       3               离散机3            28303.24        28927.24        624.00         
  26       4               离散机6            30325.24        31172.24        847.00         
  26       5               离散机8            31246.24        31956.24        710.00         

工件 27:
  27       0               打印机2            22750.24        34246.24        11496.00       
  27       1               批处理机2           34246.24        35006.24        760.00         
  27       2               离散机3            35006.24        35810.24        804.00         
  27       3               离散机1            35810.24        36448.24        638.00         
  27       4               离散机4            36448.24        37074.24        626.00         
  27       5               离散机4            37074.24        37890.24        816.00         

工件 28:
  28       0               打印机3            0.00            40959.00        40959.00       
  28       1               批处理机2           40959.00        41719.00        760.00         
  28       2               离散机3            45448.00        46138.00        690.00         
  28       3               离散机6            46310.00        47201.00        891.00         
  28       4               离散机4            50976.00        51577.00        601.00         
  28       5               离散机9            51594.00        52250.00        656.00         
  28       6               离散机1            52548.00        53309.00        761.00         
  28       7               离散机9            54384.00        55244.00        860.00         
  28       8               离散机6            55894.00        56645.00        751.00         

工件 29:
  29       0               打印机2            0.00            13671.82        13671.82       
  29       1               批处理机2           13671.82        14431.82        760.00         
  29       2               离散机10           14431.82        15247.82        816.00         

工件 30:
  30       0               打印机3            0.00            40959.00        40959.00       
  30       1               批处理机2           40959.00        41719.00        760.00         
  30       2               离散机10           43361.00        44101.00        740.00         
  30       3               离散机3            44741.00        45448.00        707.00         
  30       4               离散机5            45448.00        46114.00        666.00         
  30       5               离散机6            49451.00        50146.00        695.00         
  30       6               离散机10           50585.00        51213.00        628.00         
  30       7               离散机2            54436.00        55429.00        993.00         
  30       8               离散机2            55429.00        56201.00        772.00         
  30       9               离散机5            57537.00        58222.00        685.00         

工件 31:
  31       0               打印机2            0.00            13671.82        13671.82       
  31       1               批处理机2           13671.82        14431.82        760.00         
  31       2               离散机4            17465.82        18069.82        604.00         
  31       3               离散机1            18993.82        19646.82        653.00         
  31       4               离散机10           20805.82        21416.82        611.00         
  31       5               离散机3            21416.82        22164.82        748.00         
  31       6               离散机5            22519.82        23142.82        623.00         
  31       7               离散机6            26331.24        26997.24        666.00         
  31       8               离散机2            32633.24        33238.24        605.00         
  31       9               离散机9            33238.24        34013.24        775.00         

工件 32:
  32       0               打印机2            13671.82        22750.24        9078.42        
  32       1               批处理机2           22750.24        23510.24        760.00         
  32       2               离散机2            24142.24        24823.24        681.00         
  32       3               离散机3            26179.24        27049.24        870.00         
  32       4               离散机9            27049.24        27739.24        690.00         
  32       5               离散机2            29391.24        30009.24        618.00         
  32       6               离散机1            31092.24        32099.24        1007.00        
  32       7               离散机9            32099.24        32955.24        856.00         
  32       8               离散机10           35618.24        36222.24        604.00         

工件 33:
  33       0               打印机1            0.00            46477.00        46477.00       
  33       1               批处理机2           46477.00        47237.00        760.00         
  33       2               离散机6            47949.00        48743.00        794.00         
  33       3               离散机4            49924.00        50976.00        1052.00        
  33       4               离散机9            50976.00        51594.00        618.00         
  33       5               离散机4            52402.00        53090.00        688.00         
  33       6               离散机6            53648.00        54427.00        779.00         
  33       7               离散机7            55658.00        56316.00        658.00         
  33       8               离散机5            56907.00        57537.00        630.00         

工件 34:
  34       0               打印机2            0.00            13671.82        13671.82       
  34       1               批处理机2           13671.82        14431.82        760.00         
  34       2               离散机6            15712.82        16319.82        607.00         

工件 35:
  35       0               打印机2            0.00            13671.82        13671.82       
  35       1               批处理机2           13671.82        14431.82        760.00         
  35       2               离散机2            15050.82        15730.82        680.00         
  35       3               离散机4            16651.82        17465.82        814.00         
  35       4               离散机9            17964.82        18746.82        782.00         
  35       5               离散机9            19619.82        20239.82        620.00         
  35       6               离散机1            20239.82        20922.82        683.00         
  35       7               离散机3            22164.82        22855.82        691.00         

工件 36:
  36       0               打印机2            13671.82        22750.24        9078.42        
  36       1               批处理机2           22750.24        23510.24        760.00         
  36       2               离散机7            24273.24        24974.24        701.00         
  36       3               离散机5            25657.24        26271.24        614.00         
  36       4               离散机1            27181.24        27935.24        754.00         
  36       5               离散机7            28227.24        29153.24        926.00         

工件 37:
  37       0               打印机3            0.00            40959.00        40959.00       
  37       1               批处理机2           40959.00        41719.00        760.00         
  37       2               离散机5            41719.00        42326.00        607.00         
  37       3               离散机5            43782.00        44399.00        617.00         
  37       4               离散机5            46114.00        46752.00        638.00         
  37       5               离散机1            50023.00        50829.00        806.00         
  37       6               离散机5            52046.00        52687.00        641.00         
  37       7               离散机7            53769.00        54424.00        655.00         
  37       8               离散机6            55209.00        55894.00        685.00         
  37       9               离散机3            56791.00        57552.00        761.00         

工件 38:
  38       0               打印机1            0.00            46477.00        46477.00       
  38       1               批处理机2           46477.00        47237.00        760.00         
  38       2               离散机1            48766.00        49401.00        635.00         
  38       3               离散机8            49401.00        50114.00        713.00         
  38       4               离散机8            50921.00        51538.00        617.00         
  38       5               离散机6            54427.00        55209.00        782.00         

工件 39:
  39       0               打印机2            13671.82        22750.24        9078.42        
  39       1               批处理机2           22750.24        23510.24        760.00         
  39       2               离散机3            24218.24        24976.24        758.00         
  39       3               离散机3            27689.24        28303.24        614.00         

工件 40:
  40       0               打印机4            0.00            42324.00        42324.00       
  40       1               批处理机2           42324.00        43084.00        760.00         
  40       2               离散机5            50392.00        51238.00        846.00         

工件 41:
  41       0               打印机1            0.00            46477.00        46477.00       
  41       1               批处理机2           46477.00        47237.00        760.00         
  41       2               离散机7            47237.00        47857.00        620.00         
  41       3               离散机7            47857.00        48465.00        608.00         
  41       4               离散机9            48949.00        49739.00        790.00         

工件 42:
  42       0               打印机2            22750.24        34246.24        11496.00       
  42       1               批处理机2           34246.24        35006.24        760.00         
  42       2               离散机2            35006.24        35755.24        749.00         
  42       3               离散机6            35755.24        36640.24        885.00         
  42       4               离散机6            36640.24        37285.24        645.00         
  42       5               离散机10           37285.24        38302.24        1017.00        
  42       6               离散机1            38302.24        38963.24        661.00         
  42       7               离散机4            38963.24        39844.24        881.00         
  42       8               离散机7            40064.24        40895.24        831.00         
  42       9               离散机5            40895.24        41597.24        702.00         

工件 43:
  43       0               打印机1            0.00            46477.00        46477.00       
  43       1               批处理机2           46477.00        47237.00        760.00         
  43       2               离散机10           47237.00        47939.00        702.00         
  43       3               离散机6            48743.00        49451.00        708.00         
  43       4               离散机8            50114.00        50921.00        807.00         
  43       5               离散机6            52232.00        52868.00        636.00         
  43       6               离散机8            52940.00        53657.00        717.00         
  43       7               离散机5            55999.00        56907.00        908.00         

工件 44:
  44       0               打印机2            13671.82        22750.24        9078.42        
  44       1               批处理机2           22750.24        23510.24        760.00         
  44       2               离散机7            23510.24        24273.24        763.00         
  44       3               离散机5            24273.24        25025.24        752.00         
  44       4               离散机1            25025.24        25655.24        630.00         
  44       5               离散机1            25655.24        26531.24        876.00         
  44       6               离散机6            28677.24        29708.24        1031.00        
  44       7               离散机3            30231.24        30939.24        708.00         
  44       8               离散机7            32530.24        33137.24        607.00         

工件 45:
  45       0               打印机2            13671.82        22750.24        9078.42        
  45       1               批处理机2           22750.24        23510.24        760.00         
  45       2               离散机4            25809.24        26437.24        628.00         
  45       3               离散机2            26437.24        27073.24        636.00         
  45       4               离散机5            27073.24        27885.24        812.00         
  45       5               离散机2            27885.24        28686.24        801.00         
  45       6               离散机3            28927.24        29581.24        654.00         
  45       7               离散机3            29581.24        30231.24        650.00         
  45       8               离散机1            30231.24        31092.24        861.00         
  45       9               离散机7            31092.24        31920.24        828.00         

工件 46:
  46       0               打印机4            0.00            42324.00        42324.00       
  46       1               批处理机2           42324.00        43084.00        760.00         
  46       2               离散机7            43084.00        43762.00        678.00         
  46       3               离散机8            43762.00        44670.00        908.00         
  46       4               离散机2            44670.00        45402.00        732.00         
  46       5               离散机6            45520.00        46310.00        790.00         
  46       6               离散机9            46310.00        46982.00        672.00         
  46       7               离散机9            49739.00        50501.00        762.00         
  46       8               离散机4            55367.00        55989.00        622.00         

工件 47:
  47       0               打印机2            13671.82        22750.24        9078.42        
  47       1               批处理机2           22750.24        23510.24        760.00         
  47       2               离散机2            23510.24        24142.24        632.00         
  47       3               离散机6            24158.24        24929.24        771.00         
  47       4               离散机3            30939.24        31660.24        721.00         

工件 48:
  48       0               打印机3            0.00            40959.00        40959.00       
  48       1               批处理机2           40959.00        41719.00        760.00         
  48       2               离散机1            41719.00        42386.00        667.00         
  48       3               离散机2            42468.00        43162.00        694.00         
  48       4               离散机9            44154.00        45025.00        871.00         
  48       5               离散机2            49175.00        49893.00        718.00         
  48       6               离散机10           51213.00        52091.00        878.00         
  48       7               离散机10           52091.00        52755.00        664.00         
  48       8               离散机4            55989.00        56623.00        634.00         
  48       9               离散机4            56623.00        57382.00        759.00         

工件 49:
  49       0               打印机2            22750.24        34246.24        11496.00       
  49       1               批处理机2           34246.24        35006.24        760.00         
  49       2               离散机9            35006.24        35634.24        628.00         
  49       3               离散机8            35689.24        36368.24        679.00         
  49       4               离散机4            37890.24        38573.24        683.00         
  49       5               离散机8            38573.24        39341.24        768.00         
  49       6               离散机4            39844.24        40554.24        710.00         

工件 50:
  50       0               打印机2            13671.82        22750.24        9078.42        
  50       1               批处理机2           22750.24        23510.24        760.00         
  50       2               离散机10           23510.24        24199.24        689.00         
  50       3               离散机4            26437.24        27163.24        726.00         
  50       4               离散机6            27163.24        28039.24        876.00         
  50       5               离散机1            28039.24        29067.24        1028.00        
  50       6               离散机7            29153.24        29900.24        747.00         

工件 51:
  51       0               打印机2            0.00            13671.82        13671.82       
  51       1               批处理机2           13671.82        14431.82        760.00         
  51       2               离散机3            15922.82        16549.82        627.00         
  51       3               离散机10           16549.82        17249.82        700.00         
  51       4               离散机2            17249.82        17880.82        631.00         
  51       5               离散机2            17880.82        18708.82        828.00         
  51       6               离散机5            20121.82        20889.82        768.00         
  51       7               离散机2            20889.82        21587.82        698.00         
  51       8               离散机2            21587.82        22324.82        737.00         

工件 52:
  52       0               打印机2            0.00            13671.82        13671.82       
  52       1               批处理机2           13671.82        14431.82        760.00         
  52       2               离散机8            15195.82        15934.82        739.00         
  52       3               离散机8            16684.82        17294.82        610.00         
  52       4               离散机7            18524.82        19212.82        688.00         
  52       5               离散机8            20062.82        20687.82        625.00         
  52       6               离散机10           22034.82        22784.82        750.00         
  52       7               离散机10           22784.82        23480.82        696.00         
  52       8               离散机6            25676.24        26331.24        655.00         
  52       9               离散机3            32384.24        33151.24        767.00         

工件 53:
  53       0               打印机1            0.00            46477.00        46477.00       
  53       1               批处理机2           46477.00        47237.00        760.00         
  53       2               离散机6            47237.00        47949.00        712.00         
  53       3               离散机7            48465.00        49448.00        983.00         
  53       4               离散机7            50893.00        51493.00        600.00         
  53       5               离散机7            52990.00        53769.00        779.00         
  53       6               离散机10           56117.00        56724.00        607.00         

工件 54:
  54       0               打印机1            0.00            46477.00        46477.00       
  54       1               批处理机2           46477.00        47237.00        760.00         
  54       2               离散机8            47237.00        47854.00        617.00         
  54       3               离散机4            47854.00        48664.00        810.00         
  54       4               离散机5            49613.00        50392.00        779.00         
  54       5               离散机6            51454.00        52232.00        778.00         
  54       6               离散机2            52741.00        53587.00        846.00         
  54       7               离散机3            53892.00        54612.00        720.00         
  54       8               离散机8            56757.00        57372.00        615.00         

工件 55:
  55       0               打印机2            0.00            13671.82        13671.82       
  55       1               批处理机2           13671.82        14431.82        760.00         
  55       2               离散机8            14431.82        15195.82        764.00         
  55       3               离散机7            15754.82        16460.82        706.00         
  55       4               离散机10           19322.82        20009.82        687.00         
  55       5               离散机5            20889.82        21598.82        709.00         
  55       6               离散机1            21598.82        22319.82        721.00         
  55       7               离散机7            24974.24        25636.24        662.00         

工件 56:
  56       0               打印机2            0.00            13671.82        13671.82       
  56       1               批处理机2           13671.82        14431.82        760.00         
  56       2               离散机1            17688.82        18383.82        695.00         
  56       3               离散机9            20895.82        21511.82        616.00         
  56       4               离散机7            29900.24        30515.24        615.00         

工件 57:
  57       0               打印机2            0.00            13671.82        13671.82       
  57       1               批处理机2           13671.82        14431.82        760.00         
  57       2               离散机7            15110.82        15754.82        644.00         
  57       3               离散机10           15754.82        16405.82        651.00         
  57       4               离散机4            18069.82        18832.82        763.00         
  57       5               离散机10           24949.24        25633.24        684.00         

工件 58:
  58       0               打印机2            13671.82        22750.24        9078.42        
  58       1               批处理机2           22750.24        23510.24        760.00         
  58       2               离散机4            23510.24        24251.24        741.00         
  58       3               离散机8            24251.24        24879.24        628.00         
  58       4               离散机5            25025.24        25657.24        632.00         
  58       5               离散机1            29067.24        29779.24        712.00         
  58       6               离散机9            29779.24        30689.24        910.00         
  58       7               离散机10           30689.24        31401.24        712.00         
  58       8               离散机1            33891.24        34519.24        628.00         
  58       9               离散机2            37799.24        38520.24        721.00         

工件 59:
  59       0               打印机1            0.00            46477.00        46477.00       
  59       1               批处理机2           46477.00        47237.00        760.00         
  59       2               离散机1            50829.00        51505.00        676.00         

工件 60:
  60       0               打印机3            0.00            40959.00        40959.00       
  60       1               批处理机2           40959.00        41719.00        760.00         
  60       2               离散机9            42455.00        43459.00        1004.00        
  60       3               离散机6            50146.00        50817.00        671.00         

工件 61:
  61       0               打印机2            0.00            13671.82        13671.82       
  61       1               批处理机2           13671.82        14431.82        760.00         
  61       2               离散机3            15214.82        15922.82        708.00         
  61       3               离散机2            15922.82        16676.82        754.00         
  61       4               离散机9            18746.82        19619.82        873.00         
  61       5               离散机2            19619.82        20405.82        786.00         
  61       6               离散机4            20405.82        21125.82        720.00         
  61       7               离散机10           21416.82        22034.82        618.00         
  61       8               离散机3            33151.24        33814.24        663.00         

工件 62:
  62       0               打印机2            0.00            13671.82        13671.82       
  62       1               批处理机2           13671.82        14431.82        760.00         
  62       2               离散机2            14431.82        15050.82        619.00         
  62       3               离散机10           17863.82        18710.82        847.00         
  62       4               离散机3            20138.82        20825.82        687.00         
  62       5               离散机4            21125.82        21948.82        823.00         

工件 63:
  63       0               打印机1            0.00            46477.00        46477.00       
  63       1               批处理机2           46477.00        47237.00        760.00         
  63       2               离散机2            47237.00        47852.00        615.00         
  63       3               离散机5            48637.00        49613.00        976.00         
  63       4               离散机7            51493.00        52247.00        754.00         
  63       5               离散机3            53074.00        53892.00        818.00         
  63       6               离散机1            53921.00        54761.00        840.00         

工件 64:
  64       0               打印机1            0.00            46477.00        46477.00       
  64       1               批处理机2           46477.00        47237.00        760.00         
  64       2               离散机8            55313.00        55976.00        663.00         

工件 65:
  65       0               打印机3            0.00            40959.00        40959.00       
  65       1               批处理机2           40959.00        41719.00        760.00         
  65       2               离散机4            41719.00        42470.00        751.00         
  65       3               离散机6            50817.00        51454.00        637.00         
  65       4               离散机3            52339.00        53074.00        735.00         
  65       5               离散机9            53638.00        54384.00        746.00         

工件 66:
  66       0               打印机2            13671.82        22750.24        9078.42        
  66       1               批处理机2           22750.24        23510.24        760.00         
  66       2               离散机2            25663.24        26369.24        706.00         
  66       3               离散机7            27467.24        28227.24        760.00         
  66       4               离散机1            42995.00        43846.00        851.00         

工件 67:
  67       0               打印机2            13671.82        22750.24        9078.42        
  67       1               批处理机2           22750.24        23510.24        760.00         
  67       2               离散机3            25578.24        26179.24        601.00         
  67       3               离散机7            26179.24        26795.24        616.00         
  67       4               离散机2            30009.24        30640.24        631.00         
  67       5               离散机8            30640.24        31246.24        606.00         

工件 68:
  68       0               打印机3            0.00            40959.00        40959.00       
  68       1               批处理机2           40959.00        41719.00        760.00         
  68       2               离散机8            43090.00        43732.00        642.00         
  68       3               离散机4            54687.00        55367.00        680.00         
  68       4               离散机10           57493.00        58148.00        655.00         

工件 69:
  69       0               打印机1            0.00            46477.00        46477.00       
  69       1               批处理机2           46477.00        47237.00        760.00         
  69       2               离散机5            47237.00        47869.00        632.00         
  69       3               离散机1            48131.00        48766.00        635.00         
  69       4               离散机3            50096.00        50697.00        601.00         
  69       5               离散机6            52868.00        53648.00        780.00         
  69       6               离散机5            54618.00        55309.00        691.00         
  69       7               离散机6            56645.00        57369.00        724.00         

工件 70:
  70       0               打印机1            0.00            46477.00        46477.00       
  70       1               批处理机2           46477.00        47237.00        760.00         
  70       2               离散机4            47237.00        47840.00        603.00         
  70       3               离散机9            47840.00        48949.00        1109.00        
  70       4               离散机1            49401.00        50023.00        622.00         
  70       5               离散机3            51586.00        52339.00        753.00         
  70       6               离散机9            52339.00        52958.00        619.00         
  70       7               离散机9            52958.00        53638.00        680.00         
  70       8               离散机7            54424.00        55046.00        622.00         
  70       9               离散机3            57552.00        58156.00        604.00         

工件 71:
  71       0               打印机2            0.00            13671.82        13671.82       
  71       1               批处理机2           13671.82        14431.82        760.00         
  71       2               离散机1            15148.82        16024.82        876.00         
  71       3               离散机8            17947.82        18802.82        855.00         

工件 72:
  72       0               打印机2            0.00            13671.82        13671.82       
  72       1               批处理机2           13671.82        14431.82        760.00         
  72       2               离散机6            14431.82        15064.82        633.00         
  72       3               离散机1            16024.82        16778.82        754.00         
  72       4               离散机10           17249.82        17863.82        614.00         
  72       5               离散机7            17863.82        18524.82        661.00         
  72       6               离散机7            19212.82        20266.82        1054.00        
  72       7               离散机8            20687.82        21391.82        704.00         
  72       8               离散机7            22592.82        23272.82        680.00         
  72       9               离散机10           27026.24        27795.24        769.00         

工件 73:
  73       0               打印机3            0.00            40959.00        40959.00       
  73       1               批处理机2           40959.00        41719.00        760.00         
  73       2               离散机6            41719.00        42541.00        822.00         
  73       3               离散机3            42541.00        43317.00        776.00         
  73       4               离散机2            43317.00        44173.00        856.00         
  73       5               离散机10           45601.00        46331.00        730.00         
  73       6               离散机2            49893.00        50862.00        969.00         
  73       7               离散机5            53970.00        54618.00        648.00         

工件 74:
  74       0               打印机2            0.00            13671.82        13671.82       
  74       1               批处理机2           13671.82        14431.82        760.00         
  74       2               离散机6            15064.82        15712.82        648.00         
  74       3               离散机1            16778.82        17688.82        910.00         
  74       4               离散机9            22234.82        23024.82        790.00         
  74       5               离散机6            31172.24        31781.24        609.00         
  74       6               离散机3            38537.24        39285.24        748.00         
  74       7               离散机10           39813.24        40543.24        730.00         

工件 75:
  75       0               打印机2            0.00            13671.82        13671.82       
  75       1               批处理机2           13671.82        14431.82        760.00         
  75       2               离散机3            16549.82        17540.82        991.00         
  75       3               离散机8            18802.82        19446.82        644.00         
  75       4               离散机3            19446.82        20138.82        692.00         
  75       5               离散机7            20266.82        21162.82        896.00         
  75       6               离散机5            23142.82        23835.82        693.00         
  75       7               离散机5            28775.24        29377.24        602.00         
  75       8               离散机10           29377.24        30025.24        648.00         

工件 76:
  76       0               打印机2            0.00            13671.82        13671.82       
  76       1               批处理机2           13671.82        14431.82        760.00         
  76       2               离散机1            14431.82        15148.82        717.00         
  76       3               离散机8            15934.82        16684.82        750.00         
  76       4               离散机8            19446.82        20062.82        616.00         
  76       5               离散机5            21598.82        22519.82        921.00         
  76       6               离散机8            22519.82        23153.82        634.00         
  76       7               离散机3            36447.24        37109.24        662.00         
  76       8               离散机2            39714.24        40376.24        662.00         

工件 77:
  77       0               打印机3            0.00            40959.00        40959.00       
  77       1               批处理机2           40959.00        41719.00        760.00         
  77       2               离散机3            41719.00        42473.00        754.00         
  77       3               离散机10           46331.00        47126.00        795.00         
  77       4               离散机8            47854.00        48578.00        724.00         
  77       5               离散机10           48829.00        49769.00        940.00         
  77       6               离散机10           52755.00        53412.00        657.00         
  77       7               离散机10           54738.00        55391.00        653.00         
  77       8               离散机10           56724.00        57493.00        769.00         

工件 78:
  78       0               打印机1            0.00            46477.00        46477.00       
  78       1               批处理机2           46477.00        47237.00        760.00         
  78       2               离散机3            47237.00        47961.00        724.00         
  78       3               离散机10           49769.00        50585.00        816.00         
  78       4               离散机5            52687.00        53301.00        614.00         
  78       5               离散机2            53587.00        54436.00        849.00         

工件 79:
  79       0               打印机2            13671.82        22750.24        9078.42        
  79       1               批处理机2           22750.24        23510.24        760.00         
  79       2               离散机4            24251.24        25045.24        794.00         
  79       3               离散机9            25045.24        25705.24        660.00         
  79       4               离散机10           25705.24        26391.24        686.00         
  79       5               离散机2            27073.24        27734.24        661.00         
  79       6               离散机2            31933.24        32633.24        700.00         
  79       7               离散机5            32633.24        33348.24        715.00         
  79       8               离散机10           33348.24        33994.24        646.00         
  79       9               离散机3            33994.24        34733.24        739.00         

工件 80:
  80       0               打印机3            0.00            40959.00        40959.00       
  80       1               批处理机2           40959.00        41719.00        760.00         
  80       2               离散机8            44670.00        45378.00        708.00         
  80       3               离散机4            46306.00        46941.00        635.00         
  80       4               离散机3            48633.00        49338.00        705.00         
  80       5               离散机2            50862.00        51636.00        774.00         
  80       6               离散机1            55413.00        56509.00        1096.00        

工件 81:
  81       0               打印机1            0.00            46477.00        46477.00       
  81       1               批处理机2           46477.00        47237.00        760.00         
  81       2               离散机5            51238.00        52046.00        808.00         
  81       3               离散机2            52046.00        52741.00        695.00         
  81       4               离散机9            55244.00        55863.00        619.00         
  81       5               离散机3            56035.00        56791.00        756.00         

工件 82:
  82       0               打印机3            0.00            40959.00        40959.00       
  82       1               批处理机2           40959.00        41719.00        760.00         
  82       2               离散机8            41719.00        42361.00        642.00         
  82       3               离散机5            42361.00        43150.00        789.00         
  82       4               离散机4            43239.00        43862.00        623.00         
  82       5               离散机10           53412.00        54047.00        635.00         
  82       6               离散机7            56316.00        56957.00        641.00         
  82       7               离散机7            56957.00        57817.00        860.00         

工件 83:
  83       0               打印机3            0.00            40959.00        40959.00       
  83       1               批处理机2           40959.00        41719.00        760.00         
  83       2               离散机1            42386.00        42995.00        609.00         
  83       3               离散机9            43459.00        44154.00        695.00         
  83       4               离散机8            46154.00        46941.00        787.00         
  83       5               离散机4            53838.00        54687.00        849.00         
  83       6               离散机1            56509.00        57195.00        686.00         

工件 84:
  84       0               打印机2            22750.24        34246.24        11496.00       
  84       1               批处理机2           34246.24        35006.24        760.00         
  84       2               离散机10           35006.24        35618.24        612.00         
  84       3               离散机2            37193.24        37799.24        606.00         
  84       4               离散机8            37799.24        38420.24        621.00         
  84       5               离散机1            38963.24        39688.24        725.00         
  84       6               离散机8            39688.24        40292.24        604.00         

工件 85:
  85       0               打印机2            22750.24        34246.24        11496.00       
  85       1               批处理机2           34246.24        35006.24        760.00         
  85       2               离散机7            35006.24        35628.24        622.00         

工件 86:
  86       0               打印机2            0.00            13671.82        13671.82       
  86       1               批处理机2           13671.82        14431.82        760.00         
  86       2               离散机9            15858.82        16627.82        769.00         
  86       3               离散机9            17229.82        17964.82        735.00         
  86       4               离散机1            18383.82        18993.82        610.00         
  86       5               离散机5            18993.82        20121.82        1128.00        
  86       6               离散机6            20926.82        21715.82        789.00         
  86       7               离散机2            22324.82        22956.82        632.00         

工件 87:
  87       0               打印机2            13671.82        22750.24        9078.42        
  87       1               批处理机2           22750.24        23510.24        760.00         
  87       2               离散机6            23510.24        24158.24        648.00         
  87       3               离散机4            27163.24        27968.24        805.00         
  87       4               离散机6            29708.24        30325.24        617.00         

工件 88:
  88       0               打印机2            0.00            13671.82        13671.82       
  88       1               批处理机2           13671.82        14431.82        760.00         
  88       2               离散机4            14431.82        15057.82        626.00         
  88       3               离散机5            17521.82        18287.82        766.00         
  88       4               离散机7            21842.82        22592.82        750.00         
  88       5               离散机7            31920.24        32530.24        610.00         

工件 89:
  89       0               打印机1            0.00            46477.00        46477.00       
  89       1               批处理机2           46477.00        47237.00        760.00         
  89       2               离散机5            47869.00        48637.00        768.00         
  89       3               离散机7            50239.00        50893.00        654.00         
  89       4               离散机7            52247.00        52990.00        743.00         
  89       5               离散机1            53309.00        53921.00        612.00         
  89       6               离散机9            56501.00        57132.00        631.00         

工件 90:
  90       0               打印机2            22750.24        34246.24        11496.00       
  90       1               批处理机2           34246.24        35006.24        760.00         
  90       2               离散机8            35006.24        35689.24        683.00         
  90       3               离散机2            36495.24        37193.24        698.00         
  90       4               离散机3            37193.24        37870.24        677.00         
  90       5               离散机6            37902.24        38651.24        749.00         
  90       6               离散机2            38651.24        39714.24        1063.00        
  90       7               离散机9            40117.24        40815.24        698.00         

工件 91:
  91       0               打印机4            0.00            42324.00        42324.00       
  91       1               批处理机2           42324.00        43084.00        760.00         
  91       2               离散机5            43150.00        43782.00        632.00         
  91       3               离散机4            43862.00        44723.00        861.00         
  91       4               离散机6            57369.00        58009.00        640.00         

工件 92:
  92       0               打印机3            0.00            40959.00        40959.00       
  92       1               批处理机2           40959.00        41719.00        760.00         
  92       2               离散机7            41719.00        42429.00        710.00         
  92       3               离散机7            43762.00        44667.00        905.00         
  92       4               离散机6            44667.00        45520.00        853.00         
  92       5               离散机5            55309.00        55999.00        690.00         

工件 93:
  93       0               打印机4            0.00            42324.00        42324.00       
  93       1               批处理机2           42324.00        43084.00        760.00         
  93       2               离散机3            43317.00        43951.00        634.00         
  93       3               离散机1            43951.00        44819.00        868.00         
  93       4               离散机3            46138.00        46927.00        789.00         
  93       5               离散机2            48571.00        49175.00        604.00         
  93       6               离散机8            54640.00        55313.00        673.00         
  93       7               离散机2            56201.00        56805.00        604.00         
  93       8               离散机8            57372.00        58243.00        871.00         

工件 94:
  94       0               打印机2            0.00            13671.82        13671.82       
  94       1               批处理机2           13671.82        14431.82        760.00         
  94       2               离散机7            14431.82        15110.82        679.00         
  94       3               离散机4            16046.82        16651.82        605.00         
  94       4               离散机10           20009.82        20805.82        796.00         
  94       5               离散机1            20922.82        21552.82        630.00         

工件 95:
  95       0               打印机1            0.00            46477.00        46477.00       
  95       1               批处理机2           46477.00        47237.00        760.00         
  95       2               离散机2            47852.00        48571.00        719.00         

工件 96:
  96       0               打印机2            13671.82        22750.24        9078.42        
  96       1               批处理机2           22750.24        23510.24        760.00         
  96       2               离散机3            24976.24        25578.24        602.00         
  96       3               离散机1            26531.24        27181.24        650.00         
  96       4               离散机5            27885.24        28775.24        890.00         

工件 97:
  97       0               打印机3            0.00            40959.00        40959.00       
  97       1               批处理机2           40959.00        41719.00        760.00         
  97       2               离散机9            41719.00        42455.00        736.00         
  97       3               离散机4            44723.00        45551.00        828.00         

工件 98:
  98       0               打印机2            13671.82        22750.24        9078.42        
  98       1               批处理机2           22750.24        23510.24        760.00         
  98       2               离散机2            24823.24        25663.24        840.00         
  98       3               离散机7            26795.24        27467.24        672.00         
  98       4               离散机2            31257.24        31933.24        676.00         
  98       5               离散机1            32099.24        33127.24        1028.00        
  98       6               离散机10           33994.24        34750.24        756.00         
  98       7               离散机7            39353.24        40064.24        711.00         
  98       8               离散机8            40292.24        40901.24        609.00         

工件 99:
  99       0               打印机2            13671.82        22750.24        9078.42        
  99       1               批处理机2           22750.24        23510.24        760.00         
  99       2               离散机3            23510.24        24218.24        708.00         
  99       3               离散机9            24218.24        24870.24        652.00         
  99       4               离散机6            24929.24        25676.24        747.00         
  99       5               离散机10           26391.24        27026.24        635.00         
  99       6               离散机2            30640.24        31257.24        617.00         
  99       7               离散机4            31257.24        32035.24        778.00         
  99       8               离散机5            33348.24        34135.24        787.00         

【机器加工顺序记录】
----------------------------------------------------------------------------------------------------

打印机1:
工件号      工序号             开始时间            结束时间            加工时长           
--------------------------------------------------------------------------------
  1        0               0.00            46477.00        46477.00       
  10       0               0.00            46477.00        46477.00       
  12       0               0.00            46477.00        46477.00       
  23       0               0.00            46477.00        46477.00       
  33       0               0.00            46477.00        46477.00       
  38       0               0.00            46477.00        46477.00       
  41       0               0.00            46477.00        46477.00       
  43       0               0.00            46477.00        46477.00       
  53       0               0.00            46477.00        46477.00       
  54       0               0.00            46477.00        46477.00       
  59       0               0.00            46477.00        46477.00       
  63       0               0.00            46477.00        46477.00       
  64       0               0.00            46477.00        46477.00       
  69       0               0.00            46477.00        46477.00       
  70       0               0.00            46477.00        46477.00       
  78       0               0.00            46477.00        46477.00       
  81       0               0.00            46477.00        46477.00       
  89       0               0.00            46477.00        46477.00       
  95       0               0.00            46477.00        46477.00       

  机器利用率: 1511.60% (忙碌时间: 883063.00 / 总时间: 58419.00)

打印机2:
工件号      工序号             开始时间            结束时间            加工时长           
--------------------------------------------------------------------------------
  2        0               0.00            13671.82        13671.82       
  3        0               0.00            13671.82        13671.82       
  5        0               0.00            13671.82        13671.82       
  8        0               0.00            13671.82        13671.82       
  16       0               0.00            13671.82        13671.82       
  18       0               0.00            13671.82        13671.82       
  29       0               0.00            13671.82        13671.82       
  31       0               0.00            13671.82        13671.82       
  34       0               0.00            13671.82        13671.82       
  35       0               0.00            13671.82        13671.82       
  51       0               0.00            13671.82        13671.82       
  52       0               0.00            13671.82        13671.82       
  55       0               0.00            13671.82        13671.82       
  56       0               0.00            13671.82        13671.82       
  57       0               0.00            13671.82        13671.82       
  61       0               0.00            13671.82        13671.82       
  62       0               0.00            13671.82        13671.82       
  71       0               0.00            13671.82        13671.82       
  72       0               0.00            13671.82        13671.82       
  74       0               0.00            13671.82        13671.82       
  75       0               0.00            13671.82        13671.82       
  76       0               0.00            13671.82        13671.82       
  86       0               0.00            13671.82        13671.82       
  88       0               0.00            13671.82        13671.82       
  94       0               0.00            13671.82        13671.82       
  0        0               13671.82        22750.24        9078.42        
  13       0               13671.82        22750.24        9078.42        
  26       0               13671.82        22750.24        9078.42        
  32       0               13671.82        22750.24        9078.42        
  36       0               13671.82        22750.24        9078.42        
  39       0               13671.82        22750.24        9078.42        
  44       0               13671.82        22750.24        9078.42        
  45       0               13671.82        22750.24        9078.42        
  47       0               13671.82        22750.24        9078.42        
  50       0               13671.82        22750.24        9078.42        
  58       0               13671.82        22750.24        9078.42        
  66       0               13671.82        22750.24        9078.42        
  67       0               13671.82        22750.24        9078.42        
  79       0               13671.82        22750.24        9078.42        
  87       0               13671.82        22750.24        9078.42        
  96       0               13671.82        22750.24        9078.42        
  98       0               13671.82        22750.24        9078.42        
  99       0               13671.82        22750.24        9078.42        
  6        0               22750.24        34246.24        11496.00       
  7        0               22750.24        34246.24        11496.00       
  9        0               22750.24        34246.24        11496.00       
  15       0               22750.24        34246.24        11496.00       
  20       0               22750.24        34246.24        11496.00       
  27       0               22750.24        34246.24        11496.00       
  42       0               22750.24        34246.24        11496.00       
  49       0               22750.24        34246.24        11496.00       
  84       0               22750.24        34246.24        11496.00       
  85       0               22750.24        34246.24        11496.00       
  90       0               22750.24        34246.24        11496.00       

  机器利用率: 1081.26% (忙碌时间: 631663.12 / 总时间: 58419.00)

打印机3:
工件号      工序号             开始时间            结束时间            加工时长           
--------------------------------------------------------------------------------
  4        0               0.00            40959.00        40959.00       
  11       0               0.00            40959.00        40959.00       
  14       0               0.00            40959.00        40959.00       
  19       0               0.00            40959.00        40959.00       
  21       0               0.00            40959.00        40959.00       
  22       0               0.00            40959.00        40959.00       
  24       0               0.00            40959.00        40959.00       
  28       0               0.00            40959.00        40959.00       
  30       0               0.00            40959.00        40959.00       
  37       0               0.00            40959.00        40959.00       
  48       0               0.00            40959.00        40959.00       
  60       0               0.00            40959.00        40959.00       
  65       0               0.00            40959.00        40959.00       
  68       0               0.00            40959.00        40959.00       
  73       0               0.00            40959.00        40959.00       
  77       0               0.00            40959.00        40959.00       
  80       0               0.00            40959.00        40959.00       
  82       0               0.00            40959.00        40959.00       
  83       0               0.00            40959.00        40959.00       
  92       0               0.00            40959.00        40959.00       
  97       0               0.00            40959.00        40959.00       

  机器利用率: 1472.36% (忙碌时间: 860139.00 / 总时间: 58419.00)

打印机4:
工件号      工序号             开始时间            结束时间            加工时长           
--------------------------------------------------------------------------------
  17       0               0.00            42324.00        42324.00       
  25       0               0.00            42324.00        42324.00       
  40       0               0.00            42324.00        42324.00       
  46       0               0.00            42324.00        42324.00       
  91       0               0.00            42324.00        42324.00       
  93       0               0.00            42324.00        42324.00       

  机器利用率: 434.69% (忙碌时间: 253944.00 / 总时间: 58419.00)

批处理机1:
工件号      工序号             开始时间            结束时间            加工时长           
--------------------------------------------------------------------------------

  机器利用率: 0.00% (忙碌时间: 0.00 / 总时间: 58419.00)

批处理机2:
工件号      工序号             开始时间            结束时间            加工时长           
--------------------------------------------------------------------------------
  2        1               13671.82        14431.82        760.00         
  3        1               13671.82        14431.82        760.00         
  5        1               13671.82        14431.82        760.00         
  8        1               13671.82        14431.82        760.00         
  16       1               13671.82        14431.82        760.00         
  18       1               13671.82        14431.82        760.00         
  29       1               13671.82        14431.82        760.00         
  31       1               13671.82        14431.82        760.00         
  34       1               13671.82        14431.82        760.00         
  35       1               13671.82        14431.82        760.00         
  51       1               13671.82        14431.82        760.00         
  52       1               13671.82        14431.82        760.00         
  55       1               13671.82        14431.82        760.00         
  56       1               13671.82        14431.82        760.00         
  57       1               13671.82        14431.82        760.00         
  61       1               13671.82        14431.82        760.00         
  62       1               13671.82        14431.82        760.00         
  71       1               13671.82        14431.82        760.00         
  72       1               13671.82        14431.82        760.00         
  74       1               13671.82        14431.82        760.00         
  75       1               13671.82        14431.82        760.00         
  76       1               13671.82        14431.82        760.00         
  86       1               13671.82        14431.82        760.00         
  88       1               13671.82        14431.82        760.00         
  94       1               13671.82        14431.82        760.00         
  0        1               22750.24        23510.24        760.00         
  13       1               22750.24        23510.24        760.00         
  26       1               22750.24        23510.24        760.00         
  32       1               22750.24        23510.24        760.00         
  36       1               22750.24        23510.24        760.00         
  39       1               22750.24        23510.24        760.00         
  44       1               22750.24        23510.24        760.00         
  45       1               22750.24        23510.24        760.00         
  47       1               22750.24        23510.24        760.00         
  50       1               22750.24        23510.24        760.00         
  58       1               22750.24        23510.24        760.00         
  66       1               22750.24        23510.24        760.00         
  67       1               22750.24        23510.24        760.00         
  79       1               22750.24        23510.24        760.00         
  87       1               22750.24        23510.24        760.00         
  96       1               22750.24        23510.24        760.00         
  98       1               22750.24        23510.24        760.00         
  99       1               22750.24        23510.24        760.00         
  6        1               34246.24        35006.24        760.00         
  7        1               34246.24        35006.24        760.00         
  9        1               34246.24        35006.24        760.00         
  15       1               34246.24        35006.24        760.00         
  20       1               34246.24        35006.24        760.00         
  27       1               34246.24        35006.24        760.00         
  42       1               34246.24        35006.24        760.00         
  49       1               34246.24        35006.24        760.00         
  84       1               34246.24        35006.24        760.00         
  85       1               34246.24        35006.24        760.00         
  90       1               34246.24        35006.24        760.00         
  4        1               40959.00        41719.00        760.00         
  11       1               40959.00        41719.00        760.00         
  14       1               40959.00        41719.00        760.00         
  19       1               40959.00        41719.00        760.00         
  21       1               40959.00        41719.00        760.00         
  22       1               40959.00        41719.00        760.00         
  24       1               40959.00        41719.00        760.00         
  28       1               40959.00        41719.00        760.00         
  30       1               40959.00        41719.00        760.00         
  37       1               40959.00        41719.00        760.00         
  48       1               40959.00        41719.00        760.00         
  60       1               40959.00        41719.00        760.00         
  65       1               40959.00        41719.00        760.00         
  68       1               40959.00        41719.00        760.00         
  73       1               40959.00        41719.00        760.00         
  77       1               40959.00        41719.00        760.00         
  80       1               40959.00        41719.00        760.00         
  82       1               40959.00        41719.00        760.00         
  83       1               40959.00        41719.00        760.00         
  92       1               40959.00        41719.00        760.00         
  97       1               40959.00        41719.00        760.00         
  17       1               42324.00        43084.00        760.00         
  25       1               42324.00        43084.00        760.00         
  40       1               42324.00        43084.00        760.00         
  46       1               42324.00        43084.00        760.00         
  91       1               42324.00        43084.00        760.00         
  93       1               42324.00        43084.00        760.00         
  1        1               46477.00        47237.00        760.00         
  10       1               46477.00        47237.00        760.00         
  12       1               46477.00        47237.00        760.00         
  23       1               46477.00        47237.00        760.00         
  33       1               46477.00        47237.00        760.00         
  38       1               46477.00        47237.00        760.00         
  41       1               46477.00        47237.00        760.00         
  43       1               46477.00        47237.00        760.00         
  53       1               46477.00        47237.00        760.00         
  54       1               46477.00        47237.00        760.00         
  59       1               46477.00        47237.00        760.00         
  63       1               46477.00        47237.00        760.00         
  64       1               46477.00        47237.00        760.00         
  69       1               46477.00        47237.00        760.00         
  70       1               46477.00        47237.00        760.00         
  78       1               46477.00        47237.00        760.00         
  81       1               46477.00        47237.00        760.00         
  89       1               46477.00        47237.00        760.00         
  95       1               46477.00        47237.00        760.00         

  机器利用率: 130.09% (忙碌时间: 76000.00 / 总时间: 58419.00)

离散机1:
工件号      工序号             开始时间            结束时间            加工时长           
--------------------------------------------------------------------------------
  76       2               14431.82        15148.82        717.00         
  71       2               15148.82        16024.82        876.00         
  72       3               16024.82        16778.82        754.00         
  74       3               16778.82        17688.82        910.00         
  56       2               17688.82        18383.82        695.00         
  86       4               18383.82        18993.82        610.00         
  31       3               18993.82        19646.82        653.00         
  35       6               20239.82        20922.82        683.00         
  94       5               20922.82        21552.82        630.00         
  55       6               21598.82        22319.82        721.00         
  16       8               22319.82        23068.82        749.00         
  16       9               23068.82        23683.82        615.00         
  44       4               25025.24        25655.24        630.00         
  44       5               25655.24        26531.24        876.00         
  96       3               26531.24        27181.24        650.00         
  36       4               27181.24        27935.24        754.00         
  50       5               28039.24        29067.24        1028.00        
  58       5               29067.24        29779.24        712.00         
  45       8               30231.24        31092.24        861.00         
  32       6               31092.24        32099.24        1007.00        
  98       5               32099.24        33127.24        1028.00        
  0        9               33127.24        33891.24        764.00         
  58       8               33891.24        34519.24        628.00         
  9        2               35006.24        35627.24        621.00         
  27       3               35810.24        36448.24        638.00         
  6        4               36448.24        37163.24        715.00         
  20       4               37177.24        37914.24        737.00         
  42       6               38302.24        38963.24        661.00         
  84       5               38963.24        39688.24        725.00         
  6        9               40117.24        41040.24        923.00         
  48       2               41719.00        42386.00        667.00         
  83       2               42386.00        42995.00        609.00         
  66       4               42995.00        43846.00        851.00         
  93       3               43951.00        44819.00        868.00         
  14       4               44819.00        45443.00        624.00         
  24       5               45443.00        46083.00        640.00         
  4        3               46083.00        46955.00        872.00         
  12       2               47237.00        48131.00        894.00         
  69       3               48131.00        48766.00        635.00         
  38       2               48766.00        49401.00        635.00         
  70       4               49401.00        50023.00        622.00         
  37       5               50023.00        50829.00        806.00         
  59       2               50829.00        51505.00        676.00         
  11       6               51586.00        52548.00        962.00         
  28       6               52548.00        53309.00        761.00         
  89       5               53309.00        53921.00        612.00         
  63       6               53921.00        54761.00        840.00         
  23       6               54761.00        55413.00        652.00         
  80       6               55413.00        56509.00        1096.00        
  83       6               56509.00        57195.00        686.00         
  21       8               57195.00        58237.00        1042.00        

  机器利用率: 66.11% (忙碌时间: 38621.00 / 总时间: 58419.00)

离散机2:
工件号      工序号             开始时间            结束时间            加工时长           
--------------------------------------------------------------------------------
  62       2               14431.82        15050.82        619.00         
  35       2               15050.82        15730.82        680.00         
  61       3               15922.82        16676.82        754.00         
  51       4               17249.82        17880.82        631.00         
  51       5               17880.82        18708.82        828.00         
  61       5               19619.82        20405.82        786.00         
  51       7               20889.82        21587.82        698.00         
  51       8               21587.82        22324.82        737.00         
  86       7               22324.82        22956.82        632.00         
  47       2               23510.24        24142.24        632.00         
  32       2               24142.24        24823.24        681.00         
  98       2               24823.24        25663.24        840.00         
  66       2               25663.24        26369.24        706.00         
  45       3               26437.24        27073.24        636.00         
  79       5               27073.24        27734.24        661.00         
  45       5               27885.24        28686.24        801.00         
  0        7               28686.24        29391.24        705.00         
  32       5               29391.24        30009.24        618.00         
  67       4               30009.24        30640.24        631.00         
  99       6               30640.24        31257.24        617.00         
  98       4               31257.24        31933.24        676.00         
  79       6               31933.24        32633.24        700.00         
  31       8               32633.24        33238.24        605.00         
  42       2               35006.24        35755.24        749.00         
  7        2               35755.24        36495.24        740.00         
  90       3               36495.24        37193.24        698.00         
  84       3               37193.24        37799.24        606.00         
  58       9               37799.24        38520.24        721.00         
  90       6               38651.24        39714.24        1063.00        
  76       8               39714.24        40376.24        662.00         
  24       2               41719.00        42468.00        749.00         
  48       3               42468.00        43162.00        694.00         
  73       4               43317.00        44173.00        856.00         
  46       4               44670.00        45402.00        732.00         
  25       3               45402.00        46245.00        843.00         
  14       5               46245.00        46864.00        619.00         
  63       2               47237.00        47852.00        615.00         
  95       2               47852.00        48571.00        719.00         
  93       5               48571.00        49175.00        604.00         
  48       5               49175.00        49893.00        718.00         
  73       6               49893.00        50862.00        969.00         
  80       5               50862.00        51636.00        774.00         
  81       3               52046.00        52741.00        695.00         
  54       6               52741.00        53587.00        846.00         
  78       5               53587.00        54436.00        849.00         
  30       7               54436.00        55429.00        993.00         
  30       8               55429.00        56201.00        772.00         
  93       7               56201.00        56805.00        604.00         
  12       7               56805.00        57465.00        660.00         

  机器利用率: 60.64% (忙碌时间: 35424.00 / 总时间: 58419.00)

离散机3:
工件号      工序号             开始时间            结束时间            加工时长           
--------------------------------------------------------------------------------
  3        2               14431.82        15214.82        783.00         
  61       2               15214.82        15922.82        708.00         
  51       2               15922.82        16549.82        627.00         
  75       2               16549.82        17540.82        991.00         
  2        3               17540.82        18282.82        742.00         
  18       3               18282.82        19054.82        772.00         
  75       4               19446.82        20138.82        692.00         
  62       4               20138.82        20825.82        687.00         
  31       5               21416.82        22164.82        748.00         
  35       7               22164.82        22855.82        691.00         
  99       2               23510.24        24218.24        708.00         
  39       2               24218.24        24976.24        758.00         
  96       2               24976.24        25578.24        602.00         
  67       2               25578.24        26179.24        601.00         
  32       3               26179.24        27049.24        870.00         
  0        5               27049.24        27689.24        640.00         
  39       3               27689.24        28303.24        614.00         
  26       3               28303.24        28927.24        624.00         
  45       6               28927.24        29581.24        654.00         
  45       7               29581.24        30231.24        650.00         
  44       7               30231.24        30939.24        708.00         
  47       4               30939.24        31660.24        721.00         
  8        2               31660.24        32384.24        724.00         
  52       9               32384.24        33151.24        767.00         
  61       8               33151.24        33814.24        663.00         
  79       9               33994.24        34733.24        739.00         
  27       2               35006.24        35810.24        804.00         
  9        3               35810.24        36447.24        637.00         
  76       7               36447.24        37109.24        662.00         
  90       4               37193.24        37870.24        677.00         
  7        4               37870.24        38537.24        667.00         
  74       6               38537.24        39285.24        748.00         
  77       2               41719.00        42473.00        754.00         
  73       3               42541.00        43317.00        776.00         
  93       2               43317.00        43951.00        634.00         
  24       4               43951.00        44741.00        790.00         
  30       3               44741.00        45448.00        707.00         
  28       2               45448.00        46138.00        690.00         
  93       4               46138.00        46927.00        789.00         
  78       2               47237.00        47961.00        724.00         
  23       2               47961.00        48633.00        672.00         
  80       4               48633.00        49338.00        705.00         
  14       6               49338.00        50096.00        758.00         
  69       4               50096.00        50697.00        601.00         
  11       5               50697.00        51586.00        889.00         
  70       5               51586.00        52339.00        753.00         
  65       4               52339.00        53074.00        735.00         
  63       5               53074.00        53892.00        818.00         
  54       7               53892.00        54612.00        720.00         
  14       8               54612.00        55320.00        708.00         
  24       7               55320.00        56035.00        715.00         
  81       5               56035.00        56791.00        756.00         
  37       9               56791.00        57552.00        761.00         
  70       9               57552.00        58156.00        604.00         

  机器利用率: 66.31% (忙碌时间: 38738.00 / 总时间: 58419.00)

离散机4:
工件号      工序号             开始时间            结束时间            加工时长           
--------------------------------------------------------------------------------
  88       2               14431.82        15057.82        626.00         
  16       3               15138.82        16046.82        908.00         
  94       3               16046.82        16651.82        605.00         
  35       3               16651.82        17465.82        814.00         
  31       2               17465.82        18069.82        604.00         
  57       4               18069.82        18832.82        763.00         
  61       6               20405.82        21125.82        720.00         
  62       5               21125.82        21948.82        823.00         
  2        5               21948.82        22806.82        858.00         
  58       2               23510.24        24251.24        741.00         
  79       2               24251.24        25045.24        794.00         
  0        3               25045.24        25809.24        764.00         
  45       2               25809.24        26437.24        628.00         
  50       3               26437.24        27163.24        726.00         
  87       3               27163.24        27968.24        805.00         
  0        8               29391.24        30163.24        772.00         
  99       7               31257.24        32035.24        778.00         
  27       4               36448.24        37074.24        626.00         
  27       5               37074.24        37890.24        816.00         
  49       4               37890.24        38573.24        683.00         
  42       7               38963.24        39844.24        881.00         
  49       6               39844.24        40554.24        710.00         
  65       2               41719.00        42470.00        751.00         
  22       2               42470.00        43239.00        769.00         
  82       4               43239.00        43862.00        623.00         
  91       3               43862.00        44723.00        861.00         
  97       3               44723.00        45551.00        828.00         
  11       4               45601.00        46306.00        705.00         
  80       3               46306.00        46941.00        635.00         
  70       2               47237.00        47840.00        603.00         
  54       3               47854.00        48664.00        810.00         
  12       3               48664.00        49301.00        637.00         
  23       3               49301.00        49924.00        623.00         
  33       3               49924.00        50976.00        1052.00        
  28       4               50976.00        51577.00        601.00         
  23       4               51577.00        52402.00        825.00         
  33       5               52402.00        53090.00        688.00         
  21       5               53090.00        53838.00        748.00         
  83       5               53838.00        54687.00        849.00         
  68       3               54687.00        55367.00        680.00         
  46       8               55367.00        55989.00        622.00         
  48       8               55989.00        56623.00        634.00         
  48       9               56623.00        57382.00        759.00         
  1        2               57382.00        58291.00        909.00         

  机器利用率: 55.90% (忙碌时间: 32657.00 / 总时间: 58419.00)

离散机5:
工件号      工序号             开始时间            结束时间            加工时长           
--------------------------------------------------------------------------------
  3        3               15214.82        16113.82        899.00         
  3        4               16113.82        16742.82        629.00         
  3        5               16742.82        17521.82        779.00         
  88       3               17521.82        18287.82        766.00         
  86       5               18993.82        20121.82        1128.00        
  51       6               20121.82        20889.82        768.00         
  55       5               20889.82        21598.82        709.00         
  76       5               21598.82        22519.82        921.00         
  31       6               22519.82        23142.82        623.00         
  75       6               23142.82        23835.82        693.00         
  44       3               24273.24        25025.24        752.00         
  58       4               25025.24        25657.24        632.00         
  36       3               25657.24        26271.24        614.00         
  13       2               26271.24        26877.24        606.00         
  45       4               27073.24        27885.24        812.00         
  96       4               27885.24        28775.24        890.00         
  75       7               28775.24        29377.24        602.00         
  79       7               32633.24        33348.24        715.00         
  99       8               33348.24        34135.24        787.00         
  6        2               35006.24        35642.24        636.00         
  20       2               35642.24        36265.24        623.00         
  15       2               36265.24        36885.24        620.00         
  20       5               37914.24        38642.24        728.00         
  42       9               40895.24        41597.24        702.00         
  37       2               41719.00        42326.00        607.00         
  82       3               42361.00        43150.00        789.00         
  91       2               43150.00        43782.00        632.00         
  37       3               43782.00        44399.00        617.00         
  25       2               44399.00        45126.00        727.00         
  30       4               45448.00        46114.00        666.00         
  37       4               46114.00        46752.00        638.00         
  69       2               47237.00        47869.00        632.00         
  89       2               47869.00        48637.00        768.00         
  63       3               48637.00        49613.00        976.00         
  54       4               49613.00        50392.00        779.00         
  40       2               50392.00        51238.00        846.00         
  81       2               51238.00        52046.00        808.00         
  37       6               52046.00        52687.00        641.00         
  78       4               52687.00        53301.00        614.00         
  23       5               53301.00        53970.00        669.00         
  73       7               53970.00        54618.00        648.00         
  69       6               54618.00        55309.00        691.00         
  92       5               55309.00        55999.00        690.00         
  43       7               55999.00        56907.00        908.00         
  33       8               56907.00        57537.00        630.00         
  30       9               57537.00        58222.00        685.00         

  机器利用率: 56.99% (忙碌时间: 33295.00 / 总时间: 58419.00)

离散机6:
工件号      工序号             开始时间            结束时间            加工时长           
--------------------------------------------------------------------------------
  72       2               14431.82        15064.82        633.00         
  74       2               15064.82        15712.82        648.00         
  34       2               15712.82        16319.82        607.00         
  18       4               19054.82        20063.82        1009.00        
  2        4               20063.82        20926.82        863.00         
  86       6               20926.82        21715.82        789.00         
  5        3               22234.82        22864.82        630.00         
  87       2               23510.24        24158.24        648.00         
  47       3               24158.24        24929.24        771.00         
  99       4               24929.24        25676.24        747.00         
  52       8               25676.24        26331.24        655.00         
  31       7               26331.24        26997.24        666.00         
  50       4               27163.24        28039.24        876.00         
  0        6               28039.24        28677.24        638.00         
  44       6               28677.24        29708.24        1031.00        
  87       4               29708.24        30325.24        617.00         
  26       4               30325.24        31172.24        847.00         
  74       5               31172.24        31781.24        609.00         
  42       3               35755.24        36640.24        885.00         
  42       4               36640.24        37285.24        645.00         
  6        5               37285.24        37902.24        617.00         
  90       5               37902.24        38651.24        749.00         
  6        7               38651.24        39301.24        650.00         
  9        6               39301.24        39926.24        625.00         
  73       2               41719.00        42541.00        822.00         
  24       3               42541.00        43296.00        755.00         
  4        2               43296.00        43954.00        658.00         
  14       3               43954.00        44649.00        695.00         
  92       4               44667.00        45520.00        853.00         
  46       5               45520.00        46310.00        790.00         
  28       3               46310.00        47201.00        891.00         
  53       2               47237.00        47949.00        712.00         
  33       2               47949.00        48743.00        794.00         
  43       3               48743.00        49451.00        708.00         
  30       5               49451.00        50146.00        695.00         
  60       3               50146.00        50817.00        671.00         
  65       3               50817.00        51454.00        637.00         
  54       5               51454.00        52232.00        778.00         
  43       5               52232.00        52868.00        636.00         
  69       5               52868.00        53648.00        780.00         
  33       6               53648.00        54427.00        779.00         
  38       5               54427.00        55209.00        782.00         
  37       8               55209.00        55894.00        685.00         
  28       8               55894.00        56645.00        751.00         
  69       7               56645.00        57369.00        724.00         
  91       4               57369.00        58009.00        640.00         

  机器利用率: 57.67% (忙碌时间: 33691.00 / 总时间: 58419.00)

离散机7:
工件号      工序号             开始时间            结束时间            加工时长           
--------------------------------------------------------------------------------
  94       2               14431.82        15110.82        679.00         
  57       2               15110.82        15754.82        644.00         
  55       3               15754.82        16460.82        706.00         
  72       5               17863.82        18524.82        661.00         
  52       4               18524.82        19212.82        688.00         
  72       6               19212.82        20266.82        1054.00        
  75       5               20266.82        21162.82        896.00         
  16       7               21162.82        21842.82        680.00         
  88       4               21842.82        22592.82        750.00         
  72       8               22592.82        23272.82        680.00         
  44       2               23510.24        24273.24        763.00         
  36       2               24273.24        24974.24        701.00         
  55       7               24974.24        25636.24        662.00         
  67       3               26179.24        26795.24        616.00         
  98       3               26795.24        27467.24        672.00         
  66       3               27467.24        28227.24        760.00         
  36       5               28227.24        29153.24        926.00         
  50       6               29153.24        29900.24        747.00         
  56       4               29900.24        30515.24        615.00         
  45       9               31092.24        31920.24        828.00         
  88       5               31920.24        32530.24        610.00         
  44       8               32530.24        33137.24        607.00         
  85       2               35006.24        35628.24        622.00         
  20       3               36265.24        37177.24        912.00         
  7        3               37177.24        37822.24        645.00         
  6        6               37902.24        38507.24        605.00         
  20       6               38642.24        39353.24        711.00         
  98       7               39353.24        40064.24        711.00         
  42       8               40064.24        40895.24        831.00         
  92       2               41719.00        42429.00        710.00         
  46       2               43084.00        43762.00        678.00         
  92       3               43762.00        44667.00        905.00         
  22       3               44667.00        45343.00        676.00         
  41       2               47237.00        47857.00        620.00         
  41       3               47857.00        48465.00        608.00         
  53       3               48465.00        49448.00        983.00         
  12       4               49448.00        50239.00        791.00         
  89       3               50239.00        50893.00        654.00         
  53       4               50893.00        51493.00        600.00         
  63       4               51493.00        52247.00        754.00         
  89       4               52247.00        52990.00        743.00         
  53       5               52990.00        53769.00        779.00         
  37       7               53769.00        54424.00        655.00         
  70       8               54424.00        55046.00        622.00         
  12       6               55046.00        55658.00        612.00         
  33       7               55658.00        56316.00        658.00         
  82       6               56316.00        56957.00        641.00         
  82       7               56957.00        57817.00        860.00         
  23       8               57817.00        58419.00        602.00         

  机器利用率: 60.14% (忙碌时间: 35133.00 / 总时间: 58419.00)

离散机8:
工件号      工序号             开始时间            结束时间            加工时长           
--------------------------------------------------------------------------------
  55       2               14431.82        15195.82        764.00         
  52       2               15195.82        15934.82        739.00         
  76       3               15934.82        16684.82        750.00         
  52       3               16684.82        17294.82        610.00         
  16       4               17294.82        17947.82        653.00         
  71       3               17947.82        18802.82        855.00         
  75       3               18802.82        19446.82        644.00         
  76       4               19446.82        20062.82        616.00         
  52       5               20062.82        20687.82        625.00         
  72       7               20687.82        21391.82        704.00         
  76       6               22519.82        23153.82        634.00         
  0        2               23510.24        24141.24        631.00         
  58       3               24251.24        24879.24        628.00         
  0        4               25809.24        26902.24        1093.00        
  67       5               30640.24        31246.24        606.00         
  26       5               31246.24        31956.24        710.00         
  90       2               35006.24        35689.24        683.00         
  49       3               35689.24        36368.24        679.00         
  84       4               37799.24        38420.24        621.00         
  49       5               38573.24        39341.24        768.00         
  84       6               39688.24        40292.24        604.00         
  98       8               40292.24        40901.24        609.00         
  82       2               41719.00        42361.00        642.00         
  19       2               42361.00        43090.00        729.00         
  68       2               43090.00        43732.00        642.00         
  46       3               43762.00        44670.00        908.00         
  80       2               44670.00        45378.00        708.00         
  21       3               45378.00        46154.00        776.00         
  83       4               46154.00        46941.00        787.00         
  54       2               47237.00        47854.00        617.00         
  77       4               47854.00        48578.00        724.00         
  10       2               48578.00        49226.00        648.00         
  38       3               49401.00        50114.00        713.00         
  43       4               50114.00        50921.00        807.00         
  38       4               50921.00        51538.00        617.00         
  14       7               51538.00        52197.00        659.00         
  12       5               52197.00        52940.00        743.00         
  43       6               52940.00        53657.00        717.00         
  24       6               53657.00        54640.00        983.00         
  93       6               54640.00        55313.00        673.00         
  64       2               55313.00        55976.00        663.00         
  23       7               55976.00        56757.00        781.00         
  54       8               56757.00        57372.00        615.00         
  93       8               57372.00        58243.00        871.00         

  机器利用率: 53.49% (忙碌时间: 31249.00 / 总时间: 58419.00)

离散机9:
工件号      工序号             开始时间            结束时间            加工时长           
--------------------------------------------------------------------------------
  16       2               14431.82        15138.82        707.00         
  2        2               15138.82        15858.82        720.00         
  86       2               15858.82        16627.82        769.00         
  18       2               16627.82        17229.82        602.00         
  86       3               17229.82        17964.82        735.00         
  35       4               17964.82        18746.82        782.00         
  61       4               18746.82        19619.82        873.00         
  35       5               19619.82        20239.82        620.00         
  16       6               20239.82        20895.82        656.00         
  56       3               20895.82        21511.82        616.00         
  5        2               21511.82        22234.82        723.00         
  74       4               22234.82        23024.82        790.00         
  99       3               24218.24        24870.24        652.00         
  79       3               25045.24        25705.24        660.00         
  32       4               27049.24        27739.24        690.00         
  58       6               29779.24        30689.24        910.00         
  32       7               32099.24        32955.24        856.00         
  31       9               33238.24        34013.24        775.00         
  49       2               35006.24        35634.24        628.00         
  6        3               35642.24        36407.24        765.00         
  9        4               36447.24        37184.24        737.00         
  6        8               39301.24        40117.24        816.00         
  90       7               40117.24        40815.24        698.00         
  97       2               41719.00        42455.00        736.00         
  60       2               42455.00        43459.00        1004.00        
  83       3               43459.00        44154.00        695.00         
  48       4               44154.00        45025.00        871.00         
  46       6               46310.00        46982.00        672.00         
  21       4               46982.00        47674.00        692.00         
  70       3               47840.00        48949.00        1109.00        
  41       4               48949.00        49739.00        790.00         
  46       7               49739.00        50501.00        762.00         
  33       4               50976.00        51594.00        618.00         
  28       5               51594.00        52250.00        656.00         
  70       6               52339.00        52958.00        619.00         
  70       7               52958.00        53638.00        680.00         
  65       5               53638.00        54384.00        746.00         
  28       7               54384.00        55244.00        860.00         
  81       4               55244.00        55863.00        619.00         
  11       7               55863.00        56501.00        638.00         
  89       6               56501.00        57132.00        631.00         
  14       9               57132.00        57827.00        695.00         

  机器利用率: 52.85% (忙碌时间: 30873.00 / 总时间: 58419.00)

离散机10:
工件号      工序号             开始时间            结束时间            加工时长           
--------------------------------------------------------------------------------
  29       2               14431.82        15247.82        816.00         
  57       3               15754.82        16405.82        651.00         
  51       3               16549.82        17249.82        700.00         
  72       4               17249.82        17863.82        614.00         
  62       3               17863.82        18710.82        847.00         
  16       5               18710.82        19322.82        612.00         
  55       4               19322.82        20009.82        687.00         
  94       4               20009.82        20805.82        796.00         
  31       4               20805.82        21416.82        611.00         
  61       7               21416.82        22034.82        618.00         
  52       6               22034.82        22784.82        750.00         
  52       7               22784.82        23480.82        696.00         
  50       2               23510.24        24199.24        689.00         
  26       2               24199.24        24949.24        750.00         
  57       5               24949.24        25633.24        684.00         
  79       4               25705.24        26391.24        686.00         
  99       5               26391.24        27026.24        635.00         
  72       9               27026.24        27795.24        769.00         
  75       8               29377.24        30025.24        648.00         
  58       7               30689.24        31401.24        712.00         
  79       8               33348.24        33994.24        646.00         
  98       6               33994.24        34750.24        756.00         
  84       2               35006.24        35618.24        612.00         
  32       8               35618.24        36222.24        604.00         
  42       5               37285.24        38302.24        1017.00        
  9        5               38302.24        39068.24        766.00         
  7        5               39068.24        39813.24        745.00         
  74       7               39813.24        40543.24        730.00         
  20       7               40543.24        41149.24        606.00         
  14       2               41719.00        42408.00        689.00         
  21       2               42408.00        43361.00        953.00         
  30       2               43361.00        44101.00        740.00         
  11       2               44101.00        44887.00        786.00         
  11       3               44887.00        45601.00        714.00         
  73       5               45601.00        46331.00        730.00         
  77       3               46331.00        47126.00        795.00         
  43       2               47237.00        47939.00        702.00         
  17       2               47939.00        48829.00        890.00         
  77       5               48829.00        49769.00        940.00         
  78       3               49769.00        50585.00        816.00         
  30       6               50585.00        51213.00        628.00         
  48       6               51213.00        52091.00        878.00         
  48       7               52091.00        52755.00        664.00         
  77       6               52755.00        53412.00        657.00         
  82       5               53412.00        54047.00        635.00         
  21       6               54047.00        54738.00        691.00         
  77       7               54738.00        55391.00        653.00         
  21       7               55391.00        56117.00        726.00         
  53       6               56117.00        56724.00        607.00         
  77       8               56724.00        57493.00        769.00         
  68       4               57493.00        58148.00        655.00         

  机器利用率: 62.94% (忙碌时间: 36771.00 / 总时间: 58419.00)

【打印批次详细信息】
----------------------------------------------------------------------------------------------------

打印机 1 (尺寸: 1200.0 x 500.0 x 400.0):
--------------------------------------------------------------------------------
  批次 1: 零件数=19, 占用率=71.75%
    - 53: 尺寸 299.0 x 141.0 x 35.0
    - 63: 尺寸 240.0 x 255.0 x 16.0
    - 12: 尺寸 93.0 x 90.0 x 40.0
    - 41: 尺寸 28.0 x 99.0 x 71.0
    - 10: 尺寸 167.0 x 65.0 x 81.0
    - 33: 尺寸 31.0 x 238.0 x 74.0
    - 38: 尺寸 187.0 x 108.0 x 68.0
    - 64: 尺寸 148.0 x 95.0 x 15.0
    - 59: 尺寸 151.0 x 295.0 x 55.0
    - 54: 尺寸 10.0 x 244.0 x 52.0
    - 69: 尺寸 93.0 x 275.0 x 42.0
    - 95: 尺寸 157.0 x 295.0 x 82.0
    - 81: 尺寸 17.0 x 233.0 x 15.0
    - 89: 尺寸 187.0 x 292.0 x 22.0
    - 43: 尺寸 18.0 x 143.0 x 19.0
    - 70: 尺寸 126.0 x 189.0 x 82.0
    - 23: 尺寸 133.0 x 34.0 x 31.0
    - 1: 尺寸 124.0 x 89.0 x 31.0
    - 78: 尺寸 180.0 x 245.0 x 66.0

打印机 2 (尺寸: 600.0 x 800.0 x 580.0):
--------------------------------------------------------------------------------
  批次 1: 零件数=25, 占用率=93.04%
    - 31: 尺寸 159.0 x 63.0 x 73.0
    - 16: 尺寸 36.0 x 221.0 x 108.0
    - 57: 尺寸 30.0 x 273.0 x 63.0
    - 61: 尺寸 116.0 x 244.0 x 86.0
    - 88: 尺寸 254.0 x 119.0 x 104.0
    - 72: 尺寸 147.0 x 218.0 x 74.0
    - 56: 尺寸 245.0 x 182.0 x 107.0
    - 35: 尺寸 19.0 x 126.0 x 83.0
    - 2: 尺寸 32.0 x 86.0 x 49.0
    - 29: 尺寸 121.0 x 250.0 x 97.0
    - 94: 尺寸 16.0 x 89.0 x 67.0
    - 75: 尺寸 31.0 x 124.0 x 37.0
    - 8: 尺寸 147.0 x 154.0 x 60.0
    - 34: 尺寸 224.0 x 164.0 x 101.0
    - 86: 尺寸 21.0 x 14.0 x 47.0
    - 76: 尺寸 29.0 x 224.0 x 87.0
    - 51: 尺寸 13.0 x 243.0 x 83.0
    - 3: 尺寸 134.0 x 51.0 x 79.0
    - 5: 尺寸 225.0 x 208.0 x 95.0
    - 55: 尺寸 124.0 x 226.0 x 71.0
    - 18: 尺寸 183.0 x 206.0 x 106.0
    - 71: 尺寸 251.0 x 126.0 x 61.0
    - 62: 尺寸 132.0 x 100.0 x 109.0
    - 74: 尺寸 88.0 x 56.0 x 27.0
    - 52: 尺寸 79.0 x 78.0 x 84.0
  批次 2: 零件数=18, 占用率=93.42%
    - 45: 尺寸 203.0 x 78.0 x 21.0
    - 39: 尺寸 232.0 x 213.0 x 35.0
    - 58: 尺寸 163.0 x 89.0 x 65.0
    - 50: 尺寸 195.0 x 230.0 x 54.0
    - 36: 尺寸 168.0 x 229.0 x 68.0
    - 47: 尺寸 230.0 x 230.0 x 62.0
    - 44: 尺寸 189.0 x 183.0 x 71.0
    - 99: 尺寸 173.0 x 198.0 x 30.0
    - 0: 尺寸 218.0 x 88.0 x 19.0
    - 79: 尺寸 184.0 x 184.0 x 60.0
    - 98: 尺寸 166.0 x 50.0 x 32.0
    - 32: 尺寸 241.0 x 44.0 x 19.0
    - 13: 尺寸 154.0 x 48.0 x 26.0
    - 87: 尺寸 242.0 x 137.0 x 34.0
    - 67: 尺寸 141.0 x 116.0 x 69.0
    - 96: 尺寸 181.0 x 118.0 x 52.0
    - 26: 尺寸 135.0 x 69.0 x 47.0
    - 66: 尺寸 56.0 x 73.0 x 63.0
  批次 3: 零件数=11, 占用率=89.56%
    - 85: 尺寸 56.0 x 279.0 x 85.0
    - 42: 尺寸 277.0 x 114.0 x 39.0
    - 84: 尺寸 266.0 x 289.0 x 91.0
    - 7: 尺寸 274.0 x 229.0 x 77.0
    - 20: 尺寸 214.0 x 201.0 x 66.0
    - 49: 尺寸 104.0 x 282.0 x 41.0
    - 15: 尺寸 274.0 x 244.0 x 81.0
    - 6: 尺寸 212.0 x 137.0 x 57.0
    - 9: 尺寸 266.0 x 111.0 x 26.0
    - 90: 尺寸 148.0 x 135.0 x 53.0
    - 27: 尺寸 182.0 x 139.0 x 45.0

打印机 3 (尺寸: 600.0 x 800.0 x 510.0):
--------------------------------------------------------------------------------
  批次 1: 零件数=21, 占用率=81.01%
    - 28: 尺寸 29.0 x 254.0 x 63.0
    - 22: 尺寸 147.0 x 290.0 x 60.0
    - 21: 尺寸 297.0 x 171.0 x 45.0
    - 80: 尺寸 125.0 x 247.0 x 49.0
    - 24: 尺寸 270.0 x 19.0 x 59.0
    - 30: 尺寸 29.0 x 121.0 x 79.0
    - 82: 尺寸 264.0 x 93.0 x 64.0
    - 65: 尺寸 125.0 x 163.0 x 71.0
    - 97: 尺寸 11.0 x 225.0 x 93.0
    - 73: 尺寸 16.0 x 182.0 x 49.0
    - 68: 尺寸 246.0 x 190.0 x 50.0
    - 83: 尺寸 21.0 x 267.0 x 56.0
    - 19: 尺寸 145.0 x 66.0 x 89.0
    - 14: 尺寸 168.0 x 198.0 x 47.0
    - 92: 尺寸 124.0 x 72.0 x 84.0
    - 4: 尺寸 235.0 x 65.0 x 54.0
    - 48: 尺寸 128.0 x 191.0 x 59.0
    - 77: 尺寸 233.0 x 114.0 x 24.0
    - 11: 尺寸 33.0 x 49.0 x 85.0
    - 60: 尺寸 53.0 x 122.0 x 89.0
    - 37: 尺寸 86.0 x 230.0 x 93.0

打印机 4 (尺寸: 500.0 x 400.0 x 480.0):
--------------------------------------------------------------------------------
  批次 1: 零件数=6, 占用率=78.27%
    - 46: 尺寸 297.0 x 271.0 x 105.0
    - 17: 尺寸 40.0 x 288.0 x 105.0
    - 25: 尺寸 96.0 x 232.0 x 66.0
    - 40: 尺寸 14.0 x 254.0 x 89.0
    - 91: 尺寸 146.0 x 119.0 x 87.0
    - 93: 尺寸 257.0 x 83.0 x 104.0
