迭代次数,Cmax
1,257393.0000
2,249841.0000
3,249841.0000
4,249841.0000
5,247481.0000
6,247481.0000
7,247481.0000
8,247481.0000
9,246065.0000
10,246065.0000
11,246065.0000
12,246065.0000
13,246065.0000
14,241949.4000
15,241949.4000
16,241949.4000
17,241949.4000
18,241949.4000
19,241949.4000
20,241949.4000
21,241949.4000
22,241949.4000
23,241949.4000
24,241949.4000
25,241949.4000
26,241949.4000
27,241949.4000
28,241949.4000
29,241949.4000
30,241949.4000
31,241949.4000
32,241949.4000
33,239783.1000
34,239783.1000
35,239783.1000
36,239783.1000
37,239783.1000
38,239783.1000
39,239783.1000
40,239783.1000
41,239783.1000
42,239783.1000
43,239783.1000
44,239783.1000
45,239783.1000
46,239783.1000
47,239783.1000
48,239783.1000
49,239783.1000
50,239783.1000
51,239783.1000
52,239783.1000
53,239783.1000
54,239783.1000
55,239783.1000
56,239783.1000
57,239783.1000
58,239783.1000
59,239783.1000
60,239783.1000
61,239783.1000
62,239783.1000
63,239783.1000
64,239783.1000
65,239783.1000
66,239783.1000
67,239783.1000
68,239783.1000
69,239783.1000
70,239783.1000
71,239783.1000
72,239783.1000
73,239783.1000
74,239783.1000
75,239783.1000
76,239783.1000
77,239783.1000
78,239783.1000
79,239783.1000
80,239783.1000
81,239783.1000
82,239783.1000
83,239783.1000
84,239783.1000
85,239783.1000
86,239783.1000
87,239783.1000
88,239783.1000
89,239783.1000
90,239783.1000
91,239783.1000
92,239783.1000
93,239783.1000
94,239783.1000
95,239783.1000
96,239783.1000
97,239783.1000
98,239783.1000
99,239783.1000
100,239783.1000
101,239783.1000
102,239783.1000
103,239783.1000
104,239783.1000
105,239783.1000
106,239783.1000
107,239783.1000
108,239783.1000
109,239783.1000
110,239783.1000
111,239783.1000
112,239783.1000
113,239783.1000
114,239783.1000
115,239783.1000
116,239783.1000
117,239783.1000
118,239783.1000
119,239783.1000
120,239783.1000
121,239783.1000
122,239783.1000
123,239783.1000
124,239783.1000
125,239783.1000
126,239783.1000
127,239783.1000
128,239783.1000
129,239783.1000
130,239783.1000
131,239783.1000
132,239783.1000
133,239783.1000
134,239783.1000
135,239783.1000
136,239783.1000
137,239783.1000
138,239783.1000
139,239783.1000
140,239783.1000
141,239783.1000
142,239783.1000
143,239783.1000
144,239783.1000
145,239783.1000
146,239783.1000
147,239783.1000
148,239783.1000
149,239783.1000
150,239783.1000
151,239783.1000
152,239783.1000
153,239783.1000
154,239783.1000
155,239783.1000
156,239783.1000
157,239783.1000
158,239783.1000
159,239783.1000
160,239459.4000
161,236625.0000
162,236625.0000
163,236625.0000
164,236625.0000
165,236625.0000
166,236625.0000
167,236625.0000
168,236625.0000
169,236625.0000
170,236625.0000
171,236625.0000
172,236625.0000
173,236625.0000
174,236625.0000
175,236625.0000
176,236625.0000
177,236625.0000
178,236625.0000
179,236625.0000
180,236625.0000
181,236625.0000
182,236625.0000
183,236625.0000
184,236625.0000
185,236625.0000
186,236625.0000
187,236625.0000
188,236625.0000
189,236625.0000
190,236625.0000
191,236625.0000
192,236625.0000
193,236625.0000
194,236625.0000
195,236625.0000
196,236625.0000
197,236625.0000
198,236625.0000
199,236625.0000
200,236625.0000
201,236625.0000
202,236625.0000
203,236625.0000
204,236625.0000
205,236625.0000
206,235101.9000
207,235101.9000
208,232935.6000
209,232935.6000
210,232935.6000
211,232935.6000
212,232935.6000
213,232935.6000
214,232935.6000
215,232935.6000
216,232935.6000
217,232935.6000
218,232935.6000
219,232935.6000
220,232935.6000
221,232935.6000
222,232935.6000
223,232935.6000
224,232935.6000
225,232935.6000
226,232935.6000
227,232935.6000
228,232935.6000
229,232935.6000
230,232935.6000
231,232935.6000
232,232935.6000
233,232935.6000
234,232935.6000
235,232935.6000
236,232935.6000
237,232935.6000
238,232935.6000
239,232935.6000
240,232935.6000
241,232935.6000
242,232935.6000
243,232935.6000
244,232935.6000
245,232935.6000
246,232935.6000
247,232935.6000
248,232935.6000
249,232935.6000
250,232935.6000
251,232935.6000
252,232935.6000
253,232935.6000
254,232935.6000
255,232935.6000
256,232935.6000
257,232935.6000
258,232935.6000
259,232935.6000
260,232935.6000
261,232935.6000
262,232935.6000
263,232935.6000
264,232935.6000
265,232935.6000
266,232935.6000
267,232935.6000
268,232935.6000
269,232935.6000
270,232935.6000
271,232935.6000
272,232935.6000
273,232935.6000
274,232935.6000
275,232935.6000
276,232935.6000
277,232935.6000
278,232935.6000
279,232935.6000
280,232935.6000
281,232935.6000
282,232935.6000
283,232935.6000
284,232935.6000
285,232935.6000
286,232935.6000
287,232935.6000
288,232935.6000
289,232935.6000
290,232935.6000
291,232935.6000
292,232935.6000
293,232935.6000
294,232935.6000
295,232935.6000
296,232935.6000
297,232935.6000
298,232935.6000
299,232935.6000
300,232935.6000
301,232935.6000
302,232935.6000
303,232935.6000
304,232935.6000
305,232935.6000
306,232935.6000
307,232935.6000
308,232935.6000
309,232935.6000
310,232935.6000
311,232935.6000
312,232935.6000
313,232935.6000
314,232935.6000
315,232935.6000
316,232935.6000
317,232935.6000
318,232935.6000
319,232935.6000
320,232935.6000
321,232935.6000
322,232935.6000
323,232935.6000
324,232935.6000
325,232935.6000
326,232935.6000
327,232935.6000
328,232935.6000
329,232935.6000
330,232935.6000
331,232935.6000
332,232935.6000
333,232935.6000
334,232935.6000
335,232935.6000
336,232935.6000
337,232935.6000
338,232935.6000
339,232935.6000
340,232935.6000
341,232935.6000
342,232935.6000
343,232935.6000
344,232935.6000
345,232935.6000
346,232935.6000
347,232935.6000
348,232935.6000
349,232935.6000
350,232935.6000
351,232935.6000
352,232935.6000
353,232935.6000
354,232935.6000
355,232935.6000
356,232935.6000
357,232935.6000
358,232935.6000
359,232935.6000
360,232935.6000
361,232935.6000
362,232935.6000
363,232935.6000
364,232935.6000
365,232935.6000
366,232935.6000
367,232935.6000
368,232935.6000
369,232935.6000
370,232935.6000
371,232935.6000
372,232935.6000
373,232935.6000
374,232935.6000
375,232935.6000
376,232935.6000
377,232935.6000
378,232935.6000
379,232935.6000
380,232935.6000
381,232935.6000
382,232935.6000
383,232935.6000
384,232935.6000
385,232935.6000
386,232935.6000
387,232935.6000
388,232935.6000
389,232935.6000
390,232935.6000
391,232935.6000
392,232935.6000
393,232935.6000
394,232935.6000
395,232935.6000
396,232935.6000
397,232935.6000
398,232935.6000
399,232935.6000
400,232935.6000
401,232935.6000
402,230121.9000
403,230121.9000
404,230121.9000
405,230121.9000
406,230121.9000
407,230121.9000
408,230121.9000
409,230121.9000
410,230121.9000
411,230121.9000
412,230121.9000
413,230121.9000
414,230121.9000
415,230121.9000
416,230121.9000
417,230121.9000
418,230121.9000
419,230121.9000
420,230121.9000
421,230121.9000
422,230121.9000
423,230121.9000
424,230121.9000
425,230121.9000
426,230121.9000
427,230121.9000
428,230121.9000
429,230121.9000
430,230121.9000
431,230121.9000
432,230121.9000
433,230121.9000
434,230121.9000
435,230121.9000
436,230121.9000
437,230121.9000
438,230121.9000
439,230121.9000
440,230121.9000
441,230121.9000
442,230121.9000
443,230121.9000
444,230121.9000
445,230121.9000
446,230121.9000
447,230121.9000
448,230121.9000
449,230121.9000
450,230121.9000
451,230121.9000
452,230121.9000
453,230121.9000
454,230121.9000
455,230121.9000
456,230121.9000
457,230121.9000
458,230121.9000
459,230121.9000
460,230121.9000
461,230121.9000
462,230121.9000
463,230121.9000
464,230121.9000
465,230121.9000
466,230121.9000
467,230121.9000
468,230121.9000
469,230121.9000
470,230121.9000
471,230121.9000
472,230121.9000
473,230121.9000
474,230121.9000
475,230121.9000
476,230121.9000
477,230121.9000
478,230121.9000
479,230121.9000
480,230121.9000
481,230121.9000
482,230121.9000
483,230121.9000
484,230121.9000
485,230121.9000
486,230121.9000
487,230121.9000
488,230121.9000
489,230121.9000
490,230121.9000
491,230121.9000
492,230121.9000
493,230121.9000
494,230121.9000
495,230121.9000
496,230121.9000
497,230121.9000
498,230121.9000
499,230121.9000
500,230121.9000
501,230121.9000
502,230121.9000
503,230121.9000
504,230121.9000
505,230121.9000
506,230121.9000
507,230121.9000
508,230121.9000
509,230121.9000
510,230121.9000
511,230121.9000
512,230121.9000
513,230121.9000
514,230121.9000
515,230121.9000
516,230121.9000
517,230121.9000
518,230121.9000
519,230121.9000
520,230121.9000
521,230121.9000
522,230121.9000
523,230121.9000
524,230121.9000
525,230121.9000
526,230121.9000
527,230121.9000
528,230121.9000
529,230121.9000
530,230121.9000
531,230121.9000
532,230121.9000
533,230121.9000
534,230121.9000
535,230121.9000
536,230121.9000
537,230121.9000
538,230121.9000
539,230121.9000
540,230121.9000
541,230121.9000
542,230121.9000
543,230121.9000
544,230121.9000
545,230121.9000
546,230121.9000
547,230121.9000
548,230121.9000
549,230121.9000
550,230121.9000
551,230121.9000
552,230121.9000
553,230121.9000
554,230121.9000
555,230121.9000
556,230121.9000
557,230121.9000
558,230121.9000
559,230121.9000
560,230121.9000
561,230121.9000
562,230121.9000
563,230121.9000
564,230121.9000
565,230121.9000
566,230121.9000
567,230121.9000
568,230121.9000
569,230121.9000
570,230121.9000
571,230121.9000
572,230121.9000
573,230121.9000
574,230121.9000
575,230121.9000
576,230121.9000
577,230121.9000
578,230121.9000
579,230121.9000
580,230121.9000
581,230121.9000
582,230121.9000
583,230121.9000
584,230121.9000
585,230121.9000
586,230121.9000
587,230121.9000
588,230121.9000
589,230121.9000
590,230121.9000
591,230121.9000
592,230121.9000
593,230121.9000
594,230121.9000
595,230121.9000
596,230121.9000
597,230121.9000
598,230121.9000
599,230121.9000
600,230121.9000
601,230121.9000
602,230121.9000
603,230121.9000
604,230121.9000
605,230121.9000
606,230121.9000
607,230121.9000
608,230121.9000
609,230121.9000
610,230121.9000
611,230121.9000
612,230121.9000
613,230121.9000
614,230121.9000
615,230121.9000
616,230121.9000
617,230121.9000
618,230121.9000
619,230121.9000
620,230121.9000
621,230121.9000
622,230121.9000
623,230121.9000
624,230121.9000
625,230121.9000
626,230121.9000
627,230121.9000
628,230121.9000
629,230121.9000
630,230121.9000
631,230121.9000
632,230121.9000
633,230121.9000
634,230121.9000
635,230121.9000
636,230121.9000
637,230121.9000
638,230121.9000
639,230121.9000
640,230121.9000
641,230121.9000
642,230121.9000
643,230121.9000
644,230121.9000
645,230121.9000
646,230121.9000
647,230121.9000
648,230121.9000
649,230121.9000
650,230121.9000
651,230121.9000
652,230121.9000
653,230121.9000
654,230121.9000
655,230121.9000
656,230121.9000
657,230121.9000
658,230121.9000
659,230121.9000
660,230121.9000
661,230121.9000
662,230121.9000
663,230121.9000
664,230121.9000
665,230121.9000
666,230121.9000
667,230121.9000
668,230121.9000
669,230121.9000
670,230121.9000
671,230121.9000
672,230121.9000
673,230121.9000
674,230121.9000
675,230121.9000
676,230121.9000
677,230121.9000
678,230121.9000
679,230121.9000
680,230121.9000
681,230121.9000
682,230121.9000
683,230121.9000
684,230121.9000
685,230121.9000
686,230121.9000
687,230121.9000
688,230121.9000
689,230121.9000
690,230121.9000
691,230121.9000
692,230121.9000
693,230121.9000
694,230121.9000
695,230121.9000
696,230121.9000
697,230121.9000
698,230121.9000
699,230121.9000
700,230121.9000
701,230121.9000
702,230121.9000
703,230121.9000
704,230121.9000
705,230121.9000
706,230121.9000
707,230121.9000
708,230121.9000
709,230121.9000
710,230121.9000
711,230121.9000
712,230121.9000
713,230121.9000
714,230121.9000
715,230121.9000
716,230121.9000
717,230121.9000
718,230121.9000
719,230121.9000
720,230121.9000
721,230121.9000
722,230121.9000
723,230121.9000
724,230121.9000
725,230121.9000
726,230121.9000
727,230121.9000
728,230121.9000
729,230121.9000
730,230121.9000
731,230121.9000
732,230121.9000
733,230121.9000
734,230121.9000
735,230121.9000
736,230121.9000
737,230121.9000
738,230121.9000
739,230121.9000
740,230121.9000
741,230121.9000
742,230121.9000
743,230121.9000
744,230121.9000
745,230121.9000
746,230121.9000
747,230121.9000
748,230121.9000
749,230121.9000
750,230121.9000
751,230121.9000
752,230121.9000
753,230121.9000
754,230121.9000
755,230121.9000
756,230121.9000
757,230121.9000
758,230121.9000
759,230121.9000
760,230121.9000
761,230121.9000
762,230121.9000
763,230121.9000
764,230121.9000
765,230121.9000
766,230121.9000
767,230121.9000
768,230121.9000
769,230121.9000
770,230121.9000
771,230121.9000
772,230121.9000
773,230121.9000
774,230121.9000
775,230121.9000
776,230121.9000
777,230121.9000
778,230121.9000
779,230121.9000
780,230121.9000
781,230121.9000
782,230121.9000
783,230121.9000
784,230121.9000
785,230121.9000
786,230121.9000
787,230121.9000
788,230121.9000
789,230121.9000
790,230121.9000
791,230121.9000
792,230121.9000
793,230121.9000
794,230121.9000
795,230121.9000
796,230121.9000
797,230121.9000
798,230121.9000
799,230121.9000
800,230121.9000
801,230121.9000
802,230121.9000
803,230121.9000
804,230121.9000
805,230121.9000
806,230121.9000
807,230121.9000
808,230121.9000
809,230121.9000
810,230121.9000
811,230121.9000
812,230121.9000
813,230121.9000
814,230121.9000
815,230121.9000
816,230121.9000
817,230121.9000
818,230121.9000
819,230121.9000
820,230121.9000
821,230121.9000
822,230121.9000
823,230121.9000
824,230121.9000
825,230121.9000
826,230121.9000
827,230121.9000
828,230121.9000
829,230121.9000
830,230121.9000
831,230121.9000
832,230121.9000
833,230121.9000
834,230121.9000
835,230121.9000
836,230121.9000
837,230121.9000
838,230121.9000
839,230121.9000
840,230121.9000
841,230121.9000
842,230121.9000
843,230121.9000
844,230121.9000
845,230121.9000
846,230121.9000
847,230121.9000
848,230121.9000
849,230121.9000
850,230121.9000
851,230121.9000
852,230121.9000
853,230121.9000
854,230121.9000
855,230121.9000
856,230121.9000
857,230121.9000
858,230121.9000
859,230121.9000
860,230121.9000
861,230121.9000
862,230121.9000
863,230121.9000
864,230121.9000
865,230121.9000
866,230121.9000
867,230121.9000
868,230121.9000
869,230121.9000
870,230121.9000
871,230121.9000
872,230121.9000
873,230121.9000
874,230121.9000
875,230121.9000
876,230121.9000
877,230121.9000
878,230121.9000
879,230121.9000
880,230121.9000
881,230121.9000
882,230121.9000
883,230121.9000
884,230121.9000
885,230121.9000
886,230121.9000
887,230121.9000
888,230121.9000
889,230121.9000
890,230121.9000
891,230121.9000
892,230121.9000
893,230121.9000
894,230121.9000
895,230121.9000
896,230121.9000
897,230121.9000
898,230121.9000
899,230121.9000
900,230121.9000
901,230121.9000
902,230121.9000
903,230121.9000
904,230121.9000
905,230121.9000
906,230121.9000
907,230121.9000
908,230121.9000
909,230121.9000
910,230121.9000
911,230121.9000
912,230121.9000
913,230121.9000
914,230121.9000
915,230121.9000
916,230121.9000
917,230121.9000
918,230121.9000
919,230121.9000
920,230121.9000
921,230121.9000
922,230121.9000
923,230121.9000
924,230121.9000
925,230121.9000
926,230121.9000
927,230121.9000
928,230121.9000
929,230121.9000
930,230121.9000
931,230121.9000
932,230121.9000
933,230121.9000
934,230121.9000
935,230121.9000
936,230121.9000
937,230121.9000
938,230121.9000
939,230121.9000
940,230121.9000
941,230121.9000
942,230121.9000
943,230121.9000
944,230121.9000
945,230121.9000
946,230121.9000
947,230121.9000
948,230121.9000
949,230121.9000
950,230121.9000
951,230121.9000
952,230121.9000
953,230121.9000
954,230121.9000
955,230121.9000
956,230121.9000
957,230121.9000
958,230121.9000
959,230121.9000
960,230121.9000
961,230121.9000
962,230121.9000
963,230121.9000
964,230121.9000
965,230121.9000
966,230121.9000
967,230121.9000
968,230121.9000
969,230121.9000
970,230121.9000
971,230121.9000
972,230121.9000
973,230121.9000
974,230121.9000
975,230121.9000
976,230121.9000
977,230121.9000
978,230121.9000
979,230121.9000
980,230121.9000
981,230121.9000
982,230121.9000
983,230121.9000
984,230121.9000
985,230121.9000
986,230121.9000
987,230121.9000
988,230121.9000
989,230121.9000
990,230121.9000
991,230121.9000
992,230121.9000
993,230121.9000
994,230121.9000
995,230121.9000
996,230121.9000
997,230121.9000
998,229175.7000
999,229175.7000
1000,229175.7000
1001,229175.7000
1002,229175.7000
1003,229175.7000
1004,229175.7000
1005,229175.7000
1006,229175.7000
1007,229175.7000
1008,229175.7000
1009,229175.7000
1010,229175.7000
1011,229175.7000
1012,229175.7000
1013,229175.7000
1014,229175.7000
1015,229175.7000
1016,229175.7000
1017,229175.7000
1018,229175.7000
1019,229175.7000
1020,229175.7000
1021,229175.7000
1022,229175.7000
1023,229175.7000
1024,229175.7000
1025,229175.7000
1026,229175.7000
1027,229175.7000
1028,229175.7000
1029,229175.7000
1030,229175.7000
1031,229175.7000
1032,229175.7000
1033,229175.7000
1034,229175.7000
1035,229175.7000
1036,229175.7000
1037,229175.7000
1038,229175.7000
1039,229175.7000
1040,229175.7000
1041,229175.7000
1042,229175.7000
1043,229175.7000
1044,229175.7000
1045,229175.7000
1046,229175.7000
1047,229175.7000
1048,229175.7000
1049,229175.7000
1050,229175.7000
1051,229175.7000
1052,229175.7000
1053,229175.7000
1054,229175.7000
1055,229175.7000
1056,229175.7000
1057,229175.7000
1058,229175.7000
1059,229175.7000
1060,229175.7000
1061,229175.7000
1062,229175.7000
1063,229175.7000
1064,229175.7000
1065,229175.7000
1066,229175.7000
1067,229175.7000
1068,229175.7000
1069,229175.7000
1070,229175.7000
1071,229175.7000
1072,229175.7000
1073,229175.7000
1074,229175.7000
1075,229175.7000
1076,229175.7000
1077,229175.7000
1078,229175.7000
1079,229175.7000
1080,229175.7000
1081,229175.7000
1082,229175.7000
1083,229175.7000
1084,229175.7000
1085,229175.7000
1086,229175.7000
1087,229175.7000
1088,229175.7000
1089,229175.7000
1090,229175.7000
1091,229175.7000
1092,229175.7000
1093,229175.7000
1094,229175.7000
1095,229175.7000
1096,229175.7000
1097,229175.7000
1098,229175.7000
1099,229175.7000
1100,229175.7000
1101,229175.7000
1102,229175.7000
1103,229175.7000
1104,229175.7000
1105,229175.7000
1106,229175.7000
1107,229175.7000
1108,229175.7000
1109,229175.7000
1110,229175.7000
1111,229175.7000
1112,229175.7000
1113,229175.7000
1114,229175.7000
1115,229175.7000
1116,229175.7000
1117,229175.7000
1118,229175.7000
1119,229175.7000
1120,229175.7000
1121,229175.7000
1122,229175.7000
1123,229175.7000
1124,229175.7000
1125,229175.7000
1126,229175.7000
1127,229175.7000
1128,229175.7000
1129,229175.7000
1130,229175.7000
1131,229175.7000
1132,229175.7000
1133,229175.7000
1134,229175.7000
1135,229175.7000
1136,229175.7000
1137,229175.7000
1138,229175.7000
1139,229175.7000
1140,229175.7000
1141,229175.7000
1142,229175.7000
1143,229175.7000
1144,229175.7000
1145,229175.7000
1146,229175.7000
1147,229175.7000
1148,229175.7000
1149,229175.7000
1150,229175.7000
1151,229175.7000
1152,229175.7000
1153,229175.7000
1154,229175.7000
1155,229175.7000
1156,229175.7000
1157,229175.7000
1158,229175.7000
1159,229175.7000
1160,229175.7000
1161,229175.7000
1162,229175.7000
1163,229175.7000
1164,229175.7000
1165,229175.7000
1166,229175.7000
1167,229175.7000
1168,229175.7000
1169,229175.7000
1170,229175.7000
1171,229175.7000
1172,229175.7000
1173,229175.7000
1174,229175.7000
1175,229175.7000
1176,229175.7000
1177,229175.7000
1178,229175.7000
1179,229175.7000
1180,229175.7000
1181,229175.7000
1182,229175.7000
1183,229175.7000
1184,229175.7000
1185,229175.7000
1186,229175.7000
1187,229175.7000
1188,229175.7000
1189,229175.7000
1190,229175.7000
1191,229175.7000
1192,229175.7000
1193,229175.7000
1194,229175.7000
1195,229175.7000
1196,229175.7000
1197,229175.7000
1198,229175.7000
1199,229175.7000
1200,229175.7000
1201,229175.7000
1202,229175.7000
1203,229175.7000
1204,229175.7000
1205,229175.7000
1206,229175.7000
1207,229175.7000
1208,229175.7000
1209,229175.7000
1210,229175.7000
1211,229175.7000
1212,229175.7000
1213,229175.7000
1214,229175.7000
1215,229175.7000
1216,229175.7000
1217,229175.7000
1218,229175.7000
1219,229175.7000
1220,229175.7000
1221,229175.7000
1222,229175.7000
1223,229175.7000
1224,229175.7000
1225,229175.7000
1226,229175.7000
1227,229175.7000
1228,229175.7000
1229,229175.7000
1230,229175.7000
1231,229175.7000
1232,229175.7000
1233,229175.7000
1234,229175.7000
1235,229175.7000
1236,229175.7000
1237,229175.7000
1238,229175.7000
1239,229175.7000
1240,229175.7000
1241,229175.7000
1242,229175.7000
1243,229175.7000
1244,229175.7000
1245,229175.7000
1246,229175.7000
1247,229175.7000
1248,229175.7000
1249,229175.7000
1250,229175.7000
1251,229175.7000
1252,229175.7000
1253,229175.7000
1254,229175.7000
1255,229175.7000
1256,229175.7000
1257,229175.7000
1258,229175.7000
1259,229175.7000
1260,229175.7000
1261,229175.7000
1262,229175.7000
1263,229175.7000
1264,229175.7000
1265,229175.7000
1266,229175.7000
1267,229175.7000
1268,229175.7000
1269,229175.7000
1270,229175.7000
1271,229175.7000
1272,229175.7000
1273,229175.7000
1274,229175.7000
1275,228553.2000
1276,228553.2000
1277,228553.2000
1278,228553.2000
1279,228553.2000
1280,228553.2000
1281,228553.2000
1282,228553.2000
1283,228553.2000
1284,228553.2000
1285,228553.2000
1286,228553.2000
1287,228553.2000
1288,228553.2000
1289,228553.2000
1290,228553.2000
1291,228553.2000
1292,228553.2000
1293,228553.2000
1294,228553.2000
1295,228553.2000
1296,228553.2000
1297,228553.2000
1298,228553.2000
1299,228553.2000
1300,228553.2000
1301,228553.2000
1302,228553.2000
1303,228553.2000
1304,228553.2000
1305,228553.2000
1306,228553.2000
1307,228553.2000
1308,228553.2000
1309,228553.2000
1310,228553.2000
1311,228553.2000
1312,228553.2000
1313,228553.2000
1314,228553.2000
1315,228553.2000
1316,228553.2000
1317,228553.2000
1318,228553.2000
1319,228553.2000
1320,228553.2000
1321,228553.2000
1322,228553.2000
1323,228553.2000
1324,228553.2000
1325,228553.2000
1326,228553.2000
1327,228553.2000
1328,228553.2000
1329,228553.2000
1330,228553.2000
1331,228553.2000
1332,228553.2000
1333,228553.2000
1334,228553.2000
1335,228553.2000
1336,228553.2000
1337,228553.2000
1338,228553.2000
1339,228553.2000
1340,228553.2000
1341,228553.2000
1342,228553.2000
1343,228553.2000
1344,228553.2000
1345,228553.2000
1346,228553.2000
1347,228553.2000
1348,228553.2000
1349,228553.2000
1350,228553.2000
1351,228553.2000
1352,228553.2000
1353,228553.2000
1354,228553.2000
1355,228553.2000
1356,228553.2000
1357,228553.2000
1358,228553.2000
1359,228553.2000
1360,228553.2000
1361,228553.2000
1362,228553.2000
1363,228553.2000
1364,228553.2000
1365,228553.2000
1366,228553.2000
1367,228553.2000
1368,228553.2000
1369,228553.2000
1370,228553.2000
1371,228553.2000
1372,228553.2000
1373,228553.2000
1374,228553.2000
1375,228553.2000
1376,228553.2000
1377,228553.2000
1378,228553.2000
1379,228553.2000
1380,228553.2000
1381,228553.2000
1382,228553.2000
1383,228553.2000
1384,228553.2000
1385,228553.2000
1386,228553.2000
1387,228553.2000
1388,228553.2000
1389,228553.2000
1390,228553.2000
1391,228553.2000
1392,228553.2000
1393,228553.2000
1394,228553.2000
1395,228553.2000
1396,228553.2000
1397,228553.2000
1398,228553.2000
1399,228553.2000
1400,228553.2000
1401,228553.2000
1402,228553.2000
1403,228553.2000
1404,228553.2000
1405,228553.2000
1406,228553.2000
1407,228553.2000
1408,228553.2000
1409,228553.2000
1410,228553.2000
1411,228553.2000
1412,228553.2000
1413,228553.2000
1414,228553.2000
1415,228553.2000
1416,228553.2000
1417,228553.2000
1418,228553.2000
1419,228553.2000
1420,228553.2000
1421,228553.2000
1422,228553.2000
1423,228553.2000
1424,228553.2000
1425,228553.2000
1426,228553.2000
1427,228553.2000
1428,228553.2000
1429,228553.2000
1430,228553.2000
1431,228553.2000
1432,228553.2000
1433,228553.2000
1434,228553.2000
1435,228553.2000
1436,228553.2000
1437,228553.2000
1438,228553.2000
1439,228553.2000
1440,228553.2000
1441,228553.2000
1442,228553.2000
1443,228553.2000
1444,228553.2000
1445,228553.2000
1446,228553.2000
1447,228553.2000
1448,228553.2000
1449,228553.2000
1450,228553.2000
1451,228553.2000
1452,228553.2000
1453,228553.2000
1454,228553.2000
1455,228553.2000
1456,228553.2000
1457,228553.2000
1458,228553.2000
1459,228553.2000
1460,228553.2000
1461,228553.2000
1462,228553.2000
1463,228553.2000
1464,228553.2000
1465,228553.2000
1466,228553.2000
1467,228553.2000
1468,228553.2000
1469,228553.2000
1470,228553.2000
1471,228553.2000
1472,228553.2000
1473,228553.2000
1474,228553.2000
1475,228553.2000
1476,228553.2000
1477,228553.2000
1478,228553.2000
1479,228553.2000
1480,228553.2000
1481,228553.2000
1482,228553.2000
1483,228553.2000
1484,228553.2000
1485,228553.2000
1486,228553.2000
1487,228553.2000
1488,228553.2000
1489,228553.2000
1490,228553.2000
1491,228553.2000
1492,228553.2000
1493,228553.2000
1494,228553.2000
1495,228553.2000
1496,228553.2000
1497,228553.2000
1498,228553.2000
1499,228553.2000
1500,228553.2000
1501,228553.2000
1502,228553.2000
1503,228553.2000
1504,228553.2000
1505,228553.2000
1506,228553.2000
1507,228553.2000
1508,228553.2000
1509,228553.2000
1510,228553.2000
1511,228553.2000
1512,228553.2000
1513,228553.2000
1514,228553.2000
1515,228553.2000
1516,228553.2000
1517,228553.2000
1518,228553.2000
1519,228553.2000
1520,228553.2000
1521,228553.2000
1522,228553.2000
1523,228553.2000
1524,228553.2000
1525,228553.2000
1526,228553.2000
1527,228553.2000
1528,228553.2000
1529,228553.2000
1530,228553.2000
1531,228553.2000
1532,228553.2000
1533,228553.2000
1534,228553.2000
1535,228553.2000
1536,228553.2000
1537,228553.2000
1538,228553.2000
1539,228553.2000
1540,228553.2000
1541,228553.2000
1542,228553.2000
1543,228553.2000
1544,228553.2000
1545,228553.2000
1546,228553.2000
1547,228553.2000
1548,228553.2000
1549,228553.2000
1550,228553.2000
1551,228553.2000
1552,228553.2000
1553,228553.2000
1554,228553.2000
1555,228553.2000
1556,228553.2000
1557,228553.2000
1558,228553.2000
1559,228553.2000
1560,228553.2000
1561,228553.2000
1562,228553.2000
1563,228553.2000
1564,228553.2000
1565,228553.2000
1566,228553.2000
1567,228553.2000
1568,228553.2000
1569,228553.2000
1570,228553.2000
1571,228553.2000
1572,228553.2000
1573,228553.2000
1574,228553.2000
1575,228553.2000
1576,228553.2000
1577,228553.2000
1578,228553.2000
1579,228553.2000
1580,228553.2000
1581,228553.2000
1582,228553.2000
1583,228553.2000
1584,228553.2000
1585,228553.2000
1586,228553.2000
1587,228553.2000
1588,228553.2000
1589,228553.2000
1590,228553.2000
1591,228553.2000
1592,228553.2000
1593,228553.2000
1594,228553.2000
1595,228553.2000
1596,228553.2000
1597,228553.2000
1598,228553.2000
1599,228553.2000
1600,228553.2000
1601,228553.2000
1602,228553.2000
1603,228553.2000
1604,228553.2000
1605,228553.2000
1606,228553.2000
1607,228553.2000
1608,228553.2000
1609,228553.2000
1610,228553.2000
1611,228553.2000
1612,228553.2000
1613,228553.2000
1614,228553.2000
1615,228553.2000
1616,228553.2000
1617,228553.2000
1618,228553.2000
1619,228553.2000
1620,228553.2000
1621,228553.2000
1622,228553.2000
1623,228553.2000
1624,228553.2000
1625,228553.2000
1626,228553.2000
1627,228553.2000
1628,228553.2000
1629,228553.2000
1630,228553.2000
1631,228553.2000
1632,228553.2000
1633,228553.2000
1634,228553.2000
1635,228553.2000
1636,228553.2000
1637,228553.2000
1638,228553.2000
1639,228553.2000
1640,228553.2000
1641,228553.2000
1642,228553.2000
1643,228553.2000
1644,228553.2000
1645,228553.2000
1646,228553.2000
1647,228553.2000
1648,228553.2000
1649,228553.2000
1650,228553.2000
1651,228553.2000
1652,228553.2000
1653,228553.2000
1654,228553.2000
1655,228553.2000
1656,228553.2000
1657,228553.2000
1658,228553.2000
1659,228553.2000
1660,228553.2000
1661,228553.2000
1662,228553.2000
1663,228553.2000
1664,228553.2000
1665,228553.2000
1666,228553.2000
1667,228553.2000
1668,228553.2000
1669,228553.2000
1670,228553.2000
1671,228553.2000
1672,228553.2000
1673,228553.2000
1674,228553.2000
1675,228553.2000
1676,228553.2000
1677,228553.2000
1678,228553.2000
1679,228553.2000
1680,228553.2000
1681,228553.2000
1682,228553.2000
1683,228553.2000
1684,228553.2000
1685,228553.2000
1686,228553.2000
1687,228553.2000
1688,228553.2000
1689,228553.2000
1690,228553.2000
1691,228553.2000
1692,228553.2000
1693,228553.2000
1694,228553.2000
1695,228553.2000
1696,228553.2000
1697,228553.2000
1698,228553.2000
1699,228553.2000
1700,228553.2000
1701,228553.2000
1702,228553.2000
1703,228553.2000
1704,228553.2000
1705,228553.2000
1706,228553.2000
1707,228553.2000
1708,228553.2000
1709,228553.2000
1710,228553.2000
1711,228553.2000
1712,228553.2000
1713,228553.2000
1714,228553.2000
1715,228553.2000
1716,228553.2000
1717,228553.2000
1718,228553.2000
1719,228553.2000
1720,228553.2000
1721,228553.2000
1722,228553.2000
1723,228553.2000
1724,228553.2000
1725,228553.2000
1726,228553.2000
1727,228553.2000
1728,228553.2000
1729,228553.2000
1730,228553.2000
1731,228553.2000
1732,228553.2000
1733,228553.2000
1734,228553.2000
1735,228553.2000
1736,228553.2000
1737,228553.2000
1738,228553.2000
1739,228553.2000
1740,228553.2000
1741,228553.2000
1742,228553.2000
1743,228553.2000
1744,228553.2000
1745,228553.2000
1746,228553.2000
1747,228553.2000
1748,228553.2000
1749,228553.2000
1750,228553.2000
1751,228553.2000
1752,228553.2000
1753,228553.2000
1754,228553.2000
1755,228553.2000
1756,228553.2000
1757,228553.2000
1758,228553.2000
1759,228553.2000
1760,228553.2000
1761,228553.2000
1762,228553.2000
1763,228553.2000
1764,228553.2000
1765,228553.2000
1766,228553.2000
1767,228553.2000
1768,228553.2000
1769,228553.2000
1770,228553.2000
1771,228553.2000
1772,228553.2000
1773,228553.2000
1774,228553.2000
1775,228553.2000
1776,228553.2000
1777,228553.2000
1778,228553.2000
1779,228553.2000
1780,228553.2000
1781,228553.2000
1782,228553.2000
1783,228553.2000
1784,228553.2000
1785,228553.2000
1786,228553.2000
1787,228553.2000
1788,228553.2000
1789,228553.2000
1790,228553.2000
1791,228553.2000
1792,228553.2000
1793,228553.2000
1794,228553.2000
1795,228553.2000
1796,228553.2000
1797,228553.2000
1798,228553.2000
1799,228553.2000
1800,228553.2000
1801,228553.2000
1802,228553.2000
1803,228553.2000
1804,228553.2000
1805,228553.2000
1806,228553.2000
1807,228553.2000
1808,228553.2000
1809,228553.2000
1810,228553.2000
1811,228553.2000
1812,228553.2000
1813,228553.2000
1814,228553.2000
1815,228553.2000
1816,228553.2000
1817,228553.2000
1818,228553.2000
1819,228553.2000
1820,228553.2000
1821,228553.2000
1822,228553.2000
1823,228553.2000
1824,228553.2000
1825,228553.2000
1826,228553.2000
1827,228553.2000
1828,228553.2000
1829,228553.2000
1830,228553.2000
1831,228553.2000
1832,228553.2000
1833,228553.2000
1834,228553.2000
1835,228553.2000
1836,228553.2000
1837,228553.2000
1838,228553.2000
1839,228553.2000
1840,228553.2000
1841,228553.2000
1842,228553.2000
1843,228553.2000
1844,228553.2000
1845,228553.2000
1846,228553.2000
1847,228553.2000
1848,228553.2000
1849,228553.2000
1850,228553.2000
1851,228553.2000
1852,228553.2000
1853,228553.2000
1854,228553.2000
1855,228553.2000
1856,228553.2000
1857,228553.2000
1858,228553.2000
1859,228553.2000
1860,228553.2000
1861,228553.2000
1862,228553.2000
1863,228553.2000
1864,228553.2000
1865,228553.2000
1866,228553.2000
1867,228553.2000
1868,228553.2000
1869,228553.2000
1870,228553.2000
1871,228553.2000
1872,228553.2000
1873,228553.2000
1874,228553.2000
1875,228553.2000
1876,228553.2000
1877,228553.2000
1878,228553.2000
1879,228553.2000
1880,228553.2000
1881,228553.2000
1882,228553.2000
1883,228553.2000
1884,228553.2000
1885,228553.2000
1886,228553.2000
1887,228553.2000
1888,228553.2000
1889,228553.2000
1890,228553.2000
1891,228553.2000
1892,228553.2000
1893,228553.2000
1894,228553.2000
1895,228553.2000
1896,228553.2000
1897,228553.2000
1898,228553.2000
1899,228553.2000
1900,228553.2000
1901,228553.2000
1902,228553.2000
1903,228553.2000
1904,228553.2000
1905,228553.2000
1906,228553.2000
1907,228553.2000
1908,228553.2000
1909,228553.2000
1910,228553.2000
1911,228553.2000
1912,228553.2000
1913,228553.2000
1914,228553.2000
1915,228553.2000
1916,228553.2000
1917,228553.2000
1918,228553.2000
1919,228553.2000
1920,228553.2000
1921,228553.2000
1922,228553.2000
1923,228553.2000
1924,228553.2000
1925,228553.2000
1926,228553.2000
1927,228553.2000
1928,228553.2000
1929,228553.2000
1930,228553.2000
1931,228553.2000
1932,228553.2000
1933,228553.2000
1934,228553.2000
1935,228553.2000
1936,228553.2000
1937,228553.2000
1938,228553.2000
1939,228553.2000
1940,228553.2000
1941,228553.2000
1942,228254.4000
1943,228254.4000
1944,228254.4000
1945,228254.4000
1946,228254.4000
1947,228254.4000
1948,228254.4000
1949,228254.4000
1950,228254.4000
1951,228254.4000
1952,228254.4000
1953,228254.4000
1954,228254.4000
1955,228254.4000
1956,228254.4000
1957,228254.4000
1958,228254.4000
1959,228254.4000
1960,228254.4000
1961,228254.4000
1962,228254.4000
1963,228254.4000
1964,228254.4000
1965,228254.4000
1966,228254.4000
1967,228254.4000
1968,228254.4000
1969,228254.4000
1970,228254.4000
1971,228254.4000
1972,228254.4000
1973,228254.4000
1974,228254.4000
1975,228254.4000
1976,228254.4000
1977,228254.4000
1978,228254.4000
1979,228254.4000
1980,228254.4000
1981,228254.4000
1982,228254.4000
1983,228254.4000
1984,228254.4000
1985,228254.4000
1986,228254.4000
1987,228254.4000
1988,228254.4000
1989,228254.4000
1990,228254.4000
1991,228254.4000
1992,228254.4000
1993,228254.4000
1994,228254.4000
1995,228254.4000
1996,228254.4000
1997,228254.4000
1998,228254.4000
1999,228254.4000
2000,228254.4000
2001,228254.4000
2002,228254.4000
2003,228254.4000
2004,228254.4000
2005,228254.4000
2006,228254.4000
2007,228254.4000
2008,228254.4000
2009,228254.4000
2010,228254.4000
2011,228254.4000
2012,228254.4000
2013,228254.4000
2014,228254.4000
2015,228254.4000
2016,228254.4000
2017,228254.4000
2018,228254.4000
2019,228254.4000
2020,228254.4000
2021,228254.4000
2022,228254.4000
2023,228254.4000
2024,228254.4000
2025,228254.4000
2026,228254.4000
2027,228254.4000
2028,228254.4000
2029,228254.4000
2030,228254.4000
2031,228254.4000
2032,228254.4000
2033,228254.4000
2034,228254.4000
2035,228254.4000
2036,228254.4000
2037,228254.4000
2038,228254.4000
2039,228254.4000
2040,228254.4000
2041,228254.4000
2042,228254.4000
2043,228254.4000
2044,228254.4000
2045,228254.4000
2046,228254.4000
2047,228254.4000
2048,228254.4000
2049,228254.4000
2050,228254.4000
2051,228254.4000
2052,228254.4000
2053,228254.4000
2054,228254.4000
2055,228254.4000
2056,228254.4000
2057,228254.4000
2058,228254.4000
2059,228254.4000
2060,228254.4000
2061,228254.4000
2062,228254.4000
2063,228254.4000
2064,228254.4000
2065,228254.4000
2066,228254.4000
2067,228254.4000
2068,228254.4000
2069,228254.4000
2070,228254.4000
2071,228254.4000
2072,228254.4000
2073,228254.4000
2074,228254.4000
2075,228254.4000
2076,228254.4000
2077,228254.4000
2078,228254.4000
2079,228254.4000
2080,228254.4000
2081,228254.4000
2082,228254.4000
2083,228254.4000
2084,228254.4000
2085,228254.4000
2086,228254.4000
2087,228254.4000
2088,228254.4000
2089,228254.4000
2090,228254.4000
2091,228254.4000
2092,228254.4000
2093,228254.4000
2094,228254.4000
2095,228254.4000
2096,228254.4000
2097,228254.4000
2098,228254.4000
2099,228254.4000
2100,228254.4000
2101,228254.4000
2102,228254.4000
2103,228254.4000
2104,228254.4000
2105,228254.4000
2106,228254.4000
2107,228254.4000
2108,228254.4000
2109,228254.4000
2110,228254.4000
2111,228254.4000
2112,228254.4000
2113,228254.4000
2114,228254.4000
2115,228254.4000
2116,228254.4000
2117,228254.4000
2118,228254.4000
2119,228254.4000
2120,228254.4000
2121,228254.4000
2122,228254.4000
2123,228254.4000
2124,228254.4000
2125,228254.4000
2126,228254.4000
2127,228254.4000
2128,228254.4000
2129,228254.4000
2130,228254.4000
2131,228254.4000
2132,228254.4000
2133,228254.4000
2134,228254.4000
2135,228254.4000
2136,228254.4000
2137,228254.4000
2138,228254.4000
2139,228254.4000
2140,228254.4000
2141,228254.4000
2142,228254.4000
2143,228254.4000
2144,228254.4000
2145,228254.4000
2146,228254.4000
2147,228254.4000
2148,228254.4000
2149,228254.4000
2150,228254.4000
2151,228254.4000
2152,228254.4000
2153,228254.4000
2154,228254.4000
2155,228254.4000
2156,228254.4000
2157,228254.4000
2158,228254.4000
2159,228254.4000
2160,228254.4000
2161,228254.4000
2162,228254.4000
2163,228254.4000
2164,228254.4000
2165,228254.4000
2166,228254.4000
2167,228254.4000
2168,228254.4000
2169,228254.4000
2170,228254.4000
2171,228254.4000
2172,228254.4000
2173,228254.4000
2174,228254.4000
2175,228254.4000
2176,228254.4000
2177,228254.4000
2178,228254.4000
2179,228254.4000
2180,228254.4000
2181,228254.4000
2182,228254.4000
2183,228254.4000
2184,228254.4000
2185,228254.4000
2186,228254.4000
2187,228254.4000
2188,228254.4000
2189,228254.4000
2190,228254.4000
2191,228254.4000
2192,228254.4000
2193,228254.4000
2194,228254.4000
2195,228254.4000
2196,228254.4000
2197,228254.4000
2198,228254.4000
2199,228254.4000
2200,228254.4000
2201,228254.4000
2202,228254.4000
2203,228254.4000
2204,228254.4000
2205,228254.4000
2206,228254.4000
2207,228254.4000
2208,228254.4000
2209,228254.4000
2210,228254.4000
2211,228254.4000
2212,228254.4000
2213,228254.4000
2214,228254.4000
2215,228254.4000
2216,228254.4000
2217,228254.4000
2218,228254.4000
2219,228254.4000
2220,228254.4000
2221,228254.4000
2222,228254.4000
2223,228254.4000
2224,228254.4000
2225,228254.4000
2226,228254.4000
2227,228254.4000
2228,228254.4000
2229,228254.4000
2230,228254.4000
2231,228254.4000
2232,228254.4000
2233,228254.4000
2234,228254.4000
2235,228254.4000
2236,228254.4000
2237,228254.4000
2238,228254.4000
2239,228254.4000
2240,228254.4000
2241,228254.4000
2242,228254.4000
2243,228254.4000
2244,228254.4000
2245,228254.4000
2246,228254.4000
2247,228254.4000
2248,228254.4000
2249,228254.4000
2250,228254.4000
2251,228254.4000
2252,228254.4000
2253,228254.4000
2254,228254.4000
2255,228254.4000
2256,228254.4000
2257,228254.4000
2258,228254.4000
2259,228254.4000
2260,228254.4000
2261,228254.4000
2262,228254.4000
2263,228254.4000
2264,228254.4000
2265,228254.4000
2266,228254.4000
2267,228254.4000
2268,228254.4000
2269,228254.4000
2270,228254.4000
2271,228254.4000
2272,228254.4000
2273,228254.4000
2274,228254.4000
2275,228254.4000
2276,228254.4000
2277,228254.4000
2278,228254.4000
2279,228254.4000
2280,228254.4000
2281,228254.4000
2282,228254.4000
2283,228254.4000
2284,228254.4000
2285,228254.4000
2286,228254.4000
2287,228254.4000
2288,228254.4000
2289,228254.4000
2290,228254.4000
2291,228254.4000
2292,228254.4000
2293,228254.4000
2294,228254.4000
2295,228254.4000
2296,228254.4000
2297,228254.4000
2298,228254.4000
2299,228254.4000
2300,228254.4000
2301,228254.4000
2302,228254.4000
2303,228254.4000
2304,228254.4000
2305,228254.4000
2306,228254.4000
2307,228254.4000
2308,228254.4000
2309,228254.4000
2310,228254.4000
2311,228254.4000
2312,228254.4000
2313,228254.4000
2314,228254.4000
2315,228254.4000
2316,228254.4000
2317,228254.4000
2318,228254.4000
2319,228254.4000
2320,228254.4000
2321,228254.4000
2322,228254.4000
2323,228254.4000
2324,228254.4000
2325,228254.4000
2326,228254.4000
2327,228254.4000
2328,228254.4000
2329,228254.4000
2330,228254.4000
2331,228254.4000
2332,228254.4000
2333,228254.4000
2334,228254.4000
2335,228254.4000
2336,228254.4000
2337,228254.4000
2338,228254.4000
2339,228254.4000
2340,228254.4000
2341,228254.4000
2342,228254.4000
2343,228254.4000
2344,228254.4000
2345,228254.4000
2346,228254.4000
2347,228254.4000
2348,228254.4000
2349,228254.4000
2350,228254.4000
2351,228254.4000
2352,228254.4000
2353,228254.4000
2354,228254.4000
2355,228254.4000
2356,228254.4000
2357,228254.4000
2358,228254.4000
2359,228254.4000
2360,228254.4000
2361,228254.4000
2362,228254.4000
2363,228254.4000
2364,228254.4000
2365,228254.4000
2366,228254.4000
2367,228254.4000
2368,228254.4000
2369,228254.4000
2370,228254.4000
2371,228254.4000
2372,228254.4000
2373,228254.4000
2374,228254.4000
2375,228254.4000
2376,228254.4000
2377,228254.4000
2378,228254.4000
2379,228254.4000
2380,228254.4000
2381,228254.4000
2382,228254.4000
2383,228254.4000
2384,228254.4000
2385,228254.4000
2386,228254.4000
2387,228254.4000
2388,228254.4000
2389,228254.4000
2390,228254.4000
2391,228254.4000
2392,228254.4000
2393,228254.4000
2394,228254.4000
2395,228254.4000
2396,228254.4000
2397,228254.4000
2398,228254.4000
2399,228254.4000
2400,228254.4000
2401,228254.4000
2402,228254.4000
2403,228254.4000
2404,228254.4000
2405,228254.4000
2406,228254.4000
2407,228254.4000
2408,228254.4000
2409,228254.4000
2410,228254.4000
2411,228254.4000
2412,228254.4000
2413,228254.4000
2414,228254.4000
2415,228254.4000
2416,228254.4000
2417,228254.4000
2418,228254.4000
2419,228254.4000
2420,228254.4000
2421,228254.4000
2422,228254.4000
2423,228254.4000
2424,228254.4000
2425,228254.4000
2426,228254.4000
2427,228254.4000
2428,228254.4000
2429,228254.4000
2430,228254.4000
2431,228254.4000
2432,228254.4000
2433,228254.4000
2434,228254.4000
2435,228254.4000
2436,228254.4000
2437,228254.4000
2438,228254.4000
2439,228254.4000
2440,228254.4000
2441,228254.4000
2442,228254.4000
2443,228254.4000
2444,228254.4000
2445,228254.4000
2446,228254.4000
2447,228254.4000
2448,228254.4000
2449,228254.4000
2450,228254.4000
2451,228254.4000
2452,228254.4000
2453,228254.4000
2454,228254.4000
2455,228254.4000
2456,228254.4000
2457,228254.4000
2458,228254.4000
2459,228254.4000
2460,228254.4000
2461,228254.4000
2462,228254.4000
2463,228254.4000
2464,228254.4000
2465,228254.4000
2466,228254.4000
2467,228254.4000
2468,228254.4000
2469,228254.4000
2470,228254.4000
2471,228254.4000
2472,228254.4000
2473,228254.4000
2474,228254.4000
2475,228254.4000
2476,228254.4000
2477,228254.4000
2478,228254.4000
2479,228254.4000
2480,228254.4000
2481,228254.4000
2482,228254.4000
2483,228254.4000
2484,228254.4000
2485,228254.4000
2486,228254.4000
2487,228254.4000
2488,228254.4000
2489,228254.4000
2490,228254.4000
2491,228254.4000
2492,228254.4000
2493,228254.4000
2494,228254.4000
2495,228254.4000
2496,228254.4000
2497,228254.4000
2498,228254.4000
2499,228254.4000
2500,228254.4000
2501,228254.4000
2502,228254.4000
2503,228254.4000
2504,228254.4000
2505,228254.4000
2506,228254.4000
2507,228254.4000
2508,228254.4000
2509,228254.4000
2510,228254.4000
2511,228254.4000
2512,228254.4000
2513,228254.4000
2514,228254.4000
2515,228254.4000
2516,228254.4000
2517,228254.4000
2518,228254.4000
2519,228254.4000
2520,228254.4000
2521,228254.4000
2522,228254.4000
2523,228254.4000
2524,228254.4000
2525,228254.4000
2526,228254.4000
2527,228254.4000
2528,228254.4000
2529,228254.4000
2530,228254.4000
2531,228254.4000
2532,228254.4000
2533,228254.4000
2534,228254.4000
2535,228254.4000
2536,228254.4000
2537,228254.4000
2538,228254.4000
2539,228254.4000
2540,228254.4000
2541,228254.4000
2542,228254.4000
2543,228254.4000
2544,228254.4000
2545,228254.4000
2546,228254.4000
2547,228254.4000
2548,228254.4000
2549,228254.4000
2550,228254.4000
2551,228254.4000
2552,228254.4000
2553,228254.4000
2554,228254.4000
2555,228254.4000
2556,228254.4000
2557,228254.4000
2558,228254.4000
2559,228254.4000
2560,228254.4000
2561,228254.4000
2562,228254.4000
2563,228254.4000
2564,228254.4000
2565,228254.4000
2566,228254.4000
2567,228254.4000
2568,228254.4000
2569,228254.4000
2570,228254.4000
2571,228254.4000
2572,228254.4000
2573,228254.4000
2574,228254.4000
2575,228254.4000
2576,228254.4000
2577,228254.4000
2578,228254.4000
2579,228254.4000
2580,228254.4000
2581,228254.4000
2582,228254.4000
2583,228254.4000
2584,228254.4000
2585,228254.4000
2586,228254.4000
2587,228254.4000
2588,228254.4000
2589,228254.4000
2590,228254.4000
2591,228254.4000
2592,228254.4000
2593,228254.4000
2594,228254.4000
2595,228254.4000
2596,228254.4000
2597,228254.4000
2598,228254.4000
2599,228254.4000
2600,228254.4000
2601,228254.4000
2602,228254.4000
2603,228254.4000
2604,228254.4000
2605,228254.4000
2606,228254.4000
2607,228254.4000
2608,228254.4000
2609,228254.4000
2610,228254.4000
2611,228254.4000
2612,228254.4000
2613,228254.4000
2614,228254.4000
2615,228254.4000
2616,228254.4000
2617,228254.4000
2618,228254.4000
2619,228254.4000
2620,228254.4000
2621,228254.4000
2622,228254.4000
2623,228254.4000
2624,228254.4000
2625,228254.4000
2626,228254.4000
2627,228254.4000
2628,228254.4000
2629,228254.4000
2630,228254.4000
2631,228254.4000
2632,228254.4000
2633,228254.4000
2634,228254.4000
2635,228254.4000
2636,228254.4000
2637,228254.4000
2638,228254.4000
2639,228254.4000
2640,228254.4000
2641,228254.4000
2642,228254.4000
2643,228254.4000
2644,228254.4000
2645,228254.4000
2646,228254.4000
2647,228254.4000
2648,228254.4000
2649,228254.4000
2650,228254.4000
2651,228254.4000
2652,228254.4000
2653,228254.4000
2654,228254.4000
2655,228254.4000
2656,228254.4000
2657,228254.4000
2658,228254.4000
2659,228254.4000
2660,228254.4000
2661,228254.4000
2662,228254.4000
2663,228254.4000
2664,228254.4000
2665,228254.4000
2666,228254.4000
2667,228254.4000
2668,228254.4000
2669,228254.4000
2670,228254.4000
2671,228254.4000
2672,228254.4000
2673,228254.4000
2674,228254.4000
2675,228254.4000
2676,228254.4000
2677,228254.4000
2678,228254.4000
2679,228254.4000
2680,228254.4000
2681,228254.4000
2682,228254.4000
2683,228254.4000
2684,228254.4000
2685,228254.4000
2686,228254.4000
2687,228254.4000
2688,228254.4000
2689,228254.4000
2690,228254.4000
2691,228254.4000
2692,228254.4000
2693,228254.4000
2694,228254.4000
2695,228254.4000
2696,228254.4000
2697,228254.4000
2698,228254.4000
2699,228254.4000
2700,228254.4000
2701,228254.4000
2702,228254.4000
2703,228254.4000
2704,228254.4000
2705,228254.4000
2706,228254.4000
2707,228254.4000
2708,228254.4000
2709,228254.4000
2710,228254.4000
2711,228254.4000
2712,228254.4000
2713,228254.4000
2714,228254.4000
2715,228254.4000
2716,228254.4000
2717,228254.4000
2718,228254.4000
2719,228254.4000
2720,228254.4000
2721,228254.4000
2722,228254.4000
2723,228254.4000
2724,228254.4000
2725,228254.4000
2726,228254.4000
2727,228254.4000
2728,228254.4000
2729,228254.4000
2730,228254.4000
2731,228254.4000
2732,228254.4000
2733,228254.4000
2734,228254.4000
2735,228254.4000
2736,228254.4000
2737,228254.4000
2738,228254.4000
2739,228254.4000
2740,228254.4000
2741,228254.4000
2742,228254.4000
2743,228254.4000
2744,228254.4000
2745,228254.4000
2746,228254.4000
2747,228254.4000
2748,228254.4000
2749,228254.4000
2750,228254.4000
2751,228254.4000
2752,228254.4000
2753,228254.4000
2754,228254.4000
2755,228254.4000
2756,228254.4000
2757,228254.4000
2758,228254.4000
2759,228254.4000
2760,228254.4000
2761,228254.4000
2762,228254.4000
2763,228254.4000
2764,228254.4000
2765,228254.4000
2766,228254.4000
2767,228254.4000
2768,228254.4000
2769,228254.4000
2770,228254.4000
2771,228254.4000
2772,228254.4000
2773,228254.4000
2774,228254.4000
2775,228254.4000
2776,228254.4000
2777,228254.4000
2778,228254.4000
2779,228254.4000
2780,228254.4000
2781,228254.4000
2782,228254.4000
2783,228254.4000
2784,228254.4000
2785,228254.4000
2786,228254.4000
2787,228254.4000
2788,228254.4000
2789,228254.4000
2790,228254.4000
2791,228254.4000
2792,228254.4000
2793,228254.4000
2794,228254.4000
2795,228254.4000
2796,228254.4000
2797,228254.4000
2798,228254.4000
2799,228254.4000
2800,228254.4000
2801,228254.4000
2802,228254.4000
2803,228254.4000
2804,228254.4000
2805,228254.4000
2806,228254.4000
2807,228254.4000
2808,228254.4000
2809,228254.4000
2810,228254.4000
2811,228254.4000
2812,228254.4000
2813,228254.4000
2814,228254.4000
2815,228254.4000
2816,228254.4000
2817,228254.4000
2818,228254.4000
2819,228254.4000
2820,228254.4000
2821,228254.4000
2822,228254.4000
2823,228254.4000
2824,228254.4000
2825,228254.4000
2826,228254.4000
2827,228254.4000
2828,228254.4000
2829,228254.4000
2830,228254.4000
2831,228254.4000
2832,228254.4000
2833,228254.4000
2834,228254.4000
2835,228254.4000
2836,228254.4000
2837,228254.4000
2838,228254.4000
2839,228254.4000
2840,228254.4000
2841,228254.4000
2842,228254.4000
2843,228254.4000
2844,228254.4000
2845,228254.4000
2846,228254.4000
2847,228254.4000
2848,228254.4000
2849,228254.4000
2850,228254.4000
2851,228254.4000
2852,228254.4000
2853,228254.4000
2854,228254.4000
2855,228254.4000
2856,228254.4000
2857,228254.4000
2858,228254.4000
2859,228254.4000
2860,228254.4000
2861,228254.4000
2862,228254.4000
2863,228254.4000
2864,228254.4000
2865,228254.4000
2866,228254.4000
2867,228254.4000
2868,228254.4000
2869,228254.4000
2870,228254.4000
2871,228254.4000
2872,228254.4000
2873,228254.4000
2874,228254.4000
2875,228254.4000
2876,228254.4000
2877,228254.4000
2878,228254.4000
2879,228254.4000
2880,228254.4000
2881,228254.4000
2882,228254.4000
2883,228254.4000
2884,228254.4000
2885,228254.4000
2886,228254.4000
2887,228254.4000
2888,228254.4000
2889,228254.4000
2890,228254.4000
2891,228254.4000
2892,228254.4000
2893,228254.4000
2894,228254.4000
2895,228254.4000
2896,228254.4000
2897,228254.4000
2898,228254.4000
2899,228254.4000
2900,228254.4000
2901,228254.4000
2902,228254.4000
2903,228254.4000
2904,228254.4000
2905,228254.4000
2906,228254.4000
2907,228254.4000
2908,228254.4000
2909,228254.4000
2910,228254.4000
2911,228254.4000
2912,228254.4000
2913,228254.4000
2914,228254.4000
2915,228254.4000
2916,228254.4000
2917,228254.4000
2918,228254.4000
2919,228254.4000
2920,228254.4000
2921,228254.4000
2922,228254.4000
2923,228254.4000
2924,228254.4000
2925,228254.4000
2926,228254.4000
2927,228254.4000
2928,228254.4000
2929,228254.4000
2930,228254.4000
2931,228254.4000
2932,228254.4000
2933,228254.4000
2934,228254.4000
2935,228254.4000
2936,228254.4000
2937,228254.4000
2938,228254.4000
2939,228254.4000
2940,228254.4000
2941,228254.4000
2942,228254.4000
2943,228254.4000
2944,228254.4000
2945,228254.4000
2946,228254.4000
2947,228254.4000
2948,228254.4000
2949,228254.4000
2950,228254.4000
2951,228254.4000
2952,228254.4000
2953,228254.4000
2954,228254.4000
2955,228254.4000
2956,228254.4000
2957,228254.4000
2958,228254.4000
2959,228254.4000
2960,228254.4000
2961,228254.4000
2962,228254.4000
2963,228254.4000
2964,228254.4000
2965,228254.4000
2966,228254.4000
2967,228254.4000
2968,228254.4000
2969,228254.4000
2970,228254.4000
2971,228254.4000
2972,228254.4000
2973,228254.4000
2974,228254.4000
2975,228254.4000
2976,228254.4000
2977,228254.4000
2978,228254.4000
2979,228254.4000
2980,228254.4000
2981,228254.4000
2982,228254.4000
2983,228254.4000
2984,228254.4000
2985,228254.4000
2986,228254.4000
2987,228254.4000
2988,228254.4000
2989,228254.4000
2990,228254.4000
2991,228254.4000
2992,228254.4000
2993,228254.4000
2994,228254.4000
2995,228254.4000
2996,228254.4000
2997,228254.4000
2998,228254.4000
2999,228254.4000
3000,228254.4000
3001,228254.4000
3002,228254.4000
3003,228254.4000
3004,228254.4000
3005,228254.4000
3006,228254.4000
3007,228254.4000
3008,228254.4000
3009,228254.4000
3010,228254.4000
3011,228254.4000
3012,228254.4000
3013,228254.4000
3014,228254.4000
3015,228254.4000
3016,228254.4000
3017,228254.4000
3018,228254.4000
3019,228254.4000
3020,228254.4000
3021,228254.4000
3022,228254.4000
3023,228254.4000
3024,228254.4000
3025,228254.4000
3026,228254.4000
3027,228254.4000
3028,228254.4000
3029,228254.4000
3030,228254.4000
3031,228254.4000
3032,228254.4000
3033,228254.4000
3034,228254.4000
3035,228254.4000
3036,228254.4000
3037,228254.4000
3038,228254.4000
3039,228254.4000
3040,228254.4000
3041,228254.4000
3042,228254.4000
3043,228254.4000
3044,228254.4000
3045,228254.4000
3046,228254.4000
3047,228254.4000
3048,228254.4000
3049,228254.4000
3050,228254.4000
3051,228254.4000
3052,228254.4000
3053,228254.4000
3054,228254.4000
3055,228254.4000
3056,228254.4000
3057,228254.4000
3058,228254.4000
3059,228254.4000
3060,228254.4000
3061,228254.4000
3062,228254.4000
3063,228254.4000
3064,228254.4000
3065,228254.4000
3066,228254.4000
3067,228254.4000
3068,228254.4000
3069,228254.4000
3070,228254.4000
3071,228254.4000
3072,228254.4000
3073,228254.4000
3074,228254.4000
3075,228254.4000
3076,228254.4000
3077,228254.4000
3078,228254.4000
3079,228254.4000
3080,228254.4000
3081,228254.4000
3082,228254.4000
3083,228254.4000
3084,228254.4000
3085,228254.4000
3086,228254.4000
3087,228254.4000
3088,228254.4000
3089,228254.4000
3090,228254.4000
3091,228254.4000
3092,228254.4000
3093,228254.4000
3094,228254.4000
3095,228254.4000
3096,228254.4000
3097,228254.4000
3098,228254.4000
3099,228254.4000
3100,228254.4000
3101,228254.4000
3102,228254.4000
3103,228254.4000
3104,228254.4000
3105,228254.4000
3106,228254.4000
3107,228254.4000
3108,228254.4000
3109,228254.4000
3110,228254.4000
3111,228254.4000
3112,228254.4000
3113,228254.4000
3114,228254.4000
3115,228254.4000
3116,228254.4000
3117,228254.4000
3118,228254.4000
3119,228254.4000
3120,228254.4000
3121,228254.4000
3122,228254.4000
3123,228254.4000
3124,228254.4000
3125,228254.4000
3126,228254.4000
3127,228254.4000
3128,228254.4000
3129,228254.4000
3130,228254.4000
3131,228254.4000
3132,228254.4000
3133,228254.4000
3134,228254.4000
3135,228254.4000
3136,228254.4000
3137,228254.4000
3138,228254.4000
3139,228254.4000
3140,228254.4000
3141,228254.4000
3142,228254.4000
3143,228254.4000
3144,228254.4000
3145,228254.4000
3146,228254.4000
3147,228254.4000
3148,228254.4000
3149,228254.4000
3150,228254.4000
3151,228254.4000
3152,228254.4000
3153,228254.4000
3154,228254.4000
3155,228254.4000
3156,228254.4000
3157,228254.4000
3158,228254.4000
3159,228254.4000
3160,228254.4000
3161,228254.4000
3162,228254.4000
3163,228254.4000
3164,228254.4000
3165,228254.4000
3166,228254.4000
3167,228254.4000
3168,228254.4000
3169,228254.4000
3170,228254.4000
3171,228254.4000
3172,228254.4000
3173,228254.4000
3174,228254.4000
3175,228254.4000
3176,228254.4000
3177,228254.4000
3178,228254.4000
3179,228254.4000
3180,228254.4000
3181,228254.4000
3182,228254.4000
3183,228254.4000
3184,228254.4000
3185,228254.4000
3186,228254.4000
3187,228254.4000
3188,228254.4000
3189,228254.4000
3190,228254.4000
3191,228254.4000
3192,228254.4000
3193,228254.4000
3194,228254.4000
3195,228254.4000
3196,228254.4000
3197,228254.4000
3198,228254.4000
3199,228254.4000
3200,228254.4000
3201,228254.4000
3202,228254.4000
3203,228254.4000
3204,228254.4000
3205,228254.4000
3206,228254.4000
3207,228254.4000
3208,228254.4000
3209,228254.4000
3210,228254.4000
3211,228254.4000
3212,228254.4000
3213,228254.4000
3214,228254.4000
3215,228254.4000
3216,228254.4000
3217,228254.4000
3218,228254.4000
3219,228254.4000
3220,228254.4000
3221,228254.4000
3222,228254.4000
3223,228254.4000
3224,228254.4000
3225,228254.4000
3226,228254.4000
3227,228254.4000
3228,228254.4000
3229,228254.4000
3230,228254.4000
3231,228254.4000
3232,228254.4000
3233,228254.4000
3234,228254.4000
3235,228254.4000
3236,228254.4000
3237,228254.4000
3238,228254.4000
3239,228254.4000
3240,228254.4000
3241,228254.4000
3242,228254.4000
3243,228254.4000
3244,228254.4000
3245,228254.4000
3246,228254.4000
3247,228254.4000
3248,228254.4000
3249,228254.4000
3250,228254.4000
3251,228254.4000
3252,228254.4000
3253,228254.4000
3254,228254.4000
3255,228254.4000
3256,228254.4000
3257,228254.4000
3258,228254.4000
3259,228254.4000
3260,228254.4000
3261,228254.4000
3262,228254.4000
3263,228254.4000
3264,228254.4000
3265,228254.4000
3266,228254.4000
3267,228254.4000
3268,228254.4000
3269,228254.4000
3270,228254.4000
3271,228254.4000
3272,228254.4000
3273,228254.4000
3274,228254.4000
3275,228254.4000
3276,228254.4000
3277,228254.4000
3278,228254.4000
3279,228254.4000
3280,228254.4000
3281,228254.4000
3282,228254.4000
3283,228254.4000
3284,228254.4000
3285,228254.4000
3286,228254.4000
3287,228254.4000
3288,228254.4000
3289,228254.4000
3290,228254.4000
3291,228254.4000
3292,228254.4000
3293,228254.4000
3294,228254.4000
3295,228254.4000
3296,228254.4000
3297,228254.4000
3298,228254.4000
3299,228254.4000
3300,228254.4000
3301,228254.4000
3302,228254.4000
3303,228254.4000
3304,228254.4000
3305,228254.4000
3306,228254.4000
3307,228254.4000
3308,228254.4000
3309,228254.4000
3310,228254.4000
3311,228254.4000
3312,228254.4000
3313,228254.4000
3314,228254.4000
3315,228254.4000
3316,228254.4000
3317,228254.4000
3318,228254.4000
3319,228254.4000
3320,228254.4000
3321,228254.4000
3322,228254.4000
3323,228254.4000
3324,228254.4000
3325,228254.4000
3326,228254.4000
3327,228254.4000
3328,228254.4000
3329,228254.4000
3330,228254.4000
3331,228254.4000
3332,228254.4000
3333,228254.4000
3334,228254.4000
3335,228254.4000
3336,228254.4000
3337,228254.4000
3338,228254.4000
3339,228254.4000
3340,228254.4000
3341,228254.4000
3342,228254.4000
3343,228254.4000
3344,228254.4000
3345,228254.4000
3346,228254.4000
3347,228254.4000
3348,228254.4000
3349,228254.4000
3350,228254.4000
3351,228254.4000
3352,228254.4000
3353,228254.4000
3354,228254.4000
3355,228254.4000
3356,228254.4000
3357,228254.4000
3358,228254.4000
3359,228254.4000
3360,228254.4000
3361,228254.4000
3362,228254.4000
3363,228254.4000
3364,228254.4000
3365,228254.4000
3366,228254.4000
3367,228254.4000
3368,228254.4000
3369,228254.4000
3370,228254.4000
3371,228254.4000
3372,228254.4000
3373,228254.4000
3374,228254.4000
3375,228254.4000
3376,228254.4000
3377,228254.4000
3378,228254.4000
3379,228254.4000
3380,228254.4000
3381,228254.4000
3382,228254.4000
3383,228254.4000
3384,228254.4000
3385,228254.4000
3386,228254.4000
3387,228254.4000
3388,228254.4000
3389,228254.4000
3390,228254.4000
3391,228254.4000
3392,228254.4000
3393,228254.4000
3394,228254.4000
3395,228254.4000
3396,228254.4000
3397,228254.4000
3398,228254.4000
3399,228254.4000
3400,228254.4000
3401,228254.4000
3402,228254.4000
3403,228254.4000
3404,228254.4000
3405,228254.4000
3406,228254.4000
3407,228254.4000
3408,228254.4000
3409,228254.4000
3410,228254.4000
3411,228254.4000
3412,228254.4000
3413,228254.4000
3414,228254.4000
3415,228254.4000
3416,228254.4000
3417,228254.4000
3418,228254.4000
3419,228254.4000
3420,228254.4000
3421,228254.4000
3422,228254.4000
3423,228254.4000
3424,228254.4000
3425,228254.4000
3426,228254.4000
3427,228254.4000
3428,228254.4000
3429,228254.4000
3430,228254.4000
3431,228254.4000
3432,228254.4000
3433,228254.4000
3434,228254.4000
3435,228254.4000
3436,228254.4000
3437,228254.4000
3438,228254.4000
3439,228254.4000
3440,228254.4000
3441,228254.4000
3442,228254.4000
3443,228254.4000
3444,228254.4000
3445,228254.4000
3446,228254.4000
3447,228254.4000
3448,228254.4000
3449,228254.4000
3450,228254.4000
3451,228254.4000
3452,228254.4000
3453,228254.4000
3454,228254.4000
3455,228254.4000
3456,228254.4000
3457,228254.4000
3458,228254.4000
3459,228254.4000
3460,228254.4000
3461,228254.4000
3462,228254.4000
3463,228254.4000
3464,228254.4000
3465,228254.4000
3466,228254.4000
3467,228254.4000
3468,228254.4000
3469,228254.4000
3470,228254.4000
3471,228254.4000
3472,228254.4000
3473,228254.4000
3474,228254.4000
3475,228254.4000
3476,228254.4000
3477,228254.4000
3478,228254.4000
3479,228254.4000
3480,228254.4000
3481,228254.4000
3482,228254.4000
3483,228254.4000
3484,228254.4000
3485,228254.4000
3486,228254.4000
3487,228254.4000
3488,228254.4000
3489,228254.4000
3490,228254.4000
3491,228254.4000
3492,228254.4000
3493,228254.4000
3494,228254.4000
3495,228254.4000
3496,228254.4000
3497,228254.4000
3498,228254.4000
3499,228254.4000
3500,228254.4000
3501,228254.4000
3502,228254.4000
3503,228254.4000
3504,228254.4000
3505,228254.4000
3506,228254.4000
3507,228254.4000
3508,228254.4000
3509,228254.4000
3510,228254.4000
3511,228254.4000
3512,228254.4000
3513,228254.4000
3514,228254.4000
3515,228254.4000
3516,228254.4000
3517,228254.4000
3518,228254.4000
3519,228254.4000
3520,228254.4000
3521,228254.4000
3522,228254.4000
3523,228254.4000
3524,228254.4000
3525,228254.4000
3526,228254.4000
3527,228254.4000
3528,228254.4000
3529,228254.4000
3530,228254.4000
3531,228254.4000
3532,228254.4000
3533,228254.4000
3534,228254.4000
3535,228254.4000
3536,228254.4000
3537,228254.4000
3538,228254.4000
3539,228254.4000
3540,228254.4000
3541,228254.4000
3542,228254.4000
3543,228254.4000
3544,228254.4000
3545,228254.4000
3546,228254.4000
3547,228254.4000
3548,228254.4000
3549,228254.4000
3550,228254.4000
3551,228254.4000
3552,228254.4000
3553,228254.4000
3554,228254.4000
3555,228254.4000
3556,228254.4000
3557,228254.4000
3558,228254.4000
3559,228254.4000
3560,228254.4000
3561,228254.4000
3562,228254.4000
3563,228254.4000
3564,228254.4000
3565,228254.4000
3566,228254.4000
3567,228254.4000
3568,228254.4000
3569,228254.4000
3570,228254.4000
3571,228254.4000
3572,228254.4000
3573,228254.4000
3574,228254.4000
3575,228254.4000
3576,228254.4000
3577,228254.4000
3578,228254.4000
3579,228254.4000
3580,228254.4000
3581,228254.4000
3582,228254.4000
3583,228254.4000
3584,228254.4000
3585,228254.4000
3586,228254.4000
3587,228254.4000
3588,228254.4000
3589,228254.4000
3590,228254.4000
3591,228254.4000
3592,228254.4000
3593,228254.4000
3594,228254.4000
3595,228254.4000
3596,228254.4000
3597,228254.4000
3598,228254.4000
3599,228254.4000
3600,228254.4000
3601,228254.4000
3602,228254.4000
3603,228254.4000
3604,228254.4000
3605,228254.4000
3606,228254.4000
3607,228254.4000
3608,228254.4000
3609,228254.4000
3610,228254.4000
3611,228254.4000
3612,228254.4000
3613,228254.4000
3614,228254.4000
3615,228254.4000
3616,228254.4000
3617,228254.4000
3618,228254.4000
3619,228254.4000
3620,228254.4000
3621,228254.4000
3622,228254.4000
3623,228254.4000
3624,228254.4000
3625,228254.4000
3626,228254.4000
3627,228254.4000
3628,228254.4000
3629,228254.4000
3630,228254.4000
3631,228254.4000
3632,228254.4000
3633,228254.4000
3634,228254.4000
3635,228254.4000
3636,228254.4000
3637,228254.4000
3638,228254.4000
3639,228254.4000
3640,228254.4000
3641,228254.4000
3642,228254.4000
3643,228254.4000
3644,228254.4000
3645,228254.4000
3646,228254.4000
3647,228254.4000
3648,228254.4000
3649,228254.4000
3650,228254.4000
3651,228254.4000
3652,228254.4000
3653,228254.4000
3654,228254.4000
3655,228254.4000
3656,228254.4000
3657,228254.4000
3658,228254.4000
3659,228254.4000
3660,228254.4000
3661,228254.4000
3662,228254.4000
3663,228254.4000
3664,228254.4000
3665,228254.4000
3666,228254.4000
3667,228254.4000
3668,228254.4000
3669,228254.4000
3670,228254.4000
3671,228254.4000
3672,228254.4000
3673,228254.4000
3674,228254.4000
3675,228254.4000
3676,228254.4000
3677,228254.4000
3678,228254.4000
3679,228254.4000
3680,228254.4000
3681,228254.4000
3682,228254.4000
3683,228254.4000
3684,228254.4000
3685,228254.4000
3686,228254.4000
3687,228254.4000
3688,228254.4000
3689,228254.4000
3690,228254.4000
3691,228254.4000
3692,228254.4000
3693,228254.4000
3694,228254.4000
3695,228254.4000
3696,228254.4000
3697,228254.4000
3698,228254.4000
3699,228254.4000
3700,228254.4000
3701,228254.4000
3702,228254.4000
3703,228254.4000
3704,228254.4000
3705,228254.4000
3706,228254.4000
3707,228254.4000
3708,228254.4000
3709,228254.4000
3710,228254.4000
3711,228254.4000
3712,228254.4000
3713,228254.4000
3714,228254.4000
3715,228254.4000
3716,228254.4000
3717,228254.4000
3718,228254.4000
3719,228254.4000
3720,228254.4000
3721,228254.4000
3722,228254.4000
3723,228254.4000
3724,228254.4000
3725,228254.4000
3726,228254.4000
3727,228254.4000
3728,228254.4000
3729,228254.4000
3730,228254.4000
3731,228254.4000
3732,228254.4000
3733,228254.4000
3734,228254.4000
3735,228254.4000
3736,228254.4000
3737,228254.4000
3738,228254.4000
3739,228254.4000
3740,228254.4000
3741,228254.4000
3742,228254.4000
3743,228254.4000
3744,228254.4000
3745,228254.4000
3746,228254.4000
3747,228254.4000
3748,228254.4000
3749,228254.4000
3750,228254.4000
3751,228254.4000
3752,228254.4000
3753,228254.4000
3754,228254.4000
3755,228254.4000
3756,228254.4000
3757,228254.4000
3758,228254.4000
3759,228254.4000
3760,228254.4000
3761,228254.4000
3762,228254.4000
3763,228254.4000
3764,228254.4000
3765,228254.4000
3766,228254.4000
3767,228254.4000
3768,228254.4000
3769,228254.4000
3770,228254.4000
3771,228254.4000
3772,228254.4000
3773,228254.4000
3774,228254.4000
3775,228254.4000
3776,228254.4000
3777,228254.4000
3778,228254.4000
3779,228254.4000
3780,228254.4000
3781,228254.4000
3782,228254.4000
3783,228254.4000
3784,228254.4000
3785,228254.4000
3786,228254.4000
3787,228254.4000
3788,228254.4000
3789,228254.4000
3790,228254.4000
3791,228254.4000
3792,228254.4000
3793,228254.4000
3794,228254.4000
3795,228254.4000
3796,228254.4000
3797,228254.4000
3798,228254.4000
3799,228254.4000
3800,228254.4000
3801,228254.4000
3802,228254.4000
3803,228254.4000
3804,228254.4000
3805,228254.4000
3806,228254.4000
3807,228254.4000
3808,228254.4000
3809,228254.4000
3810,228254.4000
3811,228254.4000
3812,228254.4000
3813,228254.4000
3814,228254.4000
3815,228254.4000
3816,228254.4000
3817,228254.4000
3818,228254.4000
3819,228254.4000
3820,228254.4000
3821,228254.4000
3822,228254.4000
3823,228254.4000
3824,228254.4000
3825,228254.4000
3826,228254.4000
3827,228254.4000
3828,228254.4000
3829,228254.4000
3830,228254.4000
3831,228254.4000
3832,228254.4000
3833,228254.4000
3834,228254.4000
3835,228254.4000
3836,228254.4000
3837,228254.4000
3838,228254.4000
3839,228254.4000
3840,228254.4000
3841,228254.4000
3842,228254.4000
3843,228254.4000
3844,228254.4000
3845,228254.4000
3846,227009.4000
3847,227009.4000
3848,227009.4000
3849,227009.4000
3850,227009.4000
3851,227009.4000
3852,227009.4000
3853,227009.4000
3854,227009.4000
3855,227009.4000
3856,227009.4000
3857,227009.4000
3858,227009.4000
3859,227009.4000
3860,227009.4000
3861,227009.4000
3862,227009.4000
3863,227009.4000
3864,227009.4000
3865,227009.4000
3866,227009.4000
3867,227009.4000
3868,227009.4000
3869,227009.4000
3870,227009.4000
3871,227009.4000
3872,227009.4000
3873,227009.4000
3874,227009.4000
3875,227009.4000
3876,227009.4000
3877,227009.4000
3878,227009.4000
3879,227009.4000
3880,227009.4000
3881,227009.4000
3882,227009.4000
3883,227009.4000
3884,227009.4000
3885,227009.4000
3886,227009.4000
3887,227009.4000
3888,227009.4000
3889,227009.4000
3890,227009.4000
3891,227009.4000
3892,227009.4000
3893,227009.4000
3894,227009.4000
3895,227009.4000
3896,227009.4000
3897,227009.4000
3898,227009.4000
3899,227009.4000
3900,227009.4000
3901,227009.4000
3902,227009.4000
3903,227009.4000
3904,227009.4000
3905,227009.4000
3906,227009.4000
3907,227009.4000
3908,227009.4000
3909,227009.4000
3910,227009.4000
3911,227009.4000
3912,227009.4000
3913,227009.4000
3914,227009.4000
3915,227009.4000
3916,227009.4000
3917,227009.4000
3918,227009.4000
3919,227009.4000
3920,227009.4000
3921,227009.4000
3922,227009.4000
3923,227009.4000
3924,227009.4000
3925,227009.4000
3926,227009.4000
3927,227009.4000
3928,227009.4000
3929,227009.4000
3930,227009.4000
3931,227009.4000
3932,227009.4000
3933,227009.4000
3934,227009.4000
3935,227009.4000
3936,227009.4000
3937,227009.4000
3938,227009.4000
3939,227009.4000
3940,227009.4000
3941,227009.4000
3942,227009.4000
3943,227009.4000
3944,227009.4000
3945,227009.4000
3946,227009.4000
3947,227009.4000
3948,227009.4000
3949,227009.4000
3950,227009.4000
3951,227009.4000
3952,227009.4000
3953,227009.4000
3954,227009.4000
3955,227009.4000
3956,227009.4000
3957,227009.4000
3958,227009.4000
3959,227009.4000
3960,227009.4000
3961,227009.4000
3962,227009.4000
3963,227009.4000
3964,227009.4000
3965,227009.4000
3966,227009.4000
3967,227009.4000
3968,227009.4000
3969,227009.4000
3970,227009.4000
3971,227009.4000
3972,227009.4000
3973,227009.4000
3974,227009.4000
3975,227009.4000
3976,227009.4000
3977,227009.4000
3978,227009.4000
3979,227009.4000
3980,227009.4000
3981,227009.4000
3982,227009.4000
3983,227009.4000
3984,227009.4000
3985,227009.4000
3986,227009.4000
3987,227009.4000
3988,227009.4000
3989,227009.4000
3990,227009.4000
3991,227009.4000
3992,227009.4000
3993,227009.4000
3994,227009.4000
3995,227009.4000
3996,227009.4000
3997,227009.4000
3998,227009.4000
3999,227009.4000
4000,227009.4000
4001,227009.4000
4002,227009.4000
4003,227009.4000
4004,227009.4000
4005,227009.4000
4006,227009.4000
4007,227009.4000
4008,227009.4000
4009,227009.4000
4010,227009.4000
4011,227009.4000
4012,227009.4000
4013,227009.4000
4014,227009.4000
4015,227009.4000
4016,227009.4000
4017,227009.4000
4018,227009.4000
4019,227009.4000
4020,227009.4000
4021,227009.4000
4022,227009.4000
4023,227009.4000
4024,227009.4000
4025,227009.4000
4026,227009.4000
4027,227009.4000
4028,227009.4000
4029,227009.4000
4030,227009.4000
4031,227009.4000
4032,227009.4000
4033,227009.4000
4034,227009.4000
4035,227009.4000
4036,227009.4000
4037,227009.4000
4038,227009.4000
4039,227009.4000
4040,227009.4000
4041,227009.4000
4042,227009.4000
4043,227009.4000
4044,227009.4000
4045,227009.4000
4046,227009.4000
4047,227009.4000
4048,227009.4000
4049,227009.4000
4050,227009.4000
4051,227009.4000
4052,227009.4000
4053,227009.4000
4054,227009.4000
4055,227009.4000
4056,227009.4000
4057,227009.4000
4058,227009.4000
4059,227009.4000
4060,227009.4000
4061,227009.4000
4062,227009.4000
4063,227009.4000
4064,227009.4000
4065,227009.4000
4066,227009.4000
4067,227009.4000
4068,227009.4000
4069,227009.4000
4070,227009.4000
4071,227009.4000
4072,227009.4000
4073,227009.4000
4074,227009.4000
4075,227009.4000
4076,227009.4000
4077,227009.4000
4078,227009.4000
4079,227009.4000
4080,227009.4000
4081,227009.4000
4082,227009.4000
4083,227009.4000
4084,227009.4000
4085,227009.4000
4086,227009.4000
4087,227009.4000
4088,227009.4000
4089,227009.4000
4090,227009.4000
4091,227009.4000
4092,227009.4000
4093,227009.4000
4094,227009.4000
4095,227009.4000
4096,227009.4000
4097,227009.4000
4098,227009.4000
4099,227009.4000
4100,227009.4000
4101,227009.4000
4102,227009.4000
4103,227009.4000
4104,227009.4000
4105,227009.4000
4106,227009.4000
4107,227009.4000
4108,227009.4000
4109,227009.4000
4110,227009.4000
4111,227009.4000
4112,227009.4000
4113,227009.4000
4114,227009.4000
4115,227009.4000
4116,227009.4000
4117,227009.4000
4118,227009.4000
4119,227009.4000
4120,227009.4000
4121,227009.4000
4122,227009.4000
4123,227009.4000
4124,227009.4000
4125,227009.4000
4126,227009.4000
4127,227009.4000
4128,227009.4000
4129,227009.4000
4130,227009.4000
4131,227009.4000
4132,227009.4000
4133,227009.4000
4134,227009.4000
4135,227009.4000
4136,227009.4000
4137,227009.4000
4138,227009.4000
4139,227009.4000
4140,227009.4000
4141,227009.4000
4142,227009.4000
4143,227009.4000
4144,227009.4000
4145,227009.4000
4146,227009.4000
4147,227009.4000
4148,227009.4000
4149,227009.4000
4150,227009.4000
4151,227009.4000
4152,227009.4000
4153,227009.4000
4154,227009.4000
4155,227009.4000
4156,227009.4000
4157,227009.4000
4158,227009.4000
4159,227009.4000
4160,227009.4000
4161,227009.4000
4162,227009.4000
4163,227009.4000
4164,227009.4000
4165,227009.4000
4166,227009.4000
4167,227009.4000
4168,227009.4000
4169,227009.4000
4170,227009.4000
4171,227009.4000
4172,227009.4000
4173,227009.4000
4174,227009.4000
4175,227009.4000
4176,227009.4000
4177,227009.4000
4178,227009.4000
4179,227009.4000
4180,227009.4000
4181,227009.4000
4182,227009.4000
4183,227009.4000
4184,227009.4000
4185,227009.4000
4186,227009.4000
4187,227009.4000
4188,227009.4000
4189,227009.4000
4190,227009.4000
4191,227009.4000
4192,227009.4000
4193,227009.4000
4194,227009.4000
4195,227009.4000
4196,227009.4000
4197,227009.4000
4198,227009.4000
4199,227009.4000
4200,227009.4000
4201,227009.4000
4202,227009.4000
4203,227009.4000
4204,227009.4000
4205,227009.4000
4206,227009.4000
4207,227009.4000
4208,227009.4000
4209,227009.4000
4210,227009.4000
4211,227009.4000
4212,227009.4000
4213,227009.4000
4214,227009.4000
4215,227009.4000
4216,227009.4000
4217,227009.4000
4218,227009.4000
4219,227009.4000
4220,227009.4000
4221,227009.4000
4222,227009.4000
4223,227009.4000
4224,227009.4000
4225,227009.4000
4226,227009.4000
4227,227009.4000
4228,227009.4000
4229,227009.4000
4230,227009.4000
4231,227009.4000
4232,227009.4000
4233,227009.4000
4234,227009.4000
4235,227009.4000
4236,227009.4000
4237,227009.4000
4238,227009.4000
4239,227009.4000
4240,227009.4000
4241,227009.4000
4242,227009.4000
4243,227009.4000
4244,227009.4000
4245,227009.4000
4246,227009.4000
4247,227009.4000
4248,227009.4000
4249,227009.4000
4250,227009.4000
4251,227009.4000
4252,227009.4000
4253,227009.4000
4254,227009.4000
4255,227009.4000
4256,227009.4000
4257,227009.4000
4258,227009.4000
4259,227009.4000
4260,227009.4000
4261,227009.4000
4262,227009.4000
4263,227009.4000
4264,227009.4000
4265,227009.4000
4266,227009.4000
4267,227009.4000
4268,227009.4000
4269,227009.4000
4270,227009.4000
4271,227009.4000
4272,227009.4000
4273,227009.4000
4274,227009.4000
4275,227009.4000
4276,227009.4000
4277,227009.4000
4278,227009.4000
4279,227009.4000
4280,227009.4000
4281,227009.4000
4282,227009.4000
4283,227009.4000
4284,227009.4000
4285,227009.4000
4286,227009.4000
4287,227009.4000
4288,227009.4000
4289,227009.4000
4290,227009.4000
4291,227009.4000
4292,227009.4000
4293,227009.4000
4294,227009.4000
4295,227009.4000
4296,227009.4000
4297,227009.4000
4298,227009.4000
4299,227009.4000
4300,227009.4000
4301,227009.4000
4302,227009.4000
4303,227009.4000
4304,227009.4000
4305,227009.4000
4306,227009.4000
4307,227009.4000
4308,227009.4000
4309,227009.4000
4310,227009.4000
4311,227009.4000
4312,227009.4000
4313,227009.4000
4314,227009.4000
4315,227009.4000
4316,227009.4000
4317,227009.4000
4318,227009.4000
4319,227009.4000
4320,227009.4000
4321,227009.4000
4322,227009.4000
4323,227009.4000
4324,227009.4000
4325,227009.4000
4326,227009.4000
4327,227009.4000
4328,227009.4000
4329,227009.4000
4330,227009.4000
4331,227009.4000
4332,227009.4000
4333,227009.4000
4334,227009.4000
4335,227009.4000
4336,227009.4000
4337,227009.4000
4338,227009.4000
4339,227009.4000
4340,227009.4000
4341,227009.4000
4342,227009.4000
4343,227009.4000
4344,227009.4000
4345,227009.4000
4346,227009.4000
4347,227009.4000
4348,227009.4000
4349,227009.4000
4350,227009.4000
4351,227009.4000
4352,227009.4000
4353,227009.4000
4354,227009.4000
4355,227009.4000
4356,227009.4000
4357,227009.4000
4358,227009.4000
4359,227009.4000
4360,227009.4000
4361,227009.4000
4362,227009.4000
4363,227009.4000
4364,227009.4000
4365,227009.4000
4366,227009.4000
4367,227009.4000
4368,227009.4000
4369,227009.4000
4370,227009.4000
4371,227009.4000
4372,227009.4000
4373,227009.4000
4374,227009.4000
4375,227009.4000
4376,227009.4000
4377,227009.4000
4378,227009.4000
4379,227009.4000
4380,227009.4000
4381,227009.4000
4382,227009.4000
4383,227009.4000
4384,227009.4000
4385,227009.4000
4386,227009.4000
4387,227009.4000
4388,227009.4000
4389,227009.4000
4390,227009.4000
4391,227009.4000
4392,227009.4000
4393,227009.4000
4394,227009.4000
4395,227009.4000
4396,227009.4000
4397,227009.4000
4398,227009.4000
4399,227009.4000
4400,227009.4000
4401,227009.4000
4402,227009.4000
4403,227009.4000
4404,227009.4000
4405,227009.4000
4406,227009.4000
4407,227009.4000
4408,227009.4000
4409,227009.4000
4410,227009.4000
4411,227009.4000
4412,227009.4000
4413,227009.4000
4414,227009.4000
4415,227009.4000
4416,227009.4000
4417,227009.4000
4418,227009.4000
4419,227009.4000
4420,227009.4000
4421,227009.4000
4422,227009.4000
4423,227009.4000
4424,227009.4000
4425,227009.4000
4426,227009.4000
4427,227009.4000
4428,227009.4000
4429,227009.4000
4430,227009.4000
4431,227009.4000
4432,227009.4000
4433,227009.4000
4434,227009.4000
4435,227009.4000
4436,227009.4000
4437,227009.4000
4438,227009.4000
4439,227009.4000
4440,227009.4000
4441,227009.4000
4442,227009.4000
4443,227009.4000
4444,227009.4000
4445,227009.4000
4446,227009.4000
4447,227009.4000
4448,227009.4000
4449,227009.4000
4450,227009.4000
4451,227009.4000
4452,227009.4000
4453,227009.4000
4454,227009.4000
4455,227009.4000
4456,227009.4000
4457,227009.4000
4458,227009.4000
4459,227009.4000
4460,227009.4000
4461,227009.4000
4462,227009.4000
4463,227009.4000
4464,227009.4000
4465,227009.4000
4466,227009.4000
4467,227009.4000
4468,227009.4000
4469,227009.4000
4470,227009.4000
4471,227009.4000
4472,227009.4000
4473,227009.4000
4474,227009.4000
4475,227009.4000
4476,227009.4000
4477,227009.4000
4478,227009.4000
4479,227009.4000
4480,227009.4000
4481,227009.4000
4482,227009.4000
4483,227009.4000
4484,227009.4000
4485,227009.4000
4486,227009.4000
4487,227009.4000
4488,227009.4000
4489,227009.4000
4490,227009.4000
4491,227009.4000
4492,227009.4000
4493,227009.4000
4494,227009.4000
4495,227009.4000
4496,227009.4000
4497,227009.4000
4498,227009.4000
4499,227009.4000
4500,227009.4000
4501,227009.4000
4502,227009.4000
4503,227009.4000
4504,227009.4000
4505,227009.4000
4506,227009.4000
4507,227009.4000
4508,227009.4000
4509,227009.4000
4510,227009.4000
4511,227009.4000
4512,227009.4000
4513,227009.4000
4514,227009.4000
4515,227009.4000
4516,227009.4000
4517,227009.4000
4518,227009.4000
4519,227009.4000
4520,227009.4000
4521,227009.4000
4522,227009.4000
4523,227009.4000
4524,227009.4000
4525,227009.4000
4526,227009.4000
4527,227009.4000
4528,227009.4000
4529,227009.4000
4530,227009.4000
4531,227009.4000
4532,227009.4000
4533,227009.4000
4534,227009.4000
4535,227009.4000
4536,227009.4000
4537,227009.4000
4538,227009.4000
4539,227009.4000
4540,227009.4000
4541,227009.4000
4542,227009.4000
4543,227009.4000
4544,227009.4000
4545,227009.4000
4546,227009.4000
4547,227009.4000
4548,227009.4000
4549,227009.4000
4550,227009.4000
4551,227009.4000
4552,227009.4000
4553,227009.4000
4554,227009.4000
4555,227009.4000
4556,227009.4000
4557,227009.4000
4558,227009.4000
4559,227009.4000
4560,227009.4000
4561,227009.4000
4562,227009.4000
4563,227009.4000
4564,227009.4000
4565,227009.4000
4566,227009.4000
4567,227009.4000
4568,227009.4000
4569,227009.4000
4570,227009.4000
4571,227009.4000
4572,227009.4000
4573,227009.4000
4574,227009.4000
4575,227009.4000
4576,227009.4000
4577,227009.4000
4578,227009.4000
4579,227009.4000
4580,227009.4000
4581,227009.4000
4582,227009.4000
4583,227009.4000
4584,227009.4000
4585,227009.4000
4586,227009.4000
4587,227009.4000
4588,227009.4000
4589,227009.4000
4590,227009.4000
4591,227009.4000
4592,227009.4000
4593,227009.4000
4594,227009.4000
4595,227009.4000
4596,227009.4000
4597,227009.4000
4598,227009.4000
4599,227009.4000
4600,227009.4000
4601,227009.4000
4602,227009.4000
4603,227009.4000
4604,227009.4000
4605,227009.4000
4606,227009.4000
4607,227009.4000
4608,227009.4000
4609,227009.4000
4610,227009.4000
4611,227009.4000
4612,227009.4000
4613,227009.4000
4614,227009.4000
4615,227009.4000
4616,227009.4000
4617,227009.4000
4618,227009.4000
4619,227009.4000
4620,227009.4000
4621,227009.4000
4622,227009.4000
4623,227009.4000
4624,227009.4000
4625,227009.4000
4626,227009.4000
4627,227009.4000
4628,227009.4000
4629,227009.4000
4630,227009.4000
4631,227009.4000
4632,227009.4000
4633,227009.4000
4634,227009.4000
4635,227009.4000
4636,227009.4000
4637,227009.4000
4638,227009.4000
4639,227009.4000
4640,227009.4000
4641,227009.4000
4642,227009.4000
4643,227009.4000
4644,227009.4000
4645,227009.4000
4646,227009.4000
4647,227009.4000
4648,227009.4000
4649,227009.4000
4650,227009.4000
4651,227009.4000
4652,227009.4000
4653,227009.4000
4654,227009.4000
4655,227009.4000
4656,227009.4000
4657,227009.4000
4658,227009.4000
4659,227009.4000
4660,227009.4000
4661,227009.4000
4662,227009.4000
4663,227009.4000
4664,227009.4000
4665,227009.4000
4666,227009.4000
4667,227009.4000
4668,227009.4000
4669,227009.4000
4670,227009.4000
4671,227009.4000
4672,227009.4000
4673,227009.4000
4674,227009.4000
4675,227009.4000
4676,227009.4000
4677,227009.4000
4678,227009.4000
4679,227009.4000
4680,227009.4000
4681,227009.4000
4682,227009.4000
4683,227009.4000
4684,227009.4000
4685,227009.4000
4686,227009.4000
4687,227009.4000
4688,227009.4000
4689,227009.4000
4690,227009.4000
4691,227009.4000
4692,227009.4000
4693,227009.4000
4694,227009.4000
4695,227009.4000
4696,227009.4000
4697,227009.4000
4698,227009.4000
4699,227009.4000
4700,227009.4000
4701,227009.4000
4702,227009.4000
4703,227009.4000
4704,227009.4000
4705,227009.4000
4706,227009.4000
4707,227009.4000
4708,227009.4000
4709,227009.4000
4710,227009.4000
4711,227009.4000
4712,227009.4000
4713,227009.4000
4714,227009.4000
4715,227009.4000
4716,227009.4000
4717,227009.4000
4718,227009.4000
4719,227009.4000
4720,227009.4000
4721,227009.4000
4722,227009.4000
4723,227009.4000
4724,227009.4000
4725,227009.4000
4726,227009.4000
4727,227009.4000
4728,227009.4000
4729,227009.4000
4730,227009.4000
4731,227009.4000
4732,227009.4000
4733,227009.4000
4734,227009.4000
4735,227009.4000
4736,227009.4000
4737,227009.4000
4738,227009.4000
4739,227009.4000
4740,227009.4000
4741,227009.4000
4742,227009.4000
4743,227009.4000
4744,227009.4000
4745,227009.4000
4746,227009.4000
4747,227009.4000
4748,227009.4000
4749,227009.4000
4750,227009.4000
4751,227009.4000
4752,227009.4000
4753,227009.4000
4754,227009.4000
4755,227009.4000
4756,227009.4000
4757,227009.4000
4758,227009.4000
4759,227009.4000
4760,227009.4000
4761,227009.4000
4762,227009.4000
4763,227009.4000
4764,227009.4000
4765,227009.4000
4766,227009.4000
4767,227009.4000
4768,227009.4000
4769,227009.4000
4770,227009.4000
4771,227009.4000
4772,227009.4000
4773,227009.4000
4774,227009.4000
4775,227009.4000
4776,227009.4000
4777,227009.4000
4778,227009.4000
4779,227009.4000
4780,227009.4000
4781,227009.4000
4782,227009.4000
4783,227009.4000
4784,227009.4000
4785,227009.4000
4786,227009.4000
4787,227009.4000
4788,227009.4000
4789,227009.4000
4790,227009.4000
4791,227009.4000
4792,227009.4000
4793,227009.4000
4794,227009.4000
4795,227009.4000
4796,227009.4000
4797,227009.4000
4798,227009.4000
4799,227009.4000
4800,227009.4000
4801,227009.4000
4802,227009.4000
4803,227009.4000
4804,227009.4000
4805,227009.4000
4806,227009.4000
4807,227009.4000
4808,227009.4000
4809,227009.4000
4810,227009.4000
4811,227009.4000
4812,227009.4000
4813,227009.4000
4814,227009.4000
4815,227009.4000
4816,227009.4000
4817,227009.4000
4818,227009.4000
4819,227009.4000
4820,227009.4000
4821,227009.4000
4822,227009.4000
4823,227009.4000
4824,227009.4000
4825,227009.4000
4826,227009.4000
4827,227009.4000
4828,227009.4000
4829,227009.4000
4830,227009.4000
4831,227009.4000
4832,227009.4000
4833,227009.4000
4834,227009.4000
4835,227009.4000
4836,227009.4000
4837,227009.4000
4838,227009.4000
4839,227009.4000
4840,227009.4000
4841,227009.4000
4842,227009.4000
4843,227009.4000
4844,227009.4000
4845,227009.4000
4846,227009.4000
4847,227009.4000
4848,227009.4000
4849,227009.4000
4850,227009.4000
4851,227009.4000
4852,227009.4000
4853,227009.4000
4854,227009.4000
4855,227009.4000
4856,227009.4000
4857,227009.4000
4858,227009.4000
4859,227009.4000
4860,227009.4000
4861,227009.4000
4862,227009.4000
4863,227009.4000
4864,227009.4000
4865,227009.4000
4866,227009.4000
4867,227009.4000
4868,227009.4000
4869,227009.4000
4870,227009.4000
4871,227009.4000
4872,227009.4000
4873,227009.4000
4874,227009.4000
4875,227009.4000
4876,227009.4000
4877,227009.4000
4878,227009.4000
4879,227009.4000
4880,227009.4000
4881,227009.4000
4882,227009.4000
4883,227009.4000
4884,227009.4000
4885,227009.4000
4886,227009.4000
4887,227009.4000
4888,227009.4000
4889,227009.4000
4890,227009.4000
4891,227009.4000
4892,227009.4000
4893,227009.4000
4894,227009.4000
4895,227009.4000
4896,227009.4000
4897,227009.4000
4898,227009.4000
4899,227009.4000
4900,227009.4000
4901,227009.4000
4902,227009.4000
4903,227009.4000
4904,227009.4000
4905,227009.4000
4906,227009.4000
4907,227009.4000
4908,227009.4000
4909,227009.4000
4910,227009.4000
4911,227009.4000
4912,227009.4000
4913,227009.4000
4914,227009.4000
4915,227009.4000
4916,227009.4000
4917,227009.4000
4918,227009.4000
4919,227009.4000
4920,227009.4000
4921,227009.4000
4922,227009.4000
4923,227009.4000
4924,227009.4000
4925,227009.4000
4926,227009.4000
4927,227009.4000
4928,227009.4000
4929,227009.4000
4930,227009.4000
4931,227009.4000
4932,227009.4000
4933,227009.4000
4934,227009.4000
4935,227009.4000
4936,227009.4000
4937,227009.4000
4938,227009.4000
4939,227009.4000
4940,227009.4000
4941,227009.4000
4942,227009.4000
4943,227009.4000
4944,227009.4000
4945,227009.4000
4946,227009.4000
4947,227009.4000
4948,227009.4000
4949,227009.4000
4950,227009.4000
4951,227009.4000
4952,227009.4000
4953,227009.4000
4954,227009.4000
4955,227009.4000
4956,227009.4000
4957,227009.4000
4958,227009.4000
4959,227009.4000
4960,227009.4000
4961,227009.4000
4962,227009.4000
4963,227009.4000
4964,227009.4000
4965,227009.4000
4966,227009.4000
4967,227009.4000
4968,227009.4000
4969,227009.4000
4970,227009.4000
4971,227009.4000
4972,227009.4000
4973,227009.4000
4974,227009.4000
4975,227009.4000
4976,227009.4000
4977,227009.4000
4978,227009.4000
4979,227009.4000
4980,227009.4000
4981,227009.4000
4982,227009.4000
4983,227009.4000
4984,227009.4000
4985,227009.4000
4986,227009.4000
4987,227009.4000
4988,227009.4000
4989,227009.4000
4990,227009.4000
4991,227009.4000
4992,227009.4000
4993,227009.4000
4994,227009.4000
4995,227009.4000
4996,227009.4000
4997,227009.4000
4998,227009.4000
4999,227009.4000
5000,227009.4000
5001,227009.4000
5002,227009.4000
5003,227009.4000
5004,227009.4000
5005,227009.4000
5006,227009.4000
5007,227009.4000
5008,227009.4000
5009,227009.4000
5010,227009.4000
5011,227009.4000
5012,227009.4000
5013,227009.4000
5014,227009.4000
5015,227009.4000
5016,227009.4000
5017,227009.4000
5018,227009.4000
5019,227009.4000
5020,227009.4000
5021,227009.4000
5022,227009.4000
5023,227009.4000
5024,227009.4000
5025,227009.4000
5026,227009.4000
5027,227009.4000
5028,227009.4000
5029,227009.4000
5030,227009.4000
5031,227009.4000
5032,227009.4000
5033,227009.4000
5034,227009.4000
5035,227009.4000
5036,227009.4000
5037,227009.4000
5038,227009.4000
5039,227009.4000
5040,227009.4000
5041,227009.4000
5042,227009.4000
5043,227009.4000
5044,227009.4000
5045,227009.4000
5046,227009.4000
5047,227009.4000
5048,227009.4000
5049,227009.4000
5050,227009.4000
5051,227009.4000
5052,227009.4000
5053,227009.4000
5054,227009.4000
5055,227009.4000
5056,227009.4000
5057,227009.4000
5058,227009.4000
5059,227009.4000
5060,227009.4000
5061,227009.4000
5062,227009.4000
5063,227009.4000
5064,227009.4000
5065,227009.4000
5066,227009.4000
5067,227009.4000
5068,227009.4000
5069,227009.4000
5070,227009.4000
5071,227009.4000
5072,227009.4000
5073,227009.4000
5074,227009.4000
5075,227009.4000
5076,227009.4000
5077,227009.4000
5078,227009.4000
5079,227009.4000
5080,227009.4000
5081,227009.4000
5082,227009.4000
5083,227009.4000
5084,227009.4000
5085,227009.4000
5086,227009.4000
5087,227009.4000
5088,227009.4000
5089,227009.4000
5090,227009.4000
5091,227009.4000
5092,227009.4000
5093,227009.4000
5094,227009.4000
5095,227009.4000
5096,227009.4000
5097,227009.4000
5098,227009.4000
5099,227009.4000
5100,227009.4000
5101,227009.4000
5102,227009.4000
5103,227009.4000
5104,227009.4000
5105,227009.4000
5106,227009.4000
5107,227009.4000
5108,227009.4000
5109,227009.4000
5110,227009.4000
5111,227009.4000
5112,227009.4000
5113,227009.4000
5114,227009.4000
5115,227009.4000
5116,227009.4000
5117,227009.4000
5118,227009.4000
5119,227009.4000
5120,227009.4000
5121,227009.4000
5122,227009.4000
5123,227009.4000
5124,227009.4000
5125,227009.4000
5126,227009.4000
5127,227009.4000
5128,227009.4000
5129,227009.4000
5130,227009.4000
5131,227009.4000
5132,227009.4000
5133,227009.4000
5134,227009.4000
5135,227009.4000
5136,227009.4000
5137,227009.4000
5138,227009.4000
5139,227009.4000
5140,227009.4000
5141,227009.4000
5142,227009.4000
5143,227009.4000
5144,227009.4000
5145,227009.4000
5146,227009.4000
5147,227009.4000
5148,227009.4000
5149,227009.4000
5150,227009.4000
5151,227009.4000
5152,227009.4000
5153,227009.4000
5154,227009.4000
5155,227009.4000
5156,227009.4000
5157,227009.4000
5158,227009.4000
5159,227009.4000
5160,227009.4000
5161,227009.4000
5162,227009.4000
5163,227009.4000
5164,227009.4000
5165,227009.4000
5166,227009.4000
5167,227009.4000
5168,227009.4000
5169,227009.4000
5170,227009.4000
5171,227009.4000
5172,227009.4000
5173,227009.4000
5174,227009.4000
5175,227009.4000
5176,227009.4000
5177,227009.4000
5178,227009.4000
5179,227009.4000
5180,227009.4000
5181,227009.4000
5182,227009.4000
5183,227009.4000
5184,227009.4000
5185,227009.4000
5186,227009.4000
5187,227009.4000
5188,227009.4000
5189,227009.4000
5190,227009.4000
5191,227009.4000
5192,227009.4000
5193,227009.4000
5194,227009.4000
5195,227009.4000
5196,227009.4000
5197,227009.4000
5198,227009.4000
5199,227009.4000
5200,227009.4000
5201,227009.4000
5202,227009.4000
5203,227009.4000
5204,227009.4000
5205,227009.4000
5206,227009.4000
5207,227009.4000
5208,227009.4000
5209,227009.4000
5210,227009.4000
5211,227009.4000
5212,227009.4000
5213,227009.4000
5214,227009.4000
5215,227009.4000
5216,227009.4000
5217,227009.4000
5218,227009.4000
5219,227009.4000
5220,227009.4000
5221,227009.4000
5222,227009.4000
5223,227009.4000
5224,227009.4000
5225,227009.4000
5226,227009.4000
5227,227009.4000
5228,227009.4000
5229,227009.4000
5230,227009.4000
5231,227009.4000
5232,227009.4000
5233,227009.4000
5234,227009.4000
5235,227009.4000
5236,227009.4000
5237,227009.4000
5238,227009.4000
5239,227009.4000
5240,227009.4000
5241,227009.4000
5242,227009.4000
5243,227009.4000
5244,227009.4000
5245,227009.4000
5246,227009.4000
5247,227009.4000
5248,227009.4000
5249,227009.4000
5250,227009.4000
5251,227009.4000
5252,227009.4000
5253,227009.4000
5254,227009.4000
5255,227009.4000
5256,227009.4000
5257,227009.4000
5258,227009.4000
5259,227009.4000
5260,227009.4000
5261,227009.4000
5262,227009.4000
5263,227009.4000
5264,227009.4000
5265,227009.4000
5266,227009.4000
5267,227009.4000
5268,227009.4000
5269,227009.4000
5270,227009.4000
5271,227009.4000
5272,227009.4000
5273,227009.4000
5274,227009.4000
5275,227009.4000
5276,227009.4000
5277,227009.4000
5278,227009.4000
5279,227009.4000
5280,227009.4000
5281,227009.4000
5282,227009.4000
5283,227009.4000
5284,227009.4000
5285,227009.4000
5286,227009.4000
5287,227009.4000
5288,227009.4000
5289,227009.4000
5290,227009.4000
5291,227009.4000
5292,227009.4000
5293,227009.4000
5294,227009.4000
5295,227009.4000
5296,227009.4000
5297,227009.4000
5298,227009.4000
5299,227009.4000
5300,227009.4000
5301,227009.4000
5302,227009.4000
5303,227009.4000
5304,227009.4000
5305,227009.4000
5306,227009.4000
5307,227009.4000
5308,227009.4000
5309,227009.4000
5310,227009.4000
5311,227009.4000
5312,227009.4000
5313,227009.4000
5314,227009.4000
5315,227009.4000
5316,227009.4000
5317,227009.4000
5318,227009.4000
5319,227009.4000
5320,227009.4000
5321,227009.4000
5322,227009.4000
5323,227009.4000
5324,227009.4000
5325,227009.4000
5326,227009.4000
5327,227009.4000
5328,227009.4000
5329,227009.4000
5330,227009.4000
5331,227009.4000
5332,227009.4000
5333,227009.4000
5334,227009.4000
5335,227009.4000
5336,227009.4000
5337,227009.4000
5338,227009.4000
5339,227009.4000
5340,227009.4000
5341,227009.4000
5342,227009.4000
5343,227009.4000
5344,227009.4000
5345,227009.4000
5346,227009.4000
5347,227009.4000
5348,227009.4000
5349,227009.4000
5350,227009.4000
5351,227009.4000
5352,227009.4000
5353,227009.4000
5354,227009.4000
5355,227009.4000
5356,227009.4000
5357,227009.4000
5358,227009.4000
5359,227009.4000
5360,227009.4000
5361,227009.4000
5362,227009.4000
5363,227009.4000
5364,227009.4000
5365,227009.4000
5366,227009.4000
5367,227009.4000
5368,227009.4000
5369,227009.4000
5370,227009.4000
5371,227009.4000
5372,227009.4000
5373,227009.4000
5374,227009.4000
5375,227009.4000
5376,227009.4000
5377,227009.4000
5378,227009.4000
5379,227009.4000
5380,227009.4000
5381,227009.4000
5382,227009.4000
5383,227009.4000
5384,227009.4000
5385,227009.4000
5386,227009.4000
5387,227009.4000
5388,227009.4000
5389,227009.4000
5390,227009.4000
5391,227009.4000
5392,227009.4000
5393,227009.4000
5394,227009.4000
5395,227009.4000
5396,227009.4000
5397,227009.4000
5398,227009.4000
5399,227009.4000
5400,227009.4000
5401,227009.4000
5402,227009.4000
5403,227009.4000
5404,227009.4000
5405,227009.4000
5406,227009.4000
5407,227009.4000
5408,227009.4000
5409,227009.4000
5410,227009.4000
5411,227009.4000
5412,227009.4000
5413,227009.4000
5414,227009.4000
5415,227009.4000
5416,227009.4000
5417,227009.4000
5418,227009.4000
5419,227009.4000
5420,227009.4000
5421,227009.4000
5422,227009.4000
5423,227009.4000
5424,227009.4000
5425,227009.4000
5426,227009.4000
5427,227009.4000
5428,227009.4000
5429,227009.4000
5430,227009.4000
5431,227009.4000
5432,227009.4000
5433,227009.4000
5434,227009.4000
5435,227009.4000
5436,227009.4000
5437,227009.4000
5438,227009.4000
5439,227009.4000
5440,227009.4000
5441,227009.4000
5442,227009.4000
5443,227009.4000
5444,227009.4000
5445,227009.4000
5446,227009.4000
5447,227009.4000
5448,227009.4000
5449,227009.4000
5450,227009.4000
5451,227009.4000
5452,227009.4000
5453,227009.4000
5454,227009.4000
5455,227009.4000
5456,227009.4000
5457,227009.4000
5458,227009.4000
5459,227009.4000
5460,227009.4000
5461,227009.4000
5462,227009.4000
5463,227009.4000
5464,227009.4000
5465,227009.4000
5466,227009.4000
5467,227009.4000
5468,227009.4000
5469,227009.4000
5470,227009.4000
5471,227009.4000
5472,227009.4000
5473,227009.4000
5474,227009.4000
5475,227009.4000
5476,227009.4000
5477,227009.4000
5478,227009.4000
5479,227009.4000
5480,227009.4000
5481,227009.4000
5482,227009.4000
5483,227009.4000
5484,227009.4000
5485,227009.4000
5486,227009.4000
5487,227009.4000
5488,227009.4000
5489,227009.4000
5490,227009.4000
5491,227009.4000
5492,227009.4000
5493,227009.4000
5494,227009.4000
5495,227009.4000
5496,227009.4000
5497,227009.4000
5498,227009.4000
5499,227009.4000
5500,227009.4000
5501,227009.4000
5502,227009.4000
5503,227009.4000
5504,227009.4000
5505,227009.4000
5506,227009.4000
5507,227009.4000
5508,227009.4000
5509,227009.4000
5510,227009.4000
5511,227009.4000
5512,227009.4000
5513,227009.4000
5514,227009.4000
5515,227009.4000
5516,227009.4000
5517,227009.4000
5518,227009.4000
5519,227009.4000
5520,227009.4000
5521,227009.4000
5522,227009.4000
5523,227009.4000
5524,227009.4000
5525,227009.4000
5526,227009.4000
5527,227009.4000
5528,227009.4000
5529,227009.4000
5530,227009.4000
5531,227009.4000
5532,227009.4000
5533,227009.4000
5534,227009.4000
5535,227009.4000
5536,227009.4000
5537,227009.4000
5538,227009.4000
5539,227009.4000
5540,227009.4000
5541,227009.4000
5542,227009.4000
5543,227009.4000
5544,227009.4000
5545,227009.4000
5546,227009.4000
5547,227009.4000
5548,227009.4000
5549,227009.4000
5550,227009.4000
5551,227009.4000
5552,227009.4000
5553,227009.4000
5554,227009.4000
5555,227009.4000
5556,227009.4000
5557,227009.4000
5558,227009.4000
5559,227009.4000
5560,227009.4000
5561,227009.4000
5562,227009.4000
5563,227009.4000
5564,227009.4000
5565,227009.4000
5566,227009.4000
5567,227009.4000
5568,227009.4000
5569,227009.4000
5570,227009.4000
5571,227009.4000
5572,227009.4000
5573,227009.4000
5574,227009.4000
5575,227009.4000
5576,227009.4000
5577,227009.4000
5578,227009.4000
5579,227009.4000
5580,227009.4000
5581,227009.4000
5582,227009.4000
5583,227009.4000
5584,227009.4000
5585,227009.4000
5586,227009.4000
5587,227009.4000
5588,227009.4000
5589,227009.4000
5590,227009.4000
5591,227009.4000
5592,227009.4000
5593,227009.4000
5594,227009.4000
5595,227009.4000
5596,227009.4000
5597,227009.4000
5598,227009.4000
5599,227009.4000
5600,227009.4000
5601,227009.4000
5602,227009.4000
5603,227009.4000
5604,227009.4000
5605,227009.4000
5606,227009.4000
5607,227009.4000
5608,227009.4000
5609,227009.4000
5610,227009.4000
5611,227009.4000
5612,227009.4000
5613,227009.4000
5614,227009.4000
5615,227009.4000
5616,227009.4000
5617,227009.4000
5618,227009.4000
5619,227009.4000
5620,227009.4000
5621,227009.4000
5622,227009.4000
5623,227009.4000
5624,227009.4000
5625,227009.4000
5626,227009.4000
5627,227009.4000
5628,227009.4000
5629,227009.4000
5630,227009.4000
5631,227009.4000
5632,227009.4000
5633,227009.4000
5634,227009.4000
5635,227009.4000
5636,227009.4000
5637,227009.4000
5638,227009.4000
5639,227009.4000
5640,227009.4000
5641,227009.4000
5642,227009.4000
5643,227009.4000
5644,227009.4000
5645,227009.4000
5646,227009.4000
5647,227009.4000
5648,227009.4000
5649,227009.4000
5650,227009.4000
5651,227009.4000
5652,227009.4000
5653,227009.4000
5654,227009.4000
5655,227009.4000
5656,227009.4000
5657,227009.4000
5658,227009.4000
5659,227009.4000
5660,227009.4000
5661,227009.4000
5662,227009.4000
5663,227009.4000
5664,227009.4000
5665,227009.4000
5666,227009.4000
5667,227009.4000
5668,227009.4000
5669,227009.4000
5670,227009.4000
5671,227009.4000
5672,227009.4000
5673,227009.4000
5674,227009.4000
5675,227009.4000
5676,227009.4000
5677,227009.4000
5678,227009.4000
5679,227009.4000
5680,227009.4000
5681,227009.4000
5682,227009.4000
5683,227009.4000
5684,227009.4000
5685,227009.4000
5686,227009.4000
5687,227009.4000
5688,227009.4000
5689,227009.4000
5690,227009.4000
5691,227009.4000
5692,227009.4000
5693,227009.4000
5694,227009.4000
5695,227009.4000
5696,227009.4000
5697,227009.4000
5698,227009.4000
5699,227009.4000
5700,227009.4000
5701,227009.4000
5702,227009.4000
5703,227009.4000
5704,227009.4000
5705,227009.4000
5706,227009.4000
5707,227009.4000
5708,227009.4000
5709,227009.4000
5710,227009.4000
5711,227009.4000
5712,227009.4000
5713,227009.4000
5714,227009.4000
5715,227009.4000
5716,227009.4000
5717,227009.4000
5718,227009.4000
5719,227009.4000
5720,227009.4000
5721,227009.4000
5722,227009.4000
5723,227009.4000
5724,227009.4000
5725,227009.4000
5726,227009.4000
5727,227009.4000
5728,227009.4000
5729,227009.4000
5730,227009.4000
5731,227009.4000
5732,227009.4000
5733,227009.4000
5734,227009.4000
5735,227009.4000
5736,227009.4000
5737,227009.4000
5738,227009.4000
5739,227009.4000
5740,227009.4000
5741,227009.4000
5742,227009.4000
5743,227009.4000
5744,227009.4000
5745,227009.4000
5746,227009.4000
5747,227009.4000
5748,227009.4000
5749,227009.4000
5750,227009.4000
5751,227009.4000
5752,227009.4000
5753,227009.4000
5754,227009.4000
5755,227009.4000
5756,227009.4000
5757,227009.4000
5758,227009.4000
5759,227009.4000
5760,227009.4000
5761,227009.4000
5762,227009.4000
5763,227009.4000
5764,227009.4000
5765,227009.4000
5766,227009.4000
5767,227009.4000
5768,227009.4000
5769,227009.4000
5770,227009.4000
5771,227009.4000
5772,227009.4000
5773,227009.4000
5774,227009.4000
5775,227009.4000
5776,227009.4000
5777,227009.4000
5778,227009.4000
5779,227009.4000
5780,227009.4000
5781,227009.4000
5782,227009.4000
5783,227009.4000
5784,227009.4000
5785,227009.4000
5786,227009.4000
5787,227009.4000
5788,227009.4000
5789,227009.4000
5790,227009.4000
5791,227009.4000
5792,227009.4000
5793,227009.4000
5794,227009.4000
5795,227009.4000
5796,227009.4000
5797,227009.4000
5798,227009.4000
5799,227009.4000
5800,227009.4000
5801,227009.4000
5802,227009.4000
5803,227009.4000
5804,227009.4000
5805,227009.4000
5806,227009.4000
5807,227009.4000
5808,227009.4000
5809,227009.4000
5810,227009.4000
5811,227009.4000
5812,227009.4000
5813,227009.4000
5814,227009.4000
5815,227009.4000
5816,227009.4000
5817,227009.4000
5818,227009.4000
5819,227009.4000
5820,227009.4000
5821,227009.4000
5822,227009.4000
5823,227009.4000
5824,227009.4000
5825,227009.4000
5826,227009.4000
5827,227009.4000
5828,227009.4000
5829,227009.4000
5830,227009.4000
5831,227009.4000
5832,227009.4000
5833,227009.4000
5834,227009.4000
5835,227009.4000
5836,227009.4000
5837,227009.4000
5838,227009.4000
5839,227009.4000
5840,227009.4000
5841,227009.4000
5842,227009.4000
5843,227009.4000
5844,227009.4000
5845,227009.4000
5846,227009.4000
5847,227009.4000
5848,227009.4000
5849,227009.4000
5850,227009.4000
5851,227009.4000
5852,227009.4000
5853,227009.4000
5854,227009.4000
5855,227009.4000
5856,227009.4000
5857,227009.4000
5858,227009.4000
5859,227009.4000
5860,227009.4000
5861,227009.4000
5862,227009.4000
5863,227009.4000
5864,227009.4000
5865,227009.4000
5866,227009.4000
5867,227009.4000
5868,227009.4000
5869,227009.4000
5870,227009.4000
5871,227009.4000
5872,227009.4000
5873,227009.4000
5874,227009.4000
5875,227009.4000
5876,227009.4000
5877,227009.4000
5878,227009.4000
5879,227009.4000
5880,227009.4000
5881,227009.4000
5882,227009.4000
5883,227009.4000
5884,227009.4000
5885,227009.4000
5886,227009.4000
5887,227009.4000
5888,227009.4000
5889,227009.4000
5890,227009.4000
5891,227009.4000
5892,227009.4000
5893,227009.4000
5894,227009.4000
5895,227009.4000
5896,227009.4000
5897,227009.4000
5898,227009.4000
5899,227009.4000
5900,227009.4000
5901,227009.4000
5902,227009.4000
5903,227009.4000
5904,227009.4000
5905,227009.4000
5906,227009.4000
5907,227009.4000
5908,227009.4000
5909,227009.4000
5910,227009.4000
5911,227009.4000
5912,227009.4000
5913,227009.4000
5914,227009.4000
5915,227009.4000
5916,227009.4000
5917,227009.4000
5918,227009.4000
5919,227009.4000
5920,227009.4000
5921,227009.4000
5922,227009.4000
5923,227009.4000
5924,227009.4000
5925,227009.4000
5926,227009.4000
5927,227009.4000
5928,227009.4000
5929,227009.4000
5930,227009.4000
5931,227009.4000
5932,227009.4000
5933,227009.4000
5934,227009.4000
5935,227009.4000
5936,227009.4000
5937,227009.4000
5938,227009.4000
5939,227009.4000
5940,227009.4000
5941,227009.4000
5942,227009.4000
5943,227009.4000
5944,227009.4000
5945,227009.4000
5946,227009.4000
5947,227009.4000
5948,227009.4000
5949,227009.4000
5950,227009.4000
5951,227009.4000
5952,227009.4000
5953,227009.4000
5954,227009.4000
5955,227009.4000
5956,227009.4000
5957,227009.4000
5958,227009.4000
5959,227009.4000
5960,227009.4000
5961,227009.4000
5962,227009.4000
5963,227009.4000
5964,227009.4000
5965,227009.4000
5966,227009.4000
5967,227009.4000
5968,227009.4000
5969,227009.4000
5970,227009.4000
5971,227009.4000
5972,227009.4000
5973,227009.4000
5974,227009.4000
5975,227009.4000
5976,227009.4000
5977,227009.4000
5978,227009.4000
5979,227009.4000
5980,227009.4000
5981,227009.4000
5982,227009.4000
5983,227009.4000
5984,227009.4000
5985,227009.4000
5986,227009.4000
5987,227009.4000
5988,227009.4000
5989,227009.4000
5990,227009.4000
5991,227009.4000
5992,227009.4000
5993,227009.4000
5994,227009.4000
5995,227009.4000
5996,227009.4000
5997,227009.4000
5998,227009.4000
5999,227009.4000
6000,227009.4000
6001,227009.4000
6002,227009.4000
6003,227009.4000
6004,227009.4000
6005,227009.4000
6006,227009.4000
6007,227009.4000
6008,227009.4000
6009,227009.4000
6010,227009.4000
6011,227009.4000
6012,227009.4000
6013,227009.4000
6014,227009.4000
6015,227009.4000
6016,227009.4000
6017,227009.4000
6018,227009.4000
6019,227009.4000
6020,227009.4000
6021,227009.4000
6022,227009.4000
6023,227009.4000
6024,227009.4000
6025,227009.4000
6026,227009.4000
6027,227009.4000
6028,227009.4000
6029,227009.4000
6030,227009.4000
6031,227009.4000
6032,227009.4000
6033,227009.4000
6034,227009.4000
6035,227009.4000
6036,227009.4000
6037,227009.4000
6038,227009.4000
6039,227009.4000
6040,227009.4000
6041,227009.4000
6042,227009.4000
6043,227009.4000
6044,227009.4000
6045,227009.4000
6046,227009.4000
6047,227009.4000
6048,227009.4000
6049,227009.4000
6050,227009.4000
6051,227009.4000
6052,227009.4000
6053,227009.4000
6054,227009.4000
6055,227009.4000
6056,227009.4000
6057,227009.4000
6058,227009.4000
6059,227009.4000
6060,227009.4000
6061,227009.4000
6062,227009.4000
6063,227009.4000
6064,227009.4000
6065,227009.4000
6066,227009.4000
6067,227009.4000
6068,227009.4000
6069,227009.4000
6070,227009.4000
6071,227009.4000
6072,227009.4000
6073,227009.4000
6074,227009.4000
6075,227009.4000
6076,227009.4000
6077,227009.4000
6078,227009.4000
6079,227009.4000
6080,227009.4000
6081,227009.4000
6082,227009.4000
6083,227009.4000
6084,227009.4000
6085,227009.4000
6086,227009.4000
6087,227009.4000
6088,227009.4000
6089,227009.4000
6090,227009.4000
6091,227009.4000
6092,227009.4000
6093,227009.4000
6094,227009.4000
6095,227009.4000
6096,227009.4000
6097,227009.4000
6098,227009.4000
6099,227009.4000
6100,227009.4000
6101,227009.4000
6102,227009.4000
6103,227009.4000
6104,227009.4000
6105,227009.4000
6106,227009.4000
6107,227009.4000
6108,227009.4000
6109,227009.4000
6110,227009.4000
6111,227009.4000
6112,227009.4000
6113,227009.4000
6114,227009.4000
6115,227009.4000
6116,227009.4000
6117,227009.4000
6118,227009.4000
6119,227009.4000
6120,227009.4000
6121,227009.4000
6122,227009.4000
6123,227009.4000
6124,227009.4000
6125,227009.4000
6126,227009.4000
6127,227009.4000
6128,227009.4000
6129,227009.4000
6130,227009.4000
6131,227009.4000
6132,227009.4000
6133,227009.4000
6134,227009.4000
6135,227009.4000
6136,227009.4000
6137,227009.4000
6138,227009.4000
6139,227009.4000
6140,227009.4000
6141,227009.4000
6142,227009.4000
6143,227009.4000
6144,227009.4000
6145,227009.4000
6146,227009.4000
6147,227009.4000
6148,227009.4000
6149,227009.4000
6150,227009.4000
6151,227009.4000
6152,227009.4000
6153,227009.4000
6154,227009.4000
6155,227009.4000
6156,227009.4000
6157,227009.4000
6158,227009.4000
6159,227009.4000
6160,227009.4000
6161,227009.4000
6162,227009.4000
6163,227009.4000
6164,227009.4000
6165,227009.4000
6166,227009.4000
6167,227009.4000
6168,227009.4000
6169,227009.4000
6170,227009.4000
6171,227009.4000
6172,227009.4000
6173,227009.4000
6174,227009.4000
6175,227009.4000
6176,227009.4000
6177,227009.4000
6178,227009.4000
6179,227009.4000
6180,227009.4000
6181,227009.4000
6182,227009.4000
6183,227009.4000
6184,227009.4000
6185,227009.4000
6186,227009.4000
6187,227009.4000
6188,227009.4000
6189,227009.4000
6190,227009.4000
6191,227009.4000
6192,227009.4000
6193,227009.4000
6194,227009.4000
6195,227009.4000
6196,227009.4000
6197,227009.4000
6198,227009.4000
6199,227009.4000
6200,227009.4000
6201,227009.4000
6202,227009.4000
6203,227009.4000
6204,227009.4000
6205,227009.4000
6206,227009.4000
6207,227009.4000
6208,227009.4000
6209,227009.4000
6210,227009.4000
6211,227009.4000
6212,227009.4000
6213,227009.4000
6214,227009.4000
6215,227009.4000
6216,227009.4000
6217,227009.4000
6218,227009.4000
6219,227009.4000
6220,227009.4000
6221,227009.4000
6222,227009.4000
6223,227009.4000
6224,227009.4000
6225,227009.4000
6226,227009.4000
6227,227009.4000
6228,227009.4000
6229,227009.4000
6230,227009.4000
6231,227009.4000
6232,227009.4000
6233,227009.4000
6234,227009.4000
6235,227009.4000
6236,227009.4000
6237,227009.4000
6238,227009.4000
6239,227009.4000
6240,227009.4000
6241,227009.4000
6242,227009.4000
6243,227009.4000
6244,227009.4000
6245,227009.4000
6246,227009.4000
6247,227009.4000
6248,227009.4000
6249,227009.4000
6250,227009.4000
6251,227009.4000
6252,227009.4000
6253,227009.4000
6254,227009.4000
6255,227009.4000
6256,227009.4000
6257,227009.4000
6258,227009.4000
6259,227009.4000
6260,227009.4000
6261,227009.4000
6262,227009.4000
6263,227009.4000
6264,227009.4000
6265,227009.4000
6266,227009.4000
6267,227009.4000
6268,227009.4000
6269,227009.4000
6270,227009.4000
6271,227009.4000
6272,227009.4000
6273,227009.4000
6274,227009.4000
6275,227009.4000
6276,227009.4000
6277,227009.4000
6278,227009.4000
6279,227009.4000
6280,227009.4000
6281,227009.4000
6282,227009.4000
6283,227009.4000
6284,227009.4000
6285,227009.4000
6286,227009.4000
6287,227009.4000
6288,227009.4000
6289,227009.4000
6290,227009.4000
6291,227009.4000
6292,227009.4000
6293,227009.4000
6294,227009.4000
6295,227009.4000
6296,227009.4000
6297,227009.4000
6298,227009.4000
6299,227009.4000
6300,227009.4000
6301,227009.4000
6302,227009.4000
6303,227009.4000
6304,227009.4000
6305,227009.4000
6306,227009.4000
6307,227009.4000
6308,227009.4000
6309,227009.4000
6310,227009.4000
6311,227009.4000
6312,227009.4000
6313,227009.4000
6314,227009.4000
6315,227009.4000
6316,227009.4000
6317,227009.4000
6318,227009.4000
6319,227009.4000
6320,227009.4000
6321,227009.4000
6322,227009.4000
6323,227009.4000
6324,227009.4000
6325,227009.4000
6326,227009.4000
6327,227009.4000
6328,227009.4000
6329,227009.4000
6330,227009.4000
6331,227009.4000
6332,227009.4000
6333,227009.4000
6334,227009.4000
6335,227009.4000
6336,227009.4000
6337,227009.4000
6338,227009.4000
6339,227009.4000
6340,227009.4000
6341,227009.4000
6342,227009.4000
6343,227009.4000
6344,227009.4000
6345,227009.4000
6346,227009.4000
6347,227009.4000
6348,227009.4000
6349,227009.4000
6350,227009.4000
6351,227009.4000
6352,227009.4000
6353,227009.4000
6354,227009.4000
6355,227009.4000
6356,227009.4000
6357,227009.4000
6358,227009.4000
6359,227009.4000
6360,227009.4000
6361,227009.4000
6362,227009.4000
6363,227009.4000
6364,227009.4000
6365,227009.4000
6366,227009.4000
6367,227009.4000
6368,227009.4000
6369,227009.4000
6370,227009.4000
6371,227009.4000
6372,227009.4000
6373,227009.4000
6374,227009.4000
6375,227009.4000
6376,227009.4000
6377,227009.4000
6378,227009.4000
6379,227009.4000
6380,227009.4000
6381,227009.4000
6382,227009.4000
6383,227009.4000
6384,227009.4000
6385,227009.4000
6386,227009.4000
6387,227009.4000
6388,227009.4000
6389,227009.4000
6390,227009.4000
6391,227009.4000
6392,227009.4000
6393,227009.4000
6394,227009.4000
6395,227009.4000
6396,227009.4000
6397,227009.4000
6398,227009.4000
6399,227009.4000
6400,227009.4000
6401,227009.4000
6402,227009.4000
6403,227009.4000
6404,227009.4000
6405,227009.4000
6406,227009.4000
6407,227009.4000
6408,227009.4000
6409,227009.4000
6410,227009.4000
6411,227009.4000
6412,227009.4000
6413,227009.4000
6414,227009.4000
6415,227009.4000
6416,227009.4000
6417,227009.4000
6418,227009.4000
6419,227009.4000
6420,227009.4000
6421,227009.4000
6422,227009.4000
6423,227009.4000
6424,227009.4000
6425,227009.4000
6426,227009.4000
6427,227009.4000
6428,227009.4000
6429,227009.4000
6430,227009.4000
6431,227009.4000
6432,227009.4000
6433,227009.4000
6434,227009.4000
6435,227009.4000
6436,227009.4000
6437,227009.4000
6438,227009.4000
6439,227009.4000
6440,227009.4000
6441,227009.4000
6442,227009.4000
6443,227009.4000
6444,227009.4000
6445,227009.4000
6446,227009.4000
6447,227009.4000
6448,227009.4000
6449,227009.4000
6450,227009.4000
6451,227009.4000
6452,227009.4000
6453,227009.4000
6454,227009.4000
6455,227009.4000
6456,227009.4000
6457,227009.4000
6458,227009.4000
6459,227009.4000
6460,227009.4000
6461,227009.4000
6462,227009.4000
6463,227009.4000
6464,227009.4000
6465,227009.4000
6466,227009.4000
6467,227009.4000
6468,227009.4000
6469,227009.4000
6470,227009.4000
6471,227009.4000
6472,227009.4000
6473,227009.4000
6474,227009.4000
6475,227009.4000
6476,227009.4000
6477,227009.4000
6478,227009.4000
6479,227009.4000
6480,227009.4000
6481,227009.4000
6482,227009.4000
6483,227009.4000
6484,227009.4000
6485,227009.4000
6486,227009.4000
6487,227009.4000
6488,227009.4000
6489,227009.4000
6490,227009.4000
6491,227009.4000
6492,227009.4000
6493,227009.4000
6494,227009.4000
6495,227009.4000
6496,227009.4000
6497,227009.4000
6498,227009.4000
6499,227009.4000
6500,227009.4000
6501,227009.4000
6502,227009.4000
6503,227009.4000
6504,227009.4000
6505,227009.4000
6506,227009.4000
6507,227009.4000
6508,227009.4000
6509,227009.4000
6510,227009.4000
6511,227009.4000
6512,227009.4000
6513,227009.4000
6514,227009.4000
6515,227009.4000
6516,227009.4000
6517,227009.4000
6518,227009.4000
6519,227009.4000
6520,227009.4000
6521,227009.4000
6522,227009.4000
6523,227009.4000
6524,227009.4000
6525,227009.4000
6526,227009.4000
6527,227009.4000
6528,227009.4000
6529,227009.4000
6530,227009.4000
6531,227009.4000
6532,227009.4000
6533,227009.4000
6534,227009.4000
6535,227009.4000
6536,227009.4000
6537,227009.4000
6538,227009.4000
6539,227009.4000
6540,227009.4000
6541,227009.4000
6542,227009.4000
6543,227009.4000
6544,227009.4000
6545,227009.4000
6546,227009.4000
6547,227009.4000
6548,227009.4000
6549,227009.4000
6550,227009.4000
6551,227009.4000
6552,227009.4000
6553,227009.4000
6554,227009.4000
6555,227009.4000
6556,227009.4000
6557,227009.4000
6558,227009.4000
6559,227009.4000
6560,227009.4000
6561,227009.4000
6562,227009.4000
6563,227009.4000
6564,227009.4000
6565,227009.4000
6566,227009.4000
6567,227009.4000
6568,227009.4000
6569,227009.4000
6570,227009.4000
6571,227009.4000
6572,227009.4000
6573,227009.4000
6574,227009.4000
6575,227009.4000
6576,227009.4000
6577,227009.4000
6578,227009.4000
6579,227009.4000
6580,227009.4000
6581,227009.4000
6582,227009.4000
6583,227009.4000
6584,227009.4000
6585,227009.4000
6586,227009.4000
6587,227009.4000
6588,227009.4000
6589,227009.4000
6590,227009.4000
6591,227009.4000
6592,227009.4000
6593,227009.4000
6594,227009.4000
6595,227009.4000
6596,227009.4000
6597,227009.4000
6598,227009.4000
6599,227009.4000
6600,227009.4000
6601,227009.4000
6602,227009.4000
6603,227009.4000
6604,227009.4000
6605,227009.4000
6606,227009.4000
6607,227009.4000
6608,227009.4000
6609,227009.4000
6610,227009.4000
6611,227009.4000
6612,227009.4000
6613,227009.4000
6614,227009.4000
6615,227009.4000
6616,227009.4000
6617,227009.4000
6618,227009.4000
6619,227009.4000
6620,227009.4000
6621,227009.4000
6622,227009.4000
6623,227009.4000
6624,227009.4000
6625,227009.4000
6626,227009.4000
6627,227009.4000
6628,227009.4000
6629,227009.4000
6630,227009.4000
6631,227009.4000
6632,227009.4000
6633,227009.4000
6634,227009.4000
6635,227009.4000
6636,227009.4000
6637,227009.4000
6638,227009.4000
6639,227009.4000
6640,227009.4000
6641,227009.4000
6642,227009.4000
6643,227009.4000
6644,227009.4000
6645,227009.4000
6646,227009.4000
6647,227009.4000
6648,227009.4000
6649,227009.4000
6650,227009.4000
6651,227009.4000
6652,227009.4000
6653,227009.4000
6654,227009.4000
6655,227009.4000
6656,227009.4000
6657,227009.4000
6658,227009.4000
6659,227009.4000
6660,227009.4000
6661,227009.4000
6662,227009.4000
6663,227009.4000
6664,227009.4000
6665,227009.4000
6666,227009.4000
6667,227009.4000
6668,227009.4000
6669,227009.4000
6670,227009.4000
6671,227009.4000
6672,227009.4000
6673,227009.4000
6674,227009.4000
6675,227009.4000
6676,227009.4000
6677,227009.4000
6678,227009.4000
6679,227009.4000
6680,227009.4000
6681,227009.4000
6682,227009.4000
6683,227009.4000
6684,227009.4000
6685,227009.4000
6686,227009.4000
6687,227009.4000
6688,227009.4000
6689,227009.4000
6690,227009.4000
6691,227009.4000
6692,227009.4000
6693,227009.4000
6694,227009.4000
6695,227009.4000
6696,227009.4000
6697,227009.4000
6698,227009.4000
6699,227009.4000
6700,227009.4000
6701,227009.4000
6702,227009.4000
6703,227009.4000
6704,227009.4000
6705,227009.4000
6706,227009.4000
6707,227009.4000
6708,227009.4000
6709,227009.4000
6710,227009.4000
6711,227009.4000
6712,227009.4000
6713,227009.4000
6714,227009.4000
6715,227009.4000
6716,227009.4000
6717,227009.4000
6718,227009.4000
6719,227009.4000
6720,227009.4000
6721,227009.4000
6722,227009.4000
6723,227009.4000
6724,227009.4000
6725,227009.4000
6726,227009.4000
6727,227009.4000
6728,227009.4000
6729,227009.4000
6730,227009.4000
6731,227009.4000
6732,227009.4000
6733,227009.4000
6734,227009.4000
6735,227009.4000
6736,227009.4000
6737,227009.4000
6738,227009.4000
6739,227009.4000
6740,227009.4000
6741,227009.4000
6742,227009.4000
6743,227009.4000
6744,227009.4000
6745,227009.4000
6746,227009.4000
6747,227009.4000
6748,227009.4000
6749,227009.4000
6750,227009.4000
6751,227009.4000
6752,227009.4000
6753,227009.4000
6754,227009.4000
6755,227009.4000
6756,227009.4000
6757,227009.4000
6758,227009.4000
6759,227009.4000
6760,227009.4000
6761,227009.4000
6762,227009.4000
6763,227009.4000
6764,227009.4000
6765,227009.4000
6766,227009.4000
6767,227009.4000
6768,227009.4000
6769,227009.4000
6770,227009.4000
6771,227009.4000
6772,227009.4000
6773,227009.4000
6774,227009.4000
6775,227009.4000
6776,227009.4000
6777,227009.4000
6778,227009.4000
6779,227009.4000
6780,227009.4000
6781,227009.4000
6782,227009.4000
6783,227009.4000
6784,227009.4000
6785,227009.4000
6786,227009.4000
6787,227009.4000
6788,227009.4000
6789,227009.4000
6790,227009.4000
6791,227009.4000
6792,227009.4000
6793,227009.4000
6794,227009.4000
6795,227009.4000
6796,227009.4000
6797,227009.4000
6798,227009.4000
6799,227009.4000
6800,227009.4000
6801,227009.4000
6802,227009.4000
6803,227009.4000
6804,227009.4000
6805,227009.4000
6806,227009.4000
6807,227009.4000
6808,227009.4000
6809,227009.4000
6810,227009.4000
6811,227009.4000
6812,227009.4000
6813,227009.4000
6814,227009.4000
6815,227009.4000
6816,227009.4000
6817,227009.4000
6818,227009.4000
6819,227009.4000
6820,227009.4000
6821,227009.4000
6822,227009.4000
6823,227009.4000
6824,227009.4000
6825,227009.4000
6826,227009.4000
6827,227009.4000
6828,227009.4000
6829,227009.4000
6830,227009.4000
6831,227009.4000
6832,227009.4000
6833,227009.4000
6834,227009.4000
6835,227009.4000
6836,227009.4000
6837,227009.4000
6838,227009.4000
6839,227009.4000
6840,227009.4000
6841,227009.4000
6842,227009.4000
6843,227009.4000
6844,227009.4000
6845,227009.4000
6846,227009.4000
6847,227009.4000
6848,227009.4000
6849,227009.4000
6850,227009.4000
6851,227009.4000
6852,227009.4000
6853,227009.4000
6854,227009.4000
6855,227009.4000
6856,227009.4000
6857,227009.4000
6858,227009.4000
6859,227009.4000
6860,227009.4000
6861,227009.4000
6862,227009.4000
6863,227009.4000
6864,227009.4000
6865,227009.4000
6866,227009.4000
6867,227009.4000
6868,227009.4000
6869,227009.4000
6870,227009.4000
6871,227009.4000
6872,227009.4000
6873,227009.4000
6874,227009.4000
6875,227009.4000
6876,227009.4000
6877,227009.4000
6878,227009.4000
6879,227009.4000
6880,227009.4000
6881,227009.4000
6882,227009.4000
6883,227009.4000
6884,227009.4000
6885,227009.4000
6886,227009.4000
6887,227009.4000
6888,227009.4000
6889,227009.4000
6890,227009.4000
6891,227009.4000
6892,227009.4000
6893,227009.4000
6894,227009.4000
6895,227009.4000
6896,227009.4000
6897,227009.4000
6898,227009.4000
6899,227009.4000
6900,227009.4000
6901,227009.4000
6902,227009.4000
6903,227009.4000
6904,227009.4000
6905,227009.4000
6906,227009.4000
6907,227009.4000
6908,227009.4000
6909,227009.4000
6910,227009.4000
6911,227009.4000
6912,227009.4000
6913,227009.4000
6914,227009.4000
6915,227009.4000
6916,227009.4000
6917,227009.4000
6918,227009.4000
6919,227009.4000
6920,227009.4000
6921,227009.4000
6922,227009.4000
6923,227009.4000
6924,227009.4000
6925,227009.4000
6926,227009.4000
6927,227009.4000
6928,227009.4000
6929,227009.4000
6930,227009.4000
6931,227009.4000
6932,227009.4000
6933,227009.4000
6934,227009.4000
6935,227009.4000
6936,227009.4000
6937,227009.4000
6938,227009.4000
6939,227009.4000
6940,227009.4000
6941,227009.4000
6942,227009.4000
6943,227009.4000
6944,227009.4000
6945,227009.4000
6946,227009.4000
6947,227009.4000
6948,227009.4000
6949,227009.4000
6950,227009.4000
6951,227009.4000
6952,227009.4000
6953,227009.4000
6954,227009.4000
6955,227009.4000
6956,227009.4000
6957,227009.4000
6958,227009.4000
6959,227009.4000
6960,227009.4000
6961,227009.4000
6962,227009.4000
6963,227009.4000
6964,227009.4000
6965,227009.4000
6966,227009.4000
6967,227009.4000
6968,227009.4000
6969,227009.4000
6970,227009.4000
6971,227009.4000
6972,227009.4000
6973,227009.4000
6974,227009.4000
6975,227009.4000
6976,227009.4000
6977,227009.4000
6978,227009.4000
6979,227009.4000
6980,227009.4000
6981,227009.4000
6982,227009.4000
6983,227009.4000
6984,227009.4000
6985,227009.4000
6986,227009.4000
6987,227009.4000
6988,227009.4000
6989,227009.4000
6990,227009.4000
6991,227009.4000
6992,227009.4000
6993,227009.4000
6994,227009.4000
6995,227009.4000
6996,227009.4000
6997,227009.4000
6998,227009.4000
6999,227009.4000
7000,227009.4000
7001,227009.4000
7002,227009.4000
7003,227009.4000
7004,227009.4000
7005,227009.4000
7006,227009.4000
7007,227009.4000
7008,227009.4000
7009,227009.4000
7010,227009.4000
7011,227009.4000
7012,227009.4000
7013,227009.4000
7014,227009.4000
7015,227009.4000
7016,227009.4000
7017,227009.4000
7018,227009.4000
7019,227009.4000
7020,227009.4000
7021,227009.4000
7022,227009.4000
7023,227009.4000
7024,227009.4000
7025,227009.4000
7026,227009.4000
7027,227009.4000
7028,227009.4000
7029,227009.4000
7030,227009.4000
7031,227009.4000
7032,227009.4000
7033,227009.4000
7034,227009.4000
7035,227009.4000
7036,227009.4000
7037,227009.4000
7038,227009.4000
7039,227009.4000
7040,227009.4000
7041,227009.4000
7042,227009.4000
7043,227009.4000
7044,227009.4000
7045,227009.4000
7046,227009.4000
7047,227009.4000
7048,227009.4000
7049,227009.4000
7050,227009.4000
7051,227009.4000
7052,227009.4000
7053,227009.4000
7054,227009.4000
7055,227009.4000
7056,227009.4000
7057,227009.4000
7058,227009.4000
7059,227009.4000
7060,227009.4000
7061,227009.4000
7062,227009.4000
7063,227009.4000
7064,227009.4000
7065,227009.4000
7066,227009.4000
7067,227009.4000
7068,227009.4000
7069,227009.4000
7070,227009.4000
7071,227009.4000
7072,227009.4000
7073,227009.4000
7074,227009.4000
7075,227009.4000
7076,227009.4000
7077,227009.4000
7078,227009.4000
7079,227009.4000
7080,227009.4000
7081,227009.4000
7082,227009.4000
7083,227009.4000
7084,227009.4000
7085,227009.4000
7086,227009.4000
7087,227009.4000
7088,227009.4000
7089,227009.4000
7090,227009.4000
7091,227009.4000
7092,227009.4000
7093,227009.4000
7094,227009.4000
7095,227009.4000
7096,227009.4000
7097,227009.4000
7098,227009.4000
7099,227009.4000
7100,227009.4000
7101,227009.4000
7102,227009.4000
7103,227009.4000
7104,227009.4000
7105,227009.4000
7106,227009.4000
7107,227009.4000
7108,227009.4000
7109,227009.4000
7110,227009.4000
7111,227009.4000
7112,227009.4000
7113,227009.4000
7114,227009.4000
7115,227009.4000
7116,227009.4000
7117,227009.4000
7118,227009.4000
7119,227009.4000
7120,227009.4000
7121,227009.4000
7122,227009.4000
7123,227009.4000
7124,227009.4000
7125,227009.4000
7126,227009.4000
7127,227009.4000
7128,227009.4000
7129,227009.4000
7130,227009.4000
7131,227009.4000
7132,227009.4000
7133,227009.4000
7134,227009.4000
7135,227009.4000
7136,227009.4000
7137,227009.4000
7138,227009.4000
7139,227009.4000
7140,227009.4000
7141,227009.4000
7142,227009.4000
7143,227009.4000
7144,227009.4000
7145,227009.4000
7146,227009.4000
7147,227009.4000
7148,227009.4000
7149,227009.4000
7150,227009.4000
7151,227009.4000
7152,227009.4000
7153,227009.4000
7154,227009.4000
7155,227009.4000
7156,227009.4000
7157,227009.4000
7158,227009.4000
7159,227009.4000
7160,227009.4000
7161,227009.4000
7162,227009.4000
7163,227009.4000
7164,227009.4000
7165,227009.4000
7166,227009.4000
7167,227009.4000
7168,227009.4000
7169,227009.4000
7170,227009.4000
7171,227009.4000
7172,227009.4000
7173,227009.4000
7174,227009.4000
7175,227009.4000
7176,227009.4000
7177,227009.4000
7178,227009.4000
7179,227009.4000
7180,227009.4000
7181,227009.4000
7182,227009.4000
7183,227009.4000
7184,227009.4000
7185,227009.4000
7186,227009.4000
7187,227009.4000
7188,227009.4000
7189,224936.0000
7190,224936.0000
7191,224936.0000
7192,224936.0000
7193,224936.0000
7194,224936.0000
7195,224936.0000
7196,224936.0000
7197,224936.0000
7198,224936.0000
7199,224936.0000
7200,224936.0000
7201,224936.0000
7202,224936.0000
7203,224936.0000
7204,224936.0000
7205,224936.0000
7206,224936.0000
7207,224936.0000
7208,224936.0000
7209,224936.0000
7210,224936.0000
7211,224936.0000
7212,224936.0000
7213,224936.0000
7214,224936.0000
7215,224936.0000
7216,224936.0000
7217,224936.0000
7218,224936.0000
7219,224936.0000
7220,224936.0000
7221,224936.0000
7222,224936.0000
7223,224936.0000
7224,224936.0000
7225,224936.0000
7226,224936.0000
7227,224936.0000
7228,224936.0000
7229,224936.0000
7230,224936.0000
7231,224936.0000
7232,224936.0000
7233,224936.0000
7234,224936.0000
7235,224936.0000
7236,224936.0000
7237,224936.0000
7238,224936.0000
7239,224936.0000
7240,224936.0000
7241,224936.0000
7242,224936.0000
7243,224936.0000
7244,224936.0000
7245,224936.0000
7246,224936.0000
7247,224936.0000
7248,224936.0000
7249,224936.0000
7250,224936.0000
7251,224936.0000
7252,224936.0000
7253,224936.0000
7254,224936.0000
7255,224936.0000
7256,224936.0000
7257,224936.0000
7258,224936.0000
7259,224936.0000
7260,224936.0000
7261,224936.0000
7262,224936.0000
7263,224936.0000
7264,224936.0000
7265,224936.0000
7266,224936.0000
7267,224936.0000
7268,224936.0000
7269,224936.0000
7270,224936.0000
7271,224936.0000
7272,224936.0000
7273,224936.0000
7274,224936.0000
7275,224936.0000
7276,224936.0000
7277,224936.0000
7278,224936.0000
7279,224936.0000
7280,224936.0000
7281,224936.0000
7282,224936.0000
7283,224936.0000
7284,224936.0000
7285,224936.0000
7286,224936.0000
7287,224936.0000
7288,224936.0000
7289,224936.0000
7290,224936.0000
7291,224936.0000
7292,224936.0000
7293,224936.0000
7294,224936.0000
7295,224936.0000
7296,224936.0000
7297,224936.0000
7298,224936.0000
7299,224936.0000
7300,224936.0000
7301,224936.0000
7302,224936.0000
7303,224936.0000
7304,224936.0000
7305,224936.0000
7306,224936.0000
7307,224936.0000
7308,224936.0000
7309,224936.0000
7310,224936.0000
7311,224936.0000
7312,224936.0000
7313,224936.0000
7314,224936.0000
7315,224936.0000
7316,224936.0000
7317,224936.0000
7318,224936.0000
7319,224936.0000
7320,224936.0000
7321,224936.0000
7322,224936.0000
7323,224936.0000
7324,224936.0000
7325,224936.0000
7326,224936.0000
7327,224936.0000
7328,224936.0000
7329,224936.0000
7330,224936.0000
7331,224936.0000
7332,224936.0000
7333,224936.0000
7334,224936.0000
7335,224936.0000
7336,224936.0000
7337,224936.0000
7338,224936.0000
7339,224936.0000
7340,224936.0000
7341,224936.0000
7342,224936.0000
7343,224936.0000
7344,224936.0000
7345,224936.0000
7346,224936.0000
7347,224936.0000
7348,224936.0000
7349,224936.0000
7350,224936.0000
7351,224936.0000
7352,224936.0000
7353,224936.0000
7354,224936.0000
7355,224936.0000
7356,224936.0000
7357,224936.0000
7358,224936.0000
7359,224936.0000
7360,224936.0000
7361,224936.0000
7362,224936.0000
7363,224936.0000
7364,224936.0000
7365,224936.0000
7366,224936.0000
7367,224936.0000
7368,224936.0000
7369,224936.0000
7370,224936.0000
7371,224936.0000
7372,224936.0000
7373,224936.0000
7374,224936.0000
7375,224936.0000
7376,224936.0000
7377,224936.0000
7378,224936.0000
7379,224936.0000
7380,224936.0000
7381,224936.0000
7382,224936.0000
7383,224936.0000
7384,224936.0000
7385,224936.0000
7386,224936.0000
7387,224936.0000
7388,224936.0000
7389,224936.0000
7390,224936.0000
7391,224936.0000
7392,224936.0000
7393,224936.0000
7394,224936.0000
7395,224936.0000
7396,224936.0000
7397,224936.0000
7398,224936.0000
7399,224936.0000
7400,224936.0000
7401,224936.0000
7402,224936.0000
7403,224936.0000
7404,224936.0000
7405,224936.0000
7406,224936.0000
7407,224936.0000
7408,224936.0000
7409,224936.0000
7410,224936.0000
7411,224936.0000
7412,224936.0000
7413,224936.0000
7414,224936.0000
7415,224936.0000
7416,224936.0000
7417,224936.0000
7418,224936.0000
7419,224936.0000
7420,224936.0000
7421,224936.0000
7422,224936.0000
7423,224936.0000
7424,224936.0000
7425,224936.0000
7426,224936.0000
7427,224936.0000
7428,224936.0000
7429,224936.0000
7430,224936.0000
7431,224936.0000
7432,224936.0000
7433,224936.0000
7434,224936.0000
7435,224936.0000
7436,224936.0000
7437,224936.0000
7438,224936.0000
7439,224936.0000
7440,224936.0000
7441,224936.0000
7442,224936.0000
7443,224936.0000
7444,224936.0000
7445,224936.0000
7446,224936.0000
7447,224936.0000
7448,224936.0000
7449,224936.0000
7450,224936.0000
7451,224936.0000
7452,224936.0000
7453,224936.0000
7454,224936.0000
7455,224936.0000
7456,224936.0000
7457,224936.0000
7458,224936.0000
7459,224936.0000
7460,224936.0000
7461,224936.0000
7462,224936.0000
7463,224936.0000
7464,224936.0000
7465,224936.0000
7466,224936.0000
7467,224936.0000
7468,224936.0000
7469,224936.0000
7470,224936.0000
7471,224936.0000
7472,224936.0000
7473,224936.0000
7474,224936.0000
7475,224936.0000
7476,224936.0000
7477,224936.0000
7478,224936.0000
7479,224936.0000
7480,224936.0000
7481,224936.0000
7482,224936.0000
7483,224936.0000
7484,224936.0000
7485,224936.0000
7486,224936.0000
7487,224936.0000
7488,224936.0000
7489,224936.0000
7490,224936.0000
7491,224936.0000
7492,224936.0000
7493,224936.0000
7494,224936.0000
7495,224936.0000
7496,224936.0000
7497,224936.0000
7498,224936.0000
7499,224936.0000
7500,224936.0000
7501,224936.0000
7502,224936.0000
7503,224936.0000
7504,224936.0000
7505,224936.0000
7506,224936.0000
7507,224936.0000
7508,224936.0000
7509,224936.0000
7510,224936.0000
7511,224936.0000
7512,224936.0000
7513,224936.0000
7514,224936.0000
7515,224936.0000
7516,224936.0000
7517,224936.0000
7518,224936.0000
7519,224936.0000
7520,224936.0000
7521,224936.0000
7522,224936.0000
7523,224936.0000
7524,224936.0000
7525,224936.0000
7526,224936.0000
7527,224936.0000
7528,224936.0000
7529,224936.0000
7530,224936.0000
7531,224936.0000
7532,224936.0000
7533,224936.0000
7534,224936.0000
7535,224936.0000
7536,224936.0000
7537,224936.0000
7538,224936.0000
7539,224936.0000
7540,224936.0000
7541,224936.0000
7542,224936.0000
7543,224936.0000
7544,224936.0000
7545,224936.0000
7546,224936.0000
7547,224936.0000
7548,224936.0000
7549,224936.0000
7550,224936.0000
7551,224936.0000
7552,224936.0000
7553,224936.0000
7554,224936.0000
7555,224936.0000
7556,224936.0000
7557,224936.0000
7558,224936.0000
7559,224936.0000
7560,224936.0000
7561,224936.0000
7562,224936.0000
7563,224936.0000
7564,224936.0000
7565,224936.0000
7566,224936.0000
7567,224936.0000
7568,224936.0000
7569,224936.0000
7570,224936.0000
7571,224936.0000
7572,224936.0000
7573,224936.0000
7574,224936.0000
7575,224936.0000
7576,224936.0000
7577,224936.0000
7578,224936.0000
7579,224936.0000
7580,224936.0000
7581,224936.0000
7582,224936.0000
7583,224936.0000
7584,224936.0000
7585,224936.0000
7586,224936.0000
7587,224936.0000
7588,224936.0000
7589,224936.0000
7590,224936.0000
7591,224936.0000
7592,224936.0000
7593,224936.0000
7594,224936.0000
7595,224936.0000
7596,224936.0000
7597,224936.0000
7598,224936.0000
7599,224936.0000
7600,224936.0000
7601,224936.0000
7602,224936.0000
7603,224936.0000
7604,224936.0000
7605,224936.0000
7606,224936.0000
7607,224936.0000
7608,224936.0000
7609,224936.0000
7610,224936.0000
7611,224936.0000
7612,224936.0000
7613,224936.0000
7614,224936.0000
7615,224936.0000
7616,224936.0000
7617,224936.0000
7618,224936.0000
7619,224936.0000
7620,224936.0000
7621,224936.0000
7622,224936.0000
7623,224936.0000
7624,224936.0000
7625,224936.0000
7626,224936.0000
7627,224936.0000
7628,224936.0000
7629,224936.0000
7630,224936.0000
7631,224936.0000
7632,224936.0000
7633,224936.0000
7634,224936.0000
7635,224936.0000
7636,224936.0000
7637,224936.0000
7638,224936.0000
7639,224936.0000
7640,224936.0000
7641,224936.0000
7642,224936.0000
7643,224936.0000
7644,224936.0000
7645,224936.0000
7646,224936.0000
7647,224936.0000
7648,224936.0000
7649,224936.0000
7650,224936.0000
7651,224936.0000
7652,224936.0000
7653,224936.0000
7654,224936.0000
7655,224936.0000
7656,224936.0000
7657,224936.0000
7658,224936.0000
7659,224936.0000
7660,224936.0000
7661,224936.0000
7662,224936.0000
7663,224936.0000
7664,224936.0000
7665,224936.0000
7666,224936.0000
7667,224936.0000
7668,224936.0000
7669,224936.0000
7670,224936.0000
7671,224936.0000
7672,224936.0000
7673,224936.0000
7674,224936.0000
7675,224936.0000
7676,224936.0000
7677,224936.0000
7678,224936.0000
7679,224936.0000
7680,224936.0000
7681,224936.0000
7682,224936.0000
7683,224936.0000
7684,224936.0000
7685,224936.0000
7686,224936.0000
7687,224936.0000
7688,224936.0000
7689,224936.0000
7690,224936.0000
7691,224936.0000
7692,224936.0000
7693,224936.0000
7694,224936.0000
7695,224936.0000
7696,224936.0000
7697,224936.0000
7698,224936.0000
7699,224936.0000
7700,224936.0000
7701,224936.0000
7702,224936.0000
7703,224936.0000
7704,224936.0000
7705,224936.0000
7706,224936.0000
7707,224936.0000
7708,224936.0000
7709,224936.0000
7710,224936.0000
7711,224936.0000
7712,224936.0000
7713,224936.0000
7714,224936.0000
7715,224936.0000
7716,224936.0000
7717,224936.0000
7718,224936.0000
7719,223896.9000
7720,223896.9000
7721,223896.9000
7722,223896.9000
7723,223896.9000
7724,223896.9000
7725,223896.9000
7726,223896.9000
7727,223896.9000
7728,223896.9000
7729,223896.9000
7730,223896.9000
7731,223896.9000
7732,223896.9000
7733,223896.9000
7734,223896.9000
7735,223896.9000
7736,223896.9000
7737,223896.9000
7738,223896.9000
7739,223896.9000
7740,223896.9000
7741,223896.9000
7742,223896.9000
7743,223896.9000
7744,223896.9000
7745,223896.9000
7746,223896.9000
7747,223896.9000
7748,223896.9000
7749,223896.9000
7750,223896.9000
7751,223896.9000
7752,223896.9000
7753,223896.9000
7754,223896.9000
7755,223896.9000
7756,223896.9000
7757,223896.9000
7758,223896.9000
7759,223896.9000
7760,223896.9000
7761,223896.9000
7762,223896.9000
7763,223896.9000
7764,223896.9000
7765,223896.9000
7766,223896.9000
7767,223896.9000
7768,223896.9000
7769,223896.9000
7770,223896.9000
7771,223896.9000
7772,223896.9000
7773,223896.9000
7774,223896.9000
7775,223896.9000
7776,223896.9000
7777,223896.9000
7778,223896.9000
7779,223896.9000
7780,223896.9000
7781,223896.9000
7782,223896.9000
7783,223896.9000
7784,223896.9000
7785,223896.9000
7786,223896.9000
7787,223896.9000
7788,223896.9000
7789,223896.9000
7790,223896.9000
7791,223896.9000
7792,223896.9000
7793,223896.9000
7794,223896.9000
7795,223896.9000
7796,223896.9000
7797,223896.9000
7798,223896.9000
7799,223896.9000
7800,223896.9000
7801,223896.9000
7802,223896.9000
7803,223896.9000
7804,223896.9000
7805,223896.9000
7806,223896.9000
7807,223896.9000
7808,223896.9000
7809,223896.9000
7810,223896.9000
7811,223896.9000
7812,223896.9000
7813,223896.9000
7814,223896.9000
7815,223896.9000
7816,223896.9000
7817,223896.9000
7818,223896.9000
7819,223896.9000
7820,223896.9000
7821,223896.9000
7822,223896.9000
7823,223896.9000
7824,223896.9000
7825,223896.9000
7826,223896.9000
7827,223896.9000
7828,223896.9000
7829,223896.9000
7830,223896.9000
7831,223896.9000
7832,223896.9000
7833,223896.9000
7834,223896.9000
7835,223896.9000
7836,223896.9000
7837,223896.9000
7838,223896.9000
7839,223896.9000
7840,223896.9000
7841,223896.9000
7842,223896.9000
7843,223896.9000
7844,223896.9000
7845,223896.9000
7846,223896.9000
7847,223896.9000
7848,223896.9000
7849,223896.9000
7850,223896.9000
7851,223896.9000
7852,223896.9000
7853,223896.9000
7854,223896.9000
7855,223896.9000
7856,223896.9000
7857,223896.9000
7858,223896.9000
7859,223896.9000
7860,223896.9000
7861,223896.9000
7862,223896.9000
7863,223896.9000
7864,223896.9000
7865,223896.9000
7866,223896.9000
7867,223896.9000
7868,223896.9000
7869,223896.9000
7870,223896.9000
7871,223896.9000
7872,223896.9000
7873,223896.9000
7874,223896.9000
7875,223896.9000
7876,223896.9000
7877,223896.9000
7878,223896.9000
7879,223896.9000
7880,223896.9000
7881,223896.9000
7882,223896.9000
7883,223896.9000
7884,223896.9000
7885,223896.9000
7886,223896.9000
7887,223896.9000
7888,223896.9000
7889,223896.9000
7890,223896.9000
7891,223896.9000
7892,223896.9000
7893,223896.9000
7894,223896.9000
7895,223896.9000
7896,223896.9000
7897,223896.9000
7898,223896.9000
7899,223896.9000
7900,223896.9000
7901,223896.9000
7902,223896.9000
7903,223896.9000
7904,223896.9000
7905,223896.9000
7906,223896.9000
7907,223896.9000
7908,223896.9000
7909,223896.9000
7910,223896.9000
7911,223896.9000
7912,223896.9000
7913,223896.9000
7914,223896.9000
7915,223896.9000
7916,223896.9000
7917,223896.9000
7918,223896.9000
7919,223896.9000
7920,223896.9000
7921,223896.9000
7922,223896.9000
7923,223896.9000
7924,223896.9000
7925,223896.9000
7926,223896.9000
7927,223896.9000
7928,223896.9000
7929,223896.9000
7930,223896.9000
7931,223896.9000
7932,223896.9000
7933,223896.9000
7934,223896.9000
7935,223896.9000
7936,223896.9000
7937,223896.9000
7938,223896.9000
7939,223896.9000
7940,223896.9000
7941,223896.9000
7942,223896.9000
7943,223896.9000
7944,223896.9000
7945,223896.9000
7946,223896.9000
7947,223896.9000
7948,223896.9000
7949,223896.9000
7950,223896.9000
7951,223896.9000
7952,223896.9000
7953,223896.9000
7954,223896.9000
7955,223896.9000
7956,223896.9000
7957,223896.9000
7958,223896.9000
7959,223896.9000
7960,223896.9000
7961,223896.9000
7962,223896.9000
7963,223896.9000
7964,223896.9000
7965,223896.9000
7966,223896.9000
7967,223896.9000
7968,223896.9000
7969,223896.9000
7970,223896.9000
7971,223896.9000
7972,223896.9000
7973,223896.9000
7974,223896.9000
7975,223896.9000
7976,223896.9000
7977,223896.9000
7978,223896.9000
7979,223896.9000
7980,223896.9000
7981,223896.9000
7982,223896.9000
7983,223896.9000
7984,223896.9000
7985,223896.9000
7986,223896.9000
7987,223896.9000
7988,223896.9000
7989,223896.9000
7990,223896.9000
7991,223896.9000
7992,223896.9000
7993,223896.9000
7994,223896.9000
7995,223896.9000
7996,223896.9000
7997,223896.9000
7998,223896.9000
7999,223896.9000
8000,223896.9000
8001,223896.9000
8002,223896.9000
8003,223896.9000
8004,223896.9000
8005,223896.9000
8006,223896.9000
8007,223896.9000
8008,223896.9000
8009,223896.9000
8010,223896.9000
8011,223896.9000
8012,223896.9000
8013,223896.9000
8014,223896.9000
8015,223896.9000
8016,223896.9000
8017,223896.9000
8018,223896.9000
8019,223896.9000
8020,223896.9000
8021,223896.9000
8022,223896.9000
8023,223896.9000
8024,223896.9000
8025,223896.9000
8026,223896.9000
8027,223896.9000
8028,223896.9000
8029,223896.9000
8030,223896.9000
8031,223896.9000
8032,223896.9000
8033,223896.9000
8034,223896.9000
8035,223896.9000
8036,223896.9000
8037,223896.9000
8038,223896.9000
8039,223896.9000
8040,223896.9000
8041,223896.9000
8042,223896.9000
8043,223896.9000
8044,223896.9000
8045,223896.9000
8046,223896.9000
8047,223896.9000
8048,223896.9000
8049,223896.9000
8050,223896.9000
8051,223896.9000
8052,223896.9000
8053,223896.9000
8054,223896.9000
8055,223896.9000
8056,223896.9000
8057,223896.9000
8058,223896.9000
8059,223896.9000
8060,223896.9000
8061,223896.9000
8062,223896.9000
8063,223896.9000
8064,223896.9000
8065,223896.9000
8066,223896.9000
8067,223896.9000
8068,223896.9000
8069,223896.9000
8070,223896.9000
8071,223896.9000
8072,223896.9000
8073,223896.9000
8074,223896.9000
8075,223896.9000
8076,223896.9000
8077,223896.9000
8078,223896.9000
8079,223896.9000
8080,223896.9000
8081,223896.9000
8082,223896.9000
8083,223896.9000
8084,223896.9000
8085,223896.9000
8086,223896.9000
8087,223896.9000
8088,223896.9000
8089,223896.9000
8090,223896.9000
8091,223896.9000
8092,223896.9000
8093,223896.9000
8094,223896.9000
8095,223896.9000
8096,223896.9000
8097,223896.9000
8098,223896.9000
8099,223896.9000
8100,223896.9000
8101,223896.9000
8102,223896.9000
8103,223896.9000
8104,223896.9000
8105,223896.9000
8106,223896.9000
8107,223896.9000
8108,223896.9000
8109,223896.9000
8110,223896.9000
8111,223896.9000
8112,223896.9000
8113,223896.9000
8114,223896.9000
8115,223896.9000
8116,223896.9000
8117,223896.9000
8118,223896.9000
8119,223896.9000
8120,223896.9000
8121,223896.9000
8122,223896.9000
8123,223896.9000
8124,223896.9000
8125,223896.9000
8126,223896.9000
8127,223896.9000
8128,223896.9000
8129,223896.9000
8130,223896.9000
8131,223896.9000
8132,223896.9000
8133,223896.9000
8134,223896.9000
8135,223896.9000
8136,223896.9000
8137,223896.9000
8138,223896.9000
8139,223896.9000
8140,223896.9000
8141,223896.9000
8142,223896.9000
8143,223896.9000
8144,223896.9000
8145,223896.9000
8146,223896.9000
8147,223896.9000
8148,223896.9000
8149,223896.9000
8150,223896.9000
8151,223896.9000
8152,223896.9000
8153,223896.9000
8154,223896.9000
8155,223896.9000
8156,223896.9000
8157,223896.9000
8158,223896.9000
8159,223896.9000
8160,223896.9000
8161,223896.9000
8162,223896.9000
8163,223896.9000
8164,223896.9000
8165,223896.9000
8166,223896.9000
8167,223896.9000
8168,223896.9000
8169,223896.9000
8170,223896.9000
8171,223896.9000
8172,223896.9000
8173,223896.9000
8174,223896.9000
8175,223896.9000
8176,223896.9000
8177,223896.9000
8178,223896.9000
8179,223896.9000
8180,223896.9000
8181,223896.9000
8182,223896.9000
8183,223896.9000
8184,223896.9000
8185,223896.9000
8186,223896.9000
8187,223896.9000
8188,223896.9000
8189,223896.9000
8190,223896.9000
8191,223896.9000
8192,223896.9000
8193,223896.9000
8194,223896.9000
8195,223896.9000
8196,223896.9000
8197,223896.9000
8198,223896.9000
8199,223896.9000
8200,223896.9000
8201,223896.9000
8202,223896.9000
8203,223896.9000
8204,223896.9000
8205,223896.9000
8206,223896.9000
8207,223896.9000
8208,223896.9000
8209,223896.9000
8210,223896.9000
8211,223896.9000
8212,223896.9000
8213,223896.9000
8214,223896.9000
8215,223896.9000
8216,223896.9000
8217,223896.9000
8218,223896.9000
8219,223896.9000
8220,223896.9000
8221,223896.9000
8222,223896.9000
8223,223896.9000
8224,223896.9000
8225,223896.9000
8226,223896.9000
8227,223896.9000
8228,223896.9000
8229,223896.9000
8230,223896.9000
8231,223896.9000
8232,223896.9000
8233,223896.9000
8234,223896.9000
8235,223896.9000
8236,223896.9000
8237,223896.9000
8238,223896.9000
8239,223896.9000
8240,223896.9000
8241,223896.9000
8242,223896.9000
8243,223896.9000
8244,223896.9000
8245,223896.9000
8246,223896.9000
8247,223896.9000
8248,223896.9000
8249,223896.9000
8250,223896.9000
8251,223896.9000
8252,223896.9000
8253,222812.0000
8254,222812.0000
8255,222812.0000
8256,222812.0000
8257,222812.0000
8258,222812.0000
8259,222812.0000
8260,222812.0000
8261,222812.0000
8262,222812.0000
8263,222812.0000
8264,222812.0000
8265,222812.0000
8266,222812.0000
8267,222812.0000
8268,222812.0000
8269,222812.0000
8270,222812.0000
8271,222812.0000
8272,222812.0000
8273,222812.0000
8274,222812.0000
8275,222812.0000
8276,222812.0000
8277,222812.0000
8278,222812.0000
8279,222812.0000
8280,222812.0000
8281,222812.0000
8282,222812.0000
8283,222812.0000
8284,222812.0000
8285,222812.0000
8286,222812.0000
8287,222812.0000
8288,222812.0000
8289,222812.0000
8290,222812.0000
8291,222812.0000
8292,222812.0000
8293,222812.0000
8294,222812.0000
8295,222812.0000
8296,222812.0000
8297,222812.0000
8298,222812.0000
8299,222812.0000
8300,222812.0000
8301,222812.0000
8302,222812.0000
8303,222812.0000
8304,222812.0000
8305,222812.0000
8306,222812.0000
8307,222812.0000
8308,222812.0000
8309,222812.0000
8310,222812.0000
8311,222812.0000
8312,222812.0000
8313,222812.0000
8314,222812.0000
8315,222812.0000
8316,222812.0000
8317,222812.0000
8318,222812.0000
8319,222812.0000
8320,222812.0000
8321,222812.0000
8322,222812.0000
8323,222812.0000
8324,222812.0000
8325,222812.0000
8326,222812.0000
8327,222812.0000
8328,222812.0000
8329,222812.0000
8330,222812.0000
8331,222812.0000
8332,222812.0000
8333,222812.0000
8334,222812.0000
8335,222812.0000
8336,222812.0000
8337,222812.0000
8338,222812.0000
8339,222812.0000
8340,222812.0000
8341,222812.0000
8342,222812.0000
8343,222812.0000
8344,222812.0000
8345,222812.0000
8346,222812.0000
8347,222812.0000
8348,222812.0000
8349,222812.0000
8350,222812.0000
8351,222812.0000
8352,222812.0000
8353,222812.0000
8354,222812.0000
8355,222812.0000
8356,222812.0000
8357,222812.0000
8358,222812.0000
8359,222812.0000
8360,222812.0000
8361,222812.0000
8362,222812.0000
8363,222812.0000
8364,222812.0000
8365,222812.0000
8366,222812.0000
8367,222812.0000
8368,222812.0000
8369,222812.0000
8370,222812.0000
8371,222812.0000
8372,222812.0000
8373,222812.0000
8374,222812.0000
8375,222812.0000
8376,222812.0000
8377,222812.0000
8378,222812.0000
8379,222812.0000
8380,222812.0000
8381,222812.0000
8382,222812.0000
8383,222812.0000
8384,222812.0000
8385,222812.0000
8386,222812.0000
8387,222812.0000
8388,222812.0000
8389,222812.0000
8390,222812.0000
8391,222812.0000
8392,222812.0000
8393,222812.0000
8394,222812.0000
8395,222812.0000
8396,222812.0000
8397,222812.0000
8398,222812.0000
8399,222812.0000
8400,222812.0000
8401,222812.0000
8402,222812.0000
8403,222812.0000
8404,222812.0000
8405,222812.0000
8406,222812.0000
8407,222812.0000
8408,222812.0000
8409,222812.0000
8410,222812.0000
8411,222812.0000
8412,222812.0000
8413,222812.0000
8414,222812.0000
8415,222812.0000
8416,222812.0000
8417,222812.0000
8418,222812.0000
8419,222812.0000
8420,222812.0000
8421,222812.0000
8422,222812.0000
8423,222812.0000
8424,222812.0000
8425,222812.0000
8426,222812.0000
8427,222812.0000
8428,222812.0000
8429,222812.0000
8430,222812.0000
8431,222812.0000
8432,222812.0000
8433,222812.0000
8434,222812.0000
8435,222812.0000
8436,222812.0000
8437,222812.0000
8438,222812.0000
8439,222812.0000
8440,222812.0000
8441,222812.0000
8442,222812.0000
8443,222812.0000
8444,222812.0000
8445,222812.0000
8446,222812.0000
8447,222812.0000
8448,222812.0000
8449,222812.0000
8450,222812.0000
8451,222812.0000
8452,222812.0000
8453,222812.0000
8454,222812.0000
8455,222812.0000
8456,222812.0000
8457,222812.0000
8458,222812.0000
8459,222812.0000
8460,222812.0000
8461,222812.0000
8462,222812.0000
8463,222812.0000
8464,222812.0000
8465,222812.0000
8466,222812.0000
8467,222812.0000
8468,222812.0000
8469,222812.0000
8470,222812.0000
8471,222812.0000
8472,222812.0000
8473,222812.0000
8474,222812.0000
8475,222812.0000
8476,222812.0000
8477,222812.0000
8478,222812.0000
8479,222812.0000
8480,222812.0000
8481,222812.0000
8482,222812.0000
8483,222812.0000
8484,222812.0000
8485,222812.0000
8486,222812.0000
8487,222812.0000
8488,222812.0000
8489,222812.0000
8490,222812.0000
8491,222812.0000
8492,222812.0000
8493,222812.0000
8494,222812.0000
8495,222812.0000
8496,222812.0000
8497,222812.0000
8498,222812.0000
8499,222812.0000
8500,222812.0000
8501,222812.0000
8502,222812.0000
8503,222812.0000
8504,222812.0000
8505,222812.0000
8506,222812.0000
8507,222812.0000
8508,222812.0000
8509,222812.0000
8510,222812.0000
8511,222812.0000
8512,222812.0000
8513,222812.0000
8514,222812.0000
8515,222812.0000
8516,222812.0000
8517,222812.0000
8518,222812.0000
8519,222812.0000
8520,222812.0000
8521,222812.0000
8522,222812.0000
8523,222812.0000
8524,222812.0000
8525,222812.0000
8526,222812.0000
8527,222812.0000
8528,222812.0000
8529,222812.0000
8530,222812.0000
8531,222812.0000
8532,222812.0000
8533,222812.0000
8534,222812.0000
8535,222812.0000
8536,222812.0000
8537,222812.0000
8538,222812.0000
8539,222812.0000
8540,222812.0000
8541,222812.0000
8542,222812.0000
8543,222812.0000
8544,222812.0000
8545,222812.0000
8546,222812.0000
8547,222812.0000
8548,222812.0000
8549,222812.0000
8550,222812.0000
8551,222812.0000
8552,222812.0000
8553,222812.0000
8554,222812.0000
8555,222812.0000
8556,222812.0000
8557,222812.0000
8558,222812.0000
8559,222812.0000
8560,222812.0000
8561,222812.0000
8562,222812.0000
8563,222812.0000
8564,222812.0000
8565,222812.0000
8566,222812.0000
8567,222812.0000
8568,222812.0000
8569,222812.0000
8570,222812.0000
8571,222812.0000
8572,222812.0000
8573,222812.0000
8574,222812.0000
8575,222812.0000
8576,222812.0000
8577,222812.0000
8578,222812.0000
8579,222812.0000
8580,222812.0000
8581,222812.0000
8582,222812.0000
8583,222812.0000
8584,222812.0000
8585,222812.0000
8586,222812.0000
8587,222812.0000
8588,222812.0000
8589,222812.0000
8590,222812.0000
8591,222812.0000
8592,222812.0000
8593,222812.0000
8594,222812.0000
8595,222812.0000
8596,222812.0000
8597,222812.0000
8598,222812.0000
8599,222812.0000
8600,222812.0000
8601,222812.0000
8602,222812.0000
8603,222812.0000
8604,222812.0000
8605,222812.0000
8606,222812.0000
8607,222812.0000
8608,222812.0000
8609,222812.0000
8610,222812.0000
8611,222812.0000
8612,222812.0000
8613,222812.0000
8614,222812.0000
8615,222812.0000
8616,222812.0000
8617,222812.0000
8618,222812.0000
8619,222812.0000
8620,222812.0000
8621,222812.0000
8622,222812.0000
8623,222812.0000
8624,222812.0000
8625,222812.0000
8626,222812.0000
8627,222812.0000
8628,222812.0000
8629,222812.0000
8630,222812.0000
8631,222812.0000
8632,222812.0000
8633,222812.0000
8634,222812.0000
8635,222812.0000
8636,222812.0000
8637,222812.0000
8638,222812.0000
8639,222812.0000
8640,222812.0000
8641,222812.0000
8642,222812.0000
8643,222812.0000
8644,222812.0000
8645,222812.0000
8646,222812.0000
8647,222812.0000
8648,222812.0000
8649,222812.0000
8650,222812.0000
8651,222812.0000
8652,222812.0000
8653,222812.0000
8654,222812.0000
8655,222812.0000
8656,222812.0000
8657,222812.0000
8658,222812.0000
8659,222812.0000
8660,222812.0000
8661,222812.0000
8662,222812.0000
8663,222812.0000
8664,222812.0000
8665,222812.0000
8666,222812.0000
8667,222812.0000
8668,222812.0000
8669,222812.0000
8670,222812.0000
8671,222812.0000
8672,222812.0000
8673,222812.0000
8674,222812.0000
8675,222812.0000
8676,222812.0000
8677,222812.0000
8678,222812.0000
8679,222812.0000
8680,222812.0000
8681,222812.0000
8682,222812.0000
8683,222812.0000
8684,222812.0000
8685,222812.0000
8686,222812.0000
8687,222812.0000
8688,222812.0000
8689,222812.0000
8690,222812.0000
8691,222812.0000
8692,222812.0000
8693,222812.0000
8694,222812.0000
8695,222812.0000
8696,222812.0000
8697,222812.0000
8698,222812.0000
8699,222812.0000
8700,222812.0000
8701,222812.0000
8702,222812.0000
8703,222812.0000
8704,222812.0000
8705,222812.0000
8706,222812.0000
8707,222812.0000
8708,222812.0000
8709,222812.0000
8710,222812.0000
8711,222812.0000
8712,222812.0000
8713,222812.0000
8714,222812.0000
8715,222812.0000
8716,222812.0000
8717,222812.0000
8718,222812.0000
8719,222812.0000
8720,222812.0000
8721,222812.0000
8722,222812.0000
8723,222812.0000
8724,222812.0000
8725,222812.0000
8726,222812.0000
8727,222812.0000
8728,222812.0000
8729,222812.0000
8730,222812.0000
8731,222812.0000
8732,222812.0000
8733,222812.0000
8734,222812.0000
8735,222812.0000
8736,222812.0000
8737,222812.0000
8738,222812.0000
8739,222812.0000
8740,222812.0000
8741,222812.0000
8742,222812.0000
8743,222812.0000
8744,222812.0000
8745,222812.0000
8746,222812.0000
8747,222812.0000
8748,222812.0000
8749,222812.0000
8750,222812.0000
8751,222812.0000
8752,222812.0000
8753,222812.0000
8754,222812.0000
8755,222812.0000
8756,222812.0000
8757,222812.0000
8758,222812.0000
8759,222812.0000
8760,222812.0000
8761,222812.0000
8762,222812.0000
8763,222812.0000
8764,222812.0000
8765,222812.0000
8766,222812.0000
8767,222812.0000
8768,222812.0000
8769,222812.0000
8770,222812.0000
8771,222812.0000
8772,222812.0000
8773,222812.0000
8774,222812.0000
8775,222812.0000
8776,222812.0000
8777,222812.0000
8778,222812.0000
8779,222812.0000
8780,222812.0000
8781,222812.0000
8782,222812.0000
8783,222812.0000
8784,222812.0000
8785,222812.0000
8786,222812.0000
8787,222812.0000
8788,222812.0000
8789,222812.0000
8790,222812.0000
8791,222812.0000
8792,222812.0000
8793,222812.0000
8794,222812.0000
8795,222812.0000
8796,222812.0000
8797,222812.0000
8798,222812.0000
8799,222812.0000
8800,222812.0000
8801,222812.0000
8802,222812.0000
8803,222812.0000
8804,222812.0000
8805,222812.0000
8806,222812.0000
8807,222812.0000
8808,222812.0000
8809,222812.0000
8810,222812.0000
8811,222812.0000
8812,222812.0000
8813,222812.0000
8814,222812.0000
8815,222812.0000
8816,222812.0000
8817,222812.0000
8818,222812.0000
8819,222812.0000
8820,222812.0000
8821,222812.0000
8822,222812.0000
8823,222812.0000
8824,222812.0000
8825,222812.0000
8826,222812.0000
8827,222812.0000
8828,222812.0000
8829,222812.0000
8830,222812.0000
8831,222812.0000
8832,222812.0000
8833,222812.0000
8834,222812.0000
8835,222812.0000
8836,222812.0000
8837,222812.0000
8838,222812.0000
8839,222812.0000
8840,222812.0000
8841,222812.0000
8842,222812.0000
8843,222812.0000
8844,222812.0000
8845,222812.0000
8846,222812.0000
8847,222812.0000
8848,222812.0000
8849,222812.0000
8850,222812.0000
8851,222812.0000
8852,222812.0000
8853,222812.0000
8854,222812.0000
8855,222812.0000
8856,222812.0000
8857,222812.0000
8858,222812.0000
8859,222812.0000
8860,222812.0000
8861,222812.0000
8862,222812.0000
8863,222812.0000
8864,222812.0000
8865,222812.0000
8866,222812.0000
8867,222812.0000
8868,222812.0000
8869,222812.0000
8870,222812.0000
8871,222812.0000
8872,222812.0000
8873,222812.0000
8874,222812.0000
8875,222812.0000
8876,222812.0000
8877,222812.0000
8878,222812.0000
8879,222812.0000
8880,222812.0000
8881,222812.0000
8882,222812.0000
8883,222812.0000
8884,222812.0000
8885,222812.0000
8886,222812.0000
8887,222812.0000
8888,222812.0000
8889,222812.0000
8890,222812.0000
8891,222812.0000
8892,222812.0000
8893,222812.0000
8894,222812.0000
8895,222812.0000
8896,222812.0000
8897,222812.0000
8898,222812.0000
8899,222812.0000
8900,222812.0000
8901,222812.0000
8902,222812.0000
8903,222812.0000
8904,222812.0000
8905,222812.0000
8906,222812.0000
8907,222812.0000
8908,222812.0000
8909,222812.0000
8910,222812.0000
8911,222812.0000
8912,222812.0000
8913,222812.0000
8914,222812.0000
8915,222812.0000
8916,222812.0000
8917,222812.0000
8918,222812.0000
8919,222812.0000
8920,222812.0000
8921,222812.0000
8922,222812.0000
8923,222812.0000
8924,222812.0000
8925,222812.0000
8926,222812.0000
8927,222812.0000
8928,222812.0000
8929,222812.0000
8930,222812.0000
8931,222812.0000
8932,222812.0000
8933,222812.0000
8934,222812.0000
8935,222812.0000
8936,222812.0000
8937,222812.0000
8938,222812.0000
8939,222812.0000
8940,222812.0000
8941,222812.0000
8942,222812.0000
8943,222812.0000
8944,222812.0000
8945,222812.0000
8946,222812.0000
8947,222812.0000
8948,222812.0000
8949,222812.0000
8950,222812.0000
8951,222812.0000
8952,222812.0000
8953,222812.0000
8954,222812.0000
8955,222812.0000
8956,222812.0000
8957,222812.0000
8958,222812.0000
8959,222812.0000
8960,222812.0000
8961,222812.0000
8962,222812.0000
8963,222812.0000
8964,222812.0000
8965,222812.0000
8966,222812.0000
8967,222812.0000
8968,222812.0000
8969,222812.0000
8970,222812.0000
8971,222812.0000
8972,222812.0000
8973,222812.0000
8974,222812.0000
8975,222812.0000
8976,222812.0000
8977,222812.0000
8978,222812.0000
8979,222812.0000
8980,222812.0000
8981,222812.0000
8982,222812.0000
8983,222812.0000
8984,222812.0000
8985,222812.0000
8986,222812.0000
8987,222812.0000
8988,222812.0000
8989,222812.0000
8990,222812.0000
8991,222812.0000
8992,222812.0000
8993,222812.0000
8994,222812.0000
8995,222812.0000
8996,222812.0000
8997,222812.0000
8998,222812.0000
8999,222812.0000
9000,222812.0000
9001,222812.0000
9002,222812.0000
9003,222812.0000
9004,222812.0000
9005,222812.0000
9006,222812.0000
9007,222812.0000
9008,222812.0000
9009,222812.0000
9010,222812.0000
9011,222812.0000
9012,222812.0000
9013,222812.0000
9014,222812.0000
9015,222812.0000
9016,222812.0000
9017,222812.0000
9018,222812.0000
9019,222812.0000
9020,222812.0000
9021,222812.0000
9022,222812.0000
9023,222812.0000
9024,222812.0000
9025,222812.0000
9026,222812.0000
9027,222812.0000
9028,222812.0000
9029,222812.0000
9030,222812.0000
9031,222812.0000
9032,222812.0000
9033,222812.0000
9034,222812.0000
9035,222812.0000
9036,222812.0000
9037,222812.0000
9038,222812.0000
9039,222812.0000
9040,222812.0000
9041,222812.0000
9042,222812.0000
9043,222812.0000
9044,222812.0000
9045,222812.0000
9046,222812.0000
9047,222812.0000
9048,222812.0000
9049,222812.0000
9050,222812.0000
9051,222812.0000
9052,222812.0000
9053,222812.0000
9054,222812.0000
9055,222812.0000
9056,222812.0000
9057,222812.0000
9058,222812.0000
9059,222812.0000
9060,222812.0000
9061,222812.0000
9062,222812.0000
9063,222812.0000
9064,222812.0000
9065,222812.0000
9066,222812.0000
9067,222812.0000
9068,222812.0000
9069,222812.0000
9070,222812.0000
9071,222812.0000
9072,222812.0000
9073,222812.0000
9074,222812.0000
9075,222812.0000
9076,222812.0000
9077,222812.0000
9078,222812.0000
9079,222812.0000
9080,222812.0000
9081,222812.0000
9082,222812.0000
9083,222812.0000
9084,222812.0000
9085,222812.0000
9086,222812.0000
9087,222812.0000
9088,222812.0000
9089,222812.0000
9090,222812.0000
9091,222812.0000
9092,222812.0000
9093,222812.0000
9094,222812.0000
9095,222812.0000
9096,222812.0000
9097,222812.0000
9098,222812.0000
9099,222812.0000
9100,222812.0000
9101,222812.0000
9102,222812.0000
9103,222812.0000
9104,222812.0000
9105,222812.0000
9106,222812.0000
9107,222812.0000
9108,222812.0000
9109,222812.0000
9110,222812.0000
9111,222812.0000
9112,222812.0000
9113,222812.0000
9114,222812.0000
9115,222812.0000
9116,222812.0000
9117,222812.0000
9118,222812.0000
9119,222812.0000
9120,222812.0000
9121,222812.0000
9122,222812.0000
9123,222812.0000
9124,222812.0000
9125,222812.0000
9126,222812.0000
9127,222812.0000
9128,222812.0000
9129,222812.0000
9130,222812.0000
9131,222812.0000
9132,222812.0000
9133,222812.0000
9134,222812.0000
9135,222812.0000
9136,222812.0000
9137,222812.0000
9138,222812.0000
9139,222812.0000
9140,222812.0000
9141,222812.0000
9142,222812.0000
9143,222812.0000
9144,222812.0000
9145,222812.0000
9146,222812.0000
9147,222812.0000
9148,222812.0000
9149,222812.0000
9150,222812.0000
9151,222812.0000
9152,222812.0000
9153,222812.0000
9154,222812.0000
9155,222812.0000
9156,222812.0000
9157,222812.0000
9158,222812.0000
9159,222812.0000
9160,222812.0000
9161,222812.0000
9162,222812.0000
9163,222812.0000
9164,222812.0000
9165,222812.0000
9166,222812.0000
9167,222812.0000
9168,222812.0000
9169,222812.0000
9170,222812.0000
9171,222812.0000
9172,222812.0000
9173,222812.0000
9174,222812.0000
9175,222812.0000
9176,222812.0000
9177,222812.0000
9178,222812.0000
9179,222812.0000
9180,222812.0000
9181,222812.0000
9182,222812.0000
9183,222812.0000
9184,222812.0000
9185,222812.0000
9186,222812.0000
9187,222812.0000
9188,222812.0000
9189,222812.0000
9190,222812.0000
9191,222812.0000
9192,222812.0000
9193,222812.0000
9194,222812.0000
9195,222812.0000
9196,222812.0000
9197,222812.0000
9198,222812.0000
9199,222812.0000
9200,222812.0000
9201,222812.0000
9202,222812.0000
9203,222812.0000
9204,222812.0000
9205,222812.0000
9206,222812.0000
9207,222812.0000
9208,222812.0000
9209,222812.0000
9210,222812.0000
9211,222812.0000
9212,222812.0000
9213,222812.0000
9214,222812.0000
9215,222812.0000
9216,222812.0000
9217,222812.0000
9218,222812.0000
9219,222812.0000
9220,222812.0000
9221,222812.0000
9222,222812.0000
9223,222812.0000
9224,222812.0000
9225,222812.0000
9226,222812.0000
9227,222812.0000
9228,222812.0000
9229,222812.0000
9230,222812.0000
9231,222812.0000
9232,222812.0000
9233,222812.0000
9234,222812.0000
9235,222812.0000
9236,222812.0000
9237,222812.0000
9238,222812.0000
9239,222812.0000
9240,222812.0000
9241,222812.0000
9242,222812.0000
9243,222812.0000
9244,222812.0000
9245,219539.4000
9246,219539.4000
9247,219539.4000
9248,219539.4000
9249,219539.4000
9250,219539.4000
9251,219539.4000
9252,219539.4000
9253,219539.4000
9254,219539.4000
9255,219539.4000
9256,219539.4000
9257,219539.4000
9258,219539.4000
9259,219539.4000
9260,219539.4000
9261,219539.4000
9262,219539.4000
9263,219539.4000
9264,219539.4000
9265,219539.4000
9266,219539.4000
9267,219539.4000
9268,219539.4000
9269,219539.4000
9270,219539.4000
9271,219539.4000
9272,219539.4000
9273,219539.4000
9274,219539.4000
9275,219539.4000
9276,219539.4000
9277,219539.4000
9278,219539.4000
9279,219539.4000
9280,219539.4000
9281,219539.4000
9282,219539.4000
9283,219539.4000
9284,219539.4000
9285,219539.4000
9286,219539.4000
9287,219539.4000
9288,219539.4000
9289,219539.4000
9290,219539.4000
9291,219539.4000
9292,219539.4000
9293,219539.4000
9294,219539.4000
9295,219539.4000
9296,219539.4000
9297,219539.4000
9298,219539.4000
9299,219539.4000
9300,219539.4000
9301,219036.0000
9302,219036.0000
9303,219036.0000
9304,219036.0000
9305,219036.0000
9306,219036.0000
9307,219036.0000
9308,219036.0000
9309,219036.0000
9310,219036.0000
9311,219036.0000
9312,219036.0000
9313,219036.0000
9314,219036.0000
9315,219036.0000
9316,219036.0000
9317,219036.0000
9318,219036.0000
9319,219036.0000
9320,219036.0000
9321,219036.0000
9322,219036.0000
9323,219036.0000
9324,219036.0000
9325,219036.0000
9326,219036.0000
9327,219036.0000
9328,219036.0000
9329,219036.0000
9330,219036.0000
9331,219036.0000
9332,219036.0000
9333,219036.0000
9334,219036.0000
9335,219036.0000
9336,219036.0000
9337,219036.0000
9338,219036.0000
9339,219036.0000
9340,219036.0000
9341,219036.0000
9342,219036.0000
9343,219036.0000
9344,219036.0000
9345,219036.0000
9346,219036.0000
9347,219036.0000
9348,219036.0000
9349,219036.0000
9350,219036.0000
9351,219036.0000
9352,219036.0000
9353,219036.0000
9354,219036.0000
9355,219036.0000
9356,219036.0000
9357,219036.0000
9358,219036.0000
9359,219036.0000
9360,219036.0000
9361,219036.0000
9362,219036.0000
9363,219036.0000
9364,219036.0000
9365,219036.0000
9366,219036.0000
9367,219036.0000
9368,219036.0000
9369,219036.0000
9370,219036.0000
9371,219036.0000
9372,219036.0000
9373,219036.0000
9374,219036.0000
9375,219036.0000
9376,219036.0000
9377,219036.0000
9378,219036.0000
9379,219036.0000
9380,219036.0000
9381,219036.0000
9382,219036.0000
9383,219036.0000
9384,219036.0000
9385,219036.0000
9386,219036.0000
9387,219036.0000
9388,219036.0000
9389,219036.0000
9390,219036.0000
9391,219036.0000
9392,219036.0000
9393,219036.0000
9394,219036.0000
9395,219036.0000
9396,219036.0000
9397,219036.0000
9398,219036.0000
9399,219036.0000
9400,219036.0000
9401,219036.0000
9402,219036.0000
9403,219036.0000
9404,219036.0000
9405,219036.0000
9406,219036.0000
9407,219036.0000
9408,219036.0000
9409,219036.0000
9410,219036.0000
9411,219036.0000
9412,219036.0000
9413,219036.0000
9414,219036.0000
9415,219036.0000
9416,219036.0000
9417,219036.0000
9418,219036.0000
9419,219036.0000
9420,219036.0000
9421,219036.0000
9422,219036.0000
9423,219036.0000
9424,219036.0000
9425,219036.0000
9426,219036.0000
9427,219036.0000
9428,219036.0000
9429,219036.0000
9430,219036.0000
9431,219036.0000
9432,219036.0000
9433,219036.0000
9434,219036.0000
9435,219036.0000
9436,219036.0000
9437,219036.0000
9438,219036.0000
9439,219036.0000
9440,219036.0000
9441,219036.0000
9442,219036.0000
9443,219036.0000
9444,219036.0000
9445,219036.0000
9446,219036.0000
9447,219036.0000
9448,219036.0000
9449,219036.0000
9450,219036.0000
9451,219036.0000
9452,219036.0000
9453,219036.0000
9454,219036.0000
9455,219036.0000
9456,219036.0000
9457,219036.0000
9458,219036.0000
9459,219036.0000
9460,219036.0000
9461,219036.0000
9462,219036.0000
9463,219036.0000
9464,219036.0000
9465,219036.0000
9466,219036.0000
9467,219036.0000
9468,219036.0000
9469,219036.0000
9470,219036.0000
9471,219036.0000
9472,219036.0000
9473,219036.0000
9474,219036.0000
9475,219036.0000
9476,219036.0000
9477,219036.0000
9478,219036.0000
9479,219036.0000
9480,219036.0000
9481,219036.0000
9482,219036.0000
9483,219036.0000
9484,219036.0000
9485,219036.0000
9486,219036.0000
9487,219036.0000
9488,219036.0000
9489,219036.0000
9490,219036.0000
9491,219036.0000
9492,219036.0000
9493,219036.0000
9494,219036.0000
9495,219036.0000
9496,219036.0000
9497,219036.0000
9498,219036.0000
9499,219036.0000
9500,219036.0000
9501,219036.0000
9502,219036.0000
9503,219036.0000
9504,219036.0000
9505,219036.0000
9506,219036.0000
9507,219036.0000
9508,219036.0000
9509,219036.0000
9510,219036.0000
9511,219036.0000
9512,219036.0000
9513,219036.0000
9514,219036.0000
9515,219036.0000
9516,219036.0000
9517,219036.0000
9518,219036.0000
9519,219036.0000
9520,219036.0000
9521,219036.0000
9522,219036.0000
9523,219036.0000
9524,219036.0000
9525,219036.0000
9526,219036.0000
9527,219036.0000
9528,219036.0000
9529,219036.0000
9530,219036.0000
9531,219036.0000
9532,219036.0000
9533,219036.0000
9534,219036.0000
9535,219036.0000
9536,219036.0000
9537,219036.0000
9538,219036.0000
9539,219036.0000
9540,219036.0000
9541,219036.0000
9542,219036.0000
9543,219036.0000
9544,219036.0000
9545,219036.0000
9546,219036.0000
9547,219036.0000
9548,219036.0000
9549,219036.0000
9550,219036.0000
9551,219036.0000
9552,219036.0000
9553,219036.0000
9554,219036.0000
9555,219036.0000
9556,219036.0000
9557,219036.0000
9558,219036.0000
9559,219036.0000
9560,219036.0000
9561,219036.0000
9562,219036.0000
9563,219036.0000
9564,219036.0000
9565,219036.0000
9566,219036.0000
9567,219036.0000
9568,219036.0000
9569,219036.0000
9570,219036.0000
9571,219036.0000
9572,219036.0000
9573,219036.0000
9574,219036.0000
9575,219036.0000
9576,219036.0000
9577,219036.0000
9578,219036.0000
9579,219036.0000
9580,219036.0000
9581,219036.0000
9582,218800.0000
9583,218800.0000
9584,218800.0000
9585,218800.0000
9586,218800.0000
9587,218800.0000
9588,218800.0000
9589,218800.0000
9590,218800.0000
9591,218800.0000
9592,218800.0000
9593,218800.0000
9594,218800.0000
9595,218800.0000
9596,218800.0000
9597,218800.0000
9598,218800.0000
9599,218800.0000
9600,218800.0000
9601,218800.0000
9602,218800.0000
9603,218800.0000
9604,218800.0000
9605,218800.0000
9606,218800.0000
9607,218800.0000
9608,218800.0000
9609,218800.0000
9610,218800.0000
9611,218800.0000
9612,218800.0000
9613,218800.0000
9614,218800.0000
9615,218800.0000
9616,218800.0000
9617,218800.0000
9618,218800.0000
9619,218800.0000
9620,218800.0000
9621,218800.0000
9622,218800.0000
9623,218800.0000
9624,218800.0000
9625,218800.0000
9626,218800.0000
9627,218800.0000
9628,218800.0000
9629,218800.0000
9630,218800.0000
9631,218800.0000
9632,218800.0000
9633,218800.0000
9634,218800.0000
9635,218800.0000
9636,218800.0000
9637,218800.0000
9638,218800.0000
9639,218800.0000
9640,218800.0000
9641,218800.0000
9642,218800.0000
9643,218800.0000
9644,218800.0000
9645,218800.0000
9646,218800.0000
9647,218800.0000
9648,218800.0000
9649,218800.0000
9650,218800.0000
9651,218800.0000
9652,218800.0000
9653,218800.0000
9654,218800.0000
9655,218800.0000
9656,218800.0000
9657,218800.0000
9658,218800.0000
9659,218800.0000
9660,218800.0000
9661,218800.0000
9662,218800.0000
9663,218800.0000
9664,218800.0000
9665,218800.0000
9666,218800.0000
9667,218800.0000
9668,218800.0000
9669,218800.0000
9670,218800.0000
9671,218800.0000
9672,218800.0000
9673,218800.0000
9674,218800.0000
9675,218800.0000
9676,218800.0000
9677,218800.0000
9678,218800.0000
9679,218800.0000
9680,218800.0000
9681,218800.0000
9682,218800.0000
9683,218800.0000
9684,218800.0000
9685,218800.0000
9686,218800.0000
9687,218800.0000
9688,218800.0000
9689,218800.0000
9690,218800.0000
9691,218800.0000
9692,218800.0000
9693,218800.0000
9694,218800.0000
9695,218800.0000
9696,218800.0000
9697,218800.0000
9698,218800.0000
9699,218800.0000
9700,218800.0000
9701,218800.0000
9702,218800.0000
9703,218800.0000
9704,218800.0000
9705,218800.0000
9706,218800.0000
9707,218800.0000
9708,218800.0000
9709,218800.0000
9710,218800.0000
9711,218800.0000
9712,218800.0000
9713,218800.0000
9714,218800.0000
9715,218800.0000
9716,218800.0000
9717,218800.0000
9718,218800.0000
9719,218800.0000
9720,218800.0000
9721,218800.0000
9722,218800.0000
9723,218800.0000
9724,218800.0000
9725,218800.0000
9726,218800.0000
9727,218800.0000
9728,218800.0000
9729,218800.0000
9730,218800.0000
9731,218800.0000
9732,218800.0000
9733,218800.0000
9734,218800.0000
9735,218800.0000
9736,218800.0000
9737,218800.0000
9738,218800.0000
9739,218800.0000
9740,218800.0000
9741,218800.0000
9742,218800.0000
9743,218800.0000
9744,218800.0000
9745,218800.0000
9746,218800.0000
9747,218800.0000
9748,218800.0000
9749,218800.0000
9750,218800.0000
9751,218800.0000
9752,218800.0000
9753,218800.0000
9754,218800.0000
9755,218800.0000
9756,218800.0000
9757,218800.0000
9758,218800.0000
9759,218800.0000
9760,218800.0000
9761,218800.0000
9762,218800.0000
9763,218800.0000
9764,218800.0000
9765,218800.0000
9766,218800.0000
9767,218800.0000
9768,218800.0000
9769,218800.0000
9770,218800.0000
9771,218800.0000
9772,218800.0000
9773,218800.0000
9774,218800.0000
9775,218800.0000
9776,218800.0000
9777,218800.0000
9778,218800.0000
9779,218800.0000
9780,218800.0000
9781,218800.0000
9782,218800.0000
9783,218800.0000
9784,218800.0000
9785,218800.0000
9786,218800.0000
9787,218800.0000
9788,218800.0000
9789,218800.0000
9790,218800.0000
9791,218800.0000
9792,218800.0000
9793,218800.0000
9794,218800.0000
9795,218800.0000
9796,218800.0000
9797,218800.0000
9798,218800.0000
9799,218800.0000
9800,218800.0000
9801,218800.0000
9802,218800.0000
9803,218800.0000
9804,218800.0000
9805,218800.0000
9806,218800.0000
9807,218800.0000
9808,218800.0000
9809,218800.0000
9810,218800.0000
9811,218800.0000
9812,218800.0000
9813,218800.0000
9814,218800.0000
9815,218800.0000
9816,218800.0000
9817,218800.0000
9818,218800.0000
9819,218800.0000
9820,218800.0000
9821,218800.0000
9822,218800.0000
9823,218800.0000
9824,218800.0000
9825,218800.0000
9826,218800.0000
9827,218800.0000
9828,218800.0000
9829,218800.0000
9830,218800.0000
9831,218800.0000
9832,218800.0000
9833,218800.0000
9834,218800.0000
9835,218800.0000
9836,218800.0000
9837,218800.0000
9838,218800.0000
9839,218800.0000
9840,218800.0000
9841,218800.0000
9842,218800.0000
9843,218800.0000
9844,218800.0000
9845,218800.0000
9846,218800.0000
9847,218800.0000
9848,218800.0000
9849,218800.0000
9850,218800.0000
9851,218800.0000
9852,218800.0000
9853,218800.0000
9854,218800.0000
9855,218800.0000
9856,218800.0000
9857,218800.0000
9858,218800.0000
9859,218800.0000
9860,218800.0000
9861,218800.0000
9862,218800.0000
9863,218800.0000
9864,218800.0000
9865,218800.0000
9866,218800.0000
9867,218800.0000
9868,218800.0000
9869,218800.0000
9870,218800.0000
9871,218800.0000
9872,218800.0000
9873,218800.0000
9874,218800.0000
9875,218800.0000
9876,218800.0000
9877,218800.0000
9878,218800.0000
9879,218800.0000
9880,218800.0000
9881,218800.0000
9882,218800.0000
9883,218800.0000
9884,218800.0000
9885,218800.0000
9886,218800.0000
9887,218800.0000
9888,218800.0000
9889,218800.0000
9890,218800.0000
9891,218800.0000
9892,218800.0000
9893,218800.0000
9894,218800.0000
9895,218800.0000
9896,218800.0000
9897,218800.0000
9898,218800.0000
9899,218800.0000
9900,218800.0000
9901,218800.0000
9902,218800.0000
9903,218800.0000
9904,218800.0000
9905,218800.0000
9906,218800.0000
9907,218800.0000
9908,218800.0000
9909,218800.0000
9910,218800.0000
9911,218800.0000
9912,218800.0000
9913,218800.0000
9914,218800.0000
9915,218800.0000
9916,218800.0000
9917,218800.0000
9918,218800.0000
9919,218800.0000
9920,218800.0000
9921,218800.0000
9922,218800.0000
9923,218800.0000
9924,218800.0000
9925,218800.0000
9926,218800.0000
9927,218800.0000
9928,218800.0000
9929,218800.0000
9930,218800.0000
9931,218800.0000
9932,218800.0000
9933,218800.0000
9934,218800.0000
9935,218800.0000
9936,218800.0000
9937,218800.0000
9938,218800.0000
9939,218800.0000
9940,218800.0000
9941,218800.0000
9942,218800.0000
9943,218800.0000
9944,218800.0000
9945,218800.0000
9946,218800.0000
9947,218800.0000
9948,218800.0000
9949,218800.0000
9950,218800.0000
9951,218800.0000
9952,218800.0000
9953,218800.0000
9954,218800.0000
9955,218800.0000
9956,218800.0000
9957,218800.0000
9958,218800.0000
9959,218800.0000
9960,218800.0000
9961,218800.0000
9962,218800.0000
9963,218800.0000
9964,218800.0000
9965,218800.0000
9966,218800.0000
9967,218800.0000
9968,218800.0000
9969,218800.0000
9970,218800.0000
9971,218800.0000
9972,218800.0000
9973,218800.0000
9974,218800.0000
9975,218800.0000
9976,218800.0000
9977,218800.0000
9978,218800.0000
9979,218800.0000
9980,218800.0000
9981,218800.0000
9982,218800.0000
9983,218800.0000
9984,218800.0000
9985,218800.0000
9986,218800.0000
9987,218800.0000
9988,218800.0000
9989,218800.0000
9990,218800.0000
9991,218800.0000
9992,218800.0000
9993,218800.0000
9994,218800.0000
9995,218800.0000
9996,218800.0000
9997,218800.0000
9998,218800.0000
9999,218800.0000
10000,218800.0000
10001,218800.0000
10002,218800.0000
10003,218800.0000
10004,218800.0000
10005,218800.0000
10006,218800.0000
10007,218800.0000
10008,218800.0000
10009,218800.0000
10010,218800.0000
10011,218800.0000
10012,218800.0000
10013,218800.0000
10014,218800.0000
10015,218800.0000
10016,218800.0000
10017,218800.0000
10018,218800.0000
10019,218800.0000
10020,218800.0000
10021,218800.0000
10022,218800.0000
10023,218800.0000
10024,218800.0000
10025,218800.0000
10026,218800.0000
10027,218800.0000
10028,218800.0000
10029,218800.0000
10030,218800.0000
10031,218800.0000
10032,218800.0000
10033,218800.0000
10034,218800.0000
10035,218800.0000
10036,218800.0000
10037,218800.0000
10038,218800.0000
10039,218800.0000
10040,218800.0000
10041,218800.0000
10042,218800.0000
10043,218800.0000
10044,218800.0000
10045,218800.0000
10046,218800.0000
10047,218800.0000
10048,218800.0000
10049,218800.0000
10050,218800.0000
10051,218800.0000
10052,218800.0000
10053,218800.0000
10054,218800.0000
10055,218800.0000
10056,218800.0000
10057,218800.0000
10058,218800.0000
10059,218800.0000
10060,218800.0000
10061,218800.0000
10062,218800.0000
10063,218800.0000
10064,218800.0000
10065,218800.0000
10066,218800.0000
10067,218800.0000
10068,218800.0000
10069,218800.0000
10070,218800.0000
10071,218800.0000
10072,218800.0000
10073,218800.0000
10074,218800.0000
10075,218800.0000
10076,218800.0000
10077,218800.0000
10078,218800.0000
10079,218800.0000
10080,218800.0000
10081,218800.0000
10082,218800.0000
10083,218800.0000
10084,218800.0000
10085,218800.0000
10086,218800.0000
10087,218800.0000
10088,218800.0000
10089,218800.0000
10090,218800.0000
10091,218800.0000
10092,218800.0000
10093,218800.0000
10094,218800.0000
10095,218800.0000
10096,218800.0000
10097,218800.0000
10098,218800.0000
10099,218800.0000
10100,218800.0000
10101,218800.0000
10102,218800.0000
10103,218800.0000
10104,218800.0000
10105,218800.0000
10106,218800.0000
10107,218800.0000
10108,218800.0000
10109,218800.0000
10110,218800.0000
10111,218800.0000
10112,218800.0000
10113,218800.0000
10114,218800.0000
10115,218800.0000
10116,218800.0000
10117,218800.0000
10118,218800.0000
10119,218800.0000
10120,218800.0000
10121,218800.0000
10122,218800.0000
10123,218800.0000
10124,218800.0000
10125,218800.0000
10126,218800.0000
10127,218800.0000
10128,218800.0000
10129,218800.0000
10130,218800.0000
10131,218800.0000
10132,218800.0000
10133,218800.0000
10134,218800.0000
10135,218800.0000
10136,218800.0000
10137,218800.0000
10138,218800.0000
10139,218800.0000
10140,218800.0000
10141,218800.0000
10142,218800.0000
10143,218800.0000
10144,218800.0000
10145,218800.0000
10146,218800.0000
10147,218800.0000
10148,218800.0000
10149,218800.0000
10150,218800.0000
10151,218800.0000
10152,218800.0000
10153,218800.0000
10154,218800.0000
10155,218800.0000
10156,218800.0000
10157,218800.0000
10158,218800.0000
10159,218800.0000
10160,218800.0000
10161,218800.0000
10162,218800.0000
10163,218800.0000
10164,218800.0000
10165,218800.0000
10166,218800.0000
10167,218800.0000
10168,218800.0000
10169,218800.0000
10170,218800.0000
10171,218800.0000
10172,218800.0000
10173,218800.0000
10174,218800.0000
10175,218800.0000
10176,218800.0000
10177,218800.0000
10178,218800.0000
10179,218800.0000
10180,218800.0000
10181,218800.0000
10182,218800.0000
10183,218800.0000
10184,218800.0000
10185,218800.0000
10186,218800.0000
10187,218800.0000
10188,218800.0000
10189,218800.0000
10190,218800.0000
10191,218800.0000
10192,218800.0000
10193,218800.0000
10194,218800.0000
10195,218800.0000
10196,218800.0000
10197,218800.0000
10198,218800.0000
10199,218800.0000
10200,218800.0000
10201,218800.0000
10202,218800.0000
10203,218800.0000
10204,218800.0000
10205,218800.0000
10206,218800.0000
10207,218800.0000
10208,218800.0000
10209,218800.0000
10210,218800.0000
10211,218800.0000
10212,218800.0000
10213,218800.0000
10214,218800.0000
10215,218800.0000
10216,218800.0000
10217,218800.0000
10218,218800.0000
10219,218800.0000
10220,218800.0000
10221,218800.0000
10222,218800.0000
10223,218800.0000
10224,218800.0000
10225,218800.0000
10226,218800.0000
10227,218800.0000
10228,218800.0000
10229,218800.0000
10230,218800.0000
10231,218800.0000
10232,218800.0000
10233,218800.0000
10234,218800.0000
10235,218800.0000
10236,218800.0000
10237,218800.0000
10238,218800.0000
10239,218800.0000
10240,218800.0000
10241,218800.0000
10242,218800.0000
10243,218800.0000
10244,218800.0000
10245,218800.0000
10246,218800.0000
10247,218800.0000
10248,218800.0000
10249,218800.0000
10250,218800.0000
10251,218800.0000
10252,218800.0000
10253,218800.0000
10254,218800.0000
10255,218800.0000
10256,218800.0000
10257,218800.0000
10258,218800.0000
10259,218800.0000
10260,218800.0000
10261,218800.0000
10262,218800.0000
10263,218800.0000
10264,218800.0000
10265,218800.0000
10266,218800.0000
10267,218800.0000
10268,218800.0000
10269,218800.0000
10270,218800.0000
10271,218800.0000
10272,218800.0000
10273,218800.0000
10274,218800.0000
10275,218800.0000
10276,218800.0000
10277,218800.0000
10278,218800.0000
10279,218800.0000
10280,218800.0000
10281,218800.0000
10282,218800.0000
10283,218800.0000
10284,218800.0000
10285,218800.0000
10286,218800.0000
10287,218800.0000
10288,218800.0000
10289,218800.0000
10290,218800.0000
10291,218800.0000
10292,218800.0000
10293,218800.0000
10294,218800.0000
10295,218800.0000
10296,218800.0000
10297,218800.0000
10298,218800.0000
10299,218800.0000
10300,218800.0000
10301,218800.0000
10302,218800.0000
10303,218800.0000
10304,218800.0000
10305,218800.0000
10306,218800.0000
10307,218800.0000
10308,218800.0000
10309,218800.0000
10310,218800.0000
10311,218800.0000
10312,218800.0000
10313,218800.0000
10314,218800.0000
10315,218800.0000
10316,218800.0000
10317,218800.0000
10318,218800.0000
10319,218800.0000
10320,218800.0000
10321,218800.0000
10322,218800.0000
10323,218800.0000
10324,218800.0000
10325,218800.0000
10326,218800.0000
10327,218800.0000
10328,218800.0000
10329,218800.0000
10330,218800.0000
10331,218800.0000
10332,218800.0000
10333,218800.0000
10334,218800.0000
10335,218800.0000
10336,218800.0000
10337,218800.0000
10338,218800.0000
10339,218800.0000
10340,218800.0000
