════════════════════════════════════════════════════════════════
              最优Cmax解的详细调度记录
════════════════════════════════════════════════════════════════

【基本信息】
----------------------------------------------------------------------------------------------------
Cmax (最大完工时间): 77549.53
能耗: 971.64 kWh
装箱质量: 0.2285
批次总数: 15
工件数量: 100
机器数量: 17 (打印机:5, 批处理机:2, 离散机:10)

【染色体编码】
----------------------------------------------------------------------------------------------------
工序序列 (OS): [82, 6, 87, 10, 59, 93, 66, 28, 26, 62, 39, 43, 47, 36, 40, 56, 4, 90, 7, 44, 60, 71, 50, 80, 24, 15, 34, 79, 91, 75, 5, 69, 33, 88, 2, 65, 23, 48, 92, 76, 94, 99, 78, 38, 85, 25, 89, 41, 52, 70, 29, 83, 8, 53, 63, 97, 0, 84, 77, 14, 72, 11, 68, 58, 19, 51, 55, 73, 98, 22, 13, 64, 86, 61, 42, 81, 54, 32, 21, 30, 17, 1, 12, 3, 27, 95, 96, 74, 9, 57, 16, 37, 67, 18, 49, 31, 20, 46, 35, 45, 52, 99, 93, 65, 53, 20, 65, 0, 49, 47, 96, 9, 40, 24, 69, 69, 65, 47, 46, 94, 35, 8, 34, 67, 20, 58, 20, 35, 39, 40, 83, 94, 49, 26, 72, 45, 23, 23, 77, 33, 59, 16, 39, 24, 25, 39, 44, 99, 32, 14, 71, 26, 37, 45, 94, 43, 13, 15, 66, 79, 17, 13, 64, 47, 43, 28, 59, 10, 77, 58, 30, 25, 25, 4, 36, 72, 3, 41, 96, 85, 1, 28, 30, 0, 52, 92, 30, 36, 30, 29, 26, 41, 86, 83, 74, 45, 18, 54, 93, 47, 52, 36, 96, 3, 31, 3, 23, 94, 14, 4, 5, 4, 75, 45, 14, 39, 37, 26, 73, 66, 60, 14, 33, 14, 74, 59, 17, 0, 30, 72, 46, 17, 69, 8, 21, 15, 8, 41, 21, 65, 28, 23, 83, 86, 55, 72, 46, 15, 66, 83, 7, 17, 94, 7, 15, 14, 16, 6, 30, 41, 17, 3, 97, 99, 31, 14, 55, 30, 30, 41, 69, 34, 17, 15, 1, 88, 31, 55, 21, 57, 36, 89, 93, 43, 99, 52, 5, 8, 40, 5, 36, 75, 26, 67, 75, 23, 69, 68, 33, 32, 58, 25, 34, 46, 72, 6, 24, 6, 86, 8, 13, 11, 11, 88, 31, 11, 55, 29, 52, 94, 87, 99, 24, 11, 70, 41, 50, 42, 51, 26, 85, 28, 96, 43, 82, 96, 96, 5, 33, 33, 46, 74, 7, 13, 5, 36, 45, 52, 47, 97, 83, 86, 65, 69, 7, 26, 10, 47, 55, 91, 78, 4, 58, 23, 66, 25, 12, 14, 55, 82, 68, 13, 40, 33, 77, 59, 24, 45, 32, 81, 72, 97, 32, 28, 47, 3, 20, 32, 42, 72, 53, 4, 24, 92, 36, 45, 5, 40, 15, 89, 48, 96, 23, 62, 31, 57, 75, 2, 87, 10, 81, 90, 11, 67, 8, 99, 32, 66, 26, 9, 59, 6, 1, 0, 93, 87, 20, 49, 10, 71, 7, 43, 24, 4, 69, 88, 75, 37, 10, 19, 25, 17, 68, 83, 67, 46, 13, 71]
机器选择 (MS): [5, 1, 3, 5, 4, 3, 2, 4, 5, 2, 4, 4, 5, 2, 2, 5, 3, 2, 5, 2, 3, 5, 2, 4, 1, 4, 5, 2, 5, 2, 2, 3, 2, 2, 2, 1, 2, 3, 2, 3, 4, 1, 4, 2, 4, 1, 2, 3, 2, 3, 1, 1, 5, 5, 2, 4, 2, 2, 3, 3, 3, 1, 2, 5, 3, 2, 5, 1, 2, 4, 1, 2, 4, 5, 3, 1, 2, 1, 5, 1, 1, 4, 4, 2, 2, 1, 5, 2, 3, 5, 5, 4, 5, 4, 1, 1, 5, 4, 3, 4, 3, 3, 2, 2, 2, 1, 2, 1, 1, 2, 1, 1, 2, 1, 2, 1, 3, 3, 2, 1, 1, 1, 1, 1, 2, 1, 1, 2, 1, 1, 2, 1, 1, 1, 1, 1, 1, 2, 1, 1, 3, 2, 2, 1, 3, 1, 3, 1, 1, 2, 3, 1, 1, 1, 1, 1, 1, 1, 1, 1, 1, 1, 2, 1, 2, 1, 1, 2, 2, 3, 1, 1, 3, 1, 2, 1, 1, 2, 1, 2, 1, 1, 2, 1, 1, 1, 2, 1, 2, 2, 2, 1, 1, 3, 1, 1, 1, 1, 1, 1, 1, 1, 2, 1, 1, 1, 2, 1, 2, 1, 1, 1, 1, 1, 1, 1, 3, 1, 2, 1, 2, 3, 2, 3, 1, 1, 1, 1, 3, 2, 2, 1, 2, 1, 1, 1, 2, 1, 1, 1, 1, 3, 1, 2, 3, 2, 1, 1, 1, 2, 2, 1, 2, 1, 1, 1, 2, 3, 1, 1, 2, 2, 3, 1, 3, 2, 1, 2, 1, 2, 1, 1, 1, 2, 3, 2, 2, 1, 2, 2, 2, 3, 1, 1, 3, 1, 1, 1, 3, 2, 1, 1, 1, 1, 1, 2, 2, 2, 1, 1, 1, 1, 1, 2, 2, 2, 1, 1, 1, 1, 1, 1, 2, 1, 2, 1, 1, 1, 1, 1, 2, 1, 2, 2, 2, 2, 1, 1, 1, 1, 1, 2, 1, 3, 1, 2, 2, 1, 2, 1, 1, 1, 2, 3, 1, 1, 1, 3, 2, 3, 1, 1, 2, 1, 1, 2, 2, 2, 1, 1, 1, 2, 2, 1, 1, 1, 1, 1, 1, 1, 1, 1, 3, 3, 1, 1, 1, 1, 1, 1, 1, 1, 1, 3, 1, 2, 1, 1, 1, 3, 1, 1, 2, 3, 1, 1, 1, 3, 1, 1, 1, 3, 1, 1, 1, 1, 1, 1, 1, 1, 1, 2, 1, 1, 2, 2, 1, 1, 1, 1, 1, 3, 2, 2, 1, 3, 1, 1, 1, 1, 1, 1, 1, 1, 2, 1, 2, 1, 3, 2, 1, 1, 1, 1, 2, 1, 1, 1]

【零件加工顺序记录】
----------------------------------------------------------------------------------------------------
工件号      工序号             机器号             开始时间            结束时间            加工时长           
----------------------------------------------------------------------------------------------------

工件 0:
  0        0               打印机2            0.00            18867.23        18867.23       
  0        1               批处理机2           18867.23        19931.23        1064.00        
  0        2               离散机6            19931.23        21517.23        1586.00        
  0        3               离散机10           21517.23        22723.23        1206.00        
  0        4               离散机2            22723.23        24122.23        1399.00        
  0        5               离散机4            28308.23        30013.23        1705.00        

工件 1:
  1        0               打印机4            0.00            29405.18        29405.18       
  1        1               批处理机2           29405.18        30469.18        1064.00        
  1        2               离散机8            34389.18        36033.18        1644.00        
  1        3               离散机7            36033.18        37815.18        1782.00        
  1        4               离散机8            37815.18        39524.18        1709.00        

工件 2:
  2        0               打印机2            18867.23        45488.84        26621.61       
  2        1               批处理机2           45488.84        46552.84        1064.00        
  2        2               离散机1            73079.53        74336.53        1257.00        

工件 3:
  3        0               打印机2            18867.23        45488.84        26621.61       
  3        1               批处理机2           45488.84        46552.84        1064.00        
  3        2               离散机1            47763.73        48695.73        932.00         
  3        3               离散机10           48695.73        49957.73        1262.00        
  3        4               离散机2            49957.73        50955.73        998.00         
  3        5               离散机1            53784.15        55501.15        1717.00        
  3        6               离散机6            64202.53        65360.53        1158.00        

工件 4:
  4        0               打印机3            0.00            15605.98        15605.98       
  4        1               批处理机2           15605.98        16669.98        1064.00        
  4        2               离散机1            16669.98        17802.98        1133.00        
  4        3               离散机10           17833.98        19181.98        1348.00        
  4        4               离散机3            22490.98        23721.98        1231.00        
  4        5               离散机8            23721.98        24638.98        917.00         
  4        6               离散机8            36033.18        37491.18        1458.00        
  4        7               离散机10           61459.08        63139.08        1680.00        

工件 5:
  5        0               打印机2            18867.23        45488.84        26621.61       
  5        1               批处理机2           45488.84        46552.84        1064.00        
  5        2               离散机1            48695.73        50368.73        1673.00        
  5        3               离散机8            52638.85        53934.85        1296.00        
  5        4               离散机1            55501.15        57204.15        1703.00        
  5        5               离散机2            57204.15        58375.15        1171.00        
  5        6               离散机2            60010.15        60910.15        900.00         
  5        7               离散机5            61959.53        63688.53        1729.00        

工件 6:
  6        0               打印机1            0.00            10191.79        10191.79       
  6        1               批处理机2           10191.79        11255.79        1064.00        
  6        2               离散机3            11255.79        12922.79        1667.00        
  6        3               离散机2            12922.79        14587.79        1665.00        
  6        4               离散机3            14587.79        15543.79        956.00         
  6        5               离散机1            17802.98        19510.98        1708.00        

工件 7:
  7        0               打印机5            0.00            38997.00        38997.00       
  7        1               批处理机1           38997.00        40107.00        1110.00        
  7        2               离散机2            40488.85        41476.85        988.00         
  7        3               离散机8            43416.00        44632.00        1216.00        
  7        4               离散机1            51414.73        52340.73        926.00         
  7        5               离散机1            60587.00        62038.00        1451.00        
  7        6               离散机9            74188.00        75650.00        1462.00        

工件 8:
  8        0               打印机5            0.00            38997.00        38997.00       
  8        1               批处理机1           38997.00        40107.00        1110.00        
  8        2               离散机5            40107.00        41363.00        1256.00        
  8        3               离散机6            44433.00        45460.00        1027.00        
  8        4               离散机2            54197.00        55808.00        1611.00        
  8        5               离散机5            55808.00        56796.00        988.00         
  8        6               离散机1            59554.00        60587.00        1033.00        
  8        7               离散机4            69565.00        71226.00        1661.00        

工件 9:
  9        0               打印机3            0.00            15605.98        15605.98       
  9        1               批处理机2           15605.98        16669.98        1064.00        
  9        2               离散机9            16669.98        18113.98        1444.00        
  9        3               离散机4            27340.23        28308.23        968.00         

工件 10:
  10       0               打印机5            0.00            38997.00        38997.00       
  10       1               批处理机1           38997.00        40107.00        1110.00        
  10       2               离散机9            40107.00        41832.00        1725.00        
  10       3               离散机5            52492.84        53560.84        1068.00        
  10       4               离散机6            65360.53        66876.53        1516.00        
  10       5               离散机2            69242.00        70971.00        1729.00        
  10       6               离散机9            75650.00        76904.00        1254.00        

工件 11:
  11       0               打印机1            0.00            10191.79        10191.79       
  11       1               批处理机2           10191.79        11255.79        1064.00        
  11       2               离散机3            12922.79        14303.79        1381.00        
  11       3               离散机8            14804.79        15820.79        1016.00        
  11       4               离散机3            26911.98        27902.98        991.00         
  11       5               离散机8            30268.23        31206.23        938.00         
  11       6               离散机6            52344.84        53452.84        1108.00        

工件 12:
  12       0               打印机4            0.00            29405.18        29405.18       
  12       1               批处理机2           29405.18        30469.18        1064.00        
  12       2               离散机7            37815.18        39573.18        1758.00        

工件 13:
  13       0               打印机1            10191.79        38293.85        28102.05       
  13       1               批处理机2           38293.85        39357.85        1064.00        
  13       2               离散机3            45908.85        47365.85        1457.00        
  13       3               离散机8            47365.85        48403.85        1038.00        
  13       4               离散机5            50816.84        52492.84        1676.00        
  13       5               离散机2            58375.15        60010.15        1635.00        
  13       6               离散机7            67763.00        69374.00        1611.00        
  13       7               离散机1            76473.53        77549.53        1076.00        

工件 14:
  14       0               打印机3            0.00            15605.98        15605.98       
  14       1               批处理机2           15605.98        16669.98        1064.00        
  14       2               离散机2            16669.98        18439.98        1770.00        
  14       3               离散机3            21098.98        22490.98        1392.00        
  14       4               离散机6            24550.23        25641.23        1091.00        
  14       5               离散机8            25641.23        27155.23        1514.00        
  14       6               离散机6            27155.23        28677.23        1522.00        
  14       7               离散机8            28677.23        30268.23        1591.00        
  14       8               离散机10           33130.18        34387.18        1257.00        
  14       9               离散机4            40578.85        42113.85        1535.00        

工件 15:
  15       0               打印机4            0.00            29405.18        29405.18       
  15       1               批处理机2           29405.18        30469.18        1064.00        
  15       2               离散机8            32983.18        34389.18        1406.00        
  15       3               离散机3            35170.18        36159.18        989.00         
  15       4               离散机4            37632.18        39063.18        1431.00        
  15       5               离散机3            52692.85        54199.85        1507.00        
  15       6               离散机3            54199.85        55429.85        1230.00        
  15       7               离散机5            59237.00        60150.00        913.00         

工件 16:
  16       0               打印机5            38997.00        50194.00        11197.00       
  16       1               批处理机2           50194.00        51258.00        1064.00        
  16       2               离散机2            51258.00        53048.00        1790.00        
  16       3               离散机7            54050.85        55619.85        1569.00        

工件 17:
  17       0               打印机1            51306.15        56703.08        5396.92        
  17       1               批处理机2           56703.08        57767.08        1064.00        
  17       2               离散机10           57767.08        58721.08        954.00         
  17       3               离散机6            58721.08        59959.08        1238.00        
  17       4               离散机9            62310.53        63295.53        985.00         
  17       5               离散机9            64739.00        65745.00        1006.00        
  17       6               离散机5            65745.00        67166.00        1421.00        
  17       7               离散机2            67166.00        68137.00        971.00         
  17       8               离散机6            72980.53        73899.53        919.00         

工件 18:
  18       0               打印机4            0.00            29405.18        29405.18       
  18       1               批处理机2           29405.18        30469.18        1064.00        
  18       2               离散机9            31769.18        32911.18        1142.00        

工件 19:
  19       0               打印机3            15605.98        35382.68        19776.71       
  19       1               批处理机2           35382.68        36446.68        1064.00        
  19       2               离散机4            59163.00        60700.00        1537.00        

工件 20:
  20       0               打印机5            0.00            38997.00        38997.00       
  20       1               批处理机1           38997.00        40107.00        1110.00        
  20       2               离散机1            40107.00        41681.00        1574.00        
  20       3               离散机5            41681.00        42906.00        1225.00        
  20       4               离散机6            43173.00        44433.00        1260.00        
  20       5               离散机5            58006.00        59237.00        1231.00        
  20       6               离散机9            72824.00        74188.00        1364.00        

工件 21:
  21       0               打印机5            0.00            38997.00        38997.00       
  21       1               批处理机1           38997.00        40107.00        1110.00        
  21       2               离散机7            41781.00        43335.00        1554.00        
  21       3               离散机6            45460.00        47069.00        1609.00        
  21       4               离散机6            47069.00        48634.00        1565.00        

工件 22:
  22       0               打印机4            0.00            29405.18        29405.18       
  22       1               批处理机2           29405.18        30469.18        1064.00        

工件 23:
  23       0               打印机2            0.00            18867.23        18867.23       
  23       1               批处理机2           18867.23        19931.23        1064.00        
  23       2               离散机4            19931.23        21254.23        1323.00        
  23       3               离散机9            21254.23        22973.23        1719.00        
  23       4               离散机6            22973.23        24550.23        1577.00        
  23       5               离散机6            28677.23        30265.23        1588.00        
  23       6               离散机9            32911.18        34008.18        1097.00        
  23       7               离散机3            36159.18        37775.18        1616.00        
  23       8               离散机5            63688.53        64926.53        1238.00        

工件 24:
  24       0               打印机1            10191.79        38293.85        28102.05       
  24       1               批处理机2           38293.85        39357.85        1064.00        
  24       2               离散机3            39357.85        40687.85        1330.00        
  24       3               离散机3            42209.85        43608.85        1399.00        
  24       4               离散机5            43608.85        44674.85        1066.00        
  24       5               离散机4            44674.85        46066.85        1392.00        
  24       6               离散机10           54983.85        56160.85        1177.00        
  24       7               离散机1            71462.53        73079.53        1617.00        
  24       8               离散机4            73079.53        74430.53        1351.00        

工件 25:
  25       0               打印机1            10191.79        38293.85        28102.05       
  25       1               批处理机2           38293.85        39357.85        1064.00        
  25       2               离散机3            43608.85        44529.85        921.00         
  25       3               离散机2            44529.85        45855.85        1326.00        
  25       4               离散机4            47714.84        48799.84        1085.00        
  25       5               离散机1            50368.73        51414.73        1046.00        
  25       6               离散机9            52327.00        54045.00        1718.00        
  25       7               离散机3            71755.00        73492.00        1737.00        

工件 26:
  26       0               打印机5            0.00            38997.00        38997.00       
  26       1               批处理机1           38997.00        40107.00        1110.00        
  26       2               离散机7            40107.00        41781.00        1674.00        
  26       3               离散机2            41781.00        43306.00        1525.00        
  26       4               离散机3            49933.85        51083.85        1150.00        
  26       5               离散机3            51083.85        52692.85        1609.00        
  26       6               离散机8            55204.00        56842.00        1638.00        
  26       7               离散机6            59959.08        61391.08        1432.00        
  26       8               离散机9            67454.00        68518.00        1064.00        
  26       9               离散机5            69826.53        71322.53        1496.00        

工件 27:
  27       0               打印机2            45488.84        58242.04        12753.19       
  27       1               批处理机2           58242.04        59306.04        1064.00        

工件 28:
  28       0               打印机4            0.00            29405.18        29405.18       
  28       1               批处理机2           29405.18        30469.18        1064.00        
  28       2               离散机7            33481.18        35275.18        1794.00        
  28       3               离散机9            35275.18        37010.18        1735.00        
  28       4               离散机10           37010.18        38218.18        1208.00        
  28       5               离散机10           38218.18        39284.18        1066.00        
  28       6               离散机6            51313.84        52344.84        1031.00        

工件 29:
  29       0               打印机1            0.00            10191.79        10191.79       
  29       1               批处理机2           10191.79        11255.79        1064.00        
  29       2               离散机1            11255.79        12441.79        1186.00        
  29       3               离散机5            12441.79        13586.79        1145.00        

工件 30:
  30       0               打印机1            38293.85        51306.15        13012.31       
  30       1               批处理机2           51306.15        52370.15        1064.00        
  30       2               离散机2            53048.00        54197.00        1149.00        
  30       3               离散机8            54197.00        55204.00        1007.00        
  30       4               离散机4            55204.00        56736.00        1532.00        
  30       5               离散机6            56736.00        57812.00        1076.00        
  30       6               离散机1            57812.00        59554.00        1742.00        
  30       7               离散机7            59554.00        60759.00        1205.00        
  30       8               离散机4            60759.00        62136.00        1377.00        
  30       9               离散机7            62136.00        63276.00        1140.00        

工件 31:
  31       0               打印机1            38293.85        51306.15        13012.31       
  31       1               批处理机2           51306.15        52370.15        1064.00        
  31       2               离散机1            52370.15        53784.15        1414.00        
  31       3               离散机7            55619.85        57244.85        1625.00        
  31       4               离散机3            57244.85        58567.85        1323.00        
  31       5               离散机9            65745.00        67454.00        1709.00        
  31       6               离散机9            70589.00        71756.00        1167.00        

工件 32:
  32       0               打印机1            10191.79        38293.85        28102.05       
  32       1               批处理机2           38293.85        39357.85        1064.00        
  32       2               离散机2            39357.85        40488.85        1131.00        
  32       3               离散机9            41832.00        43314.00        1482.00        
  32       4               离散机1            69226.53        70155.53        929.00         
  32       5               离散机6            70155.53        71355.53        1200.00        
  32       6               离散机7            71355.53        72934.53        1579.00        
  32       7               离散机10           72934.53        74010.53        1076.00        

工件 33:
  33       0               打印机2            18867.23        45488.84        26621.61       
  33       1               批处理机2           45488.84        46552.84        1064.00        
  33       2               离散机2            46552.84        48322.84        1770.00        
  33       3               离散机5            48322.84        49386.84        1064.00        
  33       4               离散机6            50404.84        51313.84        909.00         
  33       5               离散机8            56842.00        58630.00        1788.00        
  33       6               离散机6            62947.53        64202.53        1255.00        
  33       7               离散机10           64202.53        65609.53        1407.00        

工件 34:
  34       0               打印机5            0.00            38997.00        38997.00       
  34       1               批处理机1           38997.00        40107.00        1110.00        
  34       2               离散机3            40687.85        42209.85        1522.00        
  34       3               离散机1            44767.00        46161.00        1394.00        
  34       4               离散机5            49386.84        50816.84        1430.00        

工件 35:
  35       0               打印机3            0.00            15605.98        15605.98       
  35       1               批处理机2           15605.98        16669.98        1064.00        
  35       2               离散机8            16669.98        18387.98        1718.00        
  35       3               离散机3            18387.98        20069.98        1682.00        

工件 36:
  36       0               打印机2            18867.23        45488.84        26621.61       
  36       1               批处理机2           45488.84        46552.84        1064.00        
  36       2               离散机9            46552.84        47546.84        994.00         
  36       3               离散机3            48883.85        49933.85        1050.00        
  36       4               离散机4            49933.85        51222.85        1289.00        
  36       5               离散机8            51222.85        52638.85        1416.00        
  36       6               离散机10           52638.85        53586.85        948.00         
  36       7               离散机10           53586.85        54983.85        1397.00        
  36       8               离散机4            58181.00        59163.00        982.00         

工件 37:
  37       0               打印机4            0.00            29405.18        29405.18       
  37       1               批处理机2           29405.18        30469.18        1064.00        
  37       2               离散机10           31857.18        33130.18        1273.00        
  37       3               离散机5            37747.18        38948.18        1201.00        
  37       4               离散机6            68536.53        69727.53        1191.00        

工件 38:
  38       0               打印机2            18867.23        45488.84        26621.61       
  38       1               批处理机2           45488.84        46552.84        1064.00        

工件 39:
  39       0               打印机4            0.00            29405.18        29405.18       
  39       1               批处理机2           29405.18        30469.18        1064.00        
  39       2               离散机9            30469.18        31769.18        1300.00        
  39       3               离散机7            31769.18        33481.18        1712.00        
  39       4               离散机5            33481.18        35017.18        1536.00        
  39       5               离散机4            36124.18        37632.18        1508.00        

工件 40:
  40       0               打印机2            18867.23        45488.84        26621.61       
  40       1               批处理机2           45488.84        46552.84        1064.00        
  40       2               离散机4            46552.84        47714.84        1162.00        
  40       3               离散机9            47714.84        49024.84        1310.00        
  40       4               离散机6            49024.84        50404.84        1380.00        
  40       5               离散机10           51085.73        52413.73        1328.00        
  40       6               离散机10           56160.85        57706.85        1546.00        

工件 41:
  41       0               打印机3            0.00            15605.98        15605.98       
  41       1               批处理机2           15605.98        16669.98        1064.00        
  41       2               离散机8            18387.98        19935.98        1548.00        
  41       3               离散机2            19935.98        21632.98        1697.00        
  41       4               离散机7            22424.23        23956.23        1532.00        
  41       5               离散机7            23956.23        25230.23        1274.00        
  41       6               离散机7            25230.23        26502.23        1272.00        
  41       7               离散机5            26502.23        27772.23        1270.00        

工件 42:
  42       0               打印机3            0.00            15605.98        15605.98       
  42       1               批处理机2           15605.98        16669.98        1064.00        
  42       2               离散机4            25945.23        27340.23        1395.00        
  42       3               离散机9            27340.23        29139.23        1799.00        

工件 43:
  43       0               打印机4            29405.18        59751.53        30346.35       
  43       1               批处理机2           59751.53        60815.53        1064.00        
  43       2               离散机9            60815.53        62310.53        1495.00        
  43       3               离散机1            62310.53        63766.53        1456.00        
  43       4               离散机3            64365.53        65660.53        1295.00        
  43       5               离散机1            65660.53        66756.53        1096.00        
  43       6               离散机10           69389.00        70741.00        1352.00        

工件 44:
  44       0               打印机2            0.00            18867.23        18867.23       
  44       1               批处理机2           18867.23        19931.23        1064.00        
  44       2               离散机6            21517.23        22503.23        986.00         

工件 45:
  45       0               打印机4            0.00            29405.18        29405.18       
  45       1               批处理机2           29405.18        30469.18        1064.00        
  45       2               离散机3            30469.18        31790.18        1321.00        
  45       3               离散机8            31790.18        32983.18        1193.00        
  45       4               离散机5            35017.18        36231.18        1214.00        
  45       5               离散机5            36231.18        37747.18        1516.00        
  45       6               离散机6            37747.18        39257.18        1510.00        
  45       7               离散机2            43306.00        44505.00        1199.00        
  45       8               离散机9            44505.00        45416.00        911.00         

工件 46:
  46       0               打印机4            29405.18        59751.53        30346.35       
  46       1               批处理机2           59751.53        60815.53        1064.00        
  46       2               离散机7            60815.53        61944.53        1129.00        
  46       3               离散机6            61944.53        62947.53        1003.00        
  46       4               离散机3            63279.53        64365.53        1086.00        
  46       5               离散机1            64365.53        65301.53        936.00         
  46       6               离散机1            66756.53        67828.53        1072.00        
  46       7               离散机3            74668.00        75902.00        1234.00        

工件 47:
  47       0               打印机5            0.00            38997.00        38997.00       
  47       1               批处理机1           38997.00        40107.00        1110.00        
  47       2               离散机8            40107.00        41378.00        1271.00        
  47       3               离散机6            41378.00        43173.00        1795.00        
  47       4               离散机10           43173.00        44223.00        1050.00        
  47       5               离散机5            46272.73        47610.73        1338.00        
  47       6               离散机3            65660.53        67103.53        1443.00        
  47       7               离散机2            68137.00        69242.00        1105.00        
  47       8               离散机1            70155.53        71462.53        1307.00        

工件 48:
  48       0               打印机3            15605.98        35382.68        19776.71       
  48       1               批处理机2           35382.68        36446.68        1064.00        
  48       2               离散机10           60020.08        61459.08        1439.00        

工件 49:
  49       0               打印机1            0.00            10191.79        10191.79       
  49       1               批处理机2           10191.79        11255.79        1064.00        
  49       2               离散机6            11255.79        12704.79        1449.00        
  49       3               离散机10           12704.79        13754.79        1050.00        
  49       4               离散机7            13754.79        15305.79        1551.00        

工件 50:
  50       0               打印机2            18867.23        45488.84        26621.61       
  50       1               批处理机2           45488.84        46552.84        1064.00        
  50       2               离散机10           49957.73        51085.73        1128.00        

工件 51:
  51       0               打印机2            18867.23        45488.84        26621.61       
  51       1               批处理机2           45488.84        46552.84        1064.00        
  51       2               离散机4            52481.85        53644.85        1163.00        

工件 52:
  52       0               打印机2            0.00            18867.23        18867.23       
  52       1               批处理机2           18867.23        19931.23        1064.00        
  52       2               离散机1            19931.23        21049.23        1118.00        
  52       3               离散机4            21254.23        23049.23        1795.00        
  52       4               离散机1            23049.23        24071.23        1022.00        
  52       5               离散机1            24071.23        25626.23        1555.00        
  52       6               离散机6            25641.23        27066.23        1425.00        
  52       7               离散机10           27066.23        27989.23        923.00         

工件 53:
  53       0               打印机5            0.00            38997.00        38997.00       
  53       1               批处理机1           38997.00        40107.00        1110.00        
  53       2               离散机6            40107.00        41072.00        965.00         
  53       3               离散机9            43314.00        44344.00        1030.00        

工件 54:
  54       0               打印机2            45488.84        58242.04        12753.19       
  54       1               批处理机2           58242.04        59306.04        1064.00        
  54       2               离散机8            59306.04        60880.04        1574.00        

工件 55:
  55       0               打印机5            0.00            38997.00        38997.00       
  55       1               批处理机1           38997.00        40107.00        1110.00        
  55       2               离散机10           44223.00        45952.00        1729.00        
  55       3               离散机10           45952.00        47414.00        1462.00        
  55       4               离散机7            47414.00        48582.00        1168.00        
  55       5               离散机3            58567.85        60106.85        1539.00        
  55       6               离散机7            64583.00        66193.00        1610.00        
  55       7               离散机1            67828.53        69226.53        1398.00        

工件 56:
  56       0               打印机5            0.00            38997.00        38997.00       
  56       1               批处理机1           38997.00        40107.00        1110.00        

工件 57:
  57       0               打印机5            0.00            38997.00        38997.00       
  57       1               批处理机1           38997.00        40107.00        1110.00        
  57       2               离散机8            44632.00        46092.00        1460.00        
  57       3               离散机8            46092.00        47079.00        987.00         

工件 58:
  58       0               打印机5            0.00            38997.00        38997.00       
  58       1               批处理机1           38997.00        40107.00        1110.00        
  58       2               离散机10           40654.85        42114.85        1460.00        
  58       3               离散机3            47365.85        48883.85        1518.00        
  58       4               离散机8            48883.85        50550.85        1667.00        
  58       5               离散机5            56796.00        58006.00        1210.00        

工件 59:
  59       0               打印机4            0.00            29405.18        29405.18       
  59       1               批处理机2           29405.18        30469.18        1064.00        
  59       2               离散机10           30469.18        31857.18        1388.00        
  59       3               离散机5            31857.18        33388.18        1531.00        
  59       4               离散机4            33388.18        34630.18        1242.00        
  59       5               离散机2            34630.18        35596.18        966.00         
  59       6               离散机7            49946.00        51415.00        1469.00        

工件 60:
  60       0               打印机3            15605.98        35382.68        19776.71       
  60       1               批处理机2           35382.68        36446.68        1064.00        
  60       2               离散机5            38948.18        40046.18        1098.00        

工件 61:
  61       0               打印机5            38997.00        50194.00        11197.00       
  61       1               批处理机2           50194.00        51258.00        1064.00        

工件 62:
  62       0               打印机2            0.00            18867.23        18867.23       
  62       1               批处理机2           18867.23        19931.23        1064.00        
  62       2               离散机8            19935.98        21431.98        1496.00        

工件 63:
  63       0               打印机2            18867.23        45488.84        26621.61       
  63       1               批处理机2           45488.84        46552.84        1064.00        

工件 64:
  64       0               打印机2            45488.84        58242.04        12753.19       
  64       1               批处理机2           58242.04        59306.04        1064.00        
  64       2               离散机9            59306.04        60507.04        1201.00        

工件 65:
  65       0               打印机1            0.00            10191.79        10191.79       
  65       1               批处理机2           10191.79        11255.79        1064.00        
  65       2               离散机9            11255.79        12661.79        1406.00        
  65       3               离散机4            12661.79        13895.79        1234.00        
  65       4               离散机8            13895.79        14804.79        909.00         
  65       5               离散机4            14804.79        16445.79        1641.00        
  65       6               离散机7            16445.79        17470.79        1025.00        

工件 66:
  66       0               打印机2            0.00            18867.23        18867.23       
  66       1               批处理机2           18867.23        19931.23        1064.00        
  66       2               离散机1            21049.23        22352.23        1303.00        
  66       3               离散机3            23721.98        25315.98        1594.00        
  66       4               离散机6            33151.18        34829.18        1678.00        
  66       5               离散机9            38681.18        39835.18        1154.00        
  66       6               离散机1            74336.53        75462.53        1126.00        

工件 67:
  67       0               打印机5            0.00            38997.00        38997.00       
  67       1               批处理机1           38997.00        40107.00        1110.00        
  67       2               离散机8            41378.00        42430.00        1052.00        
  67       3               离散机7            43335.00        44738.00        1403.00        
  67       4               离散机4            62136.00        63899.00        1763.00        
  67       5               离散机5            71322.53        72606.53        1284.00        

工件 68:
  68       0               打印机2            18867.23        45488.84        26621.61       
  68       1               批处理机2           45488.84        46552.84        1064.00        
  68       2               离散机7            48582.00        49946.00        1364.00        
  68       3               离散机4            56736.00        58181.00        1445.00        
  68       4               离散机6            73899.53        75047.53        1148.00        

工件 69:
  69       0               打印机3            0.00            15605.98        15605.98       
  69       1               批处理机2           15605.98        16669.98        1064.00        
  69       2               离散机6            16669.98        17907.98        1238.00        
  69       3               离散机7            17907.98        19418.98        1511.00        
  69       4               离散机4            24210.23        25945.23        1735.00        
  69       5               离散机1            25945.23        27288.23        1343.00        
  69       6               离散机8            27288.23        28522.23        1234.00        
  69       7               离散机5            28522.23        30089.23        1567.00        
  69       8               离散机9            34008.18        35006.18        998.00         

工件 70:
  70       0               打印机3            15605.98        35382.68        19776.71       
  70       1               批处理机2           35382.68        36446.68        1064.00        
  70       2               离散机10           47414.00        48596.00        1182.00        

工件 71:
  71       0               打印机5            38997.00        50194.00        11197.00       
  71       1               批处理机2           50194.00        51258.00        1064.00        
  71       2               离散机9            51258.00        52327.00        1069.00        
  71       3               离散机4            71226.00        72894.00        1668.00        
  71       4               离散机10           74010.53        75728.53        1718.00        

工件 72:
  72       0               打印机3            35382.68        43805.73        8423.05        
  72       1               批处理机2           43805.73        44869.73        1064.00        
  72       2               离散机5            44869.73        46272.73        1403.00        
  72       3               离散机1            46272.73        47763.73        1491.00        
  72       4               离散机4            51222.85        52481.85        1259.00        
  72       5               离散机7            52481.85        54050.85        1569.00        
  72       6               离散机6            54050.85        55693.85        1643.00        
  72       7               离散机3            67103.53        68434.53        1331.00        
  72       8               离散机5            68434.53        69826.53        1392.00        

工件 73:
  73       0               打印机1            10191.79        38293.85        28102.05       
  73       1               批处理机2           38293.85        39357.85        1064.00        
  73       2               离散机1            41681.00        42716.00        1035.00        

工件 74:
  74       0               打印机2            0.00            18867.23        18867.23       
  74       1               批处理机2           18867.23        19931.23        1064.00        
  74       2               离散机3            20069.98        21098.98        1029.00        
  74       3               离散机7            21179.23        22424.23        1245.00        
  74       4               离散机6            34829.18        36173.18        1344.00        

工件 75:
  75       0               打印机2            0.00            18867.23        18867.23       
  75       1               批处理机2           18867.23        19931.23        1064.00        
  75       2               离散机4            23049.23        24210.23        1161.00        
  75       3               离散机5            24210.23        25762.23        1552.00        
  75       4               离散机1            27288.23        28543.23        1255.00        
  75       5               离散机3            37775.18        39324.18        1549.00        
  75       6               离散机1            75462.53        76473.53        1011.00        

工件 76:
  76       0               打印机3            15605.98        35382.68        19776.71       
  76       1               批处理机2           35382.68        36446.68        1064.00        

工件 77:
  77       0               打印机3            0.00            15605.98        15605.98       
  77       1               批处理机2           15605.98        16669.98        1064.00        
  77       2               离散机10           16669.98        17833.98        1164.00        
  77       3               离散机4            17833.98        19140.98        1307.00        
  77       4               离散机1            28543.23        29971.23        1428.00        

工件 78:
  78       0               打印机4            29405.18        59751.53        30346.35       
  78       1               批处理机2           59751.53        60815.53        1064.00        
  78       2               离散机7            66193.00        67763.00        1570.00        

工件 79:
  79       0               打印机2            0.00            18867.23        18867.23       
  79       1               批处理机2           18867.23        19931.23        1064.00        
  79       2               离散机7            19931.23        21179.23        1248.00        

工件 80:
  80       0               打印机4            0.00            29405.18        29405.18       
  80       1               批处理机2           29405.18        30469.18        1064.00        

工件 81:
  81       0               打印机1            10191.79        38293.85        28102.05       
  81       1               批处理机2           38293.85        39357.85        1064.00        
  81       2               离散机4            42113.85        43672.85        1559.00        
  81       3               离散机8            60880.04        62068.04        1188.00        

工件 82:
  82       0               打印机5            0.00            38997.00        38997.00       
  82       1               批处理机1           38997.00        40107.00        1110.00        
  82       2               离散机3            60106.85        61705.85        1599.00        
  82       3               离散机9            68518.00        69447.00        929.00         

工件 83:
  83       0               打印机1            10191.79        38293.85        28102.05       
  83       1               批处理机2           38293.85        39357.85        1064.00        
  83       2               离散机4            39357.85        40578.85        1221.00        
  83       3               离散机8            42430.00        43416.00        986.00         
  83       4               离散机1            43416.00        44767.00        1351.00        
  83       5               离散机7            44767.00        46293.00        1526.00        
  83       6               离散机4            53644.85        55070.85        1426.00        
  83       7               离散机3            73492.00        74668.00        1176.00        

工件 84:
  84       0               打印机2            18867.23        45488.84        26621.61       
  84       1               批处理机2           45488.84        46552.84        1064.00        

工件 85:
  85       0               打印机4            0.00            29405.18        29405.18       
  85       1               批处理机2           29405.18        30469.18        1064.00        
  85       2               离散机6            31909.18        33151.18        1242.00        
  85       3               离散机9            37010.18        38681.18        1671.00        

工件 86:
  86       0               打印机4            29405.18        59751.53        30346.35       
  86       1               批处理机2           59751.53        60815.53        1064.00        
  86       2               离散机5            60815.53        61959.53        1144.00        
  86       3               离散机3            61959.53        63279.53        1320.00        
  86       4               离散机4            66420.00        68192.00        1772.00        
  86       5               离散机10           68192.00        69389.00        1197.00        

工件 87:
  87       0               打印机3            0.00            15605.98        15605.98       
  87       1               批处理机2           15605.98        16669.98        1064.00        
  87       2               离散机3            27902.98        29038.98        1136.00        
  87       3               离散机9            29139.23        30412.23        1273.00        
  87       4               离散机6            66876.53        68536.53        1660.00        

工件 88:
  88       0               打印机2            45488.84        58242.04        12753.19       
  88       1               批处理机2           58242.04        59306.04        1064.00        
  88       2               离散机7            63276.00        64583.00        1307.00        
  88       3               离散机8            64583.00        65882.00        1299.00        
  88       4               离散机6            71355.53        72980.53        1625.00        

工件 89:
  89       0               打印机2            0.00            18867.23        18867.23       
  89       1               批处理机2           18867.23        19931.23        1064.00        
  89       2               离散机3            25315.98        26911.98        1596.00        
  89       3               离散机1            29971.23        30977.23        1006.00        

工件 90:
  90       0               打印机2            0.00            18867.23        18867.23       
  90       1               批处理机2           18867.23        19931.23        1064.00        
  90       2               离散机1            32917.18        34658.18        1741.00        

工件 91:
  91       0               打印机5            0.00            38997.00        38997.00       
  91       1               批处理机1           38997.00        40107.00        1110.00        
  91       2               离散机5            53560.84        55199.84        1639.00        

工件 92:
  92       0               打印机2            18867.23        45488.84        26621.61       
  92       1               批处理机2           45488.84        46552.84        1064.00        
  92       2               离散机2            48322.84        49878.84        1556.00        
  92       3               离散机3            68434.53        69459.53        1025.00        

工件 93:
  93       0               打印机3            0.00            15605.98        15605.98       
  93       1               批处理机2           15605.98        16669.98        1064.00        
  93       2               离散机3            16669.98        18380.98        1711.00        
  93       3               离散机9            18380.98        19409.98        1029.00        
  93       4               离散机10           19409.98        20898.98        1489.00        
  93       5               离散机9            22973.23        24047.23        1074.00        

工件 94:
  94       0               打印机4            0.00            29405.18        29405.18       
  94       1               批处理机2           29405.18        30469.18        1064.00        
  94       2               离散机6            30469.18        31909.18        1440.00        
  94       3               离散机3            31909.18        33460.18        1551.00        
  94       4               离散机3            33460.18        35170.18        1710.00        
  94       5               离散机4            35170.18        36124.18        954.00         
  94       6               离散机2            36124.18        37134.18        1010.00        
  94       7               离散机2            37134.18        38728.18        1594.00        

工件 95:
  95       0               打印机1            10191.79        38293.85        28102.05       
  95       1               批处理机2           38293.85        39357.85        1064.00        

工件 96:
  96       0               打印机5            50194.00        62391.00        12197.00       
  96       1               批处理机2           62391.00        63455.00        1064.00        
  96       2               离散机9            63455.00        64739.00        1284.00        
  96       3               离散机4            64739.00        66420.00        1681.00        
  96       4               离散机10           66420.00        67861.00        1441.00        
  96       5               离散机4            68192.00        69565.00        1373.00        
  96       6               离散机9            69565.00        70589.00        1024.00        
  96       7               离散机3            70589.00        71755.00        1166.00        
  96       8               离散机10           71755.00        72766.00        1011.00        

工件 97:
  97       0               打印机4            0.00            29405.18        29405.18       
  97       1               批处理机2           29405.18        30469.18        1064.00        
  97       2               离散机5            30469.18        31452.18        983.00         
  97       3               离散机1            31452.18        32917.18        1465.00        
  97       4               离散机6            36173.18        37636.18        1463.00        

工件 98:
  98       0               打印机2            18867.23        45488.84        26621.61       
  98       1               批处理机2           45488.84        46552.84        1064.00        

工件 99:
  99       0               打印机1            10191.79        38293.85        28102.05       
  99       1               批处理机2           38293.85        39357.85        1064.00        
  99       2               离散机10           39357.85        40654.85        1297.00        
  99       3               离散机3            44529.85        45908.85        1379.00        
  99       4               离散机7            46293.00        47295.00        1002.00        
  99       5               离散机3            55429.85        56789.85        1360.00        
  99       6               离散机10           58721.08        60020.08        1299.00        
  99       7               离散机9            71756.00        72824.00        1068.00        

【机器加工顺序记录】
----------------------------------------------------------------------------------------------------

打印机1:
工件号      工序号             开始时间            结束时间            加工时长           
--------------------------------------------------------------------------------
  6        0               0.00            10191.79        10191.79       
  11       0               0.00            10191.79        10191.79       
  29       0               0.00            10191.79        10191.79       
  49       0               0.00            10191.79        10191.79       
  65       0               0.00            10191.79        10191.79       
  13       0               10191.79        38293.85        28102.05       
  24       0               10191.79        38293.85        28102.05       
  25       0               10191.79        38293.85        28102.05       
  32       0               10191.79        38293.85        28102.05       
  73       0               10191.79        38293.85        28102.05       
  81       0               10191.79        38293.85        28102.05       
  83       0               10191.79        38293.85        28102.05       
  95       0               10191.79        38293.85        28102.05       
  99       0               10191.79        38293.85        28102.05       
  30       0               38293.85        51306.15        13012.31       
  31       0               38293.85        51306.15        13012.31       
  17       0               51306.15        56703.08        5396.92        

  机器利用率: 432.37% (忙碌时间: 335298.97 / 总时间: 77549.53)

打印机2:
工件号      工序号             开始时间            结束时间            加工时长           
--------------------------------------------------------------------------------
  0        0               0.00            18867.23        18867.23       
  23       0               0.00            18867.23        18867.23       
  44       0               0.00            18867.23        18867.23       
  52       0               0.00            18867.23        18867.23       
  62       0               0.00            18867.23        18867.23       
  66       0               0.00            18867.23        18867.23       
  74       0               0.00            18867.23        18867.23       
  75       0               0.00            18867.23        18867.23       
  79       0               0.00            18867.23        18867.23       
  89       0               0.00            18867.23        18867.23       
  90       0               0.00            18867.23        18867.23       
  2        0               18867.23        45488.84        26621.61       
  3        0               18867.23        45488.84        26621.61       
  5        0               18867.23        45488.84        26621.61       
  33       0               18867.23        45488.84        26621.61       
  36       0               18867.23        45488.84        26621.61       
  38       0               18867.23        45488.84        26621.61       
  40       0               18867.23        45488.84        26621.61       
  50       0               18867.23        45488.84        26621.61       
  51       0               18867.23        45488.84        26621.61       
  63       0               18867.23        45488.84        26621.61       
  68       0               18867.23        45488.84        26621.61       
  84       0               18867.23        45488.84        26621.61       
  92       0               18867.23        45488.84        26621.61       
  98       0               18867.23        45488.84        26621.61       
  27       0               45488.84        58242.04        12753.19       
  54       0               45488.84        58242.04        12753.19       
  64       0               45488.84        58242.04        12753.19       
  88       0               45488.84        58242.04        12753.19       

  机器利用率: 814.00% (忙碌时间: 631254.88 / 总时间: 77549.53)

打印机3:
工件号      工序号             开始时间            结束时间            加工时长           
--------------------------------------------------------------------------------
  4        0               0.00            15605.98        15605.98       
  9        0               0.00            15605.98        15605.98       
  14       0               0.00            15605.98        15605.98       
  35       0               0.00            15605.98        15605.98       
  41       0               0.00            15605.98        15605.98       
  42       0               0.00            15605.98        15605.98       
  69       0               0.00            15605.98        15605.98       
  77       0               0.00            15605.98        15605.98       
  87       0               0.00            15605.98        15605.98       
  93       0               0.00            15605.98        15605.98       
  19       0               15605.98        35382.68        19776.71       
  48       0               15605.98        35382.68        19776.71       
  60       0               15605.98        35382.68        19776.71       
  70       0               15605.98        35382.68        19776.71       
  76       0               15605.98        35382.68        19776.71       
  72       0               35382.68        43805.73        8423.05        

  机器利用率: 339.61% (忙碌时间: 263366.34 / 总时间: 77549.53)

打印机4:
工件号      工序号             开始时间            结束时间            加工时长           
--------------------------------------------------------------------------------
  1        0               0.00            29405.18        29405.18       
  12       0               0.00            29405.18        29405.18       
  15       0               0.00            29405.18        29405.18       
  18       0               0.00            29405.18        29405.18       
  22       0               0.00            29405.18        29405.18       
  28       0               0.00            29405.18        29405.18       
  37       0               0.00            29405.18        29405.18       
  39       0               0.00            29405.18        29405.18       
  45       0               0.00            29405.18        29405.18       
  59       0               0.00            29405.18        29405.18       
  80       0               0.00            29405.18        29405.18       
  85       0               0.00            29405.18        29405.18       
  94       0               0.00            29405.18        29405.18       
  97       0               0.00            29405.18        29405.18       
  43       0               29405.18        59751.53        30346.35       
  46       0               29405.18        59751.53        30346.35       
  78       0               29405.18        59751.53        30346.35       
  86       0               29405.18        59751.53        30346.35       

  机器利用率: 687.38% (忙碌时间: 533057.88 / 总时间: 77549.53)

打印机5:
工件号      工序号             开始时间            结束时间            加工时长           
--------------------------------------------------------------------------------
  7        0               0.00            38997.00        38997.00       
  8        0               0.00            38997.00        38997.00       
  10       0               0.00            38997.00        38997.00       
  20       0               0.00            38997.00        38997.00       
  21       0               0.00            38997.00        38997.00       
  26       0               0.00            38997.00        38997.00       
  34       0               0.00            38997.00        38997.00       
  47       0               0.00            38997.00        38997.00       
  53       0               0.00            38997.00        38997.00       
  55       0               0.00            38997.00        38997.00       
  56       0               0.00            38997.00        38997.00       
  57       0               0.00            38997.00        38997.00       
  58       0               0.00            38997.00        38997.00       
  67       0               0.00            38997.00        38997.00       
  82       0               0.00            38997.00        38997.00       
  91       0               0.00            38997.00        38997.00       
  16       0               38997.00        50194.00        11197.00       
  61       0               38997.00        50194.00        11197.00       
  71       0               38997.00        50194.00        11197.00       
  96       0               50194.00        62391.00        12197.00       

  机器利用率: 863.63% (忙碌时间: 669740.00 / 总时间: 77549.53)

批处理机1:
工件号      工序号             开始时间            结束时间            加工时长           
--------------------------------------------------------------------------------
  7        1               38997.00        40107.00        1110.00        
  8        1               38997.00        40107.00        1110.00        
  10       1               38997.00        40107.00        1110.00        
  20       1               38997.00        40107.00        1110.00        
  21       1               38997.00        40107.00        1110.00        
  26       1               38997.00        40107.00        1110.00        
  34       1               38997.00        40107.00        1110.00        
  47       1               38997.00        40107.00        1110.00        
  53       1               38997.00        40107.00        1110.00        
  55       1               38997.00        40107.00        1110.00        
  56       1               38997.00        40107.00        1110.00        
  57       1               38997.00        40107.00        1110.00        
  58       1               38997.00        40107.00        1110.00        
  67       1               38997.00        40107.00        1110.00        
  82       1               38997.00        40107.00        1110.00        
  91       1               38997.00        40107.00        1110.00        

  机器利用率: 22.90% (忙碌时间: 17760.00 / 总时间: 77549.53)

批处理机2:
工件号      工序号             开始时间            结束时间            加工时长           
--------------------------------------------------------------------------------
  6        1               10191.79        11255.79        1064.00        
  11       1               10191.79        11255.79        1064.00        
  29       1               10191.79        11255.79        1064.00        
  49       1               10191.79        11255.79        1064.00        
  65       1               10191.79        11255.79        1064.00        
  4        1               15605.98        16669.98        1064.00        
  9        1               15605.98        16669.98        1064.00        
  14       1               15605.98        16669.98        1064.00        
  35       1               15605.98        16669.98        1064.00        
  41       1               15605.98        16669.98        1064.00        
  42       1               15605.98        16669.98        1064.00        
  69       1               15605.98        16669.98        1064.00        
  77       1               15605.98        16669.98        1064.00        
  87       1               15605.98        16669.98        1064.00        
  93       1               15605.98        16669.98        1064.00        
  0        1               18867.23        19931.23        1064.00        
  23       1               18867.23        19931.23        1064.00        
  44       1               18867.23        19931.23        1064.00        
  52       1               18867.23        19931.23        1064.00        
  62       1               18867.23        19931.23        1064.00        
  66       1               18867.23        19931.23        1064.00        
  74       1               18867.23        19931.23        1064.00        
  75       1               18867.23        19931.23        1064.00        
  79       1               18867.23        19931.23        1064.00        
  89       1               18867.23        19931.23        1064.00        
  90       1               18867.23        19931.23        1064.00        
  1        1               29405.18        30469.18        1064.00        
  12       1               29405.18        30469.18        1064.00        
  15       1               29405.18        30469.18        1064.00        
  18       1               29405.18        30469.18        1064.00        
  22       1               29405.18        30469.18        1064.00        
  28       1               29405.18        30469.18        1064.00        
  37       1               29405.18        30469.18        1064.00        
  39       1               29405.18        30469.18        1064.00        
  45       1               29405.18        30469.18        1064.00        
  59       1               29405.18        30469.18        1064.00        
  80       1               29405.18        30469.18        1064.00        
  85       1               29405.18        30469.18        1064.00        
  94       1               29405.18        30469.18        1064.00        
  97       1               29405.18        30469.18        1064.00        
  19       1               35382.68        36446.68        1064.00        
  48       1               35382.68        36446.68        1064.00        
  60       1               35382.68        36446.68        1064.00        
  70       1               35382.68        36446.68        1064.00        
  76       1               35382.68        36446.68        1064.00        
  13       1               38293.85        39357.85        1064.00        
  24       1               38293.85        39357.85        1064.00        
  25       1               38293.85        39357.85        1064.00        
  32       1               38293.85        39357.85        1064.00        
  73       1               38293.85        39357.85        1064.00        
  81       1               38293.85        39357.85        1064.00        
  83       1               38293.85        39357.85        1064.00        
  95       1               38293.85        39357.85        1064.00        
  99       1               38293.85        39357.85        1064.00        
  72       1               43805.73        44869.73        1064.00        
  2        1               45488.84        46552.84        1064.00        
  3        1               45488.84        46552.84        1064.00        
  5        1               45488.84        46552.84        1064.00        
  33       1               45488.84        46552.84        1064.00        
  36       1               45488.84        46552.84        1064.00        
  38       1               45488.84        46552.84        1064.00        
  40       1               45488.84        46552.84        1064.00        
  50       1               45488.84        46552.84        1064.00        
  51       1               45488.84        46552.84        1064.00        
  63       1               45488.84        46552.84        1064.00        
  68       1               45488.84        46552.84        1064.00        
  84       1               45488.84        46552.84        1064.00        
  92       1               45488.84        46552.84        1064.00        
  98       1               45488.84        46552.84        1064.00        
  16       1               50194.00        51258.00        1064.00        
  61       1               50194.00        51258.00        1064.00        
  71       1               50194.00        51258.00        1064.00        
  30       1               51306.15        52370.15        1064.00        
  31       1               51306.15        52370.15        1064.00        
  17       1               56703.08        57767.08        1064.00        
  27       1               58242.04        59306.04        1064.00        
  54       1               58242.04        59306.04        1064.00        
  64       1               58242.04        59306.04        1064.00        
  88       1               58242.04        59306.04        1064.00        
  43       1               59751.53        60815.53        1064.00        
  46       1               59751.53        60815.53        1064.00        
  78       1               59751.53        60815.53        1064.00        
  86       1               59751.53        60815.53        1064.00        
  96       1               62391.00        63455.00        1064.00        

  机器利用率: 115.25% (忙碌时间: 89376.00 / 总时间: 77549.53)

离散机1:
工件号      工序号             开始时间            结束时间            加工时长           
--------------------------------------------------------------------------------
  29       2               11255.79        12441.79        1186.00        
  4        2               16669.98        17802.98        1133.00        
  6        5               17802.98        19510.98        1708.00        
  52       2               19931.23        21049.23        1118.00        
  66       2               21049.23        22352.23        1303.00        
  52       4               23049.23        24071.23        1022.00        
  52       5               24071.23        25626.23        1555.00        
  69       5               25945.23        27288.23        1343.00        
  75       4               27288.23        28543.23        1255.00        
  77       4               28543.23        29971.23        1428.00        
  89       3               29971.23        30977.23        1006.00        
  97       3               31452.18        32917.18        1465.00        
  90       2               32917.18        34658.18        1741.00        
  20       2               40107.00        41681.00        1574.00        
  73       2               41681.00        42716.00        1035.00        
  83       4               43416.00        44767.00        1351.00        
  34       3               44767.00        46161.00        1394.00        
  72       3               46272.73        47763.73        1491.00        
  3        2               47763.73        48695.73        932.00         
  5        2               48695.73        50368.73        1673.00        
  25       5               50368.73        51414.73        1046.00        
  7        4               51414.73        52340.73        926.00         
  31       2               52370.15        53784.15        1414.00        
  3        5               53784.15        55501.15        1717.00        
  5        4               55501.15        57204.15        1703.00        
  30       6               57812.00        59554.00        1742.00        
  8        6               59554.00        60587.00        1033.00        
  7        5               60587.00        62038.00        1451.00        
  43       3               62310.53        63766.53        1456.00        
  46       5               64365.53        65301.53        936.00         
  43       5               65660.53        66756.53        1096.00        
  46       6               66756.53        67828.53        1072.00        
  55       7               67828.53        69226.53        1398.00        
  32       4               69226.53        70155.53        929.00         
  47       8               70155.53        71462.53        1307.00        
  24       7               71462.53        73079.53        1617.00        
  2        2               73079.53        74336.53        1257.00        
  66       6               74336.53        75462.53        1126.00        
  75       6               75462.53        76473.53        1011.00        
  13       7               76473.53        77549.53        1076.00        

  机器利用率: 67.09% (忙碌时间: 52026.00 / 总时间: 77549.53)

离散机2:
工件号      工序号             开始时间            结束时间            加工时长           
--------------------------------------------------------------------------------
  6        3               12922.79        14587.79        1665.00        
  14       2               16669.98        18439.98        1770.00        
  41       3               19935.98        21632.98        1697.00        
  0        4               22723.23        24122.23        1399.00        
  59       5               34630.18        35596.18        966.00         
  94       6               36124.18        37134.18        1010.00        
  94       7               37134.18        38728.18        1594.00        
  32       2               39357.85        40488.85        1131.00        
  7        2               40488.85        41476.85        988.00         
  26       3               41781.00        43306.00        1525.00        
  45       7               43306.00        44505.00        1199.00        
  25       3               44529.85        45855.85        1326.00        
  33       2               46552.84        48322.84        1770.00        
  92       2               48322.84        49878.84        1556.00        
  3        4               49957.73        50955.73        998.00         
  16       2               51258.00        53048.00        1790.00        
  30       2               53048.00        54197.00        1149.00        
  8        4               54197.00        55808.00        1611.00        
  5        5               57204.15        58375.15        1171.00        
  13       5               58375.15        60010.15        1635.00        
  5        6               60010.15        60910.15        900.00         
  17       7               67166.00        68137.00        971.00         
  47       7               68137.00        69242.00        1105.00        
  10       5               69242.00        70971.00        1729.00        

  机器利用率: 42.11% (忙碌时间: 32655.00 / 总时间: 77549.53)

离散机3:
工件号      工序号             开始时间            结束时间            加工时长           
--------------------------------------------------------------------------------
  6        2               11255.79        12922.79        1667.00        
  11       2               12922.79        14303.79        1381.00        
  6        4               14587.79        15543.79        956.00         
  93       2               16669.98        18380.98        1711.00        
  35       3               18387.98        20069.98        1682.00        
  74       2               20069.98        21098.98        1029.00        
  14       3               21098.98        22490.98        1392.00        
  4        4               22490.98        23721.98        1231.00        
  66       3               23721.98        25315.98        1594.00        
  89       2               25315.98        26911.98        1596.00        
  11       4               26911.98        27902.98        991.00         
  87       2               27902.98        29038.98        1136.00        
  45       2               30469.18        31790.18        1321.00        
  94       3               31909.18        33460.18        1551.00        
  94       4               33460.18        35170.18        1710.00        
  15       3               35170.18        36159.18        989.00         
  23       7               36159.18        37775.18        1616.00        
  75       5               37775.18        39324.18        1549.00        
  24       2               39357.85        40687.85        1330.00        
  34       2               40687.85        42209.85        1522.00        
  24       3               42209.85        43608.85        1399.00        
  25       2               43608.85        44529.85        921.00         
  99       3               44529.85        45908.85        1379.00        
  13       2               45908.85        47365.85        1457.00        
  58       3               47365.85        48883.85        1518.00        
  36       3               48883.85        49933.85        1050.00        
  26       4               49933.85        51083.85        1150.00        
  26       5               51083.85        52692.85        1609.00        
  15       5               52692.85        54199.85        1507.00        
  15       6               54199.85        55429.85        1230.00        
  99       5               55429.85        56789.85        1360.00        
  31       4               57244.85        58567.85        1323.00        
  55       5               58567.85        60106.85        1539.00        
  82       2               60106.85        61705.85        1599.00        
  86       3               61959.53        63279.53        1320.00        
  46       4               63279.53        64365.53        1086.00        
  43       4               64365.53        65660.53        1295.00        
  47       6               65660.53        67103.53        1443.00        
  72       7               67103.53        68434.53        1331.00        
  92       3               68434.53        69459.53        1025.00        
  96       7               70589.00        71755.00        1166.00        
  25       7               71755.00        73492.00        1737.00        
  83       7               73492.00        74668.00        1176.00        
  46       7               74668.00        75902.00        1234.00        

  机器利用率: 77.12% (忙碌时间: 59808.00 / 总时间: 77549.53)

离散机4:
工件号      工序号             开始时间            结束时间            加工时长           
--------------------------------------------------------------------------------
  65       3               12661.79        13895.79        1234.00        
  65       5               14804.79        16445.79        1641.00        
  77       3               17833.98        19140.98        1307.00        
  23       2               19931.23        21254.23        1323.00        
  52       3               21254.23        23049.23        1795.00        
  75       2               23049.23        24210.23        1161.00        
  69       4               24210.23        25945.23        1735.00        
  42       2               25945.23        27340.23        1395.00        
  9        3               27340.23        28308.23        968.00         
  0        5               28308.23        30013.23        1705.00        
  59       4               33388.18        34630.18        1242.00        
  94       5               35170.18        36124.18        954.00         
  39       5               36124.18        37632.18        1508.00        
  15       4               37632.18        39063.18        1431.00        
  83       2               39357.85        40578.85        1221.00        
  14       9               40578.85        42113.85        1535.00        
  81       2               42113.85        43672.85        1559.00        
  24       5               44674.85        46066.85        1392.00        
  40       2               46552.84        47714.84        1162.00        
  25       4               47714.84        48799.84        1085.00        
  36       4               49933.85        51222.85        1289.00        
  72       4               51222.85        52481.85        1259.00        
  51       2               52481.85        53644.85        1163.00        
  83       6               53644.85        55070.85        1426.00        
  30       4               55204.00        56736.00        1532.00        
  68       3               56736.00        58181.00        1445.00        
  36       8               58181.00        59163.00        982.00         
  19       2               59163.00        60700.00        1537.00        
  30       8               60759.00        62136.00        1377.00        
  67       4               62136.00        63899.00        1763.00        
  96       3               64739.00        66420.00        1681.00        
  86       4               66420.00        68192.00        1772.00        
  96       5               68192.00        69565.00        1373.00        
  8        7               69565.00        71226.00        1661.00        
  71       3               71226.00        72894.00        1668.00        
  24       8               73079.53        74430.53        1351.00        

  机器利用率: 65.29% (忙碌时间: 50632.00 / 总时间: 77549.53)

离散机5:
工件号      工序号             开始时间            结束时间            加工时长           
--------------------------------------------------------------------------------
  29       3               12441.79        13586.79        1145.00        
  75       3               24210.23        25762.23        1552.00        
  41       7               26502.23        27772.23        1270.00        
  69       7               28522.23        30089.23        1567.00        
  97       2               30469.18        31452.18        983.00         
  59       3               31857.18        33388.18        1531.00        
  39       4               33481.18        35017.18        1536.00        
  45       4               35017.18        36231.18        1214.00        
  45       5               36231.18        37747.18        1516.00        
  37       3               37747.18        38948.18        1201.00        
  60       2               38948.18        40046.18        1098.00        
  8        2               40107.00        41363.00        1256.00        
  20       3               41681.00        42906.00        1225.00        
  24       4               43608.85        44674.85        1066.00        
  72       2               44869.73        46272.73        1403.00        
  47       5               46272.73        47610.73        1338.00        
  33       3               48322.84        49386.84        1064.00        
  34       4               49386.84        50816.84        1430.00        
  13       4               50816.84        52492.84        1676.00        
  10       3               52492.84        53560.84        1068.00        
  91       2               53560.84        55199.84        1639.00        
  8        5               55808.00        56796.00        988.00         
  58       5               56796.00        58006.00        1210.00        
  20       5               58006.00        59237.00        1231.00        
  15       7               59237.00        60150.00        913.00         
  86       2               60815.53        61959.53        1144.00        
  5        7               61959.53        63688.53        1729.00        
  23       8               63688.53        64926.53        1238.00        
  17       6               65745.00        67166.00        1421.00        
  72       8               68434.53        69826.53        1392.00        
  26       9               69826.53        71322.53        1496.00        
  67       5               71322.53        72606.53        1284.00        

  机器利用率: 53.93% (忙碌时间: 41824.00 / 总时间: 77549.53)

离散机6:
工件号      工序号             开始时间            结束时间            加工时长           
--------------------------------------------------------------------------------
  49       2               11255.79        12704.79        1449.00        
  69       2               16669.98        17907.98        1238.00        
  0        2               19931.23        21517.23        1586.00        
  44       2               21517.23        22503.23        986.00         
  23       4               22973.23        24550.23        1577.00        
  14       4               24550.23        25641.23        1091.00        
  52       6               25641.23        27066.23        1425.00        
  14       6               27155.23        28677.23        1522.00        
  23       5               28677.23        30265.23        1588.00        
  94       2               30469.18        31909.18        1440.00        
  85       2               31909.18        33151.18        1242.00        
  66       4               33151.18        34829.18        1678.00        
  74       4               34829.18        36173.18        1344.00        
  97       4               36173.18        37636.18        1463.00        
  45       6               37747.18        39257.18        1510.00        
  53       2               40107.00        41072.00        965.00         
  47       3               41378.00        43173.00        1795.00        
  20       4               43173.00        44433.00        1260.00        
  8        3               44433.00        45460.00        1027.00        
  21       3               45460.00        47069.00        1609.00        
  21       4               47069.00        48634.00        1565.00        
  40       4               49024.84        50404.84        1380.00        
  33       4               50404.84        51313.84        909.00         
  28       6               51313.84        52344.84        1031.00        
  11       6               52344.84        53452.84        1108.00        
  72       6               54050.85        55693.85        1643.00        
  30       5               56736.00        57812.00        1076.00        
  17       3               58721.08        59959.08        1238.00        
  26       7               59959.08        61391.08        1432.00        
  46       3               61944.53        62947.53        1003.00        
  33       6               62947.53        64202.53        1255.00        
  3        6               64202.53        65360.53        1158.00        
  10       4               65360.53        66876.53        1516.00        
  87       4               66876.53        68536.53        1660.00        
  37       4               68536.53        69727.53        1191.00        
  32       5               70155.53        71355.53        1200.00        
  88       4               71355.53        72980.53        1625.00        
  17       8               72980.53        73899.53        919.00         
  68       4               73899.53        75047.53        1148.00        

  机器利用率: 66.86% (忙碌时间: 51852.00 / 总时间: 77549.53)

离散机7:
工件号      工序号             开始时间            结束时间            加工时长           
--------------------------------------------------------------------------------
  49       4               13754.79        15305.79        1551.00        
  65       6               16445.79        17470.79        1025.00        
  69       3               17907.98        19418.98        1511.00        
  79       2               19931.23        21179.23        1248.00        
  74       3               21179.23        22424.23        1245.00        
  41       4               22424.23        23956.23        1532.00        
  41       5               23956.23        25230.23        1274.00        
  41       6               25230.23        26502.23        1272.00        
  39       3               31769.18        33481.18        1712.00        
  28       2               33481.18        35275.18        1794.00        
  1        3               36033.18        37815.18        1782.00        
  12       2               37815.18        39573.18        1758.00        
  26       2               40107.00        41781.00        1674.00        
  21       2               41781.00        43335.00        1554.00        
  67       3               43335.00        44738.00        1403.00        
  83       5               44767.00        46293.00        1526.00        
  99       4               46293.00        47295.00        1002.00        
  55       4               47414.00        48582.00        1168.00        
  68       2               48582.00        49946.00        1364.00        
  59       6               49946.00        51415.00        1469.00        
  72       5               52481.85        54050.85        1569.00        
  16       3               54050.85        55619.85        1569.00        
  31       3               55619.85        57244.85        1625.00        
  30       7               59554.00        60759.00        1205.00        
  46       2               60815.53        61944.53        1129.00        
  30       9               62136.00        63276.00        1140.00        
  88       2               63276.00        64583.00        1307.00        
  55       6               64583.00        66193.00        1610.00        
  78       2               66193.00        67763.00        1570.00        
  13       6               67763.00        69374.00        1611.00        
  32       6               71355.53        72934.53        1579.00        

  机器利用率: 57.74% (忙碌时间: 44778.00 / 总时间: 77549.53)

离散机8:
工件号      工序号             开始时间            结束时间            加工时长           
--------------------------------------------------------------------------------
  65       4               13895.79        14804.79        909.00         
  11       3               14804.79        15820.79        1016.00        
  35       2               16669.98        18387.98        1718.00        
  41       2               18387.98        19935.98        1548.00        
  62       2               19935.98        21431.98        1496.00        
  4        5               23721.98        24638.98        917.00         
  14       5               25641.23        27155.23        1514.00        
  69       6               27288.23        28522.23        1234.00        
  14       7               28677.23        30268.23        1591.00        
  11       5               30268.23        31206.23        938.00         
  45       3               31790.18        32983.18        1193.00        
  15       2               32983.18        34389.18        1406.00        
  1        2               34389.18        36033.18        1644.00        
  4        6               36033.18        37491.18        1458.00        
  1        4               37815.18        39524.18        1709.00        
  47       2               40107.00        41378.00        1271.00        
  67       2               41378.00        42430.00        1052.00        
  83       3               42430.00        43416.00        986.00         
  7        3               43416.00        44632.00        1216.00        
  57       2               44632.00        46092.00        1460.00        
  57       3               46092.00        47079.00        987.00         
  13       3               47365.85        48403.85        1038.00        
  58       4               48883.85        50550.85        1667.00        
  36       5               51222.85        52638.85        1416.00        
  5        3               52638.85        53934.85        1296.00        
  30       3               54197.00        55204.00        1007.00        
  26       6               55204.00        56842.00        1638.00        
  33       5               56842.00        58630.00        1788.00        
  54       2               59306.04        60880.04        1574.00        
  81       3               60880.04        62068.04        1188.00        
  88       3               64583.00        65882.00        1299.00        

  机器利用率: 53.09% (忙碌时间: 41174.00 / 总时间: 77549.53)

离散机9:
工件号      工序号             开始时间            结束时间            加工时长           
--------------------------------------------------------------------------------
  65       2               11255.79        12661.79        1406.00        
  9        2               16669.98        18113.98        1444.00        
  93       3               18380.98        19409.98        1029.00        
  23       3               21254.23        22973.23        1719.00        
  93       5               22973.23        24047.23        1074.00        
  42       3               27340.23        29139.23        1799.00        
  87       3               29139.23        30412.23        1273.00        
  39       2               30469.18        31769.18        1300.00        
  18       2               31769.18        32911.18        1142.00        
  23       6               32911.18        34008.18        1097.00        
  69       8               34008.18        35006.18        998.00         
  28       3               35275.18        37010.18        1735.00        
  85       3               37010.18        38681.18        1671.00        
  66       5               38681.18        39835.18        1154.00        
  10       2               40107.00        41832.00        1725.00        
  32       3               41832.00        43314.00        1482.00        
  53       3               43314.00        44344.00        1030.00        
  45       8               44505.00        45416.00        911.00         
  36       2               46552.84        47546.84        994.00         
  40       3               47714.84        49024.84        1310.00        
  71       2               51258.00        52327.00        1069.00        
  25       6               52327.00        54045.00        1718.00        
  64       2               59306.04        60507.04        1201.00        
  43       2               60815.53        62310.53        1495.00        
  17       4               62310.53        63295.53        985.00         
  96       2               63455.00        64739.00        1284.00        
  17       5               64739.00        65745.00        1006.00        
  31       5               65745.00        67454.00        1709.00        
  26       8               67454.00        68518.00        1064.00        
  82       3               68518.00        69447.00        929.00         
  96       6               69565.00        70589.00        1024.00        
  31       6               70589.00        71756.00        1167.00        
  99       7               71756.00        72824.00        1068.00        
  20       6               72824.00        74188.00        1364.00        
  7        6               74188.00        75650.00        1462.00        
  10       6               75650.00        76904.00        1254.00        

  机器利用率: 59.44% (忙碌时间: 46092.00 / 总时间: 77549.53)

离散机10:
工件号      工序号             开始时间            结束时间            加工时长           
--------------------------------------------------------------------------------
  49       3               12704.79        13754.79        1050.00        
  77       2               16669.98        17833.98        1164.00        
  4        3               17833.98        19181.98        1348.00        
  93       4               19409.98        20898.98        1489.00        
  0        3               21517.23        22723.23        1206.00        
  52       7               27066.23        27989.23        923.00         
  59       2               30469.18        31857.18        1388.00        
  37       2               31857.18        33130.18        1273.00        
  14       8               33130.18        34387.18        1257.00        
  28       4               37010.18        38218.18        1208.00        
  28       5               38218.18        39284.18        1066.00        
  99       2               39357.85        40654.85        1297.00        
  58       2               40654.85        42114.85        1460.00        
  47       4               43173.00        44223.00        1050.00        
  55       2               44223.00        45952.00        1729.00        
  55       3               45952.00        47414.00        1462.00        
  70       2               47414.00        48596.00        1182.00        
  3        3               48695.73        49957.73        1262.00        
  50       2               49957.73        51085.73        1128.00        
  40       5               51085.73        52413.73        1328.00        
  36       6               52638.85        53586.85        948.00         
  36       7               53586.85        54983.85        1397.00        
  24       6               54983.85        56160.85        1177.00        
  40       6               56160.85        57706.85        1546.00        
  17       2               57767.08        58721.08        954.00         
  99       6               58721.08        60020.08        1299.00        
  48       2               60020.08        61459.08        1439.00        
  4        7               61459.08        63139.08        1680.00        
  33       7               64202.53        65609.53        1407.00        
  96       4               66420.00        67861.00        1441.00        
  86       5               68192.00        69389.00        1197.00        
  43       6               69389.00        70741.00        1352.00        
  96       8               71755.00        72766.00        1011.00        
  32       7               72934.53        74010.53        1076.00        
  71       4               74010.53        75728.53        1718.00        

  机器利用率: 57.91% (忙碌时间: 44912.00 / 总时间: 77549.53)

【打印批次详细信息】
----------------------------------------------------------------------------------------------------

打印机 1 (尺寸: 1033.0 x 412.0 x 635.0):
--------------------------------------------------------------------------------
  批次 1: 零件数=5, 占用率=96.05%
    - 6: 尺寸 306.0 x 134.0 x 68.0
    - 65: 尺寸 688.0 x 246.0 x 28.0
    - 11: 尺寸 306.0 x 123.0 x 35.0
    - 49: 尺寸 720.0 x 166.0 x 70.0
    - 29: 尺寸 302.0 x 137.0 x 33.0
  批次 2: 零件数=9, 占用率=67.33%
    - 24: 尺寸 187.0 x 173.0 x 33.0
    - 99: 尺寸 390.0 x 203.0 x 186.0
    - 83: 尺寸 441.0 x 153.0 x 197.0
    - 25: 尺寸 207.0 x 202.0 x 33.0
    - 95: 尺寸 55.0 x 202.0 x 55.0
    - 73: 尺寸 177.0 x 159.0 x 112.0
    - 13: 尺寸 87.0 x 87.0 x 191.0
    - 81: 尺寸 93.0 x 134.0 x 170.0
    - 32: 尺寸 98.0 x 66.0 x 75.0
  批次 3: 零件数=2, 占用率=75.85%
    - 30: 尺寸 686.0 x 336.0 x 90.0
    - 31: 尺寸 260.0 x 355.0 x 20.0
  批次 4: 零件数=1, 占用率=35.63%
    - 17: 尺寸 668.0 x 227.0 x 36.0

打印机 2 (尺寸: 1163.0 x 587.0 x 663.0):
--------------------------------------------------------------------------------
  批次 1: 零件数=11, 占用率=93.80%
    - 66: 尺寸 438.0 x 139.0 x 124.0
    - 62: 尺寸 188.0 x 133.0 x 95.0
    - 74: 尺寸 488.0 x 192.0 x 92.0
    - 89: 尺寸 233.0 x 185.0 x 23.0
    - 23: 尺寸 422.0 x 283.0 x 63.0
    - 75: 尺寸 460.0 x 290.0 x 105.0
    - 0: 尺寸 268.0 x 250.0 x 27.0
    - 79: 尺寸 382.0 x 155.0 x 83.0
    - 90: 尺寸 241.0 x 85.0 x 93.0
    - 44: 尺寸 79.0 x 103.0 x 14.0
    - 52: 尺寸 170.0 x 59.0 x 100.0
  批次 2: 零件数=14, 占用率=85.43%
    - 36: 尺寸 468.0 x 164.0 x 153.0
    - 40: 尺寸 122.0 x 148.0 x 103.0
    - 2: 尺寸 568.0 x 184.0 x 44.0
    - 50: 尺寸 123.0 x 185.0 x 171.0
    - 92: 尺寸 440.0 x 247.0 x 168.0
    - 68: 尺寸 413.0 x 227.0 x 174.0
    - 51: 尺寸 173.0 x 135.0 x 83.0
    - 5: 尺寸 63.0 x 187.0 x 153.0
    - 38: 尺寸 118.0 x 144.0 x 155.0
    - 3: 尺寸 114.0 x 130.0 x 98.0
    - 33: 尺寸 143.0 x 98.0 x 20.0
    - 63: 尺寸 195.0 x 163.0 x 52.0
    - 84: 尺寸 132.0 x 148.0 x 176.0
    - 98: 尺寸 197.0 x 134.0 x 63.0
  批次 3: 零件数=4, 占用率=58.29%
    - 88: 尺寸 385.0 x 207.0 x 83.0
    - 64: 尺寸 441.0 x 333.0 x 52.0
    - 54: 尺寸 120.0 x 529.0 x 52.0
    - 27: 尺寸 191.0 x 565.0 x 59.0

打印机 3 (尺寸: 941.0 x 424.0 x 663.0):
--------------------------------------------------------------------------------
  批次 1: 零件数=10, 占用率=88.42%
    - 87: 尺寸 690.0 x 134.0 x 26.0
    - 93: 尺寸 139.0 x 291.0 x 38.0
    - 9: 尺寸 101.0 x 149.0 x 45.0
    - 4: 尺寸 148.0 x 136.0 x 21.0
    - 77: 尺寸 509.0 x 204.0 x 43.0
    - 69: 尺寸 101.0 x 76.0 x 43.0
    - 14: 尺寸 98.0 x 183.0 x 54.0
    - 42: 尺寸 86.0 x 114.0 x 61.0
    - 35: 尺寸 106.0 x 96.0 x 48.0
    - 41: 尺寸 420.0 x 84.0 x 65.0
  批次 2: 零件数=5, 占用率=43.45%
    - 60: 尺寸 363.0 x 170.0 x 19.0
    - 48: 尺寸 205.0 x 200.0 x 83.0
    - 76: 尺寸 165.0 x 168.0 x 18.0
    - 70: 尺寸 139.0 x 217.0 x 55.0
    - 19: 尺寸 58.0 x 220.0 x 76.0
  批次 3: 零件数=1, 占用率=22.85%
    - 72: 尺寸 426.0 x 214.0 x 34.0

打印机 4 (尺寸: 1081.0 x 523.0 x 615.0):
--------------------------------------------------------------------------------
  批次 1: 零件数=14, 占用率=75.24%
    - 59: 尺寸 229.0 x 159.0 x 122.0
    - 28: 尺寸 148.0 x 108.0 x 40.0
    - 39: 尺寸 396.0 x 158.0 x 123.0
    - 80: 尺寸 152.0 x 106.0 x 19.0
    - 22: 尺寸 69.0 x 106.0 x 68.0
    - 94: 尺寸 86.0 x 78.0 x 15.0
    - 85: 尺寸 63.0 x 205.0 x 96.0
    - 97: 尺寸 107.0 x 213.0 x 56.0
    - 45: 尺寸 241.0 x 266.0 x 26.0
    - 15: 尺寸 255.0 x 172.0 x 44.0
    - 37: 尺寸 179.0 x 208.0 x 109.0
    - 18: 尺寸 134.0 x 207.0 x 86.0
    - 12: 尺寸 132.0 x 99.0 x 97.0
    - 1: 尺寸 465.0 x 126.0 x 96.0
  批次 2: 零件数=4, 占用率=63.03%
    - 43: 尺寸 713.0 x 239.0 x 46.0
    - 86: 尺寸 349.0 x 205.0 x 127.0
    - 78: 尺寸 257.0 x 259.0 x 55.0
    - 46: 尺寸 389.0 x 123.0 x 52.0

打印机 5 (尺寸: 1118.0 x 504.0 x 631.0):
--------------------------------------------------------------------------------
  批次 1: 零件数=16, 占用率=80.46%
    - 82: 尺寸 191.0 x 198.0 x 181.0
    - 10: 尺寸 480.0 x 155.0 x 175.0
    - 8: 尺寸 115.0 x 155.0 x 87.0
    - 56: 尺寸 312.0 x 305.0 x 32.0
    - 7: 尺寸 105.0 x 98.0 x 89.0
    - 26: 尺寸 353.0 x 115.0 x 50.0
    - 91: 尺寸 133.0 x 179.0 x 39.0
    - 58: 尺寸 181.0 x 246.0 x 77.0
    - 21: 尺寸 109.0 x 53.0 x 36.0
    - 47: 尺寸 178.0 x 51.0 x 176.0
    - 34: 尺寸 118.0 x 206.0 x 193.0
    - 53: 尺寸 142.0 x 121.0 x 188.0
    - 67: 尺寸 144.0 x 121.0 x 191.0
    - 57: 尺寸 114.0 x 139.0 x 92.0
    - 55: 尺寸 72.0 x 93.0 x 88.0
    - 20: 尺寸 89.0 x 142.0 x 104.0
  批次 2: 零件数=3, 占用率=55.95%
    - 71: 尺寸 699.0 x 267.0 x 29.0
    - 16: 尺寸 143.0 x 441.0 x 42.0
    - 61: 尺寸 533.0 x 123.0 x 54.0
  批次 3: 零件数=1, 占用率=42.27%
    - 96: 尺寸 711.0 x 335.0 x 59.0

════════════════════════════════════════════════════════════════
