════════════════════════════════════════════════════════════════
              最优Cmax解的详细调度记录
════════════════════════════════════════════════════════════════

【基本信息】
----------------------------------------------------------------------------------------------------
Cmax (最大完工时间): 70650.53
能耗: 879.27 kWh
装箱质量: 0.2734
批次总数: 13
工件数量: 100
机器数量: 17 (打印机:5, 批处理机:2, 离散机:10)

【染色体编码】
----------------------------------------------------------------------------------------------------
工序序列 (OS): [72, 39, 17, 57, 83, 66, 10, 22, 21, 53, 81, 88, 79, 19, 48, 70, 46, 85, 96, 25, 47, 87, 8, 4, 64, 23, 54, 1, 63, 62, 43, 16, 0, 9, 52, 50, 75, 11, 36, 95, 12, 18, 40, 73, 6, 65, 27, 61, 89, 15, 33, 37, 31, 93, 55, 32, 28, 71, 13, 35, 30, 60, 59, 26, 2, 92, 42, 80, 84, 14, 97, 86, 94, 45, 76, 82, 5, 3, 49, 56, 78, 20, 41, 90, 29, 38, 91, 24, 69, 58, 68, 74, 7, 34, 67, 98, 77, 51, 44, 99, 21, 0, 58, 45, 75, 33, 41, 47, 47, 75, 25, 30, 65, 23, 11, 85, 59, 3, 50, 26, 59, 96, 11, 5, 24, 40, 72, 34, 3, 4, 67, 13, 53, 28, 4, 58, 31, 65, 10, 13, 82, 32, 99, 26, 6, 13, 94, 20, 52, 94, 24, 47, 14, 72, 86, 37, 9, 72, 13, 26, 83, 36, 5, 33, 88, 7, 24, 71, 81, 72, 17, 24, 52, 75, 74, 58, 48, 69, 23, 68, 40, 24, 87, 23, 93, 5, 41, 17, 47, 62, 99, 65, 86, 44, 8, 97, 55, 23, 47, 8, 66, 46, 57, 55, 37, 83, 59, 69, 16, 51, 8, 69, 33, 88, 89, 4, 93, 5, 7, 14, 32, 96, 43, 19, 17, 0, 77, 43, 96, 25, 69, 99, 14, 86, 72, 73, 90, 8, 4, 36, 94, 72, 91, 28, 31, 30, 33, 32, 41, 7, 3, 54, 20, 57, 65, 66, 66, 14, 99, 70, 34, 75, 39, 25, 71, 83, 41, 8, 3, 12, 43, 94, 20, 49, 32, 23, 66, 24, 96, 45, 46, 26, 34, 28, 15, 83, 59, 23, 43, 55, 15, 23, 42, 7, 25, 45, 69, 83, 97, 79, 66, 15, 35, 45, 77, 14, 69, 10, 43, 30, 26, 33, 30, 68, 69, 4, 39, 20, 15, 28, 46, 55, 30, 1, 31, 92, 45, 94, 65, 46, 8, 58, 17, 7, 49, 14, 72, 47, 13, 11, 36, 77, 32, 21, 93, 83, 4, 87, 17, 40, 9, 67, 6, 67, 39, 31, 52, 86, 67, 21, 30, 99, 17, 35, 94, 17, 96, 37, 14, 42, 87, 45, 59, 25, 36, 2, 31, 36, 18, 10, 52, 5, 60, 78, 26, 82, 41, 40, 81, 33, 5, 55, 1, 26, 55, 45, 29, 89, 11, 99, 28, 46, 29, 41, 16, 96, 30, 10, 1, 0, 32, 24, 39, 85, 75, 97, 26, 52, 64, 92, 52, 15, 40, 0, 96, 68, 30, 11, 47, 36, 49, 93, 3, 46, 36, 25, 88, 74, 74, 20, 6, 71, 10, 13, 14, 53, 6, 15]
机器选择 (MS): [2, 3, 2, 3, 4, 1, 5, 4, 2, 5, 1, 5, 3, 1, 5, 5, 2, 3, 2, 2, 4, 1, 4, 2, 3, 1, 5, 4, 1, 4, 2, 1, 4, 3, 1, 1, 2, 4, 2, 1, 5, 4, 2, 4, 4, 2, 5, 5, 1, 1, 3, 5, 1, 3, 4, 1, 4, 2, 4, 5, 2, 3, 3, 1, 5, 4, 2, 3, 5, 4, 3, 2, 2, 5, 3, 2, 5, 1, 4, 1, 5, 2, 1, 2, 4, 5, 2, 1, 1, 3, 2, 5, 4, 4, 5, 2, 1, 4, 2, 2, 1, 2, 3, 2, 1, 1, 1, 3, 1, 2, 1, 2, 1, 1, 2, 1, 3, 1, 1, 1, 1, 2, 1, 1, 3, 3, 1, 1, 2, 1, 1, 1, 2, 1, 1, 1, 1, 1, 1, 1, 3, 3, 1, 2, 2, 1, 1, 1, 1, 2, 3, 1, 2, 1, 3, 1, 1, 1, 2, 2, 1, 1, 2, 3, 2, 1, 2, 1, 3, 2, 2, 1, 2, 1, 2, 1, 1, 2, 1, 1, 1, 1, 2, 2, 2, 1, 2, 2, 2, 2, 1, 1, 3, 2, 2, 2, 1, 1, 1, 1, 1, 1, 2, 1, 2, 1, 2, 1, 3, 1, 1, 3, 1, 2, 1, 1, 3, 2, 1, 1, 3, 3, 2, 2, 1, 2, 3, 2, 2, 3, 1, 2, 1, 1, 1, 1, 1, 2, 1, 1, 1, 2, 1, 1, 2, 2, 1, 1, 2, 3, 1, 1, 3, 1, 2, 1, 1, 2, 3, 2, 2, 2, 2, 3, 1, 2, 1, 1, 2, 2, 1, 2, 1, 2, 2, 1, 2, 1, 1, 1, 2, 3, 1, 2, 1, 1, 1, 1, 1, 2, 1, 2, 1, 2, 1, 1, 2, 2, 1, 1, 1, 1, 1, 1, 2, 2, 3, 1, 3, 1, 1, 1, 1, 1, 2, 1, 1, 1, 1, 1, 1, 1, 3, 2, 1, 1, 1, 2, 1, 1, 1, 1, 1, 3, 1, 1, 1, 1, 1, 1, 2, 1, 3, 2, 1, 1, 1, 3, 3, 3, 1, 2, 3, 1, 1, 2, 1, 3, 1, 1, 1, 2, 3, 1, 2, 2, 1, 1, 2, 1, 1, 1, 1, 1, 1, 1, 1, 2, 1, 1, 1, 1, 1, 1, 1, 1, 1, 2, 1, 1, 3, 1, 3, 2, 2, 1, 1, 1, 1, 1, 2, 2, 1, 3, 1, 1, 2, 1, 1, 1, 1, 2, 1, 1, 1, 1, 1, 2, 3, 1, 2, 2, 1, 1, 1, 2, 1, 1, 3, 1, 1, 1, 1, 1, 1, 1, 2, 1, 3, 2, 1, 1, 1, 1, 2, 1, 1, 1]

【零件加工顺序记录】
----------------------------------------------------------------------------------------------------
工件号      工序号             机器号             开始时间            结束时间            加工时长           
----------------------------------------------------------------------------------------------------

工件 0:
  0        0               打印机4            46816.94        63751.53        16934.59       
  0        1               批处理机2           63751.53        64815.53        1064.00        
  0        2               离散机3            64815.53        65715.53        900.00         
  0        3               离散机5            65715.53        67472.53        1757.00        
  0        4               离散机5            67472.53        68512.53        1040.00        
  0        5               离散机4            68512.53        70217.53        1705.00        

工件 1:
  1        0               打印机4            0.00            46816.94        46816.94       
  1        1               批处理机2           46816.94        47880.94        1064.00        
  1        2               离散机3            50718.94        51753.94        1035.00        
  1        3               离散机7            61554.23        63336.23        1782.00        
  1        4               离散机2            63336.23        64260.23        924.00         

工件 2:
  2        0               打印机5            38597.00        50794.00        12197.00       
  2        1               批处理机2           50794.00        51858.00        1064.00        
  2        2               离散机10           59989.23        61169.23        1180.00        

工件 3:
  3        0               打印机1            0.00            24435.38        24435.38       
  3        1               批处理机2           24435.38        25499.38        1064.00        
  3        2               离散机1            25499.38        26431.38        932.00         
  3        3               离散机10           26627.38        27889.38        1262.00        
  3        4               离散机2            28744.38        29742.38        998.00         
  3        5               离散机7            34223.38        35314.38        1091.00        
  3        6               离散机2            50121.94        51486.94        1365.00        

工件 4:
  4        0               打印机2            9472.49         25506.39        16033.89       
  4        1               批处理机2           25506.39        26570.39        1064.00        
  4        2               离散机1            26570.39        27703.39        1133.00        
  4        3               离散机10           27889.38        29237.38        1348.00        
  4        4               离散机3            29465.38        30696.38        1231.00        
  4        5               离散机8            30696.38        31613.38        917.00         
  4        6               离散机2            39866.59        40888.59        1022.00        
  4        7               离散机6            41706.00        43044.00        1338.00        

工件 5:
  5        0               打印机5            0.00            38597.00        38597.00       
  5        1               批处理机2           38597.00        39661.00        1064.00        
  5        2               离散机1            39661.00        41334.00        1673.00        
  5        3               离散机8            41334.00        42630.00        1296.00        
  5        4               离散机2            42630.00        43550.00        920.00         
  5        5               离散机2            43550.00        44721.00        1171.00        
  5        6               离散机2            45965.00        46865.00        900.00         
  5        7               离散机8            47687.59        49164.59        1477.00        

工件 6:
  6        0               打印机4            46816.94        63751.53        16934.59       
  6        1               批处理机2           63751.53        64815.53        1064.00        
  6        2               离散机6            64815.53        65820.53        1005.00        
  6        3               离散机2            65820.53        67485.53        1665.00        
  6        4               离散机2            67485.53        68678.53        1193.00        
  6        5               离散机9            68894.23        70171.23        1277.00        

工件 7:
  7        0               打印机4            0.00            46816.94        46816.94       
  7        1               批处理机2           46816.94        47880.94        1064.00        
  7        2               离散机2            49133.94        50121.94        988.00         
  7        3               离散机6            51955.94        53330.94        1375.00        
  7        4               离散机1            53330.94        54256.94        926.00         
  7        5               离散机2            57958.94        59303.94        1345.00        
  7        6               离散机9            60452.79        61914.79        1462.00        

工件 8:
  8        0               打印机4            0.00            46816.94        46816.94       
  8        1               批处理机2           46816.94        47880.94        1064.00        
  8        2               离散机5            47880.94        49136.94        1256.00        
  8        3               离散机6            50928.94        51955.94        1027.00        
  8        4               离散机2            51955.94        53566.94        1611.00        
  8        5               离散机2            55615.94        56999.94        1384.00        
  8        6               离散机1            56999.94        58032.94        1033.00        
  8        7               离散机4            58032.94        59693.94        1661.00        

工件 9:
  9        0               打印机3            0.00            29045.00        29045.00       
  9        1               批处理机2           29045.00        30109.00        1064.00        
  9        2               离散机9            30109.00        31553.00        1444.00        
  9        3               离散机5            33866.00        34779.00        913.00         

工件 10:
  10       0               打印机5            0.00            38597.00        38597.00       
  10       1               批处理机2           38597.00        39661.00        1064.00        
  10       2               离散机6            39661.00        40665.00        1004.00        
  10       3               离散机7            44875.00        46598.00        1723.00        
  10       4               离散机5            53980.94        55760.94        1780.00        
  10       5               离散机2            59303.94        61032.94        1729.00        
  10       6               离散机1            61032.94        62667.94        1635.00        

工件 11:
  11       0               打印机4            0.00            46816.94        46816.94       
  11       1               批处理机2           46816.94        47880.94        1064.00        
  11       2               离散机3            47880.94        49261.94        1381.00        
  11       3               离散机8            49261.94        50277.94        1016.00        
  11       4               离散机3            65715.53        66706.53        991.00         
  11       5               离散机8            66706.53        67644.53        938.00         
  11       6               离散机6            68215.53        69323.53        1108.00        

工件 12:
  12       0               打印机5            0.00            38597.00        38597.00       
  12       1               批处理机2           38597.00        39661.00        1064.00        
  12       2               离散机10           44631.59        46154.59        1523.00        

工件 13:
  13       0               打印机4            0.00            46816.94        46816.94       
  13       1               批处理机2           46816.94        47880.94        1064.00        
  13       2               离散机3            49261.94        50718.94        1457.00        
  13       3               离散机10           50718.94        52304.94        1586.00        
  13       4               离散机5            52304.94        53980.94        1676.00        
  13       5               离散机2            53980.94        55615.94        1635.00        
  13       6               离散机7            57347.23        58958.23        1611.00        
  13       7               离散机2            62227.94        63208.94        981.00         

工件 14:
  14       0               打印机4            0.00            46816.94        46816.94       
  14       1               批处理机2           46816.94        47880.94        1064.00        
  14       2               离散机4            47880.94        49296.94        1416.00        
  14       3               离散机3            53179.00        54571.00        1392.00        
  14       4               离散机6            56037.23        57128.23        1091.00        
  14       5               离散机8            57128.23        58642.23        1514.00        
  14       6               离散机8            61743.23        62936.23        1193.00        
  14       7               离散机8            62936.23        64527.23        1591.00        
  14       8               离散机10           64655.23        65912.23        1257.00        
  14       9               离散机6            69323.53        70650.53        1327.00        

工件 15:
  15       0               打印机1            30678.46        37203.59        6525.13        
  15       1               批处理机2           37203.59        38267.59        1064.00        
  15       2               离散机2            38267.59        39866.59        1599.00        
  15       3               离散机7            43310.00        44875.00        1565.00        
  15       4               离散机2            44875.00        45965.00        1090.00        
  15       5               离散机6            47433.00        48759.00        1326.00        
  15       6               离散机3            66706.53        67936.53        1230.00        
  15       7               离散机3            67936.53        68877.53        941.00         

工件 16:
  16       0               打印机1            24435.38        30678.46        6243.08        
  16       1               批处理机2           30678.46        31742.46        1064.00        
  16       2               离散机2            33532.00        35322.00        1790.00        
  16       3               离散机7            52997.94        54566.94        1569.00        

工件 17:
  17       0               打印机2            0.00            9472.49         9472.49        
  17       1               批处理机2           9472.49         10536.49        1064.00        
  17       2               离散机10           10536.49        11490.49        954.00         
  17       3               离散机6            11976.49        13214.49        1238.00        
  17       4               离散机9            13214.49        14199.49        985.00         
  17       5               离散机9            14199.49        15205.49        1006.00        
  17       6               离散机2            16863.49        18486.49        1623.00        
  17       7               离散机2            18486.49        19457.49        971.00         
  17       8               离散机6            19457.49        20376.49        919.00         

工件 18:
  18       0               打印机4            0.00            46816.94        46816.94       
  18       1               批处理机2           46816.94        47880.94        1064.00        
  18       2               离散机9            47880.94        49022.94        1142.00        

工件 19:
  19       0               打印机1            0.00            24435.38        24435.38       
  19       1               批处理机2           24435.38        25499.38        1064.00        
  19       2               离散机7            31623.38        33057.38        1434.00        

工件 20:
  20       0               打印机2            9472.49         25506.39        16033.89       
  20       1               批处理机2           25506.39        26570.39        1064.00        
  20       2               离散机7            27173.38        28355.38        1182.00        
  20       3               离散机5            28355.38        29580.38        1225.00        
  20       4               离散机6            34131.00        35391.00        1260.00        
  20       5               离散机9            40225.00        41441.00        1216.00        
  20       6               离散机9            46504.00        47868.00        1364.00        

工件 21:
  21       0               打印机2            0.00            9472.49         9472.49        
  21       1               批处理机2           9472.49         10536.49        1064.00        
  21       2               离散机7            10536.49        12090.49        1554.00        
  21       3               离散机3            15308.49        16426.49        1118.00        
  21       4               离散机6            16426.49        17991.49        1565.00        

工件 22:
  22       0               打印机4            0.00            46816.94        46816.94       
  22       1               批处理机2           46816.94        47880.94        1064.00        

工件 23:
  23       0               打印机1            0.00            24435.38        24435.38       
  23       1               批处理机2           24435.38        25499.38        1064.00        
  23       2               离散机9            25499.38        26539.38        1040.00        
  23       3               离散机3            26539.38        27636.38        1097.00        
  23       4               离散机7            28355.38        30112.38        1757.00        
  23       5               离散机10           32957.00        34562.00        1605.00        
  23       6               离散机9            36865.00        37962.00        1097.00        
  23       7               离散机3            44929.59        46545.59        1616.00        
  23       8               离散机5            46545.59        47783.59        1238.00        

工件 24:
  24       0               打印机1            30678.46        37203.59        6525.13        
  24       1               批处理机2           37203.59        38267.59        1064.00        
  24       2               离散机3            38267.59        39597.59        1330.00        
  24       3               离散机3            39597.59        40996.59        1399.00        
  24       4               离散机5            40996.59        42062.59        1066.00        
  24       5               离散机4            42062.59        43454.59        1392.00        
  24       6               离散机10           43454.59        44631.59        1177.00        
  24       7               离散机8            44631.59        46049.59        1418.00        
  24       8               离散机4            46049.59        47400.59        1351.00        

工件 25:
  25       0               打印机2            0.00            9472.49         9472.49        
  25       1               批处理机2           9472.49         10536.49        1064.00        
  25       2               离散机3            10536.49        11457.49        921.00         
  25       3               离散机2            12149.49        13475.49        1326.00        
  25       4               离散机10           14446.49        15362.49        916.00         
  25       5               离散机1            15362.49        16408.49        1046.00        
  25       6               离散机9            18250.49        19968.49        1718.00        
  25       7               离散机10           21350.49        22478.49        1128.00        

工件 26:
  26       0               打印机1            0.00            24435.38        24435.38       
  26       1               批处理机2           24435.38        25499.38        1064.00        
  26       2               离散机7            25499.38        27173.38        1674.00        
  26       3               离散机6            27173.38        28315.38        1142.00        
  26       4               离散机3            28315.38        29465.38        1150.00        
  26       5               离散机3            43320.59        44929.59        1609.00        
  26       6               离散机8            46049.59        47687.59        1638.00        
  26       7               离散机9            58309.94        59310.94        1001.00        
  26       8               离散机6            59310.94        60699.94        1389.00        
  26       9               离散机5            63063.23        64559.23        1496.00        

工件 27:
  27       0               打印机5            38597.00        50794.00        12197.00       
  27       1               批处理机2           50794.00        51858.00        1064.00        

工件 28:
  28       0               打印机4            0.00            46816.94        46816.94       
  28       1               批处理机2           46816.94        47880.94        1064.00        
  28       2               离散机10           47880.94        49425.94        1545.00        
  28       3               离散机9            49425.94        51160.94        1735.00        
  28       4               离散机10           53354.94        54562.94        1208.00        
  28       5               离散机7            56047.23        57347.23        1300.00        
  28       6               离散机6            58160.23        59191.23        1031.00        

工件 29:
  29       0               打印机4            46816.94        63751.53        16934.59       
  29       1               批处理机2           63751.53        64815.53        1064.00        
  29       2               离散机9            65121.23        66796.23        1675.00        
  29       3               离散机8            67644.53        68823.53        1179.00        

工件 30:
  30       0               打印机2            25506.39        53619.23        28112.84       
  30       1               批处理机2           53619.23        54683.23        1064.00        
  30       2               离散机3            54683.23        56089.23        1406.00        
  30       3               离散机5            56089.23        57150.23        1061.00        
  30       4               离散机5            58364.23        59822.23        1458.00        
  30       5               离散机5            59822.23        60746.23        924.00         
  30       6               离散机5            60746.23        61920.23        1174.00        
  30       7               离散机5            61920.23        63063.23        1143.00        
  30       8               离散机4            63827.23        65204.23        1377.00        
  30       9               离散机7            66339.23        67479.23        1140.00        

工件 31:
  31       0               打印机1            30678.46        37203.59        6525.13        
  31       1               批处理机2           37203.59        38267.59        1064.00        
  31       2               离散机1            41334.00        42748.00        1414.00        
  31       3               离散机1            43906.00        45300.00        1394.00        
  31       4               离散机5            49136.94        50644.94        1508.00        
  31       5               离散机9            56600.94        58309.94        1709.00        
  31       6               离散机9            63032.79        64199.79        1167.00        

工件 32:
  32       0               打印机1            0.00            24435.38        24435.38       
  32       1               批处理机2           24435.38        25499.38        1064.00        
  32       2               离散机2            25499.38        26630.38        1131.00        
  32       3               离散机5            26630.38        28036.38        1406.00        
  32       4               离散机1            34008.39        34937.39        929.00         
  32       5               离散机2            36441.00        38136.00        1695.00        
  32       6               离散机5            39951.00        40956.00        1005.00        
  32       7               离散机10           49425.94        50501.94        1076.00        

工件 33:
  33       0               打印机3            0.00            29045.00        29045.00       
  33       1               批处理机2           29045.00        30109.00        1064.00        
  33       2               离散机2            30109.00        31879.00        1770.00        
  33       3               离散机5            31879.00        32943.00        1064.00        
  33       4               离散机9            32943.00        33966.00        1023.00        
  33       5               离散机9            35709.00        36865.00        1156.00        
  33       6               离散机5            36865.00        37804.00        939.00         
  33       7               离散机10           37804.00        39211.00        1407.00        

工件 34:
  34       0               打印机4            0.00            46816.94        46816.94       
  34       1               批处理机2           46816.94        47880.94        1064.00        
  34       2               离散机7            47880.94        49644.94        1764.00        
  34       3               离散机1            49644.94        51038.94        1394.00        
  34       4               离散机9            51160.94        52645.94        1485.00        

工件 35:
  35       0               打印机5            0.00            38597.00        38597.00       
  35       1               批处理机2           38597.00        39661.00        1064.00        
  35       2               离散机8            42630.00        44348.00        1718.00        
  35       3               离散机1            54256.94        55357.94        1101.00        

工件 36:
  36       0               打印机2            25506.39        53619.23        28112.84       
  36       1               批处理机2           53619.23        54683.23        1064.00        
  36       2               离散机8            54683.23        56208.23        1525.00        
  36       3               离散机10           57442.23        58448.23        1006.00        
  36       4               离散机7            60069.23        61554.23        1485.00        
  36       5               离散机8            64527.23        65943.23        1416.00        
  36       6               离散机10           65943.23        66891.23        948.00         
  36       7               离散机7            67479.23        68500.23        1021.00        
  36       8               离散机8            68823.53        69931.53        1108.00        

工件 37:
  37       0               打印机5            0.00            38597.00        38597.00       
  37       1               批处理机2           38597.00        39661.00        1064.00        
  37       2               离散机1            42748.00        43906.00        1158.00        
  37       3               离散机5            43906.00        45107.00        1201.00        
  37       4               离散机6            45107.00        46298.00        1191.00        

工件 38:
  38       0               打印机5            0.00            38597.00        38597.00       
  38       1               批处理机2           38597.00        39661.00        1064.00        

工件 39:
  39       0               打印机3            0.00            29045.00        29045.00       
  39       1               批处理机2           29045.00        30109.00        1064.00        
  39       2               离散机6            32477.00        34131.00        1654.00        
  39       3               离散机9            39116.00        40225.00        1109.00        
  39       4               离散机5            42062.59        43598.59        1536.00        
  39       5               离散机4            43598.59        45106.59        1508.00        

工件 40:
  40       0               打印机2            9472.49         25506.39        16033.89       
  40       1               批处理机2           25506.39        26570.39        1064.00        
  40       2               离散机8            27047.38        28158.38        1111.00        
  40       3               离散机9            28158.38        29468.38        1310.00        
  40       4               离散机6            36529.00        37909.00        1380.00        
  40       5               离散机9            42714.00        43632.00        918.00         
  40       6               离散机4            65204.23        66525.23        1321.00        

工件 41:
  41       0               打印机1            0.00            24435.38        24435.38       
  41       1               批处理机2           24435.38        25499.38        1064.00        
  41       2               离散机8            25499.38        27047.38        1548.00        
  41       3               离散机2            27047.38        28744.38        1697.00        
  41       4               离散机4            31789.39        32692.39        903.00         
  41       5               离散机2            35322.00        36441.00        1119.00        
  41       6               离散机7            36441.00        37713.00        1272.00        
  41       7               离散机5            50644.94        51914.94        1270.00        

工件 42:
  42       0               打印机2            0.00            9472.49         9472.49        
  42       1               批处理机2           9472.49         10536.49        1064.00        
  42       2               离散机4            17226.49        18621.49        1395.00        
  42       3               离散机10           18621.49        19818.49        1197.00        

工件 43:
  43       0               打印机2            9472.49         25506.39        16033.89       
  43       1               批处理机2           25506.39        26570.39        1064.00        
  43       2               离散机3            30696.38        31734.38        1038.00        
  43       3               离散机1            32552.39        34008.39        1456.00        
  43       4               离散机3            42025.59        43320.59        1295.00        
  43       5               离散机1            45300.00        46396.00        1096.00        
  43       6               离散机6            46396.00        47433.00        1037.00        

工件 44:
  44       0               打印机2            9472.49         25506.39        16033.89       
  44       1               批处理机2           25506.39        26570.39        1064.00        
  44       2               离散机6            28315.38        29301.38        986.00         

工件 45:
  45       0               打印机5            38597.00        50794.00        12197.00       
  45       1               批处理机2           50794.00        51858.00        1064.00        
  45       2               离散机3            51858.00        53179.00        1321.00        
  45       3               离散机9            54943.94        56600.94        1657.00        
  45       4               离散机5            57150.23        58364.23        1214.00        
  45       5               离散机8            60246.23        61743.23        1497.00        
  45       6               离散机6            61743.23        63253.23        1510.00        
  45       7               离散机1            63253.23        64210.23        957.00         
  45       8               离散机9            64210.23        65121.23        911.00         

工件 46:
  46       0               打印机2            0.00            9472.49         9472.49        
  46       1               批处理机2           9472.49         10536.49        1064.00        
  46       2               离散机7            12090.49        13219.49        1129.00        
  46       3               离散机6            13219.49        14222.49        1003.00        
  46       4               离散机3            14222.49        15308.49        1086.00        
  46       5               离散机1            16408.49        17344.49        936.00         
  46       6               离散机1            17344.49        18416.49        1072.00        
  46       7               离散机3            20339.49        21573.49        1234.00        

工件 47:
  47       0               打印机4            0.00            46816.94        46816.94       
  47       1               批处理机2           46816.94        47880.94        1064.00        
  47       2               离散机2            47880.94        49133.94        1253.00        
  47       3               离散机6            49133.94        50928.94        1795.00        
  47       4               离散机10           52304.94        53354.94        1050.00        
  47       5               离散机9            53354.94        54943.94        1589.00        
  47       6               离散机3            60387.23        61830.23        1443.00        
  47       7               离散机9            61914.79        63032.79        1118.00        
  47       8               离散机1            64210.23        65517.23        1307.00        

工件 48:
  48       0               打印机5            0.00            38597.00        38597.00       
  48       1               批处理机2           38597.00        39661.00        1064.00        
  48       2               离散机10           39661.00        41100.00        1439.00        

工件 49:
  49       0               打印机4            46816.94        63751.53        16934.59       
  49       1               批处理机2           63751.53        64815.53        1064.00        
  49       2               离散机6            65820.53        67269.53        1449.00        
  49       3               离散机6            67269.53        68215.53        946.00         
  49       4               离散机7            68500.23        70051.23        1551.00        

工件 50:
  50       0               打印机1            0.00            24435.38        24435.38       
  50       1               批处理机2           24435.38        25499.38        1064.00        
  50       2               离散机10           25499.38        26627.38        1128.00        

工件 51:
  51       0               打印机4            0.00            46816.94        46816.94       
  51       1               批处理机2           46816.94        47880.94        1064.00        
  51       2               离散机4            53259.94        54422.94        1163.00        

工件 52:
  52       0               打印机1            0.00            24435.38        24435.38       
  52       1               批处理机2           24435.38        25499.38        1064.00        
  52       2               离散机1            28876.39        29994.39        1118.00        
  52       3               离散机4            29994.39        31789.39        1795.00        
  52       4               离散机1            36402.39        37424.39        1022.00        
  52       5               离散机1            37424.39        38979.39        1555.00        
  52       6               离散机2            40888.59        41903.59        1015.00        
  52       7               离散机10           61169.23        62092.23        923.00         

工件 53:
  53       0               打印机5            0.00            38597.00        38597.00       
  53       1               批处理机2           38597.00        39661.00        1064.00        
  53       2               离散机7            39661.00        40640.00        979.00         
  53       3               离散机9            67864.23        68894.23        1030.00        

工件 54:
  54       0               打印机5            38597.00        50794.00        12197.00       
  54       1               批处理机2           50794.00        51858.00        1064.00        
  54       2               离散机2            56999.94        57958.94        959.00         

工件 55:
  55       0               打印机4            0.00            46816.94        46816.94       
  55       1               批处理机2           46816.94        47880.94        1064.00        
  55       2               离散机4            51800.94        53259.94        1459.00        
  55       3               离散机10           55980.23        57442.23        1462.00        
  55       4               离散机8            58642.23        60246.23        1604.00        
  55       5               离散机3            63190.23        64729.23        1539.00        
  55       6               离散机7            64729.23        66339.23        1610.00        
  55       7               离散机1            66339.23        67737.23        1398.00        

工件 56:
  56       0               打印机1            24435.38        30678.46        6243.08        
  56       1               批处理机2           30678.46        31742.46        1064.00        

工件 57:
  57       0               打印机3            0.00            29045.00        29045.00       
  57       1               批处理机2           29045.00        30109.00        1064.00        
  57       2               离散机6            31351.00        32477.00        1126.00        
  57       3               离散机8            34912.00        35899.00        987.00         

工件 58:
  58       0               打印机3            0.00            29045.00        29045.00       
  58       1               批处理机2           29045.00        30109.00        1064.00        
  58       2               离散机10           30109.00        31569.00        1460.00        
  58       3               离散机3            33902.00        35420.00        1518.00        
  58       4               离散机6            35420.00        36529.00        1109.00        
  58       5               离散机4            37092.00        38589.00        1497.00        

工件 59:
  59       0               打印机3            0.00            29045.00        29045.00       
  59       1               批处理机2           29045.00        30109.00        1064.00        
  59       2               离散机10           31569.00        32957.00        1388.00        
  59       3               离散机3            32957.00        33902.00        945.00         
  59       4               离散机4            33902.00        35144.00        1242.00        
  59       5               离散机4            36158.00        37092.00        934.00         
  59       6               离散机7            49644.94        51113.94        1469.00        

工件 60:
  60       0               打印机3            29045.00        41638.78        12593.78       
  60       1               批处理机2           41638.78        42702.78        1064.00        
  60       2               离散机7            46598.00        47802.00        1204.00        

工件 61:
  61       0               打印机5            38597.00        50794.00        12197.00       
  61       1               批处理机2           50794.00        51858.00        1064.00        

工件 62:
  62       0               打印机4            0.00            46816.94        46816.94       
  62       1               批处理机2           46816.94        47880.94        1064.00        
  62       2               离散机4            50517.94        51800.94        1283.00        

工件 63:
  63       0               打印机1            0.00            24435.38        24435.38       
  63       1               批处理机2           24435.38        25499.38        1064.00        

工件 64:
  64       0               打印机3            29045.00        41638.78        12593.78       
  64       1               批处理机2           41638.78        42702.78        1064.00        
  64       2               离散机9            45303.00        46504.00        1201.00        

工件 65:
  65       0               打印机2            9472.49         25506.39        16033.89       
  65       1               批处理机2           25506.39        26570.39        1064.00        
  65       2               离散机9            26570.39        27976.39        1406.00        
  65       3               离散机4            27976.39        29210.39        1234.00        
  65       4               离散机8            29364.38        30273.38        909.00         
  65       5               离散机9            31553.00        32937.00        1384.00        
  65       6               离散机7            35314.38        36339.38        1025.00        

工件 66:
  66       0               打印机1            0.00            24435.38        24435.38       
  66       1               批处理机2           24435.38        25499.38        1064.00        
  66       2               离散机1            31249.39        32552.39        1303.00        
  66       3               离散机7            33057.38        34223.38        1166.00        
  66       4               离散机8            35899.00        37150.00        1251.00        
  66       5               离散机9            37962.00        39116.00        1154.00        
  66       6               离散机1            46396.00        47522.00        1126.00        

工件 67:
  67       0               打印机5            0.00            38597.00        38597.00       
  67       1               批处理机2           38597.00        39661.00        1064.00        
  67       2               离散机8            39661.00        40713.00        1052.00        
  67       3               离散机4            40713.00        42037.00        1324.00        
  67       4               离散机10           42282.00        43219.00        937.00         
  67       5               离散机5            45107.00        46391.00        1284.00        

工件 68:
  68       0               打印机2            25506.39        53619.23        28112.84       
  68       1               批处理机2           53619.23        54683.23        1064.00        
  68       2               离散机7            54683.23        56047.23        1364.00        
  68       3               离散机4            56047.23        57492.23        1445.00        
  68       4               离散机6            63253.23        64401.23        1148.00        

工件 69:
  69       0               打印机1            0.00            24435.38        24435.38       
  69       1               批处理机2           24435.38        25499.38        1064.00        
  69       2               离散机8            28158.38        29364.38        1206.00        
  69       3               离散机7            30112.38        31623.38        1511.00        
  69       4               离散机8            31623.38        32932.38        1309.00        
  69       5               离散机4            35144.00        36158.00        1014.00        
  69       6               离散机8            37150.00        38384.00        1234.00        
  69       7               离散机5            38384.00        39951.00        1567.00        
  69       8               离散机10           46154.59        47820.59        1666.00        

工件 70:
  70       0               打印机5            0.00            38597.00        38597.00       
  70       1               批处理机2           38597.00        39661.00        1064.00        
  70       2               离散机10           41100.00        42282.00        1182.00        

工件 71:
  71       0               打印机2            53619.23        58319.79        4700.56        
  71       1               批处理机2           58319.79        59383.79        1064.00        
  71       2               离散机9            59383.79        60452.79        1069.00        
  71       3               离散机4            62159.23        63827.23        1668.00        
  71       4               离散机2            68678.53        69832.53        1154.00        

工件 72:
  72       0               打印机2            0.00            9472.49         9472.49        
  72       1               批处理机2           9472.49         10536.49        1064.00        
  72       2               离散机2            10536.49        12149.49        1613.00        
  72       3               离散机1            12149.49        13640.49        1491.00        
  72       4               离散机4            13640.49        14899.49        1259.00        
  72       5               离散机7            14899.49        16468.49        1569.00        
  72       6               离散机10           16468.49        17842.49        1374.00        
  72       7               离散机3            17842.49        19173.49        1331.00        
  72       8               离散机5            19173.49        20565.49        1392.00        

工件 73:
  73       0               打印机4            0.00            46816.94        46816.94       
  73       1               批处理机2           46816.94        47880.94        1064.00        
  73       2               离散机1            47880.94        48915.94        1035.00        

工件 74:
  74       0               打印机5            0.00            38597.00        38597.00       
  74       1               批处理机2           38597.00        39661.00        1064.00        
  74       2               离散机3            40996.59        42025.59        1029.00        
  74       3               离散机7            63336.23        64581.23        1245.00        
  74       4               离散机2            64581.23        65772.23        1191.00        

工件 75:
  75       0               打印机2            9472.49         25506.39        16033.89       
  75       1               批处理机2           25506.39        26570.39        1064.00        
  75       2               离散机4            26570.39        27731.39        1161.00        
  75       3               离散机1            27731.39        28876.39        1145.00        
  75       4               离散机1            29994.39        31249.39        1255.00        
  75       5               离散机10           34562.00        36228.00        1666.00        
  75       6               离散机1            55357.94        56368.94        1011.00        

工件 76:
  76       0               打印机3            29045.00        41638.78        12593.78       
  76       1               批处理机2           41638.78        42702.78        1064.00        

工件 77:
  77       0               打印机1            30678.46        37203.59        6525.13        
  77       1               批处理机2           37203.59        38267.59        1064.00        
  77       2               离散机7            38267.59        39416.59        1149.00        
  77       3               离散机6            40665.00        41706.00        1041.00        
  77       4               离散机1            51038.94        52466.94        1428.00        

工件 78:
  78       0               打印机5            38597.00        50794.00        12197.00       
  78       1               批处理机2           50794.00        51858.00        1064.00        
  78       2               离散机8            51858.00        53143.00        1285.00        

工件 79:
  79       0               打印机3            0.00            29045.00        29045.00       
  79       1               批处理机2           29045.00        30109.00        1064.00        
  79       2               离散机5            32943.00        33866.00        923.00         

工件 80:
  80       0               打印机3            0.00            29045.00        29045.00       
  80       1               批处理机2           29045.00        30109.00        1064.00        

工件 81:
  81       0               打印机1            0.00            24435.38        24435.38       
  81       1               批处理机2           24435.38        25499.38        1064.00        
  81       2               离散机6            25499.38        26763.38        1264.00        
  81       3               离散机8            38384.00        39572.00        1188.00        

工件 82:
  82       0               打印机2            25506.39        53619.23        28112.84       
  82       1               批处理机2           53619.23        54683.23        1064.00        
  82       2               离散机3            56089.23        57688.23        1599.00        
  82       3               离散机1            58032.94        58942.94        910.00         

工件 83:
  83       0               打印机4            0.00            46816.94        46816.94       
  83       1               批处理机2           46816.94        47880.94        1064.00        
  83       2               离散机4            49296.94        50517.94        1221.00        
  83       3               离散机8            50517.94        51503.94        986.00         
  83       4               离散机7            51503.94        52997.94        1494.00        
  83       5               离散机6            53330.94        54310.94        980.00         
  83       6               离散机4            54422.94        55848.94        1426.00        
  83       7               离散机10           58448.23        59989.23        1541.00        

工件 84:
  84       0               打印机5            0.00            38597.00        38597.00       
  84       1               批处理机2           38597.00        39661.00        1064.00        

工件 85:
  85       0               打印机3            0.00            29045.00        29045.00       
  85       1               批处理机2           29045.00        30109.00        1064.00        
  85       2               离散机6            30109.00        31351.00        1242.00        
  85       3               离散机9            43632.00        45303.00        1671.00        

工件 86:
  86       0               打印机2            25506.39        53619.23        28112.84       
  86       1               批处理机2           53619.23        54683.23        1064.00        
  86       2               离散机6            54683.23        56037.23        1354.00        
  86       3               离散机3            59067.23        60387.23        1320.00        
  86       4               离散机4            60387.23        62159.23        1772.00        
  86       5               离散机10           62159.23        63356.23        1197.00        

工件 87:
  87       0               打印机1            24435.38        30678.46        6243.08        
  87       1               批处理机2           30678.46        31742.46        1064.00        
  87       2               离散机3            31742.46        32878.46        1136.00        
  87       3               离散机9            41441.00        42714.00        1273.00        
  87       4               离散机6            43044.00        44704.00        1660.00        

工件 88:
  88       0               打印机5            0.00            38597.00        38597.00       
  88       1               批处理机2           38597.00        39661.00        1064.00        
  88       2               离散机7            40640.00        41947.00        1307.00        
  88       3               离散机7            41947.00        43310.00        1363.00        
  88       4               离散机3            46545.59        47675.59        1130.00        

工件 89:
  89       0               打印机1            24435.38        30678.46        6243.08        
  89       1               批处理机2           30678.46        31742.46        1064.00        
  89       2               离散机3            35420.00        37016.00        1596.00        
  89       3               离散机3            37016.00        38004.00        988.00         

工件 90:
  90       0               打印机2            9472.49         25506.39        16033.89       
  90       1               批处理机2           25506.39        26570.39        1064.00        
  90       2               离散机9            33966.00        35709.00        1743.00        

工件 91:
  91       0               打印机2            0.00            9472.49         9472.49        
  91       1               批处理机2           9472.49         10536.49        1064.00        
  91       2               离散机5            10536.49        12175.49        1639.00        

工件 92:
  92       0               打印机4            0.00            46816.94        46816.94       
  92       1               批处理机2           46816.94        47880.94        1064.00        
  92       2               离散机6            57128.23        58160.23        1032.00        
  92       3               离散机2            61032.94        62227.94        1195.00        

工件 93:
  93       0               打印机3            0.00            29045.00        29045.00       
  93       1               批处理机2           29045.00        30109.00        1064.00        
  93       2               离散机2            31879.00        33532.00        1653.00        
  93       3               离散机8            33532.00        34912.00        1380.00        
  93       4               离散机10           36228.00        37717.00        1489.00        
  93       5               离散机8            53143.00        54218.00        1075.00        

工件 94:
  94       0               打印机2            0.00            9472.49         9472.49        
  94       1               批处理机2           9472.49         10536.49        1064.00        
  94       2               离散机6            10536.49        11976.49        1440.00        
  94       3               离散机3            11976.49        13527.49        1551.00        
  94       4               离散机10           13527.49        14446.49        919.00         
  94       5               离散机4            14899.49        15853.49        954.00         
  94       6               离散机2            15853.49        16863.49        1010.00        
  94       7               离散机2            19457.49        21051.49        1594.00        

工件 95:
  95       0               打印机1            0.00            24435.38        24435.38       
  95       1               批处理机2           24435.38        25499.38        1064.00        

工件 96:
  96       0               打印机2            0.00            9472.49         9472.49        
  96       1               批处理机2           9472.49         10536.49        1064.00        
  96       2               离散机9            10536.49        11820.49        1284.00        
  96       3               离散机4            11820.49        13501.49        1681.00        
  96       4               离散机7            13501.49        14619.49        1118.00        
  96       5               离散机4            15853.49        17226.49        1373.00        
  96       6               离散机9            17226.49        18250.49        1024.00        
  96       7               离散机3            19173.49        20339.49        1166.00        
  96       8               离散机10           20339.49        21350.49        1011.00        

工件 97:
  97       0               打印机3            0.00            29045.00        29045.00       
  97       1               批处理机2           29045.00        30109.00        1064.00        
  97       2               离散机5            30109.00        31092.00        983.00         
  97       3               离散机1            34937.39        36402.39        1465.00        
  97       4               离散机6            37909.00        39372.00        1463.00        

工件 98:
  98       0               打印机2            9472.49         25506.39        16033.89       
  98       1               批处理机2           25506.39        26570.39        1064.00        

工件 99:
  99       0               打印机2            25506.39        53619.23        28112.84       
  99       1               批处理机2           53619.23        54683.23        1064.00        
  99       2               离散机10           54683.23        55980.23        1297.00        
  99       3               离散机3            57688.23        59067.23        1379.00        
  99       4               离散机7            59067.23        60069.23        1002.00        
  99       5               离散机3            61830.23        63190.23        1360.00        
  99       6               离散机10           63356.23        64655.23        1299.00        
  99       7               离散机9            66796.23        67864.23        1068.00        

【机器加工顺序记录】
----------------------------------------------------------------------------------------------------

打印机1:
工件号      工序号             开始时间            结束时间            加工时长           
--------------------------------------------------------------------------------
  3        0               0.00            24435.38        24435.38       
  19       0               0.00            24435.38        24435.38       
  23       0               0.00            24435.38        24435.38       
  26       0               0.00            24435.38        24435.38       
  32       0               0.00            24435.38        24435.38       
  41       0               0.00            24435.38        24435.38       
  50       0               0.00            24435.38        24435.38       
  52       0               0.00            24435.38        24435.38       
  63       0               0.00            24435.38        24435.38       
  66       0               0.00            24435.38        24435.38       
  69       0               0.00            24435.38        24435.38       
  81       0               0.00            24435.38        24435.38       
  95       0               0.00            24435.38        24435.38       
  16       0               24435.38        30678.46        6243.08        
  56       0               24435.38        30678.46        6243.08        
  87       0               24435.38        30678.46        6243.08        
  89       0               24435.38        30678.46        6243.08        
  15       0               30678.46        37203.59        6525.13        
  24       0               30678.46        37203.59        6525.13        
  31       0               30678.46        37203.59        6525.13        
  77       0               30678.46        37203.59        6525.13        

  机器利用率: 521.91% (忙碌时间: 368732.82 / 总时间: 70650.53)

打印机2:
工件号      工序号             开始时间            结束时间            加工时长           
--------------------------------------------------------------------------------
  17       0               0.00            9472.49         9472.49        
  21       0               0.00            9472.49         9472.49        
  25       0               0.00            9472.49         9472.49        
  42       0               0.00            9472.49         9472.49        
  46       0               0.00            9472.49         9472.49        
  72       0               0.00            9472.49         9472.49        
  91       0               0.00            9472.49         9472.49        
  94       0               0.00            9472.49         9472.49        
  96       0               0.00            9472.49         9472.49        
  4        0               9472.49         25506.39        16033.89       
  20       0               9472.49         25506.39        16033.89       
  40       0               9472.49         25506.39        16033.89       
  43       0               9472.49         25506.39        16033.89       
  44       0               9472.49         25506.39        16033.89       
  65       0               9472.49         25506.39        16033.89       
  75       0               9472.49         25506.39        16033.89       
  90       0               9472.49         25506.39        16033.89       
  98       0               9472.49         25506.39        16033.89       
  30       0               25506.39        53619.23        28112.84       
  36       0               25506.39        53619.23        28112.84       
  68       0               25506.39        53619.23        28112.84       
  82       0               25506.39        53619.23        28112.84       
  86       0               25506.39        53619.23        28112.84       
  99       0               25506.39        53619.23        28112.84       
  71       0               53619.23        58319.79        4700.56        

  机器利用率: 570.32% (忙碌时间: 402935.09 / 总时间: 70650.53)

打印机3:
工件号      工序号             开始时间            结束时间            加工时长           
--------------------------------------------------------------------------------
  9        0               0.00            29045.00        29045.00       
  33       0               0.00            29045.00        29045.00       
  39       0               0.00            29045.00        29045.00       
  57       0               0.00            29045.00        29045.00       
  58       0               0.00            29045.00        29045.00       
  59       0               0.00            29045.00        29045.00       
  79       0               0.00            29045.00        29045.00       
  80       0               0.00            29045.00        29045.00       
  85       0               0.00            29045.00        29045.00       
  93       0               0.00            29045.00        29045.00       
  97       0               0.00            29045.00        29045.00       
  60       0               29045.00        41638.78        12593.78       
  64       0               29045.00        41638.78        12593.78       
  76       0               29045.00        41638.78        12593.78       

  机器利用率: 505.70% (忙碌时间: 357276.34 / 总时间: 70650.53)

打印机4:
工件号      工序号             开始时间            结束时间            加工时长           
--------------------------------------------------------------------------------
  1        0               0.00            46816.94        46816.94       
  7        0               0.00            46816.94        46816.94       
  8        0               0.00            46816.94        46816.94       
  11       0               0.00            46816.94        46816.94       
  13       0               0.00            46816.94        46816.94       
  14       0               0.00            46816.94        46816.94       
  18       0               0.00            46816.94        46816.94       
  22       0               0.00            46816.94        46816.94       
  28       0               0.00            46816.94        46816.94       
  34       0               0.00            46816.94        46816.94       
  47       0               0.00            46816.94        46816.94       
  51       0               0.00            46816.94        46816.94       
  55       0               0.00            46816.94        46816.94       
  62       0               0.00            46816.94        46816.94       
  73       0               0.00            46816.94        46816.94       
  83       0               0.00            46816.94        46816.94       
  92       0               0.00            46816.94        46816.94       
  0        0               46816.94        63751.53        16934.59       
  6        0               46816.94        63751.53        16934.59       
  29       0               46816.94        63751.53        16934.59       
  49       0               46816.94        63751.53        16934.59       

  机器利用率: 1222.39% (忙碌时间: 863626.35 / 总时间: 70650.53)

打印机5:
工件号      工序号             开始时间            结束时间            加工时长           
--------------------------------------------------------------------------------
  5        0               0.00            38597.00        38597.00       
  10       0               0.00            38597.00        38597.00       
  12       0               0.00            38597.00        38597.00       
  35       0               0.00            38597.00        38597.00       
  37       0               0.00            38597.00        38597.00       
  38       0               0.00            38597.00        38597.00       
  48       0               0.00            38597.00        38597.00       
  53       0               0.00            38597.00        38597.00       
  67       0               0.00            38597.00        38597.00       
  70       0               0.00            38597.00        38597.00       
  74       0               0.00            38597.00        38597.00       
  84       0               0.00            38597.00        38597.00       
  88       0               0.00            38597.00        38597.00       
  2        0               38597.00        50794.00        12197.00       
  27       0               38597.00        50794.00        12197.00       
  45       0               38597.00        50794.00        12197.00       
  54       0               38597.00        50794.00        12197.00       
  61       0               38597.00        50794.00        12197.00       
  78       0               38597.00        50794.00        12197.00       

  机器利用率: 813.78% (忙碌时间: 574943.00 / 总时间: 70650.53)

批处理机1:
工件号      工序号             开始时间            结束时间            加工时长           
--------------------------------------------------------------------------------

  机器利用率: 0.00% (忙碌时间: 0.00 / 总时间: 70650.53)

批处理机2:
工件号      工序号             开始时间            结束时间            加工时长           
--------------------------------------------------------------------------------
  17       1               9472.49         10536.49        1064.00        
  21       1               9472.49         10536.49        1064.00        
  25       1               9472.49         10536.49        1064.00        
  42       1               9472.49         10536.49        1064.00        
  46       1               9472.49         10536.49        1064.00        
  72       1               9472.49         10536.49        1064.00        
  91       1               9472.49         10536.49        1064.00        
  94       1               9472.49         10536.49        1064.00        
  96       1               9472.49         10536.49        1064.00        
  3        1               24435.38        25499.38        1064.00        
  19       1               24435.38        25499.38        1064.00        
  23       1               24435.38        25499.38        1064.00        
  26       1               24435.38        25499.38        1064.00        
  32       1               24435.38        25499.38        1064.00        
  41       1               24435.38        25499.38        1064.00        
  50       1               24435.38        25499.38        1064.00        
  52       1               24435.38        25499.38        1064.00        
  63       1               24435.38        25499.38        1064.00        
  66       1               24435.38        25499.38        1064.00        
  69       1               24435.38        25499.38        1064.00        
  81       1               24435.38        25499.38        1064.00        
  95       1               24435.38        25499.38        1064.00        
  4        1               25506.39        26570.39        1064.00        
  20       1               25506.39        26570.39        1064.00        
  40       1               25506.39        26570.39        1064.00        
  43       1               25506.39        26570.39        1064.00        
  44       1               25506.39        26570.39        1064.00        
  65       1               25506.39        26570.39        1064.00        
  75       1               25506.39        26570.39        1064.00        
  90       1               25506.39        26570.39        1064.00        
  98       1               25506.39        26570.39        1064.00        
  9        1               29045.00        30109.00        1064.00        
  33       1               29045.00        30109.00        1064.00        
  39       1               29045.00        30109.00        1064.00        
  57       1               29045.00        30109.00        1064.00        
  58       1               29045.00        30109.00        1064.00        
  59       1               29045.00        30109.00        1064.00        
  79       1               29045.00        30109.00        1064.00        
  80       1               29045.00        30109.00        1064.00        
  85       1               29045.00        30109.00        1064.00        
  93       1               29045.00        30109.00        1064.00        
  97       1               29045.00        30109.00        1064.00        
  16       1               30678.46        31742.46        1064.00        
  56       1               30678.46        31742.46        1064.00        
  87       1               30678.46        31742.46        1064.00        
  89       1               30678.46        31742.46        1064.00        
  15       1               37203.59        38267.59        1064.00        
  24       1               37203.59        38267.59        1064.00        
  31       1               37203.59        38267.59        1064.00        
  77       1               37203.59        38267.59        1064.00        
  5        1               38597.00        39661.00        1064.00        
  10       1               38597.00        39661.00        1064.00        
  12       1               38597.00        39661.00        1064.00        
  35       1               38597.00        39661.00        1064.00        
  37       1               38597.00        39661.00        1064.00        
  38       1               38597.00        39661.00        1064.00        
  48       1               38597.00        39661.00        1064.00        
  53       1               38597.00        39661.00        1064.00        
  67       1               38597.00        39661.00        1064.00        
  70       1               38597.00        39661.00        1064.00        
  74       1               38597.00        39661.00        1064.00        
  84       1               38597.00        39661.00        1064.00        
  88       1               38597.00        39661.00        1064.00        
  60       1               41638.78        42702.78        1064.00        
  64       1               41638.78        42702.78        1064.00        
  76       1               41638.78        42702.78        1064.00        
  1        1               46816.94        47880.94        1064.00        
  7        1               46816.94        47880.94        1064.00        
  8        1               46816.94        47880.94        1064.00        
  11       1               46816.94        47880.94        1064.00        
  13       1               46816.94        47880.94        1064.00        
  14       1               46816.94        47880.94        1064.00        
  18       1               46816.94        47880.94        1064.00        
  22       1               46816.94        47880.94        1064.00        
  28       1               46816.94        47880.94        1064.00        
  34       1               46816.94        47880.94        1064.00        
  47       1               46816.94        47880.94        1064.00        
  51       1               46816.94        47880.94        1064.00        
  55       1               46816.94        47880.94        1064.00        
  62       1               46816.94        47880.94        1064.00        
  73       1               46816.94        47880.94        1064.00        
  83       1               46816.94        47880.94        1064.00        
  92       1               46816.94        47880.94        1064.00        
  2        1               50794.00        51858.00        1064.00        
  27       1               50794.00        51858.00        1064.00        
  45       1               50794.00        51858.00        1064.00        
  54       1               50794.00        51858.00        1064.00        
  61       1               50794.00        51858.00        1064.00        
  78       1               50794.00        51858.00        1064.00        
  30       1               53619.23        54683.23        1064.00        
  36       1               53619.23        54683.23        1064.00        
  68       1               53619.23        54683.23        1064.00        
  82       1               53619.23        54683.23        1064.00        
  86       1               53619.23        54683.23        1064.00        
  99       1               53619.23        54683.23        1064.00        
  71       1               58319.79        59383.79        1064.00        
  0        1               63751.53        64815.53        1064.00        
  6        1               63751.53        64815.53        1064.00        
  29       1               63751.53        64815.53        1064.00        
  49       1               63751.53        64815.53        1064.00        

  机器利用率: 150.60% (忙碌时间: 106400.00 / 总时间: 70650.53)

离散机1:
工件号      工序号             开始时间            结束时间            加工时长           
--------------------------------------------------------------------------------
  72       3               12149.49        13640.49        1491.00        
  25       5               15362.49        16408.49        1046.00        
  46       5               16408.49        17344.49        936.00         
  46       6               17344.49        18416.49        1072.00        
  3        2               25499.38        26431.38        932.00         
  4        2               26570.39        27703.39        1133.00        
  75       3               27731.39        28876.39        1145.00        
  52       2               28876.39        29994.39        1118.00        
  75       4               29994.39        31249.39        1255.00        
  66       2               31249.39        32552.39        1303.00        
  43       3               32552.39        34008.39        1456.00        
  32       4               34008.39        34937.39        929.00         
  97       3               34937.39        36402.39        1465.00        
  52       4               36402.39        37424.39        1022.00        
  52       5               37424.39        38979.39        1555.00        
  5        2               39661.00        41334.00        1673.00        
  31       2               41334.00        42748.00        1414.00        
  37       2               42748.00        43906.00        1158.00        
  31       3               43906.00        45300.00        1394.00        
  43       5               45300.00        46396.00        1096.00        
  66       6               46396.00        47522.00        1126.00        
  73       2               47880.94        48915.94        1035.00        
  34       3               49644.94        51038.94        1394.00        
  77       4               51038.94        52466.94        1428.00        
  7        4               53330.94        54256.94        926.00         
  35       3               54256.94        55357.94        1101.00        
  75       6               55357.94        56368.94        1011.00        
  8        6               56999.94        58032.94        1033.00        
  82       3               58032.94        58942.94        910.00         
  10       6               61032.94        62667.94        1635.00        
  45       7               63253.23        64210.23        957.00         
  47       8               64210.23        65517.23        1307.00        
  55       7               66339.23        67737.23        1398.00        

  机器利用率: 56.41% (忙碌时间: 39854.00 / 总时间: 70650.53)

离散机2:
工件号      工序号             开始时间            结束时间            加工时长           
--------------------------------------------------------------------------------
  72       2               10536.49        12149.49        1613.00        
  25       3               12149.49        13475.49        1326.00        
  94       6               15853.49        16863.49        1010.00        
  17       6               16863.49        18486.49        1623.00        
  17       7               18486.49        19457.49        971.00         
  94       7               19457.49        21051.49        1594.00        
  32       2               25499.38        26630.38        1131.00        
  41       3               27047.38        28744.38        1697.00        
  3        4               28744.38        29742.38        998.00         
  33       2               30109.00        31879.00        1770.00        
  93       2               31879.00        33532.00        1653.00        
  16       2               33532.00        35322.00        1790.00        
  41       5               35322.00        36441.00        1119.00        
  32       5               36441.00        38136.00        1695.00        
  15       2               38267.59        39866.59        1599.00        
  4        6               39866.59        40888.59        1022.00        
  52       6               40888.59        41903.59        1015.00        
  5        4               42630.00        43550.00        920.00         
  5        5               43550.00        44721.00        1171.00        
  15       4               44875.00        45965.00        1090.00        
  5        6               45965.00        46865.00        900.00         
  47       2               47880.94        49133.94        1253.00        
  7        2               49133.94        50121.94        988.00         
  3        6               50121.94        51486.94        1365.00        
  8        4               51955.94        53566.94        1611.00        
  13       5               53980.94        55615.94        1635.00        
  8        5               55615.94        56999.94        1384.00        
  54       2               56999.94        57958.94        959.00         
  7        5               57958.94        59303.94        1345.00        
  10       5               59303.94        61032.94        1729.00        
  92       3               61032.94        62227.94        1195.00        
  13       7               62227.94        63208.94        981.00         
  1        4               63336.23        64260.23        924.00         
  74       4               64581.23        65772.23        1191.00        
  6        3               65820.53        67485.53        1665.00        
  6        4               67485.53        68678.53        1193.00        
  71       4               68678.53        69832.53        1154.00        

  机器利用率: 68.33% (忙碌时间: 48279.00 / 总时间: 70650.53)

离散机3:
工件号      工序号             开始时间            结束时间            加工时长           
--------------------------------------------------------------------------------
  25       2               10536.49        11457.49        921.00         
  94       3               11976.49        13527.49        1551.00        
  46       4               14222.49        15308.49        1086.00        
  21       3               15308.49        16426.49        1118.00        
  72       7               17842.49        19173.49        1331.00        
  96       7               19173.49        20339.49        1166.00        
  46       7               20339.49        21573.49        1234.00        
  23       3               26539.38        27636.38        1097.00        
  26       4               28315.38        29465.38        1150.00        
  4        4               29465.38        30696.38        1231.00        
  43       2               30696.38        31734.38        1038.00        
  87       2               31742.46        32878.46        1136.00        
  59       3               32957.00        33902.00        945.00         
  58       3               33902.00        35420.00        1518.00        
  89       2               35420.00        37016.00        1596.00        
  89       3               37016.00        38004.00        988.00         
  24       2               38267.59        39597.59        1330.00        
  24       3               39597.59        40996.59        1399.00        
  74       2               40996.59        42025.59        1029.00        
  43       4               42025.59        43320.59        1295.00        
  26       5               43320.59        44929.59        1609.00        
  23       7               44929.59        46545.59        1616.00        
  88       4               46545.59        47675.59        1130.00        
  11       2               47880.94        49261.94        1381.00        
  13       2               49261.94        50718.94        1457.00        
  1        2               50718.94        51753.94        1035.00        
  45       2               51858.00        53179.00        1321.00        
  14       3               53179.00        54571.00        1392.00        
  30       2               54683.23        56089.23        1406.00        
  82       2               56089.23        57688.23        1599.00        
  99       3               57688.23        59067.23        1379.00        
  86       3               59067.23        60387.23        1320.00        
  47       6               60387.23        61830.23        1443.00        
  99       5               61830.23        63190.23        1360.00        
  55       5               63190.23        64729.23        1539.00        
  0        2               64815.53        65715.53        900.00         
  11       4               65715.53        66706.53        991.00         
  15       6               66706.53        67936.53        1230.00        
  15       7               67936.53        68877.53        941.00         

  机器利用率: 69.65% (忙碌时间: 49208.00 / 总时间: 70650.53)

离散机4:
工件号      工序号             开始时间            结束时间            加工时长           
--------------------------------------------------------------------------------
  96       3               11820.49        13501.49        1681.00        
  72       4               13640.49        14899.49        1259.00        
  94       5               14899.49        15853.49        954.00         
  96       5               15853.49        17226.49        1373.00        
  42       2               17226.49        18621.49        1395.00        
  75       2               26570.39        27731.39        1161.00        
  65       3               27976.39        29210.39        1234.00        
  52       3               29994.39        31789.39        1795.00        
  41       4               31789.39        32692.39        903.00         
  59       4               33902.00        35144.00        1242.00        
  69       5               35144.00        36158.00        1014.00        
  59       5               36158.00        37092.00        934.00         
  58       5               37092.00        38589.00        1497.00        
  67       3               40713.00        42037.00        1324.00        
  24       5               42062.59        43454.59        1392.00        
  39       5               43598.59        45106.59        1508.00        
  24       8               46049.59        47400.59        1351.00        
  14       2               47880.94        49296.94        1416.00        
  83       2               49296.94        50517.94        1221.00        
  62       2               50517.94        51800.94        1283.00        
  55       2               51800.94        53259.94        1459.00        
  51       2               53259.94        54422.94        1163.00        
  83       6               54422.94        55848.94        1426.00        
  68       3               56047.23        57492.23        1445.00        
  8        7               58032.94        59693.94        1661.00        
  86       4               60387.23        62159.23        1772.00        
  71       3               62159.23        63827.23        1668.00        
  30       8               63827.23        65204.23        1377.00        
  40       6               65204.23        66525.23        1321.00        
  0        5               68512.53        70217.53        1705.00        

  机器利用率: 57.94% (忙碌时间: 40934.00 / 总时间: 70650.53)

离散机5:
工件号      工序号             开始时间            结束时间            加工时长           
--------------------------------------------------------------------------------
  91       2               10536.49        12175.49        1639.00        
  72       8               19173.49        20565.49        1392.00        
  32       3               26630.38        28036.38        1406.00        
  20       3               28355.38        29580.38        1225.00        
  97       2               30109.00        31092.00        983.00         
  33       3               31879.00        32943.00        1064.00        
  79       2               32943.00        33866.00        923.00         
  9        3               33866.00        34779.00        913.00         
  33       6               36865.00        37804.00        939.00         
  69       7               38384.00        39951.00        1567.00        
  32       6               39951.00        40956.00        1005.00        
  24       4               40996.59        42062.59        1066.00        
  39       4               42062.59        43598.59        1536.00        
  37       3               43906.00        45107.00        1201.00        
  67       5               45107.00        46391.00        1284.00        
  23       8               46545.59        47783.59        1238.00        
  8        2               47880.94        49136.94        1256.00        
  31       4               49136.94        50644.94        1508.00        
  41       7               50644.94        51914.94        1270.00        
  13       4               52304.94        53980.94        1676.00        
  10       4               53980.94        55760.94        1780.00        
  30       3               56089.23        57150.23        1061.00        
  45       4               57150.23        58364.23        1214.00        
  30       4               58364.23        59822.23        1458.00        
  30       5               59822.23        60746.23        924.00         
  30       6               60746.23        61920.23        1174.00        
  30       7               61920.23        63063.23        1143.00        
  26       9               63063.23        64559.23        1496.00        
  0        3               65715.53        67472.53        1757.00        
  0        4               67472.53        68512.53        1040.00        

  机器利用率: 53.98% (忙碌时间: 38138.00 / 总时间: 70650.53)

离散机6:
工件号      工序号             开始时间            结束时间            加工时长           
--------------------------------------------------------------------------------
  94       2               10536.49        11976.49        1440.00        
  17       3               11976.49        13214.49        1238.00        
  46       3               13219.49        14222.49        1003.00        
  21       4               16426.49        17991.49        1565.00        
  17       8               19457.49        20376.49        919.00         
  81       2               25499.38        26763.38        1264.00        
  26       3               27173.38        28315.38        1142.00        
  44       2               28315.38        29301.38        986.00         
  85       2               30109.00        31351.00        1242.00        
  57       2               31351.00        32477.00        1126.00        
  39       2               32477.00        34131.00        1654.00        
  20       4               34131.00        35391.00        1260.00        
  58       4               35420.00        36529.00        1109.00        
  40       4               36529.00        37909.00        1380.00        
  97       4               37909.00        39372.00        1463.00        
  10       2               39661.00        40665.00        1004.00        
  77       3               40665.00        41706.00        1041.00        
  4        7               41706.00        43044.00        1338.00        
  87       4               43044.00        44704.00        1660.00        
  37       4               45107.00        46298.00        1191.00        
  43       6               46396.00        47433.00        1037.00        
  15       5               47433.00        48759.00        1326.00        
  47       3               49133.94        50928.94        1795.00        
  8        3               50928.94        51955.94        1027.00        
  7        3               51955.94        53330.94        1375.00        
  83       5               53330.94        54310.94        980.00         
  86       2               54683.23        56037.23        1354.00        
  14       4               56037.23        57128.23        1091.00        
  92       2               57128.23        58160.23        1032.00        
  28       6               58160.23        59191.23        1031.00        
  26       8               59310.94        60699.94        1389.00        
  45       6               61743.23        63253.23        1510.00        
  68       4               63253.23        64401.23        1148.00        
  6        2               64815.53        65820.53        1005.00        
  49       2               65820.53        67269.53        1449.00        
  49       3               67269.53        68215.53        946.00         
  11       6               68215.53        69323.53        1108.00        
  14       9               69323.53        70650.53        1327.00        

  机器利用率: 66.46% (忙碌时间: 46955.00 / 总时间: 70650.53)

离散机7:
工件号      工序号             开始时间            结束时间            加工时长           
--------------------------------------------------------------------------------
  21       2               10536.49        12090.49        1554.00        
  46       2               12090.49        13219.49        1129.00        
  96       4               13501.49        14619.49        1118.00        
  72       5               14899.49        16468.49        1569.00        
  26       2               25499.38        27173.38        1674.00        
  20       2               27173.38        28355.38        1182.00        
  23       4               28355.38        30112.38        1757.00        
  69       3               30112.38        31623.38        1511.00        
  19       2               31623.38        33057.38        1434.00        
  66       3               33057.38        34223.38        1166.00        
  3        5               34223.38        35314.38        1091.00        
  65       6               35314.38        36339.38        1025.00        
  41       6               36441.00        37713.00        1272.00        
  77       2               38267.59        39416.59        1149.00        
  53       2               39661.00        40640.00        979.00         
  88       2               40640.00        41947.00        1307.00        
  88       3               41947.00        43310.00        1363.00        
  15       3               43310.00        44875.00        1565.00        
  10       3               44875.00        46598.00        1723.00        
  60       2               46598.00        47802.00        1204.00        
  34       2               47880.94        49644.94        1764.00        
  59       6               49644.94        51113.94        1469.00        
  83       4               51503.94        52997.94        1494.00        
  16       3               52997.94        54566.94        1569.00        
  68       2               54683.23        56047.23        1364.00        
  28       5               56047.23        57347.23        1300.00        
  13       6               57347.23        58958.23        1611.00        
  99       4               59067.23        60069.23        1002.00        
  36       4               60069.23        61554.23        1485.00        
  1        3               61554.23        63336.23        1782.00        
  74       3               63336.23        64581.23        1245.00        
  55       6               64729.23        66339.23        1610.00        
  30       9               66339.23        67479.23        1140.00        
  36       7               67479.23        68500.23        1021.00        
  49       4               68500.23        70051.23        1551.00        

  机器利用率: 68.19% (忙碌时间: 48179.00 / 总时间: 70650.53)

离散机8:
工件号      工序号             开始时间            结束时间            加工时长           
--------------------------------------------------------------------------------
  41       2               25499.38        27047.38        1548.00        
  40       2               27047.38        28158.38        1111.00        
  69       2               28158.38        29364.38        1206.00        
  65       4               29364.38        30273.38        909.00         
  4        5               30696.38        31613.38        917.00         
  69       4               31623.38        32932.38        1309.00        
  93       3               33532.00        34912.00        1380.00        
  57       3               34912.00        35899.00        987.00         
  66       4               35899.00        37150.00        1251.00        
  69       6               37150.00        38384.00        1234.00        
  81       3               38384.00        39572.00        1188.00        
  67       2               39661.00        40713.00        1052.00        
  5        3               41334.00        42630.00        1296.00        
  35       2               42630.00        44348.00        1718.00        
  24       7               44631.59        46049.59        1418.00        
  26       6               46049.59        47687.59        1638.00        
  5        7               47687.59        49164.59        1477.00        
  11       3               49261.94        50277.94        1016.00        
  83       3               50517.94        51503.94        986.00         
  78       2               51858.00        53143.00        1285.00        
  93       5               53143.00        54218.00        1075.00        
  36       2               54683.23        56208.23        1525.00        
  14       5               57128.23        58642.23        1514.00        
  55       4               58642.23        60246.23        1604.00        
  45       5               60246.23        61743.23        1497.00        
  14       6               61743.23        62936.23        1193.00        
  14       7               62936.23        64527.23        1591.00        
  36       5               64527.23        65943.23        1416.00        
  11       5               66706.53        67644.53        938.00         
  29       3               67644.53        68823.53        1179.00        
  36       8               68823.53        69931.53        1108.00        

  机器利用率: 56.00% (忙碌时间: 39566.00 / 总时间: 70650.53)

离散机9:
工件号      工序号             开始时间            结束时间            加工时长           
--------------------------------------------------------------------------------
  96       2               10536.49        11820.49        1284.00        
  17       4               13214.49        14199.49        985.00         
  17       5               14199.49        15205.49        1006.00        
  96       6               17226.49        18250.49        1024.00        
  25       6               18250.49        19968.49        1718.00        
  23       2               25499.38        26539.38        1040.00        
  65       2               26570.39        27976.39        1406.00        
  40       3               28158.38        29468.38        1310.00        
  9        2               30109.00        31553.00        1444.00        
  65       5               31553.00        32937.00        1384.00        
  33       4               32943.00        33966.00        1023.00        
  90       2               33966.00        35709.00        1743.00        
  33       5               35709.00        36865.00        1156.00        
  23       6               36865.00        37962.00        1097.00        
  66       5               37962.00        39116.00        1154.00        
  39       3               39116.00        40225.00        1109.00        
  20       5               40225.00        41441.00        1216.00        
  87       3               41441.00        42714.00        1273.00        
  40       5               42714.00        43632.00        918.00         
  85       3               43632.00        45303.00        1671.00        
  64       2               45303.00        46504.00        1201.00        
  20       6               46504.00        47868.00        1364.00        
  18       2               47880.94        49022.94        1142.00        
  28       3               49425.94        51160.94        1735.00        
  34       4               51160.94        52645.94        1485.00        
  47       5               53354.94        54943.94        1589.00        
  45       3               54943.94        56600.94        1657.00        
  31       5               56600.94        58309.94        1709.00        
  26       7               58309.94        59310.94        1001.00        
  71       2               59383.79        60452.79        1069.00        
  7        6               60452.79        61914.79        1462.00        
  47       7               61914.79        63032.79        1118.00        
  31       6               63032.79        64199.79        1167.00        
  45       8               64210.23        65121.23        911.00         
  29       2               65121.23        66796.23        1675.00        
  99       7               66796.23        67864.23        1068.00        
  53       3               67864.23        68894.23        1030.00        
  6        5               68894.23        70171.23        1277.00        

  机器利用率: 68.82% (忙碌时间: 48621.00 / 总时间: 70650.53)

离散机10:
工件号      工序号             开始时间            结束时间            加工时长           
--------------------------------------------------------------------------------
  17       2               10536.49        11490.49        954.00         
  94       4               13527.49        14446.49        919.00         
  25       4               14446.49        15362.49        916.00         
  72       6               16468.49        17842.49        1374.00        
  42       3               18621.49        19818.49        1197.00        
  96       8               20339.49        21350.49        1011.00        
  25       7               21350.49        22478.49        1128.00        
  50       2               25499.38        26627.38        1128.00        
  3        3               26627.38        27889.38        1262.00        
  4        3               27889.38        29237.38        1348.00        
  58       2               30109.00        31569.00        1460.00        
  59       2               31569.00        32957.00        1388.00        
  23       5               32957.00        34562.00        1605.00        
  75       5               34562.00        36228.00        1666.00        
  93       4               36228.00        37717.00        1489.00        
  33       7               37804.00        39211.00        1407.00        
  48       2               39661.00        41100.00        1439.00        
  70       2               41100.00        42282.00        1182.00        
  67       4               42282.00        43219.00        937.00         
  24       6               43454.59        44631.59        1177.00        
  12       2               44631.59        46154.59        1523.00        
  69       8               46154.59        47820.59        1666.00        
  28       2               47880.94        49425.94        1545.00        
  32       7               49425.94        50501.94        1076.00        
  13       3               50718.94        52304.94        1586.00        
  47       4               52304.94        53354.94        1050.00        
  28       4               53354.94        54562.94        1208.00        
  99       2               54683.23        55980.23        1297.00        
  55       3               55980.23        57442.23        1462.00        
  36       3               57442.23        58448.23        1006.00        
  83       7               58448.23        59989.23        1541.00        
  2        2               59989.23        61169.23        1180.00        
  52       7               61169.23        62092.23        923.00         
  86       5               62159.23        63356.23        1197.00        
  99       6               63356.23        64655.23        1299.00        
  14       8               64655.23        65912.23        1257.00        
  36       6               65943.23        66891.23        948.00         

  机器利用率: 66.17% (忙碌时间: 46751.00 / 总时间: 70650.53)

【打印批次详细信息】
----------------------------------------------------------------------------------------------------

打印机 1 (尺寸: 1033.0 x 412.0 x 635.0):
--------------------------------------------------------------------------------
  批次 1: 零件数=13, 占用率=90.71%
    - 66: 尺寸 438.0 x 139.0 x 124.0
    - 81: 尺寸 134.0 x 93.0 x 170.0
    - 23: 尺寸 422.0 x 283.0 x 63.0
    - 63: 尺寸 163.0 x 195.0 x 52.0
    - 41: 尺寸 420.0 x 84.0 x 65.0
    - 19: 尺寸 220.0 x 58.0 x 76.0
    - 95: 尺寸 202.0 x 55.0 x 55.0
    - 52: 尺寸 170.0 x 59.0 x 100.0
    - 50: 尺寸 185.0 x 123.0 x 171.0
    - 69: 尺寸 76.0 x 101.0 x 43.0
    - 32: 尺寸 98.0 x 66.0 x 75.0
    - 3: 尺寸 130.0 x 114.0 x 98.0
    - 26: 尺寸 353.0 x 115.0 x 50.0
  批次 2: 零件数=4, 占用率=69.03%
    - 87: 尺寸 690.0 x 134.0 x 26.0
    - 56: 尺寸 312.0 x 305.0 x 32.0
    - 16: 尺寸 441.0 x 143.0 x 42.0
    - 89: 尺寸 233.0 x 185.0 x 23.0
  批次 3: 零件数=4, 占用率=63.99%
    - 15: 尺寸 255.0 x 172.0 x 44.0
    - 31: 尺寸 355.0 x 260.0 x 20.0
    - 24: 尺寸 187.0 x 173.0 x 33.0
    - 77: 尺寸 509.0 x 204.0 x 43.0

打印机 2 (尺寸: 1163.0 x 587.0 x 663.0):
--------------------------------------------------------------------------------
  批次 1: 零件数=9, 占用率=90.34%
    - 72: 尺寸 426.0 x 214.0 x 34.0
    - 17: 尺寸 668.0 x 227.0 x 36.0
    - 21: 尺寸 53.0 x 109.0 x 36.0
    - 46: 尺寸 389.0 x 123.0 x 52.0
    - 96: 尺寸 711.0 x 335.0 x 59.0
    - 25: 尺寸 207.0 x 202.0 x 33.0
    - 91: 尺寸 179.0 x 133.0 x 39.0
    - 42: 尺寸 86.0 x 114.0 x 61.0
    - 94: 尺寸 86.0 x 78.0 x 15.0
  批次 2: 零件数=9, 占用率=84.80%
    - 4: 尺寸 148.0 x 136.0 x 21.0
    - 43: 尺寸 713.0 x 239.0 x 46.0
    - 75: 尺寸 290.0 x 460.0 x 105.0
    - 40: 尺寸 148.0 x 122.0 x 103.0
    - 65: 尺寸 688.0 x 246.0 x 28.0
    - 20: 尺寸 142.0 x 89.0 x 104.0
    - 98: 尺寸 134.0 x 197.0 x 63.0
    - 90: 尺寸 241.0 x 85.0 x 93.0
    - 44: 尺寸 103.0 x 79.0 x 14.0
  批次 3: 零件数=6, 占用率=86.36%
    - 36: 尺寸 468.0 x 164.0 x 153.0
    - 30: 尺寸 686.0 x 336.0 x 90.0
    - 86: 尺寸 349.0 x 205.0 x 127.0
    - 82: 尺寸 191.0 x 198.0 x 181.0
    - 68: 尺寸 413.0 x 227.0 x 174.0
    - 99: 尺寸 390.0 x 203.0 x 186.0
  批次 4: 零件数=1, 占用率=27.34%
    - 71: 尺寸 699.0 x 267.0 x 29.0

打印机 3 (尺寸: 941.0 x 424.0 x 663.0):
--------------------------------------------------------------------------------
  批次 1: 零件数=11, 占用率=85.19%
    - 39: 尺寸 396.0 x 158.0 x 123.0
    - 57: 尺寸 114.0 x 139.0 x 92.0
    - 93: 尺寸 291.0 x 139.0 x 38.0
    - 85: 尺寸 63.0 x 205.0 x 96.0
    - 9: 尺寸 101.0 x 149.0 x 45.0
    - 58: 尺寸 181.0 x 246.0 x 77.0
    - 33: 尺寸 143.0 x 98.0 x 20.0
    - 79: 尺寸 382.0 x 155.0 x 83.0
    - 59: 尺寸 229.0 x 159.0 x 122.0
    - 80: 尺寸 152.0 x 106.0 x 19.0
    - 97: 尺寸 213.0 x 107.0 x 56.0
  批次 2: 零件数=3, 占用率=59.22%
    - 64: 尺寸 441.0 x 333.0 x 52.0
    - 60: 尺寸 363.0 x 170.0 x 19.0
    - 76: 尺寸 165.0 x 168.0 x 18.0

打印机 4 (尺寸: 1081.0 x 523.0 x 615.0):
--------------------------------------------------------------------------------
  批次 1: 零件数=17, 占用率=87.31%
    - 83: 尺寸 441.0 x 153.0 x 197.0
    - 22: 尺寸 69.0 x 106.0 x 68.0
    - 47: 尺寸 178.0 x 51.0 x 176.0
    - 8: 尺寸 155.0 x 115.0 x 87.0
    - 1: 尺寸 126.0 x 465.0 x 96.0
    - 28: 尺寸 108.0 x 148.0 x 40.0
    - 73: 尺寸 177.0 x 159.0 x 112.0
    - 18: 尺寸 207.0 x 134.0 x 86.0
    - 14: 尺寸 98.0 x 183.0 x 54.0
    - 92: 尺寸 440.0 x 247.0 x 168.0
    - 51: 尺寸 173.0 x 135.0 x 83.0
    - 34: 尺寸 206.0 x 118.0 x 193.0
    - 7: 尺寸 98.0 x 105.0 x 89.0
    - 55: 尺寸 72.0 x 93.0 x 88.0
    - 13: 尺寸 87.0 x 87.0 x 191.0
    - 62: 尺寸 188.0 x 133.0 x 95.0
    - 11: 尺寸 306.0 x 123.0 x 35.0
  批次 2: 零件数=4, 占用率=47.56%
    - 0: 尺寸 268.0 x 250.0 x 27.0
    - 6: 尺寸 306.0 x 134.0 x 68.0
    - 29: 尺寸 302.0 x 137.0 x 33.0
    - 49: 尺寸 720.0 x 166.0 x 70.0

打印机 5 (尺寸: 1118.0 x 504.0 x 631.0):
--------------------------------------------------------------------------------
  批次 1: 零件数=13, 占用率=82.05%
    - 10: 尺寸 480.0 x 155.0 x 175.0
    - 53: 尺寸 142.0 x 121.0 x 188.0
    - 74: 尺寸 488.0 x 192.0 x 92.0
    - 70: 尺寸 139.0 x 217.0 x 55.0
    - 88: 尺寸 385.0 x 207.0 x 83.0
    - 5: 尺寸 63.0 x 187.0 x 153.0
    - 48: 尺寸 205.0 x 200.0 x 83.0
    - 12: 尺寸 132.0 x 99.0 x 97.0
    - 37: 尺寸 179.0 x 208.0 x 109.0
    - 84: 尺寸 132.0 x 148.0 x 176.0
    - 38: 尺寸 144.0 x 118.0 x 155.0
    - 35: 尺寸 106.0 x 96.0 x 48.0
    - 67: 尺寸 144.0 x 121.0 x 191.0
  批次 2: 零件数=6, 占用率=83.79%
    - 54: 尺寸 529.0 x 120.0 x 52.0
    - 27: 尺寸 565.0 x 191.0 x 59.0
    - 45: 尺寸 266.0 x 241.0 x 26.0
    - 78: 尺寸 257.0 x 259.0 x 55.0
    - 2: 尺寸 568.0 x 184.0 x 44.0
    - 61: 尺寸 533.0 x 123.0 x 54.0

════════════════════════════════════════════════════════════════
