════════════════════════════════════════════════════════════════
              最优Cmax解的详细调度记录
════════════════════════════════════════════════════════════════

【基本信息】
----------------------------------------------------------------------------------------------------
Cmax (最大完工时间): 68176.23
能耗: 850.48 kWh
装箱质量: 0.1843
批次总数: 13
工件数量: 100
机器数量: 17 (打印机:5, 批处理机:2, 离散机:10)

【染色体编码】
----------------------------------------------------------------------------------------------------
工序序列 (OS): [24, 23, 10, 22, 63, 67, 25, 53, 83, 79, 16, 36, 37, 81, 48, 98, 30, 69, 95, 90, 58, 89, 39, 99, 57, 88, 73, 96, 40, 43, 78, 33, 1, 12, 3, 60, 66, 6, 55, 0, 91, 85, 92, 47, 28, 15, 77, 8, 74, 94, 76, 84, 27, 72, 20, 31, 4, 51, 71, 87, 70, 93, 17, 64, 56, 82, 68, 2, 29, 49, 35, 62, 52, 14, 65, 13, 97, 26, 75, 7, 44, 61, 11, 5, 38, 54, 59, 18, 42, 19, 86, 9, 41, 32, 21, 50, 80, 46, 34, 45, 33, 75, 73, 92, 52, 24, 96, 7, 32, 3, 85, 83, 35, 8, 26, 14, 33, 58, 15, 62, 30, 25, 41, 10, 47, 17, 6, 25, 21, 83, 67, 17, 17, 36, 43, 17, 64, 65, 36, 28, 69, 69, 47, 87, 94, 6, 20, 33, 21, 88, 26, 86, 11, 14, 14, 0, 4, 75, 6, 50, 59, 9, 96, 15, 81, 34, 97, 55, 43, 47, 13, 94, 55, 16, 89, 96, 0, 46, 82, 96, 93, 45, 30, 41, 8, 14, 23, 94, 28, 0, 13, 18, 83, 15, 25, 5, 8, 36, 31, 9, 3, 0, 33, 66, 32, 51, 1, 15, 96, 89, 72, 33, 36, 25, 52, 68, 71, 43, 83, 52, 83, 59, 47, 14, 45, 41, 94, 15, 29, 87, 55, 37, 23, 69, 86, 52, 16, 24, 49, 31, 93, 7, 14, 4, 33, 86, 82, 36, 55, 30, 88, 99, 19, 99, 13, 39, 26, 52, 59, 74, 46, 68, 30, 11, 72, 47, 30, 1, 83, 69, 94, 26, 46, 45, 74, 13, 35, 40, 77, 99, 91, 66, 65, 65, 94, 75, 97, 26, 32, 34, 30, 17, 52, 93, 6, 59, 37, 59, 57, 7, 58, 37, 58, 8, 96, 44, 99, 4, 58, 72, 29, 48, 72, 81, 34, 10, 1, 3, 23, 41, 24, 47, 53, 17, 24, 32, 11, 79, 31, 13, 69, 4, 39, 86, 71, 5, 10, 42, 47, 55, 23, 40, 32, 85, 21, 88, 67, 26, 4, 24, 20, 41, 26, 4, 46, 46, 66, 39, 72, 66, 40, 20, 5, 40, 90, 43, 40, 5, 11, 93, 92, 28, 10, 53, 20, 99, 25, 23, 17, 39, 30, 28, 36, 5, 7, 60, 14, 71, 31, 23, 10, 14, 24, 45, 42, 99, 87, 72, 55, 67, 75, 32, 3, 12, 2, 31, 54, 20, 66, 8, 11, 65, 72, 25, 13, 57, 70, 49, 74, 43, 24, 77, 77, 41, 69, 78, 36, 8, 46, 7, 26, 75, 67, 15, 65, 45, 68, 69, 45, 49, 96, 28, 5, 30, 45, 3, 23, 97]
机器选择 (MS): [2, 4, 5, 5, 3, 2, 2, 2, 2, 1, 2, 2, 2, 5, 5, 4, 2, 1, 5, 1, 3, 4, 5, 5, 5, 3, 1, 5, 1, 4, 5, 3, 5, 2, 2, 5, 5, 1, 1, 4, 3, 5, 1, 2, 3, 4, 5, 2, 3, 2, 2, 2, 1, 1, 2, 4, 4, 1, 2, 5, 3, 1, 2, 4, 2, 2, 1, 1, 4, 2, 3, 5, 2, 4, 4, 2, 4, 2, 2, 1, 2, 3, 1, 1, 1, 3, 2, 2, 4, 2, 1, 3, 2, 3, 3, 1, 3, 2, 2, 1, 2, 1, 1, 3, 1, 1, 2, 3, 1, 2, 1, 1, 1, 1, 2, 2, 3, 1, 2, 1, 1, 2, 1, 1, 2, 3, 1, 1, 1, 1, 2, 1, 2, 1, 1, 2, 1, 1, 1, 1, 3, 2, 1, 1, 1, 1, 3, 1, 2, 2, 1, 3, 2, 1, 2, 1, 1, 1, 1, 3, 3, 2, 2, 3, 2, 1, 2, 1, 3, 3, 1, 1, 3, 1, 2, 1, 1, 1, 1, 1, 1, 1, 2, 2, 1, 1, 2, 1, 3, 2, 2, 1, 3, 3, 1, 2, 1, 2, 1, 2, 3, 1, 3, 1, 2, 2, 2, 1, 3, 1, 1, 2, 1, 1, 1, 1, 1, 2, 2, 1, 2, 2, 2, 2, 1, 1, 1, 3, 3, 2, 1, 2, 1, 2, 1, 1, 3, 2, 1, 1, 1, 3, 1, 2, 1, 2, 2, 1, 1, 2, 2, 1, 1, 1, 1, 1, 1, 3, 1, 2, 2, 1, 1, 3, 2, 2, 1, 2, 3, 2, 2, 2, 1, 1, 1, 1, 1, 1, 1, 1, 2, 3, 1, 2, 1, 1, 1, 1, 1, 2, 2, 1, 1, 2, 1, 2, 2, 3, 1, 1, 1, 1, 1, 1, 2, 2, 3, 1, 1, 1, 1, 1, 1, 1, 2, 1, 1, 1, 1, 2, 1, 1, 3, 1, 1, 2, 1, 2, 1, 2, 1, 2, 1, 1, 1, 1, 2, 1, 1, 1, 2, 1, 3, 2, 1, 1, 1, 2, 3, 3, 1, 2, 3, 1, 3, 2, 1, 3, 2, 1, 1, 1, 3, 1, 1, 2, 1, 1, 1, 1, 1, 1, 1, 3, 1, 1, 1, 1, 2, 1, 1, 1, 1, 2, 1, 1, 1, 1, 3, 2, 1, 1, 1, 2, 1, 1, 1, 3, 1, 1, 2, 1, 1, 1, 1, 1, 1, 1, 1, 1, 1, 2, 1, 1, 2, 2, 1, 2, 3, 1, 1, 3, 3, 1, 1, 2, 1, 1, 1, 1, 1, 1, 1, 1, 2, 1, 1, 1, 3, 1, 1, 1, 1, 1, 2, 1, 1, 1]

【零件加工顺序记录】
----------------------------------------------------------------------------------------------------
工件号      工序号             机器号             开始时间            结束时间            加工时长           
----------------------------------------------------------------------------------------------------

工件 0:
  0        0               打印机4            15287.53        26575.06        11287.53       
  0        1               批处理机2           26575.06        27639.06        1064.00        
  0        2               离散机5            27639.06        29162.06        1523.00        
  0        3               离散机2            29162.06        30794.06        1632.00        
  0        4               离散机1            34441.19        35356.19        915.00         
  0        5               离散机9            35883.19        37623.19        1740.00        

工件 1:
  1        0               打印机5            0.00            37597.00        37597.00       
  1        1               批处理机2           37597.00        38661.00        1064.00        
  1        2               离散机3            40165.19        41200.19        1035.00        
  1        3               离散机7            41200.19        42982.19        1782.00        
  1        4               离散机8            43668.07        45377.07        1709.00        

工件 2:
  2        0               打印机1            43088.72        51729.23        8640.51        
  2        1               批处理机2           51729.23        52793.23        1064.00        
  2        2               离散机10           60912.47        62092.47        1180.00        

工件 3:
  3        0               打印机2            0.00            29753.19        29753.19       
  3        1               批处理机2           29753.19        30817.19        1064.00        
  3        2               离散机1            31935.19        32867.19        932.00         
  3        3               离散机10           35963.19        37225.19        1262.00        
  3        4               离散机2            42903.19        43901.19        998.00         
  3        5               离散机1            51810.09        53527.09        1717.00        
  3        6               离散机2            66037.47        67402.47        1365.00        

工件 4:
  4        0               打印机4            0.00            15287.53        15287.53       
  4        1               批处理机2           15287.53        16351.53        1064.00        
  4        2               离散机1            16351.53        17484.53        1133.00        
  4        3               离散机10           17484.53        18832.53        1348.00        
  4        4               离散机10           22485.26        24188.26        1703.00        
  4        5               离散机8            24644.07        25561.07        917.00         
  4        6               离散机2            26338.07        27360.07        1022.00        
  4        7               离散机10           28307.07        29987.07        1680.00        

工件 5:
  5        0               打印机1            18230.26        43088.72        24858.46       
  5        1               批处理机2           43088.72        44152.72        1064.00        
  5        2               离散机1            45187.72        46860.72        1673.00        
  5        3               离散机8            50337.09        51633.09        1296.00        
  5        4               离散机2            53387.09        54307.09        920.00         
  5        5               离散机2            54307.09        55478.09        1171.00        
  5        6               离散机2            55478.09        56378.09        900.00         
  5        7               离散机5            62686.23        64415.23        1729.00        

工件 6:
  6        0               打印机1            0.00            18230.26        18230.26       
  6        1               批处理机2           18230.26        19294.26        1064.00        
  6        2               离散机6            19294.26        20299.26        1005.00        
  6        3               离散机2            20299.26        21964.26        1665.00        
  6        4               离散机2            25145.07        26338.07        1193.00        
  6        5               离散机1            26781.07        28489.07        1708.00        

工件 7:
  7        0               打印机1            0.00            18230.26        18230.26       
  7        1               批处理机2           18230.26        19294.26        1064.00        
  7        2               离散机2            19294.26        20282.26        988.00         
  7        3               离散机8            20500.26        21716.26        1216.00        
  7        4               离散机1            21716.26        22642.26        926.00         
  7        5               离散机2            27360.07        28705.07        1345.00        
  7        6               离散机9            60756.47        62218.47        1462.00        

工件 8:
  8        0               打印机2            0.00            29753.19        29753.19       
  8        1               批处理机2           29753.19        30817.19        1064.00        
  8        2               离散机5            30817.19        32073.19        1256.00        
  8        3               离散机7            32310.07        34102.07        1792.00        
  8        4               离散机2            36849.19        38460.19        1611.00        
  8        5               离散机2            41519.19        42903.19        1384.00        
  8        6               离散机1            46860.72        47893.72        1033.00        
  8        7               离散机4            64396.47        66057.47        1661.00        

工件 9:
  9        0               打印机3            0.00            21862.07        21862.07       
  9        1               批处理机2           21862.07        22926.07        1064.00        
  9        2               离散机9            22926.07        24370.07        1444.00        
  9        3               离散机4            24370.07        25338.07        968.00         

工件 10:
  10       0               打印机5            0.00            37597.00        37597.00       
  10       1               批处理机2           37597.00        38661.00        1064.00        
  10       2               离散机6            39903.00        40907.00        1004.00        
  10       3               离散机5            40907.00        41975.00        1068.00        
  10       4               离散机3            53354.00        55051.00        1697.00        
  10       5               离散机2            61955.47        63684.47        1729.00        
  10       6               离散机9            64458.47        65712.47        1254.00        

工件 11:
  11       0               打印机1            0.00            18230.26        18230.26       
  11       1               批处理机2           18230.26        19294.26        1064.00        
  11       2               离散机3            19294.26        20675.26        1381.00        
  11       3               离散机9            20675.26        21791.26        1116.00        
  11       4               离散机3            28677.06        29668.06        991.00         
  11       5               离散机3            29668.06        30721.06        1053.00        
  11       6               离散机8            53959.09        54975.09        1016.00        

工件 12:
  12       0               打印机2            0.00            29753.19        29753.19       
  12       1               批处理机2           29753.19        30817.19        1064.00        
  12       2               离散机10           59389.47        60912.47        1523.00        

工件 13:
  13       0               打印机2            0.00            29753.19        29753.19       
  13       1               批处理机2           29753.19        30817.19        1064.00        
  13       2               离散机3            32861.19        34318.19        1457.00        
  13       3               离散机9            34318.19        35883.19        1565.00        
  13       4               离散机5            35883.19        37559.19        1676.00        
  13       5               离散机2            39884.19        41519.19        1635.00        
  13       6               离散机7            50343.09        51954.09        1611.00        
  13       7               离散机1            56994.23        58070.23        1076.00        

工件 14:
  14       0               打印机4            0.00            15287.53        15287.53       
  14       1               批处理机2           15287.53        16351.53        1064.00        
  14       2               离散机7            16351.53        17654.53        1303.00        
  14       3               离散机6            17654.53        19030.53        1376.00        
  14       4               离散机7            28775.07        30529.07        1754.00        
  14       5               离散机8            33024.19        34538.19        1514.00        
  14       6               离散机8            34538.19        35731.19        1193.00        
  14       7               离散机8            39429.07        41020.07        1591.00        
  14       8               离散机10           49071.72        50328.72        1257.00        
  14       9               离散机6            52750.09        54077.09        1327.00        

工件 15:
  15       0               打印机4            0.00            15287.53        15287.53       
  15       1               批处理机2           15287.53        16351.53        1064.00        
  15       2               离散机2            16351.53        17950.53        1599.00        
  15       3               离散机7            17950.53        19515.53        1565.00        
  15       4               离散机4            19515.53        20946.53        1431.00        
  15       5               离散机3            20946.53        22453.53        1507.00        
  15       6               离散机3            22453.53        23683.53        1230.00        
  15       7               离散机5            39983.19        40896.19        913.00         

工件 16:
  16       0               打印机2            0.00            29753.19        29753.19       
  16       1               批处理机2           29753.19        30817.19        1064.00        
  16       2               离散机2            35059.19        36849.19        1790.00        
  16       3               离散机7            37081.07        38650.07        1569.00        

工件 17:
  17       0               打印机2            45787.09        53917.47        8130.39        
  17       1               批处理机2           53917.47        54981.47        1064.00        
  17       2               离散机10           54981.47        55935.47        954.00         
  17       3               离散机6            55935.47        57173.47        1238.00        
  17       4               离散机3            57173.47        58355.47        1182.00        
  17       5               离散机9            58355.47        59361.47        1006.00        
  17       6               离散机2            59361.47        60984.47        1623.00        
  17       7               离散机2            60984.47        61955.47        971.00         
  17       8               离散机6            62393.47        63312.47        919.00         

工件 18:
  18       0               打印机2            29753.19        45787.09        16033.89       
  18       1               批处理机2           45787.09        46851.09        1064.00        
  18       2               离散机9            47950.09        49092.09        1142.00        

工件 19:
  19       0               打印机2            0.00            29753.19        29753.19       
  19       1               批处理机2           29753.19        30817.19        1064.00        
  19       2               离散机7            38650.07        40084.07        1434.00        

工件 20:
  20       0               打印机2            0.00            29753.19        29753.19       
  20       1               批处理机2           29753.19        30817.19        1064.00        
  20       2               离散机1            32867.19        34441.19        1574.00        
  20       3               离散机5            34529.19        35754.19        1225.00        
  20       4               离散机6            51490.09        52750.09        1260.00        
  20       5               离散机5            57437.23        58668.23        1231.00        
  20       6               离散机10           62092.47        63012.47        920.00         

工件 21:
  21       0               打印机3            0.00            21862.07        21862.07       
  21       1               批处理机2           21862.07        22926.07        1064.00        
  21       2               离散机7            24120.07        25674.07        1554.00        
  21       3               离散机6            26093.07        27702.07        1609.00        
  21       4               离散机6            48300.09        49865.09        1565.00        

工件 22:
  22       0               打印机5            0.00            37597.00        37597.00       
  22       1               批处理机2           37597.00        38661.00        1064.00        

工件 23:
  23       0               打印机4            0.00            15287.53        15287.53       
  23       1               批处理机2           15287.53        16351.53        1064.00        
  23       2               离散机9            17552.53        18592.53        1040.00        
  23       3               离散机9            18592.53        20311.53        1719.00        
  23       4               离散机6            20311.53        21888.53        1577.00        
  23       5               离散机10           24188.26        25793.26        1605.00        
  23       6               离散机9            31811.19        32908.19        1097.00        
  23       7               离散机5            47920.00        49621.00        1701.00        
  23       8               离散机5            65954.47        67192.47        1238.00        

工件 24:
  24       0               打印机2            0.00            29753.19        29753.19       
  24       1               批处理机2           29753.19        30817.19        1064.00        
  24       2               离散机10           30817.19        32609.19        1792.00        
  24       3               离散机9            39212.19        40954.19        1742.00        
  24       4               离散机5            43810.00        44876.00        1066.00        
  24       5               离散机6            44876.00        46274.00        1398.00        
  24       6               离散机10           47894.72        49071.72        1177.00        
  24       7               离散机8            56612.47        58030.47        1418.00        
  24       8               离散机7            60873.23        62282.23        1409.00        

工件 25:
  25       0               打印机2            0.00            29753.19        29753.19       
  25       1               批处理机2           29753.19        30817.19        1064.00        
  25       2               离散机3            30817.19        31738.19        921.00         
  25       3               离散机2            32070.19        33396.19        1326.00        
  25       4               离散机10           35047.19        35963.19        916.00         
  25       5               离散机1            36770.19        37816.19        1046.00        
  25       6               离散机9            44854.19        46572.19        1718.00        
  25       7               离散机7            59719.23        60873.23        1154.00        

工件 26:
  26       0               打印机2            45787.09        53917.47        8130.39        
  26       1               批处理机2           53917.47        54981.47        1064.00        
  26       2               离散机7            54981.47        56655.47        1674.00        
  26       3               离散机2            56655.47        58180.47        1525.00        
  26       4               离散机3            58355.47        59505.47        1150.00        
  26       5               离散机3            59505.47        61114.47        1609.00        
  26       6               离散机6            61114.47        62393.47        1279.00        
  26       7               离散机9            62393.47        63394.47        1001.00        
  26       8               离散机9            63394.47        64458.47        1064.00        
  26       9               离散机5            64458.47        65954.47        1496.00        

工件 27:
  27       0               打印机1            43088.72        51729.23        8640.51        
  27       1               批处理机2           51729.23        52793.23        1064.00        

工件 28:
  28       0               打印机3            0.00            21862.07        21862.07       
  28       1               批处理机2           21862.07        22926.07        1064.00        
  28       2               离散机7            25674.07        27468.07        1794.00        
  28       3               离散机6            27702.07        28693.07        991.00         
  28       4               离散机10           41397.00        42605.00        1208.00        
  28       5               离散机7            53554.09        54854.09        1300.00        
  28       6               离散机6            64822.47        65853.47        1031.00        

工件 29:
  29       0               打印机4            0.00            15287.53        15287.53       
  29       1               批处理机2           15287.53        16351.53        1064.00        
  29       2               离散机1            17484.53        18670.53        1186.00        
  29       3               离散机5            20438.26        21583.26        1145.00        

工件 30:
  30       0               打印机2            29753.19        45787.09        16033.89       
  30       1               批处理机2           45787.09        46851.09        1064.00        
  30       2               离散机9            46851.09        47950.09        1099.00        
  30       3               离散机8            47950.09        48957.09        1007.00        
  30       4               离散机4            50472.09        52004.09        1532.00        
  30       5               离散机5            54196.23        55120.23        924.00         
  30       6               离散机5            55120.23        56294.23        1174.00        
  30       7               离散机5            56294.23        57437.23        1143.00        
  30       8               离散机9            59361.47        60756.47        1395.00        
  30       9               离散机7            67036.23        68176.23        1140.00        

工件 31:
  31       0               打印机4            15287.53        26575.06        11287.53       
  31       1               批处理机2           26575.06        27639.06        1064.00        
  31       2               离散机1            35356.19        36770.19        1414.00        
  31       3               离散机8            38497.07        39429.07        932.00         
  31       4               离散机5            44876.00        46384.00        1508.00        
  31       5               离散机9            49092.09        50801.09        1709.00        
  31       6               离散机9            57118.47        58285.47        1167.00        

工件 32:
  32       0               打印机3            0.00            21862.07        21862.07       
  32       1               批处理机2           21862.07        22926.07        1064.00        
  32       2               离散机2            22926.07        24057.07        1131.00        
  32       3               离散机9            24370.07        25852.07        1482.00        
  32       4               离散机1            25852.07        26781.07        929.00         
  32       5               离散机6            42452.00        43652.00        1200.00        
  32       6               离散机4            43883.00        44976.00        1093.00        
  32       7               离散机10           58313.47        59389.47        1076.00        

工件 33:
  33       0               打印机3            0.00            21862.07        21862.07       
  33       1               批处理机2           21862.07        22926.07        1064.00        
  33       2               离散机7            22926.07        24120.07        1194.00        
  33       3               离散机5            24120.07        25184.07        1064.00        
  33       4               离散机6            25184.07        26093.07        909.00         
  33       5               离散机8            26093.07        27881.07        1788.00        
  33       6               离散机6            28693.07        29948.07        1255.00        
  33       7               离散机10           37225.19        38632.19        1407.00        

工件 34:
  34       0               打印机2            0.00            29753.19        29753.19       
  34       1               批处理机2           29753.19        30817.19        1064.00        
  34       2               离散机2            33396.19        35059.19        1663.00        
  34       3               离散机1            40986.00        42380.00        1394.00        
  34       4               离散机5            42380.00        43810.00        1430.00        

工件 35:
  35       0               打印机3            0.00            21862.07        21862.07       
  35       1               批处理机2           21862.07        22926.07        1064.00        
  35       2               离散机8            22926.07        24644.07        1718.00        
  35       3               离散机1            24644.07        25745.07        1101.00        

工件 36:
  36       0               打印机2            0.00            29753.19        29753.19       
  36       1               批处理机2           29753.19        30817.19        1064.00        
  36       2               离散机9            30817.19        31811.19        994.00         
  36       3               离散机3            31811.19        32861.19        1050.00        
  36       4               离散机7            35596.07        37081.07        1485.00        
  36       5               离散机8            37081.07        38497.07        1416.00        
  36       6               离散机6            40907.00        42452.00        1545.00        
  36       7               离散机4            60417.47        61340.47        923.00         
  36       8               离散机8            64009.00        65117.00        1108.00        

工件 37:
  37       0               打印机2            0.00            29753.19        29753.19       
  37       1               批处理机2           29753.19        30817.19        1064.00        
  37       2               离散机5            32073.19        33328.19        1255.00        
  37       3               离散机5            33328.19        34529.19        1201.00        
  37       4               离散机6            35305.19        36496.19        1191.00        

工件 38:
  38       0               打印机1            18230.26        43088.72        24858.46       
  38       1               批处理机2           43088.72        44152.72        1064.00        

工件 39:
  39       0               打印机5            0.00            37597.00        37597.00       
  39       1               批处理机2           37597.00        38661.00        1064.00        
  39       2               离散机9            41883.19        43183.19        1300.00        
  39       3               离散机10           43183.19        44121.19        938.00         
  39       4               离散机5            46384.00        47920.00        1536.00        
  39       5               离散机10           51826.09        53252.09        1426.00        

工件 40:
  40       0               打印机1            0.00            18230.26        18230.26       
  40       1               批处理机2           18230.26        19294.26        1064.00        
  40       2               离散机8            21716.26        22827.26        1111.00        
  40       3               离散机9            25852.07        27162.07        1310.00        
  40       4               离散机5            29162.06        30695.06        1533.00        
  40       5               离散机4            37439.19        38543.19        1104.00        
  40       6               离散机4            44976.00        46297.00        1321.00        

工件 41:
  41       0               打印机2            29753.19        45787.09        16033.89       
  41       1               批处理机2           45787.09        46851.09        1064.00        
  41       2               离散机7            46851.09        47872.09        1021.00        
  41       3               离散机2            47872.09        49569.09        1697.00        
  41       4               离散机4            49569.09        50472.09        903.00         
  41       5               离散机2            51163.09        52282.09        1119.00        
  41       6               离散机7            52282.09        53554.09        1272.00        
  41       7               离散机5            58668.23        59938.23        1270.00        

工件 42:
  42       0               打印机4            0.00            15287.53        15287.53       
  42       1               批处理机2           15287.53        16351.53        1064.00        
  42       2               离散机4            16351.53        17746.53        1395.00        
  42       3               离散机10           25793.26        26990.26        1197.00        

工件 43:
  43       0               打印机4            15287.53        26575.06        11287.53       
  43       1               批处理机2           26575.06        27639.06        1064.00        
  43       2               离散机3            27639.06        28677.06        1038.00        
  43       3               离散机1            28677.06        30133.06        1456.00        
  43       4               离散机3            41200.19        42495.19        1295.00        
  43       5               离散机1            42495.19        43591.19        1096.00        
  43       6               离散机6            43652.00        44689.00        1037.00        

工件 44:
  44       0               打印机2            0.00            29753.19        29753.19       
  44       1               批处理机2           29753.19        30817.19        1064.00        
  44       2               离散机6            37605.19        38591.19        986.00         

工件 45:
  45       0               打印机1            0.00            18230.26        18230.26       
  45       1               批处理机2           18230.26        19294.26        1064.00        
  45       2               离散机7            30529.07        32310.07        1781.00        
  45       3               离散机8            35731.19        36924.19        1193.00        
  45       4               离散机5            37559.19        38773.19        1214.00        
  45       5               离散机8            61525.00        63022.00        1497.00        
  45       6               离散机6            63312.47        64822.47        1510.00        
  45       7               离散机2            64838.47        66037.47        1199.00        
  45       8               离散机9            66710.47        67621.47        911.00         

工件 46:
  46       0               打印机2            45787.09        53917.47        8130.39        
  46       1               批处理机2           53917.47        54981.47        1064.00        
  46       2               离散机8            54981.47        56612.47        1631.00        
  46       3               离散机6            57173.47        58176.47        1003.00        
  46       4               离散机3            61114.47        62200.47        1086.00        
  46       5               离散机1            62200.47        63136.47        936.00         
  46       6               离散机1            63136.47        64208.47        1072.00        
  46       7               离散机3            64208.47        65442.47        1234.00        

工件 47:
  47       0               打印机2            0.00            29753.19        29753.19       
  47       1               批处理机2           29753.19        30817.19        1064.00        
  47       2               离散机2            30817.19        32070.19        1253.00        
  47       3               离散机6            32070.19        33865.19        1795.00        
  47       4               离散机10           33997.19        35047.19        1050.00        
  47       5               离散机9            37623.19        39212.19        1589.00        
  47       6               离散机3            46983.19        48426.19        1443.00        
  47       7               离散机2            52282.09        53387.09        1105.00        
  47       8               离散机1            55687.23        56994.23        1307.00        

工件 48:
  48       0               打印机5            0.00            37597.00        37597.00       
  48       1               批处理机2           37597.00        38661.00        1064.00        
  48       2               离散机10           39958.00        41397.00        1439.00        

工件 49:
  49       0               打印机2            29753.19        45787.09        16033.89       
  49       1               批处理机2           45787.09        46851.09        1064.00        
  49       2               离散机6            46851.09        48300.09        1449.00        
  49       3               离散机6            60158.23        61104.23        946.00         
  49       4               离散机7            65485.23        67036.23        1551.00        

工件 50:
  50       0               打印机1            18230.26        43088.72        24858.46       
  50       1               批处理机2           43088.72        44152.72        1064.00        
  50       2               离散机10           44152.72        45280.72        1128.00        

工件 51:
  51       0               打印机1            0.00            18230.26        18230.26       
  51       1               批处理机2           18230.26        19294.26        1064.00        
  51       2               离散机4            20946.53        22109.53        1163.00        

工件 52:
  52       0               打印机2            0.00            29753.19        29753.19       
  52       1               批处理机2           29753.19        30817.19        1064.00        
  52       2               离散机1            30817.19        31935.19        1118.00        
  52       3               离散机4            32038.19        33833.19        1795.00        
  52       4               离散机1            39964.00        40986.00        1022.00        
  52       5               离散机3            42495.19        44065.19        1570.00        
  52       6               离散机2            45708.72        46723.72        1015.00        
  52       7               离散机10           46971.72        47894.72        923.00         

工件 53:
  53       0               打印机2            0.00            29753.19        29753.19       
  53       1               批处理机2           29753.19        30817.19        1064.00        
  53       2               离散机7            40084.07        41063.07        979.00         
  53       3               离散机4            53823.00        55028.00        1205.00        

工件 54:
  54       0               打印机3            21862.07        35150.98        13288.90       
  54       1               批处理机2           35150.98        36214.98        1064.00        
  54       2               离散机2            58180.47        59139.47        959.00         

工件 55:
  55       0               打印机1            0.00            18230.26        18230.26       
  55       1               批处理机2           18230.26        19294.26        1064.00        
  55       2               离散机10           19294.26        21023.26        1729.00        
  55       3               离散机10           21023.26        22485.26        1462.00        
  55       4               离散机8            27881.07        29485.07        1604.00        
  55       5               离散机3            44065.19        45604.19        1539.00        
  55       6               离散机8            46611.07        47821.07        1210.00        
  55       7               离散机1            50412.09        51810.09        1398.00        

工件 56:
  56       0               打印机2            45787.09        53917.47        8130.39        
  56       1               批处理机2           53917.47        54981.47        1064.00        

工件 57:
  57       0               打印机5            0.00            37597.00        37597.00       
  57       1               批处理机2           37597.00        38661.00        1064.00        
  57       2               离散机8            41020.07        42480.07        1460.00        
  57       3               离散机8            63022.00        64009.00        987.00         

工件 58:
  58       0               打印机3            0.00            21862.07        21862.07       
  58       1               批处理机2           21862.07        22926.07        1064.00        
  58       2               离散机2            24057.07        25145.07        1088.00        
  58       3               离散机3            26032.53        27550.53        1518.00        
  58       4               离散机6            36496.19        37605.19        1109.00        
  58       5               离散机5            38773.19        39983.19        1210.00        

工件 59:
  59       0               打印机2            0.00            29753.19        29753.19       
  59       1               批处理机2           29753.19        30817.19        1064.00        
  59       2               离散机10           32609.19        33997.19        1388.00        
  59       3               离散机3            34318.19        35263.19        945.00         
  59       4               离散机4            35263.19        36505.19        1242.00        
  59       5               离散机4            36505.19        37439.19        934.00         
  59       6               离散机7            48874.09        50343.09        1469.00        

工件 60:
  60       0               打印机5            37597.00        49794.00        12197.00       
  60       1               批处理机2           49794.00        50858.00        1064.00        
  60       2               离散机7            58515.23        59719.23        1204.00        

工件 61:
  61       0               打印机3            21862.07        35150.98        13288.90       
  61       1               批处理机2           35150.98        36214.98        1064.00        

工件 62:
  62       0               打印机5            0.00            37597.00        37597.00       
  62       1               批处理机2           37597.00        38661.00        1064.00        
  62       2               离散机4            38661.00        39944.00        1283.00        

工件 63:
  63       0               打印机3            0.00            21862.07        21862.07       
  63       1               批处理机2           21862.07        22926.07        1064.00        

工件 64:
  64       0               打印机4            0.00            15287.53        15287.53       
  64       1               批处理机2           15287.53        16351.53        1064.00        
  64       2               离散机9            16351.53        17552.53        1201.00        

工件 65:
  65       0               打印机4            15287.53        26575.06        11287.53       
  65       1               批处理机2           26575.06        27639.06        1064.00        
  65       2               离散机9            27639.06        29045.06        1406.00        
  65       3               离散机4            29045.06        30279.06        1234.00        
  65       4               离散机6            30279.06        31928.06        1649.00        
  65       5               离散机9            32908.19        34292.19        1384.00        
  65       6               离散机7            64460.23        65485.23        1025.00        

工件 66:
  66       0               打印机5            0.00            37597.00        37597.00       
  66       1               批处理机2           37597.00        38661.00        1064.00        
  66       2               离散机1            38661.00        39964.00        1303.00        
  66       3               离散机7            42982.19        44148.19        1166.00        
  66       4               离散机8            51633.09        52884.09        1251.00        
  66       5               离散机9            53415.00        54569.00        1154.00        
  66       6               离散机4            61340.47        63089.47        1749.00        

工件 67:
  67       0               打印机2            0.00            29753.19        29753.19       
  67       1               批处理机2           29753.19        30817.19        1064.00        
  67       2               离散机8            30817.19        31869.19        1052.00        
  67       3               离散机4            33833.19        35157.19        1324.00        
  67       4               离散机10           57376.47        58313.47        937.00         
  67       5               离散机7            63200.23        64460.23        1260.00        

工件 68:
  68       0               打印机1            18230.26        43088.72        24858.46       
  68       1               批处理机2           43088.72        44152.72        1064.00        
  68       2               离散机7            44152.72        45516.72        1364.00        
  68       3               离散机4            48012.09        49457.09        1445.00        
  68       4               离散机3            65442.47        66983.47        1541.00        

工件 69:
  69       0               打印机1            0.00            18230.26        18230.26       
  69       1               批处理机2           18230.26        19294.26        1064.00        
  69       2               离散机8            19294.26        20500.26        1206.00        
  69       3               离散机7            20500.26        22011.26        1511.00        
  69       4               离散机4            22109.53        23844.53        1735.00        
  69       5               离散机4            27110.07        28124.07        1014.00        
  69       6               离散机8            45377.07        46611.07        1234.00        
  69       7               离散机5            51103.00        52670.00        1567.00        
  69       8               离散机9            65712.47        66710.47        998.00         

工件 70:
  70       0               打印机3            21862.07        35150.98        13288.90       
  70       1               批处理机2           35150.98        36214.98        1064.00        
  70       2               离散机10           63012.47        64194.47        1182.00        

工件 71:
  71       0               打印机2            45787.09        53917.47        8130.39        
  71       1               批处理机2           53917.47        54981.47        1064.00        
  71       2               离散机9            54981.47        56050.47        1069.00        
  71       3               离散机4            58749.47        60417.47        1668.00        
  71       4               离散机2            63684.47        64838.47        1154.00        

工件 72:
  72       0               打印机1            43088.72        51729.23        8640.51        
  72       1               批处理机2           51729.23        52793.23        1064.00        
  72       2               离散机5            52793.23        54196.23        1403.00        
  72       3               离散机1            54196.23        55687.23        1491.00        
  72       4               离散机4            55687.23        56946.23        1259.00        
  72       5               离散机7            56946.23        58515.23        1569.00        
  72       6               离散机6            58515.23        60158.23        1643.00        
  72       7               离散机5            60158.23        61294.23        1136.00        
  72       8               离散机5            61294.23        62686.23        1392.00        

工件 73:
  73       0               打印机1            18230.26        43088.72        24858.46       
  73       1               批处理机2           43088.72        44152.72        1064.00        
  73       2               离散机1            44152.72        45187.72        1035.00        

工件 74:
  74       0               打印机3            0.00            21862.07        21862.07       
  74       1               批处理机2           21862.07        22926.07        1064.00        
  74       2               离散机3            25003.53        26032.53        1029.00        
  74       3               离散机7            45516.72        46761.72        1245.00        
  74       4               离散机5            49621.00        51103.00        1482.00        

工件 75:
  75       0               打印机2            29753.19        45787.09        16033.89       
  75       1               批处理机2           45787.09        46851.09        1064.00        
  75       2               离散机4            46851.09        48012.09        1161.00        
  75       3               离散机1            48012.09        49157.09        1145.00        
  75       4               离散机1            49157.09        50412.09        1255.00        
  75       5               离散机3            55051.00        56600.00        1549.00        
  75       6               离散机7            62282.23        63200.23        918.00         

工件 76:
  76       0               打印机2            29753.19        45787.09        16033.89       
  76       1               批处理机2           45787.09        46851.09        1064.00        

工件 77:
  77       0               打印机5            49794.00        58791.00        8997.00        
  77       1               批处理机2           58791.00        59855.00        1064.00        
  77       2               离散机8            59855.00        61525.00        1670.00        
  77       3               离散机4            63089.47        64396.47        1307.00        
  77       4               离散机1            64396.47        65824.47        1428.00        

工件 78:
  78       0               打印机5            37597.00        49794.00        12197.00       
  78       1               批处理机2           49794.00        50858.00        1064.00        
  78       2               离散机1            58070.23        59217.23        1147.00        

工件 79:
  79       0               打印机1            0.00            18230.26        18230.26       
  79       1               批处理机2           18230.26        19294.26        1064.00        
  79       2               离散机5            21583.26        22506.26        923.00         

工件 80:
  80       0               打印机3            21862.07        35150.98        13288.90       
  80       1               批处理机2           35150.98        36214.98        1064.00        

工件 81:
  81       0               打印机5            0.00            37597.00        37597.00       
  81       1               批处理机2           37597.00        38661.00        1064.00        
  81       2               离散机4            39944.00        41503.00        1559.00        
  81       3               离散机8            42480.07        43668.07        1188.00        

工件 82:
  82       0               打印机2            0.00            29753.19        29753.19       
  82       1               批处理机2           29753.19        30817.19        1064.00        
  82       2               离散机3            36856.19        38455.19        1599.00        
  82       3               离散机9            40954.19        41883.19        929.00         

工件 83:
  83       0               打印机2            0.00            29753.19        29753.19       
  83       1               批处理机2           29753.19        30817.19        1064.00        
  83       2               离散机4            30817.19        32038.19        1221.00        
  83       3               离散机8            32038.19        33024.19        986.00         
  83       4               离散机7            34102.07        35596.07        1494.00        
  83       5               离散机2            38460.19        39884.19        1424.00        
  83       6               离散机4            41503.00        42929.00        1426.00        
  83       7               离散机3            48426.19        49602.19        1176.00        

工件 84:
  84       0               打印机2            0.00            29753.19        29753.19       
  84       1               批处理机2           29753.19        30817.19        1064.00        

工件 85:
  85       0               打印机5            0.00            37597.00        37597.00       
  85       1               批处理机2           37597.00        38661.00        1064.00        
  85       2               离散机6            38661.00        39903.00        1242.00        
  85       3               离散机9            43183.19        44854.19        1671.00        

工件 86:
  86       0               打印机1            0.00            18230.26        18230.26       
  86       1               批处理机2           18230.26        19294.26        1064.00        
  86       2               离散机5            19294.26        20438.26        1144.00        
  86       3               离散机3            23683.53        25003.53        1320.00        
  86       4               离散机4            25338.07        27110.07        1772.00        
  86       5               离散机10           27110.07        28307.07        1197.00        

工件 87:
  87       0               打印机5            37597.00        49794.00        12197.00       
  87       1               批处理机2           49794.00        50858.00        1064.00        
  87       2               离散机3            50858.00        51994.00        1136.00        
  87       3               离散机9            52142.00        53415.00        1273.00        
  87       4               离散机6            54077.09        55737.09        1660.00        

工件 88:
  88       0               打印机3            0.00            21862.07        21862.07       
  88       1               批处理机2           21862.07        22926.07        1064.00        
  88       2               离散机7            27468.07        28775.07        1307.00        
  88       3               离散机8            29485.07        30784.07        1299.00        
  88       4               离散机6            49865.09        51490.09        1625.00        

工件 89:
  89       0               打印机4            0.00            15287.53        15287.53       
  89       1               批处理机2           15287.53        16351.53        1064.00        
  89       2               离散机3            16351.53        17947.53        1596.00        
  89       3               离散机3            17947.53        18935.53        988.00         

工件 90:
  90       0               打印机1            0.00            18230.26        18230.26       
  90       1               批处理机2           18230.26        19294.26        1064.00        
  90       2               离散机9            29045.06        30788.06        1743.00        

工件 91:
  91       0               打印机3            0.00            21862.07        21862.07       
  91       1               批处理机2           21862.07        22926.07        1064.00        
  91       2               离散机5            25184.07        26823.07        1639.00        

工件 92:
  92       0               打印机1            18230.26        43088.72        24858.46       
  92       1               批处理机2           43088.72        44152.72        1064.00        
  92       2               离散机2            44152.72        45708.72        1556.00        
  92       3               离散机3            49602.19        50627.19        1025.00        

工件 93:
  93       0               打印机1            18230.26        43088.72        24858.46       
  93       1               批处理机2           43088.72        44152.72        1064.00        
  93       2               离散机10           45280.72        46971.72        1691.00        
  93       3               离散机8            48957.09        50337.09        1380.00        
  93       4               离散机10           50337.09        51826.09        1489.00        
  93       5               离散机8            52884.09        53959.09        1075.00        

工件 94:
  94       0               打印机2            0.00            29753.19        29753.19       
  94       1               批处理机2           29753.19        30817.19        1064.00        
  94       2               离散机6            33865.19        35305.19        1440.00        
  94       3               离散机3            35305.19        36856.19        1551.00        
  94       4               离散机3            38455.19        40165.19        1710.00        
  94       5               离散机4            42929.00        43883.00        954.00         
  94       6               离散机2            46723.72        47733.72        1010.00        
  94       7               离散机2            49569.09        51163.09        1594.00        

工件 95:
  95       0               打印机5            0.00            37597.00        37597.00       
  95       1               批处理机2           37597.00        38661.00        1064.00        

工件 96:
  96       0               打印机5            37597.00        49794.00        12197.00       
  96       1               批处理机2           49794.00        50858.00        1064.00        
  96       2               离散机9            50858.00        52142.00        1284.00        
  96       3               离散机4            52142.00        53823.00        1681.00        
  96       4               离散机10           55935.47        57376.47        1441.00        
  96       5               离散机4            57376.47        58749.47        1373.00        
  96       6               离散机8            58749.47        59779.47        1030.00        
  96       7               离散机3            62200.47        63366.47        1166.00        
  96       8               离散机10           64194.47        65205.47        1011.00        

工件 97:
  97       0               打印机4            0.00            15287.53        15287.53       
  97       1               批处理机2           15287.53        16351.53        1064.00        
  97       2               离散机2            17950.53        19250.53        1300.00        
  97       3               离散机1            19250.53        20715.53        1465.00        
  97       4               离散机6            21888.53        23351.53        1463.00        

工件 98:
  98       0               打印机4            0.00            15287.53        15287.53       
  98       1               批处理机2           15287.53        16351.53        1064.00        

工件 99:
  99       0               打印机5            0.00            37597.00        37597.00       
  99       1               批处理机2           37597.00        38661.00        1064.00        
  99       2               离散机10           38661.00        39958.00        1297.00        
  99       3               离散机3            45604.19        46983.19        1379.00        
  99       4               离散机7            47872.09        48874.09        1002.00        
  99       5               离散机3            51994.00        53354.00        1360.00        
  99       6               离散机10           53354.00        54653.00        1299.00        
  99       7               离散机9            56050.47        57118.47        1068.00        

【机器加工顺序记录】
----------------------------------------------------------------------------------------------------

打印机1:
工件号      工序号             开始时间            结束时间            加工时长           
--------------------------------------------------------------------------------
  6        0               0.00            18230.26        18230.26       
  7        0               0.00            18230.26        18230.26       
  11       0               0.00            18230.26        18230.26       
  40       0               0.00            18230.26        18230.26       
  45       0               0.00            18230.26        18230.26       
  51       0               0.00            18230.26        18230.26       
  55       0               0.00            18230.26        18230.26       
  69       0               0.00            18230.26        18230.26       
  79       0               0.00            18230.26        18230.26       
  86       0               0.00            18230.26        18230.26       
  90       0               0.00            18230.26        18230.26       
  5        0               18230.26        43088.72        24858.46       
  38       0               18230.26        43088.72        24858.46       
  50       0               18230.26        43088.72        24858.46       
  68       0               18230.26        43088.72        24858.46       
  73       0               18230.26        43088.72        24858.46       
  92       0               18230.26        43088.72        24858.46       
  93       0               18230.26        43088.72        24858.46       
  2        0               43088.72        51729.23        8640.51        
  27       0               43088.72        51729.23        8640.51        
  72       0               43088.72        51729.23        8640.51        

  机器利用率: 587.39% (忙碌时间: 400463.59 / 总时间: 68176.23)

打印机2:
工件号      工序号             开始时间            结束时间            加工时长           
--------------------------------------------------------------------------------
  3        0               0.00            29753.19        29753.19       
  8        0               0.00            29753.19        29753.19       
  12       0               0.00            29753.19        29753.19       
  13       0               0.00            29753.19        29753.19       
  16       0               0.00            29753.19        29753.19       
  19       0               0.00            29753.19        29753.19       
  20       0               0.00            29753.19        29753.19       
  24       0               0.00            29753.19        29753.19       
  25       0               0.00            29753.19        29753.19       
  34       0               0.00            29753.19        29753.19       
  36       0               0.00            29753.19        29753.19       
  37       0               0.00            29753.19        29753.19       
  44       0               0.00            29753.19        29753.19       
  47       0               0.00            29753.19        29753.19       
  52       0               0.00            29753.19        29753.19       
  53       0               0.00            29753.19        29753.19       
  59       0               0.00            29753.19        29753.19       
  67       0               0.00            29753.19        29753.19       
  82       0               0.00            29753.19        29753.19       
  83       0               0.00            29753.19        29753.19       
  84       0               0.00            29753.19        29753.19       
  94       0               0.00            29753.19        29753.19       
  18       0               29753.19        45787.09        16033.89       
  30       0               29753.19        45787.09        16033.89       
  41       0               29753.19        45787.09        16033.89       
  49       0               29753.19        45787.09        16033.89       
  75       0               29753.19        45787.09        16033.89       
  76       0               29753.19        45787.09        16033.89       
  17       0               45787.09        53917.47        8130.39        
  26       0               45787.09        53917.47        8130.39        
  46       0               45787.09        53917.47        8130.39        
  56       0               45787.09        53917.47        8130.39        
  71       0               45787.09        53917.47        8130.39        

  机器利用率: 1160.85% (忙碌时间: 791425.54 / 总时间: 68176.23)

打印机3:
工件号      工序号             开始时间            结束时间            加工时长           
--------------------------------------------------------------------------------
  9        0               0.00            21862.07        21862.07       
  21       0               0.00            21862.07        21862.07       
  28       0               0.00            21862.07        21862.07       
  32       0               0.00            21862.07        21862.07       
  33       0               0.00            21862.07        21862.07       
  35       0               0.00            21862.07        21862.07       
  58       0               0.00            21862.07        21862.07       
  63       0               0.00            21862.07        21862.07       
  74       0               0.00            21862.07        21862.07       
  88       0               0.00            21862.07        21862.07       
  91       0               0.00            21862.07        21862.07       
  54       0               21862.07        35150.98        13288.90       
  61       0               21862.07        35150.98        13288.90       
  70       0               21862.07        35150.98        13288.90       
  80       0               21862.07        35150.98        13288.90       

  机器利用率: 430.70% (忙碌时间: 293638.41 / 总时间: 68176.23)

打印机4:
工件号      工序号             开始时间            结束时间            加工时长           
--------------------------------------------------------------------------------
  4        0               0.00            15287.53        15287.53       
  14       0               0.00            15287.53        15287.53       
  15       0               0.00            15287.53        15287.53       
  23       0               0.00            15287.53        15287.53       
  29       0               0.00            15287.53        15287.53       
  42       0               0.00            15287.53        15287.53       
  64       0               0.00            15287.53        15287.53       
  89       0               0.00            15287.53        15287.53       
  97       0               0.00            15287.53        15287.53       
  98       0               0.00            15287.53        15287.53       
  0        0               15287.53        26575.06        11287.53       
  31       0               15287.53        26575.06        11287.53       
  43       0               15287.53        26575.06        11287.53       
  65       0               15287.53        26575.06        11287.53       

  机器利用率: 290.46% (忙碌时间: 198025.41 / 总时间: 68176.23)

打印机5:
工件号      工序号             开始时间            结束时间            加工时长           
--------------------------------------------------------------------------------
  1        0               0.00            37597.00        37597.00       
  10       0               0.00            37597.00        37597.00       
  22       0               0.00            37597.00        37597.00       
  39       0               0.00            37597.00        37597.00       
  48       0               0.00            37597.00        37597.00       
  57       0               0.00            37597.00        37597.00       
  62       0               0.00            37597.00        37597.00       
  66       0               0.00            37597.00        37597.00       
  81       0               0.00            37597.00        37597.00       
  85       0               0.00            37597.00        37597.00       
  95       0               0.00            37597.00        37597.00       
  99       0               0.00            37597.00        37597.00       
  60       0               37597.00        49794.00        12197.00       
  78       0               37597.00        49794.00        12197.00       
  87       0               37597.00        49794.00        12197.00       
  96       0               37597.00        49794.00        12197.00       
  77       0               49794.00        58791.00        8997.00        

  机器利用率: 746.52% (忙碌时间: 508949.00 / 总时间: 68176.23)

批处理机1:
工件号      工序号             开始时间            结束时间            加工时长           
--------------------------------------------------------------------------------

  机器利用率: 0.00% (忙碌时间: 0.00 / 总时间: 68176.23)

批处理机2:
工件号      工序号             开始时间            结束时间            加工时长           
--------------------------------------------------------------------------------
  4        1               15287.53        16351.53        1064.00        
  14       1               15287.53        16351.53        1064.00        
  15       1               15287.53        16351.53        1064.00        
  23       1               15287.53        16351.53        1064.00        
  29       1               15287.53        16351.53        1064.00        
  42       1               15287.53        16351.53        1064.00        
  64       1               15287.53        16351.53        1064.00        
  89       1               15287.53        16351.53        1064.00        
  97       1               15287.53        16351.53        1064.00        
  98       1               15287.53        16351.53        1064.00        
  6        1               18230.26        19294.26        1064.00        
  7        1               18230.26        19294.26        1064.00        
  11       1               18230.26        19294.26        1064.00        
  40       1               18230.26        19294.26        1064.00        
  45       1               18230.26        19294.26        1064.00        
  51       1               18230.26        19294.26        1064.00        
  55       1               18230.26        19294.26        1064.00        
  69       1               18230.26        19294.26        1064.00        
  79       1               18230.26        19294.26        1064.00        
  86       1               18230.26        19294.26        1064.00        
  90       1               18230.26        19294.26        1064.00        
  9        1               21862.07        22926.07        1064.00        
  21       1               21862.07        22926.07        1064.00        
  28       1               21862.07        22926.07        1064.00        
  32       1               21862.07        22926.07        1064.00        
  33       1               21862.07        22926.07        1064.00        
  35       1               21862.07        22926.07        1064.00        
  58       1               21862.07        22926.07        1064.00        
  63       1               21862.07        22926.07        1064.00        
  74       1               21862.07        22926.07        1064.00        
  88       1               21862.07        22926.07        1064.00        
  91       1               21862.07        22926.07        1064.00        
  0        1               26575.06        27639.06        1064.00        
  31       1               26575.06        27639.06        1064.00        
  43       1               26575.06        27639.06        1064.00        
  65       1               26575.06        27639.06        1064.00        
  3        1               29753.19        30817.19        1064.00        
  8        1               29753.19        30817.19        1064.00        
  12       1               29753.19        30817.19        1064.00        
  13       1               29753.19        30817.19        1064.00        
  16       1               29753.19        30817.19        1064.00        
  19       1               29753.19        30817.19        1064.00        
  20       1               29753.19        30817.19        1064.00        
  24       1               29753.19        30817.19        1064.00        
  25       1               29753.19        30817.19        1064.00        
  34       1               29753.19        30817.19        1064.00        
  36       1               29753.19        30817.19        1064.00        
  37       1               29753.19        30817.19        1064.00        
  44       1               29753.19        30817.19        1064.00        
  47       1               29753.19        30817.19        1064.00        
  52       1               29753.19        30817.19        1064.00        
  53       1               29753.19        30817.19        1064.00        
  59       1               29753.19        30817.19        1064.00        
  67       1               29753.19        30817.19        1064.00        
  82       1               29753.19        30817.19        1064.00        
  83       1               29753.19        30817.19        1064.00        
  84       1               29753.19        30817.19        1064.00        
  94       1               29753.19        30817.19        1064.00        
  54       1               35150.98        36214.98        1064.00        
  61       1               35150.98        36214.98        1064.00        
  70       1               35150.98        36214.98        1064.00        
  80       1               35150.98        36214.98        1064.00        
  1        1               37597.00        38661.00        1064.00        
  10       1               37597.00        38661.00        1064.00        
  22       1               37597.00        38661.00        1064.00        
  39       1               37597.00        38661.00        1064.00        
  48       1               37597.00        38661.00        1064.00        
  57       1               37597.00        38661.00        1064.00        
  62       1               37597.00        38661.00        1064.00        
  66       1               37597.00        38661.00        1064.00        
  81       1               37597.00        38661.00        1064.00        
  85       1               37597.00        38661.00        1064.00        
  95       1               37597.00        38661.00        1064.00        
  99       1               37597.00        38661.00        1064.00        
  5        1               43088.72        44152.72        1064.00        
  38       1               43088.72        44152.72        1064.00        
  50       1               43088.72        44152.72        1064.00        
  68       1               43088.72        44152.72        1064.00        
  73       1               43088.72        44152.72        1064.00        
  92       1               43088.72        44152.72        1064.00        
  93       1               43088.72        44152.72        1064.00        
  18       1               45787.09        46851.09        1064.00        
  30       1               45787.09        46851.09        1064.00        
  41       1               45787.09        46851.09        1064.00        
  49       1               45787.09        46851.09        1064.00        
  75       1               45787.09        46851.09        1064.00        
  76       1               45787.09        46851.09        1064.00        
  60       1               49794.00        50858.00        1064.00        
  78       1               49794.00        50858.00        1064.00        
  87       1               49794.00        50858.00        1064.00        
  96       1               49794.00        50858.00        1064.00        
  2        1               51729.23        52793.23        1064.00        
  27       1               51729.23        52793.23        1064.00        
  72       1               51729.23        52793.23        1064.00        
  17       1               53917.47        54981.47        1064.00        
  26       1               53917.47        54981.47        1064.00        
  46       1               53917.47        54981.47        1064.00        
  56       1               53917.47        54981.47        1064.00        
  71       1               53917.47        54981.47        1064.00        
  77       1               58791.00        59855.00        1064.00        

  机器利用率: 156.07% (忙碌时间: 106400.00 / 总时间: 68176.23)

离散机1:
工件号      工序号             开始时间            结束时间            加工时长           
--------------------------------------------------------------------------------
  4        2               16351.53        17484.53        1133.00        
  29       2               17484.53        18670.53        1186.00        
  97       3               19250.53        20715.53        1465.00        
  7        4               21716.26        22642.26        926.00         
  35       3               24644.07        25745.07        1101.00        
  32       4               25852.07        26781.07        929.00         
  6        5               26781.07        28489.07        1708.00        
  43       3               28677.06        30133.06        1456.00        
  52       2               30817.19        31935.19        1118.00        
  3        2               31935.19        32867.19        932.00         
  20       2               32867.19        34441.19        1574.00        
  0        4               34441.19        35356.19        915.00         
  31       2               35356.19        36770.19        1414.00        
  25       5               36770.19        37816.19        1046.00        
  66       2               38661.00        39964.00        1303.00        
  52       4               39964.00        40986.00        1022.00        
  34       3               40986.00        42380.00        1394.00        
  43       5               42495.19        43591.19        1096.00        
  73       2               44152.72        45187.72        1035.00        
  5        2               45187.72        46860.72        1673.00        
  8        6               46860.72        47893.72        1033.00        
  75       3               48012.09        49157.09        1145.00        
  75       4               49157.09        50412.09        1255.00        
  55       7               50412.09        51810.09        1398.00        
  3        5               51810.09        53527.09        1717.00        
  72       3               54196.23        55687.23        1491.00        
  47       8               55687.23        56994.23        1307.00        
  13       7               56994.23        58070.23        1076.00        
  78       2               58070.23        59217.23        1147.00        
  46       5               62200.47        63136.47        936.00         
  46       6               63136.47        64208.47        1072.00        
  77       4               64396.47        65824.47        1428.00        

  机器利用率: 57.84% (忙碌时间: 39431.00 / 总时间: 68176.23)

离散机2:
工件号      工序号             开始时间            结束时间            加工时长           
--------------------------------------------------------------------------------
  15       2               16351.53        17950.53        1599.00        
  97       2               17950.53        19250.53        1300.00        
  7        2               19294.26        20282.26        988.00         
  6        3               20299.26        21964.26        1665.00        
  32       2               22926.07        24057.07        1131.00        
  58       2               24057.07        25145.07        1088.00        
  6        4               25145.07        26338.07        1193.00        
  4        6               26338.07        27360.07        1022.00        
  7        5               27360.07        28705.07        1345.00        
  0        3               29162.06        30794.06        1632.00        
  47       2               30817.19        32070.19        1253.00        
  25       3               32070.19        33396.19        1326.00        
  34       2               33396.19        35059.19        1663.00        
  16       2               35059.19        36849.19        1790.00        
  8        4               36849.19        38460.19        1611.00        
  83       5               38460.19        39884.19        1424.00        
  13       5               39884.19        41519.19        1635.00        
  8        5               41519.19        42903.19        1384.00        
  3        4               42903.19        43901.19        998.00         
  92       2               44152.72        45708.72        1556.00        
  52       6               45708.72        46723.72        1015.00        
  94       6               46723.72        47733.72        1010.00        
  41       3               47872.09        49569.09        1697.00        
  94       7               49569.09        51163.09        1594.00        
  41       5               51163.09        52282.09        1119.00        
  47       7               52282.09        53387.09        1105.00        
  5        4               53387.09        54307.09        920.00         
  5        5               54307.09        55478.09        1171.00        
  5        6               55478.09        56378.09        900.00         
  26       3               56655.47        58180.47        1525.00        
  54       2               58180.47        59139.47        959.00         
  17       6               59361.47        60984.47        1623.00        
  17       7               60984.47        61955.47        971.00         
  10       5               61955.47        63684.47        1729.00        
  71       4               63684.47        64838.47        1154.00        
  45       7               64838.47        66037.47        1199.00        
  3        6               66037.47        67402.47        1365.00        

  机器利用率: 71.37% (忙碌时间: 48659.00 / 总时间: 68176.23)

离散机3:
工件号      工序号             开始时间            结束时间            加工时长           
--------------------------------------------------------------------------------
  89       2               16351.53        17947.53        1596.00        
  89       3               17947.53        18935.53        988.00         
  11       2               19294.26        20675.26        1381.00        
  15       5               20946.53        22453.53        1507.00        
  15       6               22453.53        23683.53        1230.00        
  86       3               23683.53        25003.53        1320.00        
  74       2               25003.53        26032.53        1029.00        
  58       3               26032.53        27550.53        1518.00        
  43       2               27639.06        28677.06        1038.00        
  11       4               28677.06        29668.06        991.00         
  11       5               29668.06        30721.06        1053.00        
  25       2               30817.19        31738.19        921.00         
  36       3               31811.19        32861.19        1050.00        
  13       2               32861.19        34318.19        1457.00        
  59       3               34318.19        35263.19        945.00         
  94       3               35305.19        36856.19        1551.00        
  82       2               36856.19        38455.19        1599.00        
  94       4               38455.19        40165.19        1710.00        
  1        2               40165.19        41200.19        1035.00        
  43       4               41200.19        42495.19        1295.00        
  52       5               42495.19        44065.19        1570.00        
  55       5               44065.19        45604.19        1539.00        
  99       3               45604.19        46983.19        1379.00        
  47       6               46983.19        48426.19        1443.00        
  83       7               48426.19        49602.19        1176.00        
  92       3               49602.19        50627.19        1025.00        
  87       2               50858.00        51994.00        1136.00        
  99       5               51994.00        53354.00        1360.00        
  10       4               53354.00        55051.00        1697.00        
  75       5               55051.00        56600.00        1549.00        
  17       4               57173.47        58355.47        1182.00        
  26       4               58355.47        59505.47        1150.00        
  26       5               59505.47        61114.47        1609.00        
  46       4               61114.47        62200.47        1086.00        
  96       7               62200.47        63366.47        1166.00        
  46       7               64208.47        65442.47        1234.00        
  68       4               65442.47        66983.47        1541.00        

  机器利用率: 70.49% (忙碌时间: 48056.00 / 总时间: 68176.23)

离散机4:
工件号      工序号             开始时间            结束时间            加工时长           
--------------------------------------------------------------------------------
  42       2               16351.53        17746.53        1395.00        
  15       4               19515.53        20946.53        1431.00        
  51       2               20946.53        22109.53        1163.00        
  69       4               22109.53        23844.53        1735.00        
  9        3               24370.07        25338.07        968.00         
  86       4               25338.07        27110.07        1772.00        
  69       5               27110.07        28124.07        1014.00        
  65       3               29045.06        30279.06        1234.00        
  83       2               30817.19        32038.19        1221.00        
  52       3               32038.19        33833.19        1795.00        
  67       3               33833.19        35157.19        1324.00        
  59       4               35263.19        36505.19        1242.00        
  59       5               36505.19        37439.19        934.00         
  40       5               37439.19        38543.19        1104.00        
  62       2               38661.00        39944.00        1283.00        
  81       2               39944.00        41503.00        1559.00        
  83       6               41503.00        42929.00        1426.00        
  94       5               42929.00        43883.00        954.00         
  32       6               43883.00        44976.00        1093.00        
  40       6               44976.00        46297.00        1321.00        
  75       2               46851.09        48012.09        1161.00        
  68       3               48012.09        49457.09        1445.00        
  41       4               49569.09        50472.09        903.00         
  30       4               50472.09        52004.09        1532.00        
  96       3               52142.00        53823.00        1681.00        
  53       3               53823.00        55028.00        1205.00        
  72       4               55687.23        56946.23        1259.00        
  96       5               57376.47        58749.47        1373.00        
  71       3               58749.47        60417.47        1668.00        
  36       7               60417.47        61340.47        923.00         
  66       6               61340.47        63089.47        1749.00        
  77       3               63089.47        64396.47        1307.00        
  8        7               64396.47        66057.47        1661.00        

  机器利用率: 64.30% (忙碌时间: 43835.00 / 总时间: 68176.23)

离散机5:
工件号      工序号             开始时间            结束时间            加工时长           
--------------------------------------------------------------------------------
  86       2               19294.26        20438.26        1144.00        
  29       3               20438.26        21583.26        1145.00        
  79       2               21583.26        22506.26        923.00         
  33       3               24120.07        25184.07        1064.00        
  91       2               25184.07        26823.07        1639.00        
  0        2               27639.06        29162.06        1523.00        
  40       4               29162.06        30695.06        1533.00        
  8        2               30817.19        32073.19        1256.00        
  37       2               32073.19        33328.19        1255.00        
  37       3               33328.19        34529.19        1201.00        
  20       3               34529.19        35754.19        1225.00        
  13       4               35883.19        37559.19        1676.00        
  45       4               37559.19        38773.19        1214.00        
  58       5               38773.19        39983.19        1210.00        
  15       7               39983.19        40896.19        913.00         
  10       3               40907.00        41975.00        1068.00        
  34       4               42380.00        43810.00        1430.00        
  24       4               43810.00        44876.00        1066.00        
  31       4               44876.00        46384.00        1508.00        
  39       4               46384.00        47920.00        1536.00        
  23       7               47920.00        49621.00        1701.00        
  74       4               49621.00        51103.00        1482.00        
  69       7               51103.00        52670.00        1567.00        
  72       2               52793.23        54196.23        1403.00        
  30       5               54196.23        55120.23        924.00         
  30       6               55120.23        56294.23        1174.00        
  30       7               56294.23        57437.23        1143.00        
  20       5               57437.23        58668.23        1231.00        
  41       7               58668.23        59938.23        1270.00        
  72       7               60158.23        61294.23        1136.00        
  72       8               61294.23        62686.23        1392.00        
  5        7               62686.23        64415.23        1729.00        
  26       9               64458.47        65954.47        1496.00        
  23       8               65954.47        67192.47        1238.00        

  机器利用率: 65.15% (忙碌时间: 44415.00 / 总时间: 68176.23)

离散机6:
工件号      工序号             开始时间            结束时间            加工时长           
--------------------------------------------------------------------------------
  14       3               17654.53        19030.53        1376.00        
  6        2               19294.26        20299.26        1005.00        
  23       4               20311.53        21888.53        1577.00        
  97       4               21888.53        23351.53        1463.00        
  33       4               25184.07        26093.07        909.00         
  21       3               26093.07        27702.07        1609.00        
  28       3               27702.07        28693.07        991.00         
  33       6               28693.07        29948.07        1255.00        
  65       4               30279.06        31928.06        1649.00        
  47       3               32070.19        33865.19        1795.00        
  94       2               33865.19        35305.19        1440.00        
  37       4               35305.19        36496.19        1191.00        
  58       4               36496.19        37605.19        1109.00        
  44       2               37605.19        38591.19        986.00         
  85       2               38661.00        39903.00        1242.00        
  10       2               39903.00        40907.00        1004.00        
  36       6               40907.00        42452.00        1545.00        
  32       5               42452.00        43652.00        1200.00        
  43       6               43652.00        44689.00        1037.00        
  24       5               44876.00        46274.00        1398.00        
  49       2               46851.09        48300.09        1449.00        
  21       4               48300.09        49865.09        1565.00        
  88       4               49865.09        51490.09        1625.00        
  20       4               51490.09        52750.09        1260.00        
  14       9               52750.09        54077.09        1327.00        
  87       4               54077.09        55737.09        1660.00        
  17       3               55935.47        57173.47        1238.00        
  46       3               57173.47        58176.47        1003.00        
  72       6               58515.23        60158.23        1643.00        
  49       3               60158.23        61104.23        946.00         
  26       6               61114.47        62393.47        1279.00        
  17       8               62393.47        63312.47        919.00         
  45       6               63312.47        64822.47        1510.00        
  28       6               64822.47        65853.47        1031.00        

  机器利用率: 64.88% (忙碌时间: 44236.00 / 总时间: 68176.23)

离散机7:
工件号      工序号             开始时间            结束时间            加工时长           
--------------------------------------------------------------------------------
  14       2               16351.53        17654.53        1303.00        
  15       3               17950.53        19515.53        1565.00        
  69       3               20500.26        22011.26        1511.00        
  33       2               22926.07        24120.07        1194.00        
  21       2               24120.07        25674.07        1554.00        
  28       2               25674.07        27468.07        1794.00        
  88       2               27468.07        28775.07        1307.00        
  14       4               28775.07        30529.07        1754.00        
  45       2               30529.07        32310.07        1781.00        
  8        3               32310.07        34102.07        1792.00        
  83       4               34102.07        35596.07        1494.00        
  36       4               35596.07        37081.07        1485.00        
  16       3               37081.07        38650.07        1569.00        
  19       2               38650.07        40084.07        1434.00        
  53       2               40084.07        41063.07        979.00         
  1        3               41200.19        42982.19        1782.00        
  66       3               42982.19        44148.19        1166.00        
  68       2               44152.72        45516.72        1364.00        
  74       3               45516.72        46761.72        1245.00        
  41       2               46851.09        47872.09        1021.00        
  99       4               47872.09        48874.09        1002.00        
  59       6               48874.09        50343.09        1469.00        
  13       6               50343.09        51954.09        1611.00        
  41       6               52282.09        53554.09        1272.00        
  28       5               53554.09        54854.09        1300.00        
  26       2               54981.47        56655.47        1674.00        
  72       5               56946.23        58515.23        1569.00        
  60       2               58515.23        59719.23        1204.00        
  25       7               59719.23        60873.23        1154.00        
  24       8               60873.23        62282.23        1409.00        
  75       6               62282.23        63200.23        918.00         
  67       5               63200.23        64460.23        1260.00        
  65       6               64460.23        65485.23        1025.00        
  49       4               65485.23        67036.23        1551.00        
  30       9               67036.23        68176.23        1140.00        

  机器利用率: 71.36% (忙碌时间: 48652.00 / 总时间: 68176.23)

离散机8:
工件号      工序号             开始时间            结束时间            加工时长           
--------------------------------------------------------------------------------
  69       2               19294.26        20500.26        1206.00        
  7        3               20500.26        21716.26        1216.00        
  40       2               21716.26        22827.26        1111.00        
  35       2               22926.07        24644.07        1718.00        
  4        5               24644.07        25561.07        917.00         
  33       5               26093.07        27881.07        1788.00        
  55       4               27881.07        29485.07        1604.00        
  88       3               29485.07        30784.07        1299.00        
  67       2               30817.19        31869.19        1052.00        
  83       3               32038.19        33024.19        986.00         
  14       5               33024.19        34538.19        1514.00        
  14       6               34538.19        35731.19        1193.00        
  45       3               35731.19        36924.19        1193.00        
  36       5               37081.07        38497.07        1416.00        
  31       3               38497.07        39429.07        932.00         
  14       7               39429.07        41020.07        1591.00        
  57       2               41020.07        42480.07        1460.00        
  81       3               42480.07        43668.07        1188.00        
  1        4               43668.07        45377.07        1709.00        
  69       6               45377.07        46611.07        1234.00        
  55       6               46611.07        47821.07        1210.00        
  30       3               47950.09        48957.09        1007.00        
  93       3               48957.09        50337.09        1380.00        
  5        3               50337.09        51633.09        1296.00        
  66       4               51633.09        52884.09        1251.00        
  93       5               52884.09        53959.09        1075.00        
  11       6               53959.09        54975.09        1016.00        
  46       2               54981.47        56612.47        1631.00        
  24       7               56612.47        58030.47        1418.00        
  96       6               58749.47        59779.47        1030.00        
  77       2               59855.00        61525.00        1670.00        
  45       5               61525.00        63022.00        1497.00        
  57       3               63022.00        64009.00        987.00         
  36       8               64009.00        65117.00        1108.00        

  机器利用率: 64.40% (忙碌时间: 43903.00 / 总时间: 68176.23)

离散机9:
工件号      工序号             开始时间            结束时间            加工时长           
--------------------------------------------------------------------------------
  64       2               16351.53        17552.53        1201.00        
  23       2               17552.53        18592.53        1040.00        
  23       3               18592.53        20311.53        1719.00        
  11       3               20675.26        21791.26        1116.00        
  9        2               22926.07        24370.07        1444.00        
  32       3               24370.07        25852.07        1482.00        
  40       3               25852.07        27162.07        1310.00        
  65       2               27639.06        29045.06        1406.00        
  90       2               29045.06        30788.06        1743.00        
  36       2               30817.19        31811.19        994.00         
  23       6               31811.19        32908.19        1097.00        
  65       5               32908.19        34292.19        1384.00        
  13       3               34318.19        35883.19        1565.00        
  0        5               35883.19        37623.19        1740.00        
  47       5               37623.19        39212.19        1589.00        
  24       3               39212.19        40954.19        1742.00        
  82       3               40954.19        41883.19        929.00         
  39       2               41883.19        43183.19        1300.00        
  85       3               43183.19        44854.19        1671.00        
  25       6               44854.19        46572.19        1718.00        
  30       2               46851.09        47950.09        1099.00        
  18       2               47950.09        49092.09        1142.00        
  31       5               49092.09        50801.09        1709.00        
  96       2               50858.00        52142.00        1284.00        
  87       3               52142.00        53415.00        1273.00        
  66       5               53415.00        54569.00        1154.00        
  71       2               54981.47        56050.47        1069.00        
  99       7               56050.47        57118.47        1068.00        
  31       6               57118.47        58285.47        1167.00        
  17       5               58355.47        59361.47        1006.00        
  30       8               59361.47        60756.47        1395.00        
  7        6               60756.47        62218.47        1462.00        
  26       7               62393.47        63394.47        1001.00        
  26       8               63394.47        64458.47        1064.00        
  10       6               64458.47        65712.47        1254.00        
  69       8               65712.47        66710.47        998.00         
  45       8               66710.47        67621.47        911.00         

  机器利用率: 70.77% (忙碌时间: 48246.00 / 总时间: 68176.23)

离散机10:
工件号      工序号             开始时间            结束时间            加工时长           
--------------------------------------------------------------------------------
  4        3               17484.53        18832.53        1348.00        
  55       2               19294.26        21023.26        1729.00        
  55       3               21023.26        22485.26        1462.00        
  4        4               22485.26        24188.26        1703.00        
  23       5               24188.26        25793.26        1605.00        
  42       3               25793.26        26990.26        1197.00        
  86       5               27110.07        28307.07        1197.00        
  4        7               28307.07        29987.07        1680.00        
  24       2               30817.19        32609.19        1792.00        
  59       2               32609.19        33997.19        1388.00        
  47       4               33997.19        35047.19        1050.00        
  25       4               35047.19        35963.19        916.00         
  3        3               35963.19        37225.19        1262.00        
  33       7               37225.19        38632.19        1407.00        
  99       2               38661.00        39958.00        1297.00        
  48       2               39958.00        41397.00        1439.00        
  28       4               41397.00        42605.00        1208.00        
  39       3               43183.19        44121.19        938.00         
  50       2               44152.72        45280.72        1128.00        
  93       2               45280.72        46971.72        1691.00        
  52       7               46971.72        47894.72        923.00         
  24       6               47894.72        49071.72        1177.00        
  14       8               49071.72        50328.72        1257.00        
  93       4               50337.09        51826.09        1489.00        
  39       5               51826.09        53252.09        1426.00        
  99       6               53354.00        54653.00        1299.00        
  17       2               54981.47        55935.47        954.00         
  96       4               55935.47        57376.47        1441.00        
  67       4               57376.47        58313.47        937.00         
  32       7               58313.47        59389.47        1076.00        
  12       2               59389.47        60912.47        1523.00        
  2        2               60912.47        62092.47        1180.00        
  20       6               62092.47        63012.47        920.00         
  70       2               63012.47        64194.47        1182.00        
  96       8               64194.47        65205.47        1011.00        

  机器利用率: 66.35% (忙碌时间: 45232.00 / 总时间: 68176.23)

【打印批次详细信息】
----------------------------------------------------------------------------------------------------

打印机 1 (尺寸: 1033.0 x 412.0 x 635.0):
--------------------------------------------------------------------------------
  批次 1: 零件数=11, 占用率=84.60%
    - 79: 尺寸 382.0 x 155.0 x 83.0
    - 69: 尺寸 101.0 x 76.0 x 43.0
    - 90: 尺寸 241.0 x 85.0 x 93.0
    - 6: 尺寸 306.0 x 134.0 x 68.0
    - 7: 尺寸 98.0 x 105.0 x 89.0
    - 45: 尺寸 241.0 x 266.0 x 26.0
    - 11: 尺寸 306.0 x 123.0 x 35.0
    - 86: 尺寸 349.0 x 205.0 x 127.0
    - 55: 尺寸 72.0 x 93.0 x 88.0
    - 40: 尺寸 122.0 x 148.0 x 103.0
    - 51: 尺寸 173.0 x 135.0 x 83.0
  批次 2: 零件数=7, 占用率=75.79%
    - 73: 尺寸 177.0 x 159.0 x 112.0
    - 92: 尺寸 440.0 x 247.0 x 168.0
    - 68: 尺寸 413.0 x 227.0 x 174.0
    - 5: 尺寸 63.0 x 187.0 x 153.0
    - 93: 尺寸 291.0 x 139.0 x 38.0
    - 38: 尺寸 144.0 x 118.0 x 155.0
    - 50: 尺寸 185.0 x 123.0 x 171.0
  批次 3: 零件数=3, 占用率=71.33%
    - 27: 尺寸 565.0 x 191.0 x 59.0
    - 72: 尺寸 426.0 x 214.0 x 34.0
    - 2: 尺寸 568.0 x 184.0 x 44.0

打印机 2 (尺寸: 1163.0 x 587.0 x 663.0):
--------------------------------------------------------------------------------
  批次 1: 零件数=22, 占用率=85.54%
    - 24: 尺寸 187.0 x 173.0 x 33.0
    - 67: 尺寸 121.0 x 144.0 x 191.0
    - 25: 尺寸 207.0 x 202.0 x 33.0
    - 53: 尺寸 142.0 x 121.0 x 188.0
    - 36: 尺寸 468.0 x 164.0 x 153.0
    - 20: 尺寸 142.0 x 89.0 x 104.0
    - 59: 尺寸 159.0 x 229.0 x 122.0
    - 83: 尺寸 441.0 x 153.0 x 197.0
    - 37: 尺寸 179.0 x 208.0 x 109.0
    - 82: 尺寸 198.0 x 191.0 x 181.0
    - 8: 尺寸 155.0 x 115.0 x 87.0
    - 16: 尺寸 441.0 x 143.0 x 42.0
    - 84: 尺寸 148.0 x 132.0 x 176.0
    - 13: 尺寸 87.0 x 87.0 x 191.0
    - 12: 尺寸 99.0 x 132.0 x 97.0
    - 34: 尺寸 118.0 x 206.0 x 193.0
    - 52: 尺寸 59.0 x 170.0 x 100.0
    - 3: 尺寸 114.0 x 130.0 x 98.0
    - 94: 尺寸 86.0 x 78.0 x 15.0
    - 44: 尺寸 79.0 x 103.0 x 14.0
    - 47: 尺寸 178.0 x 51.0 x 176.0
    - 19: 尺寸 220.0 x 58.0 x 76.0
  批次 2: 零件数=6, 占用率=84.10%
    - 30: 尺寸 686.0 x 336.0 x 90.0
    - 75: 尺寸 460.0 x 290.0 x 105.0
    - 76: 尺寸 165.0 x 168.0 x 18.0
    - 18: 尺寸 207.0 x 134.0 x 86.0
    - 49: 尺寸 720.0 x 166.0 x 70.0
    - 41: 尺寸 420.0 x 84.0 x 65.0
  批次 3: 零件数=5, 占用率=76.44%
    - 71: 尺寸 699.0 x 267.0 x 29.0
    - 56: 尺寸 312.0 x 305.0 x 32.0
    - 26: 尺寸 115.0 x 353.0 x 50.0
    - 17: 尺寸 668.0 x 227.0 x 36.0
    - 46: 尺寸 389.0 x 123.0 x 52.0

打印机 3 (尺寸: 941.0 x 424.0 x 663.0):
--------------------------------------------------------------------------------
  批次 1: 零件数=11, 占用率=85.46%
    - 63: 尺寸 163.0 x 195.0 x 52.0
    - 58: 尺寸 246.0 x 181.0 x 77.0
    - 74: 尺寸 488.0 x 192.0 x 92.0
    - 33: 尺寸 143.0 x 98.0 x 20.0
    - 91: 尺寸 133.0 x 179.0 x 39.0
    - 88: 尺寸 385.0 x 207.0 x 83.0
    - 35: 尺寸 96.0 x 106.0 x 48.0
    - 28: 尺寸 148.0 x 108.0 x 40.0
    - 9: 尺寸 149.0 x 101.0 x 45.0
    - 21: 尺寸 109.0 x 53.0 x 36.0
    - 32: 尺寸 98.0 x 66.0 x 75.0
  批次 2: 零件数=4, 占用率=43.94%
    - 70: 尺寸 217.0 x 139.0 x 55.0
    - 61: 尺寸 533.0 x 123.0 x 54.0
    - 80: 尺寸 152.0 x 106.0 x 19.0
    - 54: 尺寸 529.0 x 120.0 x 52.0

打印机 4 (尺寸: 1081.0 x 523.0 x 615.0):
--------------------------------------------------------------------------------
  批次 1: 零件数=10, 占用率=86.97%
    - 23: 尺寸 422.0 x 283.0 x 63.0
    - 98: 尺寸 197.0 x 134.0 x 63.0
    - 64: 尺寸 441.0 x 333.0 x 52.0
    - 97: 尺寸 213.0 x 107.0 x 56.0
    - 89: 尺寸 185.0 x 233.0 x 23.0
    - 15: 尺寸 255.0 x 172.0 x 44.0
    - 4: 尺寸 148.0 x 136.0 x 21.0
    - 42: 尺寸 114.0 x 86.0 x 61.0
    - 29: 尺寸 302.0 x 137.0 x 33.0
    - 14: 尺寸 183.0 x 98.0 x 54.0
  批次 2: 零件数=4, 占用率=88.25%
    - 43: 尺寸 713.0 x 239.0 x 46.0
    - 31: 尺寸 355.0 x 260.0 x 20.0
    - 65: 尺寸 688.0 x 246.0 x 28.0
    - 0: 尺寸 268.0 x 250.0 x 27.0

打印机 5 (尺寸: 1118.0 x 504.0 x 631.0):
--------------------------------------------------------------------------------
  批次 1: 零件数=12, 占用率=81.86%
    - 10: 尺寸 480.0 x 155.0 x 175.0
    - 22: 尺寸 69.0 x 106.0 x 68.0
    - 81: 尺寸 134.0 x 93.0 x 170.0
    - 39: 尺寸 396.0 x 158.0 x 123.0
    - 62: 尺寸 133.0 x 188.0 x 95.0
    - 95: 尺寸 55.0 x 202.0 x 55.0
    - 1: 尺寸 465.0 x 126.0 x 96.0
    - 66: 尺寸 438.0 x 139.0 x 124.0
    - 48: 尺寸 205.0 x 200.0 x 83.0
    - 57: 尺寸 114.0 x 139.0 x 92.0
    - 85: 尺寸 63.0 x 205.0 x 96.0
    - 99: 尺寸 390.0 x 203.0 x 186.0
  批次 2: 零件数=4, 占用率=81.44%
    - 96: 尺寸 711.0 x 335.0 x 59.0
    - 78: 尺寸 257.0 x 259.0 x 55.0
    - 60: 尺寸 363.0 x 170.0 x 19.0
    - 87: 尺寸 690.0 x 134.0 x 26.0
  批次 3: 零件数=1, 占用率=18.43%
    - 77: 尺寸 509.0 x 204.0 x 43.0

════════════════════════════════════════════════════════════════
