迭代次数,Cmax
1,305499.9000
2,305499.9000
3,302122.0000
4,294098.0000
5,293955.9000
6,286782.0000
7,283950.0000
8,283950.0000
9,282645.0000
10,282645.0000
11,282645.0000
12,282645.0000
13,282645.0000
14,282645.0000
15,282168.6000
16,282168.6000
17,282168.6000
18,282168.6000
19,279813.0000
20,279813.0000
21,279813.0000
22,279813.0000
23,279813.0000
24,279813.0000
25,279813.0000
26,279813.0000
27,279379.8000
28,279379.8000
29,279379.8000
30,279379.8000
31,279379.8000
32,279379.8000
33,279379.8000
34,279379.8000
35,279379.8000
36,275022.3000
37,275022.3000
38,275022.3000
39,275022.3000
40,275022.3000
41,275022.3000
42,275022.3000
43,275022.3000
44,275022.3000
45,275022.3000
46,275022.3000
47,275022.3000
48,275022.3000
49,275022.3000
50,275022.3000
51,274857.0000
52,274857.0000
53,274857.0000
54,274857.0000
55,274857.0000
56,274857.0000
57,274857.0000
58,274857.0000
59,274857.0000
60,274857.0000
61,274857.0000
62,274857.0000
63,271262.4000
64,271262.4000
65,271262.4000
66,271262.4000
67,271262.4000
68,271262.4000
69,271262.4000
70,271262.4000
71,271262.4000
72,271262.4000
73,271262.4000
74,271262.4000
75,271262.4000
76,270845.0000
77,270845.0000
78,270845.0000
79,270845.0000
80,270845.0000
81,270639.9000
82,270373.0000
83,270373.0000
84,270373.0000
85,270373.0000
86,270373.0000
87,270373.0000
88,270373.0000
89,270373.0000
90,270373.0000
91,270373.0000
92,270373.0000
93,270373.0000
94,270373.0000
95,270373.0000
96,270373.0000
97,270373.0000
98,270373.0000
99,270373.0000
100,270373.0000
101,270373.0000
102,270373.0000
103,270373.0000
104,270373.0000
105,270373.0000
106,270373.0000
107,270373.0000
108,270373.0000
109,270373.0000
110,270373.0000
111,270373.0000
112,270373.0000
113,270373.0000
114,270373.0000
115,270373.0000
116,270373.0000
117,270373.0000
118,270373.0000
119,270373.0000
120,270373.0000
121,270373.0000
122,270373.0000
123,270373.0000
124,270373.0000
125,270373.0000
126,270373.0000
127,270373.0000
128,270373.0000
129,270373.0000
130,270373.0000
131,270373.0000
132,270373.0000
133,270373.0000
134,270373.0000
135,270373.0000
136,270373.0000
137,270373.0000
138,270373.0000
139,270373.0000
140,270373.0000
141,270373.0000
142,270373.0000
143,270373.0000
144,270373.0000
145,270373.0000
146,270373.0000
147,270373.0000
148,270373.0000
149,270373.0000
150,270373.0000
151,270373.0000
152,270373.0000
153,270373.0000
154,270373.0000
155,270373.0000
156,270373.0000
157,270373.0000
158,270373.0000
159,270373.0000
160,270373.0000
161,270373.0000
162,270373.0000
163,270373.0000
164,270373.0000
165,270373.0000
166,270373.0000
167,270373.0000
168,270373.0000
169,270373.0000
170,270373.0000
171,270373.0000
172,270373.0000
173,270373.0000
174,270373.0000
175,270373.0000
176,270373.0000
177,270373.0000
178,270373.0000
179,270373.0000
180,270373.0000
181,270373.0000
182,270373.0000
183,270373.0000
184,270373.0000
185,270373.0000
186,270373.0000
187,270373.0000
188,270373.0000
189,270373.0000
190,270373.0000
191,270373.0000
192,270373.0000
193,270373.0000
194,270373.0000
195,270373.0000
196,270373.0000
197,270373.0000
198,270373.0000
199,270373.0000
200,270373.0000
201,270373.0000
202,270373.0000
203,270373.0000
204,270373.0000
205,270373.0000
206,270373.0000
207,270373.0000
208,270373.0000
209,270373.0000
210,270373.0000
211,270373.0000
212,270373.0000
213,270373.0000
214,270373.0000
215,270373.0000
216,270373.0000
217,270373.0000
218,270373.0000
219,270373.0000
220,270373.0000
221,270373.0000
222,270373.0000
223,270373.0000
224,270373.0000
225,270373.0000
226,270373.0000
227,270373.0000
228,270373.0000
229,270373.0000
230,270373.0000
231,270373.0000
232,270373.0000
233,270373.0000
234,270373.0000
235,270373.0000
236,270373.0000
237,270373.0000
238,270373.0000
239,270373.0000
240,270373.0000
241,270373.0000
242,270373.0000
243,270373.0000
244,270373.0000
245,270373.0000
246,270373.0000
247,270373.0000
248,270373.0000
249,270373.0000
250,270373.0000
251,270373.0000
252,270373.0000
253,270373.0000
254,270373.0000
255,270373.0000
256,270373.0000
257,270373.0000
258,270373.0000
259,270373.0000
260,270373.0000
261,270373.0000
262,270373.0000
263,270373.0000
264,270373.0000
265,270373.0000
266,270373.0000
267,270373.0000
268,270373.0000
269,270373.0000
270,270373.0000
271,270373.0000
272,270373.0000
273,270373.0000
274,270373.0000
275,270373.0000
276,270373.0000
277,270373.0000
278,270373.0000
279,270373.0000
280,270373.0000
281,270373.0000
282,270373.0000
283,270373.0000
284,270373.0000
285,270373.0000
286,270373.0000
287,270373.0000
288,270373.0000
289,270373.0000
290,270373.0000
291,270373.0000
292,270373.0000
293,270373.0000
294,270373.0000
295,270373.0000
296,270373.0000
297,270373.0000
298,270373.0000
299,270373.0000
300,270373.0000
301,270373.0000
302,270373.0000
303,270373.0000
304,270373.0000
305,270373.0000
306,270373.0000
307,270373.0000
308,270373.0000
309,270373.0000
310,270373.0000
311,270373.0000
312,270373.0000
313,270373.0000
314,270373.0000
315,270373.0000
316,270373.0000
317,270373.0000
318,270373.0000
319,270373.0000
320,270373.0000
321,270373.0000
322,270373.0000
323,270373.0000
324,270373.0000
325,270373.0000
326,270373.0000
327,270373.0000
328,270373.0000
329,270373.0000
330,270373.0000
331,270373.0000
332,270373.0000
333,270373.0000
334,270373.0000
335,270373.0000
336,270373.0000
337,270373.0000
338,270373.0000
339,270373.0000
340,270373.0000
341,270373.0000
342,270373.0000
343,270373.0000
344,270373.0000
345,270373.0000
346,270373.0000
347,270373.0000
348,270373.0000
349,270373.0000
350,270373.0000
351,270373.0000
352,270373.0000
353,270373.0000
354,270373.0000
355,270137.0000
356,270137.0000
357,270137.0000
358,270137.0000
359,270137.0000
360,270137.0000
361,270137.0000
362,270137.0000
363,270137.0000
364,270137.0000
365,270137.0000
366,270137.0000
367,270137.0000
368,270137.0000
369,270137.0000
370,267777.0000
371,267777.0000
372,267777.0000
373,267777.0000
374,267777.0000
375,267777.0000
376,267777.0000
377,267777.0000
378,267777.0000
379,267777.0000
380,267777.0000
381,267777.0000
382,267777.0000
383,267777.0000
384,267777.0000
385,267777.0000
386,267777.0000
387,267777.0000
388,267777.0000
389,267777.0000
390,267777.0000
391,267777.0000
392,267777.0000
393,267777.0000
394,267777.0000
395,267777.0000
396,267777.0000
397,267777.0000
398,267777.0000
399,267777.0000
400,267777.0000
401,267777.0000
402,267777.0000
403,267777.0000
404,267777.0000
405,267777.0000
406,267777.0000
407,267777.0000
408,267777.0000
409,267777.0000
410,267777.0000
411,267777.0000
412,267777.0000
413,266361.0000
414,266361.0000
415,266361.0000
416,266361.0000
417,266361.0000
418,266361.0000
419,266361.0000
420,266361.0000
421,266361.0000
422,266361.0000
423,266361.0000
424,266361.0000
425,266361.0000
426,266361.0000
427,266361.0000
428,266361.0000
429,266361.0000
430,266361.0000
431,266361.0000
432,266361.0000
433,266361.0000
434,266361.0000
435,266361.0000
436,266361.0000
437,266361.0000
438,266361.0000
439,266361.0000
440,266361.0000
441,266361.0000
442,266361.0000
443,266361.0000
444,266361.0000
445,266361.0000
446,266361.0000
447,266361.0000
448,260340.9000
449,260340.9000
450,260340.9000
451,260340.9000
452,260340.9000
453,260340.9000
454,260340.9000
455,260340.9000
456,260340.9000
457,260340.9000
458,260340.9000
459,260340.9000
460,260340.9000
461,260340.9000
462,260340.9000
463,260340.9000
464,260340.9000
465,260340.9000
466,260340.9000
467,260340.9000
468,260340.9000
469,260340.9000
470,260340.9000
471,260340.9000
472,260340.9000
473,260340.9000
474,260340.9000
475,260340.9000
476,260340.9000
477,260340.9000
478,260340.9000
479,260340.9000
480,260340.9000
481,260340.9000
482,260340.9000
483,260340.9000
484,260340.9000
485,260340.9000
486,260340.9000
487,260340.9000
488,260340.9000
489,260340.9000
490,260340.9000
491,260340.9000
492,260340.9000
493,260340.9000
494,260340.9000
495,260340.9000
496,260340.9000
497,260340.9000
498,260340.9000
499,260340.9000
500,260340.9000
501,260340.9000
502,260340.9000
503,260340.9000
504,260340.9000
505,260340.9000
506,260340.9000
507,260340.9000
508,260340.9000
509,260340.9000
510,260340.9000
511,260340.9000
512,260340.9000
513,260340.9000
514,260340.9000
515,260340.9000
516,260340.9000
517,260340.9000
518,260340.9000
519,260340.9000
520,260340.9000
521,260340.9000
522,260340.9000
523,260340.9000
524,260340.9000
525,260340.9000
526,260340.9000
527,260340.9000
528,260340.9000
529,260340.9000
530,260340.9000
531,260340.9000
532,260340.9000
533,260340.9000
534,260340.9000
535,260340.9000
536,260340.9000
537,260340.9000
538,260340.9000
539,260340.9000
540,260340.9000
541,260340.9000
542,260340.9000
543,260340.9000
544,260340.9000
545,260340.9000
546,260340.9000
547,260340.9000
548,260340.9000
549,260340.9000
550,260340.9000
551,260340.9000
552,260340.9000
553,260340.9000
554,260340.9000
555,260340.9000
556,260340.9000
557,260340.9000
558,260340.9000
559,260340.9000
560,260340.9000
561,260340.9000
562,260340.9000
563,260340.9000
564,260340.9000
565,260340.9000
566,260340.9000
567,260340.9000
568,260340.9000
569,260340.9000
570,260340.9000
571,260340.9000
572,260340.9000
573,260340.9000
574,260340.9000
575,260340.9000
576,260340.9000
577,260340.9000
578,260340.9000
579,260340.9000
580,260340.9000
581,260340.9000
582,260340.9000
583,260340.9000
584,260340.9000
585,260340.9000
586,260340.9000
587,260340.9000
588,260340.9000
589,260340.9000
590,260340.9000
591,260340.9000
592,260340.9000
593,260340.9000
594,260340.9000
595,260340.9000
596,260340.9000
597,260340.9000
598,260340.9000
599,260340.9000
600,260340.9000
601,260340.9000
602,260340.9000
603,260340.9000
604,260340.9000
605,260340.9000
606,260340.9000
607,260340.9000
608,260340.9000
609,260340.9000
610,260340.9000
611,260340.9000
612,260340.9000
613,260340.9000
614,260340.9000
615,260340.9000
616,260340.9000
617,260340.9000
618,260340.9000
619,260340.9000
620,260340.9000
621,260340.9000
622,260340.9000
623,260340.9000
624,260340.9000
625,260340.9000
626,260340.9000
627,260340.9000
628,260340.9000
629,260340.9000
630,260340.9000
631,260340.9000
632,260340.9000
633,260340.9000
634,260340.9000
635,260340.9000
636,260340.9000
637,260340.9000
638,260340.9000
639,260340.9000
640,260340.9000
641,260340.9000
642,260340.9000
643,260340.9000
644,260340.9000
645,260340.9000
646,260340.9000
647,260340.9000
648,260340.9000
649,260340.9000
650,260340.9000
651,260340.9000
652,260340.9000
653,260340.9000
654,260340.9000
655,260340.9000
656,260340.9000
657,260340.9000
658,260340.9000
659,260340.9000
660,260340.9000
661,260340.9000
662,260340.9000
663,260340.9000
664,260340.9000
665,260340.9000
666,260340.9000
667,260340.9000
668,260340.9000
669,260340.9000
670,260340.9000
671,260340.9000
672,260340.9000
673,260340.9000
674,260340.9000
675,260340.9000
676,260340.9000
677,260340.9000
678,260340.9000
679,260340.9000
680,260340.9000
681,260340.9000
682,260340.9000
683,260340.9000
684,260340.9000
685,260340.9000
686,260340.9000
687,260340.9000
688,260340.9000
689,260340.9000
690,260340.9000
691,260340.9000
692,260340.9000
693,260340.9000
694,260340.9000
695,260340.9000
696,260340.9000
697,260340.9000
698,260340.9000
699,260340.9000
700,260340.9000
701,260340.9000
702,260340.9000
703,260340.9000
704,260340.9000
705,260340.9000
706,260340.9000
707,260340.9000
708,260340.9000
709,260340.9000
710,260340.9000
711,260340.9000
712,260340.9000
713,260340.9000
714,260340.9000
715,260340.9000
716,260340.9000
717,260340.9000
718,260340.9000
719,260340.9000
720,260340.9000
721,260340.9000
722,260340.9000
723,260340.9000
724,260340.9000
725,260340.9000
726,260340.9000
727,260340.9000
728,260340.9000
729,260340.9000
730,260340.9000
731,260340.9000
732,260340.9000
733,260340.9000
734,260340.9000
735,260340.9000
736,260340.9000
737,260340.9000
738,260340.9000
739,260340.9000
740,260340.9000
741,260340.9000
742,260340.9000
743,260340.9000
744,260340.9000
745,260340.9000
746,260340.9000
747,260340.9000
748,260340.9000
749,260340.9000
750,260340.9000
751,260340.9000
752,260340.9000
753,260340.9000
754,260340.9000
755,260340.9000
756,260340.9000
757,260340.9000
758,260340.9000
759,260340.9000
760,260340.9000
761,260340.9000
762,260340.9000
763,260340.9000
764,260340.9000
765,260340.9000
766,260340.9000
767,260340.9000
768,260340.9000
769,260340.9000
770,260340.9000
771,260340.9000
772,260340.9000
773,260340.9000
774,260340.9000
775,260340.9000
776,260340.9000
777,260340.9000
778,260340.9000
779,260340.9000
780,260340.9000
781,260340.9000
782,260340.9000
783,260340.9000
784,260340.9000
785,260340.9000
786,260340.9000
787,260340.9000
788,260340.9000
789,260340.9000
790,260340.9000
791,260340.9000
792,260340.9000
793,260340.9000
794,260340.9000
795,260340.9000
796,260340.9000
797,260340.9000
798,260340.9000
799,260340.9000
800,260340.9000
801,260340.9000
802,260340.9000
803,260340.9000
804,260340.9000
805,260340.9000
806,260340.9000
807,260340.9000
808,260340.9000
809,260340.9000
810,260340.9000
811,260340.9000
812,260340.9000
813,260340.9000
814,260340.9000
815,260340.9000
816,260340.9000
817,260340.9000
818,260340.9000
819,260340.9000
820,260340.9000
821,260340.9000
822,260340.9000
823,260340.9000
824,260340.9000
825,260340.9000
826,260340.9000
827,260340.9000
828,260340.9000
829,260340.9000
830,260340.9000
831,260340.9000
832,260340.9000
833,260340.9000
834,260340.9000
835,260340.9000
836,260340.9000
837,260340.9000
838,260340.9000
839,260340.9000
840,260340.9000
841,260340.9000
842,260340.9000
843,260340.9000
844,260340.9000
845,260340.9000
846,260340.9000
847,260340.9000
848,260340.9000
849,260340.9000
850,260340.9000
851,260340.9000
852,260340.9000
853,260340.9000
854,260340.9000
855,260340.9000
856,260340.9000
857,260340.9000
858,260340.9000
859,260340.9000
860,260340.9000
861,260340.9000
862,260340.9000
863,260340.9000
864,260340.9000
865,260340.9000
866,260340.9000
867,260340.9000
868,260340.9000
869,260340.9000
870,260340.9000
871,260340.9000
872,260340.9000
873,260340.9000
874,260340.9000
875,260340.9000
876,260340.9000
877,260340.9000
878,260340.9000
879,260340.9000
880,260340.9000
881,260340.9000
882,260340.9000
883,260340.9000
884,260340.9000
885,260340.9000
886,260340.9000
887,260340.9000
888,260340.9000
889,260340.9000
890,260340.9000
891,260340.9000
892,260340.9000
893,260340.9000
894,260340.9000
895,260340.9000
896,259989.0000
897,259989.0000
898,259989.0000
899,259989.0000
900,259989.0000
901,259989.0000
902,259989.0000
903,259989.0000
904,259989.0000
905,259989.0000
906,259989.0000
907,259989.0000
908,259989.0000
909,259989.0000
910,259989.0000
911,259989.0000
912,259989.0000
913,259989.0000
914,259989.0000
915,259989.0000
916,259989.0000
917,259989.0000
918,259989.0000
919,259989.0000
920,259989.0000
921,259989.0000
922,259989.0000
923,259989.0000
924,259989.0000
925,259989.0000
926,259989.0000
927,259989.0000
928,259989.0000
929,259989.0000
930,259989.0000
931,259989.0000
932,259989.0000
933,259989.0000
934,259989.0000
935,259989.0000
936,259989.0000
937,259989.0000
938,259989.0000
939,259989.0000
940,259989.0000
941,259989.0000
942,259989.0000
943,259989.0000
944,259989.0000
945,259989.0000
946,259989.0000
947,259989.0000
948,259989.0000
949,259989.0000
950,259989.0000
951,259989.0000
952,259989.0000
953,259989.0000
954,259989.0000
955,259989.0000
956,259989.0000
957,259989.0000
958,259989.0000
959,259989.0000
960,259989.0000
961,259989.0000
962,259989.0000
963,259989.0000
964,259989.0000
965,259989.0000
966,259989.0000
967,259989.0000
968,259989.0000
969,259989.0000
970,259989.0000
971,259989.0000
972,259989.0000
973,259989.0000
974,259989.0000
975,259989.0000
976,259989.0000
977,259989.0000
978,259989.0000
979,259989.0000
980,259989.0000
981,259989.0000
982,259989.0000
983,259989.0000
984,259989.0000
985,259989.0000
986,259989.0000
987,259989.0000
988,259989.0000
989,259989.0000
990,259989.0000
991,259989.0000
992,259989.0000
993,259989.0000
994,259989.0000
995,259989.0000
996,259989.0000
997,259989.0000
998,259989.0000
999,259989.0000
1000,259989.0000
1001,259989.0000
1002,259989.0000
1003,259989.0000
1004,259989.0000
1005,259989.0000
1006,259989.0000
1007,259989.0000
1008,259989.0000
1009,259989.0000
1010,259989.0000
1011,259989.0000
1012,259989.0000
1013,259989.0000
1014,259989.0000
1015,259989.0000
1016,259989.0000
1017,259989.0000
1018,259989.0000
1019,259989.0000
1020,259989.0000
1021,259989.0000
1022,259989.0000
1023,259989.0000
1024,259989.0000
1025,259989.0000
1026,259989.0000
1027,259989.0000
1028,259989.0000
1029,259989.0000
1030,259989.0000
1031,259989.0000
1032,259989.0000
1033,259989.0000
1034,259989.0000
1035,259989.0000
1036,259989.0000
1037,259989.0000
1038,259989.0000
1039,259989.0000
1040,259989.0000
1041,259989.0000
1042,259989.0000
1043,259989.0000
1044,259989.0000
1045,259989.0000
1046,259989.0000
1047,259989.0000
1048,259989.0000
1049,259989.0000
1050,259989.0000
1051,259989.0000
1052,259989.0000
1053,259989.0000
1054,259989.0000
1055,259989.0000
1056,259989.0000
1057,259989.0000
1058,259989.0000
1059,259989.0000
1060,259989.0000
1061,259989.0000
1062,259989.0000
1063,259989.0000
1064,259989.0000
1065,259989.0000
1066,259989.0000
1067,259989.0000
1068,259989.0000
1069,259989.0000
1070,259989.0000
1071,259989.0000
1072,259989.0000
1073,259989.0000
1074,259989.0000
1075,259989.0000
1076,259989.0000
1077,259989.0000
1078,259989.0000
1079,259989.0000
1080,259989.0000
1081,259989.0000
1082,259989.0000
1083,259989.0000
1084,259989.0000
1085,259989.0000
1086,259989.0000
1087,259989.0000
1088,259989.0000
1089,259989.0000
1090,259989.0000
1091,259989.0000
1092,259989.0000
1093,259989.0000
1094,259989.0000
1095,259989.0000
1096,259989.0000
1097,259989.0000
1098,259989.0000
1099,259989.0000
1100,259989.0000
1101,259989.0000
1102,259989.0000
1103,259989.0000
1104,259989.0000
1105,259989.0000
1106,259989.0000
1107,259989.0000
1108,259989.0000
1109,259989.0000
1110,259989.0000
1111,259989.0000
1112,259989.0000
1113,259989.0000
1114,259989.0000
1115,259989.0000
1116,259989.0000
1117,259989.0000
1118,259989.0000
1119,259989.0000
1120,259989.0000
1121,259989.0000
1122,259989.0000
1123,259989.0000
1124,259989.0000
1125,259989.0000
1126,259989.0000
1127,259989.0000
1128,259989.0000
1129,259989.0000
1130,259989.0000
1131,259989.0000
1132,259989.0000
1133,259989.0000
1134,259989.0000
1135,259989.0000
1136,259989.0000
1137,259989.0000
1138,259989.0000
1139,259989.0000
1140,259989.0000
1141,259989.0000
1142,259989.0000
1143,259989.0000
1144,259989.0000
1145,259989.0000
1146,259989.0000
1147,259989.0000
1148,259989.0000
1149,259989.0000
1150,259989.0000
1151,259989.0000
1152,259989.0000
1153,259989.0000
1154,259989.0000
1155,259989.0000
1156,259989.0000
1157,259989.0000
1158,259989.0000
1159,259989.0000
1160,259989.0000
1161,259989.0000
1162,259989.0000
1163,259989.0000
1164,259989.0000
1165,259989.0000
1166,259989.0000
1167,259989.0000
1168,259989.0000
1169,259989.0000
1170,259989.0000
1171,259989.0000
1172,259989.0000
1173,259989.0000
1174,259989.0000
1175,259989.0000
1176,259989.0000
1177,259989.0000
1178,259989.0000
1179,259989.0000
1180,259989.0000
1181,259989.0000
1182,259989.0000
1183,259989.0000
1184,259989.0000
1185,259989.0000
1186,259989.0000
1187,259989.0000
1188,259989.0000
1189,259989.0000
1190,259989.0000
1191,259989.0000
1192,259989.0000
1193,259989.0000
1194,259989.0000
1195,259989.0000
1196,259989.0000
1197,259989.0000
1198,259989.0000
1199,259989.0000
1200,259989.0000
1201,259989.0000
1202,259989.0000
1203,259989.0000
1204,259989.0000
1205,259989.0000
1206,259989.0000
1207,259989.0000
1208,259989.0000
1209,259989.0000
1210,259989.0000
1211,259989.0000
1212,259989.0000
1213,259989.0000
1214,259989.0000
1215,259989.0000
1216,259989.0000
1217,259989.0000
1218,259989.0000
1219,259989.0000
1220,259989.0000
1221,259989.0000
1222,259989.0000
1223,259989.0000
1224,259989.0000
1225,259989.0000
1226,259989.0000
1227,259989.0000
1228,259989.0000
1229,259989.0000
1230,259989.0000
1231,259419.6000
1232,259419.6000
1233,259419.6000
1234,259419.6000
1235,259419.6000
1236,259419.6000
1237,259419.6000
1238,259419.6000
1239,259419.6000
1240,259419.6000
1241,259419.6000
1242,259419.6000
1243,259419.6000
1244,259419.6000
1245,259419.6000
1246,259419.6000
1247,259419.6000
1248,259419.6000
1249,259419.6000
1250,259419.6000
1251,259419.6000
1252,259419.6000
1253,259419.6000
1254,259419.6000
1255,259419.6000
1256,259419.6000
1257,259419.6000
1258,259419.6000
1259,259419.6000
1260,259419.6000
1261,259419.6000
1262,259419.6000
1263,259419.6000
1264,259419.6000
1265,259419.6000
1266,259419.6000
1267,259419.6000
1268,259419.6000
1269,259419.6000
1270,259419.6000
1271,259419.6000
1272,259419.6000
1273,259419.6000
1274,259419.6000
1275,259419.6000
1276,259419.6000
1277,259419.6000
1278,259419.6000
1279,259419.6000
1280,259419.6000
1281,259419.6000
1282,259419.6000
1283,259419.6000
1284,259419.6000
1285,259419.6000
1286,259419.6000
1287,259419.6000
1288,259419.6000
1289,259419.6000
1290,259419.6000
1291,259419.6000
1292,259419.6000
1293,259419.6000
1294,259419.6000
1295,259419.6000
1296,259419.6000
1297,259419.6000
1298,259419.6000
1299,259419.6000
1300,259419.6000
1301,259419.6000
1302,259419.6000
1303,259419.6000
1304,259419.6000
1305,259419.6000
1306,259419.6000
1307,259419.6000
1308,259419.6000
1309,259419.6000
1310,259419.6000
1311,259419.6000
1312,259419.6000
1313,259419.6000
1314,259419.6000
1315,259419.6000
1316,259419.6000
1317,259419.6000
1318,259419.6000
1319,259419.6000
1320,259419.6000
1321,259419.6000
1322,259419.6000
1323,259419.6000
1324,259419.6000
1325,259419.6000
1326,259419.6000
1327,259419.6000
1328,259419.6000
1329,259419.6000
1330,259419.6000
1331,259419.6000
1332,259419.6000
1333,259419.6000
1334,259419.6000
1335,259419.6000
1336,259419.6000
1337,259419.6000
1338,259419.6000
1339,259419.6000
1340,259419.6000
1341,259419.6000
1342,259419.6000
1343,259419.6000
1344,259419.6000
1345,259419.6000
1346,259419.6000
1347,259419.6000
1348,259419.6000
1349,259419.6000
1350,259419.6000
1351,259419.6000
1352,259419.6000
1353,259419.6000
1354,259419.6000
1355,259419.6000
1356,259419.6000
1357,259419.6000
1358,259419.6000
1359,259419.6000
1360,259419.6000
1361,259419.6000
1362,259419.6000
1363,259419.6000
1364,259419.6000
1365,259419.6000
1366,259419.6000
1367,259419.6000
1368,259419.6000
1369,259419.6000
1370,259419.6000
1371,259419.6000
1372,259419.6000
1373,259419.6000
1374,259419.6000
1375,259419.6000
1376,259419.6000
1377,259419.6000
1378,259419.6000
1379,259419.6000
1380,259419.6000
1381,259419.6000
1382,259419.6000
1383,259419.6000
1384,259419.6000
1385,259419.6000
1386,259419.6000
1387,259419.6000
1388,259419.6000
1389,259419.6000
1390,259419.6000
1391,259419.6000
1392,259419.6000
1393,259419.6000
1394,259419.6000
1395,259419.6000
1396,259419.6000
1397,259419.6000
1398,259419.6000
1399,259419.6000
1400,259419.6000
1401,259419.6000
1402,259419.6000
1403,259419.6000
1404,259419.6000
1405,259419.6000
1406,259419.6000
1407,259419.6000
1408,259419.6000
1409,259419.6000
1410,259419.6000
1411,259419.6000
1412,259419.6000
1413,259419.6000
1414,259419.6000
1415,259419.6000
1416,259419.6000
1417,259419.6000
1418,259419.6000
1419,259419.6000
1420,259419.6000
1421,259419.6000
1422,259419.6000
1423,259419.6000
1424,259419.6000
1425,259419.6000
1426,259419.6000
1427,259419.6000
1428,259419.6000
1429,259419.6000
1430,259419.6000
1431,259419.6000
1432,259419.6000
1433,259419.6000
1434,259419.6000
1435,259419.6000
1436,259419.6000
1437,259419.6000
1438,259419.6000
1439,259419.6000
1440,259419.6000
1441,259419.6000
1442,259419.6000
1443,259419.6000
1444,259419.6000
1445,259419.6000
1446,259419.6000
1447,259419.6000
1448,259419.6000
1449,259419.6000
1450,259419.6000
1451,259419.6000
1452,259419.6000
1453,259419.6000
1454,259419.6000
1455,259419.6000
1456,259419.6000
1457,259419.6000
1458,259419.6000
1459,259419.6000
1460,259419.6000
1461,259419.6000
1462,259419.6000
1463,259419.6000
1464,259419.6000
1465,259419.6000
1466,259419.6000
1467,259419.6000
1468,259419.6000
1469,259419.6000
1470,259419.6000
1471,259419.6000
1472,259419.6000
1473,259419.6000
1474,259419.6000
1475,259419.6000
1476,259419.6000
1477,259419.6000
1478,259419.6000
1479,259419.6000
1480,259419.6000
1481,259419.6000
1482,259419.6000
1483,259419.6000
1484,259419.6000
1485,259419.6000
1486,259419.6000
1487,259419.6000
1488,259419.6000
1489,259419.6000
1490,259419.6000
1491,259419.6000
1492,259419.6000
1493,259419.6000
1494,259419.6000
1495,259419.6000
1496,259419.6000
1497,259419.6000
1498,259419.6000
1499,259419.6000
1500,259419.6000
1501,259419.6000
1502,259419.6000
1503,259419.6000
1504,259419.6000
1505,259419.6000
1506,259419.6000
1507,259419.6000
1508,259419.6000
1509,259419.6000
1510,259419.6000
1511,259419.6000
1512,259419.6000
1513,259419.6000
1514,259419.6000
1515,259419.6000
1516,259419.6000
1517,259419.6000
1518,259419.6000
1519,259419.6000
1520,259419.6000
1521,259419.6000
1522,259419.6000
1523,259419.6000
1524,259419.6000
1525,259419.6000
1526,259419.6000
1527,259419.6000
1528,259419.6000
1529,259419.6000
1530,259419.6000
1531,259419.6000
1532,259419.6000
1533,259419.6000
1534,259419.6000
1535,259419.6000
1536,259419.6000
1537,259419.6000
1538,259419.6000
1539,259419.6000
1540,259419.6000
1541,259419.6000
1542,259419.6000
1543,259419.6000
1544,259419.6000
1545,259419.6000
1546,259419.6000
1547,259419.6000
1548,259419.6000
1549,259419.6000
1550,259419.6000
1551,259419.6000
1552,259419.6000
1553,259419.6000
1554,259419.6000
1555,259419.6000
1556,259419.6000
1557,259419.6000
1558,259419.6000
1559,259419.6000
1560,259419.6000
1561,259419.6000
1562,259419.6000
1563,259419.6000
1564,259419.6000
1565,259419.6000
1566,259419.6000
1567,259419.6000
1568,259419.6000
1569,259419.6000
1570,259419.6000
1571,259419.6000
1572,259419.6000
1573,259419.6000
1574,259419.6000
1575,259419.6000
1576,259419.6000
1577,259419.6000
1578,259419.6000
1579,259419.6000
1580,259419.6000
1581,259419.6000
1582,259419.6000
1583,259419.6000
1584,259419.6000
1585,259419.6000
1586,259419.6000
1587,259419.6000
1588,259419.6000
1589,259419.6000
1590,259419.6000
1591,259419.6000
1592,259419.6000
1593,259419.6000
1594,259419.6000
1595,259419.6000
1596,259419.6000
1597,259419.6000
1598,259419.6000
1599,259419.6000
1600,259419.6000
1601,259419.6000
1602,259419.6000
1603,259419.6000
1604,259419.6000
1605,259419.6000
1606,259419.6000
1607,259419.6000
1608,259419.6000
1609,259419.6000
1610,259419.6000
1611,259419.6000
1612,259419.6000
1613,259419.6000
1614,259419.6000
1615,259419.6000
1616,259419.6000
1617,259419.6000
1618,259419.6000
1619,259419.6000
1620,259419.6000
1621,259419.6000
1622,259419.6000
1623,259419.6000
1624,259419.6000
1625,259419.6000
1626,259419.6000
1627,259419.6000
1628,259419.6000
1629,259419.6000
1630,259419.6000
1631,259419.6000
1632,259419.6000
1633,259419.6000
1634,259419.6000
1635,259419.6000
1636,259419.6000
1637,259419.6000
1638,259419.6000
1639,259419.6000
1640,259419.6000
1641,259419.6000
1642,259419.6000
1643,259419.6000
1644,259419.6000
1645,259419.6000
1646,259419.6000
1647,259419.6000
1648,259419.6000
1649,259419.6000
1650,259419.6000
1651,259419.6000
1652,259419.6000
1653,259419.6000
1654,259419.6000
1655,259419.6000
1656,259419.6000
1657,259419.6000
1658,259419.6000
1659,259419.6000
1660,259419.6000
1661,259419.6000
1662,259419.6000
1663,259419.6000
1664,259419.6000
1665,259419.6000
1666,259419.6000
1667,259419.6000
1668,259419.6000
1669,259419.6000
1670,259419.6000
1671,259419.6000
1672,259419.6000
1673,259419.6000
1674,259419.6000
1675,259419.6000
1676,259419.6000
1677,259419.6000
1678,259419.6000
1679,259419.6000
1680,259419.6000
1681,259419.6000
1682,259419.6000
1683,259419.6000
1684,259419.6000
1685,259419.6000
1686,259419.6000
1687,259419.6000
1688,259419.6000
1689,259419.6000
1690,259419.6000
1691,259419.6000
1692,259419.6000
1693,259419.6000
1694,259419.6000
1695,259419.6000
1696,259419.6000
1697,259419.6000
1698,259419.6000
1699,259419.6000
1700,259419.6000
1701,259419.6000
1702,259419.6000
1703,259419.6000
1704,259419.6000
1705,259419.6000
1706,259419.6000
1707,259419.6000
1708,259419.6000
1709,259419.6000
1710,259419.6000
1711,259419.6000
1712,259419.6000
1713,259419.6000
1714,259419.6000
1715,259419.6000
1716,259419.6000
1717,259419.6000
1718,259419.6000
1719,259419.6000
1720,259419.6000
1721,259419.6000
1722,259419.6000
1723,259419.6000
1724,259419.6000
1725,259419.6000
1726,259419.6000
1727,259419.6000
1728,259419.6000
1729,259419.6000
1730,259419.6000
1731,259419.6000
1732,259419.6000
1733,259419.6000
1734,259419.6000
1735,259419.6000
1736,259419.6000
1737,259419.6000
1738,259419.6000
1739,259419.6000
1740,259419.6000
1741,259419.6000
1742,259419.6000
1743,259419.6000
1744,259419.6000
1745,259419.6000
1746,259419.6000
1747,259419.6000
1748,259419.6000
1749,259419.6000
1750,259419.6000
1751,259419.6000
1752,259419.6000
1753,259419.6000
1754,259419.6000
1755,259419.6000
1756,259419.6000
1757,259419.6000
1758,259419.6000
1759,259419.6000
1760,259419.6000
1761,259419.6000
1762,259419.6000
1763,259419.6000
1764,259419.6000
1765,259419.6000
1766,259419.6000
1767,259419.6000
1768,259419.6000
1769,259419.6000
1770,259419.6000
1771,259419.6000
1772,259419.6000
1773,259419.6000
1774,259419.6000
1775,259419.6000
1776,259419.6000
1777,259419.6000
1778,259419.6000
1779,259419.6000
1780,259419.6000
1781,259419.6000
1782,259419.6000
1783,259419.6000
1784,259419.6000
1785,259419.6000
1786,259419.6000
1787,259419.6000
1788,259419.6000
1789,259419.6000
1790,259419.6000
1791,259419.6000
1792,259419.6000
1793,259419.6000
1794,259419.6000
1795,259419.6000
1796,259419.6000
1797,259419.6000
1798,259419.6000
1799,259419.6000
1800,259419.6000
1801,259419.6000
1802,259419.6000
1803,259419.6000
1804,259419.6000
1805,259419.6000
1806,259419.6000
1807,259419.6000
1808,259419.6000
1809,259419.6000
1810,259419.6000
1811,259419.6000
1812,259419.6000
1813,259419.6000
1814,259419.6000
1815,259419.6000
1816,259419.6000
1817,259419.6000
1818,259419.6000
1819,259419.6000
1820,259419.6000
1821,259419.6000
1822,259419.6000
1823,259419.6000
1824,259419.6000
1825,259419.6000
1826,259419.6000
1827,259419.6000
1828,259419.6000
1829,259419.6000
1830,259419.6000
1831,259419.6000
1832,259419.6000
1833,259419.6000
1834,259419.6000
1835,259419.6000
1836,259419.6000
1837,259419.6000
1838,259419.6000
1839,259419.6000
1840,259419.6000
1841,259419.6000
1842,259419.6000
1843,259419.6000
1844,259419.6000
1845,259419.6000
1846,259419.6000
1847,259419.6000
1848,259419.6000
1849,259419.6000
1850,259419.6000
1851,259419.6000
1852,259419.6000
1853,259419.6000
1854,259419.6000
1855,259419.6000
1856,259419.6000
1857,259419.6000
1858,259419.6000
1859,259419.6000
1860,259419.6000
1861,259419.6000
1862,259419.6000
1863,259419.6000
1864,259419.6000
1865,259419.6000
1866,259419.6000
1867,259419.6000
1868,259419.6000
1869,259419.6000
1870,259419.6000
1871,259419.6000
1872,259419.6000
1873,259419.6000
1874,259419.6000
1875,259419.6000
1876,259419.6000
1877,259419.6000
1878,259419.6000
1879,259419.6000
1880,259419.6000
1881,259419.6000
1882,259419.6000
1883,259419.6000
1884,259419.6000
1885,259419.6000
1886,259419.6000
1887,259419.6000
1888,259419.6000
1889,259419.6000
1890,259419.6000
1891,259419.6000
1892,259419.6000
1893,259419.6000
1894,259419.6000
1895,259419.6000
1896,259419.6000
1897,259419.6000
1898,259419.6000
1899,259419.6000
1900,259419.6000
1901,259419.6000
1902,259419.6000
1903,259419.6000
1904,259419.6000
1905,259419.6000
1906,259419.6000
1907,259419.6000
1908,259419.6000
1909,259419.6000
1910,259419.6000
1911,259419.6000
1912,259419.6000
1913,259419.6000
1914,259419.6000
1915,259419.6000
1916,259419.6000
1917,259419.6000
1918,259419.6000
1919,259419.6000
1920,259419.6000
1921,259419.6000
1922,259419.6000
1923,259419.6000
1924,259419.6000
1925,259419.6000
1926,259419.6000
1927,259419.6000
1928,259419.6000
1929,259419.6000
1930,259419.6000
1931,259419.6000
1932,259419.6000
1933,259419.6000
1934,259419.6000
1935,259419.6000
1936,259419.6000
1937,259419.6000
1938,259419.6000
1939,259419.6000
1940,259419.6000
1941,259419.6000
1942,259419.6000
1943,259419.6000
1944,259419.6000
1945,259419.6000
1946,259419.6000
1947,259419.6000
1948,259419.6000
1949,259419.6000
1950,259419.6000
1951,259419.6000
1952,259419.6000
1953,259419.6000
1954,259419.6000
1955,259419.6000
1956,259419.6000
1957,259419.6000
1958,259419.6000
1959,259419.6000
1960,259419.6000
1961,259419.6000
1962,259419.6000
1963,259419.6000
1964,259419.6000
1965,259419.6000
1966,259419.6000
1967,259419.6000
1968,259419.6000
1969,259419.6000
1970,259419.6000
1971,259419.6000
1972,259419.6000
1973,259419.6000
1974,259419.6000
1975,259419.6000
1976,259419.6000
1977,259419.6000
1978,259419.6000
1979,259419.6000
1980,259419.6000
1981,259419.6000
1982,259419.6000
1983,259419.6000
1984,259419.6000
1985,259419.6000
1986,259419.6000
1987,259419.6000
1988,259419.6000
1989,259419.6000
1990,259419.6000
1991,259419.6000
1992,259419.6000
1993,259419.6000
1994,259419.6000
1995,259419.6000
1996,259419.6000
1997,259419.6000
1998,259419.6000
1999,259419.6000
2000,259419.6000
2001,259419.6000
2002,259419.6000
2003,259419.6000
2004,259419.6000
2005,259419.6000
2006,259419.6000
2007,259419.6000
2008,259419.6000
2009,259419.6000
2010,259419.6000
2011,259419.6000
2012,259419.6000
2013,259419.6000
2014,259419.6000
2015,259419.6000
2016,259419.6000
2017,259419.6000
2018,259419.6000
2019,259419.6000
2020,259419.6000
2021,259419.6000
2022,259419.6000
2023,259419.6000
2024,259419.6000
2025,259419.6000
2026,259419.6000
2027,259419.6000
2028,259419.6000
2029,259419.6000
2030,259419.6000
2031,259419.6000
2032,259419.6000
2033,259419.6000
2034,259419.6000
2035,259419.6000
2036,259419.6000
2037,259419.6000
2038,259419.6000
2039,259419.6000
2040,259419.6000
2041,259419.6000
2042,259419.6000
2043,259419.6000
2044,259419.6000
2045,259419.6000
2046,259419.6000
2047,259419.6000
2048,259419.6000
2049,259419.6000
2050,259419.6000
2051,259419.6000
2052,259419.6000
2053,259419.6000
2054,259419.6000
2055,259419.6000
2056,259419.6000
2057,259419.6000
2058,259419.6000
2059,259419.6000
2060,259419.6000
2061,259419.6000
2062,259419.6000
2063,259419.6000
2064,259419.6000
2065,259419.6000
2066,259419.6000
2067,259419.6000
2068,259419.6000
2069,259419.6000
2070,259419.6000
2071,259419.6000
2072,259419.6000
2073,259419.6000
2074,259419.6000
2075,259419.6000
2076,259419.6000
2077,259419.6000
2078,259419.6000
2079,259419.6000
2080,259419.6000
2081,259419.6000
2082,259419.6000
2083,259419.6000
2084,259419.6000
2085,259419.6000
2086,259419.6000
2087,259419.6000
2088,259419.6000
2089,259419.6000
2090,259419.6000
2091,259419.6000
2092,259419.6000
2093,259419.6000
2094,259419.6000
2095,259419.6000
2096,259419.6000
2097,259419.6000
2098,259419.6000
2099,259419.6000
2100,259419.6000
2101,259419.6000
2102,259419.6000
2103,259419.6000
2104,259419.6000
2105,259419.6000
2106,259419.6000
2107,259419.6000
2108,259419.6000
2109,259419.6000
2110,259419.6000
2111,259419.6000
2112,259419.6000
2113,259419.6000
2114,259419.6000
2115,259419.6000
2116,259419.6000
2117,259419.6000
2118,259419.6000
2119,259419.6000
2120,259419.6000
2121,259419.6000
2122,259419.6000
2123,259419.6000
2124,259419.6000
2125,259419.6000
2126,259419.6000
2127,259419.6000
2128,259419.6000
2129,259419.6000
2130,259419.6000
2131,259419.6000
2132,259419.6000
2133,259419.6000
2134,259419.6000
2135,259419.6000
2136,259419.6000
2137,259419.6000
2138,259419.6000
2139,259419.6000
2140,259419.6000
2141,259419.6000
2142,259419.6000
2143,259419.6000
2144,259419.6000
2145,259419.6000
2146,259419.6000
2147,259419.6000
2148,259419.6000
2149,259419.6000
2150,259419.6000
2151,259419.6000
2152,259419.6000
2153,259419.6000
2154,259419.6000
2155,259419.6000
2156,259419.6000
2157,259419.6000
2158,259419.6000
2159,259419.6000
2160,259419.6000
2161,259419.6000
2162,259419.6000
2163,259419.6000
2164,259419.6000
2165,259419.6000
2166,259419.6000
2167,259419.6000
2168,259419.6000
2169,259419.6000
2170,259419.6000
2171,259419.6000
2172,259419.6000
2173,259419.6000
2174,259419.6000
2175,259419.6000
2176,259419.6000
2177,259419.6000
2178,259419.6000
2179,259419.6000
2180,259419.6000
2181,259419.6000
2182,259419.6000
2183,259419.6000
2184,259419.6000
2185,259419.6000
2186,259419.6000
2187,259419.6000
2188,259419.6000
2189,259419.6000
2190,259419.6000
2191,259419.6000
2192,259419.6000
2193,259419.6000
2194,259419.6000
2195,259419.6000
2196,259419.6000
2197,259419.6000
2198,259419.6000
2199,259419.6000
2200,259419.6000
2201,259419.6000
2202,259419.6000
2203,259419.6000
2204,259419.6000
2205,259419.6000
2206,259419.6000
2207,259419.6000
2208,259419.6000
2209,259419.6000
2210,259419.6000
2211,259419.6000
2212,259419.6000
2213,259419.6000
2214,259419.6000
2215,259419.6000
2216,259419.6000
2217,259419.6000
2218,259419.6000
2219,259419.6000
2220,259419.6000
2221,259419.6000
2222,259419.6000
2223,259419.6000
2224,259419.6000
2225,259419.6000
2226,259419.6000
2227,259419.6000
2228,259419.6000
2229,259419.6000
2230,259419.6000
2231,259419.6000
2232,259419.6000
2233,259419.6000
2234,259419.6000
2235,259419.6000
2236,259419.6000
2237,259419.6000
2238,259419.6000
2239,259419.6000
2240,259419.6000
2241,259419.6000
2242,259419.6000
2243,259419.6000
2244,259419.6000
2245,259419.6000
2246,259419.6000
2247,259419.6000
2248,259419.6000
2249,259419.6000
2250,259419.6000
2251,259419.6000
2252,259419.6000
2253,259419.6000
2254,259419.6000
2255,259419.6000
2256,259419.6000
2257,259419.6000
2258,259419.6000
2259,259419.6000
2260,259419.6000
2261,259419.6000
2262,259419.6000
2263,259419.6000
2264,259419.6000
2265,259419.6000
2266,259419.6000
2267,259419.6000
2268,259419.6000
2269,259419.6000
2270,259419.6000
2271,259419.6000
2272,259419.6000
2273,259419.6000
2274,259419.6000
2275,259419.6000
2276,259419.6000
2277,259419.6000
2278,259419.6000
2279,259419.6000
2280,259419.6000
2281,259419.6000
2282,259419.6000
2283,259419.6000
2284,259419.6000
2285,259419.6000
2286,259419.6000
2287,259419.6000
2288,259419.6000
2289,259419.6000
2290,259419.6000
2291,259419.6000
2292,259419.6000
2293,259419.6000
2294,259419.6000
2295,259419.6000
2296,259419.6000
2297,259419.6000
2298,259419.6000
2299,259419.6000
2300,259419.6000
2301,259419.6000
2302,259419.6000
2303,259419.6000
2304,259419.6000
2305,259419.6000
2306,259419.6000
2307,259419.6000
2308,259419.6000
2309,259419.6000
2310,259419.6000
2311,259419.6000
2312,259419.6000
2313,259419.6000
2314,259419.6000
2315,259419.6000
2316,259419.6000
2317,259419.6000
2318,259419.6000
2319,259419.6000
2320,259419.6000
2321,259419.6000
2322,259419.6000
2323,259419.6000
2324,259419.6000
2325,259419.6000
2326,259419.6000
2327,259419.6000
2328,259419.6000
2329,259419.6000
2330,259419.6000
2331,259419.6000
2332,259419.6000
2333,259419.6000
2334,259419.6000
2335,259419.6000
2336,259419.6000
2337,259419.6000
2338,259419.6000
2339,259419.6000
2340,259419.6000
2341,259419.6000
2342,259419.6000
2343,259419.6000
2344,259419.6000
2345,259419.6000
2346,259419.6000
2347,259419.6000
2348,259419.6000
2349,259419.6000
2350,259419.6000
2351,259419.6000
2352,259419.6000
2353,259419.6000
2354,259419.6000
2355,259419.6000
2356,259419.6000
2357,259419.6000
2358,259419.6000
2359,259419.6000
2360,259419.6000
2361,259419.6000
2362,259419.6000
2363,259419.6000
2364,259419.6000
2365,259419.6000
2366,259419.6000
2367,259419.6000
2368,259419.6000
2369,259419.6000
2370,259419.6000
2371,259419.6000
2372,259419.6000
2373,259419.6000
2374,259419.6000
2375,259419.6000
2376,259419.6000
2377,259419.6000
2378,259419.6000
2379,259419.6000
2380,259419.6000
2381,259419.6000
2382,259419.6000
2383,259419.6000
2384,259419.6000
2385,259419.6000
2386,259419.6000
2387,259419.6000
2388,259419.6000
2389,259419.6000
2390,259419.6000
2391,259419.6000
2392,259419.6000
2393,259419.6000
2394,259419.6000
2395,259419.6000
2396,259419.6000
2397,259419.6000
2398,259419.6000
2399,259419.6000
2400,259419.6000
2401,259419.6000
2402,259419.6000
2403,259419.6000
2404,259419.6000
2405,259419.6000
2406,259419.6000
2407,259419.6000
2408,259419.6000
2409,259419.6000
2410,259419.6000
2411,259419.6000
2412,259419.6000
2413,259419.6000
2414,259419.6000
2415,259419.6000
2416,259419.6000
2417,259419.6000
2418,259419.6000
2419,259419.6000
2420,259419.6000
2421,259419.6000
2422,259419.6000
2423,259419.6000
2424,259419.6000
2425,259419.6000
2426,259419.6000
2427,259419.6000
2428,259419.6000
2429,259419.6000
2430,259419.6000
2431,259419.6000
2432,259419.6000
2433,259419.6000
2434,259419.6000
2435,259419.6000
2436,259419.6000
2437,259419.6000
2438,259419.6000
2439,259419.6000
2440,259419.6000
2441,259419.6000
2442,259419.6000
2443,259419.6000
2444,259419.6000
2445,259419.6000
2446,259419.6000
2447,259419.6000
2448,259419.6000
2449,259419.6000
2450,259419.6000
2451,259419.6000
2452,259419.6000
2453,259419.6000
2454,259419.6000
2455,259419.6000
2456,259419.6000
2457,259419.6000
2458,259419.6000
2459,259419.6000
2460,259419.6000
2461,259419.6000
2462,259419.6000
2463,259419.6000
2464,259419.6000
2465,259419.6000
2466,259419.6000
2467,259419.6000
2468,259419.6000
2469,259419.6000
2470,259419.6000
2471,259419.6000
2472,259419.6000
2473,259419.6000
2474,259419.6000
2475,259419.6000
2476,259419.6000
2477,259419.6000
2478,259419.6000
2479,259419.6000
2480,259419.6000
2481,259419.6000
2482,259419.6000
2483,259419.6000
2484,259419.6000
2485,259419.6000
2486,259419.6000
2487,259419.6000
2488,259419.6000
2489,259419.6000
2490,259419.6000
2491,259419.6000
2492,259419.6000
2493,259419.6000
2494,259419.6000
2495,259419.6000
2496,259419.6000
2497,259419.6000
2498,259419.6000
2499,259419.6000
2500,259419.6000
2501,259419.6000
2502,259419.6000
2503,259419.6000
2504,259419.6000
2505,259419.6000
2506,259419.6000
2507,259419.6000
2508,259419.6000
2509,259419.6000
2510,259419.6000
2511,259419.6000
2512,259419.6000
2513,259419.6000
2514,259419.6000
2515,259419.6000
2516,259419.6000
2517,259419.6000
2518,259419.6000
2519,259419.6000
2520,259419.6000
2521,259419.6000
2522,259419.6000
2523,259419.6000
2524,259419.6000
2525,259419.6000
2526,259419.6000
2527,259419.6000
2528,259419.6000
2529,259419.6000
2530,259419.6000
2531,259419.6000
2532,259419.6000
2533,259419.6000
2534,259419.6000
2535,259419.6000
2536,259419.6000
2537,259419.6000
2538,259419.6000
2539,259419.6000
2540,259419.6000
2541,259419.6000
2542,259419.6000
2543,259419.6000
2544,259419.6000
2545,259419.6000
2546,259419.6000
2547,259419.6000
2548,259419.6000
2549,259419.6000
2550,259419.6000
2551,259419.6000
2552,259419.6000
2553,259419.6000
2554,259419.6000
2555,259419.6000
2556,259419.6000
2557,259419.6000
2558,259419.6000
2559,259419.6000
2560,259419.6000
2561,259419.6000
2562,259419.6000
2563,259419.6000
2564,259419.6000
2565,259419.6000
2566,259419.6000
2567,259419.6000
2568,259419.6000
2569,259419.6000
2570,259419.6000
2571,259419.6000
2572,259419.6000
2573,259419.6000
2574,259419.6000
2575,259419.6000
2576,259419.6000
2577,259419.6000
2578,259419.6000
2579,259419.6000
2580,259419.6000
2581,259419.6000
2582,259419.6000
2583,259419.6000
2584,259419.6000
2585,259419.6000
2586,259419.6000
2587,259419.6000
2588,259419.6000
2589,259419.6000
2590,259419.6000
2591,259419.6000
2592,259419.6000
2593,259419.6000
2594,259419.6000
2595,259419.6000
2596,259419.6000
2597,259419.6000
2598,259419.6000
2599,259419.6000
2600,259419.6000
2601,259419.6000
2602,259419.6000
2603,259419.6000
2604,259419.6000
2605,259419.6000
2606,259419.6000
2607,259419.6000
2608,259419.6000
2609,259419.6000
2610,259419.6000
2611,259419.6000
2612,259419.6000
2613,259419.6000
2614,259419.6000
2615,259419.6000
2616,259419.6000
2617,259419.6000
2618,259419.6000
2619,259419.6000
2620,259419.6000
2621,259419.6000
2622,259419.6000
2623,259419.6000
2624,259419.6000
2625,259419.6000
2626,259419.6000
2627,259419.6000
2628,259419.6000
2629,259419.6000
2630,259419.6000
2631,259419.6000
2632,259419.6000
2633,259419.6000
2634,259419.6000
2635,259419.6000
2636,259419.6000
2637,259419.6000
2638,259419.6000
2639,259419.6000
2640,259419.6000
2641,259419.6000
2642,259419.6000
2643,259419.6000
2644,259419.6000
2645,259419.6000
2646,259419.6000
2647,259419.6000
2648,259419.6000
2649,259419.6000
2650,259419.6000
2651,259419.6000
2652,259419.6000
2653,259419.6000
2654,259419.6000
2655,259419.6000
2656,259419.6000
2657,259419.6000
2658,259419.6000
2659,259419.6000
2660,259419.6000
2661,259419.6000
2662,259419.6000
2663,259419.6000
2664,259419.6000
2665,259419.6000
2666,259419.6000
2667,259419.6000
2668,259419.6000
2669,259419.6000
2670,259419.6000
2671,259419.6000
2672,259419.6000
2673,259419.6000
2674,259419.6000
2675,259419.6000
2676,259419.6000
2677,259419.6000
2678,259419.6000
2679,259419.6000
2680,259419.6000
2681,259419.6000
2682,259419.6000
2683,259419.6000
2684,259419.6000
2685,259419.6000
2686,259419.6000
2687,259419.6000
2688,259419.6000
2689,259419.6000
2690,259419.6000
2691,259419.6000
2692,259419.6000
2693,259419.6000
2694,259419.6000
2695,259419.6000
2696,259419.6000
2697,259419.6000
2698,259419.6000
2699,259419.6000
2700,259419.6000
2701,259419.6000
2702,259419.6000
2703,259419.6000
2704,259419.6000
2705,259419.6000
2706,259419.6000
2707,259419.6000
2708,259419.6000
2709,259419.6000
2710,259419.6000
2711,259419.6000
2712,259419.6000
2713,259419.6000
2714,259419.6000
2715,259419.6000
2716,259419.6000
2717,259419.6000
2718,259419.6000
2719,259419.6000
2720,259419.6000
2721,259419.6000
2722,259419.6000
2723,259419.6000
2724,259419.6000
2725,259419.6000
2726,259419.6000
2727,259419.6000
2728,259419.6000
2729,259419.6000
2730,259419.6000
2731,259419.6000
2732,259419.6000
2733,259419.6000
2734,259419.6000
2735,259419.6000
2736,259419.6000
2737,259419.6000
2738,259419.6000
2739,259419.6000
2740,259419.6000
2741,259419.6000
2742,259419.6000
2743,259419.6000
2744,259419.6000
2745,259419.6000
2746,259419.6000
2747,259419.6000
2748,259419.6000
2749,259419.6000
2750,259419.6000
2751,259419.6000
2752,259419.6000
2753,259419.6000
2754,259419.6000
2755,259419.6000
2756,259419.6000
2757,259419.6000
2758,259419.6000
2759,259419.6000
2760,259419.6000
2761,259419.6000
2762,259419.6000
2763,259419.6000
2764,259419.6000
2765,259419.6000
2766,259419.6000
2767,259419.6000
2768,259419.6000
2769,259419.6000
2770,259419.6000
2771,259419.6000
2772,259419.6000
2773,259419.6000
2774,259419.6000
2775,259419.6000
2776,259419.6000
2777,259419.6000
2778,259419.6000
2779,259419.6000
2780,259419.6000
2781,259419.6000
2782,259419.6000
2783,259419.6000
2784,259419.6000
2785,259419.6000
2786,259419.6000
2787,259419.6000
2788,259419.6000
2789,259419.6000
2790,259419.6000
2791,259419.6000
2792,259419.6000
2793,259419.6000
2794,259419.6000
2795,259419.6000
2796,259419.6000
2797,259419.6000
2798,259419.6000
2799,259419.6000
2800,259419.6000
2801,259419.6000
2802,259419.6000
2803,259419.6000
2804,259419.6000
2805,259419.6000
2806,259419.6000
2807,259419.6000
2808,259419.6000
2809,259419.6000
2810,259419.6000
2811,259419.6000
2812,259419.6000
2813,259419.6000
2814,259419.6000
2815,259419.6000
2816,259419.6000
2817,259419.6000
2818,259419.6000
2819,259419.6000
2820,259419.6000
2821,259419.6000
2822,259419.6000
2823,259419.6000
2824,259419.6000
2825,259419.6000
2826,259419.6000
2827,259419.6000
2828,259419.6000
2829,259419.6000
2830,259419.6000
2831,259419.6000
2832,259419.6000
2833,259419.6000
2834,259419.6000
2835,259419.6000
2836,259419.6000
2837,259419.6000
2838,259419.6000
2839,259419.6000
2840,259419.6000
2841,259419.6000
2842,259419.6000
2843,259419.6000
2844,259419.6000
2845,259419.6000
2846,259419.6000
2847,259419.6000
2848,259419.6000
2849,259419.6000
2850,259419.6000
2851,259419.6000
2852,259419.6000
2853,259419.6000
2854,259419.6000
2855,259419.6000
2856,259419.6000
2857,259419.6000
2858,259419.6000
2859,259419.6000
2860,259419.6000
2861,259419.6000
2862,259419.6000
2863,259419.6000
2864,259419.6000
2865,259419.6000
2866,259419.6000
2867,259419.6000
2868,259419.6000
2869,259419.6000
2870,259419.6000
2871,259419.6000
2872,259419.6000
2873,259419.6000
2874,259419.6000
2875,259419.6000
2876,259419.6000
2877,259419.6000
2878,259419.6000
2879,259419.6000
2880,259419.6000
2881,259419.6000
2882,259419.6000
2883,259419.6000
2884,259419.6000
2885,259419.6000
2886,259419.6000
2887,259419.6000
2888,259419.6000
2889,259419.6000
2890,259419.6000
2891,259419.6000
2892,259419.6000
2893,259419.6000
2894,259419.6000
2895,259419.6000
2896,259419.6000
2897,259419.6000
2898,259419.6000
2899,259419.6000
2900,259419.6000
2901,259419.6000
2902,259419.6000
2903,259419.6000
2904,259419.6000
2905,259419.6000
2906,259419.6000
2907,259419.6000
2908,259419.6000
2909,259419.6000
2910,259419.6000
2911,259419.6000
2912,259419.6000
2913,259419.6000
2914,259419.6000
2915,259419.6000
2916,259419.6000
2917,259419.6000
2918,259419.6000
2919,259419.6000
2920,259419.6000
2921,259419.6000
2922,259419.6000
2923,259419.6000
2924,259419.6000
2925,259419.6000
2926,259419.6000
2927,259419.6000
2928,259419.6000
2929,259419.6000
2930,259419.6000
2931,259419.6000
2932,259419.6000
2933,259419.6000
2934,259419.6000
2935,259419.6000
2936,259419.6000
2937,259419.6000
2938,259419.6000
2939,259419.6000
2940,259419.6000
2941,259419.6000
2942,259419.6000
2943,259419.6000
2944,259419.6000
2945,259419.6000
2946,259419.6000
2947,259419.6000
2948,259419.6000
2949,259419.6000
2950,259419.6000
2951,259419.6000
2952,259419.6000
2953,259419.6000
2954,259419.6000
2955,259419.6000
2956,259419.6000
2957,259419.6000
2958,259419.6000
2959,259419.6000
2960,259419.6000
2961,259419.6000
2962,259419.6000
2963,259419.6000
2964,259419.6000
2965,259419.6000
2966,259419.6000
2967,259419.6000
2968,259419.6000
2969,259419.6000
2970,259419.6000
2971,259419.6000
2972,259419.6000
2973,259419.6000
2974,259419.6000
2975,259419.6000
2976,259419.6000
2977,259419.6000
2978,259419.6000
2979,259419.6000
2980,259419.6000
2981,259419.6000
2982,259419.6000
2983,259419.6000
2984,259419.6000
2985,259419.6000
2986,259419.6000
2987,259419.6000
2988,259419.6000
2989,259419.6000
2990,259419.6000
2991,259419.6000
2992,259419.6000
2993,259419.6000
2994,259419.6000
2995,259419.6000
2996,259419.6000
2997,259419.6000
2998,259419.6000
2999,259419.6000
3000,259419.6000
3001,259419.6000
3002,259419.6000
3003,259419.6000
3004,259419.6000
3005,259419.6000
3006,259419.6000
3007,259419.6000
3008,259419.6000
3009,259419.6000
3010,259419.6000
3011,259419.6000
3012,259419.6000
3013,259419.6000
3014,259419.6000
3015,259419.6000
3016,259419.6000
3017,259419.6000
3018,259419.6000
3019,259419.6000
3020,259419.6000
3021,259419.6000
3022,259419.6000
3023,259419.6000
3024,259419.6000
3025,259419.6000
3026,259419.6000
3027,259419.6000
3028,259419.6000
3029,259419.6000
3030,259419.6000
3031,259419.6000
3032,259419.6000
3033,259419.6000
3034,259419.6000
3035,259419.6000
3036,259419.6000
3037,259419.6000
3038,259419.6000
3039,259419.6000
3040,259419.6000
3041,259419.6000
3042,259419.6000
3043,259419.6000
3044,259419.6000
3045,259419.6000
3046,259419.6000
3047,259419.6000
3048,259419.6000
3049,259419.6000
3050,259419.6000
3051,259419.6000
3052,259419.6000
3053,259419.6000
3054,259419.6000
3055,259419.6000
3056,259419.6000
3057,259419.6000
3058,259419.6000
3059,259419.6000
3060,259419.6000
3061,259419.6000
3062,259419.6000
3063,259419.6000
3064,259419.6000
3065,259419.6000
3066,259419.6000
3067,259419.6000
3068,259419.6000
3069,259419.6000
3070,259419.6000
3071,259419.6000
3072,259419.6000
3073,259419.6000
3074,259419.6000
3075,259419.6000
3076,259419.6000
3077,259419.6000
3078,259419.6000
3079,259419.6000
3080,259419.6000
3081,259419.6000
3082,259419.6000
3083,259419.6000
3084,259419.6000
3085,259419.6000
3086,259419.6000
3087,259419.6000
3088,259419.6000
3089,259419.6000
3090,259419.6000
3091,259419.6000
3092,259419.6000
3093,259419.6000
3094,259419.6000
3095,259419.6000
3096,259419.6000
3097,259419.6000
3098,259419.6000
3099,259419.6000
3100,259419.6000
3101,259419.6000
3102,259419.6000
3103,259419.6000
3104,259419.6000
3105,259419.6000
3106,259419.6000
3107,259419.6000
3108,259419.6000
3109,259419.6000
3110,259419.6000
3111,259419.6000
3112,259419.6000
3113,259419.6000
3114,259419.6000
3115,259419.6000
3116,259419.6000
3117,259419.6000
3118,259419.6000
3119,259419.6000
3120,259419.6000
3121,259419.6000
3122,259419.6000
3123,259419.6000
3124,259419.6000
3125,259419.6000
3126,259419.6000
3127,259419.6000
3128,259419.6000
3129,259419.6000
3130,259419.6000
3131,259419.6000
3132,259419.6000
3133,259419.6000
3134,259419.6000
3135,259419.6000
3136,259419.6000
3137,259419.6000
3138,259419.6000
3139,259419.6000
3140,259419.6000
3141,259419.6000
3142,259419.6000
3143,259419.6000
3144,259419.6000
3145,259419.6000
3146,259419.6000
3147,259419.6000
3148,259419.6000
3149,259419.6000
3150,259419.6000
3151,259419.6000
3152,259419.6000
3153,259419.6000
3154,259419.6000
3155,259419.6000
3156,259419.6000
3157,259419.6000
3158,259419.6000
3159,259419.6000
3160,259419.6000
3161,259419.6000
3162,259419.6000
3163,259419.6000
3164,259419.6000
3165,259419.6000
3166,259419.6000
3167,259419.6000
3168,259419.6000
3169,259419.6000
3170,259419.6000
3171,259419.6000
3172,259419.6000
3173,259419.6000
3174,259419.6000
3175,259419.6000
3176,259419.6000
3177,259419.6000
3178,259419.6000
3179,259419.6000
3180,259419.6000
3181,259419.6000
3182,259419.6000
3183,259419.6000
3184,259419.6000
3185,259419.6000
3186,259419.6000
3187,259419.6000
3188,259419.6000
3189,259419.6000
3190,259419.6000
3191,259419.6000
3192,259419.6000
3193,259419.6000
3194,259419.6000
3195,259419.6000
3196,259419.6000
3197,259419.6000
3198,259419.6000
3199,259419.6000
3200,259419.6000
3201,259419.6000
3202,259419.6000
3203,259419.6000
3204,259419.6000
3205,259419.6000
3206,259419.6000
3207,259419.6000
3208,259419.6000
3209,259419.6000
3210,259419.6000
3211,259419.6000
3212,259419.6000
3213,259419.6000
3214,259419.6000
3215,259419.6000
3216,259419.6000
3217,259419.6000
3218,259419.6000
3219,259419.6000
3220,259419.6000
3221,259419.6000
3222,259419.6000
3223,259419.6000
3224,259419.6000
3225,259419.6000
3226,259419.6000
3227,259419.6000
3228,259419.6000
3229,259419.6000
3230,259419.6000
3231,259419.6000
3232,259419.6000
3233,259419.6000
3234,259419.6000
3235,259419.6000
3236,259419.6000
3237,259419.6000
3238,259419.6000
3239,259419.6000
3240,259419.6000
3241,259419.6000
3242,259419.6000
3243,259419.6000
3244,259419.6000
3245,259419.6000
3246,259419.6000
3247,259419.6000
3248,259419.6000
3249,259419.6000
3250,259419.6000
3251,259419.6000
3252,259419.6000
3253,259419.6000
3254,259419.6000
3255,259419.6000
3256,259419.6000
3257,259419.6000
3258,259419.6000
3259,259419.6000
3260,259419.6000
3261,259419.6000
3262,259419.6000
3263,259419.6000
3264,259419.6000
3265,259419.6000
3266,259419.6000
3267,259419.6000
3268,259419.6000
3269,259419.6000
3270,259419.6000
3271,259419.6000
3272,259419.6000
3273,259419.6000
3274,259419.6000
3275,259419.6000
3276,259419.6000
3277,259419.6000
3278,259419.6000
3279,259419.6000
3280,259419.6000
3281,259419.6000
3282,259419.6000
3283,259419.6000
3284,259419.6000
3285,259419.6000
3286,259419.6000
3287,259419.6000
3288,259419.6000
3289,259419.6000
3290,259419.6000
3291,259419.6000
3292,259419.6000
3293,259419.6000
3294,259419.6000
3295,259419.6000
3296,259419.6000
3297,259419.6000
3298,259419.6000
3299,259419.6000
3300,259419.6000
3301,259419.6000
3302,259419.6000
3303,259419.6000
3304,259419.6000
3305,259419.6000
3306,259419.6000
3307,259419.6000
3308,259419.6000
3309,259419.6000
3310,259419.6000
3311,259419.6000
3312,259419.6000
3313,259419.6000
3314,259419.6000
3315,259419.6000
3316,259419.6000
3317,259419.6000
3318,259419.6000
3319,259419.6000
3320,259419.6000
3321,259419.6000
3322,259419.6000
3323,259419.6000
3324,259419.6000
3325,259419.6000
3326,259419.6000
3327,259419.6000
3328,259419.6000
3329,259419.6000
3330,259419.6000
3331,259419.6000
3332,259419.6000
3333,259419.6000
3334,259419.6000
3335,259419.6000
3336,259419.6000
3337,259419.6000
3338,259419.6000
3339,259419.6000
3340,259419.6000
3341,259419.6000
3342,259419.6000
3343,259419.6000
3344,259419.6000
3345,259419.6000
3346,259419.6000
3347,259419.6000
3348,259419.6000
3349,259419.6000
3350,259419.6000
3351,259419.6000
3352,259419.6000
3353,259419.6000
3354,259419.6000
3355,259419.6000
3356,259419.6000
3357,259419.6000
3358,259419.6000
3359,259419.6000
3360,259419.6000
3361,259419.6000
3362,259419.6000
3363,259419.6000
3364,259419.6000
3365,259419.6000
3366,259419.6000
3367,259419.6000
3368,259419.6000
3369,259419.6000
3370,259419.6000
3371,259419.6000
3372,259419.6000
3373,259419.6000
3374,259419.6000
3375,259419.6000
3376,259419.6000
3377,259419.6000
3378,259419.6000
3379,259419.6000
3380,259419.6000
3381,259419.6000
3382,259419.6000
3383,259419.6000
3384,259419.6000
3385,259419.6000
3386,259419.6000
3387,259419.6000
3388,259419.6000
3389,259419.6000
3390,259419.6000
3391,259419.6000
3392,259419.6000
3393,259419.6000
3394,259419.6000
3395,259419.6000
3396,259419.6000
3397,259419.6000
3398,259419.6000
3399,259419.6000
3400,259419.6000
3401,259419.6000
3402,259419.6000
3403,259419.6000
3404,259419.6000
3405,259419.6000
3406,259419.6000
3407,259419.6000
3408,259419.6000
3409,259419.6000
3410,259419.6000
3411,259419.6000
3412,259419.6000
3413,259419.6000
3414,259419.6000
3415,259419.6000
3416,259419.6000
3417,259419.6000
3418,259419.6000
3419,259419.6000
3420,259419.6000
3421,259419.6000
3422,259419.6000
3423,259419.6000
3424,259419.6000
3425,259419.6000
3426,259419.6000
3427,259419.6000
3428,259419.6000
3429,259419.6000
3430,259419.6000
3431,259419.6000
3432,259419.6000
3433,259419.6000
3434,259419.6000
3435,259419.6000
3436,259419.6000
3437,259419.6000
3438,259419.6000
3439,259419.6000
3440,259419.6000
3441,259419.6000
3442,259419.6000
3443,259419.6000
3444,259419.6000
3445,259419.6000
3446,259419.6000
3447,259419.6000
3448,259419.6000
3449,259419.6000
3450,259419.6000
3451,259419.6000
3452,259419.6000
3453,259419.6000
3454,259419.6000
3455,259419.6000
3456,259419.6000
3457,259419.6000
3458,259419.6000
3459,259419.6000
3460,259419.6000
3461,259419.6000
3462,259419.6000
3463,259419.6000
3464,259419.6000
3465,259419.6000
3466,259419.6000
3467,259419.6000
3468,259419.6000
3469,259419.6000
3470,259419.6000
3471,259419.6000
3472,259419.6000
3473,259419.6000
3474,259419.6000
3475,259419.6000
3476,259419.6000
3477,259419.6000
3478,259419.6000
3479,259419.6000
3480,259419.6000
3481,259419.6000
3482,259419.6000
3483,259419.6000
3484,259419.6000
3485,259419.6000
3486,259419.6000
3487,259419.6000
3488,259419.6000
3489,259419.6000
3490,259419.6000
3491,259419.6000
3492,259419.6000
3493,259419.6000
3494,259419.6000
3495,259419.6000
3496,259419.6000
3497,259419.6000
3498,259419.6000
3499,259419.6000
3500,259419.6000
3501,259419.6000
3502,259419.6000
3503,259419.6000
3504,259419.6000
3505,259419.6000
3506,259419.6000
3507,259419.6000
3508,259419.6000
3509,259419.6000
3510,259419.6000
3511,259419.6000
3512,259419.6000
3513,259419.6000
3514,259419.6000
3515,259419.6000
3516,259419.6000
3517,259419.6000
3518,259419.6000
3519,259419.6000
3520,259419.6000
3521,259419.6000
3522,259419.6000
3523,259419.6000
3524,259419.6000
3525,259419.6000
3526,259419.6000
3527,259419.6000
3528,259419.6000
3529,259419.6000
3530,259419.6000
3531,259419.6000
3532,259419.6000
3533,259419.6000
3534,259419.6000
3535,259419.6000
3536,259419.6000
3537,259419.6000
3538,259419.6000
3539,259419.6000
3540,259419.6000
3541,259419.6000
3542,259419.6000
3543,259419.6000
3544,259419.6000
3545,259419.6000
3546,259419.6000
3547,259419.6000
3548,259419.6000
3549,259419.6000
3550,259419.6000
3551,259419.6000
3552,259419.6000
3553,259419.6000
3554,259419.6000
3555,259419.6000
3556,259419.6000
3557,259419.6000
3558,259419.6000
3559,259419.6000
3560,259419.6000
3561,259419.6000
3562,259419.6000
3563,259419.6000
3564,259419.6000
3565,259419.6000
3566,259419.6000
3567,259419.6000
3568,259419.6000
3569,259419.6000
3570,259419.6000
3571,259419.6000
3572,259419.6000
3573,259419.6000
3574,259419.6000
3575,259419.6000
3576,259419.6000
3577,259419.6000
3578,259419.6000
3579,259419.6000
3580,259419.6000
3581,259419.6000
3582,259419.6000
3583,259419.6000
3584,259419.6000
3585,259419.6000
3586,259419.6000
3587,259419.6000
3588,259419.6000
3589,259419.6000
3590,259419.6000
3591,259419.6000
3592,259419.6000
3593,259419.6000
3594,259419.6000
3595,259419.6000
3596,259419.6000
3597,259419.6000
3598,259419.6000
3599,259419.6000
3600,259419.6000
3601,259419.6000
3602,259419.6000
3603,259419.6000
3604,259419.6000
3605,259419.6000
3606,259419.6000
3607,259419.6000
3608,259419.6000
3609,259419.6000
3610,259419.6000
3611,259419.6000
3612,259419.6000
3613,259419.6000
3614,259419.6000
3615,259419.6000
3616,259419.6000
3617,259419.6000
3618,259419.6000
3619,259419.6000
3620,259419.6000
3621,259419.6000
3622,259419.6000
3623,259419.6000
3624,259419.6000
3625,259419.6000
3626,259419.6000
3627,259419.6000
3628,259419.6000
3629,259419.6000
3630,259419.6000
3631,259419.6000
3632,259419.6000
3633,259419.6000
3634,259419.6000
3635,259419.6000
3636,259419.6000
3637,259419.6000
3638,259419.6000
3639,259419.6000
3640,259419.6000
3641,259419.6000
3642,259419.6000
3643,259419.6000
3644,259419.6000
3645,259419.6000
3646,259419.6000
3647,259419.6000
3648,259419.6000
3649,259419.6000
3650,259419.6000
3651,259419.6000
3652,259419.6000
3653,259419.6000
3654,259419.6000
3655,259419.6000
3656,259419.6000
3657,259419.6000
3658,259419.6000
3659,259419.6000
3660,259419.6000
3661,259419.6000
3662,259419.6000
3663,259419.6000
3664,259419.6000
3665,259419.6000
3666,259419.6000
3667,259419.6000
3668,259419.6000
3669,259419.6000
3670,259419.6000
3671,259419.6000
3672,259419.6000
3673,259419.6000
3674,259419.6000
3675,259419.6000
3676,259419.6000
3677,259419.6000
3678,259419.6000
3679,259419.6000
3680,259419.6000
3681,259419.6000
3682,259419.6000
3683,259419.6000
3684,259419.6000
3685,259419.6000
3686,259419.6000
3687,259419.6000
3688,259419.6000
3689,259419.6000
3690,259419.6000
3691,259419.6000
3692,259419.6000
3693,259419.6000
3694,259419.6000
3695,259419.6000
3696,259419.6000
3697,259419.6000
3698,259419.6000
3699,259419.6000
3700,259419.6000
3701,259419.6000
3702,259419.6000
3703,259419.6000
3704,259419.6000
3705,259419.6000
3706,259419.6000
3707,259419.6000
3708,259419.6000
3709,259419.6000
3710,259419.6000
3711,259419.6000
3712,259419.6000
3713,259419.6000
3714,259419.6000
3715,259419.6000
3716,259419.6000
3717,259419.6000
3718,259419.6000
3719,259419.6000
3720,259419.6000
3721,259419.6000
3722,259419.6000
3723,259419.6000
3724,259419.6000
3725,259419.6000
3726,259419.6000
3727,259419.6000
3728,259419.6000
3729,259419.6000
3730,259419.6000
3731,259419.6000
3732,259419.6000
3733,259419.6000
3734,259419.6000
3735,259419.6000
3736,259419.6000
3737,259419.6000
3738,259419.6000
3739,259419.6000
3740,259419.6000
3741,259419.6000
3742,259419.6000
3743,259419.6000
3744,259419.6000
3745,259419.6000
3746,259419.6000
3747,259419.6000
3748,259419.6000
3749,259419.6000
3750,259419.6000
3751,259419.6000
3752,259419.6000
3753,259419.6000
3754,259419.6000
3755,259419.6000
3756,259419.6000
3757,259419.6000
3758,259419.6000
3759,259419.6000
3760,259419.6000
3761,259419.6000
3762,259419.6000
3763,259419.6000
3764,259419.6000
3765,259419.6000
3766,259419.6000
3767,259419.6000
3768,259419.6000
3769,259419.6000
3770,259419.6000
3771,259419.6000
3772,259419.6000
3773,259419.6000
3774,259419.6000
3775,259419.6000
3776,259419.6000
3777,259419.6000
3778,259419.6000
3779,259419.6000
3780,259419.6000
3781,259419.6000
3782,259419.6000
3783,259419.6000
3784,259419.6000
3785,259419.6000
3786,259419.6000
3787,259419.6000
3788,259419.6000
3789,259419.6000
3790,259419.6000
3791,259419.6000
3792,259419.6000
3793,259419.6000
3794,259419.6000
3795,259419.6000
3796,259419.6000
3797,259419.6000
3798,259419.6000
3799,259419.6000
3800,259419.6000
3801,259419.6000
3802,259419.6000
3803,259419.6000
3804,259419.6000
3805,259419.6000
3806,259419.6000
3807,259419.6000
3808,259419.6000
3809,259419.6000
3810,259419.6000
3811,259419.6000
3812,259419.6000
3813,259419.6000
3814,259419.6000
3815,259419.6000
3816,259419.6000
3817,259419.6000
3818,259419.6000
3819,259419.6000
3820,259419.6000
3821,259419.6000
3822,259419.6000
3823,259419.6000
3824,259419.6000
3825,259419.6000
3826,259419.6000
3827,259419.6000
3828,259419.6000
3829,259419.6000
3830,259419.6000
3831,259419.6000
3832,259419.6000
3833,259419.6000
3834,259419.6000
3835,259419.6000
3836,259419.6000
3837,259419.6000
3838,259419.6000
3839,259419.6000
3840,259419.6000
3841,259419.6000
3842,259419.6000
3843,259419.6000
3844,259419.6000
3845,259419.6000
3846,259419.6000
3847,259419.6000
3848,259419.6000
3849,259419.6000
3850,259419.6000
3851,259419.6000
3852,259419.6000
3853,259419.6000
3854,259419.6000
3855,259419.6000
3856,259419.6000
3857,259419.6000
3858,259419.6000
3859,259419.6000
3860,259419.6000
3861,259419.6000
3862,259419.6000
3863,259419.6000
3864,259419.6000
3865,259419.6000
3866,259419.6000
3867,259419.6000
3868,259419.6000
3869,259419.6000
3870,259419.6000
3871,259419.6000
3872,259419.6000
3873,259419.6000
3874,259419.6000
3875,259419.6000
3876,259419.6000
3877,259419.6000
3878,259419.6000
3879,259419.6000
3880,259419.6000
3881,259419.6000
3882,259419.6000
3883,259419.6000
3884,259419.6000
3885,259419.6000
3886,259419.6000
3887,259419.6000
3888,259419.6000
3889,259419.6000
3890,259419.6000
3891,259419.6000
3892,259419.6000
3893,259419.6000
3894,259419.6000
3895,259419.6000
3896,259419.6000
3897,259419.6000
3898,259419.6000
3899,259419.6000
3900,259419.6000
3901,259419.6000
3902,259419.6000
3903,259419.6000
3904,259419.6000
3905,259419.6000
3906,259419.6000
3907,259419.6000
3908,259419.6000
3909,259419.6000
3910,259419.6000
3911,259419.6000
3912,259419.6000
3913,259419.6000
3914,259419.6000
3915,259419.6000
3916,259419.6000
3917,259419.6000
3918,259419.6000
3919,259419.6000
3920,259419.6000
3921,259419.6000
3922,259419.6000
3923,259419.6000
3924,259419.6000
3925,259419.6000
3926,259419.6000
3927,259419.6000
3928,259419.6000
3929,259419.6000
3930,259419.6000
3931,259419.6000
3932,259419.6000
3933,259419.6000
3934,259419.6000
3935,259419.6000
3936,259419.6000
3937,259419.6000
3938,259419.6000
3939,259419.6000
3940,259419.6000
3941,259419.6000
3942,259419.6000
3943,259419.6000
3944,259419.6000
3945,259419.6000
3946,259419.6000
3947,259419.6000
3948,259419.6000
3949,259419.6000
3950,259419.6000
3951,259419.6000
3952,259419.6000
3953,259419.6000
3954,259419.6000
3955,259419.6000
3956,259419.6000
3957,259419.6000
3958,259419.6000
3959,259419.6000
3960,259419.6000
3961,259419.6000
3962,259419.6000
3963,259419.6000
3964,259419.6000
3965,259419.6000
3966,259419.6000
3967,259419.6000
3968,259419.6000
3969,259419.6000
3970,259419.6000
3971,259419.6000
3972,259419.6000
3973,259419.6000
3974,259419.6000
3975,259419.6000
3976,259419.6000
3977,259419.6000
3978,259419.6000
3979,259419.6000
3980,259419.6000
3981,259419.6000
3982,259419.6000
3983,259419.6000
3984,259419.6000
3985,259419.6000
3986,259419.6000
3987,259419.6000
3988,259419.6000
3989,259419.6000
3990,259419.6000
3991,259419.6000
3992,259419.6000
3993,259419.6000
3994,259419.6000
3995,259419.6000
3996,259419.6000
3997,259419.6000
3998,259419.6000
3999,259419.6000
4000,259419.6000
4001,259419.6000
4002,259419.6000
4003,259419.6000
4004,259419.6000
4005,259419.6000
4006,259419.6000
4007,259419.6000
4008,259419.6000
4009,259419.6000
4010,259419.6000
4011,259419.6000
4012,259419.6000
4013,259419.6000
4014,259419.6000
4015,259419.6000
4016,259419.6000
4017,259419.6000
4018,259419.6000
4019,259419.6000
4020,259419.6000
4021,259419.6000
4022,259419.6000
4023,259419.6000
4024,259419.6000
4025,259419.6000
4026,259419.6000
4027,259419.6000
4028,259419.6000
4029,259419.6000
4030,259419.6000
4031,259419.6000
4032,259419.6000
4033,259419.6000
4034,259419.6000
4035,259419.6000
4036,259419.6000
4037,259419.6000
4038,259419.6000
4039,259419.6000
4040,259419.6000
4041,259419.6000
4042,259419.6000
4043,259419.6000
4044,259419.6000
4045,259419.6000
4046,259419.6000
4047,259419.6000
4048,259419.6000
4049,259419.6000
4050,259419.6000
4051,259419.6000
4052,259419.6000
4053,259419.6000
4054,259419.6000
4055,259419.6000
4056,259419.6000
4057,259419.6000
4058,259419.6000
4059,259419.6000
4060,259419.6000
4061,259419.6000
4062,259419.6000
4063,259419.6000
4064,259419.6000
4065,259419.6000
4066,259419.6000
4067,259419.6000
4068,259419.6000
4069,259419.6000
4070,259419.6000
4071,259419.6000
4072,259419.6000
4073,259419.6000
4074,259419.6000
4075,259419.6000
4076,259419.6000
4077,259419.6000
4078,259419.6000
4079,259419.6000
4080,259419.6000
4081,259419.6000
4082,259419.6000
4083,259419.6000
4084,259419.6000
4085,259419.6000
4086,259419.6000
4087,259419.6000
4088,259419.6000
4089,259419.6000
4090,259419.6000
4091,259419.6000
4092,259419.6000
4093,259419.6000
4094,259419.6000
4095,259419.6000
4096,259419.6000
4097,259419.6000
4098,259419.6000
4099,259419.6000
4100,259419.6000
4101,259419.6000
4102,259419.6000
4103,259419.6000
4104,259419.6000
4105,259419.6000
4106,259419.6000
4107,259419.6000
4108,259419.6000
4109,259419.6000
4110,259419.6000
4111,259419.6000
4112,259419.6000
4113,259419.6000
4114,259419.6000
4115,259419.6000
4116,259419.6000
4117,259419.6000
4118,259419.6000
4119,259419.6000
4120,259419.6000
4121,259419.6000
4122,259419.6000
4123,259419.6000
4124,259419.6000
4125,259419.6000
4126,259419.6000
4127,259419.6000
4128,259419.6000
4129,259419.6000
4130,259419.6000
4131,259419.6000
4132,259419.6000
4133,259419.6000
4134,259419.6000
4135,259419.6000
4136,259419.6000
4137,259419.6000
4138,259419.6000
4139,259419.6000
4140,259419.6000
4141,259419.6000
4142,259419.6000
4143,259419.6000
4144,259419.6000
4145,259419.6000
4146,259419.6000
4147,259419.6000
4148,259419.6000
4149,259419.6000
4150,259419.6000
4151,259419.6000
4152,259419.6000
4153,259419.6000
4154,259419.6000
4155,259419.6000
4156,259419.6000
4157,259419.6000
4158,259419.6000
4159,259419.6000
4160,259419.6000
4161,259419.6000
4162,259419.6000
4163,259419.6000
4164,259419.6000
4165,259419.6000
4166,259419.6000
4167,259419.6000
4168,259419.6000
4169,259419.6000
4170,259419.6000
4171,259419.6000
4172,259419.6000
4173,259419.6000
4174,259419.6000
4175,259419.6000
4176,259419.6000
4177,259419.6000
4178,259419.6000
4179,259419.6000
4180,259419.6000
4181,259419.6000
4182,259419.6000
4183,259419.6000
4184,259419.6000
4185,259419.6000
4186,259419.6000
4187,259419.6000
4188,259419.6000
4189,259419.6000
4190,259419.6000
4191,259419.6000
4192,259419.6000
4193,259419.6000
4194,259419.6000
4195,259419.6000
4196,259419.6000
4197,259419.6000
4198,259419.6000
4199,259419.6000
4200,259419.6000
4201,259419.6000
4202,259419.6000
4203,259419.6000
4204,259419.6000
4205,259419.6000
4206,259419.6000
4207,259419.6000
4208,259419.6000
4209,259419.6000
4210,259419.6000
4211,259419.6000
4212,259419.6000
4213,259419.6000
4214,259419.6000
4215,259419.6000
4216,259419.6000
4217,259419.6000
4218,259419.6000
4219,259419.6000
4220,259419.6000
4221,259419.6000
4222,259419.6000
4223,259419.6000
4224,259419.6000
4225,259419.6000
4226,259419.6000
4227,259419.6000
4228,259419.6000
4229,259419.6000
4230,259419.6000
4231,259419.6000
4232,259419.6000
4233,259419.6000
4234,259419.6000
4235,259419.6000
4236,259419.6000
4237,259419.6000
4238,259419.6000
4239,259419.6000
4240,259419.6000
4241,259419.6000
4242,259419.6000
4243,259419.6000
4244,259419.6000
4245,259419.6000
4246,259419.6000
4247,259419.6000
4248,259419.6000
4249,259419.6000
4250,259419.6000
4251,259419.6000
4252,259419.6000
4253,259419.6000
4254,259419.6000
4255,259419.6000
4256,259419.6000
4257,259419.6000
4258,259419.6000
4259,259419.6000
4260,259419.6000
4261,259419.6000
4262,259419.6000
4263,259419.6000
4264,259419.6000
4265,259419.6000
4266,259419.6000
4267,259419.6000
4268,259419.6000
4269,259419.6000
4270,259419.6000
4271,259419.6000
4272,259419.6000
4273,259419.6000
4274,259419.6000
4275,259419.6000
4276,259419.6000
4277,259419.6000
4278,259419.6000
4279,259419.6000
4280,259419.6000
4281,259419.6000
4282,259419.6000
4283,259419.6000
4284,259419.6000
4285,259419.6000
4286,259419.6000
4287,259419.6000
4288,259419.6000
4289,259419.6000
4290,259419.6000
4291,259419.6000
4292,259419.6000
4293,259419.6000
4294,259419.6000
4295,259419.6000
4296,259419.6000
4297,259419.6000
4298,259419.6000
4299,259419.6000
4300,259419.6000
4301,259419.6000
4302,259419.6000
4303,259419.6000
4304,259419.6000
4305,259419.6000
4306,259419.6000
4307,259419.6000
4308,259419.6000
4309,259419.6000
4310,259419.6000
4311,259419.6000
4312,259419.6000
4313,259419.6000
4314,259419.6000
4315,259419.6000
4316,259419.6000
4317,259419.6000
4318,259419.6000
4319,259419.6000
4320,259419.6000
4321,259419.6000
4322,259419.6000
4323,259419.6000
4324,259419.6000
4325,259419.6000
4326,259419.6000
4327,259419.6000
4328,259419.6000
4329,259419.6000
4330,259419.6000
4331,259419.6000
4332,259419.6000
4333,259419.6000
4334,259419.6000
4335,259419.6000
4336,259419.6000
4337,259419.6000
4338,259419.6000
4339,259419.6000
4340,259419.6000
4341,259419.6000
4342,259419.6000
4343,259419.6000
4344,259419.6000
4345,259419.6000
4346,259419.6000
4347,259419.6000
4348,259419.6000
4349,259419.6000
4350,259419.6000
4351,259419.6000
4352,259419.6000
4353,259419.6000
4354,259419.6000
4355,259419.6000
4356,259419.6000
4357,259419.6000
4358,259419.6000
4359,259419.6000
4360,259419.6000
4361,259419.6000
4362,259419.6000
4363,259419.6000
4364,259419.6000
4365,259419.6000
4366,259419.6000
4367,259419.6000
4368,259419.6000
4369,259419.6000
4370,259419.6000
4371,259419.6000
4372,259419.6000
4373,259419.6000
4374,259419.6000
4375,259419.6000
4376,259419.6000
4377,259419.6000
4378,259419.6000
4379,259419.6000
4380,259419.6000
4381,259419.6000
4382,259419.6000
4383,259419.6000
4384,259419.6000
4385,259419.6000
4386,259419.6000
4387,259419.6000
4388,259419.6000
4389,259419.6000
4390,259419.6000
4391,259419.6000
4392,259419.6000
4393,259419.6000
4394,259419.6000
4395,259419.6000
4396,259419.6000
4397,259419.6000
4398,259419.6000
4399,259419.6000
4400,259419.6000
4401,259419.6000
4402,259419.6000
4403,259419.6000
4404,259419.6000
4405,259419.6000
4406,259419.6000
4407,259419.6000
4408,259419.6000
4409,259419.6000
4410,259419.6000
4411,259419.6000
4412,259419.6000
4413,259419.6000
4414,259419.6000
4415,259419.6000
4416,259419.6000
4417,259419.6000
4418,259419.6000
4419,259419.6000
4420,259419.6000
4421,259419.6000
4422,259419.6000
4423,259419.6000
4424,259419.6000
4425,259419.6000
4426,259419.6000
4427,259419.6000
4428,259419.6000
4429,259419.6000
4430,259419.6000
4431,259419.6000
4432,259419.6000
4433,259419.6000
4434,259419.6000
4435,259419.6000
4436,259419.6000
4437,259419.6000
4438,259419.6000
4439,259419.6000
4440,259419.6000
4441,259419.6000
4442,259419.6000
4443,259419.6000
4444,259419.6000
4445,259419.6000
4446,259419.6000
4447,259419.6000
4448,259419.6000
4449,259419.6000
4450,259419.6000
4451,259419.6000
4452,259419.6000
4453,259419.6000
4454,259419.6000
4455,259419.6000
4456,259419.6000
4457,259419.6000
4458,259419.6000
4459,259419.6000
4460,259419.6000
4461,259419.6000
4462,259419.6000
4463,259419.6000
4464,259419.6000
4465,259419.6000
4466,259419.6000
4467,259419.6000
4468,259419.6000
4469,259419.6000
4470,259419.6000
4471,259419.6000
4472,259419.6000
4473,259419.6000
4474,259419.6000
4475,259419.6000
4476,259419.6000
4477,259419.6000
4478,259419.6000
4479,259419.6000
4480,259419.6000
4481,259419.6000
4482,259419.6000
4483,259419.6000
4484,259419.6000
4485,259419.6000
4486,259419.6000
4487,259419.6000
4488,259419.6000
4489,259419.6000
4490,259419.6000
4491,259419.6000
4492,259419.6000
4493,259419.6000
4494,259419.6000
4495,259419.6000
4496,259419.6000
4497,259419.6000
4498,259419.6000
4499,259419.6000
4500,259419.6000
4501,259419.6000
4502,259419.6000
4503,259419.6000
4504,259419.6000
4505,259419.6000
4506,259419.6000
4507,259419.6000
4508,259419.6000
4509,259419.6000
4510,259419.6000
4511,259419.6000
4512,259419.6000
4513,259419.6000
4514,259419.6000
4515,259419.6000
4516,259419.6000
4517,259419.6000
4518,259419.6000
4519,259419.6000
4520,259419.6000
4521,259419.6000
4522,259419.6000
4523,259419.6000
4524,259419.6000
4525,259419.6000
4526,259419.6000
4527,259419.6000
4528,259419.6000
4529,259419.6000
4530,259419.6000
4531,259419.6000
4532,259419.6000
4533,259419.6000
4534,259419.6000
4535,259419.6000
4536,259419.6000
4537,259419.6000
4538,259419.6000
4539,259419.6000
4540,259419.6000
4541,259419.6000
4542,259419.6000
4543,259419.6000
4544,259419.6000
4545,259419.6000
4546,259419.6000
4547,259419.6000
4548,259419.6000
4549,259419.6000
4550,259419.6000
4551,259419.6000
4552,259419.6000
4553,259419.6000
4554,259419.6000
4555,259419.6000
4556,259419.6000
4557,259419.6000
4558,259419.6000
4559,259419.6000
4560,259419.6000
4561,259419.6000
4562,259419.6000
4563,259419.6000
4564,259419.6000
4565,259419.6000
4566,259419.6000
4567,259419.6000
4568,259419.6000
4569,259419.6000
4570,259419.6000
4571,259419.6000
4572,259419.6000
4573,259419.6000
4574,259419.6000
4575,259419.6000
4576,259419.6000
4577,259419.6000
4578,259419.6000
4579,259419.6000
4580,259419.6000
4581,259419.6000
4582,259419.6000
4583,259419.6000
4584,259419.6000
4585,259419.6000
4586,259419.6000
4587,259419.6000
4588,259419.6000
4589,259419.6000
4590,259419.6000
4591,259419.6000
4592,259419.6000
4593,259419.6000
4594,259419.6000
4595,259419.6000
4596,259419.6000
4597,259419.6000
4598,259419.6000
4599,259419.6000
4600,259419.6000
4601,259419.6000
4602,259419.6000
4603,259419.6000
4604,259419.6000
4605,259419.6000
4606,259419.6000
4607,259419.6000
4608,259419.6000
4609,259419.6000
4610,259419.6000
4611,259419.6000
4612,259419.6000
4613,259419.6000
4614,259419.6000
4615,259419.6000
4616,259419.6000
4617,259419.6000
4618,259419.6000
4619,259419.6000
4620,259419.6000
4621,259419.6000
4622,259419.6000
4623,259419.6000
4624,259419.6000
4625,259419.6000
4626,259419.6000
4627,259419.6000
4628,259419.6000
4629,259419.6000
4630,259419.6000
4631,259419.6000
4632,259419.6000
4633,259419.6000
4634,259419.6000
4635,259419.6000
4636,259419.6000
4637,259419.6000
4638,259419.6000
4639,259419.6000
4640,259419.6000
4641,259419.6000
4642,259419.6000
4643,259419.6000
4644,259419.6000
4645,259419.6000
4646,259419.6000
4647,259419.6000
4648,259419.6000
4649,259419.6000
4650,259419.6000
4651,259419.6000
4652,259419.6000
4653,259419.6000
4654,259419.6000
4655,259419.6000
4656,259419.6000
4657,259419.6000
4658,259419.6000
4659,259419.6000
4660,259419.6000
4661,259419.6000
4662,259419.6000
4663,259419.6000
4664,259419.6000
4665,259419.6000
4666,259419.6000
4667,259419.6000
4668,259419.6000
4669,259419.6000
4670,259419.6000
4671,259419.6000
4672,259419.6000
4673,259419.6000
4674,259419.6000
4675,259419.6000
4676,259419.6000
4677,259419.6000
4678,259419.6000
4679,259419.6000
4680,259419.6000
4681,259419.6000
4682,259419.6000
4683,259419.6000
4684,259419.6000
4685,259419.6000
4686,259419.6000
4687,259419.6000
4688,259419.6000
4689,259419.6000
4690,259419.6000
4691,259419.6000
4692,259419.6000
4693,259419.6000
4694,259419.6000
4695,259419.6000
4696,259419.6000
4697,259419.6000
4698,259419.6000
4699,259419.6000
4700,259419.6000
4701,259419.6000
4702,259419.6000
4703,259419.6000
4704,259419.6000
4705,259419.6000
4706,259419.6000
4707,259419.6000
4708,259419.6000
4709,259419.6000
4710,259419.6000
4711,259419.6000
4712,259419.6000
4713,259419.6000
4714,259419.6000
4715,259419.6000
4716,259419.6000
4717,259419.6000
4718,259419.6000
4719,259419.6000
4720,259419.6000
4721,259419.6000
4722,259419.6000
4723,259419.6000
4724,259419.6000
4725,259419.6000
4726,259419.6000
4727,259419.6000
4728,259419.6000
4729,259419.6000
4730,259419.6000
4731,259419.6000
4732,259419.6000
4733,259419.6000
4734,259419.6000
4735,259419.6000
4736,259419.6000
4737,259419.6000
4738,259419.6000
4739,259419.6000
4740,259419.6000
4741,259419.6000
4742,259419.6000
4743,259419.6000
4744,259419.6000
4745,259419.6000
4746,259419.6000
4747,259419.6000
4748,259419.6000
4749,259419.6000
4750,259419.6000
4751,259419.6000
4752,259419.6000
4753,259419.6000
4754,259419.6000
4755,259419.6000
4756,259419.6000
4757,259419.6000
4758,259419.6000
4759,259419.6000
4760,259419.6000
4761,259419.6000
4762,259419.6000
4763,259419.6000
4764,259419.6000
4765,259419.6000
4766,259419.6000
4767,259419.6000
4768,259419.6000
4769,259419.6000
4770,259419.6000
4771,259419.6000
4772,259419.6000
4773,259419.6000
4774,259419.6000
4775,259419.6000
4776,259419.6000
4777,259419.6000
4778,259419.6000
4779,259419.6000
4780,259419.6000
4781,259419.6000
4782,259419.6000
4783,259419.6000
4784,259419.6000
4785,259419.6000
4786,259419.6000
4787,259419.6000
4788,259419.6000
4789,259419.6000
4790,259419.6000
4791,259419.6000
4792,259419.6000
4793,259419.6000
4794,259419.6000
4795,259419.6000
4796,259419.6000
4797,259419.6000
4798,259419.6000
4799,259419.6000
4800,259419.6000
4801,259419.6000
4802,259419.6000
4803,259419.6000
4804,259419.6000
4805,259419.6000
4806,259419.6000
4807,259419.6000
4808,259419.6000
4809,259419.6000
4810,259419.6000
4811,259419.6000
4812,259419.6000
4813,259419.6000
4814,259419.6000
4815,259419.6000
4816,259419.6000
4817,259419.6000
4818,259419.6000
4819,259419.6000
4820,259419.6000
4821,259419.6000
4822,259419.6000
4823,259419.6000
4824,259419.6000
4825,259419.6000
4826,259419.6000
4827,259419.6000
4828,259419.6000
4829,259419.6000
4830,259419.6000
4831,259419.6000
4832,259419.6000
4833,259419.6000
4834,259419.6000
4835,259419.6000
4836,259419.6000
4837,259419.6000
4838,259419.6000
4839,259419.6000
4840,259419.6000
4841,259419.6000
4842,259419.6000
4843,259419.6000
4844,259419.6000
4845,259419.6000
4846,259419.6000
4847,259419.6000
4848,259419.6000
4849,259419.6000
4850,259419.6000
4851,259419.6000
4852,259419.6000
4853,259419.6000
4854,259419.6000
4855,259419.6000
4856,259419.6000
4857,259419.6000
4858,259419.6000
4859,259419.6000
4860,259419.6000
4861,259419.6000
4862,259419.6000
4863,259419.6000
4864,259419.6000
4865,259419.6000
4866,259419.6000
4867,259419.6000
4868,259419.6000
4869,259419.6000
4870,259419.6000
4871,259419.6000
4872,259419.6000
4873,259419.6000
4874,259419.6000
4875,259419.6000
4876,259419.6000
4877,259419.6000
4878,259419.6000
4879,259419.6000
4880,259419.6000
4881,259419.6000
4882,259419.6000
4883,259419.6000
4884,259419.6000
4885,259419.6000
4886,259419.6000
4887,259419.6000
4888,259419.6000
4889,259419.6000
4890,259419.6000
4891,259419.6000
4892,259419.6000
4893,259419.6000
4894,259419.6000
4895,259419.6000
4896,259419.6000
4897,259419.6000
4898,259419.6000
4899,259419.6000
4900,259419.6000
4901,259419.6000
4902,259419.6000
4903,259419.6000
4904,259419.6000
4905,259419.6000
4906,259419.6000
4907,259419.6000
4908,259419.6000
4909,259419.6000
4910,259419.6000
4911,259419.6000
4912,259419.6000
4913,259419.6000
4914,259419.6000
4915,259419.6000
4916,259419.6000
4917,259419.6000
4918,259419.6000
4919,259419.6000
4920,259419.6000
4921,259419.6000
4922,259419.6000
4923,259419.6000
4924,259419.6000
4925,259419.6000
4926,259419.6000
4927,259419.6000
4928,259419.6000
4929,259419.6000
4930,259419.6000
4931,259419.6000
4932,259419.6000
4933,259419.6000
4934,259419.6000
4935,259419.6000
4936,259419.6000
4937,259419.6000
4938,259419.6000
4939,259419.6000
4940,259419.6000
4941,259419.6000
4942,259419.6000
4943,259419.6000
4944,259419.6000
4945,259419.6000
4946,259419.6000
4947,259419.6000
4948,259419.6000
4949,259419.6000
4950,259419.6000
4951,259419.6000
4952,259419.6000
4953,259419.6000
4954,259419.6000
4955,259419.6000
4956,259419.6000
4957,259419.6000
4958,259419.6000
4959,259419.6000
4960,259419.6000
4961,259419.6000
4962,259419.6000
4963,259419.6000
4964,259419.6000
4965,259419.6000
4966,259419.6000
4967,259419.6000
4968,259419.6000
4969,259419.6000
4970,259419.6000
4971,259419.6000
4972,259419.6000
4973,259419.6000
4974,259419.6000
4975,259419.6000
4976,259419.6000
4977,259419.6000
4978,259419.6000
4979,259419.6000
4980,259419.6000
4981,259419.6000
4982,259419.6000
4983,259419.6000
4984,259419.6000
4985,259419.6000
4986,259419.6000
4987,259419.6000
4988,259419.6000
4989,259419.6000
4990,259419.6000
4991,259419.6000
4992,259419.6000
4993,259419.6000
4994,259419.6000
4995,259419.6000
4996,259419.6000
4997,259419.6000
4998,259419.6000
4999,259419.6000
5000,259419.6000
5001,259419.6000
5002,259419.6000
5003,259419.6000
5004,259419.6000
5005,259419.6000
5006,259419.6000
5007,259419.6000
5008,259419.6000
5009,259419.6000
5010,259419.6000
5011,259419.6000
5012,259419.6000
5013,259419.6000
5014,259419.6000
5015,259419.6000
5016,259419.6000
5017,259419.6000
5018,259419.6000
5019,259419.6000
5020,259419.6000
5021,259419.6000
5022,259419.6000
5023,259419.6000
5024,259419.6000
5025,259419.6000
5026,259419.6000
5027,259419.6000
5028,259419.6000
5029,259419.6000
5030,259419.6000
5031,259419.6000
5032,259419.6000
5033,259419.6000
5034,259419.6000
5035,259419.6000
5036,259419.6000
5037,259419.6000
5038,259419.6000
5039,259419.6000
5040,259419.6000
5041,259419.6000
5042,259419.6000
5043,259419.6000
5044,259419.6000
5045,259419.6000
5046,259419.6000
5047,259419.6000
5048,259419.6000
5049,259419.6000
5050,259419.6000
5051,259419.6000
5052,259419.6000
5053,259419.6000
5054,259419.6000
5055,259419.6000
5056,259419.6000
5057,259419.6000
5058,259419.6000
5059,259419.6000
5060,259419.6000
5061,259419.6000
5062,259419.6000
5063,259419.6000
5064,259419.6000
5065,259419.6000
5066,259419.6000
5067,259419.6000
5068,259419.6000
5069,259419.6000
5070,259419.6000
5071,259419.6000
5072,259419.6000
5073,259419.6000
5074,259419.6000
5075,259419.6000
5076,259419.6000
5077,259419.6000
5078,259419.6000
5079,259419.6000
5080,259419.6000
5081,259419.6000
5082,259419.6000
5083,259419.6000
5084,259419.6000
5085,259419.6000
5086,259419.6000
5087,259419.6000
5088,259419.6000
5089,259419.6000
5090,259419.6000
5091,259419.6000
5092,259419.6000
5093,259419.6000
5094,259419.6000
5095,259419.6000
5096,259419.6000
5097,259419.6000
5098,259419.6000
5099,259419.6000
5100,259419.6000
5101,259419.6000
5102,259419.6000
5103,259419.6000
5104,259419.6000
5105,259419.6000
5106,259419.6000
5107,259419.6000
5108,259419.6000
5109,259419.6000
5110,259419.6000
5111,259419.6000
5112,259419.6000
5113,259419.6000
5114,259419.6000
5115,259419.6000
5116,259419.6000
5117,259419.6000
5118,259419.6000
5119,259419.6000
5120,259419.6000
5121,259419.6000
5122,259419.6000
5123,259419.6000
5124,259419.6000
5125,259419.6000
5126,259419.6000
5127,259419.6000
5128,259419.6000
5129,259419.6000
5130,259419.6000
5131,259419.6000
5132,259419.6000
5133,259419.6000
5134,259419.6000
5135,259419.6000
5136,259419.6000
5137,259419.6000
5138,259419.6000
5139,259419.6000
5140,259419.6000
5141,259419.6000
5142,259419.6000
5143,259419.6000
5144,259419.6000
5145,259419.6000
5146,259419.6000
5147,259419.6000
5148,259419.6000
5149,259419.6000
5150,259419.6000
5151,259419.6000
5152,259419.6000
5153,259419.6000
5154,259419.6000
5155,259419.6000
5156,259419.6000
5157,259419.6000
5158,259419.6000
5159,259419.6000
5160,259419.6000
5161,259419.6000
5162,259419.6000
5163,259419.6000
5164,259419.6000
5165,259419.6000
5166,259419.6000
5167,259419.6000
5168,259419.6000
5169,259419.6000
5170,259419.6000
5171,259419.6000
5172,259419.6000
5173,259419.6000
5174,259419.6000
5175,259419.6000
5176,259419.6000
5177,259419.6000
5178,259419.6000
5179,259419.6000
5180,259419.6000
5181,259419.6000
5182,259419.6000
5183,259419.6000
5184,259419.6000
5185,259419.6000
5186,259419.6000
5187,259419.6000
5188,259419.6000
5189,259419.6000
5190,259419.6000
5191,259419.6000
5192,259419.6000
5193,259419.6000
5194,259419.6000
5195,259419.6000
5196,259419.6000
5197,259419.6000
5198,259419.6000
5199,259419.6000
5200,259419.6000
5201,259419.6000
5202,259419.6000
5203,259419.6000
5204,259419.6000
5205,259419.6000
5206,259419.6000
5207,259419.6000
5208,259419.6000
5209,259419.6000
5210,259419.6000
5211,259419.6000
5212,259419.6000
5213,259419.6000
5214,259419.6000
5215,259419.6000
5216,259419.6000
5217,259419.6000
5218,259419.6000
5219,259419.6000
5220,259419.6000
5221,259419.6000
5222,259419.6000
5223,259419.6000
5224,259419.6000
5225,259419.6000
5226,259419.6000
5227,259419.6000
5228,259419.6000
5229,259419.6000
5230,259419.6000
5231,259419.6000
5232,259419.6000
5233,259419.6000
5234,259419.6000
5235,259419.6000
5236,259419.6000
5237,259419.6000
5238,259419.6000
5239,259419.6000
5240,259419.6000
5241,259419.6000
5242,259419.6000
5243,259419.6000
5244,259419.6000
5245,259419.6000
5246,259419.6000
5247,259419.6000
5248,259419.6000
5249,259419.6000
5250,259419.6000
5251,259419.6000
5252,259419.6000
5253,259419.6000
5254,259419.6000
5255,259419.6000
5256,259419.6000
5257,259419.6000
5258,259419.6000
5259,259419.6000
5260,259419.6000
5261,259419.6000
5262,259419.6000
5263,259419.6000
5264,259419.6000
5265,259419.6000
5266,259419.6000
5267,259419.6000
5268,259419.6000
5269,259419.6000
5270,259419.6000
5271,259419.6000
5272,259419.6000
5273,259419.6000
5274,259419.6000
5275,259419.6000
5276,259419.6000
5277,259419.6000
5278,259419.6000
5279,259419.6000
5280,259419.6000
5281,259419.6000
5282,259419.6000
5283,259419.6000
5284,259419.6000
5285,259419.6000
5286,259419.6000
5287,259419.6000
5288,259419.6000
5289,259419.6000
5290,259419.6000
5291,259419.6000
5292,259419.6000
5293,259419.6000
5294,259419.6000
5295,259419.6000
5296,259419.6000
5297,259419.6000
5298,259419.6000
5299,259419.6000
5300,259419.6000
5301,259419.6000
5302,259394.7000
5303,259394.7000
5304,259394.7000
5305,259394.7000
5306,259394.7000
5307,259394.7000
5308,259394.7000
5309,259394.7000
5310,259394.7000
5311,259394.7000
5312,259394.7000
5313,259394.7000
5314,259394.7000
5315,259394.7000
5316,259394.7000
5317,259394.7000
5318,259394.7000
5319,259394.7000
5320,259394.7000
5321,259394.7000
5322,259394.7000
5323,259394.7000
5324,259394.7000
5325,259394.7000
5326,259394.7000
5327,259394.7000
5328,259394.7000
5329,259394.7000
5330,259394.7000
5331,259394.7000
5332,259394.7000
5333,259394.7000
5334,259394.7000
5335,259394.7000
5336,259394.7000
5337,259394.7000
5338,259394.7000
5339,259394.7000
5340,259394.7000
5341,259394.7000
5342,259394.7000
5343,259394.7000
5344,259394.7000
5345,259394.7000
5346,259394.7000
5347,259394.7000
5348,259394.7000
5349,259394.7000
5350,259394.7000
5351,259394.7000
5352,259394.7000
5353,259394.7000
5354,259394.7000
5355,259394.7000
5356,259394.7000
5357,259394.7000
5358,259394.7000
5359,259394.7000
5360,259394.7000
5361,259394.7000
5362,259394.7000
5363,259394.7000
5364,259394.7000
5365,259394.7000
5366,259394.7000
5367,259394.7000
5368,259394.7000
5369,259394.7000
5370,259394.7000
5371,259394.7000
5372,259394.7000
5373,259394.7000
5374,259394.7000
5375,259394.7000
5376,259394.7000
5377,259394.7000
5378,259394.7000
5379,259394.7000
5380,259394.7000
5381,259394.7000
5382,259394.7000
5383,259394.7000
5384,259394.7000
5385,259394.7000
5386,259394.7000
5387,259394.7000
5388,259394.7000
5389,259394.7000
5390,259394.7000
5391,259394.7000
5392,259394.7000
5393,259394.7000
5394,259394.7000
5395,259394.7000
5396,259394.7000
5397,259394.7000
5398,259394.7000
5399,259394.7000
5400,259394.7000
5401,259394.7000
5402,259394.7000
5403,259394.7000
5404,259394.7000
5405,259394.7000
5406,259394.7000
5407,259394.7000
5408,259394.7000
5409,259394.7000
5410,259394.7000
5411,259394.7000
5412,259394.7000
5413,259394.7000
5414,259394.7000
5415,259394.7000
5416,259394.7000
5417,259394.7000
5418,259394.7000
5419,259394.7000
5420,259394.7000
5421,259394.7000
5422,259394.7000
5423,259394.7000
5424,259394.7000
5425,259394.7000
5426,259394.7000
5427,259394.7000
5428,259394.7000
5429,259394.7000
5430,259394.7000
5431,259394.7000
5432,259394.7000
5433,259394.7000
5434,259394.7000
5435,259394.7000
5436,259394.7000
5437,259394.7000
5438,259394.7000
5439,259394.7000
5440,259394.7000
5441,259394.7000
5442,259394.7000
5443,259394.7000
5444,259394.7000
5445,259394.7000
5446,259394.7000
5447,259394.7000
5448,259394.7000
5449,259394.7000
5450,259394.7000
5451,259394.7000
5452,259394.7000
5453,259394.7000
5454,259394.7000
5455,259394.7000
5456,259394.7000
5457,259394.7000
5458,259394.7000
5459,259394.7000
5460,259394.7000
5461,259394.7000
5462,259394.7000
5463,259394.7000
5464,259394.7000
5465,259394.7000
5466,259394.7000
5467,259394.7000
5468,259394.7000
5469,259394.7000
5470,259394.7000
5471,259394.7000
5472,259394.7000
5473,259394.7000
5474,259394.7000
5475,259394.7000
5476,259394.7000
5477,259394.7000
5478,259394.7000
5479,259394.7000
5480,259394.7000
5481,259394.7000
5482,259394.7000
5483,259394.7000
5484,259394.7000
5485,259394.7000
5486,259394.7000
5487,259394.7000
5488,259394.7000
5489,259394.7000
5490,259394.7000
5491,259394.7000
5492,259394.7000
5493,259394.7000
5494,259394.7000
5495,259394.7000
5496,259394.7000
5497,259394.7000
5498,259394.7000
5499,259394.7000
5500,259394.7000
5501,259394.7000
5502,259394.7000
5503,259394.7000
5504,259394.7000
5505,259394.7000
5506,259394.7000
5507,259394.7000
5508,259394.7000
5509,259394.7000
5510,259394.7000
5511,259394.7000
5512,259394.7000
5513,259394.7000
5514,259394.7000
5515,259394.7000
5516,259394.7000
5517,259394.7000
5518,259394.7000
5519,259394.7000
5520,259394.7000
5521,259394.7000
5522,259394.7000
5523,259394.7000
5524,259394.7000
5525,259394.7000
5526,259394.7000
5527,259394.7000
5528,259394.7000
5529,259394.7000
5530,259394.7000
5531,259394.7000
5532,259394.7000
5533,259394.7000
5534,259394.7000
5535,259394.7000
5536,259394.7000
5537,259394.7000
5538,259394.7000
5539,259394.7000
5540,259394.7000
5541,259394.7000
5542,259394.7000
5543,259394.7000
5544,259394.7000
5545,259394.7000
5546,259394.7000
5547,259394.7000
5548,259394.7000
5549,259394.7000
5550,259394.7000
5551,259394.7000
5552,259394.7000
5553,259394.7000
5554,259394.7000
5555,259394.7000
5556,259394.7000
5557,259394.7000
5558,259394.7000
5559,259394.7000
5560,259394.7000
5561,259394.7000
5562,259394.7000
5563,259394.7000
5564,259394.7000
5565,259394.7000
5566,259394.7000
5567,259394.7000
5568,259394.7000
5569,259394.7000
5570,259394.7000
5571,259394.7000
5572,259394.7000
5573,259394.7000
5574,259394.7000
5575,259394.7000
5576,259394.7000
5577,259394.7000
5578,259394.7000
5579,259394.7000
5580,259394.7000
5581,259394.7000
5582,259394.7000
5583,259394.7000
5584,259394.7000
5585,259394.7000
5586,259394.7000
5587,259394.7000
5588,259394.7000
5589,259394.7000
5590,259394.7000
5591,259394.7000
5592,259394.7000
5593,259394.7000
5594,259394.7000
5595,259394.7000
5596,259394.7000
5597,259394.7000
5598,259394.7000
5599,259394.7000
5600,259394.7000
5601,259394.7000
5602,259394.7000
5603,259394.7000
5604,259394.7000
5605,259394.7000
5606,259394.7000
5607,259394.7000
5608,259394.7000
5609,259394.7000
5610,259394.7000
5611,259394.7000
5612,259394.7000
5613,259394.7000
5614,259394.7000
5615,259394.7000
5616,259394.7000
5617,259394.7000
5618,259394.7000
5619,259394.7000
5620,259394.7000
5621,259394.7000
5622,259394.7000
5623,259394.7000
5624,259394.7000
5625,259394.7000
5626,259394.7000
5627,259394.7000
5628,259394.7000
5629,259394.7000
5630,259394.7000
5631,259394.7000
5632,259394.7000
5633,259394.7000
5634,259394.7000
5635,259394.7000
5636,259394.7000
5637,259394.7000
5638,259394.7000
5639,259394.7000
5640,259394.7000
5641,259394.7000
5642,259394.7000
5643,259394.7000
5644,259394.7000
5645,259394.7000
5646,259394.7000
5647,259394.7000
5648,259394.7000
5649,259394.7000
5650,259394.7000
5651,259394.7000
5652,259394.7000
5653,259394.7000
5654,259394.7000
5655,259394.7000
5656,259394.7000
5657,259394.7000
5658,259394.7000
5659,259394.7000
5660,259394.7000
5661,259394.7000
5662,259394.7000
5663,259394.7000
5664,259394.7000
5665,259394.7000
5666,259394.7000
5667,259394.7000
5668,259394.7000
5669,259394.7000
5670,259394.7000
5671,259394.7000
5672,259394.7000
5673,259394.7000
5674,259394.7000
5675,259394.7000
5676,259394.7000
5677,259394.7000
5678,259394.7000
5679,259394.7000
5680,259394.7000
5681,259394.7000
5682,259394.7000
5683,259394.7000
5684,259394.7000
5685,259394.7000
5686,259394.7000
5687,259394.7000
5688,259394.7000
5689,259394.7000
5690,259394.7000
5691,259394.7000
5692,259394.7000
5693,259394.7000
5694,259394.7000
5695,259394.7000
5696,259394.7000
5697,259394.7000
5698,259394.7000
5699,259394.7000
5700,259394.7000
5701,259394.7000
5702,259394.7000
5703,259394.7000
5704,259394.7000
5705,259394.7000
5706,259394.7000
5707,259394.7000
5708,259394.7000
5709,259394.7000
5710,259394.7000
5711,259394.7000
5712,259394.7000
5713,259394.7000
5714,259394.7000
5715,259394.7000
5716,259394.7000
5717,259394.7000
5718,259394.7000
5719,259394.7000
5720,259394.7000
5721,259394.7000
5722,259394.7000
5723,259394.7000
5724,259394.7000
5725,259394.7000
5726,259394.7000
5727,259394.7000
5728,259394.7000
5729,259394.7000
5730,259394.7000
5731,259394.7000
5732,259394.7000
5733,259394.7000
5734,259394.7000
5735,259394.7000
5736,259394.7000
5737,259394.7000
5738,259394.7000
5739,259394.7000
5740,259394.7000
5741,259394.7000
5742,259394.7000
5743,259394.7000
5744,259394.7000
5745,259394.7000
5746,259394.7000
5747,259394.7000
5748,259394.7000
5749,259394.7000
5750,259394.7000
5751,259394.7000
5752,259394.7000
5753,259394.7000
5754,259394.7000
5755,259394.7000
5756,259394.7000
5757,259394.7000
5758,259394.7000
5759,259394.7000
5760,259394.7000
5761,259394.7000
5762,259394.7000
5763,259394.7000
5764,259394.7000
5765,259394.7000
5766,259394.7000
5767,259394.7000
5768,259394.7000
5769,259394.7000
5770,259394.7000
5771,259394.7000
5772,259394.7000
5773,259394.7000
5774,259394.7000
5775,259394.7000
5776,259394.7000
5777,259394.7000
5778,259394.7000
5779,259394.7000
5780,259394.7000
5781,259394.7000
5782,259394.7000
5783,259394.7000
5784,259394.7000
5785,259394.7000
5786,259394.7000
5787,259394.7000
5788,259394.7000
5789,259394.7000
5790,259394.7000
5791,259394.7000
5792,259394.7000
5793,259394.7000
5794,259394.7000
5795,259394.7000
5796,259394.7000
5797,259394.7000
5798,259394.7000
5799,259394.7000
5800,259394.7000
5801,259394.7000
5802,259394.7000
5803,259394.7000
5804,259394.7000
5805,259394.7000
5806,259394.7000
5807,259394.7000
5808,259394.7000
5809,259394.7000
5810,259394.7000
5811,259394.7000
5812,259394.7000
5813,259394.7000
5814,259394.7000
5815,259394.7000
5816,259394.7000
5817,259394.7000
5818,259394.7000
5819,259394.7000
5820,259394.7000
5821,259394.7000
5822,259394.7000
5823,259394.7000
5824,259394.7000
5825,259394.7000
5826,259394.7000
5827,259394.7000
5828,259394.7000
5829,259394.7000
5830,259394.7000
5831,259394.7000
5832,259394.7000
5833,259394.7000
5834,259394.7000
5835,259394.7000
5836,259394.7000
5837,259394.7000
5838,259394.7000
5839,259394.7000
5840,259394.7000
5841,259394.7000
5842,259394.7000
5843,259394.7000
5844,259394.7000
5845,259394.7000
5846,259394.7000
5847,259394.7000
5848,259394.7000
5849,259394.7000
5850,259394.7000
5851,259394.7000
5852,259394.7000
5853,259394.7000
5854,259394.7000
5855,259394.7000
5856,259394.7000
5857,259394.7000
5858,259394.7000
5859,259394.7000
5860,259394.7000
5861,259394.7000
5862,259394.7000
5863,259394.7000
5864,259394.7000
5865,259394.7000
5866,259394.7000
5867,259394.7000
5868,259394.7000
5869,259394.7000
5870,259394.7000
5871,259394.7000
5872,259394.7000
5873,259394.7000
5874,259394.7000
5875,259394.7000
5876,259394.7000
5877,259394.7000
5878,259394.7000
5879,259394.7000
5880,259394.7000
5881,259394.7000
5882,259394.7000
5883,259394.7000
5884,259394.7000
5885,259394.7000
5886,259394.7000
5887,259394.7000
5888,259394.7000
5889,259394.7000
5890,259394.7000
5891,259394.7000
5892,259394.7000
5893,259394.7000
5894,259394.7000
5895,259394.7000
5896,259394.7000
5897,259394.7000
5898,259394.7000
5899,259394.7000
5900,259394.7000
5901,259394.7000
5902,259394.7000
5903,259394.7000
5904,259394.7000
5905,259394.7000
5906,259394.7000
5907,259394.7000
5908,259394.7000
5909,259394.7000
5910,259394.7000
5911,259394.7000
5912,259394.7000
5913,259394.7000
5914,259394.7000
5915,259394.7000
5916,259394.7000
5917,259394.7000
5918,259394.7000
5919,259394.7000
5920,259394.7000
5921,259394.7000
5922,259394.7000
5923,259394.7000
5924,259394.7000
5925,259394.7000
5926,259394.7000
5927,259394.7000
5928,259394.7000
5929,259394.7000
5930,259394.7000
5931,259394.7000
5932,259394.7000
5933,259394.7000
5934,259394.7000
5935,259394.7000
5936,259394.7000
5937,259394.7000
5938,259394.7000
5939,259394.7000
5940,259394.7000
5941,259394.7000
5942,259394.7000
5943,259394.7000
5944,259394.7000
5945,259394.7000
5946,259394.7000
5947,259394.7000
5948,259394.7000
5949,259394.7000
5950,259394.7000
5951,259394.7000
5952,259394.7000
5953,259394.7000
5954,259394.7000
5955,259394.7000
5956,259394.7000
5957,259394.7000
5958,259394.7000
5959,259394.7000
5960,259394.7000
5961,259394.7000
5962,259394.7000
5963,259394.7000
5964,259394.7000
5965,259394.7000
5966,259394.7000
5967,259394.7000
5968,259394.7000
5969,259394.7000
5970,259394.7000
5971,259394.7000
5972,259394.7000
5973,259394.7000
5974,259394.7000
5975,259394.7000
5976,259394.7000
5977,259394.7000
5978,259394.7000
5979,259394.7000
5980,259394.7000
5981,259394.7000
5982,259394.7000
5983,259394.7000
5984,259394.7000
5985,259394.7000
5986,259394.7000
5987,259394.7000
5988,259394.7000
5989,259394.7000
5990,259394.7000
5991,259394.7000
5992,259394.7000
5993,259394.7000
5994,259394.7000
5995,259394.7000
5996,259394.7000
5997,259394.7000
5998,259394.7000
5999,259394.7000
6000,259394.7000
6001,259394.7000
6002,259394.7000
6003,259394.7000
6004,259394.7000
6005,259394.7000
6006,259394.7000
6007,259394.7000
6008,259394.7000
6009,259394.7000
6010,259394.7000
6011,259394.7000
6012,259394.7000
6013,259394.7000
6014,259394.7000
6015,259394.7000
6016,259394.7000
6017,259394.7000
6018,259394.7000
6019,259394.7000
6020,259394.7000
6021,259394.7000
6022,259394.7000
6023,259394.7000
6024,259394.7000
6025,259394.7000
6026,259394.7000
6027,259394.7000
6028,259394.7000
6029,259394.7000
6030,259394.7000
6031,259394.7000
6032,259394.7000
6033,259394.7000
6034,259394.7000
6035,259394.7000
6036,259394.7000
6037,259394.7000
6038,259394.7000
6039,259394.7000
6040,259394.7000
6041,259394.7000
6042,259394.7000
6043,259394.7000
6044,259394.7000
6045,259394.7000
6046,259394.7000
6047,259394.7000
6048,259394.7000
6049,259394.7000
6050,259394.7000
6051,259394.7000
6052,259394.7000
6053,259394.7000
6054,259394.7000
6055,259394.7000
6056,259394.7000
6057,259394.7000
6058,259394.7000
6059,259394.7000
6060,259394.7000
6061,259394.7000
6062,259394.7000
6063,259394.7000
6064,259394.7000
6065,259394.7000
6066,259394.7000
6067,259394.7000
6068,259394.7000
6069,259394.7000
6070,259394.7000
6071,259394.7000
6072,259394.7000
6073,259394.7000
6074,259394.7000
6075,259394.7000
6076,259394.7000
6077,259394.7000
6078,259394.7000
6079,259394.7000
6080,259394.7000
6081,259394.7000
6082,259394.7000
6083,259394.7000
6084,259394.7000
6085,259394.7000
6086,259394.7000
6087,259394.7000
6088,259394.7000
6089,259394.7000
6090,259394.7000
6091,259394.7000
6092,259394.7000
6093,259394.7000
6094,259394.7000
6095,259394.7000
6096,259394.7000
6097,259394.7000
6098,259394.7000
6099,259394.7000
6100,259394.7000
6101,259394.7000
6102,259394.7000
6103,259394.7000
6104,259394.7000
6105,259394.7000
6106,259394.7000
6107,259394.7000
6108,259394.7000
6109,259394.7000
6110,259394.7000
6111,259394.7000
6112,259394.7000
6113,259394.7000
6114,259394.7000
6115,259394.7000
6116,259394.7000
6117,259394.7000
6118,259394.7000
6119,259394.7000
6120,259394.7000
6121,259394.7000
6122,259394.7000
6123,259394.7000
6124,259394.7000
6125,259394.7000
6126,259394.7000
6127,259394.7000
6128,259394.7000
6129,259394.7000
6130,259394.7000
6131,259394.7000
6132,259394.7000
6133,259394.7000
6134,259394.7000
6135,259394.7000
6136,259394.7000
6137,259394.7000
6138,259394.7000
6139,259394.7000
6140,259394.7000
6141,259394.7000
6142,259394.7000
6143,259394.7000
6144,259394.7000
6145,259394.7000
6146,259394.7000
6147,259394.7000
6148,259394.7000
6149,259394.7000
6150,259394.7000
6151,259394.7000
6152,259394.7000
6153,259394.7000
6154,259394.7000
6155,259394.7000
6156,259394.7000
6157,259394.7000
6158,259394.7000
6159,259394.7000
6160,259394.7000
6161,259394.7000
6162,259394.7000
6163,259394.7000
6164,259394.7000
6165,259394.7000
6166,259394.7000
6167,259394.7000
6168,259394.7000
6169,259394.7000
6170,259394.7000
6171,259394.7000
6172,259394.7000
6173,259394.7000
6174,259394.7000
6175,259394.7000
6176,259394.7000
6177,259394.7000
6178,259394.7000
6179,259394.7000
6180,259394.7000
6181,259394.7000
6182,259394.7000
6183,259394.7000
6184,259394.7000
6185,259394.7000
6186,259394.7000
6187,259394.7000
6188,259394.7000
6189,259394.7000
6190,259394.7000
6191,259394.7000
6192,259394.7000
6193,259394.7000
6194,259394.7000
6195,259394.7000
6196,259394.7000
6197,259394.7000
6198,259394.7000
6199,259394.7000
6200,259394.7000
6201,259394.7000
6202,259394.7000
6203,259394.7000
6204,259394.7000
6205,259394.7000
6206,259394.7000
6207,259394.7000
6208,259394.7000
6209,259394.7000
6210,259394.7000
6211,259394.7000
6212,259394.7000
6213,259394.7000
6214,259394.7000
6215,259394.7000
6216,259394.7000
6217,259394.7000
6218,259394.7000
6219,259394.7000
6220,259394.7000
6221,259394.7000
6222,259394.7000
6223,259394.7000
6224,259394.7000
6225,259394.7000
6226,259394.7000
6227,259394.7000
6228,259394.7000
6229,259394.7000
6230,259394.7000
6231,259394.7000
6232,259394.7000
6233,259394.7000
6234,259394.7000
6235,259394.7000
6236,259394.7000
6237,259394.7000
6238,259394.7000
6239,259394.7000
6240,259394.7000
6241,259394.7000
6242,259394.7000
6243,259394.7000
6244,259394.7000
6245,259394.7000
6246,259394.7000
6247,259394.7000
6248,259394.7000
6249,259394.7000
6250,259394.7000
6251,259394.7000
6252,259394.7000
6253,259394.7000
6254,259394.7000
6255,259394.7000
6256,259394.7000
6257,259394.7000
6258,259394.7000
6259,259394.7000
6260,259394.7000
6261,259394.7000
6262,259394.7000
6263,259394.7000
6264,259394.7000
6265,259394.7000
6266,259394.7000
6267,259394.7000
6268,259394.7000
6269,259394.7000
6270,259394.7000
6271,259394.7000
6272,259394.7000
6273,259394.7000
6274,259394.7000
6275,259394.7000
6276,259394.7000
6277,259394.7000
6278,259394.7000
6279,259394.7000
6280,259394.7000
6281,259394.7000
6282,259394.7000
6283,259394.7000
6284,259394.7000
6285,259394.7000
6286,259394.7000
6287,259394.7000
6288,259394.7000
6289,259394.7000
6290,259394.7000
6291,259394.7000
6292,259394.7000
6293,259394.7000
6294,259394.7000
6295,259394.7000
6296,259394.7000
6297,259394.7000
6298,259394.7000
6299,259394.7000
6300,259394.7000
6301,259394.7000
6302,259394.7000
6303,259394.7000
6304,259394.7000
6305,259394.7000
6306,259394.7000
6307,259394.7000
6308,259394.7000
6309,259394.7000
6310,259394.7000
6311,259394.7000
6312,259394.7000
6313,259394.7000
6314,259394.7000
6315,259394.7000
6316,259394.7000
6317,259394.7000
6318,259394.7000
6319,259394.7000
6320,259394.7000
6321,259394.7000
6322,259394.7000
6323,259394.7000
6324,259394.7000
6325,259394.7000
6326,259394.7000
6327,259394.7000
6328,259394.7000
6329,259394.7000
6330,259394.7000
6331,259394.7000
6332,259394.7000
6333,259394.7000
6334,259394.7000
6335,259394.7000
6336,259394.7000
6337,259394.7000
6338,259394.7000
6339,259394.7000
6340,259394.7000
6341,259394.7000
6342,259394.7000
6343,259394.7000
6344,259394.7000
6345,259394.7000
6346,259394.7000
6347,259394.7000
6348,259394.7000
6349,259394.7000
6350,259394.7000
6351,259394.7000
6352,259394.7000
6353,259394.7000
6354,259394.7000
6355,259394.7000
6356,259394.7000
6357,259394.7000
6358,259394.7000
6359,259394.7000
6360,259394.7000
6361,259394.7000
6362,259394.7000
6363,259394.7000
6364,259394.7000
6365,259394.7000
6366,259394.7000
6367,259394.7000
6368,259394.7000
6369,259394.7000
6370,259394.7000
6371,259394.7000
6372,259394.7000
6373,259394.7000
6374,259394.7000
6375,259394.7000
6376,259394.7000
6377,259394.7000
6378,259394.7000
6379,259394.7000
6380,259394.7000
6381,259394.7000
6382,259394.7000
6383,259394.7000
6384,259394.7000
6385,259394.7000
6386,259394.7000
6387,259394.7000
6388,259394.7000
6389,259394.7000
6390,259394.7000
6391,259394.7000
6392,259394.7000
6393,259394.7000
6394,259394.7000
6395,259394.7000
6396,259394.7000
6397,259394.7000
6398,259394.7000
6399,259394.7000
6400,259394.7000
6401,259394.7000
6402,259394.7000
6403,259394.7000
6404,259394.7000
6405,259394.7000
6406,259394.7000
6407,259394.7000
6408,259394.7000
6409,259394.7000
6410,259394.7000
6411,259394.7000
6412,259394.7000
6413,259394.7000
6414,259394.7000
6415,259394.7000
6416,259394.7000
6417,259394.7000
6418,259394.7000
6419,259394.7000
6420,259394.7000
6421,259394.7000
6422,259394.7000
6423,259394.7000
6424,259394.7000
6425,259394.7000
6426,259394.7000
6427,259394.7000
6428,259394.7000
6429,259394.7000
6430,259394.7000
6431,259394.7000
6432,259394.7000
6433,259394.7000
6434,259394.7000
6435,259394.7000
6436,259394.7000
6437,259394.7000
6438,259394.7000
6439,259394.7000
6440,259394.7000
6441,259394.7000
6442,259394.7000
6443,259394.7000
6444,259394.7000
6445,259394.7000
6446,259394.7000
6447,259394.7000
6448,259394.7000
6449,259394.7000
6450,259394.7000
6451,259394.7000
6452,259394.7000
6453,259394.7000
6454,259394.7000
6455,259394.7000
6456,259394.7000
6457,259394.7000
6458,259394.7000
6459,259394.7000
6460,259394.7000
6461,259394.7000
6462,259394.7000
6463,259394.7000
6464,259394.7000
6465,259394.7000
6466,259394.7000
6467,259394.7000
6468,259394.7000
6469,259394.7000
6470,259394.7000
6471,259394.7000
6472,259394.7000
6473,259394.7000
6474,259394.7000
6475,259394.7000
6476,259394.7000
6477,259394.7000
6478,259394.7000
6479,259394.7000
6480,259394.7000
6481,259394.7000
6482,259394.7000
6483,259394.7000
6484,259394.7000
6485,259394.7000
6486,259394.7000
6487,259394.7000
6488,259394.7000
6489,259394.7000
6490,259394.7000
6491,259394.7000
6492,259394.7000
6493,259394.7000
6494,259394.7000
6495,259394.7000
6496,259394.7000
6497,259394.7000
6498,259394.7000
6499,259394.7000
6500,259394.7000
6501,259394.7000
6502,259394.7000
6503,259394.7000
6504,259394.7000
6505,259394.7000
6506,259394.7000
6507,259394.7000
6508,259394.7000
6509,259394.7000
6510,259394.7000
6511,259394.7000
6512,259394.7000
6513,259394.7000
6514,259394.7000
6515,259394.7000
6516,259394.7000
6517,259394.7000
6518,259394.7000
6519,259394.7000
6520,259394.7000
6521,259394.7000
6522,259394.7000
6523,259394.7000
6524,259394.7000
6525,259394.7000
6526,259394.7000
6527,259394.7000
6528,259394.7000
6529,259394.7000
6530,259394.7000
6531,259394.7000
6532,259394.7000
6533,259394.7000
6534,259394.7000
6535,259394.7000
6536,259394.7000
6537,259394.7000
6538,259394.7000
6539,259394.7000
6540,259394.7000
6541,259394.7000
6542,259394.7000
6543,259394.7000
6544,259394.7000
6545,259394.7000
6546,259394.7000
6547,259394.7000
6548,259394.7000
6549,259394.7000
6550,259394.7000
6551,259394.7000
6552,259394.7000
6553,259394.7000
6554,259394.7000
6555,259394.7000
6556,259394.7000
6557,259394.7000
6558,259394.7000
6559,259394.7000
6560,259394.7000
6561,259394.7000
6562,259394.7000
6563,259394.7000
6564,259394.7000
6565,259394.7000
6566,259394.7000
6567,259394.7000
6568,259394.7000
6569,259394.7000
6570,259394.7000
6571,259394.7000
6572,259394.7000
6573,259394.7000
6574,259394.7000
6575,259394.7000
6576,259394.7000
6577,259394.7000
6578,259394.7000
6579,259394.7000
6580,259394.7000
6581,259394.7000
6582,259394.7000
6583,259394.7000
6584,259394.7000
6585,259394.7000
6586,259394.7000
6587,259394.7000
6588,259394.7000
6589,259394.7000
6590,259394.7000
6591,259394.7000
6592,259394.7000
6593,259394.7000
6594,259394.7000
6595,259394.7000
6596,259394.7000
6597,259394.7000
6598,259394.7000
6599,259394.7000
6600,259394.7000
6601,259394.7000
6602,259394.7000
6603,259394.7000
6604,259394.7000
6605,259394.7000
6606,259394.7000
6607,259394.7000
6608,259394.7000
6609,259394.7000
6610,259394.7000
6611,259394.7000
6612,259394.7000
6613,259394.7000
6614,259394.7000
6615,259394.7000
6616,259394.7000
6617,259394.7000
6618,259394.7000
6619,259394.7000
6620,259394.7000
6621,259394.7000
6622,259394.7000
6623,259394.7000
6624,259394.7000
6625,259394.7000
6626,259394.7000
6627,259394.7000
6628,259394.7000
6629,259394.7000
6630,259394.7000
6631,259394.7000
6632,259394.7000
6633,259394.7000
6634,259394.7000
6635,259394.7000
6636,259394.7000
6637,259394.7000
6638,259394.7000
6639,259394.7000
6640,259394.7000
6641,259394.7000
6642,259394.7000
6643,259394.7000
6644,259394.7000
6645,259394.7000
6646,259394.7000
6647,259394.7000
6648,259394.7000
6649,259394.7000
6650,259394.7000
6651,259394.7000
6652,259394.7000
6653,259394.7000
6654,259394.7000
6655,259394.7000
6656,259394.7000
6657,259394.7000
6658,259394.7000
6659,259394.7000
6660,259394.7000
6661,259394.7000
6662,259394.7000
6663,259394.7000
6664,259394.7000
6665,259394.7000
6666,259394.7000
6667,259394.7000
6668,259394.7000
6669,259394.7000
6670,259394.7000
6671,259394.7000
6672,259394.7000
6673,259394.7000
6674,259394.7000
6675,259394.7000
6676,259394.7000
6677,259394.7000
6678,259394.7000
6679,259394.7000
6680,259394.7000
6681,259394.7000
6682,259394.7000
6683,259394.7000
6684,259394.7000
6685,259394.7000
6686,259394.7000
6687,259394.7000
6688,259394.7000
6689,259394.7000
6690,259394.7000
6691,259394.7000
6692,259394.7000
6693,259394.7000
6694,259394.7000
6695,259394.7000
6696,259394.7000
6697,259394.7000
6698,259394.7000
6699,259394.7000
6700,259394.7000
6701,259394.7000
6702,259394.7000
6703,259394.7000
6704,259394.7000
6705,259394.7000
6706,259394.7000
6707,259394.7000
6708,259394.7000
6709,259394.7000
6710,259394.7000
6711,259394.7000
6712,259394.7000
6713,259394.7000
6714,259394.7000
6715,259394.7000
6716,259394.7000
6717,259394.7000
6718,259394.7000
6719,259394.7000
6720,259394.7000
6721,259394.7000
6722,259394.7000
6723,259394.7000
6724,259394.7000
6725,259394.7000
6726,259394.7000
6727,259394.7000
6728,259394.7000
6729,259394.7000
6730,259394.7000
6731,259394.7000
6732,259394.7000
6733,259394.7000
6734,259394.7000
6735,259394.7000
6736,259394.7000
6737,259394.7000
6738,259394.7000
6739,259394.7000
6740,259394.7000
6741,259394.7000
6742,259394.7000
6743,259394.7000
6744,259394.7000
6745,259394.7000
6746,259394.7000
6747,259394.7000
6748,259394.7000
6749,259394.7000
6750,259394.7000
6751,259394.7000
6752,259394.7000
6753,259394.7000
6754,259394.7000
6755,259394.7000
6756,259394.7000
6757,259394.7000
6758,259394.7000
6759,259394.7000
6760,259394.7000
6761,259394.7000
6762,259394.7000
6763,259394.7000
6764,259394.7000
6765,259394.7000
6766,259394.7000
6767,259394.7000
6768,259394.7000
6769,259394.7000
6770,259394.7000
6771,259394.7000
6772,259394.7000
6773,259394.7000
6774,259394.7000
6775,259394.7000
6776,259394.7000
6777,259394.7000
6778,259394.7000
6779,259394.7000
6780,259394.7000
6781,259394.7000
6782,259394.7000
6783,259394.7000
6784,259394.7000
6785,259394.7000
6786,259394.7000
6787,259394.7000
6788,259394.7000
6789,259394.7000
6790,259394.7000
6791,259394.7000
6792,259394.7000
6793,259394.7000
6794,259394.7000
6795,259394.7000
6796,259394.7000
6797,259394.7000
6798,259394.7000
6799,259394.7000
6800,259394.7000
6801,259394.7000
6802,259394.7000
6803,259394.7000
6804,259394.7000
6805,259394.7000
6806,259394.7000
6807,259394.7000
6808,259394.7000
6809,259394.7000
6810,259394.7000
6811,259394.7000
6812,259394.7000
6813,259394.7000
6814,259394.7000
6815,259394.7000
6816,259394.7000
6817,259394.7000
6818,259394.7000
6819,259394.7000
6820,259394.7000
6821,259394.7000
6822,259394.7000
6823,259394.7000
6824,259394.7000
6825,259394.7000
6826,259394.7000
6827,259394.7000
6828,259394.7000
6829,259394.7000
6830,259394.7000
6831,259394.7000
6832,259394.7000
6833,259394.7000
6834,259394.7000
6835,259394.7000
6836,259394.7000
6837,259394.7000
6838,259394.7000
6839,259394.7000
6840,259394.7000
6841,259394.7000
6842,259394.7000
6843,259394.7000
6844,259394.7000
6845,259394.7000
6846,259394.7000
6847,259394.7000
6848,259394.7000
6849,259394.7000
6850,259394.7000
6851,259394.7000
6852,259394.7000
6853,259394.7000
6854,259394.7000
6855,259394.7000
6856,259394.7000
6857,259394.7000
6858,259394.7000
6859,259394.7000
6860,259394.7000
6861,259394.7000
6862,259394.7000
6863,259394.7000
6864,259394.7000
6865,259394.7000
6866,259394.7000
6867,259394.7000
6868,259394.7000
6869,259394.7000
6870,259394.7000
6871,259394.7000
6872,259394.7000
6873,259394.7000
6874,259394.7000
6875,259394.7000
6876,259394.7000
6877,259394.7000
6878,259394.7000
6879,259394.7000
6880,259394.7000
6881,259394.7000
6882,259394.7000
6883,259394.7000
6884,259394.7000
6885,259394.7000
6886,259394.7000
6887,259394.7000
6888,259394.7000
6889,259394.7000
6890,259394.7000
6891,259394.7000
6892,259394.7000
6893,259394.7000
6894,259394.7000
6895,259394.7000
6896,259394.7000
6897,259394.7000
6898,259394.7000
6899,259394.7000
6900,259394.7000
6901,259394.7000
6902,259394.7000
6903,259394.7000
6904,259394.7000
6905,259394.7000
6906,259394.7000
6907,259394.7000
6908,259394.7000
6909,259394.7000
6910,259394.7000
6911,259394.7000
6912,259394.7000
6913,259394.7000
6914,259394.7000
6915,259394.7000
6916,259394.7000
6917,259394.7000
6918,259394.7000
6919,259394.7000
6920,259394.7000
6921,259394.7000
6922,259394.7000
6923,259394.7000
6924,259394.7000
6925,259394.7000
6926,259394.7000
6927,259394.7000
6928,259394.7000
6929,259394.7000
6930,259394.7000
6931,259394.7000
6932,259394.7000
6933,259394.7000
6934,259394.7000
6935,259394.7000
6936,259394.7000
6937,259394.7000
6938,259394.7000
6939,259394.7000
6940,259394.7000
6941,259394.7000
6942,259394.7000
6943,259394.7000
6944,259394.7000
6945,259394.7000
6946,259394.7000
6947,259394.7000
6948,259394.7000
6949,259394.7000
6950,259394.7000
6951,259394.7000
6952,259394.7000
6953,259394.7000
6954,259394.7000
6955,259394.7000
6956,259394.7000
6957,259394.7000
6958,259394.7000
6959,259394.7000
6960,259394.7000
6961,259394.7000
6962,259394.7000
6963,259394.7000
6964,259394.7000
6965,259394.7000
6966,259394.7000
6967,259394.7000
6968,259394.7000
6969,259394.7000
6970,259394.7000
6971,259394.7000
6972,259394.7000
6973,259394.7000
6974,259394.7000
6975,259394.7000
6976,259394.7000
6977,259394.7000
6978,259394.7000
6979,259394.7000
6980,259394.7000
6981,259394.7000
6982,259394.7000
6983,259394.7000
6984,259394.7000
6985,259394.7000
6986,259394.7000
6987,259394.7000
6988,259394.7000
6989,259394.7000
6990,259394.7000
6991,259394.7000
6992,259394.7000
6993,259394.7000
6994,259394.7000
6995,259394.7000
6996,259394.7000
6997,259394.7000
6998,259394.7000
6999,259394.7000
7000,259394.7000
7001,259394.7000
7002,259394.7000
7003,259394.7000
7004,259394.7000
7005,259394.7000
7006,259394.7000
7007,259394.7000
7008,259394.7000
7009,259394.7000
7010,259394.7000
7011,259394.7000
7012,259394.7000
7013,259394.7000
7014,259394.7000
7015,259394.7000
7016,259394.7000
7017,259394.7000
7018,259394.7000
7019,259394.7000
7020,259394.7000
7021,259394.7000
7022,259394.7000
7023,259394.7000
7024,259394.7000
7025,259394.7000
7026,259394.7000
7027,259394.7000
7028,259394.7000
7029,259394.7000
7030,259394.7000
7031,259394.7000
7032,259394.7000
7033,259394.7000
7034,259394.7000
7035,259394.7000
7036,259394.7000
7037,259394.7000
7038,259394.7000
7039,259394.7000
7040,259394.7000
7041,259394.7000
7042,259394.7000
7043,259394.7000
7044,259394.7000
7045,259394.7000
7046,259394.7000
7047,259394.7000
7048,259394.7000
7049,259394.7000
7050,259394.7000
7051,259394.7000
7052,259394.7000
7053,259394.7000
7054,259394.7000
7055,259394.7000
7056,259394.7000
7057,259394.7000
7058,259394.7000
7059,259394.7000
7060,259394.7000
7061,259394.7000
7062,259394.7000
7063,259394.7000
7064,259394.7000
7065,259394.7000
7066,259394.7000
7067,259394.7000
7068,259394.7000
7069,259394.7000
7070,259394.7000
7071,259394.7000
7072,259394.7000
7073,259394.7000
7074,259394.7000
7075,259394.7000
7076,259394.7000
7077,259394.7000
7078,259394.7000
7079,259394.7000
7080,259394.7000
7081,259394.7000
7082,259394.7000
7083,259394.7000
7084,259394.7000
7085,259394.7000
7086,259394.7000
7087,259394.7000
7088,259394.7000
7089,259394.7000
7090,259394.7000
7091,259394.7000
7092,259394.7000
7093,259394.7000
7094,259394.7000
7095,259394.7000
7096,259394.7000
7097,259394.7000
7098,259394.7000
7099,259394.7000
7100,259394.7000
7101,259394.7000
7102,259394.7000
7103,259394.7000
7104,259394.7000
7105,259394.7000
7106,259394.7000
7107,259394.7000
7108,259394.7000
7109,259394.7000
7110,259394.7000
7111,259394.7000
7112,259394.7000
7113,259394.7000
7114,259394.7000
7115,259394.7000
7116,259394.7000
7117,259394.7000
7118,259394.7000
7119,259394.7000
7120,259394.7000
7121,259394.7000
7122,259394.7000
7123,259394.7000
7124,259394.7000
7125,259394.7000
7126,259394.7000
7127,259394.7000
7128,259394.7000
7129,259394.7000
7130,259394.7000
7131,259394.7000
7132,259394.7000
7133,259394.7000
7134,259394.7000
7135,259394.7000
7136,259394.7000
7137,259394.7000
7138,259394.7000
7139,259394.7000
7140,259394.7000
7141,259394.7000
7142,259394.7000
7143,259394.7000
7144,259394.7000
7145,259394.7000
7146,259394.7000
7147,259394.7000
7148,259394.7000
7149,259394.7000
7150,259394.7000
7151,259394.7000
7152,259394.7000
7153,259394.7000
7154,259394.7000
7155,259394.7000
7156,259394.7000
7157,259394.7000
7158,259394.7000
7159,259394.7000
7160,259394.7000
7161,259394.7000
7162,259394.7000
7163,259394.7000
7164,259394.7000
7165,259394.7000
7166,259394.7000
7167,259394.7000
7168,259394.7000
7169,259394.7000
7170,259394.7000
7171,259394.7000
7172,259394.7000
7173,259394.7000
7174,259394.7000
7175,259394.7000
7176,259394.7000
7177,259394.7000
7178,259394.7000
7179,259394.7000
7180,259394.7000
7181,259394.7000
7182,259394.7000
7183,259394.7000
7184,259394.7000
7185,259394.7000
7186,259394.7000
7187,259394.7000
7188,259394.7000
7189,259394.7000
7190,259394.7000
7191,259394.7000
7192,259394.7000
7193,259394.7000
7194,259394.7000
7195,259394.7000
7196,259394.7000
7197,259394.7000
7198,259394.7000
7199,259394.7000
7200,259394.7000
7201,259394.7000
7202,259394.7000
7203,259394.7000
7204,259394.7000
7205,259394.7000
7206,259394.7000
7207,259394.7000
7208,259394.7000
7209,259394.7000
7210,259394.7000
7211,259394.7000
7212,259394.7000
7213,259394.7000
7214,259394.7000
7215,259394.7000
7216,259394.7000
7217,259394.7000
7218,259394.7000
7219,259394.7000
7220,259394.7000
7221,259394.7000
7222,259394.7000
7223,259394.7000
7224,259394.7000
7225,259394.7000
7226,259394.7000
7227,259394.7000
7228,259394.7000
7229,259394.7000
7230,259394.7000
7231,259394.7000
7232,259394.7000
7233,259394.7000
7234,259394.7000
7235,259394.7000
7236,259394.7000
7237,259394.7000
7238,259394.7000
7239,259394.7000
7240,259394.7000
7241,259394.7000
7242,259394.7000
7243,259394.7000
7244,259394.7000
7245,259394.7000
7246,259394.7000
7247,259394.7000
7248,259394.7000
7249,259394.7000
7250,259394.7000
7251,259394.7000
7252,259394.7000
7253,259394.7000
7254,259394.7000
7255,259394.7000
7256,259394.7000
7257,259394.7000
7258,259394.7000
7259,259394.7000
7260,259394.7000
7261,259394.7000
7262,259394.7000
7263,259394.7000
7264,259394.7000
7265,259394.7000
7266,259394.7000
7267,259394.7000
7268,259394.7000
7269,259394.7000
7270,259394.7000
7271,259394.7000
7272,259394.7000
7273,259394.7000
7274,259394.7000
7275,259394.7000
7276,259394.7000
7277,259394.7000
7278,259394.7000
7279,259394.7000
7280,259394.7000
7281,259394.7000
7282,259394.7000
7283,259394.7000
7284,259394.7000
7285,259394.7000
7286,259394.7000
7287,259394.7000
7288,259394.7000
7289,259394.7000
7290,259394.7000
7291,259394.7000
7292,259394.7000
7293,259394.7000
7294,259394.7000
7295,259394.7000
7296,259394.7000
7297,259394.7000
7298,259394.7000
7299,259394.7000
7300,259394.7000
7301,259394.7000
7302,259394.7000
7303,259394.7000
7304,259394.7000
7305,259394.7000
7306,259394.7000
7307,259394.7000
7308,259394.7000
7309,259394.7000
7310,259394.7000
7311,259394.7000
7312,259394.7000
7313,259394.7000
7314,259394.7000
7315,259394.7000
7316,259394.7000
7317,259394.7000
7318,259394.7000
7319,259394.7000
7320,259394.7000
7321,259394.7000
7322,259394.7000
7323,259394.7000
7324,259394.7000
7325,259394.7000
7326,259394.7000
7327,259394.7000
7328,259394.7000
7329,259394.7000
7330,259394.7000
7331,259394.7000
7332,259394.7000
7333,259394.7000
7334,259394.7000
7335,259394.7000
7336,259394.7000
7337,259394.7000
7338,259394.7000
7339,259394.7000
7340,259394.7000
7341,259394.7000
7342,259394.7000
7343,259394.7000
7344,259394.7000
7345,259394.7000
7346,259394.7000
7347,259394.7000
7348,259394.7000
7349,259394.7000
7350,259394.7000
7351,259394.7000
7352,259394.7000
7353,259394.7000
7354,259394.7000
7355,259394.7000
7356,259394.7000
7357,259394.7000
7358,259394.7000
7359,259394.7000
7360,259394.7000
7361,259394.7000
7362,259394.7000
7363,259394.7000
7364,259394.7000
7365,259394.7000
7366,259394.7000
7367,259394.7000
7368,259394.7000
7369,259394.7000
7370,259394.7000
7371,259394.7000
7372,259394.7000
7373,259394.7000
7374,259394.7000
7375,259394.7000
7376,259394.7000
7377,259394.7000
7378,259394.7000
7379,259394.7000
7380,259394.7000
7381,259394.7000
7382,259394.7000
7383,259394.7000
7384,259394.7000
7385,259394.7000
7386,259394.7000
7387,259394.7000
7388,259394.7000
7389,259394.7000
7390,259394.7000
7391,259394.7000
7392,259394.7000
7393,259394.7000
7394,259394.7000
7395,259394.7000
7396,259394.7000
7397,259394.7000
7398,259394.7000
7399,259394.7000
7400,259394.7000
7401,259394.7000
7402,259394.7000
7403,259394.7000
7404,259394.7000
7405,259394.7000
7406,259394.7000
7407,259394.7000
7408,259394.7000
7409,259394.7000
7410,259394.7000
7411,259394.7000
7412,259394.7000
7413,259394.7000
7414,259394.7000
7415,259394.7000
7416,259394.7000
7417,259394.7000
7418,259394.7000
7419,259394.7000
7420,259394.7000
7421,259394.7000
7422,259394.7000
7423,259394.7000
7424,259394.7000
7425,259394.7000
7426,259394.7000
7427,259394.7000
7428,259394.7000
7429,259394.7000
7430,259394.7000
7431,259394.7000
7432,259394.7000
7433,259394.7000
7434,259394.7000
7435,259394.7000
7436,259394.7000
7437,259394.7000
7438,259394.7000
7439,259394.7000
7440,259394.7000
7441,259394.7000
7442,259394.7000
7443,259394.7000
7444,259394.7000
7445,259394.7000
7446,259394.7000
7447,259394.7000
7448,259394.7000
7449,259394.7000
7450,259394.7000
7451,259394.7000
7452,259394.7000
7453,259394.7000
7454,259394.7000
7455,259394.7000
7456,259394.7000
7457,259394.7000
7458,259394.7000
7459,259394.7000
7460,259394.7000
7461,259394.7000
7462,259394.7000
7463,259394.7000
7464,259394.7000
7465,259394.7000
7466,259394.7000
7467,259394.7000
7468,259394.7000
7469,259394.7000
7470,259394.7000
7471,259394.7000
7472,259394.7000
7473,259394.7000
7474,259394.7000
7475,259394.7000
7476,259394.7000
7477,259394.7000
7478,259394.7000
7479,259394.7000
7480,259394.7000
7481,259394.7000
7482,259394.7000
7483,259394.7000
7484,259394.7000
7485,259394.7000
7486,259394.7000
7487,259394.7000
7488,259394.7000
7489,259394.7000
7490,259394.7000
7491,259394.7000
7492,259394.7000
7493,259394.7000
7494,259394.7000
7495,259394.7000
7496,259394.7000
7497,259394.7000
7498,259394.7000
7499,259394.7000
7500,259394.7000
7501,259394.7000
7502,259394.7000
7503,259394.7000
7504,259394.7000
7505,259394.7000
7506,259394.7000
7507,259394.7000
7508,259394.7000
7509,259394.7000
7510,259394.7000
7511,259394.7000
7512,259394.7000
7513,259394.7000
7514,259394.7000
7515,259394.7000
7516,259394.7000
7517,259394.7000
7518,259394.7000
7519,259394.7000
7520,259394.7000
7521,259394.7000
7522,259394.7000
7523,259394.7000
7524,259394.7000
7525,259394.7000
7526,259394.7000
7527,259394.7000
7528,259394.7000
7529,259394.7000
7530,259394.7000
7531,259394.7000
7532,259394.7000
7533,259394.7000
7534,259394.7000
7535,259394.7000
7536,259394.7000
7537,259394.7000
7538,259394.7000
7539,259394.7000
7540,259394.7000
7541,259394.7000
7542,259394.7000
7543,259394.7000
7544,259394.7000
7545,259394.7000
7546,259394.7000
7547,259394.7000
7548,259394.7000
7549,259394.7000
7550,259394.7000
7551,259394.7000
7552,259394.7000
7553,259394.7000
7554,259394.7000
7555,259394.7000
7556,259394.7000
7557,259394.7000
7558,259394.7000
7559,259394.7000
7560,259394.7000
7561,259394.7000
7562,259394.7000
7563,259394.7000
7564,259394.7000
7565,259394.7000
7566,259394.7000
7567,259394.7000
7568,259394.7000
7569,259394.7000
7570,259394.7000
7571,259394.7000
7572,259394.7000
7573,259394.7000
7574,259394.7000
7575,259394.7000
7576,259394.7000
7577,259394.7000
7578,259394.7000
7579,259394.7000
7580,259394.7000
7581,259394.7000
7582,259394.7000
7583,259394.7000
7584,259394.7000
7585,259394.7000
7586,259394.7000
7587,259394.7000
7588,259394.7000
7589,259394.7000
7590,259394.7000
7591,259394.7000
7592,259394.7000
7593,259394.7000
7594,259394.7000
7595,259394.7000
7596,259394.7000
7597,259394.7000
7598,259394.7000
7599,259394.7000
7600,259394.7000
7601,259394.7000
7602,259394.7000
7603,259394.7000
7604,259394.7000
7605,259394.7000
7606,259394.7000
7607,259394.7000
7608,259394.7000
7609,259394.7000
7610,259394.7000
7611,259394.7000
7612,259394.7000
7613,259394.7000
7614,259394.7000
7615,259394.7000
7616,259394.7000
7617,259394.7000
7618,259394.7000
7619,259394.7000
7620,259394.7000
7621,259394.7000
7622,259394.7000
7623,259394.7000
7624,259394.7000
7625,259394.7000
7626,259394.7000
7627,259394.7000
7628,259394.7000
7629,259394.7000
7630,259394.7000
7631,259394.7000
7632,259394.7000
7633,259394.7000
7634,259394.7000
7635,259394.7000
7636,259394.7000
7637,259394.7000
7638,259394.7000
7639,259394.7000
7640,259394.7000
7641,259394.7000
7642,259394.7000
7643,259394.7000
7644,259394.7000
7645,259394.7000
7646,259394.7000
7647,259394.7000
7648,259394.7000
7649,259394.7000
7650,259394.7000
7651,259394.7000
7652,259394.7000
7653,259394.7000
7654,259394.7000
7655,259394.7000
7656,259394.7000
7657,259394.7000
7658,259394.7000
7659,259394.7000
7660,259394.7000
7661,259394.7000
7662,259394.7000
7663,259394.7000
7664,259394.7000
7665,259394.7000
7666,259394.7000
7667,259394.7000
7668,259394.7000
7669,259394.7000
7670,259394.7000
7671,259394.7000
7672,259394.7000
7673,259394.7000
7674,259394.7000
7675,259394.7000
7676,259394.7000
7677,259394.7000
7678,259394.7000
7679,259394.7000
7680,259394.7000
7681,259394.7000
7682,259394.7000
7683,259394.7000
7684,259394.7000
7685,259394.7000
7686,259394.7000
7687,259394.7000
7688,259394.7000
7689,259394.7000
7690,259394.7000
7691,259394.7000
7692,259394.7000
7693,259394.7000
7694,259394.7000
7695,259394.7000
7696,259394.7000
7697,259394.7000
7698,259394.7000
7699,259394.7000
7700,259394.7000
7701,259394.7000
7702,259394.7000
7703,259394.7000
7704,259394.7000
7705,259394.7000
7706,259394.7000
7707,259394.7000
7708,259394.7000
7709,259394.7000
7710,259394.7000
7711,259394.7000
7712,259394.7000
7713,259394.7000
7714,259394.7000
7715,259394.7000
7716,259394.7000
7717,259394.7000
7718,259394.7000
7719,259394.7000
7720,259394.7000
7721,259394.7000
7722,259394.7000
7723,259394.7000
7724,259394.7000
7725,259394.7000
7726,259394.7000
7727,259394.7000
7728,259394.7000
7729,259394.7000
7730,259394.7000
7731,259394.7000
7732,259394.7000
7733,259394.7000
7734,259394.7000
7735,259394.7000
7736,259394.7000
7737,259394.7000
7738,259394.7000
7739,259394.7000
7740,259394.7000
7741,259394.7000
7742,259394.7000
7743,259394.7000
7744,259394.7000
7745,259394.7000
7746,259394.7000
7747,259394.7000
7748,259394.7000
7749,259394.7000
7750,259394.7000
7751,259394.7000
7752,259394.7000
7753,259394.7000
7754,259394.7000
7755,259394.7000
7756,259394.7000
7757,259394.7000
7758,259394.7000
7759,259394.7000
7760,259394.7000
7761,259394.7000
7762,259394.7000
7763,259394.7000
7764,259394.7000
7765,259394.7000
7766,259394.7000
7767,259394.7000
7768,259394.7000
7769,259394.7000
7770,259394.7000
7771,259394.7000
7772,259394.7000
7773,259394.7000
7774,259394.7000
7775,259394.7000
7776,259394.7000
7777,259394.7000
7778,259394.7000
7779,259394.7000
7780,259394.7000
7781,259394.7000
7782,259394.7000
7783,259394.7000
7784,259394.7000
7785,259394.7000
7786,259394.7000
7787,259394.7000
7788,259394.7000
7789,259394.7000
7790,259394.7000
7791,259394.7000
7792,259394.7000
7793,259394.7000
7794,259394.7000
7795,259394.7000
7796,259394.7000
7797,259394.7000
7798,259394.7000
7799,259394.7000
7800,259394.7000
7801,259394.7000
7802,259394.7000
7803,259394.7000
7804,259394.7000
7805,259394.7000
7806,259394.7000
7807,259394.7000
7808,259394.7000
7809,259394.7000
7810,259394.7000
7811,259394.7000
7812,259394.7000
7813,259394.7000
7814,259394.7000
7815,259394.7000
7816,259394.7000
7817,259394.7000
7818,259394.7000
7819,259394.7000
7820,259394.7000
7821,259394.7000
7822,259394.7000
7823,259394.7000
7824,259394.7000
7825,259394.7000
7826,259394.7000
7827,259394.7000
7828,259394.7000
7829,259394.7000
7830,259394.7000
7831,259394.7000
7832,259394.7000
7833,259394.7000
7834,259394.7000
7835,259394.7000
7836,259394.7000
7837,259394.7000
7838,259394.7000
7839,259394.7000
7840,259394.7000
7841,259394.7000
7842,259394.7000
7843,259394.7000
7844,259394.7000
7845,259394.7000
7846,259394.7000
7847,259394.7000
7848,259394.7000
7849,259394.7000
7850,259394.7000
7851,259394.7000
7852,259394.7000
7853,259394.7000
7854,259394.7000
7855,259394.7000
7856,259394.7000
7857,259394.7000
7858,259394.7000
7859,259394.7000
7860,259394.7000
7861,259394.7000
7862,259394.7000
7863,259394.7000
7864,259394.7000
7865,259394.7000
7866,259394.7000
7867,259394.7000
7868,259394.7000
7869,259394.7000
7870,259394.7000
7871,259394.7000
7872,259394.7000
7873,259394.7000
7874,259394.7000
7875,259394.7000
7876,259394.7000
7877,259394.7000
7878,259394.7000
7879,259394.7000
7880,259394.7000
7881,259394.7000
7882,259394.7000
7883,259394.7000
7884,259394.7000
7885,259394.7000
7886,259394.7000
7887,259394.7000
7888,259394.7000
7889,259394.7000
7890,259394.7000
7891,259394.7000
7892,259394.7000
7893,259394.7000
7894,259394.7000
7895,259394.7000
7896,259394.7000
7897,259394.7000
7898,259394.7000
7899,259394.7000
7900,259394.7000
7901,259394.7000
7902,259394.7000
7903,259394.7000
7904,259394.7000
7905,259394.7000
7906,259394.7000
7907,259394.7000
7908,259394.7000
7909,259394.7000
7910,259394.7000
7911,259394.7000
7912,259394.7000
7913,259394.7000
7914,259394.7000
7915,259394.7000
7916,259394.7000
7917,259394.7000
7918,259394.7000
7919,259394.7000
7920,259394.7000
7921,259394.7000
7922,259394.7000
7923,259394.7000
7924,259394.7000
7925,259394.7000
7926,259394.7000
7927,259394.7000
7928,259394.7000
7929,259394.7000
7930,259394.7000
7931,259394.7000
7932,259394.7000
7933,259394.7000
7934,259394.7000
7935,259394.7000
7936,259394.7000
7937,259394.7000
7938,259394.7000
7939,259394.7000
7940,259394.7000
7941,259394.7000
7942,259394.7000
7943,259394.7000
7944,259394.7000
7945,259394.7000
7946,259394.7000
7947,259394.7000
7948,259394.7000
7949,259394.7000
7950,259394.7000
7951,259394.7000
7952,259394.7000
7953,259394.7000
7954,259394.7000
7955,259394.7000
7956,259394.7000
7957,259394.7000
7958,259394.7000
7959,259394.7000
7960,259394.7000
7961,259394.7000
7962,259394.7000
7963,259394.7000
7964,259394.7000
7965,259394.7000
7966,259394.7000
7967,259394.7000
7968,259394.7000
7969,259394.7000
7970,259394.7000
7971,259394.7000
7972,259394.7000
7973,259394.7000
7974,259394.7000
7975,259394.7000
7976,259394.7000
7977,259394.7000
7978,259394.7000
7979,259394.7000
7980,259394.7000
7981,259394.7000
7982,259394.7000
7983,259394.7000
7984,259394.7000
7985,259394.7000
7986,259394.7000
7987,259394.7000
7988,259394.7000
7989,259394.7000
7990,259394.7000
7991,259394.7000
7992,259394.7000
7993,259394.7000
7994,259394.7000
7995,259394.7000
7996,259394.7000
7997,259394.7000
7998,259394.7000
7999,259394.7000
8000,259394.7000
8001,259394.7000
8002,259394.7000
8003,259394.7000
8004,259394.7000
8005,259394.7000
8006,259394.7000
8007,259394.7000
8008,259394.7000
8009,259394.7000
8010,259394.7000
8011,259394.7000
8012,259394.7000
8013,259394.7000
8014,259394.7000
8015,259394.7000
8016,259394.7000
8017,259394.7000
8018,259394.7000
8019,259394.7000
8020,259394.7000
8021,259394.7000
8022,259394.7000
8023,259394.7000
8024,259394.7000
8025,259394.7000
8026,259394.7000
8027,259394.7000
8028,259394.7000
8029,259394.7000
8030,259394.7000
8031,259394.7000
8032,259394.7000
8033,259394.7000
8034,259394.7000
8035,259394.7000
8036,259394.7000
8037,259394.7000
8038,259394.7000
8039,259394.7000
8040,259394.7000
8041,259394.7000
8042,259394.7000
8043,259394.7000
8044,259394.7000
8045,259394.7000
8046,259394.7000
8047,259394.7000
8048,259394.7000
8049,259394.7000
8050,259394.7000
8051,259394.7000
8052,259394.7000
8053,259394.7000
8054,259394.7000
8055,259095.9000
8056,259095.9000
8057,259095.9000
8058,259095.9000
8059,259095.9000
8060,259095.9000
8061,259095.9000
8062,259095.9000
8063,259095.9000
8064,259095.9000
8065,259095.9000
8066,259095.9000
8067,259095.9000
8068,259095.9000
8069,259095.9000
8070,259095.9000
8071,259095.9000
8072,259095.9000
8073,259095.9000
8074,259095.9000
8075,259095.9000
8076,259095.9000
8077,259095.9000
8078,259095.9000
8079,259095.9000
8080,259095.9000
8081,259095.9000
8082,259095.9000
8083,259095.9000
8084,259095.9000
8085,259095.9000
8086,259095.9000
8087,259095.9000
8088,259095.9000
8089,259095.9000
8090,259095.9000
8091,259095.9000
8092,259095.9000
8093,259095.9000
8094,259095.9000
8095,259095.9000
8096,259095.9000
8097,259095.9000
8098,259095.9000
8099,259095.9000
8100,259095.9000
8101,259095.9000
8102,259095.9000
8103,259095.9000
8104,259095.9000
8105,259095.9000
8106,259095.9000
8107,259095.9000
8108,259095.9000
8109,259095.9000
8110,259095.9000
8111,259095.9000
8112,259095.9000
8113,259095.9000
8114,259095.9000
8115,259095.9000
8116,259095.9000
8117,259095.9000
8118,259095.9000
8119,259095.9000
8120,259095.9000
8121,259095.9000
8122,259095.9000
8123,259095.9000
8124,259095.9000
8125,259095.9000
8126,259095.9000
8127,259095.9000
8128,259095.9000
8129,259095.9000
8130,259095.9000
8131,259095.9000
8132,259095.9000
8133,259095.9000
8134,259095.9000
8135,259095.9000
8136,259095.9000
8137,259095.9000
8138,259095.9000
8139,259095.9000
8140,259095.9000
8141,259095.9000
8142,259095.9000
8143,259095.9000
8144,259095.9000
8145,259095.9000
8146,259095.9000
8147,259095.9000
8148,259095.9000
8149,259095.9000
8150,259095.9000
8151,259095.9000
8152,259095.9000
8153,259095.9000
8154,259095.9000
8155,259095.9000
8156,259095.9000
8157,259095.9000
8158,259095.9000
8159,259095.9000
8160,259095.9000
8161,259095.9000
8162,259095.9000
8163,259095.9000
8164,259095.9000
8165,259095.9000
8166,259095.9000
8167,259095.9000
8168,259095.9000
8169,259095.9000
8170,259095.9000
8171,259095.9000
8172,259095.9000
8173,259095.9000
8174,259095.9000
8175,259095.9000
8176,259095.9000
8177,259095.9000
8178,259095.9000
8179,259095.9000
8180,259095.9000
8181,259095.9000
8182,259095.9000
8183,259095.9000
8184,259095.9000
8185,259095.9000
8186,259095.9000
8187,259095.9000
8188,259095.9000
8189,259095.9000
8190,259095.9000
8191,259095.9000
8192,259095.9000
8193,259095.9000
8194,259095.9000
8195,259095.9000
8196,259095.9000
8197,259095.9000
8198,259095.9000
8199,259095.9000
8200,259095.9000
8201,259095.9000
8202,259095.9000
8203,259095.9000
8204,259095.9000
8205,259095.9000
8206,259095.9000
8207,259095.9000
8208,259095.9000
8209,259095.9000
8210,259095.9000
8211,259095.9000
8212,259095.9000
8213,259095.9000
8214,259095.9000
8215,259095.9000
8216,259095.9000
8217,259095.9000
8218,259095.9000
8219,259095.9000
8220,259095.9000
8221,259095.9000
8222,259095.9000
8223,259095.9000
8224,259095.9000
8225,259095.9000
8226,259095.9000
8227,259095.9000
8228,259095.9000
8229,259095.9000
8230,259095.9000
8231,259095.9000
8232,259095.9000
8233,259095.9000
8234,259095.9000
8235,259095.9000
8236,259095.9000
8237,259095.9000
8238,259095.9000
8239,259095.9000
8240,259095.9000
8241,259095.9000
8242,259095.9000
8243,259095.9000
8244,259095.9000
8245,259095.9000
8246,259095.9000
8247,259095.9000
8248,259095.9000
8249,259095.9000
8250,259095.9000
8251,259095.9000
8252,259095.9000
8253,259095.9000
8254,259095.9000
8255,259095.9000
8256,259095.9000
8257,259095.9000
8258,259095.9000
8259,259095.9000
8260,259095.9000
8261,259095.9000
8262,259095.9000
8263,259095.9000
8264,259095.9000
8265,259095.9000
8266,259095.9000
8267,259095.9000
8268,259095.9000
8269,259095.9000
8270,259095.9000
8271,259095.9000
8272,259095.9000
8273,259095.9000
8274,259095.9000
8275,259095.9000
8276,259095.9000
8277,259095.9000
8278,259095.9000
8279,259095.9000
8280,259095.9000
8281,259095.9000
8282,259095.9000
8283,259095.9000
8284,259095.9000
8285,259095.9000
8286,259095.9000
8287,259095.9000
8288,259095.9000
8289,259095.9000
8290,259095.9000
8291,259095.9000
8292,259095.9000
8293,259095.9000
8294,259095.9000
8295,259095.9000
8296,259095.9000
8297,259095.9000
8298,259095.9000
8299,259095.9000
8300,259095.9000
8301,259095.9000
8302,259095.9000
8303,259095.9000
8304,259095.9000
8305,259095.9000
8306,259095.9000
8307,259095.9000
8308,259095.9000
8309,259095.9000
8310,259095.9000
8311,259095.9000
8312,259095.9000
8313,259095.9000
8314,259095.9000
8315,259095.9000
8316,259095.9000
8317,259095.9000
8318,259095.9000
8319,259095.9000
8320,259095.9000
8321,259095.9000
8322,259095.9000
8323,259095.9000
8324,259095.9000
8325,259095.9000
8326,259095.9000
8327,259095.9000
8328,259095.9000
8329,259095.9000
8330,259095.9000
8331,259095.9000
8332,259095.9000
8333,259095.9000
8334,259095.9000
8335,259095.9000
8336,259095.9000
8337,259095.9000
8338,259095.9000
8339,259095.9000
8340,259095.9000
8341,259095.9000
8342,259095.9000
8343,259095.9000
8344,259095.9000
8345,259095.9000
8346,259095.9000
8347,259095.9000
8348,259095.9000
8349,259095.9000
8350,259095.9000
8351,259095.9000
8352,259095.9000
8353,259095.9000
8354,259095.9000
8355,259095.9000
8356,259095.9000
8357,259095.9000
8358,259095.9000
8359,259095.9000
8360,259095.9000
8361,259095.9000
8362,259095.9000
8363,259095.9000
8364,259095.9000
8365,259095.9000
8366,259095.9000
8367,259095.9000
8368,259095.9000
8369,259095.9000
8370,259095.9000
8371,259095.9000
8372,259095.9000
8373,259095.9000
8374,259095.9000
8375,259095.9000
8376,259095.9000
8377,259095.9000
8378,259095.9000
8379,259095.9000
8380,259095.9000
8381,259095.9000
8382,259095.9000
8383,259095.9000
8384,259095.9000
8385,259095.9000
8386,259095.9000
8387,259095.9000
8388,259095.9000
8389,259095.9000
8390,259095.9000
8391,259095.9000
8392,259095.9000
8393,259095.9000
8394,259095.9000
8395,259095.9000
8396,259095.9000
8397,259095.9000
8398,259095.9000
8399,259095.9000
8400,259095.9000
8401,259095.9000
8402,259095.9000
8403,259095.9000
8404,259095.9000
8405,259095.9000
8406,259095.9000
8407,259095.9000
8408,259095.9000
8409,259095.9000
8410,259095.9000
8411,259095.9000
8412,259095.9000
8413,259095.9000
8414,259095.9000
8415,259095.9000
8416,259095.9000
8417,259095.9000
8418,259095.9000
8419,259095.9000
8420,259095.9000
8421,259095.9000
8422,259095.9000
8423,259095.9000
8424,259095.9000
8425,259095.9000
8426,259095.9000
8427,259095.9000
8428,259095.9000
8429,259095.9000
8430,259095.9000
8431,259095.9000
8432,259095.9000
8433,259095.9000
8434,259095.9000
8435,259095.9000
8436,259095.9000
8437,259095.9000
8438,259095.9000
8439,259095.9000
8440,259095.9000
8441,259095.9000
8442,259095.9000
8443,259095.9000
8444,259095.9000
8445,259095.9000
8446,259095.9000
8447,259095.9000
8448,259095.9000
8449,259095.9000
8450,259095.9000
8451,259095.9000
8452,259095.9000
8453,259095.9000
8454,259095.9000
8455,259095.9000
8456,259095.9000
8457,259095.9000
8458,259095.9000
8459,259095.9000
8460,259095.9000
8461,259095.9000
8462,259095.9000
8463,259095.9000
8464,259095.9000
8465,259095.9000
8466,259095.9000
8467,259095.9000
8468,259095.9000
8469,259095.9000
8470,259095.9000
8471,259095.9000
8472,259095.9000
8473,259095.9000
8474,259095.9000
8475,259095.9000
8476,259095.9000
8477,259095.9000
8478,259095.9000
8479,259095.9000
8480,259095.9000
8481,259095.9000
8482,259095.9000
8483,259095.9000
8484,259095.9000
8485,259095.9000
8486,259095.9000
8487,259095.9000
8488,259095.9000
8489,259095.9000
8490,259095.9000
8491,259095.9000
8492,259095.9000
8493,259095.9000
8494,259095.9000
8495,259095.9000
8496,259095.9000
8497,259095.9000
8498,259095.9000
8499,259095.9000
8500,259095.9000
8501,259095.9000
8502,259095.9000
8503,259095.9000
8504,259095.9000
8505,259095.9000
8506,259095.9000
8507,259095.9000
8508,259095.9000
8509,259095.9000
8510,259095.9000
8511,259095.9000
8512,259095.9000
8513,259095.9000
8514,259095.9000
8515,259095.9000
8516,259095.9000
8517,259095.9000
8518,259095.9000
8519,259095.9000
8520,259095.9000
8521,259095.9000
8522,259095.9000
8523,259095.9000
8524,259095.9000
8525,259095.9000
8526,259095.9000
8527,259095.9000
8528,259095.9000
8529,259095.9000
8530,259095.9000
8531,259095.9000
8532,259095.9000
8533,259095.9000
8534,259095.9000
8535,259095.9000
8536,259095.9000
8537,259095.9000
8538,259095.9000
8539,259095.9000
8540,259095.9000
8541,259095.9000
8542,259095.9000
8543,259095.9000
8544,259095.9000
8545,259095.9000
8546,259095.9000
8547,259095.9000
8548,259095.9000
8549,259095.9000
8550,259095.9000
8551,259095.9000
8552,259095.9000
8553,259095.9000
8554,259095.9000
8555,259095.9000
8556,259095.9000
8557,259095.9000
8558,259095.9000
8559,259095.9000
8560,259095.9000
8561,259095.9000
8562,259095.9000
8563,259095.9000
8564,259095.9000
8565,259095.9000
8566,259095.9000
8567,259095.9000
8568,259095.9000
8569,259095.9000
8570,259095.9000
8571,259095.9000
8572,259095.9000
8573,259095.9000
8574,259095.9000
8575,259095.9000
8576,259095.9000
8577,259095.9000
8578,259095.9000
8579,259095.9000
8580,259095.9000
8581,259095.9000
8582,259095.9000
8583,259095.9000
8584,259095.9000
8585,259095.9000
8586,259095.9000
8587,259095.9000
8588,259095.9000
8589,259095.9000
8590,259095.9000
8591,259095.9000
8592,259095.9000
8593,259095.9000
8594,259095.9000
8595,259095.9000
8596,259095.9000
8597,259095.9000
8598,259095.9000
8599,259095.9000
8600,259095.9000
8601,259095.9000
8602,259095.9000
8603,259095.9000
8604,259095.9000
8605,259095.9000
8606,259095.9000
8607,259095.9000
8608,259095.9000
8609,259095.9000
8610,259095.9000
8611,259095.9000
8612,259095.9000
8613,259095.9000
8614,259095.9000
8615,259095.9000
8616,259095.9000
8617,259095.9000
8618,259095.9000
8619,259095.9000
8620,259095.9000
8621,259095.9000
8622,259095.9000
8623,259095.9000
8624,259095.9000
8625,259095.9000
8626,259095.9000
8627,259095.9000
8628,259095.9000
8629,259095.9000
8630,259095.9000
8631,259095.9000
8632,259095.9000
8633,259095.9000
8634,259095.9000
8635,259095.9000
8636,259095.9000
8637,259095.9000
8638,259095.9000
8639,259095.9000
8640,259095.9000
8641,259095.9000
8642,259095.9000
8643,259095.9000
8644,259095.9000
8645,259095.9000
8646,259095.9000
8647,259095.9000
8648,259095.9000
8649,259095.9000
8650,259095.9000
8651,259095.9000
8652,259095.9000
8653,259095.9000
8654,259095.9000
8655,259095.9000
8656,259095.9000
8657,259095.9000
8658,259095.9000
8659,259095.9000
8660,259095.9000
8661,259095.9000
8662,259095.9000
8663,259095.9000
8664,259095.9000
8665,259095.9000
8666,259095.9000
8667,259095.9000
8668,259095.9000
8669,259095.9000
8670,259095.9000
8671,259095.9000
8672,259095.9000
8673,259095.9000
8674,259095.9000
8675,259095.9000
8676,259095.9000
8677,259095.9000
8678,259095.9000
8679,259095.9000
8680,259095.9000
8681,259095.9000
8682,259095.9000
8683,259095.9000
8684,259095.9000
8685,259095.9000
8686,259095.9000
8687,259095.9000
8688,259095.9000
8689,259095.9000
8690,259095.9000
8691,259095.9000
8692,259095.9000
8693,259095.9000
8694,259095.9000
8695,259095.9000
8696,259095.9000
8697,259095.9000
8698,259095.9000
8699,259095.9000
8700,259095.9000
8701,259095.9000
8702,259095.9000
8703,259095.9000
8704,259095.9000
8705,259095.9000
8706,259095.9000
8707,259095.9000
8708,259095.9000
8709,259095.9000
8710,259095.9000
8711,259095.9000
8712,259095.9000
8713,259095.9000
8714,259095.9000
8715,259095.9000
8716,259095.9000
8717,259095.9000
8718,259095.9000
8719,259095.9000
8720,259095.9000
8721,259095.9000
8722,259095.9000
8723,259095.9000
8724,259095.9000
8725,259095.9000
8726,259095.9000
8727,259095.9000
8728,259095.9000
8729,259095.9000
8730,259095.9000
8731,259095.9000
8732,259095.9000
8733,259095.9000
8734,259095.9000
8735,259095.9000
8736,259095.9000
8737,259095.9000
8738,259095.9000
8739,259095.9000
8740,259095.9000
8741,259095.9000
8742,259095.9000
8743,259095.9000
8744,259095.9000
8745,259095.9000
8746,259095.9000
8747,259095.9000
8748,259095.9000
8749,259095.9000
8750,259095.9000
8751,259095.9000
8752,259095.9000
8753,259095.9000
8754,259095.9000
8755,259095.9000
8756,259095.9000
8757,259095.9000
8758,259095.9000
8759,259095.9000
8760,259095.9000
8761,259095.9000
8762,259095.9000
8763,259095.9000
8764,259095.9000
8765,259095.9000
8766,259095.9000
8767,259095.9000
8768,259095.9000
8769,259095.9000
8770,259095.9000
8771,259095.9000
8772,259095.9000
8773,259095.9000
8774,259095.9000
8775,259095.9000
8776,259095.9000
8777,259095.9000
8778,259095.9000
8779,259095.9000
8780,259095.9000
8781,259095.9000
8782,259095.9000
8783,259095.9000
8784,259095.9000
8785,259095.9000
8786,259095.9000
8787,259095.9000
8788,259095.9000
8789,259095.9000
8790,259095.9000
8791,259095.9000
8792,259095.9000
8793,259095.9000
8794,259095.9000
8795,259095.9000
8796,259095.9000
8797,259095.9000
8798,259095.9000
8799,259095.9000
8800,259095.9000
8801,259095.9000
8802,259095.9000
8803,259095.9000
8804,259095.9000
8805,259095.9000
8806,259095.9000
8807,259095.9000
8808,259095.9000
8809,259095.9000
8810,259095.9000
8811,259095.9000
8812,259095.9000
8813,259095.9000
8814,259095.9000
8815,259095.9000
8816,259095.9000
8817,259095.9000
8818,259095.9000
8819,259095.9000
8820,259095.9000
8821,259095.9000
8822,259095.9000
8823,259095.9000
8824,259095.9000
8825,259095.9000
8826,259095.9000
8827,259095.9000
8828,259095.9000
8829,259095.9000
8830,259095.9000
8831,259095.9000
8832,259095.9000
8833,259095.9000
8834,259095.9000
8835,259095.9000
8836,259095.9000
8837,259095.9000
8838,259095.9000
8839,259095.9000
8840,259095.9000
8841,259095.9000
8842,259095.9000
8843,259095.9000
8844,259095.9000
8845,259095.9000
8846,259095.9000
8847,259095.9000
8848,259095.9000
8849,259095.9000
8850,259095.9000
8851,259095.9000
8852,259095.9000
8853,259095.9000
8854,259095.9000
8855,259095.9000
8856,259095.9000
8857,259095.9000
8858,259095.9000
8859,259095.9000
8860,259095.9000
8861,259095.9000
8862,259095.9000
8863,259095.9000
8864,259095.9000
8865,259095.9000
8866,259095.9000
8867,259095.9000
8868,259095.9000
8869,259095.9000
8870,259095.9000
8871,259095.9000
8872,259095.9000
8873,259095.9000
8874,259095.9000
8875,259095.9000
8876,259095.9000
8877,259095.9000
8878,259095.9000
8879,259095.9000
8880,259095.9000
8881,259095.9000
8882,259095.9000
8883,259095.9000
8884,259095.9000
8885,259095.9000
8886,259095.9000
8887,259095.9000
8888,259095.9000
8889,259095.9000
8890,259095.9000
8891,259095.9000
8892,259095.9000
8893,259095.9000
8894,259095.9000
8895,259095.9000
8896,259095.9000
8897,259095.9000
8898,259095.9000
8899,259095.9000
8900,259095.9000
8901,259095.9000
8902,259095.9000
8903,259095.9000
8904,259095.9000
8905,259095.9000
8906,259095.9000
8907,259095.9000
8908,259095.9000
8909,259095.9000
8910,259095.9000
8911,259095.9000
8912,259095.9000
8913,259095.9000
8914,259095.9000
8915,259095.9000
8916,259095.9000
8917,259095.9000
8918,259095.9000
8919,259095.9000
8920,259095.9000
8921,259095.9000
8922,259095.9000
8923,259095.9000
8924,259095.9000
8925,259095.9000
8926,259095.9000
8927,259095.9000
8928,259095.9000
8929,259095.9000
8930,259095.9000
8931,259095.9000
8932,259095.9000
8933,259095.9000
8934,259095.9000
8935,259095.9000
8936,259095.9000
8937,259095.9000
8938,259095.9000
8939,259095.9000
8940,259095.9000
8941,259095.9000
8942,259095.9000
8943,259095.9000
8944,259095.9000
8945,259095.9000
8946,259095.9000
8947,259095.9000
8948,259095.9000
8949,259095.9000
8950,259095.9000
8951,259095.9000
8952,259095.9000
8953,259095.9000
8954,259095.9000
8955,259095.9000
8956,259095.9000
8957,259095.9000
8958,259095.9000
8959,259095.9000
8960,259095.9000
8961,259095.9000
8962,259095.9000
8963,259095.9000
8964,259095.9000
8965,259095.9000
8966,259095.9000
8967,259095.9000
8968,259095.9000
8969,259095.9000
8970,259095.9000
8971,259095.9000
8972,259095.9000
8973,259095.9000
8974,259095.9000
8975,259095.9000
8976,259095.9000
8977,259095.9000
8978,259095.9000
8979,259095.9000
8980,259095.9000
8981,259095.9000
8982,259095.9000
8983,259095.9000
8984,259095.9000
8985,259095.9000
8986,259095.9000
8987,259095.9000
8988,259095.9000
8989,259095.9000
8990,259095.9000
8991,259095.9000
8992,259095.9000
8993,259095.9000
8994,259095.9000
8995,259095.9000
8996,259095.9000
8997,259095.9000
8998,259095.9000
8999,259095.9000
9000,259095.9000
9001,259095.9000
9002,259095.9000
9003,259095.9000
9004,259095.9000
9005,259095.9000
9006,259095.9000
9007,259095.9000
9008,259095.9000
9009,259095.9000
9010,259095.9000
9011,259095.9000
9012,259095.9000
9013,259095.9000
9014,259095.9000
9015,259095.9000
9016,259095.9000
9017,259095.9000
9018,259095.9000
9019,259095.9000
9020,259095.9000
9021,259095.9000
9022,259095.9000
9023,259095.9000
9024,259095.9000
9025,259095.9000
9026,259095.9000
9027,259095.9000
9028,259095.9000
9029,259095.9000
9030,259095.9000
9031,259095.9000
9032,259095.9000
9033,259095.9000
9034,259095.9000
9035,259095.9000
9036,259095.9000
9037,259095.9000
9038,259095.9000
9039,259095.9000
9040,259095.9000
9041,259095.9000
9042,259095.9000
9043,259095.9000
9044,259095.9000
9045,259095.9000
9046,259095.9000
9047,259095.9000
9048,259095.9000
9049,259095.9000
9050,259095.9000
9051,259095.9000
9052,259095.9000
9053,259095.9000
9054,259095.9000
9055,259095.9000
9056,259095.9000
9057,259095.9000
9058,259095.9000
9059,259095.9000
9060,259095.9000
9061,259095.9000
9062,259095.9000
9063,259095.9000
9064,259095.9000
9065,259095.9000
9066,259095.9000
9067,259095.9000
9068,259095.9000
9069,259095.9000
9070,259095.9000
9071,259095.9000
9072,259095.9000
9073,259095.9000
9074,259095.9000
9075,259095.9000
9076,259095.9000
9077,259095.9000
9078,259095.9000
9079,259095.9000
9080,259095.9000
9081,259095.9000
9082,259095.9000
9083,259095.9000
9084,259095.9000
9085,259095.9000
9086,259095.9000
9087,259095.9000
9088,259095.9000
9089,259095.9000
9090,259095.9000
9091,259095.9000
9092,259095.9000
9093,259095.9000
9094,259095.9000
9095,259095.9000
9096,259095.9000
9097,259095.9000
9098,259095.9000
9099,259095.9000
9100,259095.9000
9101,259095.9000
9102,259095.9000
9103,259095.9000
9104,259095.9000
9105,259095.9000
9106,259095.9000
9107,259095.9000
9108,259095.9000
9109,259095.9000
9110,259095.9000
9111,259095.9000
9112,259095.9000
9113,259095.9000
9114,259095.9000
9115,259095.9000
9116,259095.9000
9117,259095.9000
9118,259095.9000
9119,259095.9000
9120,259095.9000
9121,259095.9000
9122,259095.9000
9123,259095.9000
9124,259095.9000
9125,259095.9000
9126,259095.9000
9127,259095.9000
9128,259095.9000
9129,259095.9000
9130,259095.9000
9131,259095.9000
9132,259095.9000
9133,259095.9000
9134,259095.9000
9135,259095.9000
9136,259095.9000
9137,259095.9000
9138,259095.9000
9139,259095.9000
9140,259095.9000
9141,259095.9000
9142,259095.9000
9143,259095.9000
9144,259095.9000
9145,259095.9000
9146,259095.9000
9147,259095.9000
9148,259095.9000
9149,259095.9000
9150,259095.9000
9151,259095.9000
9152,259095.9000
9153,259095.9000
9154,259095.9000
9155,259095.9000
9156,259095.9000
9157,259095.9000
9158,259095.9000
9159,259095.9000
9160,259095.9000
9161,259095.9000
9162,259095.9000
9163,259095.9000
9164,259095.9000
9165,259095.9000
9166,259095.9000
9167,259095.9000
9168,259095.9000
9169,259095.9000
9170,259095.9000
9171,259095.9000
9172,259095.9000
9173,259095.9000
9174,259095.9000
9175,259095.9000
9176,259095.9000
9177,259095.9000
9178,259095.9000
9179,259095.9000
9180,259095.9000
9181,259095.9000
9182,259095.9000
9183,259095.9000
9184,259095.9000
9185,259095.9000
9186,259095.9000
9187,259095.9000
9188,259095.9000
9189,259095.9000
9190,259095.9000
9191,259095.9000
9192,259095.9000
9193,259095.9000
9194,259095.9000
9195,259095.9000
9196,259095.9000
9197,259095.9000
9198,259095.9000
9199,259095.9000
9200,259095.9000
9201,259095.9000
9202,259095.9000
9203,259095.9000
9204,259095.9000
9205,259095.9000
9206,259095.9000
9207,259095.9000
9208,259095.9000
9209,259095.9000
9210,259095.9000
9211,259095.9000
9212,259095.9000
9213,259095.9000
9214,259095.9000
9215,259095.9000
9216,259095.9000
9217,259095.9000
9218,259095.9000
9219,259095.9000
9220,259095.9000
9221,259095.9000
9222,259095.9000
9223,259095.9000
9224,259095.9000
9225,259095.9000
9226,259095.9000
9227,259095.9000
9228,259095.9000
9229,259095.9000
9230,259095.9000
9231,259095.9000
9232,259095.9000
9233,259095.9000
9234,259095.9000
9235,259095.9000
9236,259095.9000
9237,259095.9000
9238,259095.9000
9239,259095.9000
9240,259095.9000
9241,259095.9000
9242,259095.9000
9243,259095.9000
9244,259095.9000
9245,259095.9000
9246,259095.9000
9247,259095.9000
9248,259095.9000
9249,259095.9000
9250,259095.9000
9251,259095.9000
9252,259095.9000
9253,259095.9000
9254,259095.9000
9255,259095.9000
9256,259095.9000
9257,259095.9000
9258,259095.9000
9259,259095.9000
9260,259095.9000
9261,259095.9000
9262,259095.9000
9263,259095.9000
9264,259095.9000
9265,259095.9000
9266,259095.9000
9267,259095.9000
9268,259095.9000
9269,259095.9000
9270,259095.9000
9271,259095.9000
9272,259095.9000
9273,259095.9000
9274,259095.9000
9275,259095.9000
9276,259095.9000
9277,259095.9000
9278,259095.9000
9279,259095.9000
9280,259095.9000
9281,259095.9000
9282,259095.9000
9283,259095.9000
9284,259095.9000
9285,259095.9000
9286,259095.9000
9287,259095.9000
9288,259095.9000
9289,259095.9000
9290,259095.9000
9291,259095.9000
9292,259095.9000
9293,259095.9000
9294,259095.9000
9295,259095.9000
9296,259095.9000
9297,259095.9000
9298,259095.9000
9299,259095.9000
9300,259095.9000
9301,259095.9000
9302,259095.9000
9303,259095.9000
9304,259095.9000
9305,259095.9000
9306,259095.9000
9307,259095.9000
9308,259095.9000
9309,259095.9000
9310,259095.9000
9311,259095.9000
9312,259095.9000
9313,259095.9000
9314,259095.9000
9315,259095.9000
9316,259095.9000
9317,259095.9000
9318,259095.9000
9319,259095.9000
9320,259095.9000
9321,259095.9000
9322,259095.9000
9323,259095.9000
9324,259095.9000
9325,259095.9000
9326,259095.9000
9327,259095.9000
9328,259095.9000
9329,259095.9000
9330,259095.9000
9331,259095.9000
9332,259095.9000
9333,259095.9000
9334,259095.9000
9335,259095.9000
9336,259095.9000
9337,259095.9000
9338,259095.9000
9339,259095.9000
9340,259095.9000
9341,259095.9000
9342,259095.9000
9343,259095.9000
9344,259095.9000
9345,259095.9000
9346,259095.9000
9347,259095.9000
9348,259095.9000
9349,259095.9000
9350,259095.9000
9351,259095.9000
9352,259095.9000
9353,259095.9000
9354,259095.9000
9355,259095.9000
9356,259095.9000
9357,259095.9000
9358,259095.9000
9359,259095.9000
9360,259095.9000
9361,259095.9000
9362,259095.9000
9363,259095.9000
9364,259095.9000
9365,259095.9000
9366,259095.9000
9367,259095.9000
9368,259095.9000
9369,259095.9000
9370,259095.9000
9371,259095.9000
9372,259095.9000
9373,259095.9000
9374,259095.9000
9375,259095.9000
9376,259095.9000
9377,259095.9000
9378,259095.9000
9379,259095.9000
9380,259095.9000
9381,259095.9000
9382,259095.9000
9383,259095.9000
9384,259095.9000
9385,259095.9000
9386,259095.9000
9387,259095.9000
9388,259095.9000
9389,259095.9000
9390,259095.9000
9391,259095.9000
9392,259095.9000
9393,259095.9000
9394,259095.9000
9395,259095.9000
9396,259095.9000
9397,259095.9000
9398,259095.9000
9399,259095.9000
9400,259095.9000
9401,259095.9000
9402,259095.9000
9403,259095.9000
9404,259095.9000
9405,259095.9000
9406,259095.9000
9407,259095.9000
9408,259095.9000
9409,259095.9000
9410,259095.9000
9411,259095.9000
9412,259095.9000
9413,259095.9000
9414,259095.9000
9415,259095.9000
9416,259095.9000
9417,259095.9000
9418,259095.9000
9419,259095.9000
9420,259095.9000
9421,259095.9000
9422,259095.9000
9423,259095.9000
9424,259095.9000
9425,259095.9000
9426,259095.9000
9427,259095.9000
9428,259095.9000
9429,259095.9000
9430,259095.9000
9431,259095.9000
9432,259095.9000
9433,259095.9000
9434,259095.9000
9435,259095.9000
9436,259095.9000
9437,259095.9000
9438,259095.9000
9439,259095.9000
9440,259095.9000
9441,259095.9000
9442,259095.9000
9443,259095.9000
9444,259095.9000
9445,259095.9000
9446,259095.9000
9447,259095.9000
9448,259095.9000
9449,259095.9000
9450,259095.9000
9451,259095.9000
9452,259095.9000
9453,259095.9000
9454,259095.9000
9455,259095.9000
9456,259095.9000
9457,259095.9000
9458,259095.9000
9459,259095.9000
9460,259095.9000
9461,259095.9000
9462,259095.9000
9463,259095.9000
9464,259095.9000
9465,259095.9000
9466,259095.9000
9467,259095.9000
9468,259095.9000
9469,259095.9000
9470,259095.9000
9471,259095.9000
9472,259095.9000
9473,259095.9000
9474,259095.9000
9475,259095.9000
9476,259095.9000
9477,259095.9000
9478,259095.9000
9479,259095.9000
9480,259095.9000
9481,259095.9000
9482,259095.9000
9483,259095.9000
9484,259095.9000
9485,259095.9000
9486,259095.9000
9487,259095.9000
9488,259095.9000
9489,259095.9000
9490,259095.9000
9491,259095.9000
9492,259095.9000
9493,259095.9000
9494,259095.9000
9495,259095.9000
9496,259095.9000
9497,259095.9000
9498,259095.9000
9499,259095.9000
9500,259095.9000
9501,259095.9000
9502,259095.9000
9503,259095.9000
9504,259095.9000
9505,259095.9000
9506,259095.9000
9507,259095.9000
9508,259095.9000
9509,259095.9000
9510,259095.9000
9511,259095.9000
9512,259095.9000
9513,259095.9000
9514,259095.9000
9515,259095.9000
9516,259095.9000
9517,259095.9000
9518,259095.9000
9519,259095.9000
9520,259095.9000
9521,259095.9000
9522,259095.9000
9523,259095.9000
9524,259095.9000
9525,259095.9000
9526,259095.9000
9527,259095.9000
9528,259095.9000
9529,259095.9000
9530,259095.9000
9531,259095.9000
9532,259095.9000
9533,259095.9000
9534,259095.9000
9535,259095.9000
9536,259095.9000
9537,259095.9000
9538,259095.9000
9539,259095.9000
9540,259095.9000
9541,259095.9000
9542,259095.9000
9543,259095.9000
9544,259095.9000
9545,259095.9000
9546,259095.9000
9547,259095.9000
9548,259095.9000
9549,259095.9000
9550,259095.9000
9551,259095.9000
9552,259095.9000
9553,259095.9000
9554,259095.9000
9555,259095.9000
9556,259095.9000
9557,259095.9000
9558,259095.9000
9559,259095.9000
9560,259095.9000
9561,259095.9000
9562,259095.9000
9563,259095.9000
9564,259095.9000
9565,259095.9000
9566,259095.9000
9567,259095.9000
9568,259095.9000
9569,259095.9000
9570,259095.9000
9571,259095.9000
9572,259095.9000
9573,259095.9000
9574,259095.9000
9575,259095.9000
9576,259095.9000
9577,259095.9000
9578,259095.9000
9579,259095.9000
9580,259095.9000
9581,259095.9000
9582,259095.9000
9583,259095.9000
9584,259095.9000
9585,259095.9000
9586,259095.9000
9587,259095.9000
9588,259095.9000
9589,259095.9000
9590,259095.9000
9591,259095.9000
9592,259095.9000
9593,259095.9000
9594,259095.9000
9595,259095.9000
9596,259095.9000
9597,259095.9000
9598,259095.9000
9599,259095.9000
9600,259095.9000
9601,259095.9000
9602,259095.9000
9603,259095.9000
9604,259095.9000
9605,259095.9000
9606,259095.9000
9607,259095.9000
9608,259095.9000
9609,259095.9000
9610,259095.9000
9611,259095.9000
9612,259095.9000
9613,259095.9000
9614,259095.9000
9615,259095.9000
9616,259095.9000
9617,259095.9000
9618,259095.9000
9619,259095.9000
9620,259095.9000
9621,259095.9000
9622,259095.9000
9623,259095.9000
9624,259095.9000
9625,259095.9000
9626,259095.9000
9627,259095.9000
9628,259095.9000
9629,259095.9000
9630,259095.9000
9631,259095.9000
9632,259095.9000
9633,259095.9000
9634,259095.9000
9635,259095.9000
9636,259095.9000
9637,259095.9000
9638,259095.9000
9639,259095.9000
9640,259095.9000
9641,259095.9000
9642,259095.9000
9643,259095.9000
9644,259095.9000
9645,259095.9000
9646,259095.9000
9647,259095.9000
9648,259095.9000
9649,259095.9000
9650,259095.9000
9651,259095.9000
9652,259095.9000
9653,259095.9000
9654,259095.9000
9655,259095.9000
9656,259095.9000
9657,259095.9000
9658,259095.9000
9659,259095.9000
9660,259095.9000
9661,259095.9000
9662,259095.9000
9663,259095.9000
9664,259095.9000
9665,259095.9000
9666,259095.9000
9667,259095.9000
9668,259095.9000
9669,259095.9000
9670,259095.9000
9671,259095.9000
9672,259095.9000
9673,259095.9000
9674,259095.9000
9675,259095.9000
9676,259095.9000
9677,259095.9000
9678,259095.9000
9679,259095.9000
9680,259095.9000
9681,259095.9000
9682,259095.9000
9683,259095.9000
9684,259095.9000
9685,259095.9000
9686,259095.9000
9687,259095.9000
9688,259095.9000
9689,259095.9000
9690,259095.9000
9691,259095.9000
9692,259095.9000
9693,259095.9000
9694,259095.9000
9695,259095.9000
9696,259095.9000
9697,259095.9000
9698,259095.9000
9699,259095.9000
9700,259095.9000
9701,259095.9000
9702,259095.9000
9703,259095.9000
9704,259095.9000
9705,259095.9000
9706,259095.9000
9707,259095.9000
9708,259095.9000
9709,259095.9000
9710,259095.9000
9711,259095.9000
9712,259095.9000
9713,259095.9000
9714,259095.9000
9715,259095.9000
9716,259095.9000
9717,259095.9000
9718,259095.9000
9719,259095.9000
9720,259095.9000
9721,259095.9000
9722,259095.9000
9723,259095.9000
9724,259095.9000
9725,259095.9000
9726,259095.9000
9727,259095.9000
9728,259095.9000
9729,259095.9000
9730,259095.9000
9731,259095.9000
9732,259095.9000
9733,259095.9000
9734,259095.9000
9735,259095.9000
9736,259095.9000
9737,259095.9000
9738,259095.9000
9739,259095.9000
9740,259095.9000
9741,259095.9000
9742,259095.9000
9743,259095.9000
9744,259095.9000
9745,259095.9000
9746,259095.9000
9747,259095.9000
9748,259095.9000
9749,259095.9000
9750,259095.9000
9751,259095.9000
9752,259095.9000
9753,259095.9000
9754,259095.9000
9755,259095.9000
9756,259095.9000
9757,259095.9000
9758,259095.9000
9759,259095.9000
9760,259095.9000
9761,259095.9000
9762,259095.9000
9763,259095.9000
9764,259095.9000
9765,259095.9000
9766,259095.9000
9767,259095.9000
9768,259095.9000
9769,259095.9000
9770,259095.9000
9771,259095.9000
9772,259095.9000
9773,259095.9000
9774,259095.9000
9775,259095.9000
9776,259095.9000
9777,259095.9000
9778,259095.9000
9779,259095.9000
9780,259095.9000
9781,259095.9000
9782,259095.9000
9783,259095.9000
9784,259095.9000
9785,259095.9000
9786,259095.9000
9787,259095.9000
9788,259095.9000
9789,259095.9000
9790,259095.9000
9791,259095.9000
9792,259095.9000
9793,259095.9000
9794,259095.9000
9795,259095.9000
9796,259095.9000
9797,259095.9000
9798,259095.9000
9799,259095.9000
9800,259095.9000
9801,259095.9000
9802,259095.9000
9803,259095.9000
9804,259095.9000
9805,259095.9000
9806,259095.9000
9807,259095.9000
9808,259095.9000
9809,259095.9000
9810,259095.9000
9811,259095.9000
9812,259095.9000
9813,259095.9000
9814,259095.9000
9815,259095.9000
9816,259095.9000
9817,259095.9000
9818,259095.9000
9819,259095.9000
9820,259095.9000
9821,259095.9000
9822,259095.9000
9823,259095.9000
9824,259095.9000
9825,259095.9000
9826,259095.9000
9827,259095.9000
9828,259095.9000
9829,259095.9000
9830,259095.9000
9831,259095.9000
9832,259095.9000
9833,259095.9000
9834,259095.9000
9835,259095.9000
9836,259095.9000
9837,259095.9000
9838,259095.9000
9839,259095.9000
9840,259095.9000
9841,259095.9000
9842,259095.9000
9843,259095.9000
9844,259095.9000
9845,259095.9000
9846,259095.9000
9847,259095.9000
9848,259095.9000
9849,259095.9000
9850,259095.9000
9851,259095.9000
9852,259095.9000
9853,259095.9000
9854,259095.9000
9855,259095.9000
9856,259095.9000
9857,259095.9000
9858,259095.9000
9859,259095.9000
9860,259095.9000
9861,259095.9000
9862,259095.9000
9863,259095.9000
9864,259095.9000
9865,259095.9000
9866,259095.9000
9867,259095.9000
9868,259095.9000
9869,259095.9000
9870,259095.9000
9871,259095.9000
9872,259095.9000
9873,259095.9000
9874,259095.9000
9875,259095.9000
9876,259095.9000
9877,259095.9000
9878,259095.9000
9879,259095.9000
9880,259095.9000
9881,259095.9000
9882,259095.9000
9883,259095.9000
9884,259095.9000
9885,259095.9000
9886,259095.9000
9887,259095.9000
9888,259095.9000
9889,259095.9000
9890,259095.9000
9891,259095.9000
9892,259095.9000
9893,259095.9000
9894,259095.9000
9895,259095.9000
9896,259095.9000
9897,259095.9000
9898,259095.9000
9899,259095.9000
9900,259095.9000
9901,259095.9000
9902,259095.9000
9903,259095.9000
9904,259095.9000
9905,259095.9000
9906,259095.9000
9907,259095.9000
9908,259095.9000
9909,259095.9000
9910,259095.9000
9911,259095.9000
9912,259095.9000
9913,259095.9000
9914,259095.9000
9915,259095.9000
9916,259095.9000
9917,259095.9000
9918,259095.9000
9919,259095.9000
9920,259095.9000
9921,259095.9000
9922,259095.9000
9923,259095.9000
9924,259095.9000
9925,259095.9000
9926,259095.9000
9927,259095.9000
9928,259095.9000
9929,259095.9000
9930,259095.9000
9931,259095.9000
9932,259095.9000
9933,259095.9000
9934,259095.9000
9935,259095.9000
9936,259095.9000
9937,259095.9000
9938,259095.9000
9939,259095.9000
9940,259095.9000
9941,259095.9000
9942,259095.9000
9943,259095.9000
9944,259095.9000
9945,259095.9000
9946,259095.9000
9947,259095.9000
9948,259095.9000
9949,259095.9000
9950,259095.9000
9951,259095.9000
9952,259095.9000
9953,259095.9000
9954,259095.9000
9955,259095.9000
9956,259095.9000
9957,259095.9000
9958,259095.9000
9959,259095.9000
9960,259095.9000
9961,259095.9000
9962,259095.9000
9963,259095.9000
9964,259095.9000
9965,259095.9000
9966,259095.9000
9967,259095.9000
9968,259095.9000
9969,259095.9000
9970,259095.9000
9971,259095.9000
9972,259095.9000
9973,259095.9000
9974,259095.9000
9975,259095.9000
9976,259095.9000
9977,259095.9000
9978,259095.9000
9979,259095.9000
9980,259095.9000
9981,259095.9000
9982,259095.9000
9983,259095.9000
9984,259095.9000
9985,259095.9000
9986,259095.9000
9987,259095.9000
9988,259095.9000
9989,259095.9000
9990,259095.9000
9991,259095.9000
9992,259095.9000
9993,259095.9000
9994,259095.9000
9995,259095.9000
9996,259095.9000
9997,259095.9000
9998,259095.9000
9999,259095.9000
10000,259095.9000
10001,259095.9000
10002,259095.9000
10003,259095.9000
10004,259095.9000
10005,259095.9000
10006,259095.9000
10007,259095.9000
10008,259095.9000
10009,259095.9000
10010,259095.9000
10011,259095.9000
10012,259095.9000
10013,259095.9000
10014,259095.9000
10015,259095.9000
10016,259095.9000
10017,259095.9000
10018,259095.9000
10019,259095.9000
10020,259095.9000
10021,259095.9000
10022,259095.9000
10023,259095.9000
10024,259095.9000
10025,259095.9000
10026,259095.9000
10027,259095.9000
10028,259095.9000
10029,259095.9000
10030,259095.9000
10031,259095.9000
10032,259095.9000
10033,259095.9000
10034,259095.9000
10035,259095.9000
10036,259095.9000
10037,259095.9000
10038,259095.9000
10039,259095.9000
10040,259095.9000
10041,259095.9000
10042,259095.9000
10043,259095.9000
10044,259095.9000
10045,259095.9000
10046,259095.9000
10047,259095.9000
10048,259095.9000
10049,259095.9000
10050,259095.9000
10051,259095.9000
10052,259095.9000
10053,259095.9000
10054,259095.9000
10055,259095.9000
10056,259095.9000
10057,259095.9000
10058,259095.9000
10059,259095.9000
10060,259095.9000
10061,259095.9000
10062,259095.9000
10063,259095.9000
10064,259095.9000
10065,259095.9000
10066,259095.9000
10067,259095.9000
10068,259095.9000
10069,259095.9000
10070,259095.9000
10071,259095.9000
10072,259095.9000
10073,259095.9000
10074,259095.9000
10075,259095.9000
10076,259095.9000
10077,259095.9000
10078,259095.9000
10079,259095.9000
10080,259095.9000
10081,259095.9000
10082,259095.9000
10083,259095.9000
10084,259095.9000
10085,259095.9000
10086,259095.9000
10087,259095.9000
10088,259095.9000
10089,259095.9000
10090,259095.9000
10091,259095.9000
10092,259095.9000
10093,259095.9000
10094,259095.9000
10095,259095.9000
10096,259095.9000
10097,259095.9000
10098,259095.9000
10099,259095.9000
10100,259095.9000
10101,259095.9000
10102,259095.9000
10103,259095.9000
10104,259095.9000
10105,259095.9000
10106,259095.9000
10107,259095.9000
10108,259095.9000
10109,259095.9000
10110,259095.9000
10111,259095.9000
10112,259095.9000
10113,259095.9000
10114,259095.9000
10115,259095.9000
10116,259095.9000
10117,259095.9000
10118,259095.9000
10119,259095.9000
10120,259095.9000
10121,259095.9000
10122,259095.9000
10123,259095.9000
10124,259095.9000
10125,259095.9000
10126,259095.9000
10127,259095.9000
10128,259095.9000
10129,259095.9000
10130,259095.9000
10131,259095.9000
10132,259095.9000
10133,259095.9000
10134,259095.9000
10135,259095.9000
10136,259095.9000
10137,259095.9000
10138,259095.9000
10139,259095.9000
10140,259095.9000
10141,259095.9000
10142,259095.9000
10143,259095.9000
10144,259095.9000
10145,259095.9000
10146,259095.9000
10147,259095.9000
10148,259095.9000
10149,259095.9000
10150,259095.9000
10151,259095.9000
10152,259095.9000
10153,259095.9000
10154,259095.9000
10155,259095.9000
10156,259095.9000
10157,259095.9000
10158,259095.9000
10159,259095.9000
10160,259095.9000
10161,259095.9000
10162,259095.9000
10163,259095.9000
10164,259095.9000
10165,259095.9000
10166,259095.9000
10167,259095.9000
10168,259095.9000
10169,259095.9000
10170,259095.9000
10171,259095.9000
10172,259095.9000
10173,259095.9000
10174,259095.9000
10175,259095.9000
10176,259095.9000
10177,259095.9000
10178,259095.9000
10179,259095.9000
10180,259095.9000
10181,259095.9000
10182,259095.9000
10183,259095.9000
10184,259095.9000
10185,259095.9000
10186,259095.9000
10187,259095.9000
10188,259095.9000
10189,259095.9000
10190,259095.9000
10191,259095.9000
10192,259095.9000
10193,259095.9000
10194,259095.9000
10195,259095.9000
10196,259095.9000
10197,259095.9000
10198,259095.9000
10199,259095.9000
10200,259095.9000
10201,259095.9000
10202,259095.9000
10203,259095.9000
10204,259095.9000
10205,259095.9000
10206,259095.9000
10207,259095.9000
10208,259095.9000
10209,259095.9000
10210,259095.9000
10211,259095.9000
10212,259095.9000
10213,259095.9000
10214,259095.9000
10215,259095.9000
10216,259095.9000
10217,259095.9000
10218,259095.9000
10219,259095.9000
10220,259095.9000
10221,259095.9000
10222,259095.9000
10223,259095.9000
10224,259095.9000
10225,259095.9000
10226,259095.9000
10227,259095.9000
10228,259095.9000
10229,259095.9000
10230,259095.9000
10231,259095.9000
10232,259095.9000
10233,259095.9000
10234,259095.9000
10235,259095.9000
10236,259095.9000
10237,259095.9000
10238,259095.9000
10239,259095.9000
10240,259095.9000
10241,259095.9000
10242,259095.9000
10243,259095.9000
10244,259095.9000
10245,259095.9000
10246,259095.9000
10247,259095.9000
10248,259095.9000
10249,259095.9000
10250,259095.9000
10251,259095.9000
10252,259095.9000
10253,259095.9000
10254,259095.9000
10255,259095.9000
10256,259095.9000
10257,259095.9000
10258,259095.9000
10259,259095.9000
10260,259095.9000
10261,259095.9000
10262,259095.9000
10263,259095.9000
10264,259095.9000
10265,259095.9000
10266,259095.9000
10267,259095.9000
10268,259095.9000
10269,259095.9000
10270,259095.9000
10271,259095.9000
10272,259095.9000
10273,259095.9000
10274,259095.9000
10275,259095.9000
10276,259095.9000
10277,259095.9000
10278,259095.9000
10279,259095.9000
10280,259095.9000
10281,259095.9000
10282,259095.9000
10283,259095.9000
10284,259095.9000
10285,259095.9000
10286,259095.9000
10287,259095.9000
10288,259095.9000
10289,259095.9000
10290,259095.9000
10291,259095.9000
10292,259095.9000
10293,259095.9000
10294,259095.9000
10295,259095.9000
10296,259095.9000
10297,259095.9000
10298,259095.9000
10299,259095.9000
10300,259095.9000
10301,259095.9000
10302,259095.9000
10303,259095.9000
10304,259095.9000
10305,259095.9000
10306,259095.9000
10307,259095.9000
10308,259095.9000
10309,259095.9000
10310,259095.9000
10311,259095.9000
10312,259095.9000
10313,259095.9000
10314,259095.9000
10315,259095.9000
10316,259095.9000
10317,259095.9000
10318,259095.9000
10319,259095.9000
10320,259095.9000
10321,259095.9000
10322,259095.9000
10323,259095.9000
10324,259095.9000
10325,259095.9000
10326,259095.9000
10327,259095.9000
10328,259095.9000
10329,259095.9000
10330,259095.9000
10331,259095.9000
10332,259095.9000
10333,259095.9000
10334,259095.9000
10335,259095.9000
10336,259095.9000
10337,259095.9000
10338,259095.9000
10339,259095.9000
10340,259095.9000
10341,259095.9000
10342,259095.9000
10343,259095.9000
10344,259095.9000
10345,259095.9000
10346,259095.9000
10347,259095.9000
10348,259095.9000
10349,259095.9000
10350,259095.9000
10351,259095.9000
10352,259095.9000
10353,259095.9000
10354,259095.9000
10355,259095.9000
10356,259095.9000
10357,259095.9000
10358,259095.9000
10359,259095.9000
10360,259095.9000
10361,259095.9000
10362,259095.9000
10363,259095.9000
10364,259095.9000
10365,259095.9000
10366,259095.9000
10367,259095.9000
10368,259095.9000
10369,259095.9000
10370,259095.9000
10371,259095.9000
10372,259095.9000
10373,259095.9000
10374,259095.9000
10375,259095.9000
10376,259095.9000
10377,259095.9000
10378,259095.9000
10379,259095.9000
10380,259095.9000
10381,259095.9000
10382,259095.9000
10383,259095.9000
10384,259095.9000
10385,259095.9000
10386,259095.9000
10387,259095.9000
10388,259095.9000
10389,259095.9000
10390,259095.9000
10391,259095.9000
10392,259095.9000
10393,259095.9000
10394,259095.9000
10395,259095.9000
10396,259095.9000
10397,259095.9000
10398,259095.9000
10399,259095.9000
10400,259095.9000
10401,259095.9000
10402,259095.9000
10403,259095.9000
10404,259095.9000
10405,259095.9000
10406,259095.9000
10407,259095.9000
10408,259095.9000
10409,259095.9000
10410,259095.9000
10411,259095.9000
10412,259095.9000
10413,259095.9000
10414,259095.9000
10415,259095.9000
10416,259095.9000
10417,259095.9000
10418,259095.9000
10419,259095.9000
10420,259095.9000
10421,259095.9000
10422,259095.9000
10423,259095.9000
10424,259095.9000
10425,259095.9000
10426,259095.9000
10427,259095.9000
10428,259095.9000
10429,259095.9000
10430,259095.9000
10431,259095.9000
10432,259095.9000
10433,259095.9000
10434,259095.9000
10435,259095.9000
10436,259095.9000
10437,259095.9000
10438,259095.9000
10439,259095.9000
10440,259095.9000
10441,259095.9000
10442,259095.9000
10443,259095.9000
10444,259095.9000
10445,259095.9000
10446,259095.9000
10447,259095.9000
10448,259095.9000
10449,259095.9000
10450,259095.9000
10451,259095.9000
10452,259095.9000
10453,259095.9000
10454,259095.9000
10455,259095.9000
10456,259095.9000
10457,259095.9000
10458,259095.9000
10459,259095.9000
10460,259095.9000
10461,259095.9000
10462,259095.9000
10463,259095.9000
10464,259095.9000
10465,259095.9000
10466,259095.9000
10467,259095.9000
10468,259095.9000
10469,259095.9000
10470,259095.9000
10471,259095.9000
10472,259095.9000
10473,259095.9000
10474,259095.9000
10475,259095.9000
10476,259095.9000
10477,259095.9000
10478,259095.9000
10479,259095.9000
10480,259095.9000
10481,259095.9000
10482,259095.9000
10483,259095.9000
10484,259095.9000
10485,259095.9000
10486,259095.9000
10487,259095.9000
10488,259095.9000
10489,259095.9000
10490,259095.9000
10491,259095.9000
10492,259095.9000
10493,259095.9000
10494,259095.9000
10495,259095.9000
10496,259095.9000
10497,259095.9000
10498,259095.9000
10499,259095.9000
10500,259095.9000
10501,259095.9000
10502,259095.9000
10503,259095.9000
10504,259095.9000
10505,259095.9000
10506,259095.9000
10507,259095.9000
10508,259095.9000
10509,259095.9000
10510,259095.9000
10511,259095.9000
10512,259095.9000
10513,259095.9000
10514,259095.9000
10515,259095.9000
10516,259095.9000
10517,259095.9000
10518,259095.9000
10519,259095.9000
10520,259095.9000
10521,259095.9000
10522,259095.9000
10523,259095.9000
10524,259095.9000
10525,259095.9000
10526,259095.9000
10527,259095.9000
10528,259095.9000
10529,259095.9000
10530,259095.9000
10531,259095.9000
10532,259095.9000
10533,259095.9000
10534,259095.9000
10535,259095.9000
10536,259095.9000
10537,259095.9000
10538,259095.9000
10539,259095.9000
10540,259095.9000
10541,259095.9000
10542,259095.9000
10543,259095.9000
10544,259095.9000
10545,259095.9000
10546,259095.9000
10547,259095.9000
10548,259095.9000
10549,259095.9000
10550,259095.9000
10551,259095.9000
10552,259095.9000
10553,259095.9000
10554,259095.9000
10555,259095.9000
10556,259095.9000
10557,259095.9000
10558,259095.9000
10559,259095.9000
10560,259095.9000
10561,259095.9000
10562,259095.9000
10563,259095.9000
10564,259095.9000
10565,259095.9000
10566,259095.9000
10567,259095.9000
10568,259095.9000
10569,259095.9000
10570,259095.9000
10571,259095.9000
10572,259095.9000
10573,259095.9000
10574,259095.9000
10575,259095.9000
10576,259095.9000
10577,259095.9000
10578,259095.9000
10579,259095.9000
10580,259095.9000
10581,259095.9000
10582,259095.9000
10583,259095.9000
10584,259095.9000
10585,259095.9000
10586,259095.9000
10587,259095.9000
10588,259095.9000
10589,259095.9000
10590,259095.9000
10591,259095.9000
10592,259095.9000
10593,259095.9000
10594,259095.9000
10595,259095.9000
10596,259095.9000
10597,259095.9000
10598,259095.9000
10599,259095.9000
10600,259095.9000
10601,259095.9000
10602,259095.9000
10603,259095.9000
10604,259095.9000
10605,259095.9000
10606,259095.9000
10607,259095.9000
10608,259095.9000
10609,259095.9000
10610,259095.9000
10611,259095.9000
10612,259095.9000
10613,259095.9000
10614,259095.9000
10615,259095.9000
10616,259095.9000
10617,259095.9000
10618,259095.9000
10619,259095.9000
10620,259095.9000
10621,259095.9000
10622,259095.9000
10623,259095.9000
10624,259095.9000
10625,259095.9000
10626,259095.9000
10627,259095.9000
10628,259095.9000
10629,259095.9000
10630,259095.9000
10631,259095.9000
10632,259095.9000
10633,259095.9000
10634,259095.9000
10635,259095.9000
10636,259095.9000
10637,259095.9000
10638,259095.9000
10639,259095.9000
10640,259095.9000
10641,259095.9000
10642,259095.9000
10643,259095.9000
10644,259095.9000
10645,259095.9000
10646,259095.9000
10647,259095.9000
10648,259095.9000
10649,259095.9000
10650,259095.9000
10651,259095.9000
10652,259095.9000
10653,259095.9000
10654,259095.9000
10655,259095.9000
10656,259095.9000
10657,259095.9000
10658,259095.9000
10659,259095.9000
10660,259095.9000
10661,259095.9000
10662,259095.9000
10663,259095.9000
10664,259095.9000
10665,259095.9000
10666,259095.9000
10667,259095.9000
10668,259095.9000
10669,259095.9000
10670,259095.9000
10671,259095.9000
10672,259095.9000
10673,259095.9000
10674,259095.9000
10675,259095.9000
10676,259095.9000
10677,259095.9000
10678,259095.9000
10679,259095.9000
10680,259095.9000
10681,259095.9000
10682,259095.9000
10683,259095.9000
10684,259095.9000
10685,259095.9000
10686,259095.9000
10687,259095.9000
10688,259095.9000
10689,259095.9000
10690,259095.9000
10691,259095.9000
10692,259095.9000
10693,259095.9000
10694,259095.9000
10695,259095.9000
10696,259095.9000
10697,259095.9000
10698,259095.9000
10699,259095.9000
10700,259095.9000
10701,259095.9000
10702,259095.9000
10703,259095.9000
10704,259095.9000
10705,259095.9000
10706,259095.9000
10707,259095.9000
10708,259095.9000
10709,259095.9000
10710,259095.9000
10711,259095.9000
10712,259095.9000
10713,259095.9000
10714,259095.9000
10715,259095.9000
10716,259095.9000
10717,259095.9000
10718,259095.9000
10719,259095.9000
10720,259095.9000
10721,259095.9000
10722,259095.9000
10723,259095.9000
10724,259095.9000
10725,259095.9000
10726,259095.9000
10727,259095.9000
10728,259095.9000
10729,259095.9000
10730,259095.9000
10731,259095.9000
10732,259095.9000
10733,259095.9000
10734,259095.9000
10735,259095.9000
10736,259095.9000
10737,259095.9000
10738,259095.9000
10739,259095.9000
10740,259095.9000
10741,259095.9000
10742,259095.9000
10743,259095.9000
10744,259095.9000
10745,259095.9000
10746,259095.9000
10747,259095.9000
10748,259095.9000
10749,259095.9000
10750,259095.9000
10751,259095.9000
10752,259095.9000
10753,259095.9000
10754,259095.9000
10755,259095.9000
10756,259095.9000
10757,259095.9000
10758,259095.9000
10759,259095.9000
10760,259095.9000
10761,259095.9000
10762,259095.9000
10763,259095.9000
10764,259095.9000
10765,259095.9000
10766,259095.9000
10767,259095.9000
10768,259095.9000
10769,259095.9000
10770,259095.9000
10771,259095.9000
10772,259095.9000
10773,259095.9000
10774,259095.9000
10775,259095.9000
10776,259095.9000
10777,259095.9000
10778,259095.9000
10779,259095.9000
10780,259095.9000
10781,259095.9000
10782,259095.9000
10783,259095.9000
10784,259095.9000
10785,259095.9000
10786,259095.9000
10787,259095.9000
10788,259095.9000
10789,259095.9000
10790,259095.9000
10791,259095.9000
10792,259095.9000
10793,259095.9000
10794,259095.9000
10795,259095.9000
10796,259095.9000
10797,259095.9000
10798,259095.9000
10799,259095.9000
10800,259095.9000
10801,259095.9000
10802,259095.9000
10803,259095.9000
10804,259095.9000
10805,259095.9000
10806,259095.9000
10807,259095.9000
10808,259095.9000
10809,259095.9000
10810,259095.9000
10811,259095.9000
10812,259095.9000
10813,259095.9000
10814,259095.9000
10815,259095.9000
10816,259095.9000
10817,259095.9000
10818,259095.9000
10819,259095.9000
10820,259095.9000
10821,259095.9000
10822,259095.9000
10823,259095.9000
10824,259095.9000
10825,259095.9000
10826,259095.9000
10827,259095.9000
10828,259095.9000
10829,259095.9000
10830,259095.9000
10831,259095.9000
10832,259095.9000
10833,259095.9000
10834,259095.9000
10835,259095.9000
10836,259095.9000
10837,259095.9000
10838,259095.9000
10839,259095.9000
10840,259095.9000
10841,259095.9000
10842,259095.9000
10843,259095.9000
10844,259095.9000
10845,259095.9000
10846,259095.9000
10847,259095.9000
10848,259095.9000
10849,259095.9000
10850,259095.9000
10851,259095.9000
10852,259095.9000
10853,259095.9000
10854,259095.9000
10855,259095.9000
10856,259095.9000
10857,259095.9000
10858,259095.9000
10859,259095.9000
10860,259095.9000
10861,259095.9000
10862,259095.9000
10863,259095.9000
10864,259095.9000
10865,259095.9000
10866,259095.9000
10867,259095.9000
10868,259095.9000
10869,259095.9000
10870,259095.9000
10871,259095.9000
10872,259095.9000
10873,259095.9000
10874,259095.9000
10875,259095.9000
10876,259095.9000
10877,259095.9000
10878,259095.9000
10879,259095.9000
10880,259095.9000
10881,259095.9000
10882,259095.9000
10883,259095.9000
10884,259095.9000
10885,259095.9000
10886,259095.9000
10887,259095.9000
10888,259095.9000
10889,259095.9000
10890,259095.9000
10891,259095.9000
10892,259095.9000
10893,259095.9000
10894,259095.9000
10895,259095.9000
10896,259095.9000
10897,259095.9000
10898,259095.9000
10899,259095.9000
10900,259095.9000
10901,259095.9000
10902,259095.9000
10903,259095.9000
10904,259095.9000
10905,259095.9000
10906,259095.9000
10907,259095.9000
10908,259095.9000
10909,259095.9000
10910,259095.9000
10911,259095.9000
10912,259095.9000
10913,259095.9000
10914,259095.9000
10915,259095.9000
10916,259095.9000
10917,259095.9000
10918,259095.9000
10919,259095.9000
10920,259095.9000
10921,259095.9000
10922,259095.9000
10923,259095.9000
10924,259095.9000
10925,259095.9000
10926,259095.9000
10927,259095.9000
10928,259095.9000
10929,259095.9000
10930,259095.9000
10931,259095.9000
10932,259095.9000
10933,259095.9000
10934,259095.9000
10935,259095.9000
10936,259095.9000
10937,259095.9000
10938,259095.9000
10939,259095.9000
10940,259095.9000
10941,259095.9000
10942,259095.9000
10943,259095.9000
10944,259095.9000
10945,259095.9000
10946,259095.9000
10947,259095.9000
10948,259095.9000
10949,259095.9000
10950,259095.9000
10951,259095.9000
10952,259095.9000
10953,259095.9000
10954,259095.9000
10955,259095.9000
10956,259095.9000
10957,259095.9000
10958,259095.9000
10959,259095.9000
10960,259095.9000
10961,259095.9000
10962,259095.9000
10963,259095.9000
10964,259095.9000
10965,259095.9000
10966,259095.9000
10967,259095.9000
10968,259095.9000
10969,259095.9000
10970,259095.9000
10971,259095.9000
10972,259095.9000
10973,259095.9000
10974,259095.9000
10975,259095.9000
10976,259095.9000
10977,259095.9000
10978,259095.9000
10979,259095.9000
10980,259095.9000
10981,259095.9000
10982,259095.9000
10983,259095.9000
10984,259095.9000
10985,259095.9000
10986,259095.9000
10987,259095.9000
10988,259095.9000
10989,259095.9000
10990,259095.9000
10991,259095.9000
10992,259095.9000
10993,259095.9000
10994,259095.9000
10995,259095.9000
10996,259095.9000
10997,259095.9000
10998,259095.9000
10999,259095.9000
11000,259095.9000
11001,259095.9000
11002,259095.9000
11003,259095.9000
11004,259095.9000
11005,259095.9000
11006,259095.9000
11007,259095.9000
11008,259095.9000
11009,259095.9000
11010,259095.9000
11011,259095.9000
11012,259095.9000
11013,259095.9000
11014,259095.9000
11015,259095.9000
11016,259095.9000
11017,259095.9000
11018,259095.9000
11019,259095.9000
11020,259095.9000
11021,259095.9000
11022,259095.9000
11023,259095.9000
11024,259095.9000
11025,259095.9000
11026,259095.9000
11027,259095.9000
11028,259095.9000
11029,259095.9000
11030,259095.9000
11031,259095.9000
11032,259095.9000
11033,259095.9000
11034,259095.9000
11035,259095.9000
11036,259095.9000
11037,259095.9000
11038,259095.9000
11039,259095.9000
11040,259095.9000
11041,259095.9000
11042,259095.9000
11043,259095.9000
11044,259095.9000
11045,259095.9000
11046,259095.9000
11047,259095.9000
11048,259095.9000
11049,259095.9000
11050,259095.9000
11051,259095.9000
11052,259095.9000
11053,259095.9000
11054,259095.9000
11055,259095.9000
11056,259095.9000
11057,259095.9000
11058,259095.9000
11059,259095.9000
11060,259095.9000
11061,259095.9000
11062,259095.9000
11063,259095.9000
11064,259095.9000
11065,259095.9000
11066,259095.9000
11067,259095.9000
11068,259095.9000
11069,259095.9000
11070,259095.9000
11071,259095.9000
11072,259095.9000
11073,259095.9000
11074,259095.9000
11075,259095.9000
11076,259095.9000
11077,259095.9000
11078,259095.9000
11079,259095.9000
11080,259095.9000
11081,259095.9000
11082,259095.9000
11083,259095.9000
11084,259095.9000
11085,259095.9000
11086,259095.9000
11087,259095.9000
11088,259095.9000
11089,259095.9000
11090,259095.9000
11091,259095.9000
11092,259095.9000
11093,259095.9000
11094,259095.9000
11095,259095.9000
11096,259095.9000
11097,259095.9000
11098,259095.9000
11099,259095.9000
11100,259095.9000
11101,259095.9000
11102,259095.9000
11103,259095.9000
11104,259095.9000
11105,259095.9000
11106,259095.9000
11107,259095.9000
11108,259095.9000
11109,259095.9000
11110,259095.9000
11111,259095.9000
11112,259095.9000
11113,259095.9000
11114,259095.9000
11115,259095.9000
11116,259095.9000
11117,259095.9000
11118,259095.9000
11119,259095.9000
11120,259095.9000
11121,259095.9000
11122,259095.9000
11123,259095.9000
11124,259095.9000
11125,259095.9000
11126,259095.9000
11127,259095.9000
11128,259095.9000
11129,259095.9000
11130,259095.9000
11131,259095.9000
11132,259095.9000
11133,259095.9000
11134,259095.9000
11135,259095.9000
11136,259095.9000
11137,259095.9000
11138,259095.9000
11139,259095.9000
11140,259095.9000
11141,259095.9000
11142,259095.9000
11143,259095.9000
11144,259095.9000
11145,259095.9000
11146,259095.9000
11147,259095.9000
11148,259095.9000
11149,259095.9000
11150,259095.9000
11151,259095.9000
11152,259095.9000
11153,259095.9000
11154,259095.9000
11155,259095.9000
11156,259095.9000
11157,259095.9000
11158,259095.9000
11159,259095.9000
11160,259095.9000
11161,259095.9000
11162,259095.9000
11163,259095.9000
11164,259095.9000
11165,259095.9000
11166,259095.9000
11167,259095.9000
11168,259095.9000
11169,259095.9000
11170,259095.9000
11171,259095.9000
11172,259095.9000
11173,259095.9000
11174,259095.9000
11175,259095.9000
11176,259095.9000
11177,259095.9000
11178,259095.9000
11179,259095.9000
11180,259095.9000
11181,259095.9000
11182,259095.9000
11183,259095.9000
11184,259095.9000
11185,259095.9000
11186,259095.9000
11187,259095.9000
11188,259095.9000
11189,259095.9000
11190,259095.9000
11191,259095.9000
11192,259095.9000
11193,259095.9000
11194,259095.9000
11195,259095.9000
11196,259095.9000
11197,259095.9000
11198,259095.9000
11199,259095.9000
11200,259095.9000
11201,259095.9000
11202,259095.9000
11203,259095.9000
11204,259095.9000
11205,259095.9000
11206,259095.9000
11207,259095.9000
11208,259095.9000
11209,259095.9000
11210,259095.9000
11211,259095.9000
11212,259095.9000
11213,259095.9000
11214,259095.9000
11215,259095.9000
11216,259095.9000
11217,259095.9000
11218,259095.9000
11219,259095.9000
11220,259095.9000
11221,259095.9000
11222,259095.9000
11223,259095.9000
11224,259095.9000
11225,259095.9000
11226,259095.9000
11227,259095.9000
11228,259095.9000
11229,259095.9000
11230,259095.9000
11231,259095.9000
11232,259095.9000
11233,259095.9000
11234,259095.9000
11235,259095.9000
11236,259095.9000
11237,259095.9000
11238,259095.9000
11239,259095.9000
11240,259095.9000
11241,259095.9000
11242,259095.9000
11243,259095.9000
11244,259095.9000
11245,259095.9000
11246,259095.9000
11247,259095.9000
11248,259095.9000
11249,259095.9000
11250,259095.9000
11251,259095.9000
11252,259095.9000
11253,259095.9000
11254,259095.9000
11255,259095.9000
11256,259095.9000
11257,259095.9000
11258,259095.9000
11259,259095.9000
11260,259095.9000
11261,259095.9000
11262,259095.9000
11263,259095.9000
11264,259095.9000
11265,259095.9000
11266,259095.9000
11267,259095.9000
11268,259095.9000
11269,259095.9000
11270,259095.9000
11271,259095.9000
11272,259095.9000
11273,259095.9000
11274,259095.9000
11275,259095.9000
11276,259095.9000
11277,259095.9000
11278,259095.9000
11279,259095.9000
11280,259095.9000
11281,259095.9000
11282,259095.9000
11283,259095.9000
11284,259095.9000
11285,259095.9000
11286,259095.9000
11287,259095.9000
11288,259095.9000
11289,259095.9000
11290,259095.9000
11291,259095.9000
11292,259095.9000
11293,259095.9000
11294,259095.9000
11295,259095.9000
11296,259095.9000
11297,259095.9000
11298,259095.9000
11299,259095.9000
11300,259095.9000
11301,259095.9000
11302,259095.9000
11303,259095.9000
11304,259095.9000
11305,259095.9000
11306,259095.9000
11307,259095.9000
11308,259095.9000
11309,259095.9000
11310,259095.9000
11311,259095.9000
11312,259095.9000
11313,259095.9000
11314,259095.9000
11315,259095.9000
11316,259095.9000
11317,259095.9000
11318,259095.9000
11319,259095.9000
11320,259095.9000
11321,259095.9000
11322,259095.9000
11323,259095.9000
11324,259095.9000
11325,259095.9000
11326,259095.9000
11327,259095.9000
11328,259095.9000
11329,259095.9000
11330,259095.9000
11331,259095.9000
11332,259095.9000
11333,259095.9000
11334,259095.9000
11335,259095.9000
11336,259095.9000
11337,259095.9000
11338,259095.9000
11339,259095.9000
11340,259095.9000
11341,259095.9000
11342,259095.9000
11343,259095.9000
11344,259095.9000
11345,259095.9000
11346,259095.9000
11347,259095.9000
11348,259095.9000
11349,259095.9000
11350,259095.9000
11351,259095.9000
11352,259095.9000
11353,259095.9000
11354,259095.9000
11355,259095.9000
11356,259095.9000
11357,259095.9000
11358,259095.9000
11359,259095.9000
11360,259095.9000
11361,259095.9000
11362,259095.9000
11363,259095.9000
11364,259095.9000
11365,259095.9000
11366,259095.9000
11367,259095.9000
11368,259095.9000
11369,259095.9000
11370,259095.9000
11371,259095.9000
11372,259095.9000
11373,259095.9000
11374,259095.9000
11375,259095.9000
11376,259095.9000
11377,259095.9000
11378,259095.9000
11379,259095.9000
11380,259095.9000
11381,259095.9000
11382,259095.9000
11383,259095.9000
11384,259095.9000
11385,259095.9000
11386,259095.9000
11387,259095.9000
11388,259095.9000
11389,259095.9000
11390,259095.9000
11391,259095.9000
11392,259095.9000
11393,259095.9000
11394,259095.9000
11395,259095.9000
11396,259095.9000
11397,259095.9000
11398,259095.9000
11399,259095.9000
11400,259095.9000
11401,259095.9000
11402,259095.9000
11403,259095.9000
11404,259095.9000
11405,259095.9000
11406,259095.9000
11407,259095.9000
11408,259095.9000
11409,259095.9000
11410,259095.9000
11411,259095.9000
11412,259095.9000
11413,259095.9000
11414,259095.9000
11415,259095.9000
11416,259095.9000
11417,259095.9000
11418,259095.9000
11419,259095.9000
11420,259095.9000
11421,259095.9000
11422,259095.9000
11423,259095.9000
11424,259095.9000
11425,259095.9000
11426,259095.9000
11427,259095.9000
11428,259095.9000
11429,259095.9000
11430,259095.9000
11431,259095.9000
11432,259095.9000
11433,259095.9000
11434,259095.9000
11435,259095.9000
11436,259095.9000
11437,259095.9000
11438,259095.9000
11439,259095.9000
11440,259095.9000
11441,259095.9000
11442,259095.9000
11443,259095.9000
11444,259095.9000
11445,259095.9000
11446,259095.9000
11447,259095.9000
11448,259095.9000
11449,259095.9000
11450,259095.9000
11451,259095.9000
11452,259095.9000
11453,259095.9000
11454,259095.9000
11455,259095.9000
11456,259095.9000
11457,259095.9000
11458,259095.9000
11459,259095.9000
11460,259095.9000
11461,259095.9000
11462,259095.9000
11463,259095.9000
11464,259095.9000
11465,259095.9000
11466,259095.9000
11467,259095.9000
11468,259095.9000
11469,259095.9000
11470,259095.9000
11471,259095.9000
11472,259095.9000
11473,259095.9000
11474,259095.9000
11475,259095.9000
11476,259095.9000
11477,259095.9000
11478,259095.9000
11479,259095.9000
11480,259095.9000
11481,259095.9000
11482,259095.9000
11483,257629.0000
11484,257629.0000
11485,257629.0000
11486,257629.0000
11487,257629.0000
11488,257629.0000
11489,257629.0000
11490,257629.0000
11491,257629.0000
11492,257629.0000
11493,257629.0000
11494,257629.0000
11495,257629.0000
11496,257629.0000
11497,257629.0000
11498,257629.0000
11499,257629.0000
11500,257629.0000
11501,257629.0000
11502,257629.0000
11503,257629.0000
11504,257629.0000
11505,257629.0000
11506,257629.0000
11507,257629.0000
11508,257629.0000
11509,257629.0000
11510,257629.0000
11511,257629.0000
11512,257629.0000
11513,257629.0000
11514,257629.0000
11515,257629.0000
11516,257629.0000
11517,257629.0000
11518,257629.0000
11519,257629.0000
11520,257629.0000
11521,257629.0000
11522,257629.0000
11523,257629.0000
11524,257629.0000
11525,257629.0000
11526,257629.0000
11527,257629.0000
11528,257629.0000
11529,257629.0000
11530,257629.0000
11531,257629.0000
11532,257629.0000
11533,257629.0000
11534,257629.0000
11535,257629.0000
11536,257629.0000
11537,257629.0000
11538,257629.0000
11539,257629.0000
11540,257629.0000
11541,257629.0000
11542,257629.0000
11543,257629.0000
11544,257629.0000
11545,257629.0000
11546,257629.0000
11547,257629.0000
11548,257629.0000
11549,257629.0000
11550,257629.0000
11551,257629.0000
11552,257629.0000
11553,257629.0000
11554,257629.0000
11555,257629.0000
11556,257629.0000
11557,257629.0000
11558,257629.0000
11559,257629.0000
11560,257629.0000
11561,257629.0000
11562,257629.0000
11563,257629.0000
11564,257629.0000
11565,257629.0000
11566,257629.0000
11567,257629.0000
11568,257629.0000
11569,257629.0000
11570,257629.0000
11571,257629.0000
11572,257629.0000
11573,257629.0000
11574,257629.0000
11575,257629.0000
11576,257629.0000
11577,257629.0000
11578,257629.0000
11579,257629.0000
11580,257629.0000
11581,257629.0000
11582,257629.0000
11583,257629.0000
11584,257629.0000
11585,257629.0000
11586,257629.0000
11587,257629.0000
11588,257629.0000
11589,257629.0000
11590,257629.0000
11591,257629.0000
11592,257629.0000
11593,257629.0000
11594,257629.0000
11595,257629.0000
11596,257629.0000
11597,257629.0000
11598,257629.0000
11599,257629.0000
11600,257629.0000
11601,257629.0000
11602,257629.0000
11603,257629.0000
11604,257629.0000
11605,257629.0000
11606,257629.0000
11607,257629.0000
11608,257629.0000
11609,257629.0000
11610,257629.0000
11611,257629.0000
11612,257629.0000
11613,257629.0000
11614,257629.0000
11615,257629.0000
11616,257629.0000
11617,257629.0000
11618,257629.0000
11619,257629.0000
