迭代次数,Cmax
1,305499.9000
2,305499.9000
3,305499.9000
4,287472.3000
5,284533.0000
6,284533.0000
7,284533.0000
8,284533.0000
9,283117.0000
10,283117.0000
11,283117.0000
12,283117.0000
13,283117.0000
14,282168.6000
15,282168.6000
16,282168.6000
17,282168.6000
18,282168.6000
19,282168.6000
20,282168.6000
21,282168.6000
22,282168.6000
23,282168.6000
24,282168.6000
25,282168.6000
26,282168.6000
27,282168.6000
28,282168.6000
29,282168.6000
30,282168.6000
31,282168.6000
32,282168.6000
33,282168.6000
34,267835.8000
35,267835.8000
36,267835.8000
37,267835.8000
38,267835.8000
39,267835.8000
40,267835.8000
41,267835.8000
42,267835.8000
43,267835.8000
44,267835.8000
45,267835.8000
46,267835.8000
47,267835.8000
48,267835.8000
49,267835.8000
50,267835.8000
51,267835.8000
52,267835.8000
53,267835.8000
54,267835.8000
55,267835.8000
56,267835.8000
57,267835.8000
58,267835.8000
59,267835.8000
60,267835.8000
61,267835.8000
62,267835.8000
63,267835.8000
64,267835.8000
65,267835.8000
66,267835.8000
67,267835.8000
68,267835.8000
69,267835.8000
70,266361.0000
71,266361.0000
72,266361.0000
73,266361.0000
74,266361.0000
75,266361.0000
76,266361.0000
77,266361.0000
78,266361.0000
79,266361.0000
80,266361.0000
81,266361.0000
82,266361.0000
83,266361.0000
84,266361.0000
85,266361.0000
86,266361.0000
87,266361.0000
88,266361.0000
89,266361.0000
90,266361.0000
91,266361.0000
92,266361.0000
93,266361.0000
94,266361.0000
95,266361.0000
96,266361.0000
97,266361.0000
98,266361.0000
99,266361.0000
100,266361.0000
101,266361.0000
102,266361.0000
103,266361.0000
104,266125.0000
105,266125.0000
106,266125.0000
107,266125.0000
108,266125.0000
109,266125.0000
110,266125.0000
111,266125.0000
112,266125.0000
113,266125.0000
114,266125.0000
115,266125.0000
116,266125.0000
117,266125.0000
118,266125.0000
119,266125.0000
120,266125.0000
121,266125.0000
122,266125.0000
123,266125.0000
124,266125.0000
125,266125.0000
126,266125.0000
127,266125.0000
128,266125.0000
129,266125.0000
130,266125.0000
131,264075.9000
132,264075.9000
133,264075.9000
134,264075.9000
135,264075.9000
136,264075.9000
137,264075.9000
138,264075.9000
139,264075.9000
140,264075.9000
141,264075.9000
142,264075.9000
143,264075.9000
144,264075.9000
145,264075.9000
146,264075.9000
147,264075.9000
148,264075.9000
149,264075.9000
150,264075.9000
151,264075.9000
152,261877.0000
153,261877.0000
154,261877.0000
155,261877.0000
156,261877.0000
157,261877.0000
158,261877.0000
159,261877.0000
160,261877.0000
161,261877.0000
162,261877.0000
163,261877.0000
164,261877.0000
165,261877.0000
166,261877.0000
167,261877.0000
168,261877.0000
169,261877.0000
170,261877.0000
171,261877.0000
172,261877.0000
173,261877.0000
174,261877.0000
175,261877.0000
176,261877.0000
177,261877.0000
178,261877.0000
179,261877.0000
180,261877.0000
181,261877.0000
182,261877.0000
183,261877.0000
184,261877.0000
185,261877.0000
186,261877.0000
187,261877.0000
188,261877.0000
189,261877.0000
190,261877.0000
191,261877.0000
192,261877.0000
193,261877.0000
194,261877.0000
195,261877.0000
196,261169.0000
197,261169.0000
198,261169.0000
199,261169.0000
200,261169.0000
201,261169.0000
202,261169.0000
203,261169.0000
204,261169.0000
205,261169.0000
206,261169.0000
207,261169.0000
208,261169.0000
209,261169.0000
210,261169.0000
211,261169.0000
212,261169.0000
213,261169.0000
214,261169.0000
215,261169.0000
216,261169.0000
217,261169.0000
218,261169.0000
219,261169.0000
220,261169.0000
221,261169.0000
222,261169.0000
223,261169.0000
224,261169.0000
225,261169.0000
226,261169.0000
227,261169.0000
228,261169.0000
229,261169.0000
230,261169.0000
231,261169.0000
232,261169.0000
233,261169.0000
234,261169.0000
235,261169.0000
236,261169.0000
237,261169.0000
238,261169.0000
239,261169.0000
240,261169.0000
241,261169.0000
242,261169.0000
243,261169.0000
244,261169.0000
245,261169.0000
246,261169.0000
247,261169.0000
248,261169.0000
249,261169.0000
250,261169.0000
251,261169.0000
252,261169.0000
253,261169.0000
254,261169.0000
255,261169.0000
256,261169.0000
257,261169.0000
258,261169.0000
259,261169.0000
260,261169.0000
261,261169.0000
262,261169.0000
263,261169.0000
264,261169.0000
265,261169.0000
266,261169.0000
267,261169.0000
268,261169.0000
269,261169.0000
270,261169.0000
271,261169.0000
272,261169.0000
273,261169.0000
274,261169.0000
275,261169.0000
276,261169.0000
277,261169.0000
278,261169.0000
279,261169.0000
280,261169.0000
281,261169.0000
282,261169.0000
283,261169.0000
284,261169.0000
285,261169.0000
286,261169.0000
287,261169.0000
288,261169.0000
289,261169.0000
290,261169.0000
291,261169.0000
292,261169.0000
293,261169.0000
294,261169.0000
295,261169.0000
296,261169.0000
297,261169.0000
298,261169.0000
299,261169.0000
300,261169.0000
301,261169.0000
302,261169.0000
303,261169.0000
304,261169.0000
305,261169.0000
306,261169.0000
307,261169.0000
308,261169.0000
309,261169.0000
310,261169.0000
311,261169.0000
312,261169.0000
313,261169.0000
314,261169.0000
315,261169.0000
316,261169.0000
317,261169.0000
318,261169.0000
319,261169.0000
320,261169.0000
321,261169.0000
322,261169.0000
323,261169.0000
324,261169.0000
325,261169.0000
326,261169.0000
327,261169.0000
328,261169.0000
329,261169.0000
330,261169.0000
331,261169.0000
332,261169.0000
333,261169.0000
334,261169.0000
335,261169.0000
336,261169.0000
337,261169.0000
338,261169.0000
339,261169.0000
340,261169.0000
341,261169.0000
342,261169.0000
343,261169.0000
344,261169.0000
345,261169.0000
346,261169.0000
347,261169.0000
348,261169.0000
349,261169.0000
350,261169.0000
351,261169.0000
352,261169.0000
353,261169.0000
354,261169.0000
355,261169.0000
356,261169.0000
357,261169.0000
358,261169.0000
359,261169.0000
360,261169.0000
361,261169.0000
362,261169.0000
363,261169.0000
364,261169.0000
365,261169.0000
366,261169.0000
367,261169.0000
368,261169.0000
369,261169.0000
370,261169.0000
371,261169.0000
372,261169.0000
373,261169.0000
374,261169.0000
375,261169.0000
376,261169.0000
377,261169.0000
378,261169.0000
379,261169.0000
380,261169.0000
381,261169.0000
382,261169.0000
383,261169.0000
384,261169.0000
385,261169.0000
386,261169.0000
387,261169.0000
388,261169.0000
389,261169.0000
390,261169.0000
391,261169.0000
392,261169.0000
393,261169.0000
394,261169.0000
395,261169.0000
396,261169.0000
397,261169.0000
398,261169.0000
399,261169.0000
400,261169.0000
401,261169.0000
402,261169.0000
403,261169.0000
404,261169.0000
405,261169.0000
406,261169.0000
407,261169.0000
408,261169.0000
409,261169.0000
410,261169.0000
411,261169.0000
412,261169.0000
413,261169.0000
414,261169.0000
415,261169.0000
416,261169.0000
417,261169.0000
418,261169.0000
419,261169.0000
420,261169.0000
421,261169.0000
422,261169.0000
423,261169.0000
424,261169.0000
425,261169.0000
426,261169.0000
427,261169.0000
428,261169.0000
429,261169.0000
430,261169.0000
431,261169.0000
432,261169.0000
433,261169.0000
434,261169.0000
435,261169.0000
436,261169.0000
437,261169.0000
438,261169.0000
439,261169.0000
440,261169.0000
441,261169.0000
442,261169.0000
443,261169.0000
444,261169.0000
445,261169.0000
446,261169.0000
447,261169.0000
448,261169.0000
449,261169.0000
450,261169.0000
451,261169.0000
452,261169.0000
453,261169.0000
454,261169.0000
455,261169.0000
456,261169.0000
457,261169.0000
458,261169.0000
459,261169.0000
460,261169.0000
461,261169.0000
462,261169.0000
463,261169.0000
464,261169.0000
465,261169.0000
466,261169.0000
467,261169.0000
468,261169.0000
469,261169.0000
470,261169.0000
471,261169.0000
472,261169.0000
473,261169.0000
474,261169.0000
475,261169.0000
476,261169.0000
477,261169.0000
478,261169.0000
479,261169.0000
480,261169.0000
481,261169.0000
482,261169.0000
483,261169.0000
484,261169.0000
485,261169.0000
486,261169.0000
487,261169.0000
488,261169.0000
489,261169.0000
490,261169.0000
491,261169.0000
492,261169.0000
493,261169.0000
494,261169.0000
495,261169.0000
496,261169.0000
497,261169.0000
498,261169.0000
499,261169.0000
500,261169.0000
501,261169.0000
502,261169.0000
503,261169.0000
504,261169.0000
505,261169.0000
506,261169.0000
507,261169.0000
508,261169.0000
509,261169.0000
510,261169.0000
511,261169.0000
512,261169.0000
513,261169.0000
514,261169.0000
515,261169.0000
516,261169.0000
517,261169.0000
518,261169.0000
519,261169.0000
520,261169.0000
521,261169.0000
522,261169.0000
523,261169.0000
524,261169.0000
525,261169.0000
526,261169.0000
527,261169.0000
528,261169.0000
529,261169.0000
530,261169.0000
531,261169.0000
532,261169.0000
533,261169.0000
534,261169.0000
535,261169.0000
536,261169.0000
537,261169.0000
538,261169.0000
539,261169.0000
540,261169.0000
541,261169.0000
542,261169.0000
543,261169.0000
544,261169.0000
545,261169.0000
546,261169.0000
547,261169.0000
548,261169.0000
549,261169.0000
550,261169.0000
551,261169.0000
552,261169.0000
553,261169.0000
554,261169.0000
555,261169.0000
556,261169.0000
557,261169.0000
558,261169.0000
559,261169.0000
560,261169.0000
561,261169.0000
562,261169.0000
563,261169.0000
564,261169.0000
565,261169.0000
566,261169.0000
567,261169.0000
568,261169.0000
569,261169.0000
570,261169.0000
571,261169.0000
572,261169.0000
573,261169.0000
574,261169.0000
575,261169.0000
576,261169.0000
577,261169.0000
578,261169.0000
579,261169.0000
580,261169.0000
581,261169.0000
582,261169.0000
583,261169.0000
584,261169.0000
585,261169.0000
586,261169.0000
587,261169.0000
588,261169.0000
589,261169.0000
590,261169.0000
591,261169.0000
592,261169.0000
593,261169.0000
594,261169.0000
595,261169.0000
596,261169.0000
597,261169.0000
598,261169.0000
599,261169.0000
600,261169.0000
601,261169.0000
602,261169.0000
603,261169.0000
604,261169.0000
605,261169.0000
606,261169.0000
607,261169.0000
608,261169.0000
609,261169.0000
610,261169.0000
611,261169.0000
612,261169.0000
613,261169.0000
614,261169.0000
615,261169.0000
616,261169.0000
617,261169.0000
618,261169.0000
619,261169.0000
620,261169.0000
621,261169.0000
622,261169.0000
623,261169.0000
624,261169.0000
625,261169.0000
626,261169.0000
627,261169.0000
628,261169.0000
629,261169.0000
630,261169.0000
631,261169.0000
632,261169.0000
633,261169.0000
634,261169.0000
635,261169.0000
636,261169.0000
637,261169.0000
638,261169.0000
639,261169.0000
640,261169.0000
641,261169.0000
642,261169.0000
643,261169.0000
644,261169.0000
645,261169.0000
646,261169.0000
647,261169.0000
648,261169.0000
649,261169.0000
650,261169.0000
651,261169.0000
652,261169.0000
653,261169.0000
654,261169.0000
655,261169.0000
656,261169.0000
657,261169.0000
658,261169.0000
659,261169.0000
660,261169.0000
661,261169.0000
662,261169.0000
663,261169.0000
664,261169.0000
665,261169.0000
666,261169.0000
667,261169.0000
668,261169.0000
669,261169.0000
670,261169.0000
671,261169.0000
672,261169.0000
673,261169.0000
674,261169.0000
675,261169.0000
676,261169.0000
677,261169.0000
678,261169.0000
679,261169.0000
680,261169.0000
681,261169.0000
682,261169.0000
683,261169.0000
684,261169.0000
685,261169.0000
686,261169.0000
687,261169.0000
688,261169.0000
689,261169.0000
690,261169.0000
691,261169.0000
692,261169.0000
693,261169.0000
694,261169.0000
695,261169.0000
696,261169.0000
697,261169.0000
698,261169.0000
699,261169.0000
700,261169.0000
701,261169.0000
702,261169.0000
703,261169.0000
704,261169.0000
705,261169.0000
706,261169.0000
707,261169.0000
708,261169.0000
709,261169.0000
710,261169.0000
711,261169.0000
712,261169.0000
713,261169.0000
714,261169.0000
715,261169.0000
716,261169.0000
717,261169.0000
718,261169.0000
719,261169.0000
720,261169.0000
721,261169.0000
722,261169.0000
723,261169.0000
724,261169.0000
725,261169.0000
726,261169.0000
727,261169.0000
728,261169.0000
729,261169.0000
730,261169.0000
731,261169.0000
732,261169.0000
733,261169.0000
734,261169.0000
735,261169.0000
736,261169.0000
737,261169.0000
738,261169.0000
739,261169.0000
740,261169.0000
741,261169.0000
742,261169.0000
743,261169.0000
744,261169.0000
745,261169.0000
746,261169.0000
747,261169.0000
748,261169.0000
749,261169.0000
750,261169.0000
751,261169.0000
752,261169.0000
753,261169.0000
754,261169.0000
755,261169.0000
756,261169.0000
757,261169.0000
758,261169.0000
759,261169.0000
760,261169.0000
761,261169.0000
762,261169.0000
763,261169.0000
764,261169.0000
765,261169.0000
766,261169.0000
767,261169.0000
768,261169.0000
769,261169.0000
770,261169.0000
771,261169.0000
772,261169.0000
773,261169.0000
774,261169.0000
775,261169.0000
776,261169.0000
777,261169.0000
778,261169.0000
779,261169.0000
780,261169.0000
781,261169.0000
782,261169.0000
783,261169.0000
784,261169.0000
785,261169.0000
786,261169.0000
787,261169.0000
788,261169.0000
789,261169.0000
790,261169.0000
791,261169.0000
792,261169.0000
793,261169.0000
794,261169.0000
795,261169.0000
796,261169.0000
797,261169.0000
798,261169.0000
799,261169.0000
800,261169.0000
801,261169.0000
802,261169.0000
803,261169.0000
804,261169.0000
805,261169.0000
806,261169.0000
807,261169.0000
808,261169.0000
809,261169.0000
810,261169.0000
811,261169.0000
812,261169.0000
813,261169.0000
814,261169.0000
815,261169.0000
816,261169.0000
817,261169.0000
818,261169.0000
819,261169.0000
820,261169.0000
821,261169.0000
822,261169.0000
823,261169.0000
824,261169.0000
825,261169.0000
826,261169.0000
827,261169.0000
828,261169.0000
829,261169.0000
830,261169.0000
831,261169.0000
832,261169.0000
833,261169.0000
834,261169.0000
835,261169.0000
836,261169.0000
837,261169.0000
838,261169.0000
839,261169.0000
840,261169.0000
841,261169.0000
842,261169.0000
843,261169.0000
844,261169.0000
845,261169.0000
846,261169.0000
847,261169.0000
848,261169.0000
849,261169.0000
850,261169.0000
851,261169.0000
852,261169.0000
853,261169.0000
854,261169.0000
855,261169.0000
856,261169.0000
857,261169.0000
858,261169.0000
859,261169.0000
860,261169.0000
861,261169.0000
862,261169.0000
863,261169.0000
864,261169.0000
865,261169.0000
866,261169.0000
867,261169.0000
868,261169.0000
869,261169.0000
870,261169.0000
871,261169.0000
872,261169.0000
873,261169.0000
874,261169.0000
875,261169.0000
876,261169.0000
877,261169.0000
878,261169.0000
879,261169.0000
880,261169.0000
881,261169.0000
882,261169.0000
883,261169.0000
884,261169.0000
885,261169.0000
886,261169.0000
887,261169.0000
888,261169.0000
889,261169.0000
890,261169.0000
891,261169.0000
892,261169.0000
893,261169.0000
894,261169.0000
895,261169.0000
896,261169.0000
897,261169.0000
898,261169.0000
899,261169.0000
900,261169.0000
901,261169.0000
902,261169.0000
903,261169.0000
904,261169.0000
905,261169.0000
906,261169.0000
907,261169.0000
908,261169.0000
909,261169.0000
910,261169.0000
911,261169.0000
912,261169.0000
913,261169.0000
914,261169.0000
915,261169.0000
916,261169.0000
917,261169.0000
918,261169.0000
919,261169.0000
920,261169.0000
921,261169.0000
922,261169.0000
923,261169.0000
924,261169.0000
925,261169.0000
926,261169.0000
927,261169.0000
928,261169.0000
929,261169.0000
930,261169.0000
931,261169.0000
932,261169.0000
933,261169.0000
934,261169.0000
935,261169.0000
936,261169.0000
937,261169.0000
938,261169.0000
939,261169.0000
940,261169.0000
941,261169.0000
942,261169.0000
943,261169.0000
944,261169.0000
945,261169.0000
946,261169.0000
947,261169.0000
948,261169.0000
949,261169.0000
950,261169.0000
951,261169.0000
952,261169.0000
953,261169.0000
954,261169.0000
955,261169.0000
956,261169.0000
957,261169.0000
958,261169.0000
959,261169.0000
960,261169.0000
961,261169.0000
962,261169.0000
963,261169.0000
964,261169.0000
965,261169.0000
966,261169.0000
967,261169.0000
968,261169.0000
969,261169.0000
970,261169.0000
971,261169.0000
972,261169.0000
973,261169.0000
974,261169.0000
975,261169.0000
976,261169.0000
977,261169.0000
978,261169.0000
979,261169.0000
980,261169.0000
981,261169.0000
982,261169.0000
983,261169.0000
984,261169.0000
985,261169.0000
986,261169.0000
987,261169.0000
988,261169.0000
989,261169.0000
990,261169.0000
991,261169.0000
992,261169.0000
993,261169.0000
994,261169.0000
995,261169.0000
996,261169.0000
997,261169.0000
998,261169.0000
999,261169.0000
1000,261169.0000
1001,261169.0000
1002,261169.0000
1003,261169.0000
1004,261169.0000
1005,261169.0000
1006,261169.0000
1007,261169.0000
1008,261169.0000
1009,261169.0000
1010,261169.0000
1011,261169.0000
1012,261169.0000
1013,261169.0000
1014,261169.0000
1015,261169.0000
1016,261169.0000
1017,261169.0000
1018,261169.0000
1019,261169.0000
1020,261169.0000
1021,261169.0000
1022,261169.0000
1023,261169.0000
1024,261169.0000
1025,261169.0000
1026,261169.0000
1027,261169.0000
1028,261169.0000
1029,261169.0000
1030,261169.0000
1031,261169.0000
1032,261169.0000
1033,261169.0000
1034,261169.0000
1035,261169.0000
1036,261169.0000
1037,261169.0000
1038,261169.0000
1039,261169.0000
1040,261169.0000
1041,261169.0000
1042,261169.0000
1043,261169.0000
1044,261169.0000
1045,261169.0000
1046,261169.0000
1047,261169.0000
1048,261169.0000
1049,261169.0000
1050,261169.0000
1051,261169.0000
1052,261169.0000
1053,261169.0000
1054,261169.0000
1055,261169.0000
1056,261169.0000
1057,261169.0000
1058,261169.0000
1059,261169.0000
1060,261169.0000
1061,261169.0000
1062,261169.0000
1063,261169.0000
1064,261169.0000
1065,261169.0000
1066,261169.0000
1067,261169.0000
1068,261169.0000
1069,261169.0000
1070,261169.0000
1071,261169.0000
1072,261169.0000
1073,261169.0000
1074,261169.0000
1075,261169.0000
1076,261169.0000
1077,261169.0000
1078,261169.0000
1079,261169.0000
1080,261169.0000
1081,261169.0000
1082,261169.0000
1083,261169.0000
1084,261169.0000
1085,261169.0000
1086,261169.0000
1087,261169.0000
1088,261169.0000
1089,261169.0000
1090,261169.0000
1091,261169.0000
1092,261169.0000
1093,261169.0000
1094,261169.0000
1095,261169.0000
1096,261169.0000
1097,261169.0000
1098,261169.0000
1099,261169.0000
1100,261169.0000
1101,261169.0000
1102,261169.0000
1103,261169.0000
1104,261169.0000
1105,261169.0000
1106,261169.0000
1107,261169.0000
1108,261169.0000
1109,261169.0000
1110,261169.0000
1111,261169.0000
1112,261169.0000
1113,261169.0000
1114,261169.0000
1115,261169.0000
1116,261169.0000
1117,261169.0000
1118,261169.0000
1119,261169.0000
1120,261169.0000
1121,261169.0000
1122,261169.0000
1123,261169.0000
1124,261169.0000
1125,261169.0000
1126,261169.0000
1127,261169.0000
1128,261169.0000
1129,261169.0000
1130,261169.0000
1131,261169.0000
1132,261169.0000
1133,261169.0000
1134,261169.0000
1135,261169.0000
1136,261169.0000
1137,261169.0000
1138,261169.0000
1139,261169.0000
1140,261169.0000
1141,261169.0000
1142,261169.0000
1143,261169.0000
1144,261169.0000
1145,261169.0000
1146,261169.0000
1147,261169.0000
1148,261169.0000
1149,261169.0000
1150,261169.0000
1151,261169.0000
1152,261169.0000
1153,261169.0000
1154,261169.0000
1155,261169.0000
1156,261169.0000
1157,261169.0000
1158,261169.0000
1159,261169.0000
1160,261169.0000
1161,261169.0000
1162,261169.0000
1163,261169.0000
1164,261169.0000
1165,261169.0000
1166,261169.0000
1167,261169.0000
1168,261169.0000
1169,261169.0000
1170,261169.0000
1171,261169.0000
1172,261169.0000
1173,261169.0000
1174,261169.0000
1175,261169.0000
1176,261169.0000
1177,261169.0000
1178,261169.0000
1179,261169.0000
1180,261169.0000
1181,261169.0000
1182,261169.0000
1183,261169.0000
1184,261169.0000
1185,261169.0000
1186,261169.0000
1187,261169.0000
1188,261169.0000
1189,261169.0000
1190,261169.0000
1191,261169.0000
1192,261169.0000
1193,261169.0000
1194,261169.0000
1195,261169.0000
1196,261169.0000
1197,261169.0000
1198,261169.0000
1199,261169.0000
1200,261169.0000
1201,261169.0000
1202,261169.0000
1203,261169.0000
1204,261169.0000
1205,261169.0000
1206,261169.0000
1207,261169.0000
1208,261169.0000
1209,261169.0000
1210,261169.0000
1211,261169.0000
1212,261169.0000
1213,261169.0000
1214,261169.0000
1215,261169.0000
1216,261169.0000
1217,261169.0000
1218,261169.0000
1219,261169.0000
1220,261169.0000
1221,261169.0000
1222,261169.0000
1223,261169.0000
1224,261169.0000
1225,261169.0000
1226,261169.0000
1227,261169.0000
1228,261169.0000
1229,261169.0000
1230,261169.0000
1231,261169.0000
1232,261169.0000
1233,261169.0000
1234,261169.0000
1235,261169.0000
1236,261169.0000
1237,261169.0000
1238,261169.0000
1239,261169.0000
1240,261169.0000
1241,261169.0000
1242,261169.0000
1243,261169.0000
1244,261169.0000
1245,261169.0000
1246,261169.0000
1247,261169.0000
1248,261169.0000
1249,261169.0000
1250,261169.0000
1251,261169.0000
1252,261169.0000
1253,261169.0000
1254,261169.0000
1255,261169.0000
1256,261169.0000
1257,261169.0000
1258,261169.0000
1259,261169.0000
1260,261169.0000
1261,261169.0000
1262,261169.0000
1263,261169.0000
1264,261169.0000
1265,261169.0000
1266,261169.0000
1267,261169.0000
1268,261169.0000
1269,261169.0000
1270,261169.0000
1271,261169.0000
1272,261169.0000
1273,261169.0000
1274,261169.0000
1275,261169.0000
1276,261169.0000
1277,261169.0000
1278,261169.0000
1279,261169.0000
1280,261169.0000
1281,261169.0000
1282,261169.0000
1283,261169.0000
1284,261169.0000
1285,261169.0000
1286,261169.0000
1287,261169.0000
1288,261169.0000
1289,261169.0000
1290,261169.0000
1291,261169.0000
1292,261169.0000
1293,261169.0000
1294,261169.0000
1295,261169.0000
1296,261169.0000
1297,261169.0000
1298,261169.0000
1299,261169.0000
1300,261169.0000
1301,261169.0000
1302,261169.0000
1303,261169.0000
1304,261169.0000
1305,261169.0000
1306,261169.0000
1307,261169.0000
1308,261169.0000
1309,261169.0000
1310,261169.0000
1311,261169.0000
1312,261169.0000
1313,261169.0000
1314,261169.0000
1315,261169.0000
1316,261169.0000
1317,261169.0000
1318,261169.0000
1319,261169.0000
1320,261169.0000
1321,261169.0000
1322,261169.0000
1323,261169.0000
1324,261169.0000
1325,261169.0000
1326,261169.0000
1327,261169.0000
1328,261169.0000
1329,261169.0000
1330,261169.0000
1331,261169.0000
1332,261169.0000
1333,261169.0000
1334,261169.0000
1335,261169.0000
1336,261169.0000
1337,261169.0000
1338,261169.0000
1339,261169.0000
1340,261169.0000
1341,261169.0000
1342,261169.0000
1343,261169.0000
1344,261169.0000
1345,261169.0000
1346,261169.0000
1347,261169.0000
1348,261169.0000
1349,261169.0000
1350,261169.0000
1351,261169.0000
1352,261169.0000
1353,261169.0000
1354,261169.0000
1355,261169.0000
1356,261169.0000
1357,261169.0000
1358,261169.0000
1359,261169.0000
1360,261169.0000
1361,261169.0000
1362,261169.0000
1363,261169.0000
1364,261169.0000
1365,261169.0000
1366,261169.0000
1367,261169.0000
1368,261169.0000
1369,261169.0000
1370,261169.0000
1371,261169.0000
1372,261169.0000
1373,261169.0000
1374,261169.0000
1375,261169.0000
1376,261169.0000
1377,261169.0000
1378,261169.0000
1379,261169.0000
1380,261169.0000
1381,261169.0000
1382,261169.0000
1383,261169.0000
1384,261169.0000
1385,261169.0000
1386,261169.0000
1387,261169.0000
1388,261169.0000
1389,261169.0000
1390,261169.0000
1391,261169.0000
1392,261169.0000
1393,261169.0000
1394,261169.0000
1395,261169.0000
1396,261169.0000
1397,261169.0000
1398,261169.0000
1399,261169.0000
1400,261169.0000
1401,261169.0000
1402,261169.0000
1403,261169.0000
1404,261169.0000
1405,261169.0000
1406,261169.0000
1407,261169.0000
1408,261169.0000
1409,261169.0000
1410,261169.0000
1411,261169.0000
1412,261169.0000
1413,261169.0000
1414,261169.0000
1415,261169.0000
1416,261169.0000
1417,261169.0000
1418,261169.0000
1419,261169.0000
1420,261169.0000
1421,261169.0000
1422,261169.0000
1423,261169.0000
1424,261169.0000
1425,261169.0000
1426,261169.0000
1427,261169.0000
1428,261169.0000
1429,261169.0000
1430,261169.0000
1431,261169.0000
1432,261169.0000
1433,260933.0000
1434,260933.0000
1435,260933.0000
1436,260933.0000
1437,258337.0000
1438,258337.0000
1439,258337.0000
1440,258337.0000
1441,258337.0000
1442,258337.0000
1443,258337.0000
1444,258337.0000
1445,258337.0000
1446,258337.0000
1447,258337.0000
1448,258337.0000
1449,258337.0000
1450,258337.0000
1451,258337.0000
1452,258337.0000
1453,258337.0000
1454,258337.0000
1455,258337.0000
1456,258337.0000
1457,258337.0000
1458,258337.0000
1459,258337.0000
1460,258337.0000
1461,258337.0000
1462,258337.0000
1463,258337.0000
1464,258337.0000
1465,258337.0000
1466,258337.0000
1467,258337.0000
1468,258337.0000
1469,258337.0000
1470,258337.0000
1471,258337.0000
1472,258337.0000
1473,258337.0000
1474,258337.0000
1475,258337.0000
1476,258337.0000
1477,258337.0000
1478,258337.0000
1479,258337.0000
1480,258337.0000
1481,258337.0000
1482,258337.0000
1483,258337.0000
1484,258337.0000
1485,258337.0000
1486,258337.0000
1487,258337.0000
1488,258337.0000
1489,258337.0000
1490,258337.0000
1491,258337.0000
1492,258337.0000
1493,258337.0000
1494,258337.0000
1495,258337.0000
1496,258337.0000
1497,258337.0000
1498,258337.0000
1499,258337.0000
1500,258337.0000
1501,258337.0000
1502,258337.0000
1503,258337.0000
1504,258337.0000
1505,258337.0000
1506,258337.0000
1507,258337.0000
1508,258337.0000
1509,258337.0000
1510,258337.0000
1511,258337.0000
1512,258337.0000
1513,258337.0000
1514,258337.0000
1515,258337.0000
1516,258337.0000
1517,258337.0000
1518,258337.0000
1519,258337.0000
1520,258337.0000
1521,258337.0000
1522,258337.0000
1523,258337.0000
1524,258337.0000
1525,258337.0000
1526,258337.0000
1527,258337.0000
1528,258337.0000
1529,258337.0000
1530,258337.0000
1531,258337.0000
1532,258337.0000
1533,258337.0000
1534,258337.0000
1535,258337.0000
1536,258337.0000
1537,258337.0000
1538,258337.0000
1539,258337.0000
1540,258337.0000
1541,258337.0000
1542,258337.0000
1543,258337.0000
1544,258337.0000
1545,258337.0000
1546,258337.0000
1547,258337.0000
1548,258337.0000
1549,258337.0000
1550,258337.0000
1551,258337.0000
1552,258337.0000
1553,258337.0000
1554,258337.0000
1555,258337.0000
1556,258337.0000
1557,258337.0000
1558,258337.0000
1559,258337.0000
1560,258337.0000
1561,258337.0000
1562,258337.0000
1563,258337.0000
1564,258337.0000
1565,258337.0000
1566,258337.0000
1567,258337.0000
1568,258337.0000
1569,258337.0000
1570,258337.0000
1571,258337.0000
1572,258337.0000
1573,258337.0000
1574,258337.0000
1575,258337.0000
1576,258337.0000
1577,258337.0000
1578,258337.0000
1579,258337.0000
1580,258337.0000
1581,258337.0000
1582,258337.0000
1583,258337.0000
1584,258337.0000
1585,258337.0000
1586,258337.0000
1587,258337.0000
1588,258337.0000
1589,258337.0000
1590,258337.0000
1591,258337.0000
1592,258337.0000
1593,258337.0000
1594,258337.0000
1595,258337.0000
1596,258337.0000
1597,258337.0000
1598,258337.0000
1599,258337.0000
1600,258337.0000
1601,258337.0000
1602,258337.0000
1603,258337.0000
1604,258337.0000
1605,258337.0000
1606,258337.0000
1607,258337.0000
1608,258337.0000
1609,258337.0000
1610,258337.0000
1611,258337.0000
1612,258337.0000
1613,258337.0000
1614,258337.0000
1615,258337.0000
1616,258337.0000
1617,258337.0000
1618,258337.0000
1619,258337.0000
1620,258337.0000
1621,258337.0000
1622,258337.0000
1623,258337.0000
1624,258337.0000
1625,258337.0000
1626,258337.0000
1627,258337.0000
1628,258337.0000
1629,258337.0000
1630,258337.0000
1631,258337.0000
1632,258337.0000
1633,258337.0000
1634,258337.0000
1635,258337.0000
1636,258337.0000
1637,258337.0000
1638,258337.0000
1639,258337.0000
1640,258337.0000
1641,258337.0000
1642,258337.0000
1643,258337.0000
1644,258337.0000
1645,258337.0000
1646,258337.0000
1647,258337.0000
1648,258337.0000
1649,258337.0000
1650,258337.0000
1651,258337.0000
1652,258337.0000
1653,258337.0000
1654,258337.0000
1655,258337.0000
1656,258337.0000
1657,258337.0000
1658,258337.0000
1659,258337.0000
1660,258337.0000
1661,258337.0000
1662,258337.0000
1663,258337.0000
1664,258337.0000
1665,258337.0000
1666,258337.0000
1667,258337.0000
1668,258337.0000
1669,258337.0000
1670,258337.0000
1671,258337.0000
1672,258337.0000
1673,258337.0000
1674,258337.0000
1675,258337.0000
1676,258337.0000
1677,258337.0000
1678,258337.0000
1679,258337.0000
1680,258337.0000
1681,258337.0000
1682,258337.0000
1683,258337.0000
1684,258337.0000
1685,258337.0000
1686,258337.0000
1687,258337.0000
1688,258337.0000
1689,258337.0000
1690,258337.0000
1691,258337.0000
1692,258337.0000
1693,258337.0000
1694,258337.0000
1695,258337.0000
1696,258337.0000
1697,258337.0000
1698,258337.0000
1699,258337.0000
1700,258337.0000
1701,258337.0000
1702,258337.0000
1703,258337.0000
1704,258337.0000
1705,258337.0000
1706,258337.0000
1707,258337.0000
1708,258337.0000
1709,258337.0000
1710,258337.0000
1711,258337.0000
1712,258337.0000
1713,258337.0000
1714,258337.0000
1715,258337.0000
1716,258337.0000
1717,258337.0000
1718,258337.0000
1719,258337.0000
1720,258337.0000
1721,258337.0000
1722,258337.0000
1723,258337.0000
1724,258337.0000
1725,258337.0000
1726,258337.0000
1727,258337.0000
1728,258337.0000
1729,258337.0000
1730,258337.0000
1731,258337.0000
1732,258337.0000
1733,258337.0000
1734,258337.0000
1735,258337.0000
1736,258337.0000
1737,258337.0000
1738,258337.0000
1739,258337.0000
1740,258337.0000
1741,258337.0000
1742,258337.0000
1743,258337.0000
1744,258337.0000
1745,258337.0000
1746,258337.0000
1747,258337.0000
1748,258337.0000
1749,258337.0000
1750,258337.0000
1751,258337.0000
1752,258337.0000
1753,258337.0000
1754,258337.0000
1755,258337.0000
1756,258337.0000
1757,258337.0000
1758,258337.0000
1759,258337.0000
1760,258337.0000
1761,258337.0000
1762,258337.0000
1763,258337.0000
1764,258337.0000
1765,258337.0000
1766,258337.0000
1767,258337.0000
1768,258337.0000
1769,258337.0000
1770,258337.0000
1771,258337.0000
1772,258337.0000
1773,258337.0000
1774,258337.0000
1775,258337.0000
1776,258337.0000
1777,258337.0000
1778,258337.0000
1779,258337.0000
1780,258337.0000
1781,258337.0000
1782,258337.0000
1783,258337.0000
1784,258337.0000
1785,258337.0000
1786,258337.0000
1787,258337.0000
1788,258337.0000
1789,258337.0000
1790,258337.0000
1791,258337.0000
1792,258337.0000
1793,258337.0000
1794,258337.0000
1795,258337.0000
1796,258337.0000
1797,258337.0000
1798,258337.0000
1799,258337.0000
1800,258337.0000
1801,258337.0000
1802,258337.0000
1803,258337.0000
1804,258337.0000
1805,258337.0000
1806,258337.0000
1807,258337.0000
1808,258337.0000
1809,258337.0000
1810,258337.0000
1811,258337.0000
1812,258337.0000
1813,258337.0000
1814,258337.0000
1815,258337.0000
1816,258337.0000
1817,258337.0000
1818,258337.0000
1819,258337.0000
1820,258337.0000
1821,258337.0000
1822,258337.0000
1823,258337.0000
1824,258337.0000
1825,258337.0000
1826,258337.0000
1827,258337.0000
1828,258337.0000
1829,258337.0000
1830,258337.0000
1831,258337.0000
1832,258337.0000
1833,258337.0000
1834,258337.0000
1835,258337.0000
1836,258337.0000
1837,258337.0000
1838,258337.0000
1839,258337.0000
1840,258337.0000
1841,258337.0000
1842,258337.0000
1843,258337.0000
1844,258337.0000
1845,258337.0000
1846,258337.0000
1847,258337.0000
1848,258337.0000
1849,258337.0000
1850,258337.0000
1851,258337.0000
1852,258337.0000
1853,258337.0000
1854,258337.0000
1855,258337.0000
1856,258337.0000
1857,258337.0000
1858,258337.0000
1859,258337.0000
1860,258337.0000
1861,258337.0000
1862,258337.0000
1863,258337.0000
1864,258337.0000
1865,258337.0000
1866,258337.0000
1867,258337.0000
1868,258337.0000
1869,258337.0000
1870,258337.0000
1871,258337.0000
1872,258337.0000
1873,258337.0000
1874,258337.0000
1875,258337.0000
1876,258337.0000
1877,258337.0000
1878,258337.0000
1879,258337.0000
1880,258337.0000
1881,258337.0000
1882,258337.0000
1883,258337.0000
1884,258337.0000
1885,258337.0000
1886,258337.0000
1887,258337.0000
1888,258337.0000
1889,258337.0000
1890,258337.0000
1891,258337.0000
1892,258337.0000
1893,258337.0000
1894,258337.0000
1895,258337.0000
1896,258337.0000
1897,258337.0000
1898,258337.0000
1899,258337.0000
1900,258337.0000
1901,258337.0000
1902,258337.0000
1903,258337.0000
1904,258337.0000
1905,258337.0000
1906,258337.0000
1907,258337.0000
1908,258337.0000
1909,258337.0000
1910,258337.0000
1911,258337.0000
1912,258337.0000
1913,258337.0000
1914,258337.0000
1915,258337.0000
1916,258337.0000
1917,258337.0000
1918,258337.0000
1919,258337.0000
1920,258337.0000
1921,258337.0000
1922,258337.0000
1923,258337.0000
1924,258337.0000
1925,258337.0000
1926,258337.0000
1927,258337.0000
1928,258337.0000
1929,258337.0000
1930,258337.0000
1931,258337.0000
1932,258337.0000
1933,258337.0000
1934,258337.0000
1935,258337.0000
1936,258337.0000
1937,258337.0000
1938,258337.0000
1939,258337.0000
1940,258337.0000
1941,258337.0000
1942,258337.0000
1943,258337.0000
1944,258337.0000
1945,258337.0000
1946,258337.0000
1947,258337.0000
1948,258337.0000
1949,258337.0000
1950,258337.0000
1951,258337.0000
1952,258337.0000
1953,258337.0000
1954,258337.0000
1955,258337.0000
1956,258337.0000
1957,258337.0000
1958,258337.0000
1959,258337.0000
1960,258337.0000
1961,258337.0000
1962,258337.0000
1963,258337.0000
1964,258337.0000
1965,258337.0000
1966,258337.0000
1967,258337.0000
1968,258337.0000
1969,258337.0000
1970,258337.0000
1971,258337.0000
1972,258337.0000
1973,258337.0000
1974,258337.0000
1975,258337.0000
1976,258337.0000
1977,258337.0000
1978,258337.0000
1979,258337.0000
1980,258337.0000
1981,258337.0000
1982,258337.0000
1983,258337.0000
1984,258337.0000
1985,258337.0000
1986,258337.0000
1987,258337.0000
1988,258337.0000
1989,258337.0000
1990,258337.0000
1991,258337.0000
1992,258337.0000
1993,258337.0000
1994,258337.0000
1995,258337.0000
1996,258337.0000
1997,258337.0000
1998,258337.0000
1999,258337.0000
2000,258337.0000
2001,258337.0000
2002,258337.0000
2003,258337.0000
2004,258337.0000
2005,258337.0000
2006,258337.0000
2007,258337.0000
2008,258337.0000
2009,258337.0000
2010,258337.0000
2011,258337.0000
2012,258337.0000
2013,258337.0000
2014,258337.0000
2015,258337.0000
2016,258337.0000
2017,258337.0000
2018,258337.0000
2019,258337.0000
2020,258337.0000
2021,258337.0000
2022,258337.0000
2023,258337.0000
2024,258337.0000
2025,258337.0000
2026,258337.0000
2027,258337.0000
2028,258337.0000
2029,258337.0000
2030,258337.0000
2031,258337.0000
2032,258337.0000
2033,258337.0000
2034,258337.0000
2035,258337.0000
2036,258337.0000
2037,258337.0000
2038,258337.0000
2039,258337.0000
2040,258337.0000
2041,258337.0000
2042,258337.0000
2043,258337.0000
2044,258337.0000
2045,258337.0000
2046,258337.0000
2047,258337.0000
2048,258337.0000
2049,258337.0000
2050,258337.0000
2051,258337.0000
2052,258337.0000
2053,258337.0000
2054,258337.0000
2055,258337.0000
2056,258337.0000
2057,258337.0000
2058,258337.0000
2059,258337.0000
2060,258337.0000
2061,258337.0000
2062,258337.0000
2063,258337.0000
2064,258337.0000
2065,258337.0000
2066,258337.0000
2067,258337.0000
2068,258337.0000
2069,258337.0000
2070,258337.0000
2071,258337.0000
2072,258337.0000
2073,258337.0000
2074,258337.0000
2075,258337.0000
2076,258337.0000
2077,258337.0000
2078,258337.0000
2079,258337.0000
2080,258337.0000
2081,258337.0000
2082,258337.0000
2083,258337.0000
2084,258337.0000
2085,258337.0000
2086,258337.0000
2087,258337.0000
2088,258337.0000
2089,258337.0000
2090,258337.0000
2091,258337.0000
2092,258337.0000
2093,258337.0000
2094,258337.0000
2095,258337.0000
2096,258337.0000
2097,258337.0000
2098,258337.0000
2099,258337.0000
2100,258337.0000
2101,258337.0000
2102,258337.0000
2103,258337.0000
2104,258337.0000
2105,258337.0000
2106,258337.0000
2107,258337.0000
2108,258337.0000
2109,258337.0000
2110,258337.0000
2111,258337.0000
2112,258337.0000
2113,258337.0000
2114,258337.0000
2115,258337.0000
2116,258337.0000
2117,258337.0000
2118,258337.0000
2119,258337.0000
2120,258337.0000
2121,258337.0000
2122,258337.0000
2123,258337.0000
2124,258337.0000
2125,258337.0000
2126,258337.0000
2127,258337.0000
2128,258337.0000
2129,258337.0000
2130,258337.0000
2131,258337.0000
2132,258337.0000
2133,258337.0000
2134,258337.0000
2135,258337.0000
2136,258337.0000
2137,258337.0000
2138,258337.0000
2139,258337.0000
2140,258337.0000
2141,258337.0000
2142,258337.0000
2143,258337.0000
2144,258337.0000
2145,258337.0000
2146,258337.0000
2147,258337.0000
2148,258337.0000
2149,258337.0000
2150,258337.0000
2151,258337.0000
2152,258337.0000
2153,258337.0000
2154,258337.0000
2155,258337.0000
2156,258337.0000
2157,258337.0000
2158,258337.0000
2159,258337.0000
2160,258337.0000
2161,258337.0000
2162,258337.0000
2163,258337.0000
2164,258337.0000
2165,258337.0000
2166,258337.0000
2167,258337.0000
2168,258337.0000
2169,258337.0000
2170,258337.0000
2171,258337.0000
2172,258337.0000
2173,258337.0000
2174,258337.0000
2175,258337.0000
2176,258337.0000
2177,258337.0000
2178,258337.0000
2179,258337.0000
2180,258337.0000
2181,258337.0000
2182,258337.0000
2183,258337.0000
2184,258337.0000
2185,258337.0000
2186,258337.0000
2187,258337.0000
2188,258337.0000
2189,258337.0000
2190,258337.0000
2191,258337.0000
2192,258337.0000
2193,258337.0000
2194,258337.0000
2195,258337.0000
2196,258337.0000
2197,258337.0000
2198,258337.0000
2199,258337.0000
2200,258337.0000
2201,258337.0000
2202,258337.0000
2203,258337.0000
2204,258337.0000
2205,258337.0000
2206,258337.0000
2207,258337.0000
2208,258337.0000
2209,258337.0000
2210,258337.0000
2211,258337.0000
2212,258337.0000
2213,258337.0000
2214,258337.0000
2215,258337.0000
2216,258337.0000
2217,258337.0000
2218,258337.0000
2219,258337.0000
2220,258337.0000
2221,258337.0000
2222,258337.0000
2223,258337.0000
2224,258337.0000
2225,258337.0000
2226,258337.0000
2227,258337.0000
2228,258337.0000
2229,258337.0000
2230,258337.0000
2231,258337.0000
2232,258337.0000
2233,258337.0000
2234,258337.0000
2235,258337.0000
2236,258337.0000
2237,258337.0000
2238,258337.0000
2239,258337.0000
2240,258337.0000
2241,258337.0000
2242,258337.0000
2243,258337.0000
2244,258337.0000
2245,258337.0000
2246,258337.0000
2247,258337.0000
2248,258337.0000
2249,258337.0000
2250,258337.0000
2251,258337.0000
2252,258337.0000
2253,258337.0000
2254,258337.0000
2255,258337.0000
2256,258337.0000
2257,258337.0000
2258,258337.0000
2259,258337.0000
2260,258337.0000
2261,258337.0000
2262,258337.0000
2263,258337.0000
2264,258337.0000
2265,258337.0000
2266,258337.0000
2267,258337.0000
2268,258337.0000
2269,258337.0000
2270,258337.0000
2271,258337.0000
2272,258337.0000
2273,258337.0000
2274,258337.0000
2275,258337.0000
2276,258337.0000
2277,258337.0000
2278,258337.0000
2279,258337.0000
2280,258337.0000
2281,258337.0000
2282,258337.0000
2283,258337.0000
2284,258337.0000
2285,258337.0000
2286,258337.0000
2287,258337.0000
2288,258337.0000
2289,258337.0000
2290,258337.0000
2291,258337.0000
2292,258337.0000
2293,258337.0000
2294,258337.0000
2295,258337.0000
2296,258337.0000
2297,258337.0000
2298,258337.0000
2299,258337.0000
2300,258337.0000
2301,258337.0000
2302,258337.0000
2303,258337.0000
2304,258337.0000
2305,258337.0000
2306,258337.0000
2307,258337.0000
2308,258337.0000
2309,258337.0000
2310,258337.0000
2311,258337.0000
2312,258337.0000
2313,258337.0000
2314,258337.0000
2315,258337.0000
2316,258337.0000
2317,258337.0000
2318,258337.0000
2319,258337.0000
2320,258337.0000
2321,258337.0000
2322,258337.0000
2323,258337.0000
2324,258337.0000
2325,258337.0000
2326,258337.0000
2327,258337.0000
2328,258337.0000
2329,258337.0000
2330,258337.0000
2331,258337.0000
2332,258337.0000
2333,258337.0000
2334,258337.0000
2335,258337.0000
2336,258337.0000
2337,258337.0000
2338,258337.0000
2339,258337.0000
2340,258337.0000
2341,258337.0000
2342,258337.0000
2343,258337.0000
2344,258337.0000
2345,258337.0000
2346,258337.0000
2347,258337.0000
2348,258337.0000
2349,258337.0000
2350,258337.0000
2351,258337.0000
2352,258337.0000
2353,258337.0000
2354,258337.0000
2355,258337.0000
2356,258337.0000
2357,258337.0000
2358,258337.0000
2359,258337.0000
2360,258337.0000
2361,258337.0000
2362,258337.0000
2363,258337.0000
2364,258337.0000
2365,258337.0000
2366,258337.0000
2367,258337.0000
2368,258337.0000
2369,258337.0000
2370,258337.0000
2371,258337.0000
2372,258337.0000
2373,258337.0000
2374,258337.0000
2375,258337.0000
2376,258337.0000
2377,258337.0000
2378,258337.0000
2379,258337.0000
2380,258337.0000
2381,258337.0000
2382,258337.0000
2383,258337.0000
2384,258337.0000
2385,258337.0000
2386,258337.0000
2387,258337.0000
2388,258337.0000
2389,258337.0000
2390,258337.0000
2391,258337.0000
2392,258337.0000
2393,258337.0000
2394,258337.0000
2395,258337.0000
2396,258337.0000
2397,258337.0000
2398,258337.0000
2399,258337.0000
2400,258337.0000
2401,258337.0000
2402,258337.0000
2403,258337.0000
2404,258337.0000
2405,258337.0000
2406,258337.0000
2407,258337.0000
2408,258337.0000
2409,258337.0000
2410,258337.0000
2411,258337.0000
2412,258337.0000
2413,258337.0000
2414,258337.0000
2415,258337.0000
2416,258337.0000
2417,258337.0000
2418,258337.0000
2419,258337.0000
2420,258337.0000
2421,258337.0000
2422,258337.0000
2423,258337.0000
2424,258337.0000
2425,258337.0000
2426,258337.0000
2427,258337.0000
2428,258337.0000
2429,258337.0000
2430,258337.0000
2431,258337.0000
2432,258337.0000
2433,258337.0000
2434,258337.0000
2435,258337.0000
2436,258337.0000
2437,258337.0000
2438,258337.0000
2439,258337.0000
2440,258337.0000
2441,258337.0000
2442,258337.0000
2443,258337.0000
2444,258337.0000
2445,258337.0000
2446,258337.0000
2447,258337.0000
2448,258337.0000
2449,258337.0000
2450,258337.0000
2451,258337.0000
2452,258337.0000
2453,258337.0000
2454,258337.0000
2455,258337.0000
2456,258337.0000
2457,258337.0000
2458,258337.0000
2459,258337.0000
2460,258337.0000
2461,258337.0000
2462,258337.0000
2463,258337.0000
2464,258337.0000
2465,258337.0000
2466,258337.0000
2467,258337.0000
2468,258337.0000
2469,258337.0000
2470,258337.0000
2471,258337.0000
2472,258337.0000
2473,258337.0000
2474,258337.0000
2475,258337.0000
2476,258337.0000
2477,258337.0000
2478,258337.0000
2479,258337.0000
2480,258337.0000
2481,258337.0000
2482,258337.0000
2483,258337.0000
2484,258337.0000
2485,258337.0000
2486,258337.0000
2487,258337.0000
2488,258337.0000
2489,258337.0000
2490,258337.0000
2491,258337.0000
2492,258337.0000
2493,258337.0000
2494,258337.0000
2495,258337.0000
2496,258337.0000
2497,258337.0000
2498,258337.0000
2499,258337.0000
2500,258337.0000
2501,258337.0000
2502,258337.0000
2503,258337.0000
2504,258337.0000
2505,258337.0000
2506,258337.0000
2507,258337.0000
2508,258337.0000
2509,258337.0000
2510,258337.0000
2511,258337.0000
2512,258337.0000
2513,258337.0000
2514,258337.0000
2515,258337.0000
2516,258337.0000
2517,258337.0000
2518,258337.0000
2519,258337.0000
2520,258337.0000
2521,258337.0000
2522,258337.0000
2523,258337.0000
2524,258337.0000
2525,258337.0000
2526,258337.0000
2527,258337.0000
2528,258337.0000
2529,258337.0000
2530,258337.0000
2531,258337.0000
2532,258337.0000
2533,258337.0000
2534,258337.0000
2535,258337.0000
2536,258337.0000
2537,258337.0000
2538,258337.0000
2539,258337.0000
2540,258337.0000
2541,258337.0000
2542,258337.0000
2543,258337.0000
2544,258337.0000
2545,258337.0000
2546,258337.0000
2547,258337.0000
2548,258337.0000
2549,258337.0000
2550,258337.0000
2551,258337.0000
2552,258337.0000
2553,258337.0000
2554,258337.0000
2555,258337.0000
2556,258337.0000
2557,258337.0000
2558,258337.0000
2559,258337.0000
2560,258337.0000
2561,258337.0000
2562,258337.0000
2563,258337.0000
2564,258337.0000
2565,258337.0000
2566,258337.0000
2567,258337.0000
2568,258337.0000
2569,258337.0000
2570,258337.0000
2571,258337.0000
2572,258337.0000
2573,258337.0000
2574,258337.0000
2575,258337.0000
2576,258337.0000
2577,258337.0000
2578,258337.0000
2579,258337.0000
2580,258337.0000
2581,258337.0000
2582,258337.0000
2583,258337.0000
2584,258337.0000
2585,258337.0000
2586,258337.0000
2587,258337.0000
2588,258337.0000
2589,258337.0000
2590,258337.0000
2591,258337.0000
2592,258337.0000
2593,258337.0000
2594,258337.0000
2595,258337.0000
2596,258337.0000
2597,258337.0000
2598,258337.0000
2599,258337.0000
2600,258337.0000
2601,258337.0000
2602,258337.0000
2603,258337.0000
2604,258337.0000
2605,258337.0000
2606,258337.0000
2607,258337.0000
2608,258337.0000
2609,258337.0000
2610,258337.0000
2611,258337.0000
2612,258337.0000
2613,258337.0000
2614,258337.0000
2615,258337.0000
2616,258337.0000
2617,258337.0000
2618,258337.0000
2619,258337.0000
2620,258337.0000
2621,258337.0000
2622,258337.0000
2623,258337.0000
2624,258337.0000
2625,258337.0000
2626,258337.0000
2627,258337.0000
2628,258337.0000
2629,258337.0000
2630,258337.0000
2631,258337.0000
2632,258337.0000
2633,258337.0000
2634,258337.0000
2635,258337.0000
2636,258337.0000
2637,258337.0000
2638,258337.0000
2639,258337.0000
2640,258337.0000
2641,258337.0000
2642,258337.0000
2643,258337.0000
2644,258337.0000
2645,258337.0000
2646,258337.0000
2647,258337.0000
2648,258337.0000
2649,258337.0000
2650,258337.0000
2651,258337.0000
2652,258337.0000
2653,258337.0000
2654,258337.0000
2655,258337.0000
2656,258337.0000
2657,258337.0000
2658,258337.0000
2659,258337.0000
2660,258337.0000
2661,258337.0000
2662,258337.0000
2663,258337.0000
2664,258337.0000
2665,258337.0000
2666,258337.0000
2667,258337.0000
2668,258337.0000
2669,258337.0000
2670,258337.0000
2671,258337.0000
2672,258337.0000
2673,258337.0000
2674,258337.0000
2675,258337.0000
2676,258337.0000
2677,258337.0000
2678,258337.0000
2679,258337.0000
2680,258337.0000
2681,258337.0000
2682,258337.0000
2683,258337.0000
2684,258337.0000
2685,258337.0000
2686,258337.0000
2687,258337.0000
2688,258337.0000
2689,258337.0000
2690,258337.0000
2691,258337.0000
2692,258337.0000
2693,258337.0000
2694,258337.0000
2695,258337.0000
2696,258337.0000
2697,258337.0000
2698,258337.0000
2699,258337.0000
2700,258337.0000
2701,258337.0000
2702,258337.0000
2703,258337.0000
2704,258337.0000
2705,258337.0000
2706,258337.0000
2707,258337.0000
2708,258337.0000
2709,258337.0000
2710,258337.0000
2711,258337.0000
2712,258337.0000
2713,258337.0000
2714,258337.0000
2715,258337.0000
2716,258337.0000
2717,258337.0000
2718,258337.0000
2719,258337.0000
2720,258337.0000
2721,258337.0000
2722,258337.0000
2723,258337.0000
2724,258337.0000
2725,258337.0000
2726,258337.0000
2727,258337.0000
2728,258337.0000
2729,258337.0000
2730,258337.0000
2731,258337.0000
2732,258337.0000
2733,258337.0000
2734,258337.0000
2735,258337.0000
2736,258337.0000
2737,258337.0000
2738,258337.0000
2739,258337.0000
2740,258337.0000
2741,258337.0000
2742,258337.0000
2743,258337.0000
2744,258337.0000
2745,258337.0000
2746,258337.0000
2747,258337.0000
2748,258337.0000
2749,258337.0000
2750,258337.0000
2751,258337.0000
2752,258337.0000
2753,258337.0000
2754,258337.0000
2755,258337.0000
2756,258337.0000
2757,258337.0000
2758,258337.0000
2759,258337.0000
2760,258337.0000
2761,258337.0000
2762,258337.0000
2763,258337.0000
2764,258337.0000
2765,258337.0000
2766,258337.0000
2767,258337.0000
2768,258337.0000
2769,258337.0000
2770,258337.0000
2771,258337.0000
2772,258337.0000
2773,258337.0000
2774,258337.0000
2775,258337.0000
2776,258337.0000
2777,258337.0000
2778,258337.0000
2779,258337.0000
2780,258337.0000
2781,258337.0000
2782,258337.0000
2783,258337.0000
2784,258337.0000
2785,258337.0000
2786,258337.0000
2787,258337.0000
2788,258337.0000
2789,258337.0000
2790,258337.0000
2791,258337.0000
2792,258337.0000
2793,258337.0000
2794,258337.0000
2795,258337.0000
2796,258337.0000
2797,258337.0000
2798,258337.0000
2799,258337.0000
2800,258337.0000
2801,258337.0000
2802,258337.0000
2803,258337.0000
2804,258337.0000
2805,258337.0000
2806,258337.0000
2807,258337.0000
2808,258337.0000
2809,258337.0000
2810,258337.0000
2811,258337.0000
2812,258337.0000
2813,258337.0000
2814,258337.0000
2815,258337.0000
2816,258337.0000
2817,258337.0000
2818,258337.0000
2819,258337.0000
2820,258337.0000
2821,258337.0000
2822,258337.0000
2823,258337.0000
2824,258337.0000
2825,258337.0000
2826,258337.0000
2827,258337.0000
2828,258337.0000
2829,258337.0000
2830,258337.0000
2831,258337.0000
2832,258337.0000
2833,258337.0000
2834,258337.0000
2835,258337.0000
2836,258337.0000
2837,258337.0000
2838,258337.0000
2839,258337.0000
2840,258337.0000
2841,258337.0000
2842,258337.0000
2843,258337.0000
2844,258337.0000
2845,258337.0000
2846,258337.0000
2847,258337.0000
2848,258337.0000
2849,258337.0000
2850,258337.0000
2851,258337.0000
2852,258337.0000
2853,258337.0000
2854,258337.0000
2855,258337.0000
2856,258337.0000
2857,258337.0000
2858,258337.0000
2859,258337.0000
2860,258337.0000
2861,258337.0000
2862,258337.0000
2863,258337.0000
2864,258337.0000
2865,258337.0000
2866,258337.0000
2867,258337.0000
2868,258337.0000
2869,258337.0000
2870,258337.0000
2871,258337.0000
2872,258337.0000
2873,258337.0000
2874,258337.0000
2875,258337.0000
2876,258337.0000
2877,258337.0000
2878,258337.0000
2879,258337.0000
2880,258337.0000
2881,258337.0000
2882,258337.0000
2883,258337.0000
2884,258337.0000
2885,258337.0000
2886,258337.0000
2887,258337.0000
2888,258337.0000
2889,258337.0000
2890,258337.0000
2891,258337.0000
2892,258337.0000
2893,258337.0000
2894,258337.0000
2895,258337.0000
2896,258337.0000
2897,258337.0000
2898,258337.0000
2899,258337.0000
2900,258337.0000
2901,258337.0000
2902,258337.0000
2903,258337.0000
2904,258337.0000
2905,258337.0000
2906,258337.0000
2907,258337.0000
2908,258337.0000
2909,258337.0000
2910,258337.0000
2911,258337.0000
2912,258337.0000
2913,258337.0000
2914,258337.0000
2915,258337.0000
2916,258337.0000
2917,258337.0000
2918,258337.0000
2919,258337.0000
2920,258337.0000
2921,258337.0000
2922,258337.0000
2923,258337.0000
2924,258337.0000
2925,258337.0000
2926,258337.0000
2927,258337.0000
2928,258337.0000
2929,258337.0000
2930,258337.0000
2931,258337.0000
2932,258337.0000
2933,258337.0000
2934,258337.0000
2935,258337.0000
2936,258337.0000
2937,258337.0000
2938,258337.0000
2939,258337.0000
2940,258337.0000
2941,258337.0000
2942,258337.0000
2943,258337.0000
2944,258337.0000
2945,258337.0000
2946,258337.0000
2947,258337.0000
2948,258337.0000
2949,258337.0000
2950,258337.0000
2951,258337.0000
2952,258337.0000
2953,258337.0000
2954,258337.0000
2955,258337.0000
2956,258337.0000
2957,258337.0000
2958,258337.0000
2959,258337.0000
2960,258337.0000
2961,258337.0000
2962,258337.0000
2963,258337.0000
2964,258337.0000
2965,258337.0000
2966,258337.0000
2967,258337.0000
2968,258337.0000
2969,258337.0000
2970,258337.0000
2971,258337.0000
2972,258337.0000
2973,258337.0000
2974,258337.0000
2975,258337.0000
2976,258337.0000
2977,258337.0000
2978,258337.0000
2979,258337.0000
2980,258337.0000
2981,258337.0000
2982,258337.0000
2983,258337.0000
2984,258337.0000
2985,258337.0000
2986,258337.0000
2987,258337.0000
2988,258337.0000
2989,258337.0000
2990,258337.0000
2991,258337.0000
2992,258337.0000
2993,258337.0000
2994,258337.0000
2995,258337.0000
2996,258337.0000
2997,258337.0000
2998,258337.0000
2999,258337.0000
3000,258337.0000
3001,258337.0000
3002,258337.0000
3003,258337.0000
3004,258337.0000
3005,258337.0000
3006,258337.0000
3007,258337.0000
3008,258337.0000
3009,258337.0000
3010,258337.0000
3011,258337.0000
3012,258337.0000
3013,258337.0000
3014,258337.0000
3015,258337.0000
3016,258337.0000
3017,258337.0000
3018,258337.0000
3019,258337.0000
3020,258337.0000
3021,258337.0000
3022,258337.0000
3023,258337.0000
3024,258337.0000
3025,258337.0000
3026,258337.0000
3027,258337.0000
3028,258337.0000
3029,258337.0000
3030,258337.0000
3031,258337.0000
3032,258337.0000
3033,258337.0000
3034,258337.0000
3035,258337.0000
3036,258337.0000
3037,258337.0000
3038,258337.0000
3039,258337.0000
3040,258337.0000
3041,258337.0000
3042,258337.0000
3043,258337.0000
3044,258337.0000
3045,258337.0000
3046,258337.0000
3047,258337.0000
3048,258337.0000
3049,258337.0000
3050,258337.0000
3051,258337.0000
3052,258337.0000
3053,258337.0000
3054,258337.0000
3055,258337.0000
3056,258337.0000
3057,258337.0000
3058,258337.0000
3059,258337.0000
3060,258337.0000
3061,258337.0000
3062,258337.0000
3063,258337.0000
3064,258337.0000
3065,258337.0000
3066,258337.0000
3067,258337.0000
3068,258337.0000
3069,258337.0000
3070,258337.0000
3071,258337.0000
3072,258337.0000
3073,258337.0000
3074,258337.0000
3075,258337.0000
3076,258337.0000
3077,258337.0000
3078,258337.0000
3079,258337.0000
3080,258337.0000
3081,258337.0000
3082,258337.0000
3083,258337.0000
3084,258337.0000
3085,258337.0000
3086,258337.0000
3087,258337.0000
3088,258337.0000
3089,258337.0000
3090,258337.0000
3091,258337.0000
3092,258337.0000
3093,258337.0000
3094,258337.0000
3095,258337.0000
3096,258337.0000
3097,258337.0000
3098,258337.0000
3099,258337.0000
3100,258337.0000
3101,258337.0000
3102,258337.0000
3103,258337.0000
3104,258337.0000
3105,258337.0000
3106,258337.0000
3107,258337.0000
3108,258337.0000
3109,258337.0000
3110,258337.0000
3111,258337.0000
3112,258337.0000
3113,258337.0000
3114,258337.0000
3115,258337.0000
3116,258337.0000
3117,258337.0000
3118,258337.0000
3119,258337.0000
3120,258337.0000
3121,257552.1000
3122,257552.1000
3123,257552.1000
3124,257552.1000
3125,257552.1000
3126,257552.1000
3127,257552.1000
3128,257552.1000
3129,257552.1000
3130,257552.1000
3131,257552.1000
3132,257552.1000
3133,257552.1000
3134,257552.1000
3135,257552.1000
3136,257552.1000
3137,257552.1000
3138,257552.1000
3139,257552.1000
3140,257552.1000
3141,257552.1000
3142,257552.1000
3143,257552.1000
3144,257552.1000
3145,257552.1000
3146,257552.1000
3147,257552.1000
3148,257552.1000
3149,257552.1000
3150,257552.1000
3151,257552.1000
3152,257552.1000
3153,257552.1000
3154,257552.1000
3155,257552.1000
3156,257552.1000
3157,257552.1000
3158,257552.1000
3159,257552.1000
3160,257552.1000
3161,257552.1000
3162,257552.1000
3163,257552.1000
3164,257552.1000
3165,257552.1000
3166,257552.1000
3167,257552.1000
3168,257552.1000
3169,257552.1000
3170,257552.1000
3171,257552.1000
3172,257552.1000
3173,257552.1000
3174,257552.1000
3175,257552.1000
3176,257552.1000
3177,257552.1000
3178,257552.1000
3179,257552.1000
3180,257552.1000
3181,257552.1000
3182,257552.1000
3183,257552.1000
3184,257552.1000
3185,257552.1000
3186,257552.1000
3187,257552.1000
3188,257552.1000
3189,257552.1000
3190,257552.1000
3191,257552.1000
3192,257552.1000
3193,257552.1000
3194,257552.1000
3195,257552.1000
3196,257552.1000
3197,257552.1000
3198,257552.1000
3199,257552.1000
3200,257552.1000
3201,257552.1000
3202,257552.1000
3203,257552.1000
3204,257552.1000
3205,257552.1000
3206,257552.1000
3207,257552.1000
3208,257552.1000
3209,257552.1000
3210,257552.1000
3211,257552.1000
3212,257552.1000
3213,257552.1000
3214,257552.1000
3215,257552.1000
3216,257552.1000
3217,257552.1000
3218,257552.1000
3219,257552.1000
3220,257552.1000
3221,257552.1000
3222,257552.1000
3223,257552.1000
3224,257552.1000
3225,257552.1000
3226,257552.1000
3227,257552.1000
3228,257552.1000
3229,257552.1000
3230,257552.1000
3231,257552.1000
3232,257552.1000
3233,257552.1000
3234,257552.1000
3235,257552.1000
3236,257552.1000
3237,257552.1000
3238,257552.1000
3239,257552.1000
3240,257552.1000
3241,257552.1000
3242,257552.1000
3243,257552.1000
3244,257552.1000
3245,257552.1000
3246,257552.1000
3247,257552.1000
3248,257552.1000
3249,257552.1000
3250,257552.1000
3251,257552.1000
3252,257552.1000
3253,257552.1000
3254,257552.1000
3255,257552.1000
3256,257552.1000
3257,257552.1000
3258,257552.1000
3259,257552.1000
3260,257552.1000
3261,257552.1000
3262,257552.1000
3263,257552.1000
3264,257552.1000
3265,257552.1000
3266,257552.1000
3267,257552.1000
3268,257552.1000
3269,257552.1000
3270,257552.1000
3271,257552.1000
3272,257552.1000
3273,257552.1000
3274,257552.1000
3275,257552.1000
3276,257552.1000
3277,257552.1000
3278,257552.1000
3279,257552.1000
3280,257552.1000
3281,257552.1000
3282,257552.1000
3283,257552.1000
3284,257552.1000
3285,257552.1000
3286,257552.1000
3287,257157.0000
3288,257157.0000
3289,257157.0000
3290,257157.0000
3291,257157.0000
3292,257157.0000
3293,257157.0000
3294,257157.0000
3295,257157.0000
3296,257157.0000
3297,257157.0000
3298,257157.0000
3299,257157.0000
3300,257157.0000
3301,257157.0000
3302,257157.0000
3303,257157.0000
3304,257157.0000
3305,257157.0000
3306,257157.0000
3307,257157.0000
3308,257157.0000
3309,257157.0000
3310,257157.0000
3311,257157.0000
3312,257157.0000
3313,257157.0000
3314,257157.0000
3315,257157.0000
3316,257157.0000
3317,257157.0000
3318,257157.0000
3319,257157.0000
3320,257157.0000
3321,257157.0000
3322,257157.0000
3323,257157.0000
3324,257157.0000
3325,257157.0000
3326,257157.0000
3327,257157.0000
3328,257157.0000
3329,257157.0000
3330,257157.0000
3331,257157.0000
3332,257157.0000
3333,257157.0000
3334,257157.0000
3335,257157.0000
3336,257157.0000
3337,257157.0000
3338,257157.0000
3339,257157.0000
3340,257157.0000
3341,257157.0000
3342,257157.0000
3343,257157.0000
3344,257157.0000
3345,257157.0000
3346,257157.0000
3347,257157.0000
3348,257157.0000
3349,257157.0000
3350,257157.0000
3351,257157.0000
3352,257157.0000
3353,257157.0000
3354,257157.0000
3355,257157.0000
3356,257157.0000
3357,257157.0000
3358,257157.0000
3359,257157.0000
3360,257157.0000
3361,257157.0000
3362,257157.0000
3363,257157.0000
3364,257157.0000
3365,257157.0000
3366,257157.0000
3367,257157.0000
3368,257157.0000
3369,257157.0000
3370,257157.0000
3371,257157.0000
3372,257157.0000
3373,257157.0000
3374,257157.0000
3375,257157.0000
3376,257157.0000
3377,257157.0000
3378,257157.0000
3379,257157.0000
3380,257157.0000
3381,257157.0000
3382,257157.0000
3383,257157.0000
3384,257157.0000
3385,257157.0000
3386,257157.0000
3387,257157.0000
3388,257157.0000
3389,257157.0000
3390,257157.0000
3391,257157.0000
3392,257157.0000
3393,257157.0000
3394,257157.0000
3395,257157.0000
3396,257157.0000
3397,257157.0000
3398,257157.0000
3399,257157.0000
3400,257157.0000
3401,257157.0000
3402,257157.0000
3403,257157.0000
3404,257157.0000
3405,257157.0000
3406,257157.0000
3407,257157.0000
3408,257157.0000
3409,257157.0000
3410,257157.0000
3411,257157.0000
3412,257157.0000
3413,257157.0000
3414,257157.0000
3415,257157.0000
3416,257157.0000
3417,257157.0000
3418,257157.0000
3419,257157.0000
3420,257157.0000
3421,257157.0000
3422,257157.0000
3423,257157.0000
3424,257157.0000
3425,257157.0000
3426,257157.0000
3427,257157.0000
3428,257157.0000
3429,257157.0000
3430,257157.0000
3431,257157.0000
3432,257157.0000
3433,257157.0000
3434,257157.0000
3435,257157.0000
3436,257157.0000
3437,257157.0000
3438,257157.0000
3439,257157.0000
3440,257157.0000
3441,257157.0000
3442,257157.0000
3443,257157.0000
3444,257157.0000
3445,257157.0000
3446,257157.0000
3447,257157.0000
3448,257157.0000
3449,257157.0000
3450,257157.0000
3451,257157.0000
3452,257157.0000
3453,257157.0000
3454,257157.0000
3455,257157.0000
3456,257157.0000
3457,257157.0000
3458,257157.0000
3459,257157.0000
3460,257157.0000
3461,257157.0000
3462,257157.0000
3463,257157.0000
3464,257157.0000
3465,257157.0000
3466,257157.0000
3467,257157.0000
3468,257157.0000
3469,257157.0000
3470,257157.0000
3471,257157.0000
3472,257157.0000
3473,257157.0000
3474,257157.0000
3475,257157.0000
3476,257157.0000
3477,257157.0000
3478,257157.0000
3479,257157.0000
3480,257157.0000
3481,257157.0000
3482,257157.0000
3483,257157.0000
3484,257157.0000
3485,257157.0000
3486,257157.0000
3487,257157.0000
3488,257157.0000
3489,257157.0000
3490,257157.0000
3491,257157.0000
3492,257157.0000
3493,257157.0000
3494,257157.0000
3495,257157.0000
3496,257157.0000
3497,257157.0000
3498,257157.0000
3499,257157.0000
3500,257157.0000
3501,257157.0000
3502,257157.0000
3503,257157.0000
3504,257157.0000
3505,257157.0000
3506,257157.0000
3507,257157.0000
3508,257157.0000
3509,257157.0000
3510,257157.0000
3511,257157.0000
3512,257157.0000
3513,257157.0000
3514,257157.0000
3515,257157.0000
3516,257157.0000
3517,257157.0000
3518,257157.0000
3519,257157.0000
3520,257157.0000
3521,257157.0000
3522,257157.0000
3523,257157.0000
3524,257157.0000
3525,257157.0000
3526,257157.0000
3527,257157.0000
3528,257157.0000
3529,257157.0000
3530,257157.0000
3531,257157.0000
3532,257157.0000
3533,257157.0000
3534,257157.0000
3535,257157.0000
3536,257157.0000
3537,257157.0000
3538,257157.0000
3539,257157.0000
3540,257157.0000
3541,257157.0000
3542,257157.0000
3543,257157.0000
3544,257157.0000
3545,257157.0000
3546,257157.0000
3547,257157.0000
3548,257157.0000
3549,257157.0000
3550,257157.0000
3551,257157.0000
3552,257157.0000
3553,257157.0000
3554,257157.0000
3555,257157.0000
3556,257157.0000
3557,257157.0000
3558,257157.0000
3559,257157.0000
3560,257157.0000
3561,257157.0000
3562,257157.0000
3563,257157.0000
3564,257157.0000
3565,257157.0000
3566,257157.0000
3567,257157.0000
3568,257157.0000
3569,257157.0000
3570,257157.0000
3571,257157.0000
3572,257157.0000
3573,257157.0000
3574,257157.0000
3575,257157.0000
3576,257157.0000
3577,257157.0000
3578,257157.0000
3579,257157.0000
3580,257157.0000
3581,257157.0000
3582,257157.0000
3583,257157.0000
3584,257157.0000
3585,257157.0000
3586,257157.0000
3587,257157.0000
3588,257157.0000
3589,257157.0000
3590,257157.0000
3591,257157.0000
3592,257157.0000
3593,257157.0000
3594,257157.0000
3595,257157.0000
3596,257157.0000
3597,257157.0000
3598,257157.0000
3599,257157.0000
3600,257157.0000
3601,257157.0000
3602,257157.0000
3603,257157.0000
3604,257157.0000
3605,257157.0000
3606,257157.0000
3607,257157.0000
3608,257157.0000
3609,257157.0000
3610,257157.0000
3611,257157.0000
3612,257157.0000
3613,257157.0000
3614,257157.0000
3615,257157.0000
3616,257157.0000
3617,257157.0000
3618,257157.0000
3619,257157.0000
3620,257157.0000
3621,257157.0000
3622,257157.0000
3623,257157.0000
3624,257157.0000
3625,257157.0000
3626,257157.0000
3627,257157.0000
3628,257157.0000
3629,257157.0000
3630,257157.0000
3631,257157.0000
3632,257157.0000
3633,257157.0000
3634,257157.0000
3635,257157.0000
3636,257157.0000
3637,257157.0000
3638,257157.0000
3639,257157.0000
3640,257157.0000
3641,257157.0000
3642,257157.0000
3643,257157.0000
3644,257157.0000
3645,257157.0000
3646,257157.0000
3647,257157.0000
3648,257157.0000
3649,257157.0000
3650,257157.0000
3651,257157.0000
3652,257157.0000
3653,257157.0000
3654,257157.0000
3655,257157.0000
3656,257157.0000
3657,257157.0000
3658,257157.0000
3659,257157.0000
3660,257157.0000
3661,257157.0000
3662,257157.0000
3663,257157.0000
3664,257157.0000
3665,257157.0000
3666,257157.0000
3667,257157.0000
3668,257157.0000
3669,257157.0000
3670,257157.0000
3671,257157.0000
3672,257157.0000
3673,257157.0000
3674,257157.0000
3675,257157.0000
3676,257157.0000
3677,257157.0000
3678,257157.0000
3679,257157.0000
3680,257157.0000
3681,257157.0000
3682,257157.0000
3683,257157.0000
3684,257157.0000
3685,257157.0000
3686,257157.0000
3687,257157.0000
3688,257157.0000
3689,257157.0000
3690,257157.0000
3691,257157.0000
3692,257157.0000
3693,257157.0000
3694,257157.0000
3695,257157.0000
3696,257157.0000
3697,257157.0000
3698,256929.6000
3699,256929.6000
3700,256929.6000
3701,256929.6000
3702,256929.6000
3703,256929.6000
3704,256929.6000
3705,256929.6000
3706,256929.6000
3707,256929.6000
3708,256929.6000
3709,256929.6000
3710,256929.6000
3711,256929.6000
3712,256929.6000
3713,256929.6000
3714,256929.6000
3715,256929.6000
3716,256929.6000
3717,256929.6000
3718,256929.6000
3719,256929.6000
3720,256929.6000
3721,256929.6000
3722,256929.6000
3723,256929.6000
3724,256929.6000
3725,256929.6000
3726,256929.6000
3727,256929.6000
3728,256929.6000
3729,256929.6000
3730,256929.6000
3731,256929.6000
3732,256929.6000
3733,256929.6000
3734,256929.6000
3735,256929.6000
3736,256929.6000
3737,256929.6000
3738,256929.6000
3739,256929.6000
3740,256929.6000
3741,256929.6000
3742,256929.6000
3743,256929.6000
3744,256929.6000
3745,256929.6000
3746,256929.6000
3747,256929.6000
3748,256929.6000
3749,256929.6000
3750,256929.6000
3751,256929.6000
3752,256929.6000
3753,256929.6000
3754,256929.6000
3755,256929.6000
3756,256929.6000
3757,256929.6000
3758,256929.6000
3759,256929.6000
3760,256929.6000
3761,256929.6000
3762,256929.6000
3763,256929.6000
3764,256929.6000
3765,256929.6000
3766,256929.6000
3767,256929.6000
3768,256929.6000
3769,256929.6000
3770,256929.6000
3771,256929.6000
3772,256929.6000
3773,256929.6000
3774,256929.6000
3775,256929.6000
3776,256929.6000
3777,256929.6000
3778,256929.6000
3779,256929.6000
3780,256929.6000
3781,256929.6000
3782,256929.6000
3783,256929.6000
3784,256929.6000
3785,256929.6000
3786,256929.6000
3787,256929.6000
3788,256929.6000
3789,256929.6000
3790,256929.6000
3791,256929.6000
3792,256929.6000
3793,256929.6000
3794,256929.6000
3795,256929.6000
3796,256929.6000
3797,256929.6000
3798,256929.6000
3799,256929.6000
3800,256929.6000
3801,256929.6000
3802,256929.6000
3803,256929.6000
3804,256929.6000
3805,256929.6000
3806,256929.6000
3807,256929.6000
3808,256929.6000
3809,256929.6000
3810,256929.6000
3811,256929.6000
3812,256929.6000
3813,256929.6000
3814,256929.6000
3815,256929.6000
3816,256929.6000
3817,256929.6000
3818,256929.6000
3819,256929.6000
3820,256929.6000
3821,256929.6000
3822,256929.6000
3823,256929.6000
3824,256929.6000
3825,256929.6000
3826,256929.6000
3827,256929.6000
3828,256929.6000
3829,256929.6000
3830,256929.6000
3831,256929.6000
3832,256929.6000
3833,256929.6000
3834,256929.6000
3835,256929.6000
3836,256929.6000
3837,256929.6000
3838,256929.6000
3839,256929.6000
3840,256929.6000
3841,256929.6000
3842,256929.6000
3843,256929.6000
3844,256929.6000
3845,256929.6000
3846,256929.6000
3847,256929.6000
3848,256929.6000
3849,256929.6000
3850,256929.6000
3851,256929.6000
3852,256929.6000
3853,256929.6000
3854,256929.6000
3855,256929.6000
3856,256929.6000
3857,256929.6000
3858,256929.6000
3859,256929.6000
3860,256929.6000
3861,256929.6000
3862,256929.6000
3863,256929.6000
3864,256929.6000
3865,256929.6000
3866,256929.6000
3867,256929.6000
3868,256929.6000
3869,256929.6000
3870,256929.6000
3871,256929.6000
3872,256929.6000
3873,256929.6000
3874,256929.6000
3875,256929.6000
3876,256929.6000
3877,256929.6000
3878,256929.6000
3879,256929.6000
3880,256929.6000
3881,256929.6000
3882,256929.6000
3883,256929.6000
3884,256929.6000
3885,256929.6000
3886,256929.6000
3887,256929.6000
3888,256929.6000
3889,256929.6000
3890,256929.6000
3891,256929.6000
3892,256929.6000
3893,256929.6000
3894,256929.6000
3895,256929.6000
3896,256929.6000
3897,256929.6000
3898,256929.6000
3899,256929.6000
3900,256929.6000
3901,256929.6000
3902,256929.6000
3903,256929.6000
3904,256929.6000
3905,256929.6000
3906,256929.6000
3907,256929.6000
3908,256929.6000
3909,256929.6000
3910,256929.6000
3911,256929.6000
3912,256929.6000
3913,256929.6000
3914,256929.6000
3915,256929.6000
3916,256929.6000
3917,256929.6000
3918,256929.6000
3919,256929.6000
3920,256929.6000
3921,256929.6000
3922,256929.6000
3923,256929.6000
3924,256929.6000
3925,256929.6000
3926,256929.6000
3927,256929.6000
3928,256929.6000
3929,256929.6000
3930,256929.6000
3931,256929.6000
3932,256929.6000
3933,256929.6000
3934,256929.6000
3935,256929.6000
3936,256929.6000
3937,256929.6000
3938,256929.6000
3939,256929.6000
3940,256929.6000
3941,256929.6000
3942,256929.6000
3943,256929.6000
3944,256929.6000
3945,256929.6000
3946,256929.6000
3947,256929.6000
3948,256929.6000
3949,256929.6000
3950,256929.6000
3951,256929.6000
3952,256929.6000
3953,256929.6000
3954,256929.6000
3955,256929.6000
3956,256929.6000
3957,256929.6000
3958,256929.6000
3959,256929.6000
3960,256929.6000
3961,256929.6000
3962,256929.6000
3963,256929.6000
3964,256929.6000
3965,256929.6000
3966,256929.6000
3967,256929.6000
3968,256929.6000
3969,256929.6000
3970,256929.6000
3971,256929.6000
3972,256929.6000
3973,256929.6000
3974,256929.6000
3975,256929.6000
3976,256929.6000
3977,256929.6000
3978,256929.6000
3979,256929.6000
3980,256929.6000
3981,256929.6000
3982,256929.6000
3983,256929.6000
3984,256929.6000
3985,256929.6000
3986,256929.6000
3987,256929.6000
3988,256929.6000
3989,256929.6000
3990,256929.6000
3991,256929.6000
3992,256929.6000
3993,256929.6000
3994,256929.6000
3995,256929.6000
3996,256929.6000
3997,256929.6000
3998,256929.6000
3999,256929.6000
4000,256929.6000
4001,256929.6000
4002,256929.6000
4003,256929.6000
4004,256929.6000
4005,256929.6000
4006,256929.6000
4007,256929.6000
4008,256929.6000
4009,256929.6000
4010,256929.6000
4011,256929.6000
4012,256929.6000
4013,256929.6000
4014,256929.6000
4015,256929.6000
4016,256929.6000
4017,256929.6000
4018,256929.6000
4019,256929.6000
4020,256929.6000
4021,256929.6000
4022,256929.6000
4023,256929.6000
4024,256929.6000
4025,256929.6000
4026,256929.6000
4027,256929.6000
4028,256929.6000
4029,256929.6000
4030,256929.6000
4031,256929.6000
4032,256929.6000
4033,256929.6000
4034,256929.6000
4035,256929.6000
4036,256929.6000
4037,256929.6000
4038,256929.6000
4039,256929.6000
4040,256929.6000
4041,256929.6000
4042,256929.6000
4043,256929.6000
4044,256929.6000
4045,256929.6000
4046,256929.6000
4047,256929.6000
4048,256929.6000
4049,256929.6000
4050,256929.6000
4051,256929.6000
4052,256929.6000
4053,256929.6000
4054,256929.6000
4055,256929.6000
4056,256929.6000
4057,256929.6000
4058,256929.6000
4059,256929.6000
4060,256929.6000
4061,256929.6000
4062,256929.6000
4063,256929.6000
4064,256929.6000
4065,256929.6000
4066,256929.6000
4067,256929.6000
4068,256929.6000
4069,256929.6000
4070,256929.6000
4071,256929.6000
4072,256929.6000
4073,256929.6000
4074,256929.6000
4075,256929.6000
4076,256929.6000
4077,256929.6000
4078,256929.6000
4079,256929.6000
4080,256929.6000
4081,256929.6000
4082,256929.6000
4083,256929.6000
4084,256929.6000
4085,256929.6000
4086,256929.6000
4087,256929.6000
4088,256929.6000
4089,256929.6000
4090,256929.6000
4091,256929.6000
4092,256929.6000
4093,256929.6000
4094,256929.6000
4095,256929.6000
4096,256929.6000
4097,256929.6000
4098,256929.6000
4099,256929.6000
4100,256929.6000
4101,256929.6000
4102,256929.6000
4103,256929.6000
4104,256929.6000
4105,256929.6000
4106,256929.6000
4107,256929.6000
4108,256929.6000
4109,256929.6000
4110,256929.6000
4111,256929.6000
4112,256929.6000
4113,256929.6000
4114,256929.6000
4115,256929.6000
4116,256929.6000
4117,256929.6000
4118,256929.6000
4119,256929.6000
4120,256929.6000
4121,256929.6000
4122,256929.6000
4123,256929.6000
4124,256929.6000
4125,256929.6000
4126,256929.6000
4127,256929.6000
4128,256929.6000
4129,256929.6000
4130,256929.6000
4131,256929.6000
4132,256929.6000
4133,256929.6000
4134,256929.6000
4135,256929.6000
4136,256929.6000
4137,256929.6000
4138,256929.6000
4139,256929.6000
4140,256929.6000
4141,256929.6000
4142,256929.6000
4143,256929.6000
4144,256929.6000
4145,256929.6000
4146,256929.6000
4147,256929.6000
4148,256929.6000
4149,256929.6000
4150,256929.6000
4151,256929.6000
4152,256929.6000
4153,256929.6000
4154,256929.6000
4155,256929.6000
4156,256929.6000
4157,256929.6000
4158,256929.6000
4159,256929.6000
4160,256929.6000
4161,256929.6000
4162,256929.6000
4163,256929.6000
4164,256929.6000
4165,256929.6000
4166,256929.6000
4167,256929.6000
4168,256929.6000
4169,256929.6000
4170,256929.6000
4171,256929.6000
4172,256929.6000
4173,256929.6000
4174,256929.6000
4175,256929.6000
4176,256929.6000
4177,256929.6000
4178,256929.6000
4179,256929.6000
4180,256929.6000
4181,256929.6000
4182,256929.6000
4183,256929.6000
4184,256929.6000
4185,256929.6000
4186,256929.6000
4187,256929.6000
4188,256929.6000
4189,256929.6000
4190,256929.6000
4191,256929.6000
4192,256929.6000
4193,256929.6000
4194,256929.6000
4195,256929.6000
4196,256929.6000
4197,256929.6000
4198,256929.6000
4199,256929.6000
4200,256929.6000
4201,256929.6000
4202,256929.6000
4203,256929.6000
4204,256929.6000
4205,256929.6000
4206,256929.6000
4207,256929.6000
4208,256929.6000
4209,256929.6000
4210,256929.6000
4211,256929.6000
4212,256929.6000
4213,256929.6000
4214,256929.6000
4215,256929.6000
4216,256929.6000
4217,256929.6000
4218,256929.6000
4219,256929.6000
4220,256929.6000
4221,256929.6000
4222,256929.6000
4223,256929.6000
4224,256929.6000
4225,256929.6000
4226,256929.6000
4227,256929.6000
4228,256929.6000
4229,256929.6000
4230,256929.6000
4231,256929.6000
4232,256929.6000
4233,256929.6000
4234,256929.6000
4235,256929.6000
4236,256929.6000
4237,256929.6000
4238,256929.6000
4239,256929.6000
4240,256929.6000
4241,256929.6000
4242,256929.6000
4243,256929.6000
4244,256929.6000
4245,256929.6000
4246,256929.6000
4247,256929.6000
4248,256929.6000
4249,256929.6000
4250,256929.6000
4251,256929.6000
4252,256929.6000
4253,256929.6000
4254,256929.6000
4255,256929.6000
4256,256929.6000
4257,256929.6000
4258,256929.6000
4259,256929.6000
4260,256929.6000
4261,256929.6000
4262,256929.6000
4263,256929.6000
4264,256929.6000
4265,256929.6000
4266,256929.6000
4267,256929.6000
4268,256929.6000
4269,256929.6000
4270,256929.6000
4271,256929.6000
4272,256929.6000
4273,256929.6000
4274,256929.6000
4275,256929.6000
4276,256929.6000
4277,256929.6000
4278,256929.6000
4279,256929.6000
4280,256929.6000
4281,256929.6000
4282,256929.6000
4283,256929.6000
4284,256929.6000
4285,256929.6000
4286,256929.6000
4287,256929.6000
4288,256929.6000
4289,256929.6000
4290,256929.6000
4291,256929.6000
4292,256929.6000
4293,256929.6000
4294,256929.6000
4295,256929.6000
4296,256929.6000
4297,256929.6000
4298,256929.6000
4299,256929.6000
4300,256929.6000
4301,256929.6000
4302,256929.6000
4303,256929.6000
4304,256929.6000
4305,256929.6000
4306,256929.6000
4307,256929.6000
4308,256929.6000
4309,256929.6000
4310,256929.6000
4311,256929.6000
4312,256929.6000
4313,256929.6000
4314,256929.6000
4315,256929.6000
4316,256929.6000
4317,256929.6000
4318,256929.6000
4319,256929.6000
4320,256929.6000
4321,256929.6000
4322,256929.6000
4323,256929.6000
4324,256929.6000
4325,256929.6000
4326,256929.6000
4327,256929.6000
4328,256929.6000
4329,256929.6000
4330,256929.6000
4331,256929.6000
4332,256929.6000
4333,256929.6000
4334,256929.6000
4335,256929.6000
4336,256929.6000
4337,256929.6000
4338,256929.6000
4339,256929.6000
4340,256929.6000
4341,256929.6000
4342,256929.6000
4343,256929.6000
4344,256929.6000
4345,256929.6000
4346,256929.6000
4347,256929.6000
4348,256929.6000
4349,256929.6000
4350,256929.6000
4351,256929.6000
4352,256929.6000
4353,256929.6000
4354,256929.6000
4355,256929.6000
4356,256929.6000
4357,256929.6000
4358,256929.6000
4359,256929.6000
4360,256929.6000
4361,256929.6000
4362,256929.6000
4363,256929.6000
4364,256929.6000
4365,256929.6000
4366,256929.6000
4367,256929.6000
4368,256929.6000
4369,256929.6000
4370,256929.6000
4371,256929.6000
4372,256929.6000
4373,256929.6000
4374,256929.6000
4375,256929.6000
4376,256929.6000
4377,256929.6000
4378,256929.6000
4379,256929.6000
4380,256929.6000
4381,256929.6000
4382,256929.6000
4383,256929.6000
4384,256929.6000
4385,256929.6000
4386,256929.6000
4387,256929.6000
4388,256929.6000
4389,256929.6000
4390,256929.6000
4391,256929.6000
4392,256929.6000
4393,256929.6000
4394,256929.6000
4395,256929.6000
4396,256929.6000
4397,256929.6000
4398,256929.6000
4399,256929.6000
4400,256929.6000
4401,256929.6000
4402,256929.6000
4403,256929.6000
4404,256929.6000
4405,256929.6000
4406,256929.6000
4407,256929.6000
4408,256929.6000
4409,256929.6000
4410,256929.6000
4411,256929.6000
4412,256929.6000
4413,256929.6000
4414,256929.6000
4415,256929.6000
4416,256929.6000
4417,256929.6000
4418,256929.6000
4419,256929.6000
4420,256929.6000
4421,256929.6000
4422,256929.6000
4423,256929.6000
4424,256929.6000
4425,256929.6000
4426,256929.6000
4427,256929.6000
4428,256929.6000
4429,256929.6000
4430,256929.6000
4431,256929.6000
4432,256929.6000
4433,256929.6000
4434,256929.6000
4435,256929.6000
4436,256929.6000
4437,256929.6000
4438,256929.6000
4439,256929.6000
4440,256929.6000
4441,256929.6000
4442,256929.6000
4443,256929.6000
4444,256929.6000
4445,256929.6000
4446,256929.6000
4447,256929.6000
4448,256929.6000
4449,256929.6000
4450,256929.6000
4451,256929.6000
4452,256929.6000
4453,256929.6000
4454,256929.6000
4455,256929.6000
4456,256929.6000
4457,256929.6000
4458,256929.6000
4459,256929.6000
4460,256929.6000
4461,256929.6000
4462,256929.6000
4463,256929.6000
4464,256929.6000
4465,256929.6000
4466,256929.6000
4467,256929.6000
4468,256929.6000
4469,256929.6000
4470,256929.6000
4471,256929.6000
4472,256929.6000
4473,256929.6000
4474,256929.6000
4475,256929.6000
4476,256929.6000
4477,256929.6000
4478,256929.6000
4479,256929.6000
4480,256929.6000
4481,256929.6000
4482,256929.6000
4483,256929.6000
4484,256929.6000
4485,256929.6000
4486,256929.6000
4487,256929.6000
4488,256929.6000
4489,256929.6000
4490,256929.6000
4491,256929.6000
4492,256929.6000
4493,256929.6000
4494,256929.6000
4495,256929.6000
4496,256929.6000
4497,256929.6000
4498,256929.6000
4499,256929.6000
4500,256929.6000
4501,256929.6000
4502,256929.6000
4503,256929.6000
4504,256929.6000
4505,256929.6000
4506,256929.6000
4507,256929.6000
4508,256929.6000
4509,256929.6000
4510,256929.6000
4511,256929.6000
4512,256929.6000
4513,256929.6000
4514,256929.6000
4515,256929.6000
4516,256929.6000
4517,256929.6000
4518,256929.6000
4519,256929.6000
4520,256929.6000
4521,256929.6000
4522,256929.6000
4523,256929.6000
4524,256929.6000
4525,256929.6000
4526,256929.6000
4527,256929.6000
4528,256929.6000
4529,256929.6000
4530,256929.6000
4531,256929.6000
4532,256929.6000
4533,256929.6000
4534,256929.6000
4535,256929.6000
4536,256929.6000
4537,256929.6000
4538,256929.6000
4539,256929.6000
4540,256929.6000
4541,256929.6000
4542,256929.6000
4543,256929.6000
4544,256929.6000
4545,256929.6000
4546,256929.6000
4547,256929.6000
4548,256929.6000
4549,256929.6000
4550,256929.6000
4551,256929.6000
4552,256929.6000
4553,256929.6000
4554,256929.6000
4555,256929.6000
4556,256929.6000
4557,256929.6000
4558,256929.6000
4559,256929.6000
4560,256929.6000
4561,256929.6000
4562,256929.6000
4563,256929.6000
4564,256929.6000
4565,256929.6000
4566,256929.6000
4567,256929.6000
4568,256929.6000
4569,256929.6000
4570,256929.6000
4571,256929.6000
4572,256929.6000
4573,256929.6000
4574,256929.6000
4575,256929.6000
4576,256929.6000
4577,256929.6000
4578,256929.6000
4579,256929.6000
4580,256929.6000
4581,256929.6000
4582,256929.6000
4583,256929.6000
4584,256929.6000
4585,256929.6000
4586,256929.6000
4587,256929.6000
4588,256929.6000
4589,256929.6000
4590,256929.6000
4591,256929.6000
4592,256929.6000
4593,256929.6000
4594,256929.6000
4595,256929.6000
4596,256929.6000
4597,256929.6000
4598,256929.6000
4599,256929.6000
4600,256929.6000
4601,256929.6000
4602,256929.6000
4603,256929.6000
4604,256929.6000
4605,256929.6000
4606,256929.6000
4607,256929.6000
4608,256929.6000
4609,256929.6000
4610,256929.6000
4611,256929.6000
4612,256929.6000
4613,256929.6000
4614,256929.6000
4615,256929.6000
4616,256929.6000
4617,256929.6000
4618,256929.6000
4619,256929.6000
4620,256929.6000
4621,256929.6000
4622,256929.6000
4623,256929.6000
4624,256929.6000
4625,256929.6000
4626,256929.6000
4627,256929.6000
4628,256929.6000
4629,256929.6000
4630,256929.6000
4631,256929.6000
4632,256929.6000
4633,256929.6000
4634,256929.6000
4635,256929.6000
4636,256929.6000
4637,256929.6000
4638,256929.6000
4639,256929.6000
4640,256929.6000
4641,256929.6000
4642,256929.6000
4643,256929.6000
4644,256929.6000
4645,256929.6000
4646,256929.6000
4647,256929.6000
4648,256929.6000
4649,256929.6000
4650,256929.6000
4651,256929.6000
4652,256929.6000
4653,256929.6000
4654,256929.6000
4655,256929.6000
4656,256929.6000
4657,256929.6000
4658,256929.6000
4659,256929.6000
4660,256929.6000
4661,256929.6000
4662,256929.6000
4663,256929.6000
4664,256929.6000
4665,256929.6000
4666,256929.6000
4667,256929.6000
4668,256929.6000
4669,256929.6000
4670,256929.6000
4671,256929.6000
4672,256929.6000
4673,256929.6000
4674,256929.6000
4675,256929.6000
4676,256929.6000
4677,256929.6000
4678,256929.6000
4679,256929.6000
4680,256929.6000
4681,256929.6000
4682,256929.6000
4683,256929.6000
4684,256929.6000
4685,256929.6000
4686,256929.6000
4687,256929.6000
4688,256929.6000
4689,256929.6000
4690,256929.6000
4691,256929.6000
4692,256929.6000
4693,256929.6000
4694,256929.6000
4695,256929.6000
4696,256929.6000
4697,256929.6000
4698,256929.6000
4699,256929.6000
4700,256929.6000
4701,256929.6000
4702,256929.6000
4703,256929.6000
4704,256929.6000
4705,256929.6000
4706,256929.6000
4707,256929.6000
4708,256929.6000
4709,256929.6000
4710,256929.6000
4711,256929.6000
4712,256929.6000
4713,256929.6000
4714,256929.6000
4715,256929.6000
4716,256929.6000
4717,256929.6000
4718,256929.6000
4719,256929.6000
4720,256929.6000
4721,256929.6000
4722,256929.6000
4723,256929.6000
4724,256929.6000
4725,256929.6000
4726,256929.6000
4727,256929.6000
4728,256929.6000
4729,256929.6000
4730,256929.6000
4731,256929.6000
4732,256929.6000
4733,256929.6000
4734,256929.6000
4735,256929.6000
4736,256929.6000
4737,256929.6000
4738,256929.6000
4739,256929.6000
4740,256929.6000
4741,256929.6000
4742,256929.6000
4743,256929.6000
4744,256929.6000
4745,256929.6000
4746,256929.6000
4747,256929.6000
4748,256929.6000
4749,256929.6000
4750,256929.6000
4751,256929.6000
4752,256929.6000
4753,256929.6000
4754,256929.6000
4755,256929.6000
4756,256929.6000
4757,256929.6000
4758,256929.6000
4759,256929.6000
4760,256929.6000
4761,256929.6000
4762,256929.6000
4763,256929.6000
4764,256929.6000
4765,256929.6000
4766,256929.6000
4767,256929.6000
4768,256929.6000
4769,256929.6000
4770,256929.6000
4771,256929.6000
4772,256929.6000
4773,256929.6000
4774,256929.6000
4775,256929.6000
4776,256929.6000
4777,256929.6000
4778,256929.6000
4779,256929.6000
4780,256929.6000
4781,256929.6000
4782,256929.6000
4783,256929.6000
4784,256929.6000
4785,256929.6000
4786,256929.6000
4787,256929.6000
4788,256929.6000
4789,256929.6000
4790,256929.6000
4791,256929.6000
4792,256929.6000
4793,256929.6000
4794,256929.6000
4795,256929.6000
4796,256929.6000
4797,256929.6000
4798,256929.6000
4799,256929.6000
4800,256929.6000
4801,256929.6000
4802,256929.6000
4803,256929.6000
4804,256929.6000
4805,256929.6000
4806,256929.6000
4807,256929.6000
4808,256929.6000
4809,256929.6000
4810,256929.6000
4811,256929.6000
4812,256929.6000
4813,256929.6000
4814,256929.6000
4815,256929.6000
4816,256929.6000
4817,256929.6000
4818,256929.6000
4819,256929.6000
4820,256929.6000
4821,256929.6000
4822,256929.6000
4823,256929.6000
4824,256929.6000
4825,256929.6000
4826,256929.6000
4827,256929.6000
4828,256929.6000
4829,256929.6000
4830,256929.6000
4831,256929.6000
4832,256929.6000
4833,256929.6000
4834,256929.6000
4835,256929.6000
4836,256929.6000
4837,256929.6000
4838,256929.6000
4839,256929.6000
4840,256929.6000
4841,256929.6000
4842,256929.6000
4843,256929.6000
4844,256929.6000
4845,256929.6000
4846,256929.6000
4847,256929.6000
4848,256929.6000
4849,256929.6000
4850,256929.6000
4851,256929.6000
4852,256929.6000
4853,256929.6000
4854,256929.6000
4855,256929.6000
4856,256929.6000
4857,256929.6000
4858,256929.6000
4859,256929.6000
4860,256929.6000
4861,256929.6000
4862,256929.6000
4863,256929.6000
4864,256929.6000
4865,256929.6000
4866,256929.6000
4867,256929.6000
4868,256929.6000
4869,256929.6000
4870,256929.6000
4871,256929.6000
4872,256929.6000
4873,256929.6000
4874,256929.6000
4875,256929.6000
4876,256929.6000
4877,256929.6000
4878,256929.6000
4879,256929.6000
4880,256929.6000
4881,256929.6000
4882,256929.6000
4883,256929.6000
4884,256929.6000
4885,256929.6000
4886,256929.6000
4887,256929.6000
4888,256929.6000
4889,256929.6000
4890,256929.6000
4891,256929.6000
4892,256929.6000
4893,256929.6000
4894,256929.6000
4895,256929.6000
4896,256929.6000
4897,256929.6000
4898,256929.6000
4899,256929.6000
4900,256929.6000
4901,256929.6000
4902,256929.6000
4903,256929.6000
4904,256929.6000
4905,256929.6000
4906,256929.6000
4907,256929.6000
4908,256929.6000
4909,256929.6000
4910,256929.6000
4911,256929.6000
4912,256929.6000
4913,256929.6000
4914,256929.6000
4915,256929.6000
4916,256929.6000
4917,256929.6000
4918,256929.6000
4919,256929.6000
4920,256929.6000
4921,256929.6000
4922,256929.6000
4923,256929.6000
4924,256929.6000
4925,256929.6000
4926,256929.6000
4927,256929.6000
4928,256929.6000
4929,256929.6000
4930,256929.6000
4931,256929.6000
4932,256929.6000
4933,256929.6000
4934,256929.6000
4935,256929.6000
4936,256929.6000
4937,256929.6000
4938,256929.6000
4939,256929.6000
4940,256929.6000
4941,256929.6000
4942,256929.6000
4943,256929.6000
4944,256929.6000
4945,256929.6000
4946,256929.6000
4947,256929.6000
4948,256929.6000
4949,256929.6000
4950,256929.6000
4951,256929.6000
4952,256929.6000
4953,256929.6000
4954,256929.6000
4955,256929.6000
4956,256929.6000
4957,256929.6000
4958,256929.6000
4959,256929.6000
4960,256929.6000
4961,256929.6000
4962,256929.6000
4963,256929.6000
4964,256929.6000
4965,256929.6000
4966,256929.6000
4967,256929.6000
4968,256929.6000
4969,256929.6000
4970,256929.6000
4971,256929.6000
4972,256929.6000
4973,256929.6000
4974,256929.6000
4975,256929.6000
4976,256929.6000
4977,256929.6000
4978,256929.6000
4979,256929.6000
4980,256929.6000
4981,256929.6000
4982,256929.6000
4983,256929.6000
4984,256929.6000
4985,256929.6000
4986,256929.6000
4987,256929.6000
4988,256929.6000
4989,256929.6000
4990,256929.6000
4991,256929.6000
4992,256929.6000
4993,256929.6000
4994,256929.6000
4995,256929.6000
4996,256929.6000
4997,256929.6000
4998,256929.6000
4999,256929.6000
5000,256929.6000
5001,256929.6000
5002,256929.6000
5003,256929.6000
5004,256929.6000
5005,256929.6000
5006,256929.6000
5007,256929.6000
5008,256929.6000
5009,256929.6000
5010,256929.6000
5011,256929.6000
5012,256929.6000
5013,256929.6000
5014,256929.6000
5015,256929.6000
5016,256929.6000
5017,256929.6000
5018,256929.6000
5019,256929.6000
5020,256929.6000
5021,256929.6000
5022,256929.6000
5023,256929.6000
5024,256929.6000
5025,256929.6000
5026,256929.6000
5027,256929.6000
5028,256929.6000
5029,256929.6000
5030,256929.6000
5031,256929.6000
5032,256929.6000
5033,256929.6000
5034,256929.6000
5035,256929.6000
5036,256929.6000
5037,256929.6000
5038,256929.6000
5039,256929.6000
5040,256929.6000
5041,256929.6000
5042,256929.6000
5043,256929.6000
5044,256929.6000
5045,256929.6000
5046,256929.6000
5047,256929.6000
5048,256929.6000
5049,256929.6000
5050,256929.6000
5051,256929.6000
5052,256929.6000
5053,256929.6000
5054,256929.6000
5055,256929.6000
5056,256929.6000
5057,256929.6000
5058,256929.6000
5059,256929.6000
5060,256929.6000
5061,256929.6000
5062,256929.6000
5063,256929.6000
5064,256929.6000
5065,256929.6000
5066,256929.6000
5067,256929.6000
5068,256929.6000
5069,256929.6000
5070,256929.6000
5071,256929.6000
5072,256929.6000
5073,256929.6000
5074,256929.6000
5075,256929.6000
5076,256929.6000
5077,256929.6000
5078,256929.6000
5079,256929.6000
5080,256929.6000
5081,256929.6000
5082,256929.6000
5083,256929.6000
5084,256929.6000
5085,256929.6000
5086,256929.6000
5087,256929.6000
5088,256929.6000
5089,256929.6000
5090,256929.6000
5091,256929.6000
5092,256929.6000
5093,256929.6000
5094,256929.6000
5095,256929.6000
5096,256929.6000
5097,256929.6000
5098,256929.6000
5099,256929.6000
5100,256929.6000
5101,256929.6000
5102,256929.6000
5103,256929.6000
5104,256929.6000
5105,256929.6000
5106,256929.6000
5107,256929.6000
5108,256929.6000
5109,256929.6000
5110,256929.6000
5111,256929.6000
5112,256929.6000
5113,256929.6000
5114,256929.6000
5115,256929.6000
5116,256929.6000
5117,256929.6000
5118,256929.6000
5119,256929.6000
5120,256929.6000
5121,256929.6000
5122,256929.6000
5123,256929.6000
5124,256929.6000
5125,256929.6000
5126,256929.6000
5127,256929.6000
5128,256929.6000
5129,256929.6000
5130,256929.6000
5131,256929.6000
5132,256929.6000
5133,256929.6000
5134,256929.6000
5135,256929.6000
5136,256929.6000
5137,256929.6000
5138,256929.6000
5139,256929.6000
5140,256929.6000
5141,256929.6000
5142,256929.6000
5143,256929.6000
5144,256929.6000
5145,256929.6000
5146,256929.6000
5147,256929.6000
5148,256929.6000
5149,256929.6000
5150,256929.6000
5151,256929.6000
5152,256929.6000
5153,256929.6000
5154,256929.6000
5155,256929.6000
5156,256929.6000
5157,256929.6000
5158,256929.6000
5159,256929.6000
5160,256929.6000
5161,256929.6000
5162,256929.6000
5163,256929.6000
5164,256929.6000
5165,256929.6000
5166,256929.6000
5167,256929.6000
5168,256929.6000
5169,256929.6000
5170,256929.6000
5171,256929.6000
5172,256929.6000
5173,256929.6000
5174,256929.6000
5175,256929.6000
5176,256929.6000
5177,256929.6000
5178,256929.6000
5179,256929.6000
5180,256929.6000
5181,256929.6000
5182,256929.6000
5183,256929.6000
5184,256929.6000
5185,256929.6000
5186,256929.6000
5187,256929.6000
5188,256929.6000
5189,256929.6000
5190,256929.6000
5191,256929.6000
5192,256929.6000
5193,256929.6000
5194,256929.6000
5195,256929.6000
5196,256929.6000
5197,256929.6000
5198,256929.6000
5199,256929.6000
5200,256929.6000
5201,256929.6000
5202,256929.6000
5203,256929.6000
5204,256929.6000
5205,256929.6000
5206,256929.6000
5207,256929.6000
5208,256929.6000
5209,256929.6000
5210,256929.6000
5211,256929.6000
5212,256929.6000
5213,256929.6000
5214,256929.6000
5215,256929.6000
5216,256929.6000
5217,256929.6000
5218,256929.6000
5219,256929.6000
5220,256929.6000
5221,256929.6000
5222,256929.6000
5223,256929.6000
5224,256929.6000
5225,256929.6000
5226,256929.6000
5227,256929.6000
5228,256929.6000
5229,256929.6000
5230,256929.6000
5231,256929.6000
5232,256929.6000
5233,256929.6000
5234,256929.6000
5235,256929.6000
5236,256929.6000
5237,256929.6000
5238,256929.6000
5239,256929.6000
5240,256929.6000
5241,256929.6000
5242,256929.6000
5243,256929.6000
5244,256929.6000
5245,256929.6000
5246,256929.6000
5247,256929.6000
5248,256929.6000
5249,256929.6000
5250,256929.6000
5251,256929.6000
5252,256929.6000
5253,256929.6000
5254,256929.6000
5255,256929.6000
5256,256929.6000
5257,256929.6000
5258,256929.6000
5259,256929.6000
5260,256929.6000
5261,256929.6000
5262,256929.6000
5263,256929.6000
5264,256929.6000
5265,256929.6000
5266,256929.6000
5267,256929.6000
5268,256929.6000
5269,256929.6000
5270,256929.6000
5271,256929.6000
5272,256929.6000
5273,256929.6000
5274,256929.6000
5275,256929.6000
5276,256929.6000
5277,256929.6000
5278,256929.6000
5279,256929.6000
5280,256929.6000
5281,256929.6000
5282,256929.6000
5283,256929.6000
5284,256929.6000
5285,256929.6000
5286,256929.6000
5287,256929.6000
5288,256929.6000
5289,256929.6000
5290,256929.6000
5291,256929.6000
5292,256929.6000
5293,256929.6000
5294,256929.6000
5295,256929.6000
5296,256929.6000
5297,256929.6000
5298,256929.6000
5299,256929.6000
5300,256929.6000
5301,256929.6000
5302,256929.6000
5303,256929.6000
5304,256929.6000
5305,256929.6000
5306,256929.6000
5307,256929.6000
5308,256929.6000
5309,256929.6000
5310,256929.6000
5311,256929.6000
5312,256929.6000
5313,256929.6000
5314,256929.6000
5315,256929.6000
5316,256929.6000
5317,256929.6000
5318,256929.6000
5319,256929.6000
5320,256929.6000
5321,256929.6000
5322,256929.6000
5323,256929.6000
5324,256929.6000
5325,256929.6000
5326,256929.6000
5327,256929.6000
5328,256929.6000
5329,256929.6000
5330,256929.6000
5331,256929.6000
5332,256929.6000
5333,256929.6000
5334,256929.6000
5335,256929.6000
5336,256929.6000
5337,256929.6000
5338,256929.6000
5339,256929.6000
5340,256929.6000
5341,256929.6000
5342,256929.6000
5343,256929.6000
5344,256929.6000
5345,256929.6000
5346,256929.6000
5347,256929.6000
5348,256929.6000
5349,256929.6000
5350,256929.6000
5351,256929.6000
5352,256929.6000
5353,256929.6000
5354,256929.6000
5355,256929.6000
5356,256929.6000
5357,256929.6000
5358,256929.6000
5359,256929.6000
5360,256929.6000
5361,256929.6000
5362,256929.6000
5363,256929.6000
5364,256929.6000
5365,256929.6000
5366,256929.6000
5367,256929.6000
5368,256929.6000
5369,256929.6000
5370,256929.6000
5371,256929.6000
5372,256929.6000
5373,256929.6000
5374,256929.6000
5375,256929.6000
5376,256929.6000
5377,256929.6000
5378,256929.6000
5379,256929.6000
5380,256929.6000
5381,256929.6000
5382,256929.6000
5383,256929.6000
5384,256929.6000
5385,256929.6000
5386,256929.6000
5387,256929.6000
5388,256929.6000
5389,256929.6000
5390,256929.6000
5391,256929.6000
5392,256929.6000
5393,256929.6000
5394,256929.6000
5395,256929.6000
5396,256929.6000
5397,256929.6000
5398,256929.6000
5399,256929.6000
5400,256929.6000
5401,256929.6000
5402,256929.6000
5403,256929.6000
5404,256929.6000
5405,256929.6000
5406,256929.6000
5407,256929.6000
5408,256929.6000
5409,256929.6000
5410,256929.6000
5411,256929.6000
5412,256929.6000
5413,256929.6000
5414,256929.6000
5415,256929.6000
5416,256929.6000
5417,256929.6000
5418,256929.6000
5419,256929.6000
5420,256929.6000
5421,256929.6000
5422,256929.6000
5423,256929.6000
5424,256929.6000
5425,256929.6000
5426,256929.6000
5427,256929.6000
5428,256929.6000
5429,256929.6000
5430,256929.6000
5431,256929.6000
5432,256929.6000
5433,256929.6000
5434,256929.6000
5435,256929.6000
5436,256929.6000
5437,256929.6000
5438,256929.6000
5439,256929.6000
5440,256929.6000
5441,256929.6000
5442,256929.6000
5443,256929.6000
5444,256929.6000
5445,256929.6000
5446,256929.6000
5447,256929.6000
5448,256929.6000
5449,256929.6000
5450,256929.6000
5451,256929.6000
5452,256929.6000
5453,256929.6000
5454,256929.6000
5455,256929.6000
5456,256929.6000
5457,256929.6000
5458,256929.6000
5459,256929.6000
5460,256929.6000
5461,256929.6000
5462,256929.6000
5463,256929.6000
5464,256929.6000
5465,256929.6000
5466,256929.6000
5467,256929.6000
5468,256929.6000
5469,256929.6000
5470,256929.6000
5471,256929.6000
5472,256929.6000
5473,256929.6000
5474,256929.6000
5475,256929.6000
5476,256929.6000
5477,256929.6000
5478,256929.6000
5479,256929.6000
5480,256929.6000
5481,256929.6000
5482,256929.6000
5483,256929.6000
5484,256929.6000
5485,256929.6000
5486,256929.6000
5487,256929.6000
5488,256929.6000
5489,256929.6000
5490,256929.6000
5491,256929.6000
5492,256929.6000
5493,256929.6000
5494,256929.6000
5495,256929.6000
5496,256929.6000
5497,256929.6000
5498,256929.6000
5499,256929.6000
5500,256929.6000
5501,256929.6000
5502,256929.6000
5503,256929.6000
5504,256929.6000
5505,256929.6000
5506,256929.6000
5507,256929.6000
5508,256929.6000
5509,256929.6000
5510,256929.6000
5511,256929.6000
5512,256929.6000
5513,256929.6000
5514,256929.6000
5515,256929.6000
5516,256929.6000
5517,256929.6000
5518,256929.6000
5519,256929.6000
5520,256929.6000
5521,256929.6000
5522,256929.6000
5523,256929.6000
5524,256929.6000
5525,256929.6000
5526,256929.6000
5527,256929.6000
5528,256929.6000
5529,256929.6000
5530,256929.6000
5531,256929.6000
5532,256929.6000
5533,256929.6000
5534,256929.6000
5535,256929.6000
5536,256929.6000
5537,256929.6000
5538,256929.6000
5539,256929.6000
5540,256929.6000
5541,256929.6000
5542,256929.6000
5543,256929.6000
5544,256929.6000
5545,256929.6000
5546,256929.6000
5547,256929.6000
5548,256929.6000
5549,256929.6000
5550,256929.6000
5551,256929.6000
5552,256929.6000
5553,256929.6000
5554,256929.6000
5555,256929.6000
5556,256929.6000
5557,256929.6000
5558,256929.6000
5559,256929.6000
5560,256929.6000
5561,256929.6000
5562,256929.6000
5563,256929.6000
5564,256929.6000
5565,256929.6000
5566,256929.6000
5567,256929.6000
5568,256929.6000
5569,256929.6000
5570,256929.6000
5571,256929.6000
5572,256929.6000
5573,256929.6000
5574,256929.6000
5575,256929.6000
5576,256929.6000
5577,256929.6000
5578,256929.6000
5579,256929.6000
5580,256929.6000
5581,256929.6000
5582,256929.6000
5583,256929.6000
5584,256929.6000
5585,256929.6000
5586,256929.6000
5587,256929.6000
5588,256929.6000
5589,256929.6000
5590,256929.6000
5591,256929.6000
5592,256929.6000
5593,256929.6000
5594,256929.6000
5595,256929.6000
5596,256929.6000
5597,256929.6000
5598,256929.6000
5599,256929.6000
5600,256929.6000
5601,256929.6000
5602,256929.6000
5603,256929.6000
5604,256929.6000
5605,256929.6000
5606,256929.6000
5607,256929.6000
5608,256929.6000
5609,256929.6000
5610,256929.6000
5611,256929.6000
5612,256929.6000
5613,256929.6000
5614,256929.6000
5615,256929.6000
5616,256929.6000
5617,256929.6000
5618,256929.6000
5619,256929.6000
5620,256929.6000
5621,256929.6000
5622,256929.6000
5623,256929.6000
5624,256929.6000
5625,256929.6000
5626,256929.6000
5627,256929.6000
5628,256929.6000
5629,256929.6000
5630,256929.6000
5631,256929.6000
5632,256929.6000
5633,256929.6000
5634,256929.6000
5635,256929.6000
5636,256929.6000
5637,256929.6000
5638,256929.6000
5639,256929.6000
5640,256929.6000
5641,256929.6000
5642,256929.6000
5643,256929.6000
5644,256929.6000
5645,256929.6000
5646,256929.6000
5647,256929.6000
5648,256929.6000
5649,256929.6000
5650,256929.6000
5651,256929.6000
5652,256929.6000
5653,256929.6000
5654,256929.6000
5655,256929.6000
5656,256929.6000
5657,256929.6000
5658,256929.6000
5659,256929.6000
5660,256929.6000
5661,256929.6000
5662,256929.6000
5663,256929.6000
5664,256929.6000
5665,256929.6000
5666,256929.6000
5667,256929.6000
5668,256929.6000
5669,256929.6000
5670,256929.6000
5671,256929.6000
5672,256929.6000
5673,256929.6000
5674,256929.6000
5675,256929.6000
5676,256929.6000
5677,256929.6000
5678,256929.6000
5679,256929.6000
5680,256929.6000
5681,256929.6000
5682,256929.6000
5683,256929.6000
5684,256929.6000
5685,256929.6000
5686,256929.6000
5687,256929.6000
5688,256929.6000
5689,256929.6000
5690,256929.6000
5691,256929.6000
5692,256929.6000
5693,256929.6000
5694,256929.6000
5695,256929.6000
5696,256929.6000
5697,256929.6000
5698,256929.6000
5699,256929.6000
5700,256929.6000
5701,256929.6000
5702,256929.6000
5703,256929.6000
5704,256929.6000
5705,256929.6000
5706,256929.6000
5707,256929.6000
5708,256929.6000
5709,256929.6000
5710,256929.6000
5711,256929.6000
5712,256929.6000
5713,256929.6000
5714,256929.6000
5715,256929.6000
5716,256929.6000
5717,256929.6000
5718,256929.6000
5719,256929.6000
5720,256929.6000
5721,256929.6000
5722,256929.6000
5723,256929.6000
5724,256929.6000
5725,256929.6000
5726,256929.6000
5727,256929.6000
5728,256929.6000
5729,256929.6000
5730,256929.6000
5731,256929.6000
5732,256929.6000
5733,256929.6000
5734,256929.6000
5735,256929.6000
5736,256929.6000
5737,256929.6000
5738,256929.6000
5739,256929.6000
5740,256929.6000
5741,256929.6000
5742,256929.6000
5743,256929.6000
5744,256929.6000
5745,256929.6000
5746,256929.6000
5747,256929.6000
5748,256929.6000
5749,256929.6000
5750,256929.6000
5751,256929.6000
5752,256929.6000
5753,256929.6000
5754,256929.6000
5755,256929.6000
5756,256929.6000
5757,256929.6000
5758,256929.6000
5759,256929.6000
5760,256929.6000
5761,256929.6000
5762,256929.6000
5763,256929.6000
5764,256929.6000
5765,256929.6000
5766,256929.6000
5767,256929.6000
5768,256929.6000
5769,256929.6000
5770,256929.6000
5771,256929.6000
5772,256929.6000
5773,256929.6000
5774,256929.6000
5775,256929.6000
5776,256929.6000
5777,256929.6000
5778,256929.6000
5779,256929.6000
5780,256929.6000
5781,256929.6000
5782,256929.6000
5783,256929.6000
5784,256929.6000
5785,256929.6000
5786,256929.6000
5787,256929.6000
5788,256929.6000
5789,256929.6000
5790,256929.6000
5791,256929.6000
5792,256929.6000
5793,256929.6000
5794,256929.6000
5795,256929.6000
5796,256929.6000
5797,256929.6000
5798,256929.6000
5799,256929.6000
5800,256929.6000
5801,256929.6000
5802,256929.6000
5803,256929.6000
5804,256929.6000
5805,256929.6000
5806,256929.6000
5807,256929.6000
5808,256929.6000
5809,256929.6000
5810,256929.6000
5811,256929.6000
5812,256929.6000
5813,256929.6000
5814,256929.6000
5815,256929.6000
5816,256929.6000
5817,256929.6000
5818,256929.6000
5819,256929.6000
5820,256929.6000
5821,256929.6000
5822,256929.6000
5823,256929.6000
5824,256929.6000
5825,256929.6000
5826,256929.6000
5827,256929.6000
5828,256929.6000
5829,256929.6000
5830,256929.6000
5831,256929.6000
5832,256929.6000
5833,256929.6000
5834,256929.6000
5835,256929.6000
5836,256929.6000
5837,256929.6000
5838,256929.6000
5839,256929.6000
5840,256929.6000
5841,256929.6000
5842,256929.6000
5843,256929.6000
5844,256929.6000
5845,256929.6000
5846,256929.6000
5847,256929.6000
5848,256929.6000
5849,256929.6000
5850,256929.6000
5851,256929.6000
5852,256929.6000
5853,256929.6000
5854,256929.6000
5855,256929.6000
5856,256929.6000
5857,256929.6000
5858,256929.6000
5859,256929.6000
5860,256929.6000
5861,256929.6000
5862,256929.6000
5863,256929.6000
5864,256929.6000
5865,256929.6000
5866,256929.6000
5867,256929.6000
5868,256929.6000
5869,256929.6000
5870,256929.6000
5871,256929.6000
5872,256929.6000
5873,256929.6000
5874,256929.6000
5875,256929.6000
5876,256929.6000
5877,256929.6000
5878,256929.6000
5879,256929.6000
5880,256929.6000
5881,256929.6000
5882,256929.6000
5883,256929.6000
5884,256929.6000
5885,256929.6000
5886,256929.6000
5887,256929.6000
5888,256929.6000
5889,256929.6000
5890,256929.6000
5891,256929.6000
5892,256929.6000
5893,256929.6000
5894,256929.6000
5895,256929.6000
5896,256929.6000
5897,256929.6000
5898,256929.6000
5899,256929.6000
5900,256929.6000
5901,256929.6000
5902,256929.6000
5903,256929.6000
5904,256929.6000
5905,256929.6000
5906,256929.6000
5907,256929.6000
5908,256929.6000
5909,256929.6000
5910,256929.6000
5911,256929.6000
5912,256929.6000
5913,256929.6000
5914,256929.6000
5915,256929.6000
5916,256929.6000
5917,256929.6000
5918,256929.6000
5919,256929.6000
5920,256929.6000
5921,256929.6000
5922,256929.6000
5923,256929.6000
5924,256929.6000
5925,256929.6000
5926,256929.6000
5927,256929.6000
5928,256929.6000
5929,256929.6000
5930,256929.6000
5931,256929.6000
5932,256929.6000
5933,256929.6000
5934,256929.6000
5935,256929.6000
5936,256929.6000
5937,256929.6000
5938,256929.6000
5939,256929.6000
5940,256929.6000
5941,256929.6000
5942,256929.6000
5943,256929.6000
5944,256929.6000
5945,256929.6000
5946,256929.6000
5947,256929.6000
5948,256929.6000
5949,256929.6000
5950,256929.6000
5951,256929.6000
5952,256929.6000
5953,256929.6000
5954,256929.6000
5955,256929.6000
5956,256929.6000
5957,256929.6000
5958,256929.6000
5959,256929.6000
5960,256929.6000
5961,256929.6000
5962,256929.6000
5963,256929.6000
5964,256929.6000
5965,256929.6000
5966,256929.6000
5967,256929.6000
5968,256929.6000
5969,256929.6000
5970,256929.6000
5971,256929.6000
5972,256929.6000
5973,256929.6000
5974,256929.6000
5975,256929.6000
5976,256929.6000
5977,256929.6000
5978,256929.6000
5979,256929.6000
5980,256929.6000
5981,256929.6000
5982,256929.6000
5983,256929.6000
5984,256929.6000
5985,256929.6000
5986,256929.6000
5987,256929.6000
5988,256929.6000
5989,256929.6000
5990,256929.6000
5991,256929.6000
5992,256929.6000
5993,256929.6000
5994,256929.6000
5995,256929.6000
5996,256929.6000
5997,256929.6000
5998,256929.6000
5999,256929.6000
6000,256929.6000
6001,256929.6000
6002,256929.6000
6003,256929.6000
6004,256929.6000
6005,256929.6000
6006,256929.6000
6007,256929.6000
6008,256929.6000
6009,256929.6000
6010,256929.6000
6011,256929.6000
6012,256929.6000
6013,256929.6000
6014,256929.6000
6015,256929.6000
6016,256929.6000
6017,256929.6000
6018,256929.6000
6019,256929.6000
6020,256929.6000
6021,256929.6000
6022,256929.6000
6023,256929.6000
6024,256929.6000
6025,256929.6000
6026,256929.6000
6027,256929.6000
6028,256929.6000
6029,256929.6000
6030,256929.6000
6031,256929.6000
6032,256929.6000
6033,256929.6000
6034,256929.6000
6035,256929.6000
6036,256929.6000
6037,256929.6000
6038,256929.6000
6039,256929.6000
6040,256929.6000
6041,256929.6000
6042,256929.6000
6043,256929.6000
6044,256929.6000
6045,256929.6000
6046,256929.6000
6047,256929.6000
6048,256929.6000
6049,256929.6000
6050,256929.6000
6051,256929.6000
6052,256929.6000
6053,256929.6000
6054,256929.6000
6055,256929.6000
6056,256929.6000
6057,256929.6000
6058,256929.6000
6059,256929.6000
6060,256929.6000
6061,256929.6000
6062,256929.6000
6063,256929.6000
6064,256929.6000
6065,256929.6000
6066,256929.6000
6067,256929.6000
6068,256929.6000
6069,256929.6000
6070,256929.6000
6071,256929.6000
6072,256929.6000
6073,256929.6000
6074,256929.6000
6075,256929.6000
6076,256929.6000
6077,256929.6000
6078,256929.6000
6079,256929.6000
6080,256929.6000
6081,256929.6000
6082,256929.6000
6083,256929.6000
6084,256929.6000
6085,256929.6000
6086,256929.6000
6087,256929.6000
6088,256929.6000
6089,256929.6000
6090,256929.6000
6091,256929.6000
6092,256929.6000
6093,256929.6000
6094,256929.6000
6095,256929.6000
6096,256929.6000
6097,256929.6000
6098,256929.6000
6099,256929.6000
6100,256929.6000
6101,256929.6000
6102,256929.6000
6103,256929.6000
6104,256929.6000
6105,256929.6000
6106,256929.6000
6107,256929.6000
6108,256929.6000
6109,256929.6000
6110,256929.6000
6111,256929.6000
6112,256929.6000
6113,256929.6000
6114,256929.6000
6115,256929.6000
6116,256929.6000
6117,256929.6000
6118,256929.6000
6119,256929.6000
6120,256929.6000
6121,256929.6000
6122,256929.6000
6123,256929.6000
6124,256929.6000
6125,256929.6000
6126,256929.6000
6127,256929.6000
6128,256929.6000
6129,256929.6000
6130,256929.6000
6131,256929.6000
6132,256929.6000
6133,256929.6000
6134,256929.6000
6135,256929.6000
6136,256929.6000
6137,256929.6000
6138,256929.6000
6139,256929.6000
6140,256929.6000
6141,256929.6000
6142,256929.6000
6143,256929.6000
6144,256929.6000
6145,256929.6000
6146,256929.6000
6147,256929.6000
6148,256929.6000
6149,256929.6000
6150,256929.6000
6151,256929.6000
6152,256929.6000
6153,256929.6000
6154,256929.6000
6155,256929.6000
6156,256929.6000
6157,256929.6000
6158,256929.6000
6159,256929.6000
6160,256929.6000
6161,256929.6000
6162,256929.6000
6163,256929.6000
6164,256929.6000
6165,256929.6000
6166,256929.6000
6167,256929.6000
6168,256929.6000
6169,256929.6000
6170,256929.6000
6171,256929.6000
6172,256929.6000
6173,256929.6000
6174,256929.6000
6175,256929.6000
6176,256929.6000
6177,256929.6000
6178,256929.6000
6179,256929.6000
6180,256929.6000
6181,256929.6000
6182,256929.6000
6183,256929.6000
6184,256929.6000
6185,256929.6000
6186,256929.6000
6187,256929.6000
6188,256929.6000
6189,256929.6000
6190,256929.6000
6191,256929.6000
6192,256929.6000
6193,256929.6000
6194,256929.6000
6195,256929.6000
6196,256929.6000
6197,256929.6000
6198,256929.6000
6199,256929.6000
6200,256929.6000
6201,256929.6000
6202,256929.6000
6203,256929.6000
6204,256929.6000
6205,256929.6000
6206,256929.6000
6207,256929.6000
6208,256929.6000
6209,256929.6000
6210,256929.6000
6211,256929.6000
6212,256929.6000
6213,256929.6000
6214,256929.6000
6215,256929.6000
6216,256929.6000
6217,256929.6000
6218,256929.6000
6219,256929.6000
6220,256929.6000
6221,256929.6000
6222,256929.6000
6223,256929.6000
6224,256929.6000
6225,256929.6000
6226,256929.6000
6227,256929.6000
6228,256929.6000
6229,256929.6000
6230,256929.6000
6231,256929.6000
6232,256929.6000
6233,256929.6000
6234,256929.6000
6235,256929.6000
6236,256929.6000
6237,256929.6000
6238,256929.6000
6239,256929.6000
6240,256929.6000
6241,256929.6000
6242,256929.6000
6243,256929.6000
6244,256929.6000
6245,256929.6000
6246,256929.6000
6247,256929.6000
6248,256929.6000
6249,256929.6000
6250,256929.6000
6251,256929.6000
6252,256929.6000
6253,256929.6000
6254,256929.6000
6255,256929.6000
6256,256929.6000
6257,256929.6000
6258,256929.6000
6259,256929.6000
6260,256929.6000
6261,256929.6000
6262,256929.6000
6263,256929.6000
6264,256929.6000
6265,256929.6000
6266,256929.6000
6267,256929.6000
6268,256929.6000
6269,256929.6000
6270,256929.6000
6271,256929.6000
6272,256929.6000
6273,256929.6000
6274,256929.6000
6275,256929.6000
6276,256929.6000
6277,256929.6000
6278,256929.6000
6279,256929.6000
6280,256929.6000
6281,256929.6000
6282,256929.6000
6283,256929.6000
6284,256929.6000
6285,256929.6000
6286,256929.6000
6287,256929.6000
6288,256929.6000
6289,256929.6000
6290,256929.6000
6291,256929.6000
6292,256929.6000
6293,256929.6000
6294,256929.6000
6295,256929.6000
6296,256929.6000
6297,256929.6000
6298,256929.6000
6299,256929.6000
6300,256929.6000
6301,256929.6000
6302,256929.6000
6303,256929.6000
6304,256929.6000
6305,256929.6000
6306,256929.6000
6307,256929.6000
6308,256929.6000
6309,256929.6000
6310,256929.6000
6311,256929.6000
6312,256929.6000
6313,256929.6000
6314,256929.6000
6315,256929.6000
6316,256929.6000
6317,256929.6000
6318,256929.6000
6319,256929.6000
6320,256929.6000
6321,256929.6000
6322,256929.6000
6323,256929.6000
6324,256929.6000
6325,256929.6000
6326,256929.6000
6327,256929.6000
6328,256929.6000
6329,256929.6000
6330,256929.6000
6331,256929.6000
6332,256929.6000
6333,256929.6000
6334,256929.6000
6335,256929.6000
6336,256929.6000
6337,256929.6000
6338,256929.6000
6339,256929.6000
6340,256929.6000
6341,256929.6000
6342,256929.6000
6343,256929.6000
6344,256929.6000
6345,256929.6000
6346,256929.6000
6347,256929.6000
6348,256929.6000
6349,256929.6000
6350,256929.6000
6351,256929.6000
6352,256929.6000
6353,256929.6000
6354,256929.6000
6355,256929.6000
6356,256929.6000
6357,256929.6000
6358,256929.6000
6359,256929.6000
6360,256929.6000
6361,256929.6000
6362,256929.6000
6363,256929.6000
6364,256929.6000
6365,256929.6000
6366,256929.6000
6367,256929.6000
6368,256929.6000
6369,256929.6000
6370,256929.6000
6371,256929.6000
6372,256929.6000
6373,256929.6000
6374,256929.6000
6375,256929.6000
6376,256929.6000
6377,256929.6000
6378,256929.6000
6379,256929.6000
6380,256929.6000
6381,256929.6000
6382,256929.6000
6383,256929.6000
6384,256929.6000
6385,256929.6000
6386,256929.6000
6387,256929.6000
6388,256929.6000
6389,256929.6000
6390,256929.6000
6391,256929.6000
6392,256929.6000
6393,256929.6000
6394,256929.6000
6395,256929.6000
6396,256929.6000
6397,256929.6000
6398,256929.6000
6399,256929.6000
6400,256929.6000
6401,256929.6000
6402,256929.6000
6403,256929.6000
6404,256929.6000
6405,256929.6000
6406,256929.6000
6407,256929.6000
6408,256929.6000
6409,256929.6000
6410,256929.6000
6411,256929.6000
6412,256929.6000
6413,256929.6000
6414,256929.6000
6415,256929.6000
6416,256929.6000
6417,256929.6000
6418,256929.6000
6419,256929.6000
6420,256929.6000
6421,256929.6000
6422,256929.6000
6423,256929.6000
6424,256929.6000
6425,256929.6000
6426,256929.6000
6427,256929.6000
6428,256929.6000
6429,256929.6000
6430,256929.6000
6431,256929.6000
6432,256929.6000
6433,256929.6000
6434,256929.6000
6435,256929.6000
6436,256929.6000
6437,256929.6000
6438,256929.6000
6439,256929.6000
6440,256929.6000
6441,256929.6000
6442,256929.6000
6443,256929.6000
6444,256929.6000
6445,256929.6000
6446,256929.6000
6447,256929.6000
6448,256929.6000
6449,256929.6000
6450,256929.6000
6451,256929.6000
6452,256929.6000
6453,256929.6000
6454,256929.6000
6455,256929.6000
6456,256929.6000
6457,256929.6000
6458,256929.6000
6459,256929.6000
6460,256929.6000
6461,256929.6000
6462,256929.6000
6463,256929.6000
6464,256929.6000
6465,256929.6000
6466,256929.6000
6467,256929.6000
6468,256929.6000
6469,256929.6000
6470,256929.6000
6471,256929.6000
6472,256929.6000
6473,256929.6000
6474,256929.6000
6475,256929.6000
6476,256929.6000
6477,256929.6000
6478,256929.6000
6479,256929.6000
6480,256929.6000
6481,256929.6000
6482,256929.6000
6483,256929.6000
6484,256929.6000
6485,256929.6000
6486,256929.6000
6487,256929.6000
6488,256929.6000
6489,256929.6000
6490,256929.6000
6491,256929.6000
6492,256929.6000
6493,256929.6000
6494,256929.6000
6495,256929.6000
6496,256929.6000
6497,256929.6000
6498,256929.6000
6499,256929.6000
6500,256929.6000
6501,256929.6000
6502,256929.6000
6503,256929.6000
6504,256929.6000
6505,256929.6000
6506,256929.6000
6507,256929.6000
6508,256929.6000
6509,256929.6000
6510,256929.6000
6511,256929.6000
6512,256929.6000
6513,256929.6000
6514,256929.6000
6515,256929.6000
6516,256929.6000
6517,256929.6000
6518,256929.6000
6519,256929.6000
6520,256929.6000
6521,256929.6000
6522,256929.6000
6523,256929.6000
6524,256929.6000
6525,256929.6000
6526,256929.6000
6527,256929.6000
6528,256929.6000
6529,256929.6000
6530,256929.6000
6531,256929.6000
6532,256929.6000
6533,256929.6000
6534,256929.6000
6535,256929.6000
6536,256929.6000
6537,256929.6000
6538,256929.6000
6539,256929.6000
6540,256929.6000
6541,256929.6000
6542,256929.6000
6543,256929.6000
6544,256929.6000
6545,256929.6000
6546,256929.6000
6547,256929.6000
6548,256929.6000
6549,256929.6000
6550,256929.6000
6551,256929.6000
6552,256929.6000
6553,256929.6000
6554,256929.6000
6555,256929.6000
6556,256929.6000
6557,256929.6000
6558,256929.6000
6559,256929.6000
6560,256929.6000
6561,256929.6000
6562,256929.6000
6563,256929.6000
6564,256929.6000
6565,256929.6000
6566,256929.6000
6567,256929.6000
6568,256929.6000
6569,256929.6000
6570,256929.6000
6571,256929.6000
6572,256929.6000
6573,256929.6000
6574,256929.6000
6575,256929.6000
6576,256929.6000
6577,256929.6000
6578,256929.6000
6579,256929.6000
6580,256929.6000
6581,256929.6000
6582,256929.6000
6583,256929.6000
6584,256929.6000
6585,256929.6000
6586,256929.6000
6587,256929.6000
6588,256929.6000
6589,256929.6000
6590,256929.6000
6591,256929.6000
6592,256929.6000
6593,256929.6000
6594,256929.6000
6595,256929.6000
6596,256929.6000
6597,256929.6000
6598,256929.6000
6599,256929.6000
6600,256929.6000
6601,256929.6000
6602,256929.6000
6603,256929.6000
6604,256929.6000
6605,256929.6000
6606,256929.6000
6607,256929.6000
6608,256929.6000
6609,256929.6000
6610,256929.6000
6611,256929.6000
6612,256929.6000
6613,256929.6000
6614,256929.6000
6615,256929.6000
6616,256929.6000
6617,256929.6000
6618,256929.6000
6619,256929.6000
6620,256929.6000
6621,256929.6000
6622,256929.6000
6623,256929.6000
6624,256929.6000
6625,256929.6000
6626,256929.6000
6627,256929.6000
6628,256929.6000
6629,256929.6000
6630,256929.6000
6631,256929.6000
6632,256929.6000
6633,256929.6000
6634,256929.6000
6635,256929.6000
6636,256929.6000
6637,256929.6000
6638,256929.6000
6639,256929.6000
6640,256929.6000
6641,256929.6000
6642,256929.6000
6643,256929.6000
6644,256929.6000
6645,256929.6000
6646,256929.6000
6647,256929.6000
6648,256929.6000
6649,256929.6000
6650,256929.6000
6651,256929.6000
6652,256929.6000
6653,256929.6000
6654,256929.6000
6655,256929.6000
6656,256929.6000
6657,256929.6000
6658,256929.6000
6659,256929.6000
6660,256929.6000
6661,256929.6000
6662,256929.6000
6663,256929.6000
6664,256929.6000
6665,256929.6000
6666,256929.6000
6667,256929.6000
6668,256929.6000
6669,256929.6000
6670,256929.6000
6671,256929.6000
6672,256929.6000
6673,256929.6000
6674,256929.6000
6675,256929.6000
6676,256929.6000
6677,256929.6000
6678,256929.6000
6679,256929.6000
6680,256929.6000
6681,256929.6000
6682,256929.6000
6683,256929.6000
6684,256929.6000
6685,256929.6000
6686,256929.6000
6687,256929.6000
6688,256929.6000
6689,256929.6000
6690,256929.6000
6691,256929.6000
6692,256929.6000
6693,256929.6000
6694,256929.6000
6695,256929.6000
6696,256929.6000
6697,256929.6000
6698,256929.6000
6699,256929.6000
6700,256929.6000
6701,256929.6000
6702,256929.6000
6703,256929.6000
6704,256929.6000
6705,256929.6000
6706,256929.6000
6707,256929.6000
6708,256929.6000
6709,256929.6000
6710,256929.6000
6711,256929.6000
6712,256929.6000
6713,256929.6000
6714,256929.6000
6715,256929.6000
6716,256929.6000
6717,256929.6000
6718,256929.6000
6719,256929.6000
6720,256929.6000
6721,256929.6000
6722,256929.6000
6723,256929.6000
6724,256929.6000
6725,256929.6000
6726,256929.6000
6727,256929.6000
6728,256929.6000
6729,256929.6000
6730,256929.6000
6731,256929.6000
6732,256929.6000
6733,256929.6000
6734,256929.6000
6735,256929.6000
6736,256929.6000
6737,256929.6000
6738,256929.6000
6739,256929.6000
6740,256929.6000
6741,256929.6000
6742,256929.6000
6743,256929.6000
6744,256929.6000
6745,256929.6000
6746,256929.6000
6747,256929.6000
6748,256929.6000
6749,256929.6000
6750,256929.6000
6751,256929.6000
6752,256929.6000
6753,256929.6000
6754,256929.6000
6755,256929.6000
6756,256929.6000
6757,256929.6000
6758,256929.6000
6759,256929.6000
6760,256929.6000
6761,256929.6000
6762,256929.6000
6763,256929.6000
6764,256929.6000
6765,256929.6000
6766,256929.6000
6767,256929.6000
6768,256929.6000
6769,256929.6000
6770,256929.6000
6771,256929.6000
6772,256929.6000
6773,256929.6000
6774,256929.6000
6775,256929.6000
6776,256929.6000
6777,256929.6000
6778,256929.6000
6779,256929.6000
6780,256929.6000
6781,256929.6000
6782,256929.6000
6783,256929.6000
6784,256929.6000
6785,256929.6000
6786,256929.6000
6787,256929.6000
6788,256929.6000
6789,256929.6000
6790,256929.6000
6791,256929.6000
6792,256929.6000
6793,256929.6000
6794,256929.6000
6795,256929.6000
6796,256929.6000
6797,256929.6000
6798,256929.6000
6799,256929.6000
6800,256929.6000
6801,256929.6000
6802,256929.6000
6803,256929.6000
6804,256929.6000
6805,256929.6000
6806,256929.6000
6807,256929.6000
6808,256929.6000
6809,256929.6000
6810,256929.6000
6811,256929.6000
6812,256929.6000
6813,256929.6000
6814,256929.6000
6815,256929.6000
6816,256929.6000
6817,256929.6000
6818,256929.6000
6819,256929.6000
6820,256929.6000
6821,256929.6000
6822,256929.6000
6823,256929.6000
6824,256929.6000
6825,256929.6000
6826,256929.6000
6827,256929.6000
6828,256929.6000
6829,256929.6000
6830,256929.6000
6831,256929.6000
6832,256929.6000
6833,256929.6000
6834,256929.6000
6835,256929.6000
6836,256929.6000
6837,256929.6000
6838,256929.6000
6839,256929.6000
6840,256929.6000
6841,256929.6000
6842,256929.6000
6843,256929.6000
6844,256929.6000
6845,256929.6000
6846,256929.6000
6847,256929.6000
6848,256929.6000
6849,256929.6000
6850,256929.6000
6851,256929.6000
6852,256929.6000
6853,256929.6000
6854,256929.6000
6855,256929.6000
6856,256929.6000
6857,256929.6000
6858,256929.6000
6859,256929.6000
6860,256929.6000
6861,256929.6000
6862,256929.6000
6863,256929.6000
6864,256929.6000
6865,256929.6000
6866,256929.6000
6867,256929.6000
6868,256929.6000
6869,256929.6000
6870,256929.6000
6871,256929.6000
6872,256929.6000
6873,256929.6000
6874,256929.6000
6875,256929.6000
6876,256929.6000
6877,256929.6000
6878,256929.6000
6879,256929.6000
6880,256929.6000
6881,256929.6000
6882,256929.6000
6883,256929.6000
6884,256929.6000
6885,256929.6000
6886,256929.6000
6887,256929.6000
6888,256929.6000
6889,256929.6000
6890,256929.6000
6891,256929.6000
6892,256929.6000
6893,256929.6000
6894,256929.6000
6895,256929.6000
6896,256929.6000
6897,256929.6000
6898,256929.6000
6899,256929.6000
6900,256929.6000
6901,256929.6000
6902,256929.6000
6903,256929.6000
6904,256929.6000
6905,256929.6000
6906,256929.6000
6907,256929.6000
6908,256929.6000
6909,256929.6000
6910,256929.6000
6911,256929.6000
6912,256929.6000
6913,256929.6000
6914,256929.6000
6915,256929.6000
6916,256929.6000
6917,256929.6000
6918,256929.6000
6919,256929.6000
6920,256929.6000
6921,256929.6000
6922,256929.6000
6923,256929.6000
6924,256929.6000
6925,256929.6000
6926,256929.6000
6927,256929.6000
6928,256929.6000
6929,256929.6000
6930,256929.6000
6931,256929.6000
6932,256929.6000
6933,256929.6000
6934,256929.6000
6935,256929.6000
6936,256929.6000
6937,256929.6000
6938,256929.6000
6939,256929.6000
6940,256929.6000
6941,256929.6000
6942,256929.6000
6943,256929.6000
6944,256929.6000
6945,256929.6000
6946,256929.6000
6947,256929.6000
6948,256929.6000
6949,256929.6000
6950,256929.6000
6951,256929.6000
6952,256929.6000
6953,256929.6000
6954,256929.6000
6955,256929.6000
6956,256929.6000
6957,256929.6000
6958,256929.6000
6959,256929.6000
6960,256929.6000
6961,256929.6000
6962,256929.6000
6963,256929.6000
6964,256929.6000
6965,256929.6000
6966,256929.6000
6967,256929.6000
6968,256929.6000
6969,256929.6000
6970,256929.6000
6971,256929.6000
6972,256929.6000
6973,256929.6000
6974,256929.6000
6975,256929.6000
6976,256929.6000
6977,256929.6000
6978,256929.6000
6979,256929.6000
6980,256929.6000
6981,256929.6000
6982,256929.6000
6983,256929.6000
6984,256929.6000
6985,256929.6000
6986,256929.6000
6987,256929.6000
6988,256929.6000
6989,256929.6000
6990,256929.6000
6991,256929.6000
6992,256929.6000
6993,256929.6000
6994,256929.6000
6995,256929.6000
6996,256929.6000
6997,256929.6000
6998,256929.6000
6999,256929.6000
7000,256929.6000
7001,256929.6000
7002,256929.6000
7003,256929.6000
7004,256929.6000
7005,256929.6000
7006,256929.6000
7007,256929.6000
7008,256929.6000
7009,256929.6000
7010,256929.6000
7011,256929.6000
7012,256929.6000
7013,256929.6000
7014,256929.6000
7015,256929.6000
7016,256929.6000
7017,256929.6000
7018,256929.6000
7019,256929.6000
7020,256929.6000
7021,256929.6000
7022,256929.6000
7023,256929.6000
7024,256929.6000
7025,256929.6000
7026,256929.6000
7027,256929.6000
7028,256929.6000
7029,256929.6000
7030,256929.6000
7031,256929.6000
7032,256929.6000
7033,256929.6000
7034,256929.6000
7035,256929.6000
7036,256929.6000
7037,256929.6000
7038,256929.6000
7039,256929.6000
7040,256929.6000
7041,256929.6000
7042,256929.6000
7043,256929.6000
7044,256929.6000
7045,256929.6000
7046,256929.6000
7047,256929.6000
7048,256929.6000
7049,256929.6000
7050,256929.6000
7051,256929.6000
7052,256929.6000
7053,256929.6000
7054,256929.6000
7055,256929.6000
7056,256929.6000
7057,256929.6000
7058,256929.6000
7059,256929.6000
7060,256929.6000
7061,256929.6000
7062,256929.6000
7063,256929.6000
7064,256929.6000
7065,256929.6000
7066,256929.6000
7067,256929.6000
7068,256929.6000
7069,256929.6000
7070,256929.6000
7071,256929.6000
7072,256929.6000
7073,256929.6000
7074,256929.6000
7075,256929.6000
7076,256929.6000
7077,256929.6000
7078,256929.6000
7079,256929.6000
7080,256929.6000
7081,256929.6000
7082,256929.6000
7083,256929.6000
7084,256929.6000
7085,256929.6000
7086,256929.6000
7087,256929.6000
7088,256929.6000
7089,256929.6000
7090,256929.6000
7091,256929.6000
7092,256929.6000
7093,256929.6000
7094,256929.6000
7095,256929.6000
7096,256929.6000
7097,256929.6000
7098,256929.6000
7099,256929.6000
7100,256929.6000
7101,256929.6000
7102,256929.6000
7103,256929.6000
7104,256929.6000
7105,256929.6000
7106,256929.6000
7107,256929.6000
7108,256929.6000
7109,256929.6000
7110,256929.6000
7111,256929.6000
7112,256929.6000
7113,256929.6000
7114,256929.6000
7115,256929.6000
7116,256929.6000
7117,256929.6000
7118,256929.6000
7119,256929.6000
7120,256929.6000
7121,256929.6000
7122,256929.6000
7123,256929.6000
7124,256929.6000
7125,256929.6000
7126,256929.6000
7127,256929.6000
7128,256929.6000
7129,256929.6000
7130,256929.6000
7131,256929.6000
7132,256929.6000
7133,256929.6000
7134,256929.6000
7135,256929.6000
7136,256929.6000
7137,256929.6000
7138,256929.6000
7139,256929.6000
7140,256929.6000
7141,256929.6000
7142,256929.6000
7143,256929.6000
7144,256929.6000
7145,256929.6000
7146,256929.6000
7147,256929.6000
7148,256929.6000
7149,256929.6000
7150,256929.6000
7151,256929.6000
7152,256929.6000
7153,256929.6000
7154,256929.6000
7155,256929.6000
7156,256929.6000
7157,256929.6000
7158,256929.6000
7159,256929.6000
7160,256929.6000
7161,256929.6000
7162,256929.6000
7163,256929.6000
7164,256929.6000
7165,256929.6000
7166,256929.6000
7167,256929.6000
7168,256929.6000
7169,256929.6000
7170,256929.6000
7171,256929.6000
7172,256929.6000
7173,256929.6000
7174,256929.6000
7175,256929.6000
7176,256929.6000
7177,256929.6000
7178,256929.6000
7179,256929.6000
7180,256929.6000
7181,256929.6000
7182,256929.6000
7183,256929.6000
7184,256929.6000
7185,256929.6000
7186,256929.6000
7187,256929.6000
7188,256929.6000
7189,256929.6000
7190,256929.6000
7191,256929.6000
7192,256929.6000
7193,256929.6000
7194,256929.6000
7195,256929.6000
7196,256929.6000
7197,256929.6000
7198,256929.6000
7199,256929.6000
7200,256929.6000
7201,256929.6000
7202,256929.6000
7203,256929.6000
7204,256929.6000
7205,256929.6000
7206,256929.6000
7207,256929.6000
7208,256929.6000
7209,256929.6000
7210,256929.6000
7211,256929.6000
7212,256929.6000
7213,256929.6000
7214,256929.6000
7215,256929.6000
7216,256929.6000
7217,256929.6000
7218,256929.6000
7219,256929.6000
7220,256929.6000
7221,256929.6000
7222,256929.6000
7223,256929.6000
7224,256929.6000
7225,256929.6000
7226,256929.6000
7227,256929.6000
7228,256929.6000
7229,256929.6000
7230,256929.6000
7231,256929.6000
7232,256929.6000
7233,256929.6000
7234,256929.6000
7235,256929.6000
7236,256929.6000
7237,256929.6000
7238,256929.6000
7239,256929.6000
7240,256929.6000
7241,256929.6000
7242,256929.6000
7243,256929.6000
7244,256929.6000
7245,256929.6000
7246,256929.6000
7247,256929.6000
7248,256929.6000
7249,256929.6000
7250,256929.6000
7251,256929.6000
7252,256929.6000
7253,256929.6000
7254,256929.6000
7255,256929.6000
7256,256929.6000
7257,256929.6000
7258,256929.6000
7259,256929.6000
7260,256929.6000
7261,256929.6000
7262,256929.6000
7263,256929.6000
7264,256929.6000
7265,256929.6000
7266,256929.6000
7267,256929.6000
7268,256929.6000
7269,256929.6000
7270,256929.6000
7271,256929.6000
7272,256929.6000
7273,256929.6000
7274,256929.6000
7275,256929.6000
7276,256929.6000
7277,256929.6000
7278,256929.6000
7279,256929.6000
7280,256929.6000
7281,256929.6000
7282,256929.6000
7283,256929.6000
7284,256929.6000
7285,256929.6000
7286,256929.6000
7287,256929.6000
7288,256929.6000
7289,256929.6000
7290,256929.6000
7291,256929.6000
7292,256929.6000
7293,256929.6000
7294,256929.6000
7295,256929.6000
7296,256929.6000
7297,256929.6000
7298,256929.6000
7299,256929.6000
7300,256929.6000
7301,256929.6000
7302,256929.6000
7303,256929.6000
7304,256929.6000
7305,256929.6000
7306,256929.6000
7307,256929.6000
7308,256929.6000
7309,256929.6000
7310,256929.6000
7311,256929.6000
7312,256929.6000
7313,256929.6000
7314,256929.6000
7315,256929.6000
7316,256929.6000
7317,256929.6000
7318,256929.6000
7319,256929.6000
7320,256929.6000
7321,256929.6000
7322,256929.6000
7323,256929.6000
7324,256929.6000
7325,256929.6000
7326,256929.6000
7327,256929.6000
7328,256929.6000
7329,256929.6000
7330,256929.6000
7331,256929.6000
7332,256929.6000
7333,256929.6000
7334,256929.6000
7335,256929.6000
7336,256929.6000
7337,256929.6000
7338,256929.6000
7339,256929.6000
7340,256929.6000
7341,256929.6000
7342,256929.6000
7343,256929.6000
7344,256929.6000
7345,256929.6000
7346,256929.6000
7347,256929.6000
7348,256929.6000
7349,256929.6000
7350,256929.6000
7351,256929.6000
7352,256929.6000
7353,256929.6000
7354,256929.6000
7355,256929.6000
7356,256929.6000
7357,256929.6000
7358,256929.6000
7359,256929.6000
7360,256929.6000
7361,256929.6000
7362,256929.6000
7363,256929.6000
7364,256929.6000
7365,256929.6000
7366,256929.6000
7367,256929.6000
7368,256929.6000
7369,256929.6000
7370,256929.6000
7371,256929.6000
7372,256929.6000
7373,256929.6000
7374,256929.6000
7375,256929.6000
7376,256929.6000
7377,256929.6000
7378,256929.6000
7379,256929.6000
7380,256929.6000
7381,256929.6000
7382,256929.6000
7383,256929.6000
7384,256929.6000
7385,256929.6000
7386,256929.6000
7387,256929.6000
7388,256929.6000
7389,256929.6000
7390,256929.6000
7391,256929.6000
7392,256929.6000
7393,256929.6000
7394,256929.6000
7395,256929.6000
7396,256929.6000
7397,256929.6000
7398,256929.6000
7399,256929.6000
7400,256929.6000
7401,256929.6000
7402,256929.6000
7403,256929.6000
7404,256929.6000
7405,256929.6000
7406,256929.6000
7407,256929.6000
7408,256929.6000
7409,256929.6000
7410,256929.6000
7411,256929.6000
7412,256929.6000
7413,256929.6000
7414,256929.6000
7415,256929.6000
7416,256929.6000
7417,256929.6000
7418,256929.6000
7419,256929.6000
7420,256929.6000
7421,256929.6000
7422,256929.6000
7423,256929.6000
7424,256929.6000
7425,256929.6000
7426,256929.6000
7427,256929.6000
7428,256929.6000
7429,256929.6000
7430,256929.6000
7431,256929.6000
7432,256929.6000
7433,256929.6000
7434,256929.6000
7435,256929.6000
7436,256929.6000
7437,256929.6000
7438,256929.6000
7439,256929.6000
7440,256929.6000
7441,256929.6000
7442,256929.6000
7443,256929.6000
7444,256929.6000
7445,256929.6000
7446,256929.6000
7447,256929.6000
7448,256929.6000
7449,256929.6000
7450,256929.6000
7451,256929.6000
7452,256929.6000
7453,256929.6000
7454,256929.6000
7455,256929.6000
7456,256929.6000
7457,256929.6000
7458,256929.6000
7459,256929.6000
7460,256929.6000
7461,256929.6000
7462,256929.6000
7463,256929.6000
7464,256929.6000
7465,256929.6000
7466,256929.6000
7467,256929.6000
7468,256929.6000
7469,256929.6000
7470,256929.6000
7471,256929.6000
7472,256929.6000
7473,256929.6000
7474,256929.6000
7475,256929.6000
7476,256929.6000
7477,256929.6000
7478,256929.6000
7479,256929.6000
7480,256929.6000
7481,256929.6000
7482,256929.6000
7483,256929.6000
7484,256929.6000
7485,256929.6000
7486,256929.6000
7487,256929.6000
7488,256929.6000
7489,256929.6000
7490,256929.6000
7491,256929.6000
7492,256929.6000
7493,256929.6000
7494,256929.6000
7495,256929.6000
7496,256929.6000
7497,256929.6000
7498,256929.6000
7499,256929.6000
7500,256929.6000
7501,256929.6000
7502,256929.6000
7503,256929.6000
7504,256929.6000
7505,256929.6000
7506,256929.6000
7507,256929.6000
7508,256929.6000
7509,256929.6000
7510,256929.6000
7511,256929.6000
7512,256929.6000
7513,256929.6000
7514,256929.6000
7515,256929.6000
7516,256929.6000
7517,256929.6000
7518,256929.6000
7519,256929.6000
7520,256929.6000
7521,256929.6000
7522,256929.6000
7523,256929.6000
7524,256929.6000
7525,256929.6000
7526,256929.6000
7527,256929.6000
7528,256929.6000
7529,256929.6000
7530,256929.6000
7531,256929.6000
7532,256929.6000
7533,256929.6000
7534,256929.6000
7535,256929.6000
7536,256929.6000
7537,256929.6000
7538,256929.6000
7539,256929.6000
7540,256929.6000
7541,256929.6000
7542,256929.6000
7543,256929.6000
7544,256929.6000
7545,256929.6000
7546,256929.6000
7547,256929.6000
7548,256929.6000
7549,256929.6000
7550,256929.6000
7551,256929.6000
7552,256929.6000
7553,256929.6000
7554,256929.6000
7555,256929.6000
7556,256929.6000
7557,256929.6000
7558,256929.6000
7559,256929.6000
7560,256929.6000
7561,256929.6000
7562,256929.6000
7563,256929.6000
7564,256929.6000
7565,256929.6000
7566,256929.6000
7567,256929.6000
7568,256929.6000
7569,256929.6000
7570,256929.6000
7571,256929.6000
7572,256929.6000
7573,256929.6000
7574,256929.6000
7575,256929.6000
7576,256929.6000
7577,256929.6000
7578,256929.6000
7579,256929.6000
7580,256929.6000
7581,256929.6000
7582,256929.6000
7583,256929.6000
7584,256929.6000
7585,256929.6000
7586,256929.6000
7587,256929.6000
7588,256929.6000
7589,256929.6000
7590,256929.6000
7591,256929.6000
7592,256929.6000
7593,256929.6000
7594,256929.6000
7595,256929.6000
7596,256929.6000
7597,256929.6000
7598,256929.6000
7599,256929.6000
7600,256929.6000
7601,256929.6000
7602,256929.6000
7603,255269.0000
7604,255269.0000
7605,255269.0000
7606,255269.0000
7607,255269.0000
7608,255269.0000
7609,255269.0000
7610,255269.0000
7611,255269.0000
7612,255269.0000
7613,255269.0000
7614,255269.0000
7615,255269.0000
7616,255269.0000
7617,255269.0000
7618,255269.0000
7619,255269.0000
7620,255269.0000
7621,255269.0000
7622,255269.0000
7623,255269.0000
7624,255269.0000
7625,255269.0000
7626,255269.0000
7627,255269.0000
7628,255269.0000
7629,255269.0000
7630,255269.0000
7631,255269.0000
7632,255269.0000
7633,255269.0000
7634,255269.0000
7635,255269.0000
7636,255269.0000
7637,255269.0000
7638,255269.0000
7639,255269.0000
7640,255269.0000
7641,254797.0000
7642,254797.0000
7643,254797.0000
7644,254797.0000
7645,254797.0000
7646,254797.0000
7647,254797.0000
7648,254797.0000
7649,254797.0000
7650,254797.0000
7651,254797.0000
7652,254797.0000
7653,254797.0000
7654,254797.0000
7655,254797.0000
7656,254797.0000
7657,254797.0000
7658,254797.0000
7659,254797.0000
7660,254797.0000
7661,254797.0000
7662,254797.0000
7663,254797.0000
7664,254797.0000
7665,254797.0000
7666,254797.0000
7667,254797.0000
7668,254797.0000
7669,254797.0000
7670,254797.0000
7671,254797.0000
7672,254797.0000
7673,254797.0000
7674,254797.0000
7675,254797.0000
7676,254797.0000
7677,254797.0000
7678,254797.0000
7679,254797.0000
7680,254797.0000
7681,254797.0000
7682,254797.0000
7683,254797.0000
7684,254797.0000
7685,254797.0000
7686,254797.0000
7687,254797.0000
7688,254797.0000
7689,254797.0000
7690,254797.0000
7691,254797.0000
7692,254797.0000
7693,254797.0000
7694,254797.0000
7695,254797.0000
7696,254797.0000
7697,254797.0000
7698,254797.0000
7699,254797.0000
7700,254797.0000
7701,254797.0000
7702,254797.0000
7703,254797.0000
7704,254797.0000
7705,254797.0000
7706,254797.0000
7707,254797.0000
7708,254797.0000
7709,254797.0000
7710,254797.0000
7711,254797.0000
7712,254797.0000
7713,254797.0000
7714,254797.0000
7715,254797.0000
7716,254797.0000
7717,254797.0000
7718,254797.0000
7719,254797.0000
7720,254797.0000
7721,254797.0000
7722,254797.0000
7723,254797.0000
7724,254797.0000
7725,254797.0000
7726,254797.0000
7727,254797.0000
7728,254797.0000
7729,254797.0000
7730,254797.0000
7731,254797.0000
7732,254797.0000
7733,254797.0000
7734,254797.0000
7735,254797.0000
7736,254797.0000
7737,254797.0000
7738,254797.0000
7739,254797.0000
7740,254797.0000
7741,254797.0000
7742,254797.0000
7743,254797.0000
7744,254797.0000
7745,254797.0000
7746,254797.0000
7747,254797.0000
7748,254797.0000
7749,254797.0000
7750,254797.0000
7751,254797.0000
7752,254797.0000
7753,254797.0000
7754,254797.0000
7755,254797.0000
7756,254797.0000
7757,254797.0000
7758,254797.0000
7759,254797.0000
7760,254797.0000
7761,254797.0000
7762,254797.0000
7763,254797.0000
7764,254797.0000
7765,254797.0000
7766,254797.0000
7767,254797.0000
7768,254797.0000
7769,254797.0000
7770,254797.0000
7771,254797.0000
7772,254797.0000
7773,254797.0000
7774,254797.0000
7775,254797.0000
7776,254797.0000
7777,254797.0000
7778,254797.0000
7779,254797.0000
7780,254797.0000
7781,254797.0000
7782,254797.0000
7783,254797.0000
7784,254797.0000
7785,254797.0000
7786,254797.0000
7787,254797.0000
7788,254797.0000
7789,254797.0000
7790,254797.0000
7791,254797.0000
7792,254797.0000
7793,254797.0000
7794,254797.0000
7795,254797.0000
7796,254797.0000
7797,254797.0000
7798,254797.0000
7799,254797.0000
7800,254797.0000
7801,254797.0000
7802,254797.0000
7803,254797.0000
7804,254797.0000
7805,254797.0000
7806,254797.0000
7807,254797.0000
7808,254797.0000
7809,254797.0000
7810,254797.0000
7811,254797.0000
7812,254797.0000
7813,254797.0000
7814,254797.0000
7815,254797.0000
7816,254797.0000
7817,254797.0000
7818,254797.0000
7819,254797.0000
7820,254797.0000
7821,254797.0000
7822,254797.0000
7823,254797.0000
7824,254797.0000
7825,254797.0000
7826,254797.0000
7827,254797.0000
7828,254797.0000
7829,254797.0000
7830,254797.0000
7831,254797.0000
7832,254797.0000
7833,254797.0000
7834,254797.0000
7835,254797.0000
7836,254797.0000
7837,254797.0000
7838,254797.0000
7839,254797.0000
7840,254797.0000
7841,254797.0000
7842,254797.0000
7843,254797.0000
7844,254797.0000
7845,254797.0000
7846,254797.0000
7847,254797.0000
7848,254797.0000
7849,254797.0000
7850,254797.0000
7851,254797.0000
7852,254797.0000
7853,254797.0000
7854,254797.0000
7855,254797.0000
7856,254797.0000
7857,254797.0000
7858,254797.0000
7859,254797.0000
7860,254797.0000
7861,254797.0000
7862,254797.0000
7863,254797.0000
7864,254797.0000
7865,254797.0000
7866,254797.0000
7867,254797.0000
7868,254797.0000
7869,254797.0000
7870,254797.0000
7871,254797.0000
7872,254797.0000
7873,254797.0000
7874,254797.0000
7875,254797.0000
7876,254797.0000
7877,254797.0000
7878,254797.0000
7879,254797.0000
7880,254797.0000
7881,254797.0000
7882,254797.0000
7883,254797.0000
7884,254797.0000
7885,254797.0000
7886,254797.0000
7887,254797.0000
7888,254797.0000
7889,254797.0000
7890,254797.0000
7891,254797.0000
7892,254797.0000
7893,254797.0000
7894,254797.0000
7895,254797.0000
7896,254797.0000
7897,254797.0000
7898,254797.0000
7899,254797.0000
7900,254797.0000
7901,254797.0000
7902,254797.0000
7903,254797.0000
7904,254797.0000
7905,254797.0000
7906,254797.0000
7907,254797.0000
7908,254797.0000
7909,254797.0000
7910,254797.0000
7911,254797.0000
7912,254797.0000
7913,254797.0000
7914,254797.0000
7915,254797.0000
7916,254797.0000
7917,254797.0000
7918,254797.0000
7919,254797.0000
7920,254797.0000
7921,254797.0000
7922,254797.0000
7923,254797.0000
7924,254797.0000
7925,254797.0000
7926,254797.0000
7927,254797.0000
7928,254797.0000
7929,254797.0000
7930,254797.0000
7931,254797.0000
7932,254797.0000
7933,254797.0000
7934,254797.0000
7935,254797.0000
7936,254797.0000
7937,254797.0000
7938,254797.0000
7939,254797.0000
7940,254797.0000
7941,254797.0000
7942,254797.0000
7943,254797.0000
7944,254797.0000
7945,254797.0000
7946,254797.0000
7947,254797.0000
7948,254797.0000
7949,254797.0000
7950,254797.0000
7951,254797.0000
7952,254797.0000
7953,254797.0000
7954,254797.0000
7955,254797.0000
7956,254797.0000
7957,254797.0000
7958,254797.0000
7959,254797.0000
7960,254797.0000
7961,254797.0000
7962,254797.0000
7963,254797.0000
7964,254797.0000
7965,254797.0000
7966,254797.0000
7967,254797.0000
7968,254797.0000
7969,254797.0000
7970,254797.0000
7971,254797.0000
7972,254797.0000
7973,254797.0000
7974,254797.0000
7975,254797.0000
7976,254797.0000
7977,254797.0000
7978,254797.0000
7979,254797.0000
7980,254797.0000
7981,254797.0000
7982,254797.0000
7983,254797.0000
7984,254797.0000
7985,254797.0000
7986,254797.0000
7987,254797.0000
7988,254797.0000
7989,254797.0000
7990,254797.0000
7991,254797.0000
7992,254797.0000
7993,254797.0000
7994,254797.0000
7995,254797.0000
7996,254797.0000
7997,254797.0000
7998,254797.0000
7999,254797.0000
8000,254797.0000
8001,254797.0000
8002,254797.0000
8003,254797.0000
8004,254797.0000
8005,254797.0000
8006,254797.0000
8007,254797.0000
8008,254797.0000
8009,254797.0000
8010,254797.0000
8011,254797.0000
8012,254797.0000
8013,254797.0000
8014,254797.0000
8015,254797.0000
8016,254797.0000
8017,254797.0000
8018,254797.0000
8019,254797.0000
8020,254797.0000
8021,254797.0000
8022,254797.0000
8023,254797.0000
8024,254797.0000
8025,254797.0000
8026,254797.0000
8027,254797.0000
8028,254797.0000
8029,254797.0000
8030,254797.0000
8031,254797.0000
8032,254797.0000
8033,254797.0000
8034,254797.0000
8035,254797.0000
8036,254797.0000
8037,254797.0000
8038,254797.0000
8039,254797.0000
8040,254797.0000
8041,254797.0000
8042,254797.0000
8043,254797.0000
8044,254797.0000
8045,254797.0000
8046,254797.0000
8047,254797.0000
8048,254797.0000
8049,254797.0000
8050,254797.0000
8051,254797.0000
8052,254797.0000
8053,254797.0000
8054,254797.0000
8055,254797.0000
8056,254797.0000
8057,254797.0000
8058,254797.0000
8059,254797.0000
8060,254797.0000
8061,254797.0000
8062,254797.0000
8063,254797.0000
8064,254797.0000
8065,254797.0000
8066,254797.0000
8067,254797.0000
8068,254797.0000
8069,254797.0000
8070,254797.0000
8071,254797.0000
8072,254797.0000
8073,254797.0000
8074,254797.0000
8075,254797.0000
8076,254797.0000
8077,254797.0000
8078,254797.0000
8079,254797.0000
8080,254797.0000
8081,254797.0000
8082,254797.0000
8083,254797.0000
8084,254797.0000
8085,254797.0000
8086,254797.0000
8087,254797.0000
8088,254797.0000
8089,254797.0000
8090,254797.0000
8091,254797.0000
8092,254797.0000
8093,254797.0000
8094,254797.0000
8095,254797.0000
8096,254797.0000
8097,254797.0000
8098,254797.0000
8099,254797.0000
8100,254797.0000
8101,254797.0000
8102,254797.0000
8103,254797.0000
8104,254797.0000
8105,254797.0000
8106,254797.0000
8107,254797.0000
8108,254797.0000
8109,254797.0000
8110,254797.0000
8111,254797.0000
8112,254797.0000
8113,254797.0000
8114,254797.0000
8115,254797.0000
8116,254797.0000
8117,254797.0000
8118,254797.0000
8119,254797.0000
8120,254797.0000
8121,254797.0000
8122,254797.0000
8123,254797.0000
8124,254797.0000
8125,254797.0000
8126,254797.0000
8127,254797.0000
8128,254797.0000
8129,254797.0000
8130,254797.0000
8131,254797.0000
8132,254797.0000
8133,254797.0000
8134,254797.0000
8135,254797.0000
8136,254797.0000
8137,254797.0000
8138,254797.0000
8139,254797.0000
8140,254797.0000
8141,254797.0000
8142,254797.0000
8143,254797.0000
8144,254797.0000
8145,254797.0000
8146,254797.0000
8147,254797.0000
8148,254797.0000
8149,254797.0000
8150,254797.0000
8151,254797.0000
8152,254797.0000
8153,254797.0000
8154,254797.0000
8155,254797.0000
8156,254797.0000
8157,254797.0000
8158,254797.0000
8159,254797.0000
8160,254797.0000
8161,254797.0000
8162,254797.0000
8163,254797.0000
8164,254797.0000
8165,254797.0000
8166,254797.0000
8167,254797.0000
8168,254797.0000
8169,254797.0000
8170,254797.0000
8171,254797.0000
8172,254797.0000
8173,254797.0000
8174,254797.0000
8175,254797.0000
8176,254797.0000
8177,254797.0000
8178,254797.0000
8179,254797.0000
8180,254797.0000
8181,254797.0000
8182,254797.0000
8183,254797.0000
8184,254797.0000
8185,254797.0000
8186,254797.0000
8187,254797.0000
8188,254797.0000
8189,254797.0000
8190,254797.0000
8191,254797.0000
8192,254797.0000
8193,254797.0000
8194,254797.0000
8195,254797.0000
8196,254797.0000
8197,254797.0000
8198,254797.0000
8199,254797.0000
8200,254797.0000
8201,254797.0000
8202,254797.0000
8203,254797.0000
8204,254797.0000
8205,254797.0000
8206,254797.0000
8207,254797.0000
8208,254797.0000
8209,254797.0000
8210,254797.0000
8211,254797.0000
8212,254797.0000
8213,254797.0000
8214,254797.0000
8215,254797.0000
8216,254797.0000
8217,254797.0000
8218,254797.0000
8219,254797.0000
8220,254797.0000
8221,254797.0000
8222,254797.0000
8223,254797.0000
8224,254797.0000
8225,254797.0000
8226,254797.0000
8227,254797.0000
8228,254797.0000
8229,254797.0000
8230,254797.0000
8231,254797.0000
8232,254797.0000
8233,254797.0000
8234,254797.0000
8235,254797.0000
8236,254797.0000
8237,254797.0000
8238,254797.0000
8239,254797.0000
8240,254797.0000
8241,254797.0000
8242,254797.0000
8243,254797.0000
8244,254797.0000
8245,254797.0000
8246,254797.0000
8247,254797.0000
8248,254797.0000
8249,254797.0000
8250,254797.0000
8251,254797.0000
8252,254797.0000
8253,254797.0000
8254,254797.0000
8255,254797.0000
8256,254797.0000
8257,254797.0000
8258,254797.0000
8259,254797.0000
8260,254797.0000
8261,254797.0000
8262,254797.0000
8263,254797.0000
8264,254797.0000
8265,254797.0000
8266,254797.0000
8267,254797.0000
8268,254797.0000
8269,254797.0000
8270,254797.0000
8271,254797.0000
8272,254797.0000
8273,254797.0000
8274,254797.0000
8275,254797.0000
8276,254797.0000
8277,254797.0000
8278,254797.0000
8279,254797.0000
8280,254797.0000
8281,254797.0000
8282,254797.0000
8283,254797.0000
8284,254797.0000
8285,254797.0000
8286,254797.0000
8287,254797.0000
8288,254797.0000
8289,254797.0000
8290,254797.0000
8291,254797.0000
8292,254797.0000
8293,254797.0000
8294,254797.0000
8295,254797.0000
8296,254797.0000
8297,254797.0000
8298,254797.0000
8299,254797.0000
8300,254797.0000
8301,254797.0000
8302,254797.0000
8303,254797.0000
8304,254797.0000
8305,254797.0000
8306,254797.0000
8307,254797.0000
8308,254797.0000
8309,254797.0000
8310,254797.0000
8311,254797.0000
8312,254797.0000
8313,254797.0000
8314,254797.0000
8315,254797.0000
8316,254797.0000
8317,254797.0000
8318,254797.0000
8319,254797.0000
8320,254797.0000
8321,254797.0000
8322,254797.0000
8323,254797.0000
8324,254797.0000
8325,254797.0000
8326,254797.0000
8327,254797.0000
8328,254797.0000
8329,254797.0000
8330,254797.0000
8331,254797.0000
8332,254797.0000
8333,254797.0000
8334,254797.0000
8335,254797.0000
8336,254797.0000
8337,254797.0000
8338,254797.0000
8339,254797.0000
8340,254797.0000
8341,254797.0000
8342,254797.0000
8343,254797.0000
8344,254797.0000
8345,254797.0000
8346,254797.0000
8347,254797.0000
8348,254797.0000
8349,254797.0000
8350,254797.0000
8351,254797.0000
8352,254797.0000
8353,254797.0000
8354,254797.0000
8355,254797.0000
8356,254797.0000
8357,254797.0000
8358,254797.0000
8359,254797.0000
8360,254797.0000
8361,254797.0000
8362,254797.0000
8363,254797.0000
8364,254797.0000
8365,254797.0000
8366,254797.0000
8367,254797.0000
8368,254797.0000
8369,254797.0000
8370,254797.0000
8371,254797.0000
8372,254797.0000
8373,254797.0000
8374,254797.0000
8375,254797.0000
8376,254797.0000
8377,254797.0000
8378,254797.0000
8379,254797.0000
8380,254797.0000
8381,254797.0000
8382,254797.0000
8383,254797.0000
8384,254797.0000
8385,254797.0000
8386,254797.0000
8387,254797.0000
8388,254797.0000
8389,254797.0000
8390,254797.0000
8391,254797.0000
8392,254797.0000
8393,254797.0000
8394,254797.0000
8395,254797.0000
8396,254797.0000
8397,254797.0000
8398,254797.0000
8399,254797.0000
8400,254797.0000
8401,254797.0000
8402,254797.0000
8403,254797.0000
8404,254797.0000
8405,254797.0000
8406,254797.0000
8407,254797.0000
8408,254797.0000
8409,254797.0000
8410,254797.0000
8411,254797.0000
8412,254797.0000
8413,254797.0000
8414,254797.0000
8415,254797.0000
8416,254797.0000
8417,254797.0000
8418,254797.0000
8419,254797.0000
8420,254797.0000
8421,254797.0000
8422,254797.0000
8423,254797.0000
8424,254797.0000
8425,254797.0000
8426,254797.0000
8427,254797.0000
8428,254797.0000
8429,254797.0000
8430,254797.0000
8431,254797.0000
8432,254797.0000
8433,254797.0000
8434,254797.0000
8435,254797.0000
8436,254797.0000
8437,254797.0000
8438,254797.0000
8439,254797.0000
8440,254797.0000
8441,254797.0000
8442,254797.0000
8443,254797.0000
8444,254797.0000
8445,254797.0000
8446,254797.0000
8447,254797.0000
8448,254797.0000
8449,254797.0000
8450,254797.0000
8451,254797.0000
8452,254797.0000
8453,254797.0000
8454,254797.0000
8455,254797.0000
8456,254797.0000
8457,254797.0000
8458,254797.0000
8459,254797.0000
8460,254797.0000
8461,254797.0000
8462,254797.0000
8463,254797.0000
