════════════════════════════════════════════════════════════════
              最优Cmax解的详细调度记录
════════════════════════════════════════════════════════════════

【基本信息】
----------------------------------------------------------------------------------------------------
Cmax (最大完工时间): 68665.98
能耗: 849.63 kWh
装箱质量: 0.7797
批次总数: 12
工件数量: 100
机器数量: 17 (打印机:5, 批处理机:2, 离散机:10)

【染色体编码】
----------------------------------------------------------------------------------------------------
工序序列 (OS): [82, 34, 99, 60, 19, 83, 56, 13, 84, 10, 68, 47, 50, 38, 30, 20, 81, 66, 37, 12, 92, 39, 98, 3, 40, 86, 2, 32, 5, 73, 88, 52, 90, 85, 27, 59, 96, 1, 57, 74, 28, 48, 78, 75, 33, 43, 6, 49, 55, 18, 79, 62, 15, 25, 42, 17, 22, 46, 58, 36, 44, 54, 95, 41, 71, 8, 67, 53, 97, 72, 21, 23, 70, 51, 77, 11, 29, 87, 35, 14, 64, 16, 91, 24, 76, 93, 31, 94, 45, 89, 0, 65, 63, 7, 26, 61, 69, 4, 80, 9, 93, 55, 20, 21, 11, 7, 96, 11, 15, 83, 23, 60, 96, 30, 20, 46, 59, 94, 94, 55, 14, 7, 45, 62, 97, 88, 59, 11, 24, 94, 32, 11, 35, 93, 87, 4, 94, 8, 90, 97, 58, 33, 68, 81, 17, 32, 96, 34, 5, 66, 4, 30, 52, 46, 89, 20, 75, 47, 26, 31, 53, 71, 46, 24, 26, 15, 10, 14, 24, 23, 1, 40, 3, 74, 72, 3, 14, 66, 43, 31, 23, 1, 58, 75, 6, 75, 5, 74, 14, 68, 33, 17, 40, 85, 45, 96, 24, 52, 17, 36, 30, 43, 96, 72, 65, 82, 39, 13, 32, 51, 36, 8, 17, 6, 13, 86, 39, 13, 58, 3, 40, 99, 55, 99, 65, 37, 39, 87, 26, 45, 26, 24, 69, 28, 34, 4, 25, 30, 40, 20, 93, 69, 78, 6, 57, 41, 99, 69, 7, 30, 42, 74, 47, 32, 23, 47, 25, 43, 43, 12, 36, 75, 0, 14, 66, 72, 88, 37, 72, 71, 83, 13, 32, 10, 7, 31, 14, 69, 30, 19, 72, 55, 87, 99, 81, 67, 45, 15, 16, 26, 59, 0, 73, 8, 5, 47, 36, 33, 58, 91, 36, 15, 67, 55, 69, 4, 86, 29, 26, 83, 24, 66, 33, 70, 26, 35, 15, 79, 45, 31, 77, 10, 5, 46, 25, 47, 21, 28, 46, 10, 4, 86, 71, 67, 13, 23, 53, 3, 10, 9, 52, 41, 64, 92, 54, 14, 17, 59, 83, 92, 25, 41, 50, 83, 23, 28, 41, 59, 65, 0, 5, 96, 26, 18, 45, 52, 28, 3, 21, 77, 66, 8, 36, 25, 29, 69, 31, 99, 0, 43, 72, 34, 48, 5, 16, 15, 57, 33, 47, 52, 72, 93, 17, 77, 49, 97, 33, 41, 32, 37, 40, 1, 69, 8, 55, 23, 36, 85, 47, 65, 8, 49, 94, 42, 7, 99, 52, 89, 30, 86, 6, 13, 28, 44, 14, 24, 75, 67, 68, 46, 82, 94, 41, 30, 25, 88, 83, 9, 45, 49, 65, 96, 20, 39, 17, 2, 11, 4]
机器选择 (MS): [2, 2, 1, 1, 1, 2, 1, 3, 1, 3, 2, 3, 2, 1, 2, 2, 3, 2, 3, 2, 2, 2, 3, 3, 5, 1, 1, 2, 1, 2, 4, 3, 3, 1, 5, 2, 4, 5, 5, 4, 2, 2, 5, 2, 5, 4, 5, 3, 2, 5, 4, 2, 2, 4, 4, 4, 3, 3, 5, 2, 5, 4, 5, 4, 5, 4, 1, 1, 2, 1, 5, 1, 3, 1, 4, 1, 4, 5, 3, 4, 1, 4, 4, 5, 4, 3, 4, 2, 5, 5, 4, 3, 5, 2, 5, 1, 1, 4, 5, 5, 1, 3, 2, 2, 2, 1, 1, 3, 1, 1, 1, 2, 1, 1, 2, 1, 3, 2, 1, 1, 1, 2, 1, 1, 3, 3, 1, 1, 2, 1, 2, 1, 2, 1, 1, 1, 1, 2, 1, 1, 2, 3, 1, 1, 3, 1, 2, 1, 1, 2, 3, 3, 2, 1, 1, 1, 2, 1, 2, 3, 2, 1, 2, 3, 1, 1, 3, 2, 2, 2, 2, 1, 3, 1, 2, 1, 1, 2, 1, 1, 1, 1, 2, 2, 2, 1, 2, 2, 3, 2, 1, 1, 3, 2, 1, 1, 1, 1, 1, 1, 3, 1, 2, 1, 2, 2, 1, 1, 3, 1, 1, 2, 1, 2, 1, 1, 1, 2, 2, 1, 1, 2, 2, 3, 1, 1, 3, 3, 3, 1, 1, 2, 2, 1, 1, 1, 3, 1, 1, 1, 1, 2, 1, 2, 2, 2, 2, 1, 2, 1, 1, 1, 1, 1, 1, 1, 1, 3, 3, 2, 1, 2, 1, 1, 3, 2, 1, 2, 3, 1, 2, 1, 1, 2, 2, 1, 1, 1, 1, 3, 2, 3, 1, 2, 3, 1, 1, 1, 1, 2, 1, 1, 1, 2, 1, 1, 2, 1, 1, 1, 1, 1, 1, 1, 1, 2, 1, 1, 1, 1, 1, 1, 2, 1, 2, 1, 1, 1, 1, 1, 1, 1, 2, 2, 1, 1, 1, 1, 1, 2, 1, 2, 1, 1, 1, 1, 2, 1, 2, 1, 1, 1, 1, 2, 1, 1, 1, 3, 1, 1, 1, 2, 3, 1, 1, 3, 1, 3, 2, 1, 1, 3, 3, 1, 2, 2, 1, 1, 1, 1, 1, 1, 1, 2, 1, 1, 1, 2, 2, 1, 1, 1, 1, 1, 1, 1, 2, 1, 3, 1, 3, 1, 1, 2, 2, 1, 1, 2, 1, 1, 1, 2, 1, 1, 1, 1, 1, 1, 1, 1, 3, 2, 1, 1, 2, 1, 2, 1, 2, 1, 2, 3, 1, 2, 1, 2, 1, 1, 3, 1, 1, 1, 1, 1, 1, 1, 2, 1, 3, 2, 1, 1, 1, 1, 2, 1, 1, 1]

【零件加工顺序记录】
----------------------------------------------------------------------------------------------------
工件号      工序号             机器号             开始时间            结束时间            加工时长           
----------------------------------------------------------------------------------------------------

工件 0:
  0        0               打印机4            36457.41        47744.94        11287.53       
  0        1               批处理机2           47744.94        48808.94        1064.00        
  0        2               离散机3            49218.10        50118.10        900.00         
  0        3               离散机10           50118.10        51324.10        1206.00        
  0        4               离散机2            54996.98        56395.98        1399.00        
  0        5               离散机4            59650.98        61355.98        1705.00        

工件 1:
  1        0               打印机5            0.00            20997.00        20997.00       
  1        1               批处理机2           20997.00        22061.00        1064.00        
  1        2               离散机8            22061.00        23705.00        1644.00        
  1        3               离散机7            27790.00        29572.00        1782.00        
  1        4               离散机2            43846.19        44770.19        924.00         

工件 2:
  2        0               打印机1            27255.90        33781.03        6525.13        
  2        1               批处理机2           33781.03        34845.03        1064.00        
  2        2               离散机10           67085.98        68265.98        1180.00        

工件 3:
  3        0               打印机3            0.00            44801.10        44801.10       
  3        1               批处理机2           44801.10        45865.10        1064.00        
  3        2               离散机1            48028.10        48960.10        932.00         
  3        3               离散机7            48960.10        50089.10        1129.00        
  3        4               离散机2            50089.10        51087.10        998.00         
  3        5               离散机7            51238.10        52329.10        1091.00        
  3        6               离散机2            61210.98        62575.98        1365.00        

工件 4:
  4        0               打印机4            0.00            22111.06        22111.06       
  4        1               批处理机2           22111.06        23175.06        1064.00        
  4        2               离散机1            23175.06        24308.06        1133.00        
  4        3               离散机10           24308.06        25656.06        1348.00        
  4        4               离散机3            25938.00        27169.00        1231.00        
  4        5               离散机8            27169.00        28086.00        917.00         
  4        6               离散机5            39311.19        40658.19        1347.00        
  4        7               离散机6            67219.61        68557.61        1338.00        

工件 5:
  5        0               打印机1            0.00            27255.90        27255.90       
  5        1               批处理机2           27255.90        28319.90        1064.00        
  5        2               离散机1            28319.90        29992.90        1673.00        
  5        3               离散机8            32223.19        33519.19        1296.00        
  5        4               离散机2            37228.19        38148.19        920.00         
  5        5               离散机2            38148.19        39319.19        1171.00        
  5        6               离散机2            41975.19        42875.19        900.00         
  5        7               离散机8            59786.98        61263.98        1477.00        

工件 6:
  6        0               打印机5            0.00            20997.00        20997.00       
  6        1               批处理机2           20997.00        22061.00        1064.00        
  6        2               离散机6            22061.00        23066.00        1005.00        
  6        3               离散机2            23149.00        24814.00        1665.00        
  6        4               离散机2            24814.00        26007.00        1193.00        
  6        5               离散机9            31418.00        32695.00        1277.00        

工件 7:
  7        0               打印机2            29753.19        52944.98        23191.79       
  7        1               批处理机2           52944.98        54008.98        1064.00        
  7        2               离散机2            54008.98        54996.98        988.00         
  7        3               离散机8            54996.98        56212.98        1216.00        
  7        4               离散机1            57597.98        58523.98        926.00         
  7        5               离散机2            59865.98        61210.98        1345.00        
  7        6               离散机9            66200.61        67662.61        1462.00        

工件 8:
  8        0               打印机4            0.00            22111.06        22111.06       
  8        1               批处理机2           22111.06        23175.06        1064.00        
  8        2               离散机5            23175.06        24431.06        1256.00        
  8        3               离散机6            25367.06        26394.06        1027.00        
  8        4               离散机2            27333.00        28944.00        1611.00        
  8        5               离散机5            42815.03        43803.03        988.00         
  8        6               离散机1            44089.41        45122.41        1033.00        
  8        7               离散机4            66251.61        67912.61        1661.00        

工件 9:
  9        0               打印机5            20997.00        31794.00        10797.00       
  9        1               批处理机2           31794.00        32858.00        1064.00        
  9        2               离散机7            45911.41        47196.41        1285.00        
  9        3               离散机5            67752.98        68665.98        913.00         

工件 10:
  10       0               打印机3            0.00            44801.10        44801.10       
  10       1               批处理机2           44801.10        45865.10        1064.00        
  10       2               离散机6            48132.10        49136.10        1004.00        
  10       3               离散机5            52558.64        53626.64        1068.00        
  10       4               离散机6            55023.10        56539.10        1516.00        
  10       5               离散机2            56539.10        58268.10        1729.00        
  10       6               离散机8            58453.98        59786.98        1333.00        

工件 11:
  11       0               打印机1            27255.90        33781.03        6525.13        
  11       1               批处理机2           33781.03        34845.03        1064.00        
  11       2               离散机3            34845.03        36226.03        1381.00        
  11       3               离散机8            36226.03        37242.03        1016.00        
  11       4               离散机3            37547.03        38538.03        991.00         
  11       5               离散机8            38538.03        39476.03        938.00         
  11       6               离散机8            66178.61        67194.61        1016.00        

工件 12:
  12       0               打印机2            0.00            29753.19        29753.19       
  12       1               批处理机2           29753.19        30817.19        1064.00        
  12       2               离散机10           36457.19        37980.19        1523.00        

工件 13:
  13       0               打印机3            0.00            44801.10        44801.10       
  13       1               批处理机2           44801.10        45865.10        1064.00        
  13       2               离散机3            46186.64        47643.64        1457.00        
  13       3               离散机8            47643.64        48681.64        1038.00        
  13       4               离散机5            48681.64        50357.64        1676.00        
  13       5               离散机5            51509.64        52558.64        1049.00        
  13       6               离散机7            52558.64        54169.64        1611.00        
  13       7               离散机2            64695.98        65676.98        981.00         

工件 14:
  14       0               打印机4            22111.06        36457.41        14346.35       
  14       1               批处理机2           36457.41        37521.41        1064.00        
  14       2               离散机7            37521.41        38824.41        1303.00        
  14       3               离散机4            40486.41        41710.41        1224.00        
  14       4               离散机6            41710.41        42801.41        1091.00        
  14       5               离散机8            42801.41        44315.41        1514.00        
  14       6               离散机8            48681.64        49874.64        1193.00        
  14       7               离散机6            52301.10        53513.10        1212.00        
  14       8               离散机10           53513.10        54770.10        1257.00        
  14       9               离散机8            62338.98        63956.98        1618.00        

工件 15:
  15       0               打印机2            0.00            29753.19        29753.19       
  15       1               批处理机2           29753.19        30817.19        1064.00        
  15       2               离散机8            30817.19        32223.19        1406.00        
  15       3               离散机3            33808.19        34797.19        989.00         
  15       4               离散机2            36138.19        37228.19        1090.00        
  15       5               离散机6            38306.19        39632.19        1326.00        
  15       6               离散机3            54374.94        55604.94        1230.00        
  15       7               离散机5            62939.98        63852.98        913.00         

工件 16:
  16       0               打印机4            36457.41        47744.94        11287.53       
  16       1               批处理机2           47744.94        48808.94        1064.00        
  16       2               离散机2            51087.10        52877.10        1790.00        
  16       3               离散机7            58592.98        60161.98        1569.00        

工件 17:
  17       0               打印机4            0.00            22111.06        22111.06       
  17       1               批处理机2           22111.06        23175.06        1064.00        
  17       2               离散机10           23175.06        24129.06        954.00         
  17       3               离散机6            24129.06        25367.06        1238.00        
  17       4               离散机9            26443.00        27428.00        985.00         
  17       5               离散机9            27428.00        28434.00        1006.00        
  17       6               离散机2            28944.00        30567.00        1623.00        
  17       7               离散机2            42875.19        43846.19        971.00         
  17       8               离散机6            66300.61        67219.61        919.00         

工件 18:
  18       0               打印机5            0.00            20997.00        20997.00       
  18       1               批处理机2           20997.00        22061.00        1064.00        
  18       2               离散机9            22061.00        23203.00        1142.00        

工件 19:
  19       0               打印机1            0.00            27255.90        27255.90       
  19       1               批处理机2           27255.90        28319.90        1064.00        
  19       2               离散机7            42606.41        44040.41        1434.00        

工件 20:
  20       0               打印机2            0.00            29753.19        29753.19       
  20       1               批处理机2           29753.19        30817.19        1064.00        
  20       2               离散机7            30817.19        31999.19        1182.00        
  20       3               离散机5            31999.19        33224.19        1225.00        
  20       4               离散机6            33224.19        34484.19        1260.00        
  20       5               离散机9            34484.19        35700.19        1216.00        
  20       6               离散机10           59536.98        60456.98        920.00         

工件 21:
  21       0               打印机5            0.00            20997.00        20997.00       
  21       1               批处理机2           20997.00        22061.00        1064.00        
  21       2               离散机7            22061.00        23615.00        1554.00        
  21       3               离散机3            27169.00        28287.00        1118.00        
  21       4               离散机6            57519.10        59084.10        1565.00        

工件 22:
  22       0               打印机3            0.00            44801.10        44801.10       
  22       1               批处理机2           44801.10        45865.10        1064.00        

工件 23:
  23       0               打印机1            33781.03        42985.64        9204.62        
  23       1               批处理机2           42985.64        44049.64        1064.00        
  23       2               离散机9            44049.64        45089.64        1040.00        
  23       3               离散机3            45089.64        46186.64        1097.00        
  23       4               离散机6            49136.10        50713.10        1577.00        
  23       5               离散机6            50713.10        52301.10        1588.00        
  23       6               离散机9            59187.98        60284.98        1097.00        
  23       7               离散机3            61971.98        63587.98        1616.00        
  23       8               离散机5            65244.98        66482.98        1238.00        

工件 24:
  24       0               打印机5            0.00            20997.00        20997.00       
  24       1               批处理机2           20997.00        22061.00        1064.00        
  24       2               离散机3            22061.00        23391.00        1330.00        
  24       3               离散机9            23391.00        25133.00        1742.00        
  24       4               离散机5            25133.00        26199.00        1066.00        
  24       5               离散机4            26199.00        27591.00        1392.00        
  24       6               离散机10           29616.90        30793.90        1177.00        
  24       7               离散机8            34505.19        35923.19        1418.00        
  24       8               离散机7            47196.41        48605.41        1409.00        

工件 25:
  25       0               打印机4            0.00            22111.06        22111.06       
  25       1               批处理机2           22111.06        23175.06        1064.00        
  25       2               离散机1            24308.06        25935.06        1627.00        
  25       3               离散机2            26007.00        27333.00        1326.00        
  25       4               离散机10           27333.00        28249.00        916.00         
  25       5               离散机1            29992.90        31038.90        1046.00        
  25       6               离散机9            35700.19        37418.19        1718.00        
  25       7               离散机7            64759.98        65913.98        1154.00        

工件 26:
  26       0               打印机5            0.00            20997.00        20997.00       
  26       1               批处理机2           20997.00        22061.00        1064.00        
  26       2               离散机7            26116.00        27790.00        1674.00        
  26       3               离散机6            29284.90        30426.90        1142.00        
  26       4               离散机3            30995.90        32145.90        1150.00        
  26       5               离散机3            40137.03        41746.03        1609.00        
  26       6               离散机6            44461.41        45740.41        1279.00        
  26       7               离散机9            46113.64        47114.64        1001.00        
  26       8               离散机9            50303.94        51367.94        1064.00        
  26       9               离散机5            56603.64        58099.64        1496.00        

工件 27:
  27       0               打印机5            0.00            20997.00        20997.00       
  27       1               批处理机2           20997.00        22061.00        1064.00        

工件 28:
  28       0               打印机2            0.00            29753.19        29753.19       
  28       1               批处理机2           29753.19        30817.19        1064.00        
  28       2               离散机2            33611.19        34947.19        1336.00        
  28       3               离散机6            39632.19        40623.19        991.00         
  28       4               离散机10           40623.19        41831.19        1208.00        
  28       5               离散机10           41831.19        42897.19        1066.00        
  28       6               离散机6            65269.61        66300.61        1031.00        

工件 29:
  29       0               打印机4            22111.06        36457.41        14346.35       
  29       1               批处理机2           36457.41        37521.41        1064.00        
  29       2               离散机1            40426.41        41612.41        1186.00        
  29       3               离散机8            41612.41        42791.41        1179.00        

工件 30:
  30       0               打印机2            29753.19        52944.98        23191.79       
  30       1               批处理机2           52944.98        54008.98        1064.00        
  30       2               离散机9            54008.98        55107.98        1099.00        
  30       3               离散机8            56212.98        57219.98        1007.00        
  30       4               离散机3            57219.98        58138.98        919.00         
  30       5               离散机5            58138.98        59062.98        924.00         
  30       6               离散机5            59062.98        60236.98        1174.00        
  30       7               离散机7            60236.98        61441.98        1205.00        
  30       8               离散机4            61441.98        62818.98        1377.00        
  30       9               离散机7            63619.98        64759.98        1140.00        

工件 31:
  31       0               打印机4            22111.06        36457.41        14346.35       
  31       1               批处理机2           36457.41        37521.41        1064.00        
  31       2               离散机1            37521.41        38935.41        1414.00        
  31       3               离散机8            39476.03        40408.03        932.00         
  31       4               离散机3            41746.03        43069.03        1323.00        
  31       5               离散机9            51367.94        53076.94        1709.00        
  31       6               离散机9            64035.61        65202.61        1167.00        

工件 32:
  32       0               打印机2            0.00            29753.19        29753.19       
  32       1               批处理机2           29753.19        30817.19        1064.00        
  32       2               离散机2            30817.19        31948.19        1131.00        
  32       3               离散机5            34755.19        36161.19        1406.00        
  32       4               离散机1            36161.19        37090.19        929.00         
  32       5               离散机6            37106.19        38306.19        1200.00        
  32       6               离散机5            38306.19        39311.19        1005.00        
  32       7               离散机10           44304.19        45380.19        1076.00        

工件 33:
  33       0               打印机5            0.00            20997.00        20997.00       
  33       1               批处理机2           20997.00        22061.00        1064.00        
  33       2               离散机7            24922.00        26116.00        1194.00        
  33       3               离散机5            26199.00        27263.00        1064.00        
  33       4               离散机9            29365.00        30388.00        1023.00        
  33       5               离散机4            33497.19        34495.19        998.00         
  33       6               离散机5            40658.19        41597.19        939.00         
  33       7               离散机10           42897.19        44304.19        1407.00        

工件 34:
  34       0               打印机2            0.00            29753.19        29753.19       
  34       1               批处理机2           29753.19        30817.19        1064.00        
  34       2               离散机2            31948.19        33611.19        1663.00        
  34       3               离散机1            34568.19        35962.19        1394.00        
  34       4               离散机5            43803.03        45233.03        1430.00        

工件 35:
  35       0               打印机3            0.00            44801.10        44801.10       
  35       1               批处理机2           44801.10        45865.10        1064.00        
  35       2               离散机8            45865.10        47583.10        1718.00        
  35       3               离散机1            48960.10        50061.10        1101.00        

工件 36:
  36       0               打印机2            29753.19        52944.98        23191.79       
  36       1               批处理机2           52944.98        54008.98        1064.00        
  36       2               离散机9            55107.98        56101.98        994.00         
  36       3               离散机10           56101.98        57107.98        1006.00        
  36       4               离散机7            57107.98        58592.98        1485.00        
  36       5               离散机3            60736.98        61971.98        1235.00        
  36       6               离散机10           61971.98        62919.98        948.00         
  36       7               离散机4            62919.98        63842.98        923.00         
  36       8               离散机4            65269.61        66251.61        982.00         

工件 37:
  37       0               打印机3            0.00            44801.10        44801.10       
  37       1               批处理机2           44801.10        45865.10        1064.00        
  37       2               离散机10           45865.10        47138.10        1273.00        
  37       3               离散机5            47242.10        48443.10        1201.00        
  37       4               离散机6            64078.61        65269.61        1191.00        

工件 38:
  38       0               打印机1            0.00            27255.90        27255.90       
  38       1               批处理机2           27255.90        28319.90        1064.00        

工件 39:
  39       0               打印机2            29753.19        52944.98        23191.79       
  39       1               批处理机2           52944.98        54008.98        1064.00        
  39       2               离散机9            56101.98        57401.98        1300.00        
  39       3               离散机10           57401.98        58339.98        938.00         
  39       4               离散机2            58339.98        59865.98        1526.00        
  39       5               离散机10           60456.98        61882.98        1426.00        

工件 40:
  40       0               打印机5            0.00            20997.00        20997.00       
  40       1               批处理机2           20997.00        22061.00        1064.00        
  40       2               离散机4            22061.00        23223.00        1162.00        
  40       3               离散机9            25133.00        26443.00        1310.00        
  40       4               离散机6            35726.19        37106.19        1380.00        
  40       5               离散机9            40078.41        40996.41        918.00         
  40       6               离散机4            52389.10        53710.10        1321.00        

工件 41:
  41       0               打印机4            0.00            22111.06        22111.06       
  41       1               批处理机2           22111.06        23175.06        1064.00        
  41       2               离散机7            33363.19        34384.19        1021.00        
  41       3               离散机2            39319.19        41016.19        1697.00        
  41       4               离散机4            47024.41        47927.41        903.00         
  41       5               离散机8            53769.64        54882.64        1113.00        
  41       6               离散机7            55638.64        56910.64        1272.00        
  41       7               离散机5            66482.98        67752.98        1270.00        

工件 42:
  42       0               打印机4            0.00            22111.06        22111.06       
  42       1               批处理机2           22111.06        23175.06        1064.00        
  42       2               离散机4            23223.00        24618.00        1395.00        
  42       3               离散机10           25656.06        26853.06        1197.00        

工件 43:
  43       0               打印机4            36457.41        47744.94        11287.53       
  43       1               批处理机2           47744.94        48808.94        1064.00        
  43       2               离散机9            48808.94        50303.94        1495.00        
  43       3               离散机1            50303.94        51759.94        1456.00        
  43       4               离散机3            51759.94        53054.94        1295.00        
  43       5               离散机1            53054.94        54150.94        1096.00        
  43       6               离散机6            60125.10        61162.10        1037.00        

工件 44:
  44       0               打印机5            0.00            20997.00        20997.00       
  44       1               批处理机2           20997.00        22061.00        1064.00        
  44       2               离散机6            23066.00        24052.00        986.00         

工件 45:
  45       0               打印机5            20997.00        31794.00        10797.00       
  45       1               批处理机2           31794.00        32858.00        1064.00        
  45       2               离散机3            36226.03        37547.03        1321.00        
  45       3               离散机8            40408.03        41601.03        1193.00        
  45       4               离散机5            41601.03        42815.03        1214.00        
  45       5               离散机8            51062.64        52559.64        1497.00        
  45       6               离散机6            53513.10        55023.10        1510.00        
  45       7               离散机1            59545.98        60502.98        957.00         
  45       8               离散机9            67662.61        68573.61        911.00         

工件 46:
  46       0               打印机3            0.00            44801.10        44801.10       
  46       1               批处理机2           44801.10        45865.10        1064.00        
  46       2               离散机1            45865.10        46910.10        1045.00        
  46       3               离散机6            47129.10        48132.10        1003.00        
  46       4               离散机3            48132.10        49218.10        1086.00        
  46       5               离散机1            51759.94        52695.94        936.00         
  46       6               离散机1            55185.94        56257.94        1072.00        
  46       7               离散机3            64753.98        65987.98        1234.00        

工件 47:
  47       0               打印机3            0.00            44801.10        44801.10       
  47       1               批处理机2           44801.10        45865.10        1064.00        
  47       2               离散机2            47518.10        48771.10        1253.00        
  47       3               离散机5            50357.64        51509.64        1152.00        
  47       4               离散机10           51509.64        52559.64        1050.00        
  47       5               离散机5            53626.64        54964.64        1338.00        
  47       6               离散机3            55604.94        57047.94        1443.00        
  47       7               离散机2            62575.98        63680.98        1105.00        
  47       8               离散机1            64883.98        66190.98        1307.00        

工件 48:
  48       0               打印机2            0.00            29753.19        29753.19       
  48       1               批处理机2           29753.19        30817.19        1064.00        
  48       2               离散机10           39108.19        40547.19        1439.00        

工件 49:
  49       0               打印机3            44801.10        61565.61        16764.51       
  49       1               批处理机2           61565.61        62629.61        1064.00        
  49       2               离散机6            62629.61        64078.61        1449.00        
  49       3               离散机10           64101.98        65151.98        1050.00        
  49       4               离散机7            65913.98        67464.98        1551.00        

工件 50:
  50       0               打印机2            0.00            29753.19        29753.19       
  50       1               批处理机2           29753.19        30817.19        1064.00        
  50       2               离散机10           37980.19        39108.19        1128.00        

工件 51:
  51       0               打印机1            0.00            27255.90        27255.90       
  51       1               批处理机2           27255.90        28319.90        1064.00        
  51       2               离散机4            29337.90        30500.90        1163.00        

工件 52:
  52       0               打印机3            0.00            44801.10        44801.10       
  52       1               批处理机2           44801.10        45865.10        1064.00        
  52       2               离散机1            46910.10        48028.10        1118.00        
  52       3               离散机4            48028.10        49823.10        1795.00        
  52       4               离散机1            58523.98        59545.98        1022.00        
  52       5               离散机1            60502.98        62057.98        1555.00        
  52       6               离散机2            63680.98        64695.98        1015.00        
  52       7               离散机10           65151.98        66074.98        923.00         

工件 53:
  53       0               打印机1            0.00            27255.90        27255.90       
  53       1               批处理机2           27255.90        28319.90        1064.00        
  53       2               离散机6            28319.90        29284.90        965.00         
  53       3               离散机9            30388.00        31418.00        1030.00        

工件 54:
  54       0               打印机4            22111.06        36457.41        14346.35       
  54       1               批处理机2           36457.41        37521.41        1064.00        
  54       2               离散机2            41016.19        41975.19        959.00         

工件 55:
  55       0               打印机2            0.00            29753.19        29753.19       
  55       1               批处理机2           29753.19        30817.19        1064.00        
  55       2               离散机4            30817.19        32276.19        1459.00        
  55       3               离散机10           32276.19        33738.19        1462.00        
  55       4               离散机7            35734.19        36902.19        1168.00        
  55       5               离散机3            43069.03        44608.03        1539.00        
  55       6               离散机8            52559.64        53769.64        1210.00        
  55       7               离散机1            63485.98        64883.98        1398.00        

工件 56:
  56       0               打印机1            27255.90        33781.03        6525.13        
  56       1               批处理机2           33781.03        34845.03        1064.00        

工件 57:
  57       0               打印机5            0.00            20997.00        20997.00       
  57       1               批处理机2           20997.00        22061.00        1064.00        
  57       2               离散机8            23705.00        25165.00        1460.00        
  57       3               离散机8            29525.90        30512.90        987.00         

工件 58:
  58       0               打印机5            0.00            20997.00        20997.00       
  58       1               批处理机2           20997.00        22061.00        1064.00        
  58       2               离散机2            22061.00        23149.00        1088.00        
  58       3               离散机3            24420.00        25938.00        1518.00        
  58       4               离散机6            26394.06        27503.06        1109.00        
  58       5               离散机5            29463.90        30673.90        1210.00        

工件 59:
  59       0               打印机2            0.00            29753.19        29753.19       
  59       1               批处理机2           29753.19        30817.19        1064.00        
  59       2               离散机10           30817.19        32205.19        1388.00        
  59       3               离散机5            33224.19        34755.19        1531.00        
  59       4               离散机4            49823.10        51065.10        1242.00        
  59       5               离散机2            52877.10        53843.10        966.00         
  59       6               离散机7            54169.64        55638.64        1469.00        

工件 60:
  60       0               打印机1            0.00            27255.90        27255.90       
  60       1               批处理机2           27255.90        28319.90        1064.00        
  60       2               离散机4            28319.90        29337.90        1018.00        

工件 61:
  61       0               打印机1            33781.03        42985.64        9204.62        
  61       1               批处理机2           42985.64        44049.64        1064.00        

工件 62:
  62       0               打印机2            29753.19        52944.98        23191.79       
  62       1               批处理机2           52944.98        54008.98        1064.00        
  62       2               离散机4            54008.98        55291.98        1283.00        

工件 63:
  63       0               打印机5            20997.00        31794.00        10797.00       
  63       1               批处理机2           31794.00        32858.00        1064.00        

工件 64:
  64       0               打印机1            33781.03        42985.64        9204.62        
  64       1               批处理机2           42985.64        44049.64        1064.00        
  64       2               离散机9            60284.98        61485.98        1201.00        

工件 65:
  65       0               打印机3            44801.10        61565.61        16764.51       
  65       1               批处理机2           61565.61        62629.61        1064.00        
  65       2               离散机9            62629.61        64035.61        1406.00        
  65       3               离散机4            64035.61        65269.61        1234.00        
  65       4               离散机8            65269.61        66178.61        909.00         
  65       5               离散机1            66190.98        67351.98        1161.00        
  65       6               离散机3            67351.98        68258.98        907.00         

工件 66:
  66       0               打印机2            0.00            29753.19        29753.19       
  66       1               批处理机2           29753.19        30817.19        1064.00        
  66       2               离散机1            33265.19        34568.19        1303.00        
  66       3               离散机7            34568.19        35734.19        1166.00        
  66       4               离散机8            37242.03        38493.03        1251.00        
  66       5               离散机9            40996.41        42150.41        1154.00        
  66       6               离散机1            42963.41        44089.41        1126.00        

工件 67:
  67       0               打印机1            0.00            27255.90        27255.90       
  67       1               批处理机2           27255.90        28319.90        1064.00        
  67       2               离散机9            28434.00        29365.00        931.00         
  67       3               离散机4            51065.10        52389.10        1324.00        
  67       4               离散机10           52559.64        53496.64        937.00         
  67       5               离散机7            62359.98        63619.98        1260.00        

工件 68:
  68       0               打印机2            0.00            29753.19        29753.19       
  68       1               批处理机2           29753.19        30817.19        1064.00        
  68       2               离散机7            31999.19        33363.19        1364.00        
  68       3               离散机4            37066.19        38511.19        1445.00        
  68       4               离散机9            53076.94        54005.94        929.00         

工件 69:
  69       0               打印机1            0.00            27255.90        27255.90       
  69       1               批处理机2           27255.90        28319.90        1064.00        
  69       2               离散机8            28319.90        29525.90        1206.00        
  69       3               离散机7            38824.41        40335.41        1511.00        
  69       4               离散机8            44315.41        45624.41        1309.00        
  69       5               离散机4            46010.41        47024.41        1014.00        
  69       6               离散机8            57219.98        58453.98        1234.00        
  69       7               离散机5            60236.98        61803.98        1567.00        
  69       8               离散机9            65202.61        66200.61        998.00         

工件 70:
  70       0               打印机3            44801.10        61565.61        16764.51       
  70       1               批处理机2           61565.61        62629.61        1064.00        
  70       2               离散机10           62919.98        64101.98        1182.00        

工件 71:
  71       0               打印机5            20997.00        31794.00        10797.00       
  71       1               批处理机2           31794.00        32858.00        1064.00        
  71       2               离散机9            32858.00        33927.00        1069.00        
  71       3               离散机4            44342.41        46010.41        1668.00        
  71       4               离散机2            48771.10        49925.10        1154.00        

工件 72:
  72       0               打印机1            27255.90        33781.03        6525.13        
  72       1               批处理机2           33781.03        34845.03        1064.00        
  72       2               离散机4            35681.19        37066.19        1385.00        
  72       3               离散机1            38935.41        40426.41        1491.00        
  72       4               离散机4            43083.41        44342.41        1259.00        
  72       5               离散机7            44342.41        45911.41        1569.00        
  72       6               离散机10           47138.10        48512.10        1374.00        
  72       7               离散机5            61803.98        62939.98        1136.00        
  72       8               离散机5            63852.98        65244.98        1392.00        

工件 73:
  73       0               打印机2            29753.19        52944.98        23191.79       
  73       1               批处理机2           52944.98        54008.98        1064.00        
  73       2               离散机1            54150.94        55185.94        1035.00        

工件 74:
  74       0               打印机4            0.00            22111.06        22111.06       
  74       1               批处理机2           22111.06        23175.06        1064.00        
  74       2               离散机3            23391.00        24420.00        1029.00        
  74       3               离散机7            29572.00        30817.00        1245.00        
  74       4               离散机2            34947.19        36138.19        1191.00        

工件 75:
  75       0               打印机2            29753.19        52944.98        23191.79       
  75       1               批处理机2           52944.98        54008.98        1064.00        
  75       2               离散机4            55291.98        56452.98        1161.00        
  75       3               离散机1            56452.98        57597.98        1145.00        
  75       4               离散机9            57597.98        59187.98        1590.00        
  75       5               离散机3            59187.98        60736.98        1549.00        
  75       6               离散机7            61441.98        62359.98        918.00         

工件 76:
  76       0               打印机4            36457.41        47744.94        11287.53       
  76       1               批处理机2           47744.94        48808.94        1064.00        

工件 77:
  77       0               打印机4            36457.41        47744.94        11287.53       
  77       1               批处理机2           47744.94        48808.94        1064.00        
  77       2               离散机7            50089.10        51238.10        1149.00        
  77       3               离散机6            59084.10        60125.10        1041.00        
  77       4               离散机1            62057.98        63485.98        1428.00        

工件 78:
  78       0               打印机5            0.00            20997.00        20997.00       
  78       1               批处理机2           20997.00        22061.00        1064.00        
  78       2               离散机1            25935.06        27082.06        1147.00        

工件 79:
  79       0               打印机4            0.00            22111.06        22111.06       
  79       1               批处理机2           22111.06        23175.06        1064.00        
  79       2               离散机5            27263.00        28186.00        923.00         

工件 80:
  80       0               打印机5            20997.00        31794.00        10797.00       
  80       1               批处理机2           31794.00        32858.00        1064.00        

工件 81:
  81       0               打印机3            0.00            44801.10        44801.10       
  81       1               批处理机2           44801.10        45865.10        1064.00        
  81       2               离散机6            45865.10        47129.10        1264.00        
  81       3               离散机8            49874.64        51062.64        1188.00        

工件 82:
  82       0               打印机2            0.00            29753.19        29753.19       
  82       1               批处理机2           29753.19        30817.19        1064.00        
  82       2               离散机3            38538.03        40137.03        1599.00        
  82       3               离散机8            63956.98        65208.98        1252.00        

工件 83:
  83       0               打印机2            0.00            29753.19        29753.19       
  83       1               批处理机2           29753.19        30817.19        1064.00        
  83       2               离散机4            32276.19        33497.19        1221.00        
  83       3               离散机8            33519.19        34505.19        986.00         
  83       4               离散机1            41612.41        42963.41        1351.00        
  83       5               离散机6            56539.10        57519.10        980.00         
  83       6               离散机4            58224.98        59650.98        1426.00        
  83       7               离散机3            65987.98        67163.98        1176.00        

工件 84:
  84       0               打印机1            0.00            27255.90        27255.90       
  84       1               批处理机2           27255.90        28319.90        1064.00        

工件 85:
  85       0               打印机1            0.00            27255.90        27255.90       
  85       1               批处理机2           27255.90        28319.90        1064.00        
  85       2               离散机6            34484.19        35726.19        1242.00        
  85       3               离散机9            42150.41        43821.41        1671.00        

工件 86:
  86       0               打印机1            0.00            27255.90        27255.90       
  86       1               批处理机2           27255.90        28319.90        1064.00        
  86       2               离散机5            28319.90        29463.90        1144.00        
  86       3               离散机3            53054.94        54374.94        1320.00        
  86       4               离散机4            56452.98        58224.98        1772.00        
  86       5               离散机10           58339.98        59536.98        1197.00        

工件 87:
  87       0               打印机5            20997.00        31794.00        10797.00       
  87       1               批处理机2           31794.00        32858.00        1064.00        
  87       2               离散机10           34727.19        36457.19        1730.00        
  87       3               离散机9            38805.41        40078.41        1273.00        
  87       4               离散机6            42801.41        44461.41        1660.00        

工件 88:
  88       0               打印机4            0.00            22111.06        22111.06       
  88       1               批处理机2           22111.06        23175.06        1064.00        
  88       2               离散机7            23615.00        24922.00        1307.00        
  88       3               离散机8            25165.00        26464.00        1299.00        
  88       4               离散机3            28287.00        29417.00        1130.00        

工件 89:
  89       0               打印机5            20997.00        31794.00        10797.00       
  89       1               批处理机2           31794.00        32858.00        1064.00        
  89       2               离散机5            36161.19        37931.19        1770.00        
  89       3               离散机1            67351.98        68357.98        1006.00        

工件 90:
  90       0               打印机3            0.00            44801.10        44801.10       
  90       1               批处理机2           44801.10        45865.10        1064.00        
  90       2               离散机5            45865.10        47242.10        1377.00        

工件 91:
  91       0               打印机4            36457.41        47744.94        11287.53       
  91       1               批处理机2           47744.94        48808.94        1064.00        
  91       2               离散机5            54964.64        56603.64        1639.00        

工件 92:
  92       0               打印机2            0.00            29753.19        29753.19       
  92       1               批处理机2           29753.19        30817.19        1064.00        
  92       2               离散机6            40623.19        41655.19        1032.00        
  92       3               离散机3            58138.98        59163.98        1025.00        

工件 93:
  93       0               打印机3            0.00            44801.10        44801.10       
  93       1               批处理机2           44801.10        45865.10        1064.00        
  93       2               离散机2            45865.10        47518.10        1653.00        
  93       3               离散机9            47518.10        48547.10        1029.00        
  93       4               离散机10           48547.10        50036.10        1489.00        
  93       5               离散机8            61263.98        62338.98        1075.00        

工件 94:
  94       0               打印机2            0.00            29753.19        29753.19       
  94       1               批处理机2           29753.19        30817.19        1064.00        
  94       2               离散机6            30817.19        32257.19        1440.00        
  94       3               离散机3            32257.19        33808.19        1551.00        
  94       4               离散机10           33808.19        34727.19        919.00         
  94       5               离散机4            34727.19        35681.19        954.00         
  94       6               离散机2            44770.19        45780.19        1010.00        
  94       7               离散机2            65676.98        67270.98        1594.00        

工件 95:
  95       0               打印机5            0.00            20997.00        20997.00       
  95       1               批处理机2           20997.00        22061.00        1064.00        

工件 96:
  96       0               打印机4            22111.06        36457.41        14346.35       
  96       1               批处理机2           36457.41        37521.41        1064.00        
  96       2               离散机9            37521.41        38805.41        1284.00        
  96       3               离散机4            38805.41        40486.41        1681.00        
  96       4               离散机7            40486.41        41604.41        1118.00        
  96       5               离散机4            41710.41        43083.41        1373.00        
  96       6               离散机9            45089.64        46113.64        1024.00        
  96       7               离散机3            63587.98        64753.98        1166.00        
  96       8               离散机10           66074.98        67085.98        1011.00        

工件 97:
  97       0               打印机2            0.00            29753.19        29753.19       
  97       1               批处理机2           29753.19        30817.19        1064.00        
  97       2               离散机5            30817.19        31800.19        983.00         
  97       3               离散机1            31800.19        33265.19        1465.00        
  97       4               离散机6            61162.10        62625.10        1463.00        

工件 98:
  98       0               打印机3            0.00            44801.10        44801.10       
  98       1               批处理机2           44801.10        45865.10        1064.00        

工件 99:
  99       0               打印机1            0.00            27255.90        27255.90       
  99       1               批处理机2           27255.90        28319.90        1064.00        
  99       2               离散机10           28319.90        29616.90        1297.00        
  99       3               离散机3            29616.90        30995.90        1379.00        
  99       4               离散机7            41604.41        42606.41        1002.00        
  99       5               离散机3            50118.10        51478.10        1360.00        
  99       6               离散机10           54770.10        56069.10        1299.00        
  99       7               离散机9            61485.98        62553.98        1068.00        

【机器加工顺序记录】
----------------------------------------------------------------------------------------------------

打印机1:
工件号      工序号             开始时间            结束时间            加工时长           
--------------------------------------------------------------------------------
  5        0               0.00            27255.90        27255.90       
  19       0               0.00            27255.90        27255.90       
  38       0               0.00            27255.90        27255.90       
  51       0               0.00            27255.90        27255.90       
  53       0               0.00            27255.90        27255.90       
  60       0               0.00            27255.90        27255.90       
  67       0               0.00            27255.90        27255.90       
  69       0               0.00            27255.90        27255.90       
  84       0               0.00            27255.90        27255.90       
  85       0               0.00            27255.90        27255.90       
  86       0               0.00            27255.90        27255.90       
  99       0               0.00            27255.90        27255.90       
  2        0               27255.90        33781.03        6525.13        
  11       0               27255.90        33781.03        6525.13        
  56       0               27255.90        33781.03        6525.13        
  72       0               27255.90        33781.03        6525.13        
  23       0               33781.03        42985.64        9204.62        
  61       0               33781.03        42985.64        9204.62        
  64       0               33781.03        42985.64        9204.62        

  机器利用率: 554.55% (忙碌时间: 380785.13 / 总时间: 68665.98)

打印机2:
工件号      工序号             开始时间            结束时间            加工时长           
--------------------------------------------------------------------------------
  12       0               0.00            29753.19        29753.19       
  15       0               0.00            29753.19        29753.19       
  20       0               0.00            29753.19        29753.19       
  28       0               0.00            29753.19        29753.19       
  32       0               0.00            29753.19        29753.19       
  34       0               0.00            29753.19        29753.19       
  48       0               0.00            29753.19        29753.19       
  50       0               0.00            29753.19        29753.19       
  55       0               0.00            29753.19        29753.19       
  59       0               0.00            29753.19        29753.19       
  66       0               0.00            29753.19        29753.19       
  68       0               0.00            29753.19        29753.19       
  82       0               0.00            29753.19        29753.19       
  83       0               0.00            29753.19        29753.19       
  92       0               0.00            29753.19        29753.19       
  94       0               0.00            29753.19        29753.19       
  97       0               0.00            29753.19        29753.19       
  7        0               29753.19        52944.98        23191.79       
  30       0               29753.19        52944.98        23191.79       
  36       0               29753.19        52944.98        23191.79       
  39       0               29753.19        52944.98        23191.79       
  62       0               29753.19        52944.98        23191.79       
  73       0               29753.19        52944.98        23191.79       
  75       0               29753.19        52944.98        23191.79       

  机器利用率: 973.04% (忙碌时间: 668146.81 / 总时间: 68665.98)

打印机3:
工件号      工序号             开始时间            结束时间            加工时长           
--------------------------------------------------------------------------------
  3        0               0.00            44801.10        44801.10       
  10       0               0.00            44801.10        44801.10       
  13       0               0.00            44801.10        44801.10       
  22       0               0.00            44801.10        44801.10       
  35       0               0.00            44801.10        44801.10       
  37       0               0.00            44801.10        44801.10       
  46       0               0.00            44801.10        44801.10       
  47       0               0.00            44801.10        44801.10       
  52       0               0.00            44801.10        44801.10       
  81       0               0.00            44801.10        44801.10       
  90       0               0.00            44801.10        44801.10       
  93       0               0.00            44801.10        44801.10       
  98       0               0.00            44801.10        44801.10       
  49       0               44801.10        61565.61        16764.51       
  65       0               44801.10        61565.61        16764.51       
  70       0               44801.10        61565.61        16764.51       

  机器利用率: 921.43% (忙碌时间: 632707.80 / 总时间: 68665.98)

打印机4:
工件号      工序号             开始时间            结束时间            加工时长           
--------------------------------------------------------------------------------
  4        0               0.00            22111.06        22111.06       
  8        0               0.00            22111.06        22111.06       
  17       0               0.00            22111.06        22111.06       
  25       0               0.00            22111.06        22111.06       
  41       0               0.00            22111.06        22111.06       
  42       0               0.00            22111.06        22111.06       
  74       0               0.00            22111.06        22111.06       
  79       0               0.00            22111.06        22111.06       
  88       0               0.00            22111.06        22111.06       
  14       0               22111.06        36457.41        14346.35       
  29       0               22111.06        36457.41        14346.35       
  31       0               22111.06        36457.41        14346.35       
  54       0               22111.06        36457.41        14346.35       
  96       0               22111.06        36457.41        14346.35       
  0        0               36457.41        47744.94        11287.53       
  16       0               36457.41        47744.94        11287.53       
  43       0               36457.41        47744.94        11287.53       
  76       0               36457.41        47744.94        11287.53       
  77       0               36457.41        47744.94        11287.53       
  91       0               36457.41        47744.94        11287.53       

  机器利用率: 492.90% (忙碌时间: 338456.47 / 总时间: 68665.98)

打印机5:
工件号      工序号             开始时间            结束时间            加工时长           
--------------------------------------------------------------------------------
  1        0               0.00            20997.00        20997.00       
  6        0               0.00            20997.00        20997.00       
  18       0               0.00            20997.00        20997.00       
  21       0               0.00            20997.00        20997.00       
  24       0               0.00            20997.00        20997.00       
  26       0               0.00            20997.00        20997.00       
  27       0               0.00            20997.00        20997.00       
  33       0               0.00            20997.00        20997.00       
  40       0               0.00            20997.00        20997.00       
  44       0               0.00            20997.00        20997.00       
  57       0               0.00            20997.00        20997.00       
  58       0               0.00            20997.00        20997.00       
  78       0               0.00            20997.00        20997.00       
  95       0               0.00            20997.00        20997.00       
  9        0               20997.00        31794.00        10797.00       
  45       0               20997.00        31794.00        10797.00       
  63       0               20997.00        31794.00        10797.00       
  71       0               20997.00        31794.00        10797.00       
  80       0               20997.00        31794.00        10797.00       
  87       0               20997.00        31794.00        10797.00       
  89       0               20997.00        31794.00        10797.00       

  机器利用率: 538.17% (忙碌时间: 369537.00 / 总时间: 68665.98)

批处理机1:
工件号      工序号             开始时间            结束时间            加工时长           
--------------------------------------------------------------------------------

  机器利用率: 0.00% (忙碌时间: 0.00 / 总时间: 68665.98)

批处理机2:
工件号      工序号             开始时间            结束时间            加工时长           
--------------------------------------------------------------------------------
  1        1               20997.00        22061.00        1064.00        
  6        1               20997.00        22061.00        1064.00        
  18       1               20997.00        22061.00        1064.00        
  21       1               20997.00        22061.00        1064.00        
  24       1               20997.00        22061.00        1064.00        
  26       1               20997.00        22061.00        1064.00        
  27       1               20997.00        22061.00        1064.00        
  33       1               20997.00        22061.00        1064.00        
  40       1               20997.00        22061.00        1064.00        
  44       1               20997.00        22061.00        1064.00        
  57       1               20997.00        22061.00        1064.00        
  58       1               20997.00        22061.00        1064.00        
  78       1               20997.00        22061.00        1064.00        
  95       1               20997.00        22061.00        1064.00        
  4        1               22111.06        23175.06        1064.00        
  8        1               22111.06        23175.06        1064.00        
  17       1               22111.06        23175.06        1064.00        
  25       1               22111.06        23175.06        1064.00        
  41       1               22111.06        23175.06        1064.00        
  42       1               22111.06        23175.06        1064.00        
  74       1               22111.06        23175.06        1064.00        
  79       1               22111.06        23175.06        1064.00        
  88       1               22111.06        23175.06        1064.00        
  5        1               27255.90        28319.90        1064.00        
  19       1               27255.90        28319.90        1064.00        
  38       1               27255.90        28319.90        1064.00        
  51       1               27255.90        28319.90        1064.00        
  53       1               27255.90        28319.90        1064.00        
  60       1               27255.90        28319.90        1064.00        
  67       1               27255.90        28319.90        1064.00        
  69       1               27255.90        28319.90        1064.00        
  84       1               27255.90        28319.90        1064.00        
  85       1               27255.90        28319.90        1064.00        
  86       1               27255.90        28319.90        1064.00        
  99       1               27255.90        28319.90        1064.00        
  12       1               29753.19        30817.19        1064.00        
  15       1               29753.19        30817.19        1064.00        
  20       1               29753.19        30817.19        1064.00        
  28       1               29753.19        30817.19        1064.00        
  32       1               29753.19        30817.19        1064.00        
  34       1               29753.19        30817.19        1064.00        
  48       1               29753.19        30817.19        1064.00        
  50       1               29753.19        30817.19        1064.00        
  55       1               29753.19        30817.19        1064.00        
  59       1               29753.19        30817.19        1064.00        
  66       1               29753.19        30817.19        1064.00        
  68       1               29753.19        30817.19        1064.00        
  82       1               29753.19        30817.19        1064.00        
  83       1               29753.19        30817.19        1064.00        
  92       1               29753.19        30817.19        1064.00        
  94       1               29753.19        30817.19        1064.00        
  97       1               29753.19        30817.19        1064.00        
  9        1               31794.00        32858.00        1064.00        
  45       1               31794.00        32858.00        1064.00        
  63       1               31794.00        32858.00        1064.00        
  71       1               31794.00        32858.00        1064.00        
  80       1               31794.00        32858.00        1064.00        
  87       1               31794.00        32858.00        1064.00        
  89       1               31794.00        32858.00        1064.00        
  2        1               33781.03        34845.03        1064.00        
  11       1               33781.03        34845.03        1064.00        
  56       1               33781.03        34845.03        1064.00        
  72       1               33781.03        34845.03        1064.00        
  14       1               36457.41        37521.41        1064.00        
  29       1               36457.41        37521.41        1064.00        
  31       1               36457.41        37521.41        1064.00        
  54       1               36457.41        37521.41        1064.00        
  96       1               36457.41        37521.41        1064.00        
  23       1               42985.64        44049.64        1064.00        
  61       1               42985.64        44049.64        1064.00        
  64       1               42985.64        44049.64        1064.00        
  3        1               44801.10        45865.10        1064.00        
  10       1               44801.10        45865.10        1064.00        
  13       1               44801.10        45865.10        1064.00        
  22       1               44801.10        45865.10        1064.00        
  35       1               44801.10        45865.10        1064.00        
  37       1               44801.10        45865.10        1064.00        
  46       1               44801.10        45865.10        1064.00        
  47       1               44801.10        45865.10        1064.00        
  52       1               44801.10        45865.10        1064.00        
  81       1               44801.10        45865.10        1064.00        
  90       1               44801.10        45865.10        1064.00        
  93       1               44801.10        45865.10        1064.00        
  98       1               44801.10        45865.10        1064.00        
  0        1               47744.94        48808.94        1064.00        
  16       1               47744.94        48808.94        1064.00        
  43       1               47744.94        48808.94        1064.00        
  76       1               47744.94        48808.94        1064.00        
  77       1               47744.94        48808.94        1064.00        
  91       1               47744.94        48808.94        1064.00        
  7        1               52944.98        54008.98        1064.00        
  30       1               52944.98        54008.98        1064.00        
  36       1               52944.98        54008.98        1064.00        
  39       1               52944.98        54008.98        1064.00        
  62       1               52944.98        54008.98        1064.00        
  73       1               52944.98        54008.98        1064.00        
  75       1               52944.98        54008.98        1064.00        
  49       1               61565.61        62629.61        1064.00        
  65       1               61565.61        62629.61        1064.00        
  70       1               61565.61        62629.61        1064.00        

  机器利用率: 154.95% (忙碌时间: 106400.00 / 总时间: 68665.98)

离散机1:
工件号      工序号             开始时间            结束时间            加工时长           
--------------------------------------------------------------------------------
  4        2               23175.06        24308.06        1133.00        
  25       2               24308.06        25935.06        1627.00        
  78       2               25935.06        27082.06        1147.00        
  5        2               28319.90        29992.90        1673.00        
  25       5               29992.90        31038.90        1046.00        
  97       3               31800.19        33265.19        1465.00        
  66       2               33265.19        34568.19        1303.00        
  34       3               34568.19        35962.19        1394.00        
  32       4               36161.19        37090.19        929.00         
  31       2               37521.41        38935.41        1414.00        
  72       3               38935.41        40426.41        1491.00        
  29       2               40426.41        41612.41        1186.00        
  83       4               41612.41        42963.41        1351.00        
  66       6               42963.41        44089.41        1126.00        
  8        6               44089.41        45122.41        1033.00        
  46       2               45865.10        46910.10        1045.00        
  52       2               46910.10        48028.10        1118.00        
  3        2               48028.10        48960.10        932.00         
  35       3               48960.10        50061.10        1101.00        
  43       3               50303.94        51759.94        1456.00        
  46       5               51759.94        52695.94        936.00         
  43       5               53054.94        54150.94        1096.00        
  73       2               54150.94        55185.94        1035.00        
  46       6               55185.94        56257.94        1072.00        
  75       3               56452.98        57597.98        1145.00        
  7        4               57597.98        58523.98        926.00         
  52       4               58523.98        59545.98        1022.00        
  45       7               59545.98        60502.98        957.00         
  52       5               60502.98        62057.98        1555.00        
  77       4               62057.98        63485.98        1428.00        
  55       7               63485.98        64883.98        1398.00        
  47       8               64883.98        66190.98        1307.00        
  65       5               66190.98        67351.98        1161.00        
  89       3               67351.98        68357.98        1006.00        

  机器利用率: 59.73% (忙碌时间: 41014.00 / 总时间: 68665.98)

离散机2:
工件号      工序号             开始时间            结束时间            加工时长           
--------------------------------------------------------------------------------
  58       2               22061.00        23149.00        1088.00        
  6        3               23149.00        24814.00        1665.00        
  6        4               24814.00        26007.00        1193.00        
  25       3               26007.00        27333.00        1326.00        
  8        4               27333.00        28944.00        1611.00        
  17       6               28944.00        30567.00        1623.00        
  32       2               30817.19        31948.19        1131.00        
  34       2               31948.19        33611.19        1663.00        
  28       2               33611.19        34947.19        1336.00        
  74       4               34947.19        36138.19        1191.00        
  15       4               36138.19        37228.19        1090.00        
  5        4               37228.19        38148.19        920.00         
  5        5               38148.19        39319.19        1171.00        
  41       3               39319.19        41016.19        1697.00        
  54       2               41016.19        41975.19        959.00         
  5        6               41975.19        42875.19        900.00         
  17       7               42875.19        43846.19        971.00         
  1        4               43846.19        44770.19        924.00         
  94       6               44770.19        45780.19        1010.00        
  93       2               45865.10        47518.10        1653.00        
  47       2               47518.10        48771.10        1253.00        
  71       4               48771.10        49925.10        1154.00        
  3        4               50089.10        51087.10        998.00         
  16       2               51087.10        52877.10        1790.00        
  59       5               52877.10        53843.10        966.00         
  7        2               54008.98        54996.98        988.00         
  0        4               54996.98        56395.98        1399.00        
  10       5               56539.10        58268.10        1729.00        
  39       4               58339.98        59865.98        1526.00        
  7        5               59865.98        61210.98        1345.00        
  3        6               61210.98        62575.98        1365.00        
  47       7               62575.98        63680.98        1105.00        
  52       6               63680.98        64695.98        1015.00        
  13       7               64695.98        65676.98        981.00         
  94       7               65676.98        67270.98        1594.00        

  机器利用率: 64.56% (忙碌时间: 44330.00 / 总时间: 68665.98)

离散机3:
工件号      工序号             开始时间            结束时间            加工时长           
--------------------------------------------------------------------------------
  24       2               22061.00        23391.00        1330.00        
  74       2               23391.00        24420.00        1029.00        
  58       3               24420.00        25938.00        1518.00        
  4        4               25938.00        27169.00        1231.00        
  21       3               27169.00        28287.00        1118.00        
  88       4               28287.00        29417.00        1130.00        
  99       3               29616.90        30995.90        1379.00        
  26       4               30995.90        32145.90        1150.00        
  94       3               32257.19        33808.19        1551.00        
  15       3               33808.19        34797.19        989.00         
  11       2               34845.03        36226.03        1381.00        
  45       2               36226.03        37547.03        1321.00        
  11       4               37547.03        38538.03        991.00         
  82       2               38538.03        40137.03        1599.00        
  26       5               40137.03        41746.03        1609.00        
  31       4               41746.03        43069.03        1323.00        
  55       5               43069.03        44608.03        1539.00        
  23       3               45089.64        46186.64        1097.00        
  13       2               46186.64        47643.64        1457.00        
  46       4               48132.10        49218.10        1086.00        
  0        2               49218.10        50118.10        900.00         
  99       5               50118.10        51478.10        1360.00        
  43       4               51759.94        53054.94        1295.00        
  86       3               53054.94        54374.94        1320.00        
  15       6               54374.94        55604.94        1230.00        
  47       6               55604.94        57047.94        1443.00        
  30       4               57219.98        58138.98        919.00         
  92       3               58138.98        59163.98        1025.00        
  75       5               59187.98        60736.98        1549.00        
  36       5               60736.98        61971.98        1235.00        
  23       7               61971.98        63587.98        1616.00        
  96       7               63587.98        64753.98        1166.00        
  46       7               64753.98        65987.98        1234.00        
  83       7               65987.98        67163.98        1176.00        
  65       6               67351.98        68258.98        907.00         

  机器利用率: 64.37% (忙碌时间: 44203.00 / 总时间: 68665.98)

离散机4:
工件号      工序号             开始时间            结束时间            加工时长           
--------------------------------------------------------------------------------
  40       2               22061.00        23223.00        1162.00        
  42       2               23223.00        24618.00        1395.00        
  24       5               26199.00        27591.00        1392.00        
  60       2               28319.90        29337.90        1018.00        
  51       2               29337.90        30500.90        1163.00        
  55       2               30817.19        32276.19        1459.00        
  83       2               32276.19        33497.19        1221.00        
  33       5               33497.19        34495.19        998.00         
  94       5               34727.19        35681.19        954.00         
  72       2               35681.19        37066.19        1385.00        
  68       3               37066.19        38511.19        1445.00        
  96       3               38805.41        40486.41        1681.00        
  14       3               40486.41        41710.41        1224.00        
  96       5               41710.41        43083.41        1373.00        
  72       4               43083.41        44342.41        1259.00        
  71       3               44342.41        46010.41        1668.00        
  69       5               46010.41        47024.41        1014.00        
  41       4               47024.41        47927.41        903.00         
  52       3               48028.10        49823.10        1795.00        
  59       4               49823.10        51065.10        1242.00        
  67       3               51065.10        52389.10        1324.00        
  40       6               52389.10        53710.10        1321.00        
  62       2               54008.98        55291.98        1283.00        
  75       2               55291.98        56452.98        1161.00        
  86       4               56452.98        58224.98        1772.00        
  83       6               58224.98        59650.98        1426.00        
  0        5               59650.98        61355.98        1705.00        
  30       8               61441.98        62818.98        1377.00        
  36       7               62919.98        63842.98        923.00         
  65       3               64035.61        65269.61        1234.00        
  36       8               65269.61        66251.61        982.00         
  8        7               66251.61        67912.61        1661.00        

  机器利用率: 61.05% (忙碌时间: 41920.00 / 总时间: 68665.98)

离散机5:
工件号      工序号             开始时间            结束时间            加工时长           
--------------------------------------------------------------------------------
  8        2               23175.06        24431.06        1256.00        
  24       4               25133.00        26199.00        1066.00        
  33       3               26199.00        27263.00        1064.00        
  79       2               27263.00        28186.00        923.00         
  86       2               28319.90        29463.90        1144.00        
  58       5               29463.90        30673.90        1210.00        
  97       2               30817.19        31800.19        983.00         
  20       3               31999.19        33224.19        1225.00        
  59       3               33224.19        34755.19        1531.00        
  32       3               34755.19        36161.19        1406.00        
  89       2               36161.19        37931.19        1770.00        
  32       6               38306.19        39311.19        1005.00        
  4        6               39311.19        40658.19        1347.00        
  33       6               40658.19        41597.19        939.00         
  45       4               41601.03        42815.03        1214.00        
  8        5               42815.03        43803.03        988.00         
  34       4               43803.03        45233.03        1430.00        
  90       2               45865.10        47242.10        1377.00        
  37       3               47242.10        48443.10        1201.00        
  13       4               48681.64        50357.64        1676.00        
  47       3               50357.64        51509.64        1152.00        
  13       5               51509.64        52558.64        1049.00        
  10       3               52558.64        53626.64        1068.00        
  47       5               53626.64        54964.64        1338.00        
  91       2               54964.64        56603.64        1639.00        
  26       9               56603.64        58099.64        1496.00        
  30       5               58138.98        59062.98        924.00         
  30       6               59062.98        60236.98        1174.00        
  69       7               60236.98        61803.98        1567.00        
  72       7               61803.98        62939.98        1136.00        
  15       7               62939.98        63852.98        913.00         
  72       8               63852.98        65244.98        1392.00        
  23       8               65244.98        66482.98        1238.00        
  41       7               66482.98        67752.98        1270.00        
  9        3               67752.98        68665.98        913.00         

  机器利用率: 62.66% (忙碌时间: 43024.00 / 总时间: 68665.98)

离散机6:
工件号      工序号             开始时间            结束时间            加工时长           
--------------------------------------------------------------------------------
  6        2               22061.00        23066.00        1005.00        
  44       2               23066.00        24052.00        986.00         
  17       3               24129.06        25367.06        1238.00        
  8        3               25367.06        26394.06        1027.00        
  58       4               26394.06        27503.06        1109.00        
  53       2               28319.90        29284.90        965.00         
  26       3               29284.90        30426.90        1142.00        
  94       2               30817.19        32257.19        1440.00        
  20       4               33224.19        34484.19        1260.00        
  85       2               34484.19        35726.19        1242.00        
  40       4               35726.19        37106.19        1380.00        
  32       5               37106.19        38306.19        1200.00        
  15       5               38306.19        39632.19        1326.00        
  28       3               39632.19        40623.19        991.00         
  92       2               40623.19        41655.19        1032.00        
  14       4               41710.41        42801.41        1091.00        
  87       4               42801.41        44461.41        1660.00        
  26       6               44461.41        45740.41        1279.00        
  81       2               45865.10        47129.10        1264.00        
  46       3               47129.10        48132.10        1003.00        
  10       2               48132.10        49136.10        1004.00        
  23       4               49136.10        50713.10        1577.00        
  23       5               50713.10        52301.10        1588.00        
  14       7               52301.10        53513.10        1212.00        
  45       6               53513.10        55023.10        1510.00        
  10       4               55023.10        56539.10        1516.00        
  83       5               56539.10        57519.10        980.00         
  21       4               57519.10        59084.10        1565.00        
  77       3               59084.10        60125.10        1041.00        
  43       6               60125.10        61162.10        1037.00        
  97       4               61162.10        62625.10        1463.00        
  49       2               62629.61        64078.61        1449.00        
  37       4               64078.61        65269.61        1191.00        
  28       6               65269.61        66300.61        1031.00        
  17       8               66300.61        67219.61        919.00         
  4        7               67219.61        68557.61        1338.00        

  机器利用率: 64.17% (忙碌时间: 44061.00 / 总时间: 68665.98)

离散机7:
工件号      工序号             开始时间            结束时间            加工时长           
--------------------------------------------------------------------------------
  21       2               22061.00        23615.00        1554.00        
  88       2               23615.00        24922.00        1307.00        
  33       2               24922.00        26116.00        1194.00        
  26       2               26116.00        27790.00        1674.00        
  1        3               27790.00        29572.00        1782.00        
  74       3               29572.00        30817.00        1245.00        
  20       2               30817.19        31999.19        1182.00        
  68       2               31999.19        33363.19        1364.00        
  41       2               33363.19        34384.19        1021.00        
  66       3               34568.19        35734.19        1166.00        
  55       4               35734.19        36902.19        1168.00        
  14       2               37521.41        38824.41        1303.00        
  69       3               38824.41        40335.41        1511.00        
  96       4               40486.41        41604.41        1118.00        
  99       4               41604.41        42606.41        1002.00        
  19       2               42606.41        44040.41        1434.00        
  72       5               44342.41        45911.41        1569.00        
  9        2               45911.41        47196.41        1285.00        
  24       8               47196.41        48605.41        1409.00        
  3        3               48960.10        50089.10        1129.00        
  77       2               50089.10        51238.10        1149.00        
  3        5               51238.10        52329.10        1091.00        
  13       6               52558.64        54169.64        1611.00        
  59       6               54169.64        55638.64        1469.00        
  41       6               55638.64        56910.64        1272.00        
  36       4               57107.98        58592.98        1485.00        
  16       3               58592.98        60161.98        1569.00        
  30       7               60236.98        61441.98        1205.00        
  75       6               61441.98        62359.98        918.00         
  67       5               62359.98        63619.98        1260.00        
  30       9               63619.98        64759.98        1140.00        
  25       7               64759.98        65913.98        1154.00        
  49       4               65913.98        67464.98        1551.00        

  机器利用率: 63.05% (忙碌时间: 43291.00 / 总时间: 68665.98)

离散机8:
工件号      工序号             开始时间            结束时间            加工时长           
--------------------------------------------------------------------------------
  1        2               22061.00        23705.00        1644.00        
  57       2               23705.00        25165.00        1460.00        
  88       3               25165.00        26464.00        1299.00        
  4        5               27169.00        28086.00        917.00         
  69       2               28319.90        29525.90        1206.00        
  57       3               29525.90        30512.90        987.00         
  15       2               30817.19        32223.19        1406.00        
  5        3               32223.19        33519.19        1296.00        
  83       3               33519.19        34505.19        986.00         
  24       7               34505.19        35923.19        1418.00        
  11       3               36226.03        37242.03        1016.00        
  66       4               37242.03        38493.03        1251.00        
  11       5               38538.03        39476.03        938.00         
  31       3               39476.03        40408.03        932.00         
  45       3               40408.03        41601.03        1193.00        
  29       3               41612.41        42791.41        1179.00        
  14       5               42801.41        44315.41        1514.00        
  69       4               44315.41        45624.41        1309.00        
  35       2               45865.10        47583.10        1718.00        
  13       3               47643.64        48681.64        1038.00        
  14       6               48681.64        49874.64        1193.00        
  81       3               49874.64        51062.64        1188.00        
  45       5               51062.64        52559.64        1497.00        
  55       6               52559.64        53769.64        1210.00        
  41       5               53769.64        54882.64        1113.00        
  7        3               54996.98        56212.98        1216.00        
  30       3               56212.98        57219.98        1007.00        
  69       6               57219.98        58453.98        1234.00        
  10       6               58453.98        59786.98        1333.00        
  5        7               59786.98        61263.98        1477.00        
  93       5               61263.98        62338.98        1075.00        
  14       9               62338.98        63956.98        1618.00        
  82       3               63956.98        65208.98        1252.00        
  65       4               65269.61        66178.61        909.00         
  11       6               66178.61        67194.61        1016.00        

  机器利用率: 62.69% (忙碌时间: 43045.00 / 总时间: 68665.98)

离散机9:
工件号      工序号             开始时间            结束时间            加工时长           
--------------------------------------------------------------------------------
  18       2               22061.00        23203.00        1142.00        
  24       3               23391.00        25133.00        1742.00        
  40       3               25133.00        26443.00        1310.00        
  17       4               26443.00        27428.00        985.00         
  17       5               27428.00        28434.00        1006.00        
  67       2               28434.00        29365.00        931.00         
  33       4               29365.00        30388.00        1023.00        
  53       3               30388.00        31418.00        1030.00        
  6        5               31418.00        32695.00        1277.00        
  71       2               32858.00        33927.00        1069.00        
  20       5               34484.19        35700.19        1216.00        
  25       6               35700.19        37418.19        1718.00        
  96       2               37521.41        38805.41        1284.00        
  87       3               38805.41        40078.41        1273.00        
  40       5               40078.41        40996.41        918.00         
  66       5               40996.41        42150.41        1154.00        
  85       3               42150.41        43821.41        1671.00        
  23       2               44049.64        45089.64        1040.00        
  96       6               45089.64        46113.64        1024.00        
  26       7               46113.64        47114.64        1001.00        
  93       3               47518.10        48547.10        1029.00        
  43       2               48808.94        50303.94        1495.00        
  26       8               50303.94        51367.94        1064.00        
  31       5               51367.94        53076.94        1709.00        
  68       4               53076.94        54005.94        929.00         
  30       2               54008.98        55107.98        1099.00        
  36       2               55107.98        56101.98        994.00         
  39       2               56101.98        57401.98        1300.00        
  75       4               57597.98        59187.98        1590.00        
  23       6               59187.98        60284.98        1097.00        
  64       2               60284.98        61485.98        1201.00        
  99       7               61485.98        62553.98        1068.00        
  65       2               62629.61        64035.61        1406.00        
  31       6               64035.61        65202.61        1167.00        
  69       8               65202.61        66200.61        998.00         
  7        6               66200.61        67662.61        1462.00        
  45       8               67662.61        68573.61        911.00         

  机器利用率: 64.56% (忙碌时间: 44333.00 / 总时间: 68665.98)

离散机10:
工件号      工序号             开始时间            结束时间            加工时长           
--------------------------------------------------------------------------------
  17       2               23175.06        24129.06        954.00         
  4        3               24308.06        25656.06        1348.00        
  42       3               25656.06        26853.06        1197.00        
  25       4               27333.00        28249.00        916.00         
  99       2               28319.90        29616.90        1297.00        
  24       6               29616.90        30793.90        1177.00        
  59       2               30817.19        32205.19        1388.00        
  55       3               32276.19        33738.19        1462.00        
  94       4               33808.19        34727.19        919.00         
  87       2               34727.19        36457.19        1730.00        
  12       2               36457.19        37980.19        1523.00        
  50       2               37980.19        39108.19        1128.00        
  48       2               39108.19        40547.19        1439.00        
  28       4               40623.19        41831.19        1208.00        
  28       5               41831.19        42897.19        1066.00        
  33       7               42897.19        44304.19        1407.00        
  32       7               44304.19        45380.19        1076.00        
  37       2               45865.10        47138.10        1273.00        
  72       6               47138.10        48512.10        1374.00        
  93       4               48547.10        50036.10        1489.00        
  0        3               50118.10        51324.10        1206.00        
  47       4               51509.64        52559.64        1050.00        
  67       4               52559.64        53496.64        937.00         
  14       8               53513.10        54770.10        1257.00        
  99       6               54770.10        56069.10        1299.00        
  36       3               56101.98        57107.98        1006.00        
  39       3               57401.98        58339.98        938.00         
  86       5               58339.98        59536.98        1197.00        
  20       6               59536.98        60456.98        920.00         
  39       5               60456.98        61882.98        1426.00        
  36       6               61971.98        62919.98        948.00         
  70       2               62919.98        64101.98        1182.00        
  49       3               64101.98        65151.98        1050.00        
  52       7               65151.98        66074.98        923.00         
  96       8               66074.98        67085.98        1011.00        
  2        2               67085.98        68265.98        1180.00        

  机器利用率: 62.48% (忙碌时间: 42901.00 / 总时间: 68665.98)

【打印批次详细信息】
----------------------------------------------------------------------------------------------------

打印机 1 (尺寸: 1033.0 x 412.0 x 635.0):
--------------------------------------------------------------------------------
  批次 1: 零件数=12, 占用率=82.72%
    - 99: 尺寸 390.0 x 203.0 x 186.0
    - 60: 尺寸 363.0 x 170.0 x 19.0
    - 19: 尺寸 220.0 x 58.0 x 76.0
    - 84: 尺寸 132.0 x 148.0 x 176.0
    - 51: 尺寸 135.0 x 173.0 x 83.0
    - 86: 尺寸 349.0 x 205.0 x 127.0
    - 38: 尺寸 144.0 x 118.0 x 155.0
    - 5: 尺寸 187.0 x 63.0 x 153.0
    - 85: 尺寸 63.0 x 205.0 x 96.0
    - 67: 尺寸 121.0 x 144.0 x 191.0
    - 53: 尺寸 142.0 x 121.0 x 188.0
    - 69: 尺寸 101.0 x 76.0 x 43.0
  批次 2: 零件数=4, 占用率=77.18%
    - 56: 尺寸 312.0 x 305.0 x 32.0
    - 2: 尺寸 568.0 x 184.0 x 44.0
    - 11: 尺寸 123.0 x 306.0 x 35.0
    - 72: 尺寸 426.0 x 214.0 x 34.0
  批次 3: 零件数=3, 占用率=77.97%
    - 23: 尺寸 422.0 x 283.0 x 63.0
    - 64: 尺寸 441.0 x 333.0 x 52.0
    - 61: 尺寸 533.0 x 123.0 x 54.0

打印机 2 (尺寸: 1163.0 x 587.0 x 663.0):
--------------------------------------------------------------------------------
  批次 1: 零件数=17, 占用率=91.01%
    - 82: 尺寸 191.0 x 198.0 x 181.0
    - 34: 尺寸 206.0 x 118.0 x 193.0
    - 83: 尺寸 441.0 x 153.0 x 197.0
    - 68: 尺寸 227.0 x 413.0 x 174.0
    - 20: 尺寸 89.0 x 142.0 x 104.0
    - 48: 尺寸 205.0 x 200.0 x 83.0
    - 94: 尺寸 86.0 x 78.0 x 15.0
    - 66: 尺寸 438.0 x 139.0 x 124.0
    - 50: 尺寸 185.0 x 123.0 x 171.0
    - 32: 尺寸 66.0 x 98.0 x 75.0
    - 92: 尺寸 440.0 x 247.0 x 168.0
    - 55: 尺寸 72.0 x 93.0 x 88.0
    - 59: 尺寸 229.0 x 159.0 x 122.0
    - 15: 尺寸 172.0 x 255.0 x 44.0
    - 12: 尺寸 132.0 x 99.0 x 97.0
    - 28: 尺寸 148.0 x 108.0 x 40.0
    - 97: 尺寸 213.0 x 107.0 x 56.0
  批次 2: 零件数=7, 占用率=83.00%
    - 30: 尺寸 686.0 x 336.0 x 90.0
    - 75: 尺寸 460.0 x 290.0 x 105.0
    - 36: 尺寸 468.0 x 164.0 x 153.0
    - 39: 尺寸 396.0 x 158.0 x 123.0
    - 73: 尺寸 177.0 x 159.0 x 112.0
    - 7: 尺寸 105.0 x 98.0 x 89.0
    - 62: 尺寸 188.0 x 133.0 x 95.0

打印机 3 (尺寸: 941.0 x 424.0 x 663.0):
--------------------------------------------------------------------------------
  批次 1: 零件数=13, 占用率=79.77%
    - 13: 尺寸 87.0 x 87.0 x 191.0
    - 10: 尺寸 480.0 x 155.0 x 175.0
    - 47: 尺寸 178.0 x 51.0 x 176.0
    - 37: 尺寸 179.0 x 208.0 x 109.0
    - 81: 尺寸 134.0 x 93.0 x 170.0
    - 52: 尺寸 59.0 x 170.0 x 100.0
    - 90: 尺寸 85.0 x 241.0 x 93.0
    - 98: 尺寸 134.0 x 197.0 x 63.0
    - 3: 尺寸 114.0 x 130.0 x 98.0
    - 22: 尺寸 69.0 x 106.0 x 68.0
    - 93: 尺寸 291.0 x 139.0 x 38.0
    - 35: 尺寸 106.0 x 96.0 x 48.0
    - 46: 尺寸 389.0 x 123.0 x 52.0
  批次 2: 零件数=3, 占用率=79.94%
    - 49: 尺寸 720.0 x 166.0 x 70.0
    - 70: 尺寸 217.0 x 139.0 x 55.0
    - 65: 尺寸 688.0 x 246.0 x 28.0

打印机 4 (尺寸: 1081.0 x 523.0 x 615.0):
--------------------------------------------------------------------------------
  批次 1: 零件数=9, 占用率=90.05%
    - 88: 尺寸 385.0 x 207.0 x 83.0
    - 17: 尺寸 668.0 x 227.0 x 36.0
    - 79: 尺寸 382.0 x 155.0 x 83.0
    - 74: 尺寸 488.0 x 192.0 x 92.0
    - 25: 尺寸 207.0 x 202.0 x 33.0
    - 42: 尺寸 86.0 x 114.0 x 61.0
    - 8: 尺寸 155.0 x 115.0 x 87.0
    - 4: 尺寸 136.0 x 148.0 x 21.0
    - 41: 尺寸 420.0 x 84.0 x 65.0
  批次 2: 零件数=5, 占用率=80.17%
    - 96: 尺寸 711.0 x 335.0 x 59.0
    - 31: 尺寸 355.0 x 260.0 x 20.0
    - 29: 尺寸 302.0 x 137.0 x 33.0
    - 54: 尺寸 529.0 x 120.0 x 52.0
    - 14: 尺寸 183.0 x 98.0 x 54.0
  批次 3: 零件数=6, 占用率=80.63%
    - 43: 尺寸 713.0 x 239.0 x 46.0
    - 77: 尺寸 204.0 x 509.0 x 43.0
    - 16: 尺寸 143.0 x 441.0 x 42.0
    - 91: 尺寸 179.0 x 133.0 x 39.0
    - 76: 尺寸 165.0 x 168.0 x 18.0
    - 0: 尺寸 268.0 x 250.0 x 27.0

打印机 5 (尺寸: 1118.0 x 504.0 x 631.0):
--------------------------------------------------------------------------------
  批次 1: 零件数=14, 占用率=87.36%
    - 40: 尺寸 122.0 x 148.0 x 103.0
    - 27: 尺寸 565.0 x 191.0 x 59.0
    - 1: 尺寸 126.0 x 465.0 x 96.0
    - 57: 尺寸 114.0 x 139.0 x 92.0
    - 58: 尺寸 181.0 x 246.0 x 77.0
    - 26: 尺寸 115.0 x 353.0 x 50.0
    - 33: 尺寸 98.0 x 143.0 x 20.0
    - 78: 尺寸 257.0 x 259.0 x 55.0
    - 6: 尺寸 306.0 x 134.0 x 68.0
    - 95: 尺寸 202.0 x 55.0 x 55.0
    - 44: 尺寸 79.0 x 103.0 x 14.0
    - 18: 尺寸 207.0 x 134.0 x 86.0
    - 21: 尺寸 109.0 x 53.0 x 36.0
    - 24: 尺寸 187.0 x 173.0 x 33.0
  批次 2: 零件数=7, 占用率=79.73%
    - 71: 尺寸 699.0 x 267.0 x 29.0
    - 45: 尺寸 266.0 x 241.0 x 26.0
    - 80: 尺寸 152.0 x 106.0 x 19.0
    - 9: 尺寸 149.0 x 101.0 x 45.0
    - 89: 尺寸 233.0 x 185.0 x 23.0
    - 63: 尺寸 163.0 x 195.0 x 52.0
    - 87: 尺寸 690.0 x 134.0 x 26.0

════════════════════════════════════════════════════════════════
