════════════════════════════════════════════════════════════════
              最优Cmax解的详细调度记录
════════════════════════════════════════════════════════════════

【基本信息】
----------------------------------------------------------------------------------------------------
Cmax (最大完工时间): 77331.68
能耗: 962.66 kWh
装箱质量: 0.3489
批次总数: 13
工件数量: 100
机器数量: 17 (打印机:5, 批处理机:2, 离散机:10)

【染色体编码】
----------------------------------------------------------------------------------------------------
工序序列 (OS): [68, 83, 36, 92, 42, 78, 53, 93, 11, 70, 87, 80, 23, 34, 20, 22, 12, 13, 25, 44, 14, 18, 6, 72, 4, 3, 39, 50, 82, 43, 77, 7, 27, 30, 73, 63, 38, 2, 26, 37, 54, 15, 81, 85, 19, 0, 48, 1, 46, 16, 65, 67, 59, 17, 84, 76, 95, 71, 49, 33, 74, 47, 60, 41, 61, 86, 52, 51, 97, 31, 55, 9, 66, 32, 56, 79, 58, 45, 29, 96, 88, 28, 57, 75, 94, 90, 8, 91, 40, 10, 24, 99, 64, 5, 69, 35, 62, 21, 89, 98, 15, 55, 23, 77, 52, 68, 14, 10, 94, 13, 36, 48, 16, 20, 13, 21, 10, 50, 52, 40, 92, 57, 45, 32, 86, 8, 66, 59, 75, 51, 24, 53, 67, 10, 46, 45, 0, 3, 67, 31, 69, 72, 66, 14, 4, 23, 55, 72, 8, 35, 3, 91, 85, 69, 66, 13, 14, 52, 44, 94, 30, 13, 99, 25, 6, 40, 67, 5, 40, 4, 64, 17, 45, 58, 24, 55, 69, 24, 6, 17, 23, 23, 31, 65, 31, 45, 35, 30, 37, 32, 58, 71, 46, 36, 93, 52, 24, 1, 17, 49, 55, 57, 39, 73, 41, 26, 36, 52, 34, 67, 26, 15, 83, 96, 5, 72, 13, 60, 36, 25, 88, 4, 77, 28, 7, 33, 15, 75, 14, 0, 43, 87, 37, 32, 41, 89, 68, 94, 31, 46, 59, 0, 17, 65, 15, 99, 7, 23, 28, 7, 4, 1, 86, 39, 11, 20, 14, 72, 96, 49, 25, 99, 6, 23, 72, 39, 53, 58, 13, 24, 58, 30, 14, 96, 47, 71, 32, 11, 4, 71, 10, 93, 3, 54, 17, 46, 11, 65, 85, 81, 59, 24, 75, 29, 26, 40, 42, 66, 59, 33, 32, 74, 96, 17, 62, 47, 45, 75, 72, 88, 20, 69, 5, 87, 86, 94, 30, 17, 9, 77, 68, 45, 90, 94, 97, 89, 47, 70, 69, 65, 28, 55, 83, 43, 99, 43, 86, 36, 83, 25, 47, 81, 41, 34, 15, 83, 49, 26, 45, 66, 47, 96, 99, 3, 16, 75, 18, 88, 47, 33, 96, 78, 30, 72, 82, 36, 4, 1, 26, 21, 28, 43, 93, 74, 96, 14, 20, 83, 5, 5, 59, 39, 92, 30, 30, 26, 2, 6, 0, 25, 69, 41, 43, 40, 97, 33, 97, 3, 7, 47, 12, 36, 74, 41, 52, 34, 8, 93, 33, 99, 32, 65, 19, 55, 24, 11, 83, 94, 14, 42, 23, 10, 30, 31, 82, 15, 29, 26, 21, 33, 11, 28, 20, 9, 8, 46, 69, 7, 79, 41, 25, 5, 46, 8, 87, 37, 26, 8]
机器选择 (MS): [1, 5, 5, 4, 1, 2, 1, 3, 1, 1, 4, 1, 1, 4, 3, 4, 3, 1, 2, 4, 1, 5, 1, 3, 2, 2, 1, 3, 5, 3, 5, 3, 2, 2, 5, 1, 5, 2, 2, 1, 4, 2, 3, 2, 3, 4, 4, 1, 4, 3, 2, 4, 2, 3, 1, 4, 4, 4, 5, 2, 2, 4, 2, 2, 3, 2, 3, 4, 1, 4, 5, 4, 3, 2, 2, 5, 2, 4, 2, 2, 2, 5, 5, 2, 3, 1, 4, 3, 1, 2, 5, 2, 5, 5, 5, 5, 3, 4, 2, 2, 1, 3, 2, 3, 1, 1, 1, 3, 1, 1, 1, 2, 1, 1, 2, 1, 3, 1, 1, 1, 1, 2, 1, 1, 3, 3, 1, 1, 2, 2, 2, 1, 1, 1, 1, 2, 1, 2, 1, 1, 1, 3, 2, 2, 3, 1, 2, 1, 1, 2, 3, 3, 1, 1, 1, 1, 2, 1, 2, 3, 2, 1, 1, 2, 1, 1, 2, 1, 2, 2, 3, 1, 2, 1, 2, 1, 1, 2, 1, 1, 1, 1, 1, 2, 1, 1, 2, 2, 3, 1, 1, 1, 3, 3, 1, 1, 1, 1, 1, 2, 1, 1, 1, 1, 2, 1, 2, 1, 3, 1, 1, 2, 1, 2, 2, 1, 1, 2, 2, 1, 1, 2, 2, 3, 1, 2, 3, 1, 3, 1, 1, 2, 2, 2, 1, 1, 2, 1, 1, 1, 1, 3, 1, 1, 1, 2, 2, 1, 2, 3, 1, 1, 2, 1, 1, 1, 1, 3, 3, 1, 1, 2, 2, 1, 3, 1, 1, 2, 3, 2, 2, 2, 1, 1, 2, 2, 2, 1, 1, 3, 2, 3, 1, 2, 1, 1, 1, 1, 3, 1, 2, 1, 1, 2, 1, 2, 2, 1, 1, 1, 1, 1, 1, 1, 1, 1, 2, 1, 1, 1, 1, 1, 2, 1, 2, 1, 1, 1, 2, 2, 2, 1, 2, 2, 1, 2, 1, 2, 1, 2, 1, 2, 1, 1, 1, 1, 2, 1, 1, 1, 1, 1, 1, 2, 1, 1, 2, 3, 3, 3, 1, 2, 1, 1, 1, 3, 2, 2, 1, 1, 1, 3, 3, 1, 2, 2, 1, 1, 1, 1, 1, 1, 3, 3, 1, 1, 1, 1, 2, 1, 1, 1, 1, 1, 1, 1, 2, 1, 1, 1, 3, 1, 2, 3, 1, 1, 1, 3, 1, 1, 2, 3, 1, 2, 1, 1, 1, 1, 1, 1, 3, 2, 1, 1, 1, 1, 2, 2, 3, 1, 2, 2, 2, 1, 1, 2, 1, 1, 1, 1, 1, 1, 1, 1, 1, 1, 1, 1, 3, 1, 1, 1, 1, 1, 1, 2, 1, 1]

【零件加工顺序记录】
----------------------------------------------------------------------------------------------------
工件号      工序号             机器号             开始时间            结束时间            加工时长           
----------------------------------------------------------------------------------------------------

工件 0:
  0        0               打印机4            0.00            45875.76        45875.76       
  0        1               批处理机2           45875.76        46939.76        1064.00        
  0        2               离散机3            48518.76        49418.76        900.00         
  0        3               离散机10           50846.76        52052.76        1206.00        
  0        4               离散机2            54224.49        55623.49        1399.00        
  0        5               离散机9            64749.79        66489.79        1740.00        

工件 1:
  1        0               打印机1            27255.90        42947.69        15691.79       
  1        1               批处理机2           42947.69        44011.69        1064.00        
  1        2               离散机3            44267.95        45302.95        1035.00        
  1        3               离散机7            52690.76        54472.76        1782.00        
  1        4               离散机2            56543.49        57467.49        924.00         

工件 2:
  2        0               打印机2            13797.05        29830.95        16033.89       
  2        1               批处理机2           29830.95        30894.95        1064.00        
  2        2               离散机10           30894.95        32074.95        1180.00        

工件 3:
  3        0               打印机2            13797.05        29830.95        16033.89       
  3        1               批处理机2           29830.95        30894.95        1064.00        
  3        2               离散机1            30894.95        31826.95        932.00         
  3        3               离散机7            31826.95        32955.95        1129.00        
  3        4               离散机2            42197.00        43195.00        998.00         
  3        5               离散机7            46437.95        47528.95        1091.00        
  3        6               离散机2            60644.06        62009.06        1365.00        

工件 4:
  4        0               打印机2            0.00            13797.05        13797.05       
  4        1               批处理机2           13797.05        14861.05        1064.00        
  4        2               离散机1            14861.05        15994.05        1133.00        
  4        3               离散机10           15994.05        17342.05        1348.00        
  4        4               离散机3            17449.05        18680.05        1231.00        
  4        5               离散机8            18680.05        19597.05        917.00         
  4        6               离散机2            20025.05        21047.05        1022.00        
  4        7               离散机6            21047.05        22385.05        1338.00        

工件 5:
  5        0               打印机5            0.00            39797.00        39797.00       
  5        1               批处理机2           39797.00        40861.00        1064.00        
  5        2               离散机1            49925.76        51598.76        1673.00        
  5        3               离散机8            51598.76        52894.76        1296.00        
  5        4               离散机2            55623.49        56543.49        920.00         
  5        5               离散机2            57467.49        58638.49        1171.00        
  5        6               离散机2            58638.49        59538.49        900.00         
  5        7               离散机8            72080.79        73557.79        1477.00        

工件 6:
  6        0               打印机1            0.00            27255.90        27255.90       
  6        1               批处理机2           27255.90        28319.90        1064.00        
  6        2               离散机6            29284.90        30289.90        1005.00        
  6        3               离散机2            33113.95        34778.95        1665.00        
  6        4               离散机2            36475.95        37668.95        1193.00        
  6        5               离散机9            39440.95        40717.95        1277.00        

工件 7:
  7        0               打印机3            0.00            40166.95        40166.95       
  7        1               批处理机1           40166.95        41276.95        1110.00        
  7        2               离散机3            58357.76        59878.76        1521.00        
  7        3               离散机8            59878.76        61094.76        1216.00        
  7        4               离散机1            61094.76        62020.76        926.00         
  7        5               离散机1            67806.76        69257.76        1451.00        
  7        6               离散机9            73935.68        75397.68        1462.00        

工件 8:
  8        0               打印机4            0.00            45875.76        45875.76       
  8        1               批处理机2           45875.76        46939.76        1064.00        
  8        2               离散机5            46939.76        48195.76        1256.00        
  8        3               离散机7            49273.76        51065.76        1792.00        
  8        4               离散机2            62009.06        63620.06        1611.00        
  8        5               离散机5            63620.06        64608.06        988.00         
  8        6               离散机1            73423.76        74456.76        1033.00        
  8        7               离散机4            75550.68        77211.68        1661.00        

工件 9:
  9        0               打印机4            0.00            45875.76        45875.76       
  9        1               批处理机2           45875.76        46939.76        1064.00        
  9        2               离散机6            51136.76        52500.76        1364.00        
  9        3               离散机5            54488.76        55401.76        913.00         

工件 10:
  10       0               打印机2            29830.95        57943.79        28112.84       
  10       1               批处理机2           57943.79        59007.79        1064.00        
  10       2               离散机9            59007.79        60732.79        1725.00        
  10       3               离散机7            60732.79        62455.79        1723.00        
  10       4               离散机6            62455.79        63971.79        1516.00        
  10       5               离散机2            63971.79        65700.79        1729.00        
  10       6               离散机8            69568.79        70901.79        1333.00        

工件 11:
  11       0               打印机1            0.00            27255.90        27255.90       
  11       1               批处理机2           27255.90        28319.90        1064.00        
  11       2               离散机3            29776.90        31157.90        1381.00        
  11       3               离散机8            32442.95        33458.95        1016.00        
  11       4               离散机3            36061.95        37052.95        991.00         
  11       5               离散机8            38491.95        39429.95        938.00         
  11       6               离散机8            39429.95        40445.95        1016.00        

工件 12:
  12       0               打印机3            0.00            40166.95        40166.95       
  12       1               批处理机1           40166.95        41276.95        1110.00        
  12       2               离散机7            41276.95        43034.95        1758.00        

工件 13:
  13       0               打印机1            0.00            27255.90        27255.90       
  13       1               批处理机2           27255.90        28319.90        1064.00        
  13       2               离散机3            28319.90        29776.90        1457.00        
  13       3               离散机8            29776.90        30814.90        1038.00        
  13       4               离散机5            30814.90        32490.90        1676.00        
  13       5               离散机5            32490.90        33539.90        1049.00        
  13       6               离散机7            34629.95        36240.95        1611.00        
  13       7               离散机2            37668.95        38649.95        981.00         

工件 14:
  14       0               打印机1            0.00            27255.90        27255.90       
  14       1               批处理机2           27255.90        28319.90        1064.00        
  14       2               离散机7            29683.90        30986.90        1303.00        
  14       3               离散机4            32055.95        33279.95        1224.00        
  14       4               离散机6            33279.95        34370.95        1091.00        
  14       5               离散机3            34631.95        36061.95        1430.00        
  14       6               离散机7            36240.95        37361.95        1121.00        
  14       7               离散机6            37361.95        38573.95        1212.00        
  14       8               离散机10           38573.95        39830.95        1257.00        
  14       9               离散机6            39830.95        41157.95        1327.00        

工件 15:
  15       0               打印机2            0.00            13797.05        13797.05       
  15       1               批处理机2           13797.05        14861.05        1064.00        
  15       2               离散机2            14861.05        16460.05        1599.00        
  15       3               离散机3            16460.05        17449.05        989.00         
  15       4               离散机2            18935.05        20025.05        1090.00        
  15       5               离散机7            20025.05        21434.05        1409.00        
  15       6               离散机3            21434.05        22664.05        1230.00        
  15       7               离散机3            22664.05        23605.05        941.00         

工件 16:
  16       0               打印机3            40166.95        51370.49        11203.54       
  16       1               批处理机2           51370.49        52434.49        1064.00        
  16       2               离散机2            52434.49        54224.49        1790.00        
  16       3               离散机7            56041.76        57610.76        1569.00        

工件 17:
  17       0               打印机3            51370.49        64427.68        13057.20       
  17       1               批处理机2           64427.68        65491.68        1064.00        
  17       2               离散机10           65491.68        66445.68        954.00         
  17       3               离散机6            66445.68        67683.68        1238.00        
  17       4               离散机9            67683.68        68668.68        985.00         
  17       5               离散机9            69952.68        70958.68        1006.00        
  17       6               离散机2            70958.68        72581.68        1623.00        
  17       7               离散机2            72581.68        73552.68        971.00         
  17       8               离散机6            73552.68        74471.68        919.00         

工件 18:
  18       0               打印机5            0.00            39797.00        39797.00       
  18       1               批处理机2           39797.00        40861.00        1064.00        
  18       2               离散机1            66104.76        67806.76        1702.00        

工件 19:
  19       0               打印机3            0.00            40166.95        40166.95       
  19       1               批处理机1           40166.95        41276.95        1110.00        
  19       2               离散机7            59007.00        60441.00        1434.00        

工件 20:
  20       0               打印机3            0.00            40166.95        40166.95       
  20       1               批处理机1           40166.95        41276.95        1110.00        
  20       2               离散机1            42394.95        43968.95        1574.00        
  20       3               离散机5            44318.95        45543.95        1225.00        
  20       4               离散机6            45543.95        46803.95        1260.00        
  20       5               离散机9            55722.76        56938.76        1216.00        
  20       6               离散机10           74779.76        75699.76        920.00         

工件 21:
  21       0               打印机4            0.00            45875.76        45875.76       
  21       1               批处理机2           45875.76        46939.76        1064.00        
  21       2               离散机3            46939.76        48518.76        1579.00        
  21       3               离散机3            72698.76        73816.76        1118.00        
  21       4               离散机6            74471.68        76036.68        1565.00        

工件 22:
  22       0               打印机4            0.00            45875.76        45875.76       
  22       1               批处理机2           45875.76        46939.76        1064.00        

工件 23:
  23       0               打印机1            27255.90        42947.69        15691.79       
  23       1               批处理机2           42947.69        44011.69        1064.00        
  23       2               离散机9            44011.69        45051.69        1040.00        
  23       3               离散机9            45051.69        46770.69        1719.00        
  23       4               离散机6            47971.76        49548.76        1577.00        
  23       5               离散机6            49548.76        51136.76        1588.00        
  23       6               离散机9            51136.76        52233.76        1097.00        
  23       7               离散机3            67356.76        68972.76        1616.00        
  23       8               离散机5            69171.79        70409.79        1238.00        

工件 24:
  24       0               打印机5            0.00            39797.00        39797.00       
  24       1               批处理机2           39797.00        40861.00        1064.00        
  24       2               离散机10           43718.00        45510.00        1792.00        
  24       3               离散机3            45510.00        46909.00        1399.00        
  24       4               离散机5            50986.76        52052.76        1066.00        
  24       5               离散机1            52699.76        54498.76        1799.00        
  24       6               离散机10           54498.76        55675.76        1177.00        
  24       7               离散机8            55675.76        57093.76        1418.00        
  24       8               离散机4            57093.76        58444.76        1351.00        

工件 25:
  25       0               打印机2            0.00            13797.05        13797.05       
  25       1               批处理机2           13797.05        14861.05        1064.00        
  25       2               离散机3            14861.05        15782.05        921.00         
  25       3               离散机2            17609.05        18935.05        1326.00        
  25       4               离散机10           18935.05        19851.05        916.00         
  25       5               离散机1            19851.05        20897.05        1046.00        
  25       6               离散机9            21890.05        23608.05        1718.00        
  25       7               离散机7            26744.05        27898.05        1154.00        

工件 26:
  26       0               打印机2            13797.05        29830.95        16033.89       
  26       1               批处理机2           29830.95        30894.95        1064.00        
  26       2               离散机7            32955.95        34629.95        1674.00        
  26       3               离散机6            34629.95        35771.95        1142.00        
  26       4               离散机7            37361.95        38718.95        1357.00        
  26       5               离散机3            38718.95        40327.95        1609.00        
  26       6               离散机6            43707.95        44986.95        1279.00        
  26       7               离散机9            56938.76        57939.76        1001.00        
  26       8               离散机9            57939.76        59003.76        1064.00        
  26       9               离散机5            61921.79        63417.79        1496.00        

工件 27:
  27       0               打印机2            13797.05        29830.95        16033.89       
  27       1               批处理机2           29830.95        30894.95        1064.00        

工件 28:
  28       0               打印机5            0.00            39797.00        39797.00       
  28       1               批处理机2           39797.00        40861.00        1064.00        
  28       2               离散机2            40861.00        42197.00        1336.00        
  28       3               离散机6            42716.95        43707.95        991.00         
  28       4               离散机10           52052.76        53260.76        1208.00        
  28       5               离散机10           53260.76        54326.76        1066.00        
  28       6               离散机6            54326.76        55357.76        1031.00        

工件 29:
  29       0               打印机2            29830.95        57943.79        28112.84       
  29       1               批处理机2           57943.79        59007.79        1064.00        
  29       2               离散机9            61801.79        63476.79        1675.00        
  29       3               离散机8            70901.79        72080.79        1179.00        

工件 30:
  30       0               打印机2            0.00            13797.05        13797.05       
  30       1               批处理机2           13797.05        14861.05        1064.00        
  30       2               离散机2            16460.05        17609.05        1149.00        
  30       3               离散机8            17609.05        18616.05        1007.00        
  30       4               离散机3            18680.05        19599.05        919.00         
  30       5               离散机5            19599.05        20523.05        924.00         
  30       6               离散机5            20523.05        21697.05        1174.00        
  30       7               离散机7            23004.05        24209.05        1205.00        
  30       8               离散机9            24209.05        25604.05        1395.00        
  30       9               离散机7            25604.05        26744.05        1140.00        

工件 31:
  31       0               打印机4            0.00            45875.76        45875.76       
  31       1               批处理机2           45875.76        46939.76        1064.00        
  31       2               离散机1            46939.76        48353.76        1414.00        
  31       3               离散机7            51065.76        52690.76        1625.00        
  31       4               离散机3            52690.76        54013.76        1323.00        
  31       5               离散机9            54013.76        55722.76        1709.00        
  31       6               离散机9            66489.79        67656.79        1167.00        

工件 32:
  32       0               打印机2            13797.05        29830.95        16033.89       
  32       1               批处理机2           29830.95        30894.95        1064.00        
  32       2               离散机2            30894.95        32025.95        1131.00        
  32       3               离散机9            32025.95        33507.95        1482.00        
  32       4               离散机1            33507.95        34436.95        929.00         
  32       5               离散机2            38649.95        40344.95        1695.00        
  32       6               离散机4            45748.95        46841.95        1093.00        
  32       7               离散机10           73703.76        74779.76        1076.00        

工件 33:
  33       0               打印机2            0.00            13797.05        13797.05       
  33       1               批处理机2           13797.05        14861.05        1064.00        
  33       2               离散机7            16168.05        17362.05        1194.00        
  33       3               离散机5            17362.05        18426.05        1064.00        
  33       4               离散机9            18426.05        19449.05        1023.00        
  33       5               离散机9            25604.05        26760.05        1156.00        
  33       6               离散机5            26760.05        27699.05        939.00         
  33       7               离散机10           33271.95        34678.95        1407.00        

工件 34:
  34       0               打印机4            0.00            45875.76        45875.76       
  34       1               批处理机2           45875.76        46939.76        1064.00        
  34       2               离散机3            51129.76        52651.76        1522.00        
  34       3               离散机1            55533.76        56927.76        1394.00        
  34       4               离散机5            57075.76        58505.76        1430.00        

工件 35:
  35       0               打印机5            0.00            39797.00        39797.00       
  35       1               批处理机2           39797.00        40861.00        1064.00        
  35       2               离散机8            45122.69        46840.69        1718.00        
  35       3               离散机1            51598.76        52699.76        1101.00        

工件 36:
  36       0               打印机5            0.00            39797.00        39797.00       
  36       1               批处理机2           39797.00        40861.00        1064.00        
  36       2               离散机9            40861.00        41855.00        994.00         
  36       3               离散机10           49840.76        50846.76        1006.00        
  36       4               离散机4            51036.76        52325.76        1289.00        
  36       5               离散机3            57122.76        58357.76        1235.00        
  36       6               离散机10           64472.79        65420.79        948.00         
  36       7               离散机7            68807.79        69828.79        1021.00        
  36       8               离散机4            71633.68        72615.68        982.00         

工件 37:
  37       0               打印机1            27255.90        42947.69        15691.79       
  37       1               批处理机2           42947.69        44011.69        1064.00        
  37       2               离散机10           45510.00        46783.00        1273.00        
  37       3               离散机2            46783.00        48553.00        1770.00        
  37       4               离散机6            52500.76        53691.76        1191.00        

工件 38:
  38       0               打印机5            0.00            39797.00        39797.00       
  38       1               批处理机2           39797.00        40861.00        1064.00        

工件 39:
  39       0               打印机1            0.00            27255.90        27255.90       
  39       1               批处理机2           27255.90        28319.90        1064.00        
  39       2               离散机9            28319.90        29619.90        1300.00        
  39       3               离散机10           29619.90        30557.90        938.00         
  39       4               离散机5            33539.90        35075.90        1536.00        
  39       5               离散机10           35075.90        36501.90        1426.00        

工件 40:
  40       0               打印机1            27255.90        42947.69        15691.79       
  40       1               批处理机2           42947.69        44011.69        1064.00        
  40       2               离散机8            44011.69        45122.69        1111.00        
  40       3               离散机9            47870.76        49180.76        1310.00        
  40       4               离散机5            49453.76        50986.76        1533.00        
  40       5               离散机9            52233.76        53151.76        918.00         
  40       6               离散机10           57164.76        58710.76        1546.00        

工件 41:
  41       0               打印机2            13797.05        29830.95        16033.89       
  41       1               批处理机2           29830.95        30894.95        1064.00        
  41       2               离散机8            30894.95        32442.95        1548.00        
  41       3               离散机2            34778.95        36475.95        1697.00        
  41       4               离散机4            36475.95        37378.95        903.00         
  41       5               离散机8            37378.95        38491.95        1113.00        
  41       6               离散机7            39963.95        41235.95        1272.00        
  41       7               离散机5            45543.95        46813.95        1270.00        

工件 42:
  42       0               打印机1            0.00            27255.90        27255.90       
  42       1               批处理机2           27255.90        28319.90        1064.00        
  42       2               离散机4            28319.90        29714.90        1395.00        
  42       3               离散机10           32074.95        33271.95        1197.00        

工件 43:
  43       0               打印机3            40166.95        51370.49        11203.54       
  43       1               批处理机2           51370.49        52434.49        1064.00        
  43       2               离散机3            59878.76        60916.76        1038.00        
  43       3               离散机1            64648.76        66104.76        1456.00        
  43       4               离散机3            69960.76        71255.76        1295.00        
  43       5               离散机1            71255.76        72351.76        1096.00        
  43       6               离散机10           72351.76        73703.76        1352.00        

工件 44:
  44       0               打印机4            0.00            45875.76        45875.76       
  44       1               批处理机2           45875.76        46939.76        1064.00        
  44       2               离散机1            48353.76        49925.76        1572.00        

工件 45:
  45       0               打印机4            45875.76        58575.06        12699.29       
  45       1               批处理机1           58575.06        59685.06        1110.00        
  45       2               离散机7            62455.79        64236.79        1781.00        
  45       3               离散机8            64236.79        65429.79        1193.00        
  45       4               离散机5            65429.79        66643.79        1214.00        
  45       5               离散机8            66643.79        68140.79        1497.00        
  45       6               离散机6            68140.79        69650.79        1510.00        
  45       7               离散机2            69650.79        70849.79        1199.00        
  45       8               离散机9            70958.68        71869.68        911.00         

工件 46:
  46       0               打印机4            45875.76        58575.06        12699.29       
  46       1               批处理机1           58575.06        59685.06        1110.00        
  46       2               离散机1            59685.06        60730.06        1045.00        
  46       3               离散机6            60730.06        61733.06        1003.00        
  46       4               离散机3            62626.76        63712.76        1086.00        
  46       5               离散机1            63712.76        64648.76        936.00         
  46       6               离散机1            72351.76        73423.76        1072.00        
  46       7               离散机3            73816.76        75050.76        1234.00        

工件 47:
  47       0               打印机4            0.00            45875.76        45875.76       
  47       1               批处理机2           45875.76        46939.76        1064.00        
  47       2               离散机2            48553.00        49806.00        1253.00        
  47       3               离散机5            53336.76        54488.76        1152.00        
  47       4               离散机4            54867.76        56471.76        1604.00        
  47       5               离散机8            61094.76        62770.76        1676.00        
  47       6               离散机3            71255.76        72698.76        1443.00        
  47       7               离散机2            73552.68        74657.68        1105.00        
  47       8               离散机1            74657.68        75964.68        1307.00        

工件 48:
  48       0               打印机4            0.00            45875.76        45875.76       
  48       1               批处理机2           45875.76        46939.76        1064.00        
  48       2               离散机10           46939.76        48378.76        1439.00        

工件 49:
  49       0               打印机5            39797.00        56794.00        16997.00       
  49       1               批处理机2           56794.00        57858.00        1064.00        
  49       2               离散机6            57858.00        59307.00        1449.00        
  49       3               离散机10           63422.79        64472.79        1050.00        
  49       4               离散机7            67256.79        68807.79        1551.00        

工件 50:
  50       0               打印机3            0.00            40166.95        40166.95       
  50       1               批处理机1           40166.95        41276.95        1110.00        
  50       2               离散机10           42590.00        43718.00        1128.00        

工件 51:
  51       0               打印机4            0.00            45875.76        45875.76       
  51       1               批处理机2           45875.76        46939.76        1064.00        
  51       2               离散机4            46939.76        48102.76        1163.00        

工件 52:
  52       0               打印机3            0.00            40166.95        40166.95       
  52       1               批处理机1           40166.95        41276.95        1110.00        
  52       2               离散机1            41276.95        42394.95        1118.00        
  52       3               离散机4            42394.95        44189.95        1795.00        
  52       4               离散机2            44189.95        45577.95        1388.00        
  52       5               离散机3            54013.76        55583.76        1570.00        
  52       6               离散机6            55583.76        57008.76        1425.00        
  52       7               离散机10           68163.68        69086.68        923.00         

工件 53:
  53       0               打印机1            0.00            27255.90        27255.90       
  53       1               批处理机2           27255.90        28319.90        1064.00        
  53       2               离散机6            28319.90        29284.90        965.00         
  53       3               离散机9            29619.90        30649.90        1030.00        

工件 54:
  54       0               打印机4            45875.76        58575.06        12699.29       
  54       1               批处理机1           58575.06        59685.06        1110.00        
  54       2               离散机2            59685.06        60644.06        959.00         

工件 55:
  55       0               打印机5            0.00            39797.00        39797.00       
  55       1               批处理机2           39797.00        40861.00        1064.00        
  55       2               离散机10           40861.00        42590.00        1729.00        
  55       3               离散机10           48378.76        49840.76        1462.00        
  55       4               离散机8            49840.76        51444.76        1604.00        
  55       5               离散机3            55583.76        57122.76        1539.00        
  55       6               离散机8            57122.76        58332.76        1210.00        
  55       7               离散机1            69257.76        70655.76        1398.00        

工件 56:
  56       0               打印机2            29830.95        57943.79        28112.84       
  56       1               批处理机2           57943.79        59007.79        1064.00        

工件 57:
  57       0               打印机5            0.00            39797.00        39797.00       
  57       1               批处理机2           39797.00        40861.00        1064.00        
  57       2               离散机8            40861.00        42321.00        1460.00        
  57       3               离散机8            48149.69        49136.69        987.00         

工件 58:
  58       0               打印机2            13797.05        29830.95        16033.89       
  58       1               批处理机2           29830.95        30894.95        1064.00        
  58       2               离散机2            32025.95        33113.95        1088.00        
  58       3               离散机3            33113.95        34631.95        1518.00        
  58       4               离散机6            35771.95        36880.95        1109.00        
  58       5               离散机5            36880.95        38090.95        1210.00        

工件 59:
  59       0               打印机2            29830.95        57943.79        28112.84       
  59       1               批处理机2           57943.79        59007.79        1064.00        
  59       2               离散机10           59007.79        60395.79        1388.00        
  59       3               离散机3            63712.76        64657.76        945.00         
  59       4               离散机4            64657.76        65899.76        1242.00        
  59       5               离散机2            65899.76        66865.76        966.00         
  59       6               离散机7            69828.79        71297.79        1469.00        

工件 60:
  60       0               打印机2            29830.95        57943.79        28112.84       
  60       1               批处理机2           57943.79        59007.79        1064.00        
  60       2               离散机4            59007.79        60025.79        1018.00        

工件 61:
  61       0               打印机3            51370.49        64427.68        13057.20       
  61       1               批处理机2           64427.68        65491.68        1064.00        

工件 62:
  62       0               打印机3            0.00            40166.95        40166.95       
  62       1               批处理机1           40166.95        41276.95        1110.00        
  62       2               离散机4            53584.76        54867.76        1283.00        

工件 63:
  63       0               打印机1            27255.90        42947.69        15691.79       
  63       1               批处理机2           42947.69        44011.69        1064.00        

工件 64:
  64       0               打印机5            0.00            39797.00        39797.00       
  64       1               批处理机2           39797.00        40861.00        1064.00        
  64       2               离散机9            41855.00        43056.00        1201.00        

工件 65:
  65       0               打印机2            0.00            13797.05        13797.05       
  65       1               批处理机2           13797.05        14861.05        1064.00        
  65       2               离散机9            14861.05        16267.05        1406.00        
  65       3               离散机9            16267.05        17733.05        1466.00        
  65       4               离散机8            19597.05        20506.05        909.00         
  65       5               离散机9            20506.05        21890.05        1384.00        
  65       6               离散机7            24209.05        25234.05        1025.00        

工件 66:
  66       0               打印机3            0.00            40166.95        40166.95       
  66       1               批处理机1           40166.95        41276.95        1110.00        
  66       2               离散机1            43968.95        45271.95        1303.00        
  66       3               离散机7            45271.95        46437.95        1166.00        
  66       4               离散机5            48195.76        49453.76        1258.00        
  66       5               离散机9            49453.76        50607.76        1154.00        
  66       6               离散机1            56927.76        58053.76        1126.00        

工件 67:
  67       0               打印机4            0.00            45875.76        45875.76       
  67       1               批处理机2           45875.76        46939.76        1064.00        
  67       2               离散机9            46939.76        47870.76        931.00         
  67       3               离散机7            47870.76        49273.76        1403.00        
  67       4               离散机4            49273.76        51036.76        1763.00        
  67       5               离散机5            52052.76        53336.76        1284.00        

工件 68:
  68       0               打印机1            0.00            27255.90        27255.90       
  68       1               批处理机2           27255.90        28319.90        1064.00        
  68       2               离散机7            28319.90        29683.90        1364.00        
  68       3               离散机4            33279.95        34724.95        1445.00        
  68       4               离散机9            36768.95        37697.95        929.00         

工件 69:
  69       0               打印机5            0.00            39797.00        39797.00       
  69       1               批处理机2           39797.00        40861.00        1064.00        
  69       2               离散机8            42321.00        43527.00        1206.00        
  69       3               离散机7            43527.00        45038.00        1511.00        
  69       4               离散机8            46840.69        48149.69        1309.00        
  69       5               离散机4            48149.69        49163.69        1014.00        
  69       6               离散机8            54274.76        55508.76        1234.00        
  69       7               离散机5            55508.76        57075.76        1567.00        
  69       8               离散机9            72937.68        73935.68        998.00         

工件 70:
  70       0               打印机1            0.00            27255.90        27255.90       
  70       1               批处理机2           27255.90        28319.90        1064.00        
  70       2               离散机10           28319.90        29501.90        1182.00        

工件 71:
  71       0               打印机4            45875.76        58575.06        12699.29       
  71       1               批处理机1           58575.06        59685.06        1110.00        
  71       2               离散机9            60732.79        61801.79        1069.00        
  71       3               离散机4            61801.79        63469.79        1668.00        
  71       4               离散机10           66445.68        68163.68        1718.00        

工件 72:
  72       0               打印机3            0.00            40166.95        40166.95       
  72       1               批处理机1           40166.95        41276.95        1110.00        
  72       2               离散机5            41276.95        42679.95        1403.00        
  72       3               离散机1            45271.95        46762.95        1491.00        
  72       4               离散机4            52325.76        53584.76        1259.00        
  72       5               离散机7            54472.76        56041.76        1569.00        
  72       6               离散机6            63971.79        65614.79        1643.00        
  72       7               离散机5            66643.79        67779.79        1136.00        
  72       8               离散机5            67779.79        69171.79        1392.00        

工件 73:
  73       0               打印机5            0.00            39797.00        39797.00       
  73       1               批处理机2           39797.00        40861.00        1064.00        
  73       2               离散机1            54498.76        55533.76        1035.00        

工件 74:
  74       0               打印机2            13797.05        29830.95        16033.89       
  74       1               批处理机2           29830.95        30894.95        1064.00        
  74       2               离散机3            31157.90        32186.90        1029.00        
  74       3               离散机7            38718.95        39963.95        1245.00        
  74       4               离散机2            45577.95        46768.95        1191.00        

工件 75:
  75       0               打印机2            13797.05        29830.95        16033.89       
  75       1               批处理机2           29830.95        30894.95        1064.00        
  75       2               离散机4            30894.95        32055.95        1161.00        
  75       3               离散机1            32055.95        33200.95        1145.00        
  75       4               离散机9            35178.95        36768.95        1590.00        
  75       5               离散机3            37052.95        38601.95        1549.00        
  75       6               离散机1            38601.95        39612.95        1011.00        

工件 76:
  76       0               打印机4            0.00            45875.76        45875.76       
  76       1               批处理机2           45875.76        46939.76        1064.00        

工件 77:
  77       0               打印机5            39797.00        56794.00        16997.00       
  77       1               批处理机2           56794.00        57858.00        1064.00        
  77       2               离散机7            57858.00        59007.00        1149.00        
  77       3               离散机6            59307.00        60348.00        1041.00        
  77       4               离散机1            62020.76        63448.76        1428.00        

工件 78:
  78       0               打印机2            0.00            13797.05        13797.05       
  78       1               批处理机2           13797.05        14861.05        1064.00        
  78       2               离散机7            21434.05        23004.05        1570.00        

工件 79:
  79       0               打印机5            39797.00        56794.00        16997.00       
  79       1               批处理机2           56794.00        57858.00        1064.00        
  79       2               离散机7            72751.68        73999.68        1248.00        

工件 80:
  80       0               打印机1            0.00            27255.90        27255.90       
  80       1               批处理机2           27255.90        28319.90        1064.00        

工件 81:
  81       0               打印机3            0.00            40166.95        40166.95       
  81       1               批处理机1           40166.95        41276.95        1110.00        
  81       2               离散机4            44189.95        45748.95        1559.00        
  81       3               离散机8            62770.76        63958.76        1188.00        

工件 82:
  82       0               打印机5            0.00            39797.00        39797.00       
  82       1               批处理机2           39797.00        40861.00        1064.00        
  82       2               离散机3            40861.00        42460.00        1599.00        
  82       3               离散机9            43056.00        43985.00        929.00         

工件 83:
  83       0               打印机5            0.00            39797.00        39797.00       
  83       1               批处理机2           39797.00        40861.00        1064.00        
  83       2               离散机4            40861.00        42082.00        1221.00        
  83       3               离散机8            58332.76        59318.76        986.00         
  83       4               离散机7            64236.79        65730.79        1494.00        
  83       5               离散机7            65730.79        67256.79        1526.00        
  83       6               离散机4            74124.68        75550.68        1426.00        
  83       7               离散机9            75550.68        76951.68        1401.00        

工件 84:
  84       0               打印机1            0.00            27255.90        27255.90       
  84       1               批处理机2           27255.90        28319.90        1064.00        

工件 85:
  85       0               打印机2            13797.05        29830.95        16033.89       
  85       1               批处理机2           29830.95        30894.95        1064.00        
  85       2               离散机6            30894.95        32136.95        1242.00        
  85       3               离散机9            33507.95        35178.95        1671.00        

工件 86:
  86       0               打印机2            29830.95        57943.79        28112.84       
  86       1               批处理机2           57943.79        59007.79        1064.00        
  86       2               离散机5            59007.79        60151.79        1144.00        
  86       3               离散机3            66036.76        67356.76        1320.00        
  86       4               离散机4            67356.76        69128.76        1772.00        
  86       5               离散机10           69128.76        70325.76        1197.00        

工件 87:
  87       0               打印机4            45875.76        58575.06        12699.29       
  87       1               批处理机1           58575.06        59685.06        1110.00        
  87       2               离散机10           61692.79        63422.79        1730.00        
  87       3               离散机9            63476.79        64749.79        1273.00        
  87       4               离散机6            71113.79        72773.79        1660.00        

工件 88:
  88       0               打印机2            0.00            13797.05        13797.05       
  88       1               批处理机2           13797.05        14861.05        1064.00        
  88       2               离散机7            14861.05        16168.05        1307.00        
  88       3               离散机7            17362.05        18725.05        1363.00        
  88       4               离散机3            19599.05        20729.05        1130.00        

工件 89:
  89       0               打印机2            29830.95        57943.79        28112.84       
  89       1               批处理机2           57943.79        59007.79        1064.00        
  89       2               离散机5            60151.79        61921.79        1770.00        
  89       3               离散机3            68972.76        69960.76        988.00         

工件 90:
  90       0               打印机1            0.00            27255.90        27255.90       
  90       1               批处理机2           27255.90        28319.90        1064.00        
  90       2               离散机9            37697.95        39440.95        1743.00        

工件 91:
  91       0               打印机3            0.00            40166.95        40166.95       
  91       1               批处理机1           40166.95        41276.95        1110.00        
  91       2               离散机5            42679.95        44318.95        1639.00        

工件 92:
  92       0               打印机4            0.00            45875.76        45875.76       
  92       1               批处理机2           45875.76        46939.76        1064.00        
  92       2               离散机6            46939.76        47971.76        1032.00        
  92       3               离散机2            51106.00        52301.00        1195.00        

工件 93:
  93       0               打印机3            0.00            40166.95        40166.95       
  93       1               批处理机1           40166.95        41276.95        1110.00        
  93       2               离散机3            49418.76        51129.76        1711.00        
  93       3               离散机8            52894.76        54274.76        1380.00        
  93       4               离散机10           55675.76        57164.76        1489.00        
  93       5               离散机8            65429.79        66504.79        1075.00        

工件 94:
  94       0               打印机3            0.00            40166.95        40166.95       
  94       1               批处理机1           40166.95        41276.95        1110.00        
  94       2               离散机6            41276.95        42716.95        1440.00        
  94       3               离散机3            42716.95        44267.95        1551.00        
  94       4               离散机3            60916.76        62626.76        1710.00        
  94       5               离散机4            63469.79        64423.79        954.00         
  94       6               离散机2            66865.76        67875.76        1010.00        
  94       7               离散机2            67875.76        69469.76        1594.00        

工件 95:
  95       0               打印机4            0.00            45875.76        45875.76       
  95       1               批处理机2           45875.76        46939.76        1064.00        

工件 96:
  96       0               打印机2            57943.79        67118.04        9174.25        
  96       1               批处理机2           67118.04        68182.04        1064.00        
  96       2               离散机9            68668.68        69952.68        1284.00        
  96       3               离散机4            69952.68        71633.68        1681.00        
  96       4               离散机7            71633.68        72751.68        1118.00        
  96       5               离散机4            72751.68        74124.68        1373.00        
  96       6               离散机8            74124.68        75154.68        1030.00        
  96       7               离散机3            75154.68        76320.68        1166.00        
  96       8               离散机10           76320.68        77331.68        1011.00        

工件 97:
  97       0               打印机1            27255.90        42947.69        15691.79       
  97       1               批处理机2           42947.69        44011.69        1064.00        
  97       2               离散机2            49806.00        51106.00        1300.00        
  97       3               离散机1            58053.76        59518.76        1465.00        
  97       4               离散机6            69650.79        71113.79        1463.00        

工件 98:
  98       0               打印机2            29830.95        57943.79        28112.84       
  98       1               批处理机2           57943.79        59007.79        1064.00        

工件 99:
  99       0               打印机2            29830.95        57943.79        28112.84       
  99       1               批处理机2           57943.79        59007.79        1064.00        
  99       2               离散机10           60395.79        61692.79        1297.00        
  99       3               离散机3            64657.76        66036.76        1379.00        
  99       4               离散机4            66036.76        67122.76        1086.00        
  99       5               离散机8            68140.79        69568.79        1428.00        
  99       6               离散机10           70325.76        71624.76        1299.00        
  99       7               离散机9            71869.68        72937.68        1068.00        

【机器加工顺序记录】
----------------------------------------------------------------------------------------------------

打印机1:
工件号      工序号             开始时间            结束时间            加工时长           
--------------------------------------------------------------------------------
  6        0               0.00            27255.90        27255.90       
  11       0               0.00            27255.90        27255.90       
  13       0               0.00            27255.90        27255.90       
  14       0               0.00            27255.90        27255.90       
  39       0               0.00            27255.90        27255.90       
  42       0               0.00            27255.90        27255.90       
  53       0               0.00            27255.90        27255.90       
  68       0               0.00            27255.90        27255.90       
  70       0               0.00            27255.90        27255.90       
  80       0               0.00            27255.90        27255.90       
  84       0               0.00            27255.90        27255.90       
  90       0               0.00            27255.90        27255.90       
  1        0               27255.90        42947.69        15691.79       
  23       0               27255.90        42947.69        15691.79       
  37       0               27255.90        42947.69        15691.79       
  40       0               27255.90        42947.69        15691.79       
  63       0               27255.90        42947.69        15691.79       
  97       0               27255.90        42947.69        15691.79       

  机器利用率: 544.69% (忙碌时间: 421221.54 / 总时间: 77331.68)

打印机2:
工件号      工序号             开始时间            结束时间            加工时长           
--------------------------------------------------------------------------------
  4        0               0.00            13797.05        13797.05       
  15       0               0.00            13797.05        13797.05       
  25       0               0.00            13797.05        13797.05       
  30       0               0.00            13797.05        13797.05       
  33       0               0.00            13797.05        13797.05       
  65       0               0.00            13797.05        13797.05       
  78       0               0.00            13797.05        13797.05       
  88       0               0.00            13797.05        13797.05       
  2        0               13797.05        29830.95        16033.89       
  3        0               13797.05        29830.95        16033.89       
  26       0               13797.05        29830.95        16033.89       
  27       0               13797.05        29830.95        16033.89       
  32       0               13797.05        29830.95        16033.89       
  41       0               13797.05        29830.95        16033.89       
  58       0               13797.05        29830.95        16033.89       
  74       0               13797.05        29830.95        16033.89       
  75       0               13797.05        29830.95        16033.89       
  85       0               13797.05        29830.95        16033.89       
  10       0               29830.95        57943.79        28112.84       
  29       0               29830.95        57943.79        28112.84       
  56       0               29830.95        57943.79        28112.84       
  59       0               29830.95        57943.79        28112.84       
  60       0               29830.95        57943.79        28112.84       
  86       0               29830.95        57943.79        28112.84       
  89       0               29830.95        57943.79        28112.84       
  98       0               29830.95        57943.79        28112.84       
  99       0               29830.95        57943.79        28112.84       
  96       0               57943.79        67118.04        9174.25        

  机器利用率: 689.12% (忙碌时间: 532905.19 / 总时间: 77331.68)

打印机3:
工件号      工序号             开始时间            结束时间            加工时长           
--------------------------------------------------------------------------------
  7        0               0.00            40166.95        40166.95       
  12       0               0.00            40166.95        40166.95       
  19       0               0.00            40166.95        40166.95       
  20       0               0.00            40166.95        40166.95       
  50       0               0.00            40166.95        40166.95       
  52       0               0.00            40166.95        40166.95       
  62       0               0.00            40166.95        40166.95       
  66       0               0.00            40166.95        40166.95       
  72       0               0.00            40166.95        40166.95       
  81       0               0.00            40166.95        40166.95       
  91       0               0.00            40166.95        40166.95       
  93       0               0.00            40166.95        40166.95       
  94       0               0.00            40166.95        40166.95       
  16       0               40166.95        51370.49        11203.54       
  43       0               40166.95        51370.49        11203.54       
  17       0               51370.49        64427.68        13057.20       
  61       0               51370.49        64427.68        13057.20       

  机器利用率: 737.98% (忙碌时间: 570691.83 / 总时间: 77331.68)

打印机4:
工件号      工序号             开始时间            结束时间            加工时长           
--------------------------------------------------------------------------------
  0        0               0.00            45875.76        45875.76       
  8        0               0.00            45875.76        45875.76       
  9        0               0.00            45875.76        45875.76       
  21       0               0.00            45875.76        45875.76       
  22       0               0.00            45875.76        45875.76       
  31       0               0.00            45875.76        45875.76       
  34       0               0.00            45875.76        45875.76       
  44       0               0.00            45875.76        45875.76       
  47       0               0.00            45875.76        45875.76       
  48       0               0.00            45875.76        45875.76       
  51       0               0.00            45875.76        45875.76       
  67       0               0.00            45875.76        45875.76       
  76       0               0.00            45875.76        45875.76       
  92       0               0.00            45875.76        45875.76       
  95       0               0.00            45875.76        45875.76       
  45       0               45875.76        58575.06        12699.29       
  46       0               45875.76        58575.06        12699.29       
  54       0               45875.76        58575.06        12699.29       
  71       0               45875.76        58575.06        12699.29       
  87       0               45875.76        58575.06        12699.29       

  机器利用率: 971.96% (忙碌时间: 751632.94 / 总时间: 77331.68)

打印机5:
工件号      工序号             开始时间            结束时间            加工时长           
--------------------------------------------------------------------------------
  5        0               0.00            39797.00        39797.00       
  18       0               0.00            39797.00        39797.00       
  24       0               0.00            39797.00        39797.00       
  28       0               0.00            39797.00        39797.00       
  35       0               0.00            39797.00        39797.00       
  36       0               0.00            39797.00        39797.00       
  38       0               0.00            39797.00        39797.00       
  55       0               0.00            39797.00        39797.00       
  57       0               0.00            39797.00        39797.00       
  64       0               0.00            39797.00        39797.00       
  69       0               0.00            39797.00        39797.00       
  73       0               0.00            39797.00        39797.00       
  82       0               0.00            39797.00        39797.00       
  83       0               0.00            39797.00        39797.00       
  49       0               39797.00        56794.00        16997.00       
  77       0               39797.00        56794.00        16997.00       
  79       0               39797.00        56794.00        16997.00       

  机器利用率: 786.42% (忙碌时间: 608149.00 / 总时间: 77331.68)

批处理机1:
工件号      工序号             开始时间            结束时间            加工时长           
--------------------------------------------------------------------------------
  7        1               40166.95        41276.95        1110.00        
  12       1               40166.95        41276.95        1110.00        
  19       1               40166.95        41276.95        1110.00        
  20       1               40166.95        41276.95        1110.00        
  50       1               40166.95        41276.95        1110.00        
  52       1               40166.95        41276.95        1110.00        
  62       1               40166.95        41276.95        1110.00        
  66       1               40166.95        41276.95        1110.00        
  72       1               40166.95        41276.95        1110.00        
  81       1               40166.95        41276.95        1110.00        
  91       1               40166.95        41276.95        1110.00        
  93       1               40166.95        41276.95        1110.00        
  94       1               40166.95        41276.95        1110.00        
  45       1               58575.06        59685.06        1110.00        
  46       1               58575.06        59685.06        1110.00        
  54       1               58575.06        59685.06        1110.00        
  71       1               58575.06        59685.06        1110.00        
  87       1               58575.06        59685.06        1110.00        

  机器利用率: 25.84% (忙碌时间: 19980.00 / 总时间: 77331.68)

批处理机2:
工件号      工序号             开始时间            结束时间            加工时长           
--------------------------------------------------------------------------------
  4        1               13797.05        14861.05        1064.00        
  15       1               13797.05        14861.05        1064.00        
  25       1               13797.05        14861.05        1064.00        
  30       1               13797.05        14861.05        1064.00        
  33       1               13797.05        14861.05        1064.00        
  65       1               13797.05        14861.05        1064.00        
  78       1               13797.05        14861.05        1064.00        
  88       1               13797.05        14861.05        1064.00        
  6        1               27255.90        28319.90        1064.00        
  11       1               27255.90        28319.90        1064.00        
  13       1               27255.90        28319.90        1064.00        
  14       1               27255.90        28319.90        1064.00        
  39       1               27255.90        28319.90        1064.00        
  42       1               27255.90        28319.90        1064.00        
  53       1               27255.90        28319.90        1064.00        
  68       1               27255.90        28319.90        1064.00        
  70       1               27255.90        28319.90        1064.00        
  80       1               27255.90        28319.90        1064.00        
  84       1               27255.90        28319.90        1064.00        
  90       1               27255.90        28319.90        1064.00        
  2        1               29830.95        30894.95        1064.00        
  3        1               29830.95        30894.95        1064.00        
  26       1               29830.95        30894.95        1064.00        
  27       1               29830.95        30894.95        1064.00        
  32       1               29830.95        30894.95        1064.00        
  41       1               29830.95        30894.95        1064.00        
  58       1               29830.95        30894.95        1064.00        
  74       1               29830.95        30894.95        1064.00        
  75       1               29830.95        30894.95        1064.00        
  85       1               29830.95        30894.95        1064.00        
  5        1               39797.00        40861.00        1064.00        
  18       1               39797.00        40861.00        1064.00        
  24       1               39797.00        40861.00        1064.00        
  28       1               39797.00        40861.00        1064.00        
  35       1               39797.00        40861.00        1064.00        
  36       1               39797.00        40861.00        1064.00        
  38       1               39797.00        40861.00        1064.00        
  55       1               39797.00        40861.00        1064.00        
  57       1               39797.00        40861.00        1064.00        
  64       1               39797.00        40861.00        1064.00        
  69       1               39797.00        40861.00        1064.00        
  73       1               39797.00        40861.00        1064.00        
  82       1               39797.00        40861.00        1064.00        
  83       1               39797.00        40861.00        1064.00        
  1        1               42947.69        44011.69        1064.00        
  23       1               42947.69        44011.69        1064.00        
  37       1               42947.69        44011.69        1064.00        
  40       1               42947.69        44011.69        1064.00        
  63       1               42947.69        44011.69        1064.00        
  97       1               42947.69        44011.69        1064.00        
  0        1               45875.76        46939.76        1064.00        
  8        1               45875.76        46939.76        1064.00        
  9        1               45875.76        46939.76        1064.00        
  21       1               45875.76        46939.76        1064.00        
  22       1               45875.76        46939.76        1064.00        
  31       1               45875.76        46939.76        1064.00        
  34       1               45875.76        46939.76        1064.00        
  44       1               45875.76        46939.76        1064.00        
  47       1               45875.76        46939.76        1064.00        
  48       1               45875.76        46939.76        1064.00        
  51       1               45875.76        46939.76        1064.00        
  67       1               45875.76        46939.76        1064.00        
  76       1               45875.76        46939.76        1064.00        
  92       1               45875.76        46939.76        1064.00        
  95       1               45875.76        46939.76        1064.00        
  16       1               51370.49        52434.49        1064.00        
  43       1               51370.49        52434.49        1064.00        
  49       1               56794.00        57858.00        1064.00        
  77       1               56794.00        57858.00        1064.00        
  79       1               56794.00        57858.00        1064.00        
  10       1               57943.79        59007.79        1064.00        
  29       1               57943.79        59007.79        1064.00        
  56       1               57943.79        59007.79        1064.00        
  59       1               57943.79        59007.79        1064.00        
  60       1               57943.79        59007.79        1064.00        
  86       1               57943.79        59007.79        1064.00        
  89       1               57943.79        59007.79        1064.00        
  98       1               57943.79        59007.79        1064.00        
  99       1               57943.79        59007.79        1064.00        
  17       1               64427.68        65491.68        1064.00        
  61       1               64427.68        65491.68        1064.00        
  96       1               67118.04        68182.04        1064.00        

  机器利用率: 112.82% (忙碌时间: 87248.00 / 总时间: 77331.68)

离散机1:
工件号      工序号             开始时间            结束时间            加工时长           
--------------------------------------------------------------------------------
  4        2               14861.05        15994.05        1133.00        
  25       5               19851.05        20897.05        1046.00        
  3        2               30894.95        31826.95        932.00         
  75       3               32055.95        33200.95        1145.00        
  32       4               33507.95        34436.95        929.00         
  75       6               38601.95        39612.95        1011.00        
  52       2               41276.95        42394.95        1118.00        
  20       2               42394.95        43968.95        1574.00        
  66       2               43968.95        45271.95        1303.00        
  72       3               45271.95        46762.95        1491.00        
  31       2               46939.76        48353.76        1414.00        
  44       2               48353.76        49925.76        1572.00        
  5        2               49925.76        51598.76        1673.00        
  35       3               51598.76        52699.76        1101.00        
  24       5               52699.76        54498.76        1799.00        
  73       2               54498.76        55533.76        1035.00        
  34       3               55533.76        56927.76        1394.00        
  66       6               56927.76        58053.76        1126.00        
  97       3               58053.76        59518.76        1465.00        
  46       2               59685.06        60730.06        1045.00        
  7        4               61094.76        62020.76        926.00         
  77       4               62020.76        63448.76        1428.00        
  46       5               63712.76        64648.76        936.00         
  43       3               64648.76        66104.76        1456.00        
  18       2               66104.76        67806.76        1702.00        
  7        5               67806.76        69257.76        1451.00        
  55       7               69257.76        70655.76        1398.00        
  43       5               71255.76        72351.76        1096.00        
  46       6               72351.76        73423.76        1072.00        
  8        6               73423.76        74456.76        1033.00        
  47       8               74657.68        75964.68        1307.00        

  机器利用率: 50.58% (忙碌时间: 39111.00 / 总时间: 77331.68)

离散机2:
工件号      工序号             开始时间            结束时间            加工时长           
--------------------------------------------------------------------------------
  15       2               14861.05        16460.05        1599.00        
  30       2               16460.05        17609.05        1149.00        
  25       3               17609.05        18935.05        1326.00        
  15       4               18935.05        20025.05        1090.00        
  4        6               20025.05        21047.05        1022.00        
  32       2               30894.95        32025.95        1131.00        
  58       2               32025.95        33113.95        1088.00        
  6        3               33113.95        34778.95        1665.00        
  41       3               34778.95        36475.95        1697.00        
  6        4               36475.95        37668.95        1193.00        
  13       7               37668.95        38649.95        981.00         
  32       5               38649.95        40344.95        1695.00        
  28       2               40861.00        42197.00        1336.00        
  3        4               42197.00        43195.00        998.00         
  52       4               44189.95        45577.95        1388.00        
  74       4               45577.95        46768.95        1191.00        
  37       3               46783.00        48553.00        1770.00        
  47       2               48553.00        49806.00        1253.00        
  97       2               49806.00        51106.00        1300.00        
  92       3               51106.00        52301.00        1195.00        
  16       2               52434.49        54224.49        1790.00        
  0        4               54224.49        55623.49        1399.00        
  5        4               55623.49        56543.49        920.00         
  1        4               56543.49        57467.49        924.00         
  5        5               57467.49        58638.49        1171.00        
  5        6               58638.49        59538.49        900.00         
  54       2               59685.06        60644.06        959.00         
  3        6               60644.06        62009.06        1365.00        
  8        4               62009.06        63620.06        1611.00        
  10       5               63971.79        65700.79        1729.00        
  59       5               65899.76        66865.76        966.00         
  94       6               66865.76        67875.76        1010.00        
  94       7               67875.76        69469.76        1594.00        
  45       7               69650.79        70849.79        1199.00        
  17       6               70958.68        72581.68        1623.00        
  17       7               72581.68        73552.68        971.00         
  47       7               73552.68        74657.68        1105.00        

  机器利用率: 61.17% (忙碌时间: 47303.00 / 总时间: 77331.68)

离散机3:
工件号      工序号             开始时间            结束时间            加工时长           
--------------------------------------------------------------------------------
  25       2               14861.05        15782.05        921.00         
  15       3               16460.05        17449.05        989.00         
  4        4               17449.05        18680.05        1231.00        
  30       4               18680.05        19599.05        919.00         
  88       4               19599.05        20729.05        1130.00        
  15       6               21434.05        22664.05        1230.00        
  15       7               22664.05        23605.05        941.00         
  13       2               28319.90        29776.90        1457.00        
  11       2               29776.90        31157.90        1381.00        
  74       2               31157.90        32186.90        1029.00        
  58       3               33113.95        34631.95        1518.00        
  14       5               34631.95        36061.95        1430.00        
  11       4               36061.95        37052.95        991.00         
  75       5               37052.95        38601.95        1549.00        
  26       5               38718.95        40327.95        1609.00        
  82       2               40861.00        42460.00        1599.00        
  94       3               42716.95        44267.95        1551.00        
  1        2               44267.95        45302.95        1035.00        
  24       3               45510.00        46909.00        1399.00        
  21       2               46939.76        48518.76        1579.00        
  0        2               48518.76        49418.76        900.00         
  93       2               49418.76        51129.76        1711.00        
  34       2               51129.76        52651.76        1522.00        
  31       4               52690.76        54013.76        1323.00        
  52       5               54013.76        55583.76        1570.00        
  55       5               55583.76        57122.76        1539.00        
  36       5               57122.76        58357.76        1235.00        
  7        2               58357.76        59878.76        1521.00        
  43       2               59878.76        60916.76        1038.00        
  94       4               60916.76        62626.76        1710.00        
  46       4               62626.76        63712.76        1086.00        
  59       3               63712.76        64657.76        945.00         
  99       3               64657.76        66036.76        1379.00        
  86       3               66036.76        67356.76        1320.00        
  23       7               67356.76        68972.76        1616.00        
  89       3               68972.76        69960.76        988.00         
  43       4               69960.76        71255.76        1295.00        
  47       6               71255.76        72698.76        1443.00        
  21       3               72698.76        73816.76        1118.00        
  46       7               73816.76        75050.76        1234.00        
  96       7               75154.68        76320.68        1166.00        

  机器利用率: 68.73% (忙碌时间: 53147.00 / 总时间: 77331.68)

离散机4:
工件号      工序号             开始时间            结束时间            加工时长           
--------------------------------------------------------------------------------
  42       2               28319.90        29714.90        1395.00        
  75       2               30894.95        32055.95        1161.00        
  14       3               32055.95        33279.95        1224.00        
  68       3               33279.95        34724.95        1445.00        
  41       4               36475.95        37378.95        903.00         
  83       2               40861.00        42082.00        1221.00        
  52       3               42394.95        44189.95        1795.00        
  81       2               44189.95        45748.95        1559.00        
  32       6               45748.95        46841.95        1093.00        
  51       2               46939.76        48102.76        1163.00        
  69       5               48149.69        49163.69        1014.00        
  67       4               49273.76        51036.76        1763.00        
  36       4               51036.76        52325.76        1289.00        
  72       4               52325.76        53584.76        1259.00        
  62       2               53584.76        54867.76        1283.00        
  47       4               54867.76        56471.76        1604.00        
  24       8               57093.76        58444.76        1351.00        
  60       2               59007.79        60025.79        1018.00        
  71       3               61801.79        63469.79        1668.00        
  94       5               63469.79        64423.79        954.00         
  59       4               64657.76        65899.76        1242.00        
  99       4               66036.76        67122.76        1086.00        
  86       4               67356.76        69128.76        1772.00        
  96       3               69952.68        71633.68        1681.00        
  36       8               71633.68        72615.68        982.00         
  96       5               72751.68        74124.68        1373.00        
  83       6               74124.68        75550.68        1426.00        
  8        7               75550.68        77211.68        1661.00        

  机器利用率: 48.34% (忙碌时间: 37385.00 / 总时间: 77331.68)

离散机5:
工件号      工序号             开始时间            结束时间            加工时长           
--------------------------------------------------------------------------------
  33       3               17362.05        18426.05        1064.00        
  30       5               19599.05        20523.05        924.00         
  30       6               20523.05        21697.05        1174.00        
  33       6               26760.05        27699.05        939.00         
  13       4               30814.90        32490.90        1676.00        
  13       5               32490.90        33539.90        1049.00        
  39       4               33539.90        35075.90        1536.00        
  58       5               36880.95        38090.95        1210.00        
  72       2               41276.95        42679.95        1403.00        
  91       2               42679.95        44318.95        1639.00        
  20       3               44318.95        45543.95        1225.00        
  41       7               45543.95        46813.95        1270.00        
  8        2               46939.76        48195.76        1256.00        
  66       4               48195.76        49453.76        1258.00        
  40       4               49453.76        50986.76        1533.00        
  24       4               50986.76        52052.76        1066.00        
  67       5               52052.76        53336.76        1284.00        
  47       3               53336.76        54488.76        1152.00        
  9        3               54488.76        55401.76        913.00         
  69       7               55508.76        57075.76        1567.00        
  34       4               57075.76        58505.76        1430.00        
  86       2               59007.79        60151.79        1144.00        
  89       2               60151.79        61921.79        1770.00        
  26       9               61921.79        63417.79        1496.00        
  8        5               63620.06        64608.06        988.00         
  45       4               65429.79        66643.79        1214.00        
  72       7               66643.79        67779.79        1136.00        
  72       8               67779.79        69171.79        1392.00        
  23       8               69171.79        70409.79        1238.00        

  机器利用率: 47.78% (忙碌时间: 36946.00 / 总时间: 77331.68)

离散机6:
工件号      工序号             开始时间            结束时间            加工时长           
--------------------------------------------------------------------------------
  4        7               21047.05        22385.05        1338.00        
  53       2               28319.90        29284.90        965.00         
  6        2               29284.90        30289.90        1005.00        
  85       2               30894.95        32136.95        1242.00        
  14       4               33279.95        34370.95        1091.00        
  26       3               34629.95        35771.95        1142.00        
  58       4               35771.95        36880.95        1109.00        
  14       7               37361.95        38573.95        1212.00        
  14       9               39830.95        41157.95        1327.00        
  94       2               41276.95        42716.95        1440.00        
  28       3               42716.95        43707.95        991.00         
  26       6               43707.95        44986.95        1279.00        
  20       4               45543.95        46803.95        1260.00        
  92       2               46939.76        47971.76        1032.00        
  23       4               47971.76        49548.76        1577.00        
  23       5               49548.76        51136.76        1588.00        
  9        2               51136.76        52500.76        1364.00        
  37       4               52500.76        53691.76        1191.00        
  28       6               54326.76        55357.76        1031.00        
  52       6               55583.76        57008.76        1425.00        
  49       2               57858.00        59307.00        1449.00        
  77       3               59307.00        60348.00        1041.00        
  46       3               60730.06        61733.06        1003.00        
  10       4               62455.79        63971.79        1516.00        
  72       6               63971.79        65614.79        1643.00        
  17       3               66445.68        67683.68        1238.00        
  45       6               68140.79        69650.79        1510.00        
  97       4               69650.79        71113.79        1463.00        
  87       4               71113.79        72773.79        1660.00        
  17       8               73552.68        74471.68        919.00         
  21       4               74471.68        76036.68        1565.00        

  机器利用率: 51.23% (忙碌时间: 39616.00 / 总时间: 77331.68)

离散机7:
工件号      工序号             开始时间            结束时间            加工时长           
--------------------------------------------------------------------------------
  88       2               14861.05        16168.05        1307.00        
  33       2               16168.05        17362.05        1194.00        
  88       3               17362.05        18725.05        1363.00        
  15       5               20025.05        21434.05        1409.00        
  78       2               21434.05        23004.05        1570.00        
  30       7               23004.05        24209.05        1205.00        
  65       6               24209.05        25234.05        1025.00        
  30       9               25604.05        26744.05        1140.00        
  25       7               26744.05        27898.05        1154.00        
  68       2               28319.90        29683.90        1364.00        
  14       2               29683.90        30986.90        1303.00        
  3        3               31826.95        32955.95        1129.00        
  26       2               32955.95        34629.95        1674.00        
  13       6               34629.95        36240.95        1611.00        
  14       6               36240.95        37361.95        1121.00        
  26       4               37361.95        38718.95        1357.00        
  74       3               38718.95        39963.95        1245.00        
  41       6               39963.95        41235.95        1272.00        
  12       2               41276.95        43034.95        1758.00        
  69       3               43527.00        45038.00        1511.00        
  66       3               45271.95        46437.95        1166.00        
  3        5               46437.95        47528.95        1091.00        
  67       3               47870.76        49273.76        1403.00        
  8        3               49273.76        51065.76        1792.00        
  31       3               51065.76        52690.76        1625.00        
  1        3               52690.76        54472.76        1782.00        
  72       5               54472.76        56041.76        1569.00        
  16       3               56041.76        57610.76        1569.00        
  77       2               57858.00        59007.00        1149.00        
  19       2               59007.00        60441.00        1434.00        
  10       3               60732.79        62455.79        1723.00        
  45       2               62455.79        64236.79        1781.00        
  83       4               64236.79        65730.79        1494.00        
  83       5               65730.79        67256.79        1526.00        
  49       4               67256.79        68807.79        1551.00        
  36       7               68807.79        69828.79        1021.00        
  59       6               69828.79        71297.79        1469.00        
  96       4               71633.68        72751.68        1118.00        
  79       2               72751.68        73999.68        1248.00        

  机器利用率: 70.12% (忙碌时间: 54223.00 / 总时间: 77331.68)

离散机8:
工件号      工序号             开始时间            结束时间            加工时长           
--------------------------------------------------------------------------------
  30       3               17609.05        18616.05        1007.00        
  4        5               18680.05        19597.05        917.00         
  65       4               19597.05        20506.05        909.00         
  13       3               29776.90        30814.90        1038.00        
  41       2               30894.95        32442.95        1548.00        
  11       3               32442.95        33458.95        1016.00        
  41       5               37378.95        38491.95        1113.00        
  11       5               38491.95        39429.95        938.00         
  11       6               39429.95        40445.95        1016.00        
  57       2               40861.00        42321.00        1460.00        
  69       2               42321.00        43527.00        1206.00        
  40       2               44011.69        45122.69        1111.00        
  35       2               45122.69        46840.69        1718.00        
  69       4               46840.69        48149.69        1309.00        
  57       3               48149.69        49136.69        987.00         
  55       4               49840.76        51444.76        1604.00        
  5        3               51598.76        52894.76        1296.00        
  93       3               52894.76        54274.76        1380.00        
  69       6               54274.76        55508.76        1234.00        
  24       7               55675.76        57093.76        1418.00        
  55       6               57122.76        58332.76        1210.00        
  83       3               58332.76        59318.76        986.00         
  7        3               59878.76        61094.76        1216.00        
  47       5               61094.76        62770.76        1676.00        
  81       3               62770.76        63958.76        1188.00        
  45       3               64236.79        65429.79        1193.00        
  93       5               65429.79        66504.79        1075.00        
  45       5               66643.79        68140.79        1497.00        
  99       5               68140.79        69568.79        1428.00        
  10       6               69568.79        70901.79        1333.00        
  29       3               70901.79        72080.79        1179.00        
  5        7               72080.79        73557.79        1477.00        
  96       6               74124.68        75154.68        1030.00        

  机器利用率: 52.65% (忙碌时间: 40713.00 / 总时间: 77331.68)

离散机9:
工件号      工序号             开始时间            结束时间            加工时长           
--------------------------------------------------------------------------------
  65       2               14861.05        16267.05        1406.00        
  65       3               16267.05        17733.05        1466.00        
  33       4               18426.05        19449.05        1023.00        
  65       5               20506.05        21890.05        1384.00        
  25       6               21890.05        23608.05        1718.00        
  30       8               24209.05        25604.05        1395.00        
  33       5               25604.05        26760.05        1156.00        
  39       2               28319.90        29619.90        1300.00        
  53       3               29619.90        30649.90        1030.00        
  32       3               32025.95        33507.95        1482.00        
  85       3               33507.95        35178.95        1671.00        
  75       4               35178.95        36768.95        1590.00        
  68       4               36768.95        37697.95        929.00         
  90       2               37697.95        39440.95        1743.00        
  6        5               39440.95        40717.95        1277.00        
  36       2               40861.00        41855.00        994.00         
  64       2               41855.00        43056.00        1201.00        
  82       3               43056.00        43985.00        929.00         
  23       2               44011.69        45051.69        1040.00        
  23       3               45051.69        46770.69        1719.00        
  67       2               46939.76        47870.76        931.00         
  40       3               47870.76        49180.76        1310.00        
  66       5               49453.76        50607.76        1154.00        
  23       6               51136.76        52233.76        1097.00        
  40       5               52233.76        53151.76        918.00         
  31       5               54013.76        55722.76        1709.00        
  20       5               55722.76        56938.76        1216.00        
  26       7               56938.76        57939.76        1001.00        
  26       8               57939.76        59003.76        1064.00        
  10       2               59007.79        60732.79        1725.00        
  71       2               60732.79        61801.79        1069.00        
  29       2               61801.79        63476.79        1675.00        
  87       3               63476.79        64749.79        1273.00        
  0        5               64749.79        66489.79        1740.00        
  31       6               66489.79        67656.79        1167.00        
  17       4               67683.68        68668.68        985.00         
  96       2               68668.68        69952.68        1284.00        
  17       5               69952.68        70958.68        1006.00        
  45       8               70958.68        71869.68        911.00         
  99       7               71869.68        72937.68        1068.00        
  69       8               72937.68        73935.68        998.00         
  7        6               73935.68        75397.68        1462.00        
  83       7               75550.68        76951.68        1401.00        

  机器利用率: 70.63% (忙碌时间: 54617.00 / 总时间: 77331.68)

离散机10:
工件号      工序号             开始时间            结束时间            加工时长           
--------------------------------------------------------------------------------
  4        3               15994.05        17342.05        1348.00        
  25       4               18935.05        19851.05        916.00         
  70       2               28319.90        29501.90        1182.00        
  39       3               29619.90        30557.90        938.00         
  2        2               30894.95        32074.95        1180.00        
  42       3               32074.95        33271.95        1197.00        
  33       7               33271.95        34678.95        1407.00        
  39       5               35075.90        36501.90        1426.00        
  14       8               38573.95        39830.95        1257.00        
  55       2               40861.00        42590.00        1729.00        
  50       2               42590.00        43718.00        1128.00        
  24       2               43718.00        45510.00        1792.00        
  37       2               45510.00        46783.00        1273.00        
  48       2               46939.76        48378.76        1439.00        
  55       3               48378.76        49840.76        1462.00        
  36       3               49840.76        50846.76        1006.00        
  0        3               50846.76        52052.76        1206.00        
  28       4               52052.76        53260.76        1208.00        
  28       5               53260.76        54326.76        1066.00        
  24       6               54498.76        55675.76        1177.00        
  93       4               55675.76        57164.76        1489.00        
  40       6               57164.76        58710.76        1546.00        
  59       2               59007.79        60395.79        1388.00        
  99       2               60395.79        61692.79        1297.00        
  87       2               61692.79        63422.79        1730.00        
  49       3               63422.79        64472.79        1050.00        
  36       6               64472.79        65420.79        948.00         
  17       2               65491.68        66445.68        954.00         
  71       4               66445.68        68163.68        1718.00        
  52       7               68163.68        69086.68        923.00         
  86       5               69128.76        70325.76        1197.00        
  99       6               70325.76        71624.76        1299.00        
  43       6               72351.76        73703.76        1352.00        
  32       7               73703.76        74779.76        1076.00        
  20       6               74779.76        75699.76        920.00         
  96       8               76320.68        77331.68        1011.00        

  机器利用率: 58.49% (忙碌时间: 45235.00 / 总时间: 77331.68)

【打印批次详细信息】
----------------------------------------------------------------------------------------------------

打印机 1 (尺寸: 1033.0 x 412.0 x 635.0):
--------------------------------------------------------------------------------
  批次 1: 零件数=12, 占用率=87.82%
    - 68: 尺寸 413.0 x 227.0 x 174.0
    - 42: 尺寸 86.0 x 114.0 x 61.0
    - 53: 尺寸 142.0 x 121.0 x 188.0
    - 11: 尺寸 306.0 x 123.0 x 35.0
    - 90: 尺寸 85.0 x 241.0 x 93.0
    - 13: 尺寸 87.0 x 87.0 x 191.0
    - 70: 尺寸 139.0 x 217.0 x 55.0
    - 6: 尺寸 306.0 x 134.0 x 68.0
    - 39: 尺寸 396.0 x 158.0 x 123.0
    - 80: 尺寸 152.0 x 106.0 x 19.0
    - 14: 尺寸 183.0 x 98.0 x 54.0
    - 84: 尺寸 132.0 x 148.0 x 176.0
  批次 2: 零件数=6, 占用率=67.64%
    - 23: 尺寸 422.0 x 283.0 x 63.0
    - 63: 尺寸 163.0 x 195.0 x 52.0
    - 37: 尺寸 208.0 x 179.0 x 109.0
    - 97: 尺寸 213.0 x 107.0 x 56.0
    - 40: 尺寸 122.0 x 148.0 x 103.0
    - 1: 尺寸 465.0 x 126.0 x 96.0

打印机 2 (尺寸: 1163.0 x 587.0 x 663.0):
--------------------------------------------------------------------------------
  批次 1: 零件数=8, 占用率=97.53%
    - 78: 尺寸 257.0 x 259.0 x 55.0
    - 25: 尺寸 207.0 x 202.0 x 33.0
    - 30: 尺寸 686.0 x 336.0 x 90.0
    - 88: 尺寸 207.0 x 385.0 x 83.0
    - 15: 尺寸 255.0 x 172.0 x 44.0
    - 65: 尺寸 688.0 x 246.0 x 28.0
    - 4: 尺寸 148.0 x 136.0 x 21.0
    - 33: 尺寸 98.0 x 143.0 x 20.0
  批次 2: 零件数=10, 占用率=87.03%
    - 3: 尺寸 114.0 x 130.0 x 98.0
    - 27: 尺寸 565.0 x 191.0 x 59.0
    - 75: 尺寸 460.0 x 290.0 x 105.0
    - 85: 尺寸 63.0 x 205.0 x 96.0
    - 2: 尺寸 568.0 x 184.0 x 44.0
    - 74: 尺寸 488.0 x 192.0 x 92.0
    - 26: 尺寸 353.0 x 115.0 x 50.0
    - 58: 尺寸 246.0 x 181.0 x 77.0
    - 41: 尺寸 420.0 x 84.0 x 65.0
    - 32: 尺寸 98.0 x 66.0 x 75.0
  批次 3: 零件数=9, 占用率=77.53%
    - 59: 尺寸 229.0 x 159.0 x 122.0
    - 60: 尺寸 363.0 x 170.0 x 19.0
    - 86: 尺寸 349.0 x 205.0 x 127.0
    - 99: 尺寸 203.0 x 390.0 x 186.0
    - 29: 尺寸 137.0 x 302.0 x 33.0
    - 56: 尺寸 312.0 x 305.0 x 32.0
    - 89: 尺寸 233.0 x 185.0 x 23.0
    - 98: 尺寸 134.0 x 197.0 x 63.0
    - 10: 尺寸 480.0 x 155.0 x 175.0
  批次 4: 零件数=1, 占用率=34.89%
    - 96: 尺寸 711.0 x 335.0 x 59.0

打印机 3 (尺寸: 941.0 x 424.0 x 663.0):
--------------------------------------------------------------------------------
  批次 1: 零件数=13, 占用率=85.72%
    - 93: 尺寸 291.0 x 139.0 x 38.0
    - 66: 尺寸 438.0 x 139.0 x 124.0
    - 20: 尺寸 89.0 x 142.0 x 104.0
    - 50: 尺寸 123.0 x 185.0 x 171.0
    - 12: 尺寸 132.0 x 99.0 x 97.0
    - 7: 尺寸 105.0 x 98.0 x 89.0
    - 72: 尺寸 426.0 x 214.0 x 34.0
    - 91: 尺寸 133.0 x 179.0 x 39.0
    - 62: 尺寸 133.0 x 188.0 x 95.0
    - 81: 尺寸 93.0 x 134.0 x 170.0
    - 52: 尺寸 59.0 x 170.0 x 100.0
    - 94: 尺寸 78.0 x 86.0 x 15.0
    - 19: 尺寸 220.0 x 58.0 x 76.0
  批次 2: 零件数=2, 占用率=58.52%
    - 43: 尺寸 713.0 x 239.0 x 46.0
    - 16: 尺寸 441.0 x 143.0 x 42.0
  批次 3: 零件数=2, 占用率=54.44%
    - 17: 尺寸 668.0 x 227.0 x 36.0
    - 61: 尺寸 533.0 x 123.0 x 54.0

打印机 4 (尺寸: 1081.0 x 523.0 x 615.0):
--------------------------------------------------------------------------------
  批次 1: 零件数=15, 占用率=84.21%
    - 92: 尺寸 440.0 x 247.0 x 168.0
    - 34: 尺寸 206.0 x 118.0 x 193.0
    - 22: 尺寸 69.0 x 106.0 x 68.0
    - 31: 尺寸 355.0 x 260.0 x 20.0
    - 95: 尺寸 55.0 x 202.0 x 55.0
    - 48: 尺寸 205.0 x 200.0 x 83.0
    - 44: 尺寸 79.0 x 103.0 x 14.0
    - 0: 尺寸 268.0 x 250.0 x 27.0
    - 9: 尺寸 101.0 x 149.0 x 45.0
    - 67: 尺寸 121.0 x 144.0 x 191.0
    - 76: 尺寸 165.0 x 168.0 x 18.0
    - 47: 尺寸 51.0 x 178.0 x 176.0
    - 21: 尺寸 53.0 x 109.0 x 36.0
    - 51: 尺寸 173.0 x 135.0 x 83.0
    - 8: 尺寸 155.0 x 115.0 x 87.0
  批次 2: 零件数=5, 占用率=80.40%
    - 87: 尺寸 690.0 x 134.0 x 26.0
    - 46: 尺寸 389.0 x 123.0 x 52.0
    - 45: 尺寸 266.0 x 241.0 x 26.0
    - 54: 尺寸 529.0 x 120.0 x 52.0
    - 71: 尺寸 699.0 x 267.0 x 29.0

打印机 5 (尺寸: 1118.0 x 504.0 x 631.0):
--------------------------------------------------------------------------------
  批次 1: 零件数=14, 占用率=89.14%
    - 83: 尺寸 441.0 x 153.0 x 197.0
    - 36: 尺寸 468.0 x 164.0 x 153.0
    - 82: 尺寸 191.0 x 198.0 x 181.0
    - 64: 尺寸 441.0 x 333.0 x 52.0
    - 18: 尺寸 207.0 x 134.0 x 86.0
    - 73: 尺寸 177.0 x 159.0 x 112.0
    - 55: 尺寸 93.0 x 72.0 x 88.0
    - 24: 尺寸 187.0 x 173.0 x 33.0
    - 35: 尺寸 106.0 x 96.0 x 48.0
    - 5: 尺寸 187.0 x 63.0 x 153.0
    - 38: 尺寸 144.0 x 118.0 x 155.0
    - 57: 尺寸 139.0 x 114.0 x 92.0
    - 28: 尺寸 148.0 x 108.0 x 40.0
    - 69: 尺寸 101.0 x 76.0 x 43.0
  批次 2: 零件数=3, 占用率=50.15%
    - 77: 尺寸 509.0 x 204.0 x 43.0
    - 79: 尺寸 382.0 x 155.0 x 83.0
    - 49: 尺寸 720.0 x 166.0 x 70.0

════════════════════════════════════════════════════════════════
