迭代次数,Cmax
1,305499.9000
2,305499.9000
3,305499.9000
4,283006.0000
5,283006.0000
6,283006.0000
7,283006.0000
8,283006.0000
9,283006.0000
10,283006.0000
11,279339.6000
12,279339.6000
13,279339.6000
14,279339.6000
15,279339.6000
16,279339.6000
17,275926.0000
18,275926.0000
19,275926.0000
20,275926.0000
21,275926.0000
22,275926.0000
23,275926.0000
24,275926.0000
25,275926.0000
26,275926.0000
27,275926.0000
28,273413.4000
29,273413.4000
30,273413.4000
31,273413.4000
32,273413.4000
33,273413.4000
34,273413.4000
35,273413.4000
36,273413.4000
37,273413.4000
38,273413.4000
39,273413.4000
40,273413.4000
41,273413.4000
42,273413.4000
43,273413.4000
44,273413.4000
45,273413.4000
46,273413.4000
47,273413.4000
48,273413.4000
49,273413.4000
50,273413.4000
51,273413.4000
52,273413.4000
53,273413.4000
54,273413.4000
55,273413.4000
56,273413.4000
57,273413.4000
58,273413.4000
59,273413.4000
60,273413.4000
61,273413.4000
62,273413.4000
63,273413.4000
64,273413.4000
65,273413.4000
66,273413.4000
67,273413.4000
68,273413.4000
69,273413.4000
70,273413.4000
71,273413.4000
72,273413.4000
73,273413.4000
74,273413.4000
75,273413.4000
76,273413.4000
77,273413.4000
78,273413.4000
79,273413.4000
80,273413.4000
81,273413.4000
82,273413.4000
83,273413.4000
84,273413.4000
85,273413.4000
86,273413.4000
87,273413.4000
88,273413.4000
89,273413.4000
90,273413.4000
91,273413.4000
92,273413.4000
93,273413.4000
94,273413.4000
95,273413.4000
96,273413.4000
97,273413.4000
98,273413.4000
99,273413.4000
100,273413.4000
101,273413.4000
102,273413.4000
103,273413.4000
104,273413.4000
105,273413.4000
106,273413.4000
107,273413.4000
108,273413.4000
109,273413.4000
110,273413.4000
111,273413.4000
112,273413.4000
113,273413.4000
114,273413.4000
115,273413.4000
116,273413.4000
117,273413.4000
118,273413.4000
119,273413.4000
120,273413.4000
121,273413.4000
122,273413.4000
123,273413.4000
124,273413.4000
125,273413.4000
126,273413.4000
127,273413.4000
128,273413.4000
129,273413.4000
130,273413.4000
131,273413.4000
132,273413.4000
133,273413.4000
134,273413.4000
135,273413.4000
136,273413.4000
137,273413.4000
138,273413.4000
139,273413.4000
140,273413.4000
141,273413.4000
142,273413.4000
143,273413.4000
144,273413.4000
145,273413.4000
146,273413.4000
147,273413.4000
148,273413.4000
149,273413.4000
150,273413.4000
151,273413.4000
152,273413.4000
153,273413.4000
154,273413.4000
155,273413.4000
156,273413.4000
157,273413.4000
158,273413.4000
159,273413.4000
160,273413.4000
161,273413.4000
162,273413.4000
163,273413.4000
164,273413.4000
165,273413.4000
166,273413.4000
167,273413.4000
168,273413.4000
169,273413.4000
170,273413.4000
171,273413.4000
172,273413.4000
173,273413.4000
174,273413.4000
175,273413.4000
176,273413.4000
177,273413.4000
178,273413.4000
179,273413.4000
180,273413.4000
181,273413.4000
182,273413.4000
183,273413.4000
184,273413.4000
185,273413.4000
186,273413.4000
187,273413.4000
188,273413.4000
189,273413.4000
190,273413.4000
191,273413.4000
192,273413.4000
193,273413.4000
194,273413.4000
195,273413.4000
196,273413.4000
197,273413.4000
198,273413.4000
199,273413.4000
200,273413.4000
201,273413.4000
202,273413.4000
203,273413.4000
204,273413.4000
205,273413.4000
206,273413.4000
207,273413.4000
208,273413.4000
209,273413.4000
210,273413.4000
211,273413.4000
212,273413.4000
213,273413.4000
214,273413.4000
215,273413.4000
216,273413.4000
217,273413.4000
218,273413.4000
219,273413.4000
220,273413.4000
221,273413.4000
222,273413.4000
223,273413.4000
224,273413.4000
225,273413.4000
226,273413.4000
227,273413.4000
228,273413.4000
229,273413.4000
230,273413.4000
231,273413.4000
232,273413.4000
233,273413.4000
234,273413.4000
235,273413.4000
236,273413.4000
237,273413.4000
238,273413.4000
239,273413.4000
240,273413.4000
241,273413.4000
242,273413.4000
243,273413.4000
244,273413.4000
245,273413.4000
246,273413.4000
247,273413.4000
248,273413.4000
249,273413.4000
250,273413.4000
251,273413.4000
252,273413.4000
253,273413.4000
254,273413.4000
255,273413.4000
256,273413.4000
257,273413.4000
258,273413.4000
259,273413.4000
260,273413.4000
261,273413.4000
262,273413.4000
263,273413.4000
264,273413.4000
265,273413.4000
266,273413.4000
267,273413.4000
268,273413.4000
269,273413.4000
270,273413.4000
271,273413.4000
272,273413.4000
273,273413.4000
274,273413.4000
275,273413.4000
276,273413.4000
277,273413.4000
278,273413.4000
279,273413.4000
280,273413.4000
281,273413.4000
282,273413.4000
283,273413.4000
284,273413.4000
285,273413.4000
286,273413.4000
287,273413.4000
288,273413.4000
289,273413.4000
290,273413.4000
291,273413.4000
292,273413.4000
293,273413.4000
294,273413.4000
295,273413.4000
296,273413.4000
297,273413.4000
298,273413.4000
299,273413.4000
300,273413.4000
301,273413.4000
302,273413.4000
303,273413.4000
304,273413.4000
305,273413.4000
306,273413.4000
307,273413.4000
308,273413.4000
309,273413.4000
310,273413.4000
311,273413.4000
312,273413.4000
313,273413.4000
314,273413.4000
315,273413.4000
316,273413.4000
317,273413.4000
318,273413.4000
319,273413.4000
320,273413.4000
321,273413.4000
322,273413.4000
323,273413.4000
324,273413.4000
325,273413.4000
326,273413.4000
327,273413.4000
328,273413.4000
329,273413.4000
330,273413.4000
331,273413.4000
332,273413.4000
333,273413.4000
334,273413.4000
335,273413.4000
336,273413.4000
337,273413.4000
338,273413.4000
339,273413.4000
340,273413.4000
341,273413.4000
342,273413.4000
343,273413.4000
344,273413.4000
345,273413.4000
346,273413.4000
347,273413.4000
348,273413.4000
349,273413.4000
350,273413.4000
351,273413.4000
352,273413.4000
353,273413.4000
354,273413.4000
355,273330.0000
356,273330.0000
357,273330.0000
358,273330.0000
359,273330.0000
360,273330.0000
361,273330.0000
362,273330.0000
363,273330.0000
364,273330.0000
365,273330.0000
366,273330.0000
367,273330.0000
368,273330.0000
369,273330.0000
370,273330.0000
371,273330.0000
372,273330.0000
373,273330.0000
374,273330.0000
375,273330.0000
376,273330.0000
377,273330.0000
378,273330.0000
379,273330.0000
380,273330.0000
381,273330.0000
382,273330.0000
383,273330.0000
384,273330.0000
385,273330.0000
386,273330.0000
387,273114.6000
388,273114.6000
389,273114.6000
390,273114.6000
391,273114.6000
392,273114.6000
393,273114.6000
394,273114.6000
395,273114.6000
396,273114.6000
397,273114.6000
398,273114.6000
399,273114.6000
400,273114.6000
401,273114.6000
402,273114.6000
403,268433.4000
404,268433.4000
405,268433.4000
406,268433.4000
407,268433.4000
408,268433.4000
409,268433.4000
410,268433.4000
411,268433.4000
412,268433.4000
413,268433.4000
414,268433.4000
415,268433.4000
416,268433.4000
417,268433.4000
418,268433.4000
419,268433.4000
420,268433.4000
421,268433.4000
422,268433.4000
423,268433.4000
424,268433.4000
425,268433.4000
426,268433.4000
427,268249.0000
428,268249.0000
429,267777.0000
430,267777.0000
431,267777.0000
432,267777.0000
433,267777.0000
434,267777.0000
435,267777.0000
436,267777.0000
437,267777.0000
438,265653.0000
439,265653.0000
440,265653.0000
441,265653.0000
442,265653.0000
443,265653.0000
444,265653.0000
445,265653.0000
446,265653.0000
447,265653.0000
448,265653.0000
449,265653.0000
450,265653.0000
451,265653.0000
452,265653.0000
453,265653.0000
454,265653.0000
455,264945.0000
456,264945.0000
457,264945.0000
458,264945.0000
459,264945.0000
460,264945.0000
461,264945.0000
462,264945.0000
463,264945.0000
464,264945.0000
465,264945.0000
466,264945.0000
467,264945.0000
468,264945.0000
469,264945.0000
470,264945.0000
471,264945.0000
472,264945.0000
473,264945.0000
474,264945.0000
475,264945.0000
476,264945.0000
477,264945.0000
478,264945.0000
479,264945.0000
480,264945.0000
481,264945.0000
482,264945.0000
483,264945.0000
484,264945.0000
485,264945.0000
486,264945.0000
487,264945.0000
488,264945.0000
489,264945.0000
490,264945.0000
491,264945.0000
492,264945.0000
493,264945.0000
494,264945.0000
495,264945.0000
496,264945.0000
497,264945.0000
498,264945.0000
499,264945.0000
500,264945.0000
501,264945.0000
502,264945.0000
503,264945.0000
504,264945.0000
505,264945.0000
506,264945.0000
507,264945.0000
508,264945.0000
509,264945.0000
510,264945.0000
511,264709.0000
512,264709.0000
513,264709.0000
514,264709.0000
515,264709.0000
516,264709.0000
517,264709.0000
518,264709.0000
519,264709.0000
520,264709.0000
521,264709.0000
522,264709.0000
523,264709.0000
524,264709.0000
525,264709.0000
526,264709.0000
527,264709.0000
528,264709.0000
529,264709.0000
530,264709.0000
531,264709.0000
532,264709.0000
533,264709.0000
534,264709.0000
535,264709.0000
536,264709.0000
537,264709.0000
538,264709.0000
539,264709.0000
540,264709.0000
541,264709.0000
542,264709.0000
543,264709.0000
544,264709.0000
545,264709.0000
546,264709.0000
547,264709.0000
548,264709.0000
549,264709.0000
550,264709.0000
551,264709.0000
552,264709.0000
553,264709.0000
554,264709.0000
555,264709.0000
556,264709.0000
557,264709.0000
558,264709.0000
559,264709.0000
560,264709.0000
561,264709.0000
562,264709.0000
563,264709.0000
564,264709.0000
565,264709.0000
566,264709.0000
567,264709.0000
568,264709.0000
569,264709.0000
570,264709.0000
571,264709.0000
572,264709.0000
573,264709.0000
574,264709.0000
575,264709.0000
576,264709.0000
577,264709.0000
578,264709.0000
579,264709.0000
580,264709.0000
581,264709.0000
582,264709.0000
583,264709.0000
584,264709.0000
585,264709.0000
586,264709.0000
587,264709.0000
588,264709.0000
589,264709.0000
590,264709.0000
591,264709.0000
592,264709.0000
593,264709.0000
594,264709.0000
595,264709.0000
596,264709.0000
597,264709.0000
598,264709.0000
599,264709.0000
600,264709.0000
601,264709.0000
602,264709.0000
603,264709.0000
604,264709.0000
605,264709.0000
606,264709.0000
607,264709.0000
608,264709.0000
609,264709.0000
610,264709.0000
611,264709.0000
612,264709.0000
613,264709.0000
614,264709.0000
615,264709.0000
616,264709.0000
617,264709.0000
618,264709.0000
619,264709.0000
620,264709.0000
621,264709.0000
622,264709.0000
623,264709.0000
624,264709.0000
625,264709.0000
626,264709.0000
627,264709.0000
628,264709.0000
629,264709.0000
630,264709.0000
631,264709.0000
632,264709.0000
633,264709.0000
634,264709.0000
635,264709.0000
636,264709.0000
637,264709.0000
638,264709.0000
639,264709.0000
640,264709.0000
641,264709.0000
642,264709.0000
643,264709.0000
644,264709.0000
645,264709.0000
646,264709.0000
647,264709.0000
648,264709.0000
649,264709.0000
650,264709.0000
651,264709.0000
652,264709.0000
653,264709.0000
654,264709.0000
655,264709.0000
656,264709.0000
657,264709.0000
658,264709.0000
659,264709.0000
660,264709.0000
661,264709.0000
662,264709.0000
663,264709.0000
664,264709.0000
665,264709.0000
666,264709.0000
667,264709.0000
668,264709.0000
669,264709.0000
670,264709.0000
671,264709.0000
672,264709.0000
673,264709.0000
674,264709.0000
675,264709.0000
676,264709.0000
677,264709.0000
678,264709.0000
679,264709.0000
680,264709.0000
681,264709.0000
682,264709.0000
683,264709.0000
684,264709.0000
685,264709.0000
686,264709.0000
687,264709.0000
688,264709.0000
689,264709.0000
690,264709.0000
691,264709.0000
692,264709.0000
693,264709.0000
694,264709.0000
695,264709.0000
696,264709.0000
697,264709.0000
698,264709.0000
699,264709.0000
700,264709.0000
701,264709.0000
702,264709.0000
703,264709.0000
704,264709.0000
705,264709.0000
706,264709.0000
707,264709.0000
708,264709.0000
709,264709.0000
710,264709.0000
711,264709.0000
712,264709.0000
713,264709.0000
714,264709.0000
715,264709.0000
716,264709.0000
717,264709.0000
718,264709.0000
719,264709.0000
720,264709.0000
721,264709.0000
722,264709.0000
723,264709.0000
724,264709.0000
725,264709.0000
726,264709.0000
727,264709.0000
728,264709.0000
729,264709.0000
730,264709.0000
731,264709.0000
732,264709.0000
733,264709.0000
734,264709.0000
735,264709.0000
736,264709.0000
737,264709.0000
738,264709.0000
739,264709.0000
740,264709.0000
741,264709.0000
742,264709.0000
743,264709.0000
744,264709.0000
745,264709.0000
746,264709.0000
747,264709.0000
748,264709.0000
749,264709.0000
750,264709.0000
751,264709.0000
752,264709.0000
753,264709.0000
754,264709.0000
755,264709.0000
756,264709.0000
757,264709.0000
758,264709.0000
759,264709.0000
760,264709.0000
761,264709.0000
762,264709.0000
763,264709.0000
764,264709.0000
765,264709.0000
766,264709.0000
767,264709.0000
768,264709.0000
769,264709.0000
770,264709.0000
771,264709.0000
772,264709.0000
773,264709.0000
774,264709.0000
775,264709.0000
776,264709.0000
777,264709.0000
778,264709.0000
779,264709.0000
780,264709.0000
781,264709.0000
782,264709.0000
783,264709.0000
784,264709.0000
785,264709.0000
786,264709.0000
787,264709.0000
788,264709.0000
789,264709.0000
790,264709.0000
791,264709.0000
792,264709.0000
793,264709.0000
794,264709.0000
795,264709.0000
796,264709.0000
797,264709.0000
798,264709.0000
799,264709.0000
800,264709.0000
801,264709.0000
802,264709.0000
803,264709.0000
804,264709.0000
805,264709.0000
806,264709.0000
807,264709.0000
808,264709.0000
809,264709.0000
810,264709.0000
811,264709.0000
812,264709.0000
813,264709.0000
814,264709.0000
815,264709.0000
816,264709.0000
817,264709.0000
818,264709.0000
819,264709.0000
820,264709.0000
821,264709.0000
822,264709.0000
823,264709.0000
824,264709.0000
825,264709.0000
826,264709.0000
827,264709.0000
828,264709.0000
829,264709.0000
830,264709.0000
831,264709.0000
832,264709.0000
833,264709.0000
834,264709.0000
835,264709.0000
836,264709.0000
837,264709.0000
838,264709.0000
839,264709.0000
840,264709.0000
841,264709.0000
842,264709.0000
843,264709.0000
844,264709.0000
845,264709.0000
846,264709.0000
847,264709.0000
848,264709.0000
849,264709.0000
850,264709.0000
851,264709.0000
852,264709.0000
853,264709.0000
854,264709.0000
855,264709.0000
856,264709.0000
857,264709.0000
858,264709.0000
859,264709.0000
860,264709.0000
861,264709.0000
862,264709.0000
863,264709.0000
864,264709.0000
865,264709.0000
866,264709.0000
867,264709.0000
868,264709.0000
869,264709.0000
870,264709.0000
871,264709.0000
872,264709.0000
873,264709.0000
874,264709.0000
875,264709.0000
876,264709.0000
877,264709.0000
878,264709.0000
879,264709.0000
880,264709.0000
881,264709.0000
882,264709.0000
883,264709.0000
884,264709.0000
885,264709.0000
886,264709.0000
887,264709.0000
888,264709.0000
889,264709.0000
890,264709.0000
891,264709.0000
892,264709.0000
893,264709.0000
894,264709.0000
895,264709.0000
896,264709.0000
897,264709.0000
898,264709.0000
899,264709.0000
900,264709.0000
901,264709.0000
902,264709.0000
903,264709.0000
904,264709.0000
905,264709.0000
906,264709.0000
907,264709.0000
908,264709.0000
909,264709.0000
910,264709.0000
911,264709.0000
912,264709.0000
913,264709.0000
914,264709.0000
915,264709.0000
916,264709.0000
917,264709.0000
918,264709.0000
919,264709.0000
920,264709.0000
921,264709.0000
922,264709.0000
923,264709.0000
924,264709.0000
925,264709.0000
926,264709.0000
927,264709.0000
928,264709.0000
929,264709.0000
930,264709.0000
931,264709.0000
932,264709.0000
933,264709.0000
934,264709.0000
935,264709.0000
936,264709.0000
937,264709.0000
938,264709.0000
939,264709.0000
940,264709.0000
941,264709.0000
942,264709.0000
943,264709.0000
944,264709.0000
945,264709.0000
946,264709.0000
947,264709.0000
948,264709.0000
949,264709.0000
950,264709.0000
951,264709.0000
952,264709.0000
953,264709.0000
954,264709.0000
955,264709.0000
956,264709.0000
957,264709.0000
958,264709.0000
959,264709.0000
960,264709.0000
961,264709.0000
962,264709.0000
963,264709.0000
964,264709.0000
965,264709.0000
966,264709.0000
967,264709.0000
968,264709.0000
969,264709.0000
970,264709.0000
971,264709.0000
972,264709.0000
973,264709.0000
974,264709.0000
975,264709.0000
976,264709.0000
977,264709.0000
978,264709.0000
979,264709.0000
980,264709.0000
981,264709.0000
982,264709.0000
983,264709.0000
984,264709.0000
985,264709.0000
986,264709.0000
987,264709.0000
988,264709.0000
989,264709.0000
990,264709.0000
991,264709.0000
992,264709.0000
993,264709.0000
994,264709.0000
995,264709.0000
996,264709.0000
997,264709.0000
998,264709.0000
999,264709.0000
1000,264709.0000
1001,264709.0000
1002,264709.0000
1003,264709.0000
1004,264709.0000
1005,264709.0000
1006,264709.0000
1007,264709.0000
1008,264709.0000
1009,264709.0000
1010,264709.0000
1011,264709.0000
1012,264709.0000
1013,264709.0000
1014,264709.0000
1015,264709.0000
1016,264709.0000
1017,264709.0000
1018,264709.0000
1019,264709.0000
1020,264709.0000
1021,264709.0000
1022,264709.0000
1023,264709.0000
1024,264709.0000
1025,264709.0000
1026,264709.0000
1027,264709.0000
1028,264709.0000
1029,264709.0000
1030,264709.0000
1031,264709.0000
1032,264709.0000
1033,264709.0000
1034,264709.0000
1035,264709.0000
1036,264709.0000
1037,264709.0000
1038,264709.0000
1039,264709.0000
1040,264709.0000
1041,264709.0000
1042,264709.0000
1043,264709.0000
1044,264709.0000
1045,264709.0000
1046,264709.0000
1047,264709.0000
1048,264709.0000
1049,264709.0000
1050,264709.0000
1051,264709.0000
1052,264709.0000
1053,264709.0000
1054,264709.0000
1055,264709.0000
1056,264709.0000
1057,264709.0000
1058,264709.0000
1059,264709.0000
1060,264709.0000
1061,264709.0000
1062,264709.0000
1063,264709.0000
1064,264709.0000
1065,264709.0000
1066,264709.0000
1067,264709.0000
1068,264709.0000
1069,264709.0000
1070,264709.0000
1071,264709.0000
1072,264709.0000
1073,264709.0000
1074,264709.0000
1075,264709.0000
1076,264709.0000
1077,264709.0000
1078,264709.0000
1079,264709.0000
1080,264709.0000
1081,264709.0000
1082,264709.0000
1083,264709.0000
1084,264709.0000
1085,264709.0000
1086,264709.0000
1087,264709.0000
1088,264709.0000
1089,264709.0000
1090,264709.0000
1091,264709.0000
1092,264709.0000
1093,264709.0000
1094,264709.0000
1095,264709.0000
1096,264709.0000
1097,264709.0000
1098,264709.0000
1099,264709.0000
1100,264709.0000
1101,264709.0000
1102,264709.0000
1103,264709.0000
1104,264709.0000
1105,264709.0000
1106,264709.0000
1107,264709.0000
1108,264709.0000
1109,264709.0000
1110,264709.0000
1111,264709.0000
1112,264709.0000
1113,264709.0000
1114,264709.0000
1115,264709.0000
1116,264709.0000
1117,264709.0000
1118,264709.0000
1119,264709.0000
1120,264709.0000
1121,264709.0000
1122,264709.0000
1123,264709.0000
1124,264709.0000
1125,264709.0000
1126,264709.0000
1127,264709.0000
1128,264709.0000
1129,264709.0000
1130,264709.0000
1131,264709.0000
1132,264709.0000
1133,264709.0000
1134,264709.0000
1135,264709.0000
1136,264709.0000
1137,264709.0000
1138,264709.0000
1139,264709.0000
1140,264709.0000
1141,264709.0000
1142,264709.0000
1143,264709.0000
1144,264709.0000
1145,264709.0000
1146,264709.0000
1147,264709.0000
1148,264709.0000
1149,264709.0000
1150,264709.0000
1151,264709.0000
1152,264709.0000
1153,264709.0000
1154,264709.0000
1155,264709.0000
1156,264709.0000
1157,264709.0000
1158,264709.0000
1159,264709.0000
1160,264709.0000
1161,264709.0000
1162,264709.0000
1163,264709.0000
1164,264709.0000
1165,264709.0000
1166,264709.0000
1167,264709.0000
1168,264709.0000
1169,264709.0000
1170,264709.0000
1171,264709.0000
1172,264709.0000
1173,264709.0000
1174,264709.0000
1175,264709.0000
1176,264709.0000
1177,264709.0000
1178,264709.0000
1179,264709.0000
1180,264709.0000
1181,264709.0000
1182,264709.0000
1183,264709.0000
1184,264709.0000
1185,264709.0000
1186,264709.0000
1187,264709.0000
1188,264709.0000
1189,264709.0000
1190,264709.0000
1191,264709.0000
1192,264709.0000
1193,264709.0000
1194,264709.0000
1195,264709.0000
1196,264709.0000
1197,264709.0000
1198,264709.0000
1199,264709.0000
1200,264709.0000
1201,264709.0000
1202,264709.0000
1203,264709.0000
1204,264709.0000
1205,264709.0000
1206,264473.0000
1207,264473.0000
1208,264473.0000
1209,264473.0000
1210,264473.0000
1211,264473.0000
1212,264473.0000
1213,264473.0000
1214,264473.0000
1215,264473.0000
1216,264473.0000
1217,264473.0000
1218,264473.0000
1219,264473.0000
1220,264473.0000
1221,264473.0000
1222,264473.0000
1223,264473.0000
1224,264473.0000
1225,264473.0000
1226,264473.0000
1227,264473.0000
1228,264473.0000
1229,264473.0000
1230,264473.0000
1231,264473.0000
1232,264473.0000
1233,264473.0000
1234,264473.0000
1235,264473.0000
1236,264473.0000
1237,264473.0000
1238,264473.0000
1239,264473.0000
1240,264473.0000
1241,264473.0000
1242,264473.0000
1243,264473.0000
1244,264473.0000
1245,264473.0000
1246,264473.0000
1247,264473.0000
1248,264473.0000
1249,264473.0000
1250,264473.0000
1251,264473.0000
1252,264473.0000
1253,264473.0000
1254,264473.0000
1255,264473.0000
1256,264473.0000
1257,264473.0000
1258,264473.0000
1259,264473.0000
1260,264473.0000
1261,264473.0000
1262,264473.0000
1263,264473.0000
1264,264473.0000
1265,264473.0000
1266,264473.0000
1267,264473.0000
1268,264473.0000
1269,264473.0000
1270,264473.0000
1271,264473.0000
1272,264473.0000
1273,264473.0000
1274,264473.0000
1275,264473.0000
1276,264473.0000
1277,264473.0000
1278,264473.0000
1279,264473.0000
1280,264473.0000
1281,264473.0000
1282,264473.0000
1283,264473.0000
1284,264473.0000
1285,264473.0000
1286,264473.0000
1287,264473.0000
1288,264473.0000
1289,264473.0000
1290,264473.0000
1291,264473.0000
1292,264473.0000
1293,264473.0000
1294,264473.0000
1295,264473.0000
1296,264473.0000
1297,264473.0000
1298,264473.0000
1299,264473.0000
1300,264473.0000
1301,264473.0000
1302,264473.0000
1303,264473.0000
1304,264473.0000
1305,264473.0000
1306,264473.0000
1307,264473.0000
1308,264473.0000
1309,264473.0000
1310,264473.0000
1311,264473.0000
1312,264473.0000
1313,264473.0000
1314,264473.0000
1315,264473.0000
1316,264473.0000
1317,264473.0000
1318,264473.0000
1319,264473.0000
1320,264473.0000
1321,264473.0000
1322,264473.0000
1323,264473.0000
1324,264473.0000
1325,264473.0000
1326,264473.0000
1327,264473.0000
1328,264473.0000
1329,264473.0000
1330,264473.0000
1331,264473.0000
1332,264473.0000
1333,264473.0000
1334,264473.0000
1335,264473.0000
1336,264473.0000
1337,264473.0000
1338,264473.0000
1339,264473.0000
1340,264473.0000
1341,264473.0000
1342,264473.0000
1343,264473.0000
1344,264473.0000
1345,264473.0000
1346,264473.0000
1347,264473.0000
1348,264473.0000
1349,264473.0000
1350,264473.0000
1351,264473.0000
1352,264473.0000
1353,264473.0000
1354,264473.0000
1355,264473.0000
1356,264473.0000
1357,264473.0000
1358,264473.0000
1359,264473.0000
1360,264473.0000
1361,264473.0000
1362,264473.0000
1363,264473.0000
1364,264473.0000
1365,264473.0000
1366,264473.0000
1367,264473.0000
1368,264473.0000
1369,264473.0000
1370,264473.0000
1371,264473.0000
1372,264473.0000
1373,264473.0000
1374,264473.0000
1375,264473.0000
1376,264473.0000
1377,264473.0000
1378,264473.0000
1379,264473.0000
1380,264473.0000
1381,264473.0000
1382,264473.0000
1383,264473.0000
1384,264473.0000
1385,264473.0000
1386,264473.0000
1387,264473.0000
1388,264473.0000
1389,264473.0000
1390,264473.0000
1391,264473.0000
1392,264473.0000
1393,264473.0000
1394,264473.0000
1395,264473.0000
1396,264473.0000
1397,264473.0000
1398,264473.0000
1399,264473.0000
1400,264473.0000
1401,264473.0000
1402,264473.0000
1403,264473.0000
1404,264473.0000
1405,264473.0000
1406,264473.0000
1407,264473.0000
1408,264473.0000
1409,264473.0000
1410,264473.0000
1411,264473.0000
1412,264473.0000
1413,264473.0000
1414,264473.0000
1415,264473.0000
1416,264473.0000
1417,264473.0000
1418,264473.0000
1419,264473.0000
1420,264473.0000
1421,264473.0000
1422,264473.0000
1423,264473.0000
1424,264473.0000
1425,264473.0000
1426,264473.0000
1427,264473.0000
1428,264473.0000
1429,264473.0000
1430,264473.0000
1431,264473.0000
1432,264473.0000
1433,264473.0000
1434,264473.0000
1435,264473.0000
1436,264473.0000
1437,264473.0000
1438,264473.0000
1439,264473.0000
1440,264473.0000
1441,264473.0000
1442,264473.0000
1443,264473.0000
1444,264473.0000
1445,264473.0000
1446,264473.0000
1447,264473.0000
1448,264473.0000
1449,264473.0000
1450,264473.0000
1451,264473.0000
1452,264473.0000
1453,264473.0000
1454,264473.0000
1455,264473.0000
1456,264473.0000
1457,264473.0000
1458,264473.0000
1459,264473.0000
1460,264473.0000
1461,264473.0000
1462,264473.0000
1463,264473.0000
1464,264473.0000
1465,264473.0000
1466,264473.0000
1467,264473.0000
1468,264473.0000
1469,264473.0000
1470,264473.0000
1471,264473.0000
1472,264473.0000
1473,264473.0000
1474,264473.0000
1475,264473.0000
1476,264473.0000
1477,264473.0000
1478,264473.0000
1479,264473.0000
1480,264473.0000
1481,264473.0000
1482,264473.0000
1483,264473.0000
1484,264473.0000
1485,264473.0000
1486,264473.0000
1487,264473.0000
1488,264473.0000
1489,264473.0000
1490,264473.0000
1491,264473.0000
1492,264473.0000
1493,264473.0000
1494,264473.0000
1495,264473.0000
1496,264473.0000
1497,264473.0000
1498,264473.0000
1499,264473.0000
1500,264473.0000
1501,264473.0000
1502,264473.0000
1503,264473.0000
1504,264473.0000
1505,264473.0000
1506,264473.0000
1507,264473.0000
1508,264473.0000
1509,264473.0000
1510,264473.0000
1511,264473.0000
1512,264473.0000
1513,264473.0000
1514,264473.0000
1515,264473.0000
1516,264473.0000
1517,264473.0000
1518,264473.0000
1519,264473.0000
1520,264473.0000
1521,264473.0000
1522,264473.0000
1523,264473.0000
1524,264473.0000
1525,264473.0000
1526,264473.0000
1527,264473.0000
1528,264473.0000
1529,264473.0000
1530,264473.0000
1531,264473.0000
1532,264473.0000
1533,264473.0000
1534,264473.0000
1535,264473.0000
1536,264473.0000
1537,264473.0000
1538,264473.0000
1539,264473.0000
1540,264473.0000
1541,264473.0000
1542,264473.0000
1543,264473.0000
1544,264473.0000
1545,264473.0000
1546,264473.0000
1547,264473.0000
1548,264473.0000
1549,264473.0000
1550,264473.0000
1551,264473.0000
1552,264473.0000
1553,264473.0000
1554,264473.0000
1555,264473.0000
1556,264473.0000
1557,264473.0000
1558,264473.0000
1559,264473.0000
1560,264473.0000
1561,264473.0000
1562,264473.0000
1563,264473.0000
1564,264473.0000
1565,264473.0000
1566,264473.0000
1567,264473.0000
1568,264473.0000
1569,264473.0000
1570,264473.0000
1571,264473.0000
1572,264473.0000
1573,264473.0000
1574,264473.0000
1575,264473.0000
1576,264473.0000
1577,264473.0000
1578,264473.0000
1579,264473.0000
1580,264473.0000
1581,264473.0000
1582,264473.0000
1583,264473.0000
1584,264473.0000
1585,264473.0000
1586,264473.0000
1587,264473.0000
1588,264473.0000
1589,264473.0000
1590,264473.0000
1591,264473.0000
1592,264473.0000
1593,264473.0000
1594,264473.0000
1595,264473.0000
1596,264473.0000
1597,264473.0000
1598,264473.0000
1599,264473.0000
1600,264473.0000
1601,264473.0000
1602,264473.0000
1603,264473.0000
1604,264473.0000
1605,264473.0000
1606,264473.0000
1607,264473.0000
1608,264473.0000
1609,264473.0000
1610,264473.0000
1611,264473.0000
1612,264473.0000
1613,264473.0000
1614,264473.0000
1615,264473.0000
1616,264473.0000
1617,264473.0000
1618,264473.0000
1619,264473.0000
1620,264473.0000
1621,264473.0000
1622,264473.0000
1623,264473.0000
1624,264473.0000
1625,264473.0000
1626,264473.0000
1627,264473.0000
1628,264473.0000
1629,264473.0000
1630,264473.0000
1631,264473.0000
1632,264473.0000
1633,264473.0000
1634,264473.0000
1635,264473.0000
1636,264473.0000
1637,264473.0000
1638,264473.0000
1639,264473.0000
1640,264473.0000
1641,264473.0000
1642,264473.0000
1643,264473.0000
1644,264473.0000
1645,264473.0000
1646,264473.0000
1647,264473.0000
1648,264473.0000
1649,264473.0000
1650,264473.0000
1651,264473.0000
1652,264473.0000
1653,264473.0000
1654,264473.0000
1655,264473.0000
1656,264473.0000
1657,264473.0000
1658,264473.0000
1659,264473.0000
1660,264473.0000
1661,264473.0000
1662,264473.0000
1663,264473.0000
1664,264473.0000
1665,264473.0000
1666,264473.0000
1667,264473.0000
1668,264473.0000
1669,264473.0000
1670,264473.0000
1671,264473.0000
1672,264473.0000
1673,264473.0000
1674,264473.0000
1675,264473.0000
1676,264473.0000
1677,264473.0000
1678,264473.0000
1679,264473.0000
1680,264473.0000
1681,264473.0000
1682,264473.0000
1683,264473.0000
1684,264473.0000
1685,264473.0000
1686,264473.0000
1687,264473.0000
1688,264473.0000
1689,264473.0000
1690,264473.0000
1691,264473.0000
1692,264473.0000
1693,264473.0000
1694,264473.0000
1695,264473.0000
1696,264473.0000
1697,264473.0000
1698,264473.0000
1699,264473.0000
1700,264473.0000
1701,264473.0000
1702,264473.0000
1703,264473.0000
1704,264473.0000
1705,264473.0000
1706,264473.0000
1707,264473.0000
1708,264473.0000
1709,264473.0000
1710,264473.0000
1711,264473.0000
1712,264473.0000
1713,264473.0000
1714,264473.0000
1715,264473.0000
1716,264473.0000
1717,264473.0000
1718,264473.0000
1719,264473.0000
1720,264473.0000
1721,264473.0000
1722,264473.0000
1723,264473.0000
1724,264473.0000
1725,264473.0000
1726,264473.0000
1727,264473.0000
1728,264473.0000
1729,264473.0000
1730,264473.0000
1731,264473.0000
1732,264473.0000
1733,264473.0000
1734,264473.0000
1735,264473.0000
1736,264473.0000
1737,264473.0000
1738,264473.0000
1739,264473.0000
1740,264473.0000
1741,264473.0000
1742,264473.0000
1743,264473.0000
1744,264473.0000
1745,264473.0000
1746,264473.0000
1747,264473.0000
1748,264473.0000
1749,264473.0000
1750,264473.0000
1751,264473.0000
1752,264473.0000
1753,264473.0000
1754,264473.0000
1755,264473.0000
1756,264473.0000
1757,264473.0000
1758,264473.0000
1759,264473.0000
1760,264473.0000
1761,264473.0000
1762,264473.0000
1763,264473.0000
1764,264473.0000
1765,264473.0000
1766,264473.0000
1767,264473.0000
1768,264473.0000
1769,264473.0000
1770,264473.0000
1771,264473.0000
1772,264473.0000
1773,264473.0000
1774,264473.0000
1775,264473.0000
1776,264473.0000
1777,264473.0000
1778,264473.0000
1779,264473.0000
1780,264473.0000
1781,264473.0000
1782,264473.0000
1783,264473.0000
1784,264473.0000
1785,264473.0000
1786,264473.0000
1787,264473.0000
1788,264473.0000
1789,264473.0000
1790,264473.0000
1791,264473.0000
1792,264473.0000
1793,264473.0000
1794,264473.0000
1795,264473.0000
1796,264473.0000
1797,264473.0000
1798,264473.0000
1799,264473.0000
1800,264473.0000
1801,264473.0000
1802,264473.0000
1803,264473.0000
1804,264473.0000
1805,264473.0000
1806,264473.0000
1807,264473.0000
1808,264473.0000
1809,264473.0000
1810,264473.0000
1811,264473.0000
1812,264473.0000
1813,264473.0000
1814,264473.0000
1815,264473.0000
1816,264473.0000
1817,264473.0000
1818,264473.0000
1819,264473.0000
1820,264473.0000
1821,264473.0000
1822,264473.0000
1823,264473.0000
1824,264473.0000
1825,264473.0000
1826,264473.0000
1827,264473.0000
1828,264473.0000
1829,264473.0000
1830,264473.0000
1831,264473.0000
1832,264473.0000
1833,264473.0000
1834,264473.0000
1835,264473.0000
1836,264473.0000
1837,264473.0000
1838,264473.0000
1839,264473.0000
1840,264473.0000
1841,264473.0000
1842,264473.0000
1843,264473.0000
1844,264473.0000
1845,264473.0000
1846,264473.0000
1847,264473.0000
1848,264473.0000
1849,264473.0000
1850,264473.0000
1851,264473.0000
1852,264473.0000
1853,264473.0000
1854,264473.0000
1855,264473.0000
1856,264473.0000
1857,264473.0000
1858,264473.0000
1859,264473.0000
1860,264473.0000
1861,264473.0000
1862,264473.0000
1863,264473.0000
1864,264473.0000
1865,264473.0000
1866,264473.0000
1867,264473.0000
1868,264473.0000
1869,264473.0000
1870,264473.0000
1871,264473.0000
1872,264473.0000
1873,264473.0000
1874,264473.0000
1875,264473.0000
1876,264473.0000
1877,264473.0000
1878,264473.0000
1879,264473.0000
1880,264473.0000
1881,264473.0000
1882,264473.0000
1883,264473.0000
1884,264473.0000
1885,264473.0000
1886,264473.0000
1887,264473.0000
1888,264473.0000
1889,264473.0000
1890,264473.0000
1891,264473.0000
1892,264473.0000
1893,264473.0000
1894,264473.0000
1895,264473.0000
1896,264473.0000
1897,264473.0000
1898,264473.0000
1899,264473.0000
1900,264473.0000
1901,264473.0000
1902,264473.0000
1903,264473.0000
1904,264473.0000
1905,264473.0000
1906,264473.0000
1907,264473.0000
1908,264473.0000
1909,264473.0000
1910,264473.0000
1911,264473.0000
1912,264473.0000
1913,264473.0000
1914,264473.0000
1915,264473.0000
1916,264473.0000
1917,264473.0000
1918,264473.0000
1919,264473.0000
1920,264473.0000
1921,264473.0000
1922,264473.0000
1923,264473.0000
1924,264473.0000
1925,264473.0000
1926,264473.0000
1927,264473.0000
1928,264473.0000
1929,264473.0000
1930,264473.0000
1931,264473.0000
1932,264473.0000
1933,264473.0000
1934,264473.0000
1935,264473.0000
1936,264473.0000
1937,264473.0000
1938,264473.0000
1939,264473.0000
1940,264473.0000
1941,264473.0000
1942,264473.0000
1943,264473.0000
1944,264473.0000
1945,264473.0000
1946,264473.0000
1947,264473.0000
1948,264473.0000
1949,264473.0000
1950,264473.0000
1951,264473.0000
1952,264473.0000
1953,264473.0000
1954,264473.0000
1955,264473.0000
1956,264473.0000
1957,264473.0000
1958,264473.0000
1959,264473.0000
1960,264473.0000
1961,264473.0000
1962,264473.0000
1963,264473.0000
1964,264473.0000
1965,264473.0000
1966,264473.0000
1967,264473.0000
1968,264473.0000
1969,264473.0000
1970,264473.0000
1971,264473.0000
1972,264473.0000
1973,264473.0000
1974,264473.0000
1975,264473.0000
1976,264473.0000
1977,264473.0000
1978,264473.0000
1979,264473.0000
1980,264473.0000
1981,264473.0000
1982,264473.0000
1983,264473.0000
1984,264473.0000
1985,264473.0000
1986,264473.0000
1987,264473.0000
1988,264473.0000
1989,264473.0000
1990,264473.0000
1991,264473.0000
1992,264473.0000
1993,264473.0000
1994,264473.0000
1995,264473.0000
1996,264473.0000
1997,264473.0000
1998,264473.0000
1999,264473.0000
2000,264473.0000
2001,264473.0000
2002,264473.0000
2003,264473.0000
2004,264473.0000
2005,264473.0000
2006,264473.0000
2007,264473.0000
2008,264473.0000
2009,264473.0000
2010,264473.0000
2011,264473.0000
2012,264473.0000
2013,264473.0000
2014,264473.0000
2015,264473.0000
2016,264473.0000
2017,264473.0000
2018,264473.0000
2019,264473.0000
2020,264473.0000
2021,264473.0000
2022,264473.0000
2023,264473.0000
2024,264473.0000
2025,264473.0000
2026,264473.0000
2027,264473.0000
2028,264473.0000
2029,264473.0000
2030,264473.0000
2031,264473.0000
2032,264473.0000
2033,264473.0000
2034,264473.0000
2035,264473.0000
2036,264473.0000
2037,264473.0000
2038,264473.0000
2039,264473.0000
2040,264473.0000
2041,264473.0000
2042,264473.0000
2043,264473.0000
2044,264473.0000
2045,264473.0000
2046,264473.0000
2047,264473.0000
2048,264473.0000
2049,264473.0000
2050,264473.0000
2051,264473.0000
2052,264473.0000
2053,264473.0000
2054,264473.0000
2055,264473.0000
2056,264473.0000
2057,264473.0000
2058,264473.0000
2059,264473.0000
2060,264473.0000
2061,264473.0000
2062,264473.0000
2063,264473.0000
2064,264473.0000
2065,264473.0000
2066,264473.0000
2067,264473.0000
2068,264473.0000
2069,264473.0000
2070,264473.0000
2071,264473.0000
2072,264473.0000
2073,264473.0000
2074,264473.0000
2075,264473.0000
2076,264473.0000
2077,264473.0000
2078,264473.0000
2079,264473.0000
2080,264473.0000
2081,264473.0000
2082,264473.0000
2083,264473.0000
2084,264473.0000
2085,264473.0000
2086,264473.0000
2087,264473.0000
2088,264473.0000
2089,264473.0000
2090,264473.0000
2091,264473.0000
2092,264473.0000
2093,264473.0000
2094,264473.0000
2095,264473.0000
2096,264473.0000
2097,264473.0000
2098,264473.0000
2099,264473.0000
2100,264473.0000
2101,264473.0000
2102,264473.0000
2103,264473.0000
2104,264473.0000
2105,264473.0000
2106,264473.0000
2107,264473.0000
2108,264473.0000
2109,264473.0000
2110,264473.0000
2111,264473.0000
2112,264473.0000
2113,264473.0000
2114,264473.0000
2115,264473.0000
2116,264473.0000
2117,264473.0000
2118,264473.0000
2119,264473.0000
2120,264473.0000
2121,264473.0000
2122,264473.0000
2123,264473.0000
2124,264473.0000
2125,264473.0000
2126,264473.0000
2127,264473.0000
2128,264473.0000
2129,264473.0000
2130,264473.0000
2131,264473.0000
2132,264473.0000
2133,264473.0000
2134,264473.0000
2135,264473.0000
2136,264473.0000
2137,264473.0000
2138,264473.0000
2139,264473.0000
2140,264473.0000
2141,264473.0000
2142,264473.0000
2143,264473.0000
2144,264473.0000
2145,264473.0000
2146,264473.0000
2147,264473.0000
2148,264473.0000
2149,264473.0000
2150,264473.0000
2151,264473.0000
2152,264473.0000
2153,264473.0000
2154,264473.0000
2155,264473.0000
2156,264473.0000
2157,264473.0000
2158,264473.0000
2159,264473.0000
2160,264473.0000
2161,264473.0000
2162,264473.0000
2163,264473.0000
2164,264473.0000
2165,264473.0000
2166,264473.0000
2167,264473.0000
2168,264473.0000
2169,264473.0000
2170,264473.0000
2171,264473.0000
2172,264473.0000
2173,264473.0000
2174,264473.0000
2175,264473.0000
2176,264473.0000
2177,264473.0000
2178,264473.0000
2179,264473.0000
2180,264473.0000
2181,264473.0000
2182,264473.0000
2183,264473.0000
2184,264473.0000
2185,264473.0000
2186,264473.0000
2187,264473.0000
2188,264473.0000
2189,264473.0000
2190,264473.0000
2191,264473.0000
2192,264473.0000
2193,264473.0000
2194,264473.0000
2195,264473.0000
2196,264473.0000
2197,264473.0000
2198,264473.0000
2199,264473.0000
2200,264473.0000
2201,264473.0000
2202,264473.0000
2203,264473.0000
2204,264473.0000
2205,264473.0000
2206,264473.0000
2207,264473.0000
2208,264473.0000
2209,264473.0000
2210,264473.0000
2211,264473.0000
2212,264473.0000
2213,264473.0000
2214,264473.0000
2215,264473.0000
2216,264473.0000
2217,264473.0000
2218,264473.0000
2219,264473.0000
2220,264473.0000
2221,264473.0000
2222,264473.0000
2223,264473.0000
2224,264473.0000
2225,264473.0000
2226,264473.0000
2227,264473.0000
2228,264473.0000
2229,264473.0000
2230,264473.0000
2231,264473.0000
2232,264473.0000
2233,264473.0000
2234,264473.0000
2235,264473.0000
2236,264473.0000
2237,264473.0000
2238,264473.0000
2239,264473.0000
2240,264473.0000
2241,264473.0000
2242,264473.0000
2243,264473.0000
2244,264473.0000
2245,264473.0000
2246,264473.0000
2247,264473.0000
2248,264473.0000
2249,264473.0000
2250,264473.0000
2251,264473.0000
2252,264473.0000
2253,264473.0000
2254,264473.0000
2255,264473.0000
2256,264473.0000
2257,264473.0000
2258,264473.0000
2259,264473.0000
2260,264473.0000
2261,264473.0000
2262,264473.0000
2263,264473.0000
2264,264473.0000
2265,264473.0000
2266,264473.0000
2267,264473.0000
2268,264473.0000
2269,264473.0000
2270,264473.0000
2271,264473.0000
2272,264473.0000
2273,264473.0000
2274,264473.0000
2275,264473.0000
2276,264473.0000
2277,264473.0000
2278,264473.0000
2279,264473.0000
2280,264473.0000
2281,264473.0000
2282,264473.0000
2283,264473.0000
2284,264473.0000
2285,264473.0000
2286,264473.0000
2287,264473.0000
2288,264473.0000
2289,264473.0000
2290,264473.0000
2291,264473.0000
2292,264473.0000
2293,264473.0000
2294,264473.0000
2295,264473.0000
2296,264473.0000
2297,264473.0000
2298,264473.0000
2299,264473.0000
2300,264473.0000
2301,264473.0000
2302,264473.0000
2303,264473.0000
2304,264473.0000
2305,264473.0000
2306,264473.0000
2307,264473.0000
2308,264473.0000
2309,264473.0000
2310,264473.0000
2311,264473.0000
2312,264473.0000
2313,264473.0000
2314,264473.0000
2315,264473.0000
2316,264473.0000
2317,264473.0000
2318,264473.0000
2319,264473.0000
2320,264473.0000
2321,264473.0000
2322,264473.0000
2323,264473.0000
2324,264473.0000
2325,264473.0000
2326,264473.0000
2327,264473.0000
2328,264473.0000
2329,264473.0000
2330,264473.0000
2331,264473.0000
2332,264473.0000
2333,264473.0000
2334,264473.0000
2335,264473.0000
2336,264473.0000
2337,264473.0000
2338,264473.0000
2339,264473.0000
2340,264473.0000
2341,264473.0000
2342,264473.0000
2343,264473.0000
2344,264473.0000
2345,264473.0000
2346,264473.0000
2347,264473.0000
2348,264473.0000
2349,264473.0000
2350,264473.0000
2351,264473.0000
2352,264473.0000
2353,264473.0000
2354,264473.0000
2355,264473.0000
2356,264473.0000
2357,264473.0000
2358,264473.0000
2359,264473.0000
2360,264473.0000
2361,264473.0000
2362,264473.0000
2363,264473.0000
2364,264473.0000
2365,264473.0000
2366,264473.0000
2367,264473.0000
2368,264473.0000
2369,264473.0000
2370,264473.0000
2371,264473.0000
2372,264473.0000
2373,264473.0000
2374,264473.0000
2375,264473.0000
2376,264473.0000
2377,264473.0000
2378,264473.0000
2379,264473.0000
2380,264473.0000
2381,264473.0000
2382,264473.0000
2383,264473.0000
2384,264473.0000
2385,264473.0000
2386,264473.0000
2387,264473.0000
2388,264473.0000
2389,264473.0000
2390,264473.0000
2391,264473.0000
2392,264473.0000
2393,264473.0000
2394,264473.0000
2395,264473.0000
2396,264473.0000
2397,264473.0000
2398,264473.0000
2399,264473.0000
2400,264473.0000
2401,264473.0000
2402,264473.0000
2403,264473.0000
2404,264473.0000
2405,264473.0000
2406,264473.0000
2407,264473.0000
2408,264473.0000
2409,264473.0000
2410,264473.0000
2411,264473.0000
2412,264473.0000
2413,264473.0000
2414,264473.0000
2415,264473.0000
2416,264473.0000
2417,264473.0000
2418,264473.0000
2419,264473.0000
2420,264473.0000
2421,264473.0000
2422,264473.0000
2423,264473.0000
2424,264473.0000
2425,264473.0000
2426,264473.0000
2427,264473.0000
2428,264473.0000
2429,264473.0000
2430,264473.0000
2431,264473.0000
2432,264473.0000
2433,264473.0000
2434,264473.0000
2435,264473.0000
2436,264473.0000
2437,264473.0000
2438,264473.0000
2439,264473.0000
2440,264473.0000
2441,264473.0000
2442,264473.0000
2443,264473.0000
2444,264473.0000
2445,264473.0000
2446,264473.0000
2447,264473.0000
2448,264473.0000
2449,264473.0000
2450,264473.0000
2451,264473.0000
2452,264473.0000
2453,264473.0000
2454,264473.0000
2455,264473.0000
2456,264473.0000
2457,264473.0000
2458,264473.0000
2459,264473.0000
2460,264473.0000
2461,264473.0000
2462,264473.0000
2463,264473.0000
2464,264473.0000
2465,264473.0000
2466,264473.0000
2467,264473.0000
2468,264473.0000
2469,264473.0000
2470,264473.0000
2471,264473.0000
2472,264473.0000
2473,264473.0000
2474,264473.0000
2475,264473.0000
2476,264473.0000
2477,264473.0000
2478,264473.0000
2479,264473.0000
2480,264473.0000
2481,264473.0000
2482,264473.0000
2483,264473.0000
2484,264473.0000
2485,264473.0000
2486,264473.0000
2487,264473.0000
2488,264473.0000
2489,264473.0000
2490,264473.0000
2491,264473.0000
2492,264473.0000
2493,264473.0000
2494,264473.0000
2495,264473.0000
2496,264473.0000
2497,264473.0000
2498,264473.0000
2499,264473.0000
2500,264473.0000
2501,264473.0000
2502,264473.0000
2503,264473.0000
2504,264473.0000
2505,264473.0000
2506,264473.0000
2507,264473.0000
2508,264473.0000
2509,264473.0000
2510,264473.0000
2511,264473.0000
2512,264473.0000
2513,264473.0000
2514,264473.0000
2515,264473.0000
2516,264473.0000
2517,264473.0000
2518,264473.0000
2519,264473.0000
2520,264473.0000
2521,264473.0000
2522,264473.0000
2523,264473.0000
2524,264473.0000
2525,264473.0000
2526,264473.0000
2527,264473.0000
2528,264473.0000
2529,264473.0000
2530,264473.0000
2531,264473.0000
2532,264473.0000
2533,264473.0000
2534,264473.0000
2535,264473.0000
2536,264473.0000
2537,264473.0000
2538,264473.0000
2539,264473.0000
2540,264473.0000
2541,264473.0000
2542,264473.0000
2543,264473.0000
2544,264473.0000
2545,264473.0000
2546,264473.0000
2547,264473.0000
2548,264473.0000
2549,264473.0000
2550,264473.0000
2551,264473.0000
2552,264473.0000
2553,264473.0000
2554,264473.0000
2555,264473.0000
2556,264473.0000
2557,264473.0000
2558,264473.0000
2559,264473.0000
2560,264473.0000
2561,264473.0000
2562,264473.0000
2563,264473.0000
2564,264473.0000
2565,264473.0000
2566,264473.0000
2567,264473.0000
2568,264473.0000
2569,264473.0000
2570,264473.0000
2571,264473.0000
2572,264473.0000
2573,264473.0000
2574,264473.0000
2575,264473.0000
2576,264473.0000
2577,264473.0000
2578,264473.0000
2579,264473.0000
2580,264473.0000
2581,264473.0000
2582,264473.0000
2583,264473.0000
2584,264473.0000
2585,264473.0000
2586,264473.0000
2587,264473.0000
2588,264473.0000
2589,264473.0000
2590,264473.0000
2591,264473.0000
2592,264473.0000
2593,264473.0000
2594,264473.0000
2595,264473.0000
2596,264473.0000
2597,264473.0000
2598,264473.0000
2599,264473.0000
2600,264473.0000
2601,264473.0000
2602,264473.0000
2603,264473.0000
2604,264473.0000
2605,264473.0000
2606,264473.0000
2607,264473.0000
2608,264473.0000
2609,264473.0000
2610,264473.0000
2611,264473.0000
2612,264473.0000
2613,264473.0000
2614,264473.0000
2615,264473.0000
2616,264473.0000
2617,264473.0000
2618,264473.0000
2619,264473.0000
2620,264473.0000
2621,264473.0000
2622,264473.0000
2623,264473.0000
2624,264473.0000
2625,264473.0000
2626,264473.0000
2627,264473.0000
2628,264473.0000
2629,264473.0000
2630,264473.0000
2631,264473.0000
2632,264473.0000
2633,264473.0000
2634,264473.0000
2635,264473.0000
2636,264473.0000
2637,264473.0000
2638,264473.0000
2639,264473.0000
2640,264473.0000
2641,264473.0000
2642,264473.0000
2643,264473.0000
2644,264473.0000
2645,264473.0000
2646,264473.0000
2647,264473.0000
2648,264473.0000
2649,264473.0000
2650,264473.0000
2651,264473.0000
2652,264473.0000
2653,264473.0000
2654,264473.0000
2655,264473.0000
2656,264473.0000
2657,264473.0000
2658,264473.0000
2659,264473.0000
2660,264473.0000
2661,264473.0000
2662,264473.0000
2663,264473.0000
2664,264473.0000
2665,264473.0000
2666,264473.0000
2667,264473.0000
2668,264473.0000
2669,264473.0000
2670,264473.0000
2671,264473.0000
2672,264473.0000
2673,264473.0000
2674,264473.0000
2675,264473.0000
2676,264473.0000
2677,264473.0000
2678,264473.0000
2679,264473.0000
2680,264473.0000
2681,264473.0000
2682,264473.0000
2683,264473.0000
2684,264473.0000
2685,264473.0000
2686,264473.0000
2687,264473.0000
2688,264473.0000
2689,264473.0000
2690,264473.0000
2691,264473.0000
2692,264473.0000
2693,264473.0000
2694,264473.0000
2695,264473.0000
2696,264473.0000
2697,264473.0000
2698,264473.0000
2699,264473.0000
2700,264473.0000
2701,264473.0000
2702,264473.0000
2703,264473.0000
2704,264473.0000
2705,264473.0000
2706,264473.0000
2707,264473.0000
2708,264473.0000
2709,264473.0000
2710,264473.0000
2711,264473.0000
2712,264473.0000
2713,264473.0000
2714,264473.0000
2715,264473.0000
2716,264473.0000
2717,264473.0000
2718,264473.0000
2719,264473.0000
2720,264473.0000
2721,264473.0000
2722,264473.0000
2723,264473.0000
2724,264473.0000
2725,264473.0000
2726,264473.0000
2727,264473.0000
2728,264473.0000
2729,264473.0000
2730,264473.0000
2731,264473.0000
2732,264473.0000
2733,264473.0000
2734,264473.0000
2735,264473.0000
2736,264473.0000
2737,264473.0000
2738,264473.0000
2739,264473.0000
2740,264473.0000
2741,264473.0000
2742,264473.0000
2743,264473.0000
2744,264473.0000
2745,264473.0000
2746,264473.0000
2747,264473.0000
2748,264473.0000
2749,264473.0000
2750,264473.0000
2751,264473.0000
2752,264473.0000
2753,264473.0000
2754,264473.0000
2755,264473.0000
2756,264473.0000
2757,264473.0000
2758,264473.0000
2759,264473.0000
2760,264473.0000
2761,264473.0000
2762,264473.0000
2763,264473.0000
2764,264473.0000
2765,264473.0000
2766,264473.0000
2767,264473.0000
2768,264473.0000
2769,264473.0000
2770,264473.0000
2771,264473.0000
2772,264473.0000
2773,264473.0000
2774,264473.0000
2775,264473.0000
2776,264473.0000
2777,264473.0000
2778,264473.0000
2779,264473.0000
2780,264473.0000
2781,264473.0000
2782,264473.0000
2783,264473.0000
2784,264473.0000
2785,264473.0000
2786,264473.0000
2787,264473.0000
2788,264473.0000
2789,264473.0000
2790,264473.0000
2791,264473.0000
2792,264473.0000
2793,264473.0000
2794,264473.0000
2795,264473.0000
2796,264473.0000
2797,264473.0000
2798,264473.0000
2799,264473.0000
2800,264473.0000
2801,264473.0000
2802,264473.0000
2803,264473.0000
2804,264473.0000
2805,264473.0000
2806,264473.0000
2807,264473.0000
2808,264473.0000
2809,264473.0000
2810,264473.0000
2811,264473.0000
2812,264473.0000
2813,264473.0000
2814,264473.0000
2815,264473.0000
2816,264473.0000
2817,264473.0000
2818,264473.0000
2819,264473.0000
2820,264473.0000
2821,264473.0000
2822,264473.0000
2823,263453.4000
2824,263453.4000
2825,263453.4000
2826,263453.4000
2827,263453.4000
2828,263453.4000
2829,263453.4000
2830,263453.4000
2831,263453.4000
2832,263453.4000
2833,263453.4000
2834,263453.4000
2835,263453.4000
2836,263453.4000
2837,263453.4000
2838,263453.4000
2839,263453.4000
2840,263453.4000
2841,263453.4000
2842,263453.4000
2843,263453.4000
2844,263453.4000
2845,263453.4000
2846,263453.4000
2847,263453.4000
2848,263453.4000
2849,263453.4000
2850,263453.4000
2851,263453.4000
2852,263453.4000
2853,263453.4000
2854,263453.4000
2855,263453.4000
2856,263453.4000
2857,263453.4000
2858,263453.4000
2859,263453.4000
2860,263453.4000
2861,263453.4000
2862,263453.4000
2863,263453.4000
2864,263453.4000
2865,263453.4000
2866,263453.4000
2867,263453.4000
2868,263453.4000
2869,263453.4000
2870,263453.4000
2871,263453.4000
2872,263453.4000
2873,263453.4000
2874,263453.4000
2875,263453.4000
2876,263453.4000
2877,263453.4000
2878,263453.4000
2879,263453.4000
2880,263453.4000
2881,263453.4000
2882,263453.4000
2883,263453.4000
2884,263453.4000
2885,263453.4000
2886,263453.4000
2887,263453.4000
2888,263453.4000
2889,263453.4000
2890,263453.4000
2891,263453.4000
2892,263453.4000
2893,263453.4000
2894,263453.4000
2895,263453.4000
2896,263453.4000
2897,263453.4000
2898,263453.4000
2899,263453.4000
2900,263453.4000
2901,263453.4000
2902,263453.4000
2903,263453.4000
2904,263453.4000
2905,263453.4000
2906,263453.4000
2907,263453.4000
2908,263453.4000
2909,263453.4000
2910,263453.4000
2911,263453.4000
2912,263453.4000
2913,263453.4000
2914,263453.4000
2915,263453.4000
2916,263453.4000
2917,263453.4000
2918,263453.4000
2919,263453.4000
2920,263453.4000
2921,263453.4000
2922,263453.4000
2923,263453.4000
2924,263453.4000
2925,263453.4000
2926,263453.4000
2927,263453.4000
2928,263453.4000
2929,263453.4000
2930,263453.4000
2931,263453.4000
2932,263453.4000
2933,263453.4000
2934,263453.4000
2935,263453.4000
2936,263453.4000
2937,263453.4000
2938,263453.4000
2939,263453.4000
2940,263453.4000
2941,263453.4000
2942,263453.4000
2943,263453.4000
2944,263453.4000
2945,263453.4000
2946,263453.4000
2947,263453.4000
2948,263453.4000
2949,263453.4000
2950,263453.4000
2951,263453.4000
2952,263453.4000
2953,263453.4000
2954,263453.4000
2955,263453.4000
2956,263453.4000
2957,263453.4000
2958,263453.4000
2959,263453.4000
2960,263453.4000
2961,263453.4000
2962,263453.4000
2963,263453.4000
2964,263453.4000
2965,263453.4000
2966,263453.4000
2967,263453.4000
2968,263453.4000
2969,263453.4000
2970,263453.4000
2971,263453.4000
2972,263453.4000
2973,263453.4000
2974,263453.4000
2975,263453.4000
2976,263453.4000
2977,263453.4000
2978,263453.4000
2979,263453.4000
2980,263453.4000
2981,263453.4000
2982,263453.4000
2983,263453.4000
2984,263453.4000
2985,263453.4000
2986,263453.4000
2987,263453.4000
2988,263453.4000
2989,263453.4000
2990,263453.4000
2991,263453.4000
2992,263453.4000
2993,263453.4000
2994,263453.4000
2995,263453.4000
2996,263453.4000
2997,263453.4000
2998,263453.4000
2999,263453.4000
3000,263453.4000
3001,263453.4000
3002,263453.4000
3003,263453.4000
3004,263453.4000
3005,263453.4000
3006,263453.4000
3007,263453.4000
3008,263453.4000
3009,263453.4000
3010,263453.4000
3011,263453.4000
3012,263453.4000
3013,263453.4000
3014,263453.4000
3015,263453.4000
3016,263453.4000
3017,263453.4000
3018,263453.4000
3019,263453.4000
3020,263453.4000
3021,263453.4000
3022,263453.4000
3023,263453.4000
3024,263453.4000
3025,263453.4000
3026,263453.4000
3027,263453.4000
3028,263453.4000
3029,263453.4000
3030,263453.4000
3031,263453.4000
3032,263453.4000
3033,263453.4000
3034,263453.4000
3035,263453.4000
3036,263453.4000
3037,263453.4000
3038,263453.4000
3039,263453.4000
3040,263453.4000
3041,263453.4000
3042,263453.4000
3043,263453.4000
3044,263453.4000
3045,263453.4000
3046,263453.4000
3047,263453.4000
3048,263453.4000
3049,263453.4000
3050,263453.4000
3051,263453.4000
3052,263453.4000
3053,263453.4000
3054,263453.4000
3055,263453.4000
3056,263453.4000
3057,263453.4000
3058,263453.4000
3059,263453.4000
3060,263453.4000
3061,263453.4000
3062,263453.4000
3063,263453.4000
3064,263453.4000
3065,263453.4000
3066,263453.4000
3067,263453.4000
3068,263453.4000
3069,263453.4000
3070,263453.4000
3071,263453.4000
3072,263453.4000
3073,263453.4000
3074,263453.4000
3075,263453.4000
3076,263453.4000
3077,263453.4000
3078,263453.4000
3079,263453.4000
3080,263453.4000
3081,263453.4000
3082,263453.4000
3083,263453.4000
3084,263453.4000
3085,263453.4000
3086,263453.4000
3087,263453.4000
3088,263453.4000
3089,263453.4000
3090,263453.4000
3091,263453.4000
3092,263453.4000
3093,263453.4000
3094,263453.4000
3095,263453.4000
3096,263453.4000
3097,263453.4000
3098,263453.4000
3099,263453.4000
3100,263453.4000
3101,263453.4000
3102,263453.4000
3103,263453.4000
3104,263453.4000
3105,263453.4000
3106,263453.4000
3107,263453.4000
3108,263453.4000
3109,263453.4000
3110,263453.4000
3111,263453.4000
3112,263453.4000
3113,263453.4000
3114,263453.4000
3115,263453.4000
3116,263453.4000
3117,263453.4000
3118,263453.4000
3119,263453.4000
3120,263453.4000
3121,263453.4000
3122,263453.4000
3123,263453.4000
3124,263453.4000
3125,263453.4000
3126,263453.4000
3127,263453.4000
3128,263453.4000
3129,263453.4000
3130,263453.4000
3131,263453.4000
3132,263453.4000
3133,263453.4000
3134,263453.4000
3135,263453.4000
3136,263453.4000
3137,263453.4000
3138,263453.4000
3139,263453.4000
3140,263453.4000
3141,263453.4000
3142,263453.4000
3143,263453.4000
3144,263453.4000
3145,263453.4000
3146,263453.4000
3147,263453.4000
3148,263453.4000
3149,263453.4000
3150,263453.4000
3151,263453.4000
3152,263453.4000
3153,263453.4000
3154,263453.4000
3155,263453.4000
3156,263453.4000
3157,263453.4000
3158,263453.4000
3159,263453.4000
3160,263453.4000
3161,263453.4000
3162,263453.4000
3163,263453.4000
3164,263453.4000
3165,263453.4000
3166,263453.4000
3167,263453.4000
3168,263453.4000
3169,263453.4000
3170,263453.4000
3171,263453.4000
3172,263453.4000
3173,263453.4000
3174,263453.4000
3175,263453.4000
3176,263453.4000
3177,263453.4000
3178,263453.4000
3179,263453.4000
3180,263453.4000
3181,263453.4000
3182,263453.4000
3183,263453.4000
3184,263453.4000
3185,263453.4000
3186,263453.4000
3187,263453.4000
3188,263453.4000
3189,263453.4000
3190,263453.4000
3191,263453.4000
3192,263453.4000
3193,263453.4000
3194,263453.4000
3195,263453.4000
3196,263453.4000
3197,263453.4000
3198,263453.4000
3199,263453.4000
3200,263453.4000
3201,263453.4000
3202,263453.4000
3203,263453.4000
3204,263453.4000
3205,263453.4000
3206,263453.4000
3207,263453.4000
3208,263453.4000
3209,263453.4000
3210,263453.4000
3211,263453.4000
3212,263453.4000
3213,263453.4000
3214,263453.4000
3215,263453.4000
3216,263453.4000
3217,263453.4000
3218,263453.4000
3219,263453.4000
3220,263453.4000
3221,263453.4000
3222,263453.4000
3223,263453.4000
3224,263453.4000
3225,263453.4000
3226,263453.4000
3227,263453.4000
3228,263453.4000
3229,263453.4000
3230,263453.4000
3231,263453.4000
3232,263453.4000
3233,263453.4000
3234,263453.4000
3235,263453.4000
3236,263453.4000
3237,263453.4000
3238,263453.4000
3239,263453.4000
3240,263453.4000
3241,263453.4000
3242,263453.4000
3243,263453.4000
3244,263453.4000
3245,263453.4000
3246,263453.4000
3247,263453.4000
3248,263453.4000
3249,263453.4000
3250,263453.4000
3251,263453.4000
3252,263453.4000
3253,263453.4000
3254,263453.4000
3255,263453.4000
3256,263453.4000
3257,263453.4000
3258,263453.4000
3259,263453.4000
3260,263453.4000
3261,263453.4000
3262,263453.4000
3263,263453.4000
3264,263453.4000
3265,263453.4000
3266,263453.4000
3267,263453.4000
3268,263453.4000
3269,263453.4000
3270,263453.4000
3271,263453.4000
3272,263453.4000
3273,263453.4000
3274,263453.4000
3275,263453.4000
3276,263453.4000
3277,263453.4000
3278,263453.4000
3279,263453.4000
3280,263453.4000
3281,263453.4000
3282,263453.4000
3283,263453.4000
3284,263453.4000
3285,263453.4000
3286,263453.4000
3287,263453.4000
3288,263453.4000
3289,263453.4000
3290,263453.4000
3291,263453.4000
3292,263453.4000
3293,263453.4000
3294,263453.4000
3295,263453.4000
3296,263453.4000
3297,263453.4000
3298,263453.4000
3299,263453.4000
3300,263453.4000
3301,263453.4000
3302,263453.4000
3303,263453.4000
3304,263453.4000
3305,263453.4000
3306,263453.4000
3307,263453.4000
3308,263453.4000
3309,263453.4000
3310,263453.4000
3311,263453.4000
3312,263453.4000
3313,263453.4000
3314,263453.4000
3315,263453.4000
3316,263453.4000
3317,263453.4000
3318,263453.4000
3319,263453.4000
3320,263453.4000
3321,263453.4000
3322,263453.4000
3323,263453.4000
3324,263453.4000
3325,263453.4000
3326,263453.4000
3327,263453.4000
3328,263453.4000
3329,263453.4000
3330,263453.4000
3331,263453.4000
3332,263453.4000
3333,263453.4000
3334,263453.4000
3335,263453.4000
3336,263453.4000
3337,263453.4000
3338,263453.4000
3339,263453.4000
3340,263453.4000
3341,263453.4000
3342,263453.4000
3343,263453.4000
3344,263453.4000
3345,263453.4000
3346,263453.4000
3347,263453.4000
3348,263453.4000
3349,263453.4000
3350,263453.4000
3351,263453.4000
3352,263453.4000
3353,263453.4000
3354,263453.4000
3355,263453.4000
3356,263453.4000
3357,263453.4000
3358,263453.4000
3359,263453.4000
3360,263453.4000
3361,263453.4000
3362,263453.4000
3363,263453.4000
3364,263453.4000
3365,263453.4000
3366,263453.4000
3367,263453.4000
3368,263453.4000
3369,263453.4000
3370,263453.4000
3371,263453.4000
3372,263453.4000
3373,263453.4000
3374,263453.4000
3375,263453.4000
3376,263453.4000
3377,263453.4000
3378,263453.4000
3379,263453.4000
3380,263453.4000
3381,263453.4000
3382,263453.4000
3383,263453.4000
3384,263453.4000
3385,263453.4000
3386,263453.4000
3387,263453.4000
3388,263453.4000
3389,263453.4000
3390,263453.4000
3391,263453.4000
3392,263453.4000
3393,263453.4000
3394,263453.4000
3395,263453.4000
3396,263453.4000
3397,263453.4000
3398,263453.4000
3399,263453.4000
3400,263453.4000
3401,263453.4000
3402,263453.4000
3403,263453.4000
3404,263453.4000
3405,263453.4000
3406,263453.4000
3407,263453.4000
3408,263453.4000
3409,263453.4000
3410,263453.4000
3411,263453.4000
3412,263453.4000
3413,263453.4000
3414,263453.4000
3415,263453.4000
3416,263453.4000
3417,263453.4000
3418,263453.4000
3419,263453.4000
3420,263453.4000
3421,263453.4000
3422,263453.4000
3423,263453.4000
3424,263453.4000
3425,263453.4000
3426,263453.4000
3427,263453.4000
3428,263453.4000
3429,263453.4000
3430,263453.4000
3431,263453.4000
3432,263453.4000
3433,263453.4000
3434,263453.4000
3435,263453.4000
3436,263453.4000
3437,263453.4000
3438,263453.4000
3439,263453.4000
3440,263453.4000
3441,263453.4000
3442,263453.4000
3443,263453.4000
3444,263453.4000
3445,263453.4000
3446,263453.4000
3447,263453.4000
3448,263453.4000
3449,263453.4000
3450,263453.4000
3451,263453.4000
3452,263453.4000
3453,263453.4000
3454,263453.4000
3455,263453.4000
3456,263453.4000
3457,263453.4000
3458,263453.4000
3459,263453.4000
3460,263453.4000
3461,263453.4000
3462,263453.4000
3463,263453.4000
3464,263453.4000
3465,263453.4000
3466,263453.4000
3467,263453.4000
3468,263453.4000
3469,263453.4000
3470,263453.4000
3471,263453.4000
3472,263453.4000
3473,263453.4000
3474,263453.4000
3475,263453.4000
3476,263453.4000
3477,263453.4000
3478,263453.4000
3479,263453.4000
3480,263453.4000
3481,263453.4000
3482,263453.4000
3483,263453.4000
3484,263453.4000
3485,263453.4000
3486,263453.4000
3487,263453.4000
3488,263453.4000
3489,263453.4000
3490,263453.4000
3491,263453.4000
3492,263453.4000
3493,263453.4000
3494,263453.4000
3495,263453.4000
3496,263453.4000
3497,263453.4000
3498,263453.4000
3499,263453.4000
3500,263453.4000
3501,263453.4000
3502,263453.4000
3503,263453.4000
3504,263453.4000
3505,263453.4000
3506,263453.4000
3507,263453.4000
3508,263453.4000
3509,263453.4000
3510,263453.4000
3511,263453.4000
3512,263453.4000
3513,263453.4000
3514,263453.4000
3515,263453.4000
3516,263453.4000
3517,263453.4000
3518,263453.4000
3519,263453.4000
3520,263453.4000
3521,263453.4000
3522,263453.4000
3523,263453.4000
3524,263453.4000
3525,263453.4000
3526,263453.4000
3527,263453.4000
3528,263453.4000
3529,263453.4000
3530,263453.4000
3531,263453.4000
3532,263453.4000
3533,263453.4000
3534,263453.4000
3535,263453.4000
3536,263453.4000
3537,263453.4000
3538,263453.4000
3539,263453.4000
3540,263453.4000
3541,263453.4000
3542,263453.4000
3543,263453.4000
3544,263453.4000
3545,263453.4000
3546,263453.4000
3547,263453.4000
3548,263453.4000
3549,263453.4000
3550,263453.4000
3551,263453.4000
3552,263453.4000
3553,263453.4000
3554,263453.4000
3555,263453.4000
3556,263453.4000
3557,263453.4000
3558,263453.4000
3559,263453.4000
3560,263453.4000
3561,263453.4000
3562,263453.4000
3563,263453.4000
3564,263453.4000
3565,263453.4000
3566,263453.4000
3567,263453.4000
3568,263453.4000
3569,263453.4000
3570,263453.4000
3571,263453.4000
3572,263453.4000
3573,263453.4000
3574,263453.4000
3575,263453.4000
3576,263453.4000
3577,263453.4000
3578,263453.4000
3579,263453.4000
3580,263453.4000
3581,263453.4000
3582,263453.4000
3583,263453.4000
3584,263453.4000
3585,263453.4000
3586,263453.4000
3587,263453.4000
3588,263453.4000
3589,263453.4000
3590,263453.4000
3591,263453.4000
3592,263453.4000
3593,263453.4000
3594,263453.4000
3595,263453.4000
3596,263453.4000
3597,263453.4000
3598,263453.4000
3599,263453.4000
3600,263453.4000
3601,263453.4000
3602,263453.4000
3603,263453.4000
3604,263453.4000
3605,263453.4000
3606,263453.4000
3607,263453.4000
3608,263453.4000
3609,263453.4000
3610,263453.4000
3611,263453.4000
3612,263453.4000
3613,263453.4000
3614,263453.4000
3615,263453.4000
3616,263453.4000
3617,263453.4000
3618,263453.4000
3619,263453.4000
3620,263453.4000
3621,263453.4000
3622,263453.4000
3623,263453.4000
3624,263453.4000
3625,263453.4000
3626,263453.4000
3627,263453.4000
3628,263453.4000
3629,263453.4000
3630,263453.4000
3631,263453.4000
3632,263453.4000
3633,263453.4000
3634,263453.4000
3635,263453.4000
3636,263453.4000
3637,263453.4000
3638,263453.4000
3639,263453.4000
3640,263453.4000
3641,263453.4000
3642,263453.4000
3643,263453.4000
3644,263453.4000
3645,263453.4000
3646,263453.4000
3647,263453.4000
3648,263453.4000
3649,263453.4000
3650,263453.4000
3651,263453.4000
3652,263453.4000
3653,263453.4000
3654,263453.4000
3655,263453.4000
3656,263453.4000
3657,263453.4000
3658,263453.4000
3659,263453.4000
3660,263453.4000
3661,263453.4000
3662,263453.4000
3663,263453.4000
3664,263453.4000
3665,263453.4000
3666,263453.4000
3667,263453.4000
3668,263453.4000
3669,263453.4000
3670,263453.4000
3671,263453.4000
3672,263453.4000
3673,263453.4000
3674,263453.4000
3675,263453.4000
3676,263453.4000
3677,263453.4000
3678,263453.4000
3679,263453.4000
3680,263453.4000
3681,263453.4000
3682,263453.4000
3683,263453.4000
3684,263453.4000
3685,263453.4000
3686,263453.4000
3687,263453.4000
3688,263453.4000
3689,263453.4000
3690,263453.4000
3691,263453.4000
3692,263453.4000
3693,263453.4000
3694,263453.4000
3695,263453.4000
3696,263453.4000
3697,263453.4000
3698,263453.4000
3699,263453.4000
3700,263453.4000
3701,263453.4000
3702,263453.4000
3703,263453.4000
3704,263453.4000
3705,263453.4000
3706,263453.4000
3707,263453.4000
3708,263453.4000
3709,263453.4000
3710,263453.4000
3711,263453.4000
3712,263453.4000
3713,263453.4000
3714,263453.4000
3715,263453.4000
3716,263453.4000
3717,263453.4000
3718,263453.4000
3719,263453.4000
3720,263453.4000
3721,263453.4000
3722,263453.4000
3723,263453.4000
3724,263453.4000
3725,263453.4000
3726,263453.4000
3727,263453.4000
3728,263453.4000
3729,263453.4000
3730,263453.4000
3731,263453.4000
3732,263453.4000
3733,263453.4000
3734,263453.4000
3735,263453.4000
3736,263453.4000
3737,263453.4000
3738,263453.4000
3739,263453.4000
3740,263453.4000
3741,263453.4000
3742,263453.4000
3743,263453.4000
3744,263453.4000
3745,263453.4000
3746,263453.4000
3747,263453.4000
3748,263453.4000
3749,263453.4000
3750,263453.4000
3751,263453.4000
3752,263453.4000
3753,263453.4000
3754,263453.4000
3755,263453.4000
3756,263453.4000
3757,263453.4000
3758,263453.4000
3759,263453.4000
3760,263453.4000
3761,263453.4000
3762,263453.4000
3763,263453.4000
3764,263453.4000
3765,263453.4000
3766,263453.4000
3767,263453.4000
3768,263453.4000
3769,263453.4000
3770,263453.4000
3771,263453.4000
3772,263453.4000
3773,263453.4000
3774,263453.4000
3775,263453.4000
3776,263453.4000
3777,263453.4000
3778,263453.4000
3779,263453.4000
3780,263453.4000
3781,263453.4000
3782,263453.4000
3783,263453.4000
3784,263453.4000
3785,263453.4000
3786,263453.4000
3787,263453.4000
3788,263453.4000
3789,263453.4000
3790,263453.4000
3791,263453.4000
3792,263453.4000
3793,263453.4000
3794,263453.4000
3795,263453.4000
3796,263453.4000
3797,263453.4000
3798,263453.4000
3799,263453.4000
3800,263453.4000
3801,263453.4000
3802,263453.4000
3803,263453.4000
3804,263453.4000
3805,263453.4000
3806,263453.4000
3807,263453.4000
3808,263453.4000
3809,263453.4000
3810,263453.4000
3811,263453.4000
3812,263453.4000
3813,263453.4000
3814,263453.4000
3815,263453.4000
3816,263453.4000
3817,263453.4000
3818,263453.4000
3819,263453.4000
3820,263453.4000
3821,263453.4000
3822,263453.4000
3823,263453.4000
3824,263453.4000
3825,263453.4000
3826,263453.4000
3827,263453.4000
3828,263453.4000
3829,263453.4000
3830,263453.4000
3831,263453.4000
3832,263453.4000
3833,263453.4000
3834,263453.4000
3835,263453.4000
3836,263453.4000
3837,263453.4000
3838,263453.4000
3839,263453.4000
3840,263453.4000
3841,263453.4000
3842,263453.4000
3843,263453.4000
3844,263453.4000
3845,263453.4000
3846,263453.4000
3847,263453.4000
3848,263453.4000
3849,263453.4000
3850,263453.4000
3851,263453.4000
3852,263453.4000
3853,263453.4000
3854,263453.4000
3855,263453.4000
3856,263453.4000
3857,263453.4000
3858,263453.4000
3859,263453.4000
3860,263453.4000
3861,263453.4000
3862,263453.4000
3863,263453.4000
3864,263453.4000
3865,263453.4000
3866,263453.4000
3867,263453.4000
3868,263453.4000
3869,263453.4000
3870,263453.4000
3871,263453.4000
3872,263453.4000
3873,263453.4000
3874,263453.4000
3875,263453.4000
3876,263453.4000
3877,263453.4000
3878,263453.4000
3879,263453.4000
3880,263453.4000
3881,263453.4000
3882,263453.4000
3883,263453.4000
3884,263453.4000
3885,263453.4000
3886,263453.4000
3887,263453.4000
3888,263453.4000
3889,263453.4000
3890,263453.4000
3891,263453.4000
3892,263453.4000
3893,263453.4000
3894,263453.4000
3895,263453.4000
3896,263453.4000
3897,263453.4000
3898,263453.4000
3899,263453.4000
3900,263453.4000
3901,263453.4000
3902,263453.4000
3903,263453.4000
3904,263453.4000
3905,263453.4000
3906,263453.4000
3907,263453.4000
3908,263453.4000
3909,263453.4000
3910,263453.4000
3911,263453.4000
3912,263453.4000
3913,263453.4000
3914,263453.4000
3915,263453.4000
3916,263453.4000
3917,263453.4000
3918,263453.4000
3919,263453.4000
3920,263453.4000
3921,263453.4000
3922,263453.4000
3923,263453.4000
3924,263453.4000
3925,263453.4000
3926,263453.4000
3927,263453.4000
3928,263453.4000
3929,263453.4000
3930,263453.4000
3931,263453.4000
3932,263453.4000
3933,263453.4000
3934,263453.4000
3935,263453.4000
3936,263453.4000
3937,263453.4000
3938,263453.4000
3939,263453.4000
3940,263453.4000
3941,263453.4000
3942,263453.4000
3943,263453.4000
3944,263453.4000
3945,263453.4000
3946,263453.4000
3947,263453.4000
3948,263453.4000
3949,263453.4000
3950,263453.4000
3951,263453.4000
3952,263453.4000
3953,263453.4000
3954,263453.4000
3955,263453.4000
3956,263453.4000
3957,263453.4000
3958,263453.4000
3959,263453.4000
3960,263453.4000
3961,263453.4000
3962,263453.4000
3963,263453.4000
3964,263453.4000
3965,263453.4000
3966,263453.4000
3967,263453.4000
3968,263453.4000
3969,263453.4000
3970,263453.4000
3971,263453.4000
3972,263453.4000
3973,263453.4000
3974,263453.4000
3975,263453.4000
3976,263453.4000
3977,263453.4000
3978,263453.4000
3979,263453.4000
3980,263453.4000
3981,263453.4000
3982,263453.4000
3983,263453.4000
3984,263453.4000
3985,263453.4000
3986,263453.4000
3987,263453.4000
3988,263453.4000
3989,263453.4000
3990,263453.4000
3991,263453.4000
3992,263453.4000
3993,263453.4000
3994,263453.4000
3995,263453.4000
3996,263453.4000
3997,263453.4000
3998,263453.4000
3999,263453.4000
4000,263453.4000
4001,263453.4000
4002,263453.4000
4003,263453.4000
4004,263453.4000
4005,263453.4000
4006,263453.4000
4007,263453.4000
4008,263453.4000
4009,263453.4000
4010,263453.4000
4011,263453.4000
4012,263453.4000
4013,263453.4000
4014,263453.4000
4015,263453.4000
4016,263453.4000
4017,263453.4000
4018,263453.4000
4019,263453.4000
4020,263453.4000
4021,263453.4000
4022,263453.4000
4023,263453.4000
4024,263453.4000
4025,263453.4000
4026,263453.4000
4027,263453.4000
4028,263453.4000
4029,263453.4000
4030,263453.4000
4031,263453.4000
4032,263453.4000
4033,263453.4000
4034,263453.4000
4035,263453.4000
4036,263453.4000
4037,263453.4000
4038,263453.4000
4039,263453.4000
4040,263453.4000
4041,263453.4000
4042,263453.4000
4043,263453.4000
4044,263453.4000
4045,263453.4000
4046,263453.4000
4047,263453.4000
4048,263453.4000
4049,263453.4000
4050,263453.4000
4051,263453.4000
4052,263453.4000
4053,263453.4000
4054,263453.4000
4055,263453.4000
4056,263453.4000
4057,263453.4000
4058,263453.4000
4059,263453.4000
4060,263453.4000
4061,263453.4000
4062,263453.4000
4063,263453.4000
4064,263453.4000
4065,263453.4000
4066,263453.4000
4067,263453.4000
4068,263453.4000
4069,263453.4000
4070,263453.4000
4071,263453.4000
4072,263453.4000
4073,263453.4000
4074,263453.4000
4075,263453.4000
4076,263453.4000
4077,263453.4000
4078,263453.4000
4079,263453.4000
4080,263453.4000
4081,263453.4000
4082,263453.4000
4083,263453.4000
4084,263453.4000
4085,263453.4000
4086,263453.4000
4087,263453.4000
4088,263453.4000
4089,263453.4000
4090,263453.4000
4091,263453.4000
4092,263453.4000
4093,263453.4000
4094,263453.4000
4095,263453.4000
4096,263453.4000
4097,263453.4000
4098,263453.4000
4099,263453.4000
4100,263453.4000
4101,263453.4000
4102,263453.4000
4103,263453.4000
4104,263453.4000
4105,263453.4000
4106,263453.4000
4107,263453.4000
4108,263453.4000
4109,263453.4000
4110,263453.4000
4111,263453.4000
4112,263453.4000
4113,263453.4000
4114,263453.4000
4115,263453.4000
4116,263453.4000
4117,263453.4000
4118,263453.4000
4119,263453.4000
4120,263453.4000
4121,263453.4000
4122,263453.4000
4123,263453.4000
4124,263453.4000
4125,263453.4000
4126,263453.4000
4127,263453.4000
4128,263453.4000
4129,263453.4000
4130,263453.4000
4131,263453.4000
4132,263453.4000
4133,263453.4000
4134,263453.4000
4135,263453.4000
4136,263453.4000
4137,263453.4000
4138,263453.4000
4139,263453.4000
4140,263453.4000
4141,263453.4000
4142,263453.4000
4143,263453.4000
4144,263453.4000
4145,263453.4000
4146,263453.4000
4147,263453.4000
4148,263453.4000
4149,263453.4000
4150,263453.4000
4151,263453.4000
4152,263453.4000
4153,263453.4000
4154,263453.4000
4155,263453.4000
4156,263453.4000
4157,263453.4000
4158,263453.4000
4159,263453.4000
4160,263453.4000
4161,263453.4000
4162,263453.4000
4163,263453.4000
4164,263453.4000
4165,263453.4000
4166,263453.4000
4167,263453.4000
4168,263453.4000
4169,263453.4000
4170,263453.4000
4171,263453.4000
4172,263453.4000
4173,263453.4000
4174,263453.4000
4175,263453.4000
4176,263453.4000
4177,263453.4000
4178,263453.4000
4179,263453.4000
4180,263453.4000
4181,263453.4000
4182,263453.4000
4183,263453.4000
4184,263453.4000
4185,263453.4000
4186,263453.4000
4187,263453.4000
4188,263453.4000
4189,263453.4000
4190,263453.4000
4191,263453.4000
4192,263453.4000
4193,263453.4000
4194,263453.4000
4195,263453.4000
4196,263453.4000
4197,263453.4000
4198,263453.4000
4199,263453.4000
4200,263453.4000
4201,263453.4000
4202,263453.4000
4203,263453.4000
4204,263453.4000
4205,263453.4000
4206,263453.4000
4207,263453.4000
4208,263453.4000
4209,263453.4000
4210,263453.4000
4211,263453.4000
4212,263453.4000
4213,263453.4000
4214,263453.4000
4215,263453.4000
4216,263453.4000
4217,263453.4000
4218,263453.4000
4219,263453.4000
4220,263453.4000
4221,263453.4000
4222,263453.4000
4223,263453.4000
4224,263453.4000
4225,263453.4000
4226,263453.4000
4227,263453.4000
4228,263453.4000
4229,263453.4000
4230,263453.4000
4231,263453.4000
4232,263453.4000
4233,263453.4000
4234,263453.4000
4235,263453.4000
4236,263453.4000
4237,263453.4000
4238,263453.4000
4239,263453.4000
4240,263453.4000
4241,263453.4000
4242,263453.4000
4243,263453.4000
4244,263453.4000
4245,263453.4000
4246,263453.4000
4247,263453.4000
4248,263453.4000
4249,263453.4000
4250,263453.4000
4251,263453.4000
4252,263453.4000
4253,263453.4000
4254,263453.4000
4255,263453.4000
4256,263453.4000
4257,263453.4000
4258,263453.4000
4259,263453.4000
4260,263453.4000
4261,263453.4000
4262,263453.4000
4263,263453.4000
4264,263453.4000
4265,263453.4000
4266,263453.4000
4267,263453.4000
4268,263453.4000
4269,263453.4000
4270,263453.4000
4271,263453.4000
4272,263453.4000
4273,263453.4000
4274,263453.4000
4275,263453.4000
4276,263453.4000
4277,263453.4000
4278,263453.4000
4279,263453.4000
4280,263453.4000
4281,263453.4000
4282,263453.4000
4283,263453.4000
4284,263453.4000
4285,263453.4000
4286,263453.4000
4287,263453.4000
4288,263453.4000
4289,263453.4000
4290,263453.4000
4291,263453.4000
4292,263453.4000
4293,263453.4000
4294,263453.4000
4295,263453.4000
4296,263453.4000
4297,263453.4000
4298,263453.4000
4299,263453.4000
4300,263453.4000
4301,263453.4000
4302,263453.4000
4303,263453.4000
4304,263453.4000
4305,263453.4000
4306,263453.4000
4307,263453.4000
4308,263453.4000
4309,263453.4000
4310,263453.4000
4311,263453.4000
4312,263453.4000
4313,263453.4000
4314,263453.4000
4315,263453.4000
4316,263453.4000
4317,263453.4000
4318,263453.4000
4319,263453.4000
4320,263453.4000
4321,263453.4000
4322,263453.4000
4323,263453.4000
4324,263453.4000
4325,263453.4000
4326,263453.4000
4327,263453.4000
4328,263453.4000
4329,263453.4000
4330,263453.4000
4331,263453.4000
4332,263453.4000
4333,263453.4000
4334,263453.4000
4335,263453.4000
4336,263453.4000
4337,263453.4000
4338,263453.4000
4339,263453.4000
4340,263453.4000
4341,263453.4000
4342,263453.4000
4343,263453.4000
4344,263453.4000
4345,263453.4000
4346,263453.4000
4347,263453.4000
4348,263453.4000
4349,263453.4000
4350,263453.4000
4351,263453.4000
4352,263453.4000
4353,263453.4000
4354,263453.4000
4355,263453.4000
4356,263453.4000
4357,263453.4000
4358,263453.4000
4359,263453.4000
4360,263453.4000
4361,263453.4000
4362,263453.4000
4363,263453.4000
4364,263453.4000
4365,263453.4000
4366,263453.4000
4367,263453.4000
4368,263453.4000
4369,263453.4000
4370,263453.4000
4371,263453.4000
4372,263453.4000
4373,263453.4000
4374,263453.4000
4375,263453.4000
4376,263453.4000
4377,263453.4000
4378,263453.4000
4379,263453.4000
4380,263453.4000
4381,263453.4000
4382,263453.4000
4383,263453.4000
4384,263453.4000
4385,263453.4000
4386,263453.4000
4387,263453.4000
4388,263453.4000
4389,263453.4000
4390,263453.4000
4391,263453.4000
4392,263453.4000
4393,263453.4000
4394,263453.4000
4395,263453.4000
4396,263453.4000
4397,263453.4000
4398,263453.4000
4399,263453.4000
4400,263453.4000
4401,263453.4000
4402,263453.4000
4403,263453.4000
4404,263453.4000
4405,263453.4000
4406,263453.4000
4407,263453.4000
4408,263453.4000
4409,263453.4000
4410,263453.4000
4411,263453.4000
4412,263453.4000
4413,263453.4000
4414,263453.4000
4415,263453.4000
4416,263453.4000
4417,263453.4000
4418,263453.4000
4419,263453.4000
4420,263453.4000
4421,263453.4000
4422,263453.4000
4423,263453.4000
4424,263453.4000
4425,263453.4000
4426,263453.4000
4427,263453.4000
4428,263453.4000
4429,263453.4000
4430,263453.4000
4431,263453.4000
4432,263453.4000
4433,263453.4000
4434,263453.4000
4435,263453.4000
4436,263453.4000
4437,263453.4000
4438,263453.4000
4439,263453.4000
4440,263453.4000
4441,263453.4000
4442,263453.4000
4443,263453.4000
4444,263453.4000
4445,263453.4000
4446,263453.4000
4447,263453.4000
4448,263453.4000
4449,263453.4000
4450,263453.4000
4451,263453.4000
4452,263453.4000
4453,263453.4000
4454,263453.4000
4455,263453.4000
4456,263453.4000
4457,263453.4000
4458,263453.4000
4459,263453.4000
4460,263453.4000
4461,263453.4000
4462,263453.4000
4463,263453.4000
4464,263453.4000
4465,263453.4000
4466,263453.4000
4467,263453.4000
4468,263453.4000
4469,263453.4000
4470,263453.4000
4471,263453.4000
4472,263453.4000
4473,263453.4000
4474,263453.4000
4475,263453.4000
4476,263453.4000
4477,263453.4000
4478,263453.4000
4479,263453.4000
4480,263453.4000
4481,263453.4000
4482,263453.4000
4483,263453.4000
4484,263453.4000
4485,263453.4000
4486,263453.4000
4487,263453.4000
4488,263453.4000
4489,263453.4000
4490,263453.4000
4491,263453.4000
4492,263453.4000
4493,263453.4000
4494,263453.4000
4495,263453.4000
4496,263453.4000
4497,263453.4000
4498,263453.4000
4499,263453.4000
4500,263453.4000
4501,263453.4000
4502,263453.4000
4503,263453.4000
4504,263453.4000
4505,263453.4000
4506,263453.4000
4507,263453.4000
4508,263453.4000
4509,263453.4000
4510,263453.4000
4511,263453.4000
4512,263453.4000
4513,263453.4000
4514,263453.4000
4515,263453.4000
4516,263453.4000
4517,263453.4000
4518,263453.4000
4519,263453.4000
4520,263453.4000
4521,263453.4000
4522,263453.4000
4523,263453.4000
4524,263453.4000
4525,263453.4000
4526,263453.4000
4527,263453.4000
4528,263453.4000
4529,263453.4000
4530,263453.4000
4531,263453.4000
4532,263453.4000
4533,263453.4000
4534,263453.4000
4535,263453.4000
4536,263453.4000
4537,263453.4000
4538,263453.4000
4539,263453.4000
4540,263453.4000
4541,263453.4000
4542,263453.4000
4543,263453.4000
4544,263453.4000
4545,263453.4000
4546,263453.4000
4547,263453.4000
4548,263453.4000
4549,263453.4000
4550,263453.4000
4551,263453.4000
4552,263453.4000
4553,263453.4000
4554,263453.4000
4555,263453.4000
4556,263453.4000
4557,263453.4000
4558,263453.4000
4559,263453.4000
4560,263453.4000
4561,263453.4000
4562,263453.4000
4563,263453.4000
4564,263453.4000
4565,263453.4000
4566,263453.4000
4567,263453.4000
4568,263453.4000
4569,263453.4000
4570,263453.4000
4571,263453.4000
4572,263453.4000
4573,263453.4000
4574,263453.4000
4575,263453.4000
4576,263453.4000
4577,263453.4000
4578,263453.4000
4579,263453.4000
4580,263453.4000
4581,263453.4000
4582,263453.4000
4583,263453.4000
4584,263453.4000
4585,263453.4000
4586,263453.4000
4587,263453.4000
4588,263453.4000
4589,263453.4000
4590,263453.4000
4591,263453.4000
4592,263453.4000
4593,263453.4000
4594,263453.4000
4595,263453.4000
4596,263453.4000
4597,263453.4000
4598,263453.4000
4599,263453.4000
4600,263453.4000
4601,263453.4000
4602,263453.4000
4603,263453.4000
4604,263453.4000
4605,263453.4000
4606,263453.4000
4607,263453.4000
4608,263453.4000
4609,263453.4000
4610,263453.4000
4611,263453.4000
4612,263453.4000
4613,263453.4000
4614,263453.4000
4615,263453.4000
4616,263453.4000
4617,263453.4000
4618,263453.4000
4619,263453.4000
4620,263453.4000
4621,263453.4000
4622,263453.4000
4623,263453.4000
4624,263453.4000
4625,263453.4000
4626,263453.4000
4627,263453.4000
4628,263453.4000
4629,263453.4000
4630,263453.4000
4631,263453.4000
4632,263453.4000
4633,263453.4000
4634,263453.4000
4635,263453.4000
4636,263453.4000
4637,263453.4000
4638,263453.4000
4639,263453.4000
4640,263453.4000
4641,263453.4000
4642,263453.4000
4643,263453.4000
4644,263453.4000
4645,263453.4000
4646,263453.4000
4647,263453.4000
4648,263453.4000
4649,263453.4000
4650,263453.4000
4651,263453.4000
4652,263453.4000
4653,263453.4000
4654,263453.4000
4655,263453.4000
4656,263453.4000
4657,263453.4000
4658,263453.4000
4659,263453.4000
4660,263453.4000
4661,263453.4000
4662,263453.4000
4663,263453.4000
4664,263453.4000
4665,263453.4000
4666,263453.4000
4667,263453.4000
4668,263453.4000
4669,263453.4000
4670,263453.4000
4671,263453.4000
4672,263453.4000
4673,263453.4000
4674,263453.4000
4675,263453.4000
4676,263453.4000
4677,263453.4000
4678,263453.4000
4679,263453.4000
4680,263453.4000
4681,263453.4000
4682,263453.4000
4683,263453.4000
4684,263453.4000
4685,263453.4000
4686,263453.4000
4687,263453.4000
4688,263453.4000
4689,263453.4000
4690,263453.4000
4691,263453.4000
4692,263453.4000
4693,263453.4000
4694,263453.4000
4695,263453.4000
4696,263453.4000
4697,263453.4000
4698,263453.4000
4699,263453.4000
4700,263453.4000
4701,263453.4000
4702,263453.4000
4703,263453.4000
4704,263453.4000
4705,263453.4000
4706,263453.4000
4707,263453.4000
4708,263453.4000
4709,263453.4000
4710,263453.4000
4711,263453.4000
4712,263453.4000
4713,263453.4000
4714,263453.4000
4715,263453.4000
4716,263453.4000
4717,263453.4000
4718,263453.4000
4719,263453.4000
4720,263453.4000
4721,263453.4000
4722,263453.4000
4723,263453.4000
4724,263453.4000
4725,263453.4000
4726,263453.4000
4727,263453.4000
4728,263453.4000
4729,263453.4000
4730,263453.4000
4731,263453.4000
4732,263453.4000
4733,263453.4000
4734,263453.4000
4735,263453.4000
4736,263453.4000
4737,263453.4000
4738,263453.4000
4739,263453.4000
4740,263453.4000
4741,263453.4000
4742,263453.4000
4743,263453.4000
4744,263453.4000
4745,263453.4000
4746,263453.4000
4747,263453.4000
4748,263453.4000
4749,263453.4000
4750,263453.4000
4751,263453.4000
4752,263453.4000
4753,263453.4000
4754,263453.4000
4755,263453.4000
4756,263453.4000
4757,263453.4000
4758,263453.4000
4759,263453.4000
4760,263453.4000
4761,263453.4000
4762,263453.4000
4763,263453.4000
4764,263453.4000
4765,263453.4000
4766,263453.4000
4767,263453.4000
4768,263453.4000
4769,263453.4000
4770,263453.4000
4771,263453.4000
4772,263453.4000
4773,263453.4000
4774,263453.4000
4775,263453.4000
4776,263453.4000
4777,263453.4000
4778,263453.4000
4779,263453.4000
4780,263453.4000
4781,263453.4000
4782,263453.4000
4783,263453.4000
4784,263453.4000
4785,263453.4000
4786,263453.4000
4787,263453.4000
4788,263453.4000
4789,263453.4000
4790,263453.4000
4791,263453.4000
4792,263453.4000
4793,263453.4000
4794,263453.4000
4795,263453.4000
4796,263453.4000
4797,263453.4000
4798,263453.4000
4799,263453.4000
4800,263453.4000
4801,263453.4000
4802,263453.4000
4803,263453.4000
4804,263453.4000
4805,263453.4000
4806,263453.4000
4807,263453.4000
4808,263453.4000
4809,263453.4000
4810,263453.4000
4811,263453.4000
4812,263453.4000
4813,263453.4000
4814,263453.4000
4815,263453.4000
4816,263453.4000
4817,263453.4000
4818,263453.4000
4819,263453.4000
4820,263453.4000
4821,263453.4000
4822,263453.4000
4823,263453.4000
4824,263453.4000
4825,263453.4000
4826,263453.4000
4827,263453.4000
4828,263293.0000
4829,263293.0000
4830,263293.0000
4831,263293.0000
4832,263293.0000
4833,263293.0000
4834,263293.0000
4835,263293.0000
4836,263293.0000
4837,263293.0000
4838,263293.0000
4839,263293.0000
4840,263293.0000
4841,263293.0000
4842,263293.0000
4843,263293.0000
4844,263293.0000
4845,263293.0000
4846,263293.0000
4847,263293.0000
4848,263293.0000
4849,263293.0000
4850,263293.0000
4851,263293.0000
4852,263293.0000
4853,263293.0000
4854,263293.0000
4855,263293.0000
4856,263293.0000
4857,263293.0000
4858,263293.0000
4859,263293.0000
4860,263293.0000
4861,263293.0000
4862,263293.0000
4863,263293.0000
4864,263293.0000
4865,263293.0000
4866,263293.0000
4867,263293.0000
4868,263293.0000
4869,263293.0000
4870,263293.0000
4871,263293.0000
4872,263293.0000
4873,263293.0000
4874,263293.0000
4875,263293.0000
4876,263293.0000
4877,263293.0000
4878,263293.0000
4879,263293.0000
4880,263293.0000
4881,263293.0000
4882,263293.0000
4883,263293.0000
4884,263293.0000
4885,263293.0000
4886,263293.0000
4887,263293.0000
4888,263293.0000
4889,263293.0000
4890,263293.0000
4891,263293.0000
4892,263293.0000
4893,263293.0000
4894,263293.0000
4895,263293.0000
4896,263293.0000
4897,263293.0000
4898,263293.0000
4899,263293.0000
4900,263293.0000
4901,263293.0000
4902,263293.0000
4903,263293.0000
4904,263293.0000
4905,263293.0000
4906,263293.0000
4907,263293.0000
4908,263293.0000
4909,263293.0000
4910,263293.0000
4911,263293.0000
4912,263293.0000
4913,263293.0000
4914,263293.0000
4915,263293.0000
4916,263293.0000
4917,263293.0000
4918,263293.0000
4919,263293.0000
4920,263293.0000
4921,263293.0000
4922,263293.0000
4923,263293.0000
4924,263293.0000
4925,263293.0000
4926,263293.0000
4927,263293.0000
4928,263293.0000
4929,263293.0000
4930,263293.0000
4931,263293.0000
4932,263293.0000
4933,263293.0000
4934,263293.0000
4935,263293.0000
4936,263293.0000
4937,263293.0000
4938,263293.0000
4939,263293.0000
4940,263293.0000
4941,263293.0000
4942,263293.0000
4943,263293.0000
4944,263293.0000
4945,263293.0000
4946,263293.0000
4947,263293.0000
4948,263293.0000
4949,263293.0000
4950,263293.0000
4951,263293.0000
4952,263293.0000
4953,263293.0000
4954,261585.9000
4955,261585.9000
4956,261585.9000
4957,261585.9000
4958,261585.9000
4959,261585.9000
4960,261585.9000
4961,261585.9000
4962,261585.9000
4963,261585.9000
4964,261585.9000
4965,261585.9000
4966,261585.9000
4967,261585.9000
4968,261585.9000
4969,261585.9000
4970,261585.9000
4971,261585.9000
4972,261585.9000
4973,261585.9000
4974,261585.9000
4975,261585.9000
4976,261585.9000
4977,261585.9000
4978,261585.9000
4979,261585.9000
4980,261585.9000
4981,261585.9000
4982,261585.9000
4983,261585.9000
4984,261585.9000
4985,261585.9000
4986,261585.9000
4987,261585.9000
4988,261585.9000
4989,261585.9000
4990,261585.9000
4991,261585.9000
4992,261585.9000
4993,261585.9000
4994,261585.9000
4995,261585.9000
4996,261585.9000
4997,261585.9000
4998,261585.9000
4999,261585.9000
5000,261585.9000
5001,261585.9000
5002,261585.9000
5003,261585.9000
5004,261585.9000
5005,261585.9000
5006,261585.9000
5007,261585.9000
5008,261585.9000
5009,261585.9000
5010,261585.9000
5011,261585.9000
5012,261585.9000
5013,261585.9000
5014,261585.9000
5015,261585.9000
5016,261585.9000
5017,261585.9000
5018,261585.9000
5019,261585.9000
5020,261585.9000
5021,261585.9000
5022,261585.9000
5023,261585.9000
5024,261585.9000
5025,261585.9000
5026,261585.9000
5027,261585.9000
5028,261585.9000
5029,261585.9000
5030,261585.9000
5031,261585.9000
5032,261585.9000
5033,261585.9000
5034,261585.9000
5035,261585.9000
5036,261585.9000
5037,261585.9000
5038,261585.9000
5039,261585.9000
5040,261585.9000
5041,261585.9000
5042,261585.9000
5043,261585.9000
5044,261585.9000
5045,261585.9000
5046,261585.9000
5047,261585.9000
5048,261585.9000
5049,261585.9000
5050,261585.9000
5051,261585.9000
5052,261585.9000
5053,261585.9000
5054,261585.9000
5055,261585.9000
5056,261585.9000
5057,261585.9000
5058,261585.9000
5059,261585.9000
5060,261585.9000
5061,261585.9000
5062,261585.9000
5063,261585.9000
5064,261585.9000
5065,261585.9000
5066,261585.9000
5067,261585.9000
5068,261585.9000
5069,261585.9000
5070,261585.9000
5071,261585.9000
5072,261585.9000
5073,261585.9000
5074,261585.9000
5075,261585.9000
5076,261585.9000
5077,261585.9000
5078,261585.9000
5079,261585.9000
5080,261585.9000
5081,261585.9000
5082,261585.9000
5083,261585.9000
5084,261585.9000
5085,261585.9000
5086,261585.9000
5087,261585.9000
5088,261585.9000
5089,261585.9000
5090,261585.9000
5091,261585.9000
5092,261585.9000
5093,261585.9000
5094,261585.9000
5095,261585.9000
5096,261585.9000
5097,261585.9000
5098,261585.9000
5099,261585.9000
5100,261585.9000
5101,261585.9000
5102,261585.9000
5103,261585.9000
5104,261585.9000
5105,261585.9000
5106,261585.9000
5107,261585.9000
5108,261585.9000
5109,261585.9000
5110,261585.9000
5111,261585.9000
5112,261585.9000
5113,261585.9000
5114,261585.9000
5115,261585.9000
5116,261585.9000
5117,261585.9000
5118,261585.9000
5119,261585.9000
5120,261585.9000
5121,261585.9000
5122,261585.9000
5123,261585.9000
5124,261585.9000
5125,261585.9000
5126,261585.9000
5127,261585.9000
5128,261585.9000
5129,261585.9000
5130,261585.9000
5131,261585.9000
5132,261585.9000
5133,261585.9000
5134,261585.9000
5135,261585.9000
5136,261585.9000
5137,261585.9000
5138,261585.9000
5139,261585.9000
5140,261585.9000
5141,261585.9000
5142,261585.9000
5143,261585.9000
5144,261585.9000
5145,261585.9000
5146,261585.9000
5147,261585.9000
5148,261585.9000
5149,261585.9000
5150,261585.9000
5151,261585.9000
5152,261585.9000
5153,261585.9000
5154,261585.9000
5155,261585.9000
5156,261585.9000
5157,261585.9000
5158,261585.9000
5159,261585.9000
5160,261585.9000
5161,261585.9000
5162,261585.9000
5163,261585.9000
5164,261585.9000
5165,261585.9000
5166,261585.9000
5167,261585.9000
5168,261585.9000
5169,261585.9000
5170,261585.9000
5171,261585.9000
5172,261585.9000
5173,261585.9000
5174,261585.9000
5175,261585.9000
5176,261585.9000
5177,261585.9000
5178,261585.9000
5179,261585.9000
5180,261585.9000
5181,261585.9000
5182,261585.9000
5183,261585.9000
5184,261585.9000
5185,261585.9000
5186,261585.9000
5187,261585.9000
5188,261585.9000
5189,261585.9000
5190,261585.9000
5191,261585.9000
5192,261585.9000
5193,261585.9000
5194,261585.9000
5195,261585.9000
5196,261585.9000
5197,261585.9000
5198,261585.9000
5199,261585.9000
5200,261585.9000
5201,261585.9000
5202,261585.9000
5203,261585.9000
5204,261585.9000
5205,261585.9000
5206,261585.9000
5207,261585.9000
5208,261585.9000
5209,261585.9000
5210,261585.9000
5211,261585.9000
5212,261585.9000
5213,261585.9000
5214,261585.9000
5215,261585.9000
5216,261585.9000
5217,261585.9000
5218,261585.9000
5219,261585.9000
5220,261585.9000
5221,261585.9000
5222,261585.9000
5223,261585.9000
5224,261585.9000
5225,261585.9000
5226,261585.9000
5227,261585.9000
5228,261585.9000
5229,261585.9000
5230,261585.9000
5231,261585.9000
5232,261585.9000
5233,261585.9000
5234,261585.9000
5235,261585.9000
5236,261585.9000
5237,261585.9000
5238,261585.9000
5239,261585.9000
5240,261585.9000
5241,261585.9000
5242,261585.9000
5243,261585.9000
5244,261585.9000
5245,261585.9000
5246,261585.9000
5247,261585.9000
5248,261585.9000
5249,261585.9000
5250,261585.9000
5251,261585.9000
5252,261585.9000
5253,261585.9000
5254,261585.9000
5255,261585.9000
5256,261585.9000
5257,261585.9000
5258,261585.9000
5259,261585.9000
5260,261585.9000
5261,261585.9000
5262,261585.9000
5263,261585.9000
5264,261585.9000
5265,261585.9000
5266,261585.9000
5267,261585.9000
5268,261585.9000
5269,261585.9000
5270,261585.9000
5271,261585.9000
5272,261585.9000
5273,261585.9000
5274,261585.9000
5275,261585.9000
5276,261585.9000
5277,261585.9000
5278,261585.9000
5279,261585.9000
5280,261585.9000
5281,261585.9000
5282,261585.9000
5283,261585.9000
5284,261585.9000
5285,261585.9000
5286,261585.9000
5287,261585.9000
5288,261585.9000
5289,261585.9000
5290,261585.9000
5291,261585.9000
5292,261585.9000
5293,261585.9000
5294,261585.9000
5295,261585.9000
5296,261585.9000
5297,261585.9000
5298,261585.9000
5299,261585.9000
5300,261585.9000
5301,261585.9000
5302,261585.9000
5303,261585.9000
5304,261585.9000
5305,261585.9000
5306,261585.9000
5307,261585.9000
5308,261585.9000
5309,261585.9000
5310,261585.9000
5311,261585.9000
5312,261585.9000
5313,261585.9000
5314,261585.9000
5315,261585.9000
5316,261585.9000
5317,261585.9000
5318,261585.9000
5319,261585.9000
5320,261585.9000
5321,261585.9000
5322,261585.9000
5323,261585.9000
5324,261585.9000
5325,261585.9000
5326,261585.9000
5327,261585.9000
5328,261585.9000
5329,261585.9000
5330,261585.9000
5331,261585.9000
5332,261585.9000
5333,261585.9000
5334,261585.9000
5335,261585.9000
5336,261585.9000
5337,261585.9000
5338,261585.9000
5339,261585.9000
5340,261585.9000
5341,261585.9000
5342,261585.9000
5343,261585.9000
5344,261585.9000
5345,261585.9000
5346,261585.9000
5347,261585.9000
5348,261585.9000
5349,261585.9000
5350,261585.9000
5351,261585.9000
5352,261585.9000
5353,261585.9000
5354,261585.9000
5355,261585.9000
5356,261585.9000
5357,261585.9000
5358,261585.9000
5359,261585.9000
5360,261585.9000
5361,261585.9000
5362,261585.9000
5363,261585.9000
5364,261585.9000
5365,261585.9000
5366,261585.9000
5367,261585.9000
5368,261585.9000
5369,261585.9000
5370,261585.9000
5371,261585.9000
5372,261585.9000
5373,261585.9000
5374,261585.9000
5375,261585.9000
5376,261585.9000
5377,261585.9000
5378,261585.9000
5379,261585.9000
5380,261585.9000
5381,261585.9000
5382,261585.9000
5383,261585.9000
5384,261585.9000
5385,261585.9000
5386,261585.9000
5387,261585.9000
5388,261585.9000
5389,261585.9000
5390,261585.9000
5391,261585.9000
5392,261585.9000
5393,261585.9000
5394,261585.9000
5395,261585.9000
5396,261585.9000
5397,261585.9000
5398,261585.9000
5399,261585.9000
5400,261585.9000
5401,261585.9000
5402,261585.9000
5403,261585.9000
5404,261585.9000
5405,261585.9000
5406,261585.9000
5407,261585.9000
5408,261585.9000
5409,261585.9000
5410,261585.9000
5411,261585.9000
5412,261585.9000
5413,261585.9000
5414,261585.9000
5415,261585.9000
5416,261585.9000
5417,261585.9000
5418,261585.9000
5419,261585.9000
5420,261585.9000
5421,261585.9000
5422,261585.9000
5423,261585.9000
5424,261585.9000
5425,261585.9000
5426,261585.9000
5427,261585.9000
5428,261585.9000
5429,261585.9000
5430,261585.9000
5431,261585.9000
5432,261585.9000
5433,261585.9000
5434,261585.9000
5435,261585.9000
5436,261585.9000
5437,261585.9000
5438,261585.9000
5439,261585.9000
5440,261585.9000
5441,261585.9000
5442,261585.9000
5443,261585.9000
5444,261585.9000
5445,261585.9000
5446,261585.9000
5447,261585.9000
5448,261585.9000
5449,261585.9000
5450,261585.9000
5451,261585.9000
5452,261585.9000
5453,261585.9000
5454,261585.9000
5455,261585.9000
5456,261585.9000
5457,261585.9000
5458,261585.9000
5459,261585.9000
5460,261585.9000
5461,261585.9000
5462,261585.9000
5463,261585.9000
5464,261585.9000
5465,261585.9000
5466,261585.9000
5467,261585.9000
5468,261585.9000
5469,261585.9000
5470,261585.9000
5471,261585.9000
5472,261585.9000
5473,261585.9000
5474,261585.9000
5475,261585.9000
5476,261585.9000
5477,261585.9000
5478,261585.9000
5479,261585.9000
5480,261585.9000
5481,261585.9000
5482,261585.9000
5483,261585.9000
5484,261585.9000
5485,261585.9000
5486,261585.9000
5487,261585.9000
5488,261585.9000
5489,261585.9000
5490,261585.9000
5491,261585.9000
5492,261585.9000
5493,261585.9000
5494,261585.9000
5495,261585.9000
5496,261585.9000
5497,261585.9000
5498,261585.9000
5499,261585.9000
5500,261585.9000
5501,261585.9000
5502,261585.9000
5503,261585.9000
5504,261585.9000
5505,261585.9000
5506,261585.9000
5507,261585.9000
5508,261585.9000
5509,261585.9000
5510,261585.9000
5511,261585.9000
5512,261585.9000
5513,261585.9000
5514,261585.9000
5515,261585.9000
5516,261585.9000
5517,261585.9000
5518,261585.9000
5519,261585.9000
5520,261585.9000
5521,261585.9000
5522,261585.9000
5523,261585.9000
5524,261585.9000
5525,261585.9000
5526,261585.9000
5527,261585.9000
5528,261585.9000
5529,261585.9000
5530,261585.9000
5531,261585.9000
5532,261585.9000
5533,261585.9000
5534,261585.9000
5535,261585.9000
5536,261585.9000
5537,261585.9000
5538,261585.9000
5539,261585.9000
5540,261585.9000
5541,261585.9000
5542,261585.9000
5543,261585.9000
5544,261585.9000
5545,261585.9000
5546,261585.9000
5547,261585.9000
5548,261585.9000
5549,261585.9000
5550,261585.9000
5551,261585.9000
5552,261585.9000
5553,261585.9000
5554,261585.9000
5555,261585.9000
5556,261585.9000
5557,261585.9000
5558,261585.9000
5559,261585.9000
5560,261585.9000
5561,261585.9000
5562,261585.9000
5563,261585.9000
5564,261585.9000
5565,261585.9000
5566,261585.9000
5567,261585.9000
5568,261585.9000
5569,261585.9000
5570,261585.9000
5571,261585.9000
5572,261585.9000
5573,261585.9000
5574,261585.9000
5575,261585.9000
5576,261585.9000
5577,261585.9000
5578,261585.9000
5579,261585.9000
5580,261585.9000
5581,261585.9000
5582,261585.9000
5583,261585.9000
5584,261585.9000
5585,261585.9000
5586,261585.9000
5587,261585.9000
5588,261585.9000
5589,261585.9000
5590,261585.9000
5591,261585.9000
5592,261585.9000
5593,261585.9000
5594,261585.9000
5595,261585.9000
5596,261585.9000
5597,261585.9000
5598,261585.9000
5599,261585.9000
5600,261585.9000
5601,261585.9000
5602,261585.9000
5603,261585.9000
5604,261585.9000
5605,261585.9000
5606,261585.9000
5607,261585.9000
5608,261585.9000
5609,261585.9000
5610,261585.9000
5611,261585.9000
5612,261585.9000
5613,261585.9000
5614,261585.9000
5615,261585.9000
5616,261585.9000
5617,261585.9000
5618,261585.9000
5619,261585.9000
5620,261585.9000
5621,261585.9000
5622,261585.9000
5623,261585.9000
5624,261585.9000
5625,261585.9000
5626,261585.9000
5627,261585.9000
5628,261585.9000
5629,261585.9000
5630,261585.9000
5631,261585.9000
5632,261585.9000
5633,261585.9000
5634,261585.9000
5635,261585.9000
5636,261585.9000
5637,261585.9000
5638,261585.9000
5639,261585.9000
5640,261585.9000
5641,261585.9000
5642,261585.9000
5643,261585.9000
5644,261585.9000
5645,261585.9000
5646,261585.9000
5647,261585.9000
5648,261585.9000
5649,261585.9000
5650,261585.9000
5651,261585.9000
5652,261585.9000
5653,261585.9000
5654,261585.9000
5655,261585.9000
5656,261585.9000
5657,261585.9000
5658,261585.9000
5659,261585.9000
5660,261585.9000
5661,261585.9000
5662,261585.9000
5663,261585.9000
5664,261585.9000
5665,261585.9000
5666,261585.9000
5667,261585.9000
5668,261585.9000
5669,261585.9000
5670,261585.9000
5671,261585.9000
5672,261585.9000
5673,261585.9000
5674,261585.9000
5675,261585.9000
5676,261585.9000
5677,261585.9000
5678,261585.9000
5679,261585.9000
5680,261585.9000
5681,261585.9000
5682,261585.9000
5683,261585.9000
5684,261585.9000
5685,261585.9000
5686,261585.9000
5687,261585.9000
5688,261585.9000
5689,261585.9000
5690,261585.9000
5691,261585.9000
5692,261585.9000
5693,261585.9000
5694,261585.9000
5695,261585.9000
5696,261585.9000
5697,261585.9000
5698,261585.9000
5699,261585.9000
5700,261585.9000
5701,261585.9000
5702,261585.9000
5703,261585.9000
5704,261585.9000
5705,261585.9000
5706,261585.9000
5707,261585.9000
5708,261585.9000
5709,261585.9000
5710,261585.9000
5711,261585.9000
5712,261585.9000
5713,261585.9000
5714,261585.9000
5715,261585.9000
5716,261585.9000
5717,261585.9000
5718,261585.9000
5719,261585.9000
5720,261585.9000
5721,261585.9000
5722,261585.9000
5723,261585.9000
5724,261585.9000
5725,261585.9000
5726,261585.9000
5727,261585.9000
5728,261585.9000
5729,261585.9000
5730,261585.9000
5731,261585.9000
5732,261585.9000
5733,261585.9000
5734,261585.9000
5735,261585.9000
5736,261585.9000
5737,261585.9000
5738,261585.9000
5739,261585.9000
5740,261585.9000
5741,261585.9000
5742,261585.9000
5743,261585.9000
5744,261585.9000
5745,261585.9000
5746,261585.9000
5747,261585.9000
5748,261585.9000
5749,261585.9000
5750,261585.9000
5751,261585.9000
5752,261585.9000
5753,261585.9000
5754,261585.9000
5755,261585.9000
5756,261585.9000
5757,261585.9000
5758,261585.9000
5759,261585.9000
5760,261585.9000
5761,261585.9000
5762,261585.9000
5763,261585.9000
5764,261585.9000
5765,261585.9000
5766,261585.9000
5767,261585.9000
5768,261585.9000
5769,261585.9000
5770,261585.9000
5771,261585.9000
5772,261585.9000
5773,261585.9000
5774,261585.9000
5775,261585.9000
5776,261585.9000
5777,261585.9000
5778,261585.9000
5779,261585.9000
5780,261585.9000
5781,261585.9000
5782,261585.9000
5783,261585.9000
5784,261585.9000
5785,261585.9000
5786,261585.9000
5787,261585.9000
5788,261585.9000
5789,261585.9000
5790,261585.9000
5791,261585.9000
5792,261585.9000
5793,261585.9000
5794,261585.9000
5795,261585.9000
5796,261585.9000
5797,261585.9000
5798,261585.9000
5799,261585.9000
5800,261585.9000
5801,261585.9000
5802,261585.9000
5803,261585.9000
5804,261585.9000
5805,261585.9000
5806,261585.9000
5807,261585.9000
5808,261585.9000
5809,261585.9000
5810,261585.9000
5811,261585.9000
5812,261585.9000
5813,261585.9000
5814,261585.9000
5815,261585.9000
5816,261585.9000
5817,261585.9000
5818,261585.9000
5819,261585.9000
5820,261585.9000
5821,261585.9000
5822,261585.9000
5823,261585.9000
5824,261585.9000
5825,261585.9000
5826,261585.9000
5827,261585.9000
5828,261585.9000
5829,261585.9000
5830,261585.9000
5831,261585.9000
5832,261585.9000
5833,261585.9000
5834,261585.9000
5835,261585.9000
5836,261585.9000
5837,261585.9000
5838,261585.9000
5839,261585.9000
5840,261585.9000
5841,261585.9000
5842,261585.9000
5843,261585.9000
5844,261585.9000
5845,261585.9000
5846,260639.7000
5847,260639.7000
5848,260639.7000
5849,260639.7000
5850,260639.7000
5851,260639.7000
5852,260639.7000
5853,260639.7000
5854,260639.7000
5855,260639.7000
5856,260639.7000
5857,260639.7000
5858,260639.7000
5859,260639.7000
5860,260639.7000
5861,260639.7000
5862,260639.7000
5863,260639.7000
5864,260639.7000
5865,260639.7000
5866,260639.7000
5867,258573.0000
5868,258573.0000
5869,258573.0000
5870,258573.0000
5871,258573.0000
5872,258573.0000
5873,258573.0000
5874,258573.0000
5875,258573.0000
5876,258573.0000
5877,258573.0000
5878,258573.0000
5879,258573.0000
5880,258573.0000
5881,258573.0000
5882,258573.0000
5883,258573.0000
5884,258573.0000
5885,258573.0000
5886,258573.0000
5887,258573.0000
5888,258573.0000
5889,258573.0000
5890,258573.0000
5891,258573.0000
5892,258573.0000
5893,258573.0000
5894,258573.0000
5895,258573.0000
5896,258573.0000
5897,258573.0000
5898,258573.0000
5899,258573.0000
5900,258573.0000
5901,258573.0000
5902,258573.0000
5903,258573.0000
5904,258573.0000
5905,258573.0000
5906,258573.0000
5907,258573.0000
5908,258573.0000
5909,258573.0000
5910,258573.0000
5911,258573.0000
5912,258573.0000
5913,258573.0000
5914,258573.0000
5915,258573.0000
5916,258573.0000
5917,258573.0000
5918,258573.0000
5919,258573.0000
5920,258573.0000
5921,258573.0000
5922,258573.0000
5923,258573.0000
5924,258573.0000
5925,258573.0000
5926,258573.0000
5927,258573.0000
5928,258573.0000
5929,258573.0000
5930,258573.0000
5931,258573.0000
5932,258573.0000
5933,258573.0000
5934,258573.0000
5935,258573.0000
5936,258573.0000
5937,258573.0000
5938,258573.0000
5939,258573.0000
5940,258573.0000
5941,258573.0000
5942,258573.0000
5943,258573.0000
5944,258573.0000
5945,258573.0000
5946,258573.0000
5947,258573.0000
5948,258573.0000
5949,258573.0000
5950,258573.0000
5951,258573.0000
5952,258573.0000
5953,258573.0000
5954,258573.0000
5955,258573.0000
5956,258573.0000
5957,258573.0000
5958,258573.0000
5959,258573.0000
5960,258573.0000
5961,258573.0000
5962,258573.0000
5963,258573.0000
5964,258573.0000
5965,258573.0000
5966,258573.0000
5967,258573.0000
5968,258573.0000
5969,258573.0000
5970,258573.0000
5971,258573.0000
5972,258573.0000
5973,258573.0000
5974,258573.0000
5975,258573.0000
5976,258573.0000
5977,258573.0000
5978,258573.0000
5979,258573.0000
5980,258573.0000
5981,258573.0000
5982,258573.0000
5983,258573.0000
5984,258573.0000
5985,258573.0000
5986,258573.0000
5987,258573.0000
5988,258573.0000
5989,258573.0000
5990,258573.0000
5991,258573.0000
5992,258573.0000
5993,258573.0000
5994,258573.0000
5995,258573.0000
5996,258573.0000
5997,258573.0000
5998,258573.0000
5999,258573.0000
6000,258573.0000
6001,258573.0000
6002,258573.0000
6003,258573.0000
6004,258573.0000
6005,258573.0000
6006,258573.0000
6007,258573.0000
6008,258573.0000
6009,258573.0000
6010,258573.0000
6011,258573.0000
6012,258573.0000
6013,258573.0000
6014,258573.0000
6015,258573.0000
6016,258573.0000
6017,258573.0000
6018,258573.0000
6019,258573.0000
6020,258573.0000
6021,258573.0000
6022,258573.0000
6023,258573.0000
6024,258573.0000
6025,258573.0000
6026,258573.0000
6027,258573.0000
6028,258573.0000
6029,258573.0000
6030,258573.0000
6031,258573.0000
6032,258573.0000
6033,258573.0000
6034,258573.0000
6035,258573.0000
6036,258573.0000
6037,258573.0000
6038,258573.0000
6039,258573.0000
6040,258573.0000
6041,258573.0000
6042,258573.0000
6043,258573.0000
6044,258573.0000
6045,258573.0000
6046,258573.0000
6047,258573.0000
6048,258573.0000
6049,258573.0000
6050,258573.0000
6051,258573.0000
6052,258573.0000
6053,258573.0000
6054,258573.0000
6055,258573.0000
6056,258573.0000
6057,258573.0000
6058,258573.0000
6059,258573.0000
6060,258573.0000
6061,258573.0000
6062,258573.0000
6063,258573.0000
6064,258573.0000
6065,258573.0000
6066,258573.0000
6067,258573.0000
6068,258573.0000
6069,258573.0000
6070,258573.0000
6071,258573.0000
6072,258573.0000
6073,258573.0000
6074,258573.0000
6075,258573.0000
6076,258573.0000
6077,258573.0000
6078,258573.0000
6079,258573.0000
6080,258573.0000
6081,258573.0000
6082,258573.0000
6083,258573.0000
6084,258573.0000
6085,258573.0000
6086,258573.0000
6087,258573.0000
6088,258573.0000
6089,258573.0000
6090,258573.0000
6091,258573.0000
6092,258573.0000
6093,258573.0000
6094,258573.0000
6095,258573.0000
6096,258573.0000
6097,258573.0000
6098,258573.0000
6099,258573.0000
6100,258573.0000
6101,258573.0000
6102,258573.0000
6103,258573.0000
6104,258573.0000
6105,258573.0000
6106,258573.0000
6107,258573.0000
6108,258573.0000
6109,258573.0000
6110,258573.0000
6111,258573.0000
6112,258573.0000
6113,258573.0000
6114,258573.0000
6115,258573.0000
6116,258573.0000
6117,258573.0000
6118,258573.0000
6119,258573.0000
6120,258573.0000
6121,258573.0000
6122,258573.0000
6123,258573.0000
6124,258573.0000
6125,258573.0000
6126,258573.0000
6127,258573.0000
6128,258573.0000
6129,258573.0000
6130,258573.0000
6131,258573.0000
6132,258573.0000
6133,258573.0000
6134,258573.0000
6135,258573.0000
6136,258573.0000
6137,258573.0000
6138,258573.0000
6139,258573.0000
6140,258573.0000
6141,258573.0000
6142,258573.0000
6143,258573.0000
6144,258573.0000
6145,258573.0000
6146,258573.0000
6147,258573.0000
6148,258573.0000
6149,258573.0000
6150,258573.0000
6151,258573.0000
6152,258573.0000
6153,258573.0000
6154,258573.0000
6155,258573.0000
6156,258573.0000
6157,258573.0000
6158,258573.0000
6159,258573.0000
6160,258573.0000
6161,258573.0000
6162,258573.0000
6163,258573.0000
6164,258573.0000
6165,258573.0000
6166,258573.0000
6167,258573.0000
6168,258573.0000
6169,258573.0000
6170,258573.0000
6171,258573.0000
6172,258573.0000
6173,258573.0000
6174,258573.0000
6175,258573.0000
6176,258573.0000
6177,258573.0000
6178,258573.0000
6179,258573.0000
6180,258573.0000
6181,258573.0000
6182,258573.0000
6183,258573.0000
6184,258573.0000
6185,258573.0000
6186,258573.0000
6187,258573.0000
6188,258573.0000
6189,258573.0000
6190,258573.0000
6191,258573.0000
6192,258573.0000
6193,258573.0000
6194,258573.0000
6195,258573.0000
6196,258573.0000
6197,258573.0000
6198,258573.0000
6199,258573.0000
6200,258573.0000
6201,258573.0000
6202,258573.0000
6203,258573.0000
6204,258573.0000
6205,258573.0000
6206,258573.0000
6207,258573.0000
6208,258573.0000
6209,258573.0000
6210,258573.0000
6211,258573.0000
6212,258573.0000
6213,258573.0000
6214,258573.0000
6215,258573.0000
6216,258573.0000
6217,258573.0000
6218,258573.0000
6219,258573.0000
6220,258573.0000
6221,258573.0000
6222,258573.0000
6223,258573.0000
6224,258573.0000
6225,258573.0000
6226,258573.0000
6227,258573.0000
6228,258573.0000
6229,258573.0000
6230,258573.0000
6231,258573.0000
6232,258573.0000
6233,258573.0000
6234,258573.0000
6235,258573.0000
6236,258573.0000
6237,258573.0000
6238,258573.0000
6239,258573.0000
6240,258573.0000
6241,258573.0000
6242,258573.0000
6243,258573.0000
6244,258573.0000
6245,258573.0000
6246,258573.0000
6247,258573.0000
6248,258573.0000
6249,258573.0000
6250,258573.0000
6251,258573.0000
6252,258573.0000
6253,258573.0000
6254,258573.0000
6255,258573.0000
6256,258573.0000
6257,258573.0000
6258,258573.0000
6259,258573.0000
6260,258573.0000
6261,258573.0000
6262,258573.0000
6263,258573.0000
6264,258573.0000
6265,258573.0000
6266,258573.0000
6267,258573.0000
6268,258573.0000
6269,258573.0000
6270,258573.0000
6271,258573.0000
6272,258573.0000
6273,258573.0000
6274,258573.0000
6275,258573.0000
6276,258573.0000
6277,258573.0000
6278,258573.0000
6279,258573.0000
6280,258573.0000
6281,258573.0000
6282,258573.0000
6283,258573.0000
6284,258573.0000
6285,258573.0000
6286,258573.0000
6287,258573.0000
6288,258573.0000
6289,258573.0000
6290,258573.0000
6291,258573.0000
6292,258573.0000
6293,258573.0000
6294,258573.0000
6295,258573.0000
6296,258573.0000
6297,258573.0000
6298,258573.0000
6299,258573.0000
6300,258573.0000
6301,258573.0000
6302,258573.0000
6303,258573.0000
6304,258573.0000
6305,258573.0000
6306,258573.0000
6307,258573.0000
6308,258573.0000
6309,258573.0000
6310,258573.0000
6311,258573.0000
6312,258573.0000
6313,258573.0000
6314,258573.0000
6315,258573.0000
6316,258573.0000
6317,258573.0000
6318,258573.0000
6319,258573.0000
6320,258573.0000
6321,258573.0000
6322,258573.0000
6323,258573.0000
6324,258573.0000
6325,258573.0000
6326,258573.0000
6327,258573.0000
6328,258573.0000
6329,258573.0000
6330,258573.0000
6331,258573.0000
6332,258573.0000
6333,258573.0000
6334,258573.0000
6335,258573.0000
6336,258573.0000
6337,258573.0000
6338,258573.0000
6339,258573.0000
6340,258573.0000
6341,258573.0000
6342,258573.0000
6343,258573.0000
6344,258573.0000
6345,258573.0000
6346,258573.0000
6347,258573.0000
6348,258573.0000
6349,258573.0000
6350,258573.0000
6351,258573.0000
6352,258573.0000
6353,258573.0000
6354,258573.0000
6355,258573.0000
6356,258573.0000
6357,258573.0000
6358,258573.0000
6359,258573.0000
6360,258573.0000
6361,258573.0000
6362,258573.0000
6363,258573.0000
6364,258573.0000
6365,258573.0000
6366,258573.0000
6367,258573.0000
6368,258573.0000
6369,258573.0000
6370,258573.0000
6371,258573.0000
6372,258573.0000
6373,258573.0000
6374,258573.0000
6375,258573.0000
6376,258573.0000
6377,258573.0000
6378,258573.0000
6379,258573.0000
6380,258573.0000
6381,258573.0000
6382,258573.0000
6383,258573.0000
6384,258573.0000
6385,258573.0000
6386,258573.0000
6387,258573.0000
6388,258573.0000
6389,258573.0000
6390,258573.0000
6391,258573.0000
6392,258573.0000
6393,258573.0000
6394,258573.0000
6395,258573.0000
6396,258573.0000
6397,258573.0000
6398,258573.0000
6399,258573.0000
6400,258573.0000
6401,258573.0000
6402,258573.0000
6403,258573.0000
6404,258573.0000
6405,258573.0000
6406,258573.0000
6407,258573.0000
6408,258573.0000
6409,258573.0000
6410,258573.0000
6411,258573.0000
6412,258573.0000
6413,258573.0000
6414,258573.0000
6415,258573.0000
6416,258573.0000
6417,258573.0000
6418,258573.0000
6419,258573.0000
6420,258573.0000
6421,258573.0000
6422,258573.0000
6423,258573.0000
6424,258573.0000
6425,258573.0000
6426,258573.0000
6427,258573.0000
6428,258573.0000
6429,258573.0000
6430,258573.0000
6431,258573.0000
6432,258573.0000
6433,258573.0000
6434,258573.0000
6435,258573.0000
6436,258573.0000
6437,258573.0000
6438,258573.0000
6439,258573.0000
6440,258573.0000
6441,258573.0000
6442,258573.0000
6443,258573.0000
6444,258573.0000
6445,258573.0000
6446,258573.0000
6447,258573.0000
6448,258573.0000
6449,258573.0000
6450,258573.0000
6451,258573.0000
6452,258573.0000
6453,258573.0000
6454,258573.0000
6455,258573.0000
6456,258573.0000
6457,258573.0000
6458,258573.0000
6459,258573.0000
6460,258573.0000
6461,258573.0000
6462,258573.0000
6463,258573.0000
6464,258573.0000
6465,258573.0000
6466,258573.0000
6467,258573.0000
6468,258573.0000
6469,258573.0000
6470,258573.0000
6471,258573.0000
6472,258573.0000
6473,258573.0000
6474,258573.0000
6475,258573.0000
6476,258573.0000
6477,258573.0000
6478,258573.0000
6479,258573.0000
6480,258573.0000
6481,258573.0000
6482,258573.0000
6483,258573.0000
6484,258573.0000
6485,258573.0000
6486,258573.0000
6487,258573.0000
6488,258573.0000
6489,258573.0000
6490,258573.0000
6491,258573.0000
6492,258573.0000
6493,258573.0000
6494,258573.0000
6495,258573.0000
6496,258573.0000
6497,258573.0000
6498,258573.0000
6499,258573.0000
6500,258573.0000
6501,258573.0000
6502,258573.0000
6503,258573.0000
6504,258573.0000
6505,258573.0000
6506,258573.0000
6507,258573.0000
6508,258573.0000
6509,258573.0000
6510,258573.0000
6511,258573.0000
6512,258573.0000
6513,258573.0000
6514,258573.0000
6515,258573.0000
6516,258573.0000
6517,258573.0000
6518,258573.0000
6519,258573.0000
6520,258573.0000
6521,258573.0000
6522,258573.0000
6523,258573.0000
6524,258573.0000
6525,258573.0000
6526,258573.0000
6527,258573.0000
6528,258573.0000
6529,258573.0000
6530,258573.0000
6531,258573.0000
6532,258573.0000
6533,258573.0000
6534,258573.0000
6535,258573.0000
6536,258573.0000
6537,258573.0000
6538,258573.0000
6539,258573.0000
6540,258573.0000
6541,258573.0000
6542,258573.0000
6543,258573.0000
6544,258573.0000
6545,258573.0000
6546,258573.0000
6547,258573.0000
6548,258573.0000
6549,258573.0000
6550,258573.0000
6551,258573.0000
6552,258573.0000
6553,258573.0000
6554,258573.0000
6555,258573.0000
6556,258573.0000
6557,258573.0000
6558,258573.0000
6559,258573.0000
6560,258573.0000
6561,258573.0000
6562,258573.0000
6563,258573.0000
6564,258573.0000
6565,258573.0000
6566,258573.0000
6567,258573.0000
6568,258573.0000
6569,258573.0000
6570,258573.0000
6571,258573.0000
6572,258573.0000
6573,258573.0000
6574,258573.0000
6575,258573.0000
6576,258573.0000
6577,258573.0000
6578,258573.0000
6579,258573.0000
6580,258573.0000
6581,258573.0000
6582,258573.0000
6583,258573.0000
6584,258573.0000
6585,258573.0000
6586,258573.0000
6587,258573.0000
6588,258573.0000
6589,256921.0000
6590,256921.0000
6591,256921.0000
6592,256921.0000
6593,256921.0000
6594,256921.0000
6595,256921.0000
6596,256921.0000
6597,256921.0000
6598,256921.0000
6599,256921.0000
6600,256921.0000
6601,256921.0000
6602,256921.0000
6603,256921.0000
6604,256921.0000
6605,256921.0000
6606,256921.0000
6607,256921.0000
6608,256921.0000
6609,256921.0000
6610,256921.0000
6611,256921.0000
6612,256921.0000
6613,256921.0000
6614,256921.0000
6615,256921.0000
6616,256921.0000
6617,256921.0000
6618,256921.0000
6619,256921.0000
6620,256921.0000
6621,256921.0000
6622,256921.0000
6623,256921.0000
6624,256921.0000
6625,256921.0000
6626,256921.0000
6627,256921.0000
6628,256921.0000
6629,256921.0000
6630,256921.0000
6631,256921.0000
6632,256921.0000
6633,256921.0000
6634,256921.0000
6635,256921.0000
6636,256921.0000
6637,256921.0000
6638,256921.0000
6639,256921.0000
6640,256921.0000
6641,256921.0000
6642,256921.0000
6643,256921.0000
6644,256921.0000
6645,256921.0000
6646,256921.0000
6647,256921.0000
6648,256921.0000
6649,256921.0000
6650,256921.0000
6651,256921.0000
6652,256921.0000
6653,256921.0000
6654,256921.0000
6655,256921.0000
6656,256921.0000
6657,256921.0000
6658,256921.0000
6659,256921.0000
6660,256921.0000
6661,256921.0000
6662,256921.0000
6663,256921.0000
6664,256921.0000
6665,256921.0000
6666,256921.0000
6667,256921.0000
6668,256921.0000
6669,256921.0000
6670,256921.0000
6671,256921.0000
6672,256921.0000
6673,256921.0000
6674,256921.0000
6675,256921.0000
6676,256921.0000
6677,256921.0000
6678,256921.0000
6679,256921.0000
6680,256921.0000
6681,256921.0000
6682,256921.0000
6683,256921.0000
6684,256921.0000
6685,256921.0000
6686,256921.0000
6687,256921.0000
6688,256921.0000
6689,256921.0000
6690,256921.0000
6691,256921.0000
6692,256921.0000
6693,256921.0000
6694,256921.0000
6695,256921.0000
6696,256921.0000
6697,256921.0000
6698,256921.0000
6699,256921.0000
6700,256921.0000
6701,256921.0000
6702,256921.0000
6703,256921.0000
6704,256921.0000
6705,256921.0000
6706,256921.0000
6707,256921.0000
6708,256921.0000
6709,256921.0000
6710,256921.0000
6711,256921.0000
6712,256921.0000
6713,256921.0000
6714,256921.0000
6715,256921.0000
6716,256921.0000
6717,256921.0000
6718,256921.0000
6719,256921.0000
6720,256921.0000
6721,256921.0000
6722,256921.0000
6723,256921.0000
6724,255983.4000
6725,255983.4000
6726,255983.4000
6727,255983.4000
6728,255983.4000
6729,255983.4000
6730,255983.4000
6731,255983.4000
6732,255983.4000
6733,255983.4000
6734,255983.4000
6735,255983.4000
6736,255983.4000
6737,255983.4000
6738,255983.4000
6739,255983.4000
6740,255983.4000
6741,255983.4000
6742,255983.4000
6743,255983.4000
6744,255983.4000
6745,255983.4000
6746,255983.4000
6747,255983.4000
6748,255983.4000
6749,255983.4000
6750,255983.4000
6751,255983.4000
6752,255983.4000
6753,255983.4000
6754,255983.4000
6755,255983.4000
6756,255983.4000
6757,255983.4000
6758,255983.4000
6759,255983.4000
6760,255983.4000
6761,255983.4000
6762,255983.4000
6763,255983.4000
6764,255983.4000
6765,255983.4000
6766,255983.4000
6767,255983.4000
6768,255983.4000
6769,255983.4000
6770,255983.4000
6771,255983.4000
6772,255983.4000
6773,255983.4000
6774,255983.4000
6775,255983.4000
6776,255983.4000
6777,255983.4000
6778,255983.4000
6779,255983.4000
6780,255983.4000
6781,255983.4000
6782,255983.4000
6783,255983.4000
6784,255983.4000
6785,255983.4000
6786,255983.4000
6787,255983.4000
6788,255983.4000
6789,255983.4000
6790,255983.4000
6791,255983.4000
6792,255983.4000
6793,255983.4000
6794,255983.4000
6795,255983.4000
6796,255983.4000
6797,255983.4000
6798,255983.4000
6799,255983.4000
6800,255983.4000
6801,255983.4000
6802,255983.4000
6803,255983.4000
6804,255983.4000
6805,255983.4000
6806,255983.4000
6807,255983.4000
6808,255983.4000
6809,255983.4000
6810,255983.4000
6811,255983.4000
6812,255983.4000
6813,255983.4000
6814,255983.4000
6815,255983.4000
6816,255983.4000
6817,255983.4000
6818,255983.4000
6819,255983.4000
6820,255983.4000
6821,255983.4000
6822,255983.4000
6823,255983.4000
6824,255983.4000
6825,255983.4000
6826,255983.4000
6827,255983.4000
6828,255983.4000
6829,255983.4000
6830,255983.4000
6831,255983.4000
6832,255983.4000
6833,255983.4000
6834,255983.4000
6835,255983.4000
6836,255983.4000
6837,255983.4000
6838,255983.4000
6839,255983.4000
6840,255983.4000
6841,255983.4000
6842,255983.4000
6843,255983.4000
6844,255983.4000
6845,255983.4000
6846,255983.4000
6847,255983.4000
6848,255983.4000
6849,255983.4000
6850,255983.4000
6851,255983.4000
6852,255983.4000
6853,255983.4000
6854,255983.4000
6855,255983.4000
6856,255983.4000
6857,255983.4000
6858,255983.4000
6859,255983.4000
6860,255983.4000
6861,255983.4000
6862,255983.4000
6863,255983.4000
6864,255983.4000
6865,255983.4000
6866,255983.4000
6867,255983.4000
6868,255983.4000
6869,255983.4000
6870,255983.4000
6871,255983.4000
6872,255983.4000
6873,255983.4000
6874,255983.4000
6875,255983.4000
6876,255983.4000
6877,255983.4000
6878,255983.4000
6879,255983.4000
6880,255983.4000
6881,255983.4000
6882,255983.4000
6883,255983.4000
6884,255983.4000
6885,255983.4000
6886,255983.4000
6887,255983.4000
6888,255983.4000
6889,255983.4000
6890,255983.4000
6891,255983.4000
6892,255983.4000
6893,255983.4000
6894,255983.4000
6895,255983.4000
6896,255983.4000
6897,255983.4000
6898,255983.4000
6899,255983.4000
6900,255983.4000
6901,255983.4000
6902,255983.4000
6903,255983.4000
6904,255983.4000
6905,255983.4000
6906,255983.4000
6907,255983.4000
6908,255983.4000
6909,255983.4000
6910,255983.4000
6911,255983.4000
6912,255983.4000
6913,255983.4000
6914,255983.4000
6915,255983.4000
6916,255983.4000
6917,255983.4000
6918,255983.4000
6919,255983.4000
6920,255983.4000
6921,255983.4000
6922,255983.4000
6923,255983.4000
6924,255983.4000
6925,255983.4000
6926,255983.4000
6927,255983.4000
6928,255983.4000
6929,255983.4000
6930,255983.4000
6931,255983.4000
6932,255983.4000
6933,255983.4000
6934,255983.4000
6935,255983.4000
6936,255983.4000
6937,255983.4000
6938,255983.4000
6939,255983.4000
6940,255983.4000
6941,255983.4000
6942,255983.4000
6943,255983.4000
6944,255983.4000
6945,255983.4000
6946,255983.4000
6947,255983.4000
6948,255983.4000
6949,255983.4000
6950,255983.4000
6951,255983.4000
6952,255983.4000
6953,255983.4000
6954,255983.4000
6955,255983.4000
6956,255983.4000
6957,255983.4000
6958,255983.4000
6959,255983.4000
6960,255983.4000
6961,255983.4000
6962,255983.4000
6963,255983.4000
6964,255983.4000
6965,255983.4000
6966,255983.4000
6967,255983.4000
6968,255983.4000
6969,255983.4000
6970,255983.4000
6971,255983.4000
6972,255983.4000
6973,255983.4000
6974,255983.4000
6975,255983.4000
6976,255983.4000
6977,255983.4000
6978,255983.4000
6979,255983.4000
6980,255983.4000
6981,255983.4000
6982,255983.4000
6983,255983.4000
6984,255983.4000
6985,255983.4000
6986,255983.4000
6987,255983.4000
6988,255983.4000
6989,255983.4000
6990,255983.4000
6991,255983.4000
6992,255983.4000
6993,255983.4000
6994,255983.4000
6995,255983.4000
6996,255983.4000
6997,255983.4000
6998,255983.4000
6999,255983.4000
7000,255983.4000
7001,255983.4000
7002,255983.4000
7003,255983.4000
7004,255983.4000
7005,255983.4000
7006,255983.4000
7007,255983.4000
7008,255983.4000
7009,255983.4000
7010,255983.4000
7011,255983.4000
7012,255983.4000
7013,255983.4000
7014,255983.4000
7015,255983.4000
7016,255983.4000
7017,255983.4000
7018,255983.4000
7019,255983.4000
7020,255983.4000
7021,255983.4000
7022,255983.4000
7023,255983.4000
7024,255983.4000
7025,255983.4000
7026,255983.4000
7027,255983.4000
7028,255983.4000
7029,255983.4000
7030,255983.4000
7031,255983.4000
7032,255983.4000
7033,255983.4000
7034,255983.4000
7035,255983.4000
7036,255983.4000
7037,255983.4000
7038,255983.4000
7039,255983.4000
7040,255983.4000
7041,255983.4000
7042,255983.4000
7043,255983.4000
7044,255983.4000
7045,255983.4000
7046,255983.4000
7047,255983.4000
7048,255983.4000
7049,255983.4000
7050,255983.4000
7051,255983.4000
7052,255983.4000
7053,255983.4000
7054,255983.4000
7055,255983.4000
7056,255983.4000
7057,255983.4000
7058,255983.4000
7059,255983.4000
7060,255983.4000
7061,255983.4000
7062,255983.4000
7063,255983.4000
7064,255983.4000
7065,255983.4000
7066,255983.4000
7067,255983.4000
7068,255983.4000
7069,255983.4000
7070,255983.4000
7071,255983.4000
7072,255983.4000
7073,255983.4000
7074,255983.4000
7075,255983.4000
7076,255983.4000
7077,255983.4000
7078,255983.4000
7079,255983.4000
7080,255983.4000
7081,255983.4000
7082,255983.4000
7083,255983.4000
7084,255983.4000
7085,255983.4000
7086,255983.4000
7087,255983.4000
7088,255983.4000
7089,255983.4000
7090,255983.4000
7091,255983.4000
7092,255983.4000
7093,255983.4000
7094,255983.4000
7095,255983.4000
7096,255983.4000
7097,255983.4000
7098,255983.4000
7099,255983.4000
7100,255983.4000
7101,255983.4000
7102,255983.4000
7103,255983.4000
7104,255983.4000
7105,255983.4000
7106,255983.4000
7107,255983.4000
7108,255983.4000
7109,255983.4000
7110,255983.4000
7111,255983.4000
7112,255983.4000
7113,255983.4000
7114,255983.4000
7115,255983.4000
7116,255983.4000
7117,255983.4000
7118,255983.4000
7119,255983.4000
7120,255983.4000
7121,255983.4000
7122,255983.4000
7123,255983.4000
7124,255983.4000
7125,255983.4000
7126,255983.4000
7127,255983.4000
7128,255983.4000
7129,255983.4000
7130,255983.4000
7131,255983.4000
7132,255983.4000
7133,255983.4000
7134,255983.4000
7135,255983.4000
7136,255983.4000
7137,255983.4000
7138,255983.4000
7139,255983.4000
7140,255983.4000
7141,255983.4000
7142,255983.4000
7143,255983.4000
7144,255983.4000
7145,255983.4000
7146,255983.4000
7147,255983.4000
7148,255983.4000
7149,255983.4000
7150,255983.4000
7151,255983.4000
7152,255983.4000
7153,255983.4000
7154,255983.4000
7155,255983.4000
7156,255983.4000
7157,255983.4000
7158,255983.4000
7159,255983.4000
7160,255983.4000
7161,255983.4000
7162,255983.4000
7163,255983.4000
7164,255983.4000
7165,255983.4000
7166,255983.4000
7167,255983.4000
7168,255983.4000
7169,255983.4000
7170,255983.4000
7171,255983.4000
7172,255983.4000
7173,255983.4000
7174,255983.4000
7175,255983.4000
7176,255983.4000
7177,255983.4000
7178,255983.4000
7179,255983.4000
7180,255983.4000
7181,255983.4000
7182,255983.4000
7183,255983.4000
7184,255983.4000
7185,255983.4000
7186,255983.4000
7187,255983.4000
7188,255983.4000
7189,255983.4000
7190,255983.4000
7191,255983.4000
7192,255983.4000
7193,255983.4000
7194,255983.4000
7195,255983.4000
7196,255983.4000
7197,255983.4000
7198,255983.4000
7199,255983.4000
7200,255983.4000
7201,255983.4000
7202,255983.4000
7203,255983.4000
7204,255983.4000
7205,255983.4000
7206,255983.4000
7207,255983.4000
7208,255983.4000
7209,255983.4000
7210,255983.4000
7211,255983.4000
7212,255983.4000
7213,255983.4000
7214,255983.4000
7215,255983.4000
7216,255983.4000
7217,255983.4000
7218,255983.4000
7219,255983.4000
7220,255983.4000
7221,255983.4000
7222,255983.4000
7223,255983.4000
7224,255983.4000
7225,255983.4000
7226,255983.4000
7227,255983.4000
7228,255983.4000
7229,255983.4000
7230,255983.4000
7231,255983.4000
7232,255983.4000
7233,255983.4000
7234,255983.4000
7235,255983.4000
7236,255983.4000
7237,255983.4000
7238,255983.4000
7239,255983.4000
7240,255983.4000
7241,255983.4000
7242,255983.4000
7243,255983.4000
7244,255983.4000
7245,255983.4000
7246,255983.4000
7247,255983.4000
7248,255983.4000
7249,255983.4000
7250,255983.4000
7251,255983.4000
7252,255983.4000
7253,255983.4000
7254,255983.4000
7255,255983.4000
7256,255983.4000
7257,255983.4000
7258,255983.4000
7259,255983.4000
7260,255983.4000
7261,255983.4000
7262,255983.4000
7263,255983.4000
7264,255983.4000
7265,255983.4000
7266,255983.4000
7267,255983.4000
7268,255983.4000
7269,255983.4000
7270,255983.4000
7271,255983.4000
7272,255983.4000
7273,255983.4000
7274,255983.4000
7275,255983.4000
7276,255983.4000
7277,255983.4000
7278,255983.4000
7279,255983.4000
7280,255983.4000
7281,255983.4000
7282,255983.4000
7283,255983.4000
7284,255983.4000
7285,255983.4000
7286,255983.4000
7287,255983.4000
7288,255983.4000
7289,255983.4000
7290,255983.4000
7291,255983.4000
7292,255983.4000
7293,255983.4000
7294,255983.4000
7295,255983.4000
7296,255983.4000
7297,255983.4000
7298,255983.4000
7299,255983.4000
7300,255983.4000
7301,255983.4000
7302,255983.4000
7303,255983.4000
7304,255983.4000
7305,255983.4000
7306,255983.4000
7307,255983.4000
7308,255983.4000
7309,255983.4000
7310,255983.4000
7311,255983.4000
7312,255983.4000
7313,255983.4000
7314,255983.4000
7315,255983.4000
7316,255983.4000
7317,255983.4000
7318,255983.4000
7319,255983.4000
7320,255983.4000
7321,255983.4000
7322,255983.4000
7323,255983.4000
7324,255983.4000
7325,255983.4000
7326,255983.4000
7327,255983.4000
7328,255983.4000
7329,255983.4000
7330,255983.4000
7331,255983.4000
7332,255983.4000
7333,255983.4000
7334,255983.4000
7335,255983.4000
7336,255983.4000
7337,255983.4000
7338,255983.4000
7339,255983.4000
7340,255983.4000
7341,255983.4000
7342,255983.4000
7343,255983.4000
7344,255983.4000
7345,255983.4000
7346,255983.4000
7347,255983.4000
7348,255983.4000
7349,255983.4000
7350,255983.4000
7351,255983.4000
7352,255983.4000
7353,255983.4000
7354,255983.4000
7355,255983.4000
7356,255983.4000
7357,255983.4000
7358,255983.4000
7359,255983.4000
7360,255983.4000
7361,255983.4000
7362,255983.4000
7363,255983.4000
7364,255983.4000
7365,255983.4000
7366,255983.4000
7367,255983.4000
7368,255983.4000
7369,255983.4000
7370,255983.4000
7371,255983.4000
7372,255983.4000
7373,255983.4000
7374,255983.4000
7375,255983.4000
7376,255983.4000
7377,255983.4000
7378,255983.4000
7379,255983.4000
7380,255983.4000
7381,255983.4000
7382,255983.4000
7383,255983.4000
7384,255983.4000
7385,255983.4000
7386,255983.4000
7387,255983.4000
7388,255983.4000
7389,255983.4000
7390,255983.4000
7391,255983.4000
7392,255983.4000
7393,255983.4000
7394,255983.4000
7395,255983.4000
7396,255983.4000
7397,255983.4000
7398,255983.4000
7399,255983.4000
7400,255983.4000
7401,255983.4000
7402,255983.4000
7403,255983.4000
7404,255983.4000
7405,255983.4000
7406,255983.4000
7407,255983.4000
7408,255983.4000
7409,255983.4000
7410,255983.4000
7411,255983.4000
7412,255983.4000
7413,255983.4000
7414,255983.4000
7415,255983.4000
7416,255983.4000
7417,255983.4000
7418,255983.4000
7419,255983.4000
7420,255983.4000
7421,255983.4000
7422,255983.4000
7423,255983.4000
7424,255983.4000
7425,255983.4000
7426,255983.4000
7427,255983.4000
7428,255983.4000
7429,255983.4000
7430,255983.4000
7431,255983.4000
7432,255983.4000
7433,255983.4000
7434,255983.4000
7435,255983.4000
7436,255983.4000
7437,255983.4000
7438,255983.4000
7439,255983.4000
7440,255983.4000
7441,255983.4000
7442,255983.4000
7443,255983.4000
7444,255983.4000
7445,255983.4000
7446,255983.4000
7447,255983.4000
7448,255983.4000
7449,255983.4000
7450,255983.4000
7451,255983.4000
7452,255983.4000
7453,255983.4000
7454,255983.4000
7455,255983.4000
7456,255983.4000
7457,255983.4000
7458,255983.4000
7459,255983.4000
7460,255983.4000
7461,255983.4000
7462,255983.4000
7463,255983.4000
7464,255983.4000
7465,255983.4000
7466,255983.4000
7467,255983.4000
7468,255983.4000
7469,255983.4000
7470,255983.4000
7471,255983.4000
7472,255983.4000
7473,255983.4000
7474,255983.4000
7475,255983.4000
7476,255983.4000
7477,255983.4000
7478,255983.4000
7479,255983.4000
7480,255983.4000
7481,255983.4000
7482,255983.4000
7483,255983.4000
7484,255983.4000
7485,255983.4000
7486,255983.4000
7487,255983.4000
7488,255983.4000
7489,255983.4000
7490,255983.4000
7491,255983.4000
7492,255983.4000
7493,255983.4000
7494,255983.4000
7495,255983.4000
7496,255983.4000
7497,255983.4000
7498,255983.4000
7499,255983.4000
7500,255983.4000
7501,255983.4000
7502,255983.4000
7503,255983.4000
7504,255983.4000
7505,255983.4000
7506,255983.4000
7507,255983.4000
7508,255983.4000
7509,255983.4000
7510,255983.4000
7511,255983.4000
7512,255983.4000
7513,255983.4000
7514,255983.4000
7515,255983.4000
7516,255983.4000
7517,255983.4000
7518,255983.4000
7519,255983.4000
7520,255983.4000
7521,255983.4000
7522,255983.4000
7523,255983.4000
7524,255983.4000
7525,255983.4000
7526,255983.4000
7527,255983.4000
7528,255983.4000
7529,255983.4000
7530,255983.4000
7531,255983.4000
7532,255983.4000
7533,255983.4000
7534,255983.4000
7535,255983.4000
7536,255983.4000
7537,255983.4000
7538,255983.4000
7539,255983.4000
7540,255983.4000
7541,255983.4000
7542,255983.4000
7543,255983.4000
7544,255983.4000
7545,255983.4000
7546,255983.4000
7547,255983.4000
7548,255983.4000
7549,255983.4000
7550,255983.4000
7551,255983.4000
7552,255983.4000
7553,255983.4000
7554,255983.4000
7555,255983.4000
7556,255983.4000
7557,255983.4000
7558,255983.4000
7559,255983.4000
7560,255983.4000
7561,255983.4000
7562,255983.4000
7563,255983.4000
7564,255983.4000
7565,255983.4000
7566,255983.4000
7567,255983.4000
7568,255983.4000
7569,255983.4000
7570,255983.4000
7571,255983.4000
7572,255983.4000
7573,255983.4000
7574,255983.4000
7575,255983.4000
7576,255983.4000
7577,255983.4000
7578,255983.4000
7579,255983.4000
7580,255983.4000
7581,255983.4000
7582,255983.4000
7583,255983.4000
7584,255983.4000
7585,255983.4000
7586,255983.4000
7587,255983.4000
7588,255983.4000
7589,255983.4000
7590,255983.4000
7591,255983.4000
7592,255983.4000
7593,255983.4000
7594,255983.4000
7595,255983.4000
7596,255983.4000
7597,255983.4000
7598,255983.4000
7599,255983.4000
7600,255983.4000
7601,255983.4000
7602,255983.4000
7603,255983.4000
7604,255983.4000
7605,255983.4000
7606,255983.4000
7607,255983.4000
7608,255983.4000
7609,255983.4000
7610,255983.4000
7611,255983.4000
7612,255983.4000
7613,255983.4000
7614,255983.4000
7615,255983.4000
7616,255983.4000
7617,255983.4000
7618,255983.4000
7619,255983.4000
7620,255983.4000
7621,255983.4000
7622,255983.4000
7623,255983.4000
7624,255983.4000
7625,255983.4000
7626,255983.4000
7627,255983.4000
7628,255983.4000
7629,255983.4000
7630,255983.4000
7631,255983.4000
7632,255983.4000
7633,255983.4000
7634,255983.4000
7635,255983.4000
7636,255983.4000
7637,255983.4000
7638,255983.4000
7639,255983.4000
7640,255983.4000
7641,255983.4000
7642,255983.4000
7643,255983.4000
7644,255983.4000
7645,255983.4000
7646,255983.4000
7647,255983.4000
7648,255983.4000
7649,255983.4000
7650,255983.4000
7651,255983.4000
7652,255983.4000
7653,255983.4000
7654,255983.4000
7655,255983.4000
7656,255983.4000
7657,255983.4000
7658,255983.4000
7659,255983.4000
7660,255983.4000
7661,255983.4000
7662,255983.4000
7663,255983.4000
7664,255983.4000
7665,255983.4000
7666,255983.4000
7667,255983.4000
7668,255983.4000
7669,255983.4000
7670,255983.4000
7671,255983.4000
7672,255983.4000
7673,255983.4000
7674,255983.4000
7675,255983.4000
7676,255983.4000
7677,255983.4000
7678,255983.4000
7679,255983.4000
7680,255983.4000
7681,255983.4000
7682,255983.4000
7683,255983.4000
7684,255983.4000
7685,255983.4000
7686,255983.4000
7687,255983.4000
7688,255983.4000
7689,255983.4000
7690,255983.4000
7691,255983.4000
7692,255983.4000
7693,255983.4000
7694,255983.4000
7695,255983.4000
7696,255983.4000
7697,255983.4000
7698,255983.4000
7699,255983.4000
7700,255983.4000
7701,255983.4000
7702,255983.4000
7703,255983.4000
7704,255983.4000
7705,255983.4000
7706,255983.4000
7707,255983.4000
7708,255983.4000
7709,255983.4000
7710,255983.4000
7711,255983.4000
7712,255983.4000
7713,255983.4000
7714,255983.4000
7715,255983.4000
7716,255983.4000
7717,255983.4000
7718,255983.4000
7719,255983.4000
7720,255983.4000
7721,255983.4000
7722,255983.4000
7723,255983.4000
7724,255983.4000
7725,255983.4000
7726,255983.4000
7727,255983.4000
7728,255983.4000
7729,255983.4000
7730,255983.4000
7731,255983.4000
7732,255983.4000
7733,255983.4000
7734,255983.4000
7735,255983.4000
7736,255983.4000
7737,255983.4000
7738,255983.4000
7739,255983.4000
7740,255983.4000
7741,255983.4000
7742,255983.4000
7743,255983.4000
7744,255983.4000
7745,255983.4000
7746,255983.4000
7747,255983.4000
7748,255983.4000
7749,255983.4000
7750,255983.4000
7751,255983.4000
7752,255983.4000
7753,255983.4000
7754,255983.4000
7755,255983.4000
7756,255983.4000
7757,255983.4000
7758,255983.4000
7759,255983.4000
7760,255983.4000
7761,255983.4000
7762,255983.4000
7763,255983.4000
7764,255983.4000
7765,255983.4000
7766,255983.4000
7767,255983.4000
7768,255983.4000
7769,255983.4000
7770,255983.4000
7771,255983.4000
7772,255983.4000
7773,255983.4000
7774,255983.4000
7775,255983.4000
7776,255983.4000
7777,255983.4000
7778,255983.4000
7779,255983.4000
7780,255983.4000
7781,255983.4000
7782,255983.4000
7783,255983.4000
7784,255983.4000
7785,255983.4000
7786,255983.4000
7787,255983.4000
7788,255983.4000
7789,255983.4000
7790,255983.4000
7791,255983.4000
7792,255983.4000
7793,255983.4000
7794,255983.4000
7795,255983.4000
7796,255983.4000
7797,255983.4000
7798,255983.4000
7799,255983.4000
7800,255983.4000
7801,255983.4000
7802,255983.4000
7803,255983.4000
7804,255983.4000
7805,255983.4000
7806,255983.4000
7807,255983.4000
7808,255983.4000
7809,255983.4000
7810,255983.4000
7811,255983.4000
7812,255983.4000
7813,255983.4000
7814,255983.4000
7815,255983.4000
7816,255983.4000
7817,255983.4000
7818,255983.4000
7819,255983.4000
7820,255983.4000
7821,255983.4000
7822,255983.4000
7823,255983.4000
7824,255983.4000
7825,255983.4000
7826,255983.4000
7827,255983.4000
7828,255983.4000
7829,255983.4000
7830,255983.4000
7831,255983.4000
7832,255983.4000
7833,255983.4000
7834,255983.4000
7835,255983.4000
7836,255983.4000
7837,255983.4000
7838,255983.4000
7839,255983.4000
7840,255983.4000
7841,255983.4000
7842,255983.4000
7843,255983.4000
7844,255983.4000
7845,255983.4000
7846,255983.4000
7847,255983.4000
7848,255983.4000
7849,255983.4000
7850,255983.4000
7851,255983.4000
7852,255983.4000
7853,255983.4000
7854,255983.4000
7855,255983.4000
7856,255983.4000
7857,255983.4000
7858,255983.4000
7859,255983.4000
7860,255983.4000
7861,255983.4000
7862,255983.4000
7863,255983.4000
7864,255983.4000
7865,255983.4000
7866,255983.4000
7867,255983.4000
7868,255983.4000
7869,255983.4000
7870,255983.4000
7871,255983.4000
7872,255983.4000
7873,255983.4000
7874,255983.4000
7875,254325.0000
7876,254325.0000
7877,254325.0000
7878,254325.0000
7879,254325.0000
7880,254325.0000
7881,254325.0000
7882,254325.0000
7883,254325.0000
7884,254325.0000
7885,254325.0000
7886,254325.0000
7887,254325.0000
7888,254325.0000
7889,254325.0000
7890,254325.0000
7891,254325.0000
7892,254325.0000
7893,254325.0000
7894,254325.0000
7895,254325.0000
7896,254325.0000
7897,254325.0000
7898,254325.0000
7899,254325.0000
7900,254325.0000
7901,254325.0000
7902,254325.0000
7903,254325.0000
7904,254325.0000
7905,254325.0000
7906,254325.0000
7907,254325.0000
7908,254325.0000
7909,254325.0000
7910,254325.0000
7911,254325.0000
7912,254325.0000
7913,254325.0000
7914,254325.0000
7915,254325.0000
7916,254325.0000
7917,254325.0000
7918,254325.0000
7919,254325.0000
7920,254325.0000
7921,254325.0000
7922,254325.0000
7923,254325.0000
7924,254325.0000
7925,254325.0000
7926,254325.0000
7927,254325.0000
7928,254325.0000
7929,254325.0000
7930,254325.0000
7931,254325.0000
7932,254325.0000
7933,254325.0000
7934,254325.0000
7935,254325.0000
7936,254325.0000
7937,254325.0000
7938,254325.0000
7939,254325.0000
7940,254325.0000
7941,254325.0000
7942,254325.0000
7943,254325.0000
7944,254325.0000
7945,254325.0000
7946,254325.0000
7947,254325.0000
7948,254325.0000
7949,254325.0000
7950,254325.0000
7951,254325.0000
7952,254325.0000
7953,254325.0000
7954,254325.0000
7955,254325.0000
7956,254325.0000
7957,254325.0000
7958,254325.0000
7959,254325.0000
7960,254325.0000
7961,254325.0000
7962,254325.0000
7963,254325.0000
7964,254325.0000
7965,254325.0000
7966,254325.0000
7967,254325.0000
7968,254325.0000
7969,254325.0000
7970,254325.0000
7971,254325.0000
7972,254325.0000
7973,254325.0000
7974,254325.0000
7975,254325.0000
7976,254325.0000
7977,254325.0000
7978,254325.0000
7979,254325.0000
7980,254325.0000
7981,254325.0000
7982,254325.0000
7983,254325.0000
7984,254325.0000
7985,254325.0000
7986,254325.0000
7987,254325.0000
7988,254325.0000
7989,254325.0000
7990,254325.0000
7991,254325.0000
7992,254325.0000
7993,254325.0000
7994,254325.0000
7995,254325.0000
7996,254325.0000
7997,254325.0000
7998,254325.0000
7999,254325.0000
8000,254325.0000
8001,254325.0000
8002,254325.0000
8003,254325.0000
8004,254325.0000
8005,254325.0000
8006,254325.0000
8007,254325.0000
8008,254325.0000
8009,254325.0000
8010,254325.0000
8011,254325.0000
8012,254325.0000
8013,254325.0000
8014,254325.0000
8015,254325.0000
8016,254325.0000
8017,254325.0000
8018,254325.0000
8019,254325.0000
8020,254325.0000
8021,254325.0000
8022,254325.0000
8023,254325.0000
8024,254325.0000
8025,254325.0000
8026,254325.0000
8027,254325.0000
8028,254325.0000
8029,254325.0000
8030,254325.0000
8031,254325.0000
8032,254325.0000
8033,254325.0000
8034,254325.0000
8035,254325.0000
8036,254325.0000
8037,254325.0000
8038,254325.0000
8039,254325.0000
8040,254325.0000
8041,254325.0000
8042,254325.0000
8043,254325.0000
8044,254325.0000
8045,254325.0000
8046,254325.0000
8047,254325.0000
8048,254325.0000
8049,254325.0000
8050,254325.0000
8051,254325.0000
8052,254325.0000
8053,254325.0000
8054,254325.0000
8055,254325.0000
8056,254325.0000
8057,254325.0000
8058,254325.0000
8059,254325.0000
8060,254325.0000
8061,254325.0000
8062,254325.0000
8063,254325.0000
8064,254325.0000
8065,254325.0000
8066,254325.0000
8067,254325.0000
8068,254325.0000
8069,254325.0000
8070,254325.0000
8071,254325.0000
8072,254325.0000
8073,254325.0000
8074,254325.0000
8075,254325.0000
8076,254325.0000
8077,254325.0000
8078,254325.0000
8079,254325.0000
8080,254325.0000
8081,254325.0000
8082,254325.0000
8083,254325.0000
8084,254325.0000
8085,254325.0000
8086,254325.0000
8087,254325.0000
8088,254325.0000
8089,254325.0000
8090,254325.0000
8091,254325.0000
8092,254325.0000
8093,254325.0000
8094,254325.0000
8095,254325.0000
8096,254325.0000
8097,254325.0000
8098,254325.0000
8099,254325.0000
8100,254325.0000
8101,254325.0000
8102,254325.0000
8103,254325.0000
8104,254325.0000
8105,254325.0000
8106,254325.0000
8107,254325.0000
8108,254325.0000
8109,254325.0000
8110,254325.0000
8111,254325.0000
8112,254325.0000
8113,254325.0000
8114,254325.0000
8115,254325.0000
8116,254325.0000
8117,254325.0000
8118,254325.0000
8119,254325.0000
8120,254325.0000
8121,254325.0000
8122,254325.0000
8123,254325.0000
8124,254325.0000
8125,254325.0000
8126,254325.0000
8127,254325.0000
8128,254325.0000
8129,254325.0000
8130,254325.0000
8131,254325.0000
8132,254325.0000
8133,254325.0000
8134,254325.0000
8135,254325.0000
8136,254325.0000
8137,254325.0000
8138,254325.0000
8139,254325.0000
8140,254325.0000
8141,254325.0000
8142,254325.0000
8143,254325.0000
8144,254325.0000
8145,254325.0000
8146,254325.0000
8147,254325.0000
8148,254325.0000
8149,254325.0000
8150,254325.0000
8151,254325.0000
8152,254325.0000
8153,254325.0000
8154,254325.0000
8155,254325.0000
8156,254325.0000
8157,254325.0000
8158,254325.0000
8159,254325.0000
8160,254325.0000
8161,254325.0000
8162,254325.0000
8163,254325.0000
8164,254325.0000
8165,254325.0000
8166,254325.0000
8167,254325.0000
8168,254325.0000
8169,254325.0000
8170,254325.0000
8171,254325.0000
8172,254325.0000
8173,254325.0000
8174,254325.0000
8175,254325.0000
8176,254325.0000
8177,254325.0000
8178,254325.0000
8179,254325.0000
8180,254325.0000
8181,254325.0000
8182,254325.0000
8183,254325.0000
8184,254325.0000
8185,254325.0000
8186,254325.0000
8187,254325.0000
8188,254325.0000
8189,254325.0000
8190,254325.0000
8191,254325.0000
8192,254325.0000
8193,254325.0000
8194,254325.0000
8195,254325.0000
8196,254325.0000
8197,254325.0000
8198,254325.0000
8199,254325.0000
8200,254325.0000
8201,254325.0000
8202,254325.0000
8203,254325.0000
8204,254325.0000
8205,254325.0000
8206,254325.0000
8207,254325.0000
8208,254325.0000
8209,254325.0000
8210,254325.0000
8211,254325.0000
8212,254325.0000
8213,254325.0000
8214,254325.0000
8215,254325.0000
8216,254325.0000
8217,254325.0000
8218,254325.0000
8219,254325.0000
8220,254325.0000
8221,254325.0000
8222,254325.0000
8223,254325.0000
8224,254325.0000
8225,254325.0000
8226,254325.0000
8227,254325.0000
8228,254325.0000
8229,254325.0000
8230,254325.0000
8231,254325.0000
8232,254325.0000
8233,254325.0000
8234,254325.0000
8235,254325.0000
8236,254325.0000
8237,254325.0000
8238,254325.0000
8239,254325.0000
8240,254325.0000
8241,254325.0000
8242,254325.0000
8243,254325.0000
8244,254325.0000
8245,254325.0000
8246,254325.0000
8247,254325.0000
8248,254325.0000
8249,254325.0000
8250,254325.0000
8251,254325.0000
8252,254325.0000
8253,254325.0000
8254,254325.0000
8255,254325.0000
8256,254325.0000
8257,254325.0000
8258,254325.0000
8259,254325.0000
8260,254325.0000
8261,254325.0000
8262,254325.0000
8263,254325.0000
8264,254325.0000
8265,254325.0000
8266,254325.0000
8267,254325.0000
8268,254325.0000
8269,254325.0000
8270,254325.0000
8271,254325.0000
8272,254325.0000
8273,254325.0000
8274,254325.0000
8275,254325.0000
8276,254325.0000
8277,254325.0000
8278,254325.0000
8279,254325.0000
8280,254325.0000
8281,254325.0000
8282,254325.0000
8283,254325.0000
8284,254325.0000
8285,254325.0000
8286,254325.0000
8287,254325.0000
8288,254325.0000
8289,254325.0000
8290,254325.0000
8291,254325.0000
8292,254325.0000
8293,254325.0000
8294,254325.0000
8295,254325.0000
8296,254325.0000
8297,254325.0000
8298,254325.0000
8299,254325.0000
8300,254325.0000
8301,254325.0000
8302,254325.0000
8303,254325.0000
8304,254325.0000
8305,254325.0000
8306,254325.0000
8307,254325.0000
8308,254325.0000
8309,254325.0000
8310,254325.0000
8311,254325.0000
8312,254325.0000
8313,254325.0000
8314,254325.0000
8315,254325.0000
8316,254325.0000
8317,254325.0000
8318,254325.0000
8319,254325.0000
8320,254325.0000
8321,254325.0000
8322,254325.0000
8323,254325.0000
8324,254325.0000
8325,254325.0000
8326,254325.0000
8327,254325.0000
8328,254325.0000
8329,254325.0000
8330,254325.0000
8331,254325.0000
8332,254325.0000
8333,254325.0000
8334,254325.0000
8335,254325.0000
8336,254325.0000
8337,254325.0000
8338,254325.0000
8339,254325.0000
8340,254325.0000
8341,254325.0000
8342,254325.0000
8343,254325.0000
8344,254325.0000
8345,254325.0000
8346,254325.0000
8347,254325.0000
8348,254325.0000
8349,254325.0000
8350,254325.0000
8351,254325.0000
8352,254325.0000
8353,254325.0000
8354,254325.0000
8355,254325.0000
8356,254325.0000
8357,254325.0000
8358,254325.0000
8359,254325.0000
8360,254325.0000
8361,254325.0000
8362,254325.0000
8363,254325.0000
8364,254325.0000
8365,254325.0000
8366,254325.0000
8367,254325.0000
8368,254325.0000
8369,254325.0000
8370,254325.0000
8371,254325.0000
8372,254325.0000
8373,254325.0000
8374,254325.0000
8375,254325.0000
8376,254325.0000
8377,254325.0000
8378,254325.0000
8379,254325.0000
8380,254325.0000
8381,254325.0000
8382,254325.0000
8383,254325.0000
8384,254325.0000
8385,254325.0000
8386,254325.0000
8387,254325.0000
8388,254325.0000
8389,254325.0000
8390,254325.0000
8391,254325.0000
8392,254325.0000
8393,254325.0000
8394,254325.0000
8395,254325.0000
8396,254325.0000
8397,254325.0000
8398,254325.0000
8399,254325.0000
8400,254325.0000
8401,254325.0000
8402,254325.0000
8403,254325.0000
8404,254325.0000
8405,254325.0000
8406,254325.0000
8407,254325.0000
8408,254325.0000
8409,254325.0000
8410,254325.0000
8411,254325.0000
8412,254325.0000
8413,254325.0000
8414,254325.0000
8415,254325.0000
8416,254325.0000
8417,254325.0000
8418,254325.0000
8419,254325.0000
8420,254325.0000
8421,254325.0000
8422,254325.0000
8423,254325.0000
8424,254325.0000
8425,254325.0000
8426,254325.0000
8427,254325.0000
8428,254325.0000
8429,254325.0000
8430,254325.0000
8431,254325.0000
8432,254325.0000
8433,254325.0000
8434,254325.0000
8435,254325.0000
8436,254325.0000
8437,254325.0000
8438,254325.0000
8439,254325.0000
8440,254325.0000
8441,254325.0000
8442,254325.0000
8443,254325.0000
8444,254325.0000
8445,254325.0000
8446,254325.0000
8447,254325.0000
8448,254325.0000
8449,254325.0000
8450,254325.0000
8451,254325.0000
8452,254325.0000
8453,254325.0000
8454,254325.0000
8455,254325.0000
8456,254325.0000
8457,254325.0000
8458,254325.0000
8459,254325.0000
8460,254325.0000
8461,254325.0000
8462,254325.0000
8463,254325.0000
8464,254325.0000
8465,254325.0000
8466,254325.0000
8467,254325.0000
8468,254325.0000
8469,254325.0000
8470,254325.0000
8471,254325.0000
8472,254325.0000
8473,254325.0000
8474,254325.0000
8475,254325.0000
8476,254325.0000
8477,254325.0000
8478,254325.0000
8479,254325.0000
8480,254325.0000
8481,254325.0000
8482,254325.0000
8483,254325.0000
8484,254325.0000
8485,254325.0000
8486,254325.0000
8487,254325.0000
8488,254325.0000
8489,254325.0000
8490,254325.0000
8491,254325.0000
8492,254325.0000
8493,254325.0000
8494,254325.0000
8495,254325.0000
8496,254325.0000
8497,254325.0000
8498,254325.0000
8499,254325.0000
8500,254325.0000
8501,254325.0000
8502,254325.0000
8503,254325.0000
8504,254325.0000
8505,254325.0000
8506,254325.0000
8507,254325.0000
8508,254325.0000
8509,254325.0000
8510,254325.0000
8511,254325.0000
8512,254325.0000
8513,254325.0000
8514,254325.0000
8515,254325.0000
8516,254325.0000
8517,254325.0000
8518,254325.0000
8519,254325.0000
8520,254325.0000
8521,254325.0000
8522,254325.0000
8523,254325.0000
8524,254325.0000
8525,254325.0000
8526,254325.0000
8527,254325.0000
8528,254325.0000
8529,254325.0000
8530,254325.0000
8531,254325.0000
8532,254325.0000
8533,254325.0000
8534,254325.0000
8535,254325.0000
8536,254325.0000
8537,254325.0000
8538,254325.0000
8539,254325.0000
8540,254325.0000
8541,254325.0000
8542,254325.0000
8543,254325.0000
8544,254325.0000
8545,254325.0000
8546,254325.0000
8547,254325.0000
8548,254325.0000
8549,254325.0000
8550,254325.0000
8551,254325.0000
8552,254325.0000
8553,254325.0000
8554,254325.0000
8555,254325.0000
8556,254325.0000
8557,254325.0000
8558,254325.0000
8559,254325.0000
8560,254325.0000
8561,254325.0000
8562,254325.0000
8563,254325.0000
8564,254325.0000
8565,254325.0000
8566,254325.0000
8567,254325.0000
8568,254325.0000
8569,254325.0000
8570,254325.0000
8571,254325.0000
8572,254325.0000
8573,254325.0000
8574,254325.0000
8575,254325.0000
8576,254325.0000
8577,254325.0000
8578,254325.0000
8579,254325.0000
8580,254325.0000
8581,254325.0000
8582,254325.0000
8583,254325.0000
8584,254325.0000
8585,254325.0000
8586,254325.0000
8587,254325.0000
8588,254325.0000
8589,254325.0000
8590,254325.0000
8591,254325.0000
8592,254325.0000
8593,254325.0000
8594,254325.0000
8595,254325.0000
8596,254325.0000
8597,254325.0000
8598,254325.0000
8599,254325.0000
8600,254325.0000
8601,254325.0000
8602,254325.0000
8603,254325.0000
8604,254325.0000
8605,254325.0000
8606,254325.0000
8607,254325.0000
8608,254325.0000
8609,254325.0000
8610,254325.0000
8611,254325.0000
8612,254325.0000
8613,254325.0000
8614,254325.0000
8615,254325.0000
8616,254325.0000
8617,254325.0000
8618,254325.0000
8619,254325.0000
8620,254325.0000
8621,254325.0000
8622,254325.0000
8623,254325.0000
8624,254325.0000
8625,254325.0000
8626,254325.0000
8627,254325.0000
8628,254325.0000
8629,254325.0000
8630,254325.0000
8631,254325.0000
8632,254325.0000
8633,254325.0000
8634,254325.0000
8635,254325.0000
8636,254325.0000
8637,254325.0000
8638,254325.0000
8639,254325.0000
8640,254325.0000
8641,254325.0000
8642,254325.0000
8643,254325.0000
8644,254325.0000
8645,254325.0000
8646,254325.0000
8647,254325.0000
8648,254325.0000
8649,254325.0000
8650,254325.0000
8651,254325.0000
8652,254325.0000
8653,254325.0000
8654,254325.0000
8655,254325.0000
8656,254325.0000
8657,254325.0000
8658,254325.0000
8659,254325.0000
8660,254325.0000
8661,254325.0000
8662,254325.0000
8663,254325.0000
8664,254325.0000
8665,254325.0000
8666,254325.0000
8667,254325.0000
8668,254325.0000
8669,254325.0000
8670,254325.0000
8671,254325.0000
8672,254325.0000
8673,254325.0000
8674,254325.0000
8675,254325.0000
8676,254325.0000
8677,254325.0000
8678,254325.0000
8679,254325.0000
8680,254325.0000
8681,254325.0000
8682,254325.0000
8683,254325.0000
8684,254325.0000
8685,254325.0000
8686,254325.0000
8687,254325.0000
8688,254325.0000
8689,254325.0000
8690,254325.0000
8691,254325.0000
8692,254325.0000
8693,254325.0000
8694,254325.0000
8695,254325.0000
8696,254325.0000
8697,254325.0000
8698,254325.0000
8699,254325.0000
8700,254325.0000
8701,254325.0000
8702,254325.0000
8703,254325.0000
8704,254325.0000
8705,254325.0000
8706,254325.0000
8707,254325.0000
8708,254325.0000
8709,254325.0000
8710,254325.0000
8711,254325.0000
8712,254325.0000
8713,254325.0000
8714,254325.0000
8715,254325.0000
8716,254325.0000
8717,254325.0000
8718,254325.0000
8719,254325.0000
8720,254325.0000
8721,254325.0000
8722,254325.0000
8723,254325.0000
8724,254325.0000
8725,254325.0000
8726,254325.0000
8727,254325.0000
8728,254325.0000
8729,254325.0000
8730,254325.0000
8731,254325.0000
8732,254325.0000
8733,254325.0000
8734,254325.0000
8735,254325.0000
8736,254325.0000
8737,254325.0000
8738,254325.0000
8739,254325.0000
8740,254325.0000
8741,254325.0000
8742,254325.0000
8743,254325.0000
8744,254325.0000
8745,254325.0000
8746,254325.0000
8747,254325.0000
8748,254325.0000
8749,254325.0000
8750,254325.0000
8751,254325.0000
8752,254325.0000
8753,254325.0000
8754,254325.0000
8755,254325.0000
8756,254325.0000
8757,254325.0000
8758,254325.0000
8759,254325.0000
8760,254325.0000
8761,254325.0000
8762,254325.0000
8763,254325.0000
8764,254325.0000
8765,254325.0000
8766,254325.0000
8767,254325.0000
8768,254325.0000
8769,254325.0000
8770,254325.0000
8771,254325.0000
8772,254325.0000
8773,254325.0000
8774,254325.0000
8775,254325.0000
8776,254325.0000
8777,254325.0000
8778,254325.0000
8779,254325.0000
8780,254325.0000
8781,254325.0000
8782,254325.0000
8783,254325.0000
8784,254325.0000
8785,254325.0000
8786,254325.0000
8787,254325.0000
8788,254325.0000
8789,254325.0000
8790,254325.0000
8791,254325.0000
8792,254325.0000
8793,254325.0000
8794,254325.0000
8795,254325.0000
8796,254325.0000
8797,254325.0000
8798,254325.0000
8799,254325.0000
8800,254325.0000
8801,254325.0000
8802,254325.0000
8803,254325.0000
8804,254325.0000
8805,254325.0000
8806,254325.0000
8807,254325.0000
8808,254325.0000
8809,254325.0000
8810,254325.0000
8811,254325.0000
8812,254325.0000
8813,254325.0000
8814,254325.0000
8815,254325.0000
8816,254325.0000
8817,254325.0000
8818,254325.0000
8819,254325.0000
8820,254325.0000
8821,254325.0000
8822,254325.0000
8823,254325.0000
8824,254325.0000
8825,254325.0000
8826,254325.0000
8827,254325.0000
8828,254325.0000
8829,254325.0000
8830,254325.0000
8831,254325.0000
8832,254325.0000
8833,254325.0000
8834,254325.0000
8835,254325.0000
8836,254325.0000
8837,254325.0000
8838,254325.0000
8839,254325.0000
8840,254325.0000
8841,254325.0000
8842,254325.0000
8843,254325.0000
8844,254325.0000
8845,254325.0000
8846,254325.0000
8847,254325.0000
8848,254325.0000
8849,254325.0000
8850,254325.0000
8851,254325.0000
8852,254325.0000
8853,254325.0000
8854,254325.0000
8855,254325.0000
8856,254325.0000
8857,254325.0000
8858,254325.0000
8859,254325.0000
8860,254325.0000
8861,254325.0000
8862,254325.0000
8863,254325.0000
8864,254325.0000
8865,254325.0000
8866,254325.0000
8867,254325.0000
8868,254325.0000
8869,254325.0000
8870,254325.0000
8871,254325.0000
8872,254325.0000
8873,254325.0000
8874,254325.0000
8875,254325.0000
8876,254325.0000
8877,254325.0000
8878,254325.0000
8879,254325.0000
8880,254325.0000
8881,254325.0000
8882,254325.0000
8883,254325.0000
8884,254325.0000
8885,254325.0000
8886,254325.0000
8887,254325.0000
8888,254325.0000
8889,254325.0000
8890,254325.0000
8891,254325.0000
8892,254325.0000
8893,254325.0000
8894,254325.0000
8895,254325.0000
8896,254325.0000
8897,254325.0000
8898,254325.0000
8899,254325.0000
8900,254325.0000
8901,254325.0000
8902,254325.0000
8903,254325.0000
8904,254325.0000
8905,254325.0000
8906,254325.0000
8907,254325.0000
8908,254325.0000
8909,254325.0000
8910,254325.0000
8911,254325.0000
8912,254325.0000
8913,254325.0000
8914,254325.0000
8915,254325.0000
8916,254325.0000
8917,254325.0000
8918,254325.0000
8919,254325.0000
8920,254325.0000
8921,254325.0000
8922,254325.0000
8923,254325.0000
8924,254325.0000
8925,254325.0000
8926,254325.0000
8927,254325.0000
8928,254325.0000
8929,254325.0000
8930,254325.0000
8931,254325.0000
8932,254325.0000
8933,254325.0000
8934,254325.0000
8935,254325.0000
8936,254325.0000
8937,254325.0000
8938,254325.0000
8939,254325.0000
8940,254325.0000
8941,254325.0000
8942,254325.0000
8943,254325.0000
8944,254325.0000
8945,254325.0000
8946,254325.0000
8947,254325.0000
8948,254325.0000
8949,254325.0000
8950,254325.0000
8951,254325.0000
8952,254325.0000
