迭代次数,Cmax
1,246773.0000
2,246773.0000
3,246773.0000
4,246773.0000
5,246773.0000
6,246773.0000
7,246773.0000
8,246773.0000
9,246773.0000
10,246773.0000
11,246773.0000
12,246773.0000
13,246773.0000
14,246773.0000
15,246773.0000
16,246773.0000
17,246645.9000
18,246645.9000
19,246645.9000
20,246645.9000
21,246645.9000
22,246645.9000
23,246645.9000
24,246645.9000
25,246645.9000
26,246645.9000
27,246645.9000
28,246645.9000
29,246645.9000
30,246645.9000
31,246645.9000
32,246645.9000
33,246645.9000
34,246645.9000
35,246301.0000
36,246301.0000
37,246301.0000
38,241928.0000
39,241928.0000
40,241928.0000
41,241928.0000
42,236028.0000
43,236028.0000
44,236028.0000
45,236028.0000
46,236028.0000
47,236028.0000
48,236028.0000
49,236028.0000
50,236028.0000
51,236028.0000
52,236028.0000
53,236028.0000
54,236028.0000
55,236028.0000
56,236028.0000
57,236028.0000
58,236028.0000
59,236028.0000
60,236028.0000
61,236028.0000
62,236028.0000
63,236028.0000
64,236028.0000
65,236028.0000
66,236028.0000
67,236028.0000
68,236028.0000
69,236028.0000
70,236028.0000
71,236028.0000
72,236028.0000
73,236028.0000
74,236028.0000
75,236028.0000
76,236028.0000
77,236028.0000
78,236028.0000
79,236028.0000
80,236028.0000
81,236028.0000
82,236028.0000
83,236028.0000
84,236028.0000
85,236028.0000
86,236028.0000
87,236028.0000
88,236028.0000
89,236028.0000
90,236028.0000
91,236028.0000
92,236028.0000
93,236028.0000
94,236028.0000
95,236028.0000
96,236028.0000
97,236028.0000
98,236028.0000
99,236028.0000
100,236028.0000
101,236028.0000
102,236028.0000
103,236028.0000
104,236028.0000
105,236028.0000
106,236028.0000
107,236028.0000
108,236028.0000
109,236028.0000
110,236028.0000
111,236028.0000
112,236028.0000
113,236028.0000
114,236028.0000
115,236028.0000
116,236028.0000
117,236028.0000
118,236028.0000
119,236028.0000
120,236028.0000
121,236028.0000
122,236028.0000
123,236028.0000
124,236028.0000
125,236028.0000
126,236028.0000
127,236028.0000
128,236028.0000
129,236028.0000
130,236028.0000
131,233668.0000
132,233668.0000
133,233668.0000
134,233668.0000
135,233668.0000
136,233668.0000
137,233668.0000
138,233668.0000
139,233668.0000
140,233668.0000
141,233668.0000
142,233668.0000
143,233668.0000
144,233668.0000
145,233668.0000
146,233668.0000
147,233668.0000
148,233668.0000
149,233668.0000
150,233668.0000
151,233668.0000
152,233668.0000
153,233668.0000
154,233668.0000
155,233668.0000
156,233573.4000
157,233573.4000
158,233573.4000
159,233573.4000
160,233573.4000
161,233573.4000
162,233573.4000
163,233573.4000
164,233573.4000
165,233573.4000
166,233573.4000
167,233573.4000
168,233573.4000
169,233573.4000
170,233573.4000
171,233573.4000
172,233573.4000
173,233573.4000
174,233573.4000
175,233573.4000
176,233573.4000
177,233573.4000
178,233573.4000
179,233573.4000
180,233573.4000
181,233573.4000
182,233573.4000
183,233573.4000
184,233573.4000
185,233573.4000
186,233573.4000
187,233573.4000
188,233573.4000
189,233573.4000
190,233573.4000
191,233573.4000
192,233573.4000
193,233573.4000
194,233573.4000
195,233573.4000
196,233573.4000
197,233573.4000
198,233573.4000
199,233573.4000
200,233573.4000
201,233573.4000
202,233573.4000
203,233573.4000
204,233573.4000
205,233573.4000
206,233573.4000
207,233573.4000
208,233573.4000
209,233573.4000
210,233573.4000
211,233573.4000
212,233573.4000
213,233573.4000
214,233573.4000
215,233573.4000
216,233573.4000
217,233573.4000
218,233573.4000
219,233573.4000
220,233573.4000
221,233573.4000
222,233573.4000
223,233573.4000
224,233573.4000
225,233573.4000
226,233573.4000
227,233573.4000
228,233573.4000
229,233573.4000
230,233573.4000
231,233573.4000
232,233573.4000
233,233573.4000
234,233573.4000
235,233573.4000
236,233573.4000
237,233573.4000
238,233573.4000
239,233573.4000
240,233573.4000
241,233573.4000
242,233573.4000
243,233573.4000
244,233573.4000
245,233573.4000
246,233573.4000
247,233573.4000
248,233573.4000
249,233573.4000
250,233573.4000
251,233573.4000
252,233573.4000
253,233573.4000
254,233573.4000
255,233573.4000
256,233573.4000
257,233573.4000
258,233573.4000
259,233573.4000
260,233573.4000
261,233573.4000
262,233573.4000
263,233573.4000
264,233573.4000
265,233573.4000
266,233573.4000
267,233573.4000
268,233573.4000
269,233573.4000
270,233573.4000
271,233573.4000
272,233573.4000
273,233573.4000
274,233573.4000
275,233573.4000
276,233573.4000
277,233573.4000
278,233573.4000
279,233573.4000
280,233573.4000
281,233573.4000
282,233573.4000
283,233573.4000
284,233573.4000
285,233573.4000
286,233573.4000
287,233573.4000
288,233573.4000
289,233573.4000
290,233573.4000
291,233573.4000
292,233573.4000
293,233573.4000
294,233573.4000
295,233573.4000
296,233573.4000
297,233573.4000
298,233573.4000
299,233573.4000
300,233573.4000
301,233573.4000
302,233573.4000
303,233573.4000
304,233573.4000
305,233573.4000
306,233573.4000
307,233573.4000
308,233573.4000
309,233573.4000
310,233573.4000
311,233573.4000
312,233573.4000
313,233573.4000
314,233573.4000
315,233573.4000
316,233573.4000
317,233573.4000
318,233573.4000
319,233573.4000
320,233573.4000
321,233573.4000
322,233573.4000
323,233573.4000
324,233573.4000
325,233573.4000
326,233573.4000
327,233573.4000
328,233573.4000
329,233573.4000
330,233573.4000
331,233573.4000
332,233573.4000
333,233573.4000
334,233573.4000
335,233573.4000
336,233573.4000
337,233573.4000
338,233573.4000
339,233573.4000
340,233573.4000
341,233573.4000
342,233573.4000
343,233573.4000
344,233573.4000
345,233573.4000
346,233573.4000
347,233573.4000
348,233573.4000
349,233573.4000
350,233573.4000
351,233573.4000
352,233573.4000
353,233573.4000
354,233573.4000
355,233573.4000
356,233573.4000
357,233573.4000
358,232016.0000
359,232016.0000
360,232016.0000
361,232016.0000
362,232016.0000
363,232016.0000
364,232016.0000
365,232016.0000
366,232016.0000
367,232016.0000
368,232016.0000
369,232016.0000
370,232016.0000
371,232016.0000
372,231308.0000
373,231308.0000
374,231308.0000
375,231308.0000
376,231308.0000
377,231308.0000
378,231308.0000
379,231308.0000
380,231308.0000
381,231308.0000
382,231308.0000
383,231308.0000
384,231308.0000
385,231308.0000
386,231308.0000
387,231308.0000
388,231308.0000
389,231308.0000
390,231308.0000
391,231308.0000
392,231308.0000
393,231308.0000
394,227970.9000
395,227970.9000
396,227970.9000
397,227970.9000
398,227970.9000
399,227970.9000
400,227970.9000
401,227970.9000
402,227970.9000
403,227970.9000
404,227970.9000
405,227970.9000
406,227970.9000
407,227970.9000
408,227970.9000
409,227970.9000
410,227970.9000
411,227970.9000
412,227970.9000
413,227970.9000
414,227970.9000
415,227970.9000
416,227970.9000
417,227970.9000
418,227970.9000
419,227970.9000
420,227970.9000
421,227970.9000
422,227970.9000
423,227970.9000
424,227970.9000
425,227970.9000
426,227970.9000
427,227970.9000
428,227970.9000
429,227970.9000
430,227970.9000
431,227970.9000
432,227970.9000
433,227970.9000
434,227970.9000
435,227970.9000
436,227970.9000
437,227970.9000
438,227970.9000
439,227970.9000
440,227970.9000
441,227970.9000
442,227970.9000
443,227970.9000
444,227970.9000
445,227970.9000
446,227970.9000
447,227970.9000
448,227970.9000
449,227970.9000
450,227970.9000
451,227970.9000
452,227970.9000
453,227970.9000
454,227970.9000
455,227970.9000
456,227970.9000
457,227970.9000
458,227970.9000
459,227970.9000
460,227970.9000
461,227970.9000
462,227970.9000
463,227970.9000
464,227970.9000
465,227970.9000
466,227970.9000
467,227970.9000
468,227970.9000
469,227970.9000
470,227970.9000
471,227970.9000
472,227970.9000
473,227970.9000
474,227970.9000
475,227970.9000
476,227970.9000
477,227970.9000
478,227970.9000
479,227970.9000
480,227970.9000
481,227970.9000
482,227970.9000
483,227970.9000
484,227970.9000
485,227970.9000
486,227970.9000
487,227970.9000
488,227970.9000
489,227970.9000
490,227970.9000
491,227970.9000
492,227970.9000
493,227970.9000
494,227970.9000
495,227970.9000
496,227970.9000
497,227970.9000
498,227970.9000
499,227970.9000
500,227970.9000
501,227970.9000
502,227970.9000
503,227970.9000
504,227970.9000
505,227970.9000
506,227970.9000
507,227970.9000
508,227970.9000
509,227970.9000
510,227970.9000
511,227970.9000
512,227970.9000
513,227970.9000
514,227970.9000
515,227970.9000
516,227970.9000
517,227970.9000
518,227970.9000
519,227970.9000
520,227970.9000
521,227970.9000
522,227970.9000
523,227970.9000
524,227970.9000
525,227970.9000
526,227970.9000
527,227970.9000
528,227970.9000
529,227970.9000
530,227970.9000
531,227970.9000
532,227970.9000
533,227970.9000
534,227970.9000
535,227970.9000
536,227970.9000
537,227970.9000
538,227970.9000
539,227970.9000
540,227970.9000
541,227970.9000
542,227970.9000
543,227970.9000
544,227970.9000
545,227970.9000
546,227970.9000
547,227970.9000
548,227970.9000
549,227970.9000
550,227970.9000
551,227970.9000
552,227970.9000
553,227970.9000
554,227970.9000
555,227970.9000
556,227970.9000
557,227970.9000
558,227970.9000
559,227970.9000
560,227970.9000
561,227970.9000
562,227970.9000
563,227970.9000
564,227970.9000
565,227970.9000
566,227970.9000
567,227970.9000
568,227970.9000
569,227970.9000
570,227970.9000
571,227970.9000
572,227970.9000
573,227970.9000
574,227970.9000
575,227970.9000
576,227970.9000
577,227970.9000
578,227970.9000
579,227970.9000
580,227970.9000
581,227970.9000
582,227970.9000
583,227970.9000
584,227970.9000
585,227970.9000
586,227970.9000
587,227970.9000
588,227970.9000
589,227970.9000
590,225644.0000
591,225644.0000
592,225644.0000
593,225644.0000
594,225644.0000
595,225644.0000
596,225644.0000
597,225644.0000
598,225644.0000
599,225644.0000
600,225644.0000
601,225644.0000
602,225644.0000
603,225644.0000
604,225644.0000
605,225644.0000
606,225644.0000
607,225644.0000
608,225644.0000
609,225644.0000
610,225644.0000
611,225644.0000
612,225644.0000
613,225644.0000
614,225644.0000
615,225644.0000
616,225644.0000
617,225644.0000
618,225644.0000
619,225644.0000
620,225644.0000
621,225644.0000
622,225644.0000
623,225644.0000
624,225644.0000
625,225644.0000
626,225644.0000
627,225644.0000
628,225644.0000
629,225644.0000
630,225644.0000
631,225644.0000
632,225644.0000
633,225644.0000
634,225644.0000
635,225644.0000
636,225644.0000
637,225644.0000
638,225644.0000
639,225644.0000
640,225644.0000
641,225644.0000
642,225644.0000
643,225644.0000
644,225644.0000
645,225644.0000
646,225644.0000
647,225644.0000
648,225644.0000
649,225644.0000
650,225644.0000
651,225644.0000
652,225644.0000
653,225644.0000
654,225644.0000
655,225644.0000
656,225644.0000
657,225644.0000
658,225644.0000
659,225644.0000
660,225644.0000
661,225644.0000
662,225644.0000
663,225644.0000
664,225644.0000
665,225644.0000
666,225644.0000
667,225644.0000
668,225644.0000
669,225644.0000
670,225644.0000
671,225644.0000
672,225644.0000
673,225644.0000
674,225644.0000
675,225644.0000
676,225644.0000
677,225644.0000
678,225644.0000
679,225644.0000
680,225644.0000
681,225644.0000
682,225644.0000
683,225644.0000
684,225644.0000
685,225644.0000
686,225644.0000
687,225644.0000
688,225644.0000
689,225644.0000
690,225644.0000
691,225644.0000
692,225644.0000
693,225644.0000
694,225644.0000
695,225644.0000
696,225644.0000
697,225644.0000
698,225644.0000
699,225644.0000
700,225644.0000
701,225644.0000
702,225644.0000
703,225644.0000
704,225644.0000
705,225644.0000
706,225644.0000
707,225644.0000
708,225644.0000
709,225644.0000
710,225644.0000
711,225644.0000
712,225644.0000
713,225644.0000
714,225644.0000
715,225644.0000
716,225644.0000
717,225644.0000
718,225644.0000
719,225644.0000
720,225644.0000
721,225644.0000
722,225644.0000
723,225644.0000
724,225644.0000
725,225644.0000
726,225644.0000
727,225644.0000
728,225644.0000
729,225644.0000
730,225644.0000
731,225644.0000
732,225644.0000
733,225644.0000
734,225644.0000
735,225644.0000
736,225644.0000
737,225644.0000
738,225644.0000
739,225644.0000
740,225644.0000
741,225644.0000
742,225644.0000
743,225644.0000
744,225644.0000
745,225644.0000
746,225644.0000
747,225644.0000
748,225644.0000
749,225644.0000
750,225644.0000
751,225644.0000
752,225644.0000
753,225644.0000
754,225644.0000
755,225644.0000
756,225644.0000
757,225644.0000
758,225644.0000
759,225644.0000
760,225644.0000
761,225644.0000
762,225644.0000
763,225644.0000
764,225644.0000
765,225644.0000
766,225644.0000
767,225644.0000
768,225644.0000
769,225644.0000
770,225644.0000
771,225644.0000
772,225644.0000
773,225644.0000
774,225644.0000
775,225644.0000
776,225644.0000
777,225644.0000
778,225644.0000
779,225644.0000
780,225644.0000
781,225644.0000
782,225644.0000
783,225644.0000
784,225644.0000
785,225644.0000
786,225644.0000
787,225644.0000
788,225644.0000
789,225644.0000
790,225644.0000
791,225644.0000
792,225644.0000
793,225644.0000
794,225644.0000
795,225644.0000
796,225644.0000
797,225644.0000
798,225644.0000
799,225644.0000
800,225644.0000
801,225644.0000
802,223992.0000
803,223992.0000
804,223992.0000
805,223992.0000
806,223992.0000
807,223992.0000
808,223992.0000
809,223992.0000
810,223992.0000
811,223992.0000
812,223992.0000
813,223992.0000
814,223992.0000
815,223992.0000
816,223992.0000
817,223992.0000
818,223992.0000
819,223992.0000
820,223992.0000
821,223992.0000
822,223992.0000
823,223992.0000
824,223992.0000
825,223992.0000
826,223992.0000
827,223992.0000
828,223992.0000
829,223992.0000
830,223992.0000
831,223992.0000
832,223992.0000
833,223992.0000
834,223992.0000
835,223992.0000
836,223992.0000
837,223992.0000
838,223992.0000
839,223992.0000
840,223992.0000
841,223992.0000
842,223992.0000
843,223992.0000
844,223992.0000
845,223992.0000
846,223992.0000
847,223992.0000
848,223992.0000
849,223992.0000
850,223992.0000
851,223992.0000
852,223992.0000
853,223992.0000
854,223992.0000
855,223992.0000
856,223992.0000
857,223992.0000
858,223992.0000
859,223992.0000
860,223992.0000
861,223992.0000
862,223992.0000
863,223992.0000
864,223992.0000
865,223992.0000
866,223992.0000
867,223992.0000
868,223992.0000
869,223992.0000
870,223992.0000
871,223992.0000
872,223992.0000
873,223992.0000
874,223992.0000
875,223992.0000
876,223992.0000
877,223992.0000
878,223992.0000
879,223992.0000
880,223992.0000
881,223992.0000
882,223992.0000
883,223992.0000
884,223992.0000
885,223992.0000
886,223992.0000
887,223992.0000
888,223992.0000
889,223992.0000
890,223992.0000
891,223992.0000
892,223992.0000
893,223992.0000
894,223992.0000
895,223992.0000
896,223992.0000
897,223992.0000
898,223992.0000
899,223992.0000
900,223992.0000
901,223992.0000
902,223992.0000
903,223992.0000
904,223992.0000
905,223992.0000
906,223992.0000
907,223992.0000
908,223992.0000
909,223992.0000
910,223992.0000
911,223992.0000
912,223992.0000
913,223992.0000
914,223992.0000
915,223992.0000
916,223992.0000
917,223992.0000
918,223992.0000
919,223992.0000
920,223992.0000
921,223992.0000
922,223992.0000
923,223992.0000
924,223992.0000
925,223992.0000
926,223992.0000
927,223992.0000
928,223992.0000
929,223992.0000
930,223992.0000
931,223992.0000
932,223992.0000
933,223992.0000
934,223992.0000
935,223992.0000
936,223992.0000
937,223992.0000
938,223992.0000
939,223992.0000
940,223992.0000
941,223992.0000
942,223992.0000
943,223992.0000
944,223992.0000
945,223992.0000
946,223992.0000
947,223992.0000
948,223992.0000
949,223992.0000
950,223992.0000
951,223992.0000
952,223992.0000
953,223992.0000
954,223992.0000
955,223992.0000
956,223992.0000
957,223992.0000
958,223992.0000
959,223992.0000
960,223992.0000
961,223992.0000
962,223992.0000
963,223992.0000
964,223992.0000
965,223992.0000
966,223992.0000
967,223992.0000
968,223992.0000
969,223992.0000
970,223992.0000
971,223992.0000
972,223992.0000
973,223992.0000
974,223992.0000
975,223992.0000
976,223992.0000
977,223992.0000
978,223992.0000
979,223992.0000
980,223992.0000
981,223992.0000
982,223992.0000
983,223992.0000
984,223992.0000
985,223992.0000
986,223992.0000
987,223992.0000
988,223992.0000
989,223992.0000
990,223992.0000
991,223992.0000
992,223992.0000
993,223992.0000
994,223992.0000
995,223992.0000
996,223992.0000
997,223992.0000
998,223992.0000
999,223992.0000
1000,223992.0000
1001,223992.0000
1002,223992.0000
1003,223992.0000
1004,223992.0000
1005,223992.0000
1006,223992.0000
1007,223992.0000
1008,223992.0000
1009,223992.0000
1010,223992.0000
1011,223992.0000
1012,223992.0000
1013,223992.0000
1014,223992.0000
1015,223992.0000
1016,223992.0000
1017,223992.0000
1018,223992.0000
1019,223992.0000
1020,223992.0000
1021,223992.0000
1022,223992.0000
1023,223992.0000
1024,223992.0000
1025,223992.0000
1026,223992.0000
1027,223992.0000
1028,223992.0000
1029,223992.0000
1030,223992.0000
1031,223992.0000
1032,223992.0000
1033,223992.0000
1034,223992.0000
1035,223992.0000
1036,223992.0000
1037,223992.0000
1038,223992.0000
1039,223992.0000
1040,223992.0000
1041,223992.0000
1042,223992.0000
1043,223992.0000
1044,223992.0000
1045,223992.0000
1046,223992.0000
1047,223992.0000
1048,223992.0000
1049,223992.0000
1050,223992.0000
1051,223992.0000
1052,223992.0000
1053,223992.0000
1054,223992.0000
1055,223992.0000
1056,223992.0000
1057,223992.0000
1058,223992.0000
1059,223992.0000
1060,223992.0000
1061,223992.0000
1062,223992.0000
1063,223992.0000
1064,223992.0000
1065,223992.0000
1066,223992.0000
1067,223992.0000
1068,223992.0000
1069,223992.0000
1070,223992.0000
1071,223992.0000
1072,223992.0000
1073,223992.0000
1074,223992.0000
1075,223992.0000
1076,223992.0000
1077,223992.0000
1078,223992.0000
1079,223992.0000
1080,223992.0000
1081,223992.0000
1082,223992.0000
1083,223992.0000
1084,223992.0000
1085,223992.0000
1086,223992.0000
1087,223992.0000
1088,223992.0000
1089,223992.0000
1090,223992.0000
1091,223992.0000
1092,223992.0000
1093,223992.0000
1094,223992.0000
1095,223992.0000
1096,223992.0000
1097,223992.0000
1098,223992.0000
1099,223992.0000
1100,223992.0000
1101,223992.0000
1102,223992.0000
1103,223992.0000
1104,223992.0000
1105,223992.0000
1106,223992.0000
1107,223992.0000
1108,223992.0000
1109,223992.0000
1110,223992.0000
1111,223992.0000
1112,223992.0000
1113,223992.0000
1114,223992.0000
1115,223992.0000
1116,223992.0000
1117,223992.0000
1118,223992.0000
1119,223992.0000
1120,223992.0000
1121,223992.0000
1122,223992.0000
1123,223992.0000
1124,223992.0000
1125,223992.0000
1126,223992.0000
1127,223992.0000
1128,223992.0000
1129,223992.0000
1130,223992.0000
1131,223992.0000
1132,223992.0000
1133,223992.0000
1134,223992.0000
1135,223992.0000
1136,223992.0000
1137,223992.0000
1138,223992.0000
1139,223992.0000
1140,223992.0000
1141,223992.0000
1142,223992.0000
1143,223992.0000
1144,223992.0000
1145,223992.0000
1146,223992.0000
1147,223992.0000
1148,223992.0000
1149,223992.0000
1150,223992.0000
1151,223992.0000
1152,223992.0000
1153,223992.0000
1154,223992.0000
1155,223992.0000
1156,223992.0000
1157,223992.0000
1158,223992.0000
1159,223992.0000
1160,223992.0000
1161,223992.0000
1162,223992.0000
1163,223992.0000
1164,223992.0000
1165,223992.0000
1166,223992.0000
1167,223992.0000
1168,223992.0000
1169,223992.0000
1170,223992.0000
1171,223992.0000
1172,223992.0000
1173,223992.0000
1174,223992.0000
1175,223992.0000
1176,223992.0000
1177,223992.0000
1178,223992.0000
1179,223992.0000
1180,223992.0000
1181,223992.0000
1182,223992.0000
1183,223992.0000
1184,223992.0000
1185,223992.0000
1186,223992.0000
1187,223992.0000
1188,223992.0000
1189,223992.0000
1190,223992.0000
1191,223992.0000
1192,223992.0000
1193,223992.0000
1194,223992.0000
1195,223992.0000
1196,223992.0000
1197,223992.0000
1198,223992.0000
1199,223992.0000
1200,223992.0000
1201,223992.0000
1202,223992.0000
1203,223992.0000
1204,223992.0000
1205,223992.0000
1206,223992.0000
1207,223992.0000
1208,223992.0000
1209,223992.0000
1210,223992.0000
1211,223992.0000
1212,223992.0000
1213,223992.0000
1214,223992.0000
1215,223992.0000
1216,223992.0000
1217,223992.0000
1218,223992.0000
1219,223992.0000
1220,223992.0000
1221,223992.0000
1222,223992.0000
1223,223992.0000
1224,223992.0000
1225,223992.0000
1226,223992.0000
1227,223992.0000
1228,223992.0000
1229,223992.0000
1230,223992.0000
1231,223992.0000
1232,223992.0000
1233,223992.0000
1234,223992.0000
1235,223992.0000
1236,223992.0000
1237,223992.0000
1238,223992.0000
1239,223992.0000
1240,223992.0000
1241,223992.0000
1242,223992.0000
1243,223992.0000
1244,223992.0000
1245,223992.0000
1246,223992.0000
1247,223992.0000
1248,223992.0000
1249,223992.0000
1250,223992.0000
1251,223992.0000
1252,223992.0000
1253,223992.0000
1254,223992.0000
1255,223992.0000
1256,223992.0000
1257,223992.0000
1258,223992.0000
1259,223992.0000
1260,223992.0000
1261,223992.0000
1262,223992.0000
1263,223992.0000
1264,223992.0000
1265,223992.0000
1266,223992.0000
1267,223992.0000
1268,223992.0000
1269,223992.0000
1270,223992.0000
1271,223992.0000
1272,223992.0000
1273,223992.0000
1274,223992.0000
1275,223992.0000
1276,223992.0000
1277,223992.0000
1278,223992.0000
1279,223992.0000
1280,223992.0000
1281,223992.0000
1282,223992.0000
1283,223992.0000
1284,223992.0000
1285,223992.0000
1286,223992.0000
1287,223992.0000
1288,223992.0000
1289,223992.0000
1290,223992.0000
1291,223992.0000
1292,223992.0000
1293,223992.0000
1294,223992.0000
1295,223992.0000
1296,223992.0000
1297,223992.0000
1298,223992.0000
1299,223992.0000
1300,223992.0000
1301,223992.0000
1302,223992.0000
1303,223992.0000
1304,223992.0000
1305,223992.0000
1306,223992.0000
1307,223992.0000
1308,223992.0000
1309,223992.0000
1310,223992.0000
1311,223992.0000
1312,223992.0000
1313,223992.0000
1314,223992.0000
1315,223992.0000
1316,223992.0000
1317,223992.0000
1318,223992.0000
1319,223992.0000
1320,223992.0000
1321,223992.0000
1322,223992.0000
1323,223992.0000
1324,223992.0000
1325,223992.0000
1326,223992.0000
1327,223992.0000
1328,223992.0000
1329,223992.0000
1330,223992.0000
1331,223992.0000
1332,223992.0000
1333,223992.0000
1334,223992.0000
1335,223992.0000
1336,223992.0000
1337,223992.0000
1338,223992.0000
1339,223992.0000
1340,223992.0000
1341,223992.0000
1342,223992.0000
1343,223992.0000
1344,223992.0000
1345,223992.0000
1346,223992.0000
1347,223992.0000
1348,223992.0000
1349,223992.0000
1350,223992.0000
1351,223992.0000
1352,223992.0000
1353,223992.0000
1354,223992.0000
1355,223992.0000
1356,223992.0000
1357,223992.0000
1358,223992.0000
1359,223992.0000
1360,223992.0000
1361,223992.0000
1362,223992.0000
1363,223992.0000
1364,223992.0000
1365,223992.0000
1366,223992.0000
1367,223992.0000
1368,223992.0000
1369,223992.0000
1370,223992.0000
1371,223992.0000
1372,223992.0000
1373,223992.0000
1374,223992.0000
1375,223992.0000
1376,223992.0000
1377,223992.0000
1378,223992.0000
1379,223992.0000
1380,223992.0000
1381,223992.0000
1382,223992.0000
1383,223992.0000
1384,223992.0000
1385,223992.0000
1386,223992.0000
1387,223992.0000
1388,223992.0000
1389,223992.0000
1390,223992.0000
1391,223992.0000
1392,223992.0000
1393,223992.0000
1394,223992.0000
1395,223992.0000
1396,223992.0000
1397,223992.0000
1398,223992.0000
1399,223992.0000
1400,223992.0000
1401,223992.0000
1402,223992.0000
1403,223992.0000
1404,223992.0000
1405,223992.0000
1406,223992.0000
1407,223992.0000
1408,223992.0000
1409,223992.0000
1410,223992.0000
1411,223992.0000
1412,223992.0000
1413,223992.0000
1414,223992.0000
1415,223992.0000
1416,223992.0000
1417,223992.0000
1418,223992.0000
1419,223992.0000
1420,223992.0000
1421,223992.0000
1422,223992.0000
1423,223992.0000
1424,223992.0000
1425,223992.0000
1426,223992.0000
1427,223992.0000
1428,223992.0000
1429,223992.0000
1430,223992.0000
1431,223992.0000
1432,223992.0000
1433,223992.0000
1434,223992.0000
1435,223992.0000
1436,223992.0000
1437,223992.0000
1438,223992.0000
1439,223992.0000
1440,223992.0000
1441,223992.0000
1442,223992.0000
1443,223992.0000
1444,223992.0000
1445,223992.0000
1446,223992.0000
1447,223992.0000
1448,223992.0000
1449,223992.0000
1450,223992.0000
1451,223992.0000
1452,223992.0000
1453,223992.0000
1454,223992.0000
1455,223992.0000
1456,223992.0000
1457,223992.0000
1458,223992.0000
1459,223992.0000
1460,223992.0000
1461,223992.0000
1462,223992.0000
1463,223992.0000
1464,223992.0000
1465,223992.0000
1466,223992.0000
1467,223992.0000
1468,223992.0000
1469,223992.0000
1470,223992.0000
1471,223992.0000
1472,223992.0000
1473,223992.0000
1474,223992.0000
1475,223992.0000
1476,223992.0000
1477,223992.0000
1478,223992.0000
1479,223992.0000
1480,223992.0000
1481,223992.0000
1482,223992.0000
1483,223992.0000
1484,223992.0000
1485,223992.0000
1486,223992.0000
1487,223992.0000
1488,223992.0000
1489,223992.0000
1490,223992.0000
1491,223992.0000
1492,223992.0000
1493,223992.0000
1494,223992.0000
1495,223992.0000
1496,223992.0000
1497,223992.0000
1498,223992.0000
1499,223992.0000
1500,223992.0000
1501,223992.0000
1502,223992.0000
1503,223992.0000
1504,223992.0000
1505,223992.0000
1506,223992.0000
1507,223992.0000
1508,223992.0000
1509,223992.0000
1510,223992.0000
1511,223992.0000
1512,223992.0000
1513,223992.0000
1514,223992.0000
1515,223992.0000
1516,223992.0000
1517,223992.0000
1518,223992.0000
1519,223992.0000
1520,223992.0000
1521,223992.0000
1522,223992.0000
1523,223992.0000
1524,223992.0000
1525,223992.0000
1526,223992.0000
1527,223992.0000
1528,223992.0000
1529,223992.0000
1530,223992.0000
1531,223992.0000
1532,223992.0000
1533,223992.0000
1534,223992.0000
1535,223992.0000
1536,223992.0000
1537,223992.0000
1538,223992.0000
1539,223992.0000
1540,223992.0000
1541,223992.0000
1542,223992.0000
1543,223992.0000
1544,223992.0000
1545,223992.0000
1546,223992.0000
1547,223992.0000
1548,223992.0000
1549,223992.0000
1550,223992.0000
1551,223992.0000
1552,223992.0000
1553,223992.0000
1554,223992.0000
1555,223992.0000
1556,223992.0000
1557,223992.0000
1558,223992.0000
1559,223992.0000
1560,223992.0000
1561,223992.0000
1562,223992.0000
1563,223992.0000
1564,223992.0000
1565,223992.0000
1566,223992.0000
1567,223992.0000
1568,223992.0000
1569,223992.0000
1570,223992.0000
1571,223992.0000
1572,223992.0000
1573,223992.0000
1574,223992.0000
1575,223992.0000
1576,223992.0000
1577,223992.0000
1578,223992.0000
1579,223992.0000
1580,223992.0000
1581,223992.0000
1582,223992.0000
1583,223992.0000
1584,223992.0000
1585,223992.0000
1586,223992.0000
1587,223992.0000
1588,223992.0000
1589,223992.0000
1590,223992.0000
1591,223992.0000
1592,223992.0000
1593,223992.0000
1594,223992.0000
1595,223992.0000
1596,223992.0000
1597,223992.0000
1598,223992.0000
1599,223992.0000
1600,223992.0000
1601,223992.0000
1602,223992.0000
1603,223992.0000
1604,223992.0000
1605,223992.0000
1606,223992.0000
1607,223992.0000
1608,223992.0000
1609,223992.0000
1610,223992.0000
1611,223992.0000
1612,223992.0000
1613,223992.0000
1614,223992.0000
1615,223992.0000
1616,223992.0000
1617,223992.0000
1618,223992.0000
1619,223992.0000
1620,223992.0000
1621,223992.0000
1622,223992.0000
1623,223992.0000
1624,223992.0000
1625,223992.0000
1626,223992.0000
1627,223992.0000
1628,223992.0000
1629,223992.0000
1630,223992.0000
1631,223992.0000
1632,223992.0000
1633,223992.0000
1634,223992.0000
1635,223992.0000
1636,223992.0000
1637,223992.0000
1638,223992.0000
1639,223992.0000
1640,223992.0000
1641,223992.0000
1642,223992.0000
1643,223992.0000
1644,223992.0000
1645,223992.0000
1646,223992.0000
1647,223992.0000
1648,223992.0000
1649,223992.0000
1650,223992.0000
1651,223992.0000
1652,223992.0000
1653,223992.0000
1654,223992.0000
1655,223992.0000
1656,223992.0000
1657,223992.0000
1658,223992.0000
1659,223992.0000
1660,223992.0000
1661,223992.0000
1662,223992.0000
1663,223992.0000
1664,223992.0000
1665,223992.0000
1666,223992.0000
1667,223992.0000
1668,223992.0000
1669,223992.0000
1670,223992.0000
1671,223992.0000
1672,223992.0000
1673,223992.0000
1674,223992.0000
1675,223992.0000
1676,223992.0000
1677,223992.0000
1678,223992.0000
1679,223992.0000
1680,223992.0000
1681,223992.0000
1682,223992.0000
1683,223992.0000
1684,223992.0000
1685,223992.0000
1686,223992.0000
1687,223992.0000
1688,223992.0000
1689,223992.0000
1690,223992.0000
1691,223992.0000
1692,223992.0000
1693,223992.0000
1694,223992.0000
1695,223992.0000
1696,223992.0000
1697,223992.0000
1698,223992.0000
1699,223992.0000
1700,223992.0000
1701,223992.0000
1702,223992.0000
1703,223992.0000
1704,223992.0000
1705,223992.0000
1706,223992.0000
1707,223992.0000
1708,223992.0000
1709,223992.0000
1710,223992.0000
1711,223992.0000
1712,223992.0000
1713,223992.0000
1714,223992.0000
1715,223992.0000
1716,223992.0000
1717,223992.0000
1718,223992.0000
1719,223992.0000
1720,223992.0000
1721,223992.0000
1722,223992.0000
1723,223992.0000
1724,223992.0000
1725,223992.0000
1726,223992.0000
1727,223992.0000
1728,223992.0000
1729,223992.0000
1730,223992.0000
1731,223992.0000
1732,223992.0000
1733,223992.0000
1734,223992.0000
1735,223992.0000
1736,223992.0000
1737,223992.0000
1738,223992.0000
1739,223992.0000
1740,223992.0000
1741,223992.0000
1742,223992.0000
1743,223992.0000
1744,223992.0000
1745,223992.0000
1746,223992.0000
1747,223992.0000
1748,223992.0000
1749,223992.0000
1750,223992.0000
1751,223992.0000
1752,223992.0000
1753,223992.0000
1754,223992.0000
1755,223992.0000
1756,223992.0000
1757,223992.0000
1758,223992.0000
1759,223992.0000
1760,223992.0000
1761,223992.0000
1762,223992.0000
1763,223992.0000
1764,223992.0000
1765,223992.0000
1766,223992.0000
1767,223992.0000
1768,223992.0000
1769,223992.0000
1770,223992.0000
1771,223992.0000
1772,223992.0000
1773,223992.0000
1774,223992.0000
1775,223992.0000
1776,223992.0000
1777,223992.0000
1778,223992.0000
1779,223992.0000
1780,223992.0000
1781,223992.0000
1782,223992.0000
1783,223992.0000
1784,223992.0000
1785,223992.0000
1786,223992.0000
1787,223992.0000
1788,223992.0000
1789,223992.0000
1790,223992.0000
1791,223992.0000
1792,223992.0000
1793,223992.0000
1794,223992.0000
1795,223992.0000
1796,223992.0000
1797,223992.0000
1798,223992.0000
1799,223992.0000
1800,223992.0000
1801,223992.0000
1802,223992.0000
1803,223992.0000
1804,223992.0000
1805,223992.0000
1806,223992.0000
1807,223992.0000
1808,223992.0000
1809,223992.0000
1810,223992.0000
1811,223992.0000
1812,223992.0000
1813,223992.0000
1814,223992.0000
1815,223992.0000
1816,223992.0000
1817,223992.0000
1818,223992.0000
1819,223992.0000
1820,223992.0000
1821,223992.0000
1822,223992.0000
1823,223992.0000
1824,223992.0000
1825,223992.0000
1826,223992.0000
1827,223992.0000
1828,223992.0000
1829,223992.0000
1830,223992.0000
1831,223992.0000
1832,223992.0000
1833,223992.0000
1834,223992.0000
1835,223992.0000
1836,223992.0000
1837,223992.0000
1838,223992.0000
1839,223992.0000
1840,223992.0000
1841,223992.0000
1842,223992.0000
1843,223992.0000
1844,223992.0000
1845,223992.0000
1846,223992.0000
1847,223992.0000
1848,223992.0000
1849,223992.0000
1850,223992.0000
1851,223992.0000
1852,223992.0000
1853,223992.0000
1854,223992.0000
1855,223992.0000
1856,223992.0000
1857,223992.0000
1858,223992.0000
1859,223992.0000
1860,223992.0000
1861,223992.0000
1862,223992.0000
1863,223992.0000
1864,223992.0000
1865,223992.0000
1866,223992.0000
1867,223992.0000
1868,223992.0000
1869,223992.0000
1870,223992.0000
1871,223992.0000
1872,223992.0000
1873,223992.0000
1874,223992.0000
1875,223992.0000
1876,223992.0000
1877,223992.0000
1878,223992.0000
1879,223992.0000
1880,223992.0000
1881,223992.0000
1882,223992.0000
1883,223992.0000
1884,223992.0000
1885,223992.0000
1886,223992.0000
1887,223992.0000
1888,223992.0000
1889,223992.0000
1890,223992.0000
1891,223992.0000
1892,223992.0000
1893,223992.0000
1894,223992.0000
1895,223992.0000
1896,223992.0000
1897,223992.0000
1898,223992.0000
1899,223992.0000
1900,223992.0000
1901,223992.0000
1902,223992.0000
1903,223992.0000
1904,223992.0000
1905,223992.0000
1906,223992.0000
1907,223992.0000
1908,223992.0000
1909,223992.0000
1910,223992.0000
1911,223992.0000
1912,223992.0000
1913,223992.0000
1914,223992.0000
1915,223992.0000
1916,223992.0000
1917,223992.0000
1918,223992.0000
1919,223992.0000
1920,223992.0000
1921,223992.0000
1922,223992.0000
1923,223992.0000
1924,223992.0000
1925,223992.0000
1926,223992.0000
1927,223992.0000
1928,223992.0000
1929,223992.0000
1930,223992.0000
1931,223992.0000
1932,223992.0000
1933,223992.0000
1934,223992.0000
1935,223992.0000
1936,223992.0000
1937,223992.0000
1938,223992.0000
1939,223992.0000
1940,223992.0000
1941,223992.0000
1942,223992.0000
1943,223992.0000
1944,223992.0000
1945,223992.0000
1946,223992.0000
1947,223992.0000
1948,223992.0000
1949,223992.0000
1950,223992.0000
1951,223992.0000
1952,223992.0000
1953,223992.0000
1954,223992.0000
1955,223992.0000
1956,223992.0000
1957,223992.0000
1958,223992.0000
1959,223992.0000
1960,223992.0000
1961,223992.0000
1962,223992.0000
1963,223992.0000
1964,223992.0000
1965,223992.0000
1966,223992.0000
1967,223992.0000
1968,223992.0000
1969,223992.0000
1970,223992.0000
1971,223992.0000
1972,223992.0000
1973,223992.0000
1974,223992.0000
1975,223992.0000
1976,223992.0000
1977,223992.0000
1978,223992.0000
1979,223992.0000
1980,223992.0000
1981,223992.0000
1982,223992.0000
1983,223992.0000
1984,223992.0000
1985,223992.0000
1986,223992.0000
1987,223992.0000
1988,223992.0000
1989,223992.0000
1990,223992.0000
1991,223992.0000
1992,223992.0000
1993,223992.0000
1994,223992.0000
1995,223992.0000
1996,223992.0000
1997,223992.0000
1998,223992.0000
1999,223992.0000
2000,223992.0000
2001,223992.0000
2002,223992.0000
2003,223992.0000
2004,223992.0000
2005,223992.0000
2006,223992.0000
2007,223992.0000
2008,223992.0000
2009,223992.0000
2010,223992.0000
2011,223992.0000
2012,223992.0000
2013,223992.0000
2014,223992.0000
2015,223992.0000
2016,223992.0000
2017,223992.0000
2018,223992.0000
2019,223992.0000
2020,223992.0000
2021,223992.0000
2022,223992.0000
2023,223992.0000
2024,223992.0000
2025,223992.0000
2026,223992.0000
2027,223992.0000
2028,223992.0000
2029,223992.0000
2030,223992.0000
2031,223992.0000
2032,222368.4000
2033,222368.4000
2034,222368.4000
2035,222368.4000
2036,222368.4000
2037,222368.4000
2038,222368.4000
2039,222368.4000
2040,222368.4000
2041,222368.4000
2042,222368.4000
2043,222368.4000
2044,222368.4000
2045,222368.4000
2046,222368.4000
2047,222368.4000
2048,222368.4000
2049,222368.4000
2050,222368.4000
2051,222368.4000
2052,222368.4000
2053,222368.4000
2054,222368.4000
2055,222368.4000
2056,222368.4000
2057,222368.4000
2058,222368.4000
2059,222368.4000
2060,222368.4000
2061,222368.4000
2062,222368.4000
2063,222368.4000
2064,222368.4000
2065,222368.4000
2066,222368.4000
2067,222368.4000
2068,222368.4000
2069,222368.4000
2070,222368.4000
2071,222368.4000
2072,222368.4000
2073,222368.4000
2074,222368.4000
2075,222368.4000
2076,222368.4000
2077,222368.4000
2078,222368.4000
2079,222368.4000
2080,222368.4000
2081,222368.4000
2082,222368.4000
2083,222368.4000
2084,222368.4000
2085,222368.4000
2086,222368.4000
2087,222368.4000
2088,222368.4000
2089,222368.4000
2090,222368.4000
2091,222368.4000
2092,222368.4000
2093,222368.4000
2094,222368.4000
2095,222368.4000
2096,222368.4000
2097,222368.4000
2098,222368.4000
2099,222368.4000
2100,222368.4000
2101,222368.4000
2102,222368.4000
2103,222368.4000
2104,222368.4000
2105,222368.4000
2106,222368.4000
2107,222368.4000
2108,222368.4000
2109,222368.4000
2110,222368.4000
2111,222368.4000
2112,222368.4000
2113,222368.4000
2114,222368.4000
2115,222368.4000
2116,222368.4000
2117,222368.4000
2118,222368.4000
2119,222368.4000
2120,222368.4000
2121,222368.4000
2122,222368.4000
2123,222368.4000
2124,222368.4000
2125,222368.4000
2126,222368.4000
2127,222368.4000
2128,222368.4000
2129,222368.4000
2130,222368.4000
2131,222368.4000
2132,222368.4000
2133,222368.4000
2134,222368.4000
2135,222368.4000
2136,222368.4000
2137,222368.4000
2138,222368.4000
2139,222368.4000
2140,222368.4000
2141,222368.4000
2142,222368.4000
2143,222368.4000
2144,222368.4000
2145,222368.4000
2146,222368.4000
2147,222368.4000
2148,222368.4000
2149,222368.4000
2150,222368.4000
2151,222368.4000
2152,222368.4000
2153,222368.4000
2154,222368.4000
2155,222368.4000
2156,222368.4000
2157,222368.4000
2158,222368.4000
2159,222368.4000
2160,222368.4000
2161,222368.4000
2162,222368.4000
2163,222368.4000
2164,222368.4000
2165,222368.4000
2166,222368.4000
2167,222368.4000
2168,222368.4000
2169,222368.4000
2170,222368.4000
2171,222368.4000
2172,222368.4000
2173,222368.4000
2174,222368.4000
2175,222368.4000
2176,222368.4000
2177,222368.4000
2178,222368.4000
2179,222368.4000
2180,222368.4000
2181,222368.4000
2182,222368.4000
2183,222368.4000
2184,222368.4000
2185,222368.4000
2186,222368.4000
2187,222368.4000
2188,222368.4000
2189,222368.4000
2190,222368.4000
2191,222368.4000
2192,222368.4000
2193,222368.4000
2194,222368.4000
2195,222368.4000
2196,222368.4000
2197,222368.4000
2198,222368.4000
2199,222368.4000
2200,222368.4000
2201,222368.4000
2202,222368.4000
2203,222368.4000
2204,222368.4000
2205,222368.4000
2206,222368.4000
2207,222368.4000
2208,222368.4000
2209,222368.4000
2210,222368.4000
2211,222368.4000
2212,222368.4000
2213,222368.4000
2214,222368.4000
2215,222368.4000
2216,222368.4000
2217,222368.4000
2218,222368.4000
2219,222368.4000
2220,222368.4000
2221,222368.4000
2222,222368.4000
2223,222368.4000
2224,222368.4000
2225,222368.4000
2226,222368.4000
2227,222368.4000
2228,222368.4000
2229,222368.4000
2230,222368.4000
2231,222368.4000
2232,222368.4000
2233,222368.4000
2234,222368.4000
2235,222368.4000
2236,222368.4000
2237,222368.4000
2238,222368.4000
2239,222368.4000
2240,222368.4000
2241,222368.4000
2242,222368.4000
2243,222368.4000
2244,222368.4000
2245,222368.4000
2246,222368.4000
2247,222368.4000
2248,222368.4000
2249,222368.4000
2250,222368.4000
2251,222368.4000
2252,222368.4000
2253,222368.4000
2254,222368.4000
2255,222368.4000
2256,222368.4000
2257,222368.4000
2258,222368.4000
2259,222368.4000
2260,222368.4000
2261,222368.4000
2262,222368.4000
2263,222368.4000
2264,222368.4000
2265,222368.4000
2266,222368.4000
2267,222368.4000
2268,222368.4000
2269,222368.4000
2270,222368.4000
2271,222368.4000
2272,222368.4000
2273,222368.4000
2274,222368.4000
2275,222368.4000
2276,222368.4000
2277,222368.4000
2278,222368.4000
2279,222368.4000
2280,222368.4000
2281,222368.4000
2282,222368.4000
2283,222368.4000
2284,222368.4000
2285,222368.4000
2286,222368.4000
2287,222368.4000
2288,222368.4000
2289,222368.4000
2290,222368.4000
2291,222368.4000
2292,222368.4000
2293,222368.4000
2294,222368.4000
2295,222368.4000
2296,222368.4000
2297,222368.4000
2298,222368.4000
2299,222368.4000
2300,222368.4000
2301,222368.4000
2302,222368.4000
2303,222368.4000
2304,222368.4000
2305,222368.4000
2306,222368.4000
2307,222368.4000
2308,222368.4000
2309,222368.4000
2310,222368.4000
2311,222368.4000
2312,222368.4000
2313,222368.4000
2314,222368.4000
2315,222368.4000
2316,222368.4000
2317,222368.4000
2318,222368.4000
2319,222368.4000
2320,222368.4000
2321,222368.4000
2322,222368.4000
2323,222368.4000
2324,222368.4000
2325,222368.4000
2326,222368.4000
2327,222368.4000
2328,222368.4000
2329,222368.4000
2330,222368.4000
2331,222368.4000
2332,222368.4000
2333,222368.4000
2334,222368.4000
2335,222368.4000
2336,222368.4000
2337,222368.4000
2338,222368.4000
2339,222368.4000
2340,222368.4000
2341,222368.4000
2342,222368.4000
2343,222368.4000
2344,222368.4000
2345,222368.4000
2346,222368.4000
2347,222368.4000
2348,222368.4000
2349,222368.4000
2350,222368.4000
2351,222368.4000
2352,222368.4000
2353,222368.4000
2354,222368.4000
2355,222368.4000
2356,222368.4000
2357,222368.4000
2358,222368.4000
2359,222368.4000
2360,222368.4000
2361,222368.4000
2362,222368.4000
2363,222368.4000
2364,222368.4000
2365,222368.4000
2366,222368.4000
2367,222368.4000
2368,222368.4000
2369,222368.4000
2370,222368.4000
2371,222368.4000
2372,222368.4000
2373,222368.4000
2374,222368.4000
2375,222368.4000
2376,222368.4000
2377,222368.4000
2378,222368.4000
2379,222368.4000
2380,222368.4000
2381,222368.4000
2382,222368.4000
2383,222368.4000
2384,222368.4000
2385,222368.4000
2386,222368.4000
2387,222368.4000
2388,222368.4000
2389,222368.4000
2390,222368.4000
2391,222368.4000
2392,222368.4000
2393,222368.4000
2394,222368.4000
2395,222368.4000
2396,222368.4000
2397,222368.4000
2398,222368.4000
2399,222368.4000
2400,222368.4000
2401,222368.4000
2402,222368.4000
2403,222368.4000
2404,222368.4000
2405,222368.4000
2406,222368.4000
2407,222368.4000
2408,222368.4000
2409,222368.4000
2410,222368.4000
2411,222368.4000
2412,222368.4000
2413,222368.4000
2414,222368.4000
2415,222368.4000
2416,222368.4000
2417,222368.4000
2418,222368.4000
2419,222368.4000
2420,222368.4000
2421,222368.4000
2422,222368.4000
2423,222368.4000
2424,222368.4000
2425,222368.4000
2426,222368.4000
2427,222368.4000
2428,222368.4000
2429,222368.4000
2430,222368.4000
2431,222368.4000
2432,222368.4000
2433,222368.4000
2434,222368.4000
2435,222368.4000
2436,222368.4000
2437,222368.4000
2438,222368.4000
2439,222368.4000
2440,222368.4000
2441,222368.4000
2442,222368.4000
2443,222368.4000
2444,222368.4000
2445,222368.4000
2446,222368.4000
2447,222368.4000
2448,222368.4000
2449,222368.4000
2450,222368.4000
2451,222368.4000
2452,222368.4000
2453,222368.4000
2454,222368.4000
2455,222368.4000
2456,222368.4000
2457,222368.4000
2458,222368.4000
2459,222368.4000
2460,222368.4000
2461,222368.4000
2462,222368.4000
2463,222368.4000
2464,222368.4000
2465,222368.4000
2466,222368.4000
2467,222368.4000
2468,222368.4000
2469,222368.4000
2470,222368.4000
2471,222368.4000
2472,222368.4000
2473,222368.4000
2474,222368.4000
2475,222368.4000
2476,222368.4000
2477,222368.4000
2478,222368.4000
2479,222368.4000
2480,222368.4000
2481,222368.4000
2482,222368.4000
2483,222368.4000
2484,222368.4000
2485,222368.4000
2486,222368.4000
2487,222368.4000
2488,222368.4000
2489,222368.4000
2490,222368.4000
2491,222368.4000
2492,222368.4000
2493,222368.4000
2494,222368.4000
2495,222368.4000
2496,222368.4000
2497,222368.4000
2498,222368.4000
2499,222368.4000
2500,222368.4000
2501,222368.4000
2502,222368.4000
2503,222368.4000
2504,222368.4000
2505,222368.4000
2506,222368.4000
2507,222368.4000
2508,222368.4000
2509,222368.4000
2510,222368.4000
2511,222368.4000
2512,222368.4000
2513,222368.4000
2514,222368.4000
2515,222368.4000
2516,222368.4000
2517,222368.4000
2518,222368.4000
2519,222368.4000
2520,222368.4000
2521,222368.4000
2522,222368.4000
2523,222368.4000
2524,222368.4000
2525,222368.4000
2526,222368.4000
2527,222368.4000
2528,222368.4000
2529,222368.4000
2530,222368.4000
2531,222368.4000
2532,222368.4000
2533,222368.4000
2534,222368.4000
2535,222368.4000
2536,222368.4000
2537,222368.4000
2538,222368.4000
2539,222368.4000
2540,222368.4000
2541,222368.4000
2542,222368.4000
2543,222368.4000
2544,222368.4000
2545,222368.4000
2546,222368.4000
2547,222368.4000
2548,222368.4000
2549,222368.4000
2550,222368.4000
2551,222368.4000
2552,222368.4000
2553,222368.4000
2554,222368.4000
2555,222368.4000
2556,222368.4000
2557,222368.4000
2558,222368.4000
2559,222368.4000
2560,222368.4000
2561,222368.4000
2562,222368.4000
2563,222368.4000
2564,222368.4000
2565,222368.4000
2566,222368.4000
2567,222368.4000
2568,222368.4000
2569,222368.4000
2570,222368.4000
2571,222368.4000
2572,222368.4000
2573,222368.4000
2574,222368.4000
2575,222368.4000
2576,222368.4000
2577,222368.4000
2578,222368.4000
2579,222368.4000
2580,222368.4000
2581,222368.4000
2582,222368.4000
2583,222368.4000
2584,222368.4000
2585,222368.4000
2586,222368.4000
2587,222368.4000
2588,222368.4000
2589,222368.4000
2590,222368.4000
2591,222368.4000
2592,222368.4000
2593,222368.4000
2594,222368.4000
2595,222368.4000
2596,222368.4000
2597,222368.4000
2598,222368.4000
2599,222368.4000
2600,222368.4000
2601,222368.4000
2602,222368.4000
2603,222368.4000
2604,222368.4000
2605,222368.4000
2606,222368.4000
2607,222368.4000
2608,222368.4000
2609,222368.4000
2610,222368.4000
2611,222368.4000
2612,222368.4000
2613,222368.4000
2614,222368.4000
2615,222368.4000
2616,222368.4000
2617,222368.4000
2618,222368.4000
2619,222368.4000
2620,222368.4000
2621,222368.4000
2622,222368.4000
2623,222368.4000
2624,222368.4000
2625,222368.4000
2626,222368.4000
2627,222368.4000
2628,222368.4000
2629,222368.4000
2630,222368.4000
2631,222368.4000
2632,222368.4000
2633,222368.4000
2634,222368.4000
2635,222368.4000
2636,222368.4000
2637,222368.4000
2638,222368.4000
2639,222368.4000
2640,222368.4000
2641,222368.4000
2642,222368.4000
2643,222368.4000
2644,222368.4000
2645,222368.4000
2646,222368.4000
2647,222368.4000
2648,222368.4000
2649,222368.4000
2650,222368.4000
2651,222368.4000
2652,222368.4000
2653,222368.4000
2654,222368.4000
2655,222368.4000
2656,222368.4000
2657,222368.4000
2658,222368.4000
2659,222368.4000
2660,222368.4000
2661,222368.4000
2662,222368.4000
2663,222368.4000
2664,222368.4000
2665,222368.4000
2666,222368.4000
2667,222368.4000
2668,222368.4000
2669,222368.4000
2670,222368.4000
2671,222368.4000
2672,222368.4000
2673,222368.4000
2674,222368.4000
2675,222368.4000
2676,222368.4000
2677,222368.4000
2678,222368.4000
2679,222368.4000
2680,222368.4000
2681,222368.4000
2682,222368.4000
2683,222368.4000
2684,222368.4000
2685,222368.4000
2686,222368.4000
2687,222368.4000
2688,222368.4000
2689,222368.4000
2690,222368.4000
2691,222368.4000
2692,222368.4000
2693,222368.4000
2694,222368.4000
2695,222368.4000
2696,222368.4000
2697,222368.4000
2698,222368.4000
2699,222368.4000
2700,222368.4000
2701,222368.4000
2702,222368.4000
2703,222368.4000
2704,222368.4000
2705,222368.4000
2706,222368.4000
2707,222368.4000
2708,222368.4000
2709,222368.4000
2710,222368.4000
2711,222368.4000
2712,222368.4000
2713,222368.4000
2714,222368.4000
2715,222368.4000
2716,222368.4000
2717,222368.4000
2718,222368.4000
2719,222368.4000
2720,222368.4000
2721,222368.4000
2722,222368.4000
2723,222368.4000
2724,222368.4000
2725,222368.4000
2726,222368.4000
2727,222368.4000
2728,222368.4000
2729,222368.4000
2730,222368.4000
2731,222368.4000
2732,222368.4000
2733,222368.4000
2734,222368.4000
2735,222368.4000
2736,222368.4000
2737,222368.4000
2738,222368.4000
2739,222368.4000
2740,222368.4000
2741,222368.4000
2742,222368.4000
2743,222368.4000
2744,222368.4000
2745,222368.4000
2746,222368.4000
2747,222368.4000
2748,222368.4000
2749,222368.4000
2750,222368.4000
2751,222368.4000
2752,222368.4000
2753,222368.4000
2754,222368.4000
2755,222368.4000
2756,222368.4000
2757,222368.4000
2758,222368.4000
2759,222368.4000
2760,222368.4000
2761,222368.4000
2762,222368.4000
2763,222368.4000
2764,222368.4000
2765,222368.4000
2766,222368.4000
2767,222368.4000
2768,222368.4000
2769,222368.4000
2770,222368.4000
2771,222368.4000
2772,222368.4000
2773,222368.4000
2774,222368.4000
2775,222368.4000
2776,222368.4000
2777,222368.4000
2778,222368.4000
2779,222368.4000
2780,222368.4000
2781,222368.4000
2782,222368.4000
2783,222368.4000
2784,222368.4000
2785,222368.4000
2786,222368.4000
2787,222368.4000
2788,222368.4000
2789,222368.4000
2790,222368.4000
2791,222368.4000
2792,222368.4000
2793,222368.4000
2794,222368.4000
2795,222368.4000
2796,222368.4000
2797,222368.4000
2798,222368.4000
2799,222368.4000
2800,222368.4000
2801,222368.4000
2802,222368.4000
2803,222368.4000
2804,222368.4000
2805,222368.4000
2806,222368.4000
2807,222368.4000
2808,222368.4000
2809,222368.4000
2810,222368.4000
2811,222368.4000
2812,222368.4000
2813,222368.4000
2814,222368.4000
2815,222368.4000
2816,222368.4000
2817,222368.4000
2818,222368.4000
2819,222368.4000
2820,222368.4000
2821,222368.4000
2822,222368.4000
2823,222368.4000
2824,222368.4000
2825,222368.4000
2826,222368.4000
2827,222368.4000
2828,222368.4000
2829,222368.4000
2830,222368.4000
2831,222368.4000
2832,222368.4000
2833,222368.4000
2834,222368.4000
2835,222368.4000
2836,222368.4000
2837,222368.4000
2838,222368.4000
2839,222368.4000
2840,222368.4000
2841,222368.4000
2842,222368.4000
2843,222368.4000
2844,222368.4000
2845,222368.4000
2846,222368.4000
2847,222368.4000
2848,222368.4000
2849,222368.4000
2850,222368.4000
2851,222368.4000
2852,222368.4000
2853,222368.4000
2854,222368.4000
2855,222368.4000
2856,222368.4000
2857,222368.4000
2858,222368.4000
2859,222368.4000
2860,222368.4000
2861,222368.4000
2862,222368.4000
2863,222368.4000
2864,222368.4000
2865,222368.4000
2866,222368.4000
2867,222368.4000
2868,222368.4000
2869,222368.4000
2870,222368.4000
2871,222368.4000
2872,222368.4000
2873,222368.4000
2874,222368.4000
2875,222368.4000
2876,222368.4000
2877,222368.4000
2878,222368.4000
2879,222368.4000
2880,222368.4000
2881,222368.4000
2882,222368.4000
2883,222368.4000
2884,222368.4000
2885,222368.4000
2886,222368.4000
2887,222368.4000
2888,222368.4000
2889,222368.4000
2890,222368.4000
2891,222368.4000
2892,222368.4000
2893,222368.4000
2894,222368.4000
2895,222368.4000
2896,222368.4000
2897,222368.4000
2898,222368.4000
2899,222368.4000
2900,222368.4000
2901,222368.4000
2902,222368.4000
2903,222368.4000
2904,222368.4000
2905,222368.4000
2906,222368.4000
2907,222368.4000
2908,222368.4000
2909,222368.4000
2910,222368.4000
2911,222368.4000
2912,222368.4000
2913,222368.4000
2914,222368.4000
2915,222368.4000
2916,222368.4000
2917,222368.4000
2918,222368.4000
2919,222368.4000
2920,222368.4000
2921,222368.4000
2922,222368.4000
2923,222368.4000
2924,222368.4000
2925,222368.4000
2926,222368.4000
2927,222368.4000
2928,222368.4000
2929,222368.4000
2930,222368.4000
2931,222368.4000
2932,222368.4000
2933,222368.4000
2934,222368.4000
2935,222368.4000
2936,222368.4000
2937,222368.4000
2938,222368.4000
2939,222368.4000
2940,222368.4000
2941,222368.4000
2942,222368.4000
2943,222368.4000
2944,222368.4000
2945,222368.4000
2946,222368.4000
2947,222368.4000
2948,222368.4000
2949,222368.4000
2950,222368.4000
2951,222368.4000
2952,222368.4000
2953,222368.4000
2954,222368.4000
2955,222368.4000
2956,222368.4000
2957,222368.4000
2958,222368.4000
2959,222368.4000
2960,222368.4000
2961,222368.4000
2962,222368.4000
2963,222368.4000
2964,222368.4000
2965,222368.4000
2966,222368.4000
2967,222368.4000
2968,222368.4000
2969,222368.4000
2970,222368.4000
2971,222368.4000
2972,222368.4000
2973,222368.4000
2974,222368.4000
2975,222368.4000
2976,222368.4000
2977,222368.4000
2978,222368.4000
2979,222368.4000
2980,222368.4000
2981,222368.4000
2982,222368.4000
2983,222368.4000
2984,222368.4000
2985,222368.4000
2986,222368.4000
2987,222368.4000
2988,222368.4000
2989,222368.4000
2990,222368.4000
2991,222368.4000
2992,222368.4000
2993,222368.4000
2994,222368.4000
2995,222368.4000
2996,222368.4000
2997,222368.4000
2998,222368.4000
2999,222368.4000
3000,222368.4000
3001,222368.4000
3002,222368.4000
3003,222368.4000
3004,222368.4000
3005,222368.4000
3006,222368.4000
3007,222368.4000
3008,222368.4000
3009,222368.4000
3010,222368.4000
3011,222368.4000
3012,222368.4000
3013,222368.4000
3014,222368.4000
3015,222368.4000
3016,222368.4000
3017,222368.4000
3018,222368.4000
3019,222368.4000
3020,222368.4000
3021,222368.4000
3022,222368.4000
3023,222368.4000
3024,222368.4000
3025,222368.4000
3026,222368.4000
3027,222368.4000
3028,222368.4000
3029,222368.4000
3030,222368.4000
3031,222368.4000
3032,222368.4000
3033,222368.4000
3034,222368.4000
3035,222368.4000
3036,222368.4000
3037,222368.4000
3038,222368.4000
3039,222368.4000
3040,222368.4000
3041,222368.4000
3042,222368.4000
3043,222368.4000
3044,222368.4000
3045,222368.4000
3046,222368.4000
3047,222368.4000
3048,222368.4000
3049,222368.4000
3050,222368.4000
3051,222368.4000
3052,222368.4000
3053,222368.4000
3054,222368.4000
3055,222368.4000
3056,222368.4000
3057,222368.4000
3058,222368.4000
3059,222368.4000
3060,222368.4000
3061,222368.4000
3062,222368.4000
3063,222368.4000
3064,222368.4000
3065,222368.4000
3066,222368.4000
3067,222368.4000
3068,222368.4000
3069,222368.4000
3070,222368.4000
3071,222368.4000
3072,222368.4000
3073,222368.4000
3074,222368.4000
3075,222368.4000
3076,222368.4000
3077,222368.4000
3078,222368.4000
3079,222368.4000
3080,222368.4000
3081,222368.4000
3082,222368.4000
3083,222368.4000
3084,222368.4000
3085,222368.4000
3086,222368.4000
3087,222368.4000
3088,222368.4000
3089,222368.4000
3090,222368.4000
3091,222368.4000
3092,222368.4000
3093,222368.4000
3094,222368.4000
3095,222368.4000
3096,222368.4000
3097,222368.4000
3098,222368.4000
3099,222368.4000
3100,222368.4000
3101,222368.4000
3102,222368.4000
3103,222368.4000
3104,222368.4000
3105,222368.4000
3106,222368.4000
3107,222368.4000
3108,222368.4000
3109,222368.4000
3110,222368.4000
3111,222368.4000
3112,222368.4000
3113,222368.4000
3114,222368.4000
3115,222368.4000
3116,222368.4000
3117,222368.4000
3118,222368.4000
3119,222368.4000
3120,222368.4000
3121,222368.4000
3122,222368.4000
3123,222368.4000
3124,222368.4000
3125,222368.4000
3126,222368.4000
3127,222368.4000
3128,222368.4000
3129,222368.4000
3130,222368.4000
3131,222368.4000
3132,222368.4000
3133,222368.4000
3134,222368.4000
3135,222368.4000
3136,222368.4000
3137,222368.4000
3138,222368.4000
3139,222368.4000
3140,222368.4000
3141,222368.4000
3142,222368.4000
3143,222368.4000
3144,222368.4000
3145,222368.4000
3146,222368.4000
3147,222368.4000
3148,222368.4000
3149,222368.4000
3150,222368.4000
3151,222368.4000
3152,222368.4000
3153,222368.4000
3154,222368.4000
3155,222368.4000
3156,222368.4000
3157,222368.4000
3158,222368.4000
3159,222368.4000
3160,222368.4000
3161,222368.4000
3162,222368.4000
3163,222368.4000
3164,222368.4000
3165,222368.4000
3166,222368.4000
3167,222368.4000
3168,222368.4000
3169,222368.4000
3170,222368.4000
3171,222368.4000
3172,222368.4000
3173,222368.4000
3174,222368.4000
3175,222368.4000
3176,222368.4000
3177,222368.4000
3178,222368.4000
3179,222368.4000
3180,222368.4000
3181,222368.4000
3182,222368.4000
3183,222368.4000
3184,222368.4000
3185,222368.4000
3186,222368.4000
3187,222368.4000
3188,222368.4000
3189,222368.4000
3190,222368.4000
3191,222368.4000
3192,222368.4000
3193,222368.4000
3194,222368.4000
3195,222368.4000
3196,222368.4000
3197,222368.4000
3198,222368.4000
3199,222368.4000
3200,222368.4000
3201,222368.4000
3202,222368.4000
3203,222368.4000
3204,222368.4000
3205,222368.4000
3206,222368.4000
3207,222368.4000
3208,222368.4000
3209,222368.4000
3210,222368.4000
3211,222368.4000
3212,222368.4000
3213,222368.4000
3214,222368.4000
3215,222368.4000
3216,222368.4000
3217,222368.4000
3218,222368.4000
3219,222368.4000
3220,222368.4000
3221,222368.4000
3222,222368.4000
3223,222368.4000
3224,222368.4000
3225,222368.4000
3226,222368.4000
3227,222368.4000
3228,222368.4000
3229,222368.4000
3230,222368.4000
3231,222368.4000
3232,222368.4000
3233,222368.4000
3234,222368.4000
3235,222368.4000
3236,222368.4000
3237,222368.4000
3238,222368.4000
3239,222368.4000
3240,222368.4000
3241,222368.4000
3242,222368.4000
3243,222368.4000
3244,222368.4000
3245,222368.4000
3246,222368.4000
3247,222368.4000
3248,222368.4000
3249,222368.4000
3250,222368.4000
3251,222368.4000
3252,222368.4000
3253,222368.4000
3254,222368.4000
3255,222368.4000
3256,222368.4000
3257,222368.4000
3258,222368.4000
3259,222368.4000
3260,222368.4000
3261,222368.4000
3262,222368.4000
3263,222368.4000
3264,222368.4000
3265,222368.4000
3266,222368.4000
3267,222368.4000
3268,222368.4000
3269,222368.4000
3270,222368.4000
3271,222368.4000
3272,222368.4000
3273,222368.4000
3274,222368.4000
3275,222368.4000
3276,222368.4000
3277,222368.4000
3278,222368.4000
3279,222368.4000
3280,222368.4000
3281,222368.4000
3282,222368.4000
3283,222368.4000
3284,222368.4000
3285,222368.4000
3286,222368.4000
3287,222368.4000
3288,222368.4000
3289,222368.4000
3290,222368.4000
3291,222368.4000
3292,222368.4000
3293,222368.4000
3294,222368.4000
3295,222368.4000
3296,222368.4000
3297,222368.4000
3298,222368.4000
3299,222368.4000
3300,222368.4000
3301,222368.4000
3302,222368.4000
3303,222368.4000
3304,222368.4000
3305,222368.4000
3306,222368.4000
3307,222368.4000
3308,222368.4000
3309,222368.4000
3310,222368.4000
3311,222368.4000
3312,222368.4000
3313,222368.4000
3314,222368.4000
3315,222368.4000
3316,222368.4000
3317,222368.4000
3318,222368.4000
3319,222368.4000
3320,222368.4000
3321,222368.4000
3322,222368.4000
3323,222368.4000
3324,222368.4000
3325,222368.4000
3326,222368.4000
3327,222368.4000
3328,222368.4000
3329,222368.4000
3330,222368.4000
3331,222368.4000
3332,222368.4000
3333,222368.4000
3334,222368.4000
3335,222368.4000
3336,222368.4000
3337,222368.4000
3338,222368.4000
3339,222368.4000
3340,222368.4000
3341,222368.4000
3342,222368.4000
3343,222368.4000
3344,222368.4000
3345,222368.4000
3346,222368.4000
3347,222368.4000
3348,222368.4000
3349,222368.4000
3350,222368.4000
3351,222368.4000
3352,222368.4000
3353,222368.4000
3354,222368.4000
3355,222368.4000
3356,222368.4000
3357,222368.4000
3358,222368.4000
3359,222368.4000
3360,222368.4000
3361,222368.4000
3362,222368.4000
3363,222368.4000
3364,222368.4000
3365,222368.4000
3366,222368.4000
3367,222368.4000
3368,222368.4000
3369,222368.4000
3370,222368.4000
3371,222368.4000
3372,222368.4000
3373,222368.4000
3374,222368.4000
3375,222368.4000
3376,222368.4000
3377,222368.4000
3378,222368.4000
3379,222368.4000
3380,222368.4000
3381,222368.4000
3382,222368.4000
3383,222368.4000
3384,222368.4000
3385,222368.4000
3386,222368.4000
3387,222368.4000
3388,222368.4000
3389,222368.4000
3390,222368.4000
3391,222368.4000
3392,222368.4000
3393,222368.4000
3394,222368.4000
3395,222368.4000
3396,222368.4000
3397,222368.4000
3398,222368.4000
3399,222368.4000
3400,222368.4000
3401,222368.4000
3402,222368.4000
3403,222368.4000
3404,222368.4000
3405,222368.4000
3406,222368.4000
3407,222368.4000
3408,222368.4000
3409,222368.4000
3410,222368.4000
3411,222368.4000
3412,222368.4000
3413,222368.4000
3414,222368.4000
3415,222368.4000
3416,222368.4000
3417,222368.4000
3418,222368.4000
3419,222368.4000
3420,222368.4000
3421,222368.4000
3422,222368.4000
3423,222368.4000
3424,222368.4000
3425,222368.4000
3426,222368.4000
3427,222368.4000
3428,222368.4000
3429,222368.4000
3430,222368.4000
3431,222368.4000
3432,222368.4000
3433,222368.4000
3434,222368.4000
3435,222368.4000
3436,222368.4000
3437,222368.4000
3438,222368.4000
3439,222368.4000
3440,222368.4000
3441,222368.4000
3442,222368.4000
3443,222368.4000
3444,222368.4000
3445,222368.4000
3446,222368.4000
3447,222368.4000
3448,222368.4000
3449,222368.4000
3450,222368.4000
3451,222368.4000
3452,222368.4000
3453,222368.4000
3454,222368.4000
3455,222368.4000
3456,222368.4000
3457,222368.4000
3458,222368.4000
3459,222368.4000
3460,222368.4000
3461,222368.4000
3462,222368.4000
3463,222368.4000
3464,222368.4000
3465,222368.4000
3466,222368.4000
3467,222368.4000
3468,222368.4000
3469,222368.4000
3470,222368.4000
3471,222368.4000
3472,222368.4000
3473,222368.4000
3474,222368.4000
3475,222368.4000
3476,222368.4000
3477,222368.4000
3478,222368.4000
3479,222368.4000
3480,222368.4000
3481,222368.4000
3482,222368.4000
3483,222368.4000
3484,222368.4000
3485,222368.4000
3486,222368.4000
3487,222368.4000
3488,222368.4000
3489,222368.4000
3490,222368.4000
3491,222368.4000
3492,222368.4000
3493,222368.4000
3494,222368.4000
3495,222368.4000
3496,222368.4000
3497,222368.4000
3498,222368.4000
3499,222368.4000
3500,222368.4000
3501,222368.4000
3502,222368.4000
3503,222368.4000
3504,222368.4000
3505,222368.4000
3506,222368.4000
3507,222368.4000
3508,222368.4000
3509,222368.4000
3510,222368.4000
3511,222368.4000
3512,222368.4000
3513,222368.4000
3514,222368.4000
3515,222368.4000
3516,222368.4000
3517,222368.4000
3518,222368.4000
3519,222368.4000
3520,222368.4000
3521,222368.4000
3522,222368.4000
3523,222368.4000
3524,222368.4000
3525,222368.4000
3526,222368.4000
3527,222368.4000
3528,222368.4000
3529,222368.4000
3530,222368.4000
3531,222368.4000
3532,222368.4000
3533,222368.4000
3534,222368.4000
3535,222368.4000
3536,222368.4000
3537,222368.4000
3538,222368.4000
3539,222368.4000
3540,222368.4000
3541,222368.4000
3542,222368.4000
3543,222368.4000
3544,222368.4000
3545,222368.4000
3546,222368.4000
3547,222368.4000
3548,222368.4000
3549,222368.4000
3550,222368.4000
3551,222368.4000
3552,222368.4000
3553,222368.4000
3554,222368.4000
3555,222368.4000
3556,222368.4000
3557,222368.4000
3558,222368.4000
3559,222368.4000
3560,222368.4000
3561,222368.4000
3562,222368.4000
3563,222368.4000
3564,222368.4000
3565,222368.4000
3566,222368.4000
3567,222368.4000
3568,222368.4000
3569,222368.4000
3570,222368.4000
3571,222368.4000
3572,222368.4000
3573,222368.4000
3574,222368.4000
3575,222368.4000
3576,222368.4000
3577,222368.4000
3578,222368.4000
3579,222368.4000
3580,222368.4000
3581,222368.4000
3582,222368.4000
3583,222368.4000
3584,222368.4000
3585,222368.4000
3586,222368.4000
3587,222368.4000
3588,222368.4000
3589,222368.4000
3590,222368.4000
3591,222368.4000
3592,222368.4000
3593,222368.4000
3594,222368.4000
3595,222368.4000
3596,222368.4000
3597,222368.4000
3598,222368.4000
3599,222368.4000
3600,222368.4000
3601,222368.4000
3602,222368.4000
3603,222368.4000
3604,222368.4000
3605,222368.4000
3606,222368.4000
3607,222368.4000
3608,222368.4000
3609,222368.4000
3610,222368.4000
3611,222368.4000
3612,222368.4000
3613,222368.4000
3614,222368.4000
3615,222368.4000
3616,222368.4000
3617,222368.4000
3618,222368.4000
3619,222368.4000
3620,222368.4000
3621,222368.4000
3622,222368.4000
3623,222368.4000
3624,222368.4000
3625,222368.4000
3626,222368.4000
3627,222368.4000
3628,222368.4000
3629,222368.4000
3630,222368.4000
3631,222368.4000
3632,222368.4000
3633,222368.4000
3634,222368.4000
3635,222368.4000
3636,222368.4000
3637,222368.4000
3638,222368.4000
3639,222368.4000
3640,222368.4000
3641,222368.4000
3642,222368.4000
3643,222368.4000
3644,222368.4000
3645,222368.4000
3646,222368.4000
3647,222368.4000
3648,222368.4000
3649,222368.4000
3650,222368.4000
3651,222368.4000
3652,222368.4000
3653,222368.4000
3654,222368.4000
3655,222368.4000
3656,222368.4000
3657,222368.4000
3658,222368.4000
3659,222368.4000
3660,222368.4000
3661,222368.4000
3662,222368.4000
3663,222368.4000
3664,222368.4000
3665,222368.4000
3666,222368.4000
3667,222368.4000
3668,222368.4000
3669,222368.4000
3670,222368.4000
3671,222368.4000
3672,222368.4000
3673,222368.4000
3674,222368.4000
3675,222368.4000
3676,222368.4000
3677,222368.4000
3678,222368.4000
3679,222368.4000
3680,222368.4000
3681,222368.4000
3682,222368.4000
3683,222368.4000
3684,222368.4000
3685,222368.4000
3686,222368.4000
3687,222368.4000
3688,222368.4000
3689,222368.4000
3690,222368.4000
3691,222368.4000
3692,222368.4000
3693,222368.4000
3694,222368.4000
3695,222368.4000
3696,222368.4000
3697,222368.4000
3698,222368.4000
3699,222368.4000
3700,222368.4000
3701,222368.4000
3702,222368.4000
3703,222368.4000
3704,222368.4000
3705,222368.4000
3706,222368.4000
3707,222368.4000
3708,222368.4000
3709,222368.4000
3710,222368.4000
3711,222368.4000
3712,222368.4000
3713,222368.4000
3714,222368.4000
3715,222368.4000
3716,222368.4000
3717,222368.4000
3718,222368.4000
3719,222368.4000
3720,222368.4000
3721,222368.4000
3722,222368.4000
3723,222368.4000
3724,222368.4000
3725,222368.4000
3726,222368.4000
3727,222368.4000
3728,222368.4000
3729,222368.4000
3730,222368.4000
3731,222368.4000
3732,222368.4000
3733,222368.4000
3734,222368.4000
3735,222368.4000
3736,222368.4000
3737,222368.4000
3738,222368.4000
3739,222368.4000
3740,222368.4000
3741,222368.4000
3742,222368.4000
3743,222368.4000
3744,222368.4000
3745,222368.4000
3746,222368.4000
3747,222368.4000
3748,222368.4000
3749,222368.4000
3750,222368.4000
3751,222368.4000
3752,222368.4000
3753,222368.4000
3754,222368.4000
3755,222368.4000
3756,222368.4000
3757,222368.4000
3758,222368.4000
3759,222368.4000
3760,222368.4000
3761,222368.4000
3762,222368.4000
3763,222368.4000
3764,222368.4000
3765,222368.4000
3766,222368.4000
3767,222368.4000
3768,222368.4000
3769,222368.4000
3770,222368.4000
3771,222368.4000
3772,222368.4000
3773,222368.4000
3774,222368.4000
3775,222368.4000
3776,222368.4000
3777,222368.4000
3778,222368.4000
3779,222368.4000
3780,222368.4000
3781,222368.4000
3782,222368.4000
3783,222368.4000
3784,222368.4000
3785,222368.4000
3786,222368.4000
3787,222368.4000
3788,222368.4000
3789,222368.4000
3790,222368.4000
3791,222368.4000
3792,222368.4000
3793,222368.4000
3794,222368.4000
3795,222368.4000
3796,222368.4000
3797,222368.4000
3798,222368.4000
3799,222368.4000
3800,222368.4000
3801,222368.4000
3802,222368.4000
3803,222368.4000
3804,222368.4000
3805,222368.4000
3806,222368.4000
3807,222368.4000
3808,222368.4000
3809,222368.4000
3810,222368.4000
3811,222368.4000
3812,222368.4000
3813,222368.4000
3814,222368.4000
3815,222368.4000
3816,222368.4000
3817,222368.4000
3818,222368.4000
3819,222368.4000
3820,222368.4000
3821,222368.4000
3822,222368.4000
3823,222368.4000
3824,222368.4000
3825,222368.4000
3826,222368.4000
3827,222368.4000
3828,222368.4000
3829,222368.4000
3830,222368.4000
3831,222368.4000
3832,222368.4000
3833,222368.4000
3834,222368.4000
3835,222368.4000
3836,222368.4000
3837,222368.4000
3838,222368.4000
3839,222368.4000
3840,222368.4000
3841,222368.4000
3842,222368.4000
3843,222368.4000
3844,222368.4000
3845,222368.4000
3846,222368.4000
3847,222368.4000
3848,222368.4000
3849,222368.4000
3850,222368.4000
3851,222368.4000
3852,222368.4000
3853,222368.4000
3854,222368.4000
3855,222368.4000
3856,222368.4000
3857,222368.4000
3858,222368.4000
3859,222368.4000
3860,222368.4000
3861,222368.4000
3862,222368.4000
3863,222368.4000
3864,222368.4000
3865,222368.4000
3866,222368.4000
3867,222368.4000
3868,222368.4000
3869,222368.4000
3870,222368.4000
3871,222368.4000
3872,222368.4000
3873,222368.4000
3874,222368.4000
3875,222368.4000
3876,222368.4000
3877,222368.4000
3878,222368.4000
3879,222368.4000
3880,222368.4000
3881,222368.4000
3882,222368.4000
3883,222368.4000
3884,222368.4000
3885,222368.4000
3886,222368.4000
3887,222368.4000
3888,222368.4000
3889,222368.4000
3890,222368.4000
3891,222368.4000
3892,222368.4000
3893,222368.4000
3894,222368.4000
3895,222368.4000
3896,222368.4000
3897,222368.4000
3898,222368.4000
3899,222368.4000
3900,222368.4000
3901,222368.4000
3902,222368.4000
3903,222368.4000
3904,222368.4000
3905,222368.4000
3906,222368.4000
3907,222368.4000
3908,222368.4000
3909,222368.4000
3910,222368.4000
3911,222368.4000
3912,222368.4000
3913,222368.4000
3914,222368.4000
3915,222368.4000
3916,222368.4000
3917,222368.4000
3918,222368.4000
3919,222368.4000
3920,222368.4000
3921,222368.4000
3922,222368.4000
3923,222368.4000
3924,222368.4000
3925,222368.4000
3926,222368.4000
3927,222368.4000
3928,222368.4000
3929,222368.4000
3930,222368.4000
3931,222368.4000
3932,222368.4000
3933,222368.4000
3934,222368.4000
3935,222368.4000
3936,222368.4000
3937,222368.4000
3938,222368.4000
3939,222368.4000
3940,222368.4000
3941,222368.4000
3942,222368.4000
3943,222368.4000
3944,222368.4000
3945,222368.4000
3946,222368.4000
3947,222368.4000
3948,222368.4000
3949,222368.4000
3950,222368.4000
3951,222368.4000
3952,222368.4000
3953,222368.4000
3954,222368.4000
3955,222368.4000
3956,222368.4000
3957,222368.4000
3958,222368.4000
3959,222368.4000
3960,222368.4000
3961,222368.4000
3962,222368.4000
3963,222368.4000
3964,222368.4000
3965,222368.4000
3966,222368.4000
3967,222368.4000
3968,222368.4000
3969,222368.4000
3970,222368.4000
3971,222368.4000
3972,222368.4000
3973,222368.4000
3974,222368.4000
3975,222368.4000
3976,222368.4000
3977,222368.4000
3978,222368.4000
3979,222368.4000
3980,222368.4000
3981,222368.4000
3982,222368.4000
3983,222368.4000
3984,222368.4000
3985,222368.4000
3986,222368.4000
3987,222368.4000
3988,222368.4000
3989,222368.4000
3990,222368.4000
3991,222368.4000
3992,222368.4000
3993,222368.4000
3994,222368.4000
3995,222368.4000
3996,222368.4000
3997,222368.4000
3998,222368.4000
3999,222368.4000
4000,222368.4000
4001,222368.4000
4002,222368.4000
4003,222368.4000
4004,222368.4000
4005,222368.4000
4006,222368.4000
4007,222368.4000
4008,222368.4000
4009,222368.4000
4010,222368.4000
4011,222368.4000
4012,222368.4000
4013,222368.4000
4014,222368.4000
4015,222368.4000
4016,222368.4000
4017,222368.4000
4018,222368.4000
4019,222368.4000
4020,222368.4000
4021,222368.4000
4022,222368.4000
4023,222368.4000
4024,222368.4000
4025,222368.4000
4026,222368.4000
4027,222368.4000
4028,222368.4000
4029,222368.4000
4030,222368.4000
4031,222368.4000
4032,222368.4000
4033,222368.4000
4034,222368.4000
4035,222368.4000
4036,222368.4000
4037,222368.4000
4038,222368.4000
4039,222368.4000
4040,222368.4000
4041,222368.4000
4042,222368.4000
4043,222368.4000
4044,222368.4000
4045,222368.4000
4046,222368.4000
4047,222368.4000
4048,222368.4000
4049,222368.4000
4050,222368.4000
4051,222368.4000
4052,222368.4000
4053,222368.4000
4054,222368.4000
4055,222368.4000
4056,222368.4000
4057,222368.4000
4058,222368.4000
4059,222368.4000
4060,222368.4000
4061,222368.4000
4062,222368.4000
4063,222368.4000
4064,222368.4000
4065,222368.4000
4066,222368.4000
4067,222368.4000
4068,222368.4000
4069,222368.4000
4070,222368.4000
4071,222368.4000
4072,222368.4000
4073,222368.4000
4074,222368.4000
4075,222368.4000
4076,222368.4000
4077,222368.4000
4078,222368.4000
4079,222368.4000
4080,222368.4000
4081,222368.4000
4082,222368.4000
4083,222368.4000
4084,222368.4000
4085,222368.4000
4086,222368.4000
4087,222368.4000
4088,222368.4000
4089,222368.4000
4090,222368.4000
4091,222368.4000
4092,222368.4000
4093,222368.4000
4094,222368.4000
4095,222368.4000
4096,222368.4000
4097,222368.4000
4098,222368.4000
4099,222368.4000
4100,222368.4000
4101,222368.4000
4102,222368.4000
4103,222368.4000
4104,222368.4000
4105,222368.4000
4106,222368.4000
4107,222368.4000
4108,222368.4000
4109,222368.4000
4110,222368.4000
4111,222368.4000
4112,222368.4000
4113,222368.4000
4114,222368.4000
4115,222368.4000
4116,222368.4000
4117,222368.4000
4118,222368.4000
4119,222368.4000
4120,222368.4000
4121,222368.4000
4122,222368.4000
4123,222368.4000
4124,222368.4000
4125,222368.4000
4126,222368.4000
4127,222368.4000
4128,222368.4000
4129,222368.4000
4130,222368.4000
4131,222368.4000
4132,222368.4000
4133,222368.4000
4134,222368.4000
4135,222368.4000
4136,222368.4000
4137,222368.4000
4138,222368.4000
4139,222368.4000
4140,222368.4000
4141,222368.4000
4142,222368.4000
4143,222368.4000
4144,222368.4000
4145,222368.4000
4146,222368.4000
4147,222368.4000
4148,222368.4000
4149,222368.4000
4150,222368.4000
4151,222368.4000
4152,222368.4000
4153,222368.4000
4154,222368.4000
4155,222368.4000
4156,222368.4000
4157,222368.4000
4158,222368.4000
4159,222368.4000
4160,222368.4000
4161,222368.4000
4162,222368.4000
4163,222368.4000
4164,222368.4000
4165,222368.4000
4166,222368.4000
4167,222368.4000
4168,222368.4000
4169,222368.4000
4170,222368.4000
4171,222368.4000
4172,222368.4000
4173,222368.4000
4174,222368.4000
4175,222368.4000
4176,222368.4000
4177,222368.4000
4178,222368.4000
4179,222368.4000
4180,222368.4000
4181,222368.4000
4182,222368.4000
4183,222368.4000
4184,222368.4000
4185,222368.4000
4186,222368.4000
4187,222368.4000
4188,222368.4000
4189,222368.4000
4190,222368.4000
4191,222368.4000
4192,222368.4000
4193,222368.4000
4194,222368.4000
4195,222368.4000
4196,222368.4000
4197,222368.4000
4198,222368.4000
4199,222368.4000
4200,222368.4000
4201,222368.4000
4202,222368.4000
4203,222368.4000
4204,222368.4000
4205,222368.4000
4206,222368.4000
4207,222368.4000
4208,222368.4000
4209,222368.4000
4210,222368.4000
4211,222368.4000
4212,222368.4000
4213,222368.4000
4214,222368.4000
4215,222368.4000
4216,222368.4000
4217,222368.4000
4218,222368.4000
4219,222368.4000
4220,222368.4000
4221,222368.4000
4222,222368.4000
4223,222368.4000
4224,222368.4000
4225,222368.4000
4226,222368.4000
4227,222368.4000
4228,222368.4000
4229,222368.4000
4230,222368.4000
4231,222368.4000
4232,222368.4000
4233,222368.4000
4234,222368.4000
4235,222368.4000
4236,222368.4000
4237,222368.4000
4238,222368.4000
4239,222368.4000
4240,222368.4000
4241,222368.4000
4242,222368.4000
4243,222368.4000
4244,222368.4000
4245,222368.4000
4246,222368.4000
4247,222368.4000
4248,222368.4000
4249,222368.4000
4250,222368.4000
4251,222368.4000
4252,222368.4000
4253,222368.4000
4254,222368.4000
4255,222368.4000
4256,222368.4000
4257,222368.4000
4258,222368.4000
4259,222368.4000
4260,222368.4000
4261,222368.4000
4262,222368.4000
4263,222368.4000
4264,222368.4000
4265,222368.4000
4266,222368.4000
4267,222368.4000
4268,222368.4000
4269,222368.4000
4270,222368.4000
4271,222368.4000
4272,222368.4000
4273,222368.4000
4274,222368.4000
4275,222368.4000
4276,222368.4000
4277,222368.4000
4278,222368.4000
4279,222368.4000
4280,222368.4000
4281,222368.4000
4282,222368.4000
4283,222368.4000
4284,222368.4000
4285,222368.4000
4286,222368.4000
4287,222368.4000
4288,222368.4000
4289,222368.4000
4290,222368.4000
4291,222368.4000
4292,222368.4000
4293,222368.4000
4294,222368.4000
4295,222368.4000
4296,222368.4000
4297,222368.4000
4298,222368.4000
4299,222368.4000
4300,222368.4000
4301,222368.4000
4302,222368.4000
4303,222368.4000
4304,222368.4000
4305,222368.4000
4306,222368.4000
4307,222368.4000
4308,222368.4000
4309,222368.4000
4310,222368.4000
4311,222368.4000
4312,222368.4000
4313,222368.4000
4314,222368.4000
4315,222368.4000
4316,222368.4000
4317,222368.4000
4318,222368.4000
4319,222368.4000
4320,222368.4000
4321,222368.4000
4322,222368.4000
4323,222368.4000
4324,222368.4000
4325,222368.4000
4326,222368.4000
4327,222368.4000
4328,222368.4000
4329,222368.4000
4330,222368.4000
4331,222368.4000
4332,222368.4000
4333,222368.4000
4334,222368.4000
4335,222368.4000
4336,222368.4000
4337,222368.4000
4338,222368.4000
4339,222368.4000
4340,222368.4000
4341,222368.4000
4342,222368.4000
4343,222368.4000
4344,222368.4000
4345,222368.4000
4346,222368.4000
4347,222368.4000
4348,222368.4000
4349,222368.4000
4350,222368.4000
4351,222368.4000
4352,222368.4000
4353,222368.4000
4354,222368.4000
4355,222368.4000
4356,222368.4000
4357,222368.4000
4358,222368.4000
4359,222368.4000
4360,222368.4000
4361,222368.4000
4362,222368.4000
4363,222368.4000
4364,222368.4000
4365,222368.4000
4366,222368.4000
4367,222368.4000
4368,222368.4000
4369,222368.4000
4370,222368.4000
4371,222368.4000
4372,222368.4000
4373,222368.4000
4374,222368.4000
4375,222368.4000
4376,222368.4000
4377,222368.4000
4378,222368.4000
4379,222368.4000
4380,222368.4000
4381,222368.4000
4382,222368.4000
4383,222368.4000
4384,222368.4000
4385,222368.4000
4386,222368.4000
4387,222368.4000
4388,222368.4000
4389,222368.4000
4390,222368.4000
4391,222368.4000
4392,222368.4000
4393,222368.4000
4394,222368.4000
4395,222368.4000
4396,222368.4000
4397,222368.4000
4398,222368.4000
4399,222368.4000
4400,222368.4000
4401,222368.4000
4402,222368.4000
4403,222368.4000
4404,222368.4000
4405,222368.4000
4406,222368.4000
4407,222368.4000
4408,222368.4000
4409,222368.4000
4410,222368.4000
4411,222368.4000
4412,222368.4000
4413,222368.4000
4414,222368.4000
4415,222368.4000
4416,222368.4000
4417,222368.4000
4418,222368.4000
4419,222368.4000
4420,222368.4000
4421,222368.4000
4422,222368.4000
4423,222368.4000
4424,222368.4000
4425,222368.4000
4426,222368.4000
4427,222368.4000
4428,222368.4000
4429,222368.4000
4430,222368.4000
4431,222368.4000
4432,222368.4000
4433,222368.4000
4434,222368.4000
4435,222368.4000
4436,222368.4000
4437,222368.4000
4438,222368.4000
4439,222368.4000
4440,222368.4000
4441,222368.4000
4442,222368.4000
4443,222368.4000
4444,222368.4000
4445,222368.4000
4446,222368.4000
4447,222368.4000
4448,222368.4000
4449,222368.4000
4450,222368.4000
4451,222368.4000
4452,222368.4000
4453,222368.4000
4454,222368.4000
4455,222368.4000
4456,222368.4000
4457,222368.4000
4458,222368.4000
4459,222368.4000
4460,222368.4000
4461,222368.4000
4462,222368.4000
4463,222368.4000
4464,222368.4000
4465,222368.4000
4466,222368.4000
4467,222368.4000
4468,222368.4000
4469,222368.4000
4470,222368.4000
4471,222368.4000
4472,222368.4000
4473,222368.4000
4474,222368.4000
4475,222368.4000
4476,222368.4000
4477,222368.4000
4478,222368.4000
4479,222368.4000
4480,222368.4000
4481,222368.4000
4482,222368.4000
4483,222368.4000
4484,222368.4000
4485,222368.4000
4486,222368.4000
4487,222368.4000
4488,222368.4000
4489,222368.4000
4490,222368.4000
4491,222368.4000
4492,222368.4000
4493,222368.4000
4494,222368.4000
4495,222368.4000
4496,222368.4000
4497,222368.4000
4498,222368.4000
4499,222368.4000
4500,222368.4000
4501,222368.4000
4502,222368.4000
4503,222368.4000
4504,222368.4000
4505,222368.4000
4506,222368.4000
4507,222368.4000
4508,222368.4000
4509,222368.4000
4510,222368.4000
4511,222368.4000
4512,222368.4000
4513,222368.4000
4514,222368.4000
4515,222368.4000
4516,222368.4000
4517,222368.4000
4518,222368.4000
4519,222368.4000
4520,222368.4000
4521,222368.4000
4522,222368.4000
4523,222368.4000
4524,222368.4000
4525,222368.4000
4526,222368.4000
4527,222368.4000
4528,222368.4000
4529,222368.4000
4530,222368.4000
4531,222368.4000
4532,222368.4000
4533,222368.4000
4534,222368.4000
4535,222368.4000
4536,222368.4000
4537,222368.4000
4538,222368.4000
4539,222368.4000
4540,222368.4000
4541,222368.4000
4542,222368.4000
4543,222368.4000
4544,222368.4000
4545,222368.4000
4546,222368.4000
4547,222368.4000
4548,222368.4000
4549,222368.4000
4550,222368.4000
4551,222368.4000
4552,222368.4000
4553,222368.4000
4554,222368.4000
4555,222368.4000
4556,222368.4000
4557,222368.4000
4558,222368.4000
4559,222368.4000
4560,222368.4000
4561,222368.4000
4562,222368.4000
4563,222368.4000
4564,222368.4000
4565,222368.4000
4566,222368.4000
4567,222368.4000
4568,222368.4000
4569,222368.4000
4570,222368.4000
4571,222368.4000
4572,222368.4000
4573,222368.4000
4574,222368.4000
4575,222368.4000
4576,222368.4000
4577,222368.4000
4578,222368.4000
4579,222368.4000
4580,222368.4000
4581,222368.4000
4582,222368.4000
4583,222368.4000
4584,222368.4000
4585,222368.4000
4586,222368.4000
4587,222368.4000
4588,222368.4000
4589,222368.4000
4590,222368.4000
4591,222368.4000
4592,222368.4000
4593,222368.4000
4594,222368.4000
4595,222368.4000
4596,222368.4000
4597,222368.4000
4598,222368.4000
4599,222368.4000
4600,222368.4000
4601,222368.4000
4602,222368.4000
4603,222368.4000
4604,222368.4000
4605,222368.4000
4606,222368.4000
4607,222368.4000
4608,222368.4000
4609,222368.4000
4610,222368.4000
4611,222368.4000
4612,222368.4000
4613,222368.4000
4614,222368.4000
4615,222368.4000
4616,222368.4000
4617,222368.4000
4618,222368.4000
4619,222368.4000
4620,222368.4000
4621,222368.4000
4622,222368.4000
4623,222368.4000
4624,222368.4000
4625,222368.4000
4626,222368.4000
4627,222368.4000
4628,222368.4000
4629,222368.4000
4630,222368.4000
4631,222368.4000
4632,222368.4000
4633,222368.4000
4634,222368.4000
4635,222368.4000
4636,222368.4000
4637,222368.4000
4638,222368.4000
4639,222368.4000
4640,222368.4000
4641,222368.4000
4642,222368.4000
4643,222368.4000
4644,222368.4000
4645,222368.4000
4646,222368.4000
4647,222368.4000
4648,222368.4000
4649,222368.4000
4650,222368.4000
4651,222368.4000
4652,222368.4000
4653,222368.4000
4654,222368.4000
4655,222368.4000
4656,222368.4000
4657,222368.4000
4658,222368.4000
4659,222368.4000
4660,222368.4000
4661,222368.4000
4662,222368.4000
4663,222368.4000
4664,222368.4000
4665,222368.4000
4666,222368.4000
4667,222368.4000
4668,222368.4000
4669,222368.4000
4670,222368.4000
4671,222368.4000
4672,222368.4000
4673,222368.4000
4674,222368.4000
4675,222368.4000
4676,222368.4000
4677,222368.4000
4678,222368.4000
4679,222368.4000
4680,222368.4000
4681,222368.4000
4682,222368.4000
4683,222368.4000
4684,222368.4000
4685,222368.4000
4686,222368.4000
4687,222368.4000
4688,222368.4000
4689,222368.4000
4690,222368.4000
4691,222368.4000
4692,222368.4000
4693,222368.4000
4694,222368.4000
4695,222368.4000
4696,222368.4000
4697,222368.4000
4698,222368.4000
4699,222368.4000
4700,222368.4000
4701,222368.4000
4702,222368.4000
4703,222368.4000
4704,222368.4000
4705,222368.4000
4706,222368.4000
4707,222368.4000
4708,222368.4000
4709,222368.4000
4710,222368.4000
4711,222368.4000
4712,222368.4000
4713,222368.4000
4714,222368.4000
4715,222368.4000
4716,222368.4000
4717,222368.4000
4718,222368.4000
4719,222368.4000
4720,222368.4000
4721,222368.4000
4722,222368.4000
4723,222368.4000
4724,222368.4000
4725,222368.4000
4726,222368.4000
4727,222368.4000
4728,222368.4000
4729,222368.4000
4730,222368.4000
4731,222368.4000
4732,222368.4000
4733,222368.4000
4734,222368.4000
4735,222368.4000
4736,222368.4000
4737,222368.4000
4738,222368.4000
4739,222368.4000
4740,222368.4000
4741,222368.4000
4742,222368.4000
4743,222368.4000
4744,222368.4000
4745,222368.4000
4746,222368.4000
4747,222368.4000
4748,222368.4000
4749,222368.4000
4750,222368.4000
4751,222368.4000
4752,222368.4000
4753,222368.4000
4754,222368.4000
4755,222368.4000
4756,222368.4000
4757,222368.4000
4758,222368.4000
4759,222368.4000
4760,222368.4000
4761,222368.4000
4762,222368.4000
4763,222368.4000
4764,222368.4000
4765,222368.4000
4766,222368.4000
4767,222368.4000
4768,222368.4000
4769,222368.4000
4770,222368.4000
4771,222368.4000
4772,222368.4000
4773,222368.4000
4774,222368.4000
4775,222368.4000
4776,222368.4000
4777,222368.4000
4778,222368.4000
4779,222368.4000
4780,222368.4000
4781,222368.4000
4782,222368.4000
4783,222368.4000
4784,222368.4000
4785,222368.4000
4786,222368.4000
4787,222368.4000
4788,222368.4000
4789,222368.4000
4790,222368.4000
4791,222368.4000
4792,222368.4000
4793,222368.4000
4794,222368.4000
4795,222368.4000
4796,222368.4000
4797,222368.4000
4798,222368.4000
4799,222368.4000
4800,222368.4000
4801,222368.4000
4802,222368.4000
4803,222368.4000
4804,222368.4000
4805,222368.4000
4806,222368.4000
4807,222368.4000
4808,222368.4000
4809,222368.4000
4810,222368.4000
4811,222368.4000
4812,222368.4000
4813,222368.4000
4814,222368.4000
4815,222368.4000
4816,222368.4000
4817,222368.4000
4818,222368.4000
4819,222368.4000
4820,222368.4000
4821,222368.4000
4822,222368.4000
4823,222368.4000
4824,222368.4000
4825,222368.4000
4826,222368.4000
4827,222368.4000
4828,222368.4000
4829,222368.4000
4830,222368.4000
4831,222368.4000
4832,222368.4000
4833,222368.4000
4834,222368.4000
4835,222368.4000
4836,222368.4000
4837,222368.4000
4838,222368.4000
4839,222368.4000
4840,222368.4000
4841,222368.4000
4842,222368.4000
4843,222368.4000
4844,222368.4000
4845,222368.4000
4846,222368.4000
4847,222368.4000
4848,222368.4000
4849,222368.4000
4850,222368.4000
4851,222368.4000
4852,222368.4000
4853,222368.4000
4854,222368.4000
4855,222368.4000
4856,222368.4000
4857,222368.4000
4858,222368.4000
4859,222368.4000
4860,222368.4000
4861,222368.4000
4862,222368.4000
4863,222368.4000
4864,222368.4000
4865,222368.4000
4866,222368.4000
4867,222368.4000
4868,222368.4000
4869,222368.4000
4870,222368.4000
4871,222368.4000
4872,222368.4000
4873,222368.4000
4874,222368.4000
4875,222368.4000
4876,222368.4000
4877,222368.4000
4878,222368.4000
4879,222368.4000
4880,222368.4000
4881,222368.4000
4882,222368.4000
4883,222368.4000
4884,222368.4000
4885,222368.4000
4886,222368.4000
4887,222368.4000
4888,222368.4000
4889,222368.4000
4890,222368.4000
4891,222368.4000
4892,222368.4000
4893,222368.4000
4894,222368.4000
4895,222368.4000
4896,222368.4000
4897,222368.4000
4898,222368.4000
4899,222368.4000
4900,222368.4000
4901,222368.4000
4902,222368.4000
4903,222368.4000
4904,222368.4000
4905,222368.4000
4906,222368.4000
4907,222368.4000
4908,222368.4000
4909,222368.4000
4910,222368.4000
4911,222368.4000
4912,222368.4000
4913,222368.4000
4914,222368.4000
4915,222368.4000
4916,222368.4000
4917,222368.4000
4918,222368.4000
4919,222368.4000
4920,222368.4000
4921,222368.4000
4922,222368.4000
4923,222368.4000
4924,222368.4000
4925,222368.4000
4926,222368.4000
4927,222368.4000
4928,222368.4000
4929,222368.4000
4930,222368.4000
4931,222368.4000
4932,222368.4000
4933,222368.4000
4934,222368.4000
4935,222368.4000
4936,222368.4000
4937,222368.4000
4938,222368.4000
4939,222368.4000
4940,222368.4000
4941,222368.4000
4942,222368.4000
4943,222368.4000
4944,222368.4000
4945,222368.4000
4946,222368.4000
4947,222368.4000
4948,222368.4000
4949,222368.4000
4950,222368.4000
4951,222368.4000
4952,222368.4000
4953,222368.4000
4954,222368.4000
4955,222368.4000
4956,222368.4000
4957,222368.4000
4958,222368.4000
4959,222368.4000
4960,222368.4000
4961,222368.4000
4962,222368.4000
4963,222368.4000
4964,222368.4000
4965,222368.4000
4966,222368.4000
4967,222368.4000
4968,222368.4000
4969,222368.4000
4970,222368.4000
4971,222368.4000
4972,222368.4000
4973,222368.4000
4974,222368.4000
4975,222368.4000
4976,222368.4000
4977,222368.4000
4978,222368.4000
4979,222368.4000
4980,222368.4000
4981,222368.4000
4982,222368.4000
4983,222368.4000
4984,222368.4000
4985,222368.4000
4986,222368.4000
4987,222368.4000
4988,222368.4000
4989,222368.4000
4990,222368.4000
4991,222368.4000
4992,222368.4000
4993,222368.4000
4994,222368.4000
4995,222368.4000
4996,222368.4000
4997,222368.4000
4998,222368.4000
4999,222368.4000
5000,222368.4000
5001,222368.4000
5002,222368.4000
5003,222368.4000
5004,222368.4000
5005,222368.4000
5006,222368.4000
5007,222368.4000
5008,222368.4000
5009,222368.4000
5010,222368.4000
5011,222368.4000
5012,222368.4000
5013,222368.4000
5014,222368.4000
5015,222368.4000
5016,222368.4000
5017,222368.4000
5018,222368.4000
5019,222368.4000
5020,222368.4000
5021,222368.4000
5022,222368.4000
5023,222368.4000
5024,222368.4000
5025,222368.4000
5026,222368.4000
5027,222368.4000
5028,222368.4000
5029,222368.4000
5030,222368.4000
5031,222368.4000
5032,222368.4000
5033,222368.4000
5034,222368.4000
5035,222368.4000
5036,222368.4000
5037,222368.4000
5038,222368.4000
5039,222368.4000
5040,222368.4000
5041,222368.4000
5042,222368.4000
5043,222368.4000
5044,222368.4000
5045,222368.4000
5046,222368.4000
5047,222368.4000
5048,222368.4000
5049,222368.4000
5050,222368.4000
5051,222368.4000
5052,222368.4000
5053,222368.4000
5054,222368.4000
5055,222368.4000
5056,222368.4000
5057,222368.4000
5058,222368.4000
5059,222368.4000
5060,222368.4000
5061,222368.4000
5062,222368.4000
5063,222368.4000
5064,222368.4000
5065,222368.4000
5066,222368.4000
5067,222368.4000
5068,222368.4000
5069,222368.4000
5070,222368.4000
5071,222368.4000
5072,222368.4000
5073,222368.4000
5074,222368.4000
5075,222368.4000
5076,222368.4000
5077,222368.4000
5078,222368.4000
5079,222368.4000
5080,222368.4000
5081,222368.4000
5082,222368.4000
5083,222368.4000
5084,222368.4000
5085,222368.4000
5086,222368.4000
5087,222368.4000
5088,222368.4000
5089,222368.4000
5090,222368.4000
5091,222368.4000
5092,222368.4000
5093,222368.4000
5094,222368.4000
5095,222368.4000
5096,222368.4000
5097,222368.4000
5098,222368.4000
5099,222368.4000
5100,222368.4000
5101,222368.4000
5102,222368.4000
5103,222368.4000
5104,222368.4000
5105,222368.4000
5106,222368.4000
5107,222368.4000
5108,222368.4000
5109,222368.4000
5110,222368.4000
5111,222368.4000
5112,222368.4000
5113,222368.4000
5114,222368.4000
5115,222368.4000
5116,222368.4000
5117,222368.4000
5118,222368.4000
5119,222368.4000
5120,222368.4000
5121,222368.4000
5122,222368.4000
5123,222368.4000
5124,222368.4000
5125,222368.4000
5126,222368.4000
5127,222368.4000
5128,222368.4000
5129,222368.4000
5130,222368.4000
5131,222368.4000
5132,222368.4000
5133,222368.4000
5134,222368.4000
5135,222368.4000
5136,222368.4000
5137,222368.4000
5138,222368.4000
5139,222368.4000
5140,222368.4000
5141,222368.4000
5142,222368.4000
5143,222368.4000
5144,222368.4000
5145,222368.4000
5146,222368.4000
5147,222368.4000
5148,222368.4000
5149,222368.4000
5150,222368.4000
5151,222368.4000
5152,222368.4000
5153,222368.4000
5154,222368.4000
5155,222368.4000
5156,222368.4000
5157,222368.4000
5158,222368.4000
5159,222368.4000
5160,222368.4000
5161,222368.4000
5162,222368.4000
5163,222368.4000
5164,222368.4000
5165,222368.4000
5166,222368.4000
5167,222368.4000
5168,222368.4000
5169,222368.4000
5170,222368.4000
5171,222368.4000
5172,222368.4000
5173,222368.4000
5174,222368.4000
5175,222368.4000
5176,222368.4000
5177,222368.4000
5178,222368.4000
5179,222368.4000
5180,222368.4000
5181,222368.4000
5182,222368.4000
5183,222368.4000
5184,222368.4000
5185,222368.4000
5186,222368.4000
5187,222368.4000
5188,222368.4000
5189,222368.4000
5190,222368.4000
5191,222368.4000
5192,222368.4000
5193,222368.4000
5194,222368.4000
5195,222368.4000
5196,222368.4000
5197,222368.4000
5198,222368.4000
5199,222368.4000
5200,222368.4000
5201,222368.4000
5202,222368.4000
5203,222368.4000
5204,222368.4000
5205,222368.4000
5206,222368.4000
5207,222368.4000
5208,222368.4000
5209,222368.4000
5210,222368.4000
5211,222368.4000
5212,222368.4000
5213,222368.4000
5214,222368.4000
5215,222368.4000
5216,222368.4000
5217,222368.4000
5218,222368.4000
5219,222368.4000
5220,222368.4000
5221,222368.4000
5222,222368.4000
5223,222368.4000
5224,222368.4000
5225,222368.4000
5226,222368.4000
5227,222368.4000
5228,222368.4000
5229,222368.4000
5230,222368.4000
5231,222368.4000
5232,222368.4000
5233,222368.4000
5234,222368.4000
5235,222368.4000
5236,222368.4000
5237,222368.4000
5238,222368.4000
5239,222368.4000
5240,222368.4000
5241,222368.4000
5242,222368.4000
5243,222368.4000
5244,222368.4000
5245,222368.4000
5246,222368.4000
5247,222368.4000
5248,222368.4000
5249,222368.4000
5250,222368.4000
5251,222368.4000
5252,222368.4000
5253,222368.4000
5254,222368.4000
5255,222368.4000
5256,222368.4000
5257,222368.4000
5258,222368.4000
5259,222368.4000
5260,222368.4000
5261,222368.4000
5262,222368.4000
5263,222368.4000
5264,222368.4000
5265,222368.4000
5266,222368.4000
5267,222368.4000
5268,222368.4000
5269,222368.4000
5270,222368.4000
5271,222368.4000
5272,222368.4000
5273,222368.4000
5274,222368.4000
5275,222368.4000
5276,222368.4000
5277,222368.4000
5278,222368.4000
5279,222368.4000
5280,222368.4000
5281,222368.4000
5282,222368.4000
5283,222368.4000
5284,222368.4000
5285,222368.4000
5286,222368.4000
5287,222368.4000
5288,222368.4000
5289,222368.4000
5290,222368.4000
5291,222368.4000
5292,222368.4000
5293,222368.4000
5294,222368.4000
5295,222368.4000
5296,222368.4000
5297,222368.4000
5298,222368.4000
5299,222368.4000
5300,222368.4000
5301,222368.4000
5302,222368.4000
5303,222368.4000
5304,222368.4000
5305,222368.4000
5306,222368.4000
5307,222368.4000
5308,222368.4000
5309,222368.4000
5310,222368.4000
5311,222368.4000
5312,222368.4000
5313,222368.4000
5314,222368.4000
5315,222368.4000
5316,222368.4000
5317,222368.4000
5318,222368.4000
5319,222368.4000
5320,222368.4000
5321,222368.4000
5322,222368.4000
5323,222368.4000
5324,222368.4000
5325,222368.4000
5326,222368.4000
5327,222368.4000
5328,222368.4000
5329,222368.4000
5330,222368.4000
5331,222368.4000
5332,222368.4000
5333,222368.4000
5334,222368.4000
5335,222368.4000
5336,222368.4000
5337,222368.4000
5338,222368.4000
5339,222368.4000
5340,222368.4000
5341,222368.4000
5342,222368.4000
5343,222368.4000
5344,222368.4000
5345,222368.4000
5346,222368.4000
5347,222368.4000
5348,222368.4000
5349,222368.4000
5350,222368.4000
5351,222368.4000
5352,222368.4000
5353,222368.4000
5354,222368.4000
5355,222368.4000
5356,222368.4000
5357,222368.4000
5358,222368.4000
5359,222368.4000
5360,222368.4000
5361,222368.4000
5362,222368.4000
5363,222368.4000
5364,222368.4000
5365,222368.4000
5366,222368.4000
5367,222368.4000
5368,222368.4000
5369,222368.4000
5370,222368.4000
5371,222368.4000
5372,222368.4000
5373,222368.4000
5374,222368.4000
5375,222368.4000
5376,222368.4000
5377,222368.4000
5378,222368.4000
5379,222368.4000
5380,222368.4000
5381,222368.4000
5382,222368.4000
5383,222368.4000
5384,222368.4000
5385,222368.4000
5386,222368.4000
5387,222368.4000
5388,222368.4000
5389,222368.4000
5390,222368.4000
5391,222368.4000
5392,222368.4000
5393,222368.4000
5394,222368.4000
5395,222368.4000
5396,222368.4000
5397,222368.4000
5398,222368.4000
5399,222368.4000
5400,222368.4000
5401,222368.4000
5402,222368.4000
5403,222368.4000
5404,222368.4000
5405,222368.4000
5406,222368.4000
5407,222368.4000
5408,222368.4000
5409,222368.4000
5410,222368.4000
5411,222368.4000
5412,222368.4000
5413,222368.4000
5414,222368.4000
5415,222368.4000
5416,222368.4000
5417,222368.4000
5418,222368.4000
5419,222368.4000
5420,222368.4000
5421,222368.4000
5422,222368.4000
5423,222368.4000
5424,222368.4000
5425,222368.4000
5426,222368.4000
5427,222368.4000
5428,222368.4000
5429,222368.4000
5430,222368.4000
5431,222368.4000
5432,222368.4000
5433,222368.4000
5434,222368.4000
5435,222368.4000
5436,222368.4000
5437,222368.4000
5438,222368.4000
5439,222368.4000
5440,222368.4000
5441,222368.4000
5442,222368.4000
5443,222368.4000
5444,222368.4000
5445,222368.4000
5446,222368.4000
5447,222368.4000
5448,222368.4000
5449,222368.4000
5450,222368.4000
5451,222368.4000
5452,222368.4000
5453,222368.4000
5454,222368.4000
5455,222368.4000
5456,222368.4000
5457,222368.4000
5458,222368.4000
5459,222368.4000
5460,222368.4000
5461,222368.4000
5462,222368.4000
5463,222368.4000
5464,222368.4000
5465,222368.4000
5466,222368.4000
5467,222368.4000
5468,222368.4000
5469,222368.4000
5470,222368.4000
5471,222368.4000
5472,222368.4000
5473,222368.4000
5474,222368.4000
5475,222368.4000
5476,222368.4000
5477,222368.4000
5478,222368.4000
5479,222368.4000
5480,222368.4000
5481,222368.4000
5482,222368.4000
5483,222368.4000
5484,222368.4000
5485,222368.4000
5486,222368.4000
5487,222368.4000
5488,222368.4000
5489,222368.4000
5490,222368.4000
5491,222368.4000
5492,222368.4000
5493,222368.4000
5494,222368.4000
5495,222368.4000
5496,222368.4000
5497,222368.4000
5498,222368.4000
5499,222368.4000
5500,222368.4000
5501,222368.4000
5502,222368.4000
5503,222368.4000
5504,222368.4000
5505,222368.4000
5506,222368.4000
5507,222368.4000
5508,222368.4000
5509,222368.4000
5510,222368.4000
5511,222368.4000
5512,222368.4000
5513,222368.4000
5514,222368.4000
5515,222368.4000
5516,222368.4000
5517,222368.4000
5518,222368.4000
5519,222368.4000
5520,222368.4000
5521,222368.4000
5522,222368.4000
5523,222368.4000
5524,222368.4000
5525,222368.4000
5526,222368.4000
5527,222368.4000
5528,222368.4000
5529,222368.4000
5530,222368.4000
5531,222368.4000
5532,222368.4000
5533,222368.4000
5534,222368.4000
5535,222368.4000
5536,222368.4000
5537,222368.4000
5538,222368.4000
5539,222368.4000
5540,222368.4000
5541,222368.4000
5542,222368.4000
5543,222368.4000
5544,222368.4000
5545,222368.4000
5546,222368.4000
5547,222368.4000
5548,222368.4000
5549,222368.4000
5550,222368.4000
5551,222368.4000
5552,222368.4000
5553,222368.4000
5554,222368.4000
5555,222368.4000
5556,222368.4000
5557,222368.4000
5558,222368.4000
5559,222368.4000
5560,222368.4000
5561,222368.4000
5562,222368.4000
5563,222368.4000
5564,222368.4000
5565,222368.4000
5566,222368.4000
5567,222368.4000
5568,222368.4000
5569,222368.4000
5570,222368.4000
5571,222368.4000
5572,222368.4000
5573,222368.4000
5574,222368.4000
5575,222368.4000
5576,222368.4000
5577,222368.4000
5578,222368.4000
5579,222368.4000
5580,222368.4000
5581,222368.4000
5582,222368.4000
5583,222368.4000
5584,222368.4000
5585,222368.4000
5586,222368.4000
5587,222368.4000
5588,222368.4000
5589,222368.4000
5590,222368.4000
5591,222368.4000
5592,222368.4000
5593,222368.4000
5594,222368.4000
5595,222368.4000
5596,222368.4000
5597,222368.4000
5598,222368.4000
5599,222368.4000
5600,222368.4000
5601,222368.4000
5602,222368.4000
5603,222368.4000
5604,222368.4000
5605,222368.4000
5606,222368.4000
5607,222368.4000
5608,222368.4000
5609,222368.4000
5610,222368.4000
5611,222368.4000
5612,222368.4000
5613,222368.4000
5614,222368.4000
5615,222368.4000
5616,222368.4000
5617,222368.4000
5618,222368.4000
5619,222368.4000
5620,222368.4000
5621,222368.4000
5622,222368.4000
5623,222368.4000
5624,222368.4000
5625,222368.4000
5626,222368.4000
5627,222368.4000
5628,222368.4000
5629,222368.4000
5630,222368.4000
5631,222368.4000
5632,222368.4000
5633,222368.4000
5634,222368.4000
5635,222368.4000
5636,222368.4000
5637,222368.4000
5638,222368.4000
5639,222368.4000
5640,222368.4000
5641,222368.4000
5642,222368.4000
5643,222368.4000
5644,222368.4000
5645,222368.4000
5646,222368.4000
5647,222368.4000
5648,222368.4000
5649,222368.4000
5650,222368.4000
5651,222368.4000
5652,222368.4000
5653,222368.4000
5654,222368.4000
5655,222368.4000
5656,222368.4000
5657,222368.4000
5658,222368.4000
5659,222368.4000
5660,222368.4000
5661,222368.4000
5662,222368.4000
5663,222368.4000
5664,222368.4000
5665,222368.4000
5666,222368.4000
5667,222368.4000
5668,222368.4000
5669,222368.4000
5670,222368.4000
5671,222368.4000
5672,222368.4000
5673,222368.4000
5674,222368.4000
5675,222368.4000
5676,222368.4000
5677,222368.4000
5678,222368.4000
5679,222368.4000
5680,222368.4000
5681,222368.4000
5682,222368.4000
5683,222368.4000
5684,222368.4000
5685,222368.4000
5686,222368.4000
5687,222368.4000
5688,222368.4000
5689,222368.4000
5690,222368.4000
5691,222368.4000
5692,222368.4000
5693,222368.4000
5694,222368.4000
5695,222368.4000
5696,222368.4000
5697,222368.4000
5698,222368.4000
5699,222368.4000
5700,222368.4000
5701,222368.4000
5702,222368.4000
5703,222368.4000
5704,222368.4000
5705,222368.4000
5706,222368.4000
5707,222368.4000
5708,222368.4000
5709,222368.4000
5710,222368.4000
5711,222368.4000
5712,222368.4000
5713,222368.4000
5714,222368.4000
5715,222368.4000
5716,222368.4000
5717,222368.4000
5718,222368.4000
5719,222368.4000
5720,222368.4000
5721,222368.4000
5722,222368.4000
5723,222368.4000
5724,222368.4000
5725,222368.4000
5726,222368.4000
5727,222368.4000
5728,222368.4000
5729,222368.4000
5730,222368.4000
5731,222368.4000
5732,222368.4000
5733,222368.4000
5734,222368.4000
5735,222368.4000
5736,222368.4000
5737,222368.4000
5738,222368.4000
5739,222368.4000
5740,222368.4000
5741,222368.4000
5742,222368.4000
5743,222368.4000
5744,222368.4000
5745,222368.4000
5746,222368.4000
5747,222368.4000
5748,222368.4000
5749,222368.4000
5750,222368.4000
5751,222368.4000
5752,222368.4000
5753,222368.4000
5754,222368.4000
5755,222368.4000
5756,222368.4000
5757,222368.4000
5758,222368.4000
5759,222368.4000
5760,222368.4000
5761,222368.4000
5762,222368.4000
5763,222368.4000
5764,222368.4000
5765,222368.4000
5766,222368.4000
5767,222368.4000
5768,222368.4000
5769,222368.4000
5770,222368.4000
5771,222368.4000
5772,222368.4000
5773,222368.4000
5774,222368.4000
5775,222368.4000
5776,222368.4000
5777,222368.4000
5778,222368.4000
5779,222368.4000
5780,222368.4000
5781,222368.4000
5782,222368.4000
5783,222368.4000
5784,222368.4000
5785,222368.4000
5786,222368.4000
5787,222368.4000
5788,222368.4000
5789,222368.4000
5790,222368.4000
5791,222368.4000
5792,222368.4000
5793,222368.4000
5794,222368.4000
5795,222368.4000
5796,222368.4000
5797,222368.4000
5798,222368.4000
5799,222368.4000
5800,222368.4000
5801,222368.4000
5802,222368.4000
5803,222368.4000
5804,222368.4000
5805,222368.4000
5806,222368.4000
5807,222368.4000
5808,222368.4000
5809,222368.4000
5810,222368.4000
5811,222368.4000
5812,222368.4000
5813,222368.4000
5814,222368.4000
5815,222368.4000
5816,222368.4000
5817,222368.4000
5818,222368.4000
5819,222368.4000
5820,222368.4000
5821,222368.4000
5822,222368.4000
5823,222368.4000
5824,222368.4000
5825,222368.4000
5826,222368.4000
5827,222368.4000
5828,222368.4000
5829,222368.4000
5830,222368.4000
5831,222368.4000
5832,222368.4000
5833,222368.4000
5834,222368.4000
5835,222368.4000
5836,222368.4000
5837,222368.4000
5838,222368.4000
5839,222368.4000
5840,222368.4000
5841,222368.4000
5842,222368.4000
5843,222368.4000
5844,222368.4000
5845,222368.4000
5846,222368.4000
5847,222368.4000
5848,222368.4000
5849,222368.4000
5850,222368.4000
5851,222368.4000
5852,222368.4000
5853,222368.4000
5854,222368.4000
5855,222368.4000
5856,222368.4000
5857,222368.4000
5858,222368.4000
5859,222368.4000
5860,222368.4000
5861,222368.4000
5862,222368.4000
5863,222368.4000
5864,222368.4000
5865,222368.4000
5866,222368.4000
5867,222368.4000
5868,222368.4000
5869,222368.4000
5870,222368.4000
5871,222368.4000
5872,222368.4000
5873,222368.4000
5874,222368.4000
5875,222368.4000
5876,222368.4000
5877,222368.4000
5878,222368.4000
5879,222368.4000
5880,222368.4000
5881,222368.4000
5882,222368.4000
5883,222368.4000
5884,222368.4000
5885,222368.4000
5886,222368.4000
5887,222368.4000
5888,222368.4000
5889,222368.4000
5890,222368.4000
5891,222368.4000
5892,222368.4000
5893,222368.4000
5894,222368.4000
5895,222368.4000
5896,222368.4000
5897,222368.4000
5898,222368.4000
5899,222368.4000
5900,222368.4000
5901,222368.4000
5902,222368.4000
5903,222368.4000
5904,222368.4000
5905,222368.4000
5906,222368.4000
5907,222368.4000
5908,222368.4000
5909,222368.4000
5910,222368.4000
5911,222368.4000
5912,222368.4000
5913,222368.4000
5914,222368.4000
5915,222368.4000
5916,222368.4000
5917,222368.4000
5918,222368.4000
5919,222368.4000
5920,222368.4000
5921,222368.4000
5922,222368.4000
5923,222368.4000
5924,222368.4000
5925,222368.4000
5926,222368.4000
5927,222368.4000
5928,222368.4000
5929,222368.4000
5930,222368.4000
5931,222368.4000
5932,222368.4000
5933,222368.4000
5934,222368.4000
5935,222368.4000
5936,222368.4000
5937,222368.4000
5938,222368.4000
5939,222368.4000
5940,222368.4000
5941,222368.4000
5942,222368.4000
5943,222368.4000
5944,222368.4000
5945,222368.4000
5946,222368.4000
5947,222368.4000
5948,222368.4000
5949,222368.4000
5950,222368.4000
5951,222368.4000
5952,222368.4000
5953,222368.4000
5954,222368.4000
5955,222368.4000
5956,222368.4000
5957,222368.4000
5958,222368.4000
5959,222368.4000
5960,222368.4000
5961,222368.4000
5962,222368.4000
5963,222368.4000
5964,222368.4000
5965,222368.4000
5966,222368.4000
5967,222368.4000
5968,222368.4000
5969,222368.4000
5970,222368.4000
5971,222368.4000
5972,222368.4000
5973,222368.4000
5974,222368.4000
5975,222368.4000
5976,222368.4000
5977,222368.4000
5978,222368.4000
5979,222368.4000
5980,222368.4000
5981,222368.4000
5982,222368.4000
5983,222368.4000
5984,222368.4000
5985,222368.4000
5986,222368.4000
5987,222368.4000
5988,222368.4000
5989,222368.4000
5990,222368.4000
5991,222368.4000
5992,222368.4000
5993,222368.4000
5994,222368.4000
5995,222368.4000
5996,222368.4000
5997,222368.4000
5998,222368.4000
5999,222368.4000
6000,222368.4000
6001,222368.4000
6002,222368.4000
6003,222368.4000
6004,222368.4000
6005,222368.4000
6006,222368.4000
6007,222368.4000
6008,222368.4000
6009,222368.4000
6010,222368.4000
6011,222368.4000
6012,222368.4000
6013,222368.4000
6014,222368.4000
6015,222368.4000
6016,222368.4000
6017,222368.4000
6018,222368.4000
6019,222368.4000
6020,222368.4000
6021,222368.4000
6022,222368.4000
6023,222368.4000
6024,222368.4000
6025,222368.4000
6026,222368.4000
6027,222368.4000
6028,222368.4000
6029,222368.4000
6030,222368.4000
6031,222368.4000
6032,222368.4000
6033,222368.4000
6034,222368.4000
6035,222368.4000
6036,222368.4000
6037,222368.4000
6038,222368.4000
6039,222368.4000
6040,222368.4000
6041,222368.4000
6042,222368.4000
6043,222368.4000
6044,222368.4000
6045,222368.4000
6046,222368.4000
6047,222368.4000
6048,222368.4000
6049,222368.4000
6050,222368.4000
6051,222368.4000
6052,222368.4000
6053,222368.4000
6054,222368.4000
6055,222368.4000
6056,222368.4000
6057,222368.4000
6058,222368.4000
6059,222368.4000
6060,222368.4000
6061,222368.4000
6062,222368.4000
6063,222368.4000
6064,222368.4000
6065,222368.4000
6066,222368.4000
6067,222368.4000
6068,222368.4000
6069,222368.4000
6070,222368.4000
6071,222368.4000
6072,222368.4000
6073,222368.4000
6074,222368.4000
6075,222368.4000
6076,222368.4000
6077,222368.4000
6078,222368.4000
6079,222368.4000
6080,222368.4000
6081,222368.4000
6082,222368.4000
6083,222368.4000
6084,222368.4000
6085,222368.4000
6086,222368.4000
6087,222368.4000
6088,222368.4000
6089,222368.4000
6090,222368.4000
6091,222368.4000
6092,222368.4000
6093,222368.4000
6094,222368.4000
6095,222368.4000
6096,222368.4000
6097,222368.4000
6098,222368.4000
6099,222368.4000
6100,222368.4000
6101,222368.4000
6102,222368.4000
6103,222368.4000
6104,222368.4000
6105,222368.4000
6106,222368.4000
6107,222368.4000
6108,222368.4000
6109,222368.4000
6110,222368.4000
6111,222368.4000
6112,222368.4000
6113,222368.4000
6114,222368.4000
6115,222368.4000
6116,222368.4000
6117,222368.4000
6118,222368.4000
6119,222368.4000
6120,222368.4000
6121,222368.4000
6122,222368.4000
6123,222368.4000
6124,222368.4000
6125,222368.4000
6126,222368.4000
6127,222368.4000
6128,222368.4000
6129,222368.4000
6130,222368.4000
6131,222368.4000
6132,222368.4000
6133,222368.4000
6134,222368.4000
6135,222368.4000
6136,222368.4000
6137,222368.4000
6138,222368.4000
6139,222368.4000
6140,222368.4000
6141,222368.4000
6142,222368.4000
6143,222368.4000
6144,222368.4000
6145,222368.4000
6146,222368.4000
6147,222368.4000
6148,222368.4000
6149,222368.4000
6150,222368.4000
6151,222368.4000
6152,222368.4000
6153,222368.4000
6154,222368.4000
6155,222368.4000
6156,222368.4000
6157,222368.4000
6158,222368.4000
6159,222368.4000
6160,222368.4000
6161,222368.4000
6162,222368.4000
6163,222368.4000
6164,222368.4000
6165,222368.4000
6166,222368.4000
6167,222368.4000
6168,222368.4000
6169,222368.4000
6170,222368.4000
6171,222368.4000
6172,222368.4000
6173,222368.4000
6174,222368.4000
6175,222368.4000
6176,222368.4000
6177,222368.4000
6178,222368.4000
6179,222368.4000
6180,222368.4000
6181,222368.4000
6182,222368.4000
6183,222368.4000
6184,222368.4000
6185,222368.4000
6186,222368.4000
6187,222368.4000
6188,222368.4000
6189,222368.4000
6190,222368.4000
6191,222368.4000
6192,222368.4000
6193,222368.4000
6194,222368.4000
6195,222368.4000
6196,222368.4000
6197,222368.4000
6198,222368.4000
6199,222368.4000
6200,222368.4000
6201,222368.4000
6202,222368.4000
6203,222368.4000
6204,222368.4000
6205,222368.4000
6206,222368.4000
6207,222368.4000
6208,222368.4000
6209,222368.4000
6210,222368.4000
6211,222368.4000
6212,222368.4000
6213,222368.4000
6214,222368.4000
6215,222368.4000
6216,222368.4000
6217,222368.4000
6218,222368.4000
6219,222368.4000
6220,222368.4000
6221,222368.4000
6222,222368.4000
6223,222368.4000
6224,222368.4000
6225,222368.4000
6226,222368.4000
6227,222368.4000
6228,222368.4000
6229,222368.4000
6230,222368.4000
6231,222368.4000
6232,222368.4000
6233,222368.4000
6234,222368.4000
6235,222368.4000
6236,222368.4000
6237,222368.4000
6238,222368.4000
6239,222368.4000
6240,222368.4000
6241,222368.4000
6242,222368.4000
6243,222368.4000
6244,222368.4000
6245,222368.4000
6246,222368.4000
6247,222368.4000
6248,222368.4000
6249,222368.4000
6250,222368.4000
6251,222368.4000
6252,222368.4000
6253,222368.4000
6254,222368.4000
6255,222368.4000
6256,222368.4000
6257,222368.4000
6258,222368.4000
6259,222368.4000
6260,222368.4000
6261,222368.4000
6262,222368.4000
6263,222368.4000
6264,222368.4000
6265,222368.4000
6266,222368.4000
6267,222368.4000
6268,222368.4000
6269,222368.4000
6270,222368.4000
6271,222368.4000
6272,222368.4000
6273,222368.4000
6274,222368.4000
6275,222368.4000
6276,222368.4000
6277,222368.4000
6278,222368.4000
6279,222368.4000
6280,222368.4000
6281,222368.4000
6282,222368.4000
6283,222368.4000
6284,222368.4000
6285,222368.4000
6286,222368.4000
6287,222368.4000
6288,222368.4000
6289,222368.4000
6290,222368.4000
6291,222368.4000
6292,222368.4000
6293,222368.4000
6294,222368.4000
6295,222368.4000
6296,222368.4000
6297,222368.4000
6298,222368.4000
6299,222368.4000
6300,222368.4000
6301,222368.4000
6302,222368.4000
6303,222368.4000
6304,222368.4000
6305,222368.4000
6306,222368.4000
6307,222368.4000
6308,222368.4000
6309,222368.4000
6310,222368.4000
6311,222368.4000
6312,222368.4000
6313,222368.4000
6314,222368.4000
6315,222368.4000
6316,222368.4000
6317,222368.4000
6318,222368.4000
6319,222368.4000
6320,222368.4000
6321,222368.4000
6322,222368.4000
6323,222368.4000
6324,222368.4000
6325,222368.4000
6326,222368.4000
6327,222368.4000
6328,222368.4000
6329,222368.4000
6330,222368.4000
6331,222368.4000
6332,222368.4000
6333,222368.4000
6334,222368.4000
6335,222368.4000
6336,222368.4000
6337,222368.4000
6338,222368.4000
6339,222368.4000
6340,222368.4000
6341,222368.4000
6342,222368.4000
6343,222368.4000
6344,222368.4000
6345,222368.4000
6346,222368.4000
6347,222368.4000
6348,222368.4000
6349,222368.4000
6350,222368.4000
6351,222368.4000
6352,222368.4000
6353,222368.4000
6354,222368.4000
6355,222368.4000
6356,222368.4000
6357,222368.4000
6358,222368.4000
6359,222368.4000
6360,222368.4000
6361,222368.4000
6362,222368.4000
6363,222368.4000
6364,222368.4000
6365,222368.4000
6366,222368.4000
6367,222368.4000
6368,222368.4000
6369,222368.4000
6370,222368.4000
6371,222368.4000
6372,222368.4000
6373,222368.4000
6374,222368.4000
6375,222368.4000
6376,222368.4000
6377,222368.4000
6378,222368.4000
6379,222368.4000
6380,222368.4000
6381,222368.4000
6382,222368.4000
6383,222368.4000
6384,222368.4000
6385,222368.4000
6386,222368.4000
6387,222368.4000
6388,222368.4000
6389,222368.4000
6390,222368.4000
6391,222368.4000
6392,222368.4000
6393,222368.4000
6394,222368.4000
6395,222368.4000
6396,222368.4000
6397,222368.4000
6398,222368.4000
6399,222368.4000
6400,222368.4000
6401,222368.4000
6402,222368.4000
6403,222368.4000
6404,222368.4000
6405,222368.4000
6406,222368.4000
6407,222368.4000
6408,222368.4000
6409,222368.4000
6410,222368.4000
6411,222368.4000
6412,222368.4000
6413,222368.4000
6414,222368.4000
6415,222368.4000
6416,222368.4000
6417,222368.4000
6418,222368.4000
6419,222368.4000
6420,222368.4000
6421,222368.4000
6422,222368.4000
6423,222368.4000
6424,222368.4000
6425,222368.4000
6426,222368.4000
6427,222368.4000
6428,222368.4000
6429,222368.4000
6430,222368.4000
6431,222368.4000
6432,222368.4000
6433,222368.4000
6434,222368.4000
6435,222368.4000
6436,222368.4000
6437,222368.4000
6438,222368.4000
6439,222368.4000
6440,222368.4000
6441,222368.4000
6442,222368.4000
6443,222368.4000
6444,222368.4000
6445,222368.4000
6446,222368.4000
6447,222368.4000
6448,222368.4000
6449,222368.4000
6450,222368.4000
6451,222368.4000
6452,222368.4000
6453,222368.4000
6454,222368.4000
6455,222368.4000
6456,222368.4000
6457,222368.4000
6458,222368.4000
6459,222368.4000
6460,222368.4000
6461,222368.4000
6462,222368.4000
6463,222368.4000
6464,222368.4000
6465,222368.4000
6466,222368.4000
6467,222368.4000
6468,222368.4000
6469,222368.4000
6470,222368.4000
6471,222368.4000
6472,222368.4000
6473,222368.4000
6474,222368.4000
6475,222368.4000
6476,222368.4000
6477,222368.4000
6478,222368.4000
6479,222368.4000
6480,222368.4000
6481,222368.4000
6482,222368.4000
6483,222368.4000
6484,222368.4000
6485,222368.4000
6486,222368.4000
6487,222368.4000
6488,222368.4000
6489,222368.4000
6490,222368.4000
6491,222368.4000
6492,222368.4000
6493,222368.4000
6494,222368.4000
6495,222368.4000
6496,222368.4000
6497,222368.4000
6498,222368.4000
6499,222368.4000
6500,222368.4000
6501,222368.4000
6502,222368.4000
6503,222368.4000
6504,222368.4000
6505,222368.4000
6506,222368.4000
6507,222368.4000
6508,222368.4000
6509,222368.4000
6510,222368.4000
6511,222368.4000
6512,222368.4000
6513,222368.4000
6514,222368.4000
6515,222368.4000
6516,222368.4000
6517,222368.4000
6518,222368.4000
6519,222368.4000
6520,222368.4000
6521,222368.4000
6522,222368.4000
6523,222368.4000
6524,222368.4000
6525,222368.4000
6526,222368.4000
6527,222368.4000
6528,222368.4000
6529,222368.4000
6530,222368.4000
6531,222368.4000
6532,222368.4000
6533,222368.4000
6534,222368.4000
6535,222368.4000
6536,222368.4000
6537,222368.4000
6538,222368.4000
6539,222368.4000
6540,222368.4000
6541,222368.4000
6542,222368.4000
6543,222368.4000
6544,222368.4000
6545,222368.4000
6546,222368.4000
6547,222368.4000
6548,222368.4000
6549,222368.4000
6550,222368.4000
6551,222368.4000
6552,222368.4000
6553,222368.4000
6554,222368.4000
6555,222368.4000
6556,222368.4000
6557,222368.4000
6558,222368.4000
6559,222368.4000
6560,222368.4000
6561,222368.4000
6562,222368.4000
6563,222368.4000
6564,222368.4000
6565,222368.4000
6566,222368.4000
6567,222368.4000
6568,222368.4000
6569,222368.4000
6570,222368.4000
6571,222368.4000
6572,222368.4000
6573,222368.4000
6574,222368.4000
6575,222368.4000
6576,222368.4000
6577,222368.4000
6578,222368.4000
6579,222368.4000
6580,222368.4000
6581,222368.4000
6582,222368.4000
6583,222368.4000
6584,222368.4000
6585,222368.4000
6586,222368.4000
6587,222368.4000
6588,222368.4000
6589,222368.4000
6590,222368.4000
6591,222368.4000
6592,222368.4000
6593,222368.4000
6594,222368.4000
6595,222368.4000
6596,222368.4000
6597,222368.4000
6598,222368.4000
6599,222368.4000
6600,222368.4000
6601,222368.4000
6602,222368.4000
6603,222368.4000
6604,222368.4000
6605,222368.4000
6606,222368.4000
6607,222368.4000
6608,222368.4000
6609,222368.4000
6610,222368.4000
6611,222368.4000
6612,222368.4000
6613,222368.4000
6614,222368.4000
6615,222368.4000
6616,222368.4000
6617,222368.4000
6618,222368.4000
6619,222368.4000
6620,222368.4000
6621,222368.4000
6622,222368.4000
6623,222368.4000
6624,222368.4000
6625,222368.4000
6626,222368.4000
6627,222368.4000
6628,222368.4000
6629,222368.4000
6630,222368.4000
6631,222368.4000
6632,222368.4000
6633,222368.4000
6634,222368.4000
6635,222368.4000
6636,222368.4000
6637,222368.4000
6638,222368.4000
6639,222368.4000
6640,222368.4000
6641,222368.4000
6642,222368.4000
6643,222368.4000
6644,222368.4000
6645,222368.4000
6646,222368.4000
6647,222368.4000
6648,222368.4000
6649,222368.4000
6650,222368.4000
6651,222368.4000
6652,222368.4000
6653,222368.4000
6654,222368.4000
6655,222368.4000
6656,222368.4000
6657,222368.4000
6658,222368.4000
6659,222368.4000
6660,222368.4000
6661,222368.4000
6662,222368.4000
6663,222368.4000
6664,222368.4000
6665,222368.4000
6666,222368.4000
6667,222368.4000
6668,222368.4000
6669,222368.4000
6670,222368.4000
6671,222368.4000
6672,222368.4000
6673,222368.4000
6674,222368.4000
6675,222368.4000
6676,222368.4000
6677,222368.4000
6678,222368.4000
6679,222368.4000
6680,222368.4000
6681,222368.4000
6682,222368.4000
6683,222368.4000
6684,222368.4000
6685,222368.4000
6686,222368.4000
6687,222368.4000
6688,222368.4000
6689,222368.4000
6690,222368.4000
6691,222368.4000
6692,222368.4000
6693,222368.4000
6694,222368.4000
6695,222368.4000
6696,222368.4000
6697,222368.4000
6698,222368.4000
6699,222368.4000
6700,222368.4000
6701,222368.4000
6702,222368.4000
6703,222368.4000
6704,222368.4000
6705,222368.4000
6706,222368.4000
6707,222368.4000
6708,222368.4000
6709,222368.4000
6710,222368.4000
6711,222368.4000
6712,222368.4000
6713,222368.4000
6714,222368.4000
6715,222368.4000
6716,222368.4000
6717,222368.4000
6718,222368.4000
6719,222368.4000
6720,222368.4000
6721,222368.4000
6722,222368.4000
6723,222368.4000
6724,222368.4000
6725,222368.4000
6726,222368.4000
6727,222368.4000
6728,222368.4000
6729,222368.4000
6730,222368.4000
6731,222368.4000
6732,222368.4000
6733,222368.4000
6734,222368.4000
6735,222368.4000
6736,222368.4000
6737,222368.4000
6738,222368.4000
6739,222368.4000
6740,222368.4000
6741,222368.4000
6742,222368.4000
6743,222368.4000
6744,222368.4000
6745,222368.4000
6746,222368.4000
6747,222368.4000
6748,222368.4000
6749,222368.4000
6750,222368.4000
6751,222368.4000
6752,222368.4000
6753,222368.4000
6754,222368.4000
6755,222368.4000
6756,222368.4000
6757,222368.4000
6758,222368.4000
6759,222368.4000
6760,222368.4000
6761,222368.4000
6762,222368.4000
6763,222368.4000
6764,222368.4000
6765,222368.4000
6766,222368.4000
6767,222368.4000
6768,222368.4000
6769,222368.4000
6770,222368.4000
6771,222368.4000
6772,222368.4000
6773,222368.4000
6774,222368.4000
6775,222368.4000
6776,222368.4000
6777,222368.4000
6778,222368.4000
6779,222368.4000
6780,222368.4000
6781,222368.4000
6782,222368.4000
6783,222368.4000
6784,222368.4000
6785,222368.4000
6786,222368.4000
6787,222368.4000
6788,222368.4000
6789,222368.4000
6790,222368.4000
6791,222368.4000
6792,222368.4000
6793,222368.4000
6794,222368.4000
6795,222368.4000
6796,222368.4000
6797,222368.4000
6798,222368.4000
6799,222368.4000
6800,222368.4000
6801,222368.4000
6802,222368.4000
6803,222368.4000
6804,222368.4000
6805,222368.4000
6806,222368.4000
6807,222368.4000
6808,222368.4000
6809,222368.4000
6810,222368.4000
6811,222368.4000
6812,222368.4000
6813,222368.4000
6814,222368.4000
6815,222368.4000
6816,222368.4000
6817,222368.4000
6818,222368.4000
6819,222368.4000
6820,222368.4000
6821,222368.4000
6822,222368.4000
6823,222368.4000
6824,222368.4000
6825,222368.4000
6826,222368.4000
6827,222368.4000
6828,222368.4000
6829,222368.4000
6830,222368.4000
6831,222368.4000
6832,222368.4000
6833,222368.4000
6834,222368.4000
6835,222368.4000
6836,222368.4000
6837,222368.4000
6838,222368.4000
6839,222368.4000
6840,222368.4000
6841,222368.4000
6842,222368.4000
6843,222368.4000
6844,222368.4000
6845,222368.4000
6846,222368.4000
6847,222368.4000
6848,222368.4000
6849,222368.4000
6850,222368.4000
6851,222368.4000
6852,222368.4000
6853,222368.4000
6854,222368.4000
6855,222368.4000
6856,222368.4000
6857,222368.4000
6858,222368.4000
6859,222368.4000
6860,222368.4000
6861,222368.4000
6862,222368.4000
6863,222368.4000
6864,222368.4000
6865,222368.4000
6866,222368.4000
6867,222368.4000
6868,222368.4000
6869,222368.4000
6870,222368.4000
6871,222368.4000
6872,222368.4000
6873,222368.4000
6874,222368.4000
6875,222368.4000
6876,222368.4000
6877,222368.4000
6878,222368.4000
6879,222368.4000
6880,222368.4000
6881,222368.4000
6882,222368.4000
6883,222368.4000
6884,222368.4000
6885,222368.4000
6886,222368.4000
6887,222368.4000
6888,222368.4000
6889,222368.4000
6890,222368.4000
6891,222368.4000
6892,222368.4000
6893,222368.4000
6894,222368.4000
6895,222368.4000
6896,222368.4000
6897,222368.4000
6898,222368.4000
6899,222368.4000
6900,222368.4000
6901,222368.4000
6902,222368.4000
6903,222368.4000
6904,222368.4000
6905,222368.4000
6906,222368.4000
6907,222368.4000
6908,222368.4000
6909,222368.4000
6910,222368.4000
6911,222368.4000
6912,222368.4000
6913,222368.4000
6914,222368.4000
6915,222368.4000
6916,222368.4000
6917,222368.4000
6918,222368.4000
6919,222368.4000
6920,222368.4000
6921,222368.4000
6922,222368.4000
6923,222368.4000
6924,222368.4000
6925,222368.4000
6926,222368.4000
6927,222368.4000
6928,222368.4000
6929,222368.4000
6930,222368.4000
6931,222368.4000
6932,222368.4000
6933,222368.4000
6934,222368.4000
6935,222368.4000
6936,222368.4000
6937,222368.4000
6938,222368.4000
6939,222368.4000
6940,222368.4000
6941,222368.4000
6942,222368.4000
6943,222368.4000
6944,222368.4000
6945,222368.4000
6946,222368.4000
6947,222368.4000
6948,222368.4000
6949,222368.4000
6950,222368.4000
6951,222368.4000
6952,222368.4000
6953,222368.4000
6954,222368.4000
6955,222368.4000
6956,222368.4000
6957,222368.4000
6958,222368.4000
6959,222368.4000
6960,222368.4000
6961,222368.4000
6962,222368.4000
6963,222368.4000
6964,222368.4000
6965,222368.4000
6966,222368.4000
6967,222368.4000
6968,222368.4000
6969,222368.4000
6970,222368.4000
6971,222368.4000
6972,222368.4000
6973,222368.4000
6974,222368.4000
6975,222368.4000
6976,222368.4000
6977,222368.4000
6978,222368.4000
6979,222368.4000
6980,222368.4000
6981,222368.4000
6982,222368.4000
6983,222368.4000
6984,222368.4000
6985,222368.4000
6986,222368.4000
6987,222368.4000
6988,222368.4000
6989,222368.4000
6990,222368.4000
6991,222368.4000
6992,222368.4000
6993,222368.4000
6994,222368.4000
6995,222368.4000
6996,222368.4000
6997,222368.4000
6998,222368.4000
6999,222368.4000
7000,222368.4000
7001,222368.4000
7002,222368.4000
7003,222368.4000
7004,222368.4000
7005,222368.4000
7006,222368.4000
7007,222368.4000
7008,222368.4000
7009,222368.4000
7010,222368.4000
7011,222368.4000
7012,222368.4000
7013,222368.4000
7014,222368.4000
7015,222368.4000
7016,222368.4000
7017,222368.4000
7018,222368.4000
7019,222368.4000
7020,222368.4000
7021,222368.4000
7022,222368.4000
7023,222368.4000
7024,222368.4000
7025,222368.4000
7026,222368.4000
7027,222368.4000
7028,222368.4000
7029,222368.4000
7030,222368.4000
7031,222368.4000
7032,222368.4000
7033,222368.4000
7034,222368.4000
7035,222368.4000
7036,222368.4000
7037,222368.4000
7038,222368.4000
7039,222368.4000
7040,222368.4000
7041,222368.4000
7042,222368.4000
7043,222368.4000
7044,222368.4000
7045,222368.4000
7046,222368.4000
7047,222368.4000
7048,222368.4000
7049,222368.4000
7050,222368.4000
7051,222368.4000
7052,222368.4000
7053,222368.4000
7054,222368.4000
7055,222368.4000
7056,222368.4000
7057,222368.4000
7058,222368.4000
7059,222368.4000
7060,222368.4000
7061,222368.4000
7062,222368.4000
7063,222368.4000
7064,222368.4000
7065,222368.4000
7066,222368.4000
7067,222368.4000
7068,222368.4000
7069,222368.4000
7070,222368.4000
7071,222368.4000
7072,222368.4000
7073,222368.4000
7074,222368.4000
7075,222368.4000
7076,222368.4000
7077,222368.4000
7078,222368.4000
7079,222368.4000
7080,222368.4000
7081,222368.4000
7082,222368.4000
7083,222368.4000
7084,222368.4000
7085,222368.4000
7086,222368.4000
7087,222368.4000
7088,222368.4000
7089,222368.4000
7090,222368.4000
7091,222368.4000
7092,222368.4000
7093,222368.4000
7094,222368.4000
7095,222368.4000
7096,222368.4000
7097,222368.4000
7098,222368.4000
7099,222368.4000
7100,222368.4000
7101,222368.4000
7102,222368.4000
7103,222368.4000
7104,222368.4000
7105,222368.4000
7106,222368.4000
7107,222368.4000
7108,222368.4000
7109,222368.4000
7110,222368.4000
7111,222368.4000
7112,222368.4000
7113,222368.4000
7114,222368.4000
7115,222368.4000
7116,222368.4000
7117,222368.4000
7118,222368.4000
7119,222368.4000
7120,222368.4000
7121,222368.4000
7122,222368.4000
7123,222368.4000
7124,222368.4000
7125,222368.4000
7126,222368.4000
7127,222368.4000
7128,222368.4000
7129,222368.4000
7130,222368.4000
7131,222368.4000
7132,222368.4000
7133,222368.4000
7134,222368.4000
7135,222368.4000
7136,222368.4000
7137,222368.4000
7138,222368.4000
7139,222368.4000
7140,222368.4000
7141,222368.4000
7142,222368.4000
7143,222368.4000
7144,222368.4000
7145,222368.4000
7146,222368.4000
7147,222368.4000
7148,222368.4000
7149,222368.4000
7150,222368.4000
7151,222368.4000
7152,222368.4000
7153,222368.4000
7154,222368.4000
7155,222368.4000
7156,222368.4000
7157,222368.4000
7158,222368.4000
7159,222368.4000
7160,222368.4000
7161,222368.4000
7162,222368.4000
7163,222368.4000
7164,222368.4000
7165,222368.4000
7166,222368.4000
7167,222368.4000
7168,222368.4000
7169,222368.4000
7170,222368.4000
7171,222368.4000
7172,222368.4000
7173,222368.4000
7174,222368.4000
7175,222368.4000
7176,222368.4000
7177,222368.4000
7178,222368.4000
7179,222368.4000
7180,222368.4000
7181,222368.4000
7182,222368.4000
7183,222368.4000
7184,222368.4000
7185,222368.4000
7186,222368.4000
7187,222368.4000
7188,222368.4000
7189,222368.4000
7190,222368.4000
7191,222368.4000
7192,222368.4000
7193,222368.4000
7194,222368.4000
7195,222368.4000
7196,222368.4000
7197,222368.4000
7198,222368.4000
7199,222368.4000
7200,222368.4000
7201,222368.4000
7202,222368.4000
7203,222368.4000
7204,222368.4000
7205,222368.4000
7206,222368.4000
7207,222368.4000
7208,222368.4000
7209,222368.4000
7210,222368.4000
7211,222368.4000
7212,222368.4000
7213,222368.4000
7214,222368.4000
7215,222368.4000
7216,222368.4000
7217,222368.4000
7218,222368.4000
7219,222368.4000
7220,222368.4000
7221,222368.4000
7222,222368.4000
7223,222368.4000
7224,222368.4000
7225,222368.4000
7226,222368.4000
7227,222368.4000
7228,222368.4000
7229,222368.4000
7230,222368.4000
7231,222368.4000
7232,222368.4000
7233,222368.4000
7234,222368.4000
7235,222368.4000
7236,222368.4000
7237,222368.4000
7238,222368.4000
7239,222368.4000
7240,222368.4000
7241,222368.4000
7242,222368.4000
7243,222368.4000
7244,222368.4000
7245,222368.4000
7246,222368.4000
7247,222368.4000
7248,222368.4000
7249,222368.4000
7250,222368.4000
7251,222368.4000
7252,222368.4000
7253,222368.4000
7254,222368.4000
7255,222368.4000
7256,222368.4000
7257,222368.4000
7258,222368.4000
7259,222368.4000
7260,222368.4000
7261,222368.4000
7262,222368.4000
7263,222368.4000
7264,222368.4000
7265,222368.4000
7266,222368.4000
7267,222368.4000
7268,222368.4000
7269,222368.4000
7270,222368.4000
7271,222368.4000
7272,222368.4000
7273,222368.4000
7274,222368.4000
7275,222368.4000
7276,222368.4000
7277,222368.4000
7278,222368.4000
7279,222368.4000
7280,222368.4000
7281,222368.4000
7282,222368.4000
7283,222368.4000
7284,222368.4000
7285,222368.4000
7286,222368.4000
7287,222368.4000
7288,222368.4000
7289,222368.4000
7290,222368.4000
7291,222368.4000
7292,222368.4000
7293,222368.4000
7294,222368.4000
7295,222368.4000
7296,222368.4000
7297,222368.4000
7298,222368.4000
7299,222368.4000
7300,222368.4000
7301,222368.4000
7302,222368.4000
7303,222368.4000
7304,222368.4000
7305,222368.4000
7306,222368.4000
7307,222368.4000
7308,222368.4000
7309,222368.4000
7310,222368.4000
7311,222368.4000
7312,222368.4000
7313,222368.4000
7314,222368.4000
7315,222368.4000
7316,222368.4000
7317,222368.4000
7318,222368.4000
7319,222368.4000
7320,222368.4000
7321,222368.4000
7322,222368.4000
7323,222368.4000
7324,222368.4000
7325,222368.4000
7326,222368.4000
7327,222368.4000
7328,222368.4000
7329,222368.4000
7330,222368.4000
7331,222368.4000
7332,222368.4000
7333,222368.4000
7334,222368.4000
7335,222368.4000
7336,222368.4000
7337,222368.4000
7338,222368.4000
7339,222368.4000
7340,222368.4000
7341,222368.4000
7342,222368.4000
7343,222368.4000
7344,222368.4000
7345,222368.4000
7346,222368.4000
7347,222368.4000
7348,222368.4000
7349,222368.4000
7350,222368.4000
7351,222368.4000
7352,222368.4000
7353,222368.4000
7354,222368.4000
7355,222368.4000
7356,222368.4000
7357,222368.4000
7358,222368.4000
7359,222368.4000
7360,222368.4000
7361,222368.4000
7362,222368.4000
7363,222368.4000
7364,222368.4000
7365,222368.4000
7366,222368.4000
7367,222368.4000
7368,222368.4000
7369,222368.4000
7370,222368.4000
7371,222368.4000
7372,222368.4000
7373,222368.4000
7374,222368.4000
7375,222368.4000
7376,222368.4000
7377,222368.4000
7378,222368.4000
7379,222368.4000
7380,222368.4000
7381,222368.4000
7382,222368.4000
7383,222368.4000
7384,222368.4000
7385,222368.4000
7386,222368.4000
7387,222368.4000
7388,222368.4000
7389,222368.4000
7390,222368.4000
7391,222368.4000
7392,222368.4000
7393,222368.4000
7394,222368.4000
7395,222368.4000
7396,222368.4000
7397,222368.4000
7398,222368.4000
7399,222368.4000
7400,222368.4000
7401,222368.4000
7402,222368.4000
7403,222368.4000
7404,222368.4000
7405,222368.4000
7406,222368.4000
7407,222368.4000
7408,222368.4000
7409,222368.4000
7410,222368.4000
7411,222368.4000
7412,222368.4000
7413,222368.4000
7414,222368.4000
7415,222368.4000
7416,222368.4000
7417,222368.4000
7418,222368.4000
7419,222368.4000
7420,222368.4000
7421,222368.4000
7422,222368.4000
7423,222368.4000
7424,222368.4000
7425,222368.4000
7426,222368.4000
7427,222368.4000
7428,222368.4000
7429,222368.4000
7430,222368.4000
7431,222368.4000
7432,222368.4000
7433,222368.4000
7434,222368.4000
7435,222368.4000
7436,222368.4000
7437,222368.4000
7438,222368.4000
7439,222368.4000
7440,222368.4000
7441,222368.4000
7442,222368.4000
7443,222368.4000
7444,222368.4000
7445,222368.4000
7446,222368.4000
7447,222368.4000
7448,222368.4000
7449,222368.4000
7450,222368.4000
7451,222368.4000
7452,222368.4000
7453,222368.4000
7454,222368.4000
7455,222368.4000
7456,222368.4000
7457,222368.4000
7458,222368.4000
7459,222368.4000
7460,222368.4000
7461,222368.4000
7462,222368.4000
7463,222368.4000
7464,222368.4000
7465,222368.4000
7466,222368.4000
7467,222368.4000
7468,222368.4000
7469,222368.4000
7470,222368.4000
7471,222368.4000
7472,222368.4000
7473,222368.4000
7474,222368.4000
7475,222368.4000
7476,222368.4000
7477,222368.4000
7478,222368.4000
7479,222368.4000
7480,222368.4000
7481,222368.4000
7482,222368.4000
7483,222368.4000
7484,222368.4000
7485,222368.4000
7486,222368.4000
7487,222368.4000
7488,222368.4000
7489,222368.4000
7490,222368.4000
7491,222368.4000
7492,222368.4000
7493,222368.4000
7494,222368.4000
7495,222368.4000
7496,222368.4000
7497,222368.4000
7498,222368.4000
7499,222368.4000
7500,222368.4000
7501,222368.4000
7502,222368.4000
7503,222368.4000
7504,222368.4000
7505,222368.4000
7506,222368.4000
7507,222368.4000
7508,222368.4000
7509,222368.4000
7510,222368.4000
7511,222368.4000
7512,222368.4000
7513,222368.4000
7514,222368.4000
7515,222368.4000
7516,222368.4000
7517,222368.4000
7518,222368.4000
7519,222368.4000
7520,222368.4000
7521,222368.4000
7522,222368.4000
7523,222368.4000
7524,222368.4000
7525,222368.4000
7526,222368.4000
7527,222368.4000
7528,222368.4000
7529,222368.4000
7530,222368.4000
7531,222368.4000
7532,222368.4000
7533,222368.4000
7534,222368.4000
7535,222368.4000
7536,222368.4000
7537,222368.4000
7538,222368.4000
7539,222368.4000
7540,222368.4000
7541,222368.4000
7542,222368.4000
7543,222368.4000
7544,222368.4000
7545,222368.4000
7546,222368.4000
7547,222368.4000
7548,222368.4000
7549,222368.4000
7550,222368.4000
7551,222368.4000
7552,222368.4000
7553,222368.4000
7554,222368.4000
7555,222368.4000
7556,222368.4000
7557,222368.4000
7558,222368.4000
7559,222368.4000
7560,222368.4000
7561,222368.4000
7562,222368.4000
7563,222368.4000
7564,222368.4000
7565,222368.4000
7566,222368.4000
7567,222368.4000
7568,222368.4000
7569,222368.4000
7570,222368.4000
7571,222368.4000
7572,222368.4000
7573,222368.4000
7574,222368.4000
7575,222368.4000
7576,222368.4000
7577,222368.4000
7578,222368.4000
7579,222368.4000
7580,222368.4000
7581,222368.4000
7582,222368.4000
7583,222368.4000
7584,222368.4000
7585,222368.4000
7586,222368.4000
7587,222368.4000
7588,222368.4000
7589,222368.4000
7590,222368.4000
7591,222368.4000
7592,222368.4000
7593,222368.4000
7594,222368.4000
7595,222368.4000
7596,222368.4000
7597,222368.4000
7598,222368.4000
7599,222368.4000
7600,222368.4000
7601,222368.4000
7602,222368.4000
7603,222368.4000
7604,222368.4000
7605,222368.4000
7606,222368.4000
7607,222368.4000
7608,222368.4000
7609,222368.4000
7610,222368.4000
7611,222368.4000
7612,222368.4000
7613,222368.4000
7614,222368.4000
7615,222368.4000
7616,222368.4000
7617,222368.4000
7618,222368.4000
7619,222368.4000
7620,222368.4000
7621,222368.4000
7622,222368.4000
7623,222368.4000
7624,222368.4000
7625,222368.4000
7626,222368.4000
7627,222368.4000
7628,222368.4000
7629,222368.4000
7630,222368.4000
7631,222368.4000
7632,222368.4000
7633,222368.4000
7634,222368.4000
7635,222368.4000
7636,222368.4000
7637,222368.4000
7638,222368.4000
7639,222368.4000
7640,222368.4000
7641,222368.4000
7642,222368.4000
7643,222368.4000
7644,222368.4000
7645,222368.4000
7646,222368.4000
7647,222368.4000
7648,222368.4000
7649,222368.4000
7650,222368.4000
7651,222368.4000
7652,222368.4000
7653,222368.4000
7654,222368.4000
7655,222368.4000
7656,222368.4000
7657,222368.4000
7658,222368.4000
7659,222368.4000
7660,222368.4000
7661,222368.4000
7662,222368.4000
7663,222368.4000
7664,222368.4000
7665,222368.4000
7666,222368.4000
7667,222368.4000
7668,222368.4000
7669,222368.4000
7670,222368.4000
7671,222368.4000
7672,222368.4000
7673,222368.4000
7674,222368.4000
7675,222368.4000
7676,222368.4000
7677,222368.4000
7678,222368.4000
7679,222368.4000
7680,222368.4000
7681,222368.4000
7682,222368.4000
7683,222368.4000
7684,222368.4000
7685,222368.4000
7686,222368.4000
7687,222368.4000
7688,222368.4000
7689,222368.4000
7690,222368.4000
7691,222368.4000
7692,222368.4000
7693,222368.4000
7694,222368.4000
7695,222368.4000
7696,222368.4000
7697,222368.4000
7698,222368.4000
7699,222368.4000
7700,222368.4000
7701,222368.4000
7702,222368.4000
7703,222368.4000
7704,222368.4000
7705,222368.4000
7706,222368.4000
7707,222368.4000
7708,222368.4000
7709,222368.4000
7710,222368.4000
7711,222368.4000
7712,222368.4000
7713,222368.4000
7714,222368.4000
7715,222368.4000
7716,222368.4000
7717,222368.4000
7718,222368.4000
7719,222368.4000
7720,222368.4000
7721,222368.4000
7722,222368.4000
7723,222368.4000
7724,222368.4000
7725,222368.4000
7726,222368.4000
7727,222368.4000
7728,222368.4000
7729,222368.4000
7730,222368.4000
7731,222368.4000
7732,222368.4000
7733,222368.4000
7734,222368.4000
7735,222368.4000
7736,222368.4000
7737,222368.4000
7738,222368.4000
7739,222368.4000
7740,222368.4000
7741,222368.4000
7742,222368.4000
7743,222368.4000
7744,222368.4000
7745,222368.4000
7746,222368.4000
7747,222368.4000
7748,222368.4000
7749,222368.4000
7750,222368.4000
7751,222368.4000
7752,222368.4000
7753,222368.4000
7754,222368.4000
7755,222368.4000
7756,222368.4000
7757,222368.4000
7758,222368.4000
7759,222368.4000
7760,222368.4000
7761,222368.4000
7762,222368.4000
7763,222368.4000
7764,222368.4000
7765,222368.4000
7766,222368.4000
7767,222368.4000
7768,222368.4000
7769,222368.4000
7770,222368.4000
7771,222368.4000
7772,222368.4000
7773,222368.4000
7774,222368.4000
7775,222368.4000
7776,222368.4000
7777,222368.4000
7778,222368.4000
7779,222368.4000
7780,222368.4000
7781,222368.4000
7782,222368.4000
7783,222368.4000
7784,222368.4000
7785,222368.4000
7786,222368.4000
7787,222368.4000
7788,222368.4000
7789,222368.4000
7790,222368.4000
7791,222368.4000
7792,222368.4000
7793,222368.4000
7794,222368.4000
7795,222368.4000
7796,222368.4000
7797,222368.4000
7798,222368.4000
7799,222368.4000
7800,222368.4000
7801,222368.4000
7802,222368.4000
7803,222368.4000
7804,222368.4000
7805,222368.4000
7806,222368.4000
7807,222368.4000
7808,222368.4000
7809,222368.4000
7810,222368.4000
7811,222368.4000
7812,222368.4000
7813,222368.4000
7814,222368.4000
7815,222368.4000
7816,222368.4000
7817,222368.4000
7818,222368.4000
7819,222368.4000
7820,222368.4000
7821,222368.4000
7822,222368.4000
7823,222368.4000
7824,222368.4000
7825,222368.4000
7826,222368.4000
7827,222368.4000
7828,222368.4000
7829,222368.4000
7830,222368.4000
7831,222368.4000
7832,222368.4000
7833,222368.4000
7834,222368.4000
7835,222368.4000
7836,222368.4000
7837,222368.4000
7838,222368.4000
7839,222368.4000
7840,222368.4000
7841,222368.4000
7842,222368.4000
7843,222368.4000
7844,222368.4000
7845,222368.4000
7846,222368.4000
7847,222368.4000
7848,222368.4000
7849,222368.4000
7850,222368.4000
7851,222368.4000
7852,222368.4000
7853,222368.4000
7854,222368.4000
7855,222368.4000
7856,222368.4000
7857,222368.4000
7858,222368.4000
7859,222368.4000
7860,222368.4000
7861,222368.4000
7862,222368.4000
7863,222368.4000
7864,222368.4000
7865,222368.4000
7866,222368.4000
7867,222368.4000
7868,222368.4000
7869,222368.4000
7870,222368.4000
7871,222368.4000
7872,222368.4000
7873,222368.4000
7874,222368.4000
7875,222368.4000
7876,222368.4000
7877,222368.4000
7878,222368.4000
7879,222368.4000
7880,222368.4000
7881,222368.4000
7882,222368.4000
7883,222368.4000
7884,222368.4000
7885,222368.4000
7886,222368.4000
7887,222368.4000
7888,222368.4000
7889,222368.4000
7890,222368.4000
7891,222368.4000
7892,222368.4000
7893,222368.4000
7894,222368.4000
7895,222368.4000
7896,222368.4000
7897,222368.4000
7898,222368.4000
7899,222368.4000
7900,222368.4000
7901,222368.4000
7902,222368.4000
7903,222368.4000
7904,222368.4000
7905,222368.4000
7906,222368.4000
7907,222368.4000
7908,222368.4000
7909,222368.4000
7910,222368.4000
7911,222368.4000
7912,222368.4000
7913,222368.4000
7914,222368.4000
7915,222368.4000
7916,222368.4000
7917,222368.4000
7918,222368.4000
7919,222368.4000
7920,222368.4000
7921,222368.4000
7922,222368.4000
7923,222368.4000
7924,222368.4000
7925,222368.4000
7926,222368.4000
7927,222368.4000
7928,222368.4000
7929,222368.4000
7930,222368.4000
7931,222368.4000
7932,222368.4000
7933,222368.4000
7934,222368.4000
7935,222368.4000
7936,222368.4000
7937,222368.4000
7938,222368.4000
7939,222368.4000
7940,222368.4000
7941,222368.4000
7942,222368.4000
7943,222368.4000
7944,222368.4000
7945,222368.4000
7946,222368.4000
7947,222368.4000
7948,222368.4000
7949,222368.4000
7950,222368.4000
7951,222368.4000
7952,222368.4000
7953,222368.4000
7954,222368.4000
7955,222368.4000
7956,222368.4000
7957,222368.4000
7958,222368.4000
7959,222368.4000
7960,222368.4000
7961,222368.4000
7962,222368.4000
7963,222368.4000
7964,222368.4000
7965,222368.4000
7966,222368.4000
7967,222368.4000
7968,222368.4000
7969,222368.4000
7970,222368.4000
7971,222368.4000
7972,222368.4000
7973,222368.4000
7974,222368.4000
7975,222368.4000
7976,222368.4000
7977,222368.4000
7978,222368.4000
7979,222368.4000
7980,222368.4000
7981,222368.4000
7982,222368.4000
7983,222368.4000
7984,222368.4000
7985,222368.4000
7986,222368.4000
7987,222368.4000
7988,222368.4000
7989,222368.4000
7990,222368.4000
7991,222368.4000
7992,222368.4000
7993,222368.4000
7994,222368.4000
7995,222368.4000
7996,222368.4000
7997,222368.4000
7998,222368.4000
7999,222368.4000
8000,222368.4000
8001,222368.4000
8002,222368.4000
8003,222368.4000
8004,222368.4000
8005,222368.4000
8006,222368.4000
8007,222368.4000
8008,222368.4000
8009,222368.4000
8010,222368.4000
8011,222368.4000
8012,222368.4000
8013,222368.4000
8014,222368.4000
8015,222368.4000
8016,222368.4000
8017,222368.4000
8018,222368.4000
8019,222368.4000
8020,222368.4000
8021,222368.4000
8022,222368.4000
8023,222368.4000
8024,222368.4000
8025,222368.4000
8026,222368.4000
8027,222368.4000
8028,222368.4000
8029,222368.4000
8030,222368.4000
8031,222368.4000
8032,222368.4000
8033,222368.4000
8034,222368.4000
8035,222368.4000
8036,222368.4000
8037,222368.4000
8038,222368.4000
8039,222368.4000
8040,222368.4000
8041,222368.4000
8042,222368.4000
8043,222368.4000
8044,222368.4000
8045,222368.4000
8046,222368.4000
8047,222368.4000
8048,222368.4000
8049,222368.4000
8050,222368.4000
8051,222368.4000
8052,222368.4000
8053,222368.4000
8054,222368.4000
8055,222368.4000
8056,222368.4000
8057,222368.4000
8058,222368.4000
8059,222368.4000
8060,222368.4000
8061,222368.4000
8062,222368.4000
8063,222368.4000
8064,222368.4000
8065,222368.4000
8066,222368.4000
8067,222368.4000
8068,222368.4000
8069,222368.4000
8070,222368.4000
8071,222368.4000
8072,222368.4000
8073,222368.4000
8074,222368.4000
8075,222368.4000
8076,222368.4000
8077,222368.4000
8078,222368.4000
8079,222368.4000
8080,222368.4000
8081,222368.4000
8082,222368.4000
8083,222368.4000
8084,222368.4000
8085,222368.4000
8086,222368.4000
8087,222368.4000
8088,222368.4000
8089,222368.4000
8090,222368.4000
8091,222368.4000
8092,222368.4000
8093,222368.4000
8094,222368.4000
8095,222368.4000
8096,222368.4000
8097,222368.4000
8098,222368.4000
8099,222368.4000
8100,222368.4000
8101,222368.4000
8102,222368.4000
8103,222368.4000
8104,222368.4000
8105,222368.4000
8106,222368.4000
8107,222368.4000
8108,222368.4000
8109,222368.4000
8110,222368.4000
8111,222368.4000
8112,222368.4000
8113,222368.4000
8114,222368.4000
8115,222368.4000
8116,222368.4000
8117,222368.4000
8118,222368.4000
8119,222368.4000
8120,222368.4000
8121,222368.4000
8122,222368.4000
8123,222368.4000
8124,222368.4000
8125,222368.4000
8126,222368.4000
8127,222368.4000
8128,222368.4000
8129,222368.4000
8130,222368.4000
8131,222368.4000
8132,222368.4000
8133,222368.4000
8134,222368.4000
8135,222368.4000
8136,222368.4000
8137,222368.4000
8138,222368.4000
8139,222368.4000
8140,222368.4000
8141,222368.4000
8142,222368.4000
8143,222368.4000
8144,222368.4000
8145,222368.4000
8146,222368.4000
8147,222368.4000
8148,222368.4000
8149,222368.4000
8150,222368.4000
8151,222368.4000
8152,222368.4000
8153,222368.4000
8154,222368.4000
8155,222368.4000
8156,222368.4000
8157,222368.4000
8158,222368.4000
8159,222368.4000
8160,222368.4000
8161,222368.4000
8162,222368.4000
8163,222368.4000
8164,222368.4000
8165,222368.4000
8166,222368.4000
8167,222368.4000
8168,222368.4000
8169,222368.4000
8170,222368.4000
8171,222368.4000
8172,222368.4000
8173,222368.4000
8174,222368.4000
8175,222368.4000
8176,222368.4000
8177,222368.4000
8178,222368.4000
8179,222368.4000
8180,222368.4000
8181,222368.4000
8182,222368.4000
8183,222368.4000
8184,222368.4000
8185,222368.4000
8186,222368.4000
8187,222368.4000
8188,222368.4000
8189,222368.4000
8190,222368.4000
8191,222368.4000
8192,222368.4000
8193,222368.4000
8194,222368.4000
8195,222368.4000
8196,222368.4000
8197,222368.4000
8198,222368.4000
8199,222368.4000
8200,222368.4000
8201,222368.4000
8202,222368.4000
8203,222368.4000
8204,222368.4000
8205,222368.4000
8206,222368.4000
8207,222368.4000
8208,222368.4000
8209,222368.4000
8210,222368.4000
8211,222368.4000
8212,222368.4000
8213,222368.4000
8214,222368.4000
8215,222368.4000
8216,222368.4000
8217,222368.4000
8218,222368.4000
8219,222368.4000
8220,222368.4000
8221,222368.4000
8222,222368.4000
8223,222368.4000
8224,222368.4000
8225,222368.4000
8226,222368.4000
8227,222368.4000
8228,222368.4000
8229,222368.4000
8230,222368.4000
8231,222368.4000
8232,222368.4000
8233,222368.4000
8234,222368.4000
8235,222368.4000
8236,222368.4000
8237,222368.4000
8238,222368.4000
8239,222368.4000
8240,222368.4000
8241,222368.4000
8242,222368.4000
8243,222368.4000
8244,222368.4000
8245,222368.4000
8246,222368.4000
8247,222368.4000
8248,222368.4000
8249,222368.4000
8250,222368.4000
8251,222368.4000
8252,222368.4000
8253,222368.4000
8254,222368.4000
8255,222368.4000
8256,222368.4000
8257,222368.4000
8258,222368.4000
8259,222368.4000
8260,222368.4000
8261,222368.4000
8262,222368.4000
8263,222368.4000
8264,222368.4000
8265,222368.4000
8266,222368.4000
8267,222368.4000
8268,222368.4000
8269,222368.4000
8270,222368.4000
8271,222368.4000
8272,222368.4000
8273,222368.4000
8274,222368.4000
8275,222368.4000
8276,222368.4000
8277,222368.4000
8278,222368.4000
8279,222368.4000
8280,222368.4000
8281,222368.4000
8282,222368.4000
8283,222368.4000
8284,222368.4000
8285,222368.4000
8286,222368.4000
8287,222368.4000
8288,222368.4000
8289,222368.4000
8290,222368.4000
8291,222368.4000
8292,222368.4000
8293,222368.4000
8294,222368.4000
8295,222368.4000
8296,222368.4000
8297,222368.4000
8298,222368.4000
8299,222368.4000
8300,222368.4000
8301,222368.4000
8302,222368.4000
8303,222368.4000
8304,222368.4000
8305,222368.4000
8306,222368.4000
8307,222368.4000
8308,222368.4000
8309,222368.4000
8310,222368.4000
8311,222368.4000
8312,222368.4000
8313,222368.4000
8314,222368.4000
8315,222368.4000
8316,222368.4000
8317,222368.4000
8318,222368.4000
8319,222368.4000
8320,222368.4000
8321,222368.4000
8322,222368.4000
8323,222368.4000
8324,222368.4000
8325,222368.4000
8326,222368.4000
8327,222368.4000
8328,222368.4000
8329,222368.4000
8330,222368.4000
8331,222368.4000
8332,222368.4000
8333,222368.4000
8334,222368.4000
8335,222368.4000
8336,222368.4000
8337,222368.4000
8338,222368.4000
8339,222368.4000
8340,222368.4000
8341,222368.4000
8342,222368.4000
8343,222368.4000
8344,222368.4000
8345,222368.4000
8346,222368.4000
8347,222368.4000
8348,222368.4000
8349,222368.4000
8350,222368.4000
8351,222368.4000
8352,222368.4000
8353,222368.4000
8354,222368.4000
8355,222368.4000
8356,222368.4000
8357,222368.4000
8358,222368.4000
8359,222368.4000
8360,222368.4000
8361,222368.4000
8362,222368.4000
8363,222368.4000
8364,222368.4000
8365,222368.4000
8366,222368.4000
8367,222368.4000
8368,222368.4000
8369,222368.4000
8370,222368.4000
8371,222368.4000
8372,222368.4000
8373,222368.4000
8374,222368.4000
8375,222368.4000
8376,222368.4000
8377,222368.4000
8378,222368.4000
8379,222368.4000
8380,222368.4000
8381,222368.4000
8382,222368.4000
8383,222368.4000
8384,222368.4000
8385,222368.4000
8386,222368.4000
8387,222368.4000
8388,222368.4000
8389,222368.4000
8390,222368.4000
8391,222368.4000
8392,222368.4000
8393,222368.4000
8394,222368.4000
8395,222368.4000
8396,222368.4000
8397,222368.4000
8398,222368.4000
8399,222368.4000
8400,222368.4000
8401,222368.4000
8402,222368.4000
8403,222368.4000
8404,222368.4000
8405,222368.4000
8406,222368.4000
8407,222368.4000
8408,222368.4000
8409,222368.4000
8410,222368.4000
8411,222368.4000
8412,222368.4000
8413,222368.4000
8414,222368.4000
8415,222368.4000
8416,222368.4000
8417,222368.4000
8418,222368.4000
8419,222368.4000
8420,222368.4000
8421,222368.4000
8422,222368.4000
8423,222368.4000
8424,222368.4000
8425,222368.4000
8426,222368.4000
8427,222368.4000
8428,222368.4000
8429,222368.4000
8430,222368.4000
8431,222368.4000
8432,222368.4000
8433,222368.4000
8434,222368.4000
8435,222368.4000
8436,222368.4000
8437,222368.4000
8438,222368.4000
8439,222368.4000
8440,222368.4000
8441,222368.4000
8442,222368.4000
8443,222368.4000
8444,222368.4000
8445,222368.4000
8446,222368.4000
8447,222368.4000
8448,222368.4000
8449,222368.4000
8450,222368.4000
8451,222368.4000
8452,222368.4000
8453,222368.4000
8454,222368.4000
8455,222368.4000
8456,222368.4000
8457,222368.4000
8458,222368.4000
8459,222368.4000
8460,222368.4000
8461,222368.4000
8462,222368.4000
8463,222368.4000
8464,222368.4000
8465,222368.4000
8466,222368.4000
8467,222368.4000
8468,222368.4000
8469,222368.4000
8470,222368.4000
8471,222368.4000
8472,222368.4000
8473,222368.4000
8474,222368.4000
8475,222368.4000
8476,222368.4000
8477,222368.4000
8478,222368.4000
8479,222368.4000
8480,222368.4000
8481,222368.4000
8482,222368.4000
8483,222368.4000
8484,222368.4000
8485,222368.4000
8486,222368.4000
8487,222368.4000
8488,222368.4000
8489,222368.4000
8490,222368.4000
8491,222368.4000
8492,222368.4000
8493,222368.4000
8494,222368.4000
8495,222368.4000
8496,222368.4000
8497,222368.4000
8498,222368.4000
8499,222368.4000
8500,222368.4000
8501,222368.4000
8502,222368.4000
8503,222368.4000
8504,222368.4000
8505,222368.4000
8506,222368.4000
8507,222368.4000
8508,222368.4000
8509,222368.4000
8510,222368.4000
8511,222368.4000
8512,222368.4000
8513,222368.4000
8514,222368.4000
8515,222368.4000
8516,222368.4000
8517,222368.4000
8518,222368.4000
8519,222368.4000
8520,222368.4000
8521,222368.4000
8522,222368.4000
8523,222368.4000
8524,222368.4000
8525,222368.4000
8526,222368.4000
8527,222368.4000
8528,222368.4000
8529,222368.4000
8530,222368.4000
8531,222368.4000
8532,222368.4000
8533,222368.4000
8534,222368.4000
8535,222368.4000
8536,222368.4000
8537,222368.4000
8538,222368.4000
8539,222368.4000
8540,222368.4000
8541,222368.4000
8542,222368.4000
8543,222368.4000
8544,222368.4000
8545,222368.4000
8546,222368.4000
8547,222368.4000
8548,222368.4000
8549,222368.4000
8550,222368.4000
8551,222368.4000
8552,222368.4000
8553,222368.4000
8554,222368.4000
8555,222368.4000
8556,222368.4000
8557,222368.4000
8558,222368.4000
8559,222368.4000
8560,222368.4000
8561,222368.4000
8562,222368.4000
8563,222368.4000
8564,222368.4000
8565,222368.4000
8566,222368.4000
8567,222368.4000
8568,222368.4000
8569,222368.4000
8570,222368.4000
8571,222368.4000
8572,222368.4000
8573,222368.4000
8574,222368.4000
8575,222368.4000
8576,222368.4000
8577,222368.4000
8578,222368.4000
8579,222368.4000
8580,222368.4000
8581,222368.4000
8582,222368.4000
8583,222368.4000
8584,222368.4000
8585,222368.4000
8586,222368.4000
8587,222368.4000
8588,222368.4000
8589,222368.4000
8590,222368.4000
8591,222368.4000
8592,222368.4000
8593,222368.4000
8594,222368.4000
8595,222368.4000
8596,222368.4000
8597,222368.4000
8598,222368.4000
8599,222368.4000
8600,222368.4000
8601,222368.4000
8602,222368.4000
8603,222368.4000
8604,222368.4000
8605,222368.4000
8606,222368.4000
8607,222368.4000
8608,222368.4000
8609,222368.4000
8610,222368.4000
8611,222368.4000
8612,222368.4000
8613,222368.4000
8614,222368.4000
8615,222368.4000
8616,222368.4000
8617,222368.4000
8618,222368.4000
8619,222368.4000
8620,222368.4000
8621,222368.4000
8622,222368.4000
8623,222368.4000
8624,222368.4000
8625,222368.4000
8626,222368.4000
8627,222368.4000
8628,222368.4000
8629,222368.4000
8630,222368.4000
8631,222368.4000
8632,222368.4000
8633,222368.4000
8634,222368.4000
8635,222368.4000
8636,222368.4000
8637,222368.4000
8638,222368.4000
8639,222368.4000
8640,222368.4000
8641,222368.4000
8642,222368.4000
8643,222368.4000
8644,222368.4000
8645,222368.4000
8646,222368.4000
8647,222368.4000
8648,222368.4000
8649,222368.4000
8650,222368.4000
8651,222368.4000
8652,222368.4000
8653,222368.4000
8654,222368.4000
8655,222368.4000
8656,222368.4000
8657,222368.4000
8658,222368.4000
8659,222368.4000
8660,222368.4000
8661,222368.4000
8662,222368.4000
8663,222368.4000
8664,222368.4000
8665,222368.4000
8666,222368.4000
8667,222368.4000
8668,222368.4000
8669,222368.4000
8670,222368.4000
8671,222368.4000
8672,222368.4000
8673,222368.4000
8674,222368.4000
8675,222368.4000
8676,222368.4000
8677,222368.4000
8678,222368.4000
8679,222368.4000
