迭代次数,Cmax
1,160147.0000
2,160147.0000
3,159675.0000
4,159675.0000
5,159675.0000
6,159675.0000
7,157249.2000
8,157249.2000
9,157249.2000
10,154719.0000
11,154719.0000
12,154719.0000
13,154719.0000
14,154719.0000
15,154719.0000
16,154719.0000
17,154719.0000
18,154719.0000
19,153539.0000
20,153539.0000
21,153539.0000
22,153539.0000
23,153539.0000
24,153539.0000
25,153539.0000
26,153539.0000
27,153539.0000
28,153539.0000
29,153539.0000
30,153539.0000
31,153539.0000
32,151970.4000
33,151970.4000
34,151970.4000
35,151970.4000
36,151970.4000
37,148583.0000
38,147167.0000
39,147167.0000
40,147167.0000
41,147167.0000
42,147167.0000
43,147167.0000
44,147167.0000
45,147167.0000
46,147167.0000
47,147167.0000
48,144475.5000
49,144475.5000
50,144475.5000
51,144475.5000
52,144475.5000
53,144475.5000
54,144475.5000
55,144475.5000
56,144475.5000
57,144475.5000
58,144475.5000
59,144475.5000
60,144475.5000
61,144475.5000
62,144475.5000
63,144475.5000
64,144475.5000
65,144475.5000
66,144475.5000
67,144475.5000
68,144475.5000
69,144475.5000
70,144475.5000
71,144475.5000
72,144475.5000
73,144475.5000
74,144475.5000
75,144475.5000
76,144475.5000
77,144475.5000
78,144475.5000
79,144475.5000
80,144475.5000
81,144475.5000
82,144475.5000
83,144475.5000
84,144475.5000
85,144475.5000
86,144475.5000
87,144475.5000
88,144475.5000
89,144475.5000
90,144475.5000
91,144475.5000
92,144475.5000
93,144475.5000
94,144475.5000
95,144475.5000
96,144475.5000
97,144475.5000
98,144475.5000
99,144475.5000
100,144475.5000
101,144475.5000
102,144475.5000
103,144475.5000
104,144475.5000
105,144475.5000
106,144475.5000
107,144475.5000
108,144475.5000
109,144475.5000
110,144475.5000
111,144475.5000
112,144475.5000
113,144475.5000
114,144475.5000
115,144475.5000
116,144475.5000
117,144475.5000
118,144475.5000
119,144475.5000
120,144475.5000
121,144475.5000
122,144475.5000
123,144475.5000
124,144475.5000
125,144475.5000
126,144475.5000
127,144475.5000
128,144475.5000
129,144475.5000
130,144475.5000
131,144475.5000
132,144475.5000
133,144475.5000
134,144475.5000
135,144475.5000
136,144475.5000
137,144475.5000
138,144475.5000
139,144475.5000
140,144475.5000
141,144475.5000
142,144475.5000
143,144475.5000
144,144475.5000
145,144475.5000
146,144475.5000
147,144475.5000
148,144475.5000
149,144475.5000
150,144475.5000
151,144475.5000
152,144475.5000
153,144475.5000
154,144475.5000
155,144475.5000
156,144475.5000
157,144475.5000
158,144475.5000
159,144475.5000
160,144475.5000
161,144475.5000
162,144475.5000
163,144475.5000
164,144475.5000
165,144475.5000
166,144475.5000
167,144475.5000
168,144475.5000
169,144475.5000
170,144475.5000
171,144475.5000
172,144475.5000
173,144475.5000
174,144475.5000
175,144475.5000
176,144475.5000
177,144475.5000
178,144475.5000
179,144475.5000
180,144475.5000
181,144475.5000
182,144475.5000
183,144475.5000
184,144475.5000
185,144475.5000
186,144475.5000
187,144475.5000
188,144475.5000
189,144475.5000
190,144475.5000
191,144475.5000
192,144475.5000
193,144475.5000
194,144475.5000
195,144475.5000
196,144475.5000
197,144475.5000
198,144475.5000
199,144475.5000
200,144475.5000
201,144475.5000
202,144475.5000
203,144475.5000
204,144475.5000
205,144475.5000
206,144475.5000
207,144475.5000
208,144475.5000
209,144475.5000
210,144475.5000
211,144475.5000
212,131104.2000
213,131104.2000
214,131104.2000
215,131104.2000
216,131104.2000
217,131104.2000
218,131104.2000
219,131104.2000
220,131104.2000
221,131104.2000
222,131104.2000
223,131104.2000
224,131104.2000
225,131104.2000
226,131104.2000
227,131104.2000
228,131104.2000
229,131104.2000
230,131104.2000
231,131104.2000
232,131104.2000
233,131104.2000
234,131104.2000
235,131104.2000
236,131104.2000
237,131104.2000
238,131104.2000
239,131104.2000
240,131104.2000
241,131104.2000
242,131104.2000
243,131104.2000
244,131104.2000
245,131104.2000
246,131104.2000
247,131104.2000
248,131104.2000
249,131104.2000
250,131104.2000
251,131104.2000
252,131104.2000
253,131104.2000
254,131104.2000
255,131104.2000
256,131104.2000
257,131104.2000
258,131104.2000
259,131104.2000
260,131104.2000
261,131104.2000
262,131104.2000
263,131104.2000
264,131104.2000
265,131104.2000
266,131104.2000
267,131104.2000
268,131104.2000
269,131104.2000
270,131104.2000
271,131104.2000
272,131104.2000
273,131104.2000
274,131104.2000
275,131104.2000
276,131104.2000
277,131104.2000
278,131104.2000
279,131104.2000
280,131104.2000
281,131104.2000
282,131104.2000
283,131104.2000
284,131104.2000
285,131104.2000
286,131104.2000
287,131104.2000
288,131104.2000
289,131104.2000
290,131104.2000
291,131104.2000
292,131104.2000
293,131104.2000
294,131104.2000
295,131104.2000
296,131104.2000
297,131104.2000
298,131104.2000
299,131104.2000
300,131104.2000
301,131104.2000
302,131104.2000
303,131104.2000
304,131104.2000
305,131104.2000
306,131104.2000
307,131104.2000
308,131104.2000
309,131104.2000
310,131104.2000
311,131104.2000
312,131104.2000
313,131104.2000
314,131104.2000
315,131104.2000
316,131104.2000
317,131104.2000
318,131104.2000
319,131104.2000
320,131104.2000
321,131104.2000
322,131104.2000
323,131104.2000
324,131104.2000
325,131104.2000
326,131104.2000
327,131104.2000
328,131104.2000
329,131104.2000
330,131104.2000
331,131104.2000
332,131104.2000
333,131104.2000
334,131104.2000
335,131104.2000
336,131104.2000
337,131104.2000
338,131104.2000
339,131104.2000
340,131104.2000
341,131104.2000
342,131104.2000
343,131104.2000
344,131104.2000
345,131104.2000
346,131104.2000
347,131104.2000
348,131104.2000
349,131104.2000
350,131104.2000
351,131104.2000
352,131104.2000
353,131104.2000
354,131104.2000
355,131104.2000
356,131104.2000
357,131104.2000
358,131104.2000
359,131104.2000
360,131104.2000
361,131104.2000
362,131104.2000
363,131104.2000
364,131104.2000
365,131104.2000
366,131104.2000
367,131104.2000
368,131104.2000
369,131104.2000
370,131104.2000
371,131104.2000
372,131104.2000
373,131104.2000
374,131104.2000
375,131104.2000
376,131104.2000
377,131104.2000
378,131104.2000
379,131104.2000
380,131104.2000
381,131104.2000
382,131104.2000
383,131104.2000
384,131104.2000
385,131104.2000
386,131104.2000
387,131104.2000
388,131104.2000
389,131104.2000
390,131104.2000
391,131104.2000
392,131104.2000
393,131104.2000
394,131104.2000
395,131104.2000
396,131104.2000
397,131104.2000
398,131104.2000
399,131104.2000
400,131104.2000
401,131104.2000
402,131104.2000
403,131104.2000
404,131104.2000
405,131104.2000
406,131104.2000
407,131104.2000
408,131104.2000
409,131104.2000
410,131104.2000
411,131104.2000
412,131104.2000
413,131104.2000
414,131104.2000
415,131104.2000
416,131104.2000
417,131104.2000
418,131104.2000
419,131104.2000
420,131104.2000
421,131104.2000
422,131104.2000
423,131104.2000
424,131104.2000
425,131104.2000
426,131104.2000
427,131104.2000
428,131104.2000
429,131104.2000
430,131104.2000
431,131104.2000
432,131104.2000
433,131104.2000
434,131104.2000
435,131104.2000
436,131104.2000
437,131104.2000
438,131104.2000
439,131104.2000
440,131104.2000
441,131104.2000
442,131104.2000
443,131104.2000
444,131104.2000
445,131104.2000
446,131104.2000
447,131104.2000
448,131104.2000
449,131104.2000
450,131104.2000
451,131104.2000
452,131104.2000
453,131104.2000
454,131104.2000
455,131104.2000
456,131104.2000
457,131104.2000
458,131104.2000
459,131104.2000
460,131104.2000
461,131104.2000
462,131104.2000
463,131104.2000
464,131104.2000
465,131104.2000
466,131104.2000
467,131104.2000
468,131104.2000
469,131104.2000
470,131104.2000
471,131104.2000
472,131104.2000
473,131104.2000
474,131104.2000
475,131104.2000
476,131104.2000
477,131104.2000
478,131104.2000
479,131104.2000
480,131104.2000
481,131104.2000
482,131104.2000
483,131104.2000
484,131104.2000
485,131104.2000
486,131104.2000
487,131104.2000
488,131104.2000
489,131104.2000
490,131104.2000
491,131104.2000
492,131104.2000
493,131104.2000
494,131104.2000
495,131104.2000
496,131104.2000
497,131104.2000
498,131104.2000
499,131104.2000
500,131104.2000
501,131104.2000
502,131104.2000
503,131104.2000
504,131104.2000
505,131104.2000
506,131104.2000
507,131104.2000
508,131104.2000
509,131104.2000
510,131104.2000
511,131104.2000
512,131104.2000
513,131104.2000
514,131104.2000
515,131104.2000
516,131104.2000
517,131104.2000
518,131104.2000
519,131104.2000
520,131104.2000
521,131104.2000
522,131104.2000
523,131104.2000
524,131104.2000
525,131104.2000
526,131104.2000
527,131104.2000
528,131104.2000
529,131104.2000
530,131104.2000
531,131104.2000
532,131104.2000
533,131104.2000
534,131104.2000
535,131104.2000
536,131104.2000
537,131104.2000
538,131104.2000
539,131104.2000
540,131104.2000
541,131104.2000
542,131104.2000
543,131104.2000
544,131104.2000
545,131104.2000
546,131104.2000
547,131104.2000
548,131104.2000
549,131104.2000
550,131104.2000
551,131104.2000
552,131104.2000
553,131104.2000
554,131104.2000
555,131104.2000
556,131104.2000
557,131104.2000
558,131104.2000
559,131104.2000
560,131104.2000
561,131104.2000
562,131104.2000
563,131104.2000
564,131104.2000
565,131104.2000
566,131104.2000
567,131104.2000
568,131104.2000
569,131104.2000
570,131104.2000
571,131104.2000
572,131104.2000
573,131104.2000
574,131104.2000
575,131104.2000
576,131104.2000
577,131104.2000
578,131104.2000
579,131104.2000
580,131104.2000
581,131104.2000
582,131104.2000
583,131104.2000
584,131104.2000
585,131104.2000
586,131104.2000
587,131104.2000
588,131104.2000
589,131104.2000
590,131104.2000
591,131104.2000
592,131104.2000
593,131104.2000
594,131104.2000
595,131104.2000
596,131104.2000
597,131104.2000
598,131104.2000
599,131104.2000
600,131104.2000
601,131104.2000
602,131104.2000
603,131104.2000
604,131104.2000
605,131104.2000
606,131104.2000
607,131104.2000
608,131104.2000
609,131104.2000
610,131104.2000
611,131104.2000
612,131104.2000
613,131104.2000
614,131104.2000
615,131104.2000
616,131104.2000
617,131104.2000
618,131104.2000
619,131104.2000
620,131104.2000
621,131104.2000
622,131104.2000
623,131104.2000
624,131104.2000
625,131104.2000
626,131104.2000
627,131104.2000
628,131104.2000
629,131104.2000
630,131104.2000
631,131104.2000
632,131104.2000
633,131104.2000
634,131104.2000
635,131104.2000
636,131104.2000
637,131104.2000
638,131104.2000
639,131104.2000
640,131104.2000
641,131104.2000
642,131104.2000
643,131104.2000
644,131104.2000
645,131104.2000
646,131104.2000
647,131104.2000
648,131104.2000
649,131104.2000
650,131104.2000
651,131104.2000
652,131104.2000
653,131104.2000
654,131104.2000
655,131104.2000
656,131104.2000
657,131104.2000
658,131104.2000
659,131104.2000
660,131104.2000
661,131104.2000
662,131104.2000
663,131104.2000
664,131104.2000
665,131104.2000
666,131104.2000
667,131104.2000
668,131104.2000
669,131104.2000
670,131104.2000
671,131104.2000
672,131104.2000
673,131104.2000
674,131104.2000
675,131104.2000
676,131104.2000
677,131104.2000
678,131104.2000
679,131104.2000
680,131104.2000
681,131104.2000
682,131104.2000
683,131104.2000
684,131104.2000
685,131104.2000
686,131104.2000
687,131104.2000
688,131104.2000
689,131104.2000
690,131104.2000
691,131104.2000
692,131104.2000
693,131104.2000
694,131104.2000
695,131104.2000
696,131104.2000
697,131104.2000
698,131104.2000
699,131104.2000
700,131104.2000
701,131104.2000
702,131104.2000
703,131104.2000
704,131104.2000
705,131104.2000
706,131104.2000
707,131104.2000
708,131104.2000
709,131104.2000
710,131104.2000
711,131104.2000
712,131104.2000
713,131104.2000
714,131104.2000
715,131104.2000
716,131104.2000
717,131104.2000
718,131104.2000
719,131104.2000
720,131104.2000
721,131104.2000
722,131104.2000
723,131104.2000
724,131104.2000
725,131104.2000
726,131104.2000
727,131104.2000
728,131104.2000
729,131104.2000
730,131104.2000
731,131104.2000
732,131104.2000
733,131104.2000
734,131104.2000
735,131104.2000
736,131104.2000
737,131104.2000
738,131104.2000
739,131104.2000
740,131104.2000
741,131104.2000
742,131104.2000
743,131104.2000
744,131104.2000
745,131104.2000
746,131104.2000
747,131104.2000
748,131104.2000
749,131104.2000
750,131104.2000
751,131104.2000
752,131104.2000
753,131104.2000
754,131104.2000
755,131104.2000
756,131104.2000
757,131104.2000
758,131104.2000
759,131104.2000
760,131104.2000
761,131104.2000
762,131104.2000
763,131104.2000
764,131104.2000
765,131104.2000
766,131104.2000
767,131104.2000
768,131104.2000
769,131104.2000
770,131104.2000
771,131104.2000
772,131104.2000
773,131104.2000
774,131104.2000
775,131104.2000
776,131104.2000
777,131104.2000
778,131104.2000
779,131104.2000
780,131104.2000
781,131104.2000
782,131104.2000
783,131104.2000
784,131104.2000
785,131104.2000
786,131104.2000
787,131104.2000
788,131104.2000
789,131104.2000
790,131104.2000
791,131104.2000
792,131104.2000
793,131104.2000
794,131104.2000
795,131104.2000
796,131104.2000
797,131104.2000
798,131104.2000
799,131104.2000
800,131104.2000
801,131104.2000
802,131104.2000
803,131104.2000
804,131104.2000
805,131104.2000
806,131104.2000
807,131104.2000
808,131104.2000
809,131104.2000
810,131104.2000
811,131104.2000
812,131104.2000
813,131104.2000
814,131104.2000
815,131104.2000
816,131104.2000
817,131104.2000
818,131104.2000
819,131104.2000
820,131104.2000
821,131104.2000
822,131104.2000
823,131104.2000
824,131104.2000
825,131104.2000
826,131104.2000
827,131104.2000
828,131104.2000
829,131104.2000
830,131104.2000
831,131104.2000
832,131104.2000
833,131104.2000
834,131104.2000
835,131104.2000
836,131104.2000
837,131104.2000
838,131104.2000
839,131104.2000
840,131104.2000
841,131104.2000
842,131104.2000
843,131104.2000
844,131104.2000
845,131104.2000
846,131104.2000
847,131104.2000
848,131104.2000
849,131104.2000
850,131104.2000
851,131104.2000
852,131104.2000
853,131104.2000
854,131104.2000
855,131104.2000
856,131104.2000
857,131104.2000
858,131104.2000
859,131104.2000
860,131104.2000
861,131104.2000
862,131104.2000
863,131104.2000
864,131104.2000
865,131104.2000
866,131104.2000
867,131104.2000
868,131104.2000
869,131104.2000
870,131104.2000
871,131104.2000
872,131104.2000
873,131104.2000
874,131104.2000
875,131104.2000
876,131104.2000
877,131104.2000
878,131104.2000
879,131104.2000
880,131104.2000
881,131104.2000
882,131104.2000
883,131104.2000
884,131104.2000
885,131104.2000
886,131104.2000
887,131104.2000
888,131104.2000
889,131104.2000
890,131104.2000
891,131104.2000
892,131104.2000
893,131104.2000
894,131104.2000
895,131104.2000
896,131104.2000
897,131104.2000
898,131104.2000
899,131104.2000
900,131104.2000
901,131104.2000
902,131104.2000
903,131104.2000
904,131104.2000
905,131104.2000
906,131104.2000
907,131104.2000
908,131104.2000
909,131104.2000
910,131104.2000
911,131104.2000
912,131104.2000
913,131104.2000
914,131104.2000
915,131104.2000
916,131104.2000
917,131104.2000
918,131104.2000
919,131104.2000
920,131104.2000
921,131104.2000
922,131104.2000
923,131104.2000
924,131104.2000
925,131104.2000
926,131104.2000
927,131104.2000
928,131104.2000
929,131104.2000
930,131104.2000
931,131104.2000
932,131104.2000
933,131104.2000
934,131104.2000
935,131104.2000
936,131104.2000
937,131104.2000
938,131104.2000
939,131104.2000
940,131104.2000
941,131104.2000
942,131104.2000
943,131104.2000
944,131104.2000
945,131104.2000
946,131104.2000
947,131104.2000
948,131104.2000
949,131104.2000
950,131104.2000
951,131104.2000
952,131104.2000
953,131104.2000
954,131104.2000
955,131104.2000
956,131104.2000
957,131104.2000
958,131104.2000
959,131104.2000
960,131104.2000
961,131104.2000
962,131104.2000
963,131104.2000
964,131104.2000
965,131104.2000
966,131104.2000
967,131104.2000
968,131104.2000
969,131104.2000
970,131104.2000
971,131104.2000
972,131104.2000
973,131104.2000
974,131104.2000
975,131104.2000
976,131104.2000
977,131104.2000
978,131104.2000
979,131104.2000
980,131104.2000
981,131104.2000
982,131104.2000
983,131104.2000
984,131104.2000
985,131104.2000
986,131104.2000
987,131104.2000
988,131104.2000
989,131104.2000
990,131104.2000
991,131104.2000
992,131104.2000
993,131104.2000
994,131104.2000
995,131104.2000
996,131104.2000
997,131104.2000
998,131104.2000
999,131104.2000
1000,131104.2000
1001,131104.2000
1002,131104.2000
1003,131104.2000
1004,131104.2000
1005,131104.2000
1006,131104.2000
1007,131104.2000
1008,131104.2000
1009,131104.2000
1010,131104.2000
1011,131104.2000
1012,131104.2000
1013,131104.2000
1014,131104.2000
1015,131104.2000
1016,131104.2000
1017,131104.2000
1018,131104.2000
1019,131104.2000
1020,131104.2000
1021,131104.2000
1022,131104.2000
1023,131104.2000
1024,131104.2000
1025,131104.2000
1026,131104.2000
1027,131104.2000
1028,131104.2000
1029,131104.2000
1030,131104.2000
1031,131104.2000
1032,131104.2000
1033,131104.2000
1034,131104.2000
1035,131104.2000
1036,131104.2000
1037,131104.2000
1038,131104.2000
1039,131104.2000
1040,131104.2000
1041,131104.2000
1042,131104.2000
1043,131104.2000
1044,131104.2000
1045,131104.2000
1046,131104.2000
1047,131104.2000
1048,131104.2000
1049,131104.2000
1050,131104.2000
1051,131104.2000
1052,131104.2000
1053,131104.2000
1054,131104.2000
1055,131104.2000
1056,131104.2000
1057,131104.2000
1058,131104.2000
1059,131104.2000
1060,131104.2000
1061,131104.2000
1062,131104.2000
1063,131104.2000
1064,131104.2000
1065,131104.2000
1066,131104.2000
1067,131104.2000
1068,131104.2000
1069,131104.2000
1070,131104.2000
1071,131104.2000
1072,131104.2000
1073,131104.2000
1074,131104.2000
1075,131104.2000
1076,131104.2000
1077,131104.2000
1078,131104.2000
1079,131104.2000
1080,131104.2000
1081,131104.2000
1082,131104.2000
1083,131104.2000
1084,131104.2000
1085,131104.2000
1086,131104.2000
1087,131104.2000
1088,131104.2000
1089,131104.2000
1090,131104.2000
1091,131104.2000
1092,131104.2000
1093,131104.2000
1094,131104.2000
1095,131104.2000
1096,131104.2000
1097,131104.2000
1098,131104.2000
1099,131104.2000
1100,131104.2000
1101,131104.2000
1102,131104.2000
1103,131104.2000
1104,131104.2000
1105,131104.2000
1106,131104.2000
1107,131104.2000
1108,131104.2000
1109,131104.2000
1110,131104.2000
1111,131104.2000
1112,131104.2000
1113,131104.2000
1114,131104.2000
1115,131104.2000
1116,131104.2000
1117,131104.2000
1118,131104.2000
1119,131104.2000
1120,131104.2000
1121,131104.2000
1122,131104.2000
1123,131104.2000
1124,131104.2000
1125,131104.2000
1126,131104.2000
1127,131104.2000
1128,131104.2000
1129,131104.2000
1130,131104.2000
1131,131104.2000
1132,131104.2000
1133,131104.2000
1134,131104.2000
1135,131104.2000
1136,131104.2000
1137,131104.2000
1138,131104.2000
1139,131104.2000
1140,131104.2000
1141,131104.2000
1142,131104.2000
1143,131104.2000
1144,131104.2000
1145,131104.2000
1146,131104.2000
1147,131104.2000
1148,130481.7000
1149,130481.7000
1150,130481.7000
1151,130481.7000
1152,130481.7000
1153,130481.7000
1154,130481.7000
1155,130481.7000
1156,130481.7000
1157,130481.7000
1158,130481.7000
1159,130481.7000
1160,130481.7000
1161,130481.7000
1162,130481.7000
1163,130481.7000
1164,130481.7000
1165,130481.7000
1166,130481.7000
1167,130481.7000
1168,130481.7000
1169,130481.7000
1170,130481.7000
1171,130481.7000
1172,130481.7000
1173,130481.7000
1174,130481.7000
1175,130481.7000
1176,130481.7000
1177,130481.7000
1178,130481.7000
1179,130481.7000
1180,130481.7000
1181,130481.7000
1182,130481.7000
1183,130481.7000
1184,130481.7000
1185,130481.7000
1186,130481.7000
1187,130481.7000
1188,130481.7000
1189,130481.7000
1190,130481.7000
1191,130481.7000
1192,130481.7000
1193,130481.7000
1194,130481.7000
1195,130481.7000
1196,130481.7000
1197,130481.7000
1198,130481.7000
1199,130481.7000
1200,130481.7000
1201,130481.7000
1202,130481.7000
1203,130481.7000
1204,130481.7000
1205,130481.7000
1206,130481.7000
1207,130481.7000
1208,130481.7000
1209,130481.7000
1210,130481.7000
1211,130481.7000
1212,130481.7000
1213,130481.7000
1214,130481.7000
1215,130481.7000
1216,130481.7000
1217,130481.7000
1218,130481.7000
1219,130481.7000
1220,130481.7000
1221,130481.7000
1222,130481.7000
1223,130481.7000
1224,130481.7000
1225,130481.7000
1226,130481.7000
1227,130481.7000
1228,130481.7000
1229,130481.7000
1230,130481.7000
1231,130481.7000
1232,130481.7000
1233,130481.7000
1234,130481.7000
1235,130481.7000
1236,130481.7000
1237,130481.7000
1238,130481.7000
1239,130481.7000
1240,130481.7000
1241,130481.7000
1242,130481.7000
1243,130481.7000
1244,130481.7000
1245,130481.7000
1246,130481.7000
1247,130481.7000
1248,130481.7000
1249,130481.7000
1250,130481.7000
1251,130481.7000
1252,130481.7000
1253,130481.7000
1254,130481.7000
1255,130481.7000
1256,130481.7000
1257,130481.7000
1258,130481.7000
1259,130481.7000
1260,130481.7000
1261,130481.7000
1262,130481.7000
1263,130481.7000
1264,130481.7000
1265,130481.7000
1266,130481.7000
1267,130481.7000
1268,130481.7000
1269,130481.7000
1270,130481.7000
1271,130481.7000
1272,130481.7000
1273,130481.7000
1274,130481.7000
1275,130481.7000
1276,130481.7000
1277,130481.7000
1278,130481.7000
1279,130481.7000
1280,130481.7000
1281,130481.7000
1282,130481.7000
1283,130481.7000
1284,130481.7000
1285,130481.7000
1286,130481.7000
1287,130481.7000
1288,130481.7000
1289,130481.7000
1290,130481.7000
1291,130481.7000
1292,130481.7000
1293,130481.7000
1294,130481.7000
1295,130481.7000
1296,130481.7000
1297,130481.7000
1298,130481.7000
1299,130481.7000
1300,130481.7000
1301,130481.7000
1302,130481.7000
1303,130481.7000
1304,130481.7000
1305,130481.7000
1306,130481.7000
1307,130481.7000
1308,130481.7000
1309,130481.7000
1310,130481.7000
1311,130481.7000
1312,130481.7000
1313,130481.7000
1314,130481.7000
1315,130481.7000
1316,130481.7000
1317,130481.7000
1318,130481.7000
1319,130481.7000
1320,130481.7000
1321,130481.7000
1322,130481.7000
1323,130481.7000
1324,130481.7000
1325,130481.7000
1326,130481.7000
1327,130481.7000
1328,130481.7000
1329,130481.7000
1330,130481.7000
1331,130481.7000
1332,130481.7000
1333,130481.7000
1334,130481.7000
1335,130481.7000
1336,130481.7000
1337,130481.7000
1338,130481.7000
1339,130481.7000
1340,130481.7000
1341,130481.7000
1342,130481.7000
1343,130481.7000
1344,130481.7000
1345,130481.7000
1346,130481.7000
1347,130481.7000
1348,130481.7000
1349,130481.7000
1350,130481.7000
1351,130481.7000
1352,130481.7000
1353,130481.7000
1354,130481.7000
1355,130481.7000
1356,130481.7000
1357,130481.7000
1358,130481.7000
1359,130481.7000
1360,130481.7000
1361,130481.7000
1362,130481.7000
1363,130481.7000
1364,130481.7000
1365,130481.7000
1366,130481.7000
1367,130481.7000
1368,130481.7000
1369,130481.7000
1370,130481.7000
1371,130481.7000
1372,130481.7000
1373,130481.7000
1374,130481.7000
1375,130481.7000
1376,130481.7000
1377,130481.7000
1378,130481.7000
1379,130481.7000
1380,130481.7000
1381,130481.7000
1382,130481.7000
1383,130481.7000
1384,130481.7000
1385,130481.7000
1386,130481.7000
1387,130481.7000
1388,130481.7000
1389,130481.7000
1390,130481.7000
1391,130481.7000
1392,130481.7000
1393,130481.7000
1394,130481.7000
1395,130481.7000
1396,130481.7000
1397,130481.7000
1398,130481.7000
1399,130481.7000
1400,130481.7000
1401,130481.7000
1402,130481.7000
1403,130481.7000
1404,130481.7000
1405,130481.7000
1406,130481.7000
1407,130481.7000
1408,130481.7000
1409,130481.7000
1410,130481.7000
1411,130481.7000
1412,130481.7000
1413,130481.7000
1414,130481.7000
1415,130481.7000
1416,130481.7000
1417,130481.7000
1418,130481.7000
1419,130481.7000
1420,130481.7000
1421,130481.7000
1422,130481.7000
1423,130481.7000
1424,130481.7000
1425,130481.7000
1426,130481.7000
1427,130481.7000
1428,130481.7000
1429,130481.7000
1430,130481.7000
1431,130481.7000
1432,130481.7000
1433,130481.7000
1434,130481.7000
1435,130481.7000
1436,130481.7000
1437,130481.7000
1438,130481.7000
1439,130481.7000
1440,130481.7000
1441,130481.7000
1442,130481.7000
1443,130481.7000
1444,130481.7000
1445,130481.7000
1446,130481.7000
1447,130481.7000
1448,130481.7000
1449,130481.7000
1450,130481.7000
1451,130481.7000
1452,130481.7000
1453,130481.7000
1454,130481.7000
1455,130481.7000
1456,130481.7000
1457,130481.7000
1458,130481.7000
1459,130481.7000
1460,130481.7000
1461,130481.7000
1462,130481.7000
1463,130481.7000
1464,130481.7000
1465,130481.7000
1466,130481.7000
1467,130481.7000
1468,130481.7000
1469,130481.7000
1470,130481.7000
1471,130481.7000
1472,130481.7000
1473,130481.7000
1474,130481.7000
1475,130481.7000
1476,130481.7000
1477,130481.7000
1478,130481.7000
1479,130481.7000
1480,130481.7000
1481,130481.7000
1482,130481.7000
1483,130481.7000
1484,130481.7000
1485,130481.7000
1486,130481.7000
1487,130481.7000
1488,130481.7000
1489,130481.7000
1490,130481.7000
1491,130481.7000
1492,130481.7000
1493,130481.7000
1494,130481.7000
1495,130481.7000
1496,130481.7000
1497,130481.7000
1498,130481.7000
1499,130481.7000
1500,130481.7000
1501,130481.7000
1502,130481.7000
1503,130481.7000
1504,130481.7000
1505,130481.7000
1506,130481.7000
1507,130481.7000
1508,130481.7000
1509,130481.7000
1510,130481.7000
1511,130481.7000
1512,130481.7000
1513,130481.7000
1514,130481.7000
1515,130481.7000
1516,130481.7000
1517,130481.7000
1518,130481.7000
1519,130481.7000
1520,130481.7000
1521,130481.7000
1522,130481.7000
1523,130481.7000
1524,130481.7000
1525,130481.7000
1526,130481.7000
1527,130481.7000
1528,130481.7000
1529,130481.7000
1530,130481.7000
1531,130481.7000
1532,130481.7000
1533,130481.7000
1534,130481.7000
1535,130481.7000
1536,130481.7000
1537,130481.7000
1538,130481.7000
1539,130481.7000
1540,130481.7000
1541,130481.7000
1542,130481.7000
1543,130481.7000
1544,130481.7000
1545,130481.7000
1546,130481.7000
1547,130481.7000
1548,130481.7000
1549,130481.7000
1550,130481.7000
1551,130481.7000
1552,130481.7000
1553,130481.7000
1554,130481.7000
1555,130481.7000
1556,130481.7000
1557,130481.7000
1558,130481.7000
1559,130481.7000
1560,130481.7000
1561,130481.7000
1562,130481.7000
1563,130481.7000
1564,130481.7000
1565,130481.7000
1566,130481.7000
1567,130481.7000
1568,130481.7000
1569,130481.7000
1570,130481.7000
1571,130481.7000
1572,130481.7000
1573,130481.7000
1574,130481.7000
1575,130481.7000
1576,130481.7000
1577,130481.7000
1578,130481.7000
1579,130481.7000
1580,130481.7000
1581,130481.7000
1582,130481.7000
1583,130481.7000
1584,130481.7000
1585,130481.7000
1586,130481.7000
1587,130481.7000
1588,130481.7000
1589,130481.7000
1590,130481.7000
1591,130481.7000
1592,130481.7000
1593,130481.7000
1594,130481.7000
1595,130481.7000
1596,130481.7000
1597,130481.7000
1598,130481.7000
1599,130481.7000
1600,130481.7000
1601,130481.7000
1602,130481.7000
1603,130481.7000
1604,130481.7000
1605,130481.7000
1606,130481.7000
1607,130481.7000
1608,130481.7000
1609,130481.7000
1610,130481.7000
1611,130481.7000
1612,130481.7000
1613,130481.7000
1614,130481.7000
1615,130481.7000
1616,130481.7000
1617,130481.7000
1618,130481.7000
1619,130481.7000
1620,130481.7000
1621,130481.7000
1622,130481.7000
1623,130481.7000
1624,130481.7000
1625,130481.7000
1626,130481.7000
1627,130481.7000
1628,130481.7000
1629,130481.7000
1630,130481.7000
1631,130481.7000
1632,130481.7000
1633,130481.7000
1634,130481.7000
1635,130481.7000
1636,130481.7000
1637,130481.7000
1638,130481.7000
1639,130481.7000
1640,130481.7000
1641,130481.7000
1642,130481.7000
1643,130481.7000
1644,130481.7000
1645,130481.7000
1646,130481.7000
1647,130481.7000
1648,130481.7000
1649,130481.7000
1650,130481.7000
1651,130481.7000
1652,130481.7000
1653,130481.7000
1654,130481.7000
1655,130481.7000
1656,130481.7000
1657,130481.7000
1658,130481.7000
1659,130481.7000
1660,130481.7000
1661,130481.7000
1662,130481.7000
1663,130481.7000
1664,130481.7000
1665,130481.7000
1666,130481.7000
1667,130481.7000
1668,130481.7000
1669,130481.7000
1670,130481.7000
1671,130481.7000
1672,130481.7000
1673,130481.7000
1674,130481.7000
1675,130481.7000
1676,130481.7000
1677,130481.7000
1678,130481.7000
1679,130481.7000
1680,130481.7000
1681,130481.7000
1682,130481.7000
1683,130481.7000
1684,130481.7000
1685,130481.7000
1686,130481.7000
1687,130481.7000
1688,130481.7000
1689,130481.7000
1690,130481.7000
1691,130481.7000
1692,130481.7000
1693,130481.7000
1694,130481.7000
1695,130481.7000
1696,130481.7000
1697,130481.7000
1698,130481.7000
1699,130481.7000
1700,130481.7000
1701,130481.7000
1702,130481.7000
1703,130481.7000
1704,130481.7000
1705,130481.7000
1706,130481.7000
1707,130481.7000
1708,130481.7000
1709,130481.7000
1710,130481.7000
1711,130481.7000
1712,130481.7000
1713,130481.7000
1714,130481.7000
1715,130481.7000
1716,130481.7000
1717,130481.7000
1718,130481.7000
1719,130481.7000
1720,130481.7000
1721,130481.7000
1722,130481.7000
1723,130481.7000
1724,130481.7000
1725,130481.7000
1726,130481.7000
1727,130481.7000
1728,130481.7000
1729,130481.7000
1730,130481.7000
1731,130481.7000
1732,130481.7000
1733,130481.7000
1734,130481.7000
1735,130481.7000
1736,130481.7000
1737,130481.7000
1738,130481.7000
1739,130481.7000
1740,130481.7000
1741,130481.7000
1742,130481.7000
1743,130481.7000
1744,130481.7000
1745,130481.7000
1746,130481.7000
1747,130481.7000
1748,130481.7000
1749,130481.7000
1750,130481.7000
1751,130481.7000
1752,130481.7000
1753,130481.7000
1754,130481.7000
1755,130481.7000
1756,130481.7000
1757,130481.7000
1758,130481.7000
1759,130481.7000
1760,130481.7000
1761,130481.7000
1762,130481.7000
1763,130481.7000
1764,130481.7000
1765,130481.7000
1766,130481.7000
1767,130481.7000
1768,130481.7000
1769,130481.7000
1770,130481.7000
1771,130481.7000
1772,130481.7000
1773,130481.7000
1774,130481.7000
1775,130481.7000
1776,130481.7000
1777,130481.7000
1778,130481.7000
1779,130481.7000
1780,130481.7000
1781,130481.7000
1782,130481.7000
1783,130481.7000
1784,130481.7000
1785,130481.7000
1786,130481.7000
1787,130481.7000
1788,130481.7000
1789,130481.7000
1790,130481.7000
1791,130481.7000
1792,130481.7000
1793,130481.7000
1794,130481.7000
1795,130481.7000
1796,130481.7000
1797,130481.7000
1798,130481.7000
1799,130481.7000
1800,130481.7000
1801,130481.7000
1802,130481.7000
1803,130481.7000
1804,130481.7000
1805,130481.7000
1806,130481.7000
1807,130481.7000
1808,130481.7000
1809,130481.7000
1810,130481.7000
1811,130481.7000
1812,130481.7000
1813,130481.7000
1814,130481.7000
1815,130481.7000
1816,130481.7000
1817,130481.7000
1818,130481.7000
1819,130481.7000
1820,130481.7000
1821,130481.7000
1822,130481.7000
1823,130481.7000
1824,130481.7000
1825,130481.7000
1826,130481.7000
1827,130481.7000
1828,130481.7000
1829,130481.7000
1830,130481.7000
1831,130481.7000
1832,130481.7000
1833,130481.7000
1834,130481.7000
1835,130481.7000
1836,130481.7000
1837,130481.7000
1838,130481.7000
1839,130481.7000
1840,130481.7000
1841,130481.7000
1842,130481.7000
1843,130481.7000
1844,130481.7000
1845,130481.7000
1846,130481.7000
1847,130481.7000
1848,130481.7000
1849,130481.7000
1850,130481.7000
1851,130481.7000
1852,130481.7000
1853,130481.7000
1854,130481.7000
1855,130481.7000
1856,130481.7000
1857,130481.7000
1858,130481.7000
1859,130481.7000
1860,130481.7000
1861,130481.7000
1862,130481.7000
1863,130481.7000
1864,130481.7000
1865,130481.7000
1866,130481.7000
1867,130481.7000
1868,130481.7000
1869,130481.7000
1870,130481.7000
1871,130481.7000
1872,130481.7000
1873,130481.7000
1874,130481.7000
1875,130481.7000
1876,130481.7000
1877,130481.7000
1878,130481.7000
1879,130481.7000
1880,130481.7000
1881,130481.7000
1882,130481.7000
1883,130481.7000
1884,130481.7000
1885,130481.7000
1886,130481.7000
1887,130481.7000
1888,130481.7000
1889,130481.7000
1890,130481.7000
1891,130481.7000
1892,130481.7000
1893,130481.7000
1894,130481.7000
1895,130481.7000
1896,130481.7000
1897,130481.7000
1898,130481.7000
1899,130481.7000
1900,130481.7000
1901,130481.7000
1902,130481.7000
1903,130481.7000
1904,130481.7000
1905,130481.7000
1906,130481.7000
1907,130481.7000
1908,130481.7000
1909,130481.7000
1910,130481.7000
1911,130481.7000
1912,130481.7000
1913,130481.7000
1914,130481.7000
1915,130481.7000
1916,130481.7000
1917,130481.7000
1918,130481.7000
1919,130481.7000
1920,130481.7000
1921,130481.7000
1922,130481.7000
1923,130481.7000
1924,130481.7000
1925,130481.7000
1926,130481.7000
1927,130481.7000
1928,130481.7000
1929,130481.7000
1930,130481.7000
1931,130481.7000
1932,130481.7000
1933,130481.7000
1934,130481.7000
1935,130481.7000
1936,130481.7000
1937,130481.7000
1938,130481.7000
1939,130481.7000
1940,130481.7000
1941,130481.7000
1942,130481.7000
1943,130481.7000
1944,130481.7000
1945,130481.7000
1946,130481.7000
1947,130481.7000
1948,130481.7000
1949,130481.7000
1950,130481.7000
1951,130481.7000
1952,130481.7000
1953,130481.7000
1954,130481.7000
1955,130481.7000
1956,130481.7000
1957,130481.7000
1958,130481.7000
1959,130481.7000
1960,130481.7000
1961,130481.7000
1962,130481.7000
1963,130481.7000
1964,130481.7000
1965,130481.7000
1966,130481.7000
1967,130481.7000
1968,130481.7000
1969,130481.7000
1970,130481.7000
1971,130481.7000
1972,130481.7000
1973,130481.7000
1974,130481.7000
1975,130481.7000
1976,130481.7000
1977,130481.7000
1978,130481.7000
1979,130481.7000
1980,130481.7000
1981,130481.7000
1982,130481.7000
1983,130481.7000
1984,130481.7000
1985,130481.7000
1986,130481.7000
1987,130481.7000
1988,130481.7000
1989,130481.7000
1990,130481.7000
1991,130481.7000
1992,130481.7000
1993,130481.7000
1994,130481.7000
1995,130481.7000
1996,130481.7000
1997,130481.7000
1998,130481.7000
1999,130481.7000
2000,130481.7000
2001,130481.7000
2002,130481.7000
2003,130481.7000
2004,130481.7000
2005,130481.7000
2006,130481.7000
2007,130481.7000
2008,130481.7000
2009,130481.7000
2010,130481.7000
2011,130481.7000
2012,130481.7000
2013,130481.7000
2014,130481.7000
2015,130481.7000
2016,130481.7000
2017,130481.7000
2018,130481.7000
2019,130481.7000
2020,130481.7000
2021,130481.7000
2022,130481.7000
2023,130481.7000
2024,130481.7000
2025,130481.7000
2026,130481.7000
2027,130481.7000
2028,130481.7000
2029,130481.7000
2030,130481.7000
2031,130481.7000
2032,130481.7000
2033,130481.7000
2034,130481.7000
2035,130481.7000
2036,130481.7000
2037,130481.7000
2038,130481.7000
2039,130481.7000
2040,130481.7000
2041,130481.7000
2042,130481.7000
2043,130481.7000
2044,130481.7000
2045,130481.7000
2046,130481.7000
2047,130481.7000
2048,130481.7000
2049,130481.7000
2050,130481.7000
2051,130481.7000
2052,130481.7000
2053,130481.7000
2054,130481.7000
2055,130481.7000
2056,130481.7000
2057,130481.7000
2058,130481.7000
2059,130481.7000
2060,130481.7000
2061,130481.7000
2062,130481.7000
2063,130481.7000
2064,130481.7000
2065,130481.7000
2066,130481.7000
2067,130481.7000
2068,130481.7000
2069,130481.7000
2070,130481.7000
2071,130481.7000
2072,130481.7000
2073,130481.7000
2074,130481.7000
2075,130481.7000
2076,130481.7000
2077,130481.7000
2078,130481.7000
2079,130481.7000
2080,130481.7000
2081,130481.7000
2082,130481.7000
2083,130481.7000
2084,130481.7000
2085,130481.7000
2086,130481.7000
2087,130481.7000
2088,130481.7000
2089,130481.7000
2090,130481.7000
2091,130481.7000
2092,130481.7000
2093,130481.7000
2094,130481.7000
2095,130481.7000
2096,130481.7000
2097,130481.7000
2098,130481.7000
2099,130481.7000
2100,130481.7000
2101,130481.7000
2102,130481.7000
2103,130481.7000
2104,130481.7000
2105,130481.7000
2106,130481.7000
2107,130481.7000
2108,130481.7000
2109,130481.7000
2110,130481.7000
2111,130481.7000
2112,130481.7000
2113,130481.7000
2114,130481.7000
2115,130481.7000
2116,130481.7000
2117,130481.7000
2118,130481.7000
2119,130481.7000
2120,130481.7000
2121,130481.7000
2122,130481.7000
2123,130481.7000
2124,130481.7000
2125,130481.7000
2126,130481.7000
2127,130481.7000
2128,130481.7000
2129,130481.7000
2130,130481.7000
2131,130481.7000
2132,130481.7000
2133,130481.7000
2134,130481.7000
2135,130481.7000
2136,130481.7000
2137,130481.7000
2138,130481.7000
2139,130481.7000
2140,130481.7000
2141,130481.7000
2142,130481.7000
2143,130481.7000
2144,130481.7000
2145,130481.7000
2146,130481.7000
2147,130481.7000
2148,130481.7000
2149,130481.7000
2150,130481.7000
2151,130481.7000
2152,130481.7000
2153,130481.7000
2154,130481.7000
2155,130481.7000
2156,130481.7000
2157,130481.7000
2158,130481.7000
2159,130481.7000
2160,130481.7000
2161,130481.7000
2162,130481.7000
2163,130481.7000
2164,130481.7000
2165,130481.7000
2166,130481.7000
2167,130481.7000
2168,130481.7000
2169,130481.7000
2170,130481.7000
2171,130481.7000
2172,130481.7000
2173,130481.7000
2174,130481.7000
2175,130481.7000
2176,130481.7000
2177,130481.7000
2178,130481.7000
2179,130481.7000
2180,130481.7000
2181,130481.7000
2182,130481.7000
2183,130481.7000
2184,130481.7000
2185,130481.7000
2186,130481.7000
2187,130481.7000
2188,130481.7000
2189,130481.7000
2190,130481.7000
2191,130481.7000
2192,130481.7000
2193,130481.7000
2194,130481.7000
2195,130481.7000
2196,130481.7000
2197,130481.7000
2198,130481.7000
2199,130481.7000
2200,130481.7000
2201,130481.7000
2202,130481.7000
2203,130481.7000
2204,130481.7000
2205,130481.7000
2206,130481.7000
2207,130481.7000
2208,130481.7000
2209,130481.7000
2210,130481.7000
2211,130481.7000
2212,130481.7000
2213,130481.7000
2214,130481.7000
2215,130481.7000
2216,130481.7000
2217,130481.7000
2218,130481.7000
2219,130481.7000
2220,130481.7000
2221,130481.7000
2222,130481.7000
2223,130481.7000
2224,130481.7000
2225,130481.7000
2226,130481.7000
2227,130481.7000
2228,130481.7000
2229,130481.7000
2230,130481.7000
2231,130481.7000
2232,130481.7000
2233,130481.7000
2234,130481.7000
2235,130481.7000
2236,130481.7000
2237,130481.7000
2238,130481.7000
2239,130481.7000
2240,130481.7000
2241,130481.7000
2242,130481.7000
2243,130481.7000
2244,130481.7000
2245,130481.7000
2246,130481.7000
2247,130481.7000
2248,130481.7000
2249,130481.7000
2250,130481.7000
2251,130481.7000
2252,130481.7000
2253,130481.7000
2254,130481.7000
2255,130481.7000
2256,130481.7000
2257,130481.7000
2258,130481.7000
2259,130481.7000
2260,130481.7000
2261,130481.7000
2262,130481.7000
2263,130481.7000
2264,130481.7000
2265,130481.7000
2266,130481.7000
2267,130481.7000
2268,130481.7000
2269,130481.7000
2270,130481.7000
2271,130481.7000
2272,130481.7000
2273,130481.7000
2274,130481.7000
2275,130481.7000
2276,130481.7000
2277,130481.7000
2278,130481.7000
2279,130481.7000
2280,130481.7000
2281,130481.7000
2282,130481.7000
2283,130481.7000
2284,130481.7000
2285,130481.7000
2286,130481.7000
2287,130481.7000
2288,130481.7000
2289,130481.7000
2290,130481.7000
2291,130481.7000
2292,130481.7000
2293,130481.7000
2294,130481.7000
2295,130481.7000
2296,130481.7000
2297,130481.7000
2298,130481.7000
2299,130481.7000
2300,130481.7000
2301,130481.7000
2302,130481.7000
2303,130481.7000
2304,130481.7000
2305,130481.7000
2306,130481.7000
2307,130481.7000
2308,130481.7000
2309,130481.7000
2310,130481.7000
2311,130481.7000
2312,130481.7000
2313,130481.7000
2314,130481.7000
2315,130481.7000
2316,130481.7000
2317,130481.7000
2318,130481.7000
2319,130481.7000
2320,130481.7000
2321,130481.7000
2322,130481.7000
2323,130481.7000
2324,130481.7000
2325,130481.7000
2326,130481.7000
2327,130481.7000
2328,130481.7000
2329,130481.7000
2330,130481.7000
2331,130481.7000
2332,130481.7000
2333,130481.7000
2334,130481.7000
2335,130481.7000
2336,130481.7000
2337,130481.7000
2338,130481.7000
2339,130481.7000
2340,130481.7000
2341,130481.7000
2342,130481.7000
2343,130481.7000
2344,130481.7000
2345,130481.7000
2346,130481.7000
2347,130481.7000
2348,130481.7000
2349,130481.7000
2350,130481.7000
2351,130481.7000
2352,130481.7000
2353,130481.7000
2354,130481.7000
2355,130481.7000
2356,130481.7000
2357,130481.7000
2358,130481.7000
2359,130481.7000
2360,130481.7000
2361,130481.7000
2362,130481.7000
2363,130481.7000
2364,130481.7000
2365,130481.7000
2366,130481.7000
2367,130481.7000
2368,130481.7000
2369,130481.7000
2370,130481.7000
2371,130481.7000
2372,130481.7000
2373,130481.7000
2374,130481.7000
2375,130481.7000
2376,130481.7000
2377,130481.7000
2378,130481.7000
2379,130481.7000
2380,130481.7000
2381,130481.7000
2382,130481.7000
2383,130481.7000
2384,130481.7000
2385,130481.7000
2386,130481.7000
2387,130481.7000
2388,130481.7000
2389,130481.7000
2390,130481.7000
2391,130481.7000
2392,130481.7000
2393,130481.7000
2394,130481.7000
2395,130481.7000
2396,130481.7000
2397,130481.7000
2398,130481.7000
2399,130481.7000
2400,130481.7000
2401,130481.7000
2402,130481.7000
2403,130481.7000
2404,130481.7000
2405,130481.7000
2406,130481.7000
2407,130481.7000
2408,130481.7000
2409,130481.7000
2410,130481.7000
2411,130481.7000
2412,130481.7000
2413,130481.7000
2414,130481.7000
2415,130481.7000
2416,130481.7000
2417,130481.7000
2418,130481.7000
2419,130481.7000
2420,130481.7000
2421,130481.7000
2422,130481.7000
2423,130481.7000
2424,130481.7000
2425,130481.7000
2426,130481.7000
2427,130481.7000
2428,130481.7000
2429,130481.7000
2430,130481.7000
2431,130481.7000
2432,130481.7000
2433,130481.7000
2434,130481.7000
2435,130481.7000
2436,130481.7000
2437,130481.7000
2438,130481.7000
2439,130481.7000
2440,130481.7000
2441,130481.7000
2442,130481.7000
2443,130481.7000
2444,130481.7000
2445,130481.7000
2446,130481.7000
2447,130481.7000
2448,130481.7000
2449,130481.7000
2450,130481.7000
2451,130481.7000
2452,130481.7000
2453,130481.7000
2454,130481.7000
2455,130481.7000
2456,130481.7000
2457,130481.7000
2458,130481.7000
2459,130481.7000
2460,130481.7000
2461,130481.7000
2462,130481.7000
2463,130481.7000
2464,130481.7000
2465,130481.7000
2466,130481.7000
2467,130481.7000
2468,130481.7000
2469,130481.7000
2470,130481.7000
2471,130481.7000
2472,130481.7000
2473,130481.7000
2474,130481.7000
2475,130481.7000
2476,130481.7000
2477,130481.7000
2478,130481.7000
2479,130481.7000
2480,130481.7000
2481,130481.7000
2482,130481.7000
2483,130481.7000
2484,130481.7000
2485,130481.7000
2486,130481.7000
2487,130481.7000
2488,130481.7000
2489,130481.7000
2490,130481.7000
2491,130481.7000
2492,130481.7000
2493,130481.7000
2494,130481.7000
2495,130481.7000
2496,130481.7000
2497,130481.7000
2498,130481.7000
2499,130481.7000
2500,130481.7000
2501,130481.7000
2502,130481.7000
2503,130481.7000
2504,130481.7000
2505,130481.7000
2506,130481.7000
2507,130481.7000
2508,130481.7000
2509,130481.7000
2510,130481.7000
2511,130481.7000
2512,130481.7000
2513,130481.7000
2514,130481.7000
2515,130481.7000
2516,130481.7000
2517,130481.7000
2518,130481.7000
2519,130481.7000
2520,130481.7000
2521,130481.7000
2522,130481.7000
2523,130481.7000
2524,130481.7000
2525,130481.7000
2526,130481.7000
2527,130481.7000
2528,130481.7000
2529,130481.7000
2530,130481.7000
2531,130481.7000
2532,130481.7000
2533,130481.7000
2534,130481.7000
2535,130481.7000
2536,130481.7000
2537,130481.7000
2538,130481.7000
2539,130481.7000
2540,130481.7000
2541,130481.7000
2542,130481.7000
2543,130481.7000
2544,130481.7000
2545,130481.7000
2546,130481.7000
2547,130481.7000
2548,130481.7000
2549,130481.7000
2550,130481.7000
2551,130481.7000
2552,130481.7000
2553,130481.7000
2554,130481.7000
2555,130481.7000
2556,130481.7000
2557,130481.7000
2558,130481.7000
2559,130481.7000
2560,130481.7000
2561,130481.7000
2562,130481.7000
2563,130481.7000
2564,130481.7000
2565,130481.7000
2566,130481.7000
2567,130481.7000
2568,130481.7000
2569,130481.7000
2570,130481.7000
2571,130481.7000
2572,130481.7000
2573,130481.7000
2574,130481.7000
2575,130481.7000
2576,130481.7000
2577,130481.7000
2578,130481.7000
2579,130481.7000
2580,130481.7000
2581,130481.7000
2582,130481.7000
2583,130481.7000
2584,130481.7000
2585,130481.7000
2586,130481.7000
2587,130481.7000
2588,130481.7000
2589,130481.7000
2590,130481.7000
2591,130481.7000
2592,130481.7000
2593,130481.7000
2594,130481.7000
2595,130481.7000
2596,130481.7000
2597,130481.7000
2598,130481.7000
2599,130481.7000
2600,130481.7000
2601,130481.7000
2602,130481.7000
2603,130481.7000
2604,130481.7000
2605,130481.7000
2606,130481.7000
2607,130481.7000
2608,130481.7000
2609,130481.7000
2610,130481.7000
2611,130481.7000
2612,130481.7000
2613,130481.7000
2614,130481.7000
2615,130481.7000
2616,130481.7000
2617,130481.7000
2618,130481.7000
2619,130481.7000
2620,130481.7000
2621,130481.7000
2622,130481.7000
2623,130481.7000
2624,130481.7000
2625,130481.7000
2626,130481.7000
2627,130481.7000
2628,130481.7000
2629,130481.7000
2630,130481.7000
2631,130481.7000
2632,130481.7000
2633,130481.7000
2634,130481.7000
2635,130481.7000
2636,130481.7000
2637,130481.7000
2638,130481.7000
2639,130481.7000
2640,130481.7000
2641,130481.7000
2642,130481.7000
2643,130481.7000
2644,130481.7000
2645,130481.7000
2646,130481.7000
2647,130481.7000
2648,130481.7000
2649,130481.7000
2650,130481.7000
2651,130481.7000
2652,130481.7000
2653,130481.7000
2654,130481.7000
2655,130481.7000
2656,130481.7000
2657,130481.7000
2658,130481.7000
2659,130481.7000
2660,130481.7000
2661,130481.7000
2662,130481.7000
2663,130481.7000
2664,130481.7000
2665,130481.7000
2666,130481.7000
2667,130481.7000
2668,130481.7000
2669,130481.7000
2670,130481.7000
2671,130481.7000
2672,130481.7000
2673,130481.7000
2674,130481.7000
2675,130481.7000
2676,130481.7000
2677,130481.7000
2678,130481.7000
2679,130481.7000
2680,130481.7000
2681,130481.7000
2682,130481.7000
2683,130481.7000
2684,130481.7000
2685,130481.7000
2686,130481.7000
2687,130481.7000
2688,130481.7000
2689,130481.7000
2690,130481.7000
2691,130481.7000
2692,130481.7000
2693,130481.7000
2694,130481.7000
2695,130481.7000
2696,130481.7000
2697,130481.7000
2698,130481.7000
2699,130481.7000
2700,130481.7000
2701,130481.7000
2702,130481.7000
2703,130481.7000
2704,130481.7000
2705,130481.7000
2706,130481.7000
2707,130481.7000
2708,130481.7000
2709,130481.7000
2710,130481.7000
2711,130481.7000
2712,130481.7000
2713,130481.7000
2714,130481.7000
2715,130481.7000
2716,130481.7000
2717,130481.7000
2718,130481.7000
2719,130481.7000
2720,130481.7000
2721,130481.7000
2722,130481.7000
2723,130481.7000
2724,130481.7000
2725,130481.7000
2726,130481.7000
2727,130481.7000
2728,130481.7000
2729,130481.7000
2730,130481.7000
2731,130481.7000
2732,130481.7000
2733,130481.7000
2734,130481.7000
2735,130481.7000
2736,130481.7000
2737,130481.7000
2738,130481.7000
2739,130481.7000
2740,130481.7000
2741,130481.7000
2742,130481.7000
2743,130481.7000
2744,130481.7000
2745,130481.7000
2746,130481.7000
2747,130481.7000
2748,130481.7000
2749,130481.7000
2750,130481.7000
2751,130481.7000
2752,130481.7000
2753,130481.7000
2754,130481.7000
2755,130481.7000
2756,130481.7000
2757,130481.7000
2758,130481.7000
2759,130481.7000
2760,130481.7000
2761,130481.7000
2762,130481.7000
2763,130481.7000
2764,130481.7000
2765,130481.7000
2766,130481.7000
2767,130481.7000
2768,130481.7000
2769,130481.7000
2770,130481.7000
2771,130481.7000
2772,130481.7000
2773,130481.7000
2774,130481.7000
2775,130481.7000
2776,130481.7000
2777,130481.7000
2778,130481.7000
2779,130481.7000
2780,130481.7000
2781,130481.7000
2782,130481.7000
2783,130481.7000
2784,130481.7000
2785,130481.7000
2786,130481.7000
2787,130481.7000
2788,130481.7000
2789,130481.7000
2790,130481.7000
2791,130481.7000
2792,130481.7000
2793,130481.7000
2794,130481.7000
2795,130481.7000
2796,130481.7000
2797,130481.7000
2798,130481.7000
2799,130481.7000
2800,130481.7000
2801,130481.7000
2802,130481.7000
2803,130481.7000
2804,130481.7000
2805,130481.7000
2806,130481.7000
2807,130481.7000
2808,130481.7000
2809,130481.7000
2810,130481.7000
2811,130481.7000
2812,130481.7000
2813,130481.7000
2814,130481.7000
2815,130481.7000
2816,130481.7000
2817,130481.7000
2818,130481.7000
2819,130481.7000
2820,130481.7000
2821,130481.7000
2822,130481.7000
2823,130481.7000
2824,130481.7000
2825,130481.7000
2826,130481.7000
2827,130481.7000
2828,130481.7000
2829,130481.7000
2830,130481.7000
2831,130481.7000
2832,130481.7000
2833,130481.7000
2834,130481.7000
2835,130481.7000
2836,130481.7000
2837,130481.7000
2838,130481.7000
2839,130481.7000
2840,130481.7000
2841,130481.7000
2842,130481.7000
2843,130481.7000
2844,130481.7000
2845,130481.7000
2846,130481.7000
2847,130481.7000
2848,130481.7000
2849,130481.7000
2850,130481.7000
2851,130481.7000
2852,130481.7000
2853,130481.7000
2854,130481.7000
2855,130481.7000
2856,130481.7000
2857,130481.7000
2858,130481.7000
2859,130481.7000
2860,130481.7000
2861,130481.7000
2862,130481.7000
2863,130481.7000
2864,130481.7000
2865,130481.7000
2866,130481.7000
2867,130481.7000
2868,130481.7000
2869,130481.7000
2870,130481.7000
2871,130481.7000
2872,130481.7000
2873,130481.7000
2874,130481.7000
2875,130481.7000
2876,130481.7000
2877,130481.7000
2878,130481.7000
2879,130481.7000
2880,130481.7000
2881,130481.7000
2882,130481.7000
2883,130481.7000
2884,130481.7000
2885,130481.7000
2886,130481.7000
2887,130481.7000
2888,130481.7000
2889,130481.7000
2890,130481.7000
2891,130481.7000
2892,130481.7000
2893,130481.7000
2894,130481.7000
2895,130481.7000
2896,130481.7000
2897,130481.7000
2898,130481.7000
2899,130481.7000
2900,130481.7000
2901,130481.7000
2902,130481.7000
2903,130481.7000
2904,130481.7000
2905,130481.7000
2906,130481.7000
2907,130481.7000
2908,130481.7000
2909,130481.7000
2910,130481.7000
2911,130481.7000
2912,130481.7000
2913,130481.7000
2914,130481.7000
2915,130481.7000
2916,130481.7000
2917,130481.7000
2918,130481.7000
2919,130481.7000
2920,130481.7000
2921,130481.7000
2922,130481.7000
2923,130481.7000
2924,130481.7000
2925,130481.7000
2926,130481.7000
2927,130481.7000
2928,130481.7000
2929,130481.7000
2930,130481.7000
2931,130481.7000
2932,130481.7000
2933,130481.7000
2934,130481.7000
2935,130481.7000
2936,130481.7000
2937,130481.7000
2938,130481.7000
2939,130481.7000
2940,130481.7000
2941,130481.7000
2942,130481.7000
2943,130481.7000
2944,130481.7000
2945,130481.7000
2946,130481.7000
2947,130481.7000
2948,130481.7000
2949,130481.7000
2950,130481.7000
2951,130481.7000
2952,130481.7000
2953,130481.7000
2954,130481.7000
2955,130481.7000
2956,130481.7000
2957,130481.7000
2958,130481.7000
2959,130481.7000
2960,130481.7000
2961,130481.7000
2962,130481.7000
2963,130481.7000
2964,130481.7000
2965,130481.7000
2966,130481.7000
2967,130481.7000
2968,130481.7000
2969,130481.7000
2970,130481.7000
2971,130481.7000
2972,130481.7000
2973,130481.7000
2974,130481.7000
2975,130481.7000
2976,130481.7000
2977,130481.7000
2978,130481.7000
2979,130481.7000
2980,130481.7000
2981,130481.7000
2982,130481.7000
2983,130481.7000
2984,130481.7000
2985,130481.7000
2986,130481.7000
2987,130481.7000
2988,130481.7000
2989,130481.7000
2990,130481.7000
2991,130481.7000
2992,130481.7000
2993,130481.7000
2994,130481.7000
2995,130481.7000
2996,130481.7000
2997,130481.7000
2998,130481.7000
2999,130481.7000
3000,130481.7000
3001,130481.7000
3002,130481.7000
3003,130481.7000
3004,130481.7000
3005,130481.7000
3006,130481.7000
3007,130481.7000
3008,130481.7000
3009,130481.7000
3010,130481.7000
3011,130481.7000
3012,130481.7000
3013,130481.7000
3014,130481.7000
3015,130481.7000
3016,130481.7000
3017,130481.7000
3018,130481.7000
3019,130481.7000
3020,130481.7000
3021,130481.7000
3022,130481.7000
3023,130481.7000
3024,130481.7000
3025,130481.7000
3026,130481.7000
3027,130481.7000
3028,130481.7000
3029,130481.7000
3030,130481.7000
3031,130481.7000
3032,130481.7000
3033,130481.7000
3034,130481.7000
3035,130481.7000
3036,130481.7000
3037,130481.7000
3038,130481.7000
3039,130481.7000
3040,130481.7000
3041,130481.7000
3042,130481.7000
3043,130481.7000
3044,130481.7000
3045,130481.7000
3046,130481.7000
3047,130481.7000
3048,130481.7000
3049,130481.7000
3050,130481.7000
3051,130481.7000
3052,130481.7000
3053,130481.7000
3054,130481.7000
3055,130481.7000
3056,130481.7000
3057,130481.7000
3058,130481.7000
3059,130481.7000
3060,130481.7000
3061,130481.7000
3062,130481.7000
3063,130481.7000
3064,130481.7000
3065,130481.7000
3066,130481.7000
3067,130481.7000
3068,130481.7000
3069,130481.7000
3070,130481.7000
3071,130481.7000
3072,130481.7000
3073,130481.7000
3074,130481.7000
3075,130481.7000
3076,130481.7000
3077,130481.7000
3078,130481.7000
3079,130481.7000
3080,130481.7000
3081,130481.7000
3082,130481.7000
3083,130481.7000
3084,130481.7000
3085,130481.7000
3086,130481.7000
3087,130481.7000
3088,130481.7000
3089,130481.7000
3090,130481.7000
3091,130481.7000
3092,130481.7000
3093,130481.7000
3094,130481.7000
3095,130481.7000
3096,130481.7000
3097,130481.7000
3098,130481.7000
3099,130481.7000
3100,130481.7000
3101,130481.7000
3102,130481.7000
3103,130481.7000
3104,130481.7000
3105,130481.7000
3106,130481.7000
3107,130481.7000
3108,130481.7000
3109,130481.7000
3110,130481.7000
3111,130481.7000
3112,130481.7000
3113,130481.7000
3114,130481.7000
3115,130481.7000
3116,130481.7000
3117,130481.7000
3118,130481.7000
3119,130481.7000
3120,130481.7000
3121,130481.7000
3122,130481.7000
3123,130481.7000
3124,130481.7000
3125,130481.7000
3126,130481.7000
3127,130481.7000
3128,130481.7000
3129,130481.7000
3130,130481.7000
3131,130481.7000
3132,130481.7000
3133,130481.7000
3134,130481.7000
3135,130481.7000
3136,130481.7000
3137,130481.7000
3138,130481.7000
3139,130481.7000
3140,130481.7000
3141,130481.7000
3142,130481.7000
3143,130481.7000
3144,130481.7000
3145,130481.7000
3146,130481.7000
3147,130481.7000
3148,130481.7000
3149,130481.7000
3150,130481.7000
3151,130481.7000
3152,130481.7000
3153,130481.7000
3154,130481.7000
3155,130481.7000
3156,130481.7000
3157,130481.7000
3158,130481.7000
3159,130481.7000
3160,130481.7000
3161,130481.7000
3162,130481.7000
3163,130481.7000
3164,130481.7000
3165,130481.7000
3166,130481.7000
3167,130481.7000
3168,130481.7000
3169,130481.7000
3170,130481.7000
3171,130481.7000
3172,130481.7000
3173,130481.7000
3174,130481.7000
3175,130481.7000
3176,130481.7000
3177,130481.7000
3178,130481.7000
3179,130481.7000
3180,130481.7000
3181,130481.7000
3182,130481.7000
3183,130481.7000
3184,130481.7000
3185,130481.7000
3186,130481.7000
3187,130481.7000
3188,130481.7000
3189,130481.7000
3190,130481.7000
3191,130481.7000
3192,130481.7000
3193,130481.7000
3194,130481.7000
3195,130481.7000
3196,130481.7000
3197,130481.7000
3198,130481.7000
3199,130481.7000
3200,130481.7000
3201,130481.7000
3202,130481.7000
3203,130481.7000
3204,130481.7000
3205,130481.7000
3206,130481.7000
3207,130481.7000
3208,130481.7000
3209,130481.7000
3210,130481.7000
3211,130481.7000
3212,130481.7000
3213,130481.7000
3214,130481.7000
3215,130481.7000
3216,130481.7000
3217,130481.7000
3218,130481.7000
3219,130481.7000
3220,130481.7000
3221,130481.7000
3222,130481.7000
3223,130481.7000
3224,130481.7000
3225,130481.7000
3226,130481.7000
3227,130481.7000
3228,130481.7000
3229,130481.7000
3230,130481.7000
3231,130481.7000
3232,130481.7000
3233,130481.7000
3234,130481.7000
3235,130481.7000
3236,130481.7000
3237,130481.7000
3238,130481.7000
3239,130481.7000
3240,130481.7000
3241,130481.7000
3242,130481.7000
3243,130481.7000
3244,130481.7000
3245,130481.7000
3246,130481.7000
3247,130481.7000
3248,130481.7000
3249,130481.7000
3250,130481.7000
3251,130481.7000
3252,130481.7000
3253,130481.7000
3254,130481.7000
3255,130481.7000
3256,130481.7000
3257,130481.7000
3258,130481.7000
3259,130481.7000
3260,130481.7000
3261,130481.7000
3262,130481.7000
3263,130481.7000
3264,130481.7000
3265,130481.7000
3266,130481.7000
3267,130481.7000
3268,130481.7000
3269,130481.7000
3270,130481.7000
3271,130481.7000
3272,130481.7000
3273,130481.7000
3274,130481.7000
3275,130481.7000
3276,130481.7000
3277,130481.7000
3278,130481.7000
3279,130481.7000
3280,130481.7000
3281,130481.7000
3282,130481.7000
3283,130481.7000
3284,130481.7000
3285,130481.7000
3286,130481.7000
3287,130481.7000
3288,130481.7000
3289,130481.7000
3290,130481.7000
3291,130481.7000
3292,130481.7000
3293,130481.7000
3294,130481.7000
3295,130481.7000
3296,130481.7000
3297,130481.7000
3298,130481.7000
3299,130481.7000
3300,130481.7000
3301,130481.7000
3302,130481.7000
3303,130481.7000
3304,130481.7000
3305,130481.7000
3306,130481.7000
3307,130481.7000
3308,130481.7000
3309,130481.7000
3310,130481.7000
3311,130481.7000
3312,130481.7000
3313,130481.7000
3314,130481.7000
3315,130481.7000
3316,130481.7000
3317,130481.7000
3318,130481.7000
3319,130481.7000
3320,130481.7000
3321,130481.7000
3322,130481.7000
3323,130481.7000
3324,130481.7000
3325,130481.7000
3326,130481.7000
3327,130481.7000
3328,130481.7000
3329,130481.7000
3330,130481.7000
3331,130481.7000
3332,130481.7000
3333,130481.7000
3334,130481.7000
3335,130481.7000
3336,130481.7000
3337,130481.7000
3338,130481.7000
3339,130481.7000
3340,130481.7000
3341,130481.7000
3342,130481.7000
3343,130481.7000
3344,130481.7000
3345,130481.7000
3346,130481.7000
3347,130481.7000
3348,130481.7000
3349,130481.7000
3350,130481.7000
3351,130481.7000
3352,130481.7000
3353,130481.7000
3354,130481.7000
3355,130481.7000
3356,130481.7000
3357,130481.7000
3358,130481.7000
3359,130481.7000
3360,130481.7000
3361,130481.7000
3362,130481.7000
3363,130481.7000
3364,130481.7000
3365,130481.7000
3366,130481.7000
3367,130481.7000
3368,130481.7000
3369,130481.7000
3370,130481.7000
3371,130481.7000
3372,130481.7000
3373,130481.7000
3374,130481.7000
3375,130481.7000
3376,130481.7000
3377,130481.7000
3378,130481.7000
3379,130481.7000
3380,130481.7000
3381,130481.7000
3382,130481.7000
3383,130481.7000
3384,130481.7000
3385,130481.7000
3386,130481.7000
3387,130481.7000
3388,130481.7000
3389,130481.7000
3390,130481.7000
3391,130481.7000
3392,130481.7000
3393,130481.7000
3394,130481.7000
3395,130481.7000
3396,130481.7000
3397,130481.7000
3398,130481.7000
3399,130481.7000
3400,130481.7000
3401,130481.7000
3402,130481.7000
3403,130481.7000
3404,130481.7000
3405,130481.7000
3406,130481.7000
3407,130481.7000
3408,130481.7000
3409,130481.7000
3410,130481.7000
3411,130481.7000
3412,130481.7000
3413,130481.7000
3414,130481.7000
3415,130481.7000
3416,130481.7000
3417,130481.7000
3418,130481.7000
3419,130481.7000
3420,130481.7000
3421,130481.7000
3422,130481.7000
3423,130481.7000
3424,130481.7000
3425,130481.7000
3426,130481.7000
3427,130481.7000
3428,130481.7000
3429,130481.7000
3430,130481.7000
3431,130481.7000
3432,130481.7000
3433,130481.7000
3434,130481.7000
3435,130481.7000
3436,130481.7000
3437,130481.7000
3438,130481.7000
3439,130481.7000
3440,130481.7000
3441,130481.7000
3442,130481.7000
3443,130481.7000
3444,130481.7000
3445,130481.7000
3446,130481.7000
3447,130481.7000
3448,130481.7000
3449,130481.7000
3450,130481.7000
3451,130481.7000
3452,130481.7000
3453,130481.7000
3454,130481.7000
3455,130481.7000
3456,130481.7000
3457,130481.7000
3458,130481.7000
3459,130481.7000
3460,130481.7000
3461,130481.7000
3462,130481.7000
3463,130481.7000
3464,130481.7000
3465,130481.7000
3466,130481.7000
3467,130481.7000
3468,130481.7000
3469,130481.7000
3470,130481.7000
3471,130481.7000
3472,130481.7000
3473,130481.7000
3474,130481.7000
3475,130481.7000
3476,130481.7000
3477,130481.7000
3478,130481.7000
3479,130481.7000
3480,130481.7000
3481,130481.7000
3482,130481.7000
3483,130481.7000
3484,130481.7000
3485,130481.7000
3486,130481.7000
3487,130481.7000
3488,130481.7000
3489,130481.7000
3490,130481.7000
3491,130481.7000
3492,130481.7000
3493,130481.7000
3494,130481.7000
3495,130481.7000
3496,130481.7000
3497,130481.7000
3498,130481.7000
3499,130481.7000
3500,130481.7000
3501,130481.7000
3502,130481.7000
3503,130481.7000
3504,130481.7000
3505,130481.7000
3506,130481.7000
3507,130481.7000
3508,130481.7000
3509,130481.7000
3510,130481.7000
3511,130481.7000
3512,130481.7000
3513,130481.7000
3514,130481.7000
3515,130481.7000
3516,130481.7000
3517,130481.7000
3518,130481.7000
3519,130481.7000
3520,130481.7000
3521,130481.7000
3522,130481.7000
3523,130481.7000
3524,130481.7000
3525,130481.7000
3526,130481.7000
3527,130481.7000
3528,130481.7000
3529,130481.7000
3530,130481.7000
3531,130481.7000
3532,130481.7000
3533,130481.7000
3534,130481.7000
3535,130481.7000
3536,130481.7000
3537,130481.7000
3538,130481.7000
3539,130481.7000
3540,130481.7000
3541,130481.7000
3542,130481.7000
3543,130481.7000
3544,130481.7000
3545,130481.7000
3546,130481.7000
3547,130481.7000
3548,130481.7000
3549,130481.7000
3550,130481.7000
3551,130481.7000
3552,130481.7000
3553,130481.7000
3554,130481.7000
3555,130481.7000
3556,130481.7000
3557,130481.7000
3558,130481.7000
3559,130481.7000
3560,130481.7000
3561,130481.7000
3562,130481.7000
3563,130481.7000
3564,130481.7000
3565,130481.7000
3566,130481.7000
3567,130481.7000
3568,130481.7000
3569,130481.7000
3570,130481.7000
3571,130481.7000
3572,130481.7000
3573,130481.7000
3574,130481.7000
3575,130481.7000
3576,130481.7000
3577,130481.7000
3578,130481.7000
3579,130481.7000
3580,130481.7000
3581,130481.7000
3582,130481.7000
3583,130481.7000
3584,130481.7000
3585,130481.7000
3586,130481.7000
3587,130481.7000
3588,130481.7000
3589,130481.7000
3590,130481.7000
3591,130481.7000
3592,130481.7000
3593,130481.7000
3594,130481.7000
3595,130481.7000
3596,130481.7000
3597,130481.7000
3598,130481.7000
3599,130481.7000
3600,130481.7000
3601,130481.7000
3602,130481.7000
3603,130481.7000
3604,130481.7000
3605,130481.7000
3606,130481.7000
3607,130481.7000
3608,130481.7000
3609,130481.7000
3610,130481.7000
3611,130481.7000
3612,130481.7000
3613,130481.7000
3614,130481.7000
3615,130481.7000
3616,130481.7000
3617,130481.7000
3618,130481.7000
3619,130481.7000
3620,130481.7000
3621,130481.7000
3622,130481.7000
3623,130481.7000
3624,130481.7000
3625,130481.7000
3626,130481.7000
3627,130481.7000
3628,130481.7000
3629,130481.7000
3630,130481.7000
3631,130481.7000
3632,130481.7000
3633,130481.7000
3634,130481.7000
3635,130481.7000
3636,130481.7000
3637,130481.7000
3638,130481.7000
3639,130481.7000
3640,130481.7000
3641,130481.7000
3642,130481.7000
3643,130481.7000
3644,130481.7000
3645,130481.7000
3646,130481.7000
3647,130481.7000
3648,130481.7000
3649,130481.7000
3650,130481.7000
3651,130481.7000
3652,130481.7000
3653,130481.7000
3654,130481.7000
3655,130481.7000
3656,130481.7000
3657,130481.7000
3658,130481.7000
3659,130481.7000
3660,130481.7000
3661,130481.7000
3662,130481.7000
3663,130481.7000
3664,130481.7000
3665,130481.7000
3666,130481.7000
3667,130481.7000
3668,130481.7000
3669,130481.7000
3670,130481.7000
3671,130481.7000
3672,130481.7000
3673,130481.7000
3674,130481.7000
3675,130481.7000
3676,130481.7000
3677,130481.7000
3678,130481.7000
3679,130481.7000
3680,130481.7000
3681,130481.7000
3682,130481.7000
3683,130481.7000
3684,130481.7000
3685,130481.7000
3686,130481.7000
3687,130481.7000
3688,130481.7000
3689,130481.7000
3690,130481.7000
3691,130481.7000
3692,130481.7000
3693,130481.7000
3694,130481.7000
3695,130481.7000
3696,130481.7000
3697,130481.7000
3698,130481.7000
3699,130481.7000
3700,130481.7000
3701,130481.7000
3702,130481.7000
3703,130481.7000
3704,130481.7000
3705,130481.7000
3706,130481.7000
3707,130481.7000
3708,130481.7000
3709,130481.7000
3710,130481.7000
3711,130481.7000
3712,130481.7000
3713,130481.7000
3714,130481.7000
3715,130481.7000
3716,130481.7000
3717,130481.7000
3718,130481.7000
3719,130481.7000
3720,130481.7000
3721,130481.7000
3722,130481.7000
3723,130481.7000
3724,130481.7000
3725,130481.7000
3726,130481.7000
3727,130481.7000
3728,130481.7000
3729,130481.7000
3730,130481.7000
3731,130481.7000
3732,130481.7000
3733,130481.7000
3734,130481.7000
3735,130481.7000
3736,130481.7000
3737,130481.7000
3738,130481.7000
3739,130481.7000
3740,130481.7000
3741,130481.7000
3742,130481.7000
3743,130481.7000
3744,130481.7000
3745,130481.7000
3746,130481.7000
3747,130481.7000
3748,130481.7000
3749,130481.7000
3750,130481.7000
3751,130481.7000
3752,130481.7000
3753,130481.7000
3754,130481.7000
3755,130481.7000
3756,130481.7000
3757,130481.7000
3758,130481.7000
3759,130481.7000
3760,130481.7000
3761,130481.7000
3762,130481.7000
3763,130481.7000
3764,130481.7000
3765,130481.7000
3766,130481.7000
3767,130481.7000
3768,130481.7000
3769,130481.7000
3770,130481.7000
3771,130481.7000
3772,130481.7000
3773,130481.7000
3774,130481.7000
3775,130481.7000
3776,130481.7000
3777,130481.7000
3778,130481.7000
3779,130481.7000
3780,130481.7000
3781,130481.7000
3782,130481.7000
3783,130481.7000
3784,130481.7000
3785,130481.7000
3786,130481.7000
3787,130481.7000
3788,130481.7000
3789,130481.7000
3790,130481.7000
3791,130481.7000
3792,130481.7000
3793,130481.7000
3794,130481.7000
3795,130481.7000
3796,130481.7000
3797,130481.7000
3798,130481.7000
3799,130481.7000
3800,130481.7000
3801,130481.7000
3802,130481.7000
3803,130481.7000
3804,130481.7000
3805,130481.7000
3806,130481.7000
3807,130481.7000
3808,130481.7000
3809,130481.7000
3810,130481.7000
3811,130481.7000
3812,130481.7000
3813,130481.7000
3814,130481.7000
3815,130481.7000
3816,130481.7000
3817,130481.7000
3818,130481.7000
3819,130481.7000
3820,130481.7000
3821,130481.7000
3822,130481.7000
3823,130481.7000
3824,130481.7000
3825,130481.7000
3826,130481.7000
3827,130481.7000
3828,130481.7000
3829,130481.7000
3830,130481.7000
3831,130481.7000
3832,130481.7000
3833,130481.7000
3834,130481.7000
3835,130481.7000
3836,130481.7000
3837,130481.7000
3838,130481.7000
3839,130481.7000
3840,130481.7000
3841,130481.7000
3842,130481.7000
3843,130481.7000
3844,130481.7000
3845,130481.7000
3846,130481.7000
3847,130481.7000
3848,130481.7000
3849,130481.7000
3850,130481.7000
3851,130481.7000
3852,130481.7000
3853,130481.7000
3854,130481.7000
3855,130481.7000
3856,130481.7000
3857,130481.7000
3858,130481.7000
3859,130481.7000
3860,130481.7000
3861,130481.7000
3862,130481.7000
3863,130481.7000
3864,130481.7000
3865,130481.7000
3866,130481.7000
3867,130481.7000
3868,130481.7000
3869,130481.7000
3870,130481.7000
3871,130481.7000
3872,130481.7000
3873,130481.7000
3874,130481.7000
3875,130481.7000
3876,130481.7000
3877,130481.7000
3878,130481.7000
3879,130481.7000
3880,130481.7000
3881,130481.7000
3882,130481.7000
3883,130481.7000
3884,130481.7000
3885,130481.7000
3886,130481.7000
3887,130481.7000
3888,130481.7000
3889,130481.7000
3890,130481.7000
3891,130481.7000
3892,130481.7000
3893,130481.7000
3894,130481.7000
3895,130481.7000
3896,130481.7000
3897,130481.7000
3898,130481.7000
3899,130481.7000
3900,130481.7000
3901,130481.7000
3902,130481.7000
3903,130481.7000
3904,130481.7000
3905,130481.7000
3906,130481.7000
3907,130481.7000
3908,130481.7000
3909,130481.7000
3910,130481.7000
3911,130481.7000
3912,130481.7000
3913,130481.7000
3914,130481.7000
3915,130481.7000
3916,130481.7000
3917,130481.7000
3918,130481.7000
3919,130481.7000
3920,130481.7000
3921,130481.7000
3922,130481.7000
3923,130481.7000
3924,130481.7000
3925,130481.7000
3926,130481.7000
3927,130481.7000
3928,130481.7000
3929,130481.7000
3930,130481.7000
3931,130481.7000
3932,130481.7000
3933,130481.7000
3934,130481.7000
3935,130481.7000
3936,130481.7000
3937,130481.7000
3938,130481.7000
3939,130481.7000
3940,130481.7000
3941,130481.7000
3942,130481.7000
3943,130481.7000
3944,130481.7000
3945,130481.7000
3946,130481.7000
3947,130481.7000
3948,130481.7000
3949,130481.7000
3950,130481.7000
3951,130481.7000
3952,130481.7000
3953,130481.7000
3954,130481.7000
3955,130481.7000
3956,130481.7000
3957,130481.7000
3958,130481.7000
3959,130481.7000
3960,130481.7000
3961,130481.7000
3962,130481.7000
3963,130481.7000
3964,130481.7000
3965,130481.7000
3966,130481.7000
3967,130481.7000
3968,130481.7000
3969,130481.7000
3970,130481.7000
3971,130481.7000
3972,130481.7000
3973,130481.7000
3974,130481.7000
3975,130481.7000
3976,130481.7000
3977,130481.7000
3978,130481.7000
3979,130481.7000
3980,130481.7000
3981,130481.7000
3982,130481.7000
3983,130481.7000
3984,130481.7000
3985,130481.7000
3986,130481.7000
3987,130481.7000
3988,130481.7000
3989,130481.7000
3990,130481.7000
3991,130481.7000
3992,130481.7000
3993,130481.7000
3994,130481.7000
3995,130481.7000
3996,130481.7000
3997,130481.7000
3998,130481.7000
3999,130481.7000
4000,130481.7000
4001,130481.7000
4002,130481.7000
4003,130481.7000
4004,130481.7000
4005,130481.7000
4006,130481.7000
4007,130481.7000
4008,130481.7000
4009,130481.7000
4010,130481.7000
4011,130481.7000
4012,130481.7000
4013,130481.7000
4014,130481.7000
4015,130481.7000
4016,130481.7000
4017,130481.7000
4018,130481.7000
4019,130481.7000
4020,130481.7000
4021,130481.7000
4022,130481.7000
4023,130481.7000
4024,130481.7000
4025,130481.7000
4026,130481.7000
4027,130481.7000
4028,130481.7000
4029,130481.7000
4030,130481.7000
4031,130481.7000
4032,130481.7000
4033,130481.7000
4034,130481.7000
4035,130481.7000
4036,130481.7000
4037,130481.7000
4038,130481.7000
4039,130481.7000
4040,130481.7000
4041,130481.7000
4042,130481.7000
4043,130481.7000
4044,130481.7000
4045,130481.7000
4046,130481.7000
4047,130481.7000
4048,130481.7000
4049,130481.7000
4050,130481.7000
4051,130481.7000
4052,130481.7000
4053,130481.7000
4054,130481.7000
4055,130481.7000
4056,130481.7000
4057,130481.7000
4058,130481.7000
4059,130481.7000
4060,130481.7000
4061,130481.7000
4062,130481.7000
4063,130481.7000
4064,130481.7000
4065,130481.7000
4066,130481.7000
4067,130481.7000
4068,130481.7000
4069,130481.7000
4070,130481.7000
4071,130481.7000
4072,130481.7000
4073,130481.7000
4074,130481.7000
4075,130481.7000
4076,130481.7000
4077,130481.7000
4078,130481.7000
4079,130481.7000
4080,130481.7000
4081,130481.7000
4082,130481.7000
4083,130481.7000
4084,130481.7000
4085,130481.7000
4086,130481.7000
4087,130481.7000
4088,130481.7000
4089,130481.7000
4090,130481.7000
4091,130481.7000
4092,130481.7000
4093,130481.7000
4094,130481.7000
4095,130481.7000
4096,130481.7000
4097,130481.7000
4098,130481.7000
4099,130481.7000
4100,130481.7000
4101,130481.7000
4102,130481.7000
4103,130481.7000
4104,130481.7000
4105,130481.7000
4106,130481.7000
4107,130481.7000
4108,130481.7000
4109,130481.7000
4110,130481.7000
4111,130481.7000
4112,130481.7000
4113,130481.7000
4114,130481.7000
4115,130481.7000
4116,130481.7000
4117,130481.7000
4118,130481.7000
4119,130481.7000
4120,130481.7000
4121,130481.7000
4122,130481.7000
4123,130481.7000
4124,130481.7000
4125,130481.7000
4126,130481.7000
4127,130481.7000
4128,130481.7000
4129,130481.7000
4130,130481.7000
4131,130481.7000
4132,130481.7000
4133,130481.7000
4134,130481.7000
4135,130481.7000
4136,130481.7000
4137,130481.7000
4138,130481.7000
4139,130481.7000
4140,130481.7000
4141,130481.7000
4142,130481.7000
4143,130481.7000
4144,130481.7000
4145,130481.7000
4146,130481.7000
4147,130481.7000
4148,130481.7000
4149,130481.7000
4150,130481.7000
4151,130481.7000
4152,130481.7000
4153,130481.7000
4154,130481.7000
4155,130481.7000
4156,130481.7000
4157,130481.7000
4158,130481.7000
4159,130481.7000
4160,130481.7000
4161,130481.7000
4162,130481.7000
4163,130481.7000
4164,130481.7000
4165,130481.7000
4166,130481.7000
4167,130481.7000
4168,130481.7000
4169,130481.7000
4170,130481.7000
4171,130481.7000
4172,130481.7000
4173,130481.7000
4174,130481.7000
4175,130481.7000
4176,130481.7000
4177,130481.7000
4178,130481.7000
4179,130481.7000
4180,130481.7000
4181,130481.7000
4182,130481.7000
4183,130481.7000
4184,130481.7000
4185,130481.7000
4186,130481.7000
4187,130481.7000
4188,130481.7000
4189,130481.7000
4190,130481.7000
4191,130481.7000
4192,130481.7000
4193,130481.7000
4194,130481.7000
4195,130481.7000
4196,130481.7000
4197,130481.7000
4198,130481.7000
4199,130481.7000
4200,130481.7000
4201,130481.7000
4202,130481.7000
4203,130481.7000
4204,130481.7000
4205,130481.7000
4206,130481.7000
4207,130481.7000
4208,130481.7000
4209,130481.7000
4210,130481.7000
4211,130481.7000
4212,130481.7000
4213,130481.7000
4214,130481.7000
4215,130481.7000
4216,130481.7000
4217,130481.7000
4218,130481.7000
4219,130481.7000
4220,130481.7000
4221,130481.7000
4222,130481.7000
4223,130481.7000
4224,130481.7000
4225,130481.7000
4226,130481.7000
4227,130481.7000
4228,130481.7000
4229,130481.7000
4230,130481.7000
4231,130481.7000
4232,130481.7000
4233,130481.7000
4234,130481.7000
4235,130481.7000
4236,130481.7000
4237,130481.7000
4238,130481.7000
4239,130481.7000
4240,130481.7000
4241,130481.7000
4242,130481.7000
4243,130481.7000
4244,130481.7000
4245,130481.7000
4246,130481.7000
4247,130481.7000
4248,130481.7000
4249,130481.7000
4250,130481.7000
4251,130481.7000
4252,130481.7000
4253,130481.7000
4254,130481.7000
4255,130481.7000
4256,130481.7000
4257,130481.7000
4258,130481.7000
4259,130481.7000
4260,130481.7000
4261,130481.7000
4262,130481.7000
4263,130481.7000
4264,130481.7000
4265,130481.7000
4266,130481.7000
4267,130481.7000
4268,130481.7000
4269,130481.7000
4270,130481.7000
4271,130481.7000
4272,130481.7000
4273,130481.7000
4274,130481.7000
4275,130481.7000
4276,130481.7000
4277,130481.7000
4278,130481.7000
4279,130481.7000
4280,130481.7000
4281,130481.7000
4282,130481.7000
4283,130481.7000
4284,130481.7000
4285,130481.7000
4286,130481.7000
4287,130481.7000
4288,130481.7000
4289,130481.7000
4290,130481.7000
4291,130481.7000
4292,130481.7000
4293,130481.7000
4294,130481.7000
4295,130481.7000
4296,130481.7000
4297,130481.7000
4298,130481.7000
4299,130481.7000
4300,130481.7000
4301,130481.7000
4302,130481.7000
4303,130481.7000
4304,130481.7000
4305,130481.7000
4306,130481.7000
4307,130481.7000
4308,130481.7000
4309,130481.7000
4310,130481.7000
4311,130481.7000
4312,130481.7000
4313,130481.7000
4314,130481.7000
4315,130481.7000
4316,130481.7000
4317,130481.7000
4318,130481.7000
4319,130481.7000
4320,130481.7000
4321,130481.7000
4322,130481.7000
4323,130481.7000
4324,130481.7000
4325,130481.7000
4326,130481.7000
4327,130481.7000
4328,130481.7000
4329,130481.7000
4330,130481.7000
4331,130481.7000
4332,130481.7000
4333,130481.7000
4334,130481.7000
4335,130481.7000
4336,130481.7000
4337,130481.7000
4338,130481.7000
4339,130481.7000
4340,130481.7000
4341,130481.7000
4342,130481.7000
4343,130481.7000
4344,130481.7000
4345,130481.7000
4346,130481.7000
4347,130481.7000
4348,130481.7000
4349,130481.7000
4350,130481.7000
4351,130481.7000
4352,130481.7000
4353,130481.7000
4354,130481.7000
4355,130481.7000
4356,130481.7000
4357,130481.7000
4358,130481.7000
4359,130481.7000
4360,130481.7000
4361,130481.7000
4362,130481.7000
4363,130481.7000
4364,130481.7000
4365,130481.7000
4366,130481.7000
4367,130481.7000
4368,130481.7000
4369,130481.7000
4370,130481.7000
4371,130481.7000
4372,130481.7000
4373,130481.7000
4374,130481.7000
4375,130481.7000
4376,130481.7000
4377,130481.7000
4378,130481.7000
4379,130481.7000
4380,130481.7000
4381,130481.7000
4382,130481.7000
4383,130481.7000
4384,130481.7000
4385,130481.7000
4386,130481.7000
4387,130481.7000
4388,130481.7000
4389,130481.7000
4390,130481.7000
4391,130481.7000
4392,130481.7000
4393,130481.7000
4394,130481.7000
4395,130481.7000
4396,130481.7000
4397,130481.7000
4398,130481.7000
4399,130481.7000
4400,130481.7000
4401,130481.7000
4402,130481.7000
4403,130481.7000
4404,130481.7000
4405,130481.7000
4406,130481.7000
4407,130481.7000
4408,130481.7000
4409,130481.7000
4410,130481.7000
4411,130481.7000
4412,130481.7000
4413,130481.7000
4414,130481.7000
4415,130481.7000
4416,130481.7000
4417,130481.7000
4418,130481.7000
4419,130481.7000
4420,130481.7000
4421,130481.7000
4422,130481.7000
4423,130481.7000
4424,130481.7000
4425,130481.7000
4426,130481.7000
4427,130481.7000
4428,130481.7000
4429,130481.7000
4430,130481.7000
4431,130481.7000
4432,130481.7000
4433,130481.7000
4434,130481.7000
4435,130481.7000
4436,130481.7000
4437,130481.7000
4438,130481.7000
4439,130481.7000
4440,130481.7000
4441,130481.7000
4442,130481.7000
4443,130481.7000
4444,130481.7000
4445,130481.7000
4446,130481.7000
4447,130481.7000
4448,130481.7000
4449,130481.7000
4450,130481.7000
4451,130481.7000
4452,130481.7000
4453,130481.7000
4454,130481.7000
4455,130481.7000
4456,130481.7000
4457,130481.7000
4458,130481.7000
4459,130481.7000
4460,130481.7000
4461,130481.7000
4462,130481.7000
4463,130481.7000
4464,130481.7000
4465,130481.7000
4466,130481.7000
4467,130481.7000
4468,130481.7000
4469,130481.7000
4470,130481.7000
4471,130481.7000
4472,130481.7000
4473,130481.7000
4474,130481.7000
4475,130481.7000
4476,130481.7000
4477,130481.7000
4478,130481.7000
4479,130481.7000
4480,130481.7000
4481,130481.7000
4482,130481.7000
4483,130481.7000
4484,130481.7000
4485,130481.7000
4486,130481.7000
4487,130481.7000
4488,130481.7000
4489,130481.7000
4490,130481.7000
4491,130481.7000
4492,130481.7000
4493,130481.7000
4494,130481.7000
4495,130481.7000
4496,130481.7000
4497,130481.7000
4498,130481.7000
4499,130481.7000
4500,130481.7000
4501,130481.7000
4502,130481.7000
4503,130481.7000
4504,130481.7000
4505,130481.7000
4506,130481.7000
4507,130481.7000
4508,130481.7000
4509,130481.7000
4510,130481.7000
4511,130481.7000
4512,130481.7000
4513,130481.7000
4514,130481.7000
4515,130481.7000
4516,130481.7000
4517,130481.7000
4518,130481.7000
4519,130481.7000
4520,130481.7000
4521,130481.7000
4522,130481.7000
4523,130481.7000
4524,130481.7000
4525,130481.7000
4526,130481.7000
4527,130481.7000
4528,130481.7000
4529,130481.7000
4530,130481.7000
4531,130481.7000
4532,130481.7000
4533,130481.7000
4534,130481.7000
4535,130481.7000
4536,130481.7000
4537,130481.7000
4538,130481.7000
4539,130481.7000
4540,130481.7000
4541,130481.7000
4542,130481.7000
4543,130481.7000
4544,130481.7000
4545,130481.7000
4546,130481.7000
4547,130481.7000
4548,130481.7000
4549,130481.7000
4550,130481.7000
4551,130481.7000
4552,130481.7000
4553,130481.7000
4554,130481.7000
4555,130481.7000
4556,130481.7000
4557,130481.7000
4558,130481.7000
4559,130481.7000
4560,130481.7000
4561,130481.7000
4562,130481.7000
4563,130481.7000
4564,130481.7000
4565,130481.7000
4566,130481.7000
4567,130481.7000
4568,130481.7000
4569,130481.7000
4570,130481.7000
4571,130481.7000
4572,130481.7000
4573,130481.7000
4574,130481.7000
4575,130481.7000
4576,130481.7000
4577,130481.7000
4578,130481.7000
4579,130481.7000
4580,130481.7000
4581,130481.7000
4582,130481.7000
4583,130481.7000
4584,130481.7000
4585,130481.7000
4586,130481.7000
4587,130481.7000
4588,130481.7000
4589,130481.7000
4590,130481.7000
4591,130481.7000
4592,130481.7000
4593,130481.7000
4594,130481.7000
4595,130481.7000
4596,130481.7000
4597,130481.7000
4598,130481.7000
4599,130481.7000
4600,130481.7000
4601,130481.7000
4602,130481.7000
4603,130481.7000
4604,130481.7000
4605,130481.7000
4606,130481.7000
4607,130481.7000
4608,130481.7000
4609,130481.7000
4610,130481.7000
4611,130481.7000
4612,130481.7000
4613,130481.7000
4614,130481.7000
4615,130481.7000
4616,130481.7000
4617,130481.7000
4618,130481.7000
4619,130481.7000
4620,130481.7000
4621,130481.7000
4622,130481.7000
4623,130481.7000
4624,130481.7000
4625,130481.7000
4626,130481.7000
4627,130481.7000
4628,130481.7000
4629,130481.7000
4630,130481.7000
4631,130481.7000
4632,130481.7000
4633,130481.7000
4634,130481.7000
4635,130481.7000
4636,130481.7000
4637,130481.7000
4638,130481.7000
4639,130481.7000
4640,130481.7000
4641,130481.7000
4642,130481.7000
4643,130481.7000
4644,130481.7000
4645,130481.7000
4646,130481.7000
4647,130481.7000
4648,130481.7000
4649,130481.7000
4650,130481.7000
4651,130481.7000
4652,130481.7000
4653,130481.7000
4654,130481.7000
4655,130481.7000
4656,130481.7000
4657,130481.7000
4658,130481.7000
4659,130481.7000
4660,130481.7000
4661,130481.7000
4662,130481.7000
4663,130481.7000
4664,130481.7000
4665,130481.7000
4666,130481.7000
4667,130481.7000
4668,130481.7000
4669,130481.7000
4670,130481.7000
4671,130481.7000
4672,130481.7000
4673,130481.7000
4674,130481.7000
4675,130481.7000
4676,130481.7000
4677,130481.7000
4678,130481.7000
4679,130481.7000
4680,130481.7000
4681,130481.7000
4682,130481.7000
4683,130481.7000
4684,130481.7000
4685,130481.7000
4686,130481.7000
4687,130481.7000
4688,130481.7000
4689,130481.7000
4690,130481.7000
4691,130481.7000
4692,130481.7000
4693,130481.7000
4694,130481.7000
4695,130481.7000
4696,130481.7000
4697,130481.7000
4698,130481.7000
4699,130481.7000
4700,130481.7000
4701,130481.7000
4702,130481.7000
4703,130481.7000
4704,130481.7000
4705,130481.7000
4706,130481.7000
4707,130481.7000
4708,130481.7000
4709,130481.7000
4710,130481.7000
4711,130481.7000
4712,130481.7000
4713,130481.7000
4714,130481.7000
4715,130481.7000
4716,130481.7000
4717,130481.7000
4718,130481.7000
4719,130481.7000
4720,130481.7000
4721,130481.7000
4722,130481.7000
4723,130481.7000
4724,130481.7000
4725,130481.7000
4726,130481.7000
4727,130481.7000
4728,130481.7000
4729,130481.7000
4730,130481.7000
4731,130481.7000
4732,130481.7000
4733,130481.7000
4734,130481.7000
4735,130481.7000
4736,130481.7000
4737,130481.7000
4738,130481.7000
4739,130481.7000
4740,130481.7000
4741,130481.7000
4742,130481.7000
4743,130481.7000
4744,130481.7000
4745,130481.7000
4746,130481.7000
4747,130481.7000
4748,130481.7000
4749,130481.7000
4750,130481.7000
4751,130481.7000
4752,130481.7000
4753,130481.7000
4754,130481.7000
4755,130481.7000
4756,130481.7000
4757,130481.7000
4758,130481.7000
4759,130481.7000
4760,130481.7000
4761,130481.7000
4762,130481.7000
4763,130481.7000
4764,130481.7000
4765,130481.7000
4766,130481.7000
4767,130481.7000
4768,130481.7000
4769,130481.7000
4770,130481.7000
4771,130481.7000
4772,130481.7000
4773,130481.7000
4774,130481.7000
4775,130481.7000
4776,130481.7000
4777,130481.7000
4778,130481.7000
4779,130481.7000
4780,130481.7000
4781,130481.7000
4782,130481.7000
4783,130481.7000
4784,130481.7000
4785,130481.7000
4786,130481.7000
4787,130481.7000
4788,130481.7000
4789,130481.7000
4790,130481.7000
4791,130481.7000
4792,130481.7000
4793,130481.7000
4794,130481.7000
4795,130481.7000
4796,130481.7000
4797,130481.7000
4798,130481.7000
4799,130481.7000
4800,130481.7000
4801,130481.7000
4802,130481.7000
4803,130481.7000
4804,130481.7000
4805,130481.7000
4806,130481.7000
4807,130481.7000
4808,130481.7000
4809,130481.7000
4810,130481.7000
4811,130481.7000
4812,130481.7000
4813,130481.7000
4814,130481.7000
4815,130481.7000
4816,130481.7000
4817,130481.7000
4818,130481.7000
4819,130481.7000
4820,130481.7000
4821,130481.7000
4822,130481.7000
4823,130481.7000
4824,130481.7000
4825,130481.7000
4826,130481.7000
4827,130481.7000
4828,130481.7000
4829,130481.7000
4830,130481.7000
4831,130481.7000
4832,130481.7000
4833,130481.7000
4834,130481.7000
4835,130481.7000
4836,130481.7000
4837,130481.7000
4838,130481.7000
4839,130481.7000
4840,130481.7000
4841,130481.7000
4842,130481.7000
4843,130481.7000
4844,130481.7000
4845,130481.7000
4846,130481.7000
4847,130481.7000
4848,130481.7000
4849,130481.7000
4850,130481.7000
4851,130481.7000
4852,130481.7000
4853,130481.7000
4854,130481.7000
4855,130481.7000
4856,130481.7000
4857,130481.7000
4858,130481.7000
4859,130481.7000
4860,130481.7000
4861,130481.7000
4862,130481.7000
4863,130481.7000
4864,130481.7000
4865,130481.7000
4866,130481.7000
4867,130481.7000
4868,130481.7000
4869,130481.7000
4870,130481.7000
4871,130481.7000
4872,130481.7000
4873,130481.7000
4874,130481.7000
4875,130481.7000
4876,130481.7000
4877,130481.7000
4878,130481.7000
4879,130481.7000
4880,130481.7000
4881,130481.7000
4882,130481.7000
4883,130481.7000
4884,130481.7000
4885,130481.7000
4886,130481.7000
4887,130481.7000
4888,130481.7000
4889,130481.7000
4890,130481.7000
4891,130481.7000
4892,130481.7000
4893,130481.7000
4894,130481.7000
4895,130481.7000
4896,130481.7000
4897,130481.7000
4898,130481.7000
4899,130481.7000
4900,130481.7000
4901,130481.7000
4902,130481.7000
4903,130481.7000
4904,130481.7000
4905,130481.7000
4906,130481.7000
4907,130481.7000
4908,130481.7000
4909,130481.7000
4910,130481.7000
4911,130481.7000
4912,130481.7000
4913,130481.7000
4914,130481.7000
4915,130481.7000
4916,130481.7000
4917,130481.7000
4918,130481.7000
4919,130481.7000
4920,130481.7000
4921,130481.7000
4922,130481.7000
4923,130481.7000
4924,130481.7000
4925,130481.7000
4926,130481.7000
4927,130481.7000
4928,130481.7000
4929,130481.7000
4930,130481.7000
4931,130481.7000
4932,130481.7000
4933,130481.7000
4934,130481.7000
4935,130481.7000
4936,130481.7000
4937,130481.7000
4938,130481.7000
4939,130481.7000
4940,130481.7000
4941,130481.7000
4942,130481.7000
4943,130481.7000
4944,130481.7000
4945,130481.7000
4946,130481.7000
4947,130481.7000
4948,130481.7000
4949,130481.7000
4950,130481.7000
4951,130481.7000
4952,130481.7000
4953,130481.7000
4954,130481.7000
4955,130481.7000
4956,130481.7000
4957,130481.7000
4958,130481.7000
4959,130481.7000
4960,130481.7000
4961,130481.7000
4962,130481.7000
4963,130481.7000
4964,130481.7000
4965,130481.7000
4966,130481.7000
4967,130481.7000
4968,130481.7000
4969,130481.7000
4970,130481.7000
4971,130481.7000
4972,130481.7000
4973,130481.7000
4974,130481.7000
4975,130481.7000
4976,130481.7000
4977,130481.7000
4978,130481.7000
4979,130481.7000
4980,130481.7000
4981,130481.7000
4982,130481.7000
4983,130481.7000
4984,130481.7000
4985,130481.7000
4986,130481.7000
4987,130481.7000
4988,130481.7000
4989,130481.7000
4990,130481.7000
4991,130481.7000
4992,130481.7000
4993,130481.7000
4994,130481.7000
4995,130481.7000
4996,130481.7000
4997,130481.7000
4998,130481.7000
4999,130481.7000
5000,130481.7000
5001,130481.7000
5002,130481.7000
5003,130481.7000
5004,130481.7000
5005,130481.7000
5006,130481.7000
5007,130481.7000
5008,130481.7000
5009,130481.7000
5010,130481.7000
5011,130481.7000
5012,130481.7000
5013,130481.7000
5014,130481.7000
5015,130481.7000
5016,130481.7000
5017,130481.7000
5018,130481.7000
5019,130481.7000
5020,130481.7000
5021,130481.7000
5022,130481.7000
5023,130481.7000
5024,130481.7000
5025,130481.7000
5026,130481.7000
5027,130481.7000
5028,130481.7000
5029,130481.7000
5030,130481.7000
5031,130481.7000
5032,130481.7000
5033,130481.7000
5034,130481.7000
5035,130481.7000
5036,130481.7000
5037,130481.7000
5038,130481.7000
5039,130481.7000
5040,130481.7000
5041,130481.7000
5042,130481.7000
5043,130481.7000
5044,130481.7000
5045,130481.7000
5046,130481.7000
5047,130481.7000
5048,130481.7000
5049,130481.7000
5050,130481.7000
5051,130481.7000
5052,130481.7000
5053,130481.7000
5054,130481.7000
5055,130481.7000
5056,130481.7000
5057,130481.7000
5058,130481.7000
5059,130481.7000
5060,130481.7000
5061,130481.7000
5062,130481.7000
5063,130481.7000
5064,130481.7000
5065,130481.7000
5066,130481.7000
5067,130481.7000
5068,130481.7000
5069,130481.7000
5070,130481.7000
5071,130481.7000
5072,130481.7000
5073,130481.7000
5074,130481.7000
5075,130481.7000
5076,130481.7000
5077,130481.7000
5078,130481.7000
5079,130481.7000
5080,130481.7000
5081,130481.7000
5082,130481.7000
5083,130481.7000
5084,130481.7000
5085,130481.7000
5086,130481.7000
5087,130481.7000
5088,130481.7000
5089,130481.7000
5090,130481.7000
5091,130481.7000
5092,130481.7000
5093,130481.7000
5094,130481.7000
5095,130481.7000
5096,130481.7000
5097,130481.7000
5098,130481.7000
5099,130481.7000
5100,130481.7000
5101,130481.7000
5102,130481.7000
5103,130481.7000
5104,130481.7000
5105,130481.7000
5106,130481.7000
5107,130481.7000
5108,130481.7000
5109,130481.7000
5110,130481.7000
5111,130481.7000
5112,130481.7000
5113,130481.7000
5114,130481.7000
5115,130481.7000
5116,130481.7000
5117,130481.7000
5118,130481.7000
5119,130481.7000
5120,130481.7000
5121,130481.7000
5122,130481.7000
5123,130481.7000
5124,130481.7000
5125,130481.7000
5126,130481.7000
5127,130481.7000
5128,130481.7000
5129,130481.7000
5130,130481.7000
5131,130481.7000
5132,130481.7000
5133,130481.7000
5134,130481.7000
5135,130481.7000
5136,130481.7000
5137,130481.7000
5138,130481.7000
5139,130481.7000
5140,130481.7000
5141,130481.7000
5142,130481.7000
5143,130481.7000
5144,130481.7000
5145,130481.7000
5146,130481.7000
5147,130481.7000
5148,130481.7000
5149,130481.7000
5150,130481.7000
5151,130481.7000
5152,130481.7000
5153,130481.7000
5154,130481.7000
5155,130481.7000
5156,130481.7000
5157,130481.7000
5158,130481.7000
5159,130481.7000
5160,130481.7000
5161,130481.7000
5162,130481.7000
5163,130481.7000
5164,130481.7000
5165,130481.7000
5166,130481.7000
5167,130481.7000
5168,130481.7000
5169,130481.7000
5170,130481.7000
5171,130481.7000
5172,130481.7000
5173,130481.7000
5174,130481.7000
5175,130481.7000
5176,130481.7000
5177,130481.7000
5178,130481.7000
5179,130481.7000
5180,130481.7000
5181,130481.7000
5182,130481.7000
5183,130481.7000
5184,130481.7000
5185,130481.7000
5186,130481.7000
5187,130481.7000
5188,130481.7000
5189,130481.7000
5190,130481.7000
5191,130481.7000
5192,130481.7000
5193,130481.7000
5194,130481.7000
5195,130481.7000
5196,130481.7000
5197,130481.7000
5198,130481.7000
5199,130481.7000
5200,130481.7000
5201,130481.7000
5202,130481.7000
5203,130481.7000
5204,130481.7000
5205,130481.7000
5206,130481.7000
5207,130481.7000
5208,130481.7000
5209,130481.7000
5210,130481.7000
5211,130481.7000
5212,130481.7000
5213,130481.7000
5214,130481.7000
5215,130481.7000
5216,130481.7000
5217,130481.7000
5218,130481.7000
5219,130481.7000
5220,130481.7000
5221,130481.7000
5222,130481.7000
5223,130481.7000
5224,130481.7000
5225,130481.7000
5226,130481.7000
5227,130481.7000
5228,130481.7000
5229,130481.7000
5230,130481.7000
5231,130481.7000
5232,130481.7000
5233,130481.7000
5234,130481.7000
5235,130481.7000
5236,130481.7000
5237,130481.7000
5238,130481.7000
5239,130481.7000
5240,130481.7000
5241,130481.7000
5242,130481.7000
5243,130481.7000
5244,130481.7000
5245,130481.7000
5246,130481.7000
5247,130481.7000
5248,130481.7000
5249,130481.7000
5250,130481.7000
5251,130481.7000
5252,130481.7000
5253,130481.7000
5254,130481.7000
5255,130481.7000
5256,130481.7000
5257,130481.7000
5258,130481.7000
5259,130481.7000
5260,130481.7000
5261,130481.7000
5262,130481.7000
5263,130481.7000
5264,130481.7000
5265,130481.7000
5266,130481.7000
5267,130481.7000
5268,130481.7000
5269,130481.7000
5270,130481.7000
5271,130481.7000
5272,130481.7000
5273,130481.7000
5274,130481.7000
5275,130481.7000
5276,130481.7000
5277,130481.7000
5278,130481.7000
5279,130481.7000
5280,130481.7000
5281,130481.7000
5282,130481.7000
5283,130481.7000
5284,130481.7000
5285,130481.7000
5286,130481.7000
5287,130481.7000
5288,130481.7000
5289,130481.7000
5290,130481.7000
5291,130481.7000
5292,130481.7000
5293,130481.7000
5294,130481.7000
5295,130481.7000
5296,130481.7000
5297,130481.7000
5298,130481.7000
5299,130481.7000
5300,130481.7000
5301,130481.7000
5302,130481.7000
5303,130481.7000
5304,130481.7000
5305,130481.7000
5306,130481.7000
5307,130481.7000
5308,130481.7000
5309,130481.7000
5310,130481.7000
5311,130481.7000
5312,130481.7000
5313,130481.7000
5314,130481.7000
5315,130481.7000
5316,130481.7000
5317,130481.7000
5318,130481.7000
5319,130481.7000
5320,130481.7000
5321,130481.7000
5322,130481.7000
5323,130481.7000
5324,130481.7000
5325,130481.7000
5326,130481.7000
5327,130481.7000
5328,130481.7000
5329,130481.7000
5330,130481.7000
5331,130481.7000
5332,130481.7000
5333,130481.7000
5334,130481.7000
5335,130481.7000
5336,130481.7000
5337,130481.7000
5338,130481.7000
5339,130481.7000
5340,130481.7000
5341,130481.7000
5342,130481.7000
5343,130481.7000
5344,130481.7000
5345,130481.7000
5346,130481.7000
5347,130481.7000
5348,130481.7000
5349,130481.7000
5350,130481.7000
5351,130481.7000
5352,130481.7000
5353,130481.7000
5354,130481.7000
5355,130481.7000
5356,130481.7000
5357,130481.7000
5358,130481.7000
5359,130481.7000
5360,130481.7000
5361,130481.7000
5362,130481.7000
5363,130481.7000
5364,130481.7000
5365,130481.7000
5366,130481.7000
5367,130481.7000
5368,130481.7000
5369,130481.7000
5370,130481.7000
5371,130481.7000
5372,130481.7000
5373,130481.7000
5374,130481.7000
5375,130481.7000
5376,130481.7000
5377,130481.7000
5378,130481.7000
5379,130481.7000
5380,130481.7000
5381,130481.7000
5382,130481.7000
5383,130481.7000
5384,130481.7000
5385,130481.7000
5386,130481.7000
5387,130481.7000
5388,130481.7000
5389,130481.7000
5390,130481.7000
5391,130481.7000
5392,130481.7000
5393,130481.7000
5394,130481.7000
5395,130481.7000
5396,130481.7000
5397,130481.7000
5398,130481.7000
5399,130481.7000
5400,130481.7000
5401,130481.7000
5402,130481.7000
5403,130481.7000
5404,130481.7000
5405,130481.7000
5406,130481.7000
5407,130481.7000
5408,130481.7000
5409,130481.7000
5410,130481.7000
5411,130481.7000
5412,130481.7000
5413,130481.7000
5414,130481.7000
5415,130481.7000
5416,130481.7000
5417,130481.7000
5418,130481.7000
5419,130481.7000
5420,130481.7000
5421,130481.7000
5422,130481.7000
5423,130481.7000
5424,130481.7000
5425,130481.7000
5426,130481.7000
5427,130481.7000
5428,130481.7000
5429,130481.7000
5430,130481.7000
5431,130481.7000
5432,130481.7000
5433,130481.7000
5434,130481.7000
5435,130481.7000
5436,130481.7000
5437,130481.7000
5438,130481.7000
5439,130481.7000
5440,130481.7000
5441,130481.7000
5442,130481.7000
5443,130481.7000
5444,130481.7000
5445,130481.7000
5446,130481.7000
5447,130481.7000
5448,130481.7000
5449,130481.7000
5450,130481.7000
5451,130481.7000
5452,130481.7000
5453,130481.7000
5454,130481.7000
5455,130481.7000
5456,130481.7000
5457,130481.7000
5458,130481.7000
5459,130481.7000
5460,130481.7000
5461,130481.7000
5462,130481.7000
5463,130481.7000
5464,130481.7000
5465,130481.7000
5466,130481.7000
5467,130481.7000
5468,130481.7000
5469,130481.7000
5470,130481.7000
5471,130481.7000
5472,130481.7000
5473,130481.7000
5474,130481.7000
5475,130481.7000
5476,130481.7000
5477,130481.7000
5478,130481.7000
5479,130481.7000
5480,130481.7000
5481,130481.7000
5482,130481.7000
5483,130481.7000
5484,130481.7000
5485,130481.7000
5486,130481.7000
5487,130481.7000
5488,130481.7000
5489,130481.7000
5490,130481.7000
5491,130481.7000
5492,130481.7000
5493,130481.7000
5494,130481.7000
5495,130481.7000
5496,130481.7000
5497,130481.7000
5498,130481.7000
5499,130481.7000
5500,130481.7000
5501,130481.7000
5502,130481.7000
5503,130481.7000
5504,130481.7000
5505,130481.7000
5506,130481.7000
5507,130481.7000
5508,130481.7000
5509,130481.7000
5510,130481.7000
5511,130481.7000
5512,130481.7000
5513,130481.7000
5514,130481.7000
5515,130481.7000
5516,130481.7000
5517,130481.7000
5518,130481.7000
5519,130481.7000
5520,130481.7000
5521,130481.7000
5522,130481.7000
5523,130481.7000
5524,130481.7000
5525,130481.7000
5526,130481.7000
5527,130481.7000
5528,130481.7000
5529,130481.7000
5530,130481.7000
5531,130481.7000
5532,130481.7000
5533,130481.7000
5534,130481.7000
5535,130481.7000
5536,130481.7000
5537,130481.7000
5538,130481.7000
5539,130481.7000
5540,130481.7000
5541,130481.7000
5542,130481.7000
5543,130481.7000
5544,130481.7000
5545,130481.7000
5546,130481.7000
5547,130481.7000
5548,130481.7000
5549,130481.7000
5550,130481.7000
5551,130481.7000
5552,130481.7000
5553,130481.7000
5554,130481.7000
5555,130481.7000
5556,130481.7000
5557,130481.7000
5558,130481.7000
5559,130481.7000
5560,130481.7000
5561,130481.7000
5562,130481.7000
5563,130481.7000
5564,130481.7000
5565,130481.7000
5566,130481.7000
5567,130481.7000
5568,130481.7000
5569,130481.7000
5570,130481.7000
5571,130481.7000
5572,130481.7000
5573,130481.7000
5574,130481.7000
5575,130481.7000
5576,130481.7000
5577,130481.7000
5578,130481.7000
5579,130481.7000
5580,130481.7000
5581,130481.7000
5582,130481.7000
5583,130481.7000
5584,130481.7000
5585,130481.7000
5586,130481.7000
5587,130481.7000
5588,130481.7000
5589,130481.7000
5590,130481.7000
5591,130481.7000
5592,130481.7000
5593,130481.7000
5594,130481.7000
5595,130481.7000
5596,130481.7000
5597,130481.7000
5598,130481.7000
5599,130481.7000
5600,130481.7000
5601,130481.7000
5602,130481.7000
5603,130481.7000
5604,130481.7000
5605,130481.7000
5606,130481.7000
5607,130481.7000
5608,130481.7000
5609,130481.7000
5610,130481.7000
5611,130481.7000
5612,130481.7000
5613,130481.7000
5614,130481.7000
5615,130481.7000
5616,130481.7000
5617,130481.7000
5618,130481.7000
5619,130481.7000
5620,130481.7000
5621,130481.7000
5622,130481.7000
5623,130481.7000
5624,130481.7000
5625,130481.7000
5626,130481.7000
5627,130481.7000
5628,130481.7000
5629,130481.7000
5630,130481.7000
5631,130481.7000
5632,130481.7000
5633,130481.7000
5634,130481.7000
5635,130481.7000
5636,130481.7000
5637,130481.7000
5638,130481.7000
5639,130481.7000
5640,130481.7000
5641,130481.7000
5642,130481.7000
5643,130481.7000
5644,130481.7000
5645,130481.7000
5646,130481.7000
5647,130481.7000
5648,130481.7000
5649,130481.7000
5650,130481.7000
5651,130481.7000
5652,130481.7000
5653,130481.7000
5654,130481.7000
5655,130481.7000
5656,130481.7000
5657,130481.7000
5658,130481.7000
5659,130481.7000
5660,130481.7000
5661,130481.7000
5662,130481.7000
5663,130481.7000
5664,130481.7000
5665,130481.7000
5666,130481.7000
5667,130481.7000
5668,130481.7000
5669,130481.7000
5670,130481.7000
5671,130481.7000
5672,130481.7000
5673,130481.7000
5674,130481.7000
5675,130481.7000
5676,130481.7000
5677,130481.7000
5678,130481.7000
5679,130481.7000
5680,130481.7000
5681,130481.7000
5682,130481.7000
5683,130481.7000
5684,130481.7000
5685,130481.7000
5686,130481.7000
5687,130481.7000
5688,130481.7000
5689,130481.7000
5690,130481.7000
5691,130481.7000
5692,130481.7000
5693,130481.7000
5694,130481.7000
5695,130481.7000
5696,130481.7000
5697,130481.7000
5698,130481.7000
5699,130481.7000
5700,130481.7000
5701,130481.7000
5702,130481.7000
5703,130481.7000
5704,130481.7000
5705,130481.7000
5706,130481.7000
5707,130481.7000
5708,130481.7000
5709,130481.7000
5710,130481.7000
5711,130481.7000
5712,130481.7000
5713,130481.7000
5714,130481.7000
5715,130481.7000
5716,130481.7000
5717,130481.7000
5718,130481.7000
5719,130481.7000
5720,130481.7000
5721,130481.7000
5722,130481.7000
5723,130481.7000
5724,130481.7000
5725,130481.7000
5726,130481.7000
5727,130481.7000
5728,130481.7000
5729,130481.7000
5730,130481.7000
5731,130481.7000
5732,130481.7000
5733,130481.7000
5734,130481.7000
5735,130481.7000
5736,130481.7000
5737,130481.7000
5738,130481.7000
5739,130481.7000
5740,130481.7000
5741,130481.7000
5742,130481.7000
5743,130481.7000
5744,130481.7000
5745,130481.7000
5746,130481.7000
5747,130481.7000
5748,130481.7000
5749,130481.7000
5750,130481.7000
5751,130481.7000
5752,130481.7000
5753,130481.7000
5754,130481.7000
5755,130481.7000
5756,130481.7000
5757,130481.7000
5758,130481.7000
5759,130481.7000
5760,130481.7000
5761,130481.7000
5762,130481.7000
5763,130481.7000
5764,130481.7000
5765,130481.7000
5766,130481.7000
5767,130481.7000
5768,130481.7000
5769,130481.7000
5770,130481.7000
5771,130481.7000
5772,130481.7000
5773,130481.7000
5774,130481.7000
5775,130481.7000
5776,130481.7000
5777,130481.7000
5778,130481.7000
5779,130481.7000
5780,130481.7000
5781,130481.7000
5782,130481.7000
5783,130481.7000
5784,130481.7000
5785,130481.7000
5786,130481.7000
5787,130481.7000
5788,130481.7000
5789,130481.7000
5790,130481.7000
5791,130481.7000
5792,130481.7000
5793,130481.7000
5794,130481.7000
5795,130481.7000
5796,130481.7000
5797,130481.7000
5798,130481.7000
5799,130481.7000
5800,130481.7000
5801,130481.7000
5802,130481.7000
5803,130481.7000
5804,130481.7000
5805,130481.7000
5806,130481.7000
5807,130481.7000
5808,130481.7000
5809,130481.7000
5810,130481.7000
5811,130481.7000
5812,130481.7000
5813,130481.7000
5814,130481.7000
5815,130481.7000
5816,130481.7000
5817,130481.7000
5818,130481.7000
5819,130481.7000
5820,130481.7000
5821,130481.7000
5822,130481.7000
5823,130481.7000
5824,130481.7000
5825,130481.7000
5826,130481.7000
5827,130481.7000
5828,130481.7000
5829,130481.7000
5830,130481.7000
5831,130481.7000
5832,130481.7000
5833,130481.7000
5834,130481.7000
5835,130481.7000
5836,130481.7000
5837,130481.7000
5838,130481.7000
5839,130481.7000
5840,130481.7000
5841,130481.7000
5842,130481.7000
5843,130481.7000
5844,130481.7000
5845,130481.7000
5846,130481.7000
5847,130481.7000
5848,130481.7000
5849,130481.7000
5850,130481.7000
5851,130481.7000
5852,130481.7000
5853,130481.7000
5854,130481.7000
5855,130481.7000
5856,130481.7000
5857,130481.7000
5858,130481.7000
5859,130481.7000
5860,130481.7000
5861,130481.7000
5862,130481.7000
5863,130481.7000
5864,130481.7000
5865,130481.7000
5866,130481.7000
5867,130481.7000
5868,130481.7000
5869,130481.7000
5870,130481.7000
5871,130481.7000
5872,130481.7000
5873,130481.7000
5874,130481.7000
5875,130481.7000
5876,130481.7000
5877,130481.7000
5878,130481.7000
5879,130481.7000
5880,130481.7000
5881,130481.7000
5882,130481.7000
5883,130481.7000
5884,130481.7000
5885,130481.7000
5886,130481.7000
5887,130481.7000
5888,130481.7000
5889,130481.7000
5890,130481.7000
5891,130481.7000
5892,130481.7000
5893,130481.7000
5894,130481.7000
5895,130481.7000
5896,130481.7000
5897,130481.7000
5898,130481.7000
5899,130481.7000
5900,130481.7000
5901,130481.7000
5902,130481.7000
5903,130481.7000
5904,130481.7000
5905,130481.7000
5906,130481.7000
5907,130481.7000
5908,130481.7000
5909,130481.7000
5910,130481.7000
5911,130481.7000
5912,130481.7000
5913,130481.7000
5914,130481.7000
5915,130481.7000
5916,130481.7000
5917,130481.7000
5918,130481.7000
5919,130481.7000
5920,130481.7000
5921,130481.7000
5922,130481.7000
5923,130481.7000
5924,130481.7000
5925,130481.7000
5926,130481.7000
5927,130481.7000
5928,130481.7000
5929,130481.7000
5930,130481.7000
5931,130481.7000
5932,130481.7000
5933,130481.7000
5934,130481.7000
5935,130481.7000
5936,130481.7000
5937,130481.7000
5938,130481.7000
5939,130481.7000
5940,130481.7000
5941,130481.7000
5942,130481.7000
5943,130481.7000
5944,130481.7000
5945,130481.7000
5946,130481.7000
5947,130481.7000
5948,130481.7000
5949,130481.7000
5950,130481.7000
5951,130481.7000
5952,130481.7000
5953,130481.7000
5954,130481.7000
5955,130481.7000
5956,130481.7000
5957,130481.7000
5958,130481.7000
5959,130481.7000
5960,130481.7000
5961,130481.7000
5962,130481.7000
5963,130481.7000
5964,130481.7000
5965,130481.7000
5966,130481.7000
5967,130481.7000
5968,130481.7000
5969,130481.7000
5970,130481.7000
5971,130481.7000
5972,130481.7000
5973,130481.7000
5974,130481.7000
5975,130481.7000
5976,130481.7000
5977,130481.7000
5978,130481.7000
5979,130481.7000
5980,130481.7000
5981,130481.7000
5982,130481.7000
5983,130481.7000
5984,130481.7000
5985,130481.7000
5986,130481.7000
5987,130481.7000
5988,130481.7000
5989,130481.7000
5990,130481.7000
5991,130481.7000
5992,130481.7000
5993,130481.7000
5994,130481.7000
5995,130481.7000
5996,130481.7000
5997,130481.7000
5998,130481.7000
5999,130481.7000
6000,130481.7000
6001,130481.7000
6002,130481.7000
6003,130481.7000
6004,130481.7000
6005,130481.7000
6006,130481.7000
6007,130481.7000
6008,130481.7000
6009,130481.7000
6010,130481.7000
6011,130481.7000
6012,130481.7000
6013,130481.7000
6014,130481.7000
6015,130481.7000
6016,130481.7000
6017,130481.7000
6018,130481.7000
6019,130481.7000
6020,130481.7000
6021,130481.7000
6022,130481.7000
6023,130481.7000
6024,130481.7000
6025,130481.7000
6026,130481.7000
6027,130481.7000
6028,130481.7000
6029,130481.7000
6030,130481.7000
6031,130481.7000
6032,130481.7000
6033,130481.7000
6034,130481.7000
6035,130481.7000
6036,130481.7000
6037,130481.7000
6038,130481.7000
6039,130481.7000
6040,130481.7000
6041,130481.7000
6042,130481.7000
6043,130481.7000
6044,130481.7000
6045,130481.7000
6046,130481.7000
6047,130481.7000
6048,130481.7000
6049,130481.7000
6050,130481.7000
6051,130481.7000
6052,130481.7000
6053,130481.7000
6054,130481.7000
6055,130481.7000
6056,130481.7000
6057,130481.7000
6058,130481.7000
6059,130481.7000
6060,130481.7000
6061,130481.7000
6062,130481.7000
6063,130481.7000
6064,130481.7000
6065,130481.7000
6066,130481.7000
6067,130481.7000
6068,130481.7000
6069,130481.7000
6070,130481.7000
6071,130481.7000
6072,130481.7000
6073,130481.7000
6074,130481.7000
6075,130481.7000
6076,130481.7000
6077,130481.7000
6078,130481.7000
6079,130481.7000
6080,130481.7000
6081,130481.7000
6082,130481.7000
6083,130481.7000
6084,130481.7000
6085,130481.7000
6086,130481.7000
6087,130481.7000
6088,130481.7000
6089,130481.7000
6090,130481.7000
6091,130481.7000
6092,130481.7000
6093,130481.7000
6094,130481.7000
6095,130481.7000
6096,130481.7000
6097,130481.7000
6098,130481.7000
6099,130481.7000
6100,130481.7000
6101,130481.7000
6102,130481.7000
6103,130481.7000
6104,130481.7000
6105,130481.7000
6106,130481.7000
6107,130481.7000
6108,130481.7000
6109,130481.7000
6110,130481.7000
6111,130481.7000
6112,130481.7000
6113,130481.7000
6114,130481.7000
6115,130481.7000
6116,130481.7000
6117,130481.7000
6118,130481.7000
6119,130481.7000
6120,130481.7000
6121,130481.7000
6122,130481.7000
6123,130481.7000
6124,130481.7000
6125,130481.7000
6126,130481.7000
6127,130481.7000
6128,130481.7000
6129,130481.7000
6130,130481.7000
6131,130481.7000
6132,130481.7000
6133,130481.7000
6134,130481.7000
6135,130481.7000
6136,130481.7000
6137,130481.7000
6138,130481.7000
6139,130481.7000
6140,130481.7000
6141,130481.7000
6142,130481.7000
6143,130481.7000
6144,130481.7000
6145,130481.7000
6146,130481.7000
6147,130481.7000
6148,130481.7000
6149,130481.7000
6150,130481.7000
6151,130481.7000
6152,130481.7000
6153,130481.7000
6154,130481.7000
6155,130481.7000
6156,130481.7000
6157,130481.7000
6158,130481.7000
6159,130481.7000
6160,130481.7000
6161,130481.7000
6162,130481.7000
6163,130481.7000
6164,130481.7000
6165,130481.7000
6166,130481.7000
6167,130481.7000
6168,130481.7000
6169,130481.7000
6170,130481.7000
6171,130481.7000
6172,130481.7000
6173,130481.7000
6174,130481.7000
6175,130481.7000
6176,130481.7000
6177,130481.7000
6178,130481.7000
6179,130481.7000
6180,130481.7000
6181,130481.7000
6182,130481.7000
6183,130481.7000
6184,130481.7000
6185,130481.7000
6186,130481.7000
6187,130481.7000
6188,130481.7000
6189,130481.7000
6190,130481.7000
6191,130481.7000
6192,130481.7000
6193,130481.7000
6194,130481.7000
6195,130481.7000
6196,130481.7000
6197,130481.7000
6198,130481.7000
6199,130481.7000
6200,130481.7000
6201,130481.7000
6202,130481.7000
6203,130481.7000
6204,130481.7000
6205,130481.7000
6206,130481.7000
6207,130481.7000
6208,130481.7000
6209,130481.7000
6210,130481.7000
6211,130481.7000
6212,130481.7000
6213,130481.7000
6214,130481.7000
6215,130481.7000
6216,130481.7000
6217,130481.7000
6218,130481.7000
6219,130481.7000
6220,130481.7000
6221,130481.7000
6222,130481.7000
6223,130481.7000
6224,130481.7000
6225,130481.7000
6226,130481.7000
6227,130481.7000
6228,130481.7000
6229,130481.7000
6230,130481.7000
6231,130481.7000
6232,130481.7000
6233,130481.7000
6234,130481.7000
6235,130481.7000
6236,130481.7000
6237,130481.7000
6238,130481.7000
6239,130481.7000
6240,130481.7000
6241,130481.7000
6242,130481.7000
6243,130481.7000
6244,130481.7000
6245,130481.7000
6246,130481.7000
6247,130481.7000
6248,130481.7000
6249,130481.7000
6250,130481.7000
6251,130481.7000
6252,130481.7000
6253,130481.7000
6254,130481.7000
6255,130481.7000
6256,130481.7000
6257,130481.7000
6258,130481.7000
6259,130481.7000
6260,130481.7000
6261,130481.7000
6262,130481.7000
6263,130481.7000
6264,130481.7000
6265,130481.7000
6266,130481.7000
6267,130481.7000
6268,130481.7000
6269,130481.7000
6270,130481.7000
6271,130481.7000
6272,130481.7000
6273,130481.7000
6274,130481.7000
6275,130481.7000
6276,130481.7000
6277,130481.7000
6278,130481.7000
6279,130481.7000
6280,130481.7000
6281,130481.7000
6282,130481.7000
6283,130481.7000
6284,130481.7000
6285,130481.7000
6286,130481.7000
6287,130481.7000
6288,130481.7000
6289,130481.7000
6290,130481.7000
6291,130481.7000
6292,130481.7000
6293,130481.7000
6294,130481.7000
6295,130481.7000
6296,130481.7000
6297,130481.7000
6298,130481.7000
6299,130481.7000
6300,130481.7000
6301,130481.7000
6302,130481.7000
6303,130481.7000
6304,130481.7000
6305,130481.7000
6306,130481.7000
6307,130481.7000
6308,130481.7000
6309,130481.7000
6310,130481.7000
6311,130481.7000
6312,130481.7000
6313,130481.7000
6314,130481.7000
6315,130481.7000
6316,130481.7000
6317,130481.7000
6318,130481.7000
6319,130481.7000
6320,130481.7000
6321,130481.7000
6322,130481.7000
6323,130481.7000
6324,130481.7000
6325,130481.7000
6326,130481.7000
6327,130481.7000
6328,130481.7000
6329,130481.7000
6330,130481.7000
6331,130481.7000
6332,130481.7000
6333,130481.7000
6334,130481.7000
6335,130481.7000
6336,130481.7000
6337,130481.7000
6338,130481.7000
6339,130481.7000
6340,130481.7000
6341,130481.7000
6342,130481.7000
6343,130481.7000
6344,130481.7000
6345,130481.7000
6346,130481.7000
6347,130481.7000
6348,130481.7000
6349,130481.7000
6350,130481.7000
6351,130481.7000
6352,130481.7000
6353,130481.7000
6354,130481.7000
6355,130481.7000
6356,130481.7000
6357,130481.7000
6358,130481.7000
6359,130481.7000
6360,130481.7000
6361,130481.7000
6362,130481.7000
6363,130481.7000
6364,130481.7000
6365,130481.7000
6366,130481.7000
6367,130481.7000
6368,130481.7000
6369,130481.7000
6370,130481.7000
6371,130481.7000
6372,130481.7000
6373,130481.7000
6374,130481.7000
6375,130481.7000
6376,130481.7000
6377,130481.7000
6378,130481.7000
6379,130481.7000
6380,130481.7000
6381,130481.7000
6382,130481.7000
6383,130481.7000
6384,130481.7000
6385,130481.7000
6386,130481.7000
6387,130481.7000
6388,130481.7000
6389,130481.7000
6390,130481.7000
6391,130481.7000
6392,130481.7000
6393,130481.7000
6394,130481.7000
6395,130481.7000
6396,130481.7000
6397,130481.7000
6398,130481.7000
6399,130481.7000
6400,130481.7000
6401,130481.7000
6402,130481.7000
6403,130481.7000
6404,130481.7000
6405,130481.7000
6406,130481.7000
6407,130481.7000
6408,130481.7000
6409,130481.7000
6410,130481.7000
6411,130481.7000
6412,130481.7000
6413,130481.7000
6414,130481.7000
6415,130481.7000
6416,130481.7000
6417,130481.7000
6418,130481.7000
6419,130481.7000
6420,130481.7000
6421,130481.7000
6422,130481.7000
6423,130481.7000
6424,130481.7000
6425,130481.7000
6426,130481.7000
6427,130481.7000
6428,130481.7000
6429,130481.7000
6430,130481.7000
6431,130481.7000
6432,130481.7000
6433,130481.7000
6434,130481.7000
6435,130481.7000
6436,130481.7000
6437,130481.7000
6438,130481.7000
6439,130481.7000
6440,130481.7000
6441,130481.7000
6442,130481.7000
6443,130481.7000
6444,130481.7000
6445,130481.7000
6446,130481.7000
6447,130481.7000
6448,130481.7000
6449,130481.7000
6450,130481.7000
6451,130481.7000
6452,130481.7000
6453,130481.7000
6454,130481.7000
6455,130481.7000
6456,130481.7000
6457,130481.7000
6458,130481.7000
6459,130481.7000
6460,130481.7000
6461,130481.7000
6462,130481.7000
6463,130481.7000
6464,130481.7000
6465,130481.7000
6466,130481.7000
6467,130481.7000
6468,130481.7000
6469,130481.7000
6470,130481.7000
6471,130481.7000
6472,130481.7000
6473,130481.7000
6474,130481.7000
6475,130481.7000
6476,130481.7000
6477,130481.7000
6478,130481.7000
6479,130481.7000
6480,130481.7000
6481,130481.7000
6482,130481.7000
6483,130481.7000
6484,130481.7000
6485,130481.7000
6486,130481.7000
6487,130481.7000
6488,130481.7000
6489,130481.7000
6490,130481.7000
6491,130481.7000
6492,130481.7000
6493,130481.7000
6494,130481.7000
6495,130481.7000
6496,130481.7000
6497,130481.7000
6498,130481.7000
6499,130481.7000
6500,130481.7000
6501,130481.7000
6502,130481.7000
6503,130481.7000
6504,130481.7000
6505,130481.7000
6506,130481.7000
6507,130481.7000
6508,130481.7000
6509,130481.7000
6510,130481.7000
6511,130481.7000
6512,130481.7000
6513,130481.7000
6514,130481.7000
6515,130481.7000
6516,130481.7000
6517,130481.7000
6518,130481.7000
6519,130481.7000
6520,130481.7000
6521,130481.7000
6522,130481.7000
6523,130481.7000
6524,130481.7000
6525,130481.7000
6526,130481.7000
6527,130481.7000
6528,130481.7000
6529,130481.7000
6530,130481.7000
6531,130481.7000
6532,130481.7000
6533,130481.7000
6534,130481.7000
6535,130481.7000
6536,130481.7000
6537,130481.7000
6538,130481.7000
6539,130481.7000
6540,130481.7000
6541,130481.7000
6542,130481.7000
6543,130481.7000
6544,130481.7000
6545,130481.7000
6546,130481.7000
6547,130481.7000
6548,130481.7000
6549,130481.7000
6550,130481.7000
6551,130481.7000
6552,130481.7000
6553,130481.7000
6554,130481.7000
6555,130481.7000
6556,130481.7000
6557,130481.7000
6558,130481.7000
6559,130481.7000
6560,130481.7000
6561,130481.7000
6562,130481.7000
6563,130481.7000
6564,130481.7000
6565,130481.7000
6566,130481.7000
6567,130481.7000
6568,130481.7000
6569,130481.7000
6570,130481.7000
6571,130481.7000
6572,130481.7000
6573,130481.7000
6574,130481.7000
6575,130481.7000
6576,130481.7000
6577,130481.7000
6578,130481.7000
6579,130481.7000
6580,130481.7000
6581,130481.7000
6582,130481.7000
6583,130481.7000
6584,130481.7000
6585,130481.7000
6586,130481.7000
6587,130481.7000
6588,130481.7000
6589,130481.7000
6590,130481.7000
6591,130481.7000
6592,130481.7000
6593,130481.7000
6594,130481.7000
6595,130481.7000
6596,130481.7000
6597,130481.7000
6598,130481.7000
6599,130481.7000
6600,130481.7000
6601,130481.7000
6602,130481.7000
6603,130481.7000
6604,130481.7000
6605,130481.7000
6606,130481.7000
6607,130481.7000
6608,130481.7000
6609,130481.7000
6610,130481.7000
6611,130481.7000
6612,130481.7000
6613,130481.7000
6614,130481.7000
6615,130481.7000
6616,130481.7000
6617,130481.7000
6618,130481.7000
6619,130481.7000
6620,130481.7000
6621,130481.7000
6622,130481.7000
6623,130481.7000
6624,130481.7000
6625,130481.7000
6626,130481.7000
6627,130481.7000
6628,130481.7000
6629,130481.7000
6630,130481.7000
6631,130481.7000
6632,130481.7000
6633,130481.7000
6634,130481.7000
6635,130481.7000
6636,130481.7000
6637,130481.7000
6638,130481.7000
6639,130481.7000
6640,130481.7000
6641,130481.7000
6642,130481.7000
6643,130481.7000
6644,130481.7000
6645,130481.7000
6646,130481.7000
6647,130481.7000
6648,130481.7000
6649,130481.7000
6650,130481.7000
6651,130481.7000
6652,130481.7000
6653,130481.7000
6654,130481.7000
6655,130481.7000
6656,130481.7000
6657,130481.7000
6658,130481.7000
6659,130481.7000
6660,130481.7000
6661,130481.7000
6662,130481.7000
6663,130481.7000
6664,130481.7000
6665,130481.7000
6666,130481.7000
6667,130481.7000
6668,130481.7000
6669,130481.7000
6670,130481.7000
6671,130481.7000
6672,130481.7000
6673,130481.7000
6674,130481.7000
6675,130481.7000
6676,130481.7000
6677,130481.7000
6678,130481.7000
6679,130481.7000
6680,130481.7000
6681,130481.7000
6682,130481.7000
6683,130481.7000
6684,130481.7000
6685,130481.7000
6686,130481.7000
6687,130481.7000
6688,130481.7000
6689,130481.7000
6690,130481.7000
6691,130481.7000
6692,130481.7000
6693,130481.7000
6694,130481.7000
6695,130481.7000
6696,130481.7000
6697,130481.7000
6698,130481.7000
6699,130481.7000
6700,130481.7000
6701,130481.7000
6702,130481.7000
6703,130481.7000
6704,130481.7000
6705,130481.7000
6706,130481.7000
6707,130481.7000
6708,130481.7000
6709,130481.7000
6710,130481.7000
6711,130481.7000
6712,130481.7000
6713,130481.7000
6714,130481.7000
6715,130481.7000
6716,130481.7000
6717,130481.7000
6718,130481.7000
6719,130481.7000
6720,130481.7000
6721,130481.7000
6722,130481.7000
6723,130481.7000
6724,130481.7000
6725,130481.7000
6726,130481.7000
6727,130481.7000
6728,130481.7000
6729,130481.7000
6730,130481.7000
6731,130481.7000
6732,130481.7000
6733,130481.7000
6734,130481.7000
6735,130481.7000
6736,130481.7000
6737,130481.7000
6738,130481.7000
6739,130481.7000
6740,130481.7000
6741,130481.7000
6742,130481.7000
6743,130481.7000
6744,130481.7000
6745,130481.7000
6746,130481.7000
6747,130481.7000
6748,130481.7000
6749,130481.7000
6750,130481.7000
6751,130481.7000
6752,130481.7000
6753,130481.7000
6754,130481.7000
6755,130481.7000
6756,130481.7000
6757,130481.7000
6758,130481.7000
6759,130481.7000
6760,130481.7000
6761,130481.7000
6762,130481.7000
6763,130481.7000
6764,130481.7000
6765,130481.7000
6766,130481.7000
6767,130481.7000
6768,130481.7000
6769,130481.7000
6770,130481.7000
6771,130481.7000
6772,130481.7000
6773,130481.7000
6774,130481.7000
6775,130481.7000
6776,130481.7000
6777,130481.7000
6778,130481.7000
6779,130481.7000
6780,130481.7000
6781,130481.7000
6782,130481.7000
6783,130481.7000
6784,130481.7000
6785,130481.7000
6786,130481.7000
6787,130481.7000
6788,130481.7000
6789,130481.7000
6790,130481.7000
6791,130481.7000
6792,130481.7000
6793,130481.7000
6794,130481.7000
6795,130481.7000
6796,130481.7000
6797,130481.7000
6798,130481.7000
6799,130481.7000
6800,130481.7000
6801,130481.7000
6802,130481.7000
6803,130481.7000
6804,130481.7000
6805,130481.7000
6806,130481.7000
6807,130481.7000
6808,130481.7000
6809,130481.7000
6810,130481.7000
6811,130481.7000
6812,130481.7000
6813,130481.7000
6814,130481.7000
6815,130481.7000
6816,130481.7000
6817,130481.7000
6818,130481.7000
6819,130481.7000
6820,130481.7000
6821,130481.7000
6822,130481.7000
6823,130481.7000
6824,130481.7000
6825,130481.7000
6826,130481.7000
6827,130481.7000
6828,130481.7000
6829,130481.7000
6830,130481.7000
6831,130481.7000
6832,130481.7000
6833,130481.7000
6834,130481.7000
6835,130481.7000
6836,130481.7000
6837,130481.7000
6838,130481.7000
6839,130481.7000
6840,130481.7000
6841,130481.7000
6842,130481.7000
6843,130481.7000
6844,130481.7000
6845,130481.7000
6846,130481.7000
6847,130481.7000
6848,130481.7000
6849,130481.7000
6850,130481.7000
6851,130481.7000
6852,130481.7000
6853,130481.7000
6854,130481.7000
6855,130481.7000
6856,130481.7000
6857,130481.7000
6858,130481.7000
6859,130481.7000
6860,130481.7000
6861,130481.7000
6862,130481.7000
6863,130481.7000
6864,130481.7000
6865,130481.7000
6866,130481.7000
6867,130481.7000
6868,130481.7000
6869,130481.7000
6870,130481.7000
6871,130481.7000
6872,130481.7000
6873,130481.7000
6874,130481.7000
6875,130481.7000
6876,130481.7000
6877,130481.7000
6878,130481.7000
6879,130481.7000
6880,130481.7000
6881,130481.7000
6882,130481.7000
6883,130481.7000
6884,130481.7000
6885,130481.7000
6886,130481.7000
6887,130481.7000
6888,130481.7000
6889,130481.7000
6890,130481.7000
6891,130481.7000
6892,130481.7000
6893,130481.7000
6894,130481.7000
6895,130481.7000
6896,130481.7000
6897,130481.7000
6898,130481.7000
6899,130481.7000
6900,130481.7000
6901,130481.7000
6902,130481.7000
6903,130481.7000
6904,130481.7000
6905,130481.7000
6906,130481.7000
6907,130481.7000
6908,130481.7000
6909,130481.7000
6910,130481.7000
6911,130481.7000
6912,130481.7000
6913,130481.7000
6914,130481.7000
6915,130481.7000
6916,130481.7000
6917,130481.7000
6918,130481.7000
6919,130481.7000
6920,130481.7000
6921,130481.7000
6922,130481.7000
6923,130481.7000
6924,130481.7000
6925,130481.7000
6926,130481.7000
6927,130481.7000
6928,130481.7000
6929,130481.7000
6930,130481.7000
6931,130481.7000
6932,130481.7000
6933,130481.7000
6934,130481.7000
6935,130481.7000
6936,130481.7000
6937,130481.7000
6938,130481.7000
6939,130481.7000
6940,130481.7000
6941,130481.7000
6942,130481.7000
6943,130481.7000
6944,130481.7000
6945,130481.7000
6946,130481.7000
6947,130481.7000
6948,130481.7000
6949,130481.7000
6950,130481.7000
6951,130481.7000
6952,130481.7000
6953,130481.7000
6954,130481.7000
6955,130481.7000
6956,130481.7000
6957,130481.7000
6958,130481.7000
6959,130481.7000
6960,130481.7000
6961,130481.7000
6962,130481.7000
6963,130481.7000
6964,130481.7000
6965,130481.7000
6966,130481.7000
6967,130481.7000
6968,130481.7000
6969,130481.7000
6970,130481.7000
6971,130481.7000
6972,130481.7000
6973,130481.7000
6974,130481.7000
6975,130481.7000
6976,130481.7000
6977,130481.7000
6978,130481.7000
6979,130481.7000
6980,130481.7000
6981,130481.7000
6982,130481.7000
6983,130481.7000
6984,130481.7000
6985,130481.7000
6986,130481.7000
6987,130481.7000
6988,130481.7000
6989,130481.7000
6990,130481.7000
6991,130481.7000
6992,130481.7000
6993,130481.7000
6994,130481.7000
6995,130481.7000
6996,130481.7000
6997,130481.7000
6998,130481.7000
6999,130481.7000
7000,130481.7000
7001,130481.7000
7002,130481.7000
7003,130481.7000
7004,130481.7000
7005,130481.7000
7006,130481.7000
7007,130481.7000
7008,130481.7000
7009,130481.7000
7010,130481.7000
7011,130481.7000
7012,130481.7000
7013,130481.7000
7014,130481.7000
7015,130481.7000
7016,130481.7000
7017,130481.7000
7018,130481.7000
7019,130481.7000
7020,130481.7000
7021,130481.7000
7022,130481.7000
7023,130481.7000
7024,130481.7000
7025,130481.7000
7026,130481.7000
7027,130481.7000
7028,130481.7000
7029,130481.7000
7030,130481.7000
7031,130481.7000
7032,130481.7000
7033,130481.7000
7034,130481.7000
7035,130481.7000
7036,130481.7000
7037,130481.7000
7038,130481.7000
7039,130481.7000
7040,130481.7000
7041,130481.7000
7042,130481.7000
7043,130481.7000
7044,130481.7000
7045,130481.7000
7046,130481.7000
7047,130481.7000
7048,130481.7000
7049,130481.7000
7050,130481.7000
7051,130481.7000
7052,130481.7000
7053,130481.7000
7054,130481.7000
7055,130481.7000
7056,130481.7000
7057,130481.7000
7058,130481.7000
7059,130481.7000
7060,130481.7000
7061,130481.7000
7062,130481.7000
7063,130481.7000
7064,130481.7000
7065,130481.7000
7066,130481.7000
7067,130481.7000
7068,130481.7000
7069,130481.7000
7070,130481.7000
7071,130481.7000
7072,130481.7000
7073,130481.7000
7074,130481.7000
7075,130481.7000
7076,130481.7000
7077,130481.7000
7078,130481.7000
7079,130481.7000
7080,130481.7000
7081,130481.7000
7082,130481.7000
7083,130481.7000
7084,130481.7000
7085,130481.7000
7086,130481.7000
7087,130481.7000
7088,130481.7000
7089,130481.7000
7090,130481.7000
7091,130481.7000
7092,130481.7000
7093,130481.7000
7094,130481.7000
7095,130481.7000
7096,130481.7000
7097,130481.7000
7098,130481.7000
7099,130481.7000
7100,130481.7000
7101,130481.7000
7102,130481.7000
7103,130481.7000
7104,130481.7000
7105,130481.7000
7106,130481.7000
7107,130481.7000
7108,130481.7000
7109,130481.7000
7110,130481.7000
7111,130481.7000
7112,130481.7000
7113,130481.7000
7114,130481.7000
7115,130481.7000
7116,130481.7000
7117,130481.7000
7118,130481.7000
7119,130481.7000
7120,130481.7000
7121,130481.7000
7122,130481.7000
7123,130481.7000
7124,130481.7000
7125,130481.7000
7126,130481.7000
7127,130481.7000
7128,130481.7000
7129,130481.7000
7130,130481.7000
7131,130481.7000
7132,130481.7000
7133,130481.7000
7134,130481.7000
7135,130481.7000
7136,130481.7000
7137,130481.7000
7138,130481.7000
7139,130481.7000
7140,130481.7000
7141,130481.7000
7142,130481.7000
7143,130481.7000
7144,130481.7000
7145,130481.7000
7146,130481.7000
7147,130481.7000
7148,130481.7000
7149,130481.7000
7150,130481.7000
7151,130481.7000
7152,130481.7000
7153,130481.7000
7154,130481.7000
7155,130481.7000
7156,130481.7000
7157,130481.7000
7158,130481.7000
7159,130481.7000
7160,130481.7000
7161,130481.7000
7162,130481.7000
7163,130481.7000
7164,130481.7000
7165,130481.7000
7166,130481.7000
7167,130481.7000
7168,130481.7000
7169,130481.7000
7170,130481.7000
7171,130481.7000
7172,130481.7000
7173,130481.7000
7174,130481.7000
7175,130481.7000
7176,130481.7000
7177,130481.7000
7178,130481.7000
7179,130481.7000
7180,130481.7000
7181,130481.7000
7182,130481.7000
7183,130481.7000
7184,130481.7000
7185,130481.7000
7186,130481.7000
7187,130481.7000
7188,130481.7000
7189,130481.7000
7190,130481.7000
7191,130481.7000
7192,130481.7000
7193,130481.7000
7194,130481.7000
7195,130481.7000
7196,130481.7000
7197,130481.7000
7198,130481.7000
7199,130481.7000
7200,130481.7000
7201,130481.7000
7202,130481.7000
7203,130481.7000
7204,130481.7000
7205,130481.7000
7206,130481.7000
7207,130481.7000
7208,130481.7000
7209,130481.7000
7210,130481.7000
7211,130481.7000
7212,130481.7000
7213,130481.7000
7214,130481.7000
7215,130481.7000
7216,130481.7000
7217,130481.7000
7218,130481.7000
7219,130481.7000
7220,130481.7000
7221,130481.7000
7222,130481.7000
7223,130481.7000
7224,130481.7000
7225,130481.7000
7226,130481.7000
7227,130481.7000
7228,130481.7000
7229,130481.7000
7230,130481.7000
7231,130481.7000
7232,130481.7000
7233,130481.7000
7234,130481.7000
7235,130481.7000
7236,130481.7000
7237,130481.7000
7238,130481.7000
7239,130481.7000
7240,130481.7000
7241,130481.7000
7242,130481.7000
7243,130481.7000
7244,130481.7000
7245,130481.7000
7246,130481.7000
7247,130481.7000
7248,130481.7000
7249,130481.7000
7250,130481.7000
7251,130481.7000
7252,130481.7000
7253,130481.7000
7254,130481.7000
7255,130481.7000
7256,130481.7000
7257,130481.7000
7258,130481.7000
7259,130481.7000
7260,130481.7000
7261,130481.7000
7262,130481.7000
7263,130481.7000
7264,130481.7000
7265,130481.7000
7266,130481.7000
7267,130481.7000
7268,130481.7000
7269,130481.7000
7270,130481.7000
7271,130481.7000
7272,130481.7000
7273,130481.7000
7274,130481.7000
7275,130481.7000
7276,130481.7000
7277,130481.7000
7278,130481.7000
7279,130481.7000
7280,130481.7000
7281,130481.7000
7282,130481.7000
7283,130481.7000
7284,130481.7000
7285,130481.7000
7286,130481.7000
7287,130481.7000
7288,130481.7000
7289,130481.7000
7290,130481.7000
7291,130481.7000
7292,130481.7000
7293,130481.7000
7294,130481.7000
7295,130481.7000
7296,130481.7000
7297,130481.7000
7298,130481.7000
7299,130481.7000
7300,130481.7000
7301,130481.7000
7302,130481.7000
7303,130481.7000
7304,130481.7000
7305,130481.7000
7306,130481.7000
7307,130481.7000
7308,130481.7000
7309,130481.7000
7310,130481.7000
7311,130481.7000
7312,130481.7000
7313,130481.7000
7314,130481.7000
7315,130481.7000
7316,130481.7000
7317,130481.7000
7318,130481.7000
7319,130481.7000
7320,130481.7000
7321,130481.7000
7322,130481.7000
7323,130481.7000
7324,130481.7000
7325,130481.7000
7326,130481.7000
7327,130481.7000
7328,130481.7000
7329,130481.7000
7330,130481.7000
7331,130481.7000
7332,130481.7000
7333,130481.7000
7334,130481.7000
7335,130481.7000
7336,130481.7000
7337,130481.7000
7338,130481.7000
7339,130481.7000
7340,130481.7000
7341,130481.7000
7342,130481.7000
7343,130481.7000
7344,130481.7000
7345,130481.7000
7346,130481.7000
7347,130481.7000
7348,130481.7000
7349,130481.7000
7350,130481.7000
7351,130481.7000
7352,130481.7000
7353,130481.7000
7354,130481.7000
7355,130481.7000
7356,130481.7000
7357,130481.7000
7358,130481.7000
7359,130481.7000
7360,130481.7000
7361,130481.7000
7362,130481.7000
7363,130481.7000
7364,130481.7000
7365,130481.7000
7366,130481.7000
7367,130481.7000
7368,130481.7000
7369,130481.7000
7370,130481.7000
7371,130481.7000
7372,130481.7000
7373,130481.7000
7374,130481.7000
7375,130481.7000
7376,130481.7000
7377,130481.7000
7378,130481.7000
7379,130481.7000
7380,130481.7000
7381,130481.7000
7382,130481.7000
7383,130481.7000
7384,130481.7000
7385,130481.7000
7386,130481.7000
7387,130481.7000
7388,130481.7000
7389,130481.7000
7390,130481.7000
7391,130481.7000
7392,130481.7000
7393,130481.7000
7394,130481.7000
7395,130481.7000
7396,130481.7000
7397,130481.7000
7398,130481.7000
7399,130481.7000
7400,130481.7000
7401,130481.7000
7402,130481.7000
7403,130481.7000
7404,130481.7000
7405,130481.7000
7406,130481.7000
7407,130481.7000
7408,130481.7000
7409,130481.7000
7410,130481.7000
7411,130481.7000
7412,130481.7000
7413,130481.7000
7414,130481.7000
7415,130481.7000
7416,130481.7000
7417,130481.7000
7418,130481.7000
7419,130481.7000
7420,130481.7000
7421,130481.7000
7422,130481.7000
7423,130481.7000
7424,130481.7000
7425,130481.7000
7426,130481.7000
7427,130481.7000
7428,130481.7000
7429,130481.7000
7430,130481.7000
7431,130481.7000
7432,130481.7000
7433,130481.7000
7434,130481.7000
7435,130481.7000
7436,130481.7000
7437,130481.7000
7438,130481.7000
7439,130481.7000
7440,130481.7000
7441,130481.7000
7442,130481.7000
7443,130481.7000
7444,130481.7000
7445,130481.7000
7446,130481.7000
7447,130481.7000
7448,130481.7000
7449,130481.7000
7450,130481.7000
7451,130481.7000
7452,130481.7000
7453,130481.7000
7454,130481.7000
7455,130481.7000
7456,130481.7000
7457,130481.7000
7458,130481.7000
7459,130481.7000
7460,130481.7000
7461,130481.7000
7462,130481.7000
7463,130481.7000
7464,130481.7000
7465,130481.7000
7466,130481.7000
7467,130481.7000
7468,130481.7000
7469,130481.7000
7470,130481.7000
7471,130481.7000
7472,130481.7000
7473,130481.7000
7474,130481.7000
7475,130481.7000
7476,130481.7000
7477,130481.7000
7478,130481.7000
7479,130481.7000
7480,130481.7000
7481,130481.7000
7482,130481.7000
7483,130481.7000
7484,130481.7000
7485,130481.7000
7486,130481.7000
7487,130481.7000
7488,130481.7000
7489,130481.7000
7490,130481.7000
7491,130481.7000
7492,130481.7000
7493,130481.7000
7494,130481.7000
7495,130481.7000
7496,130481.7000
7497,130481.7000
7498,130481.7000
7499,130481.7000
7500,130481.7000
7501,130481.7000
7502,130481.7000
7503,130481.7000
7504,130481.7000
7505,130481.7000
7506,130481.7000
7507,130481.7000
7508,130481.7000
7509,130481.7000
7510,130481.7000
7511,130481.7000
7512,130481.7000
7513,130481.7000
7514,130481.7000
7515,130481.7000
7516,130481.7000
7517,130481.7000
7518,130481.7000
7519,130481.7000
7520,130481.7000
7521,130481.7000
7522,130481.7000
7523,130481.7000
7524,130481.7000
7525,130481.7000
7526,130481.7000
7527,130481.7000
7528,130481.7000
7529,130481.7000
7530,130481.7000
7531,130481.7000
7532,130481.7000
7533,130481.7000
7534,130481.7000
7535,130481.7000
7536,130481.7000
7537,130481.7000
7538,130481.7000
7539,130481.7000
7540,130481.7000
7541,130481.7000
7542,130481.7000
7543,130481.7000
7544,130481.7000
7545,130481.7000
7546,130481.7000
7547,130481.7000
7548,130481.7000
7549,130481.7000
7550,130481.7000
7551,130481.7000
7552,130481.7000
7553,130481.7000
7554,130481.7000
7555,130481.7000
7556,130481.7000
7557,130481.7000
7558,130481.7000
7559,130481.7000
7560,130481.7000
7561,130481.7000
7562,130481.7000
7563,130481.7000
7564,130481.7000
7565,130481.7000
7566,130481.7000
7567,130481.7000
7568,130481.7000
7569,130481.7000
7570,130481.7000
7571,130481.7000
7572,130481.7000
7573,130481.7000
7574,130481.7000
7575,130481.7000
7576,130481.7000
7577,130481.7000
7578,130481.7000
7579,130481.7000
7580,130481.7000
7581,130481.7000
7582,130481.7000
7583,130481.7000
7584,130481.7000
7585,130481.7000
7586,130481.7000
7587,130481.7000
7588,130481.7000
7589,130481.7000
7590,130481.7000
7591,130481.7000
7592,130481.7000
7593,130481.7000
7594,130481.7000
7595,130481.7000
7596,130481.7000
7597,130481.7000
7598,130481.7000
7599,130481.7000
7600,130481.7000
7601,130481.7000
7602,130481.7000
7603,130481.7000
7604,130481.7000
7605,130481.7000
7606,130481.7000
7607,130481.7000
7608,130481.7000
7609,130481.7000
7610,130481.7000
7611,130481.7000
7612,130481.7000
7613,130481.7000
7614,130481.7000
7615,130481.7000
7616,130481.7000
7617,130481.7000
7618,130481.7000
7619,130481.7000
7620,130481.7000
7621,130481.7000
7622,130481.7000
7623,130481.7000
7624,130481.7000
7625,130481.7000
7626,130481.7000
7627,130481.7000
7628,130481.7000
7629,130481.7000
7630,130481.7000
7631,130481.7000
7632,130481.7000
7633,130481.7000
7634,130481.7000
7635,130481.7000
7636,130481.7000
7637,130481.7000
7638,130481.7000
7639,130481.7000
7640,130481.7000
7641,130481.7000
7642,130481.7000
7643,130481.7000
7644,130481.7000
7645,130481.7000
7646,130481.7000
7647,130481.7000
7648,130481.7000
7649,130481.7000
7650,130481.7000
7651,130481.7000
7652,130481.7000
7653,130481.7000
7654,130481.7000
7655,130481.7000
7656,130481.7000
7657,130481.7000
7658,130481.7000
7659,130481.7000
7660,130481.7000
7661,130481.7000
7662,130481.7000
7663,130481.7000
7664,130481.7000
7665,130481.7000
7666,130481.7000
7667,130481.7000
7668,130481.7000
7669,130481.7000
7670,130481.7000
7671,130481.7000
7672,130481.7000
7673,130481.7000
7674,130481.7000
7675,130481.7000
7676,130481.7000
7677,130481.7000
7678,130481.7000
7679,130481.7000
7680,130481.7000
7681,130481.7000
7682,130481.7000
7683,130481.7000
7684,130481.7000
7685,130481.7000
7686,130481.7000
7687,130481.7000
7688,130481.7000
7689,130481.7000
7690,130481.7000
7691,130481.7000
7692,130481.7000
7693,130481.7000
7694,130481.7000
7695,130481.7000
7696,130481.7000
7697,130481.7000
7698,130481.7000
7699,130481.7000
7700,130481.7000
7701,130481.7000
7702,130481.7000
7703,130481.7000
7704,130481.7000
7705,130481.7000
7706,130481.7000
7707,130481.7000
7708,130481.7000
7709,130481.7000
7710,130481.7000
7711,130481.7000
7712,130481.7000
7713,130481.7000
7714,130481.7000
7715,130481.7000
7716,130481.7000
7717,130481.7000
7718,130481.7000
7719,130481.7000
7720,130481.7000
7721,130481.7000
7722,130481.7000
7723,130481.7000
7724,130481.7000
7725,130481.7000
7726,130481.7000
7727,130481.7000
7728,130481.7000
7729,130481.7000
7730,130481.7000
7731,130481.7000
7732,130481.7000
7733,130481.7000
7734,130481.7000
7735,130481.7000
7736,130481.7000
7737,130481.7000
7738,130481.7000
7739,130481.7000
7740,130481.7000
7741,130481.7000
7742,130481.7000
7743,130481.7000
7744,130481.7000
7745,130481.7000
7746,130481.7000
7747,130481.7000
7748,130481.7000
7749,130481.7000
7750,130481.7000
7751,130481.7000
7752,130481.7000
7753,130481.7000
7754,130481.7000
7755,130481.7000
7756,130481.7000
7757,130481.7000
7758,130481.7000
7759,130481.7000
7760,130481.7000
7761,130481.7000
7762,130481.7000
7763,130481.7000
7764,130481.7000
7765,130481.7000
7766,130481.7000
7767,130481.7000
7768,130481.7000
7769,130481.7000
7770,130481.7000
7771,130481.7000
7772,130481.7000
7773,130481.7000
7774,130481.7000
7775,130481.7000
7776,130481.7000
7777,130481.7000
7778,130481.7000
7779,130481.7000
7780,130481.7000
7781,130481.7000
7782,130481.7000
7783,130481.7000
7784,130481.7000
7785,130481.7000
7786,130481.7000
7787,130481.7000
7788,130481.7000
7789,130481.7000
7790,130481.7000
7791,130481.7000
7792,130481.7000
7793,130481.7000
7794,130481.7000
7795,130481.7000
7796,130481.7000
7797,130481.7000
7798,130481.7000
7799,130481.7000
7800,130481.7000
7801,130481.7000
7802,130481.7000
7803,130481.7000
7804,130481.7000
7805,130481.7000
7806,130481.7000
7807,130481.7000
7808,130481.7000
7809,130481.7000
7810,130481.7000
7811,130481.7000
7812,130481.7000
7813,130481.7000
7814,130481.7000
7815,130481.7000
7816,130481.7000
7817,130481.7000
7818,130481.7000
7819,130481.7000
7820,130481.7000
7821,130481.7000
7822,130481.7000
7823,130481.7000
7824,130481.7000
7825,130481.7000
7826,130481.7000
7827,130481.7000
7828,130481.7000
7829,130481.7000
7830,130481.7000
7831,130481.7000
7832,130481.7000
7833,130481.7000
7834,130481.7000
7835,130481.7000
7836,130481.7000
7837,130481.7000
7838,130481.7000
7839,130481.7000
7840,130481.7000
7841,130481.7000
7842,130481.7000
7843,130481.7000
7844,130481.7000
7845,130481.7000
7846,130481.7000
7847,130481.7000
7848,130481.7000
7849,130481.7000
7850,130481.7000
7851,130481.7000
7852,130481.7000
7853,130481.7000
7854,130481.7000
7855,130481.7000
7856,130481.7000
7857,130481.7000
7858,130481.7000
7859,130481.7000
7860,130481.7000
7861,130481.7000
7862,130481.7000
7863,130481.7000
7864,130481.7000
7865,130481.7000
7866,130481.7000
7867,130481.7000
7868,130481.7000
7869,130481.7000
7870,130481.7000
7871,130481.7000
7872,130481.7000
7873,130481.7000
7874,130481.7000
7875,130481.7000
7876,130481.7000
7877,130481.7000
7878,130481.7000
7879,130481.7000
7880,130481.7000
7881,130481.7000
7882,130481.7000
7883,130481.7000
7884,130481.7000
7885,130481.7000
7886,130481.7000
7887,130481.7000
7888,130481.7000
7889,130481.7000
7890,130481.7000
7891,130481.7000
7892,130481.7000
7893,130481.7000
7894,130481.7000
7895,130481.7000
7896,130481.7000
7897,130481.7000
7898,130481.7000
7899,130481.7000
7900,130481.7000
7901,130481.7000
7902,130481.7000
7903,130481.7000
7904,130481.7000
7905,130481.7000
7906,130481.7000
7907,130481.7000
7908,130481.7000
7909,130481.7000
7910,130481.7000
7911,130481.7000
7912,130481.7000
7913,130481.7000
7914,130481.7000
7915,130481.7000
7916,130481.7000
7917,130481.7000
7918,130481.7000
7919,130481.7000
7920,130481.7000
7921,130481.7000
7922,130481.7000
7923,130481.7000
7924,130481.7000
7925,130481.7000
7926,130481.7000
7927,130481.7000
7928,130481.7000
7929,130481.7000
7930,130481.7000
7931,130481.7000
7932,130481.7000
7933,130481.7000
7934,130481.7000
7935,130481.7000
7936,130481.7000
7937,130481.7000
7938,130481.7000
7939,130481.7000
7940,130481.7000
7941,130481.7000
7942,130481.7000
7943,130481.7000
7944,130481.7000
7945,130481.7000
7946,130481.7000
7947,130481.7000
7948,130481.7000
7949,130481.7000
7950,130481.7000
7951,130481.7000
7952,130481.7000
7953,130481.7000
7954,130481.7000
7955,130481.7000
7956,130481.7000
7957,130481.7000
7958,130481.7000
7959,130481.7000
7960,130481.7000
7961,130481.7000
7962,130481.7000
7963,130481.7000
7964,130481.7000
7965,130481.7000
7966,130481.7000
7967,130481.7000
7968,130481.7000
7969,130481.7000
7970,130481.7000
7971,130481.7000
7972,130481.7000
7973,130481.7000
7974,130481.7000
7975,130481.7000
7976,130481.7000
7977,130481.7000
7978,130481.7000
7979,130481.7000
7980,130481.7000
7981,130481.7000
7982,130481.7000
7983,130481.7000
7984,130481.7000
7985,130481.7000
7986,130481.7000
7987,130481.7000
7988,130481.7000
7989,130481.7000
7990,130481.7000
7991,130481.7000
7992,130481.7000
7993,130481.7000
7994,130481.7000
7995,130481.7000
7996,130481.7000
7997,130481.7000
7998,130481.7000
7999,130481.7000
8000,130481.7000
8001,130481.7000
8002,130481.7000
8003,130481.7000
8004,130481.7000
8005,130481.7000
8006,130481.7000
8007,130481.7000
8008,130481.7000
8009,130481.7000
8010,130481.7000
8011,130481.7000
8012,130481.7000
8013,130481.7000
8014,130481.7000
8015,130481.7000
8016,130481.7000
8017,130481.7000
8018,130481.7000
8019,130481.7000
8020,130481.7000
8021,130481.7000
8022,130481.7000
8023,130481.7000
8024,130481.7000
8025,130481.7000
8026,130481.7000
8027,130481.7000
8028,130481.7000
8029,130481.7000
8030,130481.7000
8031,130481.7000
8032,130481.7000
8033,130481.7000
8034,130481.7000
8035,130481.7000
8036,130481.7000
8037,130481.7000
8038,130481.7000
8039,130481.7000
8040,130481.7000
8041,130481.7000
8042,130481.7000
8043,130481.7000
8044,130481.7000
8045,130481.7000
8046,130481.7000
8047,130481.7000
8048,130481.7000
8049,130481.7000
8050,130481.7000
8051,130481.7000
8052,130481.7000
8053,130481.7000
8054,130481.7000
8055,130481.7000
8056,130481.7000
8057,130481.7000
8058,130481.7000
8059,130481.7000
8060,130481.7000
8061,130481.7000
8062,130481.7000
8063,130481.7000
8064,130481.7000
8065,130481.7000
8066,130481.7000
8067,130481.7000
8068,130481.7000
8069,130481.7000
8070,130481.7000
8071,130481.7000
8072,130481.7000
8073,130481.7000
8074,130481.7000
8075,130481.7000
8076,130481.7000
8077,130481.7000
8078,130481.7000
8079,130481.7000
8080,130481.7000
8081,130481.7000
8082,130481.7000
8083,130481.7000
8084,130481.7000
8085,130481.7000
8086,130481.7000
8087,130481.7000
8088,130481.7000
8089,130481.7000
8090,130481.7000
8091,130481.7000
8092,130481.7000
8093,130481.7000
8094,130481.7000
8095,130481.7000
8096,130481.7000
8097,130481.7000
8098,130481.7000
8099,130481.7000
8100,130481.7000
8101,130481.7000
8102,130481.7000
8103,130481.7000
8104,130481.7000
8105,130481.7000
8106,130481.7000
8107,130481.7000
8108,130481.7000
8109,130481.7000
8110,130481.7000
8111,130481.7000
8112,130481.7000
8113,130481.7000
8114,130481.7000
8115,130481.7000
8116,130481.7000
8117,130481.7000
8118,130481.7000
8119,130481.7000
8120,130481.7000
8121,130481.7000
8122,130481.7000
8123,130481.7000
8124,130481.7000
8125,130481.7000
8126,130481.7000
8127,130481.7000
8128,130481.7000
8129,130481.7000
8130,130481.7000
8131,130481.7000
8132,130481.7000
8133,130481.7000
8134,130481.7000
8135,130481.7000
8136,130481.7000
8137,130481.7000
8138,130481.7000
8139,130481.7000
8140,130481.7000
8141,130481.7000
8142,130481.7000
8143,130481.7000
8144,130481.7000
8145,130481.7000
8146,130481.7000
8147,130481.7000
8148,130481.7000
8149,130481.7000
8150,130481.7000
8151,130481.7000
8152,130481.7000
8153,130481.7000
8154,130481.7000
8155,130481.7000
8156,130481.7000
8157,130481.7000
8158,130481.7000
8159,130481.7000
8160,130481.7000
8161,130481.7000
8162,130481.7000
8163,130481.7000
8164,130481.7000
8165,130481.7000
8166,130481.7000
8167,130481.7000
8168,130481.7000
8169,130481.7000
8170,130481.7000
8171,130481.7000
8172,130481.7000
8173,130481.7000
8174,130481.7000
8175,130481.7000
8176,130481.7000
8177,130481.7000
8178,130481.7000
8179,130481.7000
8180,130481.7000
8181,130481.7000
8182,130481.7000
8183,130481.7000
8184,130481.7000
8185,130481.7000
8186,130481.7000
8187,130481.7000
8188,130481.7000
8189,130481.7000
8190,130481.7000
8191,130481.7000
8192,130481.7000
8193,130481.7000
8194,130481.7000
8195,130481.7000
8196,130481.7000
8197,130481.7000
8198,130481.7000
8199,130481.7000
8200,130481.7000
8201,130481.7000
8202,130481.7000
8203,130481.7000
8204,130481.7000
8205,130481.7000
8206,130481.7000
8207,130481.7000
8208,130481.7000
8209,130481.7000
8210,130481.7000
8211,130481.7000
8212,130481.7000
8213,130481.7000
8214,130481.7000
8215,130481.7000
8216,130481.7000
8217,130481.7000
8218,130481.7000
8219,130481.7000
8220,130481.7000
8221,130481.7000
8222,130481.7000
8223,130481.7000
8224,130481.7000
8225,130481.7000
8226,130481.7000
8227,130481.7000
8228,130481.7000
8229,130481.7000
8230,130481.7000
8231,130481.7000
8232,130481.7000
8233,130481.7000
8234,130481.7000
8235,130481.7000
8236,130481.7000
8237,130481.7000
8238,130481.7000
8239,130481.7000
8240,130481.7000
8241,130481.7000
8242,130481.7000
8243,130481.7000
8244,130481.7000
8245,130481.7000
8246,130481.7000
8247,130481.7000
8248,130481.7000
8249,130481.7000
8250,130481.7000
8251,130481.7000
8252,130481.7000
8253,130481.7000
8254,130481.7000
8255,130481.7000
8256,130481.7000
8257,130481.7000
8258,130481.7000
8259,130481.7000
8260,130481.7000
8261,130481.7000
8262,130481.7000
8263,130481.7000
8264,130481.7000
8265,130481.7000
8266,130481.7000
8267,130481.7000
8268,130481.7000
8269,130481.7000
8270,130481.7000
8271,130481.7000
8272,130481.7000
8273,130481.7000
8274,130481.7000
8275,130481.7000
8276,130481.7000
8277,130481.7000
8278,130481.7000
8279,130481.7000
8280,130481.7000
8281,130481.7000
8282,130481.7000
8283,130481.7000
8284,130481.7000
8285,130481.7000
8286,130481.7000
8287,130481.7000
8288,130481.7000
8289,130481.7000
8290,130481.7000
8291,130481.7000
8292,130481.7000
8293,130481.7000
8294,130481.7000
8295,130481.7000
8296,130481.7000
8297,130481.7000
8298,130481.7000
8299,130481.7000
8300,130481.7000
8301,130481.7000
8302,130481.7000
8303,130481.7000
8304,130481.7000
8305,130481.7000
8306,130481.7000
8307,130481.7000
8308,130481.7000
8309,130481.7000
8310,130481.7000
8311,130481.7000
8312,130481.7000
8313,130481.7000
8314,130481.7000
8315,130481.7000
8316,130481.7000
8317,130481.7000
8318,130481.7000
8319,130481.7000
8320,130481.7000
8321,130481.7000
8322,130481.7000
8323,130481.7000
8324,130481.7000
8325,130481.7000
8326,130481.7000
8327,130481.7000
8328,130481.7000
8329,130481.7000
8330,130481.7000
8331,130481.7000
8332,130481.7000
8333,130481.7000
8334,130481.7000
8335,130481.7000
8336,130481.7000
8337,130481.7000
8338,130481.7000
8339,130481.7000
8340,130481.7000
8341,130481.7000
8342,130481.7000
8343,130481.7000
8344,130481.7000
8345,130481.7000
8346,130481.7000
8347,130481.7000
8348,130481.7000
8349,130481.7000
8350,130481.7000
8351,130481.7000
8352,130481.7000
8353,130481.7000
8354,130481.7000
8355,130481.7000
8356,130481.7000
8357,130481.7000
8358,130481.7000
8359,130481.7000
8360,130481.7000
8361,130481.7000
8362,130481.7000
8363,130481.7000
8364,130481.7000
8365,130481.7000
8366,130481.7000
8367,130481.7000
8368,130481.7000
8369,130481.7000
8370,130481.7000
8371,130481.7000
8372,130481.7000
8373,130481.7000
8374,130481.7000
8375,130481.7000
8376,130481.7000
8377,130481.7000
8378,130481.7000
8379,130481.7000
8380,130481.7000
8381,130481.7000
8382,130481.7000
8383,130481.7000
8384,130481.7000
8385,130481.7000
8386,130481.7000
8387,130481.7000
8388,130481.7000
8389,130481.7000
8390,130481.7000
8391,130481.7000
8392,130481.7000
8393,130481.7000
8394,130481.7000
8395,130481.7000
8396,130481.7000
8397,130481.7000
8398,130481.7000
8399,130481.7000
8400,130481.7000
8401,130481.7000
8402,130481.7000
8403,130481.7000
8404,130481.7000
8405,130481.7000
8406,130481.7000
8407,130481.7000
8408,130481.7000
8409,130481.7000
8410,130481.7000
8411,130481.7000
8412,130481.7000
8413,130481.7000
8414,130481.7000
8415,130481.7000
8416,130481.7000
8417,130481.7000
8418,130481.7000
8419,130481.7000
8420,130481.7000
8421,130481.7000
8422,130481.7000
8423,130481.7000
8424,130481.7000
8425,130481.7000
8426,130481.7000
8427,130481.7000
8428,130481.7000
8429,130481.7000
8430,130481.7000
8431,130481.7000
8432,130481.7000
8433,130481.7000
8434,130481.7000
8435,130481.7000
8436,130481.7000
8437,130481.7000
8438,130481.7000
8439,130481.7000
8440,130481.7000
8441,130481.7000
8442,130481.7000
8443,130481.7000
8444,130481.7000
8445,130481.7000
8446,130481.7000
8447,130481.7000
8448,130481.7000
8449,130481.7000
8450,130481.7000
8451,130481.7000
8452,130481.7000
8453,130481.7000
8454,130481.7000
8455,130481.7000
8456,130481.7000
8457,130481.7000
8458,130481.7000
8459,130481.7000
8460,130481.7000
8461,130481.7000
8462,130481.7000
8463,130481.7000
8464,130481.7000
8465,130481.7000
8466,130481.7000
8467,130481.7000
8468,130481.7000
8469,130481.7000
8470,130481.7000
8471,130481.7000
8472,130481.7000
8473,130481.7000
8474,130481.7000
8475,130481.7000
8476,130481.7000
8477,130481.7000
8478,130481.7000
8479,130481.7000
8480,130481.7000
8481,130481.7000
8482,130481.7000
8483,130481.7000
8484,130481.7000
8485,130481.7000
8486,130481.7000
8487,130481.7000
8488,130481.7000
8489,130481.7000
8490,130481.7000
8491,130481.7000
8492,130481.7000
8493,130481.7000
8494,130481.7000
8495,130481.7000
8496,130481.7000
8497,130481.7000
8498,130481.7000
8499,130481.7000
8500,130481.7000
8501,130481.7000
8502,130481.7000
8503,130481.7000
8504,130481.7000
8505,130481.7000
8506,130481.7000
8507,130481.7000
8508,130481.7000
8509,130481.7000
8510,130481.7000
8511,130481.7000
8512,130481.7000
8513,130481.7000
8514,130481.7000
8515,130481.7000
8516,130481.7000
8517,130481.7000
8518,130481.7000
8519,130481.7000
8520,130481.7000
8521,130481.7000
8522,130481.7000
8523,130481.7000
8524,130481.7000
8525,130481.7000
8526,130481.7000
8527,130481.7000
8528,130481.7000
8529,130481.7000
8530,130481.7000
8531,130481.7000
8532,130481.7000
8533,130481.7000
8534,130481.7000
8535,130481.7000
8536,130481.7000
8537,130481.7000
8538,130481.7000
8539,130481.7000
8540,130481.7000
8541,130481.7000
8542,130481.7000
8543,130481.7000
8544,130481.7000
8545,130481.7000
8546,130481.7000
8547,130481.7000
8548,130481.7000
8549,130481.7000
8550,130481.7000
8551,130481.7000
8552,130481.7000
8553,130481.7000
8554,130481.7000
8555,130481.7000
8556,130481.7000
8557,130481.7000
8558,130481.7000
8559,130481.7000
8560,130481.7000
8561,130481.7000
8562,130481.7000
8563,130481.7000
8564,130481.7000
8565,130481.7000
8566,130481.7000
8567,130481.7000
8568,130481.7000
8569,130481.7000
8570,130481.7000
8571,130481.7000
8572,130481.7000
8573,130481.7000
8574,130481.7000
8575,130481.7000
8576,130481.7000
8577,130481.7000
8578,130481.7000
8579,130481.7000
8580,130481.7000
8581,130481.7000
8582,130481.7000
8583,130481.7000
8584,130481.7000
8585,130481.7000
8586,130481.7000
8587,130481.7000
8588,130481.7000
8589,130481.7000
8590,130481.7000
8591,130481.7000
8592,130481.7000
8593,130481.7000
8594,130481.7000
8595,130481.7000
8596,130481.7000
8597,130481.7000
8598,130481.7000
8599,130481.7000
8600,130481.7000
8601,130481.7000
8602,130481.7000
8603,130481.7000
8604,130481.7000
8605,130481.7000
8606,130481.7000
8607,130481.7000
8608,130481.7000
8609,130481.7000
8610,130481.7000
8611,130481.7000
8612,130481.7000
8613,130481.7000
8614,130481.7000
8615,130481.7000
8616,130481.7000
8617,130481.7000
8618,130481.7000
8619,130481.7000
8620,130481.7000
8621,130481.7000
8622,130481.7000
8623,130481.7000
8624,130481.7000
8625,130481.7000
8626,130481.7000
8627,130481.7000
8628,130481.7000
8629,130481.7000
8630,130481.7000
8631,130481.7000
8632,130481.7000
8633,130481.7000
8634,130481.7000
8635,130481.7000
8636,130481.7000
8637,130481.7000
8638,130481.7000
8639,130481.7000
8640,130481.7000
8641,130481.7000
8642,130481.7000
8643,130481.7000
8644,130481.7000
8645,130481.7000
8646,130481.7000
8647,130481.7000
8648,130481.7000
8649,130481.7000
8650,130481.7000
8651,130481.7000
8652,130481.7000
8653,130481.7000
8654,130481.7000
8655,130481.7000
8656,130481.7000
8657,130481.7000
8658,130481.7000
8659,130481.7000
8660,130481.7000
8661,130481.7000
8662,130481.7000
8663,130481.7000
8664,130481.7000
8665,130481.7000
8666,130481.7000
8667,130481.7000
8668,130481.7000
8669,130481.7000
8670,130481.7000
8671,130481.7000
8672,130481.7000
8673,130481.7000
8674,130481.7000
8675,130481.7000
8676,130481.7000
8677,130481.7000
8678,130481.7000
8679,130481.7000
8680,130481.7000
8681,130481.7000
8682,130481.7000
8683,130481.7000
8684,130481.7000
8685,130481.7000
8686,130481.7000
8687,130481.7000
8688,130481.7000
8689,130481.7000
8690,130481.7000
8691,130481.7000
8692,130481.7000
8693,130481.7000
8694,130481.7000
8695,130481.7000
8696,130481.7000
8697,130481.7000
8698,130481.7000
8699,130481.7000
8700,130481.7000
8701,130481.7000
8702,130481.7000
8703,130481.7000
8704,130481.7000
8705,130481.7000
8706,130481.7000
8707,130481.7000
8708,130481.7000
8709,130481.7000
8710,130481.7000
8711,130481.7000
8712,130481.7000
8713,130481.7000
8714,130481.7000
8715,130481.7000
8716,130481.7000
8717,130481.7000
8718,130481.7000
8719,130481.7000
8720,130481.7000
8721,130481.7000
8722,130481.7000
8723,130481.7000
8724,130481.7000
8725,130481.7000
8726,130481.7000
8727,130481.7000
8728,130481.7000
8729,130481.7000
8730,130481.7000
8731,130481.7000
8732,130481.7000
8733,130481.7000
8734,130481.7000
8735,130481.7000
8736,130481.7000
8737,130481.7000
8738,130481.7000
8739,130481.7000
8740,130481.7000
8741,130481.7000
8742,130481.7000
8743,130481.7000
8744,130481.7000
8745,130481.7000
8746,130481.7000
8747,130481.7000
8748,130481.7000
8749,130481.7000
8750,130481.7000
8751,130481.7000
8752,130481.7000
8753,130481.7000
8754,130481.7000
8755,130481.7000
8756,130481.7000
8757,130481.7000
8758,130481.7000
8759,130481.7000
8760,130481.7000
8761,130481.7000
8762,130481.7000
8763,130481.7000
8764,130481.7000
8765,130481.7000
8766,130481.7000
8767,130481.7000
8768,130481.7000
8769,130481.7000
8770,130481.7000
8771,130481.7000
8772,130481.7000
8773,130481.7000
8774,130481.7000
8775,130481.7000
8776,130481.7000
8777,130481.7000
8778,130481.7000
8779,130481.7000
8780,130481.7000
8781,130481.7000
8782,130481.7000
8783,130481.7000
8784,130481.7000
8785,130481.7000
8786,130481.7000
8787,130481.7000
8788,130481.7000
8789,130481.7000
8790,130481.7000
8791,130481.7000
8792,130481.7000
8793,130481.7000
8794,130481.7000
8795,130481.7000
8796,130481.7000
8797,130481.7000
8798,130481.7000
8799,130481.7000
8800,130481.7000
8801,130481.7000
8802,130481.7000
8803,130481.7000
8804,130481.7000
8805,130481.7000
8806,130481.7000
8807,130481.7000
8808,130481.7000
8809,130481.7000
8810,130481.7000
8811,130481.7000
8812,130481.7000
8813,130481.7000
8814,130481.7000
8815,130481.7000
8816,130481.7000
8817,130481.7000
8818,130481.7000
8819,130481.7000
8820,130481.7000
8821,130481.7000
8822,130481.7000
8823,130481.7000
8824,130481.7000
8825,130481.7000
8826,130481.7000
8827,130481.7000
8828,130481.7000
8829,130481.7000
8830,130481.7000
8831,130481.7000
8832,130481.7000
8833,130481.7000
8834,130481.7000
8835,130481.7000
8836,130481.7000
8837,130481.7000
8838,130481.7000
8839,130481.7000
8840,130481.7000
8841,130481.7000
8842,130481.7000
8843,130481.7000
8844,130481.7000
8845,130481.7000
8846,130481.7000
8847,130481.7000
8848,130481.7000
8849,130481.7000
8850,130481.7000
8851,130481.7000
8852,130481.7000
8853,130481.7000
8854,130481.7000
8855,130481.7000
8856,130481.7000
8857,130481.7000
8858,130481.7000
8859,130481.7000
8860,130481.7000
8861,130481.7000
8862,130481.7000
8863,130481.7000
8864,130481.7000
8865,130481.7000
8866,130481.7000
8867,130481.7000
8868,130481.7000
8869,130481.7000
8870,130481.7000
8871,130481.7000
8872,130481.7000
8873,130481.7000
8874,130481.7000
8875,130481.7000
8876,130481.7000
8877,130481.7000
8878,130481.7000
8879,130481.7000
8880,130481.7000
8881,130481.7000
8882,130481.7000
8883,130481.7000
8884,130481.7000
8885,130481.7000
8886,130481.7000
8887,130481.7000
8888,130481.7000
8889,130481.7000
8890,130481.7000
8891,130481.7000
8892,130481.7000
8893,130481.7000
8894,130481.7000
8895,130481.7000
8896,130481.7000
8897,130481.7000
8898,130481.7000
8899,130481.7000
8900,130481.7000
8901,130481.7000
8902,130481.7000
8903,130481.7000
8904,130481.7000
8905,130481.7000
8906,130481.7000
8907,130481.7000
8908,130481.7000
8909,130481.7000
8910,130481.7000
8911,130481.7000
8912,130481.7000
8913,130481.7000
8914,130481.7000
8915,130481.7000
8916,130481.7000
8917,130481.7000
8918,130481.7000
8919,130481.7000
8920,130481.7000
8921,130481.7000
8922,130481.7000
8923,130481.7000
8924,130481.7000
8925,130481.7000
8926,130481.7000
8927,130481.7000
8928,130481.7000
8929,130481.7000
8930,130481.7000
8931,130481.7000
8932,130481.7000
8933,130481.7000
8934,130481.7000
8935,130481.7000
8936,130481.7000
8937,130481.7000
8938,130481.7000
8939,130481.7000
8940,130481.7000
8941,130481.7000
8942,130481.7000
8943,130481.7000
8944,130481.7000
8945,130481.7000
8946,130481.7000
8947,130481.7000
8948,130481.7000
8949,130481.7000
8950,130481.7000
8951,130481.7000
8952,130481.7000
8953,130481.7000
8954,130481.7000
8955,130481.7000
8956,130481.7000
8957,130481.7000
8958,130481.7000
8959,130481.7000
8960,130481.7000
8961,130481.7000
8962,130481.7000
8963,130481.7000
8964,130481.7000
8965,130481.7000
8966,130481.7000
8967,130481.7000
8968,130481.7000
8969,130481.7000
8970,130481.7000
8971,130481.7000
8972,130481.7000
8973,130481.7000
8974,130481.7000
8975,130481.7000
8976,130481.7000
8977,130481.7000
8978,130481.7000
8979,130481.7000
8980,130481.7000
8981,130481.7000
8982,130481.7000
8983,130481.7000
8984,130481.7000
8985,130481.7000
8986,130481.7000
8987,130481.7000
8988,130481.7000
8989,130481.7000
8990,130481.7000
8991,130481.7000
8992,130481.7000
8993,130481.7000
8994,130481.7000
8995,130481.7000
8996,130481.7000
8997,130481.7000
8998,130481.7000
8999,130481.7000
9000,130481.7000
9001,130481.7000
9002,130481.7000
9003,130481.7000
9004,130481.7000
9005,130481.7000
9006,130481.7000
9007,130481.7000
9008,130481.7000
9009,130481.7000
9010,130481.7000
9011,130481.7000
9012,130481.7000
9013,130481.7000
9014,130481.7000
9015,130481.7000
9016,130481.7000
9017,130481.7000
9018,130481.7000
9019,130481.7000
9020,130481.7000
9021,130481.7000
9022,130481.7000
9023,130481.7000
9024,130481.7000
9025,130481.7000
9026,130481.7000
9027,130481.7000
9028,130481.7000
9029,130481.7000
9030,130481.7000
9031,130481.7000
9032,130481.7000
9033,130481.7000
9034,130481.7000
9035,130481.7000
9036,130481.7000
9037,130481.7000
9038,130481.7000
9039,130481.7000
9040,130481.7000
9041,130481.7000
9042,130481.7000
9043,130481.7000
9044,130481.7000
9045,130481.7000
9046,130481.7000
9047,130481.7000
9048,130481.7000
9049,130481.7000
9050,130481.7000
9051,130481.7000
9052,130481.7000
9053,130481.7000
9054,130481.7000
9055,130481.7000
9056,130481.7000
9057,130481.7000
9058,130481.7000
9059,130481.7000
9060,130481.7000
9061,130481.7000
9062,130481.7000
9063,130481.7000
9064,130481.7000
9065,130481.7000
9066,130481.7000
9067,130481.7000
9068,130481.7000
9069,130481.7000
9070,130481.7000
9071,130481.7000
9072,130481.7000
9073,130481.7000
9074,130481.7000
9075,130481.7000
9076,130481.7000
9077,130481.7000
9078,130481.7000
9079,130481.7000
9080,130481.7000
9081,130481.7000
9082,130481.7000
9083,130481.7000
9084,130481.7000
9085,130481.7000
9086,130481.7000
9087,130481.7000
9088,130481.7000
9089,130481.7000
9090,130481.7000
9091,130481.7000
9092,130481.7000
9093,130481.7000
9094,130481.7000
9095,130481.7000
9096,130481.7000
9097,130481.7000
9098,130481.7000
9099,130481.7000
9100,130481.7000
9101,130481.7000
9102,130481.7000
9103,130481.7000
9104,130481.7000
9105,130481.7000
9106,130481.7000
9107,130481.7000
9108,130481.7000
9109,130481.7000
9110,130481.7000
9111,130481.7000
9112,130481.7000
9113,130481.7000
9114,130481.7000
9115,130481.7000
9116,130481.7000
9117,130481.7000
9118,130481.7000
9119,130481.7000
9120,130481.7000
9121,130481.7000
9122,130481.7000
9123,130481.7000
9124,130481.7000
9125,130481.7000
9126,130481.7000
9127,130481.7000
9128,130481.7000
9129,130481.7000
9130,130481.7000
9131,130481.7000
9132,130481.7000
9133,130481.7000
9134,130481.7000
9135,130481.7000
9136,130481.7000
9137,130481.7000
9138,130481.7000
9139,130481.7000
9140,130481.7000
9141,130481.7000
9142,130481.7000
9143,130481.7000
9144,130481.7000
9145,130481.7000
9146,130481.7000
9147,130481.7000
9148,130481.7000
9149,130481.7000
9150,130481.7000
9151,130481.7000
9152,130481.7000
9153,130481.7000
9154,130481.7000
9155,130481.7000
9156,130481.7000
9157,130481.7000
9158,130481.7000
9159,130481.7000
9160,130481.7000
9161,130481.7000
9162,130481.7000
9163,130481.7000
9164,130481.7000
9165,130481.7000
9166,130481.7000
9167,130481.7000
9168,130481.7000
9169,130481.7000
9170,130481.7000
9171,130481.7000
9172,130481.7000
9173,130481.7000
9174,130481.7000
9175,130481.7000
9176,130481.7000
9177,130481.7000
9178,130481.7000
9179,130481.7000
9180,130481.7000
9181,130481.7000
9182,130481.7000
9183,130481.7000
9184,130481.7000
9185,130481.7000
9186,130481.7000
9187,130481.7000
9188,130481.7000
9189,130481.7000
9190,130481.7000
9191,130481.7000
9192,130481.7000
9193,130481.7000
9194,130481.7000
9195,130481.7000
9196,130481.7000
9197,130481.7000
9198,130481.7000
9199,130481.7000
9200,130481.7000
9201,130481.7000
9202,130481.7000
9203,130481.7000
9204,130481.7000
9205,130481.7000
9206,130481.7000
9207,130481.7000
9208,130481.7000
9209,130481.7000
9210,130481.7000
9211,130481.7000
9212,130481.7000
9213,130481.7000
9214,130481.7000
9215,130481.7000
9216,130481.7000
9217,130481.7000
9218,130481.7000
9219,130481.7000
9220,130481.7000
9221,130481.7000
9222,130481.7000
9223,130481.7000
9224,130481.7000
9225,130481.7000
9226,130481.7000
9227,130481.7000
9228,130481.7000
9229,130481.7000
9230,130481.7000
9231,130481.7000
9232,130481.7000
9233,130481.7000
9234,130481.7000
9235,130481.7000
9236,130481.7000
9237,130481.7000
9238,130481.7000
9239,130481.7000
9240,130481.7000
9241,130481.7000
9242,130481.7000
9243,130481.7000
9244,130481.7000
9245,130481.7000
9246,130481.7000
9247,130481.7000
9248,130481.7000
9249,130481.7000
9250,130481.7000
9251,130481.7000
9252,130481.7000
9253,130481.7000
9254,130481.7000
9255,130481.7000
9256,130481.7000
9257,130481.7000
9258,130481.7000
9259,130481.7000
9260,130481.7000
9261,130481.7000
9262,130481.7000
9263,130481.7000
9264,130481.7000
9265,130481.7000
9266,130481.7000
9267,130481.7000
9268,130481.7000
9269,130481.7000
9270,130481.7000
9271,130481.7000
9272,130481.7000
9273,130481.7000
9274,130481.7000
9275,130481.7000
9276,130481.7000
9277,130481.7000
9278,130481.7000
9279,130481.7000
9280,130481.7000
9281,130481.7000
9282,130481.7000
9283,130481.7000
9284,130481.7000
9285,130481.7000
9286,130481.7000
9287,130481.7000
9288,130481.7000
9289,130481.7000
9290,130481.7000
9291,130481.7000
9292,130481.7000
9293,130481.7000
9294,130481.7000
9295,130481.7000
9296,130481.7000
9297,130481.7000
9298,130481.7000
9299,130481.7000
9300,130481.7000
9301,130481.7000
9302,130481.7000
9303,130481.7000
9304,130481.7000
9305,130481.7000
9306,130481.7000
9307,130481.7000
9308,130481.7000
9309,130481.7000
9310,130481.7000
9311,130481.7000
9312,130481.7000
9313,130481.7000
9314,130481.7000
9315,130481.7000
9316,130481.7000
9317,130481.7000
9318,130481.7000
9319,130481.7000
9320,130481.7000
9321,130481.7000
9322,130481.7000
9323,130481.7000
9324,130481.7000
9325,130481.7000
9326,130481.7000
9327,130481.7000
9328,130481.7000
9329,130481.7000
9330,130481.7000
9331,130481.7000
9332,130481.7000
9333,130481.7000
9334,130481.7000
9335,130481.7000
9336,130481.7000
9337,130481.7000
9338,130481.7000
9339,130481.7000
9340,130481.7000
9341,130481.7000
9342,130481.7000
9343,130481.7000
9344,130481.7000
9345,130481.7000
9346,130481.7000
9347,130481.7000
9348,130481.7000
9349,130481.7000
9350,130481.7000
9351,130481.7000
9352,130481.7000
9353,130481.7000
9354,130481.7000
9355,130481.7000
9356,130481.7000
9357,130481.7000
9358,130481.7000
9359,130481.7000
9360,130481.7000
9361,130481.7000
9362,130481.7000
9363,130481.7000
9364,130481.7000
9365,130481.7000
9366,130481.7000
9367,130481.7000
9368,130481.7000
9369,130481.7000
9370,130481.7000
9371,130481.7000
9372,130481.7000
9373,130481.7000
9374,130481.7000
9375,130481.7000
9376,130481.7000
9377,130481.7000
9378,130481.7000
9379,130481.7000
9380,130481.7000
9381,130481.7000
9382,130481.7000
9383,130481.7000
9384,130481.7000
9385,130481.7000
9386,130481.7000
9387,130481.7000
9388,130481.7000
9389,130481.7000
9390,130481.7000
9391,130481.7000
9392,130481.7000
9393,130481.7000
9394,130481.7000
9395,130481.7000
9396,130481.7000
9397,130481.7000
9398,130481.7000
9399,130481.7000
9400,130481.7000
9401,130481.7000
9402,130481.7000
9403,130481.7000
9404,130481.7000
9405,130481.7000
9406,130481.7000
9407,130481.7000
9408,130481.7000
9409,130481.7000
9410,130481.7000
9411,130481.7000
9412,130481.7000
9413,130481.7000
9414,130481.7000
9415,130481.7000
9416,130481.7000
9417,130481.7000
9418,130481.7000
9419,130481.7000
9420,130481.7000
9421,130481.7000
9422,130481.7000
9423,130481.7000
9424,130481.7000
9425,130481.7000
9426,130481.7000
9427,130481.7000
9428,130481.7000
9429,130481.7000
9430,130481.7000
9431,130481.7000
9432,130481.7000
9433,130481.7000
9434,130481.7000
9435,130481.7000
9436,130481.7000
9437,130481.7000
9438,130481.7000
9439,130481.7000
9440,130481.7000
9441,130481.7000
9442,130481.7000
9443,130481.7000
9444,130481.7000
9445,130481.7000
9446,130481.7000
9447,130481.7000
9448,130481.7000
9449,130481.7000
9450,130481.7000
9451,130481.7000
9452,130481.7000
9453,130481.7000
9454,130481.7000
9455,130481.7000
9456,130481.7000
9457,130481.7000
9458,130481.7000
9459,130481.7000
9460,130481.7000
9461,130481.7000
9462,130481.7000
9463,130481.7000
9464,130481.7000
9465,130481.7000
9466,130481.7000
9467,130481.7000
9468,130481.7000
9469,130481.7000
9470,130481.7000
9471,130481.7000
9472,130481.7000
9473,130481.7000
9474,130481.7000
9475,130481.7000
9476,130481.7000
9477,130481.7000
9478,130481.7000
9479,130481.7000
9480,130481.7000
9481,130481.7000
9482,130481.7000
9483,130481.7000
9484,130481.7000
9485,130481.7000
9486,130481.7000
9487,130481.7000
9488,130481.7000
9489,130481.7000
9490,130481.7000
9491,130481.7000
9492,130481.7000
9493,130481.7000
9494,130481.7000
9495,130481.7000
9496,130481.7000
9497,130481.7000
9498,130481.7000
9499,130481.7000
9500,130481.7000
9501,130481.7000
9502,130481.7000
9503,130481.7000
9504,130481.7000
9505,130481.7000
9506,130481.7000
9507,130481.7000
9508,130481.7000
9509,130481.7000
9510,130481.7000
9511,130481.7000
9512,130481.7000
9513,130481.7000
9514,130481.7000
9515,130481.7000
9516,130481.7000
9517,130481.7000
9518,130481.7000
9519,130481.7000
9520,130481.7000
9521,130481.7000
9522,130481.7000
9523,130481.7000
9524,130481.7000
9525,130481.7000
9526,130481.7000
9527,130481.7000
9528,130481.7000
9529,130481.7000
9530,130481.7000
9531,130481.7000
9532,130481.7000
9533,130481.7000
9534,130481.7000
9535,130481.7000
9536,130481.7000
9537,130481.7000
9538,130481.7000
9539,130481.7000
9540,130481.7000
9541,130481.7000
9542,130481.7000
9543,130481.7000
9544,130481.7000
9545,130481.7000
9546,130481.7000
9547,130481.7000
9548,130481.7000
9549,130481.7000
9550,130481.7000
9551,130481.7000
9552,130481.7000
9553,130481.7000
9554,130481.7000
9555,130481.7000
9556,130481.7000
9557,130481.7000
9558,130481.7000
9559,130481.7000
9560,130481.7000
9561,130481.7000
9562,130481.7000
9563,130481.7000
9564,130481.7000
9565,130481.7000
9566,130481.7000
9567,130481.7000
9568,130481.7000
9569,130481.7000
9570,130481.7000
9571,130481.7000
9572,130481.7000
9573,130481.7000
9574,130481.7000
9575,130481.7000
9576,130481.7000
9577,130481.7000
9578,130481.7000
9579,130481.7000
9580,130481.7000
9581,130481.7000
9582,130481.7000
9583,130481.7000
9584,130481.7000
9585,130481.7000
9586,130481.7000
9587,130481.7000
9588,130481.7000
9589,130481.7000
9590,130481.7000
9591,130481.7000
9592,130481.7000
9593,130481.7000
9594,130481.7000
9595,130481.7000
9596,130481.7000
9597,130481.7000
9598,130481.7000
9599,130481.7000
9600,130481.7000
9601,130481.7000
9602,130481.7000
9603,130481.7000
9604,130481.7000
9605,130481.7000
9606,130481.7000
9607,130481.7000
9608,130481.7000
9609,130481.7000
9610,130481.7000
9611,130481.7000
9612,130481.7000
9613,130481.7000
9614,130481.7000
9615,130481.7000
9616,130481.7000
9617,130481.7000
9618,130481.7000
9619,130481.7000
9620,130481.7000
9621,130481.7000
9622,130481.7000
9623,130481.7000
9624,130481.7000
9625,130481.7000
9626,130481.7000
9627,130481.7000
9628,130481.7000
9629,130481.7000
9630,130481.7000
9631,130481.7000
9632,130481.7000
9633,130481.7000
9634,130481.7000
9635,130481.7000
9636,130481.7000
9637,130481.7000
9638,130481.7000
9639,130481.7000
9640,130481.7000
9641,130481.7000
9642,130481.7000
9643,130481.7000
9644,130481.7000
9645,130481.7000
9646,130481.7000
9647,130481.7000
9648,130481.7000
9649,130481.7000
9650,130481.7000
9651,130481.7000
9652,130481.7000
9653,130481.7000
9654,130481.7000
9655,130481.7000
9656,130481.7000
9657,130481.7000
9658,130481.7000
9659,130481.7000
9660,130481.7000
9661,130481.7000
9662,130481.7000
9663,130481.7000
9664,130481.7000
9665,130481.7000
9666,130481.7000
9667,130481.7000
9668,130481.7000
9669,130481.7000
9670,130481.7000
9671,130481.7000
9672,130481.7000
9673,130481.7000
9674,130481.7000
9675,130481.7000
9676,130481.7000
9677,130481.7000
9678,130481.7000
9679,130481.7000
9680,130481.7000
9681,130481.7000
9682,130481.7000
9683,130481.7000
9684,130481.7000
9685,130481.7000
9686,130481.7000
9687,130481.7000
9688,130481.7000
9689,130481.7000
9690,130481.7000
9691,130481.7000
9692,130481.7000
9693,130481.7000
9694,130481.7000
9695,130481.7000
9696,130481.7000
9697,130481.7000
9698,130481.7000
9699,130481.7000
9700,130481.7000
9701,130481.7000
9702,130481.7000
9703,130481.7000
9704,130481.7000
9705,130481.7000
9706,130481.7000
9707,130481.7000
9708,130481.7000
9709,130481.7000
9710,130481.7000
9711,130481.7000
9712,130481.7000
9713,130481.7000
9714,130481.7000
9715,130481.7000
9716,130481.7000
9717,130481.7000
9718,130481.7000
9719,130481.7000
9720,130481.7000
9721,130481.7000
9722,130481.7000
9723,130481.7000
9724,130481.7000
9725,130481.7000
9726,130481.7000
9727,130481.7000
9728,130481.7000
9729,130481.7000
9730,130481.7000
9731,130481.7000
9732,130481.7000
9733,130481.7000
9734,130481.7000
9735,130481.7000
9736,130481.7000
9737,130481.7000
9738,130481.7000
9739,130481.7000
9740,130481.7000
9741,130481.7000
9742,130481.7000
9743,130481.7000
9744,130481.7000
9745,130481.7000
9746,130481.7000
9747,130481.7000
9748,130481.7000
9749,130481.7000
9750,130481.7000
9751,130481.7000
9752,130481.7000
9753,130481.7000
9754,130481.7000
9755,130481.7000
9756,130481.7000
9757,130481.7000
9758,130481.7000
9759,130481.7000
9760,130481.7000
9761,130481.7000
9762,130481.7000
9763,130481.7000
9764,130481.7000
9765,130481.7000
9766,130481.7000
9767,130481.7000
9768,130481.7000
9769,130481.7000
9770,130481.7000
9771,130481.7000
9772,130481.7000
9773,130481.7000
9774,130481.7000
9775,130481.7000
9776,130481.7000
9777,130481.7000
9778,130481.7000
9779,130481.7000
9780,130481.7000
9781,130481.7000
9782,130481.7000
9783,130481.7000
9784,130481.7000
9785,130481.7000
9786,130481.7000
9787,130481.7000
9788,130481.7000
9789,130481.7000
9790,130481.7000
9791,130481.7000
9792,130481.7000
9793,130481.7000
9794,130481.7000
9795,130481.7000
9796,130481.7000
9797,130481.7000
9798,130481.7000
9799,130481.7000
9800,130481.7000
9801,130481.7000
9802,130481.7000
9803,130481.7000
9804,130481.7000
9805,130481.7000
9806,130481.7000
9807,130481.7000
9808,130481.7000
9809,130481.7000
9810,130481.7000
9811,130481.7000
9812,130481.7000
9813,130481.7000
9814,130481.7000
9815,130481.7000
9816,130481.7000
9817,130481.7000
9818,130481.7000
9819,130481.7000
9820,130481.7000
9821,130481.7000
9822,130481.7000
9823,130481.7000
9824,130481.7000
9825,130481.7000
9826,130481.7000
9827,130481.7000
9828,130481.7000
9829,130481.7000
9830,130481.7000
9831,130481.7000
9832,130481.7000
9833,130481.7000
9834,130481.7000
9835,130481.7000
9836,130481.7000
9837,130481.7000
9838,130481.7000
9839,130481.7000
9840,130481.7000
9841,130481.7000
9842,130481.7000
9843,130481.7000
9844,130481.7000
9845,130481.7000
9846,130481.7000
9847,130481.7000
9848,130481.7000
9849,130481.7000
9850,130481.7000
9851,130481.7000
9852,130481.7000
9853,130481.7000
9854,130481.7000
9855,130481.7000
9856,130481.7000
9857,130481.7000
9858,130481.7000
9859,130481.7000
9860,130481.7000
9861,130481.7000
9862,130481.7000
9863,130481.7000
9864,130481.7000
9865,130481.7000
9866,130481.7000
9867,130481.7000
9868,130481.7000
9869,130481.7000
9870,130481.7000
9871,130481.7000
9872,130481.7000
9873,130481.7000
9874,130481.7000
9875,130481.7000
9876,130481.7000
9877,130481.7000
9878,130481.7000
9879,130481.7000
9880,130481.7000
9881,130481.7000
9882,130481.7000
9883,130481.7000
9884,130481.7000
9885,130481.7000
9886,130481.7000
9887,130481.7000
9888,130481.7000
9889,130481.7000
9890,130481.7000
9891,130481.7000
9892,130481.7000
9893,130481.7000
9894,130481.7000
9895,130481.7000
9896,130481.7000
9897,130481.7000
9898,130481.7000
9899,130481.7000
9900,130481.7000
9901,130481.7000
9902,130481.7000
9903,130481.7000
9904,130481.7000
9905,130481.7000
9906,130481.7000
9907,130481.7000
9908,130481.7000
9909,130481.7000
9910,130481.7000
9911,130481.7000
9912,130481.7000
9913,130481.7000
9914,130481.7000
9915,130481.7000
9916,130481.7000
9917,130481.7000
9918,130481.7000
9919,130481.7000
9920,130481.7000
9921,130481.7000
9922,130481.7000
9923,130481.7000
9924,130481.7000
9925,130481.7000
9926,130481.7000
9927,130481.7000
9928,130481.7000
9929,130481.7000
9930,130481.7000
9931,130481.7000
9932,130481.7000
9933,130481.7000
9934,130481.7000
9935,130481.7000
9936,130481.7000
9937,130481.7000
9938,130481.7000
9939,130481.7000
9940,130481.7000
9941,130481.7000
9942,130481.7000
9943,130481.7000
9944,130481.7000
9945,130481.7000
9946,130481.7000
9947,130481.7000
9948,130481.7000
9949,130481.7000
9950,130481.7000
9951,130481.7000
9952,130481.7000
9953,130481.7000
9954,130481.7000
9955,130481.7000
9956,130481.7000
9957,130481.7000
9958,130481.7000
9959,130481.7000
9960,130481.7000
9961,130481.7000
9962,130481.7000
9963,130481.7000
9964,130481.7000
9965,130481.7000
9966,130481.7000
9967,130481.7000
9968,130481.7000
9969,130481.7000
9970,130481.7000
9971,130481.7000
9972,130481.7000
9973,130481.7000
9974,130481.7000
9975,130481.7000
9976,130481.7000
9977,130481.7000
9978,130481.7000
9979,130481.7000
9980,130481.7000
9981,130481.7000
9982,130481.7000
9983,130481.7000
9984,130481.7000
9985,130481.7000
9986,130481.7000
9987,130481.7000
9988,130481.7000
9989,130481.7000
9990,130481.7000
9991,130481.7000
9992,130481.7000
9993,130481.7000
9994,130481.7000
9995,130481.7000
9996,130481.7000
9997,130481.7000
9998,130481.7000
9999,130481.7000
10000,130481.7000
10001,130481.7000
10002,130481.7000
10003,130481.7000
10004,130481.7000
10005,130481.7000
10006,130481.7000
10007,130481.7000
10008,130481.7000
10009,130481.7000
10010,130481.7000
10011,130481.7000
10012,130481.7000
10013,130481.7000
10014,130481.7000
10015,130481.7000
10016,130481.7000
10017,130481.7000
10018,130481.7000
10019,130481.7000
10020,130481.7000
10021,130481.7000
10022,130481.7000
10023,130481.7000
10024,130481.7000
10025,130481.7000
10026,130481.7000
10027,130481.7000
10028,130481.7000
10029,130481.7000
10030,130481.7000
10031,130481.7000
10032,130481.7000
10033,130481.7000
10034,130481.7000
10035,130481.7000
10036,130481.7000
10037,130481.7000
10038,130481.7000
10039,130481.7000
10040,130481.7000
10041,130481.7000
10042,130481.7000
10043,130481.7000
10044,130481.7000
10045,130481.7000
10046,130481.7000
10047,130481.7000
10048,130481.7000
10049,130481.7000
10050,130481.7000
10051,130481.7000
10052,130481.7000
10053,130481.7000
10054,130481.7000
10055,130481.7000
10056,130481.7000
10057,130481.7000
10058,130481.7000
10059,130481.7000
10060,130481.7000
10061,130481.7000
10062,130481.7000
10063,130481.7000
10064,130481.7000
10065,130481.7000
10066,130481.7000
10067,130481.7000
10068,130481.7000
10069,130481.7000
10070,130481.7000
10071,130481.7000
10072,130481.7000
10073,130481.7000
10074,130481.7000
10075,130481.7000
10076,130481.7000
10077,130481.7000
10078,130481.7000
10079,130481.7000
10080,130481.7000
10081,130481.7000
10082,130481.7000
10083,130481.7000
10084,130481.7000
10085,130481.7000
10086,130481.7000
10087,130481.7000
10088,130481.7000
10089,130481.7000
10090,130481.7000
10091,130481.7000
10092,130481.7000
10093,130481.7000
10094,130481.7000
10095,130481.7000
10096,130481.7000
10097,130481.7000
10098,130481.7000
10099,130481.7000
10100,130481.7000
10101,130481.7000
10102,130481.7000
10103,130481.7000
10104,130481.7000
10105,130481.7000
10106,130481.7000
10107,130481.7000
10108,130481.7000
10109,130481.7000
10110,130481.7000
10111,130481.7000
10112,130481.7000
10113,130481.7000
10114,130481.7000
10115,130481.7000
10116,130481.7000
10117,130481.7000
10118,130481.7000
10119,130481.7000
10120,130481.7000
10121,130481.7000
10122,130481.7000
10123,130481.7000
10124,130481.7000
10125,130481.7000
10126,130481.7000
10127,130481.7000
10128,130481.7000
10129,130481.7000
10130,130481.7000
10131,130481.7000
10132,130481.7000
10133,130481.7000
10134,130481.7000
10135,130481.7000
10136,130481.7000
10137,130481.7000
10138,130481.7000
10139,130481.7000
10140,130481.7000
10141,130481.7000
10142,130481.7000
10143,130481.7000
10144,130481.7000
10145,130481.7000
10146,130481.7000
10147,130481.7000
10148,130481.7000
10149,130481.7000
10150,130481.7000
10151,130481.7000
10152,130481.7000
10153,130481.7000
10154,130481.7000
10155,130481.7000
10156,130481.7000
10157,130481.7000
10158,130481.7000
10159,130481.7000
10160,130481.7000
10161,130481.7000
10162,130481.7000
10163,130481.7000
10164,130481.7000
10165,130481.7000
10166,130481.7000
10167,130481.7000
10168,130481.7000
10169,130481.7000
10170,130481.7000
10171,130481.7000
10172,130481.7000
10173,130481.7000
10174,130481.7000
10175,130481.7000
10176,130481.7000
10177,130481.7000
10178,130481.7000
10179,130481.7000
10180,130481.7000
10181,130481.7000
10182,130481.7000
10183,130481.7000
10184,130481.7000
10185,130481.7000
10186,130481.7000
10187,130481.7000
10188,130481.7000
10189,130481.7000
10190,130481.7000
10191,130481.7000
10192,130481.7000
10193,130481.7000
10194,130481.7000
10195,130481.7000
10196,130481.7000
10197,130481.7000
10198,130481.7000
10199,130481.7000
10200,130481.7000
10201,130481.7000
10202,130481.7000
10203,130481.7000
10204,130481.7000
10205,130481.7000
10206,130481.7000
10207,130481.7000
10208,130481.7000
10209,130481.7000
10210,130481.7000
10211,130481.7000
10212,130481.7000
10213,130481.7000
10214,130481.7000
10215,130481.7000
10216,130481.7000
10217,130481.7000
10218,130481.7000
10219,130481.7000
10220,130481.7000
10221,130481.7000
10222,130481.7000
10223,130481.7000
10224,130481.7000
10225,130481.7000
10226,130481.7000
10227,130481.7000
10228,130481.7000
10229,130481.7000
10230,130481.7000
10231,130481.7000
10232,130481.7000
10233,130481.7000
10234,130481.7000
10235,130481.7000
10236,130481.7000
10237,130481.7000
10238,130481.7000
10239,130481.7000
10240,130481.7000
10241,130481.7000
10242,130481.7000
10243,130481.7000
10244,130481.7000
10245,130481.7000
10246,130481.7000
10247,130481.7000
10248,130481.7000
10249,130481.7000
10250,130481.7000
10251,130481.7000
10252,130481.7000
10253,130481.7000
10254,130481.7000
10255,130481.7000
10256,130481.7000
10257,130481.7000
10258,130481.7000
10259,130481.7000
10260,130481.7000
10261,130481.7000
10262,130481.7000
10263,130481.7000
10264,130481.7000
10265,130481.7000
10266,130481.7000
10267,130481.7000
10268,130481.7000
10269,130481.7000
10270,130481.7000
10271,130481.7000
10272,130481.7000
10273,130481.7000
10274,130481.7000
10275,130481.7000
10276,130481.7000
10277,130481.7000
10278,130481.7000
10279,130481.7000
10280,130481.7000
10281,130481.7000
10282,130481.7000
10283,130481.7000
10284,130481.7000
10285,130481.7000
10286,130481.7000
10287,130481.7000
10288,130481.7000
10289,130481.7000
10290,130481.7000
10291,130481.7000
10292,130481.7000
10293,130481.7000
10294,130481.7000
10295,130481.7000
10296,130481.7000
10297,130481.7000
10298,130481.7000
10299,130481.7000
10300,130481.7000
10301,130481.7000
10302,130481.7000
10303,130481.7000
10304,130481.7000
10305,130481.7000
10306,130481.7000
10307,130481.7000
10308,130481.7000
10309,130481.7000
10310,130481.7000
10311,130481.7000
10312,130481.7000
10313,130481.7000
10314,130481.7000
10315,130481.7000
10316,130481.7000
10317,130481.7000
10318,130481.7000
10319,130481.7000
10320,130481.7000
10321,130481.7000
10322,130481.7000
10323,130481.7000
10324,130481.7000
10325,130481.7000
10326,130481.7000
10327,130481.7000
10328,130481.7000
10329,130481.7000
10330,130481.7000
10331,130481.7000
10332,130481.7000
10333,130481.7000
10334,130481.7000
10335,130481.7000
10336,130481.7000
10337,130481.7000
10338,130481.7000
10339,130481.7000
10340,130481.7000
10341,130481.7000
10342,130481.7000
10343,130481.7000
10344,130481.7000
10345,130481.7000
10346,130481.7000
10347,130481.7000
10348,130481.7000
10349,130481.7000
10350,130481.7000
10351,130481.7000
10352,130481.7000
10353,130481.7000
10354,130481.7000
10355,130481.7000
10356,130481.7000
10357,130481.7000
10358,130481.7000
10359,130481.7000
10360,130481.7000
10361,130481.7000
10362,130481.7000
10363,130481.7000
10364,130481.7000
10365,130481.7000
10366,130481.7000
10367,130481.7000
10368,130481.7000
10369,130481.7000
10370,130481.7000
10371,130481.7000
10372,130481.7000
10373,130481.7000
10374,130481.7000
10375,130481.7000
10376,130481.7000
10377,130481.7000
10378,130481.7000
10379,130481.7000
10380,130481.7000
10381,130481.7000
10382,130481.7000
10383,130481.7000
10384,130481.7000
10385,130481.7000
10386,130481.7000
10387,130481.7000
10388,130481.7000
10389,130481.7000
10390,130481.7000
10391,130481.7000
10392,130481.7000
10393,130481.7000
10394,130481.7000
10395,130481.7000
10396,130481.7000
10397,130481.7000
10398,130481.7000
10399,130481.7000
10400,130481.7000
10401,130481.7000
10402,130481.7000
10403,130481.7000
10404,130481.7000
10405,130481.7000
10406,130481.7000
10407,130481.7000
10408,130481.7000
10409,130481.7000
10410,130481.7000
10411,130481.7000
10412,130481.7000
10413,130481.7000
10414,130481.7000
10415,130481.7000
10416,130481.7000
10417,130481.7000
10418,130481.7000
10419,130481.7000
10420,130481.7000
10421,130481.7000
10422,130481.7000
10423,130481.7000
10424,130481.7000
10425,130481.7000
10426,130481.7000
10427,130481.7000
10428,130481.7000
10429,130481.7000
10430,130481.7000
10431,130481.7000
10432,130481.7000
10433,130481.7000
10434,130481.7000
10435,130481.7000
10436,130481.7000
10437,130481.7000
10438,130481.7000
10439,130481.7000
10440,130481.7000
10441,130481.7000
10442,130481.7000
10443,130481.7000
10444,130481.7000
10445,130481.7000
10446,130481.7000
10447,130481.7000
10448,130481.7000
10449,130481.7000
10450,130481.7000
10451,130481.7000
10452,130481.7000
10453,130481.7000
10454,130481.7000
10455,130481.7000
10456,130481.7000
10457,130481.7000
10458,130481.7000
10459,130481.7000
10460,130481.7000
10461,130481.7000
10462,130481.7000
10463,130481.7000
10464,130481.7000
10465,130481.7000
10466,130481.7000
10467,130481.7000
10468,130481.7000
10469,130481.7000
10470,130481.7000
10471,130481.7000
10472,130481.7000
10473,130481.7000
10474,130481.7000
10475,130481.7000
10476,130481.7000
10477,130481.7000
10478,130481.7000
10479,130481.7000
10480,130481.7000
10481,130481.7000
10482,130481.7000
10483,130481.7000
10484,130481.7000
10485,130481.7000
10486,130481.7000
10487,130481.7000
10488,130481.7000
10489,130481.7000
10490,130481.7000
10491,130481.7000
10492,130481.7000
10493,130481.7000
10494,130481.7000
10495,130481.7000
10496,130481.7000
10497,130481.7000
10498,130481.7000
10499,130481.7000
10500,130481.7000
10501,130481.7000
10502,130481.7000
10503,130481.7000
10504,130481.7000
10505,130481.7000
10506,130481.7000
10507,130481.7000
10508,130481.7000
10509,130481.7000
10510,130481.7000
10511,130481.7000
10512,130481.7000
10513,130481.7000
10514,130481.7000
10515,130481.7000
10516,130481.7000
10517,130481.7000
10518,130481.7000
10519,130481.7000
10520,130481.7000
10521,130481.7000
10522,130481.7000
10523,130481.7000
10524,130481.7000
10525,130481.7000
10526,130481.7000
10527,130481.7000
10528,130481.7000
10529,130481.7000
10530,130481.7000
10531,130481.7000
10532,130481.7000
10533,130481.7000
10534,130481.7000
10535,130481.7000
10536,130481.7000
10537,130481.7000
10538,130481.7000
10539,130481.7000
10540,130481.7000
10541,130481.7000
10542,130481.7000
10543,130481.7000
10544,130481.7000
10545,130481.7000
10546,130481.7000
10547,130481.7000
10548,130481.7000
10549,130481.7000
10550,130481.7000
10551,130481.7000
10552,130481.7000
10553,130481.7000
10554,130481.7000
10555,130481.7000
10556,130481.7000
10557,130481.7000
10558,130481.7000
10559,130481.7000
10560,130481.7000
10561,130481.7000
10562,130481.7000
10563,130481.7000
10564,130481.7000
10565,130481.7000
10566,130481.7000
10567,130481.7000
10568,130481.7000
10569,130481.7000
10570,130481.7000
10571,130481.7000
10572,130481.7000
10573,130481.7000
10574,130481.7000
10575,130481.7000
10576,130481.7000
10577,130481.7000
10578,130481.7000
10579,130481.7000
10580,130481.7000
10581,130481.7000
10582,130481.7000
10583,130481.7000
10584,130481.7000
10585,130481.7000
10586,130481.7000
10587,130481.7000
10588,130481.7000
10589,130481.7000
10590,130481.7000
10591,130481.7000
10592,130481.7000
10593,130481.7000
10594,130481.7000
10595,130481.7000
10596,130481.7000
10597,130481.7000
10598,130481.7000
10599,130481.7000
10600,130481.7000
10601,130481.7000
10602,130481.7000
10603,130481.7000
10604,130481.7000
10605,130481.7000
10606,130481.7000
10607,130481.7000
10608,130481.7000
10609,130481.7000
10610,130481.7000
10611,130481.7000
10612,130481.7000
10613,130481.7000
10614,130481.7000
10615,130481.7000
10616,130481.7000
10617,130481.7000
10618,130481.7000
10619,130481.7000
10620,130481.7000
10621,130481.7000
10622,130481.7000
10623,130481.7000
10624,130481.7000
10625,130481.7000
10626,130481.7000
10627,130481.7000
10628,130481.7000
10629,130481.7000
10630,130481.7000
10631,130481.7000
10632,130481.7000
10633,130481.7000
10634,130481.7000
10635,130481.7000
10636,130481.7000
10637,130481.7000
10638,130481.7000
10639,130481.7000
10640,130481.7000
10641,130481.7000
10642,130481.7000
10643,130481.7000
10644,130481.7000
10645,130481.7000
10646,130481.7000
10647,130481.7000
10648,130481.7000
10649,130481.7000
10650,130481.7000
10651,130481.7000
10652,130481.7000
10653,130481.7000
10654,130481.7000
10655,130481.7000
10656,130481.7000
10657,130481.7000
10658,130481.7000
10659,130481.7000
10660,130481.7000
10661,130481.7000
10662,130481.7000
10663,130481.7000
10664,130481.7000
10665,130481.7000
10666,130481.7000
10667,130481.7000
10668,130481.7000
10669,130481.7000
10670,130481.7000
10671,130481.7000
10672,130481.7000
10673,130481.7000
10674,130481.7000
10675,130481.7000
10676,130481.7000
10677,130481.7000
10678,130481.7000
10679,130481.7000
10680,130481.7000
10681,130481.7000
10682,130481.7000
10683,130481.7000
10684,130481.7000
10685,130481.7000
10686,130481.7000
10687,130481.7000
10688,130481.7000
10689,130481.7000
10690,130481.7000
10691,130481.7000
10692,130481.7000
10693,130481.7000
10694,130481.7000
10695,130481.7000
10696,130481.7000
10697,130481.7000
10698,130481.7000
10699,130481.7000
10700,130481.7000
10701,130481.7000
10702,130481.7000
10703,130481.7000
10704,130481.7000
10705,130481.7000
10706,130481.7000
10707,130481.7000
10708,130481.7000
10709,130481.7000
10710,130481.7000
10711,130481.7000
10712,130481.7000
10713,130481.7000
10714,130481.7000
10715,130481.7000
10716,130481.7000
10717,130481.7000
10718,130481.7000
10719,130481.7000
10720,130481.7000
10721,130481.7000
10722,130481.7000
10723,130481.7000
10724,130481.7000
10725,130481.7000
10726,130481.7000
10727,130481.7000
10728,130481.7000
10729,130481.7000
10730,130481.7000
10731,130481.7000
10732,130481.7000
10733,130481.7000
10734,130481.7000
10735,130481.7000
10736,130481.7000
10737,130481.7000
10738,130481.7000
10739,130481.7000
10740,130481.7000
10741,130481.7000
10742,130481.7000
10743,130481.7000
10744,130481.7000
10745,130481.7000
10746,130481.7000
10747,130481.7000
10748,130481.7000
10749,130481.7000
10750,130481.7000
10751,130481.7000
10752,130481.7000
10753,130481.7000
10754,130481.7000
10755,130481.7000
10756,130481.7000
10757,130481.7000
10758,130481.7000
10759,130481.7000
10760,130481.7000
10761,130481.7000
10762,130481.7000
10763,130481.7000
10764,130481.7000
10765,130481.7000
10766,130481.7000
10767,130481.7000
10768,130481.7000
10769,130481.7000
10770,130481.7000
10771,130481.7000
10772,130481.7000
10773,130481.7000
10774,130481.7000
10775,130481.7000
10776,130481.7000
10777,130481.7000
10778,130481.7000
10779,130481.7000
10780,130481.7000
10781,130481.7000
10782,130481.7000
10783,130481.7000
10784,130481.7000
10785,130481.7000
10786,130481.7000
10787,130481.7000
10788,130481.7000
10789,130481.7000
10790,130481.7000
10791,130481.7000
10792,130481.7000
10793,130481.7000
10794,130481.7000
10795,130481.7000
10796,130481.7000
10797,130481.7000
10798,130481.7000
10799,130481.7000
10800,130481.7000
10801,130481.7000
10802,130481.7000
10803,130481.7000
10804,130481.7000
10805,130481.7000
10806,130481.7000
10807,130481.7000
10808,130481.7000
10809,130481.7000
10810,130481.7000
10811,130481.7000
10812,130481.7000
10813,130481.7000
10814,130481.7000
10815,130481.7000
10816,130481.7000
10817,130481.7000
10818,130481.7000
10819,130481.7000
10820,130481.7000
10821,130481.7000
10822,130481.7000
10823,130481.7000
10824,130481.7000
10825,130481.7000
10826,130481.7000
10827,130481.7000
10828,130481.7000
10829,130481.7000
10830,130481.7000
10831,130481.7000
10832,130481.7000
10833,130481.7000
10834,130481.7000
10835,130481.7000
10836,130481.7000
10837,130481.7000
10838,130481.7000
10839,130481.7000
10840,130481.7000
10841,130481.7000
10842,130481.7000
10843,130481.7000
10844,130481.7000
10845,130481.7000
10846,130481.7000
10847,130481.7000
10848,130481.7000
10849,130481.7000
10850,130481.7000
10851,130481.7000
10852,130481.7000
10853,130481.7000
10854,130481.7000
10855,130481.7000
10856,130481.7000
10857,130481.7000
10858,130481.7000
10859,130481.7000
10860,130481.7000
10861,130481.7000
10862,130481.7000
10863,130481.7000
10864,130481.7000
10865,130481.7000
10866,130481.7000
10867,130481.7000
10868,130481.7000
10869,130481.7000
10870,130481.7000
10871,130481.7000
10872,130481.7000
10873,130481.7000
10874,130481.7000
10875,130481.7000
10876,130481.7000
10877,130481.7000
10878,130481.7000
10879,130481.7000
10880,130481.7000
10881,130481.7000
10882,130481.7000
10883,130481.7000
10884,130481.7000
10885,130481.7000
10886,130481.7000
10887,130481.7000
10888,130481.7000
10889,130481.7000
10890,130481.7000
10891,130481.7000
10892,130481.7000
10893,130481.7000
10894,130481.7000
10895,130481.7000
10896,130481.7000
10897,130481.7000
10898,130481.7000
10899,130481.7000
10900,130481.7000
10901,130481.7000
10902,130481.7000
10903,130481.7000
10904,130481.7000
10905,130481.7000
10906,130481.7000
10907,130481.7000
10908,130481.7000
10909,130481.7000
10910,130481.7000
10911,130481.7000
10912,130481.7000
10913,130481.7000
10914,130481.7000
10915,130481.7000
10916,130481.7000
10917,130481.7000
10918,130481.7000
10919,130481.7000
10920,130481.7000
10921,130481.7000
10922,130481.7000
10923,130481.7000
10924,130481.7000
10925,130481.7000
10926,130481.7000
10927,130481.7000
10928,130481.7000
10929,130481.7000
10930,130481.7000
10931,130481.7000
10932,130481.7000
10933,130481.7000
10934,130481.7000
10935,130481.7000
10936,130481.7000
10937,130481.7000
10938,130481.7000
10939,130481.7000
10940,130481.7000
10941,130481.7000
10942,130481.7000
10943,130481.7000
10944,130481.7000
10945,130481.7000
10946,130481.7000
10947,130481.7000
10948,130481.7000
10949,130481.7000
10950,130481.7000
10951,130481.7000
10952,130481.7000
10953,130481.7000
10954,130481.7000
10955,130481.7000
10956,130481.7000
10957,130481.7000
10958,130481.7000
10959,130481.7000
10960,130481.7000
10961,130481.7000
10962,130481.7000
10963,130481.7000
10964,130481.7000
10965,130481.7000
10966,130481.7000
10967,130481.7000
10968,130481.7000
10969,130481.7000
10970,130481.7000
10971,130481.7000
10972,130481.7000
10973,130481.7000
10974,130481.7000
10975,130481.7000
10976,130481.7000
10977,130481.7000
10978,130481.7000
10979,130481.7000
10980,130481.7000
10981,130481.7000
10982,130481.7000
10983,130481.7000
10984,130481.7000
10985,130481.7000
10986,130481.7000
10987,130481.7000
10988,130481.7000
10989,130481.7000
10990,130481.7000
10991,130481.7000
10992,130481.7000
10993,130481.7000
10994,130481.7000
10995,130481.7000
10996,130481.7000
10997,130481.7000
10998,130481.7000
10999,130481.7000
11000,130481.7000
11001,130481.7000
11002,130481.7000
11003,130481.7000
11004,130481.7000
11005,130481.7000
11006,130481.7000
11007,130481.7000
11008,130481.7000
11009,130481.7000
11010,130481.7000
11011,130481.7000
11012,130481.7000
11013,130481.7000
11014,130481.7000
11015,130481.7000
11016,130481.7000
11017,130481.7000
11018,130481.7000
11019,130481.7000
11020,130481.7000
11021,130481.7000
11022,130481.7000
11023,130481.7000
11024,130481.7000
11025,130481.7000
11026,130481.7000
11027,130481.7000
11028,130481.7000
11029,130481.7000
11030,130481.7000
11031,130481.7000
11032,130481.7000
11033,130481.7000
11034,130481.7000
11035,130481.7000
11036,130481.7000
11037,130481.7000
11038,130481.7000
11039,130481.7000
11040,130481.7000
11041,130481.7000
11042,130481.7000
11043,130481.7000
11044,130481.7000
11045,130481.7000
11046,130481.7000
11047,130481.7000
11048,130481.7000
11049,130481.7000
11050,130481.7000
11051,130481.7000
11052,130481.7000
11053,130481.7000
11054,130481.7000
11055,130481.7000
11056,130481.7000
11057,130481.7000
11058,130481.7000
11059,130481.7000
11060,130481.7000
11061,130481.7000
11062,130481.7000
11063,130481.7000
11064,130481.7000
11065,130481.7000
11066,130481.7000
11067,130481.7000
11068,130481.7000
11069,130481.7000
11070,130481.7000
11071,130481.7000
11072,130481.7000
11073,130481.7000
11074,130481.7000
11075,130481.7000
11076,130481.7000
11077,130481.7000
11078,130481.7000
11079,130481.7000
11080,130481.7000
11081,130481.7000
11082,130481.7000
11083,130481.7000
11084,130481.7000
11085,130481.7000
11086,130481.7000
11087,130481.7000
11088,130481.7000
11089,130481.7000
11090,130481.7000
11091,130481.7000
11092,130481.7000
11093,130481.7000
11094,130481.7000
11095,130481.7000
11096,130481.7000
11097,130481.7000
11098,130481.7000
11099,130481.7000
11100,130481.7000
11101,130481.7000
11102,130481.7000
11103,130481.7000
11104,130481.7000
11105,130481.7000
11106,130481.7000
11107,130481.7000
11108,130481.7000
11109,130481.7000
11110,130481.7000
11111,130481.7000
11112,130481.7000
11113,130481.7000
11114,130481.7000
11115,130481.7000
11116,130481.7000
11117,130481.7000
11118,130481.7000
11119,130481.7000
11120,130481.7000
11121,130481.7000
11122,130481.7000
11123,130481.7000
11124,130481.7000
11125,130481.7000
11126,130481.7000
11127,130481.7000
11128,130481.7000
11129,130481.7000
11130,130481.7000
11131,130481.7000
11132,130481.7000
11133,130481.7000
11134,130481.7000
11135,130481.7000
11136,130481.7000
11137,130481.7000
11138,130481.7000
11139,130481.7000
11140,130481.7000
11141,130481.7000
11142,130481.7000
11143,130481.7000
11144,130481.7000
11145,130481.7000
11146,130481.7000
11147,130481.7000
11148,130481.7000
11149,130481.7000
11150,130481.7000
11151,130481.7000
11152,130481.7000
11153,130481.7000
11154,130481.7000
11155,130481.7000
11156,130481.7000
11157,130481.7000
11158,130481.7000
11159,130481.7000
11160,130481.7000
11161,130481.7000
11162,130481.7000
11163,130481.7000
11164,130481.7000
11165,130481.7000
11166,130481.7000
11167,130481.7000
11168,130481.7000
11169,130481.7000
11170,130481.7000
11171,130481.7000
11172,130481.7000
11173,130481.7000
11174,130481.7000
11175,130481.7000
11176,130481.7000
11177,130481.7000
11178,130481.7000
11179,130481.7000
11180,130481.7000
11181,130481.7000
11182,130481.7000
11183,130481.7000
11184,130481.7000
11185,130481.7000
11186,130481.7000
11187,130481.7000
11188,130481.7000
11189,130481.7000
11190,130481.7000
11191,130481.7000
11192,130481.7000
11193,130481.7000
11194,130481.7000
11195,130481.7000
11196,130481.7000
11197,130481.7000
11198,130481.7000
11199,130481.7000
11200,130481.7000
11201,130481.7000
11202,130481.7000
11203,130481.7000
11204,130481.7000
11205,130481.7000
11206,130481.7000
11207,130481.7000
11208,130481.7000
11209,130481.7000
11210,130481.7000
11211,130481.7000
11212,130481.7000
11213,130481.7000
11214,130481.7000
11215,130481.7000
11216,130481.7000
11217,130481.7000
11218,130481.7000
11219,130481.7000
11220,130481.7000
11221,130481.7000
11222,130481.7000
11223,130481.7000
11224,130481.7000
11225,130481.7000
11226,130481.7000
11227,130481.7000
11228,130481.7000
11229,130481.7000
11230,130481.7000
11231,130481.7000
11232,130481.7000
11233,130481.7000
11234,130481.7000
11235,130481.7000
11236,130481.7000
11237,130481.7000
11238,130481.7000
11239,130481.7000
11240,130481.7000
11241,130481.7000
11242,130481.7000
11243,130481.7000
11244,130481.7000
11245,130481.7000
11246,130481.7000
11247,130481.7000
11248,130481.7000
11249,130481.7000
11250,130481.7000
11251,130481.7000
11252,130481.7000
11253,130481.7000
11254,130481.7000
11255,130481.7000
11256,130481.7000
11257,130481.7000
11258,130481.7000
11259,130481.7000
11260,130481.7000
11261,130481.7000
11262,130481.7000
11263,130481.7000
11264,130481.7000
11265,130481.7000
11266,130481.7000
11267,130481.7000
11268,130481.7000
11269,130481.7000
11270,130481.7000
11271,130481.7000
11272,130481.7000
11273,130481.7000
11274,130481.7000
11275,130481.7000
11276,130481.7000
11277,130481.7000
11278,130481.7000
11279,130481.7000
11280,130481.7000
11281,130481.7000
11282,130481.7000
11283,130481.7000
11284,130481.7000
11285,130481.7000
11286,130481.7000
11287,130481.7000
11288,130481.7000
11289,130481.7000
11290,130481.7000
11291,130481.7000
11292,130481.7000
11293,130481.7000
11294,130481.7000
11295,130481.7000
11296,130481.7000
11297,130481.7000
11298,130481.7000
11299,130481.7000
11300,130481.7000
11301,130481.7000
11302,130481.7000
11303,130481.7000
11304,130481.7000
11305,130481.7000
11306,130481.7000
11307,130481.7000
11308,130481.7000
11309,130481.7000
11310,130481.7000
11311,130481.7000
11312,130481.7000
11313,130481.7000
11314,130481.7000
11315,130481.7000
11316,130481.7000
11317,130481.7000
11318,130481.7000
11319,130481.7000
11320,130481.7000
11321,130481.7000
11322,130481.7000
11323,130481.7000
11324,130481.7000
11325,130481.7000
11326,130481.7000
11327,130481.7000
11328,130481.7000
11329,130481.7000
11330,130481.7000
11331,130481.7000
11332,130481.7000
11333,130481.7000
11334,130481.7000
11335,130481.7000
11336,130481.7000
11337,130481.7000
11338,130481.7000
11339,130481.7000
11340,130481.7000
11341,130481.7000
11342,130481.7000
11343,130481.7000
11344,130481.7000
11345,130481.7000
11346,130481.7000
11347,130481.7000
11348,130481.7000
11349,130481.7000
11350,130481.7000
11351,130481.7000
11352,130481.7000
11353,130481.7000
11354,130481.7000
11355,130481.7000
11356,130481.7000
11357,130481.7000
11358,130481.7000
11359,130481.7000
11360,130481.7000
11361,130481.7000
11362,130481.7000
11363,130481.7000
11364,130481.7000
11365,130481.7000
11366,130481.7000
11367,130481.7000
11368,130481.7000
11369,130481.7000
11370,130481.7000
11371,130481.7000
11372,130481.7000
11373,130481.7000
11374,130481.7000
11375,130481.7000
11376,130481.7000
11377,130481.7000
11378,130481.7000
11379,130481.7000
11380,130481.7000
11381,130481.7000
11382,130481.7000
11383,130481.7000
11384,130481.7000
11385,130481.7000
11386,130481.7000
11387,130481.7000
11388,130481.7000
11389,130481.7000
11390,130481.7000
11391,130481.7000
11392,130481.7000
11393,130481.7000
11394,130481.7000
11395,130481.7000
11396,130481.7000
11397,130481.7000
11398,130481.7000
11399,130481.7000
11400,130481.7000
11401,130481.7000
11402,130481.7000
11403,130481.7000
11404,130481.7000
11405,130481.7000
11406,130481.7000
11407,130481.7000
11408,130481.7000
11409,130481.7000
11410,130481.7000
11411,130481.7000
11412,130481.7000
11413,130481.7000
11414,130481.7000
11415,130481.7000
11416,130481.7000
11417,130481.7000
11418,130481.7000
11419,130481.7000
11420,130481.7000
11421,130481.7000
11422,130481.7000
11423,130481.7000
11424,130481.7000
11425,130481.7000
11426,130481.7000
11427,130481.7000
11428,130481.7000
11429,130481.7000
11430,130481.7000
11431,130481.7000
11432,130481.7000
11433,130481.7000
11434,130481.7000
11435,130481.7000
11436,130481.7000
11437,130481.7000
11438,130481.7000
11439,130481.7000
11440,130481.7000
11441,130481.7000
11442,130481.7000
11443,130481.7000
11444,130481.7000
11445,130481.7000
11446,130481.7000
11447,130481.7000
11448,130481.7000
11449,130481.7000
11450,130481.7000
11451,130481.7000
11452,130481.7000
11453,130481.7000
11454,130481.7000
11455,130481.7000
11456,130481.7000
11457,130481.7000
11458,130481.7000
11459,130481.7000
11460,130481.7000
11461,130481.7000
11462,130481.7000
11463,130481.7000
11464,130481.7000
11465,130481.7000
11466,130481.7000
11467,130481.7000
11468,130481.7000
11469,130481.7000
11470,130481.7000
11471,130481.7000
11472,130481.7000
11473,130481.7000
11474,130481.7000
11475,130481.7000
11476,130481.7000
11477,130481.7000
11478,130481.7000
11479,130481.7000
11480,130481.7000
11481,130481.7000
11482,130481.7000
11483,130481.7000
11484,130481.7000
11485,130481.7000
11486,130481.7000
11487,130481.7000
11488,130481.7000
11489,130481.7000
11490,130481.7000
11491,130481.7000
11492,130481.7000
11493,130481.7000
11494,130481.7000
11495,130481.7000
11496,130481.7000
11497,130481.7000
11498,130481.7000
11499,130481.7000
11500,130481.7000
11501,130481.7000
11502,130481.7000
11503,130481.7000
11504,130481.7000
11505,130481.7000
11506,130481.7000
11507,130481.7000
11508,130481.7000
11509,130481.7000
11510,130481.7000
11511,130481.7000
11512,130481.7000
11513,130481.7000
11514,130481.7000
11515,130481.7000
11516,130481.7000
11517,130481.7000
11518,130481.7000
11519,130481.7000
11520,130481.7000
11521,130481.7000
11522,130481.7000
11523,130481.7000
11524,130481.7000
11525,130481.7000
11526,130481.7000
11527,130481.7000
11528,130481.7000
11529,130481.7000
11530,130481.7000
11531,130481.7000
11532,130481.7000
11533,130481.7000
11534,130481.7000
11535,130481.7000
11536,130481.7000
11537,130481.7000
11538,130481.7000
11539,130481.7000
11540,130481.7000
11541,130481.7000
11542,130481.7000
11543,130481.7000
11544,130481.7000
11545,130481.7000
11546,130481.7000
11547,130481.7000
11548,130481.7000
11549,130481.7000
11550,130481.7000
11551,130481.7000
11552,130481.7000
11553,130481.7000
11554,130481.7000
11555,130481.7000
11556,130481.7000
11557,130481.7000
11558,130481.7000
11559,130481.7000
11560,130481.7000
11561,130481.7000
11562,130481.7000
11563,130481.7000
11564,130481.7000
11565,130481.7000
11566,130481.7000
11567,130481.7000
11568,130481.7000
11569,130481.7000
11570,130481.7000
11571,130481.7000
11572,130481.7000
11573,130481.7000
11574,130481.7000
11575,130481.7000
11576,130481.7000
11577,130481.7000
11578,130481.7000
11579,130481.7000
11580,130481.7000
11581,130481.7000
11582,130481.7000
11583,130481.7000
11584,130481.7000
11585,130481.7000
11586,130481.7000
11587,130481.7000
11588,130481.7000
11589,130481.7000
11590,130481.7000
11591,130481.7000
11592,130481.7000
11593,130481.7000
11594,130481.7000
11595,130481.7000
11596,130481.7000
11597,130481.7000
11598,130481.7000
11599,130481.7000
11600,130481.7000
11601,130481.7000
11602,130481.7000
11603,130481.7000
11604,130481.7000
11605,130481.7000
11606,130481.7000
11607,130481.7000
11608,130481.7000
11609,130481.7000
11610,130481.7000
11611,130481.7000
11612,130481.7000
11613,130481.7000
11614,130481.7000
11615,130481.7000
11616,130481.7000
11617,130481.7000
11618,130481.7000
11619,130481.7000
11620,130481.7000
11621,130481.7000
11622,130481.7000
11623,130481.7000
11624,130481.7000
11625,130481.7000
11626,130481.7000
11627,130481.7000
11628,130481.7000
11629,130481.7000
11630,130481.7000
11631,130481.7000
11632,130481.7000
11633,130481.7000
11634,130481.7000
11635,130481.7000
11636,130481.7000
11637,130481.7000
11638,130481.7000
11639,130481.7000
11640,130481.7000
11641,130481.7000
11642,130481.7000
11643,130481.7000
11644,130481.7000
11645,130481.7000
11646,130481.7000
11647,130481.7000
11648,130481.7000
11649,130481.7000
11650,130481.7000
11651,130481.7000
11652,130481.7000
11653,130481.7000
11654,130481.7000
11655,130481.7000
11656,130481.7000
11657,130481.7000
11658,130481.7000
11659,130481.7000
11660,130481.7000
11661,130481.7000
11662,130481.7000
11663,130481.7000
11664,130481.7000
11665,130481.7000
11666,130481.7000
11667,130481.7000
11668,130481.7000
11669,130481.7000
11670,130481.7000
11671,130481.7000
11672,130481.7000
11673,130481.7000
11674,130481.7000
11675,130481.7000
11676,130481.7000
11677,130481.7000
11678,130481.7000
11679,130481.7000
11680,130481.7000
11681,130481.7000
11682,130481.7000
11683,130481.7000
11684,130481.7000
11685,130481.7000
11686,130481.7000
11687,130481.7000
11688,130481.7000
11689,130481.7000
11690,130481.7000
11691,130481.7000
11692,130481.7000
11693,130481.7000
11694,130481.7000
11695,130481.7000
11696,130481.7000
11697,130481.7000
11698,130481.7000
11699,130481.7000
11700,130481.7000
11701,130481.7000
11702,130481.7000
11703,130481.7000
11704,130481.7000
11705,130481.7000
11706,130481.7000
11707,130481.7000
11708,130481.7000
11709,130481.7000
11710,130481.7000
11711,130481.7000
11712,130481.7000
11713,130481.7000
11714,130481.7000
11715,130481.7000
11716,130481.7000
11717,130481.7000
11718,130481.7000
11719,130481.7000
11720,130481.7000
11721,130481.7000
11722,130481.7000
11723,130481.7000
11724,130481.7000
11725,130481.7000
11726,130481.7000
11727,130481.7000
11728,130481.7000
11729,130481.7000
11730,130481.7000
11731,130481.7000
11732,130481.7000
11733,130481.7000
11734,130481.7000
11735,130481.7000
11736,130481.7000
11737,130481.7000
11738,130481.7000
11739,130481.7000
11740,130481.7000
11741,130481.7000
11742,130481.7000
11743,130481.7000
11744,130481.7000
11745,130481.7000
11746,130481.7000
11747,130481.7000
11748,130481.7000
11749,130481.7000
11750,130481.7000
11751,130481.7000
11752,130481.7000
11753,130481.7000
11754,130481.7000
11755,130481.7000
11756,130481.7000
11757,130481.7000
11758,130481.7000
11759,130481.7000
11760,130481.7000
11761,130481.7000
11762,130481.7000
11763,130481.7000
11764,130481.7000
11765,130481.7000
11766,130481.7000
11767,130481.7000
11768,130481.7000
11769,130481.7000
11770,130481.7000
11771,130481.7000
11772,130481.7000
11773,130481.7000
11774,130481.7000
11775,130481.7000
11776,130481.7000
11777,130481.7000
11778,130481.7000
11779,130481.7000
11780,130481.7000
11781,130481.7000
11782,130481.7000
11783,130481.7000
11784,130481.7000
11785,130481.7000
11786,130481.7000
11787,130481.7000
11788,130481.7000
11789,130481.7000
11790,130481.7000
11791,130481.7000
11792,130481.7000
11793,130481.7000
11794,130481.7000
11795,130481.7000
11796,130481.7000
11797,130481.7000
11798,130481.7000
11799,130481.7000
11800,130481.7000
11801,130481.7000
11802,130481.7000
11803,130481.7000
11804,130481.7000
11805,130481.7000
11806,130481.7000
11807,130481.7000
11808,130481.7000
11809,130481.7000
11810,130481.7000
11811,130481.7000
11812,130481.7000
11813,130481.7000
11814,130481.7000
11815,130481.7000
11816,130481.7000
11817,130481.7000
11818,130481.7000
11819,130481.7000
11820,130481.7000
11821,130481.7000
11822,130481.7000
11823,130481.7000
11824,130481.7000
11825,130481.7000
11826,130481.7000
11827,130481.7000
11828,130481.7000
11829,130481.7000
11830,130481.7000
11831,130481.7000
11832,130481.7000
11833,130481.7000
11834,130481.7000
11835,130481.7000
11836,130481.7000
11837,130481.7000
11838,130481.7000
11839,130481.7000
11840,130481.7000
11841,130481.7000
11842,130481.7000
11843,130481.7000
11844,130481.7000
11845,130481.7000
11846,130481.7000
11847,130481.7000
11848,130481.7000
11849,130481.7000
11850,130481.7000
11851,130481.7000
11852,130481.7000
11853,130481.7000
11854,130481.7000
11855,130481.7000
11856,130481.7000
11857,130481.7000
11858,130481.7000
11859,130481.7000
11860,130481.7000
11861,130481.7000
11862,130481.7000
11863,130481.7000
11864,130481.7000
11865,130481.7000
11866,130481.7000
11867,130481.7000
11868,130481.7000
11869,130481.7000
11870,130481.7000
11871,130481.7000
11872,130481.7000
11873,130481.7000
11874,130481.7000
11875,130481.7000
11876,130481.7000
11877,130481.7000
11878,130481.7000
11879,130481.7000
11880,130481.7000
11881,130481.7000
11882,130481.7000
11883,130481.7000
11884,130481.7000
11885,130481.7000
11886,130481.7000
11887,130481.7000
11888,130481.7000
11889,130481.7000
11890,130481.7000
11891,130481.7000
11892,130481.7000
11893,130481.7000
11894,130481.7000
11895,130481.7000
11896,130481.7000
11897,130481.7000
11898,130481.7000
11899,130481.7000
11900,130481.7000
11901,130481.7000
11902,130481.7000
11903,130481.7000
11904,130481.7000
11905,130481.7000
11906,130481.7000
11907,130481.7000
11908,130481.7000
11909,130481.7000
11910,130481.7000
11911,130481.7000
11912,130481.7000
11913,130481.7000
11914,130481.7000
11915,130481.7000
11916,130481.7000
11917,130481.7000
11918,130481.7000
11919,130481.7000
11920,130481.7000
11921,130481.7000
11922,130481.7000
11923,130481.7000
11924,130481.7000
11925,130481.7000
11926,130481.7000
11927,130481.7000
11928,130481.7000
11929,130481.7000
11930,130481.7000
11931,130481.7000
11932,130481.7000
11933,130481.7000
11934,130481.7000
11935,130481.7000
11936,130481.7000
11937,130481.7000
11938,130481.7000
11939,130481.7000
11940,130481.7000
11941,130481.7000
11942,130481.7000
11943,130481.7000
11944,130481.7000
11945,130481.7000
11946,130481.7000
11947,130481.7000
11948,130481.7000
11949,130481.7000
11950,130481.7000
11951,130481.7000
11952,130481.7000
11953,130481.7000
11954,130481.7000
11955,130481.7000
11956,130481.7000
11957,130481.7000
11958,130481.7000
11959,130481.7000
11960,130481.7000
11961,130481.7000
11962,130481.7000
11963,130481.7000
11964,130481.7000
11965,130481.7000
11966,130481.7000
11967,130481.7000
11968,130481.7000
11969,130481.7000
11970,130481.7000
11971,130481.7000
11972,130481.7000
11973,130481.7000
11974,130481.7000
11975,130481.7000
11976,130481.7000
11977,130481.7000
11978,130481.7000
11979,130481.7000
11980,130481.7000
11981,130481.7000
11982,130481.7000
11983,130481.7000
11984,130481.7000
11985,130481.7000
11986,130481.7000
11987,130481.7000
11988,130481.7000
11989,130481.7000
11990,130481.7000
11991,130481.7000
11992,130481.7000
11993,130481.7000
11994,130481.7000
11995,130481.7000
11996,130481.7000
11997,130481.7000
11998,130481.7000
11999,130481.7000
12000,130481.7000
12001,130481.7000
12002,130481.7000
12003,130481.7000
12004,130481.7000
12005,130481.7000
12006,130481.7000
12007,130481.7000
12008,130481.7000
12009,130481.7000
12010,130481.7000
12011,130481.7000
12012,130481.7000
12013,130481.7000
12014,130481.7000
12015,130481.7000
12016,130481.7000
12017,130481.7000
12018,130481.7000
12019,130481.7000
12020,130481.7000
12021,130481.7000
12022,130481.7000
12023,130481.7000
12024,130481.7000
12025,130481.7000
12026,130481.7000
12027,130481.7000
12028,130481.7000
12029,130481.7000
12030,130481.7000
12031,130481.7000
12032,130481.7000
12033,130481.7000
12034,130481.7000
12035,130481.7000
12036,130481.7000
12037,130481.7000
12038,130481.7000
12039,130481.7000
12040,130481.7000
12041,130481.7000
12042,130481.7000
12043,130481.7000
12044,130481.7000
12045,130481.7000
12046,130481.7000
12047,130481.7000
12048,130481.7000
12049,130481.7000
12050,130481.7000
12051,130481.7000
12052,130481.7000
12053,130481.7000
12054,130481.7000
12055,130481.7000
12056,130481.7000
12057,130481.7000
12058,130481.7000
12059,130481.7000
12060,130481.7000
12061,130481.7000
12062,130481.7000
12063,130481.7000
12064,130481.7000
12065,130481.7000
12066,130481.7000
12067,130481.7000
12068,130481.7000
12069,130481.7000
12070,130481.7000
12071,130481.7000
12072,130481.7000
12073,130481.7000
12074,130481.7000
12075,130481.7000
12076,130481.7000
12077,130481.7000
12078,130481.7000
12079,130481.7000
12080,130481.7000
12081,130481.7000
12082,130481.7000
12083,130481.7000
12084,130481.7000
12085,130481.7000
12086,130481.7000
12087,130481.7000
12088,130481.7000
12089,130481.7000
12090,130481.7000
12091,130481.7000
12092,130481.7000
12093,130481.7000
12094,130481.7000
12095,130481.7000
12096,130481.7000
12097,130481.7000
12098,130481.7000
12099,130481.7000
12100,130481.7000
12101,130481.7000
12102,130481.7000
12103,130481.7000
12104,130481.7000
12105,130481.7000
12106,130481.7000
12107,130481.7000
12108,130481.7000
12109,130481.7000
12110,130481.7000
12111,130481.7000
12112,130481.7000
12113,130481.7000
12114,130481.7000
12115,130481.7000
12116,130481.7000
12117,130481.7000
12118,130481.7000
12119,130481.7000
12120,130481.7000
12121,130481.7000
12122,130481.7000
12123,130481.7000
12124,130481.7000
12125,130481.7000
12126,130481.7000
12127,130481.7000
12128,130481.7000
12129,130481.7000
12130,130481.7000
12131,130481.7000
12132,130481.7000
12133,130481.7000
12134,130481.7000
12135,130481.7000
12136,130481.7000
12137,130481.7000
12138,130481.7000
12139,130481.7000
12140,130481.7000
12141,130481.7000
12142,130481.7000
12143,130481.7000
12144,130481.7000
12145,130481.7000
12146,130481.7000
12147,130481.7000
12148,130481.7000
12149,130481.7000
12150,130481.7000
12151,130481.7000
12152,130481.7000
12153,130481.7000
12154,130481.7000
12155,130481.7000
12156,130481.7000
12157,130481.7000
12158,130481.7000
12159,130481.7000
12160,130481.7000
12161,130481.7000
12162,130481.7000
12163,130481.7000
12164,130481.7000
12165,130481.7000
12166,130481.7000
12167,130481.7000
12168,130481.7000
12169,130481.7000
12170,130481.7000
12171,130481.7000
12172,130481.7000
12173,130481.7000
12174,130481.7000
12175,130481.7000
12176,130481.7000
12177,130481.7000
12178,130481.7000
12179,130481.7000
12180,130481.7000
12181,130481.7000
12182,130481.7000
12183,130481.7000
12184,130481.7000
12185,130481.7000
12186,130481.7000
12187,130481.7000
12188,130481.7000
12189,130481.7000
12190,130481.7000
12191,130481.7000
12192,130481.7000
12193,130481.7000
12194,130481.7000
12195,130481.7000
12196,130481.7000
12197,130481.7000
12198,130481.7000
12199,130481.7000
12200,130481.7000
12201,130481.7000
12202,130481.7000
12203,130481.7000
12204,130481.7000
12205,130481.7000
12206,130481.7000
12207,130481.7000
12208,130481.7000
12209,130481.7000
12210,130481.7000
12211,130481.7000
12212,130481.7000
12213,130481.7000
12214,130481.7000
12215,130481.7000
12216,130481.7000
12217,130481.7000
12218,130481.7000
12219,130481.7000
12220,130481.7000
12221,130481.7000
12222,130481.7000
12223,130481.7000
12224,130481.7000
12225,130481.7000
12226,130481.7000
12227,130481.7000
12228,130481.7000
12229,130481.7000
12230,130481.7000
12231,130481.7000
12232,130481.7000
12233,130481.7000
12234,130481.7000
12235,130481.7000
12236,130481.7000
12237,130481.7000
12238,130481.7000
12239,130481.7000
12240,130481.7000
12241,130481.7000
12242,130481.7000
12243,130481.7000
12244,130481.7000
12245,130481.7000
12246,130481.7000
12247,130481.7000
12248,130481.7000
12249,130481.7000
12250,130481.7000
12251,130481.7000
12252,130481.7000
12253,130481.7000
12254,130481.7000
12255,130481.7000
12256,130481.7000
12257,130481.7000
12258,130481.7000
12259,130481.7000
12260,130481.7000
12261,130481.7000
12262,130481.7000
12263,130481.7000
12264,130481.7000
12265,130481.7000
12266,130481.7000
12267,130481.7000
12268,130481.7000
12269,130481.7000
12270,130481.7000
12271,130481.7000
12272,130481.7000
12273,130481.7000
12274,130481.7000
12275,130481.7000
12276,130481.7000
12277,130481.7000
12278,130481.7000
12279,130481.7000
12280,130481.7000
12281,130481.7000
12282,130481.7000
12283,130481.7000
12284,130481.7000
12285,130481.7000
12286,130481.7000
12287,130481.7000
12288,130481.7000
12289,130481.7000
12290,130481.7000
12291,130481.7000
12292,130481.7000
12293,130481.7000
12294,130481.7000
12295,130481.7000
12296,130481.7000
12297,130481.7000
12298,130481.7000
12299,130481.7000
12300,130481.7000
12301,130481.7000
12302,130481.7000
12303,130481.7000
12304,130481.7000
12305,130481.7000
12306,130481.7000
12307,130481.7000
12308,130481.7000
12309,130481.7000
12310,130481.7000
12311,130481.7000
12312,130481.7000
12313,130481.7000
12314,130481.7000
12315,130481.7000
12316,130481.7000
12317,130481.7000
12318,130481.7000
12319,130481.7000
12320,130481.7000
12321,130481.7000
12322,130481.7000
12323,130481.7000
12324,130481.7000
12325,130481.7000
12326,130481.7000
12327,130481.7000
12328,130481.7000
12329,130481.7000
12330,130481.7000
12331,130481.7000
12332,130481.7000
12333,130481.7000
12334,130481.7000
12335,130481.7000
12336,130481.7000
12337,130481.7000
12338,130481.7000
12339,130481.7000
12340,130481.7000
12341,130481.7000
12342,130481.7000
12343,130481.7000
12344,130481.7000
12345,130481.7000
12346,130481.7000
12347,130481.7000
12348,130481.7000
12349,130481.7000
12350,130481.7000
12351,130481.7000
12352,130481.7000
12353,130481.7000
12354,130481.7000
12355,130481.7000
12356,130481.7000
12357,130481.7000
12358,130481.7000
12359,130481.7000
12360,130481.7000
12361,130481.7000
12362,130481.7000
12363,130481.7000
12364,130481.7000
12365,130481.7000
12366,130481.7000
12367,130481.7000
12368,130481.7000
12369,130481.7000
12370,130481.7000
12371,130481.7000
12372,130481.7000
12373,130481.7000
12374,130481.7000
12375,130481.7000
12376,130481.7000
12377,130481.7000
12378,130481.7000
12379,130481.7000
12380,130481.7000
12381,130481.7000
12382,130481.7000
12383,130481.7000
12384,130481.7000
12385,130481.7000
12386,130481.7000
12387,130481.7000
12388,130481.7000
12389,130481.7000
12390,130481.7000
12391,130481.7000
12392,130481.7000
12393,130481.7000
12394,130481.7000
12395,130481.7000
12396,130481.7000
12397,130481.7000
12398,130481.7000
12399,130481.7000
12400,130481.7000
12401,130481.7000
12402,130481.7000
12403,130481.7000
12404,130481.7000
12405,130481.7000
12406,130481.7000
12407,130481.7000
12408,130481.7000
12409,130481.7000
12410,130481.7000
12411,130481.7000
12412,130481.7000
12413,130481.7000
12414,130481.7000
12415,130481.7000
12416,130481.7000
12417,130481.7000
12418,130481.7000
12419,130481.7000
12420,130481.7000
12421,130481.7000
12422,130481.7000
12423,130481.7000
12424,130481.7000
12425,130481.7000
12426,130481.7000
12427,130481.7000
12428,130481.7000
12429,130481.7000
12430,130481.7000
12431,130481.7000
12432,130481.7000
12433,130481.7000
12434,130481.7000
12435,130481.7000
12436,130481.7000
12437,130481.7000
12438,130481.7000
12439,130481.7000
12440,130481.7000
12441,130481.7000
12442,130481.7000
12443,130481.7000
12444,130481.7000
12445,130481.7000
12446,130481.7000
12447,130481.7000
12448,130481.7000
12449,130481.7000
12450,130481.7000
12451,130481.7000
12452,130481.7000
12453,130481.7000
12454,130481.7000
12455,130481.7000
12456,130481.7000
12457,130481.7000
12458,130481.7000
12459,130481.7000
12460,130481.7000
12461,130481.7000
12462,130481.7000
12463,130481.7000
12464,130481.7000
12465,130481.7000
12466,130481.7000
12467,130481.7000
12468,130481.7000
12469,130481.7000
12470,130481.7000
12471,130481.7000
12472,130481.7000
12473,130481.7000
12474,130481.7000
12475,130481.7000
12476,130481.7000
12477,130481.7000
12478,130481.7000
12479,130481.7000
12480,130481.7000
12481,130481.7000
12482,130481.7000
12483,130481.7000
12484,130481.7000
12485,130481.7000
12486,130481.7000
12487,130481.7000
12488,130481.7000
12489,130481.7000
12490,130481.7000
12491,130481.7000
12492,130481.7000
12493,130481.7000
12494,130481.7000
12495,130481.7000
12496,130481.7000
12497,130481.7000
12498,130481.7000
12499,130481.7000
12500,130481.7000
12501,130481.7000
12502,130481.7000
12503,130481.7000
12504,130481.7000
12505,130481.7000
12506,130481.7000
12507,130481.7000
12508,130481.7000
12509,130481.7000
12510,130481.7000
12511,130481.7000
12512,130481.7000
12513,130481.7000
12514,130481.7000
12515,130481.7000
12516,130481.7000
12517,130481.7000
12518,130481.7000
12519,130481.7000
12520,130481.7000
12521,130481.7000
12522,130481.7000
12523,130481.7000
12524,130481.7000
12525,130481.7000
12526,130481.7000
12527,130481.7000
12528,130481.7000
12529,130481.7000
12530,130481.7000
12531,130481.7000
12532,130481.7000
12533,130481.7000
12534,130481.7000
12535,130481.7000
12536,130481.7000
12537,130481.7000
12538,130481.7000
12539,130481.7000
12540,130481.7000
12541,130481.7000
12542,130481.7000
12543,130481.7000
12544,130481.7000
12545,130481.7000
12546,130481.7000
12547,130481.7000
12548,130481.7000
12549,130481.7000
12550,130481.7000
12551,130481.7000
12552,130481.7000
12553,130481.7000
12554,130481.7000
12555,130481.7000
12556,130481.7000
12557,130481.7000
12558,130481.7000
12559,130481.7000
12560,130481.7000
12561,130481.7000
12562,130481.7000
12563,130481.7000
12564,130481.7000
12565,130481.7000
12566,130481.7000
12567,130481.7000
12568,130481.7000
12569,130481.7000
12570,130481.7000
12571,130481.7000
12572,130481.7000
12573,130481.7000
12574,130481.7000
12575,130481.7000
12576,130481.7000
12577,130481.7000
12578,130481.7000
12579,130481.7000
12580,130481.7000
12581,130481.7000
12582,130481.7000
12583,130481.7000
12584,130481.7000
12585,130481.7000
12586,130481.7000
12587,130481.7000
12588,130481.7000
12589,130481.7000
12590,130481.7000
12591,130481.7000
12592,130481.7000
12593,130481.7000
12594,130481.7000
12595,130481.7000
12596,130481.7000
12597,130481.7000
12598,130481.7000
12599,130481.7000
12600,130481.7000
12601,130481.7000
12602,130481.7000
12603,130481.7000
12604,130481.7000
12605,130481.7000
12606,130481.7000
12607,130481.7000
12608,130481.7000
12609,130481.7000
12610,130481.7000
12611,130481.7000
12612,130481.7000
12613,130481.7000
12614,130481.7000
12615,130481.7000
12616,130481.7000
12617,130481.7000
12618,130481.7000
12619,130481.7000
12620,130481.7000
12621,130481.7000
12622,130481.7000
12623,130481.7000
12624,130481.7000
12625,130481.7000
12626,130481.7000
12627,130481.7000
12628,130481.7000
12629,130481.7000
12630,130481.7000
12631,130481.7000
12632,130481.7000
12633,130481.7000
12634,130481.7000
12635,130481.7000
12636,130481.7000
12637,130481.7000
12638,130481.7000
12639,130481.7000
12640,130481.7000
12641,130481.7000
12642,130481.7000
12643,130481.7000
12644,130481.7000
12645,130481.7000
12646,130481.7000
12647,130481.7000
12648,130481.7000
12649,130481.7000
12650,130481.7000
12651,130481.7000
12652,130481.7000
12653,130481.7000
12654,130481.7000
12655,130481.7000
12656,130481.7000
12657,130481.7000
12658,130481.7000
12659,130481.7000
12660,130481.7000
12661,130481.7000
12662,130481.7000
12663,130481.7000
12664,130481.7000
12665,130481.7000
12666,130481.7000
12667,130481.7000
12668,130481.7000
12669,130481.7000
12670,130481.7000
12671,130481.7000
12672,130481.7000
12673,130481.7000
12674,130481.7000
12675,130481.7000
12676,130481.7000
12677,130481.7000
12678,130481.7000
12679,130481.7000
12680,130481.7000
12681,130481.7000
12682,130481.7000
12683,130481.7000
12684,130481.7000
12685,130481.7000
12686,130481.7000
12687,130481.7000
12688,130481.7000
12689,130481.7000
12690,130481.7000
12691,130481.7000
12692,130481.7000
12693,130481.7000
12694,130481.7000
12695,130481.7000
12696,130481.7000
12697,130481.7000
12698,130481.7000
12699,130481.7000
12700,130481.7000
12701,130481.7000
12702,130481.7000
12703,130481.7000
12704,130481.7000
12705,130481.7000
12706,130481.7000
12707,130481.7000
12708,130481.7000
12709,130481.7000
12710,130481.7000
12711,130481.7000
12712,130481.7000
12713,130481.7000
12714,130481.7000
12715,130481.7000
12716,130481.7000
12717,130481.7000
12718,130481.7000
12719,130481.7000
12720,130481.7000
12721,130481.7000
12722,130481.7000
12723,130481.7000
12724,130481.7000
12725,130481.7000
12726,130481.7000
12727,130481.7000
12728,130481.7000
12729,130481.7000
12730,130481.7000
12731,130481.7000
12732,130481.7000
12733,130481.7000
12734,130481.7000
12735,130481.7000
12736,130481.7000
12737,130481.7000
12738,130481.7000
12739,130481.7000
12740,130481.7000
12741,130481.7000
12742,130481.7000
12743,130481.7000
12744,130481.7000
12745,130481.7000
12746,130481.7000
12747,130481.7000
12748,130481.7000
12749,130481.7000
12750,130481.7000
12751,130481.7000
12752,130481.7000
12753,130481.7000
12754,130481.7000
12755,130481.7000
12756,130481.7000
12757,130481.7000
12758,130481.7000
12759,130481.7000
12760,130481.7000
12761,130481.7000
12762,130481.7000
12763,130481.7000
12764,130481.7000
12765,130481.7000
12766,130481.7000
12767,130481.7000
12768,130481.7000
12769,130481.7000
12770,130481.7000
12771,130481.7000
12772,130481.7000
12773,130481.7000
12774,130481.7000
12775,130481.7000
12776,130481.7000
12777,130481.7000
12778,130481.7000
12779,130481.7000
12780,130481.7000
12781,130481.7000
12782,130481.7000
12783,130481.7000
12784,130481.7000
12785,130481.7000
12786,130481.7000
12787,130481.7000
12788,130481.7000
12789,130481.7000
12790,130481.7000
12791,130481.7000
12792,130481.7000
12793,130481.7000
12794,130481.7000
12795,130481.7000
12796,130481.7000
12797,130481.7000
12798,130481.7000
12799,130481.7000
12800,130481.7000
12801,130481.7000
12802,130481.7000
12803,130481.7000
12804,130481.7000
12805,130481.7000
12806,130481.7000
12807,130481.7000
12808,130481.7000
12809,130481.7000
12810,130481.7000
12811,130481.7000
12812,130481.7000
12813,130481.7000
12814,130481.7000
12815,130481.7000
12816,130481.7000
12817,130481.7000
12818,130481.7000
12819,130481.7000
12820,130481.7000
12821,130481.7000
12822,130481.7000
12823,130481.7000
12824,130481.7000
12825,130481.7000
12826,130481.7000
12827,130481.7000
12828,130481.7000
12829,130481.7000
12830,130481.7000
12831,130481.7000
12832,130481.7000
12833,130481.7000
12834,130481.7000
12835,130481.7000
12836,130481.7000
12837,130481.7000
12838,130481.7000
12839,130481.7000
12840,130481.7000
12841,130481.7000
12842,130481.7000
12843,130481.7000
12844,130481.7000
12845,130481.7000
12846,130481.7000
12847,130481.7000
12848,130481.7000
12849,130481.7000
12850,130481.7000
12851,130481.7000
12852,130481.7000
12853,130481.7000
12854,130481.7000
12855,130481.7000
12856,130481.7000
12857,130481.7000
12858,130481.7000
12859,130481.7000
12860,130481.7000
12861,130481.7000
12862,130481.7000
12863,130481.7000
12864,130481.7000
12865,130481.7000
12866,130481.7000
12867,130481.7000
12868,130481.7000
12869,130481.7000
12870,130481.7000
12871,130481.7000
12872,130481.7000
12873,130481.7000
12874,130481.7000
12875,130481.7000
12876,130481.7000
12877,130481.7000
12878,130481.7000
12879,130481.7000
12880,130481.7000
12881,130481.7000
12882,130481.7000
12883,130481.7000
12884,130481.7000
12885,130481.7000
12886,130481.7000
12887,130481.7000
12888,130481.7000
12889,130481.7000
12890,130481.7000
12891,130481.7000
12892,130481.7000
12893,130481.7000
12894,130481.7000
12895,130481.7000
12896,130481.7000
12897,130481.7000
12898,130481.7000
12899,130481.7000
12900,130481.7000
12901,130481.7000
12902,130481.7000
12903,130481.7000
12904,130481.7000
12905,130481.7000
12906,130481.7000
12907,130481.7000
12908,130481.7000
12909,130481.7000
12910,130481.7000
12911,130481.7000
12912,130481.7000
12913,130481.7000
12914,130481.7000
12915,130481.7000
12916,130481.7000
12917,130481.7000
12918,130481.7000
12919,130481.7000
12920,130481.7000
12921,130481.7000
12922,130481.7000
12923,130481.7000
12924,130481.7000
12925,130481.7000
12926,130481.7000
12927,130481.7000
12928,130481.7000
12929,130481.7000
12930,130481.7000
12931,130481.7000
12932,130481.7000
12933,130481.7000
12934,130481.7000
12935,130481.7000
12936,130481.7000
12937,130481.7000
12938,130481.7000
12939,130481.7000
12940,130481.7000
12941,130481.7000
12942,130481.7000
12943,130481.7000
12944,130481.7000
12945,130481.7000
12946,130481.7000
12947,130481.7000
12948,130481.7000
12949,130481.7000
12950,130481.7000
12951,130481.7000
12952,130481.7000
12953,130481.7000
12954,130481.7000
12955,130481.7000
12956,130481.7000
12957,130481.7000
12958,130481.7000
12959,130481.7000
12960,130481.7000
12961,130481.7000
12962,130481.7000
12963,130481.7000
12964,130481.7000
12965,130481.7000
12966,130481.7000
12967,130481.7000
12968,130481.7000
12969,130481.7000
12970,130481.7000
12971,130481.7000
12972,130481.7000
12973,130481.7000
12974,130481.7000
12975,130481.7000
12976,130481.7000
12977,130481.7000
12978,130481.7000
12979,130481.7000
12980,130481.7000
12981,130481.7000
12982,130481.7000
12983,130481.7000
12984,130481.7000
12985,130481.7000
12986,130481.7000
12987,130481.7000
12988,130481.7000
12989,130481.7000
12990,130481.7000
12991,130481.7000
12992,130481.7000
12993,130481.7000
12994,130481.7000
12995,130481.7000
12996,130481.7000
12997,130481.7000
12998,130481.7000
12999,130481.7000
13000,130481.7000
13001,130481.7000
13002,130481.7000
13003,130481.7000
13004,130481.7000
13005,130481.7000
13006,130481.7000
13007,130481.7000
13008,130481.7000
13009,130481.7000
13010,130481.7000
13011,130481.7000
13012,130481.7000
13013,130481.7000
13014,130481.7000
13015,130481.7000
13016,130481.7000
13017,130481.7000
13018,130481.7000
13019,130481.7000
13020,130481.7000
13021,130481.7000
13022,130481.7000
13023,130481.7000
13024,130481.7000
13025,130481.7000
13026,130481.7000
13027,130481.7000
13028,130481.7000
13029,130481.7000
13030,130481.7000
13031,130481.7000
13032,130481.7000
13033,130481.7000
13034,130481.7000
13035,130481.7000
13036,130481.7000
13037,130481.7000
13038,130481.7000
13039,130481.7000
13040,130481.7000
13041,130481.7000
13042,130481.7000
13043,130481.7000
13044,130481.7000
13045,130481.7000
13046,130481.7000
13047,130481.7000
13048,130481.7000
13049,130481.7000
13050,130481.7000
13051,130481.7000
13052,130481.7000
13053,130481.7000
13054,130481.7000
13055,130481.7000
13056,130481.7000
13057,130481.7000
13058,130481.7000
13059,130481.7000
13060,130481.7000
13061,130481.7000
13062,130481.7000
13063,130481.7000
13064,130481.7000
13065,130481.7000
13066,130481.7000
13067,130481.7000
13068,130481.7000
13069,130481.7000
13070,130481.7000
13071,130481.7000
13072,130481.7000
13073,130481.7000
13074,130481.7000
13075,130481.7000
13076,130481.7000
13077,130481.7000
13078,130481.7000
13079,130481.7000
13080,130481.7000
13081,130481.7000
13082,130481.7000
13083,130481.7000
13084,130481.7000
13085,130481.7000
13086,130481.7000
13087,130481.7000
13088,130481.7000
13089,130481.7000
13090,130481.7000
13091,130481.7000
13092,130481.7000
13093,130481.7000
13094,130481.7000
13095,130481.7000
13096,130481.7000
13097,130481.7000
13098,130481.7000
13099,130481.7000
13100,130481.7000
13101,130481.7000
13102,130481.7000
13103,130481.7000
13104,130481.7000
13105,130481.7000
13106,130481.7000
13107,130481.7000
13108,130481.7000
13109,130481.7000
13110,130481.7000
13111,130481.7000
13112,130481.7000
13113,130481.7000
13114,130481.7000
13115,130481.7000
13116,130481.7000
13117,130481.7000
13118,130481.7000
13119,130481.7000
13120,130481.7000
13121,130481.7000
13122,130481.7000
13123,130481.7000
13124,130481.7000
13125,130481.7000
13126,130481.7000
13127,130481.7000
13128,130481.7000
13129,130481.7000
13130,130481.7000
13131,130481.7000
13132,130481.7000
13133,130481.7000
13134,130481.7000
13135,130481.7000
13136,130481.7000
13137,130481.7000
13138,130481.7000
13139,130481.7000
13140,130481.7000
13141,130481.7000
13142,130481.7000
13143,130481.7000
13144,130481.7000
13145,130481.7000
13146,130481.7000
13147,130481.7000
13148,130481.7000
13149,130481.7000
13150,130481.7000
13151,130481.7000
13152,130481.7000
13153,130481.7000
13154,130481.7000
13155,130481.7000
13156,130481.7000
13157,130481.7000
13158,130481.7000
13159,130481.7000
13160,130481.7000
13161,130481.7000
13162,130481.7000
13163,130481.7000
13164,130481.7000
13165,130481.7000
13166,130481.7000
13167,130481.7000
13168,130481.7000
13169,130481.7000
13170,130481.7000
13171,130481.7000
13172,130481.7000
13173,130481.7000
13174,130481.7000
13175,130481.7000
13176,130481.7000
13177,130481.7000
13178,130481.7000
13179,130481.7000
13180,130481.7000
13181,130481.7000
13182,130481.7000
13183,130481.7000
13184,130481.7000
13185,130481.7000
13186,130481.7000
13187,130481.7000
13188,130481.7000
13189,130481.7000
13190,130481.7000
13191,130481.7000
13192,130481.7000
13193,130481.7000
13194,130481.7000
13195,130481.7000
13196,130481.7000
13197,130481.7000
13198,130481.7000
13199,130481.7000
13200,130481.7000
13201,130481.7000
13202,130481.7000
13203,130481.7000
13204,130481.7000
13205,130481.7000
13206,130481.7000
13207,130481.7000
13208,130481.7000
13209,130481.7000
13210,130481.7000
13211,130481.7000
13212,130481.7000
13213,130481.7000
13214,130481.7000
13215,130481.7000
13216,130481.7000
13217,130481.7000
13218,130481.7000
13219,130481.7000
13220,130481.7000
13221,130481.7000
13222,130481.7000
13223,130481.7000
13224,130481.7000
13225,130481.7000
13226,130481.7000
13227,130481.7000
13228,130481.7000
13229,130481.7000
13230,130481.7000
13231,130481.7000
13232,130481.7000
13233,130481.7000
13234,130481.7000
13235,130481.7000
13236,130481.7000
13237,130481.7000
13238,130481.7000
13239,130481.7000
13240,130481.7000
13241,130481.7000
13242,130481.7000
13243,130481.7000
13244,130481.7000
13245,130481.7000
13246,130481.7000
13247,130481.7000
13248,130481.7000
13249,130481.7000
13250,130481.7000
13251,130481.7000
13252,130481.7000
13253,130481.7000
13254,130481.7000
13255,130481.7000
13256,130481.7000
13257,130481.7000
13258,130481.7000
13259,130481.7000
13260,130481.7000
13261,130481.7000
13262,130481.7000
13263,130481.7000
13264,130481.7000
13265,130481.7000
13266,130481.7000
13267,130481.7000
13268,130481.7000
13269,130481.7000
13270,130481.7000
13271,130481.7000
13272,130481.7000
13273,130481.7000
13274,130481.7000
13275,130481.7000
13276,130481.7000
13277,130481.7000
13278,130481.7000
13279,130481.7000
13280,130481.7000
13281,130481.7000
13282,130481.7000
13283,130481.7000
13284,130481.7000
13285,130481.7000
13286,130481.7000
13287,130481.7000
13288,130481.7000
13289,130481.7000
13290,130481.7000
13291,130481.7000
13292,130481.7000
13293,130481.7000
13294,130481.7000
13295,130481.7000
13296,130481.7000
13297,130481.7000
13298,130481.7000
13299,130481.7000
13300,130481.7000
13301,130481.7000
13302,130481.7000
13303,130481.7000
13304,130481.7000
13305,130481.7000
13306,130481.7000
13307,130481.7000
13308,130481.7000
13309,130481.7000
13310,130481.7000
13311,130481.7000
13312,130481.7000
13313,130481.7000
13314,130481.7000
13315,130481.7000
13316,130481.7000
13317,130481.7000
13318,130481.7000
13319,130481.7000
13320,130481.7000
13321,130481.7000
13322,130481.7000
13323,130481.7000
13324,130481.7000
13325,130481.7000
13326,130481.7000
13327,130481.7000
13328,130481.7000
13329,130481.7000
13330,130481.7000
13331,130481.7000
13332,130481.7000
13333,130481.7000
13334,130481.7000
13335,130481.7000
13336,130481.7000
13337,130481.7000
13338,130481.7000
13339,130481.7000
13340,130481.7000
13341,130481.7000
13342,130481.7000
13343,130481.7000
13344,130481.7000
13345,130481.7000
13346,130481.7000
13347,130481.7000
13348,130481.7000
13349,130481.7000
13350,130481.7000
13351,130481.7000
13352,130481.7000
13353,130481.7000
13354,130481.7000
13355,130481.7000
13356,130481.7000
13357,130481.7000
13358,130481.7000
13359,130481.7000
13360,130481.7000
13361,130481.7000
13362,130481.7000
13363,130481.7000
13364,130481.7000
13365,130481.7000
13366,130481.7000
13367,130481.7000
13368,130481.7000
13369,130481.7000
13370,130481.7000
13371,130481.7000
13372,130481.7000
13373,130481.7000
13374,130481.7000
13375,130481.7000
13376,130481.7000
13377,130481.7000
13378,130481.7000
13379,130481.7000
13380,130481.7000
13381,130481.7000
13382,130481.7000
13383,130481.7000
13384,130481.7000
13385,130481.7000
13386,130481.7000
13387,130481.7000
13388,130481.7000
13389,130481.7000
13390,130481.7000
13391,130481.7000
13392,130481.7000
13393,130481.7000
13394,130481.7000
13395,130481.7000
13396,130481.7000
13397,130481.7000
13398,130481.7000
13399,130481.7000
13400,130481.7000
13401,130481.7000
13402,130481.7000
13403,130481.7000
13404,130481.7000
13405,130481.7000
13406,130481.7000
13407,130481.7000
13408,130481.7000
13409,130481.7000
13410,130481.7000
13411,130481.7000
13412,130481.7000
13413,130481.7000
13414,130481.7000
13415,130481.7000
13416,130481.7000
13417,130481.7000
13418,130481.7000
13419,130481.7000
13420,130481.7000
13421,130481.7000
13422,130481.7000
13423,130481.7000
13424,130481.7000
13425,130481.7000
13426,130481.7000
13427,130481.7000
13428,130481.7000
13429,130481.7000
13430,130481.7000
13431,130481.7000
13432,130481.7000
13433,130481.7000
13434,130481.7000
13435,130481.7000
13436,130481.7000
13437,130481.7000
13438,130481.7000
13439,130481.7000
13440,130481.7000
13441,130481.7000
13442,130481.7000
13443,130481.7000
13444,130481.7000
13445,130481.7000
13446,130481.7000
13447,130481.7000
13448,130481.7000
13449,130481.7000
13450,130481.7000
13451,130481.7000
13452,130481.7000
13453,130481.7000
13454,130481.7000
13455,130481.7000
13456,130481.7000
13457,130481.7000
13458,130481.7000
13459,130481.7000
13460,130481.7000
13461,130481.7000
13462,130481.7000
13463,130481.7000
13464,130481.7000
13465,130481.7000
13466,130481.7000
13467,130481.7000
13468,130481.7000
13469,130481.7000
13470,130481.7000
13471,130481.7000
13472,130481.7000
13473,130481.7000
13474,130481.7000
13475,130481.7000
13476,130481.7000
13477,130481.7000
13478,130481.7000
13479,130481.7000
13480,130481.7000
13481,130481.7000
13482,130481.7000
13483,130481.7000
13484,130481.7000
13485,130481.7000
13486,130481.7000
13487,130481.7000
13488,130481.7000
13489,130481.7000
13490,130481.7000
13491,130481.7000
13492,130481.7000
13493,130481.7000
13494,130481.7000
13495,130481.7000
13496,130481.7000
13497,130481.7000
13498,130481.7000
13499,130481.7000
13500,130481.7000
13501,130481.7000
13502,130481.7000
13503,130481.7000
13504,130481.7000
13505,130481.7000
13506,130481.7000
13507,130481.7000
13508,130481.7000
13509,130481.7000
13510,130481.7000
13511,130481.7000
13512,130481.7000
13513,130481.7000
13514,130481.7000
13515,130481.7000
13516,130481.7000
13517,130481.7000
13518,130481.7000
13519,130481.7000
13520,130481.7000
13521,130481.7000
13522,130481.7000
13523,130481.7000
13524,130481.7000
13525,130481.7000
13526,130481.7000
13527,130481.7000
13528,130481.7000
13529,130481.7000
13530,130481.7000
13531,130481.7000
13532,130481.7000
13533,130481.7000
13534,130481.7000
13535,130481.7000
13536,130481.7000
13537,130481.7000
13538,130481.7000
13539,130481.7000
13540,130481.7000
13541,130481.7000
13542,130481.7000
13543,130481.7000
13544,130481.7000
13545,130481.7000
13546,130481.7000
13547,130481.7000
13548,130481.7000
13549,130481.7000
13550,130481.7000
13551,130481.7000
13552,130481.7000
13553,130481.7000
13554,130481.7000
13555,130481.7000
13556,130481.7000
13557,130481.7000
13558,130481.7000
13559,130481.7000
13560,130481.7000
13561,130481.7000
13562,130481.7000
13563,130481.7000
13564,130481.7000
13565,130481.7000
13566,130481.7000
13567,130481.7000
13568,130481.7000
13569,130481.7000
13570,130481.7000
13571,130481.7000
13572,130481.7000
13573,130481.7000
13574,130481.7000
13575,130481.7000
13576,130481.7000
13577,130481.7000
13578,130481.7000
13579,130481.7000
13580,130481.7000
13581,130481.7000
13582,130481.7000
13583,130481.7000
13584,130481.7000
13585,130481.7000
13586,130481.7000
13587,130481.7000
13588,130481.7000
13589,130481.7000
13590,130481.7000
13591,130481.7000
13592,130481.7000
13593,130481.7000
13594,130481.7000
13595,130481.7000
13596,130481.7000
13597,130481.7000
13598,130481.7000
13599,130481.7000
13600,130481.7000
13601,130481.7000
13602,130481.7000
13603,130481.7000
13604,130481.7000
13605,130481.7000
13606,130481.7000
13607,130481.7000
13608,130481.7000
13609,130481.7000
13610,130481.7000
13611,130481.7000
13612,130481.7000
13613,130481.7000
13614,130481.7000
13615,130481.7000
13616,130481.7000
13617,130481.7000
13618,130481.7000
13619,130481.7000
13620,130481.7000
13621,130481.7000
13622,130481.7000
13623,130481.7000
13624,130481.7000
13625,130481.7000
13626,130481.7000
13627,130481.7000
13628,130481.7000
13629,130481.7000
13630,130481.7000
13631,130481.7000
13632,130481.7000
13633,130481.7000
13634,130481.7000
13635,130481.7000
13636,130481.7000
13637,130481.7000
13638,130481.7000
13639,130481.7000
13640,130481.7000
13641,130481.7000
13642,130481.7000
13643,130481.7000
13644,130481.7000
13645,130481.7000
13646,130481.7000
13647,130481.7000
13648,130481.7000
13649,130481.7000
13650,130481.7000
13651,130481.7000
13652,130481.7000
13653,130481.7000
13654,130481.7000
13655,130481.7000
13656,130481.7000
13657,130481.7000
13658,130481.7000
13659,130481.7000
13660,130481.7000
13661,130481.7000
13662,130481.7000
13663,130481.7000
13664,130481.7000
13665,130481.7000
13666,130481.7000
13667,130481.7000
13668,130481.7000
13669,130481.7000
13670,130481.7000
13671,130481.7000
13672,130481.7000
13673,130481.7000
13674,130481.7000
13675,130481.7000
13676,130481.7000
13677,130481.7000
13678,130481.7000
13679,130481.7000
13680,130481.7000
13681,130481.7000
13682,130481.7000
13683,130481.7000
13684,130481.7000
13685,130481.7000
13686,130481.7000
13687,130481.7000
13688,130481.7000
13689,130481.7000
13690,130481.7000
13691,130481.7000
13692,130481.7000
13693,130481.7000
13694,130481.7000
13695,130481.7000
13696,130481.7000
13697,130481.7000
13698,130481.7000
13699,130481.7000
13700,130481.7000
13701,130481.7000
13702,130481.7000
13703,130481.7000
13704,130481.7000
13705,130481.7000
13706,130481.7000
13707,130481.7000
13708,130481.7000
13709,130481.7000
13710,130481.7000
13711,130481.7000
13712,130481.7000
13713,130481.7000
13714,130481.7000
13715,130481.7000
13716,130481.7000
13717,130481.7000
13718,130481.7000
13719,130481.7000
13720,130481.7000
13721,130481.7000
13722,130481.7000
13723,130481.7000
13724,130481.7000
13725,130481.7000
13726,130481.7000
13727,130481.7000
13728,130481.7000
13729,130481.7000
13730,130481.7000
13731,130481.7000
13732,130481.7000
13733,130481.7000
13734,130481.7000
13735,130481.7000
13736,130481.7000
13737,130481.7000
13738,130481.7000
13739,130481.7000
13740,130481.7000
13741,130481.7000
13742,130481.7000
13743,130481.7000
13744,130481.7000
13745,130481.7000
13746,130481.7000
13747,130481.7000
13748,130481.7000
13749,130481.7000
13750,130481.7000
13751,130481.7000
13752,130481.7000
13753,130481.7000
13754,130481.7000
13755,130481.7000
13756,130481.7000
13757,130481.7000
13758,130481.7000
13759,130481.7000
13760,130481.7000
13761,130481.7000
13762,130481.7000
13763,130481.7000
13764,130481.7000
13765,130481.7000
13766,130481.7000
13767,130481.7000
13768,130481.7000
13769,130481.7000
13770,130481.7000
13771,130481.7000
13772,130481.7000
13773,130481.7000
13774,130481.7000
13775,130481.7000
13776,130481.7000
13777,130481.7000
13778,130481.7000
13779,130481.7000
13780,130481.7000
13781,130481.7000
13782,130481.7000
13783,130481.7000
13784,130481.7000
13785,130481.7000
13786,130481.7000
13787,130481.7000
13788,130481.7000
13789,130481.7000
13790,130481.7000
13791,130481.7000
13792,130481.7000
13793,130481.7000
13794,130481.7000
13795,130481.7000
13796,130481.7000
13797,130481.7000
13798,130481.7000
13799,130481.7000
13800,130481.7000
13801,130481.7000
13802,130481.7000
13803,130481.7000
13804,130481.7000
13805,130481.7000
13806,130481.7000
13807,130481.7000
13808,130481.7000
13809,130481.7000
13810,130481.7000
13811,130481.7000
13812,130481.7000
13813,130481.7000
13814,130481.7000
13815,130481.7000
13816,130481.7000
13817,130481.7000
13818,130481.7000
13819,130481.7000
13820,130481.7000
13821,130481.7000
13822,130481.7000
13823,130481.7000
13824,130481.7000
13825,130481.7000
13826,130481.7000
13827,130481.7000
13828,130481.7000
13829,130481.7000
13830,130481.7000
13831,130481.7000
13832,130481.7000
13833,130481.7000
13834,130481.7000
13835,130481.7000
13836,130481.7000
13837,130481.7000
13838,130481.7000
13839,130481.7000
13840,130481.7000
13841,130481.7000
13842,130481.7000
13843,130481.7000
13844,130481.7000
13845,130481.7000
13846,130481.7000
13847,130481.7000
13848,130481.7000
13849,130481.7000
13850,130481.7000
13851,130481.7000
13852,130481.7000
13853,130481.7000
13854,130481.7000
13855,130481.7000
13856,130481.7000
13857,130481.7000
13858,130481.7000
13859,130481.7000
13860,130481.7000
13861,130481.7000
13862,130481.7000
13863,130481.7000
13864,130481.7000
13865,130481.7000
13866,130481.7000
13867,130481.7000
13868,130481.7000
13869,130481.7000
13870,130481.7000
13871,130481.7000
13872,130481.7000
13873,130481.7000
13874,130481.7000
13875,130481.7000
13876,130481.7000
13877,130481.7000
13878,130481.7000
13879,130481.7000
13880,130481.7000
13881,130481.7000
13882,130481.7000
13883,130481.7000
13884,130481.7000
13885,130481.7000
13886,130481.7000
13887,130481.7000
13888,130481.7000
13889,130481.7000
13890,130481.7000
13891,130481.7000
13892,130481.7000
13893,130481.7000
13894,130481.7000
13895,130481.7000
13896,130481.7000
13897,130481.7000
13898,130481.7000
13899,130481.7000
13900,130481.7000
13901,130481.7000
13902,130481.7000
13903,130481.7000
13904,130481.7000
13905,130481.7000
13906,130481.7000
13907,130481.7000
13908,130481.7000
13909,130481.7000
13910,130481.7000
13911,130481.7000
13912,130481.7000
13913,130481.7000
13914,130481.7000
13915,130481.7000
13916,130481.7000
13917,130481.7000
13918,130481.7000
13919,130481.7000
13920,130481.7000
13921,130481.7000
13922,130481.7000
13923,130481.7000
13924,130481.7000
13925,130481.7000
13926,130481.7000
13927,130481.7000
13928,130481.7000
13929,130481.7000
13930,130481.7000
13931,130481.7000
13932,130481.7000
13933,130481.7000
13934,130481.7000
13935,130481.7000
13936,130481.7000
13937,130481.7000
13938,130481.7000
13939,130481.7000
13940,130481.7000
13941,130481.7000
13942,130481.7000
13943,130481.7000
13944,130481.7000
13945,130481.7000
13946,130481.7000
13947,130481.7000
13948,130481.7000
13949,130481.7000
13950,130481.7000
13951,130481.7000
13952,130481.7000
13953,130481.7000
13954,130481.7000
13955,130481.7000
13956,130481.7000
13957,130481.7000
13958,130481.7000
13959,130481.7000
13960,130481.7000
13961,130481.7000
13962,130481.7000
13963,130481.7000
13964,130481.7000
13965,130481.7000
13966,130481.7000
13967,130481.7000
13968,130481.7000
13969,130481.7000
13970,130481.7000
13971,130481.7000
13972,130481.7000
13973,130481.7000
13974,130481.7000
13975,130481.7000
13976,130481.7000
13977,130481.7000
13978,130481.7000
13979,130481.7000
13980,130481.7000
13981,130481.7000
13982,130481.7000
13983,130481.7000
13984,130481.7000
13985,130481.7000
13986,130481.7000
13987,130481.7000
13988,130481.7000
13989,130481.7000
13990,130481.7000
13991,130481.7000
13992,130481.7000
13993,130481.7000
13994,130481.7000
13995,130481.7000
13996,130481.7000
13997,130481.7000
13998,130481.7000
13999,130481.7000
14000,130481.7000
14001,130481.7000
14002,130481.7000
14003,130481.7000
14004,130481.7000
14005,130481.7000
14006,130481.7000
14007,130481.7000
14008,130481.7000
14009,130481.7000
14010,130481.7000
14011,130481.7000
14012,130481.7000
14013,130481.7000
14014,130481.7000
14015,130481.7000
14016,130481.7000
14017,130481.7000
14018,130481.7000
14019,130481.7000
14020,130481.7000
14021,130481.7000
14022,130481.7000
14023,130481.7000
14024,130481.7000
14025,130481.7000
14026,130481.7000
14027,130481.7000
14028,130481.7000
14029,130481.7000
14030,130481.7000
14031,130481.7000
14032,130481.7000
14033,130481.7000
14034,130481.7000
14035,130481.7000
14036,130481.7000
14037,130481.7000
14038,130481.7000
14039,130481.7000
14040,130481.7000
14041,130481.7000
14042,130481.7000
14043,130481.7000
14044,130481.7000
14045,130481.7000
14046,130481.7000
14047,130481.7000
14048,130481.7000
14049,130481.7000
14050,130481.7000
14051,130481.7000
14052,130481.7000
14053,130481.7000
14054,130481.7000
14055,130481.7000
14056,130481.7000
14057,130481.7000
14058,130481.7000
14059,130481.7000
14060,130481.7000
14061,130481.7000
14062,130481.7000
14063,130481.7000
14064,130481.7000
14065,130481.7000
14066,130481.7000
14067,130481.7000
14068,130481.7000
14069,130481.7000
14070,130481.7000
14071,130481.7000
14072,130481.7000
14073,130481.7000
14074,130481.7000
14075,130481.7000
14076,130481.7000
14077,130481.7000
14078,130481.7000
14079,130481.7000
14080,130481.7000
14081,130481.7000
14082,130481.7000
14083,130481.7000
14084,130481.7000
14085,130481.7000
14086,130481.7000
14087,130481.7000
14088,130481.7000
14089,130481.7000
14090,130481.7000
14091,130481.7000
14092,130481.7000
14093,130481.7000
14094,130481.7000
14095,130481.7000
14096,130481.7000
14097,130481.7000
14098,130481.7000
14099,130481.7000
14100,130481.7000
14101,130481.7000
14102,130481.7000
14103,130481.7000
14104,130481.7000
14105,130481.7000
14106,130481.7000
14107,130481.7000
14108,130481.7000
14109,130481.7000
14110,130481.7000
14111,130481.7000
14112,130481.7000
14113,130481.7000
14114,130481.7000
14115,130481.7000
14116,130481.7000
14117,130481.7000
14118,130481.7000
14119,130481.7000
14120,130481.7000
14121,130481.7000
14122,130481.7000
14123,130481.7000
14124,130481.7000
14125,130481.7000
14126,130481.7000
14127,130481.7000
14128,130481.7000
14129,130481.7000
14130,130481.7000
14131,130481.7000
14132,130481.7000
14133,130481.7000
14134,130481.7000
14135,130481.7000
14136,130481.7000
14137,130481.7000
14138,130481.7000
14139,130481.7000
14140,130481.7000
14141,130481.7000
14142,130481.7000
14143,130481.7000
14144,130481.7000
14145,130481.7000
14146,130481.7000
14147,130481.7000
14148,130481.7000
14149,130481.7000
14150,130481.7000
14151,130481.7000
14152,130481.7000
14153,130481.7000
14154,130481.7000
14155,130481.7000
14156,130481.7000
14157,130481.7000
14158,130481.7000
14159,130481.7000
14160,130481.7000
14161,130481.7000
14162,130481.7000
14163,130481.7000
14164,130481.7000
14165,130481.7000
14166,130481.7000
14167,130481.7000
14168,130481.7000
14169,130481.7000
14170,130481.7000
14171,130481.7000
14172,130481.7000
14173,130481.7000
14174,130481.7000
14175,130481.7000
14176,130481.7000
14177,130481.7000
14178,130481.7000
14179,130481.7000
14180,130481.7000
14181,130481.7000
14182,130481.7000
14183,130481.7000
14184,130481.7000
14185,130481.7000
14186,130481.7000
14187,130481.7000
14188,130481.7000
14189,130481.7000
14190,130481.7000
14191,130481.7000
14192,130481.7000
14193,130481.7000
14194,130481.7000
14195,130481.7000
14196,130481.7000
14197,130481.7000
14198,130481.7000
14199,130481.7000
14200,130481.7000
14201,130481.7000
14202,130481.7000
14203,130481.7000
14204,130481.7000
14205,130481.7000
14206,130481.7000
14207,130481.7000
14208,130481.7000
14209,130481.7000
14210,130481.7000
14211,130481.7000
14212,130481.7000
14213,130481.7000
14214,130481.7000
14215,130481.7000
14216,130481.7000
14217,130481.7000
14218,130481.7000
14219,130481.7000
14220,130481.7000
14221,130481.7000
14222,130481.7000
14223,130481.7000
14224,130481.7000
14225,130481.7000
14226,130481.7000
14227,130481.7000
14228,130481.7000
14229,130481.7000
14230,130481.7000
14231,130481.7000
14232,130481.7000
14233,130481.7000
14234,130481.7000
14235,130481.7000
14236,130481.7000
14237,130481.7000
14238,130481.7000
14239,130481.7000
14240,130481.7000
14241,130481.7000
14242,130481.7000
14243,130481.7000
14244,130481.7000
14245,130481.7000
14246,130481.7000
14247,130481.7000
14248,130481.7000
14249,130481.7000
14250,130481.7000
14251,130481.7000
14252,130481.7000
14253,130481.7000
14254,130481.7000
14255,130481.7000
14256,130481.7000
14257,130481.7000
14258,130481.7000
14259,130481.7000
14260,130481.7000
14261,130481.7000
14262,130481.7000
14263,130481.7000
14264,130481.7000
14265,130481.7000
14266,130481.7000
14267,130481.7000
14268,130481.7000
14269,130481.7000
14270,130481.7000
14271,130481.7000
14272,130481.7000
14273,130481.7000
14274,130481.7000
14275,130481.7000
14276,130481.7000
14277,130481.7000
14278,130481.7000
14279,130481.7000
14280,130481.7000
14281,130481.7000
14282,130481.7000
14283,130481.7000
14284,130481.7000
14285,130481.7000
14286,130481.7000
14287,130481.7000
14288,130481.7000
14289,130481.7000
14290,130481.7000
14291,130481.7000
14292,130481.7000
14293,130481.7000
14294,130481.7000
14295,130481.7000
14296,130481.7000
14297,130481.7000
14298,130481.7000
14299,130481.7000
14300,130481.7000
14301,130481.7000
14302,130481.7000
14303,130481.7000
14304,130481.7000
14305,130481.7000
14306,130481.7000
14307,130481.7000
14308,130481.7000
14309,130481.7000
14310,130481.7000
14311,130481.7000
14312,130481.7000
14313,130481.7000
14314,130481.7000
14315,130481.7000
14316,130481.7000
14317,130481.7000
14318,130481.7000
14319,130481.7000
14320,130481.7000
14321,130481.7000
14322,130481.7000
14323,130481.7000
14324,130481.7000
14325,130481.7000
14326,130481.7000
14327,130481.7000
14328,130481.7000
14329,130481.7000
14330,130481.7000
14331,130481.7000
14332,130481.7000
14333,130481.7000
14334,130481.7000
14335,130481.7000
14336,130481.7000
14337,130481.7000
14338,130481.7000
14339,130481.7000
14340,130481.7000
14341,130481.7000
14342,130481.7000
14343,130481.7000
14344,130481.7000
14345,130481.7000
14346,130481.7000
14347,130481.7000
14348,130481.7000
14349,130481.7000
14350,130481.7000
14351,130481.7000
14352,130481.7000
14353,130481.7000
14354,130481.7000
14355,130481.7000
14356,130481.7000
14357,130481.7000
14358,130481.7000
14359,130481.7000
14360,130481.7000
14361,130481.7000
14362,130481.7000
14363,130481.7000
14364,130481.7000
14365,130481.7000
14366,130481.7000
14367,130481.7000
14368,130481.7000
14369,130481.7000
14370,130481.7000
14371,130481.7000
14372,130481.7000
14373,130481.7000
14374,130481.7000
14375,130481.7000
14376,130481.7000
14377,130481.7000
14378,130481.7000
14379,130481.7000
14380,130481.7000
14381,130481.7000
14382,130481.7000
14383,130481.7000
14384,130481.7000
14385,130481.7000
14386,130481.7000
14387,130481.7000
14388,130481.7000
14389,130481.7000
14390,130481.7000
14391,130481.7000
14392,130481.7000
14393,130481.7000
14394,130481.7000
14395,130481.7000
14396,130481.7000
14397,130481.7000
14398,130481.7000
14399,130481.7000
14400,130481.7000
14401,130481.7000
14402,130481.7000
14403,130481.7000
14404,130481.7000
14405,130481.7000
14406,130481.7000
14407,130481.7000
14408,130481.7000
14409,130481.7000
14410,130481.7000
14411,130481.7000
14412,130481.7000
14413,130481.7000
14414,130481.7000
14415,130481.7000
14416,130481.7000
14417,130481.7000
14418,130481.7000
14419,130481.7000
14420,130481.7000
14421,130481.7000
14422,130481.7000
14423,130481.7000
14424,130481.7000
14425,130481.7000
14426,130481.7000
14427,130481.7000
14428,130481.7000
14429,130481.7000
14430,130481.7000
14431,130481.7000
14432,130481.7000
14433,130481.7000
14434,130481.7000
14435,130481.7000
14436,130481.7000
14437,130481.7000
14438,130481.7000
14439,130481.7000
14440,130481.7000
14441,130481.7000
14442,130481.7000
14443,130481.7000
14444,130481.7000
14445,130481.7000
14446,130481.7000
14447,130481.7000
14448,130481.7000
14449,130481.7000
14450,130481.7000
14451,130481.7000
14452,130481.7000
14453,130481.7000
14454,130481.7000
14455,130481.7000
14456,130481.7000
14457,130481.7000
14458,130481.7000
14459,130481.7000
14460,130481.7000
14461,130481.7000
14462,130481.7000
14463,130481.7000
14464,130481.7000
14465,130481.7000
14466,130481.7000
14467,130481.7000
14468,130481.7000
14469,130481.7000
14470,130481.7000
14471,130481.7000
14472,130481.7000
14473,130481.7000
14474,130481.7000
14475,130481.7000
14476,130481.7000
14477,130481.7000
14478,130481.7000
14479,130481.7000
14480,130481.7000
14481,130481.7000
14482,130481.7000
14483,130481.7000
14484,130481.7000
14485,130481.7000
14486,130481.7000
14487,130481.7000
14488,130481.7000
14489,130481.7000
14490,130481.7000
14491,130481.7000
14492,130481.7000
14493,130481.7000
14494,130481.7000
14495,130481.7000
14496,130481.7000
14497,130481.7000
14498,130481.7000
14499,130481.7000
14500,130481.7000
14501,130481.7000
14502,130481.7000
14503,130481.7000
14504,130481.7000
14505,130481.7000
14506,130481.7000
14507,130481.7000
14508,130481.7000
14509,130481.7000
14510,130481.7000
14511,130481.7000
14512,130481.7000
14513,130481.7000
14514,130481.7000
14515,130481.7000
14516,130481.7000
14517,130481.7000
14518,130481.7000
14519,130481.7000
14520,130481.7000
14521,130481.7000
14522,130481.7000
14523,130481.7000
14524,130481.7000
14525,130481.7000
14526,130481.7000
14527,130481.7000
14528,130481.7000
14529,130481.7000
14530,130481.7000
14531,130481.7000
14532,130481.7000
14533,130481.7000
14534,130481.7000
14535,130481.7000
14536,130481.7000
14537,130481.7000
14538,130481.7000
14539,130481.7000
14540,130481.7000
14541,130481.7000
14542,130481.7000
14543,130481.7000
14544,130481.7000
14545,130481.7000
14546,130481.7000
14547,130481.7000
14548,130481.7000
14549,130481.7000
14550,130481.7000
14551,130481.7000
14552,130481.7000
14553,130481.7000
14554,130481.7000
14555,130481.7000
14556,130481.7000
14557,130481.7000
14558,130481.7000
14559,130481.7000
14560,130481.7000
14561,130481.7000
14562,130481.7000
14563,130481.7000
14564,130481.7000
14565,130481.7000
14566,130481.7000
14567,130481.7000
14568,130481.7000
14569,130481.7000
14570,130481.7000
14571,130481.7000
14572,130481.7000
14573,130481.7000
14574,130481.7000
14575,130481.7000
14576,130481.7000
14577,130481.7000
14578,130481.7000
14579,130481.7000
14580,130481.7000
14581,130481.7000
14582,130481.7000
14583,130481.7000
14584,130481.7000
14585,130481.7000
14586,130481.7000
14587,130481.7000
14588,130481.7000
14589,130481.7000
14590,130481.7000
14591,130481.7000
14592,130481.7000
14593,130481.7000
14594,130481.7000
14595,130481.7000
14596,130481.7000
14597,130481.7000
14598,130481.7000
14599,130481.7000
14600,130481.7000
14601,130481.7000
14602,130481.7000
14603,130481.7000
14604,130481.7000
14605,130481.7000
14606,130481.7000
14607,130481.7000
14608,130481.7000
14609,130481.7000
14610,130481.7000
14611,130481.7000
14612,130481.7000
14613,130481.7000
14614,130481.7000
14615,130481.7000
14616,130481.7000
14617,130481.7000
14618,130481.7000
14619,130481.7000
14620,130481.7000
14621,130481.7000
14622,130481.7000
14623,130481.7000
14624,130481.7000
14625,130481.7000
14626,130481.7000
14627,130481.7000
14628,130481.7000
14629,130481.7000
14630,130481.7000
14631,130481.7000
14632,130481.7000
14633,130481.7000
14634,130481.7000
14635,130481.7000
14636,130481.7000
14637,130481.7000
14638,130481.7000
14639,130481.7000
14640,130481.7000
14641,130481.7000
14642,130481.7000
14643,130481.7000
14644,130481.7000
14645,130481.7000
14646,130481.7000
14647,130481.7000
14648,130481.7000
14649,130481.7000
14650,130481.7000
14651,130481.7000
14652,130481.7000
14653,130481.7000
14654,130481.7000
14655,130481.7000
14656,130481.7000
14657,130481.7000
14658,130481.7000
14659,130481.7000
14660,130481.7000
14661,130481.7000
14662,130481.7000
14663,130481.7000
14664,130481.7000
14665,130481.7000
14666,130481.7000
14667,130481.7000
14668,130481.7000
14669,130481.7000
14670,130481.7000
14671,130481.7000
14672,130481.7000
14673,130481.7000
14674,130481.7000
14675,130481.7000
14676,130481.7000
14677,130481.7000
14678,130481.7000
14679,130481.7000
14680,130481.7000
14681,130481.7000
14682,130481.7000
14683,130481.7000
14684,130481.7000
14685,130481.7000
14686,130481.7000
14687,130481.7000
14688,130481.7000
14689,130481.7000
14690,130481.7000
14691,130481.7000
14692,130481.7000
14693,130481.7000
14694,130481.7000
14695,130481.7000
14696,130481.7000
14697,130481.7000
14698,130481.7000
14699,130481.7000
14700,130481.7000
14701,130481.7000
14702,130481.7000
14703,130481.7000
14704,130481.7000
14705,130481.7000
14706,130481.7000
14707,130481.7000
14708,130481.7000
14709,130481.7000
14710,130481.7000
14711,130481.7000
14712,130481.7000
14713,130481.7000
14714,130481.7000
14715,130481.7000
14716,130481.7000
14717,130481.7000
14718,130481.7000
14719,130481.7000
14720,130481.7000
14721,130481.7000
14722,130481.7000
14723,130481.7000
14724,130481.7000
14725,130481.7000
14726,130481.7000
14727,130481.7000
14728,130481.7000
14729,130481.7000
14730,130481.7000
14731,130481.7000
14732,130481.7000
14733,130481.7000
14734,130481.7000
14735,130481.7000
14736,130481.7000
14737,130481.7000
14738,130481.7000
14739,130481.7000
14740,130481.7000
14741,130481.7000
14742,130481.7000
14743,130481.7000
14744,130481.7000
14745,130481.7000
14746,130481.7000
14747,130481.7000
14748,130481.7000
14749,130481.7000
14750,130481.7000
14751,130481.7000
14752,130481.7000
14753,130481.7000
14754,130481.7000
14755,130481.7000
14756,130481.7000
14757,130481.7000
14758,130481.7000
14759,130481.7000
14760,130481.7000
14761,130481.7000
14762,130481.7000
14763,130481.7000
14764,130481.7000
14765,130481.7000
14766,130481.7000
14767,130481.7000
14768,130481.7000
14769,130481.7000
14770,130481.7000
14771,130481.7000
14772,130481.7000
14773,130481.7000
14774,130481.7000
14775,130481.7000
14776,130481.7000
14777,130481.7000
14778,130481.7000
14779,130481.7000
14780,130481.7000
14781,130481.7000
14782,130481.7000
14783,130481.7000
14784,130481.7000
14785,130481.7000
14786,130481.7000
14787,130481.7000
14788,130481.7000
14789,130481.7000
14790,130481.7000
14791,130481.7000
14792,130481.7000
14793,130481.7000
14794,130481.7000
14795,130481.7000
14796,130481.7000
14797,130481.7000
14798,130481.7000
14799,130481.7000
14800,130481.7000
14801,130481.7000
14802,130481.7000
14803,130481.7000
14804,130481.7000
14805,130481.7000
14806,130481.7000
14807,130481.7000
14808,130481.7000
14809,130481.7000
14810,130481.7000
14811,130481.7000
14812,130481.7000
14813,130481.7000
14814,130481.7000
14815,130481.7000
14816,130481.7000
14817,130481.7000
14818,130481.7000
14819,130481.7000
14820,130481.7000
14821,130481.7000
14822,130481.7000
14823,130481.7000
14824,130481.7000
14825,130481.7000
14826,130481.7000
14827,130481.7000
14828,130481.7000
14829,130481.7000
14830,130481.7000
14831,130481.7000
14832,130481.7000
14833,130481.7000
14834,130481.7000
14835,130481.7000
14836,130481.7000
14837,130481.7000
14838,130481.7000
14839,130481.7000
14840,130481.7000
14841,130481.7000
14842,130481.7000
14843,130481.7000
14844,130481.7000
14845,130481.7000
14846,130481.7000
14847,130481.7000
14848,130481.7000
14849,130481.7000
14850,130481.7000
14851,130481.7000
14852,130481.7000
14853,130481.7000
14854,130481.7000
14855,130481.7000
14856,130481.7000
14857,130481.7000
14858,130481.7000
14859,130481.7000
14860,130481.7000
14861,130481.7000
14862,130481.7000
14863,130481.7000
14864,130481.7000
14865,130481.7000
14866,130481.7000
14867,130481.7000
14868,130481.7000
14869,130481.7000
14870,130481.7000
14871,130481.7000
14872,130481.7000
14873,130481.7000
14874,130481.7000
14875,130481.7000
14876,130481.7000
14877,130481.7000
14878,130481.7000
14879,130481.7000
14880,130481.7000
14881,130481.7000
14882,130481.7000
14883,130481.7000
14884,130481.7000
14885,130481.7000
14886,130481.7000
14887,130481.7000
14888,130481.7000
14889,130481.7000
14890,130481.7000
14891,130481.7000
14892,130481.7000
14893,130481.7000
14894,130481.7000
14895,130481.7000
14896,130481.7000
14897,130481.7000
14898,130481.7000
14899,130481.7000
14900,130481.7000
14901,130481.7000
14902,130481.7000
14903,130481.7000
14904,130481.7000
14905,130481.7000
14906,130481.7000
14907,130481.7000
14908,130481.7000
14909,130481.7000
14910,130481.7000
14911,130481.7000
14912,130481.7000
14913,130481.7000
14914,130481.7000
14915,130481.7000
14916,130481.7000
14917,130481.7000
14918,130481.7000
14919,130481.7000
14920,130481.7000
14921,130481.7000
14922,130481.7000
14923,130481.7000
14924,130481.7000
14925,130481.7000
14926,130481.7000
14927,130481.7000
14928,130481.7000
14929,130481.7000
14930,130481.7000
14931,130481.7000
14932,130481.7000
14933,130481.7000
14934,130481.7000
14935,130481.7000
14936,130481.7000
14937,130481.7000
14938,130481.7000
14939,130481.7000
14940,130481.7000
14941,130481.7000
14942,130481.7000
14943,130481.7000
14944,130481.7000
14945,130481.7000
14946,130481.7000
14947,130481.7000
14948,130481.7000
14949,130481.7000
14950,130481.7000
14951,130481.7000
14952,130481.7000
14953,130481.7000
14954,130481.7000
14955,130481.7000
14956,130481.7000
14957,130481.7000
14958,130481.7000
14959,130481.7000
14960,130481.7000
14961,130481.7000
14962,130481.7000
14963,130481.7000
14964,130481.7000
14965,130481.7000
14966,130481.7000
14967,130481.7000
14968,130481.7000
14969,130481.7000
14970,130481.7000
14971,130481.7000
14972,130481.7000
14973,130481.7000
14974,130481.7000
14975,130481.7000
14976,130481.7000
14977,130481.7000
14978,130481.7000
14979,130481.7000
14980,130481.7000
14981,130481.7000
14982,130481.7000
14983,130481.7000
14984,130481.7000
14985,130481.7000
14986,130481.7000
14987,130481.7000
14988,130481.7000
14989,130481.7000
14990,130481.7000
14991,130481.7000
14992,130481.7000
14993,130481.7000
14994,130481.7000
14995,130481.7000
14996,130481.7000
14997,130481.7000
14998,130481.7000
14999,130481.7000
15000,130481.7000
15001,130481.7000
15002,130481.7000
15003,130481.7000
15004,130481.7000
15005,130481.7000
15006,130481.7000
15007,130481.7000
15008,130481.7000
15009,130481.7000
15010,130481.7000
15011,130481.7000
15012,130481.7000
15013,130481.7000
15014,130481.7000
15015,130481.7000
15016,130481.7000
15017,130481.7000
15018,130481.7000
15019,130481.7000
15020,130481.7000
15021,130481.7000
15022,130481.7000
15023,130481.7000
15024,130481.7000
15025,130481.7000
15026,130481.7000
15027,130481.7000
15028,130481.7000
15029,130481.7000
15030,130481.7000
15031,130481.7000
15032,130481.7000
15033,130481.7000
15034,130481.7000
15035,130481.7000
15036,130481.7000
15037,130481.7000
15038,130481.7000
15039,130481.7000
15040,130481.7000
15041,130481.7000
15042,130481.7000
15043,130481.7000
15044,130481.7000
15045,130481.7000
15046,130481.7000
15047,130481.7000
15048,130481.7000
15049,130481.7000
15050,130481.7000
15051,130481.7000
15052,130481.7000
15053,130481.7000
15054,130481.7000
15055,130481.7000
15056,130481.7000
15057,130481.7000
15058,130481.7000
15059,130481.7000
15060,130481.7000
15061,130481.7000
15062,130481.7000
15063,130481.7000
15064,130481.7000
15065,130481.7000
15066,130481.7000
15067,130481.7000
15068,130481.7000
15069,130481.7000
15070,130481.7000
15071,130481.7000
15072,130481.7000
15073,130481.7000
15074,130481.7000
15075,130481.7000
15076,130481.7000
15077,130481.7000
15078,130481.7000
15079,130481.7000
15080,130481.7000
15081,130481.7000
15082,130481.7000
15083,130481.7000
15084,130481.7000
15085,130481.7000
15086,130481.7000
15087,130481.7000
15088,130481.7000
15089,130481.7000
15090,130481.7000
15091,130481.7000
15092,130481.7000
15093,130481.7000
15094,130481.7000
15095,130481.7000
15096,130481.7000
15097,130481.7000
15098,130481.7000
15099,130481.7000
15100,130481.7000
15101,130481.7000
15102,130481.7000
15103,130481.7000
15104,130481.7000
15105,130481.7000
15106,130481.7000
15107,130481.7000
15108,130481.7000
15109,130481.7000
15110,130481.7000
15111,130481.7000
15112,130481.7000
15113,130481.7000
15114,130481.7000
15115,130481.7000
15116,130481.7000
15117,130481.7000
15118,130481.7000
15119,130481.7000
15120,130481.7000
15121,130481.7000
15122,130481.7000
15123,130481.7000
15124,130481.7000
15125,130481.7000
15126,130481.7000
15127,130481.7000
15128,130481.7000
15129,130481.7000
15130,130481.7000
15131,130481.7000
15132,130481.7000
15133,130481.7000
15134,130481.7000
15135,130481.7000
15136,130481.7000
15137,130481.7000
15138,130481.7000
15139,130481.7000
15140,130481.7000
15141,130481.7000
15142,130481.7000
15143,130481.7000
15144,130481.7000
15145,130481.7000
15146,130481.7000
15147,130481.7000
15148,130481.7000
15149,130481.7000
15150,130481.7000
15151,130481.7000
15152,130481.7000
15153,130481.7000
15154,130481.7000
15155,130481.7000
15156,130481.7000
15157,130481.7000
15158,130481.7000
15159,130481.7000
15160,130481.7000
15161,130481.7000
15162,130481.7000
15163,130481.7000
15164,130481.7000
15165,130481.7000
15166,130481.7000
15167,130481.7000
15168,130481.7000
15169,130481.7000
15170,130481.7000
15171,130481.7000
15172,130481.7000
15173,130481.7000
15174,130481.7000
15175,130481.7000
15176,130481.7000
15177,130481.7000
15178,130481.7000
15179,130481.7000
15180,130481.7000
15181,130481.7000
15182,130481.7000
15183,130481.7000
15184,130481.7000
15185,130481.7000
15186,130481.7000
15187,130481.7000
15188,130481.7000
15189,130481.7000
15190,130481.7000
15191,130481.7000
15192,130481.7000
15193,130481.7000
15194,130481.7000
15195,130481.7000
15196,130481.7000
15197,130481.7000
15198,130481.7000
15199,130481.7000
15200,130481.7000
15201,130481.7000
15202,130481.7000
15203,130481.7000
15204,130481.7000
15205,130481.7000
15206,130481.7000
15207,130481.7000
15208,130481.7000
15209,130481.7000
15210,130481.7000
15211,130481.7000
15212,130481.7000
15213,130481.7000
15214,130481.7000
15215,130481.7000
15216,130481.7000
15217,130481.7000
15218,130481.7000
15219,130481.7000
15220,130481.7000
15221,130481.7000
15222,130481.7000
15223,130481.7000
15224,130481.7000
15225,130481.7000
15226,130481.7000
15227,130481.7000
15228,130481.7000
15229,130481.7000
15230,130481.7000
15231,130481.7000
15232,130481.7000
15233,130481.7000
15234,130481.7000
15235,130481.7000
15236,130481.7000
15237,130481.7000
15238,130481.7000
15239,130481.7000
15240,130481.7000
15241,130481.7000
15242,130481.7000
15243,130481.7000
15244,130481.7000
15245,130481.7000
15246,130481.7000
15247,130481.7000
15248,130481.7000
15249,130481.7000
15250,130481.7000
15251,130481.7000
15252,130481.7000
15253,130481.7000
15254,130481.7000
15255,130481.7000
15256,130481.7000
15257,130481.7000
15258,130481.7000
15259,130481.7000
15260,130481.7000
15261,130481.7000
15262,130481.7000
15263,130481.7000
15264,130481.7000
15265,130481.7000
15266,130481.7000
15267,130481.7000
15268,130481.7000
15269,130481.7000
15270,130481.7000
15271,130481.7000
15272,130481.7000
15273,130481.7000
15274,130481.7000
15275,130481.7000
15276,130481.7000
15277,130481.7000
15278,130481.7000
15279,130481.7000
15280,130481.7000
15281,130481.7000
15282,130481.7000
15283,130481.7000
15284,130481.7000
15285,130481.7000
15286,130481.7000
15287,130481.7000
15288,130481.7000
15289,130481.7000
15290,130481.7000
15291,130481.7000
15292,130481.7000
15293,130481.7000
15294,130481.7000
15295,130481.7000
15296,130481.7000
15297,130481.7000
15298,130481.7000
15299,130481.7000
15300,130481.7000
15301,130481.7000
15302,130481.7000
15303,130481.7000
15304,130481.7000
15305,130481.7000
15306,130481.7000
15307,130481.7000
15308,130481.7000
15309,130481.7000
15310,130481.7000
15311,130481.7000
15312,130481.7000
15313,130481.7000
15314,130481.7000
15315,130481.7000
15316,130481.7000
15317,130481.7000
15318,130481.7000
15319,130481.7000
15320,130481.7000
15321,130481.7000
15322,130481.7000
15323,130481.7000
15324,130481.7000
15325,130481.7000
15326,130481.7000
15327,130481.7000
15328,130481.7000
15329,130481.7000
15330,130481.7000
15331,130481.7000
15332,130481.7000
15333,130481.7000
15334,130481.7000
15335,130481.7000
15336,130481.7000
15337,130481.7000
15338,130481.7000
15339,130481.7000
15340,130481.7000
15341,130481.7000
15342,130481.7000
15343,130481.7000
15344,130481.7000
15345,130481.7000
15346,130481.7000
15347,130481.7000
15348,130481.7000
15349,130481.7000
15350,130481.7000
15351,130481.7000
15352,130481.7000
15353,130481.7000
15354,130481.7000
15355,130481.7000
15356,130481.7000
15357,130481.7000
15358,130481.7000
15359,130481.7000
15360,130481.7000
15361,130481.7000
15362,130481.7000
15363,130481.7000
15364,130481.7000
15365,130481.7000
15366,130481.7000
15367,130481.7000
15368,130481.7000
15369,130481.7000
15370,130481.7000
15371,130481.7000
15372,130481.7000
15373,130481.7000
15374,130481.7000
15375,130481.7000
15376,130481.7000
15377,130481.7000
15378,130481.7000
15379,130481.7000
15380,130481.7000
15381,130481.7000
15382,130481.7000
15383,130481.7000
15384,130481.7000
15385,130481.7000
15386,130481.7000
15387,130481.7000
15388,130481.7000
15389,130481.7000
15390,130481.7000
15391,130481.7000
15392,130481.7000
15393,130481.7000
15394,130481.7000
15395,130481.7000
15396,130481.7000
15397,130481.7000
15398,130481.7000
15399,130481.7000
15400,130481.7000
15401,130481.7000
15402,130481.7000
15403,130481.7000
15404,130481.7000
15405,130481.7000
15406,130481.7000
15407,130481.7000
15408,130481.7000
15409,130481.7000
15410,130481.7000
15411,130481.7000
15412,130481.7000
15413,130481.7000
15414,130481.7000
15415,130481.7000
15416,130481.7000
15417,130481.7000
15418,130481.7000
15419,130481.7000
15420,130481.7000
15421,130481.7000
15422,130481.7000
15423,130481.7000
15424,130481.7000
15425,130481.7000
15426,130481.7000
15427,130481.7000
15428,130481.7000
15429,130481.7000
15430,130481.7000
15431,130481.7000
15432,130481.7000
15433,130481.7000
15434,130481.7000
15435,130481.7000
15436,130481.7000
15437,130481.7000
15438,130481.7000
15439,130481.7000
15440,130481.7000
15441,130481.7000
15442,130481.7000
15443,130481.7000
15444,130481.7000
15445,130481.7000
15446,130481.7000
15447,130481.7000
15448,130481.7000
15449,130481.7000
15450,130481.7000
15451,130481.7000
15452,130481.7000
15453,130481.7000
15454,130481.7000
15455,130481.7000
15456,130481.7000
15457,130481.7000
15458,130481.7000
15459,130481.7000
15460,130481.7000
15461,130481.7000
15462,130481.7000
15463,130481.7000
15464,130481.7000
15465,130481.7000
15466,130481.7000
15467,130481.7000
15468,130481.7000
15469,130481.7000
15470,130481.7000
15471,130481.7000
15472,130481.7000
15473,130481.7000
15474,130481.7000
15475,130481.7000
15476,130481.7000
15477,130481.7000
15478,130481.7000
15479,130481.7000
15480,130481.7000
15481,130481.7000
15482,130481.7000
15483,130481.7000
15484,130481.7000
15485,130481.7000
15486,130481.7000
15487,130481.7000
15488,130481.7000
15489,130481.7000
15490,130481.7000
15491,130481.7000
15492,130481.7000
15493,130481.7000
15494,130481.7000
15495,130481.7000
15496,130481.7000
15497,130481.7000
15498,130481.7000
15499,130481.7000
15500,130481.7000
15501,130481.7000
15502,130481.7000
15503,130481.7000
15504,130481.7000
15505,130481.7000
15506,130481.7000
15507,130481.7000
15508,130481.7000
15509,130481.7000
15510,130481.7000
15511,130481.7000
15512,130481.7000
15513,130481.7000
15514,130481.7000
15515,130481.7000
15516,130481.7000
15517,130481.7000
15518,130481.7000
15519,130481.7000
15520,130481.7000
15521,130481.7000
15522,130481.7000
15523,130481.7000
15524,130481.7000
15525,130481.7000
15526,130481.7000
15527,130481.7000
15528,130481.7000
15529,130481.7000
15530,130481.7000
15531,130481.7000
15532,130481.7000
15533,130481.7000
15534,130481.7000
15535,130481.7000
15536,130481.7000
15537,130481.7000
15538,130481.7000
15539,130481.7000
15540,130481.7000
15541,130481.7000
15542,130481.7000
15543,130481.7000
15544,130481.7000
15545,130481.7000
15546,130481.7000
15547,130481.7000
15548,130481.7000
15549,130481.7000
15550,130481.7000
15551,130481.7000
15552,130481.7000
15553,130481.7000
15554,130481.7000
15555,130481.7000
15556,130481.7000
15557,130481.7000
15558,130481.7000
15559,130481.7000
15560,130481.7000
15561,130481.7000
15562,130481.7000
15563,130481.7000
15564,130481.7000
15565,130481.7000
15566,130481.7000
15567,130481.7000
15568,130481.7000
15569,130481.7000
15570,130481.7000
15571,130481.7000
15572,130481.7000
15573,130481.7000
15574,130481.7000
15575,130481.7000
15576,130481.7000
15577,130481.7000
15578,130481.7000
15579,130481.7000
15580,130481.7000
15581,130481.7000
15582,130481.7000
15583,130481.7000
15584,130481.7000
15585,130481.7000
15586,130481.7000
15587,130481.7000
15588,130481.7000
15589,130481.7000
15590,130481.7000
15591,130481.7000
15592,130481.7000
15593,130481.7000
15594,130481.7000
15595,130481.7000
15596,130481.7000
15597,130481.7000
15598,130481.7000
15599,130481.7000
15600,130481.7000
15601,130481.7000
15602,130481.7000
15603,130481.7000
15604,130481.7000
15605,130481.7000
15606,130481.7000
15607,130481.7000
15608,130481.7000
15609,130481.7000
15610,130481.7000
15611,130481.7000
15612,130481.7000
15613,130481.7000
15614,130481.7000
15615,130481.7000
15616,130481.7000
15617,130481.7000
15618,130481.7000
15619,130481.7000
15620,130481.7000
15621,130481.7000
15622,130481.7000
15623,130481.7000
15624,130481.7000
15625,130481.7000
15626,130481.7000
15627,130481.7000
15628,130481.7000
15629,130481.7000
15630,130481.7000
15631,130481.7000
15632,130481.7000
15633,130481.7000
15634,130481.7000
15635,130481.7000
15636,130481.7000
15637,130481.7000
15638,130481.7000
15639,130481.7000
15640,130481.7000
15641,130481.7000
15642,130481.7000
15643,130481.7000
15644,130481.7000
15645,130481.7000
15646,130481.7000
15647,130481.7000
15648,130481.7000
15649,130481.7000
15650,130481.7000
15651,130481.7000
15652,130481.7000
15653,130481.7000
15654,130481.7000
15655,130481.7000
15656,130481.7000
15657,130481.7000
15658,130481.7000
15659,130481.7000
15660,130481.7000
15661,130481.7000
15662,130481.7000
15663,130481.7000
15664,130481.7000
15665,130481.7000
15666,130481.7000
15667,130481.7000
15668,130481.7000
15669,130481.7000
15670,130481.7000
15671,130481.7000
15672,130481.7000
15673,130481.7000
15674,130481.7000
15675,130481.7000
15676,130481.7000
15677,130481.7000
15678,130481.7000
15679,130481.7000
15680,130481.7000
15681,130481.7000
15682,130481.7000
15683,130481.7000
15684,130481.7000
15685,130481.7000
15686,130481.7000
15687,130481.7000
15688,130481.7000
15689,130481.7000
15690,130481.7000
15691,130481.7000
15692,130481.7000
15693,130481.7000
15694,130481.7000
15695,130481.7000
15696,130481.7000
15697,130481.7000
15698,130481.7000
15699,130481.7000
15700,130481.7000
15701,130481.7000
15702,130481.7000
15703,130481.7000
15704,130481.7000
15705,130481.7000
15706,130481.7000
15707,130481.7000
15708,130481.7000
15709,130481.7000
15710,130481.7000
15711,130481.7000
15712,130481.7000
15713,130481.7000
15714,130481.7000
15715,130481.7000
15716,130481.7000
15717,130481.7000
15718,130481.7000
15719,130481.7000
15720,130481.7000
15721,130481.7000
15722,130481.7000
15723,130481.7000
15724,130481.7000
15725,130481.7000
15726,130481.7000
15727,130481.7000
15728,130481.7000
15729,130481.7000
15730,130481.7000
15731,130481.7000
15732,130481.7000
15733,130481.7000
15734,130481.7000
15735,130481.7000
15736,130481.7000
15737,130481.7000
15738,130481.7000
15739,130481.7000
15740,130481.7000
15741,130481.7000
15742,130481.7000
15743,130481.7000
15744,130481.7000
15745,130481.7000
15746,130481.7000
15747,130481.7000
15748,130481.7000
15749,130481.7000
15750,130481.7000
15751,130481.7000
15752,130481.7000
15753,130481.7000
15754,130481.7000
15755,130481.7000
15756,130481.7000
15757,130481.7000
15758,130481.7000
15759,130481.7000
15760,130481.7000
15761,130481.7000
15762,130481.7000
15763,130481.7000
15764,130481.7000
15765,130481.7000
15766,130481.7000
15767,130481.7000
15768,130481.7000
15769,130481.7000
15770,130481.7000
15771,130481.7000
15772,130481.7000
15773,130481.7000
15774,130481.7000
15775,130481.7000
15776,130481.7000
15777,130481.7000
15778,130481.7000
15779,130481.7000
15780,130481.7000
15781,130481.7000
15782,130481.7000
15783,130481.7000
15784,130481.7000
15785,130481.7000
15786,130481.7000
15787,130481.7000
15788,130481.7000
15789,130481.7000
15790,130481.7000
15791,130481.7000
15792,130481.7000
15793,130481.7000
15794,130481.7000
15795,130481.7000
15796,130481.7000
15797,130481.7000
15798,130481.7000
15799,130481.7000
15800,130481.7000
15801,130481.7000
15802,130481.7000
15803,130481.7000
15804,130481.7000
15805,130481.7000
15806,130481.7000
15807,130481.7000
15808,130481.7000
15809,130481.7000
15810,130481.7000
15811,130481.7000
15812,130481.7000
15813,130481.7000
15814,130481.7000
15815,130481.7000
15816,130481.7000
15817,130481.7000
15818,130481.7000
15819,130481.7000
15820,130481.7000
15821,130481.7000
15822,130481.7000
15823,130481.7000
15824,130481.7000
15825,130481.7000
15826,130481.7000
15827,130481.7000
15828,130481.7000
15829,130481.7000
15830,130481.7000
15831,130481.7000
15832,130481.7000
15833,130481.7000
15834,130481.7000
15835,130481.7000
15836,130481.7000
15837,130481.7000
15838,130481.7000
15839,130481.7000
15840,130481.7000
15841,130481.7000
15842,130481.7000
15843,130481.7000
15844,130481.7000
15845,130481.7000
15846,130481.7000
15847,130481.7000
15848,130481.7000
15849,130481.7000
15850,130481.7000
15851,130481.7000
15852,130481.7000
15853,130481.7000
15854,130481.7000
15855,130481.7000
15856,130481.7000
15857,130481.7000
15858,130481.7000
15859,130481.7000
15860,130481.7000
15861,130481.7000
15862,130481.7000
15863,130481.7000
15864,130481.7000
15865,130481.7000
15866,130481.7000
15867,130481.7000
15868,130481.7000
15869,130481.7000
15870,130481.7000
15871,130481.7000
15872,130481.7000
15873,130481.7000
15874,130481.7000
15875,130481.7000
15876,130481.7000
15877,130481.7000
15878,130481.7000
15879,130481.7000
15880,130481.7000
15881,130481.7000
15882,130481.7000
15883,130481.7000
15884,130481.7000
15885,130481.7000
15886,130481.7000
15887,130481.7000
15888,130481.7000
15889,130481.7000
15890,130481.7000
15891,130481.7000
15892,130481.7000
15893,130481.7000
15894,130481.7000
15895,130481.7000
15896,130481.7000
15897,130481.7000
15898,130481.7000
15899,130481.7000
15900,130481.7000
15901,130481.7000
15902,130481.7000
15903,130481.7000
15904,130481.7000
15905,130481.7000
15906,130481.7000
15907,130481.7000
15908,130481.7000
15909,130481.7000
15910,130481.7000
15911,130481.7000
15912,130481.7000
15913,130481.7000
15914,130481.7000
15915,130481.7000
15916,130481.7000
15917,130481.7000
15918,130481.7000
15919,130481.7000
15920,130481.7000
15921,130481.7000
15922,130481.7000
15923,130481.7000
15924,130481.7000
15925,130481.7000
15926,130481.7000
15927,130481.7000
15928,130481.7000
15929,130481.7000
15930,130481.7000
15931,130481.7000
15932,130481.7000
15933,130481.7000
15934,130481.7000
15935,130481.7000
15936,130481.7000
15937,130481.7000
15938,130481.7000
15939,130481.7000
15940,130481.7000
15941,130481.7000
15942,130481.7000
15943,130481.7000
15944,130481.7000
15945,130481.7000
15946,130481.7000
15947,130481.7000
15948,130481.7000
15949,130481.7000
15950,130481.7000
15951,130481.7000
15952,130481.7000
15953,130481.7000
15954,130481.7000
15955,130481.7000
15956,130481.7000
15957,130481.7000
15958,130481.7000
15959,130481.7000
15960,130481.7000
15961,130481.7000
15962,130481.7000
15963,130481.7000
15964,130481.7000
15965,130481.7000
15966,130481.7000
15967,130481.7000
15968,130481.7000
15969,130481.7000
15970,130481.7000
15971,130481.7000
15972,130481.7000
15973,130481.7000
15974,130481.7000
15975,130481.7000
15976,130481.7000
15977,130481.7000
15978,130481.7000
15979,130481.7000
15980,130481.7000
15981,130481.7000
15982,130481.7000
15983,130481.7000
15984,130481.7000
15985,130481.7000
15986,130481.7000
15987,130481.7000
15988,130481.7000
15989,130481.7000
15990,130481.7000
15991,130481.7000
15992,130481.7000
15993,130481.7000
15994,130481.7000
15995,130481.7000
15996,130481.7000
15997,130481.7000
15998,130481.7000
15999,130481.7000
16000,130481.7000
16001,130481.7000
16002,130481.7000
16003,130481.7000
16004,130481.7000
16005,130481.7000
16006,130481.7000
16007,130481.7000
16008,130481.7000
16009,130481.7000
16010,130481.7000
16011,130481.7000
16012,130481.7000
16013,130481.7000
16014,130481.7000
16015,130481.7000
16016,130481.7000
16017,130481.7000
16018,130481.7000
16019,130481.7000
16020,130481.7000
16021,130481.7000
16022,130481.7000
16023,130481.7000
16024,130481.7000
16025,130481.7000
16026,130481.7000
16027,130481.7000
16028,130481.7000
16029,130481.7000
16030,130481.7000
16031,130481.7000
16032,130481.7000
16033,130481.7000
16034,130481.7000
16035,130481.7000
16036,130481.7000
16037,130481.7000
16038,130481.7000
16039,130481.7000
16040,130481.7000
16041,130481.7000
16042,130481.7000
16043,130481.7000
16044,130481.7000
16045,130481.7000
16046,130481.7000
16047,130481.7000
16048,130481.7000
16049,130481.7000
16050,130481.7000
16051,130481.7000
16052,130481.7000
16053,130481.7000
16054,130481.7000
16055,130481.7000
16056,130481.7000
16057,130481.7000
16058,130481.7000
16059,130481.7000
16060,130481.7000
16061,130481.7000
16062,130481.7000
16063,130481.7000
16064,130481.7000
16065,130481.7000
16066,130481.7000
16067,130481.7000
16068,130481.7000
16069,130481.7000
16070,130481.7000
16071,130481.7000
16072,130481.7000
16073,130481.7000
16074,130481.7000
16075,130481.7000
16076,130481.7000
16077,130481.7000
16078,130481.7000
16079,130481.7000
16080,130481.7000
16081,130481.7000
16082,130481.7000
16083,130481.7000
16084,130481.7000
16085,130481.7000
16086,130481.7000
16087,130481.7000
16088,130481.7000
16089,130481.7000
16090,130481.7000
16091,130481.7000
16092,130481.7000
16093,130481.7000
16094,130481.7000
16095,130481.7000
16096,130481.7000
16097,130481.7000
16098,130481.7000
16099,130481.7000
16100,130481.7000
16101,130481.7000
16102,130481.7000
16103,130481.7000
16104,130481.7000
16105,130481.7000
16106,130481.7000
16107,130481.7000
16108,130481.7000
16109,130481.7000
16110,130481.7000
16111,130481.7000
16112,130481.7000
16113,130481.7000
16114,130481.7000
16115,130481.7000
16116,130481.7000
16117,130481.7000
16118,130481.7000
16119,130481.7000
16120,130481.7000
16121,130481.7000
16122,130481.7000
16123,130481.7000
16124,130481.7000
16125,130481.7000
16126,130481.7000
16127,130481.7000
16128,130481.7000
16129,130481.7000
16130,130481.7000
16131,130481.7000
16132,130481.7000
16133,130481.7000
16134,130481.7000
16135,130481.7000
16136,130481.7000
16137,130481.7000
16138,130481.7000
16139,130481.7000
16140,130481.7000
16141,130481.7000
16142,130481.7000
16143,130481.7000
16144,130481.7000
16145,130481.7000
16146,130481.7000
16147,130481.7000
16148,130481.7000
16149,130481.7000
16150,130481.7000
16151,130481.7000
16152,130481.7000
16153,130481.7000
16154,130481.7000
16155,130481.7000
16156,130481.7000
16157,130481.7000
16158,130481.7000
16159,130481.7000
16160,130481.7000
16161,130481.7000
16162,130481.7000
16163,130481.7000
16164,130481.7000
16165,130481.7000
16166,130481.7000
16167,130481.7000
16168,130481.7000
16169,130481.7000
16170,130481.7000
16171,130481.7000
16172,130481.7000
16173,130481.7000
16174,130481.7000
16175,130481.7000
16176,130481.7000
16177,130481.7000
16178,130481.7000
16179,130481.7000
16180,130481.7000
16181,130481.7000
16182,130481.7000
16183,130481.7000
16184,130481.7000
16185,130481.7000
16186,130481.7000
16187,130481.7000
16188,130481.7000
16189,130481.7000
16190,130481.7000
16191,130481.7000
16192,130481.7000
16193,130481.7000
16194,130481.7000
16195,130481.7000
16196,130481.7000
16197,130481.7000
16198,130481.7000
16199,130481.7000
16200,130481.7000
16201,130481.7000
16202,130481.7000
16203,130481.7000
16204,130481.7000
16205,130481.7000
16206,130481.7000
16207,130481.7000
16208,130481.7000
16209,130481.7000
16210,130481.7000
16211,130481.7000
16212,130481.7000
16213,130481.7000
16214,130481.7000
16215,130481.7000
16216,130481.7000
16217,130481.7000
16218,130481.7000
16219,130481.7000
16220,130481.7000
16221,130481.7000
16222,130481.7000
16223,130481.7000
16224,130481.7000
16225,130481.7000
16226,130481.7000
16227,130481.7000
16228,130481.7000
16229,130481.7000
16230,130481.7000
16231,130481.7000
16232,130481.7000
16233,130481.7000
16234,130481.7000
16235,130481.7000
16236,130481.7000
16237,130481.7000
16238,130481.7000
16239,130481.7000
16240,130481.7000
16241,130481.7000
16242,130481.7000
16243,130481.7000
16244,130481.7000
16245,130481.7000
16246,130481.7000
16247,130481.7000
16248,130481.7000
16249,130481.7000
16250,130481.7000
16251,130481.7000
16252,130481.7000
16253,130481.7000
16254,130481.7000
16255,130481.7000
16256,130481.7000
16257,130481.7000
16258,130481.7000
16259,130481.7000
16260,130481.7000
16261,130481.7000
16262,130481.7000
16263,130481.7000
16264,130481.7000
16265,130481.7000
16266,130481.7000
16267,130481.7000
16268,130481.7000
16269,130481.7000
16270,130481.7000
16271,130481.7000
16272,130481.7000
16273,130481.7000
16274,130481.7000
16275,130481.7000
16276,130481.7000
16277,130481.7000
16278,130481.7000
16279,130481.7000
16280,130481.7000
16281,130481.7000
16282,130481.7000
16283,130481.7000
16284,130481.7000
16285,130481.7000
16286,130481.7000
16287,130481.7000
16288,130481.7000
16289,130481.7000
16290,130481.7000
16291,130481.7000
16292,130481.7000
16293,130481.7000
16294,130481.7000
16295,130481.7000
16296,130481.7000
16297,130481.7000
16298,130481.7000
16299,130481.7000
16300,130481.7000
16301,130481.7000
16302,130481.7000
16303,130481.7000
16304,130481.7000
16305,130481.7000
16306,130481.7000
16307,130481.7000
16308,130481.7000
16309,130481.7000
16310,130481.7000
16311,130481.7000
16312,130481.7000
16313,130481.7000
16314,130481.7000
16315,130481.7000
16316,130481.7000
16317,130481.7000
16318,130481.7000
16319,130481.7000
16320,130481.7000
16321,130481.7000
16322,130481.7000
16323,130481.7000
16324,130481.7000
16325,130481.7000
16326,130481.7000
16327,130481.7000
16328,130481.7000
16329,130481.7000
16330,130481.7000
16331,130481.7000
16332,130481.7000
16333,130481.7000
16334,130481.7000
16335,130481.7000
16336,130481.7000
16337,130481.7000
16338,130481.7000
16339,130481.7000
16340,130481.7000
16341,130481.7000
16342,130481.7000
16343,130481.7000
16344,130481.7000
16345,130481.7000
16346,130481.7000
16347,130481.7000
16348,130481.7000
16349,130481.7000
16350,130481.7000
16351,130481.7000
16352,130481.7000
16353,130481.7000
16354,130481.7000
16355,130481.7000
16356,130481.7000
16357,130481.7000
16358,130481.7000
16359,130481.7000
16360,130481.7000
16361,130481.7000
16362,130481.7000
16363,130481.7000
16364,130481.7000
16365,130481.7000
16366,130481.7000
16367,130481.7000
16368,130481.7000
16369,130481.7000
16370,130481.7000
16371,130481.7000
16372,130481.7000
16373,130481.7000
16374,130481.7000
16375,130481.7000
16376,130481.7000
16377,130481.7000
16378,130481.7000
16379,130481.7000
16380,130481.7000
16381,130481.7000
16382,130481.7000
16383,130481.7000
16384,130481.7000
16385,130481.7000
16386,130481.7000
16387,130481.7000
16388,130481.7000
16389,130481.7000
16390,130481.7000
16391,130481.7000
16392,130481.7000
16393,130481.7000
16394,130481.7000
16395,130481.7000
16396,130481.7000
16397,130481.7000
16398,130481.7000
16399,130481.7000
16400,130481.7000
16401,130481.7000
16402,130481.7000
16403,130481.7000
16404,130481.7000
16405,130481.7000
16406,130481.7000
16407,130481.7000
16408,130481.7000
16409,130481.7000
16410,130481.7000
16411,130481.7000
16412,130481.7000
16413,130481.7000
16414,130481.7000
16415,130481.7000
16416,130481.7000
16417,130481.7000
16418,130481.7000
16419,130481.7000
16420,130481.7000
16421,130481.7000
16422,130481.7000
16423,130481.7000
16424,130481.7000
16425,130481.7000
16426,130481.7000
16427,130481.7000
16428,130481.7000
16429,130481.7000
16430,130481.7000
16431,130481.7000
16432,130481.7000
16433,130481.7000
16434,130481.7000
16435,130481.7000
16436,130481.7000
16437,130481.7000
16438,130481.7000
16439,130481.7000
16440,130481.7000
16441,130481.7000
16442,130481.7000
16443,130481.7000
16444,130481.7000
16445,130481.7000
16446,130481.7000
16447,130481.7000
16448,130481.7000
16449,130481.7000
16450,130481.7000
16451,130481.7000
16452,130481.7000
16453,130481.7000
16454,130481.7000
16455,130481.7000
16456,130481.7000
16457,130481.7000
16458,130481.7000
16459,130481.7000
16460,130481.7000
16461,130481.7000
16462,130481.7000
16463,130481.7000
16464,130481.7000
16465,130481.7000
16466,130481.7000
16467,130481.7000
16468,130481.7000
16469,130481.7000
16470,130481.7000
16471,130481.7000
16472,130481.7000
16473,130481.7000
16474,130481.7000
16475,130481.7000
16476,130481.7000
16477,130481.7000
16478,130481.7000
16479,130481.7000
16480,130481.7000
16481,130481.7000
16482,130481.7000
16483,130481.7000
16484,130481.7000
16485,130481.7000
16486,130481.7000
16487,130481.7000
16488,130481.7000
16489,130481.7000
16490,130481.7000
16491,130481.7000
16492,130481.7000
16493,130481.7000
16494,130481.7000
16495,130481.7000
16496,130481.7000
16497,130481.7000
16498,130481.7000
16499,130481.7000
16500,130481.7000
16501,130481.7000
16502,130481.7000
16503,130481.7000
16504,130481.7000
16505,130481.7000
16506,130481.7000
16507,130481.7000
16508,130481.7000
16509,130481.7000
16510,130481.7000
16511,130481.7000
16512,130481.7000
16513,130481.7000
16514,130481.7000
16515,130481.7000
16516,130481.7000
16517,130481.7000
16518,130481.7000
16519,130481.7000
16520,130481.7000
16521,130481.7000
16522,130481.7000
16523,130481.7000
16524,130481.7000
16525,130481.7000
16526,130481.7000
16527,130481.7000
16528,130481.7000
16529,130481.7000
16530,130481.7000
16531,130481.7000
16532,130481.7000
16533,130481.7000
16534,130481.7000
16535,130481.7000
16536,130481.7000
16537,130481.7000
16538,130481.7000
16539,130481.7000
16540,130481.7000
16541,130481.7000
16542,130481.7000
16543,130481.7000
16544,130481.7000
16545,130481.7000
16546,130481.7000
16547,130481.7000
16548,130481.7000
16549,130481.7000
16550,130481.7000
16551,130481.7000
16552,130481.7000
16553,130481.7000
16554,130481.7000
16555,130481.7000
16556,130481.7000
16557,130481.7000
16558,130481.7000
16559,130481.7000
16560,130481.7000
16561,130481.7000
16562,130481.7000
16563,130481.7000
16564,130481.7000
16565,130481.7000
16566,130481.7000
16567,130481.7000
16568,130481.7000
16569,130481.7000
16570,130481.7000
16571,130481.7000
16572,130481.7000
16573,130481.7000
16574,130481.7000
16575,130481.7000
16576,130481.7000
16577,130481.7000
16578,130481.7000
16579,130481.7000
16580,130481.7000
16581,130481.7000
16582,130481.7000
16583,130481.7000
16584,130481.7000
16585,130481.7000
16586,130481.7000
16587,130481.7000
16588,130481.7000
16589,130481.7000
16590,130481.7000
16591,130481.7000
16592,130481.7000
16593,130481.7000
16594,130481.7000
16595,130481.7000
16596,130481.7000
16597,130481.7000
16598,130481.7000
16599,130481.7000
16600,130481.7000
16601,130481.7000
16602,130481.7000
16603,130481.7000
16604,130481.7000
16605,130481.7000
16606,130481.7000
16607,130481.7000
16608,130481.7000
16609,130481.7000
16610,130481.7000
16611,130481.7000
16612,130481.7000
16613,130481.7000
16614,130481.7000
16615,130481.7000
16616,130481.7000
16617,130481.7000
16618,130481.7000
16619,130481.7000
16620,130481.7000
16621,130481.7000
16622,130481.7000
16623,130481.7000
16624,130481.7000
16625,130481.7000
16626,130481.7000
16627,130481.7000
16628,130481.7000
16629,130481.7000
16630,130481.7000
16631,130481.7000
16632,130481.7000
16633,130481.7000
16634,130481.7000
16635,130481.7000
16636,130481.7000
16637,130481.7000
16638,130481.7000
16639,130481.7000
16640,130481.7000
16641,130481.7000
16642,130481.7000
16643,130481.7000
16644,130481.7000
16645,130481.7000
16646,130481.7000
16647,130481.7000
16648,130481.7000
16649,130481.7000
16650,130481.7000
16651,130481.7000
16652,130481.7000
16653,130481.7000
16654,130481.7000
16655,130481.7000
16656,130481.7000
16657,130481.7000
16658,130481.7000
16659,130481.7000
16660,130481.7000
16661,130481.7000
16662,130481.7000
16663,130481.7000
16664,130481.7000
16665,130481.7000
16666,130481.7000
16667,130481.7000
16668,130481.7000
16669,130481.7000
16670,130481.7000
16671,130481.7000
16672,130481.7000
16673,130481.7000
16674,130481.7000
16675,130481.7000
16676,130481.7000
16677,130481.7000
16678,130481.7000
16679,130481.7000
16680,130481.7000
16681,130481.7000
16682,130481.7000
16683,130481.7000
16684,130481.7000
16685,130481.7000
16686,130481.7000
16687,130481.7000
16688,130481.7000
16689,130481.7000
16690,130481.7000
16691,130481.7000
16692,130481.7000
16693,130481.7000
16694,130481.7000
16695,130481.7000
16696,130481.7000
16697,130481.7000
16698,130481.7000
16699,130481.7000
16700,130481.7000
16701,130481.7000
16702,130481.7000
16703,130481.7000
16704,130481.7000
16705,130481.7000
16706,130481.7000
16707,130481.7000
16708,130481.7000
16709,130481.7000
16710,130481.7000
16711,130481.7000
16712,130481.7000
16713,130481.7000
16714,130481.7000
16715,130481.7000
16716,130481.7000
16717,130481.7000
16718,130481.7000
16719,130481.7000
16720,130481.7000
16721,130481.7000
16722,130481.7000
16723,130481.7000
16724,130481.7000
16725,130481.7000
16726,130481.7000
16727,130481.7000
16728,130481.7000
16729,130481.7000
16730,130481.7000
16731,130481.7000
16732,130481.7000
16733,130481.7000
16734,130481.7000
16735,130481.7000
16736,130481.7000
16737,130481.7000
16738,130481.7000
16739,130481.7000
16740,130481.7000
16741,130481.7000
16742,130481.7000
16743,130481.7000
16744,130481.7000
16745,130481.7000
16746,130481.7000
16747,130481.7000
16748,130481.7000
16749,130481.7000
16750,130481.7000
16751,130481.7000
16752,130481.7000
16753,130481.7000
16754,130481.7000
16755,130481.7000
16756,130481.7000
16757,130481.7000
16758,130481.7000
16759,130481.7000
16760,130481.7000
16761,130481.7000
16762,130481.7000
16763,130481.7000
16764,130481.7000
16765,130481.7000
16766,130481.7000
16767,130481.7000
16768,130481.7000
16769,130481.7000
16770,130481.7000
16771,130481.7000
16772,130481.7000
16773,130481.7000
16774,130481.7000
16775,130481.7000
16776,130481.7000
16777,130481.7000
16778,130481.7000
16779,130481.7000
16780,130481.7000
16781,130481.7000
16782,130481.7000
16783,130481.7000
16784,130481.7000
16785,130481.7000
16786,130481.7000
16787,130481.7000
16788,130481.7000
16789,130481.7000
16790,130481.7000
16791,130481.7000
16792,130481.7000
16793,130481.7000
16794,130481.7000
16795,130481.7000
16796,130481.7000
16797,130481.7000
16798,130481.7000
16799,130481.7000
16800,130481.7000
16801,130481.7000
16802,130481.7000
16803,130481.7000
16804,130481.7000
16805,130481.7000
16806,130481.7000
16807,130481.7000
16808,130481.7000
16809,130481.7000
16810,130481.7000
16811,130481.7000
16812,130481.7000
16813,130481.7000
16814,130481.7000
16815,130481.7000
16816,130481.7000
16817,130481.7000
16818,130481.7000
16819,130481.7000
16820,130481.7000
16821,130481.7000
16822,130481.7000
16823,130481.7000
16824,130481.7000
16825,130481.7000
16826,130481.7000
16827,130481.7000
16828,130481.7000
16829,130481.7000
16830,130481.7000
16831,130481.7000
16832,130481.7000
16833,130481.7000
16834,130481.7000
16835,130481.7000
16836,130481.7000
16837,130481.7000
16838,130481.7000
16839,130481.7000
16840,130481.7000
16841,130481.7000
16842,130481.7000
16843,130481.7000
16844,130481.7000
16845,130481.7000
16846,130481.7000
16847,130481.7000
16848,130481.7000
16849,130481.7000
16850,130481.7000
16851,130481.7000
16852,130481.7000
16853,130481.7000
16854,130481.7000
16855,130481.7000
16856,130481.7000
16857,130481.7000
16858,130481.7000
16859,130481.7000
16860,130481.7000
16861,130481.7000
16862,130481.7000
16863,130481.7000
16864,130481.7000
16865,130481.7000
16866,130481.7000
16867,130481.7000
16868,130481.7000
16869,130481.7000
16870,130481.7000
16871,130481.7000
16872,130481.7000
16873,130481.7000
16874,130481.7000
16875,130481.7000
16876,130481.7000
16877,130481.7000
16878,130481.7000
16879,130481.7000
16880,130481.7000
16881,130481.7000
16882,130481.7000
16883,130481.7000
16884,130481.7000
16885,130481.7000
16886,130481.7000
16887,130481.7000
16888,130481.7000
16889,130481.7000
16890,130481.7000
16891,130481.7000
16892,130481.7000
16893,130481.7000
16894,130481.7000
16895,130481.7000
16896,130481.7000
16897,130481.7000
16898,130481.7000
16899,130481.7000
16900,130481.7000
16901,130481.7000
16902,130481.7000
16903,130481.7000
16904,130481.7000
16905,130481.7000
16906,130481.7000
16907,130481.7000
16908,130481.7000
16909,130481.7000
16910,130481.7000
16911,130481.7000
16912,130481.7000
16913,130481.7000
16914,130481.7000
16915,130481.7000
16916,130481.7000
16917,130481.7000
16918,130481.7000
16919,130481.7000
16920,130481.7000
16921,130481.7000
16922,130481.7000
16923,130481.7000
16924,130481.7000
16925,130481.7000
16926,130481.7000
16927,130481.7000
16928,130481.7000
16929,130481.7000
16930,130481.7000
16931,130481.7000
16932,130481.7000
16933,130481.7000
16934,130481.7000
16935,130481.7000
16936,130481.7000
16937,130481.7000
16938,130481.7000
16939,130481.7000
16940,130481.7000
16941,130481.7000
16942,130481.7000
16943,130481.7000
16944,130481.7000
16945,130481.7000
16946,130481.7000
16947,130481.7000
16948,130481.7000
16949,130481.7000
16950,130481.7000
16951,130481.7000
16952,130481.7000
16953,130481.7000
16954,130481.7000
16955,130481.7000
16956,130481.7000
16957,130481.7000
16958,130481.7000
16959,130481.7000
16960,130481.7000
16961,130481.7000
16962,130481.7000
16963,130481.7000
16964,130481.7000
16965,130481.7000
16966,130481.7000
16967,130481.7000
16968,130481.7000
16969,130481.7000
16970,130481.7000
16971,130481.7000
16972,130481.7000
16973,130481.7000
16974,130481.7000
16975,130481.7000
16976,130481.7000
16977,130481.7000
16978,130481.7000
16979,130481.7000
16980,130481.7000
16981,130481.7000
16982,130481.7000
16983,130481.7000
16984,130481.7000
16985,130481.7000
16986,130481.7000
16987,130481.7000
16988,130481.7000
16989,130481.7000
16990,130481.7000
16991,130481.7000
16992,130481.7000
16993,130481.7000
16994,130481.7000
16995,130481.7000
16996,130481.7000
16997,130481.7000
16998,130481.7000
16999,130481.7000
17000,130481.7000
17001,130481.7000
17002,130481.7000
17003,130481.7000
17004,130481.7000
17005,130481.7000
17006,130481.7000
17007,130481.7000
17008,130481.7000
17009,130481.7000
17010,130481.7000
17011,130481.7000
17012,130481.7000
17013,130481.7000
17014,130481.7000
17015,130481.7000
17016,130481.7000
17017,130481.7000
17018,130481.7000
17019,130481.7000
17020,130481.7000
17021,130481.7000
17022,130481.7000
17023,130481.7000
17024,130481.7000
17025,130481.7000
17026,130481.7000
17027,130481.7000
17028,130481.7000
17029,130481.7000
17030,130481.7000
17031,130481.7000
17032,130481.7000
17033,130481.7000
17034,130481.7000
17035,130481.7000
17036,130481.7000
17037,130481.7000
17038,130481.7000
17039,130481.7000
17040,130481.7000
17041,130481.7000
17042,130481.7000
17043,130481.7000
17044,130481.7000
17045,130481.7000
17046,130481.7000
17047,130481.7000
17048,130481.7000
17049,130481.7000
17050,130481.7000
17051,130481.7000
17052,130481.7000
17053,130481.7000
17054,130481.7000
17055,130481.7000
17056,130481.7000
17057,130481.7000
17058,130481.7000
17059,130481.7000
17060,130481.7000
17061,130481.7000
17062,130481.7000
17063,130481.7000
17064,130481.7000
17065,130481.7000
17066,130481.7000
17067,130481.7000
17068,130481.7000
17069,130481.7000
17070,130481.7000
17071,130481.7000
17072,130481.7000
17073,130481.7000
17074,130481.7000
17075,130481.7000
17076,130481.7000
17077,130481.7000
17078,130481.7000
17079,130481.7000
17080,130481.7000
17081,130481.7000
17082,130481.7000
17083,130481.7000
17084,130481.7000
17085,130481.7000
17086,130481.7000
17087,130481.7000
17088,130481.7000
17089,130481.7000
17090,130481.7000
17091,130481.7000
17092,130481.7000
17093,130481.7000
17094,130481.7000
17095,130481.7000
17096,130481.7000
17097,130481.7000
17098,130481.7000
17099,130481.7000
17100,130481.7000
17101,130481.7000
17102,130481.7000
17103,130481.7000
17104,130481.7000
17105,130481.7000
17106,130481.7000
17107,130481.7000
17108,130481.7000
17109,130481.7000
17110,130481.7000
17111,130481.7000
17112,130481.7000
17113,130481.7000
17114,130481.7000
17115,130481.7000
17116,130481.7000
17117,130481.7000
17118,130481.7000
17119,130481.7000
17120,130481.7000
17121,130481.7000
17122,130481.7000
17123,130481.7000
17124,130481.7000
17125,130481.7000
17126,130481.7000
17127,130481.7000
17128,130481.7000
17129,130481.7000
17130,130481.7000
17131,130481.7000
17132,130481.7000
17133,130481.7000
17134,130481.7000
17135,130481.7000
17136,130481.7000
17137,130481.7000
17138,130481.7000
17139,130481.7000
17140,130481.7000
17141,130481.7000
17142,130481.7000
17143,130481.7000
17144,130481.7000
17145,130481.7000
17146,130481.7000
17147,130481.7000
17148,130481.7000
17149,130481.7000
17150,130481.7000
17151,130481.7000
17152,130481.7000
17153,130481.7000
17154,130481.7000
17155,130481.7000
17156,130481.7000
17157,130481.7000
17158,130481.7000
17159,130481.7000
17160,130481.7000
17161,130481.7000
17162,130481.7000
17163,130481.7000
17164,130481.7000
17165,130481.7000
17166,130481.7000
17167,130481.7000
17168,130481.7000
17169,130481.7000
17170,130481.7000
17171,130481.7000
17172,130481.7000
17173,130481.7000
17174,130481.7000
17175,130481.7000
17176,130481.7000
17177,130481.7000
17178,130481.7000
17179,130481.7000
17180,130481.7000
17181,130481.7000
17182,130481.7000
17183,130481.7000
17184,130481.7000
17185,130481.7000
17186,130481.7000
17187,130481.7000
17188,130481.7000
17189,130481.7000
17190,130481.7000
17191,130481.7000
17192,130481.7000
17193,130481.7000
17194,130481.7000
17195,130481.7000
17196,130481.7000
17197,130481.7000
17198,130481.7000
17199,130481.7000
17200,130481.7000
17201,130481.7000
17202,130481.7000
17203,130481.7000
17204,130481.7000
17205,130481.7000
17206,130481.7000
17207,130481.7000
17208,130481.7000
17209,130481.7000
17210,130481.7000
17211,130481.7000
17212,130481.7000
17213,130481.7000
17214,130481.7000
17215,130481.7000
17216,130481.7000
17217,130481.7000
17218,130481.7000
17219,130481.7000
17220,130481.7000
17221,130481.7000
17222,130481.7000
17223,130481.7000
17224,130481.7000
17225,130481.7000
17226,130481.7000
17227,130481.7000
17228,130481.7000
17229,130481.7000
17230,130481.7000
17231,130481.7000
17232,130481.7000
17233,130481.7000
17234,130481.7000
17235,130481.7000
17236,130481.7000
17237,130481.7000
17238,130481.7000
17239,130481.7000
17240,130481.7000
17241,130481.7000
17242,130481.7000
17243,130481.7000
17244,130481.7000
17245,130481.7000
17246,130481.7000
17247,130481.7000
17248,130481.7000
17249,130481.7000
17250,130481.7000
17251,130481.7000
17252,130481.7000
17253,130481.7000
17254,130481.7000
17255,130481.7000
17256,130481.7000
17257,130481.7000
17258,130481.7000
17259,130481.7000
17260,130481.7000
17261,130481.7000
17262,130481.7000
17263,130481.7000
17264,130481.7000
17265,130481.7000
17266,130481.7000
17267,130481.7000
17268,130481.7000
17269,130481.7000
17270,130481.7000
17271,130481.7000
17272,130481.7000
17273,130481.7000
17274,130481.7000
17275,130481.7000
17276,130481.7000
17277,130481.7000
17278,130481.7000
17279,130481.7000
17280,130481.7000
17281,130481.7000
17282,130481.7000
17283,130481.7000
17284,130481.7000
17285,130481.7000
17286,130481.7000
17287,130481.7000
17288,130481.7000
17289,130481.7000
17290,130481.7000
17291,130481.7000
17292,130481.7000
17293,130481.7000
17294,130481.7000
17295,130481.7000
17296,130481.7000
17297,130481.7000
17298,130481.7000
17299,130481.7000
17300,130481.7000
17301,130481.7000
17302,130481.7000
17303,130481.7000
17304,130481.7000
17305,130481.7000
17306,130481.7000
17307,130481.7000
17308,130481.7000
17309,130481.7000
17310,130481.7000
17311,130481.7000
17312,130481.7000
17313,130481.7000
17314,130481.7000
17315,130481.7000
17316,130481.7000
17317,130481.7000
17318,130481.7000
17319,130481.7000
17320,130481.7000
17321,130481.7000
17322,130481.7000
17323,130481.7000
17324,130481.7000
17325,130481.7000
17326,130481.7000
17327,130481.7000
17328,130481.7000
17329,130481.7000
17330,130481.7000
17331,130481.7000
17332,130481.7000
17333,130481.7000
17334,130481.7000
17335,130481.7000
17336,130481.7000
17337,130481.7000
17338,130481.7000
17339,130481.7000
17340,130481.7000
17341,130481.7000
17342,130481.7000
17343,130481.7000
17344,130481.7000
17345,130481.7000
17346,130481.7000
17347,130481.7000
17348,130481.7000
17349,130481.7000
17350,130481.7000
17351,130481.7000
17352,130481.7000
17353,130481.7000
17354,130481.7000
17355,130481.7000
17356,130481.7000
17357,130481.7000
17358,130481.7000
17359,130481.7000
17360,130481.7000
17361,130481.7000
17362,130481.7000
17363,130481.7000
17364,130481.7000
17365,130481.7000
17366,130481.7000
17367,130481.7000
17368,130481.7000
17369,130481.7000
17370,130481.7000
17371,130481.7000
17372,130481.7000
17373,130481.7000
17374,130481.7000
17375,130481.7000
17376,130481.7000
17377,130481.7000
17378,130481.7000
17379,130481.7000
17380,130481.7000
17381,130481.7000
17382,130481.7000
17383,130481.7000
17384,130481.7000
17385,130481.7000
17386,130481.7000
17387,130481.7000
17388,130481.7000
17389,130481.7000
17390,130481.7000
17391,130481.7000
17392,130481.7000
17393,130481.7000
17394,130481.7000
17395,130481.7000
17396,130481.7000
17397,130481.7000
17398,130481.7000
17399,130481.7000
17400,130481.7000
17401,130481.7000
17402,130481.7000
17403,130481.7000
17404,130481.7000
17405,130481.7000
17406,130481.7000
17407,130481.7000
17408,130481.7000
17409,130481.7000
17410,130481.7000
17411,130481.7000
17412,130481.7000
17413,130481.7000
17414,130481.7000
17415,130481.7000
17416,130481.7000
17417,130481.7000
17418,130481.7000
17419,130481.7000
17420,130481.7000
17421,130481.7000
17422,130481.7000
17423,130481.7000
17424,130481.7000
17425,130481.7000
17426,130481.7000
17427,130481.7000
17428,130481.7000
17429,130481.7000
17430,130481.7000
17431,130481.7000
17432,130481.7000
17433,130481.7000
17434,130481.7000
17435,130481.7000
17436,130481.7000
17437,130481.7000
17438,130481.7000
17439,130481.7000
17440,130481.7000
17441,130481.7000
17442,130481.7000
17443,130481.7000
17444,130481.7000
17445,130481.7000
17446,130481.7000
17447,130481.7000
17448,130481.7000
17449,130481.7000
17450,130481.7000
17451,130481.7000
17452,130481.7000
17453,130481.7000
17454,130481.7000
17455,130481.7000
17456,130481.7000
17457,130481.7000
17458,130481.7000
17459,130481.7000
17460,130481.7000
17461,130481.7000
17462,130481.7000
17463,130481.7000
17464,130481.7000
17465,130481.7000
17466,130481.7000
17467,130481.7000
17468,130481.7000
17469,130481.7000
17470,130481.7000
17471,130481.7000
17472,130481.7000
17473,130481.7000
17474,130481.7000
17475,130481.7000
17476,130481.7000
17477,130481.7000
17478,130481.7000
17479,130481.7000
17480,130481.7000
17481,130481.7000
17482,130481.7000
17483,130481.7000
17484,130481.7000
17485,130481.7000
17486,130481.7000
17487,130481.7000
17488,130481.7000
17489,130481.7000
17490,130481.7000
17491,130481.7000
17492,130481.7000
17493,130481.7000
17494,130481.7000
17495,130481.7000
17496,130481.7000
17497,130481.7000
17498,130481.7000
17499,130481.7000
17500,130481.7000
17501,130481.7000
17502,130481.7000
17503,130481.7000
17504,130481.7000
17505,130481.7000
17506,130481.7000
17507,130481.7000
17508,130481.7000
17509,130481.7000
17510,130481.7000
17511,130481.7000
17512,130481.7000
17513,130481.7000
17514,130481.7000
17515,130481.7000
17516,130481.7000
17517,130481.7000
17518,130481.7000
17519,130481.7000
17520,130481.7000
17521,130481.7000
17522,130481.7000
17523,130481.7000
17524,130481.7000
17525,130481.7000
17526,130481.7000
17527,130481.7000
17528,130481.7000
17529,130481.7000
17530,130481.7000
17531,130481.7000
17532,130481.7000
17533,130481.7000
17534,130481.7000
17535,130481.7000
17536,130481.7000
17537,130481.7000
17538,130481.7000
17539,130481.7000
17540,130481.7000
17541,130481.7000
17542,130481.7000
17543,130481.7000
17544,130481.7000
17545,130481.7000
17546,130481.7000
17547,130481.7000
17548,130481.7000
17549,130481.7000
17550,130481.7000
17551,130481.7000
17552,130481.7000
17553,130481.7000
17554,130481.7000
17555,130481.7000
17556,130481.7000
17557,130481.7000
17558,130481.7000
17559,130481.7000
17560,130481.7000
17561,130481.7000
17562,130481.7000
17563,130481.7000
17564,130481.7000
17565,130481.7000
17566,130481.7000
17567,130481.7000
17568,130481.7000
17569,130481.7000
17570,130481.7000
17571,130481.7000
17572,130481.7000
17573,130481.7000
17574,130481.7000
17575,130481.7000
17576,130481.7000
17577,130481.7000
17578,130481.7000
17579,130481.7000
17580,130481.7000
17581,130481.7000
17582,130481.7000
17583,130481.7000
17584,130481.7000
17585,130481.7000
17586,130481.7000
17587,130481.7000
17588,130481.7000
17589,130481.7000
17590,130481.7000
17591,130481.7000
17592,130481.7000
17593,130481.7000
17594,130481.7000
17595,130481.7000
17596,130481.7000
17597,130481.7000
17598,130481.7000
17599,130481.7000
17600,130481.7000
17601,130481.7000
17602,130481.7000
17603,130481.7000
17604,130481.7000
17605,130481.7000
17606,130481.7000
17607,130481.7000
17608,130481.7000
17609,130481.7000
17610,130481.7000
17611,130481.7000
17612,130481.7000
17613,130481.7000
17614,130481.7000
17615,130481.7000
17616,130481.7000
17617,130481.7000
17618,130481.7000
17619,130481.7000
17620,130481.7000
17621,130481.7000
17622,130481.7000
17623,130481.7000
17624,130481.7000
17625,130481.7000
17626,130481.7000
17627,130481.7000
17628,130481.7000
17629,130481.7000
17630,130481.7000
17631,130481.7000
17632,130481.7000
17633,130481.7000
17634,130481.7000
17635,130481.7000
17636,130481.7000
17637,130481.7000
17638,130481.7000
17639,130481.7000
17640,130481.7000
17641,130481.7000
17642,130481.7000
17643,130481.7000
17644,130481.7000
17645,130481.7000
17646,130481.7000
17647,130481.7000
17648,130481.7000
17649,130481.7000
17650,130481.7000
17651,130481.7000
17652,130481.7000
17653,130481.7000
17654,130481.7000
17655,130481.7000
17656,130481.7000
17657,130481.7000
17658,130481.7000
17659,130481.7000
17660,130481.7000
17661,130481.7000
17662,130481.7000
17663,130481.7000
17664,130481.7000
17665,130481.7000
17666,130481.7000
17667,130481.7000
17668,130481.7000
17669,130481.7000
17670,130481.7000
17671,130481.7000
17672,130481.7000
17673,130481.7000
17674,130481.7000
17675,130481.7000
17676,130481.7000
17677,130481.7000
17678,130481.7000
17679,130481.7000
17680,130481.7000
17681,130481.7000
17682,130481.7000
17683,130481.7000
17684,130481.7000
17685,130481.7000
17686,130481.7000
17687,130481.7000
17688,130481.7000
17689,130481.7000
17690,130481.7000
17691,130481.7000
17692,130481.7000
17693,130481.7000
17694,130481.7000
17695,130481.7000
17696,130481.7000
17697,130481.7000
17698,130481.7000
17699,130481.7000
17700,130481.7000
17701,130481.7000
17702,130481.7000
17703,130481.7000
17704,130481.7000
17705,130481.7000
17706,130481.7000
17707,130481.7000
17708,130481.7000
17709,130481.7000
17710,130481.7000
17711,130481.7000
17712,130481.7000
17713,130481.7000
17714,130481.7000
17715,130481.7000
17716,130481.7000
17717,130481.7000
17718,130481.7000
17719,130481.7000
17720,130481.7000
17721,130481.7000
17722,130481.7000
17723,130481.7000
17724,130481.7000
17725,130481.7000
17726,130481.7000
17727,130481.7000
17728,130481.7000
17729,130481.7000
17730,130481.7000
17731,130481.7000
17732,130481.7000
17733,130481.7000
17734,130481.7000
17735,130481.7000
17736,130481.7000
17737,130481.7000
17738,130481.7000
17739,130481.7000
17740,130481.7000
17741,130481.7000
17742,130481.7000
17743,130481.7000
17744,130481.7000
17745,130481.7000
17746,130481.7000
17747,130481.7000
17748,130481.7000
17749,130481.7000
17750,130481.7000
17751,130481.7000
17752,130481.7000
17753,130481.7000
17754,130481.7000
17755,130481.7000
17756,130481.7000
17757,130481.7000
17758,130481.7000
17759,130481.7000
17760,130481.7000
17761,130481.7000
17762,130481.7000
17763,130481.7000
17764,130481.7000
17765,130481.7000
17766,130481.7000
17767,130481.7000
17768,130481.7000
17769,130481.7000
17770,130481.7000
17771,130481.7000
17772,130481.7000
17773,130481.7000
17774,130481.7000
17775,130481.7000
17776,130481.7000
17777,130481.7000
17778,130481.7000
17779,130481.7000
17780,130481.7000
17781,130481.7000
17782,130481.7000
17783,130481.7000
17784,130481.7000
17785,130481.7000
17786,130481.7000
17787,130481.7000
17788,130481.7000
17789,130481.7000
17790,130481.7000
17791,130481.7000
17792,130481.7000
17793,130481.7000
17794,130481.7000
17795,130481.7000
17796,130481.7000
17797,130481.7000
17798,130481.7000
17799,130481.7000
17800,130481.7000
17801,130481.7000
17802,130481.7000
17803,130481.7000
17804,130481.7000
17805,130481.7000
17806,130481.7000
17807,130481.7000
17808,130481.7000
17809,130481.7000
17810,130481.7000
17811,130481.7000
17812,130481.7000
17813,130481.7000
17814,130481.7000
17815,130481.7000
17816,130481.7000
17817,130481.7000
17818,130481.7000
17819,130481.7000
17820,130481.7000
17821,130481.7000
17822,130481.7000
17823,130481.7000
17824,130481.7000
17825,130481.7000
17826,130481.7000
17827,130481.7000
17828,130481.7000
17829,130481.7000
17830,130481.7000
17831,130481.7000
17832,130481.7000
17833,130481.7000
17834,130481.7000
17835,130481.7000
17836,130481.7000
17837,130481.7000
17838,130481.7000
17839,130481.7000
17840,130481.7000
17841,130481.7000
17842,130481.7000
17843,130481.7000
17844,130481.7000
17845,130481.7000
17846,130481.7000
17847,130481.7000
17848,130481.7000
17849,130481.7000
17850,130481.7000
17851,130481.7000
17852,130481.7000
17853,130481.7000
17854,130481.7000
17855,130481.7000
17856,130481.7000
17857,130481.7000
17858,130481.7000
17859,130481.7000
17860,130481.7000
17861,130481.7000
17862,130481.7000
17863,130481.7000
17864,130481.7000
17865,130481.7000
17866,130481.7000
17867,130481.7000
17868,130481.7000
17869,130481.7000
17870,130481.7000
17871,130481.7000
17872,130481.7000
17873,130481.7000
17874,130481.7000
17875,130481.7000
17876,130481.7000
17877,130481.7000
17878,130481.7000
17879,130481.7000
17880,130481.7000
17881,130481.7000
17882,130481.7000
17883,130481.7000
17884,130481.7000
17885,130481.7000
17886,130481.7000
17887,130481.7000
17888,130481.7000
17889,130481.7000
17890,130481.7000
17891,130481.7000
17892,130481.7000
17893,130481.7000
17894,130481.7000
17895,130481.7000
17896,130481.7000
17897,130481.7000
17898,130481.7000
17899,130481.7000
17900,130481.7000
17901,130481.7000
17902,130481.7000
17903,130481.7000
17904,130481.7000
17905,130481.7000
17906,130481.7000
17907,130481.7000
17908,130481.7000
17909,130481.7000
17910,130481.7000
17911,130481.7000
17912,130481.7000
17913,130481.7000
17914,130481.7000
17915,130481.7000
17916,130481.7000
17917,130481.7000
17918,130481.7000
17919,130481.7000
17920,130481.7000
17921,130481.7000
17922,130481.7000
17923,130481.7000
17924,130481.7000
17925,130481.7000
17926,130481.7000
17927,130481.7000
17928,130481.7000
17929,130481.7000
17930,130481.7000
17931,130481.7000
17932,130481.7000
17933,130481.7000
17934,130481.7000
17935,130481.7000
17936,130481.7000
17937,130481.7000
17938,130481.7000
17939,130481.7000
17940,130481.7000
17941,130481.7000
17942,130481.7000
17943,130481.7000
17944,130481.7000
17945,130481.7000
17946,130481.7000
17947,130481.7000
17948,130481.7000
17949,130481.7000
17950,130481.7000
17951,130481.7000
17952,130481.7000
17953,130481.7000
17954,130481.7000
17955,130481.7000
17956,130481.7000
17957,130481.7000
17958,130481.7000
17959,130481.7000
17960,130481.7000
17961,130481.7000
17962,130481.7000
17963,130481.7000
17964,130481.7000
17965,130481.7000
17966,130481.7000
17967,130481.7000
17968,130481.7000
17969,130481.7000
17970,130481.7000
17971,130481.7000
17972,130481.7000
17973,130481.7000
17974,130481.7000
17975,130481.7000
17976,130481.7000
17977,130481.7000
17978,130481.7000
17979,130481.7000
17980,130481.7000
17981,130481.7000
17982,130481.7000
17983,130481.7000
17984,130481.7000
17985,130481.7000
17986,130481.7000
17987,130481.7000
17988,130481.7000
17989,130481.7000
17990,130481.7000
17991,130481.7000
17992,130481.7000
17993,130481.7000
17994,130481.7000
17995,130481.7000
17996,130481.7000
17997,130481.7000
17998,130481.7000
17999,130481.7000
18000,130481.7000
18001,130481.7000
18002,130481.7000
18003,130481.7000
18004,130481.7000
18005,130481.7000
18006,130481.7000
18007,130481.7000
18008,130481.7000
18009,130481.7000
18010,130481.7000
18011,130481.7000
18012,130481.7000
18013,130481.7000
18014,130481.7000
18015,130481.7000
18016,130481.7000
18017,130481.7000
18018,130481.7000
18019,130481.7000
18020,130481.7000
18021,130481.7000
18022,130481.7000
18023,130481.7000
18024,130481.7000
18025,130481.7000
18026,130481.7000
18027,130481.7000
18028,130481.7000
18029,130481.7000
18030,130481.7000
18031,130481.7000
18032,130481.7000
18033,130481.7000
18034,130481.7000
18035,130481.7000
18036,130481.7000
18037,130481.7000
18038,130481.7000
18039,130481.7000
18040,130481.7000
18041,130481.7000
18042,130481.7000
18043,130481.7000
18044,130481.7000
18045,130481.7000
18046,130481.7000
18047,130481.7000
18048,130481.7000
18049,130481.7000
18050,130481.7000
18051,130481.7000
18052,130481.7000
18053,130481.7000
18054,130481.7000
18055,130481.7000
18056,130481.7000
18057,130481.7000
18058,130481.7000
18059,130481.7000
18060,130481.7000
18061,130481.7000
18062,130481.7000
18063,130481.7000
18064,130481.7000
18065,130481.7000
18066,130481.7000
18067,130481.7000
18068,130481.7000
18069,130481.7000
18070,130481.7000
18071,130481.7000
18072,130481.7000
18073,130481.7000
18074,130481.7000
18075,130481.7000
18076,130481.7000
18077,130481.7000
18078,130481.7000
18079,130481.7000
18080,130481.7000
18081,130481.7000
18082,130481.7000
18083,130481.7000
18084,130481.7000
18085,130481.7000
18086,130481.7000
18087,130481.7000
18088,130481.7000
18089,130481.7000
18090,130481.7000
18091,130481.7000
18092,130481.7000
18093,130481.7000
18094,130481.7000
18095,130481.7000
18096,130481.7000
18097,130481.7000
18098,130481.7000
18099,130481.7000
18100,130481.7000
18101,130481.7000
18102,130481.7000
18103,130481.7000
18104,130481.7000
18105,130481.7000
18106,130481.7000
18107,130481.7000
18108,130481.7000
18109,130481.7000
18110,130481.7000
18111,130481.7000
18112,130481.7000
18113,130481.7000
18114,130481.7000
18115,130481.7000
18116,130481.7000
18117,130481.7000
18118,130481.7000
18119,130481.7000
18120,130481.7000
18121,130481.7000
18122,130481.7000
18123,130481.7000
18124,130481.7000
18125,130481.7000
18126,130481.7000
18127,130481.7000
18128,130481.7000
18129,130481.7000
18130,130481.7000
18131,130481.7000
18132,130481.7000
18133,130481.7000
18134,130481.7000
18135,130481.7000
18136,130481.7000
18137,130481.7000
18138,130481.7000
18139,130481.7000
18140,130481.7000
18141,130481.7000
18142,130481.7000
18143,130481.7000
18144,130481.7000
18145,130481.7000
18146,130481.7000
18147,130481.7000
18148,130481.7000
18149,130481.7000
18150,130481.7000
18151,130481.7000
18152,130481.7000
18153,130481.7000
18154,130481.7000
18155,130481.7000
18156,130481.7000
18157,130481.7000
18158,130481.7000
18159,130481.7000
18160,130481.7000
18161,130481.7000
18162,130481.7000
18163,130481.7000
18164,130481.7000
18165,130481.7000
18166,130481.7000
18167,130481.7000
18168,130481.7000
18169,130481.7000
18170,130481.7000
18171,130481.7000
18172,130481.7000
18173,130481.7000
18174,130481.7000
18175,130481.7000
18176,130481.7000
18177,130481.7000
18178,130481.7000
18179,130481.7000
18180,130481.7000
18181,130481.7000
18182,130481.7000
18183,130481.7000
18184,130481.7000
18185,130481.7000
18186,130481.7000
18187,130481.7000
18188,130481.7000
18189,130481.7000
18190,130481.7000
18191,130481.7000
18192,130481.7000
18193,130481.7000
18194,130481.7000
18195,130481.7000
18196,130481.7000
18197,130481.7000
18198,130481.7000
18199,130481.7000
18200,130481.7000
18201,130481.7000
18202,130481.7000
18203,130481.7000
18204,130481.7000
18205,130481.7000
18206,130481.7000
18207,130481.7000
18208,130481.7000
18209,130481.7000
18210,130481.7000
18211,130481.7000
18212,130481.7000
18213,130481.7000
18214,130481.7000
18215,130481.7000
18216,130481.7000
18217,130481.7000
18218,130481.7000
18219,130481.7000
18220,130481.7000
18221,130481.7000
18222,130481.7000
18223,130481.7000
18224,130481.7000
18225,130481.7000
18226,130481.7000
18227,130481.7000
18228,130481.7000
18229,130481.7000
18230,130481.7000
18231,130481.7000
18232,130481.7000
18233,130481.7000
18234,130481.7000
18235,130481.7000
18236,130481.7000
18237,130481.7000
18238,130481.7000
18239,130481.7000
18240,130481.7000
18241,130481.7000
18242,130481.7000
18243,130481.7000
18244,130481.7000
18245,130481.7000
18246,130481.7000
18247,130481.7000
18248,130481.7000
18249,130481.7000
18250,130481.7000
18251,130481.7000
18252,130481.7000
18253,130481.7000
18254,130481.7000
18255,130481.7000
18256,130481.7000
18257,130481.7000
18258,130481.7000
18259,130481.7000
18260,130481.7000
18261,130481.7000
18262,130481.7000
18263,130481.7000
18264,130481.7000
18265,130481.7000
18266,130481.7000
18267,130481.7000
18268,130481.7000
18269,130481.7000
18270,130481.7000
18271,130481.7000
18272,130481.7000
18273,130481.7000
18274,130481.7000
18275,130481.7000
18276,130481.7000
18277,130481.7000
18278,130481.7000
18279,130481.7000
18280,130481.7000
18281,130481.7000
18282,130481.7000
18283,130481.7000
18284,130481.7000
18285,130481.7000
18286,130481.7000
18287,130481.7000
18288,130481.7000
18289,130481.7000
18290,130481.7000
18291,130481.7000
18292,130481.7000
18293,130481.7000
18294,130481.7000
18295,130481.7000
18296,130481.7000
18297,130481.7000
18298,130481.7000
18299,130481.7000
18300,130481.7000
18301,130481.7000
18302,130481.7000
18303,130481.7000
18304,130481.7000
18305,130481.7000
18306,130481.7000
18307,130481.7000
18308,130481.7000
18309,130481.7000
18310,130481.7000
18311,130481.7000
18312,130481.7000
18313,130481.7000
18314,130481.7000
18315,130481.7000
18316,130481.7000
18317,130481.7000
18318,130481.7000
18319,130481.7000
18320,130481.7000
18321,130481.7000
18322,130481.7000
18323,130481.7000
18324,130481.7000
18325,130481.7000
18326,130481.7000
18327,130481.7000
18328,130481.7000
18329,130481.7000
18330,130481.7000
18331,130481.7000
18332,130481.7000
18333,130481.7000
18334,130481.7000
18335,130481.7000
18336,130481.7000
18337,130481.7000
18338,130481.7000
18339,130481.7000
18340,130481.7000
18341,130481.7000
18342,130481.7000
18343,130481.7000
18344,130481.7000
18345,130481.7000
18346,130481.7000
18347,130481.7000
18348,130481.7000
18349,130481.7000
18350,130481.7000
18351,130481.7000
18352,130481.7000
18353,130481.7000
18354,130481.7000
18355,130481.7000
18356,130481.7000
18357,130481.7000
18358,130481.7000
18359,130481.7000
18360,130481.7000
18361,130481.7000
18362,130481.7000
18363,130481.7000
18364,130481.7000
18365,130481.7000
18366,130481.7000
18367,130481.7000
18368,130481.7000
18369,130481.7000
18370,130481.7000
18371,130481.7000
18372,130481.7000
18373,130481.7000
18374,130481.7000
18375,130481.7000
18376,130481.7000
18377,130481.7000
18378,130481.7000
18379,130481.7000
18380,130481.7000
18381,130481.7000
18382,130481.7000
18383,130481.7000
18384,130481.7000
18385,130481.7000
18386,130481.7000
18387,130481.7000
18388,130481.7000
18389,130481.7000
18390,130481.7000
18391,130481.7000
18392,130481.7000
18393,130481.7000
18394,130481.7000
18395,130481.7000
18396,130481.7000
18397,130481.7000
18398,130481.7000
18399,130481.7000
18400,130481.7000
18401,130481.7000
18402,130481.7000
18403,130481.7000
18404,130481.7000
18405,130481.7000
18406,130481.7000
18407,130481.7000
18408,130481.7000
18409,130481.7000
18410,130481.7000
18411,130481.7000
18412,130481.7000
18413,130481.7000
18414,130481.7000
18415,130481.7000
18416,130481.7000
18417,130481.7000
18418,130481.7000
18419,130481.7000
18420,130481.7000
18421,130481.7000
18422,130481.7000
18423,130481.7000
18424,130481.7000
18425,130481.7000
18426,130481.7000
18427,130481.7000
18428,130481.7000
18429,130481.7000
18430,130481.7000
18431,130481.7000
18432,130481.7000
18433,130481.7000
18434,130481.7000
18435,130481.7000
18436,130481.7000
18437,130481.7000
18438,130481.7000
18439,130481.7000
18440,130481.7000
18441,130481.7000
18442,130481.7000
18443,130481.7000
18444,130481.7000
18445,130481.7000
18446,130481.7000
18447,130481.7000
18448,130481.7000
18449,130481.7000
18450,130481.7000
18451,130481.7000
18452,130481.7000
18453,130481.7000
18454,130481.7000
18455,130481.7000
18456,130481.7000
18457,130481.7000
18458,130481.7000
18459,130481.7000
18460,130481.7000
18461,130481.7000
18462,130481.7000
18463,130481.7000
18464,130481.7000
18465,130481.7000
18466,130481.7000
18467,130481.7000
18468,130481.7000
18469,130481.7000
18470,130481.7000
18471,130481.7000
18472,130481.7000
18473,130481.7000
18474,130481.7000
18475,130481.7000
18476,130481.7000
18477,130481.7000
18478,130481.7000
18479,130481.7000
18480,130481.7000
18481,130481.7000
18482,130481.7000
18483,130481.7000
18484,130481.7000
18485,130481.7000
18486,130481.7000
18487,130481.7000
18488,130481.7000
18489,130481.7000
18490,130481.7000
18491,130481.7000
18492,130481.7000
18493,130481.7000
18494,130481.7000
18495,130481.7000
18496,130481.7000
18497,130481.7000
18498,130481.7000
18499,130481.7000
18500,130481.7000
18501,130481.7000
18502,130481.7000
18503,130481.7000
18504,130481.7000
18505,130481.7000
18506,130481.7000
18507,130481.7000
18508,130481.7000
18509,130481.7000
18510,130481.7000
18511,130481.7000
18512,130481.7000
18513,130481.7000
18514,130481.7000
18515,130481.7000
18516,130481.7000
18517,130481.7000
18518,130481.7000
18519,130481.7000
18520,130481.7000
18521,130481.7000
18522,130481.7000
18523,130481.7000
18524,130481.7000
18525,130481.7000
18526,130481.7000
18527,130481.7000
18528,130481.7000
18529,130481.7000
18530,130481.7000
18531,130481.7000
18532,130481.7000
18533,130481.7000
18534,130481.7000
18535,130481.7000
18536,130481.7000
18537,130481.7000
18538,130481.7000
18539,130481.7000
18540,130481.7000
18541,130481.7000
18542,130481.7000
18543,130481.7000
18544,130481.7000
18545,130481.7000
18546,130481.7000
18547,130481.7000
18548,130481.7000
18549,130481.7000
18550,130481.7000
18551,130481.7000
18552,130481.7000
18553,130481.7000
18554,130481.7000
18555,130481.7000
18556,130481.7000
18557,130481.7000
18558,130481.7000
18559,130481.7000
18560,130481.7000
18561,130481.7000
18562,130481.7000
18563,130481.7000
18564,130481.7000
18565,130481.7000
18566,130481.7000
18567,130481.7000
18568,130481.7000
18569,130481.7000
18570,130481.7000
18571,130481.7000
18572,130481.7000
18573,130481.7000
18574,130481.7000
18575,130481.7000
18576,130481.7000
18577,130481.7000
18578,130481.7000
18579,130481.7000
18580,130481.7000
18581,130481.7000
18582,130481.7000
18583,130481.7000
18584,130481.7000
18585,130481.7000
18586,130481.7000
18587,130481.7000
18588,130481.7000
18589,130481.7000
18590,130481.7000
18591,130481.7000
18592,130481.7000
18593,130481.7000
18594,130481.7000
18595,130481.7000
18596,130481.7000
18597,130481.7000
18598,130481.7000
18599,130481.7000
18600,130481.7000
18601,130481.7000
18602,130481.7000
18603,130481.7000
18604,130481.7000
18605,130481.7000
18606,130481.7000
18607,130481.7000
18608,130481.7000
18609,130481.7000
18610,130481.7000
18611,130481.7000
18612,130481.7000
18613,130481.7000
18614,130481.7000
18615,130481.7000
18616,130481.7000
18617,130481.7000
18618,130481.7000
18619,130481.7000
18620,130481.7000
18621,130481.7000
18622,130481.7000
18623,130481.7000
18624,130481.7000
18625,130481.7000
18626,130481.7000
18627,130481.7000
18628,130481.7000
18629,130481.7000
18630,130481.7000
18631,130481.7000
18632,130481.7000
18633,130481.7000
18634,130481.7000
18635,130481.7000
18636,130481.7000
18637,130481.7000
18638,130481.7000
18639,130481.7000
18640,130481.7000
18641,130481.7000
18642,130481.7000
18643,130481.7000
18644,130481.7000
18645,130481.7000
18646,130481.7000
18647,130481.7000
18648,130481.7000
18649,130481.7000
18650,130481.7000
18651,130481.7000
18652,130481.7000
18653,130481.7000
18654,130481.7000
18655,130481.7000
18656,130481.7000
18657,130481.7000
18658,130481.7000
18659,130481.7000
18660,130481.7000
18661,130481.7000
18662,130481.7000
18663,130481.7000
18664,130481.7000
18665,130481.7000
18666,130481.7000
18667,130481.7000
18668,130481.7000
18669,130481.7000
18670,130481.7000
18671,130481.7000
18672,130481.7000
18673,130481.7000
18674,130481.7000
18675,130481.7000
18676,130481.7000
18677,130481.7000
18678,130481.7000
18679,130481.7000
18680,130481.7000
18681,130481.7000
18682,130481.7000
18683,130481.7000
18684,130481.7000
18685,130481.7000
18686,130481.7000
18687,130481.7000
18688,130481.7000
18689,130481.7000
18690,130481.7000
18691,130481.7000
18692,130481.7000
18693,130481.7000
18694,130481.7000
18695,130481.7000
18696,130481.7000
18697,130481.7000
18698,130481.7000
18699,130481.7000
18700,130481.7000
18701,130481.7000
18702,130481.7000
18703,130481.7000
18704,130481.7000
18705,130481.7000
18706,130481.7000
18707,130481.7000
18708,130481.7000
18709,130481.7000
18710,130481.7000
18711,130481.7000
18712,130481.7000
18713,130481.7000
18714,130481.7000
18715,130481.7000
18716,130481.7000
18717,130481.7000
18718,130481.7000
18719,130481.7000
18720,130481.7000
18721,130481.7000
18722,130481.7000
18723,130481.7000
18724,130481.7000
18725,130481.7000
18726,130481.7000
18727,130481.7000
18728,130481.7000
18729,130481.7000
18730,130481.7000
18731,130481.7000
18732,130481.7000
18733,130481.7000
18734,130481.7000
18735,130481.7000
18736,130481.7000
18737,130481.7000
18738,130481.7000
18739,130481.7000
18740,130481.7000
18741,130481.7000
18742,130481.7000
18743,130481.7000
18744,130481.7000
18745,130481.7000
18746,130481.7000
18747,130481.7000
18748,130481.7000
18749,130481.7000
18750,130481.7000
18751,130481.7000
18752,130481.7000
18753,130481.7000
18754,130481.7000
18755,130481.7000
18756,130481.7000
18757,130481.7000
18758,130481.7000
18759,130481.7000
18760,130481.7000
18761,130481.7000
18762,130481.7000
18763,130481.7000
18764,130481.7000
18765,130481.7000
18766,130481.7000
18767,130481.7000
18768,130481.7000
18769,130481.7000
18770,130481.7000
18771,130481.7000
18772,130481.7000
18773,130481.7000
18774,130481.7000
18775,130481.7000
18776,130481.7000
18777,130481.7000
18778,130481.7000
18779,130481.7000
18780,130481.7000
18781,130481.7000
18782,130481.7000
18783,130481.7000
18784,130481.7000
18785,130481.7000
18786,130481.7000
18787,130481.7000
18788,130481.7000
18789,130481.7000
18790,130481.7000
18791,130481.7000
18792,130481.7000
18793,130481.7000
18794,130481.7000
18795,130481.7000
18796,130481.7000
18797,130481.7000
18798,130481.7000
18799,130481.7000
18800,130481.7000
18801,130481.7000
18802,130481.7000
18803,130481.7000
18804,130481.7000
18805,130481.7000
18806,130481.7000
18807,130481.7000
18808,130481.7000
18809,130481.7000
18810,130481.7000
18811,130481.7000
18812,130481.7000
18813,130481.7000
18814,130481.7000
18815,130481.7000
18816,130481.7000
18817,130481.7000
18818,130481.7000
18819,130481.7000
18820,130481.7000
18821,130481.7000
18822,130481.7000
18823,130481.7000
18824,130481.7000
18825,130481.7000
18826,130481.7000
18827,130481.7000
18828,130481.7000
18829,130481.7000
18830,130481.7000
18831,130481.7000
18832,130481.7000
18833,130481.7000
18834,130481.7000
18835,130481.7000
18836,130481.7000
18837,130481.7000
18838,130481.7000
18839,130481.7000
18840,130481.7000
18841,130481.7000
18842,130481.7000
18843,130481.7000
18844,130481.7000
18845,130481.7000
18846,130481.7000
18847,130481.7000
18848,130481.7000
18849,130481.7000
18850,130481.7000
18851,130481.7000
18852,130481.7000
18853,130481.7000
18854,130481.7000
18855,130481.7000
18856,130481.7000
18857,130481.7000
18858,130481.7000
18859,130481.7000
18860,130481.7000
18861,130481.7000
18862,130481.7000
18863,130481.7000
18864,130481.7000
18865,130481.7000
18866,130481.7000
18867,130481.7000
18868,130481.7000
18869,130481.7000
18870,130481.7000
18871,130481.7000
18872,130481.7000
18873,130481.7000
18874,130481.7000
18875,130481.7000
18876,130481.7000
18877,130481.7000
18878,130481.7000
18879,130481.7000
18880,130481.7000
18881,130481.7000
18882,130481.7000
18883,130481.7000
18884,130481.7000
18885,130481.7000
18886,130481.7000
18887,130481.7000
18888,130481.7000
18889,130481.7000
18890,130481.7000
18891,130481.7000
18892,130481.7000
18893,130481.7000
18894,130481.7000
18895,130481.7000
18896,130481.7000
18897,130481.7000
18898,130481.7000
18899,130481.7000
18900,130481.7000
18901,130481.7000
18902,130481.7000
18903,130481.7000
18904,130481.7000
18905,130481.7000
18906,130481.7000
18907,130481.7000
18908,130481.7000
18909,130481.7000
18910,130481.7000
18911,130481.7000
18912,130481.7000
18913,130481.7000
18914,130481.7000
18915,130481.7000
18916,130481.7000
18917,130481.7000
18918,130481.7000
18919,130481.7000
18920,130481.7000
18921,130481.7000
18922,130481.7000
18923,130481.7000
18924,130481.7000
18925,130481.7000
18926,130481.7000
18927,130481.7000
18928,130481.7000
18929,130481.7000
18930,130481.7000
18931,130481.7000
18932,130481.7000
18933,130481.7000
18934,130481.7000
18935,130481.7000
18936,130481.7000
18937,130481.7000
18938,130481.7000
18939,130481.7000
18940,130481.7000
18941,130481.7000
18942,130481.7000
18943,130481.7000
18944,130481.7000
18945,130481.7000
18946,130481.7000
18947,130481.7000
18948,130481.7000
18949,130481.7000
18950,130481.7000
18951,130481.7000
18952,130481.7000
18953,130481.7000
18954,130481.7000
18955,130481.7000
18956,130481.7000
18957,130481.7000
18958,130481.7000
18959,130481.7000
18960,130481.7000
18961,130481.7000
18962,130481.7000
18963,130481.7000
18964,130481.7000
18965,130481.7000
18966,130481.7000
18967,130481.7000
18968,130481.7000
18969,130481.7000
18970,130481.7000
18971,130481.7000
18972,130481.7000
18973,130481.7000
18974,130481.7000
18975,130481.7000
18976,130481.7000
18977,130481.7000
18978,130481.7000
18979,130481.7000
18980,130481.7000
18981,130481.7000
18982,130481.7000
18983,130481.7000
18984,130481.7000
18985,130481.7000
18986,130481.7000
18987,130481.7000
18988,130481.7000
18989,130481.7000
18990,130481.7000
18991,130481.7000
18992,130481.7000
18993,130481.7000
18994,130481.7000
18995,130481.7000
18996,130481.7000
18997,130481.7000
18998,130481.7000
18999,130481.7000
19000,130481.7000
19001,130481.7000
19002,130481.7000
19003,130481.7000
19004,130481.7000
19005,130481.7000
19006,130481.7000
19007,130481.7000
19008,130481.7000
19009,130481.7000
19010,130481.7000
19011,130481.7000
19012,130481.7000
19013,130481.7000
19014,130481.7000
19015,130481.7000
19016,130481.7000
19017,130481.7000
19018,130481.7000
19019,130481.7000
19020,130481.7000
19021,130481.7000
19022,130481.7000
19023,130481.7000
19024,130481.7000
19025,130481.7000
19026,130481.7000
19027,130481.7000
19028,130481.7000
19029,130481.7000
19030,130481.7000
19031,130481.7000
19032,130481.7000
19033,130481.7000
19034,130481.7000
19035,130481.7000
19036,130481.7000
19037,130481.7000
19038,130481.7000
19039,130481.7000
19040,130481.7000
19041,130481.7000
19042,130481.7000
19043,130481.7000
19044,130481.7000
19045,130481.7000
19046,130481.7000
19047,130481.7000
19048,130481.7000
19049,130481.7000
19050,130481.7000
19051,130481.7000
19052,130481.7000
19053,130481.7000
19054,130481.7000
19055,130481.7000
19056,130481.7000
19057,130481.7000
19058,130481.7000
19059,130481.7000
19060,130481.7000
19061,130481.7000
19062,130481.7000
19063,130481.7000
19064,130481.7000
19065,130481.7000
19066,130481.7000
19067,130481.7000
19068,130481.7000
19069,130481.7000
19070,130481.7000
19071,130481.7000
19072,130481.7000
19073,130481.7000
19074,130481.7000
19075,130481.7000
19076,130481.7000
19077,130481.7000
19078,130481.7000
19079,130481.7000
19080,130481.7000
19081,130481.7000
19082,130481.7000
19083,130481.7000
19084,130481.7000
19085,130481.7000
19086,130481.7000
19087,130481.7000
19088,130481.7000
19089,130481.7000
19090,130481.7000
19091,130481.7000
19092,130481.7000
19093,130481.7000
19094,130481.7000
19095,130481.7000
19096,130481.7000
19097,130481.7000
19098,130481.7000
19099,130481.7000
19100,130481.7000
19101,130481.7000
19102,130481.7000
19103,130481.7000
19104,130481.7000
19105,130481.7000
19106,130481.7000
19107,130481.7000
19108,130481.7000
19109,130481.7000
19110,130481.7000
19111,130481.7000
19112,130481.7000
19113,130481.7000
19114,130481.7000
19115,130481.7000
19116,130481.7000
19117,130481.7000
19118,130481.7000
19119,130481.7000
19120,130481.7000
19121,130481.7000
19122,130481.7000
19123,130481.7000
19124,130481.7000
19125,130481.7000
19126,130481.7000
19127,130481.7000
19128,130481.7000
19129,130481.7000
19130,130481.7000
19131,130481.7000
19132,130481.7000
19133,130481.7000
19134,130481.7000
19135,130481.7000
19136,130481.7000
19137,130481.7000
19138,130481.7000
19139,130481.7000
19140,130481.7000
19141,130481.7000
19142,130481.7000
19143,130481.7000
19144,130481.7000
19145,130481.7000
19146,130481.7000
19147,130481.7000
19148,130481.7000
19149,130481.7000
19150,130481.7000
19151,130481.7000
19152,130481.7000
19153,130481.7000
19154,130481.7000
19155,130481.7000
19156,130481.7000
19157,130481.7000
19158,130481.7000
19159,130481.7000
19160,130481.7000
19161,130481.7000
19162,130481.7000
19163,130481.7000
19164,130481.7000
19165,130481.7000
19166,130481.7000
19167,130481.7000
19168,130481.7000
19169,130481.7000
19170,130481.7000
19171,130481.7000
19172,130481.7000
19173,130481.7000
19174,130481.7000
19175,130481.7000
19176,130481.7000
19177,130481.7000
19178,130481.7000
19179,130481.7000
19180,130481.7000
19181,130481.7000
19182,130481.7000
19183,130481.7000
19184,130481.7000
19185,130481.7000
19186,130481.7000
19187,130481.7000
19188,130481.7000
19189,130481.7000
19190,130481.7000
19191,130481.7000
19192,130481.7000
19193,130481.7000
19194,130481.7000
19195,130481.7000
19196,130481.7000
19197,130481.7000
19198,130481.7000
19199,130481.7000
19200,130481.7000
19201,130481.7000
19202,130481.7000
19203,130481.7000
19204,130481.7000
19205,130481.7000
19206,130481.7000
19207,130481.7000
19208,130481.7000
19209,130481.7000
19210,130481.7000
19211,130481.7000
19212,130481.7000
19213,130481.7000
19214,130481.7000
19215,130481.7000
19216,130481.7000
19217,130481.7000
19218,130481.7000
19219,130481.7000
19220,130481.7000
19221,130481.7000
19222,130481.7000
19223,130481.7000
19224,130481.7000
19225,130481.7000
19226,130481.7000
19227,130481.7000
19228,130481.7000
19229,130481.7000
19230,130481.7000
19231,130481.7000
19232,130481.7000
19233,130481.7000
19234,130481.7000
19235,130481.7000
19236,130481.7000
19237,130481.7000
19238,130481.7000
19239,130481.7000
19240,130481.7000
19241,130481.7000
19242,130481.7000
19243,130481.7000
19244,130481.7000
19245,130481.7000
19246,130481.7000
19247,130481.7000
19248,130481.7000
19249,130481.7000
19250,130481.7000
19251,130481.7000
19252,130481.7000
19253,130481.7000
19254,130481.7000
19255,130481.7000
19256,130481.7000
19257,130481.7000
19258,130481.7000
19259,130481.7000
19260,130481.7000
19261,130481.7000
19262,130481.7000
19263,130481.7000
19264,130481.7000
19265,130481.7000
19266,130481.7000
19267,130481.7000
19268,130481.7000
19269,130481.7000
19270,130481.7000
19271,130481.7000
19272,130481.7000
19273,130481.7000
19274,130481.7000
19275,130481.7000
19276,130481.7000
19277,130481.7000
19278,130481.7000
19279,130481.7000
19280,130481.7000
19281,130481.7000
19282,130481.7000
19283,130481.7000
19284,130481.7000
19285,130481.7000
19286,130481.7000
19287,130481.7000
19288,130481.7000
19289,130481.7000
19290,130481.7000
19291,130481.7000
19292,130481.7000
19293,130481.7000
19294,130481.7000
19295,130481.7000
19296,130481.7000
19297,130481.7000
19298,130481.7000
19299,130481.7000
19300,130481.7000
19301,130481.7000
19302,130481.7000
19303,130481.7000
19304,130481.7000
19305,130481.7000
19306,130481.7000
19307,130481.7000
19308,130481.7000
19309,130481.7000
19310,130481.7000
19311,130481.7000
19312,130481.7000
19313,130481.7000
19314,130481.7000
19315,130481.7000
19316,130481.7000
19317,130481.7000
19318,130481.7000
19319,130481.7000
19320,130481.7000
19321,130481.7000
19322,130481.7000
19323,130481.7000
19324,130481.7000
19325,130481.7000
19326,130481.7000
19327,130481.7000
19328,130481.7000
19329,130481.7000
19330,130481.7000
19331,130481.7000
19332,130481.7000
19333,130481.7000
19334,130481.7000
19335,130481.7000
19336,130481.7000
19337,130481.7000
19338,130481.7000
19339,130481.7000
19340,130481.7000
19341,130481.7000
19342,130481.7000
19343,130481.7000
19344,130481.7000
19345,130481.7000
19346,130481.7000
19347,130481.7000
19348,130481.7000
19349,130481.7000
19350,130481.7000
19351,130481.7000
19352,130481.7000
19353,130481.7000
19354,130481.7000
19355,130481.7000
19356,130481.7000
19357,130481.7000
19358,130481.7000
19359,130481.7000
19360,130481.7000
19361,130481.7000
19362,130481.7000
19363,130481.7000
19364,130481.7000
19365,130481.7000
19366,130481.7000
19367,130481.7000
19368,130481.7000
19369,130481.7000
19370,130481.7000
19371,130481.7000
19372,130481.7000
19373,130481.7000
19374,130481.7000
19375,130481.7000
19376,130481.7000
19377,130481.7000
19378,130481.7000
19379,130481.7000
19380,130481.7000
19381,130481.7000
19382,130481.7000
19383,130481.7000
19384,130481.7000
19385,130481.7000
19386,130481.7000
19387,130481.7000
19388,130481.7000
19389,130481.7000
19390,130481.7000
19391,130481.7000
19392,130481.7000
19393,130481.7000
19394,130481.7000
19395,130481.7000
19396,130481.7000
19397,130481.7000
19398,130481.7000
19399,130481.7000
19400,130481.7000
19401,130481.7000
19402,130481.7000
19403,130481.7000
19404,130481.7000
19405,130481.7000
19406,130481.7000
19407,130481.7000
19408,130481.7000
19409,130481.7000
19410,130481.7000
19411,130481.7000
19412,130481.7000
19413,130481.7000
19414,130481.7000
19415,130481.7000
19416,130481.7000
19417,130481.7000
19418,130481.7000
19419,130481.7000
19420,130481.7000
19421,130481.7000
19422,130481.7000
19423,130481.7000
19424,130481.7000
19425,130481.7000
19426,130481.7000
19427,130481.7000
19428,130481.7000
19429,130481.7000
19430,130481.7000
19431,130481.7000
19432,130481.7000
19433,130481.7000
19434,130481.7000
19435,130481.7000
19436,130481.7000
19437,130481.7000
19438,130481.7000
19439,130481.7000
19440,130481.7000
19441,130481.7000
19442,130481.7000
19443,130481.7000
19444,130481.7000
19445,130481.7000
19446,130481.7000
19447,130481.7000
19448,130481.7000
19449,130481.7000
19450,130481.7000
19451,130481.7000
19452,130481.7000
19453,130481.7000
19454,130481.7000
19455,130481.7000
19456,130481.7000
19457,130481.7000
19458,130481.7000
19459,130481.7000
19460,130481.7000
19461,130481.7000
19462,130481.7000
19463,130481.7000
19464,130481.7000
19465,130481.7000
19466,130481.7000
19467,130481.7000
19468,130481.7000
19469,130481.7000
19470,130481.7000
19471,130481.7000
19472,130481.7000
19473,130481.7000
19474,130481.7000
19475,130481.7000
19476,130481.7000
19477,130481.7000
19478,130481.7000
19479,130481.7000
19480,130481.7000
19481,130481.7000
19482,130481.7000
19483,130481.7000
19484,130481.7000
19485,130481.7000
19486,130481.7000
19487,130481.7000
19488,130481.7000
19489,130481.7000
19490,130481.7000
19491,130481.7000
19492,130481.7000
19493,130481.7000
19494,130481.7000
19495,130481.7000
19496,130481.7000
19497,130481.7000
19498,130481.7000
19499,130481.7000
19500,130481.7000
19501,130481.7000
19502,130481.7000
19503,130481.7000
19504,130481.7000
19505,130481.7000
19506,130481.7000
19507,130481.7000
19508,130481.7000
19509,130481.7000
19510,130481.7000
19511,130481.7000
19512,130481.7000
19513,130481.7000
19514,130481.7000
19515,130481.7000
19516,130481.7000
19517,130481.7000
19518,130481.7000
19519,130481.7000
19520,130481.7000
19521,130481.7000
19522,130481.7000
19523,130481.7000
19524,130481.7000
19525,130481.7000
19526,130481.7000
19527,130481.7000
19528,130481.7000
19529,130481.7000
19530,130481.7000
19531,130481.7000
19532,130481.7000
19533,130481.7000
19534,130481.7000
19535,130481.7000
19536,130481.7000
19537,130481.7000
19538,130481.7000
19539,130481.7000
19540,130481.7000
19541,130481.7000
19542,130481.7000
19543,130481.7000
19544,130481.7000
19545,130481.7000
19546,130481.7000
19547,130481.7000
19548,130481.7000
19549,130481.7000
19550,130481.7000
19551,130481.7000
19552,130481.7000
19553,130481.7000
19554,130481.7000
19555,130481.7000
19556,130481.7000
19557,130481.7000
19558,130481.7000
19559,130481.7000
19560,130481.7000
19561,130481.7000
19562,130481.7000
19563,130481.7000
19564,130481.7000
19565,130481.7000
19566,130481.7000
19567,130481.7000
19568,130481.7000
19569,130481.7000
19570,130481.7000
19571,130481.7000
19572,130481.7000
19573,130481.7000
19574,130481.7000
19575,130481.7000
19576,130481.7000
19577,130481.7000
19578,130481.7000
19579,130481.7000
19580,130481.7000
19581,130481.7000
19582,130481.7000
19583,130481.7000
19584,130481.7000
19585,130481.7000
19586,130481.7000
19587,130481.7000
19588,130481.7000
19589,130481.7000
19590,130481.7000
19591,130481.7000
19592,130481.7000
19593,130481.7000
19594,130481.7000
19595,130481.7000
19596,130481.7000
19597,130481.7000
19598,130481.7000
19599,130481.7000
19600,130481.7000
19601,130481.7000
19602,130481.7000
19603,130481.7000
19604,130481.7000
19605,130481.7000
19606,130481.7000
19607,130481.7000
19608,130481.7000
19609,130481.7000
19610,130481.7000
19611,130481.7000
19612,130481.7000
19613,130481.7000
19614,130481.7000
19615,130481.7000
19616,130481.7000
19617,130481.7000
19618,130481.7000
19619,130481.7000
19620,130481.7000
19621,130481.7000
19622,130481.7000
19623,130481.7000
19624,130481.7000
19625,130481.7000
19626,130481.7000
19627,130481.7000
19628,130481.7000
19629,130481.7000
19630,130481.7000
19631,130481.7000
19632,130481.7000
19633,130481.7000
19634,130481.7000
19635,130481.7000
19636,130481.7000
19637,130481.7000
19638,130481.7000
19639,130481.7000
19640,130481.7000
19641,130481.7000
19642,130481.7000
19643,130481.7000
19644,130481.7000
19645,130481.7000
19646,130481.7000
19647,130481.7000
19648,130481.7000
19649,130481.7000
19650,130481.7000
19651,130481.7000
19652,130481.7000
19653,130481.7000
19654,130481.7000
19655,130481.7000
19656,130481.7000
19657,130481.7000
19658,130481.7000
19659,130481.7000
19660,130481.7000
19661,130481.7000
19662,130481.7000
19663,130481.7000
19664,130481.7000
19665,130481.7000
19666,130481.7000
19667,130481.7000
19668,130481.7000
19669,130481.7000
19670,130481.7000
19671,130481.7000
19672,130481.7000
19673,130481.7000
19674,130481.7000
19675,130481.7000
19676,130481.7000
19677,130481.7000
19678,130481.7000
19679,130481.7000
19680,130481.7000
19681,130481.7000
19682,130481.7000
19683,130481.7000
19684,130481.7000
19685,130481.7000
19686,130481.7000
19687,130481.7000
19688,130481.7000
19689,130481.7000
19690,130481.7000
19691,130481.7000
19692,130481.7000
19693,130481.7000
19694,130481.7000
19695,130481.7000
19696,130481.7000
19697,130481.7000
19698,130481.7000
19699,130481.7000
19700,130481.7000
19701,130481.7000
19702,130481.7000
19703,130481.7000
19704,130481.7000
19705,130481.7000
19706,130481.7000
19707,130481.7000
19708,130481.7000
19709,130481.7000
19710,130481.7000
19711,130481.7000
19712,130481.7000
19713,130481.7000
19714,130481.7000
19715,130481.7000
19716,130481.7000
19717,130481.7000
19718,130481.7000
19719,130481.7000
19720,130481.7000
19721,130481.7000
19722,130481.7000
19723,130481.7000
19724,130481.7000
19725,130481.7000
19726,130481.7000
19727,130481.7000
19728,130481.7000
19729,130481.7000
19730,130481.7000
19731,130481.7000
19732,130481.7000
19733,130481.7000
19734,130481.7000
19735,130481.7000
19736,130481.7000
19737,130481.7000
19738,130481.7000
19739,130481.7000
19740,130481.7000
19741,130481.7000
19742,130481.7000
19743,130481.7000
19744,130481.7000
19745,130481.7000
19746,130481.7000
19747,130481.7000
19748,130481.7000
19749,130481.7000
19750,130481.7000
19751,130481.7000
19752,130481.7000
19753,130481.7000
19754,130481.7000
19755,130481.7000
19756,130481.7000
19757,130481.7000
19758,130481.7000
19759,130481.7000
19760,130481.7000
19761,130481.7000
19762,130481.7000
19763,130481.7000
19764,130481.7000
19765,130481.7000
19766,130481.7000
19767,130481.7000
19768,130481.7000
19769,130481.7000
19770,130481.7000
19771,130481.7000
19772,130481.7000
19773,130481.7000
19774,130481.7000
19775,130481.7000
19776,130481.7000
19777,130481.7000
19778,130481.7000
19779,130481.7000
19780,130481.7000
19781,130481.7000
19782,130481.7000
19783,130481.7000
19784,130481.7000
19785,130481.7000
19786,130481.7000
19787,130481.7000
19788,130481.7000
19789,130481.7000
19790,130481.7000
19791,130481.7000
19792,130481.7000
19793,130481.7000
19794,130481.7000
19795,130481.7000
19796,130481.7000
19797,130481.7000
19798,130481.7000
19799,130481.7000
19800,130481.7000
19801,130481.7000
19802,130481.7000
19803,130481.7000
19804,130481.7000
19805,130481.7000
19806,130481.7000
19807,130481.7000
19808,130481.7000
19809,130481.7000
19810,130481.7000
19811,130481.7000
19812,130481.7000
19813,130481.7000
19814,130481.7000
19815,130481.7000
19816,130481.7000
19817,130481.7000
19818,130481.7000
19819,130481.7000
19820,130481.7000
19821,130481.7000
19822,130481.7000
19823,130481.7000
19824,130481.7000
19825,130481.7000
19826,130481.7000
19827,130481.7000
19828,130481.7000
19829,130481.7000
19830,130481.7000
19831,130481.7000
19832,130481.7000
19833,130481.7000
19834,130481.7000
19835,130481.7000
19836,130481.7000
19837,130481.7000
19838,130481.7000
19839,130481.7000
19840,130481.7000
19841,130481.7000
19842,130481.7000
19843,130481.7000
19844,130481.7000
19845,130481.7000
19846,130481.7000
19847,130481.7000
19848,130481.7000
19849,130481.7000
19850,130481.7000
19851,130481.7000
19852,130481.7000
19853,130481.7000
19854,130481.7000
19855,130481.7000
19856,130481.7000
19857,130481.7000
19858,130481.7000
19859,130481.7000
19860,130481.7000
19861,130481.7000
19862,130481.7000
19863,130481.7000
19864,130481.7000
19865,130481.7000
19866,130481.7000
19867,130481.7000
19868,130481.7000
19869,130481.7000
19870,130481.7000
19871,130481.7000
19872,130481.7000
19873,130481.7000
19874,130481.7000
19875,130481.7000
19876,130481.7000
19877,130481.7000
19878,130481.7000
19879,130481.7000
19880,130481.7000
19881,130481.7000
19882,130481.7000
19883,130481.7000
19884,130481.7000
19885,130481.7000
19886,130481.7000
19887,130481.7000
19888,130481.7000
19889,130481.7000
19890,130481.7000
19891,130481.7000
19892,130481.7000
19893,130481.7000
19894,130481.7000
19895,130481.7000
19896,130481.7000
19897,130481.7000
19898,130481.7000
19899,130481.7000
19900,130481.7000
19901,130481.7000
19902,130481.7000
19903,130481.7000
19904,130481.7000
19905,130481.7000
19906,130481.7000
19907,130481.7000
19908,130481.7000
19909,130481.7000
19910,130481.7000
19911,130481.7000
19912,130481.7000
19913,130481.7000
19914,130481.7000
19915,130481.7000
19916,130481.7000
19917,130481.7000
19918,130481.7000
19919,130481.7000
19920,130481.7000
19921,130481.7000
19922,130481.7000
19923,130481.7000
19924,130481.7000
19925,130481.7000
19926,130481.7000
19927,130481.7000
19928,130481.7000
19929,130481.7000
19930,130481.7000
19931,130481.7000
19932,130481.7000
19933,130481.7000
19934,130481.7000
19935,130481.7000
19936,130481.7000
19937,130481.7000
19938,130481.7000
19939,130481.7000
19940,130481.7000
19941,130481.7000
19942,130481.7000
19943,130481.7000
19944,130481.7000
19945,130481.7000
19946,130481.7000
19947,130481.7000
19948,130481.7000
19949,130481.7000
19950,130481.7000
19951,130481.7000
19952,130481.7000
19953,130481.7000
19954,130481.7000
19955,130481.7000
19956,130481.7000
19957,130481.7000
19958,130481.7000
19959,130481.7000
19960,130481.7000
19961,130481.7000
19962,130481.7000
19963,130481.7000
19964,130481.7000
19965,130481.7000
19966,130481.7000
19967,130481.7000
19968,130481.7000
19969,130481.7000
19970,130481.7000
19971,130481.7000
19972,130481.7000
19973,130481.7000
19974,130481.7000
19975,130481.7000
19976,130481.7000
19977,130481.7000
19978,130481.7000
19979,130481.7000
19980,130481.7000
19981,130481.7000
19982,130481.7000
19983,130481.7000
19984,130481.7000
19985,130481.7000
19986,130481.7000
19987,130481.7000
19988,130481.7000
19989,130481.7000
19990,130481.7000
19991,130481.7000
19992,130481.7000
19993,130481.7000
19994,130481.7000
19995,130481.7000
19996,130481.7000
19997,130481.7000
19998,130481.7000
19999,130481.7000
20000,130481.7000
20001,130481.7000
20002,130481.7000
20003,130481.7000
20004,130481.7000
20005,130481.7000
20006,130481.7000
20007,130481.7000
20008,130481.7000
20009,130481.7000
20010,130481.7000
20011,130481.7000
20012,130481.7000
20013,130481.7000
20014,130481.7000
20015,130481.7000
20016,130481.7000
20017,130481.7000
20018,130481.7000
20019,130481.7000
20020,130481.7000
20021,130481.7000
20022,130481.7000
20023,130481.7000
20024,130481.7000
20025,130481.7000
20026,130481.7000
20027,130481.7000
20028,130481.7000
20029,130481.7000
20030,130481.7000
20031,130481.7000
20032,130481.7000
20033,130481.7000
20034,130481.7000
20035,130481.7000
20036,130481.7000
20037,130481.7000
20038,130481.7000
20039,130481.7000
20040,130481.7000
20041,130481.7000
20042,130481.7000
20043,130481.7000
20044,130481.7000
20045,130481.7000
20046,130481.7000
20047,130481.7000
20048,130481.7000
20049,130481.7000
20050,130481.7000
20051,130481.7000
20052,130481.7000
20053,130481.7000
20054,130481.7000
20055,130481.7000
20056,130481.7000
20057,130481.7000
20058,130481.7000
20059,130481.7000
20060,130481.7000
20061,130481.7000
20062,130481.7000
20063,130481.7000
20064,130481.7000
20065,130481.7000
20066,130481.7000
20067,130481.7000
20068,130481.7000
20069,130481.7000
20070,130481.7000
20071,130481.7000
20072,130481.7000
20073,130481.7000
20074,130481.7000
20075,130481.7000
20076,130481.7000
20077,130481.7000
20078,130481.7000
20079,130481.7000
20080,130481.7000
20081,130481.7000
20082,130481.7000
20083,130481.7000
20084,130481.7000
20085,130481.7000
20086,130481.7000
20087,130481.7000
20088,130481.7000
20089,130481.7000
20090,130481.7000
20091,130481.7000
20092,130481.7000
20093,130481.7000
20094,130481.7000
20095,130481.7000
20096,130481.7000
20097,130481.7000
20098,130481.7000
20099,130481.7000
20100,130481.7000
20101,130481.7000
20102,130481.7000
20103,130481.7000
20104,130481.7000
20105,130481.7000
20106,130481.7000
20107,130481.7000
20108,130481.7000
20109,130481.7000
20110,130481.7000
20111,130481.7000
20112,130481.7000
20113,130481.7000
20114,130481.7000
20115,130481.7000
20116,130481.7000
20117,130481.7000
20118,130481.7000
20119,130481.7000
20120,130481.7000
20121,130481.7000
20122,130481.7000
20123,130481.7000
20124,130481.7000
20125,130481.7000
20126,130481.7000
20127,130481.7000
20128,130481.7000
20129,130481.7000
20130,130481.7000
20131,130481.7000
20132,130481.7000
20133,130481.7000
20134,130481.7000
20135,130481.7000
20136,130481.7000
20137,130481.7000
20138,130481.7000
20139,130481.7000
20140,130481.7000
20141,130481.7000
20142,130481.7000
20143,130481.7000
20144,130481.7000
20145,130481.7000
20146,130481.7000
20147,130481.7000
20148,130481.7000
20149,130481.7000
20150,130481.7000
20151,130481.7000
20152,130481.7000
20153,130481.7000
20154,130481.7000
20155,130481.7000
20156,130481.7000
20157,130481.7000
20158,130481.7000
20159,130481.7000
20160,130481.7000
20161,130481.7000
20162,130481.7000
20163,130481.7000
20164,130481.7000
20165,130481.7000
20166,130481.7000
20167,130481.7000
20168,130481.7000
20169,130481.7000
20170,130481.7000
20171,130481.7000
20172,130481.7000
20173,130481.7000
20174,130481.7000
20175,130481.7000
20176,130481.7000
20177,130481.7000
20178,130481.7000
20179,130481.7000
20180,130481.7000
20181,130481.7000
20182,130481.7000
20183,130481.7000
20184,130481.7000
20185,130481.7000
20186,130481.7000
20187,130481.7000
20188,130481.7000
20189,130481.7000
20190,130481.7000
20191,130481.7000
20192,130481.7000
20193,130481.7000
20194,130481.7000
20195,130481.7000
20196,130481.7000
20197,130481.7000
20198,130481.7000
20199,130481.7000
20200,130481.7000
20201,130481.7000
20202,130481.7000
20203,130481.7000
20204,130481.7000
20205,130481.7000
20206,130481.7000
20207,130481.7000
20208,130481.7000
20209,130481.7000
20210,130481.7000
20211,130481.7000
20212,130481.7000
20213,130481.7000
20214,130481.7000
20215,130481.7000
20216,130481.7000
20217,130481.7000
20218,130481.7000
20219,130481.7000
20220,130481.7000
20221,130481.7000
20222,130481.7000
20223,130481.7000
20224,130481.7000
20225,130481.7000
20226,130481.7000
20227,130481.7000
20228,130481.7000
20229,130481.7000
20230,130481.7000
20231,130481.7000
20232,130481.7000
20233,130481.7000
20234,130481.7000
20235,130481.7000
20236,130481.7000
20237,130481.7000
20238,130481.7000
20239,130481.7000
20240,130481.7000
20241,130481.7000
20242,130481.7000
20243,130481.7000
20244,130481.7000
20245,130481.7000
20246,130481.7000
20247,130481.7000
20248,130481.7000
20249,130481.7000
20250,130481.7000
20251,130481.7000
20252,130481.7000
20253,130481.7000
20254,130481.7000
20255,130481.7000
20256,130481.7000
20257,130481.7000
20258,130481.7000
20259,130481.7000
20260,130481.7000
20261,130481.7000
20262,130481.7000
20263,130481.7000
20264,130481.7000
20265,130481.7000
20266,130481.7000
20267,130481.7000
20268,130481.7000
20269,130481.7000
20270,130481.7000
20271,130481.7000
20272,130481.7000
20273,130481.7000
20274,130481.7000
20275,130481.7000
20276,130481.7000
20277,130481.7000
20278,130481.7000
20279,130481.7000
20280,130481.7000
20281,130481.7000
20282,130481.7000
20283,130481.7000
20284,130481.7000
20285,130481.7000
20286,130481.7000
20287,130481.7000
20288,130481.7000
20289,130481.7000
20290,130481.7000
20291,130481.7000
20292,130481.7000
20293,130481.7000
20294,130481.7000
20295,130481.7000
20296,130481.7000
20297,130481.7000
20298,130481.7000
20299,130481.7000
20300,130481.7000
20301,130481.7000
20302,130481.7000
20303,130481.7000
20304,130481.7000
20305,130481.7000
20306,130481.7000
20307,130481.7000
20308,130481.7000
20309,130481.7000
20310,130481.7000
20311,130481.7000
20312,130481.7000
20313,130481.7000
20314,130481.7000
20315,130481.7000
20316,130481.7000
20317,130481.7000
20318,130481.7000
20319,130481.7000
20320,130481.7000
20321,130481.7000
20322,130481.7000
20323,130481.7000
20324,130481.7000
20325,130481.7000
20326,130481.7000
20327,130481.7000
20328,130481.7000
20329,130481.7000
20330,130481.7000
20331,130481.7000
20332,130481.7000
20333,130481.7000
20334,130481.7000
20335,130481.7000
20336,130481.7000
20337,130481.7000
20338,130481.7000
20339,130481.7000
20340,130481.7000
20341,130481.7000
20342,130481.7000
20343,130481.7000
20344,130481.7000
20345,130481.7000
20346,130481.7000
20347,130481.7000
20348,130481.7000
20349,130481.7000
20350,130481.7000
20351,130481.7000
20352,130481.7000
20353,130481.7000
20354,130481.7000
20355,130481.7000
20356,130481.7000
20357,130481.7000
20358,130481.7000
20359,130481.7000
20360,130481.7000
20361,130481.7000
20362,130481.7000
20363,130481.7000
20364,130481.7000
20365,130481.7000
20366,130481.7000
20367,130481.7000
20368,130481.7000
20369,130481.7000
20370,130481.7000
20371,130481.7000
20372,130481.7000
20373,130481.7000
20374,130481.7000
20375,130481.7000
20376,130481.7000
20377,130481.7000
20378,130481.7000
20379,130481.7000
20380,130481.7000
20381,130481.7000
20382,130481.7000
20383,130481.7000
20384,130481.7000
20385,130481.7000
20386,130481.7000
20387,130481.7000
20388,130481.7000
20389,130481.7000
20390,130481.7000
20391,130481.7000
20392,130481.7000
20393,130481.7000
20394,130481.7000
20395,130481.7000
20396,130481.7000
20397,130481.7000
20398,130481.7000
20399,130481.7000
20400,130481.7000
20401,130481.7000
20402,130481.7000
20403,130481.7000
20404,130481.7000
20405,130481.7000
20406,130481.7000
20407,130481.7000
20408,130481.7000
20409,130481.7000
20410,130481.7000
20411,130481.7000
20412,130481.7000
20413,130481.7000
20414,130481.7000
20415,130481.7000
20416,130481.7000
20417,130481.7000
20418,130481.7000
20419,130481.7000
20420,130481.7000
20421,130481.7000
20422,130481.7000
20423,130481.7000
20424,130481.7000
20425,130481.7000
20426,130481.7000
20427,130481.7000
20428,130481.7000
20429,130481.7000
20430,130481.7000
20431,130481.7000
20432,130481.7000
20433,130481.7000
20434,130481.7000
20435,130481.7000
20436,130481.7000
20437,130481.7000
20438,130481.7000
20439,130481.7000
20440,130481.7000
20441,130481.7000
20442,130481.7000
20443,130481.7000
20444,130481.7000
20445,130481.7000
20446,130481.7000
20447,130481.7000
20448,130481.7000
20449,130481.7000
20450,130481.7000
20451,130481.7000
20452,130481.7000
20453,130481.7000
20454,130481.7000
20455,130481.7000
20456,130481.7000
20457,130481.7000
20458,130481.7000
20459,130481.7000
20460,130481.7000
20461,130481.7000
20462,130481.7000
20463,130481.7000
20464,130481.7000
20465,130481.7000
20466,130481.7000
20467,130481.7000
20468,130481.7000
20469,130481.7000
20470,130481.7000
20471,130481.7000
20472,130481.7000
20473,130481.7000
20474,130481.7000
20475,130481.7000
20476,130481.7000
20477,130481.7000
20478,130481.7000
20479,130481.7000
20480,130481.7000
20481,130481.7000
20482,130481.7000
20483,130481.7000
20484,130481.7000
20485,130481.7000
20486,130481.7000
20487,130481.7000
20488,130481.7000
20489,130481.7000
20490,130481.7000
20491,130481.7000
20492,130481.7000
20493,130481.7000
20494,130481.7000
20495,130481.7000
20496,130481.7000
20497,130481.7000
20498,130481.7000
20499,130481.7000
20500,130481.7000
20501,130481.7000
20502,130481.7000
20503,130481.7000
20504,130481.7000
20505,130481.7000
20506,130481.7000
20507,130481.7000
20508,130481.7000
20509,130481.7000
20510,130481.7000
20511,130481.7000
20512,130481.7000
20513,130481.7000
20514,130481.7000
20515,130481.7000
20516,130481.7000
20517,130481.7000
20518,130481.7000
20519,130481.7000
20520,130481.7000
20521,130481.7000
20522,130481.7000
20523,130481.7000
20524,130481.7000
20525,130481.7000
20526,130481.7000
20527,130481.7000
20528,130481.7000
20529,130481.7000
20530,130481.7000
20531,130481.7000
20532,130481.7000
20533,130481.7000
20534,130481.7000
20535,130481.7000
20536,130481.7000
20537,130481.7000
20538,130481.7000
20539,130481.7000
20540,130481.7000
20541,130481.7000
20542,130481.7000
20543,130481.7000
20544,130481.7000
20545,130481.7000
20546,130481.7000
20547,130481.7000
20548,130481.7000
20549,130481.7000
20550,130481.7000
20551,130481.7000
20552,130481.7000
20553,130481.7000
20554,130481.7000
20555,130481.7000
20556,130481.7000
20557,130481.7000
20558,130481.7000
20559,130481.7000
20560,130481.7000
20561,130481.7000
20562,130481.7000
20563,130481.7000
20564,130481.7000
20565,130481.7000
20566,130481.7000
20567,130481.7000
20568,130481.7000
20569,130481.7000
20570,130481.7000
20571,130481.7000
20572,130481.7000
20573,130481.7000
20574,130481.7000
20575,130481.7000
20576,130481.7000
20577,130481.7000
20578,130481.7000
20579,130481.7000
20580,130481.7000
20581,130481.7000
20582,130481.7000
20583,130481.7000
20584,130481.7000
20585,130481.7000
20586,130481.7000
20587,130481.7000
20588,130481.7000
20589,130481.7000
20590,130481.7000
20591,130481.7000
20592,130481.7000
20593,130481.7000
20594,130481.7000
20595,130481.7000
20596,130481.7000
20597,130481.7000
20598,130481.7000
20599,130481.7000
20600,130481.7000
20601,130481.7000
20602,130481.7000
20603,130481.7000
20604,130481.7000
20605,130481.7000
20606,130481.7000
20607,130481.7000
20608,130481.7000
20609,130481.7000
20610,130481.7000
20611,130481.7000
20612,130481.7000
20613,130481.7000
20614,130481.7000
20615,130481.7000
20616,130481.7000
20617,130481.7000
20618,130481.7000
20619,130481.7000
20620,130481.7000
20621,130481.7000
20622,130481.7000
20623,130481.7000
20624,130481.7000
20625,130481.7000
20626,130481.7000
20627,130481.7000
20628,130481.7000
20629,130481.7000
20630,130481.7000
20631,130481.7000
20632,130481.7000
20633,130481.7000
20634,130481.7000
20635,130481.7000
20636,130481.7000
20637,130481.7000
20638,130481.7000
20639,130481.7000
20640,130481.7000
20641,130481.7000
20642,130481.7000
20643,130481.7000
20644,130481.7000
20645,130481.7000
20646,130481.7000
20647,130481.7000
20648,130481.7000
20649,130481.7000
20650,130481.7000
20651,130481.7000
20652,130481.7000
20653,130481.7000
20654,130481.7000
20655,130481.7000
20656,130481.7000
20657,130481.7000
20658,130481.7000
20659,130481.7000
20660,130481.7000
20661,130481.7000
20662,130481.7000
20663,130481.7000
20664,130481.7000
20665,130481.7000
20666,130481.7000
20667,130481.7000
20668,130481.7000
20669,130481.7000
20670,130481.7000
20671,130481.7000
20672,130481.7000
20673,130481.7000
20674,130481.7000
20675,130481.7000
20676,130481.7000
20677,130481.7000
20678,130481.7000
20679,130481.7000
20680,130481.7000
20681,130481.7000
20682,130481.7000
20683,130481.7000
20684,130481.7000
20685,130481.7000
20686,130481.7000
20687,130481.7000
20688,130481.7000
20689,130481.7000
20690,130481.7000
20691,130481.7000
20692,130481.7000
20693,130481.7000
20694,130481.7000
20695,130481.7000
20696,130481.7000
20697,130481.7000
20698,130481.7000
20699,130481.7000
20700,130481.7000
20701,130481.7000
20702,130481.7000
20703,130481.7000
20704,130481.7000
20705,130481.7000
20706,130481.7000
20707,130481.7000
20708,130481.7000
20709,130481.7000
20710,130481.7000
20711,130481.7000
20712,130481.7000
20713,130481.7000
20714,130481.7000
20715,130481.7000
20716,130481.7000
20717,130481.7000
20718,130481.7000
20719,130481.7000
20720,130481.7000
20721,130481.7000
20722,130481.7000
20723,130481.7000
20724,130481.7000
20725,130481.7000
20726,130481.7000
20727,130481.7000
20728,130481.7000
20729,130481.7000
20730,130481.7000
20731,130481.7000
20732,130481.7000
20733,130481.7000
20734,130481.7000
20735,130481.7000
20736,130481.7000
20737,130481.7000
20738,130481.7000
20739,130481.7000
20740,130481.7000
20741,130481.7000
20742,130481.7000
20743,130481.7000
20744,130481.7000
20745,130481.7000
20746,130481.7000
20747,130481.7000
20748,130481.7000
20749,130481.7000
20750,130481.7000
20751,130481.7000
20752,130481.7000
20753,130481.7000
20754,130481.7000
20755,130481.7000
20756,130481.7000
20757,130481.7000
20758,130481.7000
20759,130481.7000
20760,130481.7000
20761,130481.7000
20762,130481.7000
20763,130481.7000
20764,130481.7000
20765,130481.7000
20766,130481.7000
20767,130481.7000
20768,130481.7000
20769,130481.7000
20770,130481.7000
20771,130481.7000
20772,130481.7000
20773,130481.7000
20774,130481.7000
20775,130481.7000
20776,130481.7000
20777,130481.7000
20778,130481.7000
20779,130481.7000
20780,130481.7000
20781,130481.7000
20782,130481.7000
20783,130481.7000
20784,130481.7000
20785,130481.7000
20786,130481.7000
20787,130481.7000
20788,130481.7000
20789,130481.7000
20790,130481.7000
20791,130481.7000
20792,130481.7000
20793,130481.7000
20794,130481.7000
20795,130481.7000
20796,130481.7000
20797,130481.7000
20798,130481.7000
20799,130481.7000
20800,130481.7000
20801,130481.7000
20802,130481.7000
20803,130481.7000
20804,130481.7000
20805,130481.7000
20806,130481.7000
20807,130481.7000
20808,130481.7000
20809,130481.7000
20810,130481.7000
20811,130481.7000
20812,130481.7000
20813,130481.7000
20814,130481.7000
20815,130481.7000
20816,130481.7000
20817,130481.7000
20818,130481.7000
20819,130481.7000
20820,130481.7000
20821,130481.7000
20822,130481.7000
20823,130481.7000
20824,130481.7000
20825,130481.7000
20826,130481.7000
20827,130481.7000
20828,130481.7000
20829,130481.7000
20830,130481.7000
20831,130481.7000
20832,130481.7000
20833,130481.7000
20834,130481.7000
20835,130481.7000
20836,130481.7000
20837,130481.7000
20838,130481.7000
20839,130481.7000
20840,130481.7000
20841,130481.7000
20842,130481.7000
20843,130481.7000
20844,130481.7000
20845,130481.7000
20846,130481.7000
20847,130481.7000
20848,130481.7000
20849,130481.7000
20850,130481.7000
20851,130481.7000
20852,130481.7000
20853,130481.7000
20854,130481.7000
20855,130481.7000
20856,130481.7000
20857,130481.7000
20858,130481.7000
20859,130481.7000
20860,130481.7000
20861,130481.7000
20862,130481.7000
20863,130481.7000
20864,130481.7000
20865,130481.7000
20866,130481.7000
20867,130481.7000
20868,130481.7000
20869,130481.7000
20870,130481.7000
20871,130481.7000
20872,130481.7000
20873,130481.7000
20874,130481.7000
20875,130481.7000
20876,130481.7000
20877,130481.7000
20878,130481.7000
20879,130481.7000
20880,130481.7000
20881,130481.7000
20882,130481.7000
20883,130481.7000
20884,130481.7000
20885,130481.7000
20886,130481.7000
20887,130481.7000
20888,130481.7000
20889,130481.7000
20890,130481.7000
20891,130481.7000
20892,130481.7000
20893,130481.7000
20894,130481.7000
20895,130481.7000
20896,130481.7000
20897,130481.7000
20898,130481.7000
20899,130481.7000
20900,130481.7000
20901,130481.7000
20902,130481.7000
20903,130481.7000
20904,130481.7000
20905,130481.7000
20906,130481.7000
20907,130481.7000
20908,130481.7000
20909,130481.7000
20910,130481.7000
20911,130481.7000
20912,130481.7000
20913,130481.7000
20914,130481.7000
20915,130481.7000
20916,130481.7000
20917,130481.7000
20918,130481.7000
20919,130481.7000
20920,130481.7000
20921,130481.7000
20922,130481.7000
20923,130481.7000
20924,130481.7000
20925,130481.7000
20926,130481.7000
20927,130481.7000
20928,130481.7000
20929,130481.7000
20930,130481.7000
20931,130481.7000
20932,130481.7000
20933,130481.7000
20934,130481.7000
20935,130481.7000
20936,130481.7000
20937,130481.7000
20938,130481.7000
20939,130481.7000
20940,130481.7000
20941,130481.7000
20942,130481.7000
20943,130481.7000
20944,130481.7000
20945,130481.7000
20946,130481.7000
20947,130481.7000
20948,130481.7000
20949,130481.7000
20950,130481.7000
20951,130481.7000
20952,130481.7000
20953,130481.7000
20954,130481.7000
20955,130481.7000
20956,130481.7000
20957,130481.7000
20958,130481.7000
20959,130481.7000
20960,130481.7000
20961,130481.7000
20962,130481.7000
20963,130481.7000
20964,130481.7000
20965,130481.7000
20966,130481.7000
20967,130481.7000
20968,130481.7000
20969,130481.7000
20970,130481.7000
20971,130481.7000
20972,130481.7000
20973,130481.7000
20974,130481.7000
20975,130481.7000
20976,130481.7000
20977,130481.7000
20978,130481.7000
20979,130481.7000
20980,130481.7000
20981,130481.7000
20982,130481.7000
20983,130481.7000
20984,130481.7000
20985,130481.7000
20986,130481.7000
20987,130481.7000
20988,130481.7000
20989,130481.7000
20990,130481.7000
20991,130481.7000
20992,130481.7000
20993,130481.7000
20994,130481.7000
20995,130481.7000
20996,130481.7000
20997,130481.7000
20998,130481.7000
20999,130481.7000
21000,130481.7000
21001,130481.7000
21002,130481.7000
21003,130481.7000
21004,130481.7000
21005,130481.7000
21006,130481.7000
21007,130481.7000
21008,130481.7000
21009,130481.7000
21010,130481.7000
21011,130481.7000
21012,130481.7000
21013,130481.7000
21014,130481.7000
21015,130481.7000
21016,130481.7000
21017,130481.7000
21018,130481.7000
21019,130481.7000
21020,130481.7000
21021,130481.7000
21022,130481.7000
21023,130481.7000
21024,130481.7000
21025,130481.7000
21026,130481.7000
21027,130481.7000
21028,130481.7000
21029,130481.7000
21030,130481.7000
21031,130481.7000
21032,130481.7000
21033,130481.7000
21034,130481.7000
21035,130481.7000
21036,130481.7000
21037,130481.7000
21038,130481.7000
21039,130481.7000
21040,130481.7000
21041,130481.7000
21042,130481.7000
21043,130481.7000
21044,130481.7000
21045,130481.7000
21046,130481.7000
21047,130481.7000
21048,130481.7000
21049,130481.7000
21050,130481.7000
21051,130481.7000
21052,130481.7000
21053,130481.7000
21054,130481.7000
21055,130481.7000
21056,130481.7000
21057,130481.7000
21058,130481.7000
21059,130481.7000
21060,130481.7000
21061,130481.7000
21062,130481.7000
21063,130481.7000
21064,130481.7000
21065,130481.7000
21066,130481.7000
21067,130481.7000
21068,130481.7000
21069,130481.7000
21070,130481.7000
21071,130481.7000
21072,130481.7000
21073,130481.7000
21074,130481.7000
21075,130481.7000
21076,130481.7000
21077,130481.7000
21078,130481.7000
21079,130481.7000
21080,130481.7000
21081,130481.7000
21082,130481.7000
21083,130481.7000
21084,130481.7000
21085,130481.7000
21086,130481.7000
21087,130481.7000
21088,130481.7000
21089,130481.7000
21090,130481.7000
21091,130481.7000
21092,130481.7000
21093,130481.7000
21094,130481.7000
21095,130481.7000
21096,130481.7000
21097,130481.7000
21098,130481.7000
21099,130481.7000
21100,130481.7000
21101,130481.7000
21102,130481.7000
21103,130481.7000
21104,130481.7000
21105,130481.7000
21106,130481.7000
21107,130481.7000
21108,130481.7000
21109,130481.7000
21110,130481.7000
21111,130481.7000
21112,130481.7000
21113,130481.7000
21114,130481.7000
21115,130481.7000
21116,130481.7000
21117,130481.7000
21118,130481.7000
21119,130481.7000
21120,130481.7000
21121,130481.7000
21122,130481.7000
21123,130481.7000
21124,130481.7000
21125,130481.7000
21126,130481.7000
21127,130481.7000
21128,130481.7000
21129,130481.7000
21130,130481.7000
21131,130481.7000
21132,130481.7000
21133,130481.7000
21134,130481.7000
21135,130481.7000
21136,130481.7000
21137,130481.7000
21138,130481.7000
21139,130481.7000
21140,130481.7000
21141,130481.7000
21142,130481.7000
21143,130481.7000
21144,130481.7000
21145,130481.7000
21146,130481.7000
21147,130481.7000
21148,130481.7000
21149,130481.7000
21150,130481.7000
21151,130481.7000
21152,130481.7000
21153,130481.7000
21154,130481.7000
21155,130481.7000
21156,130481.7000
21157,130481.7000
21158,130481.7000
21159,130481.7000
21160,130481.7000
21161,130481.7000
21162,130481.7000
21163,130481.7000
21164,130481.7000
21165,130481.7000
21166,130481.7000
21167,130481.7000
21168,130481.7000
21169,130481.7000
21170,130481.7000
21171,130481.7000
21172,130481.7000
21173,130481.7000
21174,130481.7000
21175,130481.7000
21176,130481.7000
21177,130481.7000
21178,130481.7000
21179,130481.7000
21180,130481.7000
21181,130481.7000
21182,130481.7000
21183,130481.7000
21184,130481.7000
21185,130481.7000
21186,130481.7000
21187,130481.7000
21188,130481.7000
21189,130481.7000
21190,130481.7000
21191,130481.7000
21192,130481.7000
21193,130481.7000
21194,130481.7000
21195,130481.7000
21196,130481.7000
21197,130481.7000
21198,130481.7000
21199,130481.7000
21200,130481.7000
21201,130481.7000
21202,130481.7000
21203,130481.7000
21204,130481.7000
21205,130481.7000
21206,130481.7000
21207,130481.7000
21208,130481.7000
21209,130481.7000
21210,130481.7000
21211,130481.7000
21212,130481.7000
21213,130481.7000
21214,130481.7000
21215,130481.7000
21216,130481.7000
21217,130481.7000
21218,130481.7000
21219,130481.7000
21220,130481.7000
21221,130481.7000
21222,130481.7000
21223,130481.7000
21224,130481.7000
21225,130481.7000
21226,130481.7000
21227,130481.7000
21228,130481.7000
21229,130481.7000
21230,130481.7000
21231,130481.7000
21232,130481.7000
21233,130481.7000
21234,130481.7000
21235,130481.7000
21236,130481.7000
21237,130481.7000
21238,130481.7000
21239,130481.7000
21240,130481.7000
21241,130481.7000
21242,130481.7000
21243,130481.7000
21244,130481.7000
21245,130481.7000
21246,130481.7000
21247,130481.7000
21248,130481.7000
21249,130481.7000
21250,130481.7000
21251,130481.7000
21252,130481.7000
21253,130481.7000
21254,130481.7000
21255,130481.7000
21256,130481.7000
21257,130481.7000
21258,130481.7000
21259,130481.7000
21260,130481.7000
21261,130481.7000
21262,130481.7000
21263,130481.7000
21264,130481.7000
21265,130481.7000
21266,130481.7000
21267,130481.7000
21268,130481.7000
21269,130481.7000
21270,130481.7000
21271,130481.7000
21272,130481.7000
21273,130481.7000
21274,130481.7000
21275,130481.7000
21276,130481.7000
21277,130481.7000
21278,130481.7000
21279,130481.7000
21280,130481.7000
21281,130481.7000
21282,130481.7000
21283,130481.7000
21284,130481.7000
21285,130481.7000
21286,130481.7000
21287,130481.7000
21288,130481.7000
21289,130481.7000
21290,130481.7000
21291,130481.7000
21292,130481.7000
21293,130481.7000
21294,130481.7000
21295,130481.7000
21296,130481.7000
21297,130481.7000
21298,130481.7000
21299,130481.7000
21300,130481.7000
21301,130481.7000
21302,130481.7000
21303,130481.7000
21304,130481.7000
21305,130481.7000
21306,130481.7000
21307,130481.7000
21308,130481.7000
21309,130481.7000
21310,130481.7000
21311,130481.7000
21312,130481.7000
21313,130481.7000
21314,130481.7000
21315,130481.7000
21316,130481.7000
21317,130481.7000
21318,130481.7000
21319,130481.7000
21320,130481.7000
21321,130481.7000
21322,130481.7000
21323,130481.7000
21324,130481.7000
21325,130481.7000
21326,130481.7000
21327,130481.7000
21328,130481.7000
21329,130481.7000
21330,130481.7000
21331,130481.7000
21332,130481.7000
21333,130481.7000
21334,130481.7000
21335,130481.7000
21336,130481.7000
21337,130481.7000
21338,130481.7000
21339,130481.7000
21340,130481.7000
21341,130481.7000
21342,130481.7000
21343,130481.7000
21344,130481.7000
21345,130481.7000
21346,130481.7000
21347,130481.7000
21348,130481.7000
21349,130481.7000
21350,130481.7000
21351,130481.7000
21352,130481.7000
21353,130481.7000
21354,130481.7000
21355,130481.7000
21356,130481.7000
21357,130481.7000
21358,130481.7000
21359,130481.7000
21360,130481.7000
21361,130481.7000
21362,130481.7000
21363,130481.7000
21364,130481.7000
21365,130481.7000
21366,130481.7000
21367,130481.7000
21368,130481.7000
21369,130481.7000
21370,130481.7000
21371,130481.7000
21372,130481.7000
21373,130481.7000
21374,130481.7000
21375,130481.7000
21376,130481.7000
21377,130481.7000
21378,130481.7000
21379,130481.7000
21380,130481.7000
21381,130481.7000
21382,130481.7000
21383,130481.7000
21384,130481.7000
21385,130481.7000
21386,130481.7000
21387,130481.7000
21388,130481.7000
21389,130481.7000
21390,130481.7000
21391,130481.7000
21392,130481.7000
21393,130481.7000
21394,130481.7000
21395,130481.7000
21396,130481.7000
21397,130481.7000
21398,130481.7000
21399,130481.7000
21400,130481.7000
21401,130481.7000
21402,130481.7000
21403,130481.7000
21404,130481.7000
21405,130481.7000
21406,130481.7000
21407,130481.7000
21408,130481.7000
21409,130481.7000
21410,130481.7000
21411,130481.7000
21412,130481.7000
21413,130481.7000
21414,130481.7000
21415,130481.7000
21416,130481.7000
21417,130481.7000
21418,130481.7000
21419,130481.7000
21420,130481.7000
21421,130481.7000
21422,130481.7000
21423,130481.7000
21424,130481.7000
21425,130481.7000
21426,130481.7000
21427,130481.7000
21428,130481.7000
21429,130481.7000
21430,130481.7000
21431,130481.7000
21432,130481.7000
21433,130481.7000
21434,130481.7000
21435,130481.7000
21436,130481.7000
21437,130481.7000
21438,130481.7000
21439,130481.7000
21440,130481.7000
21441,130481.7000
21442,130481.7000
21443,130481.7000
21444,130481.7000
21445,130481.7000
21446,130481.7000
21447,130481.7000
21448,130481.7000
21449,130481.7000
21450,130481.7000
21451,130481.7000
21452,130481.7000
21453,130481.7000
21454,130481.7000
21455,130481.7000
21456,130481.7000
21457,130481.7000
21458,130481.7000
21459,130481.7000
21460,130481.7000
21461,130481.7000
21462,130481.7000
21463,130481.7000
21464,130481.7000
21465,130481.7000
21466,130481.7000
21467,130481.7000
21468,130481.7000
21469,130481.7000
21470,130481.7000
21471,130481.7000
21472,130481.7000
21473,130481.7000
21474,130481.7000
21475,130481.7000
21476,130481.7000
21477,130481.7000
21478,130481.7000
21479,130481.7000
21480,130481.7000
21481,130481.7000
21482,130481.7000
21483,130481.7000
21484,130481.7000
21485,130481.7000
21486,130481.7000
21487,130481.7000
21488,130481.7000
21489,130481.7000
21490,130481.7000
21491,130481.7000
21492,130481.7000
21493,130481.7000
21494,130481.7000
21495,130481.7000
21496,130481.7000
21497,130481.7000
21498,130481.7000
21499,130481.7000
21500,130481.7000
21501,130481.7000
21502,130481.7000
21503,130481.7000
21504,130481.7000
21505,130481.7000
21506,130481.7000
21507,130481.7000
21508,130481.7000
21509,130481.7000
21510,130481.7000
21511,130481.7000
21512,130481.7000
21513,130481.7000
21514,130481.7000
21515,130481.7000
21516,130481.7000
21517,130481.7000
21518,130481.7000
21519,130481.7000
21520,130481.7000
21521,130481.7000
21522,130481.7000
21523,130481.7000
21524,130481.7000
21525,130481.7000
21526,130481.7000
21527,130481.7000
21528,130481.7000
21529,130481.7000
21530,130481.7000
21531,130481.7000
21532,130481.7000
21533,130481.7000
21534,130481.7000
21535,130481.7000
21536,130481.7000
21537,130481.7000
21538,130481.7000
21539,130481.7000
21540,130481.7000
21541,130481.7000
21542,130481.7000
21543,130481.7000
21544,130481.7000
21545,130481.7000
21546,130481.7000
21547,130481.7000
21548,130481.7000
21549,130481.7000
21550,130481.7000
21551,130481.7000
21552,130481.7000
21553,130481.7000
21554,130481.7000
21555,130481.7000
21556,130481.7000
21557,130481.7000
21558,130481.7000
21559,130481.7000
21560,130481.7000
21561,130481.7000
21562,130481.7000
21563,130481.7000
21564,130481.7000
21565,130481.7000
21566,130481.7000
21567,130481.7000
21568,130481.7000
21569,130481.7000
21570,130481.7000
21571,130481.7000
21572,130481.7000
21573,130481.7000
21574,130481.7000
21575,130481.7000
21576,130481.7000
21577,130481.7000
21578,130481.7000
21579,130481.7000
21580,130481.7000
21581,130481.7000
21582,130481.7000
21583,130481.7000
21584,130481.7000
21585,130481.7000
21586,130481.7000
21587,130481.7000
21588,130481.7000
21589,130481.7000
21590,130481.7000
21591,130481.7000
21592,130481.7000
21593,130481.7000
21594,130481.7000
21595,130481.7000
21596,130481.7000
21597,130481.7000
21598,130481.7000
21599,130481.7000
21600,130481.7000
21601,130481.7000
21602,130481.7000
21603,130481.7000
21604,130481.7000
21605,130481.7000
21606,130481.7000
21607,130481.7000
21608,130481.7000
21609,130481.7000
21610,130481.7000
21611,130481.7000
21612,130481.7000
21613,130481.7000
21614,130481.7000
21615,130481.7000
21616,130481.7000
21617,130481.7000
21618,130481.7000
21619,130481.7000
21620,130481.7000
21621,130481.7000
21622,130481.7000
21623,130481.7000
21624,130481.7000
21625,130481.7000
21626,130481.7000
21627,130481.7000
21628,130481.7000
21629,130481.7000
21630,130481.7000
21631,130481.7000
21632,130481.7000
21633,130481.7000
21634,130481.7000
21635,130481.7000
21636,130481.7000
21637,130481.7000
21638,130481.7000
21639,130481.7000
21640,130481.7000
21641,130481.7000
21642,130481.7000
21643,130481.7000
21644,130481.7000
21645,130481.7000
21646,130481.7000
21647,130481.7000
21648,130481.7000
21649,130481.7000
21650,130481.7000
21651,130481.7000
21652,130481.7000
21653,130481.7000
21654,130481.7000
21655,130481.7000
21656,130481.7000
21657,130481.7000
21658,130481.7000
21659,130481.7000
21660,130481.7000
21661,130481.7000
21662,130481.7000
21663,130481.7000
21664,130481.7000
21665,130481.7000
21666,130481.7000
21667,130481.7000
21668,130481.7000
21669,130481.7000
21670,130481.7000
21671,130481.7000
21672,130481.7000
21673,130481.7000
21674,130481.7000
21675,130481.7000
21676,130481.7000
21677,130481.7000
21678,130481.7000
21679,130481.7000
21680,130481.7000
21681,130481.7000
21682,130481.7000
21683,130481.7000
21684,130481.7000
21685,130481.7000
21686,130481.7000
21687,130481.7000
21688,130481.7000
21689,130481.7000
21690,130481.7000
21691,130481.7000
21692,130481.7000
21693,130481.7000
21694,130481.7000
21695,130481.7000
21696,130481.7000
21697,130481.7000
21698,130481.7000
21699,130481.7000
21700,130481.7000
21701,130481.7000
21702,130481.7000
21703,130481.7000
21704,130481.7000
21705,130481.7000
21706,130481.7000
21707,130481.7000
21708,130481.7000
21709,130481.7000
21710,130481.7000
21711,130481.7000
21712,130481.7000
21713,130481.7000
21714,130481.7000
21715,130481.7000
21716,130481.7000
21717,130481.7000
21718,130481.7000
21719,130481.7000
21720,130481.7000
21721,130481.7000
21722,130481.7000
21723,130481.7000
21724,130481.7000
21725,130481.7000
21726,130481.7000
21727,130481.7000
21728,130481.7000
21729,130481.7000
21730,130481.7000
21731,130481.7000
21732,130481.7000
21733,130481.7000
21734,130481.7000
21735,130481.7000
21736,130481.7000
21737,130481.7000
21738,130481.7000
21739,130481.7000
21740,130481.7000
21741,130481.7000
21742,130481.7000
21743,130481.7000
21744,130481.7000
21745,130481.7000
21746,130481.7000
21747,130481.7000
21748,130481.7000
21749,130481.7000
21750,130481.7000
21751,130481.7000
21752,130481.7000
21753,130481.7000
21754,130481.7000
21755,130481.7000
21756,130481.7000
21757,130481.7000
21758,130481.7000
21759,130481.7000
21760,130481.7000
21761,130481.7000
21762,130481.7000
21763,130481.7000
21764,130481.7000
21765,130481.7000
21766,130481.7000
21767,130481.7000
21768,130481.7000
21769,130481.7000
21770,130481.7000
21771,130481.7000
21772,130481.7000
21773,130481.7000
21774,130481.7000
21775,130481.7000
21776,130481.7000
21777,130481.7000
21778,130481.7000
21779,130481.7000
21780,130481.7000
21781,130481.7000
21782,130481.7000
21783,130481.7000
21784,130481.7000
21785,130481.7000
21786,130481.7000
21787,130481.7000
21788,130481.7000
21789,130481.7000
21790,130481.7000
21791,130481.7000
21792,130481.7000
21793,130481.7000
21794,130481.7000
21795,130481.7000
21796,130481.7000
21797,130481.7000
21798,130481.7000
21799,130481.7000
21800,130481.7000
21801,130481.7000
21802,130481.7000
21803,130481.7000
21804,130481.7000
21805,130481.7000
21806,130481.7000
21807,130481.7000
21808,130481.7000
21809,130481.7000
21810,130481.7000
21811,130481.7000
21812,130481.7000
21813,130481.7000
21814,130481.7000
21815,130481.7000
21816,130481.7000
21817,130481.7000
21818,130481.7000
21819,130481.7000
21820,130481.7000
21821,130481.7000
21822,130481.7000
21823,130481.7000
21824,130481.7000
21825,130481.7000
21826,130481.7000
21827,130481.7000
21828,130481.7000
21829,130481.7000
21830,130481.7000
21831,130481.7000
21832,130481.7000
21833,130481.7000
21834,130481.7000
21835,130481.7000
21836,130481.7000
21837,130481.7000
21838,130481.7000
21839,130481.7000
21840,130481.7000
21841,130481.7000
21842,130481.7000
21843,130481.7000
21844,130481.7000
21845,130481.7000
21846,130481.7000
21847,130481.7000
21848,130481.7000
21849,130481.7000
21850,130481.7000
21851,130481.7000
21852,130481.7000
21853,130481.7000
21854,130481.7000
21855,130481.7000
21856,130481.7000
21857,130481.7000
21858,130481.7000
21859,130481.7000
21860,130481.7000
21861,130481.7000
21862,130481.7000
21863,130481.7000
21864,130481.7000
21865,130481.7000
21866,130481.7000
21867,130481.7000
21868,130481.7000
21869,130481.7000
21870,130481.7000
21871,130481.7000
21872,130481.7000
21873,130481.7000
21874,130481.7000
21875,130481.7000
21876,130481.7000
21877,130481.7000
21878,130481.7000
21879,130481.7000
21880,130481.7000
21881,130481.7000
21882,130481.7000
21883,130481.7000
21884,130481.7000
21885,130481.7000
21886,130481.7000
21887,130481.7000
21888,130481.7000
21889,130481.7000
21890,130481.7000
21891,130481.7000
21892,130481.7000
21893,130481.7000
21894,130481.7000
21895,130481.7000
21896,130481.7000
21897,130481.7000
21898,130481.7000
21899,130481.7000
21900,130481.7000
21901,130481.7000
21902,130481.7000
21903,130481.7000
21904,130481.7000
21905,130481.7000
21906,130481.7000
21907,130481.7000
21908,130481.7000
21909,130481.7000
21910,130481.7000
21911,130481.7000
21912,130481.7000
21913,130481.7000
21914,130481.7000
21915,130481.7000
21916,130481.7000
21917,130481.7000
21918,130481.7000
21919,130481.7000
21920,130481.7000
21921,130481.7000
21922,130481.7000
21923,130481.7000
21924,130481.7000
21925,130481.7000
21926,130481.7000
21927,130481.7000
21928,130481.7000
21929,130481.7000
21930,130481.7000
21931,130481.7000
21932,130481.7000
21933,130481.7000
21934,130481.7000
21935,130481.7000
21936,130481.7000
21937,130481.7000
21938,130481.7000
21939,130481.7000
21940,130481.7000
21941,130481.7000
21942,130481.7000
21943,130481.7000
21944,130481.7000
21945,130481.7000
21946,130481.7000
21947,130481.7000
21948,130481.7000
21949,130481.7000
21950,130481.7000
21951,130481.7000
21952,130481.7000
21953,130481.7000
21954,130481.7000
21955,130481.7000
21956,130481.7000
21957,130481.7000
21958,130481.7000
21959,130481.7000
21960,130481.7000
21961,130481.7000
21962,130481.7000
21963,130481.7000
21964,130481.7000
21965,130481.7000
21966,130481.7000
21967,130481.7000
21968,130481.7000
21969,130481.7000
21970,130481.7000
21971,130481.7000
21972,130481.7000
21973,130481.7000
21974,130481.7000
21975,130481.7000
21976,130481.7000
21977,130481.7000
21978,130481.7000
21979,130481.7000
21980,130481.7000
21981,130481.7000
21982,130481.7000
21983,130481.7000
21984,130481.7000
21985,130481.7000
21986,130481.7000
21987,130481.7000
21988,130481.7000
21989,130481.7000
21990,130481.7000
21991,130481.7000
21992,130481.7000
21993,130481.7000
21994,130481.7000
21995,130481.7000
21996,130481.7000
21997,130481.7000
21998,130481.7000
21999,130481.7000
22000,130481.7000
22001,130481.7000
22002,130481.7000
22003,130481.7000
22004,130481.7000
22005,130481.7000
22006,130481.7000
22007,130481.7000
22008,130481.7000
22009,130481.7000
22010,130481.7000
22011,130481.7000
22012,130481.7000
22013,130481.7000
22014,130481.7000
22015,130481.7000
22016,130481.7000
22017,130481.7000
22018,130481.7000
22019,130481.7000
22020,130481.7000
22021,130481.7000
22022,130481.7000
22023,130481.7000
22024,130481.7000
22025,130481.7000
22026,130481.7000
22027,130481.7000
22028,130481.7000
22029,130481.7000
22030,130481.7000
22031,130481.7000
22032,130481.7000
22033,130481.7000
22034,130481.7000
22035,130481.7000
22036,130481.7000
22037,130481.7000
22038,130481.7000
22039,130481.7000
22040,130481.7000
22041,130481.7000
22042,130481.7000
22043,130481.7000
22044,130481.7000
22045,130481.7000
22046,130481.7000
22047,130481.7000
22048,130481.7000
22049,130481.7000
22050,130481.7000
22051,130481.7000
22052,130481.7000
22053,130481.7000
22054,130481.7000
22055,130481.7000
22056,130481.7000
22057,130481.7000
22058,130481.7000
22059,130481.7000
22060,130481.7000
22061,130481.7000
22062,130481.7000
22063,130481.7000
22064,130481.7000
22065,130481.7000
22066,130481.7000
22067,130481.7000
22068,130481.7000
22069,130481.7000
22070,130481.7000
22071,130481.7000
22072,130481.7000
22073,130481.7000
22074,130481.7000
22075,130481.7000
22076,130481.7000
22077,130481.7000
22078,130481.7000
22079,130481.7000
22080,130481.7000
22081,130481.7000
22082,130481.7000
22083,130481.7000
22084,130481.7000
22085,130481.7000
22086,130481.7000
22087,130481.7000
22088,130481.7000
22089,130481.7000
22090,130481.7000
22091,130481.7000
22092,130481.7000
22093,130481.7000
22094,130481.7000
22095,130481.7000
22096,130481.7000
22097,130481.7000
22098,130481.7000
22099,130481.7000
22100,130481.7000
22101,130481.7000
22102,130481.7000
22103,130481.7000
22104,130481.7000
22105,130481.7000
22106,130481.7000
22107,130481.7000
22108,130481.7000
22109,130481.7000
22110,130481.7000
22111,130481.7000
22112,130481.7000
22113,130481.7000
22114,130481.7000
22115,130481.7000
22116,130481.7000
22117,130481.7000
22118,130481.7000
22119,130481.7000
22120,130481.7000
22121,130481.7000
22122,130481.7000
22123,130481.7000
22124,130481.7000
22125,130481.7000
22126,130481.7000
22127,130481.7000
22128,130481.7000
22129,130481.7000
22130,130481.7000
22131,130481.7000
22132,130481.7000
22133,130481.7000
22134,130481.7000
22135,130481.7000
22136,130481.7000
22137,130481.7000
22138,130481.7000
22139,130481.7000
22140,130481.7000
22141,130481.7000
22142,130481.7000
22143,130481.7000
22144,130481.7000
22145,130481.7000
22146,130481.7000
22147,130481.7000
22148,130481.7000
22149,130481.7000
22150,130481.7000
22151,130481.7000
22152,130481.7000
22153,130481.7000
22154,130481.7000
22155,130481.7000
22156,130481.7000
22157,130481.7000
22158,130481.7000
22159,130481.7000
22160,130481.7000
22161,130481.7000
22162,130481.7000
22163,130481.7000
22164,130481.7000
22165,130481.7000
22166,130481.7000
22167,130481.7000
22168,130481.7000
22169,130481.7000
22170,130481.7000
22171,130481.7000
22172,130481.7000
22173,130481.7000
22174,130481.7000
22175,130481.7000
22176,130481.7000
22177,130481.7000
22178,130481.7000
22179,130481.7000
22180,130481.7000
22181,130481.7000
22182,130481.7000
22183,130481.7000
22184,130481.7000
22185,130481.7000
22186,130481.7000
22187,130481.7000
22188,130481.7000
22189,130481.7000
22190,130481.7000
22191,130481.7000
22192,130481.7000
22193,130481.7000
22194,130481.7000
22195,130481.7000
22196,130481.7000
22197,130481.7000
22198,130481.7000
22199,130481.7000
22200,130481.7000
22201,130481.7000
22202,130481.7000
22203,130481.7000
22204,130481.7000
22205,130481.7000
22206,130481.7000
22207,130481.7000
22208,130481.7000
22209,130481.7000
22210,130481.7000
22211,130481.7000
22212,130481.7000
22213,130481.7000
22214,130481.7000
22215,130481.7000
22216,130481.7000
22217,130481.7000
22218,130481.7000
22219,130481.7000
22220,130481.7000
22221,130481.7000
22222,130481.7000
22223,130481.7000
22224,130481.7000
22225,130481.7000
22226,130481.7000
22227,130481.7000
22228,130481.7000
22229,130481.7000
22230,130481.7000
22231,130481.7000
22232,130481.7000
22233,130481.7000
22234,130481.7000
22235,130481.7000
22236,130481.7000
22237,130481.7000
22238,130481.7000
22239,130481.7000
22240,130481.7000
22241,130481.7000
22242,130481.7000
22243,130481.7000
22244,130481.7000
22245,130481.7000
22246,130481.7000
22247,130481.7000
22248,130481.7000
22249,130481.7000
22250,130481.7000
22251,130481.7000
22252,130481.7000
22253,130481.7000
22254,130481.7000
22255,130481.7000
22256,130481.7000
22257,130481.7000
22258,130481.7000
22259,130481.7000
22260,130481.7000
22261,130481.7000
22262,130481.7000
22263,130481.7000
22264,130481.7000
22265,130481.7000
22266,130481.7000
22267,130481.7000
22268,130481.7000
22269,130481.7000
22270,130481.7000
22271,130481.7000
22272,130481.7000
22273,130481.7000
22274,130481.7000
22275,130481.7000
22276,130481.7000
22277,130481.7000
22278,130481.7000
22279,130481.7000
22280,130481.7000
22281,130481.7000
22282,130481.7000
22283,130481.7000
22284,130481.7000
22285,130481.7000
22286,130481.7000
22287,130481.7000
22288,130481.7000
22289,130481.7000
22290,130481.7000
22291,130481.7000
22292,130481.7000
22293,130481.7000
22294,130481.7000
22295,130481.7000
22296,130481.7000
22297,130481.7000
22298,130481.7000
22299,130481.7000
22300,130481.7000
22301,130481.7000
22302,130481.7000
22303,130481.7000
22304,130481.7000
22305,130481.7000
22306,130481.7000
22307,130481.7000
22308,130481.7000
22309,130481.7000
22310,130481.7000
22311,130481.7000
22312,130481.7000
22313,130481.7000
22314,130481.7000
22315,130481.7000
22316,130481.7000
22317,130481.7000
22318,130481.7000
22319,130481.7000
22320,130481.7000
22321,130481.7000
22322,130481.7000
22323,130481.7000
22324,130481.7000
22325,130481.7000
22326,130481.7000
22327,130481.7000
22328,130481.7000
22329,130481.7000
22330,130481.7000
22331,130481.7000
22332,130481.7000
22333,130481.7000
22334,130481.7000
22335,130481.7000
22336,130481.7000
22337,130481.7000
22338,130481.7000
22339,130481.7000
22340,130481.7000
22341,130481.7000
22342,130481.7000
22343,130481.7000
22344,130481.7000
22345,130481.7000
22346,130481.7000
22347,130481.7000
22348,130481.7000
22349,130481.7000
22350,130481.7000
22351,130481.7000
22352,130481.7000
22353,130481.7000
22354,130481.7000
22355,130481.7000
22356,130481.7000
22357,130481.7000
22358,130481.7000
22359,130481.7000
22360,130481.7000
22361,130481.7000
22362,130481.7000
22363,130481.7000
22364,130481.7000
22365,130481.7000
22366,130481.7000
22367,130481.7000
22368,130481.7000
22369,130481.7000
22370,130481.7000
22371,130481.7000
22372,130481.7000
22373,130481.7000
22374,130481.7000
22375,130481.7000
22376,130481.7000
22377,130481.7000
22378,130481.7000
22379,130481.7000
22380,130481.7000
22381,130481.7000
22382,130481.7000
22383,130481.7000
22384,130481.7000
22385,130481.7000
22386,130481.7000
22387,130481.7000
22388,130481.7000
22389,130481.7000
22390,130481.7000
22391,130481.7000
22392,130481.7000
22393,130481.7000
22394,130481.7000
22395,130481.7000
22396,130481.7000
22397,130481.7000
22398,130481.7000
22399,130481.7000
22400,130481.7000
22401,130481.7000
22402,130481.7000
22403,130481.7000
22404,130481.7000
22405,130481.7000
22406,130481.7000
22407,130481.7000
22408,130481.7000
22409,130481.7000
22410,130481.7000
22411,130481.7000
22412,130481.7000
22413,130481.7000
22414,130481.7000
22415,130481.7000
22416,130481.7000
22417,130481.7000
22418,130481.7000
22419,130481.7000
22420,130481.7000
22421,130481.7000
22422,130481.7000
22423,130481.7000
22424,130481.7000
22425,130481.7000
22426,130481.7000
22427,130481.7000
22428,130481.7000
22429,130481.7000
22430,130481.7000
22431,130481.7000
22432,130481.7000
22433,130481.7000
22434,130481.7000
22435,130481.7000
22436,130481.7000
22437,130481.7000
22438,130481.7000
22439,130481.7000
22440,130481.7000
22441,130481.7000
22442,130481.7000
22443,130481.7000
22444,130481.7000
22445,130481.7000
22446,130481.7000
22447,130481.7000
22448,130481.7000
22449,130481.7000
22450,130481.7000
22451,130481.7000
22452,130481.7000
22453,130481.7000
22454,130481.7000
22455,130481.7000
22456,130481.7000
22457,130481.7000
22458,130481.7000
22459,130481.7000
22460,130481.7000
22461,130481.7000
22462,130481.7000
22463,130481.7000
22464,130481.7000
22465,130481.7000
22466,130481.7000
22467,130481.7000
22468,130481.7000
22469,130481.7000
22470,130481.7000
22471,130481.7000
22472,130481.7000
22473,130481.7000
22474,130481.7000
22475,130481.7000
22476,130481.7000
22477,130481.7000
22478,130481.7000
22479,130481.7000
22480,130481.7000
22481,130481.7000
22482,130481.7000
22483,130481.7000
22484,130481.7000
22485,130481.7000
22486,130481.7000
22487,130481.7000
22488,130481.7000
22489,130481.7000
22490,130481.7000
22491,130481.7000
22492,130481.7000
22493,130481.7000
22494,130481.7000
22495,130481.7000
22496,130481.7000
22497,130481.7000
22498,130481.7000
22499,130481.7000
22500,130481.7000
22501,130481.7000
22502,130481.7000
22503,130481.7000
22504,130481.7000
22505,130481.7000
22506,130481.7000
22507,130481.7000
22508,130481.7000
22509,130481.7000
22510,130481.7000
22511,130481.7000
22512,130481.7000
22513,130481.7000
22514,130481.7000
22515,130481.7000
22516,130481.7000
22517,130481.7000
22518,130481.7000
22519,130481.7000
22520,130481.7000
22521,130481.7000
22522,130481.7000
22523,130481.7000
22524,130481.7000
22525,130481.7000
22526,130481.7000
22527,130481.7000
22528,130481.7000
22529,130481.7000
22530,130481.7000
22531,130481.7000
22532,130481.7000
22533,130481.7000
22534,130481.7000
22535,130481.7000
22536,130481.7000
22537,130481.7000
22538,130481.7000
22539,130481.7000
22540,130481.7000
22541,130481.7000
22542,130481.7000
22543,130481.7000
22544,130481.7000
22545,130481.7000
22546,130481.7000
22547,130481.7000
22548,130481.7000
22549,130481.7000
22550,130481.7000
22551,130481.7000
22552,130481.7000
22553,130481.7000
22554,130481.7000
22555,130481.7000
22556,130481.7000
22557,130481.7000
22558,130481.7000
22559,130481.7000
22560,130481.7000
22561,130481.7000
22562,130481.7000
22563,130481.7000
22564,130481.7000
22565,130481.7000
22566,130481.7000
22567,130481.7000
22568,130481.7000
22569,130481.7000
22570,130481.7000
22571,130481.7000
22572,130481.7000
22573,130481.7000
22574,130481.7000
22575,130481.7000
22576,130481.7000
22577,130481.7000
22578,130481.7000
22579,130481.7000
22580,130481.7000
22581,130481.7000
22582,130481.7000
22583,130481.7000
22584,130481.7000
22585,130481.7000
22586,130481.7000
22587,130481.7000
22588,130481.7000
22589,130481.7000
22590,130481.7000
22591,130481.7000
22592,130481.7000
22593,130481.7000
22594,130481.7000
22595,130481.7000
22596,130481.7000
22597,130481.7000
22598,130481.7000
22599,130481.7000
22600,130481.7000
22601,130481.7000
22602,130481.7000
22603,130481.7000
22604,130481.7000
22605,130481.7000
22606,130481.7000
22607,130481.7000
22608,130481.7000
22609,130481.7000
22610,130481.7000
22611,130481.7000
22612,130481.7000
22613,130481.7000
22614,130481.7000
22615,130481.7000
22616,130481.7000
22617,130481.7000
22618,130481.7000
22619,130481.7000
22620,130481.7000
22621,130481.7000
22622,130481.7000
22623,130481.7000
22624,130481.7000
22625,130481.7000
22626,130481.7000
22627,130481.7000
22628,130481.7000
22629,130481.7000
22630,130481.7000
22631,130481.7000
22632,130481.7000
22633,130481.7000
22634,130481.7000
22635,130481.7000
22636,130481.7000
22637,130481.7000
22638,130481.7000
22639,130481.7000
22640,130481.7000
22641,130481.7000
22642,130481.7000
22643,130481.7000
22644,130481.7000
22645,130481.7000
22646,130481.7000
22647,130481.7000
22648,130481.7000
22649,130481.7000
22650,130481.7000
22651,130481.7000
22652,130481.7000
22653,130481.7000
22654,130481.7000
22655,130481.7000
22656,130481.7000
22657,130481.7000
22658,130481.7000
22659,130481.7000
22660,130481.7000
22661,130481.7000
22662,130481.7000
22663,130481.7000
22664,130481.7000
22665,130481.7000
22666,130481.7000
22667,130481.7000
22668,130481.7000
22669,130481.7000
22670,130481.7000
22671,130481.7000
22672,130481.7000
22673,130481.7000
22674,130481.7000
22675,130481.7000
22676,130481.7000
22677,130481.7000
22678,130481.7000
22679,130481.7000
22680,130481.7000
22681,130481.7000
22682,130481.7000
22683,130481.7000
22684,130481.7000
22685,130481.7000
22686,130481.7000
22687,130481.7000
22688,130481.7000
22689,130481.7000
22690,130481.7000
22691,130481.7000
22692,130481.7000
22693,130481.7000
22694,130481.7000
22695,130481.7000
22696,130481.7000
22697,130481.7000
22698,130481.7000
22699,130481.7000
22700,130481.7000
22701,130481.7000
22702,130481.7000
22703,130481.7000
22704,130481.7000
22705,130481.7000
22706,130481.7000
22707,130481.7000
22708,130481.7000
22709,130481.7000
22710,130481.7000
22711,130481.7000
22712,130481.7000
22713,130481.7000
22714,130481.7000
22715,130481.7000
22716,130481.7000
22717,130481.7000
22718,130481.7000
22719,130481.7000
22720,130481.7000
22721,130481.7000
22722,130481.7000
22723,130481.7000
22724,130481.7000
22725,130481.7000
22726,130481.7000
22727,130481.7000
22728,130481.7000
22729,130481.7000
22730,130481.7000
22731,130481.7000
22732,130481.7000
22733,130481.7000
22734,130481.7000
22735,130481.7000
22736,130481.7000
22737,130481.7000
22738,130481.7000
22739,130481.7000
22740,130481.7000
22741,130481.7000
22742,130481.7000
22743,130481.7000
22744,130481.7000
22745,130481.7000
22746,130481.7000
22747,130481.7000
22748,130481.7000
22749,130481.7000
22750,130481.7000
22751,130481.7000
22752,130481.7000
22753,130481.7000
22754,130481.7000
22755,130481.7000
22756,130481.7000
22757,130481.7000
22758,130481.7000
22759,130481.7000
22760,130481.7000
22761,130481.7000
22762,130481.7000
22763,130481.7000
22764,130481.7000
22765,130481.7000
22766,130481.7000
22767,130481.7000
22768,130481.7000
22769,130481.7000
22770,130481.7000
22771,130481.7000
22772,130481.7000
22773,130481.7000
22774,130481.7000
22775,130481.7000
22776,130481.7000
22777,130481.7000
22778,130481.7000
22779,130481.7000
22780,130481.7000
22781,130481.7000
22782,130481.7000
22783,130481.7000
22784,130481.7000
22785,130481.7000
22786,130481.7000
22787,130481.7000
22788,130481.7000
22789,130481.7000
22790,130481.7000
22791,130481.7000
22792,130481.7000
22793,130481.7000
22794,130481.7000
22795,130481.7000
22796,130481.7000
22797,130481.7000
22798,130481.7000
22799,130481.7000
22800,130481.7000
22801,130481.7000
22802,130481.7000
22803,130481.7000
22804,130481.7000
22805,130481.7000
22806,130481.7000
22807,130481.7000
22808,130481.7000
22809,130481.7000
22810,130481.7000
22811,130481.7000
22812,130481.7000
22813,130481.7000
22814,130481.7000
22815,130481.7000
22816,130481.7000
22817,130481.7000
22818,130481.7000
22819,130481.7000
22820,130481.7000
22821,130481.7000
22822,130481.7000
22823,130481.7000
22824,130481.7000
22825,130481.7000
22826,130481.7000
22827,130481.7000
22828,130481.7000
22829,130481.7000
22830,130481.7000
22831,130481.7000
22832,130481.7000
22833,130481.7000
22834,130481.7000
22835,130481.7000
22836,130481.7000
22837,130481.7000
22838,130481.7000
22839,130481.7000
22840,130481.7000
22841,130481.7000
22842,130481.7000
22843,130481.7000
22844,130481.7000
22845,130481.7000
22846,130481.7000
22847,130481.7000
22848,130481.7000
22849,130481.7000
22850,130481.7000
22851,130481.7000
22852,130481.7000
22853,130481.7000
22854,130481.7000
22855,130481.7000
22856,130481.7000
22857,130481.7000
22858,130481.7000
22859,130481.7000
22860,130481.7000
22861,130481.7000
22862,130481.7000
22863,130481.7000
22864,130481.7000
22865,130481.7000
22866,130481.7000
22867,130481.7000
22868,130481.7000
22869,130481.7000
22870,130481.7000
22871,130481.7000
22872,130481.7000
22873,130481.7000
22874,130481.7000
22875,130481.7000
22876,130481.7000
22877,130481.7000
22878,130481.7000
22879,130481.7000
22880,130481.7000
22881,130481.7000
22882,130481.7000
22883,130481.7000
22884,130481.7000
22885,130481.7000
22886,130481.7000
22887,130481.7000
22888,130481.7000
22889,130481.7000
22890,130481.7000
22891,130481.7000
22892,130481.7000
22893,130481.7000
22894,130481.7000
22895,130481.7000
22896,130481.7000
22897,130481.7000
22898,130481.7000
22899,130481.7000
22900,130481.7000
22901,130481.7000
22902,130481.7000
22903,130481.7000
22904,130481.7000
22905,130481.7000
22906,130481.7000
22907,130481.7000
22908,130481.7000
22909,130481.7000
22910,130481.7000
22911,130481.7000
22912,130481.7000
22913,130481.7000
22914,130481.7000
22915,130481.7000
22916,130481.7000
22917,130481.7000
22918,130481.7000
22919,130481.7000
22920,130481.7000
22921,130481.7000
22922,130481.7000
22923,130481.7000
22924,130481.7000
22925,130481.7000
22926,130481.7000
22927,130481.7000
22928,130481.7000
22929,130481.7000
22930,130481.7000
22931,130481.7000
22932,130481.7000
22933,130481.7000
22934,130481.7000
22935,130481.7000
22936,130481.7000
22937,130481.7000
22938,130481.7000
22939,130481.7000
22940,130481.7000
22941,130481.7000
22942,130481.7000
22943,130481.7000
22944,130481.7000
22945,130481.7000
22946,130481.7000
22947,130481.7000
22948,130481.7000
22949,130481.7000
22950,130481.7000
22951,130481.7000
22952,130481.7000
22953,130481.7000
22954,130481.7000
22955,130481.7000
22956,130481.7000
22957,130481.7000
22958,130481.7000
22959,130481.7000
22960,130481.7000
22961,130481.7000
22962,130481.7000
22963,130481.7000
22964,130481.7000
22965,130481.7000
22966,130481.7000
22967,130481.7000
22968,130481.7000
22969,130481.7000
22970,130481.7000
22971,130481.7000
22972,130481.7000
22973,130481.7000
22974,130481.7000
22975,130481.7000
22976,130481.7000
22977,130481.7000
22978,130481.7000
22979,130481.7000
22980,130481.7000
22981,130481.7000
22982,130481.7000
22983,130481.7000
22984,130481.7000
22985,130481.7000
22986,130481.7000
22987,130481.7000
22988,130481.7000
22989,130481.7000
22990,130481.7000
22991,130481.7000
22992,130481.7000
22993,130481.7000
22994,130481.7000
22995,130481.7000
22996,130481.7000
22997,130481.7000
22998,130481.7000
22999,130481.7000
23000,130481.7000
23001,130481.7000
23002,130481.7000
23003,130481.7000
23004,130481.7000
23005,130481.7000
23006,130481.7000
23007,130481.7000
23008,130481.7000
23009,130481.7000
23010,130481.7000
23011,130481.7000
23012,130481.7000
23013,130481.7000
23014,130481.7000
23015,130481.7000
23016,130481.7000
23017,130481.7000
23018,130481.7000
23019,130481.7000
23020,130481.7000
23021,130481.7000
23022,130481.7000
23023,130481.7000
23024,130481.7000
23025,130481.7000
23026,130481.7000
23027,130481.7000
23028,130481.7000
23029,130481.7000
23030,130481.7000
23031,130481.7000
23032,130481.7000
23033,130481.7000
23034,130481.7000
23035,130481.7000
23036,130481.7000
23037,130481.7000
23038,130481.7000
23039,130481.7000
23040,130481.7000
23041,130481.7000
23042,130481.7000
23043,130481.7000
23044,130481.7000
23045,130481.7000
23046,130481.7000
23047,130481.7000
23048,130481.7000
23049,130481.7000
23050,130481.7000
23051,130481.7000
23052,130481.7000
23053,130481.7000
23054,130481.7000
23055,130481.7000
23056,130481.7000
23057,130481.7000
23058,130481.7000
23059,130481.7000
23060,130481.7000
23061,130481.7000
23062,130481.7000
23063,130481.7000
23064,130481.7000
23065,130481.7000
23066,130481.7000
23067,130481.7000
23068,130481.7000
23069,130481.7000
23070,130481.7000
23071,130481.7000
23072,130481.7000
23073,130481.7000
23074,130481.7000
23075,130481.7000
23076,130481.7000
23077,130481.7000
23078,130481.7000
23079,130481.7000
23080,130481.7000
23081,130481.7000
23082,130481.7000
23083,130481.7000
23084,130481.7000
23085,130481.7000
23086,130481.7000
23087,130481.7000
23088,130481.7000
23089,130481.7000
23090,130481.7000
23091,130481.7000
23092,130481.7000
23093,130481.7000
23094,130481.7000
23095,130481.7000
23096,130481.7000
23097,130481.7000
23098,130481.7000
23099,130481.7000
23100,130481.7000
23101,130481.7000
23102,130481.7000
23103,130481.7000
23104,130481.7000
23105,130481.7000
23106,130481.7000
23107,130481.7000
23108,130481.7000
23109,130481.7000
23110,130481.7000
23111,130481.7000
23112,130481.7000
23113,130481.7000
23114,130481.7000
23115,130481.7000
23116,130481.7000
23117,130481.7000
23118,130481.7000
23119,130481.7000
23120,130481.7000
23121,130481.7000
23122,130481.7000
23123,130481.7000
23124,130481.7000
23125,130481.7000
23126,130481.7000
23127,130481.7000
23128,130481.7000
23129,130481.7000
23130,130481.7000
23131,130481.7000
23132,130481.7000
23133,130481.7000
23134,130481.7000
23135,130481.7000
23136,130481.7000
23137,130481.7000
23138,130481.7000
23139,130481.7000
23140,130481.7000
23141,130481.7000
23142,130481.7000
23143,130481.7000
23144,130481.7000
23145,130481.7000
23146,130481.7000
23147,130481.7000
23148,130481.7000
23149,130481.7000
23150,130481.7000
23151,130481.7000
23152,130481.7000
23153,130481.7000
23154,130481.7000
23155,130481.7000
23156,130481.7000
23157,130481.7000
23158,130481.7000
23159,130481.7000
23160,130481.7000
23161,130481.7000
23162,130481.7000
23163,130481.7000
23164,130481.7000
23165,130481.7000
23166,130481.7000
23167,130481.7000
23168,130481.7000
23169,130481.7000
23170,130481.7000
23171,130481.7000
23172,130481.7000
23173,130481.7000
23174,130481.7000
23175,130481.7000
23176,130481.7000
23177,130481.7000
23178,130481.7000
23179,130481.7000
23180,130481.7000
23181,130481.7000
23182,130481.7000
23183,130481.7000
23184,130481.7000
23185,130481.7000
23186,130481.7000
23187,130481.7000
23188,130481.7000
23189,130481.7000
23190,130481.7000
23191,130481.7000
23192,130481.7000
23193,130481.7000
23194,130481.7000
23195,130481.7000
23196,130481.7000
23197,130481.7000
23198,130481.7000
23199,130481.7000
23200,130481.7000
23201,130481.7000
23202,130481.7000
23203,130481.7000
23204,130481.7000
23205,130481.7000
23206,130481.7000
23207,130481.7000
23208,130481.7000
23209,130481.7000
23210,130481.7000
23211,130481.7000
23212,130481.7000
23213,130481.7000
23214,130481.7000
23215,130481.7000
23216,130481.7000
23217,130481.7000
23218,130481.7000
23219,130481.7000
23220,130481.7000
23221,130481.7000
23222,130481.7000
23223,130481.7000
23224,130481.7000
23225,130481.7000
23226,130481.7000
23227,130481.7000
23228,130481.7000
23229,130481.7000
23230,130481.7000
23231,130481.7000
23232,130481.7000
23233,130481.7000
23234,130481.7000
23235,130481.7000
23236,130481.7000
23237,130481.7000
23238,130481.7000
23239,130481.7000
23240,130481.7000
23241,130481.7000
23242,130481.7000
23243,130481.7000
23244,130481.7000
23245,130481.7000
23246,130481.7000
23247,130481.7000
23248,130481.7000
23249,130481.7000
23250,130481.7000
23251,130481.7000
23252,130481.7000
23253,130481.7000
23254,130481.7000
23255,130481.7000
23256,130481.7000
23257,130481.7000
23258,130481.7000
23259,130481.7000
23260,130481.7000
23261,130481.7000
23262,130481.7000
23263,130481.7000
23264,130481.7000
23265,130481.7000
23266,130481.7000
23267,130481.7000
23268,130481.7000
23269,130481.7000
23270,130481.7000
23271,130481.7000
23272,130481.7000
23273,130481.7000
23274,130481.7000
23275,130481.7000
23276,130481.7000
23277,130481.7000
23278,130481.7000
23279,130481.7000
23280,130481.7000
23281,130481.7000
23282,130481.7000
23283,130481.7000
23284,130481.7000
23285,130481.7000
23286,130481.7000
23287,130481.7000
23288,130481.7000
23289,130481.7000
23290,130481.7000
23291,130481.7000
23292,130481.7000
23293,130481.7000
23294,130481.7000
23295,130481.7000
23296,130481.7000
23297,130481.7000
23298,130481.7000
23299,130481.7000
23300,130481.7000
23301,130481.7000
23302,130481.7000
23303,130481.7000
23304,130481.7000
23305,130481.7000
23306,130481.7000
23307,130481.7000
23308,130481.7000
23309,130481.7000
23310,130481.7000
23311,130481.7000
23312,130481.7000
23313,130481.7000
23314,130481.7000
23315,130481.7000
23316,130481.7000
23317,130481.7000
23318,130481.7000
23319,130481.7000
23320,130481.7000
23321,130481.7000
23322,130481.7000
23323,130481.7000
23324,130481.7000
23325,130481.7000
23326,130481.7000
23327,130481.7000
23328,130481.7000
23329,130481.7000
23330,130481.7000
23331,130481.7000
23332,130481.7000
23333,130481.7000
23334,130481.7000
23335,130481.7000
23336,130481.7000
23337,130481.7000
23338,130481.7000
23339,130481.7000
23340,130481.7000
23341,130481.7000
23342,130481.7000
23343,130481.7000
23344,130481.7000
23345,130481.7000
23346,130481.7000
23347,130481.7000
23348,130481.7000
23349,130481.7000
23350,130481.7000
23351,130481.7000
23352,130481.7000
23353,130481.7000
23354,130481.7000
23355,130481.7000
23356,130481.7000
23357,130481.7000
23358,130481.7000
23359,130481.7000
23360,130481.7000
23361,130481.7000
23362,130481.7000
23363,130481.7000
23364,130481.7000
23365,130481.7000
23366,130481.7000
23367,130481.7000
23368,130481.7000
23369,130481.7000
23370,130481.7000
23371,130481.7000
23372,130481.7000
23373,130481.7000
23374,130481.7000
23375,130481.7000
23376,130481.7000
23377,130481.7000
23378,130481.7000
23379,130481.7000
23380,130481.7000
23381,130481.7000
23382,130481.7000
23383,130481.7000
23384,130481.7000
23385,130481.7000
23386,130481.7000
23387,130481.7000
23388,130481.7000
23389,130481.7000
23390,130481.7000
23391,130481.7000
23392,130481.7000
23393,130481.7000
23394,130481.7000
23395,130481.7000
23396,130481.7000
23397,130481.7000
23398,130481.7000
23399,130481.7000
23400,130481.7000
23401,130481.7000
23402,130481.7000
23403,130481.7000
23404,130481.7000
23405,130481.7000
23406,130481.7000
23407,130481.7000
23408,130481.7000
23409,130481.7000
23410,130481.7000
23411,130481.7000
23412,130481.7000
23413,130481.7000
23414,130481.7000
23415,130481.7000
23416,130481.7000
23417,130481.7000
23418,130481.7000
23419,130481.7000
23420,130481.7000
23421,130481.7000
23422,130481.7000
23423,130481.7000
23424,130481.7000
23425,130481.7000
23426,130481.7000
23427,130481.7000
23428,130481.7000
23429,130481.7000
23430,130481.7000
23431,130481.7000
23432,130481.7000
23433,130481.7000
23434,130481.7000
23435,130481.7000
23436,130481.7000
23437,130481.7000
23438,130481.7000
23439,130481.7000
23440,130481.7000
23441,130481.7000
23442,130481.7000
23443,130481.7000
23444,130481.7000
23445,130481.7000
23446,130481.7000
23447,130481.7000
23448,130481.7000
23449,130481.7000
23450,130481.7000
23451,130481.7000
23452,130481.7000
23453,130481.7000
23454,130481.7000
23455,130481.7000
23456,130481.7000
23457,130481.7000
23458,130481.7000
23459,130481.7000
23460,130481.7000
23461,130481.7000
23462,130481.7000
23463,130481.7000
23464,130481.7000
23465,130481.7000
23466,130481.7000
23467,130481.7000
23468,130481.7000
23469,130481.7000
23470,130481.7000
23471,130481.7000
23472,130481.7000
23473,130481.7000
23474,130481.7000
23475,130481.7000
23476,130481.7000
23477,130481.7000
23478,130481.7000
23479,130481.7000
23480,130481.7000
23481,130481.7000
23482,130481.7000
23483,130481.7000
23484,130481.7000
23485,130481.7000
23486,130481.7000
23487,130481.7000
23488,130481.7000
23489,130481.7000
23490,130481.7000
23491,130481.7000
23492,130481.7000
23493,130481.7000
23494,130481.7000
23495,130481.7000
23496,130481.7000
23497,130481.7000
23498,130481.7000
23499,130481.7000
23500,130481.7000
23501,130481.7000
23502,130481.7000
23503,130481.7000
23504,130481.7000
23505,130481.7000
23506,130481.7000
23507,130481.7000
23508,130481.7000
23509,130481.7000
23510,130481.7000
23511,130481.7000
23512,130481.7000
23513,130481.7000
23514,130481.7000
23515,130481.7000
23516,130481.7000
23517,130481.7000
23518,130481.7000
23519,130481.7000
23520,130481.7000
23521,130481.7000
23522,130481.7000
23523,130481.7000
23524,130481.7000
23525,130481.7000
23526,130481.7000
23527,130481.7000
23528,130481.7000
23529,130481.7000
23530,130481.7000
23531,130481.7000
23532,130481.7000
23533,130481.7000
23534,130481.7000
23535,130481.7000
23536,130481.7000
23537,130481.7000
23538,130481.7000
23539,130481.7000
23540,130481.7000
23541,130481.7000
23542,130481.7000
23543,130481.7000
23544,130481.7000
23545,130481.7000
23546,130481.7000
23547,130481.7000
23548,130481.7000
23549,130481.7000
23550,130481.7000
23551,130481.7000
23552,130481.7000
23553,130481.7000
23554,130481.7000
23555,130481.7000
23556,130481.7000
23557,130481.7000
23558,130481.7000
23559,130481.7000
23560,130481.7000
23561,130481.7000
23562,130481.7000
23563,130481.7000
23564,130481.7000
23565,130481.7000
23566,130481.7000
23567,130481.7000
23568,130481.7000
23569,130481.7000
23570,130481.7000
23571,130481.7000
23572,130481.7000
23573,130481.7000
23574,130481.7000
23575,130481.7000
23576,130481.7000
23577,130481.7000
23578,130481.7000
23579,130481.7000
23580,130481.7000
23581,130481.7000
23582,130481.7000
23583,130481.7000
23584,130481.7000
23585,130481.7000
23586,130481.7000
23587,130481.7000
23588,130481.7000
23589,130481.7000
23590,130481.7000
23591,130481.7000
23592,130481.7000
23593,130481.7000
23594,130481.7000
23595,130481.7000
23596,130481.7000
23597,130481.7000
23598,130481.7000
23599,130481.7000
23600,130481.7000
23601,130481.7000
23602,130481.7000
23603,130481.7000
23604,130481.7000
23605,130481.7000
23606,130481.7000
23607,130481.7000
23608,130481.7000
23609,130481.7000
23610,130481.7000
23611,130481.7000
23612,130481.7000
23613,130481.7000
23614,130481.7000
23615,130481.7000
23616,130481.7000
23617,130481.7000
23618,130481.7000
23619,130481.7000
23620,130481.7000
23621,130481.7000
23622,130481.7000
23623,130481.7000
23624,130481.7000
23625,130481.7000
23626,130481.7000
23627,130481.7000
23628,130481.7000
23629,130481.7000
23630,130481.7000
23631,130481.7000
23632,130481.7000
23633,130481.7000
23634,130481.7000
23635,130481.7000
23636,130481.7000
23637,130481.7000
23638,130481.7000
23639,130481.7000
23640,130481.7000
23641,130481.7000
23642,130481.7000
23643,130481.7000
23644,130481.7000
23645,130481.7000
23646,130481.7000
23647,130481.7000
23648,130481.7000
23649,130481.7000
23650,130481.7000
23651,130481.7000
23652,130481.7000
23653,130481.7000
23654,130481.7000
23655,130481.7000
23656,130481.7000
23657,130481.7000
23658,130481.7000
23659,130481.7000
23660,130481.7000
23661,130481.7000
23662,130481.7000
23663,130481.7000
23664,130481.7000
23665,130481.7000
23666,130481.7000
23667,130481.7000
23668,130481.7000
23669,130481.7000
23670,130481.7000
23671,130481.7000
23672,130481.7000
23673,130481.7000
23674,130481.7000
23675,130481.7000
23676,130481.7000
23677,130481.7000
23678,130481.7000
23679,130481.7000
23680,130481.7000
23681,130481.7000
23682,130481.7000
23683,130481.7000
23684,130481.7000
23685,130481.7000
23686,130481.7000
23687,130481.7000
23688,130481.7000
23689,130481.7000
23690,130481.7000
23691,130481.7000
23692,130481.7000
23693,130481.7000
23694,130481.7000
23695,130481.7000
23696,130481.7000
23697,130481.7000
23698,130481.7000
23699,130481.7000
23700,130481.7000
23701,130481.7000
23702,130481.7000
23703,130481.7000
23704,130481.7000
23705,130481.7000
23706,130481.7000
23707,130481.7000
23708,130481.7000
23709,130481.7000
23710,130481.7000
23711,130481.7000
23712,130481.7000
23713,130481.7000
23714,130481.7000
23715,130481.7000
23716,130481.7000
23717,130481.7000
23718,130481.7000
23719,130481.7000
23720,130481.7000
23721,130481.7000
23722,130481.7000
23723,130481.7000
23724,130481.7000
23725,130481.7000
23726,130481.7000
23727,130481.7000
23728,130481.7000
23729,130481.7000
23730,130481.7000
23731,130481.7000
23732,130481.7000
23733,130481.7000
23734,130481.7000
23735,130481.7000
23736,130481.7000
23737,130481.7000
23738,130481.7000
23739,130481.7000
23740,130481.7000
23741,130481.7000
23742,130481.7000
23743,130481.7000
23744,130481.7000
23745,130481.7000
23746,130481.7000
23747,130481.7000
23748,130481.7000
23749,130481.7000
23750,130481.7000
23751,130481.7000
23752,130481.7000
23753,130481.7000
23754,130481.7000
23755,130481.7000
23756,130481.7000
23757,130481.7000
23758,130481.7000
23759,130481.7000
23760,130481.7000
23761,130481.7000
23762,130481.7000
23763,130481.7000
23764,130481.7000
23765,130481.7000
23766,130481.7000
23767,130481.7000
23768,130481.7000
23769,130481.7000
23770,130481.7000
23771,130481.7000
23772,130481.7000
23773,130481.7000
23774,130481.7000
23775,130481.7000
23776,130481.7000
23777,130481.7000
23778,130481.7000
23779,130481.7000
23780,130481.7000
23781,130481.7000
23782,130481.7000
23783,130481.7000
23784,130481.7000
23785,130481.7000
23786,130481.7000
23787,130481.7000
23788,130481.7000
23789,130481.7000
23790,130481.7000
23791,130481.7000
23792,130481.7000
23793,130481.7000
23794,130481.7000
23795,130481.7000
23796,130481.7000
23797,130481.7000
23798,130481.7000
23799,130481.7000
23800,130481.7000
23801,130481.7000
23802,130481.7000
23803,130481.7000
23804,130481.7000
23805,130481.7000
23806,130481.7000
23807,130481.7000
23808,130481.7000
23809,130481.7000
23810,130481.7000
23811,130481.7000
23812,130481.7000
23813,130481.7000
23814,130481.7000
23815,130481.7000
23816,130481.7000
23817,130481.7000
23818,130481.7000
23819,130481.7000
23820,130481.7000
23821,130481.7000
23822,130481.7000
23823,130481.7000
23824,130481.7000
23825,130481.7000
23826,130481.7000
23827,130481.7000
23828,130481.7000
23829,130481.7000
23830,130481.7000
23831,130481.7000
23832,130481.7000
23833,130481.7000
23834,130481.7000
23835,130481.7000
23836,130481.7000
23837,130481.7000
23838,130481.7000
23839,130481.7000
23840,130481.7000
23841,130481.7000
23842,130481.7000
23843,130481.7000
23844,130481.7000
23845,130481.7000
23846,130481.7000
23847,130481.7000
23848,130481.7000
23849,130481.7000
23850,130481.7000
23851,130481.7000
23852,130481.7000
23853,130481.7000
23854,130481.7000
23855,130481.7000
23856,130481.7000
23857,130481.7000
23858,130481.7000
23859,130481.7000
23860,130481.7000
23861,130481.7000
23862,130481.7000
23863,130481.7000
23864,130481.7000
23865,130481.7000
23866,130481.7000
23867,130481.7000
23868,130481.7000
23869,130481.7000
23870,130481.7000
23871,130481.7000
23872,130481.7000
23873,130481.7000
23874,130481.7000
23875,130481.7000
23876,130481.7000
23877,130481.7000
23878,130481.7000
23879,130481.7000
23880,130481.7000
23881,130481.7000
23882,130481.7000
23883,130481.7000
23884,130481.7000
23885,130481.7000
23886,130481.7000
23887,130481.7000
23888,130481.7000
23889,130481.7000
23890,130481.7000
23891,130481.7000
23892,130481.7000
23893,130481.7000
23894,130481.7000
23895,130481.7000
23896,130481.7000
23897,130481.7000
23898,130481.7000
23899,130481.7000
23900,130481.7000
23901,130481.7000
23902,130481.7000
23903,130481.7000
23904,130481.7000
23905,130481.7000
23906,130481.7000
23907,130481.7000
23908,130481.7000
23909,130481.7000
23910,130481.7000
23911,130481.7000
23912,130481.7000
23913,130481.7000
23914,130481.7000
23915,130481.7000
23916,130481.7000
23917,130481.7000
23918,130481.7000
23919,130481.7000
23920,130481.7000
23921,130481.7000
23922,130481.7000
23923,130481.7000
23924,130481.7000
23925,130481.7000
23926,130481.7000
23927,130481.7000
23928,130481.7000
23929,130481.7000
23930,130481.7000
23931,130481.7000
23932,130481.7000
23933,130481.7000
23934,130481.7000
23935,130481.7000
23936,130481.7000
23937,130481.7000
23938,130481.7000
23939,130481.7000
23940,130481.7000
23941,130481.7000
23942,130481.7000
23943,130481.7000
23944,130481.7000
23945,130481.7000
23946,130481.7000
23947,130481.7000
23948,130481.7000
23949,130481.7000
23950,130481.7000
23951,130481.7000
23952,130481.7000
23953,130481.7000
23954,130481.7000
23955,130481.7000
23956,130481.7000
23957,130481.7000
23958,130481.7000
23959,130481.7000
23960,130481.7000
23961,130481.7000
23962,130481.7000
23963,130481.7000
23964,130481.7000
23965,130481.7000
23966,130481.7000
23967,130481.7000
23968,130481.7000
23969,130481.7000
23970,130481.7000
23971,130481.7000
23972,130481.7000
23973,130481.7000
23974,130481.7000
23975,130481.7000
23976,130481.7000
23977,130481.7000
23978,130481.7000
23979,130481.7000
23980,130481.7000
23981,130481.7000
23982,130481.7000
23983,130481.7000
23984,130481.7000
23985,130481.7000
23986,130481.7000
23987,130481.7000
23988,130481.7000
23989,130481.7000
23990,130481.7000
23991,130481.7000
23992,130481.7000
23993,130481.7000
23994,130481.7000
23995,130481.7000
23996,130481.7000
23997,130481.7000
23998,130481.7000
23999,130481.7000
24000,130481.7000
24001,130481.7000
24002,130481.7000
24003,130481.7000
24004,130481.7000
24005,130481.7000
24006,130481.7000
24007,130481.7000
24008,130481.7000
24009,130481.7000
24010,130481.7000
24011,130481.7000
24012,130481.7000
24013,130481.7000
24014,130481.7000
24015,130481.7000
24016,130481.7000
24017,130481.7000
24018,130481.7000
24019,130481.7000
24020,130481.7000
24021,130481.7000
24022,130481.7000
24023,130481.7000
24024,130481.7000
24025,130481.7000
24026,130481.7000
24027,130481.7000
24028,130481.7000
24029,130481.7000
24030,130481.7000
24031,130481.7000
24032,130481.7000
24033,130481.7000
24034,130481.7000
24035,130481.7000
24036,130481.7000
24037,130481.7000
24038,130481.7000
24039,130481.7000
24040,130481.7000
24041,130481.7000
24042,130481.7000
24043,130481.7000
24044,130481.7000
24045,130481.7000
24046,130481.7000
24047,130481.7000
24048,130481.7000
24049,130481.7000
24050,130481.7000
24051,130481.7000
24052,130481.7000
24053,130481.7000
24054,130481.7000
24055,130481.7000
24056,130481.7000
24057,130481.7000
24058,130481.7000
24059,130481.7000
24060,130481.7000
24061,130481.7000
24062,130481.7000
24063,130481.7000
24064,130481.7000
24065,130481.7000
24066,130481.7000
24067,130481.7000
24068,130481.7000
24069,130481.7000
24070,130481.7000
24071,130481.7000
24072,130481.7000
24073,130481.7000
24074,130481.7000
24075,130481.7000
24076,130481.7000
24077,130481.7000
24078,130481.7000
24079,130481.7000
24080,130481.7000
24081,130481.7000
24082,130481.7000
24083,130481.7000
24084,130481.7000
24085,130481.7000
24086,130481.7000
24087,130481.7000
24088,130481.7000
24089,130481.7000
24090,130481.7000
24091,130481.7000
24092,130481.7000
24093,130481.7000
24094,130481.7000
24095,130481.7000
24096,130481.7000
24097,130481.7000
24098,130481.7000
24099,130481.7000
24100,130481.7000
24101,130481.7000
24102,130481.7000
24103,130481.7000
24104,130481.7000
24105,130481.7000
24106,130481.7000
24107,130481.7000
24108,130481.7000
24109,130481.7000
24110,130481.7000
24111,130481.7000
24112,130481.7000
24113,130481.7000
24114,130481.7000
24115,130481.7000
24116,130481.7000
24117,130481.7000
24118,130481.7000
24119,130481.7000
24120,130481.7000
24121,130481.7000
24122,130481.7000
24123,130481.7000
24124,130481.7000
24125,130481.7000
24126,130481.7000
24127,130481.7000
24128,130481.7000
24129,130481.7000
24130,130481.7000
24131,130481.7000
24132,130481.7000
24133,130481.7000
24134,130481.7000
24135,130481.7000
24136,130481.7000
24137,130481.7000
24138,130481.7000
24139,130481.7000
24140,130481.7000
24141,130481.7000
24142,130481.7000
24143,130481.7000
24144,130481.7000
24145,130481.7000
24146,130481.7000
24147,130481.7000
24148,130481.7000
24149,130481.7000
24150,130481.7000
24151,130481.7000
24152,130481.7000
24153,130481.7000
24154,130481.7000
24155,130481.7000
24156,130481.7000
24157,130481.7000
24158,130481.7000
24159,130481.7000
24160,130481.7000
24161,130481.7000
24162,130481.7000
24163,130481.7000
24164,130481.7000
24165,130481.7000
24166,130481.7000
24167,130481.7000
24168,130481.7000
24169,130481.7000
24170,130481.7000
24171,130481.7000
24172,130481.7000
24173,130481.7000
24174,130481.7000
24175,130481.7000
24176,130481.7000
24177,130481.7000
24178,130481.7000
24179,130481.7000
24180,130481.7000
24181,130481.7000
24182,130481.7000
24183,130481.7000
24184,130481.7000
24185,130481.7000
24186,130481.7000
24187,130481.7000
24188,130481.7000
24189,130481.7000
24190,130481.7000
24191,130481.7000
24192,130481.7000
24193,130481.7000
24194,130481.7000
24195,130481.7000
24196,130481.7000
24197,130481.7000
24198,130481.7000
24199,130481.7000
24200,130481.7000
24201,130481.7000
24202,130481.7000
24203,130481.7000
24204,130481.7000
24205,130481.7000
24206,130481.7000
24207,130481.7000
24208,130481.7000
24209,130481.7000
24210,130481.7000
24211,130481.7000
24212,130481.7000
24213,130481.7000
24214,130481.7000
24215,130481.7000
24216,130481.7000
24217,130481.7000
24218,130481.7000
24219,130481.7000
24220,130481.7000
24221,130481.7000
24222,130481.7000
24223,130481.7000
24224,130481.7000
24225,130481.7000
24226,130481.7000
24227,130481.7000
24228,130481.7000
24229,130481.7000
24230,130481.7000
24231,130481.7000
24232,130481.7000
24233,130481.7000
24234,130481.7000
24235,130481.7000
24236,130481.7000
24237,130481.7000
24238,130481.7000
24239,130481.7000
24240,130481.7000
24241,130481.7000
24242,130481.7000
24243,130481.7000
24244,130481.7000
24245,130481.7000
24246,130481.7000
24247,130481.7000
24248,130481.7000
24249,130481.7000
24250,130481.7000
24251,130481.7000
24252,130481.7000
24253,130481.7000
24254,130481.7000
24255,130481.7000
24256,130481.7000
24257,130481.7000
24258,130481.7000
24259,130481.7000
24260,130481.7000
24261,130481.7000
24262,130481.7000
24263,130481.7000
24264,130481.7000
24265,130481.7000
24266,130481.7000
24267,130481.7000
24268,130481.7000
24269,130481.7000
24270,130481.7000
24271,130481.7000
24272,130481.7000
24273,130481.7000
24274,130481.7000
24275,130481.7000
24276,130481.7000
24277,130481.7000
24278,130481.7000
24279,130481.7000
24280,130481.7000
24281,130481.7000
24282,130481.7000
24283,130481.7000
24284,130481.7000
24285,130481.7000
24286,130481.7000
24287,130481.7000
24288,130481.7000
24289,130481.7000
24290,130481.7000
24291,130481.7000
24292,130481.7000
24293,130481.7000
24294,130481.7000
24295,130481.7000
24296,130481.7000
24297,130481.7000
24298,130481.7000
24299,130481.7000
24300,130481.7000
24301,130481.7000
24302,130481.7000
24303,130481.7000
24304,130481.7000
24305,130481.7000
24306,130481.7000
24307,130481.7000
24308,130481.7000
24309,130481.7000
24310,130481.7000
24311,130481.7000
24312,130481.7000
24313,130481.7000
24314,130481.7000
24315,130481.7000
24316,130481.7000
24317,130481.7000
24318,130481.7000
24319,130481.7000
24320,130481.7000
24321,130481.7000
24322,130481.7000
24323,130481.7000
24324,130481.7000
24325,130481.7000
24326,130481.7000
24327,130481.7000
24328,130481.7000
24329,130481.7000
24330,130481.7000
24331,130481.7000
24332,130481.7000
24333,130481.7000
24334,130481.7000
24335,130481.7000
24336,130481.7000
24337,130481.7000
24338,130481.7000
24339,130481.7000
24340,130481.7000
24341,130481.7000
24342,130481.7000
24343,130481.7000
24344,130481.7000
24345,130481.7000
24346,130481.7000
24347,130481.7000
24348,130481.7000
24349,130481.7000
24350,130481.7000
24351,130481.7000
24352,130481.7000
24353,130481.7000
24354,130481.7000
24355,130481.7000
24356,130481.7000
24357,130481.7000
24358,130481.7000
24359,130481.7000
24360,130481.7000
24361,130481.7000
24362,130481.7000
24363,130481.7000
24364,130481.7000
24365,130481.7000
24366,130481.7000
24367,130481.7000
24368,130481.7000
24369,130481.7000
24370,130481.7000
24371,130481.7000
24372,130481.7000
24373,130481.7000
24374,130481.7000
24375,130481.7000
24376,130481.7000
24377,130481.7000
24378,130481.7000
24379,130481.7000
24380,130481.7000
24381,130481.7000
24382,130481.7000
24383,130481.7000
24384,130481.7000
24385,130481.7000
24386,130481.7000
24387,130481.7000
24388,130481.7000
24389,130481.7000
24390,130481.7000
24391,130481.7000
24392,130481.7000
24393,130481.7000
24394,130481.7000
24395,130481.7000
24396,130481.7000
24397,130481.7000
24398,130481.7000
24399,130481.7000
24400,130481.7000
24401,130481.7000
24402,130481.7000
24403,130481.7000
24404,130481.7000
24405,130481.7000
24406,130481.7000
24407,130481.7000
24408,130481.7000
24409,130481.7000
24410,130481.7000
24411,130481.7000
24412,130481.7000
24413,130481.7000
24414,130481.7000
24415,130481.7000
24416,130481.7000
24417,130481.7000
24418,130481.7000
24419,130481.7000
24420,130481.7000
24421,130481.7000
24422,130481.7000
24423,130481.7000
24424,130481.7000
24425,130481.7000
24426,130481.7000
24427,130481.7000
24428,130481.7000
24429,130481.7000
24430,130481.7000
24431,130481.7000
24432,130481.7000
24433,130481.7000
24434,130481.7000
24435,130481.7000
24436,130481.7000
24437,130481.7000
24438,130481.7000
24439,130481.7000
24440,130481.7000
24441,130481.7000
24442,130481.7000
24443,130481.7000
24444,130481.7000
24445,130481.7000
24446,130481.7000
24447,130481.7000
24448,130481.7000
24449,130481.7000
24450,130481.7000
24451,130481.7000
24452,130481.7000
24453,130481.7000
24454,130481.7000
24455,130481.7000
24456,130481.7000
24457,130481.7000
24458,130481.7000
24459,130481.7000
24460,130481.7000
24461,130481.7000
24462,130481.7000
24463,130481.7000
24464,130481.7000
24465,130481.7000
24466,130481.7000
24467,130481.7000
24468,130481.7000
24469,130481.7000
24470,130481.7000
24471,130481.7000
24472,130481.7000
24473,130481.7000
24474,130481.7000
24475,130481.7000
24476,130481.7000
24477,130481.7000
24478,130481.7000
24479,130481.7000
24480,130481.7000
24481,130481.7000
24482,130481.7000
24483,130481.7000
24484,130481.7000
24485,130481.7000
24486,130481.7000
24487,130481.7000
24488,130481.7000
24489,130481.7000
24490,130481.7000
24491,130481.7000
24492,130481.7000
24493,130481.7000
24494,130481.7000
24495,130481.7000
24496,130481.7000
24497,130481.7000
24498,130481.7000
24499,130481.7000
24500,130481.7000
24501,130481.7000
24502,130481.7000
24503,130481.7000
24504,130481.7000
24505,130481.7000
24506,130481.7000
24507,130481.7000
24508,130481.7000
24509,130481.7000
24510,130481.7000
24511,130481.7000
24512,130481.7000
24513,130481.7000
24514,130481.7000
24515,130481.7000
24516,130481.7000
24517,130481.7000
24518,130481.7000
24519,130481.7000
24520,130481.7000
24521,130481.7000
24522,130481.7000
24523,130481.7000
24524,130481.7000
24525,130481.7000
24526,130481.7000
24527,130481.7000
24528,130481.7000
24529,130481.7000
24530,130481.7000
24531,130481.7000
24532,130481.7000
24533,130481.7000
24534,130481.7000
24535,130481.7000
24536,130481.7000
24537,130481.7000
24538,130481.7000
24539,130481.7000
24540,130481.7000
24541,130481.7000
24542,130481.7000
24543,130481.7000
24544,130481.7000
24545,130481.7000
24546,130481.7000
24547,130481.7000
24548,130481.7000
24549,130481.7000
24550,130481.7000
24551,130481.7000
24552,130481.7000
24553,130481.7000
24554,130481.7000
24555,130481.7000
24556,130481.7000
24557,130481.7000
24558,130481.7000
24559,130481.7000
24560,130481.7000
24561,130481.7000
24562,130481.7000
24563,130481.7000
24564,130481.7000
24565,130481.7000
24566,130481.7000
24567,130481.7000
24568,130481.7000
24569,130481.7000
24570,130481.7000
24571,130481.7000
24572,130481.7000
24573,130481.7000
24574,130481.7000
24575,130481.7000
24576,130481.7000
24577,130481.7000
24578,130481.7000
24579,130481.7000
24580,130481.7000
24581,130481.7000
24582,130481.7000
24583,130481.7000
24584,130481.7000
24585,130481.7000
24586,130481.7000
24587,130481.7000
24588,130481.7000
24589,130481.7000
24590,130481.7000
24591,130481.7000
24592,130481.7000
24593,130481.7000
24594,130481.7000
24595,130481.7000
24596,130481.7000
24597,130481.7000
24598,130481.7000
24599,130481.7000
24600,130481.7000
24601,130481.7000
24602,130481.7000
24603,130481.7000
24604,130481.7000
24605,130481.7000
24606,130481.7000
24607,130481.7000
24608,130481.7000
24609,130481.7000
24610,130481.7000
24611,130481.7000
24612,130481.7000
24613,130481.7000
24614,130481.7000
24615,130481.7000
24616,130481.7000
24617,130481.7000
24618,130481.7000
24619,130481.7000
24620,130481.7000
24621,130481.7000
24622,130481.7000
24623,130481.7000
24624,130481.7000
24625,130481.7000
24626,130481.7000
24627,130481.7000
24628,130481.7000
24629,130481.7000
24630,130481.7000
24631,130481.7000
24632,130481.7000
24633,130481.7000
24634,130481.7000
24635,130481.7000
24636,130481.7000
24637,130481.7000
24638,130481.7000
24639,130481.7000
24640,130481.7000
24641,130481.7000
24642,130481.7000
24643,130481.7000
24644,130481.7000
24645,130481.7000
24646,130481.7000
24647,130481.7000
24648,130481.7000
24649,130481.7000
24650,130481.7000
24651,130481.7000
24652,130481.7000
24653,130481.7000
24654,130481.7000
24655,130481.7000
24656,130481.7000
24657,130481.7000
24658,130481.7000
24659,130481.7000
24660,130481.7000
24661,130481.7000
24662,130481.7000
24663,130481.7000
24664,130481.7000
24665,130481.7000
24666,130481.7000
24667,130481.7000
24668,130481.7000
24669,130481.7000
24670,130481.7000
24671,130481.7000
24672,130481.7000
24673,130481.7000
24674,130481.7000
24675,130481.7000
24676,130481.7000
24677,130481.7000
24678,130481.7000
24679,130481.7000
24680,130481.7000
24681,130481.7000
24682,130481.7000
24683,130481.7000
24684,130481.7000
24685,130481.7000
24686,130481.7000
24687,130481.7000
24688,130481.7000
24689,130481.7000
24690,130481.7000
24691,130481.7000
24692,130481.7000
24693,130481.7000
24694,130481.7000
24695,130481.7000
24696,130481.7000
24697,130481.7000
24698,130481.7000
24699,130481.7000
24700,130481.7000
24701,130481.7000
24702,130481.7000
24703,130481.7000
24704,130481.7000
24705,130481.7000
24706,130481.7000
24707,130481.7000
24708,130481.7000
24709,130481.7000
24710,130481.7000
24711,130481.7000
24712,130481.7000
24713,130481.7000
24714,130481.7000
24715,130481.7000
24716,130481.7000
24717,130481.7000
24718,130481.7000
24719,130481.7000
24720,130481.7000
24721,130481.7000
24722,130481.7000
24723,130481.7000
24724,130481.7000
24725,130481.7000
24726,130481.7000
24727,130481.7000
24728,130481.7000
24729,130481.7000
24730,130481.7000
24731,130481.7000
24732,130481.7000
24733,130481.7000
24734,130481.7000
24735,130481.7000
24736,130481.7000
24737,130481.7000
24738,130481.7000
24739,130481.7000
24740,130481.7000
24741,130481.7000
24742,130481.7000
24743,130481.7000
24744,130481.7000
24745,130481.7000
24746,130481.7000
24747,130481.7000
24748,130481.7000
24749,130481.7000
24750,130481.7000
24751,130481.7000
24752,130481.7000
24753,130481.7000
24754,130481.7000
24755,130481.7000
24756,130481.7000
24757,130481.7000
24758,130481.7000
24759,130481.7000
24760,130481.7000
24761,130481.7000
24762,130481.7000
24763,130481.7000
24764,130481.7000
24765,130481.7000
24766,130481.7000
24767,130481.7000
24768,130481.7000
24769,130481.7000
24770,130481.7000
24771,130481.7000
24772,130481.7000
24773,130481.7000
24774,130481.7000
24775,130481.7000
24776,130481.7000
24777,130481.7000
24778,130481.7000
24779,130481.7000
24780,130481.7000
24781,130481.7000
24782,130481.7000
24783,130481.7000
24784,130481.7000
24785,130481.7000
24786,130481.7000
24787,130481.7000
24788,130481.7000
24789,130481.7000
24790,130481.7000
24791,130481.7000
24792,130481.7000
24793,130481.7000
24794,130481.7000
24795,130481.7000
24796,130481.7000
24797,130481.7000
24798,130481.7000
24799,130481.7000
24800,130481.7000
24801,130481.7000
24802,130481.7000
24803,130481.7000
24804,130481.7000
24805,130481.7000
24806,130481.7000
24807,130481.7000
24808,130481.7000
24809,130481.7000
24810,130481.7000
24811,130481.7000
24812,130481.7000
24813,130481.7000
24814,130481.7000
24815,130481.7000
24816,130481.7000
24817,130481.7000
24818,130481.7000
24819,130481.7000
24820,130481.7000
24821,130481.7000
24822,130481.7000
24823,130481.7000
24824,130481.7000
24825,130481.7000
24826,130481.7000
24827,130481.7000
24828,130481.7000
24829,130481.7000
24830,130481.7000
24831,130481.7000
24832,130481.7000
24833,130481.7000
24834,130481.7000
24835,130481.7000
24836,130481.7000
24837,130481.7000
24838,130481.7000
24839,130481.7000
24840,130481.7000
24841,130481.7000
24842,130481.7000
24843,130481.7000
24844,130481.7000
24845,130481.7000
24846,130481.7000
24847,130481.7000
24848,130481.7000
24849,130481.7000
24850,130481.7000
24851,130481.7000
24852,130481.7000
24853,130481.7000
24854,130481.7000
24855,130481.7000
24856,130481.7000
24857,130481.7000
24858,130481.7000
24859,130481.7000
24860,130481.7000
24861,130481.7000
24862,130481.7000
24863,130481.7000
24864,130481.7000
24865,130481.7000
24866,130481.7000
24867,130481.7000
24868,130481.7000
24869,130481.7000
24870,130481.7000
24871,130481.7000
24872,130481.7000
24873,130481.7000
24874,130481.7000
24875,130481.7000
24876,130481.7000
24877,130481.7000
24878,130481.7000
24879,130481.7000
24880,130481.7000
24881,130481.7000
24882,130481.7000
24883,130481.7000
24884,130481.7000
24885,130481.7000
24886,130481.7000
24887,130481.7000
24888,130481.7000
24889,130481.7000
24890,130481.7000
24891,130481.7000
24892,130481.7000
24893,130481.7000
24894,130481.7000
24895,130481.7000
24896,130481.7000
24897,130481.7000
24898,130481.7000
24899,130481.7000
24900,130481.7000
24901,130481.7000
24902,130481.7000
24903,130481.7000
24904,130481.7000
24905,130481.7000
24906,130481.7000
24907,130481.7000
24908,130481.7000
24909,130481.7000
24910,130481.7000
24911,130481.7000
24912,130481.7000
24913,130481.7000
24914,130481.7000
24915,130481.7000
24916,130481.7000
24917,130481.7000
24918,130481.7000
24919,130481.7000
24920,130481.7000
24921,130481.7000
24922,130481.7000
24923,130481.7000
24924,130481.7000
24925,130481.7000
24926,130481.7000
24927,130481.7000
24928,130481.7000
24929,130481.7000
24930,130481.7000
24931,130481.7000
24932,130481.7000
24933,130481.7000
24934,130481.7000
24935,130481.7000
24936,130481.7000
24937,130481.7000
24938,130481.7000
24939,130481.7000
24940,130481.7000
24941,130481.7000
24942,130481.7000
24943,130481.7000
24944,130481.7000
24945,130481.7000
24946,130481.7000
24947,130481.7000
24948,130481.7000
24949,130481.7000
24950,130481.7000
24951,130481.7000
24952,130481.7000
24953,130481.7000
24954,130481.7000
24955,130481.7000
24956,130481.7000
24957,130481.7000
24958,130481.7000
24959,130481.7000
24960,130481.7000
24961,130481.7000
24962,130481.7000
24963,130481.7000
24964,130481.7000
24965,130481.7000
24966,130481.7000
24967,130481.7000
24968,130481.7000
24969,130481.7000
24970,130481.7000
24971,130481.7000
24972,130481.7000
24973,130481.7000
24974,130481.7000
24975,130481.7000
24976,130481.7000
24977,130481.7000
24978,130481.7000
24979,130481.7000
24980,130481.7000
24981,130481.7000
24982,130481.7000
24983,130481.7000
24984,130481.7000
24985,130481.7000
24986,130481.7000
24987,130481.7000
24988,130481.7000
24989,130481.7000
24990,130481.7000
24991,130481.7000
24992,130481.7000
24993,130481.7000
24994,130481.7000
24995,130481.7000
24996,130481.7000
24997,130481.7000
24998,130481.7000
24999,130481.7000
25000,130481.7000
25001,130481.7000
25002,130481.7000
25003,130481.7000
25004,130481.7000
25005,130481.7000
25006,130481.7000
25007,130481.7000
25008,130481.7000
25009,130481.7000
25010,130481.7000
25011,130481.7000
25012,130481.7000
25013,130481.7000
25014,130481.7000
25015,130481.7000
25016,130481.7000
25017,130481.7000
25018,130481.7000
25019,130481.7000
25020,130481.7000
25021,130481.7000
25022,130481.7000
25023,130481.7000
25024,130481.7000
25025,130481.7000
25026,130481.7000
25027,130481.7000
25028,130481.7000
25029,130481.7000
25030,130481.7000
25031,130481.7000
25032,130481.7000
25033,130481.7000
25034,130481.7000
25035,130481.7000
25036,130481.7000
25037,130481.7000
25038,130481.7000
25039,130481.7000
25040,130481.7000
25041,130481.7000
25042,130481.7000
25043,130481.7000
25044,130481.7000
25045,130481.7000
25046,130481.7000
25047,130481.7000
25048,130481.7000
25049,130481.7000
25050,130481.7000
25051,130481.7000
25052,130481.7000
25053,130481.7000
25054,130481.7000
25055,130481.7000
25056,130481.7000
25057,130481.7000
25058,130481.7000
25059,130481.7000
25060,130481.7000
25061,130481.7000
25062,130481.7000
25063,130481.7000
25064,130481.7000
25065,130481.7000
25066,130481.7000
25067,130481.7000
25068,130481.7000
25069,130481.7000
25070,130481.7000
25071,130481.7000
25072,130481.7000
25073,130481.7000
25074,130481.7000
25075,130481.7000
25076,130481.7000
25077,130481.7000
25078,130481.7000
25079,130481.7000
25080,130481.7000
25081,130481.7000
25082,130481.7000
25083,130481.7000
25084,130481.7000
25085,130481.7000
25086,130481.7000
25087,130481.7000
25088,130481.7000
25089,130481.7000
25090,130481.7000
25091,130481.7000
25092,130481.7000
25093,130481.7000
25094,130481.7000
25095,130481.7000
25096,130481.7000
25097,130481.7000
25098,130481.7000
25099,130481.7000
25100,130481.7000
25101,130481.7000
25102,130481.7000
25103,130481.7000
25104,130481.7000
25105,130481.7000
25106,130481.7000
25107,130481.7000
25108,130481.7000
25109,130481.7000
25110,130481.7000
25111,130481.7000
25112,130481.7000
25113,130481.7000
25114,130481.7000
25115,130481.7000
25116,130481.7000
25117,130481.7000
25118,130481.7000
25119,130481.7000
25120,130481.7000
25121,130481.7000
25122,130481.7000
25123,130481.7000
25124,130481.7000
25125,130481.7000
25126,130481.7000
25127,130481.7000
25128,130481.7000
25129,130481.7000
25130,130481.7000
25131,130481.7000
25132,130481.7000
25133,130481.7000
25134,130481.7000
25135,130481.7000
25136,130481.7000
25137,130481.7000
25138,130481.7000
25139,130481.7000
25140,130481.7000
25141,130481.7000
25142,130481.7000
25143,130481.7000
25144,130481.7000
25145,130481.7000
25146,130481.7000
25147,130481.7000
25148,130481.7000
25149,130481.7000
25150,130481.7000
25151,130481.7000
25152,130481.7000
25153,130481.7000
25154,130481.7000
25155,130481.7000
25156,130481.7000
25157,130481.7000
25158,130481.7000
25159,130481.7000
25160,130481.7000
25161,130481.7000
25162,130481.7000
25163,130481.7000
25164,130481.7000
25165,130481.7000
25166,130481.7000
25167,130481.7000
25168,130481.7000
25169,130481.7000
25170,130481.7000
25171,130481.7000
25172,130481.7000
25173,130481.7000
25174,130481.7000
25175,130481.7000
25176,130481.7000
25177,130481.7000
25178,130481.7000
25179,130481.7000
25180,130481.7000
25181,130481.7000
25182,130481.7000
25183,130481.7000
25184,130481.7000
25185,130481.7000
25186,130481.7000
25187,130481.7000
25188,130481.7000
25189,130481.7000
25190,130481.7000
25191,130481.7000
25192,130481.7000
25193,130481.7000
25194,130481.7000
25195,130481.7000
25196,130481.7000
25197,130481.7000
25198,130481.7000
25199,130481.7000
25200,130481.7000
25201,130481.7000
25202,130481.7000
25203,130481.7000
25204,130481.7000
25205,130481.7000
25206,130481.7000
25207,130481.7000
25208,130481.7000
25209,130481.7000
25210,130481.7000
25211,130481.7000
25212,130481.7000
25213,130481.7000
25214,130481.7000
25215,130481.7000
25216,130481.7000
25217,130481.7000
25218,130481.7000
25219,130481.7000
25220,130481.7000
25221,130481.7000
25222,130481.7000
25223,130481.7000
25224,130481.7000
25225,130481.7000
25226,130481.7000
25227,130481.7000
25228,130481.7000
25229,130481.7000
25230,130481.7000
25231,130481.7000
25232,130481.7000
25233,130481.7000
25234,130481.7000
25235,130481.7000
25236,130481.7000
25237,130481.7000
25238,130481.7000
25239,130481.7000
25240,130481.7000
25241,130481.7000
25242,130481.7000
25243,130481.7000
25244,130481.7000
25245,130481.7000
25246,130481.7000
25247,130481.7000
25248,130481.7000
25249,130481.7000
25250,130481.7000
25251,130481.7000
25252,130481.7000
25253,130481.7000
25254,130481.7000
25255,130481.7000
25256,130481.7000
25257,130481.7000
25258,130481.7000
25259,130481.7000
25260,130481.7000
25261,130481.7000
25262,130481.7000
25263,130481.7000
25264,130481.7000
25265,130481.7000
25266,130481.7000
25267,130481.7000
25268,130481.7000
25269,130481.7000
25270,130481.7000
25271,130481.7000
25272,130481.7000
25273,130481.7000
25274,130481.7000
25275,130481.7000
25276,130481.7000
25277,130481.7000
25278,130481.7000
25279,130481.7000
25280,130481.7000
25281,130481.7000
25282,130481.7000
25283,130481.7000
25284,130481.7000
25285,130481.7000
25286,130481.7000
25287,130481.7000
25288,130481.7000
25289,130481.7000
25290,130481.7000
25291,130481.7000
25292,130481.7000
25293,130481.7000
25294,130481.7000
25295,130481.7000
25296,130481.7000
25297,130481.7000
25298,130481.7000
25299,130481.7000
25300,130481.7000
25301,130481.7000
25302,130481.7000
25303,130481.7000
25304,130481.7000
25305,130481.7000
25306,130481.7000
25307,130481.7000
25308,130481.7000
25309,130481.7000
25310,130481.7000
25311,130481.7000
25312,130481.7000
25313,130481.7000
25314,130481.7000
25315,130481.7000
25316,130481.7000
25317,130481.7000
25318,130481.7000
25319,130481.7000
25320,130481.7000
25321,130481.7000
25322,130481.7000
25323,130481.7000
25324,130481.7000
25325,130481.7000
25326,130481.7000
25327,130481.7000
25328,130481.7000
25329,130481.7000
25330,130481.7000
25331,130481.7000
25332,130481.7000
25333,130481.7000
25334,130481.7000
25335,130481.7000
25336,130481.7000
25337,130481.7000
25338,130481.7000
25339,130481.7000
25340,130481.7000
25341,130481.7000
25342,130481.7000
25343,130481.7000
25344,130481.7000
25345,130481.7000
25346,130481.7000
25347,130481.7000
25348,130481.7000
25349,130481.7000
25350,130481.7000
25351,130481.7000
25352,130481.7000
25353,130481.7000
25354,130481.7000
25355,130481.7000
25356,130481.7000
25357,130481.7000
25358,130481.7000
25359,130481.7000
25360,130481.7000
25361,130481.7000
25362,130481.7000
25363,130481.7000
25364,130481.7000
25365,130481.7000
25366,130481.7000
25367,130481.7000
25368,130481.7000
25369,130481.7000
25370,130481.7000
25371,130481.7000
25372,130481.7000
25373,130481.7000
25374,130481.7000
25375,130481.7000
25376,130481.7000
25377,130481.7000
25378,130481.7000
25379,130481.7000
25380,130481.7000
25381,130481.7000
25382,130481.7000
25383,130481.7000
25384,130481.7000
25385,130481.7000
25386,130481.7000
25387,130481.7000
25388,130481.7000
25389,130481.7000
25390,130481.7000
25391,130481.7000
25392,130481.7000
25393,130481.7000
25394,130481.7000
25395,130481.7000
25396,130481.7000
25397,130481.7000
25398,130481.7000
25399,130481.7000
25400,130481.7000
25401,130481.7000
25402,130481.7000
25403,130481.7000
25404,130481.7000
25405,130481.7000
25406,130481.7000
25407,130481.7000
25408,130481.7000
25409,130481.7000
25410,130481.7000
25411,130481.7000
25412,130481.7000
25413,130481.7000
25414,130481.7000
25415,130481.7000
25416,130481.7000
25417,130481.7000
25418,130481.7000
25419,130481.7000
25420,130481.7000
25421,130481.7000
25422,130481.7000
25423,130481.7000
25424,130481.7000
25425,130481.7000
25426,130481.7000
25427,130481.7000
25428,130481.7000
25429,130481.7000
25430,130481.7000
25431,130481.7000
25432,130481.7000
25433,130481.7000
25434,130481.7000
25435,130481.7000
25436,130481.7000
25437,130481.7000
25438,130481.7000
25439,130481.7000
25440,130481.7000
25441,130481.7000
25442,130481.7000
25443,130481.7000
25444,130481.7000
25445,130481.7000
25446,130481.7000
25447,130481.7000
25448,130481.7000
25449,130481.7000
25450,130481.7000
25451,130481.7000
25452,130481.7000
25453,130481.7000
25454,130481.7000
25455,130481.7000
25456,130481.7000
25457,130481.7000
25458,130481.7000
25459,130481.7000
25460,130481.7000
25461,130481.7000
25462,130481.7000
25463,130481.7000
25464,130481.7000
25465,130481.7000
25466,130481.7000
25467,130481.7000
25468,130481.7000
25469,130481.7000
25470,130481.7000
25471,130481.7000
25472,130481.7000
25473,130481.7000
25474,130481.7000
25475,130481.7000
25476,130481.7000
25477,130481.7000
25478,130481.7000
25479,130481.7000
25480,130481.7000
25481,130481.7000
25482,130481.7000
25483,130481.7000
25484,130481.7000
25485,130481.7000
25486,130481.7000
25487,130481.7000
25488,130481.7000
25489,130481.7000
25490,130481.7000
25491,130481.7000
25492,130481.7000
25493,130481.7000
25494,130481.7000
25495,130481.7000
25496,130481.7000
25497,130481.7000
25498,130481.7000
25499,130481.7000
25500,130481.7000
25501,130481.7000
25502,130481.7000
25503,130481.7000
25504,130481.7000
25505,130481.7000
25506,130481.7000
25507,130481.7000
25508,130481.7000
25509,130481.7000
25510,130481.7000
25511,130481.7000
25512,130481.7000
25513,130481.7000
25514,130481.7000
25515,130481.7000
25516,130481.7000
25517,130481.7000
25518,130481.7000
25519,130481.7000
25520,130481.7000
25521,130481.7000
25522,130481.7000
25523,130481.7000
25524,130481.7000
25525,130481.7000
25526,130481.7000
25527,130481.7000
25528,130481.7000
25529,130481.7000
25530,130481.7000
25531,130481.7000
25532,130481.7000
25533,130481.7000
25534,130481.7000
25535,130481.7000
25536,130481.7000
25537,130481.7000
25538,130481.7000
25539,130481.7000
25540,130481.7000
25541,130481.7000
25542,130481.7000
25543,130481.7000
25544,130481.7000
25545,130481.7000
25546,130481.7000
25547,130481.7000
25548,130481.7000
25549,130481.7000
25550,130481.7000
25551,130481.7000
25552,130481.7000
25553,130481.7000
25554,130481.7000
25555,130481.7000
25556,130481.7000
25557,130481.7000
25558,130481.7000
25559,130481.7000
25560,130481.7000
25561,130481.7000
25562,130481.7000
25563,130481.7000
25564,130481.7000
25565,130481.7000
25566,130481.7000
25567,130481.7000
25568,130481.7000
25569,130481.7000
25570,130481.7000
25571,130481.7000
25572,130481.7000
25573,130481.7000
25574,130481.7000
25575,130481.7000
25576,130481.7000
25577,130481.7000
25578,130481.7000
25579,130481.7000
25580,130481.7000
25581,130481.7000
25582,130481.7000
25583,130481.7000
25584,130481.7000
25585,130481.7000
25586,130481.7000
25587,130481.7000
25588,130481.7000
25589,130481.7000
25590,130481.7000
25591,130481.7000
25592,130481.7000
25593,130481.7000
25594,130481.7000
25595,130481.7000
25596,130481.7000
25597,130481.7000
25598,130481.7000
25599,130481.7000
25600,130481.7000
25601,130481.7000
25602,130481.7000
25603,130481.7000
25604,130481.7000
25605,130481.7000
25606,130481.7000
25607,130481.7000
25608,130481.7000
25609,130481.7000
25610,130481.7000
25611,130481.7000
25612,130481.7000
25613,130481.7000
25614,130481.7000
25615,130481.7000
25616,130481.7000
25617,130481.7000
25618,130481.7000
25619,130481.7000
25620,130481.7000
25621,130481.7000
25622,130481.7000
25623,130481.7000
25624,130481.7000
25625,130481.7000
25626,130481.7000
25627,130481.7000
25628,130481.7000
25629,130481.7000
25630,130481.7000
25631,130481.7000
25632,130481.7000
25633,130481.7000
25634,130481.7000
25635,130481.7000
25636,130481.7000
25637,130481.7000
25638,130481.7000
25639,130481.7000
25640,130481.7000
25641,130481.7000
25642,130481.7000
25643,130481.7000
25644,130481.7000
25645,130481.7000
25646,130481.7000
25647,130481.7000
25648,130481.7000
25649,130481.7000
25650,130481.7000
25651,130481.7000
25652,130481.7000
25653,130481.7000
25654,130481.7000
25655,130481.7000
25656,130481.7000
25657,130481.7000
25658,130481.7000
25659,130481.7000
25660,130481.7000
25661,130481.7000
25662,130481.7000
25663,130481.7000
25664,130481.7000
25665,130481.7000
25666,130481.7000
25667,130481.7000
25668,130481.7000
25669,130481.7000
25670,130481.7000
25671,130481.7000
25672,130481.7000
25673,130481.7000
25674,130481.7000
25675,130481.7000
25676,130481.7000
25677,130481.7000
25678,130481.7000
25679,130481.7000
25680,130481.7000
25681,130481.7000
25682,130481.7000
25683,130481.7000
25684,130481.7000
25685,130481.7000
25686,130481.7000
25687,130481.7000
25688,130481.7000
25689,130481.7000
25690,130481.7000
25691,130481.7000
25692,130481.7000
25693,130481.7000
25694,130481.7000
25695,130481.7000
25696,130481.7000
25697,130481.7000
25698,130481.7000
25699,130481.7000
25700,130481.7000
25701,130481.7000
25702,130481.7000
25703,130481.7000
25704,130481.7000
25705,130481.7000
25706,130481.7000
25707,130481.7000
25708,130481.7000
25709,130481.7000
25710,130481.7000
25711,130481.7000
25712,130481.7000
25713,130481.7000
25714,130481.7000
25715,130481.7000
25716,130481.7000
25717,130481.7000
25718,130481.7000
25719,130481.7000
25720,130481.7000
25721,130481.7000
25722,130481.7000
25723,130481.7000
25724,130481.7000
25725,130481.7000
25726,130481.7000
25727,130481.7000
25728,130481.7000
25729,130481.7000
25730,130481.7000
25731,130481.7000
25732,130481.7000
25733,130481.7000
25734,130481.7000
25735,130481.7000
25736,130481.7000
25737,130481.7000
25738,130481.7000
25739,130481.7000
25740,130481.7000
25741,130481.7000
25742,130481.7000
25743,130481.7000
25744,130481.7000
25745,130481.7000
25746,130481.7000
25747,130481.7000
25748,130481.7000
25749,130481.7000
25750,130481.7000
25751,130481.7000
25752,130481.7000
25753,130481.7000
25754,130481.7000
25755,130481.7000
25756,130481.7000
25757,130481.7000
25758,130481.7000
25759,130481.7000
25760,130481.7000
25761,130481.7000
25762,130481.7000
25763,130481.7000
25764,130481.7000
25765,130481.7000
25766,130481.7000
25767,130481.7000
25768,130481.7000
25769,130481.7000
25770,130481.7000
25771,130481.7000
25772,130481.7000
25773,130481.7000
25774,130481.7000
25775,130481.7000
25776,130481.7000
25777,130481.7000
25778,130481.7000
25779,130481.7000
25780,130481.7000
25781,130481.7000
25782,130481.7000
25783,130481.7000
25784,130481.7000
25785,130481.7000
25786,130481.7000
25787,130481.7000
25788,130481.7000
25789,130481.7000
25790,130481.7000
25791,130481.7000
25792,130481.7000
25793,130481.7000
25794,130481.7000
25795,130481.7000
25796,130481.7000
25797,130481.7000
25798,130481.7000
25799,130481.7000
25800,130481.7000
25801,130481.7000
25802,130481.7000
25803,130481.7000
25804,130481.7000
25805,130481.7000
25806,130481.7000
25807,130481.7000
25808,130481.7000
25809,130481.7000
25810,130481.7000
25811,130481.7000
25812,130481.7000
25813,130481.7000
25814,130481.7000
25815,130481.7000
25816,130481.7000
25817,130481.7000
25818,130481.7000
25819,130481.7000
25820,130481.7000
25821,130481.7000
25822,130481.7000
25823,130481.7000
25824,130481.7000
25825,130481.7000
25826,130481.7000
25827,130481.7000
25828,130481.7000
25829,130481.7000
25830,130481.7000
25831,130481.7000
25832,130481.7000
25833,130481.7000
25834,130481.7000
25835,130481.7000
25836,130481.7000
25837,130481.7000
25838,130481.7000
25839,130481.7000
25840,130481.7000
25841,130481.7000
25842,130481.7000
25843,130481.7000
25844,130481.7000
25845,130481.7000
25846,130481.7000
25847,130481.7000
25848,130481.7000
25849,130481.7000
25850,130481.7000
25851,130481.7000
25852,130481.7000
25853,130481.7000
25854,130481.7000
25855,130481.7000
25856,130481.7000
25857,130481.7000
25858,130481.7000
25859,130481.7000
25860,130481.7000
25861,130481.7000
25862,130481.7000
25863,130481.7000
25864,130481.7000
25865,130481.7000
25866,130481.7000
25867,130481.7000
25868,130481.7000
25869,130481.7000
25870,130481.7000
25871,130481.7000
25872,130481.7000
25873,130481.7000
25874,130481.7000
25875,130481.7000
25876,130481.7000
25877,130481.7000
25878,130481.7000
25879,130481.7000
25880,130481.7000
25881,130481.7000
25882,130481.7000
25883,130481.7000
25884,130481.7000
25885,130481.7000
25886,130481.7000
25887,130481.7000
25888,130481.7000
25889,130481.7000
25890,130481.7000
25891,130481.7000
25892,130481.7000
25893,130481.7000
25894,130481.7000
25895,130481.7000
25896,130481.7000
25897,130481.7000
25898,130481.7000
25899,130481.7000
25900,130481.7000
25901,130481.7000
25902,130481.7000
25903,130481.7000
25904,130481.7000
25905,130481.7000
25906,130481.7000
25907,130481.7000
25908,130481.7000
25909,130481.7000
25910,130481.7000
25911,130481.7000
25912,130481.7000
25913,130481.7000
25914,130481.7000
25915,130481.7000
25916,130481.7000
25917,130481.7000
25918,130481.7000
25919,130481.7000
25920,130481.7000
25921,130481.7000
25922,130481.7000
25923,130481.7000
25924,130481.7000
25925,130481.7000
25926,130481.7000
25927,130481.7000
25928,130481.7000
25929,130481.7000
25930,130481.7000
25931,130481.7000
25932,130481.7000
25933,130481.7000
25934,130481.7000
25935,130481.7000
25936,130481.7000
25937,130481.7000
25938,130481.7000
25939,130481.7000
25940,130481.7000
25941,130481.7000
25942,130481.7000
25943,130481.7000
25944,130481.7000
25945,130481.7000
25946,130481.7000
25947,130481.7000
25948,130481.7000
25949,130481.7000
25950,130481.7000
25951,130481.7000
25952,130481.7000
25953,130481.7000
25954,130481.7000
25955,130481.7000
25956,130481.7000
25957,130481.7000
25958,130481.7000
25959,130481.7000
25960,130481.7000
25961,130481.7000
25962,130481.7000
25963,130481.7000
25964,130481.7000
25965,130481.7000
25966,130481.7000
25967,130481.7000
25968,130481.7000
25969,130481.7000
25970,130481.7000
25971,130481.7000
25972,130481.7000
25973,130481.7000
25974,130481.7000
25975,130481.7000
25976,130481.7000
25977,130481.7000
25978,130481.7000
25979,130481.7000
25980,130481.7000
25981,130481.7000
25982,130481.7000
25983,130481.7000
25984,130481.7000
25985,130481.7000
25986,130481.7000
25987,130481.7000
25988,130481.7000
25989,130481.7000
25990,130481.7000
25991,130481.7000
25992,130481.7000
25993,130481.7000
25994,130481.7000
25995,130481.7000
25996,130481.7000
25997,130481.7000
25998,130481.7000
25999,130481.7000
26000,130481.7000
26001,130481.7000
26002,130481.7000
26003,130481.7000
26004,130481.7000
26005,130481.7000
26006,130481.7000
26007,130481.7000
26008,130481.7000
26009,130481.7000
26010,130481.7000
26011,130481.7000
26012,130481.7000
26013,130481.7000
26014,130481.7000
26015,130481.7000
26016,130481.7000
26017,130481.7000
26018,130481.7000
26019,130481.7000
26020,130481.7000
26021,130481.7000
26022,130481.7000
26023,130481.7000
26024,130481.7000
26025,130481.7000
26026,130481.7000
26027,130481.7000
26028,130481.7000
26029,130481.7000
26030,130481.7000
26031,130481.7000
26032,130481.7000
26033,130481.7000
26034,130481.7000
26035,130481.7000
26036,130481.7000
26037,130481.7000
26038,130481.7000
26039,130481.7000
26040,130481.7000
26041,130481.7000
26042,130481.7000
26043,130481.7000
26044,130481.7000
26045,130481.7000
26046,130481.7000
26047,130481.7000
26048,130481.7000
26049,130481.7000
26050,130481.7000
26051,130481.7000
26052,130481.7000
26053,130481.7000
26054,130481.7000
26055,130481.7000
26056,130481.7000
26057,130481.7000
26058,130481.7000
26059,130481.7000
26060,130481.7000
26061,130481.7000
26062,130481.7000
26063,130481.7000
26064,130481.7000
26065,130481.7000
26066,130481.7000
26067,130481.7000
26068,130481.7000
26069,130481.7000
26070,130481.7000
26071,130481.7000
26072,130481.7000
26073,130481.7000
26074,130481.7000
26075,130481.7000
26076,130481.7000
26077,130481.7000
26078,130481.7000
26079,130481.7000
26080,130481.7000
26081,130481.7000
26082,130481.7000
26083,130481.7000
26084,130481.7000
26085,130481.7000
26086,130481.7000
26087,130481.7000
26088,130481.7000
26089,130481.7000
26090,130481.7000
26091,130481.7000
26092,130481.7000
26093,130481.7000
26094,130481.7000
26095,130481.7000
26096,130481.7000
26097,130481.7000
26098,130481.7000
26099,130481.7000
26100,130481.7000
26101,130481.7000
26102,130481.7000
26103,130481.7000
26104,130481.7000
26105,130481.7000
26106,130481.7000
26107,130481.7000
26108,130481.7000
26109,130481.7000
26110,130481.7000
26111,130481.7000
26112,130481.7000
26113,130481.7000
26114,130481.7000
26115,130481.7000
26116,130481.7000
26117,130481.7000
26118,130481.7000
26119,130481.7000
26120,130481.7000
26121,130481.7000
26122,130481.7000
26123,130481.7000
26124,130481.7000
26125,130481.7000
26126,130481.7000
26127,130481.7000
26128,130481.7000
26129,130481.7000
26130,130481.7000
26131,130481.7000
26132,130481.7000
26133,130481.7000
26134,130481.7000
26135,130481.7000
26136,130481.7000
26137,130481.7000
26138,130481.7000
26139,130481.7000
26140,130481.7000
26141,130481.7000
26142,130481.7000
26143,130481.7000
26144,130481.7000
26145,130481.7000
26146,130481.7000
26147,130481.7000
26148,130481.7000
26149,130481.7000
26150,130481.7000
26151,130481.7000
26152,130481.7000
26153,130481.7000
26154,130481.7000
26155,130481.7000
26156,130481.7000
26157,130481.7000
26158,130481.7000
26159,130481.7000
26160,130481.7000
26161,130481.7000
26162,130481.7000
26163,130481.7000
26164,130481.7000
26165,130481.7000
26166,130481.7000
26167,130481.7000
26168,130481.7000
26169,130481.7000
26170,130481.7000
26171,130481.7000
26172,130481.7000
26173,130481.7000
26174,130481.7000
26175,130481.7000
26176,130481.7000
26177,130481.7000
26178,130481.7000
26179,130481.7000
26180,130481.7000
26181,130481.7000
26182,130481.7000
26183,130481.7000
26184,130481.7000
26185,130481.7000
26186,130481.7000
26187,130481.7000
26188,130481.7000
26189,130481.7000
26190,130481.7000
26191,130481.7000
26192,130481.7000
26193,130481.7000
26194,130481.7000
26195,130481.7000
26196,130481.7000
26197,130481.7000
26198,130481.7000
26199,130481.7000
26200,130481.7000
26201,130481.7000
26202,130481.7000
26203,130481.7000
26204,130481.7000
26205,130481.7000
26206,130481.7000
26207,130481.7000
26208,130481.7000
26209,130481.7000
26210,130481.7000
26211,130481.7000
26212,130481.7000
26213,130481.7000
26214,130481.7000
26215,130481.7000
26216,130481.7000
26217,130481.7000
26218,130481.7000
26219,130481.7000
26220,130481.7000
26221,130481.7000
26222,130481.7000
26223,130481.7000
26224,130481.7000
26225,130481.7000
26226,130481.7000
26227,130481.7000
26228,130481.7000
26229,130481.7000
26230,130481.7000
26231,130481.7000
26232,130481.7000
26233,130481.7000
26234,130481.7000
26235,130481.7000
26236,130481.7000
26237,130481.7000
26238,130481.7000
26239,130481.7000
26240,130481.7000
26241,130481.7000
26242,130481.7000
26243,130481.7000
26244,130481.7000
26245,130481.7000
26246,130481.7000
26247,130481.7000
26248,130481.7000
26249,130481.7000
26250,130481.7000
26251,130481.7000
26252,130481.7000
26253,130481.7000
26254,130481.7000
26255,130481.7000
26256,130481.7000
26257,130481.7000
26258,130481.7000
26259,130481.7000
26260,130481.7000
26261,130481.7000
26262,130481.7000
26263,130481.7000
26264,130481.7000
26265,130481.7000
26266,130481.7000
26267,130481.7000
26268,130481.7000
26269,130481.7000
26270,130481.7000
26271,130481.7000
26272,130481.7000
26273,130481.7000
26274,130481.7000
26275,130481.7000
26276,130481.7000
26277,130481.7000
26278,130481.7000
26279,130481.7000
26280,130481.7000
26281,130481.7000
26282,130481.7000
26283,130481.7000
26284,130481.7000
26285,130481.7000
26286,130481.7000
26287,130481.7000
26288,130481.7000
26289,130481.7000
26290,130481.7000
26291,130481.7000
26292,130481.7000
26293,130481.7000
26294,130481.7000
26295,130481.7000
26296,130481.7000
26297,130481.7000
26298,130481.7000
26299,130481.7000
26300,130481.7000
26301,130481.7000
26302,130481.7000
26303,130481.7000
26304,130481.7000
26305,130481.7000
26306,130481.7000
26307,130481.7000
26308,130481.7000
26309,130481.7000
26310,130481.7000
26311,130481.7000
26312,130481.7000
26313,130481.7000
26314,130481.7000
26315,130481.7000
26316,130481.7000
26317,130481.7000
26318,130481.7000
26319,130481.7000
26320,130481.7000
26321,130481.7000
26322,130481.7000
26323,130481.7000
26324,130481.7000
26325,130481.7000
26326,130481.7000
26327,130481.7000
26328,130481.7000
26329,130481.7000
26330,130481.7000
26331,130481.7000
26332,130481.7000
26333,130481.7000
26334,130481.7000
26335,130481.7000
26336,130481.7000
26337,130481.7000
26338,130481.7000
26339,130481.7000
26340,130481.7000
26341,130481.7000
26342,130481.7000
26343,130481.7000
26344,130481.7000
26345,130481.7000
26346,130481.7000
26347,130481.7000
26348,130481.7000
26349,130481.7000
26350,130481.7000
26351,130481.7000
26352,130481.7000
26353,130481.7000
26354,130481.7000
26355,130481.7000
26356,130481.7000
26357,130481.7000
26358,130481.7000
26359,130481.7000
26360,130481.7000
26361,130481.7000
26362,130481.7000
26363,130481.7000
26364,130481.7000
26365,130481.7000
26366,130481.7000
26367,130481.7000
26368,130481.7000
26369,130481.7000
26370,130481.7000
26371,130481.7000
26372,130481.7000
26373,130481.7000
26374,130481.7000
26375,130481.7000
26376,130481.7000
26377,130481.7000
26378,130481.7000
26379,130481.7000
26380,130481.7000
26381,130481.7000
26382,130481.7000
26383,130481.7000
26384,130481.7000
26385,130481.7000
26386,130481.7000
26387,130481.7000
26388,130481.7000
26389,130481.7000
26390,130481.7000
26391,130481.7000
26392,130481.7000
26393,130481.7000
26394,130481.7000
26395,130481.7000
26396,130481.7000
26397,130481.7000
26398,130481.7000
26399,130481.7000
26400,130481.7000
26401,130481.7000
26402,130481.7000
26403,130481.7000
26404,130481.7000
26405,130481.7000
26406,130481.7000
26407,130481.7000
26408,130481.7000
26409,130481.7000
26410,130481.7000
26411,130481.7000
26412,130481.7000
26413,130481.7000
26414,130481.7000
26415,130481.7000
26416,130481.7000
26417,130481.7000
26418,130481.7000
26419,130481.7000
26420,130481.7000
26421,130481.7000
26422,130481.7000
26423,130481.7000
26424,130481.7000
26425,130481.7000
26426,130481.7000
26427,130481.7000
26428,130481.7000
26429,130481.7000
26430,130481.7000
26431,130481.7000
26432,130481.7000
26433,130481.7000
26434,130481.7000
26435,130481.7000
26436,130481.7000
26437,130481.7000
26438,130481.7000
26439,130481.7000
26440,130481.7000
26441,130481.7000
26442,130481.7000
26443,130481.7000
26444,130481.7000
26445,130481.7000
26446,130481.7000
26447,130481.7000
26448,130481.7000
26449,130481.7000
26450,130481.7000
26451,130481.7000
26452,130481.7000
26453,130481.7000
26454,130481.7000
26455,130481.7000
26456,130481.7000
26457,130481.7000
26458,130481.7000
26459,130481.7000
26460,130481.7000
26461,130481.7000
26462,130481.7000
26463,130481.7000
26464,130481.7000
26465,130481.7000
26466,130481.7000
26467,130481.7000
26468,130481.7000
26469,130481.7000
26470,130481.7000
26471,130481.7000
26472,130481.7000
26473,130481.7000
26474,130481.7000
26475,130481.7000
26476,130481.7000
26477,130481.7000
26478,130481.7000
26479,130481.7000
26480,130481.7000
26481,130481.7000
26482,130481.7000
26483,130481.7000
26484,130481.7000
26485,130481.7000
26486,130481.7000
26487,130481.7000
26488,130481.7000
26489,130481.7000
26490,130481.7000
26491,130481.7000
26492,130481.7000
26493,130481.7000
26494,130481.7000
26495,130481.7000
26496,130481.7000
26497,130481.7000
26498,130481.7000
26499,130481.7000
26500,130481.7000
26501,130481.7000
26502,130481.7000
26503,130481.7000
26504,130481.7000
26505,130481.7000
26506,130481.7000
26507,130481.7000
26508,130481.7000
26509,130481.7000
26510,130481.7000
26511,130481.7000
26512,130481.7000
26513,130481.7000
26514,130481.7000
26515,130481.7000
26516,130481.7000
26517,130481.7000
26518,130481.7000
26519,130481.7000
26520,130481.7000
26521,130481.7000
26522,130481.7000
26523,130481.7000
26524,130481.7000
26525,130481.7000
26526,130481.7000
26527,130481.7000
26528,130481.7000
26529,130481.7000
26530,130481.7000
26531,130481.7000
26532,130481.7000
26533,130481.7000
26534,130481.7000
26535,130481.7000
26536,130481.7000
26537,130481.7000
26538,130481.7000
26539,130481.7000
26540,130481.7000
26541,130481.7000
26542,130481.7000
26543,130481.7000
26544,130481.7000
26545,130481.7000
26546,130481.7000
26547,130481.7000
26548,130481.7000
26549,130481.7000
26550,130481.7000
26551,130481.7000
26552,130481.7000
26553,130481.7000
26554,130481.7000
26555,130481.7000
26556,130481.7000
26557,130481.7000
26558,130481.7000
26559,130481.7000
26560,130481.7000
26561,130481.7000
26562,130481.7000
26563,130481.7000
26564,130481.7000
26565,130481.7000
26566,130481.7000
26567,130481.7000
26568,130481.7000
26569,130481.7000
26570,130481.7000
26571,130481.7000
26572,130481.7000
26573,130481.7000
26574,130481.7000
26575,130481.7000
26576,130481.7000
26577,130481.7000
26578,130481.7000
26579,130481.7000
26580,130481.7000
26581,130481.7000
26582,130481.7000
26583,130481.7000
26584,130481.7000
26585,130481.7000
26586,130481.7000
26587,130481.7000
26588,130481.7000
26589,130481.7000
26590,130481.7000
26591,130481.7000
26592,130481.7000
26593,130481.7000
26594,130481.7000
26595,130481.7000
26596,130481.7000
26597,130481.7000
26598,130481.7000
26599,130481.7000
26600,130481.7000
26601,130481.7000
26602,130481.7000
26603,130481.7000
26604,130481.7000
26605,130481.7000
26606,130481.7000
26607,130481.7000
26608,130481.7000
26609,130481.7000
26610,130481.7000
26611,130481.7000
26612,130481.7000
26613,130481.7000
26614,130481.7000
26615,130481.7000
26616,130481.7000
26617,130481.7000
26618,130481.7000
26619,130481.7000
26620,130481.7000
26621,130481.7000
26622,130481.7000
26623,130481.7000
26624,130481.7000
26625,130481.7000
26626,130481.7000
26627,130481.7000
26628,130481.7000
26629,130481.7000
26630,130481.7000
26631,130481.7000
26632,130481.7000
26633,130481.7000
26634,130481.7000
26635,130481.7000
26636,130481.7000
26637,130481.7000
26638,130481.7000
26639,130481.7000
26640,130481.7000
26641,130481.7000
26642,130481.7000
26643,130481.7000
26644,130481.7000
26645,130481.7000
26646,130481.7000
26647,130481.7000
26648,130481.7000
26649,130481.7000
26650,130481.7000
26651,130481.7000
26652,130481.7000
26653,130481.7000
26654,130481.7000
26655,130481.7000
26656,130481.7000
26657,130481.7000
26658,130481.7000
26659,130481.7000
26660,130481.7000
26661,130481.7000
26662,130481.7000
26663,130481.7000
26664,130481.7000
26665,130481.7000
26666,130481.7000
26667,130481.7000
26668,130481.7000
26669,130481.7000
26670,130481.7000
26671,130481.7000
26672,130481.7000
26673,130481.7000
26674,130481.7000
26675,130481.7000
26676,130481.7000
26677,130481.7000
26678,130481.7000
26679,130481.7000
26680,130481.7000
26681,130481.7000
26682,130481.7000
26683,130481.7000
26684,130481.7000
26685,130481.7000
26686,130481.7000
26687,130481.7000
26688,130481.7000
26689,130481.7000
26690,130481.7000
26691,130481.7000
26692,130481.7000
26693,130481.7000
26694,130481.7000
26695,130481.7000
26696,130481.7000
26697,130481.7000
26698,130481.7000
26699,130481.7000
26700,130481.7000
26701,130481.7000
26702,130481.7000
26703,130481.7000
26704,130481.7000
26705,130481.7000
26706,130481.7000
26707,130481.7000
26708,130481.7000
26709,130481.7000
26710,130481.7000
26711,130481.7000
26712,130481.7000
26713,130481.7000
26714,130481.7000
26715,130481.7000
26716,130481.7000
26717,130481.7000
26718,130481.7000
26719,130481.7000
26720,130481.7000
26721,130481.7000
26722,130481.7000
26723,130481.7000
26724,130481.7000
26725,130481.7000
26726,130481.7000
26727,130481.7000
26728,130481.7000
26729,130481.7000
26730,130481.7000
26731,130481.7000
26732,130481.7000
26733,130481.7000
26734,130481.7000
26735,130481.7000
26736,130481.7000
26737,130481.7000
26738,130481.7000
26739,130481.7000
26740,130481.7000
26741,130481.7000
26742,130481.7000
26743,130481.7000
26744,130481.7000
26745,130481.7000
26746,130481.7000
26747,130481.7000
26748,130481.7000
26749,130481.7000
26750,130481.7000
26751,130481.7000
26752,130481.7000
26753,130481.7000
26754,130481.7000
26755,130481.7000
26756,130481.7000
26757,130481.7000
26758,130481.7000
26759,130481.7000
26760,130481.7000
26761,130481.7000
26762,130481.7000
26763,130481.7000
26764,130481.7000
26765,130481.7000
26766,130481.7000
26767,130481.7000
26768,130481.7000
26769,130481.7000
26770,130481.7000
26771,130481.7000
26772,130481.7000
26773,130481.7000
26774,130481.7000
26775,130481.7000
26776,130481.7000
26777,130481.7000
26778,130481.7000
26779,130481.7000
26780,130481.7000
26781,130481.7000
26782,130481.7000
26783,130481.7000
26784,130481.7000
26785,130481.7000
26786,130481.7000
26787,130481.7000
26788,130481.7000
26789,130481.7000
26790,130481.7000
26791,130481.7000
26792,130481.7000
26793,130481.7000
26794,130481.7000
26795,130481.7000
26796,130481.7000
26797,130481.7000
26798,130481.7000
26799,130481.7000
26800,130481.7000
26801,130481.7000
26802,130481.7000
26803,130481.7000
26804,130481.7000
26805,130481.7000
26806,130481.7000
26807,130481.7000
26808,130481.7000
26809,130481.7000
26810,130481.7000
26811,130481.7000
26812,130481.7000
26813,130481.7000
26814,130481.7000
26815,130481.7000
26816,130481.7000
26817,130481.7000
26818,130481.7000
26819,130481.7000
26820,130481.7000
26821,130481.7000
26822,130481.7000
26823,130481.7000
26824,130481.7000
26825,130481.7000
26826,130481.7000
26827,130481.7000
26828,130481.7000
26829,130481.7000
26830,130481.7000
26831,130481.7000
26832,130481.7000
26833,130481.7000
26834,130481.7000
26835,130481.7000
26836,130481.7000
26837,130481.7000
26838,130481.7000
26839,130481.7000
26840,130481.7000
26841,130481.7000
26842,130481.7000
26843,130481.7000
26844,130481.7000
26845,130481.7000
26846,130481.7000
26847,130481.7000
26848,130481.7000
26849,130481.7000
26850,130481.7000
26851,130481.7000
26852,130481.7000
26853,130481.7000
26854,130481.7000
26855,130481.7000
26856,130481.7000
26857,130481.7000
26858,130481.7000
26859,130481.7000
26860,130481.7000
26861,130481.7000
26862,130481.7000
26863,130481.7000
26864,130481.7000
26865,130481.7000
26866,130481.7000
26867,130481.7000
26868,130481.7000
26869,130481.7000
26870,130481.7000
26871,130481.7000
26872,130481.7000
26873,130481.7000
26874,130481.7000
26875,130481.7000
26876,130481.7000
26877,130481.7000
26878,130481.7000
26879,130481.7000
26880,130481.7000
26881,130481.7000
26882,130481.7000
26883,130481.7000
26884,130481.7000
26885,130481.7000
26886,130481.7000
26887,130481.7000
26888,130481.7000
26889,130481.7000
26890,130481.7000
26891,130481.7000
26892,130481.7000
26893,130481.7000
26894,130481.7000
26895,130481.7000
26896,130481.7000
26897,130481.7000
26898,130481.7000
26899,130481.7000
26900,130481.7000
26901,130481.7000
26902,130481.7000
26903,130481.7000
26904,130481.7000
26905,130481.7000
26906,130481.7000
26907,130481.7000
26908,130481.7000
26909,130481.7000
26910,130481.7000
26911,130481.7000
26912,130481.7000
26913,130481.7000
26914,130481.7000
26915,130481.7000
26916,130481.7000
26917,130481.7000
26918,130481.7000
26919,130481.7000
26920,130481.7000
26921,130481.7000
26922,130481.7000
26923,130481.7000
26924,130481.7000
26925,130481.7000
26926,130481.7000
26927,130481.7000
26928,130481.7000
26929,130481.7000
26930,130481.7000
26931,130481.7000
26932,130481.7000
26933,130481.7000
26934,130481.7000
26935,130481.7000
26936,130481.7000
26937,130481.7000
26938,130481.7000
26939,130481.7000
26940,130481.7000
26941,130481.7000
26942,130481.7000
26943,130481.7000
26944,130481.7000
26945,130481.7000
26946,130481.7000
26947,130481.7000
26948,130481.7000
26949,130481.7000
26950,130481.7000
26951,130481.7000
26952,130481.7000
26953,130481.7000
26954,130481.7000
26955,130481.7000
26956,130481.7000
26957,130481.7000
26958,130481.7000
26959,130481.7000
26960,130481.7000
26961,130481.7000
26962,130481.7000
26963,130481.7000
26964,130481.7000
26965,130481.7000
26966,130481.7000
26967,130481.7000
26968,130481.7000
26969,130481.7000
26970,130481.7000
26971,130481.7000
26972,130481.7000
26973,130481.7000
26974,130481.7000
26975,130481.7000
26976,130481.7000
26977,130481.7000
26978,130481.7000
26979,130481.7000
26980,130481.7000
26981,130481.7000
26982,130481.7000
26983,130481.7000
26984,130481.7000
26985,130481.7000
26986,130481.7000
26987,130481.7000
26988,130481.7000
26989,130481.7000
26990,130481.7000
26991,130481.7000
26992,130481.7000
26993,130481.7000
26994,130481.7000
26995,130481.7000
26996,130481.7000
26997,130481.7000
26998,130481.7000
26999,130481.7000
27000,130481.7000
27001,130481.7000
27002,130481.7000
27003,130481.7000
27004,130481.7000
27005,130481.7000
27006,130481.7000
27007,130481.7000
27008,130481.7000
27009,130481.7000
27010,130481.7000
27011,130481.7000
27012,130481.7000
27013,130481.7000
27014,130481.7000
27015,130481.7000
27016,130481.7000
27017,130481.7000
27018,130481.7000
27019,130481.7000
27020,130481.7000
27021,130481.7000
27022,130481.7000
27023,130481.7000
27024,130481.7000
27025,130481.7000
27026,130481.7000
27027,130481.7000
27028,130481.7000
27029,130481.7000
27030,130481.7000
27031,130481.7000
27032,130481.7000
27033,130481.7000
27034,130481.7000
27035,130481.7000
27036,130481.7000
27037,130481.7000
27038,130481.7000
27039,130481.7000
27040,130481.7000
27041,130481.7000
27042,130481.7000
27043,130481.7000
27044,130481.7000
27045,130481.7000
27046,130481.7000
27047,130481.7000
27048,130481.7000
27049,130481.7000
27050,130481.7000
27051,130481.7000
27052,130481.7000
27053,130481.7000
27054,130481.7000
27055,130481.7000
27056,130481.7000
27057,130481.7000
27058,130481.7000
27059,130481.7000
27060,130481.7000
27061,130481.7000
27062,130481.7000
27063,130481.7000
27064,130481.7000
27065,130481.7000
27066,130481.7000
27067,130481.7000
27068,130481.7000
27069,130481.7000
27070,130481.7000
27071,130481.7000
27072,130481.7000
27073,130481.7000
27074,130481.7000
27075,130481.7000
27076,130481.7000
27077,130481.7000
27078,130481.7000
27079,130481.7000
27080,130481.7000
27081,130481.7000
27082,130481.7000
27083,130481.7000
27084,130481.7000
27085,130481.7000
27086,130481.7000
27087,130481.7000
27088,130481.7000
27089,130481.7000
27090,130481.7000
27091,130481.7000
27092,130481.7000
27093,130481.7000
27094,130481.7000
27095,130481.7000
27096,130481.7000
27097,130481.7000
27098,130481.7000
27099,130481.7000
27100,130481.7000
27101,130481.7000
27102,130481.7000
27103,130481.7000
27104,130481.7000
27105,130481.7000
27106,130481.7000
27107,130481.7000
27108,130481.7000
27109,130481.7000
27110,130481.7000
27111,130481.7000
27112,130481.7000
27113,130481.7000
27114,130481.7000
27115,130481.7000
27116,130481.7000
27117,130481.7000
27118,130481.7000
27119,130481.7000
27120,130481.7000
27121,130481.7000
27122,130481.7000
27123,130481.7000
27124,130481.7000
27125,130481.7000
27126,130481.7000
27127,130481.7000
27128,130481.7000
27129,130481.7000
27130,130481.7000
27131,130481.7000
27132,130481.7000
27133,130481.7000
27134,130481.7000
27135,130481.7000
27136,130481.7000
27137,130481.7000
27138,130481.7000
27139,130481.7000
27140,130481.7000
27141,130481.7000
27142,130481.7000
27143,130481.7000
27144,130481.7000
27145,130481.7000
27146,130481.7000
27147,130481.7000
27148,130481.7000
27149,130481.7000
27150,130481.7000
27151,130481.7000
27152,130481.7000
27153,130481.7000
27154,130481.7000
27155,130481.7000
27156,130481.7000
27157,130481.7000
27158,130481.7000
27159,130481.7000
27160,130481.7000
27161,130481.7000
27162,130481.7000
27163,130481.7000
27164,130481.7000
27165,130481.7000
27166,130481.7000
27167,130481.7000
27168,130481.7000
27169,130481.7000
27170,130481.7000
27171,130481.7000
27172,130481.7000
27173,130481.7000
27174,130481.7000
27175,130481.7000
27176,130481.7000
27177,130481.7000
27178,130481.7000
27179,130481.7000
27180,130481.7000
27181,130481.7000
27182,130481.7000
27183,130481.7000
27184,130481.7000
27185,130481.7000
27186,130481.7000
27187,130481.7000
27188,130481.7000
27189,130481.7000
27190,130481.7000
27191,130481.7000
27192,130481.7000
27193,130481.7000
27194,130481.7000
27195,130481.7000
27196,130481.7000
27197,130481.7000
27198,130481.7000
27199,130481.7000
27200,130481.7000
27201,130481.7000
27202,130481.7000
27203,130481.7000
27204,130481.7000
27205,130481.7000
27206,130481.7000
27207,130481.7000
27208,130481.7000
27209,130481.7000
27210,130481.7000
27211,130481.7000
27212,130481.7000
27213,130481.7000
27214,130481.7000
27215,130481.7000
27216,130481.7000
27217,130481.7000
27218,130481.7000
27219,130481.7000
27220,130481.7000
27221,130481.7000
27222,130481.7000
27223,130481.7000
27224,130481.7000
27225,130481.7000
27226,130481.7000
27227,130481.7000
27228,130481.7000
27229,130481.7000
27230,130481.7000
27231,130481.7000
27232,130481.7000
27233,130481.7000
27234,130481.7000
27235,130481.7000
27236,130481.7000
27237,130481.7000
27238,130481.7000
27239,130481.7000
27240,130481.7000
27241,130481.7000
27242,130481.7000
27243,130481.7000
27244,130481.7000
27245,130481.7000
27246,130481.7000
27247,130481.7000
27248,130481.7000
27249,130481.7000
27250,130481.7000
27251,130481.7000
27252,130481.7000
27253,130481.7000
27254,130481.7000
27255,130481.7000
27256,130481.7000
27257,130481.7000
27258,130481.7000
27259,130481.7000
27260,130481.7000
27261,130481.7000
27262,130481.7000
27263,130481.7000
27264,130481.7000
27265,130481.7000
27266,130481.7000
27267,130481.7000
27268,130481.7000
27269,130481.7000
27270,130481.7000
27271,130481.7000
27272,130481.7000
27273,130481.7000
27274,130481.7000
27275,130481.7000
27276,130481.7000
27277,130481.7000
27278,130481.7000
27279,130481.7000
27280,130481.7000
27281,130481.7000
27282,130481.7000
27283,130481.7000
27284,130481.7000
27285,130481.7000
27286,130481.7000
27287,130481.7000
27288,130481.7000
27289,130481.7000
27290,130481.7000
27291,130481.7000
27292,130481.7000
27293,130481.7000
27294,130481.7000
27295,130481.7000
27296,130481.7000
27297,130481.7000
27298,130481.7000
27299,130481.7000
27300,130481.7000
27301,130481.7000
27302,130481.7000
27303,130481.7000
27304,130481.7000
27305,130481.7000
27306,130481.7000
27307,130481.7000
27308,130481.7000
27309,130481.7000
27310,130481.7000
27311,130481.7000
27312,130481.7000
27313,130481.7000
27314,130481.7000
27315,130481.7000
27316,130481.7000
27317,130481.7000
27318,130481.7000
27319,130481.7000
27320,130481.7000
27321,130481.7000
27322,130481.7000
27323,130481.7000
27324,130481.7000
27325,130481.7000
27326,130481.7000
27327,130481.7000
27328,130481.7000
27329,130481.7000
27330,130481.7000
27331,130481.7000
27332,130481.7000
27333,130481.7000
27334,130481.7000
27335,130481.7000
27336,130481.7000
27337,130481.7000
27338,130481.7000
27339,130481.7000
27340,130481.7000
27341,130481.7000
27342,130481.7000
27343,130481.7000
27344,130481.7000
27345,130481.7000
27346,130481.7000
27347,130481.7000
27348,130481.7000
27349,130481.7000
27350,130481.7000
27351,130481.7000
27352,130481.7000
27353,130481.7000
27354,130481.7000
27355,130481.7000
27356,130481.7000
27357,130481.7000
27358,130481.7000
27359,130481.7000
27360,130481.7000
27361,130481.7000
27362,130481.7000
27363,130481.7000
27364,130481.7000
27365,130481.7000
27366,130481.7000
27367,130481.7000
27368,130481.7000
27369,130481.7000
27370,130481.7000
27371,130481.7000
27372,130481.7000
27373,130481.7000
27374,130481.7000
27375,130481.7000
27376,130481.7000
27377,130481.7000
27378,130481.7000
27379,130481.7000
27380,130481.7000
27381,130481.7000
27382,130481.7000
27383,130481.7000
27384,130481.7000
27385,130481.7000
27386,130481.7000
27387,130481.7000
27388,130481.7000
27389,130481.7000
27390,130481.7000
27391,130481.7000
27392,130481.7000
27393,130481.7000
27394,130481.7000
27395,130481.7000
27396,130481.7000
27397,130481.7000
27398,130481.7000
27399,130481.7000
27400,130481.7000
27401,130481.7000
27402,130481.7000
27403,130481.7000
27404,130481.7000
27405,130481.7000
27406,130481.7000
27407,130481.7000
27408,130481.7000
27409,130481.7000
27410,130481.7000
27411,130481.7000
27412,130481.7000
27413,130481.7000
27414,130481.7000
27415,130481.7000
27416,130481.7000
27417,130481.7000
27418,130481.7000
27419,130481.7000
27420,130481.7000
27421,130481.7000
27422,130481.7000
27423,130481.7000
27424,130481.7000
27425,130481.7000
27426,130481.7000
27427,130481.7000
27428,130481.7000
27429,130481.7000
27430,130481.7000
27431,130481.7000
27432,130481.7000
27433,130481.7000
27434,130481.7000
27435,130481.7000
27436,130481.7000
27437,130481.7000
27438,130481.7000
27439,130481.7000
27440,130481.7000
27441,130481.7000
27442,130481.7000
27443,130481.7000
27444,130481.7000
27445,130481.7000
27446,130481.7000
27447,130481.7000
27448,130481.7000
27449,130481.7000
27450,130481.7000
27451,130481.7000
27452,130481.7000
27453,130481.7000
27454,130481.7000
27455,130481.7000
27456,130481.7000
27457,130481.7000
27458,130481.7000
27459,130481.7000
27460,130481.7000
27461,130481.7000
27462,130481.7000
27463,130481.7000
27464,130481.7000
27465,130481.7000
27466,130481.7000
27467,130481.7000
27468,130481.7000
27469,130481.7000
27470,130481.7000
27471,130481.7000
27472,130481.7000
27473,130481.7000
27474,130481.7000
27475,130481.7000
27476,130481.7000
27477,130481.7000
27478,130481.7000
27479,130481.7000
27480,130481.7000
27481,130481.7000
27482,130481.7000
27483,130481.7000
27484,130481.7000
27485,130481.7000
27486,130481.7000
27487,130481.7000
27488,130481.7000
27489,130481.7000
27490,130481.7000
27491,130481.7000
27492,130481.7000
27493,130481.7000
27494,130481.7000
27495,130481.7000
27496,130481.7000
27497,130481.7000
27498,130481.7000
27499,130481.7000
27500,130481.7000
27501,130481.7000
27502,130481.7000
27503,130481.7000
27504,130481.7000
27505,130481.7000
27506,130481.7000
27507,130481.7000
27508,130481.7000
27509,130481.7000
27510,130481.7000
27511,130481.7000
27512,130481.7000
27513,130481.7000
27514,130481.7000
27515,130481.7000
27516,130481.7000
27517,130481.7000
27518,130481.7000
27519,130481.7000
27520,130481.7000
27521,130481.7000
27522,130481.7000
27523,130481.7000
27524,130481.7000
27525,130481.7000
27526,130481.7000
27527,130481.7000
27528,130481.7000
27529,130481.7000
27530,130481.7000
27531,130481.7000
27532,130481.7000
27533,130481.7000
27534,130481.7000
27535,130481.7000
27536,130481.7000
27537,130481.7000
27538,130481.7000
27539,130481.7000
27540,130481.7000
27541,130481.7000
27542,130481.7000
27543,130481.7000
27544,130481.7000
27545,130481.7000
27546,130481.7000
27547,130481.7000
27548,130481.7000
27549,130481.7000
27550,130481.7000
27551,130481.7000
27552,130481.7000
27553,130481.7000
27554,130481.7000
27555,130481.7000
27556,130481.7000
27557,130481.7000
27558,130481.7000
27559,130481.7000
27560,130481.7000
27561,130481.7000
27562,130481.7000
27563,130481.7000
27564,130481.7000
27565,130481.7000
27566,130481.7000
27567,130481.7000
27568,130481.7000
27569,130481.7000
27570,130481.7000
27571,130481.7000
27572,130481.7000
27573,130481.7000
27574,130481.7000
27575,130481.7000
27576,130481.7000
27577,130481.7000
27578,130481.7000
27579,130481.7000
27580,130481.7000
27581,130481.7000
27582,130481.7000
27583,130481.7000
27584,130481.7000
27585,130481.7000
27586,130481.7000
27587,130481.7000
27588,130481.7000
27589,130481.7000
27590,130481.7000
27591,130481.7000
27592,130481.7000
27593,130481.7000
27594,130481.7000
27595,130481.7000
27596,130481.7000
27597,130481.7000
27598,130481.7000
27599,130481.7000
27600,130481.7000
27601,130481.7000
27602,130481.7000
27603,130481.7000
27604,130481.7000
27605,130481.7000
27606,130481.7000
27607,130481.7000
27608,130481.7000
27609,130481.7000
27610,130481.7000
27611,130481.7000
27612,130481.7000
27613,130481.7000
27614,130481.7000
27615,130481.7000
27616,130481.7000
27617,130481.7000
27618,130481.7000
27619,130481.7000
27620,130481.7000
27621,130481.7000
27622,130481.7000
27623,130481.7000
27624,130481.7000
27625,130481.7000
27626,130481.7000
27627,130481.7000
27628,130481.7000
27629,130481.7000
27630,130481.7000
27631,130481.7000
27632,130481.7000
27633,130481.7000
27634,130481.7000
27635,130481.7000
27636,130481.7000
27637,130481.7000
27638,130481.7000
27639,130481.7000
27640,130481.7000
27641,130481.7000
27642,130481.7000
27643,130481.7000
27644,130481.7000
27645,130481.7000
27646,130481.7000
27647,130481.7000
27648,130481.7000
27649,130481.7000
27650,130481.7000
27651,130481.7000
27652,130481.7000
27653,130481.7000
27654,130481.7000
27655,130481.7000
27656,130481.7000
27657,130481.7000
27658,130481.7000
27659,130481.7000
27660,130481.7000
27661,130481.7000
27662,130481.7000
27663,130481.7000
27664,130481.7000
27665,130481.7000
27666,130481.7000
27667,130481.7000
27668,130481.7000
27669,130481.7000
27670,130481.7000
27671,130481.7000
27672,130481.7000
27673,130481.7000
27674,130481.7000
27675,130481.7000
27676,130481.7000
27677,130481.7000
27678,130481.7000
27679,130481.7000
27680,130481.7000
27681,130481.7000
27682,130481.7000
27683,130481.7000
27684,130481.7000
27685,130481.7000
27686,130481.7000
27687,130481.7000
27688,130481.7000
27689,130481.7000
27690,130481.7000
27691,130481.7000
27692,130481.7000
27693,130481.7000
27694,130481.7000
27695,130481.7000
27696,130481.7000
27697,130481.7000
27698,130481.7000
27699,130481.7000
27700,130481.7000
27701,130481.7000
27702,130481.7000
27703,130481.7000
27704,130481.7000
27705,130481.7000
27706,130481.7000
27707,130481.7000
27708,130481.7000
27709,130481.7000
27710,130481.7000
27711,130481.7000
27712,130481.7000
27713,130481.7000
27714,130481.7000
27715,130481.7000
27716,130481.7000
27717,130481.7000
27718,130481.7000
27719,130481.7000
27720,130481.7000
27721,130481.7000
27722,130481.7000
27723,130481.7000
27724,130481.7000
27725,130481.7000
27726,130481.7000
27727,130481.7000
27728,130481.7000
27729,130481.7000
27730,130481.7000
27731,130481.7000
27732,130481.7000
27733,130481.7000
27734,130481.7000
27735,130481.7000
27736,130481.7000
27737,130481.7000
27738,130481.7000
27739,130481.7000
27740,130481.7000
27741,130481.7000
27742,130481.7000
27743,130481.7000
27744,130481.7000
27745,130481.7000
27746,130481.7000
27747,130481.7000
27748,130481.7000
27749,130481.7000
27750,130481.7000
27751,130481.7000
27752,130481.7000
27753,130481.7000
27754,130481.7000
27755,130481.7000
27756,130481.7000
27757,130481.7000
27758,130481.7000
27759,130481.7000
27760,130481.7000
27761,130481.7000
27762,130481.7000
27763,130481.7000
27764,130481.7000
27765,130481.7000
27766,130481.7000
27767,130481.7000
27768,130481.7000
27769,130481.7000
27770,130481.7000
27771,130481.7000
27772,130481.7000
27773,130481.7000
27774,130481.7000
27775,130481.7000
27776,130481.7000
27777,130481.7000
27778,130481.7000
27779,130481.7000
27780,130481.7000
27781,130481.7000
27782,130481.7000
27783,130481.7000
27784,130481.7000
27785,130481.7000
27786,130481.7000
27787,130481.7000
27788,130481.7000
27789,130481.7000
27790,130481.7000
27791,130481.7000
27792,130481.7000
27793,130481.7000
27794,130481.7000
27795,130481.7000
27796,130481.7000
27797,130481.7000
27798,130481.7000
27799,130481.7000
27800,130481.7000
27801,130481.7000
27802,130481.7000
27803,130481.7000
27804,130481.7000
27805,130481.7000
27806,130481.7000
27807,130481.7000
27808,130481.7000
27809,130481.7000
27810,130481.7000
27811,130481.7000
27812,130481.7000
27813,130481.7000
27814,130481.7000
27815,130481.7000
27816,130481.7000
27817,130481.7000
27818,130481.7000
27819,130481.7000
27820,130481.7000
27821,130481.7000
27822,130481.7000
27823,130481.7000
27824,130481.7000
27825,130481.7000
27826,130481.7000
27827,130481.7000
27828,130481.7000
27829,130481.7000
27830,130481.7000
27831,130481.7000
27832,130481.7000
27833,130481.7000
27834,130481.7000
27835,130481.7000
27836,130481.7000
27837,130481.7000
27838,130481.7000
27839,130481.7000
27840,130481.7000
27841,130481.7000
27842,130481.7000
27843,130481.7000
27844,130481.7000
27845,130481.7000
27846,130481.7000
27847,130481.7000
27848,130481.7000
27849,130481.7000
27850,130481.7000
27851,130481.7000
27852,130481.7000
27853,130481.7000
27854,130481.7000
27855,130481.7000
27856,130481.7000
27857,130481.7000
27858,130481.7000
27859,130481.7000
27860,130481.7000
27861,130481.7000
27862,130481.7000
27863,130481.7000
27864,130481.7000
27865,130481.7000
27866,130481.7000
27867,130481.7000
27868,130481.7000
27869,130481.7000
27870,130481.7000
27871,130481.7000
27872,130481.7000
27873,130481.7000
27874,130481.7000
27875,130481.7000
27876,130481.7000
27877,130481.7000
27878,130481.7000
27879,130481.7000
27880,130481.7000
27881,130481.7000
27882,130481.7000
27883,130481.7000
27884,130481.7000
27885,130481.7000
27886,130481.7000
27887,130481.7000
27888,130481.7000
27889,130481.7000
27890,130481.7000
27891,130481.7000
27892,130481.7000
27893,130481.7000
27894,130481.7000
27895,130481.7000
27896,130481.7000
27897,130481.7000
27898,130481.7000
27899,130481.7000
27900,130481.7000
27901,130481.7000
27902,130481.7000
27903,130481.7000
27904,130481.7000
27905,130481.7000
27906,130481.7000
27907,130481.7000
27908,130481.7000
27909,130481.7000
27910,130481.7000
27911,130481.7000
27912,130481.7000
27913,130481.7000
27914,130481.7000
27915,130481.7000
27916,130481.7000
27917,130481.7000
27918,130481.7000
27919,130481.7000
27920,130481.7000
27921,130481.7000
27922,130481.7000
27923,130481.7000
27924,130481.7000
27925,130481.7000
27926,130481.7000
27927,130481.7000
27928,130481.7000
27929,130481.7000
27930,130481.7000
27931,130481.7000
27932,130481.7000
27933,130481.7000
27934,130481.7000
27935,130481.7000
27936,130481.7000
27937,130481.7000
27938,130481.7000
27939,130481.7000
27940,130481.7000
27941,130481.7000
27942,130481.7000
27943,130481.7000
27944,130481.7000
27945,130481.7000
27946,130481.7000
27947,130481.7000
27948,130481.7000
27949,130481.7000
27950,130481.7000
27951,130481.7000
27952,130481.7000
27953,130481.7000
27954,130481.7000
27955,130481.7000
27956,130481.7000
27957,130481.7000
27958,130481.7000
27959,130481.7000
27960,130481.7000
27961,130481.7000
27962,130481.7000
27963,130481.7000
27964,130481.7000
27965,130481.7000
27966,130481.7000
27967,130481.7000
27968,130481.7000
27969,130481.7000
27970,130481.7000
27971,130481.7000
27972,130481.7000
27973,130481.7000
27974,130481.7000
27975,130481.7000
27976,130481.7000
27977,130481.7000
27978,130481.7000
27979,130481.7000
27980,130481.7000
27981,130481.7000
27982,130481.7000
27983,130481.7000
27984,130481.7000
27985,130481.7000
27986,130481.7000
27987,130481.7000
27988,130481.7000
27989,130481.7000
27990,130481.7000
27991,130481.7000
27992,130481.7000
27993,130481.7000
27994,130481.7000
27995,130481.7000
27996,130481.7000
27997,130481.7000
27998,130481.7000
27999,130481.7000
28000,130481.7000
28001,130481.7000
28002,130481.7000
28003,130481.7000
28004,130481.7000
28005,130481.7000
28006,130481.7000
28007,130481.7000
28008,130481.7000
28009,130481.7000
28010,130481.7000
28011,130481.7000
28012,130481.7000
28013,130481.7000
28014,130481.7000
28015,130481.7000
28016,130481.7000
28017,130481.7000
28018,130481.7000
28019,130481.7000
28020,130481.7000
28021,130481.7000
28022,130481.7000
28023,130481.7000
28024,130481.7000
28025,130481.7000
28026,130481.7000
28027,130481.7000
28028,130481.7000
28029,130481.7000
28030,130481.7000
28031,130481.7000
28032,130481.7000
28033,130481.7000
28034,130481.7000
28035,130481.7000
28036,130481.7000
28037,130481.7000
28038,130481.7000
28039,130481.7000
28040,130481.7000
28041,130481.7000
28042,130481.7000
28043,130481.7000
28044,130481.7000
28045,130481.7000
28046,130481.7000
28047,130481.7000
28048,130481.7000
28049,130481.7000
28050,130481.7000
28051,130481.7000
28052,130481.7000
28053,130481.7000
28054,130481.7000
28055,130481.7000
28056,130481.7000
28057,130481.7000
28058,130481.7000
28059,130481.7000
28060,130481.7000
28061,130481.7000
28062,130481.7000
28063,130481.7000
28064,130481.7000
28065,130481.7000
28066,130481.7000
28067,130481.7000
28068,130481.7000
28069,130481.7000
28070,130481.7000
28071,130481.7000
28072,130481.7000
28073,130481.7000
28074,130481.7000
28075,130481.7000
28076,130481.7000
28077,130481.7000
28078,130481.7000
28079,130481.7000
28080,130481.7000
28081,130481.7000
28082,130481.7000
28083,130481.7000
28084,130481.7000
28085,130481.7000
28086,130481.7000
28087,130481.7000
28088,130481.7000
28089,130481.7000
28090,130481.7000
28091,130481.7000
28092,130481.7000
28093,130481.7000
28094,130481.7000
28095,130481.7000
28096,130481.7000
28097,130481.7000
28098,130481.7000
28099,130481.7000
28100,130481.7000
28101,130481.7000
28102,130481.7000
28103,130481.7000
28104,130481.7000
28105,130481.7000
28106,130481.7000
28107,130481.7000
28108,130481.7000
28109,130481.7000
28110,130481.7000
28111,130481.7000
28112,130481.7000
28113,130481.7000
28114,130481.7000
28115,130481.7000
28116,130481.7000
28117,130481.7000
28118,130481.7000
28119,130481.7000
28120,130481.7000
28121,130481.7000
28122,130481.7000
28123,130481.7000
28124,130481.7000
28125,130481.7000
28126,130481.7000
28127,130481.7000
28128,130481.7000
28129,130481.7000
28130,130481.7000
28131,130481.7000
28132,130481.7000
28133,130481.7000
28134,130481.7000
28135,130481.7000
28136,130481.7000
28137,130481.7000
28138,130481.7000
28139,130481.7000
28140,130481.7000
28141,130481.7000
28142,130481.7000
28143,130481.7000
28144,130481.7000
28145,130481.7000
28146,130481.7000
28147,130481.7000
28148,130481.7000
28149,130481.7000
28150,130481.7000
28151,130481.7000
28152,130481.7000
28153,130481.7000
28154,130481.7000
28155,130481.7000
28156,130481.7000
28157,130481.7000
28158,130481.7000
28159,130481.7000
28160,130481.7000
28161,130481.7000
28162,130481.7000
28163,130481.7000
28164,130481.7000
28165,130481.7000
28166,130481.7000
28167,130481.7000
28168,130481.7000
28169,130481.7000
28170,130481.7000
28171,130481.7000
28172,130481.7000
28173,130481.7000
28174,130481.7000
28175,130481.7000
28176,130481.7000
28177,130481.7000
28178,130481.7000
28179,130481.7000
28180,130481.7000
28181,130481.7000
28182,130481.7000
28183,130481.7000
28184,130481.7000
28185,130481.7000
28186,130481.7000
28187,130481.7000
28188,130481.7000
28189,130481.7000
28190,130481.7000
28191,130481.7000
28192,130481.7000
28193,130481.7000
28194,130481.7000
28195,130481.7000
28196,130481.7000
28197,130481.7000
28198,130481.7000
28199,130481.7000
28200,130481.7000
28201,130481.7000
28202,130481.7000
28203,130481.7000
28204,130481.7000
28205,130481.7000
28206,130481.7000
28207,130481.7000
28208,130481.7000
28209,130481.7000
28210,130481.7000
28211,130481.7000
28212,130481.7000
28213,130481.7000
28214,130481.7000
28215,130481.7000
28216,130481.7000
28217,130481.7000
28218,130481.7000
28219,130481.7000
28220,130481.7000
28221,130481.7000
28222,130481.7000
28223,130481.7000
28224,130481.7000
28225,130481.7000
28226,130481.7000
28227,130481.7000
28228,130481.7000
28229,130481.7000
28230,130481.7000
28231,130481.7000
28232,130481.7000
28233,130481.7000
28234,130481.7000
28235,130481.7000
28236,130481.7000
28237,130481.7000
28238,130481.7000
28239,130481.7000
28240,130481.7000
28241,130481.7000
28242,130481.7000
28243,130481.7000
28244,130481.7000
28245,130481.7000
28246,130481.7000
28247,130481.7000
28248,130481.7000
28249,130481.7000
28250,130481.7000
28251,130481.7000
28252,130481.7000
28253,130481.7000
28254,130481.7000
28255,130481.7000
28256,130481.7000
28257,130481.7000
28258,130481.7000
28259,130481.7000
28260,130481.7000
28261,130481.7000
28262,130481.7000
28263,130481.7000
28264,130481.7000
28265,130481.7000
28266,130481.7000
28267,130481.7000
28268,130481.7000
28269,130481.7000
28270,130481.7000
28271,130481.7000
28272,130481.7000
28273,130481.7000
28274,130481.7000
28275,130481.7000
28276,130481.7000
28277,130481.7000
28278,130481.7000
28279,130481.7000
28280,130481.7000
28281,130481.7000
28282,130481.7000
28283,130481.7000
28284,130481.7000
28285,130481.7000
28286,130481.7000
28287,130481.7000
28288,130481.7000
28289,130481.7000
28290,130481.7000
28291,130481.7000
28292,130481.7000
28293,130481.7000
28294,130481.7000
28295,130481.7000
28296,130481.7000
28297,130481.7000
28298,130481.7000
28299,130481.7000
28300,130481.7000
28301,130481.7000
28302,130481.7000
28303,130481.7000
28304,130481.7000
28305,130481.7000
28306,130481.7000
28307,130481.7000
28308,130481.7000
28309,130481.7000
28310,130481.7000
28311,130481.7000
28312,130481.7000
28313,130481.7000
28314,130481.7000
28315,130481.7000
28316,130481.7000
28317,130481.7000
28318,130481.7000
28319,130481.7000
28320,130481.7000
28321,130481.7000
28322,130481.7000
28323,130481.7000
28324,130481.7000
28325,130481.7000
28326,130481.7000
28327,130481.7000
28328,130481.7000
28329,130481.7000
28330,130481.7000
28331,130481.7000
28332,130481.7000
28333,130481.7000
28334,130481.7000
28335,130481.7000
28336,130481.7000
28337,130481.7000
28338,130481.7000
28339,130481.7000
28340,130481.7000
28341,130481.7000
28342,130481.7000
28343,130481.7000
28344,130481.7000
28345,130481.7000
28346,130481.7000
28347,130481.7000
28348,130481.7000
28349,130481.7000
28350,130481.7000
28351,130481.7000
28352,130481.7000
28353,130481.7000
28354,130481.7000
28355,130481.7000
28356,130481.7000
28357,130481.7000
28358,130481.7000
28359,130481.7000
28360,130481.7000
28361,130481.7000
28362,130481.7000
28363,130481.7000
28364,130481.7000
28365,130481.7000
28366,130481.7000
28367,130481.7000
28368,130481.7000
28369,130481.7000
28370,130481.7000
28371,130481.7000
28372,130481.7000
28373,130481.7000
28374,130481.7000
28375,130481.7000
28376,130481.7000
28377,130481.7000
28378,130481.7000
28379,130481.7000
28380,130481.7000
28381,130481.7000
28382,130481.7000
28383,130481.7000
28384,130481.7000
28385,130481.7000
28386,130481.7000
28387,130481.7000
28388,130481.7000
28389,130481.7000
28390,130481.7000
28391,130481.7000
28392,130481.7000
28393,130481.7000
28394,130481.7000
28395,130481.7000
28396,130481.7000
28397,130481.7000
28398,130481.7000
28399,130481.7000
28400,130481.7000
28401,130481.7000
28402,130481.7000
28403,130481.7000
28404,130481.7000
28405,130481.7000
28406,130481.7000
28407,130481.7000
28408,130481.7000
28409,130481.7000
28410,130481.7000
28411,130481.7000
28412,130481.7000
28413,130481.7000
28414,130481.7000
28415,130481.7000
28416,130481.7000
28417,130481.7000
28418,130481.7000
28419,130481.7000
28420,130481.7000
28421,130481.7000
28422,130481.7000
28423,130481.7000
28424,130481.7000
28425,130481.7000
28426,130481.7000
28427,130481.7000
28428,130481.7000
28429,130481.7000
28430,130481.7000
28431,130481.7000
28432,130481.7000
28433,130481.7000
28434,130481.7000
28435,130481.7000
28436,130481.7000
28437,130481.7000
28438,130481.7000
28439,130481.7000
28440,130481.7000
28441,130481.7000
28442,130481.7000
28443,130481.7000
28444,130481.7000
28445,130481.7000
28446,130481.7000
28447,130481.7000
28448,130481.7000
28449,130481.7000
28450,130481.7000
28451,130481.7000
28452,130481.7000
28453,130481.7000
28454,130481.7000
28455,130481.7000
28456,130481.7000
28457,130481.7000
28458,130481.7000
28459,130481.7000
28460,130481.7000
28461,130481.7000
28462,130481.7000
28463,130481.7000
28464,130481.7000
28465,130481.7000
28466,130481.7000
28467,130481.7000
28468,130481.7000
28469,130481.7000
28470,130481.7000
28471,130481.7000
28472,130481.7000
28473,130481.7000
28474,130481.7000
28475,130481.7000
28476,130481.7000
28477,130481.7000
28478,130481.7000
28479,130481.7000
28480,130481.7000
28481,130481.7000
28482,130481.7000
28483,130481.7000
28484,130481.7000
28485,130481.7000
28486,130481.7000
28487,130481.7000
28488,130481.7000
28489,130481.7000
28490,130481.7000
28491,130481.7000
28492,130481.7000
28493,130481.7000
28494,130481.7000
28495,130481.7000
28496,130481.7000
28497,130481.7000
28498,130481.7000
28499,130481.7000
28500,130481.7000
28501,130481.7000
28502,130481.7000
28503,130481.7000
28504,130481.7000
28505,130481.7000
28506,130481.7000
28507,130481.7000
28508,130481.7000
28509,130481.7000
28510,130481.7000
28511,130481.7000
28512,130481.7000
28513,130481.7000
28514,130481.7000
28515,130481.7000
28516,130481.7000
28517,130481.7000
28518,130481.7000
28519,130481.7000
28520,130481.7000
28521,130481.7000
28522,130481.7000
28523,130481.7000
28524,130481.7000
28525,130481.7000
28526,130481.7000
28527,130481.7000
28528,130481.7000
28529,130481.7000
28530,130481.7000
28531,130481.7000
28532,130481.7000
28533,130481.7000
28534,130481.7000
28535,130481.7000
28536,130481.7000
28537,130481.7000
28538,130481.7000
28539,130481.7000
28540,130481.7000
28541,130481.7000
28542,130481.7000
28543,130481.7000
28544,130481.7000
28545,130481.7000
28546,130481.7000
28547,130481.7000
28548,130481.7000
28549,130481.7000
28550,130481.7000
28551,130481.7000
28552,130481.7000
28553,130481.7000
28554,130481.7000
28555,130481.7000
28556,130481.7000
28557,130481.7000
28558,130481.7000
28559,130481.7000
28560,130481.7000
28561,130481.7000
28562,130481.7000
28563,130481.7000
28564,130481.7000
28565,130481.7000
28566,130481.7000
28567,130481.7000
28568,130481.7000
28569,130481.7000
28570,130481.7000
28571,130481.7000
28572,130481.7000
28573,130481.7000
28574,130481.7000
28575,130481.7000
28576,130481.7000
28577,130481.7000
28578,130481.7000
28579,130481.7000
28580,130481.7000
28581,130481.7000
28582,130481.7000
28583,130481.7000
28584,130481.7000
28585,130481.7000
28586,130481.7000
28587,130481.7000
28588,130481.7000
28589,130481.7000
28590,130481.7000
28591,130481.7000
28592,130481.7000
28593,130481.7000
28594,130481.7000
28595,130481.7000
28596,130481.7000
28597,130481.7000
28598,130481.7000
28599,130481.7000
28600,130481.7000
28601,130481.7000
28602,130481.7000
28603,130481.7000
28604,130481.7000
28605,130481.7000
28606,130481.7000
28607,130481.7000
28608,130481.7000
28609,130481.7000
28610,130481.7000
28611,130481.7000
28612,130481.7000
28613,130481.7000
28614,130481.7000
28615,130481.7000
28616,130481.7000
28617,130481.7000
28618,130481.7000
28619,130481.7000
28620,130481.7000
28621,130481.7000
28622,130481.7000
28623,130481.7000
28624,130481.7000
28625,130481.7000
28626,130481.7000
28627,130481.7000
28628,130481.7000
28629,130481.7000
28630,130481.7000
28631,130481.7000
28632,130481.7000
28633,130481.7000
28634,130481.7000
28635,130481.7000
28636,130481.7000
28637,130481.7000
28638,130481.7000
28639,130481.7000
28640,130481.7000
28641,130481.7000
28642,130481.7000
28643,130481.7000
28644,130481.7000
28645,130481.7000
28646,130481.7000
28647,130481.7000
28648,130481.7000
28649,130481.7000
28650,130481.7000
28651,130481.7000
28652,130481.7000
28653,130481.7000
28654,130481.7000
28655,130481.7000
28656,130481.7000
28657,130481.7000
28658,130481.7000
28659,130481.7000
28660,130481.7000
28661,130481.7000
28662,130481.7000
28663,130481.7000
28664,130481.7000
28665,130481.7000
28666,130481.7000
28667,130481.7000
28668,130481.7000
28669,130481.7000
28670,130481.7000
28671,130481.7000
28672,130481.7000
28673,130481.7000
28674,130481.7000
28675,130481.7000
28676,130481.7000
28677,130481.7000
28678,130481.7000
28679,130481.7000
28680,130481.7000
28681,130481.7000
28682,130481.7000
28683,130481.7000
28684,130481.7000
28685,130481.7000
28686,130481.7000
28687,130481.7000
28688,130481.7000
28689,130481.7000
28690,130481.7000
28691,130481.7000
28692,130481.7000
28693,130481.7000
28694,130481.7000
28695,130481.7000
28696,130481.7000
28697,130481.7000
28698,130481.7000
28699,130481.7000
28700,130481.7000
28701,130481.7000
28702,130481.7000
28703,130481.7000
28704,130481.7000
28705,130481.7000
28706,130481.7000
28707,130481.7000
28708,130481.7000
28709,130481.7000
28710,130481.7000
28711,130481.7000
28712,130481.7000
28713,130481.7000
28714,130481.7000
28715,130481.7000
28716,130481.7000
28717,130481.7000
28718,130481.7000
28719,130481.7000
28720,130481.7000
28721,130481.7000
28722,130481.7000
28723,130481.7000
28724,130481.7000
28725,130481.7000
28726,130481.7000
28727,130481.7000
28728,130481.7000
28729,130481.7000
28730,130481.7000
28731,130481.7000
28732,130481.7000
28733,130481.7000
28734,130481.7000
28735,130481.7000
28736,130481.7000
28737,130481.7000
28738,130481.7000
28739,130481.7000
28740,130481.7000
28741,130481.7000
28742,130481.7000
28743,130481.7000
28744,130481.7000
28745,130481.7000
28746,130481.7000
28747,130481.7000
28748,130481.7000
28749,130481.7000
28750,130481.7000
28751,130481.7000
28752,130481.7000
28753,130481.7000
28754,130481.7000
28755,130481.7000
28756,130481.7000
28757,130481.7000
28758,130481.7000
28759,130481.7000
28760,130481.7000
28761,130481.7000
28762,130481.7000
28763,130481.7000
28764,130481.7000
28765,130481.7000
28766,130481.7000
28767,130481.7000
28768,130481.7000
28769,130481.7000
28770,130481.7000
28771,130481.7000
28772,130481.7000
28773,130481.7000
28774,130481.7000
28775,130481.7000
28776,130481.7000
28777,130481.7000
28778,130481.7000
28779,130481.7000
28780,130481.7000
28781,130481.7000
28782,130481.7000
28783,130481.7000
28784,130481.7000
28785,130481.7000
28786,130481.7000
28787,130481.7000
28788,130481.7000
28789,130481.7000
28790,130481.7000
28791,130481.7000
28792,130481.7000
28793,130481.7000
28794,130481.7000
28795,130481.7000
28796,130481.7000
28797,130481.7000
28798,130481.7000
28799,130481.7000
28800,130481.7000
28801,130481.7000
28802,130481.7000
28803,130481.7000
28804,130481.7000
28805,130481.7000
28806,130481.7000
28807,130481.7000
28808,130481.7000
28809,130481.7000
28810,130481.7000
28811,130481.7000
28812,130481.7000
28813,130481.7000
28814,130481.7000
28815,130481.7000
28816,130481.7000
28817,130481.7000
28818,130481.7000
28819,130481.7000
28820,130481.7000
28821,130481.7000
28822,130481.7000
28823,130481.7000
28824,130481.7000
28825,130481.7000
28826,130481.7000
28827,130481.7000
28828,130481.7000
28829,130481.7000
28830,130481.7000
28831,130481.7000
28832,130481.7000
28833,130481.7000
28834,130481.7000
28835,130481.7000
28836,130481.7000
28837,130481.7000
28838,130481.7000
28839,130481.7000
28840,130481.7000
28841,130481.7000
28842,130481.7000
28843,130481.7000
28844,130481.7000
28845,130481.7000
28846,130481.7000
28847,130481.7000
28848,130481.7000
28849,130481.7000
28850,130481.7000
28851,130481.7000
28852,130481.7000
28853,130481.7000
28854,130481.7000
28855,130481.7000
28856,130481.7000
28857,130481.7000
28858,130481.7000
28859,130481.7000
28860,130481.7000
28861,130481.7000
28862,130481.7000
28863,130481.7000
28864,130481.7000
28865,130481.7000
28866,130481.7000
28867,130481.7000
28868,130481.7000
28869,130481.7000
28870,130481.7000
28871,130481.7000
28872,130481.7000
28873,130481.7000
28874,130481.7000
28875,130481.7000
28876,130481.7000
28877,130481.7000
28878,130481.7000
28879,130481.7000
28880,130481.7000
28881,130481.7000
28882,130481.7000
28883,130481.7000
28884,130481.7000
28885,130481.7000
28886,130481.7000
28887,130481.7000
28888,130481.7000
28889,130481.7000
28890,130481.7000
28891,130481.7000
28892,130481.7000
28893,130481.7000
28894,130481.7000
28895,130481.7000
28896,130481.7000
28897,130481.7000
28898,130481.7000
28899,130481.7000
28900,130481.7000
28901,130481.7000
28902,130481.7000
28903,130481.7000
28904,130481.7000
28905,130481.7000
28906,130481.7000
28907,130481.7000
28908,130481.7000
28909,130481.7000
28910,130481.7000
28911,130481.7000
28912,130481.7000
28913,130481.7000
28914,130481.7000
28915,130481.7000
28916,130481.7000
28917,130481.7000
28918,130481.7000
28919,130481.7000
28920,130481.7000
28921,130481.7000
28922,130481.7000
28923,130481.7000
28924,130481.7000
28925,130481.7000
28926,130481.7000
28927,130481.7000
28928,130481.7000
28929,130481.7000
28930,130481.7000
28931,130481.7000
28932,130481.7000
28933,130481.7000
28934,130481.7000
28935,130481.7000
28936,130481.7000
28937,130481.7000
28938,130481.7000
28939,130481.7000
28940,130481.7000
28941,130481.7000
28942,130481.7000
28943,130481.7000
28944,130481.7000
28945,130481.7000
28946,130481.7000
28947,130481.7000
28948,130481.7000
28949,130481.7000
28950,130481.7000
28951,130481.7000
28952,130481.7000
28953,130481.7000
28954,130481.7000
28955,130481.7000
28956,130481.7000
28957,130481.7000
28958,130481.7000
28959,130481.7000
28960,130481.7000
28961,130481.7000
28962,130481.7000
28963,130481.7000
28964,130481.7000
28965,130481.7000
28966,130481.7000
28967,130481.7000
28968,130481.7000
28969,130481.7000
28970,130481.7000
28971,130481.7000
28972,130481.7000
28973,130481.7000
28974,130481.7000
28975,130481.7000
28976,130481.7000
28977,130481.7000
28978,130481.7000
28979,130481.7000
28980,130481.7000
28981,130481.7000
28982,130481.7000
28983,130481.7000
28984,130481.7000
28985,130481.7000
28986,130481.7000
28987,130481.7000
28988,130481.7000
28989,130481.7000
28990,130481.7000
28991,130481.7000
28992,130481.7000
28993,130481.7000
28994,130481.7000
28995,130481.7000
28996,130481.7000
28997,130481.7000
28998,130481.7000
28999,130481.7000
29000,130481.7000
29001,130481.7000
29002,130481.7000
29003,130481.7000
29004,130481.7000
29005,130481.7000
29006,130481.7000
29007,130481.7000
29008,130481.7000
29009,130481.7000
29010,130481.7000
29011,130481.7000
29012,130481.7000
29013,130481.7000
29014,130481.7000
29015,130481.7000
29016,130481.7000
29017,130481.7000
29018,130481.7000
29019,130481.7000
29020,130481.7000
29021,130481.7000
29022,130481.7000
29023,130481.7000
29024,130481.7000
29025,130481.7000
29026,130481.7000
29027,130481.7000
29028,130481.7000
29029,130481.7000
29030,130481.7000
29031,130481.7000
29032,130481.7000
29033,130481.7000
29034,130481.7000
29035,130481.7000
29036,130481.7000
29037,130481.7000
29038,130481.7000
29039,130481.7000
29040,130481.7000
29041,130481.7000
29042,130481.7000
29043,130481.7000
29044,130481.7000
29045,130481.7000
29046,130481.7000
29047,130481.7000
29048,130481.7000
29049,130481.7000
29050,130481.7000
29051,130481.7000
29052,130481.7000
29053,130481.7000
29054,130481.7000
29055,130481.7000
29056,130481.7000
29057,130481.7000
29058,130481.7000
29059,130481.7000
29060,130481.7000
29061,130481.7000
29062,130481.7000
29063,130481.7000
29064,130481.7000
29065,130481.7000
29066,130481.7000
29067,130481.7000
29068,130481.7000
29069,130481.7000
29070,130481.7000
29071,130481.7000
29072,130481.7000
29073,130481.7000
29074,130481.7000
29075,130481.7000
29076,130481.7000
29077,130481.7000
29078,130481.7000
29079,130481.7000
29080,130481.7000
29081,130481.7000
29082,130481.7000
29083,130481.7000
29084,130481.7000
29085,130481.7000
29086,130481.7000
29087,130481.7000
29088,130481.7000
29089,130481.7000
29090,130481.7000
29091,130481.7000
29092,130481.7000
29093,130481.7000
29094,130481.7000
29095,130481.7000
29096,130481.7000
29097,130481.7000
29098,130481.7000
29099,130481.7000
29100,130481.7000
29101,130481.7000
29102,130481.7000
29103,130481.7000
29104,130481.7000
29105,130481.7000
29106,130481.7000
29107,130481.7000
29108,130481.7000
29109,130481.7000
29110,130481.7000
29111,130481.7000
29112,130481.7000
29113,130481.7000
29114,130481.7000
29115,130481.7000
29116,130481.7000
29117,130481.7000
29118,130481.7000
29119,130481.7000
29120,130481.7000
29121,130481.7000
29122,130481.7000
29123,130481.7000
29124,130481.7000
29125,130481.7000
29126,130481.7000
29127,130481.7000
29128,130481.7000
29129,130481.7000
29130,130481.7000
29131,130481.7000
29132,130481.7000
29133,130481.7000
29134,130481.7000
29135,130481.7000
29136,130481.7000
29137,130481.7000
29138,130481.7000
29139,130481.7000
29140,130481.7000
29141,130481.7000
29142,130481.7000
29143,130481.7000
29144,130481.7000
29145,130481.7000
29146,130481.7000
29147,130481.7000
29148,130481.7000
29149,130481.7000
29150,130050.0000
29151,130050.0000
29152,130050.0000
29153,130050.0000
29154,130050.0000
29155,130050.0000
29156,130050.0000
29157,130050.0000
29158,130050.0000
29159,130050.0000
29160,130050.0000
29161,130050.0000
29162,130050.0000
29163,130050.0000
29164,130050.0000
29165,130050.0000
29166,130050.0000
29167,130050.0000
29168,130050.0000
29169,130050.0000
29170,130050.0000
29171,130050.0000
29172,130050.0000
29173,130050.0000
29174,130050.0000
29175,130050.0000
29176,130050.0000
29177,130050.0000
29178,130050.0000
29179,130050.0000
29180,130050.0000
29181,130050.0000
29182,130050.0000
29183,130050.0000
29184,130050.0000
29185,130050.0000
29186,130050.0000
29187,130050.0000
29188,130050.0000
29189,130050.0000
29190,130050.0000
29191,130050.0000
29192,130050.0000
29193,130050.0000
29194,130050.0000
29195,130050.0000
29196,130050.0000
29197,130050.0000
29198,130050.0000
29199,130050.0000
29200,130050.0000
29201,130050.0000
29202,130050.0000
29203,130050.0000
29204,130050.0000
29205,130050.0000
29206,130050.0000
29207,130050.0000
29208,130050.0000
29209,130050.0000
29210,130050.0000
29211,130050.0000
29212,130050.0000
29213,130050.0000
29214,130050.0000
29215,130050.0000
29216,130050.0000
29217,130050.0000
29218,130050.0000
29219,130050.0000
29220,130050.0000
29221,130050.0000
29222,130050.0000
29223,130050.0000
29224,130050.0000
29225,130050.0000
29226,130050.0000
29227,130050.0000
29228,130050.0000
29229,130050.0000
29230,130050.0000
29231,130050.0000
29232,130050.0000
29233,130050.0000
29234,130050.0000
29235,130050.0000
29236,130050.0000
29237,130050.0000
29238,130050.0000
29239,130050.0000
29240,130050.0000
29241,130050.0000
29242,130050.0000
29243,130050.0000
29244,130050.0000
29245,130050.0000
29246,130050.0000
29247,130050.0000
29248,130050.0000
29249,130050.0000
29250,130050.0000
29251,130050.0000
29252,130050.0000
29253,130050.0000
29254,130050.0000
29255,130050.0000
29256,130050.0000
29257,130050.0000
29258,130050.0000
29259,130050.0000
29260,130050.0000
29261,130050.0000
29262,130050.0000
29263,130050.0000
29264,130050.0000
29265,130050.0000
29266,130050.0000
29267,130050.0000
29268,130050.0000
29269,130050.0000
29270,130050.0000
29271,130050.0000
29272,130050.0000
29273,130050.0000
29274,130050.0000
29275,130050.0000
29276,130050.0000
29277,130050.0000
29278,130050.0000
29279,130050.0000
29280,130050.0000
29281,130050.0000
29282,130050.0000
29283,130050.0000
29284,130050.0000
29285,130050.0000
29286,130050.0000
29287,130050.0000
29288,130050.0000
29289,130050.0000
29290,130050.0000
29291,130050.0000
29292,130050.0000
29293,130050.0000
29294,130050.0000
29295,130050.0000
29296,130050.0000
29297,130050.0000
29298,130050.0000
29299,130050.0000
29300,130050.0000
29301,130050.0000
29302,130050.0000
29303,130050.0000
29304,130050.0000
29305,130050.0000
29306,130050.0000
29307,130050.0000
29308,130050.0000
29309,130050.0000
29310,130050.0000
29311,130050.0000
29312,130050.0000
29313,130050.0000
29314,130050.0000
29315,130050.0000
29316,130050.0000
29317,130050.0000
29318,130050.0000
29319,130050.0000
29320,130050.0000
29321,130050.0000
29322,130050.0000
29323,130050.0000
29324,130050.0000
29325,130050.0000
29326,130050.0000
29327,130050.0000
29328,130050.0000
29329,130050.0000
29330,130050.0000
29331,130050.0000
29332,130050.0000
29333,130050.0000
29334,130050.0000
29335,130050.0000
29336,130050.0000
29337,130050.0000
29338,130050.0000
29339,130050.0000
29340,130050.0000
29341,130050.0000
29342,130050.0000
29343,130050.0000
29344,130050.0000
29345,130050.0000
29346,130050.0000
29347,130050.0000
29348,130050.0000
29349,130050.0000
29350,130050.0000
29351,130050.0000
29352,130050.0000
29353,130050.0000
29354,130050.0000
29355,130050.0000
29356,130050.0000
29357,130050.0000
29358,130050.0000
29359,130050.0000
29360,130050.0000
29361,130050.0000
29362,130050.0000
29363,130050.0000
29364,130050.0000
29365,130050.0000
29366,130050.0000
29367,130050.0000
29368,130050.0000
29369,130050.0000
29370,130050.0000
29371,130050.0000
29372,130050.0000
29373,130050.0000
29374,130050.0000
29375,130050.0000
29376,130050.0000
29377,130050.0000
29378,130050.0000
29379,130050.0000
29380,130050.0000
29381,130050.0000
29382,130050.0000
29383,130050.0000
29384,130050.0000
29385,130050.0000
29386,130050.0000
29387,130050.0000
29388,130050.0000
29389,130050.0000
29390,130050.0000
29391,130050.0000
29392,130050.0000
29393,130050.0000
29394,130050.0000
29395,130050.0000
29396,130050.0000
29397,130050.0000
29398,130050.0000
29399,130050.0000
29400,130050.0000
29401,130050.0000
29402,130050.0000
29403,130050.0000
29404,130050.0000
29405,130050.0000
29406,130050.0000
29407,130050.0000
29408,130050.0000
29409,130050.0000
29410,130050.0000
29411,130050.0000
29412,130050.0000
29413,130050.0000
29414,130050.0000
29415,130050.0000
29416,130050.0000
29417,130050.0000
29418,130050.0000
29419,130050.0000
29420,130050.0000
29421,130050.0000
29422,130050.0000
29423,130050.0000
29424,130050.0000
29425,130050.0000
29426,130050.0000
29427,130050.0000
29428,130050.0000
29429,130050.0000
29430,130050.0000
29431,130050.0000
29432,130050.0000
29433,130050.0000
29434,130050.0000
29435,130050.0000
29436,130050.0000
29437,130050.0000
29438,130050.0000
29439,130050.0000
29440,130050.0000
29441,130050.0000
29442,130050.0000
29443,130050.0000
29444,130050.0000
29445,130050.0000
29446,130050.0000
29447,130050.0000
29448,130050.0000
29449,130050.0000
29450,130050.0000
29451,130050.0000
29452,130050.0000
29453,130050.0000
29454,130050.0000
29455,130050.0000
29456,130050.0000
29457,130050.0000
29458,130050.0000
29459,130050.0000
29460,130050.0000
29461,130050.0000
29462,130050.0000
29463,130050.0000
29464,130050.0000
29465,130050.0000
29466,130050.0000
29467,130050.0000
29468,130050.0000
29469,130050.0000
29470,130050.0000
29471,130050.0000
29472,130050.0000
29473,130050.0000
29474,130050.0000
29475,130050.0000
29476,130050.0000
29477,130050.0000
29478,130050.0000
29479,130050.0000
29480,130050.0000
29481,130050.0000
29482,130050.0000
29483,130050.0000
29484,130050.0000
29485,130050.0000
29486,130050.0000
29487,130050.0000
29488,130050.0000
29489,130050.0000
29490,130050.0000
29491,130050.0000
29492,130050.0000
29493,130050.0000
29494,130050.0000
29495,130050.0000
29496,130050.0000
29497,130050.0000
29498,130050.0000
29499,130050.0000
29500,130050.0000
29501,130050.0000
29502,130050.0000
29503,130050.0000
29504,130050.0000
29505,130050.0000
29506,130050.0000
29507,130050.0000
29508,130050.0000
29509,130050.0000
29510,130050.0000
29511,130050.0000
29512,130050.0000
29513,130050.0000
29514,130050.0000
29515,130050.0000
29516,130050.0000
29517,130050.0000
29518,130050.0000
29519,130050.0000
29520,130050.0000
29521,130050.0000
29522,130050.0000
29523,130050.0000
29524,130050.0000
29525,130050.0000
29526,130050.0000
29527,130050.0000
29528,130050.0000
29529,130050.0000
29530,130050.0000
29531,130050.0000
29532,130050.0000
29533,130050.0000
29534,130050.0000
29535,130050.0000
29536,130050.0000
29537,130050.0000
29538,130050.0000
29539,130050.0000
29540,130050.0000
29541,130050.0000
29542,130050.0000
29543,130050.0000
29544,130050.0000
29545,130050.0000
29546,130050.0000
29547,130050.0000
29548,130050.0000
29549,130050.0000
29550,130050.0000
29551,130050.0000
29552,130050.0000
29553,130050.0000
29554,130050.0000
29555,130050.0000
29556,130050.0000
29557,130050.0000
29558,130050.0000
29559,130050.0000
29560,130050.0000
29561,130050.0000
29562,130050.0000
29563,130050.0000
29564,130050.0000
29565,130050.0000
29566,130050.0000
29567,130050.0000
29568,130050.0000
29569,130050.0000
29570,130050.0000
29571,130050.0000
29572,130050.0000
29573,130050.0000
29574,130050.0000
29575,130050.0000
29576,130050.0000
29577,130050.0000
29578,130050.0000
29579,130050.0000
29580,130050.0000
29581,130050.0000
29582,130050.0000
29583,130050.0000
29584,130050.0000
29585,130050.0000
29586,130050.0000
29587,130050.0000
29588,130050.0000
29589,130050.0000
29590,130050.0000
29591,130050.0000
29592,130050.0000
29593,130050.0000
29594,130050.0000
29595,130050.0000
29596,130050.0000
29597,130050.0000
29598,130050.0000
29599,130050.0000
29600,130050.0000
29601,130050.0000
29602,130050.0000
29603,130050.0000
29604,130050.0000
29605,130050.0000
29606,130050.0000
29607,130050.0000
29608,130050.0000
29609,130050.0000
29610,130050.0000
29611,130050.0000
29612,130050.0000
29613,130050.0000
29614,130050.0000
29615,130050.0000
29616,130050.0000
29617,130050.0000
29618,130050.0000
29619,130050.0000
29620,130050.0000
29621,130050.0000
29622,130050.0000
29623,130050.0000
29624,130050.0000
29625,130050.0000
29626,130050.0000
29627,130050.0000
29628,130050.0000
29629,130050.0000
29630,130050.0000
29631,130050.0000
29632,130050.0000
29633,130050.0000
29634,130050.0000
29635,130050.0000
29636,130050.0000
29637,130050.0000
29638,130050.0000
29639,130050.0000
29640,130050.0000
29641,130050.0000
29642,130050.0000
29643,130050.0000
29644,130050.0000
29645,130050.0000
29646,130050.0000
29647,130050.0000
29648,130050.0000
29649,130050.0000
29650,130050.0000
29651,130050.0000
29652,130050.0000
29653,130050.0000
29654,130050.0000
29655,130050.0000
29656,130050.0000
29657,130050.0000
29658,130050.0000
29659,130050.0000
29660,130050.0000
29661,130050.0000
29662,130050.0000
29663,130050.0000
29664,130050.0000
29665,130050.0000
29666,130050.0000
29667,130050.0000
29668,130050.0000
29669,130050.0000
29670,130050.0000
29671,130050.0000
29672,130050.0000
29673,130050.0000
29674,130050.0000
29675,130050.0000
29676,130050.0000
29677,130050.0000
29678,130050.0000
29679,130050.0000
29680,130050.0000
29681,130050.0000
29682,130050.0000
29683,130050.0000
29684,130050.0000
29685,130050.0000
29686,130050.0000
29687,130050.0000
29688,130050.0000
29689,130050.0000
29690,130050.0000
29691,130050.0000
29692,130050.0000
29693,130050.0000
29694,130050.0000
29695,130050.0000
29696,130050.0000
29697,130050.0000
29698,130050.0000
29699,130050.0000
29700,130050.0000
29701,130050.0000
29702,130050.0000
29703,130050.0000
29704,130050.0000
29705,130050.0000
29706,130050.0000
29707,130050.0000
29708,130050.0000
29709,130050.0000
29710,130050.0000
29711,130050.0000
29712,130050.0000
29713,130050.0000
29714,130050.0000
29715,130050.0000
29716,130050.0000
29717,130050.0000
29718,130050.0000
29719,130050.0000
29720,130050.0000
29721,130050.0000
29722,130050.0000
29723,130050.0000
29724,130050.0000
29725,130050.0000
29726,130050.0000
29727,130050.0000
29728,130050.0000
29729,130050.0000
29730,130050.0000
29731,130050.0000
29732,130050.0000
29733,130050.0000
29734,130050.0000
29735,130050.0000
29736,130050.0000
29737,130050.0000
29738,130050.0000
29739,130050.0000
29740,130050.0000
29741,130050.0000
29742,130050.0000
29743,130050.0000
29744,130050.0000
29745,130050.0000
29746,130050.0000
29747,130050.0000
29748,130050.0000
29749,130050.0000
29750,130050.0000
29751,130050.0000
29752,130050.0000
29753,130050.0000
29754,130050.0000
29755,130050.0000
29756,130050.0000
29757,130050.0000
29758,130050.0000
29759,130050.0000
29760,130050.0000
29761,130050.0000
29762,130050.0000
29763,130050.0000
29764,130050.0000
29765,130050.0000
29766,130050.0000
29767,130050.0000
29768,130050.0000
29769,130050.0000
29770,130050.0000
29771,130050.0000
29772,130050.0000
29773,130050.0000
29774,130050.0000
29775,130050.0000
29776,130050.0000
29777,130050.0000
29778,130050.0000
29779,130050.0000
29780,130050.0000
29781,130050.0000
29782,130050.0000
29783,130050.0000
29784,130050.0000
29785,130050.0000
29786,130050.0000
29787,130050.0000
29788,130050.0000
29789,130050.0000
29790,130050.0000
29791,130050.0000
29792,130050.0000
29793,130050.0000
29794,130050.0000
29795,130050.0000
29796,130050.0000
29797,130050.0000
29798,130050.0000
29799,130050.0000
29800,130050.0000
29801,130050.0000
29802,130050.0000
29803,130050.0000
29804,130050.0000
29805,130050.0000
29806,130050.0000
29807,130050.0000
29808,130050.0000
29809,130050.0000
29810,130050.0000
29811,130050.0000
29812,130050.0000
29813,130050.0000
29814,130050.0000
29815,130050.0000
29816,130050.0000
29817,130050.0000
29818,130050.0000
29819,130050.0000
29820,130050.0000
29821,130050.0000
29822,130050.0000
29823,130050.0000
29824,130050.0000
29825,130050.0000
29826,130050.0000
29827,130050.0000
29828,130050.0000
29829,130050.0000
29830,130050.0000
29831,130050.0000
29832,130050.0000
29833,130050.0000
29834,130050.0000
29835,130050.0000
29836,130050.0000
29837,130050.0000
29838,130050.0000
29839,130050.0000
29840,130050.0000
29841,130050.0000
29842,130050.0000
29843,130050.0000
29844,130050.0000
29845,130050.0000
29846,130050.0000
29847,130050.0000
29848,130050.0000
29849,130050.0000
29850,130050.0000
29851,130050.0000
29852,130050.0000
29853,130050.0000
29854,130050.0000
29855,130050.0000
29856,130050.0000
29857,130050.0000
29858,130050.0000
29859,130050.0000
29860,130050.0000
29861,130050.0000
29862,130050.0000
29863,130050.0000
29864,130050.0000
29865,130050.0000
29866,130050.0000
29867,130050.0000
29868,130050.0000
29869,130050.0000
29870,130050.0000
29871,130050.0000
29872,130050.0000
29873,130050.0000
29874,130050.0000
29875,130050.0000
29876,130050.0000
29877,130050.0000
29878,130050.0000
29879,130050.0000
29880,130050.0000
29881,130050.0000
29882,130050.0000
29883,130050.0000
29884,130050.0000
29885,130050.0000
29886,130050.0000
29887,130050.0000
29888,130050.0000
29889,130050.0000
29890,130050.0000
29891,130050.0000
29892,130050.0000
29893,130050.0000
29894,130050.0000
29895,130050.0000
29896,130050.0000
29897,130050.0000
29898,130050.0000
29899,130050.0000
29900,130050.0000
29901,130050.0000
29902,130050.0000
29903,130050.0000
29904,130050.0000
29905,130050.0000
29906,130050.0000
29907,130050.0000
29908,130050.0000
29909,130050.0000
29910,130050.0000
29911,130050.0000
29912,130050.0000
29913,130050.0000
29914,130050.0000
29915,130050.0000
29916,130050.0000
29917,130050.0000
29918,130050.0000
29919,130050.0000
29920,130050.0000
29921,130050.0000
29922,130050.0000
29923,130050.0000
29924,130050.0000
29925,130050.0000
29926,130050.0000
29927,130050.0000
29928,130050.0000
29929,130050.0000
29930,130050.0000
29931,130050.0000
29932,130050.0000
29933,130050.0000
29934,130050.0000
29935,130050.0000
29936,130050.0000
29937,130050.0000
29938,130050.0000
29939,130050.0000
29940,130050.0000
29941,130050.0000
29942,130050.0000
29943,130050.0000
29944,130050.0000
29945,130050.0000
29946,130050.0000
29947,130050.0000
29948,130050.0000
29949,130050.0000
29950,130050.0000
29951,130050.0000
29952,130050.0000
29953,130050.0000
29954,130050.0000
29955,130050.0000
29956,130050.0000
29957,130050.0000
29958,130050.0000
29959,130050.0000
29960,130050.0000
29961,130050.0000
29962,130050.0000
29963,130050.0000
29964,130050.0000
29965,130050.0000
29966,130050.0000
29967,130050.0000
29968,130050.0000
29969,130050.0000
29970,130050.0000
29971,130050.0000
29972,130050.0000
29973,130050.0000
29974,130050.0000
29975,130050.0000
29976,130050.0000
29977,130050.0000
29978,130050.0000
29979,130050.0000
29980,130050.0000
29981,130050.0000
29982,130050.0000
29983,130050.0000
29984,130050.0000
29985,130050.0000
29986,130050.0000
29987,130050.0000
29988,130050.0000
29989,130050.0000
29990,130050.0000
29991,130050.0000
29992,130050.0000
29993,130050.0000
29994,130050.0000
29995,130050.0000
29996,130050.0000
29997,130050.0000
29998,130050.0000
29999,130050.0000
30000,130050.0000
30001,130050.0000
30002,130050.0000
30003,130050.0000
30004,130050.0000
30005,130050.0000
30006,130050.0000
30007,130050.0000
30008,130050.0000
30009,130050.0000
30010,130050.0000
30011,130050.0000
30012,130050.0000
30013,130050.0000
30014,130050.0000
30015,130050.0000
30016,130050.0000
30017,130050.0000
30018,130050.0000
30019,130050.0000
30020,130050.0000
30021,130050.0000
30022,130050.0000
30023,130050.0000
30024,130050.0000
30025,130050.0000
30026,130050.0000
30027,130050.0000
30028,130050.0000
30029,130050.0000
30030,130050.0000
30031,130050.0000
30032,130050.0000
30033,130050.0000
30034,130050.0000
30035,130050.0000
30036,130050.0000
30037,130050.0000
30038,130050.0000
30039,130050.0000
30040,130050.0000
30041,130050.0000
30042,130050.0000
30043,130050.0000
30044,130050.0000
30045,130050.0000
30046,130050.0000
30047,130050.0000
30048,130050.0000
30049,130050.0000
30050,130050.0000
30051,130050.0000
30052,130050.0000
30053,130050.0000
30054,130050.0000
30055,130050.0000
30056,130050.0000
30057,130050.0000
30058,130050.0000
30059,130050.0000
30060,130050.0000
30061,130050.0000
30062,130050.0000
30063,130050.0000
30064,130050.0000
30065,130050.0000
30066,130050.0000
30067,130050.0000
30068,130050.0000
30069,130050.0000
30070,130050.0000
30071,130050.0000
30072,130050.0000
30073,130050.0000
30074,130050.0000
30075,130050.0000
30076,130050.0000
30077,130050.0000
30078,130050.0000
30079,130050.0000
30080,130050.0000
30081,130050.0000
30082,130050.0000
30083,130050.0000
30084,130050.0000
30085,130050.0000
30086,130050.0000
30087,130050.0000
30088,130050.0000
30089,130050.0000
30090,130050.0000
30091,130050.0000
30092,130050.0000
30093,130050.0000
30094,130050.0000
30095,130050.0000
30096,130050.0000
30097,130050.0000
30098,130050.0000
30099,130050.0000
30100,130050.0000
30101,130050.0000
30102,130050.0000
30103,130050.0000
30104,130050.0000
30105,130050.0000
30106,130050.0000
30107,130050.0000
30108,130050.0000
30109,130050.0000
30110,130050.0000
30111,130050.0000
30112,130050.0000
30113,130050.0000
30114,130050.0000
30115,130050.0000
30116,130050.0000
30117,130050.0000
30118,130050.0000
30119,130050.0000
30120,130050.0000
30121,130050.0000
30122,130050.0000
30123,130050.0000
30124,130050.0000
30125,130050.0000
30126,130050.0000
30127,130050.0000
30128,130050.0000
30129,130050.0000
30130,130050.0000
30131,130050.0000
30132,130050.0000
30133,130050.0000
30134,130050.0000
30135,130050.0000
30136,130050.0000
30137,130050.0000
30138,130050.0000
30139,130050.0000
30140,130050.0000
30141,130050.0000
30142,130050.0000
30143,130050.0000
30144,130050.0000
30145,130050.0000
30146,130050.0000
30147,130050.0000
30148,130050.0000
30149,130050.0000
30150,130050.0000
30151,130050.0000
30152,130050.0000
30153,130050.0000
30154,130050.0000
30155,130050.0000
30156,130050.0000
30157,130050.0000
30158,130050.0000
30159,130050.0000
30160,130050.0000
30161,130050.0000
30162,130050.0000
30163,130050.0000
30164,130050.0000
30165,130050.0000
30166,130050.0000
30167,130050.0000
30168,130050.0000
30169,130050.0000
30170,130050.0000
30171,130050.0000
30172,130050.0000
30173,130050.0000
30174,130050.0000
30175,130050.0000
30176,130050.0000
30177,130050.0000
30178,130050.0000
30179,130050.0000
30180,130050.0000
30181,130050.0000
30182,130050.0000
30183,130050.0000
30184,130050.0000
30185,130050.0000
30186,130050.0000
30187,130050.0000
30188,130050.0000
30189,130050.0000
30190,130050.0000
30191,130050.0000
30192,130050.0000
30193,130050.0000
30194,130050.0000
30195,130050.0000
30196,130050.0000
30197,130050.0000
30198,130050.0000
30199,130050.0000
30200,130050.0000
30201,130050.0000
30202,130050.0000
30203,130050.0000
30204,130050.0000
30205,130050.0000
30206,130050.0000
30207,130050.0000
30208,130050.0000
30209,130050.0000
30210,130050.0000
30211,130050.0000
30212,130050.0000
30213,130050.0000
30214,130050.0000
30215,130050.0000
30216,130050.0000
30217,130050.0000
30218,130050.0000
30219,130050.0000
30220,130050.0000
30221,130050.0000
30222,130050.0000
30223,130050.0000
30224,130050.0000
30225,130050.0000
30226,130050.0000
30227,130050.0000
30228,130050.0000
30229,130050.0000
30230,130050.0000
30231,130050.0000
30232,130050.0000
30233,130050.0000
30234,130050.0000
30235,130050.0000
30236,130050.0000
30237,130050.0000
30238,130050.0000
30239,130050.0000
30240,130050.0000
30241,130050.0000
30242,130050.0000
30243,130050.0000
30244,130050.0000
30245,130050.0000
30246,130050.0000
30247,130050.0000
30248,130050.0000
30249,130050.0000
30250,130050.0000
30251,130050.0000
30252,130050.0000
30253,130050.0000
30254,130050.0000
30255,130050.0000
30256,130050.0000
30257,130050.0000
30258,130050.0000
30259,130050.0000
30260,130050.0000
30261,130050.0000
30262,130050.0000
30263,130050.0000
30264,130050.0000
30265,130050.0000
30266,130050.0000
30267,130050.0000
30268,130050.0000
30269,130050.0000
30270,130050.0000
30271,130050.0000
30272,130050.0000
30273,130050.0000
30274,130050.0000
30275,130050.0000
30276,130050.0000
30277,130050.0000
30278,130050.0000
30279,130050.0000
30280,130050.0000
30281,130050.0000
30282,130050.0000
30283,130050.0000
30284,130050.0000
30285,130050.0000
30286,130050.0000
30287,130050.0000
30288,130050.0000
30289,130050.0000
30290,130050.0000
30291,130050.0000
30292,130050.0000
30293,130050.0000
30294,130050.0000
30295,130050.0000
30296,130050.0000
30297,130050.0000
30298,130050.0000
30299,130050.0000
30300,130050.0000
30301,130050.0000
30302,130050.0000
30303,130050.0000
30304,130050.0000
30305,130050.0000
30306,130050.0000
30307,130050.0000
30308,130050.0000
30309,130050.0000
30310,130050.0000
30311,130050.0000
30312,130050.0000
30313,130050.0000
30314,130050.0000
30315,130050.0000
30316,130050.0000
30317,130050.0000
30318,130050.0000
30319,130050.0000
30320,130050.0000
30321,130050.0000
30322,130050.0000
30323,130050.0000
30324,130050.0000
30325,130050.0000
30326,130050.0000
30327,130050.0000
30328,130050.0000
30329,130050.0000
30330,130050.0000
30331,130050.0000
30332,130050.0000
30333,130050.0000
30334,130050.0000
30335,130050.0000
30336,130050.0000
30337,130050.0000
30338,130050.0000
30339,130050.0000
30340,130050.0000
30341,130050.0000
30342,130050.0000
30343,130050.0000
30344,130050.0000
30345,130050.0000
30346,130050.0000
30347,130050.0000
30348,130050.0000
30349,130050.0000
30350,130050.0000
30351,130050.0000
30352,130050.0000
30353,130050.0000
30354,130050.0000
30355,130050.0000
30356,130050.0000
30357,130050.0000
30358,130050.0000
30359,130050.0000
30360,130050.0000
30361,130050.0000
30362,130050.0000
30363,130050.0000
30364,130050.0000
30365,130050.0000
30366,130050.0000
30367,130050.0000
30368,130050.0000
30369,130050.0000
30370,130050.0000
30371,130050.0000
30372,130050.0000
30373,130050.0000
30374,130050.0000
30375,130050.0000
30376,130050.0000
30377,130050.0000
30378,130050.0000
30379,130050.0000
30380,130050.0000
30381,130050.0000
30382,130050.0000
30383,130050.0000
30384,130050.0000
30385,130050.0000
30386,130050.0000
30387,130050.0000
30388,130050.0000
30389,130050.0000
30390,130050.0000
30391,130050.0000
30392,130050.0000
30393,130050.0000
30394,130050.0000
30395,130050.0000
30396,130050.0000
30397,130050.0000
30398,130050.0000
30399,130050.0000
30400,130050.0000
30401,130050.0000
30402,130050.0000
30403,130050.0000
30404,130050.0000
30405,130050.0000
30406,130050.0000
30407,130050.0000
30408,130050.0000
30409,130050.0000
30410,130050.0000
30411,130050.0000
30412,130050.0000
30413,130050.0000
30414,130050.0000
30415,130050.0000
30416,130050.0000
30417,130050.0000
30418,130050.0000
30419,130050.0000
30420,130050.0000
30421,130050.0000
30422,130050.0000
30423,130050.0000
30424,130050.0000
30425,130050.0000
30426,130050.0000
30427,130050.0000
30428,130050.0000
30429,130050.0000
30430,130050.0000
30431,130050.0000
30432,130050.0000
30433,130050.0000
30434,130050.0000
30435,130050.0000
30436,130050.0000
30437,130050.0000
30438,130050.0000
30439,130050.0000
30440,130050.0000
30441,130050.0000
30442,130050.0000
30443,130050.0000
30444,130050.0000
30445,130050.0000
30446,130050.0000
30447,130050.0000
30448,130050.0000
30449,130050.0000
30450,130050.0000
30451,130050.0000
30452,130050.0000
30453,130050.0000
30454,130050.0000
30455,130050.0000
30456,130050.0000
30457,130050.0000
30458,130050.0000
30459,130050.0000
30460,130050.0000
30461,130050.0000
30462,130050.0000
30463,130050.0000
30464,130050.0000
30465,130050.0000
30466,130050.0000
30467,130050.0000
30468,130050.0000
30469,130050.0000
30470,130050.0000
30471,130050.0000
30472,130050.0000
30473,130050.0000
30474,130050.0000
30475,130050.0000
30476,130050.0000
30477,130050.0000
30478,130050.0000
30479,130050.0000
30480,130050.0000
30481,130050.0000
30482,130050.0000
30483,130050.0000
30484,130050.0000
30485,130050.0000
30486,130050.0000
30487,130050.0000
30488,130050.0000
30489,130050.0000
30490,130050.0000
30491,130050.0000
30492,130050.0000
30493,130050.0000
30494,130050.0000
30495,130050.0000
30496,130050.0000
30497,130050.0000
30498,130050.0000
30499,130050.0000
30500,130050.0000
30501,130050.0000
30502,130050.0000
30503,130050.0000
30504,130050.0000
30505,130050.0000
30506,130050.0000
30507,130050.0000
30508,130050.0000
30509,130050.0000
30510,130050.0000
30511,130050.0000
30512,130050.0000
30513,130050.0000
30514,130050.0000
30515,130050.0000
30516,130050.0000
30517,130050.0000
30518,130050.0000
30519,130050.0000
30520,130050.0000
30521,130050.0000
30522,130050.0000
30523,130050.0000
30524,130050.0000
30525,130050.0000
30526,130050.0000
30527,130050.0000
30528,130050.0000
30529,130050.0000
30530,130050.0000
30531,130050.0000
30532,130050.0000
30533,130050.0000
30534,130050.0000
30535,130050.0000
30536,130050.0000
30537,130050.0000
30538,130050.0000
30539,130050.0000
30540,130050.0000
30541,130050.0000
30542,130050.0000
30543,130050.0000
30544,130050.0000
30545,130050.0000
30546,130050.0000
30547,130050.0000
30548,130050.0000
30549,130050.0000
30550,130050.0000
30551,130050.0000
30552,130050.0000
30553,130050.0000
30554,130050.0000
30555,130050.0000
30556,130050.0000
30557,130050.0000
30558,130050.0000
30559,130050.0000
30560,130050.0000
30561,130050.0000
30562,130050.0000
30563,130050.0000
30564,130050.0000
30565,130050.0000
30566,130050.0000
30567,130050.0000
30568,130050.0000
30569,130050.0000
30570,130050.0000
30571,130050.0000
30572,130050.0000
30573,130050.0000
30574,130050.0000
30575,130050.0000
30576,130050.0000
30577,130050.0000
30578,130050.0000
30579,130050.0000
30580,130050.0000
30581,130050.0000
30582,130050.0000
30583,130050.0000
30584,130050.0000
30585,130050.0000
30586,130050.0000
30587,130050.0000
30588,130050.0000
30589,130050.0000
30590,130050.0000
30591,130050.0000
30592,130050.0000
30593,130050.0000
30594,130050.0000
30595,130050.0000
30596,130050.0000
30597,130050.0000
30598,130050.0000
30599,130050.0000
30600,130050.0000
30601,130050.0000
30602,130050.0000
30603,130050.0000
30604,130050.0000
30605,130050.0000
30606,130050.0000
30607,130050.0000
30608,130050.0000
30609,130050.0000
30610,130050.0000
30611,130050.0000
30612,130050.0000
30613,130050.0000
30614,130050.0000
30615,130050.0000
30616,130050.0000
30617,130050.0000
30618,130050.0000
30619,130050.0000
30620,130050.0000
30621,130050.0000
30622,130050.0000
30623,130050.0000
30624,130050.0000
30625,130050.0000
30626,130050.0000
30627,130050.0000
30628,130050.0000
30629,130050.0000
30630,130050.0000
30631,130050.0000
30632,130050.0000
30633,130050.0000
30634,130050.0000
30635,130050.0000
30636,130050.0000
30637,130050.0000
30638,130050.0000
30639,130050.0000
30640,130050.0000
30641,130050.0000
30642,130050.0000
30643,130050.0000
30644,130050.0000
30645,130050.0000
30646,130050.0000
30647,130050.0000
30648,130050.0000
30649,130050.0000
30650,130050.0000
30651,130050.0000
30652,130050.0000
30653,130050.0000
30654,130050.0000
30655,130050.0000
30656,130050.0000
30657,130050.0000
30658,130050.0000
30659,130050.0000
30660,130050.0000
30661,130050.0000
30662,130050.0000
30663,130050.0000
30664,130050.0000
30665,130050.0000
30666,130050.0000
30667,130050.0000
30668,130050.0000
30669,130050.0000
30670,130050.0000
30671,130050.0000
30672,130050.0000
30673,130050.0000
30674,130050.0000
30675,130050.0000
30676,130050.0000
30677,130050.0000
30678,130050.0000
30679,130050.0000
30680,130050.0000
30681,130050.0000
30682,130050.0000
30683,130050.0000
30684,130050.0000
30685,130050.0000
30686,130050.0000
30687,130050.0000
30688,130050.0000
30689,130050.0000
30690,130050.0000
30691,130050.0000
30692,130050.0000
30693,130050.0000
30694,130050.0000
30695,130050.0000
30696,130050.0000
30697,130050.0000
30698,130050.0000
30699,130050.0000
30700,130050.0000
30701,130050.0000
30702,130050.0000
30703,130050.0000
30704,130050.0000
30705,130050.0000
30706,130050.0000
30707,130050.0000
30708,130050.0000
30709,130050.0000
30710,130050.0000
30711,130050.0000
30712,130050.0000
30713,130050.0000
30714,130050.0000
30715,130050.0000
30716,130050.0000
30717,130050.0000
30718,130050.0000
30719,130050.0000
30720,130050.0000
30721,130050.0000
30722,130050.0000
30723,130050.0000
30724,130050.0000
30725,130050.0000
30726,130050.0000
30727,130050.0000
30728,130050.0000
30729,130050.0000
30730,130050.0000
30731,130050.0000
30732,130050.0000
30733,130050.0000
30734,130050.0000
30735,130050.0000
30736,130050.0000
30737,130050.0000
30738,130050.0000
30739,130050.0000
30740,130050.0000
30741,130050.0000
30742,130050.0000
30743,130050.0000
30744,130050.0000
30745,130050.0000
30746,130050.0000
30747,130050.0000
30748,130050.0000
30749,130050.0000
30750,130050.0000
30751,130050.0000
30752,130050.0000
30753,130050.0000
30754,130050.0000
30755,130050.0000
30756,130050.0000
30757,130050.0000
30758,130050.0000
30759,130050.0000
30760,130050.0000
30761,130050.0000
30762,130050.0000
30763,130050.0000
30764,130050.0000
30765,130050.0000
30766,130050.0000
30767,130050.0000
30768,130050.0000
30769,130050.0000
30770,130050.0000
30771,130050.0000
30772,130050.0000
30773,130050.0000
30774,130050.0000
30775,130050.0000
30776,130050.0000
30777,130050.0000
30778,130050.0000
30779,130050.0000
30780,130050.0000
30781,130050.0000
30782,130050.0000
30783,130050.0000
30784,130050.0000
30785,130050.0000
30786,130050.0000
30787,130050.0000
30788,130050.0000
30789,130050.0000
30790,130050.0000
30791,130050.0000
30792,130050.0000
30793,130050.0000
30794,130050.0000
30795,130050.0000
30796,130050.0000
30797,130050.0000
30798,130050.0000
30799,130050.0000
30800,130050.0000
30801,130050.0000
30802,130050.0000
30803,130050.0000
30804,130050.0000
30805,130050.0000
30806,130050.0000
30807,130050.0000
30808,130050.0000
30809,130050.0000
30810,130050.0000
30811,130050.0000
30812,130050.0000
30813,130050.0000
30814,130050.0000
30815,130050.0000
30816,130050.0000
30817,130050.0000
30818,130050.0000
30819,130050.0000
30820,130050.0000
30821,130050.0000
30822,130050.0000
30823,130050.0000
30824,130050.0000
30825,130050.0000
30826,130050.0000
30827,130050.0000
30828,130050.0000
30829,130050.0000
30830,130050.0000
30831,130050.0000
30832,130050.0000
30833,130050.0000
30834,130050.0000
30835,130050.0000
30836,130050.0000
30837,130050.0000
30838,130050.0000
30839,130050.0000
30840,130050.0000
30841,130050.0000
30842,130050.0000
30843,130050.0000
30844,130050.0000
30845,130050.0000
30846,130050.0000
30847,130050.0000
30848,130050.0000
30849,130050.0000
30850,130050.0000
30851,130050.0000
30852,130050.0000
30853,130050.0000
30854,130050.0000
30855,130050.0000
30856,130050.0000
30857,130050.0000
30858,130050.0000
30859,130050.0000
30860,130050.0000
30861,130050.0000
30862,130050.0000
30863,130050.0000
30864,130050.0000
30865,130050.0000
30866,130050.0000
30867,130050.0000
30868,130050.0000
30869,130050.0000
30870,130050.0000
30871,130050.0000
30872,130050.0000
30873,130050.0000
30874,130050.0000
30875,130050.0000
30876,130050.0000
30877,130050.0000
30878,130050.0000
30879,130050.0000
30880,130050.0000
30881,130050.0000
30882,130050.0000
30883,130050.0000
30884,130050.0000
30885,130050.0000
30886,130050.0000
30887,130050.0000
30888,130050.0000
30889,130050.0000
30890,130050.0000
30891,130050.0000
30892,130050.0000
30893,130050.0000
30894,130050.0000
30895,130050.0000
30896,130050.0000
30897,130050.0000
30898,130050.0000
30899,130050.0000
30900,130050.0000
30901,130050.0000
30902,130050.0000
30903,130050.0000
30904,130050.0000
30905,130050.0000
30906,130050.0000
30907,130050.0000
30908,130050.0000
30909,130050.0000
30910,130050.0000
30911,130050.0000
30912,130050.0000
30913,130050.0000
30914,130050.0000
30915,130050.0000
30916,130050.0000
30917,130050.0000
30918,130050.0000
30919,130050.0000
30920,130050.0000
30921,130050.0000
30922,130050.0000
30923,130050.0000
30924,130050.0000
30925,130050.0000
30926,130050.0000
30927,130050.0000
30928,130050.0000
30929,130050.0000
30930,130050.0000
30931,130050.0000
30932,130050.0000
30933,130050.0000
30934,130050.0000
30935,130050.0000
30936,130050.0000
30937,130050.0000
30938,130050.0000
30939,130050.0000
30940,130050.0000
30941,130050.0000
30942,130050.0000
30943,130050.0000
30944,130050.0000
30945,130050.0000
30946,130050.0000
30947,130050.0000
30948,130050.0000
30949,130050.0000
30950,130050.0000
30951,130050.0000
30952,130050.0000
30953,130050.0000
30954,130050.0000
30955,130050.0000
30956,130050.0000
30957,130050.0000
30958,130050.0000
30959,130050.0000
30960,130050.0000
30961,130050.0000
30962,130050.0000
30963,130050.0000
30964,130050.0000
30965,130050.0000
30966,130050.0000
30967,130050.0000
30968,130050.0000
30969,130050.0000
30970,130050.0000
30971,130050.0000
30972,130050.0000
30973,130050.0000
30974,130050.0000
30975,130050.0000
30976,130050.0000
30977,130050.0000
30978,130050.0000
30979,130050.0000
30980,130050.0000
30981,130050.0000
30982,130050.0000
30983,130050.0000
30984,130050.0000
30985,130050.0000
30986,130050.0000
30987,130050.0000
30988,130050.0000
30989,130050.0000
30990,130050.0000
30991,130050.0000
30992,130050.0000
30993,130050.0000
30994,130050.0000
30995,130050.0000
30996,130050.0000
30997,130050.0000
30998,130050.0000
30999,130050.0000
31000,130050.0000
31001,130050.0000
31002,130050.0000
31003,130050.0000
31004,130050.0000
31005,130050.0000
31006,130050.0000
31007,130050.0000
31008,130050.0000
31009,130050.0000
31010,130050.0000
31011,130050.0000
31012,130050.0000
31013,130050.0000
31014,130050.0000
31015,130050.0000
31016,130050.0000
31017,130050.0000
31018,130050.0000
31019,130050.0000
31020,130050.0000
31021,130050.0000
31022,130050.0000
31023,130050.0000
31024,130050.0000
31025,130050.0000
31026,130050.0000
31027,130050.0000
31028,130050.0000
31029,130050.0000
31030,130050.0000
31031,130050.0000
31032,130050.0000
31033,130050.0000
31034,130050.0000
31035,130050.0000
31036,130050.0000
31037,130050.0000
31038,130050.0000
31039,130050.0000
31040,130050.0000
31041,130050.0000
31042,130050.0000
31043,130050.0000
31044,130050.0000
31045,130050.0000
31046,130050.0000
31047,130050.0000
31048,130050.0000
31049,130050.0000
31050,130050.0000
31051,130050.0000
31052,130050.0000
31053,130050.0000
31054,130050.0000
31055,130050.0000
31056,130050.0000
31057,130050.0000
31058,130050.0000
31059,130050.0000
31060,130050.0000
31061,130050.0000
31062,130050.0000
31063,130050.0000
31064,130050.0000
31065,130050.0000
31066,130050.0000
31067,130050.0000
31068,130050.0000
31069,130050.0000
31070,130050.0000
31071,130050.0000
31072,130050.0000
31073,130050.0000
31074,130050.0000
31075,130050.0000
31076,130050.0000
31077,130050.0000
31078,130050.0000
31079,130050.0000
31080,130050.0000
31081,130050.0000
31082,130050.0000
31083,130050.0000
31084,130050.0000
31085,130050.0000
31086,130050.0000
31087,130050.0000
31088,130050.0000
31089,130050.0000
31090,130050.0000
31091,130050.0000
31092,130050.0000
31093,130050.0000
31094,130050.0000
31095,130050.0000
31096,130050.0000
31097,130050.0000
31098,130050.0000
31099,130050.0000
31100,130050.0000
31101,130050.0000
31102,130050.0000
31103,130050.0000
31104,130050.0000
31105,130050.0000
31106,130050.0000
31107,130050.0000
31108,130050.0000
31109,130050.0000
31110,130050.0000
31111,130050.0000
31112,130050.0000
31113,130050.0000
31114,130050.0000
31115,130050.0000
31116,130050.0000
31117,130050.0000
31118,130050.0000
31119,130050.0000
31120,130050.0000
31121,130050.0000
31122,130050.0000
31123,130050.0000
31124,130050.0000
31125,130050.0000
31126,130050.0000
31127,130050.0000
31128,130050.0000
31129,130050.0000
31130,130050.0000
31131,130050.0000
31132,130050.0000
31133,130050.0000
31134,130050.0000
31135,130050.0000
31136,130050.0000
31137,130050.0000
31138,130050.0000
31139,130050.0000
31140,130050.0000
31141,130050.0000
31142,130050.0000
31143,130050.0000
31144,130050.0000
31145,130050.0000
31146,130050.0000
31147,130050.0000
31148,130050.0000
31149,130050.0000
31150,130050.0000
31151,130050.0000
31152,130050.0000
31153,130050.0000
31154,130050.0000
31155,130050.0000
31156,130050.0000
31157,130050.0000
31158,130050.0000
31159,130050.0000
31160,130050.0000
31161,130050.0000
31162,130050.0000
31163,130050.0000
31164,130050.0000
31165,130050.0000
31166,130050.0000
31167,130050.0000
31168,130050.0000
31169,130050.0000
31170,130050.0000
31171,130050.0000
31172,130050.0000
31173,130050.0000
31174,130050.0000
31175,130050.0000
31176,130050.0000
31177,130050.0000
31178,130050.0000
31179,130050.0000
31180,130050.0000
31181,130050.0000
31182,130050.0000
31183,130050.0000
31184,130050.0000
31185,130050.0000
31186,130050.0000
31187,130050.0000
31188,130050.0000
31189,130050.0000
31190,130050.0000
31191,130050.0000
31192,130050.0000
31193,130050.0000
31194,130050.0000
31195,130050.0000
31196,130050.0000
31197,130050.0000
31198,130050.0000
31199,130050.0000
31200,130050.0000
31201,130050.0000
31202,130050.0000
31203,130050.0000
31204,130050.0000
31205,130050.0000
31206,130050.0000
31207,130050.0000
31208,130050.0000
31209,130050.0000
31210,130050.0000
31211,130050.0000
31212,130050.0000
31213,130050.0000
31214,130050.0000
31215,130050.0000
31216,130050.0000
31217,130050.0000
31218,130050.0000
31219,130050.0000
31220,130050.0000
31221,130050.0000
31222,130050.0000
31223,130050.0000
31224,130050.0000
31225,130050.0000
31226,130050.0000
31227,130050.0000
31228,130050.0000
31229,130050.0000
31230,130050.0000
31231,130050.0000
31232,130050.0000
31233,130050.0000
31234,130050.0000
31235,130050.0000
31236,130050.0000
31237,130050.0000
31238,130050.0000
31239,130050.0000
31240,130050.0000
31241,130050.0000
31242,130050.0000
31243,130050.0000
31244,130050.0000
31245,130050.0000
31246,130050.0000
31247,130050.0000
31248,130050.0000
31249,130050.0000
31250,130050.0000
31251,130050.0000
31252,130050.0000
31253,130050.0000
31254,130050.0000
31255,130050.0000
31256,130050.0000
31257,130050.0000
31258,130050.0000
31259,130050.0000
31260,130050.0000
31261,130050.0000
31262,130050.0000
31263,130050.0000
31264,130050.0000
31265,130050.0000
31266,130050.0000
31267,130050.0000
31268,130050.0000
31269,130050.0000
31270,130050.0000
31271,130050.0000
31272,130050.0000
31273,130050.0000
31274,130050.0000
31275,130050.0000
31276,130050.0000
31277,130050.0000
31278,130050.0000
31279,130050.0000
31280,130050.0000
31281,130050.0000
31282,130050.0000
31283,130050.0000
31284,130050.0000
31285,130050.0000
31286,130050.0000
31287,130050.0000
31288,130050.0000
31289,130050.0000
31290,130050.0000
31291,130050.0000
31292,130050.0000
31293,130050.0000
31294,130050.0000
31295,130050.0000
31296,130050.0000
31297,130050.0000
31298,130050.0000
31299,130050.0000
31300,130050.0000
31301,130050.0000
31302,130050.0000
31303,130050.0000
31304,130050.0000
31305,130050.0000
31306,130050.0000
31307,130050.0000
31308,130050.0000
31309,130050.0000
31310,130050.0000
31311,130050.0000
31312,130050.0000
31313,130050.0000
31314,130050.0000
31315,130050.0000
31316,130050.0000
31317,130050.0000
31318,130050.0000
31319,130050.0000
31320,130050.0000
31321,130050.0000
31322,130050.0000
31323,130050.0000
31324,130050.0000
31325,130050.0000
31326,130050.0000
31327,130050.0000
31328,130050.0000
31329,130050.0000
31330,130050.0000
31331,130050.0000
31332,130050.0000
31333,130050.0000
31334,130050.0000
31335,130050.0000
31336,130050.0000
31337,130050.0000
31338,130050.0000
31339,130050.0000
31340,130050.0000
31341,130050.0000
31342,130050.0000
31343,130050.0000
31344,130050.0000
31345,130050.0000
31346,130050.0000
31347,130050.0000
31348,130050.0000
31349,130050.0000
31350,130050.0000
31351,130050.0000
31352,130050.0000
31353,130050.0000
31354,130050.0000
31355,130050.0000
31356,130050.0000
31357,130050.0000
31358,130050.0000
31359,130050.0000
31360,130050.0000
31361,130050.0000
31362,130050.0000
31363,130050.0000
31364,130050.0000
31365,130050.0000
31366,130050.0000
31367,130050.0000
31368,130050.0000
31369,130050.0000
31370,130050.0000
31371,130050.0000
31372,130050.0000
31373,130050.0000
31374,130050.0000
31375,130050.0000
31376,130050.0000
31377,130050.0000
31378,130050.0000
31379,130050.0000
31380,130050.0000
31381,130050.0000
31382,130050.0000
31383,130050.0000
31384,130050.0000
31385,130050.0000
31386,130050.0000
31387,130050.0000
31388,130050.0000
31389,130050.0000
31390,130050.0000
31391,130050.0000
31392,130050.0000
31393,130050.0000
31394,130050.0000
31395,130050.0000
31396,130050.0000
31397,130050.0000
31398,130050.0000
31399,130050.0000
31400,130050.0000
31401,130050.0000
31402,130050.0000
31403,130050.0000
31404,130050.0000
31405,130050.0000
31406,130050.0000
31407,130050.0000
31408,130050.0000
31409,130050.0000
31410,130050.0000
31411,130050.0000
31412,130050.0000
31413,130050.0000
31414,130050.0000
31415,130050.0000
31416,130050.0000
31417,130050.0000
31418,130050.0000
31419,130050.0000
31420,130050.0000
31421,130050.0000
31422,130050.0000
31423,130050.0000
31424,130050.0000
31425,130050.0000
31426,130050.0000
31427,130050.0000
31428,130050.0000
31429,130050.0000
31430,130050.0000
31431,130050.0000
31432,130050.0000
31433,130050.0000
31434,130050.0000
31435,130050.0000
31436,130050.0000
31437,130050.0000
31438,130050.0000
31439,130050.0000
31440,130050.0000
31441,130050.0000
31442,130050.0000
31443,130050.0000
31444,130050.0000
31445,130050.0000
31446,130050.0000
31447,130050.0000
31448,130050.0000
31449,130050.0000
31450,130050.0000
31451,130050.0000
31452,130050.0000
31453,130050.0000
31454,130050.0000
31455,130050.0000
31456,130050.0000
31457,130050.0000
31458,130050.0000
31459,130050.0000
31460,130050.0000
31461,130050.0000
31462,130050.0000
31463,130050.0000
31464,130050.0000
31465,130050.0000
31466,130050.0000
31467,130050.0000
31468,130050.0000
31469,130050.0000
31470,130050.0000
31471,130050.0000
31472,130050.0000
31473,130050.0000
31474,130050.0000
31475,130050.0000
31476,130050.0000
31477,130050.0000
31478,130050.0000
31479,130050.0000
31480,130050.0000
31481,130050.0000
31482,130050.0000
31483,130050.0000
31484,130050.0000
31485,130050.0000
31486,130050.0000
31487,130050.0000
31488,130050.0000
31489,130050.0000
31490,130050.0000
31491,130050.0000
31492,130050.0000
31493,130050.0000
31494,130050.0000
31495,130050.0000
31496,130050.0000
31497,130050.0000
31498,130050.0000
31499,130050.0000
31500,130050.0000
31501,130050.0000
31502,130050.0000
31503,130050.0000
31504,130050.0000
31505,130050.0000
31506,130050.0000
31507,130050.0000
31508,130050.0000
31509,130050.0000
31510,130050.0000
31511,130050.0000
31512,130050.0000
31513,130050.0000
31514,130050.0000
31515,130050.0000
31516,130050.0000
31517,130050.0000
31518,130050.0000
31519,130050.0000
31520,130050.0000
31521,130050.0000
31522,130050.0000
31523,130050.0000
31524,130050.0000
31525,130050.0000
31526,130050.0000
31527,130050.0000
31528,130050.0000
31529,130050.0000
31530,130050.0000
31531,130050.0000
31532,130050.0000
31533,130050.0000
31534,130050.0000
31535,130050.0000
31536,130050.0000
31537,130050.0000
31538,130050.0000
31539,130050.0000
31540,130050.0000
31541,130050.0000
31542,130050.0000
31543,130050.0000
31544,130050.0000
31545,130050.0000
31546,130050.0000
31547,130050.0000
31548,130050.0000
31549,130050.0000
31550,130050.0000
31551,130050.0000
31552,130050.0000
31553,130050.0000
31554,130050.0000
31555,130050.0000
31556,130050.0000
31557,130050.0000
31558,130050.0000
31559,130050.0000
31560,130050.0000
31561,130050.0000
31562,130050.0000
31563,130050.0000
31564,130050.0000
31565,130050.0000
31566,130050.0000
31567,130050.0000
31568,130050.0000
31569,130050.0000
31570,130050.0000
31571,130050.0000
31572,130050.0000
31573,130050.0000
31574,130050.0000
31575,130050.0000
31576,130050.0000
31577,130050.0000
31578,130050.0000
31579,130050.0000
31580,130050.0000
31581,130050.0000
31582,130050.0000
31583,130050.0000
31584,130050.0000
31585,130050.0000
31586,130050.0000
31587,130050.0000
31588,130050.0000
31589,130050.0000
31590,130050.0000
31591,130050.0000
31592,130050.0000
31593,130050.0000
31594,130050.0000
31595,130050.0000
31596,130050.0000
31597,130050.0000
31598,130050.0000
31599,130050.0000
31600,130050.0000
31601,130050.0000
31602,130050.0000
31603,130050.0000
31604,130050.0000
31605,130050.0000
31606,130050.0000
31607,130050.0000
31608,130050.0000
31609,130050.0000
31610,130050.0000
31611,130050.0000
31612,130050.0000
31613,130050.0000
31614,130050.0000
31615,130050.0000
31616,130050.0000
31617,130050.0000
31618,130050.0000
31619,130050.0000
31620,130050.0000
31621,130050.0000
31622,130050.0000
31623,130050.0000
31624,130050.0000
31625,130050.0000
31626,130050.0000
31627,130050.0000
31628,130050.0000
31629,130050.0000
31630,130050.0000
31631,130050.0000
31632,130050.0000
31633,130050.0000
31634,130050.0000
31635,130050.0000
31636,130050.0000
31637,130050.0000
31638,130050.0000
31639,130050.0000
31640,130050.0000
31641,130050.0000
31642,130050.0000
31643,130050.0000
31644,130050.0000
31645,130050.0000
31646,130050.0000
31647,130050.0000
31648,130050.0000
31649,130050.0000
31650,130050.0000
31651,130050.0000
31652,130050.0000
31653,130050.0000
31654,130050.0000
31655,130050.0000
31656,130050.0000
31657,130050.0000
31658,130050.0000
31659,130050.0000
31660,130050.0000
31661,130050.0000
31662,130050.0000
31663,130050.0000
31664,130050.0000
31665,130050.0000
31666,130050.0000
31667,130050.0000
31668,130050.0000
31669,130050.0000
31670,130050.0000
31671,130050.0000
31672,130050.0000
31673,130050.0000
31674,130050.0000
31675,130050.0000
31676,130050.0000
31677,130050.0000
31678,130050.0000
31679,130050.0000
31680,130050.0000
31681,130050.0000
31682,130050.0000
31683,130050.0000
31684,130050.0000
31685,130050.0000
31686,130050.0000
31687,130050.0000
31688,130050.0000
31689,130050.0000
31690,130050.0000
31691,130050.0000
31692,130050.0000
31693,130050.0000
31694,130050.0000
31695,130050.0000
31696,130050.0000
31697,130050.0000
31698,130050.0000
31699,130050.0000
31700,130050.0000
31701,130050.0000
31702,130050.0000
31703,130050.0000
31704,130050.0000
31705,130050.0000
31706,130050.0000
31707,130050.0000
31708,130050.0000
31709,130050.0000
31710,130050.0000
31711,130050.0000
31712,130050.0000
31713,130050.0000
31714,130050.0000
31715,130050.0000
31716,130050.0000
31717,130050.0000
31718,130050.0000
31719,130050.0000
31720,130050.0000
31721,130050.0000
31722,130050.0000
31723,130050.0000
31724,130050.0000
31725,130050.0000
31726,130050.0000
31727,130050.0000
31728,130050.0000
31729,130050.0000
31730,130050.0000
31731,130050.0000
31732,130050.0000
31733,130050.0000
31734,130050.0000
31735,130050.0000
31736,130050.0000
31737,130050.0000
31738,130050.0000
31739,130050.0000
31740,130050.0000
31741,130050.0000
31742,130050.0000
31743,130050.0000
31744,130050.0000
31745,130050.0000
31746,130050.0000
31747,130050.0000
31748,130050.0000
31749,130050.0000
31750,130050.0000
31751,130050.0000
31752,130050.0000
31753,130050.0000
31754,130050.0000
31755,130050.0000
31756,130050.0000
31757,130050.0000
31758,130050.0000
31759,130050.0000
31760,130050.0000
31761,130050.0000
31762,130050.0000
31763,130050.0000
31764,130050.0000
31765,130050.0000
31766,130050.0000
31767,130050.0000
31768,130050.0000
31769,130050.0000
31770,130050.0000
31771,130050.0000
31772,130050.0000
31773,130050.0000
31774,130050.0000
31775,130050.0000
31776,130050.0000
31777,130050.0000
31778,130050.0000
31779,130050.0000
31780,130050.0000
31781,130050.0000
31782,130050.0000
31783,130050.0000
31784,130050.0000
31785,130050.0000
31786,130050.0000
31787,130050.0000
31788,130050.0000
31789,130050.0000
31790,130050.0000
31791,130050.0000
31792,130050.0000
31793,130050.0000
31794,130050.0000
31795,130050.0000
31796,130050.0000
31797,130050.0000
31798,130050.0000
31799,130050.0000
31800,130050.0000
31801,130050.0000
31802,130050.0000
31803,130050.0000
31804,130050.0000
31805,130050.0000
31806,130050.0000
31807,130050.0000
31808,130050.0000
31809,130050.0000
31810,130050.0000
31811,130050.0000
31812,130050.0000
31813,130050.0000
31814,130050.0000
31815,130050.0000
31816,130050.0000
31817,130050.0000
31818,130050.0000
31819,130050.0000
31820,130050.0000
31821,130050.0000
31822,130050.0000
31823,130050.0000
31824,130050.0000
31825,130050.0000
31826,130050.0000
31827,130050.0000
31828,130050.0000
31829,130050.0000
31830,130050.0000
31831,130050.0000
31832,130050.0000
31833,130050.0000
31834,130050.0000
31835,130050.0000
31836,130050.0000
31837,130050.0000
31838,130050.0000
31839,130050.0000
31840,130050.0000
31841,130050.0000
31842,130050.0000
31843,130050.0000
31844,130050.0000
31845,130050.0000
31846,130050.0000
31847,130050.0000
31848,130050.0000
31849,130050.0000
31850,130050.0000
31851,130050.0000
31852,130050.0000
31853,130050.0000
31854,130050.0000
31855,130050.0000
31856,130050.0000
31857,130050.0000
31858,130050.0000
31859,130050.0000
31860,130050.0000
31861,130050.0000
31862,130050.0000
31863,130050.0000
31864,130050.0000
31865,130050.0000
31866,130050.0000
31867,130050.0000
31868,130050.0000
31869,130050.0000
31870,130050.0000
31871,130050.0000
31872,130050.0000
31873,130050.0000
31874,130050.0000
31875,130050.0000
31876,130050.0000
31877,130050.0000
31878,130050.0000
31879,130050.0000
31880,130050.0000
31881,130050.0000
31882,130050.0000
31883,130050.0000
31884,130050.0000
31885,130050.0000
31886,130050.0000
31887,130050.0000
31888,130050.0000
31889,130050.0000
31890,130050.0000
31891,130050.0000
31892,130050.0000
31893,130050.0000
31894,130050.0000
31895,130050.0000
31896,130050.0000
31897,130050.0000
31898,130050.0000
31899,130050.0000
31900,130050.0000
31901,130050.0000
31902,130050.0000
31903,130050.0000
31904,130050.0000
31905,130050.0000
31906,130050.0000
31907,130050.0000
31908,130050.0000
31909,130050.0000
31910,130050.0000
31911,130050.0000
31912,130050.0000
31913,130050.0000
31914,130050.0000
31915,130050.0000
31916,130050.0000
31917,130050.0000
31918,130050.0000
31919,130050.0000
31920,130050.0000
31921,130050.0000
31922,130050.0000
31923,130050.0000
31924,130050.0000
31925,130050.0000
31926,130050.0000
31927,130050.0000
31928,130050.0000
31929,130050.0000
31930,130050.0000
31931,130050.0000
31932,130050.0000
31933,130050.0000
31934,130050.0000
31935,130050.0000
31936,130050.0000
31937,130050.0000
31938,130050.0000
31939,130050.0000
31940,130050.0000
31941,130050.0000
31942,130050.0000
31943,130050.0000
31944,130050.0000
31945,130050.0000
31946,130050.0000
31947,130050.0000
31948,130050.0000
31949,130050.0000
31950,130050.0000
31951,130050.0000
31952,130050.0000
31953,130050.0000
31954,130050.0000
31955,130050.0000
31956,130050.0000
31957,130050.0000
31958,130050.0000
31959,130050.0000
31960,130050.0000
31961,130050.0000
31962,130050.0000
31963,130050.0000
31964,130050.0000
31965,130050.0000
31966,130050.0000
31967,130050.0000
31968,130050.0000
31969,130050.0000
31970,130050.0000
31971,130050.0000
31972,130050.0000
31973,130050.0000
31974,130050.0000
31975,130050.0000
31976,130050.0000
31977,130050.0000
31978,130050.0000
31979,130050.0000
31980,130050.0000
31981,130050.0000
31982,130050.0000
31983,130050.0000
31984,130050.0000
31985,130050.0000
31986,130050.0000
31987,130050.0000
31988,130050.0000
31989,130050.0000
31990,130050.0000
31991,130050.0000
31992,130050.0000
31993,130050.0000
31994,130050.0000
31995,130050.0000
31996,130050.0000
31997,130050.0000
31998,130050.0000
31999,130050.0000
32000,130050.0000
32001,130050.0000
32002,130050.0000
32003,130050.0000
32004,130050.0000
32005,130050.0000
32006,130050.0000
32007,130050.0000
32008,130050.0000
32009,130050.0000
32010,130050.0000
32011,130050.0000
32012,130050.0000
32013,130050.0000
32014,130050.0000
32015,130050.0000
32016,130050.0000
32017,130050.0000
32018,130050.0000
32019,130050.0000
32020,130050.0000
32021,130050.0000
32022,130050.0000
32023,130050.0000
32024,130050.0000
32025,130050.0000
32026,130050.0000
32027,130050.0000
32028,130050.0000
32029,130050.0000
32030,130050.0000
32031,130050.0000
32032,130050.0000
32033,130050.0000
32034,130050.0000
32035,130050.0000
32036,130050.0000
32037,130050.0000
32038,130050.0000
32039,130050.0000
32040,130050.0000
32041,130050.0000
32042,130050.0000
32043,130050.0000
32044,130050.0000
32045,130050.0000
32046,130050.0000
32047,130050.0000
32048,130050.0000
32049,130050.0000
32050,130050.0000
32051,130050.0000
32052,130050.0000
32053,130050.0000
32054,130050.0000
32055,130050.0000
32056,130050.0000
32057,130050.0000
32058,130050.0000
32059,130050.0000
32060,130050.0000
32061,130050.0000
32062,130050.0000
32063,130050.0000
32064,130050.0000
32065,130050.0000
32066,130050.0000
32067,130050.0000
32068,130050.0000
32069,130050.0000
32070,130050.0000
32071,130050.0000
32072,130050.0000
32073,130050.0000
32074,130050.0000
32075,130050.0000
32076,130050.0000
32077,130050.0000
32078,130050.0000
32079,130050.0000
32080,130050.0000
32081,130050.0000
32082,130050.0000
32083,130050.0000
32084,130050.0000
32085,130050.0000
32086,130050.0000
32087,130050.0000
32088,130050.0000
32089,130050.0000
32090,130050.0000
32091,130050.0000
32092,130050.0000
32093,130050.0000
32094,130050.0000
32095,130050.0000
32096,130050.0000
32097,130050.0000
32098,130050.0000
32099,130050.0000
32100,130050.0000
32101,130050.0000
32102,130050.0000
32103,130050.0000
32104,130050.0000
32105,130050.0000
32106,130050.0000
32107,130050.0000
32108,130050.0000
32109,130050.0000
32110,130050.0000
32111,130050.0000
32112,130050.0000
32113,130050.0000
32114,130050.0000
32115,130050.0000
32116,130050.0000
32117,130050.0000
32118,130050.0000
32119,130050.0000
32120,130050.0000
32121,130050.0000
32122,130050.0000
32123,130050.0000
32124,130050.0000
32125,130050.0000
32126,130050.0000
32127,130050.0000
32128,130050.0000
32129,130050.0000
32130,130050.0000
32131,130050.0000
32132,130050.0000
32133,130050.0000
32134,130050.0000
32135,130050.0000
32136,130050.0000
32137,130050.0000
32138,130050.0000
32139,130050.0000
32140,130050.0000
32141,130050.0000
32142,130050.0000
32143,130050.0000
32144,130050.0000
32145,130050.0000
32146,130050.0000
32147,130050.0000
32148,130050.0000
32149,130050.0000
32150,130050.0000
32151,130050.0000
32152,130050.0000
32153,130050.0000
32154,130050.0000
32155,130050.0000
32156,130050.0000
32157,130050.0000
32158,130050.0000
32159,130050.0000
32160,130050.0000
32161,130050.0000
32162,130050.0000
32163,130050.0000
32164,130050.0000
32165,130050.0000
32166,130050.0000
32167,130050.0000
32168,130050.0000
32169,130050.0000
32170,130050.0000
32171,130050.0000
32172,130050.0000
32173,130050.0000
32174,130050.0000
32175,130050.0000
32176,130050.0000
32177,130050.0000
32178,130050.0000
32179,130050.0000
32180,130050.0000
32181,130050.0000
32182,130050.0000
32183,130050.0000
32184,130050.0000
32185,130050.0000
32186,130050.0000
32187,130050.0000
32188,130050.0000
32189,130050.0000
32190,130050.0000
32191,130050.0000
32192,130050.0000
32193,130050.0000
32194,130050.0000
32195,130050.0000
32196,130050.0000
32197,130050.0000
32198,130050.0000
32199,130050.0000
32200,130050.0000
32201,130050.0000
32202,130050.0000
32203,130050.0000
32204,130050.0000
32205,130050.0000
32206,130050.0000
32207,130050.0000
32208,130050.0000
32209,130050.0000
32210,130050.0000
32211,130050.0000
32212,130050.0000
32213,130050.0000
32214,130050.0000
32215,130050.0000
32216,130050.0000
32217,130050.0000
32218,130050.0000
32219,130050.0000
32220,130050.0000
32221,130050.0000
32222,130050.0000
32223,130050.0000
32224,130050.0000
32225,130050.0000
32226,130050.0000
32227,130050.0000
32228,130050.0000
32229,130050.0000
32230,130050.0000
32231,130050.0000
32232,130050.0000
32233,130050.0000
32234,130050.0000
32235,130050.0000
32236,130050.0000
32237,130050.0000
32238,130050.0000
32239,130050.0000
32240,130050.0000
32241,130050.0000
32242,130050.0000
32243,130050.0000
32244,130050.0000
32245,130050.0000
32246,130050.0000
32247,130050.0000
32248,130050.0000
32249,130050.0000
32250,130050.0000
32251,130050.0000
32252,130050.0000
32253,130050.0000
32254,130050.0000
32255,130050.0000
32256,130050.0000
32257,130050.0000
32258,130050.0000
32259,130050.0000
32260,130050.0000
32261,130050.0000
32262,130050.0000
32263,130050.0000
32264,130050.0000
32265,130050.0000
32266,130050.0000
32267,130050.0000
32268,130050.0000
32269,130050.0000
32270,130050.0000
32271,130050.0000
32272,130050.0000
32273,130050.0000
32274,130050.0000
32275,130050.0000
32276,130050.0000
32277,130050.0000
32278,130050.0000
32279,130050.0000
32280,130050.0000
32281,130050.0000
32282,130050.0000
32283,130050.0000
32284,130050.0000
32285,130050.0000
32286,130050.0000
32287,130050.0000
32288,130050.0000
32289,130050.0000
32290,130050.0000
32291,130050.0000
32292,130050.0000
32293,130050.0000
32294,130050.0000
32295,130050.0000
32296,130050.0000
32297,130050.0000
32298,130050.0000
32299,130050.0000
32300,130050.0000
32301,130050.0000
32302,130050.0000
32303,130050.0000
32304,130050.0000
32305,130050.0000
32306,130050.0000
32307,130050.0000
32308,130050.0000
32309,130050.0000
32310,130050.0000
32311,130050.0000
32312,130050.0000
32313,130050.0000
32314,130050.0000
32315,130050.0000
32316,130050.0000
32317,130050.0000
32318,130050.0000
32319,130050.0000
32320,130050.0000
32321,130050.0000
32322,130050.0000
32323,130050.0000
32324,130050.0000
32325,130050.0000
32326,130050.0000
32327,130050.0000
32328,130050.0000
32329,130050.0000
32330,130050.0000
32331,130050.0000
32332,130050.0000
32333,130050.0000
32334,130050.0000
32335,130050.0000
32336,130050.0000
32337,130050.0000
32338,130050.0000
32339,130050.0000
32340,130050.0000
32341,130050.0000
32342,130050.0000
32343,130050.0000
32344,130050.0000
32345,130050.0000
32346,130050.0000
32347,130050.0000
32348,130050.0000
32349,130050.0000
32350,130050.0000
32351,130050.0000
32352,130050.0000
32353,130050.0000
32354,130050.0000
32355,130050.0000
32356,130050.0000
32357,130050.0000
32358,130050.0000
32359,130050.0000
32360,130050.0000
32361,130050.0000
32362,130050.0000
32363,130050.0000
32364,130050.0000
32365,130050.0000
32366,130050.0000
32367,130050.0000
32368,130050.0000
32369,130050.0000
32370,130050.0000
32371,130050.0000
32372,130050.0000
32373,130050.0000
32374,130050.0000
32375,130050.0000
32376,130050.0000
32377,130050.0000
32378,130050.0000
32379,130050.0000
32380,130050.0000
32381,130050.0000
32382,130050.0000
32383,130050.0000
32384,130050.0000
32385,130050.0000
32386,130050.0000
32387,130050.0000
32388,130050.0000
32389,130050.0000
32390,130050.0000
32391,130050.0000
32392,130050.0000
32393,130050.0000
32394,130050.0000
32395,130050.0000
32396,130050.0000
32397,130050.0000
32398,130050.0000
32399,130050.0000
32400,130050.0000
32401,130050.0000
32402,130050.0000
32403,130050.0000
32404,130050.0000
32405,130050.0000
32406,130050.0000
32407,130050.0000
32408,130050.0000
32409,130050.0000
32410,130050.0000
32411,130050.0000
32412,130050.0000
32413,130050.0000
32414,130050.0000
32415,130050.0000
32416,130050.0000
32417,130050.0000
32418,130050.0000
32419,130050.0000
32420,130050.0000
32421,130050.0000
32422,130050.0000
32423,130050.0000
32424,130050.0000
32425,130050.0000
32426,130050.0000
32427,130050.0000
32428,130050.0000
32429,130050.0000
32430,130050.0000
32431,130050.0000
32432,130050.0000
32433,130050.0000
32434,130050.0000
32435,130050.0000
32436,130050.0000
32437,130050.0000
32438,130050.0000
32439,130050.0000
32440,130050.0000
32441,130050.0000
32442,130050.0000
32443,130050.0000
32444,130050.0000
32445,130050.0000
32446,130050.0000
32447,130050.0000
32448,130050.0000
32449,130050.0000
32450,130050.0000
32451,130050.0000
32452,130050.0000
32453,130050.0000
32454,130050.0000
32455,130050.0000
32456,130050.0000
32457,130050.0000
32458,130050.0000
32459,130050.0000
32460,130050.0000
32461,130050.0000
32462,130050.0000
32463,130050.0000
32464,130050.0000
32465,130050.0000
32466,130050.0000
32467,130050.0000
32468,130050.0000
32469,130050.0000
32470,130050.0000
32471,130050.0000
32472,130050.0000
32473,130050.0000
32474,130050.0000
32475,130050.0000
32476,130050.0000
32477,130050.0000
32478,130050.0000
32479,130050.0000
32480,130050.0000
32481,130050.0000
32482,130050.0000
32483,130050.0000
32484,130050.0000
32485,130050.0000
32486,130050.0000
32487,130050.0000
32488,130050.0000
32489,130050.0000
32490,130050.0000
32491,130050.0000
32492,130050.0000
32493,130050.0000
32494,130050.0000
32495,130050.0000
32496,130050.0000
32497,130050.0000
32498,130050.0000
32499,130050.0000
32500,130050.0000
32501,130050.0000
32502,130050.0000
32503,130050.0000
32504,130050.0000
32505,130050.0000
32506,130050.0000
32507,130050.0000
32508,130050.0000
32509,130050.0000
32510,130050.0000
32511,130050.0000
32512,130050.0000
32513,130050.0000
32514,130050.0000
32515,130050.0000
32516,130050.0000
32517,130050.0000
32518,130050.0000
32519,130050.0000
32520,130050.0000
32521,130050.0000
32522,130050.0000
32523,130050.0000
32524,130050.0000
32525,130050.0000
32526,130050.0000
32527,130050.0000
32528,130050.0000
32529,130050.0000
32530,130050.0000
32531,130050.0000
32532,130050.0000
32533,130050.0000
32534,130050.0000
32535,130050.0000
32536,130050.0000
32537,130050.0000
32538,130050.0000
32539,130050.0000
32540,130050.0000
32541,130050.0000
32542,130050.0000
32543,130050.0000
32544,130050.0000
32545,130050.0000
32546,130050.0000
32547,130050.0000
32548,130050.0000
32549,130050.0000
32550,130050.0000
32551,130050.0000
32552,130050.0000
32553,130050.0000
32554,130050.0000
32555,130050.0000
32556,130050.0000
32557,130050.0000
32558,130050.0000
32559,130050.0000
32560,130050.0000
32561,130050.0000
32562,130050.0000
32563,130050.0000
32564,130050.0000
32565,130050.0000
32566,130050.0000
32567,130050.0000
32568,130050.0000
32569,130050.0000
32570,130050.0000
32571,130050.0000
32572,130050.0000
32573,130050.0000
32574,130050.0000
32575,130050.0000
32576,130050.0000
32577,130050.0000
32578,130050.0000
32579,130050.0000
32580,130050.0000
32581,130050.0000
32582,130050.0000
32583,130050.0000
32584,130050.0000
32585,130050.0000
32586,130050.0000
32587,130050.0000
32588,130050.0000
32589,130050.0000
32590,130050.0000
32591,130050.0000
32592,130050.0000
32593,130050.0000
32594,130050.0000
32595,130050.0000
32596,130050.0000
32597,130050.0000
32598,130050.0000
32599,130050.0000
32600,130050.0000
32601,130050.0000
32602,130050.0000
32603,130050.0000
32604,130050.0000
32605,130050.0000
32606,130050.0000
32607,130050.0000
32608,130050.0000
32609,130050.0000
32610,130050.0000
32611,130050.0000
32612,130050.0000
32613,130050.0000
32614,130050.0000
32615,130050.0000
32616,130050.0000
32617,130050.0000
32618,130050.0000
32619,130050.0000
32620,130050.0000
32621,130050.0000
32622,130050.0000
32623,130050.0000
32624,130050.0000
32625,130050.0000
32626,130050.0000
32627,130050.0000
32628,130050.0000
32629,130050.0000
32630,130050.0000
32631,130050.0000
32632,130050.0000
32633,130050.0000
32634,130050.0000
32635,130050.0000
32636,130050.0000
32637,130050.0000
32638,130050.0000
32639,130050.0000
32640,130050.0000
32641,130050.0000
32642,130050.0000
32643,130050.0000
32644,130050.0000
32645,130050.0000
32646,130050.0000
32647,130050.0000
32648,130050.0000
32649,130050.0000
32650,130050.0000
32651,130050.0000
32652,130050.0000
32653,130050.0000
32654,130050.0000
32655,130050.0000
32656,130050.0000
32657,130050.0000
32658,130050.0000
32659,130050.0000
32660,130050.0000
32661,130050.0000
32662,130050.0000
32663,130050.0000
32664,130050.0000
32665,130050.0000
32666,130050.0000
32667,130050.0000
32668,130050.0000
32669,130050.0000
32670,130050.0000
32671,130050.0000
32672,130050.0000
32673,130050.0000
32674,130050.0000
32675,130050.0000
32676,130050.0000
32677,130050.0000
32678,130050.0000
32679,130050.0000
32680,130050.0000
32681,130050.0000
32682,130050.0000
32683,130050.0000
32684,130050.0000
32685,130050.0000
32686,130050.0000
32687,130050.0000
32688,130050.0000
32689,130050.0000
32690,130050.0000
32691,130050.0000
32692,130050.0000
32693,130050.0000
32694,130050.0000
32695,130050.0000
32696,130050.0000
32697,130050.0000
32698,130050.0000
32699,130050.0000
32700,130050.0000
32701,130050.0000
32702,130050.0000
32703,130050.0000
32704,130050.0000
32705,130050.0000
32706,130050.0000
32707,130050.0000
32708,130050.0000
32709,130050.0000
32710,130050.0000
32711,130050.0000
32712,130050.0000
32713,130050.0000
32714,130050.0000
32715,130050.0000
32716,130050.0000
32717,130050.0000
32718,130050.0000
32719,130050.0000
32720,130050.0000
32721,130050.0000
32722,130050.0000
32723,130050.0000
32724,130050.0000
32725,130050.0000
32726,130050.0000
32727,130050.0000
32728,130050.0000
32729,130050.0000
32730,130050.0000
32731,130050.0000
32732,130050.0000
32733,130050.0000
32734,130050.0000
32735,130050.0000
32736,130050.0000
32737,130050.0000
32738,130050.0000
32739,130050.0000
32740,130050.0000
32741,130050.0000
32742,130050.0000
32743,130050.0000
32744,130050.0000
32745,130050.0000
32746,130050.0000
32747,130050.0000
32748,130050.0000
32749,130050.0000
32750,130050.0000
32751,130050.0000
32752,130050.0000
32753,130050.0000
32754,130050.0000
32755,130050.0000
32756,130050.0000
32757,130050.0000
32758,130050.0000
32759,130050.0000
32760,130050.0000
32761,130050.0000
32762,130050.0000
32763,130050.0000
32764,130050.0000
32765,130050.0000
32766,130050.0000
32767,130050.0000
32768,130050.0000
32769,130050.0000
32770,130050.0000
32771,130050.0000
32772,130050.0000
32773,130050.0000
32774,130050.0000
32775,130050.0000
32776,130050.0000
32777,130050.0000
32778,130050.0000
32779,130050.0000
32780,130050.0000
32781,130050.0000
32782,130050.0000
32783,130050.0000
32784,130050.0000
32785,130050.0000
32786,130050.0000
32787,130050.0000
32788,130050.0000
32789,130050.0000
32790,130050.0000
32791,130050.0000
32792,130050.0000
32793,130050.0000
32794,130050.0000
32795,130050.0000
32796,130050.0000
32797,130050.0000
32798,130050.0000
32799,130050.0000
32800,130050.0000
32801,130050.0000
32802,130050.0000
32803,130050.0000
32804,130050.0000
32805,130050.0000
32806,130050.0000
32807,130050.0000
32808,130050.0000
32809,130050.0000
32810,130050.0000
32811,130050.0000
32812,130050.0000
32813,130050.0000
32814,130050.0000
32815,130050.0000
32816,130050.0000
32817,130050.0000
32818,130050.0000
32819,130050.0000
32820,130050.0000
32821,130050.0000
32822,130050.0000
32823,130050.0000
32824,130050.0000
32825,130050.0000
32826,130050.0000
32827,130050.0000
32828,130050.0000
32829,130050.0000
32830,130050.0000
32831,130050.0000
32832,130050.0000
32833,130050.0000
32834,130050.0000
32835,130050.0000
32836,130050.0000
32837,130050.0000
32838,130050.0000
32839,130050.0000
32840,130050.0000
32841,130050.0000
32842,130050.0000
32843,130050.0000
32844,130050.0000
32845,130050.0000
32846,130050.0000
32847,130050.0000
32848,130050.0000
32849,130050.0000
32850,130050.0000
32851,130050.0000
32852,130050.0000
32853,130050.0000
32854,130050.0000
32855,130050.0000
32856,130050.0000
32857,130050.0000
32858,130050.0000
32859,130050.0000
32860,130050.0000
32861,130050.0000
32862,130050.0000
32863,130050.0000
32864,130050.0000
32865,130050.0000
32866,130050.0000
32867,130050.0000
32868,130050.0000
32869,130050.0000
32870,130050.0000
32871,130050.0000
32872,130050.0000
32873,130050.0000
32874,130050.0000
32875,130050.0000
32876,130050.0000
32877,130050.0000
32878,130050.0000
32879,130050.0000
32880,130050.0000
32881,130050.0000
32882,130050.0000
32883,130050.0000
32884,130050.0000
32885,130050.0000
32886,130050.0000
32887,130050.0000
32888,130050.0000
32889,130050.0000
32890,130050.0000
32891,130050.0000
32892,130050.0000
32893,130050.0000
32894,130050.0000
32895,130050.0000
32896,130050.0000
32897,130050.0000
32898,130050.0000
32899,130050.0000
32900,130050.0000
32901,130050.0000
32902,130050.0000
32903,130050.0000
32904,130050.0000
32905,130050.0000
32906,130050.0000
32907,130050.0000
32908,130050.0000
32909,130050.0000
32910,130050.0000
32911,130050.0000
32912,130050.0000
32913,130050.0000
32914,130050.0000
32915,130050.0000
32916,130050.0000
32917,130050.0000
32918,130050.0000
32919,130050.0000
32920,130050.0000
32921,130050.0000
32922,130050.0000
32923,130050.0000
32924,130050.0000
32925,130050.0000
32926,130050.0000
32927,130050.0000
32928,130050.0000
32929,130050.0000
32930,130050.0000
32931,130050.0000
32932,130050.0000
32933,130050.0000
32934,130050.0000
32935,130050.0000
32936,130050.0000
32937,130050.0000
32938,130050.0000
32939,130050.0000
32940,130050.0000
32941,130050.0000
32942,130050.0000
32943,130050.0000
32944,130050.0000
32945,130050.0000
32946,130050.0000
32947,130050.0000
32948,130050.0000
32949,130050.0000
32950,130050.0000
32951,130050.0000
32952,130050.0000
32953,130050.0000
32954,130050.0000
32955,130050.0000
32956,130050.0000
32957,130050.0000
32958,130050.0000
32959,130050.0000
32960,130050.0000
32961,130050.0000
32962,130050.0000
32963,130050.0000
32964,130050.0000
32965,130050.0000
32966,130050.0000
32967,130050.0000
32968,130050.0000
32969,130050.0000
32970,130050.0000
32971,130050.0000
32972,130050.0000
32973,130050.0000
32974,130050.0000
32975,130050.0000
32976,130050.0000
32977,130050.0000
32978,130050.0000
32979,130050.0000
32980,130050.0000
32981,130050.0000
32982,130050.0000
32983,130050.0000
32984,130050.0000
32985,130050.0000
32986,130050.0000
32987,130050.0000
32988,130050.0000
32989,130050.0000
32990,130050.0000
32991,130050.0000
32992,130050.0000
32993,130050.0000
32994,130050.0000
32995,130050.0000
32996,130050.0000
32997,130050.0000
32998,130050.0000
32999,130050.0000
33000,130050.0000
33001,130050.0000
33002,130050.0000
33003,130050.0000
33004,130050.0000
33005,130050.0000
33006,130050.0000
33007,130050.0000
33008,130050.0000
33009,130050.0000
33010,130050.0000
33011,130050.0000
33012,130050.0000
33013,130050.0000
33014,130050.0000
33015,130050.0000
33016,130050.0000
33017,130050.0000
33018,130050.0000
33019,130050.0000
33020,130050.0000
33021,130050.0000
33022,130050.0000
33023,130050.0000
33024,130050.0000
33025,130050.0000
33026,130050.0000
33027,130050.0000
33028,130050.0000
33029,130050.0000
33030,130050.0000
33031,130050.0000
33032,130050.0000
33033,130050.0000
33034,130050.0000
33035,130050.0000
33036,130050.0000
33037,130050.0000
33038,130050.0000
33039,130050.0000
33040,130050.0000
33041,130050.0000
33042,130050.0000
33043,130050.0000
33044,130050.0000
33045,130050.0000
33046,130050.0000
33047,130050.0000
33048,130050.0000
33049,130050.0000
33050,130050.0000
33051,130050.0000
33052,130050.0000
33053,130050.0000
33054,130050.0000
33055,130050.0000
33056,130050.0000
33057,130050.0000
33058,130050.0000
33059,130050.0000
33060,130050.0000
33061,130050.0000
33062,130050.0000
33063,130050.0000
33064,130050.0000
33065,130050.0000
33066,130050.0000
33067,130050.0000
33068,130050.0000
33069,130050.0000
33070,130050.0000
33071,130050.0000
33072,130050.0000
33073,130050.0000
33074,130050.0000
33075,130050.0000
33076,130050.0000
33077,130050.0000
33078,130050.0000
33079,130050.0000
33080,130050.0000
33081,130050.0000
33082,130050.0000
33083,130050.0000
33084,130050.0000
33085,130050.0000
33086,130050.0000
33087,130050.0000
33088,130050.0000
33089,130050.0000
33090,130050.0000
33091,130050.0000
33092,130050.0000
33093,130050.0000
33094,130050.0000
33095,130050.0000
33096,130050.0000
33097,130050.0000
33098,130050.0000
33099,130050.0000
33100,130050.0000
33101,130050.0000
33102,130050.0000
33103,130050.0000
33104,130050.0000
33105,130050.0000
33106,130050.0000
33107,130050.0000
33108,130050.0000
33109,130050.0000
33110,130050.0000
33111,130050.0000
33112,130050.0000
33113,130050.0000
33114,130050.0000
33115,130050.0000
33116,130050.0000
33117,130050.0000
33118,130050.0000
33119,130050.0000
33120,130050.0000
33121,130050.0000
33122,130050.0000
33123,130050.0000
33124,130050.0000
33125,130050.0000
33126,130050.0000
33127,130050.0000
33128,130050.0000
33129,130050.0000
33130,130050.0000
33131,130050.0000
33132,130050.0000
33133,130050.0000
33134,130050.0000
33135,130050.0000
33136,130050.0000
33137,130050.0000
33138,130050.0000
33139,130050.0000
33140,130050.0000
33141,130050.0000
33142,130050.0000
33143,130050.0000
33144,130050.0000
33145,130050.0000
33146,130050.0000
33147,130050.0000
33148,130050.0000
33149,130050.0000
33150,130050.0000
33151,130050.0000
33152,130050.0000
33153,130050.0000
33154,130050.0000
33155,130050.0000
33156,130050.0000
33157,130050.0000
33158,130050.0000
33159,130050.0000
33160,130050.0000
33161,130050.0000
33162,130050.0000
33163,130050.0000
33164,130050.0000
33165,130050.0000
33166,130050.0000
33167,130050.0000
33168,130050.0000
33169,130050.0000
33170,130050.0000
33171,130050.0000
33172,130050.0000
33173,130050.0000
33174,130050.0000
33175,130050.0000
33176,130050.0000
33177,130050.0000
33178,130050.0000
33179,130050.0000
33180,130050.0000
33181,130050.0000
33182,130050.0000
33183,130050.0000
33184,130050.0000
33185,130050.0000
33186,130050.0000
33187,130050.0000
33188,130050.0000
33189,130050.0000
33190,130050.0000
33191,130050.0000
33192,130050.0000
33193,130050.0000
33194,130050.0000
33195,130050.0000
33196,130050.0000
33197,130050.0000
33198,130050.0000
33199,130050.0000
33200,130050.0000
33201,130050.0000
33202,130050.0000
33203,130050.0000
33204,130050.0000
33205,130050.0000
33206,130050.0000
33207,130050.0000
33208,130050.0000
33209,130050.0000
33210,130050.0000
33211,130050.0000
33212,130050.0000
33213,130050.0000
33214,130050.0000
33215,130050.0000
33216,130050.0000
33217,130050.0000
33218,130050.0000
33219,130050.0000
33220,130050.0000
33221,130050.0000
33222,130050.0000
33223,130050.0000
33224,130050.0000
33225,130050.0000
33226,130050.0000
33227,130050.0000
33228,130050.0000
33229,130050.0000
33230,130050.0000
33231,130050.0000
33232,130050.0000
33233,130050.0000
33234,130050.0000
33235,130050.0000
33236,130050.0000
33237,130050.0000
33238,130050.0000
33239,130050.0000
33240,130050.0000
33241,130050.0000
33242,130050.0000
33243,130050.0000
33244,130050.0000
33245,130050.0000
33246,130050.0000
33247,130050.0000
33248,130050.0000
33249,130050.0000
33250,130050.0000
33251,130050.0000
33252,130050.0000
33253,130050.0000
33254,130050.0000
33255,130050.0000
33256,130050.0000
33257,130050.0000
33258,130050.0000
33259,130050.0000
33260,130050.0000
33261,130050.0000
33262,130050.0000
33263,130050.0000
33264,130050.0000
33265,130050.0000
33266,130050.0000
33267,130050.0000
33268,130050.0000
33269,130050.0000
33270,130050.0000
33271,130050.0000
33272,130050.0000
33273,130050.0000
33274,130050.0000
33275,130050.0000
33276,130050.0000
33277,130050.0000
33278,130050.0000
33279,130050.0000
33280,130050.0000
33281,130050.0000
33282,130050.0000
33283,130050.0000
33284,130050.0000
33285,130050.0000
33286,130050.0000
33287,130050.0000
33288,130050.0000
33289,130050.0000
33290,130050.0000
33291,130050.0000
33292,130050.0000
33293,130050.0000
33294,130050.0000
33295,130050.0000
33296,130050.0000
33297,130050.0000
33298,130050.0000
33299,130050.0000
33300,130050.0000
33301,130050.0000
33302,130050.0000
33303,130050.0000
33304,130050.0000
33305,130050.0000
33306,130050.0000
33307,130050.0000
33308,130050.0000
33309,130050.0000
33310,130050.0000
33311,130050.0000
33312,130050.0000
33313,130050.0000
33314,130050.0000
33315,130050.0000
33316,130050.0000
33317,130050.0000
33318,130050.0000
33319,130050.0000
33320,130050.0000
33321,130050.0000
33322,130050.0000
33323,130050.0000
33324,130050.0000
33325,130050.0000
33326,130050.0000
33327,130050.0000
33328,130050.0000
33329,130050.0000
33330,130050.0000
33331,130050.0000
33332,130050.0000
33333,130050.0000
33334,130050.0000
33335,130050.0000
33336,130050.0000
33337,130050.0000
33338,130050.0000
33339,130050.0000
33340,130050.0000
33341,130050.0000
33342,130050.0000
33343,130050.0000
33344,130050.0000
33345,130050.0000
33346,130050.0000
33347,130050.0000
33348,130050.0000
33349,130050.0000
33350,130050.0000
33351,130050.0000
33352,130050.0000
33353,130050.0000
33354,130050.0000
33355,130050.0000
33356,130050.0000
33357,130050.0000
33358,130050.0000
33359,130050.0000
33360,130050.0000
33361,130050.0000
33362,130050.0000
33363,130050.0000
33364,130050.0000
33365,130050.0000
33366,130050.0000
33367,130050.0000
33368,130050.0000
33369,130050.0000
33370,130050.0000
33371,130050.0000
33372,130050.0000
33373,130050.0000
33374,130050.0000
33375,130050.0000
33376,130050.0000
33377,130050.0000
33378,130050.0000
33379,130050.0000
33380,130050.0000
33381,130050.0000
33382,130050.0000
33383,130050.0000
33384,130050.0000
33385,130050.0000
33386,130050.0000
33387,130050.0000
33388,130050.0000
33389,130050.0000
33390,130050.0000
33391,130050.0000
33392,130050.0000
33393,130050.0000
33394,130050.0000
33395,130050.0000
33396,130050.0000
33397,130050.0000
33398,130050.0000
33399,130050.0000
33400,130050.0000
33401,130050.0000
33402,130050.0000
33403,130050.0000
33404,130050.0000
33405,130050.0000
33406,130050.0000
33407,130050.0000
33408,130050.0000
33409,130050.0000
33410,130050.0000
33411,130050.0000
33412,130050.0000
33413,130050.0000
33414,130050.0000
33415,130050.0000
33416,130050.0000
33417,130050.0000
33418,130050.0000
33419,130050.0000
33420,130050.0000
33421,130050.0000
33422,130050.0000
33423,130050.0000
33424,130050.0000
33425,130050.0000
33426,130050.0000
33427,130050.0000
33428,130050.0000
33429,130050.0000
33430,130050.0000
33431,130050.0000
33432,130050.0000
33433,130050.0000
33434,130050.0000
33435,130050.0000
33436,130050.0000
33437,130050.0000
33438,130050.0000
33439,130050.0000
33440,130050.0000
33441,130050.0000
33442,130050.0000
33443,130050.0000
33444,130050.0000
33445,130050.0000
33446,130050.0000
33447,130050.0000
33448,130050.0000
33449,130050.0000
33450,130050.0000
33451,130050.0000
33452,130050.0000
33453,130050.0000
33454,130050.0000
33455,130050.0000
33456,130050.0000
33457,130050.0000
33458,130050.0000
33459,130050.0000
33460,130050.0000
33461,130050.0000
33462,130050.0000
33463,130050.0000
33464,130050.0000
33465,130050.0000
33466,130050.0000
33467,130050.0000
33468,130050.0000
33469,130050.0000
33470,130050.0000
33471,130050.0000
33472,130050.0000
33473,130050.0000
33474,130050.0000
33475,130050.0000
33476,130050.0000
33477,130050.0000
33478,130050.0000
33479,130050.0000
33480,130050.0000
33481,130050.0000
33482,130050.0000
33483,130050.0000
33484,130050.0000
33485,130050.0000
33486,130050.0000
33487,130050.0000
33488,130050.0000
33489,130050.0000
33490,130050.0000
33491,130050.0000
33492,130050.0000
33493,130050.0000
33494,130050.0000
33495,130050.0000
33496,130050.0000
33497,130050.0000
33498,130050.0000
33499,130050.0000
33500,130050.0000
33501,130050.0000
33502,130050.0000
33503,130050.0000
33504,130050.0000
33505,130050.0000
33506,130050.0000
33507,130050.0000
33508,130050.0000
33509,130050.0000
33510,130050.0000
33511,130050.0000
33512,130050.0000
33513,130050.0000
33514,130050.0000
33515,130050.0000
33516,130050.0000
33517,130050.0000
33518,130050.0000
33519,130050.0000
33520,130050.0000
33521,130050.0000
33522,130050.0000
33523,130050.0000
33524,130050.0000
33525,130050.0000
33526,130050.0000
33527,130050.0000
33528,130050.0000
33529,130050.0000
33530,130050.0000
33531,130050.0000
33532,130050.0000
33533,130050.0000
33534,130050.0000
33535,130050.0000
33536,130050.0000
33537,130050.0000
33538,130050.0000
33539,130050.0000
33540,130050.0000
33541,130050.0000
33542,130050.0000
33543,130050.0000
33544,130050.0000
33545,130050.0000
33546,130050.0000
33547,130050.0000
33548,130050.0000
33549,130050.0000
33550,130050.0000
33551,130050.0000
33552,130050.0000
33553,130050.0000
33554,130050.0000
33555,130050.0000
33556,130050.0000
33557,130050.0000
33558,130050.0000
33559,130050.0000
33560,130050.0000
33561,130050.0000
33562,130050.0000
33563,130050.0000
33564,130050.0000
33565,130050.0000
33566,130050.0000
33567,130050.0000
33568,130050.0000
33569,130050.0000
33570,130050.0000
33571,130050.0000
33572,130050.0000
33573,130050.0000
33574,130050.0000
33575,130050.0000
33576,130050.0000
33577,130050.0000
33578,130050.0000
33579,130050.0000
33580,130050.0000
33581,130050.0000
33582,130050.0000
33583,130050.0000
33584,130050.0000
33585,130050.0000
33586,130050.0000
33587,130050.0000
33588,130050.0000
33589,130050.0000
33590,130050.0000
33591,130050.0000
33592,130050.0000
33593,130050.0000
33594,130050.0000
33595,130050.0000
33596,130050.0000
33597,130050.0000
33598,130050.0000
33599,130050.0000
33600,130050.0000
33601,130050.0000
33602,130050.0000
33603,130050.0000
33604,130050.0000
33605,130050.0000
33606,130050.0000
33607,130050.0000
33608,130050.0000
33609,130050.0000
33610,130050.0000
33611,130050.0000
33612,130050.0000
33613,130050.0000
33614,130050.0000
33615,130050.0000
33616,130050.0000
33617,130050.0000
33618,130050.0000
33619,130050.0000
33620,130050.0000
33621,130050.0000
33622,130050.0000
33623,130050.0000
33624,130050.0000
33625,130050.0000
33626,130050.0000
33627,130050.0000
33628,130050.0000
33629,130050.0000
33630,130050.0000
33631,130050.0000
33632,130050.0000
33633,130050.0000
33634,130050.0000
33635,130050.0000
33636,130050.0000
33637,130050.0000
33638,130050.0000
33639,130050.0000
33640,130050.0000
33641,130050.0000
33642,130050.0000
33643,130050.0000
33644,130050.0000
33645,130050.0000
33646,130050.0000
33647,130050.0000
33648,130050.0000
33649,130050.0000
33650,130050.0000
33651,130050.0000
33652,130050.0000
33653,130050.0000
33654,130050.0000
33655,130050.0000
33656,130050.0000
33657,130050.0000
33658,130050.0000
33659,130050.0000
33660,130050.0000
33661,130050.0000
33662,130050.0000
33663,130050.0000
33664,130050.0000
33665,130050.0000
33666,130050.0000
33667,130050.0000
33668,130050.0000
33669,130050.0000
33670,130050.0000
33671,130050.0000
33672,130050.0000
33673,130050.0000
33674,130050.0000
33675,130050.0000
33676,130050.0000
33677,130050.0000
33678,130050.0000
33679,130050.0000
33680,130050.0000
33681,130050.0000
33682,130050.0000
33683,130050.0000
33684,130050.0000
33685,130050.0000
33686,130050.0000
33687,130050.0000
33688,130050.0000
33689,130050.0000
33690,130050.0000
33691,130050.0000
33692,130050.0000
33693,130050.0000
33694,130050.0000
33695,130050.0000
33696,130050.0000
33697,130050.0000
33698,130050.0000
33699,130050.0000
33700,130050.0000
33701,130050.0000
33702,130050.0000
33703,130050.0000
33704,130050.0000
33705,130050.0000
33706,130050.0000
33707,130050.0000
33708,130050.0000
33709,130050.0000
33710,130050.0000
33711,130050.0000
33712,130050.0000
33713,130050.0000
33714,130050.0000
33715,130050.0000
33716,130050.0000
33717,130050.0000
33718,130050.0000
33719,130050.0000
33720,130050.0000
33721,130050.0000
33722,130050.0000
33723,130050.0000
33724,130050.0000
33725,130050.0000
33726,130050.0000
33727,130050.0000
33728,130050.0000
33729,130050.0000
33730,130050.0000
33731,130050.0000
33732,130050.0000
33733,130050.0000
33734,130050.0000
33735,130050.0000
33736,130050.0000
33737,130050.0000
33738,130050.0000
33739,130050.0000
33740,130050.0000
33741,130050.0000
33742,130050.0000
33743,130050.0000
33744,130050.0000
33745,130050.0000
33746,130050.0000
33747,130050.0000
33748,130050.0000
33749,130050.0000
33750,130050.0000
33751,130050.0000
33752,130050.0000
33753,130050.0000
33754,130050.0000
33755,130050.0000
33756,130050.0000
33757,130050.0000
33758,130050.0000
33759,130050.0000
33760,130050.0000
33761,130050.0000
33762,130050.0000
33763,130050.0000
33764,130050.0000
33765,130050.0000
33766,130050.0000
33767,130050.0000
33768,130050.0000
33769,130050.0000
33770,130050.0000
33771,130050.0000
33772,130050.0000
33773,130050.0000
33774,130050.0000
33775,130050.0000
33776,130050.0000
33777,130050.0000
33778,130050.0000
33779,130050.0000
33780,130050.0000
33781,130050.0000
33782,130050.0000
33783,130050.0000
33784,130050.0000
33785,130050.0000
33786,130050.0000
33787,130050.0000
33788,130050.0000
33789,130050.0000
33790,130050.0000
33791,130050.0000
33792,130050.0000
33793,130050.0000
33794,130050.0000
33795,130050.0000
33796,130050.0000
33797,130050.0000
33798,130050.0000
33799,130050.0000
33800,130050.0000
33801,130050.0000
33802,130050.0000
33803,130050.0000
33804,130050.0000
33805,130050.0000
33806,130050.0000
33807,130050.0000
33808,130050.0000
33809,130050.0000
33810,130050.0000
33811,130050.0000
33812,130050.0000
33813,130050.0000
33814,130050.0000
33815,130050.0000
33816,130050.0000
33817,130050.0000
33818,130050.0000
33819,130050.0000
33820,130050.0000
33821,130050.0000
33822,130050.0000
33823,130050.0000
33824,130050.0000
33825,130050.0000
33826,130050.0000
33827,130050.0000
33828,130050.0000
33829,130050.0000
33830,130050.0000
33831,130050.0000
33832,130050.0000
33833,130050.0000
33834,130050.0000
33835,130050.0000
33836,130050.0000
33837,130050.0000
33838,130050.0000
33839,130050.0000
33840,130050.0000
33841,130050.0000
33842,130050.0000
33843,130050.0000
33844,130050.0000
33845,130050.0000
33846,130050.0000
33847,130050.0000
33848,130050.0000
33849,130050.0000
33850,130050.0000
33851,130050.0000
33852,130050.0000
33853,130050.0000
33854,130050.0000
33855,130050.0000
33856,130050.0000
33857,130050.0000
33858,130050.0000
33859,130050.0000
33860,130050.0000
33861,130050.0000
33862,130050.0000
33863,130050.0000
33864,130050.0000
33865,130050.0000
33866,130050.0000
33867,130050.0000
33868,130050.0000
33869,130050.0000
33870,130050.0000
33871,130050.0000
33872,130050.0000
33873,130050.0000
33874,130050.0000
33875,130050.0000
33876,130050.0000
33877,130050.0000
33878,130050.0000
33879,130050.0000
33880,130050.0000
33881,130050.0000
33882,130050.0000
33883,130050.0000
33884,130050.0000
33885,130050.0000
33886,130050.0000
33887,130050.0000
33888,130050.0000
33889,130050.0000
33890,130050.0000
33891,130050.0000
33892,130050.0000
33893,130050.0000
33894,130050.0000
33895,130050.0000
33896,130050.0000
33897,130050.0000
33898,130050.0000
33899,130050.0000
33900,130050.0000
33901,130050.0000
33902,130050.0000
33903,130050.0000
33904,130050.0000
33905,130050.0000
33906,130050.0000
33907,130050.0000
33908,130050.0000
33909,130050.0000
33910,130050.0000
33911,130050.0000
33912,130050.0000
33913,130050.0000
33914,130050.0000
33915,130050.0000
33916,130050.0000
33917,130050.0000
33918,130050.0000
33919,130050.0000
33920,130050.0000
33921,130050.0000
33922,130050.0000
33923,130050.0000
33924,130050.0000
33925,130050.0000
33926,130050.0000
33927,130050.0000
33928,130050.0000
33929,130050.0000
33930,130050.0000
33931,130050.0000
33932,130050.0000
33933,130050.0000
33934,130050.0000
33935,130050.0000
33936,130050.0000
33937,130050.0000
33938,130050.0000
33939,130050.0000
33940,130050.0000
33941,130050.0000
33942,130050.0000
33943,130050.0000
33944,130050.0000
33945,130050.0000
33946,130050.0000
33947,130050.0000
33948,130050.0000
33949,130050.0000
33950,130050.0000
33951,130050.0000
33952,130050.0000
33953,130050.0000
33954,130050.0000
33955,130050.0000
33956,130050.0000
33957,130050.0000
33958,130050.0000
33959,130050.0000
33960,130050.0000
33961,130050.0000
33962,130050.0000
33963,130050.0000
33964,130050.0000
33965,130050.0000
33966,130050.0000
33967,130050.0000
33968,130050.0000
33969,130050.0000
33970,130050.0000
33971,130050.0000
33972,130050.0000
33973,130050.0000
33974,130050.0000
33975,130050.0000
33976,130050.0000
33977,130050.0000
33978,130050.0000
33979,130050.0000
33980,130050.0000
33981,130050.0000
33982,130050.0000
33983,130050.0000
33984,130050.0000
33985,130050.0000
33986,130050.0000
33987,130050.0000
33988,130050.0000
33989,130050.0000
33990,130050.0000
33991,130050.0000
33992,130050.0000
33993,130050.0000
33994,130050.0000
33995,130050.0000
33996,130050.0000
33997,130050.0000
33998,130050.0000
33999,130050.0000
34000,130050.0000
34001,130050.0000
34002,130050.0000
34003,130050.0000
34004,130050.0000
34005,130050.0000
34006,130050.0000
34007,130050.0000
34008,130050.0000
34009,130050.0000
34010,130050.0000
34011,130050.0000
34012,130050.0000
34013,130050.0000
34014,130050.0000
34015,130050.0000
34016,130050.0000
34017,130050.0000
34018,130050.0000
34019,130050.0000
34020,130050.0000
34021,130050.0000
34022,130050.0000
34023,130050.0000
34024,130050.0000
34025,130050.0000
34026,130050.0000
34027,130050.0000
34028,130050.0000
34029,130050.0000
34030,130050.0000
34031,130050.0000
34032,130050.0000
34033,130050.0000
34034,130050.0000
34035,130050.0000
34036,130050.0000
34037,130050.0000
34038,130050.0000
34039,130050.0000
34040,130050.0000
34041,130050.0000
34042,130050.0000
34043,130050.0000
34044,130050.0000
34045,130050.0000
34046,130050.0000
34047,130050.0000
34048,130050.0000
34049,130050.0000
34050,130050.0000
34051,130050.0000
34052,130050.0000
34053,130050.0000
34054,130050.0000
34055,130050.0000
34056,130050.0000
34057,130050.0000
34058,130050.0000
34059,130050.0000
34060,130050.0000
34061,130050.0000
34062,130050.0000
34063,130050.0000
34064,130050.0000
34065,130050.0000
34066,130050.0000
34067,130050.0000
34068,130050.0000
34069,130050.0000
34070,130050.0000
34071,130050.0000
34072,130050.0000
34073,130050.0000
34074,130050.0000
34075,130050.0000
34076,130050.0000
34077,130050.0000
34078,130050.0000
34079,130050.0000
34080,130050.0000
34081,130050.0000
34082,130050.0000
34083,130050.0000
34084,130050.0000
34085,130050.0000
34086,130050.0000
34087,130050.0000
34088,130050.0000
34089,130050.0000
34090,130050.0000
34091,130050.0000
34092,130050.0000
34093,130050.0000
34094,130050.0000
34095,130050.0000
34096,130050.0000
34097,130050.0000
34098,130050.0000
34099,130050.0000
34100,130050.0000
34101,130050.0000
34102,130050.0000
34103,130050.0000
34104,130050.0000
34105,130050.0000
34106,130050.0000
34107,130050.0000
34108,130050.0000
34109,130050.0000
34110,130050.0000
34111,130050.0000
34112,130050.0000
34113,130050.0000
34114,130050.0000
34115,130050.0000
34116,130050.0000
34117,130050.0000
34118,130050.0000
34119,130050.0000
34120,130050.0000
34121,130050.0000
34122,130050.0000
34123,130050.0000
34124,130050.0000
34125,130050.0000
34126,130050.0000
34127,130050.0000
34128,130050.0000
34129,130050.0000
34130,130050.0000
34131,130050.0000
34132,130050.0000
34133,130050.0000
34134,130050.0000
34135,130050.0000
34136,130050.0000
34137,130050.0000
34138,130050.0000
34139,130050.0000
34140,130050.0000
34141,130050.0000
34142,130050.0000
34143,130050.0000
34144,130050.0000
34145,130050.0000
34146,130050.0000
34147,130050.0000
34148,130050.0000
34149,130050.0000
34150,130050.0000
34151,130050.0000
34152,130050.0000
34153,130050.0000
34154,130050.0000
34155,130050.0000
34156,130050.0000
34157,130050.0000
34158,130050.0000
34159,130050.0000
34160,130050.0000
34161,130050.0000
34162,130050.0000
34163,130050.0000
34164,130050.0000
34165,130050.0000
34166,130050.0000
34167,130050.0000
34168,130050.0000
34169,130050.0000
34170,130050.0000
34171,130050.0000
34172,130050.0000
34173,130050.0000
34174,130050.0000
34175,130050.0000
34176,130050.0000
34177,130050.0000
34178,130050.0000
34179,130050.0000
34180,130050.0000
34181,130050.0000
34182,130050.0000
34183,130050.0000
34184,130050.0000
34185,130050.0000
34186,130050.0000
34187,130050.0000
34188,130050.0000
34189,130050.0000
34190,130050.0000
34191,130050.0000
34192,130050.0000
34193,130050.0000
34194,130050.0000
34195,130050.0000
34196,130050.0000
34197,130050.0000
34198,130050.0000
34199,130050.0000
34200,130050.0000
34201,130050.0000
34202,130050.0000
34203,130050.0000
34204,130050.0000
34205,130050.0000
34206,130050.0000
34207,130050.0000
34208,130050.0000
34209,130050.0000
34210,130050.0000
34211,130050.0000
34212,130050.0000
34213,130050.0000
34214,130050.0000
34215,130050.0000
34216,130050.0000
34217,130050.0000
34218,130050.0000
34219,130050.0000
34220,130050.0000
34221,130050.0000
34222,130050.0000
34223,130050.0000
34224,130050.0000
34225,130050.0000
34226,130050.0000
34227,130050.0000
34228,130050.0000
34229,130050.0000
34230,130050.0000
34231,130050.0000
34232,130050.0000
34233,130050.0000
34234,130050.0000
34235,130050.0000
34236,130050.0000
34237,130050.0000
34238,130050.0000
34239,130050.0000
34240,130050.0000
34241,130050.0000
34242,130050.0000
34243,130050.0000
34244,130050.0000
34245,130050.0000
34246,130050.0000
34247,130050.0000
34248,130050.0000
34249,130050.0000
34250,130050.0000
34251,130050.0000
34252,130050.0000
34253,130050.0000
34254,130050.0000
34255,130050.0000
34256,130050.0000
34257,130050.0000
34258,130050.0000
34259,130050.0000
34260,130050.0000
34261,130050.0000
34262,130050.0000
34263,130050.0000
34264,130050.0000
34265,130050.0000
34266,130050.0000
34267,130050.0000
34268,130050.0000
34269,130050.0000
34270,130050.0000
34271,130050.0000
34272,130050.0000
34273,130050.0000
34274,130050.0000
34275,130050.0000
34276,130050.0000
34277,130050.0000
34278,130050.0000
34279,130050.0000
34280,130050.0000
34281,130050.0000
34282,130050.0000
34283,130050.0000
34284,130050.0000
34285,130050.0000
34286,130050.0000
34287,130050.0000
34288,130050.0000
34289,130050.0000
34290,130050.0000
34291,130050.0000
34292,130050.0000
34293,130050.0000
34294,130050.0000
34295,130050.0000
34296,130050.0000
34297,130050.0000
34298,130050.0000
34299,130050.0000
34300,130050.0000
34301,130050.0000
34302,130050.0000
34303,130050.0000
34304,130050.0000
34305,130050.0000
34306,130050.0000
34307,130050.0000
34308,130050.0000
34309,130050.0000
34310,130050.0000
34311,130050.0000
34312,130050.0000
34313,130050.0000
34314,130050.0000
34315,130050.0000
34316,130050.0000
34317,130050.0000
34318,130050.0000
34319,130050.0000
34320,130050.0000
34321,130050.0000
34322,130050.0000
34323,130050.0000
34324,130050.0000
34325,130050.0000
34326,130050.0000
34327,130050.0000
34328,130050.0000
34329,130050.0000
34330,130050.0000
34331,130050.0000
34332,130050.0000
34333,130050.0000
34334,130050.0000
34335,130050.0000
34336,130050.0000
34337,130050.0000
34338,130050.0000
34339,130050.0000
34340,130050.0000
34341,130050.0000
34342,130050.0000
34343,130050.0000
34344,130050.0000
34345,130050.0000
34346,130050.0000
34347,130050.0000
34348,130050.0000
34349,130050.0000
34350,130050.0000
34351,130050.0000
34352,130050.0000
34353,130050.0000
34354,130050.0000
34355,130050.0000
34356,130050.0000
34357,130050.0000
34358,130050.0000
34359,130050.0000
34360,130050.0000
34361,130050.0000
34362,130050.0000
34363,130050.0000
34364,130050.0000
34365,130050.0000
34366,130050.0000
34367,130050.0000
34368,130050.0000
34369,130050.0000
34370,130050.0000
34371,130050.0000
34372,130050.0000
34373,130050.0000
34374,130050.0000
34375,130050.0000
34376,130050.0000
34377,130050.0000
34378,130050.0000
34379,130050.0000
34380,130050.0000
34381,130050.0000
34382,130050.0000
34383,130050.0000
34384,130050.0000
34385,130050.0000
34386,130050.0000
34387,130050.0000
34388,130050.0000
34389,130050.0000
34390,130050.0000
34391,130050.0000
34392,130050.0000
34393,130050.0000
34394,130050.0000
34395,130050.0000
34396,130050.0000
34397,130050.0000
34398,130050.0000
34399,130050.0000
34400,130050.0000
34401,130050.0000
34402,130050.0000
34403,130050.0000
34404,130050.0000
34405,130050.0000
34406,130050.0000
34407,130050.0000
34408,130050.0000
34409,130050.0000
34410,130050.0000
34411,130050.0000
34412,130050.0000
34413,130050.0000
34414,130050.0000
34415,130050.0000
34416,130050.0000
34417,130050.0000
34418,130050.0000
34419,130050.0000
34420,130050.0000
34421,130050.0000
34422,130050.0000
34423,130050.0000
34424,130050.0000
34425,130050.0000
34426,130050.0000
34427,130050.0000
34428,130050.0000
34429,130050.0000
34430,130050.0000
34431,130050.0000
34432,130050.0000
34433,130050.0000
34434,130050.0000
34435,130050.0000
34436,130050.0000
34437,130050.0000
34438,130050.0000
34439,130050.0000
34440,130050.0000
34441,130050.0000
34442,130050.0000
34443,130050.0000
34444,130050.0000
34445,130050.0000
34446,130050.0000
34447,130050.0000
34448,130050.0000
34449,130050.0000
34450,130050.0000
34451,130050.0000
34452,130050.0000
34453,130050.0000
34454,130050.0000
34455,130050.0000
34456,130050.0000
34457,130050.0000
34458,130050.0000
34459,130050.0000
34460,130050.0000
34461,130050.0000
34462,130050.0000
34463,130050.0000
34464,130050.0000
34465,130050.0000
34466,130050.0000
34467,130050.0000
34468,130050.0000
34469,130050.0000
34470,130050.0000
34471,130050.0000
34472,130050.0000
34473,130050.0000
34474,130050.0000
34475,130050.0000
34476,130050.0000
34477,130050.0000
34478,130050.0000
34479,130050.0000
34480,130050.0000
34481,130050.0000
34482,130050.0000
34483,130050.0000
34484,130050.0000
34485,130050.0000
34486,130050.0000
34487,130050.0000
34488,130050.0000
34489,130050.0000
34490,130050.0000
34491,130050.0000
34492,130050.0000
34493,130050.0000
34494,130050.0000
34495,130050.0000
34496,130050.0000
34497,130050.0000
34498,130050.0000
34499,130050.0000
34500,130050.0000
34501,130050.0000
34502,130050.0000
34503,130050.0000
34504,130050.0000
34505,130050.0000
34506,130050.0000
34507,130050.0000
34508,130050.0000
34509,130050.0000
34510,130050.0000
34511,130050.0000
34512,130050.0000
34513,130050.0000
34514,130050.0000
34515,130050.0000
34516,130050.0000
34517,130050.0000
34518,130050.0000
34519,130050.0000
34520,130050.0000
34521,130050.0000
34522,130050.0000
34523,130050.0000
34524,130050.0000
34525,130050.0000
34526,130050.0000
34527,130050.0000
34528,130050.0000
34529,130050.0000
34530,130050.0000
34531,130050.0000
34532,130050.0000
34533,130050.0000
34534,130050.0000
34535,130050.0000
34536,130050.0000
34537,130050.0000
34538,130050.0000
34539,130050.0000
34540,130050.0000
34541,130050.0000
34542,130050.0000
34543,130050.0000
34544,130050.0000
34545,130050.0000
34546,130050.0000
34547,130050.0000
34548,130050.0000
34549,130050.0000
34550,130050.0000
34551,130050.0000
34552,130050.0000
34553,130050.0000
34554,130050.0000
34555,130050.0000
34556,130050.0000
34557,130050.0000
34558,130050.0000
34559,130050.0000
34560,130050.0000
34561,130050.0000
34562,130050.0000
34563,130050.0000
34564,130050.0000
34565,130050.0000
34566,130050.0000
34567,130050.0000
34568,130050.0000
34569,130050.0000
34570,130050.0000
34571,130050.0000
34572,130050.0000
34573,130050.0000
34574,130050.0000
34575,130050.0000
34576,130050.0000
34577,130050.0000
34578,130050.0000
34579,130050.0000
34580,130050.0000
34581,130050.0000
34582,130050.0000
34583,130050.0000
34584,130050.0000
34585,130050.0000
34586,130050.0000
34587,130050.0000
34588,130050.0000
34589,130050.0000
34590,130050.0000
34591,130050.0000
34592,130050.0000
34593,130050.0000
34594,130050.0000
34595,130050.0000
34596,130050.0000
34597,130050.0000
34598,130050.0000
34599,130050.0000
34600,130050.0000
34601,130050.0000
34602,130050.0000
34603,130050.0000
34604,130050.0000
34605,130050.0000
34606,130050.0000
34607,130050.0000
34608,130050.0000
34609,130050.0000
34610,130050.0000
34611,130050.0000
34612,130050.0000
34613,130050.0000
34614,130050.0000
34615,130050.0000
34616,130050.0000
34617,130050.0000
34618,130050.0000
34619,130050.0000
34620,130050.0000
34621,130050.0000
34622,130050.0000
34623,130050.0000
34624,130050.0000
34625,130050.0000
34626,130050.0000
34627,130050.0000
34628,130050.0000
34629,130050.0000
34630,130050.0000
34631,130050.0000
34632,130050.0000
34633,130050.0000
34634,130050.0000
34635,130050.0000
34636,130050.0000
34637,130050.0000
34638,130050.0000
34639,130050.0000
34640,130050.0000
34641,130050.0000
34642,130050.0000
34643,130050.0000
34644,130050.0000
34645,130050.0000
34646,130050.0000
34647,130050.0000
34648,130050.0000
34649,130050.0000
34650,130050.0000
34651,130050.0000
34652,130050.0000
34653,130050.0000
34654,130050.0000
34655,130050.0000
34656,130050.0000
34657,130050.0000
34658,130050.0000
34659,130050.0000
34660,130050.0000
34661,130050.0000
34662,130050.0000
34663,130050.0000
34664,130050.0000
34665,130050.0000
34666,130050.0000
34667,130050.0000
34668,130050.0000
34669,130050.0000
34670,130050.0000
34671,130050.0000
34672,130050.0000
34673,130050.0000
34674,130050.0000
34675,130050.0000
34676,130050.0000
34677,130050.0000
34678,130050.0000
34679,130050.0000
34680,130050.0000
34681,130050.0000
34682,130050.0000
34683,130050.0000
34684,130050.0000
34685,130050.0000
34686,130050.0000
34687,130050.0000
34688,130050.0000
34689,130050.0000
34690,130050.0000
34691,130050.0000
34692,130050.0000
34693,130050.0000
34694,130050.0000
34695,130050.0000
34696,130050.0000
34697,130050.0000
34698,130050.0000
34699,130050.0000
34700,130050.0000
34701,130050.0000
34702,130050.0000
34703,130050.0000
34704,130050.0000
34705,130050.0000
34706,130050.0000
34707,130050.0000
34708,130050.0000
34709,130050.0000
34710,130050.0000
34711,130050.0000
34712,130050.0000
34713,130050.0000
34714,130050.0000
34715,130050.0000
34716,130050.0000
34717,130050.0000
34718,130050.0000
34719,130050.0000
34720,130050.0000
34721,130050.0000
34722,130050.0000
34723,130050.0000
34724,130050.0000
34725,130050.0000
34726,130050.0000
34727,130050.0000
34728,130050.0000
34729,130050.0000
34730,130050.0000
34731,130050.0000
34732,130050.0000
34733,130050.0000
34734,130050.0000
34735,130050.0000
34736,130050.0000
34737,130050.0000
34738,130050.0000
34739,130050.0000
34740,130050.0000
34741,130050.0000
34742,130050.0000
34743,130050.0000
34744,130050.0000
34745,130050.0000
34746,130050.0000
34747,130050.0000
34748,130050.0000
34749,130050.0000
34750,130050.0000
34751,130050.0000
34752,130050.0000
34753,130050.0000
34754,130050.0000
34755,130050.0000
34756,130050.0000
34757,130050.0000
34758,130050.0000
34759,130050.0000
34760,130050.0000
34761,130050.0000
34762,130050.0000
34763,130050.0000
34764,130050.0000
34765,130050.0000
34766,130050.0000
34767,130050.0000
34768,130050.0000
34769,130050.0000
34770,130050.0000
34771,130050.0000
34772,130050.0000
34773,130050.0000
34774,130050.0000
34775,130050.0000
34776,130050.0000
34777,130050.0000
34778,130050.0000
34779,130050.0000
34780,130050.0000
34781,130050.0000
34782,130050.0000
34783,130050.0000
34784,130050.0000
34785,130050.0000
34786,130050.0000
34787,130050.0000
34788,130050.0000
34789,130050.0000
34790,130050.0000
34791,130050.0000
34792,130050.0000
34793,130050.0000
34794,130050.0000
34795,130050.0000
34796,130050.0000
34797,130050.0000
34798,130050.0000
34799,130050.0000
34800,130050.0000
34801,130050.0000
34802,130050.0000
34803,130050.0000
34804,130050.0000
34805,130050.0000
34806,130050.0000
34807,130050.0000
34808,130050.0000
34809,130050.0000
34810,130050.0000
34811,130050.0000
34812,130050.0000
34813,130050.0000
34814,130050.0000
34815,130050.0000
34816,130050.0000
34817,130050.0000
34818,130050.0000
34819,130050.0000
34820,130050.0000
34821,130050.0000
34822,130050.0000
34823,130050.0000
34824,130050.0000
34825,130050.0000
34826,130050.0000
34827,130050.0000
34828,130050.0000
34829,130050.0000
34830,130050.0000
34831,130050.0000
34832,130050.0000
34833,130050.0000
34834,130050.0000
34835,130050.0000
34836,130050.0000
34837,130050.0000
34838,130050.0000
34839,130050.0000
34840,130050.0000
34841,130050.0000
34842,130050.0000
34843,130050.0000
34844,130050.0000
34845,130050.0000
34846,130050.0000
34847,130050.0000
34848,130050.0000
34849,130050.0000
34850,130050.0000
34851,130050.0000
34852,130050.0000
34853,130050.0000
34854,130050.0000
34855,130050.0000
34856,130050.0000
34857,130050.0000
34858,130050.0000
34859,130050.0000
34860,130050.0000
34861,130050.0000
34862,130050.0000
34863,130050.0000
34864,130050.0000
34865,130050.0000
34866,130050.0000
34867,130050.0000
34868,130050.0000
34869,130050.0000
34870,130050.0000
34871,130050.0000
34872,130050.0000
34873,130050.0000
34874,130050.0000
34875,130050.0000
34876,130050.0000
34877,130050.0000
34878,130050.0000
34879,130050.0000
34880,130050.0000
34881,130050.0000
34882,130050.0000
34883,130050.0000
34884,130050.0000
34885,130050.0000
34886,130050.0000
34887,130050.0000
34888,130050.0000
34889,130050.0000
34890,130050.0000
34891,130050.0000
34892,130050.0000
34893,130050.0000
34894,130050.0000
34895,130050.0000
34896,130050.0000
34897,130050.0000
34898,130050.0000
34899,130050.0000
34900,130050.0000
34901,130050.0000
34902,130050.0000
34903,130050.0000
34904,130050.0000
34905,130050.0000
34906,130050.0000
34907,130050.0000
34908,130050.0000
34909,130050.0000
34910,130050.0000
34911,130050.0000
34912,130050.0000
34913,130050.0000
34914,130050.0000
34915,130050.0000
34916,130050.0000
34917,130050.0000
34918,130050.0000
34919,130050.0000
34920,130050.0000
34921,130050.0000
34922,130050.0000
34923,130050.0000
34924,130050.0000
34925,130050.0000
34926,130050.0000
34927,130050.0000
34928,130050.0000
34929,130050.0000
34930,130050.0000
34931,130050.0000
34932,130050.0000
34933,130050.0000
34934,130050.0000
34935,130050.0000
34936,130050.0000
34937,130050.0000
34938,130050.0000
34939,130050.0000
34940,130050.0000
34941,130050.0000
34942,130050.0000
34943,130050.0000
34944,130050.0000
34945,130050.0000
34946,130050.0000
34947,130050.0000
34948,130050.0000
34949,130050.0000
34950,130050.0000
34951,130050.0000
34952,130050.0000
34953,130050.0000
34954,130050.0000
34955,130050.0000
34956,130050.0000
34957,130050.0000
34958,130050.0000
34959,130050.0000
34960,130050.0000
34961,130050.0000
34962,130050.0000
34963,130050.0000
34964,130050.0000
34965,130050.0000
34966,130050.0000
34967,130050.0000
34968,130050.0000
34969,130050.0000
34970,130050.0000
34971,130050.0000
34972,130050.0000
34973,130050.0000
34974,130050.0000
34975,130050.0000
34976,130050.0000
34977,130050.0000
34978,130050.0000
34979,130050.0000
34980,130050.0000
34981,130050.0000
34982,130050.0000
34983,130050.0000
34984,130050.0000
34985,130050.0000
34986,130050.0000
34987,130050.0000
34988,130050.0000
34989,130050.0000
34990,130050.0000
34991,130050.0000
34992,130050.0000
34993,130050.0000
34994,130050.0000
34995,130050.0000
34996,130050.0000
34997,130050.0000
34998,130050.0000
34999,130050.0000
35000,130050.0000
35001,130050.0000
35002,130050.0000
35003,130050.0000
35004,130050.0000
35005,130050.0000
35006,130050.0000
35007,130050.0000
35008,130050.0000
35009,130050.0000
35010,130050.0000
35011,130050.0000
35012,130050.0000
35013,130050.0000
35014,130050.0000
35015,130050.0000
35016,130050.0000
35017,130050.0000
35018,130050.0000
35019,130050.0000
35020,130050.0000
35021,130050.0000
35022,130050.0000
35023,130050.0000
35024,130050.0000
35025,130050.0000
35026,130050.0000
35027,130050.0000
35028,130050.0000
35029,130050.0000
35030,130050.0000
35031,130050.0000
35032,130050.0000
35033,130050.0000
35034,130050.0000
35035,130050.0000
35036,130050.0000
35037,130050.0000
35038,130050.0000
35039,130050.0000
35040,130050.0000
35041,130050.0000
35042,130050.0000
35043,130050.0000
35044,130050.0000
35045,130050.0000
35046,130050.0000
35047,130050.0000
35048,130050.0000
35049,130050.0000
35050,130050.0000
35051,130050.0000
35052,130050.0000
35053,130050.0000
35054,130050.0000
35055,130050.0000
35056,130050.0000
35057,130050.0000
35058,130050.0000
35059,130050.0000
35060,130050.0000
35061,130050.0000
35062,130050.0000
35063,130050.0000
35064,130050.0000
35065,130050.0000
35066,130050.0000
35067,130050.0000
35068,130050.0000
35069,130050.0000
35070,130050.0000
35071,130050.0000
35072,130050.0000
35073,130050.0000
35074,130050.0000
35075,130050.0000
35076,130050.0000
35077,130050.0000
35078,130050.0000
35079,130050.0000
35080,130050.0000
35081,130050.0000
35082,130050.0000
35083,130050.0000
35084,130050.0000
35085,130050.0000
35086,130050.0000
35087,130050.0000
35088,130050.0000
35089,130050.0000
35090,130050.0000
35091,130050.0000
35092,130050.0000
35093,130050.0000
35094,130050.0000
35095,130050.0000
35096,130050.0000
35097,130050.0000
35098,130050.0000
35099,130050.0000
35100,130050.0000
35101,130050.0000
35102,130050.0000
35103,130050.0000
35104,130050.0000
35105,130050.0000
35106,130050.0000
35107,130050.0000
35108,130050.0000
35109,130050.0000
35110,130050.0000
35111,130050.0000
35112,130050.0000
35113,130050.0000
35114,130050.0000
35115,130050.0000
35116,130050.0000
35117,130050.0000
35118,130050.0000
35119,130050.0000
35120,130050.0000
35121,130050.0000
35122,130050.0000
35123,130050.0000
35124,130050.0000
35125,130050.0000
35126,130050.0000
35127,130050.0000
35128,130050.0000
35129,130050.0000
35130,130050.0000
35131,130050.0000
35132,130050.0000
35133,130050.0000
35134,130050.0000
35135,130050.0000
35136,130050.0000
35137,130050.0000
35138,130050.0000
35139,130050.0000
35140,130050.0000
35141,130050.0000
35142,130050.0000
35143,130050.0000
35144,130050.0000
35145,130050.0000
35146,130050.0000
35147,130050.0000
35148,130050.0000
35149,130050.0000
35150,130050.0000
35151,130050.0000
35152,130050.0000
35153,130050.0000
35154,130050.0000
35155,130050.0000
35156,130050.0000
35157,130050.0000
35158,130050.0000
35159,130050.0000
35160,130050.0000
35161,130050.0000
35162,130050.0000
35163,130050.0000
35164,130050.0000
35165,130050.0000
35166,130050.0000
35167,130050.0000
35168,130050.0000
35169,130050.0000
35170,130050.0000
35171,130050.0000
35172,130050.0000
35173,130050.0000
35174,130050.0000
35175,130050.0000
35176,130050.0000
35177,130050.0000
35178,130050.0000
35179,130050.0000
35180,130050.0000
35181,130050.0000
35182,130050.0000
35183,130050.0000
35184,130050.0000
35185,130050.0000
35186,130050.0000
35187,130050.0000
35188,130050.0000
35189,130050.0000
35190,130050.0000
35191,130050.0000
35192,130050.0000
35193,130050.0000
35194,130050.0000
35195,130050.0000
35196,130050.0000
35197,130050.0000
35198,130050.0000
35199,130050.0000
35200,130050.0000
35201,130050.0000
35202,130050.0000
35203,130050.0000
35204,130050.0000
35205,130050.0000
35206,130050.0000
35207,130050.0000
35208,130050.0000
35209,130050.0000
35210,130050.0000
35211,130050.0000
35212,130050.0000
35213,130050.0000
35214,130050.0000
35215,130050.0000
35216,130050.0000
35217,130050.0000
35218,130050.0000
35219,130050.0000
35220,130050.0000
35221,130050.0000
35222,130050.0000
35223,130050.0000
35224,130050.0000
35225,130050.0000
35226,130050.0000
35227,130050.0000
35228,130050.0000
35229,130050.0000
35230,130050.0000
35231,130050.0000
35232,130050.0000
35233,130050.0000
35234,130050.0000
35235,130050.0000
35236,130050.0000
35237,130050.0000
35238,130050.0000
35239,130050.0000
35240,130050.0000
35241,130050.0000
35242,130050.0000
35243,130050.0000
35244,130050.0000
35245,130050.0000
35246,130050.0000
35247,130050.0000
35248,130050.0000
35249,130050.0000
35250,130050.0000
35251,130050.0000
35252,130050.0000
35253,130050.0000
35254,130050.0000
35255,130050.0000
35256,130050.0000
35257,130050.0000
35258,130050.0000
35259,130050.0000
35260,130050.0000
35261,130050.0000
35262,130050.0000
35263,130050.0000
35264,130050.0000
35265,130050.0000
35266,130050.0000
35267,130050.0000
35268,130050.0000
35269,130050.0000
35270,130050.0000
35271,130050.0000
35272,130050.0000
35273,130050.0000
35274,130050.0000
35275,130050.0000
35276,130050.0000
35277,130050.0000
35278,130050.0000
35279,130050.0000
35280,130050.0000
35281,130050.0000
35282,130050.0000
35283,130050.0000
35284,130050.0000
35285,130050.0000
35286,130050.0000
35287,130050.0000
35288,130050.0000
35289,130050.0000
35290,130050.0000
35291,130050.0000
35292,130050.0000
35293,130050.0000
35294,130050.0000
35295,130050.0000
35296,130050.0000
35297,130050.0000
35298,130050.0000
35299,130050.0000
35300,130050.0000
35301,130050.0000
35302,130050.0000
35303,130050.0000
35304,130050.0000
35305,130050.0000
35306,130050.0000
35307,130050.0000
35308,130050.0000
35309,130050.0000
35310,130050.0000
35311,130050.0000
35312,130050.0000
35313,130050.0000
35314,130050.0000
35315,130050.0000
35316,130050.0000
35317,130050.0000
35318,130050.0000
35319,130050.0000
35320,130050.0000
35321,130050.0000
35322,130050.0000
35323,130050.0000
35324,130050.0000
35325,130050.0000
35326,130050.0000
35327,130050.0000
35328,130050.0000
35329,130050.0000
35330,130050.0000
35331,130050.0000
35332,130050.0000
35333,130050.0000
35334,130050.0000
35335,130050.0000
35336,130050.0000
35337,130050.0000
35338,130050.0000
35339,130050.0000
35340,130050.0000
35341,130050.0000
35342,130050.0000
35343,130050.0000
35344,130050.0000
35345,130050.0000
35346,130050.0000
35347,130050.0000
35348,130050.0000
35349,130050.0000
35350,130050.0000
35351,130050.0000
35352,130050.0000
35353,130050.0000
35354,130050.0000
35355,130050.0000
35356,130050.0000
35357,130050.0000
35358,130050.0000
35359,130050.0000
35360,130050.0000
35361,130050.0000
35362,130050.0000
35363,130050.0000
35364,130050.0000
35365,130050.0000
35366,130050.0000
35367,130050.0000
35368,130050.0000
35369,130050.0000
35370,130050.0000
35371,130050.0000
35372,130050.0000
35373,130050.0000
35374,130050.0000
35375,130050.0000
35376,130050.0000
35377,130050.0000
35378,130050.0000
35379,130050.0000
35380,130050.0000
35381,130050.0000
35382,130050.0000
35383,130050.0000
35384,130050.0000
35385,130050.0000
35386,130050.0000
35387,130050.0000
35388,130050.0000
35389,130050.0000
35390,130050.0000
35391,130050.0000
35392,130050.0000
35393,130050.0000
35394,130050.0000
35395,130050.0000
35396,130050.0000
35397,130050.0000
35398,130050.0000
35399,130050.0000
35400,130050.0000
35401,130050.0000
35402,130050.0000
35403,130050.0000
35404,130050.0000
35405,130050.0000
35406,130050.0000
35407,130050.0000
35408,130050.0000
35409,130050.0000
35410,130050.0000
35411,130050.0000
35412,130050.0000
35413,130050.0000
35414,130050.0000
35415,130050.0000
35416,130050.0000
35417,130050.0000
35418,130050.0000
35419,130050.0000
35420,130050.0000
35421,130050.0000
35422,130050.0000
35423,130050.0000
35424,130050.0000
35425,130050.0000
35426,130050.0000
35427,130050.0000
35428,130050.0000
35429,130050.0000
35430,130050.0000
35431,130050.0000
35432,130050.0000
35433,130050.0000
35434,130050.0000
35435,130050.0000
35436,130050.0000
35437,130050.0000
35438,130050.0000
35439,130050.0000
35440,130050.0000
35441,130050.0000
35442,130050.0000
35443,130050.0000
35444,130050.0000
35445,130050.0000
35446,130050.0000
35447,130050.0000
35448,130050.0000
35449,130050.0000
35450,130050.0000
35451,130050.0000
35452,130050.0000
35453,130050.0000
35454,130050.0000
35455,130050.0000
35456,130050.0000
35457,130050.0000
35458,130050.0000
35459,130050.0000
35460,130050.0000
35461,130050.0000
35462,130050.0000
35463,130050.0000
35464,130050.0000
35465,130050.0000
35466,130050.0000
35467,130050.0000
35468,130050.0000
35469,130050.0000
35470,130050.0000
35471,130050.0000
35472,130050.0000
35473,130050.0000
35474,130050.0000
35475,130050.0000
35476,130050.0000
35477,130050.0000
35478,130050.0000
35479,130050.0000
35480,130050.0000
35481,130050.0000
35482,130050.0000
35483,130050.0000
35484,130050.0000
35485,130050.0000
35486,130050.0000
35487,130050.0000
35488,130050.0000
35489,130050.0000
35490,130050.0000
35491,130050.0000
35492,130050.0000
35493,130050.0000
35494,130050.0000
35495,130050.0000
35496,130050.0000
35497,130050.0000
35498,130050.0000
35499,130050.0000
35500,130050.0000
35501,130050.0000
35502,130050.0000
35503,130050.0000
35504,130050.0000
35505,130050.0000
35506,130050.0000
35507,130050.0000
35508,130050.0000
35509,130050.0000
35510,130050.0000
35511,130050.0000
35512,130050.0000
35513,130050.0000
35514,130050.0000
35515,130050.0000
35516,130050.0000
35517,130050.0000
35518,130050.0000
35519,130050.0000
35520,130050.0000
35521,130050.0000
35522,130050.0000
35523,130050.0000
35524,130050.0000
35525,130050.0000
35526,130050.0000
35527,130050.0000
35528,130050.0000
35529,130050.0000
35530,130050.0000
35531,130050.0000
35532,130050.0000
35533,130050.0000
35534,130050.0000
35535,130050.0000
35536,130050.0000
35537,130050.0000
35538,130050.0000
35539,130050.0000
35540,130050.0000
35541,130050.0000
35542,130050.0000
35543,130050.0000
35544,130050.0000
35545,130050.0000
35546,130050.0000
35547,130050.0000
35548,130050.0000
35549,130050.0000
35550,130050.0000
35551,130050.0000
35552,130050.0000
35553,130050.0000
35554,130050.0000
35555,130050.0000
35556,130050.0000
35557,130050.0000
35558,130050.0000
35559,130050.0000
35560,130050.0000
35561,130050.0000
35562,130050.0000
35563,130050.0000
35564,130050.0000
35565,130050.0000
35566,130050.0000
35567,130050.0000
35568,130050.0000
35569,130050.0000
35570,130050.0000
35571,130050.0000
35572,130050.0000
35573,130050.0000
35574,130050.0000
35575,130050.0000
35576,130050.0000
35577,130050.0000
35578,130050.0000
35579,130050.0000
35580,130050.0000
35581,130050.0000
35582,130050.0000
35583,130050.0000
35584,130050.0000
35585,130050.0000
35586,130050.0000
35587,130050.0000
35588,130050.0000
35589,130050.0000
35590,130050.0000
35591,130050.0000
35592,130050.0000
35593,130050.0000
35594,130050.0000
35595,130050.0000
35596,130050.0000
35597,130050.0000
35598,130050.0000
35599,130050.0000
35600,130050.0000
35601,130050.0000
35602,130050.0000
35603,130050.0000
35604,130050.0000
35605,130050.0000
35606,130050.0000
35607,130050.0000
35608,130050.0000
35609,130050.0000
35610,130050.0000
35611,130050.0000
35612,130050.0000
35613,130050.0000
35614,130050.0000
35615,130050.0000
35616,130050.0000
35617,130050.0000
35618,130050.0000
35619,130050.0000
35620,130050.0000
35621,130050.0000
35622,130050.0000
35623,130050.0000
35624,130050.0000
35625,130050.0000
35626,130050.0000
35627,130050.0000
35628,130050.0000
35629,130050.0000
35630,130050.0000
35631,130050.0000
35632,130050.0000
35633,130050.0000
35634,130050.0000
35635,130050.0000
35636,130050.0000
35637,130050.0000
35638,130050.0000
35639,130050.0000
35640,130050.0000
35641,130050.0000
35642,130050.0000
35643,130050.0000
35644,130050.0000
35645,130050.0000
35646,130050.0000
35647,130050.0000
35648,130050.0000
35649,130050.0000
35650,130050.0000
35651,130050.0000
35652,130050.0000
35653,130050.0000
35654,130050.0000
35655,130050.0000
35656,130050.0000
35657,130050.0000
35658,130050.0000
35659,130050.0000
35660,130050.0000
35661,130050.0000
35662,130050.0000
35663,130050.0000
35664,130050.0000
35665,130050.0000
35666,130050.0000
35667,130050.0000
35668,130050.0000
35669,130050.0000
35670,130050.0000
35671,130050.0000
35672,130050.0000
35673,130050.0000
35674,130050.0000
35675,130050.0000
35676,130050.0000
35677,130050.0000
35678,130050.0000
35679,130050.0000
35680,130050.0000
35681,130050.0000
35682,130050.0000
35683,130050.0000
35684,130050.0000
35685,130050.0000
35686,130050.0000
35687,130050.0000
35688,130050.0000
35689,130050.0000
35690,130050.0000
35691,130050.0000
35692,130050.0000
35693,130050.0000
35694,130050.0000
35695,130050.0000
35696,130050.0000
35697,130050.0000
35698,130050.0000
35699,130050.0000
35700,130050.0000
35701,130050.0000
35702,130050.0000
35703,130050.0000
35704,130050.0000
35705,130050.0000
35706,130050.0000
35707,130050.0000
35708,130050.0000
35709,130050.0000
35710,130050.0000
35711,130050.0000
35712,130050.0000
35713,130050.0000
35714,130050.0000
35715,130050.0000
35716,130050.0000
35717,130050.0000
35718,130050.0000
35719,130050.0000
35720,130050.0000
35721,130050.0000
35722,130050.0000
35723,130050.0000
35724,130050.0000
35725,130050.0000
35726,130050.0000
35727,130050.0000
35728,130050.0000
35729,130050.0000
35730,130050.0000
35731,130050.0000
35732,130050.0000
35733,130050.0000
35734,130050.0000
35735,130050.0000
35736,130050.0000
35737,130050.0000
35738,130050.0000
35739,130050.0000
35740,130050.0000
35741,130050.0000
35742,130050.0000
35743,130050.0000
35744,130050.0000
35745,130050.0000
35746,130050.0000
35747,130050.0000
35748,130050.0000
35749,130050.0000
35750,130050.0000
35751,130050.0000
35752,130050.0000
35753,130050.0000
35754,130050.0000
35755,130050.0000
35756,130050.0000
35757,130050.0000
35758,130050.0000
35759,130050.0000
35760,130050.0000
35761,130050.0000
35762,130050.0000
35763,130050.0000
35764,130050.0000
35765,130050.0000
35766,130050.0000
35767,130050.0000
35768,130050.0000
35769,130050.0000
35770,130050.0000
35771,130050.0000
35772,130050.0000
35773,130050.0000
35774,130050.0000
35775,130050.0000
35776,130050.0000
35777,130050.0000
35778,130050.0000
35779,130050.0000
35780,130050.0000
35781,130050.0000
35782,130050.0000
35783,130050.0000
35784,130050.0000
35785,130050.0000
35786,130050.0000
35787,130050.0000
35788,130050.0000
35789,130050.0000
35790,130050.0000
35791,130050.0000
35792,130050.0000
35793,130050.0000
35794,130050.0000
35795,130050.0000
35796,130050.0000
35797,130050.0000
35798,130050.0000
35799,130050.0000
35800,130050.0000
35801,130050.0000
35802,130050.0000
35803,130050.0000
35804,130050.0000
35805,130050.0000
35806,130050.0000
35807,130050.0000
35808,130050.0000
35809,130050.0000
35810,130050.0000
35811,130050.0000
35812,130050.0000
35813,130050.0000
35814,130050.0000
35815,130050.0000
35816,130050.0000
35817,130050.0000
35818,130050.0000
35819,130050.0000
35820,130050.0000
35821,130050.0000
35822,130050.0000
35823,130050.0000
35824,130050.0000
35825,130050.0000
35826,130050.0000
35827,130050.0000
35828,130050.0000
35829,130050.0000
35830,130050.0000
35831,130050.0000
35832,130050.0000
35833,130050.0000
35834,130050.0000
35835,130050.0000
35836,130050.0000
35837,130050.0000
35838,130050.0000
35839,130050.0000
35840,130050.0000
35841,130050.0000
35842,130050.0000
35843,130050.0000
35844,130050.0000
35845,130050.0000
35846,130050.0000
35847,130050.0000
35848,130050.0000
35849,130050.0000
35850,130050.0000
35851,130050.0000
35852,130050.0000
35853,130050.0000
35854,130050.0000
35855,130050.0000
35856,130050.0000
35857,130050.0000
35858,130050.0000
35859,130050.0000
35860,130050.0000
35861,130050.0000
35862,130050.0000
35863,130050.0000
35864,130050.0000
35865,130050.0000
35866,130050.0000
35867,130050.0000
35868,130050.0000
35869,130050.0000
35870,130050.0000
35871,130050.0000
35872,130050.0000
35873,130050.0000
35874,130050.0000
35875,130050.0000
35876,130050.0000
35877,130050.0000
35878,130050.0000
35879,130050.0000
35880,130050.0000
35881,130050.0000
35882,130050.0000
35883,130050.0000
35884,130050.0000
35885,130050.0000
35886,130050.0000
35887,130050.0000
35888,130050.0000
35889,130050.0000
35890,130050.0000
35891,130050.0000
35892,130050.0000
35893,130050.0000
35894,130050.0000
35895,130050.0000
35896,130050.0000
35897,130050.0000
35898,130050.0000
35899,130050.0000
35900,130050.0000
35901,130050.0000
35902,130050.0000
35903,130050.0000
35904,130050.0000
35905,130050.0000
35906,130050.0000
35907,130050.0000
35908,130050.0000
35909,130050.0000
35910,130050.0000
35911,130050.0000
35912,130050.0000
35913,130050.0000
35914,130050.0000
35915,130050.0000
35916,130050.0000
35917,130050.0000
35918,130050.0000
35919,130050.0000
35920,130050.0000
35921,130050.0000
35922,130050.0000
35923,130050.0000
35924,130050.0000
35925,130050.0000
35926,130050.0000
35927,130050.0000
35928,130050.0000
35929,130050.0000
35930,130050.0000
35931,130050.0000
35932,130050.0000
35933,130050.0000
35934,130050.0000
35935,130050.0000
35936,130050.0000
35937,130050.0000
35938,130050.0000
35939,130050.0000
35940,130050.0000
35941,130050.0000
35942,130050.0000
35943,130050.0000
35944,130050.0000
35945,130050.0000
35946,130050.0000
35947,130050.0000
35948,130050.0000
35949,130050.0000
35950,130050.0000
35951,130050.0000
35952,130050.0000
35953,130050.0000
35954,130050.0000
35955,130050.0000
35956,130050.0000
35957,130050.0000
35958,130050.0000
35959,130050.0000
35960,130050.0000
35961,130050.0000
35962,130050.0000
35963,130050.0000
35964,130050.0000
35965,130050.0000
35966,130050.0000
35967,130050.0000
35968,130050.0000
35969,130050.0000
35970,130050.0000
35971,130050.0000
35972,130050.0000
35973,130050.0000
35974,130050.0000
35975,130050.0000
35976,130050.0000
35977,130050.0000
35978,130050.0000
35979,130050.0000
35980,130050.0000
35981,130050.0000
35982,130050.0000
35983,130050.0000
35984,130050.0000
35985,130050.0000
35986,130050.0000
35987,130050.0000
35988,130050.0000
35989,130050.0000
35990,130050.0000
35991,130050.0000
35992,130050.0000
35993,130050.0000
35994,130050.0000
35995,130050.0000
35996,130050.0000
35997,130050.0000
35998,130050.0000
35999,130050.0000
36000,130050.0000
36001,130050.0000
36002,130050.0000
36003,130050.0000
36004,130050.0000
36005,130050.0000
36006,130050.0000
36007,130050.0000
36008,130050.0000
36009,130050.0000
36010,130050.0000
36011,130050.0000
36012,130050.0000
36013,130050.0000
36014,130050.0000
36015,130050.0000
36016,130050.0000
36017,130050.0000
36018,130050.0000
36019,130050.0000
36020,130050.0000
36021,130050.0000
36022,130050.0000
36023,130050.0000
36024,130050.0000
36025,130050.0000
36026,130050.0000
36027,130050.0000
36028,130050.0000
36029,130050.0000
36030,130050.0000
36031,130050.0000
36032,130050.0000
36033,130050.0000
36034,130050.0000
36035,130050.0000
36036,130050.0000
36037,130050.0000
36038,130050.0000
36039,130050.0000
36040,130050.0000
36041,130050.0000
36042,130050.0000
36043,130050.0000
36044,130050.0000
36045,130050.0000
36046,130050.0000
36047,130050.0000
36048,130050.0000
36049,130050.0000
36050,130050.0000
36051,130050.0000
36052,130050.0000
36053,130050.0000
36054,130050.0000
36055,130050.0000
36056,130050.0000
36057,130050.0000
36058,130050.0000
36059,130050.0000
36060,130050.0000
36061,130050.0000
36062,130050.0000
36063,130050.0000
36064,130050.0000
36065,130050.0000
36066,130050.0000
36067,130050.0000
36068,130050.0000
36069,130050.0000
36070,130050.0000
36071,130050.0000
36072,130050.0000
36073,130050.0000
36074,130050.0000
36075,130050.0000
36076,130050.0000
36077,130050.0000
36078,130050.0000
36079,130050.0000
36080,130050.0000
36081,130050.0000
36082,130050.0000
36083,130050.0000
36084,130050.0000
36085,130050.0000
36086,130050.0000
36087,130050.0000
36088,130050.0000
36089,130050.0000
36090,130050.0000
36091,130050.0000
36092,130050.0000
36093,130050.0000
36094,130050.0000
36095,130050.0000
36096,130050.0000
36097,130050.0000
36098,130050.0000
36099,130050.0000
36100,130050.0000
36101,130050.0000
36102,130050.0000
36103,130050.0000
36104,130050.0000
36105,130050.0000
36106,130050.0000
36107,130050.0000
36108,130050.0000
36109,130050.0000
36110,130050.0000
36111,130050.0000
36112,130050.0000
36113,130050.0000
36114,130050.0000
36115,130050.0000
36116,130050.0000
36117,130050.0000
36118,130050.0000
36119,130050.0000
36120,130050.0000
36121,130050.0000
36122,130050.0000
36123,130050.0000
36124,130050.0000
36125,130050.0000
36126,130050.0000
36127,130050.0000
36128,130050.0000
36129,130050.0000
36130,130050.0000
36131,130050.0000
36132,130050.0000
36133,130050.0000
36134,130050.0000
36135,130050.0000
36136,130050.0000
36137,130050.0000
36138,130050.0000
36139,130050.0000
36140,130050.0000
36141,130050.0000
36142,130050.0000
36143,130050.0000
36144,130050.0000
36145,130050.0000
36146,130050.0000
36147,130050.0000
36148,130050.0000
36149,130050.0000
36150,130050.0000
36151,130050.0000
36152,130050.0000
36153,130050.0000
36154,130050.0000
36155,130050.0000
36156,130050.0000
36157,130050.0000
36158,130050.0000
36159,130050.0000
36160,130050.0000
36161,130050.0000
36162,130050.0000
36163,130050.0000
36164,130050.0000
36165,130050.0000
36166,130050.0000
36167,130050.0000
36168,130050.0000
36169,130050.0000
36170,130050.0000
36171,130050.0000
36172,130050.0000
36173,130050.0000
36174,130050.0000
36175,130050.0000
36176,130050.0000
36177,130050.0000
36178,130050.0000
36179,130050.0000
36180,130050.0000
36181,130050.0000
36182,130050.0000
36183,130050.0000
36184,130050.0000
36185,130050.0000
36186,130050.0000
36187,130050.0000
36188,130050.0000
36189,130050.0000
36190,130050.0000
36191,130050.0000
36192,130050.0000
36193,130050.0000
36194,130050.0000
36195,130050.0000
36196,130050.0000
36197,130050.0000
36198,130050.0000
36199,130050.0000
36200,130050.0000
36201,130050.0000
36202,130050.0000
36203,130050.0000
36204,130050.0000
36205,130050.0000
36206,130050.0000
36207,130050.0000
36208,130050.0000
36209,130050.0000
36210,130050.0000
36211,130050.0000
36212,130050.0000
36213,130050.0000
36214,130050.0000
36215,130050.0000
36216,130050.0000
36217,130050.0000
36218,130050.0000
36219,130050.0000
36220,130050.0000
36221,130050.0000
36222,130050.0000
36223,130050.0000
36224,130050.0000
36225,130050.0000
36226,130050.0000
36227,130050.0000
36228,130050.0000
36229,130050.0000
36230,130050.0000
36231,130050.0000
36232,130050.0000
36233,130050.0000
36234,130050.0000
36235,130050.0000
36236,130050.0000
36237,130050.0000
36238,130050.0000
36239,130050.0000
36240,130050.0000
36241,130050.0000
36242,130050.0000
36243,130050.0000
36244,130050.0000
36245,130050.0000
36246,130050.0000
36247,130050.0000
36248,130050.0000
36249,130050.0000
36250,130050.0000
36251,130050.0000
36252,130050.0000
36253,130050.0000
36254,130050.0000
36255,130050.0000
36256,130050.0000
36257,130050.0000
36258,130050.0000
36259,130050.0000
36260,130050.0000
36261,130050.0000
36262,130050.0000
36263,130050.0000
36264,130050.0000
36265,130050.0000
36266,130050.0000
36267,130050.0000
36268,130050.0000
36269,130050.0000
36270,130050.0000
36271,130050.0000
36272,130050.0000
36273,130050.0000
36274,130050.0000
36275,130050.0000
36276,130050.0000
36277,130050.0000
36278,130050.0000
36279,130050.0000
36280,130050.0000
36281,130050.0000
36282,130050.0000
36283,130050.0000
36284,130050.0000
36285,130050.0000
36286,130050.0000
36287,130050.0000
36288,130050.0000
36289,130050.0000
36290,130050.0000
36291,130050.0000
36292,130050.0000
36293,130050.0000
36294,130050.0000
36295,130050.0000
36296,130050.0000
36297,130050.0000
36298,130050.0000
36299,130050.0000
36300,130050.0000
36301,130050.0000
36302,130050.0000
36303,130050.0000
36304,130050.0000
36305,130050.0000
36306,130050.0000
36307,130050.0000
36308,130050.0000
36309,130050.0000
36310,130050.0000
36311,130050.0000
36312,130050.0000
36313,130050.0000
36314,130050.0000
36315,130050.0000
36316,130050.0000
36317,130050.0000
36318,130050.0000
36319,130050.0000
36320,130050.0000
36321,130050.0000
36322,130050.0000
36323,130050.0000
36324,130050.0000
36325,130050.0000
36326,130050.0000
36327,130050.0000
36328,130050.0000
36329,130050.0000
36330,130050.0000
36331,130050.0000
36332,130050.0000
36333,130050.0000
36334,130050.0000
36335,130050.0000
36336,130050.0000
36337,130050.0000
36338,130050.0000
36339,130050.0000
36340,130050.0000
36341,130050.0000
36342,130050.0000
36343,130050.0000
36344,130050.0000
36345,130050.0000
36346,130050.0000
36347,130050.0000
36348,130050.0000
36349,130050.0000
36350,130050.0000
36351,130050.0000
36352,130050.0000
36353,130050.0000
36354,130050.0000
36355,130050.0000
36356,130050.0000
36357,130050.0000
36358,130050.0000
36359,130050.0000
36360,130050.0000
36361,130050.0000
36362,130050.0000
36363,130050.0000
36364,130050.0000
36365,130050.0000
36366,130050.0000
36367,130050.0000
36368,130050.0000
36369,130050.0000
36370,130050.0000
36371,130050.0000
36372,130050.0000
36373,130050.0000
36374,130050.0000
36375,130050.0000
36376,130050.0000
36377,130050.0000
36378,130050.0000
36379,130050.0000
36380,130050.0000
36381,130050.0000
36382,130050.0000
36383,130050.0000
36384,130050.0000
36385,130050.0000
36386,130050.0000
36387,130050.0000
36388,130050.0000
36389,130050.0000
36390,130050.0000
36391,130050.0000
36392,130050.0000
36393,130050.0000
36394,130050.0000
36395,130050.0000
36396,130050.0000
36397,130050.0000
36398,130050.0000
36399,130050.0000
36400,130050.0000
36401,130050.0000
36402,130050.0000
36403,130050.0000
36404,130050.0000
36405,130050.0000
36406,130050.0000
36407,130050.0000
36408,130050.0000
36409,130050.0000
36410,130050.0000
36411,130050.0000
36412,130050.0000
36413,130050.0000
36414,130050.0000
36415,130050.0000
36416,130050.0000
36417,130050.0000
36418,130050.0000
36419,130050.0000
36420,130050.0000
36421,130050.0000
36422,130050.0000
36423,130050.0000
36424,130050.0000
36425,130050.0000
36426,130050.0000
36427,130050.0000
36428,130050.0000
36429,130050.0000
36430,130050.0000
36431,130050.0000
36432,130050.0000
36433,130050.0000
36434,130050.0000
36435,130050.0000
36436,130050.0000
36437,130050.0000
36438,130050.0000
36439,130050.0000
36440,130050.0000
36441,130050.0000
36442,130050.0000
36443,130050.0000
36444,130050.0000
36445,130050.0000
36446,130050.0000
36447,130050.0000
36448,130050.0000
36449,130050.0000
36450,130050.0000
36451,130050.0000
36452,130050.0000
36453,130050.0000
36454,130050.0000
36455,130050.0000
36456,130050.0000
36457,130050.0000
36458,130050.0000
36459,130050.0000
36460,130050.0000
36461,130050.0000
36462,130050.0000
36463,130050.0000
36464,130050.0000
36465,130050.0000
36466,130050.0000
36467,130050.0000
36468,130050.0000
36469,130050.0000
36470,130050.0000
36471,130050.0000
36472,130050.0000
36473,130050.0000
36474,130050.0000
36475,130050.0000
36476,130050.0000
36477,130050.0000
36478,130050.0000
36479,130050.0000
36480,130050.0000
36481,130050.0000
36482,130050.0000
36483,130050.0000
36484,130050.0000
36485,130050.0000
36486,130050.0000
36487,130050.0000
36488,130050.0000
36489,130050.0000
36490,130050.0000
36491,130050.0000
36492,130050.0000
36493,130050.0000
36494,130050.0000
36495,130050.0000
36496,130050.0000
36497,130050.0000
36498,130050.0000
36499,130050.0000
36500,130050.0000
36501,130050.0000
36502,130050.0000
36503,130050.0000
36504,130050.0000
36505,130050.0000
36506,130050.0000
36507,130050.0000
36508,130050.0000
36509,130050.0000
36510,130050.0000
36511,130050.0000
36512,130050.0000
36513,130050.0000
36514,130050.0000
36515,130050.0000
36516,130050.0000
36517,130050.0000
36518,130050.0000
36519,130050.0000
36520,130050.0000
36521,130050.0000
36522,130050.0000
36523,130050.0000
36524,130050.0000
36525,130050.0000
36526,130050.0000
36527,130050.0000
36528,130050.0000
36529,130050.0000
36530,130050.0000
36531,130050.0000
36532,130050.0000
36533,130050.0000
36534,130050.0000
36535,130050.0000
36536,130050.0000
36537,130050.0000
36538,130050.0000
36539,130050.0000
36540,130050.0000
36541,130050.0000
36542,130050.0000
36543,130050.0000
36544,130050.0000
36545,130050.0000
36546,130050.0000
36547,130050.0000
36548,130050.0000
36549,130050.0000
36550,130050.0000
36551,130050.0000
36552,130050.0000
36553,130050.0000
36554,130050.0000
36555,130050.0000
36556,130050.0000
36557,130050.0000
36558,130050.0000
36559,130050.0000
36560,130050.0000
36561,130050.0000
36562,130050.0000
36563,130050.0000
36564,130050.0000
36565,130050.0000
36566,130050.0000
36567,130050.0000
36568,130050.0000
36569,130050.0000
36570,130050.0000
36571,130050.0000
36572,130050.0000
36573,130050.0000
36574,130050.0000
36575,130050.0000
36576,130050.0000
36577,130050.0000
36578,130050.0000
36579,130050.0000
36580,130050.0000
36581,130050.0000
36582,130050.0000
36583,130050.0000
36584,130050.0000
36585,130050.0000
36586,130050.0000
36587,130050.0000
36588,130050.0000
36589,130050.0000
36590,130050.0000
36591,130050.0000
36592,130050.0000
36593,130050.0000
36594,130050.0000
36595,130050.0000
36596,130050.0000
36597,130050.0000
36598,130050.0000
36599,130050.0000
36600,130050.0000
36601,130050.0000
36602,130050.0000
36603,130050.0000
36604,130050.0000
36605,130050.0000
36606,130050.0000
36607,130050.0000
36608,130050.0000
36609,130050.0000
36610,130050.0000
36611,130050.0000
36612,130050.0000
36613,130050.0000
36614,130050.0000
36615,130050.0000
36616,130050.0000
36617,130050.0000
36618,130050.0000
36619,130050.0000
36620,130050.0000
36621,130050.0000
36622,130050.0000
36623,130050.0000
36624,130050.0000
36625,130050.0000
36626,130050.0000
36627,130050.0000
36628,130050.0000
36629,130050.0000
36630,130050.0000
36631,130050.0000
36632,130050.0000
36633,130050.0000
36634,130050.0000
36635,130050.0000
36636,130050.0000
36637,130050.0000
36638,130050.0000
36639,130050.0000
36640,130050.0000
36641,130050.0000
36642,130050.0000
36643,130050.0000
36644,130050.0000
36645,130050.0000
36646,130050.0000
36647,130050.0000
36648,130050.0000
36649,130050.0000
36650,130050.0000
36651,130050.0000
36652,130050.0000
36653,130050.0000
36654,130050.0000
36655,130050.0000
36656,130050.0000
36657,130050.0000
36658,130050.0000
36659,130050.0000
36660,130050.0000
36661,130050.0000
36662,130050.0000
36663,130050.0000
36664,130050.0000
36665,130050.0000
36666,130050.0000
36667,130050.0000
36668,130050.0000
36669,130050.0000
36670,130050.0000
36671,130050.0000
36672,130050.0000
36673,130050.0000
36674,130050.0000
36675,130050.0000
36676,130050.0000
36677,130050.0000
36678,130050.0000
36679,130050.0000
36680,130050.0000
36681,130050.0000
36682,130050.0000
36683,130050.0000
36684,130050.0000
36685,130050.0000
36686,130050.0000
36687,130050.0000
36688,130050.0000
36689,130050.0000
36690,130050.0000
36691,130050.0000
36692,130050.0000
36693,130050.0000
36694,130050.0000
36695,130050.0000
36696,130050.0000
36697,130050.0000
36698,130050.0000
36699,130050.0000
36700,130050.0000
36701,130050.0000
36702,130050.0000
36703,130050.0000
36704,130050.0000
36705,130050.0000
36706,130050.0000
36707,130050.0000
36708,130050.0000
36709,130050.0000
36710,130050.0000
36711,130050.0000
36712,130050.0000
36713,130050.0000
36714,130050.0000
36715,130050.0000
36716,130050.0000
36717,130050.0000
36718,130050.0000
36719,130050.0000
36720,130050.0000
36721,130050.0000
36722,130050.0000
36723,130050.0000
36724,130050.0000
36725,130050.0000
36726,130050.0000
36727,130050.0000
36728,130050.0000
36729,130050.0000
36730,130050.0000
36731,130050.0000
36732,130050.0000
36733,130050.0000
36734,130050.0000
36735,130050.0000
36736,130050.0000
36737,130050.0000
36738,130050.0000
36739,130050.0000
36740,130050.0000
36741,130050.0000
36742,130050.0000
36743,130050.0000
36744,130050.0000
36745,130050.0000
36746,130050.0000
36747,130050.0000
36748,130050.0000
36749,130050.0000
36750,130050.0000
36751,130050.0000
36752,130050.0000
36753,130050.0000
36754,130050.0000
36755,130050.0000
36756,130050.0000
36757,130050.0000
36758,130050.0000
36759,130050.0000
36760,130050.0000
36761,130050.0000
36762,130050.0000
36763,130050.0000
36764,130050.0000
36765,130050.0000
36766,130050.0000
36767,130050.0000
36768,130050.0000
36769,130050.0000
36770,130050.0000
36771,130050.0000
36772,130050.0000
36773,130050.0000
36774,130050.0000
36775,130050.0000
36776,130050.0000
36777,130050.0000
36778,130050.0000
36779,130050.0000
36780,130050.0000
36781,130050.0000
36782,130050.0000
36783,130050.0000
36784,130050.0000
36785,130050.0000
36786,130050.0000
36787,130050.0000
36788,130050.0000
36789,130050.0000
36790,130050.0000
36791,130050.0000
36792,130050.0000
36793,130050.0000
36794,130050.0000
36795,130050.0000
36796,130050.0000
36797,130050.0000
36798,130050.0000
36799,130050.0000
36800,130050.0000
36801,130050.0000
36802,130050.0000
36803,130050.0000
36804,130050.0000
36805,130050.0000
36806,130050.0000
36807,130050.0000
36808,130050.0000
36809,130050.0000
36810,130050.0000
36811,130050.0000
36812,130050.0000
36813,130050.0000
36814,130050.0000
36815,130050.0000
36816,130050.0000
36817,130050.0000
36818,130050.0000
36819,130050.0000
36820,130050.0000
36821,130050.0000
36822,130050.0000
36823,130050.0000
36824,130050.0000
36825,130050.0000
36826,130050.0000
36827,130050.0000
36828,130050.0000
36829,130050.0000
36830,130050.0000
36831,130050.0000
36832,130050.0000
36833,130050.0000
36834,130050.0000
36835,130050.0000
36836,130050.0000
36837,130050.0000
36838,130050.0000
36839,130050.0000
36840,130050.0000
36841,130050.0000
36842,130050.0000
36843,130050.0000
36844,130050.0000
36845,130050.0000
36846,130050.0000
36847,130050.0000
36848,130050.0000
36849,130050.0000
36850,130050.0000
36851,130050.0000
36852,130050.0000
36853,130050.0000
36854,130050.0000
36855,130050.0000
36856,130050.0000
36857,130050.0000
36858,130050.0000
36859,130050.0000
36860,130050.0000
36861,130050.0000
36862,130050.0000
36863,130050.0000
36864,130050.0000
36865,130050.0000
36866,130050.0000
36867,130050.0000
36868,130050.0000
36869,130050.0000
36870,130050.0000
36871,130050.0000
36872,130050.0000
36873,130050.0000
36874,130050.0000
36875,130050.0000
36876,130050.0000
36877,130050.0000
36878,130050.0000
36879,130050.0000
36880,130050.0000
36881,130050.0000
36882,130050.0000
36883,130050.0000
36884,130050.0000
36885,130050.0000
36886,130050.0000
36887,130050.0000
36888,130050.0000
36889,130050.0000
36890,130050.0000
36891,130050.0000
36892,130050.0000
36893,130050.0000
36894,130050.0000
36895,130050.0000
36896,130050.0000
36897,130050.0000
36898,130050.0000
36899,130050.0000
36900,130050.0000
36901,130050.0000
36902,130050.0000
36903,130050.0000
36904,130050.0000
36905,130050.0000
36906,130050.0000
36907,130050.0000
36908,130050.0000
36909,130050.0000
36910,130050.0000
36911,130050.0000
36912,130050.0000
36913,130050.0000
36914,130050.0000
36915,130050.0000
36916,130050.0000
36917,130050.0000
36918,130050.0000
36919,130050.0000
36920,130050.0000
36921,130050.0000
36922,130050.0000
36923,130050.0000
36924,130050.0000
36925,130050.0000
36926,130050.0000
36927,130050.0000
36928,130050.0000
36929,130050.0000
36930,130050.0000
36931,130050.0000
36932,130050.0000
36933,130050.0000
36934,130050.0000
36935,130050.0000
36936,130050.0000
36937,130050.0000
36938,130050.0000
36939,130050.0000
36940,130050.0000
36941,130050.0000
36942,130050.0000
36943,130050.0000
36944,130050.0000
36945,130050.0000
36946,130050.0000
36947,130050.0000
36948,130050.0000
36949,130050.0000
36950,130050.0000
36951,130050.0000
36952,130050.0000
36953,130050.0000
36954,130050.0000
36955,130050.0000
36956,130050.0000
36957,130050.0000
36958,130050.0000
36959,130050.0000
36960,130050.0000
36961,130050.0000
36962,130050.0000
36963,130050.0000
36964,130050.0000
36965,130050.0000
36966,130050.0000
36967,130050.0000
36968,130050.0000
36969,130050.0000
36970,130050.0000
36971,130050.0000
36972,130050.0000
36973,130050.0000
36974,130050.0000
36975,130050.0000
36976,130050.0000
36977,130050.0000
36978,130050.0000
36979,130050.0000
36980,130050.0000
36981,130050.0000
36982,130050.0000
36983,130050.0000
36984,130050.0000
36985,130050.0000
36986,130050.0000
36987,130050.0000
36988,130050.0000
36989,130050.0000
36990,130050.0000
36991,130050.0000
36992,130050.0000
36993,130050.0000
36994,130050.0000
36995,130050.0000
36996,130050.0000
36997,130050.0000
36998,130050.0000
36999,130050.0000
37000,130050.0000
37001,130050.0000
37002,130050.0000
37003,130050.0000
37004,130050.0000
37005,130050.0000
37006,130050.0000
37007,130050.0000
37008,130050.0000
37009,130050.0000
37010,130050.0000
37011,130050.0000
37012,130050.0000
37013,130050.0000
37014,130050.0000
37015,130050.0000
37016,130050.0000
37017,130050.0000
37018,130050.0000
37019,130050.0000
37020,130050.0000
37021,130050.0000
37022,130050.0000
37023,130050.0000
37024,130050.0000
37025,130050.0000
37026,130050.0000
37027,130050.0000
37028,130050.0000
37029,130050.0000
37030,130050.0000
37031,130050.0000
37032,130050.0000
37033,130050.0000
37034,130050.0000
37035,130050.0000
37036,130050.0000
37037,130050.0000
37038,130050.0000
37039,130050.0000
37040,130050.0000
37041,130050.0000
37042,130050.0000
37043,130050.0000
37044,130050.0000
37045,130050.0000
37046,130050.0000
37047,130050.0000
37048,130050.0000
37049,130050.0000
37050,130050.0000
37051,130050.0000
37052,130050.0000
37053,130050.0000
37054,130050.0000
37055,130050.0000
37056,130050.0000
37057,130050.0000
37058,130050.0000
37059,130050.0000
37060,130050.0000
37061,130050.0000
37062,130050.0000
37063,130050.0000
37064,130050.0000
37065,130050.0000
37066,130050.0000
37067,130050.0000
37068,130050.0000
37069,130050.0000
37070,130050.0000
37071,130050.0000
37072,130050.0000
37073,130050.0000
37074,130050.0000
37075,130050.0000
37076,130050.0000
37077,130050.0000
37078,130050.0000
37079,130050.0000
37080,130050.0000
37081,130050.0000
37082,130050.0000
37083,130050.0000
37084,130050.0000
37085,130050.0000
37086,130050.0000
37087,130050.0000
37088,130050.0000
37089,130050.0000
37090,130050.0000
37091,130050.0000
37092,130050.0000
37093,130050.0000
37094,130050.0000
37095,130050.0000
37096,130050.0000
37097,130050.0000
37098,130050.0000
37099,130050.0000
37100,130050.0000
37101,130050.0000
37102,130050.0000
37103,130050.0000
37104,130050.0000
37105,130050.0000
37106,130050.0000
37107,130050.0000
37108,130050.0000
37109,130050.0000
37110,130050.0000
37111,130050.0000
37112,130050.0000
37113,130050.0000
37114,130050.0000
37115,130050.0000
37116,130050.0000
37117,130050.0000
37118,130050.0000
37119,130050.0000
37120,130050.0000
37121,130050.0000
37122,130050.0000
37123,130050.0000
37124,130050.0000
37125,130050.0000
37126,130050.0000
37127,130050.0000
37128,130050.0000
37129,130050.0000
37130,130050.0000
37131,130050.0000
37132,130050.0000
37133,130050.0000
37134,130050.0000
37135,130050.0000
37136,130050.0000
37137,130050.0000
37138,130050.0000
37139,130050.0000
37140,130050.0000
37141,130050.0000
37142,130050.0000
37143,130050.0000
37144,130050.0000
37145,130050.0000
37146,130050.0000
37147,130050.0000
37148,130050.0000
37149,130050.0000
37150,130050.0000
37151,130050.0000
37152,130050.0000
37153,130050.0000
37154,130050.0000
37155,130050.0000
37156,130050.0000
37157,130050.0000
37158,130050.0000
37159,130050.0000
37160,130050.0000
37161,130050.0000
37162,130050.0000
37163,130050.0000
37164,130050.0000
37165,130050.0000
37166,130050.0000
37167,130050.0000
37168,130050.0000
37169,130050.0000
37170,130050.0000
37171,130050.0000
37172,130050.0000
37173,130050.0000
37174,130050.0000
37175,130050.0000
37176,130050.0000
37177,130050.0000
37178,130050.0000
37179,130050.0000
37180,130050.0000
37181,130050.0000
37182,130050.0000
37183,130050.0000
37184,130050.0000
37185,130050.0000
37186,130050.0000
37187,130050.0000
37188,130050.0000
37189,130050.0000
37190,130050.0000
37191,130050.0000
37192,130050.0000
37193,130050.0000
37194,130050.0000
37195,130050.0000
37196,130050.0000
37197,130050.0000
37198,130050.0000
37199,130050.0000
37200,130050.0000
37201,130050.0000
37202,130050.0000
37203,130050.0000
37204,130050.0000
37205,130050.0000
37206,130050.0000
37207,130050.0000
37208,130050.0000
37209,130050.0000
37210,130050.0000
37211,130050.0000
37212,130050.0000
37213,130050.0000
37214,130050.0000
37215,130050.0000
37216,130050.0000
37217,130050.0000
37218,130050.0000
37219,130050.0000
37220,130050.0000
37221,130050.0000
37222,130050.0000
37223,130050.0000
37224,130050.0000
37225,130050.0000
37226,130050.0000
37227,130050.0000
37228,130050.0000
37229,130050.0000
37230,130050.0000
37231,130050.0000
37232,130050.0000
37233,130050.0000
37234,130050.0000
37235,130050.0000
37236,130050.0000
37237,130050.0000
37238,130050.0000
37239,130050.0000
37240,130050.0000
37241,130050.0000
37242,130050.0000
37243,130050.0000
37244,130050.0000
37245,130050.0000
37246,130050.0000
37247,130050.0000
37248,130050.0000
37249,130050.0000
37250,130050.0000
37251,130050.0000
37252,130050.0000
37253,130050.0000
37254,130050.0000
37255,130050.0000
37256,130050.0000
37257,130050.0000
37258,130050.0000
37259,130050.0000
37260,130050.0000
37261,130050.0000
37262,130050.0000
37263,130050.0000
37264,130050.0000
37265,130050.0000
37266,130050.0000
37267,130050.0000
37268,130050.0000
37269,130050.0000
37270,130050.0000
37271,130050.0000
37272,130050.0000
37273,130050.0000
37274,130050.0000
37275,130050.0000
37276,130050.0000
37277,130050.0000
37278,130050.0000
37279,130050.0000
37280,130050.0000
37281,130050.0000
37282,130050.0000
37283,130050.0000
37284,130050.0000
37285,130050.0000
37286,130050.0000
37287,130050.0000
37288,130050.0000
37289,130050.0000
37290,130050.0000
37291,130050.0000
37292,130050.0000
37293,130050.0000
37294,130050.0000
37295,130050.0000
37296,130050.0000
37297,130050.0000
37298,130050.0000
37299,130050.0000
37300,130050.0000
37301,130050.0000
37302,130050.0000
37303,130050.0000
37304,130050.0000
37305,130050.0000
37306,130050.0000
37307,130050.0000
37308,130050.0000
37309,130050.0000
37310,130050.0000
37311,130050.0000
37312,130050.0000
37313,130050.0000
37314,130050.0000
37315,130050.0000
37316,130050.0000
37317,130050.0000
37318,130050.0000
37319,130050.0000
37320,130050.0000
37321,130050.0000
37322,130050.0000
37323,130050.0000
37324,130050.0000
37325,130050.0000
37326,130050.0000
37327,130050.0000
37328,130050.0000
37329,130050.0000
37330,130050.0000
37331,130050.0000
37332,130050.0000
37333,130050.0000
37334,130050.0000
37335,130050.0000
37336,130050.0000
37337,130050.0000
37338,130050.0000
37339,130050.0000
37340,130050.0000
37341,130050.0000
37342,130050.0000
37343,130050.0000
37344,130050.0000
37345,130050.0000
37346,130050.0000
37347,130050.0000
37348,130050.0000
37349,130050.0000
37350,130050.0000
37351,130050.0000
37352,130050.0000
37353,130050.0000
37354,130050.0000
37355,130050.0000
37356,130050.0000
37357,130050.0000
37358,130050.0000
37359,130050.0000
37360,130050.0000
37361,130050.0000
37362,130050.0000
37363,130050.0000
37364,130050.0000
37365,130050.0000
37366,130050.0000
37367,130050.0000
37368,130050.0000
37369,130050.0000
37370,130050.0000
37371,130050.0000
37372,130050.0000
37373,130050.0000
37374,130050.0000
37375,130050.0000
37376,130050.0000
37377,130050.0000
37378,130050.0000
37379,130050.0000
37380,130050.0000
37381,130050.0000
37382,130050.0000
37383,130050.0000
37384,130050.0000
37385,130050.0000
37386,130050.0000
37387,130050.0000
37388,130050.0000
37389,130050.0000
37390,130050.0000
37391,130050.0000
37392,130050.0000
37393,130050.0000
37394,130050.0000
37395,130050.0000
37396,130050.0000
37397,130050.0000
37398,130050.0000
37399,130050.0000
37400,130050.0000
37401,130050.0000
37402,130050.0000
37403,130050.0000
37404,130050.0000
37405,130050.0000
37406,130050.0000
37407,130050.0000
37408,130050.0000
37409,130050.0000
37410,130050.0000
37411,130050.0000
37412,130050.0000
37413,130050.0000
37414,130050.0000
37415,130050.0000
37416,130050.0000
37417,130050.0000
37418,130050.0000
37419,130050.0000
37420,130050.0000
37421,130050.0000
37422,130050.0000
37423,130050.0000
37424,130050.0000
37425,130050.0000
37426,130050.0000
37427,130050.0000
37428,130050.0000
37429,130050.0000
37430,130050.0000
37431,130050.0000
37432,130050.0000
37433,130050.0000
37434,130050.0000
37435,130050.0000
37436,130050.0000
37437,130050.0000
37438,130050.0000
37439,130050.0000
37440,130050.0000
37441,130050.0000
37442,130050.0000
37443,130050.0000
37444,130050.0000
37445,130050.0000
37446,130050.0000
37447,130050.0000
37448,130050.0000
37449,130050.0000
37450,130050.0000
37451,130050.0000
37452,130050.0000
37453,130050.0000
37454,130050.0000
37455,130050.0000
37456,130050.0000
37457,130050.0000
37458,130050.0000
37459,130050.0000
37460,130050.0000
37461,130050.0000
37462,130050.0000
37463,130050.0000
37464,130050.0000
37465,130050.0000
37466,130050.0000
37467,130050.0000
37468,130050.0000
37469,130050.0000
37470,130050.0000
37471,130050.0000
37472,130050.0000
37473,130050.0000
37474,130050.0000
37475,130050.0000
37476,130050.0000
37477,130050.0000
37478,130050.0000
37479,130050.0000
37480,130050.0000
37481,130050.0000
37482,130050.0000
37483,130050.0000
37484,130050.0000
37485,130050.0000
37486,130050.0000
37487,130050.0000
37488,130050.0000
37489,130050.0000
37490,130050.0000
37491,130050.0000
37492,130050.0000
37493,130050.0000
37494,130050.0000
37495,130050.0000
37496,130050.0000
37497,130050.0000
37498,130050.0000
37499,130050.0000
37500,130050.0000
37501,130050.0000
37502,130050.0000
37503,130050.0000
37504,130050.0000
37505,130050.0000
37506,130050.0000
37507,130050.0000
37508,130050.0000
37509,130050.0000
37510,130050.0000
37511,130050.0000
37512,130050.0000
37513,130050.0000
37514,130050.0000
37515,130050.0000
37516,130050.0000
37517,130050.0000
37518,130050.0000
37519,130050.0000
37520,130050.0000
37521,130050.0000
37522,130050.0000
37523,130050.0000
37524,130050.0000
37525,130050.0000
37526,130050.0000
37527,130050.0000
37528,130050.0000
37529,130050.0000
37530,130050.0000
37531,130050.0000
37532,130050.0000
37533,130050.0000
37534,130050.0000
37535,130050.0000
37536,130050.0000
37537,130050.0000
37538,130050.0000
37539,130050.0000
37540,130050.0000
37541,130050.0000
37542,130050.0000
37543,130050.0000
37544,130050.0000
37545,130050.0000
37546,130050.0000
37547,130050.0000
37548,130050.0000
37549,130050.0000
37550,130050.0000
37551,130050.0000
37552,130050.0000
37553,130050.0000
37554,130050.0000
37555,130050.0000
37556,130050.0000
37557,130050.0000
37558,130050.0000
37559,130050.0000
37560,130050.0000
37561,130050.0000
37562,130050.0000
37563,130050.0000
37564,130050.0000
37565,130050.0000
37566,130050.0000
37567,130050.0000
37568,130050.0000
37569,130050.0000
37570,130050.0000
37571,130050.0000
37572,130050.0000
37573,130050.0000
37574,130050.0000
37575,130050.0000
37576,130050.0000
37577,130050.0000
37578,130050.0000
37579,130050.0000
37580,130050.0000
37581,130050.0000
37582,130050.0000
37583,130050.0000
37584,130050.0000
37585,130050.0000
37586,130050.0000
37587,130050.0000
37588,130050.0000
37589,130050.0000
37590,130050.0000
37591,130050.0000
37592,130050.0000
37593,130050.0000
37594,130050.0000
37595,130050.0000
37596,130050.0000
37597,130050.0000
37598,130050.0000
37599,130050.0000
37600,130050.0000
37601,130050.0000
37602,130050.0000
37603,130050.0000
37604,130050.0000
37605,130050.0000
37606,130050.0000
37607,130050.0000
37608,130050.0000
37609,130050.0000
37610,130050.0000
37611,130050.0000
37612,130050.0000
37613,130050.0000
37614,130050.0000
37615,130050.0000
37616,130050.0000
37617,130050.0000
37618,130050.0000
37619,130050.0000
37620,130050.0000
37621,130050.0000
37622,130050.0000
37623,130050.0000
37624,130050.0000
37625,130050.0000
37626,130050.0000
37627,130050.0000
37628,130050.0000
37629,130050.0000
37630,130050.0000
37631,130050.0000
37632,130050.0000
37633,130050.0000
37634,130050.0000
37635,130050.0000
37636,130050.0000
37637,130050.0000
37638,130050.0000
37639,130050.0000
37640,130050.0000
37641,130050.0000
37642,130050.0000
37643,130050.0000
37644,130050.0000
37645,130050.0000
37646,130050.0000
37647,130050.0000
37648,130050.0000
37649,130050.0000
37650,130050.0000
37651,130050.0000
37652,130050.0000
37653,130050.0000
37654,130050.0000
37655,130050.0000
37656,130050.0000
37657,130050.0000
37658,130050.0000
37659,130050.0000
37660,130050.0000
37661,130050.0000
37662,130050.0000
37663,130050.0000
37664,130050.0000
37665,130050.0000
37666,130050.0000
37667,130050.0000
37668,130050.0000
37669,130050.0000
37670,130050.0000
37671,130050.0000
37672,130050.0000
37673,130050.0000
37674,130050.0000
37675,130050.0000
37676,130050.0000
37677,130050.0000
37678,130050.0000
37679,130050.0000
37680,130050.0000
37681,130050.0000
37682,130050.0000
37683,130050.0000
37684,130050.0000
37685,130050.0000
37686,130050.0000
37687,130050.0000
37688,130050.0000
37689,130050.0000
37690,130050.0000
37691,130050.0000
37692,130050.0000
37693,130050.0000
37694,130050.0000
37695,130050.0000
37696,130050.0000
37697,130050.0000
37698,130050.0000
37699,130050.0000
37700,130050.0000
37701,130050.0000
37702,130050.0000
37703,130050.0000
37704,130050.0000
37705,130050.0000
37706,130050.0000
37707,130050.0000
37708,130050.0000
37709,130050.0000
37710,130050.0000
37711,130050.0000
37712,130050.0000
37713,130050.0000
37714,130050.0000
37715,130050.0000
37716,130050.0000
37717,130050.0000
37718,130050.0000
37719,130050.0000
37720,130050.0000
37721,130050.0000
37722,130050.0000
37723,130050.0000
37724,130050.0000
37725,130050.0000
37726,130050.0000
37727,130050.0000
37728,130050.0000
37729,130050.0000
37730,130050.0000
37731,130050.0000
37732,130050.0000
37733,130050.0000
37734,130050.0000
37735,130050.0000
37736,130050.0000
37737,130050.0000
37738,130050.0000
37739,130050.0000
37740,130050.0000
37741,130050.0000
37742,130050.0000
37743,130050.0000
37744,130050.0000
37745,130050.0000
37746,130050.0000
37747,130050.0000
37748,130050.0000
37749,130050.0000
37750,130050.0000
37751,130050.0000
37752,130050.0000
37753,130050.0000
37754,130050.0000
37755,130050.0000
37756,130050.0000
37757,130050.0000
37758,130050.0000
37759,130050.0000
37760,130050.0000
37761,130050.0000
37762,130050.0000
37763,130050.0000
37764,130050.0000
37765,130050.0000
37766,130050.0000
37767,130050.0000
37768,130050.0000
37769,130050.0000
37770,130050.0000
37771,130050.0000
37772,130050.0000
37773,130050.0000
37774,130050.0000
37775,130050.0000
37776,130050.0000
37777,130050.0000
37778,130050.0000
37779,130050.0000
37780,130050.0000
37781,130050.0000
37782,130050.0000
37783,130050.0000
37784,130050.0000
37785,130050.0000
37786,130050.0000
37787,130050.0000
37788,130050.0000
37789,130050.0000
37790,130050.0000
37791,130050.0000
37792,130050.0000
37793,130050.0000
37794,130050.0000
37795,130050.0000
37796,130050.0000
37797,130050.0000
37798,130050.0000
37799,130050.0000
37800,130050.0000
37801,130050.0000
37802,130050.0000
37803,130050.0000
37804,130050.0000
37805,130050.0000
37806,130050.0000
37807,130050.0000
37808,130050.0000
37809,130050.0000
37810,130050.0000
37811,130050.0000
37812,130050.0000
37813,130050.0000
37814,130050.0000
37815,130050.0000
37816,130050.0000
37817,130050.0000
37818,130050.0000
37819,130050.0000
37820,130050.0000
37821,130050.0000
37822,130050.0000
37823,130050.0000
37824,130050.0000
37825,130050.0000
37826,130050.0000
37827,130050.0000
37828,130050.0000
37829,130050.0000
37830,130050.0000
37831,130050.0000
37832,130050.0000
37833,130050.0000
37834,130050.0000
37835,130050.0000
37836,130050.0000
37837,130050.0000
37838,130050.0000
37839,130050.0000
37840,130050.0000
37841,130050.0000
37842,130050.0000
37843,130050.0000
37844,130050.0000
37845,130050.0000
37846,130050.0000
37847,130050.0000
37848,130050.0000
37849,130050.0000
37850,130050.0000
37851,130050.0000
37852,130050.0000
37853,130050.0000
37854,130050.0000
37855,130050.0000
37856,130050.0000
37857,130050.0000
37858,130050.0000
37859,130050.0000
37860,130050.0000
37861,130050.0000
37862,130050.0000
37863,130050.0000
37864,130050.0000
37865,130050.0000
37866,130050.0000
37867,130050.0000
37868,130050.0000
37869,130050.0000
37870,130050.0000
37871,130050.0000
37872,130050.0000
37873,130050.0000
37874,130050.0000
37875,130050.0000
37876,130050.0000
37877,130050.0000
37878,130050.0000
37879,130050.0000
37880,130050.0000
37881,130050.0000
37882,130050.0000
37883,130050.0000
37884,130050.0000
37885,130050.0000
37886,130050.0000
37887,130050.0000
37888,130050.0000
37889,130050.0000
37890,130050.0000
37891,130050.0000
37892,130050.0000
37893,130050.0000
37894,130050.0000
37895,130050.0000
37896,130050.0000
37897,130050.0000
37898,130050.0000
37899,130050.0000
37900,130050.0000
37901,130050.0000
37902,130050.0000
37903,130050.0000
37904,130050.0000
37905,130050.0000
37906,130050.0000
37907,130050.0000
37908,130050.0000
37909,130050.0000
37910,130050.0000
37911,130050.0000
37912,130050.0000
37913,130050.0000
37914,130050.0000
37915,130050.0000
37916,130050.0000
37917,130050.0000
37918,130050.0000
37919,130050.0000
37920,130050.0000
37921,130050.0000
37922,130050.0000
37923,130050.0000
37924,130050.0000
37925,130050.0000
37926,130050.0000
37927,130050.0000
37928,130050.0000
37929,130050.0000
37930,130050.0000
37931,130050.0000
37932,130050.0000
37933,130050.0000
37934,130050.0000
37935,130050.0000
37936,130050.0000
37937,130050.0000
37938,130050.0000
37939,130050.0000
37940,130050.0000
37941,130050.0000
37942,130050.0000
37943,130050.0000
37944,130050.0000
37945,130050.0000
37946,130050.0000
37947,130050.0000
37948,130050.0000
37949,130050.0000
37950,130050.0000
37951,130050.0000
37952,130050.0000
37953,130050.0000
37954,130050.0000
37955,130050.0000
37956,130050.0000
37957,130050.0000
37958,130050.0000
37959,130050.0000
37960,130050.0000
37961,130050.0000
37962,130050.0000
37963,130050.0000
37964,130050.0000
37965,130050.0000
37966,130050.0000
37967,130050.0000
37968,130050.0000
37969,130050.0000
37970,130050.0000
37971,130050.0000
37972,130050.0000
37973,130050.0000
37974,130050.0000
37975,130050.0000
37976,130050.0000
37977,130050.0000
37978,130050.0000
37979,130050.0000
37980,130050.0000
37981,130050.0000
37982,130050.0000
37983,130050.0000
37984,130050.0000
37985,130050.0000
37986,130050.0000
37987,130050.0000
37988,130050.0000
37989,130050.0000
37990,130050.0000
37991,130050.0000
37992,130050.0000
37993,130050.0000
37994,130050.0000
37995,130050.0000
37996,130050.0000
37997,130050.0000
37998,130050.0000
37999,130050.0000
38000,130050.0000
38001,130050.0000
38002,130050.0000
38003,130050.0000
38004,130050.0000
38005,130050.0000
38006,130050.0000
38007,130050.0000
38008,130050.0000
38009,130050.0000
38010,130050.0000
38011,130050.0000
38012,130050.0000
38013,130050.0000
38014,130050.0000
38015,130050.0000
38016,130050.0000
38017,130050.0000
38018,130050.0000
38019,130050.0000
38020,130050.0000
38021,130050.0000
38022,130050.0000
38023,130050.0000
38024,130050.0000
38025,130050.0000
38026,130050.0000
38027,130050.0000
38028,130050.0000
38029,130050.0000
38030,130050.0000
38031,130050.0000
38032,130050.0000
38033,130050.0000
38034,130050.0000
38035,130050.0000
38036,130050.0000
38037,130050.0000
38038,130050.0000
38039,130050.0000
38040,130050.0000
38041,130050.0000
38042,130050.0000
38043,130050.0000
38044,130050.0000
38045,130050.0000
38046,130050.0000
38047,130050.0000
38048,130050.0000
38049,130050.0000
38050,130050.0000
38051,130050.0000
38052,130050.0000
38053,130050.0000
38054,130050.0000
38055,130050.0000
38056,130050.0000
38057,130050.0000
38058,130050.0000
38059,130050.0000
38060,130050.0000
38061,130050.0000
38062,130050.0000
38063,130050.0000
38064,130050.0000
38065,130050.0000
38066,130050.0000
38067,130050.0000
38068,130050.0000
38069,130050.0000
38070,130050.0000
38071,130050.0000
38072,130050.0000
38073,130050.0000
38074,130050.0000
38075,130050.0000
38076,130050.0000
38077,130050.0000
38078,130050.0000
38079,130050.0000
38080,130050.0000
38081,130050.0000
38082,130050.0000
38083,130050.0000
38084,130050.0000
38085,130050.0000
38086,130050.0000
38087,130050.0000
38088,130050.0000
38089,130050.0000
38090,130050.0000
38091,130050.0000
38092,130050.0000
38093,130050.0000
38094,130050.0000
38095,130050.0000
38096,130050.0000
38097,130050.0000
38098,130050.0000
38099,130050.0000
38100,130050.0000
38101,130050.0000
38102,130050.0000
38103,130050.0000
38104,130050.0000
38105,130050.0000
38106,130050.0000
38107,130050.0000
38108,130050.0000
38109,130050.0000
38110,130050.0000
38111,130050.0000
38112,130050.0000
38113,130050.0000
38114,130050.0000
38115,130050.0000
38116,130050.0000
38117,130050.0000
38118,130050.0000
38119,130050.0000
38120,130050.0000
38121,130050.0000
38122,130050.0000
38123,130050.0000
38124,130050.0000
38125,130050.0000
38126,130050.0000
38127,130050.0000
38128,130050.0000
38129,130050.0000
38130,130050.0000
38131,130050.0000
38132,130050.0000
38133,130050.0000
38134,130050.0000
38135,130050.0000
38136,130050.0000
38137,130050.0000
38138,130050.0000
38139,130050.0000
38140,130050.0000
38141,130050.0000
38142,130050.0000
38143,130050.0000
38144,130050.0000
38145,130050.0000
38146,130050.0000
38147,130050.0000
38148,130050.0000
38149,130050.0000
38150,130050.0000
38151,130050.0000
38152,130050.0000
38153,130050.0000
38154,130050.0000
38155,130050.0000
38156,130050.0000
38157,130050.0000
38158,130050.0000
38159,130050.0000
38160,130050.0000
38161,130050.0000
38162,130050.0000
38163,130050.0000
38164,130050.0000
38165,130050.0000
38166,130050.0000
38167,130050.0000
38168,130050.0000
38169,130050.0000
38170,130050.0000
38171,130050.0000
38172,130050.0000
38173,130050.0000
38174,130050.0000
38175,130050.0000
38176,130050.0000
38177,130050.0000
38178,130050.0000
38179,130050.0000
38180,130050.0000
38181,130050.0000
38182,130050.0000
38183,130050.0000
38184,130050.0000
38185,130050.0000
38186,130050.0000
38187,130050.0000
38188,130050.0000
38189,130050.0000
38190,130050.0000
38191,130050.0000
38192,130050.0000
38193,130050.0000
38194,130050.0000
38195,130050.0000
38196,130050.0000
38197,130050.0000
38198,130050.0000
38199,130050.0000
38200,130050.0000
38201,130050.0000
38202,130050.0000
38203,130050.0000
38204,130050.0000
38205,130050.0000
38206,130050.0000
38207,130050.0000
38208,130050.0000
38209,130050.0000
38210,130050.0000
38211,130050.0000
38212,130050.0000
38213,130050.0000
38214,130050.0000
38215,130050.0000
38216,130050.0000
38217,130050.0000
38218,130050.0000
38219,130050.0000
38220,130050.0000
38221,130050.0000
38222,130050.0000
38223,130050.0000
38224,130050.0000
38225,130050.0000
38226,130050.0000
38227,130050.0000
38228,130050.0000
38229,130050.0000
38230,130050.0000
38231,130050.0000
38232,130050.0000
38233,130050.0000
38234,130050.0000
38235,130050.0000
38236,130050.0000
38237,130050.0000
38238,130050.0000
38239,130050.0000
38240,130050.0000
38241,130050.0000
38242,130050.0000
38243,130050.0000
38244,130050.0000
38245,130050.0000
38246,130050.0000
38247,130050.0000
38248,130050.0000
38249,130050.0000
38250,130050.0000
38251,130050.0000
38252,130050.0000
38253,130050.0000
38254,130050.0000
38255,130050.0000
38256,130050.0000
38257,130050.0000
38258,130050.0000
38259,130050.0000
38260,130050.0000
38261,130050.0000
38262,130050.0000
38263,130050.0000
38264,130050.0000
38265,130050.0000
38266,130050.0000
38267,130050.0000
38268,130050.0000
38269,130050.0000
38270,130050.0000
38271,130050.0000
38272,130050.0000
38273,130050.0000
38274,130050.0000
38275,130050.0000
38276,130050.0000
38277,130050.0000
38278,130050.0000
38279,130050.0000
38280,130050.0000
38281,130050.0000
38282,130050.0000
38283,130050.0000
38284,130050.0000
38285,130050.0000
38286,130050.0000
38287,130050.0000
38288,130050.0000
38289,130050.0000
38290,130050.0000
38291,130050.0000
38292,130050.0000
38293,130050.0000
38294,130050.0000
38295,130050.0000
38296,130050.0000
38297,130050.0000
38298,130050.0000
38299,130050.0000
38300,130050.0000
38301,130050.0000
38302,130050.0000
38303,130050.0000
38304,130050.0000
38305,130050.0000
38306,130050.0000
38307,130050.0000
38308,130050.0000
38309,130050.0000
38310,130050.0000
38311,130050.0000
38312,130050.0000
38313,130050.0000
38314,130050.0000
38315,130050.0000
38316,130050.0000
38317,130050.0000
38318,130050.0000
38319,130050.0000
38320,130050.0000
38321,130050.0000
38322,130050.0000
38323,130050.0000
38324,130050.0000
38325,130050.0000
38326,130050.0000
38327,130050.0000
38328,130050.0000
38329,130050.0000
38330,130050.0000
38331,130050.0000
38332,130050.0000
38333,130050.0000
38334,130050.0000
38335,130050.0000
38336,130050.0000
38337,130050.0000
38338,130050.0000
38339,130050.0000
38340,130050.0000
38341,130050.0000
38342,130050.0000
38343,130050.0000
38344,130050.0000
38345,130050.0000
38346,130050.0000
38347,130050.0000
38348,130050.0000
38349,130050.0000
38350,130050.0000
38351,130050.0000
38352,130050.0000
38353,130050.0000
38354,130050.0000
38355,130050.0000
38356,130050.0000
38357,130050.0000
38358,130050.0000
38359,130050.0000
38360,130050.0000
38361,130050.0000
38362,130050.0000
38363,130050.0000
38364,130050.0000
38365,130050.0000
38366,130050.0000
38367,130050.0000
38368,130050.0000
38369,130050.0000
38370,130050.0000
38371,130050.0000
38372,130050.0000
38373,130050.0000
38374,130050.0000
38375,130050.0000
38376,130050.0000
38377,130050.0000
38378,130050.0000
38379,130050.0000
38380,130050.0000
38381,130050.0000
38382,130050.0000
38383,130050.0000
38384,130050.0000
38385,130050.0000
38386,130050.0000
38387,130050.0000
38388,130050.0000
38389,130050.0000
38390,130050.0000
38391,130050.0000
38392,130050.0000
38393,130050.0000
38394,130050.0000
38395,130050.0000
38396,130050.0000
38397,130050.0000
38398,130050.0000
38399,130050.0000
38400,130050.0000
38401,130050.0000
38402,130050.0000
38403,130050.0000
38404,130050.0000
38405,130050.0000
38406,130050.0000
38407,130050.0000
38408,130050.0000
38409,130050.0000
38410,130050.0000
38411,130050.0000
38412,130050.0000
38413,130050.0000
38414,130050.0000
38415,130050.0000
38416,130050.0000
38417,130050.0000
38418,130050.0000
38419,130050.0000
38420,130050.0000
38421,130050.0000
38422,130050.0000
38423,130050.0000
38424,130050.0000
38425,130050.0000
38426,130050.0000
38427,130050.0000
38428,130050.0000
38429,130050.0000
38430,130050.0000
38431,130050.0000
38432,130050.0000
38433,130050.0000
38434,130050.0000
38435,130050.0000
38436,130050.0000
38437,130050.0000
38438,130050.0000
38439,130050.0000
38440,130050.0000
38441,130050.0000
38442,130050.0000
38443,130050.0000
38444,130050.0000
38445,130050.0000
38446,130050.0000
38447,130050.0000
38448,130050.0000
38449,130050.0000
38450,130050.0000
38451,130050.0000
38452,130050.0000
38453,130050.0000
38454,130050.0000
38455,130050.0000
38456,130050.0000
38457,130050.0000
38458,130050.0000
38459,130050.0000
38460,130050.0000
38461,130050.0000
38462,130050.0000
38463,130050.0000
38464,130050.0000
38465,130050.0000
38466,130050.0000
38467,130050.0000
38468,130050.0000
38469,130050.0000
38470,130050.0000
38471,130050.0000
38472,130050.0000
38473,130050.0000
38474,130050.0000
38475,130050.0000
38476,130050.0000
38477,130050.0000
38478,130050.0000
38479,130050.0000
38480,130050.0000
38481,130050.0000
38482,130050.0000
38483,130050.0000
38484,130050.0000
38485,130050.0000
38486,130050.0000
38487,130050.0000
38488,130050.0000
38489,130050.0000
38490,130050.0000
38491,130050.0000
38492,130050.0000
38493,130050.0000
38494,130050.0000
38495,130050.0000
38496,130050.0000
38497,130050.0000
38498,130050.0000
38499,130050.0000
38500,130050.0000
38501,130050.0000
38502,130050.0000
38503,130050.0000
38504,130050.0000
38505,130050.0000
38506,130050.0000
38507,130050.0000
38508,130050.0000
38509,130050.0000
38510,130050.0000
38511,130050.0000
38512,130050.0000
38513,130050.0000
38514,130050.0000
38515,130050.0000
38516,130050.0000
38517,130050.0000
38518,130050.0000
38519,130050.0000
38520,130050.0000
38521,130050.0000
38522,130050.0000
38523,130050.0000
38524,130050.0000
38525,130050.0000
38526,130050.0000
38527,130050.0000
38528,130050.0000
38529,130050.0000
38530,130050.0000
38531,130050.0000
38532,130050.0000
38533,130050.0000
38534,130050.0000
38535,130050.0000
38536,130050.0000
38537,130050.0000
38538,130050.0000
38539,130050.0000
38540,130050.0000
38541,130050.0000
38542,130050.0000
38543,130050.0000
38544,130050.0000
38545,130050.0000
38546,130050.0000
38547,130050.0000
38548,130050.0000
38549,130050.0000
38550,130050.0000
38551,130050.0000
38552,130050.0000
38553,130050.0000
38554,130050.0000
38555,130050.0000
38556,130050.0000
38557,130050.0000
38558,130050.0000
38559,130050.0000
38560,130050.0000
38561,130050.0000
38562,130050.0000
38563,130050.0000
38564,130050.0000
38565,130050.0000
38566,130050.0000
38567,130050.0000
38568,130050.0000
38569,130050.0000
38570,130050.0000
38571,130050.0000
38572,130050.0000
38573,130050.0000
38574,130050.0000
38575,130050.0000
38576,130050.0000
38577,130050.0000
38578,130050.0000
38579,130050.0000
38580,130050.0000
38581,130050.0000
38582,130050.0000
38583,130050.0000
38584,130050.0000
38585,130050.0000
38586,130050.0000
38587,130050.0000
38588,130050.0000
38589,130050.0000
38590,130050.0000
38591,130050.0000
38592,130050.0000
38593,130050.0000
38594,130050.0000
38595,130050.0000
38596,130050.0000
38597,130050.0000
38598,130050.0000
38599,130050.0000
38600,130050.0000
38601,130050.0000
38602,130050.0000
38603,130050.0000
38604,130050.0000
38605,130050.0000
38606,130050.0000
38607,130050.0000
38608,130050.0000
38609,130050.0000
38610,130050.0000
38611,130050.0000
38612,130050.0000
38613,130050.0000
38614,130050.0000
38615,130050.0000
38616,130050.0000
38617,130050.0000
38618,130050.0000
38619,130050.0000
38620,130050.0000
38621,130050.0000
38622,130050.0000
38623,130050.0000
38624,130050.0000
38625,130050.0000
38626,130050.0000
38627,130050.0000
38628,130050.0000
38629,130050.0000
38630,130050.0000
38631,130050.0000
38632,130050.0000
38633,130050.0000
38634,130050.0000
38635,130050.0000
38636,130050.0000
38637,130050.0000
38638,130050.0000
38639,130050.0000
38640,130050.0000
38641,130050.0000
38642,130050.0000
38643,130050.0000
38644,130050.0000
38645,130050.0000
38646,130050.0000
38647,130050.0000
38648,130050.0000
38649,130050.0000
38650,130050.0000
38651,130050.0000
38652,130050.0000
38653,130050.0000
38654,130050.0000
38655,130050.0000
38656,130050.0000
38657,130050.0000
38658,130050.0000
38659,130050.0000
38660,130050.0000
38661,130050.0000
38662,130050.0000
38663,130050.0000
38664,130050.0000
38665,130050.0000
38666,130050.0000
38667,130050.0000
38668,130050.0000
38669,130050.0000
38670,130050.0000
38671,130050.0000
38672,130050.0000
38673,130050.0000
38674,130050.0000
38675,130050.0000
38676,130050.0000
38677,130050.0000
38678,130050.0000
38679,130050.0000
38680,130050.0000
38681,130050.0000
38682,130050.0000
38683,130050.0000
38684,130050.0000
38685,130050.0000
38686,130050.0000
38687,130050.0000
38688,130050.0000
38689,130050.0000
38690,130050.0000
38691,130050.0000
38692,130050.0000
38693,130050.0000
38694,130050.0000
38695,130050.0000
38696,130050.0000
38697,130050.0000
38698,130050.0000
38699,130050.0000
38700,130050.0000
38701,130050.0000
38702,130050.0000
38703,130050.0000
38704,130050.0000
38705,130050.0000
38706,130050.0000
38707,130050.0000
38708,130050.0000
38709,130050.0000
38710,130050.0000
38711,130050.0000
38712,130050.0000
38713,130050.0000
38714,130050.0000
38715,130050.0000
38716,130050.0000
38717,130050.0000
38718,130050.0000
38719,130050.0000
38720,130050.0000
38721,130050.0000
38722,130050.0000
38723,130050.0000
38724,130050.0000
38725,130050.0000
38726,130050.0000
38727,130050.0000
38728,130050.0000
38729,130050.0000
38730,130050.0000
38731,130050.0000
38732,130050.0000
38733,130050.0000
38734,130050.0000
38735,130050.0000
38736,130050.0000
38737,130050.0000
38738,130050.0000
38739,130050.0000
38740,130050.0000
38741,130050.0000
38742,130050.0000
38743,130050.0000
38744,130050.0000
38745,130050.0000
38746,130050.0000
38747,130050.0000
38748,130050.0000
38749,130050.0000
38750,130050.0000
38751,130050.0000
38752,130050.0000
38753,130050.0000
38754,130050.0000
38755,130050.0000
38756,130050.0000
38757,130050.0000
38758,130050.0000
38759,130050.0000
38760,130050.0000
38761,130050.0000
38762,130050.0000
38763,130050.0000
38764,130050.0000
38765,130050.0000
38766,130050.0000
38767,130050.0000
38768,130050.0000
38769,130050.0000
38770,130050.0000
38771,130050.0000
38772,130050.0000
38773,130050.0000
38774,130050.0000
38775,130050.0000
38776,130050.0000
38777,130050.0000
38778,130050.0000
38779,130050.0000
38780,130050.0000
38781,130050.0000
38782,130050.0000
38783,130050.0000
38784,130050.0000
38785,130050.0000
38786,130050.0000
38787,130050.0000
38788,130050.0000
38789,130050.0000
38790,130050.0000
38791,130050.0000
38792,130050.0000
38793,130050.0000
38794,130050.0000
38795,130050.0000
38796,130050.0000
38797,130050.0000
38798,130050.0000
38799,130050.0000
38800,130050.0000
38801,130050.0000
38802,130050.0000
38803,130050.0000
38804,130050.0000
38805,130050.0000
38806,130050.0000
38807,130050.0000
38808,130050.0000
38809,130050.0000
38810,130050.0000
38811,130050.0000
38812,130050.0000
38813,130050.0000
38814,130050.0000
38815,130050.0000
38816,130050.0000
38817,130050.0000
38818,130050.0000
38819,130050.0000
38820,130050.0000
38821,130050.0000
38822,130050.0000
38823,130050.0000
38824,130050.0000
38825,130050.0000
38826,130050.0000
38827,130050.0000
38828,130050.0000
38829,130050.0000
38830,130050.0000
38831,130050.0000
38832,130050.0000
38833,130050.0000
38834,130050.0000
38835,130050.0000
38836,130050.0000
38837,130050.0000
38838,130050.0000
38839,130050.0000
38840,130050.0000
38841,130050.0000
38842,130050.0000
38843,130050.0000
38844,130050.0000
38845,130050.0000
38846,130050.0000
38847,130050.0000
38848,130050.0000
38849,130050.0000
38850,130050.0000
38851,130050.0000
38852,130050.0000
38853,130050.0000
38854,130050.0000
38855,130050.0000
38856,130050.0000
38857,130050.0000
38858,130050.0000
38859,130050.0000
38860,130050.0000
38861,130050.0000
38862,130050.0000
38863,130050.0000
38864,130050.0000
38865,130050.0000
38866,130050.0000
38867,130050.0000
38868,130050.0000
38869,130050.0000
38870,130050.0000
38871,130050.0000
38872,130050.0000
38873,130050.0000
38874,130050.0000
38875,130050.0000
38876,130050.0000
38877,130050.0000
38878,130050.0000
38879,130050.0000
38880,130050.0000
38881,130050.0000
38882,130050.0000
38883,130050.0000
38884,130050.0000
38885,130050.0000
38886,130050.0000
38887,130050.0000
38888,130050.0000
38889,130050.0000
38890,130050.0000
38891,130050.0000
38892,130050.0000
38893,130050.0000
38894,130050.0000
38895,130050.0000
38896,130050.0000
38897,130050.0000
38898,130050.0000
38899,130050.0000
38900,130050.0000
38901,130050.0000
38902,130050.0000
38903,130050.0000
38904,130050.0000
38905,130050.0000
38906,130050.0000
38907,130050.0000
38908,130050.0000
38909,130050.0000
38910,130050.0000
38911,130050.0000
38912,130050.0000
38913,130050.0000
38914,130050.0000
38915,130050.0000
38916,130050.0000
38917,130050.0000
38918,130050.0000
38919,130050.0000
38920,130050.0000
38921,130050.0000
38922,130050.0000
38923,130050.0000
38924,130050.0000
38925,130050.0000
38926,130050.0000
38927,130050.0000
38928,130050.0000
38929,130050.0000
38930,130050.0000
38931,130050.0000
38932,130050.0000
38933,130050.0000
38934,130050.0000
38935,130050.0000
38936,130050.0000
38937,130050.0000
38938,130050.0000
38939,130050.0000
38940,130050.0000
38941,130050.0000
38942,130050.0000
38943,130050.0000
38944,130050.0000
38945,130050.0000
38946,130050.0000
38947,130050.0000
38948,130050.0000
38949,130050.0000
38950,130050.0000
38951,130050.0000
38952,130050.0000
38953,130050.0000
38954,130050.0000
38955,130050.0000
38956,130050.0000
38957,130050.0000
38958,130050.0000
38959,130050.0000
38960,130050.0000
38961,130050.0000
38962,130050.0000
38963,130050.0000
38964,130050.0000
38965,130050.0000
38966,130050.0000
38967,130050.0000
38968,130050.0000
38969,130050.0000
38970,130050.0000
38971,130050.0000
38972,130050.0000
38973,130050.0000
38974,130050.0000
38975,130050.0000
38976,130050.0000
38977,130050.0000
38978,130050.0000
38979,130050.0000
38980,130050.0000
38981,130050.0000
38982,130050.0000
38983,130050.0000
38984,130050.0000
38985,130050.0000
38986,130050.0000
38987,130050.0000
38988,130050.0000
38989,130050.0000
38990,130050.0000
38991,130050.0000
38992,130050.0000
38993,130050.0000
38994,130050.0000
38995,130050.0000
38996,130050.0000
38997,130050.0000
38998,130050.0000
38999,130050.0000
39000,130050.0000
39001,130050.0000
39002,130050.0000
39003,130050.0000
39004,130050.0000
39005,130050.0000
39006,130050.0000
39007,130050.0000
39008,130050.0000
39009,130050.0000
39010,130050.0000
39011,130050.0000
39012,130050.0000
39013,130050.0000
39014,130050.0000
39015,130050.0000
39016,130050.0000
39017,130050.0000
39018,130050.0000
39019,130050.0000
39020,130050.0000
39021,130050.0000
39022,130050.0000
39023,130050.0000
39024,130050.0000
39025,130050.0000
39026,130050.0000
39027,130050.0000
39028,130050.0000
39029,130050.0000
39030,130050.0000
39031,130050.0000
39032,130050.0000
39033,130050.0000
39034,130050.0000
39035,130050.0000
39036,130050.0000
39037,130050.0000
39038,130050.0000
39039,130050.0000
39040,130050.0000
39041,130050.0000
39042,130050.0000
39043,130050.0000
39044,130050.0000
39045,130050.0000
39046,130050.0000
39047,130050.0000
39048,130050.0000
39049,130050.0000
39050,130050.0000
39051,130050.0000
39052,130050.0000
39053,130050.0000
39054,130050.0000
39055,130050.0000
39056,130050.0000
39057,130050.0000
39058,130050.0000
39059,130050.0000
39060,130050.0000
39061,130050.0000
39062,130050.0000
39063,130050.0000
39064,130050.0000
39065,130050.0000
39066,130050.0000
39067,130050.0000
39068,130050.0000
39069,130050.0000
39070,130050.0000
39071,130050.0000
39072,130050.0000
39073,130050.0000
39074,130050.0000
39075,130050.0000
39076,130050.0000
39077,130050.0000
39078,130050.0000
39079,130050.0000
39080,130050.0000
39081,130050.0000
39082,130050.0000
39083,130050.0000
39084,130050.0000
39085,130050.0000
39086,130050.0000
39087,130050.0000
39088,130050.0000
39089,130050.0000
39090,130050.0000
39091,130050.0000
39092,130050.0000
39093,130050.0000
39094,130050.0000
39095,130050.0000
39096,130050.0000
39097,130050.0000
39098,130050.0000
39099,130050.0000
39100,130050.0000
39101,130050.0000
39102,130050.0000
39103,130050.0000
39104,130050.0000
39105,130050.0000
39106,130050.0000
39107,130050.0000
39108,130050.0000
39109,130050.0000
39110,130050.0000
39111,130050.0000
39112,130050.0000
39113,130050.0000
39114,130050.0000
39115,130050.0000
39116,130050.0000
39117,130050.0000
39118,130050.0000
39119,130050.0000
39120,130050.0000
39121,130050.0000
39122,130050.0000
39123,130050.0000
39124,130050.0000
39125,130050.0000
39126,130050.0000
39127,130050.0000
39128,130050.0000
39129,130050.0000
39130,130050.0000
39131,130050.0000
39132,130050.0000
39133,130050.0000
39134,130050.0000
39135,130050.0000
39136,130050.0000
39137,130050.0000
39138,130050.0000
39139,130050.0000
39140,130050.0000
39141,130050.0000
39142,130050.0000
39143,130050.0000
39144,130050.0000
39145,130050.0000
39146,130050.0000
39147,130050.0000
39148,130050.0000
39149,130050.0000
39150,130050.0000
39151,130050.0000
39152,130050.0000
39153,130050.0000
39154,130050.0000
39155,130050.0000
39156,130050.0000
39157,130050.0000
39158,130050.0000
39159,130050.0000
39160,130050.0000
39161,130050.0000
39162,130050.0000
39163,130050.0000
39164,130050.0000
39165,130050.0000
39166,130050.0000
39167,130050.0000
39168,130050.0000
39169,130050.0000
39170,130050.0000
39171,130050.0000
39172,130050.0000
39173,130050.0000
39174,130050.0000
39175,130050.0000
39176,130050.0000
39177,130050.0000
39178,130050.0000
39179,130050.0000
39180,130050.0000
39181,130050.0000
39182,130050.0000
39183,130050.0000
39184,130050.0000
39185,130050.0000
39186,130050.0000
39187,130050.0000
39188,130050.0000
39189,130050.0000
39190,130050.0000
39191,130050.0000
39192,130050.0000
39193,130050.0000
39194,130050.0000
39195,130050.0000
39196,130050.0000
39197,130050.0000
39198,130050.0000
39199,130050.0000
39200,130050.0000
39201,130050.0000
39202,130050.0000
39203,130050.0000
39204,130050.0000
39205,130050.0000
39206,130050.0000
39207,130050.0000
39208,130050.0000
39209,130050.0000
39210,130050.0000
39211,130050.0000
39212,130050.0000
39213,130050.0000
39214,130050.0000
39215,130050.0000
39216,130050.0000
39217,130050.0000
39218,130050.0000
39219,130050.0000
39220,130050.0000
39221,130050.0000
39222,130050.0000
39223,130050.0000
39224,130050.0000
39225,130050.0000
39226,130050.0000
39227,130050.0000
39228,130050.0000
39229,130050.0000
39230,130050.0000
39231,130050.0000
39232,130050.0000
39233,130050.0000
39234,130050.0000
39235,130050.0000
39236,130050.0000
39237,130050.0000
39238,130050.0000
39239,130050.0000
39240,130050.0000
39241,130050.0000
39242,130050.0000
39243,130050.0000
39244,130050.0000
39245,130050.0000
39246,130050.0000
39247,130050.0000
39248,130050.0000
39249,130050.0000
39250,130050.0000
39251,130050.0000
39252,130050.0000
39253,130050.0000
39254,130050.0000
39255,130050.0000
39256,130050.0000
39257,130050.0000
39258,130050.0000
39259,130050.0000
39260,130050.0000
39261,130050.0000
39262,130050.0000
39263,130050.0000
39264,130050.0000
39265,130050.0000
39266,130050.0000
39267,130050.0000
39268,130050.0000
39269,130050.0000
39270,130050.0000
39271,130050.0000
39272,130050.0000
39273,130050.0000
39274,130050.0000
39275,130050.0000
39276,130050.0000
39277,130050.0000
39278,130050.0000
39279,130050.0000
39280,130050.0000
39281,130050.0000
39282,130050.0000
39283,130050.0000
39284,130050.0000
39285,130050.0000
39286,130050.0000
39287,130050.0000
39288,130050.0000
39289,130050.0000
39290,130050.0000
39291,130050.0000
39292,130050.0000
39293,130050.0000
39294,130050.0000
39295,130050.0000
39296,130050.0000
39297,130050.0000
39298,130050.0000
39299,130050.0000
39300,130050.0000
39301,130050.0000
39302,130050.0000
39303,130050.0000
39304,130050.0000
39305,130050.0000
39306,130050.0000
39307,130050.0000
39308,130050.0000
39309,130050.0000
39310,130050.0000
39311,130050.0000
39312,130050.0000
39313,130050.0000
39314,130050.0000
39315,130050.0000
39316,130050.0000
39317,130050.0000
39318,130050.0000
39319,130050.0000
39320,130050.0000
39321,130050.0000
39322,130050.0000
39323,130050.0000
39324,130050.0000
39325,130050.0000
39326,130050.0000
39327,130050.0000
39328,130050.0000
39329,130050.0000
39330,130050.0000
39331,130050.0000
39332,130050.0000
39333,130050.0000
39334,130050.0000
39335,130050.0000
39336,130050.0000
39337,130050.0000
39338,130050.0000
39339,130050.0000
39340,130050.0000
39341,130050.0000
39342,130050.0000
39343,130050.0000
39344,130050.0000
39345,130050.0000
39346,130050.0000
39347,130050.0000
39348,130050.0000
39349,130050.0000
39350,130050.0000
39351,130050.0000
39352,130050.0000
39353,130050.0000
39354,130050.0000
39355,130050.0000
39356,130050.0000
39357,130050.0000
39358,130050.0000
39359,130050.0000
39360,130050.0000
39361,130050.0000
39362,130050.0000
39363,130050.0000
39364,130050.0000
39365,130050.0000
39366,130050.0000
39367,130050.0000
39368,130050.0000
39369,130050.0000
39370,130050.0000
39371,130050.0000
39372,130050.0000
39373,130050.0000
39374,130050.0000
39375,130050.0000
39376,130050.0000
39377,130050.0000
39378,130050.0000
39379,130050.0000
39380,130050.0000
39381,130050.0000
39382,130050.0000
39383,130050.0000
39384,130050.0000
39385,130050.0000
39386,130050.0000
39387,130050.0000
39388,130050.0000
39389,130050.0000
39390,130050.0000
39391,130050.0000
39392,130050.0000
39393,130050.0000
39394,130050.0000
39395,130050.0000
39396,130050.0000
39397,130050.0000
39398,130050.0000
39399,130050.0000
39400,130050.0000
39401,130050.0000
39402,130050.0000
39403,130050.0000
39404,130050.0000
39405,130050.0000
39406,130050.0000
39407,130050.0000
39408,130050.0000
39409,130050.0000
39410,130050.0000
39411,130050.0000
39412,130050.0000
39413,130050.0000
39414,130050.0000
39415,130050.0000
39416,130050.0000
39417,130050.0000
39418,130050.0000
39419,130050.0000
39420,130050.0000
39421,130050.0000
39422,130050.0000
39423,130050.0000
39424,130050.0000
39425,130050.0000
39426,130050.0000
39427,130050.0000
39428,130050.0000
39429,130050.0000
39430,130050.0000
39431,130050.0000
39432,130050.0000
39433,130050.0000
39434,130050.0000
39435,130050.0000
39436,130050.0000
39437,130050.0000
39438,130050.0000
39439,130050.0000
39440,130050.0000
39441,130050.0000
39442,130050.0000
39443,130050.0000
39444,130050.0000
39445,130050.0000
39446,130050.0000
39447,130050.0000
39448,130050.0000
39449,130050.0000
39450,130050.0000
39451,130050.0000
39452,130050.0000
39453,130050.0000
39454,130050.0000
39455,130050.0000
39456,130050.0000
39457,130050.0000
39458,130050.0000
39459,130050.0000
39460,130050.0000
39461,130050.0000
39462,130050.0000
39463,130050.0000
39464,130050.0000
39465,130050.0000
39466,130050.0000
39467,130050.0000
39468,130050.0000
39469,130050.0000
39470,130050.0000
39471,130050.0000
39472,130050.0000
39473,130050.0000
39474,130050.0000
39475,130050.0000
39476,130050.0000
39477,130050.0000
39478,130050.0000
39479,130050.0000
39480,130050.0000
39481,130050.0000
39482,130050.0000
39483,130050.0000
39484,130050.0000
39485,130050.0000
39486,130050.0000
39487,130050.0000
39488,130050.0000
39489,130050.0000
39490,130050.0000
39491,130050.0000
39492,130050.0000
39493,130050.0000
39494,130050.0000
39495,130050.0000
39496,130050.0000
39497,130050.0000
39498,130050.0000
39499,130050.0000
39500,130050.0000
39501,130050.0000
39502,130050.0000
39503,130050.0000
39504,130050.0000
39505,130050.0000
39506,130050.0000
39507,130050.0000
39508,130050.0000
39509,130050.0000
39510,130050.0000
39511,130050.0000
39512,130050.0000
39513,130050.0000
39514,130050.0000
39515,130050.0000
39516,130050.0000
39517,130050.0000
39518,130050.0000
39519,130050.0000
39520,130050.0000
39521,130050.0000
39522,130050.0000
39523,130050.0000
39524,130050.0000
39525,130050.0000
39526,130050.0000
39527,130050.0000
39528,130050.0000
39529,130050.0000
39530,130050.0000
39531,130050.0000
39532,130050.0000
39533,130050.0000
39534,130050.0000
39535,130050.0000
39536,130050.0000
39537,130050.0000
39538,130050.0000
39539,130050.0000
39540,130050.0000
39541,130050.0000
39542,130050.0000
39543,130050.0000
39544,130050.0000
39545,130050.0000
39546,130050.0000
39547,130050.0000
39548,130050.0000
39549,130050.0000
39550,130050.0000
39551,130050.0000
39552,130050.0000
39553,130050.0000
39554,130050.0000
39555,130050.0000
39556,130050.0000
39557,130050.0000
39558,130050.0000
39559,130050.0000
39560,130050.0000
39561,130050.0000
39562,130050.0000
39563,130050.0000
39564,130050.0000
39565,130050.0000
39566,130050.0000
39567,130050.0000
39568,130050.0000
39569,130050.0000
39570,130050.0000
39571,130050.0000
39572,130050.0000
39573,130050.0000
39574,130050.0000
39575,130050.0000
39576,130050.0000
39577,130050.0000
39578,130050.0000
39579,130050.0000
39580,130050.0000
39581,130050.0000
39582,130050.0000
39583,130050.0000
39584,130050.0000
39585,130050.0000
39586,130050.0000
39587,130050.0000
39588,130050.0000
39589,130050.0000
39590,130050.0000
39591,130050.0000
39592,130050.0000
39593,130050.0000
39594,130050.0000
39595,130050.0000
39596,130050.0000
39597,130050.0000
39598,130050.0000
39599,130050.0000
39600,130050.0000
39601,130050.0000
39602,130050.0000
39603,130050.0000
39604,130050.0000
39605,130050.0000
39606,130050.0000
39607,130050.0000
39608,130050.0000
39609,130050.0000
39610,130050.0000
39611,130050.0000
39612,130050.0000
39613,130050.0000
39614,130050.0000
39615,130050.0000
39616,130050.0000
39617,130050.0000
39618,130050.0000
39619,130050.0000
39620,130050.0000
39621,130050.0000
39622,130050.0000
39623,130050.0000
39624,130050.0000
39625,130050.0000
39626,130050.0000
39627,130050.0000
39628,130050.0000
39629,130050.0000
39630,130050.0000
39631,130050.0000
39632,130050.0000
39633,130050.0000
39634,130050.0000
39635,130050.0000
39636,130050.0000
39637,130050.0000
39638,130050.0000
39639,130050.0000
39640,130050.0000
39641,130050.0000
39642,130050.0000
39643,130050.0000
39644,130050.0000
39645,130050.0000
39646,130050.0000
39647,130050.0000
39648,130050.0000
39649,130050.0000
39650,130050.0000
39651,130050.0000
39652,130050.0000
39653,130050.0000
39654,130050.0000
39655,130050.0000
39656,130050.0000
39657,130050.0000
39658,130050.0000
39659,130050.0000
39660,130050.0000
39661,130050.0000
39662,130050.0000
39663,130050.0000
39664,130050.0000
39665,130050.0000
39666,130050.0000
39667,130050.0000
39668,130050.0000
39669,130050.0000
39670,130050.0000
39671,130050.0000
39672,130050.0000
39673,130050.0000
39674,130050.0000
39675,130050.0000
39676,130050.0000
39677,130050.0000
39678,130050.0000
39679,130050.0000
39680,130050.0000
39681,130050.0000
39682,130050.0000
39683,130050.0000
39684,130050.0000
39685,130050.0000
39686,130050.0000
39687,130050.0000
39688,130050.0000
39689,130050.0000
39690,130050.0000
39691,130050.0000
39692,130050.0000
39693,130050.0000
39694,130050.0000
39695,130050.0000
39696,130050.0000
39697,130050.0000
39698,130050.0000
39699,130050.0000
39700,130050.0000
39701,130050.0000
39702,130050.0000
39703,130050.0000
39704,130050.0000
39705,130050.0000
39706,130050.0000
39707,130050.0000
39708,130050.0000
39709,130050.0000
39710,130050.0000
39711,130050.0000
39712,130050.0000
39713,130050.0000
39714,130050.0000
39715,130050.0000
39716,130050.0000
39717,130050.0000
39718,130050.0000
39719,130050.0000
39720,130050.0000
39721,130050.0000
39722,130050.0000
39723,130050.0000
39724,130050.0000
39725,130050.0000
39726,130050.0000
39727,130050.0000
39728,130050.0000
39729,130050.0000
39730,130050.0000
39731,130050.0000
39732,130050.0000
39733,130050.0000
39734,130050.0000
39735,130050.0000
39736,130050.0000
39737,130050.0000
39738,130050.0000
39739,130050.0000
39740,130050.0000
39741,130050.0000
39742,130050.0000
39743,130050.0000
39744,130050.0000
39745,130050.0000
39746,130050.0000
39747,130050.0000
39748,130050.0000
39749,130050.0000
39750,130050.0000
39751,130050.0000
39752,130050.0000
39753,130050.0000
39754,130050.0000
39755,130050.0000
39756,130050.0000
39757,130050.0000
39758,130050.0000
39759,130050.0000
39760,130050.0000
39761,130050.0000
39762,130050.0000
39763,130050.0000
39764,130050.0000
39765,130050.0000
39766,130050.0000
39767,130050.0000
39768,130050.0000
39769,130050.0000
39770,130050.0000
39771,130050.0000
39772,130050.0000
39773,130050.0000
39774,130050.0000
39775,130050.0000
39776,130050.0000
39777,130050.0000
39778,130050.0000
39779,130050.0000
39780,130050.0000
39781,130050.0000
39782,130050.0000
39783,130050.0000
39784,130050.0000
39785,130050.0000
39786,130050.0000
39787,130050.0000
39788,130050.0000
39789,130050.0000
39790,130050.0000
39791,130050.0000
39792,130050.0000
39793,130050.0000
39794,130050.0000
39795,130050.0000
39796,130050.0000
39797,130050.0000
39798,130050.0000
39799,130050.0000
39800,130050.0000
39801,130050.0000
39802,130050.0000
39803,130050.0000
39804,130050.0000
39805,130050.0000
39806,130050.0000
39807,130050.0000
39808,130050.0000
39809,130050.0000
39810,130050.0000
39811,130050.0000
39812,130050.0000
39813,130050.0000
39814,130050.0000
39815,130050.0000
39816,130050.0000
39817,130050.0000
39818,130050.0000
39819,130050.0000
39820,130050.0000
39821,130050.0000
39822,130050.0000
39823,130050.0000
39824,130050.0000
39825,130050.0000
39826,130050.0000
39827,130050.0000
39828,130050.0000
39829,130050.0000
39830,130050.0000
39831,130050.0000
39832,130050.0000
39833,130050.0000
39834,130050.0000
39835,130050.0000
39836,130050.0000
39837,130050.0000
39838,130050.0000
39839,130050.0000
39840,130050.0000
39841,130050.0000
39842,130050.0000
39843,130050.0000
39844,130050.0000
39845,130050.0000
39846,130050.0000
39847,130050.0000
39848,130050.0000
39849,130050.0000
39850,130050.0000
39851,130050.0000
39852,130050.0000
39853,130050.0000
39854,130050.0000
39855,130050.0000
39856,130050.0000
39857,130050.0000
39858,130050.0000
39859,130050.0000
39860,130050.0000
39861,130050.0000
39862,130050.0000
39863,130050.0000
39864,130050.0000
39865,130050.0000
39866,130050.0000
39867,130050.0000
39868,130050.0000
39869,130050.0000
39870,130050.0000
39871,130050.0000
39872,130050.0000
39873,130050.0000
39874,130050.0000
39875,130050.0000
39876,130050.0000
39877,130050.0000
39878,130050.0000
39879,130050.0000
39880,130050.0000
39881,130050.0000
39882,130050.0000
39883,130050.0000
39884,130050.0000
39885,130050.0000
39886,130050.0000
39887,130050.0000
39888,130050.0000
39889,130050.0000
39890,130050.0000
39891,130050.0000
39892,130050.0000
39893,130050.0000
39894,130050.0000
39895,130050.0000
39896,130050.0000
39897,130050.0000
39898,130050.0000
39899,130050.0000
39900,130050.0000
39901,130050.0000
39902,130050.0000
39903,130050.0000
39904,130050.0000
39905,130050.0000
39906,130050.0000
39907,130050.0000
39908,130050.0000
39909,130050.0000
39910,130050.0000
39911,130050.0000
39912,130050.0000
39913,130050.0000
39914,130050.0000
39915,130050.0000
39916,130050.0000
39917,130050.0000
39918,130050.0000
39919,130050.0000
39920,130050.0000
39921,130050.0000
39922,130050.0000
39923,130050.0000
39924,130050.0000
39925,130050.0000
39926,130050.0000
39927,130050.0000
39928,130050.0000
39929,130050.0000
39930,130050.0000
39931,130050.0000
39932,130050.0000
39933,130050.0000
39934,130050.0000
39935,130050.0000
39936,130050.0000
39937,130050.0000
39938,130050.0000
39939,130050.0000
39940,130050.0000
39941,130050.0000
39942,130050.0000
39943,130050.0000
39944,130050.0000
39945,130050.0000
39946,130050.0000
39947,130050.0000
39948,130050.0000
39949,130050.0000
39950,130050.0000
39951,130050.0000
39952,130050.0000
39953,130050.0000
39954,130050.0000
39955,130050.0000
39956,130050.0000
39957,130050.0000
39958,130050.0000
39959,130050.0000
39960,130050.0000
39961,130050.0000
39962,130050.0000
39963,130050.0000
39964,130050.0000
39965,130050.0000
39966,130050.0000
39967,130050.0000
39968,130050.0000
39969,130050.0000
39970,130050.0000
39971,130050.0000
39972,130050.0000
39973,130050.0000
39974,130050.0000
39975,130050.0000
39976,130050.0000
39977,130050.0000
39978,130050.0000
39979,130050.0000
39980,130050.0000
39981,130050.0000
39982,130050.0000
39983,130050.0000
39984,130050.0000
39985,130050.0000
39986,130050.0000
39987,130050.0000
39988,130050.0000
39989,130050.0000
39990,130050.0000
39991,130050.0000
39992,130050.0000
39993,130050.0000
39994,130050.0000
39995,130050.0000
39996,130050.0000
39997,130050.0000
39998,130050.0000
39999,130050.0000
40000,130050.0000
40001,130050.0000
40002,130050.0000
40003,130050.0000
40004,130050.0000
40005,130050.0000
40006,130050.0000
40007,130050.0000
40008,130050.0000
40009,130050.0000
40010,130050.0000
40011,130050.0000
40012,130050.0000
40013,130050.0000
40014,130050.0000
40015,130050.0000
40016,130050.0000
40017,130050.0000
40018,130050.0000
40019,130050.0000
40020,130050.0000
40021,130050.0000
40022,130050.0000
40023,130050.0000
40024,130050.0000
40025,130050.0000
40026,130050.0000
40027,130050.0000
40028,130050.0000
40029,130050.0000
40030,130050.0000
40031,130050.0000
40032,130050.0000
40033,130050.0000
40034,130050.0000
40035,130050.0000
40036,130050.0000
40037,130050.0000
40038,130050.0000
40039,130050.0000
40040,130050.0000
40041,130050.0000
40042,130050.0000
40043,130050.0000
40044,130050.0000
40045,130050.0000
40046,130050.0000
40047,130050.0000
40048,130050.0000
40049,130050.0000
40050,130050.0000
40051,130050.0000
40052,130050.0000
40053,130050.0000
40054,130050.0000
40055,130050.0000
40056,130050.0000
40057,130050.0000
40058,130050.0000
40059,130050.0000
40060,130050.0000
40061,130050.0000
40062,130050.0000
40063,130050.0000
40064,130050.0000
40065,130050.0000
40066,130050.0000
40067,130050.0000
40068,130050.0000
40069,130050.0000
40070,130050.0000
40071,130050.0000
40072,130050.0000
40073,130050.0000
40074,130050.0000
40075,130050.0000
40076,130050.0000
40077,130050.0000
40078,130050.0000
40079,130050.0000
40080,130050.0000
40081,130050.0000
40082,130050.0000
40083,130050.0000
40084,130050.0000
40085,130050.0000
40086,130050.0000
40087,130050.0000
40088,130050.0000
40089,130050.0000
40090,130050.0000
40091,130050.0000
40092,130050.0000
40093,130050.0000
40094,130050.0000
40095,130050.0000
40096,130050.0000
40097,130050.0000
40098,130050.0000
40099,130050.0000
40100,130050.0000
40101,130050.0000
40102,130050.0000
40103,130050.0000
40104,130050.0000
40105,130050.0000
40106,130050.0000
40107,130050.0000
40108,130050.0000
40109,130050.0000
40110,130050.0000
40111,130050.0000
40112,130050.0000
40113,130050.0000
40114,130050.0000
40115,130050.0000
40116,130050.0000
40117,130050.0000
40118,130050.0000
40119,130050.0000
40120,130050.0000
40121,130050.0000
40122,130050.0000
40123,130050.0000
40124,130050.0000
40125,130050.0000
40126,130050.0000
40127,130050.0000
40128,130050.0000
40129,130050.0000
40130,130050.0000
40131,130050.0000
40132,130050.0000
40133,130050.0000
40134,130050.0000
40135,130050.0000
40136,130050.0000
40137,130050.0000
40138,130050.0000
40139,130050.0000
40140,130050.0000
40141,130050.0000
40142,130050.0000
40143,130050.0000
40144,130050.0000
40145,130050.0000
40146,130050.0000
40147,130050.0000
40148,130050.0000
40149,130050.0000
40150,130050.0000
40151,130050.0000
40152,130050.0000
40153,130050.0000
40154,130050.0000
40155,130050.0000
40156,130050.0000
40157,130050.0000
40158,130050.0000
40159,130050.0000
40160,130050.0000
40161,130050.0000
40162,130050.0000
40163,130050.0000
40164,130050.0000
40165,130050.0000
40166,130050.0000
40167,130050.0000
40168,130050.0000
40169,130050.0000
40170,130050.0000
40171,130050.0000
40172,130050.0000
40173,130050.0000
40174,130050.0000
40175,130050.0000
40176,130050.0000
40177,130050.0000
40178,130050.0000
40179,130050.0000
40180,130050.0000
40181,130050.0000
40182,130050.0000
40183,130050.0000
40184,130050.0000
40185,130050.0000
40186,130050.0000
40187,130050.0000
40188,130050.0000
40189,130050.0000
40190,130050.0000
40191,130050.0000
40192,130050.0000
40193,130050.0000
40194,130050.0000
40195,130050.0000
40196,130050.0000
40197,130050.0000
40198,130050.0000
40199,130050.0000
40200,130050.0000
40201,130050.0000
40202,130050.0000
40203,130050.0000
40204,130050.0000
40205,130050.0000
40206,130050.0000
40207,130050.0000
40208,130050.0000
40209,130050.0000
40210,130050.0000
40211,130050.0000
40212,130050.0000
40213,130050.0000
40214,130050.0000
40215,130050.0000
40216,130050.0000
40217,130050.0000
40218,130050.0000
40219,130050.0000
40220,130050.0000
40221,130050.0000
40222,130050.0000
40223,130050.0000
40224,130050.0000
40225,130050.0000
40226,130050.0000
40227,130050.0000
40228,130050.0000
40229,130050.0000
40230,130050.0000
40231,130050.0000
40232,130050.0000
40233,130050.0000
40234,130050.0000
40235,130050.0000
40236,130050.0000
40237,130050.0000
40238,130050.0000
40239,130050.0000
40240,130050.0000
40241,130050.0000
40242,130050.0000
40243,130050.0000
40244,130050.0000
40245,130050.0000
40246,130050.0000
40247,130050.0000
40248,130050.0000
40249,130050.0000
40250,130050.0000
40251,130050.0000
40252,130050.0000
40253,130050.0000
40254,130050.0000
40255,130050.0000
40256,130050.0000
40257,130050.0000
40258,130050.0000
40259,130050.0000
40260,130050.0000
40261,130050.0000
40262,130050.0000
40263,130050.0000
40264,130050.0000
40265,130050.0000
40266,130050.0000
40267,130050.0000
40268,130050.0000
40269,130050.0000
40270,130050.0000
40271,130050.0000
40272,130050.0000
40273,130050.0000
40274,130050.0000
40275,130050.0000
40276,130050.0000
40277,130050.0000
40278,130050.0000
40279,130050.0000
40280,130050.0000
40281,130050.0000
40282,130050.0000
40283,130050.0000
40284,130050.0000
40285,130050.0000
40286,130050.0000
40287,130050.0000
40288,130050.0000
40289,130050.0000
40290,130050.0000
40291,130050.0000
40292,130050.0000
40293,130050.0000
40294,130050.0000
40295,130050.0000
40296,130050.0000
40297,130050.0000
40298,130050.0000
40299,130050.0000
40300,130050.0000
40301,130050.0000
40302,130050.0000
40303,130050.0000
40304,130050.0000
40305,130050.0000
40306,130050.0000
40307,130050.0000
40308,130050.0000
40309,130050.0000
40310,130050.0000
40311,130050.0000
40312,130050.0000
40313,130050.0000
40314,130050.0000
40315,130050.0000
40316,130050.0000
40317,130050.0000
40318,130050.0000
40319,130050.0000
40320,130050.0000
40321,130050.0000
40322,130050.0000
40323,130050.0000
40324,130050.0000
40325,130050.0000
40326,130050.0000
40327,130050.0000
40328,130050.0000
40329,130050.0000
40330,130050.0000
40331,130050.0000
40332,130050.0000
40333,130050.0000
40334,130050.0000
40335,130050.0000
40336,130050.0000
40337,130050.0000
40338,130050.0000
40339,130050.0000
40340,130050.0000
40341,130050.0000
40342,130050.0000
40343,130050.0000
40344,130050.0000
40345,130050.0000
40346,130050.0000
40347,130050.0000
40348,130050.0000
40349,130050.0000
40350,130050.0000
40351,130050.0000
40352,130050.0000
40353,130050.0000
40354,130050.0000
40355,130050.0000
40356,130050.0000
40357,130050.0000
40358,130050.0000
40359,130050.0000
40360,130050.0000
40361,130050.0000
40362,130050.0000
40363,130050.0000
40364,130050.0000
40365,130050.0000
40366,130050.0000
40367,130050.0000
40368,130050.0000
40369,130050.0000
40370,130050.0000
40371,130050.0000
40372,130050.0000
40373,130050.0000
40374,130050.0000
40375,130050.0000
40376,130050.0000
40377,130050.0000
40378,130050.0000
40379,130050.0000
40380,130050.0000
40381,130050.0000
40382,130050.0000
40383,130050.0000
40384,130050.0000
40385,130050.0000
40386,130050.0000
40387,130050.0000
40388,130050.0000
40389,130050.0000
40390,130050.0000
40391,130050.0000
40392,130050.0000
40393,130050.0000
40394,130050.0000
40395,130050.0000
40396,130050.0000
40397,130050.0000
40398,130050.0000
40399,130050.0000
40400,130050.0000
40401,130050.0000
40402,130050.0000
40403,130050.0000
40404,130050.0000
40405,130050.0000
40406,130050.0000
40407,130050.0000
40408,130050.0000
40409,130050.0000
40410,130050.0000
40411,130050.0000
40412,130050.0000
40413,130050.0000
40414,130050.0000
40415,130050.0000
40416,130050.0000
40417,130050.0000
40418,130050.0000
40419,130050.0000
40420,130050.0000
40421,130050.0000
40422,130050.0000
40423,130050.0000
40424,130050.0000
40425,130050.0000
40426,130050.0000
40427,130050.0000
40428,130050.0000
40429,130050.0000
40430,130050.0000
40431,130050.0000
40432,130050.0000
40433,130050.0000
40434,130050.0000
40435,130050.0000
40436,130050.0000
40437,130050.0000
40438,130050.0000
40439,130050.0000
40440,130050.0000
40441,130050.0000
40442,130050.0000
40443,130050.0000
40444,130050.0000
40445,130050.0000
40446,130050.0000
40447,130050.0000
40448,130050.0000
40449,130050.0000
40450,130050.0000
40451,130050.0000
40452,130050.0000
40453,130050.0000
40454,130050.0000
40455,130050.0000
40456,130050.0000
40457,130050.0000
40458,130050.0000
40459,130050.0000
40460,130050.0000
40461,130050.0000
40462,130050.0000
40463,130050.0000
40464,130050.0000
40465,130050.0000
40466,130050.0000
40467,130050.0000
40468,130050.0000
40469,130050.0000
40470,130050.0000
40471,130050.0000
40472,130050.0000
40473,130050.0000
40474,130050.0000
40475,130050.0000
40476,130050.0000
40477,130050.0000
40478,130050.0000
40479,130050.0000
40480,130050.0000
40481,130050.0000
40482,130050.0000
40483,130050.0000
40484,130050.0000
40485,130050.0000
40486,130050.0000
40487,130050.0000
40488,130050.0000
40489,130050.0000
40490,130050.0000
40491,130050.0000
40492,130050.0000
40493,130050.0000
40494,130050.0000
40495,130050.0000
40496,130050.0000
40497,130050.0000
40498,130050.0000
40499,130050.0000
40500,130050.0000
40501,130050.0000
40502,130050.0000
40503,130050.0000
40504,130050.0000
40505,130050.0000
40506,130050.0000
40507,130050.0000
40508,130050.0000
40509,130050.0000
40510,130050.0000
40511,130050.0000
40512,130050.0000
40513,130050.0000
40514,130050.0000
40515,130050.0000
40516,130050.0000
40517,130050.0000
40518,130050.0000
40519,130050.0000
40520,130050.0000
40521,130050.0000
40522,130050.0000
40523,130050.0000
40524,130050.0000
40525,130050.0000
40526,130050.0000
40527,130050.0000
40528,130050.0000
40529,130050.0000
40530,130050.0000
40531,130050.0000
40532,130050.0000
40533,130050.0000
40534,130050.0000
40535,130050.0000
40536,130050.0000
40537,130050.0000
40538,130050.0000
40539,130050.0000
40540,130050.0000
40541,130050.0000
40542,130050.0000
40543,130050.0000
40544,130050.0000
40545,130050.0000
40546,130050.0000
40547,130050.0000
40548,130050.0000
40549,130050.0000
40550,130050.0000
40551,130050.0000
40552,130050.0000
40553,130050.0000
40554,130050.0000
40555,130050.0000
40556,130050.0000
40557,130050.0000
40558,130050.0000
40559,130050.0000
40560,130050.0000
40561,130050.0000
40562,130050.0000
40563,130050.0000
40564,130050.0000
40565,130050.0000
40566,130050.0000
40567,130050.0000
40568,130050.0000
40569,130050.0000
40570,130050.0000
40571,130050.0000
40572,130050.0000
40573,130050.0000
40574,130050.0000
40575,130050.0000
40576,130050.0000
40577,130050.0000
40578,130050.0000
40579,130050.0000
40580,130050.0000
40581,130050.0000
40582,130050.0000
40583,130050.0000
40584,130050.0000
40585,130050.0000
40586,130050.0000
40587,130050.0000
40588,130050.0000
40589,130050.0000
40590,130050.0000
40591,130050.0000
40592,130050.0000
40593,130050.0000
40594,130050.0000
40595,130050.0000
40596,130050.0000
40597,130050.0000
40598,130050.0000
40599,130050.0000
40600,130050.0000
40601,130050.0000
40602,130050.0000
40603,130050.0000
40604,130050.0000
40605,130050.0000
40606,130050.0000
40607,130050.0000
40608,130050.0000
40609,130050.0000
40610,130050.0000
40611,130050.0000
40612,130050.0000
40613,130050.0000
40614,130050.0000
40615,130050.0000
40616,130050.0000
40617,130050.0000
40618,130050.0000
40619,130050.0000
40620,130050.0000
40621,130050.0000
40622,130050.0000
40623,130050.0000
40624,130050.0000
40625,130050.0000
40626,130050.0000
40627,130050.0000
40628,130050.0000
40629,130050.0000
40630,130050.0000
40631,130050.0000
40632,130050.0000
40633,130050.0000
40634,130050.0000
40635,130050.0000
40636,130050.0000
40637,130050.0000
40638,130050.0000
40639,130050.0000
40640,130050.0000
40641,130050.0000
40642,130050.0000
40643,130050.0000
40644,130050.0000
40645,130050.0000
40646,130050.0000
40647,130050.0000
40648,130050.0000
40649,130050.0000
40650,130050.0000
40651,130050.0000
40652,130050.0000
40653,130050.0000
40654,130050.0000
40655,130050.0000
40656,130050.0000
40657,130050.0000
40658,130050.0000
40659,130050.0000
40660,130050.0000
40661,130050.0000
40662,130050.0000
40663,130050.0000
40664,130050.0000
40665,130050.0000
40666,130050.0000
40667,130050.0000
40668,130050.0000
40669,130050.0000
40670,130050.0000
40671,130050.0000
40672,130050.0000
40673,130050.0000
40674,130050.0000
40675,130050.0000
40676,130050.0000
40677,130050.0000
40678,130050.0000
40679,130050.0000
40680,130050.0000
40681,130050.0000
40682,130050.0000
40683,130050.0000
40684,130050.0000
40685,130050.0000
40686,130050.0000
40687,130050.0000
40688,130050.0000
40689,130050.0000
40690,130050.0000
40691,130050.0000
40692,130050.0000
40693,130050.0000
40694,130050.0000
40695,130050.0000
40696,130050.0000
40697,130050.0000
40698,130050.0000
40699,130050.0000
40700,130050.0000
40701,130050.0000
40702,130050.0000
40703,130050.0000
40704,130050.0000
40705,130050.0000
40706,130050.0000
40707,130050.0000
40708,130050.0000
40709,130050.0000
40710,130050.0000
40711,130050.0000
40712,130050.0000
40713,130050.0000
40714,130050.0000
40715,130050.0000
40716,130050.0000
40717,130050.0000
40718,130050.0000
40719,130050.0000
40720,130050.0000
40721,130050.0000
40722,130050.0000
40723,130050.0000
40724,130050.0000
40725,130050.0000
40726,130050.0000
40727,130050.0000
40728,130050.0000
40729,130050.0000
40730,130050.0000
40731,130050.0000
40732,130050.0000
40733,130050.0000
40734,130050.0000
40735,130050.0000
40736,130050.0000
40737,130050.0000
40738,130050.0000
40739,130050.0000
40740,130050.0000
40741,130050.0000
40742,130050.0000
40743,130050.0000
40744,130050.0000
40745,130050.0000
40746,130050.0000
40747,130050.0000
40748,130050.0000
40749,130050.0000
40750,130050.0000
40751,130050.0000
40752,130050.0000
40753,130050.0000
40754,130050.0000
40755,130050.0000
40756,130050.0000
40757,130050.0000
40758,130050.0000
40759,130050.0000
40760,130050.0000
40761,130050.0000
40762,130050.0000
40763,130050.0000
40764,130050.0000
40765,130050.0000
40766,130050.0000
40767,130050.0000
40768,130050.0000
40769,130050.0000
40770,130050.0000
40771,130050.0000
40772,130050.0000
40773,130050.0000
40774,130050.0000
40775,130050.0000
40776,130050.0000
40777,130050.0000
40778,130050.0000
40779,130050.0000
40780,130050.0000
40781,130050.0000
40782,130050.0000
40783,130050.0000
40784,130050.0000
40785,130050.0000
40786,130050.0000
40787,130050.0000
40788,130050.0000
40789,130050.0000
40790,130050.0000
40791,130050.0000
40792,130050.0000
40793,130050.0000
40794,130050.0000
40795,130050.0000
40796,130050.0000
40797,130050.0000
40798,130050.0000
40799,130050.0000
40800,130050.0000
40801,130050.0000
40802,130050.0000
40803,130050.0000
40804,130050.0000
40805,130050.0000
40806,130050.0000
40807,130050.0000
40808,130050.0000
40809,130050.0000
40810,130050.0000
40811,130050.0000
40812,130050.0000
40813,130050.0000
40814,130050.0000
40815,130050.0000
40816,130050.0000
40817,130050.0000
40818,130050.0000
40819,130050.0000
40820,130050.0000
40821,130050.0000
40822,130050.0000
40823,130050.0000
40824,130050.0000
40825,130050.0000
40826,130050.0000
40827,130050.0000
40828,130050.0000
40829,130050.0000
40830,130050.0000
40831,130050.0000
40832,130050.0000
40833,130050.0000
40834,130050.0000
40835,130050.0000
40836,130050.0000
40837,130050.0000
40838,130050.0000
40839,130050.0000
40840,130050.0000
40841,130050.0000
40842,130050.0000
40843,130050.0000
40844,130050.0000
40845,130050.0000
40846,130050.0000
40847,130050.0000
40848,130050.0000
40849,130050.0000
40850,130050.0000
40851,130050.0000
40852,130050.0000
40853,130050.0000
40854,130050.0000
40855,130050.0000
40856,130050.0000
40857,130050.0000
40858,130050.0000
40859,130050.0000
40860,130050.0000
40861,130050.0000
40862,130050.0000
40863,130050.0000
40864,130050.0000
40865,130050.0000
40866,130050.0000
40867,130050.0000
40868,130050.0000
40869,130050.0000
40870,130050.0000
40871,130050.0000
40872,130050.0000
40873,130050.0000
40874,130050.0000
40875,130050.0000
40876,130050.0000
40877,130050.0000
40878,130050.0000
40879,130050.0000
40880,130050.0000
40881,130050.0000
40882,130050.0000
40883,130050.0000
40884,130050.0000
40885,130050.0000
40886,130050.0000
40887,130050.0000
40888,130050.0000
40889,130050.0000
40890,130050.0000
40891,130050.0000
40892,130050.0000
40893,130050.0000
40894,130050.0000
40895,130050.0000
40896,130050.0000
40897,130050.0000
40898,130050.0000
40899,130050.0000
40900,130050.0000
40901,130050.0000
40902,130050.0000
40903,130050.0000
40904,130050.0000
40905,130050.0000
40906,130050.0000
40907,130050.0000
40908,130050.0000
40909,130050.0000
40910,130050.0000
40911,130050.0000
40912,130050.0000
40913,130050.0000
40914,130050.0000
40915,130050.0000
40916,130050.0000
40917,130050.0000
40918,130050.0000
40919,130050.0000
40920,130050.0000
40921,130050.0000
40922,130050.0000
40923,130050.0000
40924,130050.0000
40925,130050.0000
40926,130050.0000
40927,130050.0000
40928,130050.0000
40929,130050.0000
40930,130050.0000
40931,130050.0000
40932,130050.0000
40933,130050.0000
40934,130050.0000
40935,130050.0000
40936,130050.0000
40937,130050.0000
40938,130050.0000
40939,130050.0000
40940,130050.0000
40941,130050.0000
40942,130050.0000
40943,130050.0000
40944,130050.0000
40945,130050.0000
40946,130050.0000
40947,130050.0000
40948,130050.0000
40949,130050.0000
40950,130050.0000
40951,130050.0000
40952,130050.0000
40953,130050.0000
40954,130050.0000
40955,130050.0000
40956,130050.0000
40957,130050.0000
40958,130050.0000
40959,130050.0000
40960,130050.0000
40961,130050.0000
40962,130050.0000
40963,130050.0000
40964,130050.0000
40965,130050.0000
40966,130050.0000
40967,130050.0000
40968,130050.0000
40969,130050.0000
40970,130050.0000
40971,130050.0000
40972,130050.0000
40973,130050.0000
40974,130050.0000
40975,130050.0000
40976,130050.0000
40977,130050.0000
40978,130050.0000
40979,130050.0000
40980,130050.0000
40981,130050.0000
40982,130050.0000
40983,130050.0000
40984,130050.0000
40985,130050.0000
40986,130050.0000
40987,130050.0000
40988,130050.0000
40989,130050.0000
40990,130050.0000
40991,130050.0000
40992,130050.0000
40993,130050.0000
40994,130050.0000
40995,130050.0000
40996,130050.0000
40997,130050.0000
40998,130050.0000
40999,130050.0000
41000,130050.0000
41001,130050.0000
41002,130050.0000
41003,130050.0000
41004,130050.0000
41005,130050.0000
41006,130050.0000
41007,130050.0000
41008,130050.0000
41009,130050.0000
41010,130050.0000
41011,130050.0000
41012,130050.0000
41013,130050.0000
41014,130050.0000
41015,130050.0000
41016,130050.0000
41017,130050.0000
41018,130050.0000
41019,130050.0000
41020,130050.0000
41021,130050.0000
41022,130050.0000
41023,130050.0000
41024,130050.0000
41025,130050.0000
41026,130050.0000
41027,130050.0000
41028,130050.0000
41029,130050.0000
41030,130050.0000
41031,130050.0000
41032,130050.0000
41033,130050.0000
41034,130050.0000
41035,130050.0000
41036,130050.0000
41037,130050.0000
41038,130050.0000
41039,130050.0000
41040,130050.0000
41041,130050.0000
41042,130050.0000
41043,130050.0000
41044,130050.0000
41045,130050.0000
41046,130050.0000
41047,130050.0000
41048,130050.0000
41049,130050.0000
41050,130050.0000
41051,130050.0000
41052,130050.0000
41053,130050.0000
41054,130050.0000
41055,130050.0000
41056,130050.0000
41057,130050.0000
41058,130050.0000
41059,130050.0000
41060,130050.0000
41061,130050.0000
41062,130050.0000
41063,130050.0000
41064,130050.0000
41065,130050.0000
41066,130050.0000
41067,130050.0000
41068,130050.0000
41069,130050.0000
41070,130050.0000
41071,130050.0000
41072,130050.0000
41073,130050.0000
41074,130050.0000
41075,130050.0000
41076,130050.0000
41077,130050.0000
41078,130050.0000
41079,130050.0000
41080,130050.0000
41081,130050.0000
41082,130050.0000
41083,130050.0000
41084,130050.0000
41085,130050.0000
41086,130050.0000
41087,130050.0000
41088,130050.0000
41089,130050.0000
41090,130050.0000
41091,130050.0000
41092,130050.0000
41093,130050.0000
41094,130050.0000
41095,130050.0000
41096,130050.0000
41097,130050.0000
41098,130050.0000
41099,130050.0000
41100,130050.0000
41101,130050.0000
41102,130050.0000
41103,130050.0000
41104,130050.0000
41105,130050.0000
41106,130050.0000
41107,130050.0000
41108,130050.0000
41109,130050.0000
41110,130050.0000
41111,130050.0000
41112,130050.0000
41113,130050.0000
41114,130050.0000
41115,130050.0000
41116,130050.0000
41117,130050.0000
41118,130050.0000
41119,130050.0000
41120,130050.0000
41121,130050.0000
41122,130050.0000
41123,130050.0000
41124,130050.0000
41125,130050.0000
41126,130050.0000
41127,130050.0000
41128,130050.0000
41129,130050.0000
41130,130050.0000
41131,130050.0000
41132,130050.0000
41133,130050.0000
41134,130050.0000
41135,130050.0000
41136,130050.0000
41137,130050.0000
41138,130050.0000
41139,130050.0000
41140,130050.0000
41141,130050.0000
41142,130050.0000
41143,130050.0000
41144,130050.0000
41145,130050.0000
41146,130050.0000
41147,130050.0000
41148,130050.0000
41149,130050.0000
41150,130050.0000
41151,130050.0000
41152,130050.0000
41153,130050.0000
41154,130050.0000
41155,130050.0000
41156,130050.0000
41157,130050.0000
41158,130050.0000
41159,130050.0000
41160,130050.0000
41161,130050.0000
41162,130050.0000
41163,130050.0000
41164,130050.0000
41165,130050.0000
41166,130050.0000
41167,130050.0000
41168,130050.0000
41169,130050.0000
41170,130050.0000
41171,130050.0000
41172,130050.0000
41173,130050.0000
41174,130050.0000
41175,130050.0000
41176,130050.0000
41177,130050.0000
41178,130050.0000
41179,130050.0000
41180,130050.0000
41181,130050.0000
41182,130050.0000
41183,130050.0000
41184,130050.0000
41185,130050.0000
41186,130050.0000
41187,130050.0000
41188,130050.0000
41189,130050.0000
41190,130050.0000
41191,130050.0000
41192,130050.0000
41193,130050.0000
41194,130050.0000
41195,130050.0000
41196,130050.0000
41197,130050.0000
41198,130050.0000
41199,130050.0000
41200,130050.0000
41201,130050.0000
41202,130050.0000
41203,130050.0000
41204,130050.0000
41205,130050.0000
41206,130050.0000
41207,130050.0000
41208,130050.0000
41209,130050.0000
41210,130050.0000
41211,130050.0000
41212,130050.0000
41213,130050.0000
41214,130050.0000
41215,130050.0000
41216,130050.0000
41217,130050.0000
41218,130050.0000
41219,130050.0000
41220,130050.0000
41221,130050.0000
41222,130050.0000
41223,130050.0000
41224,130050.0000
41225,130050.0000
41226,130050.0000
41227,130050.0000
41228,130050.0000
41229,130050.0000
41230,130050.0000
41231,130050.0000
41232,130050.0000
41233,130050.0000
41234,130050.0000
41235,130050.0000
41236,130050.0000
41237,130050.0000
41238,130050.0000
41239,130050.0000
41240,130050.0000
41241,130050.0000
41242,130050.0000
41243,130050.0000
41244,130050.0000
41245,130050.0000
41246,130050.0000
41247,130050.0000
41248,130050.0000
41249,130050.0000
41250,130050.0000
41251,130050.0000
41252,130050.0000
41253,130050.0000
41254,130050.0000
41255,130050.0000
41256,130050.0000
41257,130050.0000
41258,130050.0000
41259,130050.0000
41260,130050.0000
41261,130050.0000
41262,130050.0000
41263,130050.0000
41264,130050.0000
41265,130050.0000
41266,130050.0000
41267,130050.0000
41268,130050.0000
41269,130050.0000
41270,130050.0000
41271,130050.0000
41272,130050.0000
41273,130050.0000
41274,130050.0000
41275,130050.0000
41276,130050.0000
41277,130050.0000
41278,130050.0000
41279,130050.0000
41280,130050.0000
41281,130050.0000
41282,130050.0000
41283,130050.0000
41284,130050.0000
41285,130050.0000
41286,130050.0000
41287,130050.0000
41288,130050.0000
41289,130050.0000
41290,130050.0000
41291,130050.0000
41292,130050.0000
41293,130050.0000
41294,130050.0000
41295,130050.0000
41296,130050.0000
41297,130050.0000
41298,130050.0000
41299,130050.0000
41300,130050.0000
41301,130050.0000
41302,130050.0000
41303,130050.0000
41304,130050.0000
41305,130050.0000
41306,130050.0000
41307,130050.0000
41308,130050.0000
41309,130050.0000
41310,130050.0000
41311,130050.0000
41312,130050.0000
41313,130050.0000
41314,130050.0000
41315,130050.0000
41316,130050.0000
41317,130050.0000
41318,130050.0000
41319,130050.0000
41320,130050.0000
41321,130050.0000
41322,130050.0000
41323,130050.0000
41324,130050.0000
41325,130050.0000
41326,130050.0000
41327,130050.0000
41328,130050.0000
41329,130050.0000
41330,130050.0000
41331,130050.0000
41332,130050.0000
41333,130050.0000
41334,130050.0000
41335,130050.0000
41336,130050.0000
41337,130050.0000
41338,130050.0000
41339,130050.0000
41340,130050.0000
41341,130050.0000
41342,130050.0000
41343,130050.0000
41344,130050.0000
41345,130050.0000
41346,130050.0000
41347,130050.0000
41348,130050.0000
41349,130050.0000
41350,130050.0000
41351,130050.0000
41352,130050.0000
41353,130050.0000
41354,130050.0000
41355,130050.0000
41356,130050.0000
41357,130050.0000
41358,130050.0000
41359,130050.0000
41360,130050.0000
41361,130050.0000
41362,130050.0000
41363,130050.0000
41364,130050.0000
41365,130050.0000
41366,130050.0000
41367,130050.0000
41368,130050.0000
41369,130050.0000
41370,130050.0000
41371,130050.0000
41372,130050.0000
41373,130050.0000
41374,130050.0000
41375,130050.0000
41376,130050.0000
41377,130050.0000
41378,130050.0000
41379,130050.0000
41380,130050.0000
41381,130050.0000
41382,130050.0000
41383,130050.0000
41384,130050.0000
41385,130050.0000
41386,130050.0000
41387,130050.0000
41388,130050.0000
41389,130050.0000
41390,130050.0000
41391,130050.0000
41392,130050.0000
41393,130050.0000
41394,130050.0000
41395,130050.0000
41396,130050.0000
41397,130050.0000
41398,130050.0000
41399,130050.0000
41400,130050.0000
41401,130050.0000
41402,130050.0000
41403,130050.0000
41404,130050.0000
41405,130050.0000
41406,130050.0000
41407,130050.0000
41408,130050.0000
41409,130050.0000
41410,130050.0000
41411,130050.0000
41412,130050.0000
41413,130050.0000
41414,130050.0000
41415,130050.0000
41416,130050.0000
41417,130050.0000
41418,130050.0000
41419,130050.0000
41420,130050.0000
41421,130050.0000
41422,130050.0000
41423,130050.0000
41424,130050.0000
41425,130050.0000
41426,130050.0000
41427,130050.0000
41428,130050.0000
41429,130050.0000
41430,130050.0000
41431,130050.0000
41432,130050.0000
41433,130050.0000
41434,130050.0000
41435,130050.0000
41436,130050.0000
41437,130050.0000
41438,130050.0000
41439,130050.0000
41440,130050.0000
41441,130050.0000
41442,130050.0000
41443,130050.0000
41444,130050.0000
41445,130050.0000
41446,130050.0000
41447,130050.0000
41448,130050.0000
41449,130050.0000
41450,130050.0000
41451,130050.0000
41452,130050.0000
41453,130050.0000
41454,130050.0000
41455,130050.0000
41456,130050.0000
41457,130050.0000
41458,130050.0000
41459,130050.0000
41460,130050.0000
41461,130050.0000
41462,130050.0000
41463,130050.0000
41464,130050.0000
41465,130050.0000
41466,130050.0000
41467,130050.0000
41468,130050.0000
41469,130050.0000
41470,130050.0000
41471,130050.0000
41472,130050.0000
41473,130050.0000
41474,130050.0000
41475,130050.0000
41476,130050.0000
41477,130050.0000
41478,130050.0000
41479,130050.0000
41480,130050.0000
41481,130050.0000
41482,130050.0000
41483,130050.0000
41484,130050.0000
41485,130050.0000
41486,130050.0000
41487,130050.0000
41488,130050.0000
41489,130050.0000
41490,130050.0000
41491,130050.0000
41492,130050.0000
41493,130050.0000
41494,130050.0000
41495,130050.0000
41496,130050.0000
41497,130050.0000
41498,130050.0000
41499,130050.0000
41500,130050.0000
41501,130050.0000
41502,130050.0000
41503,130050.0000
41504,130050.0000
41505,130050.0000
41506,130050.0000
41507,130050.0000
41508,130050.0000
41509,130050.0000
41510,130050.0000
41511,130050.0000
41512,130050.0000
41513,130050.0000
41514,130050.0000
41515,130050.0000
41516,130050.0000
41517,130050.0000
41518,130050.0000
41519,130050.0000
41520,130050.0000
41521,130050.0000
41522,130050.0000
41523,130050.0000
41524,130050.0000
41525,130050.0000
41526,130050.0000
41527,130050.0000
41528,130050.0000
41529,130050.0000
41530,130050.0000
41531,130050.0000
41532,130050.0000
41533,130050.0000
41534,130050.0000
41535,130050.0000
41536,130050.0000
41537,130050.0000
41538,130050.0000
41539,130050.0000
41540,130050.0000
41541,130050.0000
41542,130050.0000
41543,130050.0000
41544,130050.0000
41545,130050.0000
41546,130050.0000
41547,130050.0000
41548,130050.0000
41549,130050.0000
41550,130050.0000
41551,130050.0000
41552,130050.0000
41553,130050.0000
41554,130050.0000
41555,130050.0000
41556,130050.0000
41557,130050.0000
41558,130050.0000
41559,130050.0000
41560,130050.0000
41561,130050.0000
41562,130050.0000
41563,130050.0000
41564,130050.0000
41565,130050.0000
41566,130050.0000
41567,130050.0000
41568,130050.0000
41569,130050.0000
41570,130050.0000
41571,130050.0000
41572,130050.0000
41573,130050.0000
41574,130050.0000
41575,130050.0000
41576,130050.0000
41577,130050.0000
41578,130050.0000
41579,130050.0000
41580,130050.0000
41581,130050.0000
41582,130050.0000
41583,130050.0000
41584,130050.0000
41585,130050.0000
41586,130050.0000
41587,130050.0000
41588,130050.0000
41589,130050.0000
41590,130050.0000
41591,130050.0000
41592,130050.0000
41593,130050.0000
41594,130050.0000
41595,130050.0000
41596,130050.0000
41597,130050.0000
41598,130050.0000
41599,130050.0000
41600,130050.0000
41601,130050.0000
41602,130050.0000
41603,130050.0000
41604,130050.0000
41605,130050.0000
41606,130050.0000
41607,130050.0000
41608,130050.0000
41609,130050.0000
41610,130050.0000
41611,130050.0000
41612,130050.0000
41613,130050.0000
41614,130050.0000
41615,130050.0000
41616,130050.0000
41617,130050.0000
41618,130050.0000
41619,130050.0000
41620,130050.0000
41621,130050.0000
41622,130050.0000
41623,130050.0000
41624,130050.0000
41625,130050.0000
41626,130050.0000
41627,130050.0000
41628,130050.0000
41629,130050.0000
41630,130050.0000
41631,130050.0000
41632,130050.0000
41633,130050.0000
41634,130050.0000
41635,130050.0000
41636,130050.0000
41637,130050.0000
41638,130050.0000
41639,130050.0000
41640,130050.0000
41641,130050.0000
41642,130050.0000
41643,130050.0000
41644,130050.0000
41645,130050.0000
41646,130050.0000
41647,130050.0000
41648,130050.0000
41649,130050.0000
41650,130050.0000
41651,130050.0000
41652,130050.0000
41653,130050.0000
41654,130050.0000
41655,130050.0000
41656,130050.0000
41657,130050.0000
41658,130050.0000
41659,130050.0000
41660,130050.0000
41661,130050.0000
41662,130050.0000
41663,130050.0000
41664,130050.0000
41665,130050.0000
41666,130050.0000
41667,130050.0000
41668,130050.0000
41669,130050.0000
41670,130050.0000
41671,130050.0000
41672,130050.0000
41673,130050.0000
41674,130050.0000
41675,130050.0000
41676,130050.0000
41677,130050.0000
41678,130050.0000
41679,130050.0000
41680,130050.0000
41681,130050.0000
41682,130050.0000
41683,130050.0000
41684,130050.0000
41685,130050.0000
41686,130050.0000
41687,130050.0000
41688,130050.0000
41689,130050.0000
41690,130050.0000
41691,130050.0000
41692,130050.0000
41693,130050.0000
41694,130050.0000
41695,130050.0000
41696,130050.0000
41697,130050.0000
41698,130050.0000
41699,130050.0000
41700,130050.0000
41701,130050.0000
41702,130050.0000
41703,130050.0000
41704,130050.0000
41705,130050.0000
41706,130050.0000
41707,130050.0000
41708,130050.0000
41709,130050.0000
41710,130050.0000
41711,130050.0000
41712,130050.0000
41713,130050.0000
41714,130050.0000
41715,130050.0000
41716,130050.0000
41717,130050.0000
41718,130050.0000
41719,130050.0000
41720,130050.0000
41721,130050.0000
41722,130050.0000
41723,130050.0000
41724,130050.0000
41725,130050.0000
41726,130050.0000
41727,130050.0000
41728,130050.0000
41729,130050.0000
41730,130050.0000
41731,130050.0000
41732,130050.0000
41733,130050.0000
41734,130050.0000
41735,130050.0000
41736,130050.0000
41737,130050.0000
41738,130050.0000
41739,130050.0000
41740,130050.0000
41741,130050.0000
41742,130050.0000
41743,130050.0000
41744,130050.0000
41745,130050.0000
41746,130050.0000
41747,130050.0000
41748,130050.0000
41749,130050.0000
41750,130050.0000
41751,130050.0000
41752,130050.0000
41753,130050.0000
41754,130050.0000
41755,130050.0000
41756,130050.0000
41757,130050.0000
41758,130050.0000
41759,130050.0000
41760,130050.0000
41761,130050.0000
41762,130050.0000
41763,130050.0000
41764,130050.0000
41765,130050.0000
41766,130050.0000
41767,130050.0000
41768,130050.0000
41769,130050.0000
41770,130050.0000
41771,130050.0000
41772,130050.0000
41773,130050.0000
41774,130050.0000
41775,130050.0000
41776,130050.0000
41777,130050.0000
41778,130050.0000
41779,130050.0000
41780,130050.0000
41781,130050.0000
41782,130050.0000
41783,130050.0000
41784,130050.0000
41785,130050.0000
41786,130050.0000
41787,130050.0000
41788,130050.0000
41789,130050.0000
41790,130050.0000
41791,130050.0000
41792,130050.0000
41793,130050.0000
41794,130050.0000
41795,130050.0000
41796,130050.0000
41797,130050.0000
41798,130050.0000
41799,130050.0000
41800,130050.0000
41801,130050.0000
41802,130050.0000
41803,130050.0000
41804,130050.0000
41805,130050.0000
41806,130050.0000
41807,130050.0000
41808,130050.0000
41809,130050.0000
41810,130050.0000
41811,130050.0000
41812,130050.0000
41813,130050.0000
41814,130050.0000
41815,130050.0000
41816,130050.0000
41817,130050.0000
41818,130050.0000
41819,130050.0000
41820,130050.0000
41821,130050.0000
41822,130050.0000
41823,130050.0000
41824,130050.0000
41825,130050.0000
41826,130050.0000
41827,130050.0000
41828,130050.0000
41829,130050.0000
41830,130050.0000
41831,130050.0000
41832,130050.0000
41833,130050.0000
41834,130050.0000
41835,130050.0000
41836,130050.0000
41837,130050.0000
41838,130050.0000
41839,130050.0000
41840,130050.0000
41841,130050.0000
41842,130050.0000
41843,130050.0000
41844,130050.0000
41845,130050.0000
41846,130050.0000
41847,130050.0000
41848,130050.0000
41849,130050.0000
41850,130050.0000
41851,130050.0000
41852,130050.0000
41853,130050.0000
41854,130050.0000
41855,130050.0000
41856,130050.0000
41857,130050.0000
41858,130050.0000
41859,130050.0000
41860,130050.0000
41861,130050.0000
41862,130050.0000
41863,130050.0000
41864,130050.0000
41865,130050.0000
41866,130050.0000
41867,130050.0000
41868,130050.0000
41869,130050.0000
41870,130050.0000
41871,130050.0000
41872,130050.0000
41873,130050.0000
41874,130050.0000
41875,130050.0000
41876,130050.0000
41877,130050.0000
41878,130050.0000
41879,130050.0000
41880,130050.0000
41881,130050.0000
41882,130050.0000
41883,130050.0000
41884,130050.0000
41885,130050.0000
41886,130050.0000
41887,130050.0000
41888,130050.0000
41889,130050.0000
41890,130050.0000
41891,130050.0000
41892,130050.0000
41893,130050.0000
41894,130050.0000
41895,130050.0000
41896,130050.0000
41897,130050.0000
41898,130050.0000
41899,130050.0000
41900,130050.0000
41901,130050.0000
41902,130050.0000
41903,130050.0000
41904,130050.0000
41905,130050.0000
41906,130050.0000
41907,130050.0000
41908,130050.0000
41909,130050.0000
41910,130050.0000
41911,130050.0000
41912,130050.0000
41913,130050.0000
41914,130050.0000
41915,130050.0000
41916,130050.0000
41917,130050.0000
41918,130050.0000
41919,130050.0000
41920,130050.0000
41921,130050.0000
41922,130050.0000
41923,130050.0000
41924,130050.0000
41925,130050.0000
41926,130050.0000
41927,130050.0000
41928,130050.0000
41929,130050.0000
41930,130050.0000
41931,130050.0000
41932,130050.0000
41933,130050.0000
41934,130050.0000
41935,130050.0000
41936,130050.0000
41937,130050.0000
41938,130050.0000
41939,130050.0000
41940,130050.0000
41941,130050.0000
41942,130050.0000
41943,130050.0000
41944,130050.0000
41945,130050.0000
41946,130050.0000
41947,130050.0000
41948,130050.0000
41949,130050.0000
41950,130050.0000
41951,130050.0000
41952,130050.0000
41953,130050.0000
41954,130050.0000
41955,130050.0000
41956,130050.0000
41957,130050.0000
41958,130050.0000
41959,130050.0000
41960,130050.0000
41961,130050.0000
41962,130050.0000
41963,130050.0000
41964,130050.0000
41965,130050.0000
41966,130050.0000
41967,130050.0000
41968,130050.0000
41969,130050.0000
41970,130050.0000
41971,130050.0000
41972,130050.0000
41973,130050.0000
41974,130050.0000
41975,130050.0000
41976,130050.0000
41977,130050.0000
41978,130050.0000
41979,130050.0000
41980,130050.0000
41981,130050.0000
41982,130050.0000
41983,130050.0000
41984,130050.0000
41985,130050.0000
41986,130050.0000
41987,130050.0000
41988,130050.0000
41989,130050.0000
41990,130050.0000
41991,130050.0000
41992,130050.0000
41993,130050.0000
41994,130050.0000
41995,130050.0000
41996,130050.0000
41997,130050.0000
41998,130050.0000
41999,130050.0000
42000,130050.0000
42001,130050.0000
42002,130050.0000
42003,130050.0000
42004,130050.0000
42005,130050.0000
42006,130050.0000
42007,130050.0000
42008,130050.0000
42009,130050.0000
42010,130050.0000
42011,130050.0000
42012,130050.0000
42013,130050.0000
42014,130050.0000
42015,130050.0000
42016,130050.0000
42017,130050.0000
42018,130050.0000
42019,130050.0000
42020,130050.0000
42021,130050.0000
42022,130050.0000
42023,130050.0000
42024,130050.0000
42025,130050.0000
42026,130050.0000
42027,130050.0000
42028,130050.0000
42029,130050.0000
42030,130050.0000
42031,130050.0000
42032,130050.0000
42033,130050.0000
42034,130050.0000
42035,130050.0000
42036,130050.0000
42037,130050.0000
42038,130050.0000
42039,130050.0000
42040,130050.0000
42041,130050.0000
42042,130050.0000
42043,130050.0000
42044,130050.0000
42045,130050.0000
42046,130050.0000
42047,130050.0000
42048,130050.0000
42049,130050.0000
42050,130050.0000
42051,130050.0000
42052,130050.0000
42053,130050.0000
42054,130050.0000
42055,130050.0000
42056,130050.0000
42057,130050.0000
42058,130050.0000
42059,130050.0000
42060,130050.0000
42061,130050.0000
42062,130050.0000
42063,130050.0000
42064,130050.0000
42065,130050.0000
42066,130050.0000
42067,130050.0000
42068,130050.0000
42069,130050.0000
42070,130050.0000
42071,130050.0000
42072,130050.0000
42073,130050.0000
42074,130050.0000
42075,130050.0000
42076,130050.0000
42077,130050.0000
42078,130050.0000
42079,130050.0000
42080,130050.0000
42081,130050.0000
42082,130050.0000
42083,130050.0000
42084,130050.0000
42085,130050.0000
42086,130050.0000
42087,130050.0000
42088,130050.0000
42089,130050.0000
42090,130050.0000
42091,130050.0000
42092,130050.0000
42093,130050.0000
42094,130050.0000
42095,130050.0000
42096,130050.0000
42097,130050.0000
42098,130050.0000
42099,130050.0000
42100,130050.0000
42101,130050.0000
42102,130050.0000
42103,130050.0000
42104,130050.0000
42105,130050.0000
42106,130050.0000
42107,130050.0000
42108,130050.0000
42109,130050.0000
42110,130050.0000
42111,130050.0000
42112,130050.0000
42113,130050.0000
42114,130050.0000
42115,130050.0000
42116,130050.0000
42117,130050.0000
42118,130050.0000
42119,130050.0000
42120,130050.0000
42121,130050.0000
42122,130050.0000
42123,130050.0000
42124,130050.0000
42125,130050.0000
42126,130050.0000
42127,130050.0000
42128,130050.0000
42129,130050.0000
42130,130050.0000
42131,130050.0000
42132,130050.0000
42133,130050.0000
42134,130050.0000
42135,130050.0000
42136,130050.0000
42137,130050.0000
42138,130050.0000
42139,130050.0000
42140,130050.0000
42141,130050.0000
42142,130050.0000
42143,130050.0000
42144,130050.0000
42145,130050.0000
42146,130050.0000
42147,130050.0000
42148,130050.0000
42149,130050.0000
42150,130050.0000
42151,130050.0000
42152,130050.0000
42153,130050.0000
42154,130050.0000
42155,130050.0000
42156,130050.0000
42157,130050.0000
42158,130050.0000
42159,130050.0000
42160,130050.0000
42161,130050.0000
42162,130050.0000
42163,130050.0000
42164,130050.0000
42165,130050.0000
42166,130050.0000
42167,130050.0000
42168,130050.0000
42169,130050.0000
42170,130050.0000
42171,130050.0000
42172,130050.0000
42173,130050.0000
42174,130050.0000
42175,130050.0000
42176,130050.0000
42177,130050.0000
42178,130050.0000
42179,130050.0000
42180,130050.0000
42181,130050.0000
42182,130050.0000
42183,130050.0000
42184,130050.0000
42185,130050.0000
42186,130050.0000
42187,130050.0000
42188,130050.0000
42189,130050.0000
42190,130050.0000
42191,130050.0000
42192,130050.0000
42193,130050.0000
42194,130050.0000
42195,130050.0000
42196,130050.0000
42197,130050.0000
42198,130050.0000
42199,130050.0000
42200,130050.0000
42201,130050.0000
42202,130050.0000
42203,130050.0000
42204,130050.0000
42205,130050.0000
42206,130050.0000
42207,130050.0000
42208,130050.0000
42209,130050.0000
42210,130050.0000
42211,130050.0000
42212,130050.0000
42213,130050.0000
42214,130050.0000
42215,130050.0000
42216,130050.0000
42217,130050.0000
42218,130050.0000
42219,130050.0000
42220,130050.0000
42221,130050.0000
42222,130050.0000
42223,130050.0000
42224,130050.0000
42225,130050.0000
42226,130050.0000
42227,130050.0000
42228,130050.0000
42229,130050.0000
42230,130050.0000
42231,130050.0000
42232,130050.0000
42233,130050.0000
42234,130050.0000
42235,130050.0000
42236,130050.0000
42237,130050.0000
42238,130050.0000
42239,130050.0000
42240,130050.0000
42241,130050.0000
42242,130050.0000
42243,130050.0000
42244,130050.0000
42245,130050.0000
42246,130050.0000
42247,130050.0000
42248,130050.0000
42249,130050.0000
42250,130050.0000
42251,130050.0000
42252,130050.0000
42253,130050.0000
42254,130050.0000
42255,130050.0000
42256,130050.0000
42257,130050.0000
42258,130050.0000
42259,130050.0000
42260,130050.0000
42261,130050.0000
42262,130050.0000
42263,130050.0000
42264,130050.0000
42265,130050.0000
42266,130050.0000
42267,130050.0000
42268,130050.0000
42269,130050.0000
42270,130050.0000
42271,130050.0000
42272,130050.0000
42273,130050.0000
42274,130050.0000
42275,130050.0000
42276,130050.0000
42277,130050.0000
42278,130050.0000
42279,130050.0000
42280,130050.0000
42281,130050.0000
42282,130050.0000
42283,130050.0000
42284,130050.0000
42285,130050.0000
42286,130050.0000
42287,130050.0000
42288,130050.0000
42289,130050.0000
42290,130050.0000
42291,130050.0000
42292,130050.0000
42293,130050.0000
42294,130050.0000
42295,130050.0000
42296,130050.0000
42297,130050.0000
42298,130050.0000
42299,130050.0000
42300,130050.0000
42301,130050.0000
42302,130050.0000
42303,130050.0000
42304,130050.0000
42305,130050.0000
42306,130050.0000
42307,130050.0000
42308,130050.0000
42309,130050.0000
42310,130050.0000
42311,130050.0000
42312,130050.0000
42313,130050.0000
42314,130050.0000
42315,130050.0000
42316,130050.0000
42317,130050.0000
42318,130050.0000
42319,130050.0000
42320,130050.0000
42321,130050.0000
42322,130050.0000
42323,130050.0000
42324,130050.0000
42325,130050.0000
42326,130050.0000
42327,130050.0000
42328,130050.0000
42329,130050.0000
42330,130050.0000
42331,130050.0000
42332,130050.0000
42333,130050.0000
42334,130050.0000
42335,130050.0000
42336,130050.0000
42337,130050.0000
42338,130050.0000
42339,130050.0000
42340,130050.0000
42341,130050.0000
42342,130050.0000
42343,130050.0000
42344,130050.0000
42345,130050.0000
42346,130050.0000
42347,130050.0000
42348,130050.0000
42349,130050.0000
42350,130050.0000
42351,130050.0000
42352,130050.0000
42353,130050.0000
42354,130050.0000
42355,130050.0000
42356,130050.0000
42357,130050.0000
42358,130050.0000
42359,130050.0000
42360,130050.0000
42361,130050.0000
42362,130050.0000
42363,130050.0000
42364,130050.0000
42365,130050.0000
42366,130050.0000
42367,130050.0000
42368,130050.0000
42369,130050.0000
42370,130050.0000
42371,130050.0000
42372,130050.0000
42373,130050.0000
42374,130050.0000
42375,130050.0000
42376,130050.0000
42377,130050.0000
42378,130050.0000
42379,130050.0000
42380,130050.0000
42381,130050.0000
42382,130050.0000
42383,130050.0000
42384,130050.0000
42385,130050.0000
42386,130050.0000
42387,130050.0000
42388,130050.0000
42389,130050.0000
42390,130050.0000
42391,130050.0000
42392,130050.0000
42393,130050.0000
42394,130050.0000
42395,130050.0000
42396,130050.0000
42397,130050.0000
42398,130050.0000
42399,130050.0000
42400,130050.0000
42401,130050.0000
42402,130050.0000
42403,130050.0000
42404,130050.0000
42405,130050.0000
42406,130050.0000
42407,130050.0000
42408,130050.0000
42409,130050.0000
42410,130050.0000
42411,130050.0000
42412,130050.0000
42413,130050.0000
42414,130050.0000
42415,130050.0000
42416,130050.0000
42417,130050.0000
42418,130050.0000
42419,130050.0000
42420,130050.0000
42421,130050.0000
42422,130050.0000
42423,130050.0000
42424,130050.0000
42425,130050.0000
42426,130050.0000
42427,130050.0000
42428,130050.0000
42429,130050.0000
42430,130050.0000
42431,130050.0000
42432,130050.0000
42433,130050.0000
42434,130050.0000
42435,130050.0000
42436,130050.0000
42437,130050.0000
42438,130050.0000
42439,130050.0000
42440,130050.0000
42441,130050.0000
42442,130050.0000
42443,130050.0000
42444,130050.0000
42445,130050.0000
42446,130050.0000
42447,130050.0000
42448,130050.0000
42449,130050.0000
42450,130050.0000
42451,130050.0000
42452,130050.0000
42453,130050.0000
42454,130050.0000
42455,130050.0000
42456,130050.0000
42457,130050.0000
42458,130050.0000
42459,130050.0000
42460,130050.0000
42461,130050.0000
42462,130050.0000
42463,130050.0000
42464,130050.0000
42465,130050.0000
42466,130050.0000
42467,130050.0000
42468,130050.0000
42469,130050.0000
42470,130050.0000
42471,130050.0000
42472,130050.0000
42473,130050.0000
42474,130050.0000
42475,130050.0000
42476,130050.0000
42477,130050.0000
42478,130050.0000
42479,130050.0000
42480,130050.0000
42481,130050.0000
42482,130050.0000
42483,130050.0000
42484,130050.0000
42485,130050.0000
42486,130050.0000
42487,130050.0000
42488,130050.0000
42489,130050.0000
42490,130050.0000
42491,130050.0000
42492,130050.0000
42493,130050.0000
42494,130050.0000
42495,130050.0000
42496,130050.0000
42497,130050.0000
42498,130050.0000
42499,130050.0000
42500,130050.0000
42501,130050.0000
42502,130050.0000
42503,130050.0000
42504,130050.0000
42505,130050.0000
42506,130050.0000
42507,130050.0000
42508,130050.0000
42509,130050.0000
42510,130050.0000
42511,130050.0000
42512,130050.0000
42513,130050.0000
42514,130050.0000
42515,130050.0000
42516,130050.0000
42517,130050.0000
42518,130050.0000
42519,130050.0000
42520,130050.0000
42521,130050.0000
42522,130050.0000
42523,130050.0000
42524,130050.0000
42525,130050.0000
42526,130050.0000
42527,130050.0000
42528,130050.0000
42529,130050.0000
42530,130050.0000
42531,130050.0000
42532,130050.0000
42533,130050.0000
42534,130050.0000
42535,130050.0000
42536,130050.0000
42537,130050.0000
42538,130050.0000
42539,130050.0000
42540,130050.0000
42541,130050.0000
42542,130050.0000
42543,130050.0000
42544,130050.0000
42545,130050.0000
42546,130050.0000
42547,130050.0000
42548,130050.0000
42549,130050.0000
42550,130050.0000
42551,130050.0000
42552,130050.0000
42553,130050.0000
42554,130050.0000
42555,130050.0000
42556,130050.0000
42557,130050.0000
42558,130050.0000
42559,130050.0000
42560,130050.0000
42561,130050.0000
42562,130050.0000
42563,130050.0000
42564,130050.0000
42565,130050.0000
42566,130050.0000
42567,130050.0000
42568,130050.0000
42569,130050.0000
42570,130050.0000
42571,130050.0000
42572,130050.0000
42573,130050.0000
42574,130050.0000
42575,130050.0000
42576,130050.0000
42577,130050.0000
42578,130050.0000
42579,130050.0000
42580,130050.0000
42581,130050.0000
42582,130050.0000
42583,130050.0000
42584,130050.0000
42585,130050.0000
42586,130050.0000
42587,130050.0000
42588,130050.0000
42589,130050.0000
42590,130050.0000
42591,130050.0000
42592,130050.0000
42593,130050.0000
42594,130050.0000
42595,130050.0000
42596,130050.0000
42597,130050.0000
42598,130050.0000
42599,130050.0000
42600,130050.0000
42601,130050.0000
42602,130050.0000
42603,130050.0000
42604,130050.0000
42605,130050.0000
42606,130050.0000
42607,130050.0000
42608,130050.0000
42609,130050.0000
42610,130050.0000
42611,130050.0000
42612,130050.0000
42613,130050.0000
42614,130050.0000
42615,130050.0000
42616,130050.0000
42617,130050.0000
42618,130050.0000
42619,130050.0000
42620,130050.0000
42621,130050.0000
42622,130050.0000
42623,130050.0000
42624,130050.0000
42625,130050.0000
42626,130050.0000
42627,130050.0000
42628,130050.0000
42629,130050.0000
42630,130050.0000
42631,130050.0000
42632,130050.0000
42633,130050.0000
42634,130050.0000
42635,130050.0000
42636,130050.0000
42637,130050.0000
42638,130050.0000
42639,130050.0000
42640,130050.0000
42641,130050.0000
42642,130050.0000
42643,130050.0000
42644,130050.0000
42645,130050.0000
42646,130050.0000
42647,130050.0000
42648,130050.0000
42649,130050.0000
42650,130050.0000
42651,130050.0000
42652,130050.0000
42653,130050.0000
42654,130050.0000
42655,130050.0000
42656,130050.0000
42657,130050.0000
42658,130050.0000
42659,130050.0000
42660,130050.0000
42661,130050.0000
42662,130050.0000
42663,130050.0000
42664,130050.0000
42665,130050.0000
42666,130050.0000
42667,130050.0000
42668,130050.0000
42669,130050.0000
42670,130050.0000
42671,130050.0000
42672,130050.0000
42673,130050.0000
42674,130050.0000
42675,130050.0000
42676,130050.0000
42677,130050.0000
42678,130050.0000
42679,130050.0000
42680,130050.0000
42681,130050.0000
42682,130050.0000
42683,130050.0000
42684,130050.0000
42685,130050.0000
42686,130050.0000
42687,130050.0000
42688,130050.0000
42689,130050.0000
42690,130050.0000
42691,130050.0000
42692,130050.0000
42693,130050.0000
42694,130050.0000
42695,130050.0000
42696,130050.0000
42697,130050.0000
42698,130050.0000
42699,130050.0000
42700,130050.0000
42701,130050.0000
42702,130050.0000
42703,130050.0000
42704,130050.0000
42705,130050.0000
42706,130050.0000
42707,130050.0000
42708,130050.0000
42709,130050.0000
42710,130050.0000
42711,130050.0000
42712,130050.0000
42713,130050.0000
42714,130050.0000
42715,130050.0000
42716,130050.0000
42717,130050.0000
42718,130050.0000
42719,130050.0000
42720,130050.0000
42721,130050.0000
42722,130050.0000
42723,130050.0000
42724,130050.0000
42725,130050.0000
42726,130050.0000
42727,130050.0000
42728,130050.0000
42729,130050.0000
42730,130050.0000
42731,130050.0000
42732,130050.0000
42733,130050.0000
42734,130050.0000
42735,130050.0000
42736,130050.0000
42737,130050.0000
42738,130050.0000
42739,130050.0000
42740,130050.0000
42741,130050.0000
42742,130050.0000
42743,130050.0000
42744,130050.0000
42745,130050.0000
42746,130050.0000
42747,130050.0000
42748,130050.0000
42749,130050.0000
42750,130050.0000
42751,130050.0000
42752,130050.0000
42753,130050.0000
42754,130050.0000
42755,130050.0000
42756,130050.0000
42757,130050.0000
42758,130050.0000
42759,130050.0000
42760,130050.0000
42761,130050.0000
42762,130050.0000
42763,130050.0000
42764,130050.0000
42765,130050.0000
42766,130050.0000
42767,130050.0000
42768,130050.0000
42769,130050.0000
42770,130050.0000
42771,130050.0000
42772,130050.0000
42773,130050.0000
42774,130050.0000
42775,130050.0000
42776,130050.0000
42777,130050.0000
42778,130050.0000
42779,130050.0000
42780,130050.0000
42781,130050.0000
42782,130050.0000
42783,130050.0000
42784,130050.0000
42785,130050.0000
42786,130050.0000
42787,130050.0000
42788,130050.0000
42789,130050.0000
42790,130050.0000
42791,130050.0000
42792,130050.0000
42793,130050.0000
42794,130050.0000
42795,130050.0000
42796,130050.0000
42797,130050.0000
42798,130050.0000
42799,130050.0000
42800,130050.0000
42801,130050.0000
42802,130050.0000
42803,130050.0000
42804,130050.0000
42805,130050.0000
42806,130050.0000
42807,130050.0000
42808,130050.0000
42809,130050.0000
42810,130050.0000
42811,130050.0000
42812,130050.0000
42813,130050.0000
42814,130050.0000
42815,130050.0000
42816,130050.0000
42817,130050.0000
42818,130050.0000
42819,130050.0000
42820,130050.0000
42821,130050.0000
42822,130050.0000
42823,130050.0000
42824,130050.0000
42825,130050.0000
42826,130050.0000
42827,130050.0000
42828,130050.0000
42829,130050.0000
42830,130050.0000
42831,130050.0000
42832,130050.0000
42833,130050.0000
42834,130050.0000
42835,130050.0000
42836,130050.0000
42837,130050.0000
42838,130050.0000
42839,130050.0000
42840,130050.0000
42841,130050.0000
42842,130050.0000
42843,130050.0000
42844,130050.0000
42845,130050.0000
42846,130050.0000
42847,130050.0000
42848,130050.0000
42849,130050.0000
42850,130050.0000
42851,130050.0000
42852,130050.0000
42853,130050.0000
42854,130050.0000
42855,130050.0000
42856,130050.0000
42857,130050.0000
42858,130050.0000
42859,130050.0000
42860,130050.0000
42861,130050.0000
42862,130050.0000
42863,130050.0000
42864,130050.0000
42865,130050.0000
42866,130050.0000
42867,130050.0000
42868,130050.0000
42869,130050.0000
42870,130050.0000
42871,130050.0000
42872,130050.0000
42873,130050.0000
42874,130050.0000
42875,130050.0000
42876,130050.0000
42877,130050.0000
42878,130050.0000
42879,130050.0000
42880,130050.0000
42881,130050.0000
42882,130050.0000
42883,130050.0000
42884,130050.0000
42885,130050.0000
42886,130050.0000
42887,130050.0000
42888,130050.0000
42889,130050.0000
42890,130050.0000
42891,130050.0000
42892,130050.0000
42893,130050.0000
42894,130050.0000
42895,130050.0000
42896,130050.0000
42897,130050.0000
42898,130050.0000
42899,130050.0000
42900,130050.0000
42901,130050.0000
42902,130050.0000
42903,130050.0000
42904,130050.0000
42905,130050.0000
42906,130050.0000
42907,130050.0000
42908,130050.0000
42909,130050.0000
42910,130050.0000
42911,130050.0000
42912,130050.0000
42913,130050.0000
42914,130050.0000
42915,130050.0000
42916,130050.0000
42917,130050.0000
42918,130050.0000
42919,130050.0000
42920,130050.0000
42921,130050.0000
42922,130050.0000
42923,130050.0000
42924,130050.0000
42925,130050.0000
42926,130050.0000
42927,130050.0000
42928,130050.0000
42929,130050.0000
42930,130050.0000
42931,130050.0000
42932,130050.0000
42933,130050.0000
42934,130050.0000
42935,130050.0000
42936,130050.0000
42937,130050.0000
42938,130050.0000
42939,130050.0000
42940,130050.0000
42941,130050.0000
42942,130050.0000
42943,130050.0000
42944,130050.0000
42945,130050.0000
42946,130050.0000
42947,130050.0000
42948,130050.0000
42949,130050.0000
42950,130050.0000
42951,130050.0000
42952,130050.0000
42953,130050.0000
42954,130050.0000
42955,130050.0000
42956,130050.0000
42957,130050.0000
42958,130050.0000
42959,130050.0000
42960,130050.0000
42961,130050.0000
42962,130050.0000
42963,130050.0000
42964,130050.0000
42965,130050.0000
42966,130050.0000
42967,130050.0000
42968,130050.0000
42969,130050.0000
42970,130050.0000
42971,130050.0000
42972,130050.0000
42973,130050.0000
42974,130050.0000
42975,130050.0000
42976,130050.0000
42977,130050.0000
42978,130050.0000
42979,130050.0000
42980,130050.0000
42981,130050.0000
42982,130050.0000
42983,130050.0000
42984,130050.0000
42985,130050.0000
42986,130050.0000
42987,130050.0000
42988,130050.0000
42989,130050.0000
42990,130050.0000
42991,130050.0000
42992,130050.0000
42993,130050.0000
42994,130050.0000
42995,130050.0000
42996,130050.0000
42997,130050.0000
42998,130050.0000
42999,130050.0000
43000,130050.0000
43001,130050.0000
43002,130050.0000
43003,130050.0000
43004,130050.0000
43005,130050.0000
43006,130050.0000
43007,130050.0000
43008,130050.0000
43009,130050.0000
43010,130050.0000
43011,130050.0000
43012,130050.0000
43013,130050.0000
43014,130050.0000
43015,130050.0000
43016,130050.0000
43017,130050.0000
43018,130050.0000
43019,130050.0000
43020,130050.0000
43021,130050.0000
43022,130050.0000
43023,130050.0000
43024,130050.0000
43025,130050.0000
43026,130050.0000
43027,130050.0000
43028,130050.0000
43029,130050.0000
43030,130050.0000
43031,130050.0000
43032,130050.0000
43033,130050.0000
43034,130050.0000
43035,130050.0000
43036,130050.0000
43037,130050.0000
43038,130050.0000
43039,130050.0000
43040,130050.0000
43041,130050.0000
43042,130050.0000
43043,130050.0000
43044,130050.0000
43045,130050.0000
43046,130050.0000
43047,130050.0000
43048,130050.0000
43049,130050.0000
43050,130050.0000
43051,130050.0000
43052,130050.0000
43053,130050.0000
43054,130050.0000
43055,130050.0000
43056,130050.0000
43057,130050.0000
43058,130050.0000
43059,130050.0000
43060,130050.0000
43061,130050.0000
43062,130050.0000
43063,130050.0000
43064,130050.0000
43065,130050.0000
43066,130050.0000
43067,130050.0000
43068,130050.0000
43069,130050.0000
43070,130050.0000
43071,130050.0000
43072,130050.0000
43073,130050.0000
43074,130050.0000
43075,130050.0000
43076,130050.0000
43077,130050.0000
43078,130050.0000
43079,130050.0000
43080,130050.0000
43081,130050.0000
43082,130050.0000
43083,130050.0000
43084,130050.0000
43085,130050.0000
43086,130050.0000
43087,130050.0000
43088,130050.0000
43089,130050.0000
43090,130050.0000
43091,130050.0000
43092,130050.0000
43093,130050.0000
43094,130050.0000
43095,130050.0000
43096,130050.0000
43097,130050.0000
43098,130050.0000
43099,130050.0000
43100,130050.0000
43101,130050.0000
43102,130050.0000
43103,130050.0000
43104,130050.0000
43105,130050.0000
43106,130050.0000
43107,130050.0000
43108,130050.0000
43109,130050.0000
43110,130050.0000
43111,130050.0000
43112,130050.0000
43113,130050.0000
43114,130050.0000
43115,130050.0000
43116,130050.0000
43117,130050.0000
43118,130050.0000
43119,130050.0000
43120,130050.0000
43121,130050.0000
43122,130050.0000
43123,130050.0000
43124,130050.0000
43125,130050.0000
43126,130050.0000
43127,130050.0000
43128,130050.0000
43129,130050.0000
43130,130050.0000
43131,130050.0000
43132,130050.0000
43133,130050.0000
43134,130050.0000
43135,130050.0000
43136,130050.0000
43137,130050.0000
43138,130050.0000
43139,130050.0000
43140,130050.0000
43141,130050.0000
43142,130050.0000
43143,130050.0000
43144,130050.0000
43145,130050.0000
43146,130050.0000
43147,130050.0000
43148,130050.0000
43149,130050.0000
43150,130050.0000
43151,130050.0000
43152,130050.0000
43153,130050.0000
43154,130050.0000
43155,130050.0000
43156,130050.0000
43157,130050.0000
43158,130050.0000
43159,130050.0000
43160,130050.0000
43161,130050.0000
43162,130050.0000
43163,130050.0000
43164,130050.0000
43165,130050.0000
43166,130050.0000
43167,130050.0000
43168,130050.0000
43169,130050.0000
43170,130050.0000
43171,130050.0000
43172,130050.0000
43173,130050.0000
43174,130050.0000
43175,130050.0000
43176,130050.0000
43177,130050.0000
43178,130050.0000
43179,130050.0000
43180,130050.0000
43181,130050.0000
43182,130050.0000
43183,130050.0000
43184,130050.0000
43185,130050.0000
43186,130050.0000
43187,130050.0000
43188,130050.0000
43189,130050.0000
43190,130050.0000
43191,130050.0000
43192,130050.0000
43193,130050.0000
43194,130050.0000
43195,130050.0000
43196,130050.0000
43197,130050.0000
43198,130050.0000
43199,130050.0000
43200,130050.0000
43201,130050.0000
43202,130050.0000
43203,130050.0000
43204,130050.0000
43205,130050.0000
43206,130050.0000
43207,130050.0000
43208,130050.0000
43209,130050.0000
43210,130050.0000
43211,130050.0000
43212,130050.0000
43213,130050.0000
43214,130050.0000
43215,130050.0000
43216,130050.0000
43217,130050.0000
43218,130050.0000
43219,130050.0000
43220,130050.0000
43221,130050.0000
43222,130050.0000
43223,130050.0000
43224,130050.0000
43225,130050.0000
43226,130050.0000
43227,130050.0000
43228,130050.0000
43229,130050.0000
43230,130050.0000
43231,130050.0000
43232,130050.0000
43233,130050.0000
43234,130050.0000
43235,130050.0000
43236,130050.0000
43237,130050.0000
43238,130050.0000
43239,130050.0000
43240,130050.0000
43241,130050.0000
43242,130050.0000
43243,130050.0000
43244,130050.0000
43245,130050.0000
43246,130050.0000
43247,130050.0000
43248,130050.0000
43249,130050.0000
43250,130050.0000
43251,130050.0000
43252,130050.0000
43253,130050.0000
43254,130050.0000
43255,130050.0000
43256,130050.0000
43257,130050.0000
43258,130050.0000
43259,130050.0000
43260,130050.0000
43261,130050.0000
43262,130050.0000
43263,130050.0000
43264,130050.0000
43265,130050.0000
43266,130050.0000
43267,130050.0000
43268,130050.0000
43269,130050.0000
43270,130050.0000
43271,130050.0000
43272,130050.0000
43273,130050.0000
43274,130050.0000
43275,130050.0000
43276,130050.0000
43277,130050.0000
43278,130050.0000
43279,130050.0000
43280,130050.0000
43281,130050.0000
43282,130050.0000
43283,130050.0000
43284,130050.0000
43285,130050.0000
43286,130050.0000
43287,130050.0000
43288,130050.0000
43289,130050.0000
43290,130050.0000
43291,130050.0000
43292,130050.0000
43293,130050.0000
43294,130050.0000
43295,130050.0000
43296,130050.0000
43297,130050.0000
43298,130050.0000
43299,130050.0000
43300,130050.0000
43301,130050.0000
43302,130050.0000
43303,130050.0000
43304,130050.0000
43305,130050.0000
43306,130050.0000
43307,130050.0000
43308,130050.0000
43309,130050.0000
43310,130050.0000
43311,130050.0000
43312,130050.0000
43313,130050.0000
43314,130050.0000
43315,130050.0000
43316,130050.0000
43317,130050.0000
43318,130050.0000
43319,130050.0000
43320,130050.0000
43321,130050.0000
43322,130050.0000
43323,130050.0000
43324,130050.0000
43325,130050.0000
43326,130050.0000
43327,130050.0000
43328,130050.0000
43329,130050.0000
43330,130050.0000
43331,130050.0000
43332,130050.0000
43333,130050.0000
43334,130050.0000
43335,130050.0000
43336,130050.0000
43337,130050.0000
43338,130050.0000
43339,130050.0000
43340,130050.0000
43341,130050.0000
43342,130050.0000
43343,130050.0000
43344,130050.0000
43345,130050.0000
43346,130050.0000
43347,130050.0000
43348,130050.0000
43349,130050.0000
43350,130050.0000
43351,130050.0000
43352,130050.0000
43353,130050.0000
43354,130050.0000
43355,130050.0000
43356,130050.0000
43357,130050.0000
43358,130050.0000
43359,130050.0000
43360,130050.0000
43361,130050.0000
43362,130050.0000
43363,130050.0000
43364,130050.0000
43365,130050.0000
43366,130050.0000
43367,130050.0000
43368,130050.0000
43369,130050.0000
43370,130050.0000
43371,130050.0000
43372,130050.0000
43373,130050.0000
43374,130050.0000
43375,130050.0000
43376,130050.0000
43377,130050.0000
43378,130050.0000
43379,130050.0000
43380,130050.0000
43381,130050.0000
43382,130050.0000
43383,130050.0000
43384,130050.0000
43385,130050.0000
43386,130050.0000
43387,130050.0000
43388,130050.0000
43389,130050.0000
43390,130050.0000
43391,130050.0000
43392,130050.0000
43393,130050.0000
43394,130050.0000
43395,130050.0000
43396,130050.0000
43397,130050.0000
43398,130050.0000
43399,130050.0000
43400,130050.0000
43401,130050.0000
43402,130050.0000
43403,130050.0000
43404,130050.0000
43405,130050.0000
43406,130050.0000
43407,130050.0000
43408,130050.0000
43409,130050.0000
43410,130050.0000
43411,130050.0000
43412,130050.0000
43413,130050.0000
43414,130050.0000
43415,130050.0000
43416,130050.0000
43417,130050.0000
43418,130050.0000
43419,130050.0000
43420,130050.0000
43421,130050.0000
43422,130050.0000
43423,130050.0000
43424,130050.0000
43425,130050.0000
43426,130050.0000
43427,130050.0000
43428,130050.0000
43429,130050.0000
43430,130050.0000
43431,130050.0000
43432,130050.0000
43433,130050.0000
43434,130050.0000
43435,130050.0000
43436,130050.0000
43437,130050.0000
43438,130050.0000
43439,130050.0000
43440,130050.0000
43441,130050.0000
43442,130050.0000
43443,130050.0000
43444,130050.0000
43445,130050.0000
43446,130050.0000
43447,130050.0000
43448,130050.0000
43449,130050.0000
43450,130050.0000
43451,130050.0000
43452,130050.0000
43453,130050.0000
43454,130050.0000
43455,130050.0000
43456,130050.0000
43457,130050.0000
43458,130050.0000
43459,130050.0000
43460,130050.0000
43461,130050.0000
43462,130050.0000
43463,130050.0000
43464,130050.0000
43465,130050.0000
43466,130050.0000
43467,130050.0000
43468,130050.0000
43469,130050.0000
43470,130050.0000
43471,130050.0000
43472,130050.0000
43473,130050.0000
43474,130050.0000
43475,130050.0000
43476,130050.0000
43477,130050.0000
43478,130050.0000
43479,130050.0000
43480,130050.0000
43481,130050.0000
43482,130050.0000
43483,130050.0000
43484,130050.0000
43485,130050.0000
43486,130050.0000
43487,130050.0000
43488,130050.0000
43489,130050.0000
43490,130050.0000
43491,130050.0000
43492,130050.0000
43493,130050.0000
43494,130050.0000
43495,130050.0000
43496,130050.0000
43497,130050.0000
43498,130050.0000
43499,130050.0000
43500,130050.0000
43501,130050.0000
43502,130050.0000
43503,130050.0000
43504,130050.0000
43505,130050.0000
43506,130050.0000
43507,130050.0000
43508,130050.0000
43509,130050.0000
43510,130050.0000
43511,130050.0000
43512,130050.0000
43513,130050.0000
43514,130050.0000
43515,130050.0000
43516,130050.0000
43517,130050.0000
43518,130050.0000
43519,130050.0000
43520,130050.0000
43521,130050.0000
43522,130050.0000
43523,130050.0000
43524,130050.0000
43525,130050.0000
43526,130050.0000
43527,130050.0000
43528,130050.0000
43529,130050.0000
43530,130050.0000
43531,130050.0000
43532,130050.0000
43533,130050.0000
43534,130050.0000
43535,130050.0000
43536,130050.0000
43537,130050.0000
43538,130050.0000
43539,130050.0000
43540,130050.0000
43541,130050.0000
43542,130050.0000
43543,130050.0000
43544,130050.0000
43545,130050.0000
43546,130050.0000
43547,130050.0000
43548,130050.0000
43549,130050.0000
43550,130050.0000
43551,130050.0000
43552,130050.0000
43553,130050.0000
43554,130050.0000
43555,130050.0000
43556,130050.0000
43557,130050.0000
43558,130050.0000
43559,130050.0000
43560,130050.0000
43561,130050.0000
43562,130050.0000
43563,130050.0000
43564,130050.0000
43565,130050.0000
43566,130050.0000
43567,130050.0000
43568,130050.0000
43569,130050.0000
43570,130050.0000
43571,130050.0000
43572,130050.0000
43573,130050.0000
43574,130050.0000
43575,130050.0000
43576,130050.0000
43577,130050.0000
43578,130050.0000
43579,130050.0000
43580,130050.0000
43581,130050.0000
43582,130050.0000
43583,130050.0000
43584,130050.0000
43585,130050.0000
43586,130050.0000
43587,130050.0000
43588,130050.0000
43589,130050.0000
43590,130050.0000
43591,130050.0000
43592,130050.0000
43593,130050.0000
43594,130050.0000
43595,130050.0000
43596,130050.0000
43597,130050.0000
43598,130050.0000
43599,130050.0000
43600,130050.0000
43601,130050.0000
43602,130050.0000
43603,130050.0000
43604,130050.0000
43605,130050.0000
43606,130050.0000
43607,130050.0000
43608,130050.0000
43609,130050.0000
43610,130050.0000
43611,130050.0000
43612,130050.0000
43613,130050.0000
43614,130050.0000
43615,130050.0000
43616,130050.0000
43617,130050.0000
43618,130050.0000
43619,130050.0000
43620,130050.0000
43621,130050.0000
43622,130050.0000
43623,130050.0000
43624,130050.0000
43625,130050.0000
43626,130050.0000
43627,130050.0000
43628,130050.0000
43629,130050.0000
43630,130050.0000
43631,130050.0000
43632,130050.0000
43633,130050.0000
43634,130050.0000
43635,130050.0000
43636,130050.0000
43637,130050.0000
43638,130050.0000
43639,130050.0000
43640,130050.0000
43641,130050.0000
43642,130050.0000
43643,130050.0000
43644,130050.0000
43645,130050.0000
43646,130050.0000
43647,130050.0000
43648,130050.0000
43649,130050.0000
43650,130050.0000
43651,130050.0000
43652,130050.0000
43653,130050.0000
43654,130050.0000
43655,130050.0000
43656,130050.0000
43657,130050.0000
43658,130050.0000
43659,130050.0000
43660,130050.0000
43661,130050.0000
43662,130050.0000
43663,130050.0000
43664,130050.0000
43665,130050.0000
43666,130050.0000
43667,130050.0000
43668,130050.0000
43669,130050.0000
43670,130050.0000
43671,130050.0000
43672,130050.0000
43673,130050.0000
43674,130050.0000
43675,130050.0000
43676,130050.0000
43677,130050.0000
43678,130050.0000
43679,130050.0000
43680,130050.0000
43681,130050.0000
43682,130050.0000
43683,130050.0000
43684,130050.0000
43685,130050.0000
43686,130050.0000
43687,130050.0000
43688,130050.0000
43689,130050.0000
43690,130050.0000
43691,130050.0000
43692,130050.0000
43693,130050.0000
43694,130050.0000
43695,130050.0000
43696,130050.0000
43697,130050.0000
43698,130050.0000
43699,130050.0000
43700,130050.0000
43701,130050.0000
43702,130050.0000
43703,130050.0000
43704,130050.0000
43705,130050.0000
43706,130050.0000
43707,130050.0000
43708,130050.0000
43709,130050.0000
43710,130050.0000
43711,130050.0000
43712,130050.0000
43713,130050.0000
43714,130050.0000
43715,130050.0000
43716,130050.0000
43717,130050.0000
43718,130050.0000
43719,130050.0000
43720,130050.0000
43721,130050.0000
43722,130050.0000
43723,130050.0000
43724,130050.0000
43725,130050.0000
43726,130050.0000
43727,130050.0000
43728,130050.0000
43729,130050.0000
43730,130050.0000
43731,130050.0000
43732,130050.0000
43733,130050.0000
43734,130050.0000
43735,130050.0000
43736,130050.0000
43737,130050.0000
43738,130050.0000
43739,130050.0000
43740,130050.0000
43741,130050.0000
43742,130050.0000
43743,130050.0000
43744,130050.0000
43745,130050.0000
43746,130050.0000
43747,130050.0000
43748,130050.0000
43749,130050.0000
43750,130050.0000
43751,130050.0000
43752,130050.0000
43753,130050.0000
43754,130050.0000
43755,130050.0000
43756,130050.0000
43757,130050.0000
43758,130050.0000
43759,130050.0000
43760,130050.0000
43761,130050.0000
43762,130050.0000
43763,130050.0000
43764,130050.0000
43765,130050.0000
43766,130050.0000
43767,130050.0000
43768,130050.0000
43769,130050.0000
43770,130050.0000
43771,130050.0000
43772,130050.0000
43773,130050.0000
43774,130050.0000
43775,130050.0000
43776,130050.0000
43777,130050.0000
43778,130050.0000
43779,130050.0000
43780,130050.0000
43781,130050.0000
43782,130050.0000
43783,130050.0000
43784,130050.0000
43785,130050.0000
43786,130050.0000
43787,130050.0000
43788,130050.0000
43789,130050.0000
43790,130050.0000
43791,130050.0000
43792,130050.0000
43793,130050.0000
43794,130050.0000
43795,130050.0000
43796,130050.0000
43797,130050.0000
43798,130050.0000
43799,130050.0000
43800,130050.0000
43801,130050.0000
43802,130050.0000
43803,130050.0000
43804,130050.0000
43805,130050.0000
43806,130050.0000
43807,130050.0000
43808,130050.0000
43809,130050.0000
43810,130050.0000
43811,130050.0000
43812,130050.0000
43813,130050.0000
43814,130050.0000
43815,130050.0000
43816,130050.0000
43817,130050.0000
43818,130050.0000
43819,130050.0000
43820,130050.0000
43821,130050.0000
43822,130050.0000
43823,130050.0000
43824,130050.0000
43825,130050.0000
43826,130050.0000
43827,130050.0000
43828,130050.0000
43829,130050.0000
43830,130050.0000
43831,130050.0000
43832,130050.0000
43833,130050.0000
43834,130050.0000
43835,130050.0000
43836,130050.0000
43837,130050.0000
43838,130050.0000
43839,130050.0000
43840,130050.0000
43841,130050.0000
43842,130050.0000
43843,130050.0000
43844,130050.0000
43845,130050.0000
43846,130050.0000
43847,130050.0000
43848,130050.0000
43849,130050.0000
43850,130050.0000
43851,130050.0000
43852,130050.0000
43853,130050.0000
43854,130050.0000
43855,130050.0000
43856,130050.0000
43857,130050.0000
43858,130050.0000
43859,130050.0000
43860,130050.0000
43861,130050.0000
43862,130050.0000
43863,130050.0000
43864,130050.0000
43865,130050.0000
43866,130050.0000
43867,130050.0000
43868,130050.0000
43869,130050.0000
43870,130050.0000
43871,130050.0000
43872,130050.0000
43873,130050.0000
43874,130050.0000
43875,130050.0000
43876,130050.0000
43877,130050.0000
43878,130050.0000
43879,130050.0000
43880,130050.0000
43881,130050.0000
43882,130050.0000
43883,130050.0000
43884,130050.0000
43885,130050.0000
43886,130050.0000
43887,130050.0000
43888,130050.0000
43889,130050.0000
43890,130050.0000
43891,130050.0000
43892,130050.0000
43893,130050.0000
43894,130050.0000
43895,130050.0000
43896,130050.0000
43897,130050.0000
43898,130050.0000
43899,130050.0000
43900,130050.0000
43901,130050.0000
43902,130050.0000
43903,130050.0000
43904,130050.0000
43905,130050.0000
43906,130050.0000
43907,130050.0000
43908,130050.0000
43909,130050.0000
43910,130050.0000
43911,130050.0000
43912,130050.0000
43913,130050.0000
43914,130050.0000
43915,130050.0000
43916,130050.0000
43917,130050.0000
43918,130050.0000
43919,130050.0000
43920,130050.0000
43921,130050.0000
43922,130050.0000
43923,130050.0000
43924,130050.0000
43925,130050.0000
43926,130050.0000
43927,130050.0000
43928,130050.0000
43929,130050.0000
43930,130050.0000
43931,130050.0000
43932,130050.0000
43933,130050.0000
43934,130050.0000
43935,130050.0000
43936,130050.0000
43937,130050.0000
43938,130050.0000
43939,130050.0000
43940,130050.0000
43941,130050.0000
43942,130050.0000
43943,130050.0000
43944,130050.0000
43945,130050.0000
43946,130050.0000
43947,130050.0000
43948,130050.0000
43949,130050.0000
43950,130050.0000
43951,130050.0000
43952,130050.0000
43953,130050.0000
43954,130050.0000
43955,130050.0000
43956,130050.0000
43957,130050.0000
43958,130050.0000
43959,130050.0000
43960,130050.0000
43961,130050.0000
43962,130050.0000
43963,130050.0000
43964,130050.0000
43965,130050.0000
43966,130050.0000
43967,130050.0000
43968,130050.0000
43969,130050.0000
43970,130050.0000
43971,130050.0000
43972,130050.0000
43973,130050.0000
43974,130050.0000
43975,130050.0000
43976,130050.0000
43977,130050.0000
43978,130050.0000
43979,130050.0000
43980,130050.0000
43981,130050.0000
43982,130050.0000
43983,130050.0000
43984,130050.0000
43985,130050.0000
43986,130050.0000
43987,130050.0000
43988,130050.0000
43989,130050.0000
43990,130050.0000
43991,130050.0000
43992,130050.0000
43993,130050.0000
43994,130050.0000
43995,130050.0000
43996,130050.0000
43997,130050.0000
43998,130050.0000
43999,130050.0000
44000,130050.0000
44001,130050.0000
44002,130050.0000
44003,130050.0000
44004,130050.0000
44005,130050.0000
44006,130050.0000
44007,130050.0000
44008,130050.0000
44009,130050.0000
44010,130050.0000
44011,130050.0000
44012,130050.0000
44013,130050.0000
44014,130050.0000
44015,130050.0000
44016,130050.0000
44017,130050.0000
44018,130050.0000
44019,130050.0000
44020,130050.0000
44021,130050.0000
44022,130050.0000
44023,130050.0000
44024,130050.0000
44025,130050.0000
44026,130050.0000
44027,130050.0000
44028,130050.0000
44029,130050.0000
44030,130050.0000
44031,130050.0000
44032,130050.0000
44033,130050.0000
44034,130050.0000
44035,130050.0000
44036,130050.0000
44037,130050.0000
44038,130050.0000
44039,130050.0000
44040,130050.0000
44041,130050.0000
44042,130050.0000
44043,130050.0000
44044,130050.0000
44045,130050.0000
44046,130050.0000
44047,130050.0000
44048,130050.0000
44049,130050.0000
44050,130050.0000
44051,130050.0000
44052,130050.0000
44053,130050.0000
44054,130050.0000
44055,130050.0000
44056,130050.0000
44057,130050.0000
44058,130050.0000
44059,130050.0000
44060,130050.0000
44061,130050.0000
44062,130050.0000
44063,130050.0000
44064,130050.0000
44065,130050.0000
44066,130050.0000
44067,130050.0000
44068,130050.0000
44069,130050.0000
44070,130050.0000
44071,130050.0000
44072,130050.0000
44073,130050.0000
44074,130050.0000
44075,130050.0000
44076,130050.0000
44077,130050.0000
44078,130050.0000
44079,130050.0000
44080,130050.0000
44081,130050.0000
44082,130050.0000
44083,130050.0000
44084,130050.0000
44085,130050.0000
44086,130050.0000
44087,130050.0000
44088,130050.0000
44089,130050.0000
44090,130050.0000
44091,130050.0000
44092,130050.0000
44093,130050.0000
44094,130050.0000
44095,130050.0000
44096,130050.0000
44097,130050.0000
44098,130050.0000
44099,130050.0000
44100,130050.0000
44101,130050.0000
44102,130050.0000
44103,130050.0000
44104,130050.0000
44105,130050.0000
44106,130050.0000
44107,130050.0000
44108,130050.0000
44109,130050.0000
44110,130050.0000
44111,130050.0000
44112,130050.0000
44113,130050.0000
44114,130050.0000
44115,130050.0000
44116,130050.0000
44117,130050.0000
44118,130050.0000
44119,130050.0000
44120,130050.0000
44121,130050.0000
44122,130050.0000
44123,130050.0000
44124,130050.0000
44125,130050.0000
44126,130050.0000
44127,130050.0000
44128,130050.0000
44129,130050.0000
44130,130050.0000
44131,130050.0000
44132,130050.0000
44133,130050.0000
44134,130050.0000
44135,130050.0000
44136,130050.0000
44137,130050.0000
44138,130050.0000
44139,130050.0000
44140,130050.0000
44141,130050.0000
44142,130050.0000
44143,130050.0000
44144,130050.0000
44145,130050.0000
44146,130050.0000
44147,130050.0000
44148,130050.0000
44149,130050.0000
44150,130050.0000
44151,130050.0000
44152,130050.0000
44153,130050.0000
44154,130050.0000
44155,130050.0000
44156,130050.0000
44157,130050.0000
44158,130050.0000
44159,130050.0000
44160,130050.0000
44161,130050.0000
44162,130050.0000
44163,130050.0000
44164,130050.0000
44165,130050.0000
44166,130050.0000
44167,130050.0000
44168,130050.0000
44169,130050.0000
44170,130050.0000
44171,130050.0000
44172,130050.0000
44173,130050.0000
44174,130050.0000
44175,130050.0000
44176,130050.0000
44177,130050.0000
44178,130050.0000
44179,130050.0000
44180,130050.0000
44181,130050.0000
44182,130050.0000
44183,130050.0000
44184,130050.0000
44185,130050.0000
44186,130050.0000
44187,130050.0000
44188,130050.0000
44189,130050.0000
44190,130050.0000
44191,130050.0000
44192,130050.0000
44193,130050.0000
44194,130050.0000
44195,130050.0000
44196,130050.0000
44197,130050.0000
44198,130050.0000
44199,130050.0000
44200,130050.0000
44201,130050.0000
44202,130050.0000
44203,130050.0000
44204,130050.0000
44205,130050.0000
44206,130050.0000
44207,130050.0000
44208,130050.0000
44209,130050.0000
44210,130050.0000
44211,130050.0000
44212,130050.0000
44213,130050.0000
44214,130050.0000
44215,130050.0000
44216,130050.0000
44217,130050.0000
44218,130050.0000
44219,130050.0000
44220,130050.0000
44221,130050.0000
44222,130050.0000
44223,130050.0000
44224,130050.0000
44225,130050.0000
44226,130050.0000
44227,130050.0000
44228,130050.0000
44229,130050.0000
44230,130050.0000
44231,130050.0000
44232,130050.0000
44233,130050.0000
44234,130050.0000
44235,130050.0000
44236,130050.0000
44237,130050.0000
44238,130050.0000
44239,130050.0000
44240,130050.0000
44241,130050.0000
44242,130050.0000
44243,130050.0000
44244,130050.0000
44245,130050.0000
44246,130050.0000
44247,130050.0000
44248,130050.0000
44249,130050.0000
44250,130050.0000
44251,130050.0000
44252,130050.0000
44253,130050.0000
44254,130050.0000
44255,130050.0000
44256,130050.0000
44257,130050.0000
44258,130050.0000
44259,130050.0000
44260,130050.0000
44261,130050.0000
44262,130050.0000
44263,130050.0000
44264,130050.0000
44265,130050.0000
44266,130050.0000
44267,130050.0000
44268,130050.0000
44269,130050.0000
44270,130050.0000
44271,130050.0000
44272,130050.0000
44273,130050.0000
44274,130050.0000
44275,130050.0000
44276,130050.0000
44277,130050.0000
44278,130050.0000
44279,130050.0000
44280,130050.0000
44281,130050.0000
44282,130050.0000
44283,130050.0000
44284,130050.0000
44285,130050.0000
44286,130050.0000
44287,130050.0000
44288,130050.0000
44289,130050.0000
44290,130050.0000
44291,130050.0000
44292,130050.0000
44293,130050.0000
44294,130050.0000
44295,130050.0000
44296,130050.0000
44297,130050.0000
44298,130050.0000
44299,130050.0000
44300,130050.0000
44301,130050.0000
44302,130050.0000
44303,130050.0000
44304,130050.0000
44305,130050.0000
44306,130050.0000
44307,130050.0000
44308,130050.0000
44309,130050.0000
44310,130050.0000
44311,130050.0000
44312,130050.0000
44313,130050.0000
44314,130050.0000
44315,130050.0000
44316,130050.0000
44317,130050.0000
44318,130050.0000
44319,130050.0000
44320,130050.0000
44321,130050.0000
44322,130050.0000
44323,130050.0000
44324,130050.0000
44325,130050.0000
44326,130050.0000
44327,130050.0000
44328,130050.0000
44329,130050.0000
44330,130050.0000
44331,130050.0000
44332,130050.0000
44333,130050.0000
44334,130050.0000
44335,130050.0000
44336,130050.0000
44337,130050.0000
44338,130050.0000
44339,130050.0000
44340,130050.0000
44341,130050.0000
44342,130050.0000
44343,130050.0000
44344,130050.0000
44345,130050.0000
44346,130050.0000
44347,130050.0000
44348,130050.0000
44349,130050.0000
44350,130050.0000
44351,130050.0000
44352,130050.0000
44353,130050.0000
44354,130050.0000
44355,130050.0000
44356,130050.0000
44357,130050.0000
44358,130050.0000
44359,130050.0000
44360,130050.0000
44361,130050.0000
44362,130050.0000
44363,130050.0000
44364,130050.0000
44365,130050.0000
44366,130050.0000
44367,130050.0000
44368,130050.0000
44369,130050.0000
44370,130050.0000
44371,130050.0000
44372,130050.0000
44373,130050.0000
44374,130050.0000
44375,130050.0000
44376,130050.0000
44377,130050.0000
44378,130050.0000
44379,130050.0000
44380,130050.0000
44381,130050.0000
44382,130050.0000
44383,130050.0000
44384,130050.0000
44385,130050.0000
44386,130050.0000
44387,130050.0000
44388,130050.0000
44389,130050.0000
44390,130050.0000
44391,130050.0000
44392,130050.0000
44393,130050.0000
44394,130050.0000
44395,130050.0000
44396,130050.0000
44397,130050.0000
44398,130050.0000
44399,130050.0000
44400,130050.0000
44401,130050.0000
44402,130050.0000
44403,130050.0000
44404,130050.0000
44405,130050.0000
44406,130050.0000
44407,130050.0000
44408,130050.0000
44409,130050.0000
44410,130050.0000
44411,130050.0000
44412,130050.0000
44413,130050.0000
44414,130050.0000
44415,130050.0000
44416,130050.0000
44417,130050.0000
44418,130050.0000
44419,130050.0000
44420,130050.0000
44421,130050.0000
44422,130050.0000
44423,130050.0000
44424,130050.0000
44425,130050.0000
44426,130050.0000
44427,130050.0000
44428,130050.0000
44429,130050.0000
44430,130050.0000
44431,130050.0000
44432,130050.0000
44433,130050.0000
44434,130050.0000
44435,130050.0000
44436,130050.0000
44437,130050.0000
44438,130050.0000
44439,130050.0000
44440,130050.0000
44441,130050.0000
44442,130050.0000
44443,130050.0000
44444,130050.0000
44445,130050.0000
44446,130050.0000
44447,130050.0000
44448,130050.0000
44449,130050.0000
44450,130050.0000
44451,130050.0000
44452,130050.0000
44453,130050.0000
44454,130050.0000
44455,130050.0000
44456,130050.0000
44457,130050.0000
44458,130050.0000
44459,130050.0000
44460,130050.0000
44461,130050.0000
44462,130050.0000
44463,130050.0000
44464,130050.0000
44465,130050.0000
44466,130050.0000
44467,130050.0000
44468,130050.0000
44469,130050.0000
44470,130050.0000
44471,130050.0000
44472,130050.0000
44473,130050.0000
44474,130050.0000
44475,130050.0000
44476,130050.0000
44477,130050.0000
44478,130050.0000
44479,130050.0000
44480,130050.0000
44481,130050.0000
44482,130050.0000
44483,130050.0000
44484,130050.0000
44485,130050.0000
44486,130050.0000
44487,130050.0000
44488,130050.0000
44489,130050.0000
44490,130050.0000
44491,130050.0000
44492,130050.0000
44493,130050.0000
44494,130050.0000
44495,130050.0000
44496,130050.0000
44497,130050.0000
44498,130050.0000
44499,130050.0000
44500,130050.0000
44501,130050.0000
44502,130050.0000
44503,130050.0000
44504,130050.0000
44505,130050.0000
44506,130050.0000
44507,130050.0000
44508,130050.0000
44509,130050.0000
44510,130050.0000
44511,130050.0000
44512,130050.0000
44513,130050.0000
44514,130050.0000
44515,130050.0000
44516,130050.0000
44517,130050.0000
44518,130050.0000
44519,130050.0000
44520,130050.0000
44521,130050.0000
44522,130050.0000
44523,130050.0000
44524,130050.0000
44525,130050.0000
44526,130050.0000
44527,130050.0000
44528,130050.0000
44529,130050.0000
44530,130050.0000
44531,130050.0000
44532,130050.0000
44533,130050.0000
44534,130050.0000
44535,130050.0000
44536,130050.0000
44537,130050.0000
44538,130050.0000
44539,130050.0000
44540,130050.0000
44541,130050.0000
44542,130050.0000
44543,130050.0000
44544,130050.0000
44545,130050.0000
44546,130050.0000
44547,130050.0000
44548,130050.0000
44549,130050.0000
44550,130050.0000
44551,130050.0000
44552,130050.0000
44553,130050.0000
44554,130050.0000
44555,130050.0000
44556,130050.0000
44557,130050.0000
44558,130050.0000
44559,130050.0000
44560,130050.0000
44561,130050.0000
44562,130050.0000
44563,130050.0000
44564,130050.0000
44565,130050.0000
44566,130050.0000
44567,130050.0000
44568,130050.0000
44569,130050.0000
44570,130050.0000
44571,130050.0000
44572,130050.0000
44573,130050.0000
44574,130050.0000
44575,130050.0000
44576,130050.0000
44577,130050.0000
44578,130050.0000
44579,130050.0000
44580,130050.0000
44581,130050.0000
44582,130050.0000
44583,130050.0000
44584,130050.0000
44585,130050.0000
44586,130050.0000
44587,130050.0000
44588,130050.0000
44589,130050.0000
44590,130050.0000
44591,130050.0000
44592,130050.0000
44593,130050.0000
44594,130050.0000
44595,130050.0000
44596,130050.0000
44597,130050.0000
44598,130050.0000
44599,130050.0000
44600,130050.0000
44601,130050.0000
44602,130050.0000
44603,130050.0000
44604,130050.0000
44605,130050.0000
44606,130050.0000
44607,130050.0000
44608,130050.0000
44609,130050.0000
44610,130050.0000
44611,130050.0000
44612,130050.0000
44613,130050.0000
44614,130050.0000
44615,130050.0000
44616,130050.0000
44617,130050.0000
44618,130050.0000
44619,130050.0000
44620,130050.0000
44621,130050.0000
44622,130050.0000
44623,130050.0000
44624,130050.0000
44625,130050.0000
44626,130050.0000
44627,130050.0000
44628,130050.0000
44629,130050.0000
44630,130050.0000
44631,130050.0000
44632,130050.0000
44633,130050.0000
44634,130050.0000
44635,130050.0000
44636,130050.0000
44637,130050.0000
44638,130050.0000
44639,130050.0000
44640,130050.0000
44641,130050.0000
44642,130050.0000
44643,130050.0000
44644,130050.0000
44645,130050.0000
44646,130050.0000
44647,130050.0000
44648,130050.0000
44649,130050.0000
44650,130050.0000
44651,130050.0000
44652,130050.0000
44653,130050.0000
44654,130050.0000
44655,130050.0000
44656,130050.0000
44657,130050.0000
44658,130050.0000
44659,130050.0000
44660,130050.0000
44661,130050.0000
44662,130050.0000
44663,130050.0000
44664,130050.0000
44665,130050.0000
44666,130050.0000
44667,130050.0000
44668,130050.0000
44669,130050.0000
44670,130050.0000
44671,130050.0000
44672,130050.0000
44673,130050.0000
44674,130050.0000
44675,130050.0000
44676,130050.0000
44677,130050.0000
44678,130050.0000
44679,130050.0000
44680,130050.0000
44681,130050.0000
44682,130050.0000
44683,130050.0000
44684,130050.0000
44685,130050.0000
44686,130050.0000
44687,130050.0000
44688,130050.0000
44689,130050.0000
44690,130050.0000
44691,130050.0000
44692,130050.0000
44693,130050.0000
44694,130050.0000
44695,130050.0000
44696,130050.0000
44697,130050.0000
44698,130050.0000
44699,130050.0000
44700,130050.0000
44701,130050.0000
44702,130050.0000
44703,130050.0000
44704,130050.0000
44705,130050.0000
44706,130050.0000
44707,130050.0000
44708,130050.0000
44709,130050.0000
44710,130050.0000
44711,130050.0000
44712,130050.0000
44713,130050.0000
44714,130050.0000
44715,130050.0000
44716,130050.0000
44717,130050.0000
44718,130050.0000
44719,130050.0000
44720,130050.0000
44721,130050.0000
44722,130050.0000
44723,130050.0000
44724,130050.0000
44725,130050.0000
44726,130050.0000
44727,130050.0000
44728,130050.0000
44729,130050.0000
44730,130050.0000
44731,130050.0000
44732,130050.0000
44733,130050.0000
44734,130050.0000
44735,130050.0000
44736,130050.0000
44737,130050.0000
44738,130050.0000
44739,130050.0000
44740,130050.0000
44741,130050.0000
44742,130050.0000
44743,130050.0000
44744,130050.0000
44745,130050.0000
44746,130050.0000
44747,130050.0000
44748,130050.0000
44749,130050.0000
44750,130050.0000
44751,130050.0000
44752,130050.0000
44753,130050.0000
44754,130050.0000
44755,130050.0000
44756,130050.0000
44757,130050.0000
44758,130050.0000
44759,130050.0000
44760,130050.0000
44761,130050.0000
44762,130050.0000
44763,130050.0000
44764,130050.0000
44765,130050.0000
44766,130050.0000
44767,130050.0000
44768,130050.0000
44769,130050.0000
44770,130050.0000
44771,130050.0000
44772,130050.0000
44773,130050.0000
44774,130050.0000
44775,130050.0000
44776,130050.0000
44777,130050.0000
44778,130050.0000
44779,130050.0000
44780,130050.0000
44781,130050.0000
44782,130050.0000
44783,130050.0000
44784,130050.0000
44785,130050.0000
44786,130050.0000
44787,130050.0000
44788,130050.0000
44789,130050.0000
44790,130050.0000
44791,130050.0000
44792,130050.0000
44793,130050.0000
44794,130050.0000
44795,130050.0000
44796,130050.0000
44797,130050.0000
44798,130050.0000
44799,130050.0000
44800,130050.0000
44801,130050.0000
44802,130050.0000
44803,130050.0000
44804,130050.0000
44805,130050.0000
44806,130050.0000
44807,130050.0000
44808,130050.0000
44809,130050.0000
44810,130050.0000
44811,130050.0000
44812,130050.0000
44813,130050.0000
44814,130050.0000
44815,130050.0000
44816,130050.0000
44817,130050.0000
44818,130050.0000
44819,130050.0000
44820,130050.0000
44821,130050.0000
44822,130050.0000
44823,130050.0000
44824,130050.0000
44825,130050.0000
44826,130050.0000
44827,130050.0000
44828,130050.0000
44829,130050.0000
44830,130050.0000
44831,130050.0000
44832,130050.0000
44833,130050.0000
44834,130050.0000
44835,130050.0000
44836,130050.0000
44837,130050.0000
44838,130050.0000
44839,130050.0000
44840,130050.0000
44841,130050.0000
44842,130050.0000
44843,130050.0000
44844,130050.0000
44845,130050.0000
44846,130050.0000
44847,130050.0000
44848,130050.0000
44849,130050.0000
44850,130050.0000
44851,130050.0000
44852,130050.0000
44853,130050.0000
44854,130050.0000
44855,130050.0000
44856,130050.0000
44857,130050.0000
44858,130050.0000
44859,130050.0000
44860,130050.0000
44861,130050.0000
44862,130050.0000
44863,130050.0000
44864,130050.0000
44865,130050.0000
44866,130050.0000
44867,130050.0000
44868,130050.0000
44869,130050.0000
44870,130050.0000
44871,130050.0000
44872,130050.0000
44873,130050.0000
44874,130050.0000
44875,130050.0000
44876,130050.0000
44877,130050.0000
44878,130050.0000
44879,130050.0000
44880,130050.0000
44881,130050.0000
44882,130050.0000
44883,130050.0000
44884,130050.0000
44885,130050.0000
44886,130050.0000
44887,130050.0000
44888,130050.0000
44889,130050.0000
44890,130050.0000
44891,130050.0000
44892,130050.0000
44893,130050.0000
44894,130050.0000
44895,130050.0000
44896,130050.0000
44897,130050.0000
44898,130050.0000
44899,130050.0000
44900,130050.0000
44901,130050.0000
44902,130050.0000
44903,130050.0000
44904,130050.0000
44905,130050.0000
44906,130050.0000
44907,130050.0000
44908,130050.0000
44909,130050.0000
44910,130050.0000
44911,130050.0000
44912,130050.0000
44913,130050.0000
44914,130050.0000
44915,130050.0000
44916,130050.0000
44917,130050.0000
44918,130050.0000
44919,130050.0000
44920,130050.0000
44921,130050.0000
44922,130050.0000
44923,130050.0000
44924,130050.0000
44925,130050.0000
44926,130050.0000
44927,130050.0000
44928,130050.0000
44929,130050.0000
44930,130050.0000
44931,130050.0000
44932,130050.0000
44933,130050.0000
44934,130050.0000
44935,130050.0000
44936,130050.0000
44937,130050.0000
44938,130050.0000
44939,130050.0000
44940,130050.0000
44941,130050.0000
44942,130050.0000
44943,130050.0000
44944,130050.0000
44945,130050.0000
44946,130050.0000
44947,130050.0000
44948,130050.0000
44949,130050.0000
44950,130050.0000
44951,130050.0000
44952,130050.0000
44953,130050.0000
44954,130050.0000
44955,130050.0000
44956,130050.0000
44957,130050.0000
44958,130050.0000
44959,130050.0000
44960,130050.0000
44961,130050.0000
44962,130050.0000
44963,130050.0000
44964,130050.0000
44965,130050.0000
44966,130050.0000
44967,130050.0000
44968,130050.0000
44969,130050.0000
44970,130050.0000
44971,130050.0000
44972,130050.0000
44973,130050.0000
44974,130050.0000
44975,130050.0000
44976,130050.0000
44977,130050.0000
44978,130050.0000
44979,130050.0000
44980,130050.0000
44981,130050.0000
44982,130050.0000
44983,130050.0000
44984,130050.0000
44985,130050.0000
44986,130050.0000
44987,130050.0000
44988,130050.0000
44989,130050.0000
44990,130050.0000
44991,130050.0000
44992,130050.0000
44993,130050.0000
44994,130050.0000
44995,130050.0000
44996,130050.0000
44997,130050.0000
44998,130050.0000
44999,130050.0000
45000,130050.0000
45001,130050.0000
45002,130050.0000
45003,130050.0000
45004,130050.0000
45005,130050.0000
45006,130050.0000
45007,130050.0000
45008,130050.0000
45009,130050.0000
45010,130050.0000
45011,130050.0000
45012,130050.0000
45013,130050.0000
45014,130050.0000
45015,130050.0000
45016,130050.0000
45017,130050.0000
45018,130050.0000
45019,130050.0000
45020,130050.0000
45021,130050.0000
45022,130050.0000
45023,130050.0000
45024,130050.0000
45025,130050.0000
45026,130050.0000
45027,130050.0000
45028,130050.0000
45029,130050.0000
45030,130050.0000
45031,130050.0000
45032,130050.0000
45033,130050.0000
45034,130050.0000
45035,130050.0000
45036,130050.0000
45037,130050.0000
45038,130050.0000
45039,130050.0000
45040,130050.0000
45041,130050.0000
45042,130050.0000
45043,130050.0000
45044,130050.0000
45045,130050.0000
45046,130050.0000
45047,130050.0000
45048,130050.0000
45049,130050.0000
45050,130050.0000
45051,130050.0000
45052,130050.0000
45053,130050.0000
45054,130050.0000
45055,130050.0000
45056,130050.0000
45057,130050.0000
45058,130050.0000
45059,130050.0000
45060,130050.0000
45061,130050.0000
45062,130050.0000
45063,130050.0000
45064,130050.0000
45065,130050.0000
45066,130050.0000
45067,130050.0000
45068,130050.0000
45069,130050.0000
45070,130050.0000
45071,130050.0000
45072,130050.0000
45073,130050.0000
45074,130050.0000
45075,130050.0000
45076,130050.0000
45077,130050.0000
45078,130050.0000
45079,130050.0000
45080,130050.0000
45081,130050.0000
45082,130050.0000
45083,130050.0000
45084,130050.0000
45085,130050.0000
45086,130050.0000
45087,130050.0000
45088,130050.0000
45089,130050.0000
45090,130050.0000
45091,130050.0000
45092,130050.0000
45093,130050.0000
45094,130050.0000
45095,130050.0000
45096,130050.0000
45097,130050.0000
45098,130050.0000
45099,130050.0000
45100,130050.0000
45101,130050.0000
45102,130050.0000
45103,130050.0000
45104,130050.0000
45105,130050.0000
45106,130050.0000
45107,130050.0000
45108,130050.0000
45109,130050.0000
45110,130050.0000
45111,130050.0000
45112,130050.0000
45113,130050.0000
45114,130050.0000
45115,130050.0000
45116,130050.0000
45117,130050.0000
45118,130050.0000
45119,130050.0000
45120,130050.0000
45121,130050.0000
45122,130050.0000
45123,130050.0000
45124,130050.0000
45125,130050.0000
45126,130050.0000
45127,130050.0000
45128,130050.0000
45129,130050.0000
45130,130050.0000
45131,130050.0000
45132,130050.0000
45133,130050.0000
45134,130050.0000
45135,130050.0000
45136,130050.0000
45137,130050.0000
45138,130050.0000
45139,130050.0000
45140,130050.0000
45141,130050.0000
45142,130050.0000
45143,130050.0000
45144,130050.0000
45145,130050.0000
45146,130050.0000
45147,130050.0000
45148,130050.0000
45149,130050.0000
45150,130050.0000
45151,130050.0000
45152,130050.0000
45153,130050.0000
45154,130050.0000
45155,130050.0000
45156,130050.0000
45157,130050.0000
45158,130050.0000
45159,130050.0000
45160,130050.0000
45161,130050.0000
45162,130050.0000
45163,130050.0000
45164,130050.0000
45165,130050.0000
45166,130050.0000
45167,130050.0000
45168,130050.0000
45169,130050.0000
45170,130050.0000
45171,130050.0000
45172,130050.0000
45173,130050.0000
45174,130050.0000
45175,130050.0000
45176,130050.0000
45177,130050.0000
45178,130050.0000
45179,130050.0000
45180,130050.0000
45181,130050.0000
45182,130050.0000
45183,130050.0000
45184,130050.0000
45185,130050.0000
45186,130050.0000
45187,130050.0000
45188,130050.0000
45189,130050.0000
45190,130050.0000
45191,130050.0000
45192,130050.0000
45193,130050.0000
45194,130050.0000
45195,130050.0000
45196,130050.0000
45197,130050.0000
45198,130050.0000
45199,130050.0000
45200,130050.0000
45201,130050.0000
45202,130050.0000
45203,130050.0000
45204,130050.0000
45205,130050.0000
45206,130050.0000
45207,130050.0000
45208,130050.0000
45209,130050.0000
45210,130050.0000
45211,130050.0000
45212,130050.0000
45213,130050.0000
45214,130050.0000
45215,130050.0000
45216,130050.0000
45217,130050.0000
45218,130050.0000
45219,130050.0000
45220,130050.0000
45221,130050.0000
45222,130050.0000
45223,130050.0000
45224,130050.0000
45225,130050.0000
45226,130050.0000
45227,130050.0000
45228,130050.0000
45229,130050.0000
45230,130050.0000
45231,130050.0000
45232,130050.0000
45233,130050.0000
45234,130050.0000
45235,130050.0000
45236,130050.0000
45237,130050.0000
45238,130050.0000
45239,130050.0000
45240,130050.0000
45241,130050.0000
45242,130050.0000
45243,130050.0000
45244,130050.0000
45245,130050.0000
45246,130050.0000
45247,130050.0000
45248,130050.0000
45249,130050.0000
45250,130050.0000
45251,130050.0000
45252,130050.0000
45253,130050.0000
45254,130050.0000
45255,130050.0000
45256,130050.0000
45257,130050.0000
45258,130050.0000
45259,130050.0000
45260,130050.0000
45261,130050.0000
45262,130050.0000
45263,130050.0000
45264,130050.0000
45265,130050.0000
45266,130050.0000
45267,130050.0000
45268,130050.0000
45269,130050.0000
45270,130050.0000
45271,130050.0000
45272,130050.0000
45273,130050.0000
45274,130050.0000
45275,130050.0000
45276,130050.0000
45277,130050.0000
45278,130050.0000
45279,130050.0000
45280,130050.0000
45281,130050.0000
45282,130050.0000
45283,130050.0000
45284,130050.0000
45285,130050.0000
45286,130050.0000
45287,130050.0000
45288,130050.0000
45289,130050.0000
45290,130050.0000
45291,130050.0000
45292,130050.0000
45293,130050.0000
45294,130050.0000
45295,130050.0000
45296,130050.0000
45297,130050.0000
45298,130050.0000
45299,130050.0000
45300,130050.0000
45301,130050.0000
45302,130050.0000
45303,130050.0000
45304,130050.0000
45305,130050.0000
45306,130050.0000
45307,130050.0000
45308,130050.0000
45309,130050.0000
45310,130050.0000
45311,130050.0000
45312,130050.0000
45313,130050.0000
45314,130050.0000
45315,130050.0000
45316,130050.0000
45317,130050.0000
45318,130050.0000
45319,130050.0000
45320,130050.0000
45321,130050.0000
45322,130050.0000
45323,130050.0000
45324,130050.0000
45325,130050.0000
45326,130050.0000
45327,130050.0000
45328,130050.0000
45329,130050.0000
45330,130050.0000
45331,130050.0000
45332,130050.0000
45333,130050.0000
45334,130050.0000
45335,130050.0000
45336,130050.0000
45337,130050.0000
45338,130050.0000
45339,130050.0000
45340,130050.0000
45341,130050.0000
45342,130050.0000
45343,130050.0000
45344,130050.0000
45345,130050.0000
45346,130050.0000
45347,130050.0000
45348,130050.0000
45349,130050.0000
45350,130050.0000
45351,130050.0000
45352,130050.0000
45353,130050.0000
45354,130050.0000
45355,130050.0000
45356,130050.0000
45357,130050.0000
45358,130050.0000
45359,130050.0000
45360,130050.0000
45361,130050.0000
45362,130050.0000
45363,130050.0000
45364,130050.0000
45365,130050.0000
45366,130050.0000
45367,130050.0000
45368,130050.0000
45369,130050.0000
45370,130050.0000
45371,130050.0000
45372,130050.0000
45373,130050.0000
45374,130050.0000
45375,130050.0000
45376,130050.0000
45377,130050.0000
45378,130050.0000
45379,130050.0000
45380,130050.0000
45381,130050.0000
45382,130050.0000
45383,130050.0000
45384,130050.0000
45385,130050.0000
45386,130050.0000
45387,130050.0000
45388,130050.0000
45389,130050.0000
45390,130050.0000
45391,130050.0000
45392,130050.0000
45393,130050.0000
45394,130050.0000
45395,130050.0000
45396,130050.0000
45397,130050.0000
45398,130050.0000
45399,130050.0000
45400,130050.0000
45401,130050.0000
45402,130050.0000
45403,130050.0000
45404,130050.0000
45405,130050.0000
45406,130050.0000
45407,130050.0000
45408,130050.0000
45409,130050.0000
45410,130050.0000
45411,130050.0000
45412,130050.0000
45413,130050.0000
45414,130050.0000
45415,130050.0000
45416,130050.0000
45417,130050.0000
45418,130050.0000
45419,130050.0000
45420,130050.0000
45421,130050.0000
45422,130050.0000
45423,130050.0000
45424,130050.0000
45425,130050.0000
45426,130050.0000
45427,130050.0000
45428,130050.0000
45429,130050.0000
45430,130050.0000
45431,130050.0000
45432,130050.0000
45433,130050.0000
45434,130050.0000
45435,130050.0000
45436,130050.0000
45437,130050.0000
45438,130050.0000
45439,130050.0000
45440,130050.0000
45441,130050.0000
45442,130050.0000
45443,130050.0000
45444,130050.0000
45445,130050.0000
45446,130050.0000
45447,130050.0000
45448,130050.0000
45449,130050.0000
45450,130050.0000
45451,130050.0000
45452,130050.0000
45453,130050.0000
45454,130050.0000
45455,130050.0000
45456,130050.0000
45457,130050.0000
45458,130050.0000
45459,130050.0000
45460,130050.0000
45461,130050.0000
45462,130050.0000
45463,130050.0000
45464,130050.0000
45465,130050.0000
45466,130050.0000
45467,130050.0000
45468,130050.0000
45469,130050.0000
45470,130050.0000
45471,130050.0000
45472,130050.0000
45473,130050.0000
45474,130050.0000
45475,130050.0000
45476,130050.0000
45477,130050.0000
45478,130050.0000
45479,130050.0000
45480,130050.0000
45481,130050.0000
45482,130050.0000
45483,130050.0000
45484,130050.0000
45485,130050.0000
45486,130050.0000
45487,130050.0000
45488,130050.0000
45489,130050.0000
45490,130050.0000
45491,130050.0000
45492,130050.0000
45493,130050.0000
45494,130050.0000
45495,130050.0000
45496,130050.0000
45497,130050.0000
45498,130050.0000
45499,130050.0000
45500,130050.0000
45501,130050.0000
45502,130050.0000
45503,130050.0000
45504,130050.0000
45505,130050.0000
45506,130050.0000
45507,130050.0000
45508,130050.0000
45509,130050.0000
45510,130050.0000
45511,130050.0000
45512,130050.0000
45513,130050.0000
45514,130050.0000
45515,130050.0000
45516,130050.0000
45517,130050.0000
45518,130050.0000
45519,130050.0000
45520,130050.0000
45521,130050.0000
45522,130050.0000
45523,130050.0000
45524,130050.0000
45525,130050.0000
45526,130050.0000
45527,130050.0000
45528,130050.0000
45529,130050.0000
45530,130050.0000
45531,130050.0000
45532,130050.0000
45533,130050.0000
45534,130050.0000
45535,130050.0000
45536,130050.0000
45537,130050.0000
45538,130050.0000
45539,130050.0000
45540,130050.0000
45541,130050.0000
45542,130050.0000
45543,130050.0000
45544,130050.0000
45545,130050.0000
45546,130050.0000
45547,130050.0000
45548,130050.0000
45549,130050.0000
45550,130050.0000
45551,130050.0000
45552,130050.0000
45553,130050.0000
45554,130050.0000
45555,130050.0000
45556,130050.0000
45557,130050.0000
45558,130050.0000
45559,130050.0000
45560,130050.0000
45561,130050.0000
45562,130050.0000
45563,130050.0000
45564,130050.0000
45565,130050.0000
45566,130050.0000
45567,130050.0000
45568,130050.0000
45569,130050.0000
45570,130050.0000
45571,130050.0000
45572,130050.0000
45573,130050.0000
45574,130050.0000
45575,130050.0000
45576,130050.0000
45577,130050.0000
45578,130050.0000
45579,130050.0000
45580,130050.0000
45581,130050.0000
45582,130050.0000
45583,130050.0000
45584,130050.0000
45585,130050.0000
45586,130050.0000
45587,130050.0000
45588,130050.0000
45589,130050.0000
45590,130050.0000
45591,130050.0000
45592,130050.0000
45593,130050.0000
45594,130050.0000
45595,130050.0000
45596,130050.0000
45597,130050.0000
45598,130050.0000
45599,130050.0000
45600,130050.0000
45601,130050.0000
45602,130050.0000
45603,130050.0000
45604,130050.0000
45605,130050.0000
45606,130050.0000
45607,130050.0000
45608,130050.0000
45609,130050.0000
45610,130050.0000
45611,130050.0000
45612,130050.0000
45613,130050.0000
45614,130050.0000
45615,130050.0000
45616,130050.0000
45617,130050.0000
45618,130050.0000
45619,130050.0000
45620,130050.0000
45621,130050.0000
45622,130050.0000
45623,130050.0000
45624,130050.0000
45625,130050.0000
45626,130050.0000
45627,130050.0000
45628,130050.0000
45629,130050.0000
45630,130050.0000
45631,130050.0000
45632,130050.0000
45633,130050.0000
45634,130050.0000
45635,130050.0000
45636,130050.0000
45637,130050.0000
45638,130050.0000
45639,130050.0000
45640,130050.0000
45641,130050.0000
45642,130050.0000
45643,130050.0000
45644,130050.0000
45645,130050.0000
45646,130050.0000
45647,130050.0000
45648,130050.0000
45649,130050.0000
45650,130050.0000
45651,130050.0000
45652,130050.0000
45653,130050.0000
45654,130050.0000
45655,130050.0000
45656,130050.0000
45657,130050.0000
45658,130050.0000
45659,130050.0000
45660,130050.0000
45661,130050.0000
45662,130050.0000
45663,130050.0000
45664,130050.0000
45665,130050.0000
45666,130050.0000
45667,130050.0000
45668,130050.0000
45669,130050.0000
45670,130050.0000
45671,130050.0000
45672,130050.0000
45673,130050.0000
45674,130050.0000
45675,130050.0000
45676,130050.0000
45677,130050.0000
45678,130050.0000
45679,130050.0000
45680,130050.0000
45681,130050.0000
45682,130050.0000
45683,130050.0000
45684,130050.0000
45685,130050.0000
45686,130050.0000
45687,130050.0000
45688,130050.0000
45689,130050.0000
45690,130050.0000
45691,130050.0000
45692,130050.0000
45693,130050.0000
45694,130050.0000
45695,130050.0000
45696,130050.0000
45697,130050.0000
45698,130050.0000
45699,130050.0000
45700,130050.0000
45701,130050.0000
45702,130050.0000
45703,130050.0000
45704,130050.0000
45705,130050.0000
45706,130050.0000
45707,130050.0000
45708,130050.0000
45709,130050.0000
45710,130050.0000
45711,130050.0000
45712,130050.0000
45713,130050.0000
45714,130050.0000
45715,130050.0000
45716,130050.0000
45717,130050.0000
45718,130050.0000
45719,130050.0000
45720,130050.0000
45721,130050.0000
45722,130050.0000
45723,130050.0000
45724,130050.0000
45725,130050.0000
45726,130050.0000
45727,130050.0000
45728,130050.0000
45729,130050.0000
45730,130050.0000
45731,130050.0000
45732,130050.0000
45733,130050.0000
45734,130050.0000
45735,130050.0000
45736,130050.0000
45737,130050.0000
45738,130050.0000
45739,130050.0000
45740,130050.0000
45741,130050.0000
45742,130050.0000
45743,130050.0000
45744,130050.0000
45745,130050.0000
45746,130050.0000
45747,130050.0000
45748,130050.0000
45749,130050.0000
45750,130050.0000
45751,130050.0000
45752,130050.0000
45753,130050.0000
45754,130050.0000
45755,130050.0000
45756,130050.0000
45757,130050.0000
45758,130050.0000
45759,130050.0000
45760,130050.0000
45761,130050.0000
45762,130050.0000
45763,130050.0000
45764,130050.0000
45765,130050.0000
45766,130050.0000
45767,130050.0000
45768,130050.0000
45769,130050.0000
45770,130050.0000
45771,130050.0000
45772,130050.0000
45773,130050.0000
45774,130050.0000
45775,130050.0000
45776,130050.0000
45777,130050.0000
45778,130050.0000
45779,130050.0000
45780,130050.0000
45781,130050.0000
45782,130050.0000
45783,130050.0000
45784,130050.0000
45785,130050.0000
45786,130050.0000
45787,130050.0000
45788,130050.0000
45789,130050.0000
45790,130050.0000
45791,130050.0000
45792,130050.0000
45793,130050.0000
45794,130050.0000
45795,130050.0000
45796,130050.0000
45797,130050.0000
45798,130050.0000
45799,130050.0000
45800,130050.0000
45801,130050.0000
45802,130050.0000
45803,130050.0000
45804,130050.0000
45805,130050.0000
45806,130050.0000
45807,130050.0000
45808,130050.0000
45809,130050.0000
45810,130050.0000
45811,130050.0000
45812,130050.0000
45813,130050.0000
45814,130050.0000
45815,130050.0000
45816,130050.0000
45817,130050.0000
45818,130050.0000
45819,130050.0000
45820,130050.0000
45821,130050.0000
45822,130050.0000
45823,130050.0000
45824,130050.0000
45825,130050.0000
45826,130050.0000
45827,130050.0000
45828,130050.0000
45829,130050.0000
45830,130050.0000
45831,130050.0000
45832,130050.0000
45833,130050.0000
45834,130050.0000
45835,130050.0000
45836,130050.0000
45837,130050.0000
45838,130050.0000
45839,130050.0000
45840,130050.0000
45841,130050.0000
45842,130050.0000
45843,130050.0000
45844,130050.0000
45845,130050.0000
45846,130050.0000
45847,130050.0000
45848,130050.0000
45849,130050.0000
45850,130050.0000
45851,130050.0000
45852,130050.0000
45853,130050.0000
45854,130050.0000
45855,130050.0000
45856,130050.0000
45857,130050.0000
45858,130050.0000
45859,130050.0000
45860,130050.0000
45861,130050.0000
45862,130050.0000
45863,130050.0000
45864,130050.0000
45865,130050.0000
45866,130050.0000
45867,130050.0000
45868,130050.0000
45869,130050.0000
45870,130050.0000
45871,130050.0000
45872,130050.0000
45873,130050.0000
45874,130050.0000
45875,130050.0000
45876,130050.0000
45877,130050.0000
45878,130050.0000
45879,130050.0000
45880,130050.0000
45881,130050.0000
45882,130050.0000
45883,130050.0000
45884,130050.0000
45885,130050.0000
45886,130050.0000
45887,130050.0000
45888,130050.0000
45889,130050.0000
45890,130050.0000
45891,130050.0000
45892,130050.0000
45893,130050.0000
45894,130050.0000
45895,130050.0000
45896,130050.0000
45897,130050.0000
45898,130050.0000
45899,130050.0000
45900,130050.0000
45901,130050.0000
45902,130050.0000
45903,130050.0000
45904,130050.0000
45905,130050.0000
45906,130050.0000
45907,130050.0000
45908,130050.0000
45909,130050.0000
45910,130050.0000
45911,130050.0000
45912,130050.0000
45913,130050.0000
45914,130050.0000
45915,130050.0000
45916,130050.0000
45917,130050.0000
45918,130050.0000
45919,130050.0000
45920,130050.0000
45921,130050.0000
45922,130050.0000
45923,130050.0000
45924,130050.0000
45925,130050.0000
45926,130050.0000
45927,130050.0000
45928,130050.0000
45929,130050.0000
45930,130050.0000
45931,130050.0000
45932,130050.0000
45933,130050.0000
45934,130050.0000
45935,130050.0000
45936,130050.0000
45937,130050.0000
45938,130050.0000
45939,130050.0000
45940,130050.0000
45941,130050.0000
45942,130050.0000
45943,130050.0000
45944,130050.0000
45945,130050.0000
45946,130050.0000
45947,130050.0000
45948,130050.0000
45949,130050.0000
45950,130050.0000
45951,130050.0000
45952,130050.0000
45953,130050.0000
45954,130050.0000
45955,130050.0000
45956,130050.0000
45957,130050.0000
45958,130050.0000
45959,130050.0000
45960,130050.0000
45961,130050.0000
45962,130050.0000
45963,130050.0000
45964,130050.0000
45965,130050.0000
45966,130050.0000
45967,130050.0000
45968,130050.0000
45969,130050.0000
45970,130050.0000
45971,130050.0000
45972,130050.0000
45973,130050.0000
45974,130050.0000
45975,130050.0000
45976,130050.0000
45977,130050.0000
45978,130050.0000
45979,130050.0000
45980,130050.0000
45981,130050.0000
45982,130050.0000
45983,130050.0000
45984,130050.0000
45985,130050.0000
45986,130050.0000
45987,130050.0000
45988,130050.0000
45989,130050.0000
45990,130050.0000
45991,130050.0000
45992,130050.0000
45993,130050.0000
45994,130050.0000
45995,130050.0000
45996,130050.0000
45997,130050.0000
45998,130050.0000
45999,130050.0000
46000,130050.0000
46001,130050.0000
46002,130050.0000
46003,130050.0000
46004,130050.0000
46005,130050.0000
46006,130050.0000
46007,130050.0000
46008,130050.0000
46009,130050.0000
46010,130050.0000
46011,130050.0000
46012,130050.0000
46013,130050.0000
46014,130050.0000
46015,130050.0000
46016,130050.0000
46017,130050.0000
46018,130050.0000
46019,130050.0000
46020,130050.0000
46021,130050.0000
46022,130050.0000
46023,130050.0000
46024,130050.0000
46025,130050.0000
46026,130050.0000
46027,130050.0000
46028,130050.0000
46029,130050.0000
46030,130050.0000
46031,130050.0000
46032,130050.0000
46033,130050.0000
46034,130050.0000
46035,130050.0000
46036,130050.0000
46037,130050.0000
46038,130050.0000
46039,130050.0000
46040,130050.0000
46041,130050.0000
46042,130050.0000
46043,130050.0000
46044,130050.0000
46045,130050.0000
46046,130050.0000
46047,130050.0000
46048,130050.0000
46049,130050.0000
46050,130050.0000
46051,130050.0000
46052,130050.0000
46053,130050.0000
46054,130050.0000
46055,130050.0000
46056,130050.0000
46057,130050.0000
46058,130050.0000
46059,130050.0000
46060,130050.0000
46061,130050.0000
46062,130050.0000
46063,130050.0000
46064,130050.0000
46065,130050.0000
46066,130050.0000
46067,130050.0000
46068,130050.0000
46069,130050.0000
46070,130050.0000
46071,130050.0000
46072,130050.0000
46073,130050.0000
46074,130050.0000
46075,130050.0000
46076,130050.0000
46077,130050.0000
46078,130050.0000
46079,130050.0000
46080,130050.0000
46081,130050.0000
46082,130050.0000
46083,130050.0000
46084,130050.0000
46085,130050.0000
46086,130050.0000
46087,130050.0000
46088,130050.0000
46089,130050.0000
46090,130050.0000
46091,130050.0000
46092,130050.0000
46093,130050.0000
46094,130050.0000
46095,130050.0000
46096,130050.0000
46097,130050.0000
46098,130050.0000
46099,130050.0000
46100,130050.0000
46101,130050.0000
46102,130050.0000
46103,130050.0000
46104,130050.0000
46105,130050.0000
46106,130050.0000
46107,130050.0000
46108,130050.0000
46109,130050.0000
46110,130050.0000
46111,130050.0000
46112,130050.0000
46113,130050.0000
46114,130050.0000
46115,130050.0000
46116,130050.0000
46117,130050.0000
46118,130050.0000
46119,130050.0000
46120,130050.0000
46121,130050.0000
46122,130050.0000
46123,130050.0000
46124,130050.0000
46125,130050.0000
46126,130050.0000
46127,130050.0000
46128,130050.0000
46129,130050.0000
46130,130050.0000
46131,130050.0000
46132,130050.0000
46133,130050.0000
46134,130050.0000
46135,130050.0000
46136,130050.0000
46137,130050.0000
46138,130050.0000
46139,130050.0000
46140,130050.0000
46141,130050.0000
46142,130050.0000
46143,130050.0000
46144,130050.0000
46145,130050.0000
46146,130050.0000
46147,130050.0000
46148,130050.0000
46149,130050.0000
46150,130050.0000
46151,130050.0000
46152,130050.0000
46153,130050.0000
46154,130050.0000
46155,130050.0000
46156,130050.0000
46157,130050.0000
46158,130050.0000
46159,130050.0000
46160,130050.0000
46161,130050.0000
46162,130050.0000
46163,130050.0000
46164,130050.0000
46165,130050.0000
46166,130050.0000
46167,130050.0000
46168,130050.0000
46169,130050.0000
46170,130050.0000
46171,130050.0000
46172,130050.0000
46173,130050.0000
46174,130050.0000
46175,130050.0000
46176,130050.0000
46177,130050.0000
46178,130050.0000
46179,130050.0000
46180,130050.0000
46181,130050.0000
46182,130050.0000
46183,130050.0000
46184,130050.0000
46185,130050.0000
46186,130050.0000
46187,130050.0000
46188,130050.0000
46189,130050.0000
46190,130050.0000
46191,130050.0000
46192,130050.0000
46193,130050.0000
46194,130050.0000
46195,130050.0000
46196,130050.0000
46197,130050.0000
46198,130050.0000
46199,130050.0000
46200,130050.0000
46201,130050.0000
46202,130050.0000
46203,130050.0000
46204,130050.0000
46205,130050.0000
46206,130050.0000
46207,130050.0000
46208,130050.0000
46209,130050.0000
46210,130050.0000
46211,130050.0000
46212,130050.0000
46213,130050.0000
46214,130050.0000
46215,130050.0000
46216,130050.0000
46217,130050.0000
46218,130050.0000
46219,130050.0000
46220,130050.0000
46221,130050.0000
46222,130050.0000
46223,130050.0000
46224,130050.0000
46225,130050.0000
46226,130050.0000
46227,130050.0000
46228,130050.0000
46229,130050.0000
46230,130050.0000
46231,130050.0000
46232,130050.0000
46233,130050.0000
46234,130050.0000
46235,130050.0000
46236,130050.0000
46237,130050.0000
46238,130050.0000
46239,130050.0000
46240,130050.0000
46241,130050.0000
46242,130050.0000
46243,130050.0000
46244,130050.0000
46245,130050.0000
46246,130050.0000
46247,130050.0000
46248,130050.0000
46249,130050.0000
46250,130050.0000
46251,130050.0000
46252,130050.0000
46253,130050.0000
46254,130050.0000
46255,130050.0000
46256,130050.0000
46257,130050.0000
46258,130050.0000
46259,130050.0000
46260,130050.0000
46261,130050.0000
46262,130050.0000
46263,130050.0000
46264,130050.0000
46265,130050.0000
46266,130050.0000
46267,130050.0000
46268,130050.0000
46269,130050.0000
46270,130050.0000
46271,130050.0000
46272,130050.0000
46273,130050.0000
46274,130050.0000
46275,130050.0000
46276,130050.0000
46277,130050.0000
46278,130050.0000
46279,130050.0000
46280,130050.0000
46281,130050.0000
46282,130050.0000
46283,130050.0000
46284,130050.0000
46285,130050.0000
46286,130050.0000
46287,130050.0000
46288,130050.0000
46289,130050.0000
46290,130050.0000
46291,130050.0000
46292,130050.0000
46293,130050.0000
46294,130050.0000
46295,130050.0000
46296,130050.0000
46297,130050.0000
46298,130050.0000
46299,130050.0000
46300,130050.0000
46301,130050.0000
46302,130050.0000
46303,130050.0000
46304,130050.0000
46305,130050.0000
46306,130050.0000
46307,130050.0000
46308,130050.0000
46309,130050.0000
46310,130050.0000
46311,130050.0000
46312,130050.0000
46313,130050.0000
46314,130050.0000
46315,130050.0000
46316,130050.0000
46317,130050.0000
46318,130050.0000
46319,130050.0000
46320,130050.0000
46321,130050.0000
46322,130050.0000
46323,130050.0000
46324,130050.0000
46325,130050.0000
46326,130050.0000
46327,130050.0000
46328,130050.0000
46329,130050.0000
46330,130050.0000
46331,130050.0000
46332,130050.0000
46333,130050.0000
46334,130050.0000
46335,130050.0000
46336,130050.0000
46337,130050.0000
46338,130050.0000
46339,130050.0000
46340,130050.0000
46341,130050.0000
46342,130050.0000
46343,130050.0000
46344,130050.0000
46345,130050.0000
46346,130050.0000
46347,130050.0000
46348,130050.0000
46349,130050.0000
46350,130050.0000
46351,130050.0000
46352,130050.0000
46353,130050.0000
46354,130050.0000
46355,130050.0000
46356,130050.0000
46357,130050.0000
46358,130050.0000
46359,130050.0000
46360,130050.0000
46361,130050.0000
46362,130050.0000
46363,130050.0000
46364,130050.0000
46365,130050.0000
46366,130050.0000
46367,130050.0000
46368,130050.0000
46369,130050.0000
46370,130050.0000
46371,130050.0000
46372,130050.0000
46373,130050.0000
46374,130050.0000
46375,130050.0000
46376,130050.0000
46377,130050.0000
46378,130050.0000
46379,130050.0000
46380,130050.0000
46381,130050.0000
46382,130050.0000
46383,130050.0000
46384,130050.0000
46385,130050.0000
46386,130050.0000
46387,130050.0000
46388,130050.0000
46389,130050.0000
46390,130050.0000
46391,130050.0000
46392,130050.0000
46393,130050.0000
46394,130050.0000
46395,130050.0000
46396,130050.0000
46397,130050.0000
46398,130050.0000
46399,130050.0000
46400,130050.0000
46401,130050.0000
46402,130050.0000
46403,130050.0000
46404,130050.0000
46405,130050.0000
46406,130050.0000
46407,130050.0000
46408,130050.0000
46409,130050.0000
46410,130050.0000
46411,130050.0000
46412,130050.0000
46413,130050.0000
46414,130050.0000
46415,130050.0000
46416,130050.0000
46417,130050.0000
46418,130050.0000
46419,130050.0000
46420,130050.0000
46421,130050.0000
46422,130050.0000
46423,130050.0000
46424,130050.0000
46425,130050.0000
46426,130050.0000
46427,130050.0000
46428,130050.0000
46429,130050.0000
46430,130050.0000
46431,130050.0000
46432,130050.0000
46433,130050.0000
46434,130050.0000
46435,130050.0000
46436,130050.0000
46437,130050.0000
46438,130050.0000
46439,130050.0000
46440,130050.0000
46441,130050.0000
46442,130050.0000
46443,130050.0000
46444,130050.0000
46445,130050.0000
46446,130050.0000
46447,130050.0000
46448,130050.0000
46449,130050.0000
46450,130050.0000
46451,130050.0000
46452,130050.0000
46453,130050.0000
46454,130050.0000
46455,130050.0000
46456,130050.0000
46457,130050.0000
46458,130050.0000
46459,130050.0000
46460,130050.0000
46461,130050.0000
46462,130050.0000
46463,130050.0000
46464,130050.0000
46465,130050.0000
46466,130050.0000
46467,130050.0000
46468,130050.0000
46469,130050.0000
46470,130050.0000
46471,130050.0000
46472,130050.0000
46473,130050.0000
46474,130050.0000
46475,130050.0000
46476,130050.0000
46477,130050.0000
46478,130050.0000
46479,130050.0000
46480,130050.0000
46481,130050.0000
46482,130050.0000
46483,130050.0000
46484,130050.0000
46485,130050.0000
46486,130050.0000
46487,130050.0000
46488,130050.0000
46489,130050.0000
46490,130050.0000
46491,130050.0000
46492,130050.0000
46493,130050.0000
46494,130050.0000
46495,130050.0000
46496,130050.0000
46497,130050.0000
46498,130050.0000
46499,130050.0000
46500,130050.0000
46501,130050.0000
46502,130050.0000
46503,130050.0000
46504,130050.0000
46505,130050.0000
46506,130050.0000
46507,130050.0000
46508,130050.0000
46509,130050.0000
46510,130050.0000
46511,130050.0000
46512,130050.0000
46513,130050.0000
46514,130050.0000
46515,130050.0000
46516,130050.0000
46517,130050.0000
46518,130050.0000
46519,130050.0000
46520,130050.0000
46521,130050.0000
46522,130050.0000
46523,130050.0000
46524,130050.0000
46525,130050.0000
46526,130050.0000
46527,130050.0000
46528,130050.0000
46529,130050.0000
46530,130050.0000
46531,130050.0000
46532,130050.0000
46533,130050.0000
46534,130050.0000
46535,130050.0000
46536,130050.0000
46537,130050.0000
46538,130050.0000
46539,130050.0000
46540,130050.0000
46541,130050.0000
46542,130050.0000
46543,130050.0000
46544,130050.0000
46545,130050.0000
46546,130050.0000
46547,130050.0000
46548,130050.0000
46549,130050.0000
46550,130050.0000
46551,130050.0000
46552,130050.0000
46553,130050.0000
46554,130050.0000
46555,130050.0000
46556,130050.0000
46557,130050.0000
46558,130050.0000
46559,130050.0000
46560,130050.0000
46561,130050.0000
46562,130050.0000
46563,130050.0000
46564,130050.0000
46565,130050.0000
46566,130050.0000
46567,130050.0000
46568,130050.0000
46569,130050.0000
46570,130050.0000
46571,130050.0000
46572,130050.0000
46573,130050.0000
46574,130050.0000
46575,130050.0000
46576,130050.0000
46577,130050.0000
46578,130050.0000
46579,130050.0000
46580,130050.0000
46581,130050.0000
46582,130050.0000
46583,130050.0000
46584,130050.0000
46585,130050.0000
46586,130050.0000
46587,130050.0000
46588,130050.0000
46589,130050.0000
46590,130050.0000
46591,130050.0000
46592,130050.0000
46593,130050.0000
46594,130050.0000
46595,130050.0000
46596,130050.0000
46597,130050.0000
46598,130050.0000
46599,130050.0000
46600,130050.0000
46601,130050.0000
46602,130050.0000
46603,130050.0000
46604,130050.0000
46605,130050.0000
46606,130050.0000
46607,130050.0000
46608,130050.0000
46609,130050.0000
46610,130050.0000
46611,130050.0000
46612,130050.0000
46613,130050.0000
46614,130050.0000
46615,130050.0000
46616,130050.0000
46617,130050.0000
46618,130050.0000
46619,130050.0000
46620,130050.0000
46621,130050.0000
46622,130050.0000
46623,130050.0000
46624,130050.0000
46625,130050.0000
46626,130050.0000
46627,130050.0000
46628,130050.0000
46629,130050.0000
46630,130050.0000
46631,130050.0000
46632,130050.0000
46633,130050.0000
46634,130050.0000
46635,130050.0000
46636,130050.0000
46637,130050.0000
46638,130050.0000
46639,130050.0000
46640,130050.0000
46641,130050.0000
46642,130050.0000
46643,130050.0000
46644,130050.0000
46645,130050.0000
46646,130050.0000
46647,130050.0000
46648,130050.0000
46649,130050.0000
46650,130050.0000
46651,130050.0000
46652,130050.0000
46653,130050.0000
46654,130050.0000
46655,130050.0000
46656,130050.0000
46657,130050.0000
46658,130050.0000
46659,130050.0000
46660,130050.0000
46661,130050.0000
46662,130050.0000
46663,130050.0000
46664,130050.0000
46665,130050.0000
46666,130050.0000
46667,130050.0000
46668,130050.0000
46669,130050.0000
46670,130050.0000
46671,130050.0000
46672,130050.0000
46673,130050.0000
46674,130050.0000
46675,130050.0000
46676,130050.0000
46677,130050.0000
46678,130050.0000
46679,130050.0000
46680,130050.0000
46681,130050.0000
46682,130050.0000
46683,130050.0000
46684,130050.0000
46685,130050.0000
46686,130050.0000
46687,130050.0000
46688,130050.0000
46689,130050.0000
46690,130050.0000
46691,130050.0000
46692,130050.0000
46693,130050.0000
46694,130050.0000
46695,130050.0000
46696,130050.0000
46697,130050.0000
46698,130050.0000
46699,130050.0000
46700,130050.0000
46701,130050.0000
46702,130050.0000
46703,130050.0000
46704,130050.0000
46705,130050.0000
46706,130050.0000
46707,130050.0000
46708,130050.0000
46709,130050.0000
46710,130050.0000
46711,130050.0000
46712,130050.0000
46713,130050.0000
46714,130050.0000
46715,130050.0000
46716,130050.0000
46717,130050.0000
46718,130050.0000
46719,130050.0000
46720,130050.0000
46721,130050.0000
46722,130050.0000
46723,130050.0000
46724,130050.0000
46725,130050.0000
46726,130050.0000
46727,130050.0000
46728,130050.0000
46729,130050.0000
46730,130050.0000
46731,130050.0000
46732,130050.0000
46733,130050.0000
46734,130050.0000
46735,130050.0000
46736,130050.0000
46737,130050.0000
46738,130050.0000
46739,130050.0000
46740,130050.0000
46741,130050.0000
46742,130050.0000
46743,130050.0000
46744,130050.0000
46745,130050.0000
46746,130050.0000
46747,130050.0000
46748,130050.0000
46749,130050.0000
46750,130050.0000
46751,130050.0000
46752,130050.0000
46753,130050.0000
46754,130050.0000
46755,130050.0000
46756,130050.0000
46757,130050.0000
46758,130050.0000
46759,130050.0000
46760,130050.0000
46761,130050.0000
46762,130050.0000
46763,130050.0000
46764,130050.0000
46765,130050.0000
46766,130050.0000
46767,130050.0000
46768,130050.0000
46769,130050.0000
46770,130050.0000
46771,130050.0000
46772,130050.0000
46773,130050.0000
46774,130050.0000
46775,130050.0000
46776,130050.0000
46777,130050.0000
46778,130050.0000
46779,130050.0000
46780,130050.0000
46781,130050.0000
46782,130050.0000
46783,130050.0000
46784,130050.0000
46785,130050.0000
46786,130050.0000
46787,130050.0000
46788,130050.0000
46789,130050.0000
46790,130050.0000
46791,130050.0000
46792,130050.0000
46793,130050.0000
46794,130050.0000
46795,130050.0000
46796,130050.0000
46797,130050.0000
46798,130050.0000
46799,130050.0000
46800,130050.0000
46801,130050.0000
46802,130050.0000
46803,130050.0000
46804,130050.0000
46805,130050.0000
46806,130050.0000
46807,130050.0000
46808,130050.0000
46809,130050.0000
46810,130050.0000
46811,130050.0000
46812,130050.0000
46813,130050.0000
46814,130050.0000
46815,130050.0000
46816,130050.0000
46817,130050.0000
46818,130050.0000
46819,130050.0000
46820,130050.0000
46821,130050.0000
46822,130050.0000
46823,130050.0000
46824,130050.0000
46825,130050.0000
46826,130050.0000
46827,130050.0000
46828,130050.0000
46829,130050.0000
46830,130050.0000
46831,130050.0000
46832,130050.0000
46833,130050.0000
46834,130050.0000
46835,130050.0000
46836,130050.0000
46837,130050.0000
46838,130050.0000
46839,130050.0000
46840,130050.0000
46841,130050.0000
46842,130050.0000
46843,130050.0000
46844,130050.0000
46845,130050.0000
46846,130050.0000
46847,130050.0000
46848,130050.0000
46849,130050.0000
46850,130050.0000
46851,130050.0000
46852,130050.0000
46853,130050.0000
46854,130050.0000
46855,130050.0000
46856,130050.0000
46857,130050.0000
46858,130050.0000
46859,130050.0000
46860,130050.0000
46861,130050.0000
46862,130050.0000
46863,130050.0000
46864,130050.0000
46865,130050.0000
46866,130050.0000
46867,130050.0000
46868,130050.0000
46869,130050.0000
46870,130050.0000
46871,130050.0000
46872,130050.0000
46873,130050.0000
46874,130050.0000
46875,130050.0000
46876,130050.0000
46877,130050.0000
46878,130050.0000
46879,130050.0000
46880,130050.0000
46881,130050.0000
46882,130050.0000
46883,130050.0000
46884,130050.0000
46885,130050.0000
46886,130050.0000
46887,130050.0000
46888,130050.0000
46889,130050.0000
46890,130050.0000
46891,130050.0000
46892,130050.0000
46893,130050.0000
46894,130050.0000
46895,130050.0000
46896,130050.0000
46897,130050.0000
46898,130050.0000
46899,130050.0000
46900,130050.0000
46901,130050.0000
46902,130050.0000
46903,130050.0000
46904,130050.0000
46905,130050.0000
46906,130050.0000
46907,130050.0000
46908,130050.0000
46909,130050.0000
46910,130050.0000
46911,130050.0000
46912,130050.0000
46913,130050.0000
46914,130050.0000
46915,130050.0000
46916,130050.0000
46917,130050.0000
46918,130050.0000
46919,130050.0000
46920,130050.0000
46921,130050.0000
46922,130050.0000
46923,130050.0000
46924,130050.0000
46925,130050.0000
46926,130050.0000
46927,130050.0000
46928,130050.0000
46929,130050.0000
46930,130050.0000
46931,130050.0000
46932,130050.0000
46933,130050.0000
46934,130050.0000
46935,130050.0000
46936,130050.0000
46937,130050.0000
46938,130050.0000
46939,130050.0000
46940,130050.0000
46941,130050.0000
46942,130050.0000
46943,130050.0000
46944,130050.0000
46945,130050.0000
46946,130050.0000
46947,130050.0000
46948,130050.0000
46949,130050.0000
46950,130050.0000
46951,130050.0000
46952,130050.0000
46953,130050.0000
46954,130050.0000
46955,130050.0000
46956,130050.0000
46957,130050.0000
46958,130050.0000
46959,130050.0000
46960,130050.0000
46961,130050.0000
46962,130050.0000
46963,130050.0000
46964,130050.0000
46965,130050.0000
46966,130050.0000
46967,130050.0000
46968,130050.0000
46969,130050.0000
46970,130050.0000
46971,130050.0000
46972,130050.0000
46973,130050.0000
46974,130050.0000
46975,130050.0000
46976,130050.0000
46977,130050.0000
46978,130050.0000
46979,130050.0000
46980,130050.0000
46981,130050.0000
46982,130050.0000
46983,130050.0000
46984,130050.0000
46985,130050.0000
46986,130050.0000
46987,130050.0000
46988,130050.0000
46989,130050.0000
46990,130050.0000
46991,130050.0000
46992,130050.0000
46993,130050.0000
46994,130050.0000
46995,130050.0000
46996,130050.0000
46997,130050.0000
46998,130050.0000
46999,130050.0000
47000,130050.0000
47001,130050.0000
47002,130050.0000
47003,130050.0000
47004,130050.0000
47005,130050.0000
47006,130050.0000
47007,130050.0000
47008,130050.0000
47009,130050.0000
47010,130050.0000
47011,130050.0000
47012,130050.0000
47013,130050.0000
47014,130050.0000
47015,130050.0000
47016,130050.0000
47017,130050.0000
47018,130050.0000
47019,130050.0000
47020,130050.0000
47021,130050.0000
47022,130050.0000
47023,130050.0000
47024,130050.0000
47025,130050.0000
47026,130050.0000
47027,130050.0000
47028,130050.0000
47029,130050.0000
47030,130050.0000
47031,130050.0000
47032,130050.0000
47033,130050.0000
47034,130050.0000
47035,130050.0000
47036,130050.0000
47037,130050.0000
47038,130050.0000
47039,130050.0000
47040,130050.0000
47041,130050.0000
47042,130050.0000
47043,130050.0000
47044,130050.0000
47045,130050.0000
47046,130050.0000
47047,130050.0000
47048,130050.0000
47049,130050.0000
47050,130050.0000
47051,130050.0000
47052,130050.0000
47053,130050.0000
47054,130050.0000
47055,130050.0000
47056,130050.0000
47057,130050.0000
47058,130050.0000
47059,130050.0000
47060,130050.0000
47061,130050.0000
47062,130050.0000
47063,130050.0000
47064,130050.0000
47065,130050.0000
47066,130050.0000
47067,130050.0000
47068,130050.0000
47069,130050.0000
47070,130050.0000
47071,130050.0000
47072,130050.0000
47073,130050.0000
47074,130050.0000
47075,130050.0000
47076,130050.0000
47077,130050.0000
47078,130050.0000
47079,130050.0000
47080,130050.0000
47081,130050.0000
47082,130050.0000
47083,130050.0000
47084,130050.0000
47085,130050.0000
47086,130050.0000
47087,130050.0000
47088,130050.0000
47089,130050.0000
47090,130050.0000
47091,130050.0000
47092,130050.0000
47093,130050.0000
47094,130050.0000
47095,130050.0000
47096,130050.0000
47097,130050.0000
47098,130050.0000
47099,130050.0000
47100,130050.0000
47101,130050.0000
47102,130050.0000
47103,130050.0000
47104,130050.0000
47105,130050.0000
47106,130050.0000
47107,130050.0000
47108,130050.0000
47109,130050.0000
47110,130050.0000
47111,130050.0000
47112,130050.0000
47113,130050.0000
47114,130050.0000
47115,130050.0000
47116,130050.0000
47117,130050.0000
47118,130050.0000
47119,130050.0000
47120,130050.0000
47121,130050.0000
47122,130050.0000
47123,130050.0000
47124,130050.0000
47125,130050.0000
47126,130050.0000
47127,130050.0000
47128,130050.0000
47129,130050.0000
47130,130050.0000
47131,130050.0000
47132,130050.0000
47133,130050.0000
47134,130050.0000
47135,130050.0000
47136,130050.0000
47137,130050.0000
47138,130050.0000
47139,130050.0000
47140,130050.0000
47141,130050.0000
47142,130050.0000
47143,130050.0000
47144,130050.0000
47145,130050.0000
47146,130050.0000
47147,130050.0000
47148,130050.0000
47149,130050.0000
47150,130050.0000
47151,130050.0000
47152,130050.0000
47153,130050.0000
47154,130050.0000
47155,130050.0000
47156,130050.0000
47157,130050.0000
47158,130050.0000
47159,130050.0000
47160,130050.0000
47161,130050.0000
47162,130050.0000
47163,130050.0000
47164,130050.0000
47165,130050.0000
47166,130050.0000
47167,130050.0000
47168,130050.0000
47169,130050.0000
47170,130050.0000
47171,130050.0000
47172,130050.0000
47173,130050.0000
47174,130050.0000
47175,130050.0000
47176,130050.0000
47177,130050.0000
47178,130050.0000
47179,130050.0000
47180,130050.0000
47181,130050.0000
47182,130050.0000
47183,130050.0000
47184,130050.0000
47185,130050.0000
47186,130050.0000
47187,130050.0000
47188,130050.0000
47189,130050.0000
47190,130050.0000
47191,130050.0000
47192,130050.0000
47193,130050.0000
47194,130050.0000
47195,130050.0000
47196,130050.0000
47197,130050.0000
47198,130050.0000
47199,130050.0000
47200,130050.0000
47201,130050.0000
47202,130050.0000
47203,130050.0000
47204,130050.0000
47205,130050.0000
47206,130050.0000
47207,130050.0000
47208,130050.0000
47209,130050.0000
47210,130050.0000
47211,130050.0000
47212,130050.0000
47213,130050.0000
47214,130050.0000
47215,130050.0000
47216,130050.0000
47217,130050.0000
47218,130050.0000
47219,130050.0000
47220,130050.0000
47221,130050.0000
47222,130050.0000
47223,130050.0000
47224,130050.0000
47225,130050.0000
47226,130050.0000
47227,130050.0000
47228,130050.0000
47229,130050.0000
47230,130050.0000
47231,130050.0000
47232,130050.0000
47233,130050.0000
47234,130050.0000
47235,130050.0000
47236,130050.0000
47237,130050.0000
47238,130050.0000
47239,130050.0000
47240,130050.0000
47241,130050.0000
47242,130050.0000
47243,130050.0000
47244,130050.0000
47245,130050.0000
47246,130050.0000
47247,130050.0000
47248,130050.0000
47249,130050.0000
47250,130050.0000
47251,130050.0000
47252,130050.0000
47253,130050.0000
47254,130050.0000
47255,130050.0000
47256,130050.0000
47257,130050.0000
47258,130050.0000
47259,130050.0000
47260,130050.0000
47261,130050.0000
47262,130050.0000
47263,130050.0000
47264,130050.0000
47265,130050.0000
47266,130050.0000
47267,130050.0000
47268,130050.0000
47269,130050.0000
47270,130050.0000
47271,130050.0000
47272,130050.0000
47273,130050.0000
47274,130050.0000
47275,130050.0000
47276,130050.0000
47277,130050.0000
47278,130050.0000
47279,130050.0000
47280,130050.0000
47281,130050.0000
47282,130050.0000
47283,130050.0000
47284,130050.0000
47285,130050.0000
47286,130050.0000
47287,130050.0000
47288,130050.0000
47289,130050.0000
47290,130050.0000
47291,130050.0000
47292,130050.0000
47293,130050.0000
47294,130050.0000
47295,130050.0000
47296,130050.0000
47297,130050.0000
47298,130050.0000
47299,130050.0000
47300,130050.0000
47301,130050.0000
47302,130050.0000
47303,130050.0000
47304,130050.0000
47305,130050.0000
47306,130050.0000
47307,130050.0000
47308,130050.0000
47309,130050.0000
47310,130050.0000
47311,130050.0000
47312,130050.0000
47313,130050.0000
47314,130050.0000
47315,130050.0000
47316,130050.0000
47317,130050.0000
47318,130050.0000
47319,130050.0000
47320,130050.0000
47321,130050.0000
47322,130050.0000
47323,130050.0000
47324,130050.0000
47325,130050.0000
47326,130050.0000
47327,130050.0000
47328,130050.0000
47329,130050.0000
47330,130050.0000
47331,130050.0000
47332,130050.0000
47333,130050.0000
47334,130050.0000
47335,130050.0000
47336,130050.0000
47337,130050.0000
47338,130050.0000
47339,130050.0000
47340,130050.0000
47341,130050.0000
47342,130050.0000
47343,130050.0000
47344,130050.0000
47345,130050.0000
47346,130050.0000
47347,130050.0000
47348,130050.0000
47349,130050.0000
47350,130050.0000
47351,130050.0000
47352,130050.0000
47353,130050.0000
47354,130050.0000
47355,130050.0000
47356,130050.0000
47357,130050.0000
47358,130050.0000
47359,130050.0000
47360,130050.0000
47361,130050.0000
47362,130050.0000
47363,130050.0000
47364,130050.0000
47365,130050.0000
47366,130050.0000
47367,130050.0000
47368,130050.0000
47369,130050.0000
47370,130050.0000
47371,130050.0000
47372,130050.0000
47373,130050.0000
47374,130050.0000
47375,130050.0000
47376,130050.0000
47377,130050.0000
47378,130050.0000
47379,130050.0000
47380,130050.0000
47381,130050.0000
47382,130050.0000
47383,130050.0000
47384,130050.0000
47385,130050.0000
47386,130050.0000
47387,130050.0000
47388,130050.0000
47389,130050.0000
47390,130050.0000
47391,130050.0000
47392,130050.0000
47393,130050.0000
47394,130050.0000
47395,130050.0000
47396,130050.0000
47397,130050.0000
47398,130050.0000
47399,130050.0000
47400,130050.0000
47401,130050.0000
47402,130050.0000
47403,130050.0000
47404,130050.0000
47405,130050.0000
47406,130050.0000
47407,130050.0000
47408,130050.0000
47409,130050.0000
47410,130050.0000
47411,130050.0000
47412,130050.0000
47413,130050.0000
47414,130050.0000
47415,130050.0000
47416,130050.0000
47417,130050.0000
47418,130050.0000
47419,130050.0000
47420,130050.0000
47421,130050.0000
47422,130050.0000
47423,130050.0000
47424,130050.0000
47425,130050.0000
47426,130050.0000
47427,130050.0000
47428,130050.0000
47429,130050.0000
47430,130050.0000
47431,130050.0000
47432,130050.0000
47433,130050.0000
47434,130050.0000
47435,130050.0000
47436,130050.0000
47437,130050.0000
47438,130050.0000
47439,130050.0000
47440,130050.0000
47441,130050.0000
47442,130050.0000
47443,130050.0000
47444,130050.0000
47445,130050.0000
47446,130050.0000
47447,130050.0000
47448,130050.0000
47449,130050.0000
47450,130050.0000
47451,130050.0000
47452,130050.0000
47453,130050.0000
47454,130050.0000
47455,130050.0000
47456,130050.0000
47457,130050.0000
47458,130050.0000
47459,130050.0000
47460,130050.0000
47461,130050.0000
47462,130050.0000
47463,130050.0000
47464,130050.0000
47465,130050.0000
47466,130050.0000
47467,130050.0000
47468,130050.0000
47469,130050.0000
47470,130050.0000
47471,130050.0000
47472,130050.0000
47473,130050.0000
47474,130050.0000
47475,130050.0000
47476,130050.0000
47477,130050.0000
47478,130050.0000
47479,130050.0000
47480,130050.0000
47481,130050.0000
47482,130050.0000
47483,130050.0000
47484,130050.0000
47485,130050.0000
47486,130050.0000
47487,130050.0000
47488,130050.0000
47489,130050.0000
47490,130050.0000
47491,130050.0000
47492,130050.0000
47493,130050.0000
47494,130050.0000
47495,130050.0000
47496,130050.0000
47497,130050.0000
47498,130050.0000
47499,130050.0000
47500,130050.0000
47501,130050.0000
47502,130050.0000
47503,130050.0000
47504,130050.0000
47505,130050.0000
47506,130050.0000
47507,130050.0000
47508,130050.0000
47509,130050.0000
47510,130050.0000
47511,130050.0000
47512,130050.0000
47513,130050.0000
47514,130050.0000
47515,130050.0000
47516,130050.0000
47517,130050.0000
47518,130050.0000
47519,130050.0000
47520,130050.0000
47521,130050.0000
47522,130050.0000
47523,130050.0000
47524,130050.0000
47525,130050.0000
47526,130050.0000
47527,130050.0000
47528,130050.0000
47529,130050.0000
47530,130050.0000
47531,130050.0000
47532,130050.0000
47533,130050.0000
47534,130050.0000
47535,130050.0000
47536,130050.0000
47537,130050.0000
47538,130050.0000
47539,130050.0000
47540,130050.0000
47541,130050.0000
47542,130050.0000
47543,130050.0000
47544,130050.0000
47545,130050.0000
47546,130050.0000
47547,130050.0000
47548,130050.0000
47549,130050.0000
47550,130050.0000
47551,130050.0000
47552,130050.0000
47553,130050.0000
47554,130050.0000
47555,130050.0000
47556,130050.0000
47557,130050.0000
47558,130050.0000
47559,130050.0000
47560,130050.0000
47561,130050.0000
47562,130050.0000
47563,130050.0000
47564,130050.0000
47565,130050.0000
47566,130050.0000
47567,130050.0000
47568,130050.0000
47569,130050.0000
47570,130050.0000
47571,130050.0000
47572,130050.0000
47573,130050.0000
47574,130050.0000
47575,130050.0000
47576,130050.0000
47577,130050.0000
47578,130050.0000
47579,130050.0000
47580,130050.0000
47581,130050.0000
47582,130050.0000
47583,130050.0000
47584,130050.0000
47585,130050.0000
47586,130050.0000
47587,130050.0000
47588,130050.0000
47589,130050.0000
47590,130050.0000
47591,130050.0000
47592,130050.0000
47593,130050.0000
47594,130050.0000
47595,130050.0000
47596,130050.0000
47597,130050.0000
47598,130050.0000
47599,130050.0000
47600,130050.0000
47601,130050.0000
47602,130050.0000
47603,130050.0000
47604,130050.0000
47605,130050.0000
47606,130050.0000
47607,130050.0000
47608,130050.0000
47609,130050.0000
47610,130050.0000
47611,130050.0000
47612,130050.0000
47613,130050.0000
47614,130050.0000
47615,130050.0000
47616,130050.0000
47617,130050.0000
47618,130050.0000
47619,130050.0000
47620,130050.0000
47621,130050.0000
47622,130050.0000
47623,130050.0000
47624,130050.0000
47625,130050.0000
47626,130050.0000
47627,130050.0000
47628,130050.0000
47629,130050.0000
47630,130050.0000
47631,130050.0000
47632,130050.0000
47633,130050.0000
47634,130050.0000
47635,130050.0000
47636,130050.0000
47637,130050.0000
47638,130050.0000
47639,130050.0000
47640,130050.0000
47641,130050.0000
47642,130050.0000
47643,130050.0000
47644,130050.0000
47645,130050.0000
47646,130050.0000
47647,130050.0000
47648,130050.0000
47649,130050.0000
47650,130050.0000
47651,130050.0000
47652,130050.0000
47653,130050.0000
47654,130050.0000
47655,130050.0000
47656,130050.0000
47657,130050.0000
47658,130050.0000
47659,130050.0000
47660,130050.0000
47661,130050.0000
47662,130050.0000
47663,130050.0000
47664,130050.0000
47665,130050.0000
47666,130050.0000
47667,130050.0000
47668,130050.0000
47669,130050.0000
47670,130050.0000
47671,130050.0000
47672,130050.0000
47673,130050.0000
47674,130050.0000
47675,130050.0000
47676,130050.0000
47677,130050.0000
47678,130050.0000
47679,130050.0000
47680,130050.0000
47681,130050.0000
47682,130050.0000
47683,130050.0000
47684,130050.0000
47685,130050.0000
47686,130050.0000
47687,130050.0000
47688,130050.0000
47689,130050.0000
47690,130050.0000
47691,130050.0000
47692,130050.0000
47693,130050.0000
47694,130050.0000
47695,130050.0000
47696,130050.0000
47697,130050.0000
47698,130050.0000
47699,130050.0000
47700,130050.0000
47701,130050.0000
47702,130050.0000
47703,130050.0000
47704,130050.0000
47705,130050.0000
47706,130050.0000
47707,130050.0000
47708,130050.0000
47709,130050.0000
47710,130050.0000
47711,130050.0000
47712,130050.0000
47713,130050.0000
47714,130050.0000
47715,130050.0000
47716,130050.0000
47717,130050.0000
47718,130050.0000
47719,130050.0000
47720,130050.0000
47721,130050.0000
47722,130050.0000
47723,130050.0000
47724,130050.0000
47725,130050.0000
47726,130050.0000
47727,130050.0000
47728,130050.0000
47729,130050.0000
47730,130050.0000
47731,130050.0000
47732,130050.0000
47733,130050.0000
47734,130050.0000
47735,130050.0000
47736,130050.0000
47737,130050.0000
47738,130050.0000
47739,130050.0000
47740,130050.0000
47741,130050.0000
47742,130050.0000
47743,130050.0000
47744,130050.0000
47745,130050.0000
47746,130050.0000
47747,130050.0000
47748,130050.0000
47749,130050.0000
47750,130050.0000
47751,130050.0000
47752,130050.0000
47753,130050.0000
47754,130050.0000
47755,130050.0000
47756,130050.0000
47757,130050.0000
47758,130050.0000
47759,130050.0000
47760,130050.0000
47761,130050.0000
47762,130050.0000
47763,130050.0000
47764,130050.0000
47765,130050.0000
47766,130050.0000
47767,130050.0000
47768,130050.0000
47769,130050.0000
47770,130050.0000
47771,130050.0000
47772,130050.0000
47773,130050.0000
47774,130050.0000
47775,130050.0000
47776,130050.0000
47777,130050.0000
47778,130050.0000
47779,130050.0000
47780,130050.0000
47781,130050.0000
47782,130050.0000
47783,130050.0000
47784,130050.0000
47785,130050.0000
47786,130050.0000
47787,130050.0000
47788,130050.0000
47789,130050.0000
47790,130050.0000
47791,130050.0000
47792,130050.0000
47793,130050.0000
47794,130050.0000
47795,130050.0000
47796,130050.0000
47797,130050.0000
47798,130050.0000
47799,130050.0000
47800,130050.0000
47801,130050.0000
47802,130050.0000
47803,130050.0000
47804,130050.0000
47805,130050.0000
47806,130050.0000
47807,130050.0000
47808,130050.0000
47809,130050.0000
47810,130050.0000
47811,130050.0000
47812,130050.0000
47813,130050.0000
47814,130050.0000
47815,130050.0000
47816,130050.0000
47817,130050.0000
47818,130050.0000
47819,130050.0000
47820,130050.0000
47821,130050.0000
47822,130050.0000
47823,130050.0000
47824,130050.0000
47825,130050.0000
47826,130050.0000
47827,130050.0000
47828,130050.0000
47829,130050.0000
47830,130050.0000
47831,130050.0000
47832,130050.0000
47833,130050.0000
47834,130050.0000
47835,130050.0000
47836,130050.0000
47837,130050.0000
47838,130050.0000
47839,130050.0000
47840,130050.0000
47841,130050.0000
47842,130050.0000
47843,130050.0000
47844,130050.0000
47845,130050.0000
47846,130050.0000
47847,130050.0000
47848,130050.0000
47849,130050.0000
47850,130050.0000
47851,130050.0000
47852,130050.0000
47853,130050.0000
47854,130050.0000
47855,130050.0000
47856,130050.0000
47857,130050.0000
47858,130050.0000
47859,130050.0000
47860,130050.0000
47861,130050.0000
47862,130050.0000
47863,130050.0000
47864,130050.0000
47865,130050.0000
47866,130050.0000
47867,130050.0000
47868,130050.0000
47869,130050.0000
47870,130050.0000
47871,130050.0000
47872,130050.0000
47873,130050.0000
47874,130050.0000
47875,130050.0000
47876,130050.0000
47877,130050.0000
47878,130050.0000
47879,130050.0000
47880,130050.0000
47881,130050.0000
47882,130050.0000
47883,130050.0000
47884,130050.0000
47885,130050.0000
47886,130050.0000
47887,130050.0000
47888,130050.0000
47889,130050.0000
47890,130050.0000
47891,130050.0000
47892,130050.0000
47893,130050.0000
47894,130050.0000
47895,130050.0000
47896,130050.0000
47897,130050.0000
47898,130050.0000
47899,130050.0000
47900,130050.0000
47901,130050.0000
47902,130050.0000
47903,130050.0000
47904,130050.0000
47905,130050.0000
47906,130050.0000
47907,130050.0000
47908,130050.0000
47909,130050.0000
47910,130050.0000
47911,130050.0000
47912,130050.0000
47913,130050.0000
47914,130050.0000
47915,130050.0000
47916,130050.0000
47917,130050.0000
47918,130050.0000
47919,130050.0000
47920,130050.0000
47921,130050.0000
47922,130050.0000
47923,130050.0000
47924,130050.0000
47925,130050.0000
47926,130050.0000
47927,130050.0000
47928,130050.0000
47929,130050.0000
47930,130050.0000
47931,130050.0000
47932,130050.0000
47933,130050.0000
47934,130050.0000
47935,130050.0000
47936,130050.0000
47937,130050.0000
47938,130050.0000
47939,130050.0000
47940,130050.0000
47941,130050.0000
47942,130050.0000
47943,130050.0000
47944,130050.0000
47945,130050.0000
47946,130050.0000
47947,130050.0000
47948,130050.0000
47949,130050.0000
47950,130050.0000
47951,130050.0000
47952,130050.0000
47953,130050.0000
47954,130050.0000
47955,130050.0000
47956,130050.0000
47957,130050.0000
47958,130050.0000
47959,130050.0000
47960,130050.0000
47961,130050.0000
47962,130050.0000
47963,130050.0000
47964,130050.0000
47965,130050.0000
47966,130050.0000
47967,130050.0000
47968,130050.0000
47969,130050.0000
47970,130050.0000
47971,130050.0000
47972,130050.0000
47973,130050.0000
47974,130050.0000
47975,130050.0000
47976,130050.0000
47977,130050.0000
47978,130050.0000
47979,130050.0000
47980,130050.0000
47981,130050.0000
47982,130050.0000
47983,130050.0000
47984,130050.0000
47985,130050.0000
47986,130050.0000
47987,130050.0000
47988,130050.0000
47989,130050.0000
47990,130050.0000
47991,130050.0000
47992,130050.0000
47993,130050.0000
47994,130050.0000
47995,130050.0000
47996,130050.0000
47997,130050.0000
47998,130050.0000
47999,130050.0000
48000,130050.0000
48001,130050.0000
48002,130050.0000
48003,130050.0000
48004,130050.0000
48005,130050.0000
48006,130050.0000
48007,130050.0000
48008,130050.0000
48009,130050.0000
48010,130050.0000
48011,130050.0000
48012,130050.0000
48013,130050.0000
48014,130050.0000
48015,130050.0000
48016,130050.0000
48017,130050.0000
48018,130050.0000
48019,130050.0000
48020,130050.0000
48021,130050.0000
48022,130050.0000
48023,130050.0000
48024,130050.0000
48025,130050.0000
48026,130050.0000
48027,130050.0000
48028,130050.0000
48029,130050.0000
48030,130050.0000
48031,130050.0000
48032,130050.0000
48033,130050.0000
48034,130050.0000
48035,130050.0000
48036,130050.0000
48037,130050.0000
48038,130050.0000
48039,130050.0000
48040,130050.0000
48041,130050.0000
48042,130050.0000
48043,130050.0000
48044,130050.0000
48045,130050.0000
48046,130050.0000
48047,130050.0000
48048,130050.0000
48049,130050.0000
48050,130050.0000
48051,130050.0000
48052,130050.0000
48053,130050.0000
48054,130050.0000
48055,130050.0000
48056,130050.0000
48057,130050.0000
48058,130050.0000
48059,130050.0000
48060,130050.0000
48061,130050.0000
48062,130050.0000
48063,130050.0000
48064,130050.0000
48065,130050.0000
48066,130050.0000
48067,130050.0000
48068,130050.0000
48069,130050.0000
48070,130050.0000
48071,130050.0000
48072,130050.0000
48073,130050.0000
48074,130050.0000
48075,130050.0000
48076,130050.0000
48077,130050.0000
48078,130050.0000
48079,130050.0000
48080,130050.0000
48081,130050.0000
48082,130050.0000
48083,130050.0000
48084,130050.0000
48085,130050.0000
48086,130050.0000
48087,130050.0000
48088,130050.0000
48089,130050.0000
48090,130050.0000
48091,130050.0000
48092,130050.0000
48093,130050.0000
48094,130050.0000
48095,130050.0000
48096,130050.0000
48097,130050.0000
48098,130050.0000
48099,130050.0000
48100,130050.0000
48101,130050.0000
48102,130050.0000
48103,130050.0000
48104,130050.0000
48105,130050.0000
48106,130050.0000
48107,130050.0000
48108,130050.0000
48109,130050.0000
48110,130050.0000
48111,130050.0000
48112,130050.0000
48113,130050.0000
48114,130050.0000
48115,130050.0000
48116,130050.0000
48117,130050.0000
48118,130050.0000
48119,130050.0000
48120,130050.0000
48121,130050.0000
48122,130050.0000
48123,130050.0000
48124,130050.0000
48125,130050.0000
48126,130050.0000
48127,130050.0000
48128,130050.0000
48129,130050.0000
48130,130050.0000
48131,130050.0000
48132,130050.0000
48133,130050.0000
48134,130050.0000
48135,130050.0000
48136,130050.0000
48137,130050.0000
48138,130050.0000
48139,130050.0000
48140,130050.0000
48141,130050.0000
48142,130050.0000
48143,130050.0000
48144,130050.0000
48145,130050.0000
48146,130050.0000
48147,130050.0000
48148,130050.0000
48149,130050.0000
48150,130050.0000
48151,130050.0000
48152,130050.0000
48153,130050.0000
48154,130050.0000
48155,130050.0000
48156,130050.0000
48157,130050.0000
48158,130050.0000
48159,130050.0000
48160,130050.0000
48161,130050.0000
48162,130050.0000
48163,130050.0000
48164,130050.0000
48165,130050.0000
48166,130050.0000
48167,130050.0000
48168,130050.0000
48169,130050.0000
48170,130050.0000
48171,130050.0000
48172,130050.0000
48173,130050.0000
48174,130050.0000
48175,130050.0000
48176,130050.0000
48177,130050.0000
48178,130050.0000
48179,130050.0000
48180,130050.0000
48181,130050.0000
48182,130050.0000
48183,130050.0000
48184,130050.0000
48185,130050.0000
48186,130050.0000
48187,130050.0000
48188,130050.0000
48189,130050.0000
48190,130050.0000
48191,130050.0000
48192,130050.0000
48193,130050.0000
48194,130050.0000
48195,130050.0000
48196,130050.0000
48197,130050.0000
48198,130050.0000
48199,130050.0000
48200,130050.0000
48201,130050.0000
48202,130050.0000
48203,130050.0000
48204,130050.0000
48205,130050.0000
48206,130050.0000
48207,130050.0000
48208,130050.0000
48209,130050.0000
48210,130050.0000
48211,130050.0000
48212,130050.0000
48213,130050.0000
48214,130050.0000
48215,130050.0000
48216,130050.0000
48217,130050.0000
48218,130050.0000
48219,130050.0000
48220,130050.0000
48221,130050.0000
48222,130050.0000
48223,130050.0000
48224,130050.0000
48225,130050.0000
48226,130050.0000
48227,130050.0000
48228,130050.0000
48229,130050.0000
48230,130050.0000
48231,130050.0000
48232,130050.0000
48233,130050.0000
48234,130050.0000
48235,130050.0000
48236,130050.0000
48237,130050.0000
48238,130050.0000
48239,130050.0000
48240,130050.0000
48241,130050.0000
48242,130050.0000
48243,130050.0000
48244,130050.0000
48245,130050.0000
48246,130050.0000
48247,130050.0000
48248,130050.0000
48249,130050.0000
48250,130050.0000
48251,130050.0000
48252,130050.0000
48253,130050.0000
48254,130050.0000
48255,130050.0000
48256,130050.0000
48257,130050.0000
48258,130050.0000
48259,130050.0000
48260,130050.0000
48261,130050.0000
48262,130050.0000
48263,130050.0000
48264,130050.0000
48265,130050.0000
48266,130050.0000
48267,130050.0000
48268,130050.0000
48269,130050.0000
48270,130050.0000
48271,130050.0000
48272,130050.0000
48273,130050.0000
48274,130050.0000
48275,130050.0000
48276,130050.0000
48277,130050.0000
48278,130050.0000
48279,130050.0000
48280,130050.0000
48281,130050.0000
48282,130050.0000
48283,130050.0000
48284,130050.0000
48285,130050.0000
48286,130050.0000
48287,130050.0000
48288,130050.0000
48289,130050.0000
48290,130050.0000
48291,130050.0000
48292,130050.0000
48293,130050.0000
48294,130050.0000
48295,130050.0000
48296,130050.0000
48297,130050.0000
48298,130050.0000
48299,130050.0000
48300,130050.0000
48301,130050.0000
48302,130050.0000
48303,130050.0000
48304,130050.0000
48305,130050.0000
48306,130050.0000
48307,130050.0000
48308,130050.0000
48309,130050.0000
48310,130050.0000
48311,130050.0000
48312,130050.0000
48313,130050.0000
48314,130050.0000
48315,130050.0000
48316,130050.0000
48317,130050.0000
48318,130050.0000
48319,130050.0000
48320,130050.0000
48321,130050.0000
48322,130050.0000
48323,130050.0000
48324,130050.0000
48325,130050.0000
48326,130050.0000
48327,130050.0000
48328,130050.0000
48329,130050.0000
48330,130050.0000
48331,130050.0000
48332,130050.0000
48333,130050.0000
48334,130050.0000
48335,130050.0000
48336,130050.0000
48337,130050.0000
48338,130050.0000
48339,130050.0000
48340,130050.0000
48341,130050.0000
48342,130050.0000
48343,130050.0000
48344,130050.0000
48345,130050.0000
48346,130050.0000
48347,130050.0000
48348,130050.0000
48349,130050.0000
48350,130050.0000
48351,130050.0000
48352,130050.0000
48353,130050.0000
48354,130050.0000
48355,130050.0000
48356,130050.0000
48357,130050.0000
48358,130050.0000
48359,130050.0000
48360,130050.0000
48361,130050.0000
48362,130050.0000
48363,130050.0000
48364,130050.0000
48365,130050.0000
48366,130050.0000
48367,130050.0000
48368,130050.0000
48369,130050.0000
48370,130050.0000
48371,130050.0000
48372,130050.0000
48373,130050.0000
48374,130050.0000
48375,130050.0000
48376,130050.0000
48377,130050.0000
48378,130050.0000
48379,130050.0000
48380,130050.0000
48381,130050.0000
48382,130050.0000
48383,130050.0000
48384,130050.0000
48385,130050.0000
48386,130050.0000
48387,130050.0000
48388,130050.0000
48389,130050.0000
48390,130050.0000
48391,130050.0000
48392,130050.0000
48393,130050.0000
48394,130050.0000
48395,130050.0000
48396,130050.0000
48397,130050.0000
48398,130050.0000
48399,130050.0000
48400,130050.0000
48401,130050.0000
48402,130050.0000
48403,130050.0000
48404,130050.0000
48405,130050.0000
48406,130050.0000
48407,130050.0000
48408,130050.0000
48409,130050.0000
48410,130050.0000
48411,130050.0000
48412,130050.0000
48413,130050.0000
48414,130050.0000
48415,130050.0000
48416,130050.0000
48417,130050.0000
48418,130050.0000
48419,130050.0000
48420,130050.0000
48421,130050.0000
48422,130050.0000
48423,130050.0000
48424,130050.0000
48425,130050.0000
48426,130050.0000
48427,130050.0000
48428,130050.0000
48429,130050.0000
48430,130050.0000
48431,130050.0000
48432,130050.0000
48433,130050.0000
48434,130050.0000
48435,130050.0000
48436,130050.0000
48437,130050.0000
48438,130050.0000
48439,130050.0000
48440,130050.0000
48441,130050.0000
48442,130050.0000
48443,130050.0000
48444,130050.0000
48445,130050.0000
48446,130050.0000
48447,130050.0000
48448,130050.0000
48449,130050.0000
48450,130050.0000
48451,130050.0000
48452,130050.0000
48453,130050.0000
48454,130050.0000
48455,130050.0000
48456,130050.0000
48457,130050.0000
48458,130050.0000
48459,130050.0000
48460,130050.0000
48461,130050.0000
48462,130050.0000
48463,130050.0000
48464,130050.0000
48465,130050.0000
48466,130050.0000
48467,130050.0000
48468,130050.0000
48469,130050.0000
48470,130050.0000
48471,130050.0000
48472,130050.0000
48473,130050.0000
48474,130050.0000
48475,130050.0000
48476,130050.0000
48477,130050.0000
48478,130050.0000
48479,130050.0000
48480,130050.0000
48481,130050.0000
48482,130050.0000
48483,130050.0000
48484,130050.0000
48485,130050.0000
48486,130050.0000
48487,130050.0000
48488,130050.0000
48489,130050.0000
48490,130050.0000
48491,130050.0000
48492,130050.0000
48493,130050.0000
48494,130050.0000
48495,130050.0000
48496,130050.0000
48497,130050.0000
48498,130050.0000
48499,130050.0000
48500,130050.0000
48501,130050.0000
48502,130050.0000
48503,130050.0000
48504,130050.0000
48505,130050.0000
48506,130050.0000
48507,130050.0000
48508,130050.0000
48509,130050.0000
48510,130050.0000
48511,130050.0000
48512,130050.0000
48513,130050.0000
48514,130050.0000
48515,130050.0000
48516,130050.0000
48517,130050.0000
48518,130050.0000
48519,130050.0000
48520,130050.0000
48521,130050.0000
48522,130050.0000
48523,130050.0000
48524,130050.0000
48525,130050.0000
48526,130050.0000
48527,130050.0000
48528,130050.0000
48529,130050.0000
48530,130050.0000
48531,130050.0000
48532,130050.0000
48533,130050.0000
48534,130050.0000
48535,130050.0000
48536,130050.0000
48537,130050.0000
48538,130050.0000
48539,130050.0000
48540,130050.0000
48541,130050.0000
48542,130050.0000
48543,130050.0000
48544,130050.0000
48545,130050.0000
48546,130050.0000
48547,130050.0000
48548,130050.0000
48549,130050.0000
48550,130050.0000
48551,130050.0000
48552,130050.0000
48553,130050.0000
48554,130050.0000
48555,130050.0000
48556,130050.0000
48557,130050.0000
48558,130050.0000
48559,130050.0000
48560,130050.0000
48561,130050.0000
48562,130050.0000
48563,130050.0000
48564,130050.0000
48565,130050.0000
48566,130050.0000
48567,130050.0000
48568,130050.0000
48569,130050.0000
48570,130050.0000
48571,130050.0000
48572,130050.0000
48573,130050.0000
48574,130050.0000
48575,130050.0000
48576,130050.0000
48577,130050.0000
48578,130050.0000
48579,130050.0000
48580,130050.0000
48581,130050.0000
48582,130050.0000
48583,130050.0000
48584,130050.0000
48585,130050.0000
48586,130050.0000
48587,130050.0000
48588,130050.0000
48589,130050.0000
48590,130050.0000
48591,130050.0000
48592,130050.0000
48593,130050.0000
48594,130050.0000
48595,130050.0000
48596,130050.0000
48597,130050.0000
48598,130050.0000
48599,130050.0000
48600,130050.0000
48601,130050.0000
48602,130050.0000
48603,130050.0000
48604,130050.0000
48605,130050.0000
48606,130050.0000
48607,130050.0000
48608,130050.0000
48609,130050.0000
48610,130050.0000
48611,130050.0000
48612,130050.0000
48613,130050.0000
48614,130050.0000
48615,130050.0000
48616,130050.0000
48617,130050.0000
48618,130050.0000
48619,130050.0000
48620,130050.0000
48621,130050.0000
48622,130050.0000
48623,130050.0000
48624,130050.0000
48625,130050.0000
48626,130050.0000
48627,130050.0000
48628,130050.0000
48629,130050.0000
48630,130050.0000
48631,130050.0000
48632,130050.0000
48633,130050.0000
48634,130050.0000
48635,130050.0000
48636,130050.0000
48637,130050.0000
48638,130050.0000
48639,130050.0000
48640,130050.0000
48641,130050.0000
48642,130050.0000
48643,130050.0000
48644,130050.0000
48645,130050.0000
48646,130050.0000
48647,130050.0000
48648,130050.0000
48649,130050.0000
48650,130050.0000
48651,130050.0000
48652,130050.0000
48653,130050.0000
48654,130050.0000
48655,130050.0000
48656,130050.0000
48657,130050.0000
48658,130050.0000
48659,130050.0000
48660,130050.0000
48661,130050.0000
48662,130050.0000
48663,130050.0000
48664,130050.0000
48665,130050.0000
48666,130050.0000
48667,130050.0000
48668,130050.0000
48669,130050.0000
48670,130050.0000
48671,130050.0000
48672,130050.0000
48673,130050.0000
48674,130050.0000
48675,130050.0000
48676,130050.0000
48677,130050.0000
48678,130050.0000
48679,130050.0000
48680,130050.0000
48681,130050.0000
48682,130050.0000
48683,130050.0000
48684,130050.0000
48685,130050.0000
48686,130050.0000
48687,130050.0000
48688,130050.0000
48689,130050.0000
48690,130050.0000
48691,130050.0000
48692,130050.0000
48693,130050.0000
48694,130050.0000
48695,130050.0000
48696,130050.0000
48697,130050.0000
48698,130050.0000
48699,130050.0000
48700,130050.0000
48701,130050.0000
48702,130050.0000
48703,130050.0000
48704,130050.0000
48705,130050.0000
48706,130050.0000
48707,130050.0000
48708,130050.0000
48709,130050.0000
48710,130050.0000
48711,130050.0000
48712,130050.0000
48713,130050.0000
48714,130050.0000
48715,130050.0000
48716,130050.0000
48717,130050.0000
48718,130050.0000
48719,130050.0000
48720,130050.0000
48721,130050.0000
48722,130050.0000
48723,130050.0000
48724,130050.0000
48725,130050.0000
48726,130050.0000
48727,130050.0000
48728,130050.0000
48729,130050.0000
48730,130050.0000
48731,130050.0000
48732,130050.0000
48733,130050.0000
48734,130050.0000
48735,130050.0000
48736,130050.0000
48737,130050.0000
48738,130050.0000
48739,130050.0000
48740,130050.0000
48741,130050.0000
48742,130050.0000
48743,130050.0000
48744,130050.0000
48745,130050.0000
48746,130050.0000
48747,130050.0000
48748,130050.0000
48749,130050.0000
48750,130050.0000
48751,130050.0000
48752,130050.0000
48753,130050.0000
48754,130050.0000
48755,130050.0000
48756,130050.0000
48757,130050.0000
48758,130050.0000
48759,130050.0000
48760,130050.0000
48761,130050.0000
48762,130050.0000
48763,130050.0000
48764,130050.0000
48765,130050.0000
48766,130050.0000
48767,130050.0000
48768,130050.0000
48769,130050.0000
48770,130050.0000
48771,130050.0000
48772,130050.0000
48773,130050.0000
48774,130050.0000
48775,130050.0000
48776,130050.0000
48777,130050.0000
48778,130050.0000
48779,130050.0000
48780,130050.0000
48781,130050.0000
48782,130050.0000
48783,130050.0000
48784,130050.0000
48785,130050.0000
48786,130050.0000
48787,130050.0000
48788,130050.0000
48789,130050.0000
48790,130050.0000
48791,130050.0000
48792,130050.0000
48793,130050.0000
48794,130050.0000
48795,130050.0000
48796,130050.0000
48797,130050.0000
48798,130050.0000
48799,130050.0000
48800,130050.0000
48801,130050.0000
48802,130050.0000
48803,130050.0000
48804,130050.0000
48805,130050.0000
48806,130050.0000
48807,130050.0000
48808,130050.0000
48809,130050.0000
48810,130050.0000
48811,130050.0000
48812,130050.0000
48813,130050.0000
48814,130050.0000
48815,130050.0000
48816,130050.0000
48817,130050.0000
48818,130050.0000
48819,130050.0000
48820,130050.0000
48821,130050.0000
48822,130050.0000
48823,130050.0000
48824,130050.0000
48825,130050.0000
48826,130050.0000
48827,130050.0000
48828,130050.0000
48829,130050.0000
48830,130050.0000
48831,130050.0000
48832,130050.0000
48833,130050.0000
48834,130050.0000
48835,130050.0000
48836,130050.0000
48837,130050.0000
48838,130050.0000
48839,130050.0000
48840,130050.0000
48841,130050.0000
48842,130050.0000
48843,130050.0000
48844,130050.0000
48845,130050.0000
48846,130050.0000
48847,130050.0000
48848,130050.0000
48849,130050.0000
48850,130050.0000
48851,130050.0000
48852,130050.0000
48853,130050.0000
48854,130050.0000
48855,130050.0000
48856,130050.0000
48857,130050.0000
48858,130050.0000
48859,130050.0000
48860,130050.0000
48861,130050.0000
48862,130050.0000
48863,130050.0000
48864,130050.0000
48865,130050.0000
48866,130050.0000
48867,130050.0000
48868,130050.0000
48869,130050.0000
48870,130050.0000
48871,130050.0000
48872,130050.0000
48873,130050.0000
48874,130050.0000
48875,130050.0000
48876,130050.0000
48877,130050.0000
48878,130050.0000
48879,130050.0000
48880,130050.0000
48881,130050.0000
48882,130050.0000
48883,130050.0000
48884,130050.0000
48885,130050.0000
48886,130050.0000
48887,130050.0000
48888,130050.0000
48889,130050.0000
48890,130050.0000
48891,130050.0000
48892,130050.0000
48893,130050.0000
48894,130050.0000
48895,130050.0000
48896,130050.0000
48897,130050.0000
48898,130050.0000
48899,130050.0000
48900,130050.0000
48901,130050.0000
48902,130050.0000
48903,130050.0000
48904,130050.0000
48905,130050.0000
48906,130050.0000
48907,130050.0000
48908,130050.0000
48909,130050.0000
48910,130050.0000
48911,130050.0000
48912,130050.0000
48913,130050.0000
48914,130050.0000
48915,130050.0000
48916,130050.0000
48917,130050.0000
48918,130050.0000
48919,130050.0000
48920,130050.0000
48921,130050.0000
48922,130050.0000
48923,130050.0000
48924,130050.0000
48925,130050.0000
48926,130050.0000
48927,130050.0000
48928,130050.0000
48929,130050.0000
48930,130050.0000
48931,130050.0000
48932,130050.0000
48933,130050.0000
48934,130050.0000
48935,130050.0000
48936,130050.0000
48937,130050.0000
48938,130050.0000
48939,130050.0000
48940,130050.0000
48941,130050.0000
48942,130050.0000
48943,130050.0000
48944,130050.0000
48945,130050.0000
48946,130050.0000
48947,130050.0000
48948,130050.0000
48949,130050.0000
48950,130050.0000
48951,130050.0000
48952,130050.0000
48953,130050.0000
48954,130050.0000
48955,130050.0000
48956,130050.0000
48957,130050.0000
48958,130050.0000
48959,130050.0000
48960,130050.0000
48961,130050.0000
48962,130050.0000
48963,130050.0000
48964,130050.0000
48965,130050.0000
48966,130050.0000
48967,130050.0000
48968,130050.0000
48969,130050.0000
48970,130050.0000
48971,130050.0000
48972,130050.0000
48973,130050.0000
48974,130050.0000
48975,130050.0000
48976,130050.0000
48977,130050.0000
48978,130050.0000
48979,130050.0000
48980,130050.0000
48981,130050.0000
48982,130050.0000
48983,130050.0000
48984,130050.0000
48985,130050.0000
48986,130050.0000
48987,130050.0000
48988,130050.0000
48989,130050.0000
48990,130050.0000
48991,130050.0000
48992,130050.0000
48993,130050.0000
48994,130050.0000
48995,130050.0000
48996,130050.0000
48997,130050.0000
48998,130050.0000
48999,130050.0000
49000,130050.0000
49001,130050.0000
49002,130050.0000
49003,130050.0000
49004,130050.0000
49005,130050.0000
49006,130050.0000
49007,130050.0000
49008,130050.0000
49009,130050.0000
49010,130050.0000
49011,130050.0000
49012,130050.0000
49013,130050.0000
49014,130050.0000
49015,130050.0000
49016,130050.0000
49017,130050.0000
49018,130050.0000
49019,130050.0000
49020,130050.0000
49021,130050.0000
49022,130050.0000
49023,130050.0000
49024,130050.0000
49025,130050.0000
49026,130050.0000
49027,130050.0000
49028,130050.0000
49029,130050.0000
49030,130050.0000
49031,130050.0000
49032,130050.0000
49033,130050.0000
49034,130050.0000
49035,130050.0000
49036,130050.0000
49037,130050.0000
49038,130050.0000
49039,130050.0000
49040,130050.0000
49041,130050.0000
49042,130050.0000
49043,130050.0000
49044,130050.0000
49045,130050.0000
49046,130050.0000
49047,130050.0000
49048,130050.0000
49049,130050.0000
49050,130050.0000
49051,130050.0000
49052,130050.0000
49053,130050.0000
49054,130050.0000
49055,130050.0000
49056,130050.0000
49057,130050.0000
49058,130050.0000
49059,130050.0000
49060,130050.0000
49061,130050.0000
49062,130050.0000
49063,130050.0000
49064,130050.0000
49065,130050.0000
49066,130050.0000
49067,130050.0000
49068,130050.0000
49069,130050.0000
49070,130050.0000
49071,130050.0000
49072,130050.0000
49073,130050.0000
49074,130050.0000
49075,130050.0000
49076,130050.0000
49077,130050.0000
49078,130050.0000
49079,130050.0000
49080,130050.0000
49081,130050.0000
49082,130050.0000
49083,130050.0000
49084,130050.0000
49085,130050.0000
49086,130050.0000
49087,130050.0000
49088,130050.0000
49089,130050.0000
49090,130050.0000
49091,130050.0000
49092,130050.0000
49093,130050.0000
49094,130050.0000
49095,130050.0000
49096,130050.0000
49097,130050.0000
49098,130050.0000
49099,130050.0000
49100,130050.0000
49101,130050.0000
49102,130050.0000
49103,130050.0000
49104,130050.0000
49105,130050.0000
49106,130050.0000
49107,130050.0000
49108,130050.0000
49109,130050.0000
49110,130050.0000
49111,130050.0000
49112,130050.0000
49113,130050.0000
49114,130050.0000
49115,130050.0000
49116,130050.0000
49117,130050.0000
49118,130050.0000
49119,130050.0000
49120,130050.0000
49121,130050.0000
49122,130050.0000
49123,130050.0000
49124,130050.0000
49125,130050.0000
49126,130050.0000
49127,130050.0000
49128,130050.0000
49129,130050.0000
49130,130050.0000
49131,130050.0000
49132,130050.0000
49133,130050.0000
49134,130050.0000
49135,130050.0000
49136,130050.0000
49137,130050.0000
49138,130050.0000
49139,130050.0000
49140,130050.0000
49141,130050.0000
49142,130050.0000
49143,130050.0000
49144,130050.0000
49145,130050.0000
49146,130050.0000
49147,130050.0000
49148,130050.0000
49149,130050.0000
49150,130050.0000
49151,130050.0000
49152,130050.0000
49153,130050.0000
49154,130050.0000
49155,130050.0000
49156,130050.0000
49157,130050.0000
49158,130050.0000
49159,130050.0000
49160,130050.0000
49161,130050.0000
49162,130050.0000
49163,130050.0000
49164,130050.0000
49165,130050.0000
49166,130050.0000
49167,130050.0000
49168,130050.0000
49169,130050.0000
49170,130050.0000
49171,130050.0000
49172,130050.0000
49173,130050.0000
49174,130050.0000
49175,130050.0000
49176,130050.0000
49177,130050.0000
49178,130050.0000
49179,130050.0000
49180,130050.0000
49181,130050.0000
49182,130050.0000
49183,130050.0000
49184,130050.0000
49185,130050.0000
49186,130050.0000
49187,130050.0000
49188,130050.0000
49189,130050.0000
49190,130050.0000
49191,130050.0000
49192,130050.0000
49193,130050.0000
49194,130050.0000
49195,130050.0000
49196,130050.0000
49197,130050.0000
49198,130050.0000
49199,130050.0000
49200,130050.0000
49201,130050.0000
49202,130050.0000
49203,130050.0000
49204,130050.0000
49205,130050.0000
49206,130050.0000
49207,130050.0000
49208,130050.0000
49209,130050.0000
49210,130050.0000
49211,130050.0000
49212,130050.0000
49213,130050.0000
49214,130050.0000
49215,130050.0000
49216,130050.0000
49217,130050.0000
49218,130050.0000
49219,130050.0000
49220,130050.0000
49221,130050.0000
49222,130050.0000
49223,130050.0000
49224,130050.0000
49225,130050.0000
49226,130050.0000
49227,130050.0000
49228,130050.0000
49229,130050.0000
49230,130050.0000
49231,130050.0000
49232,130050.0000
49233,130050.0000
49234,130050.0000
49235,130050.0000
49236,130050.0000
49237,130050.0000
49238,130050.0000
49239,130050.0000
49240,130050.0000
49241,130050.0000
49242,130050.0000
49243,130050.0000
49244,130050.0000
49245,130050.0000
49246,130050.0000
49247,130050.0000
49248,130050.0000
49249,130050.0000
49250,130050.0000
49251,130050.0000
49252,130050.0000
49253,130050.0000
49254,130050.0000
49255,130050.0000
49256,130050.0000
49257,130050.0000
49258,130050.0000
49259,130050.0000
49260,130050.0000
49261,130050.0000
49262,130050.0000
49263,130050.0000
49264,130050.0000
49265,130050.0000
49266,130050.0000
49267,130050.0000
49268,130050.0000
49269,130050.0000
49270,130050.0000
49271,130050.0000
49272,130050.0000
49273,130050.0000
49274,130050.0000
49275,130050.0000
49276,130050.0000
49277,130050.0000
49278,130050.0000
49279,130050.0000
49280,130050.0000
49281,130050.0000
49282,130050.0000
49283,130050.0000
49284,130050.0000
49285,130050.0000
49286,130050.0000
49287,130050.0000
49288,130050.0000
49289,130050.0000
49290,130050.0000
49291,130050.0000
49292,130050.0000
49293,130050.0000
49294,130050.0000
49295,130050.0000
49296,130050.0000
49297,130050.0000
49298,130050.0000
49299,130050.0000
49300,130050.0000
49301,130050.0000
49302,130050.0000
49303,130050.0000
49304,130050.0000
49305,130050.0000
49306,130050.0000
49307,130050.0000
49308,130050.0000
49309,130050.0000
49310,130050.0000
49311,130050.0000
49312,130050.0000
49313,130050.0000
49314,130050.0000
49315,130050.0000
49316,130050.0000
49317,130050.0000
49318,130050.0000
49319,130050.0000
49320,130050.0000
49321,130050.0000
49322,130050.0000
49323,130050.0000
49324,130050.0000
49325,130050.0000
49326,130050.0000
49327,130050.0000
49328,130050.0000
49329,130050.0000
49330,130050.0000
49331,130050.0000
49332,130050.0000
49333,130050.0000
49334,130050.0000
49335,130050.0000
49336,130050.0000
49337,130050.0000
49338,130050.0000
49339,130050.0000
49340,130050.0000
49341,130050.0000
49342,130050.0000
49343,130050.0000
49344,130050.0000
49345,130050.0000
49346,130050.0000
49347,130050.0000
49348,130050.0000
49349,130050.0000
49350,130050.0000
49351,130050.0000
49352,130050.0000
49353,130050.0000
49354,130050.0000
49355,130050.0000
49356,130050.0000
49357,130050.0000
49358,130050.0000
49359,130050.0000
49360,130050.0000
49361,130050.0000
49362,130050.0000
49363,130050.0000
49364,130050.0000
49365,130050.0000
49366,130050.0000
49367,130050.0000
49368,130050.0000
49369,130050.0000
49370,130050.0000
49371,130050.0000
49372,130050.0000
49373,130050.0000
49374,130050.0000
49375,130050.0000
49376,130050.0000
49377,130050.0000
49378,130050.0000
49379,130050.0000
49380,130050.0000
49381,130050.0000
49382,130050.0000
49383,130050.0000
49384,130050.0000
49385,130050.0000
49386,130050.0000
49387,130050.0000
49388,130050.0000
49389,130050.0000
49390,130050.0000
49391,130050.0000
49392,130050.0000
49393,130050.0000
49394,130050.0000
49395,130050.0000
49396,130050.0000
49397,130050.0000
49398,130050.0000
49399,130050.0000
49400,130050.0000
49401,130050.0000
49402,130050.0000
49403,130050.0000
49404,130050.0000
49405,130050.0000
49406,130050.0000
49407,130050.0000
49408,130050.0000
49409,130050.0000
49410,130050.0000
49411,130050.0000
49412,130050.0000
49413,130050.0000
49414,130050.0000
49415,130050.0000
49416,130050.0000
49417,130050.0000
49418,130050.0000
49419,130050.0000
49420,130050.0000
49421,130050.0000
49422,130050.0000
49423,130050.0000
49424,130050.0000
49425,130050.0000
49426,130050.0000
49427,130050.0000
49428,130050.0000
49429,130050.0000
49430,130050.0000
49431,130050.0000
49432,130050.0000
49433,130050.0000
49434,130050.0000
49435,130050.0000
49436,130050.0000
49437,130050.0000
49438,130050.0000
49439,130050.0000
49440,130050.0000
49441,130050.0000
49442,130050.0000
49443,130050.0000
49444,130050.0000
49445,130050.0000
49446,130050.0000
49447,130050.0000
49448,130050.0000
49449,130050.0000
49450,130050.0000
49451,130050.0000
49452,130050.0000
49453,130050.0000
49454,130050.0000
49455,130050.0000
49456,130050.0000
49457,130050.0000
49458,130050.0000
49459,130050.0000
49460,130050.0000
49461,130050.0000
49462,130050.0000
49463,130050.0000
49464,130050.0000
49465,130050.0000
49466,130050.0000
49467,130050.0000
49468,130050.0000
49469,130050.0000
49470,130050.0000
49471,130050.0000
49472,130050.0000
49473,130050.0000
49474,130050.0000
49475,130050.0000
49476,130050.0000
49477,130050.0000
49478,130050.0000
49479,130050.0000
49480,130050.0000
49481,130050.0000
49482,130050.0000
49483,130050.0000
49484,130050.0000
49485,130050.0000
49486,130050.0000
49487,130050.0000
49488,130050.0000
49489,130050.0000
49490,130050.0000
49491,130050.0000
49492,130050.0000
49493,130050.0000
49494,130050.0000
49495,130050.0000
49496,130050.0000
49497,130050.0000
49498,130050.0000
49499,130050.0000
49500,130050.0000
49501,130050.0000
49502,130050.0000
49503,130050.0000
49504,130050.0000
49505,130050.0000
49506,130050.0000
49507,130050.0000
49508,130050.0000
49509,130050.0000
49510,130050.0000
49511,130050.0000
49512,130050.0000
49513,130050.0000
49514,130050.0000
49515,130050.0000
49516,130050.0000
49517,130050.0000
49518,130050.0000
49519,130050.0000
49520,130050.0000
49521,130050.0000
49522,130050.0000
49523,130050.0000
49524,130050.0000
49525,130050.0000
49526,130050.0000
49527,130050.0000
49528,130050.0000
49529,130050.0000
49530,130050.0000
49531,130050.0000
49532,130050.0000
49533,130050.0000
49534,130050.0000
49535,130050.0000
49536,130050.0000
49537,130050.0000
49538,130050.0000
49539,130050.0000
49540,130050.0000
49541,130050.0000
49542,130050.0000
49543,130050.0000
49544,130050.0000
49545,130050.0000
49546,130050.0000
49547,130050.0000
49548,130050.0000
49549,130050.0000
49550,130050.0000
49551,130050.0000
49552,130050.0000
49553,130050.0000
49554,130050.0000
49555,130050.0000
49556,130050.0000
49557,130050.0000
49558,130050.0000
49559,130050.0000
49560,130050.0000
49561,130050.0000
49562,130050.0000
49563,130050.0000
49564,130050.0000
49565,130050.0000
49566,130050.0000
49567,130050.0000
49568,130050.0000
49569,130050.0000
49570,130050.0000
49571,130050.0000
49572,130050.0000
49573,130050.0000
49574,130050.0000
49575,130050.0000
49576,130050.0000
49577,130050.0000
49578,130050.0000
49579,130050.0000
49580,130050.0000
49581,130050.0000
49582,130050.0000
49583,130050.0000
49584,130050.0000
49585,130050.0000
49586,130050.0000
49587,130050.0000
49588,130050.0000
49589,130050.0000
49590,130050.0000
49591,130050.0000
49592,130050.0000
49593,130050.0000
49594,130050.0000
49595,130050.0000
49596,130050.0000
49597,130050.0000
49598,130050.0000
49599,130050.0000
49600,130050.0000
49601,130050.0000
49602,130050.0000
49603,130050.0000
49604,130050.0000
49605,130050.0000
49606,130050.0000
49607,130050.0000
49608,130050.0000
49609,130050.0000
49610,130050.0000
49611,130050.0000
49612,130050.0000
49613,130050.0000
49614,130050.0000
49615,130050.0000
49616,130050.0000
49617,130050.0000
49618,130050.0000
49619,130050.0000
49620,130050.0000
49621,130050.0000
49622,130050.0000
49623,130050.0000
49624,130050.0000
49625,130050.0000
49626,130050.0000
49627,130050.0000
49628,130050.0000
49629,130050.0000
49630,130050.0000
49631,130050.0000
49632,130050.0000
49633,130050.0000
49634,130050.0000
49635,130050.0000
49636,130050.0000
49637,130050.0000
49638,130050.0000
49639,130050.0000
49640,130050.0000
49641,130050.0000
49642,130050.0000
49643,130050.0000
49644,130050.0000
49645,130050.0000
49646,130050.0000
49647,130050.0000
49648,130050.0000
49649,130050.0000
49650,130050.0000
49651,130050.0000
49652,130050.0000
49653,130050.0000
49654,130050.0000
49655,130050.0000
49656,130050.0000
49657,130050.0000
49658,130050.0000
49659,130050.0000
49660,130050.0000
49661,130050.0000
49662,130050.0000
49663,130050.0000
49664,130050.0000
49665,130050.0000
49666,130050.0000
49667,130050.0000
49668,130050.0000
49669,130050.0000
49670,130050.0000
49671,130050.0000
49672,130050.0000
49673,130050.0000
49674,130050.0000
49675,130050.0000
49676,130050.0000
49677,130050.0000
49678,130050.0000
49679,130050.0000
49680,130050.0000
49681,130050.0000
49682,130050.0000
49683,130050.0000
49684,130050.0000
49685,130050.0000
49686,130050.0000
49687,130050.0000
49688,130050.0000
49689,130050.0000
49690,130050.0000
49691,130050.0000
49692,130050.0000
49693,130050.0000
49694,130050.0000
49695,130050.0000
49696,130050.0000
49697,130050.0000
49698,130050.0000
49699,130050.0000
49700,130050.0000
49701,130050.0000
49702,130050.0000
49703,130050.0000
49704,130050.0000
49705,130050.0000
49706,130050.0000
49707,130050.0000
49708,130050.0000
49709,130050.0000
49710,130050.0000
49711,130050.0000
49712,130050.0000
49713,130050.0000
49714,130050.0000
49715,130050.0000
49716,130050.0000
49717,130050.0000
49718,130050.0000
49719,130050.0000
49720,130050.0000
49721,130050.0000
49722,130050.0000
49723,130050.0000
49724,130050.0000
49725,130050.0000
49726,130050.0000
49727,130050.0000
49728,130050.0000
49729,130050.0000
49730,130050.0000
49731,130050.0000
49732,130050.0000
49733,130050.0000
49734,130050.0000
49735,130050.0000
49736,130050.0000
49737,130050.0000
49738,130050.0000
49739,130050.0000
49740,130050.0000
49741,130050.0000
49742,130050.0000
49743,130050.0000
49744,130050.0000
49745,130050.0000
49746,130050.0000
49747,130050.0000
49748,130050.0000
49749,130050.0000
49750,130050.0000
49751,130050.0000
49752,130050.0000
49753,130050.0000
49754,130050.0000
49755,130050.0000
49756,130050.0000
49757,130050.0000
49758,130050.0000
49759,130050.0000
49760,130050.0000
49761,130050.0000
49762,130050.0000
49763,130050.0000
49764,130050.0000
49765,130050.0000
49766,130050.0000
49767,130050.0000
49768,130050.0000
49769,130050.0000
49770,130050.0000
49771,130050.0000
49772,130050.0000
49773,130050.0000
49774,130050.0000
49775,130050.0000
49776,130050.0000
49777,130050.0000
49778,130050.0000
49779,130050.0000
49780,130050.0000
49781,130050.0000
49782,130050.0000
49783,130050.0000
49784,130050.0000
49785,130050.0000
49786,130050.0000
49787,130050.0000
49788,130050.0000
49789,130050.0000
49790,130050.0000
49791,130050.0000
49792,130050.0000
49793,130050.0000
49794,130050.0000
49795,130050.0000
49796,130050.0000
49797,130050.0000
49798,130050.0000
49799,130050.0000
49800,130050.0000
49801,130050.0000
49802,130050.0000
49803,130050.0000
49804,130050.0000
49805,130050.0000
49806,130050.0000
49807,130050.0000
49808,130050.0000
49809,130050.0000
49810,130050.0000
49811,130050.0000
49812,130050.0000
49813,130050.0000
49814,130050.0000
49815,130050.0000
49816,130050.0000
49817,130050.0000
49818,130050.0000
49819,130050.0000
49820,130050.0000
49821,130050.0000
49822,130050.0000
49823,130050.0000
49824,130050.0000
49825,130050.0000
49826,130050.0000
49827,130050.0000
49828,130050.0000
49829,130050.0000
49830,130050.0000
49831,130050.0000
49832,130050.0000
49833,130050.0000
49834,130050.0000
49835,130050.0000
49836,130050.0000
49837,130050.0000
49838,130050.0000
49839,130050.0000
49840,130050.0000
49841,130050.0000
49842,130050.0000
49843,130050.0000
49844,130050.0000
49845,130050.0000
49846,130050.0000
49847,130050.0000
49848,130050.0000
49849,130050.0000
49850,130050.0000
49851,130050.0000
49852,130050.0000
49853,130050.0000
49854,130050.0000
49855,130050.0000
49856,130050.0000
49857,130050.0000
49858,130050.0000
49859,130050.0000
49860,130050.0000
49861,130050.0000
49862,130050.0000
49863,130050.0000
49864,130050.0000
49865,130050.0000
49866,130050.0000
49867,130050.0000
49868,130050.0000
49869,130050.0000
49870,130050.0000
49871,130050.0000
49872,130050.0000
49873,130050.0000
49874,130050.0000
49875,130050.0000
49876,130050.0000
49877,130050.0000
49878,130050.0000
49879,130050.0000
49880,130050.0000
49881,130050.0000
49882,130050.0000
49883,130050.0000
49884,130050.0000
49885,130050.0000
49886,130050.0000
49887,130050.0000
49888,130050.0000
49889,130050.0000
49890,130050.0000
49891,130050.0000
49892,130050.0000
49893,130050.0000
49894,130050.0000
49895,130050.0000
49896,130050.0000
49897,130050.0000
49898,130050.0000
49899,130050.0000
49900,130050.0000
49901,130050.0000
49902,130050.0000
49903,130050.0000
49904,130050.0000
49905,130050.0000
49906,130050.0000
49907,130050.0000
49908,130050.0000
49909,130050.0000
49910,130050.0000
49911,130050.0000
49912,130050.0000
49913,130050.0000
49914,130050.0000
49915,130050.0000
49916,130050.0000
49917,130050.0000
49918,130050.0000
49919,130050.0000
49920,130050.0000
49921,130050.0000
49922,130050.0000
49923,130050.0000
49924,130050.0000
49925,130050.0000
49926,130050.0000
49927,130050.0000
49928,130050.0000
49929,130050.0000
49930,130050.0000
49931,130050.0000
49932,130050.0000
49933,130050.0000
49934,130050.0000
49935,130050.0000
49936,130050.0000
49937,130050.0000
49938,130050.0000
49939,130050.0000
49940,130050.0000
49941,130050.0000
49942,130050.0000
49943,130050.0000
49944,130050.0000
49945,130050.0000
49946,130050.0000
49947,130050.0000
49948,130050.0000
49949,130050.0000
49950,130050.0000
49951,130050.0000
49952,130050.0000
49953,130050.0000
49954,130050.0000
49955,130050.0000
49956,130050.0000
49957,130050.0000
49958,130050.0000
49959,130050.0000
49960,130050.0000
49961,130050.0000
49962,130050.0000
49963,130050.0000
49964,130050.0000
49965,130050.0000
49966,130050.0000
49967,130050.0000
49968,130050.0000
49969,130050.0000
49970,130050.0000
49971,130050.0000
49972,130050.0000
49973,130050.0000
49974,130050.0000
49975,130050.0000
49976,130050.0000
49977,130050.0000
49978,130050.0000
49979,130050.0000
49980,130050.0000
49981,130050.0000
49982,130050.0000
49983,130050.0000
49984,130050.0000
49985,130050.0000
49986,130050.0000
49987,130050.0000
49988,130050.0000
49989,130050.0000
49990,130050.0000
49991,130050.0000
49992,130050.0000
49993,130050.0000
49994,130050.0000
49995,130050.0000
49996,130050.0000
49997,130050.0000
49998,130050.0000
49999,130050.0000
50000,130050.0000
50001,130050.0000
50002,130050.0000
50003,130050.0000
50004,130050.0000
50005,130050.0000
50006,130050.0000
50007,130050.0000
50008,130050.0000
50009,130050.0000
50010,130050.0000
50011,130050.0000
50012,130050.0000
50013,130050.0000
50014,130050.0000
50015,130050.0000
50016,130050.0000
50017,130050.0000
50018,130050.0000
50019,130050.0000
50020,130050.0000
50021,130050.0000
50022,130050.0000
50023,130050.0000
50024,130050.0000
50025,130050.0000
50026,130050.0000
50027,130050.0000
50028,130050.0000
50029,130050.0000
50030,130050.0000
50031,130050.0000
50032,130050.0000
50033,130050.0000
50034,130050.0000
50035,130050.0000
50036,130050.0000
50037,130050.0000
50038,130050.0000
50039,130050.0000
50040,130050.0000
50041,130050.0000
50042,130050.0000
50043,130050.0000
50044,130050.0000
50045,130050.0000
50046,130050.0000
50047,130050.0000
50048,130050.0000
50049,130050.0000
50050,130050.0000
50051,130050.0000
50052,130050.0000
50053,130050.0000
50054,130050.0000
50055,130050.0000
50056,130050.0000
50057,130050.0000
50058,130050.0000
50059,130050.0000
50060,130050.0000
50061,130050.0000
50062,130050.0000
50063,130050.0000
50064,130050.0000
50065,130050.0000
50066,130050.0000
50067,130050.0000
50068,130050.0000
50069,130050.0000
50070,130050.0000
50071,130050.0000
50072,130050.0000
50073,130050.0000
50074,130050.0000
50075,130050.0000
50076,130050.0000
50077,130050.0000
50078,130050.0000
50079,130050.0000
50080,130050.0000
50081,130050.0000
50082,130050.0000
50083,130050.0000
50084,130050.0000
50085,130050.0000
50086,130050.0000
50087,130050.0000
50088,130050.0000
50089,130050.0000
50090,130050.0000
50091,130050.0000
50092,130050.0000
50093,130050.0000
50094,130050.0000
50095,130050.0000
50096,130050.0000
50097,130050.0000
50098,130050.0000
50099,130050.0000
50100,130050.0000
50101,130050.0000
50102,130050.0000
50103,130050.0000
50104,130050.0000
50105,130050.0000
50106,130050.0000
50107,130050.0000
50108,130050.0000
50109,130050.0000
50110,130050.0000
50111,130050.0000
50112,130050.0000
50113,130050.0000
50114,130050.0000
50115,130050.0000
50116,130050.0000
50117,130050.0000
50118,130050.0000
50119,130050.0000
50120,130050.0000
50121,130050.0000
50122,130050.0000
50123,130050.0000
50124,130050.0000
50125,130050.0000
50126,130050.0000
50127,130050.0000
50128,130050.0000
50129,130050.0000
50130,130050.0000
50131,130050.0000
50132,130050.0000
50133,130050.0000
50134,130050.0000
50135,130050.0000
50136,130050.0000
50137,130050.0000
50138,130050.0000
50139,130050.0000
50140,130050.0000
50141,130050.0000
50142,130050.0000
50143,130050.0000
50144,130050.0000
50145,130050.0000
50146,130050.0000
50147,130050.0000
50148,130050.0000
50149,130050.0000
50150,130050.0000
50151,130050.0000
50152,130050.0000
50153,130050.0000
50154,130050.0000
50155,130050.0000
50156,130050.0000
50157,130050.0000
50158,130050.0000
50159,130050.0000
50160,130050.0000
50161,130050.0000
50162,130050.0000
50163,130050.0000
50164,130050.0000
50165,130050.0000
50166,130050.0000
50167,130050.0000
50168,130050.0000
50169,130050.0000
50170,130050.0000
50171,130050.0000
50172,130050.0000
50173,130050.0000
50174,130050.0000
50175,130050.0000
50176,130050.0000
50177,130050.0000
50178,130050.0000
50179,130050.0000
50180,130050.0000
50181,130050.0000
50182,130050.0000
50183,130050.0000
50184,130050.0000
50185,130050.0000
50186,130050.0000
50187,130050.0000
50188,130050.0000
50189,130050.0000
50190,130050.0000
50191,130050.0000
50192,130050.0000
50193,130050.0000
50194,130050.0000
50195,130050.0000
50196,130050.0000
50197,130050.0000
50198,130050.0000
50199,130050.0000
50200,130050.0000
50201,130050.0000
50202,130050.0000
50203,130050.0000
50204,130050.0000
50205,130050.0000
50206,130050.0000
50207,130050.0000
50208,130050.0000
50209,130050.0000
50210,130050.0000
50211,130050.0000
50212,130050.0000
50213,130050.0000
50214,130050.0000
50215,130050.0000
50216,130050.0000
50217,130050.0000
50218,130050.0000
50219,130050.0000
50220,130050.0000
50221,130050.0000
50222,130050.0000
50223,130050.0000
50224,130050.0000
50225,130050.0000
50226,130050.0000
50227,130050.0000
50228,130050.0000
50229,130050.0000
50230,130050.0000
50231,130050.0000
50232,130050.0000
50233,130050.0000
50234,130050.0000
50235,130050.0000
50236,130050.0000
50237,130050.0000
50238,130050.0000
50239,130050.0000
50240,130050.0000
50241,130050.0000
50242,130050.0000
50243,130050.0000
50244,130050.0000
50245,130050.0000
50246,130050.0000
50247,130050.0000
50248,130050.0000
50249,130050.0000
50250,130050.0000
50251,130050.0000
50252,130050.0000
50253,130050.0000
50254,130050.0000
50255,130050.0000
50256,130050.0000
50257,130050.0000
50258,130050.0000
50259,130050.0000
50260,130050.0000
50261,130050.0000
50262,130050.0000
50263,130050.0000
50264,130050.0000
50265,130050.0000
50266,130050.0000
50267,130050.0000
50268,130050.0000
50269,130050.0000
50270,130050.0000
50271,130050.0000
50272,130050.0000
50273,130050.0000
50274,130050.0000
50275,130050.0000
50276,130050.0000
50277,130050.0000
50278,130050.0000
50279,130050.0000
50280,130050.0000
50281,130050.0000
50282,130050.0000
50283,130050.0000
50284,130050.0000
50285,130050.0000
50286,130050.0000
50287,130050.0000
50288,130050.0000
50289,130050.0000
50290,130050.0000
50291,130050.0000
50292,130050.0000
50293,130050.0000
50294,130050.0000
50295,130050.0000
50296,130050.0000
50297,130050.0000
50298,130050.0000
50299,130050.0000
50300,130050.0000
50301,130050.0000
50302,130050.0000
50303,130050.0000
50304,130050.0000
50305,130050.0000
50306,130050.0000
50307,130050.0000
50308,130050.0000
50309,130050.0000
50310,130050.0000
50311,130050.0000
50312,130050.0000
50313,130050.0000
50314,130050.0000
50315,130050.0000
50316,130050.0000
50317,130050.0000
50318,130050.0000
50319,130050.0000
50320,130050.0000
50321,130050.0000
50322,130050.0000
50323,130050.0000
50324,130050.0000
50325,130050.0000
50326,130050.0000
50327,130050.0000
50328,130050.0000
50329,130050.0000
50330,130050.0000
50331,130050.0000
50332,130050.0000
50333,130050.0000
50334,130050.0000
50335,130050.0000
50336,130050.0000
50337,130050.0000
50338,130050.0000
50339,130050.0000
50340,130050.0000
50341,130050.0000
50342,130050.0000
50343,130050.0000
50344,130050.0000
50345,130050.0000
50346,130050.0000
50347,130050.0000
50348,130050.0000
50349,130050.0000
50350,130050.0000
50351,130050.0000
50352,130050.0000
50353,130050.0000
50354,130050.0000
50355,130050.0000
50356,130050.0000
50357,130050.0000
50358,130050.0000
50359,130050.0000
50360,130050.0000
50361,130050.0000
50362,130050.0000
50363,130050.0000
50364,130050.0000
50365,130050.0000
50366,130050.0000
50367,130050.0000
50368,130050.0000
50369,130050.0000
50370,130050.0000
50371,130050.0000
50372,130050.0000
50373,130050.0000
50374,130050.0000
50375,130050.0000
50376,130050.0000
50377,130050.0000
50378,130050.0000
50379,130050.0000
50380,130050.0000
50381,130050.0000
50382,130050.0000
50383,130050.0000
50384,130050.0000
50385,130050.0000
50386,130050.0000
50387,130050.0000
50388,130050.0000
50389,130050.0000
50390,130050.0000
50391,130050.0000
50392,130050.0000
50393,130050.0000
50394,130050.0000
50395,130050.0000
50396,130050.0000
50397,130050.0000
50398,130050.0000
50399,130050.0000
50400,130050.0000
50401,130050.0000
50402,130050.0000
50403,130050.0000
50404,130050.0000
50405,130050.0000
50406,130050.0000
50407,130050.0000
50408,130050.0000
50409,130050.0000
50410,130050.0000
50411,130050.0000
50412,130050.0000
50413,130050.0000
50414,130050.0000
50415,130050.0000
50416,130050.0000
50417,130050.0000
50418,130050.0000
50419,130050.0000
50420,130050.0000
50421,130050.0000
50422,130050.0000
50423,130050.0000
50424,130050.0000
50425,130050.0000
50426,130050.0000
50427,130050.0000
50428,130050.0000
50429,130050.0000
50430,130050.0000
50431,130050.0000
50432,130050.0000
50433,130050.0000
50434,130050.0000
50435,130050.0000
50436,130050.0000
50437,130050.0000
50438,130050.0000
50439,130050.0000
50440,130050.0000
50441,130050.0000
50442,130050.0000
50443,130050.0000
50444,130050.0000
50445,130050.0000
50446,130050.0000
50447,130050.0000
50448,130050.0000
50449,130050.0000
50450,130050.0000
50451,130050.0000
50452,130050.0000
50453,130050.0000
50454,130050.0000
50455,130050.0000
50456,130050.0000
50457,130050.0000
50458,130050.0000
50459,130050.0000
50460,130050.0000
50461,130050.0000
50462,130050.0000
50463,130050.0000
50464,130050.0000
50465,130050.0000
50466,130050.0000
50467,130050.0000
50468,130050.0000
50469,130050.0000
50470,130050.0000
50471,130050.0000
50472,130050.0000
50473,130050.0000
50474,130050.0000
50475,130050.0000
50476,130050.0000
50477,130050.0000
50478,130050.0000
50479,130050.0000
50480,130050.0000
50481,130050.0000
50482,130050.0000
50483,130050.0000
50484,130050.0000
50485,130050.0000
50486,130050.0000
50487,130050.0000
50488,130050.0000
50489,130050.0000
50490,130050.0000
50491,130050.0000
50492,130050.0000
50493,130050.0000
50494,130050.0000
50495,130050.0000
50496,130050.0000
50497,130050.0000
50498,130050.0000
50499,130050.0000
50500,130050.0000
50501,130050.0000
50502,130050.0000
50503,130050.0000
50504,130050.0000
50505,130050.0000
50506,130050.0000
50507,130050.0000
50508,130050.0000
50509,130050.0000
50510,130050.0000
50511,130050.0000
50512,130050.0000
50513,130050.0000
50514,130050.0000
50515,130050.0000
50516,130050.0000
50517,130050.0000
50518,130050.0000
50519,130050.0000
50520,130050.0000
50521,130050.0000
50522,130050.0000
50523,130050.0000
50524,130050.0000
50525,130050.0000
50526,130050.0000
50527,130050.0000
50528,130050.0000
50529,130050.0000
50530,130050.0000
50531,130050.0000
50532,130050.0000
50533,130050.0000
50534,130050.0000
50535,130050.0000
50536,130050.0000
50537,130050.0000
50538,130050.0000
50539,130050.0000
50540,130050.0000
50541,130050.0000
50542,130050.0000
50543,130050.0000
50544,130050.0000
50545,130050.0000
50546,130050.0000
50547,130050.0000
50548,130050.0000
50549,130050.0000
50550,130050.0000
50551,130050.0000
50552,130050.0000
50553,130050.0000
50554,130050.0000
50555,130050.0000
50556,130050.0000
50557,130050.0000
50558,130050.0000
50559,130050.0000
50560,130050.0000
50561,130050.0000
50562,130050.0000
50563,130050.0000
50564,130050.0000
50565,130050.0000
50566,130050.0000
50567,130050.0000
50568,130050.0000
50569,130050.0000
50570,130050.0000
50571,130050.0000
50572,130050.0000
50573,130050.0000
50574,130050.0000
50575,130050.0000
50576,130050.0000
50577,130050.0000
50578,130050.0000
50579,130050.0000
50580,130050.0000
50581,130050.0000
50582,130050.0000
50583,130050.0000
50584,130050.0000
50585,130050.0000
50586,130050.0000
50587,130050.0000
50588,130050.0000
50589,130050.0000
50590,130050.0000
50591,130050.0000
50592,130050.0000
50593,130050.0000
50594,130050.0000
50595,130050.0000
50596,130050.0000
50597,130050.0000
50598,130050.0000
50599,130050.0000
50600,130050.0000
50601,130050.0000
50602,130050.0000
50603,130050.0000
50604,130050.0000
50605,130050.0000
50606,130050.0000
50607,130050.0000
50608,130050.0000
50609,130050.0000
50610,130050.0000
50611,130050.0000
50612,130050.0000
50613,130050.0000
50614,130050.0000
50615,130050.0000
50616,130050.0000
50617,130050.0000
50618,130050.0000
50619,130050.0000
50620,130050.0000
50621,130050.0000
50622,130050.0000
50623,130050.0000
50624,130050.0000
50625,130050.0000
50626,130050.0000
50627,130050.0000
50628,130050.0000
50629,130050.0000
50630,130050.0000
50631,130050.0000
50632,130050.0000
50633,130050.0000
50634,130050.0000
50635,130050.0000
50636,130050.0000
50637,130050.0000
50638,130050.0000
50639,130050.0000
50640,130050.0000
50641,130050.0000
50642,130050.0000
50643,130050.0000
50644,130050.0000
50645,130050.0000
50646,130050.0000
50647,130050.0000
50648,130050.0000
50649,130050.0000
50650,130050.0000
50651,130050.0000
50652,130050.0000
50653,130050.0000
50654,130050.0000
50655,130050.0000
50656,130050.0000
50657,130050.0000
50658,130050.0000
50659,130050.0000
50660,130050.0000
50661,130050.0000
50662,130050.0000
50663,130050.0000
50664,130050.0000
50665,130050.0000
50666,130050.0000
50667,130050.0000
50668,130050.0000
50669,130050.0000
50670,130050.0000
50671,130050.0000
50672,130050.0000
50673,130050.0000
50674,130050.0000
50675,130050.0000
50676,130050.0000
50677,130050.0000
50678,130050.0000
50679,130050.0000
50680,130050.0000
50681,130050.0000
50682,130050.0000
50683,130050.0000
50684,130050.0000
50685,130050.0000
50686,130050.0000
50687,130050.0000
50688,130050.0000
50689,130050.0000
50690,130050.0000
50691,130050.0000
50692,130050.0000
50693,130050.0000
50694,130050.0000
50695,130050.0000
50696,130050.0000
50697,130050.0000
50698,130050.0000
50699,130050.0000
50700,130050.0000
50701,130050.0000
50702,130050.0000
50703,130050.0000
50704,130050.0000
50705,130050.0000
50706,130050.0000
50707,130050.0000
50708,130050.0000
50709,130050.0000
50710,130050.0000
50711,130050.0000
50712,130050.0000
50713,130050.0000
50714,130050.0000
50715,130050.0000
50716,130050.0000
50717,130050.0000
50718,130050.0000
50719,130050.0000
50720,130050.0000
50721,130050.0000
50722,130050.0000
50723,130050.0000
50724,130050.0000
50725,130050.0000
50726,130050.0000
50727,130050.0000
50728,130050.0000
50729,130050.0000
50730,130050.0000
50731,130050.0000
50732,130050.0000
50733,130050.0000
50734,130050.0000
50735,130050.0000
50736,130050.0000
50737,130050.0000
50738,130050.0000
50739,130050.0000
50740,130050.0000
50741,130050.0000
50742,130050.0000
50743,130050.0000
50744,130050.0000
50745,130050.0000
50746,130050.0000
50747,130050.0000
50748,130050.0000
50749,130050.0000
50750,130050.0000
50751,130050.0000
50752,130050.0000
50753,130050.0000
50754,130050.0000
50755,130050.0000
50756,130050.0000
50757,130050.0000
50758,130050.0000
50759,130050.0000
50760,130050.0000
50761,130050.0000
50762,130050.0000
50763,130050.0000
50764,130050.0000
50765,130050.0000
50766,130050.0000
50767,130050.0000
50768,130050.0000
50769,130050.0000
50770,130050.0000
50771,130050.0000
50772,130050.0000
50773,130050.0000
50774,130050.0000
50775,130050.0000
50776,130050.0000
50777,130050.0000
50778,130050.0000
50779,130050.0000
50780,130050.0000
50781,130050.0000
50782,130050.0000
50783,130050.0000
50784,130050.0000
50785,130050.0000
50786,130050.0000
50787,130050.0000
50788,130050.0000
50789,130050.0000
50790,130050.0000
50791,130050.0000
50792,130050.0000
50793,130050.0000
50794,130050.0000
50795,130050.0000
50796,130050.0000
50797,130050.0000
50798,130050.0000
50799,130050.0000
50800,130050.0000
50801,130050.0000
50802,130050.0000
50803,130050.0000
50804,130050.0000
50805,130050.0000
50806,130050.0000
50807,130050.0000
50808,130050.0000
50809,130050.0000
50810,130050.0000
50811,130050.0000
50812,130050.0000
50813,130050.0000
50814,130050.0000
50815,130050.0000
50816,130050.0000
50817,130050.0000
50818,130050.0000
50819,130050.0000
50820,130050.0000
50821,130050.0000
50822,130050.0000
50823,130050.0000
50824,130050.0000
50825,130050.0000
50826,130050.0000
50827,130050.0000
50828,130050.0000
50829,130050.0000
50830,130050.0000
50831,130050.0000
50832,130050.0000
50833,130050.0000
50834,130050.0000
50835,130050.0000
50836,130050.0000
50837,130050.0000
50838,130050.0000
50839,130050.0000
50840,130050.0000
50841,130050.0000
50842,130050.0000
50843,130050.0000
50844,130050.0000
50845,130050.0000
50846,130050.0000
50847,130050.0000
50848,130050.0000
50849,130050.0000
50850,130050.0000
50851,130050.0000
50852,130050.0000
50853,130050.0000
50854,130050.0000
50855,130050.0000
50856,130050.0000
50857,130050.0000
50858,130050.0000
50859,130050.0000
50860,130050.0000
50861,130050.0000
50862,130050.0000
50863,130050.0000
50864,130050.0000
50865,130050.0000
50866,130050.0000
50867,130050.0000
50868,130050.0000
50869,130050.0000
50870,130050.0000
50871,130050.0000
50872,130050.0000
50873,130050.0000
50874,130050.0000
50875,130050.0000
50876,130050.0000
50877,130050.0000
50878,130050.0000
50879,130050.0000
50880,130050.0000
50881,130050.0000
50882,130050.0000
50883,130050.0000
50884,130050.0000
50885,130050.0000
50886,130050.0000
50887,130050.0000
50888,130050.0000
50889,130050.0000
50890,130050.0000
50891,130050.0000
50892,130050.0000
50893,130050.0000
50894,130050.0000
50895,130050.0000
50896,130050.0000
50897,130050.0000
50898,130050.0000
50899,130050.0000
50900,130050.0000
50901,130050.0000
50902,130050.0000
50903,130050.0000
50904,130050.0000
50905,130050.0000
50906,130050.0000
50907,130050.0000
50908,130050.0000
50909,130050.0000
50910,130050.0000
50911,130050.0000
50912,130050.0000
50913,130050.0000
50914,130050.0000
50915,130050.0000
50916,130050.0000
50917,130050.0000
50918,130050.0000
50919,130050.0000
50920,130050.0000
50921,130050.0000
50922,130050.0000
50923,130050.0000
50924,130050.0000
50925,130050.0000
50926,130050.0000
50927,130050.0000
50928,130050.0000
50929,130050.0000
50930,130050.0000
50931,130050.0000
50932,130050.0000
50933,130050.0000
50934,130050.0000
50935,130050.0000
50936,130050.0000
50937,130050.0000
50938,130050.0000
50939,130050.0000
50940,130050.0000
50941,130050.0000
50942,130050.0000
50943,130050.0000
50944,130050.0000
50945,130050.0000
50946,130050.0000
50947,130050.0000
50948,130050.0000
50949,130050.0000
50950,130050.0000
50951,130050.0000
50952,130050.0000
50953,130050.0000
50954,130050.0000
50955,130050.0000
50956,130050.0000
50957,130050.0000
50958,130050.0000
50959,130050.0000
50960,130050.0000
50961,130050.0000
50962,130050.0000
50963,130050.0000
50964,130050.0000
50965,130050.0000
50966,130050.0000
50967,130050.0000
50968,130050.0000
50969,130050.0000
50970,130050.0000
50971,130050.0000
50972,130050.0000
50973,130050.0000
50974,130050.0000
50975,130050.0000
50976,130050.0000
50977,130050.0000
50978,130050.0000
50979,130050.0000
50980,130050.0000
50981,130050.0000
50982,130050.0000
50983,130050.0000
50984,130050.0000
50985,130050.0000
50986,130050.0000
50987,130050.0000
50988,130050.0000
50989,130050.0000
50990,130050.0000
50991,130050.0000
50992,130050.0000
50993,130050.0000
50994,130050.0000
50995,130050.0000
50996,130050.0000
50997,130050.0000
50998,130050.0000
50999,130050.0000
51000,130050.0000
51001,130050.0000
51002,130050.0000
51003,130050.0000
51004,130050.0000
51005,130050.0000
51006,130050.0000
51007,130050.0000
51008,130050.0000
51009,130050.0000
51010,130050.0000
51011,130050.0000
51012,130050.0000
51013,130050.0000
51014,130050.0000
51015,130050.0000
51016,130050.0000
51017,130050.0000
51018,130050.0000
51019,130050.0000
51020,130050.0000
51021,130050.0000
51022,130050.0000
51023,130050.0000
51024,130050.0000
51025,130050.0000
51026,130050.0000
51027,130050.0000
51028,130050.0000
51029,130050.0000
51030,130050.0000
51031,130050.0000
51032,130050.0000
51033,130050.0000
51034,130050.0000
51035,130050.0000
51036,130050.0000
51037,130050.0000
51038,130050.0000
51039,130050.0000
51040,130050.0000
51041,130050.0000
51042,130050.0000
51043,130050.0000
51044,130050.0000
51045,130050.0000
51046,130050.0000
51047,130050.0000
51048,130050.0000
51049,130050.0000
51050,130050.0000
51051,130050.0000
51052,130050.0000
51053,130050.0000
51054,130050.0000
51055,130050.0000
51056,130050.0000
51057,130050.0000
51058,130050.0000
51059,130050.0000
51060,130050.0000
51061,130050.0000
51062,130050.0000
51063,130050.0000
51064,130050.0000
51065,130050.0000
51066,130050.0000
51067,130050.0000
51068,130050.0000
51069,130050.0000
51070,130050.0000
51071,130050.0000
51072,130050.0000
51073,130050.0000
51074,130050.0000
51075,130050.0000
51076,130050.0000
51077,130050.0000
51078,130050.0000
51079,130050.0000
51080,130050.0000
51081,130050.0000
51082,130050.0000
51083,130050.0000
51084,130050.0000
51085,130050.0000
51086,130050.0000
51087,130050.0000
51088,130050.0000
51089,130050.0000
51090,130050.0000
51091,130050.0000
51092,130050.0000
51093,130050.0000
51094,130050.0000
51095,130050.0000
51096,130050.0000
51097,130050.0000
51098,130050.0000
51099,130050.0000
51100,130050.0000
51101,130050.0000
51102,130050.0000
51103,130050.0000
51104,130050.0000
51105,130050.0000
51106,130050.0000
51107,130050.0000
51108,130050.0000
51109,130050.0000
51110,130050.0000
51111,130050.0000
51112,130050.0000
51113,130050.0000
51114,130050.0000
51115,130050.0000
51116,130050.0000
51117,130050.0000
51118,130050.0000
51119,130050.0000
51120,130050.0000
51121,130050.0000
51122,130050.0000
51123,130050.0000
51124,130050.0000
51125,130050.0000
51126,130050.0000
51127,130050.0000
51128,130050.0000
51129,130050.0000
51130,130050.0000
51131,130050.0000
51132,130050.0000
51133,130050.0000
51134,130050.0000
51135,130050.0000
51136,130050.0000
51137,130050.0000
51138,130050.0000
51139,130050.0000
51140,130050.0000
51141,130050.0000
51142,130050.0000
51143,130050.0000
51144,130050.0000
51145,130050.0000
51146,130050.0000
51147,130050.0000
51148,130050.0000
51149,130050.0000
51150,130050.0000
51151,130050.0000
51152,130050.0000
51153,130050.0000
51154,130050.0000
51155,130050.0000
51156,130050.0000
51157,130050.0000
51158,130050.0000
51159,130050.0000
51160,130050.0000
51161,130050.0000
51162,130050.0000
51163,130050.0000
51164,130050.0000
51165,130050.0000
51166,130050.0000
51167,130050.0000
51168,130050.0000
51169,130050.0000
51170,130050.0000
51171,130050.0000
51172,130050.0000
51173,130050.0000
51174,130050.0000
51175,130050.0000
51176,130050.0000
51177,130050.0000
51178,130050.0000
51179,130050.0000
51180,130050.0000
51181,130050.0000
51182,130050.0000
51183,130050.0000
51184,130050.0000
51185,130050.0000
51186,130050.0000
51187,130050.0000
51188,130050.0000
51189,130050.0000
51190,130050.0000
51191,130050.0000
51192,130050.0000
51193,130050.0000
51194,130050.0000
51195,130050.0000
51196,130050.0000
51197,130050.0000
51198,130050.0000
51199,130050.0000
51200,130050.0000
51201,130050.0000
51202,130050.0000
51203,130050.0000
51204,130050.0000
51205,130050.0000
51206,130050.0000
51207,130050.0000
51208,130050.0000
51209,130050.0000
51210,130050.0000
51211,130050.0000
51212,130050.0000
51213,130050.0000
51214,130050.0000
51215,130050.0000
51216,130050.0000
51217,130050.0000
51218,130050.0000
51219,130050.0000
51220,130050.0000
51221,130050.0000
51222,130050.0000
51223,130050.0000
51224,130050.0000
51225,130050.0000
51226,130050.0000
51227,130050.0000
51228,130050.0000
51229,130050.0000
51230,130050.0000
51231,130050.0000
51232,130050.0000
51233,130050.0000
51234,130050.0000
51235,130050.0000
51236,130050.0000
51237,130050.0000
51238,130050.0000
51239,130050.0000
51240,130050.0000
51241,130050.0000
51242,130050.0000
51243,130050.0000
51244,130050.0000
51245,130050.0000
51246,130050.0000
51247,130050.0000
51248,130050.0000
51249,130050.0000
51250,130050.0000
51251,130050.0000
51252,130050.0000
51253,130050.0000
51254,130050.0000
51255,130050.0000
51256,130050.0000
51257,130050.0000
51258,130050.0000
51259,130050.0000
51260,130050.0000
51261,130050.0000
51262,130050.0000
51263,130050.0000
51264,130050.0000
51265,130050.0000
51266,130050.0000
51267,130050.0000
51268,130050.0000
51269,130050.0000
51270,130050.0000
51271,130050.0000
51272,130050.0000
51273,130050.0000
51274,130050.0000
51275,130050.0000
51276,130050.0000
51277,130050.0000
51278,130050.0000
51279,130050.0000
51280,130050.0000
51281,130050.0000
51282,130050.0000
51283,130050.0000
51284,130050.0000
51285,130050.0000
51286,130050.0000
51287,130050.0000
51288,130050.0000
51289,130050.0000
51290,130050.0000
51291,130050.0000
51292,130050.0000
51293,130050.0000
51294,130050.0000
51295,130050.0000
51296,130050.0000
51297,130050.0000
51298,130050.0000
51299,130050.0000
51300,130050.0000
51301,130050.0000
51302,130050.0000
51303,130050.0000
51304,130050.0000
51305,130050.0000
51306,130050.0000
51307,130050.0000
51308,130050.0000
51309,130050.0000
51310,130050.0000
51311,130050.0000
51312,130050.0000
51313,130050.0000
51314,130050.0000
51315,130050.0000
51316,130050.0000
51317,130050.0000
51318,130050.0000
51319,130050.0000
51320,130050.0000
51321,130050.0000
51322,130050.0000
51323,130050.0000
51324,130050.0000
51325,130050.0000
51326,130050.0000
51327,130050.0000
51328,130050.0000
51329,130050.0000
51330,130050.0000
51331,130050.0000
51332,130050.0000
51333,130050.0000
51334,130050.0000
51335,130050.0000
51336,130050.0000
51337,130050.0000
51338,130050.0000
51339,130050.0000
51340,130050.0000
51341,130050.0000
51342,130050.0000
51343,130050.0000
51344,130050.0000
51345,130050.0000
51346,130050.0000
51347,130050.0000
51348,130050.0000
51349,130050.0000
51350,130050.0000
51351,130050.0000
51352,130050.0000
51353,130050.0000
51354,130050.0000
51355,130050.0000
51356,130050.0000
51357,130050.0000
51358,130050.0000
51359,130050.0000
51360,130050.0000
51361,130050.0000
51362,130050.0000
51363,130050.0000
51364,130050.0000
51365,130050.0000
51366,130050.0000
51367,130050.0000
51368,130050.0000
51369,130050.0000
51370,130050.0000
51371,130050.0000
51372,130050.0000
51373,130050.0000
51374,130050.0000
51375,130050.0000
51376,130050.0000
51377,130050.0000
51378,130050.0000
51379,130050.0000
51380,130050.0000
51381,130050.0000
51382,130050.0000
51383,130050.0000
51384,130050.0000
51385,130050.0000
51386,130050.0000
51387,130050.0000
51388,130050.0000
51389,130050.0000
51390,130050.0000
51391,130050.0000
51392,130050.0000
51393,130050.0000
51394,130050.0000
51395,130050.0000
51396,130050.0000
51397,130050.0000
51398,130050.0000
51399,130050.0000
51400,130050.0000
51401,130050.0000
51402,130050.0000
51403,130050.0000
51404,130050.0000
51405,130050.0000
51406,130050.0000
51407,130050.0000
51408,130050.0000
51409,130050.0000
51410,130050.0000
51411,130050.0000
51412,130050.0000
51413,130050.0000
51414,130050.0000
51415,130050.0000
51416,130050.0000
51417,130050.0000
51418,130050.0000
51419,130050.0000
51420,130050.0000
51421,130050.0000
51422,130050.0000
51423,130050.0000
51424,130050.0000
51425,130050.0000
51426,130050.0000
51427,130050.0000
51428,130050.0000
51429,130050.0000
51430,130050.0000
51431,130050.0000
51432,130050.0000
51433,130050.0000
51434,130050.0000
51435,130050.0000
51436,130050.0000
51437,130050.0000
51438,130050.0000
51439,130050.0000
51440,130050.0000
51441,130050.0000
51442,130050.0000
51443,130050.0000
51444,130050.0000
51445,130050.0000
51446,130050.0000
51447,130050.0000
51448,130050.0000
51449,130050.0000
51450,130050.0000
51451,130050.0000
51452,130050.0000
51453,130050.0000
51454,130050.0000
51455,130050.0000
51456,130050.0000
51457,130050.0000
51458,130050.0000
51459,130050.0000
51460,130050.0000
51461,130050.0000
51462,130050.0000
51463,130050.0000
51464,130050.0000
51465,130050.0000
51466,130050.0000
51467,130050.0000
51468,130050.0000
51469,130050.0000
51470,130050.0000
51471,130050.0000
51472,130050.0000
51473,130050.0000
51474,130050.0000
51475,130050.0000
51476,130050.0000
51477,130050.0000
51478,130050.0000
51479,130050.0000
51480,130050.0000
51481,130050.0000
51482,130050.0000
51483,130050.0000
51484,130050.0000
51485,130050.0000
51486,130050.0000
51487,130050.0000
51488,130050.0000
51489,130050.0000
51490,130050.0000
51491,130050.0000
51492,130050.0000
51493,130050.0000
51494,130050.0000
51495,130050.0000
51496,130050.0000
51497,130050.0000
51498,130050.0000
51499,130050.0000
51500,130050.0000
51501,130050.0000
51502,130050.0000
51503,130050.0000
51504,130050.0000
51505,130050.0000
51506,130050.0000
51507,130050.0000
51508,130050.0000
51509,130050.0000
51510,130050.0000
51511,130050.0000
51512,130050.0000
51513,130050.0000
51514,130050.0000
51515,130050.0000
51516,130050.0000
51517,130050.0000
51518,130050.0000
51519,130050.0000
51520,130050.0000
51521,130050.0000
51522,130050.0000
51523,130050.0000
51524,130050.0000
51525,130050.0000
51526,130050.0000
51527,130050.0000
51528,130050.0000
51529,130050.0000
51530,130050.0000
51531,130050.0000
51532,130050.0000
51533,130050.0000
51534,130050.0000
51535,130050.0000
51536,130050.0000
51537,130050.0000
51538,130050.0000
51539,130050.0000
51540,130050.0000
51541,130050.0000
51542,130050.0000
51543,130050.0000
51544,130050.0000
51545,130050.0000
51546,130050.0000
51547,130050.0000
51548,130050.0000
51549,130050.0000
51550,130050.0000
51551,130050.0000
51552,130050.0000
51553,130050.0000
51554,130050.0000
51555,130050.0000
51556,130050.0000
51557,130050.0000
51558,130050.0000
51559,130050.0000
51560,130050.0000
51561,130050.0000
51562,130050.0000
51563,130050.0000
51564,130050.0000
51565,130050.0000
51566,130050.0000
51567,130050.0000
51568,130050.0000
51569,130050.0000
51570,130050.0000
51571,130050.0000
51572,130050.0000
51573,130050.0000
51574,130050.0000
51575,130050.0000
51576,130050.0000
51577,130050.0000
51578,130050.0000
51579,130050.0000
51580,130050.0000
51581,130050.0000
51582,130050.0000
51583,130050.0000
51584,130050.0000
51585,130050.0000
51586,130050.0000
51587,130050.0000
51588,130050.0000
51589,130050.0000
51590,130050.0000
51591,130050.0000
51592,130050.0000
51593,130050.0000
51594,130050.0000
51595,130050.0000
51596,130050.0000
51597,130050.0000
51598,130050.0000
51599,130050.0000
51600,130050.0000
51601,130050.0000
51602,130050.0000
51603,130050.0000
51604,130050.0000
51605,130050.0000
51606,130050.0000
51607,130050.0000
51608,130050.0000
51609,130050.0000
51610,130050.0000
51611,130050.0000
51612,130050.0000
51613,130050.0000
51614,130050.0000
51615,130050.0000
51616,130050.0000
51617,130050.0000
51618,130050.0000
51619,130050.0000
51620,130050.0000
51621,130050.0000
51622,130050.0000
51623,130050.0000
51624,130050.0000
51625,130050.0000
51626,130050.0000
51627,130050.0000
51628,130050.0000
51629,130050.0000
51630,130050.0000
51631,130050.0000
51632,130050.0000
51633,130050.0000
51634,130050.0000
51635,130050.0000
51636,130050.0000
51637,130050.0000
51638,130050.0000
51639,130050.0000
51640,130050.0000
51641,130050.0000
51642,130050.0000
51643,130050.0000
51644,130050.0000
51645,130050.0000
51646,130050.0000
51647,130050.0000
51648,130050.0000
51649,130050.0000
51650,130050.0000
51651,130050.0000
51652,130050.0000
51653,130050.0000
51654,130050.0000
51655,130050.0000
51656,130050.0000
51657,130050.0000
51658,130050.0000
51659,130050.0000
51660,130050.0000
51661,130050.0000
51662,130050.0000
51663,130050.0000
51664,130050.0000
51665,130050.0000
51666,130050.0000
51667,130050.0000
51668,130050.0000
51669,130050.0000
51670,130050.0000
51671,130050.0000
51672,130050.0000
51673,130050.0000
51674,130050.0000
51675,130050.0000
51676,130050.0000
51677,130050.0000
51678,130050.0000
51679,130050.0000
51680,130050.0000
51681,130050.0000
51682,130050.0000
51683,130050.0000
51684,130050.0000
51685,130050.0000
51686,130050.0000
51687,130050.0000
51688,130050.0000
51689,130050.0000
51690,130050.0000
51691,130050.0000
51692,130050.0000
51693,130050.0000
51694,130050.0000
51695,130050.0000
51696,130050.0000
51697,130050.0000
51698,130050.0000
51699,130050.0000
51700,130050.0000
51701,130050.0000
51702,130050.0000
51703,130050.0000
51704,130050.0000
51705,130050.0000
51706,130050.0000
51707,130050.0000
51708,130050.0000
51709,130050.0000
51710,130050.0000
51711,130050.0000
51712,130050.0000
51713,130050.0000
51714,130050.0000
51715,130050.0000
51716,130050.0000
51717,130050.0000
51718,130050.0000
51719,130050.0000
51720,130050.0000
51721,130050.0000
51722,130050.0000
51723,130050.0000
51724,130050.0000
51725,130050.0000
51726,130050.0000
51727,130050.0000
51728,130050.0000
51729,130050.0000
51730,130050.0000
51731,130050.0000
51732,130050.0000
51733,130050.0000
51734,130050.0000
51735,130050.0000
51736,130050.0000
51737,130050.0000
51738,130050.0000
51739,130050.0000
51740,130050.0000
51741,130050.0000
51742,130050.0000
51743,130050.0000
51744,130050.0000
51745,130050.0000
51746,130050.0000
51747,130050.0000
51748,130050.0000
51749,130050.0000
51750,130050.0000
51751,130050.0000
51752,130050.0000
51753,130050.0000
51754,130050.0000
51755,130050.0000
51756,130050.0000
51757,130050.0000
51758,130050.0000
51759,130050.0000
51760,130050.0000
51761,130050.0000
51762,130050.0000
51763,130050.0000
51764,130050.0000
51765,130050.0000
51766,130050.0000
51767,130050.0000
51768,130050.0000
51769,130050.0000
51770,130050.0000
51771,130050.0000
51772,130050.0000
51773,130050.0000
51774,130050.0000
51775,130050.0000
51776,130050.0000
51777,130050.0000
51778,130050.0000
51779,130050.0000
51780,130050.0000
51781,130050.0000
51782,130050.0000
51783,130050.0000
51784,130050.0000
51785,130050.0000
51786,130050.0000
51787,130050.0000
51788,130050.0000
51789,130050.0000
51790,130050.0000
51791,130050.0000
51792,130050.0000
51793,130050.0000
51794,130050.0000
51795,130050.0000
51796,130050.0000
51797,130050.0000
51798,130050.0000
51799,130050.0000
51800,130050.0000
51801,130050.0000
51802,130050.0000
51803,130050.0000
51804,130050.0000
51805,130050.0000
51806,130050.0000
51807,130050.0000
51808,130050.0000
51809,130050.0000
51810,130050.0000
51811,130050.0000
51812,130050.0000
51813,130050.0000
51814,130050.0000
51815,130050.0000
51816,130050.0000
51817,130050.0000
51818,130050.0000
51819,130050.0000
51820,130050.0000
51821,130050.0000
51822,130050.0000
51823,130050.0000
51824,130050.0000
51825,130050.0000
51826,130050.0000
51827,130050.0000
51828,130050.0000
51829,130050.0000
51830,130050.0000
51831,130050.0000
51832,130050.0000
51833,130050.0000
51834,130050.0000
51835,130050.0000
51836,130050.0000
51837,130050.0000
51838,130050.0000
51839,130050.0000
51840,130050.0000
51841,130050.0000
51842,130050.0000
51843,130050.0000
51844,130050.0000
51845,130050.0000
51846,130050.0000
51847,130050.0000
51848,130050.0000
51849,130050.0000
51850,130050.0000
51851,130050.0000
51852,130050.0000
51853,130050.0000
51854,130050.0000
51855,130050.0000
51856,130050.0000
51857,130050.0000
51858,130050.0000
51859,130050.0000
51860,130050.0000
51861,130050.0000
51862,130050.0000
51863,130050.0000
51864,130050.0000
51865,130050.0000
51866,130050.0000
51867,130050.0000
51868,130050.0000
51869,130050.0000
51870,130050.0000
51871,130050.0000
51872,130050.0000
51873,130050.0000
51874,130050.0000
51875,130050.0000
51876,130050.0000
51877,130050.0000
51878,130050.0000
51879,130050.0000
51880,130050.0000
51881,130050.0000
51882,130050.0000
51883,130050.0000
51884,130050.0000
51885,130050.0000
51886,130050.0000
51887,130050.0000
51888,130050.0000
51889,130050.0000
51890,130050.0000
51891,130050.0000
51892,130050.0000
51893,130050.0000
51894,130050.0000
51895,130050.0000
51896,130050.0000
51897,130050.0000
51898,130050.0000
51899,130050.0000
51900,130050.0000
51901,130050.0000
51902,130050.0000
51903,130050.0000
51904,130050.0000
51905,130050.0000
51906,130050.0000
51907,130050.0000
51908,130050.0000
51909,130050.0000
51910,130050.0000
51911,130050.0000
51912,130050.0000
51913,130050.0000
51914,130050.0000
51915,130050.0000
51916,130050.0000
51917,130050.0000
51918,130050.0000
51919,130050.0000
51920,130050.0000
51921,130050.0000
51922,130050.0000
51923,130050.0000
51924,130050.0000
51925,130050.0000
51926,130050.0000
51927,130050.0000
51928,130050.0000
51929,130050.0000
51930,130050.0000
51931,130050.0000
51932,130050.0000
51933,130050.0000
51934,130050.0000
51935,130050.0000
51936,130050.0000
51937,130050.0000
51938,130050.0000
51939,130050.0000
51940,130050.0000
51941,130050.0000
51942,130050.0000
51943,130050.0000
51944,130050.0000
51945,130050.0000
51946,130050.0000
51947,130050.0000
51948,130050.0000
51949,130050.0000
51950,130050.0000
51951,130050.0000
51952,130050.0000
51953,130050.0000
51954,130050.0000
51955,130050.0000
51956,130050.0000
51957,130050.0000
51958,130050.0000
51959,130050.0000
51960,130050.0000
51961,130050.0000
51962,130050.0000
51963,130050.0000
51964,130050.0000
51965,130050.0000
51966,130050.0000
51967,130050.0000
51968,130050.0000
51969,130050.0000
51970,130050.0000
51971,130050.0000
51972,130050.0000
51973,130050.0000
51974,130050.0000
51975,130050.0000
51976,130050.0000
51977,130050.0000
51978,130050.0000
51979,130050.0000
51980,130050.0000
51981,130050.0000
51982,130050.0000
51983,130050.0000
51984,130050.0000
51985,130050.0000
51986,130050.0000
51987,130050.0000
51988,130050.0000
51989,130050.0000
51990,130050.0000
51991,130050.0000
51992,130050.0000
51993,130050.0000
51994,130050.0000
51995,130050.0000
51996,130050.0000
51997,130050.0000
51998,130050.0000
51999,130050.0000
52000,130050.0000
52001,130050.0000
52002,130050.0000
52003,130050.0000
52004,130050.0000
52005,130050.0000
52006,130050.0000
52007,130050.0000
52008,130050.0000
52009,130050.0000
52010,130050.0000
52011,130050.0000
52012,130050.0000
52013,130050.0000
52014,130050.0000
52015,130050.0000
52016,130050.0000
52017,130050.0000
52018,130050.0000
52019,130050.0000
52020,130050.0000
52021,130050.0000
52022,130050.0000
52023,130050.0000
52024,130050.0000
52025,130050.0000
52026,130050.0000
52027,130050.0000
52028,130050.0000
52029,130050.0000
52030,130050.0000
52031,130050.0000
52032,130050.0000
52033,130050.0000
52034,130050.0000
52035,130050.0000
52036,130050.0000
52037,130050.0000
52038,130050.0000
52039,130050.0000
52040,130050.0000
52041,130050.0000
52042,130050.0000
52043,130050.0000
52044,130050.0000
52045,130050.0000
52046,130050.0000
52047,130050.0000
52048,130050.0000
52049,130050.0000
52050,130050.0000
52051,130050.0000
52052,130050.0000
52053,130050.0000
52054,130050.0000
52055,130050.0000
52056,130050.0000
52057,130050.0000
52058,130050.0000
52059,130050.0000
52060,130050.0000
52061,130050.0000
52062,130050.0000
52063,130050.0000
52064,130050.0000
52065,130050.0000
52066,130050.0000
52067,130050.0000
52068,130050.0000
52069,130050.0000
52070,130050.0000
52071,130050.0000
52072,130050.0000
52073,130050.0000
52074,130050.0000
52075,130050.0000
52076,130050.0000
52077,130050.0000
52078,130050.0000
52079,130050.0000
52080,130050.0000
52081,130050.0000
52082,130050.0000
52083,130050.0000
52084,130050.0000
52085,130050.0000
52086,130050.0000
52087,130050.0000
52088,130050.0000
52089,130050.0000
52090,130050.0000
52091,130050.0000
52092,130050.0000
52093,130050.0000
52094,130050.0000
52095,130050.0000
52096,130050.0000
52097,130050.0000
52098,130050.0000
52099,130050.0000
52100,130050.0000
52101,130050.0000
52102,130050.0000
52103,130050.0000
52104,130050.0000
52105,130050.0000
52106,130050.0000
52107,130050.0000
52108,130050.0000
52109,130050.0000
52110,130050.0000
52111,130050.0000
52112,130050.0000
52113,130050.0000
52114,130050.0000
52115,130050.0000
52116,130050.0000
52117,130050.0000
52118,130050.0000
52119,130050.0000
52120,130050.0000
52121,130050.0000
52122,130050.0000
52123,130050.0000
52124,130050.0000
52125,130050.0000
52126,130050.0000
52127,130050.0000
52128,130050.0000
52129,130050.0000
52130,130050.0000
52131,130050.0000
52132,130050.0000
52133,130050.0000
52134,130050.0000
52135,130050.0000
52136,130050.0000
52137,130050.0000
52138,130050.0000
52139,130050.0000
52140,130050.0000
52141,130050.0000
52142,130050.0000
52143,130050.0000
52144,130050.0000
52145,130050.0000
52146,130050.0000
52147,130050.0000
52148,130050.0000
52149,130050.0000
52150,130050.0000
52151,130050.0000
52152,130050.0000
52153,130050.0000
52154,130050.0000
52155,130050.0000
52156,130050.0000
52157,130050.0000
52158,130050.0000
52159,130050.0000
52160,130050.0000
52161,130050.0000
52162,130050.0000
52163,130050.0000
52164,130050.0000
52165,130050.0000
52166,130050.0000
52167,130050.0000
52168,130050.0000
52169,130050.0000
52170,130050.0000
52171,130050.0000
52172,130050.0000
52173,130050.0000
52174,130050.0000
52175,130050.0000
52176,130050.0000
52177,130050.0000
52178,130050.0000
52179,130050.0000
52180,130050.0000
52181,130050.0000
52182,130050.0000
52183,130050.0000
52184,130050.0000
52185,130050.0000
52186,130050.0000
52187,130050.0000
52188,130050.0000
52189,130050.0000
52190,130050.0000
52191,130050.0000
52192,130050.0000
52193,130050.0000
52194,130050.0000
52195,130050.0000
52196,130050.0000
52197,130050.0000
52198,130050.0000
52199,130050.0000
52200,130050.0000
52201,130050.0000
52202,130050.0000
52203,130050.0000
52204,130050.0000
52205,130050.0000
52206,130050.0000
52207,130050.0000
52208,130050.0000
52209,130050.0000
52210,130050.0000
52211,130050.0000
52212,130050.0000
52213,130050.0000
52214,130050.0000
52215,130050.0000
52216,130050.0000
52217,130050.0000
52218,130050.0000
52219,130050.0000
52220,130050.0000
52221,130050.0000
52222,130050.0000
52223,130050.0000
52224,130050.0000
52225,130050.0000
52226,130050.0000
52227,130050.0000
52228,130050.0000
52229,130050.0000
52230,130050.0000
52231,130050.0000
52232,130050.0000
52233,130050.0000
52234,130050.0000
52235,130050.0000
52236,130050.0000
52237,130050.0000
52238,130050.0000
52239,130050.0000
52240,130050.0000
52241,130050.0000
52242,130050.0000
52243,130050.0000
52244,130050.0000
52245,130050.0000
52246,130050.0000
52247,130050.0000
52248,130050.0000
52249,130050.0000
52250,130050.0000
52251,130050.0000
52252,130050.0000
52253,130050.0000
52254,130050.0000
52255,130050.0000
52256,130050.0000
52257,130050.0000
52258,130050.0000
52259,130050.0000
52260,130050.0000
52261,130050.0000
52262,130050.0000
52263,130050.0000
52264,130050.0000
52265,130050.0000
52266,130050.0000
52267,130050.0000
52268,130050.0000
52269,130050.0000
52270,130050.0000
52271,130050.0000
52272,130050.0000
52273,130050.0000
52274,130050.0000
52275,130050.0000
52276,130050.0000
52277,130050.0000
52278,130050.0000
52279,130050.0000
52280,130050.0000
52281,130050.0000
52282,130050.0000
52283,130050.0000
52284,130050.0000
52285,130050.0000
52286,130050.0000
52287,130050.0000
52288,130050.0000
52289,130050.0000
52290,130050.0000
52291,130050.0000
52292,130050.0000
52293,130050.0000
52294,130050.0000
52295,130050.0000
52296,130050.0000
52297,130050.0000
52298,130050.0000
52299,130050.0000
52300,130050.0000
52301,130050.0000
52302,130050.0000
52303,130050.0000
52304,130050.0000
52305,130050.0000
52306,130050.0000
52307,130050.0000
52308,130050.0000
52309,130050.0000
52310,130050.0000
52311,130050.0000
52312,130050.0000
52313,130050.0000
52314,130050.0000
52315,130050.0000
52316,130050.0000
52317,130050.0000
52318,130050.0000
52319,130050.0000
52320,130050.0000
52321,130050.0000
52322,130050.0000
52323,130050.0000
52324,130050.0000
52325,130050.0000
52326,130050.0000
52327,130050.0000
52328,130050.0000
52329,130050.0000
52330,130050.0000
52331,130050.0000
52332,130050.0000
52333,130050.0000
52334,130050.0000
52335,130050.0000
52336,130050.0000
52337,130050.0000
52338,130050.0000
52339,130050.0000
52340,130050.0000
52341,130050.0000
52342,130050.0000
52343,130050.0000
52344,130050.0000
52345,130050.0000
52346,130050.0000
52347,130050.0000
52348,130050.0000
52349,130050.0000
52350,130050.0000
52351,130050.0000
52352,130050.0000
52353,130050.0000
52354,130050.0000
52355,130050.0000
52356,130050.0000
52357,130050.0000
52358,130050.0000
52359,130050.0000
52360,130050.0000
52361,130050.0000
52362,130050.0000
52363,130050.0000
52364,130050.0000
52365,130050.0000
52366,130050.0000
52367,130050.0000
52368,130050.0000
52369,130050.0000
52370,130050.0000
52371,130050.0000
52372,130050.0000
52373,130050.0000
52374,130050.0000
52375,130050.0000
52376,130050.0000
52377,130050.0000
52378,130050.0000
52379,130050.0000
52380,130050.0000
52381,130050.0000
52382,130050.0000
52383,130050.0000
52384,130050.0000
52385,130050.0000
52386,130050.0000
52387,130050.0000
52388,130050.0000
52389,130050.0000
52390,130050.0000
52391,130050.0000
52392,130050.0000
52393,130050.0000
52394,130050.0000
52395,130050.0000
52396,130050.0000
52397,130050.0000
52398,130050.0000
52399,130050.0000
52400,130050.0000
52401,130050.0000
52402,130050.0000
52403,130050.0000
52404,130050.0000
52405,130050.0000
52406,130050.0000
52407,130050.0000
52408,130050.0000
52409,130050.0000
52410,130050.0000
52411,130050.0000
52412,130050.0000
52413,130050.0000
52414,130050.0000
52415,130050.0000
52416,130050.0000
52417,130050.0000
52418,130050.0000
52419,130050.0000
52420,130050.0000
52421,130050.0000
52422,130050.0000
52423,130050.0000
52424,130050.0000
52425,130050.0000
52426,130050.0000
52427,130050.0000
52428,130050.0000
52429,130050.0000
52430,130050.0000
52431,130050.0000
52432,130050.0000
52433,130050.0000
52434,130050.0000
52435,130050.0000
52436,130050.0000
52437,130050.0000
52438,130050.0000
52439,130050.0000
52440,130050.0000
52441,130050.0000
52442,130050.0000
52443,130050.0000
52444,130050.0000
52445,130050.0000
52446,130050.0000
52447,130050.0000
52448,130050.0000
52449,130050.0000
52450,130050.0000
52451,130050.0000
52452,130050.0000
52453,130050.0000
52454,130050.0000
52455,130050.0000
52456,130050.0000
52457,130050.0000
52458,130050.0000
52459,130050.0000
52460,130050.0000
52461,130050.0000
52462,130050.0000
52463,130050.0000
52464,130050.0000
52465,130050.0000
52466,130050.0000
52467,130050.0000
52468,130050.0000
52469,130050.0000
52470,130050.0000
52471,130050.0000
52472,130050.0000
52473,130050.0000
52474,130050.0000
52475,130050.0000
52476,130050.0000
52477,130050.0000
52478,130050.0000
52479,130050.0000
52480,130050.0000
52481,130050.0000
52482,130050.0000
52483,130050.0000
52484,130050.0000
52485,130050.0000
52486,130050.0000
52487,130050.0000
52488,130050.0000
52489,130050.0000
52490,130050.0000
52491,130050.0000
52492,130050.0000
52493,130050.0000
52494,130050.0000
52495,130050.0000
52496,130050.0000
52497,130050.0000
52498,130050.0000
52499,130050.0000
52500,130050.0000
52501,130050.0000
52502,130050.0000
52503,130050.0000
52504,130050.0000
52505,130050.0000
52506,130050.0000
52507,130050.0000
52508,130050.0000
52509,130050.0000
52510,130050.0000
52511,130050.0000
52512,130050.0000
52513,130050.0000
52514,130050.0000
52515,130050.0000
52516,130050.0000
52517,130050.0000
52518,130050.0000
52519,130050.0000
52520,130050.0000
52521,130050.0000
52522,130050.0000
52523,130050.0000
52524,130050.0000
52525,130050.0000
52526,130050.0000
52527,130050.0000
52528,130050.0000
52529,130050.0000
52530,130050.0000
52531,130050.0000
52532,130050.0000
52533,130050.0000
52534,130050.0000
52535,130050.0000
52536,130050.0000
52537,130050.0000
52538,130050.0000
52539,130050.0000
52540,130050.0000
52541,130050.0000
52542,130050.0000
52543,130050.0000
52544,130050.0000
52545,130050.0000
52546,130050.0000
52547,130050.0000
52548,130050.0000
52549,130050.0000
52550,130050.0000
52551,130050.0000
52552,130050.0000
52553,130050.0000
52554,130050.0000
52555,130050.0000
52556,130050.0000
52557,130050.0000
52558,130050.0000
52559,130050.0000
52560,130050.0000
52561,130050.0000
52562,130050.0000
52563,130050.0000
52564,130050.0000
52565,130050.0000
52566,130050.0000
52567,130050.0000
52568,130050.0000
52569,130050.0000
52570,130050.0000
52571,130050.0000
52572,130050.0000
52573,130050.0000
52574,130050.0000
52575,130050.0000
52576,130050.0000
52577,130050.0000
52578,130050.0000
52579,130050.0000
52580,130050.0000
52581,130050.0000
52582,130050.0000
52583,130050.0000
52584,130050.0000
52585,130050.0000
52586,130050.0000
52587,130050.0000
52588,130050.0000
52589,130050.0000
52590,130050.0000
52591,130050.0000
52592,130050.0000
52593,130050.0000
52594,130050.0000
52595,130050.0000
52596,130050.0000
52597,130050.0000
52598,130050.0000
52599,130050.0000
52600,130050.0000
52601,130050.0000
52602,130050.0000
52603,130050.0000
52604,130050.0000
52605,130050.0000
52606,130050.0000
52607,130050.0000
52608,130050.0000
52609,130050.0000
52610,130050.0000
52611,130050.0000
52612,130050.0000
52613,130050.0000
52614,130050.0000
52615,130050.0000
52616,130050.0000
52617,130050.0000
52618,130050.0000
52619,130050.0000
52620,130050.0000
52621,130050.0000
52622,130050.0000
52623,130050.0000
52624,130050.0000
52625,130050.0000
52626,130050.0000
52627,130050.0000
52628,130050.0000
52629,130050.0000
52630,130050.0000
52631,130050.0000
52632,130050.0000
52633,130050.0000
52634,130050.0000
52635,130050.0000
52636,130050.0000
52637,130050.0000
52638,130050.0000
52639,130050.0000
52640,130050.0000
52641,130050.0000
52642,130050.0000
52643,130050.0000
52644,130050.0000
52645,130050.0000
52646,130050.0000
52647,130050.0000
52648,130050.0000
52649,130050.0000
52650,130050.0000
52651,130050.0000
52652,130050.0000
52653,130050.0000
52654,130050.0000
52655,130050.0000
52656,130050.0000
52657,130050.0000
52658,130050.0000
52659,130050.0000
52660,130050.0000
52661,130050.0000
52662,130050.0000
52663,130050.0000
52664,130050.0000
52665,130050.0000
52666,130050.0000
52667,130050.0000
52668,130050.0000
52669,130050.0000
52670,130050.0000
52671,130050.0000
52672,130050.0000
52673,130050.0000
52674,130050.0000
52675,130050.0000
52676,130050.0000
52677,130050.0000
52678,130050.0000
52679,130050.0000
52680,130050.0000
52681,130050.0000
52682,130050.0000
52683,130050.0000
52684,130050.0000
52685,130050.0000
52686,130050.0000
52687,130050.0000
52688,130050.0000
52689,130050.0000
52690,130050.0000
52691,130050.0000
52692,130050.0000
52693,130050.0000
52694,130050.0000
52695,130050.0000
52696,130050.0000
52697,130050.0000
52698,130050.0000
52699,130050.0000
52700,130050.0000
52701,130050.0000
52702,130050.0000
52703,130050.0000
52704,130050.0000
52705,130050.0000
52706,130050.0000
52707,130050.0000
52708,130050.0000
52709,130050.0000
52710,130050.0000
52711,130050.0000
52712,130050.0000
52713,130050.0000
52714,130050.0000
52715,130050.0000
52716,130050.0000
52717,130050.0000
52718,130050.0000
52719,130050.0000
52720,130050.0000
52721,130050.0000
52722,130050.0000
52723,130050.0000
52724,130050.0000
52725,130050.0000
52726,130050.0000
52727,130050.0000
52728,130050.0000
52729,130050.0000
52730,130050.0000
52731,130050.0000
52732,130050.0000
52733,130050.0000
52734,130050.0000
52735,130050.0000
52736,130050.0000
52737,130050.0000
52738,130050.0000
52739,130050.0000
52740,130050.0000
52741,130050.0000
52742,130050.0000
52743,130050.0000
52744,130050.0000
52745,130050.0000
52746,130050.0000
52747,130050.0000
52748,130050.0000
52749,130050.0000
52750,130050.0000
52751,130050.0000
52752,130050.0000
52753,130050.0000
52754,130050.0000
52755,130050.0000
52756,130050.0000
52757,130050.0000
52758,130050.0000
52759,130050.0000
52760,130050.0000
52761,130050.0000
52762,130050.0000
52763,130050.0000
52764,130050.0000
52765,130050.0000
52766,130050.0000
52767,130050.0000
52768,130050.0000
52769,130050.0000
52770,130050.0000
52771,130050.0000
52772,130050.0000
52773,130050.0000
52774,130050.0000
52775,130050.0000
52776,130050.0000
52777,130050.0000
52778,130050.0000
52779,130050.0000
52780,130050.0000
52781,130050.0000
52782,130050.0000
52783,130050.0000
52784,130050.0000
52785,130050.0000
52786,130050.0000
52787,130050.0000
52788,130050.0000
52789,130050.0000
52790,130050.0000
52791,130050.0000
52792,130050.0000
52793,130050.0000
52794,130050.0000
52795,130050.0000
52796,130050.0000
52797,130050.0000
52798,130050.0000
52799,130050.0000
52800,130050.0000
52801,130050.0000
52802,130050.0000
52803,130050.0000
52804,130050.0000
52805,130050.0000
52806,130050.0000
52807,130050.0000
52808,130050.0000
52809,130050.0000
52810,130050.0000
52811,130050.0000
52812,130050.0000
52813,130050.0000
52814,130050.0000
52815,130050.0000
52816,130050.0000
52817,130050.0000
52818,130050.0000
52819,130050.0000
52820,130050.0000
52821,130050.0000
52822,130050.0000
52823,130050.0000
52824,130050.0000
52825,130050.0000
52826,130050.0000
52827,130050.0000
52828,130050.0000
52829,130050.0000
52830,130050.0000
52831,130050.0000
52832,130050.0000
52833,130050.0000
52834,130050.0000
52835,130050.0000
52836,130050.0000
52837,130050.0000
52838,130050.0000
52839,130050.0000
52840,130050.0000
52841,130050.0000
52842,130050.0000
52843,130050.0000
52844,130050.0000
52845,130050.0000
52846,130050.0000
52847,130050.0000
52848,130050.0000
52849,130050.0000
52850,130050.0000
52851,130050.0000
52852,130050.0000
52853,130050.0000
52854,130050.0000
52855,130050.0000
52856,130050.0000
52857,130050.0000
52858,130050.0000
52859,130050.0000
52860,130050.0000
52861,130050.0000
52862,130050.0000
52863,130050.0000
52864,130050.0000
52865,130050.0000
52866,130050.0000
52867,130050.0000
52868,130050.0000
52869,130050.0000
52870,130050.0000
52871,130050.0000
52872,130050.0000
52873,130050.0000
52874,130050.0000
52875,130050.0000
52876,130050.0000
52877,130050.0000
52878,130050.0000
52879,130050.0000
52880,130050.0000
52881,130050.0000
52882,130050.0000
52883,130050.0000
52884,130050.0000
52885,130050.0000
52886,130050.0000
52887,130050.0000
52888,130050.0000
52889,130050.0000
52890,130050.0000
52891,130050.0000
52892,130050.0000
52893,130050.0000
52894,130050.0000
52895,130050.0000
52896,130050.0000
52897,130050.0000
52898,130050.0000
52899,130050.0000
52900,130050.0000
52901,130050.0000
52902,130050.0000
52903,130050.0000
52904,130050.0000
52905,130050.0000
52906,130050.0000
52907,130050.0000
52908,130050.0000
52909,130050.0000
52910,130050.0000
52911,130050.0000
52912,130050.0000
52913,130050.0000
52914,130050.0000
52915,130050.0000
52916,130050.0000
52917,130050.0000
52918,130050.0000
52919,130050.0000
52920,130050.0000
52921,130050.0000
52922,130050.0000
52923,130050.0000
52924,130050.0000
52925,130050.0000
52926,130050.0000
52927,130050.0000
52928,130050.0000
52929,130050.0000
52930,130050.0000
52931,130050.0000
52932,130050.0000
52933,130050.0000
52934,130050.0000
52935,130050.0000
52936,130050.0000
52937,130050.0000
52938,130050.0000
52939,130050.0000
52940,130050.0000
52941,130050.0000
52942,130050.0000
52943,130050.0000
52944,130050.0000
52945,130050.0000
52946,130050.0000
52947,130050.0000
52948,130050.0000
52949,130050.0000
52950,130050.0000
52951,130050.0000
52952,130050.0000
52953,130050.0000
52954,130050.0000
52955,130050.0000
52956,130050.0000
52957,130050.0000
52958,130050.0000
52959,130050.0000
52960,130050.0000
52961,130050.0000
52962,130050.0000
52963,130050.0000
52964,130050.0000
52965,130050.0000
52966,130050.0000
52967,130050.0000
52968,130050.0000
52969,130050.0000
52970,130050.0000
52971,130050.0000
52972,130050.0000
52973,130050.0000
52974,130050.0000
52975,130050.0000
52976,130050.0000
52977,130050.0000
52978,130050.0000
52979,130050.0000
52980,130050.0000
52981,130050.0000
52982,130050.0000
52983,130050.0000
52984,130050.0000
52985,130050.0000
52986,130050.0000
52987,130050.0000
52988,130050.0000
52989,130050.0000
52990,130050.0000
52991,130050.0000
52992,130050.0000
52993,130050.0000
52994,130050.0000
52995,130050.0000
52996,130050.0000
52997,130050.0000
52998,130050.0000
52999,130050.0000
53000,130050.0000
53001,130050.0000
53002,130050.0000
53003,130050.0000
53004,130050.0000
53005,130050.0000
53006,130050.0000
53007,130050.0000
53008,130050.0000
53009,130050.0000
53010,130050.0000
53011,130050.0000
53012,130050.0000
53013,130050.0000
53014,130050.0000
53015,130050.0000
53016,130050.0000
53017,130050.0000
53018,130050.0000
53019,130050.0000
53020,130050.0000
53021,130050.0000
53022,130050.0000
53023,130050.0000
53024,130050.0000
53025,130050.0000
53026,130050.0000
53027,130050.0000
53028,130050.0000
53029,130050.0000
53030,130050.0000
53031,130050.0000
53032,130050.0000
53033,130050.0000
53034,130050.0000
53035,130050.0000
53036,130050.0000
53037,130050.0000
53038,130050.0000
53039,130050.0000
53040,130050.0000
53041,130050.0000
53042,130050.0000
53043,130050.0000
53044,130050.0000
53045,130050.0000
53046,130050.0000
53047,130050.0000
53048,130050.0000
53049,130050.0000
53050,130050.0000
53051,130050.0000
53052,130050.0000
53053,130050.0000
53054,130050.0000
53055,130050.0000
53056,130050.0000
53057,130050.0000
53058,130050.0000
53059,130050.0000
53060,130050.0000
53061,130050.0000
53062,130050.0000
53063,130050.0000
53064,130050.0000
53065,130050.0000
53066,130050.0000
53067,130050.0000
53068,130050.0000
53069,130050.0000
53070,130050.0000
53071,130050.0000
53072,130050.0000
53073,130050.0000
53074,130050.0000
53075,130050.0000
53076,130050.0000
53077,130050.0000
53078,130050.0000
53079,130050.0000
53080,130050.0000
53081,130050.0000
53082,130050.0000
53083,130050.0000
53084,130050.0000
53085,130050.0000
53086,130050.0000
53087,130050.0000
53088,130050.0000
53089,130050.0000
53090,130050.0000
53091,130050.0000
53092,130050.0000
53093,130050.0000
53094,130050.0000
53095,130050.0000
53096,130050.0000
53097,130050.0000
53098,130050.0000
53099,130050.0000
53100,130050.0000
53101,130050.0000
53102,130050.0000
53103,130050.0000
53104,130050.0000
53105,130050.0000
53106,130050.0000
53107,130050.0000
53108,130050.0000
53109,130050.0000
53110,130050.0000
53111,130050.0000
53112,130050.0000
53113,130050.0000
53114,130050.0000
53115,130050.0000
53116,130050.0000
53117,130050.0000
53118,130050.0000
53119,130050.0000
53120,130050.0000
53121,130050.0000
53122,130050.0000
53123,130050.0000
53124,130050.0000
53125,130050.0000
53126,130050.0000
53127,130050.0000
53128,130050.0000
53129,130050.0000
53130,130050.0000
53131,130050.0000
53132,130050.0000
53133,130050.0000
53134,130050.0000
53135,130050.0000
53136,130050.0000
53137,130050.0000
53138,130050.0000
53139,130050.0000
53140,130050.0000
53141,130050.0000
53142,130050.0000
53143,130050.0000
53144,130050.0000
53145,130050.0000
53146,130050.0000
53147,130050.0000
53148,130050.0000
53149,130050.0000
53150,130050.0000
53151,130050.0000
53152,130050.0000
53153,130050.0000
53154,130050.0000
53155,130050.0000
53156,130050.0000
53157,130050.0000
53158,130050.0000
53159,130050.0000
53160,130050.0000
53161,130050.0000
53162,130050.0000
53163,130050.0000
53164,130050.0000
53165,130050.0000
53166,130050.0000
53167,130050.0000
53168,130050.0000
53169,130050.0000
53170,130050.0000
53171,130050.0000
53172,130050.0000
53173,130050.0000
53174,130050.0000
53175,130050.0000
53176,130050.0000
53177,130050.0000
53178,130050.0000
53179,130050.0000
53180,130050.0000
53181,130050.0000
53182,130050.0000
53183,130050.0000
53184,130050.0000
53185,130050.0000
53186,130050.0000
53187,130050.0000
53188,130050.0000
53189,130050.0000
53190,130050.0000
53191,130050.0000
53192,130050.0000
53193,130050.0000
53194,130050.0000
53195,130050.0000
53196,130050.0000
53197,130050.0000
53198,130050.0000
53199,130050.0000
53200,130050.0000
53201,130050.0000
53202,130050.0000
53203,130050.0000
53204,130050.0000
53205,130050.0000
53206,130050.0000
53207,130050.0000
53208,130050.0000
53209,130050.0000
53210,130050.0000
53211,130050.0000
53212,130050.0000
53213,130050.0000
53214,130050.0000
53215,130050.0000
53216,130050.0000
53217,130050.0000
53218,130050.0000
53219,130050.0000
53220,130050.0000
53221,130050.0000
53222,130050.0000
53223,130050.0000
53224,130050.0000
53225,130050.0000
53226,130050.0000
53227,130050.0000
53228,130050.0000
53229,130050.0000
53230,130050.0000
53231,130050.0000
53232,130050.0000
53233,130050.0000
53234,130050.0000
53235,130050.0000
53236,130050.0000
53237,130050.0000
53238,130050.0000
53239,130050.0000
53240,130050.0000
53241,130050.0000
53242,130050.0000
53243,130050.0000
53244,130050.0000
53245,130050.0000
53246,130050.0000
53247,130050.0000
53248,130050.0000
53249,130050.0000
53250,130050.0000
53251,130050.0000
53252,130050.0000
53253,130050.0000
53254,130050.0000
53255,130050.0000
53256,130050.0000
53257,130050.0000
53258,130050.0000
53259,130050.0000
53260,130050.0000
53261,130050.0000
53262,130050.0000
53263,130050.0000
53264,130050.0000
53265,130050.0000
53266,130050.0000
53267,130050.0000
53268,130050.0000
53269,130050.0000
53270,130050.0000
53271,130050.0000
53272,130050.0000
53273,130050.0000
53274,130050.0000
53275,130050.0000
53276,130050.0000
53277,130050.0000
53278,130050.0000
53279,130050.0000
53280,130050.0000
53281,130050.0000
53282,130050.0000
53283,130050.0000
53284,130050.0000
53285,130050.0000
53286,130050.0000
53287,130050.0000
53288,130050.0000
53289,130050.0000
53290,130050.0000
53291,130050.0000
53292,130050.0000
53293,130050.0000
53294,130050.0000
53295,130050.0000
53296,130050.0000
53297,130050.0000
53298,130050.0000
53299,130050.0000
53300,130050.0000
53301,130050.0000
53302,130050.0000
53303,130050.0000
53304,130050.0000
53305,130050.0000
53306,130050.0000
53307,130050.0000
53308,130050.0000
53309,130050.0000
53310,130050.0000
53311,130050.0000
53312,130050.0000
53313,130050.0000
53314,130050.0000
53315,130050.0000
53316,130050.0000
53317,130050.0000
53318,130050.0000
53319,130050.0000
53320,130050.0000
53321,130050.0000
53322,130050.0000
53323,130050.0000
53324,130050.0000
53325,130050.0000
53326,130050.0000
53327,130050.0000
53328,130050.0000
53329,130050.0000
53330,130050.0000
53331,130050.0000
53332,130050.0000
53333,130050.0000
53334,130050.0000
53335,130050.0000
53336,130050.0000
53337,130050.0000
53338,130050.0000
53339,130050.0000
53340,130050.0000
53341,130050.0000
53342,130050.0000
53343,130050.0000
53344,130050.0000
53345,130050.0000
53346,130050.0000
53347,130050.0000
53348,130050.0000
53349,130050.0000
53350,130050.0000
53351,130050.0000
53352,130050.0000
53353,130050.0000
53354,130050.0000
53355,130050.0000
53356,130050.0000
53357,130050.0000
53358,130050.0000
53359,130050.0000
53360,130050.0000
53361,130050.0000
53362,130050.0000
53363,130050.0000
53364,130050.0000
53365,130050.0000
53366,130050.0000
53367,130050.0000
53368,130050.0000
53369,130050.0000
53370,130050.0000
53371,130050.0000
53372,130050.0000
53373,130050.0000
53374,130050.0000
53375,130050.0000
53376,130050.0000
53377,130050.0000
53378,130050.0000
53379,130050.0000
53380,130050.0000
53381,130050.0000
53382,130050.0000
53383,130050.0000
53384,130050.0000
53385,130050.0000
53386,130050.0000
53387,130050.0000
53388,130050.0000
53389,130050.0000
53390,130050.0000
53391,130050.0000
53392,130050.0000
53393,130050.0000
53394,130050.0000
53395,130050.0000
53396,130050.0000
53397,130050.0000
53398,130050.0000
53399,130050.0000
53400,130050.0000
53401,130050.0000
53402,130050.0000
53403,130050.0000
53404,130050.0000
53405,130050.0000
53406,130050.0000
53407,130050.0000
53408,130050.0000
53409,130050.0000
53410,130050.0000
53411,130050.0000
53412,130050.0000
53413,130050.0000
53414,130050.0000
53415,130050.0000
53416,130050.0000
53417,130050.0000
53418,130050.0000
53419,130050.0000
53420,130050.0000
53421,130050.0000
53422,130050.0000
53423,130050.0000
53424,130050.0000
53425,130050.0000
53426,130050.0000
53427,130050.0000
53428,130050.0000
53429,130050.0000
53430,130050.0000
53431,130050.0000
53432,130050.0000
53433,130050.0000
53434,130050.0000
53435,130050.0000
53436,130050.0000
53437,130050.0000
53438,130050.0000
53439,130050.0000
53440,130050.0000
53441,130050.0000
53442,130050.0000
53443,130050.0000
53444,130050.0000
53445,130050.0000
53446,130050.0000
53447,130050.0000
53448,130050.0000
53449,130050.0000
53450,130050.0000
53451,130050.0000
53452,130050.0000
53453,130050.0000
53454,130050.0000
53455,130050.0000
53456,130050.0000
53457,130050.0000
53458,130050.0000
53459,130050.0000
53460,130050.0000
53461,130050.0000
53462,130050.0000
53463,130050.0000
53464,130050.0000
53465,130050.0000
53466,130050.0000
53467,130050.0000
53468,130050.0000
53469,130050.0000
53470,130050.0000
53471,130050.0000
53472,130050.0000
53473,130050.0000
53474,130050.0000
53475,130050.0000
53476,130050.0000
53477,130050.0000
53478,130050.0000
53479,130050.0000
53480,130050.0000
53481,130050.0000
53482,130050.0000
53483,130050.0000
53484,130050.0000
53485,130050.0000
53486,130050.0000
53487,130050.0000
53488,130050.0000
53489,130050.0000
53490,130050.0000
53491,130050.0000
53492,130050.0000
53493,130050.0000
53494,130050.0000
53495,130050.0000
53496,130050.0000
53497,130050.0000
53498,130050.0000
53499,130050.0000
53500,130050.0000
53501,130050.0000
53502,130050.0000
53503,130050.0000
53504,130050.0000
53505,130050.0000
53506,130050.0000
53507,130050.0000
53508,130050.0000
53509,130050.0000
53510,130050.0000
53511,130050.0000
53512,130050.0000
53513,130050.0000
53514,130050.0000
53515,130050.0000
53516,130050.0000
53517,130050.0000
53518,130050.0000
53519,130050.0000
53520,130050.0000
53521,130050.0000
53522,130050.0000
53523,130050.0000
53524,130050.0000
53525,130050.0000
53526,130050.0000
53527,130050.0000
53528,130050.0000
53529,130050.0000
53530,130050.0000
53531,130050.0000
53532,130050.0000
53533,130050.0000
53534,130050.0000
53535,130050.0000
53536,130050.0000
53537,130050.0000
53538,130050.0000
53539,130050.0000
53540,130050.0000
53541,130050.0000
53542,130050.0000
53543,130050.0000
53544,130050.0000
53545,130050.0000
53546,130050.0000
53547,130050.0000
53548,130050.0000
53549,130050.0000
53550,130050.0000
53551,130050.0000
53552,130050.0000
53553,130050.0000
53554,130050.0000
53555,130050.0000
53556,130050.0000
53557,130050.0000
53558,130050.0000
53559,130050.0000
53560,130050.0000
53561,130050.0000
53562,130050.0000
53563,130050.0000
53564,130050.0000
53565,130050.0000
53566,130050.0000
53567,130050.0000
53568,130050.0000
53569,130050.0000
53570,130050.0000
53571,130050.0000
53572,130050.0000
53573,130050.0000
53574,130050.0000
53575,130050.0000
53576,130050.0000
53577,130050.0000
53578,130050.0000
53579,130050.0000
53580,130050.0000
53581,130050.0000
53582,130050.0000
53583,130050.0000
53584,130050.0000
53585,130050.0000
53586,130050.0000
53587,130050.0000
53588,130050.0000
53589,130050.0000
53590,130050.0000
53591,130050.0000
53592,130050.0000
53593,130050.0000
53594,130050.0000
53595,130050.0000
53596,130050.0000
53597,130050.0000
53598,130050.0000
53599,130050.0000
53600,130050.0000
53601,130050.0000
53602,130050.0000
53603,130050.0000
53604,130050.0000
53605,130050.0000
53606,130050.0000
53607,130050.0000
53608,130050.0000
53609,130050.0000
53610,130050.0000
53611,130050.0000
53612,130050.0000
53613,130050.0000
53614,130050.0000
53615,130050.0000
53616,130050.0000
53617,130050.0000
53618,130050.0000
53619,130050.0000
53620,130050.0000
53621,130050.0000
53622,130050.0000
53623,130050.0000
53624,130050.0000
53625,130050.0000
53626,130050.0000
53627,130050.0000
53628,130050.0000
53629,130050.0000
53630,130050.0000
53631,130050.0000
53632,130050.0000
53633,130050.0000
53634,130050.0000
53635,130050.0000
53636,130050.0000
53637,130050.0000
53638,130050.0000
53639,130050.0000
53640,130050.0000
53641,130050.0000
53642,130050.0000
53643,130050.0000
53644,130050.0000
53645,130050.0000
53646,130050.0000
53647,130050.0000
53648,130050.0000
53649,130050.0000
53650,130050.0000
53651,130050.0000
53652,130050.0000
53653,130050.0000
53654,130050.0000
53655,130050.0000
53656,130050.0000
53657,130050.0000
53658,130050.0000
53659,130050.0000
53660,130050.0000
53661,130050.0000
53662,130050.0000
53663,130050.0000
53664,130050.0000
53665,130050.0000
53666,130050.0000
53667,130050.0000
53668,130050.0000
53669,130050.0000
53670,130050.0000
53671,130050.0000
53672,130050.0000
53673,130050.0000
53674,130050.0000
53675,130050.0000
53676,130050.0000
53677,130050.0000
53678,130050.0000
53679,130050.0000
53680,130050.0000
53681,130050.0000
53682,130050.0000
53683,130050.0000
53684,130050.0000
53685,130050.0000
53686,130050.0000
53687,130050.0000
53688,130050.0000
53689,130050.0000
53690,130050.0000
53691,130050.0000
53692,130050.0000
53693,130050.0000
53694,130050.0000
53695,130050.0000
53696,130050.0000
53697,130050.0000
53698,130050.0000
53699,130050.0000
53700,130050.0000
53701,130050.0000
53702,130050.0000
53703,130050.0000
53704,130050.0000
53705,130050.0000
53706,130050.0000
53707,130050.0000
53708,130050.0000
53709,130050.0000
53710,130050.0000
53711,130050.0000
53712,130050.0000
53713,130050.0000
53714,130050.0000
53715,130050.0000
53716,130050.0000
53717,130050.0000
53718,130050.0000
53719,130050.0000
53720,130050.0000
53721,130050.0000
53722,130050.0000
53723,130050.0000
53724,130050.0000
53725,130050.0000
53726,130050.0000
53727,130050.0000
53728,130050.0000
53729,130050.0000
53730,130050.0000
53731,130050.0000
53732,130050.0000
53733,130050.0000
53734,130050.0000
53735,130050.0000
53736,130050.0000
53737,130050.0000
53738,130050.0000
53739,130050.0000
53740,130050.0000
53741,130050.0000
53742,130050.0000
53743,130050.0000
53744,130050.0000
53745,130050.0000
53746,130050.0000
53747,130050.0000
53748,130050.0000
53749,130050.0000
53750,130050.0000
53751,130050.0000
53752,130050.0000
53753,130050.0000
53754,130050.0000
53755,130050.0000
53756,130050.0000
53757,130050.0000
53758,130050.0000
53759,130050.0000
53760,130050.0000
53761,130050.0000
53762,130050.0000
53763,130050.0000
53764,130050.0000
53765,130050.0000
53766,130050.0000
53767,130050.0000
53768,130050.0000
53769,130050.0000
53770,130050.0000
53771,130050.0000
53772,130050.0000
53773,130050.0000
53774,130050.0000
53775,130050.0000
53776,130050.0000
53777,130050.0000
53778,130050.0000
53779,130050.0000
53780,130050.0000
53781,130050.0000
53782,130050.0000
53783,130050.0000
53784,130050.0000
53785,130050.0000
53786,130050.0000
53787,130050.0000
53788,130050.0000
53789,130050.0000
53790,130050.0000
53791,130050.0000
53792,130050.0000
53793,130050.0000
53794,130050.0000
53795,130050.0000
53796,130050.0000
53797,130050.0000
53798,130050.0000
53799,130050.0000
53800,130050.0000
53801,130050.0000
53802,130050.0000
53803,130050.0000
53804,130050.0000
53805,130050.0000
53806,130050.0000
53807,130050.0000
53808,130050.0000
53809,130050.0000
53810,130050.0000
53811,130050.0000
53812,130050.0000
53813,130050.0000
53814,130050.0000
53815,130050.0000
53816,130050.0000
53817,130050.0000
53818,130050.0000
53819,130050.0000
53820,130050.0000
53821,130050.0000
53822,130050.0000
53823,130050.0000
53824,130050.0000
53825,130050.0000
53826,130050.0000
53827,130050.0000
53828,130050.0000
53829,130050.0000
53830,130050.0000
53831,130050.0000
53832,130050.0000
53833,130050.0000
53834,130050.0000
53835,130050.0000
53836,130050.0000
53837,130050.0000
53838,130050.0000
53839,130050.0000
53840,130050.0000
53841,130050.0000
53842,130050.0000
53843,130050.0000
53844,130050.0000
53845,130050.0000
53846,130050.0000
53847,130050.0000
53848,130050.0000
53849,130050.0000
53850,130050.0000
53851,130050.0000
53852,130050.0000
53853,130050.0000
53854,130050.0000
53855,130050.0000
53856,130050.0000
53857,130050.0000
53858,130050.0000
53859,130050.0000
53860,130050.0000
53861,130050.0000
53862,130050.0000
53863,130050.0000
53864,130050.0000
53865,130050.0000
53866,130050.0000
53867,130050.0000
53868,130050.0000
53869,130050.0000
53870,130050.0000
53871,130050.0000
53872,130050.0000
53873,130050.0000
53874,130050.0000
53875,130050.0000
53876,130050.0000
53877,130050.0000
53878,130050.0000
53879,130050.0000
53880,130050.0000
53881,130050.0000
53882,130050.0000
53883,130050.0000
53884,130050.0000
53885,130050.0000
53886,130050.0000
53887,130050.0000
53888,130050.0000
53889,130050.0000
53890,130050.0000
53891,130050.0000
53892,130050.0000
53893,130050.0000
53894,130050.0000
53895,130050.0000
53896,130050.0000
53897,130050.0000
53898,130050.0000
53899,130050.0000
53900,130050.0000
53901,130050.0000
53902,130050.0000
53903,130050.0000
53904,130050.0000
53905,130050.0000
53906,130050.0000
53907,130050.0000
53908,130050.0000
53909,130050.0000
53910,130050.0000
53911,130050.0000
53912,130050.0000
53913,130050.0000
53914,130050.0000
53915,130050.0000
53916,130050.0000
53917,130050.0000
53918,130050.0000
53919,130050.0000
53920,130050.0000
53921,130050.0000
53922,130050.0000
53923,130050.0000
53924,130050.0000
53925,130050.0000
53926,130050.0000
53927,130050.0000
53928,130050.0000
53929,130050.0000
53930,130050.0000
53931,130050.0000
53932,130050.0000
53933,130050.0000
53934,130050.0000
53935,130050.0000
53936,130050.0000
53937,130050.0000
53938,130050.0000
53939,130050.0000
53940,130050.0000
53941,130050.0000
53942,130050.0000
53943,130050.0000
53944,130050.0000
53945,130050.0000
53946,130050.0000
53947,130050.0000
53948,130050.0000
53949,130050.0000
53950,130050.0000
53951,130050.0000
53952,130050.0000
53953,130050.0000
53954,130050.0000
53955,130050.0000
53956,130050.0000
53957,130050.0000
53958,130050.0000
53959,130050.0000
53960,130050.0000
53961,130050.0000
53962,130050.0000
53963,130050.0000
53964,130050.0000
53965,130050.0000
53966,130050.0000
53967,130050.0000
53968,130050.0000
53969,130050.0000
53970,130050.0000
53971,130050.0000
53972,130050.0000
53973,130050.0000
53974,130050.0000
53975,130050.0000
53976,130050.0000
53977,130050.0000
53978,130050.0000
53979,130050.0000
53980,130050.0000
53981,130050.0000
53982,130050.0000
53983,130050.0000
53984,130050.0000
53985,130050.0000
53986,130050.0000
53987,130050.0000
53988,130050.0000
53989,130050.0000
53990,130050.0000
53991,130050.0000
53992,130050.0000
53993,130050.0000
53994,130050.0000
53995,130050.0000
53996,130050.0000
53997,130050.0000
53998,130050.0000
53999,130050.0000
54000,130050.0000
54001,130050.0000
54002,130050.0000
54003,130050.0000
54004,130050.0000
54005,130050.0000
54006,130050.0000
54007,130050.0000
54008,130050.0000
54009,130050.0000
54010,130050.0000
54011,130050.0000
54012,130050.0000
54013,130050.0000
54014,130050.0000
54015,130050.0000
54016,130050.0000
54017,130050.0000
54018,130050.0000
54019,130050.0000
54020,130050.0000
54021,130050.0000
54022,130050.0000
54023,130050.0000
54024,130050.0000
54025,130050.0000
54026,130050.0000
54027,130050.0000
54028,130050.0000
54029,130050.0000
54030,130050.0000
54031,130050.0000
54032,130050.0000
54033,130050.0000
54034,130050.0000
54035,130050.0000
54036,130050.0000
54037,130050.0000
54038,130050.0000
54039,130050.0000
54040,130050.0000
54041,130050.0000
54042,130050.0000
54043,130050.0000
54044,130050.0000
54045,130050.0000
54046,130050.0000
54047,130050.0000
54048,130050.0000
54049,130050.0000
54050,130050.0000
54051,130050.0000
54052,130050.0000
54053,130050.0000
54054,130050.0000
54055,130050.0000
54056,130050.0000
54057,130050.0000
54058,130050.0000
54059,130050.0000
54060,130050.0000
54061,130050.0000
54062,130050.0000
54063,130050.0000
54064,130050.0000
54065,130050.0000
54066,130050.0000
54067,130050.0000
54068,130050.0000
54069,130050.0000
54070,130050.0000
54071,130050.0000
54072,130050.0000
54073,130050.0000
54074,130050.0000
54075,130050.0000
54076,130050.0000
54077,130050.0000
54078,130050.0000
54079,130050.0000
54080,130050.0000
54081,130050.0000
54082,130050.0000
54083,130050.0000
54084,130050.0000
54085,130050.0000
54086,130050.0000
54087,130050.0000
54088,130050.0000
54089,130050.0000
54090,130050.0000
54091,130050.0000
54092,130050.0000
54093,130050.0000
54094,130050.0000
54095,130050.0000
54096,130050.0000
54097,130050.0000
54098,130050.0000
54099,130050.0000
54100,130050.0000
54101,130050.0000
54102,130050.0000
54103,130050.0000
54104,130050.0000
54105,130050.0000
54106,130050.0000
54107,130050.0000
54108,130050.0000
54109,130050.0000
54110,130050.0000
54111,130050.0000
54112,130050.0000
54113,130050.0000
54114,130050.0000
54115,130050.0000
54116,130050.0000
54117,130050.0000
54118,130050.0000
54119,130050.0000
54120,130050.0000
54121,130050.0000
54122,130050.0000
54123,130050.0000
54124,130050.0000
54125,130050.0000
54126,130050.0000
54127,130050.0000
54128,130050.0000
54129,130050.0000
54130,130050.0000
54131,130050.0000
54132,130050.0000
54133,130050.0000
54134,130050.0000
54135,130050.0000
54136,130050.0000
54137,130050.0000
54138,130050.0000
54139,130050.0000
54140,130050.0000
54141,130050.0000
54142,130050.0000
54143,130050.0000
54144,130050.0000
54145,130050.0000
54146,130050.0000
54147,130050.0000
54148,130050.0000
54149,130050.0000
54150,130050.0000
54151,130050.0000
54152,130050.0000
54153,130050.0000
54154,130050.0000
54155,130050.0000
54156,130050.0000
54157,130050.0000
54158,130050.0000
54159,130050.0000
54160,130050.0000
54161,130050.0000
54162,130050.0000
54163,130050.0000
54164,130050.0000
54165,130050.0000
54166,130050.0000
54167,130050.0000
54168,130050.0000
54169,130050.0000
54170,130050.0000
54171,130050.0000
54172,130050.0000
54173,130050.0000
54174,130050.0000
54175,130050.0000
54176,130050.0000
54177,130050.0000
54178,130050.0000
54179,130050.0000
54180,130050.0000
54181,130050.0000
54182,130050.0000
54183,130050.0000
54184,130050.0000
54185,130050.0000
54186,130050.0000
54187,130050.0000
54188,130050.0000
54189,130050.0000
54190,130050.0000
54191,130050.0000
54192,130050.0000
54193,130050.0000
54194,130050.0000
54195,130050.0000
54196,130050.0000
54197,130050.0000
54198,130050.0000
54199,130050.0000
54200,130050.0000
54201,130050.0000
54202,130050.0000
54203,130050.0000
54204,130050.0000
54205,130050.0000
54206,130050.0000
54207,130050.0000
54208,130050.0000
54209,130050.0000
54210,130050.0000
54211,130050.0000
54212,130050.0000
54213,130050.0000
54214,130050.0000
54215,130050.0000
54216,130050.0000
54217,130050.0000
54218,130050.0000
54219,130050.0000
54220,130050.0000
54221,130050.0000
54222,130050.0000
54223,130050.0000
54224,130050.0000
54225,130050.0000
54226,130050.0000
54227,130050.0000
54228,130050.0000
54229,130050.0000
54230,130050.0000
54231,130050.0000
54232,130050.0000
54233,130050.0000
54234,130050.0000
54235,130050.0000
54236,130050.0000
54237,130050.0000
54238,130050.0000
54239,130050.0000
54240,130050.0000
54241,130050.0000
54242,130050.0000
54243,130050.0000
54244,130050.0000
54245,130050.0000
54246,130050.0000
54247,130050.0000
54248,130050.0000
54249,130050.0000
54250,130050.0000
54251,130050.0000
54252,130050.0000
54253,130050.0000
54254,130050.0000
54255,130050.0000
54256,130050.0000
54257,130050.0000
54258,130050.0000
54259,130050.0000
54260,130050.0000
54261,130050.0000
54262,130050.0000
54263,130050.0000
54264,130050.0000
54265,130050.0000
54266,130050.0000
54267,130050.0000
54268,130050.0000
54269,130050.0000
54270,130050.0000
54271,130050.0000
54272,130050.0000
54273,130050.0000
54274,130050.0000
54275,130050.0000
54276,130050.0000
54277,130050.0000
54278,130050.0000
54279,130050.0000
54280,130050.0000
54281,130050.0000
54282,130050.0000
54283,130050.0000
54284,130050.0000
54285,130050.0000
54286,130050.0000
54287,130050.0000
54288,130050.0000
54289,130050.0000
54290,130050.0000
54291,130050.0000
54292,130050.0000
54293,130050.0000
54294,130050.0000
54295,130050.0000
54296,130050.0000
54297,130050.0000
54298,130050.0000
54299,130050.0000
54300,130050.0000
54301,130050.0000
54302,130050.0000
54303,130050.0000
54304,130050.0000
54305,130050.0000
54306,130050.0000
54307,130050.0000
54308,130050.0000
54309,130050.0000
54310,130050.0000
54311,130050.0000
54312,130050.0000
54313,130050.0000
54314,130050.0000
54315,130050.0000
54316,130050.0000
54317,130050.0000
54318,130050.0000
54319,130050.0000
54320,130050.0000
54321,130050.0000
54322,130050.0000
54323,130050.0000
54324,130050.0000
54325,130050.0000
54326,130050.0000
54327,130050.0000
54328,130050.0000
54329,130050.0000
54330,130050.0000
54331,130050.0000
54332,130050.0000
54333,130050.0000
54334,130050.0000
54335,130050.0000
54336,130050.0000
54337,130050.0000
54338,130050.0000
54339,130050.0000
54340,130050.0000
54341,130050.0000
54342,130050.0000
54343,130050.0000
54344,130050.0000
54345,130050.0000
54346,130050.0000
54347,130050.0000
54348,130050.0000
54349,130050.0000
54350,130050.0000
54351,130050.0000
54352,130050.0000
54353,130050.0000
54354,130050.0000
54355,130050.0000
54356,130050.0000
54357,130050.0000
54358,130050.0000
54359,130050.0000
54360,130050.0000
54361,130050.0000
54362,130050.0000
54363,130050.0000
54364,130050.0000
54365,130050.0000
54366,130050.0000
54367,130050.0000
54368,130050.0000
54369,130050.0000
54370,130050.0000
54371,130050.0000
54372,130050.0000
54373,130050.0000
54374,130050.0000
54375,130050.0000
54376,130050.0000
54377,130050.0000
54378,130050.0000
54379,130050.0000
54380,130050.0000
54381,130050.0000
54382,130050.0000
54383,130050.0000
54384,130050.0000
54385,130050.0000
54386,130050.0000
54387,130050.0000
54388,130050.0000
54389,130050.0000
54390,130050.0000
54391,130050.0000
54392,130050.0000
54393,130050.0000
54394,130050.0000
54395,130050.0000
54396,130050.0000
54397,130050.0000
54398,130050.0000
54399,130050.0000
54400,130050.0000
54401,130050.0000
54402,130050.0000
54403,130050.0000
54404,130050.0000
54405,130050.0000
54406,130050.0000
54407,130050.0000
54408,130050.0000
54409,130050.0000
54410,130050.0000
54411,130050.0000
54412,130050.0000
54413,130050.0000
54414,130050.0000
54415,130050.0000
54416,130050.0000
54417,130050.0000
54418,130050.0000
54419,130050.0000
54420,130050.0000
54421,130050.0000
54422,130050.0000
54423,130050.0000
54424,130050.0000
54425,130050.0000
54426,130050.0000
54427,130050.0000
54428,130050.0000
54429,130050.0000
54430,130050.0000
54431,130050.0000
54432,130050.0000
54433,130050.0000
54434,130050.0000
54435,130050.0000
54436,130050.0000
54437,130050.0000
54438,130050.0000
54439,130050.0000
54440,130050.0000
54441,130050.0000
54442,130050.0000
54443,130050.0000
54444,130050.0000
54445,130050.0000
54446,130050.0000
54447,130050.0000
54448,130050.0000
54449,130050.0000
54450,130050.0000
54451,130050.0000
54452,130050.0000
54453,130050.0000
54454,130050.0000
54455,130050.0000
54456,130050.0000
54457,130050.0000
54458,130050.0000
54459,130050.0000
54460,130050.0000
54461,130050.0000
54462,130050.0000
54463,130050.0000
54464,130050.0000
54465,130050.0000
54466,130050.0000
54467,130050.0000
54468,130050.0000
54469,130050.0000
54470,130050.0000
54471,130050.0000
54472,130050.0000
54473,130050.0000
54474,130050.0000
54475,130050.0000
54476,130050.0000
54477,130050.0000
54478,130050.0000
54479,130050.0000
54480,130050.0000
54481,130050.0000
54482,130050.0000
54483,130050.0000
54484,130050.0000
54485,130050.0000
54486,130050.0000
54487,130050.0000
54488,130050.0000
54489,130050.0000
54490,130050.0000
54491,130050.0000
54492,130050.0000
54493,130050.0000
54494,130050.0000
54495,130050.0000
54496,130050.0000
54497,130050.0000
54498,130050.0000
54499,130050.0000
54500,130050.0000
54501,130050.0000
54502,130050.0000
54503,130050.0000
54504,130050.0000
54505,130050.0000
54506,130050.0000
54507,130050.0000
54508,130050.0000
54509,130050.0000
54510,130050.0000
54511,130050.0000
54512,130050.0000
54513,130050.0000
54514,130050.0000
54515,130050.0000
54516,130050.0000
54517,130050.0000
54518,130050.0000
54519,130050.0000
54520,130050.0000
54521,130050.0000
54522,130050.0000
54523,130050.0000
54524,130050.0000
54525,130050.0000
54526,130050.0000
54527,130050.0000
54528,130050.0000
54529,130050.0000
54530,130050.0000
54531,130050.0000
54532,130050.0000
54533,130050.0000
54534,130050.0000
54535,130050.0000
54536,130050.0000
54537,130050.0000
54538,130050.0000
54539,130050.0000
54540,130050.0000
54541,130050.0000
54542,130050.0000
54543,130050.0000
54544,130050.0000
54545,130050.0000
54546,130050.0000
54547,130050.0000
54548,130050.0000
54549,130050.0000
54550,130050.0000
54551,130050.0000
54552,130050.0000
54553,130050.0000
54554,130050.0000
54555,130050.0000
54556,130050.0000
54557,130050.0000
54558,130050.0000
54559,130050.0000
54560,130050.0000
54561,130050.0000
54562,130050.0000
54563,130050.0000
54564,130050.0000
54565,130050.0000
54566,130050.0000
54567,130050.0000
54568,130050.0000
54569,130050.0000
54570,130050.0000
54571,130050.0000
54572,130050.0000
54573,130050.0000
54574,130050.0000
54575,130050.0000
54576,130050.0000
54577,130050.0000
54578,130050.0000
54579,130050.0000
54580,130050.0000
54581,130050.0000
54582,130050.0000
54583,130050.0000
54584,130050.0000
54585,130050.0000
54586,130050.0000
54587,130050.0000
54588,130050.0000
54589,130050.0000
54590,130050.0000
54591,130050.0000
54592,130050.0000
54593,130050.0000
54594,130050.0000
54595,130050.0000
54596,130050.0000
54597,130050.0000
54598,130050.0000
54599,130050.0000
54600,130050.0000
54601,130050.0000
54602,130050.0000
54603,130050.0000
