════════════════════════════════════════════════════════════════
              最优Cmax解的详细调度记录
════════════════════════════════════════════════════════════════

【基本信息】
----------------------------------------------------------------------------------------------------
Cmax (最大完工时间): 67714.41
能耗: 792.61 kWh
装箱质量: 0.5769
批次总数: 13
工件数量: 100
机器数量: 17 (打印机:5, 批处理机:2, 离散机:10)

【染色体编码】
----------------------------------------------------------------------------------------------------
工序序列 (OS): [83, 73, 39, 5, 0, 50, 34, 82, 84, 10, 81, 68, 13, 65, 38, 66, 67, 25, 53, 59, 30, 47, 85, 37, 72, 11, 54, 20, 98, 2, 57, 3, 52, 55, 12, 62, 22, 4, 14, 43, 48, 69, 49, 60, 16, 28, 18, 93, 41, 31, 77, 90, 24, 23, 63, 64, 96, 46, 42, 95, 1, 61, 36, 70, 15, 8, 75, 88, 7, 74, 27, 40, 35, 71, 26, 86, 56, 21, 79, 17, 9, 91, 78, 87, 29, 92, 33, 58, 89, 19, 45, 51, 6, 99, 97, 80, 76, 32, 94, 44, 82, 17, 5, 49, 7, 36, 59, 26, 74, 14, 69, 21, 3, 13, 24, 45, 72, 29, 24, 99, 10, 33, 49, 83, 15, 37, 32, 17, 40, 0, 34, 11, 1, 39, 0, 86, 52, 45, 66, 41, 26, 14, 44, 48, 47, 3, 72, 25, 69, 55, 86, 69, 96, 5, 85, 28, 96, 31, 51, 69, 94, 89, 47, 70, 68, 90, 16, 72, 10, 5, 99, 23, 13, 4, 68, 46, 8, 11, 55, 35, 45, 34, 58, 86, 67, 47, 31, 30, 13, 21, 99, 93, 39, 55, 86, 69, 96, 59, 32, 30, 3, 75, 32, 55, 32, 6, 10, 23, 97, 59, 47, 4, 24, 66, 20, 39, 69, 7, 7, 97, 43, 58, 20, 72, 10, 42, 53, 4, 25, 46, 6, 30, 24, 7, 75, 23, 33, 52, 91, 58, 30, 31, 87, 11, 11, 5, 71, 13, 97, 31, 30, 14, 17, 9, 4, 17, 41, 64, 83, 93, 55, 41, 88, 42, 82, 28, 15, 85, 43, 26, 8, 8, 28, 45, 28, 52, 65, 83, 96, 62, 41, 33, 52, 8, 68, 23, 40, 71, 24, 1, 93, 36, 59, 36, 54, 75, 5, 29, 49, 81, 60, 17, 46, 24, 8, 4, 87, 67, 94, 20, 83, 32, 14, 94, 45, 47, 6, 67, 50, 16, 78, 41, 33, 25, 15, 26, 26, 66, 25, 15, 79, 25, 43, 74, 94, 20, 47, 11, 19, 14, 23, 9, 57, 37, 77, 2, 14, 26, 36, 66, 45, 30, 75, 72, 26, 39, 28, 58, 13, 30, 3, 40, 12, 36, 33, 23, 93, 45, 99, 69, 0, 14, 81, 99, 35, 46, 59, 15, 83, 92, 8, 43, 52, 41, 40, 33, 10, 96, 36, 5, 88, 89, 25, 96, 94, 72, 23, 75, 87, 3, 71, 31, 52, 65, 36, 83, 0, 74, 17, 17, 15, 4, 40, 24, 21, 96, 34, 92, 1, 57, 77, 77, 94, 30, 47, 65, 13, 73, 88, 46, 53, 32, 55, 20, 7, 72, 65, 26, 67, 14, 43, 65, 37, 18, 66, 46, 99, 6]
机器选择 (MS): [5, 5, 5, 5, 2, 5, 5, 4, 4, 1, 1, 1, 5, 2, 1, 4, 5, 2, 5, 1, 4, 5, 1, 5, 2, 1, 4, 3, 1, 1, 3, 3, 2, 1, 2, 4, 2, 3, 5, 5, 3, 1, 1, 1, 2, 2, 1, 4, 2, 4, 4, 4, 3, 3, 5, 2, 2, 3, 4, 5, 1, 1, 2, 2, 5, 1, 2, 2, 1, 1, 5, 1, 3, 1, 5, 2, 1, 2, 3, 3, 3, 5, 4, 2, 3, 2, 2, 2, 1, 1, 2, 5, 1, 2, 5, 2, 1, 1, 3, 5, 1, 3, 1, 1, 1, 1, 1, 3, 1, 1, 1, 2, 2, 1, 2, 1, 3, 1, 2, 1, 1, 2, 1, 1, 3, 3, 1, 1, 2, 1, 2, 1, 2, 1, 1, 1, 1, 2, 1, 1, 2, 3, 1, 1, 3, 1, 3, 1, 1, 2, 3, 3, 2, 1, 1, 1, 2, 1, 2, 3, 2, 1, 2, 2, 1, 1, 2, 2, 2, 2, 2, 1, 2, 1, 2, 1, 1, 2, 1, 2, 1, 1, 2, 2, 2, 1, 2, 2, 3, 2, 1, 1, 3, 2, 1, 2, 1, 1, 1, 1, 1, 1, 2, 1, 2, 1, 2, 1, 3, 1, 1, 3, 1, 3, 2, 1, 1, 2, 2, 1, 1, 1, 2, 3, 1, 1, 1, 3, 3, 1, 1, 2, 1, 1, 1, 1, 3, 1, 1, 1, 1, 2, 1, 1, 1, 2, 2, 1, 2, 3, 1, 1, 1, 1, 1, 1, 1, 3, 3, 1, 2, 2, 2, 2, 1, 2, 1, 2, 3, 1, 2, 2, 1, 2, 2, 1, 1, 1, 1, 3, 2, 3, 1, 2, 1, 1, 1, 1, 1, 2, 1, 1, 1, 2, 1, 2, 1, 1, 1, 1, 1, 1, 1, 1, 1, 2, 1, 1, 1, 1, 1, 1, 1, 1, 2, 1, 1, 1, 1, 2, 1, 1, 3, 2, 1, 1, 1, 1, 1, 2, 1, 1, 1, 1, 1, 1, 2, 1, 1, 1, 2, 1, 1, 2, 1, 1, 2, 1, 3, 3, 1, 2, 3, 1, 1, 3, 1, 3, 2, 1, 1, 3, 3, 1, 2, 2, 1, 2, 1, 1, 1, 1, 1, 2, 1, 1, 1, 2, 2, 1, 1, 1, 1, 1, 1, 1, 1, 2, 3, 1, 3, 1, 1, 2, 2, 1, 1, 1, 1, 1, 2, 2, 1, 2, 1, 1, 1, 1, 1, 1, 2, 2, 1, 1, 2, 1, 2, 1, 1, 1, 2, 2, 1, 2, 1, 3, 1, 1, 3, 1, 1, 1, 1, 1, 1, 1, 2, 1, 3, 2, 1, 1, 1, 1, 2, 2, 1, 1]

【零件加工顺序记录】
----------------------------------------------------------------------------------------------------
工件号      工序号             机器号             开始时间            结束时间            加工时长           
----------------------------------------------------------------------------------------------------

工件 0:
  0        0               打印机2            0.00            15288.28        15288.28       
  0        1               批处理机2           15288.28        16352.28        1064.00        
  0        2               离散机3            16352.28        17252.28        900.00         
  0        3               离散机10           17252.28        18458.28        1206.00        
  0        4               离散机1            19228.28        20143.28        915.00         
  0        5               离散机3            20809.28        22301.28        1492.00        

工件 1:
  1        0               打印机1            0.00            24999.49        24999.49       
  1        1               批处理机2           25526.53        26590.53        1064.00        
  1        2               离散机3            28481.56        29516.56        1035.00        
  1        3               离散机7            37066.56        38848.56        1782.00        
  1        4               离散机2            60874.37        61798.37        924.00         

工件 2:
  2        0               打印机1            38293.85        46229.23        7935.38        
  2        1               批处理机2           46229.23        47293.23        1064.00        
  2        2               离散机10           55942.37        57122.37        1180.00        

工件 3:
  3        0               打印机3            0.00            24642.56        24642.56       
  3        1               批处理机1           24642.56        25752.56        1110.00        
  3        2               离散机1            25752.56        26684.56        932.00         
  3        3               离散机7            26684.56        27813.56        1129.00        
  3        4               离散机2            30499.53        31497.53        998.00         
  3        5               离散机7            51926.00        53017.00        1091.00        
  3        6               离散机6            57966.00        59124.00        1158.00        

工件 4:
  4        0               打印机3            0.00            24642.56        24642.56       
  4        1               批处理机1           24642.56        25752.56        1110.00        
  4        2               离散机1            26684.56        27817.56        1133.00        
  4        3               离散机10           29556.56        30904.56        1348.00        
  4        4               离散机3            33395.56        34626.56        1231.00        
  4        5               离散机8            34801.56        35718.56        917.00         
  4        6               离散机2            38683.56        39705.56        1022.00        
  4        7               离散机10           43099.00        44779.00        1680.00        

工件 5:
  5        0               打印机5            0.00            39797.00        39797.00       
  5        1               批处理机2           39797.00        40861.00        1064.00        
  5        2               离散机1            40861.00        42534.00        1673.00        
  5        3               离散机8            42534.00        43830.00        1296.00        
  5        4               离散机2            43830.00        44750.00        920.00         
  5        5               离散机2            49594.00        50765.00        1171.00        
  5        6               离散机2            50765.00        51665.00        900.00         
  5        7               离散机8            52735.27        54212.27        1477.00        

工件 6:
  6        0               打印机1            24999.49        38293.85        13294.36       
  6        1               批处理机2           38293.85        39357.85        1064.00        
  6        2               离散机6            42738.85        43743.85        1005.00        
  6        3               离散机2            47929.00        49594.00        1665.00        
  6        4               离散机2            51665.00        52858.00        1193.00        
  6        5               离散机9            59724.37        61001.37        1277.00        

工件 7:
  7        0               打印机1            0.00            24999.49        24999.49       
  7        1               批处理机2           25526.53        26590.53        1064.00        
  7        2               离散机2            26590.53        27578.53        988.00         
  7        3               离散机8            33585.56        34801.56        1216.00        
  7        4               离散机1            34801.56        35727.56        926.00         
  7        5               离散机2            35727.56        37072.56        1345.00        
  7        6               离散机9            58262.37        59724.37        1462.00        

工件 8:
  8        0               打印机1            0.00            24999.49        24999.49       
  8        1               批处理机2           25526.53        26590.53        1064.00        
  8        2               离散机5            28662.53        29918.53        1256.00        
  8        3               离散机6            35386.53        36413.53        1027.00        
  8        4               离散机2            37072.56        38683.56        1611.00        
  8        5               离散机5            38683.56        39671.56        988.00         
  8        6               离散机1            39671.56        40704.56        1033.00        
  8        7               离散机4            51777.00        53438.00        1661.00        

工件 9:
  9        0               打印机3            0.00            24642.56        24642.56       
  9        1               批处理机1           24642.56        25752.56        1110.00        
  9        2               离散机7            35781.56        37066.56        1285.00        
  9        3               离散机5            37066.56        37979.56        913.00         

工件 10:
  10       0               打印机1            0.00            24999.49        24999.49       
  10       1               批处理机2           25526.53        26590.53        1064.00        
  10       2               离散机6            26590.53        27594.53        1004.00        
  10       3               离散机5            27594.53        28662.53        1068.00        
  10       4               离散机6            31514.53        33030.53        1516.00        
  10       5               离散机2            33948.53        35677.53        1729.00        
  10       6               离散机9            37657.53        38911.53        1254.00        

工件 11:
  11       0               打印机1            24999.49        38293.85        13294.36       
  11       1               批处理机2           38293.85        39357.85        1064.00        
  11       2               离散机3            42318.00        43699.00        1381.00        
  11       3               离散机8            44868.00        45884.00        1016.00        
  11       4               离散机3            48539.27        49530.27        991.00         
  11       5               离散机8            49530.27        50468.27        938.00         
  11       6               离散机8            51719.27        52735.27        1016.00        

工件 12:
  12       0               打印机2            0.00            15288.28        15288.28       
  12       1               批处理机2           15288.28        16352.28        1064.00        
  12       2               离散机10           30904.56        32427.56        1523.00        

工件 13:
  13       0               打印机5            0.00            39797.00        39797.00       
  13       1               批处理机2           39797.00        40861.00        1064.00        
  13       2               离散机3            40861.00        42318.00        1457.00        
  13       3               离散机8            43830.00        44868.00        1038.00        
  13       4               离散机5            44929.00        46605.00        1676.00        
  13       5               离散机5            51325.23        52374.23        1049.00        
  13       6               离散机7            54778.00        56389.00        1611.00        
  13       7               离散机2            61798.37        62779.37        981.00         

工件 14:
  14       0               打印机5            0.00            39797.00        39797.00       
  14       1               批处理机2           39797.00        40861.00        1064.00        
  14       2               离散机7            40861.00        42164.00        1303.00        
  14       3               离散机4            42164.00        43388.00        1224.00        
  14       4               离散机6            43743.85        44834.85        1091.00        
  14       5               离散机8            47877.00        49391.00        1514.00        
  14       6               离散机7            50805.00        51926.00        1121.00        
  14       7               离散机6            52732.27        53944.27        1212.00        
  14       8               离散机10           63728.41        64985.41        1257.00        
  14       9               离散机6            65194.41        66521.41        1327.00        

工件 15:
  15       0               打印机5            0.00            39797.00        39797.00       
  15       1               批处理机2           39797.00        40861.00        1064.00        
  15       2               离散机8            40861.00        42267.00        1406.00        
  15       3               离散机3            49530.27        50519.27        989.00         
  15       4               离散机2            52858.00        53948.00        1090.00        
  15       5               离散机6            53948.00        55274.00        1326.00        
  15       6               离散机3            64094.41        65324.41        1230.00        
  15       7               离散机3            65324.41        66265.41        941.00         

工件 16:
  16       0               打印机2            15288.28        24462.53        9174.25        
  16       1               批处理机2           24462.53        25526.53        1064.00        
  16       2               离散机2            28709.53        30499.53        1790.00        
  16       3               离散机7            38848.56        40417.56        1569.00        

工件 17:
  17       0               打印机3            0.00            24642.56        24642.56       
  17       1               批处理机1           24642.56        25752.56        1110.00        
  17       2               离散机10           25752.56        26706.56        954.00         
  17       3               离散机6            27594.53        28832.53        1238.00        
  17       4               离散机9            28832.53        29817.53        985.00         
  17       5               离散机9            29817.53        30823.53        1006.00        
  17       6               离散机5            32390.53        33811.53        1421.00        
  17       7               离散机2            39705.56        40676.56        971.00         
  17       8               离散机6            59124.00        60043.00        919.00         

工件 18:
  18       0               打印机1            24999.49        38293.85        13294.36       
  18       1               批处理机2           38293.85        39357.85        1064.00        
  18       2               离散机9            49500.27        50642.27        1142.00        

工件 19:
  19       0               打印机1            0.00            24999.49        24999.49       
  19       1               批处理机2           25526.53        26590.53        1064.00        
  19       2               离散机7            49371.00        50805.00        1434.00        

工件 20:
  20       0               打印机3            0.00            24642.56        24642.56       
  20       1               批处理机1           24642.56        25752.56        1110.00        
  20       2               离散机7            32974.56        34156.56        1182.00        
  20       3               离散机5            34156.56        35381.56        1225.00        
  20       4               离散机6            37677.53        38937.53        1260.00        
  20       5               离散机9            38937.53        40153.53        1216.00        
  20       6               离散机10           57122.37        58042.37        920.00         

工件 21:
  21       0               打印机2            0.00            15288.28        15288.28       
  21       1               批处理机2           15288.28        16352.28        1064.00        
  21       2               离散机7            16352.28        17906.28        1554.00        
  21       3               离散机3            18173.28        19291.28        1118.00        
  21       4               离散机6            21918.28        23483.28        1565.00        

工件 22:
  22       0               打印机2            0.00            15288.28        15288.28       
  22       1               批处理机2           15288.28        16352.28        1064.00        

工件 23:
  23       0               打印机3            24642.56        44419.27        19776.71       
  23       1               批处理机2           44419.27        45483.27        1064.00        
  23       2               离散机9            45483.27        46523.27        1040.00        
  23       3               离散机3            46523.27        47620.27        1097.00        
  23       4               离散机6            47620.27        49197.27        1577.00        
  23       5               离散机10           49197.27        50802.27        1605.00        
  23       6               离散机9            50802.27        51899.27        1097.00        
  23       7               离散机3            51962.27        53578.27        1616.00        
  23       8               离散机5            60634.37        61872.37        1238.00        

工件 24:
  24       0               打印机3            0.00            24642.56        24642.56       
  24       1               批处理机1           24642.56        25752.56        1110.00        
  24       2               离散机3            25752.56        27082.56        1330.00        
  24       3               离散机3            27082.56        28481.56        1399.00        
  24       4               离散机5            31324.53        32390.53        1066.00        
  24       5               离散机4            34334.56        35726.56        1392.00        
  24       6               离散机10           35726.56        36903.56        1177.00        
  24       7               离散机8            36928.56        38346.56        1418.00        
  24       8               离散机4            62386.37        63737.37        1351.00        

工件 25:
  25       0               打印机2            0.00            15288.28        15288.28       
  25       1               批处理机2           15288.28        16352.28        1064.00        
  25       2               离散机3            17252.28        18173.28        921.00         
  25       3               离散机2            18776.28        20102.28        1326.00        
  25       4               离散机10           20102.28        21018.28        916.00         
  25       5               离散机1            21018.28        22064.28        1046.00        
  25       6               离散机9            22343.28        24061.28        1718.00        
  25       7               离散机10           33834.56        34962.56        1128.00        

工件 26:
  26       0               打印机5            39797.00        51994.00        12197.00       
  26       1               批处理机1           51994.00        53104.00        1110.00        
  26       2               离散机7            53104.00        54778.00        1674.00        
  26       3               离散机8            56153.37        57920.37        1767.00        
  26       4               离散机7            58661.37        60018.37        1357.00        
  26       5               离散机3            61190.41        62799.41        1609.00        
  26       6               离散机6            62874.41        64153.41        1279.00        
  26       7               离散机9            64153.41        65154.41        1001.00        
  26       8               离散机9            65154.41        66218.41        1064.00        
  26       9               离散机5            66218.41        67714.41        1496.00        

工件 27:
  27       0               打印机5            39797.00        51994.00        12197.00       
  27       1               批处理机1           51994.00        53104.00        1110.00        

工件 28:
  28       0               打印机2            0.00            15288.28        15288.28       
  28       1               批处理机2           15288.28        16352.28        1064.00        
  28       2               离散机2            16352.28        17688.28        1336.00        
  28       3               离散机5            20164.28        21746.28        1582.00        
  28       4               离散机10           21746.28        22954.28        1208.00        
  28       5               离散机10           22954.28        24020.28        1066.00        
  28       6               离散机6            24020.28        25051.28        1031.00        

工件 29:
  29       0               打印机3            24642.56        44419.27        19776.71       
  29       1               批处理机2           44419.27        45483.27        1064.00        
  29       2               离散机1            45483.27        46669.27        1186.00        
  29       3               离散机5            54783.37        55928.37        1145.00        

工件 30:
  30       0               打印机4            0.00            43052.24        43052.24       
  30       1               批处理机2           43052.24        44116.24        1064.00        
  30       2               离散机9            44116.24        45215.24        1099.00        
  30       3               离散机8            45884.00        46891.00        1007.00        
  30       4               离散机3            47620.27        48539.27        919.00         
  30       5               离散机5            50401.23        51325.23        924.00         
  30       6               离散机5            52374.23        53548.23        1174.00        
  30       7               离散机5            59491.37        60634.37        1143.00        
  30       8               离散机4            61009.37        62386.37        1377.00        
  30       9               离散机7            64749.41        65889.41        1140.00        

工件 31:
  31       0               打印机4            43052.24        56457.41        13405.18       
  31       1               批处理机2           56457.41        57521.41        1064.00        
  31       2               离散机1            57521.41        58935.41        1414.00        
  31       3               离散机8            58935.41        59867.41        932.00         
  31       4               离散机3            59867.41        61190.41        1323.00        
  31       5               离散机9            61190.41        62899.41        1709.00        
  31       6               离散机9            62899.41        64066.41        1167.00        

工件 32:
  32       0               打印机1            0.00            24999.49        24999.49       
  32       1               批处理机2           25526.53        26590.53        1064.00        
  32       2               离散机2            27578.53        28709.53        1131.00        
  32       3               离散机5            29918.53        31324.53        1406.00        
  32       4               离散机1            31324.53        32253.53        929.00         
  32       5               离散机2            32253.53        33948.53        1695.00        
  32       6               离散机4            38033.56        39126.56        1093.00        
  32       7               离散机10           39126.56        40202.56        1076.00        

工件 33:
  33       0               打印机2            0.00            15288.28        15288.28       
  33       1               批处理机2           15288.28        16352.28        1064.00        
  33       2               离散机7            17906.28        19100.28        1194.00        
  33       3               离散机5            19100.28        20164.28        1064.00        
  33       4               离散机9            20164.28        21187.28        1023.00        
  33       5               离散机9            21187.28        22343.28        1156.00        
  33       6               离散机5            23128.28        24067.28        939.00         
  33       7               离散机10           32427.56        33834.56        1407.00        

工件 34:
  34       0               打印机5            0.00            39797.00        39797.00       
  34       1               批处理机2           39797.00        40861.00        1064.00        
  34       2               离散机2            40861.00        42524.00        1663.00        
  34       3               离散机1            48410.27        49804.27        1394.00        
  34       4               离散机5            61872.37        63302.37        1430.00        

工件 35:
  35       0               打印机3            0.00            24642.56        24642.56       
  35       1               批处理机1           24642.56        25752.56        1110.00        
  35       2               离散机8            30633.56        32351.56        1718.00        
  35       3               离散机1            32351.56        33452.56        1101.00        

工件 36:
  36       0               打印机2            24462.53        52575.37        28112.84       
  36       1               批处理机2           52575.37        53639.37        1064.00        
  36       2               离散机9            53639.37        54633.37        994.00         
  36       3               离散机10           54936.37        55942.37        1006.00        
  36       4               离散机4            59720.37        61009.37        1289.00        
  36       5               离散机8            61364.41        62780.41        1416.00        
  36       6               离散机10           62780.41        63728.41        948.00         
  36       7               离散机7            63728.41        64749.41        1021.00        
  36       8               离散机5            64749.41        66201.41        1452.00        

工件 37:
  37       0               打印机5            0.00            39797.00        39797.00       
  37       1               批处理机2           39797.00        40861.00        1064.00        
  37       2               离散机1            42534.00        43692.00        1158.00        
  37       3               离散机5            58290.37        59491.37        1201.00        
  37       4               离散机6            60043.00        61234.00        1191.00        

工件 38:
  38       0               打印机1            0.00            24999.49        24999.49       
  38       1               批处理机2           25526.53        26590.53        1064.00        

工件 39:
  39       0               打印机5            0.00            39797.00        39797.00       
  39       1               批处理机2           39797.00        40861.00        1064.00        
  39       2               离散机9            40861.00        42161.00        1300.00        
  39       3               离散机10           42161.00        43099.00        938.00         
  39       4               离散机2            46403.00        47929.00        1526.00        
  39       5               离散机10           60915.37        62341.37        1426.00        

工件 40:
  40       0               打印机1            0.00            24999.49        24999.49       
  40       1               批处理机2           25526.53        26590.53        1064.00        
  40       2               离散机8            27796.53        28907.53        1111.00        
  40       3               离散机9            34021.56        35331.56        1310.00        
  40       4               离散机6            45960.85        47340.85        1380.00        
  40       5               离散机9            47552.27        48470.27        918.00         
  40       6               离散机4            54800.37        56121.37        1321.00        

工件 41:
  41       0               打印机2            0.00            15288.28        15288.28       
  41       1               批处理机2           15288.28        16352.28        1064.00        
  41       2               离散机7            19100.28        20121.28        1021.00        
  41       3               离散机2            20121.28        21818.28        1697.00        
  41       4               离散机4            22282.28        23185.28        903.00         
  41       5               离散机8            23185.28        24298.28        1113.00        
  41       6               离散机7            24298.28        25570.28        1272.00        
  41       7               离散机5            25570.28        26840.28        1270.00        

工件 42:
  42       0               打印机4            0.00            43052.24        43052.24       
  42       1               批处理机2           43052.24        44116.24        1064.00        
  42       2               离散机4            44551.00        45946.00        1395.00        
  42       3               离散机10           47972.27        49169.27        1197.00        

工件 43:
  43       0               打印机5            39797.00        51994.00        12197.00       
  43       1               批处理机1           51994.00        53104.00        1110.00        
  43       2               离散机3            57659.37        58697.37        1038.00        
  43       3               离散机1            58935.41        60391.41        1456.00        
  43       4               离散机3            62799.41        64094.41        1295.00        
  43       5               离散机1            64094.41        65190.41        1096.00        
  43       6               离散机6            66521.41        67558.41        1037.00        

工件 44:
  44       0               打印机5            0.00            39797.00        39797.00       
  44       1               批处理机2           39797.00        40861.00        1064.00        
  44       2               离散机6            41752.85        42738.85        986.00         

工件 45:
  45       0               打印机2            24462.53        52575.37        28112.84       
  45       1               批处理机2           52575.37        53639.37        1064.00        
  45       2               离散机3            53639.37        54960.37        1321.00        
  45       3               离散机8            54960.37        56153.37        1193.00        
  45       4               离散机5            56153.37        57367.37        1214.00        
  45       5               离散机8            59867.41        61364.41        1497.00        
  45       6               离散机6            61364.41        62874.41        1510.00        
  45       7               离散机2            62874.41        64073.41        1199.00        
  45       8               离散机4            64073.41        65698.41        1625.00        

工件 46:
  46       0               打印机3            0.00            24642.56        24642.56       
  46       1               批处理机1           24642.56        25752.56        1110.00        
  46       2               离散机1            27817.56        28862.56        1045.00        
  46       3               离散机6            33030.53        34033.53        1003.00        
  46       4               离散机3            34626.56        35712.56        1086.00        
  46       5               离散机1            35727.56        36663.56        936.00         
  46       6               离散机1            36663.56        37735.56        1072.00        
  46       7               离散机3            37735.56        38969.56        1234.00        

工件 47:
  47       0               打印机5            0.00            39797.00        39797.00       
  47       1               批处理机2           39797.00        40861.00        1064.00        
  47       2               离散机2            42524.00        43777.00        1253.00        
  47       3               离散机5            43777.00        44929.00        1152.00        
  47       4               离散机10           46922.27        47972.27        1050.00        
  47       5               离散机5            49063.23        50401.23        1338.00        
  47       6               离散机3            50519.27        51962.27        1443.00        
  47       7               离散机2            53948.00        55053.00        1105.00        
  47       8               离散机1            61538.41        62845.41        1307.00        

工件 48:
  48       0               打印机3            24642.56        44419.27        19776.71       
  48       1               批处理机2           44419.27        45483.27        1064.00        
  48       2               离散机10           45483.27        46922.27        1439.00        

工件 49:
  49       0               打印机1            24999.49        38293.85        13294.36       
  49       1               批处理机2           38293.85        39357.85        1064.00        
  49       2               离散机6            39357.85        40806.85        1449.00        
  49       3               离散机6            40806.85        41752.85        946.00         
  49       4               离散机7            43143.00        44694.00        1551.00        

工件 50:
  50       0               打印机5            0.00            39797.00        39797.00       
  50       1               批处理机2           39797.00        40861.00        1064.00        
  50       2               离散机10           40861.00        41989.00        1128.00        

工件 51:
  51       0               打印机5            0.00            39797.00        39797.00       
  51       1               批处理机2           39797.00        40861.00        1064.00        
  51       2               离散机4            43388.00        44551.00        1163.00        

工件 52:
  52       0               打印机2            0.00            15288.28        15288.28       
  52       1               批处理机2           15288.28        16352.28        1064.00        
  52       2               离散机1            16352.28        17470.28        1118.00        
  52       3               离散机4            20487.28        22282.28        1795.00        
  52       4               离散机1            22282.28        23304.28        1022.00        
  52       5               离散机3            23304.28        24874.28        1570.00        
  52       6               离散机2            24874.28        25889.28        1015.00        
  52       7               离散机10           38182.56        39105.56        923.00         

工件 53:
  53       0               打印机5            0.00            39797.00        39797.00       
  53       1               批处理机2           39797.00        40861.00        1064.00        
  53       2               离散机7            42164.00        43143.00        979.00         
  53       3               离散机9            48470.27        49500.27        1030.00        

工件 54:
  54       0               打印机4            43052.24        56457.41        13405.18       
  54       1               批处理机2           56457.41        57521.41        1064.00        
  54       2               离散机2            57521.41        58480.41        959.00         

工件 55:
  55       0               打印机1            0.00            24999.49        24999.49       
  55       1               批处理机2           25526.53        26590.53        1064.00        
  55       2               离散机4            26590.53        28049.53        1459.00        
  55       3               离散机10           28094.56        29556.56        1462.00        
  55       4               离散机7            30688.56        31856.56        1168.00        
  55       5               离散机3            31856.56        33395.56        1539.00        
  55       6               离散机8            35718.56        36928.56        1210.00        
  55       7               离散机1            37735.56        39133.56        1398.00        

工件 56:
  56       0               打印机1            46229.23        51062.05        4832.82        
  56       1               批处理机2           51062.05        52126.05        1064.00        

工件 57:
  57       0               打印机3            0.00            24642.56        24642.56       
  57       1               批处理机1           24642.56        25752.56        1110.00        
  57       2               离散机6            44834.85        45960.85        1126.00        
  57       3               离散机8            57920.37        58907.37        987.00         

工件 58:
  58       0               打印机2            0.00            15288.28        15288.28       
  58       1               批处理机2           15288.28        16352.28        1064.00        
  58       2               离散机2            17688.28        18776.28        1088.00        
  58       3               离散机3            19291.28        20809.28        1518.00        
  58       4               离散机6            20809.28        21918.28        1109.00        
  58       5               离散机5            21918.28        23128.28        1210.00        

工件 59:
  59       0               打印机1            0.00            24999.49        24999.49       
  59       1               批处理机2           25526.53        26590.53        1064.00        
  59       2               离散机10           26706.56        28094.56        1388.00        
  59       3               离散机3            29516.56        30461.56        945.00         
  59       4               离散机4            33092.56        34334.56        1242.00        
  59       5               离散机4            37099.56        38033.56        934.00         
  59       6               离散机7            61167.37        62636.37        1469.00        

工件 60:
  60       0               打印机1            38293.85        46229.23        7935.38        
  60       1               批处理机2           46229.23        47293.23        1064.00        
  60       2               离散机4            47293.23        48311.23        1018.00        

工件 61:
  61       0               打印机1            38293.85        46229.23        7935.38        
  61       1               批处理机2           46229.23        47293.23        1064.00        

工件 62:
  62       0               打印机4            0.00            43052.24        43052.24       
  62       1               批处理机2           43052.24        44116.24        1064.00        
  62       2               离散机4            45946.00        47229.00        1283.00        

工件 63:
  63       0               打印机5            39797.00        51994.00        12197.00       
  63       1               批处理机1           51994.00        53104.00        1110.00        

工件 64:
  64       0               打印机2            15288.28        24462.53        9174.25        
  64       1               批处理机2           24462.53        25526.53        1064.00        
  64       2               离散机9            26810.53        28011.53        1201.00        

工件 65:
  65       0               打印机2            0.00            15288.28        15288.28       
  65       1               批处理机2           15288.28        16352.28        1064.00        
  65       2               离散机9            16352.28        17758.28        1406.00        
  65       3               离散机9            17758.28        19224.28        1466.00        
  65       4               离散机2            21818.28        23608.28        1790.00        
  65       5               离散机9            24061.28        25445.28        1384.00        
  65       6               离散机7            25570.28        26595.28        1025.00        

工件 66:
  66       0               打印机4            0.00            43052.24        43052.24       
  66       1               批处理机2           43052.24        44116.24        1064.00        
  66       2               离散机1            44116.24        45419.24        1303.00        
  66       3               离散机7            45419.24        46585.24        1166.00        
  66       4               离散机8            50468.27        51719.27        1251.00        
  66       5               离散机9            54633.37        55787.37        1154.00        
  66       6               离散机1            62845.41        63971.41        1126.00        

工件 67:
  67       0               打印机5            0.00            39797.00        39797.00       
  67       1               批处理机2           39797.00        40861.00        1064.00        
  67       2               离散机9            42161.00        43092.00        931.00         
  67       3               离散机4            48311.23        49635.23        1324.00        
  67       4               离散机10           52291.27        53228.27        937.00         
  67       5               离散机7            56389.00        57649.00        1260.00        

工件 68:
  68       0               打印机1            0.00            24999.49        24999.49       
  68       1               批处理机2           25526.53        26590.53        1064.00        
  68       2               离散机7            29324.56        30688.56        1364.00        
  68       3               离散机4            31647.56        33092.56        1445.00        
  68       4               离散机9            33092.56        34021.56        929.00         

工件 69:
  69       0               打印机1            0.00            24999.49        24999.49       
  69       1               批处理机2           25526.53        26590.53        1064.00        
  69       2               离散机8            26590.53        27796.53        1206.00        
  69       3               离散机7            27813.56        29324.56        1511.00        
  69       4               离散机8            29324.56        30633.56        1309.00        
  69       5               离散机4            30633.56        31647.56        1014.00        
  69       6               离散机8            32351.56        33585.56        1234.00        
  69       7               离散机7            34156.56        35781.56        1625.00        
  69       8               离散机9            36659.53        37657.53        998.00         

工件 70:
  70       0               打印机2            0.00            15288.28        15288.28       
  70       1               批处理机2           15288.28        16352.28        1064.00        
  70       2               离散机10           18458.28        19640.28        1182.00        

工件 71:
  71       0               打印机1            46229.23        51062.05        4832.82        
  71       1               批处理机2           51062.05        52126.05        1064.00        
  71       2               离散机9            52126.05        53195.05        1069.00        
  71       3               离散机4            58052.37        59720.37        1668.00        
  71       4               离散机2            59720.37        60874.37        1154.00        

工件 72:
  72       0               打印机2            0.00            15288.28        15288.28       
  72       1               批处理机2           15288.28        16352.28        1064.00        
  72       2               离散机4            16352.28        17737.28        1385.00        
  72       3               离散机1            17737.28        19228.28        1491.00        
  72       4               离散机4            19228.28        20487.28        1259.00        
  72       5               离散机7            20487.28        22056.28        1569.00        
  72       6               离散机10           24020.28        25394.28        1374.00        
  72       7               离散机5            35381.56        36517.56        1136.00        
  72       8               离散机5            63302.37        64694.37        1392.00        

工件 73:
  73       0               打印机5            0.00            39797.00        39797.00       
  73       1               批处理机2           39797.00        40861.00        1064.00        
  73       2               离散机1            53185.27        54220.27        1035.00        

工件 74:
  74       0               打印机1            24999.49        38293.85        13294.36       
  74       1               批处理机2           38293.85        39357.85        1064.00        
  74       2               离散机3            39357.85        40386.85        1029.00        
  74       3               离散机7            46585.24        47830.24        1245.00        
  74       4               离散机2            56063.00        57254.00        1191.00        

工件 75:
  75       0               打印机2            24462.53        52575.37        28112.84       
  75       1               批处理机2           52575.37        53639.37        1064.00        
  75       2               离散机4            53639.37        54800.37        1161.00        
  75       3               离散机1            54800.37        55945.37        1145.00        
  75       4               离散机1            55945.37        57200.37        1255.00        
  75       5               离散机10           59249.37        60915.37        1666.00        
  75       6               离散机7            62636.37        63554.37        918.00         

工件 76:
  76       0               打印机1            38293.85        46229.23        7935.38        
  76       1               批处理机2           46229.23        47293.23        1064.00        

工件 77:
  77       0               打印机4            43052.24        56457.41        13405.18       
  77       1               批处理机2           56457.41        57521.41        1064.00        
  77       2               离散机7            60018.37        61167.37        1149.00        
  77       3               离散机6            64153.41        65194.41        1041.00        
  77       4               离散机1            65194.41        66622.41        1428.00        

工件 78:
  78       0               打印机4            43052.24        56457.41        13405.18       
  78       1               批处理机2           56457.41        57521.41        1064.00        
  78       2               离散机1            60391.41        61538.41        1147.00        

工件 79:
  79       0               打印机3            24642.56        44419.27        19776.71       
  79       1               批处理机2           44419.27        45483.27        1064.00        
  79       2               离散机5            57367.37        58290.37        923.00         

工件 80:
  80       0               打印机2            15288.28        24462.53        9174.25        
  80       1               批处理机2           24462.53        25526.53        1064.00        

工件 81:
  81       0               打印机1            0.00            24999.49        24999.49       
  81       1               批处理机2           25526.53        26590.53        1064.00        
  81       2               离散机6            36413.53        37677.53        1264.00        
  81       3               离散机8            38346.56        39534.56        1188.00        

工件 82:
  82       0               打印机4            0.00            43052.24        43052.24       
  82       1               批处理机2           43052.24        44116.24        1064.00        
  82       2               离散机3            44116.24        45715.24        1599.00        
  82       3               离散机1            51269.27        52179.27        910.00         

工件 83:
  83       0               打印机5            0.00            39797.00        39797.00       
  83       1               批处理机2           39797.00        40861.00        1064.00        
  83       2               离散机4            40861.00        42082.00        1221.00        
  83       3               离散机8            46891.00        47877.00        986.00         
  83       4               离散机7            47877.00        49371.00        1494.00        
  83       5               离散机6            49371.00        50351.00        980.00         
  83       6               离散机4            50351.00        51777.00        1426.00        
  83       7               离散机9            56861.37        58262.37        1401.00        

工件 84:
  84       0               打印机4            0.00            43052.24        43052.24       
  84       1               批处理机2           43052.24        44116.24        1064.00        

工件 85:
  85       0               打印机1            0.00            24999.49        24999.49       
  85       1               批处理机2           25526.53        26590.53        1064.00        
  85       2               离散机6            28832.53        30074.53        1242.00        
  85       3               离散机9            30823.53        32494.53        1671.00        

工件 86:
  86       0               打印机2            24462.53        52575.37        28112.84       
  86       1               批处理机2           52575.37        53639.37        1064.00        
  86       2               离散机5            53639.37        54783.37        1144.00        
  86       3               离散机3            54960.37        56280.37        1320.00        
  86       4               离散机4            56280.37        58052.37        1772.00        
  86       5               离散机10           58052.37        59249.37        1197.00        

工件 87:
  87       0               打印机2            15288.28        24462.53        9174.25        
  87       1               批处理机2           24462.53        25526.53        1064.00        
  87       2               离散机6            34033.53        35386.53        1353.00        
  87       3               离散机9            35386.53        36659.53        1273.00        
  87       4               离散机6            56306.00        57966.00        1660.00        

工件 88:
  88       0               打印机2            0.00            15288.28        15288.28       
  88       1               批处理机2           15288.28        16352.28        1064.00        
  88       2               离散机7            22056.28        23363.28        1307.00        
  88       3               离散机8            24298.28        25597.28        1299.00        
  88       4               离散机3            30461.56        31591.56        1130.00        

工件 89:
  89       0               打印机1            38293.85        46229.23        7935.38        
  89       1               批处理机2           46229.23        47293.23        1064.00        
  89       2               离散机5            47293.23        49063.23        1770.00        
  89       3               离散机1            52179.27        53185.27        1006.00        

工件 90:
  90       0               打印机4            0.00            43052.24        43052.24       
  90       1               批处理机2           43052.24        44116.24        1064.00        
  90       2               离散机1            46669.27        48410.27        1741.00        

工件 91:
  91       0               打印机5            0.00            39797.00        39797.00       
  91       1               批处理机2           39797.00        40861.00        1064.00        
  91       2               离散机5            41844.00        43483.00        1639.00        

工件 92:
  92       0               打印机2            24462.53        52575.37        28112.84       
  92       1               批处理机2           52575.37        53639.37        1064.00        
  92       2               离散机6            55274.00        56306.00        1032.00        
  92       3               离散机2            58480.41        59675.41        1195.00        

工件 93:
  93       0               打印机4            0.00            43052.24        43052.24       
  93       1               批处理机2           43052.24        44116.24        1064.00        
  93       2               离散机2            44750.00        46403.00        1653.00        
  93       3               离散机9            46523.27        47552.27        1029.00        
  93       4               离散机10           50802.27        52291.27        1489.00        
  93       5               离散机9            55787.37        56861.37        1074.00        

工件 94:
  94       0               打印机3            0.00            24642.56        24642.56       
  94       1               批处理机1           24642.56        25752.56        1110.00        
  94       2               离散机6            30074.53        31514.53        1440.00        
  94       3               离散机3            35712.56        37263.56        1551.00        
  94       4               离散机10           37263.56        38182.56        919.00         
  94       5               离散机4            39126.56        40080.56        954.00         
  94       6               离散机2            55053.00        56063.00        1010.00        
  94       7               离散机2            64073.41        65667.41        1594.00        

工件 95:
  95       0               打印机5            0.00            39797.00        39797.00       
  95       1               批处理机2           39797.00        40861.00        1064.00        

工件 96:
  96       0               打印机2            15288.28        24462.53        9174.25        
  96       1               批处理机2           24462.53        25526.53        1064.00        
  96       2               离散机9            25526.53        26810.53        1284.00        
  96       3               离散机4            28049.53        29730.53        1681.00        
  96       4               离散机7            31856.56        32974.56        1118.00        
  96       5               离散机4            35726.56        37099.56        1373.00        
  96       6               离散机9            43092.00        44116.00        1024.00        
  96       7               离散机3            58697.37        59863.37        1166.00        
  96       8               离散机10           66284.41        67295.41        1011.00        

工件 97:
  97       0               打印机5            0.00            39797.00        39797.00       
  97       1               批处理机2           39797.00        40861.00        1064.00        
  97       2               离散机5            40861.00        41844.00        983.00         
  97       3               离散机1            49804.27        51269.27        1465.00        
  97       4               离散机6            51269.27        52732.27        1463.00        

工件 98:
  98       0               打印机1            24999.49        38293.85        13294.36       
  98       1               批处理机2           38293.85        39357.85        1064.00        

工件 99:
  99       0               打印机2            24462.53        52575.37        28112.84       
  99       1               批处理机2           52575.37        53639.37        1064.00        
  99       2               离散机10           53639.37        54936.37        1297.00        
  99       3               离散机3            56280.37        57659.37        1379.00        
  99       4               离散机7            57659.37        58661.37        1002.00        
  99       5               离散机8            62780.41        64208.41        1428.00        
  99       6               离散机10           64985.41        66284.41        1299.00        
  99       7               离散机9            66284.41        67352.41        1068.00        

【机器加工顺序记录】
----------------------------------------------------------------------------------------------------

打印机1:
工件号      工序号             开始时间            结束时间            加工时长           
--------------------------------------------------------------------------------
  1        0               0.00            24999.49        24999.49       
  7        0               0.00            24999.49        24999.49       
  8        0               0.00            24999.49        24999.49       
  10       0               0.00            24999.49        24999.49       
  19       0               0.00            24999.49        24999.49       
  32       0               0.00            24999.49        24999.49       
  38       0               0.00            24999.49        24999.49       
  40       0               0.00            24999.49        24999.49       
  55       0               0.00            24999.49        24999.49       
  59       0               0.00            24999.49        24999.49       
  68       0               0.00            24999.49        24999.49       
  69       0               0.00            24999.49        24999.49       
  81       0               0.00            24999.49        24999.49       
  85       0               0.00            24999.49        24999.49       
  6        0               24999.49        38293.85        13294.36       
  11       0               24999.49        38293.85        13294.36       
  18       0               24999.49        38293.85        13294.36       
  49       0               24999.49        38293.85        13294.36       
  74       0               24999.49        38293.85        13294.36       
  98       0               24999.49        38293.85        13294.36       
  2        0               38293.85        46229.23        7935.38        
  60       0               38293.85        46229.23        7935.38        
  61       0               38293.85        46229.23        7935.38        
  76       0               38293.85        46229.23        7935.38        
  89       0               38293.85        46229.23        7935.38        
  56       0               46229.23        51062.05        4832.82        
  71       0               46229.23        51062.05        4832.82        

  机器利用率: 707.53% (忙碌时间: 479101.54 / 总时间: 67714.41)

打印机2:
工件号      工序号             开始时间            结束时间            加工时长           
--------------------------------------------------------------------------------
  0        0               0.00            15288.28        15288.28       
  12       0               0.00            15288.28        15288.28       
  21       0               0.00            15288.28        15288.28       
  22       0               0.00            15288.28        15288.28       
  25       0               0.00            15288.28        15288.28       
  28       0               0.00            15288.28        15288.28       
  33       0               0.00            15288.28        15288.28       
  41       0               0.00            15288.28        15288.28       
  52       0               0.00            15288.28        15288.28       
  58       0               0.00            15288.28        15288.28       
  65       0               0.00            15288.28        15288.28       
  70       0               0.00            15288.28        15288.28       
  72       0               0.00            15288.28        15288.28       
  88       0               0.00            15288.28        15288.28       
  16       0               15288.28        24462.53        9174.25        
  64       0               15288.28        24462.53        9174.25        
  80       0               15288.28        24462.53        9174.25        
  87       0               15288.28        24462.53        9174.25        
  96       0               15288.28        24462.53        9174.25        
  36       0               24462.53        52575.37        28112.84       
  45       0               24462.53        52575.37        28112.84       
  75       0               24462.53        52575.37        28112.84       
  86       0               24462.53        52575.37        28112.84       
  92       0               24462.53        52575.37        28112.84       
  99       0               24462.53        52575.37        28112.84       

  机器利用率: 632.93% (忙碌时间: 428584.21 / 总时间: 67714.41)

打印机3:
工件号      工序号             开始时间            结束时间            加工时长           
--------------------------------------------------------------------------------
  3        0               0.00            24642.56        24642.56       
  4        0               0.00            24642.56        24642.56       
  9        0               0.00            24642.56        24642.56       
  17       0               0.00            24642.56        24642.56       
  20       0               0.00            24642.56        24642.56       
  24       0               0.00            24642.56        24642.56       
  35       0               0.00            24642.56        24642.56       
  46       0               0.00            24642.56        24642.56       
  57       0               0.00            24642.56        24642.56       
  94       0               0.00            24642.56        24642.56       
  23       0               24642.56        44419.27        19776.71       
  29       0               24642.56        44419.27        19776.71       
  48       0               24642.56        44419.27        19776.71       
  79       0               24642.56        44419.27        19776.71       

  机器利用率: 480.74% (忙碌时间: 325532.44 / 总时间: 67714.41)

打印机4:
工件号      工序号             开始时间            结束时间            加工时长           
--------------------------------------------------------------------------------
  30       0               0.00            43052.24        43052.24       
  42       0               0.00            43052.24        43052.24       
  62       0               0.00            43052.24        43052.24       
  66       0               0.00            43052.24        43052.24       
  82       0               0.00            43052.24        43052.24       
  84       0               0.00            43052.24        43052.24       
  90       0               0.00            43052.24        43052.24       
  93       0               0.00            43052.24        43052.24       
  31       0               43052.24        56457.41        13405.18       
  54       0               43052.24        56457.41        13405.18       
  77       0               43052.24        56457.41        13405.18       
  78       0               43052.24        56457.41        13405.18       

  机器利用率: 587.82% (忙碌时间: 398038.59 / 总时间: 67714.41)

打印机5:
工件号      工序号             开始时间            结束时间            加工时长           
--------------------------------------------------------------------------------
  5        0               0.00            39797.00        39797.00       
  13       0               0.00            39797.00        39797.00       
  14       0               0.00            39797.00        39797.00       
  15       0               0.00            39797.00        39797.00       
  34       0               0.00            39797.00        39797.00       
  37       0               0.00            39797.00        39797.00       
  39       0               0.00            39797.00        39797.00       
  44       0               0.00            39797.00        39797.00       
  47       0               0.00            39797.00        39797.00       
  50       0               0.00            39797.00        39797.00       
  51       0               0.00            39797.00        39797.00       
  53       0               0.00            39797.00        39797.00       
  67       0               0.00            39797.00        39797.00       
  73       0               0.00            39797.00        39797.00       
  83       0               0.00            39797.00        39797.00       
  91       0               0.00            39797.00        39797.00       
  95       0               0.00            39797.00        39797.00       
  97       0               0.00            39797.00        39797.00       
  26       0               39797.00        51994.00        12197.00       
  27       0               39797.00        51994.00        12197.00       
  43       0               39797.00        51994.00        12197.00       
  63       0               39797.00        51994.00        12197.00       

  机器利用率: 1129.94% (忙碌时间: 765134.00 / 总时间: 67714.41)

批处理机1:
工件号      工序号             开始时间            结束时间            加工时长           
--------------------------------------------------------------------------------
  3        1               24642.56        25752.56        1110.00        
  4        1               24642.56        25752.56        1110.00        
  9        1               24642.56        25752.56        1110.00        
  17       1               24642.56        25752.56        1110.00        
  20       1               24642.56        25752.56        1110.00        
  24       1               24642.56        25752.56        1110.00        
  35       1               24642.56        25752.56        1110.00        
  46       1               24642.56        25752.56        1110.00        
  57       1               24642.56        25752.56        1110.00        
  94       1               24642.56        25752.56        1110.00        
  26       1               51994.00        53104.00        1110.00        
  27       1               51994.00        53104.00        1110.00        
  43       1               51994.00        53104.00        1110.00        
  63       1               51994.00        53104.00        1110.00        

  机器利用率: 22.95% (忙碌时间: 15540.00 / 总时间: 67714.41)

批处理机2:
工件号      工序号             开始时间            结束时间            加工时长           
--------------------------------------------------------------------------------
  0        1               15288.28        16352.28        1064.00        
  12       1               15288.28        16352.28        1064.00        
  21       1               15288.28        16352.28        1064.00        
  22       1               15288.28        16352.28        1064.00        
  25       1               15288.28        16352.28        1064.00        
  28       1               15288.28        16352.28        1064.00        
  33       1               15288.28        16352.28        1064.00        
  41       1               15288.28        16352.28        1064.00        
  52       1               15288.28        16352.28        1064.00        
  58       1               15288.28        16352.28        1064.00        
  65       1               15288.28        16352.28        1064.00        
  70       1               15288.28        16352.28        1064.00        
  72       1               15288.28        16352.28        1064.00        
  88       1               15288.28        16352.28        1064.00        
  16       1               24462.53        25526.53        1064.00        
  64       1               24462.53        25526.53        1064.00        
  80       1               24462.53        25526.53        1064.00        
  87       1               24462.53        25526.53        1064.00        
  96       1               24462.53        25526.53        1064.00        
  1        1               25526.53        26590.53        1064.00        
  7        1               25526.53        26590.53        1064.00        
  8        1               25526.53        26590.53        1064.00        
  10       1               25526.53        26590.53        1064.00        
  19       1               25526.53        26590.53        1064.00        
  32       1               25526.53        26590.53        1064.00        
  38       1               25526.53        26590.53        1064.00        
  40       1               25526.53        26590.53        1064.00        
  55       1               25526.53        26590.53        1064.00        
  59       1               25526.53        26590.53        1064.00        
  68       1               25526.53        26590.53        1064.00        
  69       1               25526.53        26590.53        1064.00        
  81       1               25526.53        26590.53        1064.00        
  85       1               25526.53        26590.53        1064.00        
  6        1               38293.85        39357.85        1064.00        
  11       1               38293.85        39357.85        1064.00        
  18       1               38293.85        39357.85        1064.00        
  49       1               38293.85        39357.85        1064.00        
  74       1               38293.85        39357.85        1064.00        
  98       1               38293.85        39357.85        1064.00        
  5        1               39797.00        40861.00        1064.00        
  13       1               39797.00        40861.00        1064.00        
  14       1               39797.00        40861.00        1064.00        
  15       1               39797.00        40861.00        1064.00        
  34       1               39797.00        40861.00        1064.00        
  37       1               39797.00        40861.00        1064.00        
  39       1               39797.00        40861.00        1064.00        
  44       1               39797.00        40861.00        1064.00        
  47       1               39797.00        40861.00        1064.00        
  50       1               39797.00        40861.00        1064.00        
  51       1               39797.00        40861.00        1064.00        
  53       1               39797.00        40861.00        1064.00        
  67       1               39797.00        40861.00        1064.00        
  73       1               39797.00        40861.00        1064.00        
  83       1               39797.00        40861.00        1064.00        
  91       1               39797.00        40861.00        1064.00        
  95       1               39797.00        40861.00        1064.00        
  97       1               39797.00        40861.00        1064.00        
  30       1               43052.24        44116.24        1064.00        
  42       1               43052.24        44116.24        1064.00        
  62       1               43052.24        44116.24        1064.00        
  66       1               43052.24        44116.24        1064.00        
  82       1               43052.24        44116.24        1064.00        
  84       1               43052.24        44116.24        1064.00        
  90       1               43052.24        44116.24        1064.00        
  93       1               43052.24        44116.24        1064.00        
  23       1               44419.27        45483.27        1064.00        
  29       1               44419.27        45483.27        1064.00        
  48       1               44419.27        45483.27        1064.00        
  79       1               44419.27        45483.27        1064.00        
  2        1               46229.23        47293.23        1064.00        
  60       1               46229.23        47293.23        1064.00        
  61       1               46229.23        47293.23        1064.00        
  76       1               46229.23        47293.23        1064.00        
  89       1               46229.23        47293.23        1064.00        
  56       1               51062.05        52126.05        1064.00        
  71       1               51062.05        52126.05        1064.00        
  36       1               52575.37        53639.37        1064.00        
  45       1               52575.37        53639.37        1064.00        
  75       1               52575.37        53639.37        1064.00        
  86       1               52575.37        53639.37        1064.00        
  92       1               52575.37        53639.37        1064.00        
  99       1               52575.37        53639.37        1064.00        
  31       1               56457.41        57521.41        1064.00        
  54       1               56457.41        57521.41        1064.00        
  77       1               56457.41        57521.41        1064.00        
  78       1               56457.41        57521.41        1064.00        

  机器利用率: 135.13% (忙碌时间: 91504.00 / 总时间: 67714.41)

离散机1:
工件号      工序号             开始时间            结束时间            加工时长           
--------------------------------------------------------------------------------
  52       2               16352.28        17470.28        1118.00        
  72       3               17737.28        19228.28        1491.00        
  0        4               19228.28        20143.28        915.00         
  25       5               21018.28        22064.28        1046.00        
  52       4               22282.28        23304.28        1022.00        
  3        2               25752.56        26684.56        932.00         
  4        2               26684.56        27817.56        1133.00        
  46       2               27817.56        28862.56        1045.00        
  32       4               31324.53        32253.53        929.00         
  35       3               32351.56        33452.56        1101.00        
  7        4               34801.56        35727.56        926.00         
  46       5               35727.56        36663.56        936.00         
  46       6               36663.56        37735.56        1072.00        
  55       7               37735.56        39133.56        1398.00        
  8        6               39671.56        40704.56        1033.00        
  5        2               40861.00        42534.00        1673.00        
  37       2               42534.00        43692.00        1158.00        
  66       2               44116.24        45419.24        1303.00        
  29       2               45483.27        46669.27        1186.00        
  90       2               46669.27        48410.27        1741.00        
  34       3               48410.27        49804.27        1394.00        
  97       3               49804.27        51269.27        1465.00        
  82       3               51269.27        52179.27        910.00         
  89       3               52179.27        53185.27        1006.00        
  73       2               53185.27        54220.27        1035.00        
  75       3               54800.37        55945.37        1145.00        
  75       4               55945.37        57200.37        1255.00        
  31       2               57521.41        58935.41        1414.00        
  43       3               58935.41        60391.41        1456.00        
  78       2               60391.41        61538.41        1147.00        
  47       8               61538.41        62845.41        1307.00        
  66       6               62845.41        63971.41        1126.00        
  43       5               64094.41        65190.41        1096.00        
  77       4               65194.41        66622.41        1428.00        

  机器利用率: 59.58% (忙碌时间: 40342.00 / 总时间: 67714.41)

离散机2:
工件号      工序号             开始时间            结束时间            加工时长           
--------------------------------------------------------------------------------
  28       2               16352.28        17688.28        1336.00        
  58       2               17688.28        18776.28        1088.00        
  25       3               18776.28        20102.28        1326.00        
  41       3               20121.28        21818.28        1697.00        
  65       4               21818.28        23608.28        1790.00        
  52       6               24874.28        25889.28        1015.00        
  7        2               26590.53        27578.53        988.00         
  32       2               27578.53        28709.53        1131.00        
  16       2               28709.53        30499.53        1790.00        
  3        4               30499.53        31497.53        998.00         
  32       5               32253.53        33948.53        1695.00        
  10       5               33948.53        35677.53        1729.00        
  7        5               35727.56        37072.56        1345.00        
  8        4               37072.56        38683.56        1611.00        
  4        6               38683.56        39705.56        1022.00        
  17       7               39705.56        40676.56        971.00         
  34       2               40861.00        42524.00        1663.00        
  47       2               42524.00        43777.00        1253.00        
  5        4               43830.00        44750.00        920.00         
  93       2               44750.00        46403.00        1653.00        
  39       4               46403.00        47929.00        1526.00        
  6        3               47929.00        49594.00        1665.00        
  5        5               49594.00        50765.00        1171.00        
  5        6               50765.00        51665.00        900.00         
  6        4               51665.00        52858.00        1193.00        
  15       4               52858.00        53948.00        1090.00        
  47       7               53948.00        55053.00        1105.00        
  94       6               55053.00        56063.00        1010.00        
  74       4               56063.00        57254.00        1191.00        
  54       2               57521.41        58480.41        959.00         
  92       3               58480.41        59675.41        1195.00        
  71       4               59720.37        60874.37        1154.00        
  1        4               60874.37        61798.37        924.00         
  13       7               61798.37        62779.37        981.00         
  45       7               62874.41        64073.41        1199.00        
  94       7               64073.41        65667.41        1594.00        

  机器利用率: 67.75% (忙碌时间: 45878.00 / 总时间: 67714.41)

离散机3:
工件号      工序号             开始时间            结束时间            加工时长           
--------------------------------------------------------------------------------
  0        2               16352.28        17252.28        900.00         
  25       2               17252.28        18173.28        921.00         
  21       3               18173.28        19291.28        1118.00        
  58       3               19291.28        20809.28        1518.00        
  0        5               20809.28        22301.28        1492.00        
  52       5               23304.28        24874.28        1570.00        
  24       2               25752.56        27082.56        1330.00        
  24       3               27082.56        28481.56        1399.00        
  1        2               28481.56        29516.56        1035.00        
  59       3               29516.56        30461.56        945.00         
  88       4               30461.56        31591.56        1130.00        
  55       5               31856.56        33395.56        1539.00        
  4        4               33395.56        34626.56        1231.00        
  46       4               34626.56        35712.56        1086.00        
  94       3               35712.56        37263.56        1551.00        
  46       7               37735.56        38969.56        1234.00        
  74       2               39357.85        40386.85        1029.00        
  13       2               40861.00        42318.00        1457.00        
  11       2               42318.00        43699.00        1381.00        
  82       2               44116.24        45715.24        1599.00        
  23       3               46523.27        47620.27        1097.00        
  30       4               47620.27        48539.27        919.00         
  11       4               48539.27        49530.27        991.00         
  15       3               49530.27        50519.27        989.00         
  47       6               50519.27        51962.27        1443.00        
  23       7               51962.27        53578.27        1616.00        
  45       2               53639.37        54960.37        1321.00        
  86       3               54960.37        56280.37        1320.00        
  99       3               56280.37        57659.37        1379.00        
  43       2               57659.37        58697.37        1038.00        
  96       7               58697.37        59863.37        1166.00        
  31       4               59867.41        61190.41        1323.00        
  26       5               61190.41        62799.41        1609.00        
  43       4               62799.41        64094.41        1295.00        
  15       6               64094.41        65324.41        1230.00        
  15       7               65324.41        66265.41        941.00         

  机器利用率: 66.67% (忙碌时间: 45142.00 / 总时间: 67714.41)

离散机4:
工件号      工序号             开始时间            结束时间            加工时长           
--------------------------------------------------------------------------------
  72       2               16352.28        17737.28        1385.00        
  72       4               19228.28        20487.28        1259.00        
  52       3               20487.28        22282.28        1795.00        
  41       4               22282.28        23185.28        903.00         
  55       2               26590.53        28049.53        1459.00        
  96       3               28049.53        29730.53        1681.00        
  69       5               30633.56        31647.56        1014.00        
  68       3               31647.56        33092.56        1445.00        
  59       4               33092.56        34334.56        1242.00        
  24       5               34334.56        35726.56        1392.00        
  96       5               35726.56        37099.56        1373.00        
  59       5               37099.56        38033.56        934.00         
  32       6               38033.56        39126.56        1093.00        
  94       5               39126.56        40080.56        954.00         
  83       2               40861.00        42082.00        1221.00        
  14       3               42164.00        43388.00        1224.00        
  51       2               43388.00        44551.00        1163.00        
  42       2               44551.00        45946.00        1395.00        
  62       2               45946.00        47229.00        1283.00        
  60       2               47293.23        48311.23        1018.00        
  67       3               48311.23        49635.23        1324.00        
  83       6               50351.00        51777.00        1426.00        
  8        7               51777.00        53438.00        1661.00        
  75       2               53639.37        54800.37        1161.00        
  40       6               54800.37        56121.37        1321.00        
  86       4               56280.37        58052.37        1772.00        
  71       3               58052.37        59720.37        1668.00        
  36       4               59720.37        61009.37        1289.00        
  30       8               61009.37        62386.37        1377.00        
  24       8               62386.37        63737.37        1351.00        
  45       8               64073.41        65698.41        1625.00        

  机器利用率: 60.86% (忙碌时间: 41208.00 / 总时间: 67714.41)

离散机5:
工件号      工序号             开始时间            结束时间            加工时长           
--------------------------------------------------------------------------------
  33       3               19100.28        20164.28        1064.00        
  28       3               20164.28        21746.28        1582.00        
  58       5               21918.28        23128.28        1210.00        
  33       6               23128.28        24067.28        939.00         
  41       7               25570.28        26840.28        1270.00        
  10       3               27594.53        28662.53        1068.00        
  8        2               28662.53        29918.53        1256.00        
  32       3               29918.53        31324.53        1406.00        
  24       4               31324.53        32390.53        1066.00        
  17       6               32390.53        33811.53        1421.00        
  20       3               34156.56        35381.56        1225.00        
  72       7               35381.56        36517.56        1136.00        
  9        3               37066.56        37979.56        913.00         
  8        5               38683.56        39671.56        988.00         
  97       2               40861.00        41844.00        983.00         
  91       2               41844.00        43483.00        1639.00        
  47       3               43777.00        44929.00        1152.00        
  13       4               44929.00        46605.00        1676.00        
  89       2               47293.23        49063.23        1770.00        
  47       5               49063.23        50401.23        1338.00        
  30       5               50401.23        51325.23        924.00         
  13       5               51325.23        52374.23        1049.00        
  30       6               52374.23        53548.23        1174.00        
  86       2               53639.37        54783.37        1144.00        
  29       3               54783.37        55928.37        1145.00        
  45       4               56153.37        57367.37        1214.00        
  79       2               57367.37        58290.37        923.00         
  37       3               58290.37        59491.37        1201.00        
  30       7               59491.37        60634.37        1143.00        
  23       8               60634.37        61872.37        1238.00        
  34       4               61872.37        63302.37        1430.00        
  72       8               63302.37        64694.37        1392.00        
  36       8               64749.41        66201.41        1452.00        
  26       9               66218.41        67714.41        1496.00        

  机器利用率: 62.07% (忙碌时间: 42027.00 / 总时间: 67714.41)

离散机6:
工件号      工序号             开始时间            结束时间            加工时长           
--------------------------------------------------------------------------------
  58       4               20809.28        21918.28        1109.00        
  21       4               21918.28        23483.28        1565.00        
  28       6               24020.28        25051.28        1031.00        
  10       2               26590.53        27594.53        1004.00        
  17       3               27594.53        28832.53        1238.00        
  85       2               28832.53        30074.53        1242.00        
  94       2               30074.53        31514.53        1440.00        
  10       4               31514.53        33030.53        1516.00        
  46       3               33030.53        34033.53        1003.00        
  87       2               34033.53        35386.53        1353.00        
  8        3               35386.53        36413.53        1027.00        
  81       2               36413.53        37677.53        1264.00        
  20       4               37677.53        38937.53        1260.00        
  49       2               39357.85        40806.85        1449.00        
  49       3               40806.85        41752.85        946.00         
  44       2               41752.85        42738.85        986.00         
  6        2               42738.85        43743.85        1005.00        
  14       4               43743.85        44834.85        1091.00        
  57       2               44834.85        45960.85        1126.00        
  40       4               45960.85        47340.85        1380.00        
  23       4               47620.27        49197.27        1577.00        
  83       5               49371.00        50351.00        980.00         
  97       4               51269.27        52732.27        1463.00        
  14       7               52732.27        53944.27        1212.00        
  15       5               53948.00        55274.00        1326.00        
  92       2               55274.00        56306.00        1032.00        
  87       4               56306.00        57966.00        1660.00        
  3        6               57966.00        59124.00        1158.00        
  17       8               59124.00        60043.00        919.00         
  37       4               60043.00        61234.00        1191.00        
  45       6               61364.41        62874.41        1510.00        
  26       6               62874.41        64153.41        1279.00        
  77       3               64153.41        65194.41        1041.00        
  14       9               65194.41        66521.41        1327.00        
  43       6               66521.41        67558.41        1037.00        

  机器利用率: 63.13% (忙碌时间: 42747.00 / 总时间: 67714.41)

离散机7:
工件号      工序号             开始时间            结束时间            加工时长           
--------------------------------------------------------------------------------
  21       2               16352.28        17906.28        1554.00        
  33       2               17906.28        19100.28        1194.00        
  41       2               19100.28        20121.28        1021.00        
  72       5               20487.28        22056.28        1569.00        
  88       2               22056.28        23363.28        1307.00        
  41       6               24298.28        25570.28        1272.00        
  65       6               25570.28        26595.28        1025.00        
  3        3               26684.56        27813.56        1129.00        
  69       3               27813.56        29324.56        1511.00        
  68       2               29324.56        30688.56        1364.00        
  55       4               30688.56        31856.56        1168.00        
  96       4               31856.56        32974.56        1118.00        
  20       2               32974.56        34156.56        1182.00        
  69       7               34156.56        35781.56        1625.00        
  9        2               35781.56        37066.56        1285.00        
  1        3               37066.56        38848.56        1782.00        
  16       3               38848.56        40417.56        1569.00        
  14       2               40861.00        42164.00        1303.00        
  53       2               42164.00        43143.00        979.00         
  49       4               43143.00        44694.00        1551.00        
  66       3               45419.24        46585.24        1166.00        
  74       3               46585.24        47830.24        1245.00        
  83       4               47877.00        49371.00        1494.00        
  19       2               49371.00        50805.00        1434.00        
  14       6               50805.00        51926.00        1121.00        
  3        5               51926.00        53017.00        1091.00        
  26       2               53104.00        54778.00        1674.00        
  13       6               54778.00        56389.00        1611.00        
  67       5               56389.00        57649.00        1260.00        
  99       4               57659.37        58661.37        1002.00        
  26       4               58661.37        60018.37        1357.00        
  77       2               60018.37        61167.37        1149.00        
  59       6               61167.37        62636.37        1469.00        
  75       6               62636.37        63554.37        918.00         
  36       7               63728.41        64749.41        1021.00        
  30       9               64749.41        65889.41        1140.00        

  机器利用率: 68.91% (忙碌时间: 46660.00 / 总时间: 67714.41)

离散机8:
工件号      工序号             开始时间            结束时间            加工时长           
--------------------------------------------------------------------------------
  41       5               23185.28        24298.28        1113.00        
  88       3               24298.28        25597.28        1299.00        
  69       2               26590.53        27796.53        1206.00        
  40       2               27796.53        28907.53        1111.00        
  69       4               29324.56        30633.56        1309.00        
  35       2               30633.56        32351.56        1718.00        
  69       6               32351.56        33585.56        1234.00        
  7        3               33585.56        34801.56        1216.00        
  4        5               34801.56        35718.56        917.00         
  55       6               35718.56        36928.56        1210.00        
  24       7               36928.56        38346.56        1418.00        
  81       3               38346.56        39534.56        1188.00        
  15       2               40861.00        42267.00        1406.00        
  5        3               42534.00        43830.00        1296.00        
  13       3               43830.00        44868.00        1038.00        
  11       3               44868.00        45884.00        1016.00        
  30       3               45884.00        46891.00        1007.00        
  83       3               46891.00        47877.00        986.00         
  14       5               47877.00        49391.00        1514.00        
  11       5               49530.27        50468.27        938.00         
  66       4               50468.27        51719.27        1251.00        
  11       6               51719.27        52735.27        1016.00        
  5        7               52735.27        54212.27        1477.00        
  45       3               54960.37        56153.37        1193.00        
  26       3               56153.37        57920.37        1767.00        
  57       3               57920.37        58907.37        987.00         
  31       3               58935.41        59867.41        932.00         
  45       5               59867.41        61364.41        1497.00        
  36       5               61364.41        62780.41        1416.00        
  99       5               62780.41        64208.41        1428.00        

  机器利用率: 54.79% (忙碌时间: 37104.00 / 总时间: 67714.41)

离散机9:
工件号      工序号             开始时间            结束时间            加工时长           
--------------------------------------------------------------------------------
  65       2               16352.28        17758.28        1406.00        
  65       3               17758.28        19224.28        1466.00        
  33       4               20164.28        21187.28        1023.00        
  33       5               21187.28        22343.28        1156.00        
  25       6               22343.28        24061.28        1718.00        
  65       5               24061.28        25445.28        1384.00        
  96       2               25526.53        26810.53        1284.00        
  64       2               26810.53        28011.53        1201.00        
  17       4               28832.53        29817.53        985.00         
  17       5               29817.53        30823.53        1006.00        
  85       3               30823.53        32494.53        1671.00        
  68       4               33092.56        34021.56        929.00         
  40       3               34021.56        35331.56        1310.00        
  87       3               35386.53        36659.53        1273.00        
  69       8               36659.53        37657.53        998.00         
  10       6               37657.53        38911.53        1254.00        
  20       5               38937.53        40153.53        1216.00        
  39       2               40861.00        42161.00        1300.00        
  67       2               42161.00        43092.00        931.00         
  96       6               43092.00        44116.00        1024.00        
  30       2               44116.24        45215.24        1099.00        
  23       2               45483.27        46523.27        1040.00        
  93       3               46523.27        47552.27        1029.00        
  40       5               47552.27        48470.27        918.00         
  53       3               48470.27        49500.27        1030.00        
  18       2               49500.27        50642.27        1142.00        
  23       6               50802.27        51899.27        1097.00        
  71       2               52126.05        53195.05        1069.00        
  36       2               53639.37        54633.37        994.00         
  66       5               54633.37        55787.37        1154.00        
  93       5               55787.37        56861.37        1074.00        
  83       7               56861.37        58262.37        1401.00        
  7        6               58262.37        59724.37        1462.00        
  6        5               59724.37        61001.37        1277.00        
  31       5               61190.41        62899.41        1709.00        
  31       6               62899.41        64066.41        1167.00        
  26       7               64153.41        65154.41        1001.00        
  26       8               65154.41        66218.41        1064.00        
  99       7               66284.41        67352.41        1068.00        

  机器利用率: 68.42% (忙碌时间: 46330.00 / 总时间: 67714.41)

离散机10:
工件号      工序号             开始时间            结束时间            加工时长           
--------------------------------------------------------------------------------
  0        3               17252.28        18458.28        1206.00        
  70       2               18458.28        19640.28        1182.00        
  25       4               20102.28        21018.28        916.00         
  28       4               21746.28        22954.28        1208.00        
  28       5               22954.28        24020.28        1066.00        
  72       6               24020.28        25394.28        1374.00        
  17       2               25752.56        26706.56        954.00         
  59       2               26706.56        28094.56        1388.00        
  55       3               28094.56        29556.56        1462.00        
  4        3               29556.56        30904.56        1348.00        
  12       2               30904.56        32427.56        1523.00        
  33       7               32427.56        33834.56        1407.00        
  25       7               33834.56        34962.56        1128.00        
  24       6               35726.56        36903.56        1177.00        
  94       4               37263.56        38182.56        919.00         
  52       7               38182.56        39105.56        923.00         
  32       7               39126.56        40202.56        1076.00        
  50       2               40861.00        41989.00        1128.00        
  39       3               42161.00        43099.00        938.00         
  4        7               43099.00        44779.00        1680.00        
  48       2               45483.27        46922.27        1439.00        
  47       4               46922.27        47972.27        1050.00        
  42       3               47972.27        49169.27        1197.00        
  23       5               49197.27        50802.27        1605.00        
  93       4               50802.27        52291.27        1489.00        
  67       4               52291.27        53228.27        937.00         
  99       2               53639.37        54936.37        1297.00        
  36       3               54936.37        55942.37        1006.00        
  2        2               55942.37        57122.37        1180.00        
  20       6               57122.37        58042.37        920.00         
  86       5               58052.37        59249.37        1197.00        
  75       5               59249.37        60915.37        1666.00        
  39       5               60915.37        62341.37        1426.00        
  36       6               62780.41        63728.41        948.00         
  14       8               63728.41        64985.41        1257.00        
  99       6               64985.41        66284.41        1299.00        
  96       8               66284.41        67295.41        1011.00        

  机器利用率: 66.35% (忙碌时间: 44927.00 / 总时间: 67714.41)

【打印批次详细信息】
----------------------------------------------------------------------------------------------------

打印机 1 (尺寸: 1033.0 x 412.0 x 635.0):
--------------------------------------------------------------------------------
  批次 1: 零件数=14, 占用率=90.53%
    - 10: 尺寸 480.0 x 155.0 x 175.0
    - 8: 尺寸 115.0 x 155.0 x 87.0
    - 68: 尺寸 413.0 x 227.0 x 174.0
    - 1: 尺寸 465.0 x 126.0 x 96.0
    - 81: 尺寸 134.0 x 93.0 x 170.0
    - 38: 尺寸 144.0 x 118.0 x 155.0
    - 59: 尺寸 229.0 x 159.0 x 122.0
    - 55: 尺寸 72.0 x 93.0 x 88.0
    - 40: 尺寸 122.0 x 148.0 x 103.0
    - 85: 尺寸 205.0 x 63.0 x 96.0
    - 69: 尺寸 101.0 x 76.0 x 43.0
    - 7: 尺寸 105.0 x 98.0 x 89.0
    - 19: 尺寸 220.0 x 58.0 x 76.0
    - 32: 尺寸 98.0 x 66.0 x 75.0
  批次 2: 零件数=6, 占用率=81.30%
    - 11: 尺寸 306.0 x 123.0 x 35.0
    - 49: 尺寸 720.0 x 166.0 x 70.0
    - 6: 尺寸 306.0 x 134.0 x 68.0
    - 98: 尺寸 197.0 x 134.0 x 63.0
    - 74: 尺寸 488.0 x 192.0 x 92.0
    - 18: 尺寸 207.0 x 134.0 x 86.0
  批次 3: 零件数=5, 占用率=71.10%
    - 2: 尺寸 568.0 x 184.0 x 44.0
    - 60: 尺寸 363.0 x 170.0 x 19.0
    - 89: 尺寸 233.0 x 185.0 x 23.0
    - 76: 尺寸 165.0 x 168.0 x 18.0
    - 61: 尺寸 533.0 x 123.0 x 54.0
  批次 4: 零件数=2, 占用率=66.21%
    - 71: 尺寸 699.0 x 267.0 x 29.0
    - 56: 尺寸 312.0 x 305.0 x 32.0

打印机 2 (尺寸: 1163.0 x 587.0 x 663.0):
--------------------------------------------------------------------------------
  批次 1: 零件数=14, 占用率=91.56%
    - 0: 尺寸 268.0 x 250.0 x 27.0
    - 65: 尺寸 688.0 x 246.0 x 28.0
    - 88: 尺寸 207.0 x 385.0 x 83.0
    - 70: 尺寸 217.0 x 139.0 x 55.0
    - 72: 尺寸 426.0 x 214.0 x 34.0
    - 58: 尺寸 246.0 x 181.0 x 77.0
    - 25: 尺寸 207.0 x 202.0 x 33.0
    - 52: 尺寸 170.0 x 59.0 x 100.0
    - 22: 尺寸 69.0 x 106.0 x 68.0
    - 12: 尺寸 132.0 x 99.0 x 97.0
    - 28: 尺寸 108.0 x 148.0 x 40.0
    - 33: 尺寸 98.0 x 143.0 x 20.0
    - 21: 尺寸 53.0 x 109.0 x 36.0
    - 41: 尺寸 420.0 x 84.0 x 65.0
  批次 2: 零件数=5, 占用率=81.54%
    - 16: 尺寸 441.0 x 143.0 x 42.0
    - 96: 尺寸 711.0 x 335.0 x 59.0
    - 64: 尺寸 441.0 x 333.0 x 52.0
    - 87: 尺寸 690.0 x 134.0 x 26.0
    - 80: 尺寸 152.0 x 106.0 x 19.0
  批次 3: 零件数=6, 占用率=78.17%
    - 36: 尺寸 468.0 x 164.0 x 153.0
    - 75: 尺寸 460.0 x 290.0 x 105.0
    - 86: 尺寸 205.0 x 349.0 x 127.0
    - 92: 尺寸 440.0 x 247.0 x 168.0
    - 45: 尺寸 266.0 x 241.0 x 26.0
    - 99: 尺寸 390.0 x 203.0 x 186.0

打印机 3 (尺寸: 941.0 x 424.0 x 663.0):
--------------------------------------------------------------------------------
  批次 1: 零件数=10, 占用率=82.01%
    - 20: 尺寸 89.0 x 142.0 x 104.0
    - 57: 尺寸 114.0 x 139.0 x 92.0
    - 17: 尺寸 668.0 x 227.0 x 36.0
    - 24: 尺寸 173.0 x 187.0 x 33.0
    - 94: 尺寸 86.0 x 78.0 x 15.0
    - 3: 尺寸 114.0 x 130.0 x 98.0
    - 4: 尺寸 148.0 x 136.0 x 21.0
    - 46: 尺寸 389.0 x 123.0 x 52.0
    - 9: 尺寸 101.0 x 149.0 x 45.0
    - 35: 尺寸 106.0 x 96.0 x 48.0
  批次 2: 零件数=4, 占用率=65.42%
    - 48: 尺寸 205.0 x 200.0 x 83.0
    - 23: 尺寸 422.0 x 283.0 x 63.0
    - 29: 尺寸 302.0 x 137.0 x 33.0
    - 79: 尺寸 382.0 x 155.0 x 83.0

打印机 4 (尺寸: 1081.0 x 523.0 x 615.0):
--------------------------------------------------------------------------------
  批次 1: 零件数=8, 占用率=78.62%
    - 82: 尺寸 191.0 x 198.0 x 181.0
    - 84: 尺寸 132.0 x 148.0 x 176.0
    - 30: 尺寸 686.0 x 336.0 x 90.0
    - 62: 尺寸 133.0 x 188.0 x 95.0
    - 93: 尺寸 139.0 x 291.0 x 38.0
    - 66: 尺寸 438.0 x 139.0 x 124.0
    - 90: 尺寸 241.0 x 85.0 x 93.0
    - 42: 尺寸 86.0 x 114.0 x 61.0
  批次 2: 零件数=4, 占用率=57.69%
    - 54: 尺寸 529.0 x 120.0 x 52.0
    - 77: 尺寸 509.0 x 204.0 x 43.0
    - 31: 尺寸 355.0 x 260.0 x 20.0
    - 78: 尺寸 257.0 x 259.0 x 55.0

打印机 5 (尺寸: 1118.0 x 504.0 x 631.0):
--------------------------------------------------------------------------------
  批次 1: 零件数=18, 占用率=81.02%
    - 83: 尺寸 441.0 x 153.0 x 197.0
    - 73: 尺寸 177.0 x 159.0 x 112.0
    - 39: 尺寸 396.0 x 158.0 x 123.0
    - 14: 尺寸 98.0 x 183.0 x 54.0
    - 5: 尺寸 187.0 x 63.0 x 153.0
    - 50: 尺寸 123.0 x 185.0 x 171.0
    - 34: 尺寸 118.0 x 206.0 x 193.0
    - 13: 尺寸 87.0 x 87.0 x 191.0
    - 67: 尺寸 121.0 x 144.0 x 191.0
    - 37: 尺寸 179.0 x 208.0 x 109.0
    - 47: 尺寸 178.0 x 51.0 x 176.0
    - 97: 尺寸 107.0 x 213.0 x 56.0
    - 91: 尺寸 179.0 x 133.0 x 39.0
    - 15: 尺寸 172.0 x 255.0 x 44.0
    - 95: 尺寸 55.0 x 202.0 x 55.0
    - 53: 尺寸 142.0 x 121.0 x 188.0
    - 44: 尺寸 79.0 x 103.0 x 14.0
    - 51: 尺寸 173.0 x 135.0 x 83.0
  批次 2: 零件数=4, 占用率=62.24%
    - 43: 尺寸 713.0 x 239.0 x 46.0
    - 63: 尺寸 163.0 x 195.0 x 52.0
    - 26: 尺寸 115.0 x 353.0 x 50.0
    - 27: 尺寸 565.0 x 191.0 x 59.0

════════════════════════════════════════════════════════════════
