════════════════════════════════════════════════════════════════
              最优Cmax解的详细调度记录
════════════════════════════════════════════════════════════════

【基本信息】
----------------------------------------------------------------------------------------------------
Cmax (最大完工时间): 70591.00
能耗: 894.77 kWh
装箱质量: 0.3312
批次总数: 13
工件数量: 100
机器数量: 17 (打印机:5, 批处理机:2, 离散机:10)

【染色体编码】
----------------------------------------------------------------------------------------------------
工序序列 (OS): [92, 47, 3, 46, 83, 21, 80, 62, 76, 30, 11, 37, 84, 42, 10, 0, 28, 18, 74, 94, 24, 13, 60, 8, 88, 4, 66, 9, 41, 20, 87, 72, 71, 36, 73, 82, 99, 35, 15, 53, 85, 93, 55, 31, 14, 39, 44, 65, 23, 34, 67, 33, 64, 48, 97, 59, 77, 89, 95, 38, 25, 43, 45, 58, 56, 86, 17, 19, 70, 12, 1, 7, 96, 78, 63, 90, 32, 69, 81, 54, 50, 68, 91, 98, 2, 29, 27, 61, 6, 40, 16, 57, 75, 51, 22, 26, 49, 79, 52, 5, 1, 45, 30, 83, 41, 8, 33, 51, 52, 15, 97, 17, 30, 59, 36, 31, 40, 47, 26, 41, 94, 17, 0, 5, 74, 89, 5, 29, 28, 47, 17, 69, 91, 75, 72, 94, 94, 39, 26, 21, 74, 34, 8, 33, 32, 93, 26, 41, 41, 99, 75, 57, 65, 46, 20, 46, 43, 31, 25, 25, 66, 26, 11, 7, 52, 45, 42, 67, 49, 96, 17, 88, 39, 24, 35, 11, 37, 47, 86, 7, 16, 15, 15, 23, 20, 20, 65, 31, 28, 43, 75, 2, 60, 42, 93, 72, 75, 99, 10, 46, 78, 13, 55, 26, 77, 58, 28, 69, 4, 69, 13, 17, 79, 10, 15, 24, 53, 30, 99, 58, 82, 67, 99, 66, 28, 72, 23, 66, 26, 12, 15, 71, 45, 46, 32, 55, 24, 96, 7, 6, 14, 58, 87, 90, 59, 33, 75, 86, 5, 85, 8, 1, 47, 31, 5, 85, 46, 96, 6, 36, 11, 40, 66, 83, 40, 32, 89, 93, 53, 0, 31, 13, 72, 10, 19, 30, 52, 77, 40, 4, 65, 24, 23, 59, 69, 49, 16, 50, 14, 25, 82, 36, 68, 39, 36, 37, 59, 3, 65, 96, 33, 8, 83, 11, 65, 4, 35, 6, 94, 59, 3, 7, 72, 5, 94, 43, 87, 92, 3, 23, 0, 87, 23, 14, 41, 88, 83, 13, 14, 96, 13, 32, 45, 14, 14, 8, 34, 33, 24, 54, 68, 45, 81, 25, 30, 30, 73, 97, 55, 86, 4, 99, 32, 69, 99, 39, 11, 52, 33, 32, 10, 5, 23, 26, 48, 14, 67, 88, 55, 28, 70, 30, 37, 66, 96, 36, 21, 83, 47, 25, 0, 74, 55, 64, 52, 23, 18, 3, 81, 86, 17, 1, 15, 6, 62, 92, 43, 71, 9, 83, 9, 45, 8, 30, 43, 10, 36, 4, 69, 14, 57, 4, 69, 47, 47, 55, 44, 72, 24, 36, 94, 96, 24, 72, 20, 52, 20, 21, 46, 68, 3, 40, 67, 34, 26, 13, 41, 17, 29, 58, 45, 49, 25, 7, 97, 71, 77, 93]
机器选择 (MS): [5, 5, 3, 1, 4, 2, 4, 3, 3, 5, 5, 4, 5, 2, 1, 2, 4, 1, 1, 2, 1, 1, 1, 2, 3, 2, 1, 5, 5, 2, 5, 2, 5, 2, 3, 4, 5, 2, 3, 4, 5, 5, 5, 5, 1, 3, 1, 2, 2, 5, 4, 1, 1, 2, 1, 1, 4, 1, 5, 4, 2, 2, 1, 1, 3, 2, 4, 2, 2, 3, 5, 2, 2, 4, 1, 4, 2, 3, 1, 1, 4, 2, 2, 1, 2, 4, 3, 4, 3, 3, 2, 1, 4, 4, 2, 2, 2, 2, 5, 5, 1, 3, 1, 1, 2, 1, 1, 1, 1, 1, 1, 2, 2, 1, 1, 1, 3, 1, 1, 1, 1, 2, 1, 1, 1, 3, 1, 1, 2, 1, 2, 1, 2, 1, 1, 1, 1, 1, 1, 1, 3, 3, 1, 2, 1, 1, 2, 1, 1, 3, 3, 3, 2, 1, 2, 1, 3, 1, 2, 2, 1, 1, 2, 2, 1, 1, 2, 2, 3, 2, 2, 1, 3, 1, 1, 1, 1, 2, 1, 1, 1, 1, 2, 2, 2, 1, 2, 2, 3, 2, 1, 1, 3, 2, 2, 1, 1, 2, 1, 1, 3, 1, 2, 1, 2, 1, 2, 1, 3, 1, 1, 2, 1, 1, 2, 1, 1, 2, 2, 1, 1, 1, 2, 3, 1, 1, 3, 3, 3, 3, 1, 2, 1, 1, 1, 1, 3, 1, 1, 1, 1, 3, 2, 1, 2, 2, 1, 1, 1, 1, 1, 1, 1, 1, 2, 1, 1, 3, 3, 1, 1, 2, 1, 1, 1, 1, 1, 2, 3, 1, 1, 1, 1, 1, 2, 2, 1, 1, 1, 1, 2, 3, 1, 2, 1, 1, 1, 1, 1, 1, 1, 1, 1, 2, 1, 1, 2, 1, 1, 1, 1, 1, 1, 1, 1, 2, 2, 1, 1, 1, 1, 1, 1, 1, 1, 1, 1, 1, 2, 2, 1, 1, 2, 2, 3, 1, 1, 1, 1, 2, 1, 1, 1, 2, 1, 1, 2, 1, 1, 1, 2, 1, 3, 3, 1, 1, 2, 3, 3, 3, 1, 3, 3, 1, 1, 1, 2, 3, 2, 1, 1, 3, 1, 1, 2, 2, 1, 2, 2, 1, 1, 1, 1, 1, 1, 1, 1, 2, 1, 1, 1, 1, 1, 3, 1, 2, 1, 2, 3, 1, 3, 1, 1, 2, 2, 1, 1, 3, 2, 1, 2, 2, 1, 1, 1, 1, 1, 1, 1, 1, 3, 1, 1, 1, 2, 1, 2, 1, 1, 1, 1, 3, 3, 2, 1, 2, 1, 1, 3, 1, 1, 1, 1, 1, 1, 1, 2, 1, 1, 2, 1, 1, 1, 1, 2, 2, 1, 1]

【零件加工顺序记录】
----------------------------------------------------------------------------------------------------
工件号      工序号             机器号             开始时间            结束时间            加工时长           
----------------------------------------------------------------------------------------------------

工件 0:
  0        0               打印机2            0.00            15884.77        15884.77       
  0        1               批处理机2           15884.77        16948.77        1064.00        
  0        2               离散机3            16948.77        17848.77        900.00         
  0        3               离散机10           20858.77        22064.77        1206.00        
  0        4               离散机1            22064.77        22979.77        915.00         
  0        5               离散机3            25491.77        26983.77        1492.00        

工件 1:
  1        0               打印机5            0.00            38997.00        38997.00       
  1        1               批处理机2           38997.00        40061.00        1064.00        
  1        2               离散机8            40061.00        41705.00        1644.00        
  1        3               离散机7            50776.94        52558.94        1782.00        
  1        4               离散机2            62523.94        63447.94        924.00         

工件 2:
  2        0               打印机2            42208.14        51382.39        9174.25        
  2        1               批处理机2           51382.39        52446.39        1064.00        
  2        2               离散机1            54940.39        56197.39        1257.00        

工件 3:
  3        0               打印机3            0.00            29045.00        29045.00       
  3        1               批处理机2           29045.00        30109.00        1064.00        
  3        2               离散机1            33542.90        34474.90        932.00         
  3        3               离散机7            37783.00        38912.00        1129.00        
  3        4               离散机2            38912.00        39910.00        998.00         
  3        5               离散机7            41082.00        42173.00        1091.00        
  3        6               离散机6            67216.12        68374.12        1158.00        

工件 4:
  4        0               打印机2            0.00            15884.77        15884.77       
  4        1               批处理机2           15884.77        16948.77        1064.00        
  4        2               离散机1            16948.77        18081.77        1133.00        
  4        3               离散机8            18666.77        20213.77        1547.00        
  4        4               离散机3            23142.77        24373.77        1231.00        
  4        5               离散机8            24808.77        25725.77        917.00         
  4        6               离散机2            35696.00        36718.00        1022.00        
  4        7               离散机6            36718.00        38056.00        1338.00        

工件 5:
  5        0               打印机5            0.00            38997.00        38997.00       
  5        1               批处理机2           38997.00        40061.00        1064.00        
  5        2               离散机1            41179.00        42852.00        1673.00        
  5        3               离散机8            42852.00        44148.00        1296.00        
  5        4               离散机2            49216.94        50136.94        920.00         
  5        5               离散机2            50136.94        51307.94        1171.00        
  5        6               离散机2            57323.94        58223.94        900.00         
  5        7               离散机4            60155.94        61769.94        1614.00        

工件 6:
  6        0               打印机3            29045.00        45346.10        16301.10       
  6        1               批处理机2           45346.10        46410.10        1064.00        
  6        2               离散机6            46410.10        47415.10        1005.00        
  6        3               离散机2            51307.94        52972.94        1665.00        
  6        4               离散机2            56130.94        57323.94        1193.00        
  6        5               离散机9            60581.00        61858.00        1277.00        

工件 7:
  7        0               打印机2            0.00            15884.77        15884.77       
  7        1               批处理机2           15884.77        16948.77        1064.00        
  7        2               离散机2            22604.77        23592.77        988.00         
  7        3               离散机8            23592.77        24808.77        1216.00        
  7        4               离散机1            24808.77        25734.77        926.00         
  7        5               离散机2            26587.77        27932.77        1345.00        
  7        6               离散机9            34284.00        35746.00        1462.00        

工件 8:
  8        0               打印机2            0.00            15884.77        15884.77       
  8        1               批处理机2           15884.77        16948.77        1064.00        
  8        2               离散机5            16948.77        18204.77        1256.00        
  8        3               离散机6            18388.77        19415.77        1027.00        
  8        4               离散机2            23592.77        25203.77        1611.00        
  8        5               离散机2            25203.77        26587.77        1384.00        
  8        6               离散机1            26587.77        27620.77        1033.00        
  8        7               离散机4            38422.00        40083.00        1661.00        

工件 9:
  9        0               打印机5            0.00            38997.00        38997.00       
  9        1               批处理机2           38997.00        40061.00        1064.00        
  9        2               离散机9            40061.00        41505.00        1444.00        
  9        3               离散机5            46603.26        47516.26        913.00         

工件 10:
  10       0               打印机1            0.00            27255.90        27255.90       
  10       1               批处理机2           27255.90        28319.90        1064.00        
  10       2               离散机6            30448.90        31452.90        1004.00        
  10       3               离散机7            34591.00        36314.00        1723.00        
  10       4               离散机3            36726.00        38423.00        1697.00        
  10       5               离散机2            59779.94        61508.94        1729.00        
  10       6               离散机8            61508.94        62841.94        1333.00        

工件 11:
  11       0               打印机5            0.00            38997.00        38997.00       
  11       1               批处理机2           38997.00        40061.00        1064.00        
  11       2               离散机3            40061.00        41442.00        1381.00        
  11       3               离散机8            41705.00        42721.00        1016.00        
  11       4               离散机4            45373.00        47028.00        1655.00        
  11       5               离散机8            51781.59        52719.59        938.00         
  11       6               离散机8            52719.59        53735.59        1016.00        

工件 12:
  12       0               打印机3            0.00            29045.00        29045.00       
  12       1               批处理机2           29045.00        30109.00        1064.00        
  12       2               离散机10           33996.00        35519.00        1523.00        

工件 13:
  13       0               打印机1            0.00            27255.90        27255.90       
  13       1               批处理机2           27255.90        28319.90        1064.00        
  13       2               离散机3            28319.90        29776.90        1457.00        
  13       3               离散机9            31409.00        32974.00        1565.00        
  13       4               离散机5            35817.00        37493.00        1676.00        
  13       5               离散机9            38305.00        39813.00        1508.00        
  13       6               离散机7            58207.94        59818.94        1611.00        
  13       7               离散机2            68063.12        69044.12        981.00         

工件 14:
  14       0               打印机1            0.00            27255.90        27255.90       
  14       1               批处理机2           27255.90        28319.90        1064.00        
  14       2               离散机4            28319.90        29735.90        1416.00        
  14       3               离散机3            32479.90        33871.90        1392.00        
  14       4               离散机6            35496.00        36587.00        1091.00        
  14       5               离散机8            37151.00        38665.00        1514.00        
  14       6               离散机7            38912.00        40033.00        1121.00        
  14       7               离散机6            41303.00        42515.00        1212.00        
  14       8               离散机10           43049.00        44306.00        1257.00        
  14       9               离散机6            52650.94        53977.94        1327.00        

工件 15:
  15       0               打印机3            0.00            29045.00        29045.00       
  15       1               批处理机2           29045.00        30109.00        1064.00        
  15       2               离散机8            30109.00        31515.00        1406.00        
  15       3               离散机7            31515.00        33080.00        1565.00        
  15       4               离散机2            33080.00        34170.00        1090.00        
  15       5               离散机6            34170.00        35496.00        1326.00        
  15       6               离散机3            35496.00        36726.00        1230.00        
  15       7               离散机5            38432.00        39345.00        913.00         

工件 16:
  16       0               打印机2            15884.77        42208.14        26323.37       
  16       1               批处理机2           42208.14        43272.14        1064.00        
  16       2               离散机2            45793.00        47583.00        1790.00        
  16       3               离散机1            62433.12        64215.12        1782.00        

工件 17:
  17       0               打印机4            46816.94        60222.12        13405.18       
  17       1               批处理机2           60222.12        61286.12        1064.00        
  17       2               离散机10           61286.12        62240.12        954.00         
  17       3               离散机6            62240.12        63478.12        1238.00        
  17       4               离散机9            63478.12        64463.12        985.00         
  17       5               离散机9            64463.12        65469.12        1006.00        
  17       6               离散机2            65469.12        67092.12        1623.00        
  17       7               离散机2            67092.12        68063.12        971.00         
  17       8               离散机6            68374.12        69293.12        919.00         

工件 18:
  18       0               打印机1            27255.90        40550.26        13294.36       
  18       1               批处理机2           40550.26        41614.26        1064.00        
  18       2               离散机9            51076.94        52218.94        1142.00        

工件 19:
  19       0               打印机2            0.00            15884.77        15884.77       
  19       1               批处理机2           15884.77        16948.77        1064.00        
  19       2               离散机7            24284.77        25718.77        1434.00        

工件 20:
  20       0               打印机2            0.00            15884.77        15884.77       
  20       1               批处理机2           15884.77        16948.77        1064.00        
  20       2               离散机7            21533.77        22715.77        1182.00        
  20       3               离散机5            22715.77        23940.77        1225.00        
  20       4               离散机6            23940.77        25200.77        1260.00        
  20       5               离散机9            28544.77        29760.77        1216.00        
  20       6               离散机10           29760.77        30680.77        920.00         

工件 21:
  21       0               打印机2            0.00            15884.77        15884.77       
  21       1               批处理机2           15884.77        16948.77        1064.00        
  21       2               离散机7            18622.77        20176.77        1554.00        
  21       3               离散机3            24373.77        25491.77        1118.00        
  21       4               离散机6            26479.77        28044.77        1565.00        

工件 22:
  22       0               打印机2            0.00            15884.77        15884.77       
  22       1               批处理机2           15884.77        16948.77        1064.00        

工件 23:
  23       0               打印机2            15884.77        42208.14        26323.37       
  23       1               批处理机2           42208.14        43272.14        1064.00        
  23       2               离散机9            44266.14        45306.14        1040.00        
  23       3               离散机3            47963.26        49060.26        1097.00        
  23       4               离散机7            52558.94        54315.94        1757.00        
  23       5               离散机6            54315.94        55903.94        1588.00        
  23       6               离散机9            55903.94        57000.94        1097.00        
  23       7               离散机5            57000.94        58701.94        1701.00        
  23       8               离散机5            58701.94        59939.94        1238.00        

工件 24:
  24       0               打印机1            27255.90        40550.26        13294.36       
  24       1               批处理机2           40550.26        41614.26        1064.00        
  24       2               离散机3            42643.26        43973.26        1330.00        
  24       3               离散机9            45306.14        47048.14        1742.00        
  24       4               离散机5            54552.94        55618.94        1066.00        
  24       5               离散机4            55618.94        57010.94        1392.00        
  24       6               离散机10           57010.94        58187.94        1177.00        
  24       7               离散机8            62841.94        64259.94        1418.00        
  24       8               离散机4            68308.00        69659.00        1351.00        

工件 25:
  25       0               打印机2            0.00            15884.77        15884.77       
  25       1               批处理机2           15884.77        16948.77        1064.00        
  25       2               离散机3            19939.77        20860.77        921.00         
  25       3               离散机2            21278.77        22604.77        1326.00        
  25       4               离散机10           22604.77        23520.77        916.00         
  25       5               离散机1            23520.77        24566.77        1046.00        
  25       6               离散机9            24566.77        26284.77        1718.00        
  25       7               离散机7            26743.77        27897.77        1154.00        

工件 26:
  26       0               打印机2            0.00            15884.77        15884.77       
  26       1               批处理机2           15884.77        16948.77        1064.00        
  26       2               离散机7            16948.77        18622.77        1674.00        
  26       3               离散机2            18622.77        20147.77        1525.00        
  26       4               离散机7            20176.77        21533.77        1357.00        
  26       5               离散机3            21533.77        23142.77        1609.00        
  26       6               离散机6            25200.77        26479.77        1279.00        
  26       7               离散机9            26479.77        27480.77        1001.00        
  26       8               离散机9            27480.77        28544.77        1064.00        
  26       9               离散机5            39345.00        40841.00        1496.00        

工件 27:
  27       0               打印机3            29045.00        45346.10        16301.10       
  27       1               批处理机2           45346.10        46410.10        1064.00        

工件 28:
  28       0               打印机4            0.00            46816.94        46816.94       
  28       1               批处理机2           46816.94        47880.94        1064.00        
  28       2               离散机2            47880.94        49216.94        1336.00        
  28       3               离散机5            51756.94        53338.94        1582.00        
  28       4               离散机10           54677.94        55885.94        1208.00        
  28       5               离散机10           55885.94        56951.94        1066.00        
  28       6               离散机6            59187.94        60218.94        1031.00        

工件 29:
  29       0               打印机4            0.00            46816.94        46816.94       
  29       1               批处理机2           46816.94        47880.94        1064.00        
  29       2               离散机1            47880.94        49066.94        1186.00        
  29       3               离散机8            56049.94        57228.94        1179.00        

工件 30:
  30       0               打印机5            38997.00        57394.00        18397.00       
  30       1               批处理机2           57394.00        58458.00        1064.00        
  30       2               离散机9            58458.00        59557.00        1099.00        
  30       3               离散机8            59557.00        60564.00        1007.00        
  30       4               离散机5            60564.00        62022.00        1458.00        
  30       5               离散机5            62022.00        62946.00        924.00         
  30       6               离散机5            62946.00        64120.00        1174.00        
  30       7               离散机5            64120.00        65263.00        1143.00        
  30       8               离散机4            65263.00        66640.00        1377.00        
  30       9               离散机7            66640.00        67780.00        1140.00        

工件 31:
  31       0               打印机5            38997.00        57394.00        18397.00       
  31       1               批处理机2           57394.00        58458.00        1064.00        
  31       2               离散机1            58458.00        59872.00        1414.00        
  31       3               离散机8            60564.00        61496.00        932.00         
  31       4               离散机3            61496.00        62819.00        1323.00        
  31       5               离散机9            66538.12        68247.12        1709.00        
  31       6               离散机9            68247.12        69414.12        1167.00        

工件 32:
  32       0               打印机2            0.00            15884.77        15884.77       
  32       1               批处理机2           15884.77        16948.77        1064.00        
  32       2               离散机2            20147.77        21278.77        1131.00        
  32       3               离散机9            21278.77        22760.77        1482.00        
  32       4               离散机5            23940.77        25148.77        1208.00        
  32       5               离散机2            31099.90        32794.90        1695.00        
  32       6               离散机5            32794.90        33799.90        1005.00        
  32       7               离散机10           35519.00        36595.00        1076.00        

工件 33:
  33       0               打印机1            0.00            27255.90        27255.90       
  33       1               批处理机2           27255.90        28319.90        1064.00        
  33       2               离散机2            28319.90        30089.90        1770.00        
  33       3               离散机5            30089.90        31153.90        1064.00        
  33       4               离散机6            31452.90        32361.90        909.00         
  33       5               离散机4            34677.00        35675.00        998.00         
  33       6               离散机5            37493.00        38432.00        939.00         
  33       7               离散机10           38432.00        39839.00        1407.00        

工件 34:
  34       0               打印机5            0.00            38997.00        38997.00       
  34       1               批处理机2           38997.00        40061.00        1064.00        
  34       2               离散机2            43011.00        44674.00        1663.00        
  34       3               离散机1            44674.00        46068.00        1394.00        
  34       4               离散机9            61858.00        63343.00        1485.00        

工件 35:
  35       0               打印机2            0.00            15884.77        15884.77       
  35       1               批处理机2           15884.77        16948.77        1064.00        
  35       2               离散机8            16948.77        18666.77        1718.00        
  35       3               离散机1            20052.77        21153.77        1101.00        

工件 36:
  36       0               打印机2            15884.77        42208.14        26323.37       
  36       1               批处理机2           42208.14        43272.14        1064.00        
  36       2               离散机9            43272.14        44266.14        994.00         
  36       3               离散机10           47048.26        48054.26        1006.00        
  36       4               离散机4            50204.94        51493.94        1289.00        
  36       5               离散机3            54804.39        56039.39        1235.00        
  36       6               离散机10           60188.00        61136.00        948.00         
  36       7               离散机4            63195.94        64118.94        923.00         
  36       8               离散机4            64118.94        65100.94        982.00         

工件 37:
  37       0               打印机4            0.00            46816.94        46816.94       
  37       1               批处理机2           46816.94        47880.94        1064.00        
  37       2               离散机1            49066.94        50224.94        1158.00        
  37       3               离散机2            54360.94        56130.94        1770.00        
  37       4               离散机6            60218.94        61409.94        1191.00        

工件 38:
  38       0               打印机4            0.00            46816.94        46816.94       
  38       1               批处理机2           46816.94        47880.94        1064.00        

工件 39:
  39       0               打印机3            0.00            29045.00        29045.00       
  39       1               批处理机2           29045.00        30109.00        1064.00        
  39       2               离散机9            30109.00        31409.00        1300.00        
  39       3               离散机10           31409.00        32347.00        938.00         
  39       4               离散机2            34170.00        35696.00        1526.00        
  39       5               离散机4            36914.00        38422.00        1508.00        

工件 40:
  40       0               打印机3            0.00            29045.00        29045.00       
  40       1               批处理机2           29045.00        30109.00        1064.00        
  40       2               离散机4            30109.00        31271.00        1162.00        
  40       3               离散机9            32974.00        34284.00        1310.00        
  40       4               离散机5            34284.00        35817.00        1533.00        
  40       5               离散机9            35817.00        36735.00        918.00         
  40       6               离散机10           36735.00        38281.00        1546.00        

工件 41:
  41       0               打印机5            0.00            38997.00        38997.00       
  41       1               批处理机2           38997.00        40061.00        1064.00        
  41       2               离散机7            40061.00        41082.00        1021.00        
  41       3               离散机2            41314.00        43011.00        1697.00        
  41       4               离散机4            43011.00        43914.00        903.00         
  41       5               离散机2            44674.00        45793.00        1119.00        
  41       6               离散机7            46354.26        47626.26        1272.00        
  41       7               离散机5            55618.94        56888.94        1270.00        

工件 42:
  42       0               打印机2            0.00            15884.77        15884.77       
  42       1               批处理机2           15884.77        16948.77        1064.00        
  42       2               离散机4            16948.77        18343.77        1395.00        
  42       3               离散机10           18343.77        19540.77        1197.00        

工件 43:
  43       0               打印机2            42208.14        51382.39        9174.25        
  43       1               批处理机2           51382.39        52446.39        1064.00        
  43       2               离散机3            52446.39        53484.39        1038.00        
  43       3               离散机1            53484.39        54940.39        1456.00        
  43       4               离散机3            56039.39        57334.39        1295.00        
  43       5               离散机1            59872.00        60968.00        1096.00        
  43       6               离散机6            66179.12        67216.12        1037.00        

工件 44:
  44       0               打印机1            0.00            27255.90        27255.90       
  44       1               批处理机2           27255.90        28319.90        1064.00        
  44       2               离散机1            46068.00        47640.00        1572.00        

工件 45:
  45       0               打印机1            40550.26        48203.59        7653.33        
  45       1               批处理机2           48203.59        49267.59        1064.00        
  45       2               离散机3            49267.59        50588.59        1321.00        
  45       3               离散机8            50588.59        51781.59        1193.00        
  45       4               离散机5            53338.94        54552.94        1214.00        
  45       5               离散机8            54552.94        56049.94        1497.00        
  45       6               离散机6            56049.94        57559.94        1510.00        
  45       7               离散机1            64215.12        65172.12        957.00         
  45       8               离散机9            69414.12        70325.12        911.00         

工件 46:
  46       0               打印机1            0.00            27255.90        27255.90       
  46       1               批处理机2           27255.90        28319.90        1064.00        
  46       2               离散机1            28319.90        29364.90        1045.00        
  46       3               离散机6            29445.90        30448.90        1003.00        
  46       4               离散机3            30448.90        31534.90        1086.00        
  46       5               离散机1            31534.90        32470.90        936.00         
  46       6               离散机1            32470.90        33542.90        1072.00        
  46       7               离散机3            38423.00        39657.00        1234.00        

工件 47:
  47       0               打印机5            0.00            38997.00        38997.00       
  47       1               批处理机2           38997.00        40061.00        1064.00        
  47       2               离散机2            40061.00        41314.00        1253.00        
  47       3               离散机5            43384.26        44536.26        1152.00        
  47       4               离散机10           44536.26        45586.26        1050.00        
  47       5               离散机8            47782.26        49458.26        1676.00        
  47       6               离散机3            58904.39        60347.39        1443.00        
  47       7               离散机2            63447.94        64552.94        1105.00        
  47       8               离散机1            65172.12        66479.12        1307.00        

工件 48:
  48       0               打印机2            0.00            15884.77        15884.77       
  48       1               批处理机2           15884.77        16948.77        1064.00        
  48       2               离散机10           25658.77        27097.77        1439.00        

工件 49:
  49       0               打印机2            15884.77        42208.14        26323.37       
  49       1               批处理机2           42208.14        43272.14        1064.00        
  49       2               离散机6            43272.14        44721.14        1449.00        
  49       3               离散机6            44721.14        45667.14        946.00         
  49       4               离散机7            69040.00        70591.00        1551.00        

工件 50:
  50       0               打印机4            0.00            46816.94        46816.94       
  50       1               批处理机2           46816.94        47880.94        1064.00        
  50       2               离散机6            49954.94        51306.94        1352.00        

工件 51:
  51       0               打印机4            0.00            46816.94        46816.94       
  51       1               批处理机2           46816.94        47880.94        1064.00        
  51       2               离散机4            47880.94        49043.94        1163.00        

工件 52:
  52       0               打印机5            0.00            38997.00        38997.00       
  52       1               批处理机2           38997.00        40061.00        1064.00        
  52       2               离散机1            40061.00        41179.00        1118.00        
  52       3               离散机4            41179.00        42974.00        1795.00        
  52       4               离散机2            52972.94        54360.94        1388.00        
  52       5               离散机3            57334.39        58904.39        1570.00        
  52       6               离散机2            61508.94        62523.94        1015.00        
  52       7               离散机10           63437.12        64360.12        923.00         

工件 53:
  53       0               打印机4            0.00            46816.94        46816.94       
  53       1               批处理机2           46816.94        47880.94        1064.00        
  53       2               离散机6            47880.94        48845.94        965.00         
  53       3               离散机9            48845.94        49875.94        1030.00        

工件 54:
  54       0               打印机1            40550.26        48203.59        7653.33        
  54       1               批处理机2           48203.59        49267.59        1064.00        
  54       2               离散机10           49543.26        50571.26        1028.00        

工件 55:
  55       0               打印机5            0.00            38997.00        38997.00       
  55       1               批处理机2           38997.00        40061.00        1064.00        
  55       2               离散机4            43914.00        45373.00        1459.00        
  55       3               离散机10           45586.26        47048.26        1462.00        
  55       4               离散机7            59818.94        60986.94        1168.00        
  55       5               离散机3            62819.00        64358.00        1539.00        
  55       6               离散机8            64358.00        65568.00        1210.00        
  55       7               离散机1            66479.12        67877.12        1398.00        

工件 56:
  56       0               打印机3            29045.00        45346.10        16301.10       
  56       1               批处理机2           45346.10        46410.10        1064.00        

工件 57:
  57       0               打印机1            0.00            27255.90        27255.90       
  57       1               批处理机2           27255.90        28319.90        1064.00        
  57       2               离散机6            28319.90        29445.90        1126.00        
  57       3               离散机8            45336.00        46323.00        987.00         

工件 58:
  58       0               打印机1            27255.90        40550.26        13294.36       
  58       1               批处理机2           40550.26        41614.26        1064.00        
  58       2               离散机3            45352.26        46445.26        1093.00        
  58       3               离散机3            46445.26        47963.26        1518.00        
  58       4               离散机6            48845.94        49954.94        1109.00        
  58       5               离散机5            65263.00        66473.00        1210.00        

工件 59:
  59       0               打印机1            0.00            27255.90        27255.90       
  59       1               批处理机2           27255.90        28319.90        1064.00        
  59       2               离散机10           28319.90        29707.90        1388.00        
  59       3               离散机3            31534.90        32479.90        945.00         
  59       4               离散机4            32501.00        33743.00        1242.00        
  59       5               离散机4            33743.00        34677.00        934.00         
  59       6               离散机7            36314.00        37783.00        1469.00        

工件 60:
  60       0               打印机1            0.00            27255.90        27255.90       
  60       1               批处理机2           27255.90        28319.90        1064.00        
  60       2               离散机7            28319.90        29523.90        1204.00        

工件 61:
  61       0               打印机4            46816.94        60222.12        13405.18       
  61       1               批处理机2           60222.12        61286.12        1064.00        

工件 62:
  62       0               打印机3            0.00            29045.00        29045.00       
  62       1               批处理机2           29045.00        30109.00        1064.00        
  62       2               离散机8            32814.00        34310.00        1496.00        

工件 63:
  63       0               打印机1            27255.90        40550.26        13294.36       
  63       1               批处理机2           40550.26        41614.26        1064.00        

工件 64:
  64       0               打印机1            40550.26        48203.59        7653.33        
  64       1               批处理机2           48203.59        49267.59        1064.00        
  64       2               离散机9            49875.94        51076.94        1201.00        

工件 65:
  65       0               打印机2            0.00            15884.77        15884.77       
  65       1               批处理机2           15884.77        16948.77        1064.00        
  65       2               离散机9            16948.77        18354.77        1406.00        
  65       3               离散机9            18354.77        19820.77        1466.00        
  65       4               离散机8            20213.77        21122.77        909.00         
  65       5               离散机9            22760.77        24144.77        1384.00        
  65       6               离散机7            25718.77        26743.77        1025.00        

工件 66:
  66       0               打印机1            0.00            27255.90        27255.90       
  66       1               批处理机2           27255.90        28319.90        1064.00        
  66       2               离散机1            29364.90        30667.90        1303.00        
  66       3               离散机10           32347.00        33996.00        1649.00        
  66       4               离散机8            35900.00        37151.00        1251.00        
  66       5               离散机9            37151.00        38305.00        1154.00        
  66       6               离散机1            38305.00        39431.00        1126.00        

工件 67:
  67       0               打印机4            0.00            46816.94        46816.94       
  67       1               批处理机2           46816.94        47880.94        1064.00        
  67       2               离散机5            47880.94        49156.94        1276.00        
  67       3               离散机7            49373.94        50776.94        1403.00        
  67       4               离散机10           51870.26        52807.26        937.00         
  67       5               离散机7            67780.00        69040.00        1260.00        

工件 68:
  68       0               打印机2            15884.77        42208.14        26323.37       
  68       1               批处理机2           42208.14        43272.14        1064.00        
  68       2               离散机7            43888.26        45252.26        1364.00        
  68       3               离散机4            51493.94        52938.94        1445.00        
  68       4               离散机9            57000.94        57929.94        929.00         

工件 69:
  69       0               打印机3            0.00            29045.00        29045.00       
  69       1               批处理机2           29045.00        30109.00        1064.00        
  69       2               离散机4            31271.00        32501.00        1230.00        
  69       3               离散机7            33080.00        34591.00        1511.00        
  69       4               离散机8            34591.00        35900.00        1309.00        
  69       5               离散机4            35900.00        36914.00        1014.00        
  69       6               离散机8            38665.00        39899.00        1234.00        
  69       7               离散机7            64078.12        65703.12        1625.00        
  69       8               离散机10           65703.12        67369.12        1666.00        

工件 70:
  70       0               打印机2            0.00            15884.77        15884.77       
  70       1               批处理机2           15884.77        16948.77        1064.00        
  70       2               离散机10           16948.77        18130.77        1182.00        

工件 71:
  71       0               打印机5            57394.00        63591.00        6197.00        
  71       1               批处理机2           63591.00        64655.00        1064.00        
  71       2               离散机9            65469.12        66538.12        1069.00        
  71       3               离散机4            66640.00        68308.00        1668.00        
  71       4               离散机2            69044.12        70198.12        1154.00        

工件 72:
  72       0               打印机2            0.00            15884.77        15884.77       
  72       1               批处理机2           15884.77        16948.77        1064.00        
  72       2               离散机2            16948.77        18561.77        1613.00        
  72       3               离散机1            18561.77        20052.77        1491.00        
  72       4               离散机4            20052.77        21311.77        1259.00        
  72       5               离散机7            22715.77        24284.77        1569.00        
  72       6               离散机10           24284.77        25658.77        1374.00        
  72       7               离散机3            26983.77        28314.77        1331.00        
  72       8               离散机5            31153.90        32545.90        1392.00        

工件 73:
  73       0               打印机3            0.00            29045.00        29045.00       
  73       1               批处理机2           29045.00        30109.00        1064.00        
  73       2               离散机1            34474.90        35509.90        1035.00        

工件 74:
  74       0               打印机1            27255.90        40550.26        13294.36       
  74       1               批处理机2           40550.26        41614.26        1064.00        
  74       2               离散机3            41614.26        42643.26        1029.00        
  74       3               离散机7            42643.26        43888.26        1245.00        
  74       4               离散机6            51306.94        52650.94        1344.00        

工件 75:
  75       0               打印机4            0.00            46816.94        46816.94       
  75       1               批处理机2           46816.94        47880.94        1064.00        
  75       2               离散机4            49043.94        50204.94        1161.00        
  75       3               离散机5            50204.94        51756.94        1552.00        
  75       4               离散机1            51756.94        53011.94        1255.00        
  75       5               离散机10           53011.94        54677.94        1666.00        
  75       6               离散机7            54677.94        55595.94        918.00         

工件 76:
  76       0               打印机3            0.00            29045.00        29045.00       
  76       1               批处理机2           29045.00        30109.00        1064.00        

工件 77:
  77       0               打印机4            46816.94        60222.12        13405.18       
  77       1               批处理机2           60222.12        61286.12        1064.00        
  77       2               离散机7            61286.12        62435.12        1149.00        
  77       3               离散机6            63478.12        64519.12        1041.00        
  77       4               离散机1            69040.12        70468.12        1428.00        

工件 78:
  78       0               打印机4            46816.94        60222.12        13405.18       
  78       1               批处理机2           60222.12        61286.12        1064.00        
  78       2               离散机1            61286.12        62433.12        1147.00        

工件 79:
  79       0               打印机2            15884.77        42208.14        26323.37       
  79       1               批处理机2           42208.14        43272.14        1064.00        
  79       2               离散机5            45680.26        46603.26        923.00         

工件 80:
  80       0               打印机4            0.00            46816.94        46816.94       
  80       1               批处理机2           46816.94        47880.94        1064.00        

工件 81:
  81       0               打印机1            0.00            27255.90        27255.90       
  81       1               批处理机2           27255.90        28319.90        1064.00        
  81       2               离散机6            32361.90        33625.90        1264.00        
  81       3               离散机8            44148.00        45336.00        1188.00        

工件 82:
  82       0               打印机4            0.00            46816.94        46816.94       
  82       1               批处理机2           46816.94        47880.94        1064.00        
  82       2               离散机3            50588.59        52187.59        1599.00        
  82       3               离散机9            53730.39        54659.39        929.00         

工件 83:
  83       0               打印机4            0.00            46816.94        46816.94       
  83       1               批处理机2           46816.94        47880.94        1064.00        
  83       2               离散机7            47880.94        49373.94        1493.00        
  83       3               离散机8            49458.26        50444.26        986.00         
  83       4               离散机7            56713.94        58207.94        1494.00        
  83       5               离散机6            58207.94        59187.94        980.00         
  83       6               离散机4            61769.94        63195.94        1426.00        
  83       7               离散机3            65524.00        66700.00        1176.00        

工件 84:
  84       0               打印机5            0.00            38997.00        38997.00       
  84       1               批处理机2           38997.00        40061.00        1064.00        

工件 85:
  85       0               打印机5            0.00            38997.00        38997.00       
  85       1               批处理机2           38997.00        40061.00        1064.00        
  85       2               离散机6            40061.00        41303.00        1242.00        
  85       3               离散机9            47048.14        48719.14        1671.00        

工件 86:
  86       0               打印机2            15884.77        42208.14        26323.37       
  86       1               批处理机2           42208.14        43272.14        1064.00        
  86       2               离散机5            44536.26        45680.26        1144.00        
  86       3               离散机3            53484.39        54804.39        1320.00        
  86       4               离散机4            58383.94        60155.94        1772.00        
  86       5               离散机10           62240.12        63437.12        1197.00        

工件 87:
  87       0               打印机5            38997.00        57394.00        18397.00       
  87       1               批处理机2           57394.00        58458.00        1064.00        
  87       2               离散机10           58458.00        60188.00        1730.00        
  87       3               离散机7            62435.12        64078.12        1643.00        
  87       4               离散机6            64519.12        66179.12        1660.00        

工件 88:
  88       0               打印机3            0.00            29045.00        29045.00       
  88       1               批处理机2           29045.00        30109.00        1064.00        
  88       2               离散机7            30109.00        31416.00        1307.00        
  88       3               离散机8            31515.00        32814.00        1299.00        
  88       4               离散机3            33871.90        35001.90        1130.00        

工件 89:
  89       0               打印机1            27255.90        40550.26        13294.36       
  89       1               批处理机2           40550.26        41614.26        1064.00        
  89       2               离散机5            41614.26        43384.26        1770.00        
  89       3               离散机1            43384.26        44390.26        1006.00        

工件 90:
  90       0               打印机4            0.00            46816.94        46816.94       
  90       1               批处理机2           46816.94        47880.94        1064.00        
  90       2               离散机1            56197.39        57938.39        1741.00        

工件 91:
  91       0               打印机2            0.00            15884.77        15884.77       
  91       1               批处理机2           15884.77        16948.77        1064.00        
  91       2               离散机5            18204.77        19843.77        1639.00        

工件 92:
  92       0               打印机5            0.00            38997.00        38997.00       
  92       1               批处理机2           38997.00        40061.00        1064.00        
  92       2               离散机2            58223.94        59779.94        1556.00        
  92       3               离散机3            60347.39        61372.39        1025.00        

工件 93:
  93       0               打印机5            0.00            38997.00        38997.00       
  93       1               批处理机2           38997.00        40061.00        1064.00        
  93       2               离散机10           40061.00        41752.00        1691.00        
  93       3               离散机9            41752.00        42781.00        1029.00        
  93       4               离散机10           48054.26        49543.26        1489.00        
  93       5               离散机8            57228.94        58303.94        1075.00        

工件 94:
  94       0               打印机2            0.00            15884.77        15884.77       
  94       1               批处理机2           15884.77        16948.77        1064.00        
  94       2               离散机6            16948.77        18388.77        1440.00        
  94       3               离散机3            18388.77        19939.77        1551.00        
  94       4               离散机10           19939.77        20858.77        919.00         
  94       5               离散机4            21311.77        22265.77        954.00         
  94       6               离散机2            30089.90        31099.90        1010.00        
  94       7               离散机2            36718.00        38312.00        1594.00        

工件 95:
  95       0               打印机5            0.00            38997.00        38997.00       
  95       1               批处理机2           38997.00        40061.00        1064.00        

工件 96:
  96       0               打印机2            42208.14        51382.39        9174.25        
  96       1               批处理机2           51382.39        52446.39        1064.00        
  96       2               离散机9            52446.39        53730.39        1284.00        
  96       3               离散机4            53730.39        55411.39        1681.00        
  96       4               离散机7            55595.94        56713.94        1118.00        
  96       5               离散机4            57010.94        58383.94        1373.00        
  96       6               离散机9            59557.00        60581.00        1024.00        
  96       7               离散机3            64358.00        65524.00        1166.00        
  96       8               离散机1            67877.12        69040.12        1163.00        

工件 97:
  97       0               打印机1            0.00            27255.90        27255.90       
  97       1               批处理机2           27255.90        28319.90        1064.00        
  97       2               离散机5            28319.90        29302.90        983.00         
  97       3               离散机1            35509.90        36974.90        1465.00        
  97       4               离散机6            38056.00        39519.00        1463.00        

工件 98:
  98       0               打印机1            27255.90        40550.26        13294.36       
  98       1               批处理机2           40550.26        41614.26        1064.00        

工件 99:
  99       0               打印机5            0.00            38997.00        38997.00       
  99       1               批处理机2           38997.00        40061.00        1064.00        
  99       2               离散机10           41752.00        43049.00        1297.00        
  99       3               离散机3            43973.26        45352.26        1379.00        
  99       4               离散机7            45352.26        46354.26        1002.00        
  99       5               离散机8            46354.26        47782.26        1428.00        
  99       6               离散机10           50571.26        51870.26        1299.00        
  99       7               离散机9            54659.39        55727.39        1068.00        

【机器加工顺序记录】
----------------------------------------------------------------------------------------------------

打印机1:
工件号      工序号             开始时间            结束时间            加工时长           
--------------------------------------------------------------------------------
  10       0               0.00            27255.90        27255.90       
  13       0               0.00            27255.90        27255.90       
  14       0               0.00            27255.90        27255.90       
  33       0               0.00            27255.90        27255.90       
  44       0               0.00            27255.90        27255.90       
  46       0               0.00            27255.90        27255.90       
  57       0               0.00            27255.90        27255.90       
  59       0               0.00            27255.90        27255.90       
  60       0               0.00            27255.90        27255.90       
  66       0               0.00            27255.90        27255.90       
  81       0               0.00            27255.90        27255.90       
  97       0               0.00            27255.90        27255.90       
  18       0               27255.90        40550.26        13294.36       
  24       0               27255.90        40550.26        13294.36       
  58       0               27255.90        40550.26        13294.36       
  63       0               27255.90        40550.26        13294.36       
  74       0               27255.90        40550.26        13294.36       
  89       0               27255.90        40550.26        13294.36       
  98       0               27255.90        40550.26        13294.36       
  45       0               40550.26        48203.59        7653.33        
  54       0               40550.26        48203.59        7653.33        
  64       0               40550.26        48203.59        7653.33        

  机器利用率: 627.69% (忙碌时间: 443091.28 / 总时间: 70591.00)

打印机2:
工件号      工序号             开始时间            结束时间            加工时长           
--------------------------------------------------------------------------------
  0        0               0.00            15884.77        15884.77       
  4        0               0.00            15884.77        15884.77       
  7        0               0.00            15884.77        15884.77       
  8        0               0.00            15884.77        15884.77       
  19       0               0.00            15884.77        15884.77       
  20       0               0.00            15884.77        15884.77       
  21       0               0.00            15884.77        15884.77       
  22       0               0.00            15884.77        15884.77       
  25       0               0.00            15884.77        15884.77       
  26       0               0.00            15884.77        15884.77       
  32       0               0.00            15884.77        15884.77       
  35       0               0.00            15884.77        15884.77       
  42       0               0.00            15884.77        15884.77       
  48       0               0.00            15884.77        15884.77       
  65       0               0.00            15884.77        15884.77       
  70       0               0.00            15884.77        15884.77       
  72       0               0.00            15884.77        15884.77       
  91       0               0.00            15884.77        15884.77       
  94       0               0.00            15884.77        15884.77       
  16       0               15884.77        42208.14        26323.37       
  23       0               15884.77        42208.14        26323.37       
  36       0               15884.77        42208.14        26323.37       
  49       0               15884.77        42208.14        26323.37       
  68       0               15884.77        42208.14        26323.37       
  79       0               15884.77        42208.14        26323.37       
  86       0               15884.77        42208.14        26323.37       
  2        0               42208.14        51382.39        9174.25        
  43       0               42208.14        51382.39        9174.25        
  96       0               42208.14        51382.39        9174.25        

  机器利用率: 727.57% (忙碌时间: 513596.98 / 总时间: 70591.00)

打印机3:
工件号      工序号             开始时间            结束时间            加工时长           
--------------------------------------------------------------------------------
  3        0               0.00            29045.00        29045.00       
  12       0               0.00            29045.00        29045.00       
  15       0               0.00            29045.00        29045.00       
  39       0               0.00            29045.00        29045.00       
  40       0               0.00            29045.00        29045.00       
  62       0               0.00            29045.00        29045.00       
  69       0               0.00            29045.00        29045.00       
  73       0               0.00            29045.00        29045.00       
  76       0               0.00            29045.00        29045.00       
  88       0               0.00            29045.00        29045.00       
  6        0               29045.00        45346.10        16301.10       
  27       0               29045.00        45346.10        16301.10       
  56       0               29045.00        45346.10        16301.10       

  机器利用率: 480.73% (忙碌时间: 339353.29 / 总时间: 70591.00)

打印机4:
工件号      工序号             开始时间            结束时间            加工时长           
--------------------------------------------------------------------------------
  28       0               0.00            46816.94        46816.94       
  29       0               0.00            46816.94        46816.94       
  37       0               0.00            46816.94        46816.94       
  38       0               0.00            46816.94        46816.94       
  50       0               0.00            46816.94        46816.94       
  51       0               0.00            46816.94        46816.94       
  53       0               0.00            46816.94        46816.94       
  67       0               0.00            46816.94        46816.94       
  75       0               0.00            46816.94        46816.94       
  80       0               0.00            46816.94        46816.94       
  82       0               0.00            46816.94        46816.94       
  83       0               0.00            46816.94        46816.94       
  90       0               0.00            46816.94        46816.94       
  17       0               46816.94        60222.12        13405.18       
  61       0               46816.94        60222.12        13405.18       
  77       0               46816.94        60222.12        13405.18       
  78       0               46816.94        60222.12        13405.18       

  机器利用率: 938.14% (忙碌时间: 662240.94 / 总时间: 70591.00)

打印机5:
工件号      工序号             开始时间            结束时间            加工时长           
--------------------------------------------------------------------------------
  1        0               0.00            38997.00        38997.00       
  5        0               0.00            38997.00        38997.00       
  9        0               0.00            38997.00        38997.00       
  11       0               0.00            38997.00        38997.00       
  34       0               0.00            38997.00        38997.00       
  41       0               0.00            38997.00        38997.00       
  47       0               0.00            38997.00        38997.00       
  52       0               0.00            38997.00        38997.00       
  55       0               0.00            38997.00        38997.00       
  84       0               0.00            38997.00        38997.00       
  85       0               0.00            38997.00        38997.00       
  92       0               0.00            38997.00        38997.00       
  93       0               0.00            38997.00        38997.00       
  95       0               0.00            38997.00        38997.00       
  99       0               0.00            38997.00        38997.00       
  30       0               38997.00        57394.00        18397.00       
  31       0               38997.00        57394.00        18397.00       
  87       0               38997.00        57394.00        18397.00       
  71       0               57394.00        63591.00        6197.00        

  机器利用率: 915.62% (忙碌时间: 646343.00 / 总时间: 70591.00)

批处理机1:
工件号      工序号             开始时间            结束时间            加工时长           
--------------------------------------------------------------------------------

  机器利用率: 0.00% (忙碌时间: 0.00 / 总时间: 70591.00)

批处理机2:
工件号      工序号             开始时间            结束时间            加工时长           
--------------------------------------------------------------------------------
  0        1               15884.77        16948.77        1064.00        
  4        1               15884.77        16948.77        1064.00        
  7        1               15884.77        16948.77        1064.00        
  8        1               15884.77        16948.77        1064.00        
  19       1               15884.77        16948.77        1064.00        
  20       1               15884.77        16948.77        1064.00        
  21       1               15884.77        16948.77        1064.00        
  22       1               15884.77        16948.77        1064.00        
  25       1               15884.77        16948.77        1064.00        
  26       1               15884.77        16948.77        1064.00        
  32       1               15884.77        16948.77        1064.00        
  35       1               15884.77        16948.77        1064.00        
  42       1               15884.77        16948.77        1064.00        
  48       1               15884.77        16948.77        1064.00        
  65       1               15884.77        16948.77        1064.00        
  70       1               15884.77        16948.77        1064.00        
  72       1               15884.77        16948.77        1064.00        
  91       1               15884.77        16948.77        1064.00        
  94       1               15884.77        16948.77        1064.00        
  10       1               27255.90        28319.90        1064.00        
  13       1               27255.90        28319.90        1064.00        
  14       1               27255.90        28319.90        1064.00        
  33       1               27255.90        28319.90        1064.00        
  44       1               27255.90        28319.90        1064.00        
  46       1               27255.90        28319.90        1064.00        
  57       1               27255.90        28319.90        1064.00        
  59       1               27255.90        28319.90        1064.00        
  60       1               27255.90        28319.90        1064.00        
  66       1               27255.90        28319.90        1064.00        
  81       1               27255.90        28319.90        1064.00        
  97       1               27255.90        28319.90        1064.00        
  3        1               29045.00        30109.00        1064.00        
  12       1               29045.00        30109.00        1064.00        
  15       1               29045.00        30109.00        1064.00        
  39       1               29045.00        30109.00        1064.00        
  40       1               29045.00        30109.00        1064.00        
  62       1               29045.00        30109.00        1064.00        
  69       1               29045.00        30109.00        1064.00        
  73       1               29045.00        30109.00        1064.00        
  76       1               29045.00        30109.00        1064.00        
  88       1               29045.00        30109.00        1064.00        
  1        1               38997.00        40061.00        1064.00        
  5        1               38997.00        40061.00        1064.00        
  9        1               38997.00        40061.00        1064.00        
  11       1               38997.00        40061.00        1064.00        
  34       1               38997.00        40061.00        1064.00        
  41       1               38997.00        40061.00        1064.00        
  47       1               38997.00        40061.00        1064.00        
  52       1               38997.00        40061.00        1064.00        
  55       1               38997.00        40061.00        1064.00        
  84       1               38997.00        40061.00        1064.00        
  85       1               38997.00        40061.00        1064.00        
  92       1               38997.00        40061.00        1064.00        
  93       1               38997.00        40061.00        1064.00        
  95       1               38997.00        40061.00        1064.00        
  99       1               38997.00        40061.00        1064.00        
  18       1               40550.26        41614.26        1064.00        
  24       1               40550.26        41614.26        1064.00        
  58       1               40550.26        41614.26        1064.00        
  63       1               40550.26        41614.26        1064.00        
  74       1               40550.26        41614.26        1064.00        
  89       1               40550.26        41614.26        1064.00        
  98       1               40550.26        41614.26        1064.00        
  16       1               42208.14        43272.14        1064.00        
  23       1               42208.14        43272.14        1064.00        
  36       1               42208.14        43272.14        1064.00        
  49       1               42208.14        43272.14        1064.00        
  68       1               42208.14        43272.14        1064.00        
  79       1               42208.14        43272.14        1064.00        
  86       1               42208.14        43272.14        1064.00        
  6        1               45346.10        46410.10        1064.00        
  27       1               45346.10        46410.10        1064.00        
  56       1               45346.10        46410.10        1064.00        
  28       1               46816.94        47880.94        1064.00        
  29       1               46816.94        47880.94        1064.00        
  37       1               46816.94        47880.94        1064.00        
  38       1               46816.94        47880.94        1064.00        
  50       1               46816.94        47880.94        1064.00        
  51       1               46816.94        47880.94        1064.00        
  53       1               46816.94        47880.94        1064.00        
  67       1               46816.94        47880.94        1064.00        
  75       1               46816.94        47880.94        1064.00        
  80       1               46816.94        47880.94        1064.00        
  82       1               46816.94        47880.94        1064.00        
  83       1               46816.94        47880.94        1064.00        
  90       1               46816.94        47880.94        1064.00        
  45       1               48203.59        49267.59        1064.00        
  54       1               48203.59        49267.59        1064.00        
  64       1               48203.59        49267.59        1064.00        
  2        1               51382.39        52446.39        1064.00        
  43       1               51382.39        52446.39        1064.00        
  96       1               51382.39        52446.39        1064.00        
  30       1               57394.00        58458.00        1064.00        
  31       1               57394.00        58458.00        1064.00        
  87       1               57394.00        58458.00        1064.00        
  17       1               60222.12        61286.12        1064.00        
  61       1               60222.12        61286.12        1064.00        
  77       1               60222.12        61286.12        1064.00        
  78       1               60222.12        61286.12        1064.00        
  71       1               63591.00        64655.00        1064.00        

  机器利用率: 150.73% (忙碌时间: 106400.00 / 总时间: 70591.00)

离散机1:
工件号      工序号             开始时间            结束时间            加工时长           
--------------------------------------------------------------------------------
  4        2               16948.77        18081.77        1133.00        
  72       3               18561.77        20052.77        1491.00        
  35       3               20052.77        21153.77        1101.00        
  0        4               22064.77        22979.77        915.00         
  25       5               23520.77        24566.77        1046.00        
  7        4               24808.77        25734.77        926.00         
  8        6               26587.77        27620.77        1033.00        
  46       2               28319.90        29364.90        1045.00        
  66       2               29364.90        30667.90        1303.00        
  46       5               31534.90        32470.90        936.00         
  46       6               32470.90        33542.90        1072.00        
  3        2               33542.90        34474.90        932.00         
  73       2               34474.90        35509.90        1035.00        
  97       3               35509.90        36974.90        1465.00        
  66       6               38305.00        39431.00        1126.00        
  52       2               40061.00        41179.00        1118.00        
  5        2               41179.00        42852.00        1673.00        
  89       3               43384.26        44390.26        1006.00        
  34       3               44674.00        46068.00        1394.00        
  44       2               46068.00        47640.00        1572.00        
  29       2               47880.94        49066.94        1186.00        
  37       2               49066.94        50224.94        1158.00        
  75       4               51756.94        53011.94        1255.00        
  43       3               53484.39        54940.39        1456.00        
  2        2               54940.39        56197.39        1257.00        
  90       2               56197.39        57938.39        1741.00        
  31       2               58458.00        59872.00        1414.00        
  43       5               59872.00        60968.00        1096.00        
  78       2               61286.12        62433.12        1147.00        
  16       3               62433.12        64215.12        1782.00        
  45       7               64215.12        65172.12        957.00         
  47       8               65172.12        66479.12        1307.00        
  55       7               66479.12        67877.12        1398.00        
  96       8               67877.12        69040.12        1163.00        
  77       4               69040.12        70468.12        1428.00        

  机器利用率: 61.01% (忙碌时间: 43067.00 / 总时间: 70591.00)

离散机2:
工件号      工序号             开始时间            结束时间            加工时长           
--------------------------------------------------------------------------------
  72       2               16948.77        18561.77        1613.00        
  26       3               18622.77        20147.77        1525.00        
  32       2               20147.77        21278.77        1131.00        
  25       3               21278.77        22604.77        1326.00        
  7        2               22604.77        23592.77        988.00         
  8        4               23592.77        25203.77        1611.00        
  8        5               25203.77        26587.77        1384.00        
  7        5               26587.77        27932.77        1345.00        
  33       2               28319.90        30089.90        1770.00        
  94       6               30089.90        31099.90        1010.00        
  32       5               31099.90        32794.90        1695.00        
  15       4               33080.00        34170.00        1090.00        
  39       4               34170.00        35696.00        1526.00        
  4        6               35696.00        36718.00        1022.00        
  94       7               36718.00        38312.00        1594.00        
  3        4               38912.00        39910.00        998.00         
  47       2               40061.00        41314.00        1253.00        
  41       3               41314.00        43011.00        1697.00        
  34       2               43011.00        44674.00        1663.00        
  41       5               44674.00        45793.00        1119.00        
  16       2               45793.00        47583.00        1790.00        
  28       2               47880.94        49216.94        1336.00        
  5        4               49216.94        50136.94        920.00         
  5        5               50136.94        51307.94        1171.00        
  6        3               51307.94        52972.94        1665.00        
  52       4               52972.94        54360.94        1388.00        
  37       3               54360.94        56130.94        1770.00        
  6        4               56130.94        57323.94        1193.00        
  5        6               57323.94        58223.94        900.00         
  92       2               58223.94        59779.94        1556.00        
  10       5               59779.94        61508.94        1729.00        
  52       6               61508.94        62523.94        1015.00        
  1        4               62523.94        63447.94        924.00         
  47       7               63447.94        64552.94        1105.00        
  17       6               65469.12        67092.12        1623.00        
  17       7               67092.12        68063.12        971.00         
  13       7               68063.12        69044.12        981.00         
  71       4               69044.12        70198.12        1154.00        

  机器利用率: 71.61% (忙碌时间: 50551.00 / 总时间: 70591.00)

离散机3:
工件号      工序号             开始时间            结束时间            加工时长           
--------------------------------------------------------------------------------
  0        2               16948.77        17848.77        900.00         
  94       3               18388.77        19939.77        1551.00        
  25       2               19939.77        20860.77        921.00         
  26       5               21533.77        23142.77        1609.00        
  4        4               23142.77        24373.77        1231.00        
  21       3               24373.77        25491.77        1118.00        
  0        5               25491.77        26983.77        1492.00        
  72       7               26983.77        28314.77        1331.00        
  13       2               28319.90        29776.90        1457.00        
  46       4               30448.90        31534.90        1086.00        
  59       3               31534.90        32479.90        945.00         
  14       3               32479.90        33871.90        1392.00        
  88       4               33871.90        35001.90        1130.00        
  15       6               35496.00        36726.00        1230.00        
  10       4               36726.00        38423.00        1697.00        
  46       7               38423.00        39657.00        1234.00        
  11       2               40061.00        41442.00        1381.00        
  74       2               41614.26        42643.26        1029.00        
  24       2               42643.26        43973.26        1330.00        
  99       3               43973.26        45352.26        1379.00        
  58       2               45352.26        46445.26        1093.00        
  58       3               46445.26        47963.26        1518.00        
  23       3               47963.26        49060.26        1097.00        
  45       2               49267.59        50588.59        1321.00        
  82       2               50588.59        52187.59        1599.00        
  43       2               52446.39        53484.39        1038.00        
  86       3               53484.39        54804.39        1320.00        
  36       5               54804.39        56039.39        1235.00        
  43       4               56039.39        57334.39        1295.00        
  52       5               57334.39        58904.39        1570.00        
  47       6               58904.39        60347.39        1443.00        
  92       3               60347.39        61372.39        1025.00        
  31       4               61496.00        62819.00        1323.00        
  55       5               62819.00        64358.00        1539.00        
  96       7               64358.00        65524.00        1166.00        
  83       7               65524.00        66700.00        1176.00        

  机器利用率: 65.45% (忙碌时间: 46201.00 / 总时间: 70591.00)

离散机4:
工件号      工序号             开始时间            结束时间            加工时长           
--------------------------------------------------------------------------------
  42       2               16948.77        18343.77        1395.00        
  72       4               20052.77        21311.77        1259.00        
  94       5               21311.77        22265.77        954.00         
  14       2               28319.90        29735.90        1416.00        
  40       2               30109.00        31271.00        1162.00        
  69       2               31271.00        32501.00        1230.00        
  59       4               32501.00        33743.00        1242.00        
  59       5               33743.00        34677.00        934.00         
  33       5               34677.00        35675.00        998.00         
  69       5               35900.00        36914.00        1014.00        
  39       5               36914.00        38422.00        1508.00        
  8        7               38422.00        40083.00        1661.00        
  52       3               41179.00        42974.00        1795.00        
  41       4               43011.00        43914.00        903.00         
  55       2               43914.00        45373.00        1459.00        
  11       4               45373.00        47028.00        1655.00        
  51       2               47880.94        49043.94        1163.00        
  75       2               49043.94        50204.94        1161.00        
  36       4               50204.94        51493.94        1289.00        
  68       3               51493.94        52938.94        1445.00        
  96       3               53730.39        55411.39        1681.00        
  24       5               55618.94        57010.94        1392.00        
  96       5               57010.94        58383.94        1373.00        
  86       4               58383.94        60155.94        1772.00        
  5        7               60155.94        61769.94        1614.00        
  83       6               61769.94        63195.94        1426.00        
  36       7               63195.94        64118.94        923.00         
  36       8               64118.94        65100.94        982.00         
  30       8               65263.00        66640.00        1377.00        
  71       3               66640.00        68308.00        1668.00        
  24       8               68308.00        69659.00        1351.00        

  机器利用率: 58.37% (忙碌时间: 41202.00 / 总时间: 70591.00)

离散机5:
工件号      工序号             开始时间            结束时间            加工时长           
--------------------------------------------------------------------------------
  8        2               16948.77        18204.77        1256.00        
  91       2               18204.77        19843.77        1639.00        
  20       3               22715.77        23940.77        1225.00        
  32       4               23940.77        25148.77        1208.00        
  97       2               28319.90        29302.90        983.00         
  33       3               30089.90        31153.90        1064.00        
  72       8               31153.90        32545.90        1392.00        
  32       6               32794.90        33799.90        1005.00        
  40       4               34284.00        35817.00        1533.00        
  13       4               35817.00        37493.00        1676.00        
  33       6               37493.00        38432.00        939.00         
  15       7               38432.00        39345.00        913.00         
  26       9               39345.00        40841.00        1496.00        
  89       2               41614.26        43384.26        1770.00        
  47       3               43384.26        44536.26        1152.00        
  86       2               44536.26        45680.26        1144.00        
  79       2               45680.26        46603.26        923.00         
  9        3               46603.26        47516.26        913.00         
  67       2               47880.94        49156.94        1276.00        
  75       3               50204.94        51756.94        1552.00        
  28       3               51756.94        53338.94        1582.00        
  45       4               53338.94        54552.94        1214.00        
  24       4               54552.94        55618.94        1066.00        
  41       7               55618.94        56888.94        1270.00        
  23       7               57000.94        58701.94        1701.00        
  23       8               58701.94        59939.94        1238.00        
  30       4               60564.00        62022.00        1458.00        
  30       5               62022.00        62946.00        924.00         
  30       6               62946.00        64120.00        1174.00        
  30       7               64120.00        65263.00        1143.00        
  58       5               65263.00        66473.00        1210.00        

  机器利用率: 55.30% (忙碌时间: 39039.00 / 总时间: 70591.00)

离散机6:
工件号      工序号             开始时间            结束时间            加工时长           
--------------------------------------------------------------------------------
  94       2               16948.77        18388.77        1440.00        
  8        3               18388.77        19415.77        1027.00        
  20       4               23940.77        25200.77        1260.00        
  26       6               25200.77        26479.77        1279.00        
  21       4               26479.77        28044.77        1565.00        
  57       2               28319.90        29445.90        1126.00        
  46       3               29445.90        30448.90        1003.00        
  10       2               30448.90        31452.90        1004.00        
  33       4               31452.90        32361.90        909.00         
  81       2               32361.90        33625.90        1264.00        
  15       5               34170.00        35496.00        1326.00        
  14       4               35496.00        36587.00        1091.00        
  4        7               36718.00        38056.00        1338.00        
  97       4               38056.00        39519.00        1463.00        
  85       2               40061.00        41303.00        1242.00        
  14       7               41303.00        42515.00        1212.00        
  49       2               43272.14        44721.14        1449.00        
  49       3               44721.14        45667.14        946.00         
  6        2               46410.10        47415.10        1005.00        
  53       2               47880.94        48845.94        965.00         
  58       4               48845.94        49954.94        1109.00        
  50       2               49954.94        51306.94        1352.00        
  74       4               51306.94        52650.94        1344.00        
  14       9               52650.94        53977.94        1327.00        
  23       5               54315.94        55903.94        1588.00        
  45       6               56049.94        57559.94        1510.00        
  83       5               58207.94        59187.94        980.00         
  28       6               59187.94        60218.94        1031.00        
  37       4               60218.94        61409.94        1191.00        
  17       3               62240.12        63478.12        1238.00        
  77       3               63478.12        64519.12        1041.00        
  87       4               64519.12        66179.12        1660.00        
  43       6               66179.12        67216.12        1037.00        
  3        6               67216.12        68374.12        1158.00        
  17       8               68374.12        69293.12        919.00         

  机器利用率: 60.06% (忙碌时间: 42399.00 / 总时间: 70591.00)

离散机7:
工件号      工序号             开始时间            结束时间            加工时长           
--------------------------------------------------------------------------------
  26       2               16948.77        18622.77        1674.00        
  21       2               18622.77        20176.77        1554.00        
  26       4               20176.77        21533.77        1357.00        
  20       2               21533.77        22715.77        1182.00        
  72       5               22715.77        24284.77        1569.00        
  19       2               24284.77        25718.77        1434.00        
  65       6               25718.77        26743.77        1025.00        
  25       7               26743.77        27897.77        1154.00        
  60       2               28319.90        29523.90        1204.00        
  88       2               30109.00        31416.00        1307.00        
  15       3               31515.00        33080.00        1565.00        
  69       3               33080.00        34591.00        1511.00        
  10       3               34591.00        36314.00        1723.00        
  59       6               36314.00        37783.00        1469.00        
  3        3               37783.00        38912.00        1129.00        
  14       6               38912.00        40033.00        1121.00        
  41       2               40061.00        41082.00        1021.00        
  3        5               41082.00        42173.00        1091.00        
  74       3               42643.26        43888.26        1245.00        
  68       2               43888.26        45252.26        1364.00        
  99       4               45352.26        46354.26        1002.00        
  41       6               46354.26        47626.26        1272.00        
  83       2               47880.94        49373.94        1493.00        
  67       3               49373.94        50776.94        1403.00        
  1        3               50776.94        52558.94        1782.00        
  23       4               52558.94        54315.94        1757.00        
  75       6               54677.94        55595.94        918.00         
  96       4               55595.94        56713.94        1118.00        
  83       4               56713.94        58207.94        1494.00        
  13       6               58207.94        59818.94        1611.00        
  55       4               59818.94        60986.94        1168.00        
  77       2               61286.12        62435.12        1149.00        
  87       3               62435.12        64078.12        1643.00        
  69       7               64078.12        65703.12        1625.00        
  30       9               66640.00        67780.00        1140.00        
  67       5               67780.00        69040.00        1260.00        
  49       4               69040.00        70591.00        1551.00        

  机器利用率: 70.95% (忙碌时间: 50085.00 / 总时间: 70591.00)

离散机8:
工件号      工序号             开始时间            结束时间            加工时长           
--------------------------------------------------------------------------------
  35       2               16948.77        18666.77        1718.00        
  4        3               18666.77        20213.77        1547.00        
  65       4               20213.77        21122.77        909.00         
  7        3               23592.77        24808.77        1216.00        
  4        5               24808.77        25725.77        917.00         
  15       2               30109.00        31515.00        1406.00        
  88       3               31515.00        32814.00        1299.00        
  62       2               32814.00        34310.00        1496.00        
  69       4               34591.00        35900.00        1309.00        
  66       4               35900.00        37151.00        1251.00        
  14       5               37151.00        38665.00        1514.00        
  69       6               38665.00        39899.00        1234.00        
  1        2               40061.00        41705.00        1644.00        
  11       3               41705.00        42721.00        1016.00        
  5        3               42852.00        44148.00        1296.00        
  81       3               44148.00        45336.00        1188.00        
  57       3               45336.00        46323.00        987.00         
  99       5               46354.26        47782.26        1428.00        
  47       5               47782.26        49458.26        1676.00        
  83       3               49458.26        50444.26        986.00         
  45       3               50588.59        51781.59        1193.00        
  11       5               51781.59        52719.59        938.00         
  11       6               52719.59        53735.59        1016.00        
  45       5               54552.94        56049.94        1497.00        
  29       3               56049.94        57228.94        1179.00        
  93       5               57228.94        58303.94        1075.00        
  30       3               59557.00        60564.00        1007.00        
  31       3               60564.00        61496.00        932.00         
  10       6               61508.94        62841.94        1333.00        
  24       7               62841.94        64259.94        1418.00        
  55       6               64358.00        65568.00        1210.00        

  机器利用率: 55.01% (忙碌时间: 38835.00 / 总时间: 70591.00)

离散机9:
工件号      工序号             开始时间            结束时间            加工时长           
--------------------------------------------------------------------------------
  65       2               16948.77        18354.77        1406.00        
  65       3               18354.77        19820.77        1466.00        
  32       3               21278.77        22760.77        1482.00        
  65       5               22760.77        24144.77        1384.00        
  25       6               24566.77        26284.77        1718.00        
  26       7               26479.77        27480.77        1001.00        
  26       8               27480.77        28544.77        1064.00        
  20       5               28544.77        29760.77        1216.00        
  39       2               30109.00        31409.00        1300.00        
  13       3               31409.00        32974.00        1565.00        
  40       3               32974.00        34284.00        1310.00        
  7        6               34284.00        35746.00        1462.00        
  40       5               35817.00        36735.00        918.00         
  66       5               37151.00        38305.00        1154.00        
  13       5               38305.00        39813.00        1508.00        
  9        2               40061.00        41505.00        1444.00        
  93       3               41752.00        42781.00        1029.00        
  36       2               43272.14        44266.14        994.00         
  23       2               44266.14        45306.14        1040.00        
  24       3               45306.14        47048.14        1742.00        
  85       3               47048.14        48719.14        1671.00        
  53       3               48845.94        49875.94        1030.00        
  64       2               49875.94        51076.94        1201.00        
  18       2               51076.94        52218.94        1142.00        
  96       2               52446.39        53730.39        1284.00        
  82       3               53730.39        54659.39        929.00         
  99       7               54659.39        55727.39        1068.00        
  23       6               55903.94        57000.94        1097.00        
  68       4               57000.94        57929.94        929.00         
  30       2               58458.00        59557.00        1099.00        
  96       6               59557.00        60581.00        1024.00        
  6        5               60581.00        61858.00        1277.00        
  34       4               61858.00        63343.00        1485.00        
  17       4               63478.12        64463.12        985.00         
  17       5               64463.12        65469.12        1006.00        
  71       2               65469.12        66538.12        1069.00        
  31       5               66538.12        68247.12        1709.00        
  31       6               68247.12        69414.12        1167.00        
  45       8               69414.12        70325.12        911.00         

  机器利用率: 68.40% (忙碌时间: 48286.00 / 总时间: 70591.00)

离散机10:
工件号      工序号             开始时间            结束时间            加工时长           
--------------------------------------------------------------------------------
  70       2               16948.77        18130.77        1182.00        
  42       3               18343.77        19540.77        1197.00        
  94       4               19939.77        20858.77        919.00         
  0        3               20858.77        22064.77        1206.00        
  25       4               22604.77        23520.77        916.00         
  72       6               24284.77        25658.77        1374.00        
  48       2               25658.77        27097.77        1439.00        
  59       2               28319.90        29707.90        1388.00        
  20       6               29760.77        30680.77        920.00         
  39       3               31409.00        32347.00        938.00         
  66       3               32347.00        33996.00        1649.00        
  12       2               33996.00        35519.00        1523.00        
  32       7               35519.00        36595.00        1076.00        
  40       6               36735.00        38281.00        1546.00        
  33       7               38432.00        39839.00        1407.00        
  93       2               40061.00        41752.00        1691.00        
  99       2               41752.00        43049.00        1297.00        
  14       8               43049.00        44306.00        1257.00        
  47       4               44536.26        45586.26        1050.00        
  55       3               45586.26        47048.26        1462.00        
  36       3               47048.26        48054.26        1006.00        
  93       4               48054.26        49543.26        1489.00        
  54       2               49543.26        50571.26        1028.00        
  99       6               50571.26        51870.26        1299.00        
  67       4               51870.26        52807.26        937.00         
  75       5               53011.94        54677.94        1666.00        
  28       4               54677.94        55885.94        1208.00        
  28       5               55885.94        56951.94        1066.00        
  24       6               57010.94        58187.94        1177.00        
  87       2               58458.00        60188.00        1730.00        
  36       6               60188.00        61136.00        948.00         
  17       2               61286.12        62240.12        954.00         
  86       5               62240.12        63437.12        1197.00        
  52       7               63437.12        64360.12        923.00         
  69       8               65703.12        67369.12        1666.00        

  机器利用率: 61.95% (忙碌时间: 43731.00 / 总时间: 70591.00)

【打印批次详细信息】
----------------------------------------------------------------------------------------------------

打印机 1 (尺寸: 1033.0 x 412.0 x 635.0):
--------------------------------------------------------------------------------
  批次 1: 零件数=12, 占用率=89.29%
    - 46: 尺寸 389.0 x 123.0 x 52.0
    - 10: 尺寸 480.0 x 155.0 x 175.0
    - 59: 尺寸 159.0 x 229.0 x 122.0
    - 60: 尺寸 363.0 x 170.0 x 19.0
    - 66: 尺寸 438.0 x 139.0 x 124.0
    - 14: 尺寸 183.0 x 98.0 x 54.0
    - 13: 尺寸 87.0 x 87.0 x 191.0
    - 44: 尺寸 79.0 x 103.0 x 14.0
    - 33: 尺寸 143.0 x 98.0 x 20.0
    - 97: 尺寸 213.0 x 107.0 x 56.0
    - 81: 尺寸 134.0 x 93.0 x 170.0
    - 57: 尺寸 139.0 x 114.0 x 92.0
  批次 2: 零件数=7, 占用率=70.40%
    - 18: 尺寸 207.0 x 134.0 x 86.0
    - 98: 尺寸 197.0 x 134.0 x 63.0
    - 74: 尺寸 488.0 x 192.0 x 92.0
    - 24: 尺寸 187.0 x 173.0 x 33.0
    - 89: 尺寸 233.0 x 185.0 x 23.0
    - 58: 尺寸 246.0 x 181.0 x 77.0
    - 63: 尺寸 163.0 x 195.0 x 52.0
  批次 3: 零件数=3, 占用率=64.48%
    - 64: 尺寸 441.0 x 333.0 x 52.0
    - 45: 尺寸 266.0 x 241.0 x 26.0
    - 54: 尺寸 529.0 x 120.0 x 52.0

打印机 2 (尺寸: 1163.0 x 587.0 x 663.0):
--------------------------------------------------------------------------------
  批次 1: 零件数=19, 占用率=91.50%
    - 21: 尺寸 109.0 x 53.0 x 36.0
    - 42: 尺寸 86.0 x 114.0 x 61.0
    - 0: 尺寸 268.0 x 250.0 x 27.0
    - 65: 尺寸 688.0 x 246.0 x 28.0
    - 35: 尺寸 106.0 x 96.0 x 48.0
    - 94: 尺寸 86.0 x 78.0 x 15.0
    - 7: 尺寸 105.0 x 98.0 x 89.0
    - 19: 尺寸 58.0 x 220.0 x 76.0
    - 8: 尺寸 155.0 x 115.0 x 87.0
    - 26: 尺寸 353.0 x 115.0 x 50.0
    - 91: 尺寸 179.0 x 133.0 x 39.0
    - 22: 尺寸 106.0 x 69.0 x 68.0
    - 4: 尺寸 148.0 x 136.0 x 21.0
    - 20: 尺寸 89.0 x 142.0 x 104.0
    - 32: 尺寸 66.0 x 98.0 x 75.0
    - 72: 尺寸 426.0 x 214.0 x 34.0
    - 48: 尺寸 205.0 x 200.0 x 83.0
    - 25: 尺寸 207.0 x 202.0 x 33.0
    - 70: 尺寸 217.0 x 139.0 x 55.0
  批次 2: 零件数=7, 占用率=88.37%
    - 36: 尺寸 468.0 x 164.0 x 153.0
    - 23: 尺寸 422.0 x 283.0 x 63.0
    - 86: 尺寸 205.0 x 349.0 x 127.0
    - 68: 尺寸 413.0 x 227.0 x 174.0
    - 79: 尺寸 382.0 x 155.0 x 83.0
    - 49: 尺寸 720.0 x 166.0 x 70.0
    - 16: 尺寸 441.0 x 143.0 x 42.0
  批次 3: 零件数=3, 占用率=75.16%
    - 43: 尺寸 713.0 x 239.0 x 46.0
    - 2: 尺寸 184.0 x 568.0 x 44.0
    - 96: 尺寸 711.0 x 335.0 x 59.0

打印机 3 (尺寸: 941.0 x 424.0 x 663.0):
--------------------------------------------------------------------------------
  批次 1: 零件数=10, 占用率=80.36%
    - 3: 尺寸 114.0 x 130.0 x 98.0
    - 62: 尺寸 188.0 x 133.0 x 95.0
    - 76: 尺寸 165.0 x 168.0 x 18.0
    - 88: 尺寸 385.0 x 207.0 x 83.0
    - 69: 尺寸 76.0 x 101.0 x 43.0
    - 73: 尺寸 177.0 x 159.0 x 112.0
    - 15: 尺寸 172.0 x 255.0 x 44.0
    - 12: 尺寸 132.0 x 99.0 x 97.0
    - 39: 尺寸 396.0 x 158.0 x 123.0
    - 40: 尺寸 122.0 x 148.0 x 103.0
  批次 2: 零件数=3, 占用率=61.18%
    - 56: 尺寸 312.0 x 305.0 x 32.0
    - 27: 尺寸 565.0 x 191.0 x 59.0
    - 6: 尺寸 306.0 x 134.0 x 68.0

打印机 4 (尺寸: 1081.0 x 523.0 x 615.0):
--------------------------------------------------------------------------------
  批次 1: 零件数=13, 占用率=82.71%
    - 83: 尺寸 441.0 x 153.0 x 197.0
    - 80: 尺寸 152.0 x 106.0 x 19.0
    - 75: 尺寸 460.0 x 290.0 x 105.0
    - 37: 尺寸 179.0 x 208.0 x 109.0
    - 29: 尺寸 302.0 x 137.0 x 33.0
    - 51: 尺寸 135.0 x 173.0 x 83.0
    - 28: 尺寸 148.0 x 108.0 x 40.0
    - 53: 尺寸 142.0 x 121.0 x 188.0
    - 82: 尺寸 191.0 x 198.0 x 181.0
    - 67: 尺寸 121.0 x 144.0 x 191.0
    - 38: 尺寸 118.0 x 144.0 x 155.0
    - 50: 尺寸 123.0 x 185.0 x 171.0
    - 90: 尺寸 241.0 x 85.0 x 93.0
  批次 2: 零件数=4, 占用率=68.56%
    - 77: 尺寸 509.0 x 204.0 x 43.0
    - 61: 尺寸 533.0 x 123.0 x 54.0
    - 78: 尺寸 257.0 x 259.0 x 55.0
    - 17: 尺寸 668.0 x 227.0 x 36.0

打印机 5 (尺寸: 1118.0 x 504.0 x 631.0):
--------------------------------------------------------------------------------
  批次 1: 零件数=15, 占用率=85.24%
    - 92: 尺寸 440.0 x 247.0 x 168.0
    - 47: 尺寸 178.0 x 51.0 x 176.0
    - 1: 尺寸 465.0 x 126.0 x 96.0
    - 99: 尺寸 203.0 x 390.0 x 186.0
    - 41: 尺寸 420.0 x 84.0 x 65.0
    - 11: 尺寸 306.0 x 123.0 x 35.0
    - 84: 尺寸 148.0 x 132.0 x 176.0
    - 9: 尺寸 101.0 x 149.0 x 45.0
    - 85: 尺寸 205.0 x 63.0 x 96.0
    - 55: 尺寸 72.0 x 93.0 x 88.0
    - 52: 尺寸 59.0 x 170.0 x 100.0
    - 95: 尺寸 202.0 x 55.0 x 55.0
    - 93: 尺寸 291.0 x 139.0 x 38.0
    - 34: 尺寸 206.0 x 118.0 x 193.0
    - 5: 尺寸 187.0 x 63.0 x 153.0
  批次 2: 零件数=3, 占用率=73.70%
    - 30: 尺寸 686.0 x 336.0 x 90.0
    - 31: 尺寸 355.0 x 260.0 x 20.0
    - 87: 尺寸 690.0 x 134.0 x 26.0
  批次 3: 零件数=1, 占用率=33.12%
    - 71: 尺寸 699.0 x 267.0 x 29.0

════════════════════════════════════════════════════════════════
