════════════════════════════════════════════════════════════════
              最优Cmax解的详细调度记录
════════════════════════════════════════════════════════════════

【基本信息】
----------------------------------------------------------------------------------------------------
Cmax (最大完工时间): 72765.59
能耗: 834.22 kWh
装箱质量: 0.4127
批次总数: 17
工件数量: 100
机器数量: 17 (打印机:5, 批处理机:2, 离散机:10)

【染色体编码】
----------------------------------------------------------------------------------------------------
工序序列 (OS): [95, 26, 71, 6, 93, 14, 30, 54, 34, 67, 57, 10, 9, 65, 84, 83, 16, 8, 56, 42, 80, 94, 97, 55, 58, 40, 68, 60, 39, 59, 4, 38, 17, 91, 78, 96, 98, 61, 69, 21, 47, 25, 70, 43, 0, 53, 37, 7, 22, 88, 85, 19, 15, 76, 45, 90, 87, 18, 29, 1, 27, 28, 20, 92, 75, 12, 66, 49, 50, 52, 41, 33, 5, 64, 51, 31, 81, 82, 79, 3, 35, 63, 11, 2, 32, 74, 44, 46, 72, 73, 48, 23, 62, 89, 36, 99, 86, 13, 24, 77, 15, 18, 58, 72, 65, 15, 76, 96, 95, 47, 47, 56, 67, 6, 93, 24, 95, 13, 82, 86, 80, 13, 55, 84, 28, 42, 99, 17, 46, 13, 33, 83, 20, 50, 36, 67, 58, 44, 21, 96, 19, 84, 89, 72, 68, 15, 0, 19, 96, 94, 52, 37, 79, 71, 70, 35, 44, 20, 74, 62, 18, 57, 83, 13, 83, 16, 8, 0, 31, 65, 98, 92, 55, 8, 68, 98, 83, 35, 50, 16, 15, 72, 54, 94, 70, 58, 51, 60, 13, 21, 35, 88, 13, 62, 53, 99, 8, 85, 15, 96, 1, 0, 3, 96, 70, 9, 42, 58, 38, 55, 84, 59, 30, 71, 94, 92, 57, 60, 9, 36, 65, 46, 82, 66, 23, 47, 50, 70, 20, 31, 71, 63, 57, 88, 6, 5, 93, 6, 78, 54, 53, 78, 95, 12, 77, 8, 87, 72, 78, 15, 47, 44, 67, 3, 92, 60, 20, 58, 81, 49, 24, 1, 52, 74, 17, 26, 53, 79, 42, 88, 46, 18, 3, 95, 94, 58, 98, 93, 53, 62, 76, 20, 49, 34, 3, 92, 53, 56, 26, 10, 24, 31, 44, 20, 42, 1, 90, 37, 66, 80, 51, 55, 85, 80, 80, 25, 10, 36, 57, 39, 47, 10, 54, 97, 83, 31, 6, 53, 46, 68, 18, 33, 40, 50, 88, 78, 96, 98, 79, 94, 87, 27, 80, 29, 4, 55, 55, 12, 68, 93, 15, 92, 14, 72, 96, 81, 99, 53, 29, 65, 12, 98, 93, 71, 1, 46, 30, 37, 5, 80, 97, 36, 83, 63, 92, 66, 72, 1, 15, 58, 99, 31, 47, 8, 76, 14, 28, 51, 68, 92, 95, 88, 81, 1, 45, 83, 44, 94, 47, 62, 49, 14, 99, 23, 42, 4, 64, 38, 66, 8, 37, 31, 38, 19, 80, 93, 78, 42, 26, 81, 65, 24, 24, 86, 97, 0, 35, 71, 14, 57, 80, 88, 68, 31, 30, 24, 6, 58, 14, 89, 67, 92, 87, 17, 66, 32, 22, 50, 62, 0, 96, 57, 69, 22, 16, 95, 54, 84, 19, 83, 18, 5, 94, 88, 54, 5, 76, 36, 93, 47, 26, 76, 60, 36, 0, 67, 6, 39, 55, 28, 18, 4, 77, 62, 97, 44, 44, 81, 72, 99, 87, 37, 75, 84, 31, 99, 19]
机器选择 (MS): [2, 1, 5, 2, 1, 1, 2, 2, 1, 5, 5, 1, 1, 2, 5, 5, 2, 5, 1, 5, 2, 2, 5, 5, 1, 5, 2, 1, 2, 3, 1, 5, 5, 3, 2, 1, 2, 5, 1, 2, 1, 1, 2, 1, 5, 3, 1, 5, 3, 3, 5, 4, 5, 1, 2, 5, 2, 2, 5, 5, 3, 1, 2, 2, 1, 5, 2, 1, 3, 3, 3, 1, 2, 4, 1, 5, 4, 1, 4, 1, 3, 5, 5, 4, 5, 2, 1, 5, 1, 1, 3, 5, 5, 5, 2, 2, 2, 5, 1, 2, 3, 1, 3, 2, 1, 2, 1, 1, 1, 3, 1, 3, 2, 2, 2, 2, 2, 1, 1, 1, 1, 1, 1, 1, 1, 1, 1, 1, 1, 2, 1, 2, 1, 1, 1, 1, 1, 2, 1, 1, 1, 1, 1, 1, 2, 1, 1, 1, 1, 1, 1, 1, 2, 1, 1, 1, 1, 1, 1, 1, 1, 2, 2, 1, 2, 1, 3, 2, 1, 2, 2, 2, 3, 2, 1, 1, 2, 3, 1, 1, 3, 1, 2, 2, 2, 3, 1, 1, 1, 3, 1, 3, 2, 2, 3, 1, 1, 2, 2, 1, 1, 1, 1, 1, 1, 1, 1, 1, 1, 2, 2, 2, 2, 1, 2, 1, 2, 1, 1, 1, 1, 1, 1, 2, 1, 2, 2, 1, 1, 2, 2, 3, 1, 1, 3, 2, 2, 1, 2, 1, 1, 3, 1, 1, 1, 1, 1, 1, 1, 1, 1, 1, 1, 2, 2, 2, 2, 1, 3, 1, 2, 1, 3, 1, 2, 1, 1, 3, 1, 1, 1, 2, 3, 1, 2, 1, 2, 1, 1, 1, 1, 2, 3, 2, 1, 2, 1, 3, 1, 3, 2, 1, 3, 2, 1, 2, 3, 1, 3, 2, 2, 1, 1, 1, 3, 3, 1, 3, 1, 2, 1, 1, 1, 3, 2, 2, 1, 2, 3, 1, 2, 1, 1, 2, 2, 3, 1, 1, 2, 1, 2, 3, 1, 1, 1, 2, 1, 1, 1, 1, 1, 3, 3, 2, 1, 1, 1, 1, 2, 1, 2, 1, 1, 2, 2, 2, 1, 1, 1, 1, 2, 1, 2, 1, 1, 2, 1, 3, 1, 1, 1, 1, 2, 1, 1, 1, 1, 2, 3, 1, 1, 1, 1, 1, 2, 1, 2, 2, 1, 3, 3, 1, 1, 1, 3, 1, 1, 1, 1, 1, 1, 2, 2, 1, 1, 2, 1, 1, 2, 1, 2, 1, 1, 1, 1, 1, 1, 1, 3, 1, 3, 3, 1, 1, 1, 2, 2, 1, 3, 1, 3, 2, 3, 1, 2, 1, 2, 3, 1, 2, 1, 3, 1, 1, 2, 1, 2, 1, 1, 1, 2, 2, 2, 2, 1, 2, 1, 2, 1, 3, 2, 2, 1, 2, 1, 1, 2, 1, 1, 1, 1, 1, 2, 1, 2, 3, 2, 1, 1, 1, 1, 1, 2, 1, 3, 1, 3]

【零件加工顺序记录】
----------------------------------------------------------------------------------------------------
工件号      工序号             机器号             开始时间            结束时间            加工时长           
----------------------------------------------------------------------------------------------------

工件 0:
  0        0               打印机5            26935.28        40290.32        13355.04       
  0        1               批处理机2           40290.32        41102.32        812.00         
  0        2               离散机9            41102.32        42066.32        964.00         
  0        3               离散机7            42066.32        43108.32        1042.00        
  0        4               离散机9            44209.32        45465.32        1256.00        
  0        5               离散机7            45636.32        46576.32        940.00         
  0        6               离散机2            46576.32        47551.32        975.00         
  0        7               离散机4            69131.66        70311.66        1180.00        

工件 1:
  1        0               打印机5            26935.28        40290.32        13355.04       
  1        1               批处理机2           40290.32        41102.32        812.00         
  1        2               离散机5            41102.32        42830.32        1728.00        
  1        3               离散机9            45465.32        47134.32        1669.00        
  1        4               离散机6            47134.32        48714.32        1580.00        
  1        5               离散机5            52227.86        53374.86        1147.00        
  1        6               离散机6            53374.86        54943.86        1569.00        
  1        7               离散机10           54943.86        56384.86        1441.00        

工件 2:
  2        0               打印机4            0.00            20186.25        20186.25       
  2        1               批处理机2           20186.25        20998.25        812.00         

工件 3:
  3        0               打印机1            0.00            22757.66        22757.66       
  3        1               批处理机2           22757.66        23569.66        812.00         
  3        2               离散机7            24771.66        26427.66        1656.00        
  3        3               离散机8            28656.28        29642.28        986.00         
  3        4               离散机8            34266.00        35416.00        1150.00        
  3        5               离散机7            35416.00        36372.00        956.00         

工件 4:
  4        0               打印机1            43834.28        54824.69        10990.41       
  4        1               批处理机2           54824.69        55636.69        812.00         
  4        2               离散机10           60120.69        61087.69        967.00         
  4        3               离散机3            64115.59        65108.59        993.00         
  4        4               离散机6            68156.59        69150.59        994.00         

工件 5:
  5        0               打印机2            37801.93        52293.41        14491.48       
  5        1               批处理机2           52293.41        53105.41        812.00         
  5        2               离散机2            62341.59        63513.59        1172.00        
  5        3               离散机6            66036.59        67193.59        1157.00        
  5        4               离散机8            69773.96        70898.96        1125.00        
  5        5               离散机7            70898.96        72100.96        1202.00        

工件 6:
  6        0               打印机2            19138.03        37801.93        18663.90       
  6        1               批处理机2           37801.93        38613.93        812.00         
  6        2               离散机1            38613.93        39616.93        1003.00        
  6        3               离散机3            39616.93        40828.93        1212.00        
  6        4               离散机8            46259.28        47893.28        1634.00        
  6        5               离散机3            48537.32        49655.32        1118.00        
  6        6               离散机9            51439.86        52575.86        1136.00        
  6        7               离散机3            68244.59        69494.59        1250.00        

工件 7:
  7        0               打印机5            26935.28        40290.32        13355.04       
  7        1               批处理机2           40290.32        41102.32        812.00         

工件 8:
  8        0               打印机5            26935.28        40290.32        13355.04       
  8        1               批处理机2           40290.32        41102.32        812.00         
  8        2               离散机8            42095.32        43068.32        973.00         
  8        3               离散机9            43068.32        44209.32        1141.00        
  8        4               离散机5            44209.32        45546.32        1337.00        
  8        5               离散机1            50878.86        52234.86        1356.00        
  8        6               离散机7            54261.41        55376.41        1115.00        
  8        7               离散机6            67193.59        68156.59        963.00         

工件 9:
  9        0               打印机1            0.00            22757.66        22757.66       
  9        1               批处理机2           22757.66        23569.66        812.00         
  9        2               离散机6            26386.66        27918.66        1532.00        
  9        3               离散机2            27918.66        29113.66        1195.00        

工件 10:
  10       0               打印机1            0.00            22757.66        22757.66       
  10       1               批处理机2           22757.66        23569.66        812.00         
  10       2               离散机4            23569.66        24776.66        1207.00        
  10       3               离散机4            26330.66        27284.66        954.00         
  10       4               离散机1            27284.66        28347.66        1063.00        

工件 11:
  11       0               打印机5            48484.86        55864.59        7379.73        
  11       1               批处理机2           55864.59        56676.59        812.00         

工件 12:
  12       0               打印机5            48484.86        55864.59        7379.73        
  12       1               批处理机2           55864.59        56676.59        812.00         
  12       2               离散机4            58297.69        59933.69        1636.00        
  12       3               离散机4            60836.69        61804.69        968.00         
  12       4               离散机6            63354.59        65010.59        1656.00        

工件 13:
  13       0               打印机5            40290.32        48484.86        8194.54        
  13       1               批处理机2           48484.86        49296.86        812.00         
  13       2               离散机1            49296.86        50878.86        1582.00        
  13       3               离散机6            50878.86        52320.86        1442.00        
  13       4               离散机1            52320.86        53941.86        1621.00        
  13       5               离散机9            53941.86        54953.86        1012.00        
  13       6               离散机2            58176.41        59796.41        1620.00        
  13       7               离散机9            62017.59        63207.59        1190.00        

工件 14:
  14       0               打印机1            0.00            22757.66        22757.66       
  14       1               批处理机2           22757.66        23569.66        812.00         
  14       2               离散机5            25757.25        27342.25        1585.00        
  14       3               离散机2            37073.28        38218.28        1145.00        
  14       4               离散机3            43658.93        44608.93        950.00         
  14       5               离散机8            53051.28        54218.28        1167.00        
  14       6               离散机3            56684.86        58061.86        1377.00        

工件 15:
  15       0               打印机5            48484.86        55864.59        7379.73        
  15       1               批处理机2           55864.59        56676.59        812.00         
  15       2               离散机6            56676.59        58320.59        1644.00        
  15       3               离散机1            58320.59        59981.59        1661.00        
  15       4               离散机2            59981.59        60967.59        986.00         
  15       5               离散机9            60967.59        62017.59        1050.00        
  15       6               离散机3            62017.59        63132.59        1115.00        
  15       7               离散机8            63132.59        64102.59        970.00         
  15       8               离散机1            65976.66        67035.66        1059.00        
  15       9               离散机9            67390.59        68363.59        973.00         

工件 16:
  16       0               打印机2            37801.93        52293.41        14491.48       
  16       1               批处理机2           52293.41        53105.41        812.00         
  16       2               离散机2            55646.41        56562.41        916.00         
  16       3               离散机2            56562.41        58176.41        1614.00        
  16       4               离散机9            59606.59        60876.59        1270.00        

工件 17:
  17       0               打印机5            26935.28        40290.32        13355.04       
  17       1               批处理机2           40290.32        41102.32        812.00         
  17       2               离散机8            41102.32        42095.32        993.00         
  17       3               离散机10           42095.32        43105.32        1010.00        
  17       4               离散机2            43971.32        45213.32        1242.00        

工件 18:
  18       0               打印机2            37801.93        52293.41        14491.48       
  18       1               批处理机2           52293.41        53105.41        812.00         
  18       2               离散机2            53105.41        54531.41        1426.00        
  18       3               离散机2            54531.41        55646.41        1115.00        
  18       4               离散机8            55834.41        56970.41        1136.00        
  18       5               离散机5            59742.69        60775.69        1033.00        
  18       6               离散机8            62041.69        63023.69        982.00         
  18       7               离散机3            69494.59        70605.59        1111.00        

工件 19:
  19       0               打印机4            0.00            20186.25        20186.25       
  19       1               批处理机2           20186.25        20998.25        812.00         
  19       2               离散机8            20998.25        22029.25        1031.00        
  19       3               离散机9            22029.25        22988.25        959.00         
  19       4               离散机10           43105.32        44515.32        1410.00        
  19       5               离散机10           50234.28        51549.28        1315.00        
  19       6               离散机2            68958.59        70019.59        1061.00        

工件 20:
  20       0               打印机2            37801.93        52293.41        14491.48       
  20       1               批处理机2           52293.41        53105.41        812.00         
  20       2               离散机7            53105.41        54261.41        1156.00        
  20       3               离散机8            54261.41        55834.41        1573.00        
  20       4               离散机2            60967.59        62341.59        1374.00        
  20       5               离散机10           63531.59        65143.59        1612.00        
  20       6               离散机7            65143.59        66383.59        1240.00        
  20       7               离散机9            66383.59        67390.59        1007.00        

工件 21:
  21       0               打印机2            19138.03        37801.93        18663.90       
  21       1               批处理机2           37801.93        38613.93        812.00         
  21       2               离散机4            38613.93        40176.93        1563.00        
  21       3               离散机6            40176.93        41697.93        1521.00        

工件 22:
  22       0               打印机3            0.00            29801.00        29801.00       
  22       1               批处理机2           29801.00        30613.00        812.00         
  22       2               离散机1            36884.00        38206.00        1322.00        
  22       3               离散机3            59528.69        60879.69        1351.00        

工件 23:
  23       0               打印机5            0.00            26935.28        26935.28       
  23       1               批处理机2           26935.28        27747.28        812.00         
  23       2               离散机10           27747.28        28840.28        1093.00        
  23       3               离散机3            44608.93        45874.93        1266.00        

工件 24:
  24       0               打印机1            0.00            22757.66        22757.66       
  24       1               批处理机2           22757.66        23569.66        812.00         
  24       2               离散机10           23569.66        24554.66        985.00         
  24       3               离散机7            26427.66        27480.66        1053.00        
  24       4               离散机9            29075.66        30829.66        1754.00        
  24       5               离散机5            39938.93        40997.93        1059.00        
  24       6               离散机4            50368.32        51419.32        1051.00        
  24       7               离散机5            66456.69        67782.69        1326.00        

工件 25:
  25       0               打印机1            54824.69        60323.72        5499.03        
  25       1               批处理机2           60323.72        61135.72        812.00         
  25       2               离散机9            63207.59        64846.59        1639.00        

工件 26:
  26       0               打印机1            0.00            22757.66        22757.66       
  26       1               批处理机2           22757.66        23569.66        812.00         
  26       2               离散机9            25315.66        26396.66        1081.00        
  26       3               离散机3            35385.00        36308.00        923.00         
  26       4               离散机6            43040.93        44423.93        1383.00        
  26       5               离散机3            67288.59        68244.59        956.00         

工件 27:
  27       0               打印机3            0.00            29801.00        29801.00       
  27       1               批处理机2           29801.00        30613.00        812.00         
  27       2               离散机3            38320.00        39303.00        983.00         

工件 28:
  28       0               打印机1            22757.66        43834.28        21076.62       
  28       1               批处理机2           43834.28        44646.28        812.00         
  28       2               离散机8            44646.28        46259.28        1613.00        
  28       3               离散机4            46672.32        47781.32        1109.00        
  28       4               离散机2            47781.32        48943.32        1162.00        

工件 29:
  29       0               打印机5            0.00            26935.28        26935.28       
  29       1               批处理机2           26935.28        27747.28        812.00         
  29       2               离散机1            29446.66        30358.66        912.00         
  29       3               离散机1            30358.66        31291.66        933.00         

工件 30:
  30       0               打印机2            37801.93        52293.41        14491.48       
  30       1               批处理机2           52293.41        53105.41        812.00         
  30       2               离散机4            57248.69        58297.69        1049.00        
  30       3               离散机4            61804.69        63420.69        1616.00        
  30       4               离散机5            65335.69        66456.69        1121.00        

工件 31:
  31       0               打印机5            40290.32        48484.86        8194.54        
  31       1               批处理机2           48484.86        49296.86        812.00         
  31       2               离散机5            49296.86        50795.86        1499.00        
  31       3               离散机3            50795.86        51839.86        1044.00        
  31       4               离散机1            56389.86        57406.86        1017.00        
  31       5               离散机4            59933.69        60836.69        903.00         
  31       6               离散机8            61135.69        62041.69        906.00         
  31       7               离散机4            63420.69        64398.69        978.00         
  31       8               离散机1            68154.66        69926.66        1772.00        
  31       9               离散机5            70717.69        71976.69        1259.00        

工件 32:
  32       0               打印机5            55864.59        65552.96        9688.37        
  32       1               批处理机2           65552.96        66364.96        812.00         
  32       2               离散机5            67782.69        68966.69        1184.00        

工件 33:
  33       0               打印机1            43834.28        54824.69        10990.41       
  33       1               批处理机2           54824.69        55636.69        812.00         
  33       2               离散机5            56537.69        57555.69        1018.00        
  33       3               离散机5            60775.69        62299.69        1524.00        

工件 34:
  34       0               打印机1            22757.66        43834.28        21076.62       
  34       1               批处理机2           43834.28        44646.28        812.00         
  34       2               离散机1            55351.86        56389.86        1038.00        

工件 35:
  35       0               打印机3            0.00            29801.00        29801.00       
  35       1               批处理机2           29801.00        30613.00        812.00         
  35       2               离散机7            30820.28        31722.28        902.00         
  35       3               离散机3            31722.28        32808.28        1086.00        
  35       4               离散机2            32808.28        33808.28        1000.00        
  35       5               离散机7            46576.32        48094.32        1518.00        

工件 36:
  36       0               打印机2            0.00            19138.03        19138.03       
  36       1               批处理机2           19138.03        19950.03        812.00         
  36       2               离散机3            19950.03        21297.03        1347.00        
  36       3               离散机1            21297.03        22249.03        952.00         
  36       4               离散机9            30829.66        31738.66        909.00         
  36       5               离散机5            31738.66        32672.66        934.00         
  36       6               离散机9            34655.00        35607.00        952.00         
  36       7               离散机8            35607.00        36882.00        1275.00        

工件 37:
  37       0               打印机1            22757.66        43834.28        21076.62       
  37       1               批处理机2           43834.28        44646.28        812.00         
  37       2               离散机1            45901.28        47509.28        1608.00        
  37       3               离散机9            48142.32        49072.32        930.00         
  37       4               离散机8            51091.28        52076.28        985.00         
  37       5               离散机3            54115.86        55276.86        1161.00        
  37       6               离散机10           61087.69        62107.69        1020.00        

工件 38:
  38       0               打印机5            0.00            26935.28        26935.28       
  38       1               批处理机2           26935.28        27747.28        812.00         
  38       2               离散机6            27918.66        29225.66        1307.00        
  38       3               离散机1            32401.66        33585.66        1184.00        
  38       4               离散机3            49655.32        50795.32        1140.00        

工件 39:
  39       0               打印机2            19138.03        37801.93        18663.90       
  39       1               批处理机2           37801.93        38613.93        812.00         
  39       2               离散机7            38613.93        39725.93        1112.00        
  39       3               离散机1            41133.93        42369.93        1236.00        

工件 40:
  40       0               打印机5            0.00            26935.28        26935.28       
  40       1               批处理机2           26935.28        27747.28        812.00         
  40       2               离散机5            28669.66        29861.66        1192.00        

工件 41:
  41       0               打印机3            0.00            29801.00        29801.00       
  41       1               批处理机2           29801.00        30613.00        812.00         

工件 42:
  42       0               打印机5            26935.28        40290.32        13355.04       
  42       1               批处理机2           40290.32        41102.32        812.00         
  42       2               离散机4            41102.32        42464.32        1362.00        
  42       3               离散机1            42464.32        43846.32        1382.00        
  42       4               离散机5            45546.32        47276.32        1730.00        
  42       5               离散机3            47276.32        48537.32        1261.00        
  42       6               离散机4            49047.32        50368.32        1321.00        
  42       7               离散机8            56970.41        58244.41        1274.00        

工件 43:
  43       0               打印机1            43834.28        54824.69        10990.41       
  43       1               批处理机2           54824.69        55636.69        812.00         

工件 44:
  44       0               打印机1            43834.28        54824.69        10990.41       
  44       1               批处理机2           54824.69        55636.69        812.00         
  44       2               离散机4            55636.69        57248.69        1612.00        
  44       3               离散机6            59448.59        61144.59        1696.00        
  44       4               离散机2            63513.59        65044.59        1531.00        
  44       5               离散机8            65044.59        66194.59        1150.00        
  44       6               离散机4            67586.66        69131.66        1545.00        
  44       7               离散机6            69150.59        70133.59        983.00         
  44       8               离散机10           71250.96        72240.96        990.00         

工件 45:
  45       0               打印机2            19138.03        37801.93        18663.90       
  45       1               批处理机2           37801.93        38613.93        812.00         
  45       2               离散机3            40828.93        42073.93        1245.00        

工件 46:
  46       0               打印机5            48484.86        55864.59        7379.73        
  46       1               批处理机2           55864.59        56676.59        812.00         
  46       2               离散机9            56676.59        57739.59        1063.00        
  46       3               离散机1            59981.59        61520.59        1539.00        
  46       4               离散机7            61520.59        62442.59        922.00         
  46       5               离散机3            63132.59        64115.59        983.00         
  46       6               离散机6            65010.59        66036.59        1026.00        

工件 47:
  47       0               打印机1            0.00            22757.66        22757.66       
  47       1               批处理机2           22757.66        23569.66        812.00         
  47       2               离散机9            23569.66        25315.66        1746.00        
  47       3               离散机6            25315.66        26386.66        1071.00        
  47       4               离散机8            26386.66        27409.66        1023.00        
  47       5               离散机5            27409.66        28669.66        1260.00        
  47       6               离散机9            31738.66        33256.66        1518.00        
  47       7               离散机7            36372.00        38168.00        1796.00        
  47       8               离散机3            42073.93        43658.93        1585.00        
  47       9               离散机10           51549.28        53098.28        1549.00        

工件 48:
  48       0               打印机3            0.00            29801.00        29801.00       
  48       1               批处理机2           29801.00        30613.00        812.00         

工件 49:
  49       0               打印机1            22757.66        43834.28        21076.62       
  49       1               批处理机2           43834.28        44646.28        812.00         
  49       2               离散机8            47893.28        48833.28        940.00         
  49       3               离散机8            48833.28        49773.28        940.00         
  49       4               离散机1            67035.66        68154.66        1119.00        

工件 50:
  50       0               打印机3            0.00            29801.00        29801.00       
  50       1               批处理机2           29801.00        30613.00        812.00         
  50       2               离散机10           30613.00        31765.00        1152.00        
  50       3               离散机8            31765.00        33246.00        1481.00        
  50       4               离散机2            33808.28        34828.28        1020.00        
  50       5               离散机5            36256.28        37175.28        919.00         
  50       6               离散机6            44423.93        45453.93        1030.00        

工件 51:
  51       0               打印机1            60323.72        64029.66        3705.93        
  51       1               批处理机2           64029.66        64841.66        812.00         
  51       2               离散机1            64841.66        65976.66        1135.00        
  51       3               离散机4            65976.66        67586.66        1610.00        
  51       4               离散机9            68363.59        70079.59        1716.00        

工件 52:
  52       0               打印机3            0.00            29801.00        29801.00       
  52       1               批处理机2           29801.00        30613.00        812.00         
  52       2               离散机6            30613.00        31999.00        1386.00        
  52       3               离散机5            33743.28        35267.28        1524.00        

工件 53:
  53       0               打印机3            0.00            29801.00        29801.00       
  53       1               批处理机2           29801.00        30613.00        812.00         
  53       2               离散机6            31999.00        33336.00        1337.00        
  53       3               离散机9            33336.00        34655.00        1319.00        
  53       4               离散机1            34655.00        35762.00        1107.00        
  53       5               离散机9            35762.00        36859.00        1097.00        
  53       6               离散机6            36859.00        37844.00        985.00         
  53       7               离散机8            49773.28        51091.28        1318.00        
  53       8               离散机6            52320.86        53358.86        1038.00        

工件 54:
  54       0               打印机2            19138.03        37801.93        18663.90       
  54       1               批处理机2           37801.93        38613.93        812.00         
  54       2               离散机5            38613.93        39938.93        1325.00        
  54       3               离散机10           39938.93        41079.93        1141.00        
  54       4               离散机4            44173.32        45078.32        905.00         
  54       5               离散机6            45453.93        46808.93        1355.00        
  54       6               离散机3            60879.69        61961.69        1082.00        

工件 55:
  55       0               打印机5            0.00            26935.28        26935.28       
  55       1               批处理机2           26935.28        27747.28        812.00         
  55       2               离散机7            27747.28        29175.28        1428.00        
  55       3               离散机2            29175.28        30178.28        1003.00        
  55       4               离散机8            30178.28        31500.28        1322.00        
  55       5               离散机6            33336.00        34255.00        919.00         
  55       6               离散机6            41697.93        43040.93        1343.00        
  55       7               离散机1            61520.59        62778.59        1258.00        
  55       8               离散机5            68966.69        70717.69        1751.00        

工件 56:
  56       0               打印机1            22757.66        43834.28        21076.62       
  56       1               批处理机2           43834.28        44646.28        812.00         
  56       2               离散机10           44646.28        45773.28        1127.00        
  56       3               离散机9            47134.32        48142.32        1008.00        

工件 57:
  57       0               打印机5            0.00            26935.28        26935.28       
  57       1               批处理机2           26935.28        27747.28        812.00         
  57       2               离散机8            27747.28        28656.28        909.00         
  57       3               离散机4            30632.28        32105.28        1473.00        
  57       4               离散机10           32105.28        33169.28        1064.00        
  57       5               离散机5            35267.28        36256.28        989.00         
  57       6               离散机9            36859.00        38039.00        1180.00        
  57       7               离散机2            39673.28        40702.28        1029.00        

工件 58:
  58       0               打印机1            22757.66        43834.28        21076.62       
  58       1               批处理机2           43834.28        44646.28        812.00         
  58       2               离散机1            44646.28        45901.28        1255.00        
  58       3               离散机3            45901.28        47016.28        1115.00        
  58       4               离散机10           47016.28        48244.28        1228.00        
  58       5               离散机7            48244.28        49304.28        1060.00        
  58       6               离散机9            50202.86        51439.86        1237.00        
  58       7               离散机1            53941.86        55351.86        1410.00        
  58       8               离散机7            56926.69        58142.69        1216.00        
  58       9               离散机10           69755.96        71250.96        1495.00        

工件 59:
  59       0               打印机3            0.00            29801.00        29801.00       
  59       1               批处理机2           29801.00        30613.00        812.00         
  59       2               离散机3            32808.28        33939.28        1131.00        

工件 60:
  60       0               打印机1            0.00            22757.66        22757.66       
  60       1               批处理机2           22757.66        23569.66        812.00         
  60       2               离散机6            23569.66        24703.66        1134.00        
  60       3               离散机3            25011.66        26385.66        1374.00        
  60       4               离散机3            26385.66        27716.66        1331.00        
  60       5               离散机5            54678.86        55612.86        934.00         

工件 61:
  61       0               打印机5            40290.32        48484.86        8194.54        
  61       1               批处理机2           48484.86        49296.86        812.00         

工件 62:
  62       0               打印机5            40290.32        48484.86        8194.54        
  62       1               批处理机2           48484.86        49296.86        812.00         
  62       2               离散机9            49296.86        50202.86        906.00         
  62       3               离散机7            50202.86        51565.86        1363.00        
  62       4               离散机3            51839.86        52774.86        935.00         
  62       5               离散机1            57406.86        58307.86        901.00         
  62       6               离散机7            62442.59        63490.59        1048.00        
  62       7               离散机8            64102.59        65035.59        933.00         

工件 63:
  63       0               打印机5            55864.59        65552.96        9688.37        
  63       1               批处理机2           65552.96        66364.96        812.00         
  63       2               离散机10           66364.96        67747.96        1383.00        
  63       3               离散机10           67747.96        68819.96        1072.00        

工件 64:
  64       0               打印机4            0.00            20186.25        20186.25       
  64       1               批处理机2           20186.25        20998.25        812.00         
  64       2               离散机5            63596.69        65335.69        1739.00        

工件 65:
  65       0               打印机2            0.00            19138.03        19138.03       
  65       1               批处理机2           19138.03        19950.03        812.00         
  65       2               离散机7            19950.03        21219.03        1269.00        
  65       3               离散机6            21955.25        23176.25        1221.00        
  65       4               离散机5            23176.25        24298.25        1122.00        
  65       5               离散机1            25741.66        27033.66        1292.00        
  65       6               离散机1            35762.00        36884.00        1122.00        

工件 66:
  66       0               打印机2            52293.41        55310.76        3017.34        
  66       1               批处理机1           55310.76        56343.76        1033.00        
  66       2               离散机5            58532.69        59742.69        1210.00        
  66       3               离散机7            59742.69        61029.69        1287.00        
  66       4               离散机9            64846.59        66225.59        1379.00        
  66       5               离散机7            67289.59        68272.59        983.00         
  66       6               离散机8            68704.96        69773.96        1069.00        

工件 67:
  67       0               打印机5            0.00            26935.28        26935.28       
  67       1               批处理机2           26935.28        27747.28        812.00         
  67       2               离散机4            27747.28        29520.28        1773.00        
  67       3               离散机7            29520.28        30820.28        1300.00        
  67       4               离散机2            31495.28        32514.28        1019.00        
  67       5               离散机1            33585.66        34569.66        984.00         
  67       6               离散机9            38039.00        39654.00        1615.00        

工件 68:
  68       0               打印机2            0.00            19138.03        19138.03       
  68       1               批处理机2           19138.03        19950.03        812.00         
  68       2               离散机5            19950.03        21099.03        1149.00        
  68       3               离散机4            21099.03        22401.03        1302.00        
  68       4               离散机7            33665.28        34637.28        972.00         
  68       5               离散机5            37175.28        38405.28        1230.00        
  68       6               离散机4            47781.32        49047.32        1266.00        
  68       7               离散机10           49236.28        50234.28        998.00         

工件 69:
  69       0               打印机1            0.00            22757.66        22757.66       
  69       1               批处理机2           22757.66        23569.66        812.00         
  69       2               离散机4            36040.28        37268.28        1228.00        

工件 70:
  70       0               打印机2            19138.03        37801.93        18663.90       
  70       1               批处理机2           37801.93        38613.93        812.00         
  70       2               离散机8            38613.93        39992.93        1379.00        
  70       3               离散机4            42464.32        44173.32        1709.00        
  70       4               离散机1            47509.28        49060.28        1551.00        
  70       5               离散机2            49060.28        50039.28        979.00         

工件 71:
  71       0               打印机5            0.00            26935.28        26935.28       
  71       1               批处理机2           26935.28        27747.28        812.00         
  71       2               离散机3            30137.28        31316.28        1179.00        
  71       3               离散机8            33246.00        34266.00        1020.00        
  71       4               离散机3            34266.00        35385.00        1119.00        
  71       5               离散机10           37428.28        38445.28        1017.00        
  71       6               离散机1            39616.93        41133.93        1517.00        

工件 72:
  72       0               打印机1            43834.28        54824.69        10990.41       
  72       1               批处理机2           54824.69        55636.69        812.00         
  72       2               离散机5            55636.69        56537.69        901.00         
  72       3               离散机10           56537.69        58323.69        1786.00        
  72       4               离散机3            58323.69        59528.69        1205.00        
  72       5               离散机6            62257.59        63354.59        1097.00        
  72       6               离散机10           65143.59        66325.59        1182.00        
  72       7               离散机2            66743.59        67864.59        1121.00        
  72       8               离散机8            70898.96        72328.96        1430.00        

工件 73:
  73       0               打印机1            43834.28        54824.69        10990.41       
  73       1               批处理机2           54824.69        55636.69        812.00         

工件 74:
  74       0               打印机2            0.00            19138.03        19138.03       
  74       1               批处理机2           19138.03        19950.03        812.00         
  74       2               离散机9            19950.03        21497.03        1547.00        
  74       3               离散机7            22289.03        23325.03        1036.00        

工件 75:
  75       0               打印机1            43834.28        54824.69        10990.41       
  75       1               批处理机2           54824.69        55636.69        812.00         
  75       2               离散机3            70605.59        71684.59        1079.00        

工件 76:
  76       0               打印机1            0.00            22757.66        22757.66       
  76       1               批处理机2           22757.66        23569.66        812.00         
  76       2               离散机7            23569.66        24771.66        1202.00        
  76       3               离散机1            24771.66        25741.66        970.00         
  76       4               离散机1            31291.66        32401.66        1110.00        
  76       5               离散机4            51419.32        52708.32        1289.00        
  76       6               离散机9            52708.32        53757.32        1049.00        

工件 77:
  77       0               打印机2            55310.76        57095.34        1784.59        
  77       1               批处理机2           57095.34        57907.34        812.00         
  77       2               离散机10           58323.69        60120.69        1797.00        
  77       3               离散机7            69435.59        70693.59        1258.00        

工件 78:
  78       0               打印机2            0.00            19138.03        19138.03       
  78       1               批处理机2           19138.03        19950.03        812.00         
  78       2               离散机3            21297.03        22442.03        1145.00        
  78       3               离散机3            22442.03        23346.03        904.00         
  78       4               离散机10           25688.66        26856.66        1168.00        
  78       5               离散机3            37313.00        38320.00        1007.00        
  78       6               离散机3            55276.86        56684.86        1408.00        

工件 79:
  79       0               打印机4            0.00            20186.25        20186.25       
  79       1               批处理机2           20186.25        20998.25        812.00         
  79       2               离散机6            20998.25        21955.25        957.00         
  79       3               离散机7            32702.28        33665.28        963.00         
  79       4               离散机4            45078.32        46672.32        1594.00        

工件 80:
  80       0               打印机2            0.00            19138.03        19138.03       
  80       1               批处理机2           19138.03        19950.03        812.00         
  80       2               离散机10           21882.03        22987.03        1105.00        
  80       3               离散机8            23537.03        24494.03        957.00         
  80       4               离散机3            36308.00        37313.00        1005.00        
  80       5               离散机4            37313.00        38499.00        1186.00        
  80       6               离散机5            42830.32        44193.32        1363.00        
  80       7               离散机8            52076.28        53051.28        975.00         
  80       8               离散机9            54953.86        56490.86        1537.00        
  80       9               离散机9            70079.59        71585.59        1506.00        

工件 81:
  81       0               打印机4            0.00            20186.25        20186.25       
  81       1               批处理机2           20186.25        20998.25        812.00         
  81       2               离散机1            22249.03        23769.03        1520.00        
  81       3               离散机1            23769.03        24688.03        919.00         
  81       4               离散机10           38445.28        39745.28        1300.00        
  81       5               离散机2            42251.32        43971.32        1720.00        
  81       6               离散机4            70311.66        71506.66        1195.00        

工件 82:
  82       0               打印机1            43834.28        54824.69        10990.41       
  82       1               批处理机2           54824.69        55636.69        812.00         
  82       2               离散机6            58320.59        59448.59        1128.00        
  82       3               离散机8            59748.69        61135.69        1387.00        

工件 83:
  83       0               打印机5            0.00            26935.28        26935.28       
  83       1               批处理机2           26935.28        27747.28        812.00         
  83       2               离散机4            29520.28        30632.28        1112.00        
  83       3               离散机7            31722.28        32702.28        980.00         
  83       4               离散机5            32702.28        33743.28        1041.00        
  83       5               离散机4            33743.28        34751.28        1008.00        
  83       6               离散机4            34751.28        36040.28        1289.00        
  83       7               离散机5            53374.86        54678.86        1304.00        
  83       8               离散机5            62299.69        63596.69        1297.00        
  83       9               离散机3            65108.59        66273.59        1165.00        

工件 84:
  84       0               打印机5            0.00            26935.28        26935.28       
  84       1               批处理机2           26935.28        27747.28        812.00         
  84       2               离散机3            27747.28        28666.28        919.00         
  84       3               离散机3            28666.28        30137.28        1471.00        
  84       4               离散机2            30178.28        31495.28        1317.00        
  84       5               离散机4            40176.93        41084.93        908.00         
  84       6               离散机2            45213.32        46495.32        1282.00        

工件 85:
  85       0               打印机5            26935.28        40290.32        13355.04       
  85       1               批处理机2           40290.32        41102.32        812.00         
  85       2               离散机2            41102.32        42251.32        1149.00        
  85       3               离散机8            43068.32        43986.32        918.00         

工件 86:
  86       0               打印机2            37801.93        52293.41        14491.48       
  86       1               批处理机2           52293.41        53105.41        812.00         
  86       2               离散机4            53105.41        54046.41        941.00         
  86       3               离散机9            58675.59        59606.59        931.00         

工件 87:
  87       0               打印机2            37801.93        52293.41        14491.48       
  87       1               批处理机2           52293.41        53105.41        812.00         
  87       2               离散机10           53105.41        54094.41        989.00         
  87       3               离散机2            65044.59        66743.59        1699.00        
  87       4               离散机7            68272.59        69435.59        1163.00        
  87       5               离散机1            71218.66        72434.66        1216.00        

工件 88:
  88       0               打印机3            0.00            29801.00        29801.00       
  88       1               批处理机2           29801.00        30613.00        812.00         
  88       2               离散机5            30613.00        31566.00        953.00         
  88       3               离散机4            32105.28        33035.28        930.00         
  88       4               离散机2            34828.28        35915.28        1087.00        
  88       5               离散机10           35915.28        37428.28        1513.00        
  88       6               离散机7            40951.93        41856.93        905.00         
  88       7               离散机10           48244.28        49236.28        992.00         
  88       8               离散机7            51565.86        53018.86        1453.00        

工件 89:
  89       0               打印机5            55864.59        65552.96        9688.37        
  89       1               批处理机2           65552.96        66364.96        812.00         
  89       2               离散机8            66364.96        67559.96        1195.00        
  89       3               离散机1            69926.66        71218.66        1292.00        

工件 90:
  90       0               打印机5            55864.59        65552.96        9688.37        
  90       1               批处理机2           65552.96        66364.96        812.00         
  90       2               离散机8            67559.96        68704.96        1145.00        

工件 91:
  91       0               打印机3            0.00            29801.00        29801.00       
  91       1               批处理机2           29801.00        30613.00        812.00         

工件 92:
  92       0               打印机2            19138.03        37801.93        18663.90       
  92       1               批处理机2           37801.93        38613.93        812.00         
  92       2               离散机6            38613.93        39728.93        1115.00        
  92       3               离散机7            39728.93        40951.93        1223.00        
  92       4               离散机7            43108.32        44568.32        1460.00        
  92       5               离散机10           45773.28        46867.28        1094.00        
  92       6               离散机6            48714.32        49711.32        997.00         
  92       7               离散机3            52774.86        54115.86        1341.00        
  92       8               离散机7            58142.69        59452.69        1310.00        
  92       9               离散机4            64398.69        65672.69        1274.00        

工件 93:
  93       0               打印机1            0.00            22757.66        22757.66       
  93       1               批处理机2           22757.66        23569.66        812.00         
  93       2               离散机3            23569.66        25011.66        1442.00        
  93       3               离散机4            25011.66        26330.66        1319.00        
  93       4               离散机9            27318.66        29075.66        1757.00        
  93       5               离散机5            47276.32        48703.32        1427.00        
  93       6               离散机2            50039.28        51515.28        1476.00        
  93       7               离散机2            51515.28        52711.28        1196.00        
  93       8               离散机3            66273.59        67288.59        1015.00        

工件 94:
  94       0               打印机2            0.00            19138.03        19138.03       
  94       1               批处理机2           19138.03        19950.03        812.00         
  94       2               离散机7            21219.03        22289.03        1070.00        
  94       3               离散机4            22401.03        23470.03        1069.00        
  94       4               离散机6            29225.66        30460.66        1235.00        
  94       5               离散机10           33169.28        34856.28        1687.00        
  94       6               离散机2            35915.28        37073.28        1158.00        
  94       7               离散机7            44568.32        45636.32        1068.00        
  94       8               离散机6            49711.32        50846.32        1135.00        

工件 95:
  95       0               打印机2            0.00            19138.03        19138.03       
  95       1               批处理机2           19138.03        19950.03        812.00         
  95       2               离散机6            19950.03        20851.03        901.00         
  95       3               离散机10           20851.03        21882.03        1031.00        
  95       4               离散机10           24554.66        25688.66        1134.00        
  95       5               离散机9            26396.66        27318.66        922.00         
  95       6               离散机10           28840.28        30315.28        1475.00        
  95       7               离散机10           34856.28        35796.28        940.00         

工件 96:
  96       0               打印机1            43834.28        54824.69        10990.41       
  96       1               批处理机2           54824.69        55636.69        812.00         
  96       2               离散机7            55636.69        56926.69        1290.00        
  96       3               离散机5            57555.69        58532.69        977.00         
  96       4               离散机8            58532.69        59748.69        1216.00        
  96       5               离散机6            61144.59        62257.59        1113.00        
  96       6               离散机10           62257.59        63531.59        1274.00        
  96       7               离散机7            63531.59        65114.59        1583.00        
  96       8               离散机7            66383.59        67289.59        906.00         
  96       9               离散机2            67864.59        68958.59        1094.00        

工件 97:
  97       0               打印机5            0.00            26935.28        26935.28       
  97       1               批处理机2           26935.28        27747.28        812.00         
  97       2               离散机1            28347.66        29446.66        1099.00        
  97       3               离散机6            35783.00        36833.00        1050.00        
  97       4               离散机2            38218.28        39673.28        1455.00        
  97       5               离散机9            39673.28        40985.28        1312.00        

工件 98:
  98       0               打印机2            0.00            19138.03        19138.03       
  98       1               批处理机2           19138.03        19950.03        812.00         
  98       2               离散机5            21099.03        22491.03        1392.00        
  98       3               离散机8            22491.03        23537.03        1046.00        
  98       4               离散机5            24298.25        25757.25        1459.00        
  98       5               离散机6            34255.00        35783.00        1528.00        
  98       6               离散机5            50795.86        52227.86        1432.00        

工件 99:
  99       0               打印机2            37801.93        52293.41        14491.48       
  99       1               批处理机2           52293.41        53105.41        812.00         
  99       2               离散机4            54046.41        54966.41        920.00         
  99       3               离散机6            54966.41        56299.41        1333.00        
  99       4               离散机9            57739.59        58675.59        936.00         
  99       5               离散机1            62778.59        64466.59        1688.00        
  99       6               离散机10           68819.96        69755.96        936.00         
  99       7               离散机6            70133.59        71678.59        1545.00        
  99       8               离散机6            71678.59        72765.59        1087.00        

【机器加工顺序记录】
----------------------------------------------------------------------------------------------------

打印机1:
工件号      工序号             开始时间            结束时间            加工时长           
--------------------------------------------------------------------------------
  3        0               0.00            22757.66        22757.66       
  9        0               0.00            22757.66        22757.66       
  10       0               0.00            22757.66        22757.66       
  14       0               0.00            22757.66        22757.66       
  24       0               0.00            22757.66        22757.66       
  26       0               0.00            22757.66        22757.66       
  47       0               0.00            22757.66        22757.66       
  60       0               0.00            22757.66        22757.66       
  69       0               0.00            22757.66        22757.66       
  76       0               0.00            22757.66        22757.66       
  93       0               0.00            22757.66        22757.66       
  28       0               22757.66        43834.28        21076.62       
  34       0               22757.66        43834.28        21076.62       
  37       0               22757.66        43834.28        21076.62       
  49       0               22757.66        43834.28        21076.62       
  56       0               22757.66        43834.28        21076.62       
  58       0               22757.66        43834.28        21076.62       
  4        0               43834.28        54824.69        10990.41       
  33       0               43834.28        54824.69        10990.41       
  43       0               43834.28        54824.69        10990.41       
  44       0               43834.28        54824.69        10990.41       
  72       0               43834.28        54824.69        10990.41       
  73       0               43834.28        54824.69        10990.41       
  75       0               43834.28        54824.69        10990.41       
  82       0               43834.28        54824.69        10990.41       
  96       0               43834.28        54824.69        10990.41       
  25       0               54824.69        60323.72        5499.03        
  51       0               60323.72        64029.66        3705.93        

  机器利用率: 666.40% (忙碌时间: 484912.62 / 总时间: 72765.59)

打印机2:
工件号      工序号             开始时间            结束时间            加工时长           
--------------------------------------------------------------------------------
  36       0               0.00            19138.03        19138.03       
  65       0               0.00            19138.03        19138.03       
  68       0               0.00            19138.03        19138.03       
  74       0               0.00            19138.03        19138.03       
  78       0               0.00            19138.03        19138.03       
  80       0               0.00            19138.03        19138.03       
  94       0               0.00            19138.03        19138.03       
  95       0               0.00            19138.03        19138.03       
  98       0               0.00            19138.03        19138.03       
  6        0               19138.03        37801.93        18663.90       
  21       0               19138.03        37801.93        18663.90       
  39       0               19138.03        37801.93        18663.90       
  45       0               19138.03        37801.93        18663.90       
  54       0               19138.03        37801.93        18663.90       
  70       0               19138.03        37801.93        18663.90       
  92       0               19138.03        37801.93        18663.90       
  5        0               37801.93        52293.41        14491.48       
  16       0               37801.93        52293.41        14491.48       
  18       0               37801.93        52293.41        14491.48       
  20       0               37801.93        52293.41        14491.48       
  30       0               37801.93        52293.41        14491.48       
  86       0               37801.93        52293.41        14491.48       
  87       0               37801.93        52293.41        14491.48       
  99       0               37801.93        52293.41        14491.48       
  66       0               52293.41        55310.76        3017.34        
  77       0               55310.76        57095.34        1784.59        

  机器利用率: 582.18% (忙碌时间: 423623.38 / 总时间: 72765.59)

打印机3:
工件号      工序号             开始时间            结束时间            加工时长           
--------------------------------------------------------------------------------
  22       0               0.00            29801.00        29801.00       
  27       0               0.00            29801.00        29801.00       
  35       0               0.00            29801.00        29801.00       
  41       0               0.00            29801.00        29801.00       
  48       0               0.00            29801.00        29801.00       
  50       0               0.00            29801.00        29801.00       
  52       0               0.00            29801.00        29801.00       
  53       0               0.00            29801.00        29801.00       
  59       0               0.00            29801.00        29801.00       
  88       0               0.00            29801.00        29801.00       
  91       0               0.00            29801.00        29801.00       

  机器利用率: 450.50% (忙碌时间: 327811.00 / 总时间: 72765.59)

打印机4:
工件号      工序号             开始时间            结束时间            加工时长           
--------------------------------------------------------------------------------
  2        0               0.00            20186.25        20186.25       
  19       0               0.00            20186.25        20186.25       
  64       0               0.00            20186.25        20186.25       
  79       0               0.00            20186.25        20186.25       
  81       0               0.00            20186.25        20186.25       

  机器利用率: 138.71% (忙碌时间: 100931.25 / 总时间: 72765.59)

打印机5:
工件号      工序号             开始时间            结束时间            加工时长           
--------------------------------------------------------------------------------
  23       0               0.00            26935.28        26935.28       
  29       0               0.00            26935.28        26935.28       
  38       0               0.00            26935.28        26935.28       
  40       0               0.00            26935.28        26935.28       
  55       0               0.00            26935.28        26935.28       
  57       0               0.00            26935.28        26935.28       
  67       0               0.00            26935.28        26935.28       
  71       0               0.00            26935.28        26935.28       
  83       0               0.00            26935.28        26935.28       
  84       0               0.00            26935.28        26935.28       
  97       0               0.00            26935.28        26935.28       
  0        0               26935.28        40290.32        13355.04       
  1        0               26935.28        40290.32        13355.04       
  7        0               26935.28        40290.32        13355.04       
  8        0               26935.28        40290.32        13355.04       
  17       0               26935.28        40290.32        13355.04       
  42       0               26935.28        40290.32        13355.04       
  85       0               26935.28        40290.32        13355.04       
  13       0               40290.32        48484.86        8194.54        
  31       0               40290.32        48484.86        8194.54        
  61       0               40290.32        48484.86        8194.54        
  62       0               40290.32        48484.86        8194.54        
  11       0               48484.86        55864.59        7379.73        
  12       0               48484.86        55864.59        7379.73        
  15       0               48484.86        55864.59        7379.73        
  46       0               48484.86        55864.59        7379.73        
  32       0               55864.59        65552.96        9688.37        
  63       0               55864.59        65552.96        9688.37        
  89       0               55864.59        65552.96        9688.37        
  90       0               55864.59        65552.96        9688.37        

  机器利用率: 674.53% (忙碌时间: 490823.95 / 总时间: 72765.59)

批处理机1:
工件号      工序号             开始时间            结束时间            加工时长           
--------------------------------------------------------------------------------
  66       1               55310.76        56343.76        1033.00        

  机器利用率: 1.42% (忙碌时间: 1033.00 / 总时间: 72765.59)

批处理机2:
工件号      工序号             开始时间            结束时间            加工时长           
--------------------------------------------------------------------------------
  36       1               19138.03        19950.03        812.00         
  65       1               19138.03        19950.03        812.00         
  68       1               19138.03        19950.03        812.00         
  74       1               19138.03        19950.03        812.00         
  78       1               19138.03        19950.03        812.00         
  80       1               19138.03        19950.03        812.00         
  94       1               19138.03        19950.03        812.00         
  95       1               19138.03        19950.03        812.00         
  98       1               19138.03        19950.03        812.00         
  2        1               20186.25        20998.25        812.00         
  19       1               20186.25        20998.25        812.00         
  64       1               20186.25        20998.25        812.00         
  79       1               20186.25        20998.25        812.00         
  81       1               20186.25        20998.25        812.00         
  3        1               22757.66        23569.66        812.00         
  9        1               22757.66        23569.66        812.00         
  10       1               22757.66        23569.66        812.00         
  14       1               22757.66        23569.66        812.00         
  24       1               22757.66        23569.66        812.00         
  26       1               22757.66        23569.66        812.00         
  47       1               22757.66        23569.66        812.00         
  60       1               22757.66        23569.66        812.00         
  69       1               22757.66        23569.66        812.00         
  76       1               22757.66        23569.66        812.00         
  93       1               22757.66        23569.66        812.00         
  23       1               26935.28        27747.28        812.00         
  29       1               26935.28        27747.28        812.00         
  38       1               26935.28        27747.28        812.00         
  40       1               26935.28        27747.28        812.00         
  55       1               26935.28        27747.28        812.00         
  57       1               26935.28        27747.28        812.00         
  67       1               26935.28        27747.28        812.00         
  71       1               26935.28        27747.28        812.00         
  83       1               26935.28        27747.28        812.00         
  84       1               26935.28        27747.28        812.00         
  97       1               26935.28        27747.28        812.00         
  22       1               29801.00        30613.00        812.00         
  27       1               29801.00        30613.00        812.00         
  35       1               29801.00        30613.00        812.00         
  41       1               29801.00        30613.00        812.00         
  48       1               29801.00        30613.00        812.00         
  50       1               29801.00        30613.00        812.00         
  52       1               29801.00        30613.00        812.00         
  53       1               29801.00        30613.00        812.00         
  59       1               29801.00        30613.00        812.00         
  88       1               29801.00        30613.00        812.00         
  91       1               29801.00        30613.00        812.00         
  6        1               37801.93        38613.93        812.00         
  21       1               37801.93        38613.93        812.00         
  39       1               37801.93        38613.93        812.00         
  45       1               37801.93        38613.93        812.00         
  54       1               37801.93        38613.93        812.00         
  70       1               37801.93        38613.93        812.00         
  92       1               37801.93        38613.93        812.00         
  0        1               40290.32        41102.32        812.00         
  1        1               40290.32        41102.32        812.00         
  7        1               40290.32        41102.32        812.00         
  8        1               40290.32        41102.32        812.00         
  17       1               40290.32        41102.32        812.00         
  42       1               40290.32        41102.32        812.00         
  85       1               40290.32        41102.32        812.00         
  28       1               43834.28        44646.28        812.00         
  34       1               43834.28        44646.28        812.00         
  37       1               43834.28        44646.28        812.00         
  49       1               43834.28        44646.28        812.00         
  56       1               43834.28        44646.28        812.00         
  58       1               43834.28        44646.28        812.00         
  13       1               48484.86        49296.86        812.00         
  31       1               48484.86        49296.86        812.00         
  61       1               48484.86        49296.86        812.00         
  62       1               48484.86        49296.86        812.00         
  5        1               52293.41        53105.41        812.00         
  16       1               52293.41        53105.41        812.00         
  18       1               52293.41        53105.41        812.00         
  20       1               52293.41        53105.41        812.00         
  30       1               52293.41        53105.41        812.00         
  86       1               52293.41        53105.41        812.00         
  87       1               52293.41        53105.41        812.00         
  99       1               52293.41        53105.41        812.00         
  4        1               54824.69        55636.69        812.00         
  33       1               54824.69        55636.69        812.00         
  43       1               54824.69        55636.69        812.00         
  44       1               54824.69        55636.69        812.00         
  72       1               54824.69        55636.69        812.00         
  73       1               54824.69        55636.69        812.00         
  75       1               54824.69        55636.69        812.00         
  82       1               54824.69        55636.69        812.00         
  96       1               54824.69        55636.69        812.00         
  11       1               55864.59        56676.59        812.00         
  12       1               55864.59        56676.59        812.00         
  15       1               55864.59        56676.59        812.00         
  46       1               55864.59        56676.59        812.00         
  77       1               57095.34        57907.34        812.00         
  25       1               60323.72        61135.72        812.00         
  51       1               64029.66        64841.66        812.00         
  32       1               65552.96        66364.96        812.00         
  63       1               65552.96        66364.96        812.00         
  89       1               65552.96        66364.96        812.00         
  90       1               65552.96        66364.96        812.00         

  机器利用率: 110.48% (忙碌时间: 80388.00 / 总时间: 72765.59)

离散机1:
工件号      工序号             开始时间            结束时间            加工时长           
--------------------------------------------------------------------------------
  36       3               21297.03        22249.03        952.00         
  81       2               22249.03        23769.03        1520.00        
  81       3               23769.03        24688.03        919.00         
  76       3               24771.66        25741.66        970.00         
  65       5               25741.66        27033.66        1292.00        
  10       4               27284.66        28347.66        1063.00        
  97       2               28347.66        29446.66        1099.00        
  29       2               29446.66        30358.66        912.00         
  29       3               30358.66        31291.66        933.00         
  76       4               31291.66        32401.66        1110.00        
  38       3               32401.66        33585.66        1184.00        
  67       5               33585.66        34569.66        984.00         
  53       4               34655.00        35762.00        1107.00        
  65       6               35762.00        36884.00        1122.00        
  22       2               36884.00        38206.00        1322.00        
  6        2               38613.93        39616.93        1003.00        
  71       6               39616.93        41133.93        1517.00        
  39       3               41133.93        42369.93        1236.00        
  42       3               42464.32        43846.32        1382.00        
  58       2               44646.28        45901.28        1255.00        
  37       2               45901.28        47509.28        1608.00        
  70       4               47509.28        49060.28        1551.00        
  13       2               49296.86        50878.86        1582.00        
  8        5               50878.86        52234.86        1356.00        
  13       4               52320.86        53941.86        1621.00        
  58       7               53941.86        55351.86        1410.00        
  34       2               55351.86        56389.86        1038.00        
  31       4               56389.86        57406.86        1017.00        
  62       5               57406.86        58307.86        901.00         
  15       3               58320.59        59981.59        1661.00        
  46       3               59981.59        61520.59        1539.00        
  55       7               61520.59        62778.59        1258.00        
  99       5               62778.59        64466.59        1688.00        
  51       2               64841.66        65976.66        1135.00        
  15       8               65976.66        67035.66        1059.00        
  49       4               67035.66        68154.66        1119.00        
  31       8               68154.66        69926.66        1772.00        
  89       3               69926.66        71218.66        1292.00        
  87       5               71218.66        72434.66        1216.00        

  机器利用率: 66.93% (忙碌时间: 48705.00 / 总时间: 72765.59)

离散机2:
工件号      工序号             开始时间            结束时间            加工时长           
--------------------------------------------------------------------------------
  9        3               27918.66        29113.66        1195.00        
  55       3               29175.28        30178.28        1003.00        
  84       4               30178.28        31495.28        1317.00        
  67       4               31495.28        32514.28        1019.00        
  35       4               32808.28        33808.28        1000.00        
  50       4               33808.28        34828.28        1020.00        
  88       4               34828.28        35915.28        1087.00        
  94       6               35915.28        37073.28        1158.00        
  14       3               37073.28        38218.28        1145.00        
  97       4               38218.28        39673.28        1455.00        
  57       7               39673.28        40702.28        1029.00        
  85       2               41102.32        42251.32        1149.00        
  81       5               42251.32        43971.32        1720.00        
  17       4               43971.32        45213.32        1242.00        
  84       6               45213.32        46495.32        1282.00        
  0        6               46576.32        47551.32        975.00         
  28       4               47781.32        48943.32        1162.00        
  70       5               49060.28        50039.28        979.00         
  93       6               50039.28        51515.28        1476.00        
  93       7               51515.28        52711.28        1196.00        
  18       2               53105.41        54531.41        1426.00        
  18       3               54531.41        55646.41        1115.00        
  16       2               55646.41        56562.41        916.00         
  16       3               56562.41        58176.41        1614.00        
  13       6               58176.41        59796.41        1620.00        
  15       4               59981.59        60967.59        986.00         
  20       4               60967.59        62341.59        1374.00        
  5        2               62341.59        63513.59        1172.00        
  44       4               63513.59        65044.59        1531.00        
  87       3               65044.59        66743.59        1699.00        
  72       7               66743.59        67864.59        1121.00        
  96       9               67864.59        68958.59        1094.00        
  19       6               68958.59        70019.59        1061.00        

  机器利用率: 55.44% (忙碌时间: 40338.00 / 总时间: 72765.59)

离散机3:
工件号      工序号             开始时间            结束时间            加工时长           
--------------------------------------------------------------------------------
  36       2               19950.03        21297.03        1347.00        
  78       2               21297.03        22442.03        1145.00        
  78       3               22442.03        23346.03        904.00         
  93       2               23569.66        25011.66        1442.00        
  60       3               25011.66        26385.66        1374.00        
  60       4               26385.66        27716.66        1331.00        
  84       2               27747.28        28666.28        919.00         
  84       3               28666.28        30137.28        1471.00        
  71       2               30137.28        31316.28        1179.00        
  35       3               31722.28        32808.28        1086.00        
  59       2               32808.28        33939.28        1131.00        
  71       4               34266.00        35385.00        1119.00        
  26       3               35385.00        36308.00        923.00         
  80       4               36308.00        37313.00        1005.00        
  78       5               37313.00        38320.00        1007.00        
  27       2               38320.00        39303.00        983.00         
  6        3               39616.93        40828.93        1212.00        
  45       2               40828.93        42073.93        1245.00        
  47       8               42073.93        43658.93        1585.00        
  14       4               43658.93        44608.93        950.00         
  23       3               44608.93        45874.93        1266.00        
  58       3               45901.28        47016.28        1115.00        
  42       5               47276.32        48537.32        1261.00        
  6        5               48537.32        49655.32        1118.00        
  38       4               49655.32        50795.32        1140.00        
  31       3               50795.86        51839.86        1044.00        
  62       4               51839.86        52774.86        935.00         
  92       7               52774.86        54115.86        1341.00        
  37       5               54115.86        55276.86        1161.00        
  78       6               55276.86        56684.86        1408.00        
  14       6               56684.86        58061.86        1377.00        
  72       4               58323.69        59528.69        1205.00        
  22       3               59528.69        60879.69        1351.00        
  54       6               60879.69        61961.69        1082.00        
  15       6               62017.59        63132.59        1115.00        
  46       5               63132.59        64115.59        983.00         
  4        3               64115.59        65108.59        993.00         
  83       9               65108.59        66273.59        1165.00        
  93       8               66273.59        67288.59        1015.00        
  26       5               67288.59        68244.59        956.00         
  6        7               68244.59        69494.59        1250.00        
  18       7               69494.59        70605.59        1111.00        
  75       2               70605.59        71684.59        1079.00        

  机器利用率: 68.48% (忙碌时间: 49829.00 / 总时间: 72765.59)

离散机4:
工件号      工序号             开始时间            结束时间            加工时长           
--------------------------------------------------------------------------------
  68       3               21099.03        22401.03        1302.00        
  94       3               22401.03        23470.03        1069.00        
  10       2               23569.66        24776.66        1207.00        
  93       3               25011.66        26330.66        1319.00        
  10       3               26330.66        27284.66        954.00         
  67       2               27747.28        29520.28        1773.00        
  83       2               29520.28        30632.28        1112.00        
  57       3               30632.28        32105.28        1473.00        
  88       3               32105.28        33035.28        930.00         
  83       5               33743.28        34751.28        1008.00        
  83       6               34751.28        36040.28        1289.00        
  69       2               36040.28        37268.28        1228.00        
  80       5               37313.00        38499.00        1186.00        
  21       2               38613.93        40176.93        1563.00        
  84       5               40176.93        41084.93        908.00         
  42       2               41102.32        42464.32        1362.00        
  70       3               42464.32        44173.32        1709.00        
  54       4               44173.32        45078.32        905.00         
  79       4               45078.32        46672.32        1594.00        
  28       3               46672.32        47781.32        1109.00        
  68       6               47781.32        49047.32        1266.00        
  42       6               49047.32        50368.32        1321.00        
  24       6               50368.32        51419.32        1051.00        
  76       5               51419.32        52708.32        1289.00        
  86       2               53105.41        54046.41        941.00         
  99       2               54046.41        54966.41        920.00         
  44       2               55636.69        57248.69        1612.00        
  30       2               57248.69        58297.69        1049.00        
  12       2               58297.69        59933.69        1636.00        
  31       5               59933.69        60836.69        903.00         
  12       3               60836.69        61804.69        968.00         
  30       3               61804.69        63420.69        1616.00        
  31       7               63420.69        64398.69        978.00         
  92       9               64398.69        65672.69        1274.00        
  51       3               65976.66        67586.66        1610.00        
  44       6               67586.66        69131.66        1545.00        
  0        7               69131.66        70311.66        1180.00        
  81       6               70311.66        71506.66        1195.00        

  机器利用率: 65.08% (忙碌时间: 47354.00 / 总时间: 72765.59)

离散机5:
工件号      工序号             开始时间            结束时间            加工时长           
--------------------------------------------------------------------------------
  68       2               19950.03        21099.03        1149.00        
  98       2               21099.03        22491.03        1392.00        
  65       4               23176.25        24298.25        1122.00        
  98       4               24298.25        25757.25        1459.00        
  14       2               25757.25        27342.25        1585.00        
  47       5               27409.66        28669.66        1260.00        
  40       2               28669.66        29861.66        1192.00        
  88       2               30613.00        31566.00        953.00         
  36       5               31738.66        32672.66        934.00         
  83       4               32702.28        33743.28        1041.00        
  52       3               33743.28        35267.28        1524.00        
  57       5               35267.28        36256.28        989.00         
  50       5               36256.28        37175.28        919.00         
  68       5               37175.28        38405.28        1230.00        
  54       2               38613.93        39938.93        1325.00        
  24       5               39938.93        40997.93        1059.00        
  1        2               41102.32        42830.32        1728.00        
  80       6               42830.32        44193.32        1363.00        
  8        4               44209.32        45546.32        1337.00        
  42       4               45546.32        47276.32        1730.00        
  93       5               47276.32        48703.32        1427.00        
  31       2               49296.86        50795.86        1499.00        
  98       6               50795.86        52227.86        1432.00        
  1        5               52227.86        53374.86        1147.00        
  83       7               53374.86        54678.86        1304.00        
  60       5               54678.86        55612.86        934.00         
  72       2               55636.69        56537.69        901.00         
  33       2               56537.69        57555.69        1018.00        
  96       3               57555.69        58532.69        977.00         
  66       2               58532.69        59742.69        1210.00        
  18       5               59742.69        60775.69        1033.00        
  33       3               60775.69        62299.69        1524.00        
  83       8               62299.69        63596.69        1297.00        
  64       2               63596.69        65335.69        1739.00        
  30       4               65335.69        66456.69        1121.00        
  24       7               66456.69        67782.69        1326.00        
  32       2               67782.69        68966.69        1184.00        
  55       8               68966.69        70717.69        1751.00        
  31       9               70717.69        71976.69        1259.00        

  机器利用率: 67.85% (忙碌时间: 49374.00 / 总时间: 72765.59)

离散机6:
工件号      工序号             开始时间            结束时间            加工时长           
--------------------------------------------------------------------------------
  95       2               19950.03        20851.03        901.00         
  79       2               20998.25        21955.25        957.00         
  65       3               21955.25        23176.25        1221.00        
  60       2               23569.66        24703.66        1134.00        
  47       3               25315.66        26386.66        1071.00        
  9        2               26386.66        27918.66        1532.00        
  38       2               27918.66        29225.66        1307.00        
  94       4               29225.66        30460.66        1235.00        
  52       2               30613.00        31999.00        1386.00        
  53       2               31999.00        33336.00        1337.00        
  55       5               33336.00        34255.00        919.00         
  98       5               34255.00        35783.00        1528.00        
  97       3               35783.00        36833.00        1050.00        
  53       6               36859.00        37844.00        985.00         
  92       2               38613.93        39728.93        1115.00        
  21       3               40176.93        41697.93        1521.00        
  55       6               41697.93        43040.93        1343.00        
  26       4               43040.93        44423.93        1383.00        
  50       6               44423.93        45453.93        1030.00        
  54       5               45453.93        46808.93        1355.00        
  1        4               47134.32        48714.32        1580.00        
  92       6               48714.32        49711.32        997.00         
  94       8               49711.32        50846.32        1135.00        
  13       3               50878.86        52320.86        1442.00        
  53       8               52320.86        53358.86        1038.00        
  1        6               53374.86        54943.86        1569.00        
  99       3               54966.41        56299.41        1333.00        
  15       2               56676.59        58320.59        1644.00        
  82       2               58320.59        59448.59        1128.00        
  44       3               59448.59        61144.59        1696.00        
  96       5               61144.59        62257.59        1113.00        
  72       5               62257.59        63354.59        1097.00        
  12       4               63354.59        65010.59        1656.00        
  46       6               65010.59        66036.59        1026.00        
  5        3               66036.59        67193.59        1157.00        
  8        7               67193.59        68156.59        963.00         
  4        4               68156.59        69150.59        994.00         
  44       7               69150.59        70133.59        983.00         
  99       7               70133.59        71678.59        1545.00        
  99       8               71678.59        72765.59        1087.00        

  机器利用率: 68.02% (忙碌时间: 49493.00 / 总时间: 72765.59)

离散机7:
工件号      工序号             开始时间            结束时间            加工时长           
--------------------------------------------------------------------------------
  65       2               19950.03        21219.03        1269.00        
  94       2               21219.03        22289.03        1070.00        
  74       3               22289.03        23325.03        1036.00        
  76       2               23569.66        24771.66        1202.00        
  3        2               24771.66        26427.66        1656.00        
  24       3               26427.66        27480.66        1053.00        
  55       2               27747.28        29175.28        1428.00        
  67       3               29520.28        30820.28        1300.00        
  35       2               30820.28        31722.28        902.00         
  83       3               31722.28        32702.28        980.00         
  79       3               32702.28        33665.28        963.00         
  68       4               33665.28        34637.28        972.00         
  3        5               35416.00        36372.00        956.00         
  47       7               36372.00        38168.00        1796.00        
  39       2               38613.93        39725.93        1112.00        
  92       3               39728.93        40951.93        1223.00        
  88       6               40951.93        41856.93        905.00         
  0        3               42066.32        43108.32        1042.00        
  92       4               43108.32        44568.32        1460.00        
  94       7               44568.32        45636.32        1068.00        
  0        5               45636.32        46576.32        940.00         
  35       5               46576.32        48094.32        1518.00        
  58       5               48244.28        49304.28        1060.00        
  62       3               50202.86        51565.86        1363.00        
  88       8               51565.86        53018.86        1453.00        
  20       2               53105.41        54261.41        1156.00        
  8        6               54261.41        55376.41        1115.00        
  96       2               55636.69        56926.69        1290.00        
  58       8               56926.69        58142.69        1216.00        
  92       8               58142.69        59452.69        1310.00        
  66       3               59742.69        61029.69        1287.00        
  46       4               61520.59        62442.59        922.00         
  62       6               62442.59        63490.59        1048.00        
  96       7               63531.59        65114.59        1583.00        
  20       6               65143.59        66383.59        1240.00        
  96       8               66383.59        67289.59        906.00         
  66       5               67289.59        68272.59        983.00         
  87       4               68272.59        69435.59        1163.00        
  77       3               69435.59        70693.59        1258.00        
  5        5               70898.96        72100.96        1202.00        

  机器利用率: 65.15% (忙碌时间: 47406.00 / 总时间: 72765.59)

离散机8:
工件号      工序号             开始时间            结束时间            加工时长           
--------------------------------------------------------------------------------
  19       2               20998.25        22029.25        1031.00        
  98       3               22491.03        23537.03        1046.00        
  80       3               23537.03        24494.03        957.00         
  47       4               26386.66        27409.66        1023.00        
  57       2               27747.28        28656.28        909.00         
  3        3               28656.28        29642.28        986.00         
  55       4               30178.28        31500.28        1322.00        
  50       3               31765.00        33246.00        1481.00        
  71       3               33246.00        34266.00        1020.00        
  3        4               34266.00        35416.00        1150.00        
  36       7               35607.00        36882.00        1275.00        
  70       2               38613.93        39992.93        1379.00        
  17       2               41102.32        42095.32        993.00         
  8        2               42095.32        43068.32        973.00         
  85       3               43068.32        43986.32        918.00         
  28       2               44646.28        46259.28        1613.00        
  6        4               46259.28        47893.28        1634.00        
  49       2               47893.28        48833.28        940.00         
  49       3               48833.28        49773.28        940.00         
  53       7               49773.28        51091.28        1318.00        
  37       4               51091.28        52076.28        985.00         
  80       7               52076.28        53051.28        975.00         
  14       5               53051.28        54218.28        1167.00        
  20       3               54261.41        55834.41        1573.00        
  18       4               55834.41        56970.41        1136.00        
  42       7               56970.41        58244.41        1274.00        
  96       4               58532.69        59748.69        1216.00        
  82       3               59748.69        61135.69        1387.00        
  31       6               61135.69        62041.69        906.00         
  18       6               62041.69        63023.69        982.00         
  15       7               63132.59        64102.59        970.00         
  62       7               64102.59        65035.59        933.00         
  44       5               65044.59        66194.59        1150.00        
  89       2               66364.96        67559.96        1195.00        
  90       2               67559.96        68704.96        1145.00        
  66       6               68704.96        69773.96        1069.00        
  5        4               69773.96        70898.96        1125.00        
  72       8               70898.96        72328.96        1430.00        

  机器利用率: 59.82% (忙碌时间: 43526.00 / 总时间: 72765.59)

离散机9:
工件号      工序号             开始时间            结束时间            加工时长           
--------------------------------------------------------------------------------
  74       2               19950.03        21497.03        1547.00        
  19       3               22029.25        22988.25        959.00         
  47       2               23569.66        25315.66        1746.00        
  26       2               25315.66        26396.66        1081.00        
  95       5               26396.66        27318.66        922.00         
  93       4               27318.66        29075.66        1757.00        
  24       4               29075.66        30829.66        1754.00        
  36       4               30829.66        31738.66        909.00         
  47       6               31738.66        33256.66        1518.00        
  53       3               33336.00        34655.00        1319.00        
  36       6               34655.00        35607.00        952.00         
  53       5               35762.00        36859.00        1097.00        
  57       6               36859.00        38039.00        1180.00        
  67       6               38039.00        39654.00        1615.00        
  97       5               39673.28        40985.28        1312.00        
  0        2               41102.32        42066.32        964.00         
  8        3               43068.32        44209.32        1141.00        
  0        4               44209.32        45465.32        1256.00        
  1        3               45465.32        47134.32        1669.00        
  56       3               47134.32        48142.32        1008.00        
  37       3               48142.32        49072.32        930.00         
  62       2               49296.86        50202.86        906.00         
  58       6               50202.86        51439.86        1237.00        
  6        6               51439.86        52575.86        1136.00        
  76       6               52708.32        53757.32        1049.00        
  13       5               53941.86        54953.86        1012.00        
  80       8               54953.86        56490.86        1537.00        
  46       2               56676.59        57739.59        1063.00        
  99       4               57739.59        58675.59        936.00         
  86       3               58675.59        59606.59        931.00         
  16       4               59606.59        60876.59        1270.00        
  15       5               60967.59        62017.59        1050.00        
  13       7               62017.59        63207.59        1190.00        
  25       2               63207.59        64846.59        1639.00        
  66       4               64846.59        66225.59        1379.00        
  20       7               66383.59        67390.59        1007.00        
  15       9               67390.59        68363.59        973.00         
  51       4               68363.59        70079.59        1716.00        
  80       9               70079.59        71585.59        1506.00        

  机器利用率: 66.20% (忙碌时间: 48173.00 / 总时间: 72765.59)

离散机10:
工件号      工序号             开始时间            结束时间            加工时长           
--------------------------------------------------------------------------------
  95       3               20851.03        21882.03        1031.00        
  80       2               21882.03        22987.03        1105.00        
  24       2               23569.66        24554.66        985.00         
  95       4               24554.66        25688.66        1134.00        
  78       4               25688.66        26856.66        1168.00        
  23       2               27747.28        28840.28        1093.00        
  95       6               28840.28        30315.28        1475.00        
  50       2               30613.00        31765.00        1152.00        
  57       4               32105.28        33169.28        1064.00        
  94       5               33169.28        34856.28        1687.00        
  95       7               34856.28        35796.28        940.00         
  88       5               35915.28        37428.28        1513.00        
  71       5               37428.28        38445.28        1017.00        
  81       4               38445.28        39745.28        1300.00        
  54       3               39938.93        41079.93        1141.00        
  17       3               42095.32        43105.32        1010.00        
  19       4               43105.32        44515.32        1410.00        
  56       2               44646.28        45773.28        1127.00        
  92       5               45773.28        46867.28        1094.00        
  58       4               47016.28        48244.28        1228.00        
  88       7               48244.28        49236.28        992.00         
  68       7               49236.28        50234.28        998.00         
  19       5               50234.28        51549.28        1315.00        
  47       9               51549.28        53098.28        1549.00        
  87       2               53105.41        54094.41        989.00         
  1        7               54943.86        56384.86        1441.00        
  72       3               56537.69        58323.69        1786.00        
  77       2               58323.69        60120.69        1797.00        
  4        2               60120.69        61087.69        967.00         
  37       6               61087.69        62107.69        1020.00        
  96       6               62257.59        63531.59        1274.00        
  20       5               63531.59        65143.59        1612.00        
  72       6               65143.59        66325.59        1182.00        
  63       2               66364.96        67747.96        1383.00        
  63       3               67747.96        68819.96        1072.00        
  99       6               68819.96        69755.96        936.00         
  58       9               69755.96        71250.96        1495.00        
  44       8               71250.96        72240.96        990.00         

  机器利用率: 63.87% (忙碌时间: 46472.00 / 总时间: 72765.59)

【打印批次详细信息】
----------------------------------------------------------------------------------------------------

打印机 1 (尺寸: 1110.0 x 475.0 x 642.0):
--------------------------------------------------------------------------------
  批次 1: 零件数=11, 占用率=87.84%
    - 26: 尺寸 306.0 x 88.0 x 185.0
    - 93: 尺寸 332.0 x 282.0 x 186.0
    - 10: 尺寸 436.0 x 306.0 x 185.0
    - 14: 尺寸 276.0 x 181.0 x 184.0
    - 9: 尺寸 290.0 x 99.0 x 176.0
    - 60: 尺寸 368.0 x 91.0 x 117.0
    - 47: 尺寸 426.0 x 155.0 x 158.0
    - 69: 尺寸 116.0 x 54.0 x 14.0
    - 76: 尺寸 162.0 x 72.0 x 198.0
    - 3: 尺寸 80.0 x 90.0 x 34.0
    - 24: 尺寸 108.0 x 54.0 x 22.0
  批次 2: 零件数=6, 占用率=81.17%
    - 34: 尺寸 716.0 x 177.0 x 183.0
    - 28: 尺寸 367.0 x 251.0 x 85.0
    - 56: 尺寸 410.0 x 197.0 x 116.0
    - 58: 尺寸 296.0 x 199.0 x 118.0
    - 49: 尺寸 129.0 x 125.0 x 45.0
    - 37: 尺寸 248.0 x 215.0 x 109.0
  批次 3: 零件数=9, 占用率=85.97%
    - 4: 尺寸 202.0 x 136.0 x 93.0
    - 96: 尺寸 437.0 x 234.0 x 84.0
    - 75: 尺寸 471.0 x 144.0 x 83.0
    - 33: 尺寸 200.0 x 272.0 x 80.0
    - 43: 尺寸 155.0 x 120.0 x 74.0
    - 82: 尺寸 165.0 x 190.0 x 90.0
    - 72: 尺寸 148.0 x 194.0 x 50.0
    - 73: 尺寸 158.0 x 212.0 x 70.0
    - 44: 尺寸 719.0 x 124.0 x 29.0
  批次 4: 零件数=1, 占用率=33.01%
    - 25: 尺寸 567.0 x 307.0 x 44.0
  批次 5: 零件数=1, 占用率=41.27%
    - 51: 尺寸 620.0 x 351.0 x 28.0

打印机 2 (尺寸: 803.0 x 519.0 x 543.0):
--------------------------------------------------------------------------------
  批次 1: 零件数=9, 占用率=90.46%
    - 95: 尺寸 322.0 x 236.0 x 197.0
    - 68: 尺寸 444.0 x 185.0 x 157.0
    - 36: 尺寸 443.0 x 202.0 x 68.0
    - 74: 尺寸 144.0 x 151.0 x 56.0
    - 78: 尺寸 171.0 x 229.0 x 90.0
    - 94: 尺寸 125.0 x 119.0 x 111.0
    - 65: 尺寸 152.0 x 119.0 x 165.0
    - 80: 尺寸 198.0 x 110.0 x 131.0
    - 98: 尺寸 126.0 x 109.0 x 73.0
  批次 2: 零件数=7, 占用率=92.71%
    - 6: 尺寸 579.0 x 262.0 x 192.0
    - 70: 尺寸 215.0 x 401.0 x 99.0
    - 54: 尺寸 397.0 x 240.0 x 187.0
    - 39: 尺寸 179.0 x 152.0 x 88.0
    - 21: 尺寸 147.0 x 62.0 x 52.0
    - 92: 尺寸 67.0 x 60.0 x 61.0
    - 45: 尺寸 181.0 x 71.0 x 80.0
  批次 3: 零件数=8, 占用率=91.13%
    - 30: 尺寸 417.0 x 329.0 x 146.0
    - 16: 尺寸 175.0 x 404.0 x 148.0
    - 87: 尺寸 207.0 x 267.0 x 73.0
    - 99: 尺寸 198.0 x 148.0 x 144.0
    - 18: 尺寸 244.0 x 162.0 x 56.0
    - 20: 尺寸 150.0 x 73.0 x 50.0
    - 86: 尺寸 152.0 x 64.0 x 72.0
    - 5: 尺寸 298.0 x 91.0 x 33.0
  批次 4: 零件数=1, 占用率=32.53%
    - 66: 尺寸 608.0 x 223.0 x 27.0
  批次 5: 零件数=1, 占用率=52.40%
    - 77: 尺寸 716.0 x 305.0 x 14.0

打印机 3 (尺寸: 1141.0 x 442.0 x 588.0):
--------------------------------------------------------------------------------
  批次 1: 零件数=11, 占用率=73.54%
    - 59: 尺寸 169.0 x 68.0 x 96.0
    - 91: 尺寸 277.0 x 260.0 x 76.0
    - 53: 尺寸 161.0 x 93.0 x 67.0
    - 22: 尺寸 190.0 x 162.0 x 68.0
    - 88: 尺寸 261.0 x 352.0 x 66.0
    - 35: 尺寸 153.0 x 374.0 x 46.0
    - 52: 尺寸 85.0 x 173.0 x 36.0
    - 50: 尺寸 155.0 x 113.0 x 72.0
    - 27: 尺寸 165.0 x 144.0 x 98.0
    - 41: 尺寸 164.0 x 160.0 x 60.0
    - 48: 尺寸 88.0 x 117.0 x 21.0

打印机 4 (尺寸: 917.0 x 434.0 x 519.0):
--------------------------------------------------------------------------------
  批次 1: 零件数=5, 占用率=60.62%
    - 19: 尺寸 156.0 x 85.0 x 37.0
    - 64: 尺寸 324.0 x 183.0 x 29.0
    - 2: 尺寸 423.0 x 176.0 x 21.0
    - 79: 尺寸 151.0 x 86.0 x 11.0
    - 81: 尺寸 454.0 x 179.0 x 28.0

打印机 5 (尺寸: 1002.0 x 444.0 x 608.0):
--------------------------------------------------------------------------------
  批次 1: 零件数=11, 占用率=86.40%
    - 71: 尺寸 128.0 x 153.0 x 196.0
    - 67: 尺寸 457.0 x 115.0 x 181.0
    - 40: 尺寸 399.0 x 248.0 x 97.0
    - 55: 尺寸 440.0 x 157.0 x 184.0
    - 23: 尺寸 117.0 x 183.0 x 24.0
    - 83: 尺寸 390.0 x 87.0 x 162.0
    - 97: 尺寸 476.0 x 114.0 x 110.0
    - 57: 尺寸 146.0 x 67.0 x 165.0
    - 84: 尺寸 101.0 x 60.0 x 176.0
    - 29: 尺寸 139.0 x 74.0 x 51.0
    - 38: 尺寸 116.0 x 73.0 x 119.0
  批次 2: 零件数=7, 占用率=78.45%
    - 8: 尺寸 307.0 x 329.0 x 90.0
    - 42: 尺寸 683.0 x 156.0 x 96.0
    - 17: 尺寸 207.0 x 86.0 x 76.0
    - 7: 尺寸 478.0 x 130.0 x 72.0
    - 1: 尺寸 205.0 x 155.0 x 89.0
    - 0: 尺寸 169.0 x 81.0 x 35.0
    - 85: 尺寸 150.0 x 107.0 x 31.0
  批次 3: 零件数=4, 占用率=88.11%
    - 61: 尺寸 563.0 x 256.0 x 58.0
    - 13: 尺寸 418.0 x 260.0 x 36.0
    - 31: 尺寸 513.0 x 130.0 x 46.0
    - 62: 尺寸 412.0 x 176.0 x 10.0
  批次 4: 零件数=4, 占用率=69.88%
    - 15: 尺寸 397.0 x 229.0 x 52.0
    - 11: 尺寸 293.0 x 229.0 x 42.0
    - 12: 尺寸 308.0 x 272.0 x 45.0
    - 46: 尺寸 360.0 x 192.0 x 31.0
  批次 5: 零件数=4, 占用率=60.13%
    - 90: 尺寸 325.0 x 189.0 x 53.0
    - 63: 尺寸 310.0 x 209.0 x 37.0
    - 32: 尺寸 223.0 x 216.0 x 45.0
    - 89: 尺寸 398.0 x 234.0 x 69.0

════════════════════════════════════════════════════════════════
