════════════════════════════════════════════════════════════════
              最优Cmax解的详细调度记录
════════════════════════════════════════════════════════════════

【基本信息】
----------------------------------------------------------------------------------------------------
Cmax (最大完工时间): 70308.00
能耗: 929.08 kWh
装箱质量: 0.4004
批次总数: 13
工件数量: 100
机器数量: 17 (打印机:5, 批处理机:2, 离散机:10)

【染色体编码】
----------------------------------------------------------------------------------------------------
工序序列 (OS): [75, 86, 60, 91, 99, 56, 7, 34, 10, 85, 53, 80, 38, 96, 30, 51, 41, 59, 83, 65, 37, 19, 17, 16, 39, 35, 74, 11, 88, 2, 9, 0, 71, 95, 23, 21, 40, 46, 79, 31, 20, 69, 15, 48, 98, 49, 6, 52, 58, 57, 94, 92, 1, 47, 84, 97, 27, 70, 8, 13, 14, 78, 90, 44, 32, 45, 62, 29, 18, 68, 81, 5, 28, 87, 89, 64, 36, 63, 76, 43, 67, 61, 73, 77, 93, 66, 22, 26, 55, 3, 4, 33, 54, 24, 12, 72, 42, 25, 82, 50, 7, 65, 30, 13, 28, 31, 23, 14, 72, 10, 52, 71, 24, 33, 99, 6, 45, 13, 4, 77, 52, 43, 9, 11, 16, 78, 8, 26, 75, 86, 32, 74, 32, 39, 5, 16, 5, 20, 8, 20, 3, 43, 37, 94, 96, 0, 77, 21, 17, 32, 55, 52, 36, 33, 15, 11, 25, 88, 46, 8, 20, 94, 9, 32, 57, 3, 23, 13, 83, 6, 86, 65, 73, 52, 59, 14, 83, 72, 96, 74, 64, 55, 99, 14, 19, 39, 4, 33, 39, 10, 24, 24, 28, 75, 29, 34, 3, 79, 93, 81, 30, 2, 4, 23, 69, 42, 47, 59, 1, 89, 41, 40, 4, 26, 96, 21, 31, 46, 88, 65, 17, 1, 36, 69, 65, 87, 47, 39, 71, 23, 94, 96, 25, 75, 41, 99, 47, 29, 86, 69, 66, 5, 83, 17, 70, 23, 43, 66, 24, 28, 68, 55, 20, 35, 58, 42, 81, 21, 96, 40, 4, 36, 26, 83, 15, 18, 72, 17, 69, 34, 14, 72, 97, 72, 68, 41, 13, 33, 10, 15, 96, 46, 28, 0, 25, 13, 26, 62, 99, 71, 67, 90, 31, 59, 36, 87, 3, 69, 87, 30, 7, 49, 77, 37, 86, 92, 0, 8, 0, 58, 10, 14, 46, 40, 5, 25, 24, 43, 25, 54, 66, 58, 26, 5, 67, 53, 41, 92, 7, 65, 46, 10, 69, 25, 41, 6, 53, 45, 96, 45, 74, 5, 82, 99, 11, 47, 72, 93, 49, 59, 93, 31, 45, 7, 97, 30, 3, 40, 36, 33, 26, 28, 94, 30, 13, 85, 20, 24, 47, 41, 32, 37, 8, 31, 23, 40, 52, 7, 15, 12, 75, 85, 36, 33, 67, 97, 59, 45, 83, 11, 94, 43, 55, 44, 57, 17, 32, 14, 30, 89, 14, 17, 8, 1, 50, 36, 66, 15, 88, 23, 45, 24, 93, 46, 11, 26, 69, 47, 51, 49, 34, 14, 67, 6, 94, 91, 72, 55, 30, 68, 35, 48, 60, 30, 15, 58, 47, 4, 52, 17, 55, 83, 66, 82, 45, 26, 75, 99]
机器选择 (MS): [4, 4, 2, 2, 1, 5, 5, 5, 2, 4, 1, 5, 4, 5, 4, 4, 2, 2, 1, 3, 1, 1, 3, 2, 2, 4, 2, 5, 3, 1, 2, 2, 2, 5, 1, 3, 2, 2, 3, 1, 5, 2, 2, 4, 3, 5, 1, 1, 1, 4, 1, 2, 4, 1, 1, 2, 2, 2, 5, 5, 4, 4, 2, 4, 1, 5, 2, 2, 2, 3, 1, 1, 5, 1, 1, 4, 2, 5, 2, 1, 5, 4, 5, 2, 2, 1, 3, 2, 2, 1, 1, 3, 5, 5, 5, 1, 4, 1, 5, 5, 1, 3, 2, 3, 2, 1, 2, 3, 1, 1, 1, 2, 1, 1, 2, 1, 3, 1, 1, 1, 1, 2, 2, 1, 3, 3, 1, 1, 1, 1, 1, 1, 2, 1, 1, 1, 1, 1, 1, 1, 3, 3, 1, 1, 3, 1, 3, 1, 1, 2, 3, 3, 1, 1, 1, 1, 3, 1, 2, 3, 2, 1, 2, 2, 2, 1, 3, 1, 2, 1, 1, 1, 3, 1, 2, 1, 1, 1, 1, 2, 1, 1, 2, 2, 1, 1, 2, 2, 3, 1, 2, 1, 2, 1, 2, 2, 1, 1, 1, 1, 3, 1, 3, 1, 2, 2, 2, 1, 3, 1, 1, 3, 1, 1, 1, 1, 1, 2, 2, 1, 3, 2, 2, 3, 1, 1, 3, 1, 2, 1, 1, 1, 2, 1, 1, 1, 3, 2, 1, 1, 1, 3, 2, 1, 2, 2, 1, 1, 2, 1, 1, 1, 3, 1, 1, 1, 1, 2, 1, 2, 1, 2, 1, 3, 3, 1, 1, 2, 3, 2, 2, 2, 1, 2, 2, 2, 1, 1, 1, 3, 1, 1, 1, 2, 2, 1, 1, 1, 1, 2, 1, 1, 1, 1, 1, 1, 2, 2, 1, 1, 1, 1, 1, 1, 1, 2, 3, 1, 3, 1, 1, 1, 1, 1, 1, 1, 1, 1, 2, 1, 1, 1, 2, 2, 2, 1, 1, 1, 1, 1, 1, 1, 1, 3, 1, 1, 2, 1, 1, 1, 1, 1, 1, 3, 1, 1, 1, 3, 1, 1, 1, 2, 3, 1, 3, 3, 1, 2, 1, 1, 1, 3, 3, 1, 2, 2, 1, 1, 1, 1, 1, 1, 1, 1, 1, 1, 1, 2, 2, 1, 1, 1, 1, 1, 1, 1, 1, 2, 3, 1, 3, 1, 3, 2, 1, 1, 1, 1, 1, 1, 2, 1, 1, 1, 1, 1, 1, 1, 1, 1, 2, 2, 1, 1, 1, 1, 2, 2, 3, 1, 1, 3, 3, 2, 1, 2, 1, 1, 3, 1, 2, 1, 1, 1, 1, 1, 1, 1, 3, 2, 1, 1, 1, 1, 1, 1, 1, 1]

【零件加工顺序记录】
----------------------------------------------------------------------------------------------------
工件号      工序号             机器号             开始时间            结束时间            加工时长           
----------------------------------------------------------------------------------------------------

工件 0:
  0        0               打印机2            0.00            18718.11        18718.11       
  0        1               批处理机2           18718.11        19782.11        1064.00        
  0        2               离散机3            19782.11        20682.11        900.00         
  0        3               离散机10           22703.11        23909.11        1206.00        
  0        4               离散机2            26610.11        28009.11        1399.00        
  0        5               离散机9            28511.71        30251.71        1740.00        

工件 1:
  1        0               打印机4            0.00            36934.59        36934.59       
  1        1               批处理机2           36934.59        37998.59        1064.00        
  1        2               离散机8            39283.59        40927.59        1644.00        
  1        3               离散机7            45465.03        47247.03        1782.00        
  1        4               离散机8            58390.00        60099.00        1709.00        

工件 2:
  2        0               打印机1            28102.05        39281.03        11178.97       
  2        1               批处理机1           39281.03        40391.03        1110.00        
  2        2               离散机10           41606.00        42786.00        1180.00        

工件 3:
  3        0               打印机1            0.00            28102.05        28102.05       
  3        1               批处理机2           28102.05        29166.05        1064.00        
  3        2               离散机1            33090.05        34022.05        932.00         
  3        3               离散机7            34022.05        35151.05        1129.00        
  3        4               离散机2            35162.05        36160.05        998.00         
  3        5               离散机7            36866.05        37957.05        1091.00        
  3        6               离散机2            41049.00        42414.00        1365.00        

工件 4:
  4        0               打印机1            0.00            28102.05        28102.05       
  4        1               批处理机2           28102.05        29166.05        1064.00        
  4        2               离散机1            30284.05        31417.05        1133.00        
  4        3               离散机10           31736.05        33084.05        1348.00        
  4        4               离散机3            33536.05        34767.05        1231.00        
  4        5               离散机8            35372.05        36289.05        917.00         
  4        6               离散机2            37080.05        38102.05        1022.00        
  4        7               离散机6            67742.78        69080.78        1338.00        

工件 5:
  5        0               打印机1            0.00            28102.05        28102.05       
  5        1               批处理机2           28102.05        29166.05        1064.00        
  5        2               离散机1            31417.05        33090.05        1673.00        
  5        3               离散机8            33090.05        34386.05        1296.00        
  5        4               离散机2            36160.05        37080.05        920.00         
  5        5               离散机4            41920.59        43678.59        1758.00        
  5        6               离散机2            58507.90        59407.90        900.00         
  5        7               离散机8            61494.00        62971.00        1477.00        

工件 6:
  6        0               打印机1            28102.05        39281.03        11178.97       
  6        1               批处理机1           39281.03        40391.03        1110.00        
  6        2               离散机6            40391.03        41396.03        1005.00        
  6        3               离散机2            50461.90        52126.90        1665.00        
  6        4               离散机2            61942.06        63135.06        1193.00        
  6        5               离散机1            67202.00        68910.00        1708.00        

工件 7:
  7        0               打印机5            0.00            38997.00        38997.00       
  7        1               批处理机2           38997.00        40061.00        1064.00        
  7        2               离散机2            40061.00        41049.00        988.00         
  7        3               离散机6            51571.60        52946.60        1375.00        
  7        4               离散机1            60178.08        61104.08        926.00         
  7        5               离散机2            64326.06        65671.06        1345.00        
  7        6               离散机9            66082.78        67544.78        1462.00        

工件 8:
  8        0               打印机5            0.00            38997.00        38997.00       
  8        1               批处理机2           38997.00        40061.00        1064.00        
  8        2               离散机5            40061.00        41317.00        1256.00        
  8        3               离散机6            41396.03        42423.03        1027.00        
  8        4               离散机2            42423.03        44034.03        1611.00        
  8        5               离散机2            44034.03        45418.03        1384.00        
  8        6               离散机1            52357.90        53390.90        1033.00        
  8        7               离散机4            61387.00        63048.00        1661.00        

工件 9:
  9        0               打印机2            0.00            18718.11        18718.11       
  9        1               批处理机2           18718.11        19782.11        1064.00        
  9        2               离散机9            22292.71        23736.71        1444.00        
  9        3               离散机5            23736.71        24649.71        913.00         

工件 10:
  10       0               打印机2            18718.11        45190.60        26472.49       
  10       1               批处理机1           45190.60        46300.60        1110.00        
  10       2               离散机6            46300.60        47304.60        1004.00        
  10       3               离散机5            47304.60        48372.60        1068.00        
  10       4               离散机6            50055.60        51571.60        1516.00        
  10       5               离散机2            56778.90        58507.90        1729.00        
  10       6               离散机9            62558.06        63812.06        1254.00        

工件 11:
  11       0               打印机5            0.00            38997.00        38997.00       
  11       1               批处理机2           38997.00        40061.00        1064.00        
  11       2               离散机3            42848.00        44229.00        1381.00        
  11       3               离散机8            44229.00        45245.00        1016.00        
  11       4               离散机3            49300.60        50291.60        991.00         
  11       5               离散机8            54736.60        55674.60        938.00         
  11       6               离散机8            66745.00        67761.00        1016.00        

工件 12:
  12       0               打印机5            0.00            38997.00        38997.00       
  12       1               批处理机2           38997.00        40061.00        1064.00        
  12       2               离散机7            59662.00        61420.00        1758.00        

工件 13:
  13       0               打印机5            0.00            38997.00        38997.00       
  13       1               批处理机2           38997.00        40061.00        1064.00        
  13       2               离散机3            40061.00        41518.00        1457.00        
  13       3               离散机8            41518.00        42556.00        1038.00        
  13       4               离散机5            42860.00        44536.00        1676.00        
  13       5               离散机9            48167.03        49675.03        1508.00        
  13       6               离散机7            55806.88        57417.88        1611.00        
  13       7               离散机2            65671.06        66652.06        981.00         

工件 14:
  14       0               打印机4            0.00            36934.59        36934.59       
  14       1               批处理机2           36934.59        37998.59        1064.00        
  14       2               离散机7            37998.59        39301.59        1303.00        
  14       3               离散机4            39301.59        40525.59        1224.00        
  14       4               离散机6            44120.00        45211.00        1091.00        
  14       5               离散机8            50475.60        51989.60        1514.00        
  14       6               离散机7            58541.00        59662.00        1121.00        
  14       7               离散机8            62971.00        64562.00        1591.00        
  14       8               离散机10           66461.78        67718.78        1257.00        
  14       9               离散机8            67761.00        69379.00        1618.00        

工件 15:
  15       0               打印机2            18718.11        45190.60        26472.49       
  15       1               批处理机1           45190.60        46300.60        1110.00        
  15       2               离散机2            48862.90        50461.90        1599.00        
  15       3               离散机3            50461.90        51450.90        989.00         
  15       4               离散机1            55099.08        56608.08        1509.00        
  15       5               离散机3            65076.78        66583.78        1507.00        
  15       6               离散机3            67571.78        68801.78        1230.00        
  15       7               离散机5            68801.78        69714.78        913.00         

工件 16:
  16       0               打印机2            18718.11        45190.60        26472.49       
  16       1               批处理机1           45190.60        46300.60        1110.00        
  16       2               离散机2            47072.90        48862.90        1790.00        
  16       3               离散机7            48862.90        50431.90        1569.00        

工件 17:
  17       0               打印机3            19776.71        60638.78        40862.07       
  17       1               批处理机2           60638.78        61702.78        1064.00        
  17       2               离散机10           61702.78        62656.78        954.00         
  17       3               离散机6            62656.78        63894.78        1238.00        
  17       4               离散机3            63894.78        65076.78        1182.00        
  17       5               离散机9            65076.78        66082.78        1006.00        
  17       6               离散机5            66082.78        67503.78        1421.00        
  17       7               离散机2            67667.06        68638.06        971.00         
  17       8               离散机6            69080.78        69999.78        919.00         

工件 18:
  18       0               打印机2            0.00            18718.11        18718.11       
  18       1               批处理机2           18718.11        19782.11        1064.00        
  18       2               离散机9            27369.71        28511.71        1142.00        

工件 19:
  19       0               打印机1            0.00            28102.05        28102.05       
  19       1               批处理机2           28102.05        29166.05        1064.00        
  19       2               离散机7            29166.05        30600.05        1434.00        

工件 20:
  20       0               打印机5            0.00            38997.00        38997.00       
  20       1               批处理机2           38997.00        40061.00        1064.00        
  20       2               离散机1            40061.00        41635.00        1574.00        
  20       3               离散机5            41635.00        42860.00        1225.00        
  20       4               离散机6            42860.00        44120.00        1260.00        
  20       5               离散机9            44590.00        45806.00        1216.00        
  20       6               离散机10           59617.88        60537.88        920.00         

工件 21:
  21       0               打印机3            0.00            19776.71        19776.71       
  21       1               批处理机1           19776.71        20886.71        1110.00        
  21       2               离散机3            20886.71        22465.71        1579.00        
  21       3               离散机6            22465.71        24074.71        1609.00        
  21       4               离散机6            25077.71        26642.71        1565.00        

工件 22:
  22       0               打印机3            19776.71        60638.78        40862.07       
  22       1               批处理机2           60638.78        61702.78        1064.00        

工件 23:
  23       0               打印机1            28102.05        39281.03        11178.97       
  23       1               批处理机1           39281.03        40391.03        1110.00        
  23       2               离散机7            40391.03        41944.03        1553.00        
  23       3               离散机1            41944.03        43593.03        1649.00        
  23       4               离散机7            43708.03        45465.03        1757.00        
  23       5               离散机10           45465.03        47070.03        1605.00        
  23       6               离散机9            47070.03        48167.03        1097.00        
  23       7               离散机3            59698.00        61314.00        1616.00        
  23       8               离散机5            64503.00        65741.00        1238.00        

工件 24:
  24       0               打印机5            0.00            38997.00        38997.00       
  24       1               批处理机2           38997.00        40061.00        1064.00        
  24       2               离散机3            41518.00        42848.00        1330.00        
  24       3               离散机9            42848.00        44590.00        1742.00        
  24       4               离散机5            44590.00        45656.00        1066.00        
  24       5               离散机6            48657.60        50055.60        1398.00        
  24       6               离散机10           51723.03        52900.03        1177.00        
  24       7               离散机8            56972.00        58390.00        1418.00        
  24       8               离散机7            63066.78        64475.78        1409.00        

工件 25:
  25       0               打印机1            39281.03        44395.90        5114.87        
  25       1               批处理机2           44395.90        45459.90        1064.00        
  25       2               离散机3            47329.60        48250.60        921.00         
  25       3               离散机2            52126.90        53452.90        1326.00        
  25       4               离散机10           54779.88        55695.88        916.00         
  25       5               离散机1            58036.08        59082.08        1046.00        
  25       6               离散机9            60840.06        62558.06        1718.00        
  25       7               离散机10           62656.78        63784.78        1128.00        

工件 26:
  26       0               打印机2            0.00            18718.11        18718.11       
  26       1               批处理机2           18718.11        19782.11        1064.00        
  26       2               离散机7            19782.11        21456.11        1674.00        
  26       3               离散机2            22656.71        24181.71        1525.00        
  26       4               离散机3            24181.71        25331.71        1150.00        
  26       5               离散机3            26417.71        28026.71        1609.00        
  26       6               离散机6            30606.05        31885.05        1279.00        
  26       7               离散机9            33880.05        34881.05        1001.00        
  26       8               离散机9            36778.05        37842.05        1064.00        
  26       9               离散机5            45656.00        47152.00        1496.00        

工件 27:
  27       0               打印机2            0.00            18718.11        18718.11       
  27       1               批处理机2           18718.11        19782.11        1064.00        

工件 28:
  28       0               打印机5            0.00            38997.00        38997.00       
  28       1               批处理机2           38997.00        40061.00        1064.00        
  28       2               离散机10           40061.00        41606.00        1545.00        
  28       3               离散机6            45211.00        46202.00        991.00         
  28       4               离散机10           48252.03        49460.03        1208.00        
  28       5               离散机10           49460.03        50526.03        1066.00        
  28       6               离散机6            59333.88        60364.88        1031.00        

工件 29:
  29       0               打印机2            0.00            18718.11        18718.11       
  29       1               批处理机2           18718.11        19782.11        1064.00        
  29       2               离散机1            19782.11        20968.11        1186.00        
  29       3               离散机8            22099.11        23278.11        1179.00        

工件 30:
  30       0               打印机4            36934.59        58575.06        21640.47       
  30       1               批处理机2           58575.06        59639.06        1064.00        
  30       2               离散机2            59639.06        60788.06        1149.00        
  30       3               离散机5            60788.06        61849.06        1061.00        
  30       4               离散机3            62660.00        63579.00        919.00         
  30       5               离散机5            63579.00        64503.00        924.00         
  30       6               离散机1            64503.00        66245.00        1742.00        
  30       7               离散机7            66245.00        67450.00        1205.00        
  30       8               离散机4            67450.00        68827.00        1377.00        
  30       9               离散机7            68827.00        69967.00        1140.00        

工件 31:
  31       0               打印机1            39281.03        44395.90        5114.87        
  31       1               批处理机2           44395.90        45459.90        1064.00        
  31       2               离散机1            45459.90        46873.90        1414.00        
  31       3               离散机8            47825.60        48757.60        932.00         
  31       4               离散机5            50142.60        51650.60        1508.00        
  31       5               离散机9            56771.00        58480.00        1709.00        
  31       6               离散机9            63812.06        64979.06        1167.00        

工件 32:
  32       0               打印机1            0.00            28102.05        28102.05       
  32       1               批处理机2           28102.05        29166.05        1064.00        
  32       2               离散机2            29166.05        30297.05        1131.00        
  32       3               离散机9            30297.05        31779.05        1482.00        
  32       4               离散机5            31779.05        32987.05        1208.00        
  32       5               离散机2            33467.05        35162.05        1695.00        
  32       6               离散机5            35706.05        36711.05        1005.00        
  32       7               离散机10           60537.88        61613.88        1076.00        

工件 33:
  33       0               打印机3            0.00            19776.71        19776.71       
  33       1               批处理机1           19776.71        20886.71        1110.00        
  33       2               离散机2            20886.71        22656.71        1770.00        
  33       3               离散机5            22656.71        23720.71        1064.00        
  33       4               离散机9            25036.71        26059.71        1023.00        
  33       5               离散机4            27513.11        28511.11        998.00         
  33       6               离散机5            28511.11        29450.11        939.00         
  33       7               离散机10           38604.05        40011.05        1407.00        

工件 34:
  34       0               打印机5            0.00            38997.00        38997.00       
  34       1               批处理机2           38997.00        40061.00        1064.00        
  34       2               离散机7            41944.03        43708.03        1764.00        
  34       3               离散机1            50963.90        52357.90        1394.00        
  34       4               离散机5            53643.08        55073.08        1430.00        

工件 35:
  35       0               打印机4            0.00            36934.59        36934.59       
  35       1               批处理机2           36934.59        37998.59        1064.00        
  35       2               离散机8            48757.60        50475.60        1718.00        
  35       3               离散机1            61104.08        62205.08        1101.00        

工件 36:
  36       0               打印机2            18718.11        45190.60        26472.49       
  36       1               批处理机1           45190.60        46300.60        1110.00        
  36       2               离散机8            46300.60        47825.60        1525.00        
  36       3               离散机3            48250.60        49300.60        1050.00        
  36       4               离散机7            51597.90        53082.90        1485.00        
  36       5               离散机3            53082.90        54317.90        1235.00        
  36       6               离散机10           58669.88        59617.88        948.00         
  36       7               离散机4            60464.00        61387.00        923.00         
  36       8               离散机8            64562.00        65670.00        1108.00        

工件 37:
  37       0               打印机1            0.00            28102.05        28102.05       
  37       1               批处理机2           28102.05        29166.05        1064.00        
  37       2               离散机10           30463.05        31736.05        1273.00        
  37       3               离散机2            53452.90        55222.90        1770.00        
  37       4               离散机6            60364.88        61555.88        1191.00        

工件 38:
  38       0               打印机4            0.00            36934.59        36934.59       
  38       1               批处理机2           36934.59        37998.59        1064.00        

工件 39:
  39       0               打印机2            0.00            18718.11        18718.11       
  39       1               批处理机2           18718.11        19782.11        1064.00        
  39       2               离散机9            23736.71        25036.71        1300.00        
  39       3               离散机10           25036.71        25974.71        938.00         
  39       4               离散机5            25974.71        27510.71        1536.00        
  39       5               离散机10           27510.71        28936.71        1426.00        

工件 40:
  40       0               打印机2            0.00            18718.11        18718.11       
  40       1               批处理机2           18718.11        19782.11        1064.00        
  40       2               离散机8            20988.11        22099.11        1111.00        
  40       3               离散机9            26059.71        27369.71        1310.00        
  40       4               离散机6            27369.71        28749.71        1380.00        
  40       5               离散机9            31779.05        32697.05        918.00         
  40       6               离散机10           35189.05        36735.05        1546.00        

工件 41:
  41       0               打印机2            0.00            18718.11        18718.11       
  41       1               批处理机2           18718.11        19782.11        1064.00        
  41       2               离散机7            23892.11        24913.11        1021.00        
  41       3               离散机2            24913.11        26610.11        1697.00        
  41       4               离散机4            26610.11        27513.11        903.00         
  41       5               离散机8            31344.11        32457.11        1113.00        
  41       6               离散机4            35945.05        37647.05        1702.00        
  41       7               离散机1            37647.05        39441.05        1794.00        

工件 42:
  42       0               打印机4            0.00            36934.59        36934.59       
  42       1               批处理机2           36934.59        37998.59        1064.00        
  42       2               离散机4            40525.59        41920.59        1395.00        
  42       3               离散机10           44246.00        45443.00        1197.00        

工件 43:
  43       0               打印机1            44395.90        51203.08        6807.18        
  43       1               批处理机2           51203.08        52267.08        1064.00        
  43       2               离散机5            52267.08        53643.08        1376.00        
  43       3               离散机1            53643.08        55099.08        1456.00        
  43       4               离散机3            55779.00        57074.00        1295.00        
  43       5               离散机1            59082.08        60178.08        1096.00        
  43       6               离散机6            61555.88        62592.88        1037.00        

工件 44:
  44       0               打印机4            0.00            36934.59        36934.59       
  44       1               批处理机2           36934.59        37998.59        1064.00        
  44       2               离散机6            65404.78        66390.78        986.00         

工件 45:
  45       0               打印机5            38997.00        53394.00        14397.00       
  45       1               批处理机2           53394.00        54458.00        1064.00        
  45       2               离散机3            54458.00        55779.00        1321.00        
  45       3               离散机8            55779.00        56972.00        1193.00        
  45       4               离散机5            56972.00        58186.00        1214.00        
  45       5               离散机5            61849.06        63365.06        1516.00        
  45       6               离散机6            63894.78        65404.78        1510.00        
  45       7               离散机1            66245.00        67202.00        957.00         
  45       8               离散机9            68473.78        69384.78        911.00         

工件 46:
  46       0               打印机2            0.00            18718.11        18718.11       
  46       1               批处理机2           18718.11        19782.11        1064.00        
  46       2               离散机7            22763.11        23892.11        1129.00        
  46       3               离散机6            24074.71        25077.71        1003.00        
  46       4               离散机3            25331.71        26417.71        1086.00        
  46       5               离散机1            26417.71        27353.71        936.00         
  46       6               离散机1            27353.71        28425.71        1072.00        
  46       7               离散机3            38748.05        39982.05        1234.00        

工件 47:
  47       0               打印机1            0.00            28102.05        28102.05       
  47       1               批处理机2           28102.05        29166.05        1064.00        
  47       2               离散机2            30297.05        31550.05        1253.00        
  47       3               离散机5            32987.05        34139.05        1152.00        
  47       4               离散机10           34139.05        35189.05        1050.00        
  47       5               离散机9            35189.05        36778.05        1589.00        
  47       6               离散机3            37305.05        38748.05        1443.00        
  47       7               离散机9            38840.05        39958.05        1118.00        
  47       8               离散机1            62205.08        63512.08        1307.00        

工件 48:
  48       0               打印机4            0.00            36934.59        36934.59       
  48       1               批处理机2           36934.59        37998.59        1064.00        
  48       2               离散机10           67718.78        69157.78        1439.00        

工件 49:
  49       0               打印机5            38997.00        53394.00        14397.00       
  49       1               批处理机2           53394.00        54458.00        1064.00        
  49       2               离散机6            56938.88        58387.88        1449.00        
  49       3               离散机6            58387.88        59333.88        946.00         
  49       4               离散机7            64475.78        66026.78        1551.00        

工件 50:
  50       0               打印机5            0.00            38997.00        38997.00       
  50       1               批处理机2           38997.00        40061.00        1064.00        
  50       2               离散机6            66390.78        67742.78        1352.00        

工件 51:
  51       0               打印机4            0.00            36934.59        36934.59       
  51       1               批处理机2           36934.59        37998.59        1064.00        
  51       2               离散机4            64511.78        65674.78        1163.00        

工件 52:
  52       0               打印机1            0.00            28102.05        28102.05       
  52       1               批处理机2           28102.05        29166.05        1064.00        
  52       2               离散机1            29166.05        30284.05        1118.00        
  52       3               离散机4            30284.05        32079.05        1795.00        
  52       4               离散机2            32079.05        33467.05        1388.00        
  52       5               离散机1            34022.05        35577.05        1555.00        
  52       6               离散机2            66652.06        67667.06        1015.00        
  52       7               离散机10           69157.78        70080.78        923.00         

工件 53:
  53       0               打印机1            0.00            28102.05        28102.05       
  53       1               批处理机2           28102.05        29166.05        1064.00        
  53       2               离散机6            31885.05        32850.05        965.00         
  53       3               离散机9            32850.05        33880.05        1030.00        

工件 54:
  54       0               打印机5            0.00            38997.00        38997.00       
  54       1               批处理机2           38997.00        40061.00        1064.00        
  54       2               离散机8            42556.00        44130.00        1574.00        

工件 55:
  55       0               打印机2            0.00            18718.11        18718.11       
  55       1               批处理机2           18718.11        19782.11        1064.00        
  55       2               离散机4            19782.11        21241.11        1459.00        
  55       3               离散机10           21241.11        22703.11        1462.00        
  55       4               离散机7            27787.11        28955.11        1168.00        
  55       5               离散机3            28955.11        30494.11        1539.00        
  55       6               离散机7            32069.05        33679.05        1610.00        
  55       7               离散机1            68910.00        70308.00        1398.00        

工件 56:
  56       0               打印机5            0.00            38997.00        38997.00       
  56       1               批处理机2           38997.00        40061.00        1064.00        

工件 57:
  57       0               打印机4            0.00            36934.59        36934.59       
  57       1               批处理机2           36934.59        37998.59        1064.00        
  57       2               离散机6            37998.59        39124.59        1126.00        
  57       3               离散机8            45245.00        46232.00        987.00         

工件 58:
  58       0               打印机1            28102.05        39281.03        11178.97       
  58       1               批处理机1           39281.03        40391.03        1110.00        
  58       2               离散机10           42786.00        44246.00        1460.00        
  58       3               离散机3            51450.90        52968.90        1518.00        
  58       4               离散机6            52968.90        54077.90        1109.00        
  58       5               离散机5            67503.78        68713.78        1210.00        

工件 59:
  59       0               打印机2            0.00            18718.11        18718.11       
  59       1               批处理机2           18718.11        19782.11        1064.00        
  59       2               离散机10           19782.11        21170.11        1388.00        
  59       3               离散机3            22465.71        23410.71        945.00         
  59       4               离散机4            23526.71        24768.71        1242.00        
  59       5               离散机2            28009.11        28975.11        966.00         
  59       6               离散机7            30600.05        32069.05        1469.00        

工件 60:
  60       0               打印机2            0.00            18718.11        18718.11       
  60       1               批处理机2           18718.11        19782.11        1064.00        
  60       2               离散机4            21241.11        22259.11        1018.00        

工件 61:
  61       0               打印机4            36934.59        58575.06        21640.47       
  61       1               批处理机2           58575.06        59639.06        1064.00        

工件 62:
  62       0               打印机2            18718.11        45190.60        26472.49       
  62       1               批处理机1           45190.60        46300.60        1110.00        
  62       2               离散机8            51989.60        53485.60        1496.00        

工件 63:
  63       0               打印机5            0.00            38997.00        38997.00       
  63       1               批处理机2           38997.00        40061.00        1064.00        

工件 64:
  64       0               打印机4            36934.59        58575.06        21640.47       
  64       1               批处理机2           58575.06        59639.06        1064.00        
  64       2               离散机9            59639.06        60840.06        1201.00        

工件 65:
  65       0               打印机3            0.00            19776.71        19776.71       
  65       1               批处理机1           19776.71        20886.71        1110.00        
  65       2               离散机9            20886.71        22292.71        1406.00        
  65       3               离散机4            22292.71        23526.71        1234.00        
  65       4               离散机8            23526.71        24435.71        909.00         
  65       5               离散机1            24435.71        25596.71        1161.00        
  65       6               离散机3            28026.71        28933.71        907.00         

工件 66:
  66       0               打印机1            0.00            28102.05        28102.05       
  66       1               批处理机2           28102.05        29166.05        1064.00        
  66       2               离散机1            35577.05        36880.05        1303.00        
  66       3               离散机7            50431.90        51597.90        1166.00        
  66       4               离散机8            53485.60        54736.60        1251.00        
  66       5               离散机9            58480.00        59634.00        1154.00        
  66       6               离散机4            65674.78        67423.78        1749.00        

工件 67:
  67       0               打印机5            0.00            38997.00        38997.00       
  67       1               批处理机2           38997.00        40061.00        1064.00        
  67       2               离散机9            40061.00        40992.00        931.00         
  67       3               离散机4            43678.59        45002.59        1324.00        
  67       4               离散机4            49822.90        51585.90        1763.00        
  67       5               离散机5            55073.08        56357.08        1284.00        

工件 68:
  68       0               打印机3            19776.71        60638.78        40862.07       
  68       1               批处理机2           60638.78        61702.78        1064.00        
  68       2               离散机7            61702.78        63066.78        1364.00        
  68       3               离散机4            63066.78        64511.78        1445.00        
  68       4               离散机9            67544.78        68473.78        929.00         

工件 69:
  69       0               打印机2            0.00            18718.11        18718.11       
  69       1               批处理机2           18718.11        19782.11        1064.00        
  69       2               离散机8            19782.11        20988.11        1206.00        
  69       3               离散机7            26276.11        27787.11        1511.00        
  69       4               离散机8            27787.11        29096.11        1309.00        
  69       5               离散机4            29096.11        30110.11        1014.00        
  69       6               离散机8            30110.11        31344.11        1234.00        
  69       7               离散机5            34139.05        35706.05        1567.00        
  69       8               离散机9            37842.05        38840.05        998.00         

工件 70:
  70       0               打印机2            18718.11        45190.60        26472.49       
  70       1               批处理机1           45190.60        46300.60        1110.00        
  70       2               离散机10           47070.03        48252.03        1182.00        

工件 71:
  71       0               打印机2            45190.60        51978.88        6788.28        
  71       1               批处理机1           51978.88        53088.88        1110.00        
  71       2               离散机9            53088.88        54157.88        1069.00        
  71       3               离散机4            57423.00        59091.00        1668.00        
  71       4               离散机2            60788.06        61942.06        1154.00        

工件 72:
  72       0               打印机1            39281.03        44395.90        5114.87        
  72       1               批处理机2           44395.90        45459.90        1064.00        
  72       2               离散机2            45459.90        47072.90        1613.00        
  72       3               离散机1            47072.90        48563.90        1491.00        
  72       4               离散机4            48563.90        49822.90        1259.00        
  72       5               离散机7            54237.88        55806.88        1569.00        
  72       6               离散机10           55806.88        57180.88        1374.00        
  72       7               离散机5            58186.00        59322.00        1136.00        
  72       8               离散机5            59322.00        60714.00        1392.00        

工件 73:
  73       0               打印机5            0.00            38997.00        38997.00       
  73       1               批处理机2           38997.00        40061.00        1064.00        
  73       2               离散机1            43593.03        44628.03        1035.00        

工件 74:
  74       0               打印机2            18718.11        45190.60        26472.49       
  74       1               批处理机1           45190.60        46300.60        1110.00        
  74       2               离散机3            46300.60        47329.60        1029.00        
  74       3               离散机7            47329.60        48574.60        1245.00        
  74       4               离散机2            63135.06        64326.06        1191.00        

工件 75:
  75       0               打印机4            0.00            36934.59        36934.59       
  75       1               批处理机2           36934.59        37998.59        1064.00        
  75       2               离散机4            37998.59        39159.59        1161.00        
  75       3               离散机1            48563.90        49708.90        1145.00        
  75       4               离散机1            49708.90        50963.90        1255.00        
  75       5               离散机10           64795.78        66461.78        1666.00        
  75       6               离散机7            67450.00        68368.00        918.00         

工件 76:
  76       0               打印机2            18718.11        45190.60        26472.49       
  76       1               批处理机1           45190.60        46300.60        1110.00        

工件 77:
  77       0               打印机2            45190.60        51978.88        6788.28        
  77       1               批处理机1           51978.88        53088.88        1110.00        
  77       2               离散机7            53088.88        54237.88        1149.00        
  77       3               离散机6            54237.88        55278.88        1041.00        
  77       4               离散机1            56608.08        58036.08        1428.00        

工件 78:
  78       0               打印机4            0.00            36934.59        36934.59       
  78       1               批处理机2           36934.59        37998.59        1064.00        
  78       2               离散机8            37998.59        39283.59        1285.00        

工件 79:
  79       0               打印机3            0.00            19776.71        19776.71       
  79       1               批处理机1           19776.71        20886.71        1110.00        
  79       2               离散机5            20886.71        21809.71        923.00         

工件 80:
  80       0               打印机5            0.00            38997.00        38997.00       
  80       1               批处理机2           38997.00        40061.00        1064.00        

工件 81:
  81       0               打印机1            0.00            28102.05        28102.05       
  81       1               批处理机2           28102.05        29166.05        1064.00        
  81       2               离散机4            33300.05        34859.05        1559.00        
  81       3               离散机8            36289.05        37477.05        1188.00        

工件 82:
  82       0               打印机5            0.00            38997.00        38997.00       
  82       1               批处理机2           38997.00        40061.00        1064.00        
  82       2               离散机3            58099.00        59698.00        1599.00        
  82       3               离散机1            63512.08        64422.08        910.00         

工件 83:
  83       0               打印机1            0.00            28102.05        28102.05       
  83       1               批处理机2           28102.05        29166.05        1064.00        
  83       2               离散机4            32079.05        33300.05        1221.00        
  83       3               离散机8            34386.05        35372.05        986.00         
  83       4               离散机7            35372.05        36866.05        1494.00        
  83       5               离散机2            38102.05        39526.05        1424.00        
  83       6               离散机4            51585.90        53011.90        1426.00        
  83       7               离散机3            68801.78        69977.78        1176.00        

工件 84:
  84       0               打印机1            0.00            28102.05        28102.05       
  84       1               批处理机2           28102.05        29166.05        1064.00        

工件 85:
  85       0               打印机4            0.00            36934.59        36934.59       
  85       1               批处理机2           36934.59        37998.59        1064.00        
  85       2               离散机6            39124.59        40366.59        1242.00        
  85       3               离散机9            40992.00        42663.00        1671.00        

工件 86:
  86       0               打印机4            0.00            36934.59        36934.59       
  86       1               批处理机2           36934.59        37998.59        1064.00        
  86       2               离散机5            37998.59        39142.59        1144.00        
  86       3               离散机3            44229.00        45549.00        1320.00        
  86       4               离散机4            45549.00        47321.00        1772.00        
  86       5               离散机10           50526.03        51723.03        1197.00        

工件 87:
  87       0               打印机1            39281.03        44395.90        5114.87        
  87       1               批处理机2           44395.90        45459.90        1064.00        
  87       2               离散机6            47304.60        48657.60        1353.00        
  87       3               离散机9            51418.03        52691.03        1273.00        
  87       4               离散机6            55278.88        56938.88        1660.00        

工件 88:
  88       0               打印机3            0.00            19776.71        19776.71       
  88       1               批处理机1           19776.71        20886.71        1110.00        
  88       2               离散机7            21456.11        22763.11        1307.00        
  88       3               离散机7            24913.11        26276.11        1363.00        
  88       4               离散机3            34767.05        35897.05        1130.00        

工件 89:
  89       0               打印机1            39281.03        44395.90        5114.87        
  89       1               批处理机2           44395.90        45459.90        1064.00        
  89       2               离散机5            48372.60        50142.60        1770.00        
  89       3               离散机3            66583.78        67571.78        988.00         

工件 90:
  90       0               打印机2            18718.11        45190.60        26472.49       
  90       1               批处理机1           45190.60        46300.60        1110.00        
  90       2               离散机9            49675.03        51418.03        1743.00        

工件 91:
  91       0               打印机2            0.00            18718.11        18718.11       
  91       1               批处理机2           18718.11        19782.11        1064.00        
  91       2               离散机5            29450.11        31089.11        1639.00        

工件 92:
  92       0               打印机2            18718.11        45190.60        26472.49       
  92       1               批处理机1           45190.60        46300.60        1110.00        
  92       2               离散机2            55222.90        56778.90        1556.00        
  92       3               离散机3            57074.00        58099.00        1025.00        

工件 93:
  93       0               打印机2            45190.60        51978.88        6788.28        
  93       1               批处理机1           51978.88        53088.88        1110.00        
  93       2               离散机10           53088.88        54779.88        1691.00        
  93       3               离散机9            55742.00        56771.00        1029.00        
  93       4               离散机10           57180.88        58669.88        1489.00        
  93       5               离散机8            65670.00        66745.00        1075.00        

工件 94:
  94       0               打印机1            0.00            28102.05        28102.05       
  94       1               批处理机2           28102.05        29166.05        1064.00        
  94       2               离散机6            29166.05        30606.05        1440.00        
  94       3               离散机3            30606.05        32157.05        1551.00        
  94       4               离散机10           33084.05        34003.05        919.00         
  94       5               离散机4            47321.00        48275.00        954.00         
  94       6               离散机4            53011.90        54635.90        1624.00        
  94       7               离散机2            68638.06        70232.06        1594.00        

工件 95:
  95       0               打印机5            0.00            38997.00        38997.00       
  95       1               批处理机2           38997.00        40061.00        1064.00        

工件 96:
  96       0               打印机5            38997.00        53394.00        14397.00       
  96       1               批处理机2           53394.00        54458.00        1064.00        
  96       2               离散机9            54458.00        55742.00        1284.00        
  96       3               离散机4            55742.00        57423.00        1681.00        
  96       4               离散机7            57423.00        58541.00        1118.00        
  96       5               离散机4            59091.00        60464.00        1373.00        
  96       6               离散机8            60464.00        61494.00        1030.00        
  96       7               离散机3            61494.00        62660.00        1166.00        
  96       8               离散机10           63784.78        64795.78        1011.00        

工件 97:
  97       0               打印机2            0.00            18718.11        18718.11       
  97       1               批处理机2           18718.11        19782.11        1064.00        
  97       2               离散机5            19782.11        20765.11        983.00         
  97       3               离散机1            20968.11        22433.11        1465.00        
  97       4               离散机6            32850.05        34313.05        1463.00        

工件 98:
  98       0               打印机3            0.00            19776.71        19776.71       
  98       1               批处理机1           19776.71        20886.71        1110.00        

工件 99:
  99       0               打印机1            0.00            28102.05        28102.05       
  99       1               批处理机2           28102.05        29166.05        1064.00        
  99       2               离散机10           29166.05        30463.05        1297.00        
  99       3               离散机3            32157.05        33536.05        1379.00        
  99       4               离散机4            34859.05        35945.05        1086.00        
  99       5               离散机3            35945.05        37305.05        1360.00        
  99       6               离散机10           37305.05        38604.05        1299.00        
  99       7               离散机9            45806.00        46874.00        1068.00        

【机器加工顺序记录】
----------------------------------------------------------------------------------------------------

打印机1:
工件号      工序号             开始时间            结束时间            加工时长           
--------------------------------------------------------------------------------
  3        0               0.00            28102.05        28102.05       
  4        0               0.00            28102.05        28102.05       
  5        0               0.00            28102.05        28102.05       
  19       0               0.00            28102.05        28102.05       
  32       0               0.00            28102.05        28102.05       
  37       0               0.00            28102.05        28102.05       
  47       0               0.00            28102.05        28102.05       
  52       0               0.00            28102.05        28102.05       
  53       0               0.00            28102.05        28102.05       
  66       0               0.00            28102.05        28102.05       
  81       0               0.00            28102.05        28102.05       
  83       0               0.00            28102.05        28102.05       
  84       0               0.00            28102.05        28102.05       
  94       0               0.00            28102.05        28102.05       
  99       0               0.00            28102.05        28102.05       
  2        0               28102.05        39281.03        11178.97       
  6        0               28102.05        39281.03        11178.97       
  23       0               28102.05        39281.03        11178.97       
  58       0               28102.05        39281.03        11178.97       
  25       0               39281.03        44395.90        5114.87        
  31       0               39281.03        44395.90        5114.87        
  72       0               39281.03        44395.90        5114.87        
  87       0               39281.03        44395.90        5114.87        
  89       0               39281.03        44395.90        5114.87        
  43       0               44395.90        51203.08        6807.18        

  机器利用率: 709.21% (忙碌时间: 498628.21 / 总时间: 70308.00)

打印机2:
工件号      工序号             开始时间            结束时间            加工时长           
--------------------------------------------------------------------------------
  0        0               0.00            18718.11        18718.11       
  9        0               0.00            18718.11        18718.11       
  18       0               0.00            18718.11        18718.11       
  26       0               0.00            18718.11        18718.11       
  27       0               0.00            18718.11        18718.11       
  29       0               0.00            18718.11        18718.11       
  39       0               0.00            18718.11        18718.11       
  40       0               0.00            18718.11        18718.11       
  41       0               0.00            18718.11        18718.11       
  46       0               0.00            18718.11        18718.11       
  55       0               0.00            18718.11        18718.11       
  59       0               0.00            18718.11        18718.11       
  60       0               0.00            18718.11        18718.11       
  69       0               0.00            18718.11        18718.11       
  91       0               0.00            18718.11        18718.11       
  97       0               0.00            18718.11        18718.11       
  10       0               18718.11        45190.60        26472.49       
  15       0               18718.11        45190.60        26472.49       
  16       0               18718.11        45190.60        26472.49       
  36       0               18718.11        45190.60        26472.49       
  62       0               18718.11        45190.60        26472.49       
  70       0               18718.11        45190.60        26472.49       
  74       0               18718.11        45190.60        26472.49       
  76       0               18718.11        45190.60        26472.49       
  90       0               18718.11        45190.60        26472.49       
  92       0               18718.11        45190.60        26472.49       
  71       0               45190.60        51978.88        6788.28        
  77       0               45190.60        51978.88        6788.28        
  93       0               45190.60        51978.88        6788.28        

  机器利用率: 831.46% (忙碌时间: 584579.44 / 总时间: 70308.00)

打印机3:
工件号      工序号             开始时间            结束时间            加工时长           
--------------------------------------------------------------------------------
  21       0               0.00            19776.71        19776.71       
  33       0               0.00            19776.71        19776.71       
  65       0               0.00            19776.71        19776.71       
  79       0               0.00            19776.71        19776.71       
  88       0               0.00            19776.71        19776.71       
  98       0               0.00            19776.71        19776.71       
  17       0               19776.71        60638.78        40862.07       
  22       0               19776.71        60638.78        40862.07       
  68       0               19776.71        60638.78        40862.07       

  机器利用率: 343.13% (忙碌时间: 241246.46 / 总时间: 70308.00)

打印机4:
工件号      工序号             开始时间            结束时间            加工时长           
--------------------------------------------------------------------------------
  1        0               0.00            36934.59        36934.59       
  14       0               0.00            36934.59        36934.59       
  35       0               0.00            36934.59        36934.59       
  38       0               0.00            36934.59        36934.59       
  42       0               0.00            36934.59        36934.59       
  44       0               0.00            36934.59        36934.59       
  48       0               0.00            36934.59        36934.59       
  51       0               0.00            36934.59        36934.59       
  57       0               0.00            36934.59        36934.59       
  75       0               0.00            36934.59        36934.59       
  78       0               0.00            36934.59        36934.59       
  85       0               0.00            36934.59        36934.59       
  86       0               0.00            36934.59        36934.59       
  30       0               36934.59        58575.06        21640.47       
  61       0               36934.59        58575.06        21640.47       
  64       0               36934.59        58575.06        21640.47       

  机器利用率: 775.26% (忙碌时间: 545071.06 / 总时间: 70308.00)

打印机5:
工件号      工序号             开始时间            结束时间            加工时长           
--------------------------------------------------------------------------------
  7        0               0.00            38997.00        38997.00       
  8        0               0.00            38997.00        38997.00       
  11       0               0.00            38997.00        38997.00       
  12       0               0.00            38997.00        38997.00       
  13       0               0.00            38997.00        38997.00       
  20       0               0.00            38997.00        38997.00       
  24       0               0.00            38997.00        38997.00       
  28       0               0.00            38997.00        38997.00       
  34       0               0.00            38997.00        38997.00       
  50       0               0.00            38997.00        38997.00       
  54       0               0.00            38997.00        38997.00       
  56       0               0.00            38997.00        38997.00       
  63       0               0.00            38997.00        38997.00       
  67       0               0.00            38997.00        38997.00       
  73       0               0.00            38997.00        38997.00       
  80       0               0.00            38997.00        38997.00       
  82       0               0.00            38997.00        38997.00       
  95       0               0.00            38997.00        38997.00       
  45       0               38997.00        53394.00        14397.00       
  49       0               38997.00        53394.00        14397.00       
  96       0               38997.00        53394.00        14397.00       

  机器利用率: 1059.82% (忙碌时间: 745137.00 / 总时间: 70308.00)

批处理机1:
工件号      工序号             开始时间            结束时间            加工时长           
--------------------------------------------------------------------------------
  21       1               19776.71        20886.71        1110.00        
  33       1               19776.71        20886.71        1110.00        
  65       1               19776.71        20886.71        1110.00        
  79       1               19776.71        20886.71        1110.00        
  88       1               19776.71        20886.71        1110.00        
  98       1               19776.71        20886.71        1110.00        
  2        1               39281.03        40391.03        1110.00        
  6        1               39281.03        40391.03        1110.00        
  23       1               39281.03        40391.03        1110.00        
  58       1               39281.03        40391.03        1110.00        
  10       1               45190.60        46300.60        1110.00        
  15       1               45190.60        46300.60        1110.00        
  16       1               45190.60        46300.60        1110.00        
  36       1               45190.60        46300.60        1110.00        
  62       1               45190.60        46300.60        1110.00        
  70       1               45190.60        46300.60        1110.00        
  74       1               45190.60        46300.60        1110.00        
  76       1               45190.60        46300.60        1110.00        
  90       1               45190.60        46300.60        1110.00        
  92       1               45190.60        46300.60        1110.00        
  71       1               51978.88        53088.88        1110.00        
  77       1               51978.88        53088.88        1110.00        
  93       1               51978.88        53088.88        1110.00        

  机器利用率: 36.31% (忙碌时间: 25530.00 / 总时间: 70308.00)

批处理机2:
工件号      工序号             开始时间            结束时间            加工时长           
--------------------------------------------------------------------------------
  0        1               18718.11        19782.11        1064.00        
  9        1               18718.11        19782.11        1064.00        
  18       1               18718.11        19782.11        1064.00        
  26       1               18718.11        19782.11        1064.00        
  27       1               18718.11        19782.11        1064.00        
  29       1               18718.11        19782.11        1064.00        
  39       1               18718.11        19782.11        1064.00        
  40       1               18718.11        19782.11        1064.00        
  41       1               18718.11        19782.11        1064.00        
  46       1               18718.11        19782.11        1064.00        
  55       1               18718.11        19782.11        1064.00        
  59       1               18718.11        19782.11        1064.00        
  60       1               18718.11        19782.11        1064.00        
  69       1               18718.11        19782.11        1064.00        
  91       1               18718.11        19782.11        1064.00        
  97       1               18718.11        19782.11        1064.00        
  3        1               28102.05        29166.05        1064.00        
  4        1               28102.05        29166.05        1064.00        
  5        1               28102.05        29166.05        1064.00        
  19       1               28102.05        29166.05        1064.00        
  32       1               28102.05        29166.05        1064.00        
  37       1               28102.05        29166.05        1064.00        
  47       1               28102.05        29166.05        1064.00        
  52       1               28102.05        29166.05        1064.00        
  53       1               28102.05        29166.05        1064.00        
  66       1               28102.05        29166.05        1064.00        
  81       1               28102.05        29166.05        1064.00        
  83       1               28102.05        29166.05        1064.00        
  84       1               28102.05        29166.05        1064.00        
  94       1               28102.05        29166.05        1064.00        
  99       1               28102.05        29166.05        1064.00        
  1        1               36934.59        37998.59        1064.00        
  14       1               36934.59        37998.59        1064.00        
  35       1               36934.59        37998.59        1064.00        
  38       1               36934.59        37998.59        1064.00        
  42       1               36934.59        37998.59        1064.00        
  44       1               36934.59        37998.59        1064.00        
  48       1               36934.59        37998.59        1064.00        
  51       1               36934.59        37998.59        1064.00        
  57       1               36934.59        37998.59        1064.00        
  75       1               36934.59        37998.59        1064.00        
  78       1               36934.59        37998.59        1064.00        
  85       1               36934.59        37998.59        1064.00        
  86       1               36934.59        37998.59        1064.00        
  7        1               38997.00        40061.00        1064.00        
  8        1               38997.00        40061.00        1064.00        
  11       1               38997.00        40061.00        1064.00        
  12       1               38997.00        40061.00        1064.00        
  13       1               38997.00        40061.00        1064.00        
  20       1               38997.00        40061.00        1064.00        
  24       1               38997.00        40061.00        1064.00        
  28       1               38997.00        40061.00        1064.00        
  34       1               38997.00        40061.00        1064.00        
  50       1               38997.00        40061.00        1064.00        
  54       1               38997.00        40061.00        1064.00        
  56       1               38997.00        40061.00        1064.00        
  63       1               38997.00        40061.00        1064.00        
  67       1               38997.00        40061.00        1064.00        
  73       1               38997.00        40061.00        1064.00        
  80       1               38997.00        40061.00        1064.00        
  82       1               38997.00        40061.00        1064.00        
  95       1               38997.00        40061.00        1064.00        
  25       1               44395.90        45459.90        1064.00        
  31       1               44395.90        45459.90        1064.00        
  72       1               44395.90        45459.90        1064.00        
  87       1               44395.90        45459.90        1064.00        
  89       1               44395.90        45459.90        1064.00        
  43       1               51203.08        52267.08        1064.00        
  45       1               53394.00        54458.00        1064.00        
  49       1               53394.00        54458.00        1064.00        
  96       1               53394.00        54458.00        1064.00        
  30       1               58575.06        59639.06        1064.00        
  61       1               58575.06        59639.06        1064.00        
  64       1               58575.06        59639.06        1064.00        
  17       1               60638.78        61702.78        1064.00        
  22       1               60638.78        61702.78        1064.00        
  68       1               60638.78        61702.78        1064.00        

  机器利用率: 116.53% (忙碌时间: 81928.00 / 总时间: 70308.00)

离散机1:
工件号      工序号             开始时间            结束时间            加工时长           
--------------------------------------------------------------------------------
  29       2               19782.11        20968.11        1186.00        
  97       3               20968.11        22433.11        1465.00        
  65       5               24435.71        25596.71        1161.00        
  46       5               26417.71        27353.71        936.00         
  46       6               27353.71        28425.71        1072.00        
  52       2               29166.05        30284.05        1118.00        
  4        2               30284.05        31417.05        1133.00        
  5        2               31417.05        33090.05        1673.00        
  3        2               33090.05        34022.05        932.00         
  52       5               34022.05        35577.05        1555.00        
  66       2               35577.05        36880.05        1303.00        
  41       7               37647.05        39441.05        1794.00        
  20       2               40061.00        41635.00        1574.00        
  23       3               41944.03        43593.03        1649.00        
  73       2               43593.03        44628.03        1035.00        
  31       2               45459.90        46873.90        1414.00        
  72       3               47072.90        48563.90        1491.00        
  75       3               48563.90        49708.90        1145.00        
  75       4               49708.90        50963.90        1255.00        
  34       3               50963.90        52357.90        1394.00        
  8        6               52357.90        53390.90        1033.00        
  43       3               53643.08        55099.08        1456.00        
  15       4               55099.08        56608.08        1509.00        
  77       4               56608.08        58036.08        1428.00        
  25       5               58036.08        59082.08        1046.00        
  43       5               59082.08        60178.08        1096.00        
  7        4               60178.08        61104.08        926.00         
  35       3               61104.08        62205.08        1101.00        
  47       8               62205.08        63512.08        1307.00        
  82       3               63512.08        64422.08        910.00         
  30       6               64503.00        66245.00        1742.00        
  45       7               66245.00        67202.00        957.00         
  6        5               67202.00        68910.00        1708.00        
  55       7               68910.00        70308.00        1398.00        

  机器利用率: 62.44% (忙碌时间: 43902.00 / 总时间: 70308.00)

离散机2:
工件号      工序号             开始时间            结束时间            加工时长           
--------------------------------------------------------------------------------
  33       2               20886.71        22656.71        1770.00        
  26       3               22656.71        24181.71        1525.00        
  41       3               24913.11        26610.11        1697.00        
  0        4               26610.11        28009.11        1399.00        
  59       5               28009.11        28975.11        966.00         
  32       2               29166.05        30297.05        1131.00        
  47       2               30297.05        31550.05        1253.00        
  52       4               32079.05        33467.05        1388.00        
  32       5               33467.05        35162.05        1695.00        
  3        4               35162.05        36160.05        998.00         
  5        4               36160.05        37080.05        920.00         
  4        6               37080.05        38102.05        1022.00        
  83       5               38102.05        39526.05        1424.00        
  7        2               40061.00        41049.00        988.00         
  3        6               41049.00        42414.00        1365.00        
  8        4               42423.03        44034.03        1611.00        
  8        5               44034.03        45418.03        1384.00        
  72       2               45459.90        47072.90        1613.00        
  16       2               47072.90        48862.90        1790.00        
  15       2               48862.90        50461.90        1599.00        
  6        3               50461.90        52126.90        1665.00        
  25       3               52126.90        53452.90        1326.00        
  37       3               53452.90        55222.90        1770.00        
  92       2               55222.90        56778.90        1556.00        
  10       5               56778.90        58507.90        1729.00        
  5        6               58507.90        59407.90        900.00         
  30       2               59639.06        60788.06        1149.00        
  71       4               60788.06        61942.06        1154.00        
  6        4               61942.06        63135.06        1193.00        
  74       4               63135.06        64326.06        1191.00        
  7        5               64326.06        65671.06        1345.00        
  13       7               65671.06        66652.06        981.00         
  52       6               66652.06        67667.06        1015.00        
  17       7               67667.06        68638.06        971.00         
  94       7               68638.06        70232.06        1594.00        

  机器利用率: 66.96% (忙碌时间: 47077.00 / 总时间: 70308.00)

离散机3:
工件号      工序号             开始时间            结束时间            加工时长           
--------------------------------------------------------------------------------
  0        2               19782.11        20682.11        900.00         
  21       2               20886.71        22465.71        1579.00        
  59       3               22465.71        23410.71        945.00         
  26       4               24181.71        25331.71        1150.00        
  46       4               25331.71        26417.71        1086.00        
  26       5               26417.71        28026.71        1609.00        
  65       6               28026.71        28933.71        907.00         
  55       5               28955.11        30494.11        1539.00        
  94       3               30606.05        32157.05        1551.00        
  99       3               32157.05        33536.05        1379.00        
  4        4               33536.05        34767.05        1231.00        
  88       4               34767.05        35897.05        1130.00        
  99       5               35945.05        37305.05        1360.00        
  47       6               37305.05        38748.05        1443.00        
  46       7               38748.05        39982.05        1234.00        
  13       2               40061.00        41518.00        1457.00        
  24       2               41518.00        42848.00        1330.00        
  11       2               42848.00        44229.00        1381.00        
  86       3               44229.00        45549.00        1320.00        
  74       2               46300.60        47329.60        1029.00        
  25       2               47329.60        48250.60        921.00         
  36       3               48250.60        49300.60        1050.00        
  11       4               49300.60        50291.60        991.00         
  15       3               50461.90        51450.90        989.00         
  58       3               51450.90        52968.90        1518.00        
  36       5               53082.90        54317.90        1235.00        
  45       2               54458.00        55779.00        1321.00        
  43       4               55779.00        57074.00        1295.00        
  92       3               57074.00        58099.00        1025.00        
  82       2               58099.00        59698.00        1599.00        
  23       7               59698.00        61314.00        1616.00        
  96       7               61494.00        62660.00        1166.00        
  30       4               62660.00        63579.00        919.00         
  17       4               63894.78        65076.78        1182.00        
  15       5               65076.78        66583.78        1507.00        
  89       3               66583.78        67571.78        988.00         
  15       6               67571.78        68801.78        1230.00        
  83       7               68801.78        69977.78        1176.00        

  机器利用率: 67.26% (忙碌时间: 47288.00 / 总时间: 70308.00)

离散机4:
工件号      工序号             开始时间            结束时间            加工时长           
--------------------------------------------------------------------------------
  55       2               19782.11        21241.11        1459.00        
  60       2               21241.11        22259.11        1018.00        
  65       3               22292.71        23526.71        1234.00        
  59       4               23526.71        24768.71        1242.00        
  41       4               26610.11        27513.11        903.00         
  33       5               27513.11        28511.11        998.00         
  69       5               29096.11        30110.11        1014.00        
  52       3               30284.05        32079.05        1795.00        
  83       2               32079.05        33300.05        1221.00        
  81       2               33300.05        34859.05        1559.00        
  99       4               34859.05        35945.05        1086.00        
  41       6               35945.05        37647.05        1702.00        
  75       2               37998.59        39159.59        1161.00        
  14       3               39301.59        40525.59        1224.00        
  42       2               40525.59        41920.59        1395.00        
  5        5               41920.59        43678.59        1758.00        
  67       3               43678.59        45002.59        1324.00        
  86       4               45549.00        47321.00        1772.00        
  94       5               47321.00        48275.00        954.00         
  72       4               48563.90        49822.90        1259.00        
  67       4               49822.90        51585.90        1763.00        
  83       6               51585.90        53011.90        1426.00        
  94       6               53011.90        54635.90        1624.00        
  96       3               55742.00        57423.00        1681.00        
  71       3               57423.00        59091.00        1668.00        
  96       5               59091.00        60464.00        1373.00        
  36       7               60464.00        61387.00        923.00         
  8        7               61387.00        63048.00        1661.00        
  68       3               63066.78        64511.78        1445.00        
  51       2               64511.78        65674.78        1163.00        
  66       6               65674.78        67423.78        1749.00        
  30       8               67450.00        68827.00        1377.00        

  机器利用率: 62.48% (忙碌时间: 43931.00 / 总时间: 70308.00)

离散机5:
工件号      工序号             开始时间            结束时间            加工时长           
--------------------------------------------------------------------------------
  97       2               19782.11        20765.11        983.00         
  79       2               20886.71        21809.71        923.00         
  33       3               22656.71        23720.71        1064.00        
  9        3               23736.71        24649.71        913.00         
  39       4               25974.71        27510.71        1536.00        
  33       6               28511.11        29450.11        939.00         
  91       2               29450.11        31089.11        1639.00        
  32       4               31779.05        32987.05        1208.00        
  47       3               32987.05        34139.05        1152.00        
  69       7               34139.05        35706.05        1567.00        
  32       6               35706.05        36711.05        1005.00        
  86       2               37998.59        39142.59        1144.00        
  8        2               40061.00        41317.00        1256.00        
  20       3               41635.00        42860.00        1225.00        
  13       4               42860.00        44536.00        1676.00        
  24       4               44590.00        45656.00        1066.00        
  26       9               45656.00        47152.00        1496.00        
  10       3               47304.60        48372.60        1068.00        
  89       2               48372.60        50142.60        1770.00        
  31       4               50142.60        51650.60        1508.00        
  43       2               52267.08        53643.08        1376.00        
  34       4               53643.08        55073.08        1430.00        
  67       5               55073.08        56357.08        1284.00        
  45       4               56972.00        58186.00        1214.00        
  72       7               58186.00        59322.00        1136.00        
  72       8               59322.00        60714.00        1392.00        
  30       3               60788.06        61849.06        1061.00        
  45       5               61849.06        63365.06        1516.00        
  30       5               63579.00        64503.00        924.00         
  23       8               64503.00        65741.00        1238.00        
  17       6               66082.78        67503.78        1421.00        
  58       5               67503.78        68713.78        1210.00        
  15       7               68801.78        69714.78        913.00         

  机器利用率: 58.67% (忙碌时间: 41253.00 / 总时间: 70308.00)

离散机6:
工件号      工序号             开始时间            结束时间            加工时长           
--------------------------------------------------------------------------------
  21       3               22465.71        24074.71        1609.00        
  46       3               24074.71        25077.71        1003.00        
  21       4               25077.71        26642.71        1565.00        
  40       4               27369.71        28749.71        1380.00        
  94       2               29166.05        30606.05        1440.00        
  26       6               30606.05        31885.05        1279.00        
  53       2               31885.05        32850.05        965.00         
  97       4               32850.05        34313.05        1463.00        
  57       2               37998.59        39124.59        1126.00        
  85       2               39124.59        40366.59        1242.00        
  6        2               40391.03        41396.03        1005.00        
  8        3               41396.03        42423.03        1027.00        
  20       4               42860.00        44120.00        1260.00        
  14       4               44120.00        45211.00        1091.00        
  28       3               45211.00        46202.00        991.00         
  10       2               46300.60        47304.60        1004.00        
  87       2               47304.60        48657.60        1353.00        
  24       5               48657.60        50055.60        1398.00        
  10       4               50055.60        51571.60        1516.00        
  7        3               51571.60        52946.60        1375.00        
  58       4               52968.90        54077.90        1109.00        
  77       3               54237.88        55278.88        1041.00        
  87       4               55278.88        56938.88        1660.00        
  49       2               56938.88        58387.88        1449.00        
  49       3               58387.88        59333.88        946.00         
  28       6               59333.88        60364.88        1031.00        
  37       4               60364.88        61555.88        1191.00        
  43       6               61555.88        62592.88        1037.00        
  17       3               62656.78        63894.78        1238.00        
  45       6               63894.78        65404.78        1510.00        
  44       2               65404.78        66390.78        986.00         
  50       2               66390.78        67742.78        1352.00        
  4        7               67742.78        69080.78        1338.00        
  17       8               69080.78        69999.78        919.00         

  机器利用率: 59.59% (忙碌时间: 41899.00 / 总时间: 70308.00)

离散机7:
工件号      工序号             开始时间            结束时间            加工时长           
--------------------------------------------------------------------------------
  26       2               19782.11        21456.11        1674.00        
  88       2               21456.11        22763.11        1307.00        
  46       2               22763.11        23892.11        1129.00        
  41       2               23892.11        24913.11        1021.00        
  88       3               24913.11        26276.11        1363.00        
  69       3               26276.11        27787.11        1511.00        
  55       4               27787.11        28955.11        1168.00        
  19       2               29166.05        30600.05        1434.00        
  59       6               30600.05        32069.05        1469.00        
  55       6               32069.05        33679.05        1610.00        
  3        3               34022.05        35151.05        1129.00        
  83       4               35372.05        36866.05        1494.00        
  3        5               36866.05        37957.05        1091.00        
  14       2               37998.59        39301.59        1303.00        
  23       2               40391.03        41944.03        1553.00        
  34       2               41944.03        43708.03        1764.00        
  23       4               43708.03        45465.03        1757.00        
  1        3               45465.03        47247.03        1782.00        
  74       3               47329.60        48574.60        1245.00        
  16       3               48862.90        50431.90        1569.00        
  66       3               50431.90        51597.90        1166.00        
  36       4               51597.90        53082.90        1485.00        
  77       2               53088.88        54237.88        1149.00        
  72       5               54237.88        55806.88        1569.00        
  13       6               55806.88        57417.88        1611.00        
  96       4               57423.00        58541.00        1118.00        
  14       6               58541.00        59662.00        1121.00        
  12       2               59662.00        61420.00        1758.00        
  68       2               61702.78        63066.78        1364.00        
  24       8               63066.78        64475.78        1409.00        
  49       4               64475.78        66026.78        1551.00        
  30       7               66245.00        67450.00        1205.00        
  75       6               67450.00        68368.00        918.00         
  30       9               68827.00        69967.00        1140.00        

  机器利用率: 66.76% (忙碌时间: 46937.00 / 总时间: 70308.00)

离散机8:
工件号      工序号             开始时间            结束时间            加工时长           
--------------------------------------------------------------------------------
  69       2               19782.11        20988.11        1206.00        
  40       2               20988.11        22099.11        1111.00        
  29       3               22099.11        23278.11        1179.00        
  65       4               23526.71        24435.71        909.00         
  69       4               27787.11        29096.11        1309.00        
  69       6               30110.11        31344.11        1234.00        
  41       5               31344.11        32457.11        1113.00        
  5        3               33090.05        34386.05        1296.00        
  83       3               34386.05        35372.05        986.00         
  4        5               35372.05        36289.05        917.00         
  81       3               36289.05        37477.05        1188.00        
  78       2               37998.59        39283.59        1285.00        
  1        2               39283.59        40927.59        1644.00        
  13       3               41518.00        42556.00        1038.00        
  54       2               42556.00        44130.00        1574.00        
  11       3               44229.00        45245.00        1016.00        
  57       3               45245.00        46232.00        987.00         
  36       2               46300.60        47825.60        1525.00        
  31       3               47825.60        48757.60        932.00         
  35       2               48757.60        50475.60        1718.00        
  14       5               50475.60        51989.60        1514.00        
  62       2               51989.60        53485.60        1496.00        
  66       4               53485.60        54736.60        1251.00        
  11       5               54736.60        55674.60        938.00         
  45       3               55779.00        56972.00        1193.00        
  24       7               56972.00        58390.00        1418.00        
  1        4               58390.00        60099.00        1709.00        
  96       6               60464.00        61494.00        1030.00        
  5        7               61494.00        62971.00        1477.00        
  14       7               62971.00        64562.00        1591.00        
  36       8               64562.00        65670.00        1108.00        
  93       5               65670.00        66745.00        1075.00        
  11       6               66745.00        67761.00        1016.00        
  14       9               67761.00        69379.00        1618.00        

  机器利用率: 60.59% (忙碌时间: 42601.00 / 总时间: 70308.00)

离散机9:
工件号      工序号             开始时间            结束时间            加工时长           
--------------------------------------------------------------------------------
  65       2               20886.71        22292.71        1406.00        
  9        2               22292.71        23736.71        1444.00        
  39       2               23736.71        25036.71        1300.00        
  33       4               25036.71        26059.71        1023.00        
  40       3               26059.71        27369.71        1310.00        
  18       2               27369.71        28511.71        1142.00        
  0        5               28511.71        30251.71        1740.00        
  32       3               30297.05        31779.05        1482.00        
  40       5               31779.05        32697.05        918.00         
  53       3               32850.05        33880.05        1030.00        
  26       7               33880.05        34881.05        1001.00        
  47       5               35189.05        36778.05        1589.00        
  26       8               36778.05        37842.05        1064.00        
  69       8               37842.05        38840.05        998.00         
  47       7               38840.05        39958.05        1118.00        
  67       2               40061.00        40992.00        931.00         
  85       3               40992.00        42663.00        1671.00        
  24       3               42848.00        44590.00        1742.00        
  20       5               44590.00        45806.00        1216.00        
  99       7               45806.00        46874.00        1068.00        
  23       6               47070.03        48167.03        1097.00        
  13       5               48167.03        49675.03        1508.00        
  90       2               49675.03        51418.03        1743.00        
  87       3               51418.03        52691.03        1273.00        
  71       2               53088.88        54157.88        1069.00        
  96       2               54458.00        55742.00        1284.00        
  93       3               55742.00        56771.00        1029.00        
  31       5               56771.00        58480.00        1709.00        
  66       5               58480.00        59634.00        1154.00        
  64       2               59639.06        60840.06        1201.00        
  25       6               60840.06        62558.06        1718.00        
  10       6               62558.06        63812.06        1254.00        
  31       6               63812.06        64979.06        1167.00        
  17       5               65076.78        66082.78        1006.00        
  7        6               66082.78        67544.78        1462.00        
  68       4               67544.78        68473.78        929.00         
  45       8               68473.78        69384.78        911.00         

  机器利用率: 66.43% (忙碌时间: 46707.00 / 总时间: 70308.00)

离散机10:
工件号      工序号             开始时间            结束时间            加工时长           
--------------------------------------------------------------------------------
  59       2               19782.11        21170.11        1388.00        
  55       3               21241.11        22703.11        1462.00        
  0        3               22703.11        23909.11        1206.00        
  39       3               25036.71        25974.71        938.00         
  39       5               27510.71        28936.71        1426.00        
  99       2               29166.05        30463.05        1297.00        
  37       2               30463.05        31736.05        1273.00        
  4        3               31736.05        33084.05        1348.00        
  94       4               33084.05        34003.05        919.00         
  47       4               34139.05        35189.05        1050.00        
  40       6               35189.05        36735.05        1546.00        
  99       6               37305.05        38604.05        1299.00        
  33       7               38604.05        40011.05        1407.00        
  28       2               40061.00        41606.00        1545.00        
  2        2               41606.00        42786.00        1180.00        
  58       2               42786.00        44246.00        1460.00        
  42       3               44246.00        45443.00        1197.00        
  23       5               45465.03        47070.03        1605.00        
  70       2               47070.03        48252.03        1182.00        
  28       4               48252.03        49460.03        1208.00        
  28       5               49460.03        50526.03        1066.00        
  86       5               50526.03        51723.03        1197.00        
  24       6               51723.03        52900.03        1177.00        
  93       2               53088.88        54779.88        1691.00        
  25       4               54779.88        55695.88        916.00         
  72       6               55806.88        57180.88        1374.00        
  93       4               57180.88        58669.88        1489.00        
  36       6               58669.88        59617.88        948.00         
  20       6               59617.88        60537.88        920.00         
  32       7               60537.88        61613.88        1076.00        
  17       2               61702.78        62656.78        954.00         
  25       7               62656.78        63784.78        1128.00        
  96       8               63784.78        64795.78        1011.00        
  75       5               64795.78        66461.78        1666.00        
  14       8               66461.78        67718.78        1257.00        
  48       2               67718.78        69157.78        1439.00        
  52       7               69157.78        70080.78        923.00         

  机器利用率: 65.67% (忙碌时间: 46168.00 / 总时间: 70308.00)

【打印批次详细信息】
----------------------------------------------------------------------------------------------------

打印机 1 (尺寸: 1033.0 x 412.0 x 635.0):
--------------------------------------------------------------------------------
  批次 1: 零件数=15, 占用率=90.63%
    - 99: 尺寸 390.0 x 203.0 x 186.0
    - 53: 尺寸 142.0 x 121.0 x 188.0
    - 83: 尺寸 441.0 x 153.0 x 197.0
    - 19: 尺寸 58.0 x 220.0 x 76.0
    - 84: 尺寸 132.0 x 148.0 x 176.0
    - 66: 尺寸 438.0 x 139.0 x 124.0
    - 37: 尺寸 208.0 x 179.0 x 109.0
    - 52: 尺寸 170.0 x 59.0 x 100.0
    - 47: 尺寸 51.0 x 178.0 x 176.0
    - 94: 尺寸 86.0 x 78.0 x 15.0
    - 81: 尺寸 93.0 x 134.0 x 170.0
    - 4: 尺寸 148.0 x 136.0 x 21.0
    - 32: 尺寸 98.0 x 66.0 x 75.0
    - 5: 尺寸 187.0 x 63.0 x 153.0
    - 3: 尺寸 130.0 x 114.0 x 98.0
  批次 2: 零件数=4, 占用率=72.71%
    - 2: 尺寸 568.0 x 184.0 x 44.0
    - 23: 尺寸 422.0 x 283.0 x 63.0
    - 6: 尺寸 306.0 x 134.0 x 68.0
    - 58: 尺寸 246.0 x 181.0 x 77.0
  批次 3: 零件数=5, 占用率=84.79%
    - 31: 尺寸 355.0 x 260.0 x 20.0
    - 89: 尺寸 233.0 x 185.0 x 23.0
    - 72: 尺寸 426.0 x 214.0 x 34.0
    - 25: 尺寸 207.0 x 202.0 x 33.0
    - 87: 尺寸 690.0 x 134.0 x 26.0
  批次 4: 零件数=1, 占用率=40.04%
    - 43: 尺寸 713.0 x 239.0 x 46.0

打印机 2 (尺寸: 1163.0 x 587.0 x 663.0):
--------------------------------------------------------------------------------
  批次 1: 零件数=16, 占用率=91.19%
    - 60: 尺寸 363.0 x 170.0 x 19.0
    - 91: 尺寸 179.0 x 133.0 x 39.0
    - 27: 尺寸 565.0 x 191.0 x 59.0
    - 59: 尺寸 229.0 x 159.0 x 122.0
    - 26: 尺寸 353.0 x 115.0 x 50.0
    - 9: 尺寸 149.0 x 101.0 x 45.0
    - 39: 尺寸 396.0 x 158.0 x 123.0
    - 29: 尺寸 137.0 x 302.0 x 33.0
    - 97: 尺寸 213.0 x 107.0 x 56.0
    - 40: 尺寸 148.0 x 122.0 x 103.0
    - 0: 尺寸 250.0 x 268.0 x 27.0
    - 46: 尺寸 389.0 x 123.0 x 52.0
    - 18: 尺寸 207.0 x 134.0 x 86.0
    - 69: 尺寸 101.0 x 76.0 x 43.0
    - 41: 尺寸 420.0 x 84.0 x 65.0
    - 55: 尺寸 93.0 x 72.0 x 88.0
  批次 2: 零件数=10, 占用率=82.59%
    - 10: 尺寸 480.0 x 155.0 x 175.0
    - 16: 尺寸 441.0 x 143.0 x 42.0
    - 90: 尺寸 241.0 x 85.0 x 93.0
    - 74: 尺寸 192.0 x 488.0 x 92.0
    - 36: 尺寸 468.0 x 164.0 x 153.0
    - 92: 尺寸 440.0 x 247.0 x 168.0
    - 15: 尺寸 255.0 x 172.0 x 44.0
    - 70: 尺寸 217.0 x 139.0 x 55.0
    - 62: 尺寸 188.0 x 133.0 x 95.0
    - 76: 尺寸 165.0 x 168.0 x 18.0
  批次 3: 零件数=3, 占用率=48.47%
    - 71: 尺寸 699.0 x 267.0 x 29.0
    - 77: 尺寸 204.0 x 509.0 x 43.0
    - 93: 尺寸 139.0 x 291.0 x 38.0

打印机 3 (尺寸: 941.0 x 424.0 x 663.0):
--------------------------------------------------------------------------------
  批次 1: 零件数=6, 占用率=88.81%
    - 65: 尺寸 688.0 x 246.0 x 28.0
    - 88: 尺寸 207.0 x 385.0 x 83.0
    - 21: 尺寸 109.0 x 53.0 x 36.0
    - 79: 尺寸 382.0 x 155.0 x 83.0
    - 98: 尺寸 197.0 x 134.0 x 63.0
    - 33: 尺寸 143.0 x 98.0 x 20.0
  批次 2: 零件数=3, 占用率=63.34%
    - 17: 尺寸 668.0 x 227.0 x 36.0
    - 68: 尺寸 227.0 x 413.0 x 174.0
    - 22: 尺寸 69.0 x 106.0 x 68.0

打印机 4 (尺寸: 1081.0 x 523.0 x 615.0):
--------------------------------------------------------------------------------
  批次 1: 零件数=13, 占用率=86.01%
    - 75: 尺寸 460.0 x 290.0 x 105.0
    - 86: 尺寸 349.0 x 205.0 x 127.0
    - 78: 尺寸 257.0 x 259.0 x 55.0
    - 85: 尺寸 205.0 x 63.0 x 96.0
    - 38: 尺寸 144.0 x 118.0 x 155.0
    - 51: 尺寸 173.0 x 135.0 x 83.0
    - 44: 尺寸 79.0 x 103.0 x 14.0
    - 48: 尺寸 205.0 x 200.0 x 83.0
    - 35: 尺寸 106.0 x 96.0 x 48.0
    - 57: 尺寸 114.0 x 139.0 x 92.0
    - 14: 尺寸 183.0 x 98.0 x 54.0
    - 42: 尺寸 86.0 x 114.0 x 61.0
    - 1: 尺寸 465.0 x 126.0 x 96.0
  批次 2: 零件数=3, 占用率=78.34%
    - 30: 尺寸 686.0 x 336.0 x 90.0
    - 64: 尺寸 333.0 x 441.0 x 52.0
    - 61: 尺寸 533.0 x 123.0 x 54.0

打印机 5 (尺寸: 1118.0 x 504.0 x 631.0):
--------------------------------------------------------------------------------
  批次 1: 零件数=18, 占用率=87.93%
    - 56: 尺寸 312.0 x 305.0 x 32.0
    - 7: 尺寸 105.0 x 98.0 x 89.0
    - 34: 尺寸 206.0 x 118.0 x 193.0
    - 80: 尺寸 152.0 x 106.0 x 19.0
    - 11: 尺寸 306.0 x 123.0 x 35.0
    - 20: 尺寸 142.0 x 89.0 x 104.0
    - 28: 尺寸 148.0 x 108.0 x 40.0
    - 82: 尺寸 191.0 x 198.0 x 181.0
    - 95: 尺寸 202.0 x 55.0 x 55.0
    - 12: 尺寸 99.0 x 132.0 x 97.0
    - 63: 尺寸 195.0 x 163.0 x 52.0
    - 67: 尺寸 144.0 x 121.0 x 191.0
    - 8: 尺寸 155.0 x 115.0 x 87.0
    - 13: 尺寸 87.0 x 87.0 x 191.0
    - 73: 尺寸 177.0 x 159.0 x 112.0
    - 50: 尺寸 123.0 x 185.0 x 171.0
    - 24: 尺寸 187.0 x 173.0 x 33.0
    - 54: 尺寸 529.0 x 120.0 x 52.0
  批次 2: 零件数=3, 占用率=74.86%
    - 96: 尺寸 711.0 x 335.0 x 59.0
    - 45: 尺寸 266.0 x 241.0 x 26.0
    - 49: 尺寸 720.0 x 166.0 x 70.0

════════════════════════════════════════════════════════════════
