════════════════════════════════════════════════════════════════
              最优Cmax解的详细调度记录
════════════════════════════════════════════════════════════════

【基本信息】
----------------------------------------------------------------------------------------------------
Cmax (最大完工时间): 76300.85
能耗: 961.53 kWh
装箱质量: 0.2151
批次总数: 14
工件数量: 100
机器数量: 17 (打印机:5, 批处理机:2, 离散机:10)

【染色体编码】
----------------------------------------------------------------------------------------------------
工序序列 (OS): [66, 21, 23, 41, 78, 10, 13, 68, 51, 54, 75, 1, 86, 45, 43, 9, 53, 98, 35, 18, 30, 88, 95, 82, 70, 94, 96, 97, 79, 7, 56, 27, 81, 92, 5, 46, 3, 71, 19, 24, 64, 37, 74, 65, 90, 39, 14, 6, 60, 99, 26, 29, 49, 17, 73, 32, 48, 83, 0, 69, 25, 4, 36, 58, 80, 42, 76, 67, 72, 62, 61, 40, 33, 11, 47, 12, 34, 8, 93, 50, 16, 77, 85, 15, 87, 59, 28, 31, 55, 38, 52, 63, 44, 89, 2, 57, 22, 91, 84, 20, 96, 26, 24, 40, 29, 85, 41, 47, 86, 17, 99, 93, 47, 10, 16, 13, 94, 11, 69, 81, 26, 92, 75, 86, 47, 30, 48, 10, 58, 41, 14, 34, 0, 13, 99, 29, 23, 59, 8, 65, 42, 2, 20, 75, 46, 97, 3, 32, 59, 28, 21, 52, 59, 36, 71, 11, 83, 30, 65, 71, 89, 5, 83, 14, 74, 40, 52, 40, 8, 88, 96, 17, 58, 65, 55, 30, 69, 89, 52, 46, 68, 96, 14, 6, 30, 11, 25, 96, 36, 72, 37, 74, 45, 6, 5, 41, 51, 65, 55, 58, 13, 14, 79, 46, 1, 25, 24, 50, 94, 20, 45, 66, 67, 1, 1, 24, 94, 75, 31, 4, 62, 19, 34, 15, 20, 43, 55, 23, 15, 49, 46, 3, 70, 15, 0, 33, 93, 52, 33, 14, 4, 39, 94, 14, 23, 69, 83, 20, 0, 43, 8, 16, 3, 87, 96, 81, 10, 66, 24, 7, 30, 60, 68, 57, 59, 33, 41, 49, 72, 4, 83, 32, 25, 65, 83, 31, 94, 67, 49, 5, 91, 30, 43, 94, 53, 7, 14, 12, 45, 23, 99, 64, 25, 15, 11, 55, 93, 20, 18, 5, 26, 46, 66, 97, 3, 9, 17, 17, 6, 4, 42, 69, 53, 92, 72, 97, 30, 88, 39, 36, 43, 37, 40, 57, 35, 75, 36, 58, 15, 96, 59, 26, 14, 21, 23, 8, 47, 37, 67, 55, 31, 74, 85, 28, 77, 47, 9, 45, 23, 17, 41, 13, 43, 39, 83, 23, 72, 7, 33, 36, 24, 0, 77, 7, 6, 66, 52, 99, 30, 54, 26, 69, 96, 86, 11, 28, 10, 82, 69, 36, 26, 55, 87, 28, 87, 72, 17, 72, 34, 3, 69, 68, 24, 35, 47, 45, 45, 78, 99, 25, 73, 4, 7, 8, 71, 40, 4, 26, 32, 52, 24, 32, 99, 8, 86, 13, 15, 47, 67, 5, 41, 66, 46, 13, 44, 77, 17, 32, 90, 45, 31, 28, 93, 10, 33, 25, 82, 31, 75, 39, 21, 72, 88, 36, 26, 33, 5, 32]
机器选择 (MS): [2, 4, 4, 3, 5, 5, 2, 2, 2, 1, 2, 3, 2, 4, 5, 5, 2, 2, 1, 1, 1, 4, 1, 5, 3, 1, 1, 2, 1, 2, 1, 1, 2, 2, 2, 1, 1, 5, 4, 5, 2, 1, 2, 3, 2, 1, 1, 2, 4, 2, 2, 4, 3, 5, 3, 1, 3, 2, 3, 2, 4, 1, 5, 4, 5, 1, 5, 2, 4, 3, 4, 1, 1, 4, 2, 2, 2, 3, 2, 2, 2, 4, 2, 1, 5, 5, 2, 5, 1, 3, 3, 3, 5, 1, 4, 1, 1, 5, 2, 5, 1, 1, 2, 2, 1, 1, 2, 2, 1, 1, 1, 1, 2, 1, 2, 2, 1, 3, 2, 1, 1, 1, 2, 3, 2, 2, 1, 3, 2, 1, 2, 1, 2, 1, 1, 1, 1, 2, 1, 1, 2, 3, 2, 1, 3, 1, 2, 1, 1, 2, 2, 1, 1, 1, 2, 1, 2, 1, 2, 2, 3, 2, 2, 3, 2, 1, 3, 1, 3, 3, 2, 1, 3, 1, 1, 1, 1, 1, 1, 1, 1, 1, 2, 2, 2, 1, 2, 2, 1, 1, 2, 1, 1, 3, 1, 1, 1, 2, 1, 2, 3, 1, 1, 1, 1, 1, 2, 2, 2, 1, 1, 3, 1, 2, 1, 1, 1, 2, 2, 1, 3, 1, 2, 3, 1, 2, 2, 2, 1, 3, 2, 1, 2, 2, 1, 1, 1, 1, 1, 1, 1, 3, 1, 2, 2, 2, 1, 1, 2, 2, 1, 1, 2, 1, 1, 1, 3, 3, 1, 1, 2, 1, 1, 3, 1, 1, 1, 1, 1, 2, 2, 2, 1, 1, 2, 1, 2, 1, 1, 1, 1, 1, 1, 1, 1, 1, 1, 1, 1, 1, 2, 1, 1, 1, 1, 1, 1, 2, 1, 1, 3, 1, 1, 1, 1, 2, 1, 1, 1, 1, 1, 1, 2, 1, 2, 1, 1, 1, 3, 2, 1, 1, 2, 1, 1, 1, 1, 2, 1, 1, 1, 1, 1, 3, 1, 2, 2, 1, 1, 1, 1, 1, 1, 3, 1, 1, 1, 2, 1, 1, 1, 3, 3, 1, 2, 3, 1, 2, 2, 1, 1, 2, 2, 1, 1, 1, 1, 1, 1, 1, 1, 1, 1, 1, 1, 1, 1, 2, 3, 1, 1, 1, 1, 2, 1, 2, 1, 2, 1, 2, 3, 1, 2, 1, 2, 1, 1, 1, 2, 1, 2, 2, 1, 3, 1, 1, 3, 1, 1, 1, 1, 2, 1, 1, 1, 1, 1, 2, 1, 1, 1, 3, 2, 1, 1, 3, 1, 1, 3, 1, 3, 1, 1, 1, 2, 3, 1, 1, 2, 3, 1, 1, 1, 1, 1, 1, 1, 1]

【零件加工顺序记录】
----------------------------------------------------------------------------------------------------
工件号      工序号             机器号             开始时间            结束时间            加工时长           
----------------------------------------------------------------------------------------------------

工件 0:
  0        0               打印机3            0.00            26496.22        26496.22       
  0        1               批处理机2           26496.22        27560.22        1064.00        
  0        2               离散机3            27560.22        28460.22        900.00         
  0        3               离散机2            35679.46        37311.46        1632.00        
  0        4               离散机2            37311.46        38710.46        1399.00        
  0        5               离散机4            50864.06        52569.06        1705.00        

工件 1:
  1        0               打印机3            0.00            26496.22        26496.22       
  1        1               批处理机2           26496.22        27560.22        1064.00        
  1        2               离散机3            28460.22        29495.22        1035.00        
  1        3               离散机7            41753.00        43535.00        1782.00        
  1        4               离散机8            43535.00        45244.00        1709.00        

工件 2:
  2        0               打印机4            0.00            19993.41        19993.41       
  2        1               批处理机2           19993.41        21057.41        1064.00        
  2        2               离散机3            21057.41        22719.41        1662.00        

工件 3:
  3        0               打印机1            0.00            15691.79        15691.79       
  3        1               批处理机2           15691.79        16755.79        1064.00        
  3        2               离散机1            16755.79        17687.79        932.00         
  3        3               离散机7            17687.79        18816.79        1129.00        
  3        4               离散机2            19656.79        20654.79        998.00         
  3        5               离散机1            20654.79        22371.79        1717.00        
  3        6               离散机6            22371.79        23529.79        1158.00        

工件 4:
  4        0               打印机1            0.00            15691.79        15691.79       
  4        1               批处理机2           15691.79        16755.79        1064.00        
  4        2               离散机1            18845.79        19978.79        1133.00        
  4        3               离散机10           22487.79        23835.79        1348.00        
  4        4               离散机10           23835.79        25538.79        1703.00        
  4        5               离散机1            25538.79        27019.79        1481.00        
  4        6               离散机8            48213.06        49671.06        1458.00        
  4        7               离散机10           58012.00        59692.00        1680.00        

工件 5:
  5        0               打印机2            0.00            28858.46        28858.46       
  5        1               批处理机1           28858.46        29968.46        1110.00        
  5        2               离散机1            29968.46        31641.46        1673.00        
  5        3               离散机8            31641.46        32937.46        1296.00        
  5        4               离散机1            32944.46        34647.46        1703.00        
  5        5               离散机4            44674.06        46432.06        1758.00        
  5        6               离散机10           60889.00        62096.00        1207.00        
  5        7               离散机5            74571.85        76300.85        1729.00        

工件 6:
  6        0               打印机2            0.00            28858.46        28858.46       
  6        1               批处理机1           28858.46        29968.46        1110.00        
  6        2               离散机5            32373.46        34014.46        1641.00        
  6        3               离散机2            34014.46        35679.46        1665.00        
  6        4               离散机5            40068.00        41368.00        1300.00        
  6        5               离散机9            49254.06        50531.06        1277.00        

工件 7:
  7        0               打印机2            0.00            28858.46        28858.46       
  7        1               批处理机1           28858.46        29968.46        1110.00        
  7        2               离散机2            32918.46        33906.46        988.00         
  7        3               离散机8            37096.46        38312.46        1216.00        
  7        4               离散机1            44291.46        45217.46        926.00         
  7        5               离散机2            45640.06        46985.06        1345.00        
  7        6               离散机9            58052.00        59514.00        1462.00        

工件 8:
  8        0               打印机3            0.00            26496.22        26496.22       
  8        1               批处理机2           26496.22        27560.22        1064.00        
  8        2               离散机5            27560.22        28816.22        1256.00        
  8        3               离散机6            28816.22        29843.22        1027.00        
  8        4               离散机2            38710.46        40321.46        1611.00        
  8        5               离散机5            41368.00        42356.00        988.00         
  8        6               离散机1            52069.06        53102.06        1033.00        
  8        7               离散机4            69436.85        71097.85        1661.00        

工件 9:
  9        0               打印机5            0.00            36597.00        36597.00       
  9        1               批处理机2           36597.00        37661.00        1064.00        
  9        2               离散机7            46446.00        47731.00        1285.00        
  9        3               离散机5            54364.00        55277.00        913.00         

工件 10:
  10       0               打印机5            0.00            36597.00        36597.00       
  10       1               批处理机2           36597.00        37661.00        1064.00        
  10       2               离散机9            41413.62        43138.62        1725.00        
  10       3               离散机5            43138.62        44206.62        1068.00        
  10       4               离散机6            46643.06        48159.06        1516.00        
  10       5               离散机2            49331.06        51060.06        1729.00        
  10       6               离散机8            59747.00        61080.00        1333.00        

工件 11:
  11       0               打印机4            19993.41        38575.06        18581.65       
  11       1               批处理机2           38575.06        39639.06        1064.00        
  11       2               离散机3            39639.06        41020.06        1381.00        
  11       3               离散机8            41020.06        42036.06        1016.00        
  11       4               离散机3            47534.06        48525.06        991.00         
  11       5               离散机5            48897.00        50234.00        1337.00        
  11       6               离散机6            50913.00        52021.00        1108.00        

工件 12:
  12       0               打印机2            28858.46        58611.65        29753.19       
  12       1               批处理机2           58611.65        59675.65        1064.00        
  12       2               离散机7            68069.85        69827.85        1758.00        

工件 13:
  13       0               打印机2            0.00            28858.46        28858.46       
  13       1               批处理机1           28858.46        29968.46        1110.00        
  13       2               离散机3            31679.46        33136.46        1457.00        
  13       3               离散机9            33136.46        34701.46        1565.00        
  13       4               离散机5            34701.46        36377.46        1676.00        
  13       5               离散机5            58494.00        59543.00        1049.00        
  13       6               离散机7            71539.85        73150.85        1611.00        
  13       7               离散机2            73150.85        74131.85        981.00         

工件 14:
  14       0               打印机1            0.00            15691.79        15691.79       
  14       1               批处理机2           15691.79        16755.79        1064.00        
  14       2               离散机4            16755.79        18171.79        1416.00        
  14       3               离散机6            18195.79        19571.79        1376.00        
  14       4               离散机7            22364.41        24118.41        1754.00        
  14       5               离散机8            24118.41        25632.41        1514.00        
  14       6               离散机8            25632.41        26825.41        1193.00        
  14       7               离散机8            34317.46        35908.46        1591.00        
  14       8               离散机10           49861.00        51118.00        1257.00        
  14       9               离散机8            52528.00        54146.00        1618.00        

工件 15:
  15       0               打印机1            37344.62        55010.77        17666.15       
  15       1               批处理机2           55010.77        56074.77        1064.00        
  15       2               离散机2            56074.77        57673.77        1599.00        
  15       3               离散机7            57673.77        59238.77        1565.00        
  15       4               离散机4            60836.65        62267.65        1431.00        
  15       5               离散机6            62267.65        63593.65        1326.00        
  15       6               离散机3            64046.65        65276.65        1230.00        
  15       7               离散机5            67950.65        68863.65        913.00         

工件 16:
  16       0               打印机2            28858.46        58611.65        29753.19       
  16       1               批处理机2           58611.65        59675.65        1064.00        
  16       2               离散机2            59675.65        61465.65        1790.00        
  16       3               离散机1            65037.65        66819.65        1782.00        

工件 17:
  17       0               打印机5            36597.00        46194.00        9597.00        
  17       1               批处理机2           46194.00        47258.00        1064.00        
  17       2               离散机10           47258.00        48212.00        954.00         
  17       3               离散机6            48212.00        49450.00        1238.00        
  17       4               离散机3            54591.00        55773.00        1182.00        
  17       5               离散机9            55773.00        56779.00        1006.00        
  17       6               离散机2            57673.77        59296.77        1623.00        
  17       7               离散机2            64723.65        65694.65        971.00         
  17       8               离散机6            72626.85        73545.85        919.00         

工件 18:
  18       0               打印机1            0.00            15691.79        15691.79       
  18       1               批处理机2           15691.79        16755.79        1064.00        
  18       2               离散机9            20658.79        21800.79        1142.00        

工件 19:
  19       0               打印机4            0.00            19993.41        19993.41       
  19       1               批处理机2           19993.41        21057.41        1064.00        
  19       2               离散机7            24118.41        25552.41        1434.00        

工件 20:
  20       0               打印机5            0.00            36597.00        36597.00       
  20       1               批处理机2           36597.00        37661.00        1064.00        
  20       2               离散机7            37661.00        38843.00        1182.00        
  20       3               离散机5            38843.00        40068.00        1225.00        
  20       4               离散机6            45383.06        46643.06        1260.00        
  20       5               离散机9            46643.06        47859.06        1216.00        
  20       6               离散机2            47859.06        49331.06        1472.00        

工件 21:
  21       0               打印机4            0.00            19993.41        19993.41       
  21       1               批处理机2           19993.41        21057.41        1064.00        
  21       2               离散机3            22719.41        24298.41        1579.00        
  21       3               离散机6            34577.46        36186.46        1609.00        
  21       4               离散机6            74576.85        76141.85        1565.00        

工件 22:
  22       0               打印机1            0.00            15691.79        15691.79       
  22       1               批处理机2           15691.79        16755.79        1064.00        

工件 23:
  23       0               打印机4            0.00            19993.41        19993.41       
  23       1               批处理机2           19993.41        21057.41        1064.00        
  23       2               离散机4            21057.41        22380.41        1323.00        
  23       3               离散机9            22380.41        24099.41        1719.00        
  23       4               离散机6            24099.41        25676.41        1577.00        
  23       5               离散机6            27128.41        28716.41        1588.00        
  23       6               离散机9            28716.41        29813.41        1097.00        
  23       7               离散机5            56793.00        58494.00        1701.00        
  23       8               离散机5            59543.00        60781.00        1238.00        

工件 24:
  24       0               打印机5            0.00            36597.00        36597.00       
  24       1               批处理机2           36597.00        37661.00        1064.00        
  24       2               离散机10           37661.00        39453.00        1792.00        
  24       3               离散机9            44132.62        45874.62        1742.00        
  24       4               离散机5            45874.62        46940.62        1066.00        
  24       5               离散机1            46940.62        48739.62        1799.00        
  24       6               离散机10           52607.00        53784.00        1177.00        
  24       7               离散机1            55858.06        57475.06        1617.00        
  24       8               离散机4            68085.85        69436.85        1351.00        

工件 25:
  25       0               打印机4            0.00            19993.41        19993.41       
  25       1               批处理机2           19993.41        21057.41        1064.00        
  25       2               离散机3            24298.41        25219.41        921.00         
  25       3               离散机4            25219.41        26973.41        1754.00        
  25       4               离散机4            26973.41        28058.41        1085.00        
  25       5               离散机1            28678.22        29724.22        1046.00        
  25       6               离散机9            34701.46        36419.46        1718.00        
  25       7               离散机10           62096.00        63224.00        1128.00        

工件 26:
  26       0               打印机2            0.00            28858.46        28858.46       
  26       1               批处理机1           28858.46        29968.46        1110.00        
  26       2               离散机7            29968.46        31642.46        1674.00        
  26       3               离散机6            32470.46        33612.46        1142.00        
  26       4               离散机3            50613.06        51763.06        1150.00        
  26       5               离散机3            56939.00        58548.00        1609.00        
  26       6               离散机6            60917.65        62196.65        1279.00        
  26       7               离散机9            62588.65        63589.65        1001.00        
  26       8               离散机9            65425.85        66489.85        1064.00        
  26       9               离散机5            73075.85        74571.85        1496.00        

工件 27:
  27       0               打印机1            37344.62        55010.77        17666.15       
  27       1               批处理机2           55010.77        56074.77        1064.00        

工件 28:
  28       0               打印机2            0.00            28858.46        28858.46       
  28       1               批处理机1           28858.46        29968.46        1110.00        
  28       2               离散机10           33423.46        34968.46        1545.00        
  28       3               离散机5            52782.00        54364.00        1582.00        
  28       4               离散机10           54364.00        55572.00        1208.00        
  28       5               离散机10           55572.00        56638.00        1066.00        
  28       6               离散机6            73545.85        74576.85        1031.00        

工件 29:
  29       0               打印机4            19993.41        38575.06        18581.65       
  29       1               批处理机2           38575.06        39639.06        1064.00        
  29       2               离散机9            39738.62        41413.62        1675.00        
  29       3               离散机6            41413.62        42952.62        1539.00        

工件 30:
  30       0               打印机1            15691.79        28704.10        13012.31       
  30       1               批处理机2           28704.10        29768.10        1064.00        
  30       2               离散机3            34456.46        35862.46        1406.00        
  30       3               离散机1            35862.46        37156.46        1294.00        
  30       4               离散机5            37156.46        38614.46        1458.00        
  30       5               离散机6            38614.46        39690.46        1076.00        
  30       6               离散机1            39690.46        41432.46        1742.00        
  30       7               离散机7            45241.00        46446.00        1205.00        
  30       8               离散机9            47859.06        49254.06        1395.00        
  30       9               离散机7            50769.00        51909.00        1140.00        

工件 31:
  31       0               打印机5            0.00            36597.00        36597.00       
  31       1               批处理机2           36597.00        37661.00        1064.00        
  31       2               离散机1            37661.00        39075.00        1414.00        
  31       3               离散机1            41432.46        42826.46        1394.00        
  31       4               离散机3            65276.65        66599.65        1323.00        
  31       5               离散机9            69007.04        70716.04        1709.00        
  31       6               离散机9            71993.85        73160.85        1167.00        

工件 32:
  32       0               打印机1            0.00            15691.79        15691.79       
  32       1               批处理机2           15691.79        16755.79        1064.00        
  32       2               离散机2            16755.79        17886.79        1131.00        
  32       3               离散机9            19176.79        20658.79        1482.00        
  32       4               离散机1            24161.41        25090.41        929.00         
  32       5               离散机6            37377.46        38577.46        1200.00        
  32       6               离散机5            62388.65        63393.65        1005.00        
  32       7               离散机10           66518.85        67594.85        1076.00        

工件 33:
  33       0               打印机1            0.00            15691.79        15691.79       
  33       1               批处理机2           15691.79        16755.79        1064.00        
  33       2               离散机2            17886.79        19656.79        1770.00        
  33       3               离散机5            20709.79        21773.79        1064.00        
  33       4               离散机9            24099.41        25122.41        1023.00        
  33       5               离散机8            38312.46        40100.46        1788.00        
  33       6               离散机5            68863.65        69802.65        939.00         
  33       7               离散机10           70925.85        72332.85        1407.00        

工件 34:
  34       0               打印机2            28858.46        58611.65        29753.19       
  34       1               批处理机2           58611.65        59675.65        1064.00        
  34       2               离散机3            59675.65        61197.65        1522.00        
  34       3               离散机1            63643.65        65037.65        1394.00        
  34       4               离散机5            66520.65        67950.65        1430.00        

工件 35:
  35       0               打印机1            0.00            15691.79        15691.79       
  35       1               批处理机2           15691.79        16755.79        1064.00        
  35       2               离散机8            17866.79        19584.79        1718.00        
  35       3               离散机7            51909.00        53608.00        1699.00        

工件 36:
  36       0               打印机5            0.00            36597.00        36597.00       
  36       1               批处理机2           36597.00        37661.00        1064.00        
  36       2               离散机9            43138.62        44132.62        994.00         
  36       3               离散机3            48525.06        49575.06        1050.00        
  36       4               离散机4            49575.06        50864.06        1289.00        
  36       5               离散机8            51112.00        52528.00        1416.00        
  36       6               离散机6            52528.00        54073.00        1545.00        
  36       7               离散机4            56192.00        57115.00        923.00         
  36       8               离散机8            62154.65        63262.65        1108.00        

工件 37:
  37       0               打印机1            0.00            15691.79        15691.79       
  37       1               批处理机2           15691.79        16755.79        1064.00        
  37       2               离散机1            17687.79        18845.79        1158.00        
  37       3               离散机2            22670.41        24440.41        1770.00        
  37       4               离散机6            36186.46        37377.46        1191.00        

工件 38:
  38       0               打印机3            26496.22        62955.85        36459.63       
  38       1               批处理机2           62955.85        64019.85        1064.00        

工件 39:
  39       0               打印机1            37344.62        55010.77        17666.15       
  39       1               批处理机2           55010.77        56074.77        1064.00        
  39       2               离散机6            56074.77        57728.77        1654.00        
  39       3               离散机7            69827.85        71539.85        1712.00        
  39       4               离散机5            71539.85        73075.85        1536.00        
  39       5               离散机10           73075.85        74501.85        1426.00        

工件 40:
  40       0               打印机1            0.00            15691.79        15691.79       
  40       1               批处理机2           15691.79        16755.79        1064.00        
  40       2               离散机8            16755.79        17866.79        1111.00        
  40       3               离散机9            17866.79        19176.79        1310.00        
  40       4               离散机5            19176.79        20709.79        1533.00        
  40       5               离散机9            26921.41        27839.41        918.00         
  40       6               离散机4            57115.00        58436.00        1321.00        

工件 41:
  41       0               打印机3            0.00            26496.22        26496.22       
  41       1               批处理机2           26496.22        27560.22        1064.00        
  41       2               离散机8            27560.22        29108.22        1548.00        
  41       3               离散机2            31221.46        32918.46        1697.00        
  41       4               离散机4            32918.46        33821.46        903.00         
  41       5               离散机2            40321.46        41440.46        1119.00        
  41       6               离散机4            47637.06        49339.06        1702.00        
  41       7               离散机1            57475.06        59269.06        1794.00        

工件 42:
  42       0               打印机1            0.00            15691.79        15691.79       
  42       1               批处理机2           15691.79        16755.79        1064.00        
  42       2               离散机4            18171.79        19566.79        1395.00        
  42       3               离散机9            25122.41        26921.41        1799.00        

工件 43:
  43       0               打印机5            36597.00        46194.00        9597.00        
  43       1               批处理机2           46194.00        47258.00        1064.00        
  43       2               离散机3            49575.06        50613.06        1038.00        
  43       3               离散机1            50613.06        52069.06        1456.00        
  43       4               离散机3            52069.06        53364.06        1295.00        
  43       5               离散机1            53364.06        54460.06        1096.00        
  43       6               离散机6            54460.06        55497.06        1037.00        

工件 44:
  44       0               打印机5            0.00            36597.00        36597.00       
  44       1               批处理机2           36597.00        37661.00        1064.00        
  44       2               离散机1            59269.06        60841.06        1572.00        

工件 45:
  45       0               打印机4            19993.41        38575.06        18581.65       
  45       1               批处理机2           38575.06        39639.06        1064.00        
  45       2               离散机7            39972.00        41753.00        1781.00        
  45       3               离散机8            42036.06        43229.06        1193.00        
  45       4               离散机5            44206.62        45420.62        1214.00        
  45       5               离散机5            55277.00        56793.00        1516.00        
  45       6               离散机6            71116.85        72626.85        1510.00        
  45       7               离散机1            72626.85        73583.85        957.00         
  45       8               离散机4            73583.85        75208.85        1625.00        

工件 46:
  46       0               打印机1            28704.10        37344.62        8640.51        
  46       1               批处理机1           37344.62        38454.62        1110.00        
  46       2               离散机7            38843.00        39972.00        1129.00        
  46       3               离散机6            39972.00        40975.00        1003.00        
  46       4               离散机3            41020.06        42106.06        1086.00        
  46       5               离散机7            43535.00        45241.00        1706.00        
  46       6               离散机1            45241.00        46313.00        1072.00        
  46       7               离散机3            73615.85        74849.85        1234.00        

工件 47:
  47       0               打印机2            0.00            28858.46        28858.46       
  47       1               批处理机1           28858.46        29968.46        1110.00        
  47       2               离散机2            29968.46        31221.46        1253.00        
  47       3               离散机5            31221.46        32373.46        1152.00        
  47       4               离散机10           32373.46        33423.46        1050.00        
  47       5               离散机5            51444.00        52782.00        1338.00        
  47       6               离散机3            66599.65        68042.65        1443.00        
  47       7               离散机2            68042.65        69147.65        1105.00        
  47       8               离散机1            69469.85        70776.85        1307.00        

工件 48:
  48       0               打印机3            0.00            26496.22        26496.22       
  48       1               批处理机2           26496.22        27560.22        1064.00        
  48       2               离散机10           27560.22        28999.22        1439.00        

工件 49:
  49       0               打印机3            26496.22        62955.85        36459.63       
  49       1               批处理机2           62955.85        64019.85        1064.00        
  49       2               离散机6            64019.85        65468.85        1449.00        
  49       3               离散机10           65468.85        66518.85        1050.00        
  49       4               离散机7            66518.85        68069.85        1551.00        

工件 50:
  50       0               打印机2            0.00            28858.46        28858.46       
  50       1               批处理机1           28858.46        29968.46        1110.00        
  50       2               离散机10           43928.06        45056.06        1128.00        

工件 51:
  51       0               打印机2            0.00            28858.46        28858.46       
  51       1               批处理机1           28858.46        29968.46        1110.00        
  51       2               离散机4            30473.22        31636.22        1163.00        

工件 52:
  52       0               打印机3            0.00            26496.22        26496.22       
  52       1               批处理机2           26496.22        27560.22        1064.00        
  52       2               离散机1            27560.22        28678.22        1118.00        
  52       3               离散机4            28678.22        30473.22        1795.00        
  52       4               离散机10           34968.46        36709.46        1741.00        
  52       5               离散机3            37241.46        38811.46        1570.00        
  52       6               离散机2            41440.46        42455.46        1015.00        
  52       7               离散机10           46238.06        47161.06        923.00         

工件 53:
  53       0               打印机2            0.00            28858.46        28858.46       
  53       1               批处理机1           28858.46        29968.46        1110.00        
  53       2               离散机6            33612.46        34577.46        965.00         
  53       3               离散机4            46432.06        47637.06        1205.00        

工件 54:
  54       0               打印机1            0.00            15691.79        15691.79       
  54       1               批处理机2           15691.79        16755.79        1064.00        
  54       2               离散机2            24440.41        25399.41        959.00         

工件 55:
  55       0               打印机1            0.00            15691.79        15691.79       
  55       1               批处理机2           15691.79        16755.79        1064.00        
  55       2               离散机4            19566.79        21025.79        1459.00        
  55       3               离散机10           21025.79        22487.79        1462.00        
  55       4               离散机8            22487.79        24091.79        1604.00        
  55       5               离散机3            25219.41        26758.41        1539.00        
  55       6               离散机7            26915.41        28525.41        1610.00        
  55       7               离散机1            54460.06        55858.06        1398.00        

工件 56:
  56       0               打印机1            15691.79        28704.10        13012.31       
  56       1               批处理机2           28704.10        29768.10        1064.00        

工件 57:
  57       0               打印机1            0.00            15691.79        15691.79       
  57       1               批处理机2           15691.79        16755.79        1064.00        
  57       2               离散机6            19571.79        20697.79        1126.00        
  57       3               离散机8            20697.79        21684.79        987.00         

工件 58:
  58       0               打印机4            19993.41        38575.06        18581.65       
  58       1               批处理机2           38575.06        39639.06        1064.00        
  58       2               离散机10           39639.06        41099.06        1460.00        
  58       3               离散机3            45028.06        46546.06        1518.00        
  58       4               离散机8            46546.06        48213.06        1667.00        
  58       5               离散机5            50234.00        51444.00        1210.00        

工件 59:
  59       0               打印机5            0.00            36597.00        36597.00       
  59       1               批处理机2           36597.00        37661.00        1064.00        
  59       2               离散机10           41099.06        42487.06        1388.00        
  59       3               离散机3            42487.06        43432.06        945.00         
  59       4               离散机4            43432.06        44674.06        1242.00        
  59       5               离散机2            44674.06        45640.06        966.00         
  59       6               离散机7            47731.00        49200.00        1469.00        

工件 60:
  60       0               打印机4            19993.41        38575.06        18581.65       
  60       1               批处理机2           38575.06        39639.06        1064.00        
  60       2               离散机4            41419.62        42437.62        1018.00        

工件 61:
  61       0               打印机4            0.00            19993.41        19993.41       
  61       1               批处理机2           19993.41        21057.41        1064.00        

工件 62:
  62       0               打印机3            0.00            26496.22        26496.22       
  62       1               批处理机2           26496.22        27560.22        1064.00        
  62       2               离散机8            29108.22        30604.22        1496.00        

工件 63:
  63       0               打印机3            26496.22        62955.85        36459.63       
  63       1               批处理机2           62955.85        64019.85        1064.00        

工件 64:
  64       0               打印机2            58611.65        66742.04        8130.39        
  64       1               批处理机2           66742.04        67806.04        1064.00        
  64       2               离散机9            67806.04        69007.04        1201.00        

工件 65:
  65       0               打印机3            26496.22        62955.85        36459.63       
  65       1               批处理机2           62955.85        64019.85        1064.00        
  65       2               离散机9            64019.85        65425.85        1406.00        
  65       3               离散机4            65425.85        66659.85        1234.00        
  65       4               离散机6            66659.85        68308.85        1649.00        
  65       5               离散机1            68308.85        69469.85        1161.00        
  65       6               离散机3            69469.85        70376.85        907.00         

工件 66:
  66       0               打印机2            0.00            28858.46        28858.46       
  66       1               批处理机1           28858.46        29968.46        1110.00        
  66       2               离散机1            31641.46        32944.46        1303.00        
  66       3               离散机10           48212.00        49861.00        1649.00        
  66       4               离散机8            49861.00        51112.00        1251.00        
  66       5               离散机9            51112.00        52266.00        1154.00        
  66       6               离散机3            71975.85        73615.85        1640.00        

工件 67:
  67       0               打印机2            28858.46        58611.65        29753.19       
  67       1               批处理机2           58611.65        59675.65        1064.00        
  67       2               离散机9            59675.65        60606.65        931.00         
  67       3               离散机4            62267.65        63591.65        1324.00        
  67       4               离散机4            63591.65        65354.65        1763.00        
  67       5               离散机7            73150.85        74410.85        1260.00        

工件 68:
  68       0               打印机2            0.00            28858.46        28858.46       
  68       1               批处理机1           28858.46        29968.46        1110.00        
  68       2               离散机7            34763.46        36127.46        1364.00        
  68       3               离散机4            36498.46        37943.46        1445.00        
  68       4               离散机6            69968.85        71116.85        1148.00        

工件 69:
  69       0               打印机2            0.00            28858.46        28858.46       
  69       1               批处理机1           28858.46        29968.46        1110.00        
  69       2               离散机6            29968.46        31206.46        1238.00        
  69       3               离散机7            33252.46        34763.46        1511.00        
  69       4               离散机4            34763.46        36498.46        1735.00        
  69       5               离散机1            48739.62        50082.62        1343.00        
  69       6               离散机8            55816.00        57050.00        1234.00        
  69       7               离散机5            64953.65        66520.65        1567.00        
  69       8               离散机9            66520.65        67518.65        998.00         

工件 70:
  70       0               打印机3            0.00            26496.22        26496.22       
  70       1               批处理机2           26496.22        27560.22        1064.00        
  70       2               离散机10           45056.06        46238.06        1182.00        

工件 71:
  71       0               打印机5            46194.00        52391.00        6197.00        
  71       1               批处理机2           52391.00        53455.00        1064.00        
  71       2               离散机9            53455.00        54524.00        1069.00        
  71       3               离散机4            54524.00        56192.00        1668.00        
  71       4               离散机2            65694.65        66848.65        1154.00        

工件 72:
  72       0               打印机4            0.00            19993.41        19993.41       
  72       1               批处理机2           19993.41        21057.41        1064.00        
  72       2               离散机2            21057.41        22670.41        1613.00        
  72       3               离散机1            22670.41        24161.41        1491.00        
  72       4               离散机4            31636.22        32895.22        1259.00        
  72       5               离散机7            49200.00        50769.00        1569.00        
  72       6               离散机10           56638.00        58012.00        1374.00        
  72       7               离散机8            58012.00        59747.00        1735.00        
  72       8               离散机5            69802.65        71194.65        1392.00        

工件 73:
  73       0               打印机3            0.00            26496.22        26496.22       
  73       1               批处理机2           26496.22        27560.22        1064.00        
  73       2               离散机1            34647.46        35682.46        1035.00        

工件 74:
  74       0               打印机2            28858.46        58611.65        29753.19       
  74       1               批处理机2           58611.65        59675.65        1064.00        
  74       2               离散机3            61197.65        62226.65        1029.00        
  74       3               离散机7            62226.65        63471.65        1245.00        
  74       4               离散机5            63471.65        64953.65        1482.00        

工件 75:
  75       0               打印机2            28858.46        58611.65        29753.19       
  75       1               批处理机2           58611.65        59675.65        1064.00        
  75       2               离散机4            59675.65        60836.65        1161.00        
  75       3               离散机5            60836.65        62388.65        1552.00        
  75       4               离散机1            62388.65        63643.65        1255.00        
  75       5               离散机10           63643.65        65309.65        1666.00        
  75       6               离散机1            66819.65        67830.65        1011.00        

工件 76:
  76       0               打印机5            0.00            36597.00        36597.00       
  76       1               批处理机2           36597.00        37661.00        1064.00        

工件 77:
  77       0               打印机4            19993.41        38575.06        18581.65       
  77       1               批处理机2           38575.06        39639.06        1064.00        
  77       2               离散机8            54146.00        55816.00        1670.00        
  77       3               离散机6            57728.77        58769.77        1041.00        
  77       4               离散机1            60841.06        62269.06        1428.00        

工件 78:
  78       0               打印机5            0.00            36597.00        36597.00       
  78       1               批处理机2           36597.00        37661.00        1064.00        
  78       2               离散机7            53608.00        55178.00        1570.00        

工件 79:
  79       0               打印机1            0.00            15691.79        15691.79       
  79       1               批处理机2           15691.79        16755.79        1064.00        
  79       2               离散机3            16755.79        18020.79        1265.00        

工件 80:
  80       0               打印机5            0.00            36597.00        36597.00       
  80       1               批处理机2           36597.00        37661.00        1064.00        

工件 81:
  81       0               打印机2            0.00            28858.46        28858.46       
  81       1               批处理机1           28858.46        29968.46        1110.00        
  81       2               离散机6            31206.46        32470.46        1264.00        
  81       3               离散机8            35908.46        37096.46        1188.00        

工件 82:
  82       0               打印机5            0.00            36597.00        36597.00       
  82       1               批处理机2           36597.00        37661.00        1064.00        
  82       2               离散机3            70376.85        71975.85        1599.00        
  82       3               离散机1            73583.85        74493.85        910.00         

工件 83:
  83       0               打印机2            28858.46        58611.65        29753.19       
  83       1               批处理机2           58611.65        59675.65        1064.00        
  83       2               离散机7            59675.65        61168.65        1493.00        
  83       3               离散机8            61168.65        62154.65        986.00         
  83       4               离散机7            63471.65        64965.65        1494.00        
  83       5               离散机6            65468.85        66448.85        980.00         
  83       6               离散机4            66659.85        68085.85        1426.00        
  83       7               离散机10           68085.85        69626.85        1541.00        

工件 84:
  84       0               打印机2            0.00            28858.46        28858.46       
  84       1               批处理机1           28858.46        29968.46        1110.00        

工件 85:
  85       0               打印机2            28858.46        58611.65        29753.19       
  85       1               批处理机2           58611.65        59675.65        1064.00        
  85       2               离散机6            59675.65        60917.65        1242.00        
  85       3               离散机9            60917.65        62588.65        1671.00        

工件 86:
  86       0               打印机2            0.00            28858.46        28858.46       
  86       1               批处理机1           28858.46        29968.46        1110.00        
  86       2               离散机9            29968.46        31513.46        1545.00        
  86       3               离散机3            33136.46        34456.46        1320.00        
  86       4               离散机4            52569.06        54341.06        1772.00        
  86       5               离散机10           59692.00        60889.00        1197.00        

工件 87:
  87       0               打印机5            46194.00        52391.00        6197.00        
  87       1               批处理机2           52391.00        53455.00        1064.00        
  87       2               离散机3            53455.00        54591.00        1136.00        
  87       3               离散机9            56779.00        58052.00        1273.00        
  87       4               离散机6            68308.85        69968.85        1660.00        

工件 88:
  88       0               打印机4            0.00            19993.41        19993.41       
  88       1               批处理机2           19993.41        21057.41        1064.00        
  88       2               离散机7            21057.41        22364.41        1307.00        
  88       3               离散机7            25552.41        26915.41        1363.00        
  88       4               离散机3            74849.85        75979.85        1130.00        

工件 89:
  89       0               打印机1            28704.10        37344.62        8640.51        
  89       1               批处理机1           37344.62        38454.62        1110.00        
  89       2               离散机3            43432.06        45028.06        1596.00        
  89       3               离散机3            46546.06        47534.06        988.00         

工件 90:
  90       0               打印机2            0.00            28858.46        28858.46       
  90       1               批处理机1           28858.46        29968.46        1110.00        
  90       2               离散机1            70776.85        72517.85        1741.00        

工件 91:
  91       0               打印机5            36597.00        46194.00        9597.00        
  91       1               批处理机2           46194.00        47258.00        1064.00        
  91       2               离散机5            47258.00        48897.00        1639.00        

工件 92:
  92       0               打印机2            28858.46        58611.65        29753.19       
  92       1               批处理机2           58611.65        59675.65        1064.00        
  92       2               离散机2            61465.65        63021.65        1556.00        
  92       3               离散机3            63021.65        64046.65        1025.00        

工件 93:
  93       0               打印机2            0.00            28858.46        28858.46       
  93       1               批处理机1           28858.46        29968.46        1110.00        
  93       2               离散机3            29968.46        31679.46        1711.00        
  93       3               离散机8            32937.46        34317.46        1380.00        
  93       4               离散机10           51118.00        52607.00        1489.00        
  93       5               离散机9            54524.00        55598.00        1074.00        

工件 94:
  94       0               打印机1            0.00            15691.79        15691.79       
  94       1               批处理机2           15691.79        16755.79        1064.00        
  94       2               离散机6            16755.79        18195.79        1440.00        
  94       3               离散机3            18195.79        19746.79        1551.00        
  94       4               离散机10           19746.79        20665.79        919.00         
  94       5               离散机4            22380.41        23334.41        954.00         
  94       6               离散机6            25676.41        27128.41        1452.00        
  94       7               离散机2            27128.41        28722.41        1594.00        

工件 95:
  95       0               打印机1            0.00            15691.79        15691.79       
  95       1               批处理机2           15691.79        16755.79        1064.00        

工件 96:
  96       0               打印机1            28704.10        37344.62        8640.51        
  96       1               批处理机1           37344.62        38454.62        1110.00        
  96       2               离散机9            38454.62        39738.62        1284.00        
  96       3               离散机4            39738.62        41419.62        1681.00        
  96       4               离散机10           42487.06        43928.06        1441.00        
  96       5               离散机6            43928.06        45383.06        1455.00        
  96       6               离散机8            45383.06        46413.06        1030.00        
  96       7               离散机3            55773.00        56939.00        1166.00        
  96       8               离散机2            63021.65        64723.65        1702.00        

工件 97:
  97       0               打印机2            0.00            28858.46        28858.46       
  97       1               批处理机1           28858.46        29968.46        1110.00        
  97       2               离散机7            31642.46        33252.46        1610.00        
  97       3               离散机1            42826.46        44291.46        1465.00        
  97       4               离散机6            49450.00        50913.00        1463.00        

工件 98:
  98       0               打印机2            28858.46        58611.65        29753.19       
  98       1               批处理机2           58611.65        59675.65        1064.00        

工件 99:
  99       0               打印机2            0.00            28858.46        28858.46       
  99       1               批处理机1           28858.46        29968.46        1110.00        
  99       2               离散机10           29968.46        31265.46        1297.00        
  99       3               离散机3            35862.46        37241.46        1379.00        
  99       4               离散机4            37943.46        39029.46        1086.00        
  99       5               离散机3            68042.65        69402.65        1360.00        
  99       6               离散机10           69626.85        70925.85        1299.00        
  99       7               离散机9            70925.85        71993.85        1068.00        

【机器加工顺序记录】
----------------------------------------------------------------------------------------------------

打印机1:
工件号      工序号             开始时间            结束时间            加工时长           
--------------------------------------------------------------------------------
  3        0               0.00            15691.79        15691.79       
  4        0               0.00            15691.79        15691.79       
  14       0               0.00            15691.79        15691.79       
  18       0               0.00            15691.79        15691.79       
  22       0               0.00            15691.79        15691.79       
  32       0               0.00            15691.79        15691.79       
  33       0               0.00            15691.79        15691.79       
  35       0               0.00            15691.79        15691.79       
  37       0               0.00            15691.79        15691.79       
  40       0               0.00            15691.79        15691.79       
  42       0               0.00            15691.79        15691.79       
  54       0               0.00            15691.79        15691.79       
  55       0               0.00            15691.79        15691.79       
  57       0               0.00            15691.79        15691.79       
  79       0               0.00            15691.79        15691.79       
  94       0               0.00            15691.79        15691.79       
  95       0               0.00            15691.79        15691.79       
  30       0               15691.79        28704.10        13012.31       
  56       0               15691.79        28704.10        13012.31       
  46       0               28704.10        37344.62        8640.51        
  89       0               28704.10        37344.62        8640.51        
  96       0               28704.10        37344.62        8640.51        
  15       0               37344.62        55010.77        17666.15       
  27       0               37344.62        55010.77        17666.15       
  39       0               37344.62        55010.77        17666.15       

  机器利用率: 487.16% (忙碌时间: 371705.13 / 总时间: 76300.85)

打印机2:
工件号      工序号             开始时间            结束时间            加工时长           
--------------------------------------------------------------------------------
  5        0               0.00            28858.46        28858.46       
  6        0               0.00            28858.46        28858.46       
  7        0               0.00            28858.46        28858.46       
  13       0               0.00            28858.46        28858.46       
  26       0               0.00            28858.46        28858.46       
  28       0               0.00            28858.46        28858.46       
  47       0               0.00            28858.46        28858.46       
  50       0               0.00            28858.46        28858.46       
  51       0               0.00            28858.46        28858.46       
  53       0               0.00            28858.46        28858.46       
  66       0               0.00            28858.46        28858.46       
  68       0               0.00            28858.46        28858.46       
  69       0               0.00            28858.46        28858.46       
  81       0               0.00            28858.46        28858.46       
  84       0               0.00            28858.46        28858.46       
  86       0               0.00            28858.46        28858.46       
  90       0               0.00            28858.46        28858.46       
  93       0               0.00            28858.46        28858.46       
  97       0               0.00            28858.46        28858.46       
  99       0               0.00            28858.46        28858.46       
  12       0               28858.46        58611.65        29753.19       
  16       0               28858.46        58611.65        29753.19       
  34       0               28858.46        58611.65        29753.19       
  67       0               28858.46        58611.65        29753.19       
  74       0               28858.46        58611.65        29753.19       
  75       0               28858.46        58611.65        29753.19       
  83       0               28858.46        58611.65        29753.19       
  85       0               28858.46        58611.65        29753.19       
  92       0               28858.46        58611.65        29753.19       
  98       0               28858.46        58611.65        29753.19       
  64       0               58611.65        66742.04        8130.39        

  机器利用率: 1157.04% (忙碌时间: 882831.44 / 总时间: 76300.85)

打印机3:
工件号      工序号             开始时间            结束时间            加工时长           
--------------------------------------------------------------------------------
  0        0               0.00            26496.22        26496.22       
  1        0               0.00            26496.22        26496.22       
  8        0               0.00            26496.22        26496.22       
  41       0               0.00            26496.22        26496.22       
  48       0               0.00            26496.22        26496.22       
  52       0               0.00            26496.22        26496.22       
  62       0               0.00            26496.22        26496.22       
  70       0               0.00            26496.22        26496.22       
  73       0               0.00            26496.22        26496.22       
  38       0               26496.22        62955.85        36459.63       
  49       0               26496.22        62955.85        36459.63       
  63       0               26496.22        62955.85        36459.63       
  65       0               26496.22        62955.85        36459.63       

  机器利用率: 503.67% (忙碌时间: 384304.51 / 总时间: 76300.85)

打印机4:
工件号      工序号             开始时间            结束时间            加工时长           
--------------------------------------------------------------------------------
  2        0               0.00            19993.41        19993.41       
  19       0               0.00            19993.41        19993.41       
  21       0               0.00            19993.41        19993.41       
  23       0               0.00            19993.41        19993.41       
  25       0               0.00            19993.41        19993.41       
  61       0               0.00            19993.41        19993.41       
  72       0               0.00            19993.41        19993.41       
  88       0               0.00            19993.41        19993.41       
  11       0               19993.41        38575.06        18581.65       
  29       0               19993.41        38575.06        18581.65       
  45       0               19993.41        38575.06        18581.65       
  58       0               19993.41        38575.06        18581.65       
  60       0               19993.41        38575.06        18581.65       
  77       0               19993.41        38575.06        18581.65       

  机器利用率: 355.75% (忙碌时间: 271437.18 / 总时间: 76300.85)

打印机5:
工件号      工序号             开始时间            结束时间            加工时长           
--------------------------------------------------------------------------------
  9        0               0.00            36597.00        36597.00       
  10       0               0.00            36597.00        36597.00       
  20       0               0.00            36597.00        36597.00       
  24       0               0.00            36597.00        36597.00       
  31       0               0.00            36597.00        36597.00       
  36       0               0.00            36597.00        36597.00       
  44       0               0.00            36597.00        36597.00       
  59       0               0.00            36597.00        36597.00       
  76       0               0.00            36597.00        36597.00       
  78       0               0.00            36597.00        36597.00       
  80       0               0.00            36597.00        36597.00       
  82       0               0.00            36597.00        36597.00       
  17       0               36597.00        46194.00        9597.00        
  43       0               36597.00        46194.00        9597.00        
  91       0               36597.00        46194.00        9597.00        
  71       0               46194.00        52391.00        6197.00        
  87       0               46194.00        52391.00        6197.00        

  机器利用率: 629.55% (忙碌时间: 480349.00 / 总时间: 76300.85)

批处理机1:
工件号      工序号             开始时间            结束时间            加工时长           
--------------------------------------------------------------------------------
  5        1               28858.46        29968.46        1110.00        
  6        1               28858.46        29968.46        1110.00        
  7        1               28858.46        29968.46        1110.00        
  13       1               28858.46        29968.46        1110.00        
  26       1               28858.46        29968.46        1110.00        
  28       1               28858.46        29968.46        1110.00        
  47       1               28858.46        29968.46        1110.00        
  50       1               28858.46        29968.46        1110.00        
  51       1               28858.46        29968.46        1110.00        
  53       1               28858.46        29968.46        1110.00        
  66       1               28858.46        29968.46        1110.00        
  68       1               28858.46        29968.46        1110.00        
  69       1               28858.46        29968.46        1110.00        
  81       1               28858.46        29968.46        1110.00        
  84       1               28858.46        29968.46        1110.00        
  86       1               28858.46        29968.46        1110.00        
  90       1               28858.46        29968.46        1110.00        
  93       1               28858.46        29968.46        1110.00        
  97       1               28858.46        29968.46        1110.00        
  99       1               28858.46        29968.46        1110.00        
  46       1               37344.62        38454.62        1110.00        
  89       1               37344.62        38454.62        1110.00        
  96       1               37344.62        38454.62        1110.00        

  机器利用率: 33.46% (忙碌时间: 25530.00 / 总时间: 76300.85)

批处理机2:
工件号      工序号             开始时间            结束时间            加工时长           
--------------------------------------------------------------------------------
  3        1               15691.79        16755.79        1064.00        
  4        1               15691.79        16755.79        1064.00        
  14       1               15691.79        16755.79        1064.00        
  18       1               15691.79        16755.79        1064.00        
  22       1               15691.79        16755.79        1064.00        
  32       1               15691.79        16755.79        1064.00        
  33       1               15691.79        16755.79        1064.00        
  35       1               15691.79        16755.79        1064.00        
  37       1               15691.79        16755.79        1064.00        
  40       1               15691.79        16755.79        1064.00        
  42       1               15691.79        16755.79        1064.00        
  54       1               15691.79        16755.79        1064.00        
  55       1               15691.79        16755.79        1064.00        
  57       1               15691.79        16755.79        1064.00        
  79       1               15691.79        16755.79        1064.00        
  94       1               15691.79        16755.79        1064.00        
  95       1               15691.79        16755.79        1064.00        
  2        1               19993.41        21057.41        1064.00        
  19       1               19993.41        21057.41        1064.00        
  21       1               19993.41        21057.41        1064.00        
  23       1               19993.41        21057.41        1064.00        
  25       1               19993.41        21057.41        1064.00        
  61       1               19993.41        21057.41        1064.00        
  72       1               19993.41        21057.41        1064.00        
  88       1               19993.41        21057.41        1064.00        
  0        1               26496.22        27560.22        1064.00        
  1        1               26496.22        27560.22        1064.00        
  8        1               26496.22        27560.22        1064.00        
  41       1               26496.22        27560.22        1064.00        
  48       1               26496.22        27560.22        1064.00        
  52       1               26496.22        27560.22        1064.00        
  62       1               26496.22        27560.22        1064.00        
  70       1               26496.22        27560.22        1064.00        
  73       1               26496.22        27560.22        1064.00        
  30       1               28704.10        29768.10        1064.00        
  56       1               28704.10        29768.10        1064.00        
  9        1               36597.00        37661.00        1064.00        
  10       1               36597.00        37661.00        1064.00        
  20       1               36597.00        37661.00        1064.00        
  24       1               36597.00        37661.00        1064.00        
  31       1               36597.00        37661.00        1064.00        
  36       1               36597.00        37661.00        1064.00        
  44       1               36597.00        37661.00        1064.00        
  59       1               36597.00        37661.00        1064.00        
  76       1               36597.00        37661.00        1064.00        
  78       1               36597.00        37661.00        1064.00        
  80       1               36597.00        37661.00        1064.00        
  82       1               36597.00        37661.00        1064.00        
  11       1               38575.06        39639.06        1064.00        
  29       1               38575.06        39639.06        1064.00        
  45       1               38575.06        39639.06        1064.00        
  58       1               38575.06        39639.06        1064.00        
  60       1               38575.06        39639.06        1064.00        
  77       1               38575.06        39639.06        1064.00        
  17       1               46194.00        47258.00        1064.00        
  43       1               46194.00        47258.00        1064.00        
  91       1               46194.00        47258.00        1064.00        
  71       1               52391.00        53455.00        1064.00        
  87       1               52391.00        53455.00        1064.00        
  15       1               55010.77        56074.77        1064.00        
  27       1               55010.77        56074.77        1064.00        
  39       1               55010.77        56074.77        1064.00        
  12       1               58611.65        59675.65        1064.00        
  16       1               58611.65        59675.65        1064.00        
  34       1               58611.65        59675.65        1064.00        
  67       1               58611.65        59675.65        1064.00        
  74       1               58611.65        59675.65        1064.00        
  75       1               58611.65        59675.65        1064.00        
  83       1               58611.65        59675.65        1064.00        
  85       1               58611.65        59675.65        1064.00        
  92       1               58611.65        59675.65        1064.00        
  98       1               58611.65        59675.65        1064.00        
  38       1               62955.85        64019.85        1064.00        
  49       1               62955.85        64019.85        1064.00        
  63       1               62955.85        64019.85        1064.00        
  65       1               62955.85        64019.85        1064.00        
  64       1               66742.04        67806.04        1064.00        

  机器利用率: 107.37% (忙碌时间: 81928.00 / 总时间: 76300.85)

离散机1:
工件号      工序号             开始时间            结束时间            加工时长           
--------------------------------------------------------------------------------
  3        2               16755.79        17687.79        932.00         
  37       2               17687.79        18845.79        1158.00        
  4        2               18845.79        19978.79        1133.00        
  3        5               20654.79        22371.79        1717.00        
  72       3               22670.41        24161.41        1491.00        
  32       4               24161.41        25090.41        929.00         
  4        5               25538.79        27019.79        1481.00        
  52       2               27560.22        28678.22        1118.00        
  25       5               28678.22        29724.22        1046.00        
  5        2               29968.46        31641.46        1673.00        
  66       2               31641.46        32944.46        1303.00        
  5        4               32944.46        34647.46        1703.00        
  73       2               34647.46        35682.46        1035.00        
  30       3               35862.46        37156.46        1294.00        
  31       2               37661.00        39075.00        1414.00        
  30       6               39690.46        41432.46        1742.00        
  31       3               41432.46        42826.46        1394.00        
  97       3               42826.46        44291.46        1465.00        
  7        4               44291.46        45217.46        926.00         
  46       6               45241.00        46313.00        1072.00        
  24       5               46940.62        48739.62        1799.00        
  69       5               48739.62        50082.62        1343.00        
  43       3               50613.06        52069.06        1456.00        
  8        6               52069.06        53102.06        1033.00        
  43       5               53364.06        54460.06        1096.00        
  55       7               54460.06        55858.06        1398.00        
  24       7               55858.06        57475.06        1617.00        
  41       7               57475.06        59269.06        1794.00        
  44       2               59269.06        60841.06        1572.00        
  77       4               60841.06        62269.06        1428.00        
  75       4               62388.65        63643.65        1255.00        
  34       3               63643.65        65037.65        1394.00        
  16       3               65037.65        66819.65        1782.00        
  75       6               66819.65        67830.65        1011.00        
  65       5               68308.85        69469.85        1161.00        
  47       8               69469.85        70776.85        1307.00        
  90       2               70776.85        72517.85        1741.00        
  45       7               72626.85        73583.85        957.00         
  82       3               73583.85        74493.85        910.00         

  机器利用率: 68.26% (忙碌时间: 52080.00 / 总时间: 76300.85)

离散机2:
工件号      工序号             开始时间            结束时间            加工时长           
--------------------------------------------------------------------------------
  32       2               16755.79        17886.79        1131.00        
  33       2               17886.79        19656.79        1770.00        
  3        4               19656.79        20654.79        998.00         
  72       2               21057.41        22670.41        1613.00        
  37       3               22670.41        24440.41        1770.00        
  54       2               24440.41        25399.41        959.00         
  94       7               27128.41        28722.41        1594.00        
  47       2               29968.46        31221.46        1253.00        
  41       3               31221.46        32918.46        1697.00        
  7        2               32918.46        33906.46        988.00         
  6        3               34014.46        35679.46        1665.00        
  0        3               35679.46        37311.46        1632.00        
  0        4               37311.46        38710.46        1399.00        
  8        4               38710.46        40321.46        1611.00        
  41       5               40321.46        41440.46        1119.00        
  52       6               41440.46        42455.46        1015.00        
  59       5               44674.06        45640.06        966.00         
  7        5               45640.06        46985.06        1345.00        
  20       6               47859.06        49331.06        1472.00        
  10       5               49331.06        51060.06        1729.00        
  15       2               56074.77        57673.77        1599.00        
  17       6               57673.77        59296.77        1623.00        
  16       2               59675.65        61465.65        1790.00        
  92       2               61465.65        63021.65        1556.00        
  96       8               63021.65        64723.65        1702.00        
  17       7               64723.65        65694.65        971.00         
  71       4               65694.65        66848.65        1154.00        
  47       7               68042.65        69147.65        1105.00        
  13       7               73150.85        74131.85        981.00         

  机器利用率: 52.70% (忙碌时间: 40207.00 / 总时间: 76300.85)

离散机3:
工件号      工序号             开始时间            结束时间            加工时长           
--------------------------------------------------------------------------------
  79       2               16755.79        18020.79        1265.00        
  94       3               18195.79        19746.79        1551.00        
  2        2               21057.41        22719.41        1662.00        
  21       2               22719.41        24298.41        1579.00        
  25       2               24298.41        25219.41        921.00         
  55       5               25219.41        26758.41        1539.00        
  0        2               27560.22        28460.22        900.00         
  1        2               28460.22        29495.22        1035.00        
  93       2               29968.46        31679.46        1711.00        
  13       2               31679.46        33136.46        1457.00        
  86       3               33136.46        34456.46        1320.00        
  30       2               34456.46        35862.46        1406.00        
  99       3               35862.46        37241.46        1379.00        
  52       5               37241.46        38811.46        1570.00        
  11       2               39639.06        41020.06        1381.00        
  46       4               41020.06        42106.06        1086.00        
  59       3               42487.06        43432.06        945.00         
  89       2               43432.06        45028.06        1596.00        
  58       3               45028.06        46546.06        1518.00        
  89       3               46546.06        47534.06        988.00         
  11       4               47534.06        48525.06        991.00         
  36       3               48525.06        49575.06        1050.00        
  43       2               49575.06        50613.06        1038.00        
  26       4               50613.06        51763.06        1150.00        
  43       4               52069.06        53364.06        1295.00        
  87       2               53455.00        54591.00        1136.00        
  17       4               54591.00        55773.00        1182.00        
  96       7               55773.00        56939.00        1166.00        
  26       5               56939.00        58548.00        1609.00        
  34       2               59675.65        61197.65        1522.00        
  74       2               61197.65        62226.65        1029.00        
  92       3               63021.65        64046.65        1025.00        
  15       6               64046.65        65276.65        1230.00        
  31       4               65276.65        66599.65        1323.00        
  47       6               66599.65        68042.65        1443.00        
  99       5               68042.65        69402.65        1360.00        
  65       6               69469.85        70376.85        907.00         
  82       2               70376.85        71975.85        1599.00        
  66       6               71975.85        73615.85        1640.00        
  46       7               73615.85        74849.85        1234.00        
  88       4               74849.85        75979.85        1130.00        

  机器利用率: 69.29% (忙碌时间: 52868.00 / 总时间: 76300.85)

离散机4:
工件号      工序号             开始时间            结束时间            加工时长           
--------------------------------------------------------------------------------
  14       2               16755.79        18171.79        1416.00        
  42       2               18171.79        19566.79        1395.00        
  55       2               19566.79        21025.79        1459.00        
  23       2               21057.41        22380.41        1323.00        
  94       5               22380.41        23334.41        954.00         
  25       3               25219.41        26973.41        1754.00        
  25       4               26973.41        28058.41        1085.00        
  52       3               28678.22        30473.22        1795.00        
  51       2               30473.22        31636.22        1163.00        
  72       4               31636.22        32895.22        1259.00        
  41       4               32918.46        33821.46        903.00         
  69       4               34763.46        36498.46        1735.00        
  68       3               36498.46        37943.46        1445.00        
  99       4               37943.46        39029.46        1086.00        
  96       3               39738.62        41419.62        1681.00        
  60       2               41419.62        42437.62        1018.00        
  59       4               43432.06        44674.06        1242.00        
  5        5               44674.06        46432.06        1758.00        
  53       3               46432.06        47637.06        1205.00        
  41       6               47637.06        49339.06        1702.00        
  36       4               49575.06        50864.06        1289.00        
  0        5               50864.06        52569.06        1705.00        
  86       4               52569.06        54341.06        1772.00        
  71       3               54524.00        56192.00        1668.00        
  36       7               56192.00        57115.00        923.00         
  40       6               57115.00        58436.00        1321.00        
  75       2               59675.65        60836.65        1161.00        
  15       4               60836.65        62267.65        1431.00        
  67       3               62267.65        63591.65        1324.00        
  67       4               63591.65        65354.65        1763.00        
  65       3               65425.85        66659.85        1234.00        
  83       6               66659.85        68085.85        1426.00        
  24       8               68085.85        69436.85        1351.00        
  8        7               69436.85        71097.85        1661.00        
  45       8               73583.85        75208.85        1625.00        

  机器利用率: 64.26% (忙碌时间: 49032.00 / 总时间: 76300.85)

离散机5:
工件号      工序号             开始时间            结束时间            加工时长           
--------------------------------------------------------------------------------
  40       4               19176.79        20709.79        1533.00        
  33       3               20709.79        21773.79        1064.00        
  8        2               27560.22        28816.22        1256.00        
  47       3               31221.46        32373.46        1152.00        
  6        2               32373.46        34014.46        1641.00        
  13       4               34701.46        36377.46        1676.00        
  30       4               37156.46        38614.46        1458.00        
  20       3               38843.00        40068.00        1225.00        
  6        4               40068.00        41368.00        1300.00        
  8        5               41368.00        42356.00        988.00         
  10       3               43138.62        44206.62        1068.00        
  45       4               44206.62        45420.62        1214.00        
  24       4               45874.62        46940.62        1066.00        
  91       2               47258.00        48897.00        1639.00        
  11       5               48897.00        50234.00        1337.00        
  58       5               50234.00        51444.00        1210.00        
  47       5               51444.00        52782.00        1338.00        
  28       3               52782.00        54364.00        1582.00        
  9        3               54364.00        55277.00        913.00         
  45       5               55277.00        56793.00        1516.00        
  23       7               56793.00        58494.00        1701.00        
  13       5               58494.00        59543.00        1049.00        
  23       8               59543.00        60781.00        1238.00        
  75       3               60836.65        62388.65        1552.00        
  32       6               62388.65        63393.65        1005.00        
  74       4               63471.65        64953.65        1482.00        
  69       7               64953.65        66520.65        1567.00        
  34       4               66520.65        67950.65        1430.00        
  15       7               67950.65        68863.65        913.00         
  33       6               68863.65        69802.65        939.00         
  72       8               69802.65        71194.65        1392.00        
  39       4               71539.85        73075.85        1536.00        
  26       9               73075.85        74571.85        1496.00        
  5        7               74571.85        76300.85        1729.00        

  机器利用率: 59.25% (忙碌时间: 45205.00 / 总时间: 76300.85)

离散机6:
工件号      工序号             开始时间            结束时间            加工时长           
--------------------------------------------------------------------------------
  94       2               16755.79        18195.79        1440.00        
  14       3               18195.79        19571.79        1376.00        
  57       2               19571.79        20697.79        1126.00        
  3        6               22371.79        23529.79        1158.00        
  23       4               24099.41        25676.41        1577.00        
  94       6               25676.41        27128.41        1452.00        
  23       5               27128.41        28716.41        1588.00        
  8        3               28816.22        29843.22        1027.00        
  69       2               29968.46        31206.46        1238.00        
  81       2               31206.46        32470.46        1264.00        
  26       3               32470.46        33612.46        1142.00        
  53       2               33612.46        34577.46        965.00         
  21       3               34577.46        36186.46        1609.00        
  37       4               36186.46        37377.46        1191.00        
  32       5               37377.46        38577.46        1200.00        
  30       5               38614.46        39690.46        1076.00        
  46       3               39972.00        40975.00        1003.00        
  29       3               41413.62        42952.62        1539.00        
  96       5               43928.06        45383.06        1455.00        
  20       4               45383.06        46643.06        1260.00        
  10       4               46643.06        48159.06        1516.00        
  17       3               48212.00        49450.00        1238.00        
  97       4               49450.00        50913.00        1463.00        
  11       6               50913.00        52021.00        1108.00        
  36       6               52528.00        54073.00        1545.00        
  43       6               54460.06        55497.06        1037.00        
  39       2               56074.77        57728.77        1654.00        
  77       3               57728.77        58769.77        1041.00        
  85       2               59675.65        60917.65        1242.00        
  26       6               60917.65        62196.65        1279.00        
  15       5               62267.65        63593.65        1326.00        
  49       2               64019.85        65468.85        1449.00        
  83       5               65468.85        66448.85        980.00         
  65       4               66659.85        68308.85        1649.00        
  87       4               68308.85        69968.85        1660.00        
  68       4               69968.85        71116.85        1148.00        
  45       6               71116.85        72626.85        1510.00        
  17       8               72626.85        73545.85        919.00         
  28       6               73545.85        74576.85        1031.00        
  21       4               74576.85        76141.85        1565.00        

  机器利用率: 68.21% (忙碌时间: 52046.00 / 总时间: 76300.85)

离散机7:
工件号      工序号             开始时间            结束时间            加工时长           
--------------------------------------------------------------------------------
  3        3               17687.79        18816.79        1129.00        
  88       2               21057.41        22364.41        1307.00        
  14       4               22364.41        24118.41        1754.00        
  19       2               24118.41        25552.41        1434.00        
  88       3               25552.41        26915.41        1363.00        
  55       6               26915.41        28525.41        1610.00        
  26       2               29968.46        31642.46        1674.00        
  97       2               31642.46        33252.46        1610.00        
  69       3               33252.46        34763.46        1511.00        
  68       2               34763.46        36127.46        1364.00        
  20       2               37661.00        38843.00        1182.00        
  46       2               38843.00        39972.00        1129.00        
  45       2               39972.00        41753.00        1781.00        
  1        3               41753.00        43535.00        1782.00        
  46       5               43535.00        45241.00        1706.00        
  30       7               45241.00        46446.00        1205.00        
  9        2               46446.00        47731.00        1285.00        
  59       6               47731.00        49200.00        1469.00        
  72       5               49200.00        50769.00        1569.00        
  30       9               50769.00        51909.00        1140.00        
  35       3               51909.00        53608.00        1699.00        
  78       2               53608.00        55178.00        1570.00        
  15       3               57673.77        59238.77        1565.00        
  83       2               59675.65        61168.65        1493.00        
  74       3               62226.65        63471.65        1245.00        
  83       4               63471.65        64965.65        1494.00        
  49       4               66518.85        68069.85        1551.00        
  12       2               68069.85        69827.85        1758.00        
  39       3               69827.85        71539.85        1712.00        
  13       6               71539.85        73150.85        1611.00        
  67       5               73150.85        74410.85        1260.00        

  机器利用率: 60.24% (忙碌时间: 45962.00 / 总时间: 76300.85)

离散机8:
工件号      工序号             开始时间            结束时间            加工时长           
--------------------------------------------------------------------------------
  40       2               16755.79        17866.79        1111.00        
  35       2               17866.79        19584.79        1718.00        
  57       3               20697.79        21684.79        987.00         
  55       4               22487.79        24091.79        1604.00        
  14       5               24118.41        25632.41        1514.00        
  14       6               25632.41        26825.41        1193.00        
  41       2               27560.22        29108.22        1548.00        
  62       2               29108.22        30604.22        1496.00        
  5        3               31641.46        32937.46        1296.00        
  93       3               32937.46        34317.46        1380.00        
  14       7               34317.46        35908.46        1591.00        
  81       3               35908.46        37096.46        1188.00        
  7        3               37096.46        38312.46        1216.00        
  33       5               38312.46        40100.46        1788.00        
  11       3               41020.06        42036.06        1016.00        
  45       3               42036.06        43229.06        1193.00        
  1        4               43535.00        45244.00        1709.00        
  96       6               45383.06        46413.06        1030.00        
  58       4               46546.06        48213.06        1667.00        
  4        6               48213.06        49671.06        1458.00        
  66       4               49861.00        51112.00        1251.00        
  36       5               51112.00        52528.00        1416.00        
  14       9               52528.00        54146.00        1618.00        
  77       2               54146.00        55816.00        1670.00        
  69       6               55816.00        57050.00        1234.00        
  72       7               58012.00        59747.00        1735.00        
  10       6               59747.00        61080.00        1333.00        
  83       3               61168.65        62154.65        986.00         
  36       8               62154.65        63262.65        1108.00        

  机器利用率: 52.49% (忙碌时间: 40054.00 / 总时间: 76300.85)

离散机9:
工件号      工序号             开始时间            结束时间            加工时长           
--------------------------------------------------------------------------------
  40       3               17866.79        19176.79        1310.00        
  32       3               19176.79        20658.79        1482.00        
  18       2               20658.79        21800.79        1142.00        
  23       3               22380.41        24099.41        1719.00        
  33       4               24099.41        25122.41        1023.00        
  42       3               25122.41        26921.41        1799.00        
  40       5               26921.41        27839.41        918.00         
  23       6               28716.41        29813.41        1097.00        
  86       2               29968.46        31513.46        1545.00        
  13       3               33136.46        34701.46        1565.00        
  25       6               34701.46        36419.46        1718.00        
  96       2               38454.62        39738.62        1284.00        
  29       2               39738.62        41413.62        1675.00        
  10       2               41413.62        43138.62        1725.00        
  36       2               43138.62        44132.62        994.00         
  24       3               44132.62        45874.62        1742.00        
  20       5               46643.06        47859.06        1216.00        
  30       8               47859.06        49254.06        1395.00        
  6        5               49254.06        50531.06        1277.00        
  66       5               51112.00        52266.00        1154.00        
  71       2               53455.00        54524.00        1069.00        
  93       5               54524.00        55598.00        1074.00        
  17       5               55773.00        56779.00        1006.00        
  87       3               56779.00        58052.00        1273.00        
  7        6               58052.00        59514.00        1462.00        
  67       2               59675.65        60606.65        931.00         
  85       3               60917.65        62588.65        1671.00        
  26       7               62588.65        63589.65        1001.00        
  65       2               64019.85        65425.85        1406.00        
  26       8               65425.85        66489.85        1064.00        
  69       8               66520.65        67518.65        998.00         
  64       2               67806.04        69007.04        1201.00        
  31       5               69007.04        70716.04        1709.00        
  99       7               70925.85        71993.85        1068.00        
  31       6               71993.85        73160.85        1167.00        

  机器利用率: 60.13% (忙碌时间: 45880.00 / 总时间: 76300.85)

离散机10:
工件号      工序号             开始时间            结束时间            加工时长           
--------------------------------------------------------------------------------
  94       4               19746.79        20665.79        919.00         
  55       3               21025.79        22487.79        1462.00        
  4        3               22487.79        23835.79        1348.00        
  4        4               23835.79        25538.79        1703.00        
  48       2               27560.22        28999.22        1439.00        
  99       2               29968.46        31265.46        1297.00        
  47       4               32373.46        33423.46        1050.00        
  28       2               33423.46        34968.46        1545.00        
  52       4               34968.46        36709.46        1741.00        
  24       2               37661.00        39453.00        1792.00        
  58       2               39639.06        41099.06        1460.00        
  59       2               41099.06        42487.06        1388.00        
  96       4               42487.06        43928.06        1441.00        
  50       2               43928.06        45056.06        1128.00        
  70       2               45056.06        46238.06        1182.00        
  52       7               46238.06        47161.06        923.00         
  17       2               47258.00        48212.00        954.00         
  66       3               48212.00        49861.00        1649.00        
  14       8               49861.00        51118.00        1257.00        
  93       4               51118.00        52607.00        1489.00        
  24       6               52607.00        53784.00        1177.00        
  28       4               54364.00        55572.00        1208.00        
  28       5               55572.00        56638.00        1066.00        
  72       6               56638.00        58012.00        1374.00        
  4        7               58012.00        59692.00        1680.00        
  86       5               59692.00        60889.00        1197.00        
  5        6               60889.00        62096.00        1207.00        
  25       7               62096.00        63224.00        1128.00        
  75       5               63643.65        65309.65        1666.00        
  49       3               65468.85        66518.85        1050.00        
  32       7               66518.85        67594.85        1076.00        
  83       7               68085.85        69626.85        1541.00        
  99       6               69626.85        70925.85        1299.00        
  33       7               70925.85        72332.85        1407.00        
  39       5               73075.85        74501.85        1426.00        

  机器利用率: 61.16% (忙碌时间: 46669.00 / 总时间: 76300.85)

【打印批次详细信息】
----------------------------------------------------------------------------------------------------

打印机 1 (尺寸: 1033.0 x 412.0 x 635.0):
--------------------------------------------------------------------------------
  批次 1: 零件数=17, 占用率=81.47%
    - 54: 尺寸 529.0 x 120.0 x 52.0
    - 35: 尺寸 106.0 x 96.0 x 48.0
    - 79: 尺寸 382.0 x 155.0 x 83.0
    - 40: 尺寸 122.0 x 148.0 x 103.0
    - 18: 尺寸 207.0 x 134.0 x 86.0
    - 95: 尺寸 202.0 x 55.0 x 55.0
    - 3: 尺寸 114.0 x 130.0 x 98.0
    - 94: 尺寸 86.0 x 78.0 x 15.0
    - 37: 尺寸 208.0 x 179.0 x 109.0
    - 42: 尺寸 86.0 x 114.0 x 61.0
    - 14: 尺寸 183.0 x 98.0 x 54.0
    - 32: 尺寸 66.0 x 98.0 x 75.0
    - 57: 尺寸 114.0 x 139.0 x 92.0
    - 4: 尺寸 148.0 x 136.0 x 21.0
    - 33: 尺寸 143.0 x 98.0 x 20.0
    - 55: 尺寸 72.0 x 93.0 x 88.0
    - 22: 尺寸 69.0 x 106.0 x 68.0
  批次 2: 零件数=2, 占用率=76.52%
    - 30: 尺寸 686.0 x 336.0 x 90.0
    - 56: 尺寸 312.0 x 305.0 x 32.0
  批次 3: 零件数=3, 占用率=77.34%
    - 96: 尺寸 711.0 x 335.0 x 59.0
    - 46: 尺寸 123.0 x 389.0 x 52.0
    - 89: 尺寸 185.0 x 233.0 x 23.0
  批次 4: 零件数=3, 占用率=50.36%
    - 27: 尺寸 565.0 x 191.0 x 59.0
    - 39: 尺寸 396.0 x 158.0 x 123.0
    - 15: 尺寸 255.0 x 172.0 x 44.0

打印机 2 (尺寸: 1163.0 x 587.0 x 663.0):
--------------------------------------------------------------------------------
  批次 1: 零件数=20, 占用率=92.04%
    - 66: 尺寸 438.0 x 139.0 x 124.0
    - 93: 尺寸 291.0 x 139.0 x 38.0
    - 68: 尺寸 413.0 x 227.0 x 174.0
    - 13: 尺寸 87.0 x 87.0 x 191.0
    - 86: 尺寸 349.0 x 205.0 x 127.0
    - 6: 尺寸 306.0 x 134.0 x 68.0
    - 90: 尺寸 85.0 x 241.0 x 93.0
    - 99: 尺寸 390.0 x 203.0 x 186.0
    - 51: 尺寸 173.0 x 135.0 x 83.0
    - 28: 尺寸 148.0 x 108.0 x 40.0
    - 50: 尺寸 185.0 x 123.0 x 171.0
    - 53: 尺寸 142.0 x 121.0 x 188.0
    - 84: 尺寸 148.0 x 132.0 x 176.0
    - 7: 尺寸 98.0 x 105.0 x 89.0
    - 69: 尺寸 76.0 x 101.0 x 43.0
    - 26: 尺寸 353.0 x 115.0 x 50.0
    - 81: 尺寸 134.0 x 93.0 x 170.0
    - 97: 尺寸 213.0 x 107.0 x 56.0
    - 5: 尺寸 187.0 x 63.0 x 153.0
    - 47: 尺寸 178.0 x 51.0 x 176.0
  批次 2: 零件数=10, 占用率=82.09%
    - 75: 尺寸 460.0 x 290.0 x 105.0
    - 98: 尺寸 197.0 x 134.0 x 63.0
    - 74: 尺寸 488.0 x 192.0 x 92.0
    - 34: 尺寸 206.0 x 118.0 x 193.0
    - 92: 尺寸 440.0 x 247.0 x 168.0
    - 67: 尺寸 121.0 x 144.0 x 191.0
    - 12: 尺寸 132.0 x 99.0 x 97.0
    - 83: 尺寸 441.0 x 153.0 x 197.0
    - 85: 尺寸 63.0 x 205.0 x 96.0
    - 16: 尺寸 441.0 x 143.0 x 42.0
  批次 3: 零件数=1, 占用率=21.51%
    - 64: 尺寸 441.0 x 333.0 x 52.0

打印机 3 (尺寸: 941.0 x 424.0 x 663.0):
--------------------------------------------------------------------------------
  批次 1: 零件数=9, 占用率=78.46%
    - 41: 尺寸 420.0 x 84.0 x 65.0
    - 1: 尺寸 465.0 x 126.0 x 96.0
    - 70: 尺寸 217.0 x 139.0 x 55.0
    - 0: 尺寸 250.0 x 268.0 x 27.0
    - 73: 尺寸 177.0 x 159.0 x 112.0
    - 48: 尺寸 205.0 x 200.0 x 83.0
    - 52: 尺寸 59.0 x 170.0 x 100.0
    - 62: 尺寸 188.0 x 133.0 x 95.0
    - 8: 尺寸 155.0 x 115.0 x 87.0
  批次 2: 零件数=4, 占用率=84.60%
    - 65: 尺寸 688.0 x 246.0 x 28.0
    - 38: 尺寸 144.0 x 118.0 x 155.0
    - 63: 尺寸 163.0 x 195.0 x 52.0
    - 49: 尺寸 720.0 x 166.0 x 70.0

打印机 4 (尺寸: 1081.0 x 523.0 x 615.0):
--------------------------------------------------------------------------------
  批次 1: 零件数=8, 占用率=92.10%
    - 21: 尺寸 109.0 x 53.0 x 36.0
    - 23: 尺寸 422.0 x 283.0 x 63.0
    - 61: 尺寸 533.0 x 123.0 x 54.0
    - 19: 尺寸 58.0 x 220.0 x 76.0
    - 2: 尺寸 568.0 x 184.0 x 44.0
    - 72: 尺寸 426.0 x 214.0 x 34.0
    - 88: 尺寸 385.0 x 207.0 x 83.0
    - 25: 尺寸 202.0 x 207.0 x 33.0
  批次 2: 零件数=6, 占用率=62.47%
    - 45: 尺寸 266.0 x 241.0 x 26.0
    - 60: 尺寸 363.0 x 170.0 x 19.0
    - 29: 尺寸 302.0 x 137.0 x 33.0
    - 11: 尺寸 123.0 x 306.0 x 35.0
    - 58: 尺寸 246.0 x 181.0 x 77.0
    - 77: 尺寸 509.0 x 204.0 x 43.0

打印机 5 (尺寸: 1118.0 x 504.0 x 631.0):
--------------------------------------------------------------------------------
  批次 1: 零件数=12, 占用率=88.07%
    - 78: 尺寸 257.0 x 259.0 x 55.0
    - 10: 尺寸 480.0 x 155.0 x 175.0
    - 31: 尺寸 355.0 x 260.0 x 20.0
    - 36: 尺寸 468.0 x 164.0 x 153.0
    - 9: 尺寸 101.0 x 149.0 x 45.0
    - 80: 尺寸 152.0 x 106.0 x 19.0
    - 82: 尺寸 191.0 x 198.0 x 181.0
    - 59: 尺寸 159.0 x 229.0 x 122.0
    - 24: 尺寸 187.0 x 173.0 x 33.0
    - 76: 尺寸 165.0 x 168.0 x 18.0
    - 44: 尺寸 79.0 x 103.0 x 14.0
    - 20: 尺寸 142.0 x 89.0 x 104.0
  批次 2: 零件数=3, 占用率=61.38%
    - 43: 尺寸 713.0 x 239.0 x 46.0
    - 91: 尺寸 179.0 x 133.0 x 39.0
    - 17: 尺寸 668.0 x 227.0 x 36.0
  批次 3: 零件数=2, 占用率=49.53%
    - 71: 尺寸 699.0 x 267.0 x 29.0
    - 87: 尺寸 690.0 x 134.0 x 26.0

════════════════════════════════════════════════════════════════
