════════════════════════════════════════════════════════════════
              最优Cmax解的详细调度记录
════════════════════════════════════════════════════════════════

【基本信息】
----------------------------------------------------------------------------------------------------
Cmax (最大完工时间): 76669.91
能耗: 962.00 kWh
装箱质量: 0.2606
批次总数: 13
工件数量: 100
机器数量: 17 (打印机:5, 批处理机:2, 离散机:10)

【染色体编码】
----------------------------------------------------------------------------------------------------
工序序列 (OS): [8, 91, 24, 3, 1, 16, 43, 58, 93, 62, 82, 51, 35, 33, 80, 37, 42, 59, 32, 97, 45, 84, 10, 27, 87, 49, 94, 56, 61, 46, 9, 6, 69, 36, 2, 14, 90, 31, 50, 67, 68, 74, 73, 52, 96, 66, 39, 4, 20, 34, 5, 38, 71, 7, 25, 48, 79, 44, 89, 70, 63, 30, 98, 81, 99, 92, 60, 76, 57, 47, 85, 23, 53, 28, 75, 26, 64, 18, 86, 29, 15, 83, 88, 65, 95, 54, 78, 11, 72, 21, 22, 13, 55, 41, 19, 0, 40, 12, 77, 17, 47, 66, 36, 14, 99, 14, 49, 46, 40, 30, 25, 41, 47, 10, 92, 66, 4, 96, 37, 17, 33, 28, 55, 11, 48, 59, 59, 16, 33, 24, 17, 83, 88, 4, 8, 23, 30, 87, 68, 96, 69, 6, 87, 93, 67, 70, 66, 40, 1, 43, 83, 82, 96, 62, 88, 23, 49, 36, 77, 55, 99, 41, 11, 96, 1, 47, 30, 33, 40, 24, 35, 9, 5, 72, 30, 77, 24, 3, 6, 7, 3, 33, 23, 14, 13, 40, 55, 52, 41, 53, 20, 83, 5, 7, 13, 45, 25, 6, 15, 93, 21, 45, 66, 65, 55, 2, 65, 47, 55, 72, 54, 15, 74, 58, 52, 24, 37, 72, 28, 69, 39, 5, 1, 67, 45, 73, 41, 14, 94, 43, 26, 29, 66, 46, 43, 72, 24, 24, 85, 25, 43, 26, 4, 7, 34, 0, 26, 23, 81, 58, 94, 79, 36, 46, 83, 26, 10, 30, 20, 25, 5, 44, 5, 26, 3, 53, 28, 3, 32, 25, 17, 7, 69, 90, 34, 94, 96, 35, 65, 32, 36, 75, 0, 15, 97, 71, 50, 97, 55, 78, 0, 91, 65, 14, 42, 42, 59, 58, 31, 39, 51, 96, 41, 11, 33, 99, 40, 82, 59, 75, 17, 32, 31, 71, 13, 41, 81, 13, 52, 99, 15, 26, 4, 3, 34, 67, 29, 20, 8, 68, 31, 47, 14, 10, 24, 94, 23, 21, 93, 47, 0, 28, 57, 15, 14, 99, 99, 74, 46, 58, 20, 32, 20, 32, 13, 89, 65, 4, 8, 19, 36, 26, 97, 83, 72, 9, 21, 71, 45, 8, 47, 28, 49, 45, 46, 67, 69, 14, 30, 12, 15, 17, 6, 69, 77, 72, 39, 59, 30, 52, 86, 93, 86, 74, 89, 92, 83, 33, 37, 11, 45, 25, 31, 36, 72, 30, 60, 26, 8, 10, 46, 23, 32, 75, 94, 8, 69, 45, 16, 43, 52, 64, 68, 75, 36, 69, 87, 17, 52, 10, 5, 57, 23, 17, 31, 4, 11, 85, 96, 18, 39, 75, 88, 94, 13, 86, 86, 7]
机器选择 (MS): [2, 5, 5, 2, 3, 5, 2, 2, 1, 2, 2, 1, 5, 5, 4, 1, 5, 1, 5, 2, 1, 4, 2, 5, 3, 1, 1, 4, 2, 5, 3, 5, 4, 2, 2, 5, 4, 3, 4, 4, 1, 2, 2, 2, 5, 2, 2, 2, 3, 1, 2, 1, 5, 2, 3, 4, 2, 2, 1, 3, 2, 2, 5, 4, 2, 2, 3, 5, 3, 4, 5, 5, 4, 5, 3, 1, 5, 1, 1, 1, 2, 1, 2, 1, 5, 5, 1, 3, 4, 5, 1, 4, 5, 5, 1, 2, 4, 4, 5, 5, 3, 3, 1, 3, 2, 1, 1, 1, 1, 1, 1, 2, 2, 1, 1, 2, 3, 3, 1, 1, 1, 3, 1, 3, 3, 1, 1, 2, 2, 2, 2, 2, 1, 1, 1, 2, 1, 2, 1, 1, 2, 1, 1, 2, 3, 1, 2, 1, 1, 1, 3, 2, 2, 1, 1, 1, 2, 1, 1, 2, 1, 2, 2, 1, 2, 1, 1, 2, 1, 1, 1, 1, 1, 1, 1, 1, 1, 2, 1, 1, 2, 1, 2, 1, 2, 1, 1, 2, 3, 1, 2, 1, 3, 3, 1, 2, 1, 1, 1, 1, 2, 1, 2, 1, 1, 1, 1, 1, 2, 1, 1, 1, 1, 2, 2, 1, 2, 2, 1, 1, 3, 1, 1, 3, 1, 2, 3, 1, 2, 3, 2, 1, 2, 2, 1, 1, 2, 1, 1, 1, 1, 2, 1, 1, 1, 2, 2, 1, 1, 2, 2, 1, 1, 1, 1, 1, 1, 2, 2, 2, 1, 1, 2, 1, 1, 2, 1, 1, 3, 1, 2, 1, 1, 1, 2, 2, 1, 1, 3, 1, 2, 3, 1, 1, 3, 1, 1, 1, 1, 1, 1, 1, 1, 2, 1, 1, 3, 1, 1, 1, 3, 1, 1, 2, 1, 1, 2, 1, 2, 1, 1, 1, 2, 1, 1, 1, 1, 1, 3, 1, 1, 1, 2, 3, 3, 2, 1, 2, 1, 1, 1, 1, 1, 3, 1, 2, 1, 1, 2, 1, 3, 1, 2, 3, 1, 1, 1, 2, 1, 1, 1, 1, 2, 1, 2, 2, 1, 1, 2, 1, 1, 3, 2, 1, 2, 1, 1, 1, 1, 1, 1, 1, 3, 2, 1, 1, 1, 1, 2, 1, 1, 1, 1, 3, 1, 2, 2, 1, 3, 2, 2, 1, 2, 1, 1, 1, 1, 3, 2, 1, 2, 2, 1, 1, 1, 1, 1, 1, 1, 1, 1, 1, 1, 1, 2, 1, 2, 2, 3, 1, 1, 2, 3, 2, 1, 1, 1, 1, 1, 1, 3, 1, 1, 1, 2, 2, 1, 1, 2, 3, 1, 1, 1, 1, 3, 1, 1, 1]

【零件加工顺序记录】
----------------------------------------------------------------------------------------------------
工件号      工序号             机器号             开始时间            结束时间            加工时长           
----------------------------------------------------------------------------------------------------

工件 0:
  0        0               打印机2            43401.12        66592.91        23191.79       
  0        1               批处理机2           66592.91        67656.91        1064.00        
  0        2               离散机6            69310.91        70896.91        1586.00        
  0        3               离散机10           70896.91        72102.91        1206.00        
  0        4               离散机1            72102.91        73017.91        915.00         
  0        5               离散机9            73017.91        74757.91        1740.00        

工件 1:
  1        0               打印机3            0.00            24874.27        24874.27       
  1        1               批处理机2           24874.27        25938.27        1064.00        
  1        2               离散机8            25938.27        27582.27        1644.00        
  1        3               离散机7            27582.27        29364.27        1782.00        
  1        4               离散机2            29364.27        30288.27        924.00         

工件 2:
  2        0               打印机2            43401.12        66592.91        23191.79       
  2        1               批处理机2           66592.91        67656.91        1064.00        
  2        2               离散机1            69329.91        70586.91        1257.00        

工件 3:
  3        0               打印机2            0.00            15288.28        15288.28       
  3        1               批处理机2           15288.28        16352.28        1064.00        
  3        2               离散机1            16352.28        17284.28        932.00         
  3        3               离散机7            17284.28        18413.28        1129.00        
  3        4               离散机2            18413.28        19411.28        998.00         
  3        5               离散机7            19411.28        20502.28        1091.00        
  3        6               离散机6            26871.00        28029.00        1158.00        

工件 4:
  4        0               打印机2            15288.28        43401.12        28112.84       
  4        1               批处理机2           43401.12        44465.12        1064.00        
  4        2               离散机1            45768.12        46901.12        1133.00        
  4        3               离散机8            47740.18        49287.18        1547.00        
  4        4               离散机10           50048.00        51751.00        1703.00        
  4        5               离散机8            58967.12        59884.12        917.00         
  4        6               离散机8            59884.12        61342.12        1458.00        
  4        7               离散机6            66012.82        67350.82        1338.00        

工件 5:
  5        0               打印机2            43401.12        66592.91        23191.79       
  5        1               批处理机2           66592.91        67656.91        1064.00        
  5        2               离散机1            67656.91        69329.91        1673.00        
  5        3               离散机8            70262.91        71558.91        1296.00        
  5        4               离散机8            71558.91        72814.91        1256.00        
  5        5               离散机2            72814.91        73985.91        1171.00        
  5        6               离散机10           73985.91        75192.91        1207.00        
  5        7               离散机8            75192.91        76669.91        1477.00        

工件 6:
  6        0               打印机5            19597.00        33594.00        13997.00       
  6        1               批处理机2           33594.00        34658.00        1064.00        
  6        2               离散机3            34658.00        36325.00        1667.00        
  6        3               离散机2            37376.00        39041.00        1665.00        
  6        4               离散机3            40363.17        41319.17        956.00         
  6        5               离散机9            41319.17        42596.17        1277.00        

工件 7:
  7        0               打印机2            15288.28        43401.12        28112.84       
  7        1               批处理机2           43401.12        44465.12        1064.00        
  7        2               离散机3            50340.12        51861.12        1521.00        
  7        3               离散机8            51861.12        53077.12        1216.00        
  7        4               离散机8            56032.12        57779.12        1747.00        
  7        5               离散机1            57779.12        59230.12        1451.00        
  7        6               离散机9            74757.91        76219.91        1462.00        

工件 8:
  8        0               打印机2            0.00            15288.28        15288.28       
  8        1               批处理机2           15288.28        16352.28        1064.00        
  8        2               离散机5            16352.28        17608.28        1256.00        
  8        3               离散机7            37304.00        39096.00        1792.00        
  8        4               离散机2            47716.12        49327.12        1611.00        
  8        5               离散机5            53245.18        54233.18        988.00         
  8        6               离散机1            60302.12        61335.12        1033.00        
  8        7               离散机4            62195.00        63856.00        1661.00        

工件 9:
  9        0               打印机3            0.00            24874.27        24874.27       
  9        1               批处理机2           24874.27        25938.27        1064.00        
  9        2               离散机7            25938.27        27223.27        1285.00        
  9        3               离散机3            62399.00        64113.00        1714.00        

工件 10:
  10       0               打印机2            15288.28        43401.12        28112.84       
  10       1               批处理机2           43401.12        44465.12        1064.00        
  10       2               离散机6            44465.12        45469.12        1004.00        
  10       3               离散机7            45469.12        47192.12        1723.00        
  10       4               离散机6            55618.00        57134.00        1516.00        
  10       5               离散机2            57134.00        58863.00        1729.00        
  10       6               离散机8            64390.82        65723.82        1333.00        

工件 11:
  11       0               打印机3            0.00            24874.27        24874.27       
  11       1               批处理机2           24874.27        25938.27        1064.00        
  11       2               离散机3            25938.27        27319.27        1381.00        
  11       3               离散机8            27582.27        28598.27        1016.00        
  11       4               离散机1            37101.00        38839.00        1738.00        
  11       5               离散机8            39416.00        40354.00        938.00         
  11       6               离散机7            73478.91        75266.91        1788.00        

工件 12:
  12       0               打印机4            0.00            45405.18        45405.18       
  12       1               批处理机2           45405.18        46469.18        1064.00        
  12       2               离散机10           51751.00        53274.00        1523.00        

工件 13:
  13       0               打印机4            0.00            45405.18        45405.18       
  13       1               批处理机2           45405.18        46469.18        1064.00        
  13       2               离散机3            51861.12        53318.12        1457.00        
  13       3               离散机8            53318.12        54356.12        1038.00        
  13       4               离散机5            54356.12        56032.12        1676.00        
  13       5               离散机5            56032.12        57081.12        1049.00        
  13       6               离散机7            59151.18        60762.18        1611.00        
  13       7               离散机1            65284.00        66360.00        1076.00        

工件 14:
  14       0               打印机5            0.00            19597.00        19597.00       
  14       1               批处理机2           19597.00        20661.00        1064.00        
  14       2               离散机4            20661.00        22077.00        1416.00        
  14       3               离散机3            22077.00        23469.00        1392.00        
  14       4               离散机7            23469.00        25223.00        1754.00        
  14       5               离散机8            30202.27        31716.27        1514.00        
  14       6               离散机6            31716.27        33238.27        1522.00        
  14       7               离散机8            36328.00        37919.00        1591.00        
  14       8               离散机10           37919.00        39176.00        1257.00        
  14       9               离散机4            57616.18        59151.18        1535.00        

工件 15:
  15       0               打印机2            0.00            15288.28        15288.28       
  15       1               批处理机2           15288.28        16352.28        1064.00        
  15       2               离散机8            17848.28        19254.28        1406.00        
  15       3               离散机2            22451.00        24039.00        1588.00        
  15       4               离散机1            25618.28        27127.28        1509.00        
  15       5               离散机3            28614.27        30121.27        1507.00        
  15       6               离散机3            41319.17        42549.17        1230.00        
  15       7               离散机1            49330.12        50925.12        1595.00        

工件 16:
  16       0               打印机5            0.00            19597.00        19597.00       
  16       1               批处理机2           19597.00        20661.00        1064.00        
  16       2               离散机2            20661.00        22451.00        1790.00        
  16       3               离散机1            63502.00        65284.00        1782.00        

工件 17:
  17       0               打印机5            33594.00        46591.00        12997.00       
  17       1               批处理机2           46591.00        47655.00        1064.00        
  17       2               离散机10           47655.00        48609.00        954.00         
  17       3               离散机6            48609.00        49847.00        1238.00        
  17       4               离散机9            55514.00        56499.00        985.00         
  17       5               离散机9            64140.82        65146.82        1006.00        
  17       6               离散机2            65146.82        66769.82        1623.00        
  17       7               离散机6            73139.91        74335.91        1196.00        
  17       8               离散机6            74335.91        75254.91        919.00         

工件 18:
  18       0               打印机1            10191.79        38293.85        28102.05       
  18       1               批处理机1           38293.85        39403.85        1110.00        
  18       2               离散机9            71750.91        72892.91        1142.00        

工件 19:
  19       0               打印机1            10191.79        38293.85        28102.05       
  19       1               批处理机1           38293.85        39403.85        1110.00        
  19       2               离散机4            40566.85        42103.85        1537.00        

工件 20:
  20       0               打印机3            0.00            24874.27        24874.27       
  20       1               批处理机2           24874.27        25938.27        1064.00        
  20       2               离散机7            29364.27        30546.27        1182.00        
  20       3               离散机5            30546.27        31771.27        1225.00        
  20       4               离散机4            31771.27        33195.27        1424.00        
  20       5               离散机9            33195.27        34411.27        1216.00        
  20       6               离散机10           35686.00        36606.00        920.00         

工件 21:
  21       0               打印机5            0.00            19597.00        19597.00       
  21       1               批处理机2           19597.00        20661.00        1064.00        
  21       2               离散机3            23469.00        25048.00        1579.00        
  21       3               离散机6            28029.00        29638.00        1609.00        
  21       4               离散机6            36706.00        38271.00        1565.00        

工件 22:
  22       0               打印机1            0.00            10191.79        10191.79       
  22       1               批处理机2           10191.79        11255.79        1064.00        

工件 23:
  23       0               打印机5            33594.00        46591.00        12997.00       
  23       1               批处理机2           46591.00        47655.00        1064.00        
  23       2               离散机9            47655.00        48695.00        1040.00        
  23       3               离散机9            50005.00        51724.00        1719.00        
  23       4               离散机6            51724.00        53301.00        1577.00        
  23       5               离散机10           53301.00        54906.00        1605.00        
  23       6               离散机9            65146.82        66243.82        1097.00        
  23       7               离散机3            71465.82        73081.82        1616.00        
  23       8               离散机5            74635.91        75873.91        1238.00        

工件 24:
  24       0               打印机5            0.00            19597.00        19597.00       
  24       1               批处理机2           19597.00        20661.00        1064.00        
  24       2               离散机3            20661.00        21991.00        1330.00        
  24       3               离散机6            23828.00        25518.00        1690.00        
  24       4               离散机5            26938.00        28004.00        1066.00        
  24       5               离散机4            28004.00        29396.00        1392.00        
  24       6               离散机10           29396.00        30573.00        1177.00        
  24       7               离散机1            30573.00        32190.00        1617.00        
  24       8               离散机4            33195.27        34546.27        1351.00        

工件 25:
  25       0               打印机3            24874.27        38163.17        13288.90       
  25       1               批处理机2           38163.17        39227.17        1064.00        
  25       2               离散机1            39227.17        40854.17        1627.00        
  25       3               离散机2            40854.17        42180.17        1326.00        
  25       4               离散机4            42180.17        43265.17        1085.00        
  25       5               离散机1            43265.17        44311.17        1046.00        
  25       6               离散机9            53796.00        55514.00        1718.00        
  25       7               离散机3            68494.82        70231.82        1737.00        

工件 26:
  26       0               打印机1            38293.85        60472.82        22178.97       
  26       1               批处理机2           60472.82        61536.82        1064.00        
  26       2               离散机7            61536.82        63210.82        1674.00        
  26       3               离散机6            63210.82        64352.82        1142.00        
  26       4               离散机7            64352.82        65709.82        1357.00        
  26       5               离散机3            65709.82        67318.82        1609.00        
  26       6               离散机7            68963.91        70749.91        1786.00        
  26       7               离散机9            70749.91        71750.91        1001.00        
  26       8               离散机6            71750.91        73139.91        1389.00        
  26       9               离散机5            73139.91        74635.91        1496.00        

工件 27:
  27       0               打印机5            19597.00        33594.00        13997.00       
  27       1               批处理机2           33594.00        34658.00        1064.00        

工件 28:
  28       0               打印机5            0.00            19597.00        19597.00       
  28       1               批处理机2           19597.00        20661.00        1064.00        
  28       2               离散机10           20661.00        22206.00        1545.00        
  28       3               离散机5            22919.00        24501.00        1582.00        
  28       4               离散机5            28004.00        29660.00        1656.00        
  28       5               离散机10           30573.00        31639.00        1066.00        
  28       6               离散机6            38271.00        39302.00        1031.00        

工件 29:
  29       0               打印机1            38293.85        60472.82        22178.97       
  29       1               批处理机2           60472.82        61536.82        1064.00        
  29       2               离散机9            61536.82        63211.82        1675.00        
  29       3               离散机8            63211.82        64390.82        1179.00        

工件 30:
  30       0               打印机2            0.00            15288.28        15288.28       
  30       1               批处理机2           15288.28        16352.28        1064.00        
  30       2               离散机2            16352.28        17501.28        1149.00        
  30       3               离散机5            17608.28        18669.28        1061.00        
  30       4               离散机5            18669.28        20127.28        1458.00        
  30       5               离散机6            20127.28        21203.28        1076.00        
  30       6               离散机1            21203.28        22945.28        1742.00        
  30       7               离散机7            33351.27        34556.27        1205.00        
  30       8               离散机9            34556.27        35951.27        1395.00        
  30       9               离散机7            53454.18        54594.18        1140.00        

工件 31:
  31       0               打印机3            0.00            24874.27        24874.27       
  31       1               批处理机2           24874.27        25938.27        1064.00        
  31       2               离散机1            32190.00        33604.00        1414.00        
  31       3               离散机7            35679.00        37304.00        1625.00        
  31       4               离散机3            37792.00        39115.00        1323.00        
  31       5               离散机9            39115.00        40824.00        1709.00        
  31       6               离散机9            44186.17        45353.17        1167.00        

工件 32:
  32       0               打印机5            0.00            19597.00        19597.00       
  32       1               批处理机2           19597.00        20661.00        1064.00        
  32       2               离散机2            24039.00        25170.00        1131.00        
  32       3               离散机5            31771.27        33177.27        1406.00        
  32       4               离散机1            33604.00        34533.00        929.00         
  32       5               离散机2            46021.12        47716.12        1695.00        
  32       6               离散机4            47716.12        48809.12        1093.00        
  32       7               离散机10           58231.00        59307.00        1076.00        

工件 33:
  33       0               打印机5            0.00            19597.00        19597.00       
  33       1               批处理机2           19597.00        20661.00        1064.00        
  33       2               离散机7            20661.00        21855.00        1194.00        
  33       3               离散机5            21855.00        22919.00        1064.00        
  33       4               离散机6            22919.00        23828.00        909.00         
  33       5               离散机8            23828.00        25616.00        1788.00        
  33       6               离散机6            25616.00        26871.00        1255.00        
  33       7               离散机10           31639.00        33046.00        1407.00        

工件 34:
  34       0               打印机1            10191.79        38293.85        28102.05       
  34       1               批处理机1           38293.85        39403.85        1110.00        
  34       2               离散机2            42180.17        43843.17        1663.00        
  34       3               离散机1            47936.12        49330.12        1394.00        
  34       4               离散机5            57081.12        58511.12        1430.00        

工件 35:
  35       0               打印机5            0.00            19597.00        19597.00       
  35       1               批处理机2           19597.00        20661.00        1064.00        
  35       2               离散机8            20661.00        22379.00        1718.00        
  35       3               离散机1            24517.28        25618.28        1101.00        

工件 36:
  36       0               打印机2            15288.28        43401.12        28112.84       
  36       1               批处理机2           43401.12        44465.12        1064.00        
  36       2               离散机8            44465.12        45990.12        1525.00        
  36       3               离散机9            45990.12        47375.12        1385.00        
  36       4               离散机7            49218.18        50703.18        1485.00        
  36       5               离散机3            55436.00        56671.00        1235.00        
  36       6               离散机6            57134.00        58679.00        1545.00        
  36       7               离散机7            63210.82        64231.82        1021.00        
  36       8               离散机4            64231.82        65213.82        982.00         

工件 37:
  37       0               打印机1            10191.79        38293.85        28102.05       
  37       1               批处理机1           38293.85        39403.85        1110.00        
  37       2               离散机1            40854.17        42012.17        1158.00        
  37       3               离散机5            42322.85        43523.85        1201.00        
  37       4               离散机6            61666.00        62857.00        1191.00        

工件 38:
  38       0               打印机1            38293.85        60472.82        22178.97       
  38       1               批处理机2           60472.82        61536.82        1064.00        

工件 39:
  39       0               打印机2            43401.12        66592.91        23191.79       
  39       1               批处理机2           66592.91        67656.91        1064.00        
  39       2               离散机6            67656.91        69310.91        1654.00        
  39       3               离散机10           69310.91        70248.91        938.00         
  39       4               离散机2            70248.91        71774.91        1526.00        
  39       5               离散机10           72102.91        73528.91        1426.00        

工件 40:
  40       0               打印机4            0.00            45405.18        45405.18       
  40       1               批处理机2           45405.18        46469.18        1064.00        
  40       2               离散机4            46469.18        47631.18        1162.00        
  40       3               离散机9            48695.00        50005.00        1310.00        
  40       4               离散机5            50005.00        51538.00        1533.00        
  40       5               离散机9            51724.00        52642.00        918.00         
  40       6               离散机10           56685.00        58231.00        1546.00        

工件 41:
  41       0               打印机5            19597.00        33594.00        13997.00       
  41       1               批处理机2           33594.00        34658.00        1064.00        
  41       2               离散机7            34658.00        35679.00        1021.00        
  41       3               离散机2            35679.00        37376.00        1697.00        
  41       4               离散机9            37376.00        38577.00        1201.00        
  41       5               离散机2            39041.00        40160.00        1119.00        
  41       6               离散机7            50703.18        51975.18        1272.00        
  41       7               离散机5            51975.18        53245.18        1270.00        

工件 42:
  42       0               打印机5            0.00            19597.00        19597.00       
  42       1               批处理机2           19597.00        20661.00        1064.00        
  42       2               离散机4            23758.00        25153.00        1395.00        
  42       3               离散机9            25153.00        26952.00        1799.00        

工件 43:
  43       0               打印机2            0.00            15288.28        15288.28       
  43       1               批处理机2           15288.28        16352.28        1064.00        
  43       2               离散机9            16352.28        17847.28        1495.00        
  43       3               离散机1            18402.28        19858.28        1456.00        
  43       4               离散机3            27319.27        28614.27        1295.00        
  43       5               离散机1            28614.27        29710.27        1096.00        
  43       6               离散机6            42378.00        43415.00        1037.00        

工件 44:
  44       0               打印机2            0.00            15288.28        15288.28       
  44       1               批处理机2           15288.28        16352.28        1064.00        
  44       2               离散机1            22945.28        24517.28        1572.00        

工件 45:
  45       0               打印机1            0.00            10191.79        10191.79       
  45       1               批处理机2           10191.79        11255.79        1064.00        
  45       2               离散机3            11255.79        12576.79        1321.00        
  45       3               离散机8            12576.79        13769.79        1193.00        
  45       4               离散机5            13769.79        14983.79        1214.00        
  45       5               离散机8            37919.00        39416.00        1497.00        
  45       6               离散机6            39416.00        40926.00        1510.00        
  45       7               离散机1            42012.17        42969.17        957.00         
  45       8               离散机10           45762.12        47483.12        1721.00        

工件 46:
  46       0               打印机5            19597.00        33594.00        13997.00       
  46       1               批处理机2           33594.00        34658.00        1064.00        
  46       2               离散机1            34658.00        35703.00        1045.00        
  46       3               离散机6            35703.00        36706.00        1003.00        
  46       4               离散机3            36706.00        37792.00        1086.00        
  46       5               离散机7            57445.18        59151.18        1706.00        
  46       6               离散机1            59230.12        60302.12        1072.00        
  46       7               离散机3            70231.82        71465.82        1234.00        

工件 47:
  47       0               打印机4            0.00            45405.18        45405.18       
  47       1               批处理机2           45405.18        46469.18        1064.00        
  47       2               离散机8            46469.18        47740.18        1271.00        
  47       3               离散机5            47740.18        48892.18        1152.00        
  47       4               离散机4            48892.18        50496.18        1604.00        
  47       5               离散机8            54356.12        56032.12        1676.00        
  47       6               离散机3            58233.00        59676.00        1443.00        
  47       7               离散机4            60979.00        62195.00        1216.00        
  47       8               离散机1            62195.00        63502.00        1307.00        

工件 48:
  48       0               打印机4            0.00            45405.18        45405.18       
  48       1               批处理机2           45405.18        46469.18        1064.00        
  48       2               离散机10           48609.00        50048.00        1439.00        

工件 49:
  49       0               打印机1            0.00            10191.79        10191.79       
  49       1               批处理机2           10191.79        11255.79        1064.00        
  49       2               离散机6            11255.79        12704.79        1449.00        
  49       3               离散机10           12946.79        13996.79        1050.00        
  49       4               离散机7            13996.79        15547.79        1551.00        

工件 50:
  50       0               打印机4            0.00            45405.18        45405.18       
  50       1               批处理机2           45405.18        46469.18        1064.00        
  50       2               离散机6            54266.00        55618.00        1352.00        

工件 51:
  51       0               打印机1            10191.79        38293.85        28102.05       
  51       1               批处理机1           38293.85        39403.85        1110.00        
  51       2               离散机4            39403.85        40566.85        1163.00        

工件 52:
  52       0               打印机2            0.00            15288.28        15288.28       
  52       1               批处理机2           15288.28        16352.28        1064.00        
  52       2               离散机1            17284.28        18402.28        1118.00        
  52       3               离散机4            18402.28        20197.28        1795.00        
  52       4               离散机10           26838.00        28579.00        1741.00        
  52       5               离散机1            56143.18        57698.18        1555.00        
  52       6               离散机2            58863.00        59878.00        1015.00        
  52       7               离散机10           59878.00        60801.00        923.00         

工件 53:
  53       0               打印机4            0.00            45405.18        45405.18       
  53       1               批处理机2           45405.18        46469.18        1064.00        
  53       2               离散机6            53301.00        54266.00        965.00         
  53       3               离散机10           54906.00        56685.00        1779.00        

工件 54:
  54       0               打印机5            19597.00        33594.00        13997.00       
  54       1               批处理机2           33594.00        34658.00        1064.00        
  54       2               离散机10           34658.00        35686.00        1028.00        

工件 55:
  55       0               打印机5            0.00            19597.00        19597.00       
  55       1               批处理机2           19597.00        20661.00        1064.00        
  55       2               离散机10           22206.00        23935.00        1729.00        
  55       3               离散机10           25376.00        26838.00        1462.00        
  55       4               离散机8            28598.27        30202.27        1604.00        
  55       5               离散机3            30202.27        31741.27        1539.00        
  55       6               离散机7            31741.27        33351.27        1610.00        
  55       7               离散机1            35703.00        37101.00        1398.00        

工件 56:
  56       0               打印机4            0.00            45405.18        45405.18       
  56       1               批处理机2           45405.18        46469.18        1064.00        

工件 57:
  57       0               打印机3            0.00            24874.27        24874.27       
  57       1               批处理机2           24874.27        25938.27        1064.00        
  57       2               离散机6            29638.00        30764.00        1126.00        
  57       3               离散机8            41882.85        42869.85        987.00         

工件 58:
  58       0               打印机2            0.00            15288.28        15288.28       
  58       1               批处理机2           15288.28        16352.28        1064.00        
  58       2               离散机10           16352.28        17812.28        1460.00        
  58       3               离散机3            17812.28        19330.28        1518.00        
  58       4               离散机8            32746.27        34413.27        1667.00        
  58       5               离散机4            35500.27        36997.27        1497.00        

工件 59:
  59       0               打印机1            10191.79        38293.85        28102.05       
  59       1               批处理机1           38293.85        39403.85        1110.00        
  59       2               离散机10           39403.85        40791.85        1388.00        
  59       3               离散机5            40791.85        42322.85        1531.00        
  59       4               离散机4            43265.17        44507.17        1242.00        
  59       5               离散机7            51975.18        53454.18        1479.00        
  59       6               离散机7            72009.91        73478.91        1469.00        

工件 60:
  60       0               打印机3            24874.27        38163.17        13288.90       
  60       1               批处理机2           38163.17        39227.17        1064.00        
  60       2               离散机5            39227.17        40325.17        1098.00        

工件 61:
  61       0               打印机2            43401.12        66592.91        23191.79       
  61       1               批处理机2           66592.91        67656.91        1064.00        

工件 62:
  62       0               打印机2            0.00            15288.28        15288.28       
  62       1               批处理机2           15288.28        16352.28        1064.00        
  62       2               离散机8            16352.28        17848.28        1496.00        

工件 63:
  63       0               打印机2            15288.28        43401.12        28112.84       
  63       1               批处理机2           43401.12        44465.12        1064.00        

工件 64:
  64       0               打印机5            46591.00        57388.00        10797.00       
  64       1               批处理机2           57388.00        58452.00        1064.00        
  64       2               离散机9            67311.82        68512.82        1201.00        

工件 65:
  65       0               打印机1            0.00            10191.79        10191.79       
  65       1               批处理机2           10191.79        11255.79        1064.00        
  65       2               离散机9            11255.79        12661.79        1406.00        
  65       3               离散机4            12661.79        13895.79        1234.00        
  65       4               离散机6            14144.79        15793.79        1649.00        
  65       5               离散机1            19858.28        21019.28        1161.00        
  65       6               离散机3            42549.17        43456.17        907.00         

工件 66:
  66       0               打印机2            15288.28        43401.12        28112.84       
  66       1               批处理机2           43401.12        44465.12        1064.00        
  66       2               离散机1            44465.12        45768.12        1303.00        
  66       3               离散机3            45768.12        47362.12        1594.00        
  66       4               离散机6            49847.00        51525.00        1678.00        
  66       5               离散机9            52642.00        53796.00        1154.00        
  66       6               离散机3            53796.00        55436.00        1640.00        

工件 67:
  67       0               打印机4            0.00            45405.18        45405.18       
  67       1               批处理机2           45405.18        46469.18        1064.00        
  67       2               离散机8            49287.18        50339.18        1052.00        
  67       3               离散机4            51881.18        53205.18        1324.00        
  67       4               离散机3            56671.00        58233.00        1562.00        
  67       5               离散机7            70749.91        72009.91        1260.00        

工件 68:
  68       0               打印机1            10191.79        38293.85        28102.05       
  68       1               批处理机1           38293.85        39403.85        1110.00        
  68       2               离散机7            40896.85        42260.85        1364.00        
  68       3               离散机4            44507.17        45952.17        1445.00        
  68       4               离散机9            68512.82        69441.82        929.00         

工件 69:
  69       0               打印机4            0.00            45405.18        45405.18       
  69       1               批处理机2           45405.18        46469.18        1064.00        
  69       2               离散机6            46469.18        47707.18        1238.00        
  69       3               离散机7            47707.18        49218.18        1511.00        
  69       4               离散机8            50339.18        51648.18        1309.00        
  69       5               离散机1            53372.18        54715.18        1343.00        
  69       6               离散机8            61342.12        62576.12        1234.00        
  69       7               离散机5            64072.82        65639.82        1567.00        
  69       8               离散机9            69441.82        70439.82        998.00         

工件 70:
  70       0               打印机3            24874.27        38163.17        13288.90       
  70       1               批处理机2           38163.17        39227.17        1064.00        
  70       2               离散机10           40791.85        41973.85        1182.00        

工件 71:
  71       0               打印机5            33594.00        46591.00        12997.00       
  71       1               批处理机2           46591.00        47655.00        1064.00        
  71       2               离散机9            58242.00        59311.00        1069.00        
  71       3               离散机4            59311.00        60979.00        1668.00        
  71       4               离散机10           63698.00        65416.00        1718.00        

工件 72:
  72       0               打印机4            0.00            45405.18        45405.18       
  72       1               批处理机2           45405.18        46469.18        1064.00        
  72       2               离散机4            50496.18        51881.18        1385.00        
  72       3               离散机1            51881.18        53372.18        1491.00        
  72       4               离散机4            53372.18        54631.18        1259.00        
  72       5               离散机7            54631.18        56200.18        1569.00        
  72       6               离散机6            58679.00        60322.00        1643.00        
  72       7               离散机5            60322.00        61458.00        1136.00        
  72       8               离散机5            62680.82        64072.82        1392.00        

工件 73:
  73       0               打印机2            15288.28        43401.12        28112.84       
  73       1               批处理机2           43401.12        44465.12        1064.00        
  73       2               离散机1            46901.12        47936.12        1035.00        

工件 74:
  74       0               打印机2            15288.28        43401.12        28112.84       
  74       1               批处理机2           43401.12        44465.12        1064.00        
  74       2               离散机3            44465.12        45494.12        1029.00        
  74       3               离散机7            56200.18        57445.18        1245.00        
  74       4               离散机6            60322.00        61666.00        1344.00        

工件 75:
  75       0               打印机3            0.00            24874.27        24874.27       
  75       1               批处理机2           24874.27        25938.27        1064.00        
  75       2               离散机4            25938.27        27099.27        1161.00        
  75       3               离散机5            37655.00        39207.00        1552.00        
  75       4               离散机9            42596.17        44186.17        1590.00        
  75       5               离散机3            73081.82        74630.82        1549.00        
  75       6               离散机7            75266.91        76184.91        918.00         

工件 76:
  76       0               打印机5            19597.00        33594.00        13997.00       
  76       1               批处理机2           33594.00        34658.00        1064.00        

工件 77:
  77       0               打印机5            19597.00        33594.00        13997.00       
  77       1               批处理机2           33594.00        34658.00        1064.00        
  77       2               离散机8            34658.00        36328.00        1670.00        
  77       3               离散机5            36328.00        37655.00        1327.00        
  77       4               离散机1            54715.18        56143.18        1428.00        

工件 78:
  78       0               打印机1            38293.85        60472.82        22178.97       
  78       1               批处理机2           60472.82        61536.82        1064.00        
  78       2               离散机7            65709.82        67279.82        1570.00        

工件 79:
  79       0               打印机2            0.00            15288.28        15288.28       
  79       1               批处理机2           15288.28        16352.28        1064.00        
  79       2               离散机3            16352.28        17617.28        1265.00        

工件 80:
  80       0               打印机4            0.00            45405.18        45405.18       
  80       1               批处理机2           45405.18        46469.18        1064.00        

工件 81:
  81       0               打印机4            0.00            45405.18        45405.18       
  81       1               批处理机2           45405.18        46469.18        1064.00        
  81       2               离散机4            54631.18        56190.18        1559.00        
  81       3               离散机8            57779.12        58967.12        1188.00        

工件 82:
  82       0               打印机2            15288.28        43401.12        28112.84       
  82       1               批处理机2           43401.12        44465.12        1064.00        
  82       2               离散机3            47362.12        48961.12        1599.00        
  82       3               离散机9            63211.82        64140.82        929.00         

工件 83:
  83       0               打印机1            10191.79        38293.85        28102.05       
  83       1               批处理机1           38293.85        39403.85        1110.00        
  83       2               离散机7            39403.85        40896.85        1493.00        
  83       3               离散机8            40896.85        41882.85        986.00         
  83       4               离散机7            43903.85        45397.85        1494.00        
  83       5               离散机6            45469.12        46449.12        980.00         
  83       6               离散机4            56190.18        57616.18        1426.00        
  83       7               离散机3            67318.82        68494.82        1176.00        

工件 84:
  84       0               打印机4            0.00            45405.18        45405.18       
  84       1               批处理机2           45405.18        46469.18        1064.00        

工件 85:
  85       0               打印机5            0.00            19597.00        19597.00       
  85       1               批处理机2           19597.00        20661.00        1064.00        
  85       2               离散机6            21203.28        22445.28        1242.00        
  85       3               离散机9            22445.28        24116.28        1671.00        

工件 86:
  86       0               打印机1            38293.85        60472.82        22178.97       
  86       1               批处理机2           60472.82        61536.82        1064.00        
  86       2               离散机5            61536.82        62680.82        1144.00        
  86       3               离散机3            64113.00        65433.00        1320.00        
  86       4               离散机4            65433.00        67205.00        1772.00        
  86       5               离散机10           67205.00        68402.00        1197.00        

工件 87:
  87       0               打印机3            24874.27        38163.17        13288.90       
  87       1               批处理机2           38163.17        39227.17        1064.00        
  87       2               离散机3            39227.17        40363.17        1136.00        
  87       3               离散机7            42260.85        43903.85        1643.00        
  87       4               离散机6            64352.82        66012.82        1660.00        

工件 88:
  88       0               打印机2            43401.12        66592.91        23191.79       
  88       1               批处理机2           66592.91        67656.91        1064.00        
  88       2               离散机7            67656.91        68963.91        1307.00        
  88       3               离散机8            68963.91        70262.91        1299.00        
  88       4               离散机3            74630.82        75760.82        1130.00        

工件 89:
  89       0               打印机1            10191.79        38293.85        28102.05       
  89       1               批处理机1           38293.85        39403.85        1110.00        
  89       2               离散机5            43523.85        45293.85        1770.00        
  89       3               离散机3            59676.00        60664.00        988.00         

工件 90:
  90       0               打印机4            0.00            45405.18        45405.18       
  90       1               批处理机2           45405.18        46469.18        1064.00        
  90       2               离散机9            56499.00        58242.00        1743.00        

工件 91:
  91       0               打印机5            0.00            19597.00        19597.00       
  91       1               批处理机2           19597.00        20661.00        1064.00        
  91       2               离散机5            33177.27        34816.27        1639.00        

工件 92:
  92       0               打印机2            15288.28        43401.12        28112.84       
  92       1               批处理机2           43401.12        44465.12        1064.00        
  92       2               离散机2            44465.12        46021.12        1556.00        
  92       3               离散机2            49327.12        50522.12        1195.00        

工件 93:
  93       0               打印机1            0.00            10191.79        10191.79       
  93       1               批处理机2           10191.79        11255.79        1064.00        
  93       2               离散机10           11255.79        12946.79        1691.00        
  93       3               离散机9            12946.79        13975.79        1029.00        
  93       4               离散机10           13996.79        15485.79        1489.00        
  93       5               离散机5            20127.28        21438.28        1311.00        

工件 94:
  94       0               打印机1            0.00            10191.79        10191.79       
  94       1               批处理机2           10191.79        11255.79        1064.00        
  94       2               离散机6            12704.79        14144.79        1440.00        
  94       3               离散机3            14144.79        15695.79        1551.00        
  94       4               离散机3            31741.27        33451.27        1710.00        
  94       5               离散机4            34546.27        35500.27        954.00         
  94       6               离散机6            40926.00        42378.00        1452.00        
  94       7               离散机2            52224.12        53818.12        1594.00        

工件 95:
  95       0               打印机5            0.00            19597.00        19597.00       
  95       1               批处理机2           19597.00        20661.00        1064.00        

工件 96:
  96       0               打印机5            0.00            19597.00        19597.00       
  96       1               批处理机2           19597.00        20661.00        1064.00        
  96       2               离散机9            20661.00        21945.00        1284.00        
  96       3               离散机4            22077.00        23758.00        1681.00        
  96       4               离散机10           23935.00        25376.00        1441.00        
  96       5               离散机5            25376.00        26938.00        1562.00        
  96       6               离散机8            31716.27        32746.27        1030.00        
  96       7               离散机3            33451.27        34617.27        1166.00        
  96       8               离散机2            50522.12        52224.12        1702.00        

工件 97:
  97       0               打印机2            0.00            15288.28        15288.28       
  97       1               批处理机2           15288.28        16352.28        1064.00        
  97       2               离散机7            21855.00        23465.00        1610.00        
  97       3               离散机1            27127.28        28592.28        1465.00        
  97       4               离散机6            33238.27        34701.27        1463.00        

工件 98:
  98       0               打印机5            0.00            19597.00        19597.00       
  98       1               批处理机2           19597.00        20661.00        1064.00        

工件 99:
  99       0               打印机2            15288.28        43401.12        28112.84       
  99       1               批处理机2           43401.12        44465.12        1064.00        
  99       2               离散机10           44465.12        45762.12        1297.00        
  99       3               离散机3            48961.12        50340.12        1379.00        
  99       4               离散机9            59311.00        61039.00        1728.00        
  99       5               离散机3            61039.00        62399.00        1360.00        
  99       6               离散机10           62399.00        63698.00        1299.00        
  99       7               离散机9            66243.82        67311.82        1068.00        

【机器加工顺序记录】
----------------------------------------------------------------------------------------------------

打印机1:
工件号      工序号             开始时间            结束时间            加工时长           
--------------------------------------------------------------------------------
  22       0               0.00            10191.79        10191.79       
  45       0               0.00            10191.79        10191.79       
  49       0               0.00            10191.79        10191.79       
  65       0               0.00            10191.79        10191.79       
  93       0               0.00            10191.79        10191.79       
  94       0               0.00            10191.79        10191.79       
  18       0               10191.79        38293.85        28102.05       
  19       0               10191.79        38293.85        28102.05       
  34       0               10191.79        38293.85        28102.05       
  37       0               10191.79        38293.85        28102.05       
  51       0               10191.79        38293.85        28102.05       
  59       0               10191.79        38293.85        28102.05       
  68       0               10191.79        38293.85        28102.05       
  83       0               10191.79        38293.85        28102.05       
  89       0               10191.79        38293.85        28102.05       
  26       0               38293.85        60472.82        22178.97       
  29       0               38293.85        60472.82        22178.97       
  38       0               38293.85        60472.82        22178.97       
  78       0               38293.85        60472.82        22178.97       
  86       0               38293.85        60472.82        22178.97       

  机器利用率: 554.28% (忙碌时间: 424964.10 / 总时间: 76669.91)

打印机2:
工件号      工序号             开始时间            结束时间            加工时长           
--------------------------------------------------------------------------------
  3        0               0.00            15288.28        15288.28       
  8        0               0.00            15288.28        15288.28       
  15       0               0.00            15288.28        15288.28       
  30       0               0.00            15288.28        15288.28       
  43       0               0.00            15288.28        15288.28       
  44       0               0.00            15288.28        15288.28       
  52       0               0.00            15288.28        15288.28       
  58       0               0.00            15288.28        15288.28       
  62       0               0.00            15288.28        15288.28       
  79       0               0.00            15288.28        15288.28       
  97       0               0.00            15288.28        15288.28       
  4        0               15288.28        43401.12        28112.84       
  7        0               15288.28        43401.12        28112.84       
  10       0               15288.28        43401.12        28112.84       
  36       0               15288.28        43401.12        28112.84       
  63       0               15288.28        43401.12        28112.84       
  66       0               15288.28        43401.12        28112.84       
  73       0               15288.28        43401.12        28112.84       
  74       0               15288.28        43401.12        28112.84       
  82       0               15288.28        43401.12        28112.84       
  92       0               15288.28        43401.12        28112.84       
  99       0               15288.28        43401.12        28112.84       
  0        0               43401.12        66592.91        23191.79       
  2        0               43401.12        66592.91        23191.79       
  5        0               43401.12        66592.91        23191.79       
  39       0               43401.12        66592.91        23191.79       
  61       0               43401.12        66592.91        23191.79       
  88       0               43401.12        66592.91        23191.79       

  机器利用率: 804.18% (忙碌时间: 616563.09 / 总时间: 76669.91)

打印机3:
工件号      工序号             开始时间            结束时间            加工时长           
--------------------------------------------------------------------------------
  1        0               0.00            24874.27        24874.27       
  9        0               0.00            24874.27        24874.27       
  11       0               0.00            24874.27        24874.27       
  20       0               0.00            24874.27        24874.27       
  31       0               0.00            24874.27        24874.27       
  57       0               0.00            24874.27        24874.27       
  75       0               0.00            24874.27        24874.27       
  25       0               24874.27        38163.17        13288.90       
  60       0               24874.27        38163.17        13288.90       
  70       0               24874.27        38163.17        13288.90       
  87       0               24874.27        38163.17        13288.90       

  机器利用率: 296.43% (忙碌时间: 227275.49 / 总时间: 76669.91)

打印机4:
工件号      工序号             开始时间            结束时间            加工时长           
--------------------------------------------------------------------------------
  12       0               0.00            45405.18        45405.18       
  13       0               0.00            45405.18        45405.18       
  40       0               0.00            45405.18        45405.18       
  47       0               0.00            45405.18        45405.18       
  48       0               0.00            45405.18        45405.18       
  50       0               0.00            45405.18        45405.18       
  53       0               0.00            45405.18        45405.18       
  56       0               0.00            45405.18        45405.18       
  67       0               0.00            45405.18        45405.18       
  69       0               0.00            45405.18        45405.18       
  72       0               0.00            45405.18        45405.18       
  80       0               0.00            45405.18        45405.18       
  81       0               0.00            45405.18        45405.18       
  84       0               0.00            45405.18        45405.18       
  90       0               0.00            45405.18        45405.18       

  机器利用率: 888.32% (忙碌时间: 681077.65 / 总时间: 76669.91)

打印机5:
工件号      工序号             开始时间            结束时间            加工时长           
--------------------------------------------------------------------------------
  14       0               0.00            19597.00        19597.00       
  16       0               0.00            19597.00        19597.00       
  21       0               0.00            19597.00        19597.00       
  24       0               0.00            19597.00        19597.00       
  28       0               0.00            19597.00        19597.00       
  32       0               0.00            19597.00        19597.00       
  33       0               0.00            19597.00        19597.00       
  35       0               0.00            19597.00        19597.00       
  42       0               0.00            19597.00        19597.00       
  55       0               0.00            19597.00        19597.00       
  85       0               0.00            19597.00        19597.00       
  91       0               0.00            19597.00        19597.00       
  95       0               0.00            19597.00        19597.00       
  96       0               0.00            19597.00        19597.00       
  98       0               0.00            19597.00        19597.00       
  6        0               19597.00        33594.00        13997.00       
  27       0               19597.00        33594.00        13997.00       
  41       0               19597.00        33594.00        13997.00       
  46       0               19597.00        33594.00        13997.00       
  54       0               19597.00        33594.00        13997.00       
  76       0               19597.00        33594.00        13997.00       
  77       0               19597.00        33594.00        13997.00       
  17       0               33594.00        46591.00        12997.00       
  23       0               33594.00        46591.00        12997.00       
  71       0               33594.00        46591.00        12997.00       
  64       0               46591.00        57388.00        10797.00       

  机器利用率: 576.13% (忙碌时间: 441722.00 / 总时间: 76669.91)

批处理机1:
工件号      工序号             开始时间            结束时间            加工时长           
--------------------------------------------------------------------------------
  18       1               38293.85        39403.85        1110.00        
  19       1               38293.85        39403.85        1110.00        
  34       1               38293.85        39403.85        1110.00        
  37       1               38293.85        39403.85        1110.00        
  51       1               38293.85        39403.85        1110.00        
  59       1               38293.85        39403.85        1110.00        
  68       1               38293.85        39403.85        1110.00        
  83       1               38293.85        39403.85        1110.00        
  89       1               38293.85        39403.85        1110.00        

  机器利用率: 13.03% (忙碌时间: 9990.00 / 总时间: 76669.91)

批处理机2:
工件号      工序号             开始时间            结束时间            加工时长           
--------------------------------------------------------------------------------
  22       1               10191.79        11255.79        1064.00        
  45       1               10191.79        11255.79        1064.00        
  49       1               10191.79        11255.79        1064.00        
  65       1               10191.79        11255.79        1064.00        
  93       1               10191.79        11255.79        1064.00        
  94       1               10191.79        11255.79        1064.00        
  3        1               15288.28        16352.28        1064.00        
  8        1               15288.28        16352.28        1064.00        
  15       1               15288.28        16352.28        1064.00        
  30       1               15288.28        16352.28        1064.00        
  43       1               15288.28        16352.28        1064.00        
  44       1               15288.28        16352.28        1064.00        
  52       1               15288.28        16352.28        1064.00        
  58       1               15288.28        16352.28        1064.00        
  62       1               15288.28        16352.28        1064.00        
  79       1               15288.28        16352.28        1064.00        
  97       1               15288.28        16352.28        1064.00        
  14       1               19597.00        20661.00        1064.00        
  16       1               19597.00        20661.00        1064.00        
  21       1               19597.00        20661.00        1064.00        
  24       1               19597.00        20661.00        1064.00        
  28       1               19597.00        20661.00        1064.00        
  32       1               19597.00        20661.00        1064.00        
  33       1               19597.00        20661.00        1064.00        
  35       1               19597.00        20661.00        1064.00        
  42       1               19597.00        20661.00        1064.00        
  55       1               19597.00        20661.00        1064.00        
  85       1               19597.00        20661.00        1064.00        
  91       1               19597.00        20661.00        1064.00        
  95       1               19597.00        20661.00        1064.00        
  96       1               19597.00        20661.00        1064.00        
  98       1               19597.00        20661.00        1064.00        
  1        1               24874.27        25938.27        1064.00        
  9        1               24874.27        25938.27        1064.00        
  11       1               24874.27        25938.27        1064.00        
  20       1               24874.27        25938.27        1064.00        
  31       1               24874.27        25938.27        1064.00        
  57       1               24874.27        25938.27        1064.00        
  75       1               24874.27        25938.27        1064.00        
  6        1               33594.00        34658.00        1064.00        
  27       1               33594.00        34658.00        1064.00        
  41       1               33594.00        34658.00        1064.00        
  46       1               33594.00        34658.00        1064.00        
  54       1               33594.00        34658.00        1064.00        
  76       1               33594.00        34658.00        1064.00        
  77       1               33594.00        34658.00        1064.00        
  25       1               38163.17        39227.17        1064.00        
  60       1               38163.17        39227.17        1064.00        
  70       1               38163.17        39227.17        1064.00        
  87       1               38163.17        39227.17        1064.00        
  4        1               43401.12        44465.12        1064.00        
  7        1               43401.12        44465.12        1064.00        
  10       1               43401.12        44465.12        1064.00        
  36       1               43401.12        44465.12        1064.00        
  63       1               43401.12        44465.12        1064.00        
  66       1               43401.12        44465.12        1064.00        
  73       1               43401.12        44465.12        1064.00        
  74       1               43401.12        44465.12        1064.00        
  82       1               43401.12        44465.12        1064.00        
  92       1               43401.12        44465.12        1064.00        
  99       1               43401.12        44465.12        1064.00        
  12       1               45405.18        46469.18        1064.00        
  13       1               45405.18        46469.18        1064.00        
  40       1               45405.18        46469.18        1064.00        
  47       1               45405.18        46469.18        1064.00        
  48       1               45405.18        46469.18        1064.00        
  50       1               45405.18        46469.18        1064.00        
  53       1               45405.18        46469.18        1064.00        
  56       1               45405.18        46469.18        1064.00        
  67       1               45405.18        46469.18        1064.00        
  69       1               45405.18        46469.18        1064.00        
  72       1               45405.18        46469.18        1064.00        
  80       1               45405.18        46469.18        1064.00        
  81       1               45405.18        46469.18        1064.00        
  84       1               45405.18        46469.18        1064.00        
  90       1               45405.18        46469.18        1064.00        
  17       1               46591.00        47655.00        1064.00        
  23       1               46591.00        47655.00        1064.00        
  71       1               46591.00        47655.00        1064.00        
  64       1               57388.00        58452.00        1064.00        
  26       1               60472.82        61536.82        1064.00        
  29       1               60472.82        61536.82        1064.00        
  38       1               60472.82        61536.82        1064.00        
  78       1               60472.82        61536.82        1064.00        
  86       1               60472.82        61536.82        1064.00        
  0        1               66592.91        67656.91        1064.00        
  2        1               66592.91        67656.91        1064.00        
  5        1               66592.91        67656.91        1064.00        
  39       1               66592.91        67656.91        1064.00        
  61       1               66592.91        67656.91        1064.00        
  88       1               66592.91        67656.91        1064.00        

  机器利用率: 126.29% (忙碌时间: 96824.00 / 总时间: 76669.91)

离散机1:
工件号      工序号             开始时间            结束时间            加工时长           
--------------------------------------------------------------------------------
  3        2               16352.28        17284.28        932.00         
  52       2               17284.28        18402.28        1118.00        
  43       3               18402.28        19858.28        1456.00        
  65       5               19858.28        21019.28        1161.00        
  30       6               21203.28        22945.28        1742.00        
  44       2               22945.28        24517.28        1572.00        
  35       3               24517.28        25618.28        1101.00        
  15       4               25618.28        27127.28        1509.00        
  97       3               27127.28        28592.28        1465.00        
  43       5               28614.27        29710.27        1096.00        
  24       7               30573.00        32190.00        1617.00        
  31       2               32190.00        33604.00        1414.00        
  32       4               33604.00        34533.00        929.00         
  46       2               34658.00        35703.00        1045.00        
  55       7               35703.00        37101.00        1398.00        
  11       4               37101.00        38839.00        1738.00        
  25       2               39227.17        40854.17        1627.00        
  37       2               40854.17        42012.17        1158.00        
  45       7               42012.17        42969.17        957.00         
  25       5               43265.17        44311.17        1046.00        
  66       2               44465.12        45768.12        1303.00        
  4        2               45768.12        46901.12        1133.00        
  73       2               46901.12        47936.12        1035.00        
  34       3               47936.12        49330.12        1394.00        
  15       7               49330.12        50925.12        1595.00        
  72       3               51881.18        53372.18        1491.00        
  69       5               53372.18        54715.18        1343.00        
  77       4               54715.18        56143.18        1428.00        
  52       5               56143.18        57698.18        1555.00        
  7        5               57779.12        59230.12        1451.00        
  46       6               59230.12        60302.12        1072.00        
  8        6               60302.12        61335.12        1033.00        
  47       8               62195.00        63502.00        1307.00        
  16       3               63502.00        65284.00        1782.00        
  13       7               65284.00        66360.00        1076.00        
  5        2               67656.91        69329.91        1673.00        
  2        2               69329.91        70586.91        1257.00        
  0        4               72102.91        73017.91        915.00         

  机器利用率: 65.12% (忙碌时间: 49924.00 / 总时间: 76669.91)

离散机2:
工件号      工序号             开始时间            结束时间            加工时长           
--------------------------------------------------------------------------------
  30       2               16352.28        17501.28        1149.00        
  3        4               18413.28        19411.28        998.00         
  16       2               20661.00        22451.00        1790.00        
  15       3               22451.00        24039.00        1588.00        
  32       2               24039.00        25170.00        1131.00        
  1        4               29364.27        30288.27        924.00         
  41       3               35679.00        37376.00        1697.00        
  6        3               37376.00        39041.00        1665.00        
  41       5               39041.00        40160.00        1119.00        
  25       3               40854.17        42180.17        1326.00        
  34       2               42180.17        43843.17        1663.00        
  92       2               44465.12        46021.12        1556.00        
  32       5               46021.12        47716.12        1695.00        
  8        4               47716.12        49327.12        1611.00        
  92       3               49327.12        50522.12        1195.00        
  96       8               50522.12        52224.12        1702.00        
  94       7               52224.12        53818.12        1594.00        
  10       5               57134.00        58863.00        1729.00        
  52       6               58863.00        59878.00        1015.00        
  17       6               65146.82        66769.82        1623.00        
  39       4               70248.91        71774.91        1526.00        
  5        5               72814.91        73985.91        1171.00        

  机器利用率: 41.04% (忙碌时间: 31467.00 / 总时间: 76669.91)

离散机3:
工件号      工序号             开始时间            结束时间            加工时长           
--------------------------------------------------------------------------------
  45       2               11255.79        12576.79        1321.00        
  94       3               14144.79        15695.79        1551.00        
  79       2               16352.28        17617.28        1265.00        
  58       3               17812.28        19330.28        1518.00        
  24       2               20661.00        21991.00        1330.00        
  14       3               22077.00        23469.00        1392.00        
  21       2               23469.00        25048.00        1579.00        
  11       2               25938.27        27319.27        1381.00        
  43       4               27319.27        28614.27        1295.00        
  15       5               28614.27        30121.27        1507.00        
  55       5               30202.27        31741.27        1539.00        
  94       4               31741.27        33451.27        1710.00        
  96       7               33451.27        34617.27        1166.00        
  6        2               34658.00        36325.00        1667.00        
  46       4               36706.00        37792.00        1086.00        
  31       4               37792.00        39115.00        1323.00        
  87       2               39227.17        40363.17        1136.00        
  6        4               40363.17        41319.17        956.00         
  15       6               41319.17        42549.17        1230.00        
  65       6               42549.17        43456.17        907.00         
  74       2               44465.12        45494.12        1029.00        
  66       3               45768.12        47362.12        1594.00        
  82       2               47362.12        48961.12        1599.00        
  99       3               48961.12        50340.12        1379.00        
  7        2               50340.12        51861.12        1521.00        
  13       2               51861.12        53318.12        1457.00        
  66       6               53796.00        55436.00        1640.00        
  36       5               55436.00        56671.00        1235.00        
  67       4               56671.00        58233.00        1562.00        
  47       6               58233.00        59676.00        1443.00        
  89       3               59676.00        60664.00        988.00         
  99       5               61039.00        62399.00        1360.00        
  9        3               62399.00        64113.00        1714.00        
  86       3               64113.00        65433.00        1320.00        
  26       5               65709.82        67318.82        1609.00        
  83       7               67318.82        68494.82        1176.00        
  25       7               68494.82        70231.82        1737.00        
  46       7               70231.82        71465.82        1234.00        
  23       7               71465.82        73081.82        1616.00        
  75       5               73081.82        74630.82        1549.00        
  88       4               74630.82        75760.82        1130.00        

  机器利用率: 74.02% (忙碌时间: 56751.00 / 总时间: 76669.91)

离散机4:
工件号      工序号             开始时间            结束时间            加工时长           
--------------------------------------------------------------------------------
  65       3               12661.79        13895.79        1234.00        
  52       3               18402.28        20197.28        1795.00        
  14       2               20661.00        22077.00        1416.00        
  96       3               22077.00        23758.00        1681.00        
  42       2               23758.00        25153.00        1395.00        
  75       2               25938.27        27099.27        1161.00        
  24       5               28004.00        29396.00        1392.00        
  20       4               31771.27        33195.27        1424.00        
  24       8               33195.27        34546.27        1351.00        
  94       5               34546.27        35500.27        954.00         
  58       5               35500.27        36997.27        1497.00        
  51       2               39403.85        40566.85        1163.00        
  19       2               40566.85        42103.85        1537.00        
  25       4               42180.17        43265.17        1085.00        
  59       4               43265.17        44507.17        1242.00        
  68       3               44507.17        45952.17        1445.00        
  40       2               46469.18        47631.18        1162.00        
  32       6               47716.12        48809.12        1093.00        
  47       4               48892.18        50496.18        1604.00        
  72       2               50496.18        51881.18        1385.00        
  67       3               51881.18        53205.18        1324.00        
  72       4               53372.18        54631.18        1259.00        
  81       2               54631.18        56190.18        1559.00        
  83       6               56190.18        57616.18        1426.00        
  14       9               57616.18        59151.18        1535.00        
  71       3               59311.00        60979.00        1668.00        
  47       7               60979.00        62195.00        1216.00        
  8        7               62195.00        63856.00        1661.00        
  36       8               64231.82        65213.82        982.00         
  86       4               65433.00        67205.00        1772.00        

  机器利用率: 54.02% (忙碌时间: 41418.00 / 总时间: 76669.91)

离散机5:
工件号      工序号             开始时间            结束时间            加工时长           
--------------------------------------------------------------------------------
  45       4               13769.79        14983.79        1214.00        
  8        2               16352.28        17608.28        1256.00        
  30       3               17608.28        18669.28        1061.00        
  30       4               18669.28        20127.28        1458.00        
  93       5               20127.28        21438.28        1311.00        
  33       3               21855.00        22919.00        1064.00        
  28       3               22919.00        24501.00        1582.00        
  96       5               25376.00        26938.00        1562.00        
  24       4               26938.00        28004.00        1066.00        
  28       4               28004.00        29660.00        1656.00        
  20       3               30546.27        31771.27        1225.00        
  32       3               31771.27        33177.27        1406.00        
  91       2               33177.27        34816.27        1639.00        
  77       3               36328.00        37655.00        1327.00        
  75       3               37655.00        39207.00        1552.00        
  60       2               39227.17        40325.17        1098.00        
  59       3               40791.85        42322.85        1531.00        
  37       3               42322.85        43523.85        1201.00        
  89       2               43523.85        45293.85        1770.00        
  47       3               47740.18        48892.18        1152.00        
  40       4               50005.00        51538.00        1533.00        
  41       7               51975.18        53245.18        1270.00        
  8        5               53245.18        54233.18        988.00         
  13       4               54356.12        56032.12        1676.00        
  13       5               56032.12        57081.12        1049.00        
  34       4               57081.12        58511.12        1430.00        
  72       7               60322.00        61458.00        1136.00        
  86       2               61536.82        62680.82        1144.00        
  72       8               62680.82        64072.82        1392.00        
  69       7               64072.82        65639.82        1567.00        
  26       9               73139.91        74635.91        1496.00        
  23       8               74635.91        75873.91        1238.00        

  机器利用率: 56.15% (忙碌时间: 43050.00 / 总时间: 76669.91)

离散机6:
工件号      工序号             开始时间            结束时间            加工时长           
--------------------------------------------------------------------------------
  49       2               11255.79        12704.79        1449.00        
  94       2               12704.79        14144.79        1440.00        
  65       4               14144.79        15793.79        1649.00        
  30       5               20127.28        21203.28        1076.00        
  85       2               21203.28        22445.28        1242.00        
  33       4               22919.00        23828.00        909.00         
  24       3               23828.00        25518.00        1690.00        
  33       6               25616.00        26871.00        1255.00        
  3        6               26871.00        28029.00        1158.00        
  21       3               28029.00        29638.00        1609.00        
  57       2               29638.00        30764.00        1126.00        
  14       6               31716.27        33238.27        1522.00        
  97       4               33238.27        34701.27        1463.00        
  46       3               35703.00        36706.00        1003.00        
  21       4               36706.00        38271.00        1565.00        
  28       6               38271.00        39302.00        1031.00        
  45       6               39416.00        40926.00        1510.00        
  94       6               40926.00        42378.00        1452.00        
  43       6               42378.00        43415.00        1037.00        
  10       2               44465.12        45469.12        1004.00        
  83       5               45469.12        46449.12        980.00         
  69       2               46469.18        47707.18        1238.00        
  17       3               48609.00        49847.00        1238.00        
  66       4               49847.00        51525.00        1678.00        
  23       4               51724.00        53301.00        1577.00        
  53       2               53301.00        54266.00        965.00         
  50       2               54266.00        55618.00        1352.00        
  10       4               55618.00        57134.00        1516.00        
  36       6               57134.00        58679.00        1545.00        
  72       6               58679.00        60322.00        1643.00        
  74       4               60322.00        61666.00        1344.00        
  37       4               61666.00        62857.00        1191.00        
  26       3               63210.82        64352.82        1142.00        
  87       4               64352.82        66012.82        1660.00        
  4        7               66012.82        67350.82        1338.00        
  39       2               67656.91        69310.91        1654.00        
  0        2               69310.91        70896.91        1586.00        
  26       8               71750.91        73139.91        1389.00        
  17       7               73139.91        74335.91        1196.00        
  17       8               74335.91        75254.91        919.00         

  机器利用率: 69.57% (忙碌时间: 53341.00 / 总时间: 76669.91)

离散机7:
工件号      工序号             开始时间            结束时间            加工时长           
--------------------------------------------------------------------------------
  49       4               13996.79        15547.79        1551.00        
  3        3               17284.28        18413.28        1129.00        
  3        5               19411.28        20502.28        1091.00        
  33       2               20661.00        21855.00        1194.00        
  97       2               21855.00        23465.00        1610.00        
  14       4               23469.00        25223.00        1754.00        
  9        2               25938.27        27223.27        1285.00        
  1        3               27582.27        29364.27        1782.00        
  20       2               29364.27        30546.27        1182.00        
  55       6               31741.27        33351.27        1610.00        
  30       7               33351.27        34556.27        1205.00        
  41       2               34658.00        35679.00        1021.00        
  31       3               35679.00        37304.00        1625.00        
  8        3               37304.00        39096.00        1792.00        
  83       2               39403.85        40896.85        1493.00        
  68       2               40896.85        42260.85        1364.00        
  87       3               42260.85        43903.85        1643.00        
  83       4               43903.85        45397.85        1494.00        
  10       3               45469.12        47192.12        1723.00        
  69       3               47707.18        49218.18        1511.00        
  36       4               49218.18        50703.18        1485.00        
  41       6               50703.18        51975.18        1272.00        
  59       5               51975.18        53454.18        1479.00        
  30       9               53454.18        54594.18        1140.00        
  72       5               54631.18        56200.18        1569.00        
  74       3               56200.18        57445.18        1245.00        
  46       5               57445.18        59151.18        1706.00        
  13       6               59151.18        60762.18        1611.00        
  26       2               61536.82        63210.82        1674.00        
  36       7               63210.82        64231.82        1021.00        
  26       4               64352.82        65709.82        1357.00        
  78       2               65709.82        67279.82        1570.00        
  88       2               67656.91        68963.91        1307.00        
  26       6               68963.91        70749.91        1786.00        
  67       5               70749.91        72009.91        1260.00        
  59       6               72009.91        73478.91        1469.00        
  11       6               73478.91        75266.91        1788.00        
  75       6               75266.91        76184.91        918.00         

  机器利用率: 71.37% (忙碌时间: 54716.00 / 总时间: 76669.91)

离散机8:
工件号      工序号             开始时间            结束时间            加工时长           
--------------------------------------------------------------------------------
  45       3               12576.79        13769.79        1193.00        
  62       2               16352.28        17848.28        1496.00        
  15       2               17848.28        19254.28        1406.00        
  35       2               20661.00        22379.00        1718.00        
  33       5               23828.00        25616.00        1788.00        
  1        2               25938.27        27582.27        1644.00        
  11       3               27582.27        28598.27        1016.00        
  55       4               28598.27        30202.27        1604.00        
  14       5               30202.27        31716.27        1514.00        
  96       6               31716.27        32746.27        1030.00        
  58       4               32746.27        34413.27        1667.00        
  77       2               34658.00        36328.00        1670.00        
  14       7               36328.00        37919.00        1591.00        
  45       5               37919.00        39416.00        1497.00        
  11       5               39416.00        40354.00        938.00         
  83       3               40896.85        41882.85        986.00         
  57       3               41882.85        42869.85        987.00         
  36       2               44465.12        45990.12        1525.00        
  47       2               46469.18        47740.18        1271.00        
  4        3               47740.18        49287.18        1547.00        
  67       2               49287.18        50339.18        1052.00        
  69       4               50339.18        51648.18        1309.00        
  7        3               51861.12        53077.12        1216.00        
  13       3               53318.12        54356.12        1038.00        
  47       5               54356.12        56032.12        1676.00        
  7        4               56032.12        57779.12        1747.00        
  81       3               57779.12        58967.12        1188.00        
  4        5               58967.12        59884.12        917.00         
  4        6               59884.12        61342.12        1458.00        
  69       6               61342.12        62576.12        1234.00        
  29       3               63211.82        64390.82        1179.00        
  10       6               64390.82        65723.82        1333.00        
  88       3               68963.91        70262.91        1299.00        
  5        3               70262.91        71558.91        1296.00        
  5        4               71558.91        72814.91        1256.00        
  5        7               75192.91        76669.91        1477.00        

  机器利用率: 63.60% (忙碌时间: 48763.00 / 总时间: 76669.91)

离散机9:
工件号      工序号             开始时间            结束时间            加工时长           
--------------------------------------------------------------------------------
  65       2               11255.79        12661.79        1406.00        
  93       3               12946.79        13975.79        1029.00        
  43       2               16352.28        17847.28        1495.00        
  96       2               20661.00        21945.00        1284.00        
  85       3               22445.28        24116.28        1671.00        
  42       3               25153.00        26952.00        1799.00        
  20       5               33195.27        34411.27        1216.00        
  30       8               34556.27        35951.27        1395.00        
  41       4               37376.00        38577.00        1201.00        
  31       5               39115.00        40824.00        1709.00        
  6        5               41319.17        42596.17        1277.00        
  75       4               42596.17        44186.17        1590.00        
  31       6               44186.17        45353.17        1167.00        
  36       3               45990.12        47375.12        1385.00        
  23       2               47655.00        48695.00        1040.00        
  40       3               48695.00        50005.00        1310.00        
  23       3               50005.00        51724.00        1719.00        
  40       5               51724.00        52642.00        918.00         
  66       5               52642.00        53796.00        1154.00        
  25       6               53796.00        55514.00        1718.00        
  17       4               55514.00        56499.00        985.00         
  90       2               56499.00        58242.00        1743.00        
  71       2               58242.00        59311.00        1069.00        
  99       4               59311.00        61039.00        1728.00        
  29       2               61536.82        63211.82        1675.00        
  82       3               63211.82        64140.82        929.00         
  17       5               64140.82        65146.82        1006.00        
  23       6               65146.82        66243.82        1097.00        
  99       7               66243.82        67311.82        1068.00        
  64       2               67311.82        68512.82        1201.00        
  68       4               68512.82        69441.82        929.00         
  69       8               69441.82        70439.82        998.00         
  26       7               70749.91        71750.91        1001.00        
  18       2               71750.91        72892.91        1142.00        
  0        5               73017.91        74757.91        1740.00        
  7        6               74757.91        76219.91        1462.00        

  机器利用率: 61.64% (忙碌时间: 47256.00 / 总时间: 76669.91)

离散机10:
工件号      工序号             开始时间            结束时间            加工时长           
--------------------------------------------------------------------------------
  93       2               11255.79        12946.79        1691.00        
  49       3               12946.79        13996.79        1050.00        
  93       4               13996.79        15485.79        1489.00        
  58       2               16352.28        17812.28        1460.00        
  28       2               20661.00        22206.00        1545.00        
  55       2               22206.00        23935.00        1729.00        
  96       4               23935.00        25376.00        1441.00        
  55       3               25376.00        26838.00        1462.00        
  52       4               26838.00        28579.00        1741.00        
  24       6               29396.00        30573.00        1177.00        
  28       5               30573.00        31639.00        1066.00        
  33       7               31639.00        33046.00        1407.00        
  54       2               34658.00        35686.00        1028.00        
  20       6               35686.00        36606.00        920.00         
  14       8               37919.00        39176.00        1257.00        
  59       2               39403.85        40791.85        1388.00        
  70       2               40791.85        41973.85        1182.00        
  99       2               44465.12        45762.12        1297.00        
  45       8               45762.12        47483.12        1721.00        
  17       2               47655.00        48609.00        954.00         
  48       2               48609.00        50048.00        1439.00        
  4        4               50048.00        51751.00        1703.00        
  12       2               51751.00        53274.00        1523.00        
  23       5               53301.00        54906.00        1605.00        
  53       3               54906.00        56685.00        1779.00        
  40       6               56685.00        58231.00        1546.00        
  32       7               58231.00        59307.00        1076.00        
  52       7               59878.00        60801.00        923.00         
  99       6               62399.00        63698.00        1299.00        
  71       4               63698.00        65416.00        1718.00        
  86       5               67205.00        68402.00        1197.00        
  39       3               69310.91        70248.91        938.00         
  0        3               70896.91        72102.91        1206.00        
  39       5               72102.91        73528.91        1426.00        
  5        6               73985.91        75192.91        1207.00        

  机器利用率: 62.07% (忙碌时间: 47590.00 / 总时间: 76669.91)

【打印批次详细信息】
----------------------------------------------------------------------------------------------------

打印机 1 (尺寸: 1033.0 x 412.0 x 635.0):
--------------------------------------------------------------------------------
  批次 1: 零件数=6, 占用率=95.71%
    - 93: 尺寸 291.0 x 139.0 x 38.0
    - 49: 尺寸 720.0 x 166.0 x 70.0
    - 45: 尺寸 266.0 x 241.0 x 26.0
    - 65: 尺寸 688.0 x 246.0 x 28.0
    - 94: 尺寸 78.0 x 86.0 x 15.0
    - 22: 尺寸 69.0 x 106.0 x 68.0
  批次 2: 零件数=9, 占用率=86.03%
    - 51: 尺寸 173.0 x 135.0 x 83.0
    - 37: 尺寸 208.0 x 179.0 x 109.0
    - 59: 尺寸 229.0 x 159.0 x 122.0
    - 68: 尺寸 413.0 x 227.0 x 174.0
    - 34: 尺寸 118.0 x 206.0 x 193.0
    - 89: 尺寸 233.0 x 185.0 x 23.0
    - 18: 尺寸 207.0 x 134.0 x 86.0
    - 83: 尺寸 441.0 x 153.0 x 197.0
    - 19: 尺寸 220.0 x 58.0 x 76.0
  批次 3: 零件数=5, 占用率=55.70%
    - 38: 尺寸 144.0 x 118.0 x 155.0
    - 26: 尺寸 353.0 x 115.0 x 50.0
    - 86: 尺寸 349.0 x 205.0 x 127.0
    - 29: 尺寸 137.0 x 302.0 x 33.0
    - 78: 尺寸 257.0 x 259.0 x 55.0

打印机 2 (尺寸: 1163.0 x 587.0 x 663.0):
--------------------------------------------------------------------------------
  批次 1: 零件数=11, 占用率=94.79%
    - 8: 尺寸 155.0 x 115.0 x 87.0
    - 3: 尺寸 114.0 x 130.0 x 98.0
    - 43: 尺寸 713.0 x 239.0 x 46.0
    - 58: 尺寸 181.0 x 246.0 x 77.0
    - 79: 尺寸 155.0 x 382.0 x 83.0
    - 97: 尺寸 107.0 x 213.0 x 56.0
    - 30: 尺寸 686.0 x 336.0 x 90.0
    - 15: 尺寸 172.0 x 255.0 x 44.0
    - 62: 尺寸 133.0 x 188.0 x 95.0
    - 44: 尺寸 103.0 x 79.0 x 14.0
    - 52: 尺寸 170.0 x 59.0 x 100.0
  批次 2: 零件数=11, 占用率=91.07%
    - 82: 尺寸 191.0 x 198.0 x 181.0
    - 10: 尺寸 480.0 x 155.0 x 175.0
    - 36: 尺寸 468.0 x 164.0 x 153.0
    - 74: 尺寸 488.0 x 192.0 x 92.0
    - 66: 尺寸 438.0 x 139.0 x 124.0
    - 73: 尺寸 177.0 x 159.0 x 112.0
    - 92: 尺寸 440.0 x 247.0 x 168.0
    - 99: 尺寸 390.0 x 203.0 x 186.0
    - 4: 尺寸 148.0 x 136.0 x 21.0
    - 63: 尺寸 163.0 x 195.0 x 52.0
    - 7: 尺寸 105.0 x 98.0 x 89.0
  批次 3: 零件数=6, 占用率=57.29%
    - 61: 尺寸 533.0 x 123.0 x 54.0
    - 2: 尺寸 568.0 x 184.0 x 44.0
    - 39: 尺寸 396.0 x 158.0 x 123.0
    - 5: 尺寸 63.0 x 187.0 x 153.0
    - 88: 尺寸 385.0 x 207.0 x 83.0
    - 0: 尺寸 268.0 x 250.0 x 27.0

打印机 3 (尺寸: 941.0 x 424.0 x 663.0):
--------------------------------------------------------------------------------
  批次 1: 零件数=7, 占用率=91.60%
    - 1: 尺寸 465.0 x 126.0 x 96.0
    - 75: 尺寸 460.0 x 290.0 x 105.0
    - 9: 尺寸 101.0 x 149.0 x 45.0
    - 31: 尺寸 355.0 x 260.0 x 20.0
    - 20: 尺寸 89.0 x 142.0 x 104.0
    - 57: 尺寸 139.0 x 114.0 x 92.0
    - 11: 尺寸 306.0 x 123.0 x 35.0
  批次 2: 零件数=4, 占用率=56.68%
    - 87: 尺寸 690.0 x 134.0 x 26.0
    - 25: 尺寸 207.0 x 202.0 x 33.0
    - 70: 尺寸 217.0 x 139.0 x 55.0
    - 60: 尺寸 363.0 x 170.0 x 19.0

打印机 4 (尺寸: 1081.0 x 523.0 x 615.0):
--------------------------------------------------------------------------------
  批次 1: 零件数=15, 占用率=72.29%
    - 80: 尺寸 152.0 x 106.0 x 19.0
    - 84: 尺寸 132.0 x 148.0 x 176.0
    - 40: 尺寸 122.0 x 148.0 x 103.0
    - 56: 尺寸 312.0 x 305.0 x 32.0
    - 69: 尺寸 101.0 x 76.0 x 43.0
    - 90: 尺寸 241.0 x 85.0 x 93.0
    - 81: 尺寸 93.0 x 134.0 x 170.0
    - 50: 尺寸 123.0 x 185.0 x 171.0
    - 67: 尺寸 144.0 x 121.0 x 191.0
    - 53: 尺寸 142.0 x 121.0 x 188.0
    - 12: 尺寸 132.0 x 99.0 x 97.0
    - 47: 尺寸 51.0 x 178.0 x 176.0
    - 48: 尺寸 205.0 x 200.0 x 83.0
    - 13: 尺寸 87.0 x 87.0 x 191.0
    - 72: 尺寸 426.0 x 214.0 x 34.0

打印机 5 (尺寸: 1118.0 x 504.0 x 631.0):
--------------------------------------------------------------------------------
  批次 1: 零件数=15, 占用率=87.79%
    - 91: 尺寸 179.0 x 133.0 x 39.0
    - 24: 尺寸 187.0 x 173.0 x 33.0
    - 96: 尺寸 711.0 x 335.0 x 59.0
    - 95: 尺寸 55.0 x 202.0 x 55.0
    - 42: 尺寸 114.0 x 86.0 x 61.0
    - 35: 尺寸 106.0 x 96.0 x 48.0
    - 33: 尺寸 98.0 x 143.0 x 20.0
    - 32: 尺寸 98.0 x 66.0 x 75.0
    - 14: 尺寸 98.0 x 183.0 x 54.0
    - 85: 尺寸 63.0 x 205.0 x 96.0
    - 21: 尺寸 53.0 x 109.0 x 36.0
    - 28: 尺寸 108.0 x 148.0 x 40.0
    - 16: 尺寸 441.0 x 143.0 x 42.0
    - 98: 尺寸 197.0 x 134.0 x 63.0
    - 55: 尺寸 93.0 x 72.0 x 88.0
  批次 2: 零件数=7, 占用率=75.79%
    - 27: 尺寸 565.0 x 191.0 x 59.0
    - 77: 尺寸 509.0 x 204.0 x 43.0
    - 54: 尺寸 529.0 x 120.0 x 52.0
    - 46: 尺寸 389.0 x 123.0 x 52.0
    - 76: 尺寸 165.0 x 168.0 x 18.0
    - 6: 尺寸 306.0 x 134.0 x 68.0
    - 41: 尺寸 420.0 x 84.0 x 65.0
  批次 3: 零件数=3, 占用率=81.23%
    - 71: 尺寸 699.0 x 267.0 x 29.0
    - 23: 尺寸 283.0 x 422.0 x 63.0
    - 17: 尺寸 668.0 x 227.0 x 36.0
  批次 4: 零件数=1, 占用率=26.06%
    - 64: 尺寸 441.0 x 333.0 x 52.0

════════════════════════════════════════════════════════════════
