════════════════════════════════════════════════════════════════
              最优Cmax解的详细调度记录
════════════════════════════════════════════════════════════════

【基本信息】
----------------------------------------------------------------------------------------------------
Cmax (最大完工时间): 73320.51
能耗: 958.24 kWh
装箱质量: 0.5208
批次总数: 12
工件数量: 100
机器数量: 17 (打印机:5, 批处理机:2, 离散机:10)

【染色体编码】
----------------------------------------------------------------------------------------------------
工序序列 (OS): [11, 96, 79, 30, 95, 35, 91, 39, 51, 9, 94, 55, 49, 10, 28, 65, 70, 44, 15, 40, 97, 61, 41, 84, 47, 2, 48, 31, 57, 22, 86, 99, 64, 33, 38, 87, 19, 18, 26, 1, 8, 34, 90, 89, 17, 27, 6, 77, 66, 37, 52, 54, 13, 92, 45, 83, 21, 68, 14, 25, 24, 29, 63, 72, 88, 73, 56, 93, 76, 7, 43, 50, 32, 5, 81, 4, 53, 16, 98, 62, 12, 20, 59, 23, 80, 36, 75, 69, 3, 46, 58, 82, 42, 78, 0, 60, 71, 74, 85, 67, 82, 73, 66, 31, 2, 86, 58, 16, 24, 2, 49, 32, 98, 84, 56, 84, 25, 1, 86, 34, 16, 45, 23, 79, 3, 24, 89, 91, 50, 81, 86, 86, 93, 95, 94, 83, 83, 49, 70, 17, 89, 30, 88, 13, 94, 43, 38, 74, 3, 47, 74, 65, 54, 84, 18, 83, 86, 91, 3, 6, 55, 1, 93, 11, 93, 10, 81, 71, 18, 8, 56, 72, 98, 11, 94, 96, 95, 25, 95, 10, 25, 90, 83, 74, 39, 11, 1, 11, 54, 51, 42, 19, 8, 13, 76, 76, 43, 92, 58, 44, 92, 65, 97, 89, 20, 35, 32, 58, 31, 96, 57, 41, 82, 71, 45, 9, 45, 31, 96, 48, 66, 45, 41, 60, 39, 84, 73, 78, 89, 85, 18, 79, 8, 45, 13, 45, 18, 0, 57, 15, 13, 14, 82, 42, 42, 66, 64, 45, 1, 44, 2, 16, 46, 14, 58, 21, 92, 34, 8, 87, 15, 92, 23, 82, 30, 91, 54, 54, 86, 48, 14, 34, 11, 19, 34, 31, 79, 73, 72, 16, 65, 63, 60, 15, 6, 13, 71, 89, 25, 69, 50, 49, 73, 69, 35, 85, 23, 11, 16, 37, 89, 42, 60, 0, 91, 47, 84, 25, 35, 55, 9, 31, 14, 30, 60, 88, 66, 37, 23, 20, 76, 90, 50, 24, 3, 2, 39, 41, 98, 71, 17, 69, 50, 30, 69, 58, 42, 94, 9, 64, 33, 32, 42, 9, 87, 41, 27, 85, 35, 76, 35, 32, 62, 85, 7, 90, 31, 64, 73, 0, 21, 84, 87, 69, 30, 76, 65, 18, 94, 82, 84, 34, 21, 34, 34, 26, 58, 42, 30, 41, 9, 17, 19, 41, 46, 6, 70, 70, 76, 25, 72, 69, 12, 3, 85, 92, 50, 22, 72, 38, 55, 1, 6, 18, 83, 15, 15, 90, 39, 88, 79, 27, 74, 21, 46, 98, 93, 13, 44, 7, 77, 26, 85, 82, 48, 92, 93, 44, 37, 20, 71, 87, 84, 32, 85, 36, 8, 24, 42, 60, 94, 86, 17, 23, 24, 11, 26, 3, 54, 1, 20, 13, 60, 58, 89, 18, 8, 10, 25, 32, 23, 31, 50, 83, 99, 71, 62, 4, 0, 71, 50, 70, 79, 27, 17, 25, 3, 9, 35, 45, 74, 58, 13, 6, 32, 67, 15, 64, 6, 53, 46, 94, 15, 5, 87, 76, 26, 29, 90, 31, 69, 17, 21, 66, 70, 86, 49, 50, 76, 60, 27, 16, 18, 72, 59, 71, 10, 79, 3, 82, 55, 83, 23, 27, 30, 90, 48, 97, 33, 98, 34, 16, 78, 11, 17, 91]
机器选择 (MS): [1, 1, 3, 4, 2, 5, 4, 4, 3, 3, 2, 1, 2, 5, 3, 4, 3, 1, 5, 2, 2, 4, 2, 5, 5, 5, 2, 1, 5, 1, 1, 2, 5, 2, 1, 5, 2, 1, 5, 1, 5, 1, 5, 5, 3, 3, 2, 4, 2, 5, 5, 2, 1, 5, 1, 4, 1, 3, 1, 3, 2, 5, 3, 4, 4, 2, 3, 1, 1, 2, 5, 1, 3, 4, 3, 5, 2, 1, 2, 4, 2, 2, 1, 5, 5, 5, 2, 1, 2, 2, 1, 2, 1, 3, 4, 1, 3, 1, 1, 2, 3, 1, 1, 2, 2, 2, 1, 1, 1, 1, 2, 1, 2, 1, 1, 1, 1, 1, 1, 1, 2, 1, 2, 1, 3, 2, 1, 1, 3, 1, 1, 2, 1, 1, 1, 1, 2, 1, 1, 1, 1, 3, 1, 1, 1, 1, 1, 2, 1, 1, 2, 1, 1, 1, 1, 1, 1, 2, 2, 1, 1, 1, 1, 1, 1, 2, 1, 1, 1, 1, 1, 1, 1, 1, 1, 2, 1, 2, 1, 1, 1, 1, 1, 1, 2, 3, 3, 3, 3, 2, 2, 1, 2, 3, 1, 2, 2, 1, 1, 3, 1, 2, 1, 2, 3, 3, 1, 2, 1, 3, 1, 1, 1, 2, 1, 3, 1, 1, 1, 1, 2, 2, 1, 1, 1, 1, 1, 3, 2, 2, 2, 1, 1, 2, 1, 1, 1, 1, 2, 2, 1, 1, 2, 1, 1, 3, 1, 1, 2, 1, 3, 2, 1, 3, 1, 1, 2, 1, 1, 1, 1, 1, 2, 1, 1, 1, 1, 1, 3, 1, 1, 1, 1, 2, 2, 1, 1, 2, 3, 1, 1, 1, 2, 1, 2, 1, 2, 1, 1, 3, 1, 1, 2, 1, 1, 1, 2, 2, 1, 1, 1, 1, 1, 2, 3, 1, 3, 3, 1, 1, 1, 1, 1, 1, 1, 2, 1, 1, 1, 1, 3, 2, 1, 1, 1, 1, 3, 2, 1, 1, 1, 1, 1, 1, 1, 1, 1, 1, 2, 3, 1, 1, 1, 3, 3, 1, 3, 1, 2, 2, 1, 2, 2, 1, 1, 1, 2, 1, 1, 1, 1, 2, 1, 1, 1, 1, 1, 2, 3, 2, 2, 2, 1, 1, 1, 1, 1, 2, 1, 1, 1, 2, 1, 3, 1, 3, 1, 1, 1, 1, 3, 1, 1, 1, 1, 2, 2, 2, 1, 1, 2, 1, 1, 1, 1, 1, 2, 1, 3, 1, 3, 3, 1, 2, 2, 1, 1, 2, 1, 2, 1, 2, 3, 3, 2, 2, 2, 1, 3, 2, 1, 2, 3, 2, 2, 1, 2, 3, 1, 2, 1, 2, 2, 1, 1, 2, 3, 1, 2, 2, 3, 2, 2, 1, 1, 1, 1, 1, 1, 2, 2, 3, 1, 1, 1, 1, 1, 1, 1, 1, 1, 2, 2, 2, 3, 1, 3, 1, 2, 1, 1, 1, 2, 2, 1, 1, 1, 1, 1, 1, 1, 1, 3, 2, 1, 1, 2, 1, 1, 1, 1, 3, 1, 1, 1, 1, 3, 1, 1, 2, 1, 1, 2, 1, 1, 2, 1, 2, 3, 1, 1, 3, 1, 1, 1, 1, 1, 1, 1, 3, 3, 1, 1, 1, 2, 3]

【零件加工顺序记录】
----------------------------------------------------------------------------------------------------
工件号      工序号             机器号             开始时间            结束时间            加工时长           
----------------------------------------------------------------------------------------------------

工件 0:
  0        0               打印机4            0.00            35554.00        35554.00       
  0        1               批处理机2           35554.00        36384.00        830.00         
  0        2               离散机4            37371.00        38421.00        1050.00        
  0        3               离散机4            38421.00        39632.00        1211.00        
  0        4               离散机8            41266.00        42343.00        1077.00        
  0        5               离散机4            68208.51        69413.51        1205.00        

工件 1:
  1        0               打印机1            8988.28         25304.14        16315.86       
  1        1               批处理机2           25304.14        26134.14        830.00         
  1        2               离散机8            27689.14        29327.14        1638.00        
  1        3               离散机8            30908.14        32197.14        1289.00        
  1        4               离散机6            32197.14        33858.14        1661.00        
  1        5               离散机10           33858.14        35123.14        1265.00        
  1        6               离散机1            35669.14        36951.14        1282.00        
  1        7               离散机2            39823.17        41089.17        1266.00        

工件 2:
  2        0               打印机5            0.00            40673.85        40673.85       
  2        1               批处理机2           40673.85        41503.85        830.00         
  2        2               离散机4            41503.85        42439.85        936.00         
  2        3               离散机8            42439.85        43845.85        1406.00        
  2        4               离散机10           47754.85        48892.85        1138.00        
  2        5               离散机7            49396.44        50936.44        1540.00        

工件 3:
  3        0               打印机2            44324.44        53159.51        8835.06        
  3        1               批处理机2           53159.51        53989.51        830.00         
  3        2               离散机4            53989.51        55655.51        1666.00        
  3        3               离散机4            55655.51        57442.51        1787.00        
  3        4               离散机5            57442.51        59212.51        1770.00        
  3        5               离散机10           59212.51        60947.51        1735.00        
  3        6               离散机6            63237.51        64676.51        1439.00        
  3        7               离散机1            65426.51        66553.51        1127.00        
  3        8               离散机8            66825.97        67844.97        1019.00        
  3        9               离散机5            70741.97        72346.97        1605.00        

工件 4:
  4        0               打印机5            0.00            40673.85        40673.85       
  4        1               批处理机2           40673.85        41503.85        830.00         
  4        2               离散机10           56455.85        58160.85        1705.00        

工件 5:
  5        0               打印机4            0.00            35554.00        35554.00       
  5        1               批处理机2           35554.00        36384.00        830.00         
  5        2               离散机1            40237.00        41393.00        1156.00        

工件 6:
  6        0               打印机2            0.00            23316.54        23316.54       
  6        1               批处理机2           23316.54        24146.54        830.00         
  6        2               离散机10           25300.54        26913.54        1613.00        
  6        3               离散机6            27028.54        28728.54        1700.00        
  6        4               离散机7            29209.54        30864.54        1655.00        
  6        5               离散机5            30864.54        32150.54        1286.00        
  6        6               离散机6            57579.97        59229.97        1650.00        
  6        7               离散机6            59229.97        60177.97        948.00         

工件 7:
  7        0               打印机2            0.00            23316.54        23316.54       
  7        1               批处理机2           23316.54        24146.54        830.00         
  7        2               离散机4            26966.54        28707.54        1741.00        
  7        3               离散机8            37075.14        38038.14        963.00         

工件 8:
  8        0               打印机5            40673.85        54727.97        14054.13       
  8        1               批处理机2           54727.97        55557.97        830.00         
  8        2               离散机4            57442.51        58690.51        1248.00        
  8        3               离散机4            58690.51        60387.51        1697.00        
  8        4               离散机6            60387.51        61602.51        1215.00        
  8        5               离散机1            61602.51        62796.51        1194.00        
  8        6               离散机8            64499.97        65542.97        1043.00        
  8        7               离散机5            65542.97        66625.97        1083.00        

工件 9:
  9        0               打印机3            0.00            12478.38        12478.38       
  9        1               批处理机2           12478.38        13308.38        830.00         
  9        2               离散机3            17095.28        18072.28        977.00         
  9        3               离散机6            28728.54        29713.54        985.00         
  9        4               离散机3            32045.14        33705.14        1660.00        
  9        5               离散机10           35123.14        36037.14        914.00         
  9        6               离散机4            49929.44        51214.44        1285.00        
  9        7               离散机10           63198.51        64864.51        1666.00        

工件 10:
  10       0               打印机5            0.00            40673.85        40673.85       
  10       1               批处理机2           40673.85        41503.85        830.00         
  10       2               离散机3            41503.85        42650.85        1147.00        
  10       3               离散机5            43517.85        44668.85        1151.00        
  10       4               离散机3            65608.97        66917.97        1309.00        
  10       5               离散机4            71926.51        73320.51        1394.00        

工件 11:
  11       0               打印机1            0.00            8988.28         8988.28        
  11       1               批处理机2           8988.28         9818.28         830.00         
  11       2               离散机6            9818.28         11167.28        1349.00        
  11       3               离散机3            14123.28        15331.28        1208.00        
  11       4               离散机8            15331.28        16720.28        1389.00        
  11       5               离散机6            16720.28        18394.28        1674.00        
  11       6               离散机3            19360.28        20896.28        1536.00        
  11       7               离散机2            21608.28        22840.28        1232.00        
  11       8               离散机3            35314.14        36305.14        991.00         
  11       9               离散机3            53052.85        53953.85        901.00         

工件 12:
  12       0               打印机2            0.00            23316.54        23316.54       
  12       1               批处理机2           23316.54        24146.54        830.00         
  12       2               离散机3            28946.28        30386.28        1440.00        

工件 13:
  13       0               打印机1            0.00            8988.28         8988.28        
  13       1               批处理机2           8988.28         9818.28         830.00         
  13       2               离散机8            12471.28        13675.28        1204.00        
  13       3               离散机3            15331.28        17095.28        1764.00        
  13       4               离散机2            17163.38        18540.38        1377.00        
  13       5               离散机6            21102.28        22197.28        1095.00        
  13       6               离散机7            22197.28        23586.28        1389.00        
  13       7               离散机8            24832.28        25995.28        1163.00        
  13       8               离散机2            31009.14        31995.14        986.00         
  13       9               离散机3            69088.97        70713.97        1625.00        

工件 14:
  14       0               打印机1            0.00            8988.28         8988.28        
  14       1               批处理机2           8988.28         9818.28         830.00         
  14       2               离散机7            11071.28        12241.28        1170.00        
  14       3               离散机5            12241.28        14035.28        1794.00        
  14       4               离散机4            17711.38        19233.38        1522.00        
  14       5               离散机2            22840.28        24072.28        1232.00        

工件 15:
  15       0               打印机5            0.00            40673.85        40673.85       
  15       1               批处理机2           40673.85        41503.85        830.00         
  15       2               离散机1            41503.85        42786.85        1283.00        
  15       3               离散机2            43508.85        45227.85        1719.00        
  15       4               离散机1            47771.44        48703.44        932.00         
  15       5               离散机10           54086.85        55112.85        1026.00        
  15       6               离散机3            61558.97        63277.97        1719.00        
  15       7               离散机5            64331.51        65535.51        1204.00        
  15       8               离散机5            68204.97        69601.97        1397.00        

工件 16:
  16       0               打印机1            8988.28         25304.14        16315.86       
  16       1               批处理机2           25304.14        26134.14        830.00         
  16       2               离散机8            26134.14        27689.14        1555.00        
  16       3               离散机9            28350.14        29925.14        1575.00        
  16       4               离散机4            30386.14        31561.14        1175.00        
  16       5               离散机9            33067.14        34409.14        1342.00        
  16       6               离散机6            34409.14        35732.14        1323.00        
  16       7               离散机1            43749.85        44934.85        1185.00        
  16       8               离散机7            59609.44        60516.44        907.00         

工件 17:
  17       0               打印机3            0.00            12478.38        12478.38       
  17       1               批处理机2           12478.38        13308.38        830.00         
  17       2               离散机2            13308.38        14625.38        1317.00        
  17       3               离散机4            20619.38        22063.38        1444.00        
  17       4               离散机8            23784.28        24832.28        1048.00        
  17       5               离散机10           39863.17        40764.17        901.00         
  17       6               离散机5            61339.51        62924.51        1585.00        
  17       7               离散机9            65068.97        66137.97        1069.00        
  17       8               离散机7            68764.97        70382.97        1618.00        

工件 18:
  18       0               打印机1            0.00            8988.28         8988.28        
  18       1               批处理机2           8988.28         9818.28         830.00         
  18       2               离散机2            9818.28         10915.28        1097.00        
  18       3               离散机4            11519.28        12427.28        908.00         
  18       4               离散机4            16318.38        17711.38        1393.00        
  18       5               离散机5            17711.38        19108.38        1397.00        
  18       6               离散机10           19108.38        20724.38        1616.00        
  18       7               离散机7            30864.54        32275.54        1411.00        
  18       8               离散机5            32275.54        33277.54        1002.00        
  18       9               离散机2            65528.97        66990.97        1462.00        

工件 19:
  19       0               打印机2            0.00            23316.54        23316.54       
  19       1               批处理机2           23316.54        24146.54        830.00         
  19       2               离散机1            24146.54        25885.54        1739.00        
  19       3               离散机7            27948.54        29209.54        1261.00        
  19       4               离散机6            39258.00        40962.00        1704.00        

工件 20:
  20       0               打印机2            44324.44        53159.51        8835.06        
  20       1               批处理机2           53159.51        53989.51        830.00         
  20       2               离散机3            53989.51        55417.51        1428.00        
  20       3               离散机4            61666.51        63421.51        1755.00        
  20       4               离散机7            66451.97        67354.97        903.00         
  20       5               离散机7            67354.97        68764.97        1410.00        

工件 21:
  21       0               打印机1            0.00            8988.28         8988.28        
  21       1               批处理机2           8988.28         9818.28         830.00         
  21       2               离散机9            11037.28        11946.28        909.00         
  21       3               离散机3            23426.28        25146.28        1720.00        
  21       4               离散机10           38485.17        39863.17        1378.00        
  21       5               离散机6            51894.44        53608.44        1714.00        
  21       6               离散机9            66137.97        67109.97        972.00         

工件 22:
  22       0               打印机1            0.00            8988.28         8988.28        
  22       1               批处理机2           8988.28         9818.28         830.00         
  22       2               离散机2            10915.28        11954.28        1039.00        

工件 23:
  23       0               打印机5            0.00            40673.85        40673.85       
  23       1               批处理机2           40673.85        41503.85        830.00         
  23       2               离散机4            42439.85        43887.85        1448.00        
  23       3               离散机9            47635.44        49260.44        1625.00        
  23       4               离散机5            51328.44        52317.44        989.00         
  23       5               离散机2            52558.44        53985.44        1427.00        
  23       6               离散机10           55112.85        56455.85        1343.00        
  23       7               离散机4            67097.51        68208.51        1111.00        
  23       8               离散机2            68655.97        69647.97        992.00         

工件 24:
  24       0               打印机2            23316.54        44324.44        21007.90       
  24       1               批处理机2           44324.44        45154.44        830.00         
  24       2               离散机1            45154.44        46442.44        1288.00        
  24       3               离散机7            46442.44        47365.44        923.00         
  24       4               离散机6            47710.44        48780.44        1070.00        
  24       5               离散机7            55956.44        57239.44        1283.00        
  24       6               离散机1            64255.51        65426.51        1171.00        

工件 25:
  25       0               打印机3            12478.38        41558.70        29080.32       
  25       1               批处理机2           41558.70        42388.70        830.00         
  25       2               离散机8            43845.85        45289.85        1444.00        
  25       3               离散机3            46519.44        47455.44        936.00         
  25       4               离散机2            47455.44        48381.44        926.00         
  25       5               离散机5            49695.44        51328.44        1633.00        
  25       6               离散机9            51328.44        52274.44        946.00         
  25       7               离散机2            56766.44        58214.44        1448.00        
  25       8               离散机5            59212.51        60232.51        1020.00        
  25       9               离散机5            62924.51        64331.51        1407.00        

工件 26:
  26       0               打印机5            40673.85        54727.97        14054.13       
  26       1               批处理机2           54727.97        55557.97        830.00         
  26       2               离散机1            58114.97        59242.97        1128.00        
  26       3               离散机1            59242.97        60349.97        1107.00        
  26       4               离散机8            65542.97        66825.97        1283.00        
  26       5               离散机6            67204.51        68694.51        1490.00        

工件 27:
  27       0               打印机3            41558.70        51270.09        9711.39        
  27       1               批处理机2           51270.09        52100.09        830.00         
  27       2               离散机8            56647.09        58389.09        1742.00        
  27       3               离散机4            64386.51        65487.51        1101.00        
  27       4               离散机3            67932.97        69088.97        1156.00        
  27       5               离散机5            69601.97        70741.97        1140.00        
  27       6               离散机9            70741.97        71864.97        1123.00        

工件 28:
  28       0               打印机3            12478.38        41558.70        29080.32       
  28       1               批处理机2           41558.70        42388.70        830.00         

工件 29:
  29       0               打印机5            0.00            40673.85        40673.85       
  29       1               批处理机2           40673.85        41503.85        830.00         
  29       2               离散机10           67911.51        69158.51        1247.00        

工件 30:
  30       0               打印机4            0.00            35554.00        35554.00       
  30       1               批处理机2           35554.00        36384.00        830.00         
  30       2               离散机7            36384.00        37449.00        1065.00        
  30       3               离散机5            38541.00        40080.00        1539.00        
  30       4               离散机9            44091.00        45137.00        1046.00        
  30       5               离散机5            53516.44        54439.44        923.00         
  30       6               离散机9            60581.97        61993.97        1412.00        
  30       7               离散机8            61993.97        63575.97        1582.00        
  30       8               离散机1            69706.51        71303.51        1597.00        

工件 31:
  31       0               打印机1            0.00            8988.28         8988.28        
  31       1               批处理机2           8988.28         9818.28         830.00         
  31       2               离散机4            9818.28         11519.28        1701.00        
  31       3               离散机1            11519.28        13244.28        1725.00        
  31       4               离散机7            14807.38        15997.38        1190.00        
  31       5               离散机3            20896.28        22278.28        1382.00        
  31       6               离散机5            22278.28        23740.28        1462.00        
  31       7               离散机7            25471.54        26689.54        1218.00        
  31       8               离散机9            29925.14        31515.14        1590.00        
  31       9               离散机7            33376.54        35012.54        1636.00        

工件 32:
  32       0               打印机3            0.00            12478.38        12478.38       
  32       1               批处理机2           12478.38        13308.38        830.00         
  32       2               离散机4            13308.38        14425.38        1117.00        
  32       3               离散机8            16720.28        17739.28        1019.00        
  32       4               离散机9            17739.28        18763.28        1024.00        
  32       5               离散机1            18836.38        20591.38        1755.00        
  32       6               离散机4            32767.14        33855.14        1088.00        
  32       7               离散机10           42241.17        43420.17        1179.00        
  32       8               离散机6            55190.44        56497.44        1307.00        

工件 33:
  33       0               打印机2            0.00            23316.54        23316.54       
  33       1               批处理机2           23316.54        24146.54        830.00         
  33       2               离散机2            29542.14        31009.14        1467.00        
  33       3               离散机2            31995.14        32977.14        982.00         

工件 34:
  34       0               打印机1            0.00            8988.28         8988.28        
  34       1               批处理机2           8988.28         9818.28         830.00         
  34       2               离散机8            9818.28         11230.28        1412.00        
  34       3               离散机1            13244.28        14444.28        1200.00        
  34       4               离散机8            19129.28        20835.28        1706.00        
  34       5               离散机10           20835.28        22366.28        1531.00        
  34       6               离散机6            29713.54        30818.54        1105.00        
  34       7               离散机3            43858.85        45058.85        1200.00        
  34       8               离散机3            51484.85        53052.85        1568.00        
  34       9               离散机6            70910.51        72073.51        1163.00        

工件 35:
  35       0               打印机5            0.00            40673.85        40673.85       
  35       1               批处理机2           40673.85        41503.85        830.00         
  35       2               离散机6            46202.44        47710.44        1508.00        
  35       3               离散机9            49260.44        50598.44        1338.00        
  35       4               离散机2            51101.44        52558.44        1457.00        
  35       5               离散机1            56598.97        58114.97        1516.00        
  35       6               离散机10           60947.51        62173.51        1226.00        
  35       7               离散机8            67844.97        68754.97        910.00         

工件 36:
  36       0               打印机5            0.00            40673.85        40673.85       
  36       1               批处理机2           40673.85        41503.85        830.00         
  36       2               离散机1            42786.85        43749.85        963.00         

工件 37:
  37       0               打印机5            0.00            40673.85        40673.85       
  37       1               批处理机2           40673.85        41503.85        830.00         
  37       2               离散机2            48381.44        49432.44        1051.00        
  37       3               离散机9            52274.44        53958.44        1684.00        
  37       4               离散机8            63575.97        64499.97        924.00         

工件 38:
  38       0               打印机1            0.00            8988.28         8988.28        
  38       1               批处理机2           8988.28         9818.28         830.00         
  38       2               离散机1            9818.28         11325.28        1507.00        
  38       3               离散机7            12241.28        13147.28        906.00         

工件 39:
  39       0               打印机4            0.00            35554.00        35554.00       
  39       1               批处理机2           35554.00        36384.00        830.00         
  39       2               离散机3            38728.00        40270.00        1542.00        
  39       3               离散机4            44937.85        46637.85        1700.00        
  39       4               离散机8            55109.09        56647.09        1538.00        
  39       5               离散机2            58214.44        59937.44        1723.00        

工件 40:
  40       0               打印机2            0.00            23316.54        23316.54       
  40       1               批处理机2           23316.54        24146.54        830.00         

工件 41:
  41       0               打印机2            23316.54        44324.44        21007.90       
  41       1               批处理机2           44324.44        45154.44        830.00         
  41       2               离散机9            45154.44        46427.44        1273.00        
  41       3               离散机3            47455.44        48635.44        1180.00        
  41       4               离散机7            50936.44        51918.44        982.00         
  41       5               离散机7            51918.44        53304.44        1386.00        
  41       6               离散机3            55417.51        56345.51        928.00         
  41       7               离散机8            61004.09        61972.09        968.00         

工件 42:
  42       0               打印机1            8988.28         25304.14        16315.86       
  42       1               批处理机2           25304.14        26134.14        830.00         
  42       2               离散机1            29335.14        30901.14        1566.00        
  42       3               离散机10           30901.14        32207.14        1306.00        
  42       4               离散机10           32207.14        33779.14        1572.00        
  42       5               离散机2            33779.14        35398.14        1619.00        
  42       6               离散机8            36171.14        37075.14        904.00         
  42       7               离散机3            40270.00        41472.00        1202.00        
  42       8               离散机2            55447.44        56766.44        1319.00        
  42       9               离散机2            62712.97        63976.97        1264.00        

工件 43:
  43       0               打印机5            0.00            40673.85        40673.85       
  43       1               批处理机2           40673.85        41503.85        830.00         
  43       2               离散机7            41503.85        42970.85        1467.00        
  43       3               离散机10           44741.85        46496.85        1755.00        

工件 44:
  44       0               打印机1            0.00            8988.28         8988.28        
  44       1               批处理机2           8988.28         9818.28         830.00         
  44       2               离散机9            9818.28         11037.28        1219.00        
  44       3               离散机6            22197.28        23631.28        1434.00        
  44       4               离散机10           28265.54        29515.54        1250.00        
  44       5               离散机7            32275.54        33376.54        1101.00        

工件 45:
  45       0               打印机1            0.00            8988.28         8988.28        
  45       1               批处理机2           8988.28         9818.28         830.00         
  45       2               离散机3            11278.28        12803.28        1525.00        
  45       3               离散机2            14625.38        16002.38        1377.00        
  45       4               离散机1            16002.38        17187.38        1185.00        
  45       5               离散机3            18072.28        19360.28        1288.00        
  45       6               离散机6            19826.28        21102.28        1276.00        
  45       7               离散机1            21102.28        22558.28        1456.00        
  45       8               离散机4            22558.28        23936.28        1378.00        
  45       9               离散机6            53608.44        55190.44        1582.00        

工件 46:
  46       0               打印机2            0.00            23316.54        23316.54       
  46       1               批处理机2           23316.54        24146.54        830.00         
  46       2               离散机1            30901.14        31954.14        1053.00        
  46       3               离散机1            34573.14        35669.14        1096.00        
  46       4               离散机7            45161.85        46342.85        1181.00        
  46       5               离散机10           58160.85        59196.85        1036.00        

工件 47:
  47       0               打印机5            0.00            40673.85        40673.85       
  47       1               批处理机2           40673.85        41503.85        830.00         
  47       2               离散机8            46303.85        47886.85        1583.00        
  47       3               离散机1            50416.44        51341.44        925.00         

工件 48:
  48       0               打印机2            0.00            23316.54        23316.54       
  48       1               批处理机2           23316.54        24146.54        830.00         
  48       2               离散机2            24146.54        25428.54        1282.00        
  48       3               离散机2            27178.14        28126.14        948.00         
  48       4               离散机3            56345.51        57512.51        1167.00        
  48       5               离散机9            71864.97        73184.97        1320.00        

工件 49:
  49       0               打印机2            23316.54        44324.44        21007.90       
  49       1               批处理机2           44324.44        45154.44        830.00         
  49       2               离散机5            45154.44        46750.44        1596.00        
  49       3               离散机4            46750.44        48278.44        1528.00        
  49       4               离散机1            48703.44        50416.44        1713.00        
  49       5               离散机4            70864.51        71926.51        1062.00        

工件 50:
  50       0               打印机1            8988.28         25304.14        16315.86       
  50       1               批处理机2           25304.14        26134.14        830.00         
  50       2               离散机1            26134.14        27830.14        1696.00        
  50       3               离散机2            28126.14        29542.14        1416.00        
  50       4               离散机10           29542.14        30819.14        1277.00        
  50       5               离散机9            57605.97        58997.97        1392.00        
  50       6               离散机7            61619.97        63386.97        1767.00        
  50       7               离散机2            63976.97        65528.97        1552.00        
  50       8               离散机1            66553.51        67458.51        905.00         
  50       9               离散机6            68694.51        69982.51        1288.00        

工件 51:
  51       0               打印机3            0.00            12478.38        12478.38       
  51       1               批处理机2           12478.38        13308.38        830.00         
  51       2               离散机10           15397.28        16726.28        1329.00        

工件 52:
  52       0               打印机5            0.00            40673.85        40673.85       
  52       1               批处理机2           40673.85        41503.85        830.00         

工件 53:
  53       0               打印机2            23316.54        44324.44        21007.90       
  53       1               批处理机2           44324.44        45154.44        830.00         
  53       2               离散机6            64676.51        65913.51        1237.00        

工件 54:
  54       0               打印机2            23316.54        44324.44        21007.90       
  54       1               批处理机2           44324.44        45154.44        830.00         
  54       2               离散机6            45154.44        46202.44        1048.00        
  54       3               离散机2            46202.44        47257.44        1055.00        
  54       4               离散机10           49836.85        51050.85        1214.00        
  54       5               离散机10           51050.85        52739.85        1689.00        
  54       6               离散机5            56040.44        56959.44        919.00         

工件 55:
  55       0               打印机1            0.00            8988.28         8988.28        
  55       1               批处理机2           8988.28         9818.28         830.00         
  55       2               离散机10           9818.28         11378.28        1560.00        
  55       3               离散机1            17187.38        18836.38        1649.00        
  55       4               离散机5            19108.38        20821.38        1713.00        
  55       5               离散机4            35285.14        36338.14        1053.00        

工件 56:
  56       0               打印机3            12478.38        41558.70        29080.32       
  56       1               批处理机2           41558.70        42388.70        830.00         
  56       2               离散机2            42593.85        43508.85        915.00         
  56       3               离散机10           43508.85        44741.85        1233.00        

工件 57:
  57       0               打印机5            0.00            40673.85        40673.85       
  57       1               批处理机2           40673.85        41503.85        830.00         
  57       2               离散机7            42970.85        43905.85        935.00         
  57       3               离散机10           46496.85        47754.85        1258.00        

工件 58:
  58       0               打印机1            0.00            8988.28         8988.28        
  58       1               批处理机2           8988.28         9818.28         830.00         
  58       2               离散机3            9818.28         11278.28        1460.00        
  58       3               离散机6            14869.38        16125.38        1256.00        
  58       4               离散机2            16125.38        17163.38        1038.00        
  58       5               离散机8            17739.28        19129.28        1390.00        
  58       6               离散机9            19129.28        20918.28        1789.00        
  58       7               离散机8            22852.28        23784.28        932.00         
  58       8               离散机9            25510.54        27161.54        1651.00        
  58       9               离散机8            68754.97        69956.97        1202.00        

工件 59:
  59       0               打印机1            25304.14        33775.17        8471.03        
  59       1               批处理机2           33775.17        34605.17        830.00         
  59       2               离散机1            68770.51        69706.51        936.00         

工件 60:
  60       0               打印机1            0.00            8988.28         8988.28        
  60       1               批处理机2           8988.28         9818.28         830.00         
  60       2               离散机6            18394.28        19826.28        1432.00        
  60       3               离散机2            19826.28        21608.28        1782.00        
  60       4               离散机8            21608.28        22852.28        1244.00        
  60       5               离散机1            31954.14        33250.14        1296.00        
  60       6               离散机4            33855.14        35285.14        1430.00        
  60       7               离散机10           40764.17        42241.17        1477.00        
  60       8               离散机8            69956.97        70967.97        1011.00        

工件 61:
  61       0               打印机4            0.00            35554.00        35554.00       
  61       1               批处理机2           35554.00        36384.00        830.00         

工件 62:
  62       0               打印机4            0.00            35554.00        35554.00       
  62       1               批处理机2           35554.00        36384.00        830.00         
  62       2               离散机4            48278.44        49929.44        1651.00        
  62       3               离散机4            52904.44        53967.44        1063.00        

工件 63:
  63       0               打印机3            12478.38        41558.70        29080.32       
  63       1               批处理机2           41558.70        42388.70        830.00         
  63       2               离散机6            44150.85        45091.85        941.00         

工件 64:
  64       0               打印机5            40673.85        54727.97        14054.13       
  64       1               批处理机2           54727.97        55557.97        830.00         
  64       2               离散机1            55557.97        56598.97        1041.00        
  64       3               离散机6            56598.97        57579.97        981.00         
  64       4               离散机3            59978.97        61558.97        1580.00        
  64       5               离散机4            69413.51        70864.51        1451.00        

工件 65:
  65       0               打印机4            0.00            35554.00        35554.00       
  65       1               批处理机2           35554.00        36384.00        830.00         
  65       2               离散机6            36384.00        37404.00        1020.00        
  65       3               离散机9            39883.00        41369.00        1486.00        
  65       4               离散机3            42650.85        43858.85        1208.00        
  65       5               离散机6            50101.44        51894.44        1793.00        

工件 66:
  66       0               打印机2            23316.54        44324.44        21007.90       
  66       1               批处理机2           44324.44        45154.44        830.00         
  66       2               离散机3            45154.44        46519.44        1365.00        
  66       3               离散机7            47365.44        48385.44        1020.00        
  66       4               离散机3            48635.44        49757.44        1122.00        
  66       5               离散机1            53537.85        54497.85        960.00         
  66       6               离散机9            67109.97        68366.97        1257.00        

工件 67:
  67       0               打印机2            44324.44        53159.51        8835.06        
  67       1               批处理机2           53159.51        53989.51        830.00         
  67       2               离散机1            54497.85        55449.85        952.00         

工件 68:
  68       0               打印机3            12478.38        41558.70        29080.32       
  68       1               批处理机2           41558.70        42388.70        830.00         

工件 69:
  69       0               打印机1            0.00            8988.28         8988.28        
  69       1               批处理机2           8988.28         9818.28         830.00         
  69       2               离散机3            22278.28        23426.28        1148.00        
  69       3               离散机10           26913.54        28265.54        1352.00        
  69       4               离散机8            34726.14        36171.14        1445.00        
  69       5               离散机7            38491.00        39763.00        1272.00        
  69       6               离散机8            60007.09        61004.09        997.00         
  69       7               离散机9            61993.97        62998.97        1005.00        
  69       8               离散机1            67458.51        68770.51        1312.00        

工件 70:
  70       0               打印机3            0.00            12478.38        12478.38       
  70       1               批处理机2           12478.38        13308.38        830.00         
  70       2               离散机7            13308.38        14807.38        1499.00        
  70       3               离散机3            25146.28        26462.28        1316.00        
  70       4               离散机3            26462.28        27470.28        1008.00        
  70       5               离散机3            66917.97        67932.97        1015.00        
  70       6               离散机10           69158.51        70293.51        1135.00        

工件 71:
  71       0               打印机3            12478.38        41558.70        29080.32       
  71       1               批处理机2           41558.70        42388.70        830.00         
  71       2               离散机4            43887.85        44937.85        1050.00        
  71       3               离散机9            46427.44        47635.44        1208.00        
  71       4               离散机7            48385.44        49396.44        1011.00        
  71       5               离散机5            52317.44        53516.44        1199.00        
  71       6               离散机2            61145.97        62712.97        1567.00        
  71       7               离散机9            64154.97        65068.97        914.00         
  71       8               离散机5            66625.97        68204.97        1579.00        
  71       9               离散机6            69982.51        70910.51        928.00         

工件 72:
  72       0               打印机4            0.00            35554.00        35554.00       
  72       1               批处理机2           35554.00        36384.00        830.00         
  72       2               离散机4            36384.00        37371.00        987.00         
  72       3               离散机7            37449.00        38491.00        1042.00        
  72       4               离散机4            51214.44        52904.44        1690.00        
  72       5               离散机7            54739.44        55956.44        1217.00        
  72       6               离散机10           70293.51        71276.51        983.00         

工件 73:
  73       0               打印机2            0.00            23316.54        23316.54       
  73       1               批处理机2           23316.54        24146.54        830.00         
  73       2               离散机6            24146.54        25470.54        1324.00        
  73       3               离散机4            25575.54        26966.54        1391.00        
  73       4               离散机8            33467.14        34726.14        1259.00        
  73       5               离散机10           37312.17        38485.17        1173.00        
  73       6               离散机8            39765.00        41266.00        1501.00        

工件 74:
  74       0               打印机1            25304.14        33775.17        8471.03        
  74       1               批处理机2           33775.17        34605.17        830.00         
  74       2               离散机9            34605.17        36265.17        1660.00        
  74       3               离散机10           36265.17        37312.17        1047.00        
  74       4               离散机3            37615.00        38728.00        1113.00        
  74       5               离散机1            38728.00        40237.00        1509.00        
  74       6               离散机5            41151.00        42154.00        1003.00        

工件 75:
  75       0               打印机2            0.00            23316.54        23316.54       
  75       1               批处理机2           23316.54        24146.54        830.00         

工件 76:
  76       0               打印机1            0.00            8988.28         8988.28        
  76       1               批处理机2           8988.28         9818.28         830.00         
  76       2               离散机6            11167.28        12455.28        1288.00        
  76       3               离散机10           12455.28        13940.28        1485.00        
  76       4               离散机8            13940.28        15314.28        1374.00        
  76       5               离散机7            18677.38        19829.38        1152.00        
  76       6               离散机7            19829.38        21148.38        1319.00        
  76       7               离散机3            27470.28        28946.28        1476.00        
  76       8               离散机10           66293.51        67911.51        1618.00        
  76       9               离散机9            69548.97        70579.97        1031.00        

工件 77:
  77       0               打印机4            0.00            35554.00        35554.00       
  77       1               批处理机2           35554.00        36384.00        830.00         
  77       2               离散机2            37125.17        38041.17        916.00         

工件 78:
  78       0               打印机3            0.00            12478.38        12478.38       
  78       1               批处理机2           12478.38        13308.38        830.00         
  78       2               离散机7            15997.38        17292.38        1295.00        
  78       3               离散机10           17292.38        18319.38        1027.00        

工件 79:
  79       0               打印机3            0.00            12478.38        12478.38       
  79       1               批处理机2           12478.38        13308.38        830.00         
  79       2               离散机6            13308.38        14869.38        1561.00        
  79       3               离散机7            17292.38        18677.38        1385.00        
  79       4               离散机4            19233.38        20619.38        1386.00        
  79       5               离散机7            21148.38        22066.38        918.00         
  79       6               离散机10           22366.28        23307.28        941.00         
  79       7               离散机7            35012.54        36183.54        1171.00        

工件 80:
  80       0               打印机5            0.00            40673.85        40673.85       
  80       1               批处理机2           40673.85        41503.85        830.00         

工件 81:
  81       0               打印机3            41558.70        51270.09        9711.39        
  81       1               批处理机2           51270.09        52100.09        830.00         
  81       2               离散机8            52100.09        53090.09        990.00         
  81       3               离散机8            53090.09        54133.09        1043.00        

工件 82:
  82       0               打印机2            44324.44        53159.51        8835.06        
  82       1               批处理机2           53159.51        53989.51        830.00         
  82       2               离散机9            53989.51        55521.51        1532.00        
  82       3               离散机9            56460.97        57605.97        1145.00        
  82       4               离散机3            57605.97        58784.97        1179.00        
  82       5               离散机6            61602.51        63237.51        1635.00        
  82       6               离散机4            63421.51        64386.51        965.00         
  82       7               离散机7            65119.97        66451.97        1332.00        
  82       8               离散机2            66990.97        68655.97        1665.00        

工件 83:
  83       0               打印机4            0.00            35554.00        35554.00       
  83       1               批处理机2           35554.00        36384.00        830.00         
  83       2               离散机3            36384.00        37615.00        1231.00        
  83       3               离散机5            37615.00        38541.00        926.00         
  83       4               离散机9            38541.00        39883.00        1342.00        
  83       5               离散机4            39883.00        41141.00        1258.00        
  83       6               离散机7            43905.85        45161.85        1256.00        
  83       7               离散机7            57239.44        58446.44        1207.00        
  83       8               离散机8            70967.97        72566.97        1599.00        

工件 84:
  84       0               打印机5            0.00            40673.85        40673.85       
  84       1               批处理机2           40673.85        41503.85        830.00         
  84       2               离散机2            41503.85        42593.85        1090.00        
  84       3               离散机5            42593.85        43517.85        924.00         
  84       4               离散机8            47886.85        49078.85        1192.00        
  84       5               离散机8            49078.85        50303.85        1225.00        
  84       6               离散机8            54133.09        55109.09        976.00         
  84       7               离散机9            58997.97        60581.97        1584.00        
  84       8               离散机7            60581.97        61619.97        1038.00        
  84       9               离散机3            64350.97        65608.97        1258.00        

工件 85:
  85       0               打印机1            25304.14        33775.17        8471.03        
  85       1               批处理机2           33775.17        34605.17        830.00         
  85       2               离散机5            34605.17        35757.17        1152.00        
  85       3               离散机2            35757.17        37125.17        1368.00        
  85       4               离散机7            39763.00        41439.00        1676.00        
  85       5               离散机6            48780.44        50101.44        1321.00        
  85       6               离散机7            53304.44        54739.44        1435.00        
  85       7               离散机1            60349.97        61462.97        1113.00        
  85       8               离散机10           62173.51        63198.51        1025.00        

工件 86:
  86       0               打印机1            8988.28         25304.14        16315.86       
  86       1               批处理机2           25304.14        26134.14        830.00         
  86       2               离散机2            26134.14        27178.14        1044.00        
  86       3               离散机9            27178.14        28350.14        1172.00        
  86       4               离散机8            29327.14        30908.14        1581.00        
  86       5               离散机3            30908.14        32045.14        1137.00        
  86       6               离散机9            32045.14        33067.14        1022.00        
  86       7               离散机9            42545.00        44091.00        1546.00        
  86       8               离散机4            65487.51        67097.51        1610.00        
  86       9               离散机9            68366.97        69548.97        1182.00        

工件 87:
  87       0               打印机5            0.00            40673.85        40673.85       
  87       1               批处理机2           40673.85        41503.85        830.00         
  87       2               离散机5            47994.44        49695.44        1701.00        
  87       3               离散机2            53985.44        55447.44        1462.00        
  87       4               离散机8            58389.09        60007.09        1618.00        
  87       5               离散机1            62796.51        64255.51        1459.00        
  87       6               离散机6            65913.51        67204.51        1291.00        

工件 88:
  88       0               打印机4            0.00            35554.00        35554.00       
  88       1               批处理机2           35554.00        36384.00        830.00         
  88       2               离散机5            36384.00        37468.00        1084.00        
  88       3               离散机6            37468.00        39258.00        1790.00        
  88       4               离散机5            40080.00        41151.00        1071.00        

工件 89:
  89       0               打印机5            0.00            40673.85        40673.85       
  89       1               批处理机2           40673.85        41503.85        830.00         
  89       2               离散机6            41503.85        43242.85        1739.00        
  89       3               离散机8            45289.85        46303.85        1014.00        
  89       4               离散机1            46442.44        47771.44        1329.00        
  89       5               离散机8            50303.85        51867.85        1564.00        
  89       6               离散机1            51867.85        53537.85        1670.00        
  89       7               离散机4            60387.51        61666.51        1279.00        
  89       8               离散机9            62998.97        64154.97        1156.00        

工件 90:
  90       0               打印机5            40673.85        54727.97        14054.13       
  90       1               批处理机2           54727.97        55557.97        830.00         
  90       2               离散机9            55557.97        56460.97        903.00         
  90       3               离散机3            58784.97        59978.97        1194.00        
  90       4               离散机2            59978.97        61145.97        1167.00        
  90       5               离散机7            63386.97        65119.97        1733.00        
  90       6               离散机3            70713.97        71622.97        909.00         
  90       7               离散机3            71622.97        73066.97        1444.00        

工件 91:
  91       0               打印机4            0.00            35554.00        35554.00       
  91       1               批处理机2           35554.00        36384.00        830.00         
  91       2               离散机9            36384.00        38106.00        1722.00        
  91       3               离散机8            38106.00        39765.00        1659.00        
  91       4               离散机9            41369.00        42545.00        1176.00        
  91       5               离散机2            49432.44        51101.44        1669.00        
  91       6               离散机7            70382.97        71991.97        1609.00        

工件 92:
  92       0               打印机5            0.00            40673.85        40673.85       
  92       1               批处理机2           40673.85        41503.85        830.00         
  92       2               离散机6            43242.85        44150.85        908.00         
  92       3               离散机5            46750.44        47994.44        1244.00        
  92       4               离散机10           48892.85        49836.85        944.00         
  92       5               离散机3            49836.85        51484.85        1648.00        
  92       6               离散机10           52739.85        54086.85        1347.00        
  92       7               离散机3            63277.97        64350.97        1073.00        

工件 93:
  93       0               打印机1            0.00            8988.28         8988.28        
  93       1               批处理机2           8988.28         9818.28         830.00         
  93       2               离散机8            11230.28        12471.28        1241.00        
  93       3               离散机3            12803.28        14123.28        1320.00        
  93       4               离散机10           14123.28        15397.28        1274.00        
  93       5               离散机6            30818.54        32173.54        1355.00        
  93       6               离散机2            38041.17        39823.17        1782.00        

工件 94:
  94       0               打印机2            0.00            23316.54        23316.54       
  94       1               批处理机2           23316.54        24146.54        830.00         
  94       2               离散机7            24146.54        25471.54        1325.00        
  94       3               离散机1            27830.14        29335.14        1505.00        
  94       4               离散机4            29335.14        30386.14        1051.00        
  94       5               离散机4            31561.14        32767.14        1206.00        
  94       6               离散机3            33705.14        35314.14        1609.00        
  94       7               离散机1            36951.14        38563.14        1612.00        
  94       8               离散机10           64864.51        66293.51        1429.00        

工件 95:
  95       0               打印机2            0.00            23316.54        23316.54       
  95       1               批处理机2           23316.54        24146.54        830.00         
  95       2               离散机9            24146.54        25510.54        1364.00        
  95       3               离散机6            25510.54        27028.54        1518.00        
  95       4               离散机7            27028.54        27948.54        920.00         

工件 96:
  96       0               打印机1            0.00            8988.28         8988.28        
  96       1               批处理机2           8988.28         9818.28         830.00         
  96       2               离散机7            9818.28         11071.28        1253.00        
  96       3               离散机4            14425.38        15398.38        973.00         
  96       4               离散机4            15398.38        16318.38        920.00         

工件 97:
  97       0               打印机2            0.00            23316.54        23316.54       
  97       1               批处理机2           23316.54        24146.54        830.00         
  97       2               离散机4            24146.54        25575.54        1429.00        
  97       3               离散机10           71276.51        72611.51        1335.00        

工件 98:
  98       0               打印机2            0.00            23316.54        23316.54       
  98       1               批处理机2           23316.54        24146.54        830.00         
  98       2               离散机10           24146.54        25300.54        1154.00        
  98       3               离散机8            32197.14        33467.14        1270.00        
  98       4               离散机1            33467.14        34573.14        1106.00        
  98       5               离散机5            54439.44        56040.44        1601.00        
  98       6               离散机7            58446.44        59609.44        1163.00        

工件 99:
  99       0               打印机2            23316.54        44324.44        21007.90       
  99       1               批处理机2           44324.44        45154.44        830.00         
  99       2               离散机5            60232.51        61339.51        1107.00        

【机器加工顺序记录】
----------------------------------------------------------------------------------------------------

打印机1:
工件号      工序号             开始时间            结束时间            加工时长           
--------------------------------------------------------------------------------
  11       0               0.00            8988.28         8988.28        
  13       0               0.00            8988.28         8988.28        
  14       0               0.00            8988.28         8988.28        
  18       0               0.00            8988.28         8988.28        
  21       0               0.00            8988.28         8988.28        
  22       0               0.00            8988.28         8988.28        
  31       0               0.00            8988.28         8988.28        
  34       0               0.00            8988.28         8988.28        
  38       0               0.00            8988.28         8988.28        
  44       0               0.00            8988.28         8988.28        
  45       0               0.00            8988.28         8988.28        
  55       0               0.00            8988.28         8988.28        
  58       0               0.00            8988.28         8988.28        
  60       0               0.00            8988.28         8988.28        
  69       0               0.00            8988.28         8988.28        
  76       0               0.00            8988.28         8988.28        
  93       0               0.00            8988.28         8988.28        
  96       0               0.00            8988.28         8988.28        
  1        0               8988.28         25304.14        16315.86       
  16       0               8988.28         25304.14        16315.86       
  42       0               8988.28         25304.14        16315.86       
  50       0               8988.28         25304.14        16315.86       
  86       0               8988.28         25304.14        16315.86       
  59       0               25304.14        33775.17        8471.03        
  74       0               25304.14        33775.17        8471.03        
  85       0               25304.14        33775.17        8471.03        

  机器利用率: 366.58% (忙碌时间: 268781.38 / 总时间: 73320.51)

打印机2:
工件号      工序号             开始时间            结束时间            加工时长           
--------------------------------------------------------------------------------
  6        0               0.00            23316.54        23316.54       
  7        0               0.00            23316.54        23316.54       
  12       0               0.00            23316.54        23316.54       
  19       0               0.00            23316.54        23316.54       
  33       0               0.00            23316.54        23316.54       
  40       0               0.00            23316.54        23316.54       
  46       0               0.00            23316.54        23316.54       
  48       0               0.00            23316.54        23316.54       
  73       0               0.00            23316.54        23316.54       
  75       0               0.00            23316.54        23316.54       
  94       0               0.00            23316.54        23316.54       
  95       0               0.00            23316.54        23316.54       
  97       0               0.00            23316.54        23316.54       
  98       0               0.00            23316.54        23316.54       
  24       0               23316.54        44324.44        21007.90       
  41       0               23316.54        44324.44        21007.90       
  49       0               23316.54        44324.44        21007.90       
  53       0               23316.54        44324.44        21007.90       
  54       0               23316.54        44324.44        21007.90       
  66       0               23316.54        44324.44        21007.90       
  99       0               23316.54        44324.44        21007.90       
  3        0               44324.44        53159.51        8835.06        
  20       0               44324.44        53159.51        8835.06        
  67       0               44324.44        53159.51        8835.06        
  82       0               44324.44        53159.51        8835.06        

  机器利用率: 693.98% (忙碌时间: 508827.16 / 总时间: 73320.51)

打印机3:
工件号      工序号             开始时间            结束时间            加工时长           
--------------------------------------------------------------------------------
  9        0               0.00            12478.38        12478.38       
  17       0               0.00            12478.38        12478.38       
  32       0               0.00            12478.38        12478.38       
  51       0               0.00            12478.38        12478.38       
  70       0               0.00            12478.38        12478.38       
  78       0               0.00            12478.38        12478.38       
  79       0               0.00            12478.38        12478.38       
  25       0               12478.38        41558.70        29080.32       
  28       0               12478.38        41558.70        29080.32       
  56       0               12478.38        41558.70        29080.32       
  63       0               12478.38        41558.70        29080.32       
  68       0               12478.38        41558.70        29080.32       
  71       0               12478.38        41558.70        29080.32       
  27       0               41558.70        51270.09        9711.39        
  81       0               41558.70        51270.09        9711.39        

  机器利用率: 383.59% (忙碌时间: 281253.35 / 总时间: 73320.51)

打印机4:
工件号      工序号             开始时间            结束时间            加工时长           
--------------------------------------------------------------------------------
  0        0               0.00            35554.00        35554.00       
  5        0               0.00            35554.00        35554.00       
  30       0               0.00            35554.00        35554.00       
  39       0               0.00            35554.00        35554.00       
  61       0               0.00            35554.00        35554.00       
  62       0               0.00            35554.00        35554.00       
  65       0               0.00            35554.00        35554.00       
  72       0               0.00            35554.00        35554.00       
  77       0               0.00            35554.00        35554.00       
  83       0               0.00            35554.00        35554.00       
  88       0               0.00            35554.00        35554.00       
  91       0               0.00            35554.00        35554.00       

  机器利用率: 581.89% (忙碌时间: 426648.00 / 总时间: 73320.51)

打印机5:
工件号      工序号             开始时间            结束时间            加工时长           
--------------------------------------------------------------------------------
  2        0               0.00            40673.85        40673.85       
  4        0               0.00            40673.85        40673.85       
  10       0               0.00            40673.85        40673.85       
  15       0               0.00            40673.85        40673.85       
  23       0               0.00            40673.85        40673.85       
  29       0               0.00            40673.85        40673.85       
  35       0               0.00            40673.85        40673.85       
  36       0               0.00            40673.85        40673.85       
  37       0               0.00            40673.85        40673.85       
  43       0               0.00            40673.85        40673.85       
  47       0               0.00            40673.85        40673.85       
  52       0               0.00            40673.85        40673.85       
  57       0               0.00            40673.85        40673.85       
  80       0               0.00            40673.85        40673.85       
  84       0               0.00            40673.85        40673.85       
  87       0               0.00            40673.85        40673.85       
  89       0               0.00            40673.85        40673.85       
  92       0               0.00            40673.85        40673.85       
  8        0               40673.85        54727.97        14054.13       
  26       0               40673.85        54727.97        14054.13       
  64       0               40673.85        54727.97        14054.13       
  90       0               40673.85        54727.97        14054.13       

  机器利用率: 1075.20% (忙碌时间: 788345.72 / 总时间: 73320.51)

批处理机1:
工件号      工序号             开始时间            结束时间            加工时长           
--------------------------------------------------------------------------------

  机器利用率: 0.00% (忙碌时间: 0.00 / 总时间: 73320.51)

批处理机2:
工件号      工序号             开始时间            结束时间            加工时长           
--------------------------------------------------------------------------------
  11       1               8988.28         9818.28         830.00         
  13       1               8988.28         9818.28         830.00         
  14       1               8988.28         9818.28         830.00         
  18       1               8988.28         9818.28         830.00         
  21       1               8988.28         9818.28         830.00         
  22       1               8988.28         9818.28         830.00         
  31       1               8988.28         9818.28         830.00         
  34       1               8988.28         9818.28         830.00         
  38       1               8988.28         9818.28         830.00         
  44       1               8988.28         9818.28         830.00         
  45       1               8988.28         9818.28         830.00         
  55       1               8988.28         9818.28         830.00         
  58       1               8988.28         9818.28         830.00         
  60       1               8988.28         9818.28         830.00         
  69       1               8988.28         9818.28         830.00         
  76       1               8988.28         9818.28         830.00         
  93       1               8988.28         9818.28         830.00         
  96       1               8988.28         9818.28         830.00         
  9        1               12478.38        13308.38        830.00         
  17       1               12478.38        13308.38        830.00         
  32       1               12478.38        13308.38        830.00         
  51       1               12478.38        13308.38        830.00         
  70       1               12478.38        13308.38        830.00         
  78       1               12478.38        13308.38        830.00         
  79       1               12478.38        13308.38        830.00         
  6        1               23316.54        24146.54        830.00         
  7        1               23316.54        24146.54        830.00         
  12       1               23316.54        24146.54        830.00         
  19       1               23316.54        24146.54        830.00         
  33       1               23316.54        24146.54        830.00         
  40       1               23316.54        24146.54        830.00         
  46       1               23316.54        24146.54        830.00         
  48       1               23316.54        24146.54        830.00         
  73       1               23316.54        24146.54        830.00         
  75       1               23316.54        24146.54        830.00         
  94       1               23316.54        24146.54        830.00         
  95       1               23316.54        24146.54        830.00         
  97       1               23316.54        24146.54        830.00         
  98       1               23316.54        24146.54        830.00         
  1        1               25304.14        26134.14        830.00         
  16       1               25304.14        26134.14        830.00         
  42       1               25304.14        26134.14        830.00         
  50       1               25304.14        26134.14        830.00         
  86       1               25304.14        26134.14        830.00         
  59       1               33775.17        34605.17        830.00         
  74       1               33775.17        34605.17        830.00         
  85       1               33775.17        34605.17        830.00         
  0        1               35554.00        36384.00        830.00         
  5        1               35554.00        36384.00        830.00         
  30       1               35554.00        36384.00        830.00         
  39       1               35554.00        36384.00        830.00         
  61       1               35554.00        36384.00        830.00         
  62       1               35554.00        36384.00        830.00         
  65       1               35554.00        36384.00        830.00         
  72       1               35554.00        36384.00        830.00         
  77       1               35554.00        36384.00        830.00         
  83       1               35554.00        36384.00        830.00         
  88       1               35554.00        36384.00        830.00         
  91       1               35554.00        36384.00        830.00         
  2        1               40673.85        41503.85        830.00         
  4        1               40673.85        41503.85        830.00         
  10       1               40673.85        41503.85        830.00         
  15       1               40673.85        41503.85        830.00         
  23       1               40673.85        41503.85        830.00         
  29       1               40673.85        41503.85        830.00         
  35       1               40673.85        41503.85        830.00         
  36       1               40673.85        41503.85        830.00         
  37       1               40673.85        41503.85        830.00         
  43       1               40673.85        41503.85        830.00         
  47       1               40673.85        41503.85        830.00         
  52       1               40673.85        41503.85        830.00         
  57       1               40673.85        41503.85        830.00         
  80       1               40673.85        41503.85        830.00         
  84       1               40673.85        41503.85        830.00         
  87       1               40673.85        41503.85        830.00         
  89       1               40673.85        41503.85        830.00         
  92       1               40673.85        41503.85        830.00         
  25       1               41558.70        42388.70        830.00         
  28       1               41558.70        42388.70        830.00         
  56       1               41558.70        42388.70        830.00         
  63       1               41558.70        42388.70        830.00         
  68       1               41558.70        42388.70        830.00         
  71       1               41558.70        42388.70        830.00         
  24       1               44324.44        45154.44        830.00         
  41       1               44324.44        45154.44        830.00         
  49       1               44324.44        45154.44        830.00         
  53       1               44324.44        45154.44        830.00         
  54       1               44324.44        45154.44        830.00         
  66       1               44324.44        45154.44        830.00         
  99       1               44324.44        45154.44        830.00         
  27       1               51270.09        52100.09        830.00         
  81       1               51270.09        52100.09        830.00         
  3        1               53159.51        53989.51        830.00         
  20       1               53159.51        53989.51        830.00         
  67       1               53159.51        53989.51        830.00         
  82       1               53159.51        53989.51        830.00         
  8        1               54727.97        55557.97        830.00         
  26       1               54727.97        55557.97        830.00         
  64       1               54727.97        55557.97        830.00         
  90       1               54727.97        55557.97        830.00         

  机器利用率: 113.20% (忙碌时间: 83000.00 / 总时间: 73320.51)

离散机1:
工件号      工序号             开始时间            结束时间            加工时长           
--------------------------------------------------------------------------------
  38       2               9818.28         11325.28        1507.00        
  31       3               11519.28        13244.28        1725.00        
  34       3               13244.28        14444.28        1200.00        
  45       4               16002.38        17187.38        1185.00        
  55       3               17187.38        18836.38        1649.00        
  32       5               18836.38        20591.38        1755.00        
  45       7               21102.28        22558.28        1456.00        
  19       2               24146.54        25885.54        1739.00        
  50       2               26134.14        27830.14        1696.00        
  94       3               27830.14        29335.14        1505.00        
  42       2               29335.14        30901.14        1566.00        
  46       2               30901.14        31954.14        1053.00        
  60       5               31954.14        33250.14        1296.00        
  98       4               33467.14        34573.14        1106.00        
  46       3               34573.14        35669.14        1096.00        
  1        6               35669.14        36951.14        1282.00        
  94       7               36951.14        38563.14        1612.00        
  74       5               38728.00        40237.00        1509.00        
  5        2               40237.00        41393.00        1156.00        
  15       2               41503.85        42786.85        1283.00        
  36       2               42786.85        43749.85        963.00         
  16       7               43749.85        44934.85        1185.00        
  24       2               45154.44        46442.44        1288.00        
  89       4               46442.44        47771.44        1329.00        
  15       4               47771.44        48703.44        932.00         
  49       4               48703.44        50416.44        1713.00        
  47       3               50416.44        51341.44        925.00         
  89       6               51867.85        53537.85        1670.00        
  66       5               53537.85        54497.85        960.00         
  67       2               54497.85        55449.85        952.00         
  64       2               55557.97        56598.97        1041.00        
  35       5               56598.97        58114.97        1516.00        
  26       2               58114.97        59242.97        1128.00        
  26       3               59242.97        60349.97        1107.00        
  85       7               60349.97        61462.97        1113.00        
  8        5               61602.51        62796.51        1194.00        
  87       5               62796.51        64255.51        1459.00        
  24       6               64255.51        65426.51        1171.00        
  3        7               65426.51        66553.51        1127.00        
  50       8               66553.51        67458.51        905.00         
  69       8               67458.51        68770.51        1312.00        
  59       2               68770.51        69706.51        936.00         
  30       8               69706.51        71303.51        1597.00        

  机器利用率: 76.24% (忙碌时间: 55899.00 / 总时间: 73320.51)

离散机2:
工件号      工序号             开始时间            结束时间            加工时长           
--------------------------------------------------------------------------------
  18       2               9818.28         10915.28        1097.00        
  22       2               10915.28        11954.28        1039.00        
  17       2               13308.38        14625.38        1317.00        
  45       3               14625.38        16002.38        1377.00        
  58       4               16125.38        17163.38        1038.00        
  13       4               17163.38        18540.38        1377.00        
  60       3               19826.28        21608.28        1782.00        
  11       7               21608.28        22840.28        1232.00        
  14       5               22840.28        24072.28        1232.00        
  48       2               24146.54        25428.54        1282.00        
  86       2               26134.14        27178.14        1044.00        
  48       3               27178.14        28126.14        948.00         
  50       3               28126.14        29542.14        1416.00        
  33       2               29542.14        31009.14        1467.00        
  13       8               31009.14        31995.14        986.00         
  33       3               31995.14        32977.14        982.00         
  42       5               33779.14        35398.14        1619.00        
  85       3               35757.17        37125.17        1368.00        
  77       2               37125.17        38041.17        916.00         
  93       6               38041.17        39823.17        1782.00        
  1        7               39823.17        41089.17        1266.00        
  84       2               41503.85        42593.85        1090.00        
  56       2               42593.85        43508.85        915.00         
  15       3               43508.85        45227.85        1719.00        
  54       3               46202.44        47257.44        1055.00        
  25       4               47455.44        48381.44        926.00         
  37       2               48381.44        49432.44        1051.00        
  91       5               49432.44        51101.44        1669.00        
  35       4               51101.44        52558.44        1457.00        
  23       5               52558.44        53985.44        1427.00        
  87       3               53985.44        55447.44        1462.00        
  42       8               55447.44        56766.44        1319.00        
  25       7               56766.44        58214.44        1448.00        
  39       5               58214.44        59937.44        1723.00        
  90       4               59978.97        61145.97        1167.00        
  71       6               61145.97        62712.97        1567.00        
  42       9               62712.97        63976.97        1264.00        
  50       7               63976.97        65528.97        1552.00        
  18       9               65528.97        66990.97        1462.00        
  82       8               66990.97        68655.97        1665.00        
  23       8               68655.97        69647.97        992.00         

  机器利用率: 72.96% (忙碌时间: 53497.00 / 总时间: 73320.51)

离散机3:
工件号      工序号             开始时间            结束时间            加工时长           
--------------------------------------------------------------------------------
  58       2               9818.28         11278.28        1460.00        
  45       2               11278.28        12803.28        1525.00        
  93       3               12803.28        14123.28        1320.00        
  11       3               14123.28        15331.28        1208.00        
  13       3               15331.28        17095.28        1764.00        
  9        2               17095.28        18072.28        977.00         
  45       5               18072.28        19360.28        1288.00        
  11       6               19360.28        20896.28        1536.00        
  31       5               20896.28        22278.28        1382.00        
  69       2               22278.28        23426.28        1148.00        
  21       3               23426.28        25146.28        1720.00        
  70       3               25146.28        26462.28        1316.00        
  70       4               26462.28        27470.28        1008.00        
  76       7               27470.28        28946.28        1476.00        
  12       2               28946.28        30386.28        1440.00        
  86       5               30908.14        32045.14        1137.00        
  9        4               32045.14        33705.14        1660.00        
  94       6               33705.14        35314.14        1609.00        
  11       8               35314.14        36305.14        991.00         
  83       2               36384.00        37615.00        1231.00        
  74       4               37615.00        38728.00        1113.00        
  39       2               38728.00        40270.00        1542.00        
  42       7               40270.00        41472.00        1202.00        
  10       2               41503.85        42650.85        1147.00        
  65       4               42650.85        43858.85        1208.00        
  34       7               43858.85        45058.85        1200.00        
  66       2               45154.44        46519.44        1365.00        
  25       3               46519.44        47455.44        936.00         
  41       3               47455.44        48635.44        1180.00        
  66       4               48635.44        49757.44        1122.00        
  92       5               49836.85        51484.85        1648.00        
  34       8               51484.85        53052.85        1568.00        
  11       9               53052.85        53953.85        901.00         
  20       2               53989.51        55417.51        1428.00        
  41       6               55417.51        56345.51        928.00         
  48       4               56345.51        57512.51        1167.00        
  82       4               57605.97        58784.97        1179.00        
  90       3               58784.97        59978.97        1194.00        
  64       4               59978.97        61558.97        1580.00        
  15       6               61558.97        63277.97        1719.00        
  92       7               63277.97        64350.97        1073.00        
  84       9               64350.97        65608.97        1258.00        
  10       4               65608.97        66917.97        1309.00        
  70       5               66917.97        67932.97        1015.00        
  27       4               67932.97        69088.97        1156.00        
  13       9               69088.97        70713.97        1625.00        
  90       6               70713.97        71622.97        909.00         
  90       7               71622.97        73066.97        1444.00        

  机器利用率: 84.99% (忙碌时间: 62312.00 / 总时间: 73320.51)

离散机4:
工件号      工序号             开始时间            结束时间            加工时长           
--------------------------------------------------------------------------------
  31       2               9818.28         11519.28        1701.00        
  18       3               11519.28        12427.28        908.00         
  32       2               13308.38        14425.38        1117.00        
  96       3               14425.38        15398.38        973.00         
  96       4               15398.38        16318.38        920.00         
  18       4               16318.38        17711.38        1393.00        
  14       4               17711.38        19233.38        1522.00        
  79       4               19233.38        20619.38        1386.00        
  17       3               20619.38        22063.38        1444.00        
  45       8               22558.28        23936.28        1378.00        
  97       2               24146.54        25575.54        1429.00        
  73       3               25575.54        26966.54        1391.00        
  7        2               26966.54        28707.54        1741.00        
  94       4               29335.14        30386.14        1051.00        
  16       4               30386.14        31561.14        1175.00        
  94       5               31561.14        32767.14        1206.00        
  32       6               32767.14        33855.14        1088.00        
  60       6               33855.14        35285.14        1430.00        
  55       5               35285.14        36338.14        1053.00        
  72       2               36384.00        37371.00        987.00         
  0        2               37371.00        38421.00        1050.00        
  0        3               38421.00        39632.00        1211.00        
  83       5               39883.00        41141.00        1258.00        
  2        2               41503.85        42439.85        936.00         
  23       2               42439.85        43887.85        1448.00        
  71       2               43887.85        44937.85        1050.00        
  39       3               44937.85        46637.85        1700.00        
  49       3               46750.44        48278.44        1528.00        
  62       2               48278.44        49929.44        1651.00        
  9        6               49929.44        51214.44        1285.00        
  72       4               51214.44        52904.44        1690.00        
  62       3               52904.44        53967.44        1063.00        
  3        2               53989.51        55655.51        1666.00        
  3        3               55655.51        57442.51        1787.00        
  8        2               57442.51        58690.51        1248.00        
  8        3               58690.51        60387.51        1697.00        
  89       7               60387.51        61666.51        1279.00        
  20       3               61666.51        63421.51        1755.00        
  82       6               63421.51        64386.51        965.00         
  27       3               64386.51        65487.51        1101.00        
  86       8               65487.51        67097.51        1610.00        
  23       7               67097.51        68208.51        1111.00        
  0        5               68208.51        69413.51        1205.00        
  64       5               69413.51        70864.51        1451.00        
  49       5               70864.51        71926.51        1062.00        
  10       5               71926.51        73320.51        1394.00        

  机器利用率: 82.51% (忙碌时间: 60494.00 / 总时间: 73320.51)

离散机5:
工件号      工序号             开始时间            结束时间            加工时长           
--------------------------------------------------------------------------------
  14       3               12241.28        14035.28        1794.00        
  18       5               17711.38        19108.38        1397.00        
  55       4               19108.38        20821.38        1713.00        
  31       6               22278.28        23740.28        1462.00        
  6        5               30864.54        32150.54        1286.00        
  18       8               32275.54        33277.54        1002.00        
  85       2               34605.17        35757.17        1152.00        
  88       2               36384.00        37468.00        1084.00        
  83       3               37615.00        38541.00        926.00         
  30       3               38541.00        40080.00        1539.00        
  88       4               40080.00        41151.00        1071.00        
  74       6               41151.00        42154.00        1003.00        
  84       3               42593.85        43517.85        924.00         
  10       3               43517.85        44668.85        1151.00        
  49       2               45154.44        46750.44        1596.00        
  92       3               46750.44        47994.44        1244.00        
  87       2               47994.44        49695.44        1701.00        
  25       5               49695.44        51328.44        1633.00        
  23       4               51328.44        52317.44        989.00         
  71       5               52317.44        53516.44        1199.00        
  30       5               53516.44        54439.44        923.00         
  98       5               54439.44        56040.44        1601.00        
  54       6               56040.44        56959.44        919.00         
  3        4               57442.51        59212.51        1770.00        
  25       8               59212.51        60232.51        1020.00        
  99       2               60232.51        61339.51        1107.00        
  17       6               61339.51        62924.51        1585.00        
  25       9               62924.51        64331.51        1407.00        
  15       7               64331.51        65535.51        1204.00        
  8        7               65542.97        66625.97        1083.00        
  71       8               66625.97        68204.97        1579.00        
  15       8               68204.97        69601.97        1397.00        
  27       5               69601.97        70741.97        1140.00        
  3        9               70741.97        72346.97        1605.00        

  机器利用率: 60.29% (忙碌时间: 44206.00 / 总时间: 73320.51)

离散机6:
工件号      工序号             开始时间            结束时间            加工时长           
--------------------------------------------------------------------------------
  11       2               9818.28         11167.28        1349.00        
  76       2               11167.28        12455.28        1288.00        
  79       2               13308.38        14869.38        1561.00        
  58       3               14869.38        16125.38        1256.00        
  11       5               16720.28        18394.28        1674.00        
  60       2               18394.28        19826.28        1432.00        
  45       6               19826.28        21102.28        1276.00        
  13       5               21102.28        22197.28        1095.00        
  44       3               22197.28        23631.28        1434.00        
  73       2               24146.54        25470.54        1324.00        
  95       3               25510.54        27028.54        1518.00        
  6        3               27028.54        28728.54        1700.00        
  9        3               28728.54        29713.54        985.00         
  34       6               29713.54        30818.54        1105.00        
  93       5               30818.54        32173.54        1355.00        
  1        4               32197.14        33858.14        1661.00        
  16       6               34409.14        35732.14        1323.00        
  65       2               36384.00        37404.00        1020.00        
  88       3               37468.00        39258.00        1790.00        
  19       4               39258.00        40962.00        1704.00        
  89       2               41503.85        43242.85        1739.00        
  92       2               43242.85        44150.85        908.00         
  63       2               44150.85        45091.85        941.00         
  54       2               45154.44        46202.44        1048.00        
  35       2               46202.44        47710.44        1508.00        
  24       4               47710.44        48780.44        1070.00        
  85       5               48780.44        50101.44        1321.00        
  65       5               50101.44        51894.44        1793.00        
  21       5               51894.44        53608.44        1714.00        
  45       9               53608.44        55190.44        1582.00        
  32       8               55190.44        56497.44        1307.00        
  64       3               56598.97        57579.97        981.00         
  6        6               57579.97        59229.97        1650.00        
  6        7               59229.97        60177.97        948.00         
  8        4               60387.51        61602.51        1215.00        
  82       5               61602.51        63237.51        1635.00        
  3        6               63237.51        64676.51        1439.00        
  53       2               64676.51        65913.51        1237.00        
  87       6               65913.51        67204.51        1291.00        
  26       5               67204.51        68694.51        1490.00        
  50       9               68694.51        69982.51        1288.00        
  71       9               69982.51        70910.51        928.00         
  34       9               70910.51        72073.51        1163.00        

  机器利用率: 79.17% (忙碌时间: 58046.00 / 总时间: 73320.51)

离散机7:
工件号      工序号             开始时间            结束时间            加工时长           
--------------------------------------------------------------------------------
  96       2               9818.28         11071.28        1253.00        
  14       2               11071.28        12241.28        1170.00        
  38       3               12241.28        13147.28        906.00         
  70       2               13308.38        14807.38        1499.00        
  31       4               14807.38        15997.38        1190.00        
  78       2               15997.38        17292.38        1295.00        
  79       3               17292.38        18677.38        1385.00        
  76       5               18677.38        19829.38        1152.00        
  76       6               19829.38        21148.38        1319.00        
  79       5               21148.38        22066.38        918.00         
  13       6               22197.28        23586.28        1389.00        
  94       2               24146.54        25471.54        1325.00        
  31       7               25471.54        26689.54        1218.00        
  95       4               27028.54        27948.54        920.00         
  19       3               27948.54        29209.54        1261.00        
  6        4               29209.54        30864.54        1655.00        
  18       7               30864.54        32275.54        1411.00        
  44       5               32275.54        33376.54        1101.00        
  31       9               33376.54        35012.54        1636.00        
  79       7               35012.54        36183.54        1171.00        
  30       2               36384.00        37449.00        1065.00        
  72       3               37449.00        38491.00        1042.00        
  69       5               38491.00        39763.00        1272.00        
  85       4               39763.00        41439.00        1676.00        
  43       2               41503.85        42970.85        1467.00        
  57       2               42970.85        43905.85        935.00         
  83       6               43905.85        45161.85        1256.00        
  46       4               45161.85        46342.85        1181.00        
  24       3               46442.44        47365.44        923.00         
  66       3               47365.44        48385.44        1020.00        
  71       4               48385.44        49396.44        1011.00        
  2        5               49396.44        50936.44        1540.00        
  41       4               50936.44        51918.44        982.00         
  41       5               51918.44        53304.44        1386.00        
  85       6               53304.44        54739.44        1435.00        
  72       5               54739.44        55956.44        1217.00        
  24       5               55956.44        57239.44        1283.00        
  83       7               57239.44        58446.44        1207.00        
  98       6               58446.44        59609.44        1163.00        
  16       8               59609.44        60516.44        907.00         
  84       8               60581.97        61619.97        1038.00        
  50       6               61619.97        63386.97        1767.00        
  90       5               63386.97        65119.97        1733.00        
  82       7               65119.97        66451.97        1332.00        
  20       4               66451.97        67354.97        903.00         
  20       5               67354.97        68764.97        1410.00        
  17       8               68764.97        70382.97        1618.00        
  91       6               70382.97        71991.97        1609.00        

  机器利用率: 82.59% (忙碌时间: 60552.00 / 总时间: 73320.51)

离散机8:
工件号      工序号             开始时间            结束时间            加工时长           
--------------------------------------------------------------------------------
  34       2               9818.28         11230.28        1412.00        
  93       2               11230.28        12471.28        1241.00        
  13       2               12471.28        13675.28        1204.00        
  76       4               13940.28        15314.28        1374.00        
  11       4               15331.28        16720.28        1389.00        
  32       3               16720.28        17739.28        1019.00        
  58       5               17739.28        19129.28        1390.00        
  34       4               19129.28        20835.28        1706.00        
  60       4               21608.28        22852.28        1244.00        
  58       7               22852.28        23784.28        932.00         
  17       4               23784.28        24832.28        1048.00        
  13       7               24832.28        25995.28        1163.00        
  16       2               26134.14        27689.14        1555.00        
  1        2               27689.14        29327.14        1638.00        
  86       4               29327.14        30908.14        1581.00        
  1        3               30908.14        32197.14        1289.00        
  98       3               32197.14        33467.14        1270.00        
  73       4               33467.14        34726.14        1259.00        
  69       4               34726.14        36171.14        1445.00        
  42       6               36171.14        37075.14        904.00         
  7        3               37075.14        38038.14        963.00         
  91       3               38106.00        39765.00        1659.00        
  73       6               39765.00        41266.00        1501.00        
  0        4               41266.00        42343.00        1077.00        
  2        3               42439.85        43845.85        1406.00        
  25       2               43845.85        45289.85        1444.00        
  89       3               45289.85        46303.85        1014.00        
  47       2               46303.85        47886.85        1583.00        
  84       4               47886.85        49078.85        1192.00        
  84       5               49078.85        50303.85        1225.00        
  89       5               50303.85        51867.85        1564.00        
  81       2               52100.09        53090.09        990.00         
  81       3               53090.09        54133.09        1043.00        
  84       6               54133.09        55109.09        976.00         
  39       4               55109.09        56647.09        1538.00        
  27       2               56647.09        58389.09        1742.00        
  87       4               58389.09        60007.09        1618.00        
  69       6               60007.09        61004.09        997.00         
  41       7               61004.09        61972.09        968.00         
  30       7               61993.97        63575.97        1582.00        
  37       4               63575.97        64499.97        924.00         
  8        6               64499.97        65542.97        1043.00        
  26       4               65542.97        66825.97        1283.00        
  3        8               66825.97        67844.97        1019.00        
  35       7               67844.97        68754.97        910.00         
  58       9               68754.97        69956.97        1202.00        
  60       8               69956.97        70967.97        1011.00        
  83       8               70967.97        72566.97        1599.00        

  机器利用率: 83.38% (忙碌时间: 61136.00 / 总时间: 73320.51)

离散机9:
工件号      工序号             开始时间            结束时间            加工时长           
--------------------------------------------------------------------------------
  44       2               9818.28         11037.28        1219.00        
  21       2               11037.28        11946.28        909.00         
  32       4               17739.28        18763.28        1024.00        
  58       6               19129.28        20918.28        1789.00        
  95       2               24146.54        25510.54        1364.00        
  58       8               25510.54        27161.54        1651.00        
  86       3               27178.14        28350.14        1172.00        
  16       3               28350.14        29925.14        1575.00        
  31       8               29925.14        31515.14        1590.00        
  86       6               32045.14        33067.14        1022.00        
  16       5               33067.14        34409.14        1342.00        
  74       2               34605.17        36265.17        1660.00        
  91       2               36384.00        38106.00        1722.00        
  83       4               38541.00        39883.00        1342.00        
  65       3               39883.00        41369.00        1486.00        
  91       4               41369.00        42545.00        1176.00        
  86       7               42545.00        44091.00        1546.00        
  30       4               44091.00        45137.00        1046.00        
  41       2               45154.44        46427.44        1273.00        
  71       3               46427.44        47635.44        1208.00        
  23       3               47635.44        49260.44        1625.00        
  35       3               49260.44        50598.44        1338.00        
  25       6               51328.44        52274.44        946.00         
  37       3               52274.44        53958.44        1684.00        
  82       2               53989.51        55521.51        1532.00        
  90       2               55557.97        56460.97        903.00         
  82       3               56460.97        57605.97        1145.00        
  50       5               57605.97        58997.97        1392.00        
  84       7               58997.97        60581.97        1584.00        
  30       6               60581.97        61993.97        1412.00        
  69       7               61993.97        62998.97        1005.00        
  89       8               62998.97        64154.97        1156.00        
  71       7               64154.97        65068.97        914.00         
  17       7               65068.97        66137.97        1069.00        
  21       6               66137.97        67109.97        972.00         
  66       6               67109.97        68366.97        1257.00        
  86       9               68366.97        69548.97        1182.00        
  76       9               69548.97        70579.97        1031.00        
  27       6               70741.97        71864.97        1123.00        
  48       5               71864.97        73184.97        1320.00        

  机器利用率: 70.52% (忙碌时间: 51706.00 / 总时间: 73320.51)

离散机10:
工件号      工序号             开始时间            结束时间            加工时长           
--------------------------------------------------------------------------------
  55       2               9818.28         11378.28        1560.00        
  76       3               12455.28        13940.28        1485.00        
  93       4               14123.28        15397.28        1274.00        
  51       2               15397.28        16726.28        1329.00        
  78       3               17292.38        18319.38        1027.00        
  18       6               19108.38        20724.38        1616.00        
  34       5               20835.28        22366.28        1531.00        
  79       6               22366.28        23307.28        941.00         
  98       2               24146.54        25300.54        1154.00        
  6        2               25300.54        26913.54        1613.00        
  69       3               26913.54        28265.54        1352.00        
  44       4               28265.54        29515.54        1250.00        
  50       4               29542.14        30819.14        1277.00        
  42       3               30901.14        32207.14        1306.00        
  42       4               32207.14        33779.14        1572.00        
  1        5               33858.14        35123.14        1265.00        
  9        5               35123.14        36037.14        914.00         
  74       3               36265.17        37312.17        1047.00        
  73       5               37312.17        38485.17        1173.00        
  21       4               38485.17        39863.17        1378.00        
  17       5               39863.17        40764.17        901.00         
  60       7               40764.17        42241.17        1477.00        
  32       7               42241.17        43420.17        1179.00        
  56       3               43508.85        44741.85        1233.00        
  43       3               44741.85        46496.85        1755.00        
  57       3               46496.85        47754.85        1258.00        
  2        4               47754.85        48892.85        1138.00        
  92       4               48892.85        49836.85        944.00         
  54       4               49836.85        51050.85        1214.00        
  54       5               51050.85        52739.85        1689.00        
  92       6               52739.85        54086.85        1347.00        
  15       5               54086.85        55112.85        1026.00        
  23       6               55112.85        56455.85        1343.00        
  4        2               56455.85        58160.85        1705.00        
  46       5               58160.85        59196.85        1036.00        
  3        5               59212.51        60947.51        1735.00        
  35       6               60947.51        62173.51        1226.00        
  85       8               62173.51        63198.51        1025.00        
  9        7               63198.51        64864.51        1666.00        
  94       8               64864.51        66293.51        1429.00        
  76       8               66293.51        67911.51        1618.00        
  29       2               67911.51        69158.51        1247.00        
  70       6               69158.51        70293.51        1135.00        
  72       6               70293.51        71276.51        983.00         
  97       3               71276.51        72611.51        1335.00        

  机器利用率: 80.07% (忙碌时间: 58708.00 / 总时间: 73320.51)

【打印批次详细信息】
----------------------------------------------------------------------------------------------------

打印机 1 (尺寸: 982.0 x 484.0 x 597.0):
--------------------------------------------------------------------------------
  批次 1: 零件数=18, 占用率=75.75%
    - 11: 尺寸 73.0 x 98.0 x 27.0
    - 96: 尺寸 173.0 x 129.0 x 98.0
    - 55: 尺寸 186.0 x 122.0 x 87.0
    - 44: 尺寸 306.0 x 136.0 x 85.0
    - 14: 尺寸 244.0 x 217.0 x 15.0
    - 21: 尺寸 73.0 x 71.0 x 64.0
    - 22: 尺寸 174.0 x 115.0 x 15.0
    - 18: 尺寸 179.0 x 125.0 x 64.0
    - 31: 尺寸 136.0 x 106.0 x 13.0
    - 93: 尺寸 160.0 x 252.0 x 33.0
    - 13: 尺寸 62.0 x 105.0 x 92.0
    - 38: 尺寸 212.0 x 80.0 x 11.0
    - 34: 尺寸 166.0 x 78.0 x 50.0
    - 45: 尺寸 138.0 x 133.0 x 26.0
    - 76: 尺寸 138.0 x 134.0 x 36.0
    - 60: 尺寸 96.0 x 172.0 x 28.0
    - 69: 尺寸 80.0 x 142.0 x 33.0
    - 58: 尺寸 130.0 x 76.0 x 16.0
  批次 2: 零件数=5, 占用率=76.69%
    - 86: 尺寸 472.0 x 185.0 x 38.0
    - 1: 尺寸 434.0 x 118.0 x 104.0
    - 50: 尺寸 445.0 x 259.0 x 183.0
    - 16: 尺寸 455.0 x 135.0 x 146.0
    - 42: 尺寸 340.0 x 145.0 x 174.0
  批次 3: 零件数=3, 占用率=52.08%
    - 59: 尺寸 388.0 x 315.0 x 92.0
    - 74: 尺寸 353.0 x 210.0 x 77.0
    - 85: 尺寸 135.0 x 379.0 x 25.0

打印机 2 (尺寸: 1121.0 x 516.0 x 677.0):
--------------------------------------------------------------------------------
  批次 1: 零件数=14, 占用率=92.00%
    - 95: 尺寸 143.0 x 125.0 x 48.0
    - 7: 尺寸 111.0 x 125.0 x 86.0
    - 94: 尺寸 696.0 x 169.0 x 81.0
    - 48: 尺寸 167.0 x 252.0 x 109.0
    - 73: 尺寸 142.0 x 201.0 x 23.0
    - 98: 尺寸 111.0 x 220.0 x 28.0
    - 40: 尺寸 675.0 x 240.0 x 74.0
    - 97: 尺寸 173.0 x 59.0 x 18.0
    - 33: 尺寸 165.0 x 150.0 x 22.0
    - 75: 尺寸 142.0 x 118.0 x 28.0
    - 12: 尺寸 127.0 x 162.0 x 25.0
    - 19: 尺寸 264.0 x 88.0 x 74.0
    - 6: 尺寸 127.0 x 84.0 x 25.0
    - 46: 尺寸 233.0 x 84.0 x 30.0
  批次 2: 零件数=7, 占用率=75.29%
    - 49: 尺寸 432.0 x 141.0 x 18.0
    - 41: 尺寸 424.0 x 201.0 x 54.0
    - 99: 尺寸 215.0 x 218.0 x 52.0
    - 54: 尺寸 474.0 x 221.0 x 98.0
    - 66: 尺寸 336.0 x 208.0 x 56.0
    - 24: 尺寸 84.0 x 306.0 x 12.0
    - 53: 尺寸 213.0 x 198.0 x 21.0
  批次 3: 零件数=4, 占用率=61.86%
    - 20: 尺寸 305.0 x 197.0 x 19.0
    - 3: 尺寸 360.0 x 180.0 x 14.0
    - 67: 尺寸 446.0 x 192.0 x 40.0
    - 82: 尺寸 722.0 x 204.0 x 30.0

打印机 3 (尺寸: 807.0 x 596.0 x 694.0):
--------------------------------------------------------------------------------
  批次 1: 零件数=7, 占用率=82.30%
    - 79: 尺寸 55.0 x 155.0 x 77.0
    - 78: 尺寸 711.0 x 321.0 x 83.0
    - 51: 尺寸 172.0 x 60.0 x 83.0
    - 9: 尺寸 124.0 x 219.0 x 22.0
    - 70: 尺寸 301.0 x 201.0 x 59.0
    - 17: 尺寸 101.0 x 153.0 x 45.0
    - 32: 尺寸 255.0 x 179.0 x 36.0
  批次 2: 零件数=6, 占用率=76.39%
    - 28: 尺寸 383.0 x 322.0 x 20.0
    - 68: 尺寸 393.0 x 162.0 x 157.0
    - 56: 尺寸 390.0 x 144.0 x 60.0
    - 63: 尺寸 156.0 x 123.0 x 161.0
    - 71: 尺寸 132.0 x 271.0 x 17.0
    - 25: 尺寸 456.0 x 152.0 x 197.0
  批次 3: 零件数=2, 占用率=63.34%
    - 27: 尺寸 378.0 x 346.0 x 57.0
    - 81: 尺寸 325.0 x 535.0 x 64.0

打印机 4 (尺寸: 1040.0 x 550.0 x 510.0):
--------------------------------------------------------------------------------
  批次 1: 零件数=12, 占用率=74.03%
    - 30: 尺寸 343.0 x 88.0 x 61.0
    - 91: 尺寸 133.0 x 198.0 x 77.0
    - 39: 尺寸 174.0 x 56.0 x 58.0
    - 72: 尺寸 371.0 x 183.0 x 41.0
    - 88: 尺寸 181.0 x 448.0 x 48.0
    - 65: 尺寸 338.0 x 227.0 x 120.0
    - 61: 尺寸 148.0 x 244.0 x 114.0
    - 0: 尺寸 209.0 x 110.0 x 77.0
    - 62: 尺寸 144.0 x 81.0 x 30.0
    - 77: 尺寸 109.0 x 205.0 x 74.0
    - 83: 尺寸 168.0 x 99.0 x 133.0
    - 5: 尺寸 148.0 x 147.0 x 14.0

打印机 5 (尺寸: 1179.0 x 595.0 x 665.0):
--------------------------------------------------------------------------------
  批次 1: 零件数=18, 占用率=85.57%
    - 35: 尺寸 190.0 x 149.0 x 76.0
    - 10: 尺寸 114.0 x 83.0 x 35.0
    - 47: 尺寸 157.0 x 83.0 x 162.0
    - 29: 尺寸 412.0 x 83.0 x 66.0
    - 43: 尺寸 278.0 x 148.0 x 30.0
    - 23: 尺寸 143.0 x 109.0 x 38.0
    - 15: 尺寸 136.0 x 133.0 x 103.0
    - 84: 尺寸 129.0 x 132.0 x 143.0
    - 57: 尺寸 111.0 x 214.0 x 37.0
    - 89: 尺寸 117.0 x 207.0 x 181.0
    - 52: 尺寸 328.0 x 212.0 x 165.0
    - 87: 尺寸 180.0 x 429.0 x 169.0
    - 92: 尺寸 56.0 x 92.0 x 190.0
    - 80: 尺寸 63.0 x 125.0 x 163.0
    - 36: 尺寸 125.0 x 359.0 x 58.0
    - 4: 尺寸 111.0 x 375.0 x 112.0
    - 37: 尺寸 177.0 x 185.0 x 183.0
    - 2: 尺寸 455.0 x 212.0 x 81.0
  批次 2: 零件数=4, 占用率=75.70%
    - 64: 尺寸 632.0 x 295.0 x 12.0
    - 90: 尺寸 533.0 x 214.0 x 54.0
    - 26: 尺寸 443.0 x 162.0 x 30.0
    - 8: 尺寸 586.0 x 271.0 x 64.0

════════════════════════════════════════════════════════════════
