════════════════════════════════════════════════════════════════
              最优Cmax解的详细调度记录
════════════════════════════════════════════════════════════════

【基本信息】
----------------------------------------------------------------------------------------------------
Cmax (最大完工时间): 69431.14
能耗: 878.45 kWh
装箱质量: 0.2317
批次总数: 14
工件数量: 100
机器数量: 17 (打印机:5, 批处理机:2, 离散机:10)

【染色体编码】
----------------------------------------------------------------------------------------------------
工序序列 (OS): [83, 34, 13, 67, 53, 99, 82, 10, 50, 68, 84, 92, 36, 26, 5, 66, 86, 73, 4, 39, 38, 78, 20, 40, 0, 3, 59, 81, 85, 52, 47, 90, 7, 37, 62, 1, 45, 8, 18, 30, 57, 61, 74, 12, 51, 48, 55, 58, 88, 32, 79, 19, 42, 97, 22, 49, 41, 23, 70, 46, 96, 14, 95, 64, 91, 9, 54, 69, 35, 43, 15, 65, 2, 63, 98, 21, 16, 56, 17, 28, 27, 77, 24, 29, 93, 72, 11, 25, 71, 94, 89, 6, 31, 80, 87, 33, 60, 76, 75, 44, 47, 28, 83, 39, 6, 99, 2, 33, 17, 55, 93, 5, 24, 55, 40, 87, 45, 67, 40, 24, 81, 43, 11, 77, 97, 36, 94, 23, 14, 52, 8, 83, 41, 57, 26, 59, 69, 13, 99, 46, 58, 33, 52, 18, 54, 94, 6, 5, 45, 71, 7, 20, 3, 35, 52, 45, 44, 92, 94, 60, 55, 92, 24, 62, 30, 93, 13, 15, 55, 74, 11, 25, 72, 86, 14, 66, 37, 40, 65, 20, 24, 96, 14, 43, 8, 51, 31, 94, 5, 4, 4, 17, 39, 17, 46, 32, 0, 30, 72, 42, 0, 69, 37, 32, 69, 10, 3, 13, 7, 11, 5, 97, 14, 26, 36, 47, 79, 55, 42, 82, 1, 49, 53, 14, 8, 7, 33, 41, 8, 23, 32, 47, 64, 57, 59, 15, 13, 46, 40, 10, 72, 88, 21, 17, 41, 50, 67, 7, 39, 59, 74, 47, 43, 11, 99, 6, 96, 36, 26, 93, 49, 66, 16, 28, 83, 41, 88, 1, 8, 88, 47, 26, 47, 26, 20, 26, 99, 49, 15, 21, 89, 4, 72, 28, 96, 66, 46, 68, 69, 59, 14, 28, 29, 52, 45, 75, 85, 73, 25, 43, 4, 24, 47, 13, 66, 41, 48, 96, 72, 7, 65, 29, 23, 34, 68, 30, 75, 55, 58, 34, 45, 35, 86, 75, 75, 1, 25, 93, 87, 33, 20, 3, 83, 26, 25, 85, 4, 36, 86, 65, 23, 24, 31, 65, 36, 67, 41, 0, 33, 52, 69, 74, 83, 11, 30, 31, 0, 20, 32, 17, 26, 87, 53, 28, 66, 99, 90, 9, 32, 31, 14, 32, 17, 45, 83, 21, 77, 3, 15, 71, 59, 46, 19, 16, 69, 36, 97, 75, 10, 82, 77, 86, 4, 6, 25, 30, 65, 94, 36, 14, 81, 24, 96, 37, 96, 72, 5, 70, 58, 10, 71, 23, 39, 10, 17, 13, 31, 30, 23, 15, 3, 33, 91, 99, 78, 5, 34, 8, 40, 58, 72, 43, 30, 96, 69, 94, 25, 67, 15, 89, 68, 45, 52, 12, 9, 30, 23, 46]
机器选择 (MS): [5, 2, 4, 4, 5, 1, 2, 5, 2, 1, 4, 4, 2, 3, 1, 2, 1, 2, 4, 2, 5, 1, 5, 1, 3, 2, 2, 1, 1, 1, 5, 2, 2, 2, 5, 2, 2, 4, 4, 2, 4, 1, 2, 1, 2, 2, 1, 5, 2, 2, 5, 4, 4, 2, 5, 3, 1, 2, 4, 2, 1, 1, 1, 1, 1, 3, 4, 3, 3, 1, 3, 2, 1, 5, 4, 3, 5, 1, 3, 3, 2, 2, 5, 3, 3, 2, 3, 4, 5, 3, 4, 4, 4, 2, 3, 3, 1, 4, 2, 5, 1, 1, 2, 1, 1, 1, 1, 3, 1, 1, 1, 2, 1, 1, 2, 2, 3, 1, 1, 1, 1, 3, 1, 1, 3, 3, 1, 2, 2, 1, 2, 1, 2, 1, 1, 1, 1, 2, 1, 1, 2, 3, 1, 1, 3, 1, 2, 1, 2, 2, 3, 3, 2, 1, 1, 1, 2, 1, 2, 3, 2, 1, 1, 2, 2, 1, 2, 1, 2, 2, 3, 1, 3, 1, 2, 1, 1, 2, 1, 2, 1, 1, 2, 2, 2, 1, 1, 2, 3, 2, 1, 1, 3, 2, 1, 2, 1, 2, 1, 1, 1, 1, 2, 1, 2, 2, 2, 1, 3, 1, 1, 3, 1, 1, 2, 1, 1, 2, 2, 1, 1, 2, 2, 2, 1, 2, 3, 3, 3, 1, 1, 2, 1, 1, 1, 1, 3, 1, 1, 1, 1, 2, 2, 2, 2, 2, 2, 1, 2, 3, 1, 1, 1, 1, 2, 1, 1, 3, 3, 1, 2, 2, 2, 1, 1, 2, 1, 2, 3, 1, 2, 2, 1, 2, 2, 1, 1, 1, 3, 3, 2, 3, 1, 2, 1, 1, 1, 1, 1, 2, 1, 1, 1, 2, 1, 1, 2, 1, 1, 1, 1, 1, 1, 2, 1, 2, 3, 1, 1, 1, 1, 1, 1, 1, 2, 1, 1, 1, 1, 1, 1, 1, 3, 2, 1, 1, 1, 1, 1, 2, 1, 2, 1, 2, 1, 1, 2, 1, 1, 1, 2, 1, 1, 2, 1, 1, 1, 3, 1, 3, 1, 2, 3, 1, 1, 3, 1, 3, 2, 1, 1, 3, 3, 1, 2, 2, 1, 2, 1, 1, 1, 1, 1, 2, 1, 1, 1, 2, 2, 1, 1, 1, 1, 1, 1, 1, 1, 2, 3, 1, 3, 1, 1, 2, 2, 1, 1, 1, 1, 1, 1, 1, 1, 1, 1, 1, 1, 1, 1, 1, 1, 2, 1, 1, 2, 1, 1, 2, 2, 1, 2, 2, 1, 2, 1, 3, 1, 1, 3, 1, 1, 1, 1, 1, 1, 3, 2, 1, 3, 2, 1, 1, 1, 1, 2, 2, 1, 1]

【零件加工顺序记录】
----------------------------------------------------------------------------------------------------
工件号      工序号             机器号             开始时间            结束时间            加工时长           
----------------------------------------------------------------------------------------------------

工件 0:
  0        0               打印机3            0.00            12130.37        12130.37       
  0        1               批处理机2           12130.37        13194.37        1064.00        
  0        2               离散机3            16185.37        17085.37        900.00         
  0        3               离散机2            17782.37        19414.37        1632.00        
  0        4               离散机2            22029.37        23428.37        1399.00        
  0        5               离散机3            23905.37        25397.37        1492.00        

工件 1:
  1        0               打印机2            29156.70        45787.09        16630.39       
  1        1               批处理机2           45787.09        46851.09        1064.00        
  1        2               离散机3            50658.09        51693.09        1035.00        
  1        3               离散机7            51903.09        53685.09        1782.00        
  1        4               离散机2            53688.18        54612.18        924.00         

工件 2:
  2        0               打印机1            44677.95        52331.28        7653.33        
  2        1               批处理机2           52331.28        53395.28        1064.00        
  2        2               离散机10           53395.28        54575.28        1180.00        

工件 3:
  3        0               打印机2            0.00            29156.70        29156.70       
  3        1               批处理机1           29156.70        30266.70        1110.00        
  3        2               离散机1            31450.77        32382.77        932.00         
  3        3               离散机7            33542.88        34671.88        1129.00        
  3        4               离散机2            38504.77        39502.77        998.00         
  3        5               离散机7            43022.00        44113.00        1091.00        
  3        6               离散机2            64182.88        65547.88        1365.00        

工件 4:
  4        0               打印机4            0.00            45405.18        45405.18       
  4        1               批处理机1           45405.18        46515.18        1110.00        
  4        2               离散机1            49465.09        50598.09        1133.00        
  4        3               离散机10           50598.09        51946.09        1348.00        
  4        4               离散机10           54575.28        56278.28        1703.00        
  4        5               离散机8            56910.28        57827.28        917.00         
  4        6               离散机2            59296.88        60318.88        1022.00        
  4        7               离散机6            60318.88        61656.88        1338.00        

工件 5:
  5        0               打印机1            0.00            26550.77        26550.77       
  5        1               批处理机2           26550.77        27614.77        1064.00        
  5        2               离散机1            27614.77        29287.77        1673.00        
  5        3               离散机8            29287.77        30583.77        1296.00        
  5        4               离散机8            30583.77        31839.77        1256.00        
  5        5               离散机2            32385.70        33556.70        1171.00        
  5        6               离散机2            54612.18        55512.18        900.00         
  5        7               离散机8            60177.28        61654.28        1477.00        

工件 6:
  6        0               打印机4            0.00            45405.18        45405.18       
  6        1               批处理机1           45405.18        46515.18        1110.00        
  6        2               离散机6            46515.18        47520.18        1005.00        
  6        3               离散机2            47520.18        49185.18        1665.00        
  6        4               离散机3            52988.09        53944.09        956.00         
  6        5               离散机9            57053.28        58330.28        1277.00        

工件 7:
  7        0               打印机2            0.00            29156.70        29156.70       
  7        1               批处理机1           29156.70        30266.70        1110.00        
  7        2               离散机2            30266.70        31254.70        988.00         
  7        3               离散机8            31839.77        33055.77        1216.00        
  7        4               离散机1            34707.77        35633.77        926.00         
  7        5               离散机2            35633.77        36978.77        1345.00        
  7        6               离散机9            39699.28        41161.28        1462.00        

工件 8:
  8        0               打印机4            0.00            45405.18        45405.18       
  8        1               批处理机1           45405.18        46515.18        1110.00        
  8        2               离散机5            47834.09        49090.09        1256.00        
  8        3               离散机6            49090.09        50117.09        1027.00        
  8        4               离散机2            50380.18        51991.18        1611.00        
  8        5               离散机5            53456.09        54444.09        988.00         
  8        6               离散机1            56111.88        57144.88        1033.00        
  8        7               离散机4            64387.14        66048.14        1661.00        

工件 9:
  9        0               打印机3            0.00            12130.37        12130.37       
  9        1               批处理机2           12130.37        13194.37        1064.00        
  9        2               离散机7            19127.37        20412.37        1285.00        
  9        3               离散机5            20412.37        21325.37        913.00         

工件 10:
  10       0               打印机5            0.00            39797.00        39797.00       
  10       1               批处理机2           39797.00        40861.00        1064.00        
  10       2               离散机6            41847.00        42851.00        1004.00        
  10       3               离散机5            55493.09        56561.09        1068.00        
  10       4               离散机6            57423.09        58939.09        1516.00        
  10       5               离散机2            60318.88        62047.88        1729.00        
  10       6               离散机8            62754.14        64087.14        1333.00        

工件 11:
  11       0               打印机3            0.00            12130.37        12130.37       
  11       1               批处理机2           12130.37        13194.37        1064.00        
  11       2               离散机3            13194.37        14575.37        1381.00        
  11       3               离散机9            14575.37        15691.37        1116.00        
  11       4               离散机3            17085.37        18076.37        991.00         
  11       5               离散机8            18882.37        19820.37        938.00         
  11       6               离散机8            22323.37        23339.37        1016.00        

工件 12:
  12       0               打印机1            0.00            26550.77        26550.77       
  12       1               批处理机2           26550.77        27614.77        1064.00        
  12       2               离散机10           64447.88        65970.88        1523.00        

工件 13:
  13       0               打印机4            0.00            45405.18        45405.18       
  13       1               批处理机1           45405.18        46515.18        1110.00        
  13       2               离散机3            48172.09        49629.09        1457.00        
  13       3               离散机8            49629.09        50667.09        1038.00        
  13       4               离散机5            51780.09        53456.09        1676.00        
  13       5               离散机5            54444.09        55493.09        1049.00        
  13       6               离散机7            55493.09        57104.09        1611.00        
  13       7               离散机2            63201.88        64182.88        981.00         

工件 14:
  14       0               打印机1            0.00            26550.77        26550.77       
  14       1               批处理机2           26550.77        27614.77        1064.00        
  14       2               离散机7            27614.77        28917.77        1303.00        
  14       3               离散机4            29073.77        30297.77        1224.00        
  14       4               离散机6            31415.77        32506.77        1091.00        
  14       5               离散机3            35081.88        36511.88        1430.00        
  14       6               离散机7            36511.88        37632.88        1121.00        
  14       7               离散机8            37632.88        39223.88        1591.00        
  14       8               离散机10           42937.27        44194.27        1257.00        
  14       9               离散机6            51777.09        53104.09        1327.00        

工件 15:
  15       0               打印机3            0.00            12130.37        12130.37       
  15       1               批处理机2           12130.37        13194.37        1064.00        
  15       2               离散机2            16183.37        17782.37        1599.00        
  15       3               离散机3            18076.37        19065.37        989.00         
  15       4               离散机2            20939.37        22029.37        1090.00        
  15       5               离散机7            23596.37        25005.37        1409.00        
  15       6               离散机3            25397.37        26627.37        1230.00        
  15       7               离散机5            26627.37        27540.37        913.00         

工件 16:
  16       0               打印机5            0.00            39797.00        39797.00       
  16       1               批处理机2           39797.00        40861.00        1064.00        
  16       2               离散机2            40861.00        42651.00        1790.00        
  16       3               离散机7            44113.00        45682.00        1569.00        

工件 17:
  17       0               打印机3            12130.37        28894.88        16764.51       
  17       1               批处理机2           28894.88        29958.88        1064.00        
  17       2               离散机10           29958.88        30912.88        954.00         
  17       3               离散机6            32506.77        33744.77        1238.00        
  17       4               离散机9            33744.77        34729.77        985.00         
  17       5               离散机9            37539.28        38545.28        1006.00        
  17       6               离散机5            38545.28        39966.28        1421.00        
  17       7               离散机2            42651.00        43622.00        971.00         
  17       8               离散机6            45506.00        46425.00        919.00         

工件 18:
  18       0               打印机4            0.00            45405.18        45405.18       
  18       1               批处理机1           45405.18        46515.18        1110.00        
  18       2               离散机9            47446.18        48588.18        1142.00        

工件 19:
  19       0               打印机4            0.00            45405.18        45405.18       
  19       1               批处理机1           45405.18        46515.18        1110.00        
  19       2               离散机7            48158.09        49592.09        1434.00        

工件 20:
  20       0               打印机5            0.00            39797.00        39797.00       
  20       1               批处理机2           39797.00        40861.00        1064.00        
  20       2               离散机7            40861.00        42043.00        1182.00        
  20       3               离散机5            42043.00        43268.00        1225.00        
  20       4               离散机4            54413.28        55837.28        1424.00        
  20       5               离散机9            55837.28        57053.28        1216.00        
  20       6               离散机10           59505.28        60425.28        920.00         

工件 21:
  21       0               打印机3            0.00            12130.37        12130.37       
  21       1               批处理机2           12130.37        13194.37        1064.00        
  21       2               离散机7            17573.37        19127.37        1554.00        
  21       3               离散机3            19127.37        20245.37        1118.00        
  21       4               离散机6            20245.37        21810.37        1565.00        

工件 22:
  22       0               打印机5            0.00            39797.00        39797.00       
  22       1               批处理机2           39797.00        40861.00        1064.00        

工件 23:
  23       0               打印机2            0.00            29156.70        29156.70       
  23       1               批处理机1           29156.70        30266.70        1110.00        
  23       2               离散机9            32560.70        33600.70        1040.00        
  23       3               离散机3            37710.27        38807.27        1097.00        
  23       4               离散机6            38807.27        40384.27        1577.00        
  23       5               离散机10           40384.27        41989.27        1605.00        
  23       6               离散机9            51246.18        52343.18        1097.00        
  23       7               离散机5            56561.09        58262.09        1701.00        
  23       8               离散机5            62174.09        63412.09        1238.00        

工件 24:
  24       0               打印机5            0.00            39797.00        39797.00       
  24       1               批处理机2           39797.00        40861.00        1064.00        
  24       2               离散机3            40861.00        42191.00        1330.00        
  24       3               离散机3            42191.00        43590.00        1399.00        
  24       4               离散机5            43590.00        44656.00        1066.00        
  24       5               离散机4            44656.00        46048.00        1392.00        
  24       6               离散机10           46858.00        48035.00        1177.00        
  24       7               离散机8            57827.28        59245.28        1418.00        
  24       8               离散机7            61797.14        63206.14        1409.00        

工件 25:
  25       0               打印机4            45405.18        53633.88        8228.71        
  25       1               批处理机2           53633.88        54697.88        1064.00        
  25       2               离散机3            54697.88        55618.88        921.00         
  25       3               离散机2            55618.88        56944.88        1326.00        
  25       4               离散机10           57652.28        58568.28        916.00         
  25       5               离散机1            61858.88        62904.88        1046.00        
  25       6               离散机9            64862.14        66580.14        1718.00        
  25       7               离散机10           67026.14        68154.14        1128.00        

工件 26:
  26       0               打印机3            0.00            12130.37        12130.37       
  26       1               批处理机2           12130.37        13194.37        1064.00        
  26       2               离散机7            14388.37        16062.37        1674.00        
  26       3               离散机2            19414.37        20939.37        1525.00        
  26       4               离散机7            20939.37        22296.37        1357.00        
  26       5               离散机3            22296.37        23905.37        1609.00        
  26       6               离散机6            23905.37        25184.37        1279.00        
  26       7               离散机9            25184.37        26185.37        1001.00        
  26       8               离散机9            26185.37        27249.37        1064.00        
  26       9               离散机5            28758.77        30254.77        1496.00        

工件 27:
  27       0               打印机2            45787.09        59584.14        13797.05       
  27       1               批处理机2           59584.14        60648.14        1064.00        

工件 28:
  28       0               打印机3            0.00            12130.37        12130.37       
  28       1               批处理机2           12130.37        13194.37        1064.00        
  28       2               离散机2            13194.37        14530.37        1336.00        
  28       3               离散机6            14634.37        15625.37        991.00         
  28       4               离散机10           18701.37        19909.37        1208.00        
  28       5               离散机7            22296.37        23596.37        1300.00        
  28       6               离散机6            25184.37        26215.37        1031.00        

工件 29:
  29       0               打印机3            0.00            12130.37        12130.37       
  29       1               批处理机2           12130.37        13194.37        1064.00        
  29       2               离散机9            18235.37        19910.37        1675.00        
  29       3               离散机8            19910.37        21089.37        1179.00        

工件 30:
  30       0               打印机2            45787.09        59584.14        13797.05       
  30       1               批处理机2           59584.14        60648.14        1064.00        
  30       2               离散机9            60648.14        61747.14        1099.00        
  30       3               离散机8            61747.14        62754.14        1007.00        
  30       4               离散机3            62754.14        63673.14        919.00         
  30       5               离散机5            63673.14        64597.14        924.00         
  30       6               离散机5            64597.14        65771.14        1174.00        
  30       7               离散机5            65771.14        66914.14        1143.00        
  30       8               离散机4            66914.14        68291.14        1377.00        
  30       9               离散机7            68291.14        69431.14        1140.00        

工件 31:
  31       0               打印机4            45405.18        53633.88        8228.71        
  31       1               批处理机2           53633.88        54697.88        1064.00        
  31       2               离散机1            54697.88        56111.88        1414.00        
  31       3               离散机8            59245.28        60177.28        932.00         
  31       4               离散机3            61305.88        62628.88        1323.00        
  31       5               离散机9            63153.14        64862.14        1709.00        
  31       6               离散机9            66580.14        67747.14        1167.00        

工件 32:
  32       0               打印机2            0.00            29156.70        29156.70       
  32       1               批处理机1           29156.70        30266.70        1110.00        
  32       2               离散机2            31254.70        32385.70        1131.00        
  32       3               离散机5            32385.70        33791.70        1406.00        
  32       4               离散机5            33791.70        34999.70        1208.00        
  32       5               离散机6            44306.00        45506.00        1200.00        
  32       6               离散机5            45808.00        46813.00        1005.00        
  32       7               离散机10           48035.00        49111.00        1076.00        

工件 33:
  33       0               打印机3            0.00            12130.37        12130.37       
  33       1               批处理机2           12130.37        13194.37        1064.00        
  33       2               离散机7            13194.37        14388.37        1194.00        
  33       3               离散机5            14388.37        15452.37        1064.00        
  33       4               离散机9            17212.37        18235.37        1023.00        
  33       5               离散机9            20984.37        22140.37        1156.00        
  33       6               离散机5            22140.37        23079.37        939.00         
  33       7               离散机10           23079.37        24486.37        1407.00        

工件 34:
  34       0               打印机2            0.00            29156.70        29156.70       
  34       1               批处理机1           29156.70        30266.70        1110.00        
  34       2               离散机2            33556.70        35219.70        1663.00        
  34       3               离散机1            44469.00        45863.00        1394.00        
  34       4               离散机9            67747.14        69232.14        1485.00        

工件 35:
  35       0               打印机3            0.00            12130.37        12130.37       
  35       1               批处理机2           12130.37        13194.37        1064.00        
  35       2               离散机8            14400.37        16118.37        1718.00        
  35       3               离散机1            16118.37        17219.37        1101.00        

工件 36:
  36       0               打印机2            0.00            29156.70        29156.70       
  36       1               批处理机1           29156.70        30266.70        1110.00        
  36       2               离散机9            31566.70        32560.70        994.00         
  36       3               离散机10           34700.88        35706.88        1006.00        
  36       4               离散机4            35706.88        36995.88        1289.00        
  36       5               离散机8            39223.88        40639.88        1416.00        
  36       6               离散机10           41989.27        42937.27        948.00         
  36       7               离散机7            49592.09        50613.09        1021.00        
  36       8               离散机4            61864.28        62846.28        982.00         

工件 37:
  37       0               打印机2            29156.70        45787.09        16630.39       
  37       1               批处理机2           45787.09        46851.09        1064.00        
  37       2               离散机1            46851.09        48009.09        1158.00        
  37       3               离散机5            50579.09        51780.09        1201.00        
  37       4               离散机6            53104.09        54295.09        1191.00        

工件 38:
  38       0               打印机5            0.00            39797.00        39797.00       
  38       1               批处理机2           39797.00        40861.00        1064.00        

工件 39:
  39       0               打印机2            0.00            29156.70        29156.70       
  39       1               批处理机1           29156.70        30266.70        1110.00        
  39       2               离散机9            30266.70        31566.70        1300.00        
  39       3               离散机10           33762.88        34700.88        938.00         
  39       4               离散机2            36978.77        38504.77        1526.00        
  39       5               离散机10           44194.27        45620.27        1426.00        

工件 40:
  40       0               打印机1            0.00            26550.77        26550.77       
  40       1               批处理机2           26550.77        27614.77        1064.00        
  40       2               离散机8            27614.77        28725.77        1111.00        
  40       3               离散机9            28725.77        30035.77        1310.00        
  40       4               离散机6            30035.77        31415.77        1380.00        
  40       5               离散机9            34729.77        35647.77        918.00         
  40       6               离散机4            39220.28        40541.28        1321.00        

工件 41:
  41       0               打印机1            35191.28        44677.95        9486.67        
  41       1               批处理机2           44677.95        45741.95        1064.00        
  41       2               离散机7            45741.95        46762.95        1021.00        
  41       3               离散机2            51991.18        53688.18        1697.00        
  41       4               离散机9            54596.28        55797.28        1201.00        
  41       5               离散机8            55797.28        56910.28        1113.00        
  41       6               离散机7            57104.09        58376.09        1272.00        
  41       7               离散机5            58376.09        59646.09        1270.00        

工件 42:
  42       0               打印机4            0.00            45405.18        45405.18       
  42       1               批处理机1           45405.18        46515.18        1110.00        
  42       2               离散机4            48236.09        49631.09        1395.00        
  42       3               离散机10           51946.09        53143.09        1197.00        

工件 43:
  43       0               打印机1            35191.28        44677.95        9486.67        
  43       1               批处理机2           44677.95        45741.95        1064.00        
  43       2               离散机3            45741.95        46779.95        1038.00        
  43       3               离散机1            48009.09        49465.09        1456.00        
  43       4               离散机3            51693.09        52988.09        1295.00        
  43       5               离散机1            53554.09        54650.09        1096.00        
  43       6               离散机6            58939.09        59976.09        1037.00        

工件 44:
  44       0               打印机5            0.00            39797.00        39797.00       
  44       1               批处理机2           39797.00        40861.00        1064.00        
  44       2               离散机6            40861.00        41847.00        986.00         

工件 45:
  45       0               打印机2            29156.70        45787.09        16630.39       
  45       1               批处理机2           45787.09        46851.09        1064.00        
  45       2               离散机3            46851.09        48172.09        1321.00        
  45       3               离散机8            48172.09        49365.09        1193.00        
  45       4               离散机5            49365.09        50579.09        1214.00        
  45       5               离散机8            52953.09        54450.09        1497.00        
  45       6               离散机6            54450.09        55960.09        1510.00        
  45       7               离散机1            58289.88        59246.88        957.00         
  45       8               离散机9            59398.28        60309.28        911.00         

工件 46:
  46       0               打印机2            0.00            29156.70        29156.70       
  46       1               批处理机1           29156.70        30266.70        1110.00        
  46       2               离散机1            30405.77        31450.77        1045.00        
  46       3               离散机6            33744.77        34747.77        1003.00        
  46       4               离散机3            39752.27        40838.27        1086.00        
  46       5               离散机1            40838.27        41774.27        936.00         
  46       6               离散机1            41774.27        42846.27        1072.00        
  46       7               离散机3            67003.14        68237.14        1234.00        

工件 47:
  47       0               打印机5            0.00            39797.00        39797.00       
  47       1               批处理机2           39797.00        40861.00        1064.00        
  47       2               离散机8            40861.00        42132.00        1271.00        
  47       3               离散机5            44656.00        45808.00        1152.00        
  47       4               离散机10           45808.00        46858.00        1050.00        
  47       5               离散机9            49657.18        51246.18        1589.00        
  47       6               离散机3            56748.88        58191.88        1443.00        
  47       7               离散机2            58191.88        59296.88        1105.00        
  47       8               离散机1            59296.88        60603.88        1307.00        

工件 48:
  48       0               打印机2            0.00            29156.70        29156.70       
  48       1               批处理机1           29156.70        30266.70        1110.00        
  48       2               离散机10           36834.88        38273.88        1439.00        

工件 49:
  49       0               打印机3            12130.37        28894.88        16764.51       
  49       1               批处理机2           28894.88        29958.88        1064.00        
  49       2               离散机6            34747.77        36196.77        1449.00        
  49       3               离散机6            36196.77        37142.77        946.00         
  49       4               离散机7            37632.88        39183.88        1551.00        

工件 50:
  50       0               打印机2            0.00            29156.70        29156.70       
  50       1               批处理机1           29156.70        30266.70        1110.00        
  50       2               离散机10           35706.88        36834.88        1128.00        

工件 51:
  51       0               打印机2            0.00            29156.70        29156.70       
  51       1               批处理机1           29156.70        30266.70        1110.00        
  51       2               离散机4            32200.77        33363.77        1163.00        

工件 52:
  52       0               打印机1            0.00            26550.77        26550.77       
  52       1               批处理机2           26550.77        27614.77        1064.00        
  52       2               离散机1            29287.77        30405.77        1118.00        
  52       3               离散机4            30405.77        32200.77        1795.00        
  52       4               离散机1            32382.77        33404.77        1022.00        
  52       5               离散机1            35633.77        37188.77        1555.00        
  52       6               离散机2            39502.77        40517.77        1015.00        
  52       7               离散机10           63524.88        64447.88        923.00         

工件 53:
  53       0               打印机5            0.00            39797.00        39797.00       
  53       1               批处理机2           39797.00        40861.00        1064.00        
  53       2               离散机7            42043.00        43022.00        979.00         
  53       3               离散机9            44105.28        45135.28        1030.00        

工件 54:
  54       0               打印机4            0.00            45405.18        45405.18       
  54       1               批处理机1           45405.18        46515.18        1110.00        
  54       2               离散机2            46515.18        47474.18        959.00         

工件 55:
  55       0               打印机1            0.00            26550.77        26550.77       
  55       1               批处理机2           26550.77        27614.77        1064.00        
  55       2               离散机4            27614.77        29073.77        1459.00        
  55       3               离散机10           30912.88        32374.88        1462.00        
  55       4               离散机7            32374.88        33542.88        1168.00        
  55       5               离散机3            33542.88        35081.88        1539.00        
  55       6               离散机8            35081.88        36291.88        1210.00        
  55       7               离散机1            38223.77        39621.77        1398.00        

工件 56:
  56       0               打印机1            35191.28        44677.95        9486.67        
  56       1               批处理机2           44677.95        45741.95        1064.00        

工件 57:
  57       0               打印机4            0.00            45405.18        45405.18       
  57       1               批处理机1           45405.18        46515.18        1110.00        
  57       2               离散机8            46515.18        47975.18        1460.00        
  57       3               离散机8            50667.09        51654.09        987.00         

工件 58:
  58       0               打印机5            0.00            39797.00        39797.00       
  58       1               批处理机2           39797.00        40861.00        1064.00        
  58       2               离散机3            43590.00        44683.00        1093.00        
  58       3               离散机3            59787.88        61305.88        1518.00        
  58       4               离散机6            62838.14        63947.14        1109.00        
  58       5               离散机5            66914.14        68124.14        1210.00        

工件 59:
  59       0               打印机2            0.00            29156.70        29156.70       
  59       1               批处理机1           29156.70        30266.70        1110.00        
  59       2               离散机10           32374.88        33762.88        1388.00        
  59       3               离散机3            38807.27        39752.27        945.00         
  59       4               离散机4            43365.00        44607.00        1242.00        
  59       5               离散机4            50955.09        51889.09        934.00         
  59       6               离散机7            58376.09        59845.09        1469.00        

工件 60:
  60       0               打印机1            44677.95        52331.28        7653.33        
  60       1               批处理机2           52331.28        53395.28        1064.00        
  60       2               离散机4            53395.28        54413.28        1018.00        

工件 61:
  61       0               打印机1            35191.28        44677.95        9486.67        
  61       1               批处理机2           44677.95        45741.95        1064.00        

工件 62:
  62       0               打印机5            0.00            39797.00        39797.00       
  62       1               批处理机2           39797.00        40861.00        1064.00        
  62       2               离散机4            42082.00        43365.00        1283.00        

工件 63:
  63       0               打印机5            0.00            39797.00        39797.00       
  63       1               批处理机2           39797.00        40861.00        1064.00        

工件 64:
  64       0               打印机1            44677.95        52331.28        7653.33        
  64       1               批处理机2           52331.28        53395.28        1064.00        
  64       2               离散机9            53395.28        54596.28        1201.00        

工件 65:
  65       0               打印机2            45787.09        59584.14        13797.05       
  65       1               批处理机2           59584.14        60648.14        1064.00        
  65       2               离散机9            61747.14        63153.14        1406.00        
  65       3               离散机4            63153.14        64387.14        1234.00        
  65       4               离散机8            64387.14        65296.14        909.00         
  65       5               离散机1            65296.14        66457.14        1161.00        
  65       6               离散机7            66457.14        67482.14        1025.00        

工件 66:
  66       0               打印机2            0.00            29156.70        29156.70       
  66       1               批处理机1           29156.70        30266.70        1110.00        
  66       2               离散机1            33404.77        34707.77        1303.00        
  66       3               离散机7            34707.77        35873.77        1166.00        
  66       4               离散机8            36291.88        37542.88        1251.00        
  66       5               离散机9            38545.28        39699.28        1154.00        
  66       6               离散机1            39699.28        40825.28        1126.00        

工件 67:
  67       0               打印机4            0.00            45405.18        45405.18       
  67       1               批处理机1           45405.18        46515.18        1110.00        
  67       2               离散机9            46515.18        47446.18        931.00         
  67       3               离散机4            49631.09        50955.09        1324.00        
  67       4               离散机10           58568.28        59505.28        937.00         
  67       5               离散机7            64442.88        65702.88        1260.00        

工件 68:
  68       0               打印机1            0.00            26550.77        26550.77       
  68       1               批处理机2           26550.77        27614.77        1064.00        
  68       2               离散机7            28917.77        30281.77        1364.00        
  68       3               离散机4            33363.77        34808.77        1445.00        
  68       4               离散机9            52343.18        53272.18        929.00         

工件 69:
  69       0               打印机3            0.00            12130.37        12130.37       
  69       1               批处理机2           12130.37        13194.37        1064.00        
  69       2               离散机8            13194.37        14400.37        1206.00        
  69       3               离散机7            16062.37        17573.37        1511.00        
  69       4               离散机8            17573.37        18882.37        1309.00        
  69       5               离散机4            18882.37        19896.37        1014.00        
  69       6               离散机8            21089.37        22323.37        1234.00        
  69       7               离散机7            25005.37        26630.37        1625.00        
  69       8               离散机9            27249.37        28247.37        998.00         

工件 70:
  70       0               打印机4            0.00            45405.18        45405.18       
  70       1               批处理机1           45405.18        46515.18        1110.00        
  70       2               离散机10           49111.00        50293.00        1182.00        

工件 71:
  71       0               打印机5            39797.00        45994.00        6197.00        
  71       1               批处理机1           46515.18        47625.18        1110.00        
  71       2               离散机9            48588.18        49657.18        1069.00        
  71       3               离散机4            60196.28        61864.28        1668.00        
  71       4               离散机2            62047.88        63201.88        1154.00        

工件 72:
  72       0               打印机2            29156.70        45787.09        16630.39       
  72       1               批处理机2           45787.09        46851.09        1064.00        
  72       2               离散机4            46851.09        48236.09        1385.00        
  72       3               离散机1            50598.09        52089.09        1491.00        
  72       4               离散机4            52089.09        53348.09        1259.00        
  72       5               离散机7            53685.09        55254.09        1569.00        
  72       6               离散机10           56278.28        57652.28        1374.00        
  72       7               离散机5            59646.09        60782.09        1136.00        
  72       8               离散机5            60782.09        62174.09        1392.00        

工件 73:
  73       0               打印机2            0.00            29156.70        29156.70       
  73       1               批处理机1           29156.70        30266.70        1110.00        
  73       2               离散机1            37188.77        38223.77        1035.00        

工件 74:
  74       0               打印机2            29156.70        45787.09        16630.39       
  74       1               批处理机2           45787.09        46851.09        1064.00        
  74       2               离散机3            49629.09        50658.09        1029.00        
  74       3               离散机7            50658.09        51903.09        1245.00        
  74       4               离散机2            56944.88        58135.88        1191.00        

工件 75:
  75       0               打印机2            29156.70        45787.09        16630.39       
  75       1               批处理机2           45787.09        46851.09        1064.00        
  75       2               离散机4            55837.28        56998.28        1161.00        
  75       3               离散机1            57144.88        58289.88        1145.00        
  75       4               离散机1            60603.88        61858.88        1255.00        
  75       5               离散机10           61858.88        63524.88        1666.00        
  75       6               离散机7            63524.88        64442.88        918.00         

工件 76:
  76       0               打印机4            0.00            45405.18        45405.18       
  76       1               批处理机1           45405.18        46515.18        1110.00        

工件 77:
  77       0               打印机2            45787.09        59584.14        13797.05       
  77       1               批处理机2           59584.14        60648.14        1064.00        
  77       2               离散机7            60648.14        61797.14        1149.00        
  77       3               离散机6            61797.14        62838.14        1041.00        
  77       4               离散机1            62904.88        64332.88        1428.00        

工件 78:
  78       0               打印机1            26550.77        35191.28        8640.51        
  78       1               批处理机2           35191.28        36255.28        1064.00        
  78       2               离散机1            66457.14        67604.14        1147.00        

工件 79:
  79       0               打印机5            0.00            39797.00        39797.00       
  79       1               批处理机2           39797.00        40861.00        1064.00        
  79       2               离散机5            40861.00        41784.00        923.00         

工件 80:
  80       0               打印机2            29156.70        45787.09        16630.39       
  80       1               批处理机2           45787.09        46851.09        1064.00        

工件 81:
  81       0               打印机1            0.00            26550.77        26550.77       
  81       1               批处理机2           26550.77        27614.77        1064.00        
  81       2               离散机6            27614.77        28878.77        1264.00        
  81       3               离散机8            43118.00        44306.00        1188.00        

工件 82:
  82       0               打印机2            0.00            29156.70        29156.70       
  82       1               批处理机1           29156.70        30266.70        1110.00        
  82       2               离散机3            30290.77        31889.77        1599.00        
  82       3               离散机1            45863.00        46773.00        910.00         

工件 83:
  83       0               打印机5            0.00            39797.00        39797.00       
  83       1               批处理机2           39797.00        40861.00        1064.00        
  83       2               离散机4            40861.00        42082.00        1221.00        
  83       3               离散机8            42132.00        43118.00        986.00         
  83       4               离散机1            43118.00        44469.00        1351.00        
  83       5               离散机2            44469.00        45893.00        1424.00        
  83       6               离散机4            58770.28        60196.28        1426.00        
  83       7               离散机3            63673.14        64849.14        1176.00        

工件 84:
  84       0               打印机4            0.00            45405.18        45405.18       
  84       1               批处理机1           45405.18        46515.18        1110.00        

工件 85:
  85       0               打印机1            0.00            26550.77        26550.77       
  85       1               批处理机2           26550.77        27614.77        1064.00        
  85       2               离散机6            37142.77        38384.77        1242.00        
  85       3               离散机9            42434.28        44105.28        1671.00        

工件 86:
  86       0               打印机1            0.00            26550.77        26550.77       
  86       1               批处理机2           26550.77        27614.77        1064.00        
  86       2               离散机5            27614.77        28758.77        1144.00        
  86       3               离散机3            31889.77        33209.77        1320.00        
  86       4               离散机4            56998.28        58770.28        1772.00        
  86       5               离散机10           60425.28        61622.28        1197.00        

工件 87:
  87       0               打印机3            28894.88        35464.27        6569.39        
  87       1               批处理机1           35464.27        36574.27        1110.00        
  87       2               离散机3            36574.27        37710.27        1136.00        
  87       3               离散机9            41161.28        42434.28        1273.00        
  87       4               离散机6            50117.09        51777.09        1660.00        

工件 88:
  88       0               打印机2            29156.70        45787.09        16630.39       
  88       1               批处理机2           45787.09        46851.09        1064.00        
  88       2               离散机7            46851.09        48158.09        1307.00        
  88       3               离散机8            51654.09        52953.09        1299.00        
  88       4               离散机3            55618.88        56748.88        1130.00        

工件 89:
  89       0               打印机4            45405.18        53633.88        8228.71        
  89       1               批处理机2           53633.88        54697.88        1064.00        
  89       2               离散机3            58191.88        59787.88        1596.00        
  89       3               离散机3            66015.14        67003.14        988.00         

工件 90:
  90       0               打印机2            0.00            29156.70        29156.70       
  90       1               批处理机1           29156.70        30266.70        1110.00        
  90       2               离散机5            30266.70        31643.70        1377.00        

工件 91:
  91       0               打印机1            26550.77        35191.28        8640.51        
  91       1               批处理机2           35191.28        36255.28        1064.00        
  91       2               离散机5            36255.28        37894.28        1639.00        

工件 92:
  92       0               打印机4            0.00            45405.18        45405.18       
  92       1               批处理机1           45405.18        46515.18        1110.00        
  92       2               离散机6            47520.18        48552.18        1032.00        
  92       3               离散机2            49185.18        50380.18        1195.00        

工件 93:
  93       0               打印机3            0.00            12130.37        12130.37       
  93       1               批处理机2           12130.37        13194.37        1064.00        
  93       2               离散机2            14530.37        16183.37        1653.00        
  93       3               离散机9            16183.37        17212.37        1029.00        
  93       4               离散机10           17212.37        18701.37        1489.00        
  93       5               离散机9            19910.37        20984.37        1074.00        

工件 94:
  94       0               打印机3            0.00            12130.37        12130.37       
  94       1               批处理机2           12130.37        13194.37        1064.00        
  94       2               离散机6            13194.37        14634.37        1440.00        
  94       3               离散机3            14634.37        16185.37        1551.00        
  94       4               离散机10           16185.37        17104.37        919.00         
  94       5               离散机4            17104.37        18058.37        954.00         
  94       6               离散机2            23428.37        24438.37        1010.00        
  94       7               离散机2            24438.37        26032.37        1594.00        

工件 95:
  95       0               打印机1            26550.77        35191.28        8640.51        
  95       1               批处理机2           35191.28        36255.28        1064.00        

工件 96:
  96       0               打印机1            26550.77        35191.28        8640.51        
  96       1               批处理机2           35191.28        36255.28        1064.00        
  96       2               离散机9            36255.28        37539.28        1284.00        
  96       3               离散机4            37539.28        39220.28        1681.00        
  96       4               离散机7            39220.28        40338.28        1118.00        
  96       5               离散机6            42851.00        44306.00        1455.00        
  96       6               离散机9            45135.28        46159.28        1024.00        
  96       7               离散机3            64849.14        66015.14        1166.00        
  96       8               离散机10           66015.14        67026.14        1011.00        

工件 97:
  97       0               打印机2            29156.70        45787.09        16630.39       
  97       1               批处理机2           45787.09        46851.09        1064.00        
  97       2               离散机5            46851.09        47834.09        983.00         
  97       3               离散机1            52089.09        53554.09        1465.00        
  97       4               离散机6            55960.09        57423.09        1463.00        

工件 98:
  98       0               打印机4            0.00            45405.18        45405.18       
  98       1               批处理机1           45405.18        46515.18        1110.00        

工件 99:
  99       0               打印机1            0.00            26550.77        26550.77       
  99       1               批处理机2           26550.77        27614.77        1064.00        
  99       2               离散机10           27614.77        28911.77        1297.00        
  99       3               离散机3            28911.77        30290.77        1379.00        
  99       4               离散机7            30290.77        31292.77        1002.00        
  99       5               离散机8            33055.77        34483.77        1428.00        
  99       6               离散机10           38273.88        39572.88        1299.00        
  99       7               离散机9            58330.28        59398.28        1068.00        

【机器加工顺序记录】
----------------------------------------------------------------------------------------------------

打印机1:
工件号      工序号             开始时间            结束时间            加工时长           
--------------------------------------------------------------------------------
  5        0               0.00            26550.77        26550.77       
  12       0               0.00            26550.77        26550.77       
  14       0               0.00            26550.77        26550.77       
  40       0               0.00            26550.77        26550.77       
  52       0               0.00            26550.77        26550.77       
  55       0               0.00            26550.77        26550.77       
  68       0               0.00            26550.77        26550.77       
  81       0               0.00            26550.77        26550.77       
  85       0               0.00            26550.77        26550.77       
  86       0               0.00            26550.77        26550.77       
  99       0               0.00            26550.77        26550.77       
  78       0               26550.77        35191.28        8640.51        
  91       0               26550.77        35191.28        8640.51        
  95       0               26550.77        35191.28        8640.51        
  96       0               26550.77        35191.28        8640.51        
  41       0               35191.28        44677.95        9486.67        
  43       0               35191.28        44677.95        9486.67        
  56       0               35191.28        44677.95        9486.67        
  61       0               35191.28        44677.95        9486.67        
  2        0               44677.95        52331.28        7653.33        
  60       0               44677.95        52331.28        7653.33        
  64       0               44677.95        52331.28        7653.33        

  机器利用率: 558.15% (忙碌时间: 387527.18 / 总时间: 69431.14)

打印机2:
工件号      工序号             开始时间            结束时间            加工时长           
--------------------------------------------------------------------------------
  3        0               0.00            29156.70        29156.70       
  7        0               0.00            29156.70        29156.70       
  23       0               0.00            29156.70        29156.70       
  32       0               0.00            29156.70        29156.70       
  34       0               0.00            29156.70        29156.70       
  36       0               0.00            29156.70        29156.70       
  39       0               0.00            29156.70        29156.70       
  46       0               0.00            29156.70        29156.70       
  48       0               0.00            29156.70        29156.70       
  50       0               0.00            29156.70        29156.70       
  51       0               0.00            29156.70        29156.70       
  59       0               0.00            29156.70        29156.70       
  66       0               0.00            29156.70        29156.70       
  73       0               0.00            29156.70        29156.70       
  82       0               0.00            29156.70        29156.70       
  90       0               0.00            29156.70        29156.70       
  1        0               29156.70        45787.09        16630.39       
  37       0               29156.70        45787.09        16630.39       
  45       0               29156.70        45787.09        16630.39       
  72       0               29156.70        45787.09        16630.39       
  74       0               29156.70        45787.09        16630.39       
  75       0               29156.70        45787.09        16630.39       
  80       0               29156.70        45787.09        16630.39       
  88       0               29156.70        45787.09        16630.39       
  97       0               29156.70        45787.09        16630.39       
  27       0               45787.09        59584.14        13797.05       
  30       0               45787.09        59584.14        13797.05       
  65       0               45787.09        59584.14        13797.05       
  77       0               45787.09        59584.14        13797.05       

  机器利用率: 966.96% (忙碌时间: 671368.91 / 总时间: 69431.14)

打印机3:
工件号      工序号             开始时间            结束时间            加工时长           
--------------------------------------------------------------------------------
  0        0               0.00            12130.37        12130.37       
  9        0               0.00            12130.37        12130.37       
  11       0               0.00            12130.37        12130.37       
  15       0               0.00            12130.37        12130.37       
  21       0               0.00            12130.37        12130.37       
  26       0               0.00            12130.37        12130.37       
  28       0               0.00            12130.37        12130.37       
  29       0               0.00            12130.37        12130.37       
  33       0               0.00            12130.37        12130.37       
  35       0               0.00            12130.37        12130.37       
  69       0               0.00            12130.37        12130.37       
  93       0               0.00            12130.37        12130.37       
  94       0               0.00            12130.37        12130.37       
  17       0               12130.37        28894.88        16764.51       
  49       0               12130.37        28894.88        16764.51       
  87       0               28894.88        35464.27        6569.39        

  机器利用率: 284.88% (忙碌时间: 197793.17 / 总时间: 69431.14)

打印机4:
工件号      工序号             开始时间            结束时间            加工时长           
--------------------------------------------------------------------------------
  4        0               0.00            45405.18        45405.18       
  6        0               0.00            45405.18        45405.18       
  8        0               0.00            45405.18        45405.18       
  13       0               0.00            45405.18        45405.18       
  18       0               0.00            45405.18        45405.18       
  19       0               0.00            45405.18        45405.18       
  42       0               0.00            45405.18        45405.18       
  54       0               0.00            45405.18        45405.18       
  57       0               0.00            45405.18        45405.18       
  67       0               0.00            45405.18        45405.18       
  70       0               0.00            45405.18        45405.18       
  76       0               0.00            45405.18        45405.18       
  84       0               0.00            45405.18        45405.18       
  92       0               0.00            45405.18        45405.18       
  98       0               0.00            45405.18        45405.18       
  25       0               45405.18        53633.88        8228.71        
  31       0               45405.18        53633.88        8228.71        
  89       0               45405.18        53633.88        8228.71        

  机器利用率: 1016.49% (忙碌时间: 705763.76 / 总时间: 69431.14)

打印机5:
工件号      工序号             开始时间            结束时间            加工时长           
--------------------------------------------------------------------------------
  10       0               0.00            39797.00        39797.00       
  16       0               0.00            39797.00        39797.00       
  20       0               0.00            39797.00        39797.00       
  22       0               0.00            39797.00        39797.00       
  24       0               0.00            39797.00        39797.00       
  38       0               0.00            39797.00        39797.00       
  44       0               0.00            39797.00        39797.00       
  47       0               0.00            39797.00        39797.00       
  53       0               0.00            39797.00        39797.00       
  58       0               0.00            39797.00        39797.00       
  62       0               0.00            39797.00        39797.00       
  63       0               0.00            39797.00        39797.00       
  79       0               0.00            39797.00        39797.00       
  83       0               0.00            39797.00        39797.00       
  71       0               39797.00        45994.00        6197.00        

  机器利用率: 811.39% (忙碌时间: 563355.00 / 总时间: 69431.14)

批处理机1:
工件号      工序号             开始时间            结束时间            加工时长           
--------------------------------------------------------------------------------
  3        1               29156.70        30266.70        1110.00        
  7        1               29156.70        30266.70        1110.00        
  23       1               29156.70        30266.70        1110.00        
  32       1               29156.70        30266.70        1110.00        
  34       1               29156.70        30266.70        1110.00        
  36       1               29156.70        30266.70        1110.00        
  39       1               29156.70        30266.70        1110.00        
  46       1               29156.70        30266.70        1110.00        
  48       1               29156.70        30266.70        1110.00        
  50       1               29156.70        30266.70        1110.00        
  51       1               29156.70        30266.70        1110.00        
  59       1               29156.70        30266.70        1110.00        
  66       1               29156.70        30266.70        1110.00        
  73       1               29156.70        30266.70        1110.00        
  82       1               29156.70        30266.70        1110.00        
  90       1               29156.70        30266.70        1110.00        
  87       1               35464.27        36574.27        1110.00        
  4        1               45405.18        46515.18        1110.00        
  6        1               45405.18        46515.18        1110.00        
  8        1               45405.18        46515.18        1110.00        
  13       1               45405.18        46515.18        1110.00        
  18       1               45405.18        46515.18        1110.00        
  19       1               45405.18        46515.18        1110.00        
  42       1               45405.18        46515.18        1110.00        
  54       1               45405.18        46515.18        1110.00        
  57       1               45405.18        46515.18        1110.00        
  67       1               45405.18        46515.18        1110.00        
  70       1               45405.18        46515.18        1110.00        
  76       1               45405.18        46515.18        1110.00        
  84       1               45405.18        46515.18        1110.00        
  92       1               45405.18        46515.18        1110.00        
  98       1               45405.18        46515.18        1110.00        
  71       1               46515.18        47625.18        1110.00        

  机器利用率: 52.76% (忙碌时间: 36630.00 / 总时间: 69431.14)

批处理机2:
工件号      工序号             开始时间            结束时间            加工时长           
--------------------------------------------------------------------------------
  0        1               12130.37        13194.37        1064.00        
  9        1               12130.37        13194.37        1064.00        
  11       1               12130.37        13194.37        1064.00        
  15       1               12130.37        13194.37        1064.00        
  21       1               12130.37        13194.37        1064.00        
  26       1               12130.37        13194.37        1064.00        
  28       1               12130.37        13194.37        1064.00        
  29       1               12130.37        13194.37        1064.00        
  33       1               12130.37        13194.37        1064.00        
  35       1               12130.37        13194.37        1064.00        
  69       1               12130.37        13194.37        1064.00        
  93       1               12130.37        13194.37        1064.00        
  94       1               12130.37        13194.37        1064.00        
  5        1               26550.77        27614.77        1064.00        
  12       1               26550.77        27614.77        1064.00        
  14       1               26550.77        27614.77        1064.00        
  40       1               26550.77        27614.77        1064.00        
  52       1               26550.77        27614.77        1064.00        
  55       1               26550.77        27614.77        1064.00        
  68       1               26550.77        27614.77        1064.00        
  81       1               26550.77        27614.77        1064.00        
  85       1               26550.77        27614.77        1064.00        
  86       1               26550.77        27614.77        1064.00        
  99       1               26550.77        27614.77        1064.00        
  17       1               28894.88        29958.88        1064.00        
  49       1               28894.88        29958.88        1064.00        
  78       1               35191.28        36255.28        1064.00        
  91       1               35191.28        36255.28        1064.00        
  95       1               35191.28        36255.28        1064.00        
  96       1               35191.28        36255.28        1064.00        
  10       1               39797.00        40861.00        1064.00        
  16       1               39797.00        40861.00        1064.00        
  20       1               39797.00        40861.00        1064.00        
  22       1               39797.00        40861.00        1064.00        
  24       1               39797.00        40861.00        1064.00        
  38       1               39797.00        40861.00        1064.00        
  44       1               39797.00        40861.00        1064.00        
  47       1               39797.00        40861.00        1064.00        
  53       1               39797.00        40861.00        1064.00        
  58       1               39797.00        40861.00        1064.00        
  62       1               39797.00        40861.00        1064.00        
  63       1               39797.00        40861.00        1064.00        
  79       1               39797.00        40861.00        1064.00        
  83       1               39797.00        40861.00        1064.00        
  41       1               44677.95        45741.95        1064.00        
  43       1               44677.95        45741.95        1064.00        
  56       1               44677.95        45741.95        1064.00        
  61       1               44677.95        45741.95        1064.00        
  1        1               45787.09        46851.09        1064.00        
  37       1               45787.09        46851.09        1064.00        
  45       1               45787.09        46851.09        1064.00        
  72       1               45787.09        46851.09        1064.00        
  74       1               45787.09        46851.09        1064.00        
  75       1               45787.09        46851.09        1064.00        
  80       1               45787.09        46851.09        1064.00        
  88       1               45787.09        46851.09        1064.00        
  97       1               45787.09        46851.09        1064.00        
  2        1               52331.28        53395.28        1064.00        
  60       1               52331.28        53395.28        1064.00        
  64       1               52331.28        53395.28        1064.00        
  25       1               53633.88        54697.88        1064.00        
  31       1               53633.88        54697.88        1064.00        
  89       1               53633.88        54697.88        1064.00        
  27       1               59584.14        60648.14        1064.00        
  30       1               59584.14        60648.14        1064.00        
  65       1               59584.14        60648.14        1064.00        
  77       1               59584.14        60648.14        1064.00        

  机器利用率: 102.67% (忙碌时间: 71288.00 / 总时间: 69431.14)

离散机1:
工件号      工序号             开始时间            结束时间            加工时长           
--------------------------------------------------------------------------------
  35       3               16118.37        17219.37        1101.00        
  5        2               27614.77        29287.77        1673.00        
  52       2               29287.77        30405.77        1118.00        
  46       2               30405.77        31450.77        1045.00        
  3        2               31450.77        32382.77        932.00         
  52       4               32382.77        33404.77        1022.00        
  66       2               33404.77        34707.77        1303.00        
  7        4               34707.77        35633.77        926.00         
  52       5               35633.77        37188.77        1555.00        
  73       2               37188.77        38223.77        1035.00        
  55       7               38223.77        39621.77        1398.00        
  66       6               39699.28        40825.28        1126.00        
  46       5               40838.27        41774.27        936.00         
  46       6               41774.27        42846.27        1072.00        
  83       4               43118.00        44469.00        1351.00        
  34       3               44469.00        45863.00        1394.00        
  82       3               45863.00        46773.00        910.00         
  37       2               46851.09        48009.09        1158.00        
  43       3               48009.09        49465.09        1456.00        
  4        2               49465.09        50598.09        1133.00        
  72       3               50598.09        52089.09        1491.00        
  97       3               52089.09        53554.09        1465.00        
  43       5               53554.09        54650.09        1096.00        
  31       2               54697.88        56111.88        1414.00        
  8        6               56111.88        57144.88        1033.00        
  75       3               57144.88        58289.88        1145.00        
  45       7               58289.88        59246.88        957.00         
  47       8               59296.88        60603.88        1307.00        
  75       4               60603.88        61858.88        1255.00        
  25       5               61858.88        62904.88        1046.00        
  77       4               62904.88        64332.88        1428.00        
  65       5               65296.14        66457.14        1161.00        
  78       2               66457.14        67604.14        1147.00        

  机器利用率: 57.02% (忙碌时间: 39589.00 / 总时间: 69431.14)

离散机2:
工件号      工序号             开始时间            结束时间            加工时长           
--------------------------------------------------------------------------------
  28       2               13194.37        14530.37        1336.00        
  93       2               14530.37        16183.37        1653.00        
  15       2               16183.37        17782.37        1599.00        
  0        3               17782.37        19414.37        1632.00        
  26       3               19414.37        20939.37        1525.00        
  15       4               20939.37        22029.37        1090.00        
  0        4               22029.37        23428.37        1399.00        
  94       6               23428.37        24438.37        1010.00        
  94       7               24438.37        26032.37        1594.00        
  7        2               30266.70        31254.70        988.00         
  32       2               31254.70        32385.70        1131.00        
  5        5               32385.70        33556.70        1171.00        
  34       2               33556.70        35219.70        1663.00        
  7        5               35633.77        36978.77        1345.00        
  39       4               36978.77        38504.77        1526.00        
  3        4               38504.77        39502.77        998.00         
  52       6               39502.77        40517.77        1015.00        
  16       2               40861.00        42651.00        1790.00        
  17       7               42651.00        43622.00        971.00         
  83       5               44469.00        45893.00        1424.00        
  54       2               46515.18        47474.18        959.00         
  6        3               47520.18        49185.18        1665.00        
  92       3               49185.18        50380.18        1195.00        
  8        4               50380.18        51991.18        1611.00        
  41       3               51991.18        53688.18        1697.00        
  1        4               53688.18        54612.18        924.00         
  5        6               54612.18        55512.18        900.00         
  25       3               55618.88        56944.88        1326.00        
  74       4               56944.88        58135.88        1191.00        
  47       7               58191.88        59296.88        1105.00        
  4        6               59296.88        60318.88        1022.00        
  10       5               60318.88        62047.88        1729.00        
  71       4               62047.88        63201.88        1154.00        
  13       7               63201.88        64182.88        981.00         
  3        6               64182.88        65547.88        1365.00        

  机器利用率: 65.80% (忙碌时间: 45684.00 / 总时间: 69431.14)

离散机3:
工件号      工序号             开始时间            结束时间            加工时长           
--------------------------------------------------------------------------------
  11       2               13194.37        14575.37        1381.00        
  94       3               14634.37        16185.37        1551.00        
  0        2               16185.37        17085.37        900.00         
  11       4               17085.37        18076.37        991.00         
  15       3               18076.37        19065.37        989.00         
  21       3               19127.37        20245.37        1118.00        
  26       5               22296.37        23905.37        1609.00        
  0        5               23905.37        25397.37        1492.00        
  15       6               25397.37        26627.37        1230.00        
  99       3               28911.77        30290.77        1379.00        
  82       2               30290.77        31889.77        1599.00        
  86       3               31889.77        33209.77        1320.00        
  55       5               33542.88        35081.88        1539.00        
  14       5               35081.88        36511.88        1430.00        
  87       2               36574.27        37710.27        1136.00        
  23       3               37710.27        38807.27        1097.00        
  59       3               38807.27        39752.27        945.00         
  46       4               39752.27        40838.27        1086.00        
  24       2               40861.00        42191.00        1330.00        
  24       3               42191.00        43590.00        1399.00        
  58       2               43590.00        44683.00        1093.00        
  43       2               45741.95        46779.95        1038.00        
  45       2               46851.09        48172.09        1321.00        
  13       2               48172.09        49629.09        1457.00        
  74       2               49629.09        50658.09        1029.00        
  1        2               50658.09        51693.09        1035.00        
  43       4               51693.09        52988.09        1295.00        
  6        4               52988.09        53944.09        956.00         
  25       2               54697.88        55618.88        921.00         
  88       4               55618.88        56748.88        1130.00        
  47       6               56748.88        58191.88        1443.00        
  89       2               58191.88        59787.88        1596.00        
  58       3               59787.88        61305.88        1518.00        
  31       4               61305.88        62628.88        1323.00        
  30       4               62754.14        63673.14        919.00         
  83       7               63673.14        64849.14        1176.00        
  96       7               64849.14        66015.14        1166.00        
  89       3               66015.14        67003.14        988.00         
  46       7               67003.14        68237.14        1234.00        

  机器利用率: 69.36% (忙碌时间: 48159.00 / 总时间: 69431.14)

离散机4:
工件号      工序号             开始时间            结束时间            加工时长           
--------------------------------------------------------------------------------
  94       5               17104.37        18058.37        954.00         
  69       5               18882.37        19896.37        1014.00        
  55       2               27614.77        29073.77        1459.00        
  14       3               29073.77        30297.77        1224.00        
  52       3               30405.77        32200.77        1795.00        
  51       2               32200.77        33363.77        1163.00        
  68       3               33363.77        34808.77        1445.00        
  36       4               35706.88        36995.88        1289.00        
  96       3               37539.28        39220.28        1681.00        
  40       6               39220.28        40541.28        1321.00        
  83       2               40861.00        42082.00        1221.00        
  62       2               42082.00        43365.00        1283.00        
  59       4               43365.00        44607.00        1242.00        
  24       5               44656.00        46048.00        1392.00        
  72       2               46851.09        48236.09        1385.00        
  42       2               48236.09        49631.09        1395.00        
  67       3               49631.09        50955.09        1324.00        
  59       5               50955.09        51889.09        934.00         
  72       4               52089.09        53348.09        1259.00        
  60       2               53395.28        54413.28        1018.00        
  20       4               54413.28        55837.28        1424.00        
  75       2               55837.28        56998.28        1161.00        
  86       4               56998.28        58770.28        1772.00        
  83       6               58770.28        60196.28        1426.00        
  71       3               60196.28        61864.28        1668.00        
  36       8               61864.28        62846.28        982.00         
  65       3               63153.14        64387.14        1234.00        
  8        7               64387.14        66048.14        1661.00        
  30       8               66914.14        68291.14        1377.00        

  机器利用率: 55.45% (忙碌时间: 38503.00 / 总时间: 69431.14)

离散机5:
工件号      工序号             开始时间            结束时间            加工时长           
--------------------------------------------------------------------------------
  33       3               14388.37        15452.37        1064.00        
  9        3               20412.37        21325.37        913.00         
  33       6               22140.37        23079.37        939.00         
  15       7               26627.37        27540.37        913.00         
  86       2               27614.77        28758.77        1144.00        
  26       9               28758.77        30254.77        1496.00        
  90       2               30266.70        31643.70        1377.00        
  32       3               32385.70        33791.70        1406.00        
  32       4               33791.70        34999.70        1208.00        
  91       2               36255.28        37894.28        1639.00        
  17       6               38545.28        39966.28        1421.00        
  79       2               40861.00        41784.00        923.00         
  20       3               42043.00        43268.00        1225.00        
  24       4               43590.00        44656.00        1066.00        
  47       3               44656.00        45808.00        1152.00        
  32       6               45808.00        46813.00        1005.00        
  97       2               46851.09        47834.09        983.00         
  8        2               47834.09        49090.09        1256.00        
  45       4               49365.09        50579.09        1214.00        
  37       3               50579.09        51780.09        1201.00        
  13       4               51780.09        53456.09        1676.00        
  8        5               53456.09        54444.09        988.00         
  13       5               54444.09        55493.09        1049.00        
  10       3               55493.09        56561.09        1068.00        
  23       7               56561.09        58262.09        1701.00        
  41       7               58376.09        59646.09        1270.00        
  72       7               59646.09        60782.09        1136.00        
  72       8               60782.09        62174.09        1392.00        
  23       8               62174.09        63412.09        1238.00        
  30       5               63673.14        64597.14        924.00         
  30       6               64597.14        65771.14        1174.00        
  30       7               65771.14        66914.14        1143.00        
  58       5               66914.14        68124.14        1210.00        

  机器利用率: 56.91% (忙碌时间: 39514.00 / 总时间: 69431.14)

离散机6:
工件号      工序号             开始时间            结束时间            加工时长           
--------------------------------------------------------------------------------
  94       2               13194.37        14634.37        1440.00        
  28       3               14634.37        15625.37        991.00         
  21       4               20245.37        21810.37        1565.00        
  26       6               23905.37        25184.37        1279.00        
  28       6               25184.37        26215.37        1031.00        
  81       2               27614.77        28878.77        1264.00        
  40       4               30035.77        31415.77        1380.00        
  14       4               31415.77        32506.77        1091.00        
  17       3               32506.77        33744.77        1238.00        
  46       3               33744.77        34747.77        1003.00        
  49       2               34747.77        36196.77        1449.00        
  49       3               36196.77        37142.77        946.00         
  85       2               37142.77        38384.77        1242.00        
  23       4               38807.27        40384.27        1577.00        
  44       2               40861.00        41847.00        986.00         
  10       2               41847.00        42851.00        1004.00        
  96       5               42851.00        44306.00        1455.00        
  32       5               44306.00        45506.00        1200.00        
  17       8               45506.00        46425.00        919.00         
  6        2               46515.18        47520.18        1005.00        
  92       2               47520.18        48552.18        1032.00        
  8        3               49090.09        50117.09        1027.00        
  87       4               50117.09        51777.09        1660.00        
  14       9               51777.09        53104.09        1327.00        
  37       4               53104.09        54295.09        1191.00        
  45       6               54450.09        55960.09        1510.00        
  97       4               55960.09        57423.09        1463.00        
  10       4               57423.09        58939.09        1516.00        
  43       6               58939.09        59976.09        1037.00        
  4        7               60318.88        61656.88        1338.00        
  77       3               61797.14        62838.14        1041.00        
  58       4               62838.14        63947.14        1109.00        

  机器利用率: 56.63% (忙碌时间: 39316.00 / 总时间: 69431.14)

离散机7:
工件号      工序号             开始时间            结束时间            加工时长           
--------------------------------------------------------------------------------
  33       2               13194.37        14388.37        1194.00        
  26       2               14388.37        16062.37        1674.00        
  69       3               16062.37        17573.37        1511.00        
  21       2               17573.37        19127.37        1554.00        
  9        2               19127.37        20412.37        1285.00        
  26       4               20939.37        22296.37        1357.00        
  28       5               22296.37        23596.37        1300.00        
  15       5               23596.37        25005.37        1409.00        
  69       7               25005.37        26630.37        1625.00        
  14       2               27614.77        28917.77        1303.00        
  68       2               28917.77        30281.77        1364.00        
  99       4               30290.77        31292.77        1002.00        
  55       4               32374.88        33542.88        1168.00        
  3        3               33542.88        34671.88        1129.00        
  66       3               34707.77        35873.77        1166.00        
  14       6               36511.88        37632.88        1121.00        
  49       4               37632.88        39183.88        1551.00        
  96       4               39220.28        40338.28        1118.00        
  20       2               40861.00        42043.00        1182.00        
  53       2               42043.00        43022.00        979.00         
  3        5               43022.00        44113.00        1091.00        
  16       3               44113.00        45682.00        1569.00        
  41       2               45741.95        46762.95        1021.00        
  88       2               46851.09        48158.09        1307.00        
  19       2               48158.09        49592.09        1434.00        
  36       7               49592.09        50613.09        1021.00        
  74       3               50658.09        51903.09        1245.00        
  1        3               51903.09        53685.09        1782.00        
  72       5               53685.09        55254.09        1569.00        
  13       6               55493.09        57104.09        1611.00        
  41       6               57104.09        58376.09        1272.00        
  59       6               58376.09        59845.09        1469.00        
  77       2               60648.14        61797.14        1149.00        
  24       8               61797.14        63206.14        1409.00        
  75       6               63524.88        64442.88        918.00         
  67       5               64442.88        65702.88        1260.00        
  65       6               66457.14        67482.14        1025.00        
  30       9               68291.14        69431.14        1140.00        

  机器利用率: 70.98% (忙碌时间: 49284.00 / 总时间: 69431.14)

离散机8:
工件号      工序号             开始时间            结束时间            加工时长           
--------------------------------------------------------------------------------
  69       2               13194.37        14400.37        1206.00        
  35       2               14400.37        16118.37        1718.00        
  69       4               17573.37        18882.37        1309.00        
  11       5               18882.37        19820.37        938.00         
  29       3               19910.37        21089.37        1179.00        
  69       6               21089.37        22323.37        1234.00        
  11       6               22323.37        23339.37        1016.00        
  40       2               27614.77        28725.77        1111.00        
  5        3               29287.77        30583.77        1296.00        
  5        4               30583.77        31839.77        1256.00        
  7        3               31839.77        33055.77        1216.00        
  99       5               33055.77        34483.77        1428.00        
  55       6               35081.88        36291.88        1210.00        
  66       4               36291.88        37542.88        1251.00        
  14       7               37632.88        39223.88        1591.00        
  36       5               39223.88        40639.88        1416.00        
  47       2               40861.00        42132.00        1271.00        
  83       3               42132.00        43118.00        986.00         
  81       3               43118.00        44306.00        1188.00        
  57       2               46515.18        47975.18        1460.00        
  45       3               48172.09        49365.09        1193.00        
  13       3               49629.09        50667.09        1038.00        
  57       3               50667.09        51654.09        987.00         
  88       3               51654.09        52953.09        1299.00        
  45       5               52953.09        54450.09        1497.00        
  41       5               55797.28        56910.28        1113.00        
  4        5               56910.28        57827.28        917.00         
  24       7               57827.28        59245.28        1418.00        
  31       3               59245.28        60177.28        932.00         
  5        7               60177.28        61654.28        1477.00        
  30       3               61747.14        62754.14        1007.00        
  10       6               62754.14        64087.14        1333.00        
  65       4               64387.14        65296.14        909.00         

  机器利用率: 58.19% (忙碌时间: 40400.00 / 总时间: 69431.14)

离散机9:
工件号      工序号             开始时间            结束时间            加工时长           
--------------------------------------------------------------------------------
  11       3               14575.37        15691.37        1116.00        
  93       3               16183.37        17212.37        1029.00        
  33       4               17212.37        18235.37        1023.00        
  29       2               18235.37        19910.37        1675.00        
  93       5               19910.37        20984.37        1074.00        
  33       5               20984.37        22140.37        1156.00        
  26       7               25184.37        26185.37        1001.00        
  26       8               26185.37        27249.37        1064.00        
  69       8               27249.37        28247.37        998.00         
  40       3               28725.77        30035.77        1310.00        
  39       2               30266.70        31566.70        1300.00        
  36       2               31566.70        32560.70        994.00         
  23       2               32560.70        33600.70        1040.00        
  17       4               33744.77        34729.77        985.00         
  40       5               34729.77        35647.77        918.00         
  96       2               36255.28        37539.28        1284.00        
  17       5               37539.28        38545.28        1006.00        
  66       5               38545.28        39699.28        1154.00        
  7        6               39699.28        41161.28        1462.00        
  87       3               41161.28        42434.28        1273.00        
  85       3               42434.28        44105.28        1671.00        
  53       3               44105.28        45135.28        1030.00        
  96       6               45135.28        46159.28        1024.00        
  67       2               46515.18        47446.18        931.00         
  18       2               47446.18        48588.18        1142.00        
  71       2               48588.18        49657.18        1069.00        
  47       5               49657.18        51246.18        1589.00        
  23       6               51246.18        52343.18        1097.00        
  68       4               52343.18        53272.18        929.00         
  64       2               53395.28        54596.28        1201.00        
  41       4               54596.28        55797.28        1201.00        
  20       5               55837.28        57053.28        1216.00        
  6        5               57053.28        58330.28        1277.00        
  99       7               58330.28        59398.28        1068.00        
  45       8               59398.28        60309.28        911.00         
  30       2               60648.14        61747.14        1099.00        
  65       2               61747.14        63153.14        1406.00        
  31       5               63153.14        64862.14        1709.00        
  25       6               64862.14        66580.14        1718.00        
  31       6               66580.14        67747.14        1167.00        
  34       4               67747.14        69232.14        1485.00        

  机器利用率: 70.29% (忙碌时间: 48802.00 / 总时间: 69431.14)

离散机10:
工件号      工序号             开始时间            结束时间            加工时长           
--------------------------------------------------------------------------------
  94       4               16185.37        17104.37        919.00         
  93       4               17212.37        18701.37        1489.00        
  28       4               18701.37        19909.37        1208.00        
  33       7               23079.37        24486.37        1407.00        
  99       2               27614.77        28911.77        1297.00        
  17       2               29958.88        30912.88        954.00         
  55       3               30912.88        32374.88        1462.00        
  59       2               32374.88        33762.88        1388.00        
  39       3               33762.88        34700.88        938.00         
  36       3               34700.88        35706.88        1006.00        
  50       2               35706.88        36834.88        1128.00        
  48       2               36834.88        38273.88        1439.00        
  99       6               38273.88        39572.88        1299.00        
  23       5               40384.27        41989.27        1605.00        
  36       6               41989.27        42937.27        948.00         
  14       8               42937.27        44194.27        1257.00        
  39       5               44194.27        45620.27        1426.00        
  47       4               45808.00        46858.00        1050.00        
  24       6               46858.00        48035.00        1177.00        
  32       7               48035.00        49111.00        1076.00        
  70       2               49111.00        50293.00        1182.00        
  4        3               50598.09        51946.09        1348.00        
  42       3               51946.09        53143.09        1197.00        
  2        2               53395.28        54575.28        1180.00        
  4        4               54575.28        56278.28        1703.00        
  72       6               56278.28        57652.28        1374.00        
  25       4               57652.28        58568.28        916.00         
  67       4               58568.28        59505.28        937.00         
  20       6               59505.28        60425.28        920.00         
  86       5               60425.28        61622.28        1197.00        
  75       5               61858.88        63524.88        1666.00        
  52       7               63524.88        64447.88        923.00         
  12       2               64447.88        65970.88        1523.00        
  96       8               66015.14        67026.14        1011.00        
  25       7               67026.14        68154.14        1128.00        

  机器利用率: 61.47% (忙碌时间: 42678.00 / 总时间: 69431.14)

【打印批次详细信息】
----------------------------------------------------------------------------------------------------

打印机 1 (尺寸: 1033.0 x 412.0 x 635.0):
--------------------------------------------------------------------------------
  批次 1: 零件数=11, 占用率=81.63%
    - 99: 尺寸 390.0 x 203.0 x 186.0
    - 68: 尺寸 413.0 x 227.0 x 174.0
    - 5: 尺寸 187.0 x 63.0 x 153.0
    - 86: 尺寸 205.0 x 349.0 x 127.0
    - 40: 尺寸 122.0 x 148.0 x 103.0
    - 81: 尺寸 134.0 x 93.0 x 170.0
    - 55: 尺寸 72.0 x 93.0 x 88.0
    - 85: 尺寸 63.0 x 205.0 x 96.0
    - 52: 尺寸 170.0 x 59.0 x 100.0
    - 12: 尺寸 132.0 x 99.0 x 97.0
    - 14: 尺寸 98.0 x 183.0 x 54.0
  批次 2: 零件数=4, 占用率=79.81%
    - 78: 尺寸 257.0 x 259.0 x 55.0
    - 96: 尺寸 711.0 x 335.0 x 59.0
    - 95: 尺寸 55.0 x 202.0 x 55.0
    - 91: 尺寸 179.0 x 133.0 x 39.0
  批次 3: 零件数=4, 占用率=86.09%
    - 61: 尺寸 533.0 x 123.0 x 54.0
    - 41: 尺寸 420.0 x 84.0 x 65.0
    - 56: 尺寸 312.0 x 305.0 x 32.0
    - 43: 尺寸 713.0 x 239.0 x 46.0
  批次 4: 零件数=3, 占用率=73.56%
    - 64: 尺寸 441.0 x 333.0 x 52.0
    - 2: 尺寸 568.0 x 184.0 x 44.0
    - 60: 尺寸 363.0 x 170.0 x 19.0

打印机 2 (尺寸: 1163.0 x 587.0 x 663.0):
--------------------------------------------------------------------------------
  批次 1: 零件数=16, 占用率=92.77%
    - 34: 尺寸 206.0 x 118.0 x 193.0
    - 82: 尺寸 191.0 x 198.0 x 181.0
    - 50: 尺寸 123.0 x 185.0 x 171.0
    - 36: 尺寸 468.0 x 164.0 x 153.0
    - 73: 尺寸 159.0 x 177.0 x 112.0
    - 48: 尺寸 205.0 x 200.0 x 83.0
    - 66: 尺寸 438.0 x 139.0 x 124.0
    - 39: 尺寸 158.0 x 396.0 x 123.0
    - 59: 尺寸 159.0 x 229.0 x 122.0
    - 46: 尺寸 123.0 x 389.0 x 52.0
    - 32: 尺寸 66.0 x 98.0 x 75.0
    - 23: 尺寸 422.0 x 283.0 x 63.0
    - 3: 尺寸 114.0 x 130.0 x 98.0
    - 90: 尺寸 85.0 x 241.0 x 93.0
    - 51: 尺寸 135.0 x 173.0 x 83.0
    - 7: 尺寸 105.0 x 98.0 x 89.0
  批次 2: 零件数=9, 占用率=87.42%
    - 37: 尺寸 208.0 x 179.0 x 109.0
    - 1: 尺寸 465.0 x 126.0 x 96.0
    - 74: 尺寸 488.0 x 192.0 x 92.0
    - 72: 尺寸 426.0 x 214.0 x 34.0
    - 88: 尺寸 207.0 x 385.0 x 83.0
    - 75: 尺寸 460.0 x 290.0 x 105.0
    - 45: 尺寸 266.0 x 241.0 x 26.0
    - 97: 尺寸 213.0 x 107.0 x 56.0
    - 80: 尺寸 152.0 x 106.0 x 19.0
  批次 3: 零件数=4, 占用率=89.57%
    - 30: 尺寸 686.0 x 336.0 x 90.0
    - 27: 尺寸 191.0 x 565.0 x 59.0
    - 77: 尺寸 204.0 x 509.0 x 43.0
    - 65: 尺寸 688.0 x 246.0 x 28.0

打印机 3 (尺寸: 941.0 x 424.0 x 663.0):
--------------------------------------------------------------------------------
  批次 1: 零件数=13, 占用率=86.80%
    - 26: 尺寸 353.0 x 115.0 x 50.0
    - 0: 尺寸 268.0 x 250.0 x 27.0
    - 29: 尺寸 302.0 x 137.0 x 33.0
    - 9: 尺寸 101.0 x 149.0 x 45.0
    - 69: 尺寸 101.0 x 76.0 x 43.0
    - 28: 尺寸 148.0 x 108.0 x 40.0
    - 93: 尺寸 291.0 x 139.0 x 38.0
    - 35: 尺寸 96.0 x 106.0 x 48.0
    - 33: 尺寸 143.0 x 98.0 x 20.0
    - 15: 尺寸 255.0 x 172.0 x 44.0
    - 21: 尺寸 53.0 x 109.0 x 36.0
    - 11: 尺寸 306.0 x 123.0 x 35.0
    - 94: 尺寸 86.0 x 78.0 x 15.0
  批次 2: 零件数=2, 占用率=67.96%
    - 49: 尺寸 720.0 x 166.0 x 70.0
    - 17: 尺寸 668.0 x 227.0 x 36.0
  批次 3: 零件数=1, 占用率=23.17%
    - 87: 尺寸 690.0 x 134.0 x 26.0

打印机 4 (尺寸: 1081.0 x 523.0 x 615.0):
--------------------------------------------------------------------------------
  批次 1: 零件数=15, 占用率=78.90%
    - 13: 尺寸 87.0 x 87.0 x 191.0
    - 67: 尺寸 121.0 x 144.0 x 191.0
    - 84: 尺寸 132.0 x 148.0 x 176.0
    - 4: 尺寸 136.0 x 148.0 x 21.0
    - 92: 尺寸 440.0 x 247.0 x 168.0
    - 76: 尺寸 165.0 x 168.0 x 18.0
    - 42: 尺寸 86.0 x 114.0 x 61.0
    - 8: 尺寸 115.0 x 155.0 x 87.0
    - 18: 尺寸 134.0 x 207.0 x 86.0
    - 57: 尺寸 114.0 x 139.0 x 92.0
    - 19: 尺寸 58.0 x 220.0 x 76.0
    - 54: 尺寸 529.0 x 120.0 x 52.0
    - 70: 尺寸 217.0 x 139.0 x 55.0
    - 98: 尺寸 197.0 x 134.0 x 63.0
    - 6: 尺寸 306.0 x 134.0 x 68.0
  批次 2: 零件数=3, 占用率=31.35%
    - 25: 尺寸 207.0 x 202.0 x 33.0
    - 89: 尺寸 233.0 x 185.0 x 23.0
    - 31: 尺寸 355.0 x 260.0 x 20.0

打印机 5 (尺寸: 1118.0 x 504.0 x 631.0):
--------------------------------------------------------------------------------
  批次 1: 零件数=14, 占用率=83.26%
    - 83: 尺寸 441.0 x 153.0 x 197.0
    - 53: 尺寸 142.0 x 121.0 x 188.0
    - 10: 尺寸 480.0 x 155.0 x 175.0
    - 47: 尺寸 51.0 x 178.0 x 176.0
    - 38: 尺寸 144.0 x 118.0 x 155.0
    - 16: 尺寸 441.0 x 143.0 x 42.0
    - 20: 尺寸 89.0 x 142.0 x 104.0
    - 79: 尺寸 382.0 x 155.0 x 83.0
    - 62: 尺寸 188.0 x 133.0 x 95.0
    - 58: 尺寸 246.0 x 181.0 x 77.0
    - 63: 尺寸 195.0 x 163.0 x 52.0
    - 22: 尺寸 69.0 x 106.0 x 68.0
    - 24: 尺寸 187.0 x 173.0 x 33.0
    - 44: 尺寸 79.0 x 103.0 x 14.0
  批次 2: 零件数=1, 占用率=33.12%
    - 71: 尺寸 699.0 x 267.0 x 29.0

════════════════════════════════════════════════════════════════
