════════════════════════════════════════════════════════════════
              最优Cmax解的详细调度记录
════════════════════════════════════════════════════════════════

【基本信息】
----------------------------------------------------------------------------------------------------
Cmax (最大完工时间): 74709.98
能耗: 926.13 kWh
装箱质量: 0.4004
批次总数: 14
工件数量: 100
机器数量: 17 (打印机:5, 批处理机:2, 离散机:10)

【染色体编码】
----------------------------------------------------------------------------------------------------
工序序列 (OS): [83, 34, 13, 67, 53, 99, 82, 47, 84, 10, 68, 50, 81, 92, 38, 5, 36, 86, 66, 39, 73, 59, 78, 37, 20, 40, 3, 52, 12, 62, 45, 85, 55, 11, 30, 42, 7, 74, 79, 75, 88, 48, 49, 18, 51, 8, 41, 23, 32, 22, 19, 98, 6, 71, 70, 95, 96, 1, 57, 97, 58, 87, 61, 35, 44, 9, 64, 14, 2, 69, 28, 15, 26, 54, 24, 77, 91, 16, 17, 21, 29, 25, 72, 46, 56, 65, 0, 43, 27, 90, 93, 33, 4, 89, 31, 60, 80, 76, 94, 63, 89, 52, 41, 74, 17, 4, 47, 47, 14, 32, 39, 23, 94, 32, 24, 33, 36, 24, 0, 30, 41, 15, 8, 59, 45, 46, 74, 1, 58, 55, 37, 69, 40, 25, 35, 15, 28, 31, 52, 14, 47, 55, 7, 26, 20, 75, 25, 88, 49, 26, 93, 49, 3, 66, 21, 40, 99, 5, 79, 66, 91, 24, 5, 96, 26, 11, 25, 14, 13, 37, 99, 57, 6, 34, 58, 39, 20, 36, 75, 15, 60, 13, 30, 5, 82, 26, 72, 54, 41, 17, 85, 47, 28, 30, 25, 17, 28, 7, 23, 2, 7, 52, 33, 19, 30, 46, 33, 87, 99, 28, 14, 25, 49, 15, 59, 36, 11, 57, 99, 12, 26, 86, 52, 65, 45, 4, 6, 3, 30, 36, 41, 13, 94, 37, 69, 23, 24, 68, 24, 45, 36, 14, 90, 1, 32, 34, 5, 50, 14, 72, 23, 45, 96, 36, 99, 11, 53, 41, 17, 47, 58, 83, 62, 46, 96, 83, 69, 7, 93, 55, 59, 73, 5, 4, 55, 15, 69, 96, 31, 30, 8, 86, 46, 94, 94, 3, 99, 96, 8, 16, 17, 14, 6, 14, 42, 32, 81, 83, 43, 59, 48, 6, 72, 40, 68, 77, 35, 45, 8, 72, 43, 7, 10, 31, 17, 40, 5, 66, 20, 67, 26, 46, 86, 85, 89, 0, 75, 30, 77, 45, 36, 39, 15, 30, 75, 20, 65, 88, 47, 69, 21, 72, 71, 33, 47, 41, 16, 93, 83, 4, 24, 87, 20, 71, 13, 92, 92, 88, 70, 68, 43, 10, 67, 26, 51, 96, 0, 24, 29, 83, 28, 67, 97, 58, 13, 65, 65, 10, 25, 34, 64, 23, 1, 44, 71, 32, 69, 53, 8, 97, 43, 97, 29, 23, 31, 42, 66, 31, 52, 87, 40, 74, 21, 9, 94, 72, 67, 4, 52, 94, 17, 43, 55, 10, 75, 93, 82, 83, 78, 4, 66, 86, 8, 26, 39, 9, 3, 18, 33, 13, 3, 10, 33, 72, 55, 45, 59, 23, 11, 69, 32, 46, 65, 81, 96, 0, 11, 77]
机器选择 (MS): [4, 2, 2, 2, 5, 2, 1, 1, 1, 1, 1, 2, 4, 4, 5, 5, 5, 3, 4, 2, 2, 1, 5, 5, 2, 5, 3, 1, 2, 4, 5, 3, 3, 5, 1, 2, 5, 2, 4, 5, 1, 4, 3, 4, 2, 4, 3, 2, 3, 4, 2, 2, 3, 1, 3, 3, 2, 2, 2, 5, 1, 1, 5, 3, 2, 2, 1, 1, 1, 2, 1, 3, 1, 3, 4, 4, 2, 5, 4, 5, 2, 2, 2, 5, 4, 2, 2, 1, 1, 4, 5, 5, 3, 2, 2, 2, 2, 3, 3, 5, 1, 3, 1, 2, 1, 1, 1, 3, 1, 1, 1, 2, 1, 1, 2, 2, 3, 1, 1, 1, 1, 2, 1, 1, 3, 3, 1, 2, 2, 1, 2, 1, 2, 1, 1, 1, 1, 2, 1, 1, 2, 3, 1, 1, 3, 1, 1, 1, 2, 2, 3, 3, 2, 1, 1, 1, 2, 1, 2, 3, 3, 1, 1, 2, 2, 1, 2, 1, 2, 2, 3, 1, 3, 1, 2, 1, 1, 2, 1, 2, 1, 1, 2, 2, 2, 1, 2, 2, 3, 2, 1, 1, 3, 2, 2, 2, 1, 1, 1, 1, 2, 1, 2, 1, 2, 1, 2, 1, 3, 1, 1, 3, 1, 2, 2, 1, 1, 2, 2, 1, 1, 2, 2, 3, 1, 1, 1, 3, 3, 1, 1, 2, 1, 1, 1, 1, 3, 2, 1, 1, 1, 2, 1, 2, 2, 2, 2, 1, 1, 1, 1, 1, 1, 1, 1, 1, 1, 3, 3, 1, 2, 2, 1, 1, 1, 1, 1, 2, 3, 1, 2, 2, 1, 2, 2, 1, 2, 1, 1, 3, 2, 3, 1, 2, 1, 1, 1, 1, 1, 2, 1, 1, 1, 2, 1, 1, 2, 2, 1, 1, 1, 1, 1, 1, 1, 2, 1, 1, 1, 1, 1, 1, 1, 1, 2, 1, 1, 1, 1, 1, 1, 1, 2, 2, 1, 1, 1, 1, 1, 2, 1, 1, 1, 1, 1, 1, 2, 1, 1, 1, 2, 1, 1, 2, 1, 1, 2, 3, 1, 3, 1, 2, 3, 1, 1, 3, 2, 2, 2, 1, 1, 3, 3, 1, 2, 2, 1, 1, 1, 1, 1, 1, 1, 2, 1, 1, 1, 2, 2, 1, 1, 1, 1, 1, 1, 1, 1, 2, 3, 1, 3, 1, 3, 2, 2, 1, 1, 3, 1, 1, 1, 2, 1, 1, 1, 1, 1, 1, 1, 1, 1, 2, 1, 1, 2, 1, 1, 2, 2, 1, 2, 2, 1, 2, 1, 3, 1, 1, 3, 1, 1, 1, 1, 1, 1, 1, 2, 1, 1, 2, 1, 1, 1, 1, 2, 1, 1, 1]

【零件加工顺序记录】
----------------------------------------------------------------------------------------------------
工件号      工序号             机器号             开始时间            结束时间            加工时长           
----------------------------------------------------------------------------------------------------

工件 0:
  0        0               打印机2            47874.81        53320.98        5446.18        
  0        1               批处理机2           53320.98        54384.98        1064.00        
  0        2               离散机3            55980.98        56880.98        900.00         
  0        3               离散机10           56880.98        58086.98        1206.00        
  0        4               离散机1            58278.98        59193.98        915.00         
  0        5               离散机4            70872.98        72577.98        1705.00        

工件 1:
  1        0               打印机2            29156.70        47874.81        18718.11       
  1        1               批处理机2           47874.81        48938.81        1064.00        
  1        2               离散机3            52618.81        53653.81        1035.00        
  1        3               离散机7            55549.00        57331.00        1782.00        
  1        4               离散机2            60217.98        61141.98        924.00         

工件 2:
  2        0               打印机1            43267.69        51908.21        8640.51        
  2        1               批处理机2           51908.21        52972.21        1064.00        
  2        2               离散机10           52972.21        54152.21        1180.00        

工件 3:
  3        0               打印机3            0.00            29971.83        29971.83       
  3        1               批处理机1           29971.83        31081.83        1110.00        
  3        2               离散机1            32214.83        33146.83        932.00         
  3        3               离散机7            34058.70        35187.70        1129.00        
  3        4               离散机2            36499.83        37497.83        998.00         
  3        5               离散机7            71124.98        72215.98        1091.00        
  3        6               离散机2            72254.59        73619.59        1365.00        

工件 4:
  4        0               打印机3            0.00            29971.83        29971.83       
  4        1               批处理机1           29971.83        31081.83        1110.00        
  4        2               离散机1            31081.83        32214.83        1133.00        
  4        3               离散机10           35525.83        36873.83        1348.00        
  4        4               离散机10           43488.00        45191.00        1703.00        
  4        5               离散机8            60726.81        61643.81        917.00         
  4        6               离散机2            64532.98        65554.98        1022.00        
  4        7               离散机6            73127.59        74465.59        1338.00        

工件 5:
  5        0               打印机5            0.00            37997.00        37997.00       
  5        1               批处理机2           37997.00        39061.00        1064.00        
  5        2               离散机1            40219.00        41892.00        1673.00        
  5        3               离散机8            41892.00        43188.00        1296.00        
  5        4               离散机2            43472.00        44392.00        920.00         
  5        5               离散机2            44392.00        45563.00        1171.00        
  5        6               离散机2            46908.00        47808.00        900.00         
  5        7               离散机8            56764.81        58241.81        1477.00        

工件 6:
  6        0               打印机3            0.00            29971.83        29971.83       
  6        1               批处理机1           29971.83        31081.83        1110.00        
  6        2               离散机6            33647.83        34652.83        1005.00        
  6        3               离散机2            34834.83        36499.83        1665.00        
  6        4               离散机3            43205.00        44161.00        956.00         
  6        5               离散机9            46701.00        47978.00        1277.00        

工件 7:
  7        0               打印机5            0.00            37997.00        37997.00       
  7        1               批处理机2           37997.00        39061.00        1064.00        
  7        2               离散机2            39061.00        40049.00        988.00         
  7        3               离散机8            40172.00        41388.00        1216.00        
  7        4               离散机1            43037.00        43963.00        926.00         
  7        5               离散机2            45563.00        46908.00        1345.00        
  7        6               离散机9            51278.81        52740.81        1462.00        

工件 8:
  8        0               打印机4            0.00            46816.94        46816.94       
  8        1               批处理机1           46816.94        47926.94        1110.00        
  8        2               离散机5            47926.94        49182.94        1256.00        
  8        3               离散机6            50195.34        51222.34        1027.00        
  8        4               离散机2            52644.34        54255.34        1611.00        
  8        5               离散机5            56644.81        57632.81        988.00         
  8        6               离散机1            63386.59        64419.59        1033.00        
  8        7               离散机4            69211.98        70872.98        1661.00        

工件 9:
  9        0               打印机2            29156.70        47874.81        18718.11       
  9        1               批处理机2           47874.81        48938.81        1064.00        
  9        2               离散机7            67661.98        68946.98        1285.00        
  9        3               离散机5            69329.59        70242.59        913.00         

工件 10:
  10       0               打印机1            0.00            25845.64        25845.64       
  10       1               批处理机2           25845.64        26909.64        1064.00        
  10       2               离散机6            26909.64        27913.64        1004.00        
  10       3               离散机5            38712.83        39780.83        1068.00        
  10       4               离散机6            64967.59        66483.59        1516.00        
  10       5               离散机2            69544.59        71273.59        1729.00        
  10       6               离散机1            71533.98        73168.98        1635.00        

工件 11:
  11       0               打印机5            0.00            37997.00        37997.00       
  11       1               批处理机2           37997.00        39061.00        1064.00        
  11       2               离散机3            39061.00        40442.00        1381.00        
  11       3               离散机9            42464.00        43580.00        1116.00        
  11       4               离散机3            45114.00        46105.00        991.00         
  11       5               离散机8            65556.81        66494.81        938.00         
  11       6               离散机8            67682.81        68698.81        1016.00        

工件 12:
  12       0               打印机2            0.00            29156.70        29156.70       
  12       1               批处理机2           29156.70        30220.70        1064.00        
  12       2               离散机10           34002.83        35525.83        1523.00        

工件 13:
  13       0               打印机2            0.00            29156.70        29156.70       
  13       1               批处理机2           29156.70        30220.70        1064.00        
  13       2               离散机3            30220.70        31677.70        1457.00        
  13       3               离散机8            33144.70        34182.70        1038.00        
  13       4               离散机5            35987.83        37663.83        1676.00        
  13       5               离散机5            37663.83        38712.83        1049.00        
  13       6               离散机7            48718.00        50329.00        1611.00        
  13       7               离散机2            71273.59        72254.59        981.00         

工件 14:
  14       0               打印机1            0.00            25845.64        25845.64       
  14       1               批处理机2           25845.64        26909.64        1064.00        
  14       2               离散机7            26909.64        28212.64        1303.00        
  14       3               离散机6            28212.64        29588.64        1376.00        
  14       4               离散机6            29588.64        30679.64        1091.00        
  14       5               离散机3            34574.70        36004.70        1430.00        
  14       6               离散机7            36698.70        37819.70        1121.00        
  14       7               离散机8            45611.00        47202.00        1591.00        
  14       8               离散机10           47478.00        48735.00        1257.00        
  14       9               离散机6            55269.81        56596.81        1327.00        

工件 15:
  15       0               打印机3            29971.83        46736.34        16764.51       
  15       1               批处理机2           46736.34        47800.34        1064.00        
  15       2               离散机2            51045.34        52644.34        1599.00        
  15       3               离散机3            57801.98        58790.98        989.00         
  15       4               离散机2            59127.98        60217.98        1090.00        
  15       5               离散机7            60217.98        61626.98        1409.00        
  15       6               离散机3            62512.98        63742.98        1230.00        
  15       7               离散机5            65784.59        66697.59        913.00         

工件 16:
  16       0               打印机5            37997.00        49394.00        11397.00       
  16       1               批处理机2           49394.00        50458.00        1064.00        
  16       2               离散机2            54255.34        56045.34        1790.00        
  16       3               离散机7            66092.98        67661.98        1569.00        

工件 17:
  17       0               打印机4            46816.94        57398.59        10581.65       
  17       1               批处理机2           57398.59        58462.59        1064.00        
  17       2               离散机10           58462.59        59416.59        954.00         
  17       3               离散机6            59416.59        60654.59        1238.00        
  17       4               离散机9            60654.59        61639.59        985.00         
  17       5               离散机9            63357.59        64363.59        1006.00        
  17       6               离散机5            64363.59        65784.59        1421.00        
  17       7               离散机2            65784.59        66755.59        971.00         
  17       8               离散机6            71171.59        72090.59        919.00         

工件 18:
  18       0               打印机4            0.00            46816.94        46816.94       
  18       1               批处理机1           46816.94        47926.94        1110.00        
  18       2               离散机9            70706.59        71848.59        1142.00        

工件 19:
  19       0               打印机2            0.00            29156.70        29156.70       
  19       1               批处理机2           29156.70        30220.70        1064.00        
  19       2               离散机7            31402.70        32836.70        1434.00        

工件 20:
  20       0               打印机2            0.00            29156.70        29156.70       
  20       1               批处理机2           29156.70        30220.70        1064.00        
  20       2               离散机7            30220.70        31402.70        1182.00        
  20       3               离散机5            33618.83        34843.83        1225.00        
  20       4               离散机6            60654.59        61914.59        1260.00        
  20       5               离散机9            64363.59        65579.59        1216.00        
  20       6               离散机10           66362.98        67282.98        920.00         

工件 21:
  21       0               打印机5            0.00            37997.00        37997.00       
  21       1               批处理机2           37997.00        39061.00        1064.00        
  21       2               离散机7            43236.00        44790.00        1554.00        
  21       3               离散机3            65768.98        66886.98        1118.00        
  21       4               离散机6            69606.59        71171.59        1565.00        

工件 22:
  22       0               打印机4            0.00            46816.94        46816.94       
  22       1               批处理机1           46816.94        47926.94        1110.00        

工件 23:
  23       0               打印机2            29156.70        47874.81        18718.11       
  23       1               批处理机2           47874.81        48938.81        1064.00        
  23       2               离散机9            50238.81        51278.81        1040.00        
  23       3               离散机3            58790.98        59887.98        1097.00        
  23       4               离散机7            61626.98        63383.98        1757.00        
  23       5               离散机10           63383.98        64988.98        1605.00        
  23       6               离散机9            65579.59        66676.59        1097.00        
  23       7               离散机3            70477.98        72093.98        1616.00        
  23       8               离散机5            72573.59        73811.59        1238.00        

工件 24:
  24       0               打印机4            0.00            46816.94        46816.94       
  24       1               批处理机1           46816.94        47926.94        1110.00        
  24       2               离散机3            49967.81        51297.81        1330.00        
  24       3               离散机6            51297.81        52987.81        1690.00        
  24       4               离散机5            52987.81        54053.81        1066.00        
  24       5               离散机4            56787.98        58179.98        1392.00        
  24       6               离散机10           60332.59        61509.59        1177.00        
  24       7               离散机8            61643.81        63061.81        1418.00        
  24       8               离散机4            63350.98        64701.98        1351.00        

工件 25:
  25       0               打印机2            47874.81        53320.98        5446.18        
  25       1               批处理机2           53320.98        54384.98        1064.00        
  25       2               离散机3            56880.98        57801.98        921.00         
  25       3               离散机2            57801.98        59127.98        1326.00        
  25       4               离散机10           59416.59        60332.59        916.00         
  25       5               离散机1            60332.59        61378.59        1046.00        
  25       6               离散机9            61639.59        63357.59        1718.00        
  25       7               离散机10           67282.98        68410.98        1128.00        

工件 26:
  26       0               打印机1            25845.64        38857.95        13012.31       
  26       1               批处理机1           38857.95        39967.95        1110.00        
  26       2               离散机7            40255.00        41929.00        1674.00        
  26       3               离散机6            41929.00        43071.00        1142.00        
  26       4               离散机7            44790.00        46147.00        1357.00        
  26       5               离散机3            46147.00        47756.00        1609.00        
  26       6               离散机6            53990.81        55269.81        1279.00        
  26       7               离散机9            55269.81        56270.81        1001.00        
  26       8               离散机9            56270.81        57334.81        1064.00        
  26       9               离散机5            67833.59        69329.59        1496.00        

工件 27:
  27       0               打印机1            43267.69        51908.21        8640.51        
  27       1               批处理机2           51908.21        52972.21        1064.00        

工件 28:
  28       0               打印机1            0.00            25845.64        25845.64       
  28       1               批处理机2           25845.64        26909.64        1064.00        
  28       2               离散机2            29250.64        30586.64        1336.00        
  28       3               离散机6            35894.83        36885.83        991.00         
  28       4               离散机10           36885.83        38093.83        1208.00        
  28       5               离散机10           38093.83        39159.83        1066.00        
  28       6               离散机6            46551.00        47582.00        1031.00        

工件 29:
  29       0               打印机2            47874.81        53320.98        5446.18        
  29       1               批处理机2           53320.98        54384.98        1064.00        
  29       2               离散机1            55348.81        56534.81        1186.00        
  29       3               离散机5            62982.81        64127.81        1145.00        

工件 30:
  30       0               打印机1            25845.64        38857.95        13012.31       
  30       1               批处理机1           38857.95        39967.95        1110.00        
  30       2               离散机9            40055.00        41154.00        1099.00        
  30       3               离散机8            43188.00        44195.00        1007.00        
  30       4               离散机3            44195.00        45114.00        919.00         
  30       5               离散机5            45114.00        46038.00        924.00         
  30       6               离散机5            46038.00        47212.00        1174.00        
  30       7               离散机5            51744.94        52887.94        1143.00        
  30       8               离散机4            52902.34        54279.34        1377.00        
  30       9               离散机7            64952.98        66092.98        1140.00        

工件 31:
  31       0               打印机2            29156.70        47874.81        18718.11       
  31       1               批处理机2           47874.81        48938.81        1064.00        
  31       2               离散机1            48938.81        50352.81        1414.00        
  31       3               离散机8            50352.81        51284.81        932.00         
  31       4               离散机5            57632.81        59140.81        1508.00        
  31       5               离散机9            66676.59        68385.59        1709.00        
  31       6               离散机9            69539.59        70706.59        1167.00        

工件 32:
  32       0               打印机3            0.00            29971.83        29971.83       
  32       1               批处理机1           29971.83        31081.83        1110.00        
  32       2               离散机2            31081.83        32212.83        1131.00        
  32       3               离散机5            32212.83        33618.83        1406.00        
  32       4               离散机1            34701.83        35630.83        929.00         
  32       5               离散机6            40026.00        41226.00        1200.00        
  32       6               离散机5            60410.81        61415.81        1005.00        
  32       7               离散机10           73363.98        74439.98        1076.00        

工件 33:
  33       0               打印机5            0.00            37997.00        37997.00       
  33       1               批处理机2           37997.00        39061.00        1064.00        
  33       2               离散机7            39061.00        40255.00        1194.00        
  33       3               离散机5            40255.00        41319.00        1064.00        
  33       4               离散机6            43071.00        43980.00        909.00         
  33       5               离散机4            45495.00        46493.00        998.00         
  33       6               离散机5            70242.59        71181.59        939.00         
  33       7               离散机10           71956.98        73363.98        1407.00        

工件 34:
  34       0               打印机2            0.00            29156.70        29156.70       
  34       1               批处理机2           29156.70        30220.70        1064.00        
  34       2               离散机2            32212.83        33875.83        1663.00        
  34       3               离散机1            35630.83        37024.83        1394.00        
  34       4               离散机5            43512.00        44942.00        1430.00        

工件 35:
  35       0               打印机3            0.00            29971.83        29971.83       
  35       1               批处理机1           29971.83        31081.83        1110.00        
  35       2               离散机8            31426.70        33144.70        1718.00        
  35       3               离散机1            37024.83        38125.83        1101.00        

工件 36:
  36       0               打印机5            0.00            37997.00        37997.00       
  36       1               批处理机2           37997.00        39061.00        1064.00        
  36       2               离散机9            39061.00        40055.00        994.00         
  36       3               离散机10           40055.00        41061.00        1006.00        
  36       4               离散机4            41061.00        42350.00        1289.00        
  36       5               离散机8            44195.00        45611.00        1416.00        
  36       6               离散机10           45611.00        46559.00        948.00         
  36       7               离散机4            46559.00        47482.00        923.00         
  36       8               离散机4            59537.98        60519.98        982.00         

工件 37:
  37       0               打印机5            0.00            37997.00        37997.00       
  37       1               批处理机2           37997.00        39061.00        1064.00        
  37       2               离散机1            39061.00        40219.00        1158.00        
  37       3               离散机2            41702.00        43472.00        1770.00        
  37       4               离散机6            43980.00        45171.00        1191.00        

工件 38:
  38       0               打印机5            0.00            37997.00        37997.00       
  38       1               批处理机2           37997.00        39061.00        1064.00        

工件 39:
  39       0               打印机2            29156.70        47874.81        18718.11       
  39       1               批处理机2           47874.81        48938.81        1064.00        
  39       2               离散机9            48938.81        50238.81        1300.00        
  39       3               离散机10           50238.81        51176.81        938.00         
  39       4               离散机2            56045.34        57571.34        1526.00        
  39       5               离散机10           70530.98        71956.98        1426.00        

工件 40:
  40       0               打印机5            0.00            37997.00        37997.00       
  40       1               批处理机2           37997.00        39061.00        1064.00        
  40       2               离散机8            39061.00        40172.00        1111.00        
  40       3               离散机9            41154.00        42464.00        1310.00        
  40       4               离散机6            45171.00        46551.00        1380.00        
  40       5               离散机9            47978.00        48896.00        918.00         
  40       6               离散机4            67890.98        69211.98        1321.00        

工件 41:
  41       0               打印机3            29971.83        46736.34        16764.51       
  41       1               批处理机2           46736.34        47800.34        1064.00        
  41       2               离散机8            47800.34        49348.34        1548.00        
  41       3               离散机2            49348.34        51045.34        1697.00        
  41       4               离散机4            51045.34        51948.34        903.00         
  41       5               离散机8            53811.81        54924.81        1113.00        
  41       6               离散机7            57331.00        58603.00        1272.00        
  41       7               离散机5            59140.81        60410.81        1270.00        

工件 42:
  42       0               打印机2            0.00            29156.70        29156.70       
  42       1               批处理机2           29156.70        30220.70        1064.00        
  42       2               离散机4            34221.83        35616.83        1395.00        
  42       3               离散机10           61509.59        62706.59        1197.00        

工件 43:
  43       0               打印机1            51908.21        58715.38        6807.18        
  43       1               批处理机2           58715.38        59779.38        1064.00        
  43       2               离散机3            63742.98        64780.98        1038.00        
  43       3               离散机1            64780.98        66236.98        1456.00        
  43       4               离散机3            68016.98        69311.98        1295.00        
  43       5               离散机1            69311.98        70407.98        1096.00        
  43       6               离散机6            72090.59        73127.59        1037.00        

工件 44:
  44       0               打印机2            0.00            29156.70        29156.70       
  44       1               批处理机2           29156.70        30220.70        1064.00        
  44       2               离散机6            37994.83        38980.83        986.00         

工件 45:
  45       0               打印机5            37997.00        49394.00        11397.00       
  45       1               批处理机2           49394.00        50458.00        1064.00        
  45       2               离散机3            51297.81        52618.81        1321.00        
  45       3               离散机8            52618.81        53811.81        1193.00        
  45       4               离散机5            54053.81        55267.81        1214.00        
  45       5               离散机8            55267.81        56764.81        1497.00        
  45       6               离散机6            57860.81        59370.81        1510.00        
  45       7               离散机1            59370.81        60327.81        957.00         
  45       8               离散机9            71848.59        72759.59        911.00         

工件 46:
  46       0               打印机5            37997.00        49394.00        11397.00       
  46       1               批处理机2           49394.00        50458.00        1064.00        
  46       2               离散机7            50458.00        51587.00        1129.00        
  46       3               离散机6            52987.81        53990.81        1003.00        
  46       4               离散机3            59887.98        60973.98        1086.00        
  46       5               离散机1            61378.59        62314.59        936.00         
  46       6               离散机1            62314.59        63386.59        1072.00        
  46       7               离散机3            73269.98        74503.98        1234.00        

工件 47:
  47       0               打印机1            0.00            25845.64        25845.64       
  47       1               批处理机2           25845.64        26909.64        1064.00        
  47       2               离散机2            26909.64        28162.64        1253.00        
  47       3               离散机5            28162.64        29314.64        1152.00        
  47       4               离散机10           29314.64        30364.64        1050.00        
  47       5               离散机5            30364.64        31702.64        1338.00        
  47       6               离散机3            40442.00        41885.00        1443.00        
  47       7               离散机2            47808.00        48913.00        1105.00        
  47       8               离散机1            54041.81        55348.81        1307.00        

工件 48:
  48       0               打印机4            0.00            46816.94        46816.94       
  48       1               批处理机1           46816.94        47926.94        1110.00        
  48       2               离散机10           48735.00        50174.00        1439.00        

工件 49:
  49       0               打印机3            29971.83        46736.34        16764.51       
  49       1               批处理机2           46736.34        47800.34        1064.00        
  49       2               离散机6            47800.34        49249.34        1449.00        
  49       3               离散机6            49249.34        50195.34        946.00         
  49       4               离散机7            53998.00        55549.00        1551.00        

工件 50:
  50       0               打印机2            0.00            29156.70        29156.70       
  50       1               批处理机2           29156.70        30220.70        1064.00        
  50       2               离散机10           41061.00        42189.00        1128.00        

工件 51:
  51       0               打印机2            29156.70        47874.81        18718.11       
  51       1               批处理机2           47874.81        48938.81        1064.00        
  51       2               离散机4            62187.98        63350.98        1163.00        

工件 52:
  52       0               打印机1            0.00            25845.64        25845.64       
  52       1               批处理机2           25845.64        26909.64        1064.00        
  52       2               离散机1            26909.64        28027.64        1118.00        
  52       3               离散机4            28027.64        29822.64        1795.00        
  52       4               离散机1            29822.64        30844.64        1022.00        
  52       5               离散机1            33146.83        34701.83        1555.00        
  52       6               离散机2            37497.83        38512.83        1015.00        
  52       7               离散机10           68410.98        69333.98        923.00         

工件 53:
  53       0               打印机5            0.00            37997.00        37997.00       
  53       1               批处理机2           37997.00        39061.00        1064.00        
  53       2               离散机6            39061.00        40026.00        965.00         
  53       3               离散机9            58535.81        59565.81        1030.00        

工件 54:
  54       0               打印机3            0.00            29971.83        29971.83       
  54       1               批处理机1           29971.83        31081.83        1110.00        
  54       2               离散机2            33875.83        34834.83        959.00         

工件 55:
  55       0               打印机3            0.00            29971.83        29971.83       
  55       1               批处理机1           29971.83        31081.83        1110.00        
  55       2               离散机4            31081.83        32540.83        1459.00        
  55       3               离散机10           32540.83        34002.83        1462.00        
  55       4               离散机7            46147.00        47315.00        1168.00        
  55       5               离散机3            60973.98        62512.98        1539.00        
  55       6               离散机8            63061.81        64271.81        1210.00        
  55       7               离散机1            66236.98        67634.98        1398.00        

工件 56:
  56       0               打印机4            46816.94        57398.59        10581.65       
  56       1               批处理机2           57398.59        58462.59        1064.00        

工件 57:
  57       0               打印机2            0.00            29156.70        29156.70       
  57       1               批处理机2           29156.70        30220.70        1064.00        
  57       2               离散机6            32521.83        33647.83        1126.00        
  57       3               离散机8            34182.70        35169.70        987.00         

工件 58:
  58       0               打印机1            0.00            25845.64        25845.64       
  58       1               批处理机2           25845.64        26909.64        1064.00        
  58       2               离散机2            28162.64        29250.64        1088.00        
  58       3               离散机3            33056.70        34574.70        1518.00        
  58       4               离散机6            36885.83        37994.83        1109.00        
  58       5               离散机5            42302.00        43512.00        1210.00        

工件 59:
  59       0               打印机1            0.00            25845.64        25845.64       
  59       1               批处理机2           25845.64        26909.64        1064.00        
  59       2               离散机10           26909.64        28297.64        1388.00        
  59       3               离散机3            28508.64        29453.64        945.00         
  59       4               离散机4            29822.64        31064.64        1242.00        
  59       5               离散机4            35616.83        36550.83        934.00         
  59       6               离散机7            72215.98        73684.98        1469.00        

工件 60:
  60       0               打印机2            47874.81        53320.98        5446.18        
  60       1               批处理机2           53320.98        54384.98        1064.00        
  60       2               离散机4            54384.98        55402.98        1018.00        

工件 61:
  61       0               打印机5            37997.00        49394.00        11397.00       
  61       1               批处理机2           49394.00        50458.00        1064.00        

工件 62:
  62       0               打印机4            0.00            46816.94        46816.94       
  62       1               批处理机1           46816.94        47926.94        1110.00        
  62       2               离散机4            49147.94        50430.94        1283.00        

工件 63:
  63       0               打印机5            0.00            37997.00        37997.00       
  63       1               批处理机2           37997.00        39061.00        1064.00        

工件 64:
  64       0               打印机1            43267.69        51908.21        8640.51        
  64       1               批处理机2           51908.21        52972.21        1064.00        
  64       2               离散机9            57334.81        58535.81        1201.00        

工件 65:
  65       0               打印机2            0.00            29156.70        29156.70       
  65       1               批处理机2           29156.70        30220.70        1064.00        
  65       2               离散机9            31504.70        32910.70        1406.00        
  65       3               离散机9            33841.70        35307.70        1466.00        
  65       4               离散机8            35307.70        36216.70        909.00         
  65       5               离散机1            45218.00        46379.00        1161.00        
  65       6               离散机7            73684.98        74709.98        1025.00        

工件 66:
  66       0               打印机4            0.00            46816.94        46816.94       
  66       1               批处理机1           46816.94        47926.94        1110.00        
  66       2               离散机1            50352.81        51655.81        1303.00        
  66       3               离散机7            52832.00        53998.00        1166.00        
  66       4               离散机8            58241.81        59492.81        1251.00        
  66       5               离散机9            68385.59        69539.59        1154.00        
  66       6               离散机1            70407.98        71533.98        1126.00        

工件 67:
  67       0               打印机2            0.00            29156.70        29156.70       
  67       1               批处理机2           29156.70        30220.70        1064.00        
  67       2               离散机9            32910.70        33841.70        931.00         
  67       3               离散机7            47315.00        48718.00        1403.00        
  67       4               离散机4            66127.98        67890.98        1763.00        
  67       5               离散机7            68946.98        70206.98        1260.00        

工件 68:
  68       0               打印机1            0.00            25845.64        25845.64       
  68       1               批处理机2           25845.64        26909.64        1064.00        
  68       2               离散机7            28212.64        29576.64        1364.00        
  68       3               离散机4            36550.83        37995.83        1445.00        
  68       4               离散机9            37995.83        38924.83        929.00         

工件 69:
  69       0               打印机2            0.00            29156.70        29156.70       
  69       1               批处理机2           29156.70        30220.70        1064.00        
  69       2               离散机8            30220.70        31426.70        1206.00        
  69       3               离散机7            35187.70        36698.70        1511.00        
  69       4               离散机8            36698.70        38007.70        1309.00        
  69       5               离散机4            38007.70        39021.70        1014.00        
  69       6               离散机8            59492.81        60726.81        1234.00        
  69       7               离散机5            61415.81        62982.81        1567.00        
  69       8               离散机9            72759.59        73757.59        998.00         

工件 70:
  70       0               打印机3            0.00            29971.83        29971.83       
  70       1               批处理机1           29971.83        31081.83        1110.00        
  70       2               离散机10           55641.21        56823.21        1182.00        

工件 71:
  71       0               打印机1            38857.95        43267.69        4409.74        
  71       1               批处理机2           43267.69        44331.69        1064.00        
  71       2               离散机9            52740.81        53809.81        1069.00        
  71       3               离散机4            60519.98        62187.98        1668.00        
  71       4               离散机2            62187.98        63341.98        1154.00        

工件 72:
  72       0               打印机2            47874.81        53320.98        5446.18        
  72       1               批处理机2           53320.98        54384.98        1064.00        
  72       2               离散机4            55402.98        56787.98        1385.00        
  72       3               离散机1            56787.98        58278.98        1491.00        
  72       4               离散机4            58278.98        59537.98        1259.00        
  72       5               离散机7            63383.98        64952.98        1569.00        
  72       6               离散机10           64988.98        66362.98        1374.00        
  72       7               离散机5            66697.59        67833.59        1136.00        
  72       8               离散机5            71181.59        72573.59        1392.00        

工件 73:
  73       0               打印机2            29156.70        47874.81        18718.11       
  73       1               批处理机2           47874.81        48938.81        1064.00        
  73       2               离散机1            51655.81        52690.81        1035.00        

工件 74:
  74       0               打印机2            29156.70        47874.81        18718.11       
  74       1               批处理机2           47874.81        48938.81        1064.00        
  74       2               离散机3            48938.81        49967.81        1029.00        
  74       3               离散机7            51587.00        52832.00        1245.00        
  74       4               离散机2            63341.98        64532.98        1191.00        

工件 75:
  75       0               打印机5            0.00            37997.00        37997.00       
  75       1               批处理机2           37997.00        39061.00        1064.00        
  75       2               离散机4            39061.00        40222.00        1161.00        
  75       3               离散机1            41892.00        43037.00        1145.00        
  75       4               离散机1            43963.00        45218.00        1255.00        
  75       5               离散机10           51176.81        52842.81        1666.00        
  75       6               离散机7            70206.98        71124.98        918.00         

工件 76:
  76       0               打印机3            0.00            29971.83        29971.83       
  76       1               批处理机1           29971.83        31081.83        1110.00        

工件 77:
  77       0               打印机4            46816.94        57398.59        10581.65       
  77       1               批处理机2           57398.59        58462.59        1064.00        
  77       2               离散机7            58603.00        59752.00        1149.00        
  77       3               离散机6            61914.59        62955.59        1041.00        
  77       4               离散机1            67634.98        69062.98        1428.00        

工件 78:
  78       0               打印机5            37997.00        49394.00        11397.00       
  78       1               批处理机2           49394.00        50458.00        1064.00        
  78       2               离散机8            64271.81        65556.81        1285.00        

工件 79:
  79       0               打印机4            0.00            46816.94        46816.94       
  79       1               批处理机1           46816.94        47926.94        1110.00        
  79       2               离散机5            49182.94        50105.94        923.00         

工件 80:
  80       0               打印机2            29156.70        47874.81        18718.11       
  80       1               批处理机2           47874.81        48938.81        1064.00        

工件 81:
  81       0               打印机4            0.00            46816.94        46816.94       
  81       1               批处理机1           46816.94        47926.94        1110.00        
  81       2               离散机6            56596.81        57860.81        1264.00        
  81       3               离散机8            66494.81        67682.81        1188.00        

工件 82:
  82       0               打印机1            0.00            25845.64        25845.64       
  82       1               批处理机2           25845.64        26909.64        1064.00        
  82       2               离散机3            26909.64        28508.64        1599.00        
  82       3               离散机9            28508.64        29437.64        929.00         

工件 83:
  83       0               打印机4            0.00            46816.94        46816.94       
  83       1               批处理机1           46816.94        47926.94        1110.00        
  83       2               离散机4            47926.94        49147.94        1221.00        
  83       3               离散机8            49348.34        50334.34        986.00         
  83       4               离散机1            52690.81        54041.81        1351.00        
  83       5               离散机6            62955.59        63935.59        980.00         
  83       6               离散机4            64701.98        66127.98        1426.00        
  83       7               离散机3            72093.98        73269.98        1176.00        

工件 84:
  84       0               打印机1            0.00            25845.64        25845.64       
  84       1               批处理机2           25845.64        26909.64        1064.00        

工件 85:
  85       0               打印机3            0.00            29971.83        29971.83       
  85       1               批处理机1           29971.83        31081.83        1110.00        
  85       2               离散机6            34652.83        35894.83        1242.00        
  85       3               离散机9            35894.83        37565.83        1671.00        

工件 86:
  86       0               打印机3            0.00            29971.83        29971.83       
  86       1               批处理机1           29971.83        31081.83        1110.00        
  86       2               离散机5            34843.83        35987.83        1144.00        
  86       3               离散机3            41885.00        43205.00        1320.00        
  86       4               离散机4            43723.00        45495.00        1772.00        
  86       5               离散机10           69333.98        70530.98        1197.00        

工件 87:
  87       0               打印机1            38857.95        43267.69        4409.74        
  87       1               批处理机2           43267.69        44331.69        1064.00        
  87       2               离散机3            47756.00        48892.00        1136.00        
  87       3               离散机9            53809.81        55082.81        1273.00        
  87       4               离散机6            67946.59        69606.59        1660.00        

工件 88:
  88       0               打印机1            25845.64        38857.95        13012.31       
  88       1               批处理机1           38857.95        39967.95        1110.00        
  88       2               离散机7            41929.00        43236.00        1307.00        
  88       3               离散机8            51284.81        52583.81        1299.00        
  88       4               离散机3            66886.98        68016.98        1130.00        

工件 89:
  89       0               打印机2            47874.81        53320.98        5446.18        
  89       1               批处理机2           53320.98        54384.98        1064.00        
  89       2               离散机3            54384.98        55980.98        1596.00        
  89       3               离散机3            64780.98        65768.98        988.00         

工件 90:
  90       0               打印机4            0.00            46816.94        46816.94       
  90       1               批处理机1           46816.94        47926.94        1110.00        
  90       2               离散机5            55267.81        56644.81        1377.00        

工件 91:
  91       0               打印机2            29156.70        47874.81        18718.11       
  91       1               批处理机2           47874.81        48938.81        1064.00        
  91       2               离散机5            50105.94        51744.94        1639.00        

工件 92:
  92       0               打印机4            0.00            46816.94        46816.94       
  92       1               批处理机1           46816.94        47926.94        1110.00        
  92       2               离散机6            63935.59        64967.59        1032.00        
  92       3               离散机2            66755.59        67950.59        1195.00        

工件 93:
  93       0               打印机5            0.00            37997.00        37997.00       
  93       1               批处理机2           37997.00        39061.00        1064.00        
  93       2               离散机2            40049.00        41702.00        1653.00        
  93       3               离散机9            43580.00        44609.00        1029.00        
  93       4               离散机10           54152.21        55641.21        1489.00        
  93       5               离散机9            59565.81        60639.81        1074.00        

工件 94:
  94       0               打印机3            0.00            29971.83        29971.83       
  94       1               批处理机1           29971.83        31081.83        1110.00        
  94       2               离散机6            31081.83        32521.83        1440.00        
  94       3               离散机3            37364.70        38915.70        1551.00        
  94       4               离散机10           46559.00        47478.00        919.00         
  94       5               离散机4            51948.34        52902.34        954.00         
  94       6               离散机2            61141.98        62151.98        1010.00        
  94       7               离散机2            67950.59        69544.59        1594.00        

工件 95:
  95       0               打印机3            0.00            29971.83        29971.83       
  95       1               批处理机1           29971.83        31081.83        1110.00        

工件 96:
  96       0               打印机2            0.00            29156.70        29156.70       
  96       1               批处理机2           29156.70        30220.70        1064.00        
  96       2               离散机9            30220.70        31504.70        1284.00        
  96       3               离散机4            32540.83        34221.83        1681.00        
  96       4               离散机7            37819.70        38937.70        1118.00        
  96       5               离散机4            42350.00        43723.00        1373.00        
  96       6               离散机9            45677.00        46701.00        1024.00        
  96       7               离散机3            69311.98        70477.98        1166.00        
  96       8               离散机1            73168.98        74331.98        1163.00        

工件 97:
  97       0               打印机5            0.00            37997.00        37997.00       
  97       1               批处理机2           37997.00        39061.00        1064.00        
  97       2               离散机5            41319.00        42302.00        983.00         
  97       3               离散机1            46379.00        47844.00        1465.00        
  97       4               离散机6            66483.59        67946.59        1463.00        

工件 98:
  98       0               打印机2            29156.70        47874.81        18718.11       
  98       1               批处理机2           47874.81        48938.81        1064.00        

工件 99:
  99       0               打印机2            0.00            29156.70        29156.70       
  99       1               批处理机2           29156.70        30220.70        1064.00        
  99       2               离散机10           30364.64        31661.64        1297.00        
  99       3               离散机3            31677.70        33056.70        1379.00        
  99       4               离散机7            33056.70        34058.70        1002.00        
  99       5               离散机3            36004.70        37364.70        1360.00        
  99       6               离散机10           42189.00        43488.00        1299.00        
  99       7               离散机9            44609.00        45677.00        1068.00        

【机器加工顺序记录】
----------------------------------------------------------------------------------------------------

打印机1:
工件号      工序号             开始时间            结束时间            加工时长           
--------------------------------------------------------------------------------
  10       0               0.00            25845.64        25845.64       
  14       0               0.00            25845.64        25845.64       
  28       0               0.00            25845.64        25845.64       
  47       0               0.00            25845.64        25845.64       
  52       0               0.00            25845.64        25845.64       
  58       0               0.00            25845.64        25845.64       
  59       0               0.00            25845.64        25845.64       
  68       0               0.00            25845.64        25845.64       
  82       0               0.00            25845.64        25845.64       
  84       0               0.00            25845.64        25845.64       
  26       0               25845.64        38857.95        13012.31       
  30       0               25845.64        38857.95        13012.31       
  88       0               25845.64        38857.95        13012.31       
  71       0               38857.95        43267.69        4409.74        
  87       0               38857.95        43267.69        4409.74        
  2        0               43267.69        51908.21        8640.51        
  27       0               43267.69        51908.21        8640.51        
  64       0               43267.69        51908.21        8640.51        
  43       0               51908.21        58715.38        6807.18        

  机器利用率: 453.81% (忙碌时间: 339041.54 / 总时间: 74709.98)

打印机2:
工件号      工序号             开始时间            结束时间            加工时长           
--------------------------------------------------------------------------------
  12       0               0.00            29156.70        29156.70       
  13       0               0.00            29156.70        29156.70       
  19       0               0.00            29156.70        29156.70       
  20       0               0.00            29156.70        29156.70       
  34       0               0.00            29156.70        29156.70       
  42       0               0.00            29156.70        29156.70       
  44       0               0.00            29156.70        29156.70       
  50       0               0.00            29156.70        29156.70       
  57       0               0.00            29156.70        29156.70       
  65       0               0.00            29156.70        29156.70       
  67       0               0.00            29156.70        29156.70       
  69       0               0.00            29156.70        29156.70       
  96       0               0.00            29156.70        29156.70       
  99       0               0.00            29156.70        29156.70       
  1        0               29156.70        47874.81        18718.11       
  9        0               29156.70        47874.81        18718.11       
  23       0               29156.70        47874.81        18718.11       
  31       0               29156.70        47874.81        18718.11       
  39       0               29156.70        47874.81        18718.11       
  51       0               29156.70        47874.81        18718.11       
  73       0               29156.70        47874.81        18718.11       
  74       0               29156.70        47874.81        18718.11       
  80       0               29156.70        47874.81        18718.11       
  91       0               29156.70        47874.81        18718.11       
  98       0               29156.70        47874.81        18718.11       
  0        0               47874.81        53320.98        5446.18        
  25       0               47874.81        53320.98        5446.18        
  29       0               47874.81        53320.98        5446.18        
  60       0               47874.81        53320.98        5446.18        
  72       0               47874.81        53320.98        5446.18        
  89       0               47874.81        53320.98        5446.18        

  机器利用率: 865.71% (忙碌时间: 646770.04 / 总时间: 74709.98)

打印机3:
工件号      工序号             开始时间            结束时间            加工时长           
--------------------------------------------------------------------------------
  3        0               0.00            29971.83        29971.83       
  4        0               0.00            29971.83        29971.83       
  6        0               0.00            29971.83        29971.83       
  32       0               0.00            29971.83        29971.83       
  35       0               0.00            29971.83        29971.83       
  54       0               0.00            29971.83        29971.83       
  55       0               0.00            29971.83        29971.83       
  70       0               0.00            29971.83        29971.83       
  76       0               0.00            29971.83        29971.83       
  85       0               0.00            29971.83        29971.83       
  86       0               0.00            29971.83        29971.83       
  94       0               0.00            29971.83        29971.83       
  95       0               0.00            29971.83        29971.83       
  15       0               29971.83        46736.34        16764.51       
  41       0               29971.83        46736.34        16764.51       
  49       0               29971.83        46736.34        16764.51       

  机器利用率: 588.85% (忙碌时间: 439927.32 / 总时间: 74709.98)

打印机4:
工件号      工序号             开始时间            结束时间            加工时长           
--------------------------------------------------------------------------------
  8        0               0.00            46816.94        46816.94       
  18       0               0.00            46816.94        46816.94       
  22       0               0.00            46816.94        46816.94       
  24       0               0.00            46816.94        46816.94       
  48       0               0.00            46816.94        46816.94       
  62       0               0.00            46816.94        46816.94       
  66       0               0.00            46816.94        46816.94       
  79       0               0.00            46816.94        46816.94       
  81       0               0.00            46816.94        46816.94       
  83       0               0.00            46816.94        46816.94       
  90       0               0.00            46816.94        46816.94       
  92       0               0.00            46816.94        46816.94       
  17       0               46816.94        57398.59        10581.65       
  56       0               46816.94        57398.59        10581.65       
  77       0               46816.94        57398.59        10581.65       

  机器利用率: 794.47% (忙碌时间: 593548.24 / 总时间: 74709.98)

打印机5:
工件号      工序号             开始时间            结束时间            加工时长           
--------------------------------------------------------------------------------
  5        0               0.00            37997.00        37997.00       
  7        0               0.00            37997.00        37997.00       
  11       0               0.00            37997.00        37997.00       
  21       0               0.00            37997.00        37997.00       
  33       0               0.00            37997.00        37997.00       
  36       0               0.00            37997.00        37997.00       
  37       0               0.00            37997.00        37997.00       
  38       0               0.00            37997.00        37997.00       
  40       0               0.00            37997.00        37997.00       
  53       0               0.00            37997.00        37997.00       
  63       0               0.00            37997.00        37997.00       
  75       0               0.00            37997.00        37997.00       
  93       0               0.00            37997.00        37997.00       
  97       0               0.00            37997.00        37997.00       
  16       0               37997.00        49394.00        11397.00       
  45       0               37997.00        49394.00        11397.00       
  46       0               37997.00        49394.00        11397.00       
  61       0               37997.00        49394.00        11397.00       
  78       0               37997.00        49394.00        11397.00       

  机器利用率: 788.31% (忙碌时间: 588943.00 / 总时间: 74709.98)

批处理机1:
工件号      工序号             开始时间            结束时间            加工时长           
--------------------------------------------------------------------------------
  3        1               29971.83        31081.83        1110.00        
  4        1               29971.83        31081.83        1110.00        
  6        1               29971.83        31081.83        1110.00        
  32       1               29971.83        31081.83        1110.00        
  35       1               29971.83        31081.83        1110.00        
  54       1               29971.83        31081.83        1110.00        
  55       1               29971.83        31081.83        1110.00        
  70       1               29971.83        31081.83        1110.00        
  76       1               29971.83        31081.83        1110.00        
  85       1               29971.83        31081.83        1110.00        
  86       1               29971.83        31081.83        1110.00        
  94       1               29971.83        31081.83        1110.00        
  95       1               29971.83        31081.83        1110.00        
  26       1               38857.95        39967.95        1110.00        
  30       1               38857.95        39967.95        1110.00        
  88       1               38857.95        39967.95        1110.00        
  8        1               46816.94        47926.94        1110.00        
  18       1               46816.94        47926.94        1110.00        
  22       1               46816.94        47926.94        1110.00        
  24       1               46816.94        47926.94        1110.00        
  48       1               46816.94        47926.94        1110.00        
  62       1               46816.94        47926.94        1110.00        
  66       1               46816.94        47926.94        1110.00        
  79       1               46816.94        47926.94        1110.00        
  81       1               46816.94        47926.94        1110.00        
  83       1               46816.94        47926.94        1110.00        
  90       1               46816.94        47926.94        1110.00        
  92       1               46816.94        47926.94        1110.00        

  机器利用率: 41.60% (忙碌时间: 31080.00 / 总时间: 74709.98)

批处理机2:
工件号      工序号             开始时间            结束时间            加工时长           
--------------------------------------------------------------------------------
  10       1               25845.64        26909.64        1064.00        
  14       1               25845.64        26909.64        1064.00        
  28       1               25845.64        26909.64        1064.00        
  47       1               25845.64        26909.64        1064.00        
  52       1               25845.64        26909.64        1064.00        
  58       1               25845.64        26909.64        1064.00        
  59       1               25845.64        26909.64        1064.00        
  68       1               25845.64        26909.64        1064.00        
  82       1               25845.64        26909.64        1064.00        
  84       1               25845.64        26909.64        1064.00        
  12       1               29156.70        30220.70        1064.00        
  13       1               29156.70        30220.70        1064.00        
  19       1               29156.70        30220.70        1064.00        
  20       1               29156.70        30220.70        1064.00        
  34       1               29156.70        30220.70        1064.00        
  42       1               29156.70        30220.70        1064.00        
  44       1               29156.70        30220.70        1064.00        
  50       1               29156.70        30220.70        1064.00        
  57       1               29156.70        30220.70        1064.00        
  65       1               29156.70        30220.70        1064.00        
  67       1               29156.70        30220.70        1064.00        
  69       1               29156.70        30220.70        1064.00        
  96       1               29156.70        30220.70        1064.00        
  99       1               29156.70        30220.70        1064.00        
  5        1               37997.00        39061.00        1064.00        
  7        1               37997.00        39061.00        1064.00        
  11       1               37997.00        39061.00        1064.00        
  21       1               37997.00        39061.00        1064.00        
  33       1               37997.00        39061.00        1064.00        
  36       1               37997.00        39061.00        1064.00        
  37       1               37997.00        39061.00        1064.00        
  38       1               37997.00        39061.00        1064.00        
  40       1               37997.00        39061.00        1064.00        
  53       1               37997.00        39061.00        1064.00        
  63       1               37997.00        39061.00        1064.00        
  75       1               37997.00        39061.00        1064.00        
  93       1               37997.00        39061.00        1064.00        
  97       1               37997.00        39061.00        1064.00        
  71       1               43267.69        44331.69        1064.00        
  87       1               43267.69        44331.69        1064.00        
  15       1               46736.34        47800.34        1064.00        
  41       1               46736.34        47800.34        1064.00        
  49       1               46736.34        47800.34        1064.00        
  1        1               47874.81        48938.81        1064.00        
  9        1               47874.81        48938.81        1064.00        
  23       1               47874.81        48938.81        1064.00        
  31       1               47874.81        48938.81        1064.00        
  39       1               47874.81        48938.81        1064.00        
  51       1               47874.81        48938.81        1064.00        
  73       1               47874.81        48938.81        1064.00        
  74       1               47874.81        48938.81        1064.00        
  80       1               47874.81        48938.81        1064.00        
  91       1               47874.81        48938.81        1064.00        
  98       1               47874.81        48938.81        1064.00        
  16       1               49394.00        50458.00        1064.00        
  45       1               49394.00        50458.00        1064.00        
  46       1               49394.00        50458.00        1064.00        
  61       1               49394.00        50458.00        1064.00        
  78       1               49394.00        50458.00        1064.00        
  2        1               51908.21        52972.21        1064.00        
  27       1               51908.21        52972.21        1064.00        
  64       1               51908.21        52972.21        1064.00        
  0        1               53320.98        54384.98        1064.00        
  25       1               53320.98        54384.98        1064.00        
  29       1               53320.98        54384.98        1064.00        
  60       1               53320.98        54384.98        1064.00        
  72       1               53320.98        54384.98        1064.00        
  89       1               53320.98        54384.98        1064.00        
  17       1               57398.59        58462.59        1064.00        
  56       1               57398.59        58462.59        1064.00        
  77       1               57398.59        58462.59        1064.00        
  43       1               58715.38        59779.38        1064.00        

  机器利用率: 102.54% (忙碌时间: 76608.00 / 总时间: 74709.98)

离散机1:
工件号      工序号             开始时间            结束时间            加工时长           
--------------------------------------------------------------------------------
  52       2               26909.64        28027.64        1118.00        
  52       4               29822.64        30844.64        1022.00        
  4        2               31081.83        32214.83        1133.00        
  3        2               32214.83        33146.83        932.00         
  52       5               33146.83        34701.83        1555.00        
  32       4               34701.83        35630.83        929.00         
  34       3               35630.83        37024.83        1394.00        
  35       3               37024.83        38125.83        1101.00        
  37       2               39061.00        40219.00        1158.00        
  5        2               40219.00        41892.00        1673.00        
  75       3               41892.00        43037.00        1145.00        
  7        4               43037.00        43963.00        926.00         
  75       4               43963.00        45218.00        1255.00        
  65       5               45218.00        46379.00        1161.00        
  97       3               46379.00        47844.00        1465.00        
  31       2               48938.81        50352.81        1414.00        
  66       2               50352.81        51655.81        1303.00        
  73       2               51655.81        52690.81        1035.00        
  83       4               52690.81        54041.81        1351.00        
  47       8               54041.81        55348.81        1307.00        
  29       2               55348.81        56534.81        1186.00        
  72       3               56787.98        58278.98        1491.00        
  0        4               58278.98        59193.98        915.00         
  45       7               59370.81        60327.81        957.00         
  25       5               60332.59        61378.59        1046.00        
  46       5               61378.59        62314.59        936.00         
  46       6               62314.59        63386.59        1072.00        
  8        6               63386.59        64419.59        1033.00        
  43       3               64780.98        66236.98        1456.00        
  55       7               66236.98        67634.98        1398.00        
  77       4               67634.98        69062.98        1428.00        
  43       5               69311.98        70407.98        1096.00        
  66       6               70407.98        71533.98        1126.00        
  10       6               71533.98        73168.98        1635.00        
  96       8               73168.98        74331.98        1163.00        

  机器利用率: 56.64% (忙碌时间: 42315.00 / 总时间: 74709.98)

离散机2:
工件号      工序号             开始时间            结束时间            加工时长           
--------------------------------------------------------------------------------
  47       2               26909.64        28162.64        1253.00        
  58       2               28162.64        29250.64        1088.00        
  28       2               29250.64        30586.64        1336.00        
  32       2               31081.83        32212.83        1131.00        
  34       2               32212.83        33875.83        1663.00        
  54       2               33875.83        34834.83        959.00         
  6        3               34834.83        36499.83        1665.00        
  3        4               36499.83        37497.83        998.00         
  52       6               37497.83        38512.83        1015.00        
  7        2               39061.00        40049.00        988.00         
  93       2               40049.00        41702.00        1653.00        
  37       3               41702.00        43472.00        1770.00        
  5        4               43472.00        44392.00        920.00         
  5        5               44392.00        45563.00        1171.00        
  7        5               45563.00        46908.00        1345.00        
  5        6               46908.00        47808.00        900.00         
  47       7               47808.00        48913.00        1105.00        
  41       3               49348.34        51045.34        1697.00        
  15       2               51045.34        52644.34        1599.00        
  8        4               52644.34        54255.34        1611.00        
  16       2               54255.34        56045.34        1790.00        
  39       4               56045.34        57571.34        1526.00        
  25       3               57801.98        59127.98        1326.00        
  15       4               59127.98        60217.98        1090.00        
  1        4               60217.98        61141.98        924.00         
  94       6               61141.98        62151.98        1010.00        
  71       4               62187.98        63341.98        1154.00        
  74       4               63341.98        64532.98        1191.00        
  4        6               64532.98        65554.98        1022.00        
  17       7               65784.59        66755.59        971.00         
  92       3               66755.59        67950.59        1195.00        
  94       7               67950.59        69544.59        1594.00        
  10       5               69544.59        71273.59        1729.00        
  13       7               71273.59        72254.59        981.00         
  3        6               72254.59        73619.59        1365.00        

  机器利用率: 59.88% (忙碌时间: 44735.00 / 总时间: 74709.98)

离散机3:
工件号      工序号             开始时间            结束时间            加工时长           
--------------------------------------------------------------------------------
  82       2               26909.64        28508.64        1599.00        
  59       3               28508.64        29453.64        945.00         
  13       2               30220.70        31677.70        1457.00        
  99       3               31677.70        33056.70        1379.00        
  58       3               33056.70        34574.70        1518.00        
  14       5               34574.70        36004.70        1430.00        
  99       5               36004.70        37364.70        1360.00        
  94       3               37364.70        38915.70        1551.00        
  11       2               39061.00        40442.00        1381.00        
  47       6               40442.00        41885.00        1443.00        
  86       3               41885.00        43205.00        1320.00        
  6        4               43205.00        44161.00        956.00         
  30       4               44195.00        45114.00        919.00         
  11       4               45114.00        46105.00        991.00         
  26       5               46147.00        47756.00        1609.00        
  87       2               47756.00        48892.00        1136.00        
  74       2               48938.81        49967.81        1029.00        
  24       2               49967.81        51297.81        1330.00        
  45       2               51297.81        52618.81        1321.00        
  1        2               52618.81        53653.81        1035.00        
  89       2               54384.98        55980.98        1596.00        
  0        2               55980.98        56880.98        900.00         
  25       2               56880.98        57801.98        921.00         
  15       3               57801.98        58790.98        989.00         
  23       3               58790.98        59887.98        1097.00        
  46       4               59887.98        60973.98        1086.00        
  55       5               60973.98        62512.98        1539.00        
  15       6               62512.98        63742.98        1230.00        
  43       2               63742.98        64780.98        1038.00        
  89       3               64780.98        65768.98        988.00         
  21       3               65768.98        66886.98        1118.00        
  88       4               66886.98        68016.98        1130.00        
  43       4               68016.98        69311.98        1295.00        
  96       7               69311.98        70477.98        1166.00        
  23       7               70477.98        72093.98        1616.00        
  83       7               72093.98        73269.98        1176.00        
  46       7               73269.98        74503.98        1234.00        

  机器利用率: 61.34% (忙碌时间: 45828.00 / 总时间: 74709.98)

离散机4:
工件号      工序号             开始时间            结束时间            加工时长           
--------------------------------------------------------------------------------
  52       3               28027.64        29822.64        1795.00        
  59       4               29822.64        31064.64        1242.00        
  55       2               31081.83        32540.83        1459.00        
  96       3               32540.83        34221.83        1681.00        
  42       2               34221.83        35616.83        1395.00        
  59       5               35616.83        36550.83        934.00         
  68       3               36550.83        37995.83        1445.00        
  69       5               38007.70        39021.70        1014.00        
  75       2               39061.00        40222.00        1161.00        
  36       4               41061.00        42350.00        1289.00        
  96       5               42350.00        43723.00        1373.00        
  86       4               43723.00        45495.00        1772.00        
  33       5               45495.00        46493.00        998.00         
  36       7               46559.00        47482.00        923.00         
  83       2               47926.94        49147.94        1221.00        
  62       2               49147.94        50430.94        1283.00        
  41       4               51045.34        51948.34        903.00         
  94       5               51948.34        52902.34        954.00         
  30       8               52902.34        54279.34        1377.00        
  60       2               54384.98        55402.98        1018.00        
  72       2               55402.98        56787.98        1385.00        
  24       5               56787.98        58179.98        1392.00        
  72       4               58278.98        59537.98        1259.00        
  36       8               59537.98        60519.98        982.00         
  71       3               60519.98        62187.98        1668.00        
  51       2               62187.98        63350.98        1163.00        
  24       8               63350.98        64701.98        1351.00        
  83       6               64701.98        66127.98        1426.00        
  67       4               66127.98        67890.98        1763.00        
  40       6               67890.98        69211.98        1321.00        
  8        7               69211.98        70872.98        1661.00        
  0        5               70872.98        72577.98        1705.00        

  机器利用率: 56.64% (忙碌时间: 42313.00 / 总时间: 74709.98)

离散机5:
工件号      工序号             开始时间            结束时间            加工时长           
--------------------------------------------------------------------------------
  47       3               28162.64        29314.64        1152.00        
  47       5               30364.64        31702.64        1338.00        
  32       3               32212.83        33618.83        1406.00        
  20       3               33618.83        34843.83        1225.00        
  86       2               34843.83        35987.83        1144.00        
  13       4               35987.83        37663.83        1676.00        
  13       5               37663.83        38712.83        1049.00        
  10       3               38712.83        39780.83        1068.00        
  33       3               40255.00        41319.00        1064.00        
  97       2               41319.00        42302.00        983.00         
  58       5               42302.00        43512.00        1210.00        
  34       4               43512.00        44942.00        1430.00        
  30       5               45114.00        46038.00        924.00         
  30       6               46038.00        47212.00        1174.00        
  8        2               47926.94        49182.94        1256.00        
  79       2               49182.94        50105.94        923.00         
  91       2               50105.94        51744.94        1639.00        
  30       7               51744.94        52887.94        1143.00        
  24       4               52987.81        54053.81        1066.00        
  45       4               54053.81        55267.81        1214.00        
  90       2               55267.81        56644.81        1377.00        
  8        5               56644.81        57632.81        988.00         
  31       4               57632.81        59140.81        1508.00        
  41       7               59140.81        60410.81        1270.00        
  32       6               60410.81        61415.81        1005.00        
  69       7               61415.81        62982.81        1567.00        
  29       3               62982.81        64127.81        1145.00        
  17       6               64363.59        65784.59        1421.00        
  15       7               65784.59        66697.59        913.00         
  72       7               66697.59        67833.59        1136.00        
  26       9               67833.59        69329.59        1496.00        
  9        3               69329.59        70242.59        913.00         
  33       6               70242.59        71181.59        939.00         
  72       8               71181.59        72573.59        1392.00        
  23       8               72573.59        73811.59        1238.00        

  机器利用率: 56.74% (忙碌时间: 42392.00 / 总时间: 74709.98)

离散机6:
工件号      工序号             开始时间            结束时间            加工时长           
--------------------------------------------------------------------------------
  10       2               26909.64        27913.64        1004.00        
  14       3               28212.64        29588.64        1376.00        
  14       4               29588.64        30679.64        1091.00        
  94       2               31081.83        32521.83        1440.00        
  57       2               32521.83        33647.83        1126.00        
  6        2               33647.83        34652.83        1005.00        
  85       2               34652.83        35894.83        1242.00        
  28       3               35894.83        36885.83        991.00         
  58       4               36885.83        37994.83        1109.00        
  44       2               37994.83        38980.83        986.00         
  53       2               39061.00        40026.00        965.00         
  32       5               40026.00        41226.00        1200.00        
  26       3               41929.00        43071.00        1142.00        
  33       4               43071.00        43980.00        909.00         
  37       4               43980.00        45171.00        1191.00        
  40       4               45171.00        46551.00        1380.00        
  28       6               46551.00        47582.00        1031.00        
  49       2               47800.34        49249.34        1449.00        
  49       3               49249.34        50195.34        946.00         
  8        3               50195.34        51222.34        1027.00        
  24       3               51297.81        52987.81        1690.00        
  46       3               52987.81        53990.81        1003.00        
  26       6               53990.81        55269.81        1279.00        
  14       9               55269.81        56596.81        1327.00        
  81       2               56596.81        57860.81        1264.00        
  45       6               57860.81        59370.81        1510.00        
  17       3               59416.59        60654.59        1238.00        
  20       4               60654.59        61914.59        1260.00        
  77       3               61914.59        62955.59        1041.00        
  83       5               62955.59        63935.59        980.00         
  92       2               63935.59        64967.59        1032.00        
  10       4               64967.59        66483.59        1516.00        
  97       4               66483.59        67946.59        1463.00        
  87       4               67946.59        69606.59        1660.00        
  21       4               69606.59        71171.59        1565.00        
  17       8               71171.59        72090.59        919.00         
  43       6               72090.59        73127.59        1037.00        
  4        7               73127.59        74465.59        1338.00        

  机器利用率: 61.21% (忙碌时间: 45732.00 / 总时间: 74709.98)

离散机7:
工件号      工序号             开始时间            结束时间            加工时长           
--------------------------------------------------------------------------------
  14       2               26909.64        28212.64        1303.00        
  68       2               28212.64        29576.64        1364.00        
  20       2               30220.70        31402.70        1182.00        
  19       2               31402.70        32836.70        1434.00        
  99       4               33056.70        34058.70        1002.00        
  3        3               34058.70        35187.70        1129.00        
  69       3               35187.70        36698.70        1511.00        
  14       6               36698.70        37819.70        1121.00        
  96       4               37819.70        38937.70        1118.00        
  33       2               39061.00        40255.00        1194.00        
  26       2               40255.00        41929.00        1674.00        
  88       2               41929.00        43236.00        1307.00        
  21       2               43236.00        44790.00        1554.00        
  26       4               44790.00        46147.00        1357.00        
  55       4               46147.00        47315.00        1168.00        
  67       3               47315.00        48718.00        1403.00        
  13       6               48718.00        50329.00        1611.00        
  46       2               50458.00        51587.00        1129.00        
  74       3               51587.00        52832.00        1245.00        
  66       3               52832.00        53998.00        1166.00        
  49       4               53998.00        55549.00        1551.00        
  1        3               55549.00        57331.00        1782.00        
  41       6               57331.00        58603.00        1272.00        
  77       2               58603.00        59752.00        1149.00        
  15       5               60217.98        61626.98        1409.00        
  23       4               61626.98        63383.98        1757.00        
  72       5               63383.98        64952.98        1569.00        
  30       9               64952.98        66092.98        1140.00        
  16       3               66092.98        67661.98        1569.00        
  9        2               67661.98        68946.98        1285.00        
  67       5               68946.98        70206.98        1260.00        
  75       6               70206.98        71124.98        918.00         
  3        5               71124.98        72215.98        1091.00        
  59       6               72215.98        73684.98        1469.00        
  65       6               73684.98        74709.98        1025.00        

  机器利用率: 61.86% (忙碌时间: 46218.00 / 总时间: 74709.98)

离散机8:
工件号      工序号             开始时间            结束时间            加工时长           
--------------------------------------------------------------------------------
  69       2               30220.70        31426.70        1206.00        
  35       2               31426.70        33144.70        1718.00        
  13       3               33144.70        34182.70        1038.00        
  57       3               34182.70        35169.70        987.00         
  65       4               35307.70        36216.70        909.00         
  69       4               36698.70        38007.70        1309.00        
  40       2               39061.00        40172.00        1111.00        
  7        3               40172.00        41388.00        1216.00        
  5        3               41892.00        43188.00        1296.00        
  30       3               43188.00        44195.00        1007.00        
  36       5               44195.00        45611.00        1416.00        
  14       7               45611.00        47202.00        1591.00        
  41       2               47800.34        49348.34        1548.00        
  83       3               49348.34        50334.34        986.00         
  31       3               50352.81        51284.81        932.00         
  88       3               51284.81        52583.81        1299.00        
  45       3               52618.81        53811.81        1193.00        
  41       5               53811.81        54924.81        1113.00        
  45       5               55267.81        56764.81        1497.00        
  5        7               56764.81        58241.81        1477.00        
  66       4               58241.81        59492.81        1251.00        
  69       6               59492.81        60726.81        1234.00        
  4        5               60726.81        61643.81        917.00         
  24       7               61643.81        63061.81        1418.00        
  55       6               63061.81        64271.81        1210.00        
  78       2               64271.81        65556.81        1285.00        
  11       5               65556.81        66494.81        938.00         
  81       3               66494.81        67682.81        1188.00        
  11       6               67682.81        68698.81        1016.00        

  机器利用率: 47.26% (忙碌时间: 35306.00 / 总时间: 74709.98)

离散机9:
工件号      工序号             开始时间            结束时间            加工时长           
--------------------------------------------------------------------------------
  82       3               28508.64        29437.64        929.00         
  96       2               30220.70        31504.70        1284.00        
  65       2               31504.70        32910.70        1406.00        
  67       2               32910.70        33841.70        931.00         
  65       3               33841.70        35307.70        1466.00        
  85       3               35894.83        37565.83        1671.00        
  68       4               37995.83        38924.83        929.00         
  36       2               39061.00        40055.00        994.00         
  30       2               40055.00        41154.00        1099.00        
  40       3               41154.00        42464.00        1310.00        
  11       3               42464.00        43580.00        1116.00        
  93       3               43580.00        44609.00        1029.00        
  99       7               44609.00        45677.00        1068.00        
  96       6               45677.00        46701.00        1024.00        
  6        5               46701.00        47978.00        1277.00        
  40       5               47978.00        48896.00        918.00         
  39       2               48938.81        50238.81        1300.00        
  23       2               50238.81        51278.81        1040.00        
  7        6               51278.81        52740.81        1462.00        
  71       2               52740.81        53809.81        1069.00        
  87       3               53809.81        55082.81        1273.00        
  26       7               55269.81        56270.81        1001.00        
  26       8               56270.81        57334.81        1064.00        
  64       2               57334.81        58535.81        1201.00        
  53       3               58535.81        59565.81        1030.00        
  93       5               59565.81        60639.81        1074.00        
  17       4               60654.59        61639.59        985.00         
  25       6               61639.59        63357.59        1718.00        
  17       5               63357.59        64363.59        1006.00        
  20       5               64363.59        65579.59        1216.00        
  23       6               65579.59        66676.59        1097.00        
  31       5               66676.59        68385.59        1709.00        
  66       5               68385.59        69539.59        1154.00        
  31       6               69539.59        70706.59        1167.00        
  18       2               70706.59        71848.59        1142.00        
  45       8               71848.59        72759.59        911.00         
  69       8               72759.59        73757.59        998.00         

  机器利用率: 57.65% (忙碌时间: 43068.00 / 总时间: 74709.98)

离散机10:
工件号      工序号             开始时间            结束时间            加工时长           
--------------------------------------------------------------------------------
  59       2               26909.64        28297.64        1388.00        
  47       4               29314.64        30364.64        1050.00        
  99       2               30364.64        31661.64        1297.00        
  55       3               32540.83        34002.83        1462.00        
  12       2               34002.83        35525.83        1523.00        
  4        3               35525.83        36873.83        1348.00        
  28       4               36885.83        38093.83        1208.00        
  28       5               38093.83        39159.83        1066.00        
  36       3               40055.00        41061.00        1006.00        
  50       2               41061.00        42189.00        1128.00        
  99       6               42189.00        43488.00        1299.00        
  4        4               43488.00        45191.00        1703.00        
  36       6               45611.00        46559.00        948.00         
  94       4               46559.00        47478.00        919.00         
  14       8               47478.00        48735.00        1257.00        
  48       2               48735.00        50174.00        1439.00        
  39       3               50238.81        51176.81        938.00         
  75       5               51176.81        52842.81        1666.00        
  2        2               52972.21        54152.21        1180.00        
  93       4               54152.21        55641.21        1489.00        
  70       2               55641.21        56823.21        1182.00        
  0        3               56880.98        58086.98        1206.00        
  17       2               58462.59        59416.59        954.00         
  25       4               59416.59        60332.59        916.00         
  24       6               60332.59        61509.59        1177.00        
  42       3               61509.59        62706.59        1197.00        
  23       5               63383.98        64988.98        1605.00        
  72       6               64988.98        66362.98        1374.00        
  20       6               66362.98        67282.98        920.00         
  25       7               67282.98        68410.98        1128.00        
  52       7               68410.98        69333.98        923.00         
  86       5               69333.98        70530.98        1197.00        
  39       5               70530.98        71956.98        1426.00        
  33       7               71956.98        73363.98        1407.00        
  32       7               73363.98        74439.98        1076.00        

  机器利用率: 57.56% (忙碌时间: 43002.00 / 总时间: 74709.98)

【打印批次详细信息】
----------------------------------------------------------------------------------------------------

打印机 1 (尺寸: 1033.0 x 412.0 x 635.0):
--------------------------------------------------------------------------------
  批次 1: 零件数=10, 占用率=84.46%
    - 82: 尺寸 191.0 x 198.0 x 181.0
    - 47: 尺寸 178.0 x 51.0 x 176.0
    - 84: 尺寸 132.0 x 148.0 x 176.0
    - 10: 尺寸 480.0 x 155.0 x 175.0
    - 59: 尺寸 229.0 x 159.0 x 122.0
    - 52: 尺寸 59.0 x 170.0 x 100.0
    - 68: 尺寸 413.0 x 227.0 x 174.0
    - 14: 尺寸 98.0 x 183.0 x 54.0
    - 28: 尺寸 148.0 x 108.0 x 40.0
    - 58: 尺寸 246.0 x 181.0 x 77.0
  批次 2: 零件数=3, 占用率=82.42%
    - 30: 尺寸 686.0 x 336.0 x 90.0
    - 88: 尺寸 207.0 x 385.0 x 83.0
    - 26: 尺寸 115.0 x 353.0 x 50.0
  批次 3: 零件数=2, 占用率=65.58%
    - 71: 尺寸 699.0 x 267.0 x 29.0
    - 87: 尺寸 690.0 x 134.0 x 26.0
  批次 4: 零件数=3, 占用率=84.42%
    - 64: 尺寸 441.0 x 333.0 x 52.0
    - 2: 尺寸 568.0 x 184.0 x 44.0
    - 27: 尺寸 565.0 x 191.0 x 59.0
  批次 5: 零件数=1, 占用率=40.04%
    - 43: 尺寸 713.0 x 239.0 x 46.0

打印机 2 (尺寸: 1163.0 x 587.0 x 663.0):
--------------------------------------------------------------------------------
  批次 1: 零件数=14, 占用率=93.54%
    - 34: 尺寸 206.0 x 118.0 x 193.0
    - 13: 尺寸 87.0 x 87.0 x 191.0
    - 67: 尺寸 121.0 x 144.0 x 191.0
    - 96: 尺寸 711.0 x 335.0 x 59.0
    - 50: 尺寸 123.0 x 185.0 x 171.0
    - 99: 尺寸 203.0 x 390.0 x 186.0
    - 42: 尺寸 114.0 x 86.0 x 61.0
    - 57: 尺寸 114.0 x 139.0 x 92.0
    - 20: 尺寸 89.0 x 142.0 x 104.0
    - 65: 尺寸 688.0 x 246.0 x 28.0
    - 19: 尺寸 58.0 x 220.0 x 76.0
    - 12: 尺寸 99.0 x 132.0 x 97.0
    - 44: 尺寸 79.0 x 103.0 x 14.0
    - 69: 尺寸 101.0 x 76.0 x 43.0
  批次 2: 零件数=11, 占用率=81.95%
    - 39: 尺寸 396.0 x 158.0 x 123.0
    - 73: 尺寸 177.0 x 159.0 x 112.0
    - 74: 尺寸 488.0 x 192.0 x 92.0
    - 9: 尺寸 101.0 x 149.0 x 45.0
    - 1: 尺寸 465.0 x 126.0 x 96.0
    - 51: 尺寸 173.0 x 135.0 x 83.0
    - 23: 尺寸 422.0 x 283.0 x 63.0
    - 98: 尺寸 197.0 x 134.0 x 63.0
    - 31: 尺寸 355.0 x 260.0 x 20.0
    - 91: 尺寸 133.0 x 179.0 x 39.0
    - 80: 尺寸 152.0 x 106.0 x 19.0
  批次 3: 零件数=6, 占用率=50.71%
    - 29: 尺寸 302.0 x 137.0 x 33.0
    - 25: 尺寸 207.0 x 202.0 x 33.0
    - 72: 尺寸 426.0 x 214.0 x 34.0
    - 89: 尺寸 185.0 x 233.0 x 23.0
    - 0: 尺寸 268.0 x 250.0 x 27.0
    - 60: 尺寸 170.0 x 363.0 x 19.0

打印机 3 (尺寸: 941.0 x 424.0 x 663.0):
--------------------------------------------------------------------------------
  批次 1: 零件数=13, 占用率=80.94%
    - 86: 尺寸 349.0 x 205.0 x 127.0
    - 85: 尺寸 63.0 x 205.0 x 96.0
    - 54: 尺寸 529.0 x 120.0 x 52.0
    - 3: 尺寸 114.0 x 130.0 x 98.0
    - 55: 尺寸 72.0 x 93.0 x 88.0
    - 32: 尺寸 98.0 x 66.0 x 75.0
    - 70: 尺寸 217.0 x 139.0 x 55.0
    - 95: 尺寸 55.0 x 202.0 x 55.0
    - 6: 尺寸 306.0 x 134.0 x 68.0
    - 4: 尺寸 136.0 x 148.0 x 21.0
    - 35: 尺寸 106.0 x 96.0 x 48.0
    - 76: 尺寸 168.0 x 165.0 x 18.0
    - 94: 尺寸 86.0 x 78.0 x 15.0
  批次 2: 零件数=3, 占用率=49.79%
    - 49: 尺寸 720.0 x 166.0 x 70.0
    - 41: 尺寸 84.0 x 420.0 x 65.0
    - 15: 尺寸 255.0 x 172.0 x 44.0

打印机 4 (尺寸: 1081.0 x 523.0 x 615.0):
--------------------------------------------------------------------------------
  批次 1: 零件数=12, 占用率=84.98%
    - 83: 尺寸 441.0 x 153.0 x 197.0
    - 81: 尺寸 134.0 x 93.0 x 170.0
    - 92: 尺寸 440.0 x 247.0 x 168.0
    - 48: 尺寸 200.0 x 205.0 x 83.0
    - 66: 尺寸 438.0 x 139.0 x 124.0
    - 62: 尺寸 188.0 x 133.0 x 95.0
    - 90: 尺寸 241.0 x 85.0 x 93.0
    - 79: 尺寸 382.0 x 155.0 x 83.0
    - 24: 尺寸 187.0 x 173.0 x 33.0
    - 8: 尺寸 155.0 x 115.0 x 87.0
    - 22: 尺寸 69.0 x 106.0 x 68.0
    - 18: 尺寸 207.0 x 134.0 x 86.0
  批次 2: 零件数=3, 占用率=62.02%
    - 77: 尺寸 509.0 x 204.0 x 43.0
    - 56: 尺寸 312.0 x 305.0 x 32.0
    - 17: 尺寸 668.0 x 227.0 x 36.0

打印机 5 (尺寸: 1118.0 x 504.0 x 631.0):
--------------------------------------------------------------------------------
  批次 1: 零件数=14, 占用率=84.15%
    - 53: 尺寸 142.0 x 121.0 x 188.0
    - 38: 尺寸 144.0 x 118.0 x 155.0
    - 5: 尺寸 187.0 x 63.0 x 153.0
    - 36: 尺寸 468.0 x 164.0 x 153.0
    - 63: 尺寸 163.0 x 195.0 x 52.0
    - 37: 尺寸 179.0 x 208.0 x 109.0
    - 93: 尺寸 139.0 x 291.0 x 38.0
    - 40: 尺寸 122.0 x 148.0 x 103.0
    - 75: 尺寸 460.0 x 290.0 x 105.0
    - 11: 尺寸 123.0 x 306.0 x 35.0
    - 7: 尺寸 105.0 x 98.0 x 89.0
    - 97: 尺寸 213.0 x 107.0 x 56.0
    - 33: 尺寸 143.0 x 98.0 x 20.0
    - 21: 尺寸 109.0 x 53.0 x 36.0
  批次 2: 零件数=5, 占用率=54.51%
    - 78: 尺寸 257.0 x 259.0 x 55.0
    - 45: 尺寸 266.0 x 241.0 x 26.0
    - 61: 尺寸 533.0 x 123.0 x 54.0
    - 16: 尺寸 441.0 x 143.0 x 42.0
    - 46: 尺寸 389.0 x 123.0 x 52.0

════════════════════════════════════════════════════════════════
