════════════════════════════════════════════════════════════════
              最优Cmax解的详细调度记录
════════════════════════════════════════════════════════════════

【基本信息】
----------------------------------------------------------------------------------------------------
Cmax (最大完工时间): 70978.05
能耗: 897.67 kWh
装箱质量: 0.5351
批次总数: 13
工件数量: 100
机器数量: 17 (打印机:5, 批处理机:2, 离散机:10)

【染色体编码】
----------------------------------------------------------------------------------------------------
工序序列 (OS): [3, 10, 29, 97, 79, 91, 17, 45, 22, 41, 84, 49, 25, 47, 85, 86, 33, 53, 83, 90, 51, 26, 9, 8, 43, 14, 38, 37, 27, 87, 56, 75, 42, 13, 34, 40, 74, 46, 23, 92, 62, 2, 77, 32, 63, 89, 61, 12, 58, 7, 96, 76, 80, 24, 35, 21, 11, 15, 54, 30, 78, 93, 18, 65, 50, 4, 39, 66, 28, 5, 99, 16, 94, 59, 98, 57, 48, 68, 81, 69, 20, 64, 36, 52, 31, 72, 0, 88, 44, 6, 19, 95, 1, 55, 82, 67, 70, 71, 73, 60, 24, 67, 32, 14, 59, 55, 47, 29, 46, 8, 4, 43, 13, 53, 2, 20, 17, 3, 85, 52, 81, 60, 43, 82, 94, 94, 36, 48, 86, 39, 96, 8, 90, 17, 32, 54, 26, 11, 59, 15, 8, 52, 10, 10, 45, 4, 7, 94, 20, 33, 5, 36, 14, 45, 77, 58, 13, 55, 35, 11, 83, 49, 55, 59, 21, 47, 45, 1, 28, 96, 32, 52, 30, 39, 70, 26, 58, 58, 72, 75, 86, 66, 25, 31, 3, 41, 24, 74, 36, 55, 30, 43, 67, 33, 4, 26, 31, 59, 53, 99, 36, 25, 97, 72, 33, 23, 12, 85, 25, 89, 41, 46, 13, 43, 13, 91, 23, 86, 82, 55, 71, 7, 34, 92, 65, 77, 5, 17, 17, 45, 89, 75, 19, 58, 36, 74, 71, 6, 67, 71, 57, 52, 32, 31, 59, 28, 10, 30, 81, 28, 96, 72, 23, 69, 50, 47, 13, 40, 25, 33, 6, 30, 68, 47, 40, 52, 94, 25, 93, 47, 62, 41, 96, 15, 0, 94, 66, 13, 17, 88, 66, 72, 14, 1, 97, 37, 5, 65, 23, 6, 32, 65, 99, 20, 8, 65, 46, 69, 87, 0, 83, 5, 34, 88, 49, 43, 93, 14, 72, 33, 83, 69, 4, 69, 26, 40, 31, 21, 0, 30, 16, 39, 5, 3, 52, 96, 86, 73, 7, 36, 29, 55, 45, 83, 74, 96, 42, 5, 30, 15, 14, 10, 69, 14, 57, 93, 72, 15, 7, 87, 46, 17, 26, 24, 25, 66, 87, 94, 99, 0, 37, 41, 32, 77, 11, 36, 7, 49, 99, 3, 41, 3, 30, 75, 39, 24, 8, 69, 31, 15, 11, 65, 68, 40, 68, 35, 99, 66, 20, 75, 30, 1, 42, 20, 23, 83, 41, 18, 67, 14, 23, 23, 44, 79, 47, 24, 75, 16, 45, 93, 99, 46, 21, 9, 34, 72, 96, 4, 14, 46, 11, 83, 15, 47, 28, 92, 26, 28, 4, 9, 88, 24, 64, 6, 69, 33, 45, 10, 40, 8, 37, 26, 17, 26, 78, 97, 51, 24]
机器选择 (MS): [5, 3, 1, 4, 1, 2, 4, 2, 2, 2, 3, 3, 3, 5, 3, 2, 5, 3, 5, 5, 5, 4, 2, 1, 4, 5, 3, 5, 5, 5, 4, 5, 1, 5, 2, 4, 3, 1, 2, 1, 4, 4, 4, 2, 5, 5, 2, 4, 3, 1, 2, 2, 5, 4, 4, 1, 3, 2, 5, 1, 3, 2, 4, 4, 5, 4, 2, 2, 1, 2, 2, 5, 5, 2, 4, 3, 1, 1, 2, 1, 2, 2, 1, 2, 1, 2, 2, 1, 3, 4, 2, 1, 2, 3, 5, 2, 2, 4, 5, 2, 1, 1, 2, 3, 1, 1, 1, 2, 1, 2, 1, 2, 2, 1, 2, 1, 3, 3, 1, 1, 1, 2, 1, 2, 2, 2, 1, 1, 2, 2, 2, 1, 2, 1, 1, 2, 1, 1, 1, 1, 2, 3, 2, 1, 3, 1, 3, 1, 1, 2, 3, 3, 1, 1, 1, 1, 3, 1, 2, 3, 1, 1, 2, 3, 2, 1, 3, 2, 2, 2, 2, 1, 3, 1, 2, 1, 1, 2, 1, 2, 2, 1, 2, 2, 1, 1, 2, 1, 3, 1, 1, 1, 2, 1, 2, 1, 1, 2, 1, 1, 3, 1, 2, 1, 2, 2, 2, 1, 3, 1, 1, 2, 1, 3, 2, 1, 1, 2, 2, 1, 1, 2, 2, 2, 1, 2, 3, 1, 3, 1, 1, 2, 2, 2, 1, 1, 1, 1, 1, 1, 1, 3, 1, 1, 2, 2, 1, 1, 1, 2, 1, 1, 1, 1, 2, 1, 1, 3, 3, 1, 1, 1, 1, 2, 1, 2, 1, 2, 3, 2, 2, 1, 1, 2, 3, 2, 2, 1, 1, 1, 2, 3, 1, 2, 1, 1, 1, 1, 3, 2, 2, 1, 1, 2, 1, 2, 2, 2, 1, 1, 1, 1, 1, 1, 1, 2, 3, 1, 1, 1, 1, 1, 1, 1, 1, 1, 1, 1, 2, 1, 1, 1, 3, 1, 3, 2, 1, 2, 1, 1, 1, 2, 1, 2, 1, 2, 1, 1, 1, 1, 1, 1, 2, 2, 1, 1, 1, 3, 3, 3, 1, 3, 1, 1, 1, 1, 1, 3, 2, 1, 1, 3, 3, 1, 2, 2, 1, 1, 1, 1, 1, 1, 1, 3, 1, 1, 1, 1, 1, 1, 1, 1, 1, 3, 1, 1, 1, 2, 3, 2, 3, 1, 3, 3, 2, 1, 1, 1, 2, 1, 2, 2, 1, 1, 1, 1, 1, 1, 1, 1, 2, 2, 1, 1, 1, 1, 1, 1, 2, 1, 2, 2, 1, 2, 1, 2, 1, 1, 3, 1, 1, 1, 1, 1, 2, 1, 1, 1, 3, 2, 1, 1, 1, 1, 1, 2, 1, 1]

【零件加工顺序记录】
----------------------------------------------------------------------------------------------------
工件号      工序号             机器号             开始时间            结束时间            加工时长           
----------------------------------------------------------------------------------------------------

工件 0:
  0        0               打印机2            0.00            18718.11        18718.11       
  0        1               批处理机2           18718.11        19782.11        1064.00        
  0        2               离散机3            19782.11        20682.11        900.00         
  0        3               离散机2            22297.11        23929.11        1632.00        
  0        4               离散机2            33888.11        35287.11        1399.00        
  0        5               离散机9            35287.11        37027.11        1740.00        

工件 1:
  1        0               打印机2            18718.11        47874.81        29156.70       
  1        1               批处理机2           47874.81        48938.81        1064.00        
  1        2               离散机3            52014.76        53049.76        1035.00        
  1        3               离散机7            55320.81        57102.81        1782.00        
  1        4               离散机2            61607.00        62531.00        924.00         

工件 2:
  2        0               打印机4            35986.82        46803.76        10816.94       
  2        1               批处理机2           46803.76        47867.76        1064.00        
  2        2               离散机3            47867.76        49529.76        1662.00        

工件 3:
  3        0               打印机5            0.00            39797.00        39797.00       
  3        1               批处理机2           39797.00        40861.00        1064.00        
  3        2               离散机1            40861.00        41793.00        932.00         
  3        3               离散机10           41793.00        43055.00        1262.00        
  3        4               离散机2            45038.00        46036.00        998.00         
  3        5               离散机7            47642.98        48733.98        1091.00        
  3        6               离散机6            61866.76        63024.76        1158.00        

工件 4:
  4        0               打印机4            0.00            24699.29        24699.29       
  4        1               批处理机2           24699.29        25763.29        1064.00        
  4        2               离散机1            25763.29        26896.29        1133.00        
  4        3               离散机10           28386.59        29734.59        1348.00        
  4        4               离散机3            29734.59        30965.59        1231.00        
  4        5               离散机8            32733.59        33650.59        917.00         
  4        6               离散机8            35914.59        37372.59        1458.00        
  4        7               离散机6            37703.11        39041.11        1338.00        

工件 5:
  5        0               打印机2            18718.11        47874.81        29156.70       
  5        1               批处理机2           47874.81        48938.81        1064.00        
  5        2               离散机1            48938.81        50611.81        1673.00        
  5        3               离散机8            51141.76        52437.76        1296.00        
  5        4               离散机2            54403.00        55323.00        920.00         
  5        5               离散机2            55323.00        56494.00        1171.00        
  5        6               离散机4            59650.00        60809.00        1159.00        
  5        7               离散机5            62065.44        63794.44        1729.00        

工件 6:
  6        0               打印机4            0.00            24699.29        24699.29       
  6        1               批处理机2           24699.29        25763.29        1064.00        
  6        2               离散机5            26746.29        28387.29        1641.00        
  6        3               离散机2            30015.11        31680.11        1665.00        
  6        4               离散机2            32695.11        33888.11        1193.00        
  6        5               离散机9            40582.82        41859.82        1277.00        

工件 7:
  7        0               打印机1            13012.31        25883.59        12871.28       
  7        1               批处理机2           25883.59        26947.59        1064.00        
  7        2               离散机3            27093.29        28614.29        1521.00        
  7        3               离散机8            31517.59        32733.59        1216.00        
  7        4               离散机1            32775.59        33701.59        926.00         
  7        5               离散机2            36377.11        37722.11        1345.00        
  7        6               离散机9            38119.82        39581.82        1462.00        

工件 8:
  8        0               打印机1            0.00            13012.31        13012.31       
  8        1               批处理机2           13012.31        14076.31        1064.00        
  8        2               离散机5            14076.31        15332.31        1256.00        
  8        3               离散机7            15332.31        17124.31        1792.00        
  8        4               离散机2            17124.31        18735.31        1611.00        
  8        5               离散机2            20913.11        22297.11        1384.00        
  8        6               离散机1            22474.11        23507.11        1033.00        
  8        7               离散机4            35710.29        37371.29        1661.00        

工件 9:
  9        0               打印机2            18718.11        47874.81        29156.70       
  9        1               批处理机2           47874.81        48938.81        1064.00        
  9        2               离散机7            66674.44        67959.44        1285.00        
  9        3               离散机5            68185.44        69098.44        913.00         

工件 10:
  10       0               打印机3            0.00            44105.98        44105.98       
  10       1               批处理机2           44105.98        45169.98        1064.00        
  10       2               离散机9            45169.98        46894.98        1725.00        
  10       3               离散机5            46894.98        47962.98        1068.00        
  10       4               离散机6            52838.05        54354.05        1516.00        
  10       5               离散机2            58284.00        60013.00        1729.00        
  10       6               离散机9            66063.44        67317.44        1254.00        

工件 11:
  11       0               打印机3            0.00            44105.98        44105.98       
  11       1               批处理机2           44105.98        45169.98        1064.00        
  11       2               离散机3            45468.00        46849.00        1381.00        
  11       3               离散机8            46849.00        47865.00        1016.00        
  11       4               离散机3            63079.76        64070.76        991.00         
  11       5               离散机8            66055.44        66993.44        938.00         
  11       6               离散机8            68611.44        69627.44        1016.00        

工件 12:
  12       0               打印机4            0.00            24699.29        24699.29       
  12       1               批处理机2           24699.29        25763.29        1064.00        
  12       2               离散机7            29750.59        31508.59        1758.00        

工件 13:
  13       0               打印机5            0.00            39797.00        39797.00       
  13       1               批处理机2           39797.00        40861.00        1064.00        
  13       2               离散机3            40861.00        42318.00        1457.00        
  13       3               离散机8            42318.00        43356.00        1038.00        
  13       4               离散机5            44948.00        46624.00        1676.00        
  13       5               离散机9            48565.98        50073.98        1508.00        
  13       6               离散机7            50491.81        52102.81        1611.00        
  13       7               离散机2            53422.00        54403.00        981.00         

工件 14:
  14       0               打印机5            0.00            39797.00        39797.00       
  14       1               批处理机2           39797.00        40861.00        1064.00        
  14       2               离散机7            40861.00        42164.00        1303.00        
  14       3               离散机3            49529.76        50921.76        1392.00        
  14       4               离散机6            54354.05        55445.05        1091.00        
  14       5               离散机8            58022.76        59536.76        1514.00        
  14       6               离散机8            59536.76        60729.76        1193.00        
  14       7               离散机8            60729.76        62320.76        1591.00        
  14       8               离散机10           63382.00        64639.00        1257.00        
  14       9               离散机8            66993.44        68611.44        1618.00        

工件 15:
  15       0               打印机2            0.00            18718.11        18718.11       
  15       1               批处理机2           18718.11        19782.11        1064.00        
  15       2               离散机8            19782.11        21188.11        1406.00        
  15       3               离散机3            22115.11        23104.11        989.00         
  15       4               离散机2            35287.11        36377.11        1090.00        
  15       5               离散机6            36377.11        37703.11        1326.00        
  15       6               离散机3            38088.82        39318.82        1230.00        
  15       7               离散机5            39318.82        40231.82        913.00         

工件 16:
  16       0               打印机5            39797.00        51994.00        12197.00       
  16       1               批处理机2           51994.00        53058.00        1064.00        
  16       2               离散机2            56494.00        58284.00        1790.00        
  16       3               离散机7            65105.44        66674.44        1569.00        

工件 17:
  17       0               打印机4            0.00            24699.29        24699.29       
  17       1               批处理机2           24699.29        25763.29        1064.00        
  17       2               离散机10           25763.29        26717.29        954.00         
  17       3               离散机6            26717.29        27955.29        1238.00        
  17       4               离散机9            28835.29        29820.29        985.00         
  17       5               离散机9            29820.29        30826.29        1006.00        
  17       6               离散机5            30826.29        32247.29        1421.00        
  17       7               离散机6            33516.29        34712.29        1196.00        
  17       8               离散机6            39041.11        39960.11        919.00         

工件 18:
  18       0               打印机4            0.00            24699.29        24699.29       
  18       1               批处理机2           24699.29        25763.29        1064.00        
  18       2               离散机9            25763.29        26905.29        1142.00        

工件 19:
  19       0               打印机2            0.00            18718.11        18718.11       
  19       1               批处理机2           18718.11        19782.11        1064.00        
  19       2               离散机7            21563.11        22997.11        1434.00        

工件 20:
  20       0               打印机2            0.00            18718.11        18718.11       
  20       1               批处理机2           18718.11        19782.11        1064.00        
  20       2               离散机1            19782.11        21356.11        1574.00        
  20       3               离散机5            21356.11        22581.11        1225.00        
  20       4               离散机6            22581.11        23841.11        1260.00        
  20       5               离散机5            34318.29        35549.29        1231.00        
  20       6               离散机10           36022.11        36942.11        920.00         

工件 21:
  21       0               打印机1            0.00            13012.31        13012.31       
  21       1               批处理机2           13012.31        14076.31        1064.00        
  21       2               离散机3            14076.31        15655.31        1579.00        
  21       3               离散机3            15655.31        16773.31        1118.00        
  21       4               离散机6            16773.31        18338.31        1565.00        

工件 22:
  22       0               打印机2            0.00            18718.11        18718.11       
  22       1               批处理机2           18718.11        19782.11        1064.00        

工件 23:
  23       0               打印机2            18718.11        47874.81        29156.70       
  23       1               批处理机2           47874.81        48938.81        1064.00        
  23       2               离散机7            48938.81        50491.81        1553.00        
  23       3               离散机1            51914.81        53563.81        1649.00        
  23       4               离散机7            53563.81        55320.81        1757.00        
  23       5               离散机6            55445.05        57033.05        1588.00        
  23       6               离散机9            62280.44        63377.44        1097.00        
  23       7               离散机5            65246.44        66947.44        1701.00        
  23       8               离散机5            66947.44        68185.44        1238.00        

工件 24:
  24       0               打印机4            0.00            24699.29        24699.29       
  24       1               批处理机2           24699.29        25763.29        1064.00        
  24       2               离散机3            25763.29        27093.29        1330.00        
  24       3               离散机9            27093.29        28835.29        1742.00        
  24       4               离散机5            33252.29        34318.29        1066.00        
  24       5               离散机4            34318.29        35710.29        1392.00        
  24       6               离散机10           36942.11        38119.11        1177.00        
  24       7               离散机8            38119.11        39537.11        1418.00        
  24       8               离散机7            43657.00        45066.00        1409.00        

工件 25:
  25       0               打印机3            0.00            44105.98        44105.98       
  25       1               批处理机2           44105.98        45169.98        1064.00        
  25       2               离散机3            46849.00        47770.00        921.00         
  25       3               离散机2            47770.00        49096.00        1326.00        
  25       4               离散机10           51758.98        52674.98        916.00         
  25       5               离散机1            53563.81        54609.81        1046.00        
  25       6               离散机9            54609.81        56327.81        1718.00        
  25       7               离散机7            59036.76        60190.76        1154.00        

工件 26:
  26       0               打印机4            0.00            24699.29        24699.29       
  26       1               批处理机2           24699.29        25763.29        1064.00        
  26       2               离散机7            28076.59        29750.59        1674.00        
  26       3               离散机8            29750.59        31517.59        1767.00        
  26       4               离散机7            31517.59        32874.59        1357.00        
  26       5               离散机3            33374.59        34983.59        1609.00        
  26       6               离散机6            34983.59        36262.59        1279.00        
  26       7               离散机9            39581.82        40582.82        1001.00        
  26       8               离散机9            43768.82        44832.82        1064.00        
  26       9               离散机5            53829.81        55325.81        1496.00        

工件 27:
  27       0               打印机5            39797.00        51994.00        12197.00       
  27       1               批处理机2           51994.00        53058.00        1064.00        

工件 28:
  28       0               打印机1            0.00            13012.31        13012.31       
  28       1               批处理机2           13012.31        14076.31        1064.00        
  28       2               离散机2            14076.31        15412.31        1336.00        
  28       3               离散机6            15412.31        16403.31        991.00         
  28       4               离散机10           16403.31        17611.31        1208.00        
  28       5               离散机7            24202.11        25502.11        1300.00        
  28       6               离散机6            25502.11        26533.11        1031.00        

工件 29:
  29       0               打印机1            0.00            13012.31        13012.31       
  29       1               批处理机2           13012.31        14076.31        1064.00        
  29       2               离散机9            14076.31        15751.31        1675.00        
  29       3               离散机8            17568.31        18747.31        1179.00        

工件 30:
  30       0               打印机1            0.00            13012.31        13012.31       
  30       1               批处理机2           13012.31        14076.31        1064.00        
  30       2               离散机2            15412.31        16561.31        1149.00        
  30       3               离散机8            16561.31        17568.31        1007.00        
  30       4               离散机3            17568.31        18487.31        919.00         
  30       5               离散机5            18487.31        19411.31        924.00         
  30       6               离散机5            19411.31        20585.31        1174.00        
  30       7               离散机7            22997.11        24202.11        1205.00        
  30       8               离散机9            24202.11        25597.11        1395.00        
  30       9               离散机7            25597.11        26737.11        1140.00        

工件 31:
  31       0               打印机1            13012.31        25883.59        12871.28       
  31       1               批处理机2           25883.59        26947.59        1064.00        
  31       2               离散机1            26947.59        28361.59        1414.00        
  31       3               离散机1            28361.59        29755.59        1394.00        
  31       4               离散机3            30965.59        32288.59        1323.00        
  31       5               离散机9            32288.59        33997.59        1709.00        
  31       6               离散机9            33997.59        35164.59        1167.00        

工件 32:
  32       0               打印机2            0.00            18718.11        18718.11       
  32       1               批处理机2           18718.11        19782.11        1064.00        
  32       2               离散机2            19782.11        20913.11        1131.00        
  32       3               离散机9            22366.11        23848.11        1482.00        
  32       4               离散机1            23848.11        24777.11        929.00         
  32       5               离散机2            28320.11        30015.11        1695.00        
  32       6               离散机5            32247.29        33252.29        1005.00        
  32       7               离散机10           33618.11        34694.11        1076.00        

工件 33:
  33       0               打印机5            0.00            39797.00        39797.00       
  33       1               批处理机2           39797.00        40861.00        1064.00        
  33       2               离散机2            42114.00        43884.00        1770.00        
  33       3               离散机5            43884.00        44948.00        1064.00        
  33       4               离散机6            46411.98        47320.98        909.00         
  33       5               离散机8            56234.76        58022.76        1788.00        
  33       6               离散机5            61126.44        62065.44        939.00         
  33       7               离散机10           64639.00        66046.00        1407.00        

工件 34:
  34       0               打印机2            18718.11        47874.81        29156.70       
  34       1               批处理机2           47874.81        48938.81        1064.00        
  34       2               离散机2            49096.00        50759.00        1663.00        
  34       3               离散机1            54609.81        56003.81        1394.00        
  34       4               离散机9            63377.44        64862.44        1485.00        

工件 35:
  35       0               打印机4            0.00            24699.29        24699.29       
  35       1               批处理机2           24699.29        25763.29        1064.00        
  35       2               离散机8            25763.29        27481.29        1718.00        
  35       3               离散机1            34637.59        35738.59        1101.00        

工件 36:
  36       0               打印机1            25883.59        50742.05        24858.46       
  36       1               批处理机2           50742.05        51806.05        1064.00        
  36       2               离散机9            51806.05        52800.05        994.00         
  36       3               离散机10           54086.00        55092.00        1006.00        
  36       4               离散机4            55092.00        56381.00        1289.00        
  36       5               离散机3            57426.76        58661.76        1235.00        
  36       6               离散机6            58661.76        60206.76        1545.00        
  36       7               离散机4            62618.44        63541.44        923.00         
  36       8               离散机5            63794.44        65246.44        1452.00        

工件 37:
  37       0               打印机5            0.00            39797.00        39797.00       
  37       1               批处理机2           39797.00        40861.00        1064.00        
  37       2               离散机1            45972.00        47130.00        1158.00        
  37       3               离散机5            51358.81        52559.81        1201.00        
  37       4               离散机6            65830.44        67021.44        1191.00        

工件 38:
  38       0               打印机3            0.00            44105.98        44105.98       
  38       1               批处理机2           44105.98        45169.98        1064.00        

工件 39:
  39       0               打印机2            0.00            18718.11        18718.11       
  39       1               批处理机2           18718.11        19782.11        1064.00        
  39       2               离散机9            19782.11        21082.11        1300.00        
  39       3               离散机10           21170.11        22108.11        938.00         
  39       4               离散机5            28387.29        29923.29        1536.00        
  39       5               离散机10           31175.59        32601.59        1426.00        

工件 40:
  40       0               打印机4            0.00            24699.29        24699.29       
  40       1               批处理机2           24699.29        25763.29        1064.00        
  40       2               离散机4            27192.11        28354.11        1162.00        
  40       3               离散机9            30826.29        32136.29        1310.00        
  40       4               离散机6            32136.29        33516.29        1380.00        
  40       5               离散机10           34694.11        36022.11        1328.00        
  40       6               离散机10           39130.11        40676.11        1546.00        

工件 41:
  41       0               打印机2            0.00            18718.11        18718.11       
  41       1               批处理机2           18718.11        19782.11        1064.00        
  41       2               离散机8            22756.11        24304.11        1548.00        
  41       3               离散机2            26623.11        28320.11        1697.00        
  41       4               离散机4            29637.11        30540.11        903.00         
  41       5               离散机2            37722.11        38841.11        1119.00        
  41       6               离散机7            38841.11        40113.11        1272.00        
  41       7               离散机5            52559.81        53829.81        1270.00        

工件 42:
  42       0               打印机1            0.00            13012.31        13012.31       
  42       1               批处理机2           13012.31        14076.31        1064.00        
  42       2               离散机4            14076.31        15471.31        1395.00        
  42       3               离散机10           17611.31        18808.31        1197.00        

工件 43:
  43       0               打印机4            24699.29        35986.82        11287.53       
  43       1               批处理机2           35986.82        37050.82        1064.00        
  43       2               离散机3            37050.82        38088.82        1038.00        
  43       3               离散机1            38088.82        39544.82        1456.00        
  43       4               离散机3            39544.82        40839.82        1295.00        
  43       5               离散机1            41793.00        42889.00        1096.00        
  43       6               离散机10           57678.00        59030.00        1352.00        

工件 44:
  44       0               打印机3            0.00            44105.98        44105.98       
  44       1               批处理机2           44105.98        45169.98        1064.00        
  44       2               离散机6            63024.76        64010.76        986.00         

工件 45:
  45       0               打印机2            0.00            18718.11        18718.11       
  45       1               批处理机2           18718.11        19782.11        1064.00        
  45       2               离散机7            19782.11        21563.11        1781.00        
  45       3               离散机8            21563.11        22756.11        1193.00        
  45       4               离散机5            22756.11        23970.11        1214.00        
  45       5               离散机8            27481.29        28978.29        1497.00        
  45       6               离散机6            29079.59        30589.59        1510.00        
  45       7               离散机2            38841.11        40040.11        1199.00        
  45       8               离散机9            42857.82        43768.82        911.00         

工件 46:
  46       0               打印机1            13012.31        25883.59        12871.28       
  46       1               批处理机2           25883.59        26947.59        1064.00        
  46       2               离散机7            26947.59        28076.59        1129.00        
  46       3               离散机6            28076.59        29079.59        1003.00        
  46       4               离散机3            32288.59        33374.59        1086.00        
  46       5               离散机1            33701.59        34637.59        936.00         
  46       6               离散机1            35738.59        36810.59        1072.00        
  46       7               离散机3            64070.76        65304.76        1234.00        

工件 47:
  47       0               打印机5            0.00            39797.00        39797.00       
  47       1               批处理机2           39797.00        40861.00        1064.00        
  47       2               离散机2            40861.00        42114.00        1253.00        
  47       3               离散机5            42238.00        43390.00        1152.00        
  47       4               离散机10           43390.00        44440.00        1050.00        
  47       5               离散机9            52800.05        54389.05        1589.00        
  47       6               离散机3            60257.76        61700.76        1443.00        
  47       7               离散机2            62531.00        63636.00        1105.00        
  47       8               离散机1            64889.44        66196.44        1307.00        

工件 48:
  48       0               打印机1            13012.31        25883.59        12871.28       
  48       1               批处理机2           25883.59        26947.59        1064.00        
  48       2               离散机10           26947.59        28386.59        1439.00        

工件 49:
  49       0               打印机3            44105.98        65968.05        21862.07       
  49       1               批处理机2           65968.05        67032.05        1064.00        
  49       2               离散机6            67032.05        68481.05        1449.00        
  49       3               离散机6            68481.05        69427.05        946.00         
  49       4               离散机7            69427.05        70978.05        1551.00        

工件 50:
  50       0               打印机5            0.00            39797.00        39797.00       
  50       1               批处理机2           39797.00        40861.00        1064.00        
  50       2               离散机6            42301.00        43653.00        1352.00        

工件 51:
  51       0               打印机5            0.00            39797.00        39797.00       
  51       1               批处理机2           39797.00        40861.00        1064.00        
  51       2               离散机4            42022.00        43185.00        1163.00        

工件 52:
  52       0               打印机2            0.00            18718.11        18718.11       
  52       1               批处理机2           18718.11        19782.11        1064.00        
  52       2               离散机1            21356.11        22474.11        1118.00        
  52       3               离散机4            22474.11        24269.11        1795.00        
  52       4               离散机2            24269.11        25657.11        1388.00        
  52       5               离散机1            29755.59        31310.59        1555.00        
  52       6               离散机2            31680.11        32695.11        1015.00        
  52       7               离散机10           32695.11        33618.11        923.00         

工件 53:
  53       0               打印机3            0.00            44105.98        44105.98       
  53       1               批处理机2           44105.98        45169.98        1064.00        
  53       2               离散机7            45169.98        46148.98        979.00         
  53       3               离散机4            46148.98        47353.98        1205.00        

工件 54:
  54       0               打印机5            39797.00        51994.00        12197.00       
  54       1               批处理机2           51994.00        53058.00        1064.00        
  54       2               离散机10           53058.00        54086.00        1028.00        

工件 55:
  55       0               打印机3            0.00            44105.98        44105.98       
  55       1               批处理机2           44105.98        45169.98        1064.00        
  55       2               离散机10           45169.98        46898.98        1729.00        
  55       3               离散机10           47817.98        49279.98        1462.00        
  55       4               离散机8            49537.76        51141.76        1604.00        
  55       5               离散机3            55887.76        57426.76        1539.00        
  55       6               离散机7            57426.76        59036.76        1610.00        
  55       7               离散机1            62365.44        63763.44        1398.00        

工件 56:
  56       0               打印机4            24699.29        35986.82        11287.53       
  56       1               批处理机2           35986.82        37050.82        1064.00        

工件 57:
  57       0               打印机3            0.00            44105.98        44105.98       
  57       1               批处理机2           44105.98        45169.98        1064.00        
  57       2               离散机8            45169.98        46629.98        1460.00        
  57       3               离散机8            62320.76        63307.76        987.00         

工件 58:
  58       0               打印机3            0.00            44105.98        44105.98       
  58       1               批处理机2           44105.98        45169.98        1064.00        
  58       2               离散机3            50921.76        52014.76        1093.00        
  58       3               离散机3            53049.76        54567.76        1518.00        
  58       4               离散机8            54567.76        56234.76        1667.00        
  58       5               离散机4            58153.00        59650.00        1497.00        

工件 59:
  59       0               打印机2            0.00            18718.11        18718.11       
  59       1               批处理机2           18718.11        19782.11        1064.00        
  59       2               离散机10           19782.11        21170.11        1388.00        
  59       3               离散机3            21170.11        22115.11        945.00         
  59       4               离散机4            24269.11        25511.11        1242.00        
  59       5               离散机2            25657.11        26623.11        966.00         
  59       6               离散机7            32874.59        34343.59        1469.00        

工件 60:
  60       0               打印机2            47874.81        56303.44        8428.63        
  60       1               批处理机2           56303.44        57367.44        1064.00        
  60       2               离散机5            57367.44        58465.44        1098.00        

工件 61:
  61       0               打印机2            47874.81        56303.44        8428.63        
  61       1               批处理机2           56303.44        57367.44        1064.00        

工件 62:
  62       0               打印机4            0.00            24699.29        24699.29       
  62       1               批处理机2           24699.29        25763.29        1064.00        
  62       2               离散机4            28354.11        29637.11        1283.00        

工件 63:
  63       0               打印机5            0.00            39797.00        39797.00       
  63       1               批处理机2           39797.00        40861.00        1064.00        

工件 64:
  64       0               打印机2            47874.81        56303.44        8428.63        
  64       1               批处理机2           56303.44        57367.44        1064.00        
  64       2               离散机9            64862.44        66063.44        1201.00        

工件 65:
  65       0               打印机4            35986.82        46803.76        10816.94       
  65       1               批处理机2           46803.76        47867.76        1064.00        
  65       2               离散机9            50073.98        51479.98        1406.00        
  65       3               离散机4            51538.81        52772.81        1234.00        
  65       4               离散机8            53625.76        54534.76        909.00         
  65       5               离散机9            56327.81        57711.81        1384.00        
  65       6               离散机7            60190.76        61215.76        1025.00        

工件 66:
  66       0               打印机2            18718.11        47874.81        29156.70       
  66       1               批处理机2           47874.81        48938.81        1064.00        
  66       2               离散机1            50611.81        51914.81        1303.00        
  66       3               离散机10           56029.00        57678.00        1649.00        
  66       4               离散机5            59868.44        61126.44        1258.00        
  66       5               离散机9            61126.44        62280.44        1154.00        
  66       6               离散机1            63763.44        64889.44        1126.00        

工件 67:
  67       0               打印机2            18718.11        47874.81        29156.70       
  67       1               批处理机2           47874.81        48938.81        1064.00        
  67       2               离散机5            48938.81        50214.81        1276.00        
  67       3               离散机4            50214.81        51538.81        1324.00        
  67       4               离散机10           55092.00        56029.00        937.00         
  67       5               离散机7            61215.76        62475.76        1260.00        

工件 68:
  68       0               打印机1            25883.59        50742.05        24858.46       
  68       1               批处理机2           50742.05        51806.05        1064.00        
  68       2               离散机7            52102.81        53466.81        1364.00        
  68       3               离散机4            53466.81        54911.81        1445.00        
  68       4               离散机9            60013.81        60942.81        929.00         

工件 69:
  69       0               打印机1            0.00            13012.31        13012.31       
  69       1               批处理机2           13012.31        14076.31        1064.00        
  69       2               离散机8            14076.31        15282.31        1206.00        
  69       3               离散机7            17124.31        18635.31        1511.00        
  69       4               离散机8            24304.11        25613.11        1309.00        
  69       5               离散机4            32548.59        33562.59        1014.00        
  69       6               离散机8            34680.59        35914.59        1234.00        
  69       7               离散机5            35914.59        37481.59        1567.00        
  69       8               离散机9            41859.82        42857.82        998.00         

工件 70:
  70       0               打印机2            18718.11        47874.81        29156.70       
  70       1               批处理机2           47874.81        48938.81        1064.00        
  70       2               离散机10           49279.98        50461.98        1182.00        

工件 71:
  71       0               打印机4            24699.29        35986.82        11287.53       
  71       1               批处理机2           35986.82        37050.82        1064.00        
  71       2               离散机9            37050.82        38119.82        1069.00        
  71       3               离散机4            38119.82        39787.82        1668.00        
  71       4               离散机2            43884.00        45038.00        1154.00        

工件 72:
  72       0               打印机2            47874.81        56303.44        8428.63        
  72       1               批处理机2           56303.44        57367.44        1064.00        
  72       2               离散机5            58465.44        59868.44        1403.00        
  72       3               离散机1            59868.44        61359.44        1491.00        
  72       4               离散机4            61359.44        62618.44        1259.00        
  72       5               离散机7            62618.44        64187.44        1569.00        
  72       6               离散机6            64187.44        65830.44        1643.00        
  72       7               离散机3            68061.05        69392.05        1331.00        
  72       8               离散机5            69392.05        70784.05        1392.00        

工件 73:
  73       0               打印机5            0.00            39797.00        39797.00       
  73       1               批处理机2           39797.00        40861.00        1064.00        
  73       2               离散机1            47130.00        48165.00        1035.00        

工件 74:
  74       0               打印机3            44105.98        65968.05        21862.07       
  74       1               批处理机2           65968.05        67032.05        1064.00        
  74       2               离散机3            67032.05        68061.05        1029.00        
  74       3               离散机7            68061.05        69306.05        1245.00        
  74       4               离散机6            69427.05        70771.05        1344.00        

工件 75:
  75       0               打印机5            0.00            39797.00        39797.00       
  75       1               批处理机2           39797.00        40861.00        1064.00        
  75       2               离散机4            40861.00        42022.00        1161.00        
  75       3               离散机1            44827.00        45972.00        1145.00        
  75       4               离散机1            57431.81        58686.81        1255.00        
  75       5               离散机10           61716.00        63382.00        1666.00        
  75       6               离散机7            64187.44        65105.44        918.00         

工件 76:
  76       0               打印机2            0.00            18718.11        18718.11       
  76       1               批处理机2           18718.11        19782.11        1064.00        

工件 77:
  77       0               打印机4            35986.82        46803.76        10816.94       
  77       1               批处理机2           46803.76        47867.76        1064.00        
  77       2               离散机8            47867.76        49537.76        1670.00        
  77       3               离散机6            50202.81        51243.81        1041.00        
  77       4               离散机1            56003.81        57431.81        1428.00        

工件 78:
  78       0               打印机3            44105.98        65968.05        21862.07       
  78       1               批处理机2           65968.05        67032.05        1064.00        
  78       2               离散机8            69627.44        70912.44        1285.00        

工件 79:
  79       0               打印机1            13012.31        25883.59        12871.28       
  79       1               批处理机2           25883.59        26947.59        1064.00        
  79       2               离散机7            37013.59        38261.59        1248.00        

工件 80:
  80       0               打印机5            0.00            39797.00        39797.00       
  80       1               批处理机2           39797.00        40861.00        1064.00        

工件 81:
  81       0               打印机2            18718.11        47874.81        29156.70       
  81       1               批处理机2           47874.81        48938.81        1064.00        
  81       2               离散机6            48938.81        50202.81        1264.00        
  81       3               离散机8            52437.76        53625.76        1188.00        

工件 82:
  82       0               打印机5            0.00            39797.00        39797.00       
  82       1               批处理机2           39797.00        40861.00        1064.00        
  82       2               离散机3            42318.00        43917.00        1599.00        
  82       3               离散机1            43917.00        44827.00        910.00         

工件 83:
  83       0               打印机5            0.00            39797.00        39797.00       
  83       1               批处理机2           39797.00        40861.00        1064.00        
  83       2               离散机7            42164.00        43657.00        1493.00        
  83       3               离散机8            43657.00        44643.00        986.00         
  83       4               离散机7            46148.98        47642.98        1494.00        
  83       5               离散机6            47642.98        48622.98        980.00         
  83       6               离散机4            48771.98        50197.98        1426.00        
  83       7               离散机3            65304.76        66480.76        1176.00        

工件 84:
  84       0               打印机3            0.00            44105.98        44105.98       
  84       1               批处理机2           44105.98        45169.98        1064.00        

工件 85:
  85       0               打印机3            0.00            44105.98        44105.98       
  85       1               批处理机2           44105.98        45169.98        1064.00        
  85       2               离散机6            45169.98        46411.98        1242.00        
  85       3               离散机9            46894.98        48565.98        1671.00        

工件 86:
  86       0               打印机2            18718.11        47874.81        29156.70       
  86       1               批处理机2           47874.81        48938.81        1064.00        
  86       2               离散机5            50214.81        51358.81        1144.00        
  86       3               离散机3            54567.76        55887.76        1320.00        
  86       4               离散机4            56381.00        58153.00        1772.00        
  86       5               离散机10           59030.00        60227.00        1197.00        

工件 87:
  87       0               打印机5            39797.00        51994.00        12197.00       
  87       1               批处理机2           51994.00        53058.00        1064.00        
  87       2               离散机6            57033.05        58386.05        1353.00        
  87       3               离散机9            58740.81        60013.81        1273.00        
  87       4               离散机6            60206.76        61866.76        1660.00        

工件 88:
  88       0               打印机1            13012.31        25883.59        12871.28       
  88       1               批处理机2           25883.59        26947.59        1064.00        
  88       2               离散机7            34343.59        35650.59        1307.00        
  88       3               离散机7            35650.59        37013.59        1363.00        
  88       4               离散机3            69392.05        70522.05        1130.00        

工件 89:
  89       0               打印机5            39797.00        51994.00        12197.00       
  89       1               批处理机2           51994.00        53058.00        1064.00        
  89       2               离散机3            58661.76        60257.76        1596.00        
  89       3               离散机1            61359.44        62365.44        1006.00        

工件 90:
  90       0               打印机5            0.00            39797.00        39797.00       
  90       1               批处理机2           39797.00        40861.00        1064.00        
  90       2               离散机5            40861.00        42238.00        1377.00        

工件 91:
  91       0               打印机2            0.00            18718.11        18718.11       
  91       1               批处理机2           18718.11        19782.11        1064.00        
  91       2               离散机5            23970.11        25609.11        1639.00        

工件 92:
  92       0               打印机1            25883.59        50742.05        24858.46       
  92       1               批处理机2           50742.05        51806.05        1064.00        
  92       2               离散机6            51806.05        52838.05        1032.00        
  92       3               离散机2            63636.00        64831.00        1195.00        

工件 93:
  93       0               打印机2            18718.11        47874.81        29156.70       
  93       1               批处理机2           47874.81        48938.81        1064.00        
  93       2               离散机2            50759.00        52412.00        1653.00        
  93       3               离散机9            57711.81        58740.81        1029.00        
  93       4               离散机10           60227.00        61716.00        1489.00        
  93       5               离散机8            63307.76        64382.76        1075.00        

工件 94:
  94       0               打印机5            0.00            39797.00        39797.00       
  94       1               批处理机2           39797.00        40861.00        1064.00        
  94       2               离散机6            40861.00        42301.00        1440.00        
  94       3               离散机3            43917.00        45468.00        1551.00        
  94       4               离散机10           46898.98        47817.98        919.00         
  94       5               离散机4            47817.98        48771.98        954.00         
  94       6               离散机2            52412.00        53422.00        1010.00        
  94       7               离散机2            60013.00        61607.00        1594.00        

工件 95:
  95       0               打印机1            0.00            13012.31        13012.31       
  95       1               批处理机2           13012.31        14076.31        1064.00        

工件 96:
  96       0               打印机2            0.00            18718.11        18718.11       
  96       1               批处理机2           18718.11        19782.11        1064.00        
  96       2               离散机9            21082.11        22366.11        1284.00        
  96       3               离散机4            25511.11        27192.11        1681.00        
  96       4               离散机10           29734.59        31175.59        1441.00        
  96       5               离散机4            31175.59        32548.59        1373.00        
  96       6               离散机8            33650.59        34680.59        1030.00        
  96       7               离散机3            34983.59        36149.59        1166.00        
  96       8               离散机10           38119.11        39130.11        1011.00        

工件 97:
  97       0               打印机4            0.00            24699.29        24699.29       
  97       1               批处理机2           24699.29        25763.29        1064.00        
  97       2               离散机5            25763.29        26746.29        983.00         
  97       3               离散机1            31310.59        32775.59        1465.00        
  97       4               离散机6            43653.00        45116.00        1463.00        

工件 98:
  98       0               打印机4            0.00            24699.29        24699.29       
  98       1               批处理机2           24699.29        25763.29        1064.00        

工件 99:
  99       0               打印机2            18718.11        47874.81        29156.70       
  99       1               批处理机2           47874.81        48938.81        1064.00        
  99       2               离散机10           50461.98        51758.98        1297.00        
  99       3               离散机3            61700.76        63079.76        1379.00        
  99       4               离散机4            63541.44        64627.44        1086.00        
  99       5               离散机8            64627.44        66055.44        1428.00        
  99       6               离散机10           66055.44        67354.44        1299.00        
  99       7               离散机9            67354.44        68422.44        1068.00        

【机器加工顺序记录】
----------------------------------------------------------------------------------------------------

打印机1:
工件号      工序号             开始时间            结束时间            加工时长           
--------------------------------------------------------------------------------
  8        0               0.00            13012.31        13012.31       
  21       0               0.00            13012.31        13012.31       
  28       0               0.00            13012.31        13012.31       
  29       0               0.00            13012.31        13012.31       
  30       0               0.00            13012.31        13012.31       
  42       0               0.00            13012.31        13012.31       
  69       0               0.00            13012.31        13012.31       
  95       0               0.00            13012.31        13012.31       
  7        0               13012.31        25883.59        12871.28       
  31       0               13012.31        25883.59        12871.28       
  46       0               13012.31        25883.59        12871.28       
  48       0               13012.31        25883.59        12871.28       
  79       0               13012.31        25883.59        12871.28       
  88       0               13012.31        25883.59        12871.28       
  36       0               25883.59        50742.05        24858.46       
  68       0               25883.59        50742.05        24858.46       
  92       0               25883.59        50742.05        24858.46       

  机器利用率: 360.54% (忙碌时间: 255901.54 / 总时间: 70978.05)

打印机2:
工件号      工序号             开始时间            结束时间            加工时长           
--------------------------------------------------------------------------------
  0        0               0.00            18718.11        18718.11       
  15       0               0.00            18718.11        18718.11       
  19       0               0.00            18718.11        18718.11       
  20       0               0.00            18718.11        18718.11       
  22       0               0.00            18718.11        18718.11       
  32       0               0.00            18718.11        18718.11       
  39       0               0.00            18718.11        18718.11       
  41       0               0.00            18718.11        18718.11       
  45       0               0.00            18718.11        18718.11       
  52       0               0.00            18718.11        18718.11       
  59       0               0.00            18718.11        18718.11       
  76       0               0.00            18718.11        18718.11       
  91       0               0.00            18718.11        18718.11       
  96       0               0.00            18718.11        18718.11       
  1        0               18718.11        47874.81        29156.70       
  5        0               18718.11        47874.81        29156.70       
  9        0               18718.11        47874.81        29156.70       
  23       0               18718.11        47874.81        29156.70       
  34       0               18718.11        47874.81        29156.70       
  66       0               18718.11        47874.81        29156.70       
  67       0               18718.11        47874.81        29156.70       
  70       0               18718.11        47874.81        29156.70       
  81       0               18718.11        47874.81        29156.70       
  86       0               18718.11        47874.81        29156.70       
  93       0               18718.11        47874.81        29156.70       
  99       0               18718.11        47874.81        29156.70       
  60       0               47874.81        56303.44        8428.63        
  61       0               47874.81        56303.44        8428.63        
  64       0               47874.81        56303.44        8428.63        
  72       0               47874.81        56303.44        8428.63        

  机器利用率: 909.65% (忙碌时间: 645648.42 / 总时间: 70978.05)

打印机3:
工件号      工序号             开始时间            结束时间            加工时长           
--------------------------------------------------------------------------------
  10       0               0.00            44105.98        44105.98       
  11       0               0.00            44105.98        44105.98       
  25       0               0.00            44105.98        44105.98       
  38       0               0.00            44105.98        44105.98       
  44       0               0.00            44105.98        44105.98       
  53       0               0.00            44105.98        44105.98       
  55       0               0.00            44105.98        44105.98       
  57       0               0.00            44105.98        44105.98       
  58       0               0.00            44105.98        44105.98       
  84       0               0.00            44105.98        44105.98       
  85       0               0.00            44105.98        44105.98       
  49       0               44105.98        65968.05        21862.07       
  74       0               44105.98        65968.05        21862.07       
  78       0               44105.98        65968.05        21862.07       

  机器利用率: 775.95% (忙碌时间: 550751.95 / 总时间: 70978.05)

打印机4:
工件号      工序号             开始时间            结束时间            加工时长           
--------------------------------------------------------------------------------
  4        0               0.00            24699.29        24699.29       
  6        0               0.00            24699.29        24699.29       
  12       0               0.00            24699.29        24699.29       
  17       0               0.00            24699.29        24699.29       
  18       0               0.00            24699.29        24699.29       
  24       0               0.00            24699.29        24699.29       
  26       0               0.00            24699.29        24699.29       
  35       0               0.00            24699.29        24699.29       
  40       0               0.00            24699.29        24699.29       
  62       0               0.00            24699.29        24699.29       
  97       0               0.00            24699.29        24699.29       
  98       0               0.00            24699.29        24699.29       
  43       0               24699.29        35986.82        11287.53       
  56       0               24699.29        35986.82        11287.53       
  71       0               24699.29        35986.82        11287.53       
  2        0               35986.82        46803.76        10816.94       
  65       0               35986.82        46803.76        10816.94       
  77       0               35986.82        46803.76        10816.94       

  机器利用率: 511.01% (忙碌时间: 362704.94 / 总时间: 70978.05)

打印机5:
工件号      工序号             开始时间            结束时间            加工时长           
--------------------------------------------------------------------------------
  3        0               0.00            39797.00        39797.00       
  13       0               0.00            39797.00        39797.00       
  14       0               0.00            39797.00        39797.00       
  33       0               0.00            39797.00        39797.00       
  37       0               0.00            39797.00        39797.00       
  47       0               0.00            39797.00        39797.00       
  50       0               0.00            39797.00        39797.00       
  51       0               0.00            39797.00        39797.00       
  63       0               0.00            39797.00        39797.00       
  73       0               0.00            39797.00        39797.00       
  75       0               0.00            39797.00        39797.00       
  80       0               0.00            39797.00        39797.00       
  82       0               0.00            39797.00        39797.00       
  83       0               0.00            39797.00        39797.00       
  90       0               0.00            39797.00        39797.00       
  94       0               0.00            39797.00        39797.00       
  16       0               39797.00        51994.00        12197.00       
  27       0               39797.00        51994.00        12197.00       
  54       0               39797.00        51994.00        12197.00       
  87       0               39797.00        51994.00        12197.00       
  89       0               39797.00        51994.00        12197.00       

  机器利用率: 983.03% (忙碌时间: 697737.00 / 总时间: 70978.05)

批处理机1:
工件号      工序号             开始时间            结束时间            加工时长           
--------------------------------------------------------------------------------

  机器利用率: 0.00% (忙碌时间: 0.00 / 总时间: 70978.05)

批处理机2:
工件号      工序号             开始时间            结束时间            加工时长           
--------------------------------------------------------------------------------
  8        1               13012.31        14076.31        1064.00        
  21       1               13012.31        14076.31        1064.00        
  28       1               13012.31        14076.31        1064.00        
  29       1               13012.31        14076.31        1064.00        
  30       1               13012.31        14076.31        1064.00        
  42       1               13012.31        14076.31        1064.00        
  69       1               13012.31        14076.31        1064.00        
  95       1               13012.31        14076.31        1064.00        
  0        1               18718.11        19782.11        1064.00        
  15       1               18718.11        19782.11        1064.00        
  19       1               18718.11        19782.11        1064.00        
  20       1               18718.11        19782.11        1064.00        
  22       1               18718.11        19782.11        1064.00        
  32       1               18718.11        19782.11        1064.00        
  39       1               18718.11        19782.11        1064.00        
  41       1               18718.11        19782.11        1064.00        
  45       1               18718.11        19782.11        1064.00        
  52       1               18718.11        19782.11        1064.00        
  59       1               18718.11        19782.11        1064.00        
  76       1               18718.11        19782.11        1064.00        
  91       1               18718.11        19782.11        1064.00        
  96       1               18718.11        19782.11        1064.00        
  4        1               24699.29        25763.29        1064.00        
  6        1               24699.29        25763.29        1064.00        
  12       1               24699.29        25763.29        1064.00        
  17       1               24699.29        25763.29        1064.00        
  18       1               24699.29        25763.29        1064.00        
  24       1               24699.29        25763.29        1064.00        
  26       1               24699.29        25763.29        1064.00        
  35       1               24699.29        25763.29        1064.00        
  40       1               24699.29        25763.29        1064.00        
  62       1               24699.29        25763.29        1064.00        
  97       1               24699.29        25763.29        1064.00        
  98       1               24699.29        25763.29        1064.00        
  7        1               25883.59        26947.59        1064.00        
  31       1               25883.59        26947.59        1064.00        
  46       1               25883.59        26947.59        1064.00        
  48       1               25883.59        26947.59        1064.00        
  79       1               25883.59        26947.59        1064.00        
  88       1               25883.59        26947.59        1064.00        
  43       1               35986.82        37050.82        1064.00        
  56       1               35986.82        37050.82        1064.00        
  71       1               35986.82        37050.82        1064.00        
  3        1               39797.00        40861.00        1064.00        
  13       1               39797.00        40861.00        1064.00        
  14       1               39797.00        40861.00        1064.00        
  33       1               39797.00        40861.00        1064.00        
  37       1               39797.00        40861.00        1064.00        
  47       1               39797.00        40861.00        1064.00        
  50       1               39797.00        40861.00        1064.00        
  51       1               39797.00        40861.00        1064.00        
  63       1               39797.00        40861.00        1064.00        
  73       1               39797.00        40861.00        1064.00        
  75       1               39797.00        40861.00        1064.00        
  80       1               39797.00        40861.00        1064.00        
  82       1               39797.00        40861.00        1064.00        
  83       1               39797.00        40861.00        1064.00        
  90       1               39797.00        40861.00        1064.00        
  94       1               39797.00        40861.00        1064.00        
  10       1               44105.98        45169.98        1064.00        
  11       1               44105.98        45169.98        1064.00        
  25       1               44105.98        45169.98        1064.00        
  38       1               44105.98        45169.98        1064.00        
  44       1               44105.98        45169.98        1064.00        
  53       1               44105.98        45169.98        1064.00        
  55       1               44105.98        45169.98        1064.00        
  57       1               44105.98        45169.98        1064.00        
  58       1               44105.98        45169.98        1064.00        
  84       1               44105.98        45169.98        1064.00        
  85       1               44105.98        45169.98        1064.00        
  2        1               46803.76        47867.76        1064.00        
  65       1               46803.76        47867.76        1064.00        
  77       1               46803.76        47867.76        1064.00        
  1        1               47874.81        48938.81        1064.00        
  5        1               47874.81        48938.81        1064.00        
  9        1               47874.81        48938.81        1064.00        
  23       1               47874.81        48938.81        1064.00        
  34       1               47874.81        48938.81        1064.00        
  66       1               47874.81        48938.81        1064.00        
  67       1               47874.81        48938.81        1064.00        
  70       1               47874.81        48938.81        1064.00        
  81       1               47874.81        48938.81        1064.00        
  86       1               47874.81        48938.81        1064.00        
  93       1               47874.81        48938.81        1064.00        
  99       1               47874.81        48938.81        1064.00        
  36       1               50742.05        51806.05        1064.00        
  68       1               50742.05        51806.05        1064.00        
  92       1               50742.05        51806.05        1064.00        
  16       1               51994.00        53058.00        1064.00        
  27       1               51994.00        53058.00        1064.00        
  54       1               51994.00        53058.00        1064.00        
  87       1               51994.00        53058.00        1064.00        
  89       1               51994.00        53058.00        1064.00        
  60       1               56303.44        57367.44        1064.00        
  61       1               56303.44        57367.44        1064.00        
  64       1               56303.44        57367.44        1064.00        
  72       1               56303.44        57367.44        1064.00        
  49       1               65968.05        67032.05        1064.00        
  74       1               65968.05        67032.05        1064.00        
  78       1               65968.05        67032.05        1064.00        

  机器利用率: 149.91% (忙碌时间: 106400.00 / 总时间: 70978.05)

离散机1:
工件号      工序号             开始时间            结束时间            加工时长           
--------------------------------------------------------------------------------
  20       2               19782.11        21356.11        1574.00        
  52       2               21356.11        22474.11        1118.00        
  8        6               22474.11        23507.11        1033.00        
  32       4               23848.11        24777.11        929.00         
  4        2               25763.29        26896.29        1133.00        
  31       2               26947.59        28361.59        1414.00        
  31       3               28361.59        29755.59        1394.00        
  52       5               29755.59        31310.59        1555.00        
  97       3               31310.59        32775.59        1465.00        
  7        4               32775.59        33701.59        926.00         
  46       5               33701.59        34637.59        936.00         
  35       3               34637.59        35738.59        1101.00        
  46       6               35738.59        36810.59        1072.00        
  43       3               38088.82        39544.82        1456.00        
  3        2               40861.00        41793.00        932.00         
  43       5               41793.00        42889.00        1096.00        
  82       3               43917.00        44827.00        910.00         
  75       3               44827.00        45972.00        1145.00        
  37       2               45972.00        47130.00        1158.00        
  73       2               47130.00        48165.00        1035.00        
  5        2               48938.81        50611.81        1673.00        
  66       2               50611.81        51914.81        1303.00        
  23       3               51914.81        53563.81        1649.00        
  25       5               53563.81        54609.81        1046.00        
  34       3               54609.81        56003.81        1394.00        
  77       4               56003.81        57431.81        1428.00        
  75       4               57431.81        58686.81        1255.00        
  72       3               59868.44        61359.44        1491.00        
  89       3               61359.44        62365.44        1006.00        
  55       7               62365.44        63763.44        1398.00        
  66       6               63763.44        64889.44        1126.00        
  47       8               64889.44        66196.44        1307.00        

  机器利用率: 55.59% (忙碌时间: 39458.00 / 总时间: 70978.05)

离散机2:
工件号      工序号             开始时间            结束时间            加工时长           
--------------------------------------------------------------------------------
  28       2               14076.31        15412.31        1336.00        
  30       2               15412.31        16561.31        1149.00        
  8        4               17124.31        18735.31        1611.00        
  32       2               19782.11        20913.11        1131.00        
  8        5               20913.11        22297.11        1384.00        
  0        3               22297.11        23929.11        1632.00        
  52       4               24269.11        25657.11        1388.00        
  59       5               25657.11        26623.11        966.00         
  41       3               26623.11        28320.11        1697.00        
  32       5               28320.11        30015.11        1695.00        
  6        3               30015.11        31680.11        1665.00        
  52       6               31680.11        32695.11        1015.00        
  6        4               32695.11        33888.11        1193.00        
  0        4               33888.11        35287.11        1399.00        
  15       4               35287.11        36377.11        1090.00        
  7        5               36377.11        37722.11        1345.00        
  41       5               37722.11        38841.11        1119.00        
  45       7               38841.11        40040.11        1199.00        
  47       2               40861.00        42114.00        1253.00        
  33       2               42114.00        43884.00        1770.00        
  71       4               43884.00        45038.00        1154.00        
  3        4               45038.00        46036.00        998.00         
  25       3               47770.00        49096.00        1326.00        
  34       2               49096.00        50759.00        1663.00        
  93       2               50759.00        52412.00        1653.00        
  94       6               52412.00        53422.00        1010.00        
  13       7               53422.00        54403.00        981.00         
  5        4               54403.00        55323.00        920.00         
  5        5               55323.00        56494.00        1171.00        
  16       2               56494.00        58284.00        1790.00        
  10       5               58284.00        60013.00        1729.00        
  94       7               60013.00        61607.00        1594.00        
  1        4               61607.00        62531.00        924.00         
  47       7               62531.00        63636.00        1105.00        
  92       3               63636.00        64831.00        1195.00        

  机器利用率: 65.16% (忙碌时间: 46250.00 / 总时间: 70978.05)

离散机3:
工件号      工序号             开始时间            结束时间            加工时长           
--------------------------------------------------------------------------------
  21       2               14076.31        15655.31        1579.00        
  21       3               15655.31        16773.31        1118.00        
  30       4               17568.31        18487.31        919.00         
  0        2               19782.11        20682.11        900.00         
  59       3               21170.11        22115.11        945.00         
  15       3               22115.11        23104.11        989.00         
  24       2               25763.29        27093.29        1330.00        
  7        2               27093.29        28614.29        1521.00        
  4        4               29734.59        30965.59        1231.00        
  31       4               30965.59        32288.59        1323.00        
  46       4               32288.59        33374.59        1086.00        
  26       5               33374.59        34983.59        1609.00        
  96       7               34983.59        36149.59        1166.00        
  43       2               37050.82        38088.82        1038.00        
  15       6               38088.82        39318.82        1230.00        
  43       4               39544.82        40839.82        1295.00        
  13       2               40861.00        42318.00        1457.00        
  82       2               42318.00        43917.00        1599.00        
  94       3               43917.00        45468.00        1551.00        
  11       2               45468.00        46849.00        1381.00        
  25       2               46849.00        47770.00        921.00         
  2        2               47867.76        49529.76        1662.00        
  14       3               49529.76        50921.76        1392.00        
  58       2               50921.76        52014.76        1093.00        
  1        2               52014.76        53049.76        1035.00        
  58       3               53049.76        54567.76        1518.00        
  86       3               54567.76        55887.76        1320.00        
  55       5               55887.76        57426.76        1539.00        
  36       5               57426.76        58661.76        1235.00        
  89       2               58661.76        60257.76        1596.00        
  47       6               60257.76        61700.76        1443.00        
  99       3               61700.76        63079.76        1379.00        
  11       4               63079.76        64070.76        991.00         
  46       7               64070.76        65304.76        1234.00        
  83       7               65304.76        66480.76        1176.00        
  74       2               67032.05        68061.05        1029.00        
  72       7               68061.05        69392.05        1331.00        
  88       4               69392.05        70522.05        1130.00        

  机器利用率: 68.04% (忙碌时间: 48291.00 / 总时间: 70978.05)

离散机4:
工件号      工序号             开始时间            结束时间            加工时长           
--------------------------------------------------------------------------------
  42       2               14076.31        15471.31        1395.00        
  52       3               22474.11        24269.11        1795.00        
  59       4               24269.11        25511.11        1242.00        
  96       3               25511.11        27192.11        1681.00        
  40       2               27192.11        28354.11        1162.00        
  62       2               28354.11        29637.11        1283.00        
  41       4               29637.11        30540.11        903.00         
  96       5               31175.59        32548.59        1373.00        
  69       5               32548.59        33562.59        1014.00        
  24       5               34318.29        35710.29        1392.00        
  8        7               35710.29        37371.29        1661.00        
  71       3               38119.82        39787.82        1668.00        
  75       2               40861.00        42022.00        1161.00        
  51       2               42022.00        43185.00        1163.00        
  53       3               46148.98        47353.98        1205.00        
  94       5               47817.98        48771.98        954.00         
  83       6               48771.98        50197.98        1426.00        
  67       3               50214.81        51538.81        1324.00        
  65       3               51538.81        52772.81        1234.00        
  68       3               53466.81        54911.81        1445.00        
  36       4               55092.00        56381.00        1289.00        
  86       4               56381.00        58153.00        1772.00        
  58       5               58153.00        59650.00        1497.00        
  5        6               59650.00        60809.00        1159.00        
  72       4               61359.44        62618.44        1259.00        
  36       7               62618.44        63541.44        923.00         
  99       4               63541.44        64627.44        1086.00        

  机器利用率: 49.97% (忙碌时间: 35466.00 / 总时间: 70978.05)

离散机5:
工件号      工序号             开始时间            结束时间            加工时长           
--------------------------------------------------------------------------------
  8        2               14076.31        15332.31        1256.00        
  30       5               18487.31        19411.31        924.00         
  30       6               19411.31        20585.31        1174.00        
  20       3               21356.11        22581.11        1225.00        
  45       4               22756.11        23970.11        1214.00        
  91       2               23970.11        25609.11        1639.00        
  97       2               25763.29        26746.29        983.00         
  6        2               26746.29        28387.29        1641.00        
  39       4               28387.29        29923.29        1536.00        
  17       6               30826.29        32247.29        1421.00        
  32       6               32247.29        33252.29        1005.00        
  24       4               33252.29        34318.29        1066.00        
  20       5               34318.29        35549.29        1231.00        
  69       7               35914.59        37481.59        1567.00        
  15       7               39318.82        40231.82        913.00         
  90       2               40861.00        42238.00        1377.00        
  47       3               42238.00        43390.00        1152.00        
  33       3               43884.00        44948.00        1064.00        
  13       4               44948.00        46624.00        1676.00        
  10       3               46894.98        47962.98        1068.00        
  67       2               48938.81        50214.81        1276.00        
  86       2               50214.81        51358.81        1144.00        
  37       3               51358.81        52559.81        1201.00        
  41       7               52559.81        53829.81        1270.00        
  26       9               53829.81        55325.81        1496.00        
  60       2               57367.44        58465.44        1098.00        
  72       2               58465.44        59868.44        1403.00        
  66       4               59868.44        61126.44        1258.00        
  33       6               61126.44        62065.44        939.00         
  5        7               62065.44        63794.44        1729.00        
  36       8               63794.44        65246.44        1452.00        
  23       7               65246.44        66947.44        1701.00        
  23       8               66947.44        68185.44        1238.00        
  9        3               68185.44        69098.44        913.00         
  72       8               69392.05        70784.05        1392.00        

  机器利用率: 62.90% (忙碌时间: 44642.00 / 总时间: 70978.05)

离散机6:
工件号      工序号             开始时间            结束时间            加工时长           
--------------------------------------------------------------------------------
  28       3               15412.31        16403.31        991.00         
  21       4               16773.31        18338.31        1565.00        
  20       4               22581.11        23841.11        1260.00        
  28       6               25502.11        26533.11        1031.00        
  17       3               26717.29        27955.29        1238.00        
  46       3               28076.59        29079.59        1003.00        
  45       6               29079.59        30589.59        1510.00        
  40       4               32136.29        33516.29        1380.00        
  17       7               33516.29        34712.29        1196.00        
  26       6               34983.59        36262.59        1279.00        
  15       5               36377.11        37703.11        1326.00        
  4        7               37703.11        39041.11        1338.00        
  17       8               39041.11        39960.11        919.00         
  94       2               40861.00        42301.00        1440.00        
  50       2               42301.00        43653.00        1352.00        
  97       4               43653.00        45116.00        1463.00        
  85       2               45169.98        46411.98        1242.00        
  33       4               46411.98        47320.98        909.00         
  83       5               47642.98        48622.98        980.00         
  81       2               48938.81        50202.81        1264.00        
  77       3               50202.81        51243.81        1041.00        
  92       2               51806.05        52838.05        1032.00        
  10       4               52838.05        54354.05        1516.00        
  14       4               54354.05        55445.05        1091.00        
  23       5               55445.05        57033.05        1588.00        
  87       2               57033.05        58386.05        1353.00        
  36       6               58661.76        60206.76        1545.00        
  87       4               60206.76        61866.76        1660.00        
  3        6               61866.76        63024.76        1158.00        
  44       2               63024.76        64010.76        986.00         
  72       6               64187.44        65830.44        1643.00        
  37       4               65830.44        67021.44        1191.00        
  49       2               67032.05        68481.05        1449.00        
  49       3               68481.05        69427.05        946.00         
  74       4               69427.05        70771.05        1344.00        

  机器利用率: 62.31% (忙碌时间: 44229.00 / 总时间: 70978.05)

离散机7:
工件号      工序号             开始时间            结束时间            加工时长           
--------------------------------------------------------------------------------
  8        3               15332.31        17124.31        1792.00        
  69       3               17124.31        18635.31        1511.00        
  45       2               19782.11        21563.11        1781.00        
  19       2               21563.11        22997.11        1434.00        
  30       7               22997.11        24202.11        1205.00        
  28       5               24202.11        25502.11        1300.00        
  30       9               25597.11        26737.11        1140.00        
  46       2               26947.59        28076.59        1129.00        
  26       2               28076.59        29750.59        1674.00        
  12       2               29750.59        31508.59        1758.00        
  26       4               31517.59        32874.59        1357.00        
  59       6               32874.59        34343.59        1469.00        
  88       2               34343.59        35650.59        1307.00        
  88       3               35650.59        37013.59        1363.00        
  79       2               37013.59        38261.59        1248.00        
  41       6               38841.11        40113.11        1272.00        
  14       2               40861.00        42164.00        1303.00        
  83       2               42164.00        43657.00        1493.00        
  24       8               43657.00        45066.00        1409.00        
  53       2               45169.98        46148.98        979.00         
  83       4               46148.98        47642.98        1494.00        
  3        5               47642.98        48733.98        1091.00        
  23       2               48938.81        50491.81        1553.00        
  13       6               50491.81        52102.81        1611.00        
  68       2               52102.81        53466.81        1364.00        
  23       4               53563.81        55320.81        1757.00        
  1        3               55320.81        57102.81        1782.00        
  55       6               57426.76        59036.76        1610.00        
  25       7               59036.76        60190.76        1154.00        
  65       6               60190.76        61215.76        1025.00        
  67       5               61215.76        62475.76        1260.00        
  72       5               62618.44        64187.44        1569.00        
  75       6               64187.44        65105.44        918.00         
  16       3               65105.44        66674.44        1569.00        
  9        2               66674.44        67959.44        1285.00        
  74       3               68061.05        69306.05        1245.00        
  49       4               69427.05        70978.05        1551.00        

  机器利用率: 72.93% (忙碌时间: 51762.00 / 总时间: 70978.05)

离散机8:
工件号      工序号             开始时间            结束时间            加工时长           
--------------------------------------------------------------------------------
  69       2               14076.31        15282.31        1206.00        
  30       3               16561.31        17568.31        1007.00        
  29       3               17568.31        18747.31        1179.00        
  15       2               19782.11        21188.11        1406.00        
  45       3               21563.11        22756.11        1193.00        
  41       2               22756.11        24304.11        1548.00        
  69       4               24304.11        25613.11        1309.00        
  35       2               25763.29        27481.29        1718.00        
  45       5               27481.29        28978.29        1497.00        
  26       3               29750.59        31517.59        1767.00        
  7        3               31517.59        32733.59        1216.00        
  4        5               32733.59        33650.59        917.00         
  96       6               33650.59        34680.59        1030.00        
  69       6               34680.59        35914.59        1234.00        
  4        6               35914.59        37372.59        1458.00        
  24       7               38119.11        39537.11        1418.00        
  13       3               42318.00        43356.00        1038.00        
  83       3               43657.00        44643.00        986.00         
  57       2               45169.98        46629.98        1460.00        
  11       3               46849.00        47865.00        1016.00        
  77       2               47867.76        49537.76        1670.00        
  55       4               49537.76        51141.76        1604.00        
  5        3               51141.76        52437.76        1296.00        
  81       3               52437.76        53625.76        1188.00        
  65       4               53625.76        54534.76        909.00         
  58       4               54567.76        56234.76        1667.00        
  33       5               56234.76        58022.76        1788.00        
  14       5               58022.76        59536.76        1514.00        
  14       6               59536.76        60729.76        1193.00        
  14       7               60729.76        62320.76        1591.00        
  57       3               62320.76        63307.76        987.00         
  93       5               63307.76        64382.76        1075.00        
  99       5               64627.44        66055.44        1428.00        
  11       5               66055.44        66993.44        938.00         
  14       9               66993.44        68611.44        1618.00        
  11       6               68611.44        69627.44        1016.00        
  78       2               69627.44        70912.44        1285.00        

  机器利用率: 68.15% (忙碌时间: 48370.00 / 总时间: 70978.05)

离散机9:
工件号      工序号             开始时间            结束时间            加工时长           
--------------------------------------------------------------------------------
  29       2               14076.31        15751.31        1675.00        
  39       2               19782.11        21082.11        1300.00        
  96       2               21082.11        22366.11        1284.00        
  32       3               22366.11        23848.11        1482.00        
  30       8               24202.11        25597.11        1395.00        
  18       2               25763.29        26905.29        1142.00        
  24       3               27093.29        28835.29        1742.00        
  17       4               28835.29        29820.29        985.00         
  17       5               29820.29        30826.29        1006.00        
  40       3               30826.29        32136.29        1310.00        
  31       5               32288.59        33997.59        1709.00        
  31       6               33997.59        35164.59        1167.00        
  0        5               35287.11        37027.11        1740.00        
  71       2               37050.82        38119.82        1069.00        
  7        6               38119.82        39581.82        1462.00        
  26       7               39581.82        40582.82        1001.00        
  6        5               40582.82        41859.82        1277.00        
  69       8               41859.82        42857.82        998.00         
  45       8               42857.82        43768.82        911.00         
  26       8               43768.82        44832.82        1064.00        
  10       2               45169.98        46894.98        1725.00        
  85       3               46894.98        48565.98        1671.00        
  13       5               48565.98        50073.98        1508.00        
  65       2               50073.98        51479.98        1406.00        
  36       2               51806.05        52800.05        994.00         
  47       5               52800.05        54389.05        1589.00        
  25       6               54609.81        56327.81        1718.00        
  65       5               56327.81        57711.81        1384.00        
  93       3               57711.81        58740.81        1029.00        
  87       3               58740.81        60013.81        1273.00        
  68       4               60013.81        60942.81        929.00         
  66       5               61126.44        62280.44        1154.00        
  23       6               62280.44        63377.44        1097.00        
  34       4               63377.44        64862.44        1485.00        
  64       2               64862.44        66063.44        1201.00        
  10       6               66063.44        67317.44        1254.00        
  99       7               67354.44        68422.44        1068.00        

  机器利用率: 67.91% (忙碌时间: 48204.00 / 总时间: 70978.05)

离散机10:
工件号      工序号             开始时间            结束时间            加工时长           
--------------------------------------------------------------------------------
  28       4               16403.31        17611.31        1208.00        
  42       3               17611.31        18808.31        1197.00        
  59       2               19782.11        21170.11        1388.00        
  39       3               21170.11        22108.11        938.00         
  17       2               25763.29        26717.29        954.00         
  48       2               26947.59        28386.59        1439.00        
  4        3               28386.59        29734.59        1348.00        
  96       4               29734.59        31175.59        1441.00        
  39       5               31175.59        32601.59        1426.00        
  52       7               32695.11        33618.11        923.00         
  32       7               33618.11        34694.11        1076.00        
  40       5               34694.11        36022.11        1328.00        
  20       6               36022.11        36942.11        920.00         
  24       6               36942.11        38119.11        1177.00        
  96       8               38119.11        39130.11        1011.00        
  40       6               39130.11        40676.11        1546.00        
  3        3               41793.00        43055.00        1262.00        
  47       4               43390.00        44440.00        1050.00        
  55       2               45169.98        46898.98        1729.00        
  94       4               46898.98        47817.98        919.00         
  55       3               47817.98        49279.98        1462.00        
  70       2               49279.98        50461.98        1182.00        
  99       2               50461.98        51758.98        1297.00        
  25       4               51758.98        52674.98        916.00         
  54       2               53058.00        54086.00        1028.00        
  36       3               54086.00        55092.00        1006.00        
  67       4               55092.00        56029.00        937.00         
  66       3               56029.00        57678.00        1649.00        
  43       6               57678.00        59030.00        1352.00        
  86       5               59030.00        60227.00        1197.00        
  93       4               60227.00        61716.00        1489.00        
  75       5               61716.00        63382.00        1666.00        
  14       8               63382.00        64639.00        1257.00        
  33       7               64639.00        66046.00        1407.00        
  99       6               66055.44        67354.44        1299.00        

  机器利用率: 61.18% (忙碌时间: 43424.00 / 总时间: 70978.05)

【打印批次详细信息】
----------------------------------------------------------------------------------------------------

打印机 1 (尺寸: 1033.0 x 412.0 x 635.0):
--------------------------------------------------------------------------------
  批次 1: 零件数=8, 占用率=79.90%
    - 29: 尺寸 302.0 x 137.0 x 33.0
    - 30: 尺寸 686.0 x 336.0 x 90.0
    - 8: 尺寸 155.0 x 115.0 x 87.0
    - 42: 尺寸 86.0 x 114.0 x 61.0
    - 95: 尺寸 55.0 x 202.0 x 55.0
    - 21: 尺寸 53.0 x 109.0 x 36.0
    - 28: 尺寸 148.0 x 108.0 x 40.0
    - 69: 尺寸 101.0 x 76.0 x 43.0
  批次 2: 零件数=6, 占用率=77.62%
    - 79: 尺寸 382.0 x 155.0 x 83.0
    - 46: 尺寸 389.0 x 123.0 x 52.0
    - 31: 尺寸 260.0 x 355.0 x 20.0
    - 88: 尺寸 385.0 x 207.0 x 83.0
    - 48: 尺寸 205.0 x 200.0 x 83.0
    - 7: 尺寸 105.0 x 98.0 x 89.0
  批次 3: 零件数=3, 占用率=65.60%
    - 92: 尺寸 440.0 x 247.0 x 168.0
    - 68: 尺寸 413.0 x 227.0 x 174.0
    - 36: 尺寸 468.0 x 164.0 x 153.0

打印机 2 (尺寸: 1163.0 x 587.0 x 663.0):
--------------------------------------------------------------------------------
  批次 1: 零件数=14, 占用率=94.94%
    - 91: 尺寸 179.0 x 133.0 x 39.0
    - 45: 尺寸 266.0 x 241.0 x 26.0
    - 96: 尺寸 711.0 x 335.0 x 59.0
    - 15: 尺寸 172.0 x 255.0 x 44.0
    - 0: 尺寸 268.0 x 250.0 x 27.0
    - 22: 尺寸 69.0 x 106.0 x 68.0
    - 41: 尺寸 420.0 x 84.0 x 65.0
    - 59: 尺寸 229.0 x 159.0 x 122.0
    - 76: 尺寸 165.0 x 168.0 x 18.0
    - 39: 尺寸 396.0 x 158.0 x 123.0
    - 20: 尺寸 89.0 x 142.0 x 104.0
    - 32: 尺寸 98.0 x 66.0 x 75.0
    - 52: 尺寸 170.0 x 59.0 x 100.0
    - 19: 尺寸 220.0 x 58.0 x 76.0
  批次 2: 零件数=12, 占用率=79.28%
    - 86: 尺寸 349.0 x 205.0 x 127.0
    - 9: 尺寸 101.0 x 149.0 x 45.0
    - 34: 尺寸 206.0 x 118.0 x 193.0
    - 1: 尺寸 465.0 x 126.0 x 96.0
    - 99: 尺寸 203.0 x 390.0 x 186.0
    - 23: 尺寸 422.0 x 283.0 x 63.0
    - 5: 尺寸 63.0 x 187.0 x 153.0
    - 67: 尺寸 121.0 x 144.0 x 191.0
    - 93: 尺寸 291.0 x 139.0 x 38.0
    - 81: 尺寸 93.0 x 134.0 x 170.0
    - 70: 尺寸 217.0 x 139.0 x 55.0
    - 66: 尺寸 438.0 x 139.0 x 124.0
  批次 3: 零件数=4, 占用率=53.51%
    - 61: 尺寸 533.0 x 123.0 x 54.0
    - 64: 尺寸 441.0 x 333.0 x 52.0
    - 60: 尺寸 170.0 x 363.0 x 19.0
    - 72: 尺寸 426.0 x 214.0 x 34.0

打印机 3 (尺寸: 941.0 x 424.0 x 663.0):
--------------------------------------------------------------------------------
  批次 1: 零件数=11, 占用率=74.11%
    - 10: 尺寸 480.0 x 155.0 x 175.0
    - 84: 尺寸 132.0 x 148.0 x 176.0
    - 11: 尺寸 306.0 x 123.0 x 35.0
    - 25: 尺寸 207.0 x 202.0 x 33.0
    - 53: 尺寸 121.0 x 142.0 x 188.0
    - 85: 尺寸 63.0 x 205.0 x 96.0
    - 38: 尺寸 144.0 x 118.0 x 155.0
    - 58: 尺寸 246.0 x 181.0 x 77.0
    - 44: 尺寸 79.0 x 103.0 x 14.0
    - 55: 尺寸 72.0 x 93.0 x 88.0
    - 57: 尺寸 114.0 x 139.0 x 92.0
  批次 2: 零件数=3, 占用率=70.12%
    - 49: 尺寸 720.0 x 166.0 x 70.0
    - 74: 尺寸 488.0 x 192.0 x 92.0
    - 78: 尺寸 259.0 x 257.0 x 55.0

打印机 4 (尺寸: 1081.0 x 523.0 x 615.0):
--------------------------------------------------------------------------------
  批次 1: 零件数=12, 占用率=75.87%
    - 97: 尺寸 213.0 x 107.0 x 56.0
    - 17: 尺寸 668.0 x 227.0 x 36.0
    - 62: 尺寸 188.0 x 133.0 x 95.0
    - 18: 尺寸 207.0 x 134.0 x 86.0
    - 24: 尺寸 187.0 x 173.0 x 33.0
    - 26: 尺寸 353.0 x 115.0 x 50.0
    - 6: 尺寸 306.0 x 134.0 x 68.0
    - 98: 尺寸 197.0 x 134.0 x 63.0
    - 40: 尺寸 122.0 x 148.0 x 103.0
    - 12: 尺寸 132.0 x 99.0 x 97.0
    - 35: 尺寸 106.0 x 96.0 x 48.0
    - 4: 尺寸 136.0 x 148.0 x 21.0
  批次 2: 零件数=3, 占用率=79.98%
    - 43: 尺寸 713.0 x 239.0 x 46.0
    - 56: 尺寸 312.0 x 305.0 x 32.0
    - 71: 尺寸 699.0 x 267.0 x 29.0
  批次 3: 零件数=3, 占用率=66.79%
    - 2: 尺寸 568.0 x 184.0 x 44.0
    - 77: 尺寸 509.0 x 204.0 x 43.0
    - 65: 尺寸 688.0 x 246.0 x 28.0

打印机 5 (尺寸: 1118.0 x 504.0 x 631.0):
--------------------------------------------------------------------------------
  批次 1: 零件数=16, 占用率=86.73%
    - 3: 尺寸 114.0 x 130.0 x 98.0
    - 47: 尺寸 178.0 x 51.0 x 176.0
    - 33: 尺寸 143.0 x 98.0 x 20.0
    - 14: 尺寸 183.0 x 98.0 x 54.0
    - 75: 尺寸 460.0 x 290.0 x 105.0
    - 37: 尺寸 208.0 x 179.0 x 109.0
    - 51: 尺寸 135.0 x 173.0 x 83.0
    - 82: 尺寸 191.0 x 198.0 x 181.0
    - 80: 尺寸 106.0 x 152.0 x 19.0
    - 90: 尺寸 85.0 x 241.0 x 93.0
    - 50: 尺寸 123.0 x 185.0 x 171.0
    - 13: 尺寸 87.0 x 87.0 x 191.0
    - 73: 尺寸 159.0 x 177.0 x 112.0
    - 83: 尺寸 441.0 x 153.0 x 197.0
    - 63: 尺寸 163.0 x 195.0 x 52.0
    - 94: 尺寸 86.0 x 78.0 x 15.0
  批次 2: 零件数=5, 占用率=65.67%
    - 27: 尺寸 565.0 x 191.0 x 59.0
    - 54: 尺寸 529.0 x 120.0 x 52.0
    - 89: 尺寸 233.0 x 185.0 x 23.0
    - 87: 尺寸 690.0 x 134.0 x 26.0
    - 16: 尺寸 441.0 x 143.0 x 42.0

════════════════════════════════════════════════════════════════
