════════════════════════════════════════════════════════════════
              最优Cmax解的详细调度记录
════════════════════════════════════════════════════════════════

【基本信息】
----------------------------------------------------------------------------------------------------
Cmax (最大完工时间): 72850.51
能耗: 949.02 kWh
装箱质量: 0.2317
批次总数: 14
工件数量: 100
机器数量: 17 (打印机:5, 批处理机:2, 离散机:10)

【染色体编码】
----------------------------------------------------------------------------------------------------
工序序列 (OS): [24, 18, 98, 90, 85, 35, 32, 6, 21, 80, 47, 66, 7, 68, 61, 91, 54, 42, 67, 30, 93, 19, 50, 99, 38, 96, 43, 88, 14, 74, 72, 16, 58, 41, 34, 57, 78, 48, 97, 0, 3, 65, 26, 86, 95, 37, 13, 46, 81, 63, 82, 79, 70, 53, 75, 87, 25, 44, 51, 27, 11, 5, 1, 76, 59, 4, 94, 10, 84, 56, 31, 9, 92, 29, 71, 2, 73, 55, 60, 83, 49, 22, 17, 69, 15, 28, 40, 52, 62, 45, 39, 77, 20, 12, 23, 89, 64, 33, 36, 8, 16, 14, 13, 47, 8, 26, 17, 14, 41, 4, 0, 33, 46, 65, 36, 55, 94, 81, 89, 85, 23, 72, 26, 86, 31, 7, 32, 83, 26, 85, 69, 59, 45, 47, 20, 31, 41, 86, 6, 65, 32, 97, 99, 97, 7, 15, 30, 17, 47, 25, 59, 96, 52, 31, 25, 41, 96, 26, 67, 9, 34, 99, 32, 49, 72, 59, 13, 88, 17, 69, 28, 55, 82, 30, 30, 3, 49, 71, 23, 15, 52, 54, 45, 93, 3, 89, 48, 82, 18, 35, 24, 14, 37, 26, 10, 26, 72, 4, 1, 25, 8, 39, 5, 50, 37, 8, 10, 25, 17, 5, 41, 24, 87, 96, 40, 39, 8, 53, 5, 83, 49, 52, 69, 46, 46, 20, 45, 33, 30, 75, 24, 20, 96, 11, 4, 4, 45, 45, 28, 28, 43, 52, 8, 71, 93, 4, 75, 93, 6, 88, 52, 13, 57, 30, 13, 74, 10, 83, 14, 29, 96, 66, 90, 97, 24, 99, 46, 65, 23, 23, 66, 1, 96, 55, 36, 15, 30, 45, 36, 0, 87, 94, 20, 13, 9, 71, 23, 70, 35, 64, 66, 75, 45, 83, 10, 68, 43, 24, 16, 51, 72, 77, 29, 17, 12, 11, 7, 6, 44, 24, 47, 68, 65, 25, 5, 96, 75, 17, 69, 33, 72, 11, 58, 72, 33, 39, 8, 36, 58, 69, 15, 83, 43, 20, 14, 83, 55, 32, 74, 93, 19, 75, 0, 67, 66, 25, 28, 55, 30, 33, 94, 0, 7, 1, 34, 77, 74, 2, 78, 43, 59, 26, 94, 42, 67, 99, 47, 87, 86, 21, 37, 94, 4, 41, 69, 31, 91, 15, 28, 6, 88, 13, 46, 86, 3, 67, 47, 36, 99, 60, 79, 68, 40, 7, 65, 72, 40, 3, 58, 23, 92, 81, 14, 5, 21, 57, 10, 42, 66, 41, 23, 15, 17, 26, 5, 36, 31, 99, 11, 62, 52, 32, 33, 39, 77, 21, 14, 24, 11, 34, 94, 14, 73, 92, 58, 36, 47, 32, 3, 46, 53, 43, 30, 40, 69, 55, 59, 40]
机器选择 (MS): [2, 1, 1, 1, 1, 5, 2, 3, 3, 2, 1, 2, 2, 2, 2, 2, 2, 3, 1, 1, 4, 3, 4, 1, 5, 2, 5, 1, 4, 3, 5, 2, 4, 3, 5, 2, 3, 5, 4, 4, 2, 5, 5, 3, 3, 5, 1, 3, 4, 5, 4, 2, 2, 4, 2, 3, 1, 5, 5, 2, 1, 4, 5, 1, 3, 3, 3, 4, 4, 5, 1, 5, 1, 3, 5, 2, 5, 2, 5, 4, 2, 1, 2, 1, 1, 2, 5, 2, 3, 3, 3, 4, 2, 4, 2, 2, 4, 5, 4, 2, 1, 3, 3, 1, 2, 1, 1, 1, 1, 2, 1, 2, 1, 1, 2, 2, 3, 1, 1, 1, 1, 1, 1, 1, 3, 2, 1, 1, 2, 1, 2, 1, 1, 1, 1, 1, 1, 1, 1, 1, 2, 1, 1, 1, 2, 1, 1, 1, 1, 2, 3, 3, 2, 1, 2, 1, 2, 1, 1, 2, 2, 2, 1, 2, 1, 1, 2, 2, 1, 2, 2, 1, 3, 1, 2, 1, 1, 1, 1, 1, 1, 1, 2, 1, 2, 1, 2, 2, 3, 1, 2, 1, 2, 2, 2, 2, 1, 2, 1, 1, 1, 1, 2, 1, 1, 1, 2, 1, 2, 1, 1, 3, 1, 2, 2, 1, 1, 2, 2, 1, 1, 2, 2, 2, 1, 2, 3, 1, 2, 2, 1, 2, 1, 1, 1, 1, 3, 1, 1, 1, 1, 2, 2, 2, 2, 2, 2, 1, 2, 1, 1, 1, 2, 1, 2, 1, 1, 3, 3, 2, 2, 1, 2, 3, 2, 1, 1, 1, 3, 2, 1, 1, 1, 2, 3, 2, 2, 1, 2, 1, 1, 3, 1, 2, 3, 1, 1, 1, 1, 2, 1, 1, 1, 2, 1, 2, 1, 1, 1, 1, 1, 1, 1, 1, 1, 2, 3, 1, 1, 1, 1, 1, 1, 1, 2, 1, 1, 1, 2, 1, 1, 1, 1, 1, 2, 2, 1, 2, 1, 2, 1, 1, 1, 1, 1, 1, 2, 1, 3, 1, 2, 1, 3, 1, 1, 1, 2, 3, 1, 3, 1, 2, 2, 1, 1, 2, 3, 3, 2, 1, 1, 3, 2, 1, 2, 2, 1, 2, 1, 1, 1, 1, 1, 1, 1, 1, 1, 2, 3, 1, 1, 1, 1, 2, 1, 1, 2, 2, 3, 1, 1, 1, 1, 2, 2, 1, 1, 2, 3, 1, 1, 1, 1, 1, 1, 1, 1, 1, 1, 1, 1, 1, 1, 1, 2, 1, 2, 2, 2, 1, 2, 2, 1, 2, 1, 2, 1, 1, 3, 1, 1, 1, 1, 1, 1, 1, 2, 1, 3, 2, 1, 1, 1, 1, 1, 1, 1, 1]

【零件加工顺序记录】
----------------------------------------------------------------------------------------------------
工件号      工序号             机器号             开始时间            结束时间            加工时长           
----------------------------------------------------------------------------------------------------

工件 0:
  0        0               打印机4            0.00            46816.94        46816.94       
  0        1               批处理机2           46816.94        47880.94        1064.00        
  0        2               离散机3            47880.94        48780.94        900.00         
  0        3               离散机10           50604.60        51810.60        1206.00        
  0        4               离散机5            52454.94        53494.94        1040.00        
  0        5               离散机3            58655.02        60147.02        1492.00        

工件 1:
  1        0               打印机5            0.00            38997.00        38997.00       
  1        1               批处理机2           38997.00        40061.00        1064.00        
  1        2               离散机8            41779.00        43423.00        1644.00        
  1        3               离散机7            45571.00        47353.00        1782.00        
  1        4               离散机2            49533.94        50457.94        924.00         

工件 2:
  2        0               打印机2            45190.60        57943.79        12753.19       
  2        1               批处理机2           57943.79        59007.79        1064.00        
  2        2               离散机1            60881.00        62138.00        1257.00        

工件 3:
  3        0               打印机2            18867.23        45190.60        26323.37       
  3        1               批处理机2           45190.60        46254.60        1064.00        
  3        2               离散机1            46254.60        47186.60        932.00         
  3        3               离散机10           47208.60        48470.60        1262.00        
  3        4               离散机2            50457.94        51455.94        998.00         
  3        5               离散机7            56439.02        57530.02        1091.00        
  3        6               离散机2            69756.79        71121.79        1365.00        

工件 4:
  4        0               打印机3            0.00            22557.20        22557.20       
  4        1               批处理机2           22557.20        23621.20        1064.00        
  4        2               离散机1            23621.20        24754.20        1133.00        
  4        3               离散机10           24754.20        26102.20        1348.00        
  4        4               离散机10           26102.20        27805.20        1703.00        
  4        5               离散机8            30777.90        31694.90        917.00         
  4        6               离散机2            33820.90        34842.90        1022.00        
  4        7               离散机6            36063.90        37401.90        1338.00        

工件 5:
  5        0               打印机4            0.00            46816.94        46816.94       
  5        1               批处理机2           46816.94        47880.94        1064.00        
  5        2               离散机1            50328.94        52001.94        1673.00        
  5        3               离散机8            52001.94        53297.94        1296.00        
  5        4               离散机1            53297.94        55000.94        1703.00        
  5        5               离散机2            55000.94        56171.94        1171.00        
  5        6               离散机2            57775.94        58675.94        900.00         
  5        7               离散机8            64807.79        66284.79        1477.00        

工件 6:
  6        0               打印机3            0.00            22557.20        22557.20       
  6        1               批处理机2           22557.20        23621.20        1064.00        
  6        2               离散机5            23621.20        25262.20        1641.00        
  6        3               离散机2            34842.90        36507.90        1665.00        
  6        4               离散机2            38612.90        39805.90        1193.00        
  6        5               离散机9            39805.90        41082.90        1277.00        

工件 7:
  7        0               打印机2            0.00            18867.23        18867.23       
  7        1               批处理机2           18867.23        19931.23        1064.00        
  7        2               离散机2            19931.23        20919.23        988.00         
  7        3               离散机8            20919.23        22135.23        1216.00        
  7        4               离散机1            22352.23        23278.23        926.00         
  7        5               离散机1            25799.20        27250.20        1451.00        
  7        6               离散机9            38335.90        39797.90        1462.00        

工件 8:
  8        0               打印机2            0.00            18867.23        18867.23       
  8        1               批处理机2           18867.23        19931.23        1064.00        
  8        2               离散机5            19931.23        21187.23        1256.00        
  8        3               离散机6            22326.23        23353.23        1027.00        
  8        4               离散机2            23386.23        24997.23        1611.00        
  8        5               离散机2            26866.20        28250.20        1384.00        
  8        6               离散机1            28250.20        29283.20        1033.00        
  8        7               离散机4            34633.90        36294.90        1661.00        

工件 9:
  9        0               打印机5            0.00            38997.00        38997.00       
  9        1               批处理机2           38997.00        40061.00        1064.00        
  9        2               离散机7            44286.00        45571.00        1285.00        
  9        3               离散机3            51564.94        53278.94        1714.00        

工件 10:
  10       0               打印机4            0.00            46816.94        46816.94       
  10       1               批处理机2           46816.94        47880.94        1064.00        
  10       2               离散机6            50382.94        51386.94        1004.00        
  10       3               离散机5            51386.94        52454.94        1068.00        
  10       4               离散机5            60777.79        62557.79        1780.00        
  10       5               离散机2            63150.79        64879.79        1729.00        
  10       6               离散机1            67854.51        69489.51        1635.00        

工件 11:
  11       0               打印机1            27255.90        40268.21        13012.31       
  11       1               批处理机2           40268.21        41332.21        1064.00        
  11       2               离散机3            45895.00        47276.00        1381.00        
  11       3               离散机8            47276.00        48292.00        1016.00        
  11       4               离散机3            57664.02        58655.02        991.00         
  11       5               离散机8            67690.51        68628.51        938.00         
  11       6               离散机8            68628.51        69644.51        1016.00        

工件 12:
  12       0               打印机4            0.00            46816.94        46816.94       
  12       1               批处理机2           46816.94        47880.94        1064.00        
  12       2               离散机10           51810.60        53333.60        1523.00        

工件 13:
  13       0               打印机1            0.00            27255.90        27255.90       
  13       1               批处理机2           27255.90        28319.90        1064.00        
  13       2               离散机3            28319.90        29776.90        1457.00        
  13       3               离散机9            31232.90        32797.90        1565.00        
  13       4               离散机5            32797.90        34473.90        1676.00        
  13       5               离散机5            34473.90        35522.90        1049.00        
  13       6               离散机7            35522.90        37133.90        1611.00        
  13       7               离散机1            37133.90        38209.90        1076.00        

工件 14:
  14       0               打印机4            0.00            46816.94        46816.94       
  14       1               批处理机2           46816.94        47880.94        1064.00        
  14       2               离散机4            47880.94        49296.94        1416.00        
  14       3               离散机4            49296.94        50520.94        1224.00        
  14       4               离散机7            50520.94        52274.94        1754.00        
  14       5               离散机3            56234.02        57664.02        1430.00        
  14       6               离散机7            57664.02        58785.02        1121.00        
  14       7               离散机6            60328.02        61540.02        1212.00        
  14       8               离散机10           61943.00        63200.00        1257.00        
  14       9               离散机6            69035.79        70362.79        1327.00        

工件 15:
  15       0               打印机1            0.00            27255.90        27255.90       
  15       1               批处理机2           27255.90        28319.90        1064.00        
  15       2               离散机8            28319.90        29725.90        1406.00        
  15       3               离散机2            29725.90        31313.90        1588.00        
  15       4               离散机2            37522.90        38612.90        1090.00        
  15       5               离散机6            38612.90        39938.90        1326.00        
  15       6               离散机3            39938.90        41168.90        1230.00        
  15       7               离散机5            64872.79        65785.79        913.00         

工件 16:
  16       0               打印机2            45190.60        57943.79        12753.19       
  16       1               批处理机2           57943.79        59007.79        1064.00        
  16       2               离散机2            59007.79        60797.79        1790.00        
  16       3               离散机7            65424.79        66993.79        1569.00        

工件 17:
  17       0               打印机2            18867.23        45190.60        26323.37       
  17       1               批处理机2           45190.60        46254.60        1064.00        
  17       2               离散机10           46254.60        47208.60        954.00         
  17       3               离散机6            49144.94        50382.94        1238.00        
  17       4               离散机3            50382.94        51564.94        1182.00        
  17       5               离散机9            56924.00        57930.00        1006.00        
  17       6               离散机2            64879.79        66502.79        1623.00        
  17       7               离散机2            66502.79        67473.79        971.00         
  17       8               离散机6            68116.79        69035.79        919.00         

工件 18:
  18       0               打印机1            0.00            27255.90        27255.90       
  18       1               批处理机2           27255.90        28319.90        1064.00        
  18       2               离散机9            28319.90        29461.90        1142.00        

工件 19:
  19       0               打印机3            0.00            22557.20        22557.20       
  19       1               批处理机2           22557.20        23621.20        1064.00        
  19       2               离散机4            26064.23        27601.23        1537.00        

工件 20:
  20       0               打印机2            0.00            18867.23        18867.23       
  20       1               批处理机2           18867.23        19931.23        1064.00        
  20       2               离散机7            19931.23        21113.23        1182.00        
  20       3               离散机5            26470.20        27695.20        1225.00        
  20       4               离散机6            30799.90        32059.90        1260.00        
  20       5               离散机9            32797.90        34013.90        1216.00        
  20       6               离散机10           35170.90        36090.90        920.00         

工件 21:
  21       0               打印机3            0.00            22557.20        22557.20       
  21       1               批处理机2           22557.20        23621.20        1064.00        
  21       2               离散机3            37045.90        38624.90        1579.00        
  21       3               离散机6            44257.00        45866.00        1609.00        
  21       4               离散机6            56438.02        58003.02        1565.00        

工件 22:
  22       0               打印机1            0.00            27255.90        27255.90       
  22       1               批处理机2           27255.90        28319.90        1064.00        

工件 23:
  23       0               打印机2            45190.60        57943.79        12753.19       
  23       1               批处理机2           57943.79        59007.79        1064.00        
  23       2               离散机7            59007.79        60560.79        1553.00        
  23       3               离散机3            60560.79        61657.79        1097.00        
  23       4               离散机7            61657.79        63414.79        1757.00        
  23       5               离散机10           63414.79        65019.79        1605.00        
  23       6               离散机9            65019.79        66116.79        1097.00        
  23       7               离散机5            66116.79        67817.79        1701.00        
  23       8               离散机5            67817.79        69055.79        1238.00        

工件 24:
  24       0               打印机2            0.00            18867.23        18867.23       
  24       1               批处理机2           18867.23        19931.23        1064.00        
  24       2               离散机3            19931.23        21261.23        1330.00        
  24       3               离散机3            21261.23        22660.23        1399.00        
  24       4               离散机5            27695.20        28761.20        1066.00        
  24       5               离散机4            28761.20        30153.20        1392.00        
  24       6               离散机10           32982.90        34159.90        1177.00        
  24       7               离散机1            35375.90        36992.90        1617.00        
  24       8               离散机4            42386.00        43737.00        1351.00        

工件 25:
  25       0               打印机1            27255.90        40268.21        13012.31       
  25       1               批处理机2           40268.21        41332.21        1064.00        
  25       2               离散机3            41332.21        42253.21        921.00         
  25       3               离散机2            42823.00        44149.00        1326.00        
  25       4               离散机4            46675.00        47760.00        1085.00        
  25       5               离散机1            47760.00        48806.00        1046.00        
  25       6               离散机9            62044.00        63762.00        1718.00        
  25       7               离散机10           66685.79        67813.79        1128.00        

工件 26:
  26       0               打印机5            0.00            38997.00        38997.00       
  26       1               批处理机2           38997.00        40061.00        1064.00        
  26       2               离散机7            40061.00        41735.00        1674.00        
  26       3               离散机6            41735.00        42877.00        1142.00        
  26       4               离散机7            42929.00        44286.00        1357.00        
  26       5               离散机3            44286.00        45895.00        1609.00        
  26       6               离散机6            45895.00        47174.00        1279.00        
  26       7               离散机9            54267.00        55268.00        1001.00        
  26       8               离散机9            63762.00        64826.00        1064.00        
  26       9               离散机5            69055.79        70551.79        1496.00        

工件 27:
  27       0               打印机2            18867.23        45190.60        26323.37       
  27       1               批处理机2           45190.60        46254.60        1064.00        

工件 28:
  28       0               打印机2            0.00            18867.23        18867.23       
  28       1               批处理机2           18867.23        19931.23        1064.00        
  28       2               离散机2            22050.23        23386.23        1336.00        
  28       3               离散机6            26802.20        27793.20        991.00         
  28       4               离散机10           31774.90        32982.90        1208.00        
  28       5               离散机7            33555.90        34855.90        1300.00        
  28       6               离散机6            37401.90        38432.90        1031.00        

工件 29:
  29       0               打印机3            0.00            22557.20        22557.20       
  29       1               批处理机2           22557.20        23621.20        1064.00        
  29       2               离散机9            23621.20        25296.20        1675.00        
  29       3               离散机8            26773.20        27952.20        1179.00        

工件 30:
  30       0               打印机1            27255.90        40268.21        13012.31       
  30       1               批处理机2           40268.21        41332.21        1064.00        
  30       2               离散机2            41674.00        42823.00        1149.00        
  30       3               离散机5            42823.00        43884.00        1061.00        
  30       4               离散机4            43884.00        45416.00        1532.00        
  30       5               离散机5            45416.00        46340.00        924.00         
  30       6               离散机5            46340.00        47514.00        1174.00        
  30       7               离散机5            50188.94        51331.94        1143.00        
  30       8               离散机4            54124.94        55501.94        1377.00        
  30       9               离散机7            70081.79        71221.79        1140.00        

工件 31:
  31       0               打印机1            40268.21        64280.51        24012.31       
  31       1               批处理机2           64280.51        65344.51        1064.00        
  31       2               离散机1            65344.51        66758.51        1414.00        
  31       3               离散机8            66758.51        67690.51        932.00         
  31       4               离散机3            67690.51        69013.51        1323.00        
  31       5               离散机9            69013.51        70722.51        1709.00        
  31       6               离散机9            70722.51        71889.51        1167.00        

工件 32:
  32       0               打印机2            0.00            18867.23        18867.23       
  32       1               批处理机2           18867.23        19931.23        1064.00        
  32       2               离散机2            20919.23        22050.23        1131.00        
  32       3               离散机5            22050.23        23456.23        1406.00        
  32       4               离散机5            25262.20        26470.20        1208.00        
  32       5               离散机6            34863.90        36063.90        1200.00        
  32       6               离散机5            38643.90        39648.90        1005.00        
  32       7               离散机10           43620.00        44696.00        1076.00        

工件 33:
  33       0               打印机5            0.00            38997.00        38997.00       
  33       1               批处理机2           38997.00        40061.00        1064.00        
  33       2               离散机7            41735.00        42929.00        1194.00        
  33       3               离散机5            43884.00        44948.00        1064.00        
  33       4               离散机9            44948.00        45971.00        1023.00        
  33       5               离散机4            53126.94        54124.94        998.00         
  33       6               离散机5            54737.02        55676.02        939.00         
  33       7               离散机10           57559.02        58966.02        1407.00        

工件 34:
  34       0               打印机5            0.00            38997.00        38997.00       
  34       1               批处理机2           38997.00        40061.00        1064.00        
  34       2               离散机3            42253.21        43775.21        1522.00        
  34       3               离散机1            44266.00        45660.00        1394.00        
  34       4               离散机9            45971.00        47456.00        1485.00        

工件 35:
  35       0               打印机5            0.00            38997.00        38997.00       
  35       1               批处理机2           38997.00        40061.00        1064.00        
  35       2               离散机8            40061.00        41779.00        1718.00        
  35       3               离散机1            43165.00        44266.00        1101.00        

工件 36:
  36       0               打印机4            0.00            46816.94        46816.94       
  36       1               批处理机2           46816.94        47880.94        1064.00        
  36       2               离散机9            47880.94        48874.94        994.00         
  36       3               离散机10           49598.60        50604.60        1006.00        
  36       4               离散机7            52274.94        53759.94        1485.00        
  36       5               离散机8            62316.79        63732.79        1416.00        
  36       6               离散机6            63732.79        65277.79        1545.00        
  36       7               离散机7            69060.79        70081.79        1021.00        
  36       8               离散机8            70081.79        71189.79        1108.00        

工件 37:
  37       0               打印机5            0.00            38997.00        38997.00       
  37       1               批处理机2           38997.00        40061.00        1064.00        
  37       2               离散机5            40061.00        41316.00        1255.00        
  37       3               离散机2            44149.00        45919.00        1770.00        
  37       4               离散机6            55247.02        56438.02        1191.00        

工件 38:
  38       0               打印机5            0.00            38997.00        38997.00       
  38       1               批处理机2           38997.00        40061.00        1064.00        

工件 39:
  39       0               打印机3            22557.20        52529.02        29971.83       
  39       1               批处理机2           52529.02        53593.02        1064.00        
  39       2               离散机6            53593.02        55247.02        1654.00        
  39       3               离散机10           55247.02        56185.02        938.00         
  39       4               离散机5            57321.02        58857.02        1536.00        
  39       5               离散机4            65393.79        66901.79        1508.00        

工件 40:
  40       0               打印机5            0.00            38997.00        38997.00       
  40       1               批处理机2           38997.00        40061.00        1064.00        
  40       2               离散机4            40061.00        41223.00        1162.00        
  40       3               离散机9            41223.00        42533.00        1310.00        
  40       4               离散机6            42877.00        44257.00        1380.00        
  40       5               离散机10           44696.00        46024.00        1328.00        
  40       6               离散机10           69010.79        70556.79        1546.00        

工件 41:
  41       0               打印机3            0.00            22557.20        22557.20       
  41       1               批处理机2           22557.20        23621.20        1064.00        
  41       2               离散机8            23621.20        25169.20        1548.00        
  41       3               离散机2            25169.20        26866.20        1697.00        
  41       4               离散机7            26866.20        28398.20        1532.00        
  41       5               离散机2            31313.90        32432.90        1119.00        
  41       6               离散机4            37689.90        39391.90        1702.00        
  41       7               离散机5            41316.00        42586.00        1270.00        

工件 42:
  42       0               打印机3            0.00            22557.20        22557.20       
  42       1               批处理机2           22557.20        23621.20        1064.00        
  42       2               离散机4            36294.90        37689.90        1395.00        
  42       3               离散机10           41500.00        42697.00        1197.00        

工件 43:
  43       0               打印机5            38997.00        48594.00        9597.00        
  43       1               批处理机2           48594.00        49658.00        1064.00        
  43       2               离散机9            57930.00        59425.00        1495.00        
  43       3               离散机1            59425.00        60881.00        1456.00        
  43       4               离散机3            63781.79        65076.79        1295.00        
  43       5               离散机1            66758.51        67854.51        1096.00        
  43       6               离散机6            71640.51        72677.51        1037.00        

工件 44:
  44       0               打印机5            0.00            38997.00        38997.00       
  44       1               批处理机2           38997.00        40061.00        1064.00        
  44       2               离散机6            40061.00        41047.00        986.00         

工件 45:
  45       0               打印机3            22557.20        52529.02        29971.83       
  45       1               批处理机2           52529.02        53593.02        1064.00        
  45       2               离散机3            53593.02        54914.02        1321.00        
  45       3               离散机8            54914.02        56107.02        1193.00        
  45       4               离散机5            56107.02        57321.02        1214.00        
  45       5               离散机8            57321.02        58818.02        1497.00        
  45       6               离散机6            58818.02        60328.02        1510.00        
  45       7               离散机2            60797.79        61996.79        1199.00        
  45       8               离散机4            61996.79        63621.79        1625.00        

工件 46:
  46       0               打印机3            0.00            22557.20        22557.20       
  46       1               批处理机2           22557.20        23621.20        1064.00        
  46       2               离散机1            24754.20        25799.20        1045.00        
  46       3               离散机6            25799.20        26802.20        1003.00        
  46       4               离散机3            26802.20        27888.20        1086.00        
  46       5               离散机1            29283.20        30219.20        936.00         
  46       6               离散机1            30219.20        31291.20        1072.00        
  46       7               离散机3            66252.79        67486.79        1234.00        

工件 47:
  47       0               打印机1            0.00            27255.90        27255.90       
  47       1               批处理机2           27255.90        28319.90        1064.00        
  47       2               离散机2            28319.90        29572.90        1253.00        
  47       3               离散机5            29572.90        30724.90        1152.00        
  47       4               离散机10           30724.90        31774.90        1050.00        
  47       5               离散机9            34013.90        35602.90        1589.00        
  47       6               离散机3            35602.90        37045.90        1443.00        
  47       7               离散机2            51455.94        52560.94        1105.00        
  47       8               离散机1            62138.00        63445.00        1307.00        

工件 48:
  48       0               打印机5            0.00            38997.00        38997.00       
  48       1               批处理机2           38997.00        40061.00        1064.00        
  48       2               离散机10           40061.00        41500.00        1439.00        

工件 49:
  49       0               打印机2            0.00            18867.23        18867.23       
  49       1               批处理机2           18867.23        19931.23        1064.00        
  49       2               离散机6            19931.23        21380.23        1449.00        
  49       3               离散机6            21380.23        22326.23        946.00         
  49       4               离散机7            24014.23        25565.23        1551.00        

工件 50:
  50       0               打印机4            0.00            46816.94        46816.94       
  50       1               批处理机2           46816.94        47880.94        1064.00        
  50       2               离散机10           48470.60        49598.60        1128.00        

工件 51:
  51       0               打印机5            0.00            38997.00        38997.00       
  51       1               批处理机2           38997.00        40061.00        1064.00        
  51       2               离散机4            41223.00        42386.00        1163.00        

工件 52:
  52       0               打印机2            0.00            18867.23        18867.23       
  52       1               批处理机2           18867.23        19931.23        1064.00        
  52       2               离散机1            19931.23        21049.23        1118.00        
  52       3               离散机4            22896.23        24691.23        1795.00        
  52       4               离散机2            32432.90        33820.90        1388.00        
  52       5               离散机1            33820.90        35375.90        1555.00        
  52       6               离散机2            36507.90        37522.90        1015.00        
  52       7               离散机10           42697.00        43620.00        923.00         

工件 53:
  53       0               打印机4            0.00            46816.94        46816.94       
  53       1               批处理机2           46816.94        47880.94        1064.00        
  53       2               离散机5            48863.94        50188.94        1325.00        
  53       3               离散机4            66901.79        68106.79        1205.00        

工件 54:
  54       0               打印机2            45190.60        57943.79        12753.19       
  54       1               批处理机2           57943.79        59007.79        1064.00        
  54       2               离散机8            59007.79        60581.79        1574.00        

工件 55:
  55       0               打印机2            0.00            18867.23        18867.23       
  55       1               批处理机2           18867.23        19931.23        1064.00        
  55       2               离散机10           19931.23        21660.23        1729.00        
  55       3               离散机10           21660.23        23122.23        1462.00        
  55       4               离散机8            25169.20        26773.20        1604.00        
  55       5               离散机3            32321.90        33860.90        1539.00        
  55       6               离散机8            36152.90        37362.90        1210.00        
  55       7               离散机1            63445.00        64843.00        1398.00        

工件 56:
  56       0               打印机5            38997.00        48594.00        9597.00        
  56       1               批处理机2           48594.00        49658.00        1064.00        

工件 57:
  57       0               打印机2            0.00            18867.23        18867.23       
  57       1               批处理机2           18867.23        19931.23        1064.00        
  57       2               离散机6            32059.90        33185.90        1126.00        
  57       3               离散机8            37362.90        38349.90        987.00         

工件 58:
  58       0               打印机4            46816.94        65398.59        18581.65       
  58       1               批处理机2           65398.59        66462.59        1064.00        
  58       2               离散机2            67473.79        68561.79        1088.00        
  58       3               离散机3            69013.51        70531.51        1518.00        
  58       4               离散机6            70531.51        71640.51        1109.00        
  58       5               离散机5            71640.51        72850.51        1210.00        

工件 59:
  59       0               打印机3            22557.20        52529.02        29971.83       
  59       1               批处理机2           52529.02        53593.02        1064.00        
  59       2               离散机10           53593.02        54981.02        1388.00        
  59       3               离散机7            54981.02        56439.02        1458.00        
  59       4               离散机4            56439.02        57681.02        1242.00        
  59       5               离散机4            60775.02        61709.02        934.00         
  59       6               离散机7            71221.79        72690.79        1469.00        

工件 60:
  60       0               打印机5            38997.00        48594.00        9597.00        
  60       1               批处理机2           48594.00        49658.00        1064.00        
  60       2               离散机7            53759.94        54963.94        1204.00        

工件 61:
  61       0               打印机2            18867.23        45190.60        26323.37       
  61       1               批处理机2           45190.60        46254.60        1064.00        

工件 62:
  62       0               打印机3            0.00            22557.20        22557.20       
  62       1               批处理机2           22557.20        23621.20        1064.00        
  62       2               离散机1            31291.20        32769.20        1478.00        

工件 63:
  63       0               打印机5            0.00            38997.00        38997.00       
  63       1               批处理机2           38997.00        40061.00        1064.00        

工件 64:
  64       0               打印机4            46816.94        65398.59        18581.65       
  64       1               批处理机2           65398.59        66462.59        1064.00        
  64       2               离散机9            66462.59        67663.59        1201.00        

工件 65:
  65       0               打印机5            38997.00        48594.00        9597.00        
  65       1               批处理机2           48594.00        49658.00        1064.00        
  65       2               离散机9            49658.00        51064.00        1406.00        
  65       3               离散机9            52801.00        54267.00        1466.00        
  65       4               离散机8            56107.02        57016.02        909.00         
  65       5               离散机1            57016.02        58177.02        1161.00        
  65       6               离散机7            60560.79        61585.79        1025.00        

工件 66:
  66       0               打印机2            0.00            18867.23        18867.23       
  66       1               批处理机2           18867.23        19931.23        1064.00        
  66       2               离散机1            21049.23        22352.23        1303.00        
  66       3               离散机7            25565.23        26731.23        1166.00        
  66       4               离散机6            33185.90        34863.90        1678.00        
  66       5               离散机9            37181.90        38335.90        1154.00        
  66       6               离散机1            38335.90        39461.90        1126.00        

工件 67:
  67       0               打印机1            0.00            27255.90        27255.90       
  67       1               批处理机2           27255.90        28319.90        1064.00        
  67       2               离散机8            29725.90        30777.90        1052.00        
  67       3               离散机9            35602.90        37181.90        1579.00        
  67       4               离散机10           37181.90        38118.90        937.00         
  67       5               离散机7            38758.90        40018.90        1260.00        

工件 68:
  68       0               打印机2            18867.23        45190.60        26323.37       
  68       1               批处理机2           45190.60        46254.60        1064.00        
  68       2               离散机7            47353.00        48717.00        1364.00        
  68       3               离散机4            51681.94        53126.94        1445.00        
  68       4               离散机9            67663.59        68592.59        929.00         

工件 69:
  69       0               打印机1            0.00            27255.90        27255.90       
  69       1               批处理机2           27255.90        28319.90        1064.00        
  69       2               离散机6            29561.90        30799.90        1238.00        
  69       3               离散机7            30799.90        32310.90        1511.00        
  69       4               离散机8            32310.90        33619.90        1309.00        
  69       5               离散机4            33619.90        34633.90        1014.00        
  69       6               离散机8            34918.90        36152.90        1234.00        
  69       7               离散机7            37133.90        38758.90        1625.00        
  69       8               离散机9            43601.00        44599.00        998.00         

工件 70:
  70       0               打印机2            45190.60        57943.79        12753.19       
  70       1               批处理机2           57943.79        59007.79        1064.00        
  70       2               离散机10           59007.79        60189.79        1182.00        

工件 71:
  71       0               打印机5            48594.00        54791.00        6197.00        
  71       1               批处理机2           54791.00        55855.00        1064.00        
  71       2               离散机9            55855.00        56924.00        1069.00        
  71       3               离散机4            57681.02        59349.02        1668.00        
  71       4               离散机2            61996.79        63150.79        1154.00        

工件 72:
  72       0               打印机5            0.00            38997.00        38997.00       
  72       1               批处理机2           38997.00        40061.00        1064.00        
  72       2               离散机2            40061.00        41674.00        1613.00        
  72       3               离散机1            41674.00        43165.00        1491.00        
  72       4               离散机4            45416.00        46675.00        1259.00        
  72       5               离散机7            48717.00        50286.00        1569.00        
  72       6               离散机10           56185.02        57559.02        1374.00        
  72       7               离散机8            60581.79        62316.79        1735.00        
  72       8               离散机5            63480.79        64872.79        1392.00        

工件 73:
  73       0               打印机5            0.00            38997.00        38997.00       
  73       1               批处理机2           38997.00        40061.00        1064.00        
  73       2               离散机1            40061.00        41096.00        1035.00        

工件 74:
  74       0               打印机3            0.00            22557.20        22557.20       
  74       1               批处理机2           22557.20        23621.20        1064.00        
  74       2               离散机3            23621.20        24650.20        1029.00        
  74       3               离散机7            32310.90        33555.90        1245.00        
  74       4               离散机5            35522.90        37004.90        1482.00        

工件 75:
  75       0               打印机2            18867.23        45190.60        26323.37       
  75       1               批处理机2           45190.60        46254.60        1064.00        
  75       2               离散机4            50520.94        51681.94        1161.00        
  75       3               离散机1            52001.94        53146.94        1145.00        
  75       4               离散机9            60454.00        62044.00        1590.00        
  75       5               离散机10           65019.79        66685.79        1666.00        
  75       6               离散机7            68142.79        69060.79        918.00         

工件 76:
  76       0               打印机1            0.00            27255.90        27255.90       
  76       1               批处理机2           27255.90        28319.90        1064.00        

工件 77:
  77       0               打印机4            46816.94        65398.59        18581.65       
  77       1               批处理机2           65398.59        66462.59        1064.00        
  77       2               离散机7            66993.79        68142.79        1149.00        
  77       3               离散机4            68142.79        69449.79        1307.00        
  77       4               离散机1            69489.51        70917.51        1428.00        

工件 78:
  78       0               打印机3            22557.20        52529.02        29971.83       
  78       1               批处理机2           52529.02        53593.02        1064.00        
  78       2               离散机1            58177.02        59324.02        1147.00        

工件 79:
  79       0               打印机2            45190.60        57943.79        12753.19       
  79       1               批处理机2           57943.79        59007.79        1064.00        
  79       2               离散机5            62557.79        63480.79        923.00         

工件 80:
  80       0               打印机2            0.00            18867.23        18867.23       
  80       1               批处理机2           18867.23        19931.23        1064.00        

工件 81:
  81       0               打印机4            0.00            46816.94        46816.94       
  81       1               批处理机2           46816.94        47880.94        1064.00        
  81       2               离散机6            47880.94        49144.94        1264.00        
  81       3               离散机8            49144.94        50332.94        1188.00        

工件 82:
  82       0               打印机4            0.00            46816.94        46816.94       
  82       1               批处理机2           46816.94        47880.94        1064.00        
  82       2               离散机3            48780.94        50379.94        1599.00        
  82       3               离散机8            50379.94        51631.94        1252.00        

工件 83:
  83       0               打印机4            0.00            46816.94        46816.94       
  83       1               批处理机2           46816.94        47880.94        1064.00        
  83       2               离散机9            51064.00        52801.00        1737.00        
  83       3               离散机8            53297.94        54283.94        986.00         
  83       4               离散机1            55000.94        56351.94        1351.00        
  83       5               离散机2            56351.94        57775.94        1424.00        
  83       6               离散机4            59349.02        60775.02        1426.00        
  83       7               离散机3            65076.79        66252.79        1176.00        

工件 84:
  84       0               打印机4            0.00            46816.94        46816.94       
  84       1               批处理机2           46816.94        47880.94        1064.00        

工件 85:
  85       0               打印机1            0.00            27255.90        27255.90       
  85       1               批处理机2           27255.90        28319.90        1064.00        
  85       2               离散机6            28319.90        29561.90        1242.00        
  85       3               离散机9            29561.90        31232.90        1671.00        

工件 86:
  86       0               打印机3            22557.20        52529.02        29971.83       
  86       1               批处理机2           52529.02        53593.02        1064.00        
  86       2               离散机5            53593.02        54737.02        1144.00        
  86       3               离散机3            54914.02        56234.02        1320.00        
  86       4               离散机4            63621.79        65393.79        1772.00        
  86       5               离散机10           67813.79        69010.79        1197.00        

工件 87:
  87       0               打印机3            52529.02        59098.41        6569.39        
  87       1               批处理机2           59098.41        60162.41        1064.00        
  87       2               离散机3            62645.79        63781.79        1136.00        
  87       3               离散机7            63781.79        65424.79        1643.00        
  87       4               离散机6            65424.79        67084.79        1660.00        

工件 88:
  88       0               打印机1            0.00            27255.90        27255.90       
  88       1               批处理机2           27255.90        28319.90        1064.00        
  88       2               离散机7            28398.20        29705.20        1307.00        
  88       3               离散机8            33619.90        34918.90        1299.00        
  88       4               离散机3            38624.90        39754.90        1130.00        

工件 89:
  89       0               打印机2            45190.60        57943.79        12753.19       
  89       1               批处理机2           57943.79        59007.79        1064.00        
  89       2               离散机5            59007.79        60777.79        1770.00        
  89       3               离散机3            61657.79        62645.79        988.00         

工件 90:
  90       0               打印机1            0.00            27255.90        27255.90       
  90       1               批处理机2           27255.90        28319.90        1064.00        
  90       2               离散机5            30724.90        32101.90        1377.00        

工件 91:
  91       0               打印机2            0.00            18867.23        18867.23       
  91       1               批处理机2           18867.23        19931.23        1064.00        
  91       2               离散机5            37004.90        38643.90        1639.00        

工件 92:
  92       0               打印机1            40268.21        64280.51        24012.31       
  92       1               批处理机2           64280.51        65344.51        1064.00        
  92       2               离散机6            67084.79        68116.79        1032.00        
  92       3               离散机2            68561.79        69756.79        1195.00        

工件 93:
  93       0               打印机4            0.00            46816.94        46816.94       
  93       1               批处理机2           46816.94        47880.94        1064.00        
  93       2               离散机2            47880.94        49533.94        1653.00        
  93       3               离散机9            59425.00        60454.00        1029.00        
  93       4               离散机10           60454.00        61943.00        1489.00        
  93       5               离散机8            63732.79        64807.79        1075.00        

工件 94:
  94       0               打印机3            0.00            22557.20        22557.20       
  94       1               批处理机2           22557.20        23621.20        1064.00        
  94       2               离散机6            23621.20        25061.20        1440.00        
  94       3               离散机3            25061.20        26612.20        1551.00        
  94       4               离散机10           29616.90        30535.90        919.00         
  94       5               离散机4            32241.90        33195.90        954.00         
  94       6               离散机2            45919.00        46929.00        1010.00        
  94       7               离散机2            52560.94        54154.94        1594.00        

工件 95:
  95       0               打印机3            0.00            22557.20        22557.20       
  95       1               批处理机2           22557.20        23621.20        1064.00        

工件 96:
  96       0               打印机2            0.00            18867.23        18867.23       
  96       1               批处理机2           18867.23        19931.23        1064.00        
  96       2               离散机9            19931.23        21215.23        1284.00        
  96       3               离散机4            21215.23        22896.23        1681.00        
  96       4               离散机7            22896.23        24014.23        1118.00        
  96       5               离散机4            24691.23        26064.23        1373.00        
  96       6               离散机9            26064.23        27088.23        1024.00        
  96       7               离散机3            31155.90        32321.90        1166.00        
  96       8               离散机10           34159.90        35170.90        1011.00        

工件 97:
  97       0               打印机4            0.00            46816.94        46816.94       
  97       1               批处理机2           46816.94        47880.94        1064.00        
  97       2               离散机5            47880.94        48863.94        983.00         
  97       3               离散机1            48863.94        50328.94        1465.00        
  97       4               离散机6            51386.94        52849.94        1463.00        

工件 98:
  98       0               打印机1            0.00            27255.90        27255.90       
  98       1               批处理机2           27255.90        28319.90        1064.00        

工件 99:
  99       0               打印机1            0.00            27255.90        27255.90       
  99       1               批处理机2           27255.90        28319.90        1064.00        
  99       2               离散机10           28319.90        29616.90        1297.00        
  99       3               离散机3            29776.90        31155.90        1379.00        
  99       4               离散机4            31155.90        32241.90        1086.00        
  99       5               离散机3            33860.90        35220.90        1360.00        
  99       6               离散机10           38118.90        39417.90        1299.00        
  99       7               离散机9            42533.00        43601.00        1068.00        

【机器加工顺序记录】
----------------------------------------------------------------------------------------------------

打印机1:
工件号      工序号             开始时间            结束时间            加工时长           
--------------------------------------------------------------------------------
  13       0               0.00            27255.90        27255.90       
  15       0               0.00            27255.90        27255.90       
  18       0               0.00            27255.90        27255.90       
  22       0               0.00            27255.90        27255.90       
  47       0               0.00            27255.90        27255.90       
  67       0               0.00            27255.90        27255.90       
  69       0               0.00            27255.90        27255.90       
  76       0               0.00            27255.90        27255.90       
  85       0               0.00            27255.90        27255.90       
  88       0               0.00            27255.90        27255.90       
  90       0               0.00            27255.90        27255.90       
  98       0               0.00            27255.90        27255.90       
  99       0               0.00            27255.90        27255.90       
  11       0               27255.90        40268.21        13012.31       
  25       0               27255.90        40268.21        13012.31       
  30       0               27255.90        40268.21        13012.31       
  31       0               40268.21        64280.51        24012.31       
  92       0               40268.21        64280.51        24012.31       

  机器利用率: 605.88% (忙碌时间: 441388.21 / 总时间: 72850.51)

打印机2:
工件号      工序号             开始时间            结束时间            加工时长           
--------------------------------------------------------------------------------
  7        0               0.00            18867.23        18867.23       
  8        0               0.00            18867.23        18867.23       
  20       0               0.00            18867.23        18867.23       
  24       0               0.00            18867.23        18867.23       
  28       0               0.00            18867.23        18867.23       
  32       0               0.00            18867.23        18867.23       
  49       0               0.00            18867.23        18867.23       
  52       0               0.00            18867.23        18867.23       
  55       0               0.00            18867.23        18867.23       
  57       0               0.00            18867.23        18867.23       
  66       0               0.00            18867.23        18867.23       
  80       0               0.00            18867.23        18867.23       
  91       0               0.00            18867.23        18867.23       
  96       0               0.00            18867.23        18867.23       
  3        0               18867.23        45190.60        26323.37       
  17       0               18867.23        45190.60        26323.37       
  27       0               18867.23        45190.60        26323.37       
  61       0               18867.23        45190.60        26323.37       
  68       0               18867.23        45190.60        26323.37       
  75       0               18867.23        45190.60        26323.37       
  2        0               45190.60        57943.79        12753.19       
  16       0               45190.60        57943.79        12753.19       
  23       0               45190.60        57943.79        12753.19       
  54       0               45190.60        57943.79        12753.19       
  70       0               45190.60        57943.79        12753.19       
  79       0               45190.60        57943.79        12753.19       
  89       0               45190.60        57943.79        12753.19       

  机器利用率: 701.92% (忙碌时间: 511353.75 / 总时间: 72850.51)

打印机3:
工件号      工序号             开始时间            结束时间            加工时长           
--------------------------------------------------------------------------------
  4        0               0.00            22557.20        22557.20       
  6        0               0.00            22557.20        22557.20       
  19       0               0.00            22557.20        22557.20       
  21       0               0.00            22557.20        22557.20       
  29       0               0.00            22557.20        22557.20       
  41       0               0.00            22557.20        22557.20       
  42       0               0.00            22557.20        22557.20       
  46       0               0.00            22557.20        22557.20       
  62       0               0.00            22557.20        22557.20       
  74       0               0.00            22557.20        22557.20       
  94       0               0.00            22557.20        22557.20       
  95       0               0.00            22557.20        22557.20       
  39       0               22557.20        52529.02        29971.83       
  45       0               22557.20        52529.02        29971.83       
  59       0               22557.20        52529.02        29971.83       
  78       0               22557.20        52529.02        29971.83       
  86       0               22557.20        52529.02        29971.83       
  87       0               52529.02        59098.41        6569.39        

  机器利用率: 586.29% (忙碌时间: 427114.88 / 总时间: 72850.51)

打印机4:
工件号      工序号             开始时间            结束时间            加工时长           
--------------------------------------------------------------------------------
  0        0               0.00            46816.94        46816.94       
  5        0               0.00            46816.94        46816.94       
  10       0               0.00            46816.94        46816.94       
  12       0               0.00            46816.94        46816.94       
  14       0               0.00            46816.94        46816.94       
  36       0               0.00            46816.94        46816.94       
  50       0               0.00            46816.94        46816.94       
  53       0               0.00            46816.94        46816.94       
  81       0               0.00            46816.94        46816.94       
  82       0               0.00            46816.94        46816.94       
  83       0               0.00            46816.94        46816.94       
  84       0               0.00            46816.94        46816.94       
  93       0               0.00            46816.94        46816.94       
  97       0               0.00            46816.94        46816.94       
  58       0               46816.94        65398.59        18581.65       
  64       0               46816.94        65398.59        18581.65       
  77       0               46816.94        65398.59        18581.65       

  机器利用率: 976.22% (忙碌时间: 711182.12 / 总时间: 72850.51)

打印机5:
工件号      工序号             开始时间            结束时间            加工时长           
--------------------------------------------------------------------------------
  1        0               0.00            38997.00        38997.00       
  9        0               0.00            38997.00        38997.00       
  26       0               0.00            38997.00        38997.00       
  33       0               0.00            38997.00        38997.00       
  34       0               0.00            38997.00        38997.00       
  35       0               0.00            38997.00        38997.00       
  37       0               0.00            38997.00        38997.00       
  38       0               0.00            38997.00        38997.00       
  40       0               0.00            38997.00        38997.00       
  44       0               0.00            38997.00        38997.00       
  48       0               0.00            38997.00        38997.00       
  51       0               0.00            38997.00        38997.00       
  63       0               0.00            38997.00        38997.00       
  72       0               0.00            38997.00        38997.00       
  73       0               0.00            38997.00        38997.00       
  43       0               38997.00        48594.00        9597.00        
  56       0               38997.00        48594.00        9597.00        
  60       0               38997.00        48594.00        9597.00        
  65       0               38997.00        48594.00        9597.00        
  71       0               48594.00        54791.00        6197.00        

  机器利用率: 864.15% (忙碌时间: 629540.00 / 总时间: 72850.51)

批处理机1:
工件号      工序号             开始时间            结束时间            加工时长           
--------------------------------------------------------------------------------

  机器利用率: 0.00% (忙碌时间: 0.00 / 总时间: 72850.51)

批处理机2:
工件号      工序号             开始时间            结束时间            加工时长           
--------------------------------------------------------------------------------
  7        1               18867.23        19931.23        1064.00        
  8        1               18867.23        19931.23        1064.00        
  20       1               18867.23        19931.23        1064.00        
  24       1               18867.23        19931.23        1064.00        
  28       1               18867.23        19931.23        1064.00        
  32       1               18867.23        19931.23        1064.00        
  49       1               18867.23        19931.23        1064.00        
  52       1               18867.23        19931.23        1064.00        
  55       1               18867.23        19931.23        1064.00        
  57       1               18867.23        19931.23        1064.00        
  66       1               18867.23        19931.23        1064.00        
  80       1               18867.23        19931.23        1064.00        
  91       1               18867.23        19931.23        1064.00        
  96       1               18867.23        19931.23        1064.00        
  4        1               22557.20        23621.20        1064.00        
  6        1               22557.20        23621.20        1064.00        
  19       1               22557.20        23621.20        1064.00        
  21       1               22557.20        23621.20        1064.00        
  29       1               22557.20        23621.20        1064.00        
  41       1               22557.20        23621.20        1064.00        
  42       1               22557.20        23621.20        1064.00        
  46       1               22557.20        23621.20        1064.00        
  62       1               22557.20        23621.20        1064.00        
  74       1               22557.20        23621.20        1064.00        
  94       1               22557.20        23621.20        1064.00        
  95       1               22557.20        23621.20        1064.00        
  13       1               27255.90        28319.90        1064.00        
  15       1               27255.90        28319.90        1064.00        
  18       1               27255.90        28319.90        1064.00        
  22       1               27255.90        28319.90        1064.00        
  47       1               27255.90        28319.90        1064.00        
  67       1               27255.90        28319.90        1064.00        
  69       1               27255.90        28319.90        1064.00        
  76       1               27255.90        28319.90        1064.00        
  85       1               27255.90        28319.90        1064.00        
  88       1               27255.90        28319.90        1064.00        
  90       1               27255.90        28319.90        1064.00        
  98       1               27255.90        28319.90        1064.00        
  99       1               27255.90        28319.90        1064.00        
  1        1               38997.00        40061.00        1064.00        
  9        1               38997.00        40061.00        1064.00        
  26       1               38997.00        40061.00        1064.00        
  33       1               38997.00        40061.00        1064.00        
  34       1               38997.00        40061.00        1064.00        
  35       1               38997.00        40061.00        1064.00        
  37       1               38997.00        40061.00        1064.00        
  38       1               38997.00        40061.00        1064.00        
  40       1               38997.00        40061.00        1064.00        
  44       1               38997.00        40061.00        1064.00        
  48       1               38997.00        40061.00        1064.00        
  51       1               38997.00        40061.00        1064.00        
  63       1               38997.00        40061.00        1064.00        
  72       1               38997.00        40061.00        1064.00        
  73       1               38997.00        40061.00        1064.00        
  11       1               40268.21        41332.21        1064.00        
  25       1               40268.21        41332.21        1064.00        
  30       1               40268.21        41332.21        1064.00        
  3        1               45190.60        46254.60        1064.00        
  17       1               45190.60        46254.60        1064.00        
  27       1               45190.60        46254.60        1064.00        
  61       1               45190.60        46254.60        1064.00        
  68       1               45190.60        46254.60        1064.00        
  75       1               45190.60        46254.60        1064.00        
  0        1               46816.94        47880.94        1064.00        
  5        1               46816.94        47880.94        1064.00        
  10       1               46816.94        47880.94        1064.00        
  12       1               46816.94        47880.94        1064.00        
  14       1               46816.94        47880.94        1064.00        
  36       1               46816.94        47880.94        1064.00        
  50       1               46816.94        47880.94        1064.00        
  53       1               46816.94        47880.94        1064.00        
  81       1               46816.94        47880.94        1064.00        
  82       1               46816.94        47880.94        1064.00        
  83       1               46816.94        47880.94        1064.00        
  84       1               46816.94        47880.94        1064.00        
  93       1               46816.94        47880.94        1064.00        
  97       1               46816.94        47880.94        1064.00        
  43       1               48594.00        49658.00        1064.00        
  56       1               48594.00        49658.00        1064.00        
  60       1               48594.00        49658.00        1064.00        
  65       1               48594.00        49658.00        1064.00        
  39       1               52529.02        53593.02        1064.00        
  45       1               52529.02        53593.02        1064.00        
  59       1               52529.02        53593.02        1064.00        
  78       1               52529.02        53593.02        1064.00        
  86       1               52529.02        53593.02        1064.00        
  71       1               54791.00        55855.00        1064.00        
  2        1               57943.79        59007.79        1064.00        
  16       1               57943.79        59007.79        1064.00        
  23       1               57943.79        59007.79        1064.00        
  54       1               57943.79        59007.79        1064.00        
  70       1               57943.79        59007.79        1064.00        
  79       1               57943.79        59007.79        1064.00        
  89       1               57943.79        59007.79        1064.00        
  87       1               59098.41        60162.41        1064.00        
  31       1               64280.51        65344.51        1064.00        
  92       1               64280.51        65344.51        1064.00        
  58       1               65398.59        66462.59        1064.00        
  64       1               65398.59        66462.59        1064.00        
  77       1               65398.59        66462.59        1064.00        

  机器利用率: 146.05% (忙碌时间: 106400.00 / 总时间: 72850.51)

离散机1:
工件号      工序号             开始时间            结束时间            加工时长           
--------------------------------------------------------------------------------
  52       2               19931.23        21049.23        1118.00        
  66       2               21049.23        22352.23        1303.00        
  7        4               22352.23        23278.23        926.00         
  4        2               23621.20        24754.20        1133.00        
  46       2               24754.20        25799.20        1045.00        
  7        5               25799.20        27250.20        1451.00        
  8        6               28250.20        29283.20        1033.00        
  46       5               29283.20        30219.20        936.00         
  46       6               30219.20        31291.20        1072.00        
  62       2               31291.20        32769.20        1478.00        
  52       5               33820.90        35375.90        1555.00        
  24       7               35375.90        36992.90        1617.00        
  13       7               37133.90        38209.90        1076.00        
  66       6               38335.90        39461.90        1126.00        
  73       2               40061.00        41096.00        1035.00        
  72       3               41674.00        43165.00        1491.00        
  35       3               43165.00        44266.00        1101.00        
  34       3               44266.00        45660.00        1394.00        
  3        2               46254.60        47186.60        932.00         
  25       5               47760.00        48806.00        1046.00        
  97       3               48863.94        50328.94        1465.00        
  5        2               50328.94        52001.94        1673.00        
  75       3               52001.94        53146.94        1145.00        
  5        4               53297.94        55000.94        1703.00        
  83       4               55000.94        56351.94        1351.00        
  65       5               57016.02        58177.02        1161.00        
  78       2               58177.02        59324.02        1147.00        
  43       3               59425.00        60881.00        1456.00        
  2        2               60881.00        62138.00        1257.00        
  47       8               62138.00        63445.00        1307.00        
  55       7               63445.00        64843.00        1398.00        
  31       2               65344.51        66758.51        1414.00        
  43       5               66758.51        67854.51        1096.00        
  10       6               67854.51        69489.51        1635.00        
  77       4               69489.51        70917.51        1428.00        

  机器利用率: 61.09% (忙碌时间: 44504.00 / 总时间: 72850.51)

离散机2:
工件号      工序号             开始时间            结束时间            加工时长           
--------------------------------------------------------------------------------
  7        2               19931.23        20919.23        988.00         
  32       2               20919.23        22050.23        1131.00        
  28       2               22050.23        23386.23        1336.00        
  8        4               23386.23        24997.23        1611.00        
  41       3               25169.20        26866.20        1697.00        
  8        5               26866.20        28250.20        1384.00        
  47       2               28319.90        29572.90        1253.00        
  15       3               29725.90        31313.90        1588.00        
  41       5               31313.90        32432.90        1119.00        
  52       4               32432.90        33820.90        1388.00        
  4        6               33820.90        34842.90        1022.00        
  6        3               34842.90        36507.90        1665.00        
  52       6               36507.90        37522.90        1015.00        
  15       4               37522.90        38612.90        1090.00        
  6        4               38612.90        39805.90        1193.00        
  72       2               40061.00        41674.00        1613.00        
  30       2               41674.00        42823.00        1149.00        
  25       3               42823.00        44149.00        1326.00        
  37       3               44149.00        45919.00        1770.00        
  94       6               45919.00        46929.00        1010.00        
  93       2               47880.94        49533.94        1653.00        
  1        4               49533.94        50457.94        924.00         
  3        4               50457.94        51455.94        998.00         
  47       7               51455.94        52560.94        1105.00        
  94       7               52560.94        54154.94        1594.00        
  5        5               55000.94        56171.94        1171.00        
  83       5               56351.94        57775.94        1424.00        
  5        6               57775.94        58675.94        900.00         
  16       2               59007.79        60797.79        1790.00        
  45       7               60797.79        61996.79        1199.00        
  71       4               61996.79        63150.79        1154.00        
  10       5               63150.79        64879.79        1729.00        
  17       6               64879.79        66502.79        1623.00        
  17       7               66502.79        67473.79        971.00         
  58       2               67473.79        68561.79        1088.00        
  92       3               68561.79        69756.79        1195.00        
  3        6               69756.79        71121.79        1365.00        

  机器利用率: 66.21% (忙碌时间: 48231.00 / 总时间: 72850.51)

离散机3:
工件号      工序号             开始时间            结束时间            加工时长           
--------------------------------------------------------------------------------
  24       2               19931.23        21261.23        1330.00        
  24       3               21261.23        22660.23        1399.00        
  74       2               23621.20        24650.20        1029.00        
  94       3               25061.20        26612.20        1551.00        
  46       4               26802.20        27888.20        1086.00        
  13       2               28319.90        29776.90        1457.00        
  99       3               29776.90        31155.90        1379.00        
  96       7               31155.90        32321.90        1166.00        
  55       5               32321.90        33860.90        1539.00        
  99       5               33860.90        35220.90        1360.00        
  47       6               35602.90        37045.90        1443.00        
  21       2               37045.90        38624.90        1579.00        
  88       4               38624.90        39754.90        1130.00        
  15       6               39938.90        41168.90        1230.00        
  25       2               41332.21        42253.21        921.00         
  34       2               42253.21        43775.21        1522.00        
  26       5               44286.00        45895.00        1609.00        
  11       2               45895.00        47276.00        1381.00        
  0        2               47880.94        48780.94        900.00         
  82       2               48780.94        50379.94        1599.00        
  17       4               50382.94        51564.94        1182.00        
  9        3               51564.94        53278.94        1714.00        
  45       2               53593.02        54914.02        1321.00        
  86       3               54914.02        56234.02        1320.00        
  14       5               56234.02        57664.02        1430.00        
  11       4               57664.02        58655.02        991.00         
  0        5               58655.02        60147.02        1492.00        
  23       3               60560.79        61657.79        1097.00        
  89       3               61657.79        62645.79        988.00         
  87       2               62645.79        63781.79        1136.00        
  43       4               63781.79        65076.79        1295.00        
  83       7               65076.79        66252.79        1176.00        
  46       7               66252.79        67486.79        1234.00        
  31       4               67690.51        69013.51        1323.00        
  58       3               69013.51        70531.51        1518.00        

  机器利用率: 62.91% (忙碌时间: 45827.00 / 总时间: 72850.51)

离散机4:
工件号      工序号             开始时间            结束时间            加工时长           
--------------------------------------------------------------------------------
  96       3               21215.23        22896.23        1681.00        
  52       3               22896.23        24691.23        1795.00        
  96       5               24691.23        26064.23        1373.00        
  19       2               26064.23        27601.23        1537.00        
  24       5               28761.20        30153.20        1392.00        
  99       4               31155.90        32241.90        1086.00        
  94       5               32241.90        33195.90        954.00         
  69       5               33619.90        34633.90        1014.00        
  8        7               34633.90        36294.90        1661.00        
  42       2               36294.90        37689.90        1395.00        
  41       6               37689.90        39391.90        1702.00        
  40       2               40061.00        41223.00        1162.00        
  51       2               41223.00        42386.00        1163.00        
  24       8               42386.00        43737.00        1351.00        
  30       4               43884.00        45416.00        1532.00        
  72       4               45416.00        46675.00        1259.00        
  25       4               46675.00        47760.00        1085.00        
  14       2               47880.94        49296.94        1416.00        
  14       3               49296.94        50520.94        1224.00        
  75       2               50520.94        51681.94        1161.00        
  68       3               51681.94        53126.94        1445.00        
  33       5               53126.94        54124.94        998.00         
  30       8               54124.94        55501.94        1377.00        
  59       4               56439.02        57681.02        1242.00        
  71       3               57681.02        59349.02        1668.00        
  83       6               59349.02        60775.02        1426.00        
  59       5               60775.02        61709.02        934.00         
  45       8               61996.79        63621.79        1625.00        
  86       4               63621.79        65393.79        1772.00        
  39       5               65393.79        66901.79        1508.00        
  53       3               66901.79        68106.79        1205.00        
  77       3               68142.79        69449.79        1307.00        

  机器利用率: 59.64% (忙碌时间: 43450.00 / 总时间: 72850.51)

离散机5:
工件号      工序号             开始时间            结束时间            加工时长           
--------------------------------------------------------------------------------
  8        2               19931.23        21187.23        1256.00        
  32       3               22050.23        23456.23        1406.00        
  6        2               23621.20        25262.20        1641.00        
  32       4               25262.20        26470.20        1208.00        
  20       3               26470.20        27695.20        1225.00        
  24       4               27695.20        28761.20        1066.00        
  47       3               29572.90        30724.90        1152.00        
  90       2               30724.90        32101.90        1377.00        
  13       4               32797.90        34473.90        1676.00        
  13       5               34473.90        35522.90        1049.00        
  74       4               35522.90        37004.90        1482.00        
  91       2               37004.90        38643.90        1639.00        
  32       6               38643.90        39648.90        1005.00        
  37       2               40061.00        41316.00        1255.00        
  41       7               41316.00        42586.00        1270.00        
  30       3               42823.00        43884.00        1061.00        
  33       3               43884.00        44948.00        1064.00        
  30       5               45416.00        46340.00        924.00         
  30       6               46340.00        47514.00        1174.00        
  97       2               47880.94        48863.94        983.00         
  53       2               48863.94        50188.94        1325.00        
  30       7               50188.94        51331.94        1143.00        
  10       3               51386.94        52454.94        1068.00        
  0        4               52454.94        53494.94        1040.00        
  86       2               53593.02        54737.02        1144.00        
  33       6               54737.02        55676.02        939.00         
  45       4               56107.02        57321.02        1214.00        
  39       4               57321.02        58857.02        1536.00        
  89       2               59007.79        60777.79        1770.00        
  10       4               60777.79        62557.79        1780.00        
  79       2               62557.79        63480.79        923.00         
  72       8               63480.79        64872.79        1392.00        
  15       7               64872.79        65785.79        913.00         
  23       7               66116.79        67817.79        1701.00        
  23       8               67817.79        69055.79        1238.00        
  26       9               69055.79        70551.79        1496.00        
  58       5               71640.51        72850.51        1210.00        

  机器利用率: 64.17% (忙碌时间: 46745.00 / 总时间: 72850.51)

离散机6:
工件号      工序号             开始时间            结束时间            加工时长           
--------------------------------------------------------------------------------
  49       2               19931.23        21380.23        1449.00        
  49       3               21380.23        22326.23        946.00         
  8        3               22326.23        23353.23        1027.00        
  94       2               23621.20        25061.20        1440.00        
  46       3               25799.20        26802.20        1003.00        
  28       3               26802.20        27793.20        991.00         
  85       2               28319.90        29561.90        1242.00        
  69       2               29561.90        30799.90        1238.00        
  20       4               30799.90        32059.90        1260.00        
  57       2               32059.90        33185.90        1126.00        
  66       4               33185.90        34863.90        1678.00        
  32       5               34863.90        36063.90        1200.00        
  4        7               36063.90        37401.90        1338.00        
  28       6               37401.90        38432.90        1031.00        
  15       5               38612.90        39938.90        1326.00        
  44       2               40061.00        41047.00        986.00         
  26       3               41735.00        42877.00        1142.00        
  40       4               42877.00        44257.00        1380.00        
  21       3               44257.00        45866.00        1609.00        
  26       6               45895.00        47174.00        1279.00        
  81       2               47880.94        49144.94        1264.00        
  17       3               49144.94        50382.94        1238.00        
  10       2               50382.94        51386.94        1004.00        
  97       4               51386.94        52849.94        1463.00        
  39       2               53593.02        55247.02        1654.00        
  37       4               55247.02        56438.02        1191.00        
  21       4               56438.02        58003.02        1565.00        
  45       6               58818.02        60328.02        1510.00        
  14       7               60328.02        61540.02        1212.00        
  36       6               63732.79        65277.79        1545.00        
  87       4               65424.79        67084.79        1660.00        
  92       2               67084.79        68116.79        1032.00        
  17       8               68116.79        69035.79        919.00         
  14       9               69035.79        70362.79        1327.00        
  58       4               70531.51        71640.51        1109.00        
  43       6               71640.51        72677.51        1037.00        

  机器利用率: 62.35% (忙碌时间: 45421.00 / 总时间: 72850.51)

离散机7:
工件号      工序号             开始时间            结束时间            加工时长           
--------------------------------------------------------------------------------
  20       2               19931.23        21113.23        1182.00        
  96       4               22896.23        24014.23        1118.00        
  49       4               24014.23        25565.23        1551.00        
  66       3               25565.23        26731.23        1166.00        
  41       4               26866.20        28398.20        1532.00        
  88       2               28398.20        29705.20        1307.00        
  69       3               30799.90        32310.90        1511.00        
  74       3               32310.90        33555.90        1245.00        
  28       5               33555.90        34855.90        1300.00        
  13       6               35522.90        37133.90        1611.00        
  69       7               37133.90        38758.90        1625.00        
  67       5               38758.90        40018.90        1260.00        
  26       2               40061.00        41735.00        1674.00        
  33       2               41735.00        42929.00        1194.00        
  26       4               42929.00        44286.00        1357.00        
  9        2               44286.00        45571.00        1285.00        
  1        3               45571.00        47353.00        1782.00        
  68       2               47353.00        48717.00        1364.00        
  72       5               48717.00        50286.00        1569.00        
  14       4               50520.94        52274.94        1754.00        
  36       4               52274.94        53759.94        1485.00        
  60       2               53759.94        54963.94        1204.00        
  59       3               54981.02        56439.02        1458.00        
  3        5               56439.02        57530.02        1091.00        
  14       6               57664.02        58785.02        1121.00        
  23       2               59007.79        60560.79        1553.00        
  65       6               60560.79        61585.79        1025.00        
  23       4               61657.79        63414.79        1757.00        
  87       3               63781.79        65424.79        1643.00        
  16       3               65424.79        66993.79        1569.00        
  77       2               66993.79        68142.79        1149.00        
  75       6               68142.79        69060.79        918.00         
  36       7               69060.79        70081.79        1021.00        
  30       9               70081.79        71221.79        1140.00        
  59       6               71221.79        72690.79        1469.00        

  机器利用率: 65.87% (忙碌时间: 47990.00 / 总时间: 72850.51)

离散机8:
工件号      工序号             开始时间            结束时间            加工时长           
--------------------------------------------------------------------------------
  7        3               20919.23        22135.23        1216.00        
  41       2               23621.20        25169.20        1548.00        
  55       4               25169.20        26773.20        1604.00        
  29       3               26773.20        27952.20        1179.00        
  15       2               28319.90        29725.90        1406.00        
  67       2               29725.90        30777.90        1052.00        
  4        5               30777.90        31694.90        917.00         
  69       4               32310.90        33619.90        1309.00        
  88       3               33619.90        34918.90        1299.00        
  69       6               34918.90        36152.90        1234.00        
  55       6               36152.90        37362.90        1210.00        
  57       3               37362.90        38349.90        987.00         
  35       2               40061.00        41779.00        1718.00        
  1        2               41779.00        43423.00        1644.00        
  11       3               47276.00        48292.00        1016.00        
  81       3               49144.94        50332.94        1188.00        
  82       3               50379.94        51631.94        1252.00        
  5        3               52001.94        53297.94        1296.00        
  83       3               53297.94        54283.94        986.00         
  45       3               54914.02        56107.02        1193.00        
  65       4               56107.02        57016.02        909.00         
  45       5               57321.02        58818.02        1497.00        
  54       2               59007.79        60581.79        1574.00        
  72       7               60581.79        62316.79        1735.00        
  36       5               62316.79        63732.79        1416.00        
  93       5               63732.79        64807.79        1075.00        
  5        7               64807.79        66284.79        1477.00        
  31       3               66758.51        67690.51        932.00         
  11       5               67690.51        68628.51        938.00         
  11       6               68628.51        69644.51        1016.00        
  36       8               70081.79        71189.79        1108.00        

  机器利用率: 53.44% (忙碌时间: 38931.00 / 总时间: 72850.51)

离散机9:
工件号      工序号             开始时间            结束时间            加工时长           
--------------------------------------------------------------------------------
  96       2               19931.23        21215.23        1284.00        
  29       2               23621.20        25296.20        1675.00        
  96       6               26064.23        27088.23        1024.00        
  18       2               28319.90        29461.90        1142.00        
  85       3               29561.90        31232.90        1671.00        
  13       3               31232.90        32797.90        1565.00        
  20       5               32797.90        34013.90        1216.00        
  47       5               34013.90        35602.90        1589.00        
  67       3               35602.90        37181.90        1579.00        
  66       5               37181.90        38335.90        1154.00        
  7        6               38335.90        39797.90        1462.00        
  6        5               39805.90        41082.90        1277.00        
  40       3               41223.00        42533.00        1310.00        
  99       7               42533.00        43601.00        1068.00        
  69       8               43601.00        44599.00        998.00         
  33       4               44948.00        45971.00        1023.00        
  34       4               45971.00        47456.00        1485.00        
  36       2               47880.94        48874.94        994.00         
  65       2               49658.00        51064.00        1406.00        
  83       2               51064.00        52801.00        1737.00        
  65       3               52801.00        54267.00        1466.00        
  26       7               54267.00        55268.00        1001.00        
  71       2               55855.00        56924.00        1069.00        
  17       5               56924.00        57930.00        1006.00        
  43       2               57930.00        59425.00        1495.00        
  93       3               59425.00        60454.00        1029.00        
  75       4               60454.00        62044.00        1590.00        
  25       6               62044.00        63762.00        1718.00        
  26       8               63762.00        64826.00        1064.00        
  23       6               65019.79        66116.79        1097.00        
  64       2               66462.59        67663.59        1201.00        
  68       4               67663.59        68592.59        929.00         
  31       5               69013.51        70722.51        1709.00        
  31       6               70722.51        71889.51        1167.00        

  机器利用率: 60.67% (忙碌时间: 44200.00 / 总时间: 72850.51)

离散机10:
工件号      工序号             开始时间            结束时间            加工时长           
--------------------------------------------------------------------------------
  55       2               19931.23        21660.23        1729.00        
  55       3               21660.23        23122.23        1462.00        
  4        3               24754.20        26102.20        1348.00        
  4        4               26102.20        27805.20        1703.00        
  99       2               28319.90        29616.90        1297.00        
  94       4               29616.90        30535.90        919.00         
  47       4               30724.90        31774.90        1050.00        
  28       4               31774.90        32982.90        1208.00        
  24       6               32982.90        34159.90        1177.00        
  96       8               34159.90        35170.90        1011.00        
  20       6               35170.90        36090.90        920.00         
  67       4               37181.90        38118.90        937.00         
  99       6               38118.90        39417.90        1299.00        
  48       2               40061.00        41500.00        1439.00        
  42       3               41500.00        42697.00        1197.00        
  52       7               42697.00        43620.00        923.00         
  32       7               43620.00        44696.00        1076.00        
  40       5               44696.00        46024.00        1328.00        
  17       2               46254.60        47208.60        954.00         
  3        3               47208.60        48470.60        1262.00        
  50       2               48470.60        49598.60        1128.00        
  36       3               49598.60        50604.60        1006.00        
  0        3               50604.60        51810.60        1206.00        
  12       2               51810.60        53333.60        1523.00        
  59       2               53593.02        54981.02        1388.00        
  39       3               55247.02        56185.02        938.00         
  72       6               56185.02        57559.02        1374.00        
  33       7               57559.02        58966.02        1407.00        
  70       2               59007.79        60189.79        1182.00        
  93       4               60454.00        61943.00        1489.00        
  14       8               61943.00        63200.00        1257.00        
  23       5               63414.79        65019.79        1605.00        
  75       5               65019.79        66685.79        1666.00        
  25       7               66685.79        67813.79        1128.00        
  86       5               67813.79        69010.79        1197.00        
  40       6               69010.79        70556.79        1546.00        

  机器利用率: 62.15% (忙碌时间: 45279.00 / 总时间: 72850.51)

【打印批次详细信息】
----------------------------------------------------------------------------------------------------

打印机 1 (尺寸: 1033.0 x 412.0 x 635.0):
--------------------------------------------------------------------------------
  批次 1: 零件数=13, 占用率=86.24%
    - 18: 尺寸 207.0 x 134.0 x 86.0
    - 98: 尺寸 197.0 x 134.0 x 63.0
    - 90: 尺寸 241.0 x 85.0 x 93.0
    - 88: 尺寸 385.0 x 207.0 x 83.0
    - 85: 尺寸 205.0 x 63.0 x 96.0
    - 47: 尺寸 178.0 x 51.0 x 176.0
    - 67: 尺寸 121.0 x 144.0 x 191.0
    - 69: 尺寸 76.0 x 101.0 x 43.0
    - 15: 尺寸 255.0 x 172.0 x 44.0
    - 76: 尺寸 165.0 x 168.0 x 18.0
    - 99: 尺寸 390.0 x 203.0 x 186.0
    - 22: 尺寸 69.0 x 106.0 x 68.0
    - 13: 尺寸 87.0 x 87.0 x 191.0
  批次 2: 零件数=3, 占用率=72.83%
    - 30: 尺寸 686.0 x 336.0 x 90.0
    - 25: 尺寸 207.0 x 202.0 x 33.0
    - 11: 尺寸 123.0 x 306.0 x 35.0
  批次 3: 零件数=2, 占用率=47.22%
    - 31: 尺寸 355.0 x 260.0 x 20.0
    - 92: 尺寸 440.0 x 247.0 x 168.0

打印机 2 (尺寸: 1163.0 x 587.0 x 663.0):
--------------------------------------------------------------------------------
  批次 1: 零件数=14, 占用率=85.93%
    - 24: 尺寸 187.0 x 173.0 x 33.0
    - 32: 尺寸 98.0 x 66.0 x 75.0
    - 80: 尺寸 152.0 x 106.0 x 19.0
    - 96: 尺寸 711.0 x 335.0 x 59.0
    - 7: 尺寸 105.0 x 98.0 x 89.0
    - 66: 尺寸 139.0 x 438.0 x 124.0
    - 28: 尺寸 108.0 x 148.0 x 40.0
    - 91: 尺寸 179.0 x 133.0 x 39.0
    - 52: 尺寸 170.0 x 59.0 x 100.0
    - 55: 尺寸 72.0 x 93.0 x 88.0
    - 49: 尺寸 720.0 x 166.0 x 70.0
    - 8: 尺寸 155.0 x 115.0 x 87.0
    - 57: 尺寸 114.0 x 139.0 x 92.0
    - 20: 尺寸 142.0 x 89.0 x 104.0
  批次 2: 零件数=6, 占用率=83.07%
    - 68: 尺寸 413.0 x 227.0 x 174.0
    - 17: 尺寸 668.0 x 227.0 x 36.0
    - 75: 尺寸 460.0 x 290.0 x 105.0
    - 61: 尺寸 533.0 x 123.0 x 54.0
    - 3: 尺寸 114.0 x 130.0 x 98.0
    - 27: 尺寸 565.0 x 191.0 x 59.0
  批次 3: 零件数=7, 占用率=70.74%
    - 54: 尺寸 529.0 x 120.0 x 52.0
    - 16: 尺寸 441.0 x 143.0 x 42.0
    - 2: 尺寸 184.0 x 568.0 x 44.0
    - 79: 尺寸 382.0 x 155.0 x 83.0
    - 70: 尺寸 139.0 x 217.0 x 55.0
    - 23: 尺寸 422.0 x 283.0 x 63.0
    - 89: 尺寸 233.0 x 185.0 x 23.0

打印机 3 (尺寸: 941.0 x 424.0 x 663.0):
--------------------------------------------------------------------------------
  批次 1: 零件数=12, 占用率=87.85%
    - 6: 尺寸 306.0 x 134.0 x 68.0
    - 21: 尺寸 109.0 x 53.0 x 36.0
    - 74: 尺寸 488.0 x 192.0 x 92.0
    - 4: 尺寸 136.0 x 148.0 x 21.0
    - 29: 尺寸 302.0 x 137.0 x 33.0
    - 42: 尺寸 86.0 x 114.0 x 61.0
    - 46: 尺寸 389.0 x 123.0 x 52.0
    - 19: 尺寸 58.0 x 220.0 x 76.0
    - 95: 尺寸 55.0 x 202.0 x 55.0
    - 94: 尺寸 86.0 x 78.0 x 15.0
    - 62: 尺寸 188.0 x 133.0 x 95.0
    - 41: 尺寸 420.0 x 84.0 x 65.0
  批次 2: 零件数=5, 占用率=75.49%
    - 78: 尺寸 257.0 x 259.0 x 55.0
    - 86: 尺寸 349.0 x 205.0 x 127.0
    - 59: 尺寸 229.0 x 159.0 x 122.0
    - 45: 尺寸 266.0 x 241.0 x 26.0
    - 39: 尺寸 396.0 x 158.0 x 123.0
  批次 3: 零件数=1, 占用率=23.17%
    - 87: 尺寸 690.0 x 134.0 x 26.0

打印机 4 (尺寸: 1081.0 x 523.0 x 615.0):
--------------------------------------------------------------------------------
  批次 1: 零件数=14, 占用率=88.69%
    - 93: 尺寸 291.0 x 139.0 x 38.0
    - 50: 尺寸 123.0 x 185.0 x 171.0
    - 14: 尺寸 183.0 x 98.0 x 54.0
    - 10: 尺寸 480.0 x 155.0 x 175.0
    - 5: 尺寸 187.0 x 63.0 x 153.0
    - 0: 尺寸 268.0 x 250.0 x 27.0
    - 36: 尺寸 468.0 x 164.0 x 153.0
    - 97: 尺寸 213.0 x 107.0 x 56.0
    - 84: 尺寸 132.0 x 148.0 x 176.0
    - 82: 尺寸 198.0 x 191.0 x 181.0
    - 83: 尺寸 441.0 x 153.0 x 197.0
    - 81: 尺寸 134.0 x 93.0 x 170.0
    - 53: 尺寸 142.0 x 121.0 x 188.0
    - 12: 尺寸 99.0 x 132.0 x 97.0
  批次 2: 零件数=3, 占用率=52.22%
    - 58: 尺寸 246.0 x 181.0 x 77.0
    - 77: 尺寸 509.0 x 204.0 x 43.0
    - 64: 尺寸 441.0 x 333.0 x 52.0

打印机 5 (尺寸: 1118.0 x 504.0 x 631.0):
--------------------------------------------------------------------------------
  批次 1: 零件数=15, 占用率=81.39%
    - 35: 尺寸 106.0 x 96.0 x 48.0
    - 38: 尺寸 144.0 x 118.0 x 155.0
    - 34: 尺寸 206.0 x 118.0 x 193.0
    - 72: 尺寸 426.0 x 214.0 x 34.0
    - 48: 尺寸 205.0 x 200.0 x 83.0
    - 44: 尺寸 103.0 x 79.0 x 14.0
    - 37: 尺寸 208.0 x 179.0 x 109.0
    - 63: 尺寸 163.0 x 195.0 x 52.0
    - 9: 尺寸 101.0 x 149.0 x 45.0
    - 51: 尺寸 173.0 x 135.0 x 83.0
    - 26: 尺寸 353.0 x 115.0 x 50.0
    - 33: 尺寸 98.0 x 143.0 x 20.0
    - 73: 尺寸 177.0 x 159.0 x 112.0
    - 40: 尺寸 122.0 x 148.0 x 103.0
    - 1: 尺寸 465.0 x 126.0 x 96.0
  批次 2: 零件数=4, 占用率=88.12%
    - 43: 尺寸 713.0 x 239.0 x 46.0
    - 56: 尺寸 312.0 x 305.0 x 32.0
    - 65: 尺寸 688.0 x 246.0 x 28.0
    - 60: 尺寸 363.0 x 170.0 x 19.0
  批次 3: 零件数=1, 占用率=33.12%
    - 71: 尺寸 699.0 x 267.0 x 29.0

════════════════════════════════════════════════════════════════
