迭代次数,Cmax
1,258934.0000
2,258934.0000
3,258934.0000
4,258934.0000
5,258226.0000
6,258226.0000
7,258226.0000
8,258226.0000
9,258226.0000
10,258226.0000
11,255659.7000
12,255659.7000
13,239798.4000
14,239798.4000
15,239798.4000
16,239798.4000
17,239798.4000
18,239798.4000
19,239798.4000
20,239798.4000
21,239798.4000
22,239798.4000
23,239798.4000
24,239798.4000
25,239798.4000
26,239798.4000
27,239798.4000
28,239798.4000
29,239798.4000
30,239798.4000
31,239798.4000
32,239798.4000
33,239798.4000
34,239798.4000
35,239798.4000
36,239798.4000
37,239798.4000
38,239798.4000
39,239798.4000
40,239798.4000
41,239798.4000
42,239798.4000
43,239798.4000
44,239798.4000
45,239798.4000
46,239798.4000
47,239798.4000
48,239798.4000
49,239798.4000
50,239798.4000
51,239798.4000
52,239798.4000
53,239798.4000
54,239798.4000
55,239798.4000
56,239798.4000
57,239798.4000
58,239798.4000
59,239798.4000
60,239798.4000
61,239798.4000
62,239798.4000
63,239798.4000
64,239798.4000
65,239798.4000
66,239798.4000
67,239798.4000
68,239798.4000
69,239798.4000
70,239798.4000
71,239798.4000
72,239798.4000
73,239798.4000
74,239798.4000
75,239798.4000
76,239798.4000
77,239798.4000
78,239798.4000
79,239798.4000
80,239798.4000
81,239798.4000
82,239798.4000
83,239798.4000
84,239798.4000
85,239798.4000
86,239798.4000
87,239798.4000
88,239798.4000
89,239798.4000
90,239798.4000
91,239798.4000
92,239798.4000
93,239798.4000
94,239798.4000
95,239798.4000
96,239798.4000
97,239798.4000
98,239798.4000
99,239798.4000
100,239798.4000
101,239798.4000
102,239798.4000
103,239798.4000
104,239798.4000
105,239798.4000
106,239798.4000
107,239798.4000
108,239798.4000
109,239798.4000
110,239798.4000
111,239798.4000
112,239798.4000
113,239798.4000
114,239798.4000
115,239798.4000
116,239798.4000
117,239798.4000
118,239798.4000
119,239798.4000
120,239798.4000
121,239798.4000
122,239798.4000
123,239798.4000
124,239798.4000
125,239798.4000
126,239798.4000
127,239798.4000
128,239798.4000
129,239798.4000
130,239798.4000
131,239798.4000
132,239798.4000
133,239798.4000
134,239798.4000
135,239798.4000
136,239798.4000
137,239798.4000
138,239798.4000
139,239798.4000
140,239798.4000
141,239798.4000
142,239798.4000
143,239798.4000
144,239798.4000
145,239798.4000
146,239798.4000
147,239798.4000
148,239798.4000
149,239798.4000
150,239798.4000
151,239798.4000
152,239798.4000
153,239798.4000
154,239798.4000
155,239798.4000
156,239798.4000
157,239798.4000
158,239798.4000
159,239798.4000
160,239798.4000
161,239798.4000
162,239798.4000
163,239798.4000
164,239798.4000
165,239798.4000
166,239798.4000
167,239798.4000
168,239798.4000
169,239798.4000
170,239798.4000
171,239798.4000
172,239798.4000
173,239798.4000
174,239798.4000
175,239798.4000
176,239798.4000
177,239798.4000
178,239798.4000
179,239798.4000
180,239798.4000
181,239798.4000
182,239798.4000
183,239798.4000
184,239798.4000
185,239798.4000
186,239798.4000
187,239798.4000
188,239798.4000
189,239798.4000
190,239798.4000
191,239798.4000
192,239798.4000
193,239798.4000
194,239798.4000
195,239798.4000
196,239798.4000
197,239798.4000
198,239798.4000
199,239798.4000
200,239798.4000
201,239798.4000
202,239798.4000
203,239798.4000
204,239798.4000
205,239798.4000
206,239798.4000
207,239798.4000
208,239798.4000
209,239798.4000
210,239798.4000
211,239798.4000
212,239798.4000
213,239798.4000
214,239798.4000
215,239798.4000
216,239798.4000
217,239798.4000
218,239798.4000
219,239798.4000
220,239798.4000
221,239798.4000
222,239798.4000
223,239798.4000
224,239798.4000
225,239798.4000
226,239798.4000
227,239798.4000
228,239798.4000
229,239798.4000
230,239798.4000
231,239798.4000
232,239798.4000
233,239798.4000
234,239798.4000
235,239798.4000
236,239798.4000
237,239798.4000
238,239798.4000
239,239798.4000
240,239798.4000
241,239798.4000
242,239798.4000
243,239798.4000
244,239798.4000
245,239798.4000
246,239798.4000
247,239798.4000
248,239798.4000
249,239798.4000
250,239798.4000
251,239798.4000
252,239798.4000
253,239798.4000
254,239798.4000
255,239798.4000
256,235724.4000
257,235724.4000
258,235724.4000
259,235724.4000
260,235724.4000
261,235724.4000
262,235724.4000
263,235724.4000
264,235724.4000
265,235724.4000
266,235724.4000
267,235724.4000
268,235724.4000
269,235724.4000
270,235724.4000
271,235724.4000
272,235724.4000
273,235724.4000
274,235724.4000
275,235724.4000
276,235724.4000
277,235724.4000
278,235724.4000
279,235724.4000
280,235724.4000
281,235724.4000
282,235724.4000
283,235724.4000
284,235724.4000
285,235724.4000
286,235724.4000
287,235724.4000
288,235724.4000
289,235724.4000
290,235724.4000
291,235724.4000
292,235724.4000
293,235724.4000
294,235724.4000
295,235724.4000
296,235724.4000
297,235724.4000
298,235724.4000
299,235724.4000
300,235724.4000
301,235724.4000
302,235724.4000
303,235724.4000
304,235724.4000
305,235724.4000
306,235724.4000
307,235724.4000
308,235724.4000
309,235724.4000
310,235724.4000
311,235724.4000
312,235724.4000
313,235724.4000
314,235724.4000
315,235724.4000
316,235724.4000
317,235724.4000
318,235724.4000
319,235724.4000
320,235724.4000
321,235724.4000
322,235724.4000
323,235724.4000
324,235724.4000
325,235724.4000
326,235724.4000
327,235724.4000
328,235724.4000
329,235724.4000
330,235724.4000
331,235724.4000
332,235724.4000
333,235724.4000
334,235724.4000
335,235724.4000
336,235724.4000
337,235724.4000
338,235724.4000
339,235724.4000
340,235724.4000
341,235724.4000
342,235724.4000
343,235724.4000
344,235724.4000
345,235724.4000
346,235724.4000
347,235724.4000
348,235724.4000
349,235724.4000
350,235724.4000
351,235724.4000
352,235724.4000
353,235724.4000
354,235724.4000
355,235724.4000
356,235724.4000
357,235724.4000
358,235724.4000
359,235724.4000
360,235724.4000
361,235724.4000
362,235724.4000
363,235724.4000
364,235724.4000
365,235724.4000
366,235724.4000
367,235724.4000
368,235724.4000
369,235724.4000
370,235724.4000
371,235724.4000
372,235724.4000
373,235724.4000
374,235724.4000
375,235724.4000
376,235724.4000
377,235724.4000
378,235724.4000
379,235724.4000
380,235724.4000
381,235724.4000
382,235724.4000
383,235724.4000
384,235724.4000
385,233682.0000
386,233682.0000
387,233682.0000
388,233682.0000
389,233682.0000
390,233682.0000
391,233682.0000
392,233682.0000
393,233682.0000
394,233682.0000
395,233682.0000
396,233682.0000
397,233682.0000
398,233682.0000
399,233682.0000
400,233682.0000
401,233682.0000
402,233682.0000
403,233682.0000
404,233682.0000
405,233682.0000
406,233682.0000
407,233682.0000
408,233682.0000
409,233682.0000
410,233682.0000
411,233682.0000
412,233682.0000
413,233682.0000
414,233682.0000
415,233682.0000
416,233682.0000
417,233682.0000
418,233682.0000
419,233682.0000
420,233682.0000
421,233682.0000
422,233682.0000
423,233682.0000
424,233682.0000
425,233682.0000
426,233682.0000
427,233682.0000
428,233682.0000
429,233682.0000
430,233682.0000
431,233682.0000
432,233682.0000
433,233682.0000
434,233682.0000
435,233682.0000
436,233682.0000
437,233682.0000
438,233682.0000
439,233682.0000
440,233682.0000
441,233682.0000
442,233682.0000
443,233682.0000
444,233682.0000
445,233682.0000
446,233682.0000
447,233682.0000
448,233682.0000
449,233682.0000
450,233682.0000
451,233682.0000
452,233682.0000
453,233682.0000
454,233682.0000
455,233682.0000
456,233682.0000
457,233682.0000
458,233682.0000
459,233682.0000
460,233682.0000
461,233682.0000
462,233682.0000
463,233682.0000
464,233682.0000
465,233682.0000
466,233682.0000
467,233682.0000
468,233682.0000
469,233682.0000
470,233682.0000
471,233682.0000
472,233682.0000
473,233682.0000
474,233682.0000
475,233682.0000
476,233682.0000
477,233682.0000
478,233682.0000
479,233682.0000
480,233682.0000
481,233682.0000
482,233682.0000
483,233682.0000
484,233682.0000
485,233682.0000
486,233682.0000
487,233682.0000
488,233682.0000
489,233682.0000
490,233682.0000
491,233682.0000
492,233682.0000
493,233682.0000
494,233682.0000
495,233682.0000
496,233682.0000
497,233682.0000
498,233682.0000
499,233682.0000
500,233682.0000
501,233682.0000
502,233682.0000
503,233682.0000
504,233682.0000
505,233682.0000
506,233682.0000
507,233682.0000
508,233682.0000
509,233682.0000
510,233682.0000
511,233682.0000
512,233682.0000
513,233682.0000
514,233682.0000
515,233682.0000
516,233682.0000
517,233682.0000
518,233682.0000
519,233682.0000
520,233682.0000
521,233682.0000
522,233682.0000
523,233682.0000
524,233682.0000
525,233682.0000
526,233682.0000
527,233682.0000
528,233682.0000
529,233682.0000
530,233682.0000
531,233682.0000
532,233682.0000
533,233682.0000
534,233682.0000
535,233682.0000
536,233682.0000
537,233682.0000
538,233682.0000
539,233682.0000
540,233682.0000
541,233682.0000
542,233682.0000
543,233682.0000
544,233682.0000
545,233682.0000
546,233682.0000
547,233682.0000
548,233682.0000
549,233682.0000
550,232266.0000
551,232266.0000
552,232266.0000
553,232266.0000
554,232266.0000
555,232266.0000
556,232266.0000
557,232266.0000
558,232266.0000
559,232266.0000
560,232266.0000
561,232266.0000
562,232266.0000
563,232266.0000
564,232266.0000
565,232266.0000
566,232266.0000
567,232266.0000
568,232266.0000
569,232266.0000
570,232266.0000
571,232266.0000
572,232266.0000
573,232266.0000
574,232266.0000
575,232266.0000
576,232266.0000
577,232266.0000
578,232266.0000
579,232266.0000
580,232266.0000
581,232266.0000
582,232266.0000
583,232266.0000
584,232266.0000
585,232266.0000
586,232266.0000
587,232266.0000
588,232266.0000
589,232266.0000
590,232266.0000
591,232266.0000
592,232266.0000
593,232266.0000
594,232266.0000
595,232266.0000
596,232266.0000
597,232266.0000
598,232266.0000
599,232266.0000
600,232266.0000
601,232266.0000
602,232266.0000
603,232266.0000
604,232266.0000
605,232266.0000
606,232266.0000
607,232266.0000
608,232266.0000
609,232266.0000
610,232266.0000
611,232266.0000
612,232266.0000
613,232266.0000
614,232266.0000
615,232266.0000
616,232266.0000
617,232266.0000
618,232266.0000
619,232266.0000
620,232266.0000
621,232266.0000
622,232266.0000
623,232266.0000
624,232266.0000
625,232266.0000
626,232266.0000
627,232266.0000
628,232266.0000
629,232266.0000
630,232266.0000
631,232266.0000
632,232266.0000
633,232266.0000
634,232266.0000
635,232266.0000
636,232266.0000
637,232266.0000
638,232266.0000
639,232266.0000
640,232266.0000
641,232266.0000
642,232266.0000
643,232266.0000
644,232266.0000
645,232266.0000
646,232266.0000
647,232266.0000
648,232266.0000
649,232266.0000
650,232266.0000
651,232266.0000
652,232266.0000
653,232266.0000
654,232266.0000
655,232266.0000
656,232266.0000
657,232266.0000
658,232266.0000
659,232266.0000
660,232266.0000
661,232266.0000
662,232266.0000
663,232266.0000
664,232266.0000
665,232266.0000
666,232266.0000
667,232266.0000
668,232266.0000
669,232266.0000
670,232266.0000
671,232266.0000
672,232266.0000
673,232266.0000
674,232266.0000
675,232266.0000
676,232266.0000
677,232266.0000
678,232266.0000
679,232266.0000
680,232266.0000
681,232266.0000
682,232266.0000
683,232266.0000
684,232266.0000
685,232266.0000
686,232266.0000
687,232266.0000
688,232266.0000
689,232266.0000
690,232266.0000
691,232266.0000
692,232266.0000
693,232266.0000
694,232266.0000
695,232266.0000
696,232266.0000
697,232266.0000
698,232266.0000
699,232266.0000
700,232266.0000
701,232266.0000
702,232266.0000
703,232266.0000
704,232266.0000
705,232266.0000
706,232266.0000
707,232266.0000
708,232266.0000
709,232266.0000
710,232266.0000
711,232266.0000
712,232266.0000
713,232266.0000
714,232266.0000
715,232266.0000
716,232266.0000
717,232266.0000
718,232266.0000
719,232266.0000
720,232266.0000
721,232266.0000
722,232266.0000
723,232266.0000
724,232266.0000
725,232266.0000
726,232266.0000
727,232266.0000
728,232266.0000
729,232266.0000
730,232266.0000
731,232266.0000
732,232266.0000
733,232266.0000
734,232266.0000
735,232266.0000
736,232266.0000
737,232266.0000
738,232266.0000
739,232266.0000
740,232266.0000
741,232266.0000
742,232266.0000
743,232266.0000
744,232266.0000
745,232266.0000
746,232266.0000
747,232266.0000
748,232266.0000
749,232266.0000
750,232266.0000
751,232266.0000
752,232266.0000
753,232266.0000
754,232266.0000
755,232266.0000
756,232266.0000
757,232266.0000
758,232266.0000
759,232266.0000
760,232266.0000
761,232266.0000
762,232266.0000
763,232266.0000
764,232266.0000
765,232266.0000
766,232266.0000
767,232266.0000
768,232266.0000
769,232266.0000
770,232266.0000
771,232266.0000
772,232266.0000
773,232266.0000
774,232266.0000
775,232266.0000
776,232266.0000
777,232266.0000
778,232266.0000
779,232266.0000
780,232266.0000
781,232266.0000
782,232266.0000
783,232266.0000
784,232266.0000
785,232266.0000
786,232266.0000
787,232266.0000
788,232266.0000
789,232266.0000
790,232266.0000
791,232266.0000
792,232266.0000
793,232266.0000
794,232266.0000
795,232266.0000
796,232266.0000
797,232266.0000
798,232266.0000
799,232266.0000
800,232266.0000
801,232266.0000
802,232266.0000
803,232266.0000
804,232266.0000
805,232266.0000
806,232266.0000
807,232266.0000
808,232266.0000
809,232266.0000
810,232266.0000
811,232266.0000
812,232266.0000
813,232266.0000
814,232266.0000
815,232266.0000
816,232266.0000
817,232266.0000
818,232266.0000
819,232266.0000
820,232266.0000
821,232266.0000
822,232266.0000
823,232266.0000
824,232266.0000
825,232266.0000
826,232266.0000
827,232266.0000
828,232266.0000
829,232266.0000
830,232266.0000
831,232266.0000
832,232266.0000
833,232266.0000
834,232266.0000
835,232266.0000
836,232266.0000
837,232266.0000
838,232266.0000
839,232266.0000
840,232266.0000
841,232266.0000
842,232266.0000
843,232266.0000
844,232266.0000
845,232266.0000
846,232266.0000
847,232266.0000
848,232266.0000
849,232266.0000
850,232266.0000
851,232266.0000
852,232266.0000
853,232266.0000
854,232266.0000
855,232266.0000
856,232266.0000
857,232266.0000
858,232266.0000
859,232266.0000
860,232266.0000
861,232266.0000
862,232266.0000
863,232266.0000
864,232266.0000
865,232266.0000
866,232266.0000
867,232266.0000
868,232266.0000
869,232266.0000
870,232266.0000
871,232266.0000
872,232266.0000
873,232266.0000
874,232266.0000
875,232266.0000
876,232266.0000
877,232266.0000
878,232266.0000
879,232266.0000
880,232266.0000
881,232266.0000
882,232266.0000
883,232266.0000
884,232266.0000
885,232266.0000
886,232266.0000
887,232266.0000
888,232266.0000
889,232266.0000
890,232266.0000
891,232266.0000
892,232266.0000
893,232266.0000
894,232266.0000
895,232266.0000
896,232266.0000
897,232266.0000
898,232266.0000
899,232266.0000
900,232266.0000
901,232266.0000
902,232266.0000
903,232266.0000
904,232266.0000
905,232266.0000
906,232266.0000
907,232266.0000
908,232266.0000
909,232266.0000
910,232266.0000
911,232266.0000
912,232266.0000
913,232266.0000
914,232266.0000
915,232266.0000
916,232266.0000
917,232266.0000
918,232266.0000
919,232266.0000
920,232266.0000
921,232266.0000
922,232266.0000
923,232266.0000
924,232266.0000
925,232266.0000
926,232266.0000
927,232266.0000
928,232266.0000
929,232266.0000
930,232266.0000
931,232266.0000
932,232266.0000
933,232266.0000
934,232266.0000
935,232266.0000
936,232266.0000
937,232266.0000
938,232266.0000
939,232266.0000
940,232266.0000
941,232266.0000
942,232266.0000
943,232266.0000
944,232266.0000
945,232266.0000
946,232266.0000
947,232266.0000
948,232266.0000
949,232266.0000
950,232266.0000
951,232266.0000
952,232266.0000
953,232266.0000
954,232266.0000
955,232266.0000
956,232266.0000
957,232266.0000
958,232266.0000
959,232266.0000
960,232266.0000
961,232266.0000
962,232266.0000
963,232266.0000
964,232266.0000
965,232266.0000
966,232266.0000
967,232266.0000
968,232266.0000
969,232266.0000
970,232266.0000
971,232266.0000
972,232266.0000
973,232266.0000
974,232266.0000
975,232266.0000
976,232266.0000
977,232266.0000
978,232266.0000
979,232266.0000
980,232266.0000
981,232266.0000
982,232266.0000
983,232266.0000
984,232266.0000
985,232266.0000
986,232266.0000
987,232266.0000
988,232266.0000
989,232266.0000
990,232266.0000
991,232266.0000
992,232266.0000
993,232266.0000
994,232266.0000
995,232266.0000
996,232266.0000
997,232266.0000
998,232266.0000
999,232266.0000
1000,232266.0000
1001,232266.0000
1002,232266.0000
1003,232266.0000
1004,232266.0000
1005,232266.0000
1006,232266.0000
1007,232266.0000
1008,232266.0000
1009,232266.0000
1010,232266.0000
1011,232266.0000
1012,232266.0000
1013,232266.0000
1014,232266.0000
1015,232266.0000
1016,232266.0000
1017,232266.0000
1018,232266.0000
1019,232266.0000
1020,232266.0000
1021,232266.0000
1022,232266.0000
1023,232266.0000
1024,232266.0000
1025,232266.0000
1026,232266.0000
1027,232266.0000
1028,232266.0000
1029,232266.0000
1030,232266.0000
1031,232266.0000
1032,232266.0000
1033,232266.0000
1034,232266.0000
1035,232266.0000
1036,232266.0000
1037,232266.0000
1038,232266.0000
1039,232266.0000
1040,232266.0000
1041,232266.0000
1042,232266.0000
1043,232266.0000
1044,232266.0000
1045,232266.0000
1046,232266.0000
1047,232266.0000
1048,232266.0000
1049,232266.0000
1050,232266.0000
1051,232266.0000
1052,232266.0000
1053,232266.0000
1054,232266.0000
1055,232266.0000
1056,232266.0000
1057,232266.0000
1058,232266.0000
1059,232266.0000
1060,232266.0000
1061,232266.0000
1062,232266.0000
1063,232266.0000
1064,232266.0000
1065,232266.0000
1066,232266.0000
1067,232266.0000
1068,232266.0000
1069,232266.0000
1070,232266.0000
1071,232266.0000
1072,232266.0000
1073,232266.0000
1074,232266.0000
1075,232266.0000
1076,232266.0000
1077,232266.0000
1078,232266.0000
1079,232266.0000
1080,232266.0000
1081,232266.0000
1082,232266.0000
1083,232266.0000
1084,232266.0000
1085,232266.0000
1086,232266.0000
1087,232266.0000
1088,232266.0000
1089,232266.0000
1090,232266.0000
1091,232266.0000
1092,232266.0000
1093,232266.0000
1094,232266.0000
1095,232266.0000
1096,232266.0000
1097,232266.0000
1098,232266.0000
1099,232266.0000
1100,232266.0000
1101,232266.0000
1102,232266.0000
1103,232266.0000
1104,232266.0000
1105,232266.0000
1106,232266.0000
1107,232266.0000
1108,232266.0000
1109,232266.0000
1110,232266.0000
1111,232266.0000
1112,232266.0000
1113,232266.0000
1114,232266.0000
1115,232266.0000
1116,232266.0000
1117,232266.0000
1118,232266.0000
1119,232266.0000
1120,232266.0000
1121,232266.0000
1122,232266.0000
1123,232266.0000
1124,232266.0000
1125,232266.0000
1126,232266.0000
1127,232266.0000
1128,232266.0000
1129,232266.0000
1130,232266.0000
1131,232266.0000
1132,232266.0000
1133,232266.0000
1134,232266.0000
1135,232266.0000
1136,232266.0000
1137,232266.0000
1138,232266.0000
1139,232266.0000
1140,232266.0000
1141,232266.0000
1142,232266.0000
1143,232266.0000
1144,232266.0000
1145,232266.0000
1146,232266.0000
1147,232266.0000
1148,232266.0000
1149,232266.0000
1150,232266.0000
1151,232266.0000
1152,232266.0000
1153,232266.0000
1154,232266.0000
1155,232266.0000
1156,232266.0000
1157,232266.0000
1158,232266.0000
1159,232266.0000
1160,232266.0000
1161,232266.0000
1162,232266.0000
1163,232266.0000
1164,232266.0000
1165,232266.0000
1166,232266.0000
1167,232266.0000
1168,232266.0000
1169,232266.0000
1170,232266.0000
1171,232266.0000
1172,232266.0000
1173,232266.0000
1174,232266.0000
1175,232266.0000
1176,232266.0000
1177,232266.0000
1178,232266.0000
1179,232266.0000
1180,232266.0000
1181,232266.0000
1182,232266.0000
1183,232266.0000
1184,232266.0000
1185,232266.0000
1186,232266.0000
1187,232266.0000
1188,232266.0000
1189,232266.0000
1190,232266.0000
1191,232266.0000
1192,232266.0000
1193,232266.0000
1194,232266.0000
1195,232266.0000
1196,232266.0000
1197,232266.0000
1198,232266.0000
1199,232266.0000
1200,232266.0000
1201,232266.0000
1202,232266.0000
1203,232266.0000
1204,232266.0000
1205,232266.0000
1206,232266.0000
1207,232266.0000
1208,232266.0000
1209,232266.0000
1210,232266.0000
1211,232266.0000
1212,232266.0000
1213,232266.0000
1214,232266.0000
1215,232266.0000
1216,232266.0000
1217,232266.0000
1218,232266.0000
1219,232266.0000
1220,232266.0000
1221,232266.0000
1222,232266.0000
1223,232266.0000
1224,232266.0000
1225,232266.0000
1226,232266.0000
1227,232266.0000
1228,232266.0000
1229,232266.0000
1230,232266.0000
1231,232266.0000
1232,232266.0000
1233,232266.0000
1234,232266.0000
1235,232266.0000
1236,232266.0000
1237,232266.0000
1238,232266.0000
1239,232266.0000
1240,232266.0000
1241,232266.0000
1242,232266.0000
1243,232266.0000
1244,232266.0000
1245,232266.0000
1246,232266.0000
1247,232266.0000
1248,232266.0000
1249,232266.0000
1250,232266.0000
1251,232266.0000
1252,232266.0000
1253,232266.0000
1254,232266.0000
1255,232266.0000
1256,232266.0000
1257,232266.0000
1258,232266.0000
1259,232266.0000
1260,232266.0000
1261,232266.0000
1262,232266.0000
1263,232266.0000
1264,232266.0000
1265,232266.0000
1266,232266.0000
1267,232266.0000
1268,232266.0000
1269,232266.0000
1270,232266.0000
1271,232266.0000
1272,232266.0000
1273,232266.0000
1274,232266.0000
1275,232266.0000
1276,232266.0000
1277,232266.0000
1278,232266.0000
1279,232266.0000
1280,232266.0000
1281,232266.0000
1282,232266.0000
1283,232266.0000
1284,232266.0000
1285,232266.0000
1286,232266.0000
1287,232266.0000
1288,232266.0000
1289,232266.0000
1290,232266.0000
1291,232266.0000
1292,232266.0000
1293,232266.0000
1294,232266.0000
1295,232266.0000
1296,232266.0000
1297,232266.0000
1298,232266.0000
1299,232266.0000
1300,232266.0000
1301,232266.0000
1302,232266.0000
1303,232266.0000
1304,232266.0000
1305,232266.0000
1306,232266.0000
1307,232266.0000
1308,232266.0000
1309,232266.0000
1310,232266.0000
1311,232266.0000
1312,232266.0000
1313,232266.0000
1314,232266.0000
1315,232266.0000
1316,232266.0000
1317,232266.0000
1318,232266.0000
1319,232266.0000
1320,232266.0000
1321,232266.0000
1322,232266.0000
1323,232266.0000
1324,232266.0000
1325,232266.0000
1326,232266.0000
1327,232266.0000
1328,232266.0000
1329,232266.0000
1330,232266.0000
1331,232266.0000
1332,232266.0000
1333,232266.0000
1334,232266.0000
1335,232266.0000
1336,232266.0000
1337,232266.0000
1338,232266.0000
1339,232266.0000
1340,232266.0000
1341,232266.0000
1342,232266.0000
1343,232266.0000
1344,232266.0000
1345,232266.0000
1346,232266.0000
1347,232266.0000
1348,232266.0000
1349,232266.0000
1350,232266.0000
1351,232266.0000
1352,232266.0000
1353,232266.0000
1354,232266.0000
1355,232266.0000
1356,232266.0000
1357,232266.0000
1358,232266.0000
1359,232266.0000
1360,232266.0000
1361,232266.0000
1362,232266.0000
1363,232266.0000
1364,232266.0000
1365,232266.0000
1366,232266.0000
1367,232266.0000
1368,232266.0000
1369,232266.0000
1370,232266.0000
1371,232266.0000
1372,232266.0000
1373,232266.0000
1374,232266.0000
1375,232266.0000
1376,232266.0000
1377,232266.0000
1378,232266.0000
1379,232266.0000
1380,232266.0000
1381,232266.0000
1382,232266.0000
1383,232266.0000
1384,232266.0000
1385,232266.0000
1386,232266.0000
1387,232266.0000
1388,232266.0000
1389,232266.0000
1390,232266.0000
1391,232266.0000
1392,232266.0000
1393,232266.0000
1394,232266.0000
1395,232266.0000
1396,232266.0000
1397,232266.0000
1398,232266.0000
1399,232266.0000
1400,232266.0000
1401,232266.0000
1402,232266.0000
1403,232266.0000
1404,232266.0000
1405,232266.0000
1406,232266.0000
1407,232266.0000
1408,232266.0000
1409,232266.0000
1410,232266.0000
1411,232266.0000
1412,232266.0000
1413,232266.0000
1414,232266.0000
1415,232266.0000
1416,232266.0000
1417,232266.0000
1418,232266.0000
1419,232266.0000
1420,232266.0000
1421,232266.0000
1422,232266.0000
1423,232266.0000
1424,232266.0000
1425,232266.0000
1426,232266.0000
1427,232266.0000
1428,232266.0000
1429,232266.0000
1430,232266.0000
1431,232266.0000
1432,232266.0000
1433,232266.0000
1434,232266.0000
1435,232266.0000
1436,232266.0000
1437,232266.0000
1438,232266.0000
1439,232266.0000
1440,232266.0000
1441,232266.0000
1442,232266.0000
1443,232266.0000
1444,232266.0000
1445,232266.0000
1446,232266.0000
1447,232266.0000
1448,232266.0000
1449,232266.0000
1450,232266.0000
1451,232266.0000
1452,232266.0000
1453,232266.0000
1454,232266.0000
1455,232266.0000
1456,232266.0000
1457,232266.0000
1458,232266.0000
1459,232266.0000
1460,232266.0000
1461,232266.0000
1462,232266.0000
1463,232266.0000
1464,232266.0000
1465,232266.0000
1466,232266.0000
1467,232266.0000
1468,232266.0000
1469,232266.0000
1470,232266.0000
1471,232266.0000
1472,232266.0000
1473,232266.0000
1474,232266.0000
1475,232266.0000
1476,232266.0000
1477,232266.0000
1478,232266.0000
1479,232266.0000
1480,232266.0000
1481,232266.0000
1482,232266.0000
1483,232266.0000
1484,232266.0000
1485,232266.0000
1486,232266.0000
1487,232266.0000
1488,232266.0000
1489,232266.0000
1490,232266.0000
1491,232266.0000
1492,232266.0000
1493,232266.0000
1494,232266.0000
1495,232266.0000
1496,232266.0000
1497,232266.0000
1498,232266.0000
1499,232266.0000
1500,232266.0000
1501,232266.0000
1502,232266.0000
1503,232266.0000
1504,232266.0000
1505,232266.0000
1506,232266.0000
1507,232266.0000
1508,232266.0000
1509,232266.0000
1510,232266.0000
1511,232266.0000
1512,232266.0000
1513,232266.0000
1514,232266.0000
1515,232266.0000
1516,232266.0000
1517,232266.0000
1518,232266.0000
1519,232266.0000
1520,232266.0000
1521,232266.0000
1522,232266.0000
1523,232266.0000
1524,232266.0000
1525,232266.0000
1526,232266.0000
1527,232266.0000
1528,232266.0000
1529,232266.0000
1530,232266.0000
1531,232266.0000
1532,232266.0000
1533,232266.0000
1534,232266.0000
1535,232266.0000
1536,232266.0000
1537,232266.0000
1538,232266.0000
1539,232266.0000
1540,232266.0000
1541,232266.0000
1542,232266.0000
1543,232266.0000
1544,232266.0000
1545,232266.0000
1546,232266.0000
1547,232266.0000
1548,232266.0000
1549,232266.0000
1550,232266.0000
1551,232266.0000
1552,232266.0000
1553,232266.0000
1554,232266.0000
1555,232266.0000
1556,232266.0000
1557,232266.0000
1558,232266.0000
1559,232266.0000
1560,232266.0000
1561,232266.0000
1562,232266.0000
1563,232266.0000
1564,232266.0000
1565,232266.0000
1566,232266.0000
1567,232266.0000
1568,232266.0000
1569,232266.0000
1570,232266.0000
1571,232266.0000
1572,232266.0000
1573,232266.0000
1574,232266.0000
1575,232266.0000
1576,232266.0000
1577,232266.0000
1578,232266.0000
1579,232266.0000
1580,232266.0000
1581,232266.0000
1582,232266.0000
1583,232266.0000
1584,232266.0000
1585,232266.0000
1586,232266.0000
1587,232266.0000
1588,232266.0000
1589,232266.0000
1590,232266.0000
1591,232266.0000
1592,232266.0000
1593,232266.0000
1594,232266.0000
1595,232266.0000
1596,232266.0000
1597,232266.0000
1598,232266.0000
1599,232266.0000
1600,232266.0000
1601,232266.0000
1602,232266.0000
1603,232266.0000
1604,232266.0000
1605,232266.0000
1606,232266.0000
1607,232266.0000
1608,232266.0000
1609,232266.0000
1610,232266.0000
1611,232266.0000
1612,232266.0000
1613,232266.0000
1614,232266.0000
1615,232266.0000
1616,232266.0000
1617,232266.0000
1618,232266.0000
1619,232266.0000
1620,232266.0000
1621,232266.0000
1622,232266.0000
1623,232266.0000
1624,232266.0000
1625,232266.0000
1626,232266.0000
1627,232266.0000
1628,232266.0000
1629,232266.0000
1630,232266.0000
1631,232266.0000
1632,232266.0000
1633,232266.0000
1634,232266.0000
1635,232266.0000
1636,232266.0000
1637,232266.0000
1638,232266.0000
1639,232266.0000
1640,232266.0000
1641,232266.0000
1642,232266.0000
1643,232266.0000
1644,232266.0000
1645,232266.0000
1646,232266.0000
1647,232266.0000
1648,232266.0000
1649,232266.0000
1650,232266.0000
1651,232266.0000
1652,232266.0000
1653,232266.0000
1654,232266.0000
1655,232266.0000
1656,232266.0000
1657,232266.0000
1658,232266.0000
1659,232266.0000
1660,232266.0000
1661,232266.0000
1662,232266.0000
1663,232266.0000
1664,232266.0000
1665,232266.0000
1666,232266.0000
1667,232266.0000
1668,232266.0000
1669,232266.0000
1670,232266.0000
1671,232266.0000
1672,232266.0000
1673,232266.0000
1674,232266.0000
1675,232266.0000
1676,232266.0000
1677,232266.0000
1678,232266.0000
1679,232266.0000
1680,232266.0000
1681,232266.0000
1682,232266.0000
1683,232266.0000
1684,232266.0000
1685,232266.0000
1686,232266.0000
1687,232266.0000
1688,232266.0000
1689,232266.0000
1690,232266.0000
1691,232266.0000
1692,232266.0000
1693,232266.0000
1694,232266.0000
1695,232266.0000
1696,232266.0000
1697,232266.0000
1698,232266.0000
1699,232266.0000
1700,232266.0000
1701,232266.0000
1702,232266.0000
1703,232266.0000
1704,232266.0000
1705,232266.0000
1706,232266.0000
1707,232266.0000
1708,232266.0000
1709,232266.0000
1710,232266.0000
1711,232266.0000
1712,232266.0000
1713,232266.0000
1714,232266.0000
1715,232266.0000
1716,232266.0000
1717,232266.0000
1718,232266.0000
1719,232266.0000
1720,232266.0000
1721,232266.0000
1722,232266.0000
1723,232266.0000
1724,232266.0000
1725,232266.0000
1726,232266.0000
1727,232266.0000
1728,232266.0000
1729,232266.0000
1730,232266.0000
1731,232266.0000
1732,232266.0000
1733,232266.0000
1734,232266.0000
1735,232266.0000
1736,232266.0000
1737,232266.0000
1738,232266.0000
1739,232266.0000
1740,232266.0000
1741,232266.0000
1742,232266.0000
1743,232266.0000
1744,232266.0000
1745,232266.0000
1746,232266.0000
1747,232266.0000
1748,232266.0000
1749,232266.0000
1750,232266.0000
1751,232266.0000
1752,232266.0000
1753,232266.0000
1754,232266.0000
1755,232266.0000
1756,232266.0000
1757,232266.0000
1758,232266.0000
1759,232266.0000
1760,232266.0000
1761,232266.0000
1762,232266.0000
1763,232266.0000
1764,232266.0000
1765,232266.0000
1766,232266.0000
1767,232266.0000
1768,232266.0000
1769,232266.0000
1770,232266.0000
1771,232266.0000
1772,232266.0000
1773,232266.0000
1774,232266.0000
1775,232266.0000
1776,232266.0000
1777,232266.0000
1778,232266.0000
1779,232266.0000
1780,232266.0000
1781,232266.0000
1782,232266.0000
1783,232266.0000
1784,232266.0000
1785,232266.0000
1786,232266.0000
1787,232266.0000
1788,232266.0000
1789,232266.0000
1790,232266.0000
1791,232266.0000
1792,232266.0000
1793,232266.0000
1794,232266.0000
1795,232266.0000
1796,232266.0000
1797,232266.0000
1798,232266.0000
1799,232266.0000
1800,232266.0000
1801,232266.0000
1802,232266.0000
1803,232266.0000
1804,232266.0000
1805,232266.0000
1806,232266.0000
1807,232266.0000
1808,232266.0000
1809,232266.0000
1810,232266.0000
1811,232266.0000
1812,232266.0000
1813,232266.0000
1814,232266.0000
1815,232266.0000
1816,232266.0000
1817,232266.0000
1818,232266.0000
1819,232266.0000
1820,232266.0000
1821,232266.0000
1822,232266.0000
1823,232266.0000
1824,232266.0000
1825,232266.0000
1826,232266.0000
1827,232266.0000
1828,232266.0000
1829,232266.0000
1830,232266.0000
1831,232266.0000
1832,232266.0000
1833,232266.0000
1834,232266.0000
1835,232266.0000
1836,232266.0000
1837,232266.0000
1838,232266.0000
1839,232266.0000
1840,232266.0000
1841,232266.0000
1842,232266.0000
1843,232266.0000
1844,232266.0000
1845,232266.0000
1846,232266.0000
1847,232266.0000
1848,232266.0000
1849,232266.0000
1850,232266.0000
1851,232266.0000
1852,232266.0000
1853,232266.0000
1854,232266.0000
1855,232266.0000
1856,232266.0000
1857,232266.0000
1858,232266.0000
1859,232266.0000
1860,232266.0000
1861,232266.0000
1862,232266.0000
1863,232266.0000
1864,232266.0000
1865,232266.0000
1866,232266.0000
1867,232266.0000
1868,232266.0000
1869,232266.0000
1870,232266.0000
1871,232266.0000
1872,232266.0000
1873,232266.0000
1874,232266.0000
1875,232266.0000
1876,232266.0000
1877,232266.0000
1878,232266.0000
1879,232266.0000
1880,232266.0000
1881,232266.0000
1882,232266.0000
1883,232266.0000
1884,232266.0000
1885,232266.0000
1886,232266.0000
1887,232266.0000
1888,232266.0000
1889,232266.0000
1890,232266.0000
1891,232266.0000
1892,232266.0000
1893,232266.0000
1894,232266.0000
1895,232266.0000
1896,232266.0000
1897,232266.0000
1898,232266.0000
1899,232266.0000
1900,232266.0000
1901,232266.0000
1902,232266.0000
1903,232266.0000
1904,232266.0000
1905,232266.0000
1906,232266.0000
1907,232266.0000
1908,232266.0000
1909,232266.0000
1910,232266.0000
1911,232266.0000
1912,232266.0000
1913,232266.0000
1914,232266.0000
1915,232266.0000
1916,232266.0000
1917,232266.0000
1918,232266.0000
1919,232266.0000
1920,232266.0000
1921,232266.0000
1922,232266.0000
1923,232266.0000
1924,232266.0000
1925,232266.0000
1926,232266.0000
1927,232266.0000
1928,232266.0000
1929,232266.0000
1930,232266.0000
1931,232266.0000
1932,232266.0000
1933,232266.0000
1934,232266.0000
1935,232266.0000
1936,232266.0000
1937,232266.0000
1938,232266.0000
1939,232266.0000
1940,232266.0000
1941,232266.0000
1942,232266.0000
1943,232266.0000
1944,232266.0000
1945,232266.0000
1946,232266.0000
1947,232266.0000
1948,232266.0000
1949,232266.0000
1950,232266.0000
1951,232266.0000
1952,232266.0000
1953,232266.0000
1954,232266.0000
1955,232266.0000
1956,232266.0000
1957,232266.0000
1958,232266.0000
1959,232266.0000
1960,232266.0000
1961,232266.0000
1962,232266.0000
1963,232266.0000
1964,232266.0000
1965,232266.0000
1966,232266.0000
1967,232266.0000
1968,232266.0000
1969,232266.0000
1970,232266.0000
1971,232266.0000
1972,232266.0000
1973,232266.0000
1974,232266.0000
1975,232266.0000
1976,232266.0000
1977,232266.0000
1978,232266.0000
1979,232266.0000
1980,232266.0000
1981,232266.0000
1982,232266.0000
1983,232266.0000
1984,232266.0000
1985,232266.0000
1986,232266.0000
1987,232266.0000
1988,232266.0000
1989,232266.0000
1990,232266.0000
1991,232266.0000
1992,232266.0000
1993,232266.0000
1994,232266.0000
1995,232266.0000
1996,232266.0000
1997,232266.0000
1998,232266.0000
1999,232266.0000
2000,232266.0000
2001,232266.0000
2002,232266.0000
2003,232266.0000
2004,232266.0000
2005,232266.0000
2006,232266.0000
2007,232266.0000
2008,232266.0000
2009,232266.0000
2010,232266.0000
2011,232266.0000
2012,232266.0000
2013,232266.0000
2014,232266.0000
2015,232266.0000
2016,232266.0000
2017,232266.0000
2018,232266.0000
2019,232266.0000
2020,232266.0000
2021,232266.0000
2022,232266.0000
2023,232266.0000
2024,232266.0000
2025,232266.0000
2026,232266.0000
2027,232266.0000
2028,232266.0000
2029,232266.0000
2030,232266.0000
2031,232266.0000
2032,232266.0000
2033,232266.0000
2034,232266.0000
2035,232266.0000
2036,232266.0000
2037,232266.0000
2038,232266.0000
2039,232266.0000
2040,232266.0000
2041,232266.0000
2042,232266.0000
2043,232266.0000
2044,232266.0000
2045,232266.0000
2046,232266.0000
2047,232266.0000
2048,232266.0000
2049,232266.0000
2050,232266.0000
2051,232266.0000
2052,232266.0000
2053,232266.0000
2054,232266.0000
2055,232266.0000
2056,232266.0000
2057,232266.0000
2058,232266.0000
2059,232266.0000
2060,232266.0000
2061,232266.0000
2062,232266.0000
2063,232266.0000
2064,232266.0000
2065,232266.0000
2066,232266.0000
2067,232266.0000
2068,232266.0000
2069,232266.0000
2070,232266.0000
2071,232266.0000
2072,232266.0000
2073,232266.0000
2074,232266.0000
2075,232266.0000
2076,232266.0000
2077,232266.0000
2078,232266.0000
2079,232266.0000
2080,232266.0000
2081,232266.0000
2082,232266.0000
2083,232266.0000
2084,232266.0000
2085,232266.0000
2086,232266.0000
2087,232266.0000
2088,232266.0000
2089,232266.0000
2090,232266.0000
2091,232266.0000
2092,232266.0000
2093,232266.0000
2094,232266.0000
2095,232266.0000
2096,232266.0000
2097,232266.0000
2098,232266.0000
2099,232266.0000
2100,232266.0000
2101,232266.0000
2102,232266.0000
2103,232266.0000
2104,232266.0000
2105,232266.0000
2106,232266.0000
2107,232266.0000
2108,232266.0000
2109,232266.0000
2110,232266.0000
2111,232266.0000
2112,232266.0000
2113,232266.0000
2114,232266.0000
2115,232266.0000
2116,232266.0000
2117,232266.0000
2118,232266.0000
2119,232266.0000
2120,232266.0000
2121,232266.0000
2122,232266.0000
2123,232266.0000
2124,232266.0000
2125,232266.0000
2126,232266.0000
2127,232266.0000
2128,232266.0000
2129,232266.0000
2130,232266.0000
2131,232266.0000
2132,232266.0000
2133,232266.0000
2134,232266.0000
2135,232266.0000
2136,232266.0000
2137,232266.0000
2138,232266.0000
2139,232266.0000
2140,232266.0000
2141,232266.0000
2142,232266.0000
2143,232266.0000
2144,232266.0000
2145,232266.0000
2146,232266.0000
2147,232266.0000
2148,232266.0000
2149,232266.0000
2150,232266.0000
2151,232266.0000
2152,232266.0000
2153,232266.0000
2154,232266.0000
2155,232266.0000
2156,232266.0000
2157,232266.0000
2158,232266.0000
2159,232266.0000
2160,232266.0000
2161,232266.0000
2162,232266.0000
2163,232266.0000
2164,232266.0000
2165,232266.0000
2166,232266.0000
2167,232266.0000
2168,232266.0000
2169,232266.0000
2170,232266.0000
2171,232266.0000
2172,232266.0000
2173,232266.0000
2174,232266.0000
2175,232266.0000
2176,232266.0000
2177,232266.0000
2178,232266.0000
2179,232266.0000
2180,232266.0000
2181,232266.0000
2182,232266.0000
2183,232266.0000
2184,232266.0000
2185,232266.0000
2186,232266.0000
2187,232266.0000
2188,232266.0000
2189,232266.0000
2190,232266.0000
2191,232266.0000
2192,232266.0000
2193,232266.0000
2194,232266.0000
2195,232266.0000
2196,232266.0000
2197,232266.0000
2198,232266.0000
2199,232266.0000
2200,232266.0000
2201,232266.0000
2202,232266.0000
2203,232266.0000
2204,232266.0000
2205,232266.0000
2206,232266.0000
2207,232266.0000
2208,232266.0000
2209,232266.0000
2210,232266.0000
2211,232266.0000
2212,232266.0000
2213,232266.0000
2214,232266.0000
2215,232266.0000
2216,232266.0000
2217,232266.0000
2218,232266.0000
2219,232266.0000
2220,232266.0000
2221,232266.0000
2222,232266.0000
2223,232266.0000
2224,232266.0000
2225,232266.0000
2226,232266.0000
2227,232266.0000
2228,232266.0000
2229,232266.0000
2230,232266.0000
2231,232266.0000
2232,232266.0000
2233,232266.0000
2234,232266.0000
2235,232266.0000
2236,232266.0000
2237,232266.0000
2238,232266.0000
2239,232266.0000
2240,232266.0000
2241,232266.0000
2242,232266.0000
2243,232266.0000
2244,232266.0000
2245,232266.0000
2246,232266.0000
2247,232266.0000
2248,232266.0000
2249,232266.0000
2250,232266.0000
2251,232266.0000
2252,232266.0000
2253,232266.0000
2254,232266.0000
2255,232266.0000
2256,232266.0000
2257,232266.0000
2258,232266.0000
2259,232266.0000
2260,232266.0000
2261,232266.0000
2262,232266.0000
2263,232266.0000
2264,232266.0000
2265,232266.0000
2266,232266.0000
2267,232266.0000
2268,232266.0000
2269,232266.0000
2270,232266.0000
2271,232266.0000
2272,232266.0000
2273,232266.0000
2274,232266.0000
2275,232266.0000
2276,232266.0000
2277,232266.0000
2278,232266.0000
2279,232266.0000
2280,232266.0000
2281,232266.0000
2282,232266.0000
2283,232266.0000
2284,232266.0000
2285,232266.0000
2286,232266.0000
2287,232266.0000
2288,232266.0000
2289,232266.0000
2290,232266.0000
2291,232266.0000
2292,232266.0000
2293,232266.0000
2294,232266.0000
2295,232266.0000
2296,232266.0000
2297,232266.0000
2298,232266.0000
2299,232266.0000
2300,232266.0000
2301,232266.0000
2302,232266.0000
2303,232266.0000
2304,232266.0000
2305,232266.0000
2306,232266.0000
2307,232266.0000
2308,232266.0000
2309,232266.0000
2310,232266.0000
2311,232266.0000
2312,232266.0000
2313,232266.0000
2314,232266.0000
2315,232266.0000
2316,232266.0000
2317,232266.0000
2318,232266.0000
2319,232266.0000
2320,232266.0000
2321,232266.0000
2322,232266.0000
2323,232266.0000
2324,232266.0000
2325,232266.0000
2326,232266.0000
2327,232266.0000
2328,232266.0000
2329,232266.0000
2330,232266.0000
2331,232266.0000
2332,232266.0000
2333,232266.0000
2334,232266.0000
2335,232266.0000
2336,232266.0000
2337,232266.0000
2338,232266.0000
2339,232266.0000
2340,232266.0000
2341,232266.0000
2342,232266.0000
2343,232266.0000
2344,232266.0000
2345,232266.0000
2346,232266.0000
2347,232266.0000
2348,232266.0000
2349,232266.0000
2350,232266.0000
2351,232266.0000
2352,232266.0000
2353,232266.0000
2354,232266.0000
2355,232266.0000
2356,232266.0000
2357,232266.0000
2358,232266.0000
2359,232266.0000
2360,232266.0000
2361,232266.0000
2362,232266.0000
2363,232266.0000
2364,232266.0000
2365,232266.0000
2366,232266.0000
2367,232266.0000
2368,232266.0000
2369,232266.0000
2370,232266.0000
2371,232266.0000
2372,232266.0000
2373,232266.0000
2374,232266.0000
2375,232266.0000
2376,232266.0000
2377,232266.0000
2378,232266.0000
2379,232266.0000
2380,232266.0000
2381,232266.0000
2382,232266.0000
2383,232266.0000
2384,232266.0000
2385,232266.0000
2386,232266.0000
2387,232266.0000
2388,232266.0000
2389,232266.0000
2390,232266.0000
2391,232266.0000
2392,232266.0000
2393,232266.0000
2394,232266.0000
2395,232266.0000
2396,232266.0000
2397,232266.0000
2398,232266.0000
2399,232266.0000
2400,232266.0000
2401,232266.0000
2402,232266.0000
2403,232266.0000
2404,232266.0000
2405,232266.0000
2406,232266.0000
2407,232266.0000
2408,232266.0000
2409,232266.0000
2410,232266.0000
2411,232266.0000
2412,232266.0000
2413,232266.0000
2414,232266.0000
2415,232266.0000
2416,232266.0000
2417,232266.0000
2418,232266.0000
2419,232266.0000
2420,232266.0000
2421,232266.0000
2422,232266.0000
2423,232266.0000
2424,232266.0000
2425,232266.0000
2426,232266.0000
2427,232266.0000
2428,232266.0000
2429,232266.0000
2430,232266.0000
2431,232266.0000
2432,232266.0000
2433,232266.0000
2434,232266.0000
2435,232266.0000
2436,232266.0000
2437,232266.0000
2438,232266.0000
2439,232266.0000
2440,232266.0000
2441,232266.0000
2442,232266.0000
2443,232266.0000
2444,232266.0000
2445,232266.0000
2446,232266.0000
2447,232266.0000
2448,232266.0000
2449,232266.0000
2450,232266.0000
2451,232266.0000
2452,232266.0000
2453,232266.0000
2454,232266.0000
2455,232266.0000
2456,232266.0000
2457,232266.0000
2458,232266.0000
2459,232266.0000
2460,232266.0000
2461,232266.0000
2462,232266.0000
2463,232266.0000
2464,232266.0000
2465,232266.0000
2466,232266.0000
2467,232266.0000
2468,232266.0000
2469,232266.0000
2470,232266.0000
2471,232266.0000
2472,232266.0000
2473,232266.0000
2474,232266.0000
2475,232266.0000
2476,232266.0000
2477,232266.0000
2478,232266.0000
2479,232266.0000
2480,232266.0000
2481,232266.0000
2482,232266.0000
2483,232266.0000
2484,232266.0000
2485,232266.0000
2486,232266.0000
2487,232266.0000
2488,232266.0000
2489,232266.0000
2490,232266.0000
2491,232266.0000
2492,232266.0000
2493,232266.0000
2494,232266.0000
2495,232266.0000
2496,232266.0000
2497,232266.0000
2498,232266.0000
2499,232266.0000
2500,232266.0000
2501,232266.0000
2502,232266.0000
2503,232266.0000
2504,232266.0000
2505,232266.0000
2506,232266.0000
2507,232266.0000
2508,232266.0000
2509,232266.0000
2510,232266.0000
2511,232266.0000
2512,232266.0000
2513,232266.0000
2514,232266.0000
2515,232266.0000
2516,232266.0000
2517,232266.0000
2518,232266.0000
2519,232266.0000
2520,232266.0000
2521,232266.0000
2522,232266.0000
2523,232266.0000
2524,232266.0000
2525,232266.0000
2526,232266.0000
2527,232266.0000
2528,232266.0000
2529,232266.0000
2530,232266.0000
2531,232266.0000
2532,232266.0000
2533,232266.0000
2534,232266.0000
2535,232266.0000
2536,232266.0000
2537,232266.0000
2538,232266.0000
2539,232266.0000
2540,232266.0000
2541,232266.0000
2542,232266.0000
2543,232266.0000
2544,232266.0000
2545,232266.0000
2546,232266.0000
2547,232266.0000
2548,232266.0000
2549,232266.0000
2550,232266.0000
2551,232266.0000
2552,232266.0000
2553,232266.0000
2554,232266.0000
2555,232266.0000
2556,232266.0000
2557,232266.0000
2558,232266.0000
2559,232266.0000
2560,232266.0000
2561,232266.0000
2562,232266.0000
2563,232266.0000
2564,232266.0000
2565,232266.0000
2566,232266.0000
2567,232266.0000
2568,232266.0000
2569,232266.0000
2570,232266.0000
2571,232266.0000
2572,232266.0000
2573,232266.0000
2574,232266.0000
2575,232266.0000
2576,232266.0000
2577,232266.0000
2578,232266.0000
2579,232266.0000
2580,232266.0000
2581,232266.0000
2582,232266.0000
2583,232266.0000
2584,232266.0000
2585,232266.0000
2586,232266.0000
2587,232266.0000
2588,232266.0000
2589,232266.0000
2590,232266.0000
2591,232266.0000
2592,232266.0000
2593,232266.0000
2594,232266.0000
2595,232266.0000
2596,232266.0000
2597,232266.0000
2598,232266.0000
2599,232266.0000
2600,232266.0000
2601,232266.0000
2602,232266.0000
2603,232266.0000
2604,232266.0000
2605,232266.0000
2606,232266.0000
2607,232266.0000
2608,232266.0000
2609,232266.0000
2610,232266.0000
2611,232266.0000
2612,232266.0000
2613,232266.0000
2614,232266.0000
2615,232266.0000
2616,232266.0000
2617,232266.0000
2618,232266.0000
2619,232266.0000
2620,232266.0000
2621,232266.0000
2622,232266.0000
2623,232266.0000
2624,232266.0000
2625,232266.0000
2626,232266.0000
2627,232266.0000
2628,232266.0000
2629,232266.0000
2630,232266.0000
2631,232266.0000
2632,232266.0000
2633,232266.0000
2634,232266.0000
2635,232266.0000
2636,232266.0000
2637,232266.0000
2638,232266.0000
2639,232266.0000
2640,232266.0000
2641,232266.0000
2642,232266.0000
2643,232266.0000
2644,232266.0000
2645,232266.0000
2646,232266.0000
2647,232266.0000
2648,232266.0000
2649,232266.0000
2650,232266.0000
2651,232266.0000
2652,232266.0000
2653,232266.0000
2654,232266.0000
2655,232266.0000
2656,232266.0000
2657,232266.0000
2658,232266.0000
2659,232266.0000
2660,232266.0000
2661,232266.0000
2662,232266.0000
2663,232266.0000
2664,232266.0000
2665,232266.0000
2666,232266.0000
2667,232266.0000
2668,232266.0000
2669,232266.0000
2670,232266.0000
2671,232266.0000
2672,232266.0000
2673,232266.0000
2674,232266.0000
2675,232266.0000
2676,232266.0000
2677,232266.0000
2678,232266.0000
2679,232266.0000
2680,232266.0000
2681,232266.0000
2682,232266.0000
2683,232266.0000
2684,232266.0000
2685,232266.0000
2686,232266.0000
2687,232266.0000
2688,232266.0000
2689,232266.0000
2690,232266.0000
2691,232266.0000
2692,232266.0000
2693,232266.0000
2694,232266.0000
2695,232266.0000
2696,232266.0000
2697,232266.0000
2698,232266.0000
2699,232266.0000
2700,232266.0000
2701,232266.0000
2702,232266.0000
2703,232266.0000
2704,232266.0000
2705,232266.0000
2706,232266.0000
2707,232266.0000
2708,232266.0000
2709,232266.0000
2710,232266.0000
2711,232266.0000
2712,232266.0000
2713,232266.0000
2714,232266.0000
2715,232266.0000
2716,232266.0000
2717,232266.0000
2718,232266.0000
2719,232266.0000
2720,232266.0000
2721,232266.0000
2722,232266.0000
2723,232266.0000
2724,232266.0000
2725,232266.0000
2726,232266.0000
2727,232266.0000
2728,232266.0000
2729,232266.0000
2730,232266.0000
2731,232266.0000
2732,232266.0000
2733,232266.0000
2734,232266.0000
2735,232266.0000
2736,232266.0000
2737,232266.0000
2738,232266.0000
2739,232266.0000
2740,232266.0000
2741,232266.0000
2742,232266.0000
2743,232266.0000
2744,232266.0000
2745,232266.0000
2746,232266.0000
2747,232266.0000
2748,232266.0000
2749,232266.0000
2750,232266.0000
2751,232266.0000
2752,232266.0000
2753,232266.0000
2754,232266.0000
2755,232266.0000
2756,232266.0000
2757,232266.0000
2758,232266.0000
2759,232266.0000
2760,232266.0000
2761,232266.0000
2762,232266.0000
2763,232266.0000
2764,232266.0000
2765,232266.0000
2766,232266.0000
2767,232266.0000
2768,232266.0000
2769,232266.0000
2770,232266.0000
2771,232266.0000
2772,232266.0000
2773,232266.0000
2774,232266.0000
2775,232266.0000
2776,232266.0000
2777,232266.0000
2778,232266.0000
2779,232266.0000
2780,232266.0000
2781,232266.0000
2782,232266.0000
2783,232266.0000
2784,232266.0000
2785,232266.0000
2786,232266.0000
2787,232266.0000
2788,232266.0000
2789,232266.0000
2790,232266.0000
2791,232266.0000
2792,232266.0000
2793,232266.0000
2794,232266.0000
2795,232266.0000
2796,232266.0000
2797,232266.0000
2798,232266.0000
2799,232266.0000
2800,232266.0000
2801,232266.0000
2802,232266.0000
2803,232266.0000
2804,232266.0000
2805,232266.0000
2806,232266.0000
2807,232266.0000
2808,232266.0000
2809,232266.0000
2810,232266.0000
2811,232266.0000
2812,232266.0000
2813,232266.0000
2814,232266.0000
2815,232266.0000
2816,232266.0000
2817,232266.0000
2818,232266.0000
2819,232266.0000
2820,232266.0000
2821,232266.0000
2822,232266.0000
2823,232266.0000
2824,232266.0000
2825,232266.0000
2826,232266.0000
2827,232266.0000
2828,232266.0000
2829,232266.0000
2830,232266.0000
2831,232266.0000
2832,232266.0000
2833,232266.0000
2834,232266.0000
2835,232266.0000
2836,232266.0000
2837,232266.0000
2838,232266.0000
2839,232266.0000
2840,232266.0000
2841,232266.0000
2842,232266.0000
2843,232266.0000
2844,232266.0000
2845,232266.0000
2846,232266.0000
2847,232266.0000
2848,232266.0000
2849,232266.0000
2850,232266.0000
2851,232266.0000
2852,232266.0000
2853,232266.0000
2854,232266.0000
2855,232266.0000
2856,232266.0000
2857,232266.0000
2858,232266.0000
2859,232266.0000
2860,232266.0000
2861,232266.0000
2862,232266.0000
2863,232266.0000
2864,232266.0000
2865,232266.0000
2866,232266.0000
2867,232266.0000
2868,232266.0000
2869,232266.0000
2870,232266.0000
2871,232266.0000
2872,232266.0000
2873,232266.0000
2874,232266.0000
2875,232266.0000
2876,232266.0000
2877,232266.0000
2878,232266.0000
2879,232266.0000
2880,232266.0000
2881,232266.0000
2882,232266.0000
2883,232266.0000
2884,232266.0000
2885,232266.0000
2886,232266.0000
2887,232266.0000
2888,232266.0000
2889,232266.0000
2890,232266.0000
2891,232266.0000
2892,232266.0000
2893,232266.0000
2894,232266.0000
2895,232266.0000
2896,232266.0000
2897,232266.0000
2898,232266.0000
2899,232266.0000
2900,232266.0000
2901,232266.0000
2902,232266.0000
2903,232266.0000
2904,232266.0000
2905,232266.0000
2906,232266.0000
2907,232266.0000
2908,232266.0000
2909,232266.0000
2910,232266.0000
2911,232266.0000
2912,232266.0000
2913,232266.0000
2914,232266.0000
2915,232266.0000
2916,232266.0000
2917,232266.0000
2918,232266.0000
2919,232266.0000
2920,232266.0000
2921,232266.0000
2922,232266.0000
2923,232266.0000
2924,232266.0000
2925,232266.0000
2926,232266.0000
2927,232266.0000
2928,232266.0000
2929,232266.0000
2930,232266.0000
2931,232266.0000
2932,232266.0000
2933,232266.0000
2934,232266.0000
2935,232266.0000
2936,232266.0000
2937,232266.0000
2938,232266.0000
2939,232266.0000
2940,232266.0000
2941,232266.0000
2942,232266.0000
2943,232266.0000
2944,232266.0000
2945,232266.0000
2946,232266.0000
2947,232266.0000
2948,232266.0000
2949,232266.0000
2950,232266.0000
2951,232266.0000
2952,232266.0000
2953,232266.0000
2954,232266.0000
2955,232266.0000
2956,232266.0000
2957,232266.0000
2958,232266.0000
2959,232266.0000
2960,232266.0000
2961,232266.0000
2962,232266.0000
2963,232266.0000
2964,232266.0000
2965,232266.0000
2966,232266.0000
2967,232266.0000
2968,232266.0000
2969,232266.0000
2970,232266.0000
2971,232266.0000
2972,232266.0000
2973,232266.0000
2974,232266.0000
2975,232266.0000
2976,232266.0000
2977,232266.0000
2978,232266.0000
2979,232266.0000
2980,232266.0000
2981,232266.0000
2982,232266.0000
2983,232266.0000
2984,232266.0000
2985,232266.0000
2986,232266.0000
2987,232266.0000
2988,232266.0000
2989,232266.0000
2990,232266.0000
2991,232266.0000
2992,232266.0000
2993,232266.0000
2994,232266.0000
2995,232266.0000
2996,232266.0000
2997,232266.0000
2998,232266.0000
2999,232266.0000
3000,232266.0000
3001,232266.0000
3002,232266.0000
3003,232266.0000
3004,232266.0000
3005,232266.0000
3006,232266.0000
3007,232266.0000
3008,232266.0000
3009,232266.0000
3010,232266.0000
3011,232266.0000
3012,232266.0000
3013,232266.0000
3014,232266.0000
3015,232266.0000
3016,232266.0000
3017,232266.0000
3018,232266.0000
3019,232266.0000
3020,232266.0000
3021,232266.0000
3022,232266.0000
3023,232266.0000
3024,232266.0000
3025,232266.0000
3026,232266.0000
3027,232266.0000
3028,232266.0000
3029,232266.0000
3030,232266.0000
3031,232266.0000
3032,232266.0000
3033,232266.0000
3034,232266.0000
3035,232266.0000
3036,232266.0000
3037,232266.0000
3038,232266.0000
3039,232266.0000
3040,232266.0000
3041,232266.0000
3042,232266.0000
3043,232266.0000
3044,232266.0000
3045,232266.0000
3046,232266.0000
3047,232266.0000
3048,232266.0000
3049,232266.0000
3050,232266.0000
3051,232266.0000
3052,232266.0000
3053,232266.0000
3054,232266.0000
3055,232266.0000
3056,232266.0000
3057,232266.0000
3058,232266.0000
3059,232266.0000
3060,232266.0000
3061,232266.0000
3062,232266.0000
3063,232266.0000
3064,232266.0000
3065,232266.0000
3066,232266.0000
3067,232266.0000
3068,232266.0000
3069,232266.0000
3070,232266.0000
3071,232266.0000
3072,232266.0000
3073,232266.0000
3074,232266.0000
3075,232266.0000
3076,232266.0000
3077,232266.0000
3078,232266.0000
3079,232266.0000
3080,232266.0000
3081,232266.0000
3082,232266.0000
3083,232266.0000
3084,232266.0000
3085,232266.0000
3086,232266.0000
3087,232266.0000
3088,232266.0000
3089,232266.0000
3090,232266.0000
3091,232266.0000
3092,232266.0000
3093,232266.0000
3094,232266.0000
3095,232266.0000
3096,232266.0000
3097,232266.0000
3098,232266.0000
3099,232266.0000
3100,232266.0000
3101,232266.0000
3102,232266.0000
3103,232266.0000
3104,232266.0000
3105,232266.0000
3106,232266.0000
3107,232266.0000
3108,232266.0000
3109,232266.0000
3110,232266.0000
3111,232266.0000
3112,232266.0000
3113,232266.0000
3114,232266.0000
3115,232266.0000
3116,232266.0000
3117,232266.0000
3118,232266.0000
3119,232266.0000
3120,232266.0000
3121,232266.0000
3122,232266.0000
3123,232266.0000
3124,232266.0000
3125,232266.0000
3126,232266.0000
3127,232266.0000
3128,232266.0000
3129,232266.0000
3130,232266.0000
3131,232266.0000
3132,232266.0000
3133,232266.0000
3134,232266.0000
3135,232266.0000
3136,232266.0000
3137,232266.0000
3138,232266.0000
3139,232266.0000
3140,232266.0000
3141,232266.0000
3142,232266.0000
3143,232266.0000
3144,232266.0000
3145,232266.0000
3146,232266.0000
3147,232266.0000
3148,232266.0000
3149,232266.0000
3150,232266.0000
3151,232266.0000
3152,232266.0000
3153,232266.0000
3154,232266.0000
3155,232266.0000
3156,232266.0000
3157,232266.0000
3158,232266.0000
3159,232266.0000
3160,232266.0000
3161,232266.0000
3162,232266.0000
3163,232266.0000
3164,232266.0000
3165,232266.0000
3166,232266.0000
3167,232266.0000
3168,232266.0000
3169,232266.0000
3170,232266.0000
3171,232266.0000
3172,232266.0000
3173,232266.0000
3174,232266.0000
3175,232266.0000
3176,232266.0000
3177,232266.0000
3178,232266.0000
3179,232266.0000
3180,232266.0000
3181,232266.0000
3182,232266.0000
3183,232266.0000
3184,232266.0000
3185,232266.0000
3186,232266.0000
3187,232266.0000
3188,232266.0000
3189,232266.0000
3190,232266.0000
3191,232266.0000
3192,232266.0000
3193,232266.0000
3194,232266.0000
3195,232266.0000
3196,232266.0000
3197,232266.0000
3198,232266.0000
3199,232266.0000
3200,232266.0000
3201,232266.0000
3202,232266.0000
3203,232266.0000
3204,232266.0000
3205,232266.0000
3206,232266.0000
3207,232266.0000
3208,232266.0000
3209,232266.0000
3210,232266.0000
3211,232266.0000
3212,232266.0000
3213,232266.0000
3214,232266.0000
3215,232266.0000
3216,232266.0000
3217,232266.0000
3218,232266.0000
3219,232266.0000
3220,232266.0000
3221,232266.0000
3222,232266.0000
3223,232266.0000
3224,232266.0000
3225,232266.0000
3226,232266.0000
3227,232266.0000
3228,232266.0000
3229,232266.0000
3230,232266.0000
3231,232266.0000
3232,232266.0000
3233,232266.0000
3234,232266.0000
3235,232266.0000
3236,232266.0000
3237,232266.0000
3238,232266.0000
3239,232266.0000
3240,232266.0000
3241,232266.0000
3242,232266.0000
3243,232266.0000
3244,232266.0000
3245,232266.0000
3246,232266.0000
3247,232266.0000
3248,232266.0000
3249,232266.0000
3250,232266.0000
3251,232266.0000
3252,232266.0000
3253,232266.0000
3254,232266.0000
3255,232266.0000
3256,232266.0000
3257,232266.0000
3258,232266.0000
3259,232266.0000
3260,232266.0000
3261,232266.0000
3262,232266.0000
3263,232266.0000
3264,232266.0000
3265,232266.0000
3266,232266.0000
3267,232266.0000
3268,232266.0000
3269,232266.0000
3270,232266.0000
3271,232266.0000
3272,232266.0000
3273,232266.0000
3274,232266.0000
3275,232266.0000
3276,232266.0000
3277,232266.0000
3278,232266.0000
3279,232266.0000
3280,232266.0000
3281,232266.0000
3282,232266.0000
3283,232266.0000
3284,232266.0000
3285,232266.0000
3286,232266.0000
3287,232266.0000
3288,232266.0000
3289,232266.0000
3290,232266.0000
3291,232266.0000
3292,232266.0000
3293,232266.0000
3294,232266.0000
3295,232266.0000
3296,232266.0000
3297,232266.0000
3298,232266.0000
3299,232266.0000
3300,232266.0000
3301,232266.0000
3302,232266.0000
3303,232266.0000
3304,232266.0000
3305,232266.0000
3306,232266.0000
3307,232266.0000
3308,232266.0000
3309,232266.0000
3310,232266.0000
3311,232266.0000
3312,232266.0000
3313,232266.0000
3314,232266.0000
3315,232266.0000
3316,232266.0000
3317,232266.0000
3318,232266.0000
3319,232266.0000
3320,232266.0000
3321,232266.0000
3322,232266.0000
3323,232266.0000
3324,232266.0000
3325,232266.0000
3326,232266.0000
3327,232266.0000
3328,232266.0000
3329,232266.0000
3330,232266.0000
3331,232266.0000
3332,232266.0000
3333,232266.0000
3334,232266.0000
3335,232266.0000
3336,232266.0000
3337,232266.0000
3338,232266.0000
3339,232266.0000
3340,232266.0000
3341,232266.0000
3342,232266.0000
3343,232266.0000
3344,232266.0000
3345,232266.0000
3346,232266.0000
3347,232266.0000
3348,232266.0000
3349,232266.0000
3350,232266.0000
3351,232266.0000
3352,232266.0000
3353,232266.0000
3354,232266.0000
3355,232266.0000
3356,232266.0000
3357,232266.0000
3358,232266.0000
3359,232266.0000
3360,232266.0000
3361,232266.0000
3362,232266.0000
3363,232266.0000
3364,232266.0000
3365,232266.0000
3366,232266.0000
3367,232266.0000
3368,232266.0000
3369,232266.0000
3370,232266.0000
3371,232266.0000
3372,232266.0000
3373,232266.0000
3374,232266.0000
3375,232266.0000
3376,232266.0000
3377,232266.0000
3378,232266.0000
3379,232266.0000
3380,232266.0000
3381,232266.0000
3382,232266.0000
3383,232266.0000
3384,232266.0000
3385,232266.0000
3386,232266.0000
3387,232266.0000
3388,232266.0000
3389,232266.0000
3390,232266.0000
3391,232266.0000
3392,232266.0000
3393,232266.0000
3394,232266.0000
3395,232266.0000
3396,232266.0000
3397,232266.0000
3398,232266.0000
3399,232266.0000
3400,232266.0000
3401,232266.0000
3402,232266.0000
3403,232266.0000
3404,232266.0000
3405,232266.0000
3406,232266.0000
3407,232266.0000
3408,232266.0000
3409,232266.0000
3410,232266.0000
3411,232266.0000
3412,232266.0000
3413,232266.0000
3414,232266.0000
3415,232266.0000
3416,232266.0000
3417,232266.0000
3418,232266.0000
3419,232266.0000
3420,232266.0000
3421,232266.0000
3422,232266.0000
3423,232266.0000
3424,232266.0000
3425,232266.0000
3426,232266.0000
3427,232266.0000
3428,232266.0000
3429,232266.0000
3430,232266.0000
3431,232266.0000
3432,232266.0000
3433,232266.0000
3434,232266.0000
3435,232266.0000
3436,232266.0000
3437,232266.0000
3438,232266.0000
3439,232266.0000
3440,232266.0000
3441,232266.0000
3442,232266.0000
3443,232266.0000
3444,232266.0000
3445,232266.0000
3446,232266.0000
3447,232266.0000
3448,232266.0000
3449,232266.0000
3450,232266.0000
3451,232266.0000
3452,232266.0000
3453,232266.0000
3454,232266.0000
3455,232266.0000
3456,232266.0000
3457,232266.0000
3458,232266.0000
3459,232266.0000
3460,232266.0000
3461,232266.0000
3462,232266.0000
3463,232266.0000
3464,232266.0000
3465,232266.0000
3466,232266.0000
3467,232266.0000
3468,232266.0000
3469,232266.0000
3470,232266.0000
3471,232266.0000
3472,232266.0000
3473,232266.0000
3474,232266.0000
3475,232266.0000
3476,232266.0000
3477,232266.0000
3478,232266.0000
3479,232266.0000
3480,232266.0000
3481,232266.0000
3482,232266.0000
3483,232266.0000
3484,232266.0000
3485,232266.0000
3486,232266.0000
3487,232266.0000
3488,232266.0000
3489,232266.0000
3490,232266.0000
3491,232266.0000
3492,232266.0000
3493,232266.0000
3494,232266.0000
3495,232266.0000
3496,232266.0000
3497,232266.0000
3498,232266.0000
3499,232266.0000
3500,232266.0000
3501,232266.0000
3502,232266.0000
3503,232266.0000
3504,232266.0000
3505,232266.0000
3506,232266.0000
3507,232266.0000
3508,232266.0000
3509,232266.0000
3510,232266.0000
3511,232266.0000
3512,232266.0000
3513,232266.0000
3514,232266.0000
3515,232266.0000
3516,232266.0000
3517,232266.0000
3518,232266.0000
3519,232266.0000
3520,232266.0000
3521,232266.0000
3522,232266.0000
3523,232266.0000
3524,232266.0000
3525,232266.0000
3526,232266.0000
3527,232266.0000
3528,232266.0000
3529,232266.0000
3530,232266.0000
3531,232266.0000
3532,232266.0000
3533,232266.0000
3534,232266.0000
3535,232266.0000
3536,232266.0000
3537,232266.0000
3538,232266.0000
3539,232266.0000
3540,232266.0000
3541,232266.0000
3542,232266.0000
3543,232266.0000
3544,232266.0000
3545,232266.0000
3546,232266.0000
3547,232266.0000
3548,232266.0000
3549,232266.0000
3550,232266.0000
3551,232266.0000
3552,232266.0000
3553,232266.0000
3554,232266.0000
3555,232266.0000
3556,232266.0000
3557,232266.0000
3558,232266.0000
3559,232266.0000
3560,232266.0000
3561,232266.0000
3562,232266.0000
3563,232266.0000
3564,232266.0000
3565,232266.0000
3566,232266.0000
3567,232266.0000
3568,232266.0000
3569,232266.0000
3570,232266.0000
3571,232266.0000
3572,232266.0000
3573,232266.0000
3574,232266.0000
3575,232266.0000
3576,232266.0000
3577,232266.0000
3578,232266.0000
3579,232266.0000
3580,232266.0000
3581,232266.0000
3582,232266.0000
3583,232266.0000
3584,232266.0000
3585,232266.0000
3586,232266.0000
3587,232266.0000
3588,232266.0000
3589,232266.0000
3590,232266.0000
3591,232266.0000
3592,232266.0000
3593,232266.0000
3594,232266.0000
3595,232266.0000
3596,232266.0000
3597,232266.0000
3598,232266.0000
3599,232266.0000
3600,232266.0000
3601,232266.0000
3602,232266.0000
3603,232266.0000
3604,232266.0000
3605,232266.0000
3606,232266.0000
3607,232266.0000
3608,232266.0000
3609,232266.0000
3610,232266.0000
3611,232266.0000
3612,232266.0000
3613,232266.0000
3614,232266.0000
3615,232266.0000
3616,232266.0000
3617,232266.0000
3618,232266.0000
3619,232266.0000
3620,232266.0000
3621,232266.0000
3622,232266.0000
3623,232266.0000
3624,232266.0000
3625,232266.0000
3626,232266.0000
3627,232266.0000
3628,232266.0000
3629,232266.0000
3630,232266.0000
3631,232266.0000
3632,232266.0000
3633,232266.0000
3634,232266.0000
3635,232266.0000
3636,232266.0000
3637,232266.0000
3638,232266.0000
3639,232266.0000
3640,232266.0000
3641,232266.0000
3642,232266.0000
3643,232266.0000
3644,232266.0000
3645,232266.0000
3646,232266.0000
3647,232266.0000
3648,232266.0000
3649,232266.0000
3650,232266.0000
3651,232266.0000
3652,232266.0000
3653,232266.0000
3654,232266.0000
3655,232266.0000
3656,232266.0000
3657,232266.0000
3658,232266.0000
3659,232266.0000
3660,232266.0000
3661,232266.0000
3662,232266.0000
3663,232266.0000
3664,232266.0000
3665,232266.0000
3666,232266.0000
3667,232266.0000
3668,232266.0000
3669,232266.0000
3670,232266.0000
3671,232266.0000
3672,232266.0000
3673,232266.0000
3674,232266.0000
3675,232266.0000
3676,232266.0000
3677,232266.0000
3678,232266.0000
3679,232266.0000
3680,232266.0000
3681,232266.0000
3682,232266.0000
3683,232266.0000
3684,232266.0000
3685,232266.0000
3686,232266.0000
3687,232266.0000
3688,232266.0000
3689,232266.0000
3690,232266.0000
3691,232266.0000
3692,232266.0000
3693,232266.0000
3694,232266.0000
3695,232266.0000
3696,232266.0000
3697,232266.0000
3698,232266.0000
3699,232266.0000
3700,232266.0000
3701,232266.0000
3702,232266.0000
3703,232266.0000
3704,232266.0000
3705,232266.0000
3706,232266.0000
3707,232266.0000
3708,232266.0000
3709,232266.0000
3710,232266.0000
3711,232266.0000
3712,232266.0000
3713,232266.0000
3714,232266.0000
3715,232266.0000
3716,232266.0000
3717,232266.0000
3718,232266.0000
3719,232266.0000
3720,232266.0000
3721,232266.0000
3722,232266.0000
3723,232266.0000
3724,232266.0000
3725,232266.0000
3726,232266.0000
3727,232266.0000
3728,232266.0000
3729,232266.0000
3730,232266.0000
3731,232266.0000
3732,232266.0000
3733,232266.0000
3734,232266.0000
3735,232266.0000
3736,232266.0000
3737,232266.0000
3738,232266.0000
3739,232266.0000
3740,232266.0000
3741,232266.0000
3742,232266.0000
3743,232266.0000
3744,232266.0000
3745,232266.0000
3746,232266.0000
3747,232266.0000
3748,232266.0000
3749,232266.0000
3750,232266.0000
3751,232266.0000
3752,232266.0000
3753,232266.0000
3754,232266.0000
3755,232266.0000
3756,232266.0000
3757,232266.0000
3758,232266.0000
3759,232266.0000
3760,232266.0000
3761,232266.0000
3762,232266.0000
3763,232266.0000
3764,232266.0000
3765,232266.0000
3766,232266.0000
3767,232266.0000
3768,232266.0000
3769,232266.0000
3770,232266.0000
3771,232266.0000
3772,232266.0000
3773,232266.0000
3774,232266.0000
3775,232266.0000
3776,232266.0000
3777,232266.0000
3778,232266.0000
3779,232266.0000
3780,232266.0000
3781,232266.0000
3782,232266.0000
3783,232266.0000
3784,232266.0000
3785,232266.0000
3786,232266.0000
3787,232266.0000
3788,232266.0000
3789,232266.0000
3790,232266.0000
3791,232266.0000
3792,232266.0000
3793,232266.0000
3794,232266.0000
3795,232266.0000
3796,232266.0000
3797,232266.0000
3798,232266.0000
3799,232266.0000
3800,232266.0000
3801,232266.0000
3802,232266.0000
3803,232266.0000
3804,232266.0000
3805,232266.0000
3806,232266.0000
3807,232266.0000
3808,232266.0000
3809,232266.0000
3810,232266.0000
3811,232266.0000
3812,232266.0000
3813,232266.0000
3814,232266.0000
3815,232266.0000
3816,232266.0000
3817,232266.0000
3818,232266.0000
3819,232266.0000
3820,232266.0000
3821,232266.0000
3822,232266.0000
3823,232266.0000
3824,232266.0000
3825,232266.0000
3826,232266.0000
3827,232266.0000
3828,232266.0000
3829,232266.0000
3830,232266.0000
3831,232266.0000
3832,232266.0000
3833,232266.0000
3834,232266.0000
3835,232266.0000
3836,232266.0000
3837,232266.0000
3838,232266.0000
3839,232266.0000
3840,232266.0000
3841,232266.0000
3842,232266.0000
3843,232266.0000
3844,232266.0000
3845,232266.0000
3846,232266.0000
3847,232266.0000
3848,232266.0000
3849,232266.0000
3850,232266.0000
3851,232266.0000
3852,232266.0000
3853,232266.0000
3854,232266.0000
3855,232266.0000
3856,232266.0000
3857,232266.0000
3858,232266.0000
3859,232266.0000
3860,232266.0000
3861,232266.0000
3862,232266.0000
3863,232266.0000
3864,232266.0000
3865,232266.0000
3866,232266.0000
3867,232266.0000
3868,232266.0000
3869,232266.0000
3870,232266.0000
3871,232266.0000
3872,232266.0000
3873,232266.0000
3874,232266.0000
3875,232266.0000
3876,232266.0000
3877,232266.0000
3878,232266.0000
3879,232266.0000
3880,232266.0000
3881,232266.0000
3882,232266.0000
3883,232266.0000
3884,232266.0000
3885,232266.0000
3886,232266.0000
3887,232266.0000
3888,232266.0000
3889,232266.0000
3890,232266.0000
3891,232266.0000
3892,232266.0000
3893,232266.0000
3894,232266.0000
3895,232266.0000
3896,232266.0000
3897,232266.0000
3898,232266.0000
3899,232266.0000
3900,232266.0000
3901,232266.0000
3902,232266.0000
3903,232266.0000
3904,232266.0000
3905,232266.0000
3906,232266.0000
3907,232266.0000
3908,232266.0000
3909,232266.0000
3910,232266.0000
3911,232266.0000
3912,232266.0000
3913,232266.0000
3914,232266.0000
3915,232266.0000
3916,232266.0000
3917,232266.0000
3918,232266.0000
3919,232266.0000
3920,232266.0000
3921,232266.0000
3922,232266.0000
3923,232266.0000
3924,232266.0000
3925,232266.0000
3926,232266.0000
3927,232266.0000
3928,232266.0000
3929,232266.0000
3930,232266.0000
3931,232266.0000
3932,232266.0000
3933,232266.0000
3934,232266.0000
3935,232266.0000
3936,232266.0000
3937,232266.0000
3938,232266.0000
3939,232266.0000
3940,232266.0000
3941,232266.0000
3942,232266.0000
3943,232266.0000
3944,232266.0000
3945,232266.0000
3946,232266.0000
3947,232266.0000
3948,232266.0000
3949,232266.0000
3950,232266.0000
3951,232266.0000
3952,232266.0000
3953,232266.0000
3954,232266.0000
3955,232266.0000
3956,232266.0000
3957,232266.0000
3958,232266.0000
3959,232266.0000
3960,232266.0000
3961,232266.0000
3962,232266.0000
3963,232266.0000
3964,232266.0000
3965,232266.0000
3966,232266.0000
3967,232266.0000
3968,232266.0000
3969,232266.0000
3970,232266.0000
3971,232266.0000
3972,232266.0000
3973,232266.0000
3974,232266.0000
3975,232266.0000
3976,232266.0000
3977,232266.0000
3978,232266.0000
3979,232266.0000
3980,232266.0000
3981,232266.0000
3982,232266.0000
3983,232266.0000
3984,232266.0000
3985,232266.0000
3986,232266.0000
3987,232266.0000
3988,232266.0000
3989,232266.0000
3990,232266.0000
3991,232266.0000
3992,232266.0000
3993,232266.0000
3994,232266.0000
3995,232266.0000
3996,232266.0000
3997,232266.0000
3998,232266.0000
3999,232266.0000
4000,232266.0000
4001,232266.0000
4002,232266.0000
4003,232266.0000
4004,232266.0000
4005,232266.0000
4006,232266.0000
4007,232266.0000
4008,232266.0000
4009,232266.0000
4010,232266.0000
4011,232266.0000
4012,232266.0000
4013,232266.0000
4014,232266.0000
4015,232266.0000
4016,232266.0000
4017,232266.0000
4018,232266.0000
4019,232266.0000
4020,232266.0000
4021,232266.0000
4022,232266.0000
4023,232266.0000
4024,232266.0000
4025,232266.0000
4026,232266.0000
4027,232266.0000
4028,232266.0000
4029,232266.0000
4030,232266.0000
4031,232266.0000
4032,232266.0000
4033,232266.0000
4034,232266.0000
4035,232266.0000
4036,232266.0000
4037,232266.0000
4038,232266.0000
4039,232266.0000
4040,232266.0000
4041,232266.0000
4042,232266.0000
4043,232266.0000
4044,232266.0000
4045,232266.0000
4046,232266.0000
4047,232266.0000
4048,232266.0000
4049,232266.0000
4050,232266.0000
4051,232266.0000
4052,232266.0000
4053,232266.0000
4054,232266.0000
4055,232266.0000
4056,232266.0000
4057,232266.0000
4058,232266.0000
4059,232266.0000
4060,232266.0000
4061,232266.0000
4062,232266.0000
4063,232266.0000
4064,232266.0000
4065,232266.0000
4066,232266.0000
4067,232266.0000
4068,232266.0000
4069,232266.0000
4070,232266.0000
4071,232266.0000
4072,232266.0000
4073,232266.0000
4074,232266.0000
4075,232266.0000
4076,232266.0000
4077,232266.0000
4078,232266.0000
4079,232266.0000
4080,232266.0000
4081,232266.0000
4082,232266.0000
4083,232266.0000
4084,232266.0000
4085,232266.0000
4086,232266.0000
4087,232266.0000
4088,232266.0000
4089,232266.0000
4090,232266.0000
4091,232266.0000
4092,232266.0000
4093,232266.0000
4094,232266.0000
4095,232266.0000
4096,232266.0000
4097,232266.0000
4098,232266.0000
4099,232266.0000
4100,232266.0000
4101,232266.0000
4102,232266.0000
4103,232266.0000
4104,232266.0000
4105,232266.0000
4106,232266.0000
4107,232266.0000
4108,232266.0000
4109,232266.0000
4110,232266.0000
4111,232266.0000
4112,232266.0000
4113,232266.0000
4114,232266.0000
4115,232266.0000
4116,232266.0000
4117,232266.0000
4118,232266.0000
4119,232266.0000
4120,232266.0000
4121,232266.0000
4122,232266.0000
4123,232266.0000
4124,232266.0000
4125,232266.0000
4126,232266.0000
4127,232266.0000
4128,232266.0000
4129,232266.0000
4130,232266.0000
4131,232266.0000
4132,232266.0000
4133,232266.0000
4134,232266.0000
4135,232266.0000
4136,232266.0000
4137,232266.0000
4138,232266.0000
4139,232266.0000
4140,232266.0000
4141,232266.0000
4142,232266.0000
4143,232266.0000
4144,232266.0000
4145,232266.0000
4146,232266.0000
4147,232266.0000
4148,232266.0000
4149,232266.0000
4150,232266.0000
4151,232266.0000
4152,232266.0000
4153,232266.0000
4154,232266.0000
4155,232266.0000
4156,232266.0000
4157,232266.0000
4158,232266.0000
4159,232266.0000
4160,232266.0000
4161,232266.0000
4162,232266.0000
4163,232266.0000
4164,232266.0000
4165,232266.0000
4166,232266.0000
4167,232266.0000
4168,232266.0000
4169,232266.0000
4170,232266.0000
4171,232266.0000
4172,232266.0000
4173,232266.0000
4174,232266.0000
4175,232266.0000
4176,232266.0000
4177,232266.0000
4178,232266.0000
4179,232266.0000
4180,232266.0000
4181,232266.0000
4182,232266.0000
4183,232266.0000
4184,232266.0000
4185,232266.0000
4186,232266.0000
4187,232266.0000
4188,232266.0000
4189,232266.0000
4190,232266.0000
4191,232266.0000
4192,232266.0000
4193,232266.0000
4194,232266.0000
4195,232266.0000
4196,232266.0000
4197,232266.0000
4198,232266.0000
4199,232266.0000
4200,232266.0000
4201,232266.0000
4202,232266.0000
4203,232266.0000
4204,232266.0000
4205,232266.0000
4206,232266.0000
4207,232266.0000
4208,232266.0000
4209,232266.0000
4210,232266.0000
4211,232266.0000
4212,232266.0000
4213,232266.0000
4214,232266.0000
4215,232266.0000
4216,232266.0000
4217,232266.0000
4218,232266.0000
4219,232266.0000
4220,232266.0000
4221,232266.0000
4222,232266.0000
4223,232266.0000
4224,232266.0000
4225,232266.0000
4226,232266.0000
4227,232266.0000
4228,232266.0000
4229,232266.0000
4230,232266.0000
4231,232266.0000
4232,232266.0000
4233,232266.0000
4234,232266.0000
4235,232266.0000
4236,232266.0000
4237,232266.0000
4238,232266.0000
4239,232266.0000
4240,232266.0000
4241,232266.0000
4242,232266.0000
4243,232266.0000
4244,232266.0000
4245,232266.0000
4246,232266.0000
4247,232266.0000
4248,232266.0000
4249,232266.0000
4250,232266.0000
4251,232266.0000
4252,232266.0000
4253,232266.0000
4254,232266.0000
4255,232266.0000
4256,232266.0000
4257,232266.0000
4258,232266.0000
4259,232266.0000
4260,232266.0000
4261,232266.0000
4262,232266.0000
4263,232266.0000
4264,232266.0000
4265,232266.0000
4266,232266.0000
4267,232266.0000
4268,232266.0000
4269,232266.0000
4270,232266.0000
4271,232266.0000
4272,232266.0000
4273,232266.0000
4274,232266.0000
4275,232266.0000
4276,232266.0000
4277,232266.0000
4278,232266.0000
4279,232266.0000
4280,232266.0000
4281,232266.0000
4282,232266.0000
4283,232266.0000
4284,232266.0000
4285,232266.0000
4286,232266.0000
4287,232266.0000
4288,232266.0000
4289,232266.0000
4290,232266.0000
4291,232266.0000
4292,232266.0000
4293,232266.0000
4294,232266.0000
4295,232266.0000
4296,232266.0000
4297,232266.0000
4298,232266.0000
4299,232266.0000
4300,232266.0000
4301,232266.0000
4302,232266.0000
4303,232266.0000
4304,232266.0000
4305,232266.0000
4306,232266.0000
4307,232266.0000
4308,232266.0000
4309,232266.0000
4310,232266.0000
4311,232266.0000
4312,232266.0000
4313,232266.0000
4314,232266.0000
4315,232266.0000
4316,232266.0000
4317,232266.0000
4318,232266.0000
4319,232266.0000
4320,232266.0000
4321,232266.0000
4322,232266.0000
4323,232266.0000
4324,232266.0000
4325,232266.0000
4326,232266.0000
4327,232266.0000
4328,232266.0000
4329,232266.0000
4330,232266.0000
4331,232266.0000
4332,232266.0000
4333,232266.0000
4334,232266.0000
4335,232266.0000
4336,232266.0000
4337,232266.0000
4338,232266.0000
4339,232266.0000
4340,232266.0000
4341,232266.0000
4342,232266.0000
4343,232266.0000
4344,232266.0000
4345,232266.0000
4346,232266.0000
4347,232266.0000
4348,232266.0000
4349,232266.0000
4350,232266.0000
4351,232266.0000
4352,232266.0000
4353,232266.0000
4354,232266.0000
4355,232266.0000
4356,232266.0000
4357,232266.0000
4358,232266.0000
4359,232266.0000
4360,232266.0000
4361,232266.0000
4362,232266.0000
4363,232266.0000
4364,232266.0000
4365,232266.0000
4366,232266.0000
4367,232266.0000
4368,232266.0000
4369,232266.0000
4370,232266.0000
4371,232266.0000
4372,232266.0000
4373,232266.0000
4374,232266.0000
4375,232266.0000
4376,232266.0000
4377,232266.0000
4378,232266.0000
4379,232266.0000
4380,232266.0000
4381,232266.0000
4382,232266.0000
4383,232266.0000
4384,232266.0000
4385,232266.0000
4386,232266.0000
4387,232266.0000
4388,232266.0000
4389,232266.0000
4390,232266.0000
4391,232266.0000
4392,232266.0000
4393,232266.0000
4394,232266.0000
4395,232266.0000
4396,232266.0000
4397,232266.0000
4398,232266.0000
4399,232266.0000
4400,232266.0000
4401,232266.0000
4402,232266.0000
4403,232266.0000
4404,232266.0000
4405,232266.0000
4406,232266.0000
4407,232266.0000
4408,232266.0000
4409,232266.0000
4410,232266.0000
4411,232266.0000
4412,232266.0000
4413,232266.0000
4414,232266.0000
4415,232266.0000
4416,232266.0000
4417,232266.0000
4418,232266.0000
4419,232266.0000
4420,232266.0000
4421,232266.0000
4422,232266.0000
4423,232266.0000
4424,232266.0000
4425,232266.0000
4426,232266.0000
4427,232266.0000
4428,232266.0000
4429,232266.0000
4430,232266.0000
4431,232266.0000
4432,232266.0000
4433,232266.0000
4434,232266.0000
4435,232266.0000
4436,232266.0000
4437,232266.0000
4438,232266.0000
4439,232266.0000
4440,232266.0000
4441,232266.0000
4442,232266.0000
4443,232266.0000
4444,232266.0000
4445,232266.0000
4446,232266.0000
4447,232266.0000
4448,232266.0000
4449,232266.0000
4450,232266.0000
4451,232266.0000
4452,232266.0000
4453,232266.0000
4454,232266.0000
4455,232266.0000
4456,232266.0000
4457,232266.0000
4458,232266.0000
4459,232266.0000
4460,232266.0000
4461,232266.0000
4462,232266.0000
4463,232266.0000
4464,232266.0000
4465,232266.0000
4466,232266.0000
4467,232266.0000
4468,232266.0000
4469,232266.0000
4470,232266.0000
4471,232266.0000
4472,232266.0000
4473,232266.0000
4474,232266.0000
4475,232266.0000
4476,232266.0000
4477,232266.0000
4478,232266.0000
4479,232266.0000
4480,232266.0000
4481,232266.0000
4482,232266.0000
4483,232266.0000
4484,232266.0000
4485,232266.0000
4486,232266.0000
4487,232266.0000
4488,232266.0000
4489,232266.0000
4490,232266.0000
4491,232266.0000
4492,232266.0000
4493,232266.0000
4494,232266.0000
4495,232266.0000
4496,232266.0000
4497,232266.0000
4498,232266.0000
4499,232266.0000
4500,232266.0000
4501,232266.0000
4502,232266.0000
4503,232266.0000
4504,232266.0000
4505,232266.0000
4506,232266.0000
4507,232266.0000
4508,232266.0000
4509,232266.0000
4510,232266.0000
4511,232266.0000
4512,232266.0000
4513,232266.0000
4514,232266.0000
4515,232266.0000
4516,232266.0000
4517,232266.0000
4518,232266.0000
4519,232266.0000
4520,232266.0000
4521,232266.0000
4522,232266.0000
4523,232266.0000
4524,232266.0000
4525,232266.0000
4526,232266.0000
4527,232266.0000
4528,232266.0000
4529,232266.0000
4530,232266.0000
4531,232266.0000
4532,232266.0000
4533,232266.0000
4534,232266.0000
4535,232266.0000
4536,232266.0000
4537,232266.0000
4538,232266.0000
4539,232266.0000
4540,232266.0000
4541,232266.0000
4542,232266.0000
4543,232266.0000
4544,232266.0000
4545,232266.0000
4546,232266.0000
4547,232266.0000
4548,232266.0000
4549,232266.0000
4550,232266.0000
4551,232266.0000
4552,232266.0000
4553,232266.0000
4554,232266.0000
4555,232266.0000
4556,232266.0000
4557,232266.0000
4558,232266.0000
4559,232266.0000
4560,232266.0000
4561,232266.0000
4562,232266.0000
4563,232266.0000
4564,232266.0000
4565,232266.0000
4566,232266.0000
4567,232266.0000
4568,232266.0000
4569,232266.0000
4570,232266.0000
4571,232266.0000
4572,232266.0000
4573,232266.0000
4574,232266.0000
4575,232266.0000
4576,232266.0000
4577,232266.0000
4578,232266.0000
4579,232266.0000
4580,232266.0000
4581,232266.0000
4582,232266.0000
4583,232266.0000
4584,232266.0000
4585,232266.0000
4586,232266.0000
4587,232266.0000
4588,232266.0000
4589,232266.0000
4590,232266.0000
4591,232266.0000
4592,232266.0000
4593,232266.0000
4594,232266.0000
4595,232266.0000
4596,232266.0000
4597,232266.0000
4598,232266.0000
4599,232266.0000
4600,232266.0000
4601,232266.0000
4602,232266.0000
4603,232266.0000
4604,232266.0000
4605,232266.0000
4606,232266.0000
4607,232266.0000
4608,232266.0000
4609,232266.0000
4610,232266.0000
4611,232266.0000
4612,232266.0000
4613,232266.0000
4614,232266.0000
4615,232266.0000
4616,232266.0000
4617,232266.0000
4618,232266.0000
4619,232266.0000
4620,232266.0000
4621,232266.0000
4622,232266.0000
4623,232266.0000
4624,232266.0000
4625,232266.0000
4626,232266.0000
4627,232266.0000
4628,232266.0000
4629,232266.0000
4630,232266.0000
4631,232266.0000
4632,232266.0000
4633,232266.0000
4634,232266.0000
4635,232266.0000
4636,232266.0000
4637,232266.0000
4638,232266.0000
4639,232266.0000
4640,232266.0000
4641,232266.0000
4642,232266.0000
4643,232266.0000
4644,232266.0000
4645,232266.0000
4646,232266.0000
4647,232266.0000
4648,232266.0000
4649,232266.0000
4650,232266.0000
4651,232266.0000
4652,232266.0000
4653,232266.0000
4654,232266.0000
4655,232266.0000
4656,232266.0000
4657,232266.0000
4658,232266.0000
4659,232266.0000
4660,232266.0000
4661,232266.0000
4662,232266.0000
4663,232266.0000
4664,232266.0000
4665,232266.0000
4666,232266.0000
4667,232266.0000
4668,232266.0000
4669,232266.0000
4670,232266.0000
4671,232266.0000
4672,232266.0000
4673,232266.0000
4674,232266.0000
4675,232266.0000
4676,232266.0000
4677,232266.0000
4678,232266.0000
4679,232266.0000
4680,232266.0000
4681,232266.0000
4682,232266.0000
4683,232266.0000
4684,232266.0000
4685,232266.0000
4686,232266.0000
4687,232266.0000
4688,232266.0000
4689,232266.0000
4690,232266.0000
4691,232266.0000
4692,232266.0000
4693,232266.0000
4694,232266.0000
4695,232266.0000
4696,232266.0000
4697,232266.0000
4698,232266.0000
4699,232266.0000
4700,232266.0000
4701,232266.0000
4702,232266.0000
4703,232266.0000
4704,232266.0000
4705,232266.0000
4706,232266.0000
4707,232266.0000
4708,232266.0000
4709,232266.0000
4710,232266.0000
4711,232266.0000
4712,232266.0000
4713,232266.0000
4714,232266.0000
4715,232266.0000
4716,232266.0000
4717,232266.0000
4718,232266.0000
4719,232266.0000
4720,232266.0000
4721,232266.0000
4722,232266.0000
4723,232266.0000
4724,232266.0000
4725,232266.0000
4726,232266.0000
4727,232266.0000
4728,232266.0000
4729,232266.0000
4730,232266.0000
4731,232266.0000
4732,232266.0000
4733,232266.0000
4734,232266.0000
4735,232266.0000
4736,232266.0000
4737,232266.0000
4738,232266.0000
4739,232266.0000
4740,232266.0000
4741,232266.0000
4742,232266.0000
4743,232266.0000
4744,232266.0000
4745,232266.0000
4746,232266.0000
4747,232266.0000
4748,232266.0000
4749,232266.0000
4750,232266.0000
4751,232266.0000
4752,232266.0000
4753,232266.0000
4754,232266.0000
4755,232266.0000
4756,232266.0000
4757,232266.0000
4758,232266.0000
4759,232266.0000
4760,232266.0000
4761,232266.0000
4762,232266.0000
4763,232266.0000
4764,232266.0000
4765,232266.0000
4766,232266.0000
4767,232266.0000
4768,232266.0000
4769,232266.0000
4770,232266.0000
4771,232266.0000
4772,232266.0000
4773,232266.0000
4774,232266.0000
4775,232266.0000
4776,232266.0000
4777,232266.0000
4778,232266.0000
4779,232266.0000
4780,232266.0000
4781,232266.0000
4782,232266.0000
4783,232266.0000
4784,232266.0000
4785,232266.0000
4786,232266.0000
4787,232266.0000
4788,232266.0000
4789,232266.0000
4790,232266.0000
4791,232266.0000
4792,232266.0000
4793,232266.0000
4794,232266.0000
4795,232266.0000
4796,232266.0000
4797,232266.0000
4798,232266.0000
4799,232266.0000
4800,232266.0000
4801,232266.0000
4802,232266.0000
4803,232266.0000
4804,232266.0000
4805,232266.0000
4806,232266.0000
4807,232266.0000
4808,232266.0000
4809,232266.0000
4810,232266.0000
4811,232266.0000
4812,232266.0000
4813,232266.0000
4814,232266.0000
4815,232266.0000
4816,232266.0000
4817,232266.0000
4818,232266.0000
4819,232266.0000
4820,232266.0000
4821,232266.0000
4822,232266.0000
4823,232266.0000
4824,232266.0000
4825,232266.0000
4826,232266.0000
4827,232266.0000
4828,232266.0000
4829,232266.0000
4830,232266.0000
4831,232266.0000
4832,232266.0000
4833,232266.0000
4834,232266.0000
4835,232266.0000
4836,232266.0000
4837,232266.0000
4838,232266.0000
4839,232266.0000
4840,232266.0000
4841,232266.0000
4842,232266.0000
4843,232266.0000
4844,232266.0000
4845,232266.0000
4846,232266.0000
4847,232266.0000
4848,232266.0000
4849,232266.0000
4850,232266.0000
4851,232266.0000
4852,232266.0000
4853,232266.0000
4854,232266.0000
4855,232266.0000
4856,232266.0000
4857,232266.0000
4858,232266.0000
4859,232266.0000
4860,232266.0000
4861,232266.0000
4862,232266.0000
4863,232266.0000
4864,232266.0000
4865,232266.0000
4866,232266.0000
4867,232266.0000
4868,232266.0000
4869,232266.0000
4870,232266.0000
4871,232266.0000
4872,232266.0000
4873,232266.0000
4874,232266.0000
4875,232266.0000
4876,232266.0000
4877,232266.0000
4878,232266.0000
4879,232266.0000
4880,232266.0000
4881,232266.0000
4882,232266.0000
4883,232266.0000
4884,232266.0000
4885,232266.0000
4886,232266.0000
4887,232266.0000
4888,232266.0000
4889,232266.0000
4890,232266.0000
4891,232266.0000
4892,232266.0000
4893,232266.0000
4894,232266.0000
4895,232266.0000
4896,232266.0000
4897,232266.0000
4898,232266.0000
4899,232266.0000
4900,232266.0000
4901,232266.0000
4902,232266.0000
4903,232266.0000
4904,232266.0000
4905,232266.0000
4906,232266.0000
4907,232266.0000
4908,232266.0000
4909,232266.0000
4910,232266.0000
4911,232266.0000
4912,232266.0000
4913,232266.0000
4914,232266.0000
4915,232266.0000
4916,232266.0000
4917,232266.0000
4918,232266.0000
4919,232266.0000
4920,232266.0000
4921,232266.0000
4922,232266.0000
4923,232266.0000
4924,232266.0000
4925,232266.0000
4926,232266.0000
4927,232266.0000
4928,232266.0000
4929,232266.0000
4930,232266.0000
4931,232266.0000
4932,232266.0000
4933,232266.0000
4934,232266.0000
4935,232266.0000
4936,232266.0000
4937,232266.0000
4938,232266.0000
4939,232266.0000
4940,232266.0000
4941,232266.0000
4942,232266.0000
4943,232266.0000
4944,232266.0000
4945,232266.0000
4946,232266.0000
4947,232266.0000
4948,232266.0000
4949,232266.0000
4950,232266.0000
4951,232266.0000
4952,232266.0000
4953,232266.0000
4954,232266.0000
4955,232266.0000
4956,232266.0000
4957,232266.0000
4958,232266.0000
4959,232266.0000
4960,232266.0000
4961,232266.0000
4962,232266.0000
4963,232266.0000
4964,232266.0000
4965,232266.0000
4966,232266.0000
4967,232266.0000
4968,232266.0000
4969,232266.0000
4970,232266.0000
4971,232266.0000
4972,232266.0000
4973,232266.0000
4974,232266.0000
4975,232266.0000
4976,232266.0000
4977,232266.0000
4978,232266.0000
4979,232266.0000
4980,232266.0000
4981,232266.0000
4982,232266.0000
4983,232266.0000
4984,232266.0000
4985,232266.0000
4986,232266.0000
4987,232266.0000
4988,232266.0000
4989,232266.0000
4990,232266.0000
4991,232266.0000
4992,232266.0000
4993,232266.0000
4994,232266.0000
4995,232266.0000
4996,232266.0000
4997,232266.0000
4998,232266.0000
4999,232266.0000
5000,232266.0000
5001,232266.0000
5002,232266.0000
5003,232266.0000
5004,232266.0000
5005,232266.0000
5006,232266.0000
5007,232266.0000
5008,232266.0000
5009,232266.0000
5010,232266.0000
5011,232266.0000
5012,232266.0000
5013,232266.0000
5014,232266.0000
5015,232266.0000
5016,232266.0000
5017,232266.0000
5018,232266.0000
5019,232266.0000
5020,232266.0000
5021,232266.0000
5022,232266.0000
5023,232266.0000
5024,232266.0000
5025,232266.0000
5026,232266.0000
5027,232266.0000
5028,232266.0000
5029,232266.0000
5030,232266.0000
5031,232266.0000
5032,232266.0000
5033,232266.0000
5034,232266.0000
5035,232266.0000
5036,232266.0000
5037,232266.0000
5038,232266.0000
5039,232266.0000
5040,232266.0000
5041,232266.0000
5042,232266.0000
5043,232266.0000
5044,232266.0000
5045,232266.0000
5046,232266.0000
5047,232266.0000
5048,232266.0000
5049,232266.0000
5050,232266.0000
5051,232266.0000
5052,232266.0000
5053,232266.0000
5054,232266.0000
5055,232266.0000
5056,232266.0000
5057,232266.0000
5058,232266.0000
5059,232266.0000
5060,232266.0000
5061,232266.0000
5062,232266.0000
5063,232266.0000
5064,232266.0000
5065,232266.0000
5066,232266.0000
5067,232266.0000
5068,232266.0000
5069,232266.0000
5070,232266.0000
5071,232266.0000
5072,232266.0000
5073,232266.0000
5074,232266.0000
5075,232266.0000
5076,232266.0000
5077,232266.0000
5078,232266.0000
5079,232266.0000
5080,232266.0000
5081,232266.0000
5082,232266.0000
5083,232266.0000
5084,232266.0000
5085,232266.0000
5086,232266.0000
5087,232266.0000
5088,232266.0000
5089,232266.0000
5090,232266.0000
5091,232266.0000
5092,232266.0000
5093,232266.0000
5094,232266.0000
5095,232266.0000
5096,232266.0000
5097,232266.0000
5098,232266.0000
5099,232266.0000
5100,232266.0000
5101,232266.0000
5102,232266.0000
5103,232266.0000
5104,232266.0000
5105,232266.0000
5106,232266.0000
5107,232266.0000
5108,232266.0000
5109,232266.0000
5110,232266.0000
5111,232266.0000
5112,232266.0000
5113,232266.0000
5114,232266.0000
5115,232266.0000
5116,232266.0000
5117,232266.0000
5118,232266.0000
5119,232266.0000
5120,232266.0000
5121,232266.0000
5122,232266.0000
5123,232266.0000
5124,232266.0000
5125,232266.0000
5126,232266.0000
5127,232266.0000
5128,232266.0000
5129,232266.0000
5130,232266.0000
5131,232266.0000
5132,232266.0000
5133,232266.0000
5134,232266.0000
5135,232266.0000
5136,232266.0000
5137,232266.0000
5138,232266.0000
5139,232266.0000
5140,232266.0000
5141,232266.0000
5142,232266.0000
5143,232266.0000
5144,232266.0000
5145,232266.0000
5146,232266.0000
5147,232266.0000
5148,232266.0000
5149,232266.0000
5150,232266.0000
5151,232266.0000
5152,232266.0000
5153,232266.0000
5154,232266.0000
5155,232266.0000
5156,232266.0000
5157,232266.0000
5158,232266.0000
5159,232266.0000
5160,232266.0000
5161,232266.0000
5162,232266.0000
5163,232266.0000
5164,232266.0000
5165,232266.0000
5166,232266.0000
5167,232266.0000
5168,232266.0000
5169,232266.0000
5170,232266.0000
5171,232266.0000
5172,232266.0000
5173,232266.0000
5174,232266.0000
5175,232266.0000
5176,232266.0000
5177,232266.0000
5178,232266.0000
5179,232266.0000
5180,232266.0000
5181,232266.0000
5182,232266.0000
5183,232266.0000
5184,232266.0000
5185,232266.0000
5186,232266.0000
5187,232266.0000
5188,232266.0000
5189,232266.0000
5190,232266.0000
5191,232266.0000
5192,232266.0000
5193,232266.0000
5194,232266.0000
5195,232266.0000
5196,232266.0000
5197,232266.0000
5198,232266.0000
5199,232266.0000
5200,232266.0000
5201,232266.0000
5202,232266.0000
5203,232266.0000
5204,232266.0000
5205,232266.0000
5206,232266.0000
5207,232266.0000
5208,232266.0000
5209,232266.0000
5210,232266.0000
5211,232266.0000
5212,232266.0000
5213,232266.0000
5214,232266.0000
5215,232266.0000
5216,232266.0000
5217,232266.0000
5218,232266.0000
5219,232266.0000
5220,232266.0000
5221,232266.0000
5222,232266.0000
5223,232266.0000
5224,232266.0000
5225,232266.0000
5226,232266.0000
5227,232266.0000
5228,232266.0000
5229,232266.0000
5230,232266.0000
5231,232266.0000
5232,232266.0000
5233,232266.0000
5234,232266.0000
5235,232266.0000
5236,232266.0000
5237,232266.0000
5238,232266.0000
5239,232266.0000
5240,232266.0000
5241,232266.0000
5242,232266.0000
5243,232266.0000
5244,232266.0000
5245,232266.0000
5246,232266.0000
5247,232266.0000
5248,232266.0000
5249,232266.0000
5250,232266.0000
5251,232266.0000
5252,232266.0000
5253,232266.0000
5254,232266.0000
5255,232266.0000
5256,232266.0000
5257,232266.0000
5258,232266.0000
5259,232266.0000
5260,232266.0000
5261,232266.0000
5262,232266.0000
5263,232266.0000
5264,232266.0000
5265,232266.0000
5266,232266.0000
5267,232266.0000
5268,232266.0000
5269,232266.0000
5270,232266.0000
5271,232266.0000
5272,232266.0000
5273,232266.0000
5274,232266.0000
5275,232266.0000
5276,232266.0000
5277,232266.0000
5278,232266.0000
5279,232266.0000
5280,232266.0000
5281,232266.0000
5282,232266.0000
5283,232266.0000
5284,232266.0000
5285,232266.0000
5286,232266.0000
5287,232266.0000
5288,232266.0000
5289,232266.0000
5290,232266.0000
5291,232266.0000
5292,232266.0000
5293,232266.0000
5294,232266.0000
5295,232266.0000
5296,232266.0000
5297,232266.0000
5298,232266.0000
5299,232266.0000
5300,232266.0000
5301,232266.0000
5302,232266.0000
5303,232266.0000
5304,232266.0000
5305,232266.0000
5306,232266.0000
5307,232266.0000
5308,232266.0000
5309,232266.0000
5310,232266.0000
5311,232266.0000
5312,232266.0000
5313,232266.0000
5314,232266.0000
5315,232266.0000
5316,232266.0000
5317,232266.0000
5318,232266.0000
5319,232266.0000
5320,232266.0000
5321,232266.0000
5322,232266.0000
5323,232266.0000
5324,232266.0000
5325,232266.0000
5326,232266.0000
5327,232266.0000
5328,232266.0000
5329,232266.0000
5330,232266.0000
5331,232266.0000
5332,232266.0000
5333,232266.0000
5334,232266.0000
5335,232266.0000
5336,232266.0000
5337,232266.0000
5338,232266.0000
5339,232266.0000
5340,232266.0000
5341,232266.0000
5342,232266.0000
5343,232266.0000
5344,232266.0000
5345,232266.0000
5346,232266.0000
5347,232266.0000
5348,232266.0000
5349,232266.0000
5350,232266.0000
5351,232266.0000
5352,232266.0000
5353,232266.0000
5354,232266.0000
5355,232266.0000
5356,232266.0000
5357,232266.0000
5358,232266.0000
5359,232266.0000
5360,232266.0000
5361,232266.0000
5362,232266.0000
5363,232266.0000
5364,232266.0000
5365,232266.0000
5366,232266.0000
5367,232266.0000
5368,232266.0000
5369,232266.0000
5370,232266.0000
5371,232266.0000
5372,232266.0000
5373,232266.0000
5374,232266.0000
5375,232266.0000
5376,232266.0000
5377,232266.0000
5378,232266.0000
5379,232266.0000
5380,232266.0000
5381,232266.0000
5382,232266.0000
5383,232266.0000
5384,232266.0000
5385,232266.0000
5386,232266.0000
5387,232266.0000
5388,232266.0000
5389,232266.0000
5390,232266.0000
5391,232266.0000
5392,232266.0000
5393,232266.0000
5394,232266.0000
5395,232266.0000
5396,232266.0000
5397,232266.0000
5398,232266.0000
5399,232266.0000
5400,232266.0000
5401,232266.0000
5402,232266.0000
5403,232266.0000
5404,232266.0000
5405,232266.0000
5406,232266.0000
5407,232266.0000
5408,232266.0000
5409,232266.0000
5410,232266.0000
5411,232266.0000
5412,232266.0000
5413,232266.0000
5414,232266.0000
5415,232266.0000
5416,232266.0000
5417,232266.0000
5418,232266.0000
5419,232266.0000
5420,232266.0000
5421,232266.0000
5422,232266.0000
5423,232266.0000
5424,232266.0000
5425,232266.0000
5426,232266.0000
5427,232266.0000
5428,232266.0000
5429,232266.0000
5430,232266.0000
5431,232266.0000
5432,232266.0000
5433,232266.0000
5434,232266.0000
5435,232266.0000
5436,232266.0000
5437,232266.0000
5438,232266.0000
5439,232266.0000
5440,232266.0000
5441,232266.0000
5442,232266.0000
5443,232266.0000
5444,232266.0000
5445,232266.0000
5446,232266.0000
5447,232266.0000
5448,232266.0000
5449,232266.0000
5450,232266.0000
5451,232266.0000
5452,232266.0000
5453,232266.0000
5454,232266.0000
5455,232266.0000
5456,232266.0000
5457,232266.0000
5458,232266.0000
5459,232266.0000
5460,232266.0000
5461,232266.0000
5462,232266.0000
5463,232266.0000
5464,232266.0000
5465,232266.0000
5466,232266.0000
5467,232266.0000
5468,232266.0000
5469,232266.0000
5470,232266.0000
5471,232266.0000
5472,232266.0000
5473,232266.0000
5474,232266.0000
5475,232266.0000
5476,232266.0000
5477,232266.0000
5478,232266.0000
5479,232266.0000
5480,232266.0000
5481,232266.0000
5482,232266.0000
5483,232266.0000
5484,232266.0000
5485,232266.0000
5486,232266.0000
5487,232266.0000
5488,232266.0000
5489,232266.0000
5490,232266.0000
5491,232266.0000
5492,232266.0000
5493,232266.0000
5494,232266.0000
5495,232266.0000
5496,232266.0000
5497,232266.0000
5498,232266.0000
5499,232266.0000
5500,232266.0000
5501,232266.0000
5502,232266.0000
5503,232266.0000
5504,232266.0000
5505,232266.0000
5506,232266.0000
5507,232266.0000
5508,232266.0000
5509,232266.0000
5510,232266.0000
5511,232266.0000
5512,232266.0000
5513,232266.0000
5514,232266.0000
5515,232266.0000
5516,232266.0000
5517,232266.0000
5518,232266.0000
5519,232266.0000
5520,232266.0000
5521,232266.0000
5522,232266.0000
5523,232266.0000
5524,232266.0000
5525,232266.0000
5526,232266.0000
5527,232266.0000
5528,232266.0000
5529,232266.0000
5530,232266.0000
5531,232266.0000
5532,232266.0000
5533,232266.0000
5534,232266.0000
5535,232266.0000
5536,232266.0000
5537,232266.0000
5538,232266.0000
5539,232266.0000
5540,232266.0000
5541,232266.0000
5542,232266.0000
5543,232266.0000
5544,232266.0000
5545,232266.0000
5546,232266.0000
5547,232266.0000
5548,232266.0000
5549,232266.0000
5550,232266.0000
5551,232266.0000
5552,232266.0000
5553,232266.0000
5554,232266.0000
5555,232266.0000
5556,232266.0000
5557,232266.0000
5558,232266.0000
5559,232266.0000
5560,232266.0000
5561,232266.0000
5562,232266.0000
5563,232266.0000
5564,232266.0000
5565,232266.0000
5566,232266.0000
5567,232266.0000
5568,232266.0000
5569,232266.0000
5570,232266.0000
5571,232266.0000
5572,232266.0000
5573,232266.0000
5574,232266.0000
5575,232266.0000
5576,232266.0000
5577,232266.0000
5578,232266.0000
5579,232266.0000
5580,232266.0000
5581,232266.0000
5582,232266.0000
5583,232266.0000
5584,232266.0000
5585,232266.0000
5586,232266.0000
5587,232266.0000
5588,232266.0000
5589,232266.0000
5590,232266.0000
5591,232266.0000
5592,232266.0000
5593,232266.0000
5594,232266.0000
5595,232266.0000
5596,232266.0000
5597,232266.0000
5598,232266.0000
5599,232266.0000
5600,232266.0000
5601,232266.0000
5602,232266.0000
5603,232266.0000
5604,232266.0000
5605,232266.0000
5606,232266.0000
5607,232266.0000
5608,232266.0000
5609,232266.0000
5610,232266.0000
5611,232266.0000
5612,232266.0000
5613,232266.0000
5614,232266.0000
5615,232266.0000
5616,232266.0000
5617,232266.0000
5618,232266.0000
5619,232266.0000
5620,232266.0000
5621,232266.0000
5622,232266.0000
5623,232266.0000
5624,232266.0000
5625,232266.0000
5626,232266.0000
5627,232266.0000
5628,232266.0000
5629,232266.0000
5630,232266.0000
5631,232266.0000
5632,232266.0000
5633,232266.0000
5634,232266.0000
5635,232266.0000
5636,232266.0000
5637,232266.0000
5638,232266.0000
5639,232266.0000
5640,232266.0000
5641,232266.0000
5642,232266.0000
5643,232266.0000
5644,232266.0000
5645,232266.0000
5646,232266.0000
5647,232266.0000
5648,232266.0000
5649,232266.0000
5650,232266.0000
5651,232266.0000
5652,232266.0000
5653,232266.0000
5654,232266.0000
5655,232266.0000
5656,232266.0000
5657,232266.0000
5658,232266.0000
5659,232266.0000
5660,232266.0000
5661,232266.0000
5662,232266.0000
5663,232266.0000
5664,232266.0000
5665,232266.0000
5666,232266.0000
5667,232266.0000
5668,232266.0000
5669,232266.0000
5670,232266.0000
5671,232266.0000
5672,232266.0000
5673,232266.0000
5674,232266.0000
5675,232266.0000
5676,232266.0000
5677,232266.0000
5678,232266.0000
5679,232266.0000
5680,232266.0000
5681,232266.0000
5682,232266.0000
5683,232266.0000
5684,232266.0000
5685,232266.0000
5686,232266.0000
5687,232266.0000
5688,232266.0000
5689,232266.0000
5690,232266.0000
5691,232266.0000
5692,232266.0000
5693,232266.0000
5694,232266.0000
5695,232266.0000
5696,232266.0000
5697,232266.0000
5698,232266.0000
5699,232266.0000
5700,232266.0000
5701,232266.0000
5702,232266.0000
5703,232266.0000
5704,232266.0000
5705,232266.0000
5706,232266.0000
5707,232266.0000
5708,232266.0000
5709,232266.0000
5710,232266.0000
5711,232266.0000
5712,232266.0000
5713,232266.0000
5714,232266.0000
5715,232266.0000
5716,232266.0000
5717,232266.0000
5718,232266.0000
5719,232266.0000
5720,232266.0000
5721,232266.0000
5722,232266.0000
5723,232266.0000
5724,232266.0000
5725,232266.0000
5726,232266.0000
5727,232266.0000
5728,232266.0000
5729,232266.0000
5730,232266.0000
5731,232266.0000
5732,232266.0000
5733,232266.0000
5734,232266.0000
5735,232266.0000
5736,232266.0000
5737,232266.0000
5738,232266.0000
5739,232266.0000
5740,232266.0000
5741,232266.0000
5742,232266.0000
5743,232266.0000
5744,232266.0000
5745,232266.0000
5746,232266.0000
5747,232266.0000
5748,232266.0000
5749,232266.0000
5750,232266.0000
5751,232266.0000
5752,232266.0000
5753,232266.0000
5754,232266.0000
5755,232266.0000
5756,232266.0000
5757,232266.0000
5758,232266.0000
5759,232266.0000
5760,232266.0000
5761,232266.0000
5762,232266.0000
5763,232266.0000
5764,232266.0000
5765,232266.0000
5766,232266.0000
5767,232266.0000
5768,232266.0000
5769,232266.0000
5770,232266.0000
5771,232266.0000
5772,232266.0000
5773,232266.0000
5774,232266.0000
5775,232266.0000
5776,232266.0000
5777,232266.0000
5778,232266.0000
5779,232266.0000
5780,232266.0000
5781,232266.0000
5782,232266.0000
5783,232266.0000
5784,232266.0000
5785,232266.0000
5786,232266.0000
5787,232266.0000
5788,232266.0000
5789,232266.0000
5790,232266.0000
5791,232266.0000
5792,232266.0000
5793,232266.0000
5794,232266.0000
5795,232266.0000
5796,232266.0000
5797,232266.0000
5798,232266.0000
5799,232266.0000
5800,232266.0000
5801,232266.0000
5802,232266.0000
5803,232266.0000
5804,232266.0000
5805,232266.0000
5806,232266.0000
5807,232266.0000
5808,232266.0000
5809,232266.0000
5810,232266.0000
5811,232266.0000
5812,232266.0000
5813,232266.0000
5814,232266.0000
5815,232266.0000
5816,232266.0000
5817,232266.0000
5818,232266.0000
5819,232266.0000
5820,232266.0000
5821,232266.0000
5822,232266.0000
5823,232266.0000
5824,232266.0000
5825,232266.0000
5826,232266.0000
5827,232266.0000
5828,232266.0000
5829,232266.0000
5830,232266.0000
5831,232266.0000
5832,232266.0000
5833,232266.0000
5834,232266.0000
5835,232266.0000
5836,232266.0000
5837,232266.0000
5838,232266.0000
5839,232266.0000
5840,232266.0000
5841,232266.0000
5842,232266.0000
5843,232266.0000
5844,232266.0000
5845,232266.0000
5846,232266.0000
5847,232266.0000
5848,232266.0000
5849,232266.0000
5850,232266.0000
5851,232266.0000
5852,232266.0000
5853,232266.0000
5854,232266.0000
5855,232266.0000
5856,232266.0000
5857,232266.0000
5858,232266.0000
5859,232266.0000
5860,232266.0000
5861,232266.0000
5862,232266.0000
5863,232266.0000
5864,232266.0000
5865,232266.0000
5866,232266.0000
5867,232266.0000
5868,232266.0000
5869,232266.0000
5870,232266.0000
5871,232266.0000
5872,232266.0000
5873,232266.0000
5874,232266.0000
5875,232266.0000
5876,232266.0000
5877,232266.0000
5878,232266.0000
5879,232266.0000
5880,232266.0000
5881,232266.0000
5882,232266.0000
5883,232266.0000
5884,232266.0000
5885,232266.0000
5886,232266.0000
5887,232266.0000
5888,232266.0000
5889,232266.0000
5890,232266.0000
5891,232266.0000
5892,232266.0000
5893,232266.0000
5894,232266.0000
5895,232266.0000
5896,232266.0000
5897,232266.0000
5898,232266.0000
5899,232266.0000
5900,232266.0000
5901,232266.0000
5902,232266.0000
5903,232266.0000
5904,232266.0000
5905,232266.0000
5906,232266.0000
5907,232266.0000
5908,232266.0000
5909,232266.0000
5910,232266.0000
5911,232266.0000
5912,232266.0000
5913,232266.0000
5914,232266.0000
5915,232266.0000
5916,232266.0000
5917,232266.0000
5918,232266.0000
5919,232266.0000
5920,232266.0000
5921,232266.0000
5922,232266.0000
5923,232266.0000
5924,232266.0000
5925,232266.0000
5926,232266.0000
5927,232266.0000
5928,232266.0000
5929,232266.0000
5930,232266.0000
5931,232266.0000
5932,232266.0000
5933,232266.0000
5934,232266.0000
5935,232266.0000
5936,232266.0000
5937,232266.0000
5938,232266.0000
5939,232266.0000
5940,232266.0000
5941,232266.0000
5942,232266.0000
5943,232266.0000
5944,232266.0000
5945,232266.0000
5946,232266.0000
5947,232266.0000
5948,232266.0000
5949,232266.0000
5950,232266.0000
5951,232266.0000
5952,232266.0000
5953,232266.0000
5954,232266.0000
5955,232266.0000
5956,232266.0000
5957,232266.0000
5958,232266.0000
5959,232266.0000
5960,232266.0000
5961,232266.0000
5962,232266.0000
5963,232266.0000
5964,232266.0000
5965,232266.0000
5966,232266.0000
5967,232266.0000
5968,232266.0000
5969,232266.0000
5970,232266.0000
5971,232266.0000
5972,232266.0000
5973,232266.0000
5974,232266.0000
5975,232266.0000
5976,232266.0000
5977,232266.0000
5978,232266.0000
5979,232266.0000
5980,232266.0000
5981,232266.0000
5982,232266.0000
5983,232266.0000
5984,232266.0000
5985,232266.0000
5986,232266.0000
5987,232266.0000
5988,232266.0000
5989,232266.0000
5990,232266.0000
5991,232266.0000
5992,232266.0000
5993,232266.0000
5994,232266.0000
5995,232266.0000
5996,232266.0000
5997,232266.0000
5998,232266.0000
5999,232266.0000
6000,232266.0000
6001,232266.0000
6002,232266.0000
6003,232266.0000
6004,232266.0000
6005,232266.0000
6006,232266.0000
6007,232266.0000
6008,232266.0000
6009,232266.0000
6010,232266.0000
6011,232266.0000
6012,232266.0000
6013,232266.0000
6014,232266.0000
6015,232266.0000
6016,232266.0000
6017,232266.0000
6018,232266.0000
6019,232266.0000
6020,232266.0000
6021,232266.0000
6022,232266.0000
6023,232266.0000
6024,232266.0000
6025,232266.0000
6026,232266.0000
6027,232266.0000
6028,232266.0000
6029,232266.0000
6030,232266.0000
6031,232266.0000
6032,232266.0000
6033,232266.0000
6034,232266.0000
6035,232266.0000
6036,232266.0000
6037,232266.0000
6038,232266.0000
6039,232266.0000
6040,232266.0000
6041,232266.0000
6042,232266.0000
6043,232266.0000
6044,232266.0000
6045,232266.0000
6046,232266.0000
6047,232266.0000
6048,232266.0000
6049,232266.0000
6050,232266.0000
6051,232266.0000
6052,232266.0000
6053,232266.0000
6054,232266.0000
6055,232266.0000
6056,232266.0000
6057,232266.0000
6058,232266.0000
6059,232266.0000
6060,232266.0000
6061,232266.0000
6062,232266.0000
6063,232266.0000
6064,232266.0000
6065,232266.0000
6066,232266.0000
6067,232266.0000
6068,232266.0000
6069,232266.0000
6070,232266.0000
6071,232266.0000
6072,232266.0000
6073,232266.0000
6074,232266.0000
6075,232266.0000
6076,232266.0000
6077,232266.0000
6078,232266.0000
6079,232266.0000
6080,232266.0000
6081,232266.0000
6082,232266.0000
6083,232266.0000
6084,232266.0000
6085,232266.0000
6086,232266.0000
6087,232266.0000
6088,232266.0000
6089,232266.0000
6090,232266.0000
6091,232266.0000
6092,232266.0000
6093,232266.0000
6094,232266.0000
6095,232266.0000
6096,232266.0000
6097,232266.0000
6098,232266.0000
6099,232266.0000
6100,232266.0000
6101,232266.0000
6102,232266.0000
6103,232266.0000
6104,232266.0000
6105,232266.0000
6106,232266.0000
6107,232266.0000
6108,232266.0000
6109,232266.0000
6110,232266.0000
6111,232266.0000
6112,232266.0000
6113,232266.0000
6114,232266.0000
6115,232266.0000
6116,232266.0000
6117,232266.0000
6118,232266.0000
6119,232266.0000
6120,232266.0000
6121,232266.0000
6122,232266.0000
6123,232266.0000
6124,232266.0000
6125,232266.0000
6126,232266.0000
6127,232266.0000
6128,232266.0000
6129,232266.0000
6130,232266.0000
6131,232266.0000
6132,232266.0000
6133,232266.0000
6134,232266.0000
6135,232266.0000
6136,232266.0000
6137,232266.0000
6138,232266.0000
6139,232266.0000
6140,232266.0000
6141,232266.0000
6142,232266.0000
6143,232266.0000
6144,232266.0000
6145,232266.0000
6146,232266.0000
6147,232266.0000
6148,232266.0000
6149,232266.0000
6150,232266.0000
6151,232266.0000
6152,232266.0000
6153,232266.0000
6154,232266.0000
6155,232266.0000
6156,232266.0000
6157,232266.0000
6158,232266.0000
6159,232266.0000
6160,232266.0000
6161,232266.0000
6162,232266.0000
6163,232266.0000
6164,232266.0000
6165,232266.0000
6166,232266.0000
6167,232266.0000
6168,232266.0000
6169,232266.0000
6170,232266.0000
6171,232266.0000
6172,232266.0000
6173,232266.0000
6174,232266.0000
6175,232266.0000
6176,232266.0000
6177,232266.0000
6178,232266.0000
6179,232266.0000
6180,232266.0000
6181,232266.0000
6182,232266.0000
6183,232266.0000
6184,232266.0000
6185,232266.0000
6186,232266.0000
6187,232266.0000
6188,232266.0000
6189,232266.0000
6190,232266.0000
6191,232266.0000
6192,232266.0000
6193,232266.0000
6194,232266.0000
6195,232266.0000
6196,232266.0000
6197,232266.0000
6198,232266.0000
6199,232266.0000
6200,232266.0000
6201,232266.0000
6202,232266.0000
6203,232266.0000
6204,232266.0000
6205,232266.0000
6206,232266.0000
6207,232266.0000
6208,232266.0000
6209,232266.0000
6210,232266.0000
6211,232266.0000
6212,232266.0000
6213,232266.0000
6214,232266.0000
6215,232266.0000
6216,232266.0000
6217,232266.0000
6218,232266.0000
6219,232266.0000
6220,232266.0000
6221,232266.0000
6222,232266.0000
6223,232266.0000
6224,232266.0000
6225,232266.0000
6226,232266.0000
6227,232266.0000
6228,232266.0000
6229,232266.0000
6230,232266.0000
6231,232266.0000
6232,232266.0000
6233,232266.0000
6234,232266.0000
6235,232266.0000
6236,232266.0000
6237,232266.0000
6238,232266.0000
6239,232266.0000
6240,232266.0000
6241,232266.0000
6242,232266.0000
6243,232266.0000
6244,232266.0000
6245,232266.0000
6246,232266.0000
6247,232266.0000
6248,232266.0000
6249,232266.0000
6250,232266.0000
6251,232266.0000
6252,232266.0000
6253,232266.0000
6254,232266.0000
6255,232266.0000
6256,232266.0000
6257,232266.0000
6258,232266.0000
6259,232266.0000
6260,232266.0000
6261,232266.0000
6262,232266.0000
6263,232266.0000
6264,232266.0000
6265,232266.0000
6266,232266.0000
6267,232266.0000
6268,232266.0000
6269,232266.0000
6270,232266.0000
6271,232266.0000
6272,232266.0000
6273,232266.0000
6274,232266.0000
6275,232266.0000
6276,232266.0000
6277,232266.0000
6278,232266.0000
6279,232266.0000
6280,232266.0000
6281,232266.0000
6282,232266.0000
6283,232266.0000
6284,232266.0000
6285,232266.0000
6286,232266.0000
6287,232266.0000
6288,232266.0000
6289,232266.0000
6290,232266.0000
6291,232266.0000
6292,232266.0000
6293,232266.0000
6294,232266.0000
6295,232266.0000
6296,232266.0000
6297,232266.0000
6298,232266.0000
6299,232266.0000
6300,232266.0000
6301,232266.0000
6302,232266.0000
6303,232266.0000
6304,232266.0000
6305,232266.0000
6306,232266.0000
6307,232266.0000
6308,232266.0000
6309,232266.0000
6310,232266.0000
6311,232266.0000
6312,232266.0000
6313,232266.0000
6314,232266.0000
6315,232266.0000
6316,232266.0000
6317,232266.0000
6318,232266.0000
6319,232266.0000
6320,232266.0000
6321,232266.0000
6322,232266.0000
6323,232266.0000
6324,232266.0000
6325,232266.0000
6326,232266.0000
6327,232266.0000
6328,232266.0000
6329,232266.0000
6330,232266.0000
6331,232266.0000
6332,232266.0000
6333,232266.0000
6334,232266.0000
6335,232266.0000
6336,232266.0000
6337,232266.0000
6338,232266.0000
6339,232266.0000
6340,232266.0000
6341,232266.0000
6342,232266.0000
6343,232266.0000
6344,232266.0000
6345,232266.0000
6346,232266.0000
6347,232266.0000
6348,232266.0000
6349,232266.0000
6350,232266.0000
6351,232266.0000
6352,232266.0000
6353,232266.0000
6354,232266.0000
6355,232266.0000
6356,232266.0000
6357,232266.0000
6358,232266.0000
6359,232266.0000
6360,232266.0000
6361,232266.0000
6362,232266.0000
6363,232266.0000
6364,232266.0000
6365,232266.0000
6366,232266.0000
6367,232266.0000
6368,232266.0000
6369,232266.0000
6370,232266.0000
6371,232266.0000
6372,232266.0000
6373,232266.0000
6374,232266.0000
6375,232266.0000
6376,232266.0000
6377,232266.0000
6378,232266.0000
6379,232266.0000
6380,232266.0000
6381,232266.0000
6382,232266.0000
6383,232266.0000
6384,232266.0000
6385,232266.0000
6386,232266.0000
6387,232266.0000
6388,232266.0000
6389,232266.0000
6390,232266.0000
6391,232266.0000
6392,232266.0000
6393,232266.0000
6394,232266.0000
6395,232266.0000
6396,232266.0000
6397,232266.0000
6398,232266.0000
6399,232266.0000
6400,232266.0000
6401,232266.0000
6402,232266.0000
6403,232266.0000
6404,232266.0000
6405,232266.0000
6406,232266.0000
6407,232266.0000
6408,232266.0000
6409,232266.0000
6410,232266.0000
6411,232266.0000
6412,232266.0000
6413,232266.0000
6414,232266.0000
6415,232266.0000
6416,232266.0000
6417,232266.0000
6418,232266.0000
6419,232266.0000
6420,232266.0000
6421,232266.0000
6422,232266.0000
6423,232266.0000
6424,232266.0000
6425,232266.0000
6426,232266.0000
6427,232266.0000
6428,232266.0000
6429,232266.0000
6430,232266.0000
6431,232266.0000
6432,232266.0000
6433,232266.0000
6434,232266.0000
6435,232266.0000
6436,232266.0000
6437,232266.0000
6438,232266.0000
6439,232266.0000
6440,232266.0000
6441,232266.0000
6442,232266.0000
6443,232266.0000
6444,232266.0000
6445,232266.0000
6446,232266.0000
6447,232266.0000
6448,232266.0000
6449,232266.0000
6450,232266.0000
6451,232266.0000
6452,232266.0000
6453,232266.0000
6454,232266.0000
6455,232266.0000
6456,232266.0000
6457,232266.0000
6458,232266.0000
6459,232266.0000
6460,232266.0000
6461,232266.0000
6462,232266.0000
6463,232266.0000
6464,232266.0000
6465,232266.0000
6466,232266.0000
6467,232266.0000
6468,232266.0000
6469,232266.0000
6470,232266.0000
6471,232266.0000
6472,232266.0000
6473,232266.0000
6474,232266.0000
6475,232266.0000
6476,232266.0000
6477,232266.0000
6478,232266.0000
6479,232266.0000
6480,232266.0000
6481,232266.0000
6482,232266.0000
6483,232266.0000
6484,232266.0000
6485,232266.0000
6486,232266.0000
6487,232266.0000
6488,232266.0000
6489,232266.0000
6490,232266.0000
6491,232266.0000
6492,232266.0000
6493,232266.0000
6494,232266.0000
6495,232266.0000
6496,232266.0000
6497,232266.0000
6498,232266.0000
6499,232266.0000
6500,232266.0000
6501,232266.0000
6502,232266.0000
6503,232266.0000
6504,232266.0000
6505,232266.0000
6506,232266.0000
6507,232266.0000
6508,232266.0000
6509,232266.0000
6510,232266.0000
6511,232266.0000
6512,232266.0000
6513,232266.0000
6514,232266.0000
6515,232266.0000
6516,232266.0000
6517,232266.0000
6518,232266.0000
6519,232266.0000
6520,232266.0000
6521,232266.0000
6522,232266.0000
6523,232266.0000
6524,232266.0000
6525,232266.0000
6526,232266.0000
6527,232266.0000
6528,232266.0000
6529,232266.0000
6530,232266.0000
6531,232266.0000
6532,232266.0000
6533,232266.0000
6534,232266.0000
6535,232266.0000
6536,232266.0000
6537,232266.0000
6538,232266.0000
6539,232266.0000
6540,232266.0000
6541,232266.0000
6542,232266.0000
6543,232266.0000
6544,232266.0000
6545,232266.0000
6546,232266.0000
6547,232266.0000
6548,232266.0000
6549,232266.0000
6550,232266.0000
6551,232266.0000
6552,232266.0000
6553,232266.0000
6554,232266.0000
6555,232266.0000
6556,232266.0000
6557,232266.0000
6558,232266.0000
6559,232266.0000
6560,232266.0000
6561,232266.0000
6562,232266.0000
6563,232266.0000
6564,232266.0000
6565,232266.0000
6566,232266.0000
6567,232266.0000
6568,232266.0000
6569,232266.0000
6570,232266.0000
6571,232266.0000
6572,232266.0000
6573,232266.0000
6574,232266.0000
6575,232266.0000
6576,232266.0000
6577,232266.0000
6578,232266.0000
6579,232266.0000
6580,232266.0000
6581,232266.0000
6582,232266.0000
6583,232266.0000
6584,232266.0000
6585,232266.0000
6586,232266.0000
6587,232266.0000
6588,232266.0000
6589,232266.0000
6590,232266.0000
6591,232266.0000
6592,232266.0000
6593,232266.0000
6594,232266.0000
6595,232266.0000
6596,232266.0000
6597,232266.0000
6598,232266.0000
6599,232266.0000
6600,232266.0000
6601,232266.0000
6602,232266.0000
6603,232266.0000
6604,232266.0000
6605,232266.0000
6606,232266.0000
6607,232266.0000
6608,232266.0000
6609,232266.0000
6610,232266.0000
6611,232266.0000
6612,232266.0000
6613,232266.0000
6614,232266.0000
6615,232266.0000
6616,232266.0000
6617,232266.0000
6618,232266.0000
6619,232266.0000
6620,232266.0000
6621,232266.0000
6622,232266.0000
6623,232266.0000
6624,232266.0000
6625,232266.0000
6626,232266.0000
6627,232266.0000
6628,232266.0000
6629,232266.0000
6630,232266.0000
6631,232266.0000
6632,232266.0000
6633,232266.0000
6634,232266.0000
6635,232266.0000
6636,232266.0000
6637,232266.0000
6638,232266.0000
6639,232266.0000
6640,232266.0000
6641,232266.0000
6642,232266.0000
6643,232266.0000
6644,232266.0000
6645,232266.0000
6646,232266.0000
6647,232266.0000
6648,232266.0000
6649,232266.0000
6650,232266.0000
6651,232266.0000
6652,232266.0000
6653,232266.0000
6654,232266.0000
6655,232266.0000
6656,232266.0000
6657,232266.0000
6658,232266.0000
6659,232266.0000
6660,232266.0000
6661,232266.0000
6662,232266.0000
6663,232266.0000
6664,232266.0000
6665,232266.0000
6666,232266.0000
6667,232266.0000
6668,232266.0000
6669,232266.0000
6670,232266.0000
6671,232266.0000
6672,232266.0000
6673,232266.0000
6674,232266.0000
6675,232266.0000
6676,232266.0000
6677,232266.0000
6678,232266.0000
6679,232266.0000
6680,232266.0000
6681,232266.0000
6682,232266.0000
6683,232266.0000
6684,232266.0000
6685,232266.0000
6686,232266.0000
6687,232266.0000
6688,232266.0000
6689,232266.0000
6690,232266.0000
6691,232266.0000
6692,232266.0000
6693,232266.0000
6694,232266.0000
6695,232266.0000
6696,232266.0000
6697,232266.0000
6698,232266.0000
6699,232266.0000
6700,232266.0000
6701,232266.0000
6702,232266.0000
6703,232266.0000
6704,232266.0000
6705,232266.0000
6706,232266.0000
6707,232266.0000
6708,232266.0000
6709,232266.0000
6710,232266.0000
6711,232266.0000
6712,232266.0000
6713,232266.0000
6714,232266.0000
6715,232266.0000
6716,232266.0000
6717,232266.0000
6718,232266.0000
6719,232266.0000
6720,232266.0000
6721,232266.0000
6722,232266.0000
6723,232266.0000
6724,232266.0000
6725,232266.0000
6726,232266.0000
6727,232266.0000
6728,232266.0000
6729,232266.0000
6730,232266.0000
6731,232266.0000
6732,232266.0000
6733,232266.0000
6734,232266.0000
6735,232266.0000
6736,232266.0000
6737,232266.0000
6738,232266.0000
6739,232266.0000
6740,232266.0000
6741,232266.0000
6742,232266.0000
6743,232266.0000
6744,232266.0000
6745,232266.0000
6746,232266.0000
6747,232266.0000
6748,232266.0000
6749,232266.0000
6750,232266.0000
6751,232266.0000
6752,232266.0000
6753,232266.0000
6754,232266.0000
6755,232266.0000
6756,232266.0000
6757,232266.0000
6758,232266.0000
6759,232266.0000
6760,232266.0000
6761,232266.0000
6762,232266.0000
6763,232266.0000
6764,232266.0000
6765,232266.0000
6766,232266.0000
6767,232266.0000
6768,232266.0000
6769,232266.0000
6770,232266.0000
6771,232266.0000
6772,232266.0000
6773,232266.0000
6774,232266.0000
6775,232266.0000
6776,232266.0000
6777,232266.0000
6778,232266.0000
6779,232266.0000
6780,232266.0000
6781,232266.0000
6782,232266.0000
6783,232266.0000
6784,232266.0000
6785,232266.0000
6786,232266.0000
6787,232266.0000
6788,232266.0000
6789,232266.0000
6790,232266.0000
6791,232266.0000
6792,232266.0000
6793,232266.0000
6794,232266.0000
6795,232266.0000
6796,232266.0000
6797,232266.0000
6798,232266.0000
6799,232266.0000
6800,232266.0000
6801,232266.0000
6802,232266.0000
6803,232266.0000
6804,232266.0000
6805,232266.0000
6806,232266.0000
6807,232266.0000
6808,232266.0000
6809,232266.0000
6810,232266.0000
6811,232266.0000
6812,232266.0000
6813,232266.0000
6814,232266.0000
6815,232266.0000
6816,232266.0000
6817,232266.0000
6818,232266.0000
6819,232266.0000
6820,232266.0000
6821,232266.0000
6822,232266.0000
6823,232266.0000
6824,232266.0000
6825,232266.0000
6826,232266.0000
6827,232266.0000
6828,232266.0000
6829,232266.0000
6830,232266.0000
6831,232266.0000
6832,232266.0000
6833,232266.0000
6834,232266.0000
6835,232266.0000
6836,232266.0000
6837,232266.0000
6838,232266.0000
6839,232266.0000
6840,232266.0000
6841,232266.0000
6842,232266.0000
6843,232266.0000
6844,232266.0000
6845,232266.0000
6846,232266.0000
6847,232266.0000
6848,232266.0000
6849,232266.0000
6850,232266.0000
6851,232266.0000
6852,232266.0000
6853,232266.0000
6854,232266.0000
6855,232266.0000
6856,232266.0000
6857,232266.0000
6858,232266.0000
6859,232266.0000
6860,232266.0000
6861,232266.0000
6862,232266.0000
6863,232266.0000
6864,232266.0000
6865,232266.0000
6866,232266.0000
6867,232266.0000
6868,232266.0000
6869,232266.0000
6870,232266.0000
6871,232266.0000
6872,232266.0000
6873,232266.0000
6874,232266.0000
6875,232266.0000
6876,232266.0000
6877,232266.0000
6878,232266.0000
6879,232266.0000
6880,232266.0000
6881,232266.0000
6882,232266.0000
6883,232266.0000
6884,232266.0000
6885,232266.0000
6886,232266.0000
6887,232266.0000
6888,232266.0000
6889,232266.0000
6890,232266.0000
6891,232266.0000
6892,232266.0000
6893,232266.0000
6894,232266.0000
6895,232266.0000
6896,232266.0000
6897,232266.0000
6898,232266.0000
6899,232266.0000
6900,232266.0000
6901,232266.0000
6902,232266.0000
6903,232266.0000
6904,232266.0000
6905,232266.0000
6906,232266.0000
6907,232266.0000
6908,232266.0000
6909,232266.0000
6910,232266.0000
6911,232266.0000
6912,232266.0000
6913,232266.0000
6914,232266.0000
6915,232266.0000
6916,232266.0000
6917,232266.0000
6918,232266.0000
6919,232266.0000
6920,232266.0000
6921,232266.0000
6922,232266.0000
6923,232266.0000
6924,232266.0000
6925,232266.0000
6926,232266.0000
6927,232266.0000
6928,232266.0000
6929,232266.0000
6930,232266.0000
6931,232266.0000
6932,232266.0000
6933,232266.0000
6934,232266.0000
6935,232266.0000
6936,232266.0000
6937,232266.0000
6938,232266.0000
6939,232266.0000
6940,232266.0000
6941,232266.0000
6942,232266.0000
6943,232266.0000
6944,232266.0000
6945,232266.0000
6946,232266.0000
6947,232266.0000
6948,232266.0000
6949,232266.0000
6950,232266.0000
6951,232266.0000
6952,232266.0000
6953,232266.0000
6954,232266.0000
6955,232266.0000
6956,232266.0000
6957,232266.0000
6958,232266.0000
6959,232266.0000
6960,232266.0000
6961,232266.0000
6962,232266.0000
6963,232266.0000
6964,232266.0000
6965,232266.0000
6966,232266.0000
6967,232266.0000
6968,232266.0000
6969,232266.0000
6970,232266.0000
6971,232266.0000
6972,232266.0000
6973,232266.0000
6974,232266.0000
6975,232266.0000
6976,232266.0000
6977,232266.0000
6978,232266.0000
6979,232266.0000
6980,232266.0000
6981,232266.0000
6982,232266.0000
6983,232266.0000
6984,232266.0000
6985,232266.0000
6986,232266.0000
6987,232266.0000
6988,232266.0000
6989,232266.0000
6990,232266.0000
6991,232266.0000
6992,232266.0000
6993,232266.0000
6994,232266.0000
6995,232266.0000
6996,232266.0000
6997,232266.0000
6998,232266.0000
6999,232266.0000
7000,232266.0000
7001,232266.0000
7002,232266.0000
7003,232266.0000
7004,232266.0000
7005,232266.0000
7006,232266.0000
7007,232266.0000
7008,232266.0000
7009,232266.0000
7010,232266.0000
7011,232266.0000
7012,232266.0000
7013,232266.0000
7014,232266.0000
7015,232266.0000
7016,232266.0000
7017,232266.0000
7018,232266.0000
7019,232266.0000
7020,232266.0000
7021,232266.0000
7022,232266.0000
7023,232266.0000
7024,232266.0000
7025,232266.0000
7026,232266.0000
7027,232266.0000
7028,232266.0000
7029,232266.0000
7030,232266.0000
7031,232266.0000
7032,232266.0000
7033,232266.0000
7034,232266.0000
7035,232266.0000
7036,232266.0000
7037,232266.0000
7038,232266.0000
7039,232266.0000
7040,232266.0000
7041,232266.0000
7042,232266.0000
7043,232266.0000
7044,232266.0000
7045,232266.0000
7046,232266.0000
7047,232266.0000
7048,232266.0000
7049,232266.0000
7050,232266.0000
7051,232266.0000
7052,232266.0000
7053,232266.0000
7054,232266.0000
7055,232266.0000
7056,232266.0000
7057,232266.0000
7058,232266.0000
7059,232266.0000
7060,232266.0000
7061,232266.0000
7062,232266.0000
7063,232266.0000
7064,232266.0000
7065,232266.0000
7066,232266.0000
7067,232266.0000
7068,232266.0000
7069,232266.0000
7070,232266.0000
7071,232266.0000
7072,232266.0000
7073,232266.0000
7074,232266.0000
7075,232266.0000
7076,232266.0000
7077,232266.0000
7078,232266.0000
7079,232266.0000
7080,232266.0000
7081,232266.0000
7082,232266.0000
7083,232266.0000
7084,232266.0000
7085,232266.0000
7086,232266.0000
7087,232266.0000
7088,232266.0000
7089,232266.0000
7090,232266.0000
7091,232266.0000
7092,232266.0000
7093,232266.0000
7094,232266.0000
7095,232266.0000
7096,232266.0000
7097,232266.0000
7098,232266.0000
7099,232266.0000
7100,232266.0000
7101,232266.0000
7102,232266.0000
7103,232266.0000
7104,232266.0000
7105,232266.0000
7106,232266.0000
7107,232266.0000
7108,232266.0000
7109,232266.0000
7110,232266.0000
7111,232266.0000
7112,232266.0000
7113,232266.0000
7114,232266.0000
7115,232266.0000
7116,232266.0000
7117,232266.0000
7118,232266.0000
7119,232266.0000
7120,232266.0000
7121,232266.0000
7122,232266.0000
7123,232266.0000
7124,232266.0000
7125,232266.0000
7126,232266.0000
7127,232266.0000
7128,232266.0000
7129,232266.0000
7130,232266.0000
7131,232266.0000
7132,232266.0000
7133,232266.0000
7134,232266.0000
7135,232266.0000
7136,232266.0000
7137,232266.0000
7138,232266.0000
7139,232266.0000
7140,232266.0000
7141,232266.0000
7142,232266.0000
7143,232266.0000
7144,232266.0000
7145,232266.0000
7146,232266.0000
7147,232266.0000
7148,232266.0000
7149,232266.0000
7150,232266.0000
7151,232266.0000
7152,232266.0000
7153,232266.0000
7154,232266.0000
7155,232266.0000
7156,232266.0000
7157,232266.0000
7158,232266.0000
7159,232266.0000
7160,232266.0000
7161,232266.0000
7162,232266.0000
7163,232266.0000
7164,232266.0000
7165,232266.0000
7166,232266.0000
7167,232266.0000
7168,232266.0000
7169,232266.0000
7170,232266.0000
7171,232266.0000
7172,232266.0000
7173,232266.0000
7174,232266.0000
7175,232266.0000
7176,232266.0000
7177,232266.0000
7178,232266.0000
7179,232266.0000
7180,232266.0000
7181,232266.0000
7182,232266.0000
7183,232266.0000
7184,232266.0000
7185,232266.0000
7186,232266.0000
7187,232266.0000
7188,232266.0000
7189,232266.0000
7190,232266.0000
7191,232266.0000
7192,232266.0000
7193,232266.0000
7194,232266.0000
7195,232266.0000
7196,232266.0000
7197,232266.0000
7198,232266.0000
7199,232266.0000
7200,232266.0000
7201,232266.0000
7202,232266.0000
7203,232266.0000
7204,232266.0000
7205,232266.0000
7206,232266.0000
7207,232266.0000
7208,232266.0000
7209,232266.0000
7210,232266.0000
7211,232266.0000
7212,232266.0000
7213,232266.0000
7214,232266.0000
7215,232266.0000
7216,232266.0000
7217,232266.0000
7218,232266.0000
7219,232266.0000
7220,232266.0000
7221,232266.0000
7222,232266.0000
7223,232266.0000
7224,232266.0000
7225,232266.0000
7226,232266.0000
7227,232266.0000
7228,232266.0000
7229,232266.0000
7230,232266.0000
7231,232266.0000
7232,232266.0000
7233,232266.0000
7234,232266.0000
7235,232266.0000
7236,232266.0000
7237,232266.0000
7238,232266.0000
7239,232266.0000
7240,232266.0000
7241,232266.0000
7242,232266.0000
7243,232266.0000
7244,232266.0000
7245,232266.0000
7246,232266.0000
7247,232266.0000
7248,232266.0000
7249,232266.0000
7250,232266.0000
7251,232266.0000
7252,232266.0000
7253,232266.0000
7254,232266.0000
7255,232266.0000
7256,232266.0000
7257,232266.0000
7258,232266.0000
7259,232266.0000
7260,232266.0000
7261,232266.0000
7262,232266.0000
7263,232266.0000
7264,232266.0000
7265,232266.0000
7266,232266.0000
7267,232266.0000
7268,232266.0000
7269,232266.0000
7270,232266.0000
7271,232266.0000
7272,232266.0000
7273,232266.0000
7274,232266.0000
7275,232266.0000
7276,232266.0000
7277,232266.0000
7278,232266.0000
7279,232266.0000
7280,232266.0000
7281,232266.0000
7282,232266.0000
7283,232266.0000
7284,232266.0000
7285,232266.0000
7286,232266.0000
7287,232266.0000
7288,232266.0000
7289,232266.0000
7290,232266.0000
7291,232266.0000
7292,232266.0000
7293,232266.0000
7294,232266.0000
7295,232266.0000
7296,232266.0000
7297,232266.0000
7298,232266.0000
7299,232266.0000
7300,232266.0000
7301,232266.0000
7302,232266.0000
7303,232266.0000
7304,232266.0000
7305,232266.0000
7306,232266.0000
7307,232266.0000
7308,232266.0000
7309,232266.0000
7310,232266.0000
7311,232266.0000
7312,232266.0000
7313,232266.0000
7314,232266.0000
7315,232266.0000
7316,232266.0000
7317,232266.0000
7318,232266.0000
7319,232266.0000
7320,232266.0000
7321,232266.0000
7322,232266.0000
7323,232266.0000
7324,232266.0000
7325,232266.0000
7326,232266.0000
7327,232266.0000
7328,232266.0000
7329,232266.0000
7330,232266.0000
7331,232266.0000
7332,232266.0000
7333,232266.0000
7334,232266.0000
7335,232266.0000
7336,232266.0000
7337,232266.0000
7338,232266.0000
7339,232266.0000
7340,232266.0000
7341,232266.0000
7342,232266.0000
7343,232266.0000
7344,232266.0000
7345,232266.0000
7346,232266.0000
7347,232266.0000
7348,232266.0000
7349,232266.0000
7350,232266.0000
7351,232266.0000
7352,232266.0000
7353,232266.0000
7354,232266.0000
7355,232266.0000
7356,232266.0000
7357,232266.0000
7358,232266.0000
7359,232266.0000
7360,232266.0000
7361,232266.0000
7362,232266.0000
7363,232266.0000
7364,232266.0000
7365,232266.0000
7366,232266.0000
7367,232266.0000
7368,232266.0000
7369,232266.0000
7370,232266.0000
7371,232266.0000
7372,232266.0000
7373,232266.0000
7374,232266.0000
7375,232266.0000
7376,232266.0000
7377,232266.0000
7378,232266.0000
7379,232266.0000
7380,232266.0000
7381,232266.0000
7382,232266.0000
7383,232266.0000
7384,232266.0000
7385,232266.0000
7386,232266.0000
7387,232266.0000
7388,232266.0000
7389,232266.0000
7390,232266.0000
7391,232266.0000
7392,232266.0000
7393,232266.0000
7394,232266.0000
7395,232266.0000
7396,232266.0000
7397,232266.0000
7398,232266.0000
7399,232266.0000
7400,232266.0000
7401,232266.0000
7402,232266.0000
7403,232266.0000
7404,232266.0000
7405,232266.0000
7406,232266.0000
7407,232266.0000
7408,232266.0000
7409,232266.0000
7410,232266.0000
7411,232266.0000
7412,232266.0000
7413,232266.0000
7414,232266.0000
7415,232266.0000
7416,232266.0000
7417,232266.0000
7418,232266.0000
7419,232266.0000
7420,232266.0000
7421,232266.0000
7422,232266.0000
7423,232266.0000
7424,232266.0000
7425,232266.0000
7426,232266.0000
7427,232266.0000
7428,232266.0000
7429,232266.0000
7430,232266.0000
7431,232266.0000
7432,232266.0000
7433,232266.0000
7434,232266.0000
7435,232266.0000
7436,232266.0000
7437,232266.0000
7438,232266.0000
7439,232266.0000
7440,232266.0000
7441,232266.0000
7442,232266.0000
7443,232266.0000
7444,232266.0000
7445,232266.0000
7446,232266.0000
7447,232266.0000
7448,232266.0000
7449,232266.0000
7450,232266.0000
7451,232266.0000
7452,232266.0000
7453,232266.0000
7454,232266.0000
7455,232266.0000
7456,232266.0000
7457,232266.0000
7458,232266.0000
7459,232266.0000
7460,232266.0000
7461,232266.0000
7462,232266.0000
7463,232266.0000
7464,232266.0000
7465,232266.0000
7466,232266.0000
7467,232266.0000
7468,232266.0000
7469,232266.0000
7470,232266.0000
7471,232266.0000
7472,232266.0000
7473,232266.0000
7474,232266.0000
7475,232266.0000
7476,232266.0000
7477,232266.0000
7478,232266.0000
7479,232266.0000
7480,232266.0000
7481,232266.0000
7482,232266.0000
7483,232266.0000
7484,232266.0000
7485,232266.0000
7486,232266.0000
7487,232266.0000
7488,232266.0000
7489,232266.0000
7490,232266.0000
7491,232266.0000
7492,232266.0000
7493,232266.0000
7494,232266.0000
7495,232266.0000
7496,232266.0000
7497,232266.0000
7498,232266.0000
7499,232266.0000
7500,232266.0000
7501,232266.0000
7502,232266.0000
7503,232266.0000
7504,232266.0000
7505,232266.0000
7506,232266.0000
7507,232266.0000
7508,232266.0000
7509,232266.0000
7510,232266.0000
7511,232266.0000
7512,232266.0000
7513,232266.0000
7514,232266.0000
7515,232266.0000
7516,232266.0000
7517,232266.0000
7518,232266.0000
7519,232266.0000
7520,232266.0000
7521,232266.0000
7522,232266.0000
7523,232266.0000
7524,232266.0000
7525,232266.0000
7526,232266.0000
7527,232266.0000
7528,232266.0000
7529,232266.0000
7530,232266.0000
7531,232266.0000
7532,232266.0000
7533,232266.0000
7534,232266.0000
7535,232266.0000
7536,232266.0000
7537,232266.0000
7538,232266.0000
7539,232266.0000
7540,232266.0000
7541,232266.0000
7542,232266.0000
7543,232266.0000
7544,232266.0000
7545,232266.0000
7546,232266.0000
7547,232266.0000
7548,232266.0000
7549,232266.0000
7550,232266.0000
7551,232266.0000
7552,232266.0000
7553,232266.0000
7554,232266.0000
7555,232266.0000
7556,232266.0000
7557,232266.0000
7558,232266.0000
7559,232266.0000
7560,232266.0000
7561,232266.0000
7562,232266.0000
7563,232266.0000
7564,232266.0000
7565,232266.0000
7566,232266.0000
7567,232266.0000
7568,232266.0000
7569,232266.0000
7570,232266.0000
7571,232266.0000
7572,232266.0000
7573,232266.0000
7574,232266.0000
7575,232266.0000
7576,232266.0000
7577,232266.0000
7578,232266.0000
7579,232266.0000
7580,232266.0000
7581,232266.0000
7582,232266.0000
7583,232266.0000
7584,232266.0000
7585,232266.0000
7586,232266.0000
7587,232266.0000
7588,232266.0000
7589,232266.0000
7590,232266.0000
7591,232266.0000
7592,232266.0000
7593,232266.0000
7594,232266.0000
7595,232266.0000
7596,232266.0000
7597,232266.0000
7598,232266.0000
7599,232266.0000
7600,232266.0000
7601,232266.0000
7602,232266.0000
7603,232266.0000
7604,232266.0000
7605,232266.0000
7606,232266.0000
7607,232266.0000
7608,232266.0000
7609,232266.0000
7610,232266.0000
7611,232266.0000
7612,232266.0000
7613,232266.0000
7614,232266.0000
7615,232266.0000
7616,232266.0000
7617,232266.0000
7618,232266.0000
7619,232266.0000
7620,232266.0000
7621,232266.0000
7622,232266.0000
7623,232266.0000
7624,232266.0000
7625,232266.0000
7626,232266.0000
7627,232266.0000
7628,232266.0000
7629,232266.0000
7630,232266.0000
7631,232266.0000
7632,232266.0000
7633,232266.0000
7634,232266.0000
7635,232266.0000
7636,232266.0000
7637,232266.0000
7638,232266.0000
7639,232266.0000
7640,232266.0000
7641,232266.0000
7642,232266.0000
7643,232266.0000
7644,232266.0000
7645,232266.0000
7646,232266.0000
7647,232266.0000
7648,232266.0000
7649,232266.0000
7650,232266.0000
7651,232266.0000
7652,232266.0000
7653,232266.0000
7654,232266.0000
7655,232266.0000
7656,232266.0000
7657,232266.0000
7658,232266.0000
7659,232266.0000
7660,232266.0000
7661,232266.0000
7662,232266.0000
7663,232266.0000
7664,232266.0000
7665,232266.0000
7666,232266.0000
7667,232266.0000
7668,232266.0000
7669,232266.0000
7670,232266.0000
7671,232266.0000
7672,232266.0000
7673,232266.0000
7674,232266.0000
7675,232266.0000
7676,232266.0000
7677,232266.0000
7678,232266.0000
7679,232266.0000
7680,232266.0000
7681,232266.0000
7682,232266.0000
7683,232266.0000
7684,232266.0000
7685,232266.0000
7686,232266.0000
7687,232266.0000
7688,232266.0000
7689,232266.0000
7690,232266.0000
7691,232266.0000
7692,232266.0000
7693,232266.0000
7694,232266.0000
7695,232266.0000
7696,232266.0000
7697,232266.0000
7698,232266.0000
7699,232266.0000
7700,232266.0000
7701,232266.0000
7702,232266.0000
7703,232266.0000
7704,232266.0000
7705,232266.0000
7706,232266.0000
7707,232266.0000
7708,232266.0000
7709,232266.0000
7710,232266.0000
7711,232266.0000
7712,232266.0000
7713,232266.0000
7714,232266.0000
7715,232266.0000
7716,232266.0000
7717,232266.0000
7718,232266.0000
7719,232266.0000
7720,232266.0000
7721,232266.0000
7722,232266.0000
7723,232266.0000
7724,232266.0000
7725,232266.0000
7726,232266.0000
7727,232266.0000
7728,232266.0000
7729,232266.0000
7730,232266.0000
7731,232266.0000
7732,232266.0000
7733,232266.0000
7734,232266.0000
7735,232266.0000
7736,232266.0000
7737,232266.0000
7738,232266.0000
7739,232266.0000
7740,232266.0000
7741,232266.0000
7742,232266.0000
7743,232266.0000
7744,232266.0000
7745,232266.0000
7746,232266.0000
7747,232266.0000
7748,232266.0000
7749,232266.0000
7750,232266.0000
7751,232266.0000
7752,232266.0000
7753,232266.0000
7754,232266.0000
7755,232266.0000
7756,232266.0000
7757,232266.0000
7758,232266.0000
7759,232266.0000
7760,232266.0000
7761,232266.0000
7762,232266.0000
7763,232266.0000
7764,232266.0000
7765,232266.0000
7766,232266.0000
7767,232266.0000
7768,232266.0000
7769,232266.0000
7770,232266.0000
7771,232266.0000
7772,232266.0000
7773,232266.0000
7774,232266.0000
7775,232266.0000
7776,232266.0000
7777,232266.0000
7778,232266.0000
7779,232266.0000
7780,232266.0000
7781,232266.0000
7782,232266.0000
7783,232266.0000
7784,232266.0000
7785,232266.0000
7786,232266.0000
7787,232266.0000
7788,232266.0000
7789,232266.0000
7790,232266.0000
7791,232266.0000
7792,232266.0000
7793,232266.0000
7794,232266.0000
7795,232266.0000
7796,232266.0000
7797,232266.0000
7798,232266.0000
7799,232266.0000
7800,232266.0000
7801,232266.0000
7802,232266.0000
7803,232266.0000
7804,232266.0000
7805,232266.0000
7806,232266.0000
7807,232266.0000
7808,232266.0000
7809,232266.0000
7810,232266.0000
7811,232266.0000
7812,232266.0000
7813,232266.0000
7814,232266.0000
7815,232266.0000
7816,232266.0000
7817,232266.0000
7818,232266.0000
7819,232266.0000
7820,232266.0000
7821,232266.0000
7822,232266.0000
7823,232266.0000
7824,232266.0000
7825,232266.0000
7826,232266.0000
7827,232266.0000
7828,232266.0000
7829,232266.0000
7830,232266.0000
7831,232266.0000
7832,232266.0000
7833,232266.0000
7834,232266.0000
7835,232266.0000
7836,232266.0000
7837,232266.0000
7838,232266.0000
7839,232266.0000
7840,232266.0000
7841,232266.0000
7842,232266.0000
7843,232266.0000
7844,232266.0000
7845,232266.0000
7846,232266.0000
7847,232266.0000
7848,232266.0000
7849,232266.0000
7850,232266.0000
7851,232266.0000
7852,232266.0000
7853,232266.0000
7854,232266.0000
7855,232266.0000
7856,232266.0000
7857,232266.0000
7858,232266.0000
7859,232266.0000
7860,232266.0000
7861,232266.0000
7862,232266.0000
7863,232266.0000
7864,232266.0000
7865,232266.0000
7866,232266.0000
7867,232266.0000
7868,232266.0000
7869,232266.0000
7870,232266.0000
7871,232266.0000
7872,232266.0000
7873,232266.0000
7874,232266.0000
7875,232266.0000
7876,232266.0000
7877,232266.0000
7878,232266.0000
7879,232266.0000
7880,232266.0000
7881,232266.0000
7882,232266.0000
7883,232266.0000
7884,232266.0000
7885,232266.0000
7886,232266.0000
7887,232266.0000
7888,232266.0000
7889,232266.0000
7890,232266.0000
7891,232266.0000
7892,232266.0000
7893,232266.0000
7894,232266.0000
7895,232266.0000
7896,232266.0000
7897,232266.0000
7898,232266.0000
7899,232266.0000
7900,232266.0000
7901,232266.0000
7902,232266.0000
7903,232266.0000
7904,232266.0000
7905,232266.0000
7906,232266.0000
7907,232266.0000
7908,232266.0000
7909,232266.0000
7910,232266.0000
7911,232266.0000
7912,232266.0000
7913,232266.0000
7914,232266.0000
7915,232266.0000
7916,232266.0000
7917,232266.0000
7918,232266.0000
7919,232266.0000
7920,232266.0000
7921,232266.0000
7922,232266.0000
7923,232266.0000
7924,232266.0000
7925,232266.0000
7926,232266.0000
7927,232266.0000
7928,232266.0000
7929,232266.0000
7930,232266.0000
7931,232266.0000
7932,232266.0000
7933,232266.0000
7934,232266.0000
7935,232266.0000
7936,232266.0000
7937,232266.0000
7938,232266.0000
7939,232266.0000
7940,232266.0000
7941,232266.0000
7942,232266.0000
7943,232266.0000
7944,232266.0000
7945,232266.0000
7946,232266.0000
7947,232266.0000
7948,232266.0000
7949,232266.0000
7950,232266.0000
7951,232266.0000
7952,232266.0000
7953,232266.0000
7954,232266.0000
7955,232266.0000
7956,232266.0000
7957,232266.0000
7958,232266.0000
7959,232266.0000
7960,232266.0000
7961,232266.0000
7962,232266.0000
7963,232266.0000
7964,232266.0000
7965,232266.0000
7966,232266.0000
7967,232266.0000
7968,232266.0000
7969,232266.0000
7970,232266.0000
7971,232266.0000
7972,232266.0000
7973,232266.0000
7974,232266.0000
7975,232266.0000
7976,232266.0000
7977,232266.0000
7978,232266.0000
7979,232266.0000
7980,232266.0000
7981,232266.0000
7982,232266.0000
7983,232266.0000
7984,232266.0000
7985,232266.0000
7986,232266.0000
7987,232266.0000
7988,232266.0000
7989,232266.0000
7990,232266.0000
7991,232266.0000
7992,232266.0000
7993,232266.0000
7994,232266.0000
7995,232266.0000
7996,232266.0000
7997,232266.0000
7998,232266.0000
7999,232266.0000
8000,232266.0000
8001,232266.0000
8002,232266.0000
8003,232266.0000
8004,232266.0000
8005,232266.0000
8006,232266.0000
8007,232266.0000
8008,232266.0000
8009,232266.0000
8010,232266.0000
8011,232266.0000
8012,232266.0000
8013,232266.0000
8014,232266.0000
8015,232266.0000
8016,232266.0000
8017,232266.0000
8018,232266.0000
8019,232266.0000
8020,232266.0000
8021,232266.0000
8022,232266.0000
8023,232266.0000
8024,232266.0000
8025,232266.0000
8026,232266.0000
8027,232266.0000
8028,232266.0000
8029,232266.0000
8030,232266.0000
8031,232266.0000
8032,232266.0000
8033,232266.0000
8034,232266.0000
8035,232266.0000
8036,232266.0000
8037,232266.0000
8038,232266.0000
8039,232266.0000
8040,232266.0000
8041,232266.0000
8042,232266.0000
8043,232266.0000
8044,232266.0000
8045,232266.0000
8046,232266.0000
8047,232266.0000
8048,232266.0000
8049,232266.0000
8050,232266.0000
8051,232266.0000
8052,232266.0000
8053,232266.0000
8054,232266.0000
8055,232266.0000
8056,232266.0000
8057,232266.0000
8058,232266.0000
8059,232266.0000
8060,232266.0000
8061,232266.0000
8062,232266.0000
8063,232266.0000
8064,232266.0000
8065,232266.0000
8066,232266.0000
8067,232266.0000
8068,232266.0000
8069,232266.0000
8070,232266.0000
8071,232266.0000
8072,232266.0000
8073,232266.0000
8074,232266.0000
8075,232266.0000
8076,232266.0000
8077,232266.0000
8078,232266.0000
8079,232266.0000
8080,232266.0000
8081,232266.0000
8082,232266.0000
8083,232266.0000
8084,232266.0000
8085,232266.0000
8086,232266.0000
8087,232266.0000
8088,232266.0000
8089,232266.0000
8090,232266.0000
8091,232266.0000
8092,232266.0000
8093,232266.0000
8094,232266.0000
8095,232266.0000
8096,232266.0000
8097,232266.0000
8098,232266.0000
8099,232266.0000
8100,232266.0000
8101,232266.0000
8102,232266.0000
8103,232266.0000
8104,232266.0000
8105,232266.0000
8106,232266.0000
8107,232266.0000
8108,232266.0000
8109,232266.0000
8110,232266.0000
8111,232266.0000
8112,232266.0000
8113,232266.0000
8114,232266.0000
8115,232266.0000
8116,232266.0000
8117,232266.0000
8118,232266.0000
8119,232266.0000
8120,232266.0000
8121,232266.0000
8122,232266.0000
8123,232266.0000
8124,232266.0000
8125,232266.0000
8126,232266.0000
8127,232266.0000
8128,232266.0000
8129,232266.0000
8130,232266.0000
8131,232266.0000
8132,232266.0000
8133,232266.0000
8134,232266.0000
8135,232266.0000
8136,232266.0000
8137,232266.0000
8138,232266.0000
8139,232266.0000
8140,232266.0000
8141,232266.0000
8142,232266.0000
8143,232266.0000
8144,232266.0000
8145,232266.0000
8146,232266.0000
8147,232266.0000
8148,232266.0000
8149,232266.0000
8150,232266.0000
8151,232266.0000
8152,232266.0000
8153,232266.0000
8154,232266.0000
8155,232266.0000
8156,232266.0000
8157,232266.0000
8158,232266.0000
8159,232266.0000
8160,232266.0000
8161,232266.0000
8162,232266.0000
8163,232266.0000
8164,232266.0000
8165,232266.0000
8166,232266.0000
8167,232266.0000
8168,232266.0000
8169,232266.0000
8170,232266.0000
8171,232266.0000
8172,232266.0000
8173,232266.0000
8174,232266.0000
8175,232266.0000
8176,232266.0000
8177,232266.0000
8178,232266.0000
8179,232266.0000
8180,232266.0000
8181,232266.0000
8182,232266.0000
8183,232266.0000
8184,232266.0000
8185,232266.0000
8186,232266.0000
8187,232266.0000
8188,232266.0000
8189,232266.0000
8190,232266.0000
8191,232266.0000
8192,232266.0000
8193,232266.0000
8194,232266.0000
8195,232266.0000
8196,232266.0000
8197,232266.0000
8198,232266.0000
8199,232266.0000
8200,232266.0000
8201,232266.0000
8202,232266.0000
8203,232266.0000
8204,232266.0000
8205,232266.0000
8206,232266.0000
8207,232266.0000
8208,232266.0000
8209,232266.0000
8210,232266.0000
8211,232266.0000
8212,232266.0000
8213,232266.0000
8214,232266.0000
8215,232266.0000
8216,232266.0000
8217,232266.0000
8218,232266.0000
8219,232266.0000
8220,232266.0000
8221,232266.0000
8222,232266.0000
8223,232266.0000
8224,232266.0000
8225,232266.0000
8226,232266.0000
8227,232266.0000
8228,232266.0000
8229,232266.0000
8230,232266.0000
8231,232266.0000
8232,232266.0000
8233,232266.0000
8234,232266.0000
8235,232266.0000
8236,232266.0000
8237,232266.0000
8238,232266.0000
8239,232266.0000
8240,232266.0000
8241,232266.0000
8242,232266.0000
8243,232266.0000
8244,232266.0000
8245,232266.0000
8246,232266.0000
8247,232266.0000
8248,232266.0000
8249,232266.0000
8250,232266.0000
8251,232266.0000
8252,232266.0000
8253,232266.0000
8254,232266.0000
8255,232266.0000
8256,232266.0000
8257,232266.0000
8258,232266.0000
8259,232266.0000
8260,232266.0000
8261,232266.0000
8262,232266.0000
8263,232266.0000
8264,232266.0000
8265,232266.0000
8266,232266.0000
8267,232266.0000
8268,232266.0000
8269,232266.0000
8270,232266.0000
8271,232266.0000
8272,232266.0000
8273,232266.0000
8274,232266.0000
8275,232266.0000
8276,232266.0000
8277,232266.0000
8278,232266.0000
8279,232266.0000
8280,232266.0000
8281,232266.0000
8282,232266.0000
8283,232266.0000
8284,232266.0000
8285,232266.0000
8286,232266.0000
8287,232266.0000
8288,232266.0000
8289,232266.0000
8290,232266.0000
8291,232266.0000
8292,232266.0000
8293,232266.0000
8294,232266.0000
8295,232266.0000
8296,232266.0000
8297,232266.0000
8298,232266.0000
8299,232266.0000
8300,232266.0000
8301,232266.0000
8302,232266.0000
8303,232266.0000
8304,232266.0000
8305,232266.0000
8306,232266.0000
8307,232266.0000
8308,232266.0000
8309,232266.0000
8310,232266.0000
8311,232266.0000
8312,232266.0000
8313,232266.0000
8314,232266.0000
8315,232266.0000
8316,232266.0000
8317,232266.0000
8318,232266.0000
8319,232266.0000
8320,232266.0000
8321,232266.0000
8322,232266.0000
8323,232266.0000
8324,232266.0000
8325,232266.0000
8326,232266.0000
8327,232266.0000
8328,232266.0000
8329,232266.0000
8330,232266.0000
8331,232266.0000
8332,232266.0000
8333,232266.0000
8334,232266.0000
8335,232266.0000
8336,232266.0000
8337,232266.0000
8338,232266.0000
8339,232266.0000
8340,232266.0000
8341,232266.0000
8342,232266.0000
8343,232266.0000
8344,232266.0000
8345,232266.0000
8346,232266.0000
8347,232266.0000
8348,232266.0000
8349,232266.0000
8350,232266.0000
8351,232266.0000
8352,232266.0000
8353,232266.0000
8354,232266.0000
8355,232266.0000
8356,232266.0000
8357,232266.0000
8358,232266.0000
8359,232266.0000
8360,232266.0000
8361,232266.0000
8362,232266.0000
8363,232266.0000
8364,232266.0000
8365,232266.0000
8366,232266.0000
8367,232266.0000
8368,232266.0000
8369,232266.0000
8370,232266.0000
8371,232266.0000
8372,232266.0000
8373,232266.0000
8374,232266.0000
8375,232266.0000
8376,232266.0000
8377,232266.0000
8378,232266.0000
8379,232266.0000
8380,232266.0000
8381,232266.0000
8382,232266.0000
8383,232266.0000
8384,232266.0000
8385,232266.0000
8386,232266.0000
8387,232266.0000
8388,232266.0000
8389,232266.0000
8390,232266.0000
8391,232266.0000
8392,232266.0000
8393,232266.0000
8394,232266.0000
8395,232266.0000
8396,232266.0000
8397,232266.0000
8398,232266.0000
8399,232266.0000
8400,232266.0000
8401,232266.0000
8402,232266.0000
8403,232266.0000
8404,232266.0000
8405,232266.0000
8406,232266.0000
8407,232266.0000
8408,232266.0000
8409,232266.0000
8410,232266.0000
8411,232266.0000
8412,232266.0000
8413,232266.0000
8414,232266.0000
8415,232266.0000
8416,232266.0000
8417,232266.0000
8418,232266.0000
8419,232266.0000
8420,232266.0000
8421,232266.0000
8422,232266.0000
8423,232266.0000
8424,232266.0000
8425,232266.0000
8426,232266.0000
8427,232266.0000
8428,232266.0000
8429,232266.0000
8430,232266.0000
8431,232266.0000
8432,232266.0000
8433,232266.0000
8434,232266.0000
8435,232266.0000
8436,232266.0000
8437,232266.0000
8438,232266.0000
8439,232266.0000
8440,232266.0000
8441,232266.0000
8442,232266.0000
8443,232266.0000
8444,232266.0000
8445,232266.0000
8446,232266.0000
8447,232266.0000
8448,232266.0000
8449,232266.0000
8450,232266.0000
8451,232266.0000
8452,232266.0000
8453,232266.0000
8454,232266.0000
8455,232266.0000
8456,232266.0000
8457,232266.0000
8458,232266.0000
8459,232266.0000
8460,232266.0000
8461,232266.0000
8462,232266.0000
8463,232266.0000
8464,232266.0000
8465,232266.0000
8466,232266.0000
8467,232266.0000
8468,232266.0000
8469,232266.0000
8470,232266.0000
8471,232266.0000
8472,232266.0000
8473,232266.0000
8474,232266.0000
8475,232266.0000
8476,232266.0000
8477,232266.0000
8478,232266.0000
8479,232266.0000
8480,232266.0000
8481,232266.0000
8482,232266.0000
8483,232266.0000
8484,232266.0000
8485,232266.0000
8486,232266.0000
8487,232266.0000
8488,232266.0000
8489,232266.0000
8490,232266.0000
8491,232266.0000
8492,232266.0000
8493,232266.0000
8494,232266.0000
8495,232266.0000
8496,232266.0000
8497,232266.0000
8498,232266.0000
8499,232266.0000
8500,232266.0000
8501,232266.0000
8502,232266.0000
8503,232266.0000
8504,232266.0000
8505,232266.0000
8506,232266.0000
8507,232266.0000
8508,232266.0000
8509,232266.0000
8510,232266.0000
8511,232266.0000
8512,232266.0000
8513,232266.0000
8514,232266.0000
8515,232266.0000
8516,232266.0000
8517,232266.0000
8518,232266.0000
8519,232266.0000
8520,232266.0000
8521,232266.0000
8522,232266.0000
8523,232266.0000
8524,232266.0000
8525,232266.0000
8526,232266.0000
8527,232266.0000
8528,232266.0000
8529,232266.0000
8530,232266.0000
8531,232266.0000
8532,232266.0000
8533,232266.0000
8534,232266.0000
8535,232266.0000
8536,232266.0000
8537,232266.0000
8538,232266.0000
8539,232266.0000
8540,232266.0000
8541,232266.0000
8542,232266.0000
8543,232266.0000
8544,232266.0000
8545,232266.0000
8546,232266.0000
8547,232266.0000
8548,232266.0000
8549,232266.0000
8550,232266.0000
8551,232266.0000
8552,232266.0000
8553,232266.0000
8554,232266.0000
8555,232266.0000
8556,232266.0000
8557,232266.0000
8558,232266.0000
8559,232266.0000
8560,232266.0000
8561,232266.0000
8562,232266.0000
8563,232266.0000
8564,232266.0000
8565,232266.0000
8566,232266.0000
8567,232266.0000
8568,232266.0000
8569,232266.0000
8570,232266.0000
8571,232266.0000
8572,232266.0000
8573,232266.0000
8574,232266.0000
8575,232266.0000
8576,232266.0000
8577,232266.0000
8578,232266.0000
8579,232266.0000
8580,232266.0000
8581,232266.0000
8582,232266.0000
8583,232266.0000
8584,232266.0000
8585,232266.0000
8586,232266.0000
8587,232266.0000
8588,232266.0000
8589,232266.0000
8590,232266.0000
8591,232266.0000
8592,232266.0000
8593,232266.0000
8594,232266.0000
8595,232266.0000
8596,232266.0000
8597,232266.0000
8598,232266.0000
8599,232266.0000
8600,232266.0000
8601,232266.0000
8602,232266.0000
8603,232266.0000
8604,232266.0000
8605,232266.0000
8606,232266.0000
8607,232266.0000
8608,232266.0000
8609,232266.0000
8610,232266.0000
8611,232266.0000
8612,232266.0000
8613,232266.0000
8614,232266.0000
8615,232266.0000
8616,232266.0000
8617,232266.0000
8618,232266.0000
8619,232266.0000
8620,232266.0000
8621,232266.0000
8622,232266.0000
8623,232266.0000
8624,232266.0000
8625,232266.0000
8626,232266.0000
8627,232266.0000
8628,232266.0000
8629,232266.0000
8630,232266.0000
8631,232266.0000
8632,232266.0000
8633,232266.0000
8634,232266.0000
8635,232266.0000
8636,232266.0000
8637,232266.0000
8638,232266.0000
8639,232266.0000
8640,232266.0000
8641,232266.0000
8642,232266.0000
8643,232266.0000
8644,232266.0000
8645,232266.0000
8646,232266.0000
8647,232266.0000
8648,232266.0000
8649,232266.0000
8650,232266.0000
8651,232266.0000
8652,232266.0000
8653,232266.0000
8654,232266.0000
8655,232266.0000
8656,232266.0000
8657,232266.0000
8658,232266.0000
8659,232266.0000
8660,232266.0000
8661,232266.0000
8662,232266.0000
8663,232266.0000
8664,232266.0000
8665,232266.0000
8666,232266.0000
8667,232266.0000
8668,232266.0000
8669,232266.0000
8670,232266.0000
8671,232266.0000
8672,232266.0000
8673,232266.0000
8674,232266.0000
8675,232266.0000
8676,232266.0000
8677,232266.0000
8678,232266.0000
8679,232266.0000
8680,232266.0000
8681,232266.0000
8682,232266.0000
8683,232266.0000
8684,232266.0000
8685,232266.0000
8686,232266.0000
8687,232266.0000
8688,232266.0000
8689,232266.0000
8690,232266.0000
8691,232266.0000
8692,232266.0000
8693,232266.0000
8694,232266.0000
8695,232266.0000
8696,232266.0000
8697,232266.0000
8698,232266.0000
8699,232266.0000
8700,232266.0000
8701,232266.0000
8702,232266.0000
8703,232266.0000
8704,232266.0000
8705,232266.0000
8706,232266.0000
8707,232266.0000
8708,232266.0000
8709,232266.0000
8710,232266.0000
8711,232266.0000
8712,232266.0000
8713,232266.0000
8714,232266.0000
8715,232266.0000
8716,232266.0000
8717,232266.0000
8718,232266.0000
8719,232266.0000
8720,232266.0000
8721,232266.0000
8722,232266.0000
8723,232266.0000
8724,232266.0000
8725,232266.0000
8726,232266.0000
8727,232266.0000
8728,232266.0000
8729,232266.0000
8730,232266.0000
8731,232266.0000
8732,232266.0000
8733,232266.0000
8734,232266.0000
8735,232266.0000
8736,232266.0000
8737,232266.0000
8738,232266.0000
8739,232266.0000
8740,232266.0000
8741,232266.0000
8742,232266.0000
8743,232266.0000
8744,232266.0000
8745,232266.0000
8746,232266.0000
8747,232266.0000
8748,232266.0000
8749,232266.0000
8750,232266.0000
8751,232266.0000
8752,232266.0000
8753,232266.0000
8754,232266.0000
8755,232266.0000
8756,232266.0000
8757,232266.0000
8758,232266.0000
8759,232266.0000
8760,232266.0000
8761,232266.0000
8762,232266.0000
8763,232266.0000
8764,232266.0000
8765,232266.0000
8766,232266.0000
8767,232266.0000
8768,232266.0000
8769,232266.0000
8770,232266.0000
8771,232266.0000
8772,232266.0000
8773,232266.0000
8774,232266.0000
8775,232266.0000
8776,232266.0000
8777,232266.0000
8778,232266.0000
8779,232266.0000
8780,232266.0000
8781,232266.0000
8782,232266.0000
8783,232266.0000
8784,232266.0000
8785,232266.0000
8786,232266.0000
8787,232266.0000
8788,232266.0000
8789,232266.0000
8790,232266.0000
8791,232266.0000
8792,232266.0000
8793,232266.0000
8794,232266.0000
8795,232266.0000
8796,232266.0000
8797,232266.0000
8798,232266.0000
8799,232266.0000
8800,232266.0000
8801,232266.0000
8802,232266.0000
8803,232266.0000
8804,232266.0000
8805,232266.0000
8806,232266.0000
8807,232266.0000
8808,232266.0000
8809,232266.0000
8810,232266.0000
8811,232266.0000
8812,232266.0000
8813,232266.0000
8814,232266.0000
8815,232266.0000
8816,232266.0000
8817,232266.0000
8818,232266.0000
8819,232266.0000
8820,232266.0000
8821,232266.0000
8822,232266.0000
8823,232266.0000
8824,232266.0000
8825,232266.0000
8826,232266.0000
8827,232266.0000
8828,232266.0000
8829,232266.0000
8830,232266.0000
8831,232266.0000
8832,232266.0000
8833,232266.0000
8834,232266.0000
8835,232266.0000
8836,232266.0000
8837,232266.0000
8838,232266.0000
8839,232266.0000
8840,232266.0000
8841,232266.0000
8842,232266.0000
8843,232266.0000
8844,232266.0000
8845,232266.0000
8846,232266.0000
8847,232266.0000
8848,232266.0000
8849,232266.0000
8850,232266.0000
8851,232266.0000
8852,232266.0000
8853,232266.0000
8854,232266.0000
8855,232266.0000
8856,232266.0000
8857,232266.0000
8858,232266.0000
8859,232266.0000
8860,232266.0000
8861,232266.0000
8862,232266.0000
8863,232266.0000
8864,232266.0000
8865,232266.0000
8866,232266.0000
8867,232266.0000
8868,232266.0000
8869,232266.0000
8870,232266.0000
8871,232266.0000
8872,232266.0000
8873,232266.0000
8874,232266.0000
8875,232266.0000
8876,232266.0000
8877,232266.0000
8878,232266.0000
8879,232266.0000
8880,232266.0000
8881,232266.0000
8882,232266.0000
8883,232266.0000
8884,232266.0000
8885,232266.0000
8886,232266.0000
8887,232266.0000
8888,232266.0000
8889,232266.0000
8890,232266.0000
8891,232266.0000
8892,232266.0000
8893,232266.0000
8894,232266.0000
8895,232266.0000
8896,232266.0000
8897,232266.0000
8898,232266.0000
8899,232266.0000
8900,232266.0000
8901,232266.0000
8902,232266.0000
8903,232266.0000
8904,232266.0000
8905,232266.0000
8906,232266.0000
8907,232266.0000
8908,232266.0000
8909,232266.0000
8910,232266.0000
8911,232266.0000
8912,232266.0000
8913,232266.0000
8914,232266.0000
8915,232266.0000
8916,232266.0000
8917,232266.0000
8918,232266.0000
8919,232266.0000
8920,232266.0000
8921,232266.0000
8922,232266.0000
8923,232266.0000
8924,232266.0000
8925,232266.0000
8926,232266.0000
8927,232266.0000
8928,232266.0000
8929,232266.0000
8930,232266.0000
8931,232266.0000
8932,232266.0000
8933,232266.0000
8934,232266.0000
8935,232266.0000
8936,232266.0000
8937,232266.0000
8938,232266.0000
8939,232266.0000
8940,232266.0000
8941,232266.0000
8942,232266.0000
8943,232266.0000
8944,232266.0000
8945,232266.0000
8946,232266.0000
8947,232266.0000
8948,232266.0000
8949,232266.0000
8950,232266.0000
8951,232266.0000
8952,232266.0000
8953,232266.0000
8954,232266.0000
8955,232266.0000
8956,232266.0000
8957,232266.0000
8958,232266.0000
8959,232266.0000
8960,232266.0000
8961,232266.0000
8962,232266.0000
8963,232266.0000
8964,232266.0000
8965,232266.0000
8966,232266.0000
8967,232266.0000
8968,232266.0000
8969,232266.0000
8970,232266.0000
8971,232266.0000
8972,232266.0000
8973,232266.0000
8974,232266.0000
8975,232266.0000
8976,232266.0000
8977,232266.0000
8978,232266.0000
8979,232266.0000
8980,232266.0000
8981,232266.0000
8982,232266.0000
8983,232266.0000
8984,232266.0000
8985,232266.0000
8986,232266.0000
8987,232266.0000
8988,232266.0000
8989,232266.0000
8990,232266.0000
8991,232266.0000
8992,232266.0000
8993,232266.0000
8994,232266.0000
8995,232266.0000
8996,232266.0000
8997,232266.0000
8998,232266.0000
8999,232266.0000
9000,232266.0000
9001,232266.0000
9002,232266.0000
9003,232266.0000
9004,232266.0000
9005,232266.0000
9006,232266.0000
9007,232266.0000
9008,232266.0000
9009,232266.0000
9010,232266.0000
9011,232266.0000
9012,232266.0000
9013,232266.0000
9014,232266.0000
9015,232266.0000
9016,232266.0000
9017,232266.0000
9018,232266.0000
9019,232266.0000
9020,232266.0000
9021,232266.0000
9022,232266.0000
9023,232266.0000
9024,232266.0000
9025,232266.0000
9026,232266.0000
9027,232266.0000
9028,232266.0000
9029,232266.0000
9030,232266.0000
9031,232266.0000
9032,232266.0000
9033,232266.0000
9034,232266.0000
9035,232266.0000
9036,232266.0000
9037,232266.0000
9038,232266.0000
9039,232266.0000
9040,232266.0000
9041,232266.0000
9042,232266.0000
9043,232266.0000
9044,232266.0000
9045,232266.0000
9046,232266.0000
9047,232266.0000
9048,232266.0000
9049,232266.0000
9050,232266.0000
9051,232266.0000
9052,232266.0000
9053,232266.0000
9054,232266.0000
9055,232266.0000
9056,232266.0000
9057,232266.0000
9058,232266.0000
9059,232266.0000
9060,232266.0000
9061,232266.0000
9062,232266.0000
9063,232266.0000
9064,232266.0000
9065,232266.0000
9066,232266.0000
9067,232266.0000
9068,232266.0000
9069,232266.0000
9070,232266.0000
9071,232266.0000
9072,232266.0000
9073,232266.0000
9074,232266.0000
9075,232266.0000
9076,232266.0000
9077,232266.0000
9078,232266.0000
9079,232266.0000
9080,232266.0000
9081,232266.0000
9082,232266.0000
9083,232266.0000
9084,232266.0000
9085,232266.0000
9086,232266.0000
9087,232266.0000
9088,232266.0000
9089,232266.0000
9090,232266.0000
9091,232266.0000
9092,232266.0000
9093,232266.0000
9094,232266.0000
9095,232266.0000
9096,232266.0000
9097,232266.0000
9098,232266.0000
9099,232266.0000
9100,232266.0000
9101,232266.0000
9102,232266.0000
9103,232266.0000
9104,232266.0000
9105,232266.0000
9106,232266.0000
9107,232266.0000
9108,232266.0000
9109,232266.0000
9110,232266.0000
9111,232266.0000
9112,232266.0000
9113,232266.0000
9114,232266.0000
9115,232266.0000
9116,232266.0000
9117,232266.0000
9118,232266.0000
9119,232266.0000
9120,232266.0000
9121,232266.0000
9122,232266.0000
9123,232266.0000
9124,232266.0000
9125,232266.0000
9126,232266.0000
9127,232266.0000
9128,232266.0000
9129,232266.0000
9130,232266.0000
9131,232266.0000
9132,232266.0000
9133,232266.0000
9134,232266.0000
9135,232266.0000
9136,232266.0000
9137,232266.0000
9138,232266.0000
9139,232266.0000
9140,232266.0000
9141,232266.0000
9142,232266.0000
9143,232266.0000
9144,232266.0000
9145,232266.0000
9146,232266.0000
9147,232266.0000
9148,232266.0000
9149,232266.0000
9150,232266.0000
9151,232266.0000
9152,232266.0000
9153,232266.0000
9154,232266.0000
9155,232266.0000
9156,232266.0000
9157,232266.0000
9158,232266.0000
9159,232266.0000
9160,232266.0000
9161,232266.0000
9162,232266.0000
9163,232266.0000
9164,232266.0000
9165,232266.0000
9166,232266.0000
9167,232266.0000
9168,232266.0000
9169,232266.0000
9170,232266.0000
9171,232266.0000
9172,232266.0000
9173,232266.0000
9174,232266.0000
9175,232266.0000
9176,232266.0000
9177,232266.0000
9178,232266.0000
9179,232266.0000
9180,232266.0000
9181,232266.0000
9182,232266.0000
9183,232266.0000
9184,232266.0000
9185,232266.0000
9186,232266.0000
9187,232266.0000
9188,232266.0000
9189,232266.0000
9190,232266.0000
9191,232266.0000
9192,232266.0000
9193,232266.0000
9194,232266.0000
9195,232266.0000
9196,232266.0000
9197,232266.0000
9198,232266.0000
9199,232266.0000
9200,232266.0000
9201,232266.0000
9202,232266.0000
9203,232266.0000
9204,232266.0000
9205,232266.0000
9206,232266.0000
9207,232266.0000
9208,232266.0000
9209,232266.0000
9210,232266.0000
9211,232266.0000
9212,232266.0000
9213,232266.0000
9214,232266.0000
9215,232266.0000
9216,232266.0000
9217,232266.0000
9218,232266.0000
9219,232266.0000
9220,232266.0000
9221,232266.0000
9222,232266.0000
9223,232266.0000
9224,232266.0000
9225,232266.0000
9226,232266.0000
9227,232266.0000
9228,232266.0000
9229,232266.0000
9230,232266.0000
9231,232266.0000
9232,232266.0000
9233,232266.0000
9234,232266.0000
9235,232266.0000
9236,232266.0000
9237,232266.0000
9238,232266.0000
9239,232266.0000
9240,232266.0000
9241,232266.0000
9242,232266.0000
9243,232266.0000
9244,232266.0000
9245,232266.0000
9246,232266.0000
9247,232266.0000
9248,232266.0000
9249,232266.0000
9250,232266.0000
9251,232266.0000
9252,232266.0000
9253,232266.0000
9254,232266.0000
9255,232266.0000
9256,232266.0000
9257,232266.0000
9258,232266.0000
9259,232266.0000
9260,232266.0000
9261,232266.0000
9262,232266.0000
9263,232266.0000
9264,232266.0000
9265,232266.0000
9266,232266.0000
9267,232266.0000
9268,232266.0000
9269,232266.0000
9270,232266.0000
9271,232266.0000
9272,232266.0000
9273,232266.0000
9274,232266.0000
9275,232266.0000
9276,232266.0000
9277,232266.0000
9278,232266.0000
9279,232266.0000
9280,232266.0000
9281,232266.0000
9282,232266.0000
9283,232266.0000
9284,232266.0000
9285,232266.0000
9286,232266.0000
9287,232266.0000
9288,232266.0000
9289,232266.0000
9290,232266.0000
9291,232266.0000
9292,232266.0000
9293,232266.0000
9294,232266.0000
9295,232266.0000
9296,232266.0000
9297,232266.0000
9298,232266.0000
9299,232266.0000
9300,232266.0000
9301,232266.0000
9302,232266.0000
9303,232266.0000
9304,232266.0000
9305,232266.0000
9306,232266.0000
9307,232266.0000
9308,232266.0000
9309,232266.0000
9310,232266.0000
9311,232266.0000
9312,232266.0000
9313,232266.0000
9314,232266.0000
9315,232266.0000
9316,232266.0000
9317,232266.0000
9318,232266.0000
9319,232266.0000
9320,232266.0000
9321,232266.0000
9322,232266.0000
9323,232266.0000
9324,232266.0000
9325,232266.0000
9326,232266.0000
9327,232266.0000
9328,232266.0000
9329,232266.0000
9330,232266.0000
9331,232266.0000
9332,232266.0000
9333,232266.0000
9334,232266.0000
9335,232266.0000
9336,232266.0000
9337,232266.0000
9338,232266.0000
9339,232266.0000
9340,232266.0000
9341,232266.0000
9342,232266.0000
9343,232266.0000
9344,232266.0000
9345,232266.0000
9346,232266.0000
9347,232266.0000
9348,232266.0000
9349,232266.0000
9350,232266.0000
9351,232266.0000
9352,232266.0000
9353,232266.0000
9354,232266.0000
9355,232266.0000
9356,232266.0000
9357,232266.0000
9358,232266.0000
9359,232266.0000
9360,232266.0000
9361,232266.0000
9362,232266.0000
9363,232266.0000
9364,232266.0000
9365,232266.0000
9366,232266.0000
9367,232266.0000
9368,232266.0000
9369,232266.0000
9370,232266.0000
9371,232266.0000
9372,232266.0000
9373,232266.0000
9374,232266.0000
9375,232266.0000
9376,232266.0000
9377,232266.0000
9378,232266.0000
9379,232266.0000
9380,232266.0000
9381,232266.0000
9382,232266.0000
9383,232266.0000
9384,232266.0000
9385,232266.0000
9386,232266.0000
9387,232266.0000
9388,232266.0000
9389,232266.0000
9390,232266.0000
9391,232266.0000
9392,232266.0000
9393,232266.0000
9394,232266.0000
9395,232266.0000
9396,232266.0000
9397,232266.0000
9398,232266.0000
9399,232266.0000
9400,232266.0000
9401,232266.0000
9402,232266.0000
9403,232266.0000
9404,232266.0000
9405,232266.0000
9406,232266.0000
9407,232266.0000
9408,232266.0000
9409,232266.0000
9410,232266.0000
9411,232266.0000
9412,232266.0000
9413,232266.0000
9414,232266.0000
9415,232266.0000
9416,232266.0000
9417,232266.0000
9418,232266.0000
9419,232266.0000
9420,232266.0000
9421,232266.0000
9422,232266.0000
9423,232266.0000
9424,232266.0000
9425,232266.0000
9426,232266.0000
9427,232266.0000
9428,232266.0000
9429,232266.0000
9430,232266.0000
9431,232266.0000
9432,232266.0000
9433,232266.0000
9434,232266.0000
9435,232266.0000
9436,232266.0000
9437,232266.0000
9438,232266.0000
9439,232266.0000
9440,232266.0000
9441,232266.0000
9442,232266.0000
9443,232266.0000
9444,232266.0000
9445,232266.0000
9446,232266.0000
9447,232266.0000
9448,232266.0000
9449,232266.0000
9450,232266.0000
9451,232266.0000
9452,232266.0000
9453,232266.0000
9454,232266.0000
9455,232266.0000
9456,232266.0000
9457,232266.0000
9458,232266.0000
9459,232266.0000
9460,232266.0000
9461,232266.0000
9462,232266.0000
9463,232266.0000
9464,232266.0000
9465,232266.0000
9466,232266.0000
9467,232266.0000
9468,232266.0000
9469,232266.0000
9470,232266.0000
9471,232266.0000
9472,232266.0000
9473,232266.0000
9474,232266.0000
9475,232266.0000
9476,232266.0000
9477,232266.0000
9478,232266.0000
9479,232266.0000
9480,232266.0000
9481,232266.0000
9482,232266.0000
9483,232266.0000
9484,232266.0000
9485,232266.0000
9486,232266.0000
9487,232266.0000
9488,232266.0000
9489,232266.0000
9490,232266.0000
9491,232266.0000
9492,232266.0000
9493,232266.0000
9494,232266.0000
9495,232266.0000
9496,232266.0000
9497,232266.0000
9498,232266.0000
9499,232266.0000
9500,232266.0000
9501,232266.0000
9502,232266.0000
9503,232266.0000
9504,232266.0000
9505,232266.0000
9506,232266.0000
9507,232266.0000
9508,232266.0000
9509,232266.0000
9510,232266.0000
9511,232266.0000
9512,232266.0000
9513,232266.0000
9514,232266.0000
9515,232266.0000
9516,232266.0000
9517,232266.0000
9518,232266.0000
9519,232266.0000
9520,232266.0000
9521,232266.0000
9522,232266.0000
9523,232266.0000
9524,232266.0000
9525,232266.0000
9526,232266.0000
9527,232266.0000
9528,232266.0000
9529,232266.0000
9530,232266.0000
9531,232266.0000
9532,232266.0000
9533,232266.0000
9534,232266.0000
9535,232266.0000
9536,232266.0000
9537,232266.0000
9538,232266.0000
9539,232266.0000
9540,232266.0000
9541,232266.0000
9542,232266.0000
9543,232266.0000
9544,232266.0000
9545,232266.0000
9546,232266.0000
9547,232266.0000
9548,232266.0000
9549,232266.0000
9550,232266.0000
9551,232266.0000
9552,232266.0000
9553,232266.0000
9554,232266.0000
9555,232266.0000
9556,232266.0000
9557,232266.0000
9558,232266.0000
9559,232266.0000
9560,232266.0000
9561,232266.0000
9562,232266.0000
9563,232266.0000
9564,232266.0000
9565,232266.0000
9566,232266.0000
9567,232266.0000
9568,232266.0000
9569,232266.0000
9570,232266.0000
9571,232266.0000
9572,232266.0000
9573,232266.0000
9574,232266.0000
9575,232266.0000
9576,232266.0000
9577,232266.0000
9578,232266.0000
9579,232266.0000
9580,232266.0000
9581,232266.0000
9582,232266.0000
9583,232266.0000
9584,232266.0000
9585,232266.0000
9586,232266.0000
9587,232266.0000
9588,232266.0000
9589,232266.0000
9590,232266.0000
9591,232266.0000
9592,232266.0000
9593,232266.0000
9594,232266.0000
9595,232266.0000
9596,232266.0000
9597,232266.0000
9598,232266.0000
9599,232266.0000
9600,232266.0000
9601,232266.0000
9602,232266.0000
9603,232266.0000
9604,232266.0000
9605,232266.0000
9606,232266.0000
9607,232266.0000
9608,232266.0000
9609,232266.0000
9610,232266.0000
9611,232266.0000
9612,232266.0000
9613,232266.0000
9614,232266.0000
9615,232266.0000
9616,232266.0000
9617,232266.0000
9618,232266.0000
9619,232266.0000
9620,232266.0000
9621,232266.0000
9622,232266.0000
9623,232266.0000
9624,232266.0000
9625,232266.0000
9626,232266.0000
9627,232266.0000
9628,232266.0000
9629,232266.0000
9630,232266.0000
9631,232266.0000
9632,232266.0000
9633,232266.0000
9634,232266.0000
9635,232266.0000
9636,232266.0000
9637,232266.0000
9638,232266.0000
9639,232266.0000
9640,232266.0000
9641,232266.0000
9642,232266.0000
9643,232266.0000
9644,232266.0000
9645,232266.0000
9646,232266.0000
9647,232266.0000
9648,232266.0000
9649,232266.0000
9650,232266.0000
9651,232266.0000
9652,232266.0000
9653,232266.0000
9654,232266.0000
9655,232266.0000
9656,232266.0000
9657,232266.0000
9658,232266.0000
9659,232266.0000
9660,232266.0000
9661,232266.0000
9662,232266.0000
9663,232266.0000
9664,232266.0000
9665,232266.0000
9666,232266.0000
9667,232266.0000
9668,232266.0000
9669,232266.0000
9670,232266.0000
9671,232266.0000
9672,232266.0000
9673,232266.0000
9674,232266.0000
9675,232266.0000
9676,232266.0000
9677,232266.0000
9678,232266.0000
9679,232266.0000
9680,232266.0000
9681,232266.0000
9682,232266.0000
9683,232266.0000
9684,232266.0000
9685,232266.0000
9686,232266.0000
9687,232266.0000
9688,232266.0000
9689,232266.0000
9690,232266.0000
9691,232266.0000
9692,232266.0000
9693,232266.0000
9694,232266.0000
9695,232266.0000
9696,232266.0000
9697,232266.0000
9698,232266.0000
9699,232266.0000
9700,232266.0000
9701,232266.0000
9702,232266.0000
9703,232266.0000
9704,232266.0000
9705,232266.0000
9706,232266.0000
9707,232266.0000
9708,232266.0000
9709,232266.0000
9710,232266.0000
9711,232266.0000
9712,232266.0000
9713,232266.0000
9714,232266.0000
9715,232266.0000
9716,232266.0000
9717,232266.0000
9718,232266.0000
9719,232266.0000
9720,232266.0000
9721,232266.0000
9722,232266.0000
9723,232266.0000
9724,232266.0000
9725,232266.0000
9726,232266.0000
9727,232266.0000
9728,232266.0000
9729,232266.0000
9730,232266.0000
9731,232266.0000
9732,232266.0000
9733,232266.0000
9734,232266.0000
9735,232266.0000
9736,232266.0000
9737,232266.0000
9738,232266.0000
9739,232266.0000
9740,232266.0000
9741,232266.0000
9742,232266.0000
9743,232266.0000
9744,232266.0000
9745,232266.0000
9746,232266.0000
9747,232266.0000
9748,232266.0000
9749,232266.0000
9750,232266.0000
9751,232266.0000
9752,232266.0000
9753,232266.0000
9754,232266.0000
9755,232266.0000
9756,232266.0000
9757,232266.0000
9758,232266.0000
9759,232266.0000
9760,232266.0000
9761,232266.0000
9762,232266.0000
9763,232266.0000
9764,232266.0000
9765,232266.0000
9766,232266.0000
9767,232266.0000
9768,232266.0000
9769,232266.0000
9770,232266.0000
9771,232266.0000
9772,232266.0000
9773,232266.0000
9774,232266.0000
9775,232266.0000
9776,232266.0000
9777,232266.0000
9778,232266.0000
9779,232266.0000
9780,232266.0000
9781,232266.0000
9782,232266.0000
9783,232266.0000
9784,232266.0000
9785,232266.0000
9786,232266.0000
9787,232266.0000
9788,232266.0000
9789,232266.0000
9790,232266.0000
9791,232266.0000
9792,232266.0000
9793,232266.0000
9794,232266.0000
9795,232266.0000
9796,232266.0000
9797,232266.0000
9798,232266.0000
9799,232266.0000
9800,232266.0000
9801,232266.0000
9802,232266.0000
9803,232266.0000
9804,232266.0000
9805,232266.0000
9806,232266.0000
9807,232266.0000
9808,232266.0000
9809,232266.0000
9810,232266.0000
9811,232266.0000
9812,232266.0000
9813,232266.0000
9814,232266.0000
9815,232266.0000
9816,232266.0000
9817,232266.0000
9818,232266.0000
9819,232266.0000
9820,232266.0000
9821,232266.0000
9822,232266.0000
9823,232266.0000
9824,232266.0000
9825,232266.0000
9826,232266.0000
9827,232266.0000
9828,232266.0000
9829,232266.0000
9830,232266.0000
9831,232266.0000
9832,232266.0000
9833,232266.0000
9834,232266.0000
9835,232266.0000
9836,232266.0000
9837,232266.0000
9838,232266.0000
9839,232266.0000
9840,232266.0000
9841,232266.0000
9842,232266.0000
9843,232266.0000
9844,232266.0000
9845,232266.0000
9846,232266.0000
9847,232266.0000
9848,232266.0000
9849,232266.0000
9850,232266.0000
9851,232266.0000
9852,232266.0000
9853,232266.0000
9854,232266.0000
9855,232266.0000
9856,232266.0000
9857,232266.0000
9858,232266.0000
9859,232266.0000
9860,232266.0000
9861,232266.0000
9862,232266.0000
9863,232266.0000
9864,232266.0000
9865,232266.0000
9866,232266.0000
9867,232266.0000
9868,232266.0000
9869,232266.0000
9870,232266.0000
9871,232266.0000
9872,232266.0000
9873,232266.0000
9874,232266.0000
9875,232266.0000
9876,232266.0000
9877,232266.0000
9878,232266.0000
9879,232266.0000
9880,232266.0000
9881,232266.0000
9882,232266.0000
9883,232266.0000
9884,232266.0000
9885,232266.0000
9886,232266.0000
9887,232266.0000
9888,232266.0000
9889,232266.0000
9890,232266.0000
9891,232266.0000
9892,232266.0000
9893,232266.0000
9894,232266.0000
9895,232266.0000
9896,232266.0000
9897,232266.0000
9898,232266.0000
9899,232266.0000
9900,232266.0000
9901,232266.0000
9902,232266.0000
9903,232266.0000
9904,232266.0000
9905,232266.0000
9906,232266.0000
9907,232266.0000
9908,232266.0000
9909,232266.0000
9910,232266.0000
9911,232266.0000
9912,232266.0000
9913,232266.0000
9914,232266.0000
9915,232266.0000
9916,232266.0000
9917,232266.0000
9918,232266.0000
9919,232266.0000
9920,232266.0000
9921,232266.0000
9922,232266.0000
9923,232266.0000
9924,232266.0000
9925,232266.0000
9926,232266.0000
9927,232266.0000
9928,232266.0000
9929,232266.0000
9930,232266.0000
9931,232266.0000
9932,232266.0000
9933,232266.0000
9934,232266.0000
9935,232266.0000
9936,232266.0000
9937,232266.0000
9938,232266.0000
9939,232266.0000
9940,232266.0000
9941,232266.0000
9942,232266.0000
9943,232266.0000
9944,232266.0000
9945,232266.0000
9946,232266.0000
9947,232266.0000
9948,232266.0000
9949,232266.0000
9950,232266.0000
9951,232266.0000
9952,232266.0000
9953,232266.0000
9954,232266.0000
9955,232266.0000
9956,232266.0000
9957,232266.0000
9958,232266.0000
9959,232266.0000
9960,232266.0000
9961,232266.0000
9962,232266.0000
9963,232266.0000
9964,232266.0000
9965,232266.0000
9966,232266.0000
9967,232266.0000
9968,232266.0000
9969,232266.0000
9970,232266.0000
9971,232266.0000
9972,232266.0000
9973,232266.0000
9974,232266.0000
9975,232266.0000
9976,232266.0000
9977,232266.0000
9978,232266.0000
9979,232266.0000
9980,232266.0000
9981,232266.0000
9982,232266.0000
9983,232266.0000
9984,232266.0000
9985,232266.0000
9986,232266.0000
9987,232266.0000
9988,232266.0000
9989,232266.0000
9990,232266.0000
9991,232266.0000
9992,232266.0000
9993,232266.0000
9994,232266.0000
9995,232266.0000
9996,232266.0000
9997,232266.0000
9998,232266.0000
9999,232266.0000
10000,232266.0000
10001,232266.0000
10002,232266.0000
10003,232266.0000
10004,232266.0000
10005,232266.0000
10006,232266.0000
10007,232266.0000
10008,232266.0000
10009,232266.0000
10010,232266.0000
10011,232266.0000
10012,232266.0000
10013,232266.0000
10014,232266.0000
10015,232266.0000
10016,232266.0000
10017,232266.0000
10018,232266.0000
10019,232266.0000
10020,232266.0000
10021,232266.0000
10022,232266.0000
10023,232266.0000
10024,232266.0000
10025,232266.0000
10026,232266.0000
10027,232266.0000
10028,232266.0000
10029,232266.0000
10030,232266.0000
10031,232266.0000
10032,232266.0000
10033,232266.0000
10034,232266.0000
10035,232266.0000
10036,232266.0000
10037,232266.0000
10038,232266.0000
10039,232266.0000
10040,232266.0000
10041,232266.0000
10042,232266.0000
10043,232266.0000
10044,232266.0000
10045,232266.0000
10046,232266.0000
10047,232266.0000
10048,232266.0000
10049,232266.0000
10050,232266.0000
10051,232266.0000
10052,232266.0000
10053,232266.0000
10054,232266.0000
10055,232266.0000
10056,232266.0000
10057,232266.0000
10058,232266.0000
10059,232266.0000
10060,232266.0000
10061,232266.0000
10062,232266.0000
10063,232266.0000
10064,232266.0000
10065,232266.0000
10066,232266.0000
10067,232266.0000
10068,232266.0000
10069,232266.0000
10070,232266.0000
10071,232266.0000
10072,232266.0000
10073,232266.0000
10074,232266.0000
10075,232266.0000
10076,232266.0000
10077,232266.0000
10078,232266.0000
10079,232266.0000
10080,232266.0000
10081,232266.0000
10082,232266.0000
10083,232266.0000
10084,232266.0000
10085,232266.0000
10086,232266.0000
10087,232266.0000
10088,232266.0000
10089,232266.0000
10090,232266.0000
10091,232266.0000
10092,232266.0000
10093,232266.0000
10094,232266.0000
10095,232266.0000
10096,232266.0000
10097,232266.0000
10098,232266.0000
10099,232266.0000
10100,232266.0000
10101,232266.0000
10102,232266.0000
10103,232266.0000
10104,232266.0000
10105,232266.0000
10106,232266.0000
10107,232266.0000
10108,232266.0000
10109,232266.0000
10110,232266.0000
10111,232266.0000
10112,232266.0000
10113,232266.0000
10114,232266.0000
10115,232266.0000
10116,232266.0000
10117,232266.0000
10118,232266.0000
10119,232266.0000
10120,232266.0000
10121,232266.0000
10122,232266.0000
10123,232266.0000
10124,232266.0000
10125,232266.0000
10126,232266.0000
10127,232266.0000
10128,232266.0000
10129,232266.0000
10130,232266.0000
10131,232266.0000
10132,232266.0000
10133,232266.0000
10134,232266.0000
10135,232266.0000
10136,232266.0000
10137,232266.0000
10138,232266.0000
10139,232266.0000
10140,232266.0000
10141,232266.0000
10142,232266.0000
10143,232266.0000
10144,232266.0000
10145,232266.0000
10146,232266.0000
10147,232266.0000
10148,232266.0000
10149,232266.0000
10150,232266.0000
10151,232266.0000
10152,232266.0000
10153,232266.0000
10154,232266.0000
10155,232266.0000
10156,232266.0000
10157,232266.0000
10158,232266.0000
10159,232266.0000
10160,232266.0000
10161,232266.0000
10162,232266.0000
10163,232266.0000
10164,232266.0000
10165,232266.0000
10166,232266.0000
10167,232266.0000
10168,232266.0000
10169,232266.0000
10170,232266.0000
10171,232266.0000
10172,232266.0000
10173,232266.0000
10174,232266.0000
10175,232266.0000
10176,232266.0000
10177,232266.0000
10178,232266.0000
10179,232266.0000
10180,232266.0000
10181,232266.0000
10182,232266.0000
10183,232266.0000
10184,232266.0000
10185,232266.0000
10186,232266.0000
10187,232266.0000
10188,232266.0000
10189,232266.0000
10190,232266.0000
10191,232266.0000
10192,232266.0000
10193,232266.0000
10194,232266.0000
10195,232266.0000
10196,232266.0000
10197,232266.0000
10198,232266.0000
10199,232266.0000
10200,232266.0000
10201,232266.0000
10202,232266.0000
10203,232266.0000
10204,232266.0000
10205,232266.0000
10206,232266.0000
10207,232266.0000
10208,232266.0000
10209,232266.0000
10210,232266.0000
10211,232266.0000
10212,232266.0000
10213,232266.0000
10214,232266.0000
10215,232266.0000
10216,232266.0000
10217,232266.0000
10218,232266.0000
10219,232266.0000
10220,232266.0000
10221,232266.0000
10222,232266.0000
10223,232266.0000
10224,232266.0000
10225,232266.0000
10226,232266.0000
10227,232266.0000
10228,232266.0000
10229,232266.0000
10230,232266.0000
10231,232266.0000
10232,232266.0000
10233,232266.0000
10234,232266.0000
10235,232266.0000
10236,232266.0000
10237,232266.0000
10238,232266.0000
10239,232266.0000
10240,232266.0000
10241,232266.0000
10242,232266.0000
10243,232266.0000
10244,232266.0000
10245,232266.0000
10246,232266.0000
10247,232266.0000
10248,232266.0000
10249,232266.0000
10250,232266.0000
10251,232266.0000
10252,232266.0000
10253,232266.0000
10254,232266.0000
10255,232266.0000
10256,232266.0000
10257,232266.0000
10258,232266.0000
10259,232266.0000
10260,232266.0000
10261,232266.0000
10262,232266.0000
10263,232266.0000
10264,232266.0000
10265,232266.0000
10266,232266.0000
10267,232266.0000
10268,232266.0000
10269,232266.0000
10270,232266.0000
10271,232266.0000
10272,232266.0000
10273,232266.0000
10274,232266.0000
10275,232266.0000
10276,232266.0000
10277,232266.0000
10278,232266.0000
10279,232266.0000
10280,232266.0000
10281,232266.0000
10282,232266.0000
10283,232266.0000
10284,232266.0000
10285,232266.0000
10286,232266.0000
10287,232266.0000
10288,232266.0000
10289,232266.0000
10290,232266.0000
10291,232266.0000
10292,232266.0000
10293,232266.0000
10294,232266.0000
10295,232266.0000
10296,232266.0000
10297,232266.0000
10298,232266.0000
10299,232266.0000
10300,232266.0000
10301,232266.0000
10302,232266.0000
10303,232266.0000
10304,232266.0000
10305,232266.0000
10306,232266.0000
10307,232266.0000
10308,232266.0000
10309,232266.0000
10310,232266.0000
10311,232266.0000
10312,232266.0000
10313,232266.0000
10314,232266.0000
10315,232266.0000
10316,232266.0000
10317,232266.0000
10318,232266.0000
10319,232266.0000
10320,232266.0000
10321,232266.0000
10322,232266.0000
10323,232266.0000
10324,232266.0000
10325,232266.0000
10326,232266.0000
10327,232266.0000
10328,232266.0000
10329,232266.0000
10330,232266.0000
10331,232266.0000
10332,232266.0000
10333,232266.0000
10334,232266.0000
10335,232266.0000
10336,232266.0000
10337,232266.0000
10338,232266.0000
10339,232266.0000
10340,232266.0000
10341,232266.0000
10342,232266.0000
10343,232266.0000
10344,232266.0000
10345,232266.0000
10346,232266.0000
10347,232266.0000
10348,232266.0000
10349,232266.0000
10350,232266.0000
10351,232266.0000
10352,232266.0000
10353,232266.0000
10354,232266.0000
10355,232266.0000
10356,232266.0000
10357,232266.0000
10358,232266.0000
10359,232266.0000
10360,232266.0000
10361,232266.0000
10362,232266.0000
10363,232266.0000
10364,232266.0000
10365,232266.0000
10366,232266.0000
10367,232266.0000
10368,232266.0000
10369,232266.0000
10370,232266.0000
10371,232266.0000
10372,232266.0000
10373,232266.0000
10374,232266.0000
10375,232266.0000
10376,232266.0000
10377,232266.0000
10378,232266.0000
10379,232266.0000
10380,232266.0000
10381,232266.0000
10382,232266.0000
10383,232266.0000
10384,232266.0000
10385,232266.0000
10386,232266.0000
10387,232266.0000
10388,232266.0000
10389,232266.0000
10390,232266.0000
10391,232266.0000
10392,232266.0000
10393,232266.0000
10394,232266.0000
10395,232266.0000
10396,232266.0000
10397,232266.0000
10398,232266.0000
10399,232266.0000
10400,232266.0000
10401,232266.0000
10402,232266.0000
10403,232266.0000
10404,232266.0000
10405,232266.0000
10406,232266.0000
10407,232266.0000
10408,232266.0000
10409,232266.0000
10410,232266.0000
10411,232266.0000
10412,232266.0000
10413,232266.0000
10414,232266.0000
10415,232266.0000
10416,232266.0000
10417,232266.0000
10418,232266.0000
10419,232266.0000
10420,232266.0000
10421,232266.0000
10422,232266.0000
10423,232266.0000
10424,232266.0000
10425,232266.0000
10426,232266.0000
10427,232266.0000
10428,232266.0000
10429,232266.0000
10430,232266.0000
10431,232266.0000
10432,232266.0000
10433,232266.0000
10434,232266.0000
10435,232266.0000
10436,232266.0000
10437,232266.0000
10438,232266.0000
10439,232266.0000
10440,232266.0000
10441,232266.0000
10442,232266.0000
10443,232266.0000
10444,232266.0000
10445,232266.0000
10446,232266.0000
10447,232266.0000
10448,232266.0000
10449,232266.0000
10450,232266.0000
10451,232266.0000
10452,232266.0000
10453,232266.0000
10454,232266.0000
10455,232266.0000
10456,232266.0000
10457,232266.0000
10458,232266.0000
10459,232266.0000
10460,232266.0000
10461,232266.0000
10462,232266.0000
10463,232266.0000
10464,232266.0000
10465,232266.0000
10466,232266.0000
10467,232266.0000
10468,232266.0000
10469,232266.0000
10470,232266.0000
10471,232266.0000
10472,232266.0000
10473,232266.0000
10474,232266.0000
10475,232266.0000
10476,232266.0000
10477,232266.0000
10478,232266.0000
10479,232266.0000
10480,232266.0000
10481,232266.0000
10482,232266.0000
10483,232266.0000
10484,232266.0000
10485,232266.0000
10486,232266.0000
10487,232266.0000
10488,232266.0000
10489,232266.0000
10490,232266.0000
10491,232266.0000
10492,232266.0000
10493,232266.0000
10494,232266.0000
10495,232266.0000
10496,232266.0000
10497,232266.0000
10498,232266.0000
10499,232266.0000
10500,232266.0000
10501,232266.0000
10502,232266.0000
10503,232266.0000
10504,232266.0000
10505,232266.0000
10506,232266.0000
10507,232266.0000
10508,232266.0000
10509,232266.0000
10510,232266.0000
10511,232266.0000
10512,232266.0000
10513,232266.0000
10514,232266.0000
10515,232266.0000
10516,232266.0000
10517,232266.0000
10518,232266.0000
10519,232266.0000
10520,232266.0000
10521,232266.0000
10522,232266.0000
10523,232266.0000
10524,232266.0000
10525,232266.0000
10526,232266.0000
10527,232266.0000
10528,232266.0000
10529,232266.0000
10530,232266.0000
10531,232266.0000
10532,232266.0000
10533,232266.0000
10534,232266.0000
10535,232266.0000
10536,232266.0000
10537,232266.0000
10538,232266.0000
10539,232266.0000
10540,232266.0000
10541,232266.0000
10542,232266.0000
10543,232266.0000
10544,232266.0000
10545,232266.0000
10546,232266.0000
10547,232266.0000
10548,232266.0000
10549,232266.0000
10550,232266.0000
10551,232266.0000
10552,232266.0000
10553,232266.0000
10554,232266.0000
10555,232266.0000
10556,232266.0000
10557,232266.0000
10558,232266.0000
10559,232266.0000
10560,232266.0000
10561,232266.0000
10562,232266.0000
10563,232266.0000
10564,232266.0000
10565,232266.0000
10566,232266.0000
10567,232266.0000
10568,232266.0000
10569,232266.0000
10570,232266.0000
10571,232266.0000
10572,232266.0000
10573,232266.0000
10574,232266.0000
10575,232266.0000
10576,232266.0000
10577,232266.0000
10578,232266.0000
10579,232266.0000
10580,232266.0000
10581,232266.0000
10582,232266.0000
10583,232266.0000
10584,232266.0000
10585,232266.0000
10586,232266.0000
10587,232266.0000
10588,232266.0000
10589,232266.0000
10590,232266.0000
10591,232266.0000
10592,232266.0000
10593,232266.0000
10594,232266.0000
10595,232266.0000
10596,232266.0000
10597,232266.0000
10598,232266.0000
10599,232266.0000
10600,232266.0000
10601,232266.0000
10602,232266.0000
10603,232266.0000
10604,232266.0000
10605,232266.0000
10606,232266.0000
10607,232266.0000
10608,232266.0000
10609,232266.0000
10610,232266.0000
10611,232266.0000
10612,232266.0000
10613,232266.0000
10614,232266.0000
10615,232266.0000
10616,232266.0000
10617,232266.0000
10618,232266.0000
10619,232266.0000
10620,232266.0000
10621,232266.0000
10622,232266.0000
10623,232266.0000
10624,232266.0000
10625,232266.0000
10626,232266.0000
10627,232266.0000
10628,232266.0000
10629,232266.0000
10630,232266.0000
10631,232266.0000
10632,232266.0000
10633,232266.0000
10634,232266.0000
10635,232266.0000
10636,232266.0000
10637,232266.0000
10638,232266.0000
10639,232266.0000
10640,232266.0000
10641,232266.0000
10642,232266.0000
10643,232266.0000
10644,232266.0000
10645,232266.0000
10646,232266.0000
10647,232266.0000
10648,232266.0000
10649,232266.0000
10650,232266.0000
10651,232266.0000
10652,232266.0000
10653,232266.0000
10654,232266.0000
10655,232266.0000
10656,232266.0000
10657,232266.0000
10658,232266.0000
10659,232266.0000
10660,232266.0000
10661,232266.0000
10662,232266.0000
10663,232266.0000
10664,232266.0000
10665,232266.0000
10666,232266.0000
10667,232266.0000
10668,232266.0000
10669,232266.0000
10670,232266.0000
10671,232266.0000
10672,232266.0000
10673,232266.0000
10674,232266.0000
10675,232266.0000
10676,232266.0000
10677,232266.0000
10678,232266.0000
10679,232266.0000
10680,232266.0000
10681,232266.0000
10682,232266.0000
10683,232266.0000
10684,232266.0000
10685,232266.0000
10686,232266.0000
10687,232266.0000
10688,232266.0000
10689,232266.0000
10690,232266.0000
10691,232266.0000
10692,232266.0000
10693,232266.0000
10694,232266.0000
10695,232266.0000
10696,232266.0000
10697,232266.0000
10698,232266.0000
10699,232266.0000
10700,232266.0000
10701,232266.0000
10702,232266.0000
10703,232266.0000
10704,232266.0000
10705,232266.0000
10706,232266.0000
10707,232266.0000
10708,232266.0000
10709,232266.0000
10710,232266.0000
10711,232266.0000
10712,232266.0000
10713,232266.0000
10714,232266.0000
10715,232266.0000
10716,232266.0000
10717,232266.0000
10718,232266.0000
10719,232266.0000
10720,232266.0000
10721,232266.0000
10722,232266.0000
10723,232266.0000
10724,232266.0000
10725,232266.0000
10726,232266.0000
10727,232266.0000
10728,232266.0000
10729,232266.0000
10730,232266.0000
10731,232266.0000
10732,232266.0000
10733,232266.0000
10734,232266.0000
10735,232266.0000
10736,232266.0000
10737,232266.0000
10738,232266.0000
10739,232266.0000
10740,232266.0000
10741,232266.0000
10742,232266.0000
10743,232266.0000
10744,232266.0000
10745,232266.0000
10746,232266.0000
10747,232266.0000
10748,232266.0000
10749,232266.0000
10750,232266.0000
10751,232266.0000
10752,232266.0000
10753,232266.0000
10754,232266.0000
10755,232266.0000
10756,232266.0000
10757,232266.0000
10758,232266.0000
10759,232266.0000
10760,232266.0000
10761,232266.0000
10762,232266.0000
10763,232266.0000
10764,232266.0000
10765,232266.0000
10766,232266.0000
10767,232266.0000
10768,232266.0000
10769,232266.0000
10770,232266.0000
10771,232266.0000
10772,232266.0000
10773,232266.0000
10774,232266.0000
10775,232266.0000
10776,232266.0000
10777,232266.0000
10778,232266.0000
10779,232266.0000
10780,232266.0000
10781,232266.0000
10782,232266.0000
10783,232266.0000
10784,232266.0000
10785,232266.0000
10786,232266.0000
10787,232266.0000
10788,232266.0000
10789,232266.0000
10790,232266.0000
10791,232266.0000
10792,232266.0000
10793,232266.0000
10794,232266.0000
10795,232266.0000
10796,232266.0000
10797,232266.0000
10798,232266.0000
10799,232266.0000
10800,232266.0000
10801,232266.0000
10802,232266.0000
10803,232266.0000
10804,232266.0000
10805,232266.0000
10806,232266.0000
10807,232266.0000
10808,232266.0000
10809,232266.0000
10810,232266.0000
10811,232266.0000
10812,232266.0000
10813,232266.0000
10814,232266.0000
10815,232266.0000
10816,232266.0000
10817,232266.0000
10818,232266.0000
10819,232266.0000
10820,232266.0000
10821,232266.0000
10822,232266.0000
10823,232266.0000
10824,232266.0000
10825,232266.0000
10826,232266.0000
10827,232266.0000
10828,232266.0000
10829,232266.0000
10830,232266.0000
10831,232266.0000
10832,232266.0000
10833,232266.0000
10834,232266.0000
10835,232266.0000
10836,232266.0000
10837,232266.0000
10838,232266.0000
10839,232266.0000
10840,232266.0000
10841,232266.0000
10842,232266.0000
10843,232266.0000
10844,232266.0000
10845,232266.0000
10846,232266.0000
10847,232266.0000
10848,232266.0000
10849,232266.0000
10850,232266.0000
10851,232266.0000
10852,232266.0000
10853,232266.0000
10854,232266.0000
10855,232266.0000
10856,232266.0000
10857,232266.0000
10858,232266.0000
10859,232266.0000
10860,232266.0000
10861,232266.0000
10862,232266.0000
10863,232266.0000
10864,232266.0000
10865,232266.0000
10866,232266.0000
10867,232266.0000
10868,232266.0000
10869,232266.0000
10870,232266.0000
10871,232266.0000
10872,232266.0000
10873,232266.0000
10874,232266.0000
10875,232266.0000
10876,232266.0000
10877,232266.0000
10878,232266.0000
10879,232266.0000
10880,232266.0000
10881,232266.0000
10882,232266.0000
10883,232266.0000
10884,232266.0000
10885,232266.0000
10886,232266.0000
10887,232266.0000
10888,232266.0000
10889,232266.0000
10890,232266.0000
10891,232266.0000
10892,232266.0000
10893,232266.0000
10894,232266.0000
10895,232266.0000
10896,232266.0000
10897,232266.0000
10898,232266.0000
10899,232266.0000
10900,232266.0000
10901,232266.0000
10902,232266.0000
10903,232266.0000
10904,232266.0000
10905,232266.0000
10906,232266.0000
10907,232266.0000
10908,232266.0000
10909,232266.0000
10910,232266.0000
10911,232266.0000
10912,232266.0000
10913,232266.0000
10914,232266.0000
10915,232266.0000
10916,232266.0000
10917,232266.0000
10918,232266.0000
10919,232266.0000
10920,232266.0000
10921,232266.0000
10922,232266.0000
10923,232266.0000
10924,232266.0000
10925,232266.0000
10926,232266.0000
10927,232266.0000
10928,232266.0000
10929,232266.0000
10930,232266.0000
10931,232266.0000
10932,232266.0000
10933,232266.0000
10934,232266.0000
10935,232266.0000
10936,232266.0000
10937,232266.0000
10938,232266.0000
10939,232266.0000
10940,232266.0000
10941,232266.0000
10942,232266.0000
10943,232266.0000
10944,232266.0000
10945,232266.0000
10946,232266.0000
10947,232266.0000
10948,232266.0000
10949,232266.0000
10950,232266.0000
10951,232266.0000
10952,232266.0000
10953,232266.0000
10954,232266.0000
10955,232266.0000
10956,232266.0000
10957,232266.0000
10958,232266.0000
10959,232266.0000
10960,232266.0000
10961,232266.0000
10962,232266.0000
10963,232266.0000
10964,232266.0000
10965,232266.0000
10966,232266.0000
10967,232266.0000
10968,232266.0000
10969,232266.0000
10970,232266.0000
10971,232266.0000
10972,232266.0000
10973,232266.0000
10974,232266.0000
10975,232266.0000
10976,232266.0000
10977,232266.0000
10978,232266.0000
10979,232266.0000
10980,232266.0000
10981,232266.0000
10982,232266.0000
10983,232266.0000
10984,232266.0000
10985,232266.0000
10986,232266.0000
10987,232266.0000
10988,232266.0000
10989,232266.0000
10990,232266.0000
10991,232266.0000
10992,232266.0000
10993,232266.0000
10994,232266.0000
10995,232266.0000
10996,232266.0000
10997,232266.0000
10998,232266.0000
10999,232266.0000
11000,232266.0000
11001,232266.0000
11002,232266.0000
11003,232266.0000
11004,232266.0000
11005,232266.0000
11006,232266.0000
11007,232266.0000
11008,232266.0000
11009,232266.0000
11010,232266.0000
11011,232266.0000
11012,232266.0000
11013,232266.0000
11014,232266.0000
11015,232266.0000
11016,232266.0000
11017,232266.0000
11018,232266.0000
11019,232266.0000
11020,232266.0000
11021,232266.0000
11022,232266.0000
11023,232266.0000
11024,232266.0000
11025,232266.0000
11026,232266.0000
11027,232266.0000
11028,232266.0000
11029,232266.0000
11030,232266.0000
11031,232266.0000
11032,232266.0000
11033,232266.0000
11034,232266.0000
11035,232266.0000
11036,232266.0000
11037,232266.0000
11038,232266.0000
11039,232266.0000
11040,232266.0000
11041,232266.0000
11042,232266.0000
11043,232266.0000
11044,232266.0000
11045,232266.0000
11046,232266.0000
11047,232266.0000
11048,232266.0000
11049,232266.0000
11050,232266.0000
11051,232266.0000
11052,232266.0000
11053,232266.0000
11054,232266.0000
11055,232266.0000
11056,232266.0000
11057,232266.0000
11058,232266.0000
11059,232266.0000
11060,232266.0000
11061,232266.0000
11062,232266.0000
11063,232266.0000
11064,232266.0000
11065,232266.0000
11066,232266.0000
11067,232266.0000
11068,232266.0000
11069,232266.0000
11070,232266.0000
11071,232266.0000
11072,232266.0000
11073,232266.0000
11074,232266.0000
11075,232266.0000
11076,232266.0000
11077,232266.0000
11078,232266.0000
11079,232266.0000
11080,232266.0000
11081,232266.0000
11082,232266.0000
11083,232266.0000
11084,232266.0000
11085,232266.0000
11086,232266.0000
11087,232266.0000
11088,232266.0000
11089,232266.0000
11090,232266.0000
11091,232266.0000
11092,232266.0000
11093,232266.0000
11094,232266.0000
11095,232266.0000
11096,232266.0000
11097,232266.0000
11098,232266.0000
11099,232266.0000
11100,232266.0000
11101,232266.0000
11102,232266.0000
11103,232266.0000
11104,232266.0000
11105,232266.0000
11106,232266.0000
11107,232266.0000
11108,232266.0000
11109,232266.0000
11110,232266.0000
11111,232266.0000
11112,232266.0000
11113,232266.0000
11114,232266.0000
11115,232266.0000
11116,232266.0000
11117,232266.0000
11118,232266.0000
11119,232266.0000
11120,232266.0000
11121,232266.0000
11122,232266.0000
11123,232266.0000
11124,232266.0000
11125,232266.0000
11126,232266.0000
11127,232266.0000
11128,232266.0000
11129,232266.0000
11130,232266.0000
11131,232266.0000
11132,232266.0000
11133,232266.0000
11134,232266.0000
11135,232266.0000
11136,232266.0000
11137,232266.0000
11138,232266.0000
11139,232266.0000
11140,232266.0000
11141,232266.0000
11142,232266.0000
11143,232266.0000
11144,232266.0000
11145,232266.0000
11146,232266.0000
11147,232266.0000
11148,232266.0000
11149,232266.0000
11150,232266.0000
11151,232266.0000
11152,232266.0000
11153,232266.0000
11154,232266.0000
11155,232266.0000
11156,232266.0000
11157,232266.0000
11158,232266.0000
11159,232266.0000
11160,232266.0000
11161,232266.0000
11162,232266.0000
11163,232266.0000
11164,232266.0000
11165,232266.0000
11166,232266.0000
11167,232266.0000
11168,232266.0000
11169,232266.0000
11170,232266.0000
11171,232266.0000
11172,232266.0000
11173,232266.0000
11174,232266.0000
11175,232266.0000
11176,232266.0000
11177,232266.0000
11178,232266.0000
11179,232266.0000
11180,232266.0000
11181,232266.0000
11182,232266.0000
11183,232266.0000
11184,232266.0000
11185,232266.0000
11186,232266.0000
11187,232266.0000
11188,232266.0000
11189,232266.0000
11190,232266.0000
11191,232266.0000
11192,232266.0000
11193,232266.0000
11194,232266.0000
11195,232266.0000
11196,232266.0000
11197,232266.0000
11198,232266.0000
11199,232266.0000
11200,232266.0000
11201,232266.0000
11202,232266.0000
11203,232266.0000
11204,232266.0000
11205,232266.0000
11206,232266.0000
11207,232266.0000
11208,232266.0000
11209,232266.0000
11210,232266.0000
11211,232266.0000
11212,232266.0000
11213,232266.0000
11214,232266.0000
11215,232266.0000
11216,232266.0000
11217,232266.0000
11218,232266.0000
11219,232266.0000
11220,232266.0000
11221,232266.0000
11222,232266.0000
11223,232266.0000
11224,232266.0000
11225,232266.0000
11226,232266.0000
11227,232266.0000
11228,232266.0000
11229,232266.0000
11230,232266.0000
11231,232266.0000
11232,232266.0000
11233,232266.0000
11234,232266.0000
11235,232266.0000
11236,232266.0000
11237,232266.0000
11238,232266.0000
11239,232266.0000
11240,232266.0000
11241,232266.0000
11242,232266.0000
11243,232266.0000
11244,232266.0000
11245,232266.0000
11246,232266.0000
11247,232266.0000
11248,232266.0000
11249,232266.0000
11250,232266.0000
11251,232266.0000
11252,232266.0000
11253,232266.0000
11254,232266.0000
11255,232266.0000
11256,232266.0000
11257,232266.0000
11258,232266.0000
11259,232266.0000
11260,232266.0000
11261,232266.0000
11262,232266.0000
11263,232266.0000
11264,232266.0000
11265,232266.0000
11266,232266.0000
11267,232266.0000
11268,232266.0000
11269,232266.0000
11270,232266.0000
11271,232266.0000
11272,232266.0000
11273,232266.0000
11274,232266.0000
11275,232266.0000
11276,232266.0000
11277,232266.0000
11278,232266.0000
11279,232266.0000
11280,232266.0000
11281,232266.0000
11282,232266.0000
11283,232266.0000
11284,232266.0000
11285,232266.0000
11286,232266.0000
11287,232266.0000
11288,232266.0000
11289,232266.0000
11290,232266.0000
11291,232266.0000
11292,232266.0000
11293,232266.0000
11294,232266.0000
11295,232266.0000
11296,232266.0000
11297,232266.0000
11298,232266.0000
11299,232266.0000
11300,232266.0000
11301,232266.0000
11302,232266.0000
11303,232266.0000
11304,232266.0000
11305,232266.0000
11306,232266.0000
11307,232266.0000
11308,232266.0000
11309,232266.0000
11310,232266.0000
11311,232266.0000
11312,232266.0000
11313,232266.0000
11314,232266.0000
11315,232266.0000
11316,232266.0000
11317,232266.0000
11318,232266.0000
11319,232266.0000
11320,232266.0000
11321,232266.0000
11322,232266.0000
11323,232266.0000
11324,232266.0000
11325,232266.0000
11326,232266.0000
11327,232266.0000
11328,232266.0000
11329,232266.0000
11330,232266.0000
11331,232266.0000
11332,232266.0000
11333,232266.0000
11334,232266.0000
11335,232266.0000
11336,232266.0000
11337,232266.0000
11338,232266.0000
11339,232266.0000
11340,232266.0000
11341,232266.0000
11342,232266.0000
11343,232266.0000
11344,232266.0000
11345,232266.0000
11346,232266.0000
11347,232266.0000
11348,232266.0000
11349,232266.0000
11350,232266.0000
11351,232266.0000
11352,232266.0000
11353,232266.0000
11354,232266.0000
11355,232266.0000
11356,232266.0000
11357,232266.0000
11358,232266.0000
11359,232266.0000
11360,232266.0000
11361,232266.0000
11362,232266.0000
11363,232266.0000
11364,232266.0000
11365,232266.0000
11366,232266.0000
11367,232266.0000
11368,232266.0000
11369,232266.0000
11370,232266.0000
11371,232266.0000
11372,232266.0000
11373,232266.0000
11374,232266.0000
11375,232266.0000
11376,232266.0000
11377,232266.0000
11378,232266.0000
11379,232266.0000
11380,232266.0000
11381,232266.0000
11382,232266.0000
11383,232266.0000
11384,232266.0000
11385,232266.0000
11386,232266.0000
11387,232266.0000
11388,232266.0000
11389,232266.0000
11390,232266.0000
11391,232266.0000
11392,232266.0000
11393,232266.0000
11394,232266.0000
11395,232266.0000
11396,232266.0000
11397,232266.0000
11398,232266.0000
11399,232266.0000
11400,232266.0000
11401,232266.0000
11402,232266.0000
11403,232266.0000
11404,232266.0000
11405,232266.0000
11406,232266.0000
11407,232266.0000
11408,232266.0000
11409,232266.0000
11410,232266.0000
11411,232266.0000
11412,232266.0000
11413,232266.0000
11414,232266.0000
11415,232266.0000
11416,232266.0000
11417,232266.0000
11418,232266.0000
11419,232266.0000
11420,232266.0000
11421,232266.0000
11422,232266.0000
11423,232266.0000
11424,232266.0000
11425,232266.0000
11426,232266.0000
11427,232266.0000
11428,232266.0000
11429,232266.0000
11430,232266.0000
11431,232266.0000
11432,232266.0000
11433,232266.0000
11434,232266.0000
11435,232266.0000
11436,232266.0000
11437,232266.0000
11438,232266.0000
11439,232266.0000
11440,232266.0000
11441,232266.0000
11442,232266.0000
11443,232266.0000
11444,232266.0000
11445,232266.0000
11446,232266.0000
11447,232266.0000
11448,232266.0000
11449,232266.0000
11450,232266.0000
11451,232266.0000
11452,232266.0000
11453,232266.0000
11454,232266.0000
11455,232266.0000
11456,232266.0000
11457,232266.0000
11458,232266.0000
11459,232266.0000
11460,232266.0000
11461,232266.0000
11462,232266.0000
11463,232266.0000
11464,232266.0000
11465,232266.0000
11466,232266.0000
11467,232266.0000
11468,232266.0000
11469,232266.0000
11470,232266.0000
11471,232266.0000
11472,232266.0000
11473,232266.0000
11474,232266.0000
11475,232266.0000
11476,232266.0000
11477,232266.0000
11478,232266.0000
11479,232266.0000
11480,232266.0000
11481,232266.0000
11482,232266.0000
11483,232266.0000
11484,232266.0000
11485,232266.0000
11486,232266.0000
11487,232266.0000
11488,232266.0000
11489,232266.0000
11490,232266.0000
11491,232266.0000
11492,232266.0000
11493,232266.0000
11494,232266.0000
11495,232266.0000
11496,232266.0000
11497,232266.0000
11498,232266.0000
11499,232266.0000
11500,232266.0000
11501,232266.0000
11502,232266.0000
11503,232266.0000
11504,232266.0000
11505,232266.0000
11506,232266.0000
11507,232266.0000
11508,232266.0000
11509,232266.0000
11510,232266.0000
11511,232266.0000
11512,232266.0000
11513,232266.0000
11514,232266.0000
11515,232266.0000
11516,232266.0000
11517,232266.0000
11518,232266.0000
11519,232266.0000
11520,232266.0000
11521,232266.0000
11522,232266.0000
11523,232266.0000
11524,232266.0000
11525,232266.0000
11526,232266.0000
11527,232266.0000
11528,232266.0000
11529,232266.0000
11530,232266.0000
11531,232266.0000
11532,232266.0000
11533,232266.0000
11534,232266.0000
11535,232266.0000
11536,232266.0000
11537,232266.0000
11538,232266.0000
11539,232266.0000
11540,232266.0000
11541,232266.0000
11542,232266.0000
11543,232266.0000
11544,232266.0000
11545,232266.0000
11546,232266.0000
11547,232266.0000
11548,232266.0000
11549,232266.0000
11550,232266.0000
11551,232266.0000
11552,232266.0000
11553,232266.0000
11554,232266.0000
11555,232266.0000
11556,232266.0000
11557,232266.0000
11558,232266.0000
11559,232266.0000
11560,232266.0000
11561,232266.0000
11562,232266.0000
11563,232266.0000
11564,232266.0000
11565,232266.0000
11566,232266.0000
11567,232266.0000
11568,232266.0000
11569,232266.0000
11570,232266.0000
11571,232266.0000
11572,232266.0000
11573,232266.0000
11574,232266.0000
11575,232266.0000
11576,232266.0000
11577,232266.0000
11578,232266.0000
11579,232266.0000
11580,232266.0000
11581,232266.0000
11582,232266.0000
11583,232266.0000
11584,232266.0000
11585,232266.0000
11586,232266.0000
11587,232266.0000
11588,232266.0000
11589,232266.0000
11590,232266.0000
11591,232266.0000
11592,232266.0000
11593,232266.0000
11594,232266.0000
11595,232266.0000
11596,232266.0000
11597,232266.0000
11598,232266.0000
11599,232266.0000
11600,232266.0000
11601,232266.0000
11602,232266.0000
11603,232266.0000
11604,232266.0000
11605,232266.0000
11606,232266.0000
11607,232266.0000
11608,232266.0000
11609,232266.0000
11610,232266.0000
11611,232266.0000
11612,232266.0000
11613,232266.0000
11614,232266.0000
11615,232266.0000
11616,232266.0000
11617,232266.0000
11618,232266.0000
11619,232266.0000
11620,232266.0000
11621,232266.0000
11622,232266.0000
11623,232266.0000
11624,232266.0000
11625,232266.0000
11626,232266.0000
11627,232266.0000
11628,232266.0000
11629,232266.0000
11630,232266.0000
11631,232266.0000
11632,232266.0000
11633,232266.0000
11634,232266.0000
11635,232266.0000
11636,232266.0000
11637,232266.0000
11638,232266.0000
11639,232266.0000
11640,232266.0000
11641,232266.0000
11642,232266.0000
11643,232266.0000
11644,232266.0000
11645,232266.0000
11646,232266.0000
11647,232266.0000
11648,232266.0000
11649,232266.0000
11650,232266.0000
11651,232266.0000
11652,232266.0000
11653,232266.0000
11654,232266.0000
11655,232266.0000
11656,232266.0000
11657,232266.0000
11658,232266.0000
11659,232266.0000
11660,232266.0000
11661,232266.0000
11662,232266.0000
11663,232266.0000
11664,232266.0000
11665,232266.0000
11666,232266.0000
11667,232266.0000
11668,232266.0000
11669,232266.0000
11670,232266.0000
11671,232266.0000
11672,232266.0000
11673,232266.0000
11674,232266.0000
11675,232266.0000
11676,232266.0000
11677,232266.0000
11678,232266.0000
11679,232266.0000
11680,232266.0000
11681,232266.0000
11682,232266.0000
11683,232266.0000
11684,232266.0000
11685,232266.0000
11686,232266.0000
11687,232266.0000
11688,232266.0000
11689,232266.0000
11690,232266.0000
11691,232266.0000
11692,232266.0000
11693,232266.0000
11694,232266.0000
11695,232266.0000
11696,232266.0000
11697,232266.0000
11698,232266.0000
11699,232266.0000
11700,232266.0000
11701,232266.0000
11702,232266.0000
11703,232266.0000
11704,232266.0000
11705,232266.0000
11706,232266.0000
11707,232266.0000
11708,232266.0000
11709,232266.0000
11710,232266.0000
11711,232266.0000
11712,232266.0000
11713,232266.0000
11714,232266.0000
11715,232266.0000
11716,232266.0000
11717,232266.0000
11718,232266.0000
11719,232266.0000
11720,232266.0000
11721,232266.0000
11722,232266.0000
11723,232266.0000
11724,232266.0000
11725,232266.0000
11726,232266.0000
11727,232266.0000
11728,232266.0000
11729,232266.0000
11730,232266.0000
11731,232266.0000
11732,232266.0000
11733,232266.0000
11734,232266.0000
11735,232266.0000
11736,232266.0000
11737,232266.0000
11738,232266.0000
11739,232266.0000
11740,232266.0000
11741,232266.0000
11742,232266.0000
11743,232266.0000
11744,232266.0000
11745,232266.0000
11746,232266.0000
11747,232266.0000
11748,232266.0000
11749,232266.0000
11750,232266.0000
11751,232266.0000
11752,232266.0000
11753,232266.0000
11754,232266.0000
11755,232266.0000
11756,232266.0000
11757,232266.0000
11758,232266.0000
11759,232266.0000
11760,232266.0000
11761,232266.0000
11762,232266.0000
11763,232266.0000
11764,232266.0000
11765,232266.0000
11766,232266.0000
11767,232266.0000
11768,232266.0000
11769,232266.0000
11770,232266.0000
11771,232266.0000
11772,232266.0000
11773,232266.0000
11774,232266.0000
11775,232266.0000
11776,232266.0000
11777,232266.0000
11778,232266.0000
11779,232266.0000
11780,232266.0000
11781,232266.0000
11782,232266.0000
11783,232266.0000
11784,232266.0000
11785,232266.0000
11786,232266.0000
11787,232266.0000
11788,232266.0000
11789,232266.0000
11790,232266.0000
11791,232266.0000
11792,232266.0000
11793,232266.0000
11794,232266.0000
11795,232266.0000
11796,232266.0000
11797,232266.0000
11798,232266.0000
11799,232266.0000
11800,232266.0000
11801,232266.0000
11802,232266.0000
11803,232266.0000
11804,232266.0000
11805,232266.0000
11806,232266.0000
11807,232266.0000
11808,232266.0000
11809,232266.0000
11810,232266.0000
11811,232266.0000
11812,232266.0000
11813,232266.0000
11814,232266.0000
11815,232266.0000
11816,232266.0000
11817,232266.0000
11818,232266.0000
11819,232266.0000
11820,232266.0000
11821,232266.0000
11822,232266.0000
11823,232266.0000
11824,232266.0000
11825,232266.0000
11826,232266.0000
11827,232266.0000
11828,232266.0000
11829,232266.0000
11830,232266.0000
11831,232266.0000
11832,232266.0000
11833,232266.0000
11834,232266.0000
11835,232266.0000
11836,232266.0000
11837,232266.0000
11838,232266.0000
11839,232266.0000
11840,232266.0000
11841,232266.0000
11842,232266.0000
11843,232266.0000
11844,232266.0000
11845,232266.0000
11846,232266.0000
11847,232266.0000
11848,232266.0000
11849,232266.0000
11850,232266.0000
11851,232266.0000
11852,232266.0000
11853,232266.0000
11854,232266.0000
11855,232266.0000
11856,232266.0000
11857,232266.0000
11858,232266.0000
11859,232266.0000
11860,232266.0000
11861,232266.0000
11862,232266.0000
11863,232266.0000
11864,232266.0000
11865,232266.0000
11866,232266.0000
11867,232266.0000
11868,232266.0000
11869,232266.0000
11870,232266.0000
11871,232266.0000
11872,232266.0000
11873,232266.0000
11874,232266.0000
11875,232266.0000
11876,232266.0000
11877,232266.0000
11878,232266.0000
11879,232266.0000
11880,232266.0000
11881,232266.0000
11882,232266.0000
11883,232266.0000
11884,232266.0000
11885,232266.0000
11886,232266.0000
11887,232266.0000
11888,232266.0000
11889,232266.0000
11890,232266.0000
11891,232266.0000
11892,232266.0000
11893,232266.0000
11894,232266.0000
11895,232266.0000
11896,232266.0000
11897,232266.0000
11898,232266.0000
11899,232266.0000
11900,232266.0000
11901,232266.0000
11902,232266.0000
11903,232266.0000
11904,232266.0000
11905,232266.0000
11906,232266.0000
11907,232266.0000
11908,232266.0000
11909,232266.0000
11910,232266.0000
11911,232266.0000
11912,232266.0000
11913,232266.0000
11914,232266.0000
11915,232266.0000
11916,232266.0000
11917,232266.0000
11918,232266.0000
11919,232266.0000
11920,232266.0000
11921,232266.0000
11922,232266.0000
11923,232266.0000
11924,232266.0000
11925,232266.0000
11926,232266.0000
11927,232266.0000
11928,232266.0000
11929,232266.0000
11930,232266.0000
11931,232266.0000
11932,232266.0000
11933,232266.0000
11934,232266.0000
11935,232266.0000
11936,232266.0000
11937,232266.0000
11938,232266.0000
11939,232266.0000
11940,232266.0000
11941,232266.0000
11942,232266.0000
11943,232266.0000
11944,232266.0000
11945,232266.0000
11946,232266.0000
11947,232266.0000
11948,232266.0000
11949,232266.0000
11950,232266.0000
11951,232266.0000
11952,232266.0000
11953,232266.0000
11954,232266.0000
11955,232266.0000
11956,232266.0000
11957,232266.0000
11958,232266.0000
11959,232266.0000
11960,232266.0000
11961,232266.0000
11962,232266.0000
11963,232266.0000
11964,232266.0000
11965,232266.0000
11966,232266.0000
11967,232266.0000
11968,232266.0000
11969,232266.0000
11970,232266.0000
11971,232266.0000
11972,232266.0000
11973,232266.0000
11974,232266.0000
11975,232266.0000
11976,232266.0000
11977,232266.0000
11978,232266.0000
11979,232266.0000
11980,232266.0000
11981,232266.0000
11982,232266.0000
11983,232266.0000
11984,232266.0000
11985,232266.0000
11986,232266.0000
11987,232266.0000
11988,232266.0000
11989,232266.0000
11990,232266.0000
11991,232266.0000
11992,232266.0000
11993,232266.0000
11994,232266.0000
11995,232266.0000
11996,232266.0000
11997,232266.0000
11998,232266.0000
11999,232266.0000
12000,232266.0000
12001,232266.0000
12002,232266.0000
12003,232266.0000
12004,232266.0000
12005,232266.0000
12006,232266.0000
12007,232266.0000
12008,232266.0000
12009,232266.0000
12010,232266.0000
12011,232266.0000
12012,232266.0000
12013,232266.0000
12014,232266.0000
12015,232266.0000
12016,232266.0000
12017,232266.0000
12018,232266.0000
12019,232266.0000
12020,232266.0000
12021,232266.0000
12022,232266.0000
12023,232266.0000
12024,232266.0000
12025,232266.0000
12026,232266.0000
12027,232266.0000
12028,232266.0000
12029,232266.0000
12030,232266.0000
12031,232266.0000
12032,232266.0000
12033,232266.0000
12034,232266.0000
12035,232266.0000
12036,232266.0000
12037,232266.0000
12038,232266.0000
12039,232266.0000
12040,232266.0000
12041,232266.0000
12042,232266.0000
12043,232266.0000
12044,232266.0000
12045,232266.0000
12046,232266.0000
12047,232266.0000
12048,232266.0000
12049,232266.0000
12050,232266.0000
12051,232266.0000
12052,232266.0000
12053,232266.0000
12054,232266.0000
12055,232266.0000
12056,232266.0000
12057,232266.0000
12058,232266.0000
12059,232266.0000
12060,232266.0000
12061,232266.0000
12062,232266.0000
12063,232266.0000
12064,232266.0000
12065,232266.0000
12066,232266.0000
12067,232266.0000
12068,232266.0000
12069,232266.0000
12070,232266.0000
12071,232266.0000
12072,232266.0000
12073,232266.0000
12074,232266.0000
12075,232266.0000
12076,232266.0000
12077,232266.0000
12078,232266.0000
12079,232266.0000
12080,232266.0000
12081,232266.0000
12082,232266.0000
12083,232266.0000
12084,232266.0000
12085,232266.0000
12086,232266.0000
12087,232266.0000
12088,232266.0000
12089,232266.0000
12090,232266.0000
12091,232266.0000
12092,232266.0000
12093,232266.0000
12094,232266.0000
12095,232266.0000
12096,232266.0000
12097,232266.0000
12098,232266.0000
12099,232266.0000
12100,232266.0000
12101,232266.0000
12102,232266.0000
12103,232266.0000
12104,232266.0000
12105,232266.0000
12106,232266.0000
12107,232266.0000
12108,232266.0000
12109,232266.0000
12110,232266.0000
12111,232266.0000
12112,232266.0000
12113,232266.0000
12114,232266.0000
12115,232266.0000
12116,232266.0000
12117,232266.0000
12118,232266.0000
12119,232266.0000
12120,232266.0000
12121,232266.0000
12122,232266.0000
12123,232266.0000
12124,232266.0000
12125,232266.0000
12126,232266.0000
12127,232266.0000
12128,232266.0000
12129,232266.0000
12130,232266.0000
12131,232266.0000
12132,232266.0000
12133,232266.0000
12134,232266.0000
12135,232266.0000
12136,232266.0000
12137,232266.0000
12138,232266.0000
12139,232266.0000
12140,232266.0000
12141,232266.0000
12142,232266.0000
12143,232266.0000
12144,232266.0000
12145,232266.0000
12146,232266.0000
12147,232266.0000
12148,232266.0000
12149,232266.0000
12150,232266.0000
12151,232266.0000
12152,232266.0000
12153,232266.0000
12154,232266.0000
12155,232266.0000
12156,232266.0000
12157,232266.0000
12158,232266.0000
12159,232266.0000
12160,232266.0000
12161,232266.0000
12162,232266.0000
12163,232266.0000
12164,232266.0000
12165,232266.0000
12166,232266.0000
12167,232266.0000
12168,232266.0000
12169,232266.0000
12170,232266.0000
12171,232266.0000
12172,232266.0000
12173,232266.0000
12174,232266.0000
12175,232266.0000
12176,232266.0000
12177,232266.0000
12178,232266.0000
12179,232266.0000
12180,232266.0000
12181,232266.0000
12182,232266.0000
12183,232266.0000
12184,232266.0000
12185,232266.0000
12186,232266.0000
12187,232266.0000
12188,232266.0000
12189,232266.0000
12190,232266.0000
12191,232266.0000
12192,232266.0000
12193,232266.0000
12194,232266.0000
12195,232266.0000
12196,232266.0000
12197,232266.0000
12198,232266.0000
12199,232266.0000
12200,232266.0000
12201,232266.0000
12202,232266.0000
12203,232266.0000
12204,232266.0000
12205,232266.0000
12206,232266.0000
12207,232266.0000
12208,232266.0000
12209,232266.0000
12210,232266.0000
12211,232266.0000
12212,232266.0000
12213,232266.0000
12214,232266.0000
12215,232266.0000
12216,232266.0000
12217,232266.0000
12218,232266.0000
12219,232266.0000
12220,232266.0000
12221,232266.0000
12222,232266.0000
12223,232266.0000
12224,232266.0000
12225,232266.0000
12226,232266.0000
12227,232266.0000
12228,232266.0000
12229,232266.0000
12230,232266.0000
12231,232266.0000
12232,232266.0000
12233,232266.0000
12234,232266.0000
12235,232266.0000
12236,232266.0000
12237,232266.0000
12238,232266.0000
12239,232266.0000
12240,232266.0000
12241,232266.0000
12242,232266.0000
12243,232266.0000
12244,232266.0000
12245,232266.0000
12246,232266.0000
12247,232266.0000
12248,232266.0000
12249,232266.0000
12250,232266.0000
12251,232266.0000
12252,232266.0000
12253,232266.0000
12254,232266.0000
12255,232266.0000
12256,232266.0000
12257,232266.0000
12258,232266.0000
12259,232266.0000
12260,232266.0000
12261,232266.0000
12262,232266.0000
12263,232266.0000
12264,232266.0000
12265,232266.0000
12266,232266.0000
12267,232266.0000
12268,232266.0000
12269,232266.0000
12270,232266.0000
12271,232266.0000
12272,232266.0000
12273,232266.0000
12274,232266.0000
12275,232266.0000
12276,232266.0000
12277,232266.0000
12278,232266.0000
12279,232266.0000
12280,232266.0000
12281,232266.0000
12282,232266.0000
12283,232266.0000
12284,232266.0000
12285,232266.0000
12286,232266.0000
12287,232266.0000
12288,232266.0000
12289,232266.0000
12290,232266.0000
12291,232266.0000
12292,232266.0000
12293,232266.0000
12294,232266.0000
12295,232266.0000
12296,232266.0000
12297,232266.0000
12298,232266.0000
12299,232266.0000
12300,232266.0000
12301,232266.0000
12302,232266.0000
12303,232266.0000
12304,232266.0000
12305,232266.0000
12306,232266.0000
12307,232266.0000
12308,232266.0000
12309,232266.0000
12310,232266.0000
12311,232266.0000
12312,232266.0000
12313,232266.0000
12314,232266.0000
12315,232266.0000
12316,232266.0000
12317,232266.0000
12318,232266.0000
12319,232266.0000
12320,232266.0000
12321,232266.0000
12322,232266.0000
12323,232266.0000
12324,232266.0000
12325,232266.0000
12326,232266.0000
12327,232266.0000
12328,232266.0000
12329,232266.0000
12330,232266.0000
12331,232266.0000
12332,232266.0000
12333,232266.0000
12334,232266.0000
12335,232266.0000
12336,232266.0000
12337,232266.0000
12338,232266.0000
12339,232266.0000
12340,232266.0000
12341,232266.0000
12342,232266.0000
12343,232266.0000
12344,232266.0000
12345,232266.0000
12346,232266.0000
12347,232266.0000
12348,232266.0000
12349,232266.0000
12350,232266.0000
12351,232266.0000
12352,232266.0000
12353,232266.0000
12354,232266.0000
12355,232266.0000
12356,232266.0000
12357,232266.0000
12358,232266.0000
12359,232266.0000
12360,232266.0000
12361,232266.0000
12362,232266.0000
12363,232266.0000
12364,232266.0000
12365,232266.0000
12366,232266.0000
12367,232266.0000
12368,232266.0000
12369,232266.0000
12370,232266.0000
12371,232266.0000
12372,232266.0000
12373,232266.0000
12374,232266.0000
12375,232266.0000
12376,232266.0000
12377,232266.0000
12378,232266.0000
12379,232266.0000
12380,232266.0000
12381,232266.0000
12382,232266.0000
12383,232266.0000
12384,232266.0000
12385,232266.0000
12386,232266.0000
12387,232266.0000
12388,232266.0000
12389,232266.0000
12390,232266.0000
12391,232266.0000
12392,232266.0000
12393,232266.0000
12394,232266.0000
12395,232266.0000
12396,232266.0000
12397,232266.0000
12398,232266.0000
12399,232266.0000
12400,232266.0000
12401,232266.0000
12402,232266.0000
12403,232266.0000
12404,232266.0000
12405,232266.0000
12406,232266.0000
12407,232266.0000
12408,232266.0000
12409,232266.0000
12410,232266.0000
12411,232266.0000
12412,232266.0000
12413,232266.0000
12414,232266.0000
12415,232266.0000
12416,232266.0000
12417,232266.0000
12418,232266.0000
12419,232266.0000
12420,232266.0000
12421,232266.0000
12422,232266.0000
12423,232266.0000
12424,232266.0000
12425,232266.0000
12426,232266.0000
12427,232266.0000
12428,232266.0000
12429,232266.0000
12430,232266.0000
12431,232266.0000
12432,232266.0000
12433,232266.0000
12434,232266.0000
12435,232266.0000
12436,232266.0000
12437,232266.0000
12438,232266.0000
12439,232266.0000
12440,232266.0000
12441,232266.0000
12442,232266.0000
12443,232266.0000
12444,232266.0000
12445,232266.0000
12446,232266.0000
12447,232266.0000
12448,232266.0000
12449,232266.0000
12450,232266.0000
12451,232266.0000
12452,232266.0000
12453,232266.0000
12454,232266.0000
12455,232266.0000
12456,232266.0000
12457,232266.0000
12458,232266.0000
12459,232266.0000
12460,232266.0000
12461,232266.0000
12462,232266.0000
12463,232266.0000
12464,232266.0000
12465,232266.0000
12466,232266.0000
12467,232266.0000
12468,232266.0000
12469,232266.0000
12470,232266.0000
12471,232266.0000
12472,232266.0000
12473,232266.0000
12474,232266.0000
12475,232266.0000
12476,232266.0000
12477,232266.0000
12478,232266.0000
12479,232266.0000
12480,232266.0000
12481,232266.0000
12482,232266.0000
12483,232266.0000
12484,232266.0000
12485,232266.0000
12486,232266.0000
12487,232266.0000
12488,232266.0000
12489,232266.0000
12490,232266.0000
12491,232266.0000
12492,232266.0000
12493,232266.0000
12494,232266.0000
12495,232266.0000
12496,232266.0000
12497,232266.0000
12498,232266.0000
12499,232266.0000
12500,232266.0000
12501,232266.0000
12502,232266.0000
12503,232266.0000
12504,232266.0000
12505,232266.0000
12506,232266.0000
12507,232266.0000
12508,232266.0000
12509,232266.0000
12510,232266.0000
12511,232266.0000
12512,232266.0000
12513,232266.0000
12514,232266.0000
12515,232266.0000
12516,232266.0000
12517,232266.0000
12518,232266.0000
12519,232266.0000
12520,232266.0000
12521,232266.0000
12522,232266.0000
12523,232266.0000
12524,232266.0000
12525,232266.0000
12526,232266.0000
12527,232266.0000
12528,232266.0000
12529,232266.0000
12530,232266.0000
12531,232266.0000
12532,232266.0000
12533,232266.0000
12534,232266.0000
12535,232266.0000
12536,232266.0000
12537,232266.0000
12538,232266.0000
12539,232266.0000
12540,232266.0000
12541,232266.0000
12542,232266.0000
12543,232266.0000
12544,232266.0000
12545,232266.0000
12546,232266.0000
12547,232266.0000
12548,232266.0000
12549,232266.0000
12550,232266.0000
12551,232266.0000
12552,232266.0000
12553,232266.0000
12554,232266.0000
12555,232266.0000
12556,232266.0000
12557,232266.0000
12558,232266.0000
12559,232266.0000
12560,232266.0000
12561,232266.0000
12562,232266.0000
12563,232266.0000
12564,232266.0000
12565,232266.0000
12566,232266.0000
12567,232266.0000
12568,232266.0000
12569,232266.0000
12570,232266.0000
12571,232266.0000
12572,232266.0000
12573,232266.0000
12574,232266.0000
12575,232266.0000
12576,232266.0000
12577,232266.0000
12578,232266.0000
12579,232266.0000
12580,232266.0000
12581,232266.0000
12582,232266.0000
12583,232266.0000
12584,232266.0000
12585,232266.0000
12586,232266.0000
12587,232266.0000
12588,232266.0000
12589,232266.0000
12590,232266.0000
12591,232266.0000
12592,232266.0000
12593,232266.0000
12594,232266.0000
12595,232266.0000
12596,232266.0000
12597,232266.0000
12598,232266.0000
12599,232266.0000
12600,232266.0000
12601,232266.0000
12602,232266.0000
12603,232266.0000
12604,232266.0000
12605,232266.0000
12606,232266.0000
12607,232266.0000
12608,232266.0000
12609,232266.0000
12610,232266.0000
12611,232266.0000
12612,232266.0000
12613,232266.0000
12614,232266.0000
12615,232266.0000
12616,232266.0000
12617,232266.0000
12618,232266.0000
12619,232266.0000
12620,232266.0000
12621,232266.0000
12622,232266.0000
12623,232266.0000
12624,232266.0000
12625,232266.0000
12626,232266.0000
12627,232266.0000
12628,232266.0000
12629,232266.0000
12630,232266.0000
12631,232266.0000
12632,232266.0000
12633,232266.0000
12634,232266.0000
12635,232266.0000
12636,232266.0000
12637,232266.0000
12638,232266.0000
12639,232266.0000
12640,232266.0000
12641,232266.0000
12642,232266.0000
12643,232266.0000
12644,232266.0000
12645,232266.0000
12646,232266.0000
12647,232266.0000
12648,232266.0000
12649,232266.0000
12650,232266.0000
12651,232266.0000
12652,232266.0000
12653,232266.0000
12654,232266.0000
12655,232266.0000
12656,232266.0000
12657,232266.0000
12658,232266.0000
12659,232266.0000
12660,232266.0000
12661,232266.0000
12662,232266.0000
12663,232266.0000
12664,232266.0000
12665,232266.0000
12666,232266.0000
12667,232266.0000
12668,232266.0000
12669,232266.0000
12670,232266.0000
12671,232266.0000
12672,232266.0000
12673,232266.0000
12674,232266.0000
12675,232266.0000
12676,232266.0000
12677,232266.0000
12678,232266.0000
12679,232266.0000
12680,232266.0000
12681,232266.0000
12682,232266.0000
12683,232266.0000
12684,232266.0000
12685,232266.0000
12686,232266.0000
12687,232266.0000
12688,232266.0000
12689,232266.0000
12690,232266.0000
12691,232266.0000
12692,232266.0000
12693,232266.0000
12694,232266.0000
12695,232266.0000
12696,232266.0000
12697,232266.0000
12698,232266.0000
12699,232266.0000
12700,232266.0000
12701,232266.0000
12702,232266.0000
12703,232266.0000
12704,232266.0000
12705,232266.0000
12706,232266.0000
12707,232266.0000
12708,232266.0000
12709,232266.0000
12710,232266.0000
12711,232266.0000
12712,232266.0000
12713,232266.0000
12714,232266.0000
12715,232266.0000
12716,232266.0000
12717,232266.0000
12718,232266.0000
12719,232266.0000
12720,232266.0000
12721,232266.0000
12722,232266.0000
12723,232266.0000
12724,232266.0000
12725,232266.0000
12726,232266.0000
12727,232266.0000
12728,232266.0000
12729,232266.0000
12730,232266.0000
12731,232266.0000
12732,232266.0000
12733,232266.0000
12734,232266.0000
12735,232266.0000
12736,232266.0000
12737,232266.0000
12738,232266.0000
12739,232266.0000
12740,232266.0000
12741,232266.0000
12742,232266.0000
12743,232266.0000
12744,232266.0000
12745,232266.0000
12746,232266.0000
12747,232266.0000
12748,232266.0000
12749,232266.0000
12750,232266.0000
12751,232266.0000
12752,232266.0000
12753,232266.0000
12754,232266.0000
12755,232266.0000
12756,232266.0000
12757,232266.0000
12758,232266.0000
12759,232266.0000
12760,232266.0000
12761,232266.0000
12762,232266.0000
12763,232266.0000
12764,232266.0000
12765,232266.0000
12766,232266.0000
12767,232266.0000
12768,232266.0000
12769,232266.0000
12770,232266.0000
12771,232266.0000
12772,232266.0000
12773,232266.0000
12774,232266.0000
12775,232266.0000
12776,232266.0000
12777,232266.0000
12778,232266.0000
12779,232266.0000
12780,232266.0000
12781,232266.0000
12782,232266.0000
12783,232266.0000
12784,232266.0000
12785,232266.0000
12786,232266.0000
12787,232266.0000
12788,232266.0000
12789,232266.0000
12790,232266.0000
12791,232266.0000
12792,232266.0000
12793,232266.0000
12794,232266.0000
12795,232266.0000
12796,232266.0000
12797,232266.0000
12798,232266.0000
12799,232266.0000
12800,232266.0000
12801,232266.0000
12802,232266.0000
12803,232266.0000
12804,232266.0000
12805,232266.0000
12806,232266.0000
12807,232266.0000
12808,232266.0000
12809,232266.0000
12810,232266.0000
12811,232266.0000
12812,232266.0000
12813,232266.0000
12814,232266.0000
12815,232266.0000
12816,232266.0000
12817,232266.0000
12818,232266.0000
12819,232266.0000
12820,232266.0000
12821,232266.0000
12822,232266.0000
12823,232266.0000
12824,232266.0000
12825,232266.0000
12826,232266.0000
12827,232266.0000
12828,232266.0000
12829,232266.0000
12830,232266.0000
12831,232266.0000
12832,232266.0000
12833,232266.0000
12834,232266.0000
12835,232266.0000
12836,232266.0000
12837,232266.0000
12838,232266.0000
12839,232266.0000
12840,232266.0000
12841,232266.0000
12842,232266.0000
12843,232266.0000
12844,232266.0000
12845,232266.0000
12846,232266.0000
12847,232266.0000
12848,232266.0000
12849,232266.0000
12850,232266.0000
12851,232266.0000
12852,232266.0000
12853,232266.0000
12854,232266.0000
12855,232266.0000
12856,232266.0000
12857,232266.0000
12858,232266.0000
12859,232266.0000
12860,232266.0000
12861,232266.0000
12862,232266.0000
12863,232266.0000
12864,232266.0000
12865,232266.0000
12866,232266.0000
12867,232266.0000
12868,232266.0000
12869,232266.0000
12870,232266.0000
12871,232266.0000
12872,232266.0000
12873,232266.0000
12874,232266.0000
12875,232266.0000
12876,232266.0000
12877,232266.0000
12878,232266.0000
12879,232266.0000
12880,232266.0000
12881,232266.0000
12882,232266.0000
12883,232266.0000
12884,232266.0000
12885,232266.0000
12886,232266.0000
12887,232266.0000
12888,232266.0000
12889,232266.0000
12890,232266.0000
12891,232266.0000
12892,232266.0000
12893,232266.0000
12894,232266.0000
12895,232266.0000
12896,232266.0000
12897,232266.0000
12898,232266.0000
12899,232266.0000
12900,232266.0000
12901,232266.0000
12902,232266.0000
12903,232266.0000
12904,232266.0000
12905,232266.0000
12906,232266.0000
12907,232266.0000
12908,232266.0000
12909,232266.0000
12910,232266.0000
12911,232266.0000
12912,232266.0000
12913,232266.0000
12914,232266.0000
12915,232266.0000
12916,232266.0000
12917,232266.0000
12918,232266.0000
12919,232266.0000
12920,232266.0000
12921,232266.0000
12922,232266.0000
12923,232266.0000
12924,232266.0000
12925,232266.0000
12926,232266.0000
12927,232266.0000
12928,232266.0000
12929,232266.0000
12930,232266.0000
12931,232266.0000
12932,232266.0000
12933,232266.0000
12934,232266.0000
12935,232266.0000
12936,232266.0000
12937,232266.0000
12938,232266.0000
12939,232266.0000
12940,232266.0000
12941,232266.0000
12942,232266.0000
12943,232266.0000
12944,232266.0000
12945,232266.0000
12946,232266.0000
12947,232266.0000
12948,232266.0000
12949,232266.0000
12950,232266.0000
12951,232266.0000
12952,232266.0000
12953,232266.0000
12954,232266.0000
12955,232266.0000
12956,232266.0000
12957,232266.0000
12958,232266.0000
12959,232266.0000
12960,232266.0000
12961,232266.0000
12962,232266.0000
12963,232266.0000
12964,232266.0000
12965,232266.0000
12966,232266.0000
12967,232266.0000
12968,232266.0000
12969,232266.0000
12970,232266.0000
12971,232266.0000
12972,232266.0000
12973,232266.0000
12974,232266.0000
12975,232266.0000
12976,232266.0000
12977,232266.0000
12978,232266.0000
12979,232266.0000
12980,232266.0000
12981,232266.0000
12982,232266.0000
12983,232266.0000
12984,232266.0000
12985,232266.0000
12986,232266.0000
12987,232266.0000
12988,232266.0000
12989,232266.0000
12990,232266.0000
12991,232266.0000
12992,232266.0000
12993,232266.0000
12994,232266.0000
12995,232266.0000
12996,232266.0000
12997,232266.0000
12998,232266.0000
12999,232266.0000
13000,232266.0000
13001,232266.0000
13002,232266.0000
13003,232266.0000
13004,232266.0000
13005,232266.0000
13006,232266.0000
13007,232266.0000
13008,232266.0000
13009,232266.0000
13010,232266.0000
13011,232266.0000
13012,232266.0000
13013,232266.0000
13014,232266.0000
13015,232266.0000
13016,232266.0000
13017,232266.0000
13018,232266.0000
13019,232266.0000
13020,232266.0000
13021,232266.0000
13022,232266.0000
13023,232266.0000
13024,232266.0000
13025,232266.0000
13026,232266.0000
13027,232266.0000
13028,232266.0000
13029,232266.0000
13030,232266.0000
13031,232266.0000
13032,232266.0000
13033,232266.0000
13034,232266.0000
13035,232266.0000
13036,232266.0000
13037,232266.0000
13038,232266.0000
13039,232266.0000
13040,232266.0000
13041,232266.0000
13042,232266.0000
13043,232266.0000
13044,232266.0000
13045,232266.0000
13046,232266.0000
13047,232266.0000
13048,232266.0000
13049,232266.0000
13050,232266.0000
13051,232266.0000
13052,232266.0000
13053,232266.0000
13054,232266.0000
13055,232266.0000
13056,232266.0000
13057,232266.0000
13058,232266.0000
13059,232266.0000
13060,232266.0000
13061,232266.0000
13062,232266.0000
13063,232266.0000
13064,232266.0000
13065,232266.0000
13066,232266.0000
13067,232266.0000
13068,232266.0000
13069,232266.0000
13070,232266.0000
13071,232266.0000
13072,232266.0000
13073,232266.0000
13074,232266.0000
13075,232266.0000
13076,232266.0000
13077,232266.0000
13078,232266.0000
13079,232266.0000
13080,232266.0000
13081,232266.0000
13082,232266.0000
13083,232266.0000
13084,232266.0000
13085,232266.0000
13086,232266.0000
13087,232266.0000
13088,232266.0000
13089,232266.0000
13090,232266.0000
13091,232266.0000
13092,232266.0000
13093,232266.0000
13094,232266.0000
13095,232266.0000
13096,232266.0000
13097,232266.0000
13098,232266.0000
13099,232266.0000
13100,232266.0000
13101,232266.0000
13102,232266.0000
13103,232266.0000
13104,232266.0000
13105,232266.0000
13106,232266.0000
13107,232266.0000
13108,232266.0000
13109,232266.0000
13110,232266.0000
13111,232266.0000
13112,232266.0000
13113,232266.0000
13114,232266.0000
13115,232266.0000
13116,232266.0000
13117,232266.0000
13118,232266.0000
13119,232266.0000
13120,232266.0000
13121,232266.0000
13122,232266.0000
13123,232266.0000
13124,232266.0000
13125,232266.0000
13126,232266.0000
13127,232266.0000
13128,232266.0000
13129,232266.0000
13130,232266.0000
13131,232266.0000
13132,232266.0000
13133,232266.0000
13134,232266.0000
13135,232266.0000
13136,232266.0000
13137,232266.0000
13138,232266.0000
13139,232266.0000
13140,232266.0000
13141,232266.0000
13142,232266.0000
13143,232266.0000
13144,232266.0000
13145,232266.0000
13146,232266.0000
13147,232266.0000
13148,232266.0000
13149,232266.0000
13150,232266.0000
13151,232266.0000
13152,232266.0000
13153,232266.0000
13154,232266.0000
13155,232266.0000
13156,232266.0000
13157,232266.0000
13158,232266.0000
13159,232266.0000
13160,232266.0000
13161,232266.0000
13162,232266.0000
13163,232266.0000
13164,232266.0000
13165,232266.0000
13166,232266.0000
13167,232266.0000
13168,232266.0000
13169,232266.0000
13170,232266.0000
13171,232266.0000
13172,232266.0000
13173,232266.0000
13174,232266.0000
13175,232266.0000
13176,232266.0000
13177,232266.0000
13178,232266.0000
13179,232266.0000
13180,232266.0000
13181,232266.0000
13182,232266.0000
13183,232266.0000
13184,232266.0000
13185,232266.0000
13186,232266.0000
13187,232266.0000
13188,232266.0000
13189,232266.0000
13190,232266.0000
13191,232266.0000
13192,232266.0000
13193,232266.0000
13194,232266.0000
13195,232266.0000
13196,232266.0000
13197,232266.0000
13198,232266.0000
13199,232266.0000
13200,232266.0000
13201,232266.0000
13202,232266.0000
13203,232266.0000
13204,232266.0000
13205,232266.0000
13206,232266.0000
13207,232266.0000
13208,232266.0000
13209,232266.0000
13210,232266.0000
13211,232266.0000
13212,232266.0000
13213,232266.0000
13214,232266.0000
13215,232266.0000
13216,232266.0000
13217,232266.0000
13218,232266.0000
13219,232266.0000
13220,232266.0000
13221,232266.0000
13222,232266.0000
13223,232266.0000
13224,232266.0000
13225,232266.0000
13226,232266.0000
13227,232266.0000
13228,232266.0000
13229,232266.0000
13230,232266.0000
13231,232266.0000
13232,232266.0000
13233,232266.0000
13234,232266.0000
13235,232266.0000
13236,232266.0000
13237,232266.0000
13238,232266.0000
13239,232266.0000
13240,232266.0000
13241,232266.0000
13242,232266.0000
13243,232266.0000
13244,232266.0000
13245,232266.0000
13246,232266.0000
13247,232266.0000
13248,232266.0000
13249,232266.0000
13250,232266.0000
13251,232266.0000
13252,232266.0000
13253,232266.0000
13254,232266.0000
13255,232266.0000
13256,232266.0000
13257,232266.0000
13258,232266.0000
13259,232266.0000
13260,232266.0000
13261,232266.0000
13262,232266.0000
13263,232266.0000
13264,232266.0000
13265,232266.0000
13266,232266.0000
13267,232266.0000
13268,232266.0000
13269,232266.0000
13270,232266.0000
13271,232266.0000
13272,232266.0000
13273,232266.0000
13274,232266.0000
13275,232266.0000
13276,232266.0000
13277,232266.0000
13278,232266.0000
13279,232266.0000
13280,232266.0000
13281,232266.0000
13282,232266.0000
13283,232266.0000
13284,232266.0000
13285,232266.0000
13286,232266.0000
13287,232266.0000
13288,232266.0000
13289,232266.0000
13290,232266.0000
13291,232266.0000
13292,232266.0000
13293,232266.0000
13294,232266.0000
13295,232266.0000
13296,232266.0000
13297,232266.0000
13298,232266.0000
13299,232266.0000
13300,232266.0000
13301,232266.0000
13302,232266.0000
13303,232266.0000
13304,232266.0000
13305,232266.0000
13306,232266.0000
13307,232266.0000
13308,232266.0000
13309,232266.0000
13310,232266.0000
13311,232266.0000
13312,232266.0000
13313,232266.0000
13314,232266.0000
