════════════════════════════════════════════════════════════════
              最优Cmax解的详细调度记录
════════════════════════════════════════════════════════════════

【基本信息】
----------------------------------------------------------------------------------------------------
Cmax (最大完工时间): 79877.59
能耗: 931.48 kWh
装箱质量: 0.2112
批次总数: 14
工件数量: 100
机器数量: 17 (打印机:5, 批处理机:2, 离散机:10)

【染色体编码】
----------------------------------------------------------------------------------------------------
工序序列 (OS): [78, 8, 45, 33, 39, 75, 82, 99, 10, 86, 72, 77, 22, 57, 31, 47, 94, 40, 50, 13, 76, 28, 53, 71, 54, 15, 92, 7, 14, 19, 83, 56, 0, 16, 73, 32, 59, 58, 49, 87, 27, 65, 70, 20, 36, 74, 1, 48, 84, 4, 30, 95, 81, 97, 18, 43, 67, 44, 96, 35, 69, 91, 90, 26, 63, 17, 21, 85, 38, 68, 98, 52, 64, 66, 55, 9, 23, 89, 62, 29, 34, 24, 79, 25, 60, 51, 12, 80, 6, 93, 88, 5, 46, 11, 37, 2, 41, 3, 61, 42, 23, 40, 15, 42, 5, 14, 96, 17, 69, 31, 54, 6, 9, 32, 99, 59, 52, 28, 5, 88, 65, 17, 82, 41, 33, 30, 65, 25, 64, 66, 67, 99, 53, 13, 73, 46, 32, 9, 36, 7, 2, 32, 23, 83, 71, 96, 20, 52, 32, 94, 37, 33, 94, 41, 41, 96, 3, 24, 40, 21, 96, 28, 66, 29, 60, 49, 20, 65, 14, 71, 4, 47, 55, 85, 17, 55, 72, 55, 14, 6, 52, 0, 72, 11, 24, 75, 52, 96, 75, 17, 83, 4, 83, 19, 3, 86, 31, 36, 13, 68, 87, 77, 30, 26, 94, 31, 55, 47, 78, 14, 15, 77, 5, 57, 99, 45, 72, 75, 39, 40, 21, 10, 5, 13, 11, 46, 70, 15, 99, 30, 20, 8, 23, 67, 10, 34, 69, 33, 99, 89, 49, 50, 39, 36, 10, 25, 94, 3, 26, 15, 14, 24, 17, 88, 83, 28, 65, 41, 11, 69, 34, 72, 26, 14, 87, 26, 13, 93, 83, 79, 0, 92, 11, 41, 55, 28, 14, 94, 69, 35, 36, 24, 43, 71, 52, 25, 23, 15, 68, 44, 66, 46, 43, 94, 45, 5, 99, 4, 49, 30, 69, 39, 97, 1, 26, 45, 59, 58, 35, 69, 85, 24, 45, 97, 16, 59, 24, 31, 91, 33, 39, 72, 8, 66, 72, 67, 20, 58, 65, 6, 25, 5, 45, 13, 97, 86, 30, 20, 32, 81, 28, 55, 4, 58, 74, 1, 45, 74, 83, 75, 34, 59, 53, 17, 8, 41, 47, 10, 46, 96, 25, 8, 36, 62, 24, 16, 82, 36, 0, 26, 26, 69, 75, 14, 7, 18, 43, 86, 29, 23, 7, 45, 11, 47, 37, 68, 7, 77, 36, 46, 31, 30, 21, 37, 46, 87, 93, 33, 4, 90, 7, 6, 72, 47, 89, 51, 12, 52, 58, 30, 13, 17, 66, 8, 3, 3, 10, 25, 47, 92, 26, 74, 40, 67, 1, 43, 48, 33, 23, 86, 93, 15, 42, 47, 4, 23, 59, 43, 81, 88, 93, 8, 96, 30, 40, 32, 57, 0]
机器选择 (MS): [4, 4, 2, 5, 2, 2, 2, 5, 4, 4, 5, 3, 3, 5, 4, 1, 5, 2, 3, 5, 5, 2, 1, 4, 3, 2, 2, 2, 3, 1, 5, 1, 1, 1, 1, 2, 2, 1, 1, 4, 1, 5, 5, 3, 4, 1, 4, 3, 4, 4, 2, 3, 4, 4, 5, 5, 5, 5, 2, 2, 3, 1, 5, 2, 1, 1, 4, 5, 4, 2, 5, 2, 2, 3, 5, 1, 4, 1, 5, 1, 1, 2, 3, 1, 1, 2, 5, 5, 1, 5, 2, 3, 3, 4, 5, 1, 3, 4, 1, 2, 3, 1, 1, 3, 1, 1, 1, 3, 2, 2, 1, 2, 1, 1, 2, 1, 3, 1, 1, 1, 1, 1, 1, 1, 3, 3, 1, 1, 1, 1, 1, 1, 2, 1, 1, 1, 1, 1, 1, 1, 3, 3, 2, 1, 3, 1, 3, 1, 1, 3, 3, 3, 2, 1, 1, 1, 3, 1, 2, 3, 3, 1, 2, 3, 1, 1, 2, 2, 2, 2, 1, 1, 3, 1, 2, 1, 1, 1, 1, 2, 1, 1, 2, 2, 2, 1, 2, 1, 3, 1, 1, 1, 3, 3, 2, 1, 1, 2, 1, 2, 1, 1, 3, 1, 2, 1, 2, 1, 2, 1, 1, 2, 1, 1, 1, 1, 1, 2, 2, 1, 1, 2, 2, 2, 1, 1, 3, 1, 3, 1, 2, 2, 1, 1, 1, 1, 1, 2, 1, 1, 1, 2, 1, 1, 2, 2, 2, 1, 2, 1, 1, 1, 3, 1, 2, 1, 3, 3, 2, 1, 1, 2, 1, 3, 3, 2, 1, 2, 3, 2, 2, 2, 1, 2, 2, 2, 1, 1, 1, 1, 1, 2, 1, 2, 2, 1, 1, 1, 1, 2, 1, 1, 1, 2, 1, 1, 1, 3, 1, 1, 1, 1, 1, 2, 2, 2, 3, 1, 2, 1, 1, 1, 1, 1, 1, 1, 1, 1, 1, 1, 1, 1, 3, 1, 1, 2, 1, 1, 1, 2, 1, 2, 1, 1, 1, 1, 2, 1, 1, 1, 3, 1, 3, 3, 1, 1, 2, 3, 1, 1, 1, 1, 3, 1, 1, 3, 1, 3, 2, 1, 1, 1, 2, 1, 2, 2, 1, 2, 1, 1, 1, 1, 2, 1, 1, 1, 1, 2, 2, 1, 1, 1, 1, 1, 1, 1, 1, 1, 3, 3, 1, 1, 1, 2, 2, 1, 1, 3, 1, 1, 2, 1, 1, 2, 1, 1, 3, 1, 1, 1, 3, 1, 1, 1, 1, 1, 2, 2, 2, 1, 2, 2, 1, 1, 1, 2, 1, 1, 3, 1, 1, 1, 1, 1, 2, 2, 1, 1, 3, 2, 1, 1, 1, 1, 2, 2, 1, 1]

【零件加工顺序记录】
----------------------------------------------------------------------------------------------------
工件号      工序号             机器号             开始时间            结束时间            加工时长           
----------------------------------------------------------------------------------------------------

工件 0:
  0        0               打印机1            40832.31        49472.82        8640.51        
  0        1               批处理机2           49472.82        50536.82        1064.00        
  0        2               离散机6            50577.95        52163.95        1586.00        
  0        3               离散机2            55324.82        56956.82        1632.00        
  0        4               离散机1            56956.82        57871.82        915.00         
  0        5               离散机9            78137.59        79877.59        1740.00        

工件 1:
  1        0               打印机4            0.00            41875.76        41875.76       
  1        1               批处理机1           41875.76        42985.76        1110.00        
  1        2               离散机3            63879.56        64914.56        1035.00        
  1        3               离散机7            71442.59        73224.59        1782.00        
  1        4               离散机2            77818.00        78742.00        924.00         

工件 2:
  2        0               打印机1            40832.31        49472.82        8640.51        
  2        1               批处理机2           49472.82        50536.82        1064.00        
  2        2               离散机10           50536.82        51716.82        1180.00        

工件 3:
  3        0               打印机4            0.00            41875.76        41875.76       
  3        1               批处理机1           41875.76        42985.76        1110.00        
  3        2               离散机6            43954.95        45419.95        1465.00        
  3        3               离散机10           53064.82        54326.82        1262.00        
  3        4               离散机2            54326.82        55324.82        998.00         
  3        5               离散机7            65142.06        66233.06        1091.00        
  3        6               离散机2            74067.00        75432.00        1365.00        

工件 4:
  4        0               打印机4            0.00            41875.76        41875.76       
  4        1               批处理机1           41875.76        42985.76        1110.00        
  4        2               离散机1            44252.95        45385.95        1133.00        
  4        3               离散机10           51716.82        53064.82        1348.00        
  4        4               离散机3            62648.56        63879.56        1231.00        
  4        5               离散机8            69198.00        70115.00        917.00         
  4        6               离散机2            72064.00        73086.00        1022.00        
  4        7               离散机6            77446.59        78784.59        1338.00        

工件 5:
  5        0               打印机3            0.00            40166.95        40166.95       
  5        1               批处理机1           40166.95        41276.95        1110.00        
  5        2               离散机1            41276.95        42949.95        1673.00        
  5        3               离散机8            42949.95        44245.95        1296.00        
  5        4               离散机1            48023.95        49726.95        1703.00        
  5        5               离散机2            49726.95        50897.95        1171.00        
  5        6               离散机2            56956.82        57856.82        900.00         
  5        7               离散机8            67721.00        69198.00        1477.00        

工件 6:
  6        0               打印机1            49472.82        59382.56        9909.74        
  6        1               批处理机1           59382.56        60492.56        1110.00        
  6        2               离散机6            60492.56        61497.56        1005.00        
  6        3               离散机2            62281.00        63946.00        1665.00        
  6        4               离散机2            67876.00        69069.00        1193.00        
  6        5               离散机1            70202.00        71910.00        1708.00        

工件 7:
  7        0               打印机2            0.00            27367.23        27367.23       
  7        1               批处理机2           27367.23        28431.23        1064.00        
  7        2               离散机2            30898.23        31886.23        988.00         
  7        3               离散机6            36519.95        37894.95        1375.00        
  7        4               离散机1            38268.23        39194.23        926.00         
  7        5               离散机2            39194.23        40539.23        1345.00        
  7        6               离散机9            54379.06        55841.06        1462.00        

工件 8:
  8        0               打印机4            0.00            41875.76        41875.76       
  8        1               批处理机1           41875.76        42985.76        1110.00        
  8        2               离散机5            42985.76        44241.76        1256.00        
  8        3               离散机6            65250.56        66277.56        1027.00        
  8        4               离散机2            69069.00        70680.00        1611.00        
  8        5               离散机2            70680.00        72064.00        1384.00        
  8        6               离散机1            73036.00        74069.00        1033.00        
  8        7               离散机4            74307.00        75968.00        1661.00        

工件 9:
  9        0               打印机1            0.00            27537.95        27537.95       
  9        1               批处理机1           27537.95        28647.95        1110.00        
  9        2               离散机9            28647.95        30091.95        1444.00        
  9        3               离散机5            30968.23        31881.23        913.00         

工件 10:
  10       0               打印机4            0.00            41875.76        41875.76       
  10       1               批处理机1           41875.76        42985.76        1110.00        
  10       2               离散机9            46909.76        48634.76        1725.00        
  10       3               离散机5            48877.95        49945.95        1068.00        
  10       4               离散机6            56724.95        58240.95        1516.00        
  10       5               离散机2            59591.82        61320.82        1729.00        
  10       6               离散机9            76883.59        78137.59        1254.00        

工件 11:
  11       0               打印机4            41875.76        50575.06        8699.29        
  11       1               批处理机2           50575.06        51639.06        1064.00        
  11       2               离散机3            51639.06        53020.06        1381.00        
  11       3               离散机8            53020.06        54036.06        1016.00        
  11       4               离散机4            54376.06        56031.06        1655.00        
  11       5               离散机8            57966.06        58904.06        938.00         
  11       6               离散机8            72790.00        73806.00        1016.00        

工件 12:
  12       0               打印机5            0.00            39797.00        39797.00       
  12       1               批处理机2           39797.00        40861.00        1064.00        
  12       2               离散机10           68737.46        70260.46        1523.00        

工件 13:
  13       0               打印机5            0.00            39797.00        39797.00       
  13       1               批处理机2           39797.00        40861.00        1064.00        
  13       2               离散机3            43537.00        44994.00        1457.00        
  13       3               离散机8            45231.95        46269.95        1038.00        
  13       4               离散机5            47201.95        48877.95        1676.00        
  13       5               离散机9            49657.76        51165.76        1508.00        
  13       6               离散机7            63531.06        65142.06        1611.00        
  13       7               离散机2            73086.00        74067.00        981.00         

工件 14:
  14       0               打印机3            0.00            40166.95        40166.95       
  14       1               批处理机1           40166.95        41276.95        1110.00        
  14       2               离散机7            41276.95        42579.95        1303.00        
  14       3               离散机6            46868.95        48244.95        1376.00        
  14       4               离散机6            49486.95        50577.95        1091.00        
  14       5               离散机8            50577.95        52091.95        1514.00        
  14       6               离散机8            55464.06        56657.06        1193.00        
  14       7               离散机6            58240.95        59452.95        1212.00        
  14       8               离散机10           63061.46        64318.46        1257.00        
  14       9               离散机6            70113.56        71440.56        1327.00        

工件 15:
  15       0               打印机2            0.00            27367.23        27367.23       
  15       1               批处理机2           27367.23        28431.23        1064.00        
  15       2               离散机8            29542.23        30948.23        1406.00        
  15       3               离散机3            32021.95        33010.95        989.00         
  15       4               离散机2            33592.23        34682.23        1090.00        
  15       5               离散机3            34682.23        36189.23        1507.00        
  15       6               离散机3            36189.23        37419.23        1230.00        
  15       7               离散机5            39020.95        39933.95        913.00         

工件 16:
  16       0               打印机1            0.00            27537.95        27537.95       
  16       1               批处理机1           27537.95        28647.95        1110.00        
  16       2               离散机2            35697.23        37487.23        1790.00        
  16       3               离散机7            37487.23        39056.23        1569.00        

工件 17:
  17       0               打印机1            0.00            27537.95        27537.95       
  17       1               批处理机1           27537.95        28647.95        1110.00        
  17       2               离散机10           28647.95        29601.95        954.00         
  17       3               离散机6            29601.95        30839.95        1238.00        
  17       4               离散机3            30839.95        32021.95        1182.00        
  17       5               离散机9            32021.95        33027.95        1006.00        
  17       6               离散机5            33027.95        34448.95        1421.00        
  17       7               离散机2            37487.23        38458.23        971.00         
  17       8               离散机6            38458.23        39377.23        919.00         

工件 18:
  18       0               打印机5            0.00            39797.00        39797.00       
  18       1               批处理机2           39797.00        40861.00        1064.00        
  18       2               离散机9            41792.00        42934.00        1142.00        

工件 19:
  19       0               打印机1            0.00            27537.95        27537.95       
  19       1               批处理机1           27537.95        28647.95        1110.00        
  19       2               离散机7            29626.95        31060.95        1434.00        

工件 20:
  20       0               打印机3            0.00            40166.95        40166.95       
  20       1               批处理机1           40166.95        41276.95        1110.00        
  20       2               离散机7            44794.95        45976.95        1182.00        
  20       3               离散机5            45976.95        47201.95        1225.00        
  20       4               离散机6            53166.95        54426.95        1260.00        
  20       5               离散机5            58984.06        60215.06        1231.00        
  20       6               离散机10           66869.46        67789.46        920.00         

工件 21:
  21       0               打印机4            0.00            41875.76        41875.76       
  21       1               批处理机1           41875.76        42985.76        1110.00        
  21       2               离散机3            46545.00        48124.00        1579.00        
  21       3               离散机3            54559.06        55677.06        1118.00        
  21       4               离散机6            73030.59        74595.59        1565.00        

工件 22:
  22       0               打印机3            0.00            40166.95        40166.95       
  22       1               批处理机1           40166.95        41276.95        1110.00        

工件 23:
  23       0               打印机4            50575.06        65862.59        15287.53       
  23       1               批处理机2           65862.59        66926.59        1064.00        
  23       2               离散机9            66926.59        67966.59        1040.00        
  23       3               离散机9            67966.59        69685.59        1719.00        
  23       4               离散机7            69685.59        71442.59        1757.00        
  23       5               离散机6            71442.59        73030.59        1588.00        
  23       6               离散机9            74619.59        75716.59        1097.00        
  23       7               离散机5            75716.59        77417.59        1701.00        
  23       8               离散机5            77417.59        78655.59        1238.00        

工件 24:
  24       0               打印机2            27367.23        45936.21        18568.98       
  24       1               批处理机2           45936.21        47000.21        1064.00        
  24       2               离散机10           48388.21        50180.21        1792.00        
  24       3               离散机3            50180.21        51579.21        1399.00        
  24       4               离散机5            52306.82        53372.82        1066.00        
  24       5               离散机6            61497.56        62895.56        1398.00        
  24       6               离散机10           64318.46        65495.46        1177.00        
  24       7               离散机8            66303.00        67721.00        1418.00        
  24       8               离散机4            67721.00        69072.00        1351.00        

工件 25:
  25       0               打印机1            49472.82        59382.56        9909.74        
  25       1               批处理机1           59382.56        60492.56        1110.00        
  25       2               离散机3            60492.56        61413.56        921.00         
  25       3               离散机2            63946.00        65272.00        1326.00        
  25       4               离散机4            65272.00        66357.00        1085.00        
  25       5               离散机1            66656.00        67702.00        1046.00        
  25       6               离散机9            70839.59        72557.59        1718.00        
  25       7               离散机7            74469.59        75623.59        1154.00        

工件 26:
  26       0               打印机2            27367.23        45936.21        18568.98       
  26       1               批处理机2           45936.21        47000.21        1064.00        
  26       2               离散机7            50969.21        52643.21        1674.00        
  26       3               离散机2            52643.21        54168.21        1525.00        
  26       4               离散机3            56596.06        57746.06        1150.00        
  26       5               离散机3            57746.06        59355.06        1609.00        
  26       6               离散机6            63971.56        65250.56        1279.00        
  26       7               离散机9            65907.00        66908.00        1001.00        
  26       8               离散机9            72557.59        73621.59        1064.00        
  26       9               离散机5            74066.46        75562.46        1496.00        

工件 27:
  27       0               打印机1            40832.31        49472.82        8640.51        
  27       1               批处理机2           49472.82        50536.82        1064.00        

工件 28:
  28       0               打印机2            0.00            27367.23        27367.23       
  28       1               批处理机2           27367.23        28431.23        1064.00        
  28       2               离散机2            29562.23        30898.23        1336.00        
  28       3               离散机6            30898.23        31889.23        991.00         
  28       4               离散机10           31889.23        33097.23        1208.00        
  28       5               离散机7            34188.95        35488.95        1300.00        
  28       6               离散机6            35488.95        36519.95        1031.00        

工件 29:
  29       0               打印机1            49472.82        59382.56        9909.74        
  29       1               批处理机1           59382.56        60492.56        1110.00        
  29       2               离散机1            60492.56        61678.56        1186.00        
  29       3               离散机8            71611.00        72790.00        1179.00        

工件 30:
  30       0               打印机2            27367.23        45936.21        18568.98       
  30       1               批处理机2           45936.21        47000.21        1064.00        
  30       2               离散机2            47000.21        48149.21        1149.00        
  30       3               离散机8            48149.21        49156.21        1007.00        
  30       4               离散机3            55677.06        56596.06        919.00         
  30       5               离散机6            62895.56        63971.56        1076.00        
  30       6               离散机5            64441.46        65615.46        1174.00        
  30       7               离散机5            68005.46        69148.46        1143.00        
  30       8               离散机4            72930.00        74307.00        1377.00        
  30       9               离散机7            78352.59        79492.59        1140.00        

工件 31:
  31       0               打印机4            41875.76        50575.06        8699.29        
  31       1               批处理机2           50575.06        51639.06        1064.00        
  31       2               离散机1            51639.06        53053.06        1414.00        
  31       3               离散机1            53053.06        54447.06        1394.00        
  31       4               离散机5            54447.06        55955.06        1508.00        
  31       5               离散机9            64198.00        65907.00        1709.00        
  31       6               离散机9            75716.59        76883.59        1167.00        

工件 32:
  32       0               打印机2            0.00            27367.23        27367.23       
  32       1               批处理机2           27367.23        28431.23        1064.00        
  32       2               离散机2            28431.23        29562.23        1131.00        
  32       3               离散机5            29562.23        30968.23        1406.00        
  32       4               离散机1            30968.23        31897.23        929.00         
  32       5               离散机2            31897.23        33592.23        1695.00        
  32       6               离散机5            38015.95        39020.95        1005.00        
  32       7               离散机10           78000.46        79076.46        1076.00        

工件 33:
  33       0               打印机5            0.00            39797.00        39797.00       
  33       1               批处理机2           39797.00        40861.00        1064.00        
  33       2               离散机7            43600.95        44794.95        1194.00        
  33       3               离散机5            44794.95        45858.95        1064.00        
  33       4               离散机9            48634.76        49657.76        1023.00        
  33       5               离散机4            62414.46        63412.46        998.00         
  33       6               离散机5            69148.46        70087.46        939.00         
  33       7               离散机10           71699.46        73106.46        1407.00        

工件 34:
  34       0               打印机1            0.00            27537.95        27537.95       
  34       1               批处理机1           27537.95        28647.95        1110.00        
  34       2               离散机7            32424.95        34188.95        1764.00        
  34       3               离散机1            36874.23        38268.23        1394.00        
  34       4               离散机9            38268.23        39753.23        1485.00        

工件 35:
  35       0               打印机2            27367.23        45936.21        18568.98       
  35       1               批处理机2           45936.21        47000.21        1064.00        
  35       2               离散机8            60114.06        61832.06        1718.00        
  35       3               离散机7            61832.06        63531.06        1699.00        

工件 36:
  36       0               打印机4            0.00            41875.76        41875.76       
  36       1               批处理机1           41875.76        42985.76        1110.00        
  36       2               离散机9            42985.76        43979.76        994.00         
  36       3               离散机9            45524.76        46909.76        1385.00        
  36       4               离散机4            49654.21        50943.21        1289.00        
  36       5               离散机3            61413.56        62648.56        1235.00        
  36       6               离散机10           67789.46        68737.46        948.00         
  36       7               离散机4            69072.00        69995.00        923.00         
  36       8               离散机8            73806.00        74914.00        1108.00        

工件 37:
  37       0               打印机5            0.00            39797.00        39797.00       
  37       1               批处理机2           39797.00        40861.00        1064.00        
  37       2               离散机10           42158.00        43431.00        1273.00        
  37       3               离散机5            65615.46        66816.46        1201.00        
  37       4               离散机6            74595.59        75786.59        1191.00        

工件 38:
  38       0               打印机4            0.00            41875.76        41875.76       
  38       1               批处理机1           41875.76        42985.76        1110.00        

工件 39:
  39       0               打印机2            0.00            27367.23        27367.23       
  39       1               批处理机2           27367.23        28431.23        1064.00        
  39       2               离散机9            33027.95        34327.95        1300.00        
  39       3               离散机10           34327.95        35265.95        938.00         
  39       4               离散机5            35265.95        36801.95        1536.00        
  39       5               离散机10           36801.95        38227.95        1426.00        

工件 40:
  40       0               打印机2            0.00            27367.23        27367.23       
  40       1               批处理机2           27367.23        28431.23        1064.00        
  40       2               离散机8            28431.23        29542.23        1111.00        
  40       3               离散机9            30091.95        31401.95        1310.00        
  40       4               离散机6            34014.23        35394.23        1380.00        
  40       5               离散机9            35394.23        36312.23        918.00         
  40       6               离散机10           39150.95        40696.95        1546.00        

工件 41:
  41       0               打印机3            0.00            40166.95        40166.95       
  41       1               批处理机1           40166.95        41276.95        1110.00        
  41       2               离散机7            42579.95        43600.95        1021.00        
  41       3               离散机2            43600.95        45297.95        1697.00        
  41       4               离散机4            45297.95        46200.95        903.00         
  41       5               离散机2            48149.21        49268.21        1119.00        
  41       6               离散机4            50943.21        52645.21        1702.00        
  41       7               离散机2            57856.82        59591.82        1735.00        

工件 42:
  42       0               打印机2            27367.23        45936.21        18568.98       
  42       1               批处理机2           45936.21        47000.21        1064.00        
  42       2               离散机4            47000.21        48395.21        1395.00        
  42       3               离散机10           75792.46        76989.46        1197.00        

工件 43:
  43       0               打印机5            39797.00        59194.00        19397.00       
  43       1               批处理机2           59194.00        60258.00        1064.00        
  43       2               离散机5            63065.46        64441.46        1376.00        
  43       3               离散机1            65200.00        66656.00        1456.00        
  43       4               离散机3            71799.56        73094.56        1295.00        
  43       5               离散机1            74069.00        75165.00        1096.00        
  43       6               离散机6            78784.59        79821.59        1037.00        

工件 44:
  44       0               打印机5            0.00            39797.00        39797.00       
  44       1               批处理机2           39797.00        40861.00        1064.00        
  44       2               离散机6            59452.95        60438.95        986.00         

工件 45:
  45       0               打印机2            0.00            27367.23        27367.23       
  45       1               批处理机2           27367.23        28431.23        1064.00        
  45       2               离散机3            33010.95        34331.95        1321.00        
  45       3               离散机8            34331.95        35524.95        1193.00        
  45       4               离散机5            36801.95        38015.95        1214.00        
  45       5               离散机8            38015.95        39512.95        1497.00        
  45       6               离散机6            39512.95        41022.95        1510.00        
  45       7               离散机1            49726.95        50683.95        957.00         
  45       8               离散机4            63412.46        65037.46        1625.00        

工件 46:
  46       0               打印机3            0.00            40166.95        40166.95       
  46       1               批处理机1           40166.95        41276.95        1110.00        
  46       2               离散机8            41276.95        42907.95        1631.00        
  46       3               离散机6            52163.95        53166.95        1003.00        
  46       4               离散机3            59355.06        60441.06        1086.00        
  46       5               离散机1            63076.56        64012.56        936.00         
  46       6               离散机1            69130.00        70202.00        1072.00        
  46       7               离散机3            73094.56        74328.56        1234.00        

工件 47:
  47       0               打印机1            0.00            27537.95        27537.95       
  47       1               批处理机1           27537.95        28647.95        1110.00        
  47       2               离散机8            30948.23        32219.23        1271.00        
  47       3               离散机6            32219.23        34014.23        1795.00        
  47       4               离散机10           35265.95        36315.95        1050.00        
  47       5               离散机9            36315.95        37904.95        1589.00        
  47       6               离散机3            40509.23        41952.23        1443.00        
  47       7               离散机4            43406.00        44622.00        1216.00        
  47       8               离散机1            57871.82        59178.82        1307.00        

工件 48:
  48       0               打印机3            40166.95        59943.66        19776.71       
  48       1               批处理机2           60258.00        61322.00        1064.00        
  48       2               离散机10           70260.46        71699.46        1439.00        

工件 49:
  49       0               打印机1            27537.95        40832.31        13294.36       
  49       1               批处理机2           40861.00        41925.00        1064.00        
  49       2               离散机6            45419.95        46868.95        1449.00        
  49       3               离散机6            54426.95        55372.95        946.00         
  49       4               离散机7            58729.21        60280.21        1551.00        

工件 50:
  50       0               打印机3            0.00            40166.95        40166.95       
  50       1               批处理机1           40166.95        41276.95        1110.00        
  50       2               离散机6            55372.95        56724.95        1352.00        

工件 51:
  51       0               打印机2            27367.23        45936.21        18568.98       
  51       1               批处理机2           45936.21        47000.21        1064.00        
  51       2               离散机4            71767.00        72930.00        1163.00        

工件 52:
  52       0               打印机2            0.00            27367.23        27367.23       
  52       1               批处理机2           27367.23        28431.23        1064.00        
  52       2               离散机1            28431.23        29549.23        1118.00        
  52       3               离散机4            29549.23        31344.23        1795.00        
  52       4               离散机1            31897.23        32919.23        1022.00        
  52       5               离散机1            32919.23        34474.23        1555.00        
  52       6               离散机2            34682.23        35697.23        1015.00        
  52       7               离散机10           38227.95        39150.95        923.00         

工件 53:
  53       0               打印机1            0.00            27537.95        27537.95       
  53       1               批处理机1           27537.95        28647.95        1110.00        
  53       2               离散机7            28647.95        29626.95        979.00         
  53       3               离散机4            33950.23        35155.23        1205.00        

工件 54:
  54       0               打印机3            40166.95        59943.66        19776.71       
  54       1               批处理机2           60258.00        61322.00        1064.00        
  54       2               离散机2            61322.00        62281.00        959.00         

工件 55:
  55       0               打印机5            0.00            39797.00        39797.00       
  55       1               批处理机2           39797.00        40861.00        1064.00        
  55       2               离散机10           43431.00        45160.00        1729.00        
  55       3               离散机10           45160.00        46622.00        1462.00        
  55       4               离散机7            48307.21        49475.21        1168.00        
  55       5               离散机3            53020.06        54559.06        1539.00        
  55       6               离散机8            58904.06        60114.06        1210.00        
  55       7               离散机1            61678.56        63076.56        1398.00        

工件 56:
  56       0               打印机1            27537.95        40832.31        13294.36       
  56       1               批处理机2           40861.00        41925.00        1064.00        

工件 57:
  57       0               打印机5            0.00            39797.00        39797.00       
  57       1               批处理机2           39797.00        40861.00        1064.00        
  57       2               离散机8            46269.95        47729.95        1460.00        
  57       3               离散机8            77177.00        78164.00        987.00         

工件 58:
  58       0               打印机1            27537.95        40832.31        13294.36       
  58       1               批处理机2           40861.00        41925.00        1064.00        
  58       2               离散机2            42474.00        43562.00        1088.00        
  58       3               离散机3            65859.56        67377.56        1518.00        
  58       4               离散机6            69004.56        70113.56        1109.00        
  58       5               离散机5            72856.46        74066.46        1210.00        

工件 59:
  59       0               打印机2            27367.23        45936.21        18568.98       
  59       1               批处理机2           45936.21        47000.21        1064.00        
  59       2               离散机10           47000.21        48388.21        1388.00        
  59       3               离散机3            64914.56        65859.56        945.00         
  59       4               离散机4            66357.00        67599.00        1242.00        
  59       5               离散机7            67928.00        69407.00        1479.00        
  59       6               离散机7            76883.59        78352.59        1469.00        

工件 60:
  60       0               打印机1            49472.82        59382.56        9909.74        
  60       1               批处理机1           59382.56        60492.56        1110.00        
  60       2               离散机7            60492.56        61696.56        1204.00        

工件 61:
  61       0               打印机1            49472.82        59382.56        9909.74        
  61       1               批处理机1           59382.56        60492.56        1110.00        

工件 62:
  62       0               打印机5            39797.00        59194.00        19397.00       
  62       1               批处理机2           59194.00        60258.00        1064.00        
  62       2               离散机8            70115.00        71611.00        1496.00        

工件 63:
  63       0               打印机1            0.00            27537.95        27537.95       
  63       1               批处理机1           27537.95        28647.95        1110.00        

工件 64:
  64       0               打印机2            45936.21        55110.46        9174.25        
  64       1               批处理机2           55110.46        56174.46        1064.00        
  64       2               离散机9            57458.46        58659.46        1201.00        

工件 65:
  65       0               打印机5            39797.00        59194.00        19397.00       
  65       1               批处理机2           59194.00        60258.00        1064.00        
  65       2               离散机9            60258.00        61664.00        1406.00        
  65       3               离散机9            61664.00        63130.00        1466.00        
  65       4               离散机8            63130.00        64039.00        909.00         
  65       5               离散机1            64039.00        65200.00        1161.00        
  65       6               离散机3            67377.56        68284.56        907.00         

工件 66:
  66       0               打印机3            0.00            40166.95        40166.95       
  66       1               批处理机1           40166.95        41276.95        1110.00        
  66       2               离散机1            42949.95        44252.95        1303.00        
  66       3               离散机3            48124.00        49718.00        1594.00        
  66       4               离散机8            61832.06        63083.06        1251.00        
  66       5               离散机9            69685.59        70839.59        1154.00        
  66       6               离散机1            71910.00        73036.00        1126.00        

工件 67:
  67       0               打印机5            0.00            39797.00        39797.00       
  67       1               批处理机2           39797.00        40861.00        1064.00        
  67       2               离散机9            40861.00        41792.00        931.00         
  67       3               离散机4            42082.00        43406.00        1324.00        
  67       4               离散机10           58139.82        59076.82        937.00         
  67       5               离散机7            75623.59        76883.59        1260.00        

工件 68:
  68       0               打印机2            0.00            27367.23        27367.23       
  68       1               批处理机2           27367.23        28431.23        1064.00        
  68       2               离散机7            31060.95        32424.95        1364.00        
  68       3               离散机4            32505.23        33950.23        1445.00        
  68       4               离散机3            38968.23        40509.23        1541.00        

工件 69:
  69       0               打印机3            0.00            40166.95        40166.95       
  69       1               批处理机1           40166.95        41276.95        1110.00        
  69       2               离散机6            41276.95        42514.95        1238.00        
  69       3               离散机7            52643.21        54154.21        1511.00        
  69       4               离散机8            56657.06        57966.06        1309.00        
  69       5               离散机4            61400.46        62414.46        1014.00        
  69       6               离散机8            65069.00        66303.00        1234.00        
  69       7               离散机7            66303.00        67928.00        1625.00        
  69       8               离散机9            73621.59        74619.59        998.00         

工件 70:
  70       0               打印机5            0.00            39797.00        39797.00       
  70       1               批处理机2           39797.00        40861.00        1064.00        
  70       2               离散机10           60580.46        61762.46        1182.00        

工件 71:
  71       0               打印机4            41875.76        50575.06        8699.29        
  71       1               批处理机2           50575.06        51639.06        1064.00        
  71       2               离散机9            51639.06        52708.06        1069.00        
  71       3               离散机4            52708.06        54376.06        1668.00        
  71       4               离散机5            55955.06        57345.06        1390.00        

工件 72:
  72       0               打印机5            0.00            39797.00        39797.00       
  72       1               批处理机2           39797.00        40861.00        1064.00        
  72       2               离散机2            40861.00        42474.00        1613.00        
  72       3               离散机1            45385.95        46876.95        1491.00        
  72       4               离散机4            48395.21        49654.21        1259.00        
  72       5               离散机7            55517.21        57086.21        1569.00        
  72       6               离散机10           65495.46        66869.46        1374.00        
  72       7               离散机5            66869.46        68005.46        1136.00        
  72       8               离散机5            71464.46        72856.46        1392.00        

工件 73:
  73       0               打印机1            0.00            27537.95        27537.95       
  73       1               批处理机1           27537.95        28647.95        1110.00        
  73       2               离散机1            29549.23        30584.23        1035.00        

工件 74:
  74       0               打印机1            27537.95        40832.31        13294.36       
  74       1               批处理机2           40861.00        41925.00        1064.00        
  74       2               离散机3            69604.56        70633.56        1029.00        
  74       3               离散机7            73224.59        74469.59        1245.00        
  74       4               离散机2            76627.00        77818.00        1191.00        

工件 75:
  75       0               打印机2            0.00            27367.23        27367.23       
  75       1               批处理机2           27367.23        28431.23        1064.00        
  75       2               离散机4            31344.23        32505.23        1161.00        
  75       3               离散机1            34474.23        35619.23        1145.00        
  75       4               离散机1            35619.23        36874.23        1255.00        
  75       5               离散机3            37419.23        38968.23        1549.00        
  75       6               离散机7            39056.23        39974.23        918.00         

工件 76:
  76       0               打印机5            0.00            39797.00        39797.00       
  76       1               批处理机2           39797.00        40861.00        1064.00        

工件 77:
  77       0               打印机3            0.00            40166.95        40166.95       
  77       1               批处理机1           40166.95        41276.95        1110.00        
  77       2               离散机10           56056.82        57220.82        1164.00        
  77       3               离散机4            59139.46        60446.46        1307.00        
  77       4               离散机1            67702.00        69130.00        1428.00        

工件 78:
  78       0               打印机4            0.00            41875.76        41875.76       
  78       1               批处理机1           41875.76        42985.76        1110.00        
  78       2               离散机1            46876.95        48023.95        1147.00        

工件 79:
  79       0               打印机3            40166.95        59943.66        19776.71       
  79       1               批处理机2           60258.00        61322.00        1064.00        
  79       2               离散机5            62142.46        63065.46        923.00         

工件 80:
  80       0               打印机5            39797.00        59194.00        19397.00       
  80       1               批处理机2           59194.00        60258.00        1064.00        

工件 81:
  81       0               打印机4            0.00            41875.76        41875.76       
  81       1               批处理机1           41875.76        42985.76        1110.00        
  81       2               离散机6            67740.56        69004.56        1264.00        
  81       3               离散机8            74914.00        76102.00        1188.00        

工件 82:
  82       0               打印机2            0.00            27367.23        27367.23       
  82       1               批处理机2           27367.23        28431.23        1064.00        
  82       2               离散机3            28431.23        30030.23        1599.00        
  82       3               离散机9            34327.95        35256.95        929.00         

工件 83:
  83       0               打印机5            0.00            39797.00        39797.00       
  83       1               批处理机2           39797.00        40861.00        1064.00        
  83       2               离散机4            40861.00        42082.00        1221.00        
  83       3               离散机8            44245.95        45231.95        986.00         
  83       4               离散机7            49475.21        50969.21        1494.00        
  83       5               离散机2            50969.21        52393.21        1424.00        
  83       6               离散机4            56031.06        57457.06        1426.00        
  83       7               离散机9            58659.46        60060.46        1401.00        

工件 84:
  84       0               打印机4            0.00            41875.76        41875.76       
  84       1               批处理机1           41875.76        42985.76        1110.00        

工件 85:
  85       0               打印机5            0.00            39797.00        39797.00       
  85       1               批处理机2           39797.00        40861.00        1064.00        
  85       2               离散机6            48244.95        49486.95        1242.00        
  85       3               离散机9            52708.06        54379.06        1671.00        

工件 86:
  86       0               打印机4            0.00            41875.76        41875.76       
  86       1               批处理机1           41875.76        42985.76        1110.00        
  86       2               离散机9            43979.76        45524.76        1545.00        
  86       3               离散机3            68284.56        69604.56        1320.00        
  86       4               离散机4            69995.00        71767.00        1772.00        
  86       5               离散机10           73106.46        74303.46        1197.00        

工件 87:
  87       0               打印机4            41875.76        50575.06        8699.29        
  87       1               批处理机2           50575.06        51639.06        1064.00        
  87       2               离散机10           54326.82        56056.82        1730.00        
  87       3               离散机7            57086.21        58729.21        1643.00        
  87       4               离散机6            75786.59        77446.59        1660.00        

工件 88:
  88       0               打印机2            27367.23        45936.21        18568.98       
  88       1               批处理机2           45936.21        47000.21        1064.00        
  88       2               离散机7            47000.21        48307.21        1307.00        
  88       3               离散机7            54154.21        55517.21        1363.00        
  88       4               离散机3            75316.56        76446.56        1130.00        

工件 89:
  89       0               打印机1            40832.31        49472.82        8640.51        
  89       1               批处理机2           49472.82        50536.82        1064.00        
  89       2               离散机5            50536.82        52306.82        1770.00        
  89       3               离散机3            74328.56        75316.56        988.00         

工件 90:
  90       0               打印机5            39797.00        59194.00        19397.00       
  90       1               批处理机2           59194.00        60258.00        1064.00        
  90       2               离散机5            70087.46        71464.46        1377.00        

工件 91:
  91       0               打印机1            40832.31        49472.82        8640.51        
  91       1               批处理机2           49472.82        50536.82        1064.00        
  91       2               离散机5            57345.06        58984.06        1639.00        

工件 92:
  92       0               打印机2            0.00            27367.23        27367.23       
  92       1               批处理机2           27367.23        28431.23        1064.00        
  92       2               离散机6            28431.23        29463.23        1032.00        
  92       3               离散机2            75432.00        76627.00        1195.00        

工件 93:
  93       0               打印机5            0.00            39797.00        39797.00       
  93       1               批处理机2           39797.00        40861.00        1064.00        
  93       2               离散机2            45297.95        46950.95        1653.00        
  93       3               离散机8            49156.21        50536.21        1380.00        
  93       4               离散机10           74303.46        75792.46        1489.00        
  93       5               离散机8            76102.00        77177.00        1075.00        

工件 94:
  94       0               打印机5            0.00            39797.00        39797.00       
  94       1               批处理机2           39797.00        40861.00        1064.00        
  94       2               离散机6            42514.95        43954.95        1440.00        
  94       3               离散机3            44994.00        46545.00        1551.00        
  94       4               离散机10           57220.82        58139.82        919.00         
  94       5               离散机4            60446.46        61400.46        954.00         
  94       6               离散机2            65272.00        66282.00        1010.00        
  94       7               离散机2            66282.00        67876.00        1594.00        

工件 95:
  95       0               打印机3            0.00            40166.95        40166.95       
  95       1               批处理机1           40166.95        41276.95        1110.00        

工件 96:
  96       0               打印机2            45936.21        55110.46        9174.25        
  96       1               批处理机2           55110.46        56174.46        1064.00        
  96       2               离散机9            56174.46        57458.46        1284.00        
  96       3               离散机4            57458.46        59139.46        1681.00        
  96       4               离散机10           59139.46        60580.46        1441.00        
  96       5               离散机5            60580.46        62142.46        1562.00        
  96       6               离散机8            64039.00        65069.00        1030.00        
  96       7               离散机3            70633.56        71799.56        1166.00        
  96       8               离散机10           76989.46        78000.46        1011.00        

工件 97:
  97       0               打印机4            0.00            41875.76        41875.76       
  97       1               批处理机1           41875.76        42985.76        1110.00        
  97       2               离散机5            53372.82        54355.82        983.00         
  97       3               离散机1            54447.06        55912.06        1465.00        
  97       4               离散机6            66277.56        67740.56        1463.00        

工件 98:
  98       0               打印机5            39797.00        59194.00        19397.00       
  98       1               批处理机2           59194.00        60258.00        1064.00        

工件 99:
  99       0               打印机5            0.00            39797.00        39797.00       
  99       1               批处理机2           39797.00        40861.00        1064.00        
  99       2               离散机10           40861.00        42158.00        1297.00        
  99       3               离散机3            42158.00        43537.00        1379.00        
  99       4               离散机7            45976.95        46978.95        1002.00        
  99       5               离散机8            54036.06        55464.06        1428.00        
  99       6               离散机10           61762.46        63061.46        1299.00        
  99       7               离散机9            63130.00        64198.00        1068.00        

【机器加工顺序记录】
----------------------------------------------------------------------------------------------------

打印机1:
工件号      工序号             开始时间            结束时间            加工时长           
--------------------------------------------------------------------------------
  9        0               0.00            27537.95        27537.95       
  16       0               0.00            27537.95        27537.95       
  17       0               0.00            27537.95        27537.95       
  19       0               0.00            27537.95        27537.95       
  34       0               0.00            27537.95        27537.95       
  47       0               0.00            27537.95        27537.95       
  53       0               0.00            27537.95        27537.95       
  63       0               0.00            27537.95        27537.95       
  73       0               0.00            27537.95        27537.95       
  49       0               27537.95        40832.31        13294.36       
  56       0               27537.95        40832.31        13294.36       
  58       0               27537.95        40832.31        13294.36       
  74       0               27537.95        40832.31        13294.36       
  0        0               40832.31        49472.82        8640.51        
  2        0               40832.31        49472.82        8640.51        
  27       0               40832.31        49472.82        8640.51        
  89       0               40832.31        49472.82        8640.51        
  91       0               40832.31        49472.82        8640.51        
  6        0               49472.82        59382.56        9909.74        
  25       0               49472.82        59382.56        9909.74        
  29       0               49472.82        59382.56        9909.74        
  60       0               49472.82        59382.56        9909.74        
  61       0               49472.82        59382.56        9909.74        

  机器利用率: 492.97% (忙碌时间: 393770.26 / 总时间: 79877.59)

打印机2:
工件号      工序号             开始时间            结束时间            加工时长           
--------------------------------------------------------------------------------
  7        0               0.00            27367.23        27367.23       
  15       0               0.00            27367.23        27367.23       
  28       0               0.00            27367.23        27367.23       
  32       0               0.00            27367.23        27367.23       
  39       0               0.00            27367.23        27367.23       
  40       0               0.00            27367.23        27367.23       
  45       0               0.00            27367.23        27367.23       
  52       0               0.00            27367.23        27367.23       
  68       0               0.00            27367.23        27367.23       
  75       0               0.00            27367.23        27367.23       
  82       0               0.00            27367.23        27367.23       
  92       0               0.00            27367.23        27367.23       
  24       0               27367.23        45936.21        18568.98       
  26       0               27367.23        45936.21        18568.98       
  30       0               27367.23        45936.21        18568.98       
  35       0               27367.23        45936.21        18568.98       
  42       0               27367.23        45936.21        18568.98       
  51       0               27367.23        45936.21        18568.98       
  59       0               27367.23        45936.21        18568.98       
  88       0               27367.23        45936.21        18568.98       
  64       0               45936.21        55110.46        9174.25        
  96       0               45936.21        55110.46        9174.25        

  机器利用率: 620.08% (忙碌时间: 495307.09 / 总时间: 79877.59)

打印机3:
工件号      工序号             开始时间            结束时间            加工时长           
--------------------------------------------------------------------------------
  5        0               0.00            40166.95        40166.95       
  14       0               0.00            40166.95        40166.95       
  20       0               0.00            40166.95        40166.95       
  22       0               0.00            40166.95        40166.95       
  41       0               0.00            40166.95        40166.95       
  46       0               0.00            40166.95        40166.95       
  50       0               0.00            40166.95        40166.95       
  66       0               0.00            40166.95        40166.95       
  69       0               0.00            40166.95        40166.95       
  77       0               0.00            40166.95        40166.95       
  95       0               0.00            40166.95        40166.95       
  48       0               40166.95        59943.66        19776.71       
  54       0               40166.95        59943.66        19776.71       
  79       0               40166.95        59943.66        19776.71       

  机器利用率: 627.42% (忙碌时间: 501166.59 / 总时间: 79877.59)

打印机4:
工件号      工序号             开始时间            结束时间            加工时长           
--------------------------------------------------------------------------------
  1        0               0.00            41875.76        41875.76       
  3        0               0.00            41875.76        41875.76       
  4        0               0.00            41875.76        41875.76       
  8        0               0.00            41875.76        41875.76       
  10       0               0.00            41875.76        41875.76       
  21       0               0.00            41875.76        41875.76       
  36       0               0.00            41875.76        41875.76       
  38       0               0.00            41875.76        41875.76       
  78       0               0.00            41875.76        41875.76       
  81       0               0.00            41875.76        41875.76       
  84       0               0.00            41875.76        41875.76       
  86       0               0.00            41875.76        41875.76       
  97       0               0.00            41875.76        41875.76       
  11       0               41875.76        50575.06        8699.29        
  31       0               41875.76        50575.06        8699.29        
  71       0               41875.76        50575.06        8699.29        
  87       0               41875.76        50575.06        8699.29        
  23       0               50575.06        65862.59        15287.53       

  机器利用率: 744.23% (忙碌时间: 594469.65 / 总时间: 79877.59)

打印机5:
工件号      工序号             开始时间            结束时间            加工时长           
--------------------------------------------------------------------------------
  12       0               0.00            39797.00        39797.00       
  13       0               0.00            39797.00        39797.00       
  18       0               0.00            39797.00        39797.00       
  33       0               0.00            39797.00        39797.00       
  37       0               0.00            39797.00        39797.00       
  44       0               0.00            39797.00        39797.00       
  55       0               0.00            39797.00        39797.00       
  57       0               0.00            39797.00        39797.00       
  67       0               0.00            39797.00        39797.00       
  70       0               0.00            39797.00        39797.00       
  72       0               0.00            39797.00        39797.00       
  76       0               0.00            39797.00        39797.00       
  83       0               0.00            39797.00        39797.00       
  85       0               0.00            39797.00        39797.00       
  93       0               0.00            39797.00        39797.00       
  94       0               0.00            39797.00        39797.00       
  99       0               0.00            39797.00        39797.00       
  43       0               39797.00        59194.00        19397.00       
  62       0               39797.00        59194.00        19397.00       
  65       0               39797.00        59194.00        19397.00       
  80       0               39797.00        59194.00        19397.00       
  90       0               39797.00        59194.00        19397.00       
  98       0               39797.00        59194.00        19397.00       

  机器利用率: 992.68% (忙碌时间: 792931.00 / 总时间: 79877.59)

批处理机1:
工件号      工序号             开始时间            结束时间            加工时长           
--------------------------------------------------------------------------------
  9        1               27537.95        28647.95        1110.00        
  16       1               27537.95        28647.95        1110.00        
  17       1               27537.95        28647.95        1110.00        
  19       1               27537.95        28647.95        1110.00        
  34       1               27537.95        28647.95        1110.00        
  47       1               27537.95        28647.95        1110.00        
  53       1               27537.95        28647.95        1110.00        
  63       1               27537.95        28647.95        1110.00        
  73       1               27537.95        28647.95        1110.00        
  5        1               40166.95        41276.95        1110.00        
  14       1               40166.95        41276.95        1110.00        
  20       1               40166.95        41276.95        1110.00        
  22       1               40166.95        41276.95        1110.00        
  41       1               40166.95        41276.95        1110.00        
  46       1               40166.95        41276.95        1110.00        
  50       1               40166.95        41276.95        1110.00        
  66       1               40166.95        41276.95        1110.00        
  69       1               40166.95        41276.95        1110.00        
  77       1               40166.95        41276.95        1110.00        
  95       1               40166.95        41276.95        1110.00        
  1        1               41875.76        42985.76        1110.00        
  3        1               41875.76        42985.76        1110.00        
  4        1               41875.76        42985.76        1110.00        
  8        1               41875.76        42985.76        1110.00        
  10       1               41875.76        42985.76        1110.00        
  21       1               41875.76        42985.76        1110.00        
  36       1               41875.76        42985.76        1110.00        
  38       1               41875.76        42985.76        1110.00        
  78       1               41875.76        42985.76        1110.00        
  81       1               41875.76        42985.76        1110.00        
  84       1               41875.76        42985.76        1110.00        
  86       1               41875.76        42985.76        1110.00        
  97       1               41875.76        42985.76        1110.00        
  6        1               59382.56        60492.56        1110.00        
  25       1               59382.56        60492.56        1110.00        
  29       1               59382.56        60492.56        1110.00        
  60       1               59382.56        60492.56        1110.00        
  61       1               59382.56        60492.56        1110.00        

  机器利用率: 52.81% (忙碌时间: 42180.00 / 总时间: 79877.59)

批处理机2:
工件号      工序号             开始时间            结束时间            加工时长           
--------------------------------------------------------------------------------
  7        1               27367.23        28431.23        1064.00        
  15       1               27367.23        28431.23        1064.00        
  28       1               27367.23        28431.23        1064.00        
  32       1               27367.23        28431.23        1064.00        
  39       1               27367.23        28431.23        1064.00        
  40       1               27367.23        28431.23        1064.00        
  45       1               27367.23        28431.23        1064.00        
  52       1               27367.23        28431.23        1064.00        
  68       1               27367.23        28431.23        1064.00        
  75       1               27367.23        28431.23        1064.00        
  82       1               27367.23        28431.23        1064.00        
  92       1               27367.23        28431.23        1064.00        
  12       1               39797.00        40861.00        1064.00        
  13       1               39797.00        40861.00        1064.00        
  18       1               39797.00        40861.00        1064.00        
  33       1               39797.00        40861.00        1064.00        
  37       1               39797.00        40861.00        1064.00        
  44       1               39797.00        40861.00        1064.00        
  55       1               39797.00        40861.00        1064.00        
  57       1               39797.00        40861.00        1064.00        
  67       1               39797.00        40861.00        1064.00        
  70       1               39797.00        40861.00        1064.00        
  72       1               39797.00        40861.00        1064.00        
  76       1               39797.00        40861.00        1064.00        
  83       1               39797.00        40861.00        1064.00        
  85       1               39797.00        40861.00        1064.00        
  93       1               39797.00        40861.00        1064.00        
  94       1               39797.00        40861.00        1064.00        
  99       1               39797.00        40861.00        1064.00        
  49       1               40861.00        41925.00        1064.00        
  56       1               40861.00        41925.00        1064.00        
  58       1               40861.00        41925.00        1064.00        
  74       1               40861.00        41925.00        1064.00        
  24       1               45936.21        47000.21        1064.00        
  26       1               45936.21        47000.21        1064.00        
  30       1               45936.21        47000.21        1064.00        
  35       1               45936.21        47000.21        1064.00        
  42       1               45936.21        47000.21        1064.00        
  51       1               45936.21        47000.21        1064.00        
  59       1               45936.21        47000.21        1064.00        
  88       1               45936.21        47000.21        1064.00        
  0        1               49472.82        50536.82        1064.00        
  2        1               49472.82        50536.82        1064.00        
  27       1               49472.82        50536.82        1064.00        
  89       1               49472.82        50536.82        1064.00        
  91       1               49472.82        50536.82        1064.00        
  11       1               50575.06        51639.06        1064.00        
  31       1               50575.06        51639.06        1064.00        
  71       1               50575.06        51639.06        1064.00        
  87       1               50575.06        51639.06        1064.00        
  64       1               55110.46        56174.46        1064.00        
  96       1               55110.46        56174.46        1064.00        
  43       1               59194.00        60258.00        1064.00        
  62       1               59194.00        60258.00        1064.00        
  65       1               59194.00        60258.00        1064.00        
  80       1               59194.00        60258.00        1064.00        
  90       1               59194.00        60258.00        1064.00        
  98       1               59194.00        60258.00        1064.00        
  48       1               60258.00        61322.00        1064.00        
  54       1               60258.00        61322.00        1064.00        
  79       1               60258.00        61322.00        1064.00        
  23       1               65862.59        66926.59        1064.00        

  机器利用率: 82.59% (忙碌时间: 65968.00 / 总时间: 79877.59)

离散机1:
工件号      工序号             开始时间            结束时间            加工时长           
--------------------------------------------------------------------------------
  52       2               28431.23        29549.23        1118.00        
  73       2               29549.23        30584.23        1035.00        
  32       4               30968.23        31897.23        929.00         
  52       4               31897.23        32919.23        1022.00        
  52       5               32919.23        34474.23        1555.00        
  75       3               34474.23        35619.23        1145.00        
  75       4               35619.23        36874.23        1255.00        
  34       3               36874.23        38268.23        1394.00        
  7        4               38268.23        39194.23        926.00         
  5        2               41276.95        42949.95        1673.00        
  66       2               42949.95        44252.95        1303.00        
  4        2               44252.95        45385.95        1133.00        
  72       3               45385.95        46876.95        1491.00        
  78       2               46876.95        48023.95        1147.00        
  5        4               48023.95        49726.95        1703.00        
  45       7               49726.95        50683.95        957.00         
  31       2               51639.06        53053.06        1414.00        
  31       3               53053.06        54447.06        1394.00        
  97       3               54447.06        55912.06        1465.00        
  0        4               56956.82        57871.82        915.00         
  47       8               57871.82        59178.82        1307.00        
  29       2               60492.56        61678.56        1186.00        
  55       7               61678.56        63076.56        1398.00        
  46       5               63076.56        64012.56        936.00         
  65       5               64039.00        65200.00        1161.00        
  43       3               65200.00        66656.00        1456.00        
  25       5               66656.00        67702.00        1046.00        
  77       4               67702.00        69130.00        1428.00        
  46       6               69130.00        70202.00        1072.00        
  6        5               70202.00        71910.00        1708.00        
  66       6               71910.00        73036.00        1126.00        
  8        6               73036.00        74069.00        1033.00        
  43       5               74069.00        75165.00        1096.00        

  机器利用率: 51.24% (忙碌时间: 40927.00 / 总时间: 79877.59)

离散机2:
工件号      工序号             开始时间            结束时间            加工时长           
--------------------------------------------------------------------------------
  32       2               28431.23        29562.23        1131.00        
  28       2               29562.23        30898.23        1336.00        
  7        2               30898.23        31886.23        988.00         
  32       5               31897.23        33592.23        1695.00        
  15       4               33592.23        34682.23        1090.00        
  52       6               34682.23        35697.23        1015.00        
  16       2               35697.23        37487.23        1790.00        
  17       7               37487.23        38458.23        971.00         
  7        5               39194.23        40539.23        1345.00        
  72       2               40861.00        42474.00        1613.00        
  58       2               42474.00        43562.00        1088.00        
  41       3               43600.95        45297.95        1697.00        
  93       2               45297.95        46950.95        1653.00        
  30       2               47000.21        48149.21        1149.00        
  41       5               48149.21        49268.21        1119.00        
  5        5               49726.95        50897.95        1171.00        
  83       5               50969.21        52393.21        1424.00        
  26       3               52643.21        54168.21        1525.00        
  3        4               54326.82        55324.82        998.00         
  0        3               55324.82        56956.82        1632.00        
  5        6               56956.82        57856.82        900.00         
  41       7               57856.82        59591.82        1735.00        
  10       5               59591.82        61320.82        1729.00        
  54       2               61322.00        62281.00        959.00         
  6        3               62281.00        63946.00        1665.00        
  25       3               63946.00        65272.00        1326.00        
  94       6               65272.00        66282.00        1010.00        
  94       7               66282.00        67876.00        1594.00        
  6        4               67876.00        69069.00        1193.00        
  8        4               69069.00        70680.00        1611.00        
  8        5               70680.00        72064.00        1384.00        
  4        6               72064.00        73086.00        1022.00        
  13       7               73086.00        74067.00        981.00         
  3        6               74067.00        75432.00        1365.00        
  92       3               75432.00        76627.00        1195.00        
  74       4               76627.00        77818.00        1191.00        
  1        4               77818.00        78742.00        924.00         

  机器利用率: 60.36% (忙碌时间: 48214.00 / 总时间: 79877.59)

离散机3:
工件号      工序号             开始时间            结束时间            加工时长           
--------------------------------------------------------------------------------
  82       2               28431.23        30030.23        1599.00        
  17       4               30839.95        32021.95        1182.00        
  15       3               32021.95        33010.95        989.00         
  45       2               33010.95        34331.95        1321.00        
  15       5               34682.23        36189.23        1507.00        
  15       6               36189.23        37419.23        1230.00        
  75       5               37419.23        38968.23        1549.00        
  68       4               38968.23        40509.23        1541.00        
  47       6               40509.23        41952.23        1443.00        
  99       3               42158.00        43537.00        1379.00        
  13       2               43537.00        44994.00        1457.00        
  94       3               44994.00        46545.00        1551.00        
  21       2               46545.00        48124.00        1579.00        
  66       3               48124.00        49718.00        1594.00        
  24       3               50180.21        51579.21        1399.00        
  11       2               51639.06        53020.06        1381.00        
  55       5               53020.06        54559.06        1539.00        
  21       3               54559.06        55677.06        1118.00        
  30       4               55677.06        56596.06        919.00         
  26       4               56596.06        57746.06        1150.00        
  26       5               57746.06        59355.06        1609.00        
  46       4               59355.06        60441.06        1086.00        
  25       2               60492.56        61413.56        921.00         
  36       5               61413.56        62648.56        1235.00        
  4        4               62648.56        63879.56        1231.00        
  1        2               63879.56        64914.56        1035.00        
  59       3               64914.56        65859.56        945.00         
  58       3               65859.56        67377.56        1518.00        
  65       6               67377.56        68284.56        907.00         
  86       3               68284.56        69604.56        1320.00        
  74       2               69604.56        70633.56        1029.00        
  96       7               70633.56        71799.56        1166.00        
  43       4               71799.56        73094.56        1295.00        
  46       7               73094.56        74328.56        1234.00        
  89       3               74328.56        75316.56        988.00         
  88       4               75316.56        76446.56        1130.00        

  机器利用率: 57.68% (忙碌时间: 46076.00 / 总时间: 79877.59)

离散机4:
工件号      工序号             开始时间            结束时间            加工时长           
--------------------------------------------------------------------------------
  52       3               29549.23        31344.23        1795.00        
  75       2               31344.23        32505.23        1161.00        
  68       3               32505.23        33950.23        1445.00        
  53       3               33950.23        35155.23        1205.00        
  83       2               40861.00        42082.00        1221.00        
  67       3               42082.00        43406.00        1324.00        
  47       7               43406.00        44622.00        1216.00        
  41       4               45297.95        46200.95        903.00         
  42       2               47000.21        48395.21        1395.00        
  72       4               48395.21        49654.21        1259.00        
  36       4               49654.21        50943.21        1289.00        
  41       6               50943.21        52645.21        1702.00        
  71       3               52708.06        54376.06        1668.00        
  11       4               54376.06        56031.06        1655.00        
  83       6               56031.06        57457.06        1426.00        
  96       3               57458.46        59139.46        1681.00        
  77       3               59139.46        60446.46        1307.00        
  94       5               60446.46        61400.46        954.00         
  69       5               61400.46        62414.46        1014.00        
  33       5               62414.46        63412.46        998.00         
  45       8               63412.46        65037.46        1625.00        
  25       4               65272.00        66357.00        1085.00        
  59       4               66357.00        67599.00        1242.00        
  24       8               67721.00        69072.00        1351.00        
  36       7               69072.00        69995.00        923.00         
  86       4               69995.00        71767.00        1772.00        
  51       2               71767.00        72930.00        1163.00        
  30       8               72930.00        74307.00        1377.00        
  8        7               74307.00        75968.00        1661.00        

  机器利用率: 48.60% (忙碌时间: 38817.00 / 总时间: 79877.59)

离散机5:
工件号      工序号             开始时间            结束时间            加工时长           
--------------------------------------------------------------------------------
  32       3               29562.23        30968.23        1406.00        
  9        3               30968.23        31881.23        913.00         
  17       6               33027.95        34448.95        1421.00        
  39       4               35265.95        36801.95        1536.00        
  45       4               36801.95        38015.95        1214.00        
  32       6               38015.95        39020.95        1005.00        
  15       7               39020.95        39933.95        913.00         
  8        2               42985.76        44241.76        1256.00        
  33       3               44794.95        45858.95        1064.00        
  20       3               45976.95        47201.95        1225.00        
  13       4               47201.95        48877.95        1676.00        
  10       3               48877.95        49945.95        1068.00        
  89       2               50536.82        52306.82        1770.00        
  24       4               52306.82        53372.82        1066.00        
  97       2               53372.82        54355.82        983.00         
  31       4               54447.06        55955.06        1508.00        
  71       4               55955.06        57345.06        1390.00        
  91       2               57345.06        58984.06        1639.00        
  20       5               58984.06        60215.06        1231.00        
  96       5               60580.46        62142.46        1562.00        
  79       2               62142.46        63065.46        923.00         
  43       2               63065.46        64441.46        1376.00        
  30       6               64441.46        65615.46        1174.00        
  37       3               65615.46        66816.46        1201.00        
  72       7               66869.46        68005.46        1136.00        
  30       7               68005.46        69148.46        1143.00        
  33       6               69148.46        70087.46        939.00         
  90       2               70087.46        71464.46        1377.00        
  72       8               71464.46        72856.46        1392.00        
  58       5               72856.46        74066.46        1210.00        
  26       9               74066.46        75562.46        1496.00        
  23       7               75716.59        77417.59        1701.00        
  23       8               77417.59        78655.59        1238.00        

  机器利用率: 52.77% (忙碌时间: 42152.00 / 总时间: 79877.59)

离散机6:
工件号      工序号             开始时间            结束时间            加工时长           
--------------------------------------------------------------------------------
  92       2               28431.23        29463.23        1032.00        
  17       3               29601.95        30839.95        1238.00        
  28       3               30898.23        31889.23        991.00         
  47       3               32219.23        34014.23        1795.00        
  40       4               34014.23        35394.23        1380.00        
  28       6               35488.95        36519.95        1031.00        
  7        3               36519.95        37894.95        1375.00        
  17       8               38458.23        39377.23        919.00         
  45       6               39512.95        41022.95        1510.00        
  69       2               41276.95        42514.95        1238.00        
  94       2               42514.95        43954.95        1440.00        
  3        2               43954.95        45419.95        1465.00        
  49       2               45419.95        46868.95        1449.00        
  14       3               46868.95        48244.95        1376.00        
  85       2               48244.95        49486.95        1242.00        
  14       4               49486.95        50577.95        1091.00        
  0        2               50577.95        52163.95        1586.00        
  46       3               52163.95        53166.95        1003.00        
  20       4               53166.95        54426.95        1260.00        
  49       3               54426.95        55372.95        946.00         
  50       2               55372.95        56724.95        1352.00        
  10       4               56724.95        58240.95        1516.00        
  14       7               58240.95        59452.95        1212.00        
  44       2               59452.95        60438.95        986.00         
  6        2               60492.56        61497.56        1005.00        
  24       5               61497.56        62895.56        1398.00        
  30       5               62895.56        63971.56        1076.00        
  26       6               63971.56        65250.56        1279.00        
  8        3               65250.56        66277.56        1027.00        
  97       4               66277.56        67740.56        1463.00        
  81       2               67740.56        69004.56        1264.00        
  58       4               69004.56        70113.56        1109.00        
  14       9               70113.56        71440.56        1327.00        
  23       5               71442.59        73030.59        1588.00        
  21       4               73030.59        74595.59        1565.00        
  37       4               74595.59        75786.59        1191.00        
  87       4               75786.59        77446.59        1660.00        
  4        7               77446.59        78784.59        1338.00        
  43       6               78784.59        79821.59        1037.00        

  机器利用率: 62.30% (忙碌时间: 49760.00 / 总时间: 79877.59)

离散机7:
工件号      工序号             开始时间            结束时间            加工时长           
--------------------------------------------------------------------------------
  53       2               28647.95        29626.95        979.00         
  19       2               29626.95        31060.95        1434.00        
  68       2               31060.95        32424.95        1364.00        
  34       2               32424.95        34188.95        1764.00        
  28       5               34188.95        35488.95        1300.00        
  16       3               37487.23        39056.23        1569.00        
  75       6               39056.23        39974.23        918.00         
  14       2               41276.95        42579.95        1303.00        
  41       2               42579.95        43600.95        1021.00        
  33       2               43600.95        44794.95        1194.00        
  20       2               44794.95        45976.95        1182.00        
  99       4               45976.95        46978.95        1002.00        
  88       2               47000.21        48307.21        1307.00        
  55       4               48307.21        49475.21        1168.00        
  83       4               49475.21        50969.21        1494.00        
  26       2               50969.21        52643.21        1674.00        
  69       3               52643.21        54154.21        1511.00        
  88       3               54154.21        55517.21        1363.00        
  72       5               55517.21        57086.21        1569.00        
  87       3               57086.21        58729.21        1643.00        
  49       4               58729.21        60280.21        1551.00        
  60       2               60492.56        61696.56        1204.00        
  35       3               61832.06        63531.06        1699.00        
  13       6               63531.06        65142.06        1611.00        
  3        5               65142.06        66233.06        1091.00        
  69       7               66303.00        67928.00        1625.00        
  59       5               67928.00        69407.00        1479.00        
  23       4               69685.59        71442.59        1757.00        
  1        3               71442.59        73224.59        1782.00        
  74       3               73224.59        74469.59        1245.00        
  25       7               74469.59        75623.59        1154.00        
  67       5               75623.59        76883.59        1260.00        
  59       6               76883.59        78352.59        1469.00        
  30       9               78352.59        79492.59        1140.00        

  机器利用率: 58.62% (忙碌时间: 46826.00 / 总时间: 79877.59)

离散机8:
工件号      工序号             开始时间            结束时间            加工时长           
--------------------------------------------------------------------------------
  40       2               28431.23        29542.23        1111.00        
  15       2               29542.23        30948.23        1406.00        
  47       2               30948.23        32219.23        1271.00        
  45       3               34331.95        35524.95        1193.00        
  45       5               38015.95        39512.95        1497.00        
  46       2               41276.95        42907.95        1631.00        
  5        3               42949.95        44245.95        1296.00        
  83       3               44245.95        45231.95        986.00         
  13       3               45231.95        46269.95        1038.00        
  57       2               46269.95        47729.95        1460.00        
  30       3               48149.21        49156.21        1007.00        
  93       3               49156.21        50536.21        1380.00        
  14       5               50577.95        52091.95        1514.00        
  11       3               53020.06        54036.06        1016.00        
  99       5               54036.06        55464.06        1428.00        
  14       6               55464.06        56657.06        1193.00        
  69       4               56657.06        57966.06        1309.00        
  11       5               57966.06        58904.06        938.00         
  55       6               58904.06        60114.06        1210.00        
  35       2               60114.06        61832.06        1718.00        
  66       4               61832.06        63083.06        1251.00        
  65       4               63130.00        64039.00        909.00         
  96       6               64039.00        65069.00        1030.00        
  69       6               65069.00        66303.00        1234.00        
  24       7               66303.00        67721.00        1418.00        
  5        7               67721.00        69198.00        1477.00        
  4        5               69198.00        70115.00        917.00         
  62       2               70115.00        71611.00        1496.00        
  29       3               71611.00        72790.00        1179.00        
  11       6               72790.00        73806.00        1016.00        
  36       8               73806.00        74914.00        1108.00        
  81       3               74914.00        76102.00        1188.00        
  93       5               76102.00        77177.00        1075.00        
  57       3               77177.00        78164.00        987.00         

  机器利用率: 52.44% (忙碌时间: 41887.00 / 总时间: 79877.59)

离散机9:
工件号      工序号             开始时间            结束时间            加工时长           
--------------------------------------------------------------------------------
  9        2               28647.95        30091.95        1444.00        
  40       3               30091.95        31401.95        1310.00        
  17       5               32021.95        33027.95        1006.00        
  39       2               33027.95        34327.95        1300.00        
  82       3               34327.95        35256.95        929.00         
  40       5               35394.23        36312.23        918.00         
  47       5               36315.95        37904.95        1589.00        
  34       4               38268.23        39753.23        1485.00        
  67       2               40861.00        41792.00        931.00         
  18       2               41792.00        42934.00        1142.00        
  36       2               42985.76        43979.76        994.00         
  86       2               43979.76        45524.76        1545.00        
  36       3               45524.76        46909.76        1385.00        
  10       2               46909.76        48634.76        1725.00        
  33       4               48634.76        49657.76        1023.00        
  13       5               49657.76        51165.76        1508.00        
  71       2               51639.06        52708.06        1069.00        
  85       3               52708.06        54379.06        1671.00        
  7        6               54379.06        55841.06        1462.00        
  96       2               56174.46        57458.46        1284.00        
  64       2               57458.46        58659.46        1201.00        
  83       7               58659.46        60060.46        1401.00        
  65       2               60258.00        61664.00        1406.00        
  65       3               61664.00        63130.00        1466.00        
  99       7               63130.00        64198.00        1068.00        
  31       5               64198.00        65907.00        1709.00        
  26       7               65907.00        66908.00        1001.00        
  23       2               66926.59        67966.59        1040.00        
  23       3               67966.59        69685.59        1719.00        
  66       5               69685.59        70839.59        1154.00        
  25       6               70839.59        72557.59        1718.00        
  26       8               72557.59        73621.59        1064.00        
  69       8               73621.59        74619.59        998.00         
  23       6               74619.59        75716.59        1097.00        
  31       6               75716.59        76883.59        1167.00        
  10       6               76883.59        78137.59        1254.00        
  0        5               78137.59        79877.59        1740.00        

  机器利用率: 60.00% (忙碌时间: 47923.00 / 总时间: 79877.59)

离散机10:
工件号      工序号             开始时间            结束时间            加工时长           
--------------------------------------------------------------------------------
  17       2               28647.95        29601.95        954.00         
  28       4               31889.23        33097.23        1208.00        
  39       3               34327.95        35265.95        938.00         
  47       4               35265.95        36315.95        1050.00        
  39       5               36801.95        38227.95        1426.00        
  52       7               38227.95        39150.95        923.00         
  40       6               39150.95        40696.95        1546.00        
  99       2               40861.00        42158.00        1297.00        
  37       2               42158.00        43431.00        1273.00        
  55       2               43431.00        45160.00        1729.00        
  55       3               45160.00        46622.00        1462.00        
  59       2               47000.21        48388.21        1388.00        
  24       2               48388.21        50180.21        1792.00        
  2        2               50536.82        51716.82        1180.00        
  4        3               51716.82        53064.82        1348.00        
  3        3               53064.82        54326.82        1262.00        
  87       2               54326.82        56056.82        1730.00        
  77       2               56056.82        57220.82        1164.00        
  94       4               57220.82        58139.82        919.00         
  67       4               58139.82        59076.82        937.00         
  96       4               59139.46        60580.46        1441.00        
  70       2               60580.46        61762.46        1182.00        
  99       6               61762.46        63061.46        1299.00        
  14       8               63061.46        64318.46        1257.00        
  24       6               64318.46        65495.46        1177.00        
  72       6               65495.46        66869.46        1374.00        
  20       6               66869.46        67789.46        920.00         
  36       6               67789.46        68737.46        948.00         
  12       2               68737.46        70260.46        1523.00        
  48       2               70260.46        71699.46        1439.00        
  33       7               71699.46        73106.46        1407.00        
  86       5               73106.46        74303.46        1197.00        
  93       4               74303.46        75792.46        1489.00        
  42       3               75792.46        76989.46        1197.00        
  96       8               76989.46        78000.46        1011.00        
  32       7               78000.46        79076.46        1076.00        

  机器利用率: 56.92% (忙碌时间: 45463.00 / 总时间: 79877.59)

【打印批次详细信息】
----------------------------------------------------------------------------------------------------

打印机 1 (尺寸: 1033.0 x 412.0 x 635.0):
--------------------------------------------------------------------------------
  批次 1: 零件数=9, 占用率=82.94%
    - 47: 尺寸 178.0 x 51.0 x 176.0
    - 53: 尺寸 142.0 x 121.0 x 188.0
    - 17: 尺寸 668.0 x 227.0 x 36.0
    - 63: 尺寸 163.0 x 195.0 x 52.0
    - 73: 尺寸 177.0 x 159.0 x 112.0
    - 19: 尺寸 220.0 x 58.0 x 76.0
    - 16: 尺寸 441.0 x 143.0 x 42.0
    - 9: 尺寸 149.0 x 101.0 x 45.0
    - 34: 尺寸 206.0 x 118.0 x 193.0
  批次 2: 零件数=4, 占用率=82.92%
    - 56: 尺寸 312.0 x 305.0 x 32.0
    - 49: 尺寸 720.0 x 166.0 x 70.0
    - 58: 尺寸 181.0 x 246.0 x 77.0
    - 74: 尺寸 488.0 x 192.0 x 92.0
  批次 3: 零件数=5, 占用率=81.38%
    - 0: 尺寸 268.0 x 250.0 x 27.0
    - 27: 尺寸 565.0 x 191.0 x 59.0
    - 89: 尺寸 185.0 x 233.0 x 23.0
    - 2: 尺寸 568.0 x 184.0 x 44.0
    - 91: 尺寸 179.0 x 133.0 x 39.0
  批次 4: 零件数=5, 占用率=59.08%
    - 29: 尺寸 302.0 x 137.0 x 33.0
    - 25: 尺寸 207.0 x 202.0 x 33.0
    - 60: 尺寸 363.0 x 170.0 x 19.0
    - 6: 尺寸 134.0 x 306.0 x 68.0
    - 61: 尺寸 533.0 x 123.0 x 54.0

打印机 2 (尺寸: 1163.0 x 587.0 x 663.0):
--------------------------------------------------------------------------------
  批次 1: 零件数=12, 占用率=88.62%
    - 45: 尺寸 266.0 x 241.0 x 26.0
    - 39: 尺寸 396.0 x 158.0 x 123.0
    - 75: 尺寸 460.0 x 290.0 x 105.0
    - 68: 尺寸 413.0 x 227.0 x 174.0
    - 15: 尺寸 255.0 x 172.0 x 44.0
    - 92: 尺寸 440.0 x 247.0 x 168.0
    - 82: 尺寸 191.0 x 198.0 x 181.0
    - 40: 尺寸 122.0 x 148.0 x 103.0
    - 28: 尺寸 108.0 x 148.0 x 40.0
    - 7: 尺寸 105.0 x 98.0 x 89.0
    - 32: 尺寸 66.0 x 98.0 x 75.0
    - 52: 尺寸 59.0 x 170.0 x 100.0
  批次 2: 零件数=8, 占用率=67.80%
    - 59: 尺寸 229.0 x 159.0 x 122.0
    - 30: 尺寸 686.0 x 336.0 x 90.0
    - 35: 尺寸 106.0 x 96.0 x 48.0
    - 51: 尺寸 135.0 x 173.0 x 83.0
    - 42: 尺寸 86.0 x 114.0 x 61.0
    - 88: 尺寸 207.0 x 385.0 x 83.0
    - 24: 尺寸 173.0 x 187.0 x 33.0
    - 26: 尺寸 353.0 x 115.0 x 50.0
  批次 3: 零件数=2, 占用率=56.40%
    - 96: 尺寸 711.0 x 335.0 x 59.0
    - 64: 尺寸 441.0 x 333.0 x 52.0

打印机 3 (尺寸: 941.0 x 424.0 x 663.0):
--------------------------------------------------------------------------------
  批次 1: 零件数=11, 占用率=84.98%
    - 77: 尺寸 509.0 x 204.0 x 43.0
    - 46: 尺寸 389.0 x 123.0 x 52.0
    - 41: 尺寸 420.0 x 84.0 x 65.0
    - 22: 尺寸 69.0 x 106.0 x 68.0
    - 66: 尺寸 438.0 x 139.0 x 124.0
    - 50: 尺寸 123.0 x 185.0 x 171.0
    - 14: 尺寸 183.0 x 98.0 x 54.0
    - 20: 尺寸 89.0 x 142.0 x 104.0
    - 95: 尺寸 202.0 x 55.0 x 55.0
    - 69: 尺寸 101.0 x 76.0 x 43.0
    - 5: 尺寸 187.0 x 63.0 x 153.0
  批次 2: 零件数=3, 占用率=41.03%
    - 54: 尺寸 529.0 x 120.0 x 52.0
    - 79: 尺寸 382.0 x 155.0 x 83.0
    - 48: 尺寸 205.0 x 200.0 x 83.0

打印机 4 (尺寸: 1081.0 x 523.0 x 615.0):
--------------------------------------------------------------------------------
  批次 1: 零件数=13, 占用率=84.58%
    - 78: 尺寸 257.0 x 259.0 x 55.0
    - 8: 尺寸 155.0 x 115.0 x 87.0
    - 10: 尺寸 480.0 x 155.0 x 175.0
    - 36: 尺寸 164.0 x 468.0 x 153.0
    - 84: 尺寸 132.0 x 148.0 x 176.0
    - 1: 尺寸 465.0 x 126.0 x 96.0
    - 4: 尺寸 148.0 x 136.0 x 21.0
    - 97: 尺寸 107.0 x 213.0 x 56.0
    - 3: 尺寸 130.0 x 114.0 x 98.0
    - 86: 尺寸 349.0 x 205.0 x 127.0
    - 81: 尺寸 93.0 x 134.0 x 170.0
    - 21: 尺寸 109.0 x 53.0 x 36.0
    - 38: 尺寸 144.0 x 118.0 x 155.0
  批次 2: 零件数=4, 占用率=72.35%
    - 31: 尺寸 355.0 x 260.0 x 20.0
    - 71: 尺寸 699.0 x 267.0 x 29.0
    - 11: 尺寸 306.0 x 123.0 x 35.0
    - 87: 尺寸 690.0 x 134.0 x 26.0
  批次 3: 零件数=1, 占用率=21.12%
    - 23: 尺寸 422.0 x 283.0 x 63.0

打印机 5 (尺寸: 1118.0 x 504.0 x 631.0):
--------------------------------------------------------------------------------
  批次 1: 零件数=17, 占用率=89.35%
    - 33: 尺寸 143.0 x 98.0 x 20.0
    - 99: 尺寸 390.0 x 203.0 x 186.0
    - 72: 尺寸 426.0 x 214.0 x 34.0
    - 83: 尺寸 153.0 x 441.0 x 197.0
    - 57: 尺寸 139.0 x 114.0 x 92.0
    - 94: 尺寸 86.0 x 78.0 x 15.0
    - 93: 尺寸 291.0 x 139.0 x 38.0
    - 70: 尺寸 139.0 x 217.0 x 55.0
    - 13: 尺寸 87.0 x 87.0 x 191.0
    - 76: 尺寸 165.0 x 168.0 x 18.0
    - 37: 尺寸 179.0 x 208.0 x 109.0
    - 12: 尺寸 99.0 x 132.0 x 97.0
    - 44: 尺寸 79.0 x 103.0 x 14.0
    - 18: 尺寸 207.0 x 134.0 x 86.0
    - 55: 尺寸 72.0 x 93.0 x 88.0
    - 67: 尺寸 144.0 x 121.0 x 191.0
    - 85: 尺寸 205.0 x 63.0 x 96.0
  批次 2: 零件数=6, 占用率=75.90%
    - 65: 尺寸 688.0 x 246.0 x 28.0
    - 90: 尺寸 241.0 x 85.0 x 93.0
    - 62: 尺寸 188.0 x 133.0 x 95.0
    - 98: 尺寸 197.0 x 134.0 x 63.0
    - 80: 尺寸 152.0 x 106.0 x 19.0
    - 43: 尺寸 713.0 x 239.0 x 46.0

════════════════════════════════════════════════════════════════
