════════════════════════════════════════════════════════════════
              最优Cmax解的详细调度记录
════════════════════════════════════════════════════════════════

【基本信息】
----------------------------------------------------------------------------------------------------
Cmax (最大完工时间): 84210.64
能耗: 911.47 kWh
装箱质量: 0.2135
批次总数: 15
工件数量: 100
机器数量: 17 (打印机:5, 批处理机:2, 离散机:10)

【染色体编码】
----------------------------------------------------------------------------------------------------
工序序列 (OS): [31, 15, 26, 28, 41, 91, 45, 92, 69, 77, 64, 22, 68, 78, 90, 63, 61, 40, 52, 30, 13, 80, 81, 7, 51, 6, 27, 85, 87, 96, 43, 66, 36, 94, 65, 99, 19, 74, 34, 0, 10, 16, 5, 39, 44, 98, 93, 48, 9, 76, 3, 67, 97, 58, 11, 88, 38, 12, 20, 54, 55, 23, 4, 71, 53, 1, 18, 33, 57, 29, 73, 32, 89, 75, 56, 17, 84, 70, 59, 86, 79, 24, 83, 2, 50, 62, 72, 46, 47, 37, 25, 35, 49, 95, 60, 21, 14, 82, 42, 8, 67, 16, 36, 33, 15, 7, 83, 72, 1, 96, 55, 77, 15, 67, 20, 7, 30, 4, 0, 52, 33, 52, 77, 8, 13, 96, 94, 20, 28, 89, 9, 0, 86, 40, 45, 45, 5, 74, 45, 58, 30, 11, 32, 39, 88, 67, 7, 83, 69, 14, 83, 69, 85, 13, 68, 59, 3, 14, 55, 32, 6, 8, 46, 30, 25, 31, 5, 77, 96, 15, 5, 37, 20, 10, 92, 65, 23, 74, 66, 33, 75, 36, 17, 75, 17, 31, 46, 24, 47, 65, 36, 32, 99, 31, 59, 10, 43, 20, 34, 58, 93, 42, 34, 94, 49, 26, 53, 20, 44, 25, 14, 30, 91, 28, 47, 45, 15, 54, 34, 6, 94, 24, 4, 3, 40, 41, 23, 94, 14, 46, 32, 72, 94, 36, 11, 16, 21, 23, 0, 83, 30, 13, 25, 49, 14, 26, 81, 28, 83, 28, 10, 12, 32, 57, 52, 26, 99, 45, 30, 68, 4, 52, 31, 42, 5, 86, 36, 40, 86, 69, 30, 3, 13, 97, 36, 40, 49, 13, 52, 39, 87, 7, 21, 96, 99, 41, 14, 28, 17, 2, 82, 59, 72, 21, 65, 33, 86, 3, 43, 93, 29, 33, 66, 82, 24, 69, 17, 58, 96, 39, 72, 23, 70, 88, 53, 26, 4, 75, 66, 30, 68, 11, 32, 87, 65, 25, 3, 57, 37, 60, 24, 89, 50, 26, 6, 55, 47, 19, 11, 96, 6, 85, 71, 25, 83, 26, 13, 75, 99, 69, 46, 74, 31, 41, 35, 47, 37, 64, 55, 14, 87, 58, 88, 41, 73, 55, 25, 14, 8, 43, 24, 99, 23, 8, 35, 41, 9, 78, 59, 5, 18, 72, 71, 47, 4, 97, 17, 1, 26, 45, 17, 10, 36, 26, 46, 8, 45, 51, 75, 23, 97, 93, 99, 11, 15, 79, 40, 5, 72, 62, 69, 81, 4, 24, 46, 69, 15, 93, 39, 71, 17, 8, 48, 65, 23, 66, 52, 24, 90, 94, 96, 47, 66, 43, 1, 92, 7, 10, 55, 29, 33, 72, 0, 43, 47, 67, 59, 41]
机器选择 (MS): [3, 5, 5, 4, 2, 2, 5, 5, 2, 1, 2, 3, 1, 5, 1, 2, 2, 1, 5, 1, 4, 5, 1, 1, 5, 5, 2, 1, 3, 2, 1, 3, 5, 2, 1, 1, 3, 1, 5, 2, 4, 4, 1, 4, 4, 4, 1, 3, 5, 1, 3, 5, 2, 4, 5, 4, 4, 1, 5, 5, 5, 3, 1, 5, 4, 1, 2, 2, 1, 3, 1, 4, 2, 2, 5, 4, 5, 2, 1, 5, 2, 2, 4, 2, 5, 1, 2, 4, 2, 2, 4, 4, 1, 5, 3, 1, 3, 2, 2, 1, 1, 1, 3, 1, 1, 1, 2, 1, 1, 1, 1, 2, 2, 1, 1, 1, 3, 1, 1, 1, 1, 3, 2, 2, 3, 1, 1, 1, 2, 1, 1, 1, 2, 1, 1, 2, 1, 2, 1, 1, 2, 2, 1, 1, 3, 1, 3, 1, 2, 2, 1, 2, 1, 1, 2, 1, 3, 1, 1, 3, 1, 1, 1, 2, 1, 1, 1, 1, 1, 1, 3, 1, 3, 1, 2, 1, 1, 2, 1, 1, 1, 1, 1, 2, 2, 1, 2, 2, 3, 1, 2, 1, 3, 2, 2, 2, 1, 2, 1, 1, 2, 1, 2, 1, 1, 2, 1, 2, 3, 1, 1, 2, 1, 3, 1, 1, 1, 1, 2, 1, 3, 3, 2, 3, 1, 1, 3, 1, 3, 1, 1, 2, 1, 2, 1, 1, 3, 1, 1, 1, 1, 2, 1, 1, 2, 1, 2, 1, 2, 3, 1, 1, 1, 1, 1, 1, 1, 2, 3, 2, 2, 2, 1, 3, 1, 2, 1, 2, 3, 1, 2, 1, 1, 2, 2, 1, 1, 1, 1, 2, 1, 3, 1, 2, 3, 1, 1, 1, 1, 2, 1, 2, 1, 2, 1, 1, 2, 2, 1, 2, 2, 1, 1, 1, 1, 2, 1, 1, 1, 1, 1, 1, 2, 1, 2, 1, 1, 1, 1, 2, 1, 1, 2, 2, 1, 2, 1, 2, 1, 1, 1, 1, 1, 1, 1, 2, 2, 1, 1, 1, 1, 1, 2, 2, 1, 1, 1, 2, 1, 3, 1, 1, 2, 1, 3, 3, 3, 2, 2, 1, 1, 3, 3, 1, 1, 2, 1, 2, 1, 1, 1, 1, 1, 2, 1, 1, 1, 2, 2, 1, 1, 1, 1, 3, 1, 1, 1, 2, 1, 1, 1, 1, 3, 3, 1, 1, 1, 1, 1, 1, 1, 1, 1, 2, 1, 1, 2, 1, 1, 1, 2, 1, 1, 1, 1, 1, 1, 2, 2, 1, 1, 3, 2, 2, 1, 1, 1, 1, 3, 1, 1, 1, 1, 1, 1, 3, 2, 1, 2, 1, 1, 1, 1, 1, 2, 2, 1, 1]

【零件加工顺序记录】
----------------------------------------------------------------------------------------------------
工件号      工序号             机器号             开始时间            结束时间            加工时长           
----------------------------------------------------------------------------------------------------

工件 0:
  0        0               打印机2            0.00            26621.61        26621.61       
  0        1               批处理机2           26621.61        27685.61        1064.00        
  0        2               离散机3            27685.61        28585.61        900.00         
  0        3               离散机2            28585.61        30217.61        1632.00        
  0        4               离散机5            32734.61        33774.61        1040.00        
  0        5               离散机3            63533.41        65025.41        1492.00        

工件 1:
  1        0               打印机1            0.00            21896.92        21896.92       
  1        1               批处理机2           21896.92        22960.92        1064.00        
  1        2               离散机3            22960.92        23995.92        1035.00        
  1        3               离散机7            38200.61        39982.61        1782.00        
  1        4               离散机8            60391.94        62100.94        1709.00        

工件 2:
  2        0               打印机2            26621.61        42655.51        16033.89       
  2        1               批处理机2           42655.51        43719.51        1064.00        
  2        2               离散机1            56703.94        57960.94        1257.00        

工件 3:
  3        0               打印机3            0.00            29276.71        29276.71       
  3        1               批处理机2           29276.71        30340.71        1064.00        
  3        2               离散机1            30340.71        31272.71        932.00         
  3        3               离散机7            31768.61        32897.61        1129.00        
  3        4               离散机2            34615.61        35613.61        998.00         
  3        5               离散机7            35675.61        36766.61        1091.00        
  3        6               离散机6            39444.71        40602.71        1158.00        

工件 4:
  4        0               打印机1            0.00            21896.92        21896.92       
  4        1               批处理机2           21896.92        22960.92        1064.00        
  4        2               离散机1            22960.92        24093.92        1133.00        
  4        3               离散机8            24093.92        25640.92        1547.00        
  4        4               离散机3            34941.71        36172.71        1231.00        
  4        5               离散机8            36172.71        37089.71        917.00         
  4        6               离散机2            37310.61        38332.61        1022.00        
  4        7               离散机6            76174.92        77512.92        1338.00        

工件 5:
  5        0               打印机1            0.00            21896.92        21896.92       
  5        1               批处理机2           21896.92        22960.92        1064.00        
  5        2               离散机1            24093.92        25766.92        1673.00        
  5        3               离散机8            25766.92        27062.92        1296.00        
  5        4               离散机8            28891.61        30147.61        1256.00        
  5        5               离散机4            33605.61        35363.61        1758.00        
  5        6               离散机4            39015.61        40174.61        1159.00        
  5        7               离散机8            53409.94        54886.94        1477.00        

工件 6:
  6        0               打印机5            38997.00        64794.00        25797.00       
  6        1               批处理机2           64794.00        65858.00        1064.00        
  6        2               离散机3            67239.00        68906.00        1667.00        
  6        3               离散机2            68906.00        70571.00        1665.00        
  6        4               离散机2            70571.00        71764.00        1193.00        
  6        5               离散机9            72057.35        73334.35        1277.00        

工件 7:
  7        0               打印机1            21896.92        48447.69        26550.77       
  7        1               批处理机2           48447.69        49511.69        1064.00        
  7        2               离散机2            49670.94        50658.94        988.00         
  7        3               离散机6            50658.94        52033.94        1375.00        
  7        4               离散机1            52033.94        52959.94        926.00         
  7        5               离散机2            57922.94        59267.94        1345.00        
  7        6               离散机9            62890.94        64352.94        1462.00        

工件 8:
  8        0               打印机1            21896.92        48447.69        26550.77       
  8        1               批处理机2           48447.69        49511.69        1064.00        
  8        2               离散机5            49511.69        50767.69        1256.00        
  8        3               离散机7            52830.41        54622.41        1792.00        
  8        4               离散机2            60793.94        62404.94        1611.00        
  8        5               离散机5            62404.94        63392.94        988.00         
  8        6               离散机1            66155.41        67188.41        1033.00        
  8        7               离散机4            74200.00        75861.00        1661.00        

工件 9:
  9        0               打印机5            38997.00        64794.00        25797.00       
  9        1               批处理机2           64794.00        65858.00        1064.00        
  9        2               离散机7            65858.00        67143.00        1285.00        
  9        3               离散机4            67143.00        68111.00        968.00         

工件 10:
  10       0               打印机4            0.00            46816.94        46816.94       
  10       1               批处理机2           46816.94        47880.94        1064.00        
  10       2               离散机6            47880.94        48884.94        1004.00        
  10       3               离散机5            50767.69        51835.69        1068.00        
  10       4               离散机6            54110.94        55626.94        1516.00        
  10       5               离散机2            65344.13        67073.13        1729.00        
  10       6               离散机9            76310.92        77564.92        1254.00        

工件 11:
  11       0               打印机5            38997.00        64794.00        25797.00       
  11       1               批处理机2           64794.00        65858.00        1064.00        
  11       2               离散机3            65858.00        67239.00        1381.00        
  11       3               离散机9            67239.00        68355.00        1116.00        
  11       4               离散机3            72744.00        73735.00        991.00         
  11       5               离散机3            73735.00        74788.00        1053.00        
  11       6               离散机7            78610.92        80398.92        1788.00        

工件 12:
  12       0               打印机1            21896.92        48447.69        26550.77       
  12       1               批处理机2           48447.69        49511.69        1064.00        
  12       2               离散机7            57872.41        59630.41        1758.00        

工件 13:
  13       0               打印机4            0.00            46816.94        46816.94       
  13       1               批处理机2           46816.94        47880.94        1064.00        
  13       2               离散机3            47880.94        49337.94        1457.00        
  13       3               离散机9            49337.94        50902.94        1565.00        
  13       4               离散机5            54283.94        55959.94        1676.00        
  13       5               离散机9            55959.94        57467.94        1508.00        
  13       6               离散机7            59630.41        61241.41        1611.00        
  13       7               离散机1            61241.41        62317.41        1076.00        

工件 14:
  14       0               打印机3            29276.71        49053.41        19776.71       
  14       1               批处理机1           49053.41        50163.41        1110.00        
  14       2               离散机7            50163.41        51466.41        1303.00        
  14       3               离散机3            51466.41        52858.41        1392.00        
  14       4               离散机6            53019.94        54110.94        1091.00        
  14       5               离散机3            55321.41        56751.41        1430.00        
  14       6               离散机7            56751.41        57872.41        1121.00        
  14       7               离散机6            59615.94        60827.94        1212.00        
  14       8               离散机10           60881.94        62138.94        1257.00        
  14       9               离散机4            62138.94        63673.94        1535.00        

工件 15:
  15       0               打印机5            0.00            38997.00        38997.00       
  15       1               批处理机2           38997.00        40061.00        1064.00        
  15       2               离散机2            40061.00        41660.00        1599.00        
  15       3               离散机2            41660.00        43248.00        1588.00        
  15       4               离散机1            43248.00        44757.00        1509.00        
  15       5               离散机7            45743.00        47152.00        1409.00        
  15       6               离散机3            61278.41        62508.41        1230.00        
  15       7               离散机5            63392.94        64305.94        913.00         

工件 16:
  16       0               打印机4            0.00            46816.94        46816.94       
  16       1               批处理机2           46816.94        47880.94        1064.00        
  16       2               离散机2            47880.94        49670.94        1790.00        
  16       3               离散机7            54622.41        56191.41        1569.00        

工件 17:
  17       0               打印机4            46816.94        66810.35        19993.41       
  17       1               批处理机2           66810.35        67874.35        1064.00        
  17       2               离散机10           67874.35        68828.35        954.00         
  17       3               离散机6            68828.35        70066.35        1238.00        
  17       4               离散机9            70066.35        71051.35        985.00         
  17       5               离散机9            71051.35        72057.35        1006.00        
  17       6               离散机2            72057.35        73680.35        1623.00        
  17       7               离散机2            73680.35        74651.35        971.00         
  17       8               离散机6            77512.92        78431.92        919.00         

工件 18:
  18       0               打印机2            26621.61        42655.51        16033.89       
  18       1               批处理机2           42655.51        43719.51        1064.00        
  18       2               离散机1            64453.41        66155.41        1702.00        

工件 19:
  19       0               打印机3            0.00            29276.71        29276.71       
  19       1               批处理机2           29276.71        30340.71        1064.00        
  19       2               离散机7            36766.61        38200.61        1434.00        

工件 20:
  20       0               打印机5            0.00            38997.00        38997.00       
  20       1               批处理机2           38997.00        40061.00        1064.00        
  20       2               离散机7            40061.00        41243.00        1182.00        
  20       3               离散机5            41243.00        42468.00        1225.00        
  20       4               离散机6            42468.00        43728.00        1260.00        
  20       5               离散机9            44228.00        45444.00        1216.00        
  20       6               离散机10           45444.00        46364.00        920.00         

工件 21:
  21       0               打印机1            0.00            21896.92        21896.92       
  21       1               批处理机2           21896.92        22960.92        1064.00        
  21       2               离散机3            25024.92        26603.92        1579.00        
  21       3               离散机6            31659.61        33268.61        1609.00        
  21       4               离散机6            34723.61        36288.61        1565.00        

工件 22:
  22       0               打印机3            0.00            29276.71        29276.71       
  22       1               批处理机2           29276.71        30340.71        1064.00        

工件 23:
  23       0               打印机3            0.00            29276.71        29276.71       
  23       1               批处理机2           29276.71        30340.71        1064.00        
  23       2               离散机9            30340.71        31380.71        1040.00        
  23       3               离散机3            31732.61        32829.61        1097.00        
  23       4               离散机7            33918.61        35675.61        1757.00        
  23       5               离散机10           35675.61        37280.61        1605.00        
  23       6               离散机9            38841.71        39938.71        1097.00        
  23       7               离散机5            42468.00        44169.00        1701.00        
  23       8               离散机5            45442.00        46680.00        1238.00        

工件 24:
  24       0               打印机2            26621.61        42655.51        16033.89       
  24       1               批处理机2           42655.51        43719.51        1064.00        
  24       2               离散机3            43719.51        45049.51        1330.00        
  24       3               离散机6            45049.51        46739.51        1690.00        
  24       4               离散机5            46739.51        47805.51        1066.00        
  24       5               离散机4            60596.94        61988.94        1392.00        
  24       6               离散机10           62138.94        63315.94        1177.00        
  24       7               离散机1            68199.41        69816.41        1617.00        
  24       8               离散机7            74437.35        75846.35        1409.00        

工件 25:
  25       0               打印机4            0.00            46816.94        46816.94       
  25       1               批处理机2           46816.94        47880.94        1064.00        
  25       2               离散机1            47880.94        49507.94        1627.00        
  25       3               离散机4            50262.94        52016.94        1754.00        
  25       4               离散机10           52196.69        53112.69        916.00         
  25       5               离散机1            59215.94        60261.94        1046.00        
  25       6               离散机9            60261.94        61979.94        1718.00        
  25       7               离散机7            73283.35        74437.35        1154.00        

工件 26:
  26       0               打印机5            0.00            38997.00        38997.00       
  26       1               批处理机2           38997.00        40061.00        1064.00        
  26       2               离散机7            41243.00        42917.00        1674.00        
  26       3               离散机8            42917.00        44684.00        1767.00        
  26       4               离散机3            45049.51        46199.51        1150.00        
  26       5               离散机3            58130.41        59739.41        1609.00        
  26       6               离散机6            61858.94        63137.94        1279.00        
  26       7               离散机6            63137.94        64569.94        1432.00        
  26       8               离散机9            64569.94        65633.94        1064.00        
  26       9               离散机5            65633.94        67129.94        1496.00        

工件 27:
  27       0               打印机2            42655.51        70022.74        27367.23       
  27       1               批处理机2           70022.74        71086.74        1064.00        

工件 28:
  28       0               打印机4            0.00            46816.94        46816.94       
  28       1               批处理机2           46816.94        47880.94        1064.00        
  28       2               离散机10           47880.94        49425.94        1545.00        
  28       3               离散机9            50902.94        52637.94        1735.00        
  28       4               离散机10           53112.69        54320.69        1208.00        
  28       5               离散机10           54320.69        55386.69        1066.00        
  28       6               离散机6            60827.94        61858.94        1031.00        

工件 29:
  29       0               打印机3            0.00            29276.71        29276.71       
  29       1               批处理机2           29276.71        30340.71        1064.00        
  29       2               离散机1            33989.71        35175.71        1186.00        
  29       3               离散机8            41586.00        42765.00        1179.00        

工件 30:
  30       0               打印机1            48447.69        62165.13        13717.44       
  30       1               批处理机2           62165.13        63229.13        1064.00        
  30       2               离散机2            63229.13        64378.13        1149.00        
  30       3               离散机8            64378.13        65385.13        1007.00        
  30       4               离散机3            68906.00        69825.00        919.00         
  30       5               离散机5            69825.00        70749.00        924.00         
  30       6               离散机5            70749.00        71923.00        1174.00        
  30       7               离散机5            71923.00        73066.00        1143.00        
  30       8               离散机9            74915.92        76310.92        1395.00        
  30       9               离散机7            77470.92        78610.92        1140.00        

工件 31:
  31       0               打印机3            0.00            29276.71        29276.71       
  31       1               批处理机2           29276.71        30340.71        1064.00        
  31       2               离散机1            31272.71        32686.71        1414.00        
  31       3               离散机8            32686.71        33618.71        932.00         
  31       4               离散机3            33618.71        34941.71        1323.00        
  31       5               离散机9            34941.71        36650.71        1709.00        
  31       6               离散机9            37674.71        38841.71        1167.00        

工件 32:
  32       0               打印机4            0.00            46816.94        46816.94       
  32       1               批处理机2           46816.94        47880.94        1064.00        
  32       2               离散机2            51746.94        52877.94        1131.00        
  32       3               离散机5            52877.94        54283.94        1406.00        
  32       4               离散机1            54283.94        55212.94        929.00         
  32       5               离散机2            55212.94        56907.94        1695.00        
  32       6               离散机5            56907.94        57912.94        1005.00        
  32       7               离散机5            57912.94        59446.94        1534.00        

工件 33:
  33       0               打印机2            0.00            26621.61        26621.61       
  33       1               批处理机2           26621.61        27685.61        1064.00        
  33       2               离散机7            27685.61        28879.61        1194.00        
  33       3               离散机5            28879.61        29943.61        1064.00        
  33       4               离散机9            31380.71        32403.71        1023.00        
  33       5               离散机9            33321.71        34477.71        1156.00        
  33       6               离散机5            34477.71        35416.71        939.00         
  33       7               离散机10           37280.61        38687.61        1407.00        

工件 34:
  34       0               打印机5            0.00            38997.00        38997.00       
  34       1               批处理机2           38997.00        40061.00        1064.00        
  34       2               离散机2            44804.00        46467.00        1663.00        
  34       3               离散机1            46467.00        47861.00        1394.00        
  34       4               离散机5            47861.00        49291.00        1430.00        

工件 35:
  35       0               打印机4            0.00            46816.94        46816.94       
  35       1               批处理机2           46816.94        47880.94        1064.00        
  35       2               离散机8            51691.94        53409.94        1718.00        
  35       3               离散机1            63352.41        64453.41        1101.00        

工件 36:
  36       0               打印机5            0.00            38997.00        38997.00       
  36       1               批处理机2           38997.00        40061.00        1064.00        
  36       2               离散机8            40061.00        41586.00        1525.00        
  36       3               离散机10           43252.00        44258.00        1006.00        
  36       4               离散机7            44258.00        45743.00        1485.00        
  36       5               离散机8            46939.00        48355.00        1416.00        
  36       6               离散机10           55386.69        56334.69        948.00         
  36       7               离散机4            57172.94        58095.94        923.00         
  36       8               离散机8            58095.94        59203.94        1108.00        

工件 37:
  37       0               打印机2            0.00            26621.61        26621.61       
  37       1               批处理机2           26621.61        27685.61        1064.00        
  37       2               离散机1            27685.61        28843.61        1158.00        
  37       3               离散机5            35416.71        36617.71        1201.00        
  37       4               离散机6            40602.71        41793.71        1191.00        

工件 38:
  38       0               打印机4            0.00            46816.94        46816.94       
  38       1               批处理机2           46816.94        47880.94        1064.00        

工件 39:
  39       0               打印机4            0.00            46816.94        46816.94       
  39       1               批处理机2           46816.94        47880.94        1064.00        
  39       2               离散机9            47880.94        49180.94        1300.00        
  39       3               离散机10           56334.69        57272.69        938.00         
  39       4               离散机2            59267.94        60793.94        1526.00        
  39       5               离散机10           66344.41        67770.41        1426.00        

工件 40:
  40       0               打印机1            0.00            21896.92        21896.92       
  40       1               批处理机2           21896.92        22960.92        1064.00        
  40       2               离散机4            25416.92        26578.92        1162.00        
  40       3               离散机9            28969.61        30279.61        1310.00        
  40       4               离散机6            30279.61        31659.61        1380.00        
  40       5               离散机9            32403.71        33321.71        918.00         
  40       6               离散机4            69779.00        71100.00        1321.00        

工件 41:
  41       0               打印机2            0.00            26621.61        26621.61       
  41       1               批处理机2           26621.61        27685.61        1064.00        
  41       2               离散机7            32897.61        33918.61        1021.00        
  41       3               离散机2            35613.61        37310.61        1697.00        
  41       4               离散机4            38112.61        39015.61        903.00         
  41       5               离散机7            42917.00        44191.00        1274.00        
  41       6               离散机4            63673.94        65375.94        1702.00        
  41       7               离散机5            73066.00        74336.00        1270.00        

工件 42:
  42       0               打印机2            0.00            26621.61        26621.61       
  42       1               批处理机2           26621.61        27685.61        1064.00        
  42       2               离散机4            30650.61        32045.61        1395.00        
  42       3               离散机10           32651.61        33848.61        1197.00        

工件 43:
  43       0               打印机1            62165.13        72356.92        10191.79       
  43       1               批处理机2           72356.92        73420.92        1064.00        
  43       2               离散机9            73420.92        74915.92        1495.00        
  43       3               离散机1            74915.92        76371.92        1456.00        
  43       4               离散机3            76371.92        77666.92        1295.00        
  43       5               离散机1            77666.92        78762.92        1096.00        
  43       6               离散机6            78762.92        79799.92        1037.00        

工件 44:
  44       0               打印机4            0.00            46816.94        46816.94       
  44       1               批处理机2           46816.94        47880.94        1064.00        
  44       2               离散机6            52033.94        53019.94        986.00         

工件 45:
  45       0               打印机5            0.00            38997.00        38997.00       
  45       1               批处理机2           38997.00        40061.00        1064.00        
  45       2               离散机3            40061.00        41382.00        1321.00        
  45       3               离散机9            42571.00        44228.00        1657.00        
  45       4               离散机5            44228.00        45442.00        1214.00        
  45       5               离散机8            45442.00        46939.00        1497.00        
  45       6               离散机6            56752.94        58262.94        1510.00        
  45       7               离散机1            60261.94        61218.94        957.00         
  45       8               离散机9            61979.94        62890.94        911.00         

工件 46:
  46       0               打印机4            46816.94        66810.35        19993.41       
  46       1               批处理机2           66810.35        67874.35        1064.00        
  46       2               离散机7            69181.35        70310.35        1129.00        
  46       3               离散机6            70310.35        71313.35        1003.00        
  46       4               离散机10           71313.35        72949.35        1636.00        
  46       5               离散机6            74869.92        76174.92        1305.00        
  46       6               离散机1            76371.92        77443.92        1072.00        
  46       7               离散机3            77666.92        78900.92        1234.00        

工件 47:
  47       0               打印机2            0.00            26621.61        26621.61       
  47       1               批处理机2           26621.61        27685.61        1064.00        
  47       2               离散机2            30217.61        31470.61        1253.00        
  47       3               离散机5            31582.61        32734.61        1152.00        
  47       4               离散机10           33848.61        34898.61        1050.00        
  47       5               离散机5            36617.71        37955.71        1338.00        
  47       6               离散机3            41382.00        42825.00        1443.00        
  47       7               离散机2            46467.00        47572.00        1105.00        
  47       8               离散机1            69816.41        71123.41        1307.00        

工件 48:
  48       0               打印机3            29276.71        49053.41        19776.71       
  48       1               批处理机1           49053.41        50163.41        1110.00        
  48       2               离散机10           68828.35        70267.35        1439.00        

工件 49:
  49       0               打印机1            62165.13        72356.92        10191.79       
  49       1               批处理机2           72356.92        73420.92        1064.00        
  49       2               离散机6            73420.92        74869.92        1449.00        
  49       3               离散机10           74869.92        75919.92        1050.00        
  49       4               离散机7            75919.92        77470.92        1551.00        

工件 50:
  50       0               打印机5            0.00            38997.00        38997.00       
  50       1               批处理机2           38997.00        40061.00        1064.00        
  50       2               离散机10           44258.00        45386.00        1128.00        

工件 51:
  51       0               打印机5            0.00            38997.00        38997.00       
  51       1               批处理机2           38997.00        40061.00        1064.00        
  51       2               离散机4            65375.94        66538.94        1163.00        

工件 52:
  52       0               打印机5            0.00            38997.00        38997.00       
  52       1               批处理机2           38997.00        40061.00        1064.00        
  52       2               离散机1            40061.00        41179.00        1118.00        
  52       3               离散机4            41179.00        42974.00        1795.00        
  52       4               离散机1            44757.00        45779.00        1022.00        
  52       5               离散机3            46199.51        47769.51        1570.00        
  52       6               离散机2            56907.94        57922.94        1015.00        
  52       7               离散机10           70267.35        71190.35        923.00         

工件 53:
  53       0               打印机4            0.00            46816.94        46816.94       
  53       1               批处理机2           46816.94        47880.94        1064.00        
  53       2               离散机6            48884.94        49849.94        965.00         
  53       3               离散机9            53666.94        54696.94        1030.00        

工件 54:
  54       0               打印机5            64794.00        75591.00        10797.00       
  54       1               批处理机2           75591.00        76655.00        1064.00        
  54       2               离散机2            76655.00        77614.00        959.00         

工件 55:
  55       0               打印机5            0.00            38997.00        38997.00       
  55       1               批处理机2           38997.00        40061.00        1064.00        
  55       2               离散机10           40061.00        41790.00        1729.00        
  55       3               离散机10           41790.00        43252.00        1462.00        
  55       4               离散机8            50087.94        51691.94        1604.00        
  55       5               离散机3            59739.41        61278.41        1539.00        
  55       6               离散机7            71673.35        73283.35        1610.00        
  55       7               离散机1            78762.92        80160.92        1398.00        

工件 56:
  56       0               打印机5            64794.00        75591.00        10797.00       
  56       1               批处理机2           75591.00        76655.00        1064.00        

工件 57:
  57       0               打印机1            21896.92        48447.69        26550.77       
  57       1               批处理机2           48447.69        49511.69        1064.00        
  57       2               离散机6            55626.94        56752.94        1126.00        
  57       3               离散机8            56988.41        57975.41        987.00         

工件 58:
  58       0               打印机4            0.00            46816.94        46816.94       
  58       1               批处理机2           46816.94        47880.94        1064.00        
  58       2               离散机2            50658.94        51746.94        1088.00        
  58       3               离散机3            53803.41        55321.41        1518.00        
  58       4               离散机8            55321.41        56988.41        1667.00        
  58       5               离散机5            60544.94        61754.94        1210.00        

工件 59:
  59       0               打印机1            21896.92        48447.69        26550.77       
  59       1               批处理机2           48447.69        49511.69        1064.00        
  59       2               离散机10           49511.69        50899.69        1388.00        
  59       3               离散机3            52858.41        53803.41        945.00         
  59       4               离散机4            58095.94        59337.94        1242.00        
  59       5               离散机2            64378.13        65344.13        966.00         
  59       6               离散机7            81658.92        83127.92        1469.00        

工件 60:
  60       0               打印机3            29276.71        49053.41        19776.71       
  60       1               批处理机1           49053.41        50163.41        1110.00        
  60       2               离散机5            59446.94        60544.94        1098.00        

工件 61:
  61       0               打印机2            26621.61        42655.51        16033.89       
  61       1               批处理机2           42655.51        43719.51        1064.00        

工件 62:
  62       0               打印机1            48447.69        62165.13        13717.44       
  62       1               批处理机2           62165.13        63229.13        1064.00        
  62       2               离散机4            72917.00        74200.00        1283.00        

工件 63:
  63       0               打印机2            0.00            26621.61        26621.61       
  63       1               批处理机2           26621.61        27685.61        1064.00        

工件 64:
  64       0               打印机2            26621.61        42655.51        16033.89       
  64       1               批处理机2           42655.51        43719.51        1064.00        
  64       2               离散机9            45444.00        46645.00        1201.00        

工件 65:
  65       0               打印机1            72356.92        76625.64        4268.72        
  65       1               批处理机1           76625.64        77735.64        1110.00        
  65       2               离散机9            77735.64        79141.64        1406.00        
  65       3               离散机4            79141.64        80375.64        1234.00        
  65       4               离散机6            80375.64        82024.64        1649.00        
  65       5               离散机1            82024.64        83185.64        1161.00        
  65       6               离散机7            83185.64        84210.64        1025.00        

工件 66:
  66       0               打印机3            0.00            29276.71        29276.71       
  66       1               批处理机2           29276.71        30340.71        1064.00        
  66       2               离散机1            32686.71        33989.71        1303.00        
  66       3               离散机3            36172.71        37766.71        1594.00        
  66       4               离散机6            37766.71        39444.71        1678.00        
  66       5               离散机9            46645.00        47799.00        1154.00        
  66       6               离散机4            75861.00        77610.00        1749.00        

工件 67:
  67       0               打印机5            0.00            38997.00        38997.00       
  67       1               批处理机2           38997.00        40061.00        1064.00        
  67       2               离散机9            40061.00        40992.00        931.00         
  67       3               离散机9            40992.00        42571.00        1579.00        
  67       4               离散机4            45104.51        46867.51        1763.00        
  67       5               离散机7            80398.92        81658.92        1260.00        

工件 68:
  68       0               打印机1            21896.92        48447.69        26550.77       
  68       1               批处理机2           48447.69        49511.69        1064.00        
  68       2               离散机7            51466.41        52830.41        1364.00        
  68       3               离散机4            55727.94        57172.94        1445.00        
  68       4               离散机9            57467.94        58396.94        929.00         

工件 69:
  69       0               打印机2            0.00            26621.61        26621.61       
  69       1               批处理机2           26621.61        27685.61        1064.00        
  69       2               离散机8            27685.61        28891.61        1206.00        
  69       3               离散机7            28891.61        30402.61        1511.00        
  69       4               离散机4            35363.61        37098.61        1735.00        
  69       5               离散机4            37098.61        38112.61        1014.00        
  69       6               离散机8            38112.61        39346.61        1234.00        
  69       7               离散机7            48400.00        50025.00        1625.00        
  69       8               离散机9            54696.94        55694.94        998.00         

工件 70:
  70       0               打印机2            0.00            26621.61        26621.61       
  70       1               批处理机2           26621.61        27685.61        1064.00        
  70       2               离散机10           27685.61        28867.61        1182.00        

工件 71:
  71       0               打印机5            38997.00        64794.00        25797.00       
  71       1               批处理机2           64794.00        65858.00        1064.00        
  71       2               离散机9            65858.00        66927.00        1069.00        
  71       3               离散机4            68111.00        69779.00        1668.00        
  71       4               离散机2            74651.35        75805.35        1154.00        

工件 72:
  72       0               打印机2            26621.61        42655.51        16033.89       
  72       1               批处理机2           42655.51        43719.51        1064.00        
  72       2               离散机4            43719.51        45104.51        1385.00        
  72       3               离散机1            55212.94        56703.94        1491.00        
  72       4               离散机4            59337.94        60596.94        1259.00        
  72       5               离散机7            62243.41        63812.41        1569.00        
  72       6               离散机10           64970.41        66344.41        1374.00        
  72       7               离散机5            67129.94        68265.94        1136.00        
  72       8               离散机5            68265.94        69657.94        1392.00        

工件 73:
  73       0               打印机1            21896.92        48447.69        26550.77       
  73       1               批处理机2           48447.69        49511.69        1064.00        
  73       2               离散机1            62317.41        63352.41        1035.00        

工件 74:
  74       0               打印机1            0.00            21896.92        21896.92       
  74       1               批处理机2           21896.92        22960.92        1064.00        
  74       2               离散机3            23995.92        25024.92        1029.00        
  74       3               离散机7            25024.92        26269.92        1245.00        
  74       4               离散机6            26269.92        27613.92        1344.00        

工件 75:
  75       0               打印机2            26621.61        42655.51        16033.89       
  75       1               批处理机2           42655.51        43719.51        1064.00        
  75       2               离散机4            49101.94        50262.94        1161.00        
  75       3               离散机1            52959.94        54104.94        1145.00        
  75       4               离散机1            57960.94        59215.94        1255.00        
  75       5               离散机10           59215.94        60881.94        1666.00        
  75       6               离散机1            67188.41        68199.41        1011.00        

工件 76:
  76       0               打印机1            21896.92        48447.69        26550.77       
  76       1               批处理机2           48447.69        49511.69        1064.00        

工件 77:
  77       0               打印机1            0.00            21896.92        21896.92       
  77       1               批处理机2           21896.92        22960.92        1064.00        
  77       2               离散机7            22960.92        24109.92        1149.00        
  77       3               离散机4            24109.92        25416.92        1307.00        
  77       4               离散机1            25766.92        27194.92        1428.00        

工件 78:
  78       0               打印机5            38997.00        64794.00        25797.00       
  78       1               批处理机2           64794.00        65858.00        1064.00        
  78       2               离散机8            65858.00        67143.00        1285.00        

工件 79:
  79       0               打印机2            0.00            26621.61        26621.61       
  79       1               批处理机2           26621.61        27685.61        1064.00        
  79       2               离散机7            47152.00        48400.00        1248.00        

工件 80:
  80       0               打印机5            38997.00        64794.00        25797.00       
  80       1               批处理机2           64794.00        65858.00        1064.00        

工件 81:
  81       0               打印机1            21896.92        48447.69        26550.77       
  81       1               批处理机2           48447.69        49511.69        1064.00        
  81       2               离散机4            52016.94        53575.94        1559.00        
  81       3               离散机8            59203.94        60391.94        1188.00        

工件 82:
  82       0               打印机2            42655.51        70022.74        27367.23       
  82       1               批处理机2           70022.74        71086.74        1064.00        
  82       2               离散机3            71145.00        72744.00        1599.00        
  82       3               离散机1            72744.00        73654.00        910.00         

工件 83:
  83       0               打印机4            0.00            46816.94        46816.94       
  83       1               批处理机2           46816.94        47880.94        1064.00        
  83       2               离散机4            47880.94        49101.94        1221.00        
  83       3               离散机8            49101.94        50087.94        986.00         
  83       4               离散机1            50087.94        51438.94        1351.00        
  83       5               离散机2            52877.94        54301.94        1424.00        
  83       6               离散机4            54301.94        55727.94        1426.00        
  83       7               离散机9            58396.94        59797.94        1401.00        

工件 84:
  84       0               打印机5            0.00            38997.00        38997.00       
  84       1               批处理机2           38997.00        40061.00        1064.00        

工件 85:
  85       0               打印机1            0.00            21896.92        21896.92       
  85       1               批处理机2           21896.92        22960.92        1064.00        
  85       2               离散机6            22960.92        24202.92        1242.00        
  85       3               离散机9            24202.92        25873.92        1671.00        

工件 86:
  86       0               打印机5            38997.00        64794.00        25797.00       
  86       1               批处理机2           64794.00        65858.00        1064.00        
  86       2               离散机6            65858.00        67212.00        1354.00        
  86       3               离散机3            69825.00        71145.00        1320.00        
  86       4               离散机4            71145.00        72917.00        1772.00        
  86       5               离散机10           72949.35        74146.35        1197.00        

工件 87:
  87       0               打印机3            29276.71        49053.41        19776.71       
  87       1               批处理机1           49053.41        50163.41        1110.00        
  87       2               离散机6            58262.94        59615.94        1353.00        
  87       3               离散机7            63812.41        65455.41        1643.00        
  87       4               离散机6            71313.35        72973.35        1660.00        

工件 88:
  88       0               打印机4            46816.94        66810.35        19993.41       
  88       1               批处理机2           66810.35        67874.35        1064.00        
  88       2               离散机7            67874.35        69181.35        1307.00        
  88       3               离散机7            70310.35        71673.35        1363.00        
  88       4               离散机3            74788.00        75918.00        1130.00        

工件 89:
  89       0               打印机2            0.00            26621.61        26621.61       
  89       1               批处理机2           26621.61        27685.61        1064.00        
  89       2               离散机3            28585.61        30181.61        1596.00        
  89       3               离散机3            37766.71        38754.71        988.00         

工件 90:
  90       0               打印机1            0.00            21896.92        21896.92       
  90       1               批处理机2           21896.92        22960.92        1064.00        
  90       2               离散机5            22960.92        24337.92        1377.00        

工件 91:
  91       0               打印机2            0.00            26621.61        26621.61       
  91       1               批处理机2           26621.61        27685.61        1064.00        
  91       2               离散机5            29943.61        31582.61        1639.00        

工件 92:
  92       0               打印机5            0.00            38997.00        38997.00       
  92       1               批处理机2           38997.00        40061.00        1064.00        
  92       2               离散机2            43248.00        44804.00        1556.00        
  92       3               离散机3            62508.41        63533.41        1025.00        

工件 93:
  93       0               打印机1            21896.92        48447.69        26550.77       
  93       1               批处理机2           48447.69        49511.69        1064.00        
  93       2               离散机3            49511.69        51222.69        1711.00        
  93       3               离散机9            52637.94        53666.94        1029.00        
  93       4               离散机10           57272.69        58761.69        1489.00        
  93       5               离散机5            64305.94        65616.94        1311.00        

工件 94:
  94       0               打印机2            0.00            26621.61        26621.61       
  94       1               批处理机2           26621.61        27685.61        1064.00        
  94       2               离散机6            27685.61        29125.61        1440.00        
  94       3               离散机3            30181.61        31732.61        1551.00        
  94       4               离散机10           31732.61        32651.61        919.00         
  94       5               离散机4            32651.61        33605.61        954.00         
  94       6               离散机2            33605.61        34615.61        1010.00        
  94       7               离散机2            38332.61        39926.61        1594.00        

工件 95:
  95       0               打印机5            0.00            38997.00        38997.00       
  95       1               批处理机2           38997.00        40061.00        1064.00        

工件 96:
  96       0               打印机2            0.00            26621.61        26621.61       
  96       1               批处理机2           26621.61        27685.61        1064.00        
  96       2               离散机9            27685.61        28969.61        1284.00        
  96       3               离散机4            28969.61        30650.61        1681.00        
  96       4               离散机7            30650.61        31768.61        1118.00        
  96       5               离散机6            33268.61        34723.61        1455.00        
  96       6               离散机9            36650.71        37674.71        1024.00        
  96       7               离散机3            38754.71        39920.71        1166.00        
  96       8               离散机2            67073.13        68775.13        1702.00        

工件 97:
  97       0               打印机2            0.00            26621.61        26621.61       
  97       1               批处理机2           26621.61        27685.61        1064.00        
  97       2               离散机2            31470.61        32770.61        1300.00        
  97       3               离散机1            35175.71        36640.71        1465.00        
  97       4               离散机6            67212.00        68675.00        1463.00        

工件 98:
  98       0               打印机4            0.00            46816.94        46816.94       
  98       1               批处理机2           46816.94        47880.94        1064.00        

工件 99:
  99       0               打印机1            21896.92        48447.69        26550.77       
  99       1               批处理机2           48447.69        49511.69        1064.00        
  99       2               离散机10           50899.69        52196.69        1297.00        
  99       3               离散机3            56751.41        58130.41        1379.00        
  99       4               离散机7            61241.41        62243.41        1002.00        
  99       5               离散机8            62243.41        63671.41        1428.00        
  99       6               离散机10           63671.41        64970.41        1299.00        
  99       7               离散机9            68355.00        69423.00        1068.00        

【机器加工顺序记录】
----------------------------------------------------------------------------------------------------

打印机1:
工件号      工序号             开始时间            结束时间            加工时长           
--------------------------------------------------------------------------------
  1        0               0.00            21896.92        21896.92       
  4        0               0.00            21896.92        21896.92       
  5        0               0.00            21896.92        21896.92       
  21       0               0.00            21896.92        21896.92       
  40       0               0.00            21896.92        21896.92       
  74       0               0.00            21896.92        21896.92       
  77       0               0.00            21896.92        21896.92       
  85       0               0.00            21896.92        21896.92       
  90       0               0.00            21896.92        21896.92       
  7        0               21896.92        48447.69        26550.77       
  8        0               21896.92        48447.69        26550.77       
  12       0               21896.92        48447.69        26550.77       
  57       0               21896.92        48447.69        26550.77       
  59       0               21896.92        48447.69        26550.77       
  68       0               21896.92        48447.69        26550.77       
  73       0               21896.92        48447.69        26550.77       
  76       0               21896.92        48447.69        26550.77       
  81       0               21896.92        48447.69        26550.77       
  93       0               21896.92        48447.69        26550.77       
  99       0               21896.92        48447.69        26550.77       
  30       0               48447.69        62165.13        13717.44       
  62       0               48447.69        62165.13        13717.44       
  43       0               62165.13        72356.92        10191.79       
  49       0               62165.13        72356.92        10191.79       
  65       0               72356.92        76625.64        4268.72        

  机器利用率: 642.70% (忙碌时间: 541217.95 / 总时间: 84210.64)

打印机2:
工件号      工序号             开始时间            结束时间            加工时长           
--------------------------------------------------------------------------------
  0        0               0.00            26621.61        26621.61       
  33       0               0.00            26621.61        26621.61       
  37       0               0.00            26621.61        26621.61       
  41       0               0.00            26621.61        26621.61       
  42       0               0.00            26621.61        26621.61       
  47       0               0.00            26621.61        26621.61       
  63       0               0.00            26621.61        26621.61       
  69       0               0.00            26621.61        26621.61       
  70       0               0.00            26621.61        26621.61       
  79       0               0.00            26621.61        26621.61       
  89       0               0.00            26621.61        26621.61       
  91       0               0.00            26621.61        26621.61       
  94       0               0.00            26621.61        26621.61       
  96       0               0.00            26621.61        26621.61       
  97       0               0.00            26621.61        26621.61       
  2        0               26621.61        42655.51        16033.89       
  18       0               26621.61        42655.51        16033.89       
  24       0               26621.61        42655.51        16033.89       
  61       0               26621.61        42655.51        16033.89       
  64       0               26621.61        42655.51        16033.89       
  72       0               26621.61        42655.51        16033.89       
  75       0               26621.61        42655.51        16033.89       
  27       0               42655.51        70022.74        27367.23       
  82       0               42655.51        70022.74        27367.23       

  机器利用率: 672.48% (忙碌时间: 566295.93 / 总时间: 84210.64)

打印机3:
工件号      工序号             开始时间            结束时间            加工时长           
--------------------------------------------------------------------------------
  3        0               0.00            29276.71        29276.71       
  19       0               0.00            29276.71        29276.71       
  22       0               0.00            29276.71        29276.71       
  23       0               0.00            29276.71        29276.71       
  29       0               0.00            29276.71        29276.71       
  31       0               0.00            29276.71        29276.71       
  66       0               0.00            29276.71        29276.71       
  14       0               29276.71        49053.41        19776.71       
  48       0               29276.71        49053.41        19776.71       
  60       0               29276.71        49053.41        19776.71       
  87       0               29276.71        49053.41        19776.71       

  机器利用率: 337.30% (忙碌时间: 284043.78 / 总时间: 84210.64)

打印机4:
工件号      工序号             开始时间            结束时间            加工时长           
--------------------------------------------------------------------------------
  10       0               0.00            46816.94        46816.94       
  13       0               0.00            46816.94        46816.94       
  16       0               0.00            46816.94        46816.94       
  25       0               0.00            46816.94        46816.94       
  28       0               0.00            46816.94        46816.94       
  32       0               0.00            46816.94        46816.94       
  35       0               0.00            46816.94        46816.94       
  38       0               0.00            46816.94        46816.94       
  39       0               0.00            46816.94        46816.94       
  44       0               0.00            46816.94        46816.94       
  53       0               0.00            46816.94        46816.94       
  58       0               0.00            46816.94        46816.94       
  83       0               0.00            46816.94        46816.94       
  98       0               0.00            46816.94        46816.94       
  17       0               46816.94        66810.35        19993.41       
  46       0               46816.94        66810.35        19993.41       
  88       0               46816.94        66810.35        19993.41       

  机器利用率: 849.56% (忙碌时间: 715417.41 / 总时间: 84210.64)

打印机5:
工件号      工序号             开始时间            结束时间            加工时长           
--------------------------------------------------------------------------------
  15       0               0.00            38997.00        38997.00       
  20       0               0.00            38997.00        38997.00       
  26       0               0.00            38997.00        38997.00       
  34       0               0.00            38997.00        38997.00       
  36       0               0.00            38997.00        38997.00       
  45       0               0.00            38997.00        38997.00       
  50       0               0.00            38997.00        38997.00       
  51       0               0.00            38997.00        38997.00       
  52       0               0.00            38997.00        38997.00       
  55       0               0.00            38997.00        38997.00       
  67       0               0.00            38997.00        38997.00       
  84       0               0.00            38997.00        38997.00       
  92       0               0.00            38997.00        38997.00       
  95       0               0.00            38997.00        38997.00       
  6        0               38997.00        64794.00        25797.00       
  9        0               38997.00        64794.00        25797.00       
  11       0               38997.00        64794.00        25797.00       
  71       0               38997.00        64794.00        25797.00       
  78       0               38997.00        64794.00        25797.00       
  80       0               38997.00        64794.00        25797.00       
  86       0               38997.00        64794.00        25797.00       
  54       0               64794.00        75591.00        10797.00       
  56       0               64794.00        75591.00        10797.00       

  机器利用率: 888.40% (忙碌时间: 748131.00 / 总时间: 84210.64)

批处理机1:
工件号      工序号             开始时间            结束时间            加工时长           
--------------------------------------------------------------------------------
  14       1               49053.41        50163.41        1110.00        
  48       1               49053.41        50163.41        1110.00        
  60       1               49053.41        50163.41        1110.00        
  87       1               49053.41        50163.41        1110.00        
  65       1               76625.64        77735.64        1110.00        

  机器利用率: 6.59% (忙碌时间: 5550.00 / 总时间: 84210.64)

批处理机2:
工件号      工序号             开始时间            结束时间            加工时长           
--------------------------------------------------------------------------------
  1        1               21896.92        22960.92        1064.00        
  4        1               21896.92        22960.92        1064.00        
  5        1               21896.92        22960.92        1064.00        
  21       1               21896.92        22960.92        1064.00        
  40       1               21896.92        22960.92        1064.00        
  74       1               21896.92        22960.92        1064.00        
  77       1               21896.92        22960.92        1064.00        
  85       1               21896.92        22960.92        1064.00        
  90       1               21896.92        22960.92        1064.00        
  0        1               26621.61        27685.61        1064.00        
  33       1               26621.61        27685.61        1064.00        
  37       1               26621.61        27685.61        1064.00        
  41       1               26621.61        27685.61        1064.00        
  42       1               26621.61        27685.61        1064.00        
  47       1               26621.61        27685.61        1064.00        
  63       1               26621.61        27685.61        1064.00        
  69       1               26621.61        27685.61        1064.00        
  70       1               26621.61        27685.61        1064.00        
  79       1               26621.61        27685.61        1064.00        
  89       1               26621.61        27685.61        1064.00        
  91       1               26621.61        27685.61        1064.00        
  94       1               26621.61        27685.61        1064.00        
  96       1               26621.61        27685.61        1064.00        
  97       1               26621.61        27685.61        1064.00        
  3        1               29276.71        30340.71        1064.00        
  19       1               29276.71        30340.71        1064.00        
  22       1               29276.71        30340.71        1064.00        
  23       1               29276.71        30340.71        1064.00        
  29       1               29276.71        30340.71        1064.00        
  31       1               29276.71        30340.71        1064.00        
  66       1               29276.71        30340.71        1064.00        
  15       1               38997.00        40061.00        1064.00        
  20       1               38997.00        40061.00        1064.00        
  26       1               38997.00        40061.00        1064.00        
  34       1               38997.00        40061.00        1064.00        
  36       1               38997.00        40061.00        1064.00        
  45       1               38997.00        40061.00        1064.00        
  50       1               38997.00        40061.00        1064.00        
  51       1               38997.00        40061.00        1064.00        
  52       1               38997.00        40061.00        1064.00        
  55       1               38997.00        40061.00        1064.00        
  67       1               38997.00        40061.00        1064.00        
  84       1               38997.00        40061.00        1064.00        
  92       1               38997.00        40061.00        1064.00        
  95       1               38997.00        40061.00        1064.00        
  2        1               42655.51        43719.51        1064.00        
  18       1               42655.51        43719.51        1064.00        
  24       1               42655.51        43719.51        1064.00        
  61       1               42655.51        43719.51        1064.00        
  64       1               42655.51        43719.51        1064.00        
  72       1               42655.51        43719.51        1064.00        
  75       1               42655.51        43719.51        1064.00        
  10       1               46816.94        47880.94        1064.00        
  13       1               46816.94        47880.94        1064.00        
  16       1               46816.94        47880.94        1064.00        
  25       1               46816.94        47880.94        1064.00        
  28       1               46816.94        47880.94        1064.00        
  32       1               46816.94        47880.94        1064.00        
  35       1               46816.94        47880.94        1064.00        
  38       1               46816.94        47880.94        1064.00        
  39       1               46816.94        47880.94        1064.00        
  44       1               46816.94        47880.94        1064.00        
  53       1               46816.94        47880.94        1064.00        
  58       1               46816.94        47880.94        1064.00        
  83       1               46816.94        47880.94        1064.00        
  98       1               46816.94        47880.94        1064.00        
  7        1               48447.69        49511.69        1064.00        
  8        1               48447.69        49511.69        1064.00        
  12       1               48447.69        49511.69        1064.00        
  57       1               48447.69        49511.69        1064.00        
  59       1               48447.69        49511.69        1064.00        
  68       1               48447.69        49511.69        1064.00        
  73       1               48447.69        49511.69        1064.00        
  76       1               48447.69        49511.69        1064.00        
  81       1               48447.69        49511.69        1064.00        
  93       1               48447.69        49511.69        1064.00        
  99       1               48447.69        49511.69        1064.00        
  30       1               62165.13        63229.13        1064.00        
  62       1               62165.13        63229.13        1064.00        
  6        1               64794.00        65858.00        1064.00        
  9        1               64794.00        65858.00        1064.00        
  11       1               64794.00        65858.00        1064.00        
  71       1               64794.00        65858.00        1064.00        
  78       1               64794.00        65858.00        1064.00        
  80       1               64794.00        65858.00        1064.00        
  86       1               64794.00        65858.00        1064.00        
  17       1               66810.35        67874.35        1064.00        
  46       1               66810.35        67874.35        1064.00        
  88       1               66810.35        67874.35        1064.00        
  27       1               70022.74        71086.74        1064.00        
  82       1               70022.74        71086.74        1064.00        
  43       1               72356.92        73420.92        1064.00        
  49       1               72356.92        73420.92        1064.00        
  54       1               75591.00        76655.00        1064.00        
  56       1               75591.00        76655.00        1064.00        

  机器利用率: 120.03% (忙碌时间: 101080.00 / 总时间: 84210.64)

离散机1:
工件号      工序号             开始时间            结束时间            加工时长           
--------------------------------------------------------------------------------
  4        2               22960.92        24093.92        1133.00        
  5        2               24093.92        25766.92        1673.00        
  77       4               25766.92        27194.92        1428.00        
  37       2               27685.61        28843.61        1158.00        
  3        2               30340.71        31272.71        932.00         
  31       2               31272.71        32686.71        1414.00        
  66       2               32686.71        33989.71        1303.00        
  29       2               33989.71        35175.71        1186.00        
  97       3               35175.71        36640.71        1465.00        
  52       2               40061.00        41179.00        1118.00        
  15       4               43248.00        44757.00        1509.00        
  52       4               44757.00        45779.00        1022.00        
  34       3               46467.00        47861.00        1394.00        
  25       2               47880.94        49507.94        1627.00        
  83       4               50087.94        51438.94        1351.00        
  7        4               52033.94        52959.94        926.00         
  75       3               52959.94        54104.94        1145.00        
  32       4               54283.94        55212.94        929.00         
  72       3               55212.94        56703.94        1491.00        
  2        2               56703.94        57960.94        1257.00        
  75       4               57960.94        59215.94        1255.00        
  25       5               59215.94        60261.94        1046.00        
  45       7               60261.94        61218.94        957.00         
  13       7               61241.41        62317.41        1076.00        
  73       2               62317.41        63352.41        1035.00        
  35       3               63352.41        64453.41        1101.00        
  18       2               64453.41        66155.41        1702.00        
  8        6               66155.41        67188.41        1033.00        
  75       6               67188.41        68199.41        1011.00        
  24       7               68199.41        69816.41        1617.00        
  47       8               69816.41        71123.41        1307.00        
  82       3               72744.00        73654.00        910.00         
  43       3               74915.92        76371.92        1456.00        
  46       6               76371.92        77443.92        1072.00        
  43       5               77666.92        78762.92        1096.00        
  55       7               78762.92        80160.92        1398.00        
  65       5               82024.64        83185.64        1161.00        

  机器利用率: 54.26% (忙碌时间: 45694.00 / 总时间: 84210.64)

离散机2:
工件号      工序号             开始时间            结束时间            加工时长           
--------------------------------------------------------------------------------
  0        3               28585.61        30217.61        1632.00        
  47       2               30217.61        31470.61        1253.00        
  97       2               31470.61        32770.61        1300.00        
  94       6               33605.61        34615.61        1010.00        
  3        4               34615.61        35613.61        998.00         
  41       3               35613.61        37310.61        1697.00        
  4        6               37310.61        38332.61        1022.00        
  94       7               38332.61        39926.61        1594.00        
  15       2               40061.00        41660.00        1599.00        
  15       3               41660.00        43248.00        1588.00        
  92       2               43248.00        44804.00        1556.00        
  34       2               44804.00        46467.00        1663.00        
  47       7               46467.00        47572.00        1105.00        
  16       2               47880.94        49670.94        1790.00        
  7        2               49670.94        50658.94        988.00         
  58       2               50658.94        51746.94        1088.00        
  32       2               51746.94        52877.94        1131.00        
  83       5               52877.94        54301.94        1424.00        
  32       5               55212.94        56907.94        1695.00        
  52       6               56907.94        57922.94        1015.00        
  7        5               57922.94        59267.94        1345.00        
  39       4               59267.94        60793.94        1526.00        
  8        4               60793.94        62404.94        1611.00        
  30       2               63229.13        64378.13        1149.00        
  59       5               64378.13        65344.13        966.00         
  10       5               65344.13        67073.13        1729.00        
  96       8               67073.13        68775.13        1702.00        
  6        3               68906.00        70571.00        1665.00        
  6        4               70571.00        71764.00        1193.00        
  17       6               72057.35        73680.35        1623.00        
  17       7               73680.35        74651.35        971.00         
  71       4               74651.35        75805.35        1154.00        
  54       2               76655.00        77614.00        959.00         

  机器利用率: 53.13% (忙碌时间: 44741.00 / 总时间: 84210.64)

离散机3:
工件号      工序号             开始时间            结束时间            加工时长           
--------------------------------------------------------------------------------
  1        2               22960.92        23995.92        1035.00        
  74       2               23995.92        25024.92        1029.00        
  21       2               25024.92        26603.92        1579.00        
  0        2               27685.61        28585.61        900.00         
  89       2               28585.61        30181.61        1596.00        
  94       3               30181.61        31732.61        1551.00        
  23       3               31732.61        32829.61        1097.00        
  31       4               33618.71        34941.71        1323.00        
  4        4               34941.71        36172.71        1231.00        
  66       3               36172.71        37766.71        1594.00        
  89       3               37766.71        38754.71        988.00         
  96       7               38754.71        39920.71        1166.00        
  45       2               40061.00        41382.00        1321.00        
  47       6               41382.00        42825.00        1443.00        
  24       2               43719.51        45049.51        1330.00        
  26       4               45049.51        46199.51        1150.00        
  52       5               46199.51        47769.51        1570.00        
  13       2               47880.94        49337.94        1457.00        
  93       2               49511.69        51222.69        1711.00        
  14       3               51466.41        52858.41        1392.00        
  59       3               52858.41        53803.41        945.00         
  58       3               53803.41        55321.41        1518.00        
  14       5               55321.41        56751.41        1430.00        
  99       3               56751.41        58130.41        1379.00        
  26       5               58130.41        59739.41        1609.00        
  55       5               59739.41        61278.41        1539.00        
  15       6               61278.41        62508.41        1230.00        
  92       3               62508.41        63533.41        1025.00        
  0        5               63533.41        65025.41        1492.00        
  11       2               65858.00        67239.00        1381.00        
  6        2               67239.00        68906.00        1667.00        
  30       4               68906.00        69825.00        919.00         
  86       3               69825.00        71145.00        1320.00        
  82       2               71145.00        72744.00        1599.00        
  11       4               72744.00        73735.00        991.00         
  11       5               73735.00        74788.00        1053.00        
  88       4               74788.00        75918.00        1130.00        
  43       4               76371.92        77666.92        1295.00        
  46       7               77666.92        78900.92        1234.00        

  机器利用率: 60.82% (忙碌时间: 51219.00 / 总时间: 84210.64)

离散机4:
工件号      工序号             开始时间            结束时间            加工时长           
--------------------------------------------------------------------------------
  77       3               24109.92        25416.92        1307.00        
  40       2               25416.92        26578.92        1162.00        
  96       3               28969.61        30650.61        1681.00        
  42       2               30650.61        32045.61        1395.00        
  94       5               32651.61        33605.61        954.00         
  5        5               33605.61        35363.61        1758.00        
  69       4               35363.61        37098.61        1735.00        
  69       5               37098.61        38112.61        1014.00        
  41       4               38112.61        39015.61        903.00         
  5        6               39015.61        40174.61        1159.00        
  52       3               41179.00        42974.00        1795.00        
  72       2               43719.51        45104.51        1385.00        
  67       4               45104.51        46867.51        1763.00        
  83       2               47880.94        49101.94        1221.00        
  75       2               49101.94        50262.94        1161.00        
  25       3               50262.94        52016.94        1754.00        
  81       2               52016.94        53575.94        1559.00        
  83       6               54301.94        55727.94        1426.00        
  68       3               55727.94        57172.94        1445.00        
  36       7               57172.94        58095.94        923.00         
  59       4               58095.94        59337.94        1242.00        
  72       4               59337.94        60596.94        1259.00        
  24       5               60596.94        61988.94        1392.00        
  14       9               62138.94        63673.94        1535.00        
  41       6               63673.94        65375.94        1702.00        
  51       2               65375.94        66538.94        1163.00        
  9        3               67143.00        68111.00        968.00         
  71       3               68111.00        69779.00        1668.00        
  40       6               69779.00        71100.00        1321.00        
  86       4               71145.00        72917.00        1772.00        
  62       2               72917.00        74200.00        1283.00        
  8        7               74200.00        75861.00        1661.00        
  66       6               75861.00        77610.00        1749.00        
  65       3               79141.64        80375.64        1234.00        

  机器利用率: 56.35% (忙碌时间: 47449.00 / 总时间: 84210.64)

离散机5:
工件号      工序号             开始时间            结束时间            加工时长           
--------------------------------------------------------------------------------
  90       2               22960.92        24337.92        1377.00        
  33       3               28879.61        29943.61        1064.00        
  91       2               29943.61        31582.61        1639.00        
  47       3               31582.61        32734.61        1152.00        
  0        4               32734.61        33774.61        1040.00        
  33       6               34477.71        35416.71        939.00         
  37       3               35416.71        36617.71        1201.00        
  47       5               36617.71        37955.71        1338.00        
  20       3               41243.00        42468.00        1225.00        
  23       7               42468.00        44169.00        1701.00        
  45       4               44228.00        45442.00        1214.00        
  23       8               45442.00        46680.00        1238.00        
  24       4               46739.51        47805.51        1066.00        
  34       4               47861.00        49291.00        1430.00        
  8        2               49511.69        50767.69        1256.00        
  10       3               50767.69        51835.69        1068.00        
  32       3               52877.94        54283.94        1406.00        
  13       4               54283.94        55959.94        1676.00        
  32       6               56907.94        57912.94        1005.00        
  32       7               57912.94        59446.94        1534.00        
  60       2               59446.94        60544.94        1098.00        
  58       5               60544.94        61754.94        1210.00        
  8        5               62404.94        63392.94        988.00         
  15       7               63392.94        64305.94        913.00         
  93       5               64305.94        65616.94        1311.00        
  26       9               65633.94        67129.94        1496.00        
  72       7               67129.94        68265.94        1136.00        
  72       8               68265.94        69657.94        1392.00        
  30       5               69825.00        70749.00        924.00         
  30       6               70749.00        71923.00        1174.00        
  30       7               71923.00        73066.00        1143.00        
  41       7               73066.00        74336.00        1270.00        

  机器利用率: 47.05% (忙碌时间: 39624.00 / 总时间: 84210.64)

离散机6:
工件号      工序号             开始时间            结束时间            加工时长           
--------------------------------------------------------------------------------
  85       2               22960.92        24202.92        1242.00        
  74       4               26269.92        27613.92        1344.00        
  94       2               27685.61        29125.61        1440.00        
  40       4               30279.61        31659.61        1380.00        
  21       3               31659.61        33268.61        1609.00        
  96       5               33268.61        34723.61        1455.00        
  21       4               34723.61        36288.61        1565.00        
  66       4               37766.71        39444.71        1678.00        
  3        6               39444.71        40602.71        1158.00        
  37       4               40602.71        41793.71        1191.00        
  20       4               42468.00        43728.00        1260.00        
  24       3               45049.51        46739.51        1690.00        
  10       2               47880.94        48884.94        1004.00        
  53       2               48884.94        49849.94        965.00         
  7        3               50658.94        52033.94        1375.00        
  44       2               52033.94        53019.94        986.00         
  14       4               53019.94        54110.94        1091.00        
  10       4               54110.94        55626.94        1516.00        
  57       2               55626.94        56752.94        1126.00        
  45       6               56752.94        58262.94        1510.00        
  87       2               58262.94        59615.94        1353.00        
  14       7               59615.94        60827.94        1212.00        
  28       6               60827.94        61858.94        1031.00        
  26       6               61858.94        63137.94        1279.00        
  26       7               63137.94        64569.94        1432.00        
  86       2               65858.00        67212.00        1354.00        
  97       4               67212.00        68675.00        1463.00        
  17       3               68828.35        70066.35        1238.00        
  46       3               70310.35        71313.35        1003.00        
  87       4               71313.35        72973.35        1660.00        
  49       2               73420.92        74869.92        1449.00        
  46       5               74869.92        76174.92        1305.00        
  4        7               76174.92        77512.92        1338.00        
  17       8               77512.92        78431.92        919.00         
  43       6               78762.92        79799.92        1037.00        
  65       4               80375.64        82024.64        1649.00        

  机器利用率: 56.18% (忙碌时间: 47307.00 / 总时间: 84210.64)

离散机7:
工件号      工序号             开始时间            结束时间            加工时长           
--------------------------------------------------------------------------------
  77       2               22960.92        24109.92        1149.00        
  74       3               25024.92        26269.92        1245.00        
  33       2               27685.61        28879.61        1194.00        
  69       3               28891.61        30402.61        1511.00        
  96       4               30650.61        31768.61        1118.00        
  3        3               31768.61        32897.61        1129.00        
  41       2               32897.61        33918.61        1021.00        
  23       4               33918.61        35675.61        1757.00        
  3        5               35675.61        36766.61        1091.00        
  19       2               36766.61        38200.61        1434.00        
  1        3               38200.61        39982.61        1782.00        
  20       2               40061.00        41243.00        1182.00        
  26       2               41243.00        42917.00        1674.00        
  41       5               42917.00        44191.00        1274.00        
  36       4               44258.00        45743.00        1485.00        
  15       5               45743.00        47152.00        1409.00        
  79       2               47152.00        48400.00        1248.00        
  69       7               48400.00        50025.00        1625.00        
  14       2               50163.41        51466.41        1303.00        
  68       2               51466.41        52830.41        1364.00        
  8        3               52830.41        54622.41        1792.00        
  16       3               54622.41        56191.41        1569.00        
  14       6               56751.41        57872.41        1121.00        
  12       2               57872.41        59630.41        1758.00        
  13       6               59630.41        61241.41        1611.00        
  99       4               61241.41        62243.41        1002.00        
  72       5               62243.41        63812.41        1569.00        
  87       3               63812.41        65455.41        1643.00        
  9        2               65858.00        67143.00        1285.00        
  88       2               67874.35        69181.35        1307.00        
  46       2               69181.35        70310.35        1129.00        
  88       3               70310.35        71673.35        1363.00        
  55       6               71673.35        73283.35        1610.00        
  25       7               73283.35        74437.35        1154.00        
  24       8               74437.35        75846.35        1409.00        
  49       4               75919.92        77470.92        1551.00        
  30       9               77470.92        78610.92        1140.00        
  11       6               78610.92        80398.92        1788.00        
  67       5               80398.92        81658.92        1260.00        
  59       6               81658.92        83127.92        1469.00        
  65       6               83185.64        84210.64        1025.00        

  机器利用率: 67.15% (忙碌时间: 56550.00 / 总时间: 84210.64)

离散机8:
工件号      工序号             开始时间            结束时间            加工时长           
--------------------------------------------------------------------------------
  4        3               24093.92        25640.92        1547.00        
  5        3               25766.92        27062.92        1296.00        
  69       2               27685.61        28891.61        1206.00        
  5        4               28891.61        30147.61        1256.00        
  31       3               32686.71        33618.71        932.00         
  4        5               36172.71        37089.71        917.00         
  69       6               38112.61        39346.61        1234.00        
  36       2               40061.00        41586.00        1525.00        
  29       3               41586.00        42765.00        1179.00        
  26       3               42917.00        44684.00        1767.00        
  45       5               45442.00        46939.00        1497.00        
  36       5               46939.00        48355.00        1416.00        
  83       3               49101.94        50087.94        986.00         
  55       4               50087.94        51691.94        1604.00        
  35       2               51691.94        53409.94        1718.00        
  5        7               53409.94        54886.94        1477.00        
  58       4               55321.41        56988.41        1667.00        
  57       3               56988.41        57975.41        987.00         
  36       8               58095.94        59203.94        1108.00        
  81       3               59203.94        60391.94        1188.00        
  1        4               60391.94        62100.94        1709.00        
  99       5               62243.41        63671.41        1428.00        
  30       3               64378.13        65385.13        1007.00        
  78       2               65858.00        67143.00        1285.00        

  机器利用率: 37.92% (忙碌时间: 31936.00 / 总时间: 84210.64)

离散机9:
工件号      工序号             开始时间            结束时间            加工时长           
--------------------------------------------------------------------------------
  85       3               24202.92        25873.92        1671.00        
  96       2               27685.61        28969.61        1284.00        
  40       3               28969.61        30279.61        1310.00        
  23       2               30340.71        31380.71        1040.00        
  33       4               31380.71        32403.71        1023.00        
  40       5               32403.71        33321.71        918.00         
  33       5               33321.71        34477.71        1156.00        
  31       5               34941.71        36650.71        1709.00        
  96       6               36650.71        37674.71        1024.00        
  31       6               37674.71        38841.71        1167.00        
  23       6               38841.71        39938.71        1097.00        
  67       2               40061.00        40992.00        931.00         
  67       3               40992.00        42571.00        1579.00        
  45       3               42571.00        44228.00        1657.00        
  20       5               44228.00        45444.00        1216.00        
  64       2               45444.00        46645.00        1201.00        
  66       5               46645.00        47799.00        1154.00        
  39       2               47880.94        49180.94        1300.00        
  13       3               49337.94        50902.94        1565.00        
  28       3               50902.94        52637.94        1735.00        
  93       3               52637.94        53666.94        1029.00        
  53       3               53666.94        54696.94        1030.00        
  69       8               54696.94        55694.94        998.00         
  13       5               55959.94        57467.94        1508.00        
  68       4               57467.94        58396.94        929.00         
  83       7               58396.94        59797.94        1401.00        
  25       6               60261.94        61979.94        1718.00        
  45       8               61979.94        62890.94        911.00         
  7        6               62890.94        64352.94        1462.00        
  26       8               64569.94        65633.94        1064.00        
  71       2               65858.00        66927.00        1069.00        
  11       3               67239.00        68355.00        1116.00        
  99       7               68355.00        69423.00        1068.00        
  17       4               70066.35        71051.35        985.00         
  17       5               71051.35        72057.35        1006.00        
  6        5               72057.35        73334.35        1277.00        
  43       2               73420.92        74915.92        1495.00        
  30       8               74915.92        76310.92        1395.00        
  10       6               76310.92        77564.92        1254.00        
  65       2               77735.64        79141.64        1406.00        

  机器利用率: 59.21% (忙碌时间: 49858.00 / 总时间: 84210.64)

离散机10:
工件号      工序号             开始时间            结束时间            加工时长           
--------------------------------------------------------------------------------
  70       2               27685.61        28867.61        1182.00        
  94       4               31732.61        32651.61        919.00         
  42       3               32651.61        33848.61        1197.00        
  47       4               33848.61        34898.61        1050.00        
  23       5               35675.61        37280.61        1605.00        
  33       7               37280.61        38687.61        1407.00        
  55       2               40061.00        41790.00        1729.00        
  55       3               41790.00        43252.00        1462.00        
  36       3               43252.00        44258.00        1006.00        
  50       2               44258.00        45386.00        1128.00        
  20       6               45444.00        46364.00        920.00         
  28       2               47880.94        49425.94        1545.00        
  59       2               49511.69        50899.69        1388.00        
  99       2               50899.69        52196.69        1297.00        
  25       4               52196.69        53112.69        916.00         
  28       4               53112.69        54320.69        1208.00        
  28       5               54320.69        55386.69        1066.00        
  36       6               55386.69        56334.69        948.00         
  39       3               56334.69        57272.69        938.00         
  93       4               57272.69        58761.69        1489.00        
  75       5               59215.94        60881.94        1666.00        
  14       8               60881.94        62138.94        1257.00        
  24       6               62138.94        63315.94        1177.00        
  99       6               63671.41        64970.41        1299.00        
  72       6               64970.41        66344.41        1374.00        
  39       5               66344.41        67770.41        1426.00        
  17       2               67874.35        68828.35        954.00         
  48       2               68828.35        70267.35        1439.00        
  52       7               70267.35        71190.35        923.00         
  46       4               71313.35        72949.35        1636.00        
  86       5               72949.35        74146.35        1197.00        
  49       3               74869.92        75919.92        1050.00        

  机器利用率: 47.26% (忙碌时间: 39798.00 / 总时间: 84210.64)

【打印批次详细信息】
----------------------------------------------------------------------------------------------------

打印机 1 (尺寸: 1033.0 x 412.0 x 635.0):
--------------------------------------------------------------------------------
  批次 1: 零件数=9, 占用率=81.12%
    - 77: 尺寸 509.0 x 204.0 x 43.0
    - 74: 尺寸 488.0 x 192.0 x 92.0
    - 90: 尺寸 241.0 x 85.0 x 93.0
    - 40: 尺寸 122.0 x 148.0 x 103.0
    - 4: 尺寸 148.0 x 136.0 x 21.0
    - 1: 尺寸 465.0 x 126.0 x 96.0
    - 85: 尺寸 205.0 x 63.0 x 96.0
    - 21: 尺寸 109.0 x 53.0 x 36.0
    - 5: 尺寸 187.0 x 63.0 x 153.0
  批次 2: 零件数=11, 占用率=88.14%
    - 68: 尺寸 413.0 x 227.0 x 174.0
    - 81: 尺寸 134.0 x 93.0 x 170.0
    - 7: 尺寸 105.0 x 98.0 x 89.0
    - 99: 尺寸 203.0 x 390.0 x 186.0
    - 76: 尺寸 165.0 x 168.0 x 18.0
    - 93: 尺寸 139.0 x 291.0 x 38.0
    - 12: 尺寸 99.0 x 132.0 x 97.0
    - 59: 尺寸 159.0 x 229.0 x 122.0
    - 57: 尺寸 114.0 x 139.0 x 92.0
    - 73: 尺寸 177.0 x 159.0 x 112.0
    - 8: 尺寸 115.0 x 155.0 x 87.0
  批次 3: 零件数=2, 占用率=60.03%
    - 30: 尺寸 686.0 x 336.0 x 90.0
    - 62: 尺寸 188.0 x 133.0 x 95.0
  批次 4: 零件数=2, 占用率=68.12%
    - 43: 尺寸 713.0 x 239.0 x 46.0
    - 49: 尺寸 720.0 x 166.0 x 70.0
  批次 5: 零件数=1, 占用率=39.77%
    - 65: 尺寸 688.0 x 246.0 x 28.0

打印机 2 (尺寸: 1163.0 x 587.0 x 663.0):
--------------------------------------------------------------------------------
  批次 1: 零件数=15, 占用率=93.14%
    - 41: 尺寸 420.0 x 84.0 x 65.0
    - 96: 尺寸 711.0 x 335.0 x 59.0
    - 79: 尺寸 382.0 x 155.0 x 83.0
    - 91: 尺寸 179.0 x 133.0 x 39.0
    - 89: 尺寸 233.0 x 185.0 x 23.0
    - 69: 尺寸 101.0 x 76.0 x 43.0
    - 63: 尺寸 163.0 x 195.0 x 52.0
    - 94: 尺寸 86.0 x 78.0 x 15.0
    - 0: 尺寸 268.0 x 250.0 x 27.0
    - 97: 尺寸 107.0 x 213.0 x 56.0
    - 37: 尺寸 179.0 x 208.0 x 109.0
    - 33: 尺寸 98.0 x 143.0 x 20.0
    - 42: 尺寸 86.0 x 114.0 x 61.0
    - 70: 尺寸 217.0 x 139.0 x 55.0
    - 47: 尺寸 178.0 x 51.0 x 176.0
  批次 2: 零件数=7, 占用率=88.12%
    - 64: 尺寸 441.0 x 333.0 x 52.0
    - 61: 尺寸 533.0 x 123.0 x 54.0
    - 2: 尺寸 184.0 x 568.0 x 44.0
    - 18: 尺寸 207.0 x 134.0 x 86.0
    - 75: 尺寸 290.0 x 460.0 x 105.0
    - 24: 尺寸 187.0 x 173.0 x 33.0
    - 72: 尺寸 426.0 x 214.0 x 34.0
  批次 3: 零件数=2, 占用率=21.35%
    - 27: 尺寸 565.0 x 191.0 x 59.0
    - 82: 尺寸 198.0 x 191.0 x 181.0

打印机 3 (尺寸: 941.0 x 424.0 x 663.0):
--------------------------------------------------------------------------------
  批次 1: 零件数=7, 占用率=87.44%
    - 31: 尺寸 355.0 x 260.0 x 20.0
    - 22: 尺寸 69.0 x 106.0 x 68.0
    - 66: 尺寸 438.0 x 139.0 x 124.0
    - 19: 尺寸 58.0 x 220.0 x 76.0
    - 23: 尺寸 422.0 x 283.0 x 63.0
    - 3: 尺寸 114.0 x 130.0 x 98.0
    - 29: 尺寸 302.0 x 137.0 x 33.0
  批次 2: 零件数=4, 占用率=53.41%
    - 87: 尺寸 690.0 x 134.0 x 26.0
    - 48: 尺寸 205.0 x 200.0 x 83.0
    - 60: 尺寸 363.0 x 170.0 x 19.0
    - 14: 尺寸 183.0 x 98.0 x 54.0

打印机 4 (尺寸: 1081.0 x 523.0 x 615.0):
--------------------------------------------------------------------------------
  批次 1: 零件数=14, 占用率=81.85%
    - 28: 尺寸 148.0 x 108.0 x 40.0
    - 13: 尺寸 87.0 x 87.0 x 191.0
    - 10: 尺寸 480.0 x 155.0 x 175.0
    - 16: 尺寸 143.0 x 441.0 x 42.0
    - 83: 尺寸 153.0 x 441.0 x 197.0
    - 32: 尺寸 66.0 x 98.0 x 75.0
    - 44: 尺寸 79.0 x 103.0 x 14.0
    - 98: 尺寸 134.0 x 197.0 x 63.0
    - 39: 尺寸 396.0 x 158.0 x 123.0
    - 35: 尺寸 96.0 x 106.0 x 48.0
    - 38: 尺寸 144.0 x 118.0 x 155.0
    - 53: 尺寸 142.0 x 121.0 x 188.0
    - 58: 尺寸 246.0 x 181.0 x 77.0
    - 25: 尺寸 207.0 x 202.0 x 33.0
  批次 2: 零件数=3, 占用率=49.38%
    - 88: 尺寸 385.0 x 207.0 x 83.0
    - 17: 尺寸 668.0 x 227.0 x 36.0
    - 46: 尺寸 389.0 x 123.0 x 52.0

打印机 5 (尺寸: 1118.0 x 504.0 x 631.0):
--------------------------------------------------------------------------------
  批次 1: 零件数=14, 占用率=85.51%
    - 15: 尺寸 255.0 x 172.0 x 44.0
    - 26: 尺寸 353.0 x 115.0 x 50.0
    - 36: 尺寸 468.0 x 164.0 x 153.0
    - 45: 尺寸 266.0 x 241.0 x 26.0
    - 34: 尺寸 118.0 x 206.0 x 193.0
    - 92: 尺寸 440.0 x 247.0 x 168.0
    - 52: 尺寸 170.0 x 59.0 x 100.0
    - 55: 尺寸 72.0 x 93.0 x 88.0
    - 51: 尺寸 173.0 x 135.0 x 83.0
    - 95: 尺寸 55.0 x 202.0 x 55.0
    - 67: 尺寸 144.0 x 121.0 x 191.0
    - 84: 尺寸 132.0 x 148.0 x 176.0
    - 20: 尺寸 142.0 x 89.0 x 104.0
    - 50: 尺寸 185.0 x 123.0 x 171.0
  批次 2: 零件数=7, 占用率=77.12%
    - 78: 尺寸 257.0 x 259.0 x 55.0
    - 80: 尺寸 152.0 x 106.0 x 19.0
    - 71: 尺寸 699.0 x 267.0 x 29.0
    - 9: 尺寸 149.0 x 101.0 x 45.0
    - 6: 尺寸 306.0 x 134.0 x 68.0
    - 11: 尺寸 306.0 x 123.0 x 35.0
    - 86: 尺寸 349.0 x 205.0 x 127.0
  批次 3: 零件数=2, 占用率=28.15%
    - 54: 尺寸 529.0 x 120.0 x 52.0
    - 56: 尺寸 312.0 x 305.0 x 32.0

════════════════════════════════════════════════════════════════
