迭代次数,Cmax
1,246773.0000
2,246773.0000
3,246773.0000
4,246773.0000
5,246773.0000
6,246645.9000
7,246645.9000
8,246645.9000
9,246645.9000
10,246645.9000
11,246645.9000
12,246645.9000
13,246645.9000
14,246645.9000
15,246645.9000
16,246645.9000
17,246645.9000
18,246645.9000
19,246645.9000
20,246645.9000
21,246645.9000
22,246645.9000
23,246645.9000
24,246645.9000
25,246645.9000
26,246645.9000
27,238749.0000
28,238749.0000
29,238749.0000
30,238749.0000
31,238749.0000
32,238749.0000
33,238749.0000
34,238749.0000
35,238749.0000
36,238749.0000
37,238749.0000
38,238749.0000
39,238749.0000
40,238749.0000
41,238749.0000
42,238749.0000
43,238749.0000
44,238749.0000
45,238749.0000
46,238749.0000
47,238749.0000
48,238749.0000
49,238749.0000
50,238749.0000
51,238749.0000
52,238749.0000
53,238749.0000
54,238749.0000
55,238749.0000
56,238749.0000
57,238749.0000
58,238749.0000
59,238749.0000
60,238749.0000
61,238749.0000
62,238041.0000
63,238041.0000
64,238041.0000
65,238041.0000
66,238041.0000
67,238041.0000
68,236736.0000
69,236736.0000
70,236736.0000
71,236736.0000
72,236736.0000
73,236736.0000
74,236736.0000
75,236736.0000
76,236736.0000
77,236736.0000
78,236736.0000
79,236736.0000
80,236736.0000
81,236736.0000
82,236736.0000
83,236736.0000
84,236736.0000
85,232724.0000
86,232724.0000
87,232724.0000
88,232724.0000
89,232724.0000
90,232724.0000
91,232724.0000
92,232724.0000
93,232724.0000
94,232724.0000
95,232724.0000
96,232724.0000
97,232724.0000
98,232724.0000
99,232724.0000
100,232724.0000
101,232724.0000
102,232724.0000
103,232724.0000
104,229838.4000
105,229838.4000
106,229838.4000
107,229838.4000
108,229838.4000
109,229838.4000
110,229838.4000
111,229838.4000
112,229838.4000
113,229838.4000
114,229838.4000
115,229838.4000
116,229838.4000
117,229838.4000
118,229838.4000
119,229838.4000
120,229838.4000
121,229838.4000
122,229838.4000
123,229838.4000
124,229838.4000
125,229838.4000
126,229838.4000
127,229838.4000
128,229838.4000
129,229838.4000
130,229838.4000
131,229838.4000
132,229838.4000
133,229838.4000
134,229838.4000
135,229838.4000
136,229838.4000
137,229838.4000
138,229838.4000
139,229838.4000
140,229838.4000
141,229838.4000
142,229838.4000
143,229838.4000
144,229838.4000
145,229838.4000
146,229838.4000
147,229838.4000
148,229838.4000
149,229838.4000
150,229838.4000
151,229838.4000
152,229838.4000
153,229838.4000
154,229838.4000
155,229838.4000
156,229838.4000
157,229838.4000
158,229838.4000
159,229838.4000
160,229838.4000
161,229838.4000
162,229838.4000
163,229838.4000
164,229838.4000
165,229838.4000
166,229838.4000
167,229838.4000
168,229838.4000
169,229838.4000
170,229838.4000
171,229838.4000
172,229838.4000
173,229838.4000
174,229838.4000
175,229838.4000
176,229838.4000
177,229838.4000
178,229838.4000
179,229838.4000
180,229838.4000
181,229838.4000
182,229838.4000
183,229838.4000
184,229838.4000
185,229838.4000
186,229838.4000
187,229838.4000
188,229838.4000
189,229838.4000
190,229838.4000
191,229838.4000
192,229838.4000
193,229838.4000
194,229838.4000
195,229838.4000
196,229838.4000
197,229838.4000
198,229838.4000
199,229838.4000
200,229838.4000
201,229838.4000
202,229838.4000
203,229838.4000
204,229838.4000
205,229838.4000
206,229838.4000
207,229838.4000
208,229838.4000
209,229838.4000
210,229838.4000
211,229838.4000
212,229838.4000
213,229838.4000
214,229838.4000
215,229838.4000
216,229838.4000
217,229838.4000
218,229838.4000
219,229838.4000
220,229838.4000
221,229838.4000
222,229838.4000
223,229838.4000
224,229838.4000
225,229838.4000
226,229838.4000
227,229838.4000
228,229838.4000
229,229838.4000
230,229838.4000
231,229838.4000
232,229838.4000
233,229838.4000
234,229838.4000
235,229838.4000
236,229838.4000
237,229838.4000
238,229838.4000
239,229838.4000
240,229838.4000
241,229838.4000
242,229838.4000
243,229838.4000
244,229838.4000
245,229838.4000
246,229838.4000
247,229838.4000
248,229838.4000
249,229838.4000
250,229838.4000
251,229838.4000
252,228917.1000
253,228917.1000
254,228917.1000
255,228917.1000
256,228917.1000
257,228917.1000
258,228917.1000
259,228917.1000
260,228917.1000
261,228917.1000
262,228917.1000
263,228917.1000
264,228917.1000
265,228917.1000
266,228917.1000
267,228917.1000
268,228917.1000
269,228917.1000
270,228917.1000
271,228917.1000
272,228917.1000
273,228917.1000
274,228917.1000
275,228917.1000
276,228917.1000
277,228917.1000
278,228917.1000
279,228917.1000
280,228917.1000
281,227348.4000
282,227348.4000
283,227348.4000
284,227348.4000
285,227348.4000
286,227348.4000
287,227348.4000
288,227348.4000
289,227348.4000
290,227348.4000
291,227348.4000
292,227348.4000
293,227348.4000
294,227348.4000
295,227348.4000
296,227348.4000
297,227348.4000
298,227348.4000
299,227348.4000
300,227348.4000
301,227348.4000
302,227348.4000
303,227348.4000
304,227348.4000
305,227348.4000
306,227348.4000
307,227348.4000
308,227348.4000
309,227348.4000
310,227348.4000
311,227348.4000
312,227348.4000
313,227348.4000
314,227348.4000
315,227348.4000
316,227348.4000
317,227348.4000
318,227348.4000
319,227348.4000
320,227348.4000
321,227348.4000
322,227348.4000
323,227348.4000
324,227348.4000
325,227348.4000
326,227348.4000
327,227348.4000
328,227348.4000
329,227348.4000
330,227348.4000
331,227348.4000
332,227348.4000
333,227348.4000
334,227348.4000
335,227348.4000
336,227348.4000
337,227348.4000
338,227348.4000
339,227348.4000
340,227348.4000
341,227348.4000
342,227348.4000
343,227348.4000
344,227348.4000
345,227348.4000
346,227348.4000
347,227348.4000
348,227348.4000
349,227348.4000
350,227348.4000
351,227348.4000
352,227348.4000
353,227348.4000
354,227348.4000
355,227348.4000
356,227348.4000
357,226427.1000
358,226427.1000
359,226427.1000
360,226427.1000
361,226427.1000
362,226427.1000
363,226427.1000
364,226427.1000
365,226427.1000
366,226427.1000
367,226427.1000
368,226427.1000
369,226427.1000
370,226427.1000
371,226427.1000
372,226427.1000
373,226427.1000
374,226427.1000
375,226427.1000
376,226427.1000
377,226427.1000
378,226427.1000
379,226427.1000
380,226427.1000
381,226427.1000
382,226427.1000
383,226427.1000
384,226427.1000
385,226427.1000
386,226427.1000
387,226427.1000
388,226427.1000
389,226427.1000
390,226427.1000
391,226427.1000
392,226427.1000
393,226427.1000
394,226427.1000
395,226427.1000
396,226427.1000
397,226427.1000
398,226427.1000
399,226427.1000
400,226427.1000
401,226427.1000
402,226427.1000
403,226427.1000
404,226427.1000
405,226427.1000
406,226427.1000
407,226427.1000
408,226427.1000
409,226427.1000
410,226427.1000
411,226427.1000
412,226427.1000
413,226427.1000
414,226427.1000
415,226427.1000
416,226427.1000
417,226427.1000
418,226427.1000
419,226427.1000
420,226427.1000
421,226427.1000
422,226427.1000
423,226427.1000
424,226427.1000
425,226427.1000
426,226427.1000
427,226427.1000
428,226427.1000
429,226427.1000
430,226427.1000
431,226427.1000
432,226427.1000
433,226427.1000
434,226427.1000
435,226427.1000
436,226427.1000
437,226427.1000
438,226427.1000
439,226427.1000
440,226427.1000
441,226427.1000
442,226427.1000
443,226427.1000
444,226427.1000
445,226427.1000
446,226427.1000
447,226427.1000
448,226427.1000
449,226427.1000
450,226427.1000
451,226427.1000
452,226427.1000
453,226427.1000
454,226427.1000
455,226427.1000
456,226427.1000
457,226427.1000
458,226427.1000
459,226427.1000
460,226427.1000
461,226427.1000
462,226427.1000
463,226427.1000
464,226427.1000
465,226427.1000
466,226427.1000
467,226427.1000
468,226427.1000
469,226427.1000
470,226427.1000
471,226427.1000
472,226427.1000
473,226427.1000
474,226427.1000
475,226427.1000
476,226427.1000
477,226427.1000
478,226427.1000
479,226427.1000
480,226427.1000
481,226427.1000
482,226427.1000
483,226427.1000
484,226427.1000
485,226427.1000
486,226427.1000
487,226427.1000
488,226427.1000
489,226427.1000
490,226427.1000
491,226427.1000
492,226427.1000
493,226427.1000
494,226427.1000
495,226427.1000
496,226427.1000
497,226427.1000
498,226427.1000
499,226427.1000
500,226427.1000
501,226427.1000
502,226427.1000
503,226427.1000
504,226427.1000
505,226427.1000
506,226427.1000
507,226427.1000
508,226427.1000
509,226427.1000
510,226427.1000
511,226427.1000
512,226427.1000
513,226427.1000
514,226427.1000
515,226427.1000
516,226427.1000
517,226427.1000
518,226427.1000
519,226427.1000
520,226427.1000
521,226427.1000
522,226427.1000
523,226427.1000
524,226427.1000
525,226427.1000
526,226427.1000
527,226427.1000
528,226427.1000
529,226427.1000
530,226427.1000
531,226427.1000
532,226427.1000
533,226427.1000
534,226427.1000
535,226427.1000
536,226427.1000
537,226427.1000
538,226427.1000
539,226427.1000
540,226427.1000
541,226427.1000
542,226427.1000
543,226427.1000
544,226427.1000
545,226427.1000
546,226427.1000
547,226427.1000
548,226427.1000
549,226427.1000
550,225804.6000
551,225804.6000
552,225804.6000
553,225804.6000
554,225804.6000
555,225804.6000
556,225804.6000
557,225804.6000
558,225804.6000
559,225804.6000
560,225804.6000
561,225804.6000
562,225804.6000
563,225804.6000
564,225804.6000
565,225804.6000
566,225804.6000
567,225804.6000
568,225804.6000
569,225804.6000
570,225804.6000
571,225804.6000
572,225804.6000
573,225804.6000
574,225804.6000
575,225804.6000
576,225804.6000
577,225804.6000
578,225804.6000
579,225804.6000
580,225804.6000
581,225804.6000
582,225804.6000
583,225804.6000
584,225804.6000
585,225804.6000
586,225804.6000
587,225804.6000
588,225804.6000
589,225804.6000
590,225804.6000
591,225804.6000
592,225804.6000
593,225804.6000
594,225804.6000
595,225804.6000
596,225804.6000
597,225804.6000
598,225804.6000
599,225804.6000
600,225804.6000
601,225804.6000
602,225804.6000
603,225804.6000
604,225804.6000
605,225804.6000
606,225804.6000
607,225804.6000
608,225804.6000
609,225804.6000
610,225804.6000
611,225804.6000
612,225804.6000
613,225804.6000
614,225804.6000
615,225804.6000
616,225804.6000
617,225804.6000
618,225804.6000
619,225804.6000
620,225804.6000
621,225804.6000
622,225804.6000
623,225804.6000
624,225804.6000
625,225804.6000
626,225804.6000
627,225804.6000
628,225804.6000
629,225804.6000
630,225804.6000
631,225804.6000
632,225804.6000
633,225804.6000
634,225804.6000
635,225804.6000
636,225804.6000
637,225804.6000
638,225804.6000
639,225804.6000
640,225804.6000
641,225804.6000
642,225804.6000
643,225804.6000
644,225804.6000
645,225804.6000
646,225804.6000
647,225804.6000
648,225804.6000
649,225804.6000
650,225804.6000
651,225804.6000
652,225804.6000
653,225804.6000
654,225804.6000
655,225804.6000
656,225804.6000
657,225804.6000
658,225804.6000
659,225804.6000
660,225804.6000
661,225804.6000
662,225804.6000
663,225804.6000
664,225804.6000
665,225804.6000
666,225804.6000
667,225804.6000
668,225804.6000
669,225804.6000
670,225804.6000
671,225804.6000
672,225804.6000
673,225804.6000
674,225804.6000
675,225804.6000
676,225804.6000
677,225804.6000
678,225804.6000
679,225804.6000
680,225804.6000
681,225804.6000
682,225804.6000
683,225804.6000
684,225804.6000
685,225804.6000
686,225804.6000
687,225804.6000
688,225804.6000
689,225804.6000
690,225804.6000
691,225804.6000
692,225804.6000
693,225804.6000
694,225804.6000
695,225804.6000
696,225804.6000
697,225804.6000
698,225804.6000
699,225804.6000
700,225804.6000
701,225804.6000
702,225804.6000
703,225804.6000
704,225804.6000
705,225804.6000
706,225804.6000
707,225804.6000
708,225804.6000
709,225804.6000
710,225804.6000
711,225804.6000
712,225804.6000
713,225804.6000
714,225804.6000
715,225804.6000
716,225804.6000
717,225804.6000
718,225804.6000
719,225804.6000
720,225804.6000
721,225804.6000
722,225804.6000
723,225804.6000
724,225804.6000
725,225804.6000
726,225804.6000
727,225804.6000
728,225804.6000
729,225804.6000
730,225804.6000
731,225804.6000
732,225804.6000
733,225804.6000
734,225804.6000
735,225804.6000
736,225804.6000
737,225804.6000
738,225804.6000
739,225804.6000
740,225804.6000
741,225804.6000
742,225804.6000
743,225804.6000
744,225804.6000
745,225804.6000
746,225804.6000
747,225804.6000
748,225804.6000
749,225804.6000
750,225804.6000
751,225804.6000
752,225804.6000
753,225804.6000
754,225804.6000
755,225804.6000
756,225804.6000
757,225804.6000
758,225804.6000
759,225804.6000
760,225804.6000
761,225804.6000
762,225804.6000
763,225804.6000
764,225804.6000
765,225804.6000
766,225804.6000
767,225804.6000
768,225804.6000
769,225804.6000
770,225804.6000
771,225804.6000
772,225804.6000
773,225804.6000
774,225804.6000
775,225804.6000
776,225804.6000
777,225804.6000
778,225804.6000
779,225804.6000
780,225804.6000
781,225804.6000
782,225804.6000
783,225804.6000
784,225804.6000
785,225804.6000
786,225804.6000
787,225804.6000
788,225804.6000
789,225804.6000
790,225804.6000
791,225804.6000
792,225804.6000
793,225804.6000
794,225804.6000
795,225804.6000
796,225804.6000
797,225804.6000
798,225804.6000
799,225804.6000
800,225804.6000
801,225804.6000
802,225804.6000
803,225804.6000
804,225804.6000
805,225804.6000
806,225804.6000
807,225804.6000
808,225804.6000
809,225804.6000
810,225804.6000
811,225804.6000
812,225804.6000
813,225804.6000
814,225804.6000
815,225804.6000
816,225804.6000
817,225804.6000
818,225804.6000
819,225804.6000
820,225804.6000
821,225804.6000
822,225804.6000
823,225804.6000
824,225804.6000
825,225804.6000
826,225804.6000
827,225804.6000
828,225804.6000
829,225804.6000
830,225804.6000
831,225804.6000
832,225804.6000
833,225804.6000
834,225804.6000
835,225804.6000
836,225804.6000
837,225804.6000
838,225804.6000
839,225804.6000
840,225804.6000
841,225804.6000
842,225804.6000
843,225804.6000
844,225804.6000
845,225804.6000
846,225804.6000
847,225804.6000
848,225804.6000
849,225804.6000
850,225804.6000
851,225804.6000
852,225804.6000
853,225804.6000
854,225804.6000
855,225804.6000
856,225804.6000
857,225804.6000
858,225804.6000
859,225804.6000
860,225804.6000
861,225804.6000
862,225804.6000
863,225804.6000
864,225804.6000
865,225804.6000
866,225804.6000
867,225804.6000
868,225804.6000
869,225804.6000
870,225804.6000
871,225804.6000
872,225804.6000
873,225804.6000
874,225804.6000
875,225804.6000
876,225804.6000
877,225804.6000
878,225804.6000
879,225804.6000
880,225804.6000
881,225804.6000
882,225804.6000
883,225804.6000
884,225804.6000
885,225804.6000
886,225804.6000
887,225804.6000
888,225804.6000
889,225804.6000
890,225804.6000
891,225804.6000
892,225804.6000
893,225804.6000
894,225804.6000
895,225804.6000
896,225804.6000
897,225804.6000
898,225804.6000
899,225804.6000
900,225804.6000
901,225804.6000
902,225804.6000
903,225804.6000
904,225804.6000
905,225804.6000
906,225804.6000
907,225804.6000
908,225804.6000
909,225804.6000
910,225804.6000
911,225804.6000
912,225804.6000
913,225804.6000
914,225804.6000
915,225804.6000
916,225804.6000
917,225804.6000
918,225804.6000
919,225804.6000
920,225804.6000
921,225804.6000
922,225804.6000
923,225804.6000
924,225804.6000
925,225804.6000
926,225804.6000
927,225804.6000
928,225804.6000
929,225804.6000
930,225804.6000
931,225804.6000
932,225804.6000
933,225804.6000
934,225804.6000
935,225804.6000
936,225804.6000
937,225804.6000
938,225804.6000
939,225804.6000
940,225804.6000
941,225804.6000
942,225804.6000
943,225804.6000
944,225804.6000
945,225804.6000
946,225804.6000
947,225804.6000
948,225804.6000
949,225804.6000
950,225804.6000
951,225804.6000
952,225804.6000
953,225804.6000
954,225804.6000
955,225804.6000
956,225804.6000
957,225804.6000
958,225804.6000
959,225804.6000
960,225804.6000
961,225804.6000
962,225804.6000
963,225804.6000
964,225804.6000
965,225804.6000
966,225804.6000
967,225804.6000
968,225804.6000
969,225804.6000
970,225804.6000
971,225804.6000
972,225804.6000
973,225804.6000
974,225804.6000
975,225804.6000
976,225804.6000
977,225804.6000
978,225804.6000
979,225804.6000
980,225804.6000
981,225804.6000
982,225804.6000
983,225804.6000
984,225804.6000
985,225804.6000
986,225804.6000
987,225804.6000
988,225804.6000
989,225804.6000
990,225804.6000
991,225804.6000
992,225804.6000
993,225804.6000
994,225804.6000
995,225804.6000
996,225804.6000
997,225804.6000
998,225804.6000
999,225804.6000
1000,225804.6000
1001,225804.6000
1002,225804.6000
1003,225804.6000
1004,225804.6000
1005,225804.6000
1006,225804.6000
1007,225804.6000
1008,225804.6000
1009,225804.6000
1010,225804.6000
1011,225804.6000
1012,225804.6000
1013,225804.6000
1014,225804.6000
1015,225804.6000
1016,225804.6000
1017,225804.6000
1018,225804.6000
1019,225804.6000
1020,225804.6000
1021,225804.6000
1022,225804.6000
1023,225804.6000
1024,225804.6000
1025,225804.6000
1026,225804.6000
1027,225804.6000
1028,225804.6000
1029,225804.6000
1030,225804.6000
1031,225804.6000
1032,225804.6000
1033,225804.6000
1034,225804.6000
1035,225804.6000
1036,225804.6000
1037,225804.6000
1038,225804.6000
1039,225804.6000
1040,225804.6000
1041,225804.6000
1042,225804.6000
1043,225804.6000
1044,225804.6000
1045,225804.6000
1046,225804.6000
1047,225804.6000
1048,225804.6000
1049,225804.6000
1050,225804.6000
1051,225804.6000
1052,225804.6000
1053,225804.6000
1054,225804.6000
1055,225804.6000
1056,225804.6000
1057,225804.6000
1058,225804.6000
1059,225804.6000
1060,225804.6000
1061,225804.6000
1062,225804.6000
1063,225804.6000
1064,225804.6000
1065,225804.6000
1066,225804.6000
1067,225804.6000
1068,225804.6000
1069,225804.6000
1070,225804.6000
1071,225804.6000
1072,225804.6000
1073,225804.6000
1074,225804.6000
1075,225804.6000
1076,225804.6000
1077,225804.6000
1078,225804.6000
1079,225804.6000
1080,225804.6000
1081,225804.6000
1082,225804.6000
1083,225804.6000
1084,225804.6000
1085,225804.6000
1086,225804.6000
1087,225804.6000
1088,225804.6000
1089,225804.6000
1090,225804.6000
1091,225804.6000
1092,225804.6000
1093,225804.6000
1094,225804.6000
1095,225804.6000
1096,225804.6000
1097,225804.6000
1098,225804.6000
1099,225804.6000
1100,225804.6000
1101,225804.6000
1102,225804.6000
1103,225804.6000
1104,225804.6000
1105,225804.6000
1106,225804.6000
1107,225804.6000
1108,225804.6000
1109,225804.6000
1110,225804.6000
1111,225804.6000
1112,225804.6000
1113,225804.6000
1114,225804.6000
1115,225804.6000
1116,225804.6000
1117,225804.6000
1118,225804.6000
1119,225804.6000
1120,225804.6000
1121,225804.6000
1122,225804.6000
1123,225804.6000
1124,225804.6000
1125,225804.6000
1126,225804.6000
1127,225804.6000
1128,225804.6000
1129,225804.6000
1130,225804.6000
1131,225804.6000
1132,225804.6000
1133,225804.6000
1134,225804.6000
1135,225804.6000
1136,225804.6000
1137,225804.6000
1138,225804.6000
1139,225804.6000
1140,225804.6000
1141,225804.6000
1142,225804.6000
1143,225804.6000
1144,225804.6000
1145,225804.6000
1146,225804.6000
1147,225804.6000
1148,225804.6000
1149,225804.6000
1150,225804.6000
1151,225804.6000
1152,225804.6000
1153,225804.6000
1154,225804.6000
1155,225804.6000
1156,225804.6000
1157,225804.6000
1158,225804.6000
1159,225804.6000
1160,225804.6000
1161,225804.6000
1162,225804.6000
1163,225804.6000
1164,225804.6000
1165,225804.6000
1166,225804.6000
1167,225804.6000
1168,225804.6000
1169,225804.6000
1170,225804.6000
1171,225804.6000
1172,225804.6000
1173,225804.6000
1174,225804.6000
1175,225804.6000
1176,225804.6000
1177,225804.6000
1178,225804.6000
1179,225804.6000
1180,225804.6000
1181,225804.6000
1182,225804.6000
1183,225804.6000
1184,225804.6000
1185,225804.6000
1186,225804.6000
1187,225804.6000
1188,225804.6000
1189,225804.6000
1190,225804.6000
1191,225804.6000
1192,225804.6000
1193,225804.6000
1194,225804.6000
1195,225804.6000
1196,225804.6000
1197,225804.6000
1198,225804.6000
1199,225804.6000
1200,225804.6000
1201,225804.6000
1202,225804.6000
1203,225804.6000
1204,225804.6000
1205,225804.6000
1206,225804.6000
1207,225804.6000
1208,225804.6000
1209,225804.6000
1210,225804.6000
1211,225804.6000
1212,225804.6000
1213,225804.6000
1214,225804.6000
1215,225804.6000
1216,225804.6000
1217,225804.6000
1218,225804.6000
1219,225804.6000
1220,225804.6000
1221,225804.6000
1222,225804.6000
1223,225804.6000
1224,225804.6000
1225,225804.6000
1226,225804.6000
1227,225804.6000
1228,225804.6000
1229,225804.6000
1230,225804.6000
1231,225804.6000
1232,225804.6000
1233,225804.6000
1234,225804.6000
1235,225804.6000
1236,225804.6000
1237,225804.6000
1238,225804.6000
1239,225804.6000
1240,225804.6000
1241,225804.6000
1242,225804.6000
1243,225804.6000
1244,225804.6000
1245,225804.6000
1246,225804.6000
1247,225804.6000
1248,225804.6000
1249,225804.6000
1250,225804.6000
1251,225804.6000
1252,225804.6000
1253,225804.6000
1254,225804.6000
1255,225804.6000
1256,225804.6000
1257,225804.6000
1258,225804.6000
1259,225804.6000
1260,225804.6000
1261,225804.6000
1262,225804.6000
1263,225804.6000
1264,225804.6000
1265,225804.6000
1266,225804.6000
1267,225804.6000
1268,225804.6000
1269,225804.6000
1270,225804.6000
1271,225804.6000
1272,225804.6000
1273,225804.6000
1274,225804.6000
1275,225804.6000
1276,225804.6000
1277,225804.6000
1278,225804.6000
1279,225804.6000
1280,225804.6000
1281,225804.6000
1282,225804.6000
1283,225804.6000
1284,225804.6000
1285,225804.6000
1286,225804.6000
1287,225804.6000
1288,225804.6000
1289,225804.6000
1290,225804.6000
1291,225804.6000
1292,225804.6000
1293,225804.6000
1294,225804.6000
1295,225804.6000
1296,225804.6000
1297,225804.6000
1298,225804.6000
1299,225804.6000
1300,225804.6000
1301,225804.6000
1302,225804.6000
1303,225804.6000
1304,225804.6000
1305,225804.6000
1306,225804.6000
1307,225804.6000
1308,225804.6000
1309,225804.6000
1310,225804.6000
1311,225804.6000
1312,225804.6000
1313,225804.6000
1314,225804.6000
1315,225804.6000
1316,225804.6000
1317,225804.6000
1318,225804.6000
1319,225804.6000
1320,225804.6000
1321,225804.6000
1322,225804.6000
1323,225804.6000
1324,225804.6000
1325,225804.6000
1326,225804.6000
1327,225804.6000
1328,225804.6000
1329,225804.6000
1330,225804.6000
1331,225804.6000
1332,225804.6000
1333,225804.6000
1334,225804.6000
1335,225804.6000
1336,225804.6000
1337,225804.6000
1338,225804.6000
1339,225804.6000
1340,225804.6000
1341,225804.6000
1342,225804.6000
1343,225804.6000
1344,225804.6000
1345,225804.6000
1346,225804.6000
1347,225804.6000
1348,225804.6000
1349,225804.6000
1350,225804.6000
1351,225804.6000
1352,225804.6000
1353,225804.6000
1354,225804.6000
1355,225804.6000
1356,225804.6000
1357,225804.6000
1358,225804.6000
1359,225804.6000
1360,225804.6000
1361,225804.6000
1362,225804.6000
1363,225804.6000
1364,225804.6000
1365,225804.6000
1366,225804.6000
1367,225804.6000
1368,225804.6000
1369,225804.6000
1370,225804.6000
1371,225804.6000
1372,225804.6000
1373,225804.6000
1374,225804.6000
1375,225804.6000
1376,225804.6000
1377,225804.6000
1378,225804.6000
1379,225804.6000
1380,225804.6000
1381,225804.6000
1382,225804.6000
1383,225804.6000
1384,225804.6000
1385,225804.6000
1386,225804.6000
1387,225804.6000
1388,225804.6000
1389,225804.6000
1390,225804.6000
1391,225804.6000
1392,225804.6000
1393,225804.6000
1394,225804.6000
1395,225804.6000
1396,225804.6000
1397,225804.6000
1398,225804.6000
1399,225804.6000
1400,225804.6000
1401,225804.6000
1402,225804.6000
1403,225804.6000
1404,225804.6000
1405,225804.6000
1406,225804.6000
1407,225804.6000
1408,225804.6000
1409,225804.6000
1410,225804.6000
1411,225804.6000
1412,225804.6000
1413,225804.6000
1414,225804.6000
1415,225804.6000
1416,225804.6000
1417,225804.6000
1418,225804.6000
1419,225804.6000
1420,225804.6000
1421,225804.6000
1422,225804.6000
1423,225804.6000
1424,225804.6000
1425,225804.6000
1426,225804.6000
1427,225804.6000
1428,225804.6000
1429,225804.6000
1430,225804.6000
1431,225804.6000
1432,225804.6000
1433,225804.6000
1434,225804.6000
1435,225804.6000
1436,225804.6000
1437,225804.6000
1438,225804.6000
1439,225804.6000
1440,225804.6000
1441,225804.6000
1442,225804.6000
1443,225804.6000
1444,225804.6000
1445,225804.6000
1446,225804.6000
1447,225804.6000
1448,225804.6000
1449,225804.6000
1450,225804.6000
1451,225804.6000
1452,225804.6000
1453,225804.6000
1454,225804.6000
1455,225804.6000
1456,225804.6000
1457,225804.6000
1458,225804.6000
1459,225804.6000
1460,225804.6000
1461,225804.6000
1462,225804.6000
1463,225804.6000
1464,225804.6000
1465,225804.6000
1466,225804.6000
1467,225804.6000
1468,225804.6000
1469,225804.6000
1470,225804.6000
1471,225804.6000
1472,225804.6000
1473,225804.6000
1474,225804.6000
1475,225804.6000
1476,225804.6000
1477,225804.6000
1478,225804.6000
1479,225804.6000
1480,225804.6000
1481,225804.6000
1482,225804.6000
1483,225804.6000
1484,225804.6000
1485,225804.6000
1486,225804.6000
1487,225804.6000
1488,225804.6000
1489,225804.6000
1490,225804.6000
1491,225804.6000
1492,225804.6000
1493,225804.6000
1494,225804.6000
1495,225804.6000
1496,225804.6000
1497,225804.6000
1498,225804.6000
1499,225804.6000
1500,225804.6000
1501,225804.6000
1502,225804.6000
1503,225804.6000
1504,225804.6000
1505,225804.6000
1506,225804.6000
1507,225804.6000
1508,225804.6000
1509,225804.6000
1510,225804.6000
1511,225804.6000
1512,225804.6000
1513,225804.6000
1514,225804.6000
1515,225804.6000
1516,225804.6000
1517,225804.6000
1518,225804.6000
1519,225804.6000
1520,225804.6000
1521,225804.6000
1522,225804.6000
1523,225804.6000
1524,225804.6000
1525,225804.6000
1526,225804.6000
1527,225804.6000
1528,225804.6000
1529,225804.6000
1530,225804.6000
1531,225804.6000
1532,225804.6000
1533,225804.6000
1534,225804.6000
1535,225804.6000
1536,225804.6000
1537,225804.6000
1538,225804.6000
1539,225804.6000
1540,225804.6000
1541,225804.6000
1542,225804.6000
1543,225804.6000
1544,225804.6000
1545,225804.6000
1546,225804.6000
1547,225804.6000
1548,225804.6000
1549,225804.6000
1550,225804.6000
1551,225804.6000
1552,225804.6000
1553,225804.6000
1554,225804.6000
1555,225804.6000
1556,225804.6000
1557,225804.6000
1558,225804.6000
1559,225804.6000
1560,225804.6000
1561,225804.6000
1562,225804.6000
1563,225804.6000
1564,225804.6000
1565,225804.6000
1566,225804.6000
1567,225804.6000
1568,225804.6000
1569,225804.6000
1570,225804.6000
1571,225804.6000
1572,225804.6000
1573,225804.6000
1574,225804.6000
1575,225804.6000
1576,225804.6000
1577,225804.6000
1578,225804.6000
1579,225804.6000
1580,225804.6000
1581,225804.6000
1582,225804.6000
1583,225804.6000
1584,225804.6000
1585,225804.6000
1586,225804.6000
1587,225804.6000
1588,225804.6000
1589,225804.6000
1590,225804.6000
1591,225804.6000
1592,225804.6000
1593,225804.6000
1594,225804.6000
1595,225804.6000
1596,225804.6000
1597,225804.6000
1598,225804.6000
1599,225804.6000
1600,225804.6000
1601,225804.6000
1602,225804.6000
1603,225804.6000
1604,225804.6000
1605,225804.6000
1606,225804.6000
1607,225804.6000
1608,225804.6000
1609,225804.6000
1610,225804.6000
1611,225804.6000
1612,225804.6000
1613,225804.6000
1614,225804.6000
1615,225804.6000
1616,225804.6000
1617,225804.6000
1618,225804.6000
1619,225804.6000
1620,225804.6000
1621,225804.6000
1622,225804.6000
1623,225804.6000
1624,225804.6000
1625,225804.6000
1626,225804.6000
1627,225804.6000
1628,225804.6000
1629,225804.6000
1630,225804.6000
1631,225804.6000
1632,225804.6000
1633,225804.6000
1634,225804.6000
1635,225804.6000
1636,225804.6000
1637,225804.6000
1638,225804.6000
1639,225804.6000
1640,225804.6000
1641,225804.6000
1642,225804.6000
1643,225804.6000
1644,225804.6000
1645,225804.6000
1646,225804.6000
1647,225804.6000
1648,225804.6000
1649,225804.6000
1650,225804.6000
1651,225804.6000
1652,225804.6000
1653,225804.6000
1654,225804.6000
1655,225804.6000
1656,225804.6000
1657,225804.6000
1658,225804.6000
1659,225804.6000
1660,225804.6000
1661,225804.6000
1662,225804.6000
1663,225804.6000
1664,225804.6000
1665,225804.6000
1666,225804.6000
1667,225804.6000
1668,225804.6000
1669,225804.6000
1670,225804.6000
1671,225804.6000
1672,225804.6000
1673,225804.6000
1674,225804.6000
1675,225804.6000
1676,225804.6000
1677,225804.6000
1678,225804.6000
1679,225804.6000
1680,225804.6000
1681,225804.6000
1682,225804.6000
1683,225804.6000
1684,225804.6000
1685,225804.6000
1686,225804.6000
1687,225804.6000
1688,225804.6000
1689,225804.6000
1690,225804.6000
1691,225804.6000
1692,225804.6000
1693,225804.6000
1694,225804.6000
1695,225804.6000
1696,225804.6000
1697,225804.6000
1698,225804.6000
1699,225804.6000
1700,225804.6000
1701,225804.6000
1702,225804.6000
1703,225804.6000
1704,225804.6000
1705,225804.6000
1706,225804.6000
1707,225804.6000
1708,225804.6000
1709,225804.6000
1710,225804.6000
1711,225804.6000
1712,225804.6000
1713,225804.6000
1714,225804.6000
1715,225804.6000
1716,225804.6000
1717,225804.6000
1718,225804.6000
1719,225804.6000
1720,225804.6000
1721,225804.6000
1722,225804.6000
1723,225804.6000
1724,225804.6000
1725,225804.6000
1726,225804.6000
1727,225804.6000
1728,225804.6000
1729,225804.6000
1730,225804.6000
1731,225804.6000
1732,225804.6000
1733,225804.6000
1734,225804.6000
1735,225804.6000
1736,225804.6000
1737,225804.6000
1738,225804.6000
1739,225804.6000
1740,225804.6000
1741,225804.6000
1742,225804.6000
1743,225804.6000
1744,225804.6000
1745,225804.6000
1746,225804.6000
1747,225804.6000
1748,225804.6000
1749,225804.6000
1750,225804.6000
1751,225804.6000
1752,225804.6000
1753,225804.6000
1754,225804.6000
1755,225804.6000
1756,225804.6000
1757,225804.6000
1758,225804.6000
1759,225804.6000
1760,225804.6000
1761,225804.6000
1762,225804.6000
1763,225804.6000
1764,225804.6000
1765,225804.6000
1766,225804.6000
1767,225804.6000
1768,225804.6000
1769,225804.6000
1770,225804.6000
1771,225804.6000
1772,225804.6000
1773,225804.6000
1774,225804.6000
1775,225804.6000
1776,225804.6000
1777,225804.6000
1778,225804.6000
1779,225804.6000
1780,225804.6000
1781,225804.6000
1782,225804.6000
1783,225804.6000
1784,225804.6000
1785,225804.6000
1786,225804.6000
1787,225804.6000
1788,225804.6000
1789,225804.6000
1790,225804.6000
1791,225804.6000
1792,225804.6000
1793,225804.6000
1794,225804.6000
1795,225804.6000
1796,225804.6000
1797,225804.6000
1798,225804.6000
1799,225804.6000
1800,225804.6000
1801,225804.6000
1802,225804.6000
1803,225804.6000
1804,225804.6000
1805,225804.6000
1806,225804.6000
1807,225804.6000
1808,225804.6000
1809,225804.6000
1810,225804.6000
1811,225804.6000
1812,225804.6000
1813,225804.6000
1814,225804.6000
1815,225804.6000
1816,225804.6000
1817,225804.6000
1818,225804.6000
1819,225804.6000
1820,225804.6000
1821,225804.6000
1822,225804.6000
1823,225804.6000
1824,225804.6000
1825,225804.6000
1826,225804.6000
1827,225804.6000
1828,225804.6000
1829,225804.6000
1830,225804.6000
1831,225804.6000
1832,225804.6000
1833,225804.6000
1834,225804.6000
1835,225804.6000
1836,225804.6000
1837,225804.6000
1838,225804.6000
1839,225804.6000
1840,225804.6000
1841,225804.6000
1842,225804.6000
1843,225804.6000
1844,225804.6000
1845,225804.6000
1846,225804.6000
1847,225804.6000
1848,225804.6000
1849,225804.6000
1850,225804.6000
1851,225804.6000
1852,225804.6000
1853,225804.6000
1854,225804.6000
1855,225804.6000
1856,225804.6000
1857,225804.6000
1858,225804.6000
1859,225804.6000
1860,225804.6000
1861,225804.6000
1862,225804.6000
1863,225804.6000
1864,225804.6000
1865,225804.6000
1866,225804.6000
1867,225804.6000
1868,225804.6000
1869,225804.6000
1870,225804.6000
1871,225804.6000
1872,225804.6000
1873,225804.6000
1874,225804.6000
1875,225804.6000
1876,225804.6000
1877,225804.6000
1878,225804.6000
1879,225804.6000
1880,225804.6000
1881,225804.6000
1882,225804.6000
1883,225804.6000
1884,225804.6000
1885,225804.6000
1886,225804.6000
1887,225804.6000
1888,225804.6000
1889,225804.6000
1890,225804.6000
1891,225804.6000
1892,225804.6000
1893,225804.6000
1894,225804.6000
1895,225804.6000
1896,225804.6000
1897,225804.6000
1898,225804.6000
1899,225804.6000
1900,225804.6000
1901,225804.6000
1902,225804.6000
1903,225804.6000
1904,225804.6000
1905,225804.6000
1906,225804.6000
1907,225804.6000
1908,225804.6000
1909,225804.6000
1910,225804.6000
1911,225804.6000
1912,225804.6000
1913,225804.6000
1914,225804.6000
1915,225804.6000
1916,225804.6000
1917,225804.6000
1918,225804.6000
1919,225804.6000
1920,225804.6000
1921,225804.6000
1922,225804.6000
1923,225804.6000
1924,225804.6000
1925,225804.6000
1926,225804.6000
1927,225804.6000
1928,225804.6000
1929,225804.6000
1930,225804.6000
1931,225804.6000
1932,225804.6000
1933,225804.6000
1934,225804.6000
1935,225804.6000
1936,225804.6000
1937,225804.6000
1938,225804.6000
1939,225804.6000
1940,225804.6000
1941,225804.6000
1942,225804.6000
1943,225804.6000
1944,225804.6000
1945,225804.6000
1946,225804.6000
1947,225804.6000
1948,225804.6000
1949,225804.6000
1950,225804.6000
1951,225804.6000
1952,225804.6000
1953,225804.6000
1954,225804.6000
1955,225804.6000
1956,225804.6000
1957,225804.6000
1958,225804.6000
1959,225804.6000
1960,225804.6000
1961,225804.6000
1962,225804.6000
1963,225804.6000
1964,225804.6000
1965,225804.6000
1966,225804.6000
1967,225804.6000
1968,225804.6000
1969,225804.6000
1970,225804.6000
1971,225804.6000
1972,225804.6000
1973,225804.6000
1974,225804.6000
1975,225804.6000
1976,225804.6000
1977,225804.6000
1978,225804.6000
1979,225804.6000
1980,225804.6000
1981,225804.6000
1982,225804.6000
1983,225804.6000
1984,225804.6000
1985,225804.6000
1986,225804.6000
1987,225804.6000
1988,225804.6000
1989,225804.6000
1990,225804.6000
1991,225804.6000
1992,225804.6000
1993,225804.6000
1994,225804.6000
1995,225804.6000
1996,225804.6000
1997,225804.6000
1998,225804.6000
1999,225804.6000
2000,225804.6000
2001,225804.6000
2002,225804.6000
2003,225804.6000
2004,225804.6000
2005,225804.6000
2006,225804.6000
2007,225804.6000
2008,225804.6000
2009,225804.6000
2010,225804.6000
2011,225804.6000
2012,225804.6000
2013,225804.6000
2014,225804.6000
2015,225804.6000
2016,225804.6000
2017,225804.6000
2018,225804.6000
2019,225804.6000
2020,225804.6000
2021,225804.6000
2022,225804.6000
2023,225804.6000
2024,225804.6000
2025,225804.6000
2026,225804.6000
2027,225804.6000
2028,225804.6000
2029,225804.6000
2030,225804.6000
2031,225804.6000
2032,225804.6000
2033,225804.6000
2034,225804.6000
2035,225804.6000
2036,225804.6000
2037,225804.6000
2038,225804.6000
2039,225804.6000
2040,225804.6000
2041,225804.6000
2042,225804.6000
2043,225804.6000
2044,225804.6000
2045,225804.6000
2046,225804.6000
2047,225804.6000
2048,225804.6000
2049,225804.6000
2050,225804.6000
2051,225804.6000
2052,225804.6000
2053,225804.6000
2054,225804.6000
2055,225804.6000
2056,225804.6000
2057,225804.6000
2058,225804.6000
2059,225804.6000
2060,225804.6000
2061,225804.6000
2062,225804.6000
2063,225804.6000
2064,225804.6000
2065,225804.6000
2066,225804.6000
2067,225804.6000
2068,225804.6000
2069,225804.6000
2070,225804.6000
2071,225804.6000
2072,225804.6000
2073,225804.6000
2074,225804.6000
2075,225804.6000
2076,225804.6000
2077,225804.6000
2078,225804.6000
2079,225804.6000
2080,225804.6000
2081,225804.6000
2082,225804.6000
2083,225804.6000
2084,225804.6000
2085,225804.6000
2086,225804.6000
2087,225804.6000
2088,225804.6000
2089,225804.6000
2090,225804.6000
2091,225804.6000
2092,225804.6000
2093,225804.6000
2094,225804.6000
2095,225804.6000
2096,225804.6000
2097,225804.6000
2098,225804.6000
2099,225804.6000
2100,225804.6000
2101,225804.6000
2102,225804.6000
2103,225804.6000
2104,225804.6000
2105,225804.6000
2106,225804.6000
2107,225804.6000
2108,225804.6000
2109,225804.6000
2110,225804.6000
2111,225804.6000
2112,225804.6000
2113,225804.6000
2114,225804.6000
2115,225804.6000
2116,225804.6000
2117,225804.6000
2118,225804.6000
2119,225804.6000
2120,225804.6000
2121,225804.6000
2122,225804.6000
2123,225804.6000
2124,225804.6000
2125,225804.6000
2126,225804.6000
2127,225804.6000
2128,225804.6000
2129,225804.6000
2130,225804.6000
2131,225804.6000
2132,225804.6000
2133,225804.6000
2134,225804.6000
2135,225804.6000
2136,225804.6000
2137,225804.6000
2138,225804.6000
2139,225804.6000
2140,225804.6000
2141,225804.6000
2142,225804.6000
2143,225804.6000
2144,225804.6000
2145,225804.6000
2146,225804.6000
2147,225804.6000
2148,225804.6000
2149,225804.6000
2150,225804.6000
2151,225804.6000
2152,225804.6000
2153,225804.6000
2154,225804.6000
2155,225804.6000
2156,225804.6000
2157,225804.6000
2158,225804.6000
2159,225804.6000
2160,225804.6000
2161,225804.6000
2162,225804.6000
2163,225804.6000
2164,225804.6000
2165,225804.6000
2166,225804.6000
2167,225804.6000
2168,225804.6000
2169,225804.6000
2170,225804.6000
2171,225804.6000
2172,225804.6000
2173,225804.6000
2174,225804.6000
2175,225804.6000
2176,225804.6000
2177,225804.6000
2178,225804.6000
2179,225804.6000
2180,225804.6000
2181,225804.6000
2182,225804.6000
2183,225804.6000
2184,225804.6000
2185,225804.6000
2186,225804.6000
2187,225804.6000
2188,225804.6000
2189,225804.6000
2190,225804.6000
2191,225804.6000
2192,225804.6000
2193,225804.6000
2194,225804.6000
2195,225804.6000
2196,225804.6000
2197,225804.6000
2198,225804.6000
2199,225804.6000
2200,225804.6000
2201,225804.6000
2202,225804.6000
2203,225804.6000
2204,225804.6000
2205,225804.6000
2206,225804.6000
2207,225804.6000
2208,225804.6000
2209,225804.6000
2210,225804.6000
2211,225804.6000
2212,225804.6000
2213,225804.6000
2214,225804.6000
2215,225804.6000
2216,225804.6000
2217,225804.6000
2218,225804.6000
2219,225804.6000
2220,225804.6000
2221,225804.6000
2222,225804.6000
2223,225804.6000
2224,225804.6000
2225,225804.6000
2226,225804.6000
2227,225804.6000
2228,225804.6000
2229,225804.6000
2230,225804.6000
2231,225804.6000
2232,225804.6000
2233,225804.6000
2234,225804.6000
2235,225804.6000
2236,225804.6000
2237,225804.6000
2238,225804.6000
2239,225804.6000
2240,225804.6000
2241,225804.6000
2242,225804.6000
2243,225804.6000
2244,225804.6000
2245,225804.6000
2246,225804.6000
2247,225804.6000
2248,225804.6000
2249,225804.6000
2250,225804.6000
2251,225804.6000
2252,225804.6000
2253,225804.6000
2254,225804.6000
2255,225804.6000
2256,225804.6000
2257,225804.6000
2258,225804.6000
2259,225804.6000
2260,225804.6000
2261,225804.6000
2262,225804.6000
2263,225804.6000
2264,225804.6000
2265,225804.6000
2266,225804.6000
2267,225804.6000
2268,225804.6000
2269,225804.6000
2270,225804.6000
2271,225804.6000
2272,225804.6000
2273,225804.6000
2274,225804.6000
2275,225804.6000
2276,225804.6000
2277,225804.6000
2278,225804.6000
2279,225804.6000
2280,225804.6000
2281,225804.6000
2282,225804.6000
2283,225804.6000
2284,225804.6000
2285,225804.6000
2286,225804.6000
2287,225804.6000
2288,225804.6000
2289,225804.6000
2290,225804.6000
2291,225804.6000
2292,225804.6000
2293,225804.6000
2294,225804.6000
2295,225804.6000
2296,225804.6000
2297,225804.6000
2298,225804.6000
2299,225804.6000
2300,225804.6000
2301,225804.6000
2302,225804.6000
2303,225804.6000
2304,225804.6000
2305,225804.6000
2306,225804.6000
2307,225804.6000
2308,225804.6000
2309,225804.6000
2310,225804.6000
2311,225804.6000
2312,225804.6000
2313,225804.6000
2314,225804.6000
2315,225804.6000
2316,225804.6000
2317,225804.6000
2318,225804.6000
2319,225804.6000
2320,225804.6000
2321,225804.6000
2322,225804.6000
2323,225804.6000
2324,225804.6000
2325,225804.6000
2326,225804.6000
2327,225804.6000
2328,225804.6000
2329,225804.6000
2330,225804.6000
2331,225804.6000
2332,225804.6000
2333,225804.6000
2334,225804.6000
2335,225804.6000
2336,225804.6000
2337,225804.6000
2338,225804.6000
2339,225804.6000
2340,225804.6000
2341,225804.6000
2342,225804.6000
2343,225804.6000
2344,225804.6000
2345,225804.6000
2346,225804.6000
2347,225804.6000
2348,225804.6000
2349,225804.6000
2350,225804.6000
2351,225804.6000
2352,225804.6000
2353,225804.6000
2354,225804.6000
2355,225804.6000
2356,225804.6000
2357,225804.6000
2358,225804.6000
2359,225804.6000
2360,225804.6000
2361,225804.6000
2362,225804.6000
2363,225804.6000
2364,225804.6000
2365,225804.6000
2366,225804.6000
2367,225804.6000
2368,225804.6000
2369,225804.6000
2370,225804.6000
2371,225804.6000
2372,225804.6000
2373,225804.6000
2374,225804.6000
2375,225804.6000
2376,225804.6000
2377,225804.6000
2378,225804.6000
2379,225804.6000
2380,225804.6000
2381,225804.6000
2382,225804.6000
2383,225804.6000
2384,225804.6000
2385,225804.6000
2386,225804.6000
2387,225804.6000
2388,225804.6000
2389,225804.6000
2390,225804.6000
2391,225804.6000
2392,225804.6000
2393,225804.6000
2394,225804.6000
2395,225804.6000
2396,225804.6000
2397,225804.6000
2398,225804.6000
2399,225804.6000
2400,225804.6000
2401,225804.6000
2402,225804.6000
2403,225804.6000
2404,225804.6000
2405,225804.6000
2406,225804.6000
2407,225804.6000
2408,225804.6000
2409,225804.6000
2410,225804.6000
2411,225804.6000
2412,225804.6000
2413,225804.6000
2414,225804.6000
2415,225804.6000
2416,225804.6000
2417,225804.6000
2418,225804.6000
2419,225804.6000
2420,225804.6000
2421,225804.6000
2422,225804.6000
2423,225804.6000
2424,225804.6000
2425,225804.6000
2426,225804.6000
2427,225804.6000
2428,225804.6000
2429,225804.6000
2430,225804.6000
2431,225804.6000
2432,225804.6000
2433,225804.6000
2434,225804.6000
2435,225804.6000
2436,225804.6000
2437,225804.6000
2438,225804.6000
2439,225804.6000
2440,225804.6000
2441,225804.6000
2442,225804.6000
2443,225804.6000
2444,225804.6000
2445,225804.6000
2446,225804.6000
2447,225804.6000
2448,225804.6000
2449,225804.6000
2450,225804.6000
2451,225804.6000
2452,225804.6000
2453,225804.6000
2454,225804.6000
2455,225804.6000
2456,225804.6000
2457,225804.6000
2458,225804.6000
2459,225804.6000
2460,225804.6000
2461,225804.6000
2462,225804.6000
2463,225804.6000
2464,225804.6000
2465,225804.6000
2466,225804.6000
2467,225804.6000
2468,225804.6000
2469,225804.6000
2470,225804.6000
2471,225804.6000
2472,225804.6000
2473,225804.6000
2474,225804.6000
2475,225804.6000
2476,225804.6000
2477,225804.6000
2478,225804.6000
2479,225804.6000
2480,225804.6000
2481,225804.6000
2482,225804.6000
2483,225804.6000
2484,225804.6000
2485,225804.6000
2486,225804.6000
2487,225804.6000
2488,225804.6000
2489,225804.6000
2490,225804.6000
2491,225804.6000
2492,225804.6000
2493,225804.6000
2494,225804.6000
2495,225804.6000
2496,225804.6000
2497,225804.6000
2498,225804.6000
2499,225804.6000
2500,225804.6000
2501,225804.6000
2502,225804.6000
2503,225804.6000
2504,225804.6000
2505,225804.6000
2506,225804.6000
2507,225804.6000
2508,225804.6000
2509,225804.6000
2510,225804.6000
2511,225804.6000
2512,225804.6000
2513,225804.6000
2514,225804.6000
2515,225804.6000
2516,225804.6000
2517,225804.6000
2518,225804.6000
2519,225804.6000
2520,225804.6000
2521,225804.6000
2522,225804.6000
2523,225804.6000
2524,225804.6000
2525,225804.6000
2526,225804.6000
2527,225804.6000
2528,225804.6000
2529,225804.6000
2530,225804.6000
2531,225804.6000
2532,225804.6000
2533,225804.6000
2534,225804.6000
2535,225804.6000
2536,225804.6000
2537,225804.6000
2538,225804.6000
2539,225804.6000
2540,225804.6000
2541,225804.6000
2542,225804.6000
2543,225804.6000
2544,225804.6000
2545,225804.6000
2546,225804.6000
2547,225804.6000
2548,225804.6000
2549,225804.6000
2550,225804.6000
2551,225804.6000
2552,225804.6000
2553,225804.6000
2554,225804.6000
2555,225804.6000
2556,225804.6000
2557,225804.6000
2558,225804.6000
2559,225804.6000
2560,225804.6000
2561,225804.6000
2562,225804.6000
2563,225804.6000
2564,225804.6000
2565,225804.6000
2566,225804.6000
2567,225804.6000
2568,225804.6000
2569,225804.6000
2570,225804.6000
2571,225804.6000
2572,225804.6000
2573,225804.6000
2574,225804.6000
2575,225804.6000
2576,225804.6000
2577,225804.6000
2578,225804.6000
2579,225804.6000
2580,225804.6000
2581,225804.6000
2582,225804.6000
2583,225804.6000
2584,225804.6000
2585,225804.6000
2586,225804.6000
2587,225804.6000
2588,225804.6000
2589,225804.6000
2590,225804.6000
2591,225804.6000
2592,225804.6000
2593,225804.6000
2594,225804.6000
2595,225804.6000
2596,225804.6000
2597,225804.6000
2598,225804.6000
2599,225804.6000
2600,225804.6000
2601,225804.6000
2602,225804.6000
2603,225804.6000
2604,225804.6000
2605,225804.6000
2606,225804.6000
2607,225804.6000
2608,225804.6000
2609,225804.6000
2610,225804.6000
2611,225804.6000
2612,225804.6000
2613,225804.6000
2614,225804.6000
2615,225804.6000
2616,225804.6000
2617,225804.6000
2618,225804.6000
2619,225804.6000
2620,225804.6000
2621,225804.6000
2622,225804.6000
2623,225804.6000
2624,225804.6000
2625,225804.6000
2626,225804.6000
2627,225804.6000
2628,225804.6000
2629,225804.6000
2630,225804.6000
2631,225804.6000
2632,225804.6000
2633,225804.6000
2634,225804.6000
2635,225804.6000
2636,225804.6000
2637,225804.6000
2638,225804.6000
2639,225804.6000
2640,225804.6000
2641,225804.6000
2642,225804.6000
2643,225804.6000
2644,225804.6000
2645,225804.6000
2646,225804.6000
2647,225804.6000
2648,225804.6000
2649,225804.6000
2650,225804.6000
2651,225804.6000
2652,225804.6000
2653,225804.6000
2654,225804.6000
2655,225804.6000
2656,225804.6000
2657,225804.6000
2658,225804.6000
2659,225804.6000
2660,225804.6000
2661,225804.6000
2662,225804.6000
2663,225804.6000
2664,225804.6000
2665,225804.6000
2666,225804.6000
2667,225804.6000
2668,225804.6000
2669,225804.6000
2670,225804.6000
2671,225804.6000
2672,225804.6000
2673,225804.6000
2674,225804.6000
2675,225804.6000
2676,225804.6000
2677,225804.6000
2678,225804.6000
2679,225804.6000
2680,225804.6000
2681,225804.6000
2682,225804.6000
2683,225804.6000
2684,225804.6000
2685,225804.6000
2686,225804.6000
2687,225804.6000
2688,225804.6000
2689,225804.6000
2690,225804.6000
2691,225804.6000
2692,225804.6000
2693,225804.6000
2694,225804.6000
2695,225804.6000
2696,225804.6000
2697,225804.6000
2698,225804.6000
2699,225804.6000
2700,225804.6000
2701,225804.6000
2702,225804.6000
2703,225804.6000
2704,225804.6000
2705,225804.6000
2706,225804.6000
2707,225804.6000
2708,225804.6000
2709,225804.6000
2710,225804.6000
2711,225804.6000
2712,225804.6000
2713,225804.6000
2714,225804.6000
2715,225804.6000
2716,225804.6000
2717,225804.6000
2718,225804.6000
2719,225804.6000
2720,225804.6000
2721,225804.6000
2722,225804.6000
2723,225804.6000
2724,225804.6000
2725,225804.6000
2726,225804.6000
2727,225804.6000
2728,225804.6000
2729,225804.6000
2730,225804.6000
2731,225804.6000
2732,225804.6000
2733,225804.6000
2734,225804.6000
2735,225804.6000
2736,225804.6000
2737,225804.6000
2738,225804.6000
2739,225804.6000
2740,225804.6000
2741,225804.6000
2742,225804.6000
2743,225804.6000
2744,225804.6000
2745,225804.6000
2746,225804.6000
2747,225804.6000
2748,225804.6000
2749,225804.6000
2750,225804.6000
2751,225804.6000
2752,225804.6000
2753,225804.6000
2754,225804.6000
2755,225804.6000
2756,225804.6000
2757,225804.6000
2758,225804.6000
2759,225804.6000
2760,225804.6000
2761,225804.6000
2762,225804.6000
2763,225804.6000
2764,225804.6000
2765,225804.6000
2766,225804.6000
2767,225804.6000
2768,225804.6000
2769,225804.6000
2770,225804.6000
2771,225804.6000
2772,225804.6000
2773,225804.6000
2774,225804.6000
2775,225804.6000
2776,225804.6000
2777,225804.6000
2778,225804.6000
2779,225804.6000
2780,225804.6000
2781,225804.6000
2782,225804.6000
2783,225804.6000
2784,225804.6000
2785,225804.6000
2786,225804.6000
2787,225804.6000
2788,225804.6000
2789,225804.6000
2790,225804.6000
2791,225804.6000
2792,225804.6000
2793,225804.6000
2794,225804.6000
2795,225804.6000
2796,225804.6000
2797,225804.6000
2798,225804.6000
2799,225804.6000
2800,225804.6000
2801,225804.6000
2802,225804.6000
2803,225804.6000
2804,225804.6000
2805,225804.6000
2806,225804.6000
2807,225804.6000
2808,225804.6000
2809,225804.6000
2810,225804.6000
2811,225804.6000
2812,225804.6000
2813,225804.6000
2814,225804.6000
2815,225804.6000
2816,225804.6000
2817,225804.6000
2818,225804.6000
2819,225804.6000
2820,225804.6000
2821,225804.6000
2822,225804.6000
2823,225804.6000
2824,225804.6000
2825,225804.6000
2826,225804.6000
2827,225804.6000
2828,225804.6000
2829,225804.6000
2830,225804.6000
2831,225804.6000
2832,225804.6000
2833,225804.6000
2834,225804.6000
2835,225804.6000
2836,225804.6000
2837,225804.6000
2838,225804.6000
2839,225804.6000
2840,225804.6000
2841,225804.6000
2842,225804.6000
2843,225804.6000
2844,225804.6000
2845,225804.6000
2846,225804.6000
2847,225804.6000
2848,225804.6000
2849,225804.6000
2850,225804.6000
2851,225804.6000
2852,225804.6000
2853,225804.6000
2854,225804.6000
2855,225804.6000
2856,225804.6000
2857,225804.6000
2858,225804.6000
2859,225804.6000
2860,225804.6000
2861,225804.6000
2862,225804.6000
2863,225804.6000
2864,225804.6000
2865,225804.6000
2866,225804.6000
2867,225804.6000
2868,225804.6000
2869,225804.6000
2870,225804.6000
2871,225804.6000
2872,225804.6000
2873,225804.6000
2874,225804.6000
2875,225804.6000
2876,225804.6000
2877,225804.6000
2878,225804.6000
2879,225804.6000
2880,225804.6000
2881,225804.6000
2882,225804.6000
2883,225804.6000
2884,225804.6000
2885,225804.6000
2886,225804.6000
2887,225804.6000
2888,225804.6000
2889,225804.6000
2890,225804.6000
2891,225804.6000
2892,225804.6000
2893,225804.6000
2894,225804.6000
2895,225804.6000
2896,225804.6000
2897,225804.6000
2898,225804.6000
2899,225804.6000
2900,225804.6000
2901,225804.6000
2902,225804.6000
2903,225804.6000
2904,225804.6000
2905,225804.6000
2906,225804.6000
2907,225804.6000
2908,225804.6000
2909,225804.6000
2910,225804.6000
2911,225804.6000
2912,225804.6000
2913,225804.6000
2914,225804.6000
2915,225804.6000
2916,225804.6000
2917,225804.6000
2918,225804.6000
2919,225804.6000
2920,225804.6000
2921,225804.6000
2922,225804.6000
2923,225804.6000
2924,225804.6000
2925,225804.6000
2926,225804.6000
2927,225804.6000
2928,225804.6000
2929,225804.6000
2930,225804.6000
2931,225804.6000
2932,225804.6000
2933,225804.6000
2934,225804.6000
2935,225804.6000
2936,225804.6000
2937,225804.6000
2938,225804.6000
2939,225804.6000
2940,225804.6000
2941,225804.6000
2942,225804.6000
2943,225804.6000
2944,225804.6000
2945,225804.6000
2946,225804.6000
2947,225804.6000
2948,225804.6000
2949,225804.6000
2950,225804.6000
2951,225804.6000
2952,225804.6000
2953,225804.6000
2954,225804.6000
2955,225804.6000
2956,225804.6000
2957,225804.6000
2958,225804.6000
2959,225804.6000
2960,225804.6000
2961,225804.6000
2962,225804.6000
2963,225804.6000
2964,225804.6000
2965,225804.6000
2966,225804.6000
2967,225804.6000
2968,225804.6000
2969,225804.6000
2970,225804.6000
2971,225804.6000
2972,225804.6000
2973,225804.6000
2974,225804.6000
2975,225804.6000
2976,225804.6000
2977,225804.6000
2978,225804.6000
2979,225804.6000
2980,225804.6000
2981,225804.6000
2982,225804.6000
2983,225804.6000
2984,225804.6000
2985,225804.6000
2986,225804.6000
2987,225804.6000
2988,225804.6000
2989,225804.6000
2990,225804.6000
2991,225804.6000
2992,225804.6000
2993,225804.6000
2994,225804.6000
2995,225804.6000
2996,225804.6000
2997,225804.6000
2998,225804.6000
2999,225804.6000
3000,225804.6000
3001,225804.6000
3002,225804.6000
3003,225804.6000
3004,225804.6000
3005,225804.6000
3006,225804.6000
3007,225804.6000
3008,225804.6000
3009,225804.6000
3010,225804.6000
3011,225804.6000
3012,225804.6000
3013,225804.6000
3014,225804.6000
3015,225804.6000
3016,225804.6000
3017,225804.6000
3018,225804.6000
3019,225804.6000
3020,225804.6000
3021,225804.6000
3022,225804.6000
3023,225804.6000
3024,225804.6000
3025,225804.6000
3026,225804.6000
3027,225804.6000
3028,225804.6000
3029,225804.6000
3030,225804.6000
3031,225804.6000
3032,225804.6000
3033,225804.6000
3034,225804.6000
3035,225804.6000
3036,225804.6000
3037,225804.6000
3038,225804.6000
3039,225804.6000
3040,225804.6000
3041,225804.6000
3042,225804.6000
3043,225804.6000
3044,225804.6000
3045,225804.6000
3046,225804.6000
3047,225804.6000
3048,225804.6000
3049,225804.6000
3050,225804.6000
3051,225804.6000
3052,225804.6000
3053,225804.6000
3054,225804.6000
3055,225804.6000
3056,225804.6000
3057,225804.6000
3058,225804.6000
3059,225804.6000
3060,225804.6000
3061,225804.6000
3062,225804.6000
3063,225804.6000
3064,225804.6000
3065,225804.6000
3066,225804.6000
3067,225804.6000
3068,225804.6000
3069,225804.6000
3070,225804.6000
3071,225804.6000
3072,225804.6000
3073,225804.6000
3074,225804.6000
3075,225804.6000
3076,225804.6000
3077,225804.6000
3078,225804.6000
3079,225804.6000
3080,225804.6000
3081,225804.6000
3082,225804.6000
3083,225804.6000
3084,225804.6000
3085,225804.6000
3086,225804.6000
3087,225804.6000
3088,225804.6000
3089,225804.6000
3090,225804.6000
3091,225804.6000
3092,225804.6000
3093,225804.6000
3094,225804.6000
3095,225804.6000
3096,225804.6000
3097,225804.6000
3098,225804.6000
3099,225804.6000
3100,225804.6000
3101,225804.6000
3102,225804.6000
3103,225804.6000
3104,225804.6000
3105,225804.6000
3106,225804.6000
3107,225804.6000
3108,225804.6000
3109,225804.6000
3110,225804.6000
3111,225804.6000
3112,225804.6000
3113,225804.6000
3114,225804.6000
3115,225804.6000
3116,225804.6000
3117,225804.6000
3118,225804.6000
3119,225804.6000
3120,225804.6000
3121,225804.6000
3122,225804.6000
3123,225804.6000
3124,225804.6000
3125,225804.6000
3126,225804.6000
3127,225804.6000
3128,225804.6000
3129,225804.6000
3130,225804.6000
3131,225804.6000
3132,225804.6000
3133,225804.6000
3134,225804.6000
3135,225804.6000
3136,225804.6000
3137,225804.6000
3138,225804.6000
3139,225804.6000
3140,225804.6000
3141,225804.6000
3142,225804.6000
3143,225804.6000
3144,225804.6000
3145,225804.6000
3146,225804.6000
3147,225804.6000
3148,225804.6000
3149,225804.6000
3150,225804.6000
3151,225804.6000
3152,225804.6000
3153,225804.6000
3154,225804.6000
3155,225804.6000
3156,225804.6000
3157,225804.6000
3158,225804.6000
3159,225804.6000
3160,225804.6000
3161,225804.6000
3162,225804.6000
3163,225804.6000
3164,225804.6000
3165,225804.6000
3166,225804.6000
3167,225804.6000
3168,225804.6000
3169,225804.6000
3170,225804.6000
3171,225804.6000
3172,225804.6000
3173,225804.6000
3174,225804.6000
3175,225804.6000
3176,225804.6000
3177,225804.6000
3178,225804.6000
3179,225804.6000
3180,225804.6000
3181,225804.6000
3182,225804.6000
3183,225804.6000
3184,225804.6000
3185,225804.6000
3186,225804.6000
3187,225804.6000
3188,225804.6000
3189,225804.6000
3190,225804.6000
3191,225804.6000
3192,225804.6000
3193,225804.6000
3194,225804.6000
3195,225804.6000
3196,225804.6000
3197,225804.6000
3198,225804.6000
3199,225804.6000
3200,225804.6000
3201,225804.6000
3202,225804.6000
3203,225804.6000
3204,225804.6000
3205,225804.6000
3206,225804.6000
3207,225804.6000
3208,225804.6000
3209,225804.6000
3210,225804.6000
3211,225804.6000
3212,225804.6000
3213,225804.6000
3214,225804.6000
3215,225804.6000
3216,225804.6000
3217,225804.6000
3218,225804.6000
3219,225804.6000
3220,225804.6000
3221,225804.6000
3222,225804.6000
3223,225804.6000
3224,225804.6000
3225,225804.6000
3226,225804.6000
3227,225804.6000
3228,225804.6000
3229,225804.6000
3230,225804.6000
3231,225804.6000
3232,225804.6000
3233,225804.6000
3234,225804.6000
3235,225804.6000
3236,225804.6000
3237,225804.6000
3238,225804.6000
3239,225804.6000
3240,225804.6000
3241,225804.6000
3242,225804.6000
3243,225804.6000
3244,225804.6000
3245,225804.6000
3246,225804.6000
3247,225804.6000
3248,225804.6000
3249,225804.6000
3250,225804.6000
3251,225804.6000
3252,225804.6000
3253,225804.6000
3254,225804.6000
3255,225804.6000
3256,225804.6000
3257,225804.6000
3258,225804.6000
3259,225804.6000
3260,225804.6000
3261,225804.6000
3262,225804.6000
3263,225804.6000
3264,225804.6000
3265,225804.6000
3266,225804.6000
3267,225804.6000
3268,225804.6000
3269,225804.6000
3270,225804.6000
3271,225804.6000
3272,225804.6000
3273,225804.6000
3274,225804.6000
3275,225804.6000
3276,225804.6000
3277,225804.6000
3278,225804.6000
3279,225804.6000
3280,225804.6000
3281,225804.6000
3282,225804.6000
3283,225804.6000
3284,225804.6000
3285,225804.6000
3286,225804.6000
3287,225804.6000
3288,225804.6000
3289,225804.6000
3290,225804.6000
3291,225804.6000
3292,225804.6000
3293,225804.6000
3294,225804.6000
3295,225804.6000
3296,225804.6000
3297,225804.6000
3298,225804.6000
3299,225804.6000
3300,225804.6000
3301,225804.6000
3302,225804.6000
3303,225804.6000
3304,225804.6000
3305,225804.6000
3306,225804.6000
3307,225804.6000
3308,225804.6000
3309,225804.6000
3310,225804.6000
3311,225804.6000
3312,225804.6000
3313,225804.6000
3314,225804.6000
3315,225804.6000
3316,225804.6000
3317,225804.6000
3318,225804.6000
3319,225804.6000
3320,225804.6000
3321,225804.6000
3322,225804.6000
3323,225804.6000
3324,225804.6000
3325,225804.6000
3326,225804.6000
3327,225804.6000
3328,225804.6000
3329,225804.6000
3330,225804.6000
3331,225804.6000
3332,225804.6000
3333,225804.6000
3334,225804.6000
3335,225804.6000
3336,225804.6000
3337,225804.6000
3338,225804.6000
3339,225804.6000
3340,225804.6000
3341,225804.6000
3342,225804.6000
3343,225804.6000
3344,225804.6000
3345,225804.6000
3346,225804.6000
3347,225804.6000
3348,225804.6000
3349,225804.6000
3350,225804.6000
3351,225804.6000
3352,225804.6000
3353,225804.6000
3354,225804.6000
3355,225804.6000
3356,225804.6000
3357,225804.6000
3358,225804.6000
3359,225804.6000
3360,225804.6000
3361,225804.6000
3362,225804.6000
3363,225804.6000
3364,225804.6000
3365,225804.6000
3366,225804.6000
3367,225804.6000
3368,225804.6000
3369,225804.6000
3370,225804.6000
3371,225804.6000
3372,225804.6000
3373,225804.6000
3374,225804.6000
3375,225804.6000
3376,225804.6000
3377,225804.6000
3378,225804.6000
3379,225804.6000
3380,225804.6000
3381,225804.6000
3382,225804.6000
3383,225804.6000
3384,225804.6000
3385,225804.6000
3386,225804.6000
3387,225804.6000
3388,225804.6000
3389,225804.6000
3390,225804.6000
3391,225804.6000
3392,225804.6000
3393,225804.6000
3394,225804.6000
3395,225804.6000
3396,225804.6000
3397,225804.6000
3398,225804.6000
3399,225804.6000
3400,225804.6000
3401,225804.6000
3402,225804.6000
3403,225804.6000
3404,225804.6000
3405,225804.6000
3406,225804.6000
3407,225804.6000
3408,225804.6000
3409,225804.6000
3410,225804.6000
3411,225804.6000
3412,225804.6000
3413,225804.6000
3414,225804.6000
3415,225804.6000
3416,225804.6000
3417,225804.6000
3418,225804.6000
3419,225804.6000
3420,225804.6000
3421,225804.6000
3422,225804.6000
3423,225804.6000
3424,225804.6000
3425,225804.6000
3426,225804.6000
3427,225804.6000
3428,225804.6000
3429,225804.6000
3430,225804.6000
3431,225804.6000
3432,225804.6000
3433,225804.6000
3434,225804.6000
3435,225804.6000
3436,225804.6000
3437,225804.6000
3438,225804.6000
3439,225804.6000
3440,225804.6000
3441,225804.6000
3442,225804.6000
3443,225804.6000
3444,225804.6000
3445,225804.6000
3446,225804.6000
3447,225804.6000
3448,225804.6000
3449,225804.6000
3450,225804.6000
3451,225804.6000
3452,225804.6000
3453,225804.6000
3454,225804.6000
3455,225804.6000
3456,225804.6000
3457,225804.6000
3458,225804.6000
3459,225804.6000
3460,225804.6000
3461,225804.6000
3462,225804.6000
3463,225804.6000
3464,225804.6000
3465,225804.6000
3466,225804.6000
3467,225804.6000
3468,225804.6000
3469,225804.6000
3470,225804.6000
3471,225804.6000
3472,225804.6000
3473,225804.6000
3474,225804.6000
3475,225804.6000
3476,225804.6000
3477,225804.6000
3478,225804.6000
3479,225804.6000
3480,225804.6000
3481,225804.6000
3482,225804.6000
3483,225804.6000
3484,225804.6000
3485,225804.6000
3486,225804.6000
3487,225804.6000
3488,225804.6000
3489,225804.6000
3490,225804.6000
3491,225804.6000
3492,225804.6000
3493,225804.6000
3494,225804.6000
3495,225804.6000
3496,225804.6000
3497,225804.6000
3498,225804.6000
3499,225804.6000
3500,225804.6000
3501,225804.6000
3502,225804.6000
3503,225804.6000
3504,225804.6000
3505,225804.6000
3506,225804.6000
3507,225804.6000
3508,225804.6000
3509,225804.6000
3510,225804.6000
3511,225804.6000
3512,225804.6000
3513,225804.6000
3514,225804.6000
3515,225804.6000
3516,225804.6000
3517,225804.6000
3518,225804.6000
3519,225804.6000
3520,225804.6000
3521,225804.6000
3522,225804.6000
3523,225804.6000
3524,225804.6000
3525,225804.6000
3526,225804.6000
3527,225804.6000
3528,225804.6000
3529,225804.6000
3530,225804.6000
3531,225804.6000
3532,225804.6000
3533,225804.6000
3534,225804.6000
3535,225804.6000
3536,225804.6000
3537,225804.6000
3538,225804.6000
3539,225804.6000
3540,225804.6000
3541,225804.6000
3542,225804.6000
3543,225804.6000
3544,225804.6000
3545,225804.6000
3546,225804.6000
3547,225804.6000
3548,225804.6000
3549,225804.6000
3550,225804.6000
3551,225804.6000
3552,225804.6000
3553,225804.6000
3554,225804.6000
3555,225804.6000
3556,225804.6000
3557,225804.6000
3558,225804.6000
3559,225804.6000
3560,225804.6000
3561,225804.6000
3562,225804.6000
3563,225804.6000
3564,225804.6000
3565,225804.6000
3566,225804.6000
3567,225804.6000
3568,225804.6000
3569,225804.6000
3570,225804.6000
3571,225804.6000
3572,225804.6000
3573,225804.6000
3574,225804.6000
3575,225804.6000
3576,225804.6000
3577,225804.6000
3578,225804.6000
3579,225804.6000
3580,225804.6000
3581,225804.6000
3582,225804.6000
3583,225804.6000
3584,225804.6000
3585,225804.6000
3586,225804.6000
3587,225804.6000
3588,225804.6000
3589,225804.6000
3590,225804.6000
3591,225804.6000
3592,225804.6000
3593,225804.6000
3594,225804.6000
3595,225804.6000
3596,225804.6000
3597,225804.6000
3598,225804.6000
3599,225804.6000
3600,225804.6000
3601,225804.6000
3602,225804.6000
3603,225804.6000
3604,225804.6000
3605,225804.6000
3606,225804.6000
3607,225804.6000
3608,225804.6000
3609,225804.6000
3610,225804.6000
3611,225804.6000
3612,225804.6000
3613,225804.6000
3614,225804.6000
3615,225804.6000
3616,225804.6000
3617,225804.6000
3618,225804.6000
3619,225804.6000
3620,225804.6000
3621,225804.6000
3622,225804.6000
3623,225804.6000
3624,225804.6000
3625,225804.6000
3626,225804.6000
3627,225804.6000
3628,225804.6000
3629,225804.6000
3630,225804.6000
3631,225804.6000
3632,225804.6000
3633,225804.6000
3634,225804.6000
3635,225804.6000
3636,225804.6000
3637,225804.6000
3638,225804.6000
3639,225804.6000
3640,225804.6000
3641,225804.6000
3642,225804.6000
3643,225804.6000
3644,225804.6000
3645,225804.6000
3646,225804.6000
3647,225804.6000
3648,225804.6000
3649,225804.6000
3650,225804.6000
3651,225804.6000
3652,225804.6000
3653,225804.6000
3654,225804.6000
3655,225804.6000
3656,225804.6000
3657,225804.6000
3658,225804.6000
3659,225804.6000
3660,225804.6000
3661,225804.6000
3662,225804.6000
3663,225804.6000
3664,225804.6000
3665,225804.6000
3666,225804.6000
3667,225804.6000
3668,225804.6000
3669,225804.6000
3670,225804.6000
3671,225804.6000
3672,225804.6000
3673,225804.6000
3674,225804.6000
3675,225804.6000
3676,225804.6000
3677,225804.6000
3678,225804.6000
3679,225804.6000
3680,225804.6000
3681,225804.6000
3682,225804.6000
3683,225804.6000
3684,225804.6000
3685,225804.6000
3686,225804.6000
3687,225804.6000
3688,225804.6000
3689,225804.6000
3690,225804.6000
3691,225804.6000
3692,225804.6000
3693,225804.6000
3694,225804.6000
3695,225804.6000
3696,225804.6000
3697,225804.6000
3698,225804.6000
3699,225804.6000
3700,225804.6000
3701,225804.6000
3702,225804.6000
3703,225804.6000
3704,225804.6000
3705,225804.6000
3706,225804.6000
3707,225804.6000
3708,225804.6000
3709,225804.6000
3710,225804.6000
3711,225804.6000
3712,225804.6000
3713,225804.6000
3714,225804.6000
3715,225804.6000
3716,225804.6000
3717,225804.6000
3718,225804.6000
3719,225804.6000
3720,225804.6000
3721,225804.6000
3722,225804.6000
3723,225804.6000
3724,225804.6000
3725,225804.6000
3726,225804.6000
3727,225804.6000
3728,225804.6000
3729,225804.6000
3730,225804.6000
3731,225804.6000
3732,225804.6000
3733,225804.6000
3734,225804.6000
3735,225804.6000
3736,225804.6000
3737,225804.6000
3738,225804.6000
3739,225804.6000
3740,225804.6000
3741,225804.6000
3742,225804.6000
3743,225804.6000
3744,225804.6000
3745,225804.6000
3746,225804.6000
3747,225804.6000
3748,225804.6000
3749,225804.6000
3750,225804.6000
3751,225644.0000
3752,225644.0000
3753,225644.0000
3754,225644.0000
3755,225644.0000
3756,225644.0000
3757,225644.0000
3758,225644.0000
3759,225644.0000
3760,225644.0000
3761,225644.0000
3762,225644.0000
3763,225644.0000
3764,225644.0000
3765,225644.0000
3766,225644.0000
3767,225644.0000
3768,225644.0000
3769,225644.0000
3770,225644.0000
3771,225644.0000
3772,225644.0000
3773,225644.0000
3774,225644.0000
3775,225644.0000
3776,225644.0000
3777,225644.0000
3778,225644.0000
3779,225644.0000
3780,225644.0000
3781,225644.0000
3782,225644.0000
3783,225644.0000
3784,225644.0000
3785,225644.0000
3786,225644.0000
3787,225644.0000
3788,225644.0000
3789,225644.0000
3790,225644.0000
3791,225644.0000
3792,225644.0000
3793,225644.0000
3794,225644.0000
3795,225644.0000
3796,225644.0000
3797,225644.0000
3798,225644.0000
3799,225644.0000
3800,225644.0000
3801,225644.0000
3802,225644.0000
3803,225644.0000
3804,225644.0000
3805,225644.0000
3806,225644.0000
3807,225644.0000
3808,225644.0000
3809,225644.0000
3810,225644.0000
3811,225644.0000
3812,225644.0000
3813,225644.0000
3814,225644.0000
3815,225644.0000
3816,225644.0000
3817,225644.0000
3818,225644.0000
3819,225644.0000
3820,225644.0000
3821,225644.0000
3822,225644.0000
3823,225644.0000
3824,225644.0000
3825,225644.0000
3826,225644.0000
3827,225644.0000
3828,225644.0000
3829,225644.0000
3830,225644.0000
3831,225644.0000
3832,225644.0000
3833,225644.0000
3834,225644.0000
3835,225644.0000
3836,225644.0000
3837,225644.0000
3838,225644.0000
3839,225644.0000
3840,225644.0000
3841,225644.0000
3842,225644.0000
3843,225644.0000
3844,225644.0000
3845,225644.0000
3846,225644.0000
3847,225644.0000
3848,225644.0000
3849,225644.0000
3850,225644.0000
3851,225644.0000
3852,225644.0000
3853,225644.0000
3854,225644.0000
3855,225644.0000
3856,225644.0000
3857,225644.0000
3858,225644.0000
3859,225644.0000
3860,225644.0000
3861,225644.0000
3862,225644.0000
3863,225644.0000
3864,225644.0000
3865,225644.0000
3866,225644.0000
3867,225644.0000
3868,225644.0000
3869,225644.0000
3870,225644.0000
3871,225644.0000
3872,225644.0000
3873,225644.0000
3874,225644.0000
3875,225644.0000
3876,225644.0000
3877,225644.0000
3878,225644.0000
3879,225644.0000
3880,225644.0000
3881,225644.0000
3882,225644.0000
3883,225644.0000
3884,225644.0000
3885,225644.0000
3886,225644.0000
3887,225644.0000
3888,225644.0000
3889,225644.0000
3890,225644.0000
3891,225644.0000
3892,225644.0000
3893,225644.0000
3894,225644.0000
3895,225644.0000
3896,225644.0000
3897,225644.0000
3898,225644.0000
3899,225644.0000
3900,225644.0000
3901,225644.0000
3902,225644.0000
3903,225644.0000
3904,225644.0000
3905,225644.0000
3906,225644.0000
3907,225644.0000
3908,225644.0000
3909,225644.0000
3910,225644.0000
3911,225644.0000
3912,225644.0000
3913,225644.0000
3914,225644.0000
3915,225644.0000
3916,225644.0000
3917,225644.0000
3918,225644.0000
3919,225644.0000
3920,225644.0000
3921,225644.0000
3922,225644.0000
3923,225644.0000
3924,225644.0000
3925,225644.0000
3926,225644.0000
3927,225644.0000
3928,225644.0000
3929,225644.0000
3930,225644.0000
3931,225644.0000
3932,225644.0000
3933,225644.0000
3934,225644.0000
3935,225644.0000
3936,225644.0000
3937,225644.0000
3938,225644.0000
3939,225644.0000
3940,225644.0000
3941,225644.0000
3942,225644.0000
3943,225644.0000
3944,225644.0000
3945,225644.0000
3946,225644.0000
3947,225644.0000
3948,225644.0000
3949,225644.0000
3950,225644.0000
3951,225644.0000
3952,225644.0000
3953,225644.0000
3954,225644.0000
3955,225644.0000
3956,225644.0000
3957,225644.0000
3958,225644.0000
3959,225644.0000
3960,225644.0000
3961,225644.0000
3962,225644.0000
3963,225644.0000
3964,225644.0000
3965,225644.0000
3966,225644.0000
3967,225644.0000
3968,225644.0000
3969,225644.0000
3970,225644.0000
3971,225644.0000
3972,225644.0000
3973,225644.0000
3974,225644.0000
3975,225644.0000
3976,225644.0000
3977,225644.0000
3978,225644.0000
3979,225644.0000
3980,225644.0000
3981,225644.0000
3982,225644.0000
3983,225644.0000
3984,225644.0000
3985,225644.0000
3986,225644.0000
3987,225644.0000
3988,225644.0000
3989,225644.0000
3990,225644.0000
3991,225644.0000
3992,225644.0000
3993,225644.0000
3994,225644.0000
3995,225644.0000
3996,225644.0000
3997,225644.0000
3998,225644.0000
3999,225644.0000
4000,225644.0000
4001,225644.0000
4002,225644.0000
4003,225644.0000
4004,225644.0000
4005,225644.0000
4006,225644.0000
4007,225644.0000
4008,225644.0000
4009,225644.0000
4010,225644.0000
4011,225644.0000
4012,225644.0000
4013,225644.0000
4014,225644.0000
4015,225644.0000
4016,225644.0000
4017,225644.0000
4018,225644.0000
4019,225644.0000
4020,225644.0000
4021,225644.0000
4022,225644.0000
4023,225644.0000
4024,225644.0000
4025,225644.0000
4026,225644.0000
4027,225644.0000
4028,225644.0000
4029,225644.0000
4030,225644.0000
4031,225644.0000
4032,225644.0000
4033,225644.0000
4034,225644.0000
4035,225644.0000
4036,225644.0000
4037,225644.0000
4038,225644.0000
4039,225644.0000
4040,225644.0000
4041,225644.0000
4042,225644.0000
4043,225644.0000
4044,225644.0000
4045,225644.0000
4046,225644.0000
4047,225644.0000
4048,225644.0000
4049,225644.0000
4050,225644.0000
4051,225644.0000
4052,225644.0000
4053,225644.0000
4054,225644.0000
4055,225644.0000
4056,225644.0000
4057,225644.0000
4058,225644.0000
4059,225644.0000
4060,225644.0000
4061,225644.0000
4062,225644.0000
4063,225644.0000
4064,225644.0000
4065,225644.0000
4066,225644.0000
4067,225644.0000
4068,225644.0000
4069,225644.0000
4070,225644.0000
4071,225644.0000
4072,225644.0000
4073,225644.0000
4074,225644.0000
4075,225644.0000
4076,225644.0000
4077,225644.0000
4078,225644.0000
4079,225644.0000
4080,225644.0000
4081,225644.0000
4082,225644.0000
4083,225644.0000
4084,225644.0000
4085,225644.0000
4086,225644.0000
4087,225644.0000
4088,225644.0000
4089,225644.0000
4090,225644.0000
4091,225644.0000
4092,225644.0000
4093,225644.0000
4094,225644.0000
4095,225644.0000
4096,225644.0000
4097,225644.0000
4098,225644.0000
4099,225644.0000
4100,225644.0000
4101,225644.0000
4102,225644.0000
4103,225644.0000
4104,225644.0000
4105,225644.0000
4106,225644.0000
4107,225644.0000
4108,225644.0000
4109,225644.0000
4110,225644.0000
4111,225644.0000
4112,225644.0000
4113,225644.0000
4114,225644.0000
4115,225644.0000
4116,225644.0000
4117,225644.0000
4118,225644.0000
4119,225644.0000
4120,225644.0000
4121,225644.0000
4122,225644.0000
4123,225644.0000
4124,223289.7000
4125,223289.7000
4126,223289.7000
4127,223289.7000
4128,223289.7000
4129,223289.7000
4130,223289.7000
4131,223289.7000
4132,223289.7000
4133,223289.7000
4134,223289.7000
4135,223289.7000
4136,223289.7000
4137,223289.7000
4138,223289.7000
4139,223289.7000
4140,223289.7000
4141,223289.7000
4142,223289.7000
4143,223289.7000
4144,223289.7000
4145,223289.7000
4146,223289.7000
4147,223289.7000
4148,223289.7000
4149,223289.7000
4150,223289.7000
4151,223289.7000
4152,223289.7000
4153,223289.7000
4154,223289.7000
4155,223289.7000
4156,223289.7000
4157,223289.7000
4158,223289.7000
4159,223289.7000
4160,223289.7000
4161,223289.7000
4162,223289.7000
4163,223289.7000
4164,223289.7000
4165,223289.7000
4166,223289.7000
4167,223289.7000
4168,223289.7000
4169,223289.7000
4170,223289.7000
4171,223289.7000
4172,223289.7000
4173,223289.7000
4174,223289.7000
4175,223289.7000
4176,223289.7000
4177,223289.7000
4178,223289.7000
4179,223289.7000
4180,223289.7000
4181,223289.7000
4182,223289.7000
4183,223289.7000
4184,223289.7000
4185,223289.7000
4186,223289.7000
4187,223289.7000
4188,223289.7000
4189,223289.7000
4190,223289.7000
4191,223289.7000
4192,223289.7000
4193,223289.7000
4194,223289.7000
4195,223289.7000
4196,223289.7000
4197,223289.7000
4198,223289.7000
4199,223289.7000
4200,223289.7000
4201,223289.7000
4202,223289.7000
4203,223289.7000
4204,223289.7000
4205,223289.7000
4206,223289.7000
4207,223289.7000
4208,223289.7000
4209,223289.7000
4210,223289.7000
4211,223289.7000
4212,223289.7000
4213,223289.7000
4214,223289.7000
4215,223289.7000
4216,223289.7000
4217,223289.7000
4218,223289.7000
4219,223289.7000
4220,223289.7000
4221,223289.7000
4222,223289.7000
4223,223289.7000
4224,223289.7000
4225,223289.7000
4226,223289.7000
4227,223289.7000
4228,223289.7000
4229,223289.7000
4230,223289.7000
4231,223289.7000
4232,223289.7000
4233,223289.7000
4234,223289.7000
4235,223289.7000
4236,223289.7000
4237,223289.7000
4238,223289.7000
4239,223289.7000
4240,223289.7000
4241,223289.7000
4242,223289.7000
4243,223289.7000
4244,223289.7000
4245,223289.7000
4246,223289.7000
4247,223289.7000
4248,223289.7000
4249,223289.7000
4250,223289.7000
4251,223289.7000
4252,223289.7000
4253,223289.7000
4254,223289.7000
4255,223289.7000
4256,223289.7000
4257,223289.7000
4258,223289.7000
4259,223289.7000
4260,223289.7000
4261,223289.7000
4262,223289.7000
4263,223289.7000
4264,223289.7000
4265,223289.7000
4266,223289.7000
4267,223289.7000
4268,223289.7000
4269,223289.7000
4270,223289.7000
4271,223289.7000
4272,223289.7000
4273,223289.7000
4274,223289.7000
4275,223289.7000
4276,223289.7000
4277,223289.7000
4278,223289.7000
4279,223289.7000
4280,223289.7000
4281,223289.7000
4282,223289.7000
4283,223289.7000
4284,223289.7000
4285,223289.7000
4286,223289.7000
4287,223289.7000
4288,223289.7000
4289,223289.7000
4290,223289.7000
4291,223289.7000
4292,223289.7000
4293,223289.7000
4294,223289.7000
4295,223289.7000
4296,223289.7000
4297,223289.7000
4298,223289.7000
4299,223289.7000
4300,223289.7000
4301,223289.7000
4302,223289.7000
4303,223289.7000
4304,223289.7000
4305,223289.7000
4306,223289.7000
4307,223289.7000
4308,223289.7000
4309,223289.7000
4310,223289.7000
4311,223289.7000
4312,223289.7000
4313,223289.7000
4314,223289.7000
4315,223289.7000
4316,223289.7000
4317,223289.7000
4318,223289.7000
4319,223289.7000
4320,223289.7000
4321,223289.7000
4322,223289.7000
4323,223289.7000
4324,223289.7000
4325,223289.7000
4326,223289.7000
4327,223289.7000
4328,223289.7000
4329,223289.7000
4330,223289.7000
4331,223289.7000
4332,223289.7000
4333,223289.7000
4334,223289.7000
4335,223289.7000
4336,223289.7000
4337,223289.7000
4338,223289.7000
4339,223289.7000
4340,223289.7000
4341,223289.7000
4342,223289.7000
4343,223289.7000
4344,223289.7000
4345,223289.7000
4346,223289.7000
4347,223289.7000
4348,223289.7000
4349,223289.7000
4350,223289.7000
4351,223289.7000
4352,223289.7000
4353,223289.7000
4354,223289.7000
4355,223289.7000
4356,223289.7000
4357,223289.7000
4358,223289.7000
4359,223289.7000
4360,223289.7000
4361,223289.7000
4362,223289.7000
4363,223289.7000
4364,223289.7000
4365,223289.7000
4366,223289.7000
4367,223289.7000
4368,223289.7000
4369,223289.7000
4370,223289.7000
4371,223289.7000
4372,223289.7000
4373,223289.7000
4374,223289.7000
4375,223289.7000
4376,223289.7000
4377,223289.7000
4378,223289.7000
4379,223289.7000
4380,223289.7000
4381,223289.7000
4382,223289.7000
4383,223289.7000
4384,223289.7000
4385,223289.7000
4386,223289.7000
4387,223289.7000
4388,223289.7000
4389,223289.7000
4390,223289.7000
4391,223289.7000
4392,223289.7000
4393,223289.7000
4394,223289.7000
4395,223289.7000
4396,223289.7000
4397,223289.7000
4398,223289.7000
4399,223289.7000
4400,223289.7000
4401,223289.7000
4402,223289.7000
4403,223289.7000
4404,223289.7000
4405,223289.7000
4406,223289.7000
4407,223289.7000
4408,223289.7000
4409,223289.7000
4410,223289.7000
4411,223289.7000
4412,223289.7000
4413,223289.7000
4414,223289.7000
4415,223289.7000
4416,223289.7000
4417,223289.7000
4418,223289.7000
4419,223289.7000
4420,223289.7000
4421,223289.7000
4422,223289.7000
4423,223289.7000
4424,223289.7000
4425,223289.7000
4426,223289.7000
4427,223289.7000
4428,223289.7000
4429,223289.7000
4430,223289.7000
4431,223289.7000
4432,223289.7000
4433,223289.7000
4434,223289.7000
4435,223289.7000
4436,223289.7000
4437,223289.7000
4438,223289.7000
4439,223289.7000
4440,223289.7000
4441,223289.7000
4442,223289.7000
4443,223289.7000
4444,223289.7000
4445,223289.7000
4446,223289.7000
4447,223289.7000
4448,223289.7000
4449,223289.7000
4450,223289.7000
4451,223289.7000
4452,223289.7000
4453,223289.7000
4454,223289.7000
4455,223289.7000
4456,223289.7000
4457,223289.7000
4458,223289.7000
4459,223289.7000
4460,223289.7000
4461,223289.7000
4462,223289.7000
4463,223289.7000
4464,223289.7000
4465,223289.7000
4466,223289.7000
4467,223289.7000
4468,223289.7000
4469,223289.7000
4470,223289.7000
4471,223289.7000
4472,223289.7000
4473,223289.7000
4474,223289.7000
4475,223289.7000
4476,223289.7000
4477,223289.7000
4478,223289.7000
4479,223289.7000
4480,223289.7000
4481,223289.7000
4482,223289.7000
4483,223289.7000
4484,223289.7000
4485,223289.7000
4486,223289.7000
4487,223289.7000
4488,223289.7000
4489,223289.7000
4490,223289.7000
4491,223289.7000
4492,223289.7000
4493,223289.7000
4494,223289.7000
4495,223289.7000
4496,223289.7000
4497,223289.7000
4498,223289.7000
4499,223289.7000
4500,223289.7000
4501,223289.7000
4502,223289.7000
4503,223289.7000
4504,223289.7000
4505,223289.7000
4506,223289.7000
4507,223289.7000
4508,223289.7000
4509,223289.7000
4510,223289.7000
4511,223289.7000
4512,223289.7000
4513,223289.7000
4514,223289.7000
4515,223289.7000
4516,223289.7000
4517,223289.7000
4518,223289.7000
4519,223289.7000
4520,223289.7000
4521,223289.7000
4522,223289.7000
4523,223289.7000
4524,223289.7000
4525,223289.7000
4526,223289.7000
4527,223289.7000
4528,223289.7000
4529,223289.7000
4530,223289.7000
4531,223289.7000
4532,223289.7000
4533,223289.7000
4534,223289.7000
4535,223289.7000
4536,223289.7000
4537,223289.7000
4538,223289.7000
4539,223289.7000
4540,223289.7000
4541,223289.7000
4542,223289.7000
4543,223289.7000
4544,223289.7000
4545,223289.7000
4546,223289.7000
4547,223289.7000
4548,223289.7000
4549,223289.7000
4550,223289.7000
4551,223289.7000
4552,223289.7000
4553,223289.7000
4554,223289.7000
4555,223289.7000
4556,223289.7000
4557,223289.7000
4558,223289.7000
4559,223289.7000
4560,223289.7000
4561,223289.7000
4562,223289.7000
4563,223289.7000
4564,223289.7000
4565,223289.7000
4566,223289.7000
4567,223289.7000
4568,223289.7000
4569,223289.7000
4570,223289.7000
4571,223289.7000
4572,223289.7000
4573,223289.7000
4574,223289.7000
4575,223289.7000
4576,223289.7000
4577,223289.7000
4578,223289.7000
4579,223289.7000
4580,223289.7000
4581,223289.7000
4582,223289.7000
4583,223289.7000
4584,223289.7000
4585,223289.7000
4586,223289.7000
4587,223289.7000
4588,223289.7000
4589,223289.7000
4590,223289.7000
4591,223289.7000
4592,223289.7000
4593,223289.7000
4594,223289.7000
4595,223289.7000
4596,223289.7000
4597,223289.7000
4598,223289.7000
4599,223289.7000
4600,223289.7000
4601,223289.7000
4602,223289.7000
4603,223289.7000
4604,223289.7000
4605,223289.7000
4606,223289.7000
4607,223289.7000
4608,223289.7000
4609,223289.7000
4610,223289.7000
4611,223289.7000
4612,223289.7000
4613,223289.7000
4614,223289.7000
4615,223289.7000
4616,223289.7000
4617,223289.7000
4618,223289.7000
4619,223289.7000
4620,223289.7000
4621,223289.7000
4622,223289.7000
4623,223289.7000
4624,223289.7000
4625,223289.7000
4626,223289.7000
4627,223289.7000
4628,223289.7000
4629,223289.7000
4630,223289.7000
4631,223289.7000
4632,223289.7000
4633,223289.7000
4634,223289.7000
4635,223289.7000
4636,223289.7000
4637,223289.7000
4638,223289.7000
4639,223289.7000
4640,223289.7000
4641,223289.7000
4642,223289.7000
4643,223289.7000
4644,223289.7000
4645,223289.7000
4646,223289.7000
4647,223289.7000
4648,223289.7000
4649,223289.7000
4650,223289.7000
4651,223289.7000
4652,223289.7000
4653,223289.7000
4654,223289.7000
4655,223289.7000
4656,223289.7000
4657,223289.7000
4658,223289.7000
4659,223289.7000
4660,223289.7000
4661,223289.7000
4662,223289.7000
4663,223289.7000
4664,223289.7000
4665,223289.7000
4666,223289.7000
4667,223289.7000
4668,223289.7000
4669,223289.7000
4670,223289.7000
4671,223289.7000
4672,223289.7000
4673,223289.7000
4674,223289.7000
4675,223289.7000
4676,223289.7000
4677,223289.7000
4678,223289.7000
4679,223289.7000
4680,223289.7000
4681,223289.7000
4682,223289.7000
4683,223289.7000
4684,223289.7000
4685,223289.7000
4686,223289.7000
4687,223289.7000
4688,223289.7000
4689,223289.7000
4690,223289.7000
4691,223289.7000
4692,223289.7000
4693,223289.7000
4694,223289.7000
4695,223289.7000
4696,223289.7000
4697,223289.7000
4698,223289.7000
4699,223289.7000
4700,223289.7000
4701,223289.7000
4702,223289.7000
4703,223289.7000
4704,223289.7000
4705,223289.7000
4706,223289.7000
4707,223289.7000
4708,223289.7000
4709,223289.7000
4710,223289.7000
4711,223289.7000
4712,223289.7000
4713,223289.7000
4714,223289.7000
4715,223289.7000
4716,223289.7000
4717,223289.7000
4718,223289.7000
4719,223289.7000
4720,223289.7000
4721,223289.7000
4722,223289.7000
4723,223289.7000
4724,223289.7000
4725,223289.7000
4726,223289.7000
4727,223289.7000
4728,223289.7000
4729,223289.7000
4730,223289.7000
4731,223289.7000
4732,223289.7000
4733,223289.7000
4734,223289.7000
4735,223289.7000
4736,223289.7000
4737,223289.7000
4738,223289.7000
4739,223289.7000
4740,223289.7000
4741,223289.7000
4742,223289.7000
4743,223289.7000
4744,223289.7000
4745,223289.7000
4746,223289.7000
4747,223289.7000
4748,223289.7000
4749,223289.7000
4750,223289.7000
4751,223289.7000
4752,223289.7000
4753,223289.7000
4754,223289.7000
4755,223289.7000
4756,223289.7000
4757,223289.7000
4758,223289.7000
4759,223289.7000
4760,223289.7000
4761,223289.7000
4762,223289.7000
4763,223289.7000
4764,223289.7000
4765,223289.7000
4766,223289.7000
4767,223289.7000
4768,223289.7000
4769,223289.7000
4770,223289.7000
4771,223289.7000
4772,223289.7000
4773,223289.7000
4774,223289.7000
4775,223289.7000
4776,223289.7000
4777,223289.7000
4778,223289.7000
4779,223289.7000
4780,223289.7000
4781,223289.7000
4782,223289.7000
4783,223289.7000
4784,223289.7000
4785,223289.7000
4786,223289.7000
4787,223289.7000
4788,223289.7000
4789,223289.7000
4790,223289.7000
4791,223289.7000
4792,223289.7000
4793,223289.7000
4794,223289.7000
4795,223289.7000
4796,223289.7000
4797,223289.7000
4798,223289.7000
4799,223289.7000
4800,223289.7000
4801,223289.7000
4802,223289.7000
4803,223289.7000
4804,223289.7000
4805,223289.7000
4806,223289.7000
4807,223289.7000
4808,223289.7000
4809,223289.7000
4810,223289.7000
4811,223289.7000
4812,223289.7000
4813,223289.7000
4814,223289.7000
4815,223289.7000
4816,223289.7000
4817,223289.7000
4818,223289.7000
4819,223289.7000
4820,223289.7000
4821,223289.7000
4822,223289.7000
4823,223289.7000
4824,223289.7000
4825,223289.7000
4826,223289.7000
4827,223289.7000
4828,223289.7000
4829,223289.7000
4830,223289.7000
4831,223289.7000
4832,223289.7000
4833,223289.7000
4834,223289.7000
4835,223289.7000
4836,223289.7000
4837,223289.7000
4838,223289.7000
4839,223289.7000
4840,223289.7000
4841,223289.7000
4842,223289.7000
4843,223289.7000
4844,223289.7000
4845,223289.7000
4846,223289.7000
4847,223289.7000
4848,223289.7000
4849,223289.7000
4850,223289.7000
4851,223289.7000
4852,223289.7000
4853,223289.7000
4854,223289.7000
4855,223289.7000
4856,223289.7000
4857,223289.7000
4858,223289.7000
4859,223289.7000
4860,223289.7000
4861,223289.7000
4862,223289.7000
4863,223289.7000
4864,223289.7000
4865,223289.7000
4866,223289.7000
4867,223289.7000
4868,223289.7000
4869,223289.7000
4870,223289.7000
4871,223289.7000
4872,223289.7000
4873,223289.7000
4874,223289.7000
4875,223289.7000
4876,223289.7000
4877,223289.7000
4878,223289.7000
4879,223289.7000
4880,223289.7000
4881,223289.7000
4882,223289.7000
4883,223289.7000
4884,223289.7000
4885,223289.7000
4886,223289.7000
4887,223289.7000
4888,223289.7000
4889,223289.7000
4890,223289.7000
4891,223289.7000
4892,223289.7000
4893,223289.7000
4894,223289.7000
4895,223289.7000
4896,223289.7000
4897,223289.7000
4898,223289.7000
4899,223289.7000
4900,223289.7000
4901,223289.7000
4902,223289.7000
4903,223289.7000
4904,223289.7000
4905,223289.7000
4906,223289.7000
4907,223289.7000
4908,223289.7000
4909,223289.7000
4910,223289.7000
4911,223289.7000
4912,223289.7000
4913,223289.7000
4914,223289.7000
4915,223289.7000
4916,223289.7000
4917,223289.7000
4918,223289.7000
4919,223289.7000
4920,223289.7000
4921,223289.7000
4922,223289.7000
4923,223289.7000
4924,223289.7000
4925,223289.7000
4926,223289.7000
4927,223289.7000
4928,223289.7000
4929,223289.7000
4930,223289.7000
4931,223289.7000
4932,223289.7000
4933,223289.7000
4934,223289.7000
4935,223289.7000
4936,223289.7000
4937,223289.7000
4938,223289.7000
4939,223289.7000
4940,223289.7000
4941,223289.7000
4942,223289.7000
4943,223289.7000
4944,223289.7000
4945,223289.7000
4946,223289.7000
4947,223289.7000
4948,223289.7000
4949,223289.7000
4950,223289.7000
4951,223289.7000
4952,223289.7000
4953,223289.7000
4954,223289.7000
4955,223289.7000
4956,223289.7000
4957,223289.7000
4958,223289.7000
4959,223289.7000
4960,223289.7000
4961,223289.7000
4962,223289.7000
4963,223289.7000
4964,223289.7000
4965,223289.7000
4966,223289.7000
4967,223289.7000
4968,223289.7000
4969,223289.7000
4970,223289.7000
4971,223289.7000
4972,223289.7000
4973,223289.7000
4974,223289.7000
4975,223289.7000
4976,223289.7000
4977,223289.7000
4978,223289.7000
4979,223289.7000
4980,223289.7000
4981,223289.7000
4982,223289.7000
4983,223289.7000
4984,223289.7000
4985,223289.7000
4986,223289.7000
4987,223289.7000
4988,223289.7000
4989,223289.7000
4990,223289.7000
4991,223289.7000
4992,223289.7000
4993,223289.7000
4994,223289.7000
4995,223289.7000
4996,223289.7000
4997,223289.7000
4998,223289.7000
4999,223289.7000
5000,223289.7000
5001,223289.7000
5002,223289.7000
5003,223289.7000
5004,223289.7000
5005,223289.7000
5006,223289.7000
5007,223289.7000
5008,223289.7000
5009,223289.7000
5010,223289.7000
5011,223289.7000
5012,223289.7000
5013,223289.7000
5014,223289.7000
5015,223289.7000
5016,223289.7000
5017,223289.7000
5018,223289.7000
5019,223289.7000
5020,223289.7000
5021,223289.7000
5022,223289.7000
5023,223289.7000
5024,223289.7000
5025,223289.7000
5026,223289.7000
5027,223289.7000
5028,223289.7000
5029,223289.7000
5030,223289.7000
5031,223289.7000
5032,223289.7000
5033,223289.7000
5034,223289.7000
5035,223289.7000
5036,223289.7000
5037,223289.7000
5038,223289.7000
5039,223289.7000
5040,223289.7000
5041,223289.7000
5042,223289.7000
5043,223289.7000
5044,223289.7000
5045,223289.7000
5046,223289.7000
5047,223289.7000
5048,223289.7000
5049,223289.7000
5050,223289.7000
5051,223289.7000
5052,223289.7000
5053,223289.7000
5054,223289.7000
5055,223289.7000
5056,223289.7000
5057,223289.7000
5058,223289.7000
5059,223289.7000
5060,223289.7000
5061,223289.7000
5062,223289.7000
5063,223289.7000
5064,223289.7000
5065,223289.7000
5066,223289.7000
5067,223289.7000
5068,223289.7000
5069,223289.7000
5070,223289.7000
5071,223289.7000
5072,223289.7000
5073,223289.7000
5074,223289.7000
5075,223289.7000
5076,223289.7000
5077,223289.7000
5078,223289.7000
5079,223289.7000
5080,223289.7000
5081,223289.7000
5082,223289.7000
5083,223289.7000
5084,223289.7000
5085,223289.7000
5086,223289.7000
5087,223289.7000
5088,223289.7000
5089,223289.7000
5090,223289.7000
5091,223289.7000
5092,223289.7000
5093,223289.7000
5094,223289.7000
5095,223289.7000
5096,223289.7000
5097,223289.7000
5098,223289.7000
5099,223289.7000
5100,223289.7000
5101,223289.7000
5102,223289.7000
5103,223289.7000
5104,223289.7000
5105,223289.7000
5106,223289.7000
5107,223289.7000
5108,223289.7000
5109,223289.7000
5110,223289.7000
5111,223289.7000
5112,223289.7000
5113,223289.7000
5114,223289.7000
5115,223289.7000
5116,223289.7000
5117,223289.7000
5118,223289.7000
5119,223289.7000
5120,223289.7000
5121,223289.7000
5122,223289.7000
5123,223289.7000
5124,223289.7000
5125,223289.7000
5126,223289.7000
5127,223289.7000
5128,223289.7000
5129,223289.7000
5130,223289.7000
5131,223289.7000
5132,223289.7000
5133,223289.7000
5134,223289.7000
5135,223289.7000
5136,223289.7000
5137,223289.7000
5138,223289.7000
5139,223289.7000
5140,223289.7000
5141,223289.7000
5142,223289.7000
5143,223289.7000
5144,223289.7000
5145,223289.7000
5146,223289.7000
5147,223289.7000
5148,223289.7000
5149,223289.7000
5150,223289.7000
5151,223289.7000
5152,223289.7000
5153,223289.7000
5154,223289.7000
5155,223289.7000
5156,223289.7000
5157,223289.7000
5158,223289.7000
5159,223289.7000
5160,223289.7000
5161,223289.7000
5162,223289.7000
5163,223289.7000
5164,223289.7000
5165,223289.7000
5166,223289.7000
5167,223289.7000
5168,223289.7000
5169,223289.7000
5170,223289.7000
5171,223289.7000
5172,223289.7000
5173,223289.7000
5174,223289.7000
5175,223289.7000
5176,223289.7000
5177,223289.7000
5178,223289.7000
5179,223289.7000
5180,223289.7000
5181,223289.7000
5182,223289.7000
5183,223289.7000
5184,223289.7000
5185,223289.7000
5186,223289.7000
5187,223289.7000
5188,223289.7000
5189,223289.7000
5190,223289.7000
5191,223289.7000
5192,223289.7000
5193,223289.7000
5194,223289.7000
5195,223289.7000
5196,223289.7000
5197,223289.7000
5198,223289.7000
5199,223289.7000
5200,223289.7000
5201,223289.7000
5202,223289.7000
5203,223289.7000
5204,223289.7000
5205,223289.7000
5206,223289.7000
5207,223289.7000
5208,223289.7000
5209,223289.7000
5210,223289.7000
5211,223289.7000
5212,223289.7000
5213,223289.7000
5214,223289.7000
5215,223289.7000
5216,223289.7000
5217,223289.7000
5218,223289.7000
5219,223289.7000
5220,223289.7000
5221,223289.7000
5222,223289.7000
5223,223289.7000
5224,223289.7000
5225,223289.7000
5226,223289.7000
5227,223289.7000
5228,223289.7000
5229,223289.7000
5230,223289.7000
5231,223289.7000
5232,223289.7000
5233,223289.7000
5234,223289.7000
5235,223289.7000
5236,223289.7000
5237,223289.7000
5238,223289.7000
5239,223289.7000
5240,223289.7000
5241,223289.7000
5242,223289.7000
5243,223289.7000
5244,223289.7000
5245,223289.7000
5246,223289.7000
5247,223289.7000
5248,223289.7000
5249,223289.7000
5250,223289.7000
5251,223289.7000
5252,223289.7000
5253,223289.7000
5254,223289.7000
5255,223289.7000
5256,223289.7000
5257,223289.7000
5258,223289.7000
5259,223289.7000
5260,223289.7000
5261,223289.7000
5262,223289.7000
5263,223289.7000
5264,223289.7000
5265,223289.7000
5266,223289.7000
5267,223289.7000
5268,223289.7000
5269,223289.7000
5270,223289.7000
5271,223289.7000
5272,223289.7000
5273,223289.7000
5274,223289.7000
5275,223289.7000
5276,223289.7000
5277,223289.7000
5278,223289.7000
5279,223289.7000
5280,223289.7000
5281,223289.7000
5282,223289.7000
5283,223289.7000
5284,223289.7000
5285,223289.7000
5286,223289.7000
5287,223289.7000
5288,223289.7000
5289,223289.7000
5290,223289.7000
5291,223289.7000
5292,223289.7000
5293,223289.7000
5294,223289.7000
5295,223289.7000
5296,223289.7000
5297,223289.7000
5298,223289.7000
5299,223289.7000
5300,223289.7000
5301,223289.7000
5302,223289.7000
5303,223289.7000
5304,223289.7000
5305,223289.7000
5306,223289.7000
5307,223289.7000
5308,223289.7000
5309,223289.7000
5310,223289.7000
5311,223289.7000
5312,223289.7000
5313,223289.7000
5314,223289.7000
5315,223289.7000
5316,223289.7000
5317,223289.7000
5318,223289.7000
5319,223289.7000
5320,223289.7000
5321,223289.7000
5322,223289.7000
5323,223289.7000
5324,223289.7000
5325,223289.7000
5326,223289.7000
5327,223289.7000
5328,223289.7000
5329,223289.7000
5330,223289.7000
5331,223289.7000
5332,223289.7000
5333,223289.7000
5334,223289.7000
5335,223289.7000
5336,223289.7000
5337,223289.7000
5338,223289.7000
5339,223289.7000
5340,223289.7000
5341,223289.7000
5342,223289.7000
5343,223289.7000
5344,223289.7000
5345,223289.7000
5346,223289.7000
5347,223289.7000
5348,223289.7000
5349,223289.7000
5350,223289.7000
5351,223289.7000
5352,223289.7000
5353,223289.7000
5354,223289.7000
5355,223289.7000
5356,223289.7000
5357,223289.7000
5358,223289.7000
5359,223289.7000
5360,223289.7000
5361,223289.7000
5362,223289.7000
5363,223289.7000
5364,223289.7000
5365,223289.7000
5366,223289.7000
5367,223289.7000
5368,223289.7000
5369,223289.7000
5370,223289.7000
5371,223289.7000
5372,223289.7000
5373,223289.7000
5374,223289.7000
5375,223289.7000
5376,223289.7000
5377,223289.7000
5378,223289.7000
5379,223289.7000
5380,223289.7000
5381,223289.7000
5382,223289.7000
5383,223289.7000
5384,223289.7000
5385,223289.7000
5386,223289.7000
5387,223289.7000
5388,223289.7000
5389,223289.7000
5390,223289.7000
5391,223289.7000
5392,223289.7000
5393,223289.7000
5394,223289.7000
5395,223289.7000
5396,223289.7000
5397,223289.7000
5398,223289.7000
5399,223289.7000
5400,223289.7000
5401,223289.7000
5402,223289.7000
5403,223289.7000
5404,223289.7000
5405,223289.7000
5406,223289.7000
5407,223289.7000
5408,223289.7000
5409,223289.7000
5410,223289.7000
5411,223289.7000
5412,223289.7000
5413,223289.7000
5414,223289.7000
5415,223289.7000
5416,223289.7000
5417,223289.7000
5418,223289.7000
5419,223289.7000
5420,223289.7000
5421,223289.7000
5422,223289.7000
5423,223289.7000
5424,223289.7000
5425,223289.7000
5426,223289.7000
5427,223289.7000
5428,223289.7000
5429,223289.7000
5430,223289.7000
5431,223289.7000
5432,223289.7000
5433,223289.7000
5434,223289.7000
5435,223289.7000
5436,223289.7000
5437,223289.7000
5438,223289.7000
5439,223289.7000
5440,223289.7000
5441,223289.7000
5442,223289.7000
5443,223289.7000
5444,223289.7000
5445,223289.7000
5446,223289.7000
5447,223289.7000
5448,223289.7000
5449,223289.7000
5450,223289.7000
5451,223289.7000
5452,223289.7000
5453,223289.7000
5454,223289.7000
5455,223289.7000
5456,223289.7000
5457,223289.7000
5458,223289.7000
5459,223289.7000
5460,223289.7000
5461,223289.7000
5462,223289.7000
5463,223289.7000
5464,223289.7000
5465,223289.7000
5466,223289.7000
5467,223289.7000
5468,223289.7000
5469,223289.7000
5470,223289.7000
5471,223289.7000
5472,223289.7000
5473,223289.7000
5474,223289.7000
5475,223289.7000
5476,223289.7000
5477,223289.7000
5478,223289.7000
5479,223289.7000
5480,223289.7000
5481,223289.7000
5482,223289.7000
5483,223289.7000
5484,223289.7000
5485,223289.7000
5486,223289.7000
5487,223289.7000
5488,223289.7000
5489,223289.7000
5490,223289.7000
5491,223289.7000
5492,223289.7000
5493,223289.7000
5494,223289.7000
5495,223289.7000
5496,223289.7000
5497,223289.7000
5498,223289.7000
5499,223289.7000
5500,223289.7000
5501,223289.7000
5502,223289.7000
5503,223289.7000
5504,223289.7000
5505,223289.7000
5506,223289.7000
5507,223289.7000
5508,223289.7000
5509,223289.7000
5510,223289.7000
5511,223289.7000
5512,223289.7000
5513,223289.7000
5514,223289.7000
5515,223289.7000
5516,223289.7000
5517,223289.7000
5518,223289.7000
5519,223289.7000
5520,223289.7000
5521,223289.7000
5522,223289.7000
5523,223289.7000
5524,223289.7000
5525,223289.7000
5526,223289.7000
5527,223289.7000
5528,223289.7000
5529,223289.7000
5530,223289.7000
5531,223289.7000
5532,223289.7000
5533,223289.7000
5534,223289.7000
5535,223289.7000
5536,223289.7000
5537,223289.7000
5538,223289.7000
5539,223289.7000
5540,223289.7000
5541,223289.7000
5542,223289.7000
5543,223289.7000
5544,223289.7000
5545,223289.7000
5546,223289.7000
5547,223289.7000
5548,223289.7000
5549,223289.7000
5550,223289.7000
5551,223289.7000
5552,223289.7000
5553,223289.7000
5554,223289.7000
5555,223289.7000
5556,223289.7000
5557,223289.7000
5558,223289.7000
5559,223289.7000
5560,223289.7000
5561,223289.7000
5562,223289.7000
5563,223289.7000
5564,223289.7000
5565,223289.7000
5566,223289.7000
5567,223289.7000
5568,223289.7000
5569,223289.7000
5570,223289.7000
5571,223289.7000
5572,223289.7000
5573,223289.7000
5574,223289.7000
5575,223289.7000
5576,223289.7000
5577,223289.7000
5578,223289.7000
5579,223289.7000
5580,223289.7000
5581,223289.7000
5582,223289.7000
5583,223289.7000
5584,223289.7000
5585,223289.7000
5586,223289.7000
5587,223289.7000
5588,223289.7000
5589,223289.7000
5590,223289.7000
5591,223289.7000
5592,223289.7000
5593,223289.7000
5594,223289.7000
5595,223289.7000
5596,223289.7000
5597,223289.7000
5598,223289.7000
5599,223289.7000
5600,223289.7000
5601,223289.7000
5602,223289.7000
5603,223289.7000
5604,223289.7000
5605,223289.7000
5606,223289.7000
5607,223289.7000
5608,223289.7000
5609,223289.7000
5610,223289.7000
5611,223289.7000
5612,223289.7000
5613,223289.7000
5614,223289.7000
5615,223289.7000
5616,223289.7000
5617,223289.7000
5618,223289.7000
5619,223289.7000
5620,223289.7000
5621,223289.7000
5622,223289.7000
5623,223289.7000
5624,223289.7000
5625,223289.7000
5626,223289.7000
5627,223289.7000
5628,223289.7000
5629,223289.7000
5630,223289.7000
5631,223289.7000
5632,223289.7000
5633,223289.7000
5634,223289.7000
5635,223289.7000
5636,223289.7000
5637,223289.7000
5638,223289.7000
5639,223289.7000
5640,223289.7000
5641,223289.7000
5642,223289.7000
5643,223289.7000
5644,223289.7000
5645,223289.7000
5646,223289.7000
5647,223289.7000
5648,223289.7000
5649,223289.7000
5650,223289.7000
5651,223289.7000
5652,223289.7000
5653,223289.7000
5654,223289.7000
5655,223289.7000
5656,223289.7000
5657,223289.7000
5658,223289.7000
5659,223289.7000
5660,223289.7000
5661,223289.7000
5662,223289.7000
5663,223289.7000
5664,223289.7000
5665,223289.7000
5666,223289.7000
5667,223289.7000
5668,223289.7000
5669,223289.7000
5670,223289.7000
5671,223289.7000
5672,223289.7000
5673,223289.7000
5674,223289.7000
5675,223289.7000
5676,223289.7000
5677,223289.7000
5678,223289.7000
5679,223289.7000
5680,223289.7000
5681,223289.7000
5682,223289.7000
5683,223289.7000
5684,223289.7000
5685,223289.7000
5686,223289.7000
5687,223289.7000
5688,223289.7000
5689,223289.7000
5690,223289.7000
5691,223289.7000
5692,223289.7000
5693,223289.7000
5694,223289.7000
5695,223289.7000
5696,223289.7000
5697,223289.7000
5698,223289.7000
5699,223289.7000
5700,223289.7000
5701,223289.7000
5702,223289.7000
5703,223289.7000
5704,223289.7000
5705,223289.7000
5706,223289.7000
5707,223289.7000
5708,223289.7000
5709,223289.7000
5710,223289.7000
5711,223289.7000
5712,223289.7000
5713,223289.7000
5714,223289.7000
5715,223289.7000
5716,223289.7000
5717,223289.7000
5718,223289.7000
5719,223289.7000
5720,223289.7000
5721,223289.7000
5722,223289.7000
5723,223289.7000
5724,223289.7000
5725,223289.7000
5726,223289.7000
5727,223289.7000
5728,223289.7000
5729,223289.7000
5730,223289.7000
5731,223289.7000
5732,223289.7000
5733,223289.7000
5734,223289.7000
5735,223289.7000
5736,223289.7000
5737,223289.7000
5738,223289.7000
5739,223289.7000
5740,223289.7000
5741,223289.7000
5742,223289.7000
5743,223289.7000
5744,223289.7000
5745,223289.7000
5746,223289.7000
5747,223289.7000
5748,223289.7000
5749,223289.7000
5750,223289.7000
5751,223289.7000
5752,223289.7000
5753,223289.7000
5754,223289.7000
5755,223289.7000
5756,223289.7000
5757,223289.7000
5758,223289.7000
5759,223289.7000
5760,223289.7000
5761,223289.7000
5762,223289.7000
5763,223289.7000
5764,223289.7000
5765,223289.7000
5766,223289.7000
5767,223289.7000
5768,223289.7000
5769,223289.7000
5770,223289.7000
5771,223289.7000
5772,223289.7000
5773,223289.7000
5774,223289.7000
5775,223289.7000
5776,223289.7000
5777,223289.7000
5778,223289.7000
5779,223289.7000
5780,223289.7000
5781,223289.7000
5782,223289.7000
5783,223289.7000
5784,223289.7000
5785,223289.7000
5786,223289.7000
5787,223289.7000
5788,223289.7000
5789,223289.7000
5790,223289.7000
5791,223289.7000
5792,223289.7000
5793,223289.7000
5794,223289.7000
5795,223289.7000
5796,223289.7000
5797,223289.7000
5798,223289.7000
5799,223289.7000
5800,223289.7000
5801,223289.7000
5802,223289.7000
5803,223289.7000
5804,223289.7000
5805,223289.7000
5806,223289.7000
5807,223289.7000
5808,223289.7000
5809,223289.7000
5810,223289.7000
5811,223289.7000
5812,223289.7000
5813,223289.7000
5814,223289.7000
5815,223289.7000
5816,223289.7000
5817,223289.7000
5818,223289.7000
5819,223289.7000
5820,223289.7000
5821,223289.7000
5822,223289.7000
5823,223289.7000
5824,223289.7000
5825,223289.7000
5826,223289.7000
5827,223289.7000
5828,223289.7000
5829,223289.7000
5830,223289.7000
5831,223289.7000
5832,223289.7000
5833,223289.7000
5834,223289.7000
5835,223289.7000
5836,223289.7000
5837,223289.7000
5838,223289.7000
5839,223289.7000
5840,223289.7000
5841,223289.7000
5842,223289.7000
5843,223289.7000
5844,223289.7000
5845,223289.7000
5846,223289.7000
5847,223289.7000
5848,223289.7000
5849,223289.7000
5850,223289.7000
5851,223289.7000
5852,223289.7000
5853,223289.7000
5854,223289.7000
5855,223289.7000
5856,223289.7000
5857,223289.7000
5858,223289.7000
5859,223289.7000
5860,223289.7000
5861,223289.7000
5862,223289.7000
5863,223289.7000
5864,223289.7000
5865,223289.7000
5866,223289.7000
5867,223289.7000
5868,223289.7000
5869,223289.7000
5870,223289.7000
5871,223289.7000
5872,223289.7000
5873,223289.7000
5874,223289.7000
5875,223289.7000
5876,223289.7000
5877,223289.7000
5878,223289.7000
5879,223289.7000
5880,223289.7000
5881,223289.7000
5882,223289.7000
5883,223289.7000
5884,223289.7000
5885,223289.7000
5886,223289.7000
5887,223289.7000
5888,223289.7000
5889,223289.7000
5890,223289.7000
5891,223289.7000
5892,223289.7000
5893,223289.7000
5894,223289.7000
5895,223289.7000
5896,223289.7000
5897,223289.7000
5898,223289.7000
5899,223289.7000
5900,223289.7000
5901,223289.7000
5902,223289.7000
5903,223289.7000
5904,223289.7000
5905,223289.7000
5906,223289.7000
5907,223289.7000
5908,223289.7000
5909,223289.7000
5910,223289.7000
5911,223289.7000
5912,223289.7000
5913,223289.7000
5914,223289.7000
5915,223289.7000
5916,223289.7000
5917,223289.7000
5918,223289.7000
5919,223289.7000
5920,223289.7000
5921,223289.7000
5922,223289.7000
5923,223289.7000
5924,223289.7000
5925,223289.7000
5926,223289.7000
5927,223289.7000
5928,223289.7000
5929,223289.7000
5930,223289.7000
5931,223289.7000
5932,223289.7000
5933,223289.7000
5934,223289.7000
5935,223289.7000
5936,223289.7000
5937,223289.7000
5938,223289.7000
5939,223289.7000
5940,223289.7000
5941,223289.7000
5942,223289.7000
5943,223289.7000
5944,223289.7000
5945,223289.7000
5946,223289.7000
5947,223289.7000
5948,223289.7000
5949,223289.7000
5950,223289.7000
5951,223289.7000
5952,223289.7000
5953,223289.7000
5954,223289.7000
5955,223289.7000
5956,223289.7000
5957,223289.7000
5958,223289.7000
5959,223289.7000
5960,223289.7000
5961,223289.7000
5962,223289.7000
5963,223289.7000
5964,223289.7000
5965,223289.7000
5966,223289.7000
5967,223289.7000
5968,223289.7000
5969,223289.7000
5970,223289.7000
5971,223289.7000
5972,223289.7000
5973,223289.7000
5974,223289.7000
5975,223289.7000
5976,223289.7000
5977,223289.7000
5978,223289.7000
5979,223289.7000
5980,223289.7000
5981,223289.7000
5982,223289.7000
5983,223289.7000
5984,223289.7000
5985,223289.7000
5986,223289.7000
5987,223289.7000
5988,223289.7000
5989,223289.7000
5990,223289.7000
5991,223289.7000
5992,223289.7000
5993,223289.7000
5994,223289.7000
5995,223289.7000
5996,223289.7000
5997,223289.7000
5998,223289.7000
5999,223289.7000
6000,223289.7000
6001,223289.7000
6002,223289.7000
6003,223289.7000
6004,223289.7000
6005,223289.7000
6006,223289.7000
6007,223289.7000
6008,223289.7000
6009,223289.7000
6010,223289.7000
6011,223289.7000
6012,223289.7000
6013,223289.7000
6014,223289.7000
6015,223289.7000
6016,223289.7000
6017,223289.7000
6018,223289.7000
6019,223289.7000
6020,223289.7000
6021,223289.7000
6022,223289.7000
6023,223289.7000
6024,223289.7000
6025,223289.7000
6026,223289.7000
6027,223289.7000
6028,223289.7000
6029,223289.7000
6030,223289.7000
6031,223289.7000
6032,223289.7000
6033,223289.7000
6034,223289.7000
6035,223289.7000
6036,223289.7000
6037,223289.7000
6038,223289.7000
6039,223289.7000
6040,223289.7000
6041,223289.7000
6042,223289.7000
6043,223289.7000
6044,223289.7000
6045,223289.7000
6046,223289.7000
6047,223289.7000
6048,223289.7000
6049,223289.7000
6050,223289.7000
6051,223289.7000
6052,223289.7000
6053,223289.7000
6054,223289.7000
6055,223289.7000
6056,223289.7000
6057,223289.7000
6058,223289.7000
6059,223289.7000
6060,223289.7000
6061,223289.7000
6062,223289.7000
6063,223289.7000
6064,223289.7000
6065,223289.7000
6066,223289.7000
6067,223289.7000
6068,223289.7000
6069,223289.7000
6070,223289.7000
6071,223289.7000
6072,223289.7000
6073,223289.7000
6074,223289.7000
6075,223289.7000
6076,223289.7000
6077,223289.7000
6078,223289.7000
6079,223289.7000
6080,223289.7000
6081,223289.7000
6082,223289.7000
6083,223289.7000
6084,223289.7000
6085,223289.7000
6086,223289.7000
6087,223289.7000
6088,223289.7000
6089,223289.7000
6090,223289.7000
6091,223289.7000
6092,223289.7000
6093,223289.7000
6094,223289.7000
6095,223289.7000
6096,223289.7000
6097,223289.7000
6098,223289.7000
6099,223289.7000
6100,223289.7000
6101,223289.7000
6102,223289.7000
6103,223289.7000
6104,223289.7000
6105,223289.7000
6106,223289.7000
6107,223289.7000
6108,223289.7000
6109,223289.7000
6110,223289.7000
6111,223289.7000
6112,223289.7000
6113,223289.7000
6114,223289.7000
6115,223289.7000
6116,223289.7000
6117,223289.7000
6118,223289.7000
6119,223289.7000
6120,223289.7000
6121,223289.7000
6122,223289.7000
6123,223289.7000
6124,223289.7000
6125,223289.7000
6126,223289.7000
6127,223289.7000
6128,223289.7000
6129,223289.7000
6130,223289.7000
6131,223289.7000
6132,223289.7000
6133,223289.7000
6134,223289.7000
6135,223289.7000
6136,223289.7000
6137,223289.7000
6138,223289.7000
6139,223289.7000
6140,223289.7000
6141,223289.7000
6142,223289.7000
6143,223289.7000
6144,223289.7000
6145,223289.7000
6146,223289.7000
6147,223289.7000
6148,223289.7000
6149,223289.7000
6150,223289.7000
6151,223289.7000
6152,223289.7000
6153,223289.7000
6154,223289.7000
6155,223289.7000
6156,223289.7000
6157,223289.7000
6158,223289.7000
6159,223289.7000
6160,223289.7000
6161,223289.7000
6162,223289.7000
6163,223289.7000
6164,223289.7000
6165,223289.7000
6166,223289.7000
6167,223289.7000
6168,223289.7000
6169,223289.7000
6170,223289.7000
6171,223289.7000
6172,223289.7000
6173,223289.7000
6174,223289.7000
6175,223289.7000
6176,223289.7000
6177,223289.7000
6178,223289.7000
6179,223289.7000
6180,223289.7000
6181,223289.7000
6182,223289.7000
6183,223289.7000
6184,223289.7000
6185,223289.7000
6186,223289.7000
6187,223289.7000
6188,223289.7000
6189,223289.7000
6190,223289.7000
6191,223289.7000
6192,223289.7000
6193,223289.7000
6194,223289.7000
6195,223289.7000
6196,223289.7000
6197,223289.7000
6198,223289.7000
6199,223289.7000
6200,223289.7000
6201,223289.7000
6202,223289.7000
6203,223289.7000
6204,223289.7000
6205,223289.7000
6206,223289.7000
6207,223289.7000
6208,223289.7000
6209,223289.7000
6210,223289.7000
6211,223289.7000
6212,223289.7000
6213,223289.7000
6214,223289.7000
6215,223289.7000
6216,223289.7000
6217,223289.7000
6218,223289.7000
6219,223289.7000
6220,223289.7000
6221,223289.7000
6222,223289.7000
6223,223289.7000
6224,223289.7000
6225,223289.7000
6226,223289.7000
6227,223289.7000
6228,223289.7000
6229,223289.7000
6230,223289.7000
6231,223289.7000
6232,223289.7000
6233,223289.7000
6234,223289.7000
6235,223289.7000
6236,223289.7000
6237,223289.7000
6238,223289.7000
6239,223289.7000
6240,223289.7000
6241,223289.7000
6242,223289.7000
6243,223289.7000
6244,223289.7000
6245,223289.7000
6246,223289.7000
6247,223289.7000
6248,223289.7000
6249,223289.7000
6250,223289.7000
6251,223289.7000
6252,223289.7000
6253,223289.7000
6254,223289.7000
6255,223289.7000
6256,223289.7000
6257,223289.7000
6258,223289.7000
6259,223289.7000
6260,223289.7000
6261,223289.7000
6262,223289.7000
6263,223289.7000
6264,223289.7000
6265,223289.7000
6266,223289.7000
6267,223289.7000
6268,223289.7000
6269,223289.7000
6270,223289.7000
6271,223289.7000
6272,223289.7000
6273,223289.7000
6274,223289.7000
6275,223289.7000
6276,223289.7000
6277,223289.7000
6278,223289.7000
6279,223289.7000
6280,223289.7000
6281,223289.7000
6282,223289.7000
6283,223289.7000
6284,223289.7000
6285,223289.7000
6286,223289.7000
6287,223289.7000
6288,223289.7000
6289,223289.7000
6290,223289.7000
6291,223289.7000
6292,223289.7000
6293,223289.7000
6294,223289.7000
6295,223289.7000
6296,223289.7000
6297,223289.7000
6298,223289.7000
6299,223289.7000
6300,223289.7000
6301,223289.7000
6302,223289.7000
6303,223289.7000
6304,223289.7000
6305,223289.7000
6306,223289.7000
6307,223289.7000
6308,223289.7000
6309,223289.7000
6310,223289.7000
6311,223289.7000
6312,223289.7000
6313,223289.7000
6314,223289.7000
6315,223289.7000
6316,223289.7000
6317,223289.7000
6318,223289.7000
6319,223289.7000
6320,223289.7000
6321,223289.7000
6322,223289.7000
6323,223289.7000
6324,223289.7000
6325,223289.7000
6326,223289.7000
6327,223289.7000
6328,223289.7000
6329,223289.7000
6330,223289.7000
6331,223289.7000
6332,223289.7000
6333,223289.7000
6334,223289.7000
6335,223289.7000
6336,223289.7000
6337,223289.7000
6338,223289.7000
6339,223289.7000
6340,223289.7000
6341,223289.7000
6342,223289.7000
6343,223289.7000
6344,223289.7000
6345,223289.7000
6346,223289.7000
6347,223289.7000
6348,223289.7000
6349,223289.7000
6350,223289.7000
6351,223289.7000
6352,223289.7000
6353,223289.7000
6354,223289.7000
6355,223289.7000
6356,223289.7000
6357,223289.7000
6358,223289.7000
6359,223289.7000
6360,223289.7000
6361,223289.7000
6362,223289.7000
6363,223289.7000
6364,223289.7000
6365,223289.7000
6366,223289.7000
6367,223289.7000
6368,223289.7000
6369,223289.7000
6370,223289.7000
6371,223289.7000
6372,223289.7000
6373,223289.7000
6374,223289.7000
6375,223289.7000
6376,223289.7000
6377,223289.7000
6378,223289.7000
6379,223289.7000
6380,223289.7000
6381,223289.7000
6382,223289.7000
6383,223289.7000
6384,223289.7000
6385,223289.7000
6386,223289.7000
6387,223289.7000
6388,223289.7000
6389,223289.7000
6390,223289.7000
6391,223289.7000
6392,223289.7000
6393,223289.7000
6394,223289.7000
6395,223289.7000
6396,223289.7000
6397,223289.7000
6398,223289.7000
6399,223289.7000
6400,223289.7000
6401,223289.7000
6402,223289.7000
6403,223289.7000
6404,223289.7000
6405,223289.7000
6406,223289.7000
6407,223289.7000
6408,223289.7000
6409,223289.7000
6410,223289.7000
6411,223289.7000
6412,223289.7000
6413,223289.7000
6414,223289.7000
6415,223289.7000
6416,223289.7000
6417,223289.7000
6418,223289.7000
6419,223289.7000
6420,223289.7000
6421,223289.7000
6422,223289.7000
6423,223289.7000
6424,223289.7000
6425,223289.7000
6426,223289.7000
6427,223289.7000
6428,223289.7000
6429,223289.7000
6430,223289.7000
6431,223289.7000
6432,223289.7000
6433,223289.7000
6434,223289.7000
6435,223289.7000
6436,223289.7000
6437,223289.7000
6438,223289.7000
6439,223289.7000
6440,223289.7000
6441,223289.7000
6442,223289.7000
6443,223289.7000
6444,223289.7000
6445,223289.7000
6446,223289.7000
6447,223289.7000
6448,223289.7000
6449,223289.7000
6450,223289.7000
6451,223289.7000
6452,223289.7000
6453,223289.7000
6454,223289.7000
6455,223289.7000
6456,223289.7000
6457,223289.7000
6458,223289.7000
6459,223289.7000
6460,223289.7000
6461,223289.7000
6462,223289.7000
6463,223289.7000
6464,223289.7000
6465,223289.7000
6466,223289.7000
6467,223289.7000
6468,223289.7000
6469,223289.7000
6470,223289.7000
6471,223289.7000
6472,223289.7000
6473,223289.7000
6474,223289.7000
6475,223289.7000
6476,223289.7000
6477,223289.7000
6478,223289.7000
6479,223289.7000
6480,223289.7000
6481,223289.7000
6482,223289.7000
6483,223289.7000
6484,223289.7000
6485,223289.7000
6486,223289.7000
6487,223289.7000
6488,223289.7000
6489,223289.7000
6490,223289.7000
6491,223289.7000
6492,223289.7000
6493,223289.7000
6494,223289.7000
6495,223289.7000
6496,223289.7000
6497,223289.7000
6498,223289.7000
6499,223289.7000
6500,223289.7000
6501,223289.7000
6502,223289.7000
6503,223289.7000
6504,223289.7000
6505,223289.7000
6506,223289.7000
6507,223289.7000
6508,223289.7000
6509,223289.7000
6510,223289.7000
6511,223289.7000
6512,223289.7000
6513,223289.7000
6514,223289.7000
6515,223289.7000
6516,223289.7000
6517,223289.7000
6518,223289.7000
6519,223289.7000
6520,223289.7000
6521,223289.7000
6522,223289.7000
6523,223289.7000
6524,223289.7000
6525,223289.7000
6526,223289.7000
6527,223289.7000
6528,223289.7000
6529,223289.7000
6530,223289.7000
6531,223289.7000
6532,223289.7000
6533,223289.7000
6534,223289.7000
6535,223289.7000
6536,223289.7000
6537,223289.7000
6538,223289.7000
6539,223289.7000
6540,223289.7000
6541,223289.7000
6542,223289.7000
6543,223289.7000
6544,223289.7000
6545,223289.7000
6546,223289.7000
6547,223289.7000
6548,223289.7000
6549,223289.7000
6550,223289.7000
6551,223289.7000
6552,223289.7000
6553,223289.7000
6554,223289.7000
6555,223289.7000
6556,223289.7000
6557,223289.7000
6558,223289.7000
6559,223289.7000
6560,223289.7000
6561,223289.7000
6562,223289.7000
6563,223289.7000
6564,223289.7000
6565,223289.7000
6566,223289.7000
6567,223289.7000
6568,223289.7000
6569,223289.7000
6570,223289.7000
6571,223289.7000
6572,223289.7000
6573,223289.7000
6574,223289.7000
6575,223289.7000
6576,223289.7000
6577,223289.7000
6578,223289.7000
6579,223289.7000
6580,223289.7000
6581,223289.7000
6582,223289.7000
6583,223289.7000
6584,223289.7000
6585,223289.7000
6586,223289.7000
6587,223289.7000
6588,223289.7000
6589,223289.7000
6590,223289.7000
6591,223289.7000
6592,223289.7000
6593,223289.7000
6594,223289.7000
6595,223289.7000
6596,223289.7000
6597,223289.7000
6598,223289.7000
6599,223289.7000
6600,223289.7000
6601,223289.7000
6602,223289.7000
6603,223289.7000
6604,223289.7000
6605,223289.7000
6606,223289.7000
6607,223289.7000
6608,223289.7000
6609,223289.7000
6610,223289.7000
6611,223289.7000
6612,223289.7000
6613,223289.7000
6614,223289.7000
6615,223289.7000
6616,223289.7000
6617,223289.7000
6618,223289.7000
6619,223289.7000
6620,223289.7000
6621,223289.7000
6622,223289.7000
6623,223289.7000
6624,223289.7000
6625,223289.7000
6626,223289.7000
6627,223289.7000
6628,223289.7000
6629,223289.7000
6630,223289.7000
6631,223289.7000
6632,223289.7000
6633,223289.7000
6634,223289.7000
6635,223289.7000
6636,223289.7000
6637,223289.7000
6638,223289.7000
6639,223289.7000
6640,223289.7000
6641,223289.7000
6642,223289.7000
6643,223289.7000
6644,223289.7000
6645,223289.7000
6646,223289.7000
6647,223289.7000
6648,223289.7000
6649,223289.7000
6650,223289.7000
6651,223289.7000
6652,223289.7000
6653,223289.7000
6654,223289.7000
6655,223289.7000
6656,223289.7000
6657,223289.7000
6658,223289.7000
6659,223289.7000
6660,223289.7000
6661,223289.7000
6662,223289.7000
6663,223289.7000
6664,223289.7000
6665,223289.7000
6666,223289.7000
6667,223289.7000
6668,223289.7000
6669,223289.7000
6670,223289.7000
6671,223289.7000
6672,223289.7000
6673,223289.7000
6674,223289.7000
6675,223289.7000
6676,223289.7000
6677,223289.7000
6678,223289.7000
6679,223289.7000
6680,223289.7000
6681,223289.7000
6682,223289.7000
6683,223289.7000
6684,223289.7000
6685,223289.7000
6686,223289.7000
6687,223289.7000
6688,223289.7000
6689,223289.7000
6690,223289.7000
6691,223289.7000
6692,223289.7000
6693,223289.7000
6694,223289.7000
6695,223289.7000
6696,223289.7000
6697,223289.7000
6698,223289.7000
6699,223289.7000
6700,223289.7000
6701,223289.7000
6702,223289.7000
6703,223289.7000
6704,223289.7000
6705,223289.7000
6706,223289.7000
6707,223289.7000
6708,223289.7000
6709,223289.7000
6710,223289.7000
6711,223289.7000
6712,223289.7000
6713,223289.7000
6714,223289.7000
6715,223289.7000
6716,223289.7000
6717,223289.7000
6718,223289.7000
6719,223289.7000
6720,223289.7000
6721,223289.7000
6722,223289.7000
6723,223289.7000
6724,223289.7000
6725,223289.7000
6726,223289.7000
6727,223289.7000
6728,223289.7000
6729,223289.7000
6730,223289.7000
6731,223289.7000
6732,223289.7000
6733,223289.7000
6734,223289.7000
6735,223289.7000
6736,223289.7000
6737,223289.7000
6738,223289.7000
6739,223289.7000
6740,223289.7000
6741,223289.7000
6742,223289.7000
6743,223289.7000
6744,223289.7000
6745,223289.7000
6746,223289.7000
6747,223289.7000
6748,223289.7000
6749,223289.7000
6750,223289.7000
6751,223289.7000
6752,223289.7000
6753,223289.7000
6754,223289.7000
6755,223289.7000
6756,223289.7000
6757,223289.7000
6758,223289.7000
6759,223289.7000
6760,223289.7000
6761,223289.7000
6762,223289.7000
6763,223289.7000
6764,223289.7000
6765,223289.7000
6766,223289.7000
6767,223289.7000
6768,223289.7000
6769,223289.7000
6770,223289.7000
6771,223289.7000
6772,223289.7000
6773,223289.7000
6774,223289.7000
6775,223289.7000
6776,223289.7000
6777,223289.7000
6778,223289.7000
6779,223289.7000
6780,223289.7000
6781,223289.7000
6782,223289.7000
6783,223289.7000
6784,223289.7000
6785,223289.7000
6786,223289.7000
6787,223289.7000
6788,223289.7000
6789,223289.7000
6790,223289.7000
6791,223289.7000
6792,223289.7000
6793,223289.7000
6794,223289.7000
6795,223289.7000
6796,223289.7000
6797,223289.7000
6798,223289.7000
6799,223289.7000
6800,223289.7000
6801,223289.7000
6802,223289.7000
6803,223289.7000
6804,223289.7000
6805,223289.7000
6806,223289.7000
6807,223289.7000
6808,223289.7000
6809,223289.7000
6810,223289.7000
6811,223289.7000
6812,223289.7000
6813,223289.7000
6814,223289.7000
6815,223289.7000
6816,223289.7000
6817,223289.7000
6818,223289.7000
6819,223289.7000
6820,223289.7000
6821,223289.7000
6822,223289.7000
6823,223289.7000
6824,223289.7000
6825,223289.7000
6826,223289.7000
6827,223289.7000
6828,223289.7000
6829,223289.7000
6830,223289.7000
6831,223289.7000
6832,223289.7000
6833,223289.7000
6834,223289.7000
6835,223289.7000
6836,223289.7000
6837,223289.7000
6838,223289.7000
6839,223289.7000
6840,223289.7000
6841,223289.7000
6842,223289.7000
6843,223289.7000
6844,223289.7000
6845,223289.7000
6846,223289.7000
6847,223289.7000
6848,223289.7000
6849,223289.7000
6850,223289.7000
6851,223289.7000
6852,223289.7000
6853,223289.7000
6854,223289.7000
6855,223289.7000
6856,223289.7000
6857,223289.7000
6858,223289.7000
6859,223289.7000
6860,223289.7000
6861,223289.7000
6862,223289.7000
6863,223289.7000
6864,223289.7000
6865,223289.7000
6866,223289.7000
6867,223289.7000
6868,223289.7000
6869,223289.7000
6870,223289.7000
6871,223289.7000
6872,223289.7000
6873,223289.7000
6874,223289.7000
6875,223289.7000
6876,223289.7000
6877,223289.7000
6878,223289.7000
6879,223289.7000
6880,223289.7000
6881,223289.7000
6882,223289.7000
6883,223289.7000
6884,223289.7000
6885,223289.7000
6886,223289.7000
6887,223289.7000
6888,223289.7000
6889,223289.7000
6890,223289.7000
6891,223289.7000
6892,223289.7000
6893,223289.7000
6894,223289.7000
6895,223289.7000
6896,223289.7000
6897,223289.7000
6898,223289.7000
6899,223289.7000
6900,223289.7000
6901,223289.7000
6902,223289.7000
6903,223289.7000
6904,223289.7000
6905,223289.7000
6906,223289.7000
6907,223289.7000
6908,223289.7000
6909,223289.7000
6910,223289.7000
6911,223289.7000
6912,223289.7000
6913,223289.7000
6914,223289.7000
6915,223289.7000
6916,223289.7000
6917,223289.7000
6918,223289.7000
6919,223289.7000
6920,223289.7000
6921,223289.7000
6922,223289.7000
6923,223289.7000
6924,223289.7000
6925,223289.7000
6926,223289.7000
6927,223289.7000
6928,223289.7000
6929,223289.7000
6930,223289.7000
6931,223289.7000
6932,223289.7000
6933,223289.7000
6934,223289.7000
6935,223289.7000
6936,223289.7000
6937,223289.7000
6938,223289.7000
6939,223289.7000
6940,223289.7000
6941,223289.7000
6942,223289.7000
6943,223289.7000
6944,223289.7000
6945,223289.7000
6946,223289.7000
6947,223289.7000
6948,223289.7000
6949,223289.7000
6950,223289.7000
6951,223289.7000
6952,223289.7000
6953,223289.7000
6954,223289.7000
6955,223289.7000
6956,223289.7000
6957,223289.7000
6958,223289.7000
6959,223289.7000
6960,223289.7000
6961,223289.7000
6962,223289.7000
6963,223289.7000
6964,223289.7000
6965,223289.7000
6966,223289.7000
6967,223289.7000
6968,223289.7000
6969,223289.7000
6970,223289.7000
6971,223289.7000
6972,223289.7000
6973,223289.7000
6974,223289.7000
6975,223289.7000
6976,223289.7000
6977,223289.7000
6978,223289.7000
6979,223289.7000
6980,223289.7000
6981,223289.7000
6982,223289.7000
6983,223289.7000
6984,223289.7000
6985,223289.7000
6986,223289.7000
6987,223289.7000
6988,223289.7000
6989,223289.7000
6990,223289.7000
6991,223289.7000
6992,223289.7000
6993,223289.7000
6994,223289.7000
6995,223289.7000
6996,223289.7000
6997,223289.7000
6998,223289.7000
6999,223289.7000
7000,223289.7000
7001,223289.7000
7002,223289.7000
7003,223289.7000
7004,223289.7000
7005,223289.7000
7006,223289.7000
7007,223289.7000
7008,223289.7000
7009,223289.7000
7010,223289.7000
7011,223289.7000
7012,223289.7000
7013,223289.7000
7014,223289.7000
7015,223289.7000
7016,223289.7000
7017,223289.7000
7018,223289.7000
7019,223289.7000
7020,223289.7000
7021,223289.7000
7022,223289.7000
7023,223289.7000
7024,223289.7000
7025,223289.7000
7026,223289.7000
7027,223289.7000
7028,223289.7000
7029,223289.7000
7030,223289.7000
7031,223289.7000
7032,223289.7000
7033,223289.7000
7034,223289.7000
7035,223289.7000
7036,223289.7000
7037,223289.7000
7038,223289.7000
7039,223289.7000
7040,223289.7000
7041,223289.7000
7042,223289.7000
7043,223289.7000
7044,223289.7000
7045,223289.7000
7046,223289.7000
7047,223289.7000
7048,223289.7000
7049,223289.7000
7050,223289.7000
7051,223289.7000
7052,223289.7000
7053,223289.7000
7054,223289.7000
7055,223289.7000
7056,223289.7000
7057,223289.7000
7058,223289.7000
7059,223289.7000
7060,223289.7000
7061,223289.7000
7062,223289.7000
7063,223289.7000
7064,223289.7000
7065,223289.7000
7066,223289.7000
7067,223289.7000
7068,223289.7000
7069,223289.7000
7070,223289.7000
7071,223289.7000
7072,223289.7000
7073,223289.7000
7074,223289.7000
7075,223289.7000
7076,223289.7000
7077,223289.7000
7078,223289.7000
7079,223289.7000
7080,223289.7000
7081,223289.7000
7082,223289.7000
7083,223289.7000
7084,223289.7000
7085,223289.7000
7086,223289.7000
7087,223289.7000
7088,223289.7000
7089,223289.7000
7090,223289.7000
7091,223289.7000
7092,223289.7000
7093,223289.7000
7094,223289.7000
7095,223289.7000
7096,223289.7000
7097,223289.7000
7098,223289.7000
7099,223289.7000
7100,223289.7000
7101,223289.7000
7102,223289.7000
7103,223289.7000
7104,223289.7000
7105,223289.7000
7106,223289.7000
7107,223289.7000
7108,223289.7000
7109,223289.7000
7110,223289.7000
7111,223289.7000
7112,223289.7000
7113,223289.7000
7114,223289.7000
7115,223289.7000
7116,223289.7000
7117,223289.7000
7118,223289.7000
7119,223289.7000
7120,223289.7000
7121,223289.7000
7122,223289.7000
7123,223289.7000
7124,223289.7000
7125,223289.7000
7126,223289.7000
7127,223289.7000
7128,223289.7000
7129,223289.7000
7130,223289.7000
7131,223289.7000
7132,223289.7000
7133,223289.7000
7134,223289.7000
7135,223289.7000
7136,223289.7000
7137,223289.7000
7138,223289.7000
7139,223289.7000
7140,223289.7000
7141,223289.7000
7142,223289.7000
7143,223289.7000
7144,223289.7000
7145,223289.7000
7146,223289.7000
7147,223289.7000
7148,223289.7000
7149,223289.7000
7150,223289.7000
7151,223289.7000
7152,223289.7000
7153,223289.7000
7154,223289.7000
7155,223289.7000
7156,223289.7000
7157,223289.7000
7158,223289.7000
7159,223289.7000
7160,223289.7000
7161,223289.7000
7162,223289.7000
7163,223289.7000
7164,223289.7000
7165,223289.7000
7166,223289.7000
7167,223289.7000
7168,223289.7000
7169,223289.7000
7170,223289.7000
7171,223289.7000
7172,223289.7000
7173,223289.7000
7174,223289.7000
7175,223289.7000
7176,223289.7000
7177,223289.7000
7178,223289.7000
7179,223289.7000
7180,223289.7000
7181,223289.7000
7182,223289.7000
7183,223289.7000
7184,223289.7000
7185,223289.7000
7186,223289.7000
7187,223289.7000
7188,223289.7000
7189,223289.7000
7190,223289.7000
7191,223289.7000
7192,223289.7000
7193,223289.7000
7194,223289.7000
7195,223289.7000
7196,223289.7000
7197,223289.7000
7198,223289.7000
7199,223289.7000
7200,223289.7000
7201,223289.7000
7202,223289.7000
7203,223289.7000
7204,223289.7000
7205,223289.7000
7206,223289.7000
7207,223289.7000
7208,223289.7000
7209,223289.7000
7210,223289.7000
7211,223289.7000
7212,223289.7000
7213,223289.7000
7214,223289.7000
7215,223289.7000
7216,223289.7000
7217,223289.7000
7218,223289.7000
7219,223289.7000
7220,223289.7000
7221,223289.7000
7222,223289.7000
7223,223289.7000
7224,223289.7000
7225,223289.7000
7226,223289.7000
7227,223289.7000
7228,223289.7000
7229,223289.7000
7230,223289.7000
7231,223289.7000
7232,223289.7000
7233,223289.7000
7234,223289.7000
7235,223289.7000
7236,223289.7000
7237,223289.7000
7238,223289.7000
7239,223289.7000
7240,223289.7000
7241,223289.7000
7242,223289.7000
7243,223289.7000
7244,223289.7000
7245,223289.7000
7246,223289.7000
7247,223289.7000
7248,223289.7000
7249,223289.7000
7250,223289.7000
7251,223289.7000
7252,223289.7000
7253,223289.7000
7254,223289.7000
7255,223289.7000
7256,223289.7000
7257,223289.7000
7258,223289.7000
7259,223289.7000
7260,223289.7000
7261,223289.7000
7262,223289.7000
7263,223289.7000
7264,223289.7000
7265,223289.7000
7266,223289.7000
7267,223289.7000
7268,223289.7000
7269,223289.7000
7270,223289.7000
7271,223289.7000
7272,223289.7000
7273,223289.7000
7274,223289.7000
7275,223289.7000
7276,223289.7000
7277,223289.7000
7278,223289.7000
7279,223289.7000
7280,223289.7000
7281,223289.7000
7282,223289.7000
7283,223289.7000
7284,223289.7000
7285,223289.7000
7286,223289.7000
7287,223289.7000
7288,223289.7000
7289,223289.7000
7290,223289.7000
7291,223289.7000
7292,223289.7000
7293,223289.7000
7294,223289.7000
7295,223289.7000
7296,223289.7000
7297,223289.7000
7298,223289.7000
7299,223289.7000
7300,223289.7000
7301,223289.7000
7302,223289.7000
7303,223289.7000
7304,223289.7000
7305,223289.7000
7306,223289.7000
7307,223289.7000
7308,223289.7000
7309,223289.7000
7310,223289.7000
7311,223289.7000
7312,223289.7000
7313,223289.7000
7314,223289.7000
7315,223289.7000
7316,223289.7000
7317,223289.7000
7318,223289.7000
7319,223289.7000
7320,223289.7000
7321,223289.7000
7322,223289.7000
7323,223289.7000
7324,223289.7000
7325,223289.7000
7326,223289.7000
7327,223289.7000
7328,223289.7000
7329,223289.7000
7330,223289.7000
7331,223289.7000
7332,223289.7000
7333,223289.7000
7334,223289.7000
7335,223289.7000
7336,223289.7000
7337,223289.7000
7338,223289.7000
7339,223289.7000
7340,223289.7000
7341,223289.7000
7342,223289.7000
7343,223289.7000
7344,223289.7000
7345,223289.7000
7346,223289.7000
7347,223289.7000
7348,223289.7000
7349,223289.7000
7350,223289.7000
7351,223289.7000
7352,223289.7000
7353,223289.7000
7354,223289.7000
7355,223289.7000
7356,223289.7000
7357,223289.7000
7358,223289.7000
7359,223289.7000
7360,223289.7000
7361,223289.7000
7362,223289.7000
7363,223289.7000
7364,223289.7000
7365,223289.7000
7366,223289.7000
7367,223289.7000
7368,223289.7000
7369,223289.7000
7370,223289.7000
7371,223289.7000
7372,223289.7000
7373,223289.7000
7374,223289.7000
7375,223289.7000
7376,223289.7000
7377,223289.7000
7378,223289.7000
7379,223289.7000
7380,223289.7000
7381,223289.7000
7382,223289.7000
7383,223289.7000
7384,223289.7000
7385,223289.7000
7386,223289.7000
7387,223289.7000
7388,223289.7000
7389,223289.7000
7390,223289.7000
7391,223289.7000
7392,223289.7000
7393,223289.7000
7394,223289.7000
7395,223289.7000
7396,223289.7000
7397,223289.7000
7398,223289.7000
7399,223289.7000
7400,223289.7000
7401,223289.7000
7402,223289.7000
7403,223289.7000
7404,223289.7000
7405,223289.7000
7406,223289.7000
7407,223289.7000
7408,223289.7000
7409,223289.7000
7410,223289.7000
7411,223289.7000
7412,223289.7000
7413,223289.7000
7414,223289.7000
7415,223289.7000
7416,223289.7000
7417,223289.7000
7418,223289.7000
7419,223289.7000
7420,223289.7000
7421,223289.7000
7422,223289.7000
7423,223289.7000
7424,223289.7000
7425,223289.7000
7426,223289.7000
7427,223289.7000
7428,223289.7000
7429,223289.7000
7430,223289.7000
7431,223289.7000
7432,223289.7000
7433,223289.7000
7434,223289.7000
7435,223289.7000
7436,223289.7000
7437,223289.7000
7438,223289.7000
7439,223289.7000
7440,223289.7000
7441,223289.7000
7442,223289.7000
7443,223289.7000
7444,223289.7000
7445,223289.7000
7446,223289.7000
7447,223289.7000
7448,223289.7000
7449,223289.7000
7450,223289.7000
7451,223289.7000
7452,223289.7000
7453,223289.7000
7454,223289.7000
7455,223289.7000
7456,223289.7000
7457,223289.7000
7458,223289.7000
7459,223289.7000
7460,223289.7000
7461,223289.7000
7462,223289.7000
7463,223289.7000
7464,223289.7000
7465,223289.7000
7466,223289.7000
7467,223289.7000
7468,223289.7000
7469,223289.7000
7470,223289.7000
7471,223289.7000
7472,223289.7000
7473,223289.7000
7474,223289.7000
7475,223289.7000
7476,223289.7000
7477,223289.7000
7478,223289.7000
7479,223289.7000
7480,223289.7000
7481,223289.7000
7482,223289.7000
7483,223289.7000
7484,223289.7000
7485,223289.7000
7486,223289.7000
7487,223289.7000
7488,223289.7000
7489,223289.7000
7490,223289.7000
7491,223289.7000
7492,223289.7000
7493,223289.7000
7494,223289.7000
7495,223289.7000
7496,223289.7000
7497,223289.7000
7498,223289.7000
7499,223289.7000
7500,223289.7000
7501,223289.7000
7502,223289.7000
7503,223289.7000
7504,223289.7000
7505,223289.7000
7506,223289.7000
7507,223289.7000
7508,223289.7000
7509,223289.7000
7510,223289.7000
7511,223289.7000
7512,223289.7000
7513,223289.7000
7514,223289.7000
7515,223289.7000
7516,223289.7000
7517,223289.7000
7518,223289.7000
7519,223289.7000
7520,223289.7000
7521,223289.7000
7522,223289.7000
7523,223289.7000
7524,223289.7000
7525,223289.7000
7526,223289.7000
7527,223289.7000
7528,223289.7000
7529,223289.7000
7530,223289.7000
7531,223289.7000
7532,223289.7000
7533,223289.7000
7534,223289.7000
7535,223289.7000
7536,223289.7000
7537,223289.7000
7538,223289.7000
7539,223289.7000
7540,223289.7000
7541,223289.7000
7542,223289.7000
7543,223289.7000
7544,223289.7000
7545,223289.7000
7546,223289.7000
7547,223289.7000
7548,223289.7000
7549,223289.7000
7550,223289.7000
7551,223289.7000
7552,223289.7000
7553,223289.7000
7554,223289.7000
7555,223289.7000
7556,223289.7000
7557,223289.7000
7558,223289.7000
7559,223289.7000
7560,223289.7000
7561,223289.7000
7562,223289.7000
7563,223289.7000
7564,223289.7000
7565,223289.7000
7566,223289.7000
7567,223289.7000
7568,223289.7000
7569,223289.7000
7570,223289.7000
7571,223289.7000
7572,223289.7000
7573,223289.7000
7574,223289.7000
7575,223289.7000
7576,223289.7000
7577,223289.7000
7578,223289.7000
7579,223289.7000
7580,223289.7000
7581,223289.7000
7582,223289.7000
7583,223289.7000
7584,223289.7000
7585,223289.7000
7586,223289.7000
7587,223289.7000
7588,223289.7000
7589,223289.7000
7590,223289.7000
7591,223289.7000
7592,223289.7000
7593,223289.7000
7594,223289.7000
7595,223289.7000
7596,223289.7000
7597,223289.7000
7598,223289.7000
7599,223289.7000
7600,223289.7000
7601,223289.7000
7602,223289.7000
7603,223289.7000
7604,223289.7000
7605,223289.7000
7606,223289.7000
7607,223289.7000
7608,223289.7000
7609,223289.7000
7610,223289.7000
7611,223289.7000
7612,223289.7000
7613,223289.7000
7614,223289.7000
7615,223289.7000
7616,223289.7000
7617,223289.7000
7618,223289.7000
7619,223289.7000
7620,223289.7000
7621,223289.7000
7622,223289.7000
7623,223289.7000
7624,223289.7000
7625,223289.7000
7626,223289.7000
7627,223289.7000
7628,223289.7000
7629,223289.7000
7630,223289.7000
7631,223289.7000
7632,223289.7000
7633,223289.7000
7634,223289.7000
7635,223289.7000
7636,223289.7000
7637,223289.7000
7638,223289.7000
7639,223289.7000
7640,223289.7000
7641,223289.7000
7642,223289.7000
7643,223289.7000
7644,223289.7000
7645,223289.7000
7646,223289.7000
7647,223289.7000
7648,223289.7000
7649,223289.7000
7650,223289.7000
7651,223289.7000
7652,223289.7000
7653,223289.7000
7654,223289.7000
7655,223289.7000
7656,223289.7000
7657,223289.7000
7658,223289.7000
7659,223289.7000
7660,223289.7000
7661,223289.7000
7662,223289.7000
7663,223289.7000
7664,223289.7000
7665,223289.7000
7666,223289.7000
7667,223289.7000
7668,223289.7000
7669,223289.7000
7670,223289.7000
7671,223289.7000
7672,223289.7000
7673,223289.7000
7674,223289.7000
7675,223289.7000
7676,223289.7000
7677,223289.7000
7678,223289.7000
7679,223289.7000
7680,223289.7000
7681,223289.7000
7682,223289.7000
7683,223289.7000
7684,223289.7000
7685,223289.7000
7686,223289.7000
7687,223289.7000
7688,223289.7000
7689,223289.7000
7690,223289.7000
7691,223289.7000
7692,223289.7000
7693,223289.7000
7694,223289.7000
7695,223289.7000
7696,223289.7000
7697,223289.7000
7698,223289.7000
7699,223289.7000
7700,223289.7000
7701,223289.7000
7702,223289.7000
7703,223289.7000
7704,223289.7000
7705,223289.7000
7706,223289.7000
7707,223289.7000
7708,223289.7000
7709,223289.7000
7710,223289.7000
7711,223289.7000
7712,223289.7000
7713,223289.7000
7714,223289.7000
7715,223289.7000
7716,223289.7000
7717,223289.7000
7718,223289.7000
7719,223289.7000
7720,223289.7000
7721,223289.7000
7722,223289.7000
7723,223289.7000
7724,223289.7000
7725,223289.7000
7726,223289.7000
7727,223289.7000
7728,223289.7000
7729,223289.7000
7730,223289.7000
7731,223289.7000
7732,223289.7000
7733,223289.7000
7734,223289.7000
7735,223289.7000
7736,223289.7000
7737,223289.7000
7738,223289.7000
7739,223289.7000
7740,223289.7000
7741,223289.7000
7742,223289.7000
7743,223289.7000
7744,223289.7000
7745,223289.7000
7746,223289.7000
7747,223289.7000
7748,223289.7000
7749,223289.7000
7750,223289.7000
7751,223289.7000
7752,223289.7000
7753,223289.7000
7754,223289.7000
7755,223289.7000
7756,223289.7000
7757,223289.7000
7758,223289.7000
7759,223289.7000
7760,223289.7000
7761,223289.7000
7762,223289.7000
7763,223289.7000
7764,223289.7000
7765,223289.7000
7766,223289.7000
7767,223289.7000
7768,223289.7000
7769,223289.7000
7770,223289.7000
7771,223289.7000
7772,223289.7000
7773,223289.7000
7774,223289.7000
7775,223289.7000
7776,223289.7000
7777,223289.7000
7778,223289.7000
7779,223289.7000
7780,223289.7000
7781,223289.7000
7782,223289.7000
7783,223289.7000
7784,223289.7000
7785,223289.7000
7786,223289.7000
7787,223289.7000
7788,223289.7000
7789,223289.7000
7790,223289.7000
7791,223289.7000
7792,223289.7000
7793,223289.7000
7794,223289.7000
7795,223289.7000
7796,223289.7000
7797,223289.7000
7798,223289.7000
7799,223289.7000
7800,223289.7000
7801,223289.7000
7802,223289.7000
7803,223289.7000
7804,223289.7000
7805,223289.7000
7806,223289.7000
7807,223289.7000
7808,223289.7000
7809,223289.7000
7810,223289.7000
7811,223289.7000
7812,223289.7000
7813,223289.7000
7814,223289.7000
7815,223289.7000
7816,223289.7000
7817,223289.7000
7818,223289.7000
7819,223289.7000
7820,223289.7000
7821,223289.7000
7822,223289.7000
7823,223289.7000
7824,223289.7000
7825,223289.7000
7826,223289.7000
7827,223289.7000
7828,223289.7000
7829,223289.7000
7830,223289.7000
7831,223289.7000
7832,223289.7000
7833,223289.7000
7834,223289.7000
7835,223289.7000
7836,223289.7000
7837,223289.7000
7838,223289.7000
7839,223289.7000
7840,223289.7000
7841,223289.7000
7842,223289.7000
7843,223289.7000
7844,223289.7000
7845,223289.7000
7846,223289.7000
7847,223289.7000
7848,223289.7000
7849,223289.7000
7850,223289.7000
7851,223289.7000
7852,223289.7000
7853,223289.7000
7854,223289.7000
7855,223289.7000
7856,223289.7000
7857,223289.7000
7858,223289.7000
7859,223289.7000
7860,223289.7000
7861,223289.7000
7862,223289.7000
7863,223289.7000
7864,223289.7000
7865,223289.7000
7866,223289.7000
7867,223289.7000
7868,223289.7000
7869,223289.7000
7870,223289.7000
7871,223289.7000
7872,223289.7000
7873,223289.7000
7874,223289.7000
7875,223289.7000
7876,223289.7000
7877,223289.7000
7878,223289.7000
7879,223289.7000
7880,223289.7000
7881,223289.7000
7882,223289.7000
7883,223289.7000
7884,223289.7000
7885,223289.7000
7886,223289.7000
7887,223289.7000
7888,223289.7000
7889,223289.7000
7890,223289.7000
7891,223289.7000
7892,223289.7000
7893,223289.7000
7894,223289.7000
7895,223289.7000
7896,223289.7000
7897,223289.7000
7898,223289.7000
7899,223289.7000
7900,223289.7000
7901,223289.7000
7902,223289.7000
7903,223289.7000
7904,223289.7000
7905,223289.7000
7906,223289.7000
7907,223289.7000
7908,223289.7000
7909,223289.7000
7910,223289.7000
7911,223289.7000
7912,223289.7000
7913,223289.7000
7914,223289.7000
7915,223289.7000
7916,223289.7000
7917,223289.7000
7918,223289.7000
7919,223289.7000
7920,223289.7000
7921,223289.7000
7922,223289.7000
7923,223289.7000
7924,223289.7000
7925,223289.7000
7926,223289.7000
7927,223289.7000
7928,223289.7000
7929,223289.7000
7930,223289.7000
7931,223289.7000
7932,223289.7000
7933,223289.7000
7934,223289.7000
7935,223289.7000
7936,223289.7000
7937,223289.7000
7938,223289.7000
7939,223289.7000
7940,223289.7000
7941,223289.7000
7942,223289.7000
7943,223289.7000
7944,223289.7000
7945,223289.7000
7946,223289.7000
7947,223289.7000
7948,223289.7000
7949,223289.7000
7950,223289.7000
7951,223289.7000
7952,223289.7000
7953,223289.7000
7954,223289.7000
7955,223289.7000
7956,223289.7000
7957,223289.7000
7958,223289.7000
7959,223289.7000
7960,223289.7000
7961,223289.7000
7962,223289.7000
7963,223289.7000
7964,223289.7000
7965,223289.7000
7966,223289.7000
7967,223289.7000
7968,223289.7000
7969,223289.7000
7970,223289.7000
7971,223289.7000
7972,223289.7000
7973,223289.7000
7974,223289.7000
7975,223289.7000
7976,223289.7000
7977,223289.7000
7978,223289.7000
7979,223289.7000
7980,223289.7000
7981,223289.7000
7982,223289.7000
7983,223289.7000
7984,223289.7000
7985,223289.7000
7986,223289.7000
7987,223289.7000
7988,223289.7000
7989,223289.7000
7990,223289.7000
7991,223289.7000
7992,223289.7000
7993,223289.7000
7994,223289.7000
7995,223289.7000
7996,223289.7000
7997,223289.7000
7998,223289.7000
7999,223289.7000
8000,223289.7000
8001,223289.7000
8002,223289.7000
8003,223289.7000
8004,223289.7000
8005,223289.7000
8006,223289.7000
8007,223289.7000
8008,223289.7000
8009,223289.7000
8010,223289.7000
8011,223289.7000
8012,223289.7000
8013,223289.7000
8014,223289.7000
8015,223289.7000
8016,223289.7000
8017,223289.7000
8018,223289.7000
8019,223289.7000
8020,223289.7000
8021,223289.7000
8022,223289.7000
8023,223289.7000
8024,223289.7000
8025,223289.7000
8026,223289.7000
8027,223289.7000
8028,223289.7000
8029,223289.7000
8030,223289.7000
8031,223289.7000
8032,223289.7000
8033,223289.7000
8034,223289.7000
8035,223289.7000
8036,223289.7000
8037,223289.7000
8038,223289.7000
8039,223289.7000
8040,223289.7000
8041,223289.7000
8042,223289.7000
8043,223289.7000
8044,223289.7000
8045,223289.7000
8046,223289.7000
8047,223289.7000
8048,223289.7000
8049,223289.7000
8050,223289.7000
8051,223289.7000
8052,223289.7000
8053,223289.7000
8054,223289.7000
8055,223289.7000
8056,223289.7000
8057,223289.7000
8058,223289.7000
8059,223289.7000
8060,223289.7000
8061,223289.7000
8062,223289.7000
8063,223289.7000
8064,223289.7000
8065,223289.7000
8066,223289.7000
8067,223289.7000
8068,223289.7000
8069,223289.7000
8070,223289.7000
8071,223289.7000
8072,223289.7000
8073,223289.7000
8074,223289.7000
8075,223289.7000
8076,223289.7000
8077,223289.7000
8078,223289.7000
8079,223289.7000
8080,223289.7000
8081,223289.7000
8082,223289.7000
8083,223289.7000
8084,223289.7000
8085,223289.7000
8086,223289.7000
8087,223289.7000
8088,223289.7000
8089,223289.7000
8090,223289.7000
8091,223289.7000
8092,223289.7000
8093,223289.7000
8094,223289.7000
8095,223289.7000
8096,223289.7000
8097,223289.7000
8098,223289.7000
8099,223289.7000
8100,223289.7000
8101,223289.7000
8102,223289.7000
8103,223289.7000
8104,223289.7000
8105,223289.7000
8106,223289.7000
8107,223289.7000
8108,223289.7000
8109,223289.7000
8110,223289.7000
8111,223289.7000
8112,223289.7000
8113,223289.7000
8114,223289.7000
8115,223289.7000
8116,223289.7000
8117,223289.7000
8118,223289.7000
8119,223289.7000
8120,223289.7000
8121,223289.7000
8122,223289.7000
8123,223289.7000
8124,223289.7000
8125,223289.7000
8126,223289.7000
8127,223289.7000
8128,223289.7000
8129,223289.7000
8130,223289.7000
8131,223289.7000
8132,223289.7000
8133,223289.7000
8134,223289.7000
8135,223289.7000
8136,223289.7000
8137,223289.7000
8138,223289.7000
8139,223289.7000
8140,223289.7000
8141,223289.7000
8142,223289.7000
8143,223289.7000
8144,223289.7000
8145,223289.7000
8146,223289.7000
8147,223289.7000
8148,223289.7000
8149,223289.7000
8150,223289.7000
8151,223289.7000
8152,223289.7000
8153,223289.7000
8154,223289.7000
8155,223289.7000
8156,223289.7000
8157,223289.7000
8158,223289.7000
8159,223289.7000
8160,223289.7000
8161,223289.7000
8162,223289.7000
8163,223289.7000
8164,223289.7000
8165,223289.7000
8166,223289.7000
8167,223289.7000
8168,223289.7000
8169,223289.7000
8170,223289.7000
8171,223289.7000
8172,223289.7000
8173,223289.7000
8174,223289.7000
8175,223289.7000
8176,223289.7000
8177,223289.7000
8178,223289.7000
8179,223289.7000
8180,223289.7000
8181,223289.7000
8182,223289.7000
8183,223289.7000
8184,223289.7000
8185,223289.7000
8186,223289.7000
8187,223289.7000
8188,223289.7000
8189,223289.7000
8190,223289.7000
8191,223289.7000
8192,223289.7000
8193,223289.7000
8194,223289.7000
8195,223289.7000
8196,223289.7000
8197,223289.7000
8198,223289.7000
8199,223289.7000
8200,223289.7000
8201,223289.7000
8202,223289.7000
8203,223289.7000
8204,223289.7000
8205,223289.7000
8206,223289.7000
8207,223289.7000
8208,223289.7000
8209,223289.7000
8210,223289.7000
8211,223289.7000
8212,223289.7000
8213,223289.7000
8214,223289.7000
8215,223289.7000
8216,223289.7000
8217,223289.7000
8218,223289.7000
8219,223289.7000
8220,223289.7000
8221,223289.7000
8222,223289.7000
8223,223289.7000
8224,223289.7000
8225,223289.7000
8226,223289.7000
8227,223289.7000
8228,223289.7000
8229,223289.7000
8230,223289.7000
8231,223289.7000
8232,223289.7000
8233,223289.7000
8234,223289.7000
8235,223289.7000
8236,223289.7000
8237,223289.7000
8238,223289.7000
8239,223289.7000
8240,223289.7000
8241,223289.7000
8242,223289.7000
8243,223289.7000
8244,223289.7000
8245,223289.7000
8246,223289.7000
8247,223289.7000
8248,223289.7000
8249,223289.7000
8250,223289.7000
8251,223289.7000
8252,223289.7000
8253,223289.7000
8254,223289.7000
8255,223289.7000
8256,223289.7000
8257,223289.7000
8258,223289.7000
8259,223289.7000
8260,223289.7000
8261,223289.7000
8262,223289.7000
8263,223289.7000
8264,223289.7000
8265,223289.7000
8266,223289.7000
8267,223289.7000
8268,223289.7000
8269,223289.7000
8270,223289.7000
8271,223289.7000
8272,223289.7000
8273,223289.7000
8274,223289.7000
8275,223289.7000
8276,223289.7000
8277,223289.7000
8278,223289.7000
8279,223289.7000
8280,223289.7000
8281,223289.7000
8282,223289.7000
8283,223289.7000
8284,223289.7000
8285,223289.7000
8286,223289.7000
8287,223289.7000
8288,223289.7000
8289,223289.7000
8290,223289.7000
8291,223289.7000
8292,223289.7000
8293,223289.7000
8294,223289.7000
8295,223289.7000
8296,223289.7000
8297,223289.7000
8298,223289.7000
8299,223289.7000
8300,223289.7000
8301,223289.7000
8302,223289.7000
8303,223289.7000
8304,223289.7000
8305,223289.7000
8306,223289.7000
8307,223289.7000
8308,223289.7000
8309,223289.7000
8310,223289.7000
8311,223289.7000
8312,223289.7000
8313,223289.7000
8314,223289.7000
8315,223289.7000
8316,223289.7000
8317,223289.7000
8318,223289.7000
8319,223289.7000
8320,223289.7000
8321,223289.7000
8322,223289.7000
8323,223289.7000
8324,223289.7000
8325,223289.7000
8326,223289.7000
8327,223289.7000
8328,223289.7000
8329,223289.7000
8330,223289.7000
8331,223289.7000
8332,223289.7000
8333,223289.7000
8334,223289.7000
8335,223289.7000
8336,223289.7000
8337,223289.7000
8338,223289.7000
8339,223289.7000
8340,223289.7000
8341,223289.7000
8342,223289.7000
8343,223289.7000
8344,223289.7000
8345,223289.7000
8346,223289.7000
8347,223289.7000
8348,223289.7000
8349,223289.7000
8350,223289.7000
8351,223289.7000
8352,223289.7000
8353,223289.7000
8354,223289.7000
8355,223289.7000
8356,223289.7000
8357,223289.7000
8358,223289.7000
8359,223289.7000
8360,223289.7000
8361,223289.7000
8362,223289.7000
8363,223289.7000
8364,223289.7000
8365,223289.7000
8366,223289.7000
8367,223289.7000
8368,223289.7000
8369,223289.7000
8370,223289.7000
8371,223289.7000
8372,223289.7000
8373,223289.7000
8374,223289.7000
8375,223289.7000
8376,223289.7000
8377,223289.7000
8378,223289.7000
8379,223289.7000
8380,223289.7000
8381,223289.7000
8382,223289.7000
8383,223289.7000
8384,223289.7000
8385,223289.7000
8386,223289.7000
8387,223289.7000
8388,223289.7000
8389,223289.7000
8390,223289.7000
8391,223289.7000
8392,223289.7000
8393,223289.7000
8394,223289.7000
8395,223289.7000
8396,223289.7000
8397,223289.7000
8398,223289.7000
8399,223289.7000
8400,223289.7000
8401,223289.7000
8402,223289.7000
8403,223289.7000
8404,223289.7000
8405,223289.7000
8406,223289.7000
8407,223289.7000
8408,223289.7000
8409,223289.7000
8410,223289.7000
8411,223289.7000
8412,223289.7000
8413,223289.7000
8414,223289.7000
8415,223289.7000
8416,223289.7000
8417,223289.7000
8418,223289.7000
8419,223289.7000
8420,223289.7000
8421,223289.7000
8422,223289.7000
8423,223289.7000
8424,223289.7000
8425,223289.7000
8426,223289.7000
8427,223289.7000
8428,223289.7000
8429,223289.7000
8430,223289.7000
8431,223289.7000
8432,223289.7000
8433,223289.7000
8434,223289.7000
8435,223289.7000
8436,223289.7000
8437,223289.7000
8438,223289.7000
8439,223289.7000
8440,223289.7000
8441,223289.7000
8442,223289.7000
8443,223289.7000
8444,223289.7000
8445,223289.7000
8446,223289.7000
8447,223289.7000
8448,223289.7000
8449,223289.7000
8450,223289.7000
8451,223289.7000
8452,223289.7000
8453,223289.7000
8454,223289.7000
8455,223289.7000
8456,223289.7000
8457,223289.7000
8458,223289.7000
8459,223289.7000
8460,223289.7000
8461,223289.7000
8462,223289.7000
8463,223289.7000
8464,223289.7000
8465,223289.7000
8466,223289.7000
8467,223289.7000
8468,223289.7000
8469,223289.7000
8470,223289.7000
8471,223289.7000
8472,223289.7000
8473,223289.7000
8474,223289.7000
8475,223289.7000
8476,223289.7000
8477,223289.7000
8478,223289.7000
8479,223289.7000
8480,223289.7000
8481,223289.7000
8482,223289.7000
8483,223289.7000
8484,223289.7000
8485,223289.7000
8486,223289.7000
8487,223289.7000
8488,223289.7000
8489,223289.7000
8490,223289.7000
8491,223289.7000
8492,223289.7000
8493,223289.7000
8494,223289.7000
8495,223289.7000
8496,223289.7000
8497,223289.7000
8498,223289.7000
8499,223289.7000
8500,223289.7000
8501,223289.7000
8502,223289.7000
8503,223289.7000
8504,223289.7000
8505,223289.7000
8506,223289.7000
8507,223289.7000
8508,223289.7000
8509,223289.7000
8510,223289.7000
8511,223289.7000
8512,223289.7000
8513,223289.7000
8514,223289.7000
8515,223289.7000
8516,223289.7000
8517,223289.7000
8518,223289.7000
8519,223289.7000
8520,223289.7000
8521,223289.7000
8522,223289.7000
8523,223289.7000
8524,223289.7000
8525,223289.7000
8526,223289.7000
8527,223289.7000
8528,223289.7000
8529,223289.7000
8530,223289.7000
8531,223289.7000
8532,223289.7000
8533,223289.7000
8534,223289.7000
8535,223289.7000
8536,223289.7000
8537,223289.7000
8538,223289.7000
8539,223289.7000
8540,223289.7000
8541,223289.7000
8542,223289.7000
8543,223289.7000
8544,223289.7000
8545,223289.7000
8546,223289.7000
8547,223289.7000
8548,223289.7000
8549,223289.7000
8550,223289.7000
8551,223289.7000
8552,223289.7000
8553,223289.7000
8554,223289.7000
8555,223289.7000
8556,223289.7000
8557,223289.7000
8558,223289.7000
8559,223289.7000
8560,223289.7000
8561,223289.7000
8562,223289.7000
8563,223289.7000
8564,223289.7000
8565,223289.7000
8566,223289.7000
8567,223289.7000
8568,223289.7000
8569,223289.7000
8570,223289.7000
8571,223289.7000
8572,223289.7000
8573,223289.7000
8574,223289.7000
8575,223289.7000
8576,223289.7000
8577,223289.7000
8578,223289.7000
8579,223289.7000
8580,223289.7000
8581,223289.7000
8582,223289.7000
8583,223289.7000
8584,223289.7000
8585,223289.7000
8586,223289.7000
8587,223289.7000
8588,223289.7000
8589,223289.7000
8590,223289.7000
8591,223289.7000
8592,223289.7000
8593,223289.7000
8594,223289.7000
8595,223289.7000
8596,223289.7000
8597,223289.7000
8598,223289.7000
8599,223289.7000
8600,223289.7000
8601,223289.7000
8602,223289.7000
8603,223289.7000
8604,223289.7000
8605,223289.7000
8606,223289.7000
8607,223289.7000
8608,223289.7000
8609,223289.7000
8610,223289.7000
8611,223289.7000
8612,223289.7000
8613,223289.7000
8614,223289.7000
8615,223289.7000
8616,223289.7000
8617,223289.7000
8618,223289.7000
8619,223289.7000
8620,223289.7000
8621,223289.7000
8622,223289.7000
8623,223289.7000
8624,223289.7000
8625,223289.7000
8626,223289.7000
8627,223289.7000
8628,223289.7000
8629,223289.7000
8630,223289.7000
8631,223289.7000
8632,223289.7000
8633,223289.7000
8634,223289.7000
8635,223289.7000
8636,223289.7000
8637,223289.7000
8638,223289.7000
8639,223289.7000
8640,223289.7000
8641,223289.7000
8642,223289.7000
8643,223289.7000
8644,223289.7000
8645,223289.7000
8646,223289.7000
8647,223289.7000
8648,223289.7000
8649,223289.7000
8650,223289.7000
8651,223289.7000
8652,223289.7000
8653,223289.7000
8654,223289.7000
8655,223289.7000
8656,223289.7000
8657,223289.7000
8658,223289.7000
8659,223289.7000
8660,223289.7000
8661,223289.7000
8662,223289.7000
8663,223289.7000
8664,223289.7000
8665,223289.7000
8666,223289.7000
8667,223289.7000
8668,223289.7000
8669,223289.7000
8670,223289.7000
8671,223289.7000
8672,223289.7000
8673,223289.7000
8674,223289.7000
8675,223289.7000
8676,223289.7000
8677,223289.7000
8678,223289.7000
8679,223289.7000
8680,223289.7000
8681,223289.7000
8682,223289.7000
8683,223289.7000
8684,223289.7000
8685,223289.7000
8686,223289.7000
8687,223289.7000
8688,223289.7000
8689,223289.7000
8690,223289.7000
8691,223289.7000
8692,223289.7000
8693,223289.7000
8694,223289.7000
8695,223289.7000
8696,223289.7000
8697,223289.7000
8698,223289.7000
8699,223289.7000
8700,223289.7000
8701,223289.7000
8702,223289.7000
8703,223289.7000
8704,223289.7000
8705,223289.7000
8706,223289.7000
8707,223289.7000
8708,223289.7000
8709,223289.7000
8710,223289.7000
8711,223289.7000
8712,223289.7000
8713,223289.7000
8714,223289.7000
8715,223289.7000
8716,223289.7000
8717,223289.7000
8718,223289.7000
8719,223289.7000
8720,223289.7000
8721,223289.7000
8722,223289.7000
8723,223289.7000
8724,223289.7000
8725,223289.7000
8726,223289.7000
8727,223289.7000
8728,223289.7000
8729,223289.7000
8730,223289.7000
8731,223289.7000
8732,223289.7000
8733,223289.7000
8734,223289.7000
8735,223289.7000
8736,223289.7000
8737,223289.7000
8738,223289.7000
8739,223289.7000
8740,223289.7000
8741,223289.7000
8742,223289.7000
8743,223289.7000
8744,223289.7000
8745,223289.7000
8746,223289.7000
8747,223289.7000
8748,223289.7000
8749,223289.7000
8750,223289.7000
8751,223289.7000
8752,223289.7000
8753,223289.7000
8754,223289.7000
8755,223289.7000
8756,223289.7000
8757,223289.7000
8758,223289.7000
8759,223289.7000
8760,223289.7000
8761,223289.7000
8762,223289.7000
8763,223289.7000
8764,223289.7000
8765,223289.7000
8766,223289.7000
8767,223289.7000
8768,223289.7000
8769,223289.7000
8770,223289.7000
8771,223289.7000
8772,223289.7000
8773,223289.7000
8774,223289.7000
8775,223289.7000
8776,223289.7000
8777,223289.7000
8778,223289.7000
8779,223289.7000
8780,223289.7000
8781,223289.7000
8782,223289.7000
8783,223289.7000
8784,223289.7000
8785,223289.7000
8786,223289.7000
8787,223289.7000
8788,223289.7000
8789,223289.7000
8790,223289.7000
8791,223289.7000
8792,223289.7000
8793,223289.7000
8794,223289.7000
8795,223289.7000
8796,223289.7000
8797,223289.7000
8798,223289.7000
8799,223289.7000
8800,223289.7000
8801,223289.7000
8802,223289.7000
8803,223289.7000
8804,223289.7000
8805,223289.7000
8806,223289.7000
8807,223289.7000
8808,223289.7000
8809,223289.7000
8810,223289.7000
8811,223289.7000
8812,223289.7000
8813,223289.7000
8814,223289.7000
8815,223289.7000
8816,223289.7000
8817,223289.7000
8818,223289.7000
8819,223289.7000
8820,223289.7000
8821,223289.7000
8822,223289.7000
8823,223289.7000
8824,223289.7000
8825,223289.7000
8826,223289.7000
8827,223289.7000
8828,223289.7000
8829,223289.7000
8830,223289.7000
8831,223289.7000
8832,223289.7000
8833,223289.7000
8834,223289.7000
8835,223289.7000
8836,223289.7000
8837,223289.7000
8838,223289.7000
8839,223289.7000
8840,223289.7000
