════════════════════════════════════════════════════════════════
              最优Cmax解的详细调度记录
════════════════════════════════════════════════════════════════

【基本信息】
----------------------------------------------------------------------------------------------------
Cmax (最大完工时间): 73013.05
能耗: 942.04 kWh
装箱质量: 0.3489
批次总数: 14
工件数量: 100
机器数量: 17 (打印机:5, 批处理机:2, 离散机:10)

【染色体编码】
----------------------------------------------------------------------------------------------------
工序序列 (OS): [88, 95, 67, 39, 42, 6, 69, 84, 60, 92, 41, 9, 4, 63, 70, 90, 43, 85, 89, 75, 35, 54, 3, 15, 49, 46, 26, 53, 80, 0, 16, 65, 30, 44, 21, 45, 17, 81, 52, 57, 12, 11, 79, 1, 87, 27, 62, 58, 34, 47, 68, 64, 82, 19, 25, 71, 51, 10, 32, 24, 8, 91, 14, 33, 37, 36, 78, 86, 96, 13, 23, 28, 50, 74, 77, 56, 38, 72, 83, 59, 2, 22, 5, 7, 20, 99, 61, 97, 29, 98, 73, 93, 55, 40, 18, 31, 94, 66, 76, 48, 41, 20, 81, 71, 40, 55, 72, 20, 14, 94, 32, 3, 96, 99, 19, 69, 81, 47, 1, 96, 6, 45, 35, 11, 17, 72, 25, 17, 7, 86, 37, 73, 93, 37, 23, 10, 8, 58, 43, 25, 32, 0, 69, 77, 40, 14, 32, 94, 3, 4, 7, 47, 67, 92, 94, 14, 1, 45, 66, 75, 8, 2, 13, 0, 15, 32, 39, 71, 41, 24, 36, 83, 88, 55, 5, 64, 8, 8, 23, 30, 69, 13, 33, 67, 3, 85, 15, 55, 11, 53, 17, 97, 85, 26, 30, 41, 24, 21, 42, 90, 52, 44, 23, 5, 26, 14, 23, 46, 83, 87, 46, 25, 13, 17, 91, 65, 49, 45, 75, 72, 39, 55, 54, 33, 36, 96, 26, 50, 23, 30, 46, 3, 15, 23, 26, 93, 33, 11, 48, 36, 79, 42, 57, 75, 36, 6, 60, 4, 7, 69, 20, 96, 26, 94, 34, 65, 70, 47, 66, 77, 52, 72, 10, 94, 1, 59, 25, 99, 58, 83, 88, 52, 47, 24, 40, 41, 39, 30, 96, 83, 40, 87, 52, 32, 66, 96, 59, 40, 72, 45, 74, 75, 20, 86, 4, 0, 62, 11, 68, 9, 28, 28, 51, 23, 39, 13, 7, 89, 24, 67, 14, 26, 47, 3, 26, 87, 4, 49, 33, 32, 4, 99, 46, 68, 41, 29, 43, 31, 93, 12, 8, 7, 55, 93, 45, 36, 5, 18, 59, 10, 43, 15, 72, 16, 83, 17, 10, 28, 97, 31, 82, 37, 34, 30, 33, 36, 74, 67, 83, 88, 13, 5, 31, 10, 15, 5, 55, 9, 58, 0, 4, 24, 24, 25, 47, 74, 30, 14, 35, 46, 75, 97, 78, 69, 11, 21, 52, 8, 46, 65, 43, 86, 20, 33, 17, 24, 25, 14, 53, 69, 59, 6, 49, 89, 92, 94, 30, 41, 65, 34, 99, 28, 6, 72, 5, 59, 45, 15, 28, 77, 36, 71, 99, 52, 17, 86, 30, 66, 21, 65, 31, 47, 58, 31, 66, 96, 26, 45, 43, 69, 13, 14, 68, 57, 16, 82, 99, 29]
机器选择 (MS): [4, 1, 2, 2, 1, 4, 5, 3, 4, 5, 1, 5, 1, 3, 4, 4, 2, 2, 2, 4, 4, 1, 1, 3, 3, 4, 3, 5, 1, 4, 1, 2, 1, 2, 4, 4, 2, 3, 5, 1, 2, 1, 5, 5, 3, 4, 4, 2, 2, 2, 2, 3, 1, 4, 1, 2, 3, 2, 1, 5, 4, 4, 5, 3, 2, 1, 1, 1, 2, 5, 2, 2, 2, 4, 5, 3, 2, 2, 2, 1, 2, 3, 5, 5, 4, 1, 2, 5, 5, 1, 5, 4, 5, 4, 5, 5, 5, 1, 5, 1, 1, 1, 1, 2, 2, 1, 1, 3, 3, 2, 1, 2, 2, 1, 2, 1, 3, 1, 1, 1, 1, 2, 1, 1, 3, 3, 1, 2, 1, 1, 1, 1, 1, 1, 1, 1, 1, 1, 1, 1, 3, 2, 2, 1, 2, 1, 2, 1, 2, 3, 3, 3, 1, 1, 2, 1, 2, 1, 2, 1, 3, 1, 2, 3, 1, 1, 2, 2, 1, 2, 1, 1, 3, 1, 1, 1, 1, 2, 1, 3, 1, 1, 2, 2, 1, 1, 1, 1, 3, 1, 1, 1, 3, 1, 1, 2, 1, 2, 1, 1, 1, 1, 3, 1, 2, 2, 2, 1, 3, 1, 1, 2, 1, 1, 1, 1, 2, 1, 1, 1, 1, 2, 2, 1, 1, 1, 3, 3, 3, 1, 1, 2, 2, 2, 1, 1, 3, 1, 1, 1, 1, 3, 1, 1, 3, 2, 1, 1, 1, 1, 1, 1, 1, 1, 1, 1, 1, 3, 1, 2, 2, 1, 2, 3, 3, 2, 1, 2, 3, 2, 2, 2, 1, 1, 1, 2, 1, 1, 2, 2, 2, 2, 1, 2, 3, 1, 1, 1, 1, 2, 2, 2, 1, 2, 1, 1, 1, 1, 1, 1, 1, 1, 1, 1, 1, 1, 1, 1, 1, 1, 1, 1, 2, 1, 2, 1, 1, 1, 3, 1, 1, 1, 1, 3, 3, 1, 1, 2, 1, 2, 1, 1, 1, 2, 1, 1, 2, 1, 1, 1, 1, 1, 3, 2, 1, 1, 2, 3, 1, 1, 1, 1, 3, 1, 1, 3, 1, 3, 2, 1, 1, 3, 1, 1, 2, 2, 1, 2, 1, 1, 1, 1, 1, 2, 1, 1, 1, 2, 2, 1, 1, 1, 1, 3, 1, 2, 1, 1, 3, 3, 3, 1, 3, 1, 1, 1, 1, 3, 3, 1, 2, 3, 1, 2, 1, 1, 2, 1, 1, 1, 3, 1, 1, 1, 1, 1, 1, 1, 3, 1, 1, 3, 1, 2, 1, 2, 1, 1, 2, 1, 2, 1, 1, 1, 1, 2, 1, 1, 1, 1, 1, 1, 1, 1, 2, 2, 1, 1]

【零件加工顺序记录】
----------------------------------------------------------------------------------------------------
工件号      工序号             机器号             开始时间            结束时间            加工时长           
----------------------------------------------------------------------------------------------------

工件 0:
  0        0               打印机4            0.00            24934.59        24934.59       
  0        1               批处理机2           24934.59        25998.59        1064.00        
  0        2               离散机3            25998.59        26898.59        900.00         
  0        3               离散机2            26898.59        28530.59        1632.00        
  0        4               离散机1            28617.59        29532.59        915.00         
  0        5               离散机4            31434.59        33139.59        1705.00        

工件 1:
  1        0               打印机5            0.00            38597.00        38597.00       
  1        1               批处理机2           38597.00        39661.00        1064.00        
  1        2               离散机8            39661.00        41305.00        1644.00        
  1        3               离散机7            43861.00        45643.00        1782.00        
  1        4               离散机2            53911.47        54835.47        924.00         

工件 2:
  2        0               打印机2            39523.93        47952.56        8428.63        
  2        1               批处理机2           48658.00        49722.00        1064.00        
  2        2               离散机10           51840.00        53020.00        1180.00        

工件 3:
  3        0               打印机1            13294.36        35191.28        21896.92       
  3        1               批处理机2           35191.28        36255.28        1064.00        
  3        2               离散机10           36255.28        37874.28        1619.00        
  3        3               离散机10           37874.28        39136.28        1262.00        
  3        4               离散机2            45745.00        46743.00        998.00         
  3        5               离散机7            47317.00        48408.00        1091.00        
  3        6               离散机6            49323.00        50481.00        1158.00        

工件 4:
  4        0               打印机1            0.00            13294.36        13294.36       
  4        1               批处理机2           13294.36        14358.36        1064.00        
  4        2               离散机1            14358.36        15491.36        1133.00        
  4        3               离散机10           18928.36        20276.36        1348.00        
  4        4               离散机3            20276.36        21507.36        1231.00        
  4        5               离散机8            21507.36        22424.36        917.00         
  4        6               离散机2            22424.36        23446.36        1022.00        
  4        7               离散机6            23446.36        24784.36        1338.00        

工件 5:
  5        0               打印机5            0.00            38597.00        38597.00       
  5        1               批处理机2           38597.00        39661.00        1064.00        
  5        2               离散机1            40696.00        42369.00        1673.00        
  5        3               离散机8            48049.49        49345.49        1296.00        
  5        4               离散机2            56171.47        57091.47        920.00         
  5        5               离散机2            60610.47        61781.47        1171.00        
  5        6               离散机2            61781.47        62681.47        900.00         
  5        7               离散机8            68594.81        70071.81        1477.00        

工件 6:
  6        0               打印机4            0.00            24934.59        24934.59       
  6        1               批处理机2           24934.59        25998.59        1064.00        
  6        2               离散机6            25998.59        27003.59        1005.00        
  6        3               离散机2            33454.19        35119.19        1665.00        
  6        4               离散机3            38686.28        39642.28        956.00         
  6        5               离散机1            62299.47        64007.47        1708.00        

工件 7:
  7        0               打印机5            0.00            38597.00        38597.00       
  7        1               批处理机2           38597.00        39661.00        1064.00        
  7        2               离散机2            41431.00        42419.00        988.00         
  7        3               离散机6            42807.00        44182.00        1375.00        
  7        4               离散机1            46824.49        47750.49        926.00         
  7        5               离散机1            47750.49        49201.49        1451.00        
  7        6               离散机9            59474.81        60936.81        1462.00        

工件 8:
  8        0               打印机4            0.00            24934.59        24934.59       
  8        1               批处理机2           24934.59        25998.59        1064.00        
  8        2               离散机5            25998.59        27254.59        1256.00        
  8        3               离散机6            27254.59        28281.59        1027.00        
  8        4               离散机2            28530.59        30141.59        1611.00        
  8        5               离散机2            32070.19        33454.19        1384.00        
  8        6               离散机1            33454.19        34487.19        1033.00        
  8        7               离散机4            37846.19        39507.19        1661.00        

工件 9:
  9        0               打印机5            0.00            38597.00        38597.00       
  9        1               批处理机2           38597.00        39661.00        1064.00        
  9        2               离散机9            56400.00        57844.00        1444.00        
  9        3               离散机4            63744.81        64712.81        968.00         

工件 10:
  10       0               打印机2            0.00            29753.19        29753.19       
  10       1               批处理机2           29753.19        30817.19        1064.00        
  10       2               离散机9            30817.19        32542.19        1725.00        
  10       3               离散机5            36344.19        37412.19        1068.00        
  10       4               离散机5            42522.00        44302.00        1780.00        
  10       5               离散机2            58881.47        60610.47        1729.00        
  10       6               离散机8            61051.47        62384.47        1333.00        

工件 11:
  11       0               打印机1            13294.36        35191.28        21896.92       
  11       1               批处理机2           35191.28        36255.28        1064.00        
  11       2               离散机3            36255.28        37636.28        1381.00        
  11       3               离散机9            39161.19        40277.19        1116.00        
  11       4               离散机4            48083.49        49738.49        1655.00        
  11       5               离散机8            53526.49        54464.49        938.00         
  11       6               离散机8            66150.81        67166.81        1016.00        

工件 12:
  12       0               打印机2            0.00            29753.19        29753.19       
  12       1               批处理机2           29753.19        30817.19        1064.00        
  12       2               离散机7            34451.59        36209.59        1758.00        

工件 13:
  13       0               打印机5            0.00            38597.00        38597.00       
  13       1               批处理机2           38597.00        39661.00        1064.00        
  13       2               离散机3            42652.00        44109.00        1457.00        
  13       3               离散机9            44109.00        45674.00        1565.00        
  13       4               离散机5            45674.00        47350.00        1676.00        
  13       5               离散机5            48414.00        49463.00        1049.00        
  13       6               离散机7            63518.81        65129.81        1611.00        
  13       7               离散机2            71237.05        72218.05        981.00         

工件 14:
  14       0               打印机5            0.00            38597.00        38597.00       
  14       1               批处理机2           38597.00        39661.00        1064.00        
  14       2               离散机2            39661.00        41431.00        1770.00        
  14       3               离散机6            41431.00        42807.00        1376.00        
  14       4               离散机6            44182.00        45273.00        1091.00        
  14       5               离散机8            49345.49        50859.49        1514.00        
  14       6               离散机8            54464.49        55657.49        1193.00        
  14       7               离散机6            61381.47        62593.47        1212.00        
  14       8               离散机10           68337.05        69594.05        1257.00        
  14       9               离散机6            71614.05        72941.05        1327.00        

工件 15:
  15       0               打印机3            0.00            41325.49        41325.49       
  15       1               批处理机2           41325.49        42389.49        1064.00        
  15       2               离散机8            42389.49        43795.49        1406.00        
  15       3               离散机2            46743.00        48331.00        1588.00        
  15       4               离散机2            52821.47        53911.47        1090.00        
  15       5               离散机3            59558.00        61065.00        1507.00        
  15       6               离散机3            62388.00        63618.00        1230.00        
  15       7               离散机5            63835.81        64748.81        913.00         

工件 16:
  16       0               打印机1            13294.36        35191.28        21896.92       
  16       1               批处理机2           35191.28        36255.28        1064.00        
  16       2               离散机2            57091.47        58881.47        1790.00        
  16       3               离散机1            69031.47        70813.47        1782.00        

工件 17:
  17       0               打印机2            39523.93        47952.56        8428.63        
  17       1               批处理机2           48658.00        49722.00        1064.00        
  17       2               离散机10           49722.00        50676.00        954.00         
  17       3               离散机6            50676.00        51914.00        1238.00        
  17       4               离散机9            51914.00        52899.00        985.00         
  17       5               离散机9            52899.00        53905.00        1006.00        
  17       6               离散机6            54500.00        56065.00        1565.00        
  17       7               离散机2            64801.47        65772.47        971.00         
  17       8               离散机6            69658.05        70577.05        919.00         

工件 18:
  18       0               打印机5            0.00            38597.00        38597.00       
  18       1               批处理机2           38597.00        39661.00        1064.00        
  18       2               离散机9            62753.66        63895.66        1142.00        

工件 19:
  19       0               打印机4            0.00            24934.59        24934.59       
  19       1               批处理机2           24934.59        25998.59        1064.00        
  19       2               离散机7            25998.59        27432.59        1434.00        

工件 20:
  20       0               打印机4            0.00            24934.59        24934.59       
  20       1               批处理机2           24934.59        25998.59        1064.00        
  20       2               离散机1            25998.59        27572.59        1574.00        
  20       3               离散机5            27572.59        28797.59        1225.00        
  20       4               离散机4            28797.59        30221.59        1424.00        
  20       5               离散机5            30330.59        31561.59        1231.00        
  20       6               离散机10           44008.00        44928.00        920.00         

工件 21:
  21       0               打印机4            0.00            24934.59        24934.59       
  21       1               批处理机2           24934.59        25998.59        1064.00        
  21       2               离散机3            26898.59        28477.59        1579.00        
  21       3               离散机3            28477.59        29595.59        1118.00        
  21       4               离散机6            35591.19        37156.19        1565.00        

工件 22:
  22       0               打印机3            0.00            41325.49        41325.49       
  22       1               批处理机2           41325.49        42389.49        1064.00        

工件 23:
  23       0               打印机2            29753.19        39523.93        9770.74        
  23       1               批处理机1           39523.93        40633.93        1110.00        
  23       2               离散机9            40633.93        41673.93        1040.00        
  23       3               离散机1            42369.00        44018.00        1649.00        
  23       4               离散机6            45273.00        46850.00        1577.00        
  23       5               离散机10           46850.00        48455.00        1605.00        
  23       6               离散机9            50791.00        51888.00        1097.00        
  23       7               离散机5            54359.47        56060.47        1701.00        
  23       8               离散机5            57126.47        58364.47        1238.00        

工件 24:
  24       0               打印机5            38597.00        47594.00        8997.00        
  24       1               批处理机2           47594.00        48658.00        1064.00        
  24       2               离散机3            48658.00        49988.00        1330.00        
  24       3               离散机3            49988.00        51387.00        1399.00        
  24       4               离散机5            56060.47        57126.47        1066.00        
  24       5               离散机6            57162.47        58560.47        1398.00        
  24       6               离散机10           61184.47        62361.47        1177.00        
  24       7               离散机8            62384.47        63802.47        1418.00        
  24       8               离散机7            66484.05        67893.05        1409.00        

工件 25:
  25       0               打印机1            0.00            13294.36        13294.36       
  25       1               批处理机2           13294.36        14358.36        1064.00        
  25       2               离散机3            14358.36        15279.36        921.00         
  25       3               离散机2            15489.36        16815.36        1326.00        
  25       4               离散机10           16815.36        17731.36        916.00         
  25       5               离散机1            17900.36        18946.36        1046.00        
  25       6               离散机9            18946.36        20664.36        1718.00        
  25       7               离散机7            22379.36        23533.36        1154.00        

工件 26:
  26       0               打印机3            0.00            41325.49        41325.49       
  26       1               批处理机2           41325.49        42389.49        1064.00        
  26       2               离散机7            45643.00        47317.00        1674.00        
  26       3               离散机2            49631.00        51156.00        1525.00        
  26       4               离散机3            52926.00        54076.00        1150.00        
  26       5               离散机3            54076.00        55685.00        1609.00        
  26       6               离散机7            55685.00        57471.00        1786.00        
  26       7               离散机6            58560.47        59992.47        1432.00        
  26       8               离散机6            59992.47        61381.47        1389.00        
  26       9               离散机5            64748.81        66244.81        1496.00        

工件 27:
  27       0               打印机4            24934.59        50104.47        25169.88       
  27       1               批处理机2           50104.47        51168.47        1064.00        

工件 28:
  28       0               打印机2            0.00            29753.19        29753.19       
  28       1               批处理机2           29753.19        30817.19        1064.00        
  28       2               离散机2            54835.47        56171.47        1336.00        
  28       3               离散机6            56171.47        57162.47        991.00         
  28       4               离散机10           59976.47        61184.47        1208.00        
  28       5               离散机4            64712.81        66110.81        1398.00        
  28       6               离散机6            68627.05        69658.05        1031.00        

工件 29:
  29       0               打印机5            38597.00        47594.00        8997.00        
  29       1               批处理机2           47594.00        48658.00        1064.00        
  29       2               离散机1            49201.49        50387.49        1186.00        
  29       3               离散机8            71179.81        72358.81        1179.00        

工件 30:
  30       0               打印机1            0.00            13294.36        13294.36       
  30       1               批处理机2           13294.36        14358.36        1064.00        
  30       2               离散机9            14358.36        15457.36        1099.00        
  30       3               离散机8            15457.36        16464.36        1007.00        
  30       4               离散机3            16464.36        17383.36        919.00         
  30       5               离散机5            17383.36        18307.36        924.00         
  30       6               离散机5            18307.36        19481.36        1174.00        
  30       7               离散机7            21174.36        22379.36        1205.00        
  30       8               离散机9            22379.36        23774.36        1395.00        
  30       9               离散机7            23774.36        24914.36        1140.00        

工件 31:
  31       0               打印机5            38597.00        47594.00        8997.00        
  31       1               批处理机2           47594.00        48658.00        1064.00        
  31       2               离散机1            51843.49        53257.49        1414.00        
  31       3               离散机8            56867.49        57799.49        932.00         
  31       4               离散机3            61065.00        62388.00        1323.00        
  31       5               离散机9            66450.66        68159.66        1709.00        
  31       6               离散机9            68159.66        69326.66        1167.00        

工件 32:
  32       0               打印机1            0.00            13294.36        13294.36       
  32       1               批处理机2           13294.36        14358.36        1064.00        
  32       2               离散机2            14358.36        15489.36        1131.00        
  32       3               离散机9            15489.36        16971.36        1482.00        
  32       4               离散机1            16971.36        17900.36        929.00         
  32       5               离散机2            17900.36        19595.36        1695.00        
  32       6               离散机7            19595.36        21174.36        1579.00        
  32       7               离散机10           21174.36        22250.36        1076.00        

工件 33:
  33       0               打印机3            0.00            41325.49        41325.49       
  33       1               批处理机2           41325.49        42389.49        1064.00        
  33       2               离散机2            43975.00        45745.00        1770.00        
  33       3               离散机5            47350.00        48414.00        1064.00        
  33       4               离散机6            48414.00        49323.00        909.00         
  33       5               离散机4            58370.47        59368.47        998.00         
  33       6               离散机5            59500.47        60439.47        939.00         
  33       7               离散机10           66930.05        68337.05        1407.00        

工件 34:
  34       0               打印机2            0.00            29753.19        29753.19       
  34       1               批处理机2           29753.19        30817.19        1064.00        
  34       2               离散机2            35119.19        36782.19        1663.00        
  34       3               离散机1            37558.28        38952.28        1394.00        
  34       4               离散机5            49463.00        50893.00        1430.00        

工件 35:
  35       0               打印机4            0.00            24934.59        24934.59       
  35       1               批处理机2           24934.59        25998.59        1064.00        
  35       2               离散机8            27109.59        28827.59        1718.00        
  35       3               离散机1            29532.59        30633.59        1101.00        

工件 36:
  36       0               打印机1            13294.36        35191.28        21896.92       
  36       1               批处理机2           35191.28        36255.28        1064.00        
  36       2               离散机9            36430.19        37424.19        994.00         
  36       3               离散机3            37636.28        38686.28        1050.00        
  36       4               离散机7            40505.28        41990.28        1485.00        
  36       5               离散机8            50859.49        52275.49        1416.00        
  36       6               离散机6            52955.00        54500.00        1545.00        
  36       7               离散机7            59114.00        60135.00        1021.00        
  36       8               离散机8            70071.81        71179.81        1108.00        

工件 37:
  37       0               打印机2            0.00            29753.19        29753.19       
  37       1               批处理机2           29753.19        30817.19        1064.00        
  37       2               离散机10           30817.19        32090.19        1273.00        
  37       3               离散机5            32090.19        33291.19        1201.00        
  37       4               离散机6            33291.19        34482.19        1191.00        

工件 38:
  38       0               打印机2            0.00            29753.19        29753.19       
  38       1               批处理机2           29753.19        30817.19        1064.00        

工件 39:
  39       0               打印机2            0.00            29753.19        29753.19       
  39       1               批处理机2           29753.19        30817.19        1064.00        
  39       2               离散机9            35130.19        36430.19        1300.00        
  39       3               离散机10           39136.28        40074.28        938.00         
  39       4               离散机5            40986.00        42522.00        1536.00        
  39       5               离散机10           42582.00        44008.00        1426.00        

工件 40:
  40       0               打印机4            0.00            24934.59        24934.59       
  40       1               批处理机2           24934.59        25998.59        1064.00        
  40       2               离散机8            25998.59        27109.59        1111.00        
  40       3               离散机9            27109.59        28419.59        1310.00        
  40       4               离散机5            28797.59        30330.59        1533.00        
  40       5               离散机4            30330.59        31434.59        1104.00        
  40       6               离散机10           33218.19        34764.19        1546.00        

工件 41:
  41       0               打印机1            13294.36        35191.28        21896.92       
  41       1               批处理机2           35191.28        36255.28        1064.00        
  41       2               离散机7            36255.28        37276.28        1021.00        
  41       3               离散机2            37276.28        38973.28        1697.00        
  41       4               离散机7            38973.28        40505.28        1532.00        
  41       5               离散机7            51471.00        52745.00        1274.00        
  41       6               离散机7            54271.00        55543.00        1272.00        
  41       7               离散机2            67366.47        69101.47        1735.00        

工件 42:
  42       0               打印机1            0.00            13294.36        13294.36       
  42       1               批处理机2           13294.36        14358.36        1064.00        
  42       2               离散机4            14358.36        15753.36        1395.00        
  42       3               离散机10           17731.36        18928.36        1197.00        

工件 43:
  43       0               打印机2            29753.19        39523.93        9770.74        
  43       1               批处理机1           39523.93        40633.93        1110.00        
  43       2               离散机9            41673.93        43168.93        1495.00        
  43       3               离散机1            50387.49        51843.49        1456.00        
  43       4               离散机3            58263.00        59558.00        1295.00        
  43       5               离散机1            60042.47        61138.47        1096.00        
  43       6               离散机6            70577.05        71614.05        1037.00        

工件 44:
  44       0               打印机2            0.00            29753.19        29753.19       
  44       1               批处理机2           29753.19        30817.19        1064.00        
  44       2               离散机6            32059.19        33045.19        986.00         

工件 45:
  45       0               打印机4            0.00            24934.59        24934.59       
  45       1               批处理机2           24934.59        25998.59        1064.00        
  45       2               离散机7            27432.59        29213.59        1781.00        
  45       3               离散机9            33473.19        35130.19        1657.00        
  45       4               离散机5            35130.19        36344.19        1214.00        
  45       5               离散机8            36344.19        37841.19        1497.00        
  45       6               离散机6            37841.19        39351.19        1510.00        
  45       7               离散机1            53257.49        54214.49        957.00         
  45       8               离散机4            66110.81        67735.81        1625.00        

工件 46:
  46       0               打印机4            0.00            24934.59        24934.59       
  46       1               批处理机2           24934.59        25998.59        1064.00        
  46       2               离散机1            27572.59        28617.59        1045.00        
  46       3               离散机6            28617.59        29620.59        1003.00        
  46       4               离散机3            29620.59        30706.59        1086.00        
  46       5               离散机1            30706.59        31642.59        936.00         
  46       6               离散机1            31642.59        32714.59        1072.00        
  46       7               离散机3            47146.00        48380.00        1234.00        

工件 47:
  47       0               打印机2            0.00            29753.19        29753.19       
  47       1               批处理机2           29753.19        30817.19        1064.00        
  47       2               离散机2            30817.19        32070.19        1253.00        
  47       3               离散机5            33291.19        34443.19        1152.00        
  47       4               离散机4            34797.19        36401.19        1604.00        
  47       5               离散机5            37412.19        38750.19        1338.00        
  47       6               离散机3            45703.00        47146.00        1443.00        
  47       7               离散机2            62681.47        63786.47        1105.00        
  47       8               离散机1            65435.47        66742.47        1307.00        

工件 48:
  48       0               打印机1            35191.28        61742.05        26550.77       
  48       1               批处理机2           61742.05        62806.05        1064.00        
  48       2               离散机10           64103.05        65542.05        1439.00        

工件 49:
  49       0               打印机3            0.00            41325.49        41325.49       
  49       1               批处理机2           41325.49        42389.49        1064.00        
  49       2               离散机6            46850.00        48299.00        1449.00        
  49       3               离散机10           48455.00        49505.00        1050.00        
  49       4               离散机7            69518.05        71069.05        1551.00        

工件 50:
  50       0               打印机2            0.00            29753.19        29753.19       
  50       1               批处理机2           29753.19        30817.19        1064.00        
  50       2               离散机10           32090.19        33218.19        1128.00        

工件 51:
  51       0               打印机3            0.00            41325.49        41325.49       
  51       1               批处理机2           41325.49        42389.49        1064.00        
  51       2               离散机4            61155.81        62318.81        1163.00        

工件 52:
  52       0               打印机5            0.00            38597.00        38597.00       
  52       1               批处理机2           38597.00        39661.00        1064.00        
  52       2               离散机1            44018.00        45136.00        1118.00        
  52       3               离散机4            54951.47        56746.47        1795.00        
  52       4               离散机10           56746.47        58487.47        1741.00        
  52       5               离散机1            58487.47        60042.47        1555.00        
  52       6               离散机2            63786.47        64801.47        1015.00        
  52       7               离散机10           70893.05        71816.05        923.00         

工件 53:
  53       0               打印机5            0.00            38597.00        38597.00       
  53       1               批处理机2           38597.00        39661.00        1064.00        
  53       2               离散机5            39661.00        40986.00        1325.00        
  53       3               离散机10           44928.00        46707.00        1779.00        

工件 54:
  54       0               打印机1            13294.36        35191.28        21896.92       
  54       1               批处理机2           35191.28        36255.28        1064.00        
  54       2               离散机10           40074.28        41102.28        1028.00        

工件 55:
  55       0               打印机5            0.00            38597.00        38597.00       
  55       1               批处理机2           38597.00        39661.00        1064.00        
  55       2               离散机4            39661.00        41120.00        1459.00        
  55       3               离散机10           41120.00        42582.00        1462.00        
  55       4               离散机8            46445.49        48049.49        1604.00        
  55       5               离散机3            51387.00        52926.00        1539.00        
  55       6               离散机8            55657.49        56867.49        1210.00        
  55       7               离散机1            57079.47        58477.47        1398.00        

工件 56:
  56       0               打印机3            47894.88        60488.66        12593.78       
  56       1               批处理机2           60488.66        61552.66        1064.00        

工件 57:
  57       0               打印机1            0.00            13294.36        13294.36       
  57       1               批处理机2           13294.36        14358.36        1064.00        
  57       2               离散机6            14358.36        15484.36        1126.00        
  57       3               离散机8            16464.36        17451.36        987.00         

工件 58:
  58       0               打印机2            0.00            29753.19        29753.19       
  58       1               批处理机2           29753.19        30817.19        1064.00        
  58       2               离散机3            30817.19        31910.19        1093.00        
  58       3               离散机3            31910.19        33428.19        1518.00        
  58       4               离散机6            34482.19        35591.19        1109.00        
  58       5               离散机5            44302.00        45512.00        1210.00        

工件 59:
  59       0               打印机1            35191.28        61742.05        26550.77       
  59       1               批处理机2           61742.05        62806.05        1064.00        
  59       2               离散机10           65542.05        66930.05        1388.00        
  59       3               离散机3            66930.05        67875.05        945.00         
  59       4               离散机4            67875.05        69117.05        1242.00        
  59       5               离散机2            69117.05        70083.05        966.00         
  59       6               离散机7            71069.05        72538.05        1469.00        

工件 60:
  60       0               打印机4            0.00            24934.59        24934.59       
  60       1               批处理机2           24934.59        25998.59        1064.00        
  60       2               离散机7            30520.59        31724.59        1204.00        

工件 61:
  61       0               打印机2            39523.93        47952.56        8428.63        
  61       1               批处理机2           48658.00        49722.00        1064.00        

工件 62:
  62       0               打印机4            0.00            24934.59        24934.59       
  62       1               批处理机2           24934.59        25998.59        1064.00        
  62       2               离散机4            25998.59        27281.59        1283.00        

工件 63:
  63       0               打印机3            0.00            41325.49        41325.49       
  63       1               批处理机2           41325.49        42389.49        1064.00        

工件 64:
  64       0               打印机3            47894.88        60488.66        12593.78       
  64       1               批处理机2           60488.66        61552.66        1064.00        
  64       2               离散机9            61552.66        62753.66        1201.00        

工件 65:
  65       0               打印机2            29753.19        39523.93        9770.74        
  65       1               批处理机1           39523.93        40633.93        1110.00        
  65       2               离散机9            47345.00        48751.00        1406.00        
  65       3               离散机9            54934.00        56400.00        1466.00        
  65       4               离散机8            59033.49        59942.49        909.00         
  65       5               离散机1            61138.47        62299.47        1161.00        
  65       6               离散机3            71819.05        72726.05        907.00         

工件 66:
  66       0               打印机1            13294.36        35191.28        21896.92       
  66       1               批处理机2           35191.28        36255.28        1064.00        
  66       2               离散机1            36255.28        37558.28        1303.00        
  66       3               离散机3            44109.00        45703.00        1594.00        
  66       4               离散机8            52275.49        53526.49        1251.00        
  66       5               离散机9            65296.66        66450.66        1154.00        
  66       6               离散机1            66742.47        67868.47        1126.00        

工件 67:
  67       0               打印机2            0.00            29753.19        29753.19       
  67       1               批处理机2           29753.19        30817.19        1064.00        
  67       2               离散机9            32542.19        33473.19        931.00         
  67       3               离散机4            33473.19        34797.19        1324.00        
  67       4               离散机10           34797.19        35734.19        937.00         
  67       5               离散机7            37276.28        38536.28        1260.00        

工件 68:
  68       0               打印机2            0.00            29753.19        29753.19       
  68       1               批处理机2           29753.19        30817.19        1064.00        
  68       2               离散机7            33087.59        34451.59        1364.00        
  68       3               离散机4            36401.19        37846.19        1445.00        
  68       4               离散机9            43168.93        44097.93        929.00         

工件 69:
  69       0               打印机5            0.00            38597.00        38597.00       
  69       1               批处理机2           38597.00        39661.00        1064.00        
  69       2               离散机4            41120.00        42350.00        1230.00        
  69       3               离散机7            42350.00        43861.00        1511.00        
  69       4               离散机8            45136.49        46445.49        1309.00        
  69       5               离散机4            49738.49        50752.49        1014.00        
  69       6               离散机8            57799.49        59033.49        1234.00        
  69       7               离散机7            67893.05        69518.05        1625.00        
  69       8               离散机9            69518.05        70516.05        998.00         

工件 70:
  70       0               打印机4            0.00            24934.59        24934.59       
  70       1               批处理机2           24934.59        25998.59        1064.00        
  70       2               离散机10           25998.59        27180.59        1182.00        

工件 71:
  71       0               打印机2            39523.93        47952.56        8428.63        
  71       1               批处理机2           48658.00        49722.00        1064.00        
  71       2               离散机9            49722.00        50791.00        1069.00        
  71       3               离散机4            52329.47        53997.47        1668.00        
  71       4               离散机2            70083.05        71237.05        1154.00        

工件 72:
  72       0               打印机2            29753.19        39523.93        9770.74        
  72       1               批处理机1           39523.93        40633.93        1110.00        
  72       2               离散机4            43948.49        45333.49        1385.00        
  72       3               离散机1            45333.49        46824.49        1491.00        
  72       4               离散机4            46824.49        48083.49        1259.00        
  72       5               离散机7            48408.00        49977.00        1569.00        
  72       6               离散机10           54750.00        56124.00        1374.00        
  72       7               离散机5            58364.47        59500.47        1136.00        
  72       8               离散机5            60439.47        61831.47        1392.00        

工件 73:
  73       0               打印机5            0.00            38597.00        38597.00       
  73       1               批处理机2           38597.00        39661.00        1064.00        
  73       2               离散机1            39661.00        40696.00        1035.00        

工件 74:
  74       0               打印机4            24934.59        50104.47        25169.88       
  74       1               批处理机2           50104.47        51168.47        1064.00        
  74       2               离散机3            55685.00        56714.00        1029.00        
  74       3               离散机7            62273.81        63518.81        1245.00        
  74       4               离散机6            65820.05        67164.05        1344.00        

工件 75:
  75       0               打印机4            24934.59        50104.47        25169.88       
  75       1               批处理机2           50104.47        51168.47        1064.00        
  75       2               离散机4            51168.47        52329.47        1161.00        
  75       3               离散机5            52807.47        54359.47        1552.00        
  75       4               离散机1            54359.47        55614.47        1255.00        
  75       5               离散机3            56714.00        58263.00        1549.00        
  75       6               离散机7            60135.00        61053.00        918.00         

工件 76:
  76       0               打印机5            0.00            38597.00        38597.00       
  76       1               批处理机2           38597.00        39661.00        1064.00        

工件 77:
  77       0               打印机5            38597.00        47594.00        8997.00        
  77       1               批处理机2           47594.00        48658.00        1064.00        
  77       2               离散机10           50676.00        51840.00        1164.00        
  77       3               离散机6            51914.00        52955.00        1041.00        
  77       4               离散机1            64007.47        65435.47        1428.00        

工件 78:
  78       0               打印机1            35191.28        61742.05        26550.77       
  78       1               批处理机2           61742.05        62806.05        1064.00        
  78       2               离散机8            64865.81        66150.81        1285.00        

工件 79:
  79       0               打印机5            0.00            38597.00        38597.00       
  79       1               批处理机2           38597.00        39661.00        1064.00        
  79       2               离散机3            39661.00        40926.00        1265.00        

工件 80:
  80       0               打印机1            13294.36        35191.28        21896.92       
  80       1               批处理机2           35191.28        36255.28        1064.00        

工件 81:
  81       0               打印机3            0.00            41325.49        41325.49       
  81       1               批处理机2           41325.49        42389.49        1064.00        
  81       2               离散机4            42389.49        43948.49        1559.00        
  81       3               离散机8            43948.49        45136.49        1188.00        

工件 82:
  82       0               打印机1            35191.28        61742.05        26550.77       
  82       1               批处理机2           61742.05        62806.05        1064.00        
  82       2               离散机3            69195.05        70794.05        1599.00        
  82       3               离散机9            70794.05        71723.05        929.00         

工件 83:
  83       0               打印机2            0.00            29753.19        29753.19       
  83       1               批处理机2           29753.19        30817.19        1064.00        
  83       2               离散机9            37424.19        39161.19        1737.00        
  83       3               离散机8            41305.00        42291.00        986.00         
  83       4               离散机7            49977.00        51471.00        1494.00        
  83       5               离散机7            52745.00        54271.00        1526.00        
  83       6               离散机4            62318.81        63744.81        1426.00        
  83       7               离散机9            63895.66        65296.66        1401.00        

工件 84:
  84       0               打印机3            0.00            41325.49        41325.49       
  84       1               批处理机2           41325.49        42389.49        1064.00        

工件 85:
  85       0               打印机2            0.00            29753.19        29753.19       
  85       1               批处理机2           29753.19        30817.19        1064.00        
  85       2               离散机6            30817.19        32059.19        1242.00        
  85       3               离散机9            45674.00        47345.00        1671.00        

工件 86:
  86       0               打印机1            35191.28        61742.05        26550.77       
  86       1               批处理机2           61742.05        62806.05        1064.00        
  86       2               离散机6            62806.05        64160.05        1354.00        
  86       3               离散机3            67875.05        69195.05        1320.00        
  86       4               离散机4            69195.05        70967.05        1772.00        
  86       5               离散机10           71816.05        73013.05        1197.00        

工件 87:
  87       0               打印机3            41325.49        47894.88        6569.39        
  87       1               批处理机1           47894.88        49004.88        1110.00        
  87       2               离散机10           53020.00        54750.00        1730.00        
  87       3               离散机7            57471.00        59114.00        1643.00        
  87       4               离散机6            64160.05        65820.05        1660.00        

工件 88:
  88       0               打印机4            0.00            24934.59        24934.59       
  88       1               批处理机2           24934.59        25998.59        1064.00        
  88       2               离散机7            29213.59        30520.59        1307.00        
  88       3               离散机7            31724.59        33087.59        1363.00        
  88       4               离散机3            35024.19        36154.19        1130.00        

工件 89:
  89       0               打印机2            0.00            29753.19        29753.19       
  89       1               批处理机2           29753.19        30817.19        1064.00        
  89       2               离散机3            33428.19        35024.19        1596.00        
  89       3               离散机1            35024.19        36030.19        1006.00        

工件 90:
  90       0               打印机4            0.00            24934.59        24934.59       
  90       1               批处理机2           24934.59        25998.59        1064.00        
  90       2               离散机9            28419.59        30162.59        1743.00        

工件 91:
  91       0               打印机4            24934.59        50104.47        25169.88       
  91       1               批处理机2           50104.47        51168.47        1064.00        
  91       2               离散机5            51168.47        52807.47        1639.00        

工件 92:
  92       0               打印机5            0.00            38597.00        38597.00       
  92       1               批处理机2           38597.00        39661.00        1064.00        
  92       2               离散机2            42419.00        43975.00        1556.00        
  92       3               离散机3            70794.05        71819.05        1025.00        

工件 93:
  93       0               打印机4            24934.59        50104.47        25169.88       
  93       1               批处理机2           50104.47        51168.47        1064.00        
  93       2               离散机2            51168.47        52821.47        1653.00        
  93       3               离散机9            53905.00        54934.00        1029.00        
  93       4               离散机10           58487.47        59976.47        1489.00        
  93       5               离散机8            59976.47        61051.47        1075.00        

工件 94:
  94       0               打印机5            0.00            38597.00        38597.00       
  94       1               批处理机2           38597.00        39661.00        1064.00        
  94       2               离散机6            39661.00        41101.00        1440.00        
  94       3               离散机3            41101.00        42652.00        1551.00        
  94       4               离散机4            45333.49        46629.49        1296.00        
  94       5               离散机4            53997.47        54951.47        954.00         
  94       6               离散机4            56746.47        58370.47        1624.00        
  94       7               离散机2            65772.47        67366.47        1594.00        

工件 95:
  95       0               打印机1            0.00            13294.36        13294.36       
  95       1               批处理机2           13294.36        14358.36        1064.00        

工件 96:
  96       0               打印机2            47952.56        57126.81        9174.25        
  96       1               批处理机2           57126.81        58190.81        1064.00        
  96       2               离散机9            58190.81        59474.81        1284.00        
  96       3               离散机4            59474.81        61155.81        1681.00        
  96       4               离散机7            61155.81        62273.81        1118.00        
  96       5               离散机5            62273.81        63835.81        1562.00        
  96       6               离散机8            63835.81        64865.81        1030.00        
  96       7               离散机3            65482.05        66648.05        1166.00        
  96       8               离散机1            67868.47        69031.47        1163.00        

工件 97:
  97       0               打印机5            0.00            38597.00        38597.00       
  97       1               批处理机2           38597.00        39661.00        1064.00        
  97       2               离散机2            48331.00        49631.00        1300.00        
  97       3               离散机1            55614.47        57079.47        1465.00        
  97       4               离散机6            67164.05        68627.05        1463.00        

工件 98:
  98       0               打印机1            0.00            13294.36        13294.36       
  98       1               批处理机2           13294.36        14358.36        1064.00        

工件 99:
  99       0               打印机1            35191.28        61742.05        26550.77       
  99       1               批处理机2           61742.05        62806.05        1064.00        
  99       2               离散机10           62806.05        64103.05        1297.00        
  99       3               离散机3            64103.05        65482.05        1379.00        
  99       4               离散机7            65482.05        66484.05        1002.00        
  99       5               离散机8            67166.81        68594.81        1428.00        
  99       6               离散机10           69594.05        70893.05        1299.00        
  99       7               离散机9            71723.05        72791.05        1068.00        

【机器加工顺序记录】
----------------------------------------------------------------------------------------------------

打印机1:
工件号      工序号             开始时间            结束时间            加工时长           
--------------------------------------------------------------------------------
  4        0               0.00            13294.36        13294.36       
  25       0               0.00            13294.36        13294.36       
  30       0               0.00            13294.36        13294.36       
  32       0               0.00            13294.36        13294.36       
  42       0               0.00            13294.36        13294.36       
  57       0               0.00            13294.36        13294.36       
  95       0               0.00            13294.36        13294.36       
  98       0               0.00            13294.36        13294.36       
  3        0               13294.36        35191.28        21896.92       
  11       0               13294.36        35191.28        21896.92       
  16       0               13294.36        35191.28        21896.92       
  36       0               13294.36        35191.28        21896.92       
  41       0               13294.36        35191.28        21896.92       
  54       0               13294.36        35191.28        21896.92       
  66       0               13294.36        35191.28        21896.92       
  80       0               13294.36        35191.28        21896.92       
  48       0               35191.28        61742.05        26550.77       
  59       0               35191.28        61742.05        26550.77       
  78       0               35191.28        61742.05        26550.77       
  82       0               35191.28        61742.05        26550.77       
  86       0               35191.28        61742.05        26550.77       
  99       0               35191.28        61742.05        26550.77       

  机器利用率: 603.78% (忙碌时间: 440834.87 / 总时间: 73013.05)

打印机2:
工件号      工序号             开始时间            结束时间            加工时长           
--------------------------------------------------------------------------------
  10       0               0.00            29753.19        29753.19       
  12       0               0.00            29753.19        29753.19       
  28       0               0.00            29753.19        29753.19       
  34       0               0.00            29753.19        29753.19       
  37       0               0.00            29753.19        29753.19       
  38       0               0.00            29753.19        29753.19       
  39       0               0.00            29753.19        29753.19       
  44       0               0.00            29753.19        29753.19       
  47       0               0.00            29753.19        29753.19       
  50       0               0.00            29753.19        29753.19       
  58       0               0.00            29753.19        29753.19       
  67       0               0.00            29753.19        29753.19       
  68       0               0.00            29753.19        29753.19       
  83       0               0.00            29753.19        29753.19       
  85       0               0.00            29753.19        29753.19       
  89       0               0.00            29753.19        29753.19       
  23       0               29753.19        39523.93        9770.74        
  43       0               29753.19        39523.93        9770.74        
  65       0               29753.19        39523.93        9770.74        
  72       0               29753.19        39523.93        9770.74        
  2        0               39523.93        47952.56        8428.63        
  17       0               39523.93        47952.56        8428.63        
  61       0               39523.93        47952.56        8428.63        
  71       0               39523.93        47952.56        8428.63        
  96       0               47952.56        57126.81        9174.25        

  机器利用率: 764.28% (忙碌时间: 558022.81 / 总时间: 73013.05)

打印机3:
工件号      工序号             开始时间            结束时间            加工时长           
--------------------------------------------------------------------------------
  15       0               0.00            41325.49        41325.49       
  22       0               0.00            41325.49        41325.49       
  26       0               0.00            41325.49        41325.49       
  33       0               0.00            41325.49        41325.49       
  49       0               0.00            41325.49        41325.49       
  51       0               0.00            41325.49        41325.49       
  63       0               0.00            41325.49        41325.49       
  81       0               0.00            41325.49        41325.49       
  84       0               0.00            41325.49        41325.49       
  87       0               41325.49        47894.88        6569.39        
  56       0               47894.88        60488.66        12593.78       
  64       0               47894.88        60488.66        12593.78       

  机器利用率: 552.90% (忙碌时间: 403686.34 / 总时间: 73013.05)

打印机4:
工件号      工序号             开始时间            结束时间            加工时长           
--------------------------------------------------------------------------------
  0        0               0.00            24934.59        24934.59       
  6        0               0.00            24934.59        24934.59       
  8        0               0.00            24934.59        24934.59       
  19       0               0.00            24934.59        24934.59       
  20       0               0.00            24934.59        24934.59       
  21       0               0.00            24934.59        24934.59       
  35       0               0.00            24934.59        24934.59       
  40       0               0.00            24934.59        24934.59       
  45       0               0.00            24934.59        24934.59       
  46       0               0.00            24934.59        24934.59       
  60       0               0.00            24934.59        24934.59       
  62       0               0.00            24934.59        24934.59       
  70       0               0.00            24934.59        24934.59       
  88       0               0.00            24934.59        24934.59       
  90       0               0.00            24934.59        24934.59       
  27       0               24934.59        50104.47        25169.88       
  74       0               24934.59        50104.47        25169.88       
  75       0               24934.59        50104.47        25169.88       
  91       0               24934.59        50104.47        25169.88       
  93       0               24934.59        50104.47        25169.88       

  机器利用率: 684.63% (忙碌时间: 499868.24 / 总时间: 73013.05)

打印机5:
工件号      工序号             开始时间            结束时间            加工时长           
--------------------------------------------------------------------------------
  1        0               0.00            38597.00        38597.00       
  5        0               0.00            38597.00        38597.00       
  7        0               0.00            38597.00        38597.00       
  9        0               0.00            38597.00        38597.00       
  13       0               0.00            38597.00        38597.00       
  14       0               0.00            38597.00        38597.00       
  18       0               0.00            38597.00        38597.00       
  52       0               0.00            38597.00        38597.00       
  53       0               0.00            38597.00        38597.00       
  55       0               0.00            38597.00        38597.00       
  69       0               0.00            38597.00        38597.00       
  73       0               0.00            38597.00        38597.00       
  76       0               0.00            38597.00        38597.00       
  79       0               0.00            38597.00        38597.00       
  92       0               0.00            38597.00        38597.00       
  94       0               0.00            38597.00        38597.00       
  97       0               0.00            38597.00        38597.00       
  24       0               38597.00        47594.00        8997.00        
  29       0               38597.00        47594.00        8997.00        
  31       0               38597.00        47594.00        8997.00        
  77       0               38597.00        47594.00        8997.00        

  机器利用率: 947.96% (忙碌时间: 692137.00 / 总时间: 73013.05)

批处理机1:
工件号      工序号             开始时间            结束时间            加工时长           
--------------------------------------------------------------------------------
  23       1               39523.93        40633.93        1110.00        
  43       1               39523.93        40633.93        1110.00        
  65       1               39523.93        40633.93        1110.00        
  72       1               39523.93        40633.93        1110.00        
  87       1               47894.88        49004.88        1110.00        

  机器利用率: 7.60% (忙碌时间: 5550.00 / 总时间: 73013.05)

批处理机2:
工件号      工序号             开始时间            结束时间            加工时长           
--------------------------------------------------------------------------------
  4        1               13294.36        14358.36        1064.00        
  25       1               13294.36        14358.36        1064.00        
  30       1               13294.36        14358.36        1064.00        
  32       1               13294.36        14358.36        1064.00        
  42       1               13294.36        14358.36        1064.00        
  57       1               13294.36        14358.36        1064.00        
  95       1               13294.36        14358.36        1064.00        
  98       1               13294.36        14358.36        1064.00        
  0        1               24934.59        25998.59        1064.00        
  6        1               24934.59        25998.59        1064.00        
  8        1               24934.59        25998.59        1064.00        
  19       1               24934.59        25998.59        1064.00        
  20       1               24934.59        25998.59        1064.00        
  21       1               24934.59        25998.59        1064.00        
  35       1               24934.59        25998.59        1064.00        
  40       1               24934.59        25998.59        1064.00        
  45       1               24934.59        25998.59        1064.00        
  46       1               24934.59        25998.59        1064.00        
  60       1               24934.59        25998.59        1064.00        
  62       1               24934.59        25998.59        1064.00        
  70       1               24934.59        25998.59        1064.00        
  88       1               24934.59        25998.59        1064.00        
  90       1               24934.59        25998.59        1064.00        
  10       1               29753.19        30817.19        1064.00        
  12       1               29753.19        30817.19        1064.00        
  28       1               29753.19        30817.19        1064.00        
  34       1               29753.19        30817.19        1064.00        
  37       1               29753.19        30817.19        1064.00        
  38       1               29753.19        30817.19        1064.00        
  39       1               29753.19        30817.19        1064.00        
  44       1               29753.19        30817.19        1064.00        
  47       1               29753.19        30817.19        1064.00        
  50       1               29753.19        30817.19        1064.00        
  58       1               29753.19        30817.19        1064.00        
  67       1               29753.19        30817.19        1064.00        
  68       1               29753.19        30817.19        1064.00        
  83       1               29753.19        30817.19        1064.00        
  85       1               29753.19        30817.19        1064.00        
  89       1               29753.19        30817.19        1064.00        
  3        1               35191.28        36255.28        1064.00        
  11       1               35191.28        36255.28        1064.00        
  16       1               35191.28        36255.28        1064.00        
  36       1               35191.28        36255.28        1064.00        
  41       1               35191.28        36255.28        1064.00        
  54       1               35191.28        36255.28        1064.00        
  66       1               35191.28        36255.28        1064.00        
  80       1               35191.28        36255.28        1064.00        
  1        1               38597.00        39661.00        1064.00        
  5        1               38597.00        39661.00        1064.00        
  7        1               38597.00        39661.00        1064.00        
  9        1               38597.00        39661.00        1064.00        
  13       1               38597.00        39661.00        1064.00        
  14       1               38597.00        39661.00        1064.00        
  18       1               38597.00        39661.00        1064.00        
  52       1               38597.00        39661.00        1064.00        
  53       1               38597.00        39661.00        1064.00        
  55       1               38597.00        39661.00        1064.00        
  69       1               38597.00        39661.00        1064.00        
  73       1               38597.00        39661.00        1064.00        
  76       1               38597.00        39661.00        1064.00        
  79       1               38597.00        39661.00        1064.00        
  92       1               38597.00        39661.00        1064.00        
  94       1               38597.00        39661.00        1064.00        
  97       1               38597.00        39661.00        1064.00        
  15       1               41325.49        42389.49        1064.00        
  22       1               41325.49        42389.49        1064.00        
  26       1               41325.49        42389.49        1064.00        
  33       1               41325.49        42389.49        1064.00        
  49       1               41325.49        42389.49        1064.00        
  51       1               41325.49        42389.49        1064.00        
  63       1               41325.49        42389.49        1064.00        
  81       1               41325.49        42389.49        1064.00        
  84       1               41325.49        42389.49        1064.00        
  24       1               47594.00        48658.00        1064.00        
  29       1               47594.00        48658.00        1064.00        
  31       1               47594.00        48658.00        1064.00        
  77       1               47594.00        48658.00        1064.00        
  2        1               48658.00        49722.00        1064.00        
  17       1               48658.00        49722.00        1064.00        
  61       1               48658.00        49722.00        1064.00        
  71       1               48658.00        49722.00        1064.00        
  27       1               50104.47        51168.47        1064.00        
  74       1               50104.47        51168.47        1064.00        
  75       1               50104.47        51168.47        1064.00        
  91       1               50104.47        51168.47        1064.00        
  93       1               50104.47        51168.47        1064.00        
  96       1               57126.81        58190.81        1064.00        
  56       1               60488.66        61552.66        1064.00        
  64       1               60488.66        61552.66        1064.00        
  48       1               61742.05        62806.05        1064.00        
  59       1               61742.05        62806.05        1064.00        
  78       1               61742.05        62806.05        1064.00        
  82       1               61742.05        62806.05        1064.00        
  86       1               61742.05        62806.05        1064.00        
  99       1               61742.05        62806.05        1064.00        

  机器利用率: 138.44% (忙碌时间: 101080.00 / 总时间: 73013.05)

离散机1:
工件号      工序号             开始时间            结束时间            加工时长           
--------------------------------------------------------------------------------
  4        2               14358.36        15491.36        1133.00        
  32       4               16971.36        17900.36        929.00         
  25       5               17900.36        18946.36        1046.00        
  20       2               25998.59        27572.59        1574.00        
  46       2               27572.59        28617.59        1045.00        
  0        4               28617.59        29532.59        915.00         
  35       3               29532.59        30633.59        1101.00        
  46       5               30706.59        31642.59        936.00         
  46       6               31642.59        32714.59        1072.00        
  8        6               33454.19        34487.19        1033.00        
  89       3               35024.19        36030.19        1006.00        
  66       2               36255.28        37558.28        1303.00        
  34       3               37558.28        38952.28        1394.00        
  73       2               39661.00        40696.00        1035.00        
  5        2               40696.00        42369.00        1673.00        
  23       3               42369.00        44018.00        1649.00        
  52       2               44018.00        45136.00        1118.00        
  72       3               45333.49        46824.49        1491.00        
  7        4               46824.49        47750.49        926.00         
  7        5               47750.49        49201.49        1451.00        
  29       2               49201.49        50387.49        1186.00        
  43       3               50387.49        51843.49        1456.00        
  31       2               51843.49        53257.49        1414.00        
  45       7               53257.49        54214.49        957.00         
  75       4               54359.47        55614.47        1255.00        
  97       3               55614.47        57079.47        1465.00        
  55       7               57079.47        58477.47        1398.00        
  52       5               58487.47        60042.47        1555.00        
  43       5               60042.47        61138.47        1096.00        
  65       5               61138.47        62299.47        1161.00        
  6        5               62299.47        64007.47        1708.00        
  77       4               64007.47        65435.47        1428.00        
  47       8               65435.47        66742.47        1307.00        
  66       6               66742.47        67868.47        1126.00        
  96       8               67868.47        69031.47        1163.00        
  16       3               69031.47        70813.47        1782.00        

  机器利用率: 62.03% (忙碌时间: 45287.00 / 总时间: 73013.05)

离散机2:
工件号      工序号             开始时间            结束时间            加工时长           
--------------------------------------------------------------------------------
  32       2               14358.36        15489.36        1131.00        
  25       3               15489.36        16815.36        1326.00        
  32       5               17900.36        19595.36        1695.00        
  4        6               22424.36        23446.36        1022.00        
  0        3               26898.59        28530.59        1632.00        
  8        4               28530.59        30141.59        1611.00        
  47       2               30817.19        32070.19        1253.00        
  8        5               32070.19        33454.19        1384.00        
  6        3               33454.19        35119.19        1665.00        
  34       2               35119.19        36782.19        1663.00        
  41       3               37276.28        38973.28        1697.00        
  14       2               39661.00        41431.00        1770.00        
  7        2               41431.00        42419.00        988.00         
  92       2               42419.00        43975.00        1556.00        
  33       2               43975.00        45745.00        1770.00        
  3        4               45745.00        46743.00        998.00         
  15       3               46743.00        48331.00        1588.00        
  97       2               48331.00        49631.00        1300.00        
  26       3               49631.00        51156.00        1525.00        
  93       2               51168.47        52821.47        1653.00        
  15       4               52821.47        53911.47        1090.00        
  1        4               53911.47        54835.47        924.00         
  28       2               54835.47        56171.47        1336.00        
  5        4               56171.47        57091.47        920.00         
  16       2               57091.47        58881.47        1790.00        
  10       5               58881.47        60610.47        1729.00        
  5        5               60610.47        61781.47        1171.00        
  5        6               61781.47        62681.47        900.00         
  47       7               62681.47        63786.47        1105.00        
  52       6               63786.47        64801.47        1015.00        
  17       7               64801.47        65772.47        971.00         
  94       7               65772.47        67366.47        1594.00        
  41       7               67366.47        69101.47        1735.00        
  59       5               69117.05        70083.05        966.00         
  71       4               70083.05        71237.05        1154.00        
  13       7               71237.05        72218.05        981.00         

  机器利用率: 66.57% (忙碌时间: 48608.00 / 总时间: 73013.05)

离散机3:
工件号      工序号             开始时间            结束时间            加工时长           
--------------------------------------------------------------------------------
  25       2               14358.36        15279.36        921.00         
  30       4               16464.36        17383.36        919.00         
  4        4               20276.36        21507.36        1231.00        
  0        2               25998.59        26898.59        900.00         
  21       2               26898.59        28477.59        1579.00        
  21       3               28477.59        29595.59        1118.00        
  46       4               29620.59        30706.59        1086.00        
  58       2               30817.19        31910.19        1093.00        
  58       3               31910.19        33428.19        1518.00        
  89       2               33428.19        35024.19        1596.00        
  88       4               35024.19        36154.19        1130.00        
  11       2               36255.28        37636.28        1381.00        
  36       3               37636.28        38686.28        1050.00        
  6        4               38686.28        39642.28        956.00         
  79       2               39661.00        40926.00        1265.00        
  94       3               41101.00        42652.00        1551.00        
  13       2               42652.00        44109.00        1457.00        
  66       3               44109.00        45703.00        1594.00        
  47       6               45703.00        47146.00        1443.00        
  46       7               47146.00        48380.00        1234.00        
  24       2               48658.00        49988.00        1330.00        
  24       3               49988.00        51387.00        1399.00        
  55       5               51387.00        52926.00        1539.00        
  26       4               52926.00        54076.00        1150.00        
  26       5               54076.00        55685.00        1609.00        
  74       2               55685.00        56714.00        1029.00        
  75       5               56714.00        58263.00        1549.00        
  43       4               58263.00        59558.00        1295.00        
  15       5               59558.00        61065.00        1507.00        
  31       4               61065.00        62388.00        1323.00        
  15       6               62388.00        63618.00        1230.00        
  99       3               64103.05        65482.05        1379.00        
  96       7               65482.05        66648.05        1166.00        
  59       3               66930.05        67875.05        945.00         
  86       3               67875.05        69195.05        1320.00        
  82       2               69195.05        70794.05        1599.00        
  92       3               70794.05        71819.05        1025.00        
  65       6               71819.05        72726.05        907.00         

  机器利用率: 66.18% (忙碌时间: 48323.00 / 总时间: 73013.05)

离散机4:
工件号      工序号             开始时间            结束时间            加工时长           
--------------------------------------------------------------------------------
  42       2               14358.36        15753.36        1395.00        
  62       2               25998.59        27281.59        1283.00        
  20       4               28797.59        30221.59        1424.00        
  40       5               30330.59        31434.59        1104.00        
  0        5               31434.59        33139.59        1705.00        
  67       3               33473.19        34797.19        1324.00        
  47       4               34797.19        36401.19        1604.00        
  68       3               36401.19        37846.19        1445.00        
  8        7               37846.19        39507.19        1661.00        
  55       2               39661.00        41120.00        1459.00        
  69       2               41120.00        42350.00        1230.00        
  81       2               42389.49        43948.49        1559.00        
  72       2               43948.49        45333.49        1385.00        
  94       4               45333.49        46629.49        1296.00        
  72       4               46824.49        48083.49        1259.00        
  11       4               48083.49        49738.49        1655.00        
  69       5               49738.49        50752.49        1014.00        
  75       2               51168.47        52329.47        1161.00        
  71       3               52329.47        53997.47        1668.00        
  94       5               53997.47        54951.47        954.00         
  52       3               54951.47        56746.47        1795.00        
  94       6               56746.47        58370.47        1624.00        
  33       5               58370.47        59368.47        998.00         
  96       3               59474.81        61155.81        1681.00        
  51       2               61155.81        62318.81        1163.00        
  83       6               62318.81        63744.81        1426.00        
  9        3               63744.81        64712.81        968.00         
  28       5               64712.81        66110.81        1398.00        
  45       8               66110.81        67735.81        1625.00        
  59       4               67875.05        69117.05        1242.00        
  86       4               69195.05        70967.05        1772.00        

  机器利用率: 59.27% (忙碌时间: 43277.00 / 总时间: 73013.05)

离散机5:
工件号      工序号             开始时间            结束时间            加工时长           
--------------------------------------------------------------------------------
  30       5               17383.36        18307.36        924.00         
  30       6               18307.36        19481.36        1174.00        
  8        2               25998.59        27254.59        1256.00        
  20       3               27572.59        28797.59        1225.00        
  40       4               28797.59        30330.59        1533.00        
  20       5               30330.59        31561.59        1231.00        
  37       3               32090.19        33291.19        1201.00        
  47       3               33291.19        34443.19        1152.00        
  45       4               35130.19        36344.19        1214.00        
  10       3               36344.19        37412.19        1068.00        
  47       5               37412.19        38750.19        1338.00        
  53       2               39661.00        40986.00        1325.00        
  39       4               40986.00        42522.00        1536.00        
  10       4               42522.00        44302.00        1780.00        
  58       5               44302.00        45512.00        1210.00        
  13       4               45674.00        47350.00        1676.00        
  33       3               47350.00        48414.00        1064.00        
  13       5               48414.00        49463.00        1049.00        
  34       4               49463.00        50893.00        1430.00        
  91       2               51168.47        52807.47        1639.00        
  75       3               52807.47        54359.47        1552.00        
  23       7               54359.47        56060.47        1701.00        
  24       4               56060.47        57126.47        1066.00        
  23       8               57126.47        58364.47        1238.00        
  72       7               58364.47        59500.47        1136.00        
  33       6               59500.47        60439.47        939.00         
  72       8               60439.47        61831.47        1392.00        
  96       5               62273.81        63835.81        1562.00        
  15       7               63835.81        64748.81        913.00         
  26       9               64748.81        66244.81        1496.00        

  机器利用率: 53.44% (忙碌时间: 39020.00 / 总时间: 73013.05)

离散机6:
工件号      工序号             开始时间            结束时间            加工时长           
--------------------------------------------------------------------------------
  57       2               14358.36        15484.36        1126.00        
  4        7               23446.36        24784.36        1338.00        
  6        2               25998.59        27003.59        1005.00        
  8        3               27254.59        28281.59        1027.00        
  46       3               28617.59        29620.59        1003.00        
  85       2               30817.19        32059.19        1242.00        
  44       2               32059.19        33045.19        986.00         
  37       4               33291.19        34482.19        1191.00        
  58       4               34482.19        35591.19        1109.00        
  21       4               35591.19        37156.19        1565.00        
  45       6               37841.19        39351.19        1510.00        
  94       2               39661.00        41101.00        1440.00        
  14       3               41431.00        42807.00        1376.00        
  7        3               42807.00        44182.00        1375.00        
  14       4               44182.00        45273.00        1091.00        
  23       4               45273.00        46850.00        1577.00        
  49       2               46850.00        48299.00        1449.00        
  33       4               48414.00        49323.00        909.00         
  3        6               49323.00        50481.00        1158.00        
  17       3               50676.00        51914.00        1238.00        
  77       3               51914.00        52955.00        1041.00        
  36       6               52955.00        54500.00        1545.00        
  17       6               54500.00        56065.00        1565.00        
  28       3               56171.47        57162.47        991.00         
  24       5               57162.47        58560.47        1398.00        
  26       7               58560.47        59992.47        1432.00        
  26       8               59992.47        61381.47        1389.00        
  14       7               61381.47        62593.47        1212.00        
  86       2               62806.05        64160.05        1354.00        
  87       4               64160.05        65820.05        1660.00        
  74       4               65820.05        67164.05        1344.00        
  97       4               67164.05        68627.05        1463.00        
  28       6               68627.05        69658.05        1031.00        
  17       8               69658.05        70577.05        919.00         
  43       6               70577.05        71614.05        1037.00        
  14       9               71614.05        72941.05        1327.00        

  机器利用率: 62.21% (忙碌时间: 45423.00 / 总时间: 73013.05)

离散机7:
工件号      工序号             开始时间            结束时间            加工时长           
--------------------------------------------------------------------------------
  32       6               19595.36        21174.36        1579.00        
  30       7               21174.36        22379.36        1205.00        
  25       7               22379.36        23533.36        1154.00        
  30       9               23774.36        24914.36        1140.00        
  19       2               25998.59        27432.59        1434.00        
  45       2               27432.59        29213.59        1781.00        
  88       2               29213.59        30520.59        1307.00        
  60       2               30520.59        31724.59        1204.00        
  88       3               31724.59        33087.59        1363.00        
  68       2               33087.59        34451.59        1364.00        
  12       2               34451.59        36209.59        1758.00        
  41       2               36255.28        37276.28        1021.00        
  67       5               37276.28        38536.28        1260.00        
  41       4               38973.28        40505.28        1532.00        
  36       4               40505.28        41990.28        1485.00        
  69       3               42350.00        43861.00        1511.00        
  1        3               43861.00        45643.00        1782.00        
  26       2               45643.00        47317.00        1674.00        
  3        5               47317.00        48408.00        1091.00        
  72       5               48408.00        49977.00        1569.00        
  83       4               49977.00        51471.00        1494.00        
  41       5               51471.00        52745.00        1274.00        
  83       5               52745.00        54271.00        1526.00        
  41       6               54271.00        55543.00        1272.00        
  26       6               55685.00        57471.00        1786.00        
  87       3               57471.00        59114.00        1643.00        
  36       7               59114.00        60135.00        1021.00        
  75       6               60135.00        61053.00        918.00         
  96       4               61155.81        62273.81        1118.00        
  74       3               62273.81        63518.81        1245.00        
  13       6               63518.81        65129.81        1611.00        
  99       4               65482.05        66484.05        1002.00        
  24       8               66484.05        67893.05        1409.00        
  69       7               67893.05        69518.05        1625.00        
  49       4               69518.05        71069.05        1551.00        
  59       6               71069.05        72538.05        1469.00        

  机器利用率: 68.72% (忙碌时间: 50178.00 / 总时间: 73013.05)

离散机8:
工件号      工序号             开始时间            结束时间            加工时长           
--------------------------------------------------------------------------------
  30       3               15457.36        16464.36        1007.00        
  57       3               16464.36        17451.36        987.00         
  4        5               21507.36        22424.36        917.00         
  40       2               25998.59        27109.59        1111.00        
  35       2               27109.59        28827.59        1718.00        
  45       5               36344.19        37841.19        1497.00        
  1        2               39661.00        41305.00        1644.00        
  83       3               41305.00        42291.00        986.00         
  15       2               42389.49        43795.49        1406.00        
  81       3               43948.49        45136.49        1188.00        
  69       4               45136.49        46445.49        1309.00        
  55       4               46445.49        48049.49        1604.00        
  5        3               48049.49        49345.49        1296.00        
  14       5               49345.49        50859.49        1514.00        
  36       5               50859.49        52275.49        1416.00        
  66       4               52275.49        53526.49        1251.00        
  11       5               53526.49        54464.49        938.00         
  14       6               54464.49        55657.49        1193.00        
  55       6               55657.49        56867.49        1210.00        
  31       3               56867.49        57799.49        932.00         
  69       6               57799.49        59033.49        1234.00        
  65       4               59033.49        59942.49        909.00         
  93       5               59976.47        61051.47        1075.00        
  10       6               61051.47        62384.47        1333.00        
  24       7               62384.47        63802.47        1418.00        
  96       6               63835.81        64865.81        1030.00        
  78       2               64865.81        66150.81        1285.00        
  11       6               66150.81        67166.81        1016.00        
  99       5               67166.81        68594.81        1428.00        
  5        7               68594.81        70071.81        1477.00        
  36       8               70071.81        71179.81        1108.00        
  29       3               71179.81        72358.81        1179.00        

  机器利用率: 54.26% (忙碌时间: 39616.00 / 总时间: 73013.05)

离散机9:
工件号      工序号             开始时间            结束时间            加工时长           
--------------------------------------------------------------------------------
  30       2               14358.36        15457.36        1099.00        
  32       3               15489.36        16971.36        1482.00        
  25       6               18946.36        20664.36        1718.00        
  30       8               22379.36        23774.36        1395.00        
  40       3               27109.59        28419.59        1310.00        
  90       2               28419.59        30162.59        1743.00        
  10       2               30817.19        32542.19        1725.00        
  67       2               32542.19        33473.19        931.00         
  45       3               33473.19        35130.19        1657.00        
  39       2               35130.19        36430.19        1300.00        
  36       2               36430.19        37424.19        994.00         
  83       2               37424.19        39161.19        1737.00        
  11       3               39161.19        40277.19        1116.00        
  23       2               40633.93        41673.93        1040.00        
  43       2               41673.93        43168.93        1495.00        
  68       4               43168.93        44097.93        929.00         
  13       3               44109.00        45674.00        1565.00        
  85       3               45674.00        47345.00        1671.00        
  65       2               47345.00        48751.00        1406.00        
  71       2               49722.00        50791.00        1069.00        
  23       6               50791.00        51888.00        1097.00        
  17       4               51914.00        52899.00        985.00         
  17       5               52899.00        53905.00        1006.00        
  93       3               53905.00        54934.00        1029.00        
  65       3               54934.00        56400.00        1466.00        
  9        2               56400.00        57844.00        1444.00        
  96       2               58190.81        59474.81        1284.00        
  7        6               59474.81        60936.81        1462.00        
  64       2               61552.66        62753.66        1201.00        
  18       2               62753.66        63895.66        1142.00        
  83       7               63895.66        65296.66        1401.00        
  66       5               65296.66        66450.66        1154.00        
  31       5               66450.66        68159.66        1709.00        
  31       6               68159.66        69326.66        1167.00        
  69       8               69518.05        70516.05        998.00         
  82       3               70794.05        71723.05        929.00         
  99       7               71723.05        72791.05        1068.00        

  机器利用率: 65.64% (忙碌时间: 47924.00 / 总时间: 73013.05)

离散机10:
工件号      工序号             开始时间            结束时间            加工时长           
--------------------------------------------------------------------------------
  25       4               16815.36        17731.36        916.00         
  42       3               17731.36        18928.36        1197.00        
  4        3               18928.36        20276.36        1348.00        
  32       7               21174.36        22250.36        1076.00        
  70       2               25998.59        27180.59        1182.00        
  37       2               30817.19        32090.19        1273.00        
  50       2               32090.19        33218.19        1128.00        
  40       6               33218.19        34764.19        1546.00        
  67       4               34797.19        35734.19        937.00         
  3        2               36255.28        37874.28        1619.00        
  3        3               37874.28        39136.28        1262.00        
  39       3               39136.28        40074.28        938.00         
  54       2               40074.28        41102.28        1028.00        
  55       3               41120.00        42582.00        1462.00        
  39       5               42582.00        44008.00        1426.00        
  20       6               44008.00        44928.00        920.00         
  53       3               44928.00        46707.00        1779.00        
  23       5               46850.00        48455.00        1605.00        
  49       3               48455.00        49505.00        1050.00        
  17       2               49722.00        50676.00        954.00         
  77       2               50676.00        51840.00        1164.00        
  2        2               51840.00        53020.00        1180.00        
  87       2               53020.00        54750.00        1730.00        
  72       6               54750.00        56124.00        1374.00        
  52       4               56746.47        58487.47        1741.00        
  93       4               58487.47        59976.47        1489.00        
  28       4               59976.47        61184.47        1208.00        
  24       6               61184.47        62361.47        1177.00        
  99       2               62806.05        64103.05        1297.00        
  48       2               64103.05        65542.05        1439.00        
  59       2               65542.05        66930.05        1388.00        
  33       7               66930.05        68337.05        1407.00        
  14       8               68337.05        69594.05        1257.00        
  99       6               69594.05        70893.05        1299.00        
  52       7               70893.05        71816.05        923.00         
  86       5               71816.05        73013.05        1197.00        

  机器利用率: 62.89% (忙碌时间: 45916.00 / 总时间: 73013.05)

【打印批次详细信息】
----------------------------------------------------------------------------------------------------

打印机 1 (尺寸: 1033.0 x 412.0 x 635.0):
--------------------------------------------------------------------------------
  批次 1: 零件数=8, 占用率=85.07%
    - 95: 尺寸 202.0 x 55.0 x 55.0
    - 42: 尺寸 86.0 x 114.0 x 61.0
    - 30: 尺寸 686.0 x 336.0 x 90.0
    - 25: 尺寸 202.0 x 207.0 x 33.0
    - 4: 尺寸 136.0 x 148.0 x 21.0
    - 98: 尺寸 197.0 x 134.0 x 63.0
    - 57: 尺寸 139.0 x 114.0 x 92.0
    - 32: 尺寸 98.0 x 66.0 x 75.0
  批次 2: 零件数=8, 占用率=86.47%
    - 41: 尺寸 420.0 x 84.0 x 65.0
    - 54: 尺寸 529.0 x 120.0 x 52.0
    - 36: 尺寸 468.0 x 164.0 x 153.0
    - 3: 尺寸 114.0 x 130.0 x 98.0
    - 16: 尺寸 441.0 x 143.0 x 42.0
    - 66: 尺寸 438.0 x 139.0 x 124.0
    - 80: 尺寸 106.0 x 152.0 x 19.0
    - 11: 尺寸 306.0 x 123.0 x 35.0
  批次 3: 零件数=6, 占用率=78.13%
    - 82: 尺寸 191.0 x 198.0 x 181.0
    - 78: 尺寸 257.0 x 259.0 x 55.0
    - 86: 尺寸 349.0 x 205.0 x 127.0
    - 48: 尺寸 200.0 x 205.0 x 83.0
    - 99: 尺寸 390.0 x 203.0 x 186.0
    - 59: 尺寸 229.0 x 159.0 x 122.0

打印机 2 (尺寸: 1163.0 x 587.0 x 663.0):
--------------------------------------------------------------------------------
  批次 1: 零件数=16, 占用率=82.57%
    - 67: 尺寸 121.0 x 144.0 x 191.0
    - 38: 尺寸 118.0 x 144.0 x 155.0
    - 39: 尺寸 396.0 x 158.0 x 123.0
    - 10: 尺寸 480.0 x 155.0 x 175.0
    - 34: 尺寸 118.0 x 206.0 x 193.0
    - 83: 尺寸 153.0 x 441.0 x 197.0
    - 85: 尺寸 205.0 x 63.0 x 96.0
    - 89: 尺寸 233.0 x 185.0 x 23.0
    - 68: 尺寸 413.0 x 227.0 x 174.0
    - 50: 尺寸 185.0 x 123.0 x 171.0
    - 58: 尺寸 246.0 x 181.0 x 77.0
    - 37: 尺寸 208.0 x 179.0 x 109.0
    - 28: 尺寸 108.0 x 148.0 x 40.0
    - 44: 尺寸 79.0 x 103.0 x 14.0
    - 12: 尺寸 132.0 x 99.0 x 97.0
    - 47: 尺寸 178.0 x 51.0 x 176.0
  批次 2: 零件数=4, 占用率=80.60%
    - 43: 尺寸 713.0 x 239.0 x 46.0
    - 23: 尺寸 422.0 x 283.0 x 63.0
    - 65: 尺寸 688.0 x 246.0 x 28.0
    - 72: 尺寸 426.0 x 214.0 x 34.0
  批次 3: 零件数=4, 占用率=74.46%
    - 17: 尺寸 668.0 x 227.0 x 36.0
    - 2: 尺寸 184.0 x 568.0 x 44.0
    - 61: 尺寸 123.0 x 533.0 x 54.0
    - 71: 尺寸 699.0 x 267.0 x 29.0
  批次 4: 零件数=1, 占用率=34.89%
    - 96: 尺寸 711.0 x 335.0 x 59.0

打印机 3 (尺寸: 941.0 x 424.0 x 663.0):
--------------------------------------------------------------------------------
  批次 1: 零件数=9, 占用率=78.31%
    - 84: 尺寸 132.0 x 148.0 x 176.0
    - 63: 尺寸 163.0 x 195.0 x 52.0
    - 15: 尺寸 255.0 x 172.0 x 44.0
    - 26: 尺寸 353.0 x 115.0 x 50.0
    - 81: 尺寸 134.0 x 93.0 x 170.0
    - 51: 尺寸 173.0 x 135.0 x 83.0
    - 22: 尺寸 69.0 x 106.0 x 68.0
    - 33: 尺寸 143.0 x 98.0 x 20.0
    - 49: 尺寸 720.0 x 166.0 x 70.0
  批次 2: 零件数=1, 占用率=23.17%
    - 87: 尺寸 690.0 x 134.0 x 26.0
  批次 3: 零件数=2, 占用率=60.66%
    - 64: 尺寸 441.0 x 333.0 x 52.0
    - 56: 尺寸 312.0 x 305.0 x 32.0

打印机 4 (尺寸: 1081.0 x 523.0 x 615.0):
--------------------------------------------------------------------------------
  批次 1: 零件数=15, 占用率=90.96%
    - 88: 尺寸 385.0 x 207.0 x 83.0
    - 6: 尺寸 306.0 x 134.0 x 68.0
    - 60: 尺寸 363.0 x 170.0 x 19.0
    - 46: 尺寸 123.0 x 389.0 x 52.0
    - 70: 尺寸 139.0 x 217.0 x 55.0
    - 21: 尺寸 53.0 x 109.0 x 36.0
    - 90: 尺寸 241.0 x 85.0 x 93.0
    - 40: 尺寸 122.0 x 148.0 x 103.0
    - 35: 尺寸 106.0 x 96.0 x 48.0
    - 0: 尺寸 268.0 x 250.0 x 27.0
    - 19: 尺寸 58.0 x 220.0 x 76.0
    - 45: 尺寸 241.0 x 266.0 x 26.0
    - 20: 尺寸 89.0 x 142.0 x 104.0
    - 62: 尺寸 133.0 x 188.0 x 95.0
    - 8: 尺寸 115.0 x 155.0 x 87.0
  批次 2: 零件数=5, 占用率=70.62%
    - 75: 尺寸 460.0 x 290.0 x 105.0
    - 27: 尺寸 565.0 x 191.0 x 59.0
    - 91: 尺寸 179.0 x 133.0 x 39.0
    - 93: 尺寸 291.0 x 139.0 x 38.0
    - 74: 尺寸 488.0 x 192.0 x 92.0

打印机 5 (尺寸: 1118.0 x 504.0 x 631.0):
--------------------------------------------------------------------------------
  批次 1: 零件数=17, 占用率=78.76%
    - 69: 尺寸 101.0 x 76.0 x 43.0
    - 92: 尺寸 440.0 x 247.0 x 168.0
    - 9: 尺寸 101.0 x 149.0 x 45.0
    - 1: 尺寸 465.0 x 126.0 x 96.0
    - 14: 尺寸 98.0 x 183.0 x 54.0
    - 53: 尺寸 142.0 x 121.0 x 188.0
    - 52: 尺寸 170.0 x 59.0 x 100.0
    - 73: 尺寸 159.0 x 177.0 x 112.0
    - 7: 尺寸 105.0 x 98.0 x 89.0
    - 76: 尺寸 165.0 x 168.0 x 18.0
    - 18: 尺寸 134.0 x 207.0 x 86.0
    - 97: 尺寸 107.0 x 213.0 x 56.0
    - 79: 尺寸 382.0 x 155.0 x 83.0
    - 55: 尺寸 93.0 x 72.0 x 88.0
    - 13: 尺寸 87.0 x 87.0 x 191.0
    - 5: 尺寸 63.0 x 187.0 x 153.0
    - 94: 尺寸 86.0 x 78.0 x 15.0
  批次 2: 零件数=4, 占用率=47.89%
    - 24: 尺寸 187.0 x 173.0 x 33.0
    - 77: 尺寸 509.0 x 204.0 x 43.0
    - 29: 尺寸 302.0 x 137.0 x 33.0
    - 31: 尺寸 355.0 x 260.0 x 20.0

════════════════════════════════════════════════════════════════
