════════════════════════════════════════════════════════════════
              最优Cmax解的详细调度记录
════════════════════════════════════════════════════════════════

【基本信息】
----------------------------------------------------------------------------------------------------
Cmax (最大完工时间): 79045.64
能耗: 841.68 kWh
装箱质量: 0.0695
批次总数: 14
工件数量: 100
机器数量: 17 (打印机:5, 批处理机:2, 离散机:10)

【染色体编码】
----------------------------------------------------------------------------------------------------
工序序列 (OS): [30, 92, 21, 41, 77, 85, 39, 63, 86, 7, 80, 45, 1, 28, 99, 75, 18, 14, 32, 48, 33, 50, 90, 66, 9, 19, 16, 79, 47, 46, 51, 74, 69, 55, 60, 68, 56, 97, 26, 91, 98, 36, 52, 44, 53, 73, 76, 34, 82, 20, 49, 5, 38, 3, 10, 27, 43, 96, 67, 2, 35, 29, 22, 57, 83, 61, 89, 71, 17, 37, 87, 94, 25, 13, 81, 95, 4, 24, 59, 31, 12, 78, 84, 88, 8, 40, 58, 70, 42, 64, 54, 15, 0, 11, 62, 6, 23, 72, 93, 65, 30, 74, 16, 86, 39, 30, 39, 99, 75, 8, 30, 15, 53, 94, 26, 2, 55, 5, 14, 69, 68, 9, 10, 66, 71, 85, 13, 41, 68, 36, 81, 7, 23, 0, 36, 5, 5, 14, 4, 4, 67, 8, 14, 35, 17, 94, 68, 82, 34, 83, 26, 44, 36, 46, 96, 23, 86, 14, 8, 13, 49, 45, 65, 67, 99, 52, 7, 46, 72, 17, 72, 46, 67, 60, 37, 30, 96, 24, 10, 79, 93, 24, 66, 93, 30, 91, 70, 10, 87, 25, 94, 49, 32, 4, 6, 54, 50, 92, 99, 58, 13, 72, 36, 88, 42, 32, 45, 6, 83, 11, 26, 82, 29, 41, 69, 94, 21, 83, 47, 6, 65, 36, 52, 52, 73, 88, 32, 25, 47, 72, 15, 83, 97, 8, 47, 74, 55, 47, 58, 65, 26, 32, 96, 67, 23, 93, 33, 97, 36, 23, 3, 23, 31, 10, 41, 32, 66, 72, 66, 30, 7, 48, 33, 47, 7, 3, 17, 4, 89, 72, 3, 43, 14, 24, 43, 11, 55, 47, 13, 8, 17, 21, 36, 16, 83, 5, 51, 20, 28, 52, 90, 28, 37, 11, 55, 5, 46, 33, 24, 20, 14, 65, 39, 11, 34, 32, 31, 24, 1, 26, 45, 41, 66, 69, 43, 40, 59, 0, 26, 14, 18, 39, 75, 17, 5, 86, 83, 87, 94, 15, 43, 4, 19, 13, 96, 41, 89, 81, 0, 40, 23, 97, 42, 94, 40, 77, 96, 96, 45, 55, 1, 69, 87, 45, 92, 77, 59, 15, 31, 59, 69, 99, 20, 49, 25, 99, 52, 26, 28, 46, 14, 13, 53, 24, 59, 71, 17, 37, 57, 11, 29, 88, 15, 30, 75, 65, 45, 35, 74, 64, 25, 52, 8, 28, 72, 55, 25, 21, 3, 78, 26, 41, 17, 15, 4, 9, 3, 34, 23, 6, 10, 71, 93, 12, 75, 57, 30, 58, 28, 62, 86, 69, 46, 7, 33, 45, 40, 43, 33, 24, 40, 77, 31, 99, 96, 47, 0, 20, 59, 58, 85, 33, 75, 1, 69, 31, 25, 20]
机器选择 (MS): [2, 2, 4, 5, 3, 2, 2, 3, 2, 1, 3, 4, 4, 4, 5, 4, 1, 2, 3, 4, 4, 3, 1, 2, 2, 5, 5, 3, 5, 5, 1, 4, 2, 4, 5, 5, 2, 5, 2, 5, 4, 2, 2, 4, 1, 3, 3, 1, 1, 4, 1, 1, 1, 5, 1, 5, 4, 2, 1, 1, 4, 1, 4, 2, 1, 2, 1, 2, 4, 2, 5, 4, 1, 1, 2, 3, 4, 1, 3, 2, 4, 4, 1, 5, 5, 1, 4, 2, 5, 1, 5, 4, 2, 5, 3, 2, 2, 2, 5, 2, 1, 1, 2, 1, 1, 1, 1, 3, 3, 2, 1, 2, 1, 1, 2, 2, 1, 1, 1, 1, 1, 2, 1, 1, 3, 3, 1, 2, 1, 1, 1, 1, 2, 1, 1, 1, 1, 1, 1, 1, 1, 2, 1, 1, 3, 1, 2, 1, 1, 2, 1, 1, 1, 1, 1, 1, 2, 1, 2, 1, 1, 2, 2, 2, 1, 1, 2, 2, 2, 2, 3, 1, 3, 1, 2, 1, 1, 2, 1, 2, 1, 1, 1, 2, 2, 1, 2, 2, 3, 1, 2, 1, 3, 1, 1, 2, 1, 2, 1, 2, 2, 1, 3, 1, 2, 2, 1, 2, 2, 1, 1, 1, 1, 3, 2, 1, 3, 2, 2, 1, 1, 3, 2, 3, 1, 1, 3, 3, 2, 1, 1, 1, 1, 1, 1, 1, 3, 2, 1, 1, 1, 3, 1, 2, 1, 1, 2, 1, 2, 3, 1, 1, 3, 1, 2, 1, 1, 3, 3, 2, 1, 2, 1, 1, 2, 2, 1, 1, 3, 2, 2, 2, 1, 2, 3, 2, 1, 1, 1, 3, 2, 2, 1, 2, 2, 1, 1, 1, 1, 2, 1, 2, 1, 2, 1, 2, 2, 2, 1, 1, 1, 1, 1, 2, 1, 1, 3, 1, 3, 1, 1, 1, 1, 1, 2, 1, 1, 1, 1, 1, 1, 1, 1, 2, 1, 1, 1, 1, 1, 2, 1, 2, 1, 1, 1, 1, 2, 1, 1, 1, 2, 1, 1, 2, 1, 1, 1, 3, 1, 1, 1, 3, 3, 1, 1, 2, 3, 3, 2, 1, 1, 3, 3, 1, 2, 2, 1, 2, 1, 1, 1, 1, 1, 3, 1, 1, 1, 2, 2, 1, 1, 1, 1, 1, 1, 2, 2, 2, 3, 1, 3, 1, 2, 1, 2, 1, 1, 3, 1, 1, 2, 2, 1, 3, 1, 1, 1, 1, 1, 1, 1, 2, 1, 1, 2, 2, 1, 2, 1, 1, 1, 1, 1, 2, 1, 2, 1, 1, 2, 1, 1, 1, 1, 1, 1, 1, 2, 1, 3, 2, 1, 1, 1, 1, 2, 1, 1, 1]

【零件加工顺序记录】
----------------------------------------------------------------------------------------------------
工件号      工序号             机器号             开始时间            结束时间            加工时长           
----------------------------------------------------------------------------------------------------

工件 0:
  0        0               打印机2            45041.47        54812.21        9770.74        
  0        1               批处理机2           54812.21        55876.21        1064.00        
  0        2               离散机3            55876.21        56776.21        900.00         
  0        3               离散机2            64654.21        66286.21        1632.00        
  0        4               离散机2            66286.21        67685.21        1399.00        
  0        5               离散机3            72108.00        73600.00        1492.00        

工件 1:
  1        0               打印机4            0.00            24934.59        24934.59       
  1        1               批处理机2           24934.59        25998.59        1064.00        
  1        2               离散机3            35578.88        36613.88        1035.00        
  1        3               离散机7            63512.21        65294.21        1782.00        
  1        4               离散机2            74111.21        75035.21        924.00         

工件 2:
  2        0               打印机1            0.00            27537.95        27537.95       
  2        1               批处理机2           27537.95        28601.95        1064.00        
  2        2               离散机10           28601.95        29781.95        1180.00        

工件 3:
  3        0               打印机5            0.00            37597.00        37597.00       
  3        1               批处理机2           37597.00        38661.00        1064.00        
  3        2               离散机10           42358.95        43977.95        1619.00        
  3        3               离散机10           43977.95        45239.95        1262.00        
  3        4               离散机2            45239.95        46237.95        998.00         
  3        5               离散机7            68254.21        69345.21        1091.00        
  3        6               离散机2            71592.21        72957.21        1365.00        

工件 4:
  4        0               打印机4            0.00            24934.59        24934.59       
  4        1               批处理机2           24934.59        25998.59        1064.00        
  4        2               离散机1            30274.95        31407.95        1133.00        
  4        3               离散机10           31407.95        32755.95        1348.00        
  4        4               离散机10           34404.95        36107.95        1703.00        
  4        5               离散机1            36268.95        37749.95        1481.00        
  4        6               离散机2            44058.95        45080.95        1022.00        
  4        7               离散机6            69906.21        71244.21        1338.00        

工件 5:
  5        0               打印机1            0.00            27537.95        27537.95       
  5        1               批处理机2           27537.95        28601.95        1064.00        
  5        2               离散机1            28601.95        30274.95        1673.00        
  5        3               离散机8            30274.95        31570.95        1296.00        
  5        4               离散机2            31570.95        32490.95        920.00         
  5        5               离散机2            32490.95        33661.95        1171.00        
  5        6               离散机2            34997.95        35897.95        900.00         
  5        7               离散机8            39932.00        41409.00        1477.00        

工件 6:
  6        0               打印机2            25726.88        45041.47        19314.60       
  6        1               批处理机1           45041.47        46151.47        1110.00        
  6        2               离散机6            47805.47        48810.47        1005.00        
  6        3               离散机2            48810.47        50475.47        1665.00        
  6        4               离散机3            52197.47        53153.47        956.00         
  6        5               离散机1            61606.21        63314.21        1708.00        

工件 7:
  7        0               打印机1            0.00            27537.95        27537.95       
  7        1               批处理机2           27537.95        28601.95        1064.00        
  7        2               离散机2            28606.88        29594.88        988.00         
  7        3               离散机6            33743.59        35118.59        1375.00        
  7        4               离散机1            35342.95        36268.95        926.00         
  7        5               离散机2            36268.95        37613.95        1345.00        
  7        6               离散机9            52661.47        54123.47        1462.00        

工件 8:
  8        0               打印机5            37597.00        55394.00        17797.00       
  8        1               批处理机1           55394.00        56504.00        1110.00        
  8        2               离散机5            56504.00        57760.00        1256.00        
  8        3               离散机6            57944.21        58971.21        1027.00        
  8        4               离散机2            58971.21        60582.21        1611.00        
  8        5               离散机2            61541.21        62925.21        1384.00        
  8        6               离散机1            65288.00        66321.00        1033.00        
  8        7               离散机4            67379.77        69040.77        1661.00        

工件 9:
  9        0               打印机2            0.00            25726.88        25726.88       
  9        1               批处理机1           25726.88        26836.88        1110.00        
  9        2               离散机6            27438.59        28802.59        1364.00        
  9        3               离散机4            34320.95        35288.95        968.00         

工件 10:
  10       0               打印机1            27537.95        55640.00        28102.05       
  10       1               批处理机2           55876.21        56940.21        1064.00        
  10       2               离散机6            56940.21        57944.21        1004.00        
  10       3               离散机5            57944.21        59012.21        1068.00        
  10       4               离散机6            60661.21        62177.21        1516.00        
  10       5               离散机2            62925.21        64654.21        1729.00        
  10       6               离散机8            65194.77        66527.77        1333.00        

工件 11:
  11       0               打印机5            37597.00        55394.00        17797.00       
  11       1               批处理机1           55394.00        56504.00        1110.00        
  11       2               离散机3            58539.21        59920.21        1381.00        
  11       3               离散机8            60446.21        61462.21        1016.00        
  11       4               离散机3            63125.21        64116.21        991.00         
  11       5               离散机3            64116.21        65169.21        1053.00        
  11       6               离散机6            67173.21        68281.21        1108.00        

工件 12:
  12       0               打印机4            0.00            24934.59        24934.59       
  12       1               批处理机2           24934.59        25998.59        1064.00        
  12       2               离散机7            70915.21        72673.21        1758.00        

工件 13:
  13       0               打印机1            0.00            27537.95        27537.95       
  13       1               批处理机2           27537.95        28601.95        1064.00        
  13       2               离散机3            29915.88        31372.88        1457.00        
  13       3               离散机8            31570.95        32608.95        1038.00        
  13       4               离散机5            32608.95        34284.95        1676.00        
  13       5               离散机5            35427.95        36476.95        1049.00        
  13       6               离散机7            61901.21        63512.21        1611.00        
  13       7               离散机2            67685.21        68666.21        981.00         

工件 14:
  14       0               打印机2            0.00            25726.88        25726.88       
  14       1               批处理机1           25726.88        26836.88        1110.00        
  14       2               离散机2            26836.88        28606.88        1770.00        
  14       3               离散机3            31372.88        32764.88        1392.00        
  14       4               离散机7            32764.88        34518.88        1754.00        
  14       5               离散机8            34518.88        36032.88        1514.00        
  14       6               离散机7            36032.88        37153.88        1121.00        
  14       7               离散机6            38911.59        40123.59        1212.00        
  14       8               离散机10           50131.47        51388.47        1257.00        
  14       9               离散机6            53443.47        54770.47        1327.00        

工件 15:
  15       0               打印机4            24934.59        50104.47        25169.88       
  15       1               批处理机2           50104.47        51168.47        1064.00        
  15       2               离散机8            51168.47        52574.47        1406.00        
  15       3               离散机3            53153.47        54142.47        989.00         
  15       4               离散机2            54142.47        55232.47        1090.00        
  15       5               离散机7            65294.21        66703.21        1409.00        
  15       6               离散机3            68737.00        69967.00        1230.00        
  15       7               离散机5            69972.77        70885.77        913.00         

工件 16:
  16       0               打印机5            0.00            37597.00        37597.00       
  16       1               批处理机2           37597.00        38661.00        1064.00        
  16       2               离散机2            38661.00        40451.00        1790.00        
  16       3               离散机7            44345.00        45914.00        1569.00        

工件 17:
  17       0               打印机4            0.00            24934.59        24934.59       
  17       1               批处理机2           24934.59        25998.59        1064.00        
  17       2               离散机10           25998.59        26952.59        954.00         
  17       3               离散机6            35118.59        36356.59        1238.00        
  17       4               离散机9            38437.88        39422.88        985.00         
  17       5               离散机9            39422.88        40428.88        1006.00        
  17       6               离散机5            43649.00        45070.00        1421.00        
  17       7               离散机2            47831.95        48802.95        971.00         
  17       8               离散机6            55961.47        56880.47        919.00         

工件 18:
  18       0               打印机1            0.00            27537.95        27537.95       
  18       1               批处理机2           27537.95        28601.95        1064.00        
  18       2               离散机1            50189.47        51891.47        1702.00        

工件 19:
  19       0               打印机5            0.00            37597.00        37597.00       
  19       1               批处理机2           37597.00        38661.00        1064.00        
  19       2               离散机7            47825.47        49259.47        1434.00        

工件 20:
  20       0               打印机4            0.00            24934.59        24934.59       
  20       1               批处理机2           24934.59        25998.59        1064.00        
  20       2               离散机7            27192.59        28374.59        1182.00        
  20       3               离散机5            36476.95        37701.95        1225.00        
  20       4               离散机6            40123.59        41383.59        1260.00        
  20       5               离散机9            48708.47        49924.47        1216.00        
  20       6               离散机10           73976.77        74896.77        920.00         

工件 21:
  21       0               打印机4            0.00            24934.59        24934.59       
  21       1               批处理机2           24934.59        25998.59        1064.00        
  21       2               离散机3            33999.88        35578.88        1579.00        
  21       3               离散机6            37302.59        38911.59        1609.00        
  21       4               离散机6            43178.00        44743.00        1565.00        

工件 22:
  22       0               打印机4            0.00            24934.59        24934.59       
  22       1               批处理机2           24934.59        25998.59        1064.00        

工件 23:
  23       0               打印机2            45041.47        54812.21        9770.74        
  23       1               批处理机2           54812.21        55876.21        1064.00        
  23       2               离散机9            55876.21        56916.21        1040.00        
  23       3               离散机1            56916.21        58565.21        1649.00        
  23       4               离散机6            63157.21        64734.21        1577.00        
  23       5               离散机10           65569.77        67174.77        1605.00        
  23       6               离散机9            67174.77        68271.77        1097.00        
  23       7               离散机5            68271.77        69972.77        1701.00        
  23       8               离散机5            70885.77        72123.77        1238.00        

工件 24:
  24       0               打印机1            27537.95        55640.00        28102.05       
  24       1               批处理机2           55876.21        56940.21        1064.00        
  24       2               离散机10           56940.21        58732.21        1792.00        
  24       3               离散机6            58971.21        60661.21        1690.00        
  24       4               离散机5            60661.21        61727.21        1066.00        
  24       5               离散机6            64734.21        66132.21        1398.00        
  24       6               离散机10           67174.77        68351.77        1177.00        
  24       7               离散机8            68351.77        69769.77        1418.00        
  24       8               离散机7            74298.21        75707.21        1409.00        

工件 25:
  25       0               打印机1            27537.95        55640.00        28102.05       
  25       1               批处理机2           55876.21        56940.21        1064.00        
  25       2               离散机1            58565.21        60192.21        1627.00        
  25       3               离散机4            60192.21        61946.21        1754.00        
  25       4               离散机4            61946.21        63031.21        1085.00        
  25       5               离散机1            68578.00        69624.00        1046.00        
  25       6               离散机9            69861.77        71579.77        1718.00        
  25       7               离散机3            73600.00        75337.00        1737.00        

工件 26:
  26       0               打印机2            25726.88        45041.47        19314.60       
  26       1               批处理机1           45041.47        46151.47        1110.00        
  26       2               离散机7            46151.47        47825.47        1674.00        
  26       3               离散机8            47825.47        49592.47        1767.00        
  26       4               离散机7            49592.47        50949.47        1357.00        
  26       5               离散机3            59920.21        61529.21        1609.00        
  26       6               离散机8            62538.21        64176.21        1638.00        
  26       7               离散机9            64176.21        65177.21        1001.00        
  26       8               离散机9            65177.21        66241.21        1064.00        
  26       9               离散机5            66732.00        68228.00        1496.00        

工件 27:
  27       0               打印机5            37597.00        55394.00        17797.00       
  27       1               批处理机1           55394.00        56504.00        1110.00        

工件 28:
  28       0               打印机4            0.00            24934.59        24934.59       
  28       1               批处理机2           24934.59        25998.59        1064.00        
  28       2               离散机2            33661.95        34997.95        1336.00        
  28       3               离散机9            34997.95        36732.95        1735.00        
  28       4               离散机10           39958.00        41166.00        1208.00        
  28       5               离散机10           61807.21        62873.21        1066.00        
  28       6               离散机6            72353.21        73384.21        1031.00        

工件 29:
  29       0               打印机1            55640.00        70485.64        14845.64       
  29       1               批处理机2           70485.64        71549.64        1064.00        
  29       2               离散机1            71549.64        72735.64        1186.00        
  29       3               离散机8            72735.64        73914.64        1179.00        

工件 30:
  30       0               打印机2            0.00            25726.88        25726.88       
  30       1               批处理机1           25726.88        26836.88        1110.00        
  30       2               离散机9            26836.88        27935.88        1099.00        
  30       3               离散机5            27935.88        28996.88        1061.00        
  30       4               离散机3            28996.88        29915.88        919.00         
  30       5               离散机5            30321.88        31245.88        924.00         
  30       6               离散机1            32525.95        34267.95        1742.00        
  30       7               离散机5            34284.95        35427.95        1143.00        
  30       8               离散机4            35427.95        36804.95        1377.00        
  30       9               离散机7            37153.88        38293.88        1140.00        

工件 31:
  31       0               打印机2            45041.47        54812.21        9770.74        
  31       1               批处理机2           54812.21        55876.21        1064.00        
  31       2               离散机1            60192.21        61606.21        1414.00        
  31       3               离散机8            61606.21        62538.21        932.00         
  31       4               离散机5            63832.00        65340.00        1508.00        
  31       5               离散机9            75171.64        76880.64        1709.00        
  31       6               离散机9            77878.64        79045.64        1167.00        

工件 32:
  32       0               打印机3            0.00            40166.95        40166.95       
  32       1               批处理机2           40166.95        41230.95        1064.00        
  32       2               离散机2            41230.95        42361.95        1131.00        
  32       3               离散机9            42399.00        43881.00        1482.00        
  32       4               离散机1            43881.00        44810.00        929.00         
  32       5               离散机6            44810.00        46010.00        1200.00        
  32       6               离散机4            46010.00        47103.00        1093.00        
  32       7               离散机5            52690.47        54224.47        1534.00        

工件 33:
  33       0               打印机4            0.00            24934.59        24934.59       
  33       1               批处理机2           24934.59        25998.59        1064.00        
  33       2               离散机7            25998.59        27192.59        1194.00        
  33       3               离散机5            31245.88        32309.88        1064.00        
  33       4               离散机9            32309.88        33332.88        1023.00        
  33       5               离散机9            33332.88        34488.88        1156.00        
  33       6               离散机5            37701.95        38640.95        939.00         
  33       7               离散机10           72569.77        73976.77        1407.00        

工件 34:
  34       0               打印机1            0.00            27537.95        27537.95       
  34       1               批处理机2           27537.95        28601.95        1064.00        
  34       2               离散机7            28601.95        30365.95        1764.00        
  34       3               离散机1            42265.95        43659.95        1394.00        
  34       4               离散机9            51176.47        52661.47        1485.00        

工件 35:
  35       0               打印机4            0.00            24934.59        24934.59       
  35       1               批处理机2           24934.59        25998.59        1064.00        
  35       2               离散机8            28042.88        29760.88        1718.00        
  35       3               离散机1            54303.47        55404.47        1101.00        

工件 36:
  36       0               打印机2            0.00            25726.88        25726.88       
  36       1               批处理机1           25726.88        26836.88        1110.00        
  36       2               离散机9            27935.88        28929.88        994.00         
  36       3               离散机10           29781.95        30787.95        1006.00        
  36       4               离散机7            30787.95        32272.95        1485.00        
  36       5               离散机3            32764.88        33999.88        1235.00        
  36       6               离散机10           36107.95        37055.95        948.00         
  36       7               离散机4            37055.95        37978.95        923.00         
  36       8               离散机4            37978.95        38960.95        982.00         

工件 37:
  37       0               打印机2            25726.88        45041.47        19314.60       
  37       1               批处理机1           45041.47        46151.47        1110.00        
  37       2               离散机5            48698.47        49953.47        1255.00        
  37       3               离散机5            49953.47        51154.47        1201.00        
  37       4               离散机6            54770.47        55961.47        1191.00        

工件 38:
  38       0               打印机1            27537.95        55640.00        28102.05       
  38       1               批处理机2           55876.21        56940.21        1064.00        

工件 39:
  39       0               打印机2            25726.88        45041.47        19314.60       
  39       1               批处理机1           45041.47        46151.47        1110.00        
  39       2               离散机6            46151.47        47805.47        1654.00        
  39       3               离散机10           47805.47        48743.47        938.00         
  39       4               离散机5            51154.47        52690.47        1536.00        
  39       5               离散机10           52690.47        54116.47        1426.00        

工件 40:
  40       0               打印机1            55640.00        70485.64        14845.64       
  40       1               批处理机2           70485.64        71549.64        1064.00        
  40       2               离散机8            71549.64        72660.64        1111.00        
  40       3               离散机9            72660.64        73970.64        1310.00        
  40       4               离散机6            73970.64        75350.64        1380.00        
  40       5               离散机10           75350.64        76678.64        1328.00        
  40       6               离散机10           76678.64        78224.64        1546.00        

工件 41:
  41       0               打印机5            0.00            37597.00        37597.00       
  41       1               批处理机2           37597.00        38661.00        1064.00        
  41       2               离散机7            40025.00        41046.00        1021.00        
  41       3               离散机2            42361.95        44058.95        1697.00        
  41       4               离散机4            44469.00        45372.00        903.00         
  41       5               离散机8            45372.00        46485.00        1113.00        
  41       6               离散机7            55157.47        56429.47        1272.00        
  41       7               离散机2            69857.21        71592.21        1735.00        

工件 42:
  42       0               打印机5            0.00            37597.00        37597.00       
  42       1               批处理机2           37597.00        38661.00        1064.00        
  42       2               离散机4            41470.00        42865.00        1395.00        
  42       3               离散机10           51388.47        52585.47        1197.00        

工件 43:
  43       0               打印机4            50104.47        61392.00        11287.53       
  43       1               批处理机2           61392.00        62456.00        1064.00        
  43       2               离散机5            62456.00        63832.00        1376.00        
  43       3               离散机1            63832.00        65288.00        1456.00        
  43       4               离散机3            65288.00        66583.00        1295.00        
  43       5               离散机1            67482.00        68578.00        1096.00        
  43       6               离散机6            75350.64        76387.64        1037.00        

工件 44:
  44       0               打印机4            0.00            24934.59        24934.59       
  44       1               批处理机2           24934.59        25998.59        1064.00        
  44       2               离散机6            31308.59        32294.59        986.00         

工件 45:
  45       0               打印机4            0.00            24934.59        24934.59       
  45       1               批处理机2           24934.59        25998.59        1064.00        
  45       2               离散机3            25998.59        27319.59        1321.00        
  45       3               离散机9            28929.88        30586.88        1657.00        
  45       4               离散机5            42435.00        43649.00        1214.00        
  45       5               离散机8            43649.00        45146.00        1497.00        
  45       6               离散机6            51933.47        53443.47        1510.00        
  45       7               离散机2            55232.47        56431.47        1199.00        
  45       8               离散机9            66241.21        67152.21        911.00         

工件 46:
  46       0               打印机5            0.00            37597.00        37597.00       
  46       1               批处理机2           37597.00        38661.00        1064.00        
  46       2               离散机7            41046.00        42175.00        1129.00        
  46       3               离散机6            42175.00        43178.00        1003.00        
  46       4               离散机3            43178.00        44264.00        1086.00        
  46       5               离散机1            46275.00        47211.00        936.00         
  46       6               离散机1            53231.47        54303.47        1072.00        
  46       7               离散机3            70874.00        72108.00        1234.00        

工件 47:
  47       0               打印机5            0.00            37597.00        37597.00       
  47       1               批处理机2           37597.00        38661.00        1064.00        
  47       2               离散机8            38661.00        39932.00        1271.00        
  47       3               离散机5            40300.00        41452.00        1152.00        
  47       4               离散机4            42865.00        44469.00        1604.00        
  47       5               离散机9            44469.00        46058.00        1589.00        
  47       6               离散机3            48615.47        50058.47        1443.00        
  47       7               离散机9            50058.47        51176.47        1118.00        
  47       8               离散机1            72735.64        74042.64        1307.00        

工件 48:
  48       0               打印机4            0.00            24934.59        24934.59       
  48       1               批处理机2           24934.59        25998.59        1064.00        
  48       2               离散机10           26952.59        28391.59        1439.00        

工件 49:
  49       0               打印机1            0.00            27537.95        27537.95       
  49       1               批处理机2           27537.95        28601.95        1064.00        
  49       2               离散机6            32294.59        33743.59        1449.00        
  49       3               离散机6            36356.59        37302.59        946.00         
  49       4               离散机7            66703.21        68254.21        1551.00        

工件 50:
  50       0               打印机3            0.00            40166.95        40166.95       
  50       1               批处理机2           40166.95        41230.95        1064.00        
  50       2               离散机10           41230.95        42358.95        1128.00        

工件 51:
  51       0               打印机1            0.00            27537.95        27537.95       
  51       1               批处理机2           27537.95        28601.95        1064.00        
  51       2               离散机4            31239.59        32402.59        1163.00        

工件 52:
  52       0               打印机2            0.00            25726.88        25726.88       
  52       1               批处理机1           25726.88        26836.88        1110.00        
  52       2               离散机1            31407.95        32525.95        1118.00        
  52       3               离散机4            32525.95        34320.95        1795.00        
  52       4               离散机1            34320.95        35342.95        1022.00        
  52       5               离散机1            37749.95        39304.95        1555.00        
  52       6               离散机2            52256.47        53271.47        1015.00        
  52       7               离散机10           54116.47        55039.47        923.00         

工件 53:
  53       0               打印机1            0.00            27537.95        27537.95       
  53       1               批处理机2           27537.95        28601.95        1064.00        
  53       2               离散机5            28996.88        30321.88        1325.00        
  53       3               离散机9            30586.88        31616.88        1030.00        

工件 54:
  54       0               打印机5            37597.00        55394.00        17797.00       
  54       1               批处理机1           55394.00        56504.00        1110.00        
  54       2               离散机2            60582.21        61541.21        959.00         

工件 55:
  55       0               打印机4            0.00            24934.59        24934.59       
  55       1               批处理机2           24934.59        25998.59        1064.00        
  55       2               离散机4            25998.59        27457.59        1459.00        
  55       3               离散机10           37055.95        38517.95        1462.00        
  55       4               离散机7            43177.00        44345.00        1168.00        
  55       5               离散机3            44345.00        45884.00        1539.00        
  55       6               离散机8            46485.00        47695.00        1210.00        
  55       7               离散机1            55404.47        56802.47        1398.00        

工件 56:
  56       0               打印机2            45041.47        54812.21        9770.74        
  56       1               批处理机2           54812.21        55876.21        1064.00        

工件 57:
  57       0               打印机2            0.00            25726.88        25726.88       
  57       1               批处理机1           25726.88        26836.88        1110.00        
  57       2               离散机8            49592.47        51052.47        1460.00        
  57       3               离散机8            52574.47        53561.47        987.00         

工件 58:
  58       0               打印机4            24934.59        50104.47        25169.88       
  58       1               批处理机2           50104.47        51168.47        1064.00        
  58       2               离散机2            51168.47        52256.47        1088.00        
  58       3               离散机3            54142.47        55660.47        1518.00        
  58       4               离散机6            71244.21        72353.21        1109.00        
  58       5               离散机5            72353.21        73563.21        1210.00        

工件 59:
  59       0               打印机3            0.00            40166.95        40166.95       
  59       1               批处理机2           40166.95        41230.95        1064.00        
  59       2               离散机10           48743.47        50131.47        1388.00        
  59       3               离散机3            50131.47        51076.47        945.00         
  59       4               离散机4            54961.47        56203.47        1242.00        
  59       5               离散机4            59179.21        60113.21        934.00         
  59       6               离散机7            75707.21        77176.21        1469.00        

工件 60:
  60       0               打印机5            37597.00        55394.00        17797.00       
  60       1               批处理机1           55394.00        56504.00        1110.00        
  60       2               离散机4            58161.21        59179.21        1018.00        

工件 61:
  61       0               打印机2            45041.47        54812.21        9770.74        
  61       1               批处理机2           54812.21        55876.21        1064.00        

工件 62:
  62       0               打印机3            0.00            40166.95        40166.95       
  62       1               批处理机2           40166.95        41230.95        1064.00        
  62       2               离散机4            69040.77        70323.77        1283.00        

工件 63:
  63       0               打印机3            0.00            40166.95        40166.95       
  63       1               批处理机2           40166.95        41230.95        1064.00        

工件 64:
  64       0               打印机1            55640.00        70485.64        14845.64       
  64       1               批处理机2           70485.64        71549.64        1064.00        
  64       2               离散机9            73970.64        75171.64        1201.00        

工件 65:
  65       0               打印机2            54812.21        59512.77        4700.56        
  65       1               批处理机2           59512.77        60576.77        1064.00        
  65       2               离散机9            61645.77        63051.77        1406.00        
  65       3               离散机4            63051.77        64285.77        1234.00        
  65       4               离散机8            64285.77        65194.77        909.00         
  65       5               离散机1            66321.00        67482.00        1161.00        
  65       6               离散机3            69967.00        70874.00        907.00         

工件 66:
  66       0               打印机2            0.00            25726.88        25726.88       
  66       1               批处理机1           25726.88        26836.88        1110.00        
  66       2               离散机1            26836.88        28139.88        1303.00        
  66       3               离散机10           32755.95        34404.95        1649.00        
  66       4               离散机8            36032.88        37283.88        1251.00        
  66       5               离散机9            37283.88        38437.88        1154.00        
  66       6               离散机1            47211.00        48337.00        1126.00        

工件 67:
  67       0               打印机1            27537.95        55640.00        28102.05       
  67       1               批处理机2           55876.21        56940.21        1064.00        
  67       2               离散机8            56940.21        57992.21        1052.00        
  67       3               离散机9            57992.21        59571.21        1579.00        
  67       4               离散机10           59571.21        60508.21        937.00         
  67       5               离散机7            60641.21        61901.21        1260.00        

工件 68:
  68       0               打印机5            0.00            37597.00        37597.00       
  68       1               批处理机2           37597.00        38661.00        1064.00        
  68       2               离散机7            38661.00        40025.00        1364.00        
  68       3               离散机4            40025.00        41470.00        1445.00        
  68       4               离散机9            41470.00        42399.00        929.00         

工件 69:
  69       0               打印机2            0.00            25726.88        25726.88       
  69       1               批处理机1           25726.88        26836.88        1110.00        
  69       2               离散机8            26836.88        28042.88        1206.00        
  69       3               离散机7            34518.88        36029.88        1511.00        
  69       4               离散机8            37283.88        38592.88        1309.00        
  69       5               离散机4            38960.95        39974.95        1014.00        
  69       6               离散机8            41409.00        42643.00        1234.00        
  69       7               离散机7            72673.21        74298.21        1625.00        
  69       8               离散机9            76880.64        77878.64        998.00         

工件 70:
  70       0               打印机2            25726.88        45041.47        19314.60       
  70       1               批处理机1           45041.47        46151.47        1110.00        
  70       2               离散机10           46151.47        47333.47        1182.00        

工件 71:
  71       0               打印机2            54812.21        59512.77        4700.56        
  71       1               批处理机2           59512.77        60576.77        1064.00        
  71       2               离散机9            60576.77        61645.77        1069.00        
  71       3               离散机4            65711.77        67379.77        1668.00        
  71       4               离散机2            72957.21        74111.21        1154.00        

工件 72:
  72       0               打印机2            25726.88        45041.47        19314.60       
  72       1               批处理机1           45041.47        46151.47        1110.00        
  72       2               离散机5            47295.47        48698.47        1403.00        
  72       3               离散机1            48698.47        50189.47        1491.00        
  72       4               离散机4            52329.47        53588.47        1259.00        
  72       5               离散机7            53588.47        55157.47        1569.00        
  72       6               离散机10           55157.47        56531.47        1374.00        
  72       7               离散机5            59012.21        60148.21        1136.00        
  72       8               离散机5            65340.00        66732.00        1392.00        

工件 73:
  73       0               打印机3            0.00            40166.95        40166.95       
  73       1               批处理机2           40166.95        41230.95        1064.00        
  73       2               离散机1            41230.95        42265.95        1035.00        

工件 74:
  74       0               打印机4            24934.59        50104.47        25169.88       
  74       1               批处理机2           50104.47        51168.47        1064.00        
  74       2               离散机3            51168.47        52197.47        1029.00        
  74       3               离散机7            52197.47        53442.47        1245.00        
  74       4               离散机2            68666.21        69857.21        1191.00        

工件 75:
  75       0               打印机4            24934.59        50104.47        25169.88       
  75       1               批处理机2           50104.47        51168.47        1064.00        
  75       2               离散机4            51168.47        52329.47        1161.00        
  75       3               离散机5            54224.47        55776.47        1552.00        
  75       4               离散机9            68271.77        69861.77        1590.00        
  75       5               离散机10           69892.77        71558.77        1666.00        
  75       6               离散机7            77176.21        78094.21        918.00         

工件 76:
  76       0               打印机3            40166.95        44882.68        4715.73        
  76       1               批处理机2           44882.68        45946.68        1064.00        

工件 77:
  77       0               打印机3            0.00            40166.95        40166.95       
  77       1               批处理机2           40166.95        41230.95        1064.00        
  77       2               离散机7            57811.00        58960.00        1149.00        
  77       3               离散机6            66132.21        67173.21        1041.00        
  77       4               离散机1            69624.00        71052.00        1428.00        

工件 78:
  78       0               打印机4            24934.59        50104.47        25169.88       
  78       1               批处理机2           50104.47        51168.47        1064.00        
  78       2               离散机7            69345.21        70915.21        1570.00        

工件 79:
  79       0               打印机3            0.00            40166.95        40166.95       
  79       1               批处理机2           40166.95        41230.95        1064.00        
  79       2               离散机3            41337.00        42602.00        1265.00        

工件 80:
  80       0               打印机3            0.00            40166.95        40166.95       
  80       1               批处理机2           40166.95        41230.95        1064.00        

工件 81:
  81       0               打印机2            0.00            25726.88        25726.88       
  81       1               批处理机1           25726.88        26836.88        1110.00        
  81       2               离散机6            30044.59        31308.59        1264.00        
  81       3               离散机8            32608.95        33796.95        1188.00        

工件 82:
  82       0               打印机1            27537.95        55640.00        28102.05       
  82       1               批处理机2           55876.21        56940.21        1064.00        
  82       2               离散机3            56940.21        58539.21        1599.00        
  82       3               离散机9            59571.21        60500.21        929.00         

工件 83:
  83       0               打印机1            27537.95        55640.00        28102.05       
  83       1               批处理机2           55876.21        56940.21        1064.00        
  83       2               离散机4            56940.21        58161.21        1221.00        
  83       3               离散机8            58161.21        59147.21        986.00         
  83       4               离散机7            59147.21        60641.21        1494.00        
  83       5               离散机6            62177.21        63157.21        980.00         
  83       6               离散机4            64285.77        65711.77        1426.00        
  83       7               离散机10           68351.77        69892.77        1541.00        

工件 84:
  84       0               打印机1            27537.95        55640.00        28102.05       
  84       1               批处理机2           55876.21        56940.21        1064.00        

工件 85:
  85       0               打印机2            0.00            25726.88        25726.88       
  85       1               批处理机1           25726.88        26836.88        1110.00        
  85       2               离散机6            28802.59        30044.59        1242.00        
  85       3               离散机9            54123.47        55794.47        1671.00        

工件 86:
  86       0               打印机2            25726.88        45041.47        19314.60       
  86       1               批处理机1           45041.47        46151.47        1110.00        
  86       2               离散机5            46151.47        47295.47        1144.00        
  86       3               离散机3            47295.47        48615.47        1320.00        
  86       4               离散机4            49116.47        50888.47        1772.00        
  86       5               离散机10           62873.21        64070.21        1197.00        

工件 87:
  87       0               打印机5            0.00            37597.00        37597.00       
  87       1               批处理机2           37597.00        38661.00        1064.00        
  87       2               离散机3            38661.00        39797.00        1136.00        
  87       3               离散机9            47435.47        48708.47        1273.00        
  87       4               离散机6            50273.47        51933.47        1660.00        

工件 88:
  88       0               打印机5            37597.00        55394.00        17797.00       
  88       1               批处理机1           55394.00        56504.00        1110.00        
  88       2               离散机7            56504.00        57811.00        1307.00        
  88       3               离散机8            59147.21        60446.21        1299.00        
  88       4               离散机6            68281.21        69906.21        1625.00        

工件 89:
  89       0               打印机1            27537.95        55640.00        28102.05       
  89       1               批处理机2           55876.21        56940.21        1064.00        
  89       2               离散机3            61529.21        63125.21        1596.00        
  89       3               离散机3            66583.00        67571.00        988.00         

工件 90:
  90       0               打印机1            0.00            27537.95        27537.95       
  90       1               批处理机2           27537.95        28601.95        1064.00        
  90       2               离散机1            39304.95        41045.95        1741.00        

工件 91:
  91       0               打印机5            0.00            37597.00        37597.00       
  91       1               批处理机2           37597.00        38661.00        1064.00        
  91       2               离散机5            38661.00        40300.00        1639.00        

工件 92:
  92       0               打印机2            0.00            25726.88        25726.88       
  92       1               批处理机1           25726.88        26836.88        1110.00        
  92       2               离散机2            29594.88        31150.88        1556.00        
  92       3               离散机1            51891.47        53231.47        1340.00        

工件 93:
  93       0               打印机5            37597.00        55394.00        17797.00       
  93       1               批处理机1           55394.00        56504.00        1110.00        
  93       2               离散机2            56504.00        58157.00        1653.00        
  93       3               离散机9            63051.77        64080.77        1029.00        
  93       4               离散机10           64080.77        65569.77        1489.00        
  93       5               离散机8            66527.77        67602.77        1075.00        

工件 94:
  94       0               打印机4            0.00            24934.59        24934.59       
  94       1               批处理机2           24934.59        25998.59        1064.00        
  94       2               离散机6            25998.59        27438.59        1440.00        
  94       3               离散机3            27438.59        28989.59        1551.00        
  94       4               离散机4            28989.59        30285.59        1296.00        
  94       5               离散机4            30285.59        31239.59        954.00         
  94       6               离散机2            37613.95        38623.95        1010.00        
  94       7               离散机2            46237.95        47831.95        1594.00        

工件 95:
  95       0               打印机3            0.00            40166.95        40166.95       
  95       1               批处理机2           40166.95        41230.95        1064.00        

工件 96:
  96       0               打印机2            25726.88        45041.47        19314.60       
  96       1               批处理机1           45041.47        46151.47        1110.00        
  96       2               离散机9            46151.47        47435.47        1284.00        
  96       3               离散机4            47435.47        49116.47        1681.00        
  96       4               离散机7            50949.47        52067.47        1118.00        
  96       5               离散机4            53588.47        54961.47        1373.00        
  96       6               离散机9            56916.21        57940.21        1024.00        
  96       7               离散机3            67571.00        68737.00        1166.00        
  96       8               离散机10           71558.77        72569.77        1011.00        

工件 97:
  97       0               打印机5            0.00            37597.00        37597.00       
  97       1               批处理机2           37597.00        38661.00        1064.00        
  97       2               离散机5            41452.00        42435.00        983.00         
  97       3               离散机1            44810.00        46275.00        1465.00        
  97       4               离散机6            48810.47        50273.47        1463.00        

工件 98:
  98       0               打印机4            0.00            24934.59        24934.59       
  98       1               批处理机2           24934.59        25998.59        1064.00        

工件 99:
  99       0               打印机5            0.00            37597.00        37597.00       
  99       1               批处理机2           37597.00        38661.00        1064.00        
  99       2               离散机10           38661.00        39958.00        1297.00        
  99       3               离散机3            39958.00        41337.00        1379.00        
  99       4               离散机7            42175.00        43177.00        1002.00        
  99       5               离散机3            45884.00        47244.00        1360.00        
  99       6               离散机10           60508.21        61807.21        1299.00        
  99       7               离散机9            71579.77        72647.77        1068.00        

【机器加工顺序记录】
----------------------------------------------------------------------------------------------------

打印机1:
工件号      工序号             开始时间            结束时间            加工时长           
--------------------------------------------------------------------------------
  2        0               0.00            27537.95        27537.95       
  5        0               0.00            27537.95        27537.95       
  7        0               0.00            27537.95        27537.95       
  13       0               0.00            27537.95        27537.95       
  18       0               0.00            27537.95        27537.95       
  34       0               0.00            27537.95        27537.95       
  49       0               0.00            27537.95        27537.95       
  51       0               0.00            27537.95        27537.95       
  53       0               0.00            27537.95        27537.95       
  90       0               0.00            27537.95        27537.95       
  10       0               27537.95        55640.00        28102.05       
  24       0               27537.95        55640.00        28102.05       
  25       0               27537.95        55640.00        28102.05       
  38       0               27537.95        55640.00        28102.05       
  67       0               27537.95        55640.00        28102.05       
  82       0               27537.95        55640.00        28102.05       
  83       0               27537.95        55640.00        28102.05       
  84       0               27537.95        55640.00        28102.05       
  89       0               27537.95        55640.00        28102.05       
  29       0               55640.00        70485.64        14845.64       
  40       0               55640.00        70485.64        14845.64       
  64       0               55640.00        70485.64        14845.64       

  机器利用率: 724.69% (忙碌时间: 572834.87 / 总时间: 79045.64)

打印机2:
工件号      工序号             开始时间            结束时间            加工时长           
--------------------------------------------------------------------------------
  9        0               0.00            25726.88        25726.88       
  14       0               0.00            25726.88        25726.88       
  30       0               0.00            25726.88        25726.88       
  36       0               0.00            25726.88        25726.88       
  52       0               0.00            25726.88        25726.88       
  57       0               0.00            25726.88        25726.88       
  66       0               0.00            25726.88        25726.88       
  69       0               0.00            25726.88        25726.88       
  81       0               0.00            25726.88        25726.88       
  85       0               0.00            25726.88        25726.88       
  92       0               0.00            25726.88        25726.88       
  6        0               25726.88        45041.47        19314.60       
  26       0               25726.88        45041.47        19314.60       
  37       0               25726.88        45041.47        19314.60       
  39       0               25726.88        45041.47        19314.60       
  70       0               25726.88        45041.47        19314.60       
  72       0               25726.88        45041.47        19314.60       
  86       0               25726.88        45041.47        19314.60       
  96       0               25726.88        45041.47        19314.60       
  0        0               45041.47        54812.21        9770.74        
  23       0               45041.47        54812.21        9770.74        
  31       0               45041.47        54812.21        9770.74        
  56       0               45041.47        54812.21        9770.74        
  61       0               45041.47        54812.21        9770.74        
  65       0               54812.21        59512.77        4700.56        
  71       0               54812.21        59512.77        4700.56        

  机器利用率: 627.19% (忙碌时间: 495767.23 / 总时间: 79045.64)

打印机3:
工件号      工序号             开始时间            结束时间            加工时长           
--------------------------------------------------------------------------------
  32       0               0.00            40166.95        40166.95       
  50       0               0.00            40166.95        40166.95       
  59       0               0.00            40166.95        40166.95       
  62       0               0.00            40166.95        40166.95       
  63       0               0.00            40166.95        40166.95       
  73       0               0.00            40166.95        40166.95       
  77       0               0.00            40166.95        40166.95       
  79       0               0.00            40166.95        40166.95       
  80       0               0.00            40166.95        40166.95       
  95       0               0.00            40166.95        40166.95       
  76       0               40166.95        44882.68        4715.73        

  机器利用率: 514.11% (忙碌时间: 406385.24 / 总时间: 79045.64)

打印机4:
工件号      工序号             开始时间            结束时间            加工时长           
--------------------------------------------------------------------------------
  1        0               0.00            24934.59        24934.59       
  4        0               0.00            24934.59        24934.59       
  12       0               0.00            24934.59        24934.59       
  17       0               0.00            24934.59        24934.59       
  20       0               0.00            24934.59        24934.59       
  21       0               0.00            24934.59        24934.59       
  22       0               0.00            24934.59        24934.59       
  28       0               0.00            24934.59        24934.59       
  33       0               0.00            24934.59        24934.59       
  35       0               0.00            24934.59        24934.59       
  44       0               0.00            24934.59        24934.59       
  45       0               0.00            24934.59        24934.59       
  48       0               0.00            24934.59        24934.59       
  55       0               0.00            24934.59        24934.59       
  94       0               0.00            24934.59        24934.59       
  98       0               0.00            24934.59        24934.59       
  15       0               24934.59        50104.47        25169.88       
  58       0               24934.59        50104.47        25169.88       
  74       0               24934.59        50104.47        25169.88       
  75       0               24934.59        50104.47        25169.88       
  78       0               24934.59        50104.47        25169.88       
  43       0               50104.47        61392.00        11287.53       

  机器利用率: 678.20% (忙碌时间: 536090.35 / 总时间: 79045.64)

打印机5:
工件号      工序号             开始时间            结束时间            加工时长           
--------------------------------------------------------------------------------
  3        0               0.00            37597.00        37597.00       
  16       0               0.00            37597.00        37597.00       
  19       0               0.00            37597.00        37597.00       
  41       0               0.00            37597.00        37597.00       
  42       0               0.00            37597.00        37597.00       
  46       0               0.00            37597.00        37597.00       
  47       0               0.00            37597.00        37597.00       
  68       0               0.00            37597.00        37597.00       
  87       0               0.00            37597.00        37597.00       
  91       0               0.00            37597.00        37597.00       
  97       0               0.00            37597.00        37597.00       
  99       0               0.00            37597.00        37597.00       
  8        0               37597.00        55394.00        17797.00       
  11       0               37597.00        55394.00        17797.00       
  27       0               37597.00        55394.00        17797.00       
  54       0               37597.00        55394.00        17797.00       
  60       0               37597.00        55394.00        17797.00       
  88       0               37597.00        55394.00        17797.00       
  93       0               37597.00        55394.00        17797.00       

  机器利用率: 728.37% (忙碌时间: 575743.00 / 总时间: 79045.64)

批处理机1:
工件号      工序号             开始时间            结束时间            加工时长           
--------------------------------------------------------------------------------
  9        1               25726.88        26836.88        1110.00        
  14       1               25726.88        26836.88        1110.00        
  30       1               25726.88        26836.88        1110.00        
  36       1               25726.88        26836.88        1110.00        
  52       1               25726.88        26836.88        1110.00        
  57       1               25726.88        26836.88        1110.00        
  66       1               25726.88        26836.88        1110.00        
  69       1               25726.88        26836.88        1110.00        
  81       1               25726.88        26836.88        1110.00        
  85       1               25726.88        26836.88        1110.00        
  92       1               25726.88        26836.88        1110.00        
  6        1               45041.47        46151.47        1110.00        
  26       1               45041.47        46151.47        1110.00        
  37       1               45041.47        46151.47        1110.00        
  39       1               45041.47        46151.47        1110.00        
  70       1               45041.47        46151.47        1110.00        
  72       1               45041.47        46151.47        1110.00        
  86       1               45041.47        46151.47        1110.00        
  96       1               45041.47        46151.47        1110.00        
  8        1               55394.00        56504.00        1110.00        
  11       1               55394.00        56504.00        1110.00        
  27       1               55394.00        56504.00        1110.00        
  54       1               55394.00        56504.00        1110.00        
  60       1               55394.00        56504.00        1110.00        
  88       1               55394.00        56504.00        1110.00        
  93       1               55394.00        56504.00        1110.00        

  机器利用率: 36.51% (忙碌时间: 28860.00 / 总时间: 79045.64)

批处理机2:
工件号      工序号             开始时间            结束时间            加工时长           
--------------------------------------------------------------------------------
  1        1               24934.59        25998.59        1064.00        
  4        1               24934.59        25998.59        1064.00        
  12       1               24934.59        25998.59        1064.00        
  17       1               24934.59        25998.59        1064.00        
  20       1               24934.59        25998.59        1064.00        
  21       1               24934.59        25998.59        1064.00        
  22       1               24934.59        25998.59        1064.00        
  28       1               24934.59        25998.59        1064.00        
  33       1               24934.59        25998.59        1064.00        
  35       1               24934.59        25998.59        1064.00        
  44       1               24934.59        25998.59        1064.00        
  45       1               24934.59        25998.59        1064.00        
  48       1               24934.59        25998.59        1064.00        
  55       1               24934.59        25998.59        1064.00        
  94       1               24934.59        25998.59        1064.00        
  98       1               24934.59        25998.59        1064.00        
  2        1               27537.95        28601.95        1064.00        
  5        1               27537.95        28601.95        1064.00        
  7        1               27537.95        28601.95        1064.00        
  13       1               27537.95        28601.95        1064.00        
  18       1               27537.95        28601.95        1064.00        
  34       1               27537.95        28601.95        1064.00        
  49       1               27537.95        28601.95        1064.00        
  51       1               27537.95        28601.95        1064.00        
  53       1               27537.95        28601.95        1064.00        
  90       1               27537.95        28601.95        1064.00        
  3        1               37597.00        38661.00        1064.00        
  16       1               37597.00        38661.00        1064.00        
  19       1               37597.00        38661.00        1064.00        
  41       1               37597.00        38661.00        1064.00        
  42       1               37597.00        38661.00        1064.00        
  46       1               37597.00        38661.00        1064.00        
  47       1               37597.00        38661.00        1064.00        
  68       1               37597.00        38661.00        1064.00        
  87       1               37597.00        38661.00        1064.00        
  91       1               37597.00        38661.00        1064.00        
  97       1               37597.00        38661.00        1064.00        
  99       1               37597.00        38661.00        1064.00        
  32       1               40166.95        41230.95        1064.00        
  50       1               40166.95        41230.95        1064.00        
  59       1               40166.95        41230.95        1064.00        
  62       1               40166.95        41230.95        1064.00        
  63       1               40166.95        41230.95        1064.00        
  73       1               40166.95        41230.95        1064.00        
  77       1               40166.95        41230.95        1064.00        
  79       1               40166.95        41230.95        1064.00        
  80       1               40166.95        41230.95        1064.00        
  95       1               40166.95        41230.95        1064.00        
  76       1               44882.68        45946.68        1064.00        
  15       1               50104.47        51168.47        1064.00        
  58       1               50104.47        51168.47        1064.00        
  74       1               50104.47        51168.47        1064.00        
  75       1               50104.47        51168.47        1064.00        
  78       1               50104.47        51168.47        1064.00        
  0        1               54812.21        55876.21        1064.00        
  23       1               54812.21        55876.21        1064.00        
  31       1               54812.21        55876.21        1064.00        
  56       1               54812.21        55876.21        1064.00        
  61       1               54812.21        55876.21        1064.00        
  10       1               55876.21        56940.21        1064.00        
  24       1               55876.21        56940.21        1064.00        
  25       1               55876.21        56940.21        1064.00        
  38       1               55876.21        56940.21        1064.00        
  67       1               55876.21        56940.21        1064.00        
  82       1               55876.21        56940.21        1064.00        
  83       1               55876.21        56940.21        1064.00        
  84       1               55876.21        56940.21        1064.00        
  89       1               55876.21        56940.21        1064.00        
  65       1               59512.77        60576.77        1064.00        
  71       1               59512.77        60576.77        1064.00        
  43       1               61392.00        62456.00        1064.00        
  29       1               70485.64        71549.64        1064.00        
  40       1               70485.64        71549.64        1064.00        
  64       1               70485.64        71549.64        1064.00        

  机器利用率: 99.61% (忙碌时间: 78736.00 / 总时间: 79045.64)

离散机1:
工件号      工序号             开始时间            结束时间            加工时长           
--------------------------------------------------------------------------------
  66       2               26836.88        28139.88        1303.00        
  5        2               28601.95        30274.95        1673.00        
  4        2               30274.95        31407.95        1133.00        
  52       2               31407.95        32525.95        1118.00        
  30       6               32525.95        34267.95        1742.00        
  52       4               34320.95        35342.95        1022.00        
  7        4               35342.95        36268.95        926.00         
  4        5               36268.95        37749.95        1481.00        
  52       5               37749.95        39304.95        1555.00        
  90       2               39304.95        41045.95        1741.00        
  73       2               41230.95        42265.95        1035.00        
  34       3               42265.95        43659.95        1394.00        
  32       4               43881.00        44810.00        929.00         
  97       3               44810.00        46275.00        1465.00        
  46       5               46275.00        47211.00        936.00         
  66       6               47211.00        48337.00        1126.00        
  72       3               48698.47        50189.47        1491.00        
  18       2               50189.47        51891.47        1702.00        
  92       3               51891.47        53231.47        1340.00        
  46       6               53231.47        54303.47        1072.00        
  35       3               54303.47        55404.47        1101.00        
  55       7               55404.47        56802.47        1398.00        
  23       3               56916.21        58565.21        1649.00        
  25       2               58565.21        60192.21        1627.00        
  31       2               60192.21        61606.21        1414.00        
  6        5               61606.21        63314.21        1708.00        
  43       3               63832.00        65288.00        1456.00        
  8        6               65288.00        66321.00        1033.00        
  65       5               66321.00        67482.00        1161.00        
  43       5               67482.00        68578.00        1096.00        
  25       5               68578.00        69624.00        1046.00        
  77       4               69624.00        71052.00        1428.00        
  29       2               71549.64        72735.64        1186.00        
  47       8               72735.64        74042.64        1307.00        

  机器利用率: 56.67% (忙碌时间: 44794.00 / 总时间: 79045.64)

离散机2:
工件号      工序号             开始时间            结束时间            加工时长           
--------------------------------------------------------------------------------
  14       2               26836.88        28606.88        1770.00        
  7        2               28606.88        29594.88        988.00         
  92       2               29594.88        31150.88        1556.00        
  5        4               31570.95        32490.95        920.00         
  5        5               32490.95        33661.95        1171.00        
  28       2               33661.95        34997.95        1336.00        
  5        6               34997.95        35897.95        900.00         
  7        5               36268.95        37613.95        1345.00        
  94       6               37613.95        38623.95        1010.00        
  16       2               38661.00        40451.00        1790.00        
  32       2               41230.95        42361.95        1131.00        
  41       3               42361.95        44058.95        1697.00        
  4        6               44058.95        45080.95        1022.00        
  3        4               45239.95        46237.95        998.00         
  94       7               46237.95        47831.95        1594.00        
  17       7               47831.95        48802.95        971.00         
  6        3               48810.47        50475.47        1665.00        
  58       2               51168.47        52256.47        1088.00        
  52       6               52256.47        53271.47        1015.00        
  15       4               54142.47        55232.47        1090.00        
  45       7               55232.47        56431.47        1199.00        
  93       2               56504.00        58157.00        1653.00        
  8        4               58971.21        60582.21        1611.00        
  54       2               60582.21        61541.21        959.00         
  8        5               61541.21        62925.21        1384.00        
  10       5               62925.21        64654.21        1729.00        
  0        3               64654.21        66286.21        1632.00        
  0        4               66286.21        67685.21        1399.00        
  13       7               67685.21        68666.21        981.00         
  74       4               68666.21        69857.21        1191.00        
  41       7               69857.21        71592.21        1735.00        
  3        6               71592.21        72957.21        1365.00        
  71       4               72957.21        74111.21        1154.00        
  1        4               74111.21        75035.21        924.00         

  机器利用率: 55.63% (忙碌时间: 43973.00 / 总时间: 79045.64)

离散机3:
工件号      工序号             开始时间            结束时间            加工时长           
--------------------------------------------------------------------------------
  45       2               25998.59        27319.59        1321.00        
  94       3               27438.59        28989.59        1551.00        
  30       4               28996.88        29915.88        919.00         
  13       2               29915.88        31372.88        1457.00        
  14       3               31372.88        32764.88        1392.00        
  36       5               32764.88        33999.88        1235.00        
  21       2               33999.88        35578.88        1579.00        
  1        2               35578.88        36613.88        1035.00        
  87       2               38661.00        39797.00        1136.00        
  99       3               39958.00        41337.00        1379.00        
  79       2               41337.00        42602.00        1265.00        
  46       4               43178.00        44264.00        1086.00        
  55       5               44345.00        45884.00        1539.00        
  99       5               45884.00        47244.00        1360.00        
  86       3               47295.47        48615.47        1320.00        
  47       6               48615.47        50058.47        1443.00        
  59       3               50131.47        51076.47        945.00         
  74       2               51168.47        52197.47        1029.00        
  6        4               52197.47        53153.47        956.00         
  15       3               53153.47        54142.47        989.00         
  58       3               54142.47        55660.47        1518.00        
  0        2               55876.21        56776.21        900.00         
  82       2               56940.21        58539.21        1599.00        
  11       2               58539.21        59920.21        1381.00        
  26       5               59920.21        61529.21        1609.00        
  89       2               61529.21        63125.21        1596.00        
  11       4               63125.21        64116.21        991.00         
  11       5               64116.21        65169.21        1053.00        
  43       4               65288.00        66583.00        1295.00        
  89       3               66583.00        67571.00        988.00         
  96       7               67571.00        68737.00        1166.00        
  15       6               68737.00        69967.00        1230.00        
  65       6               69967.00        70874.00        907.00         
  46       7               70874.00        72108.00        1234.00        
  0        5               72108.00        73600.00        1492.00        
  25       7               73600.00        75337.00        1737.00        

  机器利用率: 57.73% (忙碌时间: 45632.00 / 总时间: 79045.64)

离散机4:
工件号      工序号             开始时间            结束时间            加工时长           
--------------------------------------------------------------------------------
  55       2               25998.59        27457.59        1459.00        
  94       4               28989.59        30285.59        1296.00        
  94       5               30285.59        31239.59        954.00         
  51       2               31239.59        32402.59        1163.00        
  52       3               32525.95        34320.95        1795.00        
  9        3               34320.95        35288.95        968.00         
  30       8               35427.95        36804.95        1377.00        
  36       7               37055.95        37978.95        923.00         
  36       8               37978.95        38960.95        982.00         
  69       5               38960.95        39974.95        1014.00        
  68       3               40025.00        41470.00        1445.00        
  42       2               41470.00        42865.00        1395.00        
  47       4               42865.00        44469.00        1604.00        
  41       4               44469.00        45372.00        903.00         
  32       6               46010.00        47103.00        1093.00        
  96       3               47435.47        49116.47        1681.00        
  86       4               49116.47        50888.47        1772.00        
  75       2               51168.47        52329.47        1161.00        
  72       4               52329.47        53588.47        1259.00        
  96       5               53588.47        54961.47        1373.00        
  59       4               54961.47        56203.47        1242.00        
  83       2               56940.21        58161.21        1221.00        
  60       2               58161.21        59179.21        1018.00        
  59       5               59179.21        60113.21        934.00         
  25       3               60192.21        61946.21        1754.00        
  25       4               61946.21        63031.21        1085.00        
  65       3               63051.77        64285.77        1234.00        
  83       6               64285.77        65711.77        1426.00        
  71       3               65711.77        67379.77        1668.00        
  8        7               67379.77        69040.77        1661.00        
  62       2               69040.77        70323.77        1283.00        

  机器利用率: 50.78% (忙碌时间: 40143.00 / 总时间: 79045.64)

离散机5:
工件号      工序号             开始时间            结束时间            加工时长           
--------------------------------------------------------------------------------
  30       3               27935.88        28996.88        1061.00        
  53       2               28996.88        30321.88        1325.00        
  30       5               30321.88        31245.88        924.00         
  33       3               31245.88        32309.88        1064.00        
  13       4               32608.95        34284.95        1676.00        
  30       7               34284.95        35427.95        1143.00        
  13       5               35427.95        36476.95        1049.00        
  20       3               36476.95        37701.95        1225.00        
  33       6               37701.95        38640.95        939.00         
  91       2               38661.00        40300.00        1639.00        
  47       3               40300.00        41452.00        1152.00        
  97       2               41452.00        42435.00        983.00         
  45       4               42435.00        43649.00        1214.00        
  17       6               43649.00        45070.00        1421.00        
  86       2               46151.47        47295.47        1144.00        
  72       2               47295.47        48698.47        1403.00        
  37       2               48698.47        49953.47        1255.00        
  37       3               49953.47        51154.47        1201.00        
  39       4               51154.47        52690.47        1536.00        
  32       7               52690.47        54224.47        1534.00        
  75       3               54224.47        55776.47        1552.00        
  8        2               56504.00        57760.00        1256.00        
  10       3               57944.21        59012.21        1068.00        
  72       7               59012.21        60148.21        1136.00        
  24       4               60661.21        61727.21        1066.00        
  43       2               62456.00        63832.00        1376.00        
  31       4               63832.00        65340.00        1508.00        
  72       8               65340.00        66732.00        1392.00        
  26       9               66732.00        68228.00        1496.00        
  23       7               68271.77        69972.77        1701.00        
  15       7               69972.77        70885.77        913.00         
  23       8               70885.77        72123.77        1238.00        
  58       5               72353.21        73563.21        1210.00        

  机器利用率: 52.88% (忙碌时间: 41800.00 / 总时间: 79045.64)

离散机6:
工件号      工序号             开始时间            结束时间            加工时长           
--------------------------------------------------------------------------------
  94       2               25998.59        27438.59        1440.00        
  9        2               27438.59        28802.59        1364.00        
  85       2               28802.59        30044.59        1242.00        
  81       2               30044.59        31308.59        1264.00        
  44       2               31308.59        32294.59        986.00         
  49       2               32294.59        33743.59        1449.00        
  7        3               33743.59        35118.59        1375.00        
  17       3               35118.59        36356.59        1238.00        
  49       3               36356.59        37302.59        946.00         
  21       3               37302.59        38911.59        1609.00        
  14       7               38911.59        40123.59        1212.00        
  20       4               40123.59        41383.59        1260.00        
  46       3               42175.00        43178.00        1003.00        
  21       4               43178.00        44743.00        1565.00        
  32       5               44810.00        46010.00        1200.00        
  39       2               46151.47        47805.47        1654.00        
  6        2               47805.47        48810.47        1005.00        
  97       4               48810.47        50273.47        1463.00        
  87       4               50273.47        51933.47        1660.00        
  45       6               51933.47        53443.47        1510.00        
  14       9               53443.47        54770.47        1327.00        
  37       4               54770.47        55961.47        1191.00        
  17       8               55961.47        56880.47        919.00         
  10       2               56940.21        57944.21        1004.00        
  8        3               57944.21        58971.21        1027.00        
  24       3               58971.21        60661.21        1690.00        
  10       4               60661.21        62177.21        1516.00        
  83       5               62177.21        63157.21        980.00         
  23       4               63157.21        64734.21        1577.00        
  24       5               64734.21        66132.21        1398.00        
  77       3               66132.21        67173.21        1041.00        
  11       6               67173.21        68281.21        1108.00        
  88       4               68281.21        69906.21        1625.00        
  4        7               69906.21        71244.21        1338.00        
  58       4               71244.21        72353.21        1109.00        
  28       6               72353.21        73384.21        1031.00        
  40       4               73970.64        75350.64        1380.00        
  43       6               75350.64        76387.64        1037.00        

  机器利用率: 61.66% (忙碌时间: 48743.00 / 总时间: 79045.64)

离散机7:
工件号      工序号             开始时间            结束时间            加工时长           
--------------------------------------------------------------------------------
  33       2               25998.59        27192.59        1194.00        
  20       2               27192.59        28374.59        1182.00        
  34       2               28601.95        30365.95        1764.00        
  36       4               30787.95        32272.95        1485.00        
  14       4               32764.88        34518.88        1754.00        
  69       3               34518.88        36029.88        1511.00        
  14       6               36032.88        37153.88        1121.00        
  30       9               37153.88        38293.88        1140.00        
  68       2               38661.00        40025.00        1364.00        
  41       2               40025.00        41046.00        1021.00        
  46       2               41046.00        42175.00        1129.00        
  99       4               42175.00        43177.00        1002.00        
  55       4               43177.00        44345.00        1168.00        
  16       3               44345.00        45914.00        1569.00        
  26       2               46151.47        47825.47        1674.00        
  19       2               47825.47        49259.47        1434.00        
  26       4               49592.47        50949.47        1357.00        
  96       4               50949.47        52067.47        1118.00        
  74       3               52197.47        53442.47        1245.00        
  72       5               53588.47        55157.47        1569.00        
  41       6               55157.47        56429.47        1272.00        
  88       2               56504.00        57811.00        1307.00        
  77       2               57811.00        58960.00        1149.00        
  83       4               59147.21        60641.21        1494.00        
  67       5               60641.21        61901.21        1260.00        
  13       6               61901.21        63512.21        1611.00        
  1        3               63512.21        65294.21        1782.00        
  15       5               65294.21        66703.21        1409.00        
  49       4               66703.21        68254.21        1551.00        
  3        5               68254.21        69345.21        1091.00        
  78       2               69345.21        70915.21        1570.00        
  12       2               70915.21        72673.21        1758.00        
  69       7               72673.21        74298.21        1625.00        
  24       8               74298.21        75707.21        1409.00        
  59       6               75707.21        77176.21        1469.00        
  75       6               77176.21        78094.21        918.00         

  机器利用率: 62.59% (忙碌时间: 49476.00 / 总时间: 79045.64)

离散机8:
工件号      工序号             开始时间            结束时间            加工时长           
--------------------------------------------------------------------------------
  69       2               26836.88        28042.88        1206.00        
  35       2               28042.88        29760.88        1718.00        
  5        3               30274.95        31570.95        1296.00        
  13       3               31570.95        32608.95        1038.00        
  81       3               32608.95        33796.95        1188.00        
  14       5               34518.88        36032.88        1514.00        
  66       4               36032.88        37283.88        1251.00        
  69       4               37283.88        38592.88        1309.00        
  47       2               38661.00        39932.00        1271.00        
  5        7               39932.00        41409.00        1477.00        
  69       6               41409.00        42643.00        1234.00        
  45       5               43649.00        45146.00        1497.00        
  41       5               45372.00        46485.00        1113.00        
  55       6               46485.00        47695.00        1210.00        
  26       3               47825.47        49592.47        1767.00        
  57       2               49592.47        51052.47        1460.00        
  15       2               51168.47        52574.47        1406.00        
  57       3               52574.47        53561.47        987.00         
  67       2               56940.21        57992.21        1052.00        
  83       3               58161.21        59147.21        986.00         
  88       3               59147.21        60446.21        1299.00        
  11       3               60446.21        61462.21        1016.00        
  31       3               61606.21        62538.21        932.00         
  26       6               62538.21        64176.21        1638.00        
  65       4               64285.77        65194.77        909.00         
  10       6               65194.77        66527.77        1333.00        
  93       5               66527.77        67602.77        1075.00        
  24       7               68351.77        69769.77        1418.00        
  40       2               71549.64        72660.64        1111.00        
  29       3               72735.64        73914.64        1179.00        

  机器利用率: 47.93% (忙碌时间: 37890.00 / 总时间: 79045.64)

离散机9:
工件号      工序号             开始时间            结束时间            加工时长           
--------------------------------------------------------------------------------
  30       2               26836.88        27935.88        1099.00        
  36       2               27935.88        28929.88        994.00         
  45       3               28929.88        30586.88        1657.00        
  53       3               30586.88        31616.88        1030.00        
  33       4               32309.88        33332.88        1023.00        
  33       5               33332.88        34488.88        1156.00        
  28       3               34997.95        36732.95        1735.00        
  66       5               37283.88        38437.88        1154.00        
  17       4               38437.88        39422.88        985.00         
  17       5               39422.88        40428.88        1006.00        
  68       4               41470.00        42399.00        929.00         
  32       3               42399.00        43881.00        1482.00        
  47       5               44469.00        46058.00        1589.00        
  96       2               46151.47        47435.47        1284.00        
  87       3               47435.47        48708.47        1273.00        
  20       5               48708.47        49924.47        1216.00        
  47       7               50058.47        51176.47        1118.00        
  34       4               51176.47        52661.47        1485.00        
  7        6               52661.47        54123.47        1462.00        
  85       3               54123.47        55794.47        1671.00        
  23       2               55876.21        56916.21        1040.00        
  96       6               56916.21        57940.21        1024.00        
  67       3               57992.21        59571.21        1579.00        
  82       3               59571.21        60500.21        929.00         
  71       2               60576.77        61645.77        1069.00        
  65       2               61645.77        63051.77        1406.00        
  93       3               63051.77        64080.77        1029.00        
  26       7               64176.21        65177.21        1001.00        
  26       8               65177.21        66241.21        1064.00        
  45       8               66241.21        67152.21        911.00         
  23       6               67174.77        68271.77        1097.00        
  75       4               68271.77        69861.77        1590.00        
  25       6               69861.77        71579.77        1718.00        
  99       7               71579.77        72647.77        1068.00        
  40       3               72660.64        73970.64        1310.00        
  64       2               73970.64        75171.64        1201.00        
  31       5               75171.64        76880.64        1709.00        
  69       8               76880.64        77878.64        998.00         
  31       6               77878.64        79045.64        1167.00        

  机器利用率: 61.05% (忙碌时间: 48258.00 / 总时间: 79045.64)

离散机10:
工件号      工序号             开始时间            结束时间            加工时长           
--------------------------------------------------------------------------------
  17       2               25998.59        26952.59        954.00         
  48       2               26952.59        28391.59        1439.00        
  2        2               28601.95        29781.95        1180.00        
  36       3               29781.95        30787.95        1006.00        
  4        3               31407.95        32755.95        1348.00        
  66       3               32755.95        34404.95        1649.00        
  4        4               34404.95        36107.95        1703.00        
  36       6               36107.95        37055.95        948.00         
  55       3               37055.95        38517.95        1462.00        
  99       2               38661.00        39958.00        1297.00        
  28       4               39958.00        41166.00        1208.00        
  50       2               41230.95        42358.95        1128.00        
  3        2               42358.95        43977.95        1619.00        
  3        3               43977.95        45239.95        1262.00        
  70       2               46151.47        47333.47        1182.00        
  39       3               47805.47        48743.47        938.00         
  59       2               48743.47        50131.47        1388.00        
  14       8               50131.47        51388.47        1257.00        
  42       3               51388.47        52585.47        1197.00        
  39       5               52690.47        54116.47        1426.00        
  52       7               54116.47        55039.47        923.00         
  72       6               55157.47        56531.47        1374.00        
  24       2               56940.21        58732.21        1792.00        
  67       4               59571.21        60508.21        937.00         
  99       6               60508.21        61807.21        1299.00        
  28       5               61807.21        62873.21        1066.00        
  86       5               62873.21        64070.21        1197.00        
  93       4               64080.77        65569.77        1489.00        
  23       5               65569.77        67174.77        1605.00        
  24       6               67174.77        68351.77        1177.00        
  83       7               68351.77        69892.77        1541.00        
  75       5               69892.77        71558.77        1666.00        
  96       8               71558.77        72569.77        1011.00        
  33       7               72569.77        73976.77        1407.00        
  20       6               73976.77        74896.77        920.00         
  40       5               75350.64        76678.64        1328.00        
  40       6               76678.64        78224.64        1546.00        

  机器利用率: 60.56% (忙碌时间: 47869.00 / 总时间: 79045.64)

【打印批次详细信息】
----------------------------------------------------------------------------------------------------

打印机 1 (尺寸: 1033.0 x 412.0 x 635.0):
--------------------------------------------------------------------------------
  批次 1: 零件数=10, 占用率=86.17%
    - 7: 尺寸 105.0 x 98.0 x 89.0
    - 18: 尺寸 207.0 x 134.0 x 86.0
    - 49: 尺寸 720.0 x 166.0 x 70.0
    - 90: 尺寸 85.0 x 241.0 x 93.0
    - 34: 尺寸 206.0 x 118.0 x 193.0
    - 51: 尺寸 135.0 x 173.0 x 83.0
    - 2: 尺寸 568.0 x 184.0 x 44.0
    - 53: 尺寸 142.0 x 121.0 x 188.0
    - 13: 尺寸 87.0 x 87.0 x 191.0
    - 5: 尺寸 187.0 x 63.0 x 153.0
  批次 2: 零件数=9, 占用率=82.45%
    - 82: 尺寸 191.0 x 198.0 x 181.0
    - 38: 尺寸 144.0 x 118.0 x 155.0
    - 10: 尺寸 480.0 x 155.0 x 175.0
    - 25: 尺寸 207.0 x 202.0 x 33.0
    - 67: 尺寸 144.0 x 121.0 x 191.0
    - 83: 尺寸 441.0 x 153.0 x 197.0
    - 24: 尺寸 187.0 x 173.0 x 33.0
    - 89: 尺寸 233.0 x 185.0 x 23.0
    - 84: 尺寸 132.0 x 148.0 x 176.0
  批次 3: 零件数=3, 占用率=48.47%
    - 29: 尺寸 302.0 x 137.0 x 33.0
    - 40: 尺寸 122.0 x 148.0 x 103.0
    - 64: 尺寸 441.0 x 333.0 x 52.0

打印机 2 (尺寸: 1163.0 x 587.0 x 663.0):
--------------------------------------------------------------------------------
  批次 1: 零件数=11, 占用率=83.31%
    - 30: 尺寸 686.0 x 336.0 x 90.0
    - 92: 尺寸 440.0 x 247.0 x 168.0
    - 66: 尺寸 438.0 x 139.0 x 124.0
    - 85: 尺寸 205.0 x 63.0 x 96.0
    - 36: 尺寸 468.0 x 164.0 x 153.0
    - 57: 尺寸 139.0 x 114.0 x 92.0
    - 14: 尺寸 183.0 x 98.0 x 54.0
    - 9: 尺寸 101.0 x 149.0 x 45.0
    - 52: 尺寸 59.0 x 170.0 x 100.0
    - 69: 尺寸 76.0 x 101.0 x 43.0
    - 81: 尺寸 93.0 x 134.0 x 170.0
  批次 2: 零件数=8, 占用率=89.71%
    - 39: 尺寸 396.0 x 158.0 x 123.0
    - 96: 尺寸 711.0 x 335.0 x 59.0
    - 86: 尺寸 349.0 x 205.0 x 127.0
    - 26: 尺寸 353.0 x 115.0 x 50.0
    - 72: 尺寸 426.0 x 214.0 x 34.0
    - 37: 尺寸 208.0 x 179.0 x 109.0
    - 70: 尺寸 139.0 x 217.0 x 55.0
    - 6: 尺寸 306.0 x 134.0 x 68.0
  批次 3: 零件数=5, 占用率=64.37%
    - 56: 尺寸 312.0 x 305.0 x 32.0
    - 61: 尺寸 533.0 x 123.0 x 54.0
    - 31: 尺寸 260.0 x 355.0 x 20.0
    - 0: 尺寸 268.0 x 250.0 x 27.0
    - 23: 尺寸 283.0 x 422.0 x 63.0
  批次 4: 零件数=2, 占用率=52.13%
    - 71: 尺寸 699.0 x 267.0 x 29.0
    - 65: 尺寸 688.0 x 246.0 x 28.0

打印机 3 (尺寸: 941.0 x 424.0 x 663.0):
--------------------------------------------------------------------------------
  批次 1: 零件数=10, 占用率=85.43%
    - 77: 尺寸 509.0 x 204.0 x 43.0
    - 63: 尺寸 163.0 x 195.0 x 52.0
    - 80: 尺寸 152.0 x 106.0 x 19.0
    - 32: 尺寸 98.0 x 66.0 x 75.0
    - 95: 尺寸 55.0 x 202.0 x 55.0
    - 50: 尺寸 123.0 x 185.0 x 171.0
    - 59: 尺寸 159.0 x 229.0 x 122.0
    - 79: 尺寸 382.0 x 155.0 x 83.0
    - 73: 尺寸 177.0 x 159.0 x 112.0
    - 62: 尺寸 188.0 x 133.0 x 95.0
  批次 2: 零件数=1, 占用率=6.95%
    - 76: 尺寸 165.0 x 168.0 x 18.0

打印机 4 (尺寸: 1081.0 x 523.0 x 615.0):
--------------------------------------------------------------------------------
  批次 1: 零件数=16, 占用率=81.78%
    - 21: 尺寸 109.0 x 53.0 x 36.0
    - 45: 尺寸 266.0 x 241.0 x 26.0
    - 17: 尺寸 668.0 x 227.0 x 36.0
    - 28: 尺寸 108.0 x 148.0 x 40.0
    - 44: 尺寸 103.0 x 79.0 x 14.0
    - 1: 尺寸 465.0 x 126.0 x 96.0
    - 48: 尺寸 205.0 x 200.0 x 83.0
    - 33: 尺寸 143.0 x 98.0 x 20.0
    - 55: 尺寸 72.0 x 93.0 x 88.0
    - 20: 尺寸 89.0 x 142.0 x 104.0
    - 35: 尺寸 96.0 x 106.0 x 48.0
    - 22: 尺寸 69.0 x 106.0 x 68.0
    - 4: 尺寸 136.0 x 148.0 x 21.0
    - 98: 尺寸 197.0 x 134.0 x 63.0
    - 94: 尺寸 86.0 x 78.0 x 15.0
    - 12: 尺寸 132.0 x 99.0 x 97.0
  批次 2: 零件数=5, 占用率=67.58%
    - 75: 尺寸 460.0 x 290.0 x 105.0
    - 74: 尺寸 488.0 x 192.0 x 92.0
    - 78: 尺寸 257.0 x 259.0 x 55.0
    - 58: 尺寸 246.0 x 181.0 x 77.0
    - 15: 尺寸 255.0 x 172.0 x 44.0
  批次 3: 零件数=1, 占用率=30.14%
    - 43: 尺寸 713.0 x 239.0 x 46.0

打印机 5 (尺寸: 1118.0 x 504.0 x 631.0):
--------------------------------------------------------------------------------
  批次 1: 零件数=12, 占用率=89.56%
    - 41: 尺寸 420.0 x 84.0 x 65.0
    - 87: 尺寸 690.0 x 134.0 x 26.0
    - 99: 尺寸 390.0 x 203.0 x 186.0
    - 19: 尺寸 220.0 x 58.0 x 76.0
    - 16: 尺寸 441.0 x 143.0 x 42.0
    - 47: 尺寸 51.0 x 178.0 x 176.0
    - 97: 尺寸 213.0 x 107.0 x 56.0
    - 68: 尺寸 413.0 x 227.0 x 174.0
    - 46: 尺寸 389.0 x 123.0 x 52.0
    - 91: 尺寸 179.0 x 133.0 x 39.0
    - 3: 尺寸 130.0 x 114.0 x 98.0
    - 42: 尺寸 114.0 x 86.0 x 61.0
  批次 2: 零件数=7, 占用率=72.53%
    - 60: 尺寸 363.0 x 170.0 x 19.0
    - 27: 尺寸 565.0 x 191.0 x 59.0
    - 8: 尺寸 155.0 x 115.0 x 87.0
    - 11: 尺寸 123.0 x 306.0 x 35.0
    - 88: 尺寸 385.0 x 207.0 x 83.0
    - 54: 尺寸 529.0 x 120.0 x 52.0
    - 93: 尺寸 291.0 x 139.0 x 38.0

════════════════════════════════════════════════════════════════
