迭代次数,Cmax
1,257393.0000
2,249841.0000
3,249841.0000
4,249841.0000
5,247481.0000
6,247481.0000
7,247481.0000
8,244763.1000
9,244763.1000
10,244763.1000
11,244763.1000
12,244763.1000
13,244763.1000
14,244763.1000
15,244763.1000
16,244763.1000
17,244763.1000
18,244763.1000
19,244763.1000
20,244763.1000
21,244763.1000
22,244763.1000
23,244763.1000
24,244763.1000
25,244763.1000
26,244763.1000
27,244763.1000
28,244763.1000
29,244763.1000
30,235917.0000
31,235917.0000
32,235917.0000
33,235917.0000
34,235917.0000
35,235917.0000
36,235917.0000
37,235917.0000
38,235917.0000
39,235917.0000
40,235917.0000
41,235917.0000
42,235917.0000
43,235917.0000
44,235917.0000
45,235917.0000
46,235917.0000
47,235917.0000
48,235917.0000
49,235917.0000
50,235917.0000
51,235917.0000
52,235917.0000
53,235917.0000
54,235917.0000
55,235917.0000
56,235917.0000
57,235917.0000
58,235917.0000
59,235917.0000
60,235917.0000
61,235917.0000
62,235917.0000
63,235917.0000
64,235917.0000
65,235917.0000
66,235917.0000
67,235917.0000
68,235917.0000
69,235917.0000
70,235917.0000
71,235917.0000
72,235917.0000
73,235917.0000
74,235917.0000
75,235917.0000
76,235917.0000
77,235917.0000
78,235917.0000
79,235917.0000
80,235917.0000
81,235917.0000
82,235917.0000
83,235917.0000
84,235917.0000
85,235917.0000
86,235917.0000
87,235917.0000
88,235917.0000
89,235917.0000
90,235917.0000
91,235917.0000
92,235917.0000
93,235917.0000
94,235917.0000
95,235917.0000
96,235917.0000
97,235917.0000
98,235917.0000
99,235917.0000
100,235917.0000
101,235917.0000
102,235917.0000
103,235917.0000
104,235917.0000
105,235917.0000
106,235917.0000
107,235917.0000
108,235917.0000
109,235917.0000
110,235917.0000
111,235917.0000
112,235917.0000
113,235917.0000
114,235917.0000
115,235917.0000
116,235917.0000
117,235917.0000
118,235917.0000
119,235917.0000
120,235917.0000
121,235917.0000
122,235917.0000
123,235917.0000
124,235917.0000
125,235917.0000
126,235917.0000
127,235917.0000
128,235917.0000
129,235917.0000
130,235917.0000
131,235917.0000
132,235917.0000
133,235917.0000
134,235917.0000
135,235917.0000
136,235917.0000
137,235917.0000
138,235917.0000
139,235917.0000
140,235917.0000
141,235917.0000
142,235917.0000
143,235917.0000
144,235917.0000
145,235917.0000
146,235917.0000
147,235917.0000
148,235917.0000
149,235917.0000
150,235917.0000
151,235917.0000
152,235917.0000
153,235917.0000
154,235917.0000
155,235917.0000
156,235917.0000
157,235917.0000
158,235917.0000
159,235917.0000
160,235917.0000
161,235917.0000
162,235917.0000
163,235917.0000
164,235917.0000
165,235917.0000
166,235917.0000
167,235917.0000
168,235917.0000
169,235917.0000
170,235917.0000
171,235917.0000
172,235917.0000
173,235917.0000
174,235917.0000
175,235917.0000
176,235917.0000
177,235917.0000
178,235917.0000
179,235917.0000
180,235917.0000
181,235917.0000
182,235917.0000
183,235917.0000
184,235917.0000
185,235917.0000
186,235917.0000
187,235917.0000
188,235917.0000
189,235917.0000
190,235917.0000
191,235917.0000
192,235917.0000
193,235917.0000
194,235917.0000
195,235917.0000
196,235917.0000
197,235917.0000
198,235917.0000
199,235917.0000
200,235917.0000
201,235917.0000
202,235917.0000
203,235917.0000
204,235917.0000
205,235917.0000
206,235917.0000
207,235917.0000
208,235917.0000
209,235917.0000
210,235917.0000
211,235917.0000
212,235917.0000
213,235917.0000
214,235917.0000
215,235917.0000
216,235917.0000
217,235917.0000
218,235917.0000
219,235917.0000
220,235917.0000
221,235917.0000
222,235917.0000
223,235917.0000
224,235917.0000
225,235917.0000
226,235917.0000
227,235917.0000
228,235917.0000
229,235917.0000
230,235917.0000
231,235917.0000
232,235917.0000
233,235917.0000
234,235917.0000
235,235917.0000
236,235917.0000
237,235917.0000
238,235917.0000
239,235917.0000
240,235917.0000
241,235917.0000
242,235917.0000
243,235917.0000
244,235917.0000
245,235917.0000
246,235917.0000
247,235917.0000
248,235917.0000
249,235917.0000
250,235917.0000
251,235917.0000
252,235917.0000
253,235917.0000
254,235917.0000
255,235917.0000
256,235917.0000
257,235917.0000
258,235917.0000
259,235917.0000
260,235917.0000
261,235917.0000
262,235917.0000
263,235917.0000
264,235917.0000
265,235917.0000
266,235917.0000
267,235917.0000
268,235917.0000
269,235917.0000
270,235917.0000
271,235917.0000
272,235917.0000
273,235917.0000
274,235917.0000
275,235917.0000
276,235917.0000
277,235917.0000
278,235917.0000
279,235917.0000
280,235917.0000
281,235917.0000
282,235917.0000
283,235917.0000
284,235917.0000
285,235917.0000
286,235917.0000
287,235917.0000
288,235917.0000
289,235917.0000
290,235917.0000
291,235917.0000
292,235917.0000
293,235917.0000
294,235917.0000
295,235917.0000
296,235917.0000
297,235917.0000
298,235917.0000
299,235917.0000
300,235917.0000
301,235917.0000
302,235917.0000
303,235917.0000
304,235917.0000
305,235917.0000
306,235917.0000
307,235917.0000
308,235917.0000
309,235917.0000
310,233557.0000
311,233557.0000
312,233557.0000
313,232910.7000
314,232910.7000
315,232910.7000
316,232910.7000
317,232910.7000
318,232910.7000
319,232910.7000
320,232910.7000
321,232910.7000
322,232910.7000
323,232910.7000
324,232910.7000
325,232910.7000
326,232910.7000
327,232910.7000
328,232910.7000
329,232910.7000
330,232910.7000
331,232910.7000
332,232910.7000
333,232910.7000
334,232910.7000
335,232910.7000
336,232910.7000
337,232910.7000
338,232910.7000
339,232910.7000
340,232910.7000
341,232910.7000
342,232910.7000
343,232910.7000
344,232910.7000
345,232910.7000
346,232910.7000
347,232910.7000
348,232910.7000
349,232910.7000
350,232910.7000
351,232910.7000
352,232910.7000
353,232910.7000
354,232910.7000
355,232910.7000
356,232910.7000
357,232910.7000
358,232910.7000
359,232910.7000
360,232910.7000
361,232910.7000
362,232910.7000
363,232910.7000
364,232910.7000
365,232910.7000
366,232910.7000
367,232910.7000
368,232910.7000
369,232910.7000
370,232910.7000
371,232910.7000
372,232910.7000
373,232910.7000
374,232910.7000
375,232910.7000
376,232910.7000
377,232910.7000
378,232910.7000
379,232910.7000
380,232910.7000
381,232910.7000
382,232910.7000
383,232910.7000
384,232910.7000
385,232910.7000
386,232910.7000
387,232910.7000
388,232910.7000
389,232910.7000
390,232910.7000
391,232910.7000
392,232910.7000
393,232910.7000
394,232910.7000
395,232910.7000
396,232910.7000
397,232910.7000
398,232910.7000
399,232910.7000
400,232910.7000
401,232910.7000
402,232910.7000
403,232910.7000
404,232910.7000
405,232910.7000
406,232910.7000
407,232910.7000
408,232910.7000
409,232910.7000
410,232910.7000
411,232910.7000
412,232910.7000
413,232910.7000
414,232910.7000
415,232910.7000
416,232910.7000
417,232910.7000
418,232910.7000
419,232910.7000
420,232910.7000
421,232910.7000
422,232910.7000
423,232910.7000
424,232910.7000
425,232910.7000
426,232910.7000
427,232910.7000
428,232910.7000
429,232910.7000
430,232910.7000
431,232910.7000
432,232910.7000
433,232910.7000
434,232910.7000
435,232910.7000
436,232910.7000
437,232910.7000
438,232910.7000
439,232910.7000
440,232910.7000
441,232910.7000
442,232910.7000
443,232910.7000
444,232910.7000
445,232910.7000
446,232910.7000
447,232910.7000
448,232910.7000
449,232910.7000
450,232910.7000
451,232910.7000
452,232910.7000
453,232910.7000
454,232910.7000
455,232910.7000
456,232910.7000
457,232910.7000
458,232910.7000
459,232910.7000
460,232910.7000
461,232910.7000
462,232910.7000
463,232910.7000
464,232910.7000
465,232910.7000
466,232910.7000
467,232910.7000
468,232910.7000
469,232910.7000
470,232910.7000
471,232910.7000
472,232910.7000
473,232910.7000
474,232910.7000
475,232910.7000
476,232910.7000
477,232910.7000
478,232910.7000
479,232910.7000
480,232910.7000
481,232910.7000
482,232910.7000
483,232910.7000
484,232910.7000
485,232910.7000
486,232910.7000
487,232910.7000
488,232910.7000
489,232910.7000
490,232910.7000
491,232910.7000
492,232910.7000
493,232910.7000
494,232910.7000
495,232910.7000
496,232910.7000
497,232910.7000
498,232910.7000
499,232910.7000
500,232910.7000
501,232910.7000
502,232910.7000
503,232910.7000
504,232910.7000
505,232910.7000
506,232910.7000
507,232910.7000
508,232910.7000
509,232910.7000
510,232910.7000
511,232910.7000
512,232910.7000
513,232910.7000
514,232910.7000
515,232910.7000
516,232910.7000
517,232910.7000
518,232910.7000
519,232910.7000
520,232910.7000
521,232910.7000
522,232910.7000
523,232910.7000
524,232910.7000
525,232910.7000
526,232910.7000
527,232910.7000
528,232910.7000
529,232910.7000
530,232910.7000
531,232910.7000
532,232910.7000
533,232910.7000
534,232910.7000
535,232910.7000
536,232910.7000
537,232910.7000
538,232910.7000
539,232910.7000
540,232910.7000
541,232910.7000
542,232910.7000
543,232910.7000
544,232910.7000
545,232910.7000
546,232910.7000
547,232910.7000
548,232910.7000
549,232910.7000
550,232910.7000
551,232910.7000
552,232910.7000
553,232910.7000
554,232910.7000
555,232910.7000
556,232910.7000
557,232910.7000
558,232910.7000
559,232910.7000
560,232910.7000
561,232910.7000
562,232910.7000
563,232910.7000
564,232910.7000
565,232910.7000
566,232910.7000
567,232910.7000
568,232910.7000
569,232910.7000
570,232910.7000
571,232910.7000
572,232910.7000
573,232910.7000
574,232910.7000
575,232910.7000
576,232910.7000
577,232910.7000
578,232910.7000
579,232910.7000
580,232910.7000
581,232910.7000
582,232910.7000
583,232910.7000
584,232910.7000
585,232910.7000
586,232910.7000
587,232910.7000
588,232910.7000
589,232910.7000
590,232910.7000
591,232910.7000
592,232910.7000
593,232910.7000
594,232910.7000
595,232910.7000
596,232910.7000
597,232910.7000
598,232910.7000
599,232910.7000
600,232910.7000
601,232910.7000
602,232910.7000
603,232910.7000
604,232910.7000
605,232910.7000
606,232910.7000
607,232910.7000
608,232910.7000
609,232910.7000
610,232910.7000
611,232910.7000
612,232910.7000
613,232910.7000
614,232910.7000
615,232910.7000
616,232910.7000
617,232910.7000
618,232910.7000
619,232910.7000
620,232910.7000
621,232910.7000
622,232910.7000
623,232910.7000
624,232910.7000
625,232910.7000
626,232910.7000
627,232910.7000
628,232910.7000
629,232910.7000
630,232910.7000
631,232910.7000
632,232910.7000
633,232910.7000
634,232910.7000
635,232910.7000
636,232910.7000
637,232910.7000
638,232910.7000
639,232910.7000
640,232910.7000
641,232910.7000
642,232910.7000
643,232910.7000
644,232910.7000
645,232910.7000
646,232910.7000
647,232910.7000
648,232910.7000
649,232910.7000
650,232910.7000
651,232910.7000
652,232910.7000
653,232910.7000
654,232910.7000
655,232910.7000
656,232910.7000
657,232910.7000
658,232910.7000
659,232910.7000
660,232910.7000
661,232910.7000
662,232910.7000
663,232910.7000
664,232910.7000
665,232910.7000
666,232910.7000
667,232910.7000
668,232910.7000
669,232910.7000
670,232910.7000
671,232910.7000
672,232910.7000
673,232910.7000
674,232910.7000
675,232910.7000
676,232910.7000
677,232910.7000
678,232910.7000
679,232377.0000
680,232377.0000
681,232377.0000
682,232377.0000
683,232377.0000
684,232377.0000
685,232377.0000
686,232377.0000
687,232377.0000
688,232377.0000
689,232377.0000
690,232377.0000
691,232377.0000
692,232377.0000
693,232377.0000
694,232377.0000
695,232377.0000
696,232377.0000
697,232377.0000
698,232377.0000
699,232377.0000
700,232377.0000
701,232377.0000
702,232377.0000
703,232377.0000
704,232377.0000
705,232377.0000
706,232377.0000
707,232377.0000
708,232377.0000
709,232377.0000
710,232377.0000
711,232377.0000
712,232377.0000
713,232377.0000
714,232377.0000
715,232377.0000
716,232377.0000
717,232377.0000
718,232377.0000
719,232377.0000
720,232377.0000
721,232377.0000
722,232377.0000
723,232377.0000
724,232377.0000
725,232377.0000
726,232377.0000
727,232377.0000
728,232377.0000
729,232377.0000
730,232377.0000
731,232377.0000
732,231989.4000
733,231989.4000
734,231989.4000
735,231989.4000
736,231989.4000
737,231989.4000
738,231989.4000
739,231989.4000
740,231989.4000
741,231989.4000
742,231989.4000
743,231989.4000
744,231989.4000
745,231989.4000
746,231989.4000
747,231989.4000
748,231989.4000
749,231989.4000
750,231989.4000
751,231989.4000
752,231989.4000
753,231989.4000
754,231989.4000
755,231989.4000
756,231989.4000
757,231989.4000
758,231989.4000
759,231989.4000
760,231989.4000
761,231989.4000
762,231989.4000
763,231989.4000
764,231989.4000
765,231989.4000
766,231989.4000
767,231989.4000
768,231989.4000
769,231989.4000
770,231989.4000
771,231989.4000
772,231989.4000
773,231989.4000
774,231989.4000
775,231989.4000
776,231989.4000
777,231989.4000
778,231989.4000
779,231989.4000
780,231989.4000
781,231989.4000
782,231989.4000
783,231989.4000
784,231989.4000
785,231989.4000
786,231989.4000
787,231989.4000
788,231989.4000
789,231989.4000
790,231989.4000
791,231989.4000
792,231989.4000
793,231989.4000
794,231989.4000
795,231989.4000
796,231989.4000
797,231989.4000
798,231989.4000
799,231989.4000
800,231989.4000
801,231989.4000
802,231989.4000
803,231989.4000
804,231989.4000
805,231989.4000
806,231989.4000
807,231989.4000
808,231989.4000
809,231989.4000
810,231989.4000
811,231989.4000
812,231989.4000
813,231989.4000
814,231989.4000
815,231989.4000
816,231989.4000
817,231989.4000
818,231989.4000
819,231989.4000
820,231989.4000
821,231989.4000
822,231989.4000
823,231989.4000
824,231989.4000
825,231989.4000
826,231989.4000
827,231989.4000
828,231989.4000
829,231989.4000
830,231989.4000
831,231989.4000
832,231989.4000
833,231989.4000
834,231989.4000
835,231989.4000
836,231989.4000
837,231989.4000
838,231989.4000
839,231989.4000
840,231989.4000
841,231989.4000
842,231989.4000
843,231989.4000
844,231989.4000
845,231989.4000
846,231989.4000
847,231989.4000
848,231989.4000
849,231989.4000
850,231989.4000
851,231989.4000
852,231989.4000
853,231989.4000
854,231989.4000
855,231989.4000
856,231989.4000
857,231989.4000
858,231989.4000
859,231989.4000
860,231989.4000
861,231989.4000
862,231989.4000
863,231989.4000
864,231989.4000
865,231989.4000
866,231989.4000
867,231989.4000
868,231989.4000
869,231989.4000
870,231989.4000
871,231989.4000
872,231989.4000
873,231989.4000
874,231989.4000
875,231989.4000
876,231989.4000
877,231989.4000
878,231989.4000
879,231989.4000
880,231989.4000
881,231989.4000
882,231989.4000
883,231989.4000
884,231989.4000
885,231989.4000
886,231989.4000
887,231989.4000
888,231989.4000
889,231989.4000
890,231989.4000
891,231989.4000
892,231989.4000
893,231989.4000
894,231989.4000
895,231989.4000
896,231989.4000
897,231989.4000
898,231989.4000
899,231989.4000
900,231989.4000
901,231989.4000
902,231989.4000
903,231989.4000
904,231989.4000
905,231989.4000
906,231989.4000
907,231989.4000
908,231989.4000
909,231989.4000
910,231989.4000
911,231989.4000
912,231989.4000
913,231989.4000
914,231989.4000
915,231989.4000
916,231989.4000
917,231989.4000
918,231989.4000
919,231989.4000
920,231989.4000
921,231989.4000
922,231989.4000
923,231989.4000
924,231989.4000
925,231989.4000
926,231989.4000
927,231989.4000
928,231989.4000
929,231989.4000
930,231989.4000
931,231989.4000
932,231989.4000
933,231989.4000
934,231989.4000
935,231989.4000
936,231989.4000
937,231989.4000
938,231989.4000
939,231989.4000
940,231989.4000
941,231989.4000
942,231989.4000
943,231989.4000
944,231989.4000
945,231989.4000
946,231989.4000
947,231989.4000
948,231989.4000
949,231989.4000
950,231989.4000
951,231989.4000
952,231989.4000
953,231989.4000
954,231989.4000
955,231989.4000
956,231989.4000
957,231989.4000
958,231989.4000
959,231989.4000
960,231989.4000
961,231989.4000
962,231989.4000
963,231989.4000
964,231989.4000
965,231989.4000
966,231989.4000
967,231989.4000
968,231989.4000
969,231989.4000
970,231989.4000
971,231989.4000
972,231989.4000
973,231989.4000
974,231989.4000
975,231989.4000
976,231989.4000
977,231989.4000
978,231989.4000
979,231989.4000
980,231989.4000
981,231989.4000
982,231989.4000
983,231989.4000
984,231989.4000
985,231989.4000
986,231989.4000
987,231989.4000
988,231989.4000
989,231989.4000
990,231989.4000
991,231989.4000
992,231989.4000
993,231989.4000
994,231989.4000
995,231989.4000
996,231989.4000
997,231989.4000
998,231989.4000
999,231989.4000
1000,231989.4000
1001,231989.4000
1002,231989.4000
1003,231989.4000
1004,231989.4000
1005,231989.4000
1006,231989.4000
1007,231989.4000
1008,231989.4000
1009,231989.4000
1010,231989.4000
1011,231989.4000
1012,231989.4000
1013,231989.4000
1014,231989.4000
1015,231989.4000
1016,231989.4000
1017,231989.4000
1018,231989.4000
1019,231989.4000
1020,231989.4000
1021,231989.4000
1022,231989.4000
1023,231989.4000
1024,231989.4000
1025,231989.4000
1026,231989.4000
1027,231989.4000
1028,231989.4000
1029,231989.4000
1030,231989.4000
1031,231989.4000
1032,231989.4000
1033,231989.4000
1034,231989.4000
1035,231989.4000
1036,231989.4000
1037,231989.4000
1038,231989.4000
1039,231989.4000
1040,231989.4000
1041,231989.4000
1042,231989.4000
1043,231989.4000
1044,231989.4000
1045,231989.4000
1046,231989.4000
1047,231989.4000
1048,231989.4000
1049,231989.4000
1050,231989.4000
1051,231989.4000
1052,231989.4000
1053,231989.4000
1054,231989.4000
1055,231989.4000
1056,231989.4000
1057,231989.4000
1058,231989.4000
1059,231989.4000
1060,231989.4000
1061,231989.4000
1062,231989.4000
1063,231989.4000
1064,231989.4000
1065,231989.4000
1066,231989.4000
1067,231989.4000
1068,231989.4000
1069,231989.4000
1070,231989.4000
1071,231989.4000
1072,231989.4000
1073,231989.4000
1074,231989.4000
1075,231989.4000
1076,231989.4000
1077,231989.4000
1078,231989.4000
1079,231989.4000
1080,231989.4000
1081,231989.4000
1082,231989.4000
1083,231989.4000
1084,231989.4000
1085,231989.4000
1086,231989.4000
1087,231989.4000
1088,231989.4000
1089,231989.4000
1090,231989.4000
1091,231989.4000
1092,231989.4000
1093,231989.4000
1094,231989.4000
1095,231989.4000
1096,231989.4000
1097,231989.4000
1098,231989.4000
1099,231989.4000
1100,231989.4000
1101,231989.4000
1102,231989.4000
1103,231989.4000
1104,231989.4000
1105,231989.4000
1106,231989.4000
1107,231989.4000
1108,231989.4000
1109,231989.4000
1110,231989.4000
1111,231989.4000
1112,231989.4000
1113,231989.4000
1114,231989.4000
1115,231989.4000
1116,231989.4000
1117,231989.4000
1118,231989.4000
1119,231989.4000
1120,231989.4000
1121,231989.4000
1122,231989.4000
1123,231989.4000
1124,231989.4000
1125,231989.4000
1126,231989.4000
1127,231989.4000
1128,231989.4000
1129,231989.4000
1130,231989.4000
1131,231989.4000
1132,231989.4000
1133,231989.4000
1134,231989.4000
1135,231989.4000
1136,231989.4000
1137,231989.4000
1138,231989.4000
1139,231989.4000
1140,231989.4000
1141,231989.4000
1142,231989.4000
1143,231989.4000
1144,231989.4000
1145,231989.4000
1146,231989.4000
1147,231989.4000
1148,231989.4000
1149,231989.4000
1150,231989.4000
1151,231989.4000
1152,231989.4000
1153,231989.4000
1154,231989.4000
1155,231989.4000
1156,231989.4000
1157,231989.4000
1158,231989.4000
1159,231989.4000
1160,231989.4000
1161,231989.4000
1162,231989.4000
1163,231989.4000
1164,231989.4000
1165,231989.4000
1166,231989.4000
1167,231989.4000
1168,231989.4000
1169,231989.4000
1170,231989.4000
1171,231989.4000
1172,231989.4000
1173,231989.4000
1174,231989.4000
1175,231989.4000
1176,231989.4000
1177,231989.4000
1178,231989.4000
1179,231989.4000
1180,231989.4000
1181,231989.4000
1182,231989.4000
1183,231989.4000
1184,231989.4000
1185,231989.4000
1186,231989.4000
1187,231989.4000
1188,231989.4000
1189,231989.4000
1190,231989.4000
1191,231989.4000
1192,231989.4000
1193,231989.4000
1194,231989.4000
1195,231989.4000
1196,231989.4000
1197,231989.4000
1198,231989.4000
1199,231989.4000
1200,231989.4000
1201,231989.4000
1202,231989.4000
1203,231989.4000
1204,231989.4000
1205,231989.4000
1206,231989.4000
1207,231989.4000
1208,231989.4000
1209,231989.4000
1210,231989.4000
1211,231989.4000
1212,231989.4000
1213,231989.4000
1214,231989.4000
1215,231989.4000
1216,231989.4000
1217,231989.4000
1218,231989.4000
1219,231989.4000
1220,231989.4000
1221,231989.4000
1222,231989.4000
1223,231989.4000
1224,231989.4000
1225,231989.4000
1226,231989.4000
1227,231989.4000
1228,231989.4000
1229,231989.4000
1230,231989.4000
1231,231989.4000
1232,231989.4000
1233,231989.4000
1234,231989.4000
1235,231989.4000
1236,231989.4000
1237,231989.4000
1238,231989.4000
1239,231989.4000
1240,231989.4000
1241,231989.4000
1242,231989.4000
1243,231989.4000
1244,231989.4000
1245,231989.4000
1246,231989.4000
1247,231989.4000
1248,231989.4000
1249,231989.4000
1250,231989.4000
1251,231989.4000
1252,231989.4000
1253,231989.4000
1254,231989.4000
1255,231989.4000
1256,231989.4000
1257,231989.4000
1258,231989.4000
1259,231989.4000
1260,231989.4000
1261,231989.4000
1262,231989.4000
1263,231989.4000
1264,231989.4000
1265,231989.4000
1266,231989.4000
1267,231989.4000
1268,231989.4000
1269,231989.4000
1270,231989.4000
1271,231989.4000
1272,231989.4000
1273,231989.4000
1274,231989.4000
1275,231989.4000
1276,231989.4000
1277,231989.4000
1278,231989.4000
1279,231989.4000
1280,231989.4000
1281,231989.4000
1282,231989.4000
1283,231989.4000
1284,231989.4000
1285,231989.4000
1286,231989.4000
1287,231989.4000
1288,231989.4000
1289,231989.4000
1290,231989.4000
1291,231989.4000
1292,231989.4000
1293,231989.4000
1294,231989.4000
1295,231989.4000
1296,231989.4000
1297,231989.4000
1298,231989.4000
1299,231989.4000
1300,231989.4000
1301,231989.4000
1302,231989.4000
1303,231989.4000
1304,231989.4000
1305,231989.4000
1306,231989.4000
1307,231989.4000
1308,231989.4000
1309,231989.4000
1310,231989.4000
1311,231989.4000
1312,231989.4000
1313,231989.4000
1314,231989.4000
1315,231989.4000
1316,231989.4000
1317,231989.4000
1318,231989.4000
1319,231989.4000
1320,231989.4000
1321,231989.4000
1322,231989.4000
1323,231989.4000
1324,231989.4000
1325,231989.4000
1326,231989.4000
1327,231989.4000
1328,231989.4000
1329,231989.4000
1330,231989.4000
1331,231989.4000
1332,231989.4000
1333,231989.4000
1334,231989.4000
1335,231989.4000
1336,231989.4000
1337,231989.4000
1338,231989.4000
1339,231989.4000
1340,231989.4000
1341,231989.4000
1342,231989.4000
1343,231989.4000
1344,231989.4000
1345,231989.4000
1346,231989.4000
1347,231989.4000
1348,231989.4000
1349,231989.4000
1350,231989.4000
1351,231989.4000
1352,231989.4000
1353,231989.4000
1354,231989.4000
1355,231989.4000
1356,231989.4000
1357,231989.4000
1358,231989.4000
1359,231989.4000
1360,231989.4000
1361,231989.4000
1362,231989.4000
1363,231989.4000
1364,231989.4000
1365,231989.4000
1366,231989.4000
1367,231989.4000
1368,231989.4000
1369,231989.4000
1370,231989.4000
1371,231989.4000
1372,231989.4000
1373,231989.4000
1374,231989.4000
1375,231989.4000
1376,231989.4000
1377,231989.4000
1378,231989.4000
1379,231989.4000
1380,231989.4000
1381,231989.4000
1382,231989.4000
1383,231989.4000
1384,231989.4000
1385,231989.4000
1386,231989.4000
1387,231989.4000
1388,231989.4000
1389,231989.4000
1390,231989.4000
1391,231989.4000
1392,231989.4000
1393,231989.4000
1394,231989.4000
1395,231989.4000
1396,231989.4000
1397,231989.4000
1398,231989.4000
1399,231989.4000
1400,231989.4000
1401,231989.4000
1402,231989.4000
1403,231989.4000
1404,231989.4000
1405,231989.4000
1406,231989.4000
1407,231989.4000
1408,231989.4000
1409,231989.4000
1410,231989.4000
1411,231989.4000
1412,231989.4000
1413,231989.4000
1414,231989.4000
1415,231989.4000
1416,231989.4000
1417,231989.4000
1418,231989.4000
1419,231989.4000
1420,231989.4000
1421,231989.4000
1422,231989.4000
1423,231989.4000
1424,231989.4000
1425,231989.4000
1426,231989.4000
1427,231989.4000
1428,231989.4000
1429,231989.4000
1430,231989.4000
1431,231989.4000
1432,231989.4000
1433,231989.4000
1434,231989.4000
1435,231989.4000
1436,231989.4000
1437,231989.4000
1438,231989.4000
1439,231989.4000
1440,231989.4000
1441,231989.4000
1442,231989.4000
1443,231989.4000
1444,231989.4000
1445,231989.4000
1446,231989.4000
1447,231989.4000
1448,231989.4000
1449,231989.4000
1450,231989.4000
1451,231989.4000
1452,231989.4000
1453,231989.4000
1454,231989.4000
1455,231989.4000
1456,231989.4000
1457,231989.4000
1458,231989.4000
1459,231989.4000
1460,231989.4000
1461,231989.4000
1462,231989.4000
1463,231989.4000
1464,231989.4000
1465,231989.4000
1466,231989.4000
1467,231989.4000
1468,231989.4000
1469,231989.4000
1470,231989.4000
1471,231989.4000
1472,231989.4000
1473,231989.4000
1474,231989.4000
1475,231989.4000
1476,231989.4000
1477,231989.4000
1478,231989.4000
1479,231989.4000
1480,231989.4000
1481,231989.4000
1482,231989.4000
1483,231989.4000
1484,231989.4000
1485,231989.4000
1486,231989.4000
1487,231989.4000
1488,231989.4000
1489,231989.4000
1490,231989.4000
1491,231989.4000
1492,231989.4000
1493,231989.4000
1494,231989.4000
1495,231989.4000
1496,231989.4000
1497,231989.4000
1498,231989.4000
1499,231989.4000
1500,231989.4000
1501,231989.4000
1502,231989.4000
1503,231989.4000
1504,231989.4000
1505,231989.4000
1506,231989.4000
1507,231989.4000
1508,231989.4000
1509,231989.4000
1510,231989.4000
1511,231989.4000
1512,231989.4000
1513,231989.4000
1514,231989.4000
1515,231989.4000
1516,231989.4000
1517,231989.4000
1518,231989.4000
1519,231989.4000
1520,231989.4000
1521,231989.4000
1522,231989.4000
1523,231989.4000
1524,231989.4000
1525,231989.4000
1526,231989.4000
1527,231989.4000
1528,231989.4000
1529,231989.4000
1530,231989.4000
1531,231989.4000
1532,231989.4000
1533,231989.4000
1534,231989.4000
1535,231989.4000
1536,231989.4000
1537,231989.4000
1538,231989.4000
1539,231989.4000
1540,231989.4000
1541,231989.4000
1542,231989.4000
1543,231989.4000
1544,231989.4000
1545,231989.4000
1546,231989.4000
1547,231989.4000
1548,231989.4000
1549,231989.4000
1550,231989.4000
1551,231989.4000
1552,231989.4000
1553,231989.4000
1554,231989.4000
1555,231989.4000
1556,231989.4000
1557,231989.4000
1558,231989.4000
1559,231989.4000
1560,231989.4000
1561,231989.4000
1562,231989.4000
1563,231989.4000
1564,231989.4000
1565,231989.4000
1566,231989.4000
1567,231989.4000
1568,231989.4000
1569,231989.4000
1570,231989.4000
1571,231989.4000
1572,231989.4000
1573,231989.4000
1574,231989.4000
1575,231989.4000
1576,231989.4000
1577,231989.4000
1578,231989.4000
1579,231989.4000
1580,231989.4000
1581,231989.4000
1582,231989.4000
1583,231989.4000
1584,231989.4000
1585,231989.4000
1586,231989.4000
1587,231989.4000
1588,231989.4000
1589,231989.4000
1590,231989.4000
1591,231989.4000
1592,231989.4000
1593,231989.4000
1594,231989.4000
1595,231989.4000
1596,231989.4000
1597,231989.4000
1598,231989.4000
1599,231989.4000
1600,231989.4000
1601,231989.4000
1602,231989.4000
1603,231989.4000
1604,231989.4000
1605,231989.4000
1606,231989.4000
1607,231989.4000
1608,231989.4000
1609,231989.4000
1610,231989.4000
1611,231989.4000
1612,231989.4000
1613,231989.4000
1614,231989.4000
1615,231989.4000
1616,231989.4000
1617,231989.4000
1618,231989.4000
1619,231989.4000
1620,231989.4000
1621,231989.4000
1622,231989.4000
1623,231989.4000
1624,231989.4000
1625,231989.4000
1626,231989.4000
1627,231989.4000
1628,231989.4000
1629,231989.4000
1630,231989.4000
1631,231989.4000
1632,231989.4000
1633,231989.4000
1634,231989.4000
1635,231989.4000
1636,231989.4000
1637,231989.4000
1638,231989.4000
1639,231989.4000
1640,231989.4000
1641,231989.4000
1642,231989.4000
1643,231989.4000
1644,231989.4000
1645,231989.4000
1646,231989.4000
1647,231989.4000
1648,231989.4000
1649,231989.4000
1650,231989.4000
1651,231989.4000
1652,231989.4000
1653,231989.4000
1654,231989.4000
1655,231989.4000
1656,231989.4000
1657,231989.4000
1658,231989.4000
1659,231989.4000
1660,231989.4000
1661,231989.4000
1662,231989.4000
1663,231989.4000
1664,231989.4000
1665,231989.4000
1666,231989.4000
1667,231989.4000
1668,231989.4000
1669,231989.4000
1670,231989.4000
1671,231989.4000
1672,231989.4000
1673,231989.4000
1674,231989.4000
1675,231989.4000
1676,231989.4000
1677,231989.4000
1678,231989.4000
1679,231989.4000
1680,231989.4000
1681,231989.4000
1682,231989.4000
1683,231989.4000
1684,231989.4000
1685,231989.4000
1686,231989.4000
1687,231989.4000
1688,231989.4000
1689,231989.4000
1690,231989.4000
1691,231989.4000
1692,231989.4000
1693,231989.4000
1694,231989.4000
1695,231989.4000
1696,231989.4000
1697,231989.4000
1698,231989.4000
1699,231989.4000
1700,231989.4000
1701,231989.4000
1702,231989.4000
1703,231989.4000
1704,231989.4000
1705,231989.4000
1706,231989.4000
1707,231989.4000
1708,231989.4000
1709,231989.4000
1710,231989.4000
1711,231989.4000
1712,231989.4000
1713,231989.4000
1714,231989.4000
1715,231989.4000
1716,231989.4000
1717,231989.4000
1718,231989.4000
1719,231989.4000
1720,231989.4000
1721,231989.4000
1722,231989.4000
1723,231989.4000
1724,231989.4000
1725,231989.4000
1726,231989.4000
1727,231989.4000
1728,231989.4000
1729,231989.4000
1730,231989.4000
1731,231989.4000
1732,231989.4000
1733,231989.4000
1734,231989.4000
1735,231989.4000
1736,231989.4000
1737,231989.4000
1738,231989.4000
1739,231989.4000
1740,231989.4000
1741,231989.4000
1742,231989.4000
1743,231989.4000
1744,231989.4000
1745,231989.4000
1746,231989.4000
1747,231989.4000
1748,231989.4000
1749,231989.4000
1750,231989.4000
1751,231989.4000
1752,231989.4000
1753,231989.4000
1754,231989.4000
1755,231989.4000
1756,231989.4000
1757,231989.4000
1758,231989.4000
1759,231989.4000
1760,231989.4000
1761,231989.4000
1762,231989.4000
1763,231989.4000
1764,231989.4000
1765,231989.4000
1766,231989.4000
1767,231989.4000
1768,231989.4000
1769,231989.4000
1770,231989.4000
1771,231989.4000
1772,231989.4000
1773,231989.4000
1774,231989.4000
1775,231989.4000
1776,231989.4000
1777,231989.4000
1778,231989.4000
1779,231989.4000
1780,231989.4000
1781,231989.4000
1782,231989.4000
1783,231989.4000
1784,231989.4000
1785,231989.4000
1786,231989.4000
1787,231989.4000
1788,231989.4000
1789,231989.4000
1790,231989.4000
1791,231989.4000
1792,231989.4000
1793,231989.4000
1794,231989.4000
1795,231989.4000
1796,231989.4000
1797,231989.4000
1798,231989.4000
1799,231989.4000
1800,231989.4000
1801,231989.4000
1802,231989.4000
1803,231989.4000
1804,231989.4000
1805,231989.4000
1806,231989.4000
1807,231989.4000
1808,231989.4000
1809,231989.4000
1810,231989.4000
1811,231989.4000
1812,231989.4000
1813,231989.4000
1814,231989.4000
1815,231989.4000
1816,231989.4000
1817,231989.4000
1818,231989.4000
1819,231989.4000
1820,231989.4000
1821,231989.4000
1822,231989.4000
1823,231989.4000
1824,231989.4000
1825,231989.4000
1826,231989.4000
1827,231989.4000
1828,231989.4000
1829,231989.4000
1830,231989.4000
1831,231989.4000
1832,231989.4000
1833,231989.4000
1834,231989.4000
1835,231989.4000
1836,231989.4000
1837,231989.4000
1838,231989.4000
1839,231989.4000
1840,231989.4000
1841,231989.4000
1842,231989.4000
1843,231989.4000
1844,231989.4000
1845,231989.4000
1846,231989.4000
1847,231989.4000
1848,231989.4000
1849,231989.4000
1850,231989.4000
1851,231989.4000
1852,231989.4000
1853,231989.4000
1854,231989.4000
1855,231989.4000
1856,231989.4000
1857,231989.4000
1858,231989.4000
1859,231989.4000
1860,231989.4000
1861,231989.4000
1862,231989.4000
1863,231989.4000
1864,231989.4000
1865,231989.4000
1866,231989.4000
1867,231989.4000
1868,231989.4000
1869,231989.4000
1870,231989.4000
1871,231989.4000
1872,231989.4000
1873,231989.4000
1874,231989.4000
1875,231989.4000
1876,231989.4000
1877,231989.4000
1878,231989.4000
1879,231989.4000
1880,231989.4000
1881,231989.4000
1882,231989.4000
1883,231989.4000
1884,231989.4000
1885,231989.4000
1886,231989.4000
1887,231989.4000
1888,231989.4000
1889,231989.4000
1890,231989.4000
1891,231989.4000
1892,231989.4000
1893,231989.4000
1894,231989.4000
1895,231989.4000
1896,231989.4000
1897,231989.4000
1898,231989.4000
1899,231989.4000
1900,231989.4000
1901,231989.4000
1902,231989.4000
1903,231989.4000
1904,231989.4000
1905,231989.4000
1906,231989.4000
1907,231989.4000
1908,231989.4000
1909,231989.4000
1910,231989.4000
1911,231989.4000
1912,231989.4000
1913,231989.4000
1914,231989.4000
1915,231989.4000
1916,231989.4000
1917,231989.4000
1918,231989.4000
1919,231989.4000
1920,231989.4000
1921,231989.4000
1922,231989.4000
1923,231989.4000
1924,231989.4000
1925,231989.4000
1926,231989.4000
1927,231989.4000
1928,231989.4000
1929,231989.4000
1930,231989.4000
1931,231989.4000
1932,231989.4000
1933,231989.4000
1934,231989.4000
1935,231989.4000
1936,231989.4000
1937,231989.4000
1938,231989.4000
1939,231989.4000
1940,231989.4000
1941,231989.4000
1942,231989.4000
1943,231989.4000
1944,231989.4000
1945,231989.4000
1946,231989.4000
1947,231989.4000
1948,231989.4000
1949,231989.4000
1950,231989.4000
1951,231989.4000
1952,231989.4000
1953,231989.4000
1954,231989.4000
1955,231989.4000
1956,231989.4000
1957,231989.4000
1958,231989.4000
1959,231989.4000
1960,231989.4000
1961,231989.4000
1962,231989.4000
1963,231989.4000
1964,231989.4000
1965,231989.4000
1966,231989.4000
1967,231989.4000
1968,231989.4000
1969,231989.4000
1970,231989.4000
1971,231989.4000
1972,231989.4000
1973,231989.4000
1974,231989.4000
1975,231989.4000
1976,231989.4000
1977,231989.4000
1978,231989.4000
1979,231989.4000
1980,231989.4000
1981,231989.4000
1982,231989.4000
1983,231989.4000
1984,231989.4000
1985,231989.4000
1986,231989.4000
1987,231989.4000
1988,231989.4000
1989,231989.4000
1990,231989.4000
1991,231989.4000
1992,231989.4000
1993,231989.4000
1994,231989.4000
1995,231989.4000
1996,231989.4000
1997,231989.4000
1998,231989.4000
1999,231989.4000
2000,231989.4000
2001,231989.4000
2002,231989.4000
2003,231989.4000
2004,231989.4000
2005,231989.4000
2006,231989.4000
2007,231989.4000
2008,231989.4000
2009,231989.4000
2010,231989.4000
2011,231989.4000
2012,231989.4000
2013,231989.4000
2014,231989.4000
2015,231989.4000
2016,231989.4000
2017,231989.4000
2018,231989.4000
2019,231989.4000
2020,231989.4000
2021,231989.4000
2022,231989.4000
2023,231989.4000
2024,231989.4000
2025,231989.4000
2026,231989.4000
2027,231989.4000
2028,231989.4000
2029,231989.4000
2030,231989.4000
2031,231989.4000
2032,231989.4000
2033,231989.4000
2034,231989.4000
2035,231989.4000
2036,231989.4000
2037,231989.4000
2038,231989.4000
2039,231989.4000
2040,231989.4000
2041,231989.4000
2042,231989.4000
2043,231989.4000
2044,231989.4000
2045,231989.4000
2046,231989.4000
2047,231989.4000
2048,231989.4000
2049,231989.4000
2050,231989.4000
2051,231989.4000
2052,231989.4000
2053,231989.4000
2054,231989.4000
2055,231989.4000
2056,231989.4000
2057,231989.4000
2058,231989.4000
2059,231989.4000
2060,231989.4000
2061,231989.4000
2062,231989.4000
2063,231989.4000
2064,231989.4000
2065,231989.4000
2066,231989.4000
2067,231989.4000
2068,231989.4000
2069,231989.4000
2070,231989.4000
2071,231989.4000
2072,231989.4000
2073,231989.4000
2074,231989.4000
2075,231989.4000
2076,231989.4000
2077,231989.4000
2078,231989.4000
2079,231989.4000
2080,231989.4000
2081,231989.4000
2082,231989.4000
2083,231989.4000
2084,231989.4000
2085,231989.4000
2086,231989.4000
2087,231989.4000
2088,231989.4000
2089,231989.4000
2090,231989.4000
2091,231989.4000
2092,231989.4000
2093,231989.4000
2094,231989.4000
2095,231989.4000
2096,231989.4000
2097,231989.4000
2098,231989.4000
2099,231989.4000
2100,231989.4000
2101,231989.4000
2102,231989.4000
2103,231989.4000
2104,231989.4000
2105,231989.4000
2106,231989.4000
2107,231989.4000
2108,231989.4000
2109,231989.4000
2110,231989.4000
2111,231989.4000
2112,231989.4000
2113,231989.4000
2114,231989.4000
2115,231989.4000
2116,231989.4000
2117,231989.4000
2118,231989.4000
2119,231989.4000
2120,231989.4000
2121,231989.4000
2122,231989.4000
2123,231989.4000
2124,231989.4000
2125,231989.4000
2126,231989.4000
2127,231989.4000
2128,231989.4000
2129,231989.4000
2130,231989.4000
2131,231989.4000
2132,231989.4000
2133,231989.4000
2134,231989.4000
2135,231989.4000
2136,231989.4000
2137,231989.4000
2138,231989.4000
2139,231989.4000
2140,231989.4000
2141,231989.4000
2142,231989.4000
2143,231989.4000
2144,231989.4000
2145,231989.4000
2146,231989.4000
2147,231989.4000
2148,231989.4000
2149,231989.4000
2150,231989.4000
2151,231989.4000
2152,231989.4000
2153,231989.4000
2154,231989.4000
2155,231989.4000
2156,231989.4000
2157,231989.4000
2158,231989.4000
2159,231989.4000
2160,231989.4000
2161,231989.4000
2162,231989.4000
2163,231989.4000
2164,231989.4000
2165,231989.4000
2166,231989.4000
2167,231989.4000
2168,231989.4000
2169,231989.4000
2170,231989.4000
2171,231989.4000
2172,231989.4000
2173,231989.4000
2174,231989.4000
2175,231989.4000
2176,231989.4000
2177,231989.4000
2178,231989.4000
2179,231989.4000
2180,231989.4000
2181,231989.4000
2182,231989.4000
2183,231989.4000
2184,231989.4000
2185,231989.4000
2186,231989.4000
2187,231989.4000
2188,231989.4000
2189,231989.4000
2190,231989.4000
2191,231989.4000
2192,231989.4000
2193,231989.4000
2194,231989.4000
2195,231989.4000
2196,231989.4000
2197,231989.4000
2198,231989.4000
2199,231989.4000
2200,231989.4000
2201,231989.4000
2202,231989.4000
2203,231989.4000
2204,231989.4000
2205,231989.4000
2206,231989.4000
2207,231989.4000
2208,231989.4000
2209,231989.4000
2210,231989.4000
2211,231989.4000
2212,231989.4000
2213,231989.4000
2214,231989.4000
2215,231989.4000
2216,231989.4000
2217,231989.4000
2218,231989.4000
2219,231989.4000
2220,231989.4000
2221,231989.4000
2222,231989.4000
2223,231989.4000
2224,231989.4000
2225,231989.4000
2226,231989.4000
2227,231989.4000
2228,231989.4000
2229,231989.4000
2230,231989.4000
2231,231989.4000
2232,231989.4000
2233,231989.4000
2234,231989.4000
2235,231989.4000
2236,231989.4000
2237,231989.4000
2238,231989.4000
2239,231989.4000
2240,230744.4000
2241,230744.4000
2242,230744.4000
2243,230744.4000
2244,230744.4000
2245,230744.4000
2246,230744.4000
2247,230744.4000
2248,230744.4000
2249,230744.4000
2250,230744.4000
2251,230744.4000
2252,230744.4000
2253,230744.4000
2254,230744.4000
2255,230744.4000
2256,230744.4000
2257,230744.4000
2258,230744.4000
2259,230744.4000
2260,230744.4000
2261,230744.4000
2262,230744.4000
2263,230744.4000
2264,230744.4000
2265,230744.4000
2266,230744.4000
2267,230744.4000
2268,230744.4000
2269,230744.4000
2270,230744.4000
2271,230744.4000
2272,230744.4000
2273,230744.4000
2274,230744.4000
2275,230744.4000
2276,230744.4000
2277,230744.4000
2278,230744.4000
2279,230744.4000
2280,230744.4000
2281,230744.4000
2282,230744.4000
2283,230744.4000
2284,230744.4000
2285,230744.4000
2286,230744.4000
2287,230744.4000
2288,230744.4000
2289,230744.4000
2290,230744.4000
2291,230744.4000
2292,230744.4000
2293,230744.4000
2294,230744.4000
2295,230744.4000
2296,230744.4000
2297,230744.4000
2298,230744.4000
2299,230744.4000
2300,230744.4000
2301,230744.4000
2302,230744.4000
2303,230744.4000
2304,230744.4000
2305,230744.4000
2306,230744.4000
2307,230744.4000
2308,230744.4000
2309,230744.4000
2310,230744.4000
2311,230744.4000
2312,230744.4000
2313,230744.4000
2314,230744.4000
2315,230744.4000
2316,230744.4000
2317,230744.4000
2318,230744.4000
2319,230744.4000
2320,230744.4000
2321,230744.4000
2322,230744.4000
2323,230744.4000
2324,230744.4000
2325,230744.4000
2326,230744.4000
2327,230744.4000
2328,230744.4000
2329,230744.4000
2330,230744.4000
2331,230744.4000
2332,230744.4000
2333,230744.4000
2334,230744.4000
2335,230744.4000
2336,230744.4000
2337,230744.4000
2338,230744.4000
2339,230744.4000
2340,230744.4000
2341,230744.4000
2342,230744.4000
2343,230744.4000
2344,230744.4000
2345,230744.4000
2346,230744.4000
2347,230744.4000
2348,230744.4000
2349,230744.4000
2350,230744.4000
2351,230744.4000
2352,230744.4000
2353,230744.4000
2354,230744.4000
2355,230744.4000
2356,230744.4000
2357,230744.4000
2358,230744.4000
2359,230744.4000
2360,230744.4000
2361,230744.4000
2362,230744.4000
2363,230744.4000
2364,230744.4000
2365,230744.4000
2366,230744.4000
2367,230744.4000
2368,230744.4000
2369,230744.4000
2370,230744.4000
2371,230744.4000
2372,230744.4000
2373,230744.4000
2374,230744.4000
2375,230744.4000
2376,230744.4000
2377,230744.4000
2378,230744.4000
2379,230744.4000
2380,230744.4000
2381,230744.4000
2382,230744.4000
2383,230744.4000
2384,230744.4000
2385,230744.4000
2386,230744.4000
2387,230744.4000
2388,230744.4000
2389,230744.4000
2390,230744.4000
2391,230744.4000
2392,230744.4000
2393,230744.4000
2394,230744.4000
2395,230744.4000
2396,230744.4000
2397,230744.4000
2398,230744.4000
2399,230744.4000
2400,230744.4000
2401,230744.4000
2402,230744.4000
2403,230744.4000
2404,230744.4000
2405,230744.4000
2406,230744.4000
2407,230744.4000
2408,230744.4000
2409,230744.4000
2410,230744.4000
2411,230744.4000
2412,230744.4000
2413,230744.4000
2414,230744.4000
2415,230744.4000
2416,230744.4000
2417,230744.4000
2418,230744.4000
2419,230744.4000
2420,230744.4000
2421,230744.4000
2422,230744.4000
2423,230744.4000
2424,230744.4000
2425,230744.4000
2426,230744.4000
2427,230744.4000
2428,230744.4000
2429,230744.4000
2430,230744.4000
2431,230744.4000
2432,230744.4000
2433,230744.4000
2434,230744.4000
2435,230744.4000
2436,230744.4000
2437,230744.4000
2438,230744.4000
2439,230744.4000
2440,230744.4000
2441,230744.4000
2442,230744.4000
2443,230744.4000
2444,230744.4000
2445,230744.4000
2446,230744.4000
2447,230744.4000
2448,230744.4000
2449,230744.4000
2450,230744.4000
2451,230744.4000
2452,230744.4000
2453,230744.4000
2454,230744.4000
2455,230744.4000
2456,230744.4000
2457,230744.4000
2458,230744.4000
2459,230744.4000
2460,230744.4000
2461,230744.4000
2462,230744.4000
2463,230744.4000
2464,230744.4000
2465,230744.4000
2466,230744.4000
2467,230744.4000
2468,230744.4000
2469,230744.4000
2470,230744.4000
2471,230744.4000
2472,230744.4000
2473,230744.4000
2474,230744.4000
2475,230744.4000
2476,230744.4000
2477,230744.4000
2478,230744.4000
2479,230744.4000
2480,230744.4000
2481,230744.4000
2482,230744.4000
2483,230744.4000
2484,230744.4000
2485,230744.4000
2486,230744.4000
2487,230744.4000
2488,230744.4000
2489,230744.4000
2490,230744.4000
2491,230744.4000
2492,230744.4000
2493,230744.4000
2494,230744.4000
2495,230744.4000
2496,230744.4000
2497,230744.4000
2498,230744.4000
2499,230744.4000
2500,230744.4000
2501,230744.4000
2502,230744.4000
2503,230744.4000
2504,230744.4000
2505,230744.4000
2506,230744.4000
2507,230744.4000
2508,230744.4000
2509,230744.4000
2510,230744.4000
2511,230744.4000
2512,230744.4000
2513,230744.4000
2514,230744.4000
2515,230744.4000
2516,230744.4000
2517,230744.4000
2518,230744.4000
2519,230744.4000
2520,230744.4000
2521,230744.4000
2522,230744.4000
2523,230744.4000
2524,230744.4000
2525,230744.4000
2526,230744.4000
2527,230744.4000
2528,230744.4000
2529,230744.4000
2530,230744.4000
2531,230744.4000
2532,230744.4000
2533,230744.4000
2534,230744.4000
2535,230744.4000
2536,230744.4000
2537,230744.4000
2538,230744.4000
2539,230744.4000
2540,230744.4000
2541,230744.4000
2542,230744.4000
2543,230744.4000
2544,230744.4000
2545,230744.4000
2546,230744.4000
2547,230744.4000
2548,230744.4000
2549,230744.4000
2550,230744.4000
2551,230744.4000
2552,230744.4000
2553,230744.4000
2554,230744.4000
2555,230744.4000
2556,230744.4000
2557,230744.4000
2558,230744.4000
2559,230744.4000
2560,230744.4000
2561,230744.4000
2562,230744.4000
2563,230744.4000
2564,230744.4000
2565,230744.4000
2566,230744.4000
2567,230744.4000
2568,230744.4000
2569,230744.4000
2570,230744.4000
2571,230744.4000
2572,230744.4000
2573,230744.4000
2574,230744.4000
2575,230744.4000
2576,230744.4000
2577,230744.4000
2578,230744.4000
2579,230744.4000
2580,230744.4000
2581,230744.4000
2582,230744.4000
2583,230744.4000
2584,230744.4000
2585,230744.4000
2586,230744.4000
2587,230744.4000
2588,230744.4000
2589,230744.4000
2590,230744.4000
2591,230744.4000
2592,230744.4000
2593,230744.4000
2594,230744.4000
2595,230744.4000
2596,230744.4000
2597,230744.4000
2598,230744.4000
2599,230744.4000
2600,230744.4000
2601,230744.4000
2602,230744.4000
2603,230744.4000
2604,230744.4000
2605,230744.4000
2606,230744.4000
2607,230744.4000
2608,230744.4000
2609,230744.4000
2610,230744.4000
2611,230744.4000
2612,230744.4000
2613,230744.4000
2614,230744.4000
2615,230744.4000
2616,230744.4000
2617,230744.4000
2618,230744.4000
2619,230744.4000
2620,230744.4000
2621,230744.4000
2622,230744.4000
2623,230744.4000
2624,230744.4000
2625,230744.4000
2626,230744.4000
2627,230744.4000
2628,230744.4000
2629,230744.4000
2630,230744.4000
2631,230744.4000
2632,230744.4000
2633,230744.4000
2634,230744.4000
2635,230744.4000
2636,230744.4000
2637,230744.4000
2638,230744.4000
2639,230744.4000
2640,230744.4000
2641,230744.4000
2642,230744.4000
2643,230744.4000
2644,230744.4000
2645,230744.4000
2646,230744.4000
2647,230744.4000
2648,230744.4000
2649,230744.4000
2650,230744.4000
2651,230744.4000
2652,230744.4000
2653,230744.4000
2654,230744.4000
2655,230744.4000
2656,230744.4000
2657,230744.4000
2658,230744.4000
2659,230744.4000
2660,230744.4000
2661,230744.4000
2662,230744.4000
2663,230744.4000
2664,230744.4000
2665,230744.4000
2666,230744.4000
2667,230744.4000
2668,230744.4000
2669,230744.4000
2670,230744.4000
2671,230744.4000
2672,230744.4000
2673,230744.4000
2674,230744.4000
2675,230744.4000
2676,230744.4000
2677,230744.4000
2678,230744.4000
2679,230744.4000
2680,230744.4000
2681,230744.4000
2682,230744.4000
2683,230744.4000
2684,230744.4000
2685,230744.4000
2686,230744.4000
2687,230744.4000
2688,230744.4000
2689,230744.4000
2690,230744.4000
2691,230744.4000
2692,230744.4000
2693,230744.4000
2694,230744.4000
2695,230744.4000
2696,230744.4000
2697,230744.4000
2698,230744.4000
2699,230744.4000
2700,230744.4000
2701,230744.4000
2702,230744.4000
2703,230744.4000
2704,230744.4000
2705,230744.4000
2706,230744.4000
2707,230744.4000
2708,230744.4000
2709,230744.4000
2710,230744.4000
2711,230744.4000
2712,230744.4000
2713,230744.4000
2714,230744.4000
2715,230744.4000
2716,230744.4000
2717,230744.4000
2718,230744.4000
2719,230744.4000
2720,230744.4000
2721,230744.4000
2722,230744.4000
2723,230744.4000
2724,230744.4000
2725,230744.4000
2726,230744.4000
2727,230744.4000
2728,230744.4000
2729,230744.4000
2730,230744.4000
2731,230744.4000
2732,230744.4000
2733,230744.4000
2734,230744.4000
2735,230744.4000
2736,230744.4000
2737,230744.4000
2738,230744.4000
2739,230744.4000
2740,230744.4000
2741,230744.4000
2742,230744.4000
2743,230744.4000
2744,230744.4000
2745,230744.4000
2746,230744.4000
2747,230744.4000
2748,230744.4000
2749,230744.4000
2750,230744.4000
2751,230744.4000
2752,230744.4000
2753,230744.4000
2754,230744.4000
2755,230744.4000
2756,230744.4000
2757,230744.4000
2758,230744.4000
2759,230744.4000
2760,230744.4000
2761,230744.4000
2762,230744.4000
2763,230744.4000
2764,230744.4000
2765,230744.4000
2766,230744.4000
2767,230744.4000
2768,230744.4000
2769,230744.4000
2770,230744.4000
2771,230744.4000
2772,230744.4000
2773,230744.4000
2774,230744.4000
2775,230744.4000
2776,230744.4000
2777,230744.4000
2778,230744.4000
2779,230744.4000
2780,230744.4000
2781,230744.4000
2782,230744.4000
2783,230744.4000
2784,230744.4000
2785,230744.4000
2786,230744.4000
2787,230744.4000
2788,230744.4000
2789,230744.4000
2790,230744.4000
2791,230744.4000
2792,230744.4000
2793,230744.4000
2794,230744.4000
2795,230744.4000
2796,230744.4000
2797,230744.4000
2798,230744.4000
2799,230744.4000
2800,230744.4000
2801,230744.4000
2802,230744.4000
2803,230744.4000
2804,230744.4000
2805,230744.4000
2806,230744.4000
2807,230744.4000
2808,230744.4000
2809,230744.4000
2810,230744.4000
2811,230744.4000
2812,230744.4000
2813,230744.4000
2814,230744.4000
2815,230744.4000
2816,230744.4000
2817,230744.4000
2818,230744.4000
2819,230744.4000
2820,230744.4000
2821,230744.4000
2822,230744.4000
2823,230744.4000
2824,230744.4000
2825,230744.4000
2826,230744.4000
2827,230744.4000
2828,230744.4000
2829,230744.4000
2830,230744.4000
2831,230744.4000
2832,230744.4000
2833,230744.4000
2834,230744.4000
2835,230744.4000
2836,230744.4000
2837,230744.4000
2838,230744.4000
2839,230744.4000
2840,230744.4000
2841,230744.4000
2842,230744.4000
2843,230744.4000
2844,230744.4000
2845,230744.4000
2846,230744.4000
2847,230744.4000
2848,230744.4000
2849,230744.4000
2850,230744.4000
2851,230744.4000
2852,230744.4000
2853,230744.4000
2854,230744.4000
2855,230744.4000
2856,230744.4000
2857,230744.4000
2858,230744.4000
2859,230744.4000
2860,230744.4000
2861,230744.4000
2862,230744.4000
2863,230744.4000
2864,230744.4000
2865,230744.4000
2866,230744.4000
2867,230744.4000
2868,230744.4000
2869,230744.4000
2870,230744.4000
2871,230744.4000
2872,230744.4000
2873,230744.4000
2874,230744.4000
2875,230744.4000
2876,230744.4000
2877,230744.4000
2878,230744.4000
2879,230744.4000
2880,230744.4000
2881,230744.4000
2882,230744.4000
2883,230744.4000
2884,230744.4000
2885,230744.4000
2886,230744.4000
2887,230744.4000
2888,230744.4000
2889,230744.4000
2890,230744.4000
2891,230744.4000
2892,230744.4000
2893,230744.4000
2894,230744.4000
2895,230744.4000
2896,230744.4000
2897,230744.4000
2898,230744.4000
2899,230744.4000
2900,230744.4000
2901,230744.4000
2902,230744.4000
2903,230744.4000
2904,230744.4000
2905,230744.4000
2906,230744.4000
2907,230744.4000
2908,230744.4000
2909,230744.4000
2910,230744.4000
2911,230744.4000
2912,230744.4000
2913,230744.4000
2914,230744.4000
2915,230744.4000
2916,230744.4000
2917,230744.4000
2918,230744.4000
2919,230744.4000
2920,230744.4000
2921,230744.4000
2922,230744.4000
2923,230744.4000
2924,230744.4000
2925,230744.4000
2926,230744.4000
2927,230744.4000
2928,230744.4000
2929,230744.4000
2930,230744.4000
2931,230744.4000
2932,230744.4000
2933,230744.4000
2934,230744.4000
2935,230744.4000
2936,230744.4000
2937,230744.4000
2938,230744.4000
2939,230744.4000
2940,230744.4000
2941,230744.4000
2942,230744.4000
2943,230744.4000
2944,230744.4000
2945,230744.4000
2946,230744.4000
2947,230744.4000
2948,230744.4000
2949,230744.4000
2950,230744.4000
2951,230744.4000
2952,230744.4000
2953,230744.4000
2954,230744.4000
2955,230744.4000
2956,230744.4000
2957,230744.4000
2958,230744.4000
2959,230744.4000
2960,230744.4000
2961,230744.4000
2962,230744.4000
2963,230744.4000
2964,230744.4000
2965,230744.4000
2966,230744.4000
2967,230744.4000
2968,230744.4000
2969,230744.4000
2970,230744.4000
2971,230744.4000
2972,230744.4000
2973,230744.4000
2974,230744.4000
2975,230744.4000
2976,230744.4000
2977,230744.4000
2978,230744.4000
2979,230744.4000
2980,230744.4000
2981,230744.4000
2982,230744.4000
2983,230744.4000
2984,230744.4000
2985,230744.4000
2986,230744.4000
2987,230744.4000
2988,230744.4000
2989,230744.4000
2990,230744.4000
2991,230744.4000
2992,230744.4000
2993,230744.4000
2994,230744.4000
2995,230744.4000
2996,230744.4000
2997,230744.4000
2998,230744.4000
2999,230744.4000
3000,230744.4000
3001,230744.4000
3002,230744.4000
3003,230744.4000
3004,230744.4000
3005,230744.4000
3006,230744.4000
3007,230744.4000
3008,230744.4000
3009,230744.4000
3010,230744.4000
3011,230744.4000
3012,230744.4000
3013,230744.4000
3014,230744.4000
3015,230744.4000
3016,230744.4000
3017,230744.4000
3018,230744.4000
3019,230744.4000
3020,230744.4000
3021,230744.4000
3022,230744.4000
3023,230744.4000
3024,230744.4000
3025,230744.4000
3026,230744.4000
3027,230744.4000
3028,230744.4000
3029,230744.4000
3030,230744.4000
3031,230744.4000
3032,230744.4000
3033,230744.4000
3034,230744.4000
3035,230744.4000
3036,230744.4000
3037,230744.4000
3038,230744.4000
3039,230744.4000
3040,230744.4000
3041,230744.4000
3042,230744.4000
3043,230744.4000
3044,230744.4000
3045,230744.4000
3046,230744.4000
3047,230744.4000
3048,230744.4000
3049,230744.4000
3050,230744.4000
3051,230744.4000
3052,230744.4000
3053,230744.4000
3054,230744.4000
3055,230744.4000
3056,230744.4000
3057,230744.4000
3058,230744.4000
3059,230744.4000
3060,230744.4000
3061,230744.4000
3062,230744.4000
3063,230744.4000
3064,230744.4000
3065,230744.4000
3066,230744.4000
3067,230744.4000
3068,230744.4000
3069,230744.4000
3070,230744.4000
3071,230744.4000
3072,230744.4000
3073,230744.4000
3074,230744.4000
3075,230744.4000
3076,230744.4000
3077,230744.4000
3078,230744.4000
3079,230744.4000
3080,230744.4000
3081,230744.4000
3082,230744.4000
3083,230744.4000
3084,230744.4000
3085,230744.4000
3086,230744.4000
3087,230744.4000
3088,230744.4000
3089,230744.4000
3090,230744.4000
3091,230744.4000
3092,230744.4000
3093,230744.4000
3094,230744.4000
3095,230744.4000
3096,230744.4000
3097,230744.4000
3098,230744.4000
3099,230744.4000
3100,230744.4000
3101,230744.4000
3102,230744.4000
3103,230744.4000
3104,230744.4000
3105,230744.4000
3106,230744.4000
3107,230744.4000
3108,230744.4000
3109,230744.4000
3110,230744.4000
3111,230744.4000
3112,230744.4000
3113,230744.4000
3114,230744.4000
3115,230744.4000
3116,230744.4000
3117,230744.4000
3118,230744.4000
3119,230744.4000
3120,230744.4000
3121,230744.4000
3122,230744.4000
3123,230744.4000
3124,230744.4000
3125,230744.4000
3126,230744.4000
3127,230744.4000
3128,230744.4000
3129,230744.4000
3130,230744.4000
3131,230744.4000
3132,230744.4000
3133,230744.4000
3134,230744.4000
3135,230744.4000
3136,230744.4000
3137,230744.4000
3138,230744.4000
3139,230744.4000
3140,230744.4000
3141,230744.4000
3142,230744.4000
3143,230744.4000
3144,230744.4000
3145,230744.4000
3146,230744.4000
3147,230744.4000
3148,230744.4000
3149,230744.4000
3150,230744.4000
3151,230744.4000
3152,230744.4000
3153,230744.4000
3154,230744.4000
3155,230744.4000
3156,230744.4000
3157,230744.4000
3158,230744.4000
3159,230744.4000
3160,230744.4000
3161,230744.4000
3162,230744.4000
3163,230744.4000
3164,230744.4000
3165,230744.4000
3166,230744.4000
3167,230744.4000
3168,230744.4000
3169,230744.4000
3170,230744.4000
3171,230744.4000
3172,230744.4000
3173,230744.4000
3174,230744.4000
3175,230744.4000
3176,230744.4000
3177,230744.4000
3178,230744.4000
3179,230744.4000
3180,230744.4000
3181,230744.4000
3182,230744.4000
3183,230744.4000
3184,230744.4000
3185,230744.4000
3186,230744.4000
3187,230744.4000
3188,230744.4000
3189,230744.4000
3190,230744.4000
3191,230744.4000
3192,230744.4000
3193,230744.4000
3194,230744.4000
3195,230744.4000
3196,230744.4000
3197,230744.4000
3198,230744.4000
3199,230744.4000
3200,230744.4000
3201,230744.4000
3202,230744.4000
3203,230744.4000
3204,230744.4000
3205,230744.4000
3206,230744.4000
3207,230744.4000
3208,230744.4000
3209,230744.4000
3210,230744.4000
3211,230744.4000
3212,230744.4000
3213,230744.4000
3214,230744.4000
3215,230744.4000
3216,230744.4000
3217,230744.4000
3218,230744.4000
3219,230744.4000
3220,230744.4000
3221,230744.4000
3222,230744.4000
3223,230744.4000
3224,230744.4000
3225,230744.4000
3226,230744.4000
3227,230744.4000
3228,230744.4000
3229,230744.4000
3230,230744.4000
3231,230744.4000
3232,230744.4000
3233,230744.4000
3234,230744.4000
3235,230744.4000
3236,230744.4000
3237,230744.4000
3238,230744.4000
3239,230744.4000
3240,230744.4000
3241,230744.4000
3242,230744.4000
3243,230744.4000
3244,230744.4000
3245,230744.4000
3246,230744.4000
3247,230744.4000
3248,230744.4000
3249,230744.4000
3250,230744.4000
3251,230744.4000
3252,230744.4000
3253,230744.4000
3254,230744.4000
3255,230744.4000
3256,230744.4000
3257,230744.4000
3258,230744.4000
3259,230744.4000
3260,230744.4000
3261,230744.4000
3262,230744.4000
3263,230744.4000
3264,230744.4000
3265,230744.4000
3266,230744.4000
3267,230744.4000
3268,230744.4000
3269,230744.4000
3270,230744.4000
3271,230744.4000
3272,230744.4000
3273,230744.4000
3274,230744.4000
3275,230744.4000
3276,230744.4000
3277,230744.4000
3278,230744.4000
3279,230744.4000
3280,230744.4000
3281,230744.4000
3282,230744.4000
3283,230744.4000
3284,230744.4000
3285,230744.4000
3286,230744.4000
3287,230744.4000
3288,230744.4000
3289,230744.4000
3290,230744.4000
3291,230744.4000
3292,230744.4000
3293,230744.4000
3294,230744.4000
3295,230744.4000
3296,230744.4000
3297,230744.4000
3298,230744.4000
3299,230744.4000
3300,230744.4000
3301,230744.4000
3302,230744.4000
3303,230744.4000
3304,230744.4000
3305,230744.4000
3306,230744.4000
3307,230744.4000
3308,230744.4000
3309,230744.4000
3310,230744.4000
3311,230744.4000
3312,230744.4000
3313,230744.4000
3314,230744.4000
3315,230744.4000
3316,230744.4000
3317,230744.4000
3318,230744.4000
3319,230744.4000
3320,230744.4000
3321,230744.4000
3322,230744.4000
3323,230744.4000
3324,230744.4000
3325,230744.4000
3326,230744.4000
3327,230744.4000
3328,230744.4000
3329,230744.4000
3330,230744.4000
3331,230744.4000
3332,230744.4000
3333,230744.4000
3334,230744.4000
3335,230744.4000
3336,230744.4000
3337,230744.4000
3338,230744.4000
3339,230744.4000
3340,230744.4000
3341,230744.4000
3342,230744.4000
3343,230744.4000
3344,230744.4000
3345,230744.4000
3346,230744.4000
3347,230744.4000
3348,230744.4000
3349,230744.4000
3350,230744.4000
3351,230744.4000
3352,230744.4000
3353,230744.4000
3354,230744.4000
3355,230744.4000
3356,230744.4000
3357,230744.4000
3358,230744.4000
3359,230744.4000
3360,230744.4000
3361,230744.4000
3362,230744.4000
3363,230744.4000
3364,230744.4000
3365,230744.4000
3366,230744.4000
3367,230744.4000
3368,230744.4000
3369,230744.4000
3370,230744.4000
3371,230744.4000
3372,230744.4000
3373,230744.4000
3374,230744.4000
3375,230744.4000
3376,230744.4000
3377,230744.4000
3378,230744.4000
3379,230744.4000
3380,230744.4000
3381,230744.4000
3382,230744.4000
3383,230744.4000
3384,230744.4000
3385,230744.4000
3386,230744.4000
3387,230744.4000
3388,230744.4000
3389,230744.4000
3390,230744.4000
3391,230744.4000
3392,230744.4000
3393,230744.4000
3394,230744.4000
3395,230744.4000
3396,230744.4000
3397,230744.4000
3398,230744.4000
3399,230744.4000
3400,230744.4000
3401,230744.4000
3402,230744.4000
3403,230744.4000
3404,230744.4000
3405,230744.4000
3406,230744.4000
3407,230744.4000
3408,230744.4000
3409,230744.4000
3410,230744.4000
3411,230744.4000
3412,230744.4000
3413,230744.4000
3414,230744.4000
3415,230744.4000
3416,230744.4000
3417,230744.4000
3418,230744.4000
3419,230744.4000
3420,230744.4000
3421,230744.4000
3422,230744.4000
3423,230744.4000
3424,230744.4000
3425,230744.4000
3426,230744.4000
3427,230744.4000
3428,230744.4000
3429,230744.4000
3430,230744.4000
3431,230744.4000
3432,230744.4000
3433,230744.4000
3434,230744.4000
3435,230744.4000
3436,230744.4000
3437,230744.4000
3438,230744.4000
3439,230744.4000
3440,230744.4000
3441,230744.4000
3442,230744.4000
3443,230744.4000
3444,230744.4000
3445,230744.4000
3446,230744.4000
3447,230744.4000
3448,230744.4000
3449,230744.4000
3450,230744.4000
3451,230744.4000
3452,230744.4000
3453,230744.4000
3454,230744.4000
3455,230744.4000
3456,230744.4000
3457,230744.4000
3458,230744.4000
3459,230744.4000
3460,230744.4000
3461,230744.4000
3462,230744.4000
3463,230744.4000
3464,230744.4000
3465,230744.4000
3466,230744.4000
3467,230744.4000
3468,230744.4000
3469,230744.4000
3470,230744.4000
3471,230744.4000
3472,230744.4000
3473,230744.4000
3474,230744.4000
3475,230744.4000
3476,230744.4000
3477,230744.4000
3478,230744.4000
3479,230744.4000
3480,230744.4000
3481,230744.4000
3482,230744.4000
3483,230744.4000
3484,230744.4000
3485,230744.4000
3486,230744.4000
3487,230744.4000
3488,230744.4000
3489,230744.4000
3490,230744.4000
3491,230744.4000
3492,230744.4000
3493,230744.4000
3494,230744.4000
3495,230744.4000
3496,230744.4000
3497,230744.4000
3498,230744.4000
3499,230744.4000
3500,230744.4000
3501,230744.4000
3502,230744.4000
3503,230744.4000
3504,230744.4000
3505,230744.4000
3506,230744.4000
3507,230744.4000
3508,230744.4000
3509,230744.4000
3510,230744.4000
3511,230744.4000
3512,230744.4000
3513,230744.4000
3514,230744.4000
3515,230744.4000
3516,230744.4000
3517,230744.4000
3518,230744.4000
3519,230744.4000
3520,230744.4000
3521,230744.4000
3522,230744.4000
3523,230744.4000
3524,230744.4000
3525,230744.4000
3526,230744.4000
3527,230744.4000
3528,230744.4000
3529,230744.4000
3530,230744.4000
3531,230744.4000
3532,230744.4000
3533,230744.4000
3534,230744.4000
3535,230744.4000
3536,230744.4000
3537,230744.4000
3538,230744.4000
3539,230744.4000
3540,230744.4000
3541,230744.4000
3542,230744.4000
3543,230744.4000
3544,230744.4000
3545,230744.4000
3546,230744.4000
3547,230744.4000
3548,230744.4000
3549,230744.4000
3550,230744.4000
3551,230744.4000
3552,230744.4000
3553,230744.4000
3554,230744.4000
3555,230744.4000
3556,230744.4000
3557,230744.4000
3558,230744.4000
3559,230744.4000
3560,230744.4000
3561,230744.4000
3562,230744.4000
3563,230744.4000
3564,230744.4000
3565,230744.4000
3566,230744.4000
3567,230744.4000
3568,230744.4000
3569,230744.4000
3570,228837.0000
3571,228837.0000
3572,228837.0000
3573,228837.0000
3574,228837.0000
3575,228837.0000
3576,228837.0000
3577,228837.0000
3578,228837.0000
3579,228837.0000
3580,228837.0000
3581,228837.0000
3582,228837.0000
3583,228837.0000
3584,228837.0000
3585,228837.0000
3586,228837.0000
3587,228837.0000
3588,228837.0000
3589,228837.0000
3590,228837.0000
3591,228837.0000
3592,228837.0000
3593,228837.0000
3594,228837.0000
3595,228837.0000
3596,228837.0000
3597,228837.0000
3598,228837.0000
3599,228837.0000
3600,228837.0000
3601,228837.0000
3602,228837.0000
3603,228837.0000
3604,228837.0000
3605,228837.0000
3606,228837.0000
3607,228837.0000
3608,228837.0000
3609,228837.0000
3610,228837.0000
3611,228837.0000
3612,228837.0000
3613,228837.0000
3614,228837.0000
3615,228837.0000
3616,228837.0000
3617,228837.0000
3618,228837.0000
3619,228837.0000
3620,228837.0000
3621,228837.0000
3622,228837.0000
3623,228837.0000
3624,228837.0000
3625,228837.0000
3626,228837.0000
3627,228837.0000
3628,228837.0000
3629,228837.0000
3630,228837.0000
3631,228837.0000
3632,228837.0000
3633,228837.0000
3634,228837.0000
3635,228837.0000
3636,228837.0000
3637,228837.0000
3638,228837.0000
3639,228837.0000
3640,228837.0000
3641,228837.0000
3642,228837.0000
3643,228837.0000
3644,228837.0000
3645,228837.0000
3646,228837.0000
3647,228837.0000
3648,228837.0000
3649,228837.0000
3650,228837.0000
3651,228837.0000
3652,228837.0000
3653,228837.0000
3654,228837.0000
3655,228837.0000
3656,228837.0000
3657,228837.0000
3658,228837.0000
3659,228837.0000
3660,228837.0000
3661,228837.0000
3662,228837.0000
3663,228837.0000
3664,228837.0000
3665,228837.0000
3666,228837.0000
3667,228837.0000
3668,228837.0000
3669,228837.0000
3670,228837.0000
3671,228837.0000
3672,228837.0000
3673,228837.0000
3674,228837.0000
3675,228837.0000
3676,228837.0000
3677,228837.0000
3678,228837.0000
3679,228837.0000
3680,228837.0000
3681,228837.0000
3682,228837.0000
3683,228837.0000
3684,228837.0000
3685,228837.0000
3686,228837.0000
3687,228837.0000
3688,228837.0000
3689,228837.0000
3690,228837.0000
3691,228837.0000
3692,228837.0000
3693,228837.0000
3694,228837.0000
3695,228837.0000
3696,228837.0000
3697,228837.0000
3698,228837.0000
3699,228837.0000
3700,228837.0000
3701,228837.0000
3702,228837.0000
3703,228837.0000
3704,228837.0000
3705,228837.0000
3706,228837.0000
3707,228837.0000
3708,228837.0000
3709,228837.0000
3710,228837.0000
3711,228837.0000
3712,228837.0000
3713,228837.0000
3714,228837.0000
3715,228837.0000
3716,228837.0000
3717,228837.0000
3718,228837.0000
3719,228837.0000
3720,228837.0000
3721,228837.0000
3722,228837.0000
3723,228837.0000
3724,228837.0000
3725,228837.0000
3726,228837.0000
3727,228837.0000
3728,228837.0000
3729,228837.0000
3730,228837.0000
3731,228837.0000
3732,228837.0000
3733,228837.0000
3734,228837.0000
3735,228837.0000
3736,228837.0000
3737,228837.0000
3738,228837.0000
3739,228837.0000
3740,228837.0000
3741,228837.0000
3742,228837.0000
3743,228837.0000
3744,228837.0000
3745,228837.0000
3746,228837.0000
3747,228837.0000
3748,228837.0000
3749,228837.0000
3750,228837.0000
3751,228837.0000
3752,228837.0000
3753,228837.0000
3754,228837.0000
3755,228837.0000
3756,228837.0000
3757,228837.0000
3758,228837.0000
3759,228837.0000
3760,228837.0000
3761,228837.0000
3762,228837.0000
3763,228837.0000
3764,228837.0000
3765,228837.0000
3766,228837.0000
3767,228837.0000
3768,228837.0000
3769,228837.0000
3770,228837.0000
3771,228837.0000
3772,228837.0000
3773,228837.0000
3774,228837.0000
3775,228837.0000
3776,228837.0000
3777,228837.0000
3778,228837.0000
3779,228837.0000
3780,228837.0000
3781,228837.0000
3782,228837.0000
3783,228837.0000
3784,228837.0000
3785,228837.0000
3786,228837.0000
3787,228837.0000
3788,228837.0000
3789,228837.0000
3790,228837.0000
3791,228837.0000
3792,228837.0000
3793,228837.0000
3794,228837.0000
3795,228837.0000
3796,228837.0000
3797,228837.0000
3798,228837.0000
3799,228837.0000
3800,228837.0000
3801,228837.0000
3802,228837.0000
3803,228837.0000
3804,228837.0000
3805,228837.0000
3806,228837.0000
3807,228837.0000
3808,228837.0000
3809,228837.0000
3810,228837.0000
3811,228837.0000
3812,228837.0000
3813,228837.0000
3814,228837.0000
3815,228837.0000
3816,228837.0000
3817,228837.0000
3818,228837.0000
3819,228837.0000
3820,228837.0000
3821,228837.0000
3822,228837.0000
3823,228837.0000
3824,228837.0000
3825,228837.0000
3826,228837.0000
3827,228837.0000
3828,228837.0000
3829,228837.0000
3830,228837.0000
3831,228837.0000
3832,228837.0000
3833,228837.0000
3834,228837.0000
3835,228837.0000
3836,228837.0000
3837,228837.0000
3838,228837.0000
3839,228837.0000
3840,228837.0000
3841,228837.0000
3842,228837.0000
3843,228837.0000
3844,228837.0000
3845,228837.0000
3846,228837.0000
3847,228837.0000
3848,228837.0000
3849,228837.0000
3850,228837.0000
3851,228837.0000
3852,228837.0000
3853,228837.0000
3854,228837.0000
3855,228837.0000
3856,228837.0000
3857,228837.0000
3858,228837.0000
3859,228837.0000
3860,228837.0000
3861,228837.0000
3862,228837.0000
3863,228837.0000
3864,228837.0000
3865,228837.0000
3866,228837.0000
3867,228837.0000
3868,228837.0000
3869,228837.0000
3870,228837.0000
3871,228837.0000
3872,228837.0000
3873,228837.0000
3874,228837.0000
3875,228837.0000
3876,228837.0000
3877,228837.0000
3878,228837.0000
3879,228837.0000
3880,228837.0000
3881,228837.0000
3882,228837.0000
3883,228837.0000
3884,228837.0000
3885,228837.0000
3886,228837.0000
3887,228837.0000
3888,228837.0000
3889,228837.0000
3890,228837.0000
3891,228837.0000
3892,228837.0000
3893,228837.0000
3894,228837.0000
3895,228837.0000
3896,228837.0000
3897,228837.0000
3898,228837.0000
3899,228837.0000
3900,228837.0000
3901,228837.0000
3902,228837.0000
3903,228837.0000
3904,228837.0000
3905,228837.0000
3906,228837.0000
3907,228837.0000
3908,228837.0000
3909,228837.0000
3910,228837.0000
3911,228837.0000
3912,228837.0000
3913,228837.0000
3914,228837.0000
3915,228837.0000
3916,228837.0000
3917,228837.0000
3918,228837.0000
3919,228837.0000
3920,228837.0000
3921,228837.0000
3922,228837.0000
3923,228837.0000
3924,228837.0000
3925,228837.0000
3926,228837.0000
3927,228837.0000
3928,228837.0000
3929,228837.0000
3930,228837.0000
3931,228837.0000
3932,228837.0000
3933,228837.0000
3934,228837.0000
3935,228837.0000
3936,228837.0000
3937,228837.0000
3938,228837.0000
3939,228837.0000
3940,228837.0000
3941,228837.0000
3942,228837.0000
3943,228837.0000
3944,228837.0000
3945,228837.0000
3946,228837.0000
3947,228837.0000
3948,228837.0000
3949,228837.0000
3950,228837.0000
3951,228837.0000
3952,228837.0000
3953,228837.0000
3954,228837.0000
3955,228837.0000
3956,228837.0000
3957,228837.0000
3958,228837.0000
3959,228837.0000
3960,228837.0000
3961,228837.0000
3962,228837.0000
3963,228837.0000
3964,228837.0000
3965,228837.0000
3966,228837.0000
3967,228837.0000
3968,228837.0000
3969,228837.0000
3970,228837.0000
3971,228837.0000
3972,228837.0000
3973,228837.0000
3974,228837.0000
3975,228837.0000
3976,228837.0000
3977,228837.0000
3978,228837.0000
3979,228837.0000
3980,228837.0000
3981,228837.0000
3982,228837.0000
3983,228837.0000
3984,228837.0000
3985,228837.0000
3986,228837.0000
3987,228837.0000
3988,228837.0000
3989,228837.0000
3990,228837.0000
3991,228837.0000
3992,228837.0000
3993,228837.0000
3994,228837.0000
3995,228837.0000
3996,228837.0000
3997,228837.0000
3998,228837.0000
3999,228837.0000
4000,228837.0000
4001,228837.0000
4002,228837.0000
4003,228837.0000
4004,228837.0000
4005,228837.0000
4006,228837.0000
4007,228837.0000
4008,228837.0000
4009,228837.0000
4010,228837.0000
4011,228837.0000
4012,228837.0000
4013,228837.0000
4014,228837.0000
4015,228837.0000
4016,228837.0000
4017,228837.0000
4018,228837.0000
4019,228837.0000
4020,228837.0000
4021,228837.0000
4022,228837.0000
4023,228837.0000
4024,228837.0000
4025,228837.0000
4026,228837.0000
4027,228837.0000
4028,228837.0000
4029,228837.0000
4030,228837.0000
4031,228837.0000
4032,228837.0000
4033,228837.0000
4034,228837.0000
4035,228837.0000
4036,228837.0000
4037,228837.0000
4038,228837.0000
4039,228837.0000
4040,228837.0000
4041,228837.0000
4042,228837.0000
4043,228837.0000
4044,228837.0000
4045,228837.0000
4046,228837.0000
4047,228837.0000
4048,228837.0000
4049,228837.0000
4050,228837.0000
4051,228837.0000
4052,228837.0000
4053,228837.0000
4054,228837.0000
4055,228837.0000
4056,228837.0000
4057,228837.0000
4058,228837.0000
4059,228837.0000
4060,228837.0000
4061,228837.0000
4062,228837.0000
4063,228837.0000
4064,228837.0000
4065,228837.0000
4066,228837.0000
4067,228837.0000
4068,228837.0000
4069,228837.0000
4070,228837.0000
4071,228837.0000
4072,228837.0000
4073,228837.0000
4074,228837.0000
4075,228837.0000
4076,228837.0000
4077,228837.0000
4078,228837.0000
4079,228837.0000
4080,228837.0000
4081,228837.0000
4082,228837.0000
4083,228837.0000
4084,228837.0000
4085,228837.0000
4086,228837.0000
4087,228837.0000
4088,228837.0000
4089,228837.0000
4090,228837.0000
4091,228837.0000
4092,228837.0000
4093,228837.0000
4094,228837.0000
4095,228837.0000
4096,228837.0000
4097,228837.0000
4098,228837.0000
4099,228837.0000
4100,228837.0000
4101,228837.0000
4102,228837.0000
4103,228837.0000
4104,228837.0000
4105,228837.0000
4106,228837.0000
4107,228837.0000
4108,228837.0000
4109,228837.0000
4110,228837.0000
4111,228837.0000
4112,228837.0000
4113,228837.0000
4114,228837.0000
4115,228837.0000
4116,228837.0000
4117,228837.0000
4118,228837.0000
4119,228837.0000
4120,228837.0000
4121,228837.0000
4122,228837.0000
4123,228837.0000
4124,228837.0000
4125,228837.0000
4126,228837.0000
4127,228837.0000
4128,228837.0000
4129,228837.0000
4130,228837.0000
4131,228837.0000
4132,228837.0000
4133,228837.0000
4134,228837.0000
4135,228837.0000
4136,228837.0000
4137,228837.0000
4138,228837.0000
4139,228837.0000
4140,228837.0000
4141,228837.0000
4142,228837.0000
4143,228837.0000
4144,228837.0000
4145,228837.0000
4146,228837.0000
4147,228837.0000
4148,228837.0000
4149,228837.0000
4150,228837.0000
4151,228837.0000
4152,228837.0000
4153,228837.0000
4154,228837.0000
4155,228837.0000
4156,228837.0000
4157,228837.0000
4158,228837.0000
4159,228837.0000
4160,228837.0000
4161,228837.0000
4162,228837.0000
4163,228837.0000
4164,228837.0000
4165,228837.0000
4166,228837.0000
4167,228837.0000
4168,228837.0000
4169,228837.0000
4170,228837.0000
4171,228837.0000
4172,228837.0000
4173,228837.0000
4174,228837.0000
4175,228837.0000
4176,228837.0000
4177,228837.0000
4178,228837.0000
4179,228837.0000
4180,228837.0000
4181,228837.0000
4182,228837.0000
4183,228837.0000
4184,228837.0000
4185,228837.0000
4186,228837.0000
4187,228837.0000
4188,228837.0000
4189,228837.0000
4190,228837.0000
4191,228837.0000
4192,228837.0000
4193,228837.0000
4194,228837.0000
4195,228837.0000
4196,228837.0000
4197,228837.0000
4198,228837.0000
4199,228837.0000
4200,228837.0000
4201,228837.0000
4202,228837.0000
4203,228837.0000
4204,228837.0000
4205,228837.0000
4206,228837.0000
4207,228837.0000
4208,228837.0000
4209,228837.0000
4210,228837.0000
4211,228837.0000
4212,228837.0000
4213,228837.0000
4214,228837.0000
4215,228837.0000
4216,228837.0000
4217,228837.0000
4218,228837.0000
4219,228837.0000
4220,228837.0000
4221,228837.0000
4222,228837.0000
4223,228837.0000
4224,228837.0000
4225,228837.0000
4226,228837.0000
4227,228837.0000
4228,228837.0000
4229,228837.0000
4230,228837.0000
4231,228837.0000
4232,228837.0000
4233,228837.0000
4234,228837.0000
4235,228837.0000
4236,228837.0000
4237,228837.0000
4238,228837.0000
4239,228837.0000
4240,228837.0000
4241,228837.0000
4242,228837.0000
4243,228837.0000
4244,228837.0000
4245,228837.0000
4246,228837.0000
4247,228837.0000
4248,228837.0000
4249,228837.0000
4250,228837.0000
4251,228837.0000
4252,228837.0000
4253,228837.0000
4254,228837.0000
4255,228837.0000
4256,228837.0000
4257,228837.0000
4258,228837.0000
4259,228837.0000
4260,228837.0000
4261,228837.0000
4262,228837.0000
4263,228837.0000
4264,228837.0000
4265,228837.0000
4266,228837.0000
4267,228837.0000
4268,228837.0000
4269,228837.0000
4270,228837.0000
4271,228837.0000
4272,228837.0000
4273,228837.0000
4274,228837.0000
4275,228837.0000
4276,228837.0000
4277,228837.0000
4278,228837.0000
4279,228837.0000
4280,228837.0000
4281,228837.0000
4282,228837.0000
4283,228837.0000
4284,228837.0000
4285,228837.0000
4286,228837.0000
4287,228837.0000
4288,228837.0000
4289,228837.0000
4290,228837.0000
4291,228837.0000
4292,228837.0000
4293,228837.0000
4294,228837.0000
4295,228837.0000
4296,228837.0000
4297,228837.0000
4298,228837.0000
4299,228837.0000
4300,228837.0000
4301,228837.0000
4302,228837.0000
4303,228837.0000
4304,228837.0000
4305,228837.0000
4306,228837.0000
4307,228837.0000
4308,228837.0000
4309,228837.0000
4310,228837.0000
4311,228837.0000
4312,228837.0000
4313,228837.0000
4314,228837.0000
4315,228837.0000
4316,228837.0000
4317,228837.0000
4318,228837.0000
4319,228837.0000
4320,228837.0000
4321,228837.0000
4322,228837.0000
4323,228837.0000
4324,228837.0000
4325,228837.0000
4326,228837.0000
4327,228837.0000
4328,228837.0000
4329,228837.0000
4330,228837.0000
4331,228837.0000
4332,228837.0000
4333,228837.0000
4334,228837.0000
4335,228837.0000
4336,228837.0000
4337,228837.0000
4338,228837.0000
4339,228837.0000
4340,228837.0000
4341,228837.0000
4342,228837.0000
4343,228837.0000
4344,228837.0000
4345,228837.0000
4346,228837.0000
4347,228837.0000
4348,228837.0000
4349,228837.0000
4350,228837.0000
4351,228837.0000
4352,228837.0000
4353,228837.0000
4354,228837.0000
4355,228837.0000
4356,228837.0000
4357,228837.0000
4358,228837.0000
4359,228837.0000
4360,228837.0000
4361,228837.0000
4362,228837.0000
4363,228837.0000
4364,228837.0000
4365,228837.0000
4366,228837.0000
4367,228837.0000
4368,228837.0000
4369,228837.0000
4370,228837.0000
4371,228837.0000
4372,228837.0000
4373,228837.0000
4374,228837.0000
4375,228837.0000
4376,228837.0000
4377,228837.0000
4378,228837.0000
4379,228837.0000
4380,228837.0000
4381,228837.0000
4382,228837.0000
4383,228837.0000
4384,228837.0000
4385,228837.0000
4386,228837.0000
4387,228837.0000
4388,228837.0000
4389,228837.0000
4390,228837.0000
4391,228837.0000
4392,228837.0000
4393,228837.0000
4394,228837.0000
4395,228837.0000
4396,228837.0000
4397,228837.0000
4398,228837.0000
4399,228837.0000
4400,228837.0000
4401,228837.0000
4402,228837.0000
4403,228837.0000
4404,228837.0000
4405,228837.0000
4406,228837.0000
4407,228837.0000
4408,228837.0000
4409,228837.0000
4410,228837.0000
4411,228837.0000
4412,228837.0000
4413,228837.0000
4414,228837.0000
4415,228837.0000
4416,228837.0000
4417,228837.0000
4418,228837.0000
4419,228837.0000
4420,228837.0000
4421,228837.0000
4422,228837.0000
4423,228837.0000
4424,228837.0000
4425,228837.0000
4426,228837.0000
4427,228837.0000
4428,228837.0000
4429,228837.0000
4430,228837.0000
4431,228837.0000
4432,228837.0000
4433,228837.0000
4434,228837.0000
4435,228837.0000
4436,228837.0000
4437,228837.0000
4438,228837.0000
4439,228837.0000
4440,228837.0000
4441,228837.0000
4442,228837.0000
4443,228837.0000
4444,228837.0000
4445,228837.0000
4446,228837.0000
4447,228837.0000
4448,228837.0000
4449,228837.0000
4450,228837.0000
4451,228837.0000
4452,228837.0000
4453,228837.0000
4454,228837.0000
4455,228837.0000
4456,228837.0000
4457,228837.0000
4458,228837.0000
4459,228837.0000
4460,228837.0000
4461,228837.0000
4462,228837.0000
4463,228837.0000
4464,228837.0000
4465,228837.0000
4466,228837.0000
4467,228837.0000
4468,228837.0000
4469,228837.0000
4470,228837.0000
4471,228837.0000
4472,228837.0000
4473,228837.0000
4474,228837.0000
4475,228837.0000
4476,228837.0000
4477,228837.0000
4478,228837.0000
4479,228837.0000
4480,228837.0000
4481,228837.0000
4482,228837.0000
4483,228837.0000
4484,228837.0000
4485,228837.0000
4486,228837.0000
4487,228837.0000
4488,228837.0000
4489,228837.0000
4490,228837.0000
4491,228837.0000
4492,228837.0000
4493,228837.0000
4494,228837.0000
4495,228837.0000
4496,228837.0000
4497,228837.0000
4498,228837.0000
4499,228837.0000
4500,228837.0000
4501,228837.0000
4502,228837.0000
4503,228837.0000
4504,228837.0000
4505,228837.0000
4506,228837.0000
4507,228837.0000
4508,228837.0000
4509,228837.0000
4510,228837.0000
4511,228837.0000
4512,228837.0000
4513,228837.0000
4514,228837.0000
4515,228837.0000
4516,228837.0000
4517,228837.0000
4518,228837.0000
4519,228837.0000
4520,228837.0000
4521,228837.0000
4522,228837.0000
4523,228837.0000
4524,228837.0000
4525,228837.0000
4526,228837.0000
4527,228837.0000
4528,228837.0000
4529,228837.0000
4530,228837.0000
4531,228837.0000
4532,228837.0000
4533,228837.0000
4534,228837.0000
4535,228837.0000
4536,228837.0000
4537,228837.0000
4538,228837.0000
4539,228837.0000
4540,228837.0000
4541,228837.0000
4542,228837.0000
4543,228837.0000
4544,228837.0000
4545,228837.0000
4546,228837.0000
4547,228837.0000
4548,228837.0000
4549,228837.0000
4550,228837.0000
4551,228837.0000
4552,228837.0000
4553,228837.0000
4554,228837.0000
4555,228837.0000
4556,228837.0000
4557,228837.0000
4558,228837.0000
4559,228837.0000
4560,228837.0000
4561,228837.0000
4562,228837.0000
4563,228837.0000
4564,228837.0000
4565,228837.0000
4566,228837.0000
4567,228837.0000
4568,228837.0000
4569,228837.0000
4570,228837.0000
4571,228837.0000
4572,228837.0000
4573,228837.0000
4574,228837.0000
4575,228837.0000
4576,228837.0000
4577,228837.0000
4578,228837.0000
4579,228837.0000
4580,228837.0000
4581,228837.0000
4582,228837.0000
4583,228837.0000
4584,228837.0000
4585,228837.0000
4586,228837.0000
4587,228837.0000
4588,228837.0000
4589,228837.0000
4590,228837.0000
4591,228837.0000
4592,228837.0000
4593,228837.0000
4594,228837.0000
4595,228837.0000
4596,228837.0000
4597,228837.0000
4598,228837.0000
4599,228837.0000
4600,228837.0000
4601,228837.0000
4602,228837.0000
4603,228837.0000
4604,228837.0000
4605,228837.0000
4606,228837.0000
4607,228837.0000
4608,228837.0000
4609,228837.0000
4610,228837.0000
4611,228837.0000
4612,228837.0000
4613,228837.0000
4614,228837.0000
4615,228837.0000
4616,228837.0000
4617,228837.0000
4618,228837.0000
4619,228837.0000
4620,228837.0000
4621,228837.0000
4622,228837.0000
4623,228837.0000
4624,228837.0000
4625,228837.0000
4626,228837.0000
4627,228837.0000
4628,228837.0000
4629,228837.0000
4630,228837.0000
4631,228837.0000
4632,228837.0000
4633,228837.0000
4634,228837.0000
4635,228837.0000
4636,228837.0000
4637,228837.0000
4638,228837.0000
4639,228837.0000
4640,228837.0000
4641,228837.0000
4642,228837.0000
4643,228837.0000
4644,228837.0000
4645,228837.0000
4646,228837.0000
4647,228837.0000
4648,228837.0000
4649,228837.0000
4650,228837.0000
4651,228837.0000
4652,228837.0000
4653,228837.0000
4654,228837.0000
4655,228837.0000
4656,228837.0000
4657,228837.0000
4658,228837.0000
4659,228837.0000
4660,228837.0000
4661,228837.0000
4662,228837.0000
4663,228837.0000
4664,228837.0000
4665,228837.0000
4666,228837.0000
4667,228837.0000
4668,228837.0000
4669,228837.0000
4670,228837.0000
4671,228837.0000
4672,228837.0000
4673,228837.0000
4674,228837.0000
4675,228837.0000
4676,228837.0000
4677,228837.0000
4678,228837.0000
4679,228837.0000
4680,228837.0000
4681,228837.0000
4682,228837.0000
4683,228837.0000
4684,228837.0000
4685,228837.0000
4686,228837.0000
4687,228837.0000
4688,228837.0000
4689,228837.0000
4690,228837.0000
4691,228837.0000
4692,228837.0000
4693,228837.0000
4694,228837.0000
4695,228837.0000
4696,228837.0000
4697,228837.0000
4698,228837.0000
4699,228837.0000
4700,228837.0000
4701,228837.0000
4702,228837.0000
4703,228837.0000
4704,228837.0000
4705,228837.0000
4706,228837.0000
4707,228837.0000
4708,228837.0000
4709,228837.0000
4710,228837.0000
4711,228837.0000
4712,228837.0000
4713,228837.0000
4714,228837.0000
4715,228837.0000
4716,228837.0000
4717,228837.0000
4718,228837.0000
4719,228837.0000
4720,228837.0000
4721,228837.0000
4722,228837.0000
4723,228837.0000
4724,228837.0000
4725,228837.0000
4726,228837.0000
4727,228837.0000
4728,228837.0000
4729,228837.0000
4730,228837.0000
4731,228837.0000
4732,228837.0000
4733,228837.0000
4734,228837.0000
4735,228837.0000
4736,228837.0000
4737,228837.0000
4738,228837.0000
4739,228837.0000
4740,228837.0000
4741,228837.0000
4742,228837.0000
4743,228837.0000
4744,228837.0000
4745,228837.0000
4746,228837.0000
4747,228837.0000
4748,228837.0000
4749,228837.0000
4750,228837.0000
4751,228837.0000
4752,228837.0000
4753,228837.0000
4754,228837.0000
4755,228837.0000
4756,228837.0000
4757,228837.0000
4758,228837.0000
4759,228837.0000
4760,228837.0000
4761,228837.0000
4762,228837.0000
4763,228837.0000
4764,228837.0000
4765,228837.0000
4766,228837.0000
4767,228837.0000
4768,228837.0000
4769,228837.0000
4770,228837.0000
4771,228837.0000
4772,228837.0000
4773,228837.0000
4774,228837.0000
4775,228837.0000
4776,228837.0000
4777,228837.0000
4778,228837.0000
4779,228837.0000
4780,228837.0000
4781,228837.0000
4782,228837.0000
4783,228837.0000
4784,228837.0000
4785,228837.0000
4786,228837.0000
4787,228837.0000
4788,228837.0000
4789,228837.0000
4790,228837.0000
4791,228837.0000
4792,228837.0000
4793,228837.0000
4794,228837.0000
4795,228837.0000
4796,228837.0000
4797,228837.0000
4798,228837.0000
4799,228837.0000
4800,228837.0000
4801,228837.0000
4802,228837.0000
4803,228837.0000
4804,228837.0000
4805,228837.0000
4806,228837.0000
4807,228837.0000
4808,228837.0000
4809,228837.0000
4810,228837.0000
4811,228837.0000
4812,228837.0000
4813,228837.0000
4814,228837.0000
4815,228837.0000
4816,228837.0000
4817,228837.0000
4818,228837.0000
4819,228837.0000
4820,228837.0000
4821,228837.0000
4822,228837.0000
4823,228837.0000
4824,228837.0000
4825,228837.0000
4826,228837.0000
4827,228837.0000
4828,228837.0000
4829,228837.0000
4830,228837.0000
4831,228837.0000
4832,228837.0000
4833,228837.0000
4834,228837.0000
4835,228837.0000
4836,228837.0000
4837,228837.0000
4838,228837.0000
4839,228837.0000
4840,228837.0000
4841,228837.0000
4842,228837.0000
4843,228837.0000
4844,228837.0000
4845,228837.0000
4846,228837.0000
4847,228837.0000
4848,228837.0000
4849,228837.0000
4850,228837.0000
4851,228837.0000
4852,228837.0000
4853,228837.0000
4854,228837.0000
4855,228837.0000
4856,228837.0000
4857,228837.0000
4858,228837.0000
4859,228837.0000
4860,228837.0000
4861,228837.0000
4862,228837.0000
4863,228837.0000
4864,228837.0000
4865,228837.0000
4866,228837.0000
4867,228837.0000
4868,228837.0000
4869,228837.0000
4870,228837.0000
4871,228837.0000
4872,228837.0000
4873,228837.0000
4874,228837.0000
4875,228837.0000
4876,228837.0000
4877,228837.0000
4878,228837.0000
4879,228837.0000
4880,228837.0000
4881,228837.0000
4882,228837.0000
4883,228837.0000
4884,228837.0000
4885,228837.0000
4886,228837.0000
4887,228837.0000
4888,228837.0000
4889,228837.0000
4890,228837.0000
4891,228837.0000
4892,228837.0000
4893,228837.0000
4894,228837.0000
4895,228837.0000
4896,228837.0000
4897,228837.0000
4898,228837.0000
4899,228837.0000
4900,228837.0000
4901,228837.0000
4902,228837.0000
4903,228837.0000
4904,228837.0000
4905,228837.0000
4906,228837.0000
4907,228837.0000
4908,228837.0000
4909,228837.0000
4910,228837.0000
4911,228837.0000
4912,228837.0000
4913,228837.0000
4914,228837.0000
4915,228837.0000
4916,228837.0000
4917,228837.0000
4918,228837.0000
4919,228837.0000
4920,228837.0000
4921,228837.0000
4922,228837.0000
4923,228837.0000
4924,228837.0000
4925,228837.0000
4926,228837.0000
4927,228837.0000
4928,228837.0000
4929,228837.0000
4930,228837.0000
4931,228837.0000
4932,228837.0000
4933,228837.0000
4934,228837.0000
4935,228837.0000
4936,228837.0000
4937,228837.0000
4938,228837.0000
4939,228837.0000
4940,228837.0000
4941,228837.0000
4942,228837.0000
4943,228837.0000
4944,228837.0000
4945,228837.0000
4946,228837.0000
4947,228837.0000
4948,228837.0000
4949,228837.0000
4950,228837.0000
4951,228837.0000
4952,228837.0000
4953,228837.0000
4954,228837.0000
4955,228837.0000
4956,228837.0000
4957,228837.0000
4958,228837.0000
4959,228837.0000
4960,228837.0000
4961,228837.0000
4962,228837.0000
4963,228837.0000
4964,228837.0000
4965,228837.0000
4966,228837.0000
4967,228837.0000
4968,228837.0000
4969,228837.0000
4970,228837.0000
4971,228837.0000
4972,228837.0000
4973,228837.0000
4974,228837.0000
4975,228837.0000
4976,228837.0000
4977,228837.0000
4978,228837.0000
4979,228837.0000
4980,228837.0000
4981,228837.0000
4982,228837.0000
4983,228837.0000
4984,228837.0000
4985,228837.0000
4986,228837.0000
4987,228837.0000
4988,228837.0000
4989,228837.0000
4990,228837.0000
4991,228837.0000
4992,228837.0000
4993,228837.0000
4994,228837.0000
4995,228837.0000
4996,228837.0000
4997,228837.0000
4998,228837.0000
4999,228837.0000
5000,228837.0000
5001,228837.0000
5002,228837.0000
5003,228837.0000
5004,228837.0000
5005,228837.0000
5006,228837.0000
5007,228837.0000
5008,228837.0000
5009,228837.0000
5010,228837.0000
5011,228837.0000
5012,228837.0000
5013,228837.0000
5014,228837.0000
5015,228837.0000
5016,228837.0000
5017,228837.0000
5018,228837.0000
5019,228837.0000
5020,228837.0000
5021,228837.0000
5022,228837.0000
5023,228837.0000
5024,228837.0000
5025,228837.0000
5026,228837.0000
5027,228837.0000
5028,228837.0000
5029,228837.0000
5030,228837.0000
5031,228837.0000
5032,228837.0000
5033,228837.0000
5034,228837.0000
5035,228837.0000
5036,228837.0000
5037,228837.0000
5038,228837.0000
5039,228837.0000
5040,228837.0000
5041,228837.0000
5042,228837.0000
5043,228837.0000
5044,228837.0000
5045,228837.0000
5046,228837.0000
5047,228837.0000
5048,228837.0000
5049,228837.0000
5050,228837.0000
5051,228837.0000
5052,228837.0000
5053,228837.0000
5054,228837.0000
5055,228837.0000
5056,228837.0000
5057,228837.0000
5058,228837.0000
5059,228837.0000
5060,228837.0000
5061,228837.0000
5062,228837.0000
5063,228837.0000
5064,228837.0000
5065,228837.0000
5066,228837.0000
5067,228837.0000
5068,228837.0000
5069,228837.0000
5070,228837.0000
5071,228837.0000
5072,228837.0000
5073,228837.0000
5074,228837.0000
5075,228837.0000
5076,228837.0000
5077,228837.0000
5078,228837.0000
5079,228837.0000
5080,228837.0000
5081,228837.0000
5082,228837.0000
5083,228837.0000
5084,228837.0000
5085,228837.0000
5086,228837.0000
5087,228837.0000
5088,228837.0000
5089,228837.0000
5090,228837.0000
5091,228837.0000
5092,228837.0000
5093,228837.0000
5094,228837.0000
5095,228837.0000
5096,228837.0000
5097,228837.0000
5098,228837.0000
5099,228837.0000
5100,228837.0000
5101,228837.0000
5102,228837.0000
5103,228837.0000
5104,228837.0000
5105,228837.0000
5106,228837.0000
5107,228837.0000
5108,228837.0000
5109,228837.0000
5110,228837.0000
5111,228837.0000
5112,228837.0000
5113,228837.0000
5114,228837.0000
5115,228837.0000
5116,228837.0000
5117,228837.0000
5118,228837.0000
5119,228837.0000
5120,228837.0000
5121,228837.0000
5122,228837.0000
5123,228837.0000
5124,228837.0000
5125,228837.0000
5126,228837.0000
5127,228837.0000
5128,228837.0000
5129,228837.0000
5130,228837.0000
5131,228837.0000
5132,228837.0000
5133,228837.0000
5134,228837.0000
5135,228837.0000
5136,228837.0000
5137,228837.0000
5138,228837.0000
5139,228837.0000
5140,228837.0000
5141,228837.0000
5142,228837.0000
5143,228837.0000
5144,228837.0000
5145,228837.0000
5146,228837.0000
5147,228837.0000
5148,228837.0000
5149,228837.0000
5150,228837.0000
5151,228837.0000
5152,228837.0000
5153,228837.0000
5154,228837.0000
5155,228837.0000
5156,228837.0000
5157,228837.0000
5158,228837.0000
5159,228837.0000
5160,228837.0000
5161,228837.0000
5162,228837.0000
5163,228837.0000
5164,228837.0000
5165,228837.0000
5166,228837.0000
5167,228837.0000
5168,228837.0000
5169,228837.0000
5170,228837.0000
5171,228837.0000
5172,228837.0000
5173,228837.0000
5174,228837.0000
5175,228837.0000
5176,228837.0000
5177,228837.0000
5178,228837.0000
5179,228837.0000
5180,228837.0000
5181,228837.0000
5182,228837.0000
5183,228837.0000
5184,228837.0000
5185,228837.0000
5186,228837.0000
5187,228837.0000
5188,228837.0000
5189,228837.0000
5190,228837.0000
5191,228837.0000
5192,228837.0000
5193,228837.0000
5194,228837.0000
5195,228837.0000
5196,228837.0000
5197,228837.0000
5198,228837.0000
5199,228837.0000
5200,228837.0000
5201,228837.0000
5202,228837.0000
5203,228837.0000
5204,228837.0000
5205,228837.0000
5206,228837.0000
5207,228837.0000
5208,228837.0000
5209,228837.0000
5210,228837.0000
5211,228837.0000
5212,228837.0000
5213,228837.0000
5214,228837.0000
5215,228837.0000
5216,228837.0000
5217,228837.0000
5218,228837.0000
5219,228837.0000
5220,228837.0000
5221,228837.0000
5222,228837.0000
5223,228837.0000
5224,228837.0000
5225,228837.0000
5226,228837.0000
5227,228837.0000
5228,228837.0000
5229,228837.0000
5230,228837.0000
5231,228837.0000
5232,228837.0000
5233,228837.0000
5234,228837.0000
5235,228837.0000
5236,228837.0000
5237,228837.0000
5238,228837.0000
5239,228837.0000
5240,228837.0000
5241,228837.0000
5242,228837.0000
5243,228837.0000
5244,228837.0000
5245,228837.0000
5246,228837.0000
5247,228837.0000
5248,228837.0000
5249,228837.0000
5250,228837.0000
5251,228837.0000
5252,228837.0000
5253,228837.0000
5254,228837.0000
5255,228837.0000
5256,228837.0000
5257,228837.0000
5258,228837.0000
5259,228837.0000
5260,228837.0000
5261,228837.0000
5262,228837.0000
5263,228837.0000
5264,228837.0000
5265,228837.0000
5266,228837.0000
5267,228837.0000
5268,228837.0000
5269,228837.0000
5270,228837.0000
5271,228837.0000
5272,228837.0000
5273,228837.0000
5274,228837.0000
5275,228837.0000
5276,228837.0000
5277,228837.0000
5278,228837.0000
5279,228837.0000
5280,228837.0000
5281,228837.0000
5282,228837.0000
5283,228837.0000
5284,228837.0000
5285,228837.0000
5286,228837.0000
5287,228837.0000
5288,228837.0000
5289,228837.0000
5290,228837.0000
5291,228837.0000
5292,228837.0000
5293,228837.0000
5294,228837.0000
5295,228837.0000
5296,228837.0000
5297,228837.0000
5298,228837.0000
5299,228837.0000
5300,228837.0000
5301,228837.0000
5302,228837.0000
5303,228837.0000
5304,228837.0000
5305,228837.0000
5306,228837.0000
5307,228837.0000
5308,228837.0000
5309,228837.0000
5310,228837.0000
5311,228837.0000
5312,228837.0000
5313,228837.0000
5314,228837.0000
5315,228837.0000
5316,228837.0000
5317,228837.0000
5318,228837.0000
5319,228837.0000
5320,228837.0000
5321,228837.0000
5322,228837.0000
5323,228837.0000
5324,228837.0000
5325,228837.0000
5326,228837.0000
5327,228837.0000
5328,228837.0000
5329,228837.0000
5330,228837.0000
5331,228837.0000
5332,228837.0000
5333,228837.0000
5334,228837.0000
5335,228837.0000
5336,228837.0000
5337,228837.0000
5338,228837.0000
5339,228837.0000
5340,228837.0000
5341,228837.0000
5342,228837.0000
5343,228837.0000
5344,228837.0000
5345,228837.0000
5346,228837.0000
5347,228837.0000
5348,228837.0000
5349,228837.0000
5350,228837.0000
5351,228837.0000
5352,228837.0000
5353,228837.0000
5354,228837.0000
5355,228837.0000
5356,228837.0000
5357,228837.0000
5358,228837.0000
5359,228837.0000
5360,228837.0000
5361,228837.0000
5362,228837.0000
5363,228837.0000
5364,228837.0000
5365,228837.0000
5366,228837.0000
5367,228837.0000
5368,228837.0000
5369,228837.0000
5370,228837.0000
5371,228837.0000
5372,228837.0000
5373,228837.0000
5374,228837.0000
5375,228837.0000
5376,228837.0000
5377,228837.0000
5378,228837.0000
5379,228837.0000
5380,228837.0000
5381,228837.0000
5382,228837.0000
5383,228837.0000
5384,228837.0000
5385,228837.0000
5386,228837.0000
5387,228837.0000
5388,228837.0000
5389,228837.0000
5390,228837.0000
5391,228837.0000
5392,228837.0000
5393,228837.0000
5394,228837.0000
5395,228837.0000
5396,228837.0000
5397,228837.0000
5398,228837.0000
5399,228837.0000
5400,228837.0000
5401,228837.0000
5402,228837.0000
5403,228837.0000
5404,228837.0000
5405,228837.0000
5406,228837.0000
5407,228837.0000
5408,228837.0000
5409,228837.0000
5410,228837.0000
5411,228837.0000
5412,228837.0000
5413,228837.0000
5414,228837.0000
5415,228837.0000
5416,228837.0000
5417,228837.0000
5418,228837.0000
5419,228837.0000
5420,228837.0000
5421,228837.0000
5422,228837.0000
5423,228837.0000
5424,228837.0000
5425,228837.0000
5426,228837.0000
5427,228837.0000
5428,228837.0000
5429,228837.0000
5430,228837.0000
5431,228837.0000
5432,228837.0000
5433,228837.0000
5434,228837.0000
5435,228837.0000
5436,228837.0000
5437,228837.0000
5438,228837.0000
5439,228837.0000
5440,228837.0000
5441,228837.0000
5442,228837.0000
5443,228837.0000
5444,228837.0000
5445,228837.0000
5446,228837.0000
5447,228837.0000
5448,228837.0000
5449,228837.0000
5450,228837.0000
5451,228837.0000
5452,228837.0000
5453,228837.0000
5454,228837.0000
5455,228837.0000
5456,228837.0000
5457,228837.0000
5458,228837.0000
5459,228837.0000
5460,228837.0000
5461,228837.0000
5462,228837.0000
5463,228837.0000
5464,228837.0000
5465,228837.0000
5466,228837.0000
5467,228837.0000
5468,228837.0000
5469,228837.0000
5470,228837.0000
5471,228837.0000
5472,228837.0000
5473,228837.0000
5474,228837.0000
5475,228837.0000
5476,228837.0000
5477,228837.0000
5478,228837.0000
5479,228837.0000
5480,228837.0000
5481,228837.0000
5482,228837.0000
5483,228837.0000
5484,228837.0000
5485,228837.0000
5486,228837.0000
5487,228837.0000
5488,228837.0000
5489,228837.0000
5490,228837.0000
5491,228837.0000
5492,228837.0000
5493,228837.0000
5494,228837.0000
5495,228837.0000
5496,228837.0000
5497,228837.0000
5498,228837.0000
5499,228837.0000
5500,228837.0000
5501,228837.0000
5502,228837.0000
5503,228837.0000
5504,228837.0000
5505,228837.0000
5506,228837.0000
5507,228837.0000
5508,228837.0000
5509,228837.0000
5510,228837.0000
5511,228837.0000
5512,228837.0000
5513,228837.0000
5514,228837.0000
5515,228837.0000
5516,228837.0000
5517,228837.0000
5518,228837.0000
5519,228837.0000
5520,228837.0000
5521,228837.0000
5522,228837.0000
5523,228837.0000
5524,228837.0000
5525,228837.0000
5526,228837.0000
5527,228837.0000
5528,228837.0000
5529,228837.0000
5530,228837.0000
5531,228837.0000
5532,228837.0000
5533,228837.0000
5534,228837.0000
5535,228837.0000
5536,228837.0000
5537,228837.0000
5538,228837.0000
5539,228837.0000
5540,228837.0000
5541,228837.0000
5542,228837.0000
5543,228837.0000
5544,228837.0000
5545,228837.0000
5546,228837.0000
5547,228837.0000
5548,228837.0000
5549,228837.0000
5550,228837.0000
5551,228837.0000
5552,228837.0000
5553,228837.0000
5554,228837.0000
5555,228837.0000
5556,228837.0000
5557,228837.0000
5558,228837.0000
5559,228837.0000
5560,228837.0000
5561,228837.0000
5562,228837.0000
5563,228837.0000
5564,228837.0000
5565,228837.0000
5566,228837.0000
5567,228837.0000
5568,228837.0000
5569,228837.0000
5570,228837.0000
5571,228837.0000
5572,228837.0000
5573,228837.0000
5574,228837.0000
5575,228837.0000
5576,228837.0000
5577,228837.0000
5578,228837.0000
5579,228837.0000
5580,228837.0000
5581,228837.0000
5582,228837.0000
5583,228837.0000
5584,228837.0000
5585,228837.0000
5586,228837.0000
5587,228837.0000
5588,228837.0000
5589,228837.0000
5590,228837.0000
5591,228837.0000
5592,228837.0000
5593,228837.0000
5594,228837.0000
5595,228837.0000
5596,228837.0000
5597,228837.0000
5598,228837.0000
5599,228837.0000
5600,228837.0000
5601,228837.0000
5602,228837.0000
5603,228837.0000
5604,228837.0000
5605,228837.0000
5606,228837.0000
5607,228837.0000
5608,228837.0000
5609,228837.0000
5610,228837.0000
5611,228837.0000
5612,228837.0000
5613,228837.0000
5614,228837.0000
5615,228837.0000
5616,228837.0000
5617,228837.0000
5618,228837.0000
5619,228837.0000
5620,228837.0000
5621,228837.0000
5622,228837.0000
5623,228837.0000
5624,228837.0000
5625,228837.0000
5626,228837.0000
5627,228837.0000
5628,228837.0000
5629,228837.0000
5630,228837.0000
5631,228837.0000
5632,228837.0000
5633,228837.0000
5634,228837.0000
5635,228837.0000
5636,228837.0000
5637,228837.0000
5638,228837.0000
5639,228837.0000
5640,228837.0000
5641,228837.0000
5642,228837.0000
5643,228837.0000
5644,228837.0000
5645,228837.0000
5646,228837.0000
5647,228837.0000
5648,228837.0000
5649,228837.0000
5650,228837.0000
5651,228837.0000
5652,228837.0000
5653,228837.0000
5654,228837.0000
5655,228837.0000
5656,228837.0000
5657,228837.0000
5658,228837.0000
5659,228837.0000
5660,228837.0000
5661,228837.0000
5662,228837.0000
5663,228837.0000
5664,228837.0000
5665,228837.0000
5666,228837.0000
5667,228837.0000
5668,228837.0000
5669,228837.0000
5670,228837.0000
5671,228837.0000
5672,228837.0000
5673,228837.0000
5674,228837.0000
5675,228837.0000
5676,228837.0000
5677,228837.0000
5678,228837.0000
5679,228837.0000
5680,228837.0000
5681,228837.0000
5682,228837.0000
5683,228837.0000
5684,228837.0000
5685,228837.0000
5686,228837.0000
5687,228837.0000
5688,228837.0000
5689,228837.0000
5690,228837.0000
5691,228837.0000
5692,228837.0000
5693,228837.0000
5694,228837.0000
5695,228837.0000
5696,228837.0000
5697,228837.0000
5698,228837.0000
5699,228837.0000
5700,228837.0000
5701,228837.0000
5702,228837.0000
5703,228837.0000
5704,228837.0000
5705,228837.0000
5706,228837.0000
5707,228837.0000
5708,228837.0000
5709,228837.0000
5710,228837.0000
5711,228837.0000
5712,228837.0000
5713,228837.0000
5714,228837.0000
5715,228837.0000
5716,228837.0000
5717,228837.0000
5718,228837.0000
5719,228837.0000
5720,228837.0000
5721,228837.0000
5722,228837.0000
5723,228837.0000
5724,228837.0000
5725,228837.0000
5726,228837.0000
5727,228837.0000
5728,228837.0000
5729,228837.0000
5730,228837.0000
5731,228837.0000
5732,228837.0000
5733,228837.0000
5734,228837.0000
5735,228837.0000
5736,228837.0000
5737,228837.0000
5738,228837.0000
5739,228837.0000
5740,228837.0000
5741,228837.0000
5742,228837.0000
5743,228837.0000
5744,228837.0000
5745,228837.0000
5746,228837.0000
5747,228837.0000
5748,228837.0000
5749,228837.0000
5750,228837.0000
5751,228837.0000
5752,228837.0000
5753,228837.0000
5754,228837.0000
5755,228837.0000
5756,228837.0000
5757,228837.0000
5758,228837.0000
5759,228837.0000
5760,228837.0000
5761,228837.0000
5762,228837.0000
5763,228837.0000
5764,228837.0000
5765,228837.0000
5766,228837.0000
5767,228837.0000
5768,228837.0000
5769,228837.0000
5770,228837.0000
5771,228837.0000
5772,228837.0000
5773,228837.0000
5774,228837.0000
5775,228837.0000
5776,228837.0000
5777,228837.0000
5778,228837.0000
5779,228837.0000
5780,228837.0000
5781,228837.0000
5782,228837.0000
5783,228837.0000
5784,228837.0000
5785,228837.0000
5786,228837.0000
5787,228837.0000
5788,228837.0000
5789,228837.0000
5790,228837.0000
5791,228837.0000
5792,228837.0000
5793,228837.0000
5794,228837.0000
5795,228837.0000
5796,228837.0000
5797,228837.0000
5798,228837.0000
5799,228837.0000
5800,228837.0000
5801,228837.0000
5802,228837.0000
5803,228837.0000
5804,228837.0000
5805,228837.0000
5806,228837.0000
5807,228837.0000
5808,228837.0000
5809,228837.0000
5810,228837.0000
5811,228837.0000
5812,228837.0000
5813,228837.0000
5814,228837.0000
5815,228837.0000
5816,228837.0000
5817,228837.0000
5818,228837.0000
5819,228837.0000
5820,228837.0000
5821,228837.0000
5822,228837.0000
5823,228837.0000
5824,228837.0000
5825,228837.0000
5826,228837.0000
5827,228837.0000
5828,228837.0000
5829,228837.0000
5830,228837.0000
5831,228837.0000
5832,228837.0000
5833,228837.0000
5834,228837.0000
5835,228837.0000
5836,228837.0000
5837,228837.0000
5838,228837.0000
5839,228837.0000
5840,228837.0000
5841,228837.0000
5842,228837.0000
5843,228837.0000
5844,228837.0000
5845,228837.0000
5846,228837.0000
5847,228837.0000
5848,228837.0000
5849,228837.0000
5850,228837.0000
5851,228837.0000
5852,228837.0000
5853,228837.0000
5854,228837.0000
5855,228837.0000
5856,228837.0000
5857,228837.0000
5858,228837.0000
5859,228837.0000
5860,228837.0000
5861,228837.0000
5862,228837.0000
5863,228837.0000
5864,228837.0000
5865,228837.0000
5866,228837.0000
5867,228837.0000
5868,228837.0000
5869,228837.0000
5870,228837.0000
5871,228837.0000
5872,228837.0000
5873,228837.0000
5874,228837.0000
5875,228837.0000
5876,228837.0000
5877,228837.0000
5878,228837.0000
5879,228837.0000
5880,228837.0000
5881,228837.0000
5882,228837.0000
5883,228837.0000
5884,228837.0000
5885,228837.0000
5886,228837.0000
5887,228837.0000
5888,228837.0000
5889,228837.0000
5890,228837.0000
5891,228837.0000
5892,228837.0000
5893,228837.0000
5894,228837.0000
5895,228837.0000
5896,228837.0000
5897,228837.0000
5898,228837.0000
5899,228837.0000
5900,228837.0000
5901,228837.0000
5902,228837.0000
5903,228837.0000
5904,228837.0000
5905,228837.0000
5906,228837.0000
5907,228837.0000
5908,228837.0000
5909,228837.0000
5910,228837.0000
5911,228837.0000
5912,228837.0000
5913,228837.0000
5914,228837.0000
5915,228837.0000
5916,228837.0000
5917,228837.0000
5918,228837.0000
5919,228837.0000
5920,228837.0000
5921,228837.0000
5922,228837.0000
5923,228837.0000
5924,228837.0000
5925,228837.0000
5926,228837.0000
5927,228837.0000
5928,228837.0000
5929,228837.0000
5930,228837.0000
5931,228837.0000
5932,228837.0000
5933,228837.0000
5934,228837.0000
5935,228837.0000
5936,228837.0000
5937,228837.0000
5938,228837.0000
5939,228837.0000
5940,228837.0000
5941,228837.0000
5942,228837.0000
5943,228837.0000
5944,228837.0000
5945,228837.0000
5946,228837.0000
5947,228837.0000
5948,228837.0000
5949,228837.0000
5950,228837.0000
5951,228837.0000
5952,228837.0000
5953,228837.0000
5954,228837.0000
5955,228837.0000
5956,228837.0000
5957,228837.0000
5958,228837.0000
5959,228837.0000
5960,228837.0000
5961,228837.0000
5962,228837.0000
5963,228837.0000
5964,228837.0000
5965,228837.0000
5966,228837.0000
5967,228837.0000
5968,228837.0000
5969,228837.0000
5970,228837.0000
5971,228837.0000
5972,228837.0000
5973,228837.0000
5974,228837.0000
5975,228837.0000
5976,228837.0000
5977,228837.0000
5978,228837.0000
5979,228837.0000
5980,228837.0000
5981,228837.0000
5982,228837.0000
5983,228837.0000
5984,228837.0000
5985,228837.0000
5986,228837.0000
5987,228837.0000
5988,228837.0000
5989,228837.0000
5990,228837.0000
5991,228837.0000
5992,228837.0000
5993,228837.0000
5994,228837.0000
5995,228837.0000
5996,228837.0000
5997,228837.0000
5998,228837.0000
5999,228837.0000
6000,228837.0000
6001,228837.0000
6002,228837.0000
6003,228837.0000
6004,228837.0000
6005,228837.0000
6006,228837.0000
6007,228837.0000
6008,228837.0000
6009,228837.0000
6010,228837.0000
6011,228837.0000
6012,228837.0000
6013,228837.0000
6014,228837.0000
6015,228837.0000
6016,228837.0000
6017,228837.0000
6018,228837.0000
6019,228837.0000
6020,228837.0000
6021,228837.0000
6022,228837.0000
6023,228837.0000
6024,228837.0000
6025,228837.0000
6026,228837.0000
6027,228837.0000
6028,228837.0000
6029,228837.0000
6030,228837.0000
6031,228837.0000
6032,228837.0000
6033,228837.0000
6034,228837.0000
6035,228837.0000
6036,228837.0000
6037,228837.0000
6038,228837.0000
6039,228837.0000
6040,228837.0000
6041,228837.0000
6042,228837.0000
6043,228837.0000
6044,228837.0000
6045,228837.0000
6046,228837.0000
6047,228837.0000
6048,228837.0000
6049,228837.0000
6050,228837.0000
6051,228837.0000
6052,228837.0000
6053,228837.0000
6054,228837.0000
6055,228837.0000
6056,228837.0000
6057,228837.0000
6058,228837.0000
6059,228837.0000
6060,228837.0000
6061,228837.0000
6062,228837.0000
6063,228837.0000
6064,228837.0000
6065,228837.0000
6066,228837.0000
6067,228837.0000
6068,228837.0000
6069,228837.0000
6070,228837.0000
6071,228837.0000
6072,228837.0000
6073,228837.0000
6074,228837.0000
6075,228837.0000
6076,228837.0000
6077,228837.0000
6078,228837.0000
6079,228837.0000
6080,228837.0000
6081,228837.0000
6082,228837.0000
6083,228837.0000
6084,228837.0000
6085,228837.0000
6086,228837.0000
6087,228837.0000
6088,228837.0000
6089,228837.0000
6090,228837.0000
6091,228837.0000
6092,228837.0000
6093,228837.0000
6094,228837.0000
6095,228837.0000
6096,228837.0000
6097,228837.0000
6098,228837.0000
6099,228837.0000
6100,228837.0000
6101,228837.0000
6102,228837.0000
6103,228837.0000
6104,228837.0000
6105,228837.0000
6106,228837.0000
6107,228837.0000
6108,228837.0000
6109,228837.0000
6110,228837.0000
6111,228837.0000
6112,228837.0000
6113,228837.0000
6114,228837.0000
6115,228837.0000
6116,228837.0000
6117,228837.0000
6118,228837.0000
6119,228837.0000
6120,228837.0000
6121,228837.0000
6122,228837.0000
6123,228837.0000
6124,228837.0000
6125,228837.0000
6126,228837.0000
6127,228837.0000
6128,228837.0000
6129,228837.0000
6130,228837.0000
6131,228837.0000
6132,228837.0000
6133,228837.0000
6134,228837.0000
6135,228837.0000
6136,228837.0000
6137,228837.0000
6138,228837.0000
6139,228837.0000
6140,228837.0000
6141,228837.0000
6142,228837.0000
6143,228837.0000
6144,228837.0000
6145,228837.0000
6146,228837.0000
6147,228837.0000
6148,228837.0000
6149,228837.0000
6150,228837.0000
6151,228837.0000
6152,228837.0000
6153,228837.0000
6154,228837.0000
6155,228837.0000
6156,228837.0000
6157,228837.0000
6158,228837.0000
6159,228837.0000
6160,228837.0000
6161,228837.0000
6162,228837.0000
6163,228837.0000
6164,228837.0000
6165,228837.0000
6166,228837.0000
6167,228837.0000
6168,228837.0000
6169,228837.0000
6170,228837.0000
6171,228837.0000
6172,228837.0000
6173,228837.0000
6174,228837.0000
6175,228837.0000
6176,228837.0000
6177,228837.0000
6178,228837.0000
6179,228837.0000
6180,228837.0000
6181,228837.0000
6182,228837.0000
6183,228837.0000
6184,228837.0000
6185,228837.0000
6186,228837.0000
6187,228837.0000
6188,228837.0000
6189,228837.0000
6190,228837.0000
6191,228837.0000
6192,228837.0000
6193,228837.0000
6194,228837.0000
6195,228837.0000
6196,228837.0000
6197,228837.0000
6198,228837.0000
6199,228837.0000
6200,228837.0000
6201,228837.0000
6202,228837.0000
6203,228837.0000
6204,228837.0000
6205,228837.0000
6206,228837.0000
6207,228837.0000
6208,228837.0000
6209,228837.0000
6210,228837.0000
6211,228837.0000
6212,228837.0000
6213,228837.0000
6214,228837.0000
6215,228837.0000
6216,228837.0000
6217,228837.0000
6218,228837.0000
6219,228837.0000
6220,228837.0000
6221,228837.0000
6222,228837.0000
6223,228837.0000
6224,228837.0000
6225,228837.0000
6226,228837.0000
6227,228837.0000
6228,228837.0000
6229,228837.0000
6230,228837.0000
6231,228837.0000
6232,228837.0000
6233,228837.0000
6234,228837.0000
6235,228837.0000
6236,228837.0000
6237,228837.0000
6238,228837.0000
6239,228837.0000
6240,228837.0000
6241,228837.0000
6242,228837.0000
6243,228837.0000
6244,228837.0000
6245,228837.0000
6246,228837.0000
6247,228837.0000
6248,228837.0000
6249,228837.0000
6250,228837.0000
6251,228837.0000
6252,228837.0000
6253,228837.0000
6254,228837.0000
6255,228837.0000
6256,228837.0000
6257,228837.0000
6258,228837.0000
6259,228837.0000
6260,228837.0000
6261,228837.0000
6262,228837.0000
6263,228837.0000
6264,228837.0000
6265,228837.0000
6266,228837.0000
6267,228837.0000
6268,228837.0000
6269,228837.0000
6270,228837.0000
6271,228837.0000
6272,228837.0000
6273,228837.0000
6274,228837.0000
6275,228837.0000
6276,228837.0000
6277,228837.0000
6278,228837.0000
6279,228837.0000
6280,228837.0000
6281,228837.0000
6282,228837.0000
6283,228837.0000
6284,228837.0000
6285,228837.0000
6286,228837.0000
6287,228837.0000
6288,228837.0000
6289,228837.0000
6290,228837.0000
6291,228837.0000
6292,228837.0000
6293,228837.0000
6294,228837.0000
6295,228837.0000
6296,228837.0000
6297,228837.0000
6298,228837.0000
6299,228837.0000
6300,228837.0000
6301,228837.0000
6302,228837.0000
6303,228837.0000
6304,228837.0000
6305,228837.0000
6306,228837.0000
6307,228837.0000
6308,228837.0000
6309,228837.0000
6310,228837.0000
6311,228837.0000
6312,228837.0000
6313,228837.0000
6314,228837.0000
6315,228837.0000
6316,228837.0000
6317,228837.0000
6318,228837.0000
6319,228837.0000
6320,228837.0000
6321,228837.0000
6322,228837.0000
6323,228837.0000
6324,228837.0000
6325,228837.0000
6326,228837.0000
6327,228837.0000
6328,228837.0000
6329,228837.0000
6330,228837.0000
6331,228837.0000
6332,228837.0000
6333,228837.0000
6334,228837.0000
6335,228837.0000
6336,228837.0000
6337,228837.0000
6338,228837.0000
6339,228837.0000
6340,228837.0000
6341,228837.0000
6342,228837.0000
6343,228837.0000
6344,228837.0000
6345,228837.0000
6346,228837.0000
6347,228837.0000
6348,228837.0000
6349,228837.0000
6350,228837.0000
6351,228837.0000
6352,228837.0000
6353,228837.0000
6354,228837.0000
6355,228837.0000
6356,228837.0000
6357,228837.0000
6358,228837.0000
6359,228837.0000
6360,228837.0000
6361,228837.0000
6362,228837.0000
6363,228837.0000
6364,228837.0000
6365,228837.0000
6366,228837.0000
6367,228837.0000
6368,228837.0000
6369,228837.0000
6370,228837.0000
6371,228837.0000
6372,228837.0000
6373,228837.0000
6374,228837.0000
6375,228837.0000
6376,228837.0000
6377,228837.0000
6378,228837.0000
6379,228837.0000
6380,228837.0000
6381,228837.0000
6382,228837.0000
6383,228837.0000
6384,228837.0000
6385,228837.0000
6386,228837.0000
6387,228837.0000
6388,228837.0000
6389,228837.0000
6390,228837.0000
6391,228837.0000
6392,228837.0000
6393,228837.0000
6394,228837.0000
6395,228837.0000
6396,228837.0000
6397,228837.0000
6398,228837.0000
6399,228837.0000
6400,228837.0000
6401,228837.0000
6402,228837.0000
6403,228837.0000
6404,228837.0000
6405,228837.0000
6406,228837.0000
6407,228837.0000
6408,228837.0000
6409,228837.0000
6410,228837.0000
6411,228837.0000
6412,228837.0000
6413,228837.0000
6414,228837.0000
6415,228837.0000
6416,228837.0000
6417,228837.0000
6418,228837.0000
6419,228837.0000
6420,228837.0000
6421,228837.0000
6422,228837.0000
6423,228837.0000
6424,228837.0000
6425,228837.0000
6426,228837.0000
6427,228837.0000
6428,228837.0000
6429,228837.0000
6430,228837.0000
6431,228837.0000
6432,228837.0000
6433,228837.0000
6434,228837.0000
6435,228837.0000
6436,228837.0000
6437,228837.0000
6438,228837.0000
6439,228837.0000
6440,228837.0000
6441,228837.0000
6442,228837.0000
6443,228837.0000
6444,228837.0000
6445,228837.0000
6446,228837.0000
6447,228837.0000
6448,228837.0000
6449,228837.0000
6450,228837.0000
6451,228837.0000
6452,228837.0000
6453,228837.0000
6454,228837.0000
6455,228837.0000
6456,228837.0000
6457,228837.0000
6458,228837.0000
6459,228837.0000
6460,228837.0000
6461,228837.0000
6462,228837.0000
6463,228837.0000
6464,228837.0000
6465,228837.0000
6466,228837.0000
6467,228837.0000
6468,228837.0000
6469,228837.0000
6470,228837.0000
6471,228837.0000
6472,228837.0000
6473,228837.0000
6474,228837.0000
6475,228837.0000
6476,228837.0000
6477,228837.0000
6478,228837.0000
6479,228837.0000
6480,228837.0000
6481,228837.0000
6482,228837.0000
6483,228837.0000
6484,228837.0000
6485,228837.0000
6486,228837.0000
6487,228837.0000
6488,228837.0000
6489,228837.0000
6490,228837.0000
6491,228837.0000
6492,228837.0000
6493,228837.0000
6494,228837.0000
6495,228837.0000
6496,228837.0000
6497,228837.0000
6498,228837.0000
6499,228837.0000
6500,228837.0000
6501,228837.0000
6502,228837.0000
6503,228837.0000
6504,228837.0000
6505,228837.0000
6506,228837.0000
6507,228837.0000
6508,228837.0000
6509,228837.0000
6510,228837.0000
6511,228837.0000
6512,228837.0000
6513,228837.0000
6514,228837.0000
6515,228837.0000
6516,228837.0000
6517,228837.0000
6518,228837.0000
6519,228837.0000
6520,228837.0000
6521,228837.0000
6522,228837.0000
6523,228837.0000
6524,228837.0000
6525,228837.0000
6526,228837.0000
6527,228837.0000
6528,228837.0000
6529,228837.0000
6530,228837.0000
6531,228837.0000
6532,228837.0000
6533,228837.0000
6534,228837.0000
6535,228837.0000
6536,228837.0000
6537,228837.0000
6538,228837.0000
6539,228837.0000
6540,228837.0000
6541,228837.0000
6542,228837.0000
6543,228837.0000
6544,228837.0000
6545,228837.0000
6546,228837.0000
6547,228837.0000
6548,228837.0000
6549,228837.0000
6550,228837.0000
6551,228837.0000
6552,228837.0000
6553,228837.0000
6554,228837.0000
6555,228837.0000
6556,228837.0000
6557,228837.0000
6558,228837.0000
6559,228837.0000
6560,228837.0000
6561,228837.0000
6562,228837.0000
6563,228837.0000
6564,228837.0000
6565,228837.0000
6566,228837.0000
6567,228837.0000
6568,228837.0000
6569,228837.0000
6570,228837.0000
6571,228837.0000
6572,228837.0000
6573,228837.0000
6574,228837.0000
6575,228837.0000
6576,228837.0000
6577,228837.0000
6578,228837.0000
6579,228837.0000
6580,228837.0000
6581,228837.0000
6582,228837.0000
6583,228837.0000
6584,228837.0000
6585,228837.0000
6586,228837.0000
6587,228837.0000
6588,228837.0000
6589,228837.0000
6590,228837.0000
6591,228837.0000
6592,228837.0000
6593,228837.0000
6594,228837.0000
6595,228837.0000
6596,228837.0000
6597,228837.0000
6598,228837.0000
6599,228837.0000
6600,228837.0000
6601,228837.0000
6602,228837.0000
6603,228837.0000
6604,228837.0000
6605,228837.0000
6606,228837.0000
6607,228837.0000
6608,228837.0000
6609,228837.0000
6610,228837.0000
6611,228837.0000
6612,228837.0000
6613,228837.0000
6614,228837.0000
6615,228837.0000
6616,228837.0000
6617,228837.0000
6618,228837.0000
6619,228837.0000
6620,228837.0000
6621,228837.0000
6622,228837.0000
6623,228837.0000
6624,228837.0000
6625,228837.0000
6626,228837.0000
6627,228837.0000
6628,228837.0000
6629,228837.0000
6630,228837.0000
6631,228837.0000
6632,228837.0000
6633,228837.0000
6634,228837.0000
6635,228837.0000
6636,228837.0000
6637,228837.0000
6638,228837.0000
6639,228837.0000
6640,228837.0000
6641,228837.0000
6642,228837.0000
6643,228837.0000
6644,228837.0000
6645,228837.0000
6646,228837.0000
6647,228837.0000
6648,228837.0000
6649,228837.0000
6650,228837.0000
6651,228837.0000
6652,228837.0000
6653,228837.0000
6654,228837.0000
6655,228837.0000
6656,228837.0000
6657,228837.0000
6658,228837.0000
6659,228837.0000
6660,228837.0000
6661,228837.0000
6662,228837.0000
6663,228837.0000
6664,228837.0000
6665,228837.0000
6666,228837.0000
6667,228837.0000
6668,228837.0000
6669,228837.0000
6670,228837.0000
6671,228837.0000
6672,228837.0000
6673,228837.0000
6674,228837.0000
6675,228837.0000
6676,228837.0000
6677,228837.0000
6678,228837.0000
6679,228837.0000
6680,228837.0000
6681,228837.0000
6682,228837.0000
6683,228837.0000
6684,228837.0000
6685,228837.0000
6686,228837.0000
6687,228837.0000
6688,228837.0000
6689,228837.0000
6690,228837.0000
6691,228837.0000
6692,228837.0000
6693,228837.0000
6694,228837.0000
6695,228837.0000
6696,228837.0000
6697,228837.0000
6698,228837.0000
6699,228837.0000
6700,228837.0000
6701,228837.0000
6702,228837.0000
6703,228837.0000
6704,228837.0000
6705,228837.0000
6706,228837.0000
6707,228837.0000
6708,228837.0000
6709,228837.0000
6710,228837.0000
6711,228837.0000
6712,228837.0000
6713,228837.0000
6714,228837.0000
6715,228837.0000
6716,228837.0000
6717,228837.0000
6718,228837.0000
6719,228837.0000
6720,228837.0000
6721,228837.0000
6722,228837.0000
6723,228837.0000
6724,228837.0000
6725,228837.0000
6726,228837.0000
6727,228837.0000
6728,228837.0000
6729,228837.0000
6730,228837.0000
6731,228837.0000
6732,228837.0000
6733,228837.0000
6734,228837.0000
6735,228837.0000
6736,228837.0000
6737,228837.0000
6738,228837.0000
6739,228837.0000
6740,228837.0000
6741,228837.0000
6742,228837.0000
6743,228837.0000
6744,228837.0000
6745,228837.0000
6746,228837.0000
6747,228837.0000
6748,228837.0000
6749,228837.0000
6750,228837.0000
6751,228837.0000
6752,228837.0000
6753,228837.0000
6754,228837.0000
6755,228837.0000
6756,228837.0000
6757,228837.0000
6758,228837.0000
6759,228837.0000
6760,228837.0000
6761,228837.0000
6762,228837.0000
6763,228837.0000
6764,228837.0000
6765,228837.0000
6766,228837.0000
6767,228837.0000
6768,228837.0000
6769,228837.0000
6770,228837.0000
6771,228837.0000
6772,228837.0000
6773,228837.0000
6774,228837.0000
6775,228837.0000
6776,228837.0000
6777,228837.0000
6778,228837.0000
6779,228837.0000
6780,228837.0000
6781,228837.0000
6782,228837.0000
6783,228837.0000
6784,228837.0000
6785,228837.0000
6786,228837.0000
6787,228837.0000
6788,228837.0000
6789,228837.0000
6790,228837.0000
6791,228837.0000
6792,228837.0000
6793,228837.0000
6794,228837.0000
6795,228837.0000
6796,228837.0000
6797,228837.0000
6798,228837.0000
6799,228837.0000
6800,228837.0000
6801,228837.0000
6802,228837.0000
6803,228837.0000
6804,228837.0000
6805,228837.0000
6806,228837.0000
6807,228837.0000
6808,228837.0000
6809,228837.0000
6810,228837.0000
6811,228837.0000
6812,228837.0000
6813,228837.0000
6814,228837.0000
6815,228837.0000
6816,228837.0000
6817,228837.0000
6818,228837.0000
6819,228837.0000
6820,228837.0000
6821,228837.0000
6822,228837.0000
6823,228837.0000
6824,228837.0000
6825,228837.0000
6826,228837.0000
6827,228837.0000
6828,228837.0000
6829,228837.0000
6830,228837.0000
6831,228837.0000
6832,228837.0000
6833,228837.0000
6834,228837.0000
6835,228837.0000
6836,228837.0000
6837,228837.0000
6838,228837.0000
6839,228837.0000
6840,228837.0000
6841,228837.0000
6842,228837.0000
6843,228837.0000
6844,228837.0000
6845,228837.0000
6846,228837.0000
6847,228837.0000
6848,228837.0000
6849,228837.0000
6850,228837.0000
6851,228837.0000
6852,228837.0000
6853,228837.0000
6854,228837.0000
6855,228837.0000
6856,228837.0000
6857,228837.0000
6858,228837.0000
6859,228837.0000
6860,228837.0000
6861,228837.0000
6862,228837.0000
6863,228837.0000
6864,228837.0000
6865,228837.0000
6866,228837.0000
6867,228837.0000
6868,228837.0000
6869,228837.0000
6870,228837.0000
6871,228837.0000
6872,228837.0000
6873,228837.0000
6874,228837.0000
6875,228837.0000
6876,228837.0000
6877,228837.0000
6878,228837.0000
6879,228837.0000
6880,228837.0000
6881,228837.0000
6882,228837.0000
6883,228837.0000
6884,228837.0000
6885,228837.0000
6886,228837.0000
6887,228837.0000
6888,228837.0000
6889,228837.0000
6890,228837.0000
6891,228837.0000
6892,228837.0000
6893,228837.0000
6894,228837.0000
6895,228837.0000
6896,228837.0000
6897,228837.0000
6898,228837.0000
6899,228837.0000
6900,228837.0000
6901,228837.0000
6902,228837.0000
6903,228837.0000
6904,228837.0000
6905,228837.0000
6906,228837.0000
6907,228837.0000
6908,228837.0000
6909,228837.0000
6910,228837.0000
6911,228837.0000
6912,228837.0000
6913,228837.0000
6914,228837.0000
6915,228837.0000
6916,228837.0000
6917,228837.0000
6918,228837.0000
6919,228837.0000
6920,228837.0000
6921,228837.0000
6922,228837.0000
6923,228837.0000
6924,228837.0000
6925,228837.0000
6926,228837.0000
6927,228837.0000
6928,228837.0000
6929,228837.0000
6930,228837.0000
6931,228837.0000
6932,228837.0000
6933,228837.0000
6934,228837.0000
6935,228837.0000
6936,228837.0000
6937,228837.0000
6938,228837.0000
6939,228837.0000
6940,228837.0000
6941,228837.0000
6942,228837.0000
6943,228837.0000
6944,228837.0000
6945,228837.0000
6946,228837.0000
6947,228837.0000
6948,228837.0000
6949,228837.0000
6950,228837.0000
6951,228837.0000
6952,228837.0000
6953,228837.0000
6954,228837.0000
6955,228837.0000
6956,228837.0000
6957,228837.0000
6958,228837.0000
6959,228837.0000
6960,228837.0000
6961,228837.0000
6962,228837.0000
6963,228837.0000
6964,228837.0000
6965,228837.0000
6966,228837.0000
6967,228837.0000
6968,228837.0000
6969,228837.0000
6970,228837.0000
6971,228837.0000
6972,228837.0000
6973,228837.0000
6974,228837.0000
6975,228837.0000
6976,228837.0000
6977,228837.0000
6978,228837.0000
6979,228837.0000
6980,228837.0000
6981,228837.0000
6982,228837.0000
6983,228837.0000
6984,228837.0000
6985,228837.0000
6986,228837.0000
6987,228837.0000
6988,228837.0000
6989,228837.0000
6990,228837.0000
6991,228837.0000
6992,228837.0000
6993,228837.0000
6994,228837.0000
6995,228837.0000
6996,228837.0000
6997,228837.0000
6998,228837.0000
6999,228837.0000
7000,228837.0000
7001,228837.0000
7002,228837.0000
7003,228837.0000
7004,228837.0000
7005,228837.0000
7006,228837.0000
7007,228837.0000
7008,228837.0000
7009,228837.0000
7010,228837.0000
7011,228837.0000
7012,228837.0000
7013,228837.0000
7014,228837.0000
7015,228837.0000
7016,228837.0000
7017,228837.0000
7018,228837.0000
7019,228837.0000
7020,228837.0000
7021,228837.0000
7022,228837.0000
7023,228837.0000
7024,228837.0000
7025,228837.0000
7026,228837.0000
7027,228837.0000
7028,228837.0000
7029,228837.0000
7030,228837.0000
7031,228837.0000
7032,228837.0000
7033,228837.0000
7034,228837.0000
7035,228837.0000
7036,228837.0000
7037,228837.0000
7038,228837.0000
7039,228837.0000
7040,228837.0000
7041,228837.0000
7042,228837.0000
7043,228837.0000
7044,228837.0000
7045,228837.0000
7046,228837.0000
7047,228837.0000
7048,228837.0000
7049,228837.0000
7050,228837.0000
7051,228837.0000
7052,228837.0000
7053,228837.0000
7054,228837.0000
7055,228837.0000
7056,228837.0000
7057,228837.0000
7058,228837.0000
7059,228837.0000
7060,228837.0000
7061,228837.0000
7062,228837.0000
7063,228837.0000
7064,228837.0000
7065,228837.0000
7066,228837.0000
7067,228837.0000
7068,228837.0000
7069,228837.0000
7070,228837.0000
7071,228837.0000
7072,228837.0000
7073,228837.0000
7074,228837.0000
7075,228837.0000
7076,228837.0000
7077,228837.0000
7078,228837.0000
7079,228837.0000
7080,228837.0000
7081,228837.0000
7082,228837.0000
7083,228837.0000
7084,228837.0000
7085,228837.0000
7086,228837.0000
7087,228837.0000
7088,228837.0000
7089,228837.0000
7090,228837.0000
7091,228837.0000
7092,228837.0000
7093,228837.0000
7094,228837.0000
7095,228837.0000
7096,228837.0000
7097,228837.0000
7098,228837.0000
7099,228837.0000
7100,228837.0000
7101,228837.0000
7102,228837.0000
7103,228837.0000
7104,228837.0000
7105,228837.0000
7106,228837.0000
7107,228837.0000
7108,228837.0000
7109,228837.0000
7110,228837.0000
7111,228837.0000
7112,228837.0000
7113,228837.0000
7114,228837.0000
7115,228837.0000
7116,228837.0000
7117,228837.0000
7118,228837.0000
7119,228837.0000
7120,228837.0000
7121,228837.0000
7122,228837.0000
7123,228837.0000
7124,228837.0000
7125,228837.0000
7126,228837.0000
7127,228837.0000
7128,228837.0000
7129,228837.0000
7130,228837.0000
7131,228837.0000
7132,228837.0000
7133,228837.0000
7134,228837.0000
7135,228837.0000
7136,228837.0000
7137,228837.0000
7138,228837.0000
7139,228837.0000
7140,228837.0000
7141,228837.0000
7142,228837.0000
7143,228837.0000
7144,228837.0000
7145,228837.0000
7146,228837.0000
7147,228837.0000
7148,228837.0000
7149,228837.0000
7150,228837.0000
7151,228837.0000
7152,228837.0000
7153,228837.0000
7154,228837.0000
7155,228837.0000
7156,228837.0000
7157,228837.0000
7158,228837.0000
7159,228837.0000
7160,228837.0000
7161,228837.0000
7162,228837.0000
7163,228837.0000
7164,228837.0000
7165,228837.0000
7166,228837.0000
7167,228837.0000
7168,228837.0000
7169,228837.0000
7170,228837.0000
7171,228837.0000
7172,228837.0000
7173,228837.0000
7174,228837.0000
7175,228837.0000
7176,228837.0000
7177,228837.0000
7178,228837.0000
7179,228837.0000
7180,228837.0000
7181,228837.0000
7182,228837.0000
7183,228837.0000
7184,228837.0000
7185,228837.0000
7186,228837.0000
7187,228837.0000
7188,228837.0000
7189,228837.0000
7190,228837.0000
7191,228837.0000
7192,228837.0000
7193,228837.0000
7194,228837.0000
7195,228837.0000
7196,228837.0000
7197,228837.0000
7198,228837.0000
7199,228837.0000
7200,228837.0000
7201,228837.0000
7202,228837.0000
7203,228837.0000
7204,228837.0000
7205,228837.0000
7206,228837.0000
7207,228837.0000
7208,228837.0000
7209,228837.0000
7210,228837.0000
7211,228837.0000
7212,228837.0000
7213,228837.0000
7214,228837.0000
7215,228837.0000
7216,228837.0000
7217,228837.0000
7218,228837.0000
7219,228837.0000
7220,228837.0000
7221,228837.0000
7222,228837.0000
7223,228837.0000
7224,228837.0000
7225,228837.0000
7226,228837.0000
7227,228837.0000
7228,228837.0000
7229,228837.0000
7230,228837.0000
7231,228837.0000
7232,228837.0000
7233,228837.0000
7234,228837.0000
7235,228837.0000
7236,228837.0000
7237,228837.0000
7238,228837.0000
7239,228837.0000
7240,228837.0000
7241,228837.0000
7242,228837.0000
7243,228837.0000
7244,228837.0000
7245,228837.0000
7246,228837.0000
7247,228837.0000
7248,228837.0000
7249,228837.0000
7250,228837.0000
7251,228837.0000
7252,228837.0000
7253,228837.0000
7254,228837.0000
7255,228837.0000
7256,228837.0000
7257,228837.0000
7258,228837.0000
7259,228837.0000
7260,228837.0000
7261,228837.0000
7262,228837.0000
7263,228837.0000
7264,228837.0000
7265,228837.0000
7266,228837.0000
7267,228837.0000
7268,228837.0000
7269,228837.0000
7270,228837.0000
7271,228837.0000
7272,228837.0000
7273,228837.0000
7274,228837.0000
7275,228837.0000
7276,228837.0000
7277,228837.0000
7278,228837.0000
7279,228837.0000
7280,228837.0000
7281,228837.0000
7282,228837.0000
7283,228837.0000
7284,228837.0000
7285,228837.0000
7286,228837.0000
7287,228837.0000
7288,228837.0000
7289,228837.0000
7290,228837.0000
7291,228837.0000
7292,228837.0000
7293,228837.0000
7294,228837.0000
7295,228837.0000
7296,228837.0000
7297,228837.0000
7298,228837.0000
7299,228837.0000
7300,228837.0000
7301,228837.0000
7302,228837.0000
7303,228837.0000
7304,228837.0000
7305,228837.0000
7306,228837.0000
7307,228837.0000
7308,228837.0000
7309,228837.0000
7310,228837.0000
7311,228837.0000
7312,228837.0000
7313,228837.0000
7314,228837.0000
7315,228837.0000
7316,228837.0000
7317,228837.0000
7318,228837.0000
7319,228837.0000
7320,228837.0000
7321,228837.0000
7322,228837.0000
7323,228837.0000
7324,228837.0000
7325,228837.0000
7326,228837.0000
7327,228837.0000
7328,228837.0000
7329,228837.0000
7330,228837.0000
7331,228837.0000
7332,228837.0000
7333,228837.0000
7334,228837.0000
7335,228837.0000
7336,228837.0000
7337,228837.0000
7338,228837.0000
7339,228837.0000
7340,228837.0000
7341,228837.0000
7342,228837.0000
7343,228837.0000
7344,228837.0000
7345,228837.0000
7346,228837.0000
7347,228837.0000
7348,228837.0000
7349,228837.0000
7350,228837.0000
7351,228837.0000
7352,228837.0000
7353,228837.0000
7354,228837.0000
7355,228837.0000
7356,228837.0000
7357,228837.0000
7358,228837.0000
7359,228837.0000
7360,228837.0000
7361,228837.0000
7362,228837.0000
7363,228837.0000
7364,228837.0000
7365,228837.0000
7366,228837.0000
7367,228837.0000
7368,228837.0000
7369,228837.0000
7370,228837.0000
7371,228837.0000
7372,228837.0000
7373,228837.0000
7374,228837.0000
7375,228837.0000
7376,228837.0000
7377,228837.0000
7378,228837.0000
7379,228837.0000
7380,228837.0000
7381,228837.0000
7382,228837.0000
7383,228837.0000
7384,228837.0000
7385,228837.0000
7386,228837.0000
7387,228837.0000
7388,228837.0000
7389,228837.0000
7390,228837.0000
7391,228837.0000
7392,228837.0000
7393,228837.0000
7394,228837.0000
7395,228837.0000
7396,228837.0000
7397,228837.0000
7398,228837.0000
7399,228837.0000
7400,228837.0000
7401,228837.0000
7402,228837.0000
7403,228837.0000
7404,228837.0000
7405,228837.0000
7406,228837.0000
7407,228837.0000
7408,228837.0000
7409,228837.0000
7410,228837.0000
7411,228837.0000
7412,228837.0000
7413,228837.0000
7414,228837.0000
7415,228837.0000
7416,228837.0000
7417,228837.0000
7418,228837.0000
7419,228837.0000
7420,228837.0000
7421,228837.0000
7422,228837.0000
7423,228837.0000
7424,228837.0000
7425,228837.0000
7426,228837.0000
7427,228837.0000
7428,228837.0000
7429,228837.0000
7430,228837.0000
7431,228837.0000
7432,228837.0000
7433,228837.0000
7434,228837.0000
7435,228837.0000
7436,228837.0000
7437,228837.0000
7438,228837.0000
7439,228837.0000
7440,228837.0000
7441,228837.0000
7442,228837.0000
7443,228837.0000
7444,228837.0000
7445,228837.0000
7446,228837.0000
7447,228837.0000
7448,228837.0000
7449,228837.0000
7450,228837.0000
7451,228837.0000
7452,228837.0000
7453,228837.0000
7454,228837.0000
7455,228837.0000
7456,228837.0000
7457,228837.0000
7458,228837.0000
7459,228837.0000
7460,228837.0000
7461,228837.0000
7462,228837.0000
7463,228837.0000
7464,228837.0000
7465,228837.0000
7466,228837.0000
7467,228837.0000
7468,228837.0000
7469,228837.0000
7470,228837.0000
7471,228837.0000
7472,228837.0000
7473,228837.0000
7474,228837.0000
7475,228837.0000
7476,228837.0000
7477,228837.0000
7478,228837.0000
7479,228837.0000
7480,228837.0000
7481,228837.0000
7482,228837.0000
7483,228837.0000
7484,228837.0000
7485,228837.0000
7486,228837.0000
7487,228837.0000
7488,228837.0000
7489,228837.0000
7490,228837.0000
7491,228837.0000
7492,228837.0000
7493,228837.0000
7494,228837.0000
7495,228837.0000
7496,228837.0000
7497,228837.0000
7498,228837.0000
7499,228837.0000
7500,228837.0000
7501,228837.0000
7502,228837.0000
7503,228837.0000
7504,228837.0000
7505,228837.0000
7506,228837.0000
7507,228837.0000
7508,228837.0000
7509,228837.0000
7510,228837.0000
7511,228837.0000
7512,228837.0000
7513,228837.0000
7514,228837.0000
7515,228837.0000
7516,228837.0000
7517,228837.0000
7518,228837.0000
7519,228837.0000
7520,228837.0000
7521,228837.0000
7522,228837.0000
7523,228837.0000
7524,228837.0000
7525,228837.0000
7526,228837.0000
7527,228837.0000
7528,228837.0000
7529,228837.0000
7530,228837.0000
7531,228837.0000
7532,228837.0000
7533,228837.0000
7534,228837.0000
7535,228837.0000
7536,228837.0000
7537,228837.0000
7538,228837.0000
7539,228837.0000
7540,228837.0000
7541,228837.0000
7542,228837.0000
7543,228837.0000
7544,228837.0000
7545,228837.0000
7546,228837.0000
7547,228837.0000
7548,228837.0000
7549,228837.0000
7550,228837.0000
7551,228837.0000
7552,228837.0000
7553,228837.0000
7554,228837.0000
7555,228837.0000
7556,228837.0000
7557,228837.0000
7558,228837.0000
7559,228837.0000
7560,228837.0000
7561,228837.0000
7562,228837.0000
7563,228837.0000
7564,228837.0000
7565,228837.0000
7566,228837.0000
7567,228837.0000
7568,228837.0000
7569,228837.0000
7570,228837.0000
7571,228837.0000
7572,228837.0000
7573,228837.0000
7574,228837.0000
7575,228837.0000
7576,228837.0000
7577,228837.0000
7578,228837.0000
7579,228837.0000
7580,228837.0000
7581,228837.0000
7582,228837.0000
7583,228837.0000
7584,228837.0000
7585,228837.0000
7586,228837.0000
7587,228837.0000
7588,228837.0000
7589,228837.0000
7590,228837.0000
7591,228837.0000
7592,228837.0000
7593,228837.0000
7594,228837.0000
7595,228837.0000
7596,228837.0000
7597,228837.0000
7598,228837.0000
7599,228837.0000
7600,228837.0000
7601,228837.0000
7602,228837.0000
7603,228837.0000
7604,228837.0000
7605,228837.0000
7606,228837.0000
7607,228837.0000
7608,228837.0000
7609,228837.0000
7610,228837.0000
7611,228837.0000
7612,228837.0000
7613,228837.0000
7614,228837.0000
7615,228837.0000
7616,228837.0000
7617,228837.0000
7618,228837.0000
7619,228837.0000
7620,228837.0000
7621,228837.0000
7622,228837.0000
7623,228837.0000
7624,228837.0000
7625,228837.0000
7626,228837.0000
7627,228837.0000
7628,228837.0000
7629,228837.0000
7630,228837.0000
7631,228837.0000
7632,228837.0000
7633,228837.0000
7634,228837.0000
7635,228837.0000
7636,228837.0000
7637,228837.0000
7638,228837.0000
7639,228837.0000
7640,228837.0000
7641,228837.0000
7642,228837.0000
7643,228837.0000
7644,228837.0000
7645,228837.0000
7646,228837.0000
7647,228837.0000
7648,228837.0000
7649,228837.0000
7650,228837.0000
7651,228837.0000
7652,228837.0000
7653,228837.0000
7654,228837.0000
7655,228837.0000
7656,228837.0000
7657,228837.0000
7658,228837.0000
7659,228837.0000
7660,228837.0000
7661,228837.0000
7662,228837.0000
7663,228837.0000
7664,228837.0000
7665,228837.0000
7666,228837.0000
7667,228837.0000
7668,228837.0000
7669,228837.0000
7670,228837.0000
7671,228837.0000
7672,228837.0000
7673,228837.0000
7674,228837.0000
7675,228837.0000
7676,228837.0000
7677,228837.0000
7678,228837.0000
7679,228837.0000
7680,228837.0000
7681,228837.0000
7682,228837.0000
7683,228837.0000
7684,228837.0000
7685,228837.0000
7686,228837.0000
7687,228837.0000
7688,228837.0000
7689,228837.0000
7690,228837.0000
7691,228837.0000
7692,228837.0000
7693,228837.0000
7694,228837.0000
7695,228837.0000
7696,228837.0000
7697,228837.0000
7698,228837.0000
7699,228837.0000
7700,228837.0000
7701,228837.0000
7702,228837.0000
7703,228837.0000
7704,228837.0000
7705,228837.0000
7706,228837.0000
7707,228837.0000
7708,228837.0000
7709,228837.0000
7710,228837.0000
7711,228837.0000
7712,228837.0000
7713,228837.0000
7714,228837.0000
7715,228837.0000
7716,228837.0000
7717,228837.0000
7718,228837.0000
7719,228837.0000
7720,228837.0000
7721,228837.0000
7722,228837.0000
7723,228837.0000
7724,228837.0000
7725,228837.0000
7726,228837.0000
7727,228837.0000
7728,228837.0000
7729,228837.0000
7730,228837.0000
7731,228837.0000
7732,228837.0000
7733,228837.0000
7734,228837.0000
7735,228837.0000
7736,228837.0000
7737,228837.0000
7738,228837.0000
7739,228837.0000
7740,228837.0000
7741,228837.0000
7742,228837.0000
7743,228837.0000
7744,228837.0000
7745,228837.0000
7746,228837.0000
7747,228837.0000
7748,228837.0000
7749,228837.0000
7750,228837.0000
7751,228837.0000
7752,228837.0000
7753,228837.0000
7754,228837.0000
7755,228837.0000
7756,228837.0000
7757,228837.0000
7758,228837.0000
7759,228837.0000
7760,228837.0000
7761,228837.0000
7762,228837.0000
7763,228837.0000
7764,228837.0000
7765,228837.0000
7766,228837.0000
7767,228837.0000
7768,228837.0000
7769,228837.0000
7770,228837.0000
7771,228837.0000
7772,228837.0000
7773,228837.0000
7774,228837.0000
7775,228837.0000
7776,228837.0000
7777,228837.0000
7778,228837.0000
7779,228837.0000
7780,228837.0000
7781,228837.0000
7782,228837.0000
7783,228837.0000
7784,228837.0000
7785,228837.0000
7786,228837.0000
7787,228837.0000
7788,228837.0000
7789,228837.0000
7790,228837.0000
7791,228837.0000
7792,228837.0000
7793,228837.0000
7794,228837.0000
7795,228837.0000
7796,228837.0000
7797,228837.0000
7798,228837.0000
7799,228837.0000
7800,228837.0000
7801,228837.0000
7802,228837.0000
7803,228837.0000
7804,228837.0000
7805,228837.0000
7806,228837.0000
7807,228837.0000
7808,228837.0000
7809,228837.0000
7810,228837.0000
7811,228837.0000
7812,228837.0000
7813,228837.0000
7814,228837.0000
7815,228837.0000
7816,228837.0000
7817,228837.0000
7818,228837.0000
7819,228837.0000
7820,228837.0000
7821,228837.0000
7822,228837.0000
7823,228837.0000
7824,228837.0000
7825,228837.0000
7826,228837.0000
7827,228837.0000
7828,228837.0000
7829,228837.0000
7830,228837.0000
7831,228837.0000
7832,228837.0000
7833,228837.0000
7834,228837.0000
7835,228837.0000
7836,228837.0000
7837,228837.0000
7838,228837.0000
7839,228837.0000
7840,228837.0000
7841,228837.0000
7842,228837.0000
7843,228837.0000
7844,228837.0000
7845,228837.0000
7846,228837.0000
7847,228837.0000
7848,228837.0000
7849,228837.0000
7850,228837.0000
7851,228837.0000
7852,228837.0000
7853,228837.0000
7854,228837.0000
7855,228837.0000
7856,228837.0000
7857,228837.0000
7858,228837.0000
7859,228837.0000
7860,228837.0000
7861,228837.0000
7862,228837.0000
7863,228837.0000
7864,228837.0000
7865,228837.0000
7866,228837.0000
7867,228837.0000
7868,228837.0000
7869,228837.0000
7870,228837.0000
7871,228837.0000
7872,228837.0000
7873,228837.0000
7874,228837.0000
7875,228837.0000
7876,228837.0000
7877,228837.0000
7878,228837.0000
7879,228837.0000
7880,228837.0000
7881,228837.0000
7882,228837.0000
7883,228837.0000
7884,228837.0000
7885,228837.0000
7886,228837.0000
7887,228837.0000
7888,228837.0000
7889,228837.0000
7890,228837.0000
7891,228837.0000
7892,228837.0000
7893,228837.0000
7894,228837.0000
7895,228837.0000
7896,228837.0000
7897,228837.0000
7898,228837.0000
7899,228837.0000
7900,228837.0000
7901,228837.0000
7902,228837.0000
7903,228837.0000
7904,228837.0000
7905,228837.0000
7906,228837.0000
7907,228837.0000
7908,228837.0000
7909,228837.0000
7910,228837.0000
7911,228837.0000
7912,228837.0000
7913,228837.0000
7914,228837.0000
7915,228837.0000
7916,228837.0000
7917,228837.0000
7918,228837.0000
7919,228837.0000
7920,228837.0000
7921,228837.0000
7922,228837.0000
7923,228837.0000
7924,228837.0000
7925,228837.0000
7926,228837.0000
7927,228837.0000
7928,228837.0000
7929,228837.0000
7930,228837.0000
7931,228837.0000
7932,228837.0000
7933,228837.0000
7934,228837.0000
7935,228837.0000
7936,228837.0000
7937,228837.0000
7938,228837.0000
7939,228837.0000
7940,228837.0000
7941,228837.0000
7942,228837.0000
7943,228837.0000
7944,228837.0000
7945,228837.0000
7946,228837.0000
7947,228837.0000
7948,228837.0000
7949,228837.0000
7950,228837.0000
7951,228837.0000
7952,228837.0000
7953,228837.0000
7954,228837.0000
7955,228837.0000
7956,228837.0000
7957,228837.0000
7958,228837.0000
7959,228837.0000
7960,228837.0000
7961,228837.0000
7962,228837.0000
7963,228837.0000
7964,228837.0000
7965,228837.0000
7966,228837.0000
7967,228837.0000
7968,228837.0000
7969,228837.0000
7970,228837.0000
7971,228837.0000
7972,228837.0000
7973,228837.0000
7974,228837.0000
7975,228837.0000
7976,228837.0000
7977,228837.0000
7978,228837.0000
7979,228837.0000
7980,228837.0000
7981,228837.0000
7982,228837.0000
7983,228837.0000
7984,228837.0000
7985,228837.0000
7986,228837.0000
7987,228837.0000
7988,228837.0000
7989,228837.0000
7990,228837.0000
7991,228837.0000
7992,228837.0000
7993,228837.0000
7994,228837.0000
7995,228837.0000
7996,228837.0000
7997,228837.0000
7998,228837.0000
7999,228837.0000
8000,228837.0000
8001,228837.0000
8002,228837.0000
8003,228837.0000
8004,228837.0000
8005,228837.0000
8006,228837.0000
8007,228837.0000
8008,228837.0000
8009,228837.0000
8010,228837.0000
8011,228837.0000
8012,228837.0000
8013,228837.0000
8014,228837.0000
8015,228837.0000
8016,228837.0000
8017,228837.0000
8018,228837.0000
8019,228837.0000
8020,228837.0000
8021,228837.0000
8022,228837.0000
8023,228837.0000
8024,228837.0000
8025,228837.0000
8026,228837.0000
8027,228837.0000
8028,228837.0000
8029,228837.0000
8030,228837.0000
8031,228837.0000
8032,228837.0000
8033,228837.0000
8034,228837.0000
8035,228837.0000
8036,228837.0000
8037,228837.0000
8038,228837.0000
8039,228837.0000
8040,228837.0000
8041,228837.0000
8042,228837.0000
8043,228837.0000
8044,228837.0000
8045,228837.0000
8046,228837.0000
8047,228837.0000
8048,228837.0000
8049,228837.0000
8050,228837.0000
8051,228837.0000
8052,228837.0000
8053,228837.0000
8054,228837.0000
8055,228837.0000
8056,228837.0000
8057,228837.0000
8058,228837.0000
8059,228837.0000
8060,228837.0000
8061,228837.0000
8062,228837.0000
8063,228837.0000
8064,228837.0000
8065,228837.0000
8066,228837.0000
8067,228837.0000
8068,228837.0000
8069,228837.0000
8070,228837.0000
8071,228837.0000
8072,228837.0000
8073,228837.0000
8074,228837.0000
8075,228837.0000
8076,228837.0000
8077,228837.0000
8078,228837.0000
8079,228837.0000
8080,228837.0000
8081,228837.0000
8082,228837.0000
8083,228837.0000
8084,228837.0000
8085,228837.0000
8086,228837.0000
8087,228837.0000
8088,228837.0000
8089,228837.0000
8090,228837.0000
8091,228837.0000
8092,228837.0000
8093,228837.0000
8094,228837.0000
8095,228837.0000
8096,228837.0000
8097,228837.0000
8098,228837.0000
8099,228837.0000
8100,228837.0000
8101,228837.0000
8102,228837.0000
8103,228837.0000
8104,228837.0000
8105,228837.0000
8106,228837.0000
8107,228837.0000
8108,228837.0000
8109,228837.0000
8110,228837.0000
8111,228837.0000
8112,228837.0000
8113,228837.0000
8114,228837.0000
8115,228837.0000
8116,228837.0000
8117,228837.0000
8118,228837.0000
8119,228837.0000
8120,228837.0000
8121,228837.0000
8122,228837.0000
8123,228837.0000
8124,228837.0000
8125,228837.0000
8126,228837.0000
8127,228837.0000
8128,228837.0000
8129,228837.0000
8130,228837.0000
8131,228837.0000
8132,228837.0000
8133,228837.0000
8134,228837.0000
8135,228837.0000
8136,228837.0000
8137,228837.0000
8138,228837.0000
8139,228837.0000
8140,228837.0000
8141,228837.0000
8142,228837.0000
8143,228837.0000
8144,228837.0000
8145,228837.0000
8146,228837.0000
8147,228837.0000
8148,228837.0000
8149,228837.0000
8150,228837.0000
8151,228837.0000
8152,228837.0000
8153,228837.0000
8154,228837.0000
8155,228837.0000
8156,228837.0000
8157,228837.0000
8158,228837.0000
8159,228837.0000
8160,228837.0000
8161,228837.0000
8162,228837.0000
8163,228837.0000
8164,228837.0000
8165,228837.0000
8166,228837.0000
8167,228837.0000
8168,228837.0000
8169,228837.0000
8170,228837.0000
8171,228837.0000
8172,228837.0000
8173,228837.0000
8174,228837.0000
8175,228837.0000
8176,228837.0000
8177,228837.0000
8178,228837.0000
8179,228837.0000
8180,228837.0000
8181,228837.0000
8182,228837.0000
8183,228837.0000
8184,228837.0000
8185,228837.0000
8186,228837.0000
8187,228837.0000
8188,228837.0000
8189,228837.0000
8190,228837.0000
8191,228837.0000
8192,228837.0000
8193,228837.0000
8194,228837.0000
8195,228837.0000
8196,228837.0000
8197,228837.0000
8198,228837.0000
8199,228837.0000
8200,228837.0000
8201,228837.0000
8202,228837.0000
8203,228837.0000
8204,228837.0000
8205,228837.0000
8206,228837.0000
8207,228837.0000
8208,228837.0000
8209,228837.0000
8210,228837.0000
8211,228837.0000
8212,228837.0000
8213,228837.0000
8214,228837.0000
8215,228837.0000
8216,228837.0000
8217,228837.0000
8218,228837.0000
8219,228837.0000
8220,228837.0000
8221,228837.0000
8222,228837.0000
8223,228837.0000
8224,228837.0000
8225,228837.0000
8226,228837.0000
8227,228837.0000
8228,228837.0000
8229,228837.0000
8230,228837.0000
8231,228837.0000
8232,228837.0000
8233,228837.0000
8234,228837.0000
8235,228837.0000
8236,228837.0000
8237,228837.0000
8238,228837.0000
8239,228837.0000
8240,228837.0000
8241,228837.0000
8242,228837.0000
8243,228837.0000
8244,228837.0000
8245,228837.0000
8246,228837.0000
8247,228837.0000
8248,228837.0000
8249,228837.0000
8250,228837.0000
8251,228837.0000
8252,228837.0000
8253,228837.0000
8254,228837.0000
8255,228837.0000
8256,228837.0000
8257,228837.0000
8258,228837.0000
8259,228837.0000
8260,228837.0000
8261,228837.0000
8262,228837.0000
8263,228837.0000
8264,228837.0000
8265,228837.0000
8266,228837.0000
8267,228837.0000
8268,228837.0000
8269,228837.0000
8270,228837.0000
8271,228837.0000
8272,228837.0000
8273,228837.0000
8274,228837.0000
8275,228837.0000
8276,228837.0000
8277,228837.0000
8278,228837.0000
8279,228837.0000
8280,228837.0000
8281,228837.0000
8282,228837.0000
8283,228837.0000
8284,228837.0000
8285,228837.0000
8286,228837.0000
8287,228837.0000
8288,228837.0000
8289,228837.0000
8290,228837.0000
8291,228837.0000
8292,228837.0000
8293,228837.0000
8294,228837.0000
8295,228837.0000
8296,228837.0000
8297,228837.0000
8298,228837.0000
8299,228837.0000
8300,228837.0000
8301,228837.0000
8302,228837.0000
8303,228837.0000
8304,228837.0000
8305,228837.0000
8306,228837.0000
8307,228837.0000
8308,228837.0000
8309,228837.0000
8310,228837.0000
8311,228837.0000
8312,228837.0000
8313,228837.0000
8314,228837.0000
8315,228837.0000
8316,228837.0000
8317,228837.0000
8318,228837.0000
8319,228837.0000
8320,228837.0000
8321,228837.0000
8322,228837.0000
8323,228837.0000
8324,228837.0000
8325,228837.0000
8326,228837.0000
8327,228837.0000
8328,228837.0000
8329,228837.0000
8330,228837.0000
8331,228837.0000
8332,228837.0000
8333,228837.0000
8334,228837.0000
8335,228837.0000
8336,228837.0000
8337,228837.0000
8338,228837.0000
8339,228837.0000
8340,228837.0000
8341,228837.0000
8342,228837.0000
8343,228837.0000
8344,228837.0000
8345,228837.0000
8346,228837.0000
8347,228837.0000
8348,228837.0000
8349,228837.0000
8350,228837.0000
8351,228837.0000
8352,228837.0000
8353,228837.0000
8354,228837.0000
8355,228837.0000
8356,228837.0000
8357,228837.0000
8358,228837.0000
8359,228837.0000
8360,228837.0000
8361,228837.0000
8362,228837.0000
8363,228837.0000
8364,228837.0000
8365,228837.0000
