════════════════════════════════════════════════════════════════
              最优Cmax解的详细调度记录
════════════════════════════════════════════════════════════════

【基本信息】
----------------------------------------------------------------------------------------------------
Cmax (最大完工时间): 73336.54
能耗: 954.24 kWh
装箱质量: 0.2734
批次总数: 14
工件数量: 100
机器数量: 17 (打印机:5, 批处理机:2, 离散机:10)

【染色体编码】
----------------------------------------------------------------------------------------------------
工序序列 (OS): [67, 44, 30, 21, 99, 10, 61, 66, 45, 4, 28, 82, 6, 68, 39, 20, 24, 38, 62, 88, 86, 98, 63, 91, 55, 60, 78, 36, 87, 9, 32, 81, 34, 84, 14, 58, 51, 16, 22, 46, 96, 47, 69, 25, 23, 3, 40, 56, 37, 35, 54, 49, 75, 29, 59, 15, 11, 13, 72, 77, 79, 12, 1, 83, 52, 80, 33, 48, 41, 27, 43, 50, 73, 17, 0, 95, 57, 76, 94, 92, 90, 19, 53, 7, 5, 18, 85, 42, 70, 64, 89, 65, 71, 97, 2, 8, 93, 31, 26, 74, 92, 49, 41, 83, 31, 96, 69, 58, 5, 17, 10, 30, 34, 20, 5, 97, 58, 68, 46, 40, 52, 10, 99, 23, 30, 72, 89, 25, 85, 0, 13, 55, 26, 18, 40, 2, 68, 47, 33, 15, 83, 75, 10, 47, 28, 15, 81, 32, 39, 70, 78, 7, 53, 0, 35, 28, 46, 1, 96, 26, 55, 96, 5, 83, 7, 36, 94, 41, 33, 45, 77, 65, 6, 21, 74, 74, 45, 32, 52, 4, 67, 31, 26, 23, 66, 36, 8, 14, 77, 74, 30, 42, 21, 73, 37, 83, 67, 65, 41, 97, 86, 33, 88, 29, 94, 11, 68, 14, 17, 90, 50, 93, 11, 86, 72, 15, 4, 94, 71, 23, 39, 10, 53, 6, 41, 45, 87, 92, 46, 24, 24, 33, 94, 8, 28, 65, 93, 59, 25, 47, 75, 4, 0, 36, 20, 3, 36, 52, 7, 31, 49, 47, 72, 25, 59, 14, 72, 5, 96, 45, 94, 86, 30, 23, 17, 30, 14, 59, 24, 82, 41, 13, 9, 40, 99, 26, 28, 66, 6, 88, 13, 8, 45, 17, 36, 59, 47, 30, 16, 83, 8, 24, 5, 57, 47, 24, 93, 24, 58, 60, 49, 11, 69, 10, 59, 25, 66, 81, 99, 99, 32, 31, 43, 6, 97, 23, 39, 14, 71, 23, 28, 3, 1, 0, 87, 4, 8, 7, 46, 66, 15, 3, 71, 17, 54, 24, 69, 13, 36, 67, 75, 96, 65, 45, 82, 55, 35, 30, 26, 51, 41, 30, 33, 20, 48, 69, 32, 34, 89, 4, 44, 72, 26, 5, 32, 42, 12, 75, 88, 52, 16, 94, 75, 37, 43, 39, 11, 77, 34, 67, 46, 26, 96, 1, 26, 25, 87, 52, 3, 17, 3, 99, 40, 11, 72, 93, 19, 7, 43, 13, 64, 15, 29, 62, 14, 4, 99, 96, 69, 45, 85, 79, 43, 46, 31, 86, 47, 65, 66, 32, 21, 55, 9, 91, 8, 17, 55, 14, 20, 57, 69, 13, 20, 25, 58, 33, 23, 40, 72, 37, 43, 83, 14, 52, 15, 69, 36, 55]
机器选择 (MS): [4, 5, 1, 4, 5, 3, 4, 5, 5, 2, 5, 5, 5, 5, 3, 1, 1, 1, 3, 2, 2, 1, 3, 2, 1, 2, 5, 1, 5, 1, 1, 4, 2, 2, 1, 1, 5, 2, 4, 5, 2, 5, 1, 2, 2, 3, 1, 5, 5, 2, 2, 2, 4, 3, 1, 5, 5, 5, 1, 3, 5, 3, 3, 1, 1, 5, 2, 1, 1, 2, 2, 1, 1, 4, 4, 2, 1, 3, 4, 4, 3, 1, 4, 2, 3, 3, 1, 1, 4, 1, 1, 2, 2, 1, 1, 2, 4, 2, 5, 1, 1, 3, 1, 2, 2, 1, 1, 2, 1, 2, 1, 2, 1, 1, 2, 1, 3, 3, 1, 1, 1, 2, 1, 1, 3, 3, 1, 2, 2, 1, 2, 1, 2, 1, 1, 1, 1, 2, 1, 1, 2, 3, 1, 2, 3, 1, 3, 1, 1, 2, 3, 3, 2, 1, 1, 1, 2, 1, 2, 1, 2, 1, 2, 2, 1, 1, 2, 2, 3, 2, 1, 1, 3, 1, 1, 1, 1, 2, 1, 2, 2, 1, 2, 1, 2, 1, 2, 2, 3, 1, 2, 1, 2, 3, 1, 2, 1, 1, 1, 2, 1, 1, 1, 1, 1, 1, 2, 1, 3, 1, 1, 2, 1, 1, 2, 1, 1, 2, 2, 1, 1, 1, 2, 3, 1, 2, 3, 1, 3, 1, 1, 2, 2, 2, 1, 1, 3, 1, 1, 1, 1, 3, 1, 1, 3, 2, 2, 1, 2, 3, 1, 1, 1, 1, 1, 1, 3, 3, 1, 2, 2, 2, 1, 3, 3, 2, 1, 2, 1, 1, 1, 2, 1, 1, 2, 1, 1, 1, 1, 1, 2, 3, 1, 2, 3, 1, 1, 1, 3, 2, 1, 1, 1, 1, 1, 1, 2, 1, 1, 1, 1, 1, 1, 1, 1, 2, 1, 1, 1, 1, 1, 1, 2, 1, 1, 1, 1, 1, 2, 2, 1, 1, 3, 2, 1, 1, 1, 1, 1, 2, 1, 1, 1, 2, 1, 1, 2, 1, 1, 1, 1, 1, 1, 2, 1, 1, 1, 3, 1, 2, 1, 2, 1, 1, 1, 2, 2, 3, 1, 1, 1, 2, 3, 1, 2, 2, 1, 2, 1, 1, 1, 1, 3, 2, 1, 1, 1, 2, 2, 1, 1, 1, 1, 1, 1, 1, 1, 2, 1, 1, 2, 1, 3, 2, 1, 1, 1, 1, 1, 1, 2, 1, 1, 1, 1, 1, 3, 1, 1, 1, 2, 2, 1, 1, 1, 1, 2, 1, 2, 1, 1, 2, 2, 2, 1, 2, 1, 1, 3, 1, 1, 1, 1, 1, 1, 1, 1, 1, 3, 2, 1, 1, 1, 1, 1, 2, 1, 1]

【零件加工顺序记录】
----------------------------------------------------------------------------------------------------
工件号      工序号             机器号             开始时间            结束时间            加工时长           
----------------------------------------------------------------------------------------------------

工件 0:
  0        0               打印机4            45405.18        54339.76        8934.59        
  0        1               批处理机2           54339.76        55403.76        1064.00        
  0        2               离散机3            55403.76        56303.76        900.00         
  0        3               离散机10           56357.76        57563.76        1206.00        
  0        4               离散机1            57703.00        58618.00        915.00         
  0        5               离散机4            65788.54        67493.54        1705.00        

工件 1:
  1        0               打印机3            0.00            41093.78        41093.78       
  1        1               批处理机2           41093.78        42157.78        1064.00        
  1        2               离散机8            42157.78        43801.78        1644.00        
  1        3               离散机7            67713.61        69495.61        1782.00        
  1        4               离散机2            69911.61        70835.61        924.00         

工件 2:
  2        0               打印机1            45627.18        58921.54        13294.36       
  2        1               批处理机2           58921.54        59985.54        1064.00        
  2        2               离散机3            59985.54        61647.54        1662.00        

工件 3:
  3        0               打印机3            0.00            41093.78        41093.78       
  3        1               批处理机2           41093.78        42157.78        1064.00        
  3        2               离散机1            43830.78        44762.78        932.00         
  3        3               离散机10           51568.18        52830.18        1262.00        
  3        4               离散机2            67319.61        68317.61        998.00         
  3        5               离散机7            69495.61        70586.61        1091.00        
  3        6               离散机2            70835.61        72200.61        1365.00        

工件 4:
  4        0               打印机2            0.00            29156.70        29156.70       
  4        1               批处理机2           29156.70        30220.70        1064.00        
  4        2               离散机1            30220.70        31353.70        1133.00        
  4        3               离散机10           31353.70        32701.70        1348.00        
  4        4               离散机3            33085.70        34316.70        1231.00        
  4        5               离散机8            34316.70        35233.70        917.00         
  4        6               离散机8            35233.70        36691.70        1458.00        
  4        7               离散机6            36691.70        38029.70        1338.00        

工件 5:
  5        0               打印机3            0.00            41093.78        41093.78       
  5        1               批处理机2           41093.78        42157.78        1064.00        
  5        2               离散机1            42157.78        43830.78        1673.00        
  5        3               离散机8            43830.78        45126.78        1296.00        
  5        4               离散机2            45126.78        46046.78        920.00         
  5        5               离散机2            56959.18        58130.18        1171.00        
  5        6               离散机2            61997.00        62897.00        900.00         
  5        7               离散机8            63321.00        64798.00        1477.00        

工件 6:
  6        0               打印机5            0.00            38597.00        38597.00       
  6        1               批处理机2           38597.00        39661.00        1064.00        
  6        2               离散机6            39661.00        40666.00        1005.00        
  6        3               离散机2            42250.00        43915.00        1665.00        
  6        4               离散机3            45419.00        46375.00        956.00         
  6        5               离散机9            51594.18        52871.18        1277.00        

工件 7:
  7        0               打印机2            0.00            29156.70        29156.70       
  7        1               批处理机2           29156.70        30220.70        1064.00        
  7        2               离散机2            31883.70        32871.70        988.00         
  7        3               离散机8            32871.70        34087.70        1216.00        
  7        4               离散机1            34087.70        35013.70        926.00         
  7        5               离散机2            37598.70        38943.70        1345.00        
  7        6               离散机9            39533.70        40995.70        1462.00        

工件 8:
  8        0               打印机2            0.00            29156.70        29156.70       
  8        1               批处理机2           29156.70        30220.70        1064.00        
  8        2               离散机5            30220.70        31476.70        1256.00        
  8        3               离散机6            31476.70        32503.70        1027.00        
  8        4               离散机2            34197.70        35808.70        1611.00        
  8        5               离散机5            35808.70        36796.70        988.00         
  8        6               离散机1            36796.70        37829.70        1033.00        
  8        7               离散机4            37829.70        39490.70        1661.00        

工件 9:
  9        0               打印机1            0.00            17525.13        17525.13       
  9        1               批处理机2           17525.13        18589.13        1064.00        
  9        2               离散机7            19771.13        21056.13        1285.00        
  9        3               离散机5            21056.13        21969.13        913.00         

工件 10:
  10       0               打印机3            0.00            41093.78        41093.78       
  10       1               批处理机2           41093.78        42157.78        1064.00        
  10       2               离散机6            42484.30        43488.30        1004.00        
  10       3               离散机7            43488.30        45211.30        1723.00        
  10       4               离散机6            45211.30        46727.30        1516.00        
  10       5               离散机2            52916.18        54645.18        1729.00        
  10       6               离散机9            55069.51        56323.51        1254.00        

工件 11:
  11       0               打印机5            0.00            38597.00        38597.00       
  11       1               批处理机2           38597.00        39661.00        1064.00        
  11       2               离散机3            42439.00        43820.00        1381.00        
  11       3               离散机8            50928.18        51944.18        1016.00        
  11       4               离散机3            57682.76        58673.76        991.00         
  11       5               离散机8            64798.00        65736.00        938.00         
  11       6               离散机8            65736.00        66752.00        1016.00        

工件 12:
  12       0               打印机3            0.00            41093.78        41093.78       
  12       1               批处理机2           41093.78        42157.78        1064.00        
  12       2               离散机10           53767.18        55290.18        1523.00        

工件 13:
  13       0               打印机5            0.00            38597.00        38597.00       
  13       1               批处理机2           38597.00        39661.00        1064.00        
  13       2               离散机3            39661.00        41118.00        1457.00        
  13       3               离散机8            41118.00        42156.00        1038.00        
  13       4               离散机5            51983.18        53659.18        1676.00        
  13       5               离散机5            56083.18        57132.18        1049.00        
  13       6               离散机7            70586.61        72197.61        1611.00        
  13       7               离散机2            72200.61        73181.61        981.00         

工件 14:
  14       0               打印机1            17525.13        45627.18        28102.05       
  14       1               批处理机1           45627.18        46737.18        1110.00        
  14       2               离散机2            49722.18        51492.18        1770.00        
  14       3               离散机4            52815.18        54039.18        1224.00        
  14       4               离散机6            54039.18        55130.18        1091.00        
  14       5               离散机8            59349.00        60863.00        1514.00        
  14       6               离散机7            66592.61        67713.61        1121.00        
  14       7               离散机6            67713.61        68925.61        1212.00        
  14       8               离散机10           69891.54        71148.54        1257.00        
  14       9               离散机6            71681.61        73008.61        1327.00        

工件 15:
  15       0               打印机5            38597.00        55594.00        16997.00       
  15       1               批处理机2           55594.00        56658.00        1064.00        
  15       2               离散机8            56658.00        58064.00        1406.00        
  15       3               离散机7            58332.00        59897.00        1565.00        
  15       4               离散机2            59897.00        60987.00        1090.00        
  15       5               离散机3            65728.54        67235.54        1507.00        
  15       6               离散机3            69696.54        70926.54        1230.00        
  15       7               离散机5            71653.54        72566.54        913.00         

工件 16:
  16       0               打印机2            0.00            29156.70        29156.70       
  16       1               批处理机2           29156.70        30220.70        1064.00        
  16       2               离散机2            35808.70        37598.70        1790.00        
  16       3               离散机1            37829.70        39611.70        1782.00        

工件 17:
  17       0               打印机4            45405.18        54339.76        8934.59        
  17       1               批处理机2           54339.76        55403.76        1064.00        
  17       2               离散机10           55403.76        56357.76        954.00         
  17       3               离散机6            56357.76        57595.76        1238.00        
  17       4               离散机9            57595.76        58580.76        985.00         
  17       5               离散机9            58580.76        59586.76        1006.00        
  17       6               离散机5            61755.54        63176.54        1421.00        
  17       7               离散机6            65564.54        66760.54        1196.00        
  17       8               离散机6            66760.54        67679.54        919.00         

工件 18:
  18       0               打印机3            41093.78        61565.61        20471.83       
  18       1               批处理机2           61565.61        62629.61        1064.00        
  18       2               离散机9            62629.61        63771.61        1142.00        

工件 19:
  19       0               打印机1            0.00            17525.13        17525.13       
  19       1               批处理机2           17525.13        18589.13        1064.00        
  19       2               离散机4            25494.13        27031.13        1537.00        

工件 20:
  20       0               打印机1            0.00            17525.13        17525.13       
  20       1               批处理机2           17525.13        18589.13        1064.00        
  20       2               离散机7            18589.13        19771.13        1182.00        
  20       3               离散机5            19771.13        20996.13        1225.00        
  20       4               离散机6            22309.13        23569.13        1260.00        
  20       5               离散机9            24022.13        25238.13        1216.00        
  20       6               离散机10           25238.13        26158.13        920.00         

工件 21:
  21       0               打印机4            0.00            45405.18        45405.18       
  21       1               批处理机2           45405.18        46469.18        1064.00        
  21       2               离散机3            46469.18        48048.18        1579.00        
  21       3               离散机6            48167.30        49776.30        1609.00        
  21       4               离散机6            68925.61        70490.61        1565.00        

工件 22:
  22       0               打印机4            0.00            45405.18        45405.18       
  22       1               批处理机2           45405.18        46469.18        1064.00        

工件 23:
  23       0               打印机2            0.00            29156.70        29156.70       
  23       1               批处理机2           29156.70        30220.70        1064.00        
  23       2               离散机7            30220.70        31773.70        1553.00        
  23       3               离散机9            31773.70        33492.70        1719.00        
  23       4               离散机6            33492.70        35069.70        1577.00        
  23       5               离散机10           35113.70        36718.70        1605.00        
  23       6               离散机9            36718.70        37815.70        1097.00        
  23       7               离散机3            37815.70        39431.70        1616.00        
  23       8               离散机5            39431.70        40669.70        1238.00        

工件 24:
  24       0               打印机1            17525.13        45627.18        28102.05       
  24       1               批处理机1           45627.18        46737.18        1110.00        
  24       2               离散机10           47651.18        49443.18        1792.00        
  24       3               离散机3            52360.18        53759.18        1399.00        
  24       4               离散机5            53759.18        54825.18        1066.00        
  24       5               离散机1            54825.18        56624.18        1799.00        
  24       6               离散机10           58511.76        59688.76        1177.00        
  24       7               离散机1            59688.76        61305.76        1617.00        
  24       8               离散机4            61370.54        62721.54        1351.00        

工件 25:
  25       0               打印机2            0.00            29156.70        29156.70       
  25       1               批处理机2           29156.70        30220.70        1064.00        
  25       2               离散机3            30220.70        31141.70        921.00         
  25       3               离散机2            32871.70        34197.70        1326.00        
  25       4               离散机10           34197.70        35113.70        916.00         
  25       5               离散机1            35113.70        36159.70        1046.00        
  25       6               离散机9            37815.70        39533.70        1718.00        
  25       7               离散机7            42191.00        43345.00        1154.00        

工件 26:
  26       0               打印机5            38597.00        55594.00        16997.00       
  26       1               批处理机2           55594.00        56658.00        1064.00        
  26       2               离散机7            56658.00        58332.00        1674.00        
  26       3               离散机2            58332.00        59857.00        1525.00        
  26       4               离散机7            59897.00        61254.00        1357.00        
  26       5               离散机3            62676.54        64285.54        1609.00        
  26       6               离散机6            64285.54        65564.54        1279.00        
  26       7               离散机9            65564.54        66565.54        1001.00        
  26       8               离散机9            66565.54        67629.54        1064.00        
  26       9               离散机5            67629.54        69125.54        1496.00        

工件 27:
  27       0               打印机2            29156.70        39971.30        10814.60       
  27       1               批处理机2           39971.30        41035.30        1064.00        

工件 28:
  28       0               打印机5            0.00            38597.00        38597.00       
  28       1               批处理机2           38597.00        39661.00        1064.00        
  28       2               离散机2            40914.00        42250.00        1336.00        
  28       3               离散机5            42250.00        43832.00        1582.00        
  28       4               离散机10           43832.00        45040.00        1208.00        
  28       5               离散机10           49443.18        50509.18        1066.00        
  28       6               离散机6            55130.18        56161.18        1031.00        

工件 29:
  29       0               打印机3            0.00            41093.78        41093.78       
  29       1               批处理机2           41093.78        42157.78        1064.00        
  29       2               离散机9            43619.30        45294.30        1675.00        
  29       3               离散机8            67827.00        69006.00        1179.00        

工件 30:
  30       0               打印机1            0.00            17525.13        17525.13       
  30       1               批处理机2           17525.13        18589.13        1064.00        
  30       2               离散机2            18589.13        19738.13        1149.00        
  30       3               离散机8            19795.13        20802.13        1007.00        
  30       4               离散机3            21200.13        22119.13        919.00         
  30       5               离散机5            22119.13        23043.13        924.00         
  30       6               离散机5            23043.13        24217.13        1174.00        
  30       7               离散机7            24217.13        25422.13        1205.00        
  30       8               离散机9            25422.13        26817.13        1395.00        
  30       9               离散机7            26915.13        28055.13        1140.00        

工件 31:
  31       0               打印机2            39971.30        47206.95        7235.65        
  31       1               批处理机2           47206.95        48270.95        1064.00        
  31       2               离散机1            48270.95        49684.95        1414.00        
  31       3               离散机8            49996.18        50928.18        932.00         
  31       4               离散机3            53759.18        55082.18        1323.00        
  31       5               离散机9            59586.76        61295.76        1709.00        
  31       6               离散机9            71727.54        72894.54        1167.00        

工件 32:
  32       0               打印机1            0.00            17525.13        17525.13       
  32       1               批处理机2           17525.13        18589.13        1064.00        
  32       2               离散机2            19738.13        20869.13        1131.00        
  32       3               离散机9            20869.13        22351.13        1482.00        
  32       4               离散机1            22351.13        23280.13        929.00         
  32       5               离散机2            25446.13        27141.13        1695.00        
  32       6               离散机7            28055.13        29634.13        1579.00        
  32       7               离散机10           29634.13        30710.13        1076.00        

工件 33:
  33       0               打印机2            0.00            29156.70        29156.70       
  33       1               批处理机2           29156.70        30220.70        1064.00        
  33       2               离散机7            31773.70        32967.70        1194.00        
  33       3               离散机5            32967.70        34031.70        1064.00        
  33       4               离散机9            34031.70        35054.70        1023.00        
  33       5               离散机9            35054.70        36210.70        1156.00        
  33       6               离散机5            36796.70        37735.70        939.00         
  33       7               离散机10           37915.70        39322.70        1407.00        

工件 34:
  34       0               打印机2            0.00            29156.70        29156.70       
  34       1               批处理机2           29156.70        30220.70        1064.00        
  34       2               离散机2            30220.70        31883.70        1663.00        
  34       3               离散机1            31883.70        33277.70        1394.00        
  34       4               离散机5            34031.70        35461.70        1430.00        

工件 35:
  35       0               打印机2            0.00            29156.70        29156.70       
  35       1               批处理机2           29156.70        30220.70        1064.00        
  35       2               离散机8            30220.70        31938.70        1718.00        
  35       3               离散机7            35637.70        37336.70        1699.00        

工件 36:
  36       0               打印机1            17525.13        45627.18        28102.05       
  36       1               批处理机1           45627.18        46737.18        1110.00        
  36       2               离散机9            46737.18        47731.18        994.00         
  36       3               离散机3            48048.18        49098.18        1050.00        
  36       4               离散机7            53553.18        55038.18        1485.00        
  36       5               离散机8            55038.18        56454.18        1416.00        
  36       6               离散机10           57563.76        58511.76        948.00         
  36       7               离散机4            58878.18        59801.18        923.00         
  36       8               离散机8            69006.00        70114.00        1108.00        

工件 37:
  37       0               打印机5            0.00            38597.00        38597.00       
  37       1               批处理机2           38597.00        39661.00        1064.00        
  37       2               离散机10           40958.00        42231.00        1273.00        
  37       3               离散机5            57132.18        58333.18        1201.00        
  37       4               离散机6            70490.61        71681.61        1191.00        

工件 38:
  38       0               打印机1            17525.13        45627.18        28102.05       
  38       1               批处理机1           45627.18        46737.18        1110.00        

工件 39:
  39       0               打印机3            0.00            41093.78        41093.78       
  39       1               批处理机2           41093.78        42157.78        1064.00        
  39       2               离散机9            42319.30        43619.30        1300.00        
  39       3               离散机7            51841.18        53553.18        1712.00        
  39       4               离散机2            62897.00        64423.00        1526.00        
  39       5               离散机4            67493.54        69001.54        1508.00        

工件 40:
  40       0               打印机1            17525.13        45627.18        28102.05       
  40       1               批处理机1           45627.18        46737.18        1110.00        
  40       2               离散机8            46737.18        47848.18        1111.00        
  40       3               离散机9            47848.18        49158.18        1310.00        
  40       4               离散机5            50450.18        51983.18        1533.00        
  40       5               离散机9            67629.54        68547.54        918.00         
  40       6               离散机4            70497.54        71818.54        1321.00        

工件 41:
  41       0               打印机1            17525.13        45627.18        28102.05       
  41       1               批处理机1           45627.18        46737.18        1110.00        
  41       2               离散机7            46737.18        47758.18        1021.00        
  41       3               离散机2            48025.18        49722.18        1697.00        
  41       4               离散机4            51912.18        52815.18        903.00         
  41       5               离散机2            54645.18        55764.18        1119.00        
  41       6               离散机7            61254.00        62526.00        1272.00        
  41       7               离散机5            65105.61        66375.61        1270.00        

工件 42:
  42       0               打印机1            0.00            17525.13        17525.13       
  42       1               批处理机2           17525.13        18589.13        1064.00        
  42       2               离散机4            21843.13        23238.13        1395.00        
  42       3               离散机10           23238.13        24435.13        1197.00        

工件 43:
  43       0               打印机2            39971.30        47206.95        7235.65        
  43       1               批处理机2           47206.95        48270.95        1064.00        
  43       2               离散机9            63771.61        65266.61        1495.00        
  43       3               离散机1            65814.54        67270.54        1456.00        
  43       4               离散机3            68401.54        69696.54        1295.00        
  43       5               离散机1            69770.54        70866.54        1096.00        
  43       6               离散机10           71148.54        72500.54        1352.00        

工件 44:
  44       0               打印机5            0.00            38597.00        38597.00       
  44       1               批处理机2           38597.00        39661.00        1064.00        
  44       2               离散机6            61522.00        62508.00        986.00         

工件 45:
  45       0               打印机5            0.00            38597.00        38597.00       
  45       1               批处理机2           38597.00        39661.00        1064.00        
  45       2               离散机3            41118.00        42439.00        1321.00        
  45       3               离散机8            45126.78        46319.78        1193.00        
  45       4               离散机5            47720.18        48934.18        1214.00        
  45       5               离散机5            48934.18        50450.18        1516.00        
  45       6               离散机6            51128.30        52638.30        1510.00        
  45       7               离散机1            58618.00        59575.00        957.00         
  45       8               离散机9            70816.54        71727.54        911.00         

工件 46:
  46       0               打印机5            38597.00        55594.00        16997.00       
  46       1               批处理机2           55594.00        56658.00        1064.00        
  46       2               离散机1            56658.00        57703.00        1045.00        
  46       3               离散机6            57703.00        58706.00        1003.00        
  46       4               离散机3            58706.00        59792.00        1086.00        
  46       5               离散机1            62861.54        63797.54        936.00         
  46       6               离散机1            68698.54        69770.54        1072.00        
  46       7               离散机3            70926.54        72160.54        1234.00        

工件 47:
  47       0               打印机5            0.00            38597.00        38597.00       
  47       1               批处理机2           38597.00        39661.00        1064.00        
  47       2               离散机2            39661.00        40914.00        1253.00        
  47       3               离散机5            40914.00        42066.00        1152.00        
  47       4               离散机10           42231.00        43281.00        1050.00        
  47       5               离散机5            45209.00        46547.00        1338.00        
  47       6               离散机3            64285.54        65728.54        1443.00        
  47       7               离散机2            66214.61        67319.61        1105.00        
  47       8               离散机1            70866.54        72173.54        1307.00        

工件 48:
  48       0               打印机1            45627.18        58921.54        13294.36       
  48       1               批处理机2           58921.54        59985.54        1064.00        
  48       2               离散机10           61177.76        62616.76        1439.00        

工件 49:
  49       0               打印机2            29156.70        39971.30        10814.60       
  49       1               批处理机2           39971.30        41035.30        1064.00        
  49       2               离散机6            41035.30        42484.30        1449.00        
  49       3               离散机10           45040.00        46090.00        1050.00        
  49       4               离散机7            55038.18        56589.18        1551.00        

工件 50:
  50       0               打印机1            17525.13        45627.18        28102.05       
  50       1               批处理机1           45627.18        46737.18        1110.00        
  50       2               离散机6            49776.30        51128.30        1352.00        

工件 51:
  51       0               打印机5            0.00            38597.00        38597.00       
  51       1               批处理机2           38597.00        39661.00        1064.00        
  51       2               离散机4            39661.00        40824.00        1163.00        

工件 52:
  52       0               打印机1            0.00            17525.13        17525.13       
  52       1               批处理机2           17525.13        18589.13        1064.00        
  52       2               离散机1            18589.13        19707.13        1118.00        
  52       3               离散机4            20048.13        21843.13        1795.00        
  52       4               离散机2            21843.13        23231.13        1388.00        
  52       5               离散机3            23231.13        24801.13        1570.00        
  52       6               离散机2            27141.13        28156.13        1015.00        
  52       7               离散机10           28156.13        29079.13        923.00         

工件 53:
  53       0               打印机4            0.00            45405.18        45405.18       
  53       1               批处理机2           45405.18        46469.18        1064.00        
  53       2               离散机7            47758.18        48737.18        979.00         
  53       3               离散机9            50564.18        51594.18        1030.00        

工件 54:
  54       0               打印机2            29156.70        39971.30        10814.60       
  54       1               批处理机2           39971.30        41035.30        1064.00        
  54       2               离散机2            43915.00        44874.00        959.00         

工件 55:
  55       0               打印机1            0.00            17525.13        17525.13       
  55       1               批处理机2           17525.13        18589.13        1064.00        
  55       2               离散机4            18589.13        20048.13        1459.00        
  55       3               离散机10           20048.13        21510.13        1462.00        
  55       4               离散机7            22567.13        23735.13        1168.00        
  55       5               离散机3            24801.13        26340.13        1539.00        
  55       6               离散机8            26728.13        27938.13        1210.00        
  55       7               离散机1            27938.13        29336.13        1398.00        

工件 56:
  56       0               打印机5            38597.00        55594.00        16997.00       
  56       1               批处理机2           55594.00        56658.00        1064.00        

工件 57:
  57       0               打印机1            17525.13        45627.18        28102.05       
  57       1               批处理机1           45627.18        46737.18        1110.00        
  57       2               离散机6            52638.30        53764.30        1126.00        
  57       3               离散机8            54041.18        55028.18        987.00         

工件 58:
  58       0               打印机1            0.00            17525.13        17525.13       
  58       1               批处理机2           17525.13        18589.13        1064.00        
  58       2               离散机3            18589.13        19682.13        1093.00        
  58       3               离散机3            19682.13        21200.13        1518.00        
  58       4               离散机6            21200.13        22309.13        1109.00        
  58       5               离散机5            24217.13        25427.13        1210.00        

工件 59:
  59       0               打印机1            0.00            17525.13        17525.13       
  59       1               批处理机2           17525.13        18589.13        1064.00        
  59       2               离散机10           18589.13        19977.13        1388.00        
  59       3               离散机3            22119.13        23064.13        945.00         
  59       4               离散机4            23238.13        24480.13        1242.00        
  59       5               离散机2            24480.13        25446.13        966.00         
  59       6               离散机7            25446.13        26915.13        1469.00        

工件 60:
  60       0               打印机2            0.00            29156.70        29156.70       
  60       1               批处理机2           29156.70        30220.70        1064.00        
  60       2               离散机4            30220.70        31238.70        1018.00        

工件 61:
  61       0               打印机4            0.00            45405.18        45405.18       
  61       1               批处理机2           45405.18        46469.18        1064.00        

工件 62:
  62       0               打印机3            0.00            41093.78        41093.78       
  62       1               批处理机2           41093.78        42157.78        1064.00        
  62       2               离散机4            44151.00        45434.00        1283.00        

工件 63:
  63       0               打印机3            0.00            41093.78        41093.78       
  63       1               批处理机2           41093.78        42157.78        1064.00        

工件 64:
  64       0               打印机1            58921.54        66574.87        7653.33        
  64       1               批处理机2           66574.87        67638.87        1064.00        
  64       2               离散机9            68547.54        69748.54        1201.00        

工件 65:
  65       0               打印机2            39971.30        47206.95        7235.65        
  65       1               批处理机2           47206.95        48270.95        1064.00        
  65       2               离散机9            49158.18        50564.18        1406.00        
  65       3               离散机4            50678.18        51912.18        1234.00        
  65       4               离散机8            51944.18        52853.18        909.00         
  65       5               离散机1            53549.95        54710.95        1161.00        
  65       6               离散机4            69001.54        70497.54        1496.00        

工件 66:
  66       0               打印机5            0.00            38597.00        38597.00       
  66       1               批处理机2           38597.00        39661.00        1064.00        
  66       2               离散机1            39661.00        40964.00        1303.00        
  66       3               离散机7            41025.00        42191.00        1166.00        
  66       4               离散机5            54825.18        56083.18        1258.00        
  66       5               离散机9            56323.51        57477.51        1154.00        
  66       6               离散机1            72173.54        73299.54        1126.00        

工件 67:
  67       0               打印机4            0.00            45405.18        45405.18       
  67       1               批处理机2           45405.18        46469.18        1064.00        
  67       2               离散机8            48944.18        49996.18        1052.00        
  67       3               离散机7            50438.18        51841.18        1403.00        
  67       4               离散机10           52830.18        53767.18        937.00         
  67       5               离散机5            58333.18        59617.18        1284.00        

工件 68:
  68       0               打印机5            0.00            38597.00        38597.00       
  68       1               批处理机2           38597.00        39661.00        1064.00        
  68       2               离散机7            39661.00        41025.00        1364.00        
  68       3               离散机4            41025.00        42470.00        1445.00        
  68       4               离散机6            43488.30        44636.30        1148.00        

工件 69:
  69       0               打印机1            0.00            17525.13        17525.13       
  69       1               批处理机2           17525.13        18589.13        1064.00        
  69       2               离散机8            18589.13        19795.13        1206.00        
  69       3               离散机7            21056.13        22567.13        1511.00        
  69       4               离散机8            22567.13        23876.13        1309.00        
  69       5               离散机4            24480.13        25494.13        1014.00        
  69       6               离散机8            25494.13        26728.13        1234.00        
  69       7               离散机7            37336.70        38961.70        1625.00        
  69       8               离散机9            45294.30        46292.30        998.00         

工件 70:
  70       0               打印机4            0.00            45405.18        45405.18       
  70       1               批处理机2           45405.18        46469.18        1064.00        
  70       2               离散机10           46469.18        47651.18        1182.00        

工件 71:
  71       0               打印机2            47206.95        51907.51        4700.56        
  71       1               批处理机2           51907.51        52971.51        1064.00        
  71       2               离散机9            52971.51        54040.51        1069.00        
  71       3               离散机4            64120.54        65788.54        1668.00        
  71       4               离散机10           65788.54        67506.54        1718.00        

工件 72:
  72       0               打印机1            45627.18        58921.54        13294.36       
  72       1               批处理机2           58921.54        59985.54        1064.00        
  72       2               离散机4            59985.54        61370.54        1385.00        
  72       3               离散机1            61370.54        62861.54        1491.00        
  72       4               离散机4            62861.54        64120.54        1259.00        
  72       5               离散机7            65023.61        66592.61        1569.00        
  72       6               离散机10           67506.54        68880.54        1374.00        
  72       7               离散机5            69125.54        70261.54        1136.00        
  72       8               离散机5            70261.54        71653.54        1392.00        

工件 73:
  73       0               打印机1            17525.13        45627.18        28102.05       
  73       1               批处理机1           45627.18        46737.18        1110.00        
  73       2               离散机1            46737.18        47772.18        1035.00        

工件 74:
  74       0               打印机1            45627.18        58921.54        13294.36       
  74       1               批处理机2           58921.54        59985.54        1064.00        
  74       2               离散机3            61647.54        62676.54        1029.00        
  74       3               离散机7            63778.61        65023.61        1245.00        
  74       4               离散机2            65023.61        66214.61        1191.00        

工件 75:
  75       0               打印机4            0.00            45405.18        45405.18       
  75       1               批处理机2           45405.18        46469.18        1064.00        
  75       2               离散机4            47958.18        49119.18        1161.00        
  75       3               离散机1            51149.95        52294.95        1145.00        
  75       4               离散机1            52294.95        53549.95        1255.00        
  75       5               离散机10           62616.76        64282.76        1666.00        
  75       6               离散机1            64803.54        65814.54        1011.00        

工件 76:
  76       0               打印机3            41093.78        61565.61        20471.83       
  76       1               批处理机2           61565.61        62629.61        1064.00        

工件 77:
  77       0               打印机3            41093.78        61565.61        20471.83       
  77       1               批处理机2           61565.61        62629.61        1064.00        
  77       2               离散机7            62629.61        63778.61        1149.00        
  77       3               离散机5            63778.61        65105.61        1327.00        
  77       4               离散机1            67270.54        68698.54        1428.00        

工件 78:
  78       0               打印机5            38597.00        55594.00        16997.00       
  78       1               批处理机2           55594.00        56658.00        1064.00        
  78       2               离散机8            58064.00        59349.00        1285.00        

工件 79:
  79       0               打印机5            38597.00        55594.00        16997.00       
  79       1               批处理机2           55594.00        56658.00        1064.00        
  79       2               离散机5            66375.61        67298.61        923.00         

工件 80:
  80       0               打印机5            38597.00        55594.00        16997.00       
  80       1               批处理机2           55594.00        56658.00        1064.00        

工件 81:
  81       0               打印机4            0.00            45405.18        45405.18       
  81       1               批处理机2           45405.18        46469.18        1064.00        
  81       2               离散机4            49119.18        50678.18        1559.00        
  81       3               离散机8            52853.18        54041.18        1188.00        

工件 82:
  82       0               打印机5            0.00            38597.00        38597.00       
  82       1               批处理机2           38597.00        39661.00        1064.00        
  82       2               离散机3            43820.00        45419.00        1599.00        
  82       3               离散机1            45419.00        46329.00        910.00         

工件 83:
  83       0               打印机1            17525.13        45627.18        28102.05       
  83       1               批处理机1           45627.18        46737.18        1110.00        
  83       2               离散机4            46737.18        47958.18        1221.00        
  83       3               离散机8            47958.18        48944.18        986.00         
  83       4               离散机7            48944.18        50438.18        1494.00        
  83       5               离散机2            51492.18        52916.18        1424.00        
  83       6               离散机4            56366.18        57792.18        1426.00        
  83       7               离散机3            72160.54        73336.54        1176.00        

工件 84:
  84       0               打印机2            0.00            29156.70        29156.70       
  84       1               批处理机2           29156.70        30220.70        1064.00        

工件 85:
  85       0               打印机1            0.00            17525.13        17525.13       
  85       1               批处理机2           17525.13        18589.13        1064.00        
  85       2               离散机6            18589.13        19831.13        1242.00        
  85       3               离散机9            22351.13        24022.13        1671.00        

工件 86:
  86       0               打印机2            0.00            29156.70        29156.70       
  86       1               批处理机2           29156.70        30220.70        1064.00        
  86       2               离散机9            30220.70        31765.70        1545.00        
  86       3               离散机3            31765.70        33085.70        1320.00        
  86       4               离散机4            33085.70        34857.70        1772.00        
  86       5               离散机10           36718.70        37915.70        1197.00        

工件 87:
  87       0               打印机5            38597.00        55594.00        16997.00       
  87       1               批处理机2           55594.00        56658.00        1064.00        
  87       2               离散机6            58706.00        60059.00        1353.00        
  87       3               离散机9            61295.76        62568.76        1273.00        
  87       4               离散机6            62568.76        64228.76        1660.00        

工件 88:
  88       0               打印机2            0.00            29156.70        29156.70       
  88       1               批处理机2           29156.70        30220.70        1064.00        
  88       2               离散机7            32967.70        34274.70        1307.00        
  88       3               离散机7            34274.70        35637.70        1363.00        
  88       4               离散机3            35637.70        36767.70        1130.00        

工件 89:
  89       0               打印机1            45627.18        58921.54        13294.36       
  89       1               批处理机2           58921.54        59985.54        1064.00        
  89       2               离散机5            59985.54        61755.54        1770.00        
  89       3               离散机1            63797.54        64803.54        1006.00        

工件 90:
  90       0               打印机3            0.00            41093.78        41093.78       
  90       1               批处理机2           41093.78        42157.78        1064.00        
  90       2               离散机5            43832.00        45209.00        1377.00        

工件 91:
  91       0               打印机2            0.00            29156.70        29156.70       
  91       1               批处理机2           29156.70        30220.70        1064.00        
  91       2               离散机5            37735.70        39374.70        1639.00        

工件 92:
  92       0               打印机4            0.00            45405.18        45405.18       
  92       1               批处理机2           45405.18        46469.18        1064.00        
  92       2               离散机2            46469.18        48025.18        1556.00        
  92       3               离散机2            55764.18        56959.18        1195.00        

工件 93:
  93       0               打印机4            0.00            45405.18        45405.18       
  93       1               批处理机2           45405.18        46469.18        1064.00        
  93       2               离散机3            50649.18        52360.18        1711.00        
  93       3               离散机9            54040.51        55069.51        1029.00        
  93       4               离散机10           59688.76        61177.76        1489.00        
  93       5               离散机8            66752.00        67827.00        1075.00        

工件 94:
  94       0               打印机4            0.00            45405.18        45405.18       
  94       1               批处理机2           45405.18        46469.18        1064.00        
  94       2               离散机6            46727.30        48167.30        1440.00        
  94       3               离散机3            49098.18        50649.18        1551.00        
  94       4               离散机10           50649.18        51568.18        919.00         
  94       5               离散机4            54039.18        54993.18        954.00         
  94       6               离散机2            60987.00        61997.00        1010.00        
  94       7               离散机2            68317.61        69911.61        1594.00        

工件 95:
  95       0               打印机2            0.00            29156.70        29156.70       
  95       1               批处理机2           29156.70        30220.70        1064.00        

工件 96:
  96       0               打印机2            29156.70        39971.30        10814.60       
  96       1               批处理机2           39971.30        41035.30        1064.00        
  96       2               离散机9            41035.30        42319.30        1284.00        
  96       3               离散机4            42470.00        44151.00        1681.00        
  96       4               离散机7            45211.30        46329.30        1118.00        
  96       5               离散机4            54993.18        56366.18        1373.00        
  96       6               离散机8            62291.00        63321.00        1030.00        
  96       7               离散机3            67235.54        68401.54        1166.00        
  96       8               离散机10           68880.54        69891.54        1011.00        

工件 97:
  97       0               打印机1            17525.13        45627.18        28102.05       
  97       1               批处理机1           45627.18        46737.18        1110.00        
  97       2               离散机5            46737.18        47720.18        983.00         
  97       3               离散机1            49684.95        51149.95        1465.00        
  97       4               离散机6            60059.00        61522.00        1463.00        

工件 98:
  98       0               打印机1            17525.13        45627.18        28102.05       
  98       1               批处理机1           45627.18        46737.18        1110.00        

工件 99:
  99       0               打印机5            0.00            38597.00        38597.00       
  99       1               批处理机2           38597.00        39661.00        1064.00        
  99       2               离散机10           39661.00        40958.00        1297.00        
  99       3               离散机3            56303.76        57682.76        1379.00        
  99       4               离散机4            57792.18        58878.18        1086.00        
  99       5               离散机8            60863.00        62291.00        1428.00        
  99       6               离散机10           64282.76        65581.76        1299.00        
  99       7               离散机9            69748.54        70816.54        1068.00        

【机器加工顺序记录】
----------------------------------------------------------------------------------------------------

打印机1:
工件号      工序号             开始时间            结束时间            加工时长           
--------------------------------------------------------------------------------
  9        0               0.00            17525.13        17525.13       
  19       0               0.00            17525.13        17525.13       
  20       0               0.00            17525.13        17525.13       
  30       0               0.00            17525.13        17525.13       
  32       0               0.00            17525.13        17525.13       
  42       0               0.00            17525.13        17525.13       
  52       0               0.00            17525.13        17525.13       
  55       0               0.00            17525.13        17525.13       
  58       0               0.00            17525.13        17525.13       
  59       0               0.00            17525.13        17525.13       
  69       0               0.00            17525.13        17525.13       
  85       0               0.00            17525.13        17525.13       
  14       0               17525.13        45627.18        28102.05       
  24       0               17525.13        45627.18        28102.05       
  36       0               17525.13        45627.18        28102.05       
  38       0               17525.13        45627.18        28102.05       
  40       0               17525.13        45627.18        28102.05       
  41       0               17525.13        45627.18        28102.05       
  50       0               17525.13        45627.18        28102.05       
  57       0               17525.13        45627.18        28102.05       
  73       0               17525.13        45627.18        28102.05       
  83       0               17525.13        45627.18        28102.05       
  97       0               17525.13        45627.18        28102.05       
  98       0               17525.13        45627.18        28102.05       
  2        0               45627.18        58921.54        13294.36       
  48       0               45627.18        58921.54        13294.36       
  72       0               45627.18        58921.54        13294.36       
  74       0               45627.18        58921.54        13294.36       
  89       0               45627.18        58921.54        13294.36       
  64       0               58921.54        66574.87        7653.33        

  机器利用率: 847.67% (忙碌时间: 621651.28 / 总时间: 73336.54)

打印机2:
工件号      工序号             开始时间            结束时间            加工时长           
--------------------------------------------------------------------------------
  4        0               0.00            29156.70        29156.70       
  7        0               0.00            29156.70        29156.70       
  8        0               0.00            29156.70        29156.70       
  16       0               0.00            29156.70        29156.70       
  23       0               0.00            29156.70        29156.70       
  25       0               0.00            29156.70        29156.70       
  33       0               0.00            29156.70        29156.70       
  34       0               0.00            29156.70        29156.70       
  35       0               0.00            29156.70        29156.70       
  60       0               0.00            29156.70        29156.70       
  84       0               0.00            29156.70        29156.70       
  86       0               0.00            29156.70        29156.70       
  88       0               0.00            29156.70        29156.70       
  91       0               0.00            29156.70        29156.70       
  95       0               0.00            29156.70        29156.70       
  27       0               29156.70        39971.30        10814.60       
  49       0               29156.70        39971.30        10814.60       
  54       0               29156.70        39971.30        10814.60       
  96       0               29156.70        39971.30        10814.60       
  31       0               39971.30        47206.95        7235.65        
  43       0               39971.30        47206.95        7235.65        
  65       0               39971.30        47206.95        7235.65        
  71       0               47206.95        51907.51        4700.56        

  机器利用率: 691.36% (忙碌时间: 507016.42 / 总时间: 73336.54)

打印机3:
工件号      工序号             开始时间            结束时间            加工时长           
--------------------------------------------------------------------------------
  1        0               0.00            41093.78        41093.78       
  3        0               0.00            41093.78        41093.78       
  5        0               0.00            41093.78        41093.78       
  10       0               0.00            41093.78        41093.78       
  12       0               0.00            41093.78        41093.78       
  29       0               0.00            41093.78        41093.78       
  39       0               0.00            41093.78        41093.78       
  62       0               0.00            41093.78        41093.78       
  63       0               0.00            41093.78        41093.78       
  90       0               0.00            41093.78        41093.78       
  18       0               41093.78        61565.61        20471.83       
  76       0               41093.78        61565.61        20471.83       
  77       0               41093.78        61565.61        20471.83       

  机器利用率: 644.09% (忙碌时间: 472353.29 / 总时间: 73336.54)

打印机4:
工件号      工序号             开始时间            结束时间            加工时长           
--------------------------------------------------------------------------------
  21       0               0.00            45405.18        45405.18       
  22       0               0.00            45405.18        45405.18       
  53       0               0.00            45405.18        45405.18       
  61       0               0.00            45405.18        45405.18       
  67       0               0.00            45405.18        45405.18       
  70       0               0.00            45405.18        45405.18       
  75       0               0.00            45405.18        45405.18       
  81       0               0.00            45405.18        45405.18       
  92       0               0.00            45405.18        45405.18       
  93       0               0.00            45405.18        45405.18       
  94       0               0.00            45405.18        45405.18       
  0        0               45405.18        54339.76        8934.59        
  17       0               45405.18        54339.76        8934.59        

  机器利用率: 705.41% (忙碌时间: 517326.12 / 总时间: 73336.54)

打印机5:
工件号      工序号             开始时间            结束时间            加工时长           
--------------------------------------------------------------------------------
  6        0               0.00            38597.00        38597.00       
  11       0               0.00            38597.00        38597.00       
  13       0               0.00            38597.00        38597.00       
  28       0               0.00            38597.00        38597.00       
  37       0               0.00            38597.00        38597.00       
  44       0               0.00            38597.00        38597.00       
  45       0               0.00            38597.00        38597.00       
  47       0               0.00            38597.00        38597.00       
  51       0               0.00            38597.00        38597.00       
  66       0               0.00            38597.00        38597.00       
  68       0               0.00            38597.00        38597.00       
  82       0               0.00            38597.00        38597.00       
  99       0               0.00            38597.00        38597.00       
  15       0               38597.00        55594.00        16997.00       
  26       0               38597.00        55594.00        16997.00       
  46       0               38597.00        55594.00        16997.00       
  56       0               38597.00        55594.00        16997.00       
  78       0               38597.00        55594.00        16997.00       
  79       0               38597.00        55594.00        16997.00       
  80       0               38597.00        55594.00        16997.00       
  87       0               38597.00        55594.00        16997.00       

  机器利用率: 869.60% (忙碌时间: 637737.00 / 总时间: 73336.54)

批处理机1:
工件号      工序号             开始时间            结束时间            加工时长           
--------------------------------------------------------------------------------
  14       1               45627.18        46737.18        1110.00        
  24       1               45627.18        46737.18        1110.00        
  36       1               45627.18        46737.18        1110.00        
  38       1               45627.18        46737.18        1110.00        
  40       1               45627.18        46737.18        1110.00        
  41       1               45627.18        46737.18        1110.00        
  50       1               45627.18        46737.18        1110.00        
  57       1               45627.18        46737.18        1110.00        
  73       1               45627.18        46737.18        1110.00        
  83       1               45627.18        46737.18        1110.00        
  97       1               45627.18        46737.18        1110.00        
  98       1               45627.18        46737.18        1110.00        

  机器利用率: 18.16% (忙碌时间: 13320.00 / 总时间: 73336.54)

批处理机2:
工件号      工序号             开始时间            结束时间            加工时长           
--------------------------------------------------------------------------------
  9        1               17525.13        18589.13        1064.00        
  19       1               17525.13        18589.13        1064.00        
  20       1               17525.13        18589.13        1064.00        
  30       1               17525.13        18589.13        1064.00        
  32       1               17525.13        18589.13        1064.00        
  42       1               17525.13        18589.13        1064.00        
  52       1               17525.13        18589.13        1064.00        
  55       1               17525.13        18589.13        1064.00        
  58       1               17525.13        18589.13        1064.00        
  59       1               17525.13        18589.13        1064.00        
  69       1               17525.13        18589.13        1064.00        
  85       1               17525.13        18589.13        1064.00        
  4        1               29156.70        30220.70        1064.00        
  7        1               29156.70        30220.70        1064.00        
  8        1               29156.70        30220.70        1064.00        
  16       1               29156.70        30220.70        1064.00        
  23       1               29156.70        30220.70        1064.00        
  25       1               29156.70        30220.70        1064.00        
  33       1               29156.70        30220.70        1064.00        
  34       1               29156.70        30220.70        1064.00        
  35       1               29156.70        30220.70        1064.00        
  60       1               29156.70        30220.70        1064.00        
  84       1               29156.70        30220.70        1064.00        
  86       1               29156.70        30220.70        1064.00        
  88       1               29156.70        30220.70        1064.00        
  91       1               29156.70        30220.70        1064.00        
  95       1               29156.70        30220.70        1064.00        
  6        1               38597.00        39661.00        1064.00        
  11       1               38597.00        39661.00        1064.00        
  13       1               38597.00        39661.00        1064.00        
  28       1               38597.00        39661.00        1064.00        
  37       1               38597.00        39661.00        1064.00        
  44       1               38597.00        39661.00        1064.00        
  45       1               38597.00        39661.00        1064.00        
  47       1               38597.00        39661.00        1064.00        
  51       1               38597.00        39661.00        1064.00        
  66       1               38597.00        39661.00        1064.00        
  68       1               38597.00        39661.00        1064.00        
  82       1               38597.00        39661.00        1064.00        
  99       1               38597.00        39661.00        1064.00        
  27       1               39971.30        41035.30        1064.00        
  49       1               39971.30        41035.30        1064.00        
  54       1               39971.30        41035.30        1064.00        
  96       1               39971.30        41035.30        1064.00        
  1        1               41093.78        42157.78        1064.00        
  3        1               41093.78        42157.78        1064.00        
  5        1               41093.78        42157.78        1064.00        
  10       1               41093.78        42157.78        1064.00        
  12       1               41093.78        42157.78        1064.00        
  29       1               41093.78        42157.78        1064.00        
  39       1               41093.78        42157.78        1064.00        
  62       1               41093.78        42157.78        1064.00        
  63       1               41093.78        42157.78        1064.00        
  90       1               41093.78        42157.78        1064.00        
  21       1               45405.18        46469.18        1064.00        
  22       1               45405.18        46469.18        1064.00        
  53       1               45405.18        46469.18        1064.00        
  61       1               45405.18        46469.18        1064.00        
  67       1               45405.18        46469.18        1064.00        
  70       1               45405.18        46469.18        1064.00        
  75       1               45405.18        46469.18        1064.00        
  81       1               45405.18        46469.18        1064.00        
  92       1               45405.18        46469.18        1064.00        
  93       1               45405.18        46469.18        1064.00        
  94       1               45405.18        46469.18        1064.00        
  31       1               47206.95        48270.95        1064.00        
  43       1               47206.95        48270.95        1064.00        
  65       1               47206.95        48270.95        1064.00        
  71       1               51907.51        52971.51        1064.00        
  0        1               54339.76        55403.76        1064.00        
  17       1               54339.76        55403.76        1064.00        
  15       1               55594.00        56658.00        1064.00        
  26       1               55594.00        56658.00        1064.00        
  46       1               55594.00        56658.00        1064.00        
  56       1               55594.00        56658.00        1064.00        
  78       1               55594.00        56658.00        1064.00        
  79       1               55594.00        56658.00        1064.00        
  80       1               55594.00        56658.00        1064.00        
  87       1               55594.00        56658.00        1064.00        
  2        1               58921.54        59985.54        1064.00        
  48       1               58921.54        59985.54        1064.00        
  72       1               58921.54        59985.54        1064.00        
  74       1               58921.54        59985.54        1064.00        
  89       1               58921.54        59985.54        1064.00        
  18       1               61565.61        62629.61        1064.00        
  76       1               61565.61        62629.61        1064.00        
  77       1               61565.61        62629.61        1064.00        
  64       1               66574.87        67638.87        1064.00        

  机器利用率: 127.67% (忙碌时间: 93632.00 / 总时间: 73336.54)

离散机1:
工件号      工序号             开始时间            结束时间            加工时长           
--------------------------------------------------------------------------------
  52       2               18589.13        19707.13        1118.00        
  32       4               22351.13        23280.13        929.00         
  55       7               27938.13        29336.13        1398.00        
  4        2               30220.70        31353.70        1133.00        
  34       3               31883.70        33277.70        1394.00        
  7        4               34087.70        35013.70        926.00         
  25       5               35113.70        36159.70        1046.00        
  8        6               36796.70        37829.70        1033.00        
  16       3               37829.70        39611.70        1782.00        
  66       2               39661.00        40964.00        1303.00        
  5        2               42157.78        43830.78        1673.00        
  3        2               43830.78        44762.78        932.00         
  82       3               45419.00        46329.00        910.00         
  73       2               46737.18        47772.18        1035.00        
  31       2               48270.95        49684.95        1414.00        
  97       3               49684.95        51149.95        1465.00        
  75       3               51149.95        52294.95        1145.00        
  75       4               52294.95        53549.95        1255.00        
  65       5               53549.95        54710.95        1161.00        
  24       5               54825.18        56624.18        1799.00        
  46       2               56658.00        57703.00        1045.00        
  0        4               57703.00        58618.00        915.00         
  45       7               58618.00        59575.00        957.00         
  24       7               59688.76        61305.76        1617.00        
  72       3               61370.54        62861.54        1491.00        
  46       5               62861.54        63797.54        936.00         
  89       3               63797.54        64803.54        1006.00        
  75       6               64803.54        65814.54        1011.00        
  43       3               65814.54        67270.54        1456.00        
  77       4               67270.54        68698.54        1428.00        
  46       6               68698.54        69770.54        1072.00        
  43       5               69770.54        70866.54        1096.00        
  47       8               70866.54        72173.54        1307.00        
  66       6               72173.54        73299.54        1126.00        

  机器利用率: 56.33% (忙碌时间: 41314.00 / 总时间: 73336.54)

离散机2:
工件号      工序号             开始时间            结束时间            加工时长           
--------------------------------------------------------------------------------
  30       2               18589.13        19738.13        1149.00        
  32       2               19738.13        20869.13        1131.00        
  52       4               21843.13        23231.13        1388.00        
  59       5               24480.13        25446.13        966.00         
  32       5               25446.13        27141.13        1695.00        
  52       6               27141.13        28156.13        1015.00        
  34       2               30220.70        31883.70        1663.00        
  7        2               31883.70        32871.70        988.00         
  25       3               32871.70        34197.70        1326.00        
  8        4               34197.70        35808.70        1611.00        
  16       2               35808.70        37598.70        1790.00        
  7        5               37598.70        38943.70        1345.00        
  47       2               39661.00        40914.00        1253.00        
  28       2               40914.00        42250.00        1336.00        
  6        3               42250.00        43915.00        1665.00        
  54       2               43915.00        44874.00        959.00         
  5        4               45126.78        46046.78        920.00         
  92       2               46469.18        48025.18        1556.00        
  41       3               48025.18        49722.18        1697.00        
  14       2               49722.18        51492.18        1770.00        
  83       5               51492.18        52916.18        1424.00        
  10       5               52916.18        54645.18        1729.00        
  41       5               54645.18        55764.18        1119.00        
  92       3               55764.18        56959.18        1195.00        
  5        5               56959.18        58130.18        1171.00        
  26       3               58332.00        59857.00        1525.00        
  15       4               59897.00        60987.00        1090.00        
  94       6               60987.00        61997.00        1010.00        
  5        6               61997.00        62897.00        900.00         
  39       4               62897.00        64423.00        1526.00        
  74       4               65023.61        66214.61        1191.00        
  47       7               66214.61        67319.61        1105.00        
  3        4               67319.61        68317.61        998.00         
  94       7               68317.61        69911.61        1594.00        
  1        4               69911.61        70835.61        924.00         
  3        6               70835.61        72200.61        1365.00        
  13       7               72200.61        73181.61        981.00         

  机器利用率: 65.55% (忙碌时间: 48070.00 / 总时间: 73336.54)

离散机3:
工件号      工序号             开始时间            结束时间            加工时长           
--------------------------------------------------------------------------------
  58       2               18589.13        19682.13        1093.00        
  58       3               19682.13        21200.13        1518.00        
  30       4               21200.13        22119.13        919.00         
  59       3               22119.13        23064.13        945.00         
  52       5               23231.13        24801.13        1570.00        
  55       5               24801.13        26340.13        1539.00        
  25       2               30220.70        31141.70        921.00         
  86       3               31765.70        33085.70        1320.00        
  4        4               33085.70        34316.70        1231.00        
  88       4               35637.70        36767.70        1130.00        
  23       7               37815.70        39431.70        1616.00        
  13       2               39661.00        41118.00        1457.00        
  45       2               41118.00        42439.00        1321.00        
  11       2               42439.00        43820.00        1381.00        
  82       2               43820.00        45419.00        1599.00        
  6        4               45419.00        46375.00        956.00         
  21       2               46469.18        48048.18        1579.00        
  36       3               48048.18        49098.18        1050.00        
  94       3               49098.18        50649.18        1551.00        
  93       2               50649.18        52360.18        1711.00        
  24       3               52360.18        53759.18        1399.00        
  31       4               53759.18        55082.18        1323.00        
  0        2               55403.76        56303.76        900.00         
  99       3               56303.76        57682.76        1379.00        
  11       4               57682.76        58673.76        991.00         
  46       4               58706.00        59792.00        1086.00        
  2        2               59985.54        61647.54        1662.00        
  74       2               61647.54        62676.54        1029.00        
  26       5               62676.54        64285.54        1609.00        
  47       6               64285.54        65728.54        1443.00        
  15       5               65728.54        67235.54        1507.00        
  96       7               67235.54        68401.54        1166.00        
  43       4               68401.54        69696.54        1295.00        
  15       6               69696.54        70926.54        1230.00        
  46       7               70926.54        72160.54        1234.00        
  83       7               72160.54        73336.54        1176.00        

  机器利用率: 63.86% (忙碌时间: 46836.00 / 总时间: 73336.54)

离散机4:
工件号      工序号             开始时间            结束时间            加工时长           
--------------------------------------------------------------------------------
  55       2               18589.13        20048.13        1459.00        
  52       3               20048.13        21843.13        1795.00        
  42       2               21843.13        23238.13        1395.00        
  59       4               23238.13        24480.13        1242.00        
  69       5               24480.13        25494.13        1014.00        
  19       2               25494.13        27031.13        1537.00        
  60       2               30220.70        31238.70        1018.00        
  86       4               33085.70        34857.70        1772.00        
  8        7               37829.70        39490.70        1661.00        
  51       2               39661.00        40824.00        1163.00        
  68       3               41025.00        42470.00        1445.00        
  96       3               42470.00        44151.00        1681.00        
  62       2               44151.00        45434.00        1283.00        
  83       2               46737.18        47958.18        1221.00        
  75       2               47958.18        49119.18        1161.00        
  81       2               49119.18        50678.18        1559.00        
  65       3               50678.18        51912.18        1234.00        
  41       4               51912.18        52815.18        903.00         
  14       3               52815.18        54039.18        1224.00        
  94       5               54039.18        54993.18        954.00         
  96       5               54993.18        56366.18        1373.00        
  83       6               56366.18        57792.18        1426.00        
  99       4               57792.18        58878.18        1086.00        
  36       7               58878.18        59801.18        923.00         
  72       2               59985.54        61370.54        1385.00        
  24       8               61370.54        62721.54        1351.00        
  72       4               62861.54        64120.54        1259.00        
  71       3               64120.54        65788.54        1668.00        
  0        5               65788.54        67493.54        1705.00        
  39       5               67493.54        69001.54        1508.00        
  65       6               69001.54        70497.54        1496.00        
  40       6               70497.54        71818.54        1321.00        

  机器利用率: 58.94% (忙碌时间: 43222.00 / 总时间: 73336.54)

离散机5:
工件号      工序号             开始时间            结束时间            加工时长           
--------------------------------------------------------------------------------
  20       3               19771.13        20996.13        1225.00        
  9        3               21056.13        21969.13        913.00         
  30       5               22119.13        23043.13        924.00         
  30       6               23043.13        24217.13        1174.00        
  58       5               24217.13        25427.13        1210.00        
  8        2               30220.70        31476.70        1256.00        
  33       3               32967.70        34031.70        1064.00        
  34       4               34031.70        35461.70        1430.00        
  8        5               35808.70        36796.70        988.00         
  33       6               36796.70        37735.70        939.00         
  91       2               37735.70        39374.70        1639.00        
  23       8               39431.70        40669.70        1238.00        
  47       3               40914.00        42066.00        1152.00        
  28       3               42250.00        43832.00        1582.00        
  90       2               43832.00        45209.00        1377.00        
  47       5               45209.00        46547.00        1338.00        
  97       2               46737.18        47720.18        983.00         
  45       4               47720.18        48934.18        1214.00        
  45       5               48934.18        50450.18        1516.00        
  40       4               50450.18        51983.18        1533.00        
  13       4               51983.18        53659.18        1676.00        
  24       4               53759.18        54825.18        1066.00        
  66       4               54825.18        56083.18        1258.00        
  13       5               56083.18        57132.18        1049.00        
  37       3               57132.18        58333.18        1201.00        
  67       5               58333.18        59617.18        1284.00        
  89       2               59985.54        61755.54        1770.00        
  17       6               61755.54        63176.54        1421.00        
  77       3               63778.61        65105.61        1327.00        
  41       7               65105.61        66375.61        1270.00        
  79       2               66375.61        67298.61        923.00         
  26       9               67629.54        69125.54        1496.00        
  72       7               69125.54        70261.54        1136.00        
  72       8               70261.54        71653.54        1392.00        
  15       7               71653.54        72566.54        913.00         

  机器利用率: 59.83% (忙碌时间: 43877.00 / 总时间: 73336.54)

离散机6:
工件号      工序号             开始时间            结束时间            加工时长           
--------------------------------------------------------------------------------
  85       2               18589.13        19831.13        1242.00        
  58       4               21200.13        22309.13        1109.00        
  20       4               22309.13        23569.13        1260.00        
  8        3               31476.70        32503.70        1027.00        
  23       4               33492.70        35069.70        1577.00        
  4        7               36691.70        38029.70        1338.00        
  6        2               39661.00        40666.00        1005.00        
  49       2               41035.30        42484.30        1449.00        
  10       2               42484.30        43488.30        1004.00        
  68       4               43488.30        44636.30        1148.00        
  10       4               45211.30        46727.30        1516.00        
  94       2               46727.30        48167.30        1440.00        
  21       3               48167.30        49776.30        1609.00        
  50       2               49776.30        51128.30        1352.00        
  45       6               51128.30        52638.30        1510.00        
  57       2               52638.30        53764.30        1126.00        
  14       4               54039.18        55130.18        1091.00        
  28       6               55130.18        56161.18        1031.00        
  17       3               56357.76        57595.76        1238.00        
  46       3               57703.00        58706.00        1003.00        
  87       2               58706.00        60059.00        1353.00        
  97       4               60059.00        61522.00        1463.00        
  44       2               61522.00        62508.00        986.00         
  87       4               62568.76        64228.76        1660.00        
  26       6               64285.54        65564.54        1279.00        
  17       7               65564.54        66760.54        1196.00        
  17       8               66760.54        67679.54        919.00         
  14       7               67713.61        68925.61        1212.00        
  21       4               68925.61        70490.61        1565.00        
  37       4               70490.61        71681.61        1191.00        
  14       9               71681.61        73008.61        1327.00        

  机器利用率: 53.49% (忙碌时间: 39226.00 / 总时间: 73336.54)

离散机7:
工件号      工序号             开始时间            结束时间            加工时长           
--------------------------------------------------------------------------------
  20       2               18589.13        19771.13        1182.00        
  9        2               19771.13        21056.13        1285.00        
  69       3               21056.13        22567.13        1511.00        
  55       4               22567.13        23735.13        1168.00        
  30       7               24217.13        25422.13        1205.00        
  59       6               25446.13        26915.13        1469.00        
  30       9               26915.13        28055.13        1140.00        
  32       6               28055.13        29634.13        1579.00        
  23       2               30220.70        31773.70        1553.00        
  33       2               31773.70        32967.70        1194.00        
  88       2               32967.70        34274.70        1307.00        
  88       3               34274.70        35637.70        1363.00        
  35       3               35637.70        37336.70        1699.00        
  69       7               37336.70        38961.70        1625.00        
  68       2               39661.00        41025.00        1364.00        
  66       3               41025.00        42191.00        1166.00        
  25       7               42191.00        43345.00        1154.00        
  10       3               43488.30        45211.30        1723.00        
  96       4               45211.30        46329.30        1118.00        
  41       2               46737.18        47758.18        1021.00        
  53       2               47758.18        48737.18        979.00         
  83       4               48944.18        50438.18        1494.00        
  67       3               50438.18        51841.18        1403.00        
  39       3               51841.18        53553.18        1712.00        
  36       4               53553.18        55038.18        1485.00        
  49       4               55038.18        56589.18        1551.00        
  26       2               56658.00        58332.00        1674.00        
  15       3               58332.00        59897.00        1565.00        
  26       4               59897.00        61254.00        1357.00        
  41       6               61254.00        62526.00        1272.00        
  77       2               62629.61        63778.61        1149.00        
  74       3               63778.61        65023.61        1245.00        
  72       5               65023.61        66592.61        1569.00        
  14       6               66592.61        67713.61        1121.00        
  1        3               67713.61        69495.61        1782.00        
  3        5               69495.61        70586.61        1091.00        
  13       6               70586.61        72197.61        1611.00        

  机器利用率: 69.39% (忙碌时间: 50886.00 / 总时间: 73336.54)

离散机8:
工件号      工序号             开始时间            结束时间            加工时长           
--------------------------------------------------------------------------------
  69       2               18589.13        19795.13        1206.00        
  30       3               19795.13        20802.13        1007.00        
  69       4               22567.13        23876.13        1309.00        
  69       6               25494.13        26728.13        1234.00        
  55       6               26728.13        27938.13        1210.00        
  35       2               30220.70        31938.70        1718.00        
  7        3               32871.70        34087.70        1216.00        
  4        5               34316.70        35233.70        917.00         
  4        6               35233.70        36691.70        1458.00        
  13       3               41118.00        42156.00        1038.00        
  1        2               42157.78        43801.78        1644.00        
  5        3               43830.78        45126.78        1296.00        
  45       3               45126.78        46319.78        1193.00        
  40       2               46737.18        47848.18        1111.00        
  83       3               47958.18        48944.18        986.00         
  67       2               48944.18        49996.18        1052.00        
  31       3               49996.18        50928.18        932.00         
  11       3               50928.18        51944.18        1016.00        
  65       4               51944.18        52853.18        909.00         
  81       3               52853.18        54041.18        1188.00        
  57       3               54041.18        55028.18        987.00         
  36       5               55038.18        56454.18        1416.00        
  15       2               56658.00        58064.00        1406.00        
  78       2               58064.00        59349.00        1285.00        
  14       5               59349.00        60863.00        1514.00        
  99       5               60863.00        62291.00        1428.00        
  96       6               62291.00        63321.00        1030.00        
  5        7               63321.00        64798.00        1477.00        
  11       5               64798.00        65736.00        938.00         
  11       6               65736.00        66752.00        1016.00        
  93       5               66752.00        67827.00        1075.00        
  29       3               67827.00        69006.00        1179.00        
  36       8               69006.00        70114.00        1108.00        

  机器利用率: 53.86% (忙碌时间: 39499.00 / 总时间: 73336.54)

离散机9:
工件号      工序号             开始时间            结束时间            加工时长           
--------------------------------------------------------------------------------
  32       3               20869.13        22351.13        1482.00        
  85       3               22351.13        24022.13        1671.00        
  20       5               24022.13        25238.13        1216.00        
  30       8               25422.13        26817.13        1395.00        
  86       2               30220.70        31765.70        1545.00        
  23       3               31773.70        33492.70        1719.00        
  33       4               34031.70        35054.70        1023.00        
  33       5               35054.70        36210.70        1156.00        
  23       6               36718.70        37815.70        1097.00        
  25       6               37815.70        39533.70        1718.00        
  7        6               39533.70        40995.70        1462.00        
  96       2               41035.30        42319.30        1284.00        
  39       2               42319.30        43619.30        1300.00        
  29       2               43619.30        45294.30        1675.00        
  69       8               45294.30        46292.30        998.00         
  36       2               46737.18        47731.18        994.00         
  40       3               47848.18        49158.18        1310.00        
  65       2               49158.18        50564.18        1406.00        
  53       3               50564.18        51594.18        1030.00        
  6        5               51594.18        52871.18        1277.00        
  71       2               52971.51        54040.51        1069.00        
  93       3               54040.51        55069.51        1029.00        
  10       6               55069.51        56323.51        1254.00        
  66       5               56323.51        57477.51        1154.00        
  17       4               57595.76        58580.76        985.00         
  17       5               58580.76        59586.76        1006.00        
  31       5               59586.76        61295.76        1709.00        
  87       3               61295.76        62568.76        1273.00        
  18       2               62629.61        63771.61        1142.00        
  43       2               63771.61        65266.61        1495.00        
  26       7               65564.54        66565.54        1001.00        
  26       8               66565.54        67629.54        1064.00        
  40       5               67629.54        68547.54        918.00         
  64       2               68547.54        69748.54        1201.00        
  99       7               69748.54        70816.54        1068.00        
  45       8               70816.54        71727.54        911.00         
  31       6               71727.54        72894.54        1167.00        

  机器利用率: 63.00% (忙碌时间: 46204.00 / 总时间: 73336.54)

离散机10:
工件号      工序号             开始时间            结束时间            加工时长           
--------------------------------------------------------------------------------
  59       2               18589.13        19977.13        1388.00        
  55       3               20048.13        21510.13        1462.00        
  42       3               23238.13        24435.13        1197.00        
  20       6               25238.13        26158.13        920.00         
  52       7               28156.13        29079.13        923.00         
  32       7               29634.13        30710.13        1076.00        
  4        3               31353.70        32701.70        1348.00        
  25       4               34197.70        35113.70        916.00         
  23       5               35113.70        36718.70        1605.00        
  86       5               36718.70        37915.70        1197.00        
  33       7               37915.70        39322.70        1407.00        
  99       2               39661.00        40958.00        1297.00        
  37       2               40958.00        42231.00        1273.00        
  47       4               42231.00        43281.00        1050.00        
  28       4               43832.00        45040.00        1208.00        
  49       3               45040.00        46090.00        1050.00        
  70       2               46469.18        47651.18        1182.00        
  24       2               47651.18        49443.18        1792.00        
  28       5               49443.18        50509.18        1066.00        
  94       4               50649.18        51568.18        919.00         
  3        3               51568.18        52830.18        1262.00        
  67       4               52830.18        53767.18        937.00         
  12       2               53767.18        55290.18        1523.00        
  17       2               55403.76        56357.76        954.00         
  0        3               56357.76        57563.76        1206.00        
  36       6               57563.76        58511.76        948.00         
  24       6               58511.76        59688.76        1177.00        
  93       4               59688.76        61177.76        1489.00        
  48       2               61177.76        62616.76        1439.00        
  75       5               62616.76        64282.76        1666.00        
  99       6               64282.76        65581.76        1299.00        
  71       4               65788.54        67506.54        1718.00        
  72       6               67506.54        68880.54        1374.00        
  96       8               68880.54        69891.54        1011.00        
  14       8               69891.54        71148.54        1257.00        
  43       6               71148.54        72500.54        1352.00        

  机器利用率: 61.21% (忙碌时间: 44888.00 / 总时间: 73336.54)

【打印批次详细信息】
----------------------------------------------------------------------------------------------------

打印机 1 (尺寸: 1033.0 x 412.0 x 635.0):
--------------------------------------------------------------------------------
  批次 1: 零件数=12, 占用率=95.27%
    - 30: 尺寸 686.0 x 336.0 x 90.0
    - 20: 尺寸 89.0 x 142.0 x 104.0
    - 58: 尺寸 246.0 x 181.0 x 77.0
    - 9: 尺寸 101.0 x 149.0 x 45.0
    - 59: 尺寸 229.0 x 159.0 x 122.0
    - 42: 尺寸 114.0 x 86.0 x 61.0
    - 69: 尺寸 101.0 x 76.0 x 43.0
    - 55: 尺寸 93.0 x 72.0 x 88.0
    - 32: 尺寸 98.0 x 66.0 x 75.0
    - 52: 尺寸 170.0 x 59.0 x 100.0
    - 85: 尺寸 205.0 x 63.0 x 96.0
    - 19: 尺寸 220.0 x 58.0 x 76.0
  批次 2: 零件数=12, 占用率=89.47%
    - 24: 尺寸 187.0 x 173.0 x 33.0
    - 38: 尺寸 144.0 x 118.0 x 155.0
    - 98: 尺寸 197.0 x 134.0 x 63.0
    - 36: 尺寸 468.0 x 164.0 x 153.0
    - 73: 尺寸 177.0 x 159.0 x 112.0
    - 14: 尺寸 183.0 x 98.0 x 54.0
    - 83: 尺寸 441.0 x 153.0 x 197.0
    - 50: 尺寸 185.0 x 123.0 x 171.0
    - 40: 尺寸 122.0 x 148.0 x 103.0
    - 97: 尺寸 213.0 x 107.0 x 56.0
    - 57: 尺寸 139.0 x 114.0 x 92.0
    - 41: 尺寸 420.0 x 84.0 x 65.0
  批次 3: 零件数=5, 占用率=87.75%
    - 72: 尺寸 426.0 x 214.0 x 34.0
    - 2: 尺寸 568.0 x 184.0 x 44.0
    - 48: 尺寸 205.0 x 200.0 x 83.0
    - 89: 尺寸 233.0 x 185.0 x 23.0
    - 74: 尺寸 488.0 x 192.0 x 92.0
  批次 4: 零件数=1, 占用率=34.51%
    - 64: 尺寸 441.0 x 333.0 x 52.0

打印机 2 (尺寸: 1163.0 x 587.0 x 663.0):
--------------------------------------------------------------------------------
  批次 1: 零件数=15, 占用率=86.20%
    - 4: 尺寸 148.0 x 136.0 x 21.0
    - 88: 尺寸 385.0 x 207.0 x 83.0
    - 25: 尺寸 202.0 x 207.0 x 33.0
    - 23: 尺寸 422.0 x 283.0 x 63.0
    - 84: 尺寸 148.0 x 132.0 x 176.0
    - 95: 尺寸 202.0 x 55.0 x 55.0
    - 60: 尺寸 363.0 x 170.0 x 19.0
    - 91: 尺寸 179.0 x 133.0 x 39.0
    - 8: 尺寸 155.0 x 115.0 x 87.0
    - 86: 尺寸 349.0 x 205.0 x 127.0
    - 16: 尺寸 441.0 x 143.0 x 42.0
    - 33: 尺寸 143.0 x 98.0 x 20.0
    - 34: 尺寸 206.0 x 118.0 x 193.0
    - 35: 尺寸 96.0 x 106.0 x 48.0
    - 7: 尺寸 105.0 x 98.0 x 89.0
  批次 2: 零件数=4, 占用率=77.50%
    - 96: 尺寸 711.0 x 335.0 x 59.0
    - 54: 尺寸 120.0 x 529.0 x 52.0
    - 27: 尺寸 191.0 x 565.0 x 59.0
    - 49: 尺寸 720.0 x 166.0 x 70.0
  批次 3: 零件数=3, 占用率=63.27%
    - 43: 尺寸 713.0 x 239.0 x 46.0
    - 31: 尺寸 355.0 x 260.0 x 20.0
    - 65: 尺寸 688.0 x 246.0 x 28.0
  批次 4: 零件数=1, 占用率=27.34%
    - 71: 尺寸 699.0 x 267.0 x 29.0

打印机 3 (尺寸: 941.0 x 424.0 x 663.0):
--------------------------------------------------------------------------------
  批次 1: 零件数=10, 占用率=88.69%
    - 10: 尺寸 480.0 x 155.0 x 175.0
    - 39: 尺寸 396.0 x 158.0 x 123.0
    - 5: 尺寸 63.0 x 187.0 x 153.0
    - 1: 尺寸 465.0 x 126.0 x 96.0
    - 62: 尺寸 188.0 x 133.0 x 95.0
    - 63: 尺寸 195.0 x 163.0 x 52.0
    - 3: 尺寸 114.0 x 130.0 x 98.0
    - 29: 尺寸 302.0 x 137.0 x 33.0
    - 12: 尺寸 99.0 x 132.0 x 97.0
    - 90: 尺寸 241.0 x 85.0 x 93.0
  批次 2: 零件数=3, 占用率=39.92%
    - 77: 尺寸 509.0 x 204.0 x 43.0
    - 76: 尺寸 165.0 x 168.0 x 18.0
    - 18: 尺寸 207.0 x 134.0 x 86.0

打印机 4 (尺寸: 1081.0 x 523.0 x 615.0):
--------------------------------------------------------------------------------
  批次 1: 零件数=11, 占用率=78.73%
    - 67: 尺寸 121.0 x 144.0 x 191.0
    - 21: 尺寸 109.0 x 53.0 x 36.0
    - 61: 尺寸 533.0 x 123.0 x 54.0
    - 75: 尺寸 290.0 x 460.0 x 105.0
    - 81: 尺寸 134.0 x 93.0 x 170.0
    - 22: 尺寸 69.0 x 106.0 x 68.0
    - 92: 尺寸 440.0 x 247.0 x 168.0
    - 53: 尺寸 121.0 x 142.0 x 188.0
    - 94: 尺寸 86.0 x 78.0 x 15.0
    - 70: 尺寸 217.0 x 139.0 x 55.0
    - 93: 尺寸 291.0 x 139.0 x 38.0
  批次 2: 零件数=2, 占用率=38.67%
    - 17: 尺寸 668.0 x 227.0 x 36.0
    - 0: 尺寸 268.0 x 250.0 x 27.0

打印机 5 (尺寸: 1118.0 x 504.0 x 631.0):
--------------------------------------------------------------------------------
  批次 1: 零件数=13, 占用率=91.53%
    - 44: 尺寸 79.0 x 103.0 x 14.0
    - 99: 尺寸 390.0 x 203.0 x 186.0
    - 66: 尺寸 438.0 x 139.0 x 124.0
    - 82: 尺寸 191.0 x 198.0 x 181.0
    - 47: 尺寸 51.0 x 178.0 x 176.0
    - 68: 尺寸 413.0 x 227.0 x 174.0
    - 37: 尺寸 208.0 x 179.0 x 109.0
    - 45: 尺寸 266.0 x 241.0 x 26.0
    - 28: 尺寸 148.0 x 108.0 x 40.0
    - 51: 尺寸 135.0 x 173.0 x 83.0
    - 6: 尺寸 306.0 x 134.0 x 68.0
    - 13: 尺寸 87.0 x 87.0 x 191.0
    - 11: 尺寸 306.0 x 123.0 x 35.0
  批次 2: 零件数=8, 占用率=81.96%
    - 78: 尺寸 257.0 x 259.0 x 55.0
    - 87: 尺寸 690.0 x 134.0 x 26.0
    - 79: 尺寸 155.0 x 382.0 x 83.0
    - 46: 尺寸 389.0 x 123.0 x 52.0
    - 56: 尺寸 312.0 x 305.0 x 32.0
    - 15: 尺寸 255.0 x 172.0 x 44.0
    - 80: 尺寸 106.0 x 152.0 x 19.0
    - 26: 尺寸 353.0 x 115.0 x 50.0

════════════════════════════════════════════════════════════════
