════════════════════════════════════════════════════════════════
              最优Cmax解的详细调度记录
════════════════════════════════════════════════════════════════

【基本信息】
----------------------------------------------------------------------------------------------------
Cmax (最大完工时间): 69128.97
能耗: 894.95 kWh
装箱质量: 0.1531
批次总数: 13
工件数量: 100
机器数量: 17 (打印机:5, 批处理机:2, 离散机:10)

【染色体编码】
----------------------------------------------------------------------------------------------------
工序序列 (OS): [42, 38, 95, 50, 23, 76, 87, 83, 69, 9, 99, 82, 53, 77, 33, 89, 93, 66, 10, 78, 12, 80, 73, 94, 92, 47, 25, 4, 86, 11, 75, 84, 68, 88, 13, 30, 1, 34, 96, 16, 20, 40, 26, 24, 90, 21, 58, 52, 64, 0, 49, 46, 79, 98, 59, 43, 45, 74, 71, 54, 51, 70, 41, 28, 36, 85, 65, 81, 6, 35, 14, 7, 18, 60, 57, 61, 31, 5, 32, 72, 27, 8, 56, 17, 37, 19, 44, 55, 62, 67, 48, 2, 39, 22, 3, 97, 63, 15, 29, 91, 66, 72, 92, 69, 15, 96, 41, 31, 26, 20, 45, 34, 40, 30, 36, 82, 13, 32, 12, 30, 99, 9, 36, 0, 33, 96, 8, 89, 94, 28, 23, 42, 89, 99, 40, 26, 13, 5, 47, 94, 82, 15, 77, 7, 83, 11, 26, 8, 7, 14, 6, 96, 28, 21, 72, 5, 6, 15, 83, 49, 24, 25, 86, 69, 10, 23, 18, 40, 69, 24, 40, 88, 88, 25, 23, 43, 97, 13, 75, 32, 24, 32, 94, 46, 45, 40, 4, 10, 53, 39, 13, 94, 7, 5, 41, 68, 77, 0, 71, 55, 70, 3, 96, 68, 54, 17, 11, 33, 91, 34, 1, 14, 64, 42, 55, 1, 66, 99, 93, 33, 4, 26, 72, 90, 23, 13, 93, 85, 10, 36, 86, 25, 75, 41, 37, 96, 72, 36, 47, 16, 32, 23, 47, 29, 66, 69, 57, 17, 8, 28, 5, 46, 31, 46, 93, 28, 3, 59, 14, 33, 7, 31, 30, 81, 33, 96, 65, 75, 94, 20, 41, 94, 52, 73, 47, 74, 13, 57, 77, 52, 26, 52, 26, 15, 17, 16, 59, 67, 23, 65, 39, 49, 99, 83, 23, 45, 36, 4, 55, 20, 14, 24, 17, 26, 20, 6, 47, 5, 44, 52, 6, 67, 49, 21, 0, 46, 4, 10, 24, 45, 86, 41, 74, 67, 69, 58, 72, 65, 30, 10, 8, 83, 1, 66, 52, 31, 21, 4, 14, 35, 92, 45, 17, 7, 25, 39, 19, 8, 47, 67, 75, 14, 43, 35, 36, 30, 30, 11, 59, 68, 65, 97, 46, 8, 87, 97, 26, 55, 3, 17, 69, 71, 41, 43, 3, 43, 48, 0, 4, 51, 33, 60, 99, 83, 74, 14, 15, 45, 46, 78, 58, 81, 24, 20, 32, 37, 32, 14, 55, 85, 5, 30, 17, 59, 88, 50, 36, 72, 79, 83, 15, 43, 29, 87, 71, 9, 59, 58, 11, 96, 99, 47, 52, 25, 39, 55, 25, 66, 24, 75, 72, 31, 30, 86, 34, 3, 65, 62, 28, 58, 45, 93, 87, 2, 37, 11, 53, 69]
机器选择 (MS): [2, 1, 4, 2, 2, 5, 5, 1, 1, 4, 2, 1, 2, 5, 4, 4, 1, 5, 3, 2, 2, 2, 1, 4, 1, 1, 5, 5, 1, 2, 3, 3, 2, 4, 2, 2, 1, 1, 5, 2, 1, 2, 4, 2, 4, 4, 3, 4, 2, 2, 4, 2, 3, 5, 3, 2, 5, 5, 1, 4, 3, 2, 2, 4, 1, 2, 2, 1, 5, 4, 2, 2, 3, 4, 1, 3, 4, 1, 2, 4, 5, 4, 1, 2, 2, 1, 2, 2, 4, 1, 1, 2, 5, 4, 1, 2, 2, 4, 4, 1, 1, 1, 1, 1, 2, 1, 1, 3, 1, 1, 1, 2, 1, 1, 2, 1, 3, 1, 1, 1, 1, 3, 1, 1, 3, 3, 1, 3, 2, 2, 2, 1, 2, 1, 1, 1, 1, 1, 1, 1, 3, 3, 1, 2, 1, 1, 2, 1, 1, 3, 3, 3, 1, 1, 1, 1, 2, 1, 2, 3, 2, 1, 2, 3, 1, 1, 2, 1, 1, 3, 3, 1, 3, 1, 2, 1, 1, 2, 1, 2, 1, 1, 2, 1, 1, 1, 2, 2, 3, 1, 1, 1, 3, 2, 1, 2, 1, 1, 1, 1, 2, 1, 2, 1, 2, 2, 2, 1, 3, 1, 1, 2, 1, 1, 2, 1, 3, 2, 1, 1, 3, 3, 2, 3, 1, 1, 1, 3, 3, 1, 2, 2, 2, 1, 1, 1, 1, 2, 1, 1, 1, 3, 1, 2, 2, 2, 1, 1, 2, 3, 1, 1, 2, 1, 1, 1, 1, 3, 1, 2, 2, 2, 2, 3, 1, 2, 1, 1, 3, 2, 2, 1, 1, 2, 2, 1, 1, 1, 1, 3, 2, 2, 1, 2, 3, 1, 1, 1, 1, 2, 1, 1, 1, 2, 1, 2, 2, 3, 1, 2, 1, 1, 1, 2, 1, 2, 1, 1, 3, 1, 1, 1, 1, 1, 1, 1, 1, 1, 1, 2, 1, 1, 3, 2, 3, 2, 1, 1, 1, 2, 1, 1, 1, 1, 1, 1, 2, 1, 1, 1, 1, 1, 3, 3, 1, 1, 2, 3, 1, 1, 1, 3, 1, 1, 1, 2, 1, 3, 1, 1, 1, 3, 2, 1, 1, 1, 1, 2, 1, 1, 1, 1, 1, 1, 1, 1, 1, 2, 2, 1, 1, 1, 1, 1, 1, 2, 1, 2, 1, 2, 3, 1, 1, 2, 1, 1, 1, 1, 1, 1, 1, 2, 1, 1, 1, 1, 2, 1, 1, 1, 1, 2, 1, 1, 1, 1, 2, 2, 2, 1, 2, 2, 1, 2, 1, 2, 1, 1, 2, 1, 1, 1, 1, 1, 1, 1, 2, 1, 2, 1, 1, 1, 1, 1, 2, 2, 1, 1]

【零件加工顺序记录】
----------------------------------------------------------------------------------------------------
工件号      工序号             机器号             开始时间            结束时间            加工时长           
----------------------------------------------------------------------------------------------------

工件 0:
  0        0               打印机2            28858.46        45488.84        16630.39       
  0        1               批处理机2           45488.84        46552.84        1064.00        
  0        2               离散机3            46552.84        47452.84        900.00         
  0        3               离散机2            47852.84        49484.84        1632.00        
  0        4               离散机1            55861.84        56776.84        915.00         
  0        5               离散机3            60242.97        61734.97        1492.00        

工件 1:
  1        0               打印机1            28102.05        49998.97        21896.92       
  1        1               批处理机2           49998.97        51062.97        1064.00        
  1        2               离散机8            51062.97        52706.97        1644.00        
  1        3               离散机7            52706.97        54488.97        1782.00        
  1        4               离散机2            56070.84        56994.84        924.00         

工件 2:
  2        0               打印机2            53619.23        60556.63        6937.40        
  2        1               批处理机2           60556.63        61620.63        1064.00        
  2        2               离散机10           66930.97        68110.97        1180.00        

工件 3:
  3        0               打印机1            28102.05        49998.97        21896.92       
  3        1               批处理机2           49998.97        51062.97        1064.00        
  3        2               离散机1            51115.84        52047.84        932.00         
  3        3               离散机7            55973.97        57102.97        1129.00        
  3        4               离散机2            59204.84        60202.84        998.00         
  3        5               离散机7            62198.97        63289.97        1091.00        
  3        6               离散机2            67380.20        68745.20        1365.00        

工件 4:
  4        0               打印机5            0.00            12997.00        12997.00       
  4        1               批处理机2           12997.00        14061.00        1064.00        
  4        2               离散机1            14061.00        15194.00        1133.00        
  4        3               离散机10           15194.00        16542.00        1348.00        
  4        4               离散机3            16542.00        17773.00        1231.00        
  4        5               离散机8            17773.00        18690.00        917.00         
  4        6               离散机2            18690.00        19712.00        1022.00        
  4        7               离散机6            21697.00        23035.00        1338.00        

工件 5:
  5        0               打印机1            0.00            28102.05        28102.05       
  5        1               批处理机2           28102.05        29166.05        1064.00        
  5        2               离散机1            30740.05        32413.05        1673.00        
  5        3               离散机8            32413.05        33709.05        1296.00        
  5        4               离散机8            35768.05        37024.05        1256.00        
  5        5               离散机2            44129.35        45300.35        1171.00        
  5        6               离散机2            53441.84        54341.84        900.00         
  5        7               离散机8            63439.23        64916.23        1477.00        

工件 6:
  6        0               打印机5            12997.00        38194.00        25197.00       
  6        1               批处理机2           38194.00        39258.00        1064.00        
  6        2               离散机6            39258.00        40263.00        1005.00        
  6        3               离散机2            40674.35        42339.35        1665.00        
  6        4               离散机5            48159.00        49459.00        1300.00        
  6        5               离散机9            53062.97        54339.97        1277.00        

工件 7:
  7        0               打印机2            28858.46        45488.84        16630.39       
  7        1               批处理机2           45488.84        46552.84        1064.00        
  7        2               离散机3            47452.84        48973.84        1521.00        
  7        3               离散机8            48973.84        50189.84        1216.00        
  7        4               离散机1            50189.84        51115.84        926.00         
  7        5               离散机2            51115.84        52460.84        1345.00        
  7        6               离散机9            63029.23        64491.23        1462.00        

工件 8:
  8        0               打印机4            0.00            23993.41        23993.41       
  8        1               批处理机2           23993.41        25057.41        1064.00        
  8        2               离散机5            25057.41        26313.41        1256.00        
  8        3               离散机6            26497.41        27524.41        1027.00        
  8        4               离散机2            28352.41        29963.41        1611.00        
  8        5               离散机2            34449.46        35833.46        1384.00        
  8        6               离散机1            48965.84        49998.84        1033.00        
  8        7               离散机4            52271.84        53932.84        1661.00        

工件 9:
  9        0               打印机4            0.00            23993.41        23993.41       
  9        1               批处理机2           23993.41        25057.41        1064.00        
  9        2               离散机9            25057.41        26501.41        1444.00        
  9        3               离散机5            32901.41        33814.41        913.00         

工件 10:
  10       0               打印机3            0.00            41325.49        41325.49       
  10       1               批处理机2           41325.49        42389.49        1064.00        
  10       2               离散机6            42389.49        43393.49        1004.00        
  10       3               离散机7            43393.49        45116.49        1723.00        
  10       4               离散机3            50303.84        52000.84        1697.00        
  10       5               离散机2            54341.84        56070.84        1729.00        
  10       6               离散机8            58376.97        59709.97        1333.00        

工件 11:
  11       0               打印机2            0.00            28858.46        28858.46       
  11       1               批处理机1           28858.46        29968.46        1110.00        
  11       2               离散机3            35123.05        36504.05        1381.00        
  11       3               离散机8            37024.05        38040.05        1016.00        
  11       4               离散机4            50616.84        52271.84        1655.00        
  11       5               离散机8            66024.23        66962.23        938.00         
  11       6               离散机8            68037.23        69053.23        1016.00        

工件 12:
  12       0               打印机2            0.00            28858.46        28858.46       
  12       1               批处理机1           28858.46        29968.46        1110.00        
  12       2               离散机7            30989.46        32747.46        1758.00        

工件 13:
  13       0               打印机2            0.00            28858.46        28858.46       
  13       1               批处理机1           28858.46        29968.46        1110.00        
  13       2               离散机3            32287.05        33744.05        1457.00        
  13       3               离散机8            33744.05        34782.05        1038.00        
  13       4               离散机5            34782.05        36458.05        1676.00        
  13       5               离散机5            36458.05        37507.05        1049.00        
  13       6               离散机7            38966.46        40577.46        1611.00        
  13       7               离散机2            52460.84        53441.84        981.00         

工件 14:
  14       0               打印机2            28858.46        45488.84        16630.39       
  14       1               批处理机2           45488.84        46552.84        1064.00        
  14       2               离散机7            46552.84        47855.84        1303.00        
  14       3               离散机4            47855.84        49079.84        1224.00        
  14       4               离散机6            49926.84        51017.84        1091.00        
  14       5               离散机8            52706.97        54220.97        1514.00        
  14       6               离散机8            54220.97        55413.97        1193.00        
  14       7               离散机6            59839.97        61051.97        1212.00        
  14       8               离散机10           61051.97        62308.97        1257.00        
  14       9               离散机6            62514.97        63841.97        1327.00        

工件 15:
  15       0               打印机4            23993.41        34810.35        10816.94       
  15       1               批处理机2           34810.35        35874.35        1064.00        
  15       2               离散机2            37487.35        39086.35        1599.00        
  15       3               离散机2            39086.35        40674.35        1588.00        
  15       4               离散机4            40674.35        42105.35        1431.00        
  15       5               离散机7            45116.49        46525.49        1409.00        
  15       6               离散机3            61734.97        62964.97        1230.00        
  15       7               离散机5            63568.97        64481.97        913.00         

工件 16:
  16       0               打印机2            0.00            28858.46        28858.46       
  16       1               批处理机1           28858.46        29968.46        1110.00        
  16       2               离散机2            42339.35        44129.35        1790.00        
  16       3               离散机7            49424.84        50993.84        1569.00        

工件 17:
  17       0               打印机2            28858.46        45488.84        16630.39       
  17       1               批处理机2           45488.84        46552.84        1064.00        
  17       2               离散机10           47734.84        48688.84        954.00         
  17       3               离散机6            48688.84        49926.84        1238.00        
  17       4               离散机9            49926.84        50911.84        985.00         
  17       5               离散机9            52056.97        53062.97        1006.00        
  17       6               离散机5            55172.97        56593.97        1421.00        
  17       7               离散机2            60202.84        61173.84        971.00         
  17       8               离散机6            63841.97        64760.97        919.00         

工件 18:
  18       0               打印机3            0.00            41325.49        41325.49       
  18       1               批处理机2           41325.49        42389.49        1064.00        
  18       2               离散机9            42389.49        43531.49        1142.00        

工件 19:
  19       0               打印机1            0.00            28102.05        28102.05       
  19       1               批处理机2           28102.05        29166.05        1064.00        
  19       2               离散机4            49079.84        50616.84        1537.00        

工件 20:
  20       0               打印机1            0.00            28102.05        28102.05       
  20       1               批处理机2           28102.05        29166.05        1064.00        
  20       2               离散机1            29166.05        30740.05        1574.00        
  20       3               离散机5            31676.41        32901.41        1225.00        
  20       4               离散机6            36065.46        37325.46        1260.00        
  20       5               离散机9            38405.46        39621.46        1216.00        
  20       6               离散机10           56449.84        57369.84        920.00         

工件 21:
  21       0               打印机4            0.00            23993.41        23993.41       
  21       1               批处理机2           23993.41        25057.41        1064.00        
  21       2               离散机3            36504.05        38083.05        1579.00        
  21       3               离散机3            56290.97        57408.97        1118.00        
  21       4               离散机6            58274.97        59839.97        1565.00        

工件 22:
  22       0               打印机4            0.00            23993.41        23993.41       
  22       1               批处理机2           23993.41        25057.41        1064.00        

工件 23:
  23       0               打印机2            0.00            28858.46        28858.46       
  23       1               批处理机1           28858.46        29968.46        1110.00        
  23       2               离散机9            29968.46        31008.46        1040.00        
  23       3               离散机3            38083.05        39180.05        1097.00        
  23       4               离散机6            40263.00        41840.00        1577.00        
  23       5               离散机10           42210.00        43815.00        1605.00        
  23       6               离散机9            43815.00        44912.00        1097.00        
  23       7               离散机3            44912.00        46528.00        1616.00        
  23       8               离散机5            46921.00        48159.00        1238.00        

工件 24:
  24       0               打印机2            28858.46        45488.84        16630.39       
  24       1               批处理机2           45488.84        46552.84        1064.00        
  24       2               离散机3            48973.84        50303.84        1330.00        
  24       3               离散机6            52416.97        54106.97        1690.00        
  24       4               离散机5            54106.97        55172.97        1066.00        
  24       5               离散机4            55172.97        56564.97        1392.00        
  24       6               离散机10           58337.97        59514.97        1177.00        
  24       7               离散机8            59709.97        61127.97        1418.00        
  24       8               离散机7            65962.97        67371.97        1409.00        

工件 25:
  25       0               打印机5            0.00            12997.00        12997.00       
  25       1               批处理机2           12997.00        14061.00        1064.00        
  25       2               离散机3            15382.00        16303.00        921.00         
  25       3               离散机2            16303.00        17629.00        1326.00        
  25       4               离散机10           17629.00        18545.00        916.00         
  25       5               离散机1            18545.00        19591.00        1046.00        
  25       6               离散机9            21814.00        23532.00        1718.00        
  25       7               离散机7            23532.00        24686.00        1154.00        

工件 26:
  26       0               打印机4            0.00            23993.41        23993.41       
  26       1               批处理机2           23993.41        25057.41        1064.00        
  26       2               离散机7            25057.41        26731.41        1674.00        
  26       3               离散机2            26827.41        28352.41        1525.00        
  26       4               离散机7            28352.41        29709.41        1357.00        
  26       5               离散机3            39180.05        40789.05        1609.00        
  26       6               离散机8            42041.00        43679.00        1638.00        
  26       7               离散机9            44912.00        45913.00        1001.00        
  26       8               离散机6            47288.49        48677.49        1389.00        
  26       9               离散机5            49459.00        50955.00        1496.00        

工件 27:
  27       0               打印机5            12997.00        38194.00        25197.00       
  27       1               批处理机2           38194.00        39258.00        1064.00        

工件 28:
  28       0               打印机4            0.00            23993.41        23993.41       
  28       1               批处理机2           23993.41        25057.41        1064.00        
  28       2               离散机10           25057.41        26602.41        1545.00        
  28       3               离散机9            26602.41        28337.41        1735.00        
  28       4               离散机10           28337.41        29545.41        1208.00        
  28       5               离散机10           43815.00        44881.00        1066.00        
  28       6               离散机6            66906.97        67937.97        1031.00        

工件 29:
  29       0               打印机4            23993.41        34810.35        10816.94       
  29       1               批处理机2           34810.35        35874.35        1064.00        
  29       2               离散机1            41490.00        42676.00        1186.00        
  29       3               离散机5            64481.97        65626.97        1145.00        

工件 30:
  30       0               打印机2            28858.46        45488.84        16630.39       
  30       1               批处理机2           45488.84        46552.84        1064.00        
  30       2               离散机9            46552.84        47651.84        1099.00        
  30       3               离散机8            47651.84        48658.84        1007.00        
  30       4               离散机3            54426.97        55345.97        919.00         
  30       5               离散机6            56218.97        57294.97        1076.00        
  30       6               离散机5            58129.97        59303.97        1174.00        
  30       7               离散机7            59368.97        60573.97        1205.00        
  30       8               离散机4            62672.97        64049.97        1377.00        
  30       9               离散机7            67371.97        68511.97        1140.00        

工件 31:
  31       0               打印机4            23993.41        34810.35        10816.94       
  31       1               批处理机2           34810.35        35874.35        1064.00        
  31       2               离散机1            35874.35        37288.35        1414.00        
  31       3               离散机1            44019.00        45413.00        1394.00        
  31       4               离散机5            45413.00        46921.00        1508.00        
  31       5               离散机9            61320.23        63029.23        1709.00        
  31       6               离散机9            65559.23        66726.23        1167.00        

工件 32:
  32       0               打印机2            0.00            28858.46        28858.46       
  32       1               批处理机1           28858.46        29968.46        1110.00        
  32       2               离散机2            29968.46        31099.46        1131.00        
  32       3               离散机9            34738.46        36220.46        1482.00        
  32       4               离散机1            40561.00        41490.00        929.00         
  32       5               离散机6            46088.49        47288.49        1200.00        
  32       6               离散机5            59303.97        60308.97        1005.00        
  32       7               离散机10           62308.97        63384.97        1076.00        

工件 33:
  33       0               打印机4            0.00            23993.41        23993.41       
  33       1               批处理机2           23993.41        25057.41        1064.00        
  33       2               离散机2            25057.41        26827.41        1770.00        
  33       3               离散机5            28083.41        29147.41        1064.00        
  33       4               离散机9            32440.46        33463.46        1023.00        
  33       5               离散机9            37249.46        38405.46        1156.00        
  33       6               离散机5            38405.46        39344.46        939.00         
  33       7               离散机10           55042.84        56449.84        1407.00        

工件 34:
  34       0               打印机1            0.00            28102.05        28102.05       
  34       1               批处理机2           28102.05        29166.05        1064.00        
  34       2               离散机3            29166.05        30688.05        1522.00        
  34       3               离散机1            33323.05        34717.05        1394.00        
  34       4               离散机5            40682.46        42112.46        1430.00        

工件 35:
  35       0               打印机4            0.00            23993.41        23993.41       
  35       1               批处理机2           23993.41        25057.41        1064.00        
  35       2               离散机8            25057.41        26775.41        1718.00        
  35       3               离散机1            26775.41        27876.41        1101.00        

工件 36:
  36       0               打印机1            28102.05        49998.97        21896.92       
  36       1               批处理机2           49998.97        51062.97        1064.00        
  36       2               离散机9            51062.97        52056.97        994.00         
  36       3               离散机3            52056.97        53106.97        1050.00        
  36       4               离散机7            54488.97        55973.97        1485.00        
  36       5               离散机8            55973.97        57389.97        1416.00        
  36       6               离散机10           57389.97        58337.97        948.00         
  36       7               离散机7            58347.97        59368.97        1021.00        
  36       8               离散机8            64916.23        66024.23        1108.00        

工件 37:
  37       0               打印机2            28858.46        45488.84        16630.39       
  37       1               批处理机2           45488.84        46552.84        1064.00        
  37       2               离散机1            46552.84        47710.84        1158.00        
  37       3               离散机5            60308.97        61509.97        1201.00        
  37       4               离散机6            67937.97        69128.97        1191.00        

工件 38:
  38       0               打印机1            0.00            28102.05        28102.05       
  38       1               批处理机2           28102.05        29166.05        1064.00        

工件 39:
  39       0               打印机5            12997.00        38194.00        25197.00       
  39       1               批处理机2           38194.00        39258.00        1064.00        
  39       2               离散机6            43393.49        45047.49        1654.00        
  39       3               离散机10           48688.84        49626.84        938.00         
  39       4               离散机5            56593.97        58129.97        1536.00        
  39       5               离散机10           64307.97        65733.97        1426.00        

工件 40:
  40       0               打印机2            0.00            28858.46        28858.46       
  40       1               批处理机1           28858.46        29968.46        1110.00        
  40       2               离散机4            29968.46        31130.46        1162.00        
  40       3               离散机9            31130.46        32440.46        1310.00        
  40       4               离散机6            32440.46        33820.46        1380.00        
  40       5               离散机9            33820.46        34738.46        918.00         
  40       6               离散机4            35993.46        37314.46        1321.00        

工件 41:
  41       0               打印机2            0.00            28858.46        28858.46       
  41       1               批处理机1           28858.46        29968.46        1110.00        
  41       2               离散机7            29968.46        30989.46        1021.00        
  41       3               离散机2            31099.46        32796.46        1697.00        
  41       4               离散机4            39713.46        40616.46        903.00         
  41       5               离散机8            40928.00        42041.00        1113.00        
  41       6               离散机7            50993.84        52265.84        1272.00        
  41       7               离散机2            63300.20        65035.20        1735.00        

工件 42:
  42       0               打印机2            0.00            28858.46        28858.46       
  42       1               批处理机1           28858.46        29968.46        1110.00        
  42       2               离散机4            31130.46        32525.46        1395.00        
  42       3               离散机10           32994.46        34191.46        1197.00        

工件 43:
  43       0               打印机2            45488.84        53619.23        8130.39        
  43       1               批处理机2           53619.23        54683.23        1064.00        
  43       2               离散机9            54683.23        56178.23        1495.00        
  43       3               离散机1            56776.84        58232.84        1456.00        
  43       4               离散机3            58947.97        60242.97        1295.00        
  43       5               离散机1            60769.84        61865.84        1096.00        
  43       6               离散机6            64760.97        65797.97        1037.00        

工件 44:
  44       0               打印机2            28858.46        45488.84        16630.39       
  44       1               批处理机2           45488.84        46552.84        1064.00        
  44       2               离散机6            55232.97        56218.97        986.00         

工件 45:
  45       0               打印机5            0.00            12997.00        12997.00       
  45       1               批处理机2           12997.00        14061.00        1064.00        
  45       2               离散机3            14061.00        15382.00        1321.00        
  45       3               离散机8            15382.00        16575.00        1193.00        
  45       4               离散机5            16575.00        17789.00        1214.00        
  45       5               离散机8            18690.00        20187.00        1497.00        
  45       6               离散机6            20187.00        21697.00        1510.00        
  45       7               离散机2            21697.00        22896.00        1199.00        
  45       8               离散机9            23532.00        24443.00        911.00         

工件 46:
  46       0               打印机2            0.00            28858.46        28858.46       
  46       1               批处理机1           28858.46        29968.46        1110.00        
  46       2               离散机8            30437.05        32068.05        1631.00        
  46       3               离散机6            35062.46        36065.46        1003.00        
  46       4               离散机10           36703.46        38339.46        1636.00        
  46       5               离散机1            45413.00        46349.00        936.00         
  46       6               离散机1            59697.84        60769.84        1072.00        
  46       7               离散机3            62964.97        64198.97        1234.00        

工件 47:
  47       0               打印机1            0.00            28102.05        28102.05       
  47       1               批处理机2           28102.05        29166.05        1064.00        
  47       2               离散机8            29166.05        30437.05        1271.00        
  47       3               离散机5            30524.41        31676.41        1152.00        
  47       4               离散机10           35653.46        36703.46        1050.00        
  47       5               离散机5            39344.46        40682.46        1338.00        
  47       6               离散机3            41818.05        43261.05        1443.00        
  47       7               离散机9            48805.84        49923.84        1118.00        
  47       8               离散机1            63390.23        64697.23        1307.00        

工件 48:
  48       0               打印机1            28102.05        49998.97        21896.92       
  48       1               批处理机2           49998.97        51062.97        1064.00        
  48       2               离散机10           53603.84        55042.84        1439.00        

工件 49:
  49       0               打印机4            0.00            23993.41        23993.41       
  49       1               批处理机2           23993.41        25057.41        1064.00        
  49       2               离散机6            27524.41        28973.41        1449.00        
  49       3               离散机6            31436.05        32382.05        946.00         
  49       4               离散机7            41745.46        43296.46        1551.00        

工件 50:
  50       0               打印机2            0.00            28858.46        28858.46       
  50       1               批处理机1           28858.46        29968.46        1110.00        
  50       2               离散机6            37325.46        38677.46        1352.00        

工件 51:
  51       0               打印机3            0.00            41325.49        41325.49       
  51       1               批处理机2           41325.49        42389.49        1064.00        
  51       2               离散机4            53932.84        55095.84        1163.00        

工件 52:
  52       0               打印机4            0.00            23993.41        23993.41       
  52       1               批处理机2           23993.41        25057.41        1064.00        
  52       2               离散机1            25057.41        26175.41        1118.00        
  52       3               离散机4            26175.41        27970.41        1795.00        
  52       4               离散机1            27970.41        28992.41        1022.00        
  52       5               离散机3            43261.05        44831.05        1570.00        
  52       6               离散机2            56994.84        58009.84        1015.00        
  52       7               离散机10           63384.97        64307.97        923.00         

工件 53:
  53       0               打印机2            0.00            28858.46        28858.46       
  53       1               批处理机1           28858.46        29968.46        1110.00        
  53       2               离散机7            35621.46        36600.46        979.00         
  53       3               离散机9            66726.23        67756.23        1030.00        

工件 54:
  54       0               打印机4            0.00            23993.41        23993.41       
  54       1               批处理机2           23993.41        25057.41        1064.00        
  54       2               离散机10           26602.41        27630.41        1028.00        

工件 55:
  55       0               打印机2            0.00            28858.46        28858.46       
  55       1               批处理机1           28858.46        29968.46        1110.00        
  55       2               离散机10           31265.46        32994.46        1729.00        
  55       3               离散机10           34191.46        35653.46        1462.00        
  55       4               离散机7            40577.46        41745.46        1168.00        
  55       5               离散机3            57408.97        58947.97        1539.00        
  55       6               离散机8            62229.23        63439.23        1210.00        
  55       7               离散机1            64697.23        66095.23        1398.00        

工件 56:
  56       0               打印机1            49998.97        54831.79        4832.82        
  56       1               批处理机2           54831.79        55895.79        1064.00        

工件 57:
  57       0               打印机1            28102.05        49998.97        21896.92       
  57       1               批处理机2           49998.97        51062.97        1064.00        
  57       2               离散机6            54106.97        55232.97        1126.00        
  57       3               离散机8            57389.97        58376.97        987.00         

工件 58:
  58       0               打印机3            41325.49        61102.20        19776.71       
  58       1               批处理机1           61102.20        62212.20        1110.00        
  58       2               离散机2            62212.20        63300.20        1088.00        
  58       3               离散机3            64198.97        65716.97        1518.00        
  58       4               离散机6            65797.97        66906.97        1109.00        
  58       5               离散机5            67018.97        68228.97        1210.00        

工件 59:
  59       0               打印机3            0.00            41325.49        41325.49       
  59       1               批处理机2           41325.49        42389.49        1064.00        
  59       2               离散机10           44881.00        46269.00        1388.00        
  59       3               离散机3            55345.97        56290.97        945.00         
  59       4               离散机4            58336.97        59578.97        1242.00        
  59       5               离散机2            61173.84        62139.84        966.00         
  59       6               离散机7            64493.97        65962.97        1469.00        

工件 60:
  60       0               打印机4            23993.41        34810.35        10816.94       
  60       1               批处理机2           34810.35        35874.35        1064.00        
  60       2               离散机7            63289.97        64493.97        1204.00        

工件 61:
  61       0               打印机3            41325.49        61102.20        19776.71       
  61       1               批处理机1           61102.20        62212.20        1110.00        

工件 62:
  62       0               打印机4            0.00            23993.41        23993.41       
  62       1               批处理机2           23993.41        25057.41        1064.00        
  62       2               离散机8            26775.41        28271.41        1496.00        

工件 63:
  63       0               打印机2            45488.84        53619.23        8130.39        
  63       1               批处理机2           53619.23        54683.23        1064.00        

工件 64:
  64       0               打印机2            45488.84        53619.23        8130.39        
  64       1               批处理机2           53619.23        54683.23        1064.00        
  64       2               离散机9            57247.23        58448.23        1201.00        

工件 65:
  65       0               打印机2            45488.84        53619.23        8130.39        
  65       1               批处理机2           53619.23        54683.23        1064.00        
  65       2               离散机9            58448.23        59854.23        1406.00        
  65       3               离散机9            59854.23        61320.23        1466.00        
  65       4               离散机8            61320.23        62229.23        909.00         
  65       5               离散机1            62229.23        63390.23        1161.00        
  65       6               离散机3            68022.97        68929.97        907.00         

工件 66:
  66       0               打印机5            12997.00        38194.00        25197.00       
  66       1               批处理机2           38194.00        39258.00        1064.00        
  66       2               离散机1            39258.00        40561.00        1303.00        
  66       3               离散机10           40561.00        42210.00        1649.00        
  66       4               离散机5            42210.00        43468.00        1258.00        
  66       5               离散机9            47651.84        48805.84        1154.00        
  66       6               离散机1            66095.23        67221.23        1126.00        

工件 67:
  67       0               打印机1            0.00            28102.05        28102.05       
  67       1               批处理机2           28102.05        29166.05        1064.00        
  67       2               离散机8            38040.05        39092.05        1052.00        
  67       3               离散机4            46368.49        47692.49        1324.00        
  67       4               离散机10           49626.84        50563.84        937.00         
  67       5               离散机5            52701.97        53985.97        1284.00        

工件 68:
  68       0               打印机2            0.00            28858.46        28858.46       
  68       1               批处理机1           28858.46        29968.46        1110.00        
  68       2               离散机7            36600.46        37964.46        1364.00        
  68       3               离散机4            38268.46        39713.46        1445.00        
  68       4               离散机9            39713.46        40642.46        929.00         

工件 69:
  69       0               打印机1            0.00            28102.05        28102.05       
  69       1               批处理机2           28102.05        29166.05        1064.00        
  69       2               离散机6            30198.05        31436.05        1238.00        
  69       3               离散机7            32747.46        34258.46        1511.00        
  69       4               离散机4            34258.46        35993.46        1735.00        
  69       5               离散机1            42676.00        44019.00        1343.00        
  69       6               离散机8            45107.00        46341.00        1234.00        
  69       7               离散机7            60573.97        62198.97        1625.00        
  69       8               离散机9            67756.23        68754.23        998.00         

工件 70:
  70       0               打印机2            28858.46        45488.84        16630.39       
  70       1               批处理机2           45488.84        46552.84        1064.00        
  70       2               离散机10           46552.84        47734.84        1182.00        

工件 71:
  71       0               打印机1            49998.97        54831.79        4832.82        
  71       1               批处理机2           54831.79        55895.79        1064.00        
  71       2               离散机9            56178.23        57247.23        1069.00        
  71       3               离散机4            59578.97        61246.97        1668.00        
  71       4               离散机2            66226.20        67380.20        1154.00        

工件 72:
  72       0               打印机4            23993.41        34810.35        10816.94       
  72       1               批处理机2           34810.35        35874.35        1064.00        
  72       2               离散机2            35874.35        37487.35        1613.00        
  72       3               离散机1            37487.35        38978.35        1491.00        
  72       4               离散机4            43550.49        44809.49        1259.00        
  72       5               离散机7            47855.84        49424.84        1569.00        
  72       6               离散机10           50563.84        51937.84        1374.00        
  72       7               离散机5            61509.97        62645.97        1136.00        
  72       8               离散机5            65626.97        67018.97        1392.00        

工件 73:
  73       0               打印机1            28102.05        49998.97        21896.92       
  73       1               批处理机2           49998.97        51062.97        1064.00        
  73       2               离散机1            52047.84        53082.84        1035.00        

工件 74:
  74       0               打印机5            12997.00        38194.00        25197.00       
  74       1               批处理机2           38194.00        39258.00        1064.00        
  74       2               离散机3            40789.05        41818.05        1029.00        
  74       3               离散机7            57102.97        58347.97        1245.00        
  74       4               离散机2            65035.20        66226.20        1191.00        

工件 75:
  75       0               打印机3            0.00            41325.49        41325.49       
  75       1               批处理机2           41325.49        42389.49        1064.00        
  75       2               离散机4            42389.49        43550.49        1161.00        
  75       3               离散机5            43550.49        45102.49        1552.00        
  75       4               离散机1            47710.84        48965.84        1255.00        
  75       5               离散机10           51937.84        53603.84        1666.00        
  75       6               离散机1            67221.23        68232.23        1011.00        

工件 76:
  76       0               打印机5            0.00            12997.00        12997.00       
  76       1               批处理机2           12997.00        14061.00        1064.00        

工件 77:
  77       0               打印机5            12997.00        38194.00        25197.00       
  77       1               批处理机2           38194.00        39258.00        1064.00        
  77       2               离散机8            39258.00        40928.00        1670.00        
  77       3               离散机6            45047.49        46088.49        1041.00        
  77       4               离散机1            53082.84        54510.84        1428.00        

工件 78:
  78       0               打印机2            0.00            28858.46        28858.46       
  78       1               批处理机1           28858.46        29968.46        1110.00        
  78       2               离散机1            34717.05        35864.05        1147.00        

工件 79:
  79       0               打印机3            41325.49        61102.20        19776.71       
  79       1               批处理机1           61102.20        62212.20        1110.00        
  79       2               离散机5            62645.97        63568.97        923.00         

工件 80:
  80       0               打印机2            28858.46        45488.84        16630.39       
  80       1               批处理机2           45488.84        46552.84        1064.00        

工件 81:
  81       0               打印机1            0.00            28102.05        28102.05       
  81       1               批处理机2           28102.05        29166.05        1064.00        
  81       2               离散机4            44809.49        46368.49        1559.00        
  81       3               离散机8            46368.49        47556.49        1188.00        

工件 82:
  82       0               打印机1            0.00            28102.05        28102.05       
  82       1               批处理机2           28102.05        29166.05        1064.00        
  82       2               离散机3            30688.05        32287.05        1599.00        
  82       3               离散机1            32413.05        33323.05        910.00         

工件 83:
  83       0               打印机1            0.00            28102.05        28102.05       
  83       1               批处理机2           28102.05        29166.05        1064.00        
  83       2               离散机4            32525.46        33746.46        1221.00        
  83       3               离散机8            34782.05        35768.05        986.00         
  83       4               离散机1            54510.84        55861.84        1351.00        
  83       5               离散机6            57294.97        58274.97        980.00         
  83       6               离散机4            61246.97        62672.97        1426.00        
  83       7               离散机3            66846.97        68022.97        1176.00        

工件 84:
  84       0               打印机3            0.00            41325.49        41325.49       
  84       1               批处理机2           41325.49        42389.49        1064.00        

工件 85:
  85       0               打印机2            0.00            28858.46        28858.46       
  85       1               批处理机1           28858.46        29968.46        1110.00        
  85       2               离散机6            33820.46        35062.46        1242.00        
  85       3               离散机9            40642.46        42313.46        1671.00        

工件 86:
  86       0               打印机1            28102.05        49998.97        21896.92       
  86       1               批处理机2           49998.97        51062.97        1064.00        
  86       2               离散机6            51062.97        52416.97        1354.00        
  86       3               离散机3            53106.97        54426.97        1320.00        
  86       4               离散机4            56564.97        58336.97        1772.00        
  86       5               离散机10           65733.97        66930.97        1197.00        

工件 87:
  87       0               打印机5            0.00            12997.00        12997.00       
  87       1               批处理机2           12997.00        14061.00        1064.00        
  87       2               离散机3            17773.00        18909.00        1136.00        
  87       3               离散机9            20541.00        21814.00        1273.00        
  87       4               离散机6            23035.00        24695.00        1660.00        

工件 88:
  88       0               打印机4            0.00            23993.41        23993.41       
  88       1               批处理机2           23993.41        25057.41        1064.00        
  88       2               离散机7            26731.41        28038.41        1307.00        
  88       3               离散机7            34258.46        35621.46        1363.00        
  88       4               离散机3            65716.97        66846.97        1130.00        

工件 89:
  89       0               打印机4            0.00            23993.41        23993.41       
  89       1               批处理机2           23993.41        25057.41        1064.00        
  89       2               离散机5            26313.41        28083.41        1770.00        
  89       3               离散机3            28083.41        29071.41        988.00         

工件 90:
  90       0               打印机4            0.00            23993.41        23993.41       
  90       1               批处理机2           23993.41        25057.41        1064.00        
  90       2               离散机5            29147.41        30524.41        1377.00        

工件 91:
  91       0               打印机1            28102.05        49998.97        21896.92       
  91       1               批处理机2           49998.97        51062.97        1064.00        
  91       2               离散机5            51062.97        52701.97        1639.00        

工件 92:
  92       0               打印机1            0.00            28102.05        28102.05       
  92       1               批处理机2           28102.05        29166.05        1064.00        
  92       2               离散机6            29166.05        30198.05        1032.00        
  92       3               离散机2            58009.84        59204.84        1195.00        

工件 93:
  93       0               打印机1            0.00            28102.05        28102.05       
  93       1               批处理机2           28102.05        29166.05        1064.00        
  93       2               离散机2            32796.46        34449.46        1653.00        
  93       3               离散机9            36220.46        37249.46        1029.00        
  93       4               离散机10           38339.46        39828.46        1489.00        
  93       5               离散机8            66962.23        68037.23        1075.00        

工件 94:
  94       0               打印机4            0.00            23993.41        23993.41       
  94       1               批处理机2           23993.41        25057.41        1064.00        
  94       2               离散机6            25057.41        26497.41        1440.00        
  94       3               离散机3            26497.41        28048.41        1551.00        
  94       4               离散机4            28048.41        29344.41        1296.00        
  94       5               离散机4            37314.46        38268.46        954.00         
  94       6               离散机2            45300.35        46310.35        1010.00        
  94       7               离散机2            49484.84        51078.84        1594.00        

工件 95:
  95       0               打印机4            0.00            23993.41        23993.41       
  95       1               批处理机2           23993.41        25057.41        1064.00        

工件 96:
  96       0               打印机5            0.00            12997.00        12997.00       
  96       1               批处理机2           12997.00        14061.00        1064.00        
  96       2               离散机9            14061.00        15345.00        1284.00        
  96       3               离散机4            15345.00        17026.00        1681.00        
  96       4               离散机7            17026.00        18144.00        1118.00        
  96       5               离散机4            18144.00        19517.00        1373.00        
  96       6               离散机9            19517.00        20541.00        1024.00        
  96       7               离散机3            20541.00        21707.00        1166.00        
  96       8               离散机2            22896.00        24598.00        1702.00        

工件 97:
  97       0               打印机2            28858.46        45488.84        16630.39       
  97       1               批处理机2           45488.84        46552.84        1064.00        
  97       2               离散机2            46552.84        47852.84        1300.00        
  97       3               离散机1            58232.84        59697.84        1465.00        
  97       4               离散机6            61051.97        62514.97        1463.00        

工件 98:
  98       0               打印机5            0.00            12997.00        12997.00       
  98       1               批处理机2           12997.00        14061.00        1064.00        

工件 99:
  99       0               打印机2            0.00            28858.46        28858.46       
  99       1               批处理机1           28858.46        29968.46        1110.00        
  99       2               离散机10           29968.46        31265.46        1297.00        
  99       3               离散机3            33744.05        35123.05        1379.00        
  99       4               离散机7            37964.46        38966.46        1002.00        
  99       5               离散机8            43679.00        45107.00        1428.00        
  99       6               离散机10           59514.97        60813.97        1299.00        
  99       7               离散机9            64491.23        65559.23        1068.00        

【机器加工顺序记录】
----------------------------------------------------------------------------------------------------

打印机1:
工件号      工序号             开始时间            结束时间            加工时长           
--------------------------------------------------------------------------------
  5        0               0.00            28102.05        28102.05       
  19       0               0.00            28102.05        28102.05       
  20       0               0.00            28102.05        28102.05       
  34       0               0.00            28102.05        28102.05       
  38       0               0.00            28102.05        28102.05       
  47       0               0.00            28102.05        28102.05       
  67       0               0.00            28102.05        28102.05       
  69       0               0.00            28102.05        28102.05       
  81       0               0.00            28102.05        28102.05       
  82       0               0.00            28102.05        28102.05       
  83       0               0.00            28102.05        28102.05       
  92       0               0.00            28102.05        28102.05       
  93       0               0.00            28102.05        28102.05       
  1        0               28102.05        49998.97        21896.92       
  3        0               28102.05        49998.97        21896.92       
  36       0               28102.05        49998.97        21896.92       
  48       0               28102.05        49998.97        21896.92       
  57       0               28102.05        49998.97        21896.92       
  73       0               28102.05        49998.97        21896.92       
  86       0               28102.05        49998.97        21896.92       
  91       0               28102.05        49998.97        21896.92       
  56       0               49998.97        54831.79        4832.82        
  71       0               49998.97        54831.79        4832.82        

  机器利用率: 795.86% (忙碌时间: 550167.69 / 总时间: 69128.97)

打印机2:
工件号      工序号             开始时间            结束时间            加工时长           
--------------------------------------------------------------------------------
  11       0               0.00            28858.46        28858.46       
  12       0               0.00            28858.46        28858.46       
  13       0               0.00            28858.46        28858.46       
  16       0               0.00            28858.46        28858.46       
  23       0               0.00            28858.46        28858.46       
  32       0               0.00            28858.46        28858.46       
  40       0               0.00            28858.46        28858.46       
  41       0               0.00            28858.46        28858.46       
  42       0               0.00            28858.46        28858.46       
  46       0               0.00            28858.46        28858.46       
  50       0               0.00            28858.46        28858.46       
  53       0               0.00            28858.46        28858.46       
  55       0               0.00            28858.46        28858.46       
  68       0               0.00            28858.46        28858.46       
  78       0               0.00            28858.46        28858.46       
  85       0               0.00            28858.46        28858.46       
  99       0               0.00            28858.46        28858.46       
  0        0               28858.46        45488.84        16630.39       
  7        0               28858.46        45488.84        16630.39       
  14       0               28858.46        45488.84        16630.39       
  17       0               28858.46        45488.84        16630.39       
  24       0               28858.46        45488.84        16630.39       
  30       0               28858.46        45488.84        16630.39       
  37       0               28858.46        45488.84        16630.39       
  44       0               28858.46        45488.84        16630.39       
  70       0               28858.46        45488.84        16630.39       
  80       0               28858.46        45488.84        16630.39       
  97       0               28858.46        45488.84        16630.39       
  43       0               45488.84        53619.23        8130.39        
  63       0               45488.84        53619.23        8130.39        
  64       0               45488.84        53619.23        8130.39        
  65       0               45488.84        53619.23        8130.39        
  2        0               53619.23        60556.63        6937.40        

  机器利用率: 1031.39% (忙碌时间: 712986.95 / 总时间: 69128.97)

打印机3:
工件号      工序号             开始时间            结束时间            加工时长           
--------------------------------------------------------------------------------
  10       0               0.00            41325.49        41325.49       
  18       0               0.00            41325.49        41325.49       
  51       0               0.00            41325.49        41325.49       
  59       0               0.00            41325.49        41325.49       
  75       0               0.00            41325.49        41325.49       
  84       0               0.00            41325.49        41325.49       
  58       0               41325.49        61102.20        19776.71       
  61       0               41325.49        61102.20        19776.71       
  79       0               41325.49        61102.20        19776.71       

  机器利用率: 444.51% (忙碌时间: 307283.05 / 总时间: 69128.97)

打印机4:
工件号      工序号             开始时间            结束时间            加工时长           
--------------------------------------------------------------------------------
  8        0               0.00            23993.41        23993.41       
  9        0               0.00            23993.41        23993.41       
  21       0               0.00            23993.41        23993.41       
  22       0               0.00            23993.41        23993.41       
  26       0               0.00            23993.41        23993.41       
  28       0               0.00            23993.41        23993.41       
  33       0               0.00            23993.41        23993.41       
  35       0               0.00            23993.41        23993.41       
  49       0               0.00            23993.41        23993.41       
  52       0               0.00            23993.41        23993.41       
  54       0               0.00            23993.41        23993.41       
  62       0               0.00            23993.41        23993.41       
  88       0               0.00            23993.41        23993.41       
  89       0               0.00            23993.41        23993.41       
  90       0               0.00            23993.41        23993.41       
  94       0               0.00            23993.41        23993.41       
  95       0               0.00            23993.41        23993.41       
  15       0               23993.41        34810.35        10816.94       
  29       0               23993.41        34810.35        10816.94       
  31       0               23993.41        34810.35        10816.94       
  60       0               23993.41        34810.35        10816.94       
  72       0               23993.41        34810.35        10816.94       

  机器利用率: 668.28% (忙碌时间: 461972.71 / 总时间: 69128.97)

打印机5:
工件号      工序号             开始时间            结束时间            加工时长           
--------------------------------------------------------------------------------
  4        0               0.00            12997.00        12997.00       
  25       0               0.00            12997.00        12997.00       
  45       0               0.00            12997.00        12997.00       
  76       0               0.00            12997.00        12997.00       
  87       0               0.00            12997.00        12997.00       
  96       0               0.00            12997.00        12997.00       
  98       0               0.00            12997.00        12997.00       
  6        0               12997.00        38194.00        25197.00       
  27       0               12997.00        38194.00        25197.00       
  39       0               12997.00        38194.00        25197.00       
  66       0               12997.00        38194.00        25197.00       
  74       0               12997.00        38194.00        25197.00       
  77       0               12997.00        38194.00        25197.00       

  机器利用率: 350.30% (忙碌时间: 242161.00 / 总时间: 69128.97)

批处理机1:
工件号      工序号             开始时间            结束时间            加工时长           
--------------------------------------------------------------------------------
  11       1               28858.46        29968.46        1110.00        
  12       1               28858.46        29968.46        1110.00        
  13       1               28858.46        29968.46        1110.00        
  16       1               28858.46        29968.46        1110.00        
  23       1               28858.46        29968.46        1110.00        
  32       1               28858.46        29968.46        1110.00        
  40       1               28858.46        29968.46        1110.00        
  41       1               28858.46        29968.46        1110.00        
  42       1               28858.46        29968.46        1110.00        
  46       1               28858.46        29968.46        1110.00        
  50       1               28858.46        29968.46        1110.00        
  53       1               28858.46        29968.46        1110.00        
  55       1               28858.46        29968.46        1110.00        
  68       1               28858.46        29968.46        1110.00        
  78       1               28858.46        29968.46        1110.00        
  85       1               28858.46        29968.46        1110.00        
  99       1               28858.46        29968.46        1110.00        
  58       1               61102.20        62212.20        1110.00        
  61       1               61102.20        62212.20        1110.00        
  79       1               61102.20        62212.20        1110.00        

  机器利用率: 32.11% (忙碌时间: 22200.00 / 总时间: 69128.97)

批处理机2:
工件号      工序号             开始时间            结束时间            加工时长           
--------------------------------------------------------------------------------
  4        1               12997.00        14061.00        1064.00        
  25       1               12997.00        14061.00        1064.00        
  45       1               12997.00        14061.00        1064.00        
  76       1               12997.00        14061.00        1064.00        
  87       1               12997.00        14061.00        1064.00        
  96       1               12997.00        14061.00        1064.00        
  98       1               12997.00        14061.00        1064.00        
  8        1               23993.41        25057.41        1064.00        
  9        1               23993.41        25057.41        1064.00        
  21       1               23993.41        25057.41        1064.00        
  22       1               23993.41        25057.41        1064.00        
  26       1               23993.41        25057.41        1064.00        
  28       1               23993.41        25057.41        1064.00        
  33       1               23993.41        25057.41        1064.00        
  35       1               23993.41        25057.41        1064.00        
  49       1               23993.41        25057.41        1064.00        
  52       1               23993.41        25057.41        1064.00        
  54       1               23993.41        25057.41        1064.00        
  62       1               23993.41        25057.41        1064.00        
  88       1               23993.41        25057.41        1064.00        
  89       1               23993.41        25057.41        1064.00        
  90       1               23993.41        25057.41        1064.00        
  94       1               23993.41        25057.41        1064.00        
  95       1               23993.41        25057.41        1064.00        
  5        1               28102.05        29166.05        1064.00        
  19       1               28102.05        29166.05        1064.00        
  20       1               28102.05        29166.05        1064.00        
  34       1               28102.05        29166.05        1064.00        
  38       1               28102.05        29166.05        1064.00        
  47       1               28102.05        29166.05        1064.00        
  67       1               28102.05        29166.05        1064.00        
  69       1               28102.05        29166.05        1064.00        
  81       1               28102.05        29166.05        1064.00        
  82       1               28102.05        29166.05        1064.00        
  83       1               28102.05        29166.05        1064.00        
  92       1               28102.05        29166.05        1064.00        
  93       1               28102.05        29166.05        1064.00        
  15       1               34810.35        35874.35        1064.00        
  29       1               34810.35        35874.35        1064.00        
  31       1               34810.35        35874.35        1064.00        
  60       1               34810.35        35874.35        1064.00        
  72       1               34810.35        35874.35        1064.00        
  6        1               38194.00        39258.00        1064.00        
  27       1               38194.00        39258.00        1064.00        
  39       1               38194.00        39258.00        1064.00        
  66       1               38194.00        39258.00        1064.00        
  74       1               38194.00        39258.00        1064.00        
  77       1               38194.00        39258.00        1064.00        
  10       1               41325.49        42389.49        1064.00        
  18       1               41325.49        42389.49        1064.00        
  51       1               41325.49        42389.49        1064.00        
  59       1               41325.49        42389.49        1064.00        
  75       1               41325.49        42389.49        1064.00        
  84       1               41325.49        42389.49        1064.00        
  0        1               45488.84        46552.84        1064.00        
  7        1               45488.84        46552.84        1064.00        
  14       1               45488.84        46552.84        1064.00        
  17       1               45488.84        46552.84        1064.00        
  24       1               45488.84        46552.84        1064.00        
  30       1               45488.84        46552.84        1064.00        
  37       1               45488.84        46552.84        1064.00        
  44       1               45488.84        46552.84        1064.00        
  70       1               45488.84        46552.84        1064.00        
  80       1               45488.84        46552.84        1064.00        
  97       1               45488.84        46552.84        1064.00        
  1        1               49998.97        51062.97        1064.00        
  3        1               49998.97        51062.97        1064.00        
  36       1               49998.97        51062.97        1064.00        
  48       1               49998.97        51062.97        1064.00        
  57       1               49998.97        51062.97        1064.00        
  73       1               49998.97        51062.97        1064.00        
  86       1               49998.97        51062.97        1064.00        
  91       1               49998.97        51062.97        1064.00        
  43       1               53619.23        54683.23        1064.00        
  63       1               53619.23        54683.23        1064.00        
  64       1               53619.23        54683.23        1064.00        
  65       1               53619.23        54683.23        1064.00        
  56       1               54831.79        55895.79        1064.00        
  71       1               54831.79        55895.79        1064.00        
  2        1               60556.63        61620.63        1064.00        

  机器利用率: 123.13% (忙碌时间: 85120.00 / 总时间: 69128.97)

离散机1:
工件号      工序号             开始时间            结束时间            加工时长           
--------------------------------------------------------------------------------
  4        2               14061.00        15194.00        1133.00        
  25       5               18545.00        19591.00        1046.00        
  52       2               25057.41        26175.41        1118.00        
  35       3               26775.41        27876.41        1101.00        
  52       4               27970.41        28992.41        1022.00        
  20       2               29166.05        30740.05        1574.00        
  5        2               30740.05        32413.05        1673.00        
  82       3               32413.05        33323.05        910.00         
  34       3               33323.05        34717.05        1394.00        
  78       2               34717.05        35864.05        1147.00        
  31       2               35874.35        37288.35        1414.00        
  72       3               37487.35        38978.35        1491.00        
  66       2               39258.00        40561.00        1303.00        
  32       4               40561.00        41490.00        929.00         
  29       2               41490.00        42676.00        1186.00        
  69       5               42676.00        44019.00        1343.00        
  31       3               44019.00        45413.00        1394.00        
  46       5               45413.00        46349.00        936.00         
  37       2               46552.84        47710.84        1158.00        
  75       4               47710.84        48965.84        1255.00        
  8        6               48965.84        49998.84        1033.00        
  7        4               50189.84        51115.84        926.00         
  3        2               51115.84        52047.84        932.00         
  73       2               52047.84        53082.84        1035.00        
  77       4               53082.84        54510.84        1428.00        
  83       4               54510.84        55861.84        1351.00        
  0        4               55861.84        56776.84        915.00         
  43       3               56776.84        58232.84        1456.00        
  97       3               58232.84        59697.84        1465.00        
  46       6               59697.84        60769.84        1072.00        
  43       5               60769.84        61865.84        1096.00        
  65       5               62229.23        63390.23        1161.00        
  47       8               63390.23        64697.23        1307.00        
  55       7               64697.23        66095.23        1398.00        
  66       6               66095.23        67221.23        1126.00        
  75       6               67221.23        68232.23        1011.00        

  机器利用率: 62.55% (忙碌时间: 43239.00 / 总时间: 69128.97)

离散机2:
工件号      工序号             开始时间            结束时间            加工时长           
--------------------------------------------------------------------------------
  25       3               16303.00        17629.00        1326.00        
  4        6               18690.00        19712.00        1022.00        
  45       7               21697.00        22896.00        1199.00        
  96       8               22896.00        24598.00        1702.00        
  33       2               25057.41        26827.41        1770.00        
  26       3               26827.41        28352.41        1525.00        
  8        4               28352.41        29963.41        1611.00        
  32       2               29968.46        31099.46        1131.00        
  41       3               31099.46        32796.46        1697.00        
  93       2               32796.46        34449.46        1653.00        
  8        5               34449.46        35833.46        1384.00        
  72       2               35874.35        37487.35        1613.00        
  15       2               37487.35        39086.35        1599.00        
  15       3               39086.35        40674.35        1588.00        
  6        3               40674.35        42339.35        1665.00        
  16       2               42339.35        44129.35        1790.00        
  5        5               44129.35        45300.35        1171.00        
  94       6               45300.35        46310.35        1010.00        
  97       2               46552.84        47852.84        1300.00        
  0        3               47852.84        49484.84        1632.00        
  94       7               49484.84        51078.84        1594.00        
  7        5               51115.84        52460.84        1345.00        
  13       7               52460.84        53441.84        981.00         
  5        6               53441.84        54341.84        900.00         
  10       5               54341.84        56070.84        1729.00        
  1        4               56070.84        56994.84        924.00         
  52       6               56994.84        58009.84        1015.00        
  92       3               58009.84        59204.84        1195.00        
  3        4               59204.84        60202.84        998.00         
  17       7               60202.84        61173.84        971.00         
  59       5               61173.84        62139.84        966.00         
  58       2               62212.20        63300.20        1088.00        
  41       7               63300.20        65035.20        1735.00        
  74       4               65035.20        66226.20        1191.00        
  71       4               66226.20        67380.20        1154.00        
  3        6               67380.20        68745.20        1365.00        

  机器利用率: 70.22% (忙碌时间: 48539.00 / 总时间: 69128.97)

离散机3:
工件号      工序号             开始时间            结束时间            加工时长           
--------------------------------------------------------------------------------
  45       2               14061.00        15382.00        1321.00        
  25       2               15382.00        16303.00        921.00         
  4        4               16542.00        17773.00        1231.00        
  87       2               17773.00        18909.00        1136.00        
  96       7               20541.00        21707.00        1166.00        
  94       3               26497.41        28048.41        1551.00        
  89       3               28083.41        29071.41        988.00         
  34       2               29166.05        30688.05        1522.00        
  82       2               30688.05        32287.05        1599.00        
  13       2               32287.05        33744.05        1457.00        
  99       3               33744.05        35123.05        1379.00        
  11       2               35123.05        36504.05        1381.00        
  21       2               36504.05        38083.05        1579.00        
  23       3               38083.05        39180.05        1097.00        
  26       5               39180.05        40789.05        1609.00        
  74       2               40789.05        41818.05        1029.00        
  47       6               41818.05        43261.05        1443.00        
  52       5               43261.05        44831.05        1570.00        
  23       7               44912.00        46528.00        1616.00        
  0        2               46552.84        47452.84        900.00         
  7        2               47452.84        48973.84        1521.00        
  24       2               48973.84        50303.84        1330.00        
  10       4               50303.84        52000.84        1697.00        
  36       3               52056.97        53106.97        1050.00        
  86       3               53106.97        54426.97        1320.00        
  30       4               54426.97        55345.97        919.00         
  59       3               55345.97        56290.97        945.00         
  21       3               56290.97        57408.97        1118.00        
  55       5               57408.97        58947.97        1539.00        
  43       4               58947.97        60242.97        1295.00        
  0        5               60242.97        61734.97        1492.00        
  15       6               61734.97        62964.97        1230.00        
  46       7               62964.97        64198.97        1234.00        
  58       3               64198.97        65716.97        1518.00        
  88       4               65716.97        66846.97        1130.00        
  83       7               66846.97        68022.97        1176.00        
  65       6               68022.97        68929.97        907.00         

  机器利用率: 69.31% (忙碌时间: 47916.00 / 总时间: 69128.97)

离散机4:
工件号      工序号             开始时间            结束时间            加工时长           
--------------------------------------------------------------------------------
  96       3               15345.00        17026.00        1681.00        
  96       5               18144.00        19517.00        1373.00        
  52       3               26175.41        27970.41        1795.00        
  94       4               28048.41        29344.41        1296.00        
  40       2               29968.46        31130.46        1162.00        
  42       2               31130.46        32525.46        1395.00        
  83       2               32525.46        33746.46        1221.00        
  69       4               34258.46        35993.46        1735.00        
  40       6               35993.46        37314.46        1321.00        
  94       5               37314.46        38268.46        954.00         
  68       3               38268.46        39713.46        1445.00        
  41       4               39713.46        40616.46        903.00         
  15       4               40674.35        42105.35        1431.00        
  75       2               42389.49        43550.49        1161.00        
  72       4               43550.49        44809.49        1259.00        
  81       2               44809.49        46368.49        1559.00        
  67       3               46368.49        47692.49        1324.00        
  14       3               47855.84        49079.84        1224.00        
  19       2               49079.84        50616.84        1537.00        
  11       4               50616.84        52271.84        1655.00        
  8        7               52271.84        53932.84        1661.00        
  51       2               53932.84        55095.84        1163.00        
  24       5               55172.97        56564.97        1392.00        
  86       4               56564.97        58336.97        1772.00        
  59       4               58336.97        59578.97        1242.00        
  71       3               59578.97        61246.97        1668.00        
  83       6               61246.97        62672.97        1426.00        
  30       8               62672.97        64049.97        1377.00        

  机器利用率: 56.61% (忙碌时间: 39132.00 / 总时间: 69128.97)

离散机5:
工件号      工序号             开始时间            结束时间            加工时长           
--------------------------------------------------------------------------------
  45       4               16575.00        17789.00        1214.00        
  8        2               25057.41        26313.41        1256.00        
  89       2               26313.41        28083.41        1770.00        
  33       3               28083.41        29147.41        1064.00        
  90       2               29147.41        30524.41        1377.00        
  47       3               30524.41        31676.41        1152.00        
  20       3               31676.41        32901.41        1225.00        
  9        3               32901.41        33814.41        913.00         
  13       4               34782.05        36458.05        1676.00        
  13       5               36458.05        37507.05        1049.00        
  33       6               38405.46        39344.46        939.00         
  47       5               39344.46        40682.46        1338.00        
  34       4               40682.46        42112.46        1430.00        
  66       4               42210.00        43468.00        1258.00        
  75       3               43550.49        45102.49        1552.00        
  31       4               45413.00        46921.00        1508.00        
  23       8               46921.00        48159.00        1238.00        
  6        4               48159.00        49459.00        1300.00        
  26       9               49459.00        50955.00        1496.00        
  91       2               51062.97        52701.97        1639.00        
  67       5               52701.97        53985.97        1284.00        
  24       4               54106.97        55172.97        1066.00        
  17       6               55172.97        56593.97        1421.00        
  39       4               56593.97        58129.97        1536.00        
  30       6               58129.97        59303.97        1174.00        
  32       6               59303.97        60308.97        1005.00        
  37       3               60308.97        61509.97        1201.00        
  72       7               61509.97        62645.97        1136.00        
  79       2               62645.97        63568.97        923.00         
  15       7               63568.97        64481.97        913.00         
  29       3               64481.97        65626.97        1145.00        
  72       8               65626.97        67018.97        1392.00        
  58       5               67018.97        68228.97        1210.00        

  机器利用率: 60.47% (忙碌时间: 41800.00 / 总时间: 69128.97)

离散机6:
工件号      工序号             开始时间            结束时间            加工时长           
--------------------------------------------------------------------------------
  45       6               20187.00        21697.00        1510.00        
  4        7               21697.00        23035.00        1338.00        
  87       4               23035.00        24695.00        1660.00        
  94       2               25057.41        26497.41        1440.00        
  8        3               26497.41        27524.41        1027.00        
  49       2               27524.41        28973.41        1449.00        
  92       2               29166.05        30198.05        1032.00        
  69       2               30198.05        31436.05        1238.00        
  49       3               31436.05        32382.05        946.00         
  40       4               32440.46        33820.46        1380.00        
  85       2               33820.46        35062.46        1242.00        
  46       3               35062.46        36065.46        1003.00        
  20       4               36065.46        37325.46        1260.00        
  50       2               37325.46        38677.46        1352.00        
  6        2               39258.00        40263.00        1005.00        
  23       4               40263.00        41840.00        1577.00        
  10       2               42389.49        43393.49        1004.00        
  39       2               43393.49        45047.49        1654.00        
  77       3               45047.49        46088.49        1041.00        
  32       5               46088.49        47288.49        1200.00        
  26       8               47288.49        48677.49        1389.00        
  17       3               48688.84        49926.84        1238.00        
  14       4               49926.84        51017.84        1091.00        
  86       2               51062.97        52416.97        1354.00        
  24       3               52416.97        54106.97        1690.00        
  57       2               54106.97        55232.97        1126.00        
  44       2               55232.97        56218.97        986.00         
  30       5               56218.97        57294.97        1076.00        
  83       5               57294.97        58274.97        980.00         
  21       4               58274.97        59839.97        1565.00        
  14       7               59839.97        61051.97        1212.00        
  97       4               61051.97        62514.97        1463.00        
  14       9               62514.97        63841.97        1327.00        
  17       8               63841.97        64760.97        919.00         
  43       6               64760.97        65797.97        1037.00        
  58       4               65797.97        66906.97        1109.00        
  28       6               66906.97        67937.97        1031.00        
  37       4               67937.97        69128.97        1191.00        

  机器利用率: 68.19% (忙碌时间: 47142.00 / 总时间: 69128.97)

离散机7:
工件号      工序号             开始时间            结束时间            加工时长           
--------------------------------------------------------------------------------
  96       4               17026.00        18144.00        1118.00        
  25       7               23532.00        24686.00        1154.00        
  26       2               25057.41        26731.41        1674.00        
  88       2               26731.41        28038.41        1307.00        
  26       4               28352.41        29709.41        1357.00        
  41       2               29968.46        30989.46        1021.00        
  12       2               30989.46        32747.46        1758.00        
  69       3               32747.46        34258.46        1511.00        
  88       3               34258.46        35621.46        1363.00        
  53       2               35621.46        36600.46        979.00         
  68       2               36600.46        37964.46        1364.00        
  99       4               37964.46        38966.46        1002.00        
  13       6               38966.46        40577.46        1611.00        
  55       4               40577.46        41745.46        1168.00        
  49       4               41745.46        43296.46        1551.00        
  10       3               43393.49        45116.49        1723.00        
  15       5               45116.49        46525.49        1409.00        
  14       2               46552.84        47855.84        1303.00        
  72       5               47855.84        49424.84        1569.00        
  16       3               49424.84        50993.84        1569.00        
  41       6               50993.84        52265.84        1272.00        
  1        3               52706.97        54488.97        1782.00        
  36       4               54488.97        55973.97        1485.00        
  3        3               55973.97        57102.97        1129.00        
  74       3               57102.97        58347.97        1245.00        
  36       7               58347.97        59368.97        1021.00        
  30       7               59368.97        60573.97        1205.00        
  69       7               60573.97        62198.97        1625.00        
  3        5               62198.97        63289.97        1091.00        
  60       2               63289.97        64493.97        1204.00        
  59       6               64493.97        65962.97        1469.00        
  24       8               65962.97        67371.97        1409.00        
  30       9               67371.97        68511.97        1140.00        

  机器利用率: 64.50% (忙碌时间: 44588.00 / 总时间: 69128.97)

离散机8:
工件号      工序号             开始时间            结束时间            加工时长           
--------------------------------------------------------------------------------
  45       3               15382.00        16575.00        1193.00        
  4        5               17773.00        18690.00        917.00         
  45       5               18690.00        20187.00        1497.00        
  35       2               25057.41        26775.41        1718.00        
  62       2               26775.41        28271.41        1496.00        
  47       2               29166.05        30437.05        1271.00        
  46       2               30437.05        32068.05        1631.00        
  5        3               32413.05        33709.05        1296.00        
  13       3               33744.05        34782.05        1038.00        
  83       3               34782.05        35768.05        986.00         
  5        4               35768.05        37024.05        1256.00        
  11       3               37024.05        38040.05        1016.00        
  67       2               38040.05        39092.05        1052.00        
  77       2               39258.00        40928.00        1670.00        
  41       5               40928.00        42041.00        1113.00        
  26       6               42041.00        43679.00        1638.00        
  99       5               43679.00        45107.00        1428.00        
  69       6               45107.00        46341.00        1234.00        
  81       3               46368.49        47556.49        1188.00        
  30       3               47651.84        48658.84        1007.00        
  7        3               48973.84        50189.84        1216.00        
  1        2               51062.97        52706.97        1644.00        
  14       5               52706.97        54220.97        1514.00        
  14       6               54220.97        55413.97        1193.00        
  36       5               55973.97        57389.97        1416.00        
  57       3               57389.97        58376.97        987.00         
  10       6               58376.97        59709.97        1333.00        
  24       7               59709.97        61127.97        1418.00        
  65       4               61320.23        62229.23        909.00         
  55       6               62229.23        63439.23        1210.00        
  5        7               63439.23        64916.23        1477.00        
  36       8               64916.23        66024.23        1108.00        
  11       5               66024.23        66962.23        938.00         
  93       5               66962.23        68037.23        1075.00        
  11       6               68037.23        69053.23        1016.00        

  机器利用率: 63.79% (忙碌时间: 44099.00 / 总时间: 69128.97)

离散机9:
工件号      工序号             开始时间            结束时间            加工时长           
--------------------------------------------------------------------------------
  96       2               14061.00        15345.00        1284.00        
  96       6               19517.00        20541.00        1024.00        
  87       3               20541.00        21814.00        1273.00        
  25       6               21814.00        23532.00        1718.00        
  45       8               23532.00        24443.00        911.00         
  9        2               25057.41        26501.41        1444.00        
  28       3               26602.41        28337.41        1735.00        
  23       2               29968.46        31008.46        1040.00        
  40       3               31130.46        32440.46        1310.00        
  33       4               32440.46        33463.46        1023.00        
  40       5               33820.46        34738.46        918.00         
  32       3               34738.46        36220.46        1482.00        
  93       3               36220.46        37249.46        1029.00        
  33       5               37249.46        38405.46        1156.00        
  20       5               38405.46        39621.46        1216.00        
  68       4               39713.46        40642.46        929.00         
  85       3               40642.46        42313.46        1671.00        
  18       2               42389.49        43531.49        1142.00        
  23       6               43815.00        44912.00        1097.00        
  26       7               44912.00        45913.00        1001.00        
  30       2               46552.84        47651.84        1099.00        
  66       5               47651.84        48805.84        1154.00        
  47       7               48805.84        49923.84        1118.00        
  17       4               49926.84        50911.84        985.00         
  36       2               51062.97        52056.97        994.00         
  17       5               52056.97        53062.97        1006.00        
  6        5               53062.97        54339.97        1277.00        
  43       2               54683.23        56178.23        1495.00        
  71       2               56178.23        57247.23        1069.00        
  64       2               57247.23        58448.23        1201.00        
  65       2               58448.23        59854.23        1406.00        
  65       3               59854.23        61320.23        1466.00        
  31       5               61320.23        63029.23        1709.00        
  7        6               63029.23        64491.23        1462.00        
  99       7               64491.23        65559.23        1068.00        
  31       6               65559.23        66726.23        1167.00        
  53       3               66726.23        67756.23        1030.00        
  69       8               67756.23        68754.23        998.00         

  机器利用率: 66.70% (忙碌时间: 46107.00 / 总时间: 69128.97)

离散机10:
工件号      工序号             开始时间            结束时间            加工时长           
--------------------------------------------------------------------------------
  4        3               15194.00        16542.00        1348.00        
  25       4               17629.00        18545.00        916.00         
  28       2               25057.41        26602.41        1545.00        
  54       2               26602.41        27630.41        1028.00        
  28       4               28337.41        29545.41        1208.00        
  99       2               29968.46        31265.46        1297.00        
  55       2               31265.46        32994.46        1729.00        
  42       3               32994.46        34191.46        1197.00        
  55       3               34191.46        35653.46        1462.00        
  47       4               35653.46        36703.46        1050.00        
  46       4               36703.46        38339.46        1636.00        
  93       4               38339.46        39828.46        1489.00        
  66       3               40561.00        42210.00        1649.00        
  23       5               42210.00        43815.00        1605.00        
  28       5               43815.00        44881.00        1066.00        
  59       2               44881.00        46269.00        1388.00        
  70       2               46552.84        47734.84        1182.00        
  17       2               47734.84        48688.84        954.00         
  39       3               48688.84        49626.84        938.00         
  67       4               49626.84        50563.84        937.00         
  72       6               50563.84        51937.84        1374.00        
  75       5               51937.84        53603.84        1666.00        
  48       2               53603.84        55042.84        1439.00        
  33       7               55042.84        56449.84        1407.00        
  20       6               56449.84        57369.84        920.00         
  36       6               57389.97        58337.97        948.00         
  24       6               58337.97        59514.97        1177.00        
  99       6               59514.97        60813.97        1299.00        
  14       8               61051.97        62308.97        1257.00        
  32       7               62308.97        63384.97        1076.00        
  52       7               63384.97        64307.97        923.00         
  39       5               64307.97        65733.97        1426.00        
  86       5               65733.97        66930.97        1197.00        
  2        2               66930.97        68110.97        1180.00        

  机器利用率: 62.08% (忙碌时间: 42913.00 / 总时间: 69128.97)

【打印批次详细信息】
----------------------------------------------------------------------------------------------------

打印机 1 (尺寸: 1033.0 x 412.0 x 635.0):
--------------------------------------------------------------------------------
  批次 1: 零件数=13, 占用率=89.18%
    - 38: 尺寸 144.0 x 118.0 x 155.0
    - 34: 尺寸 206.0 x 118.0 x 193.0
    - 83: 尺寸 441.0 x 153.0 x 197.0
    - 19: 尺寸 220.0 x 58.0 x 76.0
    - 69: 尺寸 101.0 x 76.0 x 43.0
    - 93: 尺寸 139.0 x 291.0 x 38.0
    - 67: 尺寸 144.0 x 121.0 x 191.0
    - 82: 尺寸 191.0 x 198.0 x 181.0
    - 81: 尺寸 93.0 x 134.0 x 170.0
    - 92: 尺寸 440.0 x 247.0 x 168.0
    - 20: 尺寸 142.0 x 89.0 x 104.0
    - 47: 尺寸 178.0 x 51.0 x 176.0
    - 5: 尺寸 187.0 x 63.0 x 153.0
  批次 2: 零件数=8, 占用率=77.66%
    - 73: 尺寸 177.0 x 159.0 x 112.0
    - 86: 尺寸 349.0 x 205.0 x 127.0
    - 36: 尺寸 468.0 x 164.0 x 153.0
    - 57: 尺寸 114.0 x 139.0 x 92.0
    - 1: 尺寸 465.0 x 126.0 x 96.0
    - 48: 尺寸 205.0 x 200.0 x 83.0
    - 3: 尺寸 114.0 x 130.0 x 98.0
    - 91: 尺寸 133.0 x 179.0 x 39.0
  批次 3: 零件数=2, 占用率=66.21%
    - 71: 尺寸 699.0 x 267.0 x 29.0
    - 56: 尺寸 312.0 x 305.0 x 32.0

打印机 2 (尺寸: 1163.0 x 587.0 x 663.0):
--------------------------------------------------------------------------------
  批次 1: 零件数=17, 占用率=96.27%
    - 42: 尺寸 86.0 x 114.0 x 61.0
    - 50: 尺寸 123.0 x 185.0 x 171.0
    - 23: 尺寸 422.0 x 283.0 x 63.0
    - 99: 尺寸 390.0 x 203.0 x 186.0
    - 53: 尺寸 142.0 x 121.0 x 188.0
    - 41: 尺寸 84.0 x 420.0 x 65.0
    - 16: 尺寸 143.0 x 441.0 x 42.0
    - 11: 尺寸 123.0 x 306.0 x 35.0
    - 46: 尺寸 389.0 x 123.0 x 52.0
    - 68: 尺寸 413.0 x 227.0 x 174.0
    - 78: 尺寸 257.0 x 259.0 x 55.0
    - 12: 尺寸 132.0 x 99.0 x 97.0
    - 40: 尺寸 122.0 x 148.0 x 103.0
    - 13: 尺寸 87.0 x 87.0 x 191.0
    - 85: 尺寸 205.0 x 63.0 x 96.0
    - 32: 尺寸 98.0 x 66.0 x 75.0
    - 55: 尺寸 93.0 x 72.0 x 88.0
  批次 2: 零件数=11, 占用率=91.43%
    - 80: 尺寸 152.0 x 106.0 x 19.0
    - 30: 尺寸 686.0 x 336.0 x 90.0
    - 24: 尺寸 187.0 x 173.0 x 33.0
    - 14: 尺寸 98.0 x 183.0 x 54.0
    - 37: 尺寸 179.0 x 208.0 x 109.0
    - 70: 尺寸 139.0 x 217.0 x 55.0
    - 7: 尺寸 105.0 x 98.0 x 89.0
    - 44: 尺寸 79.0 x 103.0 x 14.0
    - 0: 尺寸 250.0 x 268.0 x 27.0
    - 17: 尺寸 668.0 x 227.0 x 36.0
    - 97: 尺寸 213.0 x 107.0 x 56.0
  批次 3: 零件数=4, 占用率=75.92%
    - 64: 尺寸 441.0 x 333.0 x 52.0
    - 43: 尺寸 713.0 x 239.0 x 46.0
    - 65: 尺寸 688.0 x 246.0 x 28.0
    - 63: 尺寸 163.0 x 195.0 x 52.0
  批次 4: 零件数=1, 占用率=15.31%
    - 2: 尺寸 568.0 x 184.0 x 44.0

打印机 3 (尺寸: 941.0 x 424.0 x 663.0):
--------------------------------------------------------------------------------
  批次 1: 零件数=6, 占用率=78.91%
    - 10: 尺寸 480.0 x 155.0 x 175.0
    - 75: 尺寸 460.0 x 290.0 x 105.0
    - 51: 尺寸 173.0 x 135.0 x 83.0
    - 84: 尺寸 132.0 x 148.0 x 176.0
    - 59: 尺寸 159.0 x 229.0 x 122.0
    - 18: 尺寸 207.0 x 134.0 x 86.0
  批次 2: 零件数=3, 占用率=42.43%
    - 58: 尺寸 246.0 x 181.0 x 77.0
    - 79: 尺寸 382.0 x 155.0 x 83.0
    - 61: 尺寸 533.0 x 123.0 x 54.0

打印机 4 (尺寸: 1081.0 x 523.0 x 615.0):
--------------------------------------------------------------------------------
  批次 1: 零件数=17, 占用率=89.48%
    - 95: 尺寸 202.0 x 55.0 x 55.0
    - 9: 尺寸 101.0 x 149.0 x 45.0
    - 49: 尺寸 720.0 x 166.0 x 70.0
    - 21: 尺寸 53.0 x 109.0 x 36.0
    - 89: 尺寸 185.0 x 233.0 x 23.0
    - 28: 尺寸 148.0 x 108.0 x 40.0
    - 33: 尺寸 143.0 x 98.0 x 20.0
    - 94: 尺寸 86.0 x 78.0 x 15.0
    - 88: 尺寸 385.0 x 207.0 x 83.0
    - 26: 尺寸 115.0 x 353.0 x 50.0
    - 90: 尺寸 85.0 x 241.0 x 93.0
    - 8: 尺寸 155.0 x 115.0 x 87.0
    - 62: 尺寸 133.0 x 188.0 x 95.0
    - 52: 尺寸 170.0 x 59.0 x 100.0
    - 35: 尺寸 106.0 x 96.0 x 48.0
    - 22: 尺寸 69.0 x 106.0 x 68.0
    - 54: 尺寸 529.0 x 120.0 x 52.0
  批次 2: 零件数=5, 占用率=58.44%
    - 60: 尺寸 363.0 x 170.0 x 19.0
    - 31: 尺寸 355.0 x 260.0 x 20.0
    - 72: 尺寸 214.0 x 426.0 x 34.0
    - 29: 尺寸 137.0 x 302.0 x 33.0
    - 15: 尺寸 255.0 x 172.0 x 44.0

打印机 5 (尺寸: 1118.0 x 504.0 x 631.0):
--------------------------------------------------------------------------------
  批次 1: 零件数=7, 占用率=90.65%
    - 76: 尺寸 165.0 x 168.0 x 18.0
    - 87: 尺寸 690.0 x 134.0 x 26.0
    - 45: 尺寸 241.0 x 266.0 x 26.0
    - 96: 尺寸 711.0 x 335.0 x 59.0
    - 4: 尺寸 148.0 x 136.0 x 21.0
    - 25: 尺寸 207.0 x 202.0 x 33.0
    - 98: 尺寸 197.0 x 134.0 x 63.0
  批次 2: 零件数=6, 占用率=83.39%
    - 77: 尺寸 509.0 x 204.0 x 43.0
    - 27: 尺寸 565.0 x 191.0 x 59.0
    - 66: 尺寸 438.0 x 139.0 x 124.0
    - 6: 尺寸 134.0 x 306.0 x 68.0
    - 74: 尺寸 488.0 x 192.0 x 92.0
    - 39: 尺寸 396.0 x 158.0 x 123.0

════════════════════════════════════════════════════════════════
