迭代次数,Cmax
1,258934.0000
2,258934.0000
3,252798.0000
4,252798.0000
5,252798.0000
6,252798.0000
7,252798.0000
8,252798.0000
9,252798.0000
10,252798.0000
11,252798.0000
12,252798.0000
13,252798.0000
14,252798.0000
15,252798.0000
16,252798.0000
17,252798.0000
18,252798.0000
19,252798.0000
20,252798.0000
21,252798.0000
22,252798.0000
23,252798.0000
24,252798.0000
25,252798.0000
26,252798.0000
27,252798.0000
28,252798.0000
29,252798.0000
30,252798.0000
31,252798.0000
32,252798.0000
33,252798.0000
34,252798.0000
35,252798.0000
36,252798.0000
37,252798.0000
38,252798.0000
39,252798.0000
40,252798.0000
41,252798.0000
42,252798.0000
43,252798.0000
44,252798.0000
45,252798.0000
46,252798.0000
47,252798.0000
48,252798.0000
49,252798.0000
50,252798.0000
51,252798.0000
52,252798.0000
53,252798.0000
54,252798.0000
55,252798.0000
56,252798.0000
57,252798.0000
58,252798.0000
59,252798.0000
60,252798.0000
61,252798.0000
62,252798.0000
63,252798.0000
64,252798.0000
65,252798.0000
66,252798.0000
67,252798.0000
68,252798.0000
69,252798.0000
70,252798.0000
71,252798.0000
72,252798.0000
73,252798.0000
74,252798.0000
75,252798.0000
76,252798.0000
77,252798.0000
78,252798.0000
79,252798.0000
80,252798.0000
81,252798.0000
82,252798.0000
83,252798.0000
84,252798.0000
85,252798.0000
86,252798.0000
87,252798.0000
88,252798.0000
89,252798.0000
90,252798.0000
91,252798.0000
92,252798.0000
93,252798.0000
94,252798.0000
95,252798.0000
96,252798.0000
97,252798.0000
98,252798.0000
99,252798.0000
100,252798.0000
101,252798.0000
102,252798.0000
103,252798.0000
104,252798.0000
105,252798.0000
106,252798.0000
107,252798.0000
108,252798.0000
109,252798.0000
110,252798.0000
111,252798.0000
112,252798.0000
113,252798.0000
114,252798.0000
115,252798.0000
116,252798.0000
117,252326.0000
118,252326.0000
119,252326.0000
120,252326.0000
121,252326.0000
122,252326.0000
123,252326.0000
124,252326.0000
125,252326.0000
126,252326.0000
127,252326.0000
128,252326.0000
129,252326.0000
130,252326.0000
131,252326.0000
132,252326.0000
133,252326.0000
134,252326.0000
135,252326.0000
136,252326.0000
137,252326.0000
138,252326.0000
139,252326.0000
140,252326.0000
141,252326.0000
142,252326.0000
143,252326.0000
144,252326.0000
145,252326.0000
146,252326.0000
147,252326.0000
148,252326.0000
149,252326.0000
150,252326.0000
151,252326.0000
152,251003.4000
153,251003.4000
154,251003.4000
155,251003.4000
156,251003.4000
157,251003.4000
158,251003.4000
159,251003.4000
160,251003.4000
161,251003.4000
162,251003.4000
163,251003.4000
164,251003.4000
165,251003.4000
166,251003.4000
167,251003.4000
168,251003.4000
169,251003.4000
170,251003.4000
171,251003.4000
172,251003.4000
173,239457.0000
174,239457.0000
175,239457.0000
176,239457.0000
177,239457.0000
178,239457.0000
179,239457.0000
180,239457.0000
181,239457.0000
182,239457.0000
183,239457.0000
184,239457.0000
185,239457.0000
186,239457.0000
187,239457.0000
188,239457.0000
189,239457.0000
190,239457.0000
191,239457.0000
192,239457.0000
193,235142.1000
194,235142.1000
195,235142.1000
196,235142.1000
197,235142.1000
198,235142.1000
199,235142.1000
200,235142.1000
201,235142.1000
202,235142.1000
203,235142.1000
204,235142.1000
205,235142.1000
206,235142.1000
207,235142.1000
208,235142.1000
209,235142.1000
210,235142.1000
211,235142.1000
212,235142.1000
213,235142.1000
214,235142.1000
215,235142.1000
216,235142.1000
217,235142.1000
218,235142.1000
219,235142.1000
220,235142.1000
221,235142.1000
222,235142.1000
223,235142.1000
224,235142.1000
225,235142.1000
226,235142.1000
227,235142.1000
228,235142.1000
229,235142.1000
230,235142.1000
231,235142.1000
232,235142.1000
233,235142.1000
234,235142.1000
235,235142.1000
236,235142.1000
237,235142.1000
238,235142.1000
239,235142.1000
240,235142.1000
241,235142.1000
242,235142.1000
243,235142.1000
244,235142.1000
245,235142.1000
246,235142.1000
247,235142.1000
248,235142.1000
249,235142.1000
250,235142.1000
251,235142.1000
252,235142.1000
253,235142.1000
254,235142.1000
255,235142.1000
256,235142.1000
257,235142.1000
258,235142.1000
259,235142.1000
260,235142.1000
261,235142.1000
262,235142.1000
263,235142.1000
264,235142.1000
265,235142.1000
266,235142.1000
267,235142.1000
268,235142.1000
269,235142.1000
270,235142.1000
271,235142.1000
272,235142.1000
273,235142.1000
274,235142.1000
275,235142.1000
276,235142.1000
277,235142.1000
278,235142.1000
279,235142.1000
280,235142.1000
281,235142.1000
282,235142.1000
283,235142.1000
284,235142.1000
285,235142.1000
286,235142.1000
287,235142.1000
288,235142.1000
289,235142.1000
290,235142.1000
291,235142.1000
292,235142.1000
293,235142.1000
294,235142.1000
295,235142.1000
296,235142.1000
297,235142.1000
298,235142.1000
299,235142.1000
300,235142.1000
301,235142.1000
302,235142.1000
303,235142.1000
304,235142.1000
305,235142.1000
306,235142.1000
307,235142.1000
308,235142.1000
309,235142.1000
310,235142.1000
311,235142.1000
312,235142.1000
313,235142.1000
314,235142.1000
315,235142.1000
316,235142.1000
317,235142.1000
318,235142.1000
319,235142.1000
320,235142.1000
321,235142.1000
322,235142.1000
323,235142.1000
324,235142.1000
325,235142.1000
326,235142.1000
327,235142.1000
328,235142.1000
329,235142.1000
330,235142.1000
331,235142.1000
332,235142.1000
333,235142.1000
334,235142.1000
335,235142.1000
336,235142.1000
337,235142.1000
338,235142.1000
339,235142.1000
340,235142.1000
341,235142.1000
342,235142.1000
343,235142.1000
344,235142.1000
345,235142.1000
346,235142.1000
347,235142.1000
348,235142.1000
349,235142.1000
350,235142.1000
351,235142.1000
352,235142.1000
353,235142.1000
354,235142.1000
355,235142.1000
356,235142.1000
357,235142.1000
358,235142.1000
359,235142.1000
360,235142.1000
361,235142.1000
362,235142.1000
363,235142.1000
364,235142.1000
365,235142.1000
366,235142.1000
367,235142.1000
368,235142.1000
369,235142.1000
370,235142.1000
371,235142.1000
372,235142.1000
373,235142.1000
374,235142.1000
375,235142.1000
376,235142.1000
377,235142.1000
378,235142.1000
379,235142.1000
380,235142.1000
381,235142.1000
382,233085.0000
383,233085.0000
384,233085.0000
385,233085.0000
386,233085.0000
387,233085.0000
388,233085.0000
389,233085.0000
390,233085.0000
391,233085.0000
392,233085.0000
393,233085.0000
394,233085.0000
395,233085.0000
396,233085.0000
397,233085.0000
398,233085.0000
399,233085.0000
400,233085.0000
401,233085.0000
402,233085.0000
403,233085.0000
404,233085.0000
405,233085.0000
406,233085.0000
407,233085.0000
408,233085.0000
409,233085.0000
410,233085.0000
411,233085.0000
412,233085.0000
413,233085.0000
414,233085.0000
415,233085.0000
416,233085.0000
417,233085.0000
418,233085.0000
419,233085.0000
420,233085.0000
421,233085.0000
422,233085.0000
423,233085.0000
424,233085.0000
425,233085.0000
426,233085.0000
427,233085.0000
428,233085.0000
429,233085.0000
430,233085.0000
431,233085.0000
432,233085.0000
433,233085.0000
434,233085.0000
435,233085.0000
436,233085.0000
437,233085.0000
438,233085.0000
439,233085.0000
440,233085.0000
441,233085.0000
442,233085.0000
443,233085.0000
444,233085.0000
445,233085.0000
446,233085.0000
447,233085.0000
448,233085.0000
449,233085.0000
450,233085.0000
451,233085.0000
452,233085.0000
453,233085.0000
454,233085.0000
455,233085.0000
456,233085.0000
457,233085.0000
458,233085.0000
459,233085.0000
460,233085.0000
461,233085.0000
462,233085.0000
463,233085.0000
464,233085.0000
465,233085.0000
466,233085.0000
467,233085.0000
468,233085.0000
469,233085.0000
470,233085.0000
471,233085.0000
472,233085.0000
473,233085.0000
474,233085.0000
475,233085.0000
476,233085.0000
477,233085.0000
478,233085.0000
479,233085.0000
480,233085.0000
481,233085.0000
482,233085.0000
483,233085.0000
484,233085.0000
485,233085.0000
486,233085.0000
487,233085.0000
488,233085.0000
489,233085.0000
490,233085.0000
491,233085.0000
492,233085.0000
493,233085.0000
494,233085.0000
495,233085.0000
496,233085.0000
497,233085.0000
498,233085.0000
499,233085.0000
500,233085.0000
501,233085.0000
502,233085.0000
503,233085.0000
504,233085.0000
505,233085.0000
506,233085.0000
507,233085.0000
508,233085.0000
509,233085.0000
510,233085.0000
511,233085.0000
512,233085.0000
513,233085.0000
514,233085.0000
515,233085.0000
516,233085.0000
517,233085.0000
518,233085.0000
519,233085.0000
520,233085.0000
521,233085.0000
522,233085.0000
523,233085.0000
524,233085.0000
525,233085.0000
526,233085.0000
527,233085.0000
528,233085.0000
529,233085.0000
530,233085.0000
531,233085.0000
532,233085.0000
533,233085.0000
534,233085.0000
535,233085.0000
536,233085.0000
537,233085.0000
538,233085.0000
539,233085.0000
540,233085.0000
541,233085.0000
542,233085.0000
543,233085.0000
544,233085.0000
545,233085.0000
546,233085.0000
547,233085.0000
548,233085.0000
549,233085.0000
550,233085.0000
551,233085.0000
552,233085.0000
553,233085.0000
554,233085.0000
555,233085.0000
556,233085.0000
557,233085.0000
558,233085.0000
559,233085.0000
560,233085.0000
561,233085.0000
562,233085.0000
563,233085.0000
564,233085.0000
565,233085.0000
566,233085.0000
567,233085.0000
568,233085.0000
569,233085.0000
570,233085.0000
571,233085.0000
572,233085.0000
573,233085.0000
574,233085.0000
575,233085.0000
576,233085.0000
577,233085.0000
578,233085.0000
579,233085.0000
580,233085.0000
581,233085.0000
582,233085.0000
583,233085.0000
584,233085.0000
585,233085.0000
586,233085.0000
587,233085.0000
588,233085.0000
589,233085.0000
590,233085.0000
591,233085.0000
592,233085.0000
593,233085.0000
594,233085.0000
595,233085.0000
596,233085.0000
597,233085.0000
598,233085.0000
599,233085.0000
600,233085.0000
601,233085.0000
602,233085.0000
603,233085.0000
604,233085.0000
605,233085.0000
606,233085.0000
607,233085.0000
608,233085.0000
609,233085.0000
610,233085.0000
611,233085.0000
612,233085.0000
613,233085.0000
614,233085.0000
615,233085.0000
616,233085.0000
617,233085.0000
618,233085.0000
619,233085.0000
620,233085.0000
621,233085.0000
622,233085.0000
623,233085.0000
624,233085.0000
625,233085.0000
626,233085.0000
627,233085.0000
628,233085.0000
629,233085.0000
630,233085.0000
631,233085.0000
632,233085.0000
633,233085.0000
634,233085.0000
635,233085.0000
636,233085.0000
637,233085.0000
638,233085.0000
639,233085.0000
640,233085.0000
641,233085.0000
642,233085.0000
643,233085.0000
644,233085.0000
645,233085.0000
646,233085.0000
647,233085.0000
648,233085.0000
649,233085.0000
650,233085.0000
651,233085.0000
652,233085.0000
653,233085.0000
654,233085.0000
655,233085.0000
656,233085.0000
657,233085.0000
658,233085.0000
659,233085.0000
660,233085.0000
661,233085.0000
662,233085.0000
663,233085.0000
664,233085.0000
665,233085.0000
666,233085.0000
667,233085.0000
668,233085.0000
669,233085.0000
670,233085.0000
671,233085.0000
672,233085.0000
673,233085.0000
674,233085.0000
675,233085.0000
676,233085.0000
677,233085.0000
678,233085.0000
679,233085.0000
680,233085.0000
681,233085.0000
682,233085.0000
683,233085.0000
684,233085.0000
685,233085.0000
686,233085.0000
687,233085.0000
688,233085.0000
689,233085.0000
690,233085.0000
691,233085.0000
692,233085.0000
693,233085.0000
694,233085.0000
695,233085.0000
696,233085.0000
697,233085.0000
698,233085.0000
699,233085.0000
700,233085.0000
701,233085.0000
702,233085.0000
703,233085.0000
704,233085.0000
705,233085.0000
706,233085.0000
707,233085.0000
708,233085.0000
709,233085.0000
710,233085.0000
711,233085.0000
712,233085.0000
713,233085.0000
714,233085.0000
715,233085.0000
716,233085.0000
717,233085.0000
718,233085.0000
719,233085.0000
720,233085.0000
721,233085.0000
722,233085.0000
723,233085.0000
724,233085.0000
725,233085.0000
726,233085.0000
727,233085.0000
728,233085.0000
729,233085.0000
730,233085.0000
731,233085.0000
732,233085.0000
733,233085.0000
734,233085.0000
735,233085.0000
736,233085.0000
737,233085.0000
738,233085.0000
739,233085.0000
740,233085.0000
741,233085.0000
742,233085.0000
743,233085.0000
744,233085.0000
745,233085.0000
746,233085.0000
747,233085.0000
748,233085.0000
749,233085.0000
750,233085.0000
751,233085.0000
752,233085.0000
753,233085.0000
754,233085.0000
755,233085.0000
756,233085.0000
757,233085.0000
758,233085.0000
759,233085.0000
760,233085.0000
761,233085.0000
762,233085.0000
763,233085.0000
764,233085.0000
765,233085.0000
766,233085.0000
767,233085.0000
768,233085.0000
769,233085.0000
770,233085.0000
771,233085.0000
772,233085.0000
773,233085.0000
774,233085.0000
775,233085.0000
776,233085.0000
777,233085.0000
778,233085.0000
779,233085.0000
780,233085.0000
781,233085.0000
782,233085.0000
783,233085.0000
784,233085.0000
785,233085.0000
786,233085.0000
787,233085.0000
788,233085.0000
789,233085.0000
790,233085.0000
791,233085.0000
792,233085.0000
793,233085.0000
794,233085.0000
795,233085.0000
796,233085.0000
797,233085.0000
798,233085.0000
799,233085.0000
800,233085.0000
801,233085.0000
802,233085.0000
803,233085.0000
804,233085.0000
805,233085.0000
806,233085.0000
807,233085.0000
808,233085.0000
809,233085.0000
810,233085.0000
811,233085.0000
812,233085.0000
813,233085.0000
814,233085.0000
815,233085.0000
816,233085.0000
817,233085.0000
818,233085.0000
819,233085.0000
820,233085.0000
821,233085.0000
822,233085.0000
823,233085.0000
824,233085.0000
825,233085.0000
826,233085.0000
827,233085.0000
828,233085.0000
829,233085.0000
830,233085.0000
831,233085.0000
832,233085.0000
833,233085.0000
834,233085.0000
835,233085.0000
836,233085.0000
837,233085.0000
838,233085.0000
839,233085.0000
840,233085.0000
841,233085.0000
842,233085.0000
843,233085.0000
844,233085.0000
845,233085.0000
846,233085.0000
847,233085.0000
848,233085.0000
849,233085.0000
850,233085.0000
851,233085.0000
852,233085.0000
853,233085.0000
854,233085.0000
855,233085.0000
856,233085.0000
857,233085.0000
858,233085.0000
859,233085.0000
860,233085.0000
861,233085.0000
862,233085.0000
863,233085.0000
864,233085.0000
865,233085.0000
866,233085.0000
867,233085.0000
868,233085.0000
869,233085.0000
870,233085.0000
871,233085.0000
872,233085.0000
873,233085.0000
874,233085.0000
875,233085.0000
876,233085.0000
877,233085.0000
878,233085.0000
879,233085.0000
880,233085.0000
881,233085.0000
882,233085.0000
883,233085.0000
884,233085.0000
885,233085.0000
886,233085.0000
887,233085.0000
888,233085.0000
889,233085.0000
890,233085.0000
891,233085.0000
892,233085.0000
893,233085.0000
894,233085.0000
895,233085.0000
896,233085.0000
897,233085.0000
898,233085.0000
899,233085.0000
900,233085.0000
901,233085.0000
902,233085.0000
903,233085.0000
904,233085.0000
905,233085.0000
906,233085.0000
907,233085.0000
908,233085.0000
909,233085.0000
910,233085.0000
911,233085.0000
912,233085.0000
913,233085.0000
914,233085.0000
915,233085.0000
916,233085.0000
917,233085.0000
918,233085.0000
919,233085.0000
920,233085.0000
921,233085.0000
922,233085.0000
923,233085.0000
924,233085.0000
925,233085.0000
926,233085.0000
927,233085.0000
928,233085.0000
929,233085.0000
930,233085.0000
931,233085.0000
932,233085.0000
933,233085.0000
934,233085.0000
935,233085.0000
936,233085.0000
937,233085.0000
938,233085.0000
939,233085.0000
940,233085.0000
941,233085.0000
942,233085.0000
943,233085.0000
944,233085.0000
945,233085.0000
946,233085.0000
947,233085.0000
948,233085.0000
949,233085.0000
950,233085.0000
951,233085.0000
952,233085.0000
953,233085.0000
954,233085.0000
955,233085.0000
956,233085.0000
957,233085.0000
958,233085.0000
959,233085.0000
960,233085.0000
961,233085.0000
962,233085.0000
963,233085.0000
964,233085.0000
965,233085.0000
966,233085.0000
967,233085.0000
968,233085.0000
969,233085.0000
970,233085.0000
971,233085.0000
972,233085.0000
973,233085.0000
974,233085.0000
975,233085.0000
976,233085.0000
977,233085.0000
978,233085.0000
979,233085.0000
980,233085.0000
981,233085.0000
982,233085.0000
983,233085.0000
984,233085.0000
985,233085.0000
986,233085.0000
987,233085.0000
988,233085.0000
989,233085.0000
990,233085.0000
991,233085.0000
992,233085.0000
993,233085.0000
994,233085.0000
995,233085.0000
996,233085.0000
997,233085.0000
998,233085.0000
999,233085.0000
1000,233085.0000
1001,233085.0000
1002,233085.0000
1003,233085.0000
1004,233085.0000
1005,233085.0000
1006,233085.0000
1007,233085.0000
1008,233085.0000
1009,233085.0000
1010,233085.0000
1011,233085.0000
1012,233085.0000
1013,233085.0000
1014,233085.0000
1015,233085.0000
1016,233085.0000
1017,233085.0000
1018,233085.0000
1019,233085.0000
1020,233085.0000
1021,233085.0000
1022,233085.0000
1023,233085.0000
1024,233085.0000
1025,233085.0000
1026,233085.0000
1027,233085.0000
1028,233085.0000
1029,233085.0000
1030,233085.0000
1031,233085.0000
1032,233085.0000
1033,233085.0000
1034,233085.0000
1035,233085.0000
1036,233085.0000
1037,233085.0000
1038,233085.0000
1039,233085.0000
1040,233085.0000
1041,233085.0000
1042,233085.0000
1043,233085.0000
1044,233085.0000
1045,233085.0000
1046,233085.0000
1047,233085.0000
1048,233085.0000
1049,233085.0000
1050,233085.0000
1051,233085.0000
1052,233085.0000
1053,233085.0000
1054,233085.0000
1055,233085.0000
1056,233085.0000
1057,233085.0000
1058,233085.0000
1059,233085.0000
1060,233085.0000
1061,233085.0000
1062,233085.0000
1063,233085.0000
1064,233085.0000
1065,233085.0000
1066,233085.0000
1067,233085.0000
1068,233085.0000
1069,233085.0000
1070,233085.0000
1071,233085.0000
1072,233085.0000
1073,233085.0000
1074,233085.0000
1075,233085.0000
1076,233085.0000
1077,233085.0000
1078,233085.0000
1079,233085.0000
1080,233085.0000
1081,233085.0000
1082,233085.0000
1083,233085.0000
1084,233085.0000
1085,233085.0000
1086,233085.0000
1087,233085.0000
1088,233085.0000
1089,233085.0000
1090,233085.0000
1091,233085.0000
1092,233085.0000
1093,233085.0000
1094,233085.0000
1095,233085.0000
1096,233085.0000
1097,233085.0000
1098,233085.0000
1099,233085.0000
1100,233085.0000
1101,233085.0000
1102,233085.0000
1103,233085.0000
1104,233085.0000
1105,233085.0000
1106,233085.0000
1107,233085.0000
1108,233085.0000
1109,233085.0000
1110,233085.0000
1111,233085.0000
1112,233085.0000
1113,233085.0000
1114,233085.0000
1115,233085.0000
1116,233085.0000
1117,233085.0000
1118,233085.0000
1119,233085.0000
1120,233085.0000
1121,233085.0000
1122,233085.0000
1123,233085.0000
1124,233085.0000
1125,233085.0000
1126,233085.0000
1127,233085.0000
1128,233085.0000
1129,233085.0000
1130,233085.0000
1131,233085.0000
1132,233085.0000
1133,233085.0000
1134,233085.0000
1135,233085.0000
1136,233085.0000
1137,233085.0000
1138,233085.0000
1139,233085.0000
1140,233085.0000
1141,233085.0000
1142,233085.0000
1143,233085.0000
1144,233085.0000
1145,233085.0000
1146,233085.0000
1147,233085.0000
1148,233085.0000
1149,233085.0000
1150,233085.0000
1151,233085.0000
1152,233085.0000
1153,233085.0000
1154,233085.0000
1155,233085.0000
1156,233085.0000
1157,233085.0000
1158,233085.0000
1159,233085.0000
1160,233085.0000
1161,233085.0000
1162,233085.0000
1163,233085.0000
1164,233085.0000
1165,233085.0000
1166,233085.0000
1167,233085.0000
1168,233085.0000
1169,233085.0000
1170,233085.0000
1171,233085.0000
1172,233085.0000
1173,233085.0000
1174,233085.0000
1175,233085.0000
1176,233085.0000
1177,233085.0000
1178,233085.0000
1179,233085.0000
1180,233085.0000
1181,233085.0000
1182,233085.0000
1183,233085.0000
1184,233085.0000
1185,233085.0000
1186,233085.0000
1187,233085.0000
1188,233085.0000
1189,233085.0000
1190,233085.0000
1191,233085.0000
1192,233085.0000
1193,233085.0000
1194,233085.0000
1195,233085.0000
1196,233085.0000
1197,233085.0000
1198,233085.0000
1199,233085.0000
1200,233085.0000
1201,233085.0000
1202,233085.0000
1203,233085.0000
1204,233085.0000
1205,233085.0000
1206,233085.0000
1207,233085.0000
1208,233085.0000
1209,233085.0000
1210,233085.0000
1211,233085.0000
1212,233085.0000
1213,233085.0000
1214,233085.0000
1215,233085.0000
1216,233085.0000
1217,233085.0000
1218,233085.0000
1219,233085.0000
1220,233085.0000
1221,233085.0000
1222,233085.0000
1223,233085.0000
1224,233085.0000
1225,233085.0000
1226,233085.0000
1227,233085.0000
1228,233085.0000
1229,233085.0000
1230,233085.0000
1231,233085.0000
1232,233085.0000
1233,233085.0000
1234,233085.0000
1235,233085.0000
1236,233085.0000
1237,233085.0000
1238,233085.0000
1239,233085.0000
1240,233085.0000
1241,233085.0000
1242,233085.0000
1243,233085.0000
1244,233085.0000
1245,233085.0000
1246,233085.0000
1247,233085.0000
1248,233085.0000
1249,233085.0000
1250,233085.0000
1251,233085.0000
1252,233085.0000
1253,233085.0000
1254,233085.0000
1255,233085.0000
1256,233085.0000
1257,233085.0000
1258,233085.0000
1259,233085.0000
1260,233085.0000
1261,233085.0000
1262,233085.0000
1263,233085.0000
1264,233085.0000
1265,233085.0000
1266,233085.0000
1267,233085.0000
1268,233085.0000
1269,233085.0000
1270,233085.0000
1271,233085.0000
1272,233085.0000
1273,233085.0000
1274,233085.0000
1275,233085.0000
1276,233085.0000
1277,233085.0000
1278,233085.0000
1279,233085.0000
1280,233085.0000
1281,233085.0000
1282,233085.0000
1283,233085.0000
1284,233085.0000
1285,233085.0000
1286,233085.0000
1287,233085.0000
1288,233085.0000
1289,233085.0000
1290,233085.0000
1291,233085.0000
1292,233085.0000
1293,233085.0000
1294,233085.0000
1295,233085.0000
1296,233085.0000
1297,233085.0000
1298,233085.0000
1299,233085.0000
1300,233085.0000
1301,233085.0000
1302,233085.0000
1303,233085.0000
1304,233085.0000
1305,233085.0000
1306,233085.0000
1307,233085.0000
1308,233085.0000
1309,233085.0000
1310,233085.0000
1311,233085.0000
1312,233085.0000
1313,233085.0000
1314,233085.0000
1315,233085.0000
1316,233085.0000
1317,233085.0000
1318,233085.0000
1319,233085.0000
1320,233085.0000
1321,233085.0000
1322,233085.0000
1323,233085.0000
1324,233085.0000
1325,233085.0000
1326,233085.0000
1327,233085.0000
1328,233085.0000
1329,233085.0000
1330,233085.0000
1331,233085.0000
1332,233085.0000
1333,233085.0000
1334,233085.0000
1335,233085.0000
1336,233085.0000
1337,233085.0000
1338,233085.0000
1339,233085.0000
1340,233085.0000
1341,233085.0000
1342,233085.0000
1343,233085.0000
1344,233085.0000
1345,233085.0000
1346,233085.0000
1347,233085.0000
1348,233085.0000
1349,233085.0000
1350,233085.0000
1351,233085.0000
1352,233085.0000
1353,233085.0000
1354,233085.0000
1355,233085.0000
1356,233085.0000
1357,233085.0000
1358,233085.0000
1359,233085.0000
1360,233085.0000
1361,233085.0000
1362,233085.0000
1363,233085.0000
1364,233085.0000
1365,233085.0000
1366,233085.0000
1367,233085.0000
1368,233085.0000
1369,233085.0000
1370,233085.0000
1371,233085.0000
1372,233085.0000
1373,233085.0000
1374,233085.0000
1375,233085.0000
1376,233085.0000
1377,233085.0000
1378,233085.0000
1379,233085.0000
1380,233085.0000
1381,233085.0000
1382,233085.0000
1383,233085.0000
1384,233085.0000
1385,233085.0000
1386,233085.0000
1387,233085.0000
1388,233085.0000
1389,233085.0000
1390,233085.0000
1391,233085.0000
1392,233085.0000
1393,233085.0000
1394,233085.0000
1395,233085.0000
1396,233085.0000
1397,233085.0000
1398,233085.0000
1399,233085.0000
1400,233085.0000
1401,233085.0000
1402,233085.0000
1403,233085.0000
1404,233085.0000
1405,233085.0000
1406,233085.0000
1407,233085.0000
1408,233085.0000
1409,233085.0000
1410,233085.0000
1411,233085.0000
1412,233085.0000
1413,233085.0000
1414,233085.0000
1415,233085.0000
1416,233085.0000
1417,233085.0000
1418,233085.0000
1419,233085.0000
1420,233085.0000
1421,233085.0000
1422,233085.0000
1423,233085.0000
1424,233085.0000
1425,233085.0000
1426,233085.0000
1427,233085.0000
1428,233085.0000
1429,233085.0000
1430,233085.0000
1431,233085.0000
1432,233085.0000
1433,233085.0000
1434,233085.0000
1435,233085.0000
1436,233085.0000
1437,233085.0000
1438,233085.0000
1439,233085.0000
1440,233085.0000
1441,233085.0000
1442,233085.0000
1443,233085.0000
1444,233085.0000
1445,233085.0000
1446,233085.0000
1447,233085.0000
1448,233085.0000
1449,233085.0000
1450,233085.0000
1451,233085.0000
1452,233085.0000
1453,233085.0000
1454,233085.0000
1455,233085.0000
1456,233085.0000
1457,233085.0000
1458,233085.0000
1459,233085.0000
1460,233085.0000
1461,233085.0000
1462,233085.0000
1463,233085.0000
1464,233085.0000
1465,233085.0000
1466,233085.0000
1467,233085.0000
1468,233085.0000
1469,233085.0000
1470,233085.0000
1471,233085.0000
1472,233085.0000
1473,233085.0000
1474,233085.0000
1475,233085.0000
1476,233085.0000
1477,233085.0000
1478,233085.0000
1479,233085.0000
1480,233085.0000
1481,233085.0000
1482,233085.0000
1483,233085.0000
1484,233085.0000
1485,233085.0000
1486,233085.0000
1487,233085.0000
1488,233085.0000
1489,233085.0000
1490,233085.0000
1491,233085.0000
1492,233085.0000
1493,233085.0000
1494,233085.0000
1495,233085.0000
1496,233085.0000
1497,233085.0000
1498,233085.0000
1499,233085.0000
1500,233085.0000
1501,233085.0000
1502,233085.0000
1503,233085.0000
1504,233085.0000
1505,233085.0000
1506,233085.0000
1507,233085.0000
1508,233085.0000
1509,233085.0000
1510,233085.0000
1511,233085.0000
1512,233085.0000
1513,233085.0000
1514,233085.0000
1515,233085.0000
1516,233085.0000
1517,233085.0000
1518,233085.0000
1519,233085.0000
1520,233085.0000
1521,233085.0000
1522,233085.0000
1523,233085.0000
1524,233085.0000
1525,233085.0000
1526,233085.0000
1527,233085.0000
1528,233085.0000
1529,233085.0000
1530,233085.0000
1531,233085.0000
1532,233085.0000
1533,233085.0000
1534,233085.0000
1535,233085.0000
1536,233085.0000
1537,233085.0000
1538,233085.0000
1539,233085.0000
1540,233085.0000
1541,233085.0000
1542,233085.0000
1543,233085.0000
1544,233085.0000
1545,233085.0000
1546,233085.0000
1547,233085.0000
1548,233085.0000
1549,233085.0000
1550,233085.0000
1551,233085.0000
1552,233085.0000
1553,233085.0000
1554,233085.0000
1555,233085.0000
1556,233085.0000
1557,233085.0000
1558,233085.0000
1559,233085.0000
1560,233085.0000
1561,233085.0000
1562,233085.0000
1563,233085.0000
1564,233085.0000
1565,233085.0000
1566,233085.0000
1567,233085.0000
1568,233085.0000
1569,233085.0000
1570,233085.0000
1571,233085.0000
1572,233085.0000
1573,233085.0000
1574,233085.0000
1575,233085.0000
1576,233085.0000
1577,233085.0000
1578,233085.0000
1579,233085.0000
1580,233085.0000
1581,233085.0000
1582,233085.0000
1583,233085.0000
1584,233085.0000
1585,233085.0000
1586,233085.0000
1587,233085.0000
1588,233085.0000
1589,233085.0000
1590,233085.0000
1591,233085.0000
1592,233085.0000
1593,233085.0000
1594,233085.0000
1595,233085.0000
1596,233085.0000
1597,233085.0000
1598,233085.0000
1599,233085.0000
1600,233085.0000
1601,233085.0000
1602,233085.0000
1603,233085.0000
1604,233085.0000
1605,233085.0000
1606,233085.0000
1607,233085.0000
1608,233085.0000
1609,233085.0000
1610,233085.0000
1611,233085.0000
1612,233085.0000
1613,233085.0000
1614,233085.0000
1615,233085.0000
1616,233085.0000
1617,233085.0000
1618,233085.0000
1619,233085.0000
1620,233085.0000
1621,233085.0000
1622,233085.0000
1623,233085.0000
1624,233085.0000
1625,233085.0000
1626,233085.0000
1627,233085.0000
1628,233085.0000
1629,233085.0000
1630,233085.0000
1631,233085.0000
1632,233085.0000
1633,233085.0000
1634,233085.0000
1635,233085.0000
1636,233085.0000
1637,233085.0000
1638,233085.0000
1639,233085.0000
1640,233085.0000
1641,233085.0000
1642,233085.0000
1643,233085.0000
1644,233085.0000
1645,233085.0000
1646,233085.0000
1647,233085.0000
1648,233085.0000
1649,233085.0000
1650,233085.0000
1651,233085.0000
1652,233085.0000
1653,233085.0000
1654,233085.0000
1655,233085.0000
1656,233085.0000
1657,233085.0000
1658,233085.0000
1659,233085.0000
1660,233085.0000
1661,233085.0000
1662,233085.0000
1663,233085.0000
1664,233085.0000
1665,233085.0000
1666,233085.0000
1667,233085.0000
1668,233085.0000
1669,233085.0000
1670,233085.0000
1671,233085.0000
1672,233085.0000
1673,233085.0000
1674,233085.0000
1675,233085.0000
1676,233085.0000
1677,233085.0000
1678,233085.0000
1679,233085.0000
1680,233085.0000
1681,233085.0000
1682,233085.0000
1683,233085.0000
1684,233085.0000
1685,233085.0000
1686,233085.0000
1687,233085.0000
1688,233085.0000
1689,233085.0000
1690,233085.0000
1691,233085.0000
1692,233085.0000
1693,233085.0000
1694,233085.0000
1695,233085.0000
1696,233085.0000
1697,233085.0000
1698,233085.0000
1699,233085.0000
1700,233085.0000
1701,233085.0000
1702,233085.0000
1703,233085.0000
1704,233085.0000
1705,233085.0000
1706,233085.0000
1707,233085.0000
1708,233085.0000
1709,233085.0000
1710,233085.0000
1711,233085.0000
1712,233085.0000
1713,233085.0000
1714,233085.0000
1715,233085.0000
1716,233085.0000
1717,233085.0000
1718,233085.0000
1719,233085.0000
1720,233085.0000
1721,233085.0000
1722,233085.0000
1723,233085.0000
1724,233085.0000
1725,233085.0000
1726,233085.0000
1727,233085.0000
1728,233085.0000
1729,233085.0000
1730,233085.0000
1731,233085.0000
1732,233085.0000
1733,233085.0000
1734,233085.0000
1735,233085.0000
1736,233085.0000
1737,233085.0000
1738,233085.0000
1739,233085.0000
1740,233085.0000
1741,233085.0000
1742,233085.0000
1743,233085.0000
1744,233085.0000
1745,233085.0000
1746,233085.0000
1747,233085.0000
1748,233085.0000
1749,233085.0000
1750,233085.0000
1751,233085.0000
1752,233085.0000
1753,233085.0000
1754,233085.0000
1755,233085.0000
1756,233085.0000
1757,233085.0000
1758,233085.0000
1759,233085.0000
1760,233085.0000
1761,233085.0000
1762,233085.0000
1763,233085.0000
1764,233085.0000
1765,233085.0000
1766,233085.0000
1767,233085.0000
1768,233085.0000
1769,233085.0000
1770,233085.0000
1771,233085.0000
1772,233085.0000
1773,233085.0000
1774,233085.0000
1775,233085.0000
1776,233085.0000
1777,233085.0000
1778,233085.0000
1779,233085.0000
1780,233085.0000
1781,233085.0000
1782,233085.0000
1783,233085.0000
1784,233085.0000
1785,233085.0000
1786,233085.0000
1787,233085.0000
1788,233085.0000
1789,233085.0000
1790,233085.0000
1791,233085.0000
1792,233085.0000
1793,233085.0000
1794,233085.0000
1795,233085.0000
1796,233085.0000
1797,233085.0000
1798,233085.0000
1799,233085.0000
1800,233085.0000
1801,233085.0000
1802,233085.0000
1803,233085.0000
1804,233085.0000
1805,233085.0000
1806,233085.0000
1807,233085.0000
1808,233085.0000
1809,233085.0000
1810,233085.0000
1811,233085.0000
1812,233085.0000
1813,233085.0000
1814,233085.0000
1815,233085.0000
1816,233085.0000
1817,233085.0000
1818,233085.0000
1819,233085.0000
1820,233085.0000
1821,233085.0000
1822,233085.0000
1823,233085.0000
1824,233085.0000
1825,233085.0000
1826,233085.0000
1827,233085.0000
1828,233085.0000
1829,233085.0000
1830,233085.0000
1831,233085.0000
1832,233085.0000
1833,233085.0000
1834,233085.0000
1835,233085.0000
1836,233085.0000
1837,233085.0000
1838,233085.0000
1839,233085.0000
1840,233085.0000
1841,233085.0000
1842,233085.0000
1843,233085.0000
1844,233085.0000
1845,233085.0000
1846,233085.0000
1847,233085.0000
1848,233085.0000
1849,233085.0000
1850,233085.0000
1851,233085.0000
1852,233085.0000
1853,233085.0000
1854,233085.0000
1855,233085.0000
1856,233085.0000
1857,233085.0000
1858,233085.0000
1859,233085.0000
1860,233085.0000
1861,233085.0000
1862,233085.0000
1863,233085.0000
1864,233085.0000
1865,233085.0000
1866,233085.0000
1867,233085.0000
1868,233085.0000
1869,233085.0000
1870,233085.0000
1871,233085.0000
1872,233085.0000
1873,233085.0000
1874,233085.0000
1875,233085.0000
1876,233085.0000
1877,233085.0000
1878,233085.0000
1879,233085.0000
1880,233085.0000
1881,233085.0000
1882,233085.0000
1883,233085.0000
1884,233085.0000
1885,233085.0000
1886,233085.0000
1887,233085.0000
1888,233085.0000
1889,233085.0000
1890,233085.0000
1891,233085.0000
1892,233085.0000
1893,233085.0000
1894,233085.0000
1895,233085.0000
1896,233085.0000
1897,233085.0000
1898,233085.0000
1899,233085.0000
1900,233085.0000
1901,233085.0000
1902,233085.0000
1903,233085.0000
1904,233085.0000
1905,233085.0000
1906,233085.0000
1907,233085.0000
1908,233085.0000
1909,233085.0000
1910,233085.0000
1911,233085.0000
1912,233085.0000
1913,233085.0000
1914,233085.0000
1915,233085.0000
1916,233085.0000
1917,233085.0000
1918,233085.0000
1919,233085.0000
1920,233085.0000
1921,233085.0000
1922,233085.0000
1923,233085.0000
1924,233085.0000
1925,233085.0000
1926,233085.0000
1927,233085.0000
1928,233085.0000
1929,233085.0000
1930,233085.0000
1931,233085.0000
1932,233085.0000
1933,233085.0000
1934,233085.0000
1935,233085.0000
1936,233085.0000
1937,233085.0000
1938,233085.0000
1939,233085.0000
1940,233085.0000
1941,233085.0000
1942,233085.0000
1943,233085.0000
1944,233085.0000
1945,233085.0000
1946,233085.0000
1947,233085.0000
1948,233085.0000
1949,233085.0000
1950,233085.0000
1951,233085.0000
1952,233085.0000
1953,233085.0000
1954,233085.0000
1955,233085.0000
1956,233085.0000
1957,233085.0000
1958,233085.0000
1959,233085.0000
1960,233085.0000
1961,233085.0000
1962,233085.0000
1963,233085.0000
1964,233085.0000
1965,233085.0000
1966,233085.0000
1967,233085.0000
1968,233085.0000
1969,233085.0000
1970,233085.0000
1971,233085.0000
1972,233085.0000
1973,233085.0000
1974,233085.0000
1975,233085.0000
1976,233085.0000
1977,233085.0000
1978,233085.0000
1979,233085.0000
1980,233085.0000
1981,233085.0000
1982,233085.0000
1983,233085.0000
1984,233085.0000
1985,233085.0000
1986,233085.0000
1987,233085.0000
1988,233085.0000
1989,233085.0000
1990,233085.0000
1991,233085.0000
1992,233085.0000
1993,233085.0000
1994,233085.0000
1995,233085.0000
1996,233085.0000
1997,233085.0000
1998,233085.0000
1999,233085.0000
2000,233085.0000
2001,233085.0000
2002,233085.0000
2003,233085.0000
2004,233085.0000
2005,233085.0000
2006,233085.0000
2007,233085.0000
2008,233085.0000
2009,233085.0000
2010,233085.0000
2011,233085.0000
2012,233085.0000
2013,233085.0000
2014,233085.0000
2015,233085.0000
2016,233085.0000
2017,233085.0000
2018,233085.0000
2019,233085.0000
2020,233085.0000
2021,233085.0000
2022,233085.0000
2023,233085.0000
2024,233085.0000
2025,233085.0000
2026,233085.0000
2027,233085.0000
2028,233085.0000
2029,233085.0000
2030,233085.0000
2031,233085.0000
2032,233085.0000
2033,233085.0000
2034,233085.0000
2035,233085.0000
2036,233085.0000
2037,233085.0000
2038,233085.0000
2039,233085.0000
2040,233085.0000
2041,233085.0000
2042,233085.0000
2043,233085.0000
2044,233085.0000
2045,233085.0000
2046,233085.0000
2047,233085.0000
2048,233085.0000
2049,233085.0000
2050,233085.0000
2051,233085.0000
2052,233085.0000
2053,233085.0000
2054,233085.0000
2055,233085.0000
2056,233085.0000
2057,233085.0000
2058,233085.0000
2059,233085.0000
2060,233085.0000
2061,233085.0000
2062,233085.0000
2063,233085.0000
2064,233085.0000
2065,233085.0000
2066,233085.0000
2067,233085.0000
2068,233085.0000
2069,233085.0000
2070,233085.0000
2071,233085.0000
2072,233085.0000
2073,233085.0000
2074,233085.0000
2075,233085.0000
2076,233085.0000
2077,233085.0000
2078,233085.0000
2079,233085.0000
2080,233085.0000
2081,233085.0000
2082,233085.0000
2083,233085.0000
2084,233085.0000
2085,233085.0000
2086,233085.0000
2087,233085.0000
2088,233085.0000
2089,233085.0000
2090,233085.0000
2091,233085.0000
2092,233085.0000
2093,233085.0000
2094,233085.0000
2095,233085.0000
2096,233085.0000
2097,233085.0000
2098,233085.0000
2099,233085.0000
2100,233085.0000
2101,233085.0000
2102,233085.0000
2103,233085.0000
2104,233085.0000
2105,233085.0000
2106,233085.0000
2107,233085.0000
2108,233085.0000
2109,233085.0000
2110,233085.0000
2111,233085.0000
2112,233085.0000
2113,233085.0000
2114,233085.0000
2115,233085.0000
2116,233085.0000
2117,233085.0000
2118,233085.0000
2119,233085.0000
2120,233085.0000
2121,233085.0000
2122,233085.0000
2123,233085.0000
2124,233085.0000
2125,233085.0000
2126,233085.0000
2127,233085.0000
2128,233085.0000
2129,233085.0000
2130,233085.0000
2131,233085.0000
2132,233085.0000
2133,233085.0000
2134,233085.0000
2135,233085.0000
2136,233085.0000
2137,233085.0000
2138,233085.0000
2139,233085.0000
2140,233085.0000
2141,233085.0000
2142,233085.0000
2143,233085.0000
2144,233085.0000
2145,233085.0000
2146,233085.0000
2147,233085.0000
2148,233085.0000
2149,233085.0000
2150,233085.0000
2151,233085.0000
2152,233085.0000
2153,233085.0000
2154,233085.0000
2155,233085.0000
2156,233085.0000
2157,233085.0000
2158,233085.0000
2159,233085.0000
2160,233085.0000
2161,233085.0000
2162,233085.0000
2163,233085.0000
2164,233085.0000
2165,233085.0000
2166,233085.0000
2167,233085.0000
2168,233085.0000
2169,233085.0000
2170,233085.0000
2171,233085.0000
2172,233085.0000
2173,233085.0000
2174,233085.0000
2175,233085.0000
2176,233085.0000
2177,233085.0000
2178,233085.0000
2179,233085.0000
2180,233085.0000
2181,233085.0000
2182,233085.0000
2183,233085.0000
2184,233085.0000
2185,233085.0000
2186,233085.0000
2187,233085.0000
2188,233085.0000
2189,233085.0000
2190,233085.0000
2191,233085.0000
2192,233085.0000
2193,233085.0000
2194,233085.0000
2195,233085.0000
2196,233085.0000
2197,233085.0000
2198,233085.0000
2199,233085.0000
2200,233085.0000
2201,233085.0000
2202,233085.0000
2203,233085.0000
2204,233085.0000
2205,233085.0000
2206,233085.0000
2207,233085.0000
2208,233085.0000
2209,233085.0000
2210,233085.0000
2211,233085.0000
2212,233085.0000
2213,233085.0000
2214,233085.0000
2215,233085.0000
2216,233085.0000
2217,233085.0000
2218,233085.0000
2219,233085.0000
2220,233085.0000
2221,233085.0000
2222,233085.0000
2223,233085.0000
2224,233085.0000
2225,233085.0000
2226,233085.0000
2227,233085.0000
2228,233085.0000
2229,233085.0000
2230,233085.0000
2231,233085.0000
2232,233085.0000
2233,233085.0000
2234,233085.0000
2235,233085.0000
2236,233085.0000
2237,233085.0000
2238,233085.0000
2239,233085.0000
2240,233085.0000
2241,233085.0000
2242,233085.0000
2243,233085.0000
2244,233085.0000
2245,233085.0000
2246,233085.0000
2247,233085.0000
2248,233085.0000
2249,233085.0000
2250,233085.0000
2251,233085.0000
2252,233085.0000
2253,233085.0000
2254,233085.0000
2255,233085.0000
2256,233085.0000
2257,233085.0000
2258,233085.0000
2259,233085.0000
2260,233085.0000
2261,233085.0000
2262,233085.0000
2263,233085.0000
2264,233085.0000
2265,233085.0000
2266,233085.0000
2267,233085.0000
2268,233085.0000
2269,233085.0000
2270,233085.0000
2271,233085.0000
2272,233085.0000
2273,233085.0000
2274,233085.0000
2275,233085.0000
2276,233085.0000
2277,233085.0000
2278,233085.0000
2279,233085.0000
2280,233085.0000
2281,233085.0000
2282,233085.0000
2283,233085.0000
2284,233085.0000
2285,233085.0000
2286,233085.0000
2287,233085.0000
2288,233085.0000
2289,233085.0000
2290,233085.0000
2291,233085.0000
2292,233085.0000
2293,233085.0000
2294,233085.0000
2295,233085.0000
2296,233085.0000
2297,233085.0000
2298,233085.0000
2299,233085.0000
2300,233085.0000
2301,233085.0000
2302,233085.0000
2303,233085.0000
2304,233085.0000
2305,233085.0000
2306,233085.0000
2307,233085.0000
2308,233085.0000
2309,233085.0000
2310,233085.0000
2311,233085.0000
2312,233085.0000
2313,233085.0000
2314,233085.0000
2315,233085.0000
2316,233085.0000
2317,233085.0000
2318,233085.0000
2319,233085.0000
2320,233085.0000
2321,233085.0000
2322,233085.0000
2323,233085.0000
2324,233085.0000
2325,233085.0000
2326,233085.0000
2327,233085.0000
2328,233085.0000
2329,233085.0000
2330,233085.0000
2331,233085.0000
2332,233085.0000
2333,233085.0000
2334,233085.0000
2335,233085.0000
2336,233085.0000
2337,233085.0000
2338,233085.0000
2339,233085.0000
2340,233085.0000
2341,233085.0000
2342,233085.0000
2343,233085.0000
2344,233085.0000
2345,233085.0000
2346,233085.0000
2347,233085.0000
2348,233085.0000
2349,233085.0000
2350,233085.0000
2351,233085.0000
2352,233085.0000
2353,233085.0000
2354,233085.0000
2355,233085.0000
2356,233085.0000
2357,233085.0000
2358,233085.0000
2359,233085.0000
2360,233085.0000
2361,233085.0000
2362,233085.0000
2363,233085.0000
2364,233085.0000
2365,233085.0000
2366,233085.0000
2367,233085.0000
2368,233085.0000
2369,233085.0000
2370,233085.0000
2371,233085.0000
2372,233085.0000
2373,233085.0000
2374,233085.0000
2375,233085.0000
2376,233085.0000
2377,233085.0000
2378,233085.0000
2379,233085.0000
2380,233085.0000
2381,233085.0000
2382,233085.0000
2383,233085.0000
2384,233085.0000
2385,233085.0000
2386,233085.0000
2387,233085.0000
2388,233085.0000
2389,233085.0000
2390,233085.0000
2391,233085.0000
2392,233085.0000
2393,233085.0000
2394,233085.0000
2395,233085.0000
2396,233085.0000
2397,233085.0000
2398,233085.0000
2399,233085.0000
2400,233085.0000
2401,233085.0000
2402,233085.0000
2403,233085.0000
2404,233085.0000
2405,233085.0000
2406,233085.0000
2407,233085.0000
2408,233085.0000
2409,233085.0000
2410,233085.0000
2411,233085.0000
2412,233085.0000
2413,233085.0000
2414,233085.0000
2415,233085.0000
2416,233085.0000
2417,233085.0000
2418,233085.0000
2419,233085.0000
2420,233085.0000
2421,233085.0000
2422,233085.0000
2423,233085.0000
2424,233085.0000
2425,233085.0000
2426,233085.0000
2427,233085.0000
2428,233085.0000
2429,233085.0000
2430,233085.0000
2431,233085.0000
2432,233085.0000
2433,233085.0000
2434,233085.0000
2435,233085.0000
2436,233085.0000
2437,233085.0000
2438,233085.0000
2439,233085.0000
2440,233085.0000
2441,233085.0000
2442,233085.0000
2443,233085.0000
2444,233085.0000
2445,233085.0000
2446,233085.0000
2447,233085.0000
2448,233085.0000
2449,233085.0000
2450,233085.0000
2451,233085.0000
2452,233085.0000
2453,233085.0000
2454,233085.0000
2455,233085.0000
2456,233085.0000
2457,233085.0000
2458,233085.0000
2459,233085.0000
2460,233085.0000
2461,233085.0000
2462,233085.0000
2463,233085.0000
2464,233085.0000
2465,233085.0000
2466,233085.0000
2467,233085.0000
2468,233085.0000
2469,233085.0000
2470,233085.0000
2471,233085.0000
2472,233085.0000
2473,233085.0000
2474,233085.0000
2475,233085.0000
2476,233085.0000
2477,233085.0000
2478,233085.0000
2479,233085.0000
2480,233085.0000
2481,233085.0000
2482,233085.0000
2483,233085.0000
2484,233085.0000
2485,233085.0000
2486,233085.0000
2487,233085.0000
2488,233085.0000
2489,233085.0000
2490,233085.0000
2491,233085.0000
2492,233085.0000
2493,233085.0000
2494,233085.0000
2495,233085.0000
2496,233085.0000
2497,233085.0000
2498,233085.0000
2499,233085.0000
2500,233085.0000
2501,233085.0000
2502,233085.0000
2503,233085.0000
2504,233085.0000
2505,233085.0000
2506,233085.0000
2507,233085.0000
2508,233085.0000
2509,233085.0000
2510,233085.0000
2511,233085.0000
2512,233085.0000
2513,233085.0000
2514,233085.0000
2515,233085.0000
2516,233085.0000
2517,233085.0000
2518,233085.0000
2519,233085.0000
2520,233085.0000
2521,233085.0000
2522,233085.0000
2523,233085.0000
2524,233085.0000
2525,233085.0000
2526,233085.0000
2527,233085.0000
2528,233085.0000
2529,233085.0000
2530,233085.0000
2531,233085.0000
2532,233085.0000
2533,233085.0000
2534,233085.0000
2535,233085.0000
2536,233085.0000
2537,233085.0000
2538,233085.0000
2539,233085.0000
2540,233085.0000
2541,233085.0000
2542,233085.0000
2543,233085.0000
2544,233085.0000
2545,233085.0000
2546,233085.0000
2547,233085.0000
2548,233085.0000
2549,233085.0000
2550,233085.0000
2551,233085.0000
2552,233085.0000
2553,233085.0000
2554,233085.0000
2555,233085.0000
2556,233085.0000
2557,233085.0000
2558,233085.0000
2559,233085.0000
2560,233085.0000
2561,233085.0000
2562,233085.0000
2563,233085.0000
2564,233085.0000
2565,233085.0000
2566,233085.0000
2567,233085.0000
2568,233085.0000
2569,233085.0000
2570,233085.0000
2571,233085.0000
2572,233085.0000
2573,233085.0000
2574,233085.0000
2575,233085.0000
2576,233085.0000
2577,233085.0000
2578,233085.0000
2579,233085.0000
2580,233085.0000
2581,233085.0000
2582,233085.0000
2583,233085.0000
2584,233085.0000
2585,233085.0000
2586,233085.0000
2587,233085.0000
2588,233085.0000
2589,233085.0000
2590,233085.0000
2591,233085.0000
2592,233085.0000
2593,233085.0000
2594,233085.0000
2595,233085.0000
2596,233085.0000
2597,233085.0000
2598,233085.0000
2599,233085.0000
2600,233085.0000
2601,233085.0000
2602,233085.0000
2603,233085.0000
2604,233085.0000
2605,233085.0000
2606,233085.0000
2607,233085.0000
2608,233085.0000
2609,233085.0000
2610,233085.0000
2611,233085.0000
2612,233085.0000
2613,233085.0000
2614,233085.0000
2615,233085.0000
2616,233085.0000
2617,233085.0000
2618,233085.0000
2619,233085.0000
2620,233085.0000
2621,233085.0000
2622,233085.0000
2623,233085.0000
2624,233085.0000
2625,233085.0000
2626,233085.0000
2627,233085.0000
2628,233085.0000
2629,233085.0000
2630,233085.0000
2631,233085.0000
2632,233085.0000
2633,233085.0000
2634,233085.0000
2635,233085.0000
2636,233085.0000
2637,233085.0000
2638,233085.0000
2639,233085.0000
2640,233085.0000
2641,233085.0000
2642,233085.0000
2643,233085.0000
2644,233085.0000
2645,233085.0000
2646,233085.0000
2647,233085.0000
2648,233085.0000
2649,233085.0000
2650,233085.0000
2651,233085.0000
2652,233085.0000
2653,233085.0000
2654,233085.0000
2655,233085.0000
2656,233085.0000
2657,233085.0000
2658,233085.0000
2659,233085.0000
2660,233085.0000
2661,233085.0000
2662,233085.0000
2663,233085.0000
2664,233085.0000
2665,233085.0000
2666,233085.0000
2667,233085.0000
2668,233085.0000
2669,233085.0000
2670,233085.0000
2671,233085.0000
2672,233085.0000
2673,233085.0000
2674,233085.0000
2675,233085.0000
2676,233085.0000
2677,233085.0000
2678,233085.0000
2679,233085.0000
2680,233085.0000
2681,233085.0000
2682,233085.0000
2683,233085.0000
2684,233085.0000
2685,233085.0000
2686,233085.0000
2687,233085.0000
2688,233085.0000
2689,233085.0000
2690,233085.0000
2691,233085.0000
2692,233085.0000
2693,233085.0000
2694,233085.0000
2695,233085.0000
2696,233085.0000
2697,233085.0000
2698,233085.0000
2699,233085.0000
2700,233085.0000
2701,233085.0000
2702,233085.0000
2703,233085.0000
2704,233085.0000
2705,233085.0000
2706,233085.0000
2707,233085.0000
2708,233085.0000
2709,233085.0000
2710,233085.0000
2711,233085.0000
2712,233085.0000
2713,233085.0000
2714,233085.0000
2715,233085.0000
2716,233085.0000
2717,233085.0000
2718,233085.0000
2719,233085.0000
2720,233085.0000
2721,233085.0000
2722,233085.0000
2723,233085.0000
2724,233085.0000
2725,233085.0000
2726,233085.0000
2727,233085.0000
2728,233085.0000
2729,233085.0000
2730,233085.0000
2731,233085.0000
2732,233085.0000
2733,233085.0000
2734,233085.0000
2735,233085.0000
2736,233085.0000
2737,233085.0000
2738,233085.0000
2739,233085.0000
2740,233085.0000
2741,233085.0000
2742,233085.0000
2743,233085.0000
2744,233085.0000
2745,233085.0000
2746,233085.0000
2747,233085.0000
2748,233085.0000
2749,233085.0000
2750,233085.0000
2751,233085.0000
2752,233085.0000
2753,233085.0000
2754,233085.0000
2755,233085.0000
2756,233085.0000
2757,233085.0000
2758,233085.0000
2759,233085.0000
2760,233085.0000
2761,233085.0000
2762,233085.0000
2763,233085.0000
2764,233085.0000
2765,233085.0000
2766,233085.0000
2767,233085.0000
2768,233085.0000
2769,233085.0000
2770,233085.0000
2771,233085.0000
2772,233085.0000
2773,233085.0000
2774,233085.0000
2775,233085.0000
2776,233085.0000
2777,233085.0000
2778,233085.0000
2779,233085.0000
2780,233085.0000
2781,233085.0000
2782,233085.0000
2783,233085.0000
2784,233085.0000
2785,233085.0000
2786,233085.0000
2787,233085.0000
2788,233085.0000
2789,233085.0000
2790,233085.0000
2791,233085.0000
2792,233085.0000
2793,233085.0000
2794,233085.0000
2795,233085.0000
2796,233085.0000
2797,233085.0000
2798,233085.0000
2799,233085.0000
2800,233085.0000
2801,233085.0000
2802,233085.0000
2803,233085.0000
2804,233085.0000
2805,233085.0000
2806,233085.0000
2807,233085.0000
2808,233085.0000
2809,233085.0000
2810,233085.0000
2811,233085.0000
2812,233085.0000
2813,233085.0000
2814,233085.0000
2815,233085.0000
2816,233085.0000
2817,233085.0000
2818,233085.0000
2819,233085.0000
2820,233085.0000
2821,233085.0000
2822,233085.0000
2823,233085.0000
2824,233085.0000
2825,233085.0000
2826,233085.0000
2827,233085.0000
2828,233085.0000
2829,233085.0000
2830,233085.0000
2831,233085.0000
2832,233085.0000
2833,233085.0000
2834,233085.0000
2835,233085.0000
2836,233085.0000
2837,233085.0000
2838,233085.0000
2839,233085.0000
2840,233085.0000
2841,233085.0000
2842,233085.0000
2843,233085.0000
2844,233085.0000
2845,233085.0000
2846,233085.0000
2847,233085.0000
2848,233085.0000
2849,233085.0000
2850,233085.0000
2851,233085.0000
2852,233085.0000
2853,233085.0000
2854,233085.0000
2855,233085.0000
2856,233085.0000
2857,233085.0000
2858,233085.0000
2859,233085.0000
2860,233085.0000
2861,233085.0000
2862,233085.0000
2863,233085.0000
2864,233085.0000
2865,233085.0000
2866,233085.0000
2867,233085.0000
2868,233085.0000
2869,233085.0000
2870,233085.0000
2871,233085.0000
2872,233085.0000
2873,233085.0000
2874,233085.0000
2875,233085.0000
2876,233085.0000
2877,233085.0000
2878,233085.0000
2879,233085.0000
2880,233085.0000
2881,233085.0000
2882,233085.0000
2883,233085.0000
2884,233085.0000
2885,233085.0000
2886,233085.0000
2887,233085.0000
2888,233085.0000
2889,233085.0000
2890,233085.0000
2891,233085.0000
2892,233085.0000
2893,233085.0000
2894,233085.0000
2895,233085.0000
2896,233085.0000
2897,233085.0000
2898,233085.0000
2899,233085.0000
2900,233085.0000
2901,233085.0000
2902,233085.0000
2903,233085.0000
2904,233085.0000
2905,233085.0000
2906,233085.0000
2907,233085.0000
2908,233085.0000
2909,233085.0000
2910,233085.0000
2911,233085.0000
2912,233085.0000
2913,233085.0000
2914,233085.0000
2915,233085.0000
2916,233085.0000
2917,233085.0000
2918,233085.0000
2919,233085.0000
2920,233085.0000
2921,233085.0000
2922,233085.0000
2923,233085.0000
2924,233085.0000
2925,233085.0000
2926,233085.0000
2927,233085.0000
2928,233085.0000
2929,233085.0000
2930,233085.0000
2931,233085.0000
2932,233085.0000
2933,233085.0000
2934,233085.0000
2935,233085.0000
2936,233085.0000
2937,233085.0000
2938,233085.0000
2939,233085.0000
2940,233085.0000
2941,233085.0000
2942,233085.0000
2943,233085.0000
2944,233085.0000
2945,233085.0000
2946,233085.0000
2947,233085.0000
2948,233085.0000
2949,233085.0000
2950,233085.0000
2951,233085.0000
2952,233085.0000
2953,233085.0000
2954,233085.0000
2955,233085.0000
2956,233085.0000
2957,233085.0000
2958,233085.0000
2959,233085.0000
2960,233085.0000
2961,233085.0000
2962,233085.0000
2963,233085.0000
2964,233085.0000
2965,233085.0000
2966,233085.0000
2967,233085.0000
2968,233085.0000
2969,233085.0000
2970,233085.0000
2971,233085.0000
2972,233085.0000
2973,233085.0000
2974,233085.0000
2975,233085.0000
2976,233085.0000
2977,233085.0000
2978,233085.0000
2979,233085.0000
2980,233085.0000
2981,233085.0000
2982,233085.0000
2983,233085.0000
2984,233085.0000
2985,233085.0000
2986,233085.0000
2987,233085.0000
2988,233085.0000
2989,233085.0000
2990,233085.0000
2991,233085.0000
2992,233085.0000
2993,233085.0000
2994,233085.0000
2995,233085.0000
2996,233085.0000
2997,233085.0000
2998,233085.0000
2999,233085.0000
3000,233085.0000
3001,233085.0000
3002,233085.0000
3003,233085.0000
3004,233085.0000
3005,233085.0000
3006,233085.0000
3007,233085.0000
3008,233085.0000
3009,233085.0000
3010,233085.0000
3011,233085.0000
3012,233085.0000
3013,233085.0000
3014,233085.0000
3015,233085.0000
3016,233085.0000
3017,233085.0000
3018,233085.0000
3019,233085.0000
3020,233085.0000
3021,233085.0000
3022,233085.0000
3023,233085.0000
3024,233085.0000
3025,233085.0000
3026,233085.0000
3027,233085.0000
3028,233085.0000
3029,233085.0000
3030,233085.0000
3031,233085.0000
3032,233085.0000
3033,233085.0000
3034,233085.0000
3035,233085.0000
3036,233085.0000
3037,233085.0000
3038,233085.0000
3039,233085.0000
3040,233085.0000
3041,233085.0000
3042,233085.0000
3043,233085.0000
3044,233085.0000
3045,233085.0000
3046,233085.0000
3047,233085.0000
3048,233085.0000
3049,233085.0000
3050,233085.0000
3051,233085.0000
3052,233085.0000
3053,233085.0000
3054,233085.0000
3055,233085.0000
3056,233085.0000
3057,233085.0000
3058,233085.0000
3059,233085.0000
3060,233085.0000
3061,233085.0000
3062,233085.0000
3063,233085.0000
3064,233085.0000
3065,233085.0000
3066,233085.0000
3067,233085.0000
3068,233085.0000
3069,233085.0000
3070,233085.0000
3071,233085.0000
3072,233085.0000
3073,233085.0000
3074,233085.0000
3075,233085.0000
3076,233085.0000
3077,233085.0000
3078,233085.0000
3079,233085.0000
3080,233085.0000
3081,233085.0000
3082,233085.0000
3083,233085.0000
3084,233085.0000
3085,233085.0000
3086,233085.0000
3087,233085.0000
3088,233085.0000
3089,233085.0000
3090,233085.0000
3091,233085.0000
3092,233085.0000
3093,233085.0000
3094,233085.0000
3095,233085.0000
3096,233085.0000
3097,233085.0000
3098,233085.0000
3099,233085.0000
3100,233085.0000
3101,233085.0000
3102,233085.0000
3103,233085.0000
3104,233085.0000
3105,233085.0000
3106,233085.0000
3107,233085.0000
3108,233085.0000
3109,233085.0000
3110,233085.0000
3111,233085.0000
3112,233085.0000
3113,233085.0000
3114,233085.0000
3115,233085.0000
3116,233085.0000
3117,233085.0000
3118,233085.0000
3119,233085.0000
3120,233085.0000
3121,233085.0000
3122,233085.0000
3123,233085.0000
3124,233085.0000
3125,233085.0000
3126,233085.0000
3127,233085.0000
3128,233085.0000
3129,233085.0000
3130,233085.0000
3131,233085.0000
3132,233085.0000
3133,233085.0000
3134,233085.0000
3135,233085.0000
3136,233085.0000
3137,233085.0000
3138,233085.0000
3139,233085.0000
3140,233085.0000
3141,233085.0000
3142,233085.0000
3143,233085.0000
3144,233085.0000
3145,233085.0000
3146,233085.0000
3147,233085.0000
3148,233085.0000
3149,233085.0000
3150,233085.0000
3151,233085.0000
3152,233085.0000
3153,233085.0000
3154,233085.0000
3155,233085.0000
3156,233085.0000
3157,233085.0000
3158,233085.0000
3159,233085.0000
3160,233085.0000
3161,233085.0000
3162,233085.0000
3163,233085.0000
3164,233085.0000
3165,233085.0000
3166,233085.0000
3167,233085.0000
3168,233085.0000
3169,233085.0000
3170,233085.0000
3171,233085.0000
3172,233085.0000
3173,233085.0000
3174,233085.0000
3175,233085.0000
3176,233085.0000
3177,233085.0000
3178,233085.0000
3179,233085.0000
3180,233085.0000
3181,233085.0000
3182,233085.0000
3183,233085.0000
3184,233085.0000
3185,233085.0000
3186,233085.0000
3187,233085.0000
3188,233085.0000
3189,233085.0000
3190,233085.0000
3191,233085.0000
3192,233085.0000
3193,233085.0000
3194,233085.0000
3195,233085.0000
3196,233085.0000
3197,233085.0000
3198,233085.0000
3199,233085.0000
3200,233085.0000
3201,233085.0000
3202,233085.0000
3203,233085.0000
3204,233085.0000
3205,233085.0000
3206,233085.0000
3207,233085.0000
3208,233085.0000
3209,233085.0000
3210,233085.0000
3211,233085.0000
3212,233085.0000
3213,233085.0000
3214,233085.0000
3215,233085.0000
3216,233085.0000
3217,233085.0000
3218,233085.0000
3219,233085.0000
3220,233085.0000
3221,233085.0000
3222,233085.0000
3223,233085.0000
3224,233085.0000
3225,233085.0000
3226,233085.0000
3227,233085.0000
3228,233085.0000
3229,233085.0000
3230,233085.0000
3231,233085.0000
3232,233085.0000
3233,233085.0000
3234,233085.0000
3235,233085.0000
3236,233085.0000
3237,233085.0000
3238,233085.0000
3239,233085.0000
3240,233085.0000
3241,233085.0000
3242,233085.0000
3243,233085.0000
3244,233085.0000
3245,233085.0000
3246,233085.0000
3247,233085.0000
3248,233085.0000
3249,233085.0000
3250,233085.0000
3251,233085.0000
3252,233085.0000
3253,233085.0000
3254,233085.0000
3255,233085.0000
3256,233085.0000
3257,233085.0000
3258,233085.0000
3259,233085.0000
3260,233085.0000
3261,233085.0000
3262,233085.0000
3263,233085.0000
3264,233085.0000
3265,233085.0000
3266,233085.0000
3267,233085.0000
3268,233085.0000
3269,233085.0000
3270,233085.0000
3271,233085.0000
3272,233085.0000
3273,233085.0000
3274,233085.0000
3275,233085.0000
3276,233085.0000
3277,233085.0000
3278,233085.0000
3279,233085.0000
3280,233085.0000
3281,233085.0000
3282,233085.0000
3283,233085.0000
3284,233085.0000
3285,233085.0000
3286,233085.0000
3287,233085.0000
3288,233085.0000
3289,233085.0000
3290,233085.0000
3291,233085.0000
3292,233085.0000
3293,233085.0000
3294,233085.0000
3295,233085.0000
3296,233085.0000
3297,233085.0000
3298,233085.0000
3299,233085.0000
3300,233085.0000
3301,233085.0000
3302,233085.0000
3303,233085.0000
3304,233085.0000
3305,233085.0000
3306,233085.0000
3307,233085.0000
3308,233085.0000
3309,233085.0000
3310,233085.0000
3311,233085.0000
3312,233085.0000
3313,233085.0000
3314,233085.0000
3315,233085.0000
3316,233085.0000
3317,233085.0000
3318,233085.0000
3319,233085.0000
3320,233085.0000
3321,233085.0000
3322,233085.0000
3323,233085.0000
3324,233085.0000
3325,233085.0000
3326,233085.0000
3327,233085.0000
3328,233085.0000
3329,233085.0000
3330,233085.0000
3331,233085.0000
3332,233085.0000
3333,233085.0000
3334,233085.0000
3335,233085.0000
3336,233085.0000
3337,233085.0000
3338,233085.0000
3339,233085.0000
3340,233085.0000
3341,233085.0000
3342,233085.0000
3343,233085.0000
3344,233085.0000
3345,233085.0000
3346,233085.0000
3347,233085.0000
3348,233085.0000
3349,233085.0000
3350,233085.0000
3351,233085.0000
3352,233085.0000
3353,233085.0000
3354,233085.0000
3355,233085.0000
3356,233085.0000
3357,233085.0000
3358,233085.0000
3359,233085.0000
3360,233085.0000
3361,233085.0000
3362,233085.0000
3363,233085.0000
3364,233085.0000
3365,233085.0000
3366,233085.0000
3367,233085.0000
3368,233085.0000
3369,233085.0000
3370,233085.0000
3371,233085.0000
3372,233085.0000
3373,233085.0000
3374,233085.0000
3375,233085.0000
3376,233085.0000
3377,233085.0000
3378,233085.0000
3379,233085.0000
3380,233085.0000
3381,233085.0000
3382,233085.0000
3383,233085.0000
3384,233085.0000
3385,233085.0000
3386,233085.0000
3387,233085.0000
3388,233085.0000
3389,233085.0000
3390,233085.0000
3391,233085.0000
3392,233085.0000
3393,233085.0000
3394,233085.0000
3395,233085.0000
3396,233085.0000
3397,233085.0000
3398,233085.0000
3399,233085.0000
3400,233085.0000
3401,233085.0000
3402,233085.0000
3403,233085.0000
3404,233085.0000
3405,233085.0000
3406,233085.0000
3407,233085.0000
3408,233085.0000
3409,233085.0000
3410,233085.0000
3411,233085.0000
3412,233085.0000
3413,233085.0000
3414,233085.0000
3415,233085.0000
3416,233085.0000
3417,233085.0000
3418,233085.0000
3419,233085.0000
3420,233085.0000
3421,233085.0000
3422,233085.0000
3423,233085.0000
3424,233085.0000
3425,233085.0000
3426,233085.0000
3427,233085.0000
3428,233085.0000
3429,233085.0000
3430,233085.0000
3431,233085.0000
3432,233085.0000
3433,233085.0000
3434,233085.0000
3435,233085.0000
3436,233085.0000
3437,233085.0000
3438,233085.0000
3439,233085.0000
3440,233085.0000
3441,233085.0000
3442,233085.0000
3443,233085.0000
3444,233085.0000
3445,233085.0000
3446,233085.0000
3447,233085.0000
3448,233085.0000
3449,233085.0000
3450,233085.0000
3451,233085.0000
3452,233085.0000
3453,233085.0000
3454,233085.0000
3455,233085.0000
3456,233085.0000
3457,233085.0000
3458,233085.0000
3459,233085.0000
3460,233085.0000
3461,233085.0000
3462,233085.0000
3463,233085.0000
3464,233085.0000
3465,233085.0000
3466,233085.0000
3467,233085.0000
3468,233085.0000
3469,233085.0000
3470,233085.0000
3471,233085.0000
3472,233085.0000
3473,233085.0000
3474,233085.0000
3475,233085.0000
3476,233085.0000
3477,233085.0000
3478,233085.0000
3479,233085.0000
3480,233085.0000
3481,233085.0000
3482,233085.0000
3483,233085.0000
3484,233085.0000
3485,233085.0000
3486,233085.0000
3487,233085.0000
3488,233085.0000
3489,233085.0000
3490,233085.0000
3491,233085.0000
3492,233085.0000
3493,233085.0000
3494,233085.0000
3495,233085.0000
3496,233085.0000
3497,233085.0000
3498,233085.0000
3499,233085.0000
3500,233085.0000
3501,233085.0000
3502,233085.0000
3503,233085.0000
3504,233085.0000
3505,233085.0000
3506,233085.0000
3507,233085.0000
3508,233085.0000
3509,233085.0000
3510,233085.0000
3511,233085.0000
3512,233085.0000
3513,233085.0000
3514,233085.0000
3515,233085.0000
3516,233085.0000
3517,233085.0000
3518,233085.0000
3519,233085.0000
3520,233085.0000
3521,233085.0000
3522,233085.0000
3523,233085.0000
3524,233085.0000
3525,233085.0000
3526,233085.0000
3527,233085.0000
3528,233085.0000
3529,233085.0000
3530,233085.0000
3531,233085.0000
3532,233085.0000
3533,233085.0000
3534,233085.0000
3535,233085.0000
3536,233085.0000
3537,233085.0000
3538,233085.0000
3539,233085.0000
3540,233085.0000
3541,233085.0000
3542,233085.0000
3543,233085.0000
3544,233085.0000
3545,233085.0000
3546,233085.0000
3547,233085.0000
3548,233085.0000
3549,233085.0000
3550,233085.0000
3551,233085.0000
3552,233085.0000
3553,233085.0000
3554,233085.0000
3555,233085.0000
3556,233085.0000
3557,233085.0000
3558,233085.0000
3559,233085.0000
3560,233085.0000
3561,233085.0000
3562,233085.0000
3563,233085.0000
3564,233085.0000
3565,233085.0000
3566,233085.0000
3567,233085.0000
3568,233085.0000
3569,233085.0000
3570,233085.0000
3571,233085.0000
3572,233085.0000
3573,233085.0000
3574,233085.0000
3575,233085.0000
3576,233085.0000
3577,233085.0000
3578,233085.0000
3579,233085.0000
3580,233085.0000
3581,233085.0000
3582,233085.0000
3583,233085.0000
3584,233085.0000
3585,233085.0000
3586,233085.0000
3587,233085.0000
3588,233085.0000
3589,233085.0000
3590,233085.0000
3591,233085.0000
3592,233085.0000
3593,233085.0000
3594,233085.0000
3595,233085.0000
3596,233085.0000
3597,233085.0000
3598,233085.0000
3599,233085.0000
3600,233085.0000
3601,233085.0000
3602,233085.0000
3603,233085.0000
3604,233085.0000
3605,233085.0000
3606,233085.0000
3607,233085.0000
3608,233085.0000
3609,233085.0000
3610,233085.0000
3611,233085.0000
3612,233085.0000
3613,233085.0000
3614,233085.0000
3615,233085.0000
3616,233085.0000
3617,233085.0000
3618,233085.0000
3619,233085.0000
3620,233085.0000
3621,233085.0000
3622,233085.0000
3623,233085.0000
3624,233085.0000
3625,233085.0000
3626,233085.0000
3627,233085.0000
3628,233085.0000
3629,233085.0000
3630,233085.0000
3631,233085.0000
3632,233085.0000
3633,233085.0000
3634,233085.0000
3635,233085.0000
3636,233085.0000
3637,233085.0000
3638,233085.0000
3639,233085.0000
3640,233085.0000
3641,233085.0000
3642,233085.0000
3643,233085.0000
3644,233085.0000
3645,233085.0000
3646,233085.0000
3647,233085.0000
3648,233085.0000
3649,233085.0000
3650,233085.0000
3651,233085.0000
3652,233085.0000
3653,233085.0000
3654,233085.0000
3655,233085.0000
3656,233085.0000
3657,233085.0000
3658,233085.0000
3659,233085.0000
3660,233085.0000
3661,233085.0000
3662,233085.0000
3663,233085.0000
3664,233085.0000
3665,233085.0000
3666,233085.0000
3667,233085.0000
3668,233085.0000
3669,233085.0000
3670,233085.0000
3671,233085.0000
3672,233085.0000
3673,233085.0000
3674,233085.0000
3675,233085.0000
3676,233085.0000
3677,233085.0000
3678,233085.0000
3679,233085.0000
3680,233085.0000
3681,233085.0000
3682,233085.0000
3683,233085.0000
3684,233085.0000
3685,233085.0000
3686,233085.0000
3687,233085.0000
3688,233085.0000
3689,233085.0000
3690,233085.0000
3691,233085.0000
3692,233085.0000
3693,233085.0000
3694,233085.0000
3695,233085.0000
3696,233085.0000
3697,233085.0000
3698,233085.0000
3699,233085.0000
3700,233085.0000
3701,233085.0000
3702,233085.0000
3703,233085.0000
3704,233085.0000
3705,233085.0000
3706,233085.0000
3707,233085.0000
3708,233085.0000
3709,233085.0000
3710,233085.0000
3711,233085.0000
3712,233085.0000
3713,233085.0000
3714,233085.0000
3715,233085.0000
3716,233085.0000
3717,233085.0000
3718,233085.0000
3719,233085.0000
3720,233085.0000
3721,233085.0000
3722,233085.0000
3723,233085.0000
3724,233085.0000
3725,233085.0000
3726,233085.0000
3727,233085.0000
3728,232652.1000
3729,232652.1000
3730,232652.1000
3731,232652.1000
3732,232652.1000
3733,232652.1000
3734,232652.1000
3735,232652.1000
3736,232652.1000
3737,232652.1000
3738,232652.1000
3739,232652.1000
3740,232652.1000
3741,232652.1000
3742,232652.1000
3743,232652.1000
3744,232652.1000
3745,232652.1000
3746,232652.1000
3747,232652.1000
3748,232652.1000
3749,232652.1000
3750,232652.1000
3751,232652.1000
3752,232652.1000
3753,232652.1000
3754,232652.1000
3755,232652.1000
3756,232652.1000
3757,232652.1000
3758,232652.1000
3759,232652.1000
3760,232652.1000
3761,232652.1000
3762,232652.1000
3763,232652.1000
3764,232652.1000
3765,232652.1000
3766,232652.1000
3767,232652.1000
3768,232652.1000
3769,232652.1000
3770,232652.1000
3771,232652.1000
3772,232652.1000
3773,232652.1000
3774,232652.1000
3775,232652.1000
3776,232652.1000
3777,232652.1000
3778,232652.1000
3779,232652.1000
3780,232652.1000
3781,232652.1000
3782,232652.1000
3783,232652.1000
3784,232652.1000
3785,232652.1000
3786,232652.1000
3787,232652.1000
3788,232652.1000
3789,232652.1000
3790,232652.1000
3791,232652.1000
3792,232652.1000
3793,232652.1000
3794,232652.1000
3795,232652.1000
3796,232652.1000
3797,232652.1000
3798,232652.1000
3799,232652.1000
3800,232652.1000
3801,232652.1000
3802,232652.1000
3803,232652.1000
3804,232652.1000
3805,232652.1000
3806,232652.1000
3807,232652.1000
3808,232652.1000
3809,232652.1000
3810,232652.1000
3811,232652.1000
3812,232652.1000
3813,232652.1000
3814,232652.1000
3815,232652.1000
3816,232652.1000
3817,232652.1000
3818,232652.1000
3819,232652.1000
3820,232652.1000
3821,232652.1000
3822,232652.1000
3823,232652.1000
3824,232652.1000
3825,232652.1000
3826,232652.1000
3827,232652.1000
3828,232652.1000
3829,232652.1000
3830,232652.1000
3831,232652.1000
3832,232652.1000
3833,232652.1000
3834,232652.1000
3835,232652.1000
3836,232652.1000
3837,232652.1000
3838,232652.1000
3839,232652.1000
3840,232652.1000
3841,232652.1000
3842,232652.1000
3843,232652.1000
3844,232652.1000
3845,232652.1000
3846,232652.1000
3847,232652.1000
3848,232652.1000
3849,232652.1000
3850,232652.1000
3851,232652.1000
3852,232652.1000
3853,232652.1000
3854,232652.1000
3855,232652.1000
3856,232652.1000
3857,232652.1000
3858,232652.1000
3859,232652.1000
3860,232652.1000
3861,232652.1000
3862,232652.1000
3863,232652.1000
3864,232652.1000
3865,232652.1000
3866,232652.1000
3867,232652.1000
3868,232652.1000
3869,232652.1000
3870,232652.1000
3871,232652.1000
3872,232652.1000
3873,232652.1000
3874,232652.1000
3875,232652.1000
3876,232652.1000
3877,232652.1000
3878,232652.1000
3879,232652.1000
3880,232652.1000
3881,232652.1000
3882,232652.1000
3883,232652.1000
3884,232652.1000
3885,232652.1000
3886,232652.1000
3887,232652.1000
3888,232652.1000
3889,232652.1000
3890,232652.1000
3891,232652.1000
3892,232652.1000
3893,232652.1000
3894,232652.1000
3895,232652.1000
3896,232652.1000
3897,232652.1000
3898,232652.1000
3899,232652.1000
3900,232652.1000
3901,232652.1000
3902,232652.1000
3903,232652.1000
3904,232652.1000
3905,232652.1000
3906,232652.1000
3907,232652.1000
3908,232652.1000
3909,232652.1000
3910,232652.1000
3911,232652.1000
3912,232652.1000
3913,232652.1000
3914,232652.1000
3915,232652.1000
3916,232652.1000
3917,232652.1000
3918,232652.1000
3919,232652.1000
3920,232652.1000
3921,232652.1000
3922,232652.1000
3923,232652.1000
3924,232652.1000
3925,232652.1000
3926,232652.1000
3927,232652.1000
3928,232652.1000
3929,232652.1000
3930,232652.1000
3931,232652.1000
3932,232652.1000
3933,232652.1000
3934,232652.1000
3935,232652.1000
3936,232652.1000
3937,232652.1000
3938,232652.1000
3939,232652.1000
3940,232652.1000
3941,232652.1000
3942,232652.1000
3943,232652.1000
3944,232652.1000
3945,232652.1000
3946,232652.1000
3947,232652.1000
3948,232652.1000
3949,232652.1000
3950,232652.1000
3951,232652.1000
3952,232652.1000
3953,232652.1000
3954,232652.1000
3955,232652.1000
3956,232652.1000
3957,232652.1000
3958,232652.1000
3959,232652.1000
3960,232652.1000
3961,232652.1000
3962,232652.1000
3963,232652.1000
3964,232652.1000
3965,232652.1000
3966,232652.1000
3967,232652.1000
3968,232652.1000
3969,232652.1000
3970,232652.1000
3971,232652.1000
3972,232652.1000
3973,232652.1000
3974,232652.1000
3975,232652.1000
3976,232652.1000
3977,232652.1000
3978,232652.1000
3979,232652.1000
3980,232652.1000
3981,232652.1000
3982,232652.1000
3983,232652.1000
3984,232652.1000
3985,232652.1000
3986,232652.1000
3987,232652.1000
3988,232652.1000
3989,232652.1000
3990,232652.1000
3991,232652.1000
3992,232652.1000
3993,232652.1000
3994,232652.1000
3995,232652.1000
3996,232652.1000
3997,232652.1000
3998,232652.1000
3999,232652.1000
4000,232652.1000
4001,232652.1000
4002,232652.1000
4003,232652.1000
4004,232652.1000
4005,232652.1000
4006,232652.1000
4007,232652.1000
4008,232652.1000
4009,232652.1000
4010,232652.1000
4011,232652.1000
4012,232652.1000
4013,232652.1000
4014,232652.1000
4015,232652.1000
4016,232652.1000
4017,232652.1000
4018,232652.1000
4019,232652.1000
4020,232652.1000
4021,232652.1000
4022,232652.1000
4023,232652.1000
4024,232652.1000
4025,232652.1000
4026,232652.1000
4027,232652.1000
4028,232652.1000
4029,232652.1000
4030,232652.1000
4031,232652.1000
4032,232652.1000
4033,232652.1000
4034,232652.1000
4035,232652.1000
4036,232652.1000
4037,232652.1000
4038,232652.1000
4039,232652.1000
4040,232652.1000
4041,232652.1000
4042,232652.1000
4043,232652.1000
4044,232652.1000
4045,232652.1000
4046,232652.1000
4047,232652.1000
4048,232652.1000
4049,232652.1000
4050,232652.1000
4051,232652.1000
4052,232652.1000
4053,232652.1000
4054,232652.1000
4055,232652.1000
4056,232652.1000
4057,232652.1000
4058,232652.1000
4059,232652.1000
4060,232652.1000
4061,232652.1000
4062,232652.1000
4063,232652.1000
4064,232652.1000
4065,232652.1000
4066,232652.1000
4067,232652.1000
4068,232652.1000
4069,232652.1000
4070,232652.1000
4071,232652.1000
4072,232652.1000
4073,232652.1000
4074,232652.1000
4075,232652.1000
4076,232652.1000
4077,232652.1000
4078,232652.1000
4079,232652.1000
4080,232652.1000
4081,232652.1000
4082,232652.1000
4083,232652.1000
4084,232652.1000
4085,232652.1000
4086,232652.1000
4087,232652.1000
4088,232652.1000
4089,232652.1000
4090,232652.1000
4091,232652.1000
4092,232652.1000
4093,232652.1000
4094,232652.1000
4095,232652.1000
4096,232652.1000
4097,232652.1000
4098,232652.1000
4099,232652.1000
4100,232652.1000
4101,232652.1000
4102,232652.1000
4103,232652.1000
4104,232652.1000
4105,232652.1000
4106,232652.1000
4107,232652.1000
4108,232652.1000
4109,232652.1000
4110,232652.1000
4111,232652.1000
4112,232652.1000
4113,232652.1000
4114,232652.1000
4115,232652.1000
4116,232652.1000
4117,232652.1000
4118,232652.1000
4119,232652.1000
4120,232652.1000
4121,232652.1000
4122,232652.1000
4123,232652.1000
4124,232652.1000
4125,232652.1000
4126,232652.1000
4127,232652.1000
4128,232652.1000
4129,232652.1000
4130,232652.1000
4131,232652.1000
4132,232652.1000
4133,232652.1000
4134,232652.1000
4135,232652.1000
4136,232652.1000
4137,232652.1000
4138,232652.1000
4139,232652.1000
4140,232652.1000
4141,232652.1000
4142,232652.1000
4143,232652.1000
4144,232652.1000
4145,232652.1000
4146,232652.1000
4147,232652.1000
4148,232652.1000
4149,232652.1000
4150,232652.1000
4151,232652.1000
4152,232652.1000
4153,232652.1000
4154,232652.1000
4155,232652.1000
4156,232652.1000
4157,232652.1000
4158,232652.1000
4159,232652.1000
4160,232652.1000
4161,232652.1000
4162,232652.1000
4163,232652.1000
4164,232652.1000
4165,232652.1000
4166,232652.1000
4167,232652.1000
4168,232652.1000
4169,232652.1000
4170,232652.1000
4171,232652.1000
4172,232652.1000
4173,232652.1000
4174,232652.1000
4175,232652.1000
4176,232652.1000
4177,232652.1000
4178,232652.1000
4179,232652.1000
4180,232652.1000
4181,232652.1000
4182,232652.1000
4183,232652.1000
4184,232652.1000
4185,232652.1000
4186,232652.1000
4187,232652.1000
4188,232652.1000
4189,232652.1000
4190,232652.1000
4191,232652.1000
4192,232652.1000
4193,232652.1000
4194,232652.1000
4195,232652.1000
4196,232652.1000
4197,232652.1000
4198,232652.1000
4199,232652.1000
4200,232652.1000
4201,232652.1000
4202,232652.1000
4203,232652.1000
4204,232652.1000
4205,232652.1000
4206,232652.1000
4207,232652.1000
4208,232652.1000
4209,232652.1000
4210,232652.1000
4211,232652.1000
4212,232652.1000
4213,232652.1000
4214,232652.1000
4215,232652.1000
4216,232652.1000
4217,232652.1000
4218,232652.1000
4219,232652.1000
4220,232652.1000
4221,232652.1000
4222,232652.1000
4223,232652.1000
4224,232652.1000
4225,232652.1000
4226,232652.1000
4227,232652.1000
4228,232652.1000
4229,232652.1000
4230,232652.1000
4231,232652.1000
4232,232652.1000
4233,232652.1000
4234,232652.1000
4235,232652.1000
4236,232652.1000
4237,232652.1000
4238,232652.1000
4239,232652.1000
4240,232652.1000
4241,232652.1000
4242,232652.1000
4243,232652.1000
4244,232652.1000
4245,232652.1000
4246,232652.1000
4247,232652.1000
4248,232652.1000
4249,232652.1000
4250,232652.1000
4251,232652.1000
4252,232652.1000
4253,232652.1000
4254,232652.1000
4255,232652.1000
4256,232652.1000
4257,232652.1000
4258,232652.1000
4259,232652.1000
4260,232652.1000
4261,232652.1000
4262,232652.1000
4263,232652.1000
4264,232652.1000
4265,232652.1000
4266,232652.1000
4267,232652.1000
4268,232652.1000
4269,232652.1000
4270,232652.1000
4271,232652.1000
4272,232652.1000
4273,232652.1000
4274,232652.1000
4275,232652.1000
4276,232652.1000
4277,232652.1000
4278,232652.1000
4279,232652.1000
4280,232652.1000
4281,232652.1000
4282,232652.1000
4283,232652.1000
4284,232652.1000
4285,232652.1000
4286,232652.1000
4287,232652.1000
4288,232652.1000
4289,232652.1000
4290,232652.1000
4291,232652.1000
4292,232652.1000
4293,232652.1000
4294,232652.1000
4295,232652.1000
4296,232652.1000
4297,232652.1000
4298,232652.1000
4299,232652.1000
4300,232652.1000
4301,232652.1000
4302,232652.1000
4303,232652.1000
4304,232652.1000
4305,232652.1000
4306,232652.1000
4307,232652.1000
4308,232652.1000
4309,232652.1000
4310,232652.1000
4311,232652.1000
4312,232652.1000
4313,232652.1000
4314,232652.1000
4315,232652.1000
4316,232652.1000
4317,232652.1000
4318,232652.1000
4319,232652.1000
4320,232652.1000
4321,232652.1000
4322,232652.1000
4323,232652.1000
4324,232652.1000
4325,232652.1000
4326,232652.1000
4327,232652.1000
4328,232652.1000
4329,232652.1000
4330,232652.1000
4331,232652.1000
4332,232652.1000
4333,232652.1000
4334,232652.1000
4335,232652.1000
4336,232652.1000
4337,232652.1000
4338,232652.1000
4339,232652.1000
4340,232652.1000
4341,232652.1000
4342,232652.1000
4343,232652.1000
4344,232652.1000
4345,232652.1000
4346,232652.1000
4347,232652.1000
4348,232652.1000
4349,232652.1000
4350,232652.1000
4351,232652.1000
4352,232652.1000
4353,232652.1000
4354,232652.1000
4355,232652.1000
4356,232652.1000
4357,232652.1000
4358,232652.1000
4359,232652.1000
4360,232652.1000
4361,232652.1000
4362,232652.1000
4363,232652.1000
4364,232652.1000
4365,232652.1000
4366,232652.1000
4367,232652.1000
4368,232652.1000
4369,232652.1000
4370,232652.1000
4371,232652.1000
4372,232652.1000
4373,232652.1000
4374,232652.1000
4375,232652.1000
4376,232652.1000
4377,232652.1000
4378,232652.1000
4379,232652.1000
4380,232652.1000
4381,232652.1000
4382,232652.1000
4383,232652.1000
4384,232652.1000
4385,232652.1000
4386,232652.1000
4387,232652.1000
4388,232652.1000
4389,232652.1000
4390,232652.1000
4391,232652.1000
4392,232652.1000
4393,232652.1000
4394,232652.1000
4395,232652.1000
4396,232652.1000
4397,232652.1000
4398,232652.1000
4399,232652.1000
4400,232652.1000
4401,232652.1000
4402,232652.1000
4403,232652.1000
4404,232652.1000
4405,232652.1000
4406,232652.1000
4407,232652.1000
4408,232652.1000
4409,232652.1000
4410,232652.1000
4411,232652.1000
4412,232652.1000
4413,232652.1000
4414,232652.1000
4415,232652.1000
4416,232652.1000
4417,232652.1000
4418,232652.1000
4419,232652.1000
4420,232652.1000
4421,232652.1000
4422,232652.1000
4423,232652.1000
4424,232652.1000
4425,232652.1000
4426,232652.1000
4427,232652.1000
4428,232652.1000
4429,232652.1000
4430,232652.1000
4431,232652.1000
4432,232652.1000
4433,232652.1000
4434,232652.1000
4435,232652.1000
4436,232652.1000
4437,232652.1000
4438,232652.1000
4439,232652.1000
4440,232652.1000
4441,232652.1000
4442,232652.1000
4443,232652.1000
4444,232652.1000
4445,232652.1000
4446,232652.1000
4447,232652.1000
4448,232652.1000
4449,232652.1000
4450,232652.1000
4451,232652.1000
4452,232652.1000
4453,232652.1000
4454,232652.1000
4455,232652.1000
4456,232652.1000
4457,232652.1000
4458,232652.1000
4459,232652.1000
4460,232652.1000
4461,232652.1000
4462,232652.1000
4463,232652.1000
4464,232652.1000
4465,232652.1000
4466,232652.1000
4467,232652.1000
4468,232652.1000
4469,232652.1000
4470,232652.1000
4471,232652.1000
4472,232652.1000
4473,232652.1000
4474,232652.1000
4475,232652.1000
4476,232652.1000
4477,232652.1000
4478,232652.1000
4479,232652.1000
4480,232652.1000
4481,232652.1000
4482,232652.1000
4483,232652.1000
4484,232652.1000
4485,232652.1000
4486,232652.1000
4487,232652.1000
4488,232652.1000
4489,232652.1000
4490,232652.1000
4491,232652.1000
4492,232652.1000
4493,232652.1000
4494,232652.1000
4495,232652.1000
4496,232652.1000
4497,232652.1000
4498,232652.1000
4499,232652.1000
4500,232652.1000
4501,232652.1000
4502,232652.1000
4503,232652.1000
4504,232652.1000
4505,232652.1000
4506,232652.1000
4507,232652.1000
4508,232652.1000
4509,232652.1000
4510,232652.1000
4511,232652.1000
4512,232652.1000
4513,232652.1000
4514,232652.1000
4515,232652.1000
4516,232652.1000
4517,232652.1000
4518,232652.1000
4519,232652.1000
4520,232652.1000
4521,232652.1000
4522,232652.1000
4523,232652.1000
4524,232652.1000
4525,232652.1000
4526,232652.1000
4527,232652.1000
4528,232652.1000
4529,232652.1000
4530,232652.1000
4531,232652.1000
4532,232652.1000
4533,232652.1000
4534,232652.1000
4535,232652.1000
4536,232652.1000
4537,232652.1000
4538,232652.1000
4539,232652.1000
4540,232652.1000
4541,232652.1000
4542,232652.1000
4543,232652.1000
4544,232652.1000
4545,232652.1000
4546,232652.1000
4547,232652.1000
4548,232652.1000
4549,232652.1000
4550,232652.1000
4551,232652.1000
4552,232652.1000
4553,232652.1000
4554,232652.1000
4555,232652.1000
4556,232652.1000
4557,232652.1000
4558,232652.1000
4559,232652.1000
4560,232652.1000
4561,232652.1000
4562,232652.1000
4563,232652.1000
4564,232652.1000
4565,232652.1000
4566,232652.1000
4567,232652.1000
4568,232652.1000
4569,232652.1000
4570,232652.1000
4571,232652.1000
4572,232652.1000
4573,232652.1000
4574,232652.1000
4575,232652.1000
4576,232652.1000
4577,232652.1000
4578,232652.1000
4579,232652.1000
4580,232652.1000
4581,232652.1000
4582,232652.1000
4583,232652.1000
4584,232652.1000
4585,232652.1000
4586,232652.1000
4587,232652.1000
4588,232652.1000
4589,232652.1000
4590,232652.1000
4591,232652.1000
4592,232652.1000
4593,232652.1000
4594,232652.1000
4595,232652.1000
4596,232652.1000
4597,232652.1000
4598,232652.1000
4599,232652.1000
4600,232652.1000
4601,232652.1000
4602,232652.1000
4603,232652.1000
4604,232652.1000
4605,232652.1000
4606,232652.1000
4607,232652.1000
4608,232652.1000
4609,232652.1000
4610,232652.1000
4611,232652.1000
4612,232652.1000
4613,232652.1000
4614,232652.1000
4615,232652.1000
4616,232652.1000
4617,232652.1000
4618,232652.1000
4619,232652.1000
4620,232652.1000
4621,232652.1000
4622,232652.1000
4623,232652.1000
4624,232652.1000
4625,232652.1000
4626,232652.1000
4627,232652.1000
4628,232652.1000
4629,232652.1000
4630,232652.1000
4631,232652.1000
4632,232652.1000
4633,232652.1000
4634,232652.1000
4635,232652.1000
4636,232652.1000
4637,232652.1000
4638,232652.1000
4639,232652.1000
4640,232652.1000
4641,232652.1000
4642,232652.1000
4643,232652.1000
4644,232652.1000
4645,232652.1000
4646,232652.1000
4647,232652.1000
4648,232652.1000
4649,232652.1000
4650,232652.1000
4651,232652.1000
4652,232652.1000
4653,232652.1000
4654,232652.1000
4655,232652.1000
4656,232652.1000
4657,232652.1000
4658,232652.1000
4659,232652.1000
4660,232652.1000
4661,232652.1000
4662,232652.1000
4663,232652.1000
4664,232652.1000
4665,232652.1000
4666,232652.1000
4667,232652.1000
4668,232652.1000
4669,232652.1000
4670,232652.1000
4671,232652.1000
4672,232652.1000
4673,232652.1000
4674,232652.1000
4675,232652.1000
4676,232652.1000
4677,232652.1000
4678,232652.1000
4679,232652.1000
4680,232652.1000
4681,232652.1000
4682,232652.1000
4683,232652.1000
4684,232652.1000
4685,232652.1000
4686,232652.1000
4687,232652.1000
4688,232652.1000
4689,232652.1000
4690,232652.1000
4691,232652.1000
4692,232652.1000
4693,232652.1000
4694,232652.1000
4695,232652.1000
4696,232652.1000
4697,232652.1000
4698,232652.1000
4699,232652.1000
4700,232652.1000
4701,232652.1000
4702,232652.1000
4703,232652.1000
4704,232652.1000
4705,232652.1000
4706,232652.1000
4707,232652.1000
4708,232652.1000
4709,232652.1000
4710,232652.1000
4711,232652.1000
4712,232652.1000
4713,232652.1000
4714,232652.1000
4715,232652.1000
4716,232652.1000
4717,232652.1000
4718,232652.1000
4719,232652.1000
4720,232652.1000
4721,232652.1000
4722,232652.1000
4723,232652.1000
4724,232652.1000
4725,232652.1000
4726,232652.1000
4727,232652.1000
4728,232652.1000
4729,232652.1000
4730,232652.1000
4731,232652.1000
4732,232652.1000
4733,232652.1000
4734,232652.1000
4735,232652.1000
4736,232652.1000
4737,232652.1000
4738,232652.1000
4739,232652.1000
4740,232652.1000
4741,232652.1000
4742,232652.1000
4743,232652.1000
4744,232652.1000
4745,232652.1000
4746,232652.1000
4747,232652.1000
4748,232652.1000
4749,232652.1000
4750,232652.1000
4751,232652.1000
4752,232652.1000
4753,232652.1000
4754,232652.1000
4755,232652.1000
4756,232652.1000
4757,232652.1000
4758,232652.1000
4759,232652.1000
4760,232652.1000
4761,232652.1000
4762,232652.1000
4763,232652.1000
4764,232652.1000
4765,232652.1000
4766,232652.1000
4767,232652.1000
4768,232652.1000
4769,232652.1000
4770,232652.1000
4771,232652.1000
4772,232652.1000
4773,232652.1000
4774,232652.1000
4775,232652.1000
4776,232652.1000
4777,232652.1000
4778,232652.1000
4779,232652.1000
4780,232652.1000
4781,232652.1000
4782,232652.1000
4783,232652.1000
4784,232652.1000
4785,232652.1000
4786,232652.1000
4787,232652.1000
4788,232652.1000
4789,232652.1000
4790,232652.1000
4791,232652.1000
4792,232652.1000
4793,232652.1000
4794,232652.1000
4795,232652.1000
4796,232652.1000
4797,232652.1000
4798,232652.1000
4799,232652.1000
4800,232652.1000
4801,232652.1000
4802,232652.1000
4803,232652.1000
4804,232652.1000
4805,232652.1000
4806,232652.1000
4807,232652.1000
4808,232652.1000
4809,232652.1000
4810,232652.1000
4811,232652.1000
4812,232652.1000
4813,232652.1000
4814,232652.1000
4815,232652.1000
4816,232652.1000
4817,232652.1000
4818,232652.1000
4819,232652.1000
4820,232652.1000
4821,232652.1000
4822,232652.1000
4823,232652.1000
4824,232652.1000
4825,232652.1000
4826,232652.1000
4827,232652.1000
4828,232652.1000
4829,232652.1000
4830,232652.1000
4831,232652.1000
4832,232652.1000
4833,232652.1000
4834,232652.1000
4835,232652.1000
4836,232652.1000
4837,232652.1000
4838,232652.1000
4839,232652.1000
4840,232652.1000
4841,232652.1000
4842,232652.1000
4843,232652.1000
4844,232652.1000
4845,232652.1000
4846,232652.1000
4847,232652.1000
4848,232652.1000
4849,232652.1000
4850,232652.1000
4851,232652.1000
4852,232652.1000
4853,232652.1000
4854,232652.1000
4855,232652.1000
4856,232652.1000
4857,232652.1000
4858,232652.1000
4859,232652.1000
4860,232652.1000
4861,232652.1000
4862,232652.1000
4863,232652.1000
4864,232652.1000
4865,232652.1000
4866,232652.1000
4867,232652.1000
4868,232652.1000
4869,232652.1000
4870,232652.1000
4871,232652.1000
4872,232652.1000
4873,232652.1000
4874,232652.1000
4875,232652.1000
4876,232652.1000
4877,232652.1000
4878,232652.1000
4879,232652.1000
4880,232652.1000
4881,232652.1000
4882,232652.1000
4883,232652.1000
4884,232652.1000
4885,232652.1000
4886,232652.1000
4887,232652.1000
4888,232652.1000
4889,232652.1000
4890,232652.1000
4891,232652.1000
4892,232652.1000
4893,232652.1000
4894,232652.1000
4895,232652.1000
4896,232652.1000
4897,232652.1000
4898,232652.1000
4899,232652.1000
4900,232652.1000
4901,232652.1000
4902,232652.1000
4903,232652.1000
4904,232652.1000
4905,232652.1000
4906,232652.1000
4907,232652.1000
4908,232652.1000
4909,232652.1000
4910,232652.1000
4911,232652.1000
4912,232652.1000
4913,232652.1000
4914,232652.1000
4915,232652.1000
4916,232652.1000
4917,232652.1000
4918,232652.1000
4919,232652.1000
4920,232652.1000
4921,232652.1000
4922,232652.1000
4923,232652.1000
4924,232652.1000
4925,232652.1000
4926,232652.1000
4927,232652.1000
4928,232652.1000
4929,232652.1000
4930,232652.1000
4931,232652.1000
4932,232652.1000
4933,232652.1000
4934,232652.1000
4935,232652.1000
4936,232652.1000
4937,232652.1000
4938,232652.1000
4939,232652.1000
4940,232652.1000
4941,232652.1000
4942,232652.1000
4943,232652.1000
4944,232652.1000
4945,232652.1000
4946,232652.1000
4947,232652.1000
4948,232652.1000
4949,232652.1000
4950,232652.1000
4951,232652.1000
4952,232652.1000
4953,232652.1000
4954,232652.1000
4955,232652.1000
4956,232652.1000
4957,232652.1000
4958,232652.1000
4959,232652.1000
4960,232652.1000
4961,232652.1000
4962,232652.1000
4963,232652.1000
4964,232652.1000
4965,232652.1000
4966,232652.1000
4967,232652.1000
4968,232652.1000
4969,232652.1000
4970,232652.1000
4971,232652.1000
4972,232652.1000
4973,232652.1000
4974,232652.1000
4975,232652.1000
4976,232652.1000
4977,232652.1000
4978,232652.1000
4979,232652.1000
4980,232652.1000
4981,232652.1000
4982,232652.1000
4983,232652.1000
4984,232652.1000
4985,232652.1000
4986,232652.1000
4987,232652.1000
4988,232652.1000
4989,232652.1000
4990,232652.1000
4991,232652.1000
4992,232652.1000
4993,232652.1000
4994,232652.1000
4995,232652.1000
4996,232652.1000
4997,232652.1000
4998,232652.1000
4999,232652.1000
5000,232652.1000
5001,232652.1000
5002,232652.1000
5003,232652.1000
5004,232652.1000
5005,232652.1000
5006,232652.1000
5007,232652.1000
5008,232652.1000
5009,232652.1000
5010,232652.1000
5011,232652.1000
5012,232652.1000
5013,232652.1000
5014,232652.1000
5015,232652.1000
5016,232652.1000
5017,232652.1000
5018,232652.1000
5019,232652.1000
5020,232652.1000
5021,232652.1000
5022,232652.1000
5023,232652.1000
5024,232652.1000
5025,232652.1000
5026,232652.1000
5027,232652.1000
5028,232652.1000
5029,232652.1000
5030,232652.1000
5031,232652.1000
5032,232652.1000
5033,232652.1000
5034,232652.1000
5035,232652.1000
5036,232652.1000
5037,232652.1000
5038,232652.1000
5039,232652.1000
5040,232652.1000
5041,232652.1000
5042,232652.1000
5043,232652.1000
5044,232652.1000
5045,232652.1000
5046,232652.1000
5047,232652.1000
5048,232652.1000
5049,232652.1000
5050,232652.1000
5051,232652.1000
5052,232652.1000
5053,232652.1000
5054,232652.1000
5055,232652.1000
5056,232652.1000
5057,232652.1000
5058,232652.1000
5059,232652.1000
5060,232652.1000
5061,232652.1000
5062,232652.1000
5063,232652.1000
5064,232652.1000
5065,232652.1000
5066,232652.1000
5067,232652.1000
5068,232652.1000
5069,232652.1000
5070,232652.1000
5071,232652.1000
5072,232652.1000
5073,232652.1000
5074,232652.1000
5075,232652.1000
5076,232652.1000
5077,232652.1000
5078,232652.1000
5079,232652.1000
5080,232652.1000
5081,232652.1000
5082,232652.1000
5083,232652.1000
5084,232652.1000
5085,232652.1000
5086,232652.1000
5087,232652.1000
5088,232652.1000
5089,232652.1000
5090,232652.1000
5091,232652.1000
5092,232652.1000
5093,232652.1000
5094,232652.1000
5095,232652.1000
5096,232652.1000
5097,232652.1000
5098,232652.1000
5099,232652.1000
5100,232652.1000
5101,232652.1000
5102,232652.1000
5103,232652.1000
5104,232652.1000
5105,232652.1000
5106,232652.1000
5107,232652.1000
5108,232652.1000
5109,232652.1000
5110,232652.1000
5111,232652.1000
5112,232652.1000
5113,232652.1000
5114,232652.1000
5115,232652.1000
5116,232652.1000
5117,232652.1000
5118,232652.1000
5119,232652.1000
5120,232652.1000
5121,232652.1000
5122,232652.1000
5123,232652.1000
5124,232652.1000
5125,232652.1000
5126,232652.1000
5127,232652.1000
5128,232652.1000
5129,232652.1000
5130,232652.1000
5131,232652.1000
5132,232652.1000
5133,232652.1000
5134,232652.1000
5135,232652.1000
5136,232652.1000
5137,232652.1000
5138,232652.1000
5139,232652.1000
5140,232652.1000
5141,232652.1000
5142,232652.1000
5143,232652.1000
5144,232652.1000
5145,232652.1000
5146,232652.1000
5147,232652.1000
5148,232652.1000
5149,232652.1000
5150,232652.1000
5151,232652.1000
5152,232652.1000
5153,232652.1000
5154,232652.1000
5155,232652.1000
5156,232652.1000
5157,232652.1000
5158,232652.1000
5159,232652.1000
5160,232652.1000
5161,232652.1000
5162,232652.1000
5163,232652.1000
5164,232652.1000
5165,232652.1000
5166,232652.1000
5167,232652.1000
5168,232652.1000
5169,232652.1000
5170,232652.1000
5171,232652.1000
5172,232652.1000
5173,232652.1000
5174,232652.1000
5175,232652.1000
5176,232652.1000
5177,232652.1000
5178,232652.1000
5179,232652.1000
5180,232652.1000
5181,232652.1000
5182,232652.1000
5183,232652.1000
5184,232652.1000
5185,232652.1000
5186,232652.1000
5187,232652.1000
5188,232652.1000
5189,232652.1000
5190,232652.1000
5191,232652.1000
5192,232652.1000
5193,232652.1000
5194,232652.1000
5195,232652.1000
5196,232652.1000
5197,232652.1000
5198,232652.1000
5199,232652.1000
5200,232652.1000
5201,232652.1000
5202,232652.1000
5203,232652.1000
5204,232652.1000
5205,232652.1000
5206,232652.1000
5207,232652.1000
5208,232652.1000
5209,232652.1000
5210,232652.1000
5211,232652.1000
5212,232652.1000
5213,232652.1000
5214,232652.1000
5215,232652.1000
5216,232652.1000
5217,232652.1000
5218,232652.1000
5219,232652.1000
5220,232652.1000
5221,232652.1000
5222,232652.1000
5223,232652.1000
5224,232652.1000
5225,232652.1000
5226,232652.1000
5227,232652.1000
5228,232652.1000
5229,232652.1000
5230,232652.1000
5231,232652.1000
5232,232652.1000
5233,232652.1000
5234,232652.1000
5235,232652.1000
5236,232652.1000
5237,232652.1000
5238,232652.1000
5239,232652.1000
5240,232652.1000
5241,232652.1000
5242,232652.1000
5243,232652.1000
5244,232652.1000
5245,232652.1000
5246,232652.1000
5247,232652.1000
5248,232652.1000
5249,232652.1000
5250,232652.1000
5251,232652.1000
5252,232652.1000
5253,232652.1000
5254,232652.1000
5255,232652.1000
5256,232652.1000
5257,232652.1000
5258,232652.1000
5259,232652.1000
5260,232652.1000
5261,232652.1000
5262,232652.1000
5263,232652.1000
5264,232652.1000
5265,232652.1000
5266,232652.1000
5267,232652.1000
5268,232652.1000
5269,232652.1000
5270,232652.1000
5271,232652.1000
5272,232652.1000
5273,232652.1000
5274,232652.1000
5275,232652.1000
5276,232652.1000
5277,232652.1000
5278,232652.1000
5279,232652.1000
5280,232652.1000
5281,232652.1000
5282,232652.1000
5283,232652.1000
5284,232652.1000
5285,232652.1000
5286,232652.1000
5287,232652.1000
5288,232652.1000
5289,232652.1000
5290,232652.1000
5291,232652.1000
5292,232652.1000
5293,232652.1000
5294,232652.1000
5295,232652.1000
5296,232652.1000
5297,232652.1000
5298,232652.1000
5299,232652.1000
5300,232652.1000
5301,232652.1000
5302,232652.1000
5303,232652.1000
5304,232652.1000
5305,232652.1000
5306,232652.1000
5307,232652.1000
5308,232652.1000
5309,232652.1000
5310,232652.1000
5311,232652.1000
5312,232652.1000
5313,232652.1000
5314,232652.1000
5315,232652.1000
5316,232652.1000
5317,232652.1000
5318,232652.1000
5319,232652.1000
5320,232652.1000
5321,232652.1000
5322,232652.1000
5323,232652.1000
5324,232652.1000
5325,232652.1000
5326,232652.1000
5327,232652.1000
5328,232652.1000
5329,232652.1000
5330,232652.1000
5331,232652.1000
5332,232652.1000
5333,232652.1000
5334,232652.1000
5335,232652.1000
5336,232652.1000
5337,232652.1000
5338,232652.1000
5339,232652.1000
5340,232652.1000
5341,232652.1000
5342,232652.1000
5343,232652.1000
5344,232652.1000
5345,232652.1000
5346,232652.1000
5347,232652.1000
5348,232652.1000
5349,232652.1000
5350,232652.1000
5351,232652.1000
5352,232652.1000
5353,232652.1000
5354,232652.1000
5355,232652.1000
5356,232652.1000
5357,232652.1000
5358,232652.1000
5359,232652.1000
5360,232652.1000
5361,232652.1000
5362,232652.1000
5363,232652.1000
5364,232652.1000
5365,232652.1000
5366,232652.1000
5367,232652.1000
5368,232652.1000
5369,232652.1000
5370,232652.1000
5371,232652.1000
5372,232652.1000
5373,232652.1000
5374,232652.1000
5375,232652.1000
5376,232652.1000
5377,232652.1000
5378,232652.1000
5379,232652.1000
5380,232652.1000
5381,232652.1000
5382,232652.1000
5383,232652.1000
5384,232652.1000
5385,232652.1000
5386,232652.1000
5387,232652.1000
5388,232652.1000
5389,232652.1000
5390,232652.1000
5391,232652.1000
5392,232652.1000
5393,232652.1000
5394,232652.1000
5395,232652.1000
5396,232652.1000
5397,232652.1000
5398,232652.1000
5399,232652.1000
5400,232652.1000
5401,232652.1000
5402,232652.1000
5403,232652.1000
5404,232652.1000
5405,232652.1000
5406,232652.1000
5407,232652.1000
5408,232652.1000
5409,232652.1000
5410,232652.1000
5411,232652.1000
5412,232652.1000
5413,232652.1000
5414,232652.1000
5415,232652.1000
5416,232652.1000
5417,232652.1000
5418,232652.1000
5419,232652.1000
5420,232652.1000
5421,232652.1000
5422,232652.1000
5423,232652.1000
5424,232652.1000
5425,232652.1000
5426,232652.1000
5427,232652.1000
5428,232652.1000
5429,232652.1000
5430,232652.1000
5431,232652.1000
5432,232652.1000
5433,232652.1000
5434,232652.1000
5435,232652.1000
5436,232652.1000
5437,232652.1000
5438,232652.1000
5439,232652.1000
5440,232652.1000
5441,232652.1000
5442,232652.1000
5443,232652.1000
5444,232652.1000
5445,232652.1000
5446,232652.1000
5447,232652.1000
5448,232652.1000
5449,232652.1000
5450,232652.1000
5451,232652.1000
5452,232652.1000
5453,232652.1000
5454,232652.1000
5455,232652.1000
5456,232652.1000
5457,232652.1000
5458,232652.1000
5459,232652.1000
5460,232652.1000
5461,232652.1000
5462,232652.1000
5463,232652.1000
5464,232652.1000
5465,232652.1000
5466,232652.1000
5467,232652.1000
5468,232652.1000
5469,232652.1000
5470,232652.1000
5471,232652.1000
5472,232652.1000
5473,232652.1000
5474,232652.1000
5475,232652.1000
5476,232652.1000
5477,232652.1000
5478,232652.1000
5479,232652.1000
5480,232652.1000
5481,232652.1000
5482,232652.1000
5483,232652.1000
5484,232652.1000
5485,232652.1000
5486,232652.1000
5487,232652.1000
5488,232652.1000
5489,232652.1000
5490,232652.1000
5491,232652.1000
5492,232652.1000
5493,232652.1000
5494,232652.1000
5495,232652.1000
5496,232652.1000
5497,232652.1000
5498,232652.1000
5499,232652.1000
5500,232652.1000
5501,232652.1000
5502,232652.1000
5503,232652.1000
5504,232652.1000
5505,232652.1000
5506,232652.1000
5507,232652.1000
5508,232652.1000
5509,232652.1000
5510,232652.1000
5511,232652.1000
5512,232652.1000
5513,232652.1000
5514,232652.1000
5515,232652.1000
5516,232652.1000
5517,232652.1000
5518,232652.1000
5519,232652.1000
5520,232652.1000
5521,232652.1000
5522,232652.1000
5523,232652.1000
5524,232652.1000
5525,232652.1000
5526,232652.1000
5527,232652.1000
5528,232652.1000
5529,232652.1000
5530,232652.1000
5531,232652.1000
5532,232652.1000
5533,232652.1000
5534,232652.1000
5535,232652.1000
5536,232652.1000
5537,232652.1000
5538,232652.1000
5539,232652.1000
5540,232652.1000
5541,232652.1000
5542,232652.1000
5543,232652.1000
5544,232652.1000
5545,232652.1000
5546,232652.1000
5547,232652.1000
5548,232652.1000
5549,232652.1000
5550,232652.1000
5551,232652.1000
5552,232652.1000
5553,232652.1000
5554,232652.1000
5555,232652.1000
5556,232652.1000
5557,232652.1000
5558,232652.1000
5559,232652.1000
5560,232652.1000
5561,232652.1000
5562,232652.1000
5563,232652.1000
5564,232652.1000
5565,232652.1000
5566,232652.1000
5567,232652.1000
5568,232652.1000
5569,232652.1000
5570,232652.1000
5571,232652.1000
5572,232652.1000
5573,232652.1000
5574,232652.1000
5575,232652.1000
5576,232652.1000
5577,232652.1000
5578,232652.1000
5579,232652.1000
5580,232652.1000
5581,232652.1000
5582,232652.1000
5583,232652.1000
5584,232652.1000
5585,232652.1000
5586,232652.1000
5587,232652.1000
5588,232652.1000
5589,232652.1000
5590,232652.1000
5591,232652.1000
5592,232652.1000
5593,232652.1000
5594,232652.1000
5595,232652.1000
5596,232652.1000
5597,232652.1000
5598,232652.1000
5599,232652.1000
5600,232652.1000
5601,232652.1000
5602,232652.1000
5603,232652.1000
5604,232652.1000
5605,232652.1000
5606,232652.1000
5607,232652.1000
5608,232652.1000
5609,232652.1000
5610,232652.1000
5611,232652.1000
5612,232652.1000
5613,232652.1000
5614,232652.1000
5615,232652.1000
5616,232652.1000
5617,232652.1000
5618,232652.1000
5619,232652.1000
5620,232652.1000
5621,232652.1000
5622,232652.1000
5623,232652.1000
5624,232652.1000
5625,232652.1000
5626,232652.1000
5627,232652.1000
5628,232652.1000
5629,232652.1000
5630,232652.1000
5631,232652.1000
5632,232652.1000
5633,232652.1000
5634,232652.1000
5635,232652.1000
5636,232652.1000
5637,232652.1000
5638,232652.1000
5639,232652.1000
5640,232652.1000
5641,232652.1000
5642,232652.1000
5643,232652.1000
5644,232652.1000
5645,232652.1000
5646,232652.1000
5647,232652.1000
5648,232652.1000
5649,232652.1000
5650,232652.1000
5651,232652.1000
5652,232652.1000
5653,232652.1000
5654,232652.1000
5655,232652.1000
5656,232652.1000
5657,232652.1000
5658,232652.1000
5659,232652.1000
5660,232652.1000
5661,232652.1000
5662,232652.1000
5663,232652.1000
5664,232652.1000
5665,232652.1000
5666,232652.1000
5667,232652.1000
5668,232652.1000
5669,232652.1000
5670,232652.1000
5671,232652.1000
5672,232652.1000
5673,232652.1000
5674,232652.1000
5675,232652.1000
5676,232652.1000
5677,232652.1000
5678,232652.1000
5679,232652.1000
5680,232652.1000
5681,232652.1000
5682,232652.1000
5683,232652.1000
5684,232652.1000
5685,232652.1000
5686,232652.1000
5687,232652.1000
5688,232652.1000
5689,232652.1000
5690,232652.1000
5691,232652.1000
5692,232652.1000
5693,232652.1000
5694,232652.1000
5695,232652.1000
5696,232652.1000
5697,232652.1000
5698,232652.1000
5699,232652.1000
5700,232652.1000
5701,232652.1000
5702,232652.1000
5703,232652.1000
5704,232652.1000
5705,232652.1000
5706,232652.1000
5707,232652.1000
5708,232652.1000
5709,231407.1000
5710,231407.1000
5711,231407.1000
5712,231407.1000
5713,231407.1000
5714,231407.1000
5715,231407.1000
5716,231407.1000
5717,231407.1000
5718,231407.1000
5719,231407.1000
5720,231407.1000
5721,231407.1000
5722,231407.1000
5723,231407.1000
5724,231407.1000
5725,231407.1000
5726,231407.1000
5727,231407.1000
5728,231407.1000
5729,231407.1000
5730,231407.1000
5731,231407.1000
5732,231407.1000
5733,231407.1000
5734,231407.1000
5735,231407.1000
5736,231407.1000
5737,231407.1000
5738,231407.1000
5739,231407.1000
5740,231407.1000
5741,231407.1000
5742,231407.1000
5743,231407.1000
5744,231407.1000
5745,231407.1000
5746,231407.1000
5747,231407.1000
5748,231407.1000
5749,231407.1000
5750,231407.1000
5751,231407.1000
5752,231407.1000
5753,231407.1000
5754,231407.1000
5755,231407.1000
5756,231407.1000
5757,231407.1000
5758,231407.1000
5759,231407.1000
5760,231407.1000
5761,231407.1000
5762,231407.1000
5763,231407.1000
5764,231407.1000
5765,231407.1000
5766,231407.1000
5767,231407.1000
5768,231407.1000
5769,231407.1000
5770,231407.1000
5771,231407.1000
5772,231407.1000
5773,231407.1000
5774,231407.1000
5775,231407.1000
5776,231407.1000
5777,231407.1000
5778,231407.1000
5779,231407.1000
5780,231407.1000
5781,231407.1000
5782,231407.1000
5783,231407.1000
5784,231407.1000
5785,231407.1000
5786,231407.1000
5787,231407.1000
5788,231407.1000
5789,231407.1000
5790,231407.1000
5791,231407.1000
5792,231407.1000
5793,231407.1000
5794,231407.1000
5795,231407.1000
5796,231407.1000
5797,231407.1000
5798,231407.1000
5799,231407.1000
5800,231407.1000
5801,231407.1000
5802,231407.1000
5803,231407.1000
5804,231407.1000
5805,231407.1000
5806,231407.1000
5807,231407.1000
5808,231407.1000
5809,231407.1000
5810,231407.1000
5811,231407.1000
5812,231407.1000
5813,231407.1000
5814,231407.1000
5815,231407.1000
5816,231407.1000
5817,231407.1000
5818,231407.1000
5819,231407.1000
5820,231407.1000
5821,231407.1000
5822,231407.1000
5823,231407.1000
5824,231407.1000
5825,231407.1000
5826,231407.1000
5827,231407.1000
5828,231407.1000
5829,231407.1000
5830,231407.1000
5831,231407.1000
5832,231407.1000
5833,231407.1000
5834,231407.1000
5835,231407.1000
5836,231407.1000
5837,231407.1000
5838,231407.1000
5839,231407.1000
5840,231407.1000
5841,231407.1000
5842,231407.1000
5843,231407.1000
5844,230961.0000
5845,230961.0000
5846,230961.0000
5847,229545.0000
5848,229545.0000
5849,229545.0000
5850,229545.0000
5851,229545.0000
5852,229545.0000
5853,229545.0000
5854,229545.0000
5855,229545.0000
5856,229545.0000
5857,229545.0000
5858,229545.0000
5859,229545.0000
5860,229545.0000
5861,229545.0000
5862,229545.0000
5863,229545.0000
5864,229545.0000
5865,229545.0000
5866,229545.0000
5867,229545.0000
5868,229545.0000
5869,229545.0000
5870,229545.0000
5871,229545.0000
5872,229545.0000
5873,229545.0000
5874,229545.0000
5875,229545.0000
5876,229545.0000
5877,229545.0000
5878,229545.0000
5879,229545.0000
5880,229545.0000
5881,229545.0000
5882,229545.0000
5883,229545.0000
5884,229545.0000
5885,229545.0000
5886,229545.0000
5887,229545.0000
5888,229545.0000
5889,229545.0000
5890,229545.0000
5891,229545.0000
5892,229545.0000
5893,229545.0000
5894,229545.0000
5895,229545.0000
5896,229545.0000
5897,229545.0000
5898,229545.0000
5899,229545.0000
5900,229545.0000
5901,229545.0000
5902,229545.0000
5903,229545.0000
5904,229545.0000
5905,229545.0000
5906,229545.0000
5907,229545.0000
5908,229545.0000
5909,229545.0000
5910,229545.0000
5911,229545.0000
5912,229545.0000
5913,229545.0000
5914,229545.0000
5915,229545.0000
5916,229545.0000
5917,229545.0000
5918,229545.0000
5919,229545.0000
5920,229545.0000
5921,229545.0000
5922,229545.0000
5923,229545.0000
5924,229545.0000
5925,229545.0000
5926,229545.0000
5927,229545.0000
5928,229545.0000
5929,229545.0000
5930,229545.0000
5931,229545.0000
5932,229545.0000
5933,229545.0000
5934,229545.0000
5935,229545.0000
5936,229545.0000
5937,229545.0000
5938,229545.0000
5939,229545.0000
5940,229545.0000
5941,229545.0000
5942,229545.0000
5943,229545.0000
5944,229545.0000
5945,229545.0000
5946,229545.0000
5947,229545.0000
5948,229545.0000
5949,229545.0000
5950,229545.0000
5951,229545.0000
5952,229545.0000
5953,229545.0000
5954,229545.0000
5955,229545.0000
5956,229545.0000
5957,229545.0000
5958,229545.0000
5959,229545.0000
5960,229545.0000
5961,229545.0000
5962,229545.0000
5963,229545.0000
5964,229545.0000
5965,229545.0000
5966,229545.0000
5967,229545.0000
5968,229545.0000
5969,229545.0000
5970,229545.0000
5971,229545.0000
5972,229545.0000
5973,229545.0000
5974,229545.0000
5975,229545.0000
5976,229545.0000
5977,229545.0000
5978,229545.0000
5979,229545.0000
5980,229545.0000
5981,229545.0000
5982,229545.0000
5983,229545.0000
5984,229545.0000
5985,229545.0000
5986,229545.0000
5987,229545.0000
5988,229545.0000
5989,229545.0000
5990,229545.0000
5991,229545.0000
5992,229545.0000
5993,229545.0000
5994,229545.0000
5995,229545.0000
5996,229545.0000
5997,229545.0000
5998,229545.0000
5999,229545.0000
6000,229545.0000
6001,229545.0000
6002,229545.0000
6003,229545.0000
6004,229545.0000
6005,229545.0000
6006,229545.0000
6007,229545.0000
6008,229545.0000
6009,229545.0000
6010,229545.0000
6011,229545.0000
6012,229545.0000
6013,229545.0000
6014,229545.0000
6015,229545.0000
6016,229545.0000
6017,229545.0000
6018,229545.0000
6019,229545.0000
6020,229545.0000
6021,229545.0000
6022,229545.0000
6023,229545.0000
6024,229545.0000
6025,229545.0000
6026,229545.0000
6027,229545.0000
6028,229545.0000
6029,229545.0000
6030,229545.0000
6031,229545.0000
6032,229545.0000
6033,229545.0000
6034,229545.0000
6035,229545.0000
6036,229545.0000
6037,229545.0000
6038,229545.0000
6039,229545.0000
6040,229545.0000
6041,229545.0000
6042,229545.0000
6043,229545.0000
6044,229545.0000
6045,229545.0000
6046,229545.0000
6047,229545.0000
6048,229545.0000
6049,229545.0000
6050,229545.0000
6051,229545.0000
6052,229545.0000
6053,229545.0000
6054,229545.0000
6055,229545.0000
6056,229545.0000
6057,229545.0000
6058,229545.0000
6059,229545.0000
6060,229545.0000
6061,229545.0000
6062,229545.0000
6063,229545.0000
6064,229545.0000
6065,229545.0000
6066,229545.0000
6067,229545.0000
6068,229545.0000
6069,229545.0000
6070,229545.0000
6071,229545.0000
6072,229545.0000
6073,229545.0000
6074,229545.0000
6075,229545.0000
6076,229545.0000
6077,229545.0000
6078,229545.0000
6079,229545.0000
6080,229545.0000
6081,229545.0000
6082,229545.0000
6083,229545.0000
6084,229545.0000
6085,229545.0000
6086,229545.0000
6087,229545.0000
6088,229545.0000
6089,229545.0000
6090,229545.0000
6091,229545.0000
6092,229545.0000
6093,229545.0000
6094,229545.0000
6095,229545.0000
6096,229545.0000
6097,229545.0000
6098,229545.0000
6099,229545.0000
6100,229545.0000
6101,229545.0000
6102,229545.0000
6103,229545.0000
6104,229545.0000
6105,229545.0000
6106,229545.0000
6107,229545.0000
6108,229545.0000
6109,229545.0000
6110,229545.0000
6111,229545.0000
6112,229545.0000
6113,229545.0000
6114,229545.0000
6115,229545.0000
6116,229545.0000
6117,229545.0000
6118,229545.0000
6119,229545.0000
6120,229545.0000
6121,229545.0000
6122,229545.0000
6123,229545.0000
6124,229545.0000
6125,229545.0000
6126,229545.0000
6127,229545.0000
6128,229545.0000
6129,229545.0000
6130,229545.0000
6131,229545.0000
6132,229545.0000
6133,229545.0000
6134,229545.0000
6135,229545.0000
6136,229545.0000
6137,229545.0000
6138,229545.0000
6139,229545.0000
6140,229545.0000
6141,229545.0000
6142,229545.0000
6143,229545.0000
6144,229545.0000
6145,229545.0000
6146,229545.0000
6147,229545.0000
6148,229545.0000
6149,229545.0000
6150,229545.0000
6151,229545.0000
6152,229545.0000
6153,229545.0000
6154,229545.0000
6155,229545.0000
6156,229545.0000
6157,229545.0000
6158,229545.0000
6159,229545.0000
6160,229545.0000
6161,229545.0000
6162,229545.0000
6163,229545.0000
6164,229545.0000
6165,229545.0000
6166,229545.0000
6167,229545.0000
6168,229545.0000
6169,229545.0000
6170,229545.0000
6171,229545.0000
6172,229545.0000
6173,229545.0000
6174,229545.0000
6175,229545.0000
6176,229545.0000
6177,229545.0000
6178,229545.0000
6179,229545.0000
6180,229545.0000
6181,229545.0000
6182,229545.0000
6183,229545.0000
6184,229545.0000
6185,229545.0000
6186,229545.0000
6187,229545.0000
6188,229545.0000
6189,229545.0000
6190,229545.0000
6191,229545.0000
6192,229545.0000
6193,229545.0000
6194,229545.0000
6195,229545.0000
6196,229545.0000
6197,229545.0000
6198,229545.0000
6199,229545.0000
6200,229545.0000
6201,229545.0000
6202,229545.0000
6203,229545.0000
6204,229545.0000
6205,229545.0000
6206,229545.0000
6207,229545.0000
6208,229545.0000
6209,229545.0000
6210,229545.0000
6211,229545.0000
6212,229545.0000
6213,229545.0000
6214,229545.0000
6215,229545.0000
6216,229545.0000
6217,229545.0000
6218,229545.0000
6219,229545.0000
6220,229545.0000
6221,229545.0000
6222,229545.0000
6223,229545.0000
6224,229545.0000
6225,229545.0000
6226,229545.0000
6227,229545.0000
6228,229545.0000
6229,229545.0000
6230,229545.0000
6231,229545.0000
6232,229545.0000
6233,229545.0000
6234,229545.0000
6235,229545.0000
6236,229545.0000
6237,229545.0000
6238,229545.0000
6239,229545.0000
6240,229545.0000
6241,229545.0000
6242,229545.0000
6243,229545.0000
6244,229545.0000
6245,229545.0000
6246,229545.0000
6247,229545.0000
6248,229545.0000
6249,229545.0000
6250,229545.0000
6251,229545.0000
6252,229545.0000
6253,229545.0000
6254,229545.0000
6255,229545.0000
6256,229545.0000
6257,229545.0000
6258,229545.0000
6259,229545.0000
6260,229545.0000
6261,229545.0000
6262,229545.0000
6263,229545.0000
6264,229545.0000
6265,229545.0000
6266,229545.0000
6267,229545.0000
6268,229545.0000
6269,229545.0000
6270,229545.0000
6271,229545.0000
6272,229545.0000
6273,229545.0000
6274,229545.0000
6275,229545.0000
6276,229545.0000
6277,229545.0000
6278,229545.0000
6279,229545.0000
6280,229545.0000
6281,229545.0000
6282,229545.0000
6283,229545.0000
6284,229545.0000
6285,229545.0000
6286,229545.0000
6287,229545.0000
6288,229545.0000
6289,229545.0000
6290,229545.0000
6291,229545.0000
6292,229545.0000
6293,229545.0000
6294,229545.0000
6295,229545.0000
6296,229545.0000
6297,229545.0000
6298,229545.0000
6299,229545.0000
6300,229545.0000
6301,229545.0000
6302,229545.0000
6303,229545.0000
6304,229545.0000
6305,229545.0000
6306,229545.0000
6307,229545.0000
6308,229545.0000
6309,229545.0000
6310,229545.0000
6311,229545.0000
6312,229545.0000
6313,229545.0000
6314,229545.0000
6315,229545.0000
6316,229545.0000
6317,229545.0000
6318,229545.0000
6319,229545.0000
6320,229545.0000
6321,229545.0000
6322,229545.0000
6323,229545.0000
6324,229545.0000
6325,229545.0000
6326,229545.0000
6327,229545.0000
6328,229545.0000
6329,229545.0000
6330,229545.0000
6331,229545.0000
6332,229545.0000
6333,229545.0000
6334,229545.0000
6335,229545.0000
6336,229545.0000
6337,229545.0000
6338,229545.0000
6339,229545.0000
6340,229545.0000
6341,229545.0000
6342,229545.0000
6343,229545.0000
6344,229545.0000
6345,229545.0000
6346,229545.0000
6347,229545.0000
6348,229545.0000
6349,229545.0000
6350,229545.0000
6351,229545.0000
6352,229545.0000
6353,229545.0000
6354,229545.0000
6355,229545.0000
6356,229545.0000
6357,229545.0000
6358,229545.0000
6359,229545.0000
6360,229545.0000
6361,229545.0000
6362,229545.0000
6363,229545.0000
6364,229545.0000
6365,229545.0000
6366,229545.0000
6367,229545.0000
6368,229545.0000
6369,229545.0000
6370,229545.0000
6371,229545.0000
6372,229545.0000
6373,229545.0000
6374,229545.0000
6375,229545.0000
6376,229545.0000
6377,229545.0000
6378,229545.0000
6379,229545.0000
6380,229545.0000
6381,229545.0000
6382,229545.0000
6383,229545.0000
6384,229545.0000
6385,229545.0000
6386,229545.0000
6387,229545.0000
6388,229545.0000
6389,229545.0000
6390,229545.0000
6391,229545.0000
6392,229545.0000
6393,229545.0000
6394,229545.0000
6395,229545.0000
6396,229545.0000
6397,229545.0000
6398,229545.0000
6399,229545.0000
6400,229545.0000
6401,229545.0000
6402,229545.0000
6403,229545.0000
6404,229545.0000
6405,229545.0000
6406,229545.0000
6407,229545.0000
6408,229545.0000
6409,229545.0000
6410,229545.0000
6411,229545.0000
6412,229545.0000
6413,229545.0000
6414,229545.0000
6415,229545.0000
6416,229545.0000
6417,229545.0000
6418,229545.0000
6419,229545.0000
6420,229545.0000
6421,229545.0000
6422,229545.0000
6423,229545.0000
6424,229545.0000
6425,229545.0000
6426,229545.0000
6427,229545.0000
6428,229545.0000
6429,229545.0000
6430,229545.0000
6431,229545.0000
6432,229545.0000
6433,229545.0000
6434,229545.0000
6435,229545.0000
6436,229545.0000
6437,229545.0000
6438,229545.0000
6439,229545.0000
6440,229545.0000
6441,229545.0000
6442,229545.0000
6443,229545.0000
6444,229545.0000
6445,229545.0000
6446,229545.0000
6447,229545.0000
6448,229545.0000
6449,229545.0000
6450,229545.0000
6451,229545.0000
6452,229545.0000
6453,229545.0000
6454,229545.0000
6455,229545.0000
6456,229545.0000
6457,229545.0000
6458,229545.0000
6459,229545.0000
6460,229545.0000
6461,229545.0000
6462,229545.0000
6463,229545.0000
6464,229545.0000
6465,229545.0000
6466,229545.0000
6467,229545.0000
6468,229545.0000
6469,229545.0000
6470,229545.0000
6471,229545.0000
6472,229545.0000
6473,229545.0000
6474,229545.0000
6475,229545.0000
6476,229545.0000
6477,229545.0000
6478,229545.0000
6479,229545.0000
6480,229545.0000
6481,229545.0000
6482,229545.0000
6483,229545.0000
6484,229545.0000
6485,229545.0000
6486,229545.0000
6487,229545.0000
6488,229545.0000
6489,229545.0000
6490,229545.0000
6491,229545.0000
6492,229545.0000
6493,229545.0000
6494,229545.0000
6495,229545.0000
6496,229545.0000
6497,229545.0000
6498,229545.0000
6499,229545.0000
6500,229545.0000
6501,229545.0000
6502,229545.0000
6503,229545.0000
6504,229545.0000
6505,229545.0000
6506,229545.0000
6507,229545.0000
6508,229545.0000
6509,229545.0000
6510,229545.0000
6511,229545.0000
6512,229545.0000
6513,229545.0000
6514,229545.0000
6515,229545.0000
6516,229545.0000
6517,229545.0000
6518,229545.0000
6519,229545.0000
6520,229545.0000
6521,229545.0000
6522,229545.0000
6523,229545.0000
6524,229545.0000
6525,229545.0000
6526,229545.0000
6527,229545.0000
6528,229545.0000
6529,229545.0000
6530,229545.0000
6531,229545.0000
6532,229545.0000
6533,229545.0000
6534,229545.0000
6535,229545.0000
6536,229545.0000
6537,229545.0000
6538,229545.0000
6539,229545.0000
6540,229545.0000
6541,229545.0000
6542,229545.0000
6543,229545.0000
6544,229545.0000
6545,229545.0000
6546,229545.0000
6547,229545.0000
6548,229545.0000
6549,229545.0000
6550,229545.0000
6551,229545.0000
6552,229545.0000
6553,229545.0000
6554,229545.0000
6555,229545.0000
6556,229545.0000
6557,229545.0000
6558,229545.0000
6559,229545.0000
6560,229545.0000
6561,229545.0000
6562,229545.0000
6563,229545.0000
6564,229545.0000
6565,229545.0000
6566,229545.0000
6567,229545.0000
6568,229545.0000
6569,229545.0000
6570,229545.0000
6571,229545.0000
6572,229545.0000
6573,229545.0000
6574,229545.0000
6575,229545.0000
6576,229545.0000
6577,229545.0000
6578,229545.0000
6579,229545.0000
6580,229545.0000
6581,229545.0000
6582,229545.0000
6583,229545.0000
6584,229545.0000
6585,229545.0000
6586,229545.0000
6587,229545.0000
6588,229545.0000
6589,229545.0000
6590,229545.0000
6591,229545.0000
6592,229545.0000
6593,229545.0000
6594,229545.0000
6595,229545.0000
6596,229545.0000
6597,229545.0000
6598,229545.0000
6599,229545.0000
6600,229545.0000
6601,229545.0000
6602,229545.0000
6603,229545.0000
6604,229545.0000
6605,229545.0000
6606,229545.0000
6607,229545.0000
6608,229545.0000
6609,229545.0000
6610,229545.0000
6611,229545.0000
6612,229545.0000
6613,229545.0000
6614,229545.0000
6615,229545.0000
6616,229545.0000
6617,229545.0000
6618,229545.0000
6619,229545.0000
6620,229545.0000
6621,229545.0000
6622,229545.0000
6623,229545.0000
6624,229545.0000
6625,229545.0000
6626,229545.0000
6627,229545.0000
6628,229545.0000
6629,229545.0000
6630,229545.0000
6631,229545.0000
6632,229545.0000
6633,229545.0000
6634,229545.0000
6635,229545.0000
6636,229545.0000
6637,229545.0000
6638,229545.0000
6639,229545.0000
6640,229545.0000
6641,229545.0000
6642,229545.0000
6643,229545.0000
6644,229545.0000
6645,229545.0000
6646,229545.0000
6647,229545.0000
6648,229545.0000
6649,229545.0000
6650,229545.0000
6651,229545.0000
6652,229545.0000
6653,229545.0000
6654,229545.0000
6655,229545.0000
6656,229545.0000
6657,229545.0000
6658,229545.0000
6659,229545.0000
6660,229545.0000
6661,229545.0000
6662,229545.0000
6663,229545.0000
6664,229545.0000
6665,229545.0000
6666,229545.0000
6667,229545.0000
6668,229545.0000
6669,229545.0000
6670,229545.0000
6671,229545.0000
6672,229545.0000
6673,229545.0000
6674,229545.0000
6675,229545.0000
6676,229545.0000
6677,229545.0000
6678,229545.0000
6679,229545.0000
6680,229545.0000
6681,229545.0000
6682,229545.0000
6683,229545.0000
6684,229545.0000
6685,229545.0000
6686,229545.0000
6687,229545.0000
6688,229545.0000
6689,229545.0000
6690,229545.0000
6691,229545.0000
6692,229545.0000
6693,229545.0000
6694,229545.0000
6695,229545.0000
6696,229545.0000
6697,229545.0000
6698,229545.0000
6699,229545.0000
6700,229545.0000
6701,229545.0000
6702,229545.0000
6703,229545.0000
6704,229545.0000
6705,229545.0000
6706,229545.0000
6707,229545.0000
6708,229545.0000
6709,229545.0000
6710,229545.0000
6711,229545.0000
6712,229545.0000
6713,229545.0000
6714,229545.0000
6715,229545.0000
6716,229545.0000
6717,229545.0000
6718,229545.0000
6719,229545.0000
6720,229545.0000
6721,229545.0000
6722,229545.0000
6723,229545.0000
6724,229545.0000
6725,229545.0000
6726,229545.0000
6727,229545.0000
6728,229545.0000
6729,229545.0000
6730,229545.0000
6731,229545.0000
6732,229545.0000
6733,229545.0000
6734,229545.0000
6735,229545.0000
6736,229545.0000
6737,229545.0000
6738,229545.0000
6739,229545.0000
6740,229545.0000
6741,229545.0000
6742,229545.0000
6743,229545.0000
6744,229545.0000
6745,229545.0000
6746,229545.0000
6747,229545.0000
6748,229545.0000
6749,229545.0000
6750,229545.0000
6751,229545.0000
6752,229545.0000
6753,229545.0000
6754,229545.0000
6755,229545.0000
6756,229545.0000
6757,229545.0000
6758,229545.0000
6759,229545.0000
6760,229545.0000
6761,229545.0000
6762,229545.0000
6763,229545.0000
6764,229545.0000
6765,229545.0000
6766,229545.0000
6767,229545.0000
6768,229545.0000
6769,229545.0000
6770,229545.0000
6771,229545.0000
6772,229545.0000
6773,229545.0000
6774,229545.0000
6775,229545.0000
6776,229545.0000
6777,229545.0000
6778,229545.0000
6779,229545.0000
6780,229545.0000
6781,229545.0000
6782,229545.0000
6783,229545.0000
6784,229545.0000
6785,229545.0000
6786,229545.0000
6787,229545.0000
6788,229545.0000
6789,229545.0000
6790,229545.0000
6791,229545.0000
6792,229545.0000
6793,229545.0000
6794,229545.0000
6795,229545.0000
6796,229545.0000
6797,229545.0000
6798,229545.0000
6799,229545.0000
6800,229545.0000
6801,229545.0000
6802,229545.0000
6803,229545.0000
6804,229545.0000
6805,229545.0000
6806,229545.0000
6807,229545.0000
6808,229545.0000
6809,229545.0000
6810,229545.0000
6811,229545.0000
6812,229545.0000
6813,229545.0000
6814,229545.0000
6815,229545.0000
6816,229545.0000
6817,229545.0000
6818,229545.0000
6819,229545.0000
6820,229545.0000
6821,229545.0000
6822,229545.0000
6823,229545.0000
6824,229545.0000
6825,229545.0000
6826,229545.0000
6827,229545.0000
6828,229545.0000
6829,229545.0000
6830,229545.0000
6831,229545.0000
6832,229545.0000
6833,229545.0000
6834,229545.0000
6835,229545.0000
6836,229545.0000
6837,229545.0000
6838,229545.0000
6839,229545.0000
6840,229545.0000
6841,229545.0000
6842,229545.0000
6843,229545.0000
6844,229545.0000
6845,229545.0000
6846,229545.0000
6847,229545.0000
6848,229545.0000
6849,229545.0000
6850,229545.0000
6851,229545.0000
6852,229545.0000
6853,229545.0000
6854,229545.0000
6855,229545.0000
6856,229545.0000
6857,229545.0000
6858,229545.0000
6859,229545.0000
6860,229545.0000
6861,229545.0000
6862,229545.0000
6863,229545.0000
6864,229545.0000
6865,229545.0000
6866,229545.0000
6867,229545.0000
6868,229545.0000
6869,229545.0000
6870,229545.0000
6871,229545.0000
6872,229545.0000
6873,229545.0000
6874,229545.0000
6875,229545.0000
6876,229545.0000
6877,229545.0000
6878,229545.0000
6879,229545.0000
6880,229545.0000
6881,229545.0000
6882,229545.0000
6883,229545.0000
6884,229545.0000
6885,229545.0000
6886,229545.0000
6887,229545.0000
6888,229545.0000
6889,229545.0000
6890,229545.0000
6891,229545.0000
6892,229545.0000
6893,229545.0000
6894,229545.0000
6895,229545.0000
6896,229545.0000
6897,229545.0000
6898,229545.0000
6899,229545.0000
6900,229545.0000
6901,229545.0000
6902,229545.0000
6903,229545.0000
6904,229545.0000
6905,229545.0000
6906,229545.0000
6907,229545.0000
6908,229545.0000
6909,229545.0000
6910,229545.0000
6911,229545.0000
6912,229545.0000
6913,229545.0000
6914,229545.0000
6915,229545.0000
6916,229545.0000
6917,229545.0000
6918,229545.0000
6919,229545.0000
6920,229545.0000
6921,229545.0000
6922,229545.0000
6923,229545.0000
6924,229545.0000
6925,229545.0000
6926,229545.0000
6927,229545.0000
6928,229545.0000
6929,229545.0000
6930,229545.0000
6931,229545.0000
6932,229545.0000
6933,229545.0000
6934,229545.0000
6935,229545.0000
6936,229545.0000
6937,229545.0000
6938,229545.0000
6939,229545.0000
6940,229545.0000
6941,229545.0000
6942,229545.0000
6943,229545.0000
6944,229545.0000
6945,229545.0000
6946,229545.0000
6947,229545.0000
6948,229545.0000
6949,229545.0000
6950,229545.0000
6951,229545.0000
6952,229545.0000
6953,229545.0000
6954,229545.0000
6955,229545.0000
6956,229545.0000
6957,229545.0000
6958,229545.0000
6959,229545.0000
6960,229545.0000
6961,229545.0000
6962,229545.0000
6963,229545.0000
6964,229545.0000
6965,229545.0000
6966,229545.0000
6967,229545.0000
6968,229545.0000
6969,229545.0000
6970,229545.0000
6971,229545.0000
6972,229545.0000
6973,229545.0000
6974,229545.0000
6975,229545.0000
6976,229545.0000
6977,229545.0000
6978,229545.0000
6979,229545.0000
6980,229545.0000
6981,229545.0000
6982,229545.0000
6983,229545.0000
6984,229545.0000
6985,229545.0000
6986,229545.0000
6987,229545.0000
6988,229545.0000
6989,229545.0000
6990,229545.0000
6991,229545.0000
6992,229545.0000
6993,229545.0000
6994,229545.0000
6995,229545.0000
6996,229545.0000
6997,229545.0000
6998,229545.0000
6999,229545.0000
7000,229545.0000
7001,229545.0000
7002,229545.0000
7003,229545.0000
7004,229545.0000
7005,229545.0000
7006,229545.0000
7007,229545.0000
7008,229545.0000
7009,229545.0000
7010,229545.0000
7011,229545.0000
7012,229545.0000
7013,229545.0000
7014,229545.0000
7015,229545.0000
7016,229545.0000
7017,229545.0000
7018,229545.0000
7019,229545.0000
7020,229545.0000
7021,229545.0000
7022,229545.0000
7023,229545.0000
7024,229545.0000
7025,229545.0000
7026,229545.0000
7027,229545.0000
7028,229545.0000
7029,229545.0000
7030,229545.0000
7031,229545.0000
7032,229545.0000
7033,229545.0000
7034,229545.0000
7035,229545.0000
7036,229545.0000
7037,229545.0000
7038,229545.0000
7039,229545.0000
7040,229545.0000
7041,229545.0000
7042,229545.0000
7043,229545.0000
7044,229545.0000
7045,229545.0000
7046,229545.0000
7047,229545.0000
7048,229545.0000
7049,229545.0000
7050,229545.0000
7051,229545.0000
7052,229545.0000
7053,229545.0000
7054,229545.0000
7055,229545.0000
7056,229545.0000
7057,229545.0000
7058,229545.0000
7059,229545.0000
7060,229545.0000
7061,229545.0000
7062,229545.0000
7063,229545.0000
7064,229545.0000
7065,229545.0000
7066,229545.0000
7067,229545.0000
7068,229545.0000
7069,229545.0000
7070,229545.0000
7071,229545.0000
7072,229545.0000
7073,229545.0000
7074,229545.0000
7075,229545.0000
7076,229545.0000
7077,229545.0000
7078,229545.0000
7079,229545.0000
7080,229545.0000
7081,229545.0000
7082,229545.0000
7083,229545.0000
7084,229545.0000
7085,229545.0000
7086,229545.0000
7087,229545.0000
7088,229545.0000
7089,229545.0000
7090,229545.0000
7091,229545.0000
7092,229545.0000
7093,229545.0000
7094,229545.0000
7095,229545.0000
7096,229545.0000
7097,229545.0000
7098,229545.0000
7099,229545.0000
7100,229545.0000
7101,229545.0000
7102,229545.0000
7103,229545.0000
7104,229545.0000
7105,229545.0000
7106,229545.0000
7107,229545.0000
7108,229545.0000
7109,229545.0000
7110,229545.0000
7111,229545.0000
7112,229545.0000
7113,229545.0000
7114,229545.0000
7115,229545.0000
7116,229545.0000
7117,229545.0000
7118,229545.0000
7119,229545.0000
7120,229545.0000
7121,229545.0000
7122,229545.0000
7123,229545.0000
7124,229545.0000
7125,229545.0000
7126,229545.0000
7127,229545.0000
7128,229545.0000
7129,229545.0000
7130,229545.0000
7131,229545.0000
7132,229545.0000
7133,229545.0000
7134,229545.0000
7135,229545.0000
7136,229545.0000
7137,229545.0000
7138,229545.0000
7139,229545.0000
7140,229545.0000
7141,229545.0000
7142,229545.0000
7143,229545.0000
7144,229545.0000
7145,229545.0000
7146,229545.0000
7147,229545.0000
7148,229545.0000
7149,229545.0000
7150,229545.0000
7151,229545.0000
7152,229545.0000
7153,229545.0000
7154,229545.0000
7155,229545.0000
7156,229545.0000
7157,229545.0000
7158,229545.0000
7159,229545.0000
7160,229545.0000
7161,229545.0000
7162,229545.0000
7163,229545.0000
7164,229545.0000
7165,229545.0000
7166,229545.0000
7167,229545.0000
7168,229545.0000
7169,229545.0000
7170,229545.0000
7171,229545.0000
7172,229545.0000
7173,229545.0000
7174,229545.0000
7175,229545.0000
7176,229545.0000
7177,229545.0000
7178,229545.0000
7179,229545.0000
7180,229545.0000
7181,229545.0000
7182,229545.0000
7183,229545.0000
7184,229545.0000
7185,229545.0000
7186,229545.0000
7187,229545.0000
7188,229545.0000
7189,229545.0000
7190,229545.0000
7191,229545.0000
7192,229545.0000
7193,229545.0000
7194,229545.0000
7195,229545.0000
7196,229545.0000
7197,229545.0000
7198,229545.0000
7199,229545.0000
7200,229545.0000
7201,229545.0000
7202,229545.0000
7203,229545.0000
7204,229545.0000
7205,229545.0000
7206,229545.0000
7207,229545.0000
7208,229545.0000
7209,229545.0000
7210,229545.0000
7211,229545.0000
7212,229545.0000
7213,229545.0000
7214,229545.0000
7215,229545.0000
7216,229545.0000
7217,229545.0000
7218,229545.0000
7219,229545.0000
7220,229545.0000
7221,229545.0000
7222,229545.0000
7223,229545.0000
7224,229545.0000
7225,229545.0000
7226,229545.0000
7227,229545.0000
7228,229545.0000
7229,229545.0000
7230,229545.0000
7231,229545.0000
7232,229545.0000
7233,229545.0000
7234,229545.0000
7235,229545.0000
7236,229545.0000
7237,229545.0000
7238,229545.0000
7239,229545.0000
7240,229545.0000
7241,229545.0000
7242,229545.0000
7243,229545.0000
7244,229545.0000
7245,229545.0000
7246,229545.0000
7247,229545.0000
7248,229545.0000
7249,229545.0000
7250,229545.0000
7251,229545.0000
7252,229545.0000
7253,229545.0000
7254,229545.0000
7255,229545.0000
7256,229545.0000
7257,229545.0000
7258,229545.0000
7259,229545.0000
7260,229545.0000
7261,229545.0000
7262,229545.0000
7263,229545.0000
7264,229545.0000
7265,229545.0000
7266,229545.0000
7267,229545.0000
7268,229545.0000
7269,229545.0000
7270,229545.0000
7271,229545.0000
7272,229545.0000
7273,229545.0000
7274,229545.0000
7275,229545.0000
7276,229545.0000
7277,229545.0000
7278,229545.0000
7279,229545.0000
7280,229545.0000
7281,229545.0000
7282,229545.0000
7283,229545.0000
7284,229545.0000
7285,229545.0000
7286,229545.0000
7287,229545.0000
7288,229545.0000
7289,229545.0000
7290,229545.0000
7291,229545.0000
7292,229545.0000
7293,229545.0000
7294,229545.0000
7295,229545.0000
7296,229545.0000
7297,229545.0000
7298,229545.0000
7299,229545.0000
7300,229545.0000
7301,229545.0000
7302,229545.0000
7303,229545.0000
7304,229545.0000
7305,229545.0000
7306,229545.0000
7307,229545.0000
7308,229545.0000
7309,229545.0000
7310,229545.0000
7311,229545.0000
7312,229545.0000
7313,229545.0000
7314,229545.0000
7315,229545.0000
7316,229545.0000
7317,229545.0000
7318,229545.0000
7319,229545.0000
7320,229545.0000
7321,229545.0000
7322,229545.0000
7323,229545.0000
7324,229545.0000
7325,229545.0000
7326,229545.0000
7327,229545.0000
7328,229545.0000
7329,229545.0000
7330,229545.0000
7331,229545.0000
7332,229545.0000
7333,229545.0000
7334,229545.0000
7335,229545.0000
7336,229545.0000
7337,229545.0000
7338,229545.0000
7339,229545.0000
7340,229545.0000
7341,229545.0000
7342,229545.0000
7343,229545.0000
7344,229545.0000
7345,229545.0000
7346,229545.0000
7347,229545.0000
7348,229545.0000
7349,229545.0000
7350,229545.0000
7351,229545.0000
7352,229545.0000
7353,229545.0000
7354,229545.0000
7355,229545.0000
7356,229545.0000
7357,229545.0000
7358,229545.0000
7359,229545.0000
7360,229545.0000
7361,229545.0000
7362,229545.0000
7363,229545.0000
7364,229545.0000
7365,229545.0000
7366,229545.0000
7367,229545.0000
7368,229545.0000
7369,229545.0000
7370,229545.0000
7371,229545.0000
7372,229545.0000
7373,229545.0000
7374,229545.0000
7375,229545.0000
7376,229545.0000
7377,229545.0000
7378,229545.0000
7379,229545.0000
7380,229545.0000
7381,229545.0000
7382,229545.0000
7383,229545.0000
7384,229545.0000
7385,229545.0000
7386,229545.0000
7387,229545.0000
7388,229545.0000
7389,229545.0000
7390,229545.0000
7391,229545.0000
7392,229545.0000
7393,229545.0000
7394,229545.0000
7395,229545.0000
7396,229545.0000
7397,229545.0000
7398,229545.0000
7399,229545.0000
7400,229545.0000
7401,229545.0000
7402,229545.0000
7403,229545.0000
7404,229545.0000
7405,229545.0000
7406,229545.0000
7407,229545.0000
7408,229545.0000
7409,229545.0000
7410,229545.0000
7411,229545.0000
7412,229545.0000
7413,229545.0000
7414,229545.0000
7415,229545.0000
7416,229545.0000
7417,229545.0000
7418,229545.0000
7419,229545.0000
7420,229545.0000
7421,229545.0000
7422,229545.0000
7423,229545.0000
7424,229545.0000
7425,229545.0000
7426,229545.0000
7427,229545.0000
7428,229545.0000
7429,229545.0000
7430,229545.0000
7431,229545.0000
7432,229545.0000
7433,229545.0000
7434,229545.0000
7435,229545.0000
7436,229545.0000
7437,229545.0000
7438,229545.0000
7439,229545.0000
7440,229545.0000
7441,229545.0000
7442,229545.0000
7443,229545.0000
7444,229545.0000
7445,229545.0000
7446,229545.0000
7447,229545.0000
7448,229545.0000
7449,229545.0000
7450,229545.0000
7451,229545.0000
7452,229545.0000
7453,229545.0000
7454,229545.0000
7455,229545.0000
7456,229545.0000
7457,229545.0000
7458,229545.0000
7459,229545.0000
7460,229545.0000
7461,229545.0000
7462,229545.0000
7463,229545.0000
7464,229545.0000
7465,229545.0000
7466,229545.0000
7467,229545.0000
7468,229545.0000
7469,229545.0000
7470,229545.0000
7471,229545.0000
7472,229545.0000
7473,229545.0000
7474,229545.0000
7475,229545.0000
7476,229545.0000
7477,229545.0000
7478,229545.0000
7479,229545.0000
7480,229545.0000
7481,229545.0000
7482,229545.0000
7483,229545.0000
7484,229545.0000
7485,229545.0000
7486,229545.0000
7487,229545.0000
7488,229545.0000
7489,229545.0000
7490,229545.0000
7491,229545.0000
7492,229545.0000
7493,229545.0000
7494,229545.0000
7495,229545.0000
7496,229545.0000
7497,229545.0000
7498,229545.0000
7499,229545.0000
7500,229545.0000
