════════════════════════════════════════════════════════════════
              最优Cmax解的详细调度记录
════════════════════════════════════════════════════════════════

【基本信息】
----------------------------------------------------------------------------------------------------
Cmax (最大完工时间): 73217.06
能耗: 923.49 kWh
装箱质量: 0.3791
批次总数: 14
工件数量: 100
机器数量: 17 (打印机:5, 批处理机:2, 离散机:10)

【染色体编码】
----------------------------------------------------------------------------------------------------
工序序列 (OS): [88, 41, 10, 99, 19, 32, 15, 37, 77, 40, 81, 60, 26, 85, 33, 94, 73, 65, 6, 66, 23, 98, 43, 42, 21, 64, 54, 24, 29, 11, 89, 46, 5, 59, 80, 13, 0, 68, 35, 78, 69, 90, 49, 25, 45, 16, 14, 8, 48, 70, 92, 72, 20, 31, 22, 58, 34, 51, 30, 7, 1, 50, 2, 79, 18, 83, 39, 87, 84, 63, 93, 97, 17, 27, 3, 52, 91, 67, 82, 57, 12, 71, 96, 95, 47, 9, 74, 86, 36, 28, 53, 4, 38, 55, 61, 76, 62, 44, 56, 75, 28, 25, 26, 5, 13, 8, 45, 15, 59, 36, 28, 83, 86, 14, 75, 59, 32, 30, 99, 3, 17, 19, 87, 43, 11, 77, 59, 72, 5, 13, 82, 47, 67, 47, 46, 85, 52, 52, 9, 40, 14, 83, 24, 41, 28, 92, 65, 72, 34, 23, 50, 42, 20, 39, 24, 13, 48, 71, 33, 32, 99, 58, 43, 8, 88, 65, 6, 24, 34, 30, 3, 78, 94, 10, 21, 58, 40, 36, 57, 25, 24, 37, 66, 31, 41, 53, 37, 30, 8, 83, 45, 11, 10, 26, 47, 8, 75, 75, 7, 30, 5, 36, 86, 6, 47, 13, 3, 32, 15, 31, 25, 36, 4, 69, 46, 25, 66, 88, 18, 86, 26, 60, 34, 49, 79, 30, 97, 24, 66, 58, 72, 20, 28, 0, 1, 69, 8, 5, 26, 45, 65, 12, 55, 31, 23, 17, 68, 93, 10, 26, 10, 52, 3, 67, 69, 40, 36, 94, 86, 36, 52, 29, 46, 14, 93, 17, 41, 15, 17, 36, 25, 59, 52, 26, 23, 15, 43, 32, 65, 99, 14, 68, 55, 32, 73, 4, 65, 94, 47, 45, 85, 40, 14, 96, 51, 82, 26, 28, 89, 46, 7, 33, 55, 20, 91, 69, 4, 5, 66, 94, 55, 4, 92, 66, 40, 97, 15, 67, 33, 52, 14, 69, 1, 2, 37, 23, 81, 32, 46, 41, 83, 30, 74, 9, 53, 96, 75, 0, 31, 24, 47, 83, 23, 33, 24, 62, 71, 96, 43, 99, 33, 72, 93, 11, 42, 64, 69, 14, 58, 5, 72, 49, 45, 16, 74, 7, 10, 20, 16, 44, 3, 6, 72, 90, 88, 6, 41, 13, 41, 0, 15, 75, 21, 47, 69, 35, 77, 35, 96, 23, 46, 7, 67, 93, 81, 1, 87, 94, 17, 33, 97, 39, 70, 8, 17, 94, 31, 14, 4, 7, 20, 45, 99, 39, 96, 39, 43, 0, 30, 68, 55, 77, 45, 89, 57, 17, 74, 11, 13, 4, 11, 49, 30, 83, 99, 71, 23, 29, 26, 96, 87, 55, 54, 96, 72, 59, 25, 21]
机器选择 (MS): [2, 4, 2, 2, 5, 2, 5, 5, 3, 3, 3, 2, 5, 4, 3, 5, 5, 1, 5, 2, 4, 5, 3, 2, 3, 4, 4, 4, 4, 2, 5, 5, 3, 5, 2, 4, 4, 4, 1, 2, 2, 5, 5, 2, 4, 4, 2, 3, 5, 5, 2, 1, 5, 1, 3, 1, 4, 3, 1, 2, 5, 2, 1, 1, 4, 2, 5, 2, 4, 4, 3, 2, 1, 5, 1, 4, 5, 3, 2, 2, 4, 4, 1, 1, 2, 3, 1, 2, 1, 3, 3, 2, 2, 1, 1, 4, 2, 3, 5, 2, 1, 3, 1, 1, 1, 1, 1, 3, 1, 1, 1, 2, 1, 1, 2, 1, 3, 1, 1, 1, 1, 3, 1, 1, 2, 3, 1, 1, 2, 1, 2, 1, 2, 1, 1, 1, 1, 1, 1, 1, 2, 3, 1, 1, 1, 1, 2, 1, 1, 2, 3, 3, 1, 1, 1, 1, 2, 1, 2, 2, 2, 1, 1, 2, 1, 1, 3, 1, 1, 2, 3, 1, 3, 1, 2, 1, 1, 2, 1, 2, 1, 1, 2, 2, 2, 1, 2, 1, 2, 1, 1, 1, 3, 2, 2, 1, 1, 1, 1, 1, 2, 1, 2, 1, 2, 2, 2, 1, 3, 1, 1, 2, 1, 2, 2, 1, 1, 2, 2, 1, 3, 2, 2, 3, 1, 1, 3, 1, 3, 3, 1, 2, 2, 1, 1, 1, 3, 2, 1, 1, 1, 3, 1, 1, 2, 2, 1, 2, 2, 1, 1, 1, 1, 1, 2, 1, 3, 1, 1, 1, 2, 2, 1, 1, 3, 2, 1, 2, 3, 1, 2, 2, 1, 2, 3, 2, 1, 1, 2, 1, 1, 3, 1, 2, 1, 1, 1, 1, 1, 2, 1, 1, 1, 2, 1, 1, 2, 2, 1, 1, 1, 1, 1, 2, 1, 2, 3, 1, 2, 1, 1, 1, 2, 1, 2, 1, 1, 1, 3, 1, 1, 1, 3, 1, 1, 2, 1, 1, 1, 1, 1, 1, 1, 1, 1, 1, 2, 1, 1, 1, 2, 1, 1, 2, 1, 1, 2, 3, 3, 3, 1, 3, 3, 1, 1, 3, 2, 3, 2, 1, 1, 3, 3, 1, 2, 1, 1, 1, 1, 1, 1, 1, 1, 2, 1, 1, 1, 2, 2, 1, 1, 1, 1, 1, 1, 1, 2, 1, 3, 3, 2, 1, 1, 3, 1, 1, 1, 3, 3, 1, 2, 2, 1, 1, 1, 1, 1, 1, 1, 1, 2, 2, 1, 1, 1, 2, 2, 2, 3, 1, 2, 1, 1, 1, 1, 3, 1, 1, 3, 1, 1, 1, 1, 1, 1, 2, 1, 1, 3, 2, 1, 1, 1, 1, 1, 2, 1, 1]

【零件加工顺序记录】
----------------------------------------------------------------------------------------------------
工件号      工序号             机器号             开始时间            结束时间            加工时长           
----------------------------------------------------------------------------------------------------

工件 0:
  0        0               打印机4            45875.76        58575.06        12699.29       
  0        1               批处理机2           58575.06        59639.06        1064.00        
  0        2               离散机3            62339.06        63239.06        900.00         
  0        3               离散机10           64113.63        65319.63        1206.00        
  0        4               离散机1            65743.63        66658.63        915.00         
  0        5               离散机3            68372.06        69864.06        1492.00        

工件 1:
  1        0               打印机5            0.00            24997.00        24997.00       
  1        1               批处理机2           24997.00        26061.00        1064.00        
  1        2               离散机3            26061.00        27096.00        1035.00        
  1        3               离散机7            37298.00        39080.00        1782.00        
  1        4               离散机2            39413.00        40337.00        924.00         

工件 2:
  2        0               打印机1            14140.51        36037.44        21896.92       
  2        1               批处理机2           36037.44        37101.44        1064.00        
  2        2               离散机10           37838.23        39018.23        1180.00        

工件 3:
  3        0               打印机1            0.00            14140.51        14140.51       
  3        1               批处理机2           14140.51        15204.51        1064.00        
  3        2               离散机1            15204.51        16136.51        932.00         
  3        3               离散机7            16136.51        17265.51        1129.00        
  3        4               离散机2            17265.51        18263.51        998.00         
  3        5               离散机7            18513.51        19604.51        1091.00        
  3        6               离散机2            19604.51        20969.51        1365.00        

工件 4:
  4        0               打印机2            27367.23        57120.42        29753.19       
  4        1               批处理机2           57120.42        58184.42        1064.00        
  4        2               离散机1            60709.63        61842.63        1133.00        
  4        3               离散机10           61842.63        63190.63        1348.00        
  4        4               离散机3            64534.06        65765.06        1231.00        
  4        5               离散机8            66046.06        66963.06        917.00         
  4        6               离散机2            66963.06        67985.06        1022.00        
  4        7               离散机6            70975.06        72313.06        1338.00        

工件 5:
  5        0               打印机3            0.00            44801.10        44801.10       
  5        1               批处理机2           44801.10        45865.10        1064.00        
  5        2               离散机1            45865.10        47538.10        1673.00        
  5        3               离散机8            47538.10        48834.10        1296.00        
  5        4               离散机8            49872.10        51128.10        1256.00        
  5        5               离散机2            56659.67        57830.67        1171.00        
  5        6               离散机2            60498.67        61398.67        900.00         
  5        7               离散机5            64358.67        66087.67        1729.00        

工件 6:
  6        0               打印机5            24997.00        39394.00        14397.00       
  6        1               批处理机2           39394.00        40458.00        1064.00        
  6        2               离散机6            40458.00        41463.00        1005.00        
  6        3               离散机2            41463.00        43128.00        1665.00        
  6        4               离散机2            43128.00        44321.00        1193.00        
  6        5               离散机9            44321.00        45598.00        1277.00        

工件 7:
  7        0               打印机2            0.00            27367.23        27367.23       
  7        1               批处理机2           27367.23        28431.23        1064.00        
  7        2               离散机2            30888.23        31876.23        988.00         
  7        3               离散机8            31876.23        33092.23        1216.00        
  7        4               离散机1            34128.23        35054.23        926.00         
  7        5               离散机2            36249.23        37594.23        1345.00        
  7        6               离散机9            40485.00        41947.00        1462.00        

工件 8:
  8        0               打印机3            0.00            44801.10        44801.10       
  8        1               批处理机2           44801.10        45865.10        1064.00        
  8        2               离散机5            45865.10        47121.10        1256.00        
  8        3               离散机6            51416.76        52443.76        1027.00        
  8        4               离散机2            52443.76        54054.76        1611.00        
  8        5               离散机2            54054.76        55438.76        1384.00        
  8        6               离散机1            55438.76        56471.76        1033.00        
  8        7               离散机4            60153.10        61814.10        1661.00        

工件 9:
  9        0               打印机3            0.00            44801.10        44801.10       
  9        1               批处理机2           44801.10        45865.10        1064.00        
  9        2               离散机7            45865.10        47150.10        1285.00        
  9        3               离散机5            48629.10        49542.10        913.00         

工件 10:
  10       0               打印机2            0.00            27367.23        27367.23       
  10       1               批处理机2           27367.23        28431.23        1064.00        
  10       2               离散机6            28431.23        29435.23        1004.00        
  10       3               离散机5            32055.23        33123.23        1068.00        
  10       4               离散机3            35987.00        37684.00        1697.00        
  10       5               离散机2            37684.00        39413.00        1729.00        
  10       6               离散机8            39413.00        40746.00        1333.00        

工件 11:
  11       0               打印机2            27367.23        57120.42        29753.19       
  11       1               批处理机2           57120.42        58184.42        1064.00        
  11       2               离散机3            58184.42        59565.42        1381.00        
  11       3               离散机8            62153.06        63169.06        1016.00        
  11       4               离散机3            65765.06        66756.06        991.00         
  11       5               离散机8            70826.18        71764.18        938.00         
  11       6               离散机8            71764.18        72780.18        1016.00        

工件 12:
  12       0               打印机4            0.00            45875.76        45875.76       
  12       1               批处理机2           45875.76        46939.76        1064.00        
  12       2               离散机7            49150.10        50908.10        1758.00        

工件 13:
  13       0               打印机4            0.00            45875.76        45875.76       
  13       1               批处理机2           45875.76        46939.76        1064.00        
  13       2               离散机3            46939.76        48396.76        1457.00        
  13       3               离散机8            48834.10        49872.10        1038.00        
  13       4               离散机5            49872.10        51548.10        1676.00        
  13       5               离散机5            52614.10        53663.10        1049.00        
  13       6               离散机7            58373.10        59984.10        1611.00        
  13       7               离散机2            69176.06        70157.06        981.00         

工件 14:
  14       0               打印机2            0.00            27367.23        27367.23       
  14       1               批处理机2           27367.23        28431.23        1064.00        
  14       2               离散机4            28431.23        29847.23        1416.00        
  14       3               离散机4            32250.23        33474.23        1224.00        
  14       4               离散机6            33474.23        34565.23        1091.00        
  14       5               离散机3            39926.44        41356.44        1430.00        
  14       6               离散机7            41587.00        42708.00        1121.00        
  14       7               离散机6            45277.00        46489.00        1212.00        
  14       8               离散机10           52589.10        53846.10        1257.00        
  14       9               离散机8            57666.67        59284.67        1618.00        

工件 15:
  15       0               打印机5            0.00            24997.00        24997.00       
  15       1               批处理机2           24997.00        26061.00        1064.00        
  15       2               离散机2            26061.00        27660.00        1599.00        
  15       3               离散机2            31876.23        33464.23        1588.00        
  15       4               离散机2            33464.23        34554.23        1090.00        
  15       5               离散机7            35889.00        37298.00        1409.00        
  15       6               离散机3            41356.44        42586.44        1230.00        
  15       7               离散机5            42586.44        43499.44        913.00         

工件 16:
  16       0               打印机4            45875.76        58575.06        12699.29       
  16       1               批处理机2           58575.06        59639.06        1064.00        
  16       2               离散机2            62517.67        64307.67        1790.00        
  16       3               离散机7            64307.67        65876.67        1569.00        

工件 17:
  17       0               打印机1            36037.44        41434.36        5396.92        
  17       1               批处理机2           41434.36        42498.36        1064.00        
  17       2               离散机10           42498.36        43452.36        954.00         
  17       3               离散机6            44039.00        45277.00        1238.00        
  17       4               离散机9            51916.76        52901.76        985.00         
  17       5               离散机9            52901.76        53907.76        1006.00        
  17       6               离散机5            56126.10        57547.10        1421.00        
  17       7               离散机2            64307.67        65278.67        971.00         
  17       8               离散机6            70056.06        70975.06        919.00         

工件 18:
  18       0               打印机4            0.00            45875.76        45875.76       
  18       1               批处理机2           45875.76        46939.76        1064.00        
  18       2               离散机9            49289.76        50431.76        1142.00        

工件 19:
  19       0               打印机5            0.00            24997.00        24997.00       
  19       1               批处理机2           24997.00        26061.00        1064.00        
  19       2               离散机7            27735.00        29169.00        1434.00        

工件 20:
  20       0               打印机5            0.00            24997.00        24997.00       
  20       1               批处理机2           24997.00        26061.00        1064.00        
  20       2               离散机7            29169.00        30351.00        1182.00        
  20       3               离散机5            33123.23        34348.23        1225.00        
  20       4               离散机6            34565.23        35825.23        1260.00        
  20       5               离散机5            37254.23        38485.23        1231.00        
  20       6               离散机9            41947.00        43311.00        1364.00        

工件 21:
  21       0               打印机3            0.00            44801.10        44801.10       
  21       1               批处理机2           44801.10        45865.10        1064.00        
  21       2               离散机3            49726.76        51305.76        1579.00        
  21       3               离散机3            52402.76        53520.76        1118.00        
  21       4               离散机6            55840.76        57405.76        1565.00        

工件 22:
  22       0               打印机3            0.00            44801.10        44801.10       
  22       1               批处理机2           44801.10        45865.10        1064.00        

工件 23:
  23       0               打印机4            0.00            45875.76        45875.76       
  23       1               批处理机2           45875.76        46939.76        1064.00        
  23       2               离散机9            46939.76        47979.76        1040.00        
  23       3               离散机3            51305.76        52402.76        1097.00        
  23       4               离散机7            55207.10        56964.10        1757.00        
  23       5               离散机6            61695.42        63283.42        1588.00        
  23       6               离散机9            65435.18        66532.18        1097.00        
  23       7               离散机3            66756.06        68372.06        1616.00        
  23       8               离散机5            69796.18        71034.18        1238.00        

工件 24:
  24       0               打印机4            0.00            45875.76        45875.76       
  24       1               批处理机2           45875.76        46939.76        1064.00        
  24       2               离散机3            48396.76        49726.76        1330.00        
  24       3               离散机6            49726.76        51416.76        1690.00        
  24       4               离散机5            51548.10        52614.10        1066.00        
  24       5               离散机4            52614.10        54006.10        1392.00        
  24       6               离散机10           54006.10        55183.10        1177.00        
  24       7               离散机8            55183.10        56601.10        1418.00        
  24       8               离散机7            56964.10        58373.10        1409.00        

工件 25:
  25       0               打印机2            0.00            27367.23        27367.23       
  25       1               批处理机2           27367.23        28431.23        1064.00        
  25       2               离散机3            28431.23        29352.23        921.00         
  25       3               离散机2            29562.23        30888.23        1326.00        
  25       4               离散机10           31904.23        32820.23        916.00         
  25       5               离散机1            33082.23        34128.23        1046.00        
  25       6               离散机9            35332.23        37050.23        1718.00        
  25       7               离散机7            65876.67        67030.67        1154.00        

工件 26:
  26       0               打印机5            0.00            24997.00        24997.00       
  26       1               批处理机2           24997.00        26061.00        1064.00        
  26       2               离散机7            26061.00        27735.00        1674.00        
  26       3               离散机6            29435.23        30577.23        1142.00        
  26       4               离散机7            33021.00        34378.00        1357.00        
  26       5               离散机3            34378.00        35987.00        1609.00        
  26       6               离散机6            35987.00        37266.00        1279.00        
  26       7               离散机9            37266.00        38267.00        1001.00        
  26       8               离散机9            38267.00        39331.00        1064.00        
  26       9               离散机5            39331.00        40827.00        1496.00        

工件 27:
  27       0               打印机5            24997.00        39394.00        14397.00       
  27       1               批处理机2           39394.00        40458.00        1064.00        

工件 28:
  28       0               打印机3            0.00            44801.10        44801.10       
  28       1               批处理机2           44801.10        45865.10        1064.00        
  28       2               离散机10           45865.10        47410.10        1545.00        
  28       3               离散机6            47410.10        48401.10        991.00         
  28       4               离散机10           48574.10        49782.10        1208.00        
  28       5               离散机10           49782.10        50848.10        1066.00        
  28       6               离散机6            53823.76        54854.76        1031.00        

工件 29:
  29       0               打印机4            0.00            45875.76        45875.76       
  29       1               批处理机2           45875.76        46939.76        1064.00        
  29       2               离散机1            50050.10        51236.10        1186.00        
  29       3               离散机8            53841.10        55020.10        1179.00        

工件 30:
  30       0               打印机1            41434.36        54446.67        13012.31       
  30       1               批处理机2           54446.67        55510.67        1064.00        
  30       2               离散机2            55510.67        56659.67        1149.00        
  30       3               离散机8            56659.67        57666.67        1007.00        
  30       4               离散机5            57666.67        59124.67        1458.00        
  30       5               离散机5            59124.67        60048.67        924.00         
  30       6               离散机5            60048.67        61222.67        1174.00        
  30       7               离散机7            62401.42        63606.42        1205.00        
  30       8               离散机4            70210.18        71587.18        1377.00        
  30       9               离散机7            71587.18        72727.18        1140.00        

工件 31:
  31       0               打印机1            36037.44        41434.36        5396.92        
  31       1               批处理机2           41434.36        42498.36        1064.00        
  31       2               离散机1            42498.36        43912.36        1414.00        
  31       3               离散机8            43912.36        44844.36        932.00         
  31       4               离散机5            47121.10        48629.10        1508.00        
  31       5               离散机9            59921.42        61630.42        1709.00        
  31       6               离散机9            69069.59        70236.59        1167.00        

工件 32:
  32       0               打印机2            0.00            27367.23        27367.23       
  32       1               批处理机2           27367.23        28431.23        1064.00        
  32       2               离散机2            28431.23        29562.23        1131.00        
  32       3               离散机9            29562.23        31044.23        1482.00        
  32       4               离散机1            32153.23        33082.23        929.00         
  32       5               离散机2            34554.23        36249.23        1695.00        
  32       6               离散机5            36249.23        37254.23        1005.00        
  32       7               离散机10           39018.23        40094.23        1076.00        

工件 33:
  33       0               打印机3            0.00            44801.10        44801.10       
  33       1               批处理机2           44801.10        45865.10        1064.00        
  33       2               离散机2            48602.76        50372.76        1770.00        
  33       3               离散机8            51128.10        52653.10        1525.00        
  33       4               离散机9            55578.76        56601.76        1023.00        
  33       5               离散机4            57872.10        58870.10        998.00         
  33       6               离散机5            63419.67        64358.67        939.00         
  33       7               离散机10           67858.63        69265.63        1407.00        

工件 34:
  34       0               打印机4            0.00            45875.76        45875.76       
  34       1               批处理机2           45875.76        46939.76        1064.00        
  34       2               离散机2            46939.76        48602.76        1663.00        
  34       3               离散机1            48656.10        50050.10        1394.00        
  34       4               离散机9            50431.76        51916.76        1485.00        

工件 35:
  35       0               打印机1            0.00            14140.51        14140.51       
  35       1               批处理机2           14140.51        15204.51        1064.00        
  35       2               离散机8            15204.51        16922.51        1718.00        
  35       3               离散机7            22562.51        24261.51        1699.00        

工件 36:
  36       0               打印机1            14140.51        36037.44        21896.92       
  36       1               批处理机2           36037.44        37101.44        1064.00        
  36       2               离散机1            37101.44        38876.44        1775.00        
  36       3               离散机3            38876.44        39926.44        1050.00        
  36       4               离散机4            39926.44        41215.44        1289.00        
  36       5               离散机8            41215.44        42631.44        1416.00        
  36       6               离散机10           43452.36        44400.36        948.00         
  36       7               离散机4            44400.36        45323.36        923.00         
  36       8               离散机4            45323.36        46305.36        982.00         

工件 37:
  37       0               打印机5            0.00            24997.00        24997.00       
  37       1               批处理机2           24997.00        26061.00        1064.00        
  37       2               离散机10           28888.00        30161.00        1273.00        
  37       3               离散机5            30854.23        32055.23        1201.00        
  37       4               离散机6            32055.23        33246.23        1191.00        

工件 38:
  38       0               打印机2            27367.23        57120.42        29753.19       
  38       1               批处理机2           57120.42        58184.42        1064.00        

工件 39:
  39       0               打印机5            0.00            24997.00        24997.00       
  39       1               批处理机2           24997.00        26061.00        1064.00        
  39       2               离散机9            26061.00        27361.00        1300.00        
  39       3               离散机10           40094.23        41032.23        938.00         
  39       4               离散机2            45372.44        46898.44        1526.00        
  39       5               离散机10           70564.63        71990.63        1426.00        

工件 40:
  40       0               打印机3            0.00            44801.10        44801.10       
  40       1               批处理机2           44801.10        45865.10        1064.00        
  40       2               离散机8            45865.10        46976.10        1111.00        
  40       3               离散机9            47979.76        49289.76        1310.00        
  40       4               离散机6            52443.76        53823.76        1380.00        
  40       5               离散机10           55183.10        56511.10        1328.00        
  40       6               离散机10           56511.10        58057.10        1546.00        

工件 41:
  41       0               打印机4            0.00            45875.76        45875.76       
  41       1               批处理机2           45875.76        46939.76        1064.00        
  41       2               离散机7            47150.10        48171.10        1021.00        
  41       3               离散机2            50372.76        52069.76        1697.00        
  41       4               离散机7            53675.10        55207.10        1532.00        
  41       5               离散机2            61398.67        62517.67        1119.00        
  41       6               离散机4            63425.06        65127.06        1702.00        
  41       7               离散机5            66087.67        67357.67        1270.00        

工件 42:
  42       0               打印机2            0.00            27367.23        27367.23       
  42       1               批处理机2           27367.23        28431.23        1064.00        
  42       2               离散机4            33474.23        34869.23        1395.00        
  42       3               离散机10           35388.23        36585.23        1197.00        

工件 43:
  43       0               打印机3            44801.10        56004.63        11203.54       
  43       1               批处理机2           56004.63        57068.63        1064.00        
  43       2               离散机3            57068.63        58106.63        1038.00        
  43       3               离散机1            58106.63        59562.63        1456.00        
  43       4               离散机3            63239.06        64534.06        1295.00        
  43       5               离散机1            64647.63        65743.63        1096.00        
  43       6               离散机6            69019.06        70056.06        1037.00        

工件 44:
  44       0               打印机3            0.00            44801.10        44801.10       
  44       1               批处理机2           44801.10        45865.10        1064.00        
  44       2               离散机6            54854.76        55840.76        986.00         

工件 45:
  45       0               打印机4            45875.76        58575.06        12699.29       
  45       1               批处理机2           58575.06        59639.06        1064.00        
  45       2               离散机3            59639.06        60960.06        1321.00        
  45       3               离散机8            60960.06        62153.06        1193.00        
  45       4               离散机5            62205.67        63419.67        1214.00        
  45       5               离散机8            64549.06        66046.06        1497.00        
  45       6               离散机6            66046.06        67556.06        1510.00        
  45       7               离散机1            67965.63        68922.63        957.00         
  45       8               离散机9            71165.59        72076.59        911.00         

工件 46:
  46       0               打印机5            24997.00        39394.00        14397.00       
  46       1               批处理机2           39394.00        40458.00        1064.00        
  46       2               离散机7            40458.00        41587.00        1129.00        
  46       3               离散机6            41587.00        42590.00        1003.00        
  46       4               离散机3            42590.00        43676.00        1086.00        
  46       5               离散机1            43912.36        44848.36        936.00         
  46       6               离散机1            54144.10        55216.10        1072.00        
  46       7               离散机3            55216.10        56450.10        1234.00        

工件 47:
  47       0               打印机2            0.00            27367.23        27367.23       
  47       1               批处理机2           27367.23        28431.23        1064.00        
  47       2               离散机8            28431.23        29702.23        1271.00        
  47       3               离散机5            29702.23        30854.23        1152.00        
  47       4               离散机10           30854.23        31904.23        1050.00        
  47       5               离散机9            33743.23        35332.23        1589.00        
  47       6               离散机3            43676.00        45119.00        1443.00        
  47       7               离散机4            56656.10        57872.10        1216.00        
  47       8               离散机1            66658.63        67965.63        1307.00        

工件 48:
  48       0               打印机5            0.00            24997.00        24997.00       
  48       1               批处理机2           24997.00        26061.00        1064.00        
  48       2               离散机10           27449.00        28888.00        1439.00        

工件 49:
  49       0               打印机5            24997.00        39394.00        14397.00       
  49       1               批处理机2           39394.00        40458.00        1064.00        
  49       2               离散机6            42590.00        44039.00        1449.00        
  49       3               离散机10           66808.63        67858.63        1050.00        
  49       4               离散机7            69494.18        71045.18        1551.00        

工件 50:
  50       0               打印机2            27367.23        57120.42        29753.19       
  50       1               批处理机2           57120.42        58184.42        1064.00        
  50       2               离散机10           59481.42        60609.42        1128.00        

工件 51:
  51       0               打印机3            0.00            44801.10        44801.10       
  51       1               批处理机2           44801.10        45865.10        1064.00        
  51       2               离散机4            46305.36        47468.36        1163.00        

工件 52:
  52       0               打印机4            0.00            45875.76        45875.76       
  52       1               批处理机2           45875.76        46939.76        1064.00        
  52       2               离散机1            47538.10        48656.10        1118.00        
  52       3               离散机4            48656.10        50451.10        1795.00        
  52       4               离散机10           50848.10        52589.10        1741.00        
  52       5               离散机1            52589.10        54144.10        1555.00        
  52       6               离散机2            59483.67        60498.67        1015.00        
  52       7               离散机10           63190.63        64113.63        923.00         

工件 53:
  53       0               打印机3            0.00            44801.10        44801.10       
  53       1               批处理机2           44801.10        45865.10        1064.00        
  53       2               离散机7            48171.10        49150.10        979.00         
  53       3               离散机4            55451.10        56656.10        1205.00        

工件 54:
  54       0               打印机4            45875.76        58575.06        12699.29       
  54       1               批处理机2           58575.06        59639.06        1064.00        
  54       2               离散机2            71364.18        72323.18        959.00         

工件 55:
  55       0               打印机1            0.00            14140.51        14140.51       
  55       1               批处理机2           14140.51        15204.51        1064.00        
  55       2               离散机10           15204.51        16933.51        1729.00        
  55       3               离散机10           16933.51        18395.51        1462.00        
  55       4               离散机7            21394.51        22562.51        1168.00        
  55       5               离散机3            22562.51        24101.51        1539.00        
  55       6               离散机7            24261.51        25871.51        1610.00        
  55       7               离散机1            35054.23        36452.23        1398.00        

工件 56:
  56       0               打印机5            24997.00        39394.00        14397.00       
  56       1               批处理机2           39394.00        40458.00        1064.00        

工件 57:
  57       0               打印机2            27367.23        57120.42        29753.19       
  57       1               批处理机2           57120.42        58184.42        1064.00        
  57       2               离散机6            60569.42        61695.42        1126.00        
  57       3               离散机8            68391.06        69378.06        987.00         

工件 58:
  58       0               打印机1            0.00            14140.51        14140.51       
  58       1               批处理机2           14140.51        15204.51        1064.00        
  58       2               离散机2            15204.51        16292.51        1088.00        
  58       3               离散机3            16292.51        17810.51        1518.00        
  58       4               离散机6            17810.51        18919.51        1109.00        
  58       5               离散机5            18919.51        20129.51        1210.00        

工件 59:
  59       0               打印机5            0.00            24997.00        24997.00       
  59       1               批处理机2           24997.00        26061.00        1064.00        
  59       2               离散机10           26061.00        27449.00        1388.00        
  59       3               离散机3            27449.00        28394.00        945.00         
  59       4               离散机4            31008.23        32250.23        1242.00        
  59       5               离散机4            42474.44        43408.44        934.00         
  59       6               离散机7            44277.00        45746.00        1469.00        

工件 60:
  60       0               打印机2            0.00            27367.23        27367.23       
  60       1               批处理机2           27367.23        28431.23        1064.00        
  60       2               离散机4            38486.44        39504.44        1018.00        

工件 61:
  61       0               打印机1            0.00            14140.51        14140.51       
  61       1               批处理机2           14140.51        15204.51        1064.00        

工件 62:
  62       0               打印机2            27367.23        57120.42        29753.19       
  62       1               批处理机2           57120.42        58184.42        1064.00        
  62       2               离散机4            58870.10        60153.10        1283.00        

工件 63:
  63       0               打印机4            0.00            45875.76        45875.76       
  63       1               批处理机2           45875.76        46939.76        1064.00        

工件 64:
  64       0               打印机4            45875.76        58575.06        12699.29       
  64       1               批处理机2           58575.06        59639.06        1064.00        
  64       2               离散机9            61630.42        62831.42        1201.00        

工件 65:
  65       0               打印机1            0.00            14140.51        14140.51       
  65       1               批处理机2           14140.51        15204.51        1064.00        
  65       2               离散机9            15204.51        16610.51        1406.00        
  65       3               离散机9            16610.51        18076.51        1466.00        
  65       4               离散机8            18076.51        18985.51        909.00         
  65       5               离散机9            18985.51        20369.51        1384.00        
  65       6               离散机7            20369.51        21394.51        1025.00        

工件 66:
  66       0               打印机2            0.00            27367.23        27367.23       
  66       1               批处理机2           27367.23        28431.23        1064.00        
  66       2               离散机1            28431.23        29734.23        1303.00        
  66       3               离散机10           32820.23        34469.23        1649.00        
  66       4               离散机8            34469.23        35720.23        1251.00        
  66       5               离散机9            39331.00        40485.00        1154.00        
  66       6               离散机1            51236.10        52362.10        1126.00        

工件 67:
  67       0               打印机3            0.00            44801.10        44801.10       
  67       1               批处理机2           44801.10        45865.10        1064.00        
  67       2               离散机9            45865.10        46796.10        931.00         
  67       3               离散机7            52272.10        53675.10        1403.00        
  67       4               离散机10           60609.42        61546.42        937.00         
  67       5               离散机7            68234.18        69494.18        1260.00        

工件 68:
  68       0               打印机4            0.00            45875.76        45875.76       
  68       1               批处理机2           45875.76        46939.76        1064.00        
  68       2               离散机7            50908.10        52272.10        1364.00        
  68       3               离散机4            54006.10        55451.10        1445.00        
  68       4               离散机9            70236.59        71165.59        929.00         

工件 69:
  69       0               打印机2            0.00            27367.23        27367.23       
  69       1               批处理机2           27367.23        28431.23        1064.00        
  69       2               离散机8            29702.23        30908.23        1206.00        
  69       3               离散机7            34378.00        35889.00        1511.00        
  69       4               离散机8            35889.00        37198.00        1309.00        
  69       5               离散机1            40367.44        41710.44        1343.00        
  69       6               离散机8            42631.44        43865.44        1234.00        
  69       7               离散机5            43865.44        45432.44        1567.00        
  69       8               离散机9            56601.76        57599.76        998.00         

工件 70:
  70       0               打印机5            24997.00        39394.00        14397.00       
  70       1               批处理机2           39394.00        40458.00        1064.00        
  70       2               离散机10           41032.23        42214.23        1182.00        

工件 71:
  71       0               打印机4            58575.06        65862.59        7287.53        
  71       1               批处理机2           65862.59        66926.59        1064.00        
  71       2               离散机9            66926.59        67995.59        1069.00        
  71       3               离散机4            68542.18        70210.18        1668.00        
  71       4               离散机2            70210.18        71364.18        1154.00        

工件 72:
  72       0               打印机1            14140.51        36037.44        21896.92       
  72       1               批处理机2           36037.44        37101.44        1064.00        
  72       2               离散机4            37101.44        38486.44        1385.00        
  72       3               离散机1            38876.44        40367.44        1491.00        
  72       4               离散机4            41215.44        42474.44        1259.00        
  72       5               离散机7            42708.00        44277.00        1569.00        
  72       6               离散机10           44400.36        45774.36        1374.00        
  72       7               离散机5            53663.10        54799.10        1136.00        
  72       8               离散机5            71034.18        72426.18        1392.00        

工件 73:
  73       0               打印机5            0.00            24997.00        24997.00       
  73       1               批处理机2           24997.00        26061.00        1064.00        
  73       2               离散机1            26061.00        27096.00        1035.00        

工件 74:
  74       0               打印机1            14140.51        36037.44        21896.92       
  74       1               批处理机2           36037.44        37101.44        1064.00        
  74       2               离散机3            37684.00        38713.00        1029.00        
  74       3               离散机7            39080.00        40325.00        1245.00        
  74       4               离散机2            67985.06        69176.06        1191.00        

工件 75:
  75       0               打印机2            0.00            27367.23        27367.23       
  75       1               批处理机2           27367.23        28431.23        1064.00        
  75       2               离散机4            29847.23        31008.23        1161.00        
  75       3               离散机1            31008.23        32153.23        1145.00        
  75       4               离散机9            32153.23        33743.23        1590.00        
  75       5               离散机3            45119.00        46668.00        1549.00        
  75       6               离散机7            59984.10        60902.10        918.00         

工件 76:
  76       0               打印机4            58575.06        65862.59        7287.53        
  76       1               批处理机2           65862.59        66926.59        1064.00        

工件 77:
  77       0               打印机3            0.00            44801.10        44801.10       
  77       1               批处理机2           44801.10        45865.10        1064.00        
  77       2               离散机10           47410.10        48574.10        1164.00        
  77       3               离散机5            54799.10        56126.10        1327.00        
  77       4               离散机1            56471.76        57899.76        1428.00        

工件 78:
  78       0               打印机2            27367.23        57120.42        29753.19       
  78       1               批处理机2           57120.42        58184.42        1064.00        
  78       2               离散机1            59562.63        60709.63        1147.00        

工件 79:
  79       0               打印机1            0.00            14140.51        14140.51       
  79       1               批处理机2           14140.51        15204.51        1064.00        
  79       2               离散机7            17265.51        18513.51        1248.00        

工件 80:
  80       0               打印机2            0.00            27367.23        27367.23       
  80       1               批处理机2           27367.23        28431.23        1064.00        

工件 81:
  81       0               打印机3            0.00            44801.10        44801.10       
  81       1               批处理机2           44801.10        45865.10        1064.00        
  81       2               离散机4            50451.10        52010.10        1559.00        
  81       3               离散机8            52653.10        53841.10        1188.00        

工件 82:
  82       0               打印机2            0.00            27367.23        27367.23       
  82       1               批处理机2           27367.23        28431.23        1064.00        
  82       2               离散机3            29352.23        30951.23        1599.00        
  82       3               离散机9            31044.23        31973.23        929.00         

工件 83:
  83       0               打印机2            27367.23        57120.42        29753.19       
  83       1               批处理机2           57120.42        58184.42        1064.00        
  83       2               离散机9            58184.42        59921.42        1737.00        
  83       3               离散机8            59921.42        60907.42        986.00         
  83       4               离散机7            60907.42        62401.42        1494.00        
  83       5               离散机6            63283.42        64263.42        980.00         
  83       6               离散机4            67116.18        68542.18        1426.00        
  83       7               离散机3            69864.06        71040.06        1176.00        

工件 84:
  84       0               打印机4            0.00            45875.76        45875.76       
  84       1               批处理机2           45875.76        46939.76        1064.00        

工件 85:
  85       0               打印机4            0.00            45875.76        45875.76       
  85       1               批处理机2           45875.76        46939.76        1064.00        
  85       2               离散机6            48401.10        49643.10        1242.00        
  85       3               离散机9            53907.76        55578.76        1671.00        

工件 86:
  86       0               打印机2            0.00            27367.23        27367.23       
  86       1               批处理机2           27367.23        28431.23        1064.00        
  86       2               离散机5            28431.23        29575.23        1144.00        
  86       3               离散机3            30951.23        32271.23        1320.00        
  86       4               离散机4            34869.23        36641.23        1772.00        
  86       5               离散机10           36641.23        37838.23        1197.00        

工件 87:
  87       0               打印机2            27367.23        57120.42        29753.19       
  87       1               批处理机2           57120.42        58184.42        1064.00        
  87       2               离散机6            58184.42        59537.42        1353.00        
  87       3               离散机9            62831.42        64104.42        1273.00        
  87       4               离散机6            64263.42        65923.42        1660.00        

工件 88:
  88       0               打印机2            0.00            27367.23        27367.23       
  88       1               批处理机2           27367.23        28431.23        1064.00        
  88       2               离散机7            30351.00        31658.00        1307.00        
  88       3               离散机7            31658.00        33021.00        1363.00        
  88       4               离散机6            37266.00        38891.00        1625.00        

工件 89:
  89       0               打印机5            0.00            24997.00        24997.00       
  89       1               批处理机2           24997.00        26061.00        1064.00        
  89       2               离散机5            26061.00        27831.00        1770.00        
  89       3               离散机3            53520.76        54508.76        988.00         

工件 90:
  90       0               打印机5            0.00            24997.00        24997.00       
  90       1               批处理机2           24997.00        26061.00        1064.00        
  90       2               离散机9            27361.00        29104.00        1743.00        

工件 91:
  91       0               打印机5            0.00            24997.00        24997.00       
  91       1               批处理机2           24997.00        26061.00        1064.00        
  91       2               离散机5            34348.23        35987.23        1639.00        

工件 92:
  92       0               打印机2            27367.23        57120.42        29753.19       
  92       1               批处理机2           57120.42        58184.42        1064.00        
  92       2               离散机6            59537.42        60569.42        1032.00        
  92       3               离散机1            61842.63        63182.63        1340.00        

工件 93:
  93       0               打印机3            44801.10        56004.63        11203.54       
  93       1               批处理机2           56004.63        57068.63        1064.00        
  93       2               离散机2            57830.67        59483.67        1653.00        
  93       3               离散机8            63169.06        64549.06        1380.00        
  93       4               离散机10           65319.63        66808.63        1489.00        
  93       5               离散机9            67995.59        69069.59        1074.00        

工件 94:
  94       0               打印机5            0.00            24997.00        24997.00       
  94       1               批处理机2           24997.00        26061.00        1064.00        
  94       2               离散机6            26061.00        27501.00        1440.00        
  94       3               离散机3            32271.23        33822.23        1551.00        
  94       4               离散机10           34469.23        35388.23        919.00         
  94       5               离散机4            43408.44        44362.44        954.00         
  94       6               离散机2            44362.44        45372.44        1010.00        
  94       7               离散机2            65278.67        66872.67        1594.00        

工件 95:
  95       0               打印机1            14140.51        36037.44        21896.92       
  95       1               批处理机2           36037.44        37101.44        1064.00        

工件 96:
  96       0               打印机1            54446.67        63087.18        8640.51        
  96       1               批处理机2           63087.18        64151.18        1064.00        
  96       2               离散机9            64151.18        65435.18        1284.00        
  96       3               离散机4            65435.18        67116.18        1681.00        
  96       4               离散机7            67116.18        68234.18        1118.00        
  96       5               离散机5            68234.18        69796.18        1562.00        
  96       6               离散机8            69796.18        70826.18        1030.00        
  96       7               离散机3            71040.06        72206.06        1166.00        
  96       8               离散机10           72206.06        73217.06        1011.00        

工件 97:
  97       0               打印机2            27367.23        57120.42        29753.19       
  97       1               批处理机2           57120.42        58184.42        1064.00        
  97       2               离散机5            61222.67        62205.67        983.00         
  97       3               离散机1            63182.63        64647.63        1465.00        
  97       4               离散机6            67556.06        69019.06        1463.00        

工件 98:
  98       0               打印机5            0.00            24997.00        24997.00       
  98       1               批处理机2           24997.00        26061.00        1064.00        

工件 99:
  99       0               打印机2            27367.23        57120.42        29753.19       
  99       1               批处理机2           57120.42        58184.42        1064.00        
  99       2               离散机10           58184.42        59481.42        1297.00        
  99       3               离散机3            60960.06        62339.06        1379.00        
  99       4               离散机4            62339.06        63425.06        1086.00        
  99       5               离散机8            66963.06        68391.06        1428.00        
  99       6               离散机10           69265.63        70564.63        1299.00        
  99       7               离散机9            72076.59        73144.59        1068.00        

【机器加工顺序记录】
----------------------------------------------------------------------------------------------------

打印机1:
工件号      工序号             开始时间            结束时间            加工时长           
--------------------------------------------------------------------------------
  3        0               0.00            14140.51        14140.51       
  35       0               0.00            14140.51        14140.51       
  55       0               0.00            14140.51        14140.51       
  58       0               0.00            14140.51        14140.51       
  61       0               0.00            14140.51        14140.51       
  65       0               0.00            14140.51        14140.51       
  79       0               0.00            14140.51        14140.51       
  2        0               14140.51        36037.44        21896.92       
  36       0               14140.51        36037.44        21896.92       
  72       0               14140.51        36037.44        21896.92       
  74       0               14140.51        36037.44        21896.92       
  95       0               14140.51        36037.44        21896.92       
  17       0               36037.44        41434.36        5396.92        
  31       0               36037.44        41434.36        5396.92        
  30       0               41434.36        54446.67        13012.31       
  96       0               54446.67        63087.18        8640.51        

  机器利用率: 329.04% (忙碌时间: 240914.87 / 总时间: 73217.06)

打印机2:
工件号      工序号             开始时间            结束时间            加工时长           
--------------------------------------------------------------------------------
  7        0               0.00            27367.23        27367.23       
  10       0               0.00            27367.23        27367.23       
  14       0               0.00            27367.23        27367.23       
  25       0               0.00            27367.23        27367.23       
  32       0               0.00            27367.23        27367.23       
  42       0               0.00            27367.23        27367.23       
  47       0               0.00            27367.23        27367.23       
  60       0               0.00            27367.23        27367.23       
  66       0               0.00            27367.23        27367.23       
  69       0               0.00            27367.23        27367.23       
  75       0               0.00            27367.23        27367.23       
  80       0               0.00            27367.23        27367.23       
  82       0               0.00            27367.23        27367.23       
  86       0               0.00            27367.23        27367.23       
  88       0               0.00            27367.23        27367.23       
  4        0               27367.23        57120.42        29753.19       
  11       0               27367.23        57120.42        29753.19       
  38       0               27367.23        57120.42        29753.19       
  50       0               27367.23        57120.42        29753.19       
  57       0               27367.23        57120.42        29753.19       
  62       0               27367.23        57120.42        29753.19       
  78       0               27367.23        57120.42        29753.19       
  83       0               27367.23        57120.42        29753.19       
  87       0               27367.23        57120.42        29753.19       
  92       0               27367.23        57120.42        29753.19       
  97       0               27367.23        57120.42        29753.19       
  99       0               27367.23        57120.42        29753.19       

  机器利用率: 1048.32% (忙碌时间: 767546.74 / 总时间: 73217.06)

打印机3:
工件号      工序号             开始时间            结束时间            加工时长           
--------------------------------------------------------------------------------
  5        0               0.00            44801.10        44801.10       
  8        0               0.00            44801.10        44801.10       
  9        0               0.00            44801.10        44801.10       
  21       0               0.00            44801.10        44801.10       
  22       0               0.00            44801.10        44801.10       
  28       0               0.00            44801.10        44801.10       
  33       0               0.00            44801.10        44801.10       
  40       0               0.00            44801.10        44801.10       
  44       0               0.00            44801.10        44801.10       
  51       0               0.00            44801.10        44801.10       
  53       0               0.00            44801.10        44801.10       
  67       0               0.00            44801.10        44801.10       
  77       0               0.00            44801.10        44801.10       
  81       0               0.00            44801.10        44801.10       
  43       0               44801.10        56004.63        11203.54       
  93       0               44801.10        56004.63        11203.54       

  机器利用率: 887.26% (忙碌时间: 649622.44 / 总时间: 73217.06)

打印机4:
工件号      工序号             开始时间            结束时间            加工时长           
--------------------------------------------------------------------------------
  12       0               0.00            45875.76        45875.76       
  13       0               0.00            45875.76        45875.76       
  18       0               0.00            45875.76        45875.76       
  23       0               0.00            45875.76        45875.76       
  24       0               0.00            45875.76        45875.76       
  29       0               0.00            45875.76        45875.76       
  34       0               0.00            45875.76        45875.76       
  41       0               0.00            45875.76        45875.76       
  52       0               0.00            45875.76        45875.76       
  63       0               0.00            45875.76        45875.76       
  68       0               0.00            45875.76        45875.76       
  84       0               0.00            45875.76        45875.76       
  85       0               0.00            45875.76        45875.76       
  0        0               45875.76        58575.06        12699.29       
  16       0               45875.76        58575.06        12699.29       
  45       0               45875.76        58575.06        12699.29       
  54       0               45875.76        58575.06        12699.29       
  64       0               45875.76        58575.06        12699.29       
  71       0               58575.06        65862.59        7287.53        
  76       0               58575.06        65862.59        7287.53        

  机器利用率: 921.17% (忙碌时间: 674456.47 / 总时间: 73217.06)

打印机5:
工件号      工序号             开始时间            结束时间            加工时长           
--------------------------------------------------------------------------------
  1        0               0.00            24997.00        24997.00       
  15       0               0.00            24997.00        24997.00       
  19       0               0.00            24997.00        24997.00       
  20       0               0.00            24997.00        24997.00       
  26       0               0.00            24997.00        24997.00       
  37       0               0.00            24997.00        24997.00       
  39       0               0.00            24997.00        24997.00       
  48       0               0.00            24997.00        24997.00       
  59       0               0.00            24997.00        24997.00       
  73       0               0.00            24997.00        24997.00       
  89       0               0.00            24997.00        24997.00       
  90       0               0.00            24997.00        24997.00       
  91       0               0.00            24997.00        24997.00       
  94       0               0.00            24997.00        24997.00       
  98       0               0.00            24997.00        24997.00       
  6        0               24997.00        39394.00        14397.00       
  27       0               24997.00        39394.00        14397.00       
  46       0               24997.00        39394.00        14397.00       
  49       0               24997.00        39394.00        14397.00       
  56       0               24997.00        39394.00        14397.00       
  70       0               24997.00        39394.00        14397.00       

  机器利用率: 630.09% (忙碌时间: 461337.00 / 总时间: 73217.06)

批处理机1:
工件号      工序号             开始时间            结束时间            加工时长           
--------------------------------------------------------------------------------

  机器利用率: 0.00% (忙碌时间: 0.00 / 总时间: 73217.06)

批处理机2:
工件号      工序号             开始时间            结束时间            加工时长           
--------------------------------------------------------------------------------
  3        1               14140.51        15204.51        1064.00        
  35       1               14140.51        15204.51        1064.00        
  55       1               14140.51        15204.51        1064.00        
  58       1               14140.51        15204.51        1064.00        
  61       1               14140.51        15204.51        1064.00        
  65       1               14140.51        15204.51        1064.00        
  79       1               14140.51        15204.51        1064.00        
  1        1               24997.00        26061.00        1064.00        
  15       1               24997.00        26061.00        1064.00        
  19       1               24997.00        26061.00        1064.00        
  20       1               24997.00        26061.00        1064.00        
  26       1               24997.00        26061.00        1064.00        
  37       1               24997.00        26061.00        1064.00        
  39       1               24997.00        26061.00        1064.00        
  48       1               24997.00        26061.00        1064.00        
  59       1               24997.00        26061.00        1064.00        
  73       1               24997.00        26061.00        1064.00        
  89       1               24997.00        26061.00        1064.00        
  90       1               24997.00        26061.00        1064.00        
  91       1               24997.00        26061.00        1064.00        
  94       1               24997.00        26061.00        1064.00        
  98       1               24997.00        26061.00        1064.00        
  7        1               27367.23        28431.23        1064.00        
  10       1               27367.23        28431.23        1064.00        
  14       1               27367.23        28431.23        1064.00        
  25       1               27367.23        28431.23        1064.00        
  32       1               27367.23        28431.23        1064.00        
  42       1               27367.23        28431.23        1064.00        
  47       1               27367.23        28431.23        1064.00        
  60       1               27367.23        28431.23        1064.00        
  66       1               27367.23        28431.23        1064.00        
  69       1               27367.23        28431.23        1064.00        
  75       1               27367.23        28431.23        1064.00        
  80       1               27367.23        28431.23        1064.00        
  82       1               27367.23        28431.23        1064.00        
  86       1               27367.23        28431.23        1064.00        
  88       1               27367.23        28431.23        1064.00        
  2        1               36037.44        37101.44        1064.00        
  36       1               36037.44        37101.44        1064.00        
  72       1               36037.44        37101.44        1064.00        
  74       1               36037.44        37101.44        1064.00        
  95       1               36037.44        37101.44        1064.00        
  6        1               39394.00        40458.00        1064.00        
  27       1               39394.00        40458.00        1064.00        
  46       1               39394.00        40458.00        1064.00        
  49       1               39394.00        40458.00        1064.00        
  56       1               39394.00        40458.00        1064.00        
  70       1               39394.00        40458.00        1064.00        
  17       1               41434.36        42498.36        1064.00        
  31       1               41434.36        42498.36        1064.00        
  5        1               44801.10        45865.10        1064.00        
  8        1               44801.10        45865.10        1064.00        
  9        1               44801.10        45865.10        1064.00        
  21       1               44801.10        45865.10        1064.00        
  22       1               44801.10        45865.10        1064.00        
  28       1               44801.10        45865.10        1064.00        
  33       1               44801.10        45865.10        1064.00        
  40       1               44801.10        45865.10        1064.00        
  44       1               44801.10        45865.10        1064.00        
  51       1               44801.10        45865.10        1064.00        
  53       1               44801.10        45865.10        1064.00        
  67       1               44801.10        45865.10        1064.00        
  77       1               44801.10        45865.10        1064.00        
  81       1               44801.10        45865.10        1064.00        
  12       1               45875.76        46939.76        1064.00        
  13       1               45875.76        46939.76        1064.00        
  18       1               45875.76        46939.76        1064.00        
  23       1               45875.76        46939.76        1064.00        
  24       1               45875.76        46939.76        1064.00        
  29       1               45875.76        46939.76        1064.00        
  34       1               45875.76        46939.76        1064.00        
  41       1               45875.76        46939.76        1064.00        
  52       1               45875.76        46939.76        1064.00        
  63       1               45875.76        46939.76        1064.00        
  68       1               45875.76        46939.76        1064.00        
  84       1               45875.76        46939.76        1064.00        
  85       1               45875.76        46939.76        1064.00        
  30       1               54446.67        55510.67        1064.00        
  43       1               56004.63        57068.63        1064.00        
  93       1               56004.63        57068.63        1064.00        
  4        1               57120.42        58184.42        1064.00        
  11       1               57120.42        58184.42        1064.00        
  38       1               57120.42        58184.42        1064.00        
  50       1               57120.42        58184.42        1064.00        
  57       1               57120.42        58184.42        1064.00        
  62       1               57120.42        58184.42        1064.00        
  78       1               57120.42        58184.42        1064.00        
  83       1               57120.42        58184.42        1064.00        
  87       1               57120.42        58184.42        1064.00        
  92       1               57120.42        58184.42        1064.00        
  97       1               57120.42        58184.42        1064.00        
  99       1               57120.42        58184.42        1064.00        
  0        1               58575.06        59639.06        1064.00        
  16       1               58575.06        59639.06        1064.00        
  45       1               58575.06        59639.06        1064.00        
  54       1               58575.06        59639.06        1064.00        
  64       1               58575.06        59639.06        1064.00        
  96       1               63087.18        64151.18        1064.00        
  71       1               65862.59        66926.59        1064.00        
  76       1               65862.59        66926.59        1064.00        

  机器利用率: 145.32% (忙碌时间: 106400.00 / 总时间: 73217.06)

离散机1:
工件号      工序号             开始时间            结束时间            加工时长           
--------------------------------------------------------------------------------
  3        2               15204.51        16136.51        932.00         
  73       2               26061.00        27096.00        1035.00        
  66       2               28431.23        29734.23        1303.00        
  75       3               31008.23        32153.23        1145.00        
  32       4               32153.23        33082.23        929.00         
  25       5               33082.23        34128.23        1046.00        
  7        4               34128.23        35054.23        926.00         
  55       7               35054.23        36452.23        1398.00        
  36       2               37101.44        38876.44        1775.00        
  72       3               38876.44        40367.44        1491.00        
  69       5               40367.44        41710.44        1343.00        
  31       2               42498.36        43912.36        1414.00        
  46       5               43912.36        44848.36        936.00         
  5        2               45865.10        47538.10        1673.00        
  52       2               47538.10        48656.10        1118.00        
  34       3               48656.10        50050.10        1394.00        
  29       2               50050.10        51236.10        1186.00        
  66       6               51236.10        52362.10        1126.00        
  52       5               52589.10        54144.10        1555.00        
  46       6               54144.10        55216.10        1072.00        
  8        6               55438.76        56471.76        1033.00        
  77       4               56471.76        57899.76        1428.00        
  43       3               58106.63        59562.63        1456.00        
  78       2               59562.63        60709.63        1147.00        
  4        2               60709.63        61842.63        1133.00        
  92       3               61842.63        63182.63        1340.00        
  97       3               63182.63        64647.63        1465.00        
  43       5               64647.63        65743.63        1096.00        
  0        4               65743.63        66658.63        915.00         
  47       8               66658.63        67965.63        1307.00        
  45       7               67965.63        68922.63        957.00         

  机器利用率: 52.00% (忙碌时间: 38074.00 / 总时间: 73217.06)

离散机2:
工件号      工序号             开始时间            结束时间            加工时长           
--------------------------------------------------------------------------------
  58       2               15204.51        16292.51        1088.00        
  3        4               17265.51        18263.51        998.00         
  3        6               19604.51        20969.51        1365.00        
  15       2               26061.00        27660.00        1599.00        
  32       2               28431.23        29562.23        1131.00        
  25       3               29562.23        30888.23        1326.00        
  7        2               30888.23        31876.23        988.00         
  15       3               31876.23        33464.23        1588.00        
  15       4               33464.23        34554.23        1090.00        
  32       5               34554.23        36249.23        1695.00        
  7        5               36249.23        37594.23        1345.00        
  10       5               37684.00        39413.00        1729.00        
  1        4               39413.00        40337.00        924.00         
  6        3               41463.00        43128.00        1665.00        
  6        4               43128.00        44321.00        1193.00        
  94       6               44362.44        45372.44        1010.00        
  39       4               45372.44        46898.44        1526.00        
  34       2               46939.76        48602.76        1663.00        
  33       2               48602.76        50372.76        1770.00        
  41       3               50372.76        52069.76        1697.00        
  8        4               52443.76        54054.76        1611.00        
  8        5               54054.76        55438.76        1384.00        
  30       2               55510.67        56659.67        1149.00        
  5        5               56659.67        57830.67        1171.00        
  93       2               57830.67        59483.67        1653.00        
  52       6               59483.67        60498.67        1015.00        
  5        6               60498.67        61398.67        900.00         
  41       5               61398.67        62517.67        1119.00        
  16       2               62517.67        64307.67        1790.00        
  17       7               64307.67        65278.67        971.00         
  94       7               65278.67        66872.67        1594.00        
  4        6               66963.06        67985.06        1022.00        
  74       4               67985.06        69176.06        1191.00        
  13       7               69176.06        70157.06        981.00         
  71       4               70210.18        71364.18        1154.00        
  54       2               71364.18        72323.18        959.00         

  机器利用率: 64.27% (忙碌时间: 47054.00 / 总时间: 73217.06)

离散机3:
工件号      工序号             开始时间            结束时间            加工时长           
--------------------------------------------------------------------------------
  58       3               16292.51        17810.51        1518.00        
  55       5               22562.51        24101.51        1539.00        
  1        2               26061.00        27096.00        1035.00        
  59       3               27449.00        28394.00        945.00         
  25       2               28431.23        29352.23        921.00         
  82       2               29352.23        30951.23        1599.00        
  86       3               30951.23        32271.23        1320.00        
  94       3               32271.23        33822.23        1551.00        
  26       5               34378.00        35987.00        1609.00        
  10       4               35987.00        37684.00        1697.00        
  74       2               37684.00        38713.00        1029.00        
  36       3               38876.44        39926.44        1050.00        
  14       5               39926.44        41356.44        1430.00        
  15       6               41356.44        42586.44        1230.00        
  46       4               42590.00        43676.00        1086.00        
  47       6               43676.00        45119.00        1443.00        
  75       5               45119.00        46668.00        1549.00        
  13       2               46939.76        48396.76        1457.00        
  24       2               48396.76        49726.76        1330.00        
  21       2               49726.76        51305.76        1579.00        
  23       3               51305.76        52402.76        1097.00        
  21       3               52402.76        53520.76        1118.00        
  89       3               53520.76        54508.76        988.00         
  46       7               55216.10        56450.10        1234.00        
  43       2               57068.63        58106.63        1038.00        
  11       2               58184.42        59565.42        1381.00        
  45       2               59639.06        60960.06        1321.00        
  99       3               60960.06        62339.06        1379.00        
  0        2               62339.06        63239.06        900.00         
  43       4               63239.06        64534.06        1295.00        
  4        4               64534.06        65765.06        1231.00        
  11       4               65765.06        66756.06        991.00         
  23       7               66756.06        68372.06        1616.00        
  0        5               68372.06        69864.06        1492.00        
  83       7               69864.06        71040.06        1176.00        
  96       7               71040.06        72206.06        1166.00        

  机器利用率: 63.29% (忙碌时间: 46340.00 / 总时间: 73217.06)

离散机4:
工件号      工序号             开始时间            结束时间            加工时长           
--------------------------------------------------------------------------------
  14       2               28431.23        29847.23        1416.00        
  75       2               29847.23        31008.23        1161.00        
  59       4               31008.23        32250.23        1242.00        
  14       3               32250.23        33474.23        1224.00        
  42       2               33474.23        34869.23        1395.00        
  86       4               34869.23        36641.23        1772.00        
  72       2               37101.44        38486.44        1385.00        
  60       2               38486.44        39504.44        1018.00        
  36       4               39926.44        41215.44        1289.00        
  72       4               41215.44        42474.44        1259.00        
  59       5               42474.44        43408.44        934.00         
  94       5               43408.44        44362.44        954.00         
  36       7               44400.36        45323.36        923.00         
  36       8               45323.36        46305.36        982.00         
  51       2               46305.36        47468.36        1163.00        
  52       3               48656.10        50451.10        1795.00        
  81       2               50451.10        52010.10        1559.00        
  24       5               52614.10        54006.10        1392.00        
  68       3               54006.10        55451.10        1445.00        
  53       3               55451.10        56656.10        1205.00        
  47       7               56656.10        57872.10        1216.00        
  33       5               57872.10        58870.10        998.00         
  62       2               58870.10        60153.10        1283.00        
  8        7               60153.10        61814.10        1661.00        
  99       4               62339.06        63425.06        1086.00        
  41       6               63425.06        65127.06        1702.00        
  96       3               65435.18        67116.18        1681.00        
  83       6               67116.18        68542.18        1426.00        
  71       3               68542.18        70210.18        1668.00        
  30       8               70210.18        71587.18        1377.00        

  机器利用率: 54.10% (忙碌时间: 39611.00 / 总时间: 73217.06)

离散机5:
工件号      工序号             开始时间            结束时间            加工时长           
--------------------------------------------------------------------------------
  58       5               18919.51        20129.51        1210.00        
  89       2               26061.00        27831.00        1770.00        
  86       2               28431.23        29575.23        1144.00        
  47       3               29702.23        30854.23        1152.00        
  37       3               30854.23        32055.23        1201.00        
  10       3               32055.23        33123.23        1068.00        
  20       3               33123.23        34348.23        1225.00        
  91       2               34348.23        35987.23        1639.00        
  32       6               36249.23        37254.23        1005.00        
  20       5               37254.23        38485.23        1231.00        
  26       9               39331.00        40827.00        1496.00        
  15       7               42586.44        43499.44        913.00         
  69       7               43865.44        45432.44        1567.00        
  8        2               45865.10        47121.10        1256.00        
  31       4               47121.10        48629.10        1508.00        
  9        3               48629.10        49542.10        913.00         
  13       4               49872.10        51548.10        1676.00        
  24       4               51548.10        52614.10        1066.00        
  13       5               52614.10        53663.10        1049.00        
  72       7               53663.10        54799.10        1136.00        
  77       3               54799.10        56126.10        1327.00        
  17       6               56126.10        57547.10        1421.00        
  30       4               57666.67        59124.67        1458.00        
  30       5               59124.67        60048.67        924.00         
  30       6               60048.67        61222.67        1174.00        
  97       2               61222.67        62205.67        983.00         
  45       4               62205.67        63419.67        1214.00        
  33       6               63419.67        64358.67        939.00         
  5        7               64358.67        66087.67        1729.00        
  41       7               66087.67        67357.67        1270.00        
  96       5               68234.18        69796.18        1562.00        
  23       8               69796.18        71034.18        1238.00        
  72       8               71034.18        72426.18        1392.00        

  机器利用率: 57.17% (忙碌时间: 41856.00 / 总时间: 73217.06)

离散机6:
工件号      工序号             开始时间            结束时间            加工时长           
--------------------------------------------------------------------------------
  58       4               17810.51        18919.51        1109.00        
  94       2               26061.00        27501.00        1440.00        
  10       2               28431.23        29435.23        1004.00        
  26       3               29435.23        30577.23        1142.00        
  37       4               32055.23        33246.23        1191.00        
  14       4               33474.23        34565.23        1091.00        
  20       4               34565.23        35825.23        1260.00        
  26       6               35987.00        37266.00        1279.00        
  88       4               37266.00        38891.00        1625.00        
  6        2               40458.00        41463.00        1005.00        
  46       3               41587.00        42590.00        1003.00        
  49       2               42590.00        44039.00        1449.00        
  17       3               44039.00        45277.00        1238.00        
  14       7               45277.00        46489.00        1212.00        
  28       3               47410.10        48401.10        991.00         
  85       2               48401.10        49643.10        1242.00        
  24       3               49726.76        51416.76        1690.00        
  8        3               51416.76        52443.76        1027.00        
  40       4               52443.76        53823.76        1380.00        
  28       6               53823.76        54854.76        1031.00        
  44       2               54854.76        55840.76        986.00         
  21       4               55840.76        57405.76        1565.00        
  87       2               58184.42        59537.42        1353.00        
  92       2               59537.42        60569.42        1032.00        
  57       2               60569.42        61695.42        1126.00        
  23       5               61695.42        63283.42        1588.00        
  83       5               63283.42        64263.42        980.00         
  87       4               64263.42        65923.42        1660.00        
  45       6               66046.06        67556.06        1510.00        
  97       4               67556.06        69019.06        1463.00        
  43       6               69019.06        70056.06        1037.00        
  17       8               70056.06        70975.06        919.00         
  4        7               70975.06        72313.06        1338.00        

  机器利用率: 55.95% (忙碌时间: 40966.00 / 总时间: 73217.06)

离散机7:
工件号      工序号             开始时间            结束时间            加工时长           
--------------------------------------------------------------------------------
  3        3               16136.51        17265.51        1129.00        
  79       2               17265.51        18513.51        1248.00        
  3        5               18513.51        19604.51        1091.00        
  65       6               20369.51        21394.51        1025.00        
  55       4               21394.51        22562.51        1168.00        
  35       3               22562.51        24261.51        1699.00        
  55       6               24261.51        25871.51        1610.00        
  26       2               26061.00        27735.00        1674.00        
  19       2               27735.00        29169.00        1434.00        
  20       2               29169.00        30351.00        1182.00        
  88       2               30351.00        31658.00        1307.00        
  88       3               31658.00        33021.00        1363.00        
  26       4               33021.00        34378.00        1357.00        
  69       3               34378.00        35889.00        1511.00        
  15       5               35889.00        37298.00        1409.00        
  1        3               37298.00        39080.00        1782.00        
  74       3               39080.00        40325.00        1245.00        
  46       2               40458.00        41587.00        1129.00        
  14       6               41587.00        42708.00        1121.00        
  72       5               42708.00        44277.00        1569.00        
  59       6               44277.00        45746.00        1469.00        
  9        2               45865.10        47150.10        1285.00        
  41       2               47150.10        48171.10        1021.00        
  53       2               48171.10        49150.10        979.00         
  12       2               49150.10        50908.10        1758.00        
  68       2               50908.10        52272.10        1364.00        
  67       3               52272.10        53675.10        1403.00        
  41       4               53675.10        55207.10        1532.00        
  23       4               55207.10        56964.10        1757.00        
  24       8               56964.10        58373.10        1409.00        
  13       6               58373.10        59984.10        1611.00        
  75       6               59984.10        60902.10        918.00         
  83       4               60907.42        62401.42        1494.00        
  30       7               62401.42        63606.42        1205.00        
  16       3               64307.67        65876.67        1569.00        
  25       7               65876.67        67030.67        1154.00        
  96       4               67116.18        68234.18        1118.00        
  67       5               68234.18        69494.18        1260.00        
  49       4               69494.18        71045.18        1551.00        
  30       9               71587.18        72727.18        1140.00        

  机器利用率: 73.82% (忙碌时间: 54050.00 / 总时间: 73217.06)

离散机8:
工件号      工序号             开始时间            结束时间            加工时长           
--------------------------------------------------------------------------------
  35       2               15204.51        16922.51        1718.00        
  65       4               18076.51        18985.51        909.00         
  47       2               28431.23        29702.23        1271.00        
  69       2               29702.23        30908.23        1206.00        
  7        3               31876.23        33092.23        1216.00        
  66       4               34469.23        35720.23        1251.00        
  69       4               35889.00        37198.00        1309.00        
  10       6               39413.00        40746.00        1333.00        
  36       5               41215.44        42631.44        1416.00        
  69       6               42631.44        43865.44        1234.00        
  31       3               43912.36        44844.36        932.00         
  40       2               45865.10        46976.10        1111.00        
  5        3               47538.10        48834.10        1296.00        
  13       3               48834.10        49872.10        1038.00        
  5        4               49872.10        51128.10        1256.00        
  33       3               51128.10        52653.10        1525.00        
  81       3               52653.10        53841.10        1188.00        
  29       3               53841.10        55020.10        1179.00        
  24       7               55183.10        56601.10        1418.00        
  30       3               56659.67        57666.67        1007.00        
  14       9               57666.67        59284.67        1618.00        
  83       3               59921.42        60907.42        986.00         
  45       3               60960.06        62153.06        1193.00        
  11       3               62153.06        63169.06        1016.00        
  93       3               63169.06        64549.06        1380.00        
  45       5               64549.06        66046.06        1497.00        
  4        5               66046.06        66963.06        917.00         
  99       5               66963.06        68391.06        1428.00        
  57       3               68391.06        69378.06        987.00         
  96       6               69796.18        70826.18        1030.00        
  11       5               70826.18        71764.18        938.00         
  11       6               71764.18        72780.18        1016.00        

  机器利用率: 53.02% (忙碌时间: 38819.00 / 总时间: 73217.06)

离散机9:
工件号      工序号             开始时间            结束时间            加工时长           
--------------------------------------------------------------------------------
  65       2               15204.51        16610.51        1406.00        
  65       3               16610.51        18076.51        1466.00        
  65       5               18985.51        20369.51        1384.00        
  39       2               26061.00        27361.00        1300.00        
  90       2               27361.00        29104.00        1743.00        
  32       3               29562.23        31044.23        1482.00        
  82       3               31044.23        31973.23        929.00         
  75       4               32153.23        33743.23        1590.00        
  47       5               33743.23        35332.23        1589.00        
  25       6               35332.23        37050.23        1718.00        
  26       7               37266.00        38267.00        1001.00        
  26       8               38267.00        39331.00        1064.00        
  66       5               39331.00        40485.00        1154.00        
  7        6               40485.00        41947.00        1462.00        
  20       6               41947.00        43311.00        1364.00        
  6        5               44321.00        45598.00        1277.00        
  67       2               45865.10        46796.10        931.00         
  23       2               46939.76        47979.76        1040.00        
  40       3               47979.76        49289.76        1310.00        
  18       2               49289.76        50431.76        1142.00        
  34       4               50431.76        51916.76        1485.00        
  17       4               51916.76        52901.76        985.00         
  17       5               52901.76        53907.76        1006.00        
  85       3               53907.76        55578.76        1671.00        
  33       4               55578.76        56601.76        1023.00        
  69       8               56601.76        57599.76        998.00         
  83       2               58184.42        59921.42        1737.00        
  31       5               59921.42        61630.42        1709.00        
  64       2               61630.42        62831.42        1201.00        
  87       3               62831.42        64104.42        1273.00        
  96       2               64151.18        65435.18        1284.00        
  23       6               65435.18        66532.18        1097.00        
  71       2               66926.59        67995.59        1069.00        
  93       5               67995.59        69069.59        1074.00        
  31       6               69069.59        70236.59        1167.00        
  68       4               70236.59        71165.59        929.00         
  45       8               71165.59        72076.59        911.00         
  99       7               72076.59        73144.59        1068.00        

  机器利用率: 65.61% (忙碌时间: 48039.00 / 总时间: 73217.06)

离散机10:
工件号      工序号             开始时间            结束时间            加工时长           
--------------------------------------------------------------------------------
  55       2               15204.51        16933.51        1729.00        
  55       3               16933.51        18395.51        1462.00        
  59       2               26061.00        27449.00        1388.00        
  48       2               27449.00        28888.00        1439.00        
  37       2               28888.00        30161.00        1273.00        
  47       4               30854.23        31904.23        1050.00        
  25       4               31904.23        32820.23        916.00         
  66       3               32820.23        34469.23        1649.00        
  94       4               34469.23        35388.23        919.00         
  42       3               35388.23        36585.23        1197.00        
  86       5               36641.23        37838.23        1197.00        
  2        2               37838.23        39018.23        1180.00        
  32       7               39018.23        40094.23        1076.00        
  39       3               40094.23        41032.23        938.00         
  70       2               41032.23        42214.23        1182.00        
  17       2               42498.36        43452.36        954.00         
  36       6               43452.36        44400.36        948.00         
  72       6               44400.36        45774.36        1374.00        
  28       2               45865.10        47410.10        1545.00        
  77       2               47410.10        48574.10        1164.00        
  28       4               48574.10        49782.10        1208.00        
  28       5               49782.10        50848.10        1066.00        
  52       4               50848.10        52589.10        1741.00        
  14       8               52589.10        53846.10        1257.00        
  24       6               54006.10        55183.10        1177.00        
  40       5               55183.10        56511.10        1328.00        
  40       6               56511.10        58057.10        1546.00        
  99       2               58184.42        59481.42        1297.00        
  50       2               59481.42        60609.42        1128.00        
  67       4               60609.42        61546.42        937.00         
  4        3               61842.63        63190.63        1348.00        
  52       7               63190.63        64113.63        923.00         
  0        3               64113.63        65319.63        1206.00        
  93       4               65319.63        66808.63        1489.00        
  49       3               66808.63        67858.63        1050.00        
  33       7               67858.63        69265.63        1407.00        
  99       6               69265.63        70564.63        1299.00        
  39       5               70564.63        71990.63        1426.00        
  96       8               72206.06        73217.06        1011.00        

  机器利用率: 66.14% (忙碌时间: 48424.00 / 总时间: 73217.06)

【打印批次详细信息】
----------------------------------------------------------------------------------------------------

打印机 1 (尺寸: 1033.0 x 412.0 x 635.0):
--------------------------------------------------------------------------------
  批次 1: 零件数=7, 占用率=86.99%
    - 65: 尺寸 688.0 x 246.0 x 28.0
    - 58: 尺寸 181.0 x 246.0 x 77.0
    - 79: 尺寸 155.0 x 382.0 x 83.0
    - 35: 尺寸 106.0 x 96.0 x 48.0
    - 61: 尺寸 533.0 x 123.0 x 54.0
    - 3: 尺寸 114.0 x 130.0 x 98.0
    - 55: 尺寸 72.0 x 93.0 x 88.0
  批次 2: 零件数=5, 占用率=88.64%
    - 72: 尺寸 426.0 x 214.0 x 34.0
    - 2: 尺寸 568.0 x 184.0 x 44.0
    - 95: 尺寸 202.0 x 55.0 x 55.0
    - 74: 尺寸 488.0 x 192.0 x 92.0
    - 36: 尺寸 468.0 x 164.0 x 153.0
  批次 3: 零件数=2, 占用率=57.32%
    - 31: 尺寸 355.0 x 260.0 x 20.0
    - 17: 尺寸 668.0 x 227.0 x 36.0
  批次 4: 零件数=1, 占用率=54.16%
    - 30: 尺寸 686.0 x 336.0 x 90.0
  批次 5: 零件数=1, 占用率=55.97%
    - 96: 尺寸 711.0 x 335.0 x 59.0

打印机 2 (尺寸: 1163.0 x 587.0 x 663.0):
--------------------------------------------------------------------------------
  批次 1: 零件数=15, 占用率=93.55%
    - 88: 尺寸 385.0 x 207.0 x 83.0
    - 25: 尺寸 202.0 x 207.0 x 33.0
    - 10: 尺寸 480.0 x 155.0 x 175.0
    - 32: 尺寸 66.0 x 98.0 x 75.0
    - 42: 尺寸 86.0 x 114.0 x 61.0
    - 75: 尺寸 460.0 x 290.0 x 105.0
    - 60: 尺寸 363.0 x 170.0 x 19.0
    - 14: 尺寸 183.0 x 98.0 x 54.0
    - 80: 尺寸 106.0 x 152.0 x 19.0
    - 82: 尺寸 191.0 x 198.0 x 181.0
    - 7: 尺寸 105.0 x 98.0 x 89.0
    - 86: 尺寸 349.0 x 205.0 x 127.0
    - 66: 尺寸 438.0 x 139.0 x 124.0
    - 69: 尺寸 101.0 x 76.0 x 43.0
    - 47: 尺寸 178.0 x 51.0 x 176.0
  批次 2: 零件数=12, 占用率=84.30%
    - 99: 尺寸 390.0 x 203.0 x 186.0
    - 11: 尺寸 306.0 x 123.0 x 35.0
    - 92: 尺寸 440.0 x 247.0 x 168.0
    - 78: 尺寸 257.0 x 259.0 x 55.0
    - 50: 尺寸 123.0 x 185.0 x 171.0
    - 97: 尺寸 213.0 x 107.0 x 56.0
    - 83: 尺寸 441.0 x 153.0 x 197.0
    - 38: 尺寸 118.0 x 144.0 x 155.0
    - 57: 尺寸 114.0 x 139.0 x 92.0
    - 4: 尺寸 148.0 x 136.0 x 21.0
    - 62: 尺寸 188.0 x 133.0 x 95.0
    - 87: 尺寸 690.0 x 134.0 x 26.0

打印机 3 (尺寸: 941.0 x 424.0 x 663.0):
--------------------------------------------------------------------------------
  批次 1: 零件数=14, 占用率=72.23%
    - 77: 尺寸 509.0 x 204.0 x 43.0
    - 40: 尺寸 122.0 x 148.0 x 103.0
    - 28: 尺寸 108.0 x 148.0 x 40.0
    - 5: 尺寸 187.0 x 63.0 x 153.0
    - 81: 尺寸 134.0 x 93.0 x 170.0
    - 21: 尺寸 53.0 x 109.0 x 36.0
    - 33: 尺寸 98.0 x 143.0 x 20.0
    - 51: 尺寸 135.0 x 173.0 x 83.0
    - 67: 尺寸 144.0 x 121.0 x 191.0
    - 8: 尺寸 155.0 x 115.0 x 87.0
    - 22: 尺寸 69.0 x 106.0 x 68.0
    - 9: 尺寸 101.0 x 149.0 x 45.0
    - 53: 尺寸 142.0 x 121.0 x 188.0
    - 44: 尺寸 79.0 x 103.0 x 14.0
  批次 2: 零件数=2, 占用率=52.85%
    - 43: 尺寸 713.0 x 239.0 x 46.0
    - 93: 尺寸 139.0 x 291.0 x 38.0

打印机 4 (尺寸: 1081.0 x 523.0 x 615.0):
--------------------------------------------------------------------------------
  批次 1: 零件数=13, 占用率=82.98%
    - 41: 尺寸 420.0 x 84.0 x 65.0
    - 85: 尺寸 205.0 x 63.0 x 96.0
    - 23: 尺寸 422.0 x 283.0 x 63.0
    - 68: 尺寸 227.0 x 413.0 x 174.0
    - 24: 尺寸 187.0 x 173.0 x 33.0
    - 29: 尺寸 137.0 x 302.0 x 33.0
    - 13: 尺寸 87.0 x 87.0 x 191.0
    - 52: 尺寸 59.0 x 170.0 x 100.0
    - 34: 尺寸 206.0 x 118.0 x 193.0
    - 18: 尺寸 207.0 x 134.0 x 86.0
    - 63: 尺寸 195.0 x 163.0 x 52.0
    - 84: 尺寸 132.0 x 148.0 x 176.0
    - 12: 尺寸 132.0 x 99.0 x 97.0
  批次 2: 零件数=5, 占用率=71.55%
    - 64: 尺寸 441.0 x 333.0 x 52.0
    - 54: 尺寸 529.0 x 120.0 x 52.0
    - 0: 尺寸 268.0 x 250.0 x 27.0
    - 45: 尺寸 266.0 x 241.0 x 26.0
    - 16: 尺寸 441.0 x 143.0 x 42.0
  批次 3: 零件数=2, 占用率=37.91%
    - 71: 尺寸 699.0 x 267.0 x 29.0
    - 76: 尺寸 165.0 x 168.0 x 18.0

打印机 5 (尺寸: 1118.0 x 504.0 x 631.0):
--------------------------------------------------------------------------------
  批次 1: 零件数=15, 占用率=87.72%
    - 19: 尺寸 220.0 x 58.0 x 76.0
    - 15: 尺寸 255.0 x 172.0 x 44.0
    - 37: 尺寸 208.0 x 179.0 x 109.0
    - 39: 尺寸 396.0 x 158.0 x 123.0
    - 48: 尺寸 205.0 x 200.0 x 83.0
    - 26: 尺寸 353.0 x 115.0 x 50.0
    - 20: 尺寸 89.0 x 142.0 x 104.0
    - 89: 尺寸 233.0 x 185.0 x 23.0
    - 98: 尺寸 197.0 x 134.0 x 63.0
    - 94: 尺寸 86.0 x 78.0 x 15.0
    - 90: 尺寸 85.0 x 241.0 x 93.0
    - 73: 尺寸 177.0 x 159.0 x 112.0
    - 59: 尺寸 159.0 x 229.0 x 122.0
    - 91: 尺寸 133.0 x 179.0 x 39.0
    - 1: 尺寸 465.0 x 126.0 x 96.0
  批次 2: 零件数=6, 占用率=78.37%
    - 6: 尺寸 306.0 x 134.0 x 68.0
    - 46: 尺寸 389.0 x 123.0 x 52.0
    - 70: 尺寸 217.0 x 139.0 x 55.0
    - 27: 尺寸 565.0 x 191.0 x 59.0
    - 56: 尺寸 305.0 x 312.0 x 32.0
    - 49: 尺寸 720.0 x 166.0 x 70.0

════════════════════════════════════════════════════════════════
