════════════════════════════════════════════════════════════════
              最优Cmax解的详细调度记录
════════════════════════════════════════════════════════════════

【基本信息】
----------------------------------------------------------------------------------------------------
Cmax (最大完工时间): 65319.58
能耗: 755.68 kWh
装箱质量: 0.4464
批次总数: 12
工件数量: 100
机器数量: 17 (打印机:5, 批处理机:2, 离散机:10)

【染色体编码】
----------------------------------------------------------------------------------------------------
工序序列 (OS): [52, 57, 17, 35, 3, 32, 41, 75, 0, 44, 59, 84, 58, 96, 28, 61, 24, 27, 15, 73, 21, 95, 63, 72, 7, 47, 91, 54, 79, 92, 74, 43, 81, 1, 26, 53, 89, 34, 46, 5, 87, 31, 48, 62, 38, 14, 70, 23, 19, 39, 51, 69, 16, 88, 66, 77, 56, 93, 33, 90, 55, 94, 99, 83, 10, 13, 8, 36, 6, 22, 76, 64, 67, 65, 29, 71, 86, 49, 80, 60, 78, 45, 4, 25, 40, 30, 82, 42, 68, 97, 98, 85, 20, 11, 9, 18, 12, 50, 37, 2, 13, 40, 50, 37, 96, 1, 39, 98, 86, 91, 47, 7, 34, 90, 43, 74, 38, 78, 85, 62, 17, 88, 24, 42, 38, 21, 98, 83, 59, 11, 11, 43, 42, 85, 36, 39, 23, 38, 88, 32, 74, 3, 63, 8, 94, 73, 0, 78, 11, 46, 13, 35, 9, 96, 84, 55, 2, 55, 64, 83, 71, 99, 33, 7, 9, 50, 91, 42, 21, 39, 8, 67, 15, 97, 23, 97, 88, 8, 41, 89, 27, 1, 4, 78, 42, 7, 82, 84, 44, 42, 10, 53, 9, 43, 35, 82, 31, 23, 55, 97, 32, 93, 69, 88, 94, 78, 69, 40, 84, 46, 84, 8, 8, 23, 57, 25, 82, 45, 66, 8, 71, 90, 45, 82, 97, 53, 3, 55, 39, 39, 78, 9, 61, 56, 76, 20, 18, 84, 83, 98, 47, 27, 48, 63, 31, 70, 46, 64, 55, 5, 63, 50, 95, 76, 45, 47, 94, 35, 20, 50, 36, 37, 4, 37, 36, 64, 89, 67, 30, 50, 52, 29, 82, 5, 67, 37, 35, 44, 96, 73, 37, 9, 39, 21, 3, 31, 69, 81, 71, 95, 89, 33, 55, 73, 97, 74, 16, 35, 98, 46, 21, 93, 88, 4, 94, 48, 17, 42, 43, 35, 2, 58, 89, 32, 96, 47, 66, 9, 27, 43, 3, 6, 50, 67, 83, 96, 90, 63, 50, 38, 27, 66, 45, 45, 8, 45, 21, 55, 66, 53, 83, 35, 33, 78, 89, 25, 19, 94, 62, 74, 48, 55, 11, 77, 29, 11, 73, 93, 59, 80, 27, 36, 99, 90, 65, 8, 0, 1, 61, 70, 97, 82, 3, 1, 52, 23, 27, 20, 45, 90, 59, 45, 36, 20, 1, 38, 50, 32, 84, 86, 99, 9, 56, 3, 1, 78, 19, 95, 2, 69, 30, 76, 88, 16, 76, 4, 90, 86, 89, 86, 42, 39, 31, 86, 63, 4, 93, 13, 90, 11, 96, 48, 58, 40, 59, 88, 27, 21, 9, 43, 85, 44, 64, 53, 74, 43, 85, 54, 88, 93, 78, 75, 49, 82, 14, 66, 59, 89, 37, 21, 24, 68, 1, 64, 43, 67, 47, 57]
机器选择 (MS): [3, 2, 3, 3, 3, 2, 3, 2, 2, 2, 3, 3, 3, 3, 2, 2, 3, 3, 3, 3, 3, 2, 2, 2, 3, 2, 3, 2, 3, 2, 3, 3, 3, 2, 3, 2, 1, 2, 2, 4, 2, 3, 3, 5, 1, 4, 3, 3, 3, 2, 1, 5, 2, 3, 2, 4, 2, 3, 5, 4, 5, 3, 2, 3, 5, 3, 4, 1, 5, 1, 2, 5, 2, 3, 3, 3, 3, 1, 5, 2, 5, 4, 4, 5, 5, 2, 2, 5, 3, 4, 3, 3, 2, 3, 3, 3, 4, 4, 2, 5, 2, 1, 3, 1, 1, 2, 1, 1, 1, 2, 1, 1, 1, 1, 2, 1, 1, 3, 1, 3, 1, 1, 2, 1, 1, 2, 2, 1, 3, 1, 1, 3, 1, 2, 2, 2, 1, 1, 3, 1, 1, 2, 2, 3, 2, 3, 3, 1, 1, 2, 2, 2, 2, 1, 1, 2, 3, 2, 1, 1, 1, 2, 2, 1, 2, 1, 3, 2, 1, 1, 3, 1, 2, 2, 1, 1, 2, 3, 1, 1, 1, 1, 3, 3, 1, 2, 1, 1, 1, 1, 2, 1, 1, 1, 2, 1, 1, 3, 3, 3, 2, 1, 2, 2, 1, 1, 2, 1, 2, 2, 2, 2, 1, 1, 1, 2, 2, 1, 1, 1, 1, 3, 1, 2, 3, 1, 1, 1, 1, 1, 3, 2, 1, 1, 1, 1, 2, 1, 1, 1, 3, 1, 1, 1, 1, 3, 2, 1, 2, 2, 1, 1, 1, 1, 2, 1, 1, 3, 1, 1, 1, 1, 1, 3, 2, 1, 2, 1, 1, 1, 1, 1, 1, 2, 3, 1, 1, 2, 2, 3, 1, 1, 1, 1, 1, 2, 1, 1, 1, 2, 1, 2, 2, 2, 3, 1, 1, 1, 2, 2, 1, 1, 2, 1, 2, 2, 2, 1, 1, 1, 1, 2, 2, 1, 1, 1, 1, 1, 1, 2, 1, 1, 1, 3, 2, 1, 1, 1, 2, 1, 2, 2, 1, 1, 1, 1, 1, 2, 1, 1, 1, 1, 1, 1, 1, 1, 3, 1, 2, 1, 1, 1, 1, 1, 2, 1, 1, 2, 1, 3, 1, 1, 1, 2, 2, 3, 1, 1, 1, 2, 1, 1, 2, 2, 1, 1, 1, 3, 1, 1, 2, 1, 2, 1, 1, 1, 1, 1, 2, 2, 2, 3, 2, 1, 2, 1, 1, 2, 2, 1, 1, 2, 1, 2, 1, 1, 2, 1, 3, 2, 1, 2, 1, 1, 1, 1, 1, 2, 1, 1, 1, 1, 1, 1, 2, 3, 2, 1, 1, 1, 1, 2, 1, 3, 1, 2, 1, 2, 3, 2, 2, 2, 1, 2, 3, 3, 1, 1, 1, 1, 1, 1, 3, 1, 2, 2, 1, 1]

【零件加工顺序记录】
----------------------------------------------------------------------------------------------------
工件号      工序号             机器号             开始时间            结束时间            加工时长           
----------------------------------------------------------------------------------------------------

工件 0:
  0        0               打印机2            0.00            21238.86        21238.86       
  0        1               批处理机1           21564.81        22424.81        860.00         
  0        2               离散机5            24520.32        25946.32        1426.00        
  0        3               离散机2            42267.57        43837.57        1570.00        

工件 1:
  1        0               打印机2            0.00            21238.86        21238.86       
  1        1               批处理机1           21564.81        22424.81        860.00         
  1        2               离散机8            23174.32        24482.32        1308.00        
  1        3               离散机1            25449.32        26753.32        1304.00        
  1        4               离散机6            37830.81        38949.81        1119.00        
  1        5               离散机9            51492.00        52506.00        1014.00        
  1        6               离散机6            55387.00        56897.00        1510.00        
  1        7               离散机8            58692.58        60098.58        1406.00        
  1        8               离散机4            61101.58        62160.58        1059.00        

工件 2:
  2        0               打印机5            0.00            15730.35        15730.35       
  2        1               批处理机1           15730.35        16590.35        860.00         
  2        2               离散机8            16590.35        18380.35        1790.00        
  2        3               离散机4            18585.35        20315.35        1730.00        
  2        4               离散机3            20315.35        21401.35        1086.00        

工件 3:
  3        0               打印机3            0.00            20966.32        20966.32       
  3        1               批处理机2           20966.32        21880.32        914.00         
  3        2               离散机3            23972.81        25318.81        1346.00        
  3        3               离散机1            27765.32        28721.32        956.00         
  3        4               离散机6            32484.81        33429.81        945.00         
  3        5               离散机2            34693.32        36014.32        1321.00        
  3        6               离散机7            47967.21        49282.21        1315.00        
  3        7               离散机9            55982.00        56997.00        1015.00        

工件 4:
  4        0               打印机4            0.00            20704.81        20704.81       
  4        1               批处理机1           20704.81        21564.81        860.00         
  4        2               离散机6            25116.81        26128.81        1012.00        
  4        3               离散机5            29843.32        30814.32        971.00         
  4        4               离散机6            34960.81        36758.81        1798.00        
  4        5               离散机6            56897.00        57881.00        984.00         
  4        6               离散机8            61127.58        62093.58        966.00         

工件 5:
  5        0               打印机4            0.00            20704.81        20704.81       
  5        1               批处理机1           20704.81        21564.81        860.00         
  5        2               离散机6            28415.81        29585.81        1170.00        
  5        3               离散机4            32102.81        33032.81        930.00         

工件 6:
  6        0               打印机5            0.00            15730.35        15730.35       
  6        1               批处理机1           15730.35        16590.35        860.00         
  6        2               离散机9            20405.35        21823.35        1418.00        

工件 7:
  7        0               打印机3            0.00            20966.32        20966.32       
  7        1               批处理机2           20966.32        21880.32        914.00         
  7        2               离散机2            21880.32        23186.32        1306.00        
  7        3               离散机1            24444.32        25449.32        1005.00        
  7        4               离散机10           25449.32        27110.32        1661.00        

工件 8:
  8        0               打印机4            0.00            20704.81        20704.81       
  8        1               批处理机1           20704.81        21564.81        860.00         
  8        2               离散机3            25318.81        27050.81        1732.00        
  8        3               离散机4            27050.81        28147.81        1097.00        
  8        4               离散机9            28147.81        29438.81        1291.00        
  8        5               离散机4            31132.81        32102.81        970.00         
  8        6               离散机5            34228.93        35408.93        1180.00        
  8        7               离散机3            35408.93        36615.93        1207.00        
  8        8               离散机4            37785.93        39131.93        1346.00        
  8        9               离散机6            53774.00        55387.00        1613.00        

工件 9:
  9        0               打印机3            0.00            20966.32        20966.32       
  9        1               批处理机2           20966.32        21880.32        914.00         
  9        2               离散机1            23207.32        24444.32        1237.00        
  9        3               离散机7            25296.81        26353.81        1057.00        
  9        4               离散机3            30029.81        31650.81        1621.00        
  9        5               离散机10           33962.93        34890.93        928.00         
  9        6               离散机9            34890.93        36345.93        1455.00        
  9        7               离散机4            36871.93        37785.93        914.00         
  9        8               离散机9            49419.57        50328.57        909.00         
  9        9               离散机8            63303.58        65103.58        1800.00        

工件 10:
  10       0               打印机5            0.00            15730.35        15730.35       
  10       1               批处理机1           15730.35        16590.35        860.00         
  10       2               离散机8            20234.35        21530.35        1296.00        

工件 11:
  11       0               打印机3            38248.42        45004.21        6755.79        
  11       1               批处理机1           45004.21        45864.21        860.00         
  11       2               离散机5            45864.21        46846.21        982.00         
  11       3               离散机1            46846.21        48058.21        1212.00        
  11       4               离散机3            48058.21        49179.21        1121.00        
  11       5               离散机5            51506.71        52533.71        1027.00        
  11       6               离散机5            59316.58        60221.58        905.00         
  11       7               离散机7            61758.58        62779.58        1021.00        

工件 12:
  12       0               打印机4            20704.81        29618.93        8914.12        
  12       1               批处理机1           29618.93        30478.93        860.00         

工件 13:
  13       0               打印机3            45004.21        54391.58        9387.37        
  13       1               批处理机1           54391.58        55251.58        860.00         
  13       2               离散机4            55251.58        56185.58        934.00         
  13       3               离散机8            57285.58        58692.58        1407.00        
  13       4               离散机3            63446.58        64932.58        1486.00        

工件 14:
  14       0               打印机4            0.00            20704.81        20704.81       
  14       1               批处理机1           20704.81        21564.81        860.00         
  14       2               离散机7            56273.58        57214.58        941.00         

工件 15:
  15       0               打印机3            20966.32        38248.42        17282.11       
  15       1               批处理机1           38248.42        39108.42        860.00         
  15       2               离散机10           39108.42        40008.42        900.00         

工件 16:
  16       0               打印机2            39370.57        49573.71        10203.14       
  16       1               批处理机1           49573.71        50433.71        860.00         
  16       2               离散机5            50433.71        51506.71        1073.00        
  16       3               离散机5            61544.58        63011.58        1467.00        

工件 17:
  17       0               打印机3            0.00            20966.32        20966.32       
  17       1               批处理机2           20966.32        21880.32        914.00         
  17       2               离散机10           23472.81        24897.81        1425.00        
  17       3               离散机9            36345.93        37968.93        1623.00        

工件 18:
  18       0               打印机3            20966.32        38248.42        17282.11       
  18       1               批处理机1           38248.42        39108.42        860.00         
  18       2               离散机8            43142.57        44061.57        919.00         

工件 19:
  19       0               打印机3            45004.21        54391.58        9387.37        
  19       1               批处理机1           54391.58        55251.58        860.00         
  19       2               离散机2            58363.58        59409.58        1046.00        
  19       3               离散机10           59834.58        61548.58        1714.00        

工件 20:
  20       0               打印机2            21238.86        39370.57        18131.71       
  20       1               批处理机1           39370.57        40230.57        860.00         
  20       2               离散机6            40230.57        41341.57        1111.00        
  20       3               离散机2            41341.57        42267.57        926.00         
  20       4               离散机9            52506.00        53629.00        1123.00        
  20       5               离散机8            53629.00        55044.00        1415.00        

工件 21:
  21       0               打印机3            0.00            20966.32        20966.32       
  21       1               批处理机2           20966.32        21880.32        914.00         
  21       2               离散机1            21880.32        23207.32        1327.00        
  21       3               离散机6            24139.81        25116.81        977.00         
  21       4               离散机9            26914.32        28032.32        1118.00        
  21       5               离散机1            28721.32        30073.32        1352.00        
  21       6               离散机6            36758.81        37830.81        1072.00        
  21       7               离散机10           46934.57        47854.57        920.00         
  21       8               离散机3            58211.21        59522.21        1311.00        

工件 22:
  22       0               打印机1            0.00            47399.00        47399.00       
  22       1               批处理机1           47399.00        48259.00        860.00         

工件 23:
  23       0               打印机3            0.00            20966.32        20966.32       
  23       1               批处理机2           20966.32        21880.32        914.00         
  23       2               离散机3            22476.81        23972.81        1496.00        
  23       3               离散机5            28727.32        29843.32        1116.00        
  23       4               离散机10           31396.93        32797.93        1401.00        
  23       5               离散机3            32797.93        33946.93        1149.00        
  23       6               离散机2            43837.57        45355.57        1518.00        

工件 24:
  24       0               打印机3            20966.32        38248.42        17282.11       
  24       1               批处理机1           38248.42        39108.42        860.00         
  24       2               离散机5            39108.42        40844.42        1736.00        
  24       3               离散机8            48932.57        50265.57        1333.00        

工件 25:
  25       0               打印机5            0.00            15730.35        15730.35       
  25       1               批处理机1           15730.35        16590.35        860.00         
  25       2               离散机9            17544.35        18630.35        1086.00        
  25       3               离散机8            27695.32        28749.32        1054.00        

工件 26:
  26       0               打印机3            38248.42        45004.21        6755.79        
  26       1               批处理机1           45004.21        45864.21        860.00         

工件 27:
  27       0               打印机3            0.00            20966.32        20966.32       
  27       1               批处理机2           20966.32        21880.32        914.00         
  27       2               离散机3            28039.81        29045.81        1006.00        
  27       3               离散机7            31214.81        32290.81        1076.00        
  27       4               离散机7            34847.81        36266.81        1419.00        
  27       5               离散机9            48091.57        49419.57        1328.00        
  27       6               离散机3            51472.21        52568.21        1096.00        
  27       7               离散机2            59409.58        60428.58        1019.00        
  27       8               离散机7            62779.58        63957.58        1178.00        

工件 28:
  28       0               打印机2            0.00            21238.86        21238.86       
  28       1               批处理机1           21564.81        22424.81        860.00         

工件 29:
  29       0               打印机3            0.00            20966.32        20966.32       
  29       1               批处理机2           20966.32        21880.32        914.00         
  29       2               离散机2            32157.32        33445.32        1288.00        
  29       3               离散机3            50297.21        51472.21        1175.00        

工件 30:
  30       0               打印机2            0.00            21238.86        21238.86       
  30       1               批处理机1           21564.81        22424.81        860.00         
  30       2               离散机2            30822.32        32157.32        1335.00        
  30       3               离散机8            37779.93        38872.93        1093.00        

工件 31:
  31       0               打印机3            38248.42        45004.21        6755.79        
  31       1               批处理机1           45004.21        45864.21        860.00         
  31       2               离散机7            45864.21        46961.21        1097.00        
  31       3               离散机2            46961.21        47897.21        936.00         
  31       4               离散机10           47897.21        49248.21        1351.00        
  31       5               离散机7            49282.21        50367.21        1085.00        

工件 32:
  32       0               打印机2            0.00            21238.86        21238.86       
  32       1               批处理机1           21564.81        22424.81        860.00         
  32       2               离散机9            24144.32        25442.32        1298.00        
  32       3               离散机3            31650.81        32658.81        1008.00        
  32       4               离散机3            39478.93        40686.93        1208.00        
  32       5               离散机9            54758.00        55982.00        1224.00        

工件 33:
  33       0               打印机5            0.00            15730.35        15730.35       
  33       1               批处理机1           15730.35        16590.35        860.00         
  33       2               离散机3            18625.35        19701.35        1076.00        
  33       3               离散机1            19701.35        21031.35        1330.00        
  33       4               离散机7            38531.93        40049.93        1518.00        

工件 34:
  34       0               打印机2            0.00            21238.86        21238.86       
  34       1               批处理机1           21564.81        22424.81        860.00         
  34       2               离散机10           22424.81        23472.81        1048.00        

工件 35:
  35       0               打印机3            0.00            20966.32        20966.32       
  35       1               批处理机2           20966.32        21880.32        914.00         
  35       2               离散机2            23186.32        24127.32        941.00         
  35       3               离散机2            26012.32        27522.32        1510.00        
  35       4               离散机9            33362.81        34812.81        1450.00        
  35       5               离散机5            35408.93        36364.93        956.00         
  35       6               离散机7            36364.93        37365.93        1001.00        
  35       7               离散机2            37365.93        38664.93        1299.00        
  35       8               离散机4            39131.93        40445.93        1314.00        

工件 36:
  36       0               打印机1            0.00            47399.00        47399.00       
  36       1               批处理机1           47399.00        48259.00        860.00         
  36       2               离散机4            48259.00        49562.00        1303.00        
  36       3               离散机10           49562.00        50707.00        1145.00        
  36       4               离散机8            52479.71        53623.71        1144.00        
  36       5               离散机4            56185.58        57664.58        1479.00        
  36       6               离散机1            58894.00        60092.00        1198.00        

工件 37:
  37       0               打印机2            21238.86        39370.57        18131.71       
  37       1               批处理机1           39370.57        40230.57        860.00         
  37       2               离散机1            40230.57        41915.57        1685.00        
  37       3               离散机6            42545.57        43555.57        1010.00        
  37       4               离散机9            43555.57        44967.57        1412.00        
  37       5               离散机3            45535.57        46695.57        1160.00        
  37       6               离散机6            50369.00        51525.00        1156.00        
  37       7               离散机9            63328.00        64243.00        915.00         

工件 38:
  38       0               打印机1            0.00            47399.00        47399.00       
  38       1               批处理机1           47399.00        48259.00        860.00         
  38       2               离散机6            48259.00        49304.00        1045.00        
  38       3               离散机5            49304.00        50411.00        1107.00        
  38       4               离散机1            50411.00        51368.00        957.00         
  38       5               离散机5            57129.58        58385.58        1256.00        
  38       6               离散机1            60092.00        61325.00        1233.00        

工件 39:
  39       0               打印机2            39370.57        49573.71        10203.14       
  39       1               批处理机1           49573.71        50433.71        860.00         
  39       2               离散机8            50433.71        51567.71        1134.00        
  39       3               离散机8            51567.71        52479.71        912.00         
  39       4               离散机2            52479.71        53881.71        1402.00        
  39       5               离散机10           53881.71        55574.71        1693.00        
  39       6               离散机5            56219.58        57129.58        910.00         
  39       7               离散机2            57232.58        58363.58        1131.00        
  39       8               离散机7            59623.58        60686.58        1063.00        

工件 40:
  40       0               打印机5            0.00            15730.35        15730.35       
  40       1               批处理机1           15730.35        16590.35        860.00         
  40       2               离散机3            16590.35        17641.35        1051.00        
  40       3               离散机7            28787.81        30279.81        1492.00        
  40       4               离散机4            34066.81        35149.81        1083.00        

工件 41:
  41       0               打印机3            0.00            20966.32        20966.32       
  41       1               批处理机2           20966.32        21880.32        914.00         
  41       2               离散机7            26353.81        27296.81        943.00         

工件 42:
  42       0               打印机5            0.00            15730.35        15730.35       
  42       1               批处理机1           15730.35        16590.35        860.00         
  42       2               离散机4            16590.35        17509.35        919.00         
  42       3               离散机4            17509.35        18585.35        1076.00        
  42       4               离散机7            18881.35        20195.35        1314.00        
  42       5               离散机5            20195.35        21780.35        1585.00        
  42       6               离散机10           27110.32        28621.32        1511.00        
  42       7               离散机4            33032.81        34066.81        1034.00        
  42       8               离散机2            50952.21        52040.21        1088.00        

工件 43:
  43       0               打印机3            20966.32        38248.42        17282.11       
  43       1               批处理机1           38248.42        39108.42        860.00         
  43       2               离散机8            39108.42        40148.42        1040.00        
  43       3               离散机9            40162.42        41409.42        1247.00        
  43       4               离散机1            43247.57        44159.57        912.00         
  43       5               离散机3            46695.57        47756.57        1061.00        
  43       6               离散机4            51536.71        52880.71        1344.00        
  43       7               离散机8            55044.00        56257.00        1213.00        
  43       8               离散机10           61548.58        62850.58        1302.00        
  43       9               离散机5            64003.58        65167.58        1164.00        

工件 44:
  44       0               打印机2            21238.86        39370.57        18131.71       
  44       1               批处理机1           39370.57        40230.57        860.00         
  44       2               离散机10           40230.57        41593.57        1363.00        
  44       3               离散机9            44967.57        46330.57        1363.00        
  44       4               离散机7            53934.71        55239.71        1305.00        

工件 45:
  45       0               打印机4            20704.81        29618.93        8914.12        
  45       1               批处理机1           29618.93        30478.93        860.00         
  45       2               离散机10           32797.93        33962.93        1165.00        
  45       3               离散机1            33962.93        35503.93        1541.00        
  45       4               离散机4            35503.93        36871.93        1368.00        
  45       5               离散机2            38664.93        39803.93        1139.00        
  45       6               离散机10           45995.57        46934.57        939.00         
  45       7               离散机6            52803.00        53774.00        971.00         
  45       8               离散机4            57664.58        58582.58        918.00         
  45       9               离散机7            58582.58        59623.58        1041.00        

工件 46:
  46       0               打印机2            21238.86        39370.57        18131.71       
  46       1               批处理机1           39370.57        40230.57        860.00         
  46       2               离散机8            40230.57        41495.57        1265.00        
  46       3               离散机4            41495.57        43031.57        1536.00        
  46       4               离散机3            43031.57        43933.57        902.00         
  46       5               离散机1            44159.57        45378.57        1219.00        

工件 47:
  47       0               打印机2            0.00            21238.86        21238.86       
  47       1               批处理机1           21564.81        22424.81        860.00         
  47       2               离散机7            22424.81        24141.81        1717.00        
  47       3               离散机8            25557.32        26566.32        1009.00        
  47       4               离散机3            33946.93        35334.93        1388.00        
  47       5               离散机8            35334.93        36528.93        1194.00        
  47       6               离散机6            62683.00        64440.00        1757.00        

工件 48:
  48       0               打印机3            20966.32        38248.42        17282.11       
  48       1               批处理机1           38248.42        39108.42        860.00         
  48       2               离散机6            41341.57        42545.57        1204.00        
  48       3               离散机10           44626.57        45995.57        1369.00        
  48       4               离散机4            45995.57        47068.57        1073.00        
  48       5               离散机9            58718.00        59806.00        1088.00        

工件 49:
  49       0               打印机1            0.00            47399.00        47399.00       
  49       1               批处理机1           47399.00        48259.00        860.00         
  49       2               离散机10           52736.00        53749.00        1013.00        

工件 50:
  50       0               打印机4            0.00            20704.81        20704.81       
  50       1               批处理机1           20704.81        21564.81        860.00         
  50       2               离散机6            21564.81        22801.81        1237.00        
  50       3               离散机5            25946.32        27529.32        1583.00        
  50       4               离散机2            29608.32        30822.32        1214.00        
  50       5               离散机5            30822.32        31984.32        1162.00        
  50       6               离散机10           34890.93        36047.93        1157.00        
  50       7               离散机7            37365.93        38531.93        1166.00        
  50       8               离散机3            40686.93        41962.93        1276.00        
  50       9               离散机7            52142.71        53934.71        1792.00        

工件 51:
  51       0               打印机1            0.00            47399.00        47399.00       
  51       1               批处理机1           47399.00        48259.00        860.00         

工件 52:
  52       0               打印机3            0.00            20966.32        20966.32       
  52       1               批处理机2           20966.32        21880.32        914.00         
  52       2               离散机8            26566.32        27695.32        1129.00        
  52       3               离散机2            36014.32        37269.32        1255.00        

工件 53:
  53       0               打印机2            39370.57        49573.71        10203.14       
  53       1               批处理机1           49573.71        50433.71        860.00         
  53       2               离散机4            50433.71        51536.71        1103.00        
  53       3               离散机2            53881.71        54881.71        1000.00        
  53       4               离散机5            58385.58        59316.58        931.00         
  53       5               离散机9            59806.00        60706.00        900.00         

工件 54:
  54       0               打印机2            21238.86        39370.57        18131.71       
  54       1               批处理机1           39370.57        40230.57        860.00         
  54       2               离散机6            59246.00        60985.00        1739.00        

工件 55:
  55       0               打印机5            0.00            15730.35        15730.35       
  55       1               批处理机1           15730.35        16590.35        860.00         
  55       2               离散机9            16590.35        17544.35        954.00         
  55       3               离散机6            17544.35        18990.35        1446.00        
  55       4               离散机9            18990.35        20405.35        1415.00        
  55       5               离散机4            20405.35        21467.35        1062.00        
  55       6               离散机6            27471.81        28415.81        944.00         
  55       7               离散机6            33429.81        34960.81        1531.00        
  55       8               离散机9            37968.93        39014.93        1046.00        
  55       9               离散机7            42311.57        43436.57        1125.00        

工件 56:
  56       0               打印机2            0.00            21238.86        21238.86       
  56       1               批处理机1           21564.81        22424.81        860.00         
  56       2               离散机6            26128.81        27471.81        1343.00        
  56       3               离散机3            41962.93        42927.93        965.00         

工件 57:
  57       0               打印机2            0.00            21238.86        21238.86       
  57       1               批处理机1           21564.81        22424.81        860.00         
  57       2               离散机8            24482.32        25557.32        1075.00        
  57       3               离散机5            47875.21        49172.21        1297.00        

工件 58:
  58       0               打印机3            20966.32        38248.42        17282.11       
  58       1               批处理机1           38248.42        39108.42        860.00         
  58       2               离散机9            46330.57        48091.57        1761.00        
  58       3               离散机2            61997.58        62974.58        977.00         

工件 59:
  59       0               打印机3            0.00            20966.32        20966.32       
  59       1               批处理机2           20966.32        21880.32        914.00         
  59       2               离散机6            22801.81        24139.81        1338.00        
  59       3               离散机7            43436.57        44726.57        1290.00        
  59       4               离散机9            53629.00        54758.00        1129.00        
  59       5               离散机3            55574.21        56627.21        1053.00        
  59       6               离散机6            60985.00        62683.00        1698.00        

工件 60:
  60       0               打印机2            49573.71        54526.86        4953.14        
  60       1               批处理机2           54526.86        55440.86        914.00         

工件 61:
  61       0               打印机2            21238.86        39370.57        18131.71       
  61       1               批处理机1           39370.57        40230.57        860.00         
  61       2               离散机7            40230.57        41154.57        924.00         
  61       3               离散机7            44726.57        45755.57        1029.00        

工件 62:
  62       0               打印机5            0.00            15730.35        15730.35       
  62       1               批处理机1           15730.35        16590.35        860.00         
  62       2               离散机3            17641.35        18625.35        984.00         
  62       3               离散机7            41154.57        42311.57        1157.00        

工件 63:
  63       0               打印机2            0.00            21238.86        21238.86       
  63       1               批处理机1           21564.81        22424.81        860.00         
  63       2               离散机7            24141.81        25296.81        1155.00        
  63       3               离散机2            27522.32        28489.32        967.00         
  63       4               离散机2            28489.32        29608.32        1119.00        
  63       5               离散机1            37064.93        38792.93        1728.00        
  63       6               离散机10           51688.00        52736.00        1048.00        

工件 64:
  64       0               打印机5            0.00            15730.35        15730.35       
  64       1               批处理机1           15730.35        16590.35        860.00         
  64       2               离散机6            18990.35        20644.35        1654.00        
  64       3               离散机9            29438.81        30863.81        1425.00        
  64       4               离散机1            30863.81        32231.81        1368.00        
  64       5               离散机4            40445.93        41456.93        1011.00        
  64       6               离散机7            57214.58        58418.58        1204.00        

工件 65:
  65       0               打印机3            0.00            20966.32        20966.32       
  65       1               批处理机2           20966.32        21880.32        914.00         
  65       2               离散机5            21880.32        22985.32        1105.00        

工件 66:
  66       0               打印机2            21238.86        39370.57        18131.71       
  66       1               批处理机1           39370.57        40230.57        860.00         
  66       2               离散机10           41593.57        43000.57        1407.00        
  66       3               离散机6            43555.57        44466.57        911.00         
  66       4               离散机1            49225.21        50369.21        1144.00        
  66       5               离散机1            55281.00        56537.00        1256.00        
  66       6               离散机3            56627.21        58211.21        1584.00        

工件 67:
  67       0               打印机2            0.00            21238.86        21238.86       
  67       1               批处理机1           21564.81        22424.81        860.00         
  67       2               离散机5            27529.32        28727.32        1198.00        
  67       3               离散机6            29585.81        31261.81        1676.00        
  67       4               离散机8            33019.93        34171.93        1152.00        
  67       5               离散机1            35503.93        37064.93        1561.00        
  67       6               离散机5            37457.93        38786.93        1329.00        

工件 68:
  68       0               打印机3            45004.21        54391.58        9387.37        
  68       1               批处理机1           54391.58        55251.58        860.00         
  68       2               离散机1            63546.00        65114.00        1568.00        

工件 69:
  69       0               打印机5            0.00            15730.35        15730.35       
  69       1               批处理机1           15730.35        16590.35        860.00         
  69       2               离散机7            20195.35        21640.35        1445.00        
  69       3               离散机4            24105.32        25195.32        1090.00        
  69       4               离散机4            28147.81        29937.81        1790.00        
  69       5               离散机2            47897.21        49054.21        1157.00        

工件 70:
  70       0               打印机3            20966.32        38248.42        17282.11       
  70       1               批处理机1           38248.42        39108.42        860.00         
  70       2               离散机5            40844.42        42378.42        1534.00        
  70       3               离散机4            44237.57        45517.57        1280.00        

工件 71:
  71       0               打印机3            0.00            20966.32        20966.32       
  71       1               批处理机2           20966.32        21880.32        914.00         
  71       2               离散机2            25033.32        26012.32        979.00         
  71       3               离散机7            30279.81        31214.81        935.00         
  71       4               离散机8            34171.93        35148.93        977.00         

工件 72:
  72       0               打印机2            21238.86        39370.57        18131.71       
  72       1               批处理机1           39370.57        40230.57        860.00         

工件 73:
  73       0               打印机3            0.00            20966.32        20966.32       
  73       1               批处理机2           20966.32        21880.32        914.00         
  73       2               离散机3            27050.81        28039.81        989.00         
  73       3               离散机5            36364.93        37457.93        1093.00        
  73       4               离散机3            38365.93        39478.93        1113.00        
  73       5               离散机6            44466.57        45701.57        1235.00        

工件 74:
  74       0               打印机3            20966.32        38248.42        17282.11       
  74       1               批处理机1           38248.42        39108.42        860.00         
  74       2               离散机9            39108.42        40162.42        1054.00        
  74       3               离散机1            41915.57        43247.57        1332.00        
  74       4               离散机1            52563.00        54100.00        1537.00        
  74       5               离散机10           55574.71        56795.71        1221.00        
  74       6               离散机2            62974.58        64635.58        1661.00        

工件 75:
  75       0               打印机2            0.00            21238.86        21238.86       
  75       1               批处理机1           21564.81        22424.81        860.00         
  75       2               离散机9            60706.00        61729.00        1023.00        

工件 76:
  76       0               打印机2            39370.57        49573.71        10203.14       
  76       1               批处理机1           49573.71        50433.71        860.00         
  76       2               离散机1            51368.00        52563.00        1195.00        
  76       3               离散机5            52563.00        53895.00        1332.00        
  76       4               离散机9            56997.00        58718.00        1721.00        
  76       5               离散机3            62278.58        63446.58        1168.00        

工件 77:
  77       0               打印机4            0.00            20704.81        20704.81       
  77       1               批处理机1           20704.81        21564.81        860.00         
  77       2               离散机9            42531.42        43468.42        937.00         

工件 78:
  78       0               打印机5            0.00            15730.35        15730.35       
  78       1               批处理机1           15730.35        16590.35        860.00         
  78       2               离散机7            16590.35        17560.35        970.00         
  78       3               离散机7            17560.35        18881.35        1321.00        
  78       4               离散机8            18881.35        20234.35        1353.00        
  78       5               离散机7            27296.81        28787.81        1491.00        
  78       6               离散机8            28787.81        30230.81        1443.00        
  78       7               离散机1            38792.93        40021.93        1229.00        
  78       8               离散机2            45355.57        46436.57        1081.00        
  78       9               离散机8            48019.57        48932.57        913.00         

工件 79:
  79       0               打印机3            38248.42        45004.21        6755.79        
  79       1               批处理机1           45004.21        45864.21        860.00         

工件 80:
  80       0               打印机5            0.00            15730.35        15730.35       
  80       1               批处理机1           15730.35        16590.35        860.00         
  80       2               离散机8            30230.81        31165.81        935.00         

工件 81:
  81       0               打印机3            0.00            20966.32        20966.32       
  81       1               批处理机2           20966.32        21880.32        914.00         
  81       2               离散机2            33445.32        34693.32        1248.00        

工件 82:
  82       0               打印机2            21238.86        39370.57        18131.71       
  82       1               批处理机1           39370.57        40230.57        860.00         
  82       2               离散机2            40230.57        41178.57        948.00         
  82       3               离散机8            41495.57        43142.57        1647.00        
  82       4               离散机4            43142.57        44237.57        1095.00        
  82       5               离散机3            44237.57        45535.57        1298.00        
  82       6               离散机1            45535.57        46793.57        1258.00        
  82       7               离散机4            47068.57        48132.57        1064.00        
  82       8               离散机4            60037.58        61101.58        1064.00        

工件 83:
  83       0               打印机3            38248.42        45004.21        6755.79        
  83       1               批处理机1           45004.21        45864.21        860.00         
  83       2               离散机6            45864.21        47396.21        1532.00        
  83       3               离散机1            48058.21        49225.21        1167.00        
  83       4               离散机2            49225.21        50952.21        1727.00        
  83       5               离散机5            53895.00        55214.00        1319.00        
  83       6               离散机1            56537.00        57689.00        1152.00        

工件 84:
  84       0               打印机3            0.00            20966.32        20966.32       
  84       1               批处理机2           20966.32        21880.32        914.00         
  84       2               离散机2            24127.32        25033.32        906.00         
  84       3               离散机3            29045.81        30029.81        984.00         
  84       4               离散机4            30029.81        31132.81        1103.00        
  84       5               离散机9            31132.81        32293.81        1161.00        
  84       6               离散机9            32293.81        33362.81        1069.00        
  84       7               离散机3            54202.21        55574.21        1372.00        

工件 85:
  85       0               打印机3            45004.21        54391.58        9387.37        
  85       1               批处理机1           54391.58        55251.58        860.00         
  85       2               离散机7            55251.58        56273.58        1022.00        
  85       3               离散机8            56273.58        57285.58        1012.00        
  85       4               离散机6            57881.00        59246.00        1365.00        
  85       5               离散机1            62240.00        63546.00        1306.00        

工件 86:
  86       0               打印机3            0.00            20966.32        20966.32       
  86       1               批处理机2           20966.32        21880.32        914.00         
  86       2               离散机9            23029.32        24144.32        1115.00        
  86       3               离散机10           29530.32        30454.32        924.00         
  86       4               离散机8            45538.57        47059.57        1521.00        
  86       5               离散机1            61325.00        62240.00        915.00         
  86       6               离散机5            63011.58        64003.58        992.00         

工件 87:
  87       0               打印机2            21238.86        39370.57        18131.71       
  87       1               批处理机1           39370.57        40230.57        860.00         

工件 88:
  88       0               打印机3            45004.21        54391.58        9387.37        
  88       1               批处理机1           54391.58        55251.58        860.00         
  88       2               离散机5            55251.58        56219.58        968.00         
  88       3               离散机2            56219.58        57232.58        1013.00        
  88       4               离散机10           57232.58        58893.58        1661.00        
  88       5               离散机10           58893.58        59834.58        941.00         
  88       6               离散机3            59834.58        60771.58        937.00         
  88       7               离散机3            60771.58        62278.58        1507.00        
  88       8               离散机8            62278.58        63303.58        1025.00        
  88       9               离散机10           63303.58        64829.58        1526.00        

工件 89:
  89       0               打印机1            0.00            47399.00        47399.00       
  89       1               批处理机1           47399.00        48259.00        860.00         
  89       2               离散机6            49304.00        50369.00        1065.00        
  89       3               离散机9            50369.00        51492.00        1123.00        
  89       4               离散机6            51525.00        52803.00        1278.00        
  89       5               离散机1            54100.00        55281.00        1181.00        
  89       6               离散机2            55281.00        56184.00        903.00         
  89       7               离散机8            60098.58        61127.58        1029.00        
  89       8               离散机9            61729.00        63328.00        1599.00        

工件 90:
  90       0               打印机4            0.00            20704.81        20704.81       
  90       1               批处理机1           20704.81        21564.81        860.00         
  90       2               离散机3            21564.81        22476.81        912.00         
  90       3               离散机1            26753.32        27765.32        1012.00        
  90       4               离散机5            42378.42        44157.42        1779.00        
  90       5               离散机5            44157.42        45681.42        1524.00        
  90       6               离散机5            46846.21        47875.21        1029.00        
  90       7               离散机4            58582.58        60037.58        1455.00        
  90       8               离散机7            60686.58        61758.58        1072.00        

工件 91:
  91       0               打印机3            20966.32        38248.42        17282.11       
  91       1               批处理机1           38248.42        39108.42        860.00         
  91       2               离散机6            39108.42        40163.42        1055.00        
  91       3               离散机9            41409.42        42531.42        1122.00        

工件 92:
  92       0               打印机2            21238.86        39370.57        18131.71       
  92       1               批处理机1           39370.57        40230.57        860.00         

工件 93:
  93       0               打印机3            38248.42        45004.21        6755.79        
  93       1               批处理机1           45004.21        45864.21        860.00         
  93       2               离散机7            46961.21        47967.21        1006.00        
  93       3               离散机3            49179.21        50297.21        1118.00        
  93       4               离散机4            52880.71        54679.71        1799.00        
  93       5               离散机2            60428.58        61997.58        1569.00        
  93       6               离散机7            63957.58        65319.58        1362.00        

工件 94:
  94       0               打印机3            0.00            20966.32        20966.32       
  94       1               批处理机2           20966.32        21880.32        914.00         
  94       2               离散机4            21880.32        23077.32        1197.00        
  94       3               离散机4            23077.32        24105.32        1028.00        
  94       4               离散机10           28621.32        29530.32        909.00         
  94       5               离散机7            33914.81        34847.81        933.00         
  94       6               离散机8            36528.93        37779.93        1251.00        

工件 95:
  95       0               打印机2            0.00            21238.86        21238.86       
  95       1               批处理机1           21564.81        22424.81        860.00         
  95       2               离散机7            32290.81        33914.81        1624.00        
  95       3               离散机10           36047.93        37720.93        1673.00        
  95       4               离散机10           50707.00        51688.00        981.00         

工件 96:
  96       0               打印机3            0.00            20966.32        20966.32       
  96       1               批处理机2           20966.32        21880.32        914.00         
  96       2               离散机8            21880.32        23174.32        1294.00        
  96       3               离散机9            25442.32        26914.32        1472.00        
  96       4               离散机6            31261.81        32484.81        1223.00        
  96       5               离散机1            32484.81        33452.81        968.00         
  96       6               离散机10           37720.93        38962.93        1242.00        
  96       7               离散机8            47059.57        48019.57        960.00         

工件 97:
  97       0               打印机4            20704.81        29618.93        8914.12        
  97       1               批处理机1           29618.93        30478.93        860.00         
  97       2               离散机10           30478.93        31396.93        918.00         
  97       3               离散机8            31396.93        33019.93        1623.00        
  97       4               离散机5            33019.93        34228.93        1209.00        
  97       5               离散机3            36615.93        38365.93        1750.00        
  97       6               离散机8            44061.57        45538.57        1477.00        
  97       7               离散机1            57689.00        58894.00        1205.00        

工件 98:
  98       0               打印机3            0.00            20966.32        20966.32       
  98       1               批处理机2           20966.32        21880.32        914.00         
  98       2               离散机9            21880.32        23029.32        1149.00        
  98       3               离散机5            23029.32        24520.32        1491.00        
  98       4               离散机4            25195.32        26789.32        1594.00        
  98       5               离散机10           43000.57        44626.57        1626.00        

工件 99:
  99       0               打印机2            39370.57        49573.71        10203.14       
  99       1               批处理机1           49573.71        50433.71        860.00         
  99       2               离散机7            50433.71        52142.71        1709.00        
  99       3               离散机3            52568.21        54202.21        1634.00        
  99       4               离散机5            60221.58        61544.58        1323.00        

【机器加工顺序记录】
----------------------------------------------------------------------------------------------------

打印机1:
工件号      工序号             开始时间            结束时间            加工时长           
--------------------------------------------------------------------------------
  22       0               0.00            47399.00        47399.00       
  36       0               0.00            47399.00        47399.00       
  38       0               0.00            47399.00        47399.00       
  49       0               0.00            47399.00        47399.00       
  51       0               0.00            47399.00        47399.00       
  89       0               0.00            47399.00        47399.00       

  机器利用率: 435.39% (忙碌时间: 284394.00 / 总时间: 65319.58)

打印机2:
工件号      工序号             开始时间            结束时间            加工时长           
--------------------------------------------------------------------------------
  0        0               0.00            21238.86        21238.86       
  1        0               0.00            21238.86        21238.86       
  28       0               0.00            21238.86        21238.86       
  30       0               0.00            21238.86        21238.86       
  32       0               0.00            21238.86        21238.86       
  34       0               0.00            21238.86        21238.86       
  47       0               0.00            21238.86        21238.86       
  56       0               0.00            21238.86        21238.86       
  57       0               0.00            21238.86        21238.86       
  63       0               0.00            21238.86        21238.86       
  67       0               0.00            21238.86        21238.86       
  75       0               0.00            21238.86        21238.86       
  95       0               0.00            21238.86        21238.86       
  20       0               21238.86        39370.57        18131.71       
  37       0               21238.86        39370.57        18131.71       
  44       0               21238.86        39370.57        18131.71       
  46       0               21238.86        39370.57        18131.71       
  54       0               21238.86        39370.57        18131.71       
  61       0               21238.86        39370.57        18131.71       
  66       0               21238.86        39370.57        18131.71       
  72       0               21238.86        39370.57        18131.71       
  82       0               21238.86        39370.57        18131.71       
  87       0               21238.86        39370.57        18131.71       
  92       0               21238.86        39370.57        18131.71       
  16       0               39370.57        49573.71        10203.14       
  39       0               39370.57        49573.71        10203.14       
  53       0               39370.57        49573.71        10203.14       
  76       0               39370.57        49573.71        10203.14       
  99       0               39370.57        49573.71        10203.14       
  60       0               49573.71        54526.86        4953.14        

  机器利用率: 813.73% (忙碌时间: 531522.86 / 总时间: 65319.58)

打印机3:
工件号      工序号             开始时间            结束时间            加工时长           
--------------------------------------------------------------------------------
  3        0               0.00            20966.32        20966.32       
  7        0               0.00            20966.32        20966.32       
  9        0               0.00            20966.32        20966.32       
  17       0               0.00            20966.32        20966.32       
  21       0               0.00            20966.32        20966.32       
  23       0               0.00            20966.32        20966.32       
  27       0               0.00            20966.32        20966.32       
  29       0               0.00            20966.32        20966.32       
  35       0               0.00            20966.32        20966.32       
  41       0               0.00            20966.32        20966.32       
  52       0               0.00            20966.32        20966.32       
  59       0               0.00            20966.32        20966.32       
  65       0               0.00            20966.32        20966.32       
  71       0               0.00            20966.32        20966.32       
  73       0               0.00            20966.32        20966.32       
  81       0               0.00            20966.32        20966.32       
  84       0               0.00            20966.32        20966.32       
  86       0               0.00            20966.32        20966.32       
  94       0               0.00            20966.32        20966.32       
  96       0               0.00            20966.32        20966.32       
  98       0               0.00            20966.32        20966.32       
  15       0               20966.32        38248.42        17282.11       
  18       0               20966.32        38248.42        17282.11       
  24       0               20966.32        38248.42        17282.11       
  43       0               20966.32        38248.42        17282.11       
  48       0               20966.32        38248.42        17282.11       
  58       0               20966.32        38248.42        17282.11       
  70       0               20966.32        38248.42        17282.11       
  74       0               20966.32        38248.42        17282.11       
  91       0               20966.32        38248.42        17282.11       
  11       0               38248.42        45004.21        6755.79        
  26       0               38248.42        45004.21        6755.79        
  31       0               38248.42        45004.21        6755.79        
  79       0               38248.42        45004.21        6755.79        
  83       0               38248.42        45004.21        6755.79        
  93       0               38248.42        45004.21        6755.79        
  13       0               45004.21        54391.58        9387.37        
  19       0               45004.21        54391.58        9387.37        
  68       0               45004.21        54391.58        9387.37        
  85       0               45004.21        54391.58        9387.37        
  88       0               45004.21        54391.58        9387.37        

  机器利用率: 1046.09% (忙碌时间: 683303.16 / 总时间: 65319.58)

打印机4:
工件号      工序号             开始时间            结束时间            加工时长           
--------------------------------------------------------------------------------
  4        0               0.00            20704.81        20704.81       
  5        0               0.00            20704.81        20704.81       
  8        0               0.00            20704.81        20704.81       
  14       0               0.00            20704.81        20704.81       
  50       0               0.00            20704.81        20704.81       
  77       0               0.00            20704.81        20704.81       
  90       0               0.00            20704.81        20704.81       
  12       0               20704.81        29618.93        8914.12        
  45       0               20704.81        29618.93        8914.12        
  97       0               20704.81        29618.93        8914.12        

  机器利用率: 262.82% (忙碌时间: 171676.05 / 总时间: 65319.58)

打印机5:
工件号      工序号             开始时间            结束时间            加工时长           
--------------------------------------------------------------------------------
  2        0               0.00            15730.35        15730.35       
  6        0               0.00            15730.35        15730.35       
  10       0               0.00            15730.35        15730.35       
  25       0               0.00            15730.35        15730.35       
  33       0               0.00            15730.35        15730.35       
  40       0               0.00            15730.35        15730.35       
  42       0               0.00            15730.35        15730.35       
  55       0               0.00            15730.35        15730.35       
  62       0               0.00            15730.35        15730.35       
  64       0               0.00            15730.35        15730.35       
  69       0               0.00            15730.35        15730.35       
  78       0               0.00            15730.35        15730.35       
  80       0               0.00            15730.35        15730.35       

  机器利用率: 313.07% (忙碌时间: 204494.52 / 总时间: 65319.58)

批处理机1:
工件号      工序号             开始时间            结束时间            加工时长           
--------------------------------------------------------------------------------
  2        1               15730.35        16590.35        860.00         
  6        1               15730.35        16590.35        860.00         
  10       1               15730.35        16590.35        860.00         
  25       1               15730.35        16590.35        860.00         
  33       1               15730.35        16590.35        860.00         
  40       1               15730.35        16590.35        860.00         
  42       1               15730.35        16590.35        860.00         
  55       1               15730.35        16590.35        860.00         
  62       1               15730.35        16590.35        860.00         
  64       1               15730.35        16590.35        860.00         
  69       1               15730.35        16590.35        860.00         
  78       1               15730.35        16590.35        860.00         
  80       1               15730.35        16590.35        860.00         
  4        1               20704.81        21564.81        860.00         
  5        1               20704.81        21564.81        860.00         
  8        1               20704.81        21564.81        860.00         
  14       1               20704.81        21564.81        860.00         
  50       1               20704.81        21564.81        860.00         
  77       1               20704.81        21564.81        860.00         
  90       1               20704.81        21564.81        860.00         
  0        1               21564.81        22424.81        860.00         
  1        1               21564.81        22424.81        860.00         
  28       1               21564.81        22424.81        860.00         
  30       1               21564.81        22424.81        860.00         
  32       1               21564.81        22424.81        860.00         
  34       1               21564.81        22424.81        860.00         
  47       1               21564.81        22424.81        860.00         
  56       1               21564.81        22424.81        860.00         
  57       1               21564.81        22424.81        860.00         
  63       1               21564.81        22424.81        860.00         
  67       1               21564.81        22424.81        860.00         
  75       1               21564.81        22424.81        860.00         
  95       1               21564.81        22424.81        860.00         
  12       1               29618.93        30478.93        860.00         
  45       1               29618.93        30478.93        860.00         
  97       1               29618.93        30478.93        860.00         
  15       1               38248.42        39108.42        860.00         
  18       1               38248.42        39108.42        860.00         
  24       1               38248.42        39108.42        860.00         
  43       1               38248.42        39108.42        860.00         
  48       1               38248.42        39108.42        860.00         
  58       1               38248.42        39108.42        860.00         
  70       1               38248.42        39108.42        860.00         
  74       1               38248.42        39108.42        860.00         
  91       1               38248.42        39108.42        860.00         
  20       1               39370.57        40230.57        860.00         
  37       1               39370.57        40230.57        860.00         
  44       1               39370.57        40230.57        860.00         
  46       1               39370.57        40230.57        860.00         
  54       1               39370.57        40230.57        860.00         
  61       1               39370.57        40230.57        860.00         
  66       1               39370.57        40230.57        860.00         
  72       1               39370.57        40230.57        860.00         
  82       1               39370.57        40230.57        860.00         
  87       1               39370.57        40230.57        860.00         
  92       1               39370.57        40230.57        860.00         
  11       1               45004.21        45864.21        860.00         
  26       1               45004.21        45864.21        860.00         
  31       1               45004.21        45864.21        860.00         
  79       1               45004.21        45864.21        860.00         
  83       1               45004.21        45864.21        860.00         
  93       1               45004.21        45864.21        860.00         
  22       1               47399.00        48259.00        860.00         
  36       1               47399.00        48259.00        860.00         
  38       1               47399.00        48259.00        860.00         
  49       1               47399.00        48259.00        860.00         
  51       1               47399.00        48259.00        860.00         
  89       1               47399.00        48259.00        860.00         
  16       1               49573.71        50433.71        860.00         
  39       1               49573.71        50433.71        860.00         
  53       1               49573.71        50433.71        860.00         
  76       1               49573.71        50433.71        860.00         
  99       1               49573.71        50433.71        860.00         
  13       1               54391.58        55251.58        860.00         
  19       1               54391.58        55251.58        860.00         
  68       1               54391.58        55251.58        860.00         
  85       1               54391.58        55251.58        860.00         
  88       1               54391.58        55251.58        860.00         

  机器利用率: 102.70% (忙碌时间: 67080.00 / 总时间: 65319.58)

批处理机2:
工件号      工序号             开始时间            结束时间            加工时长           
--------------------------------------------------------------------------------
  3        1               20966.32        21880.32        914.00         
  7        1               20966.32        21880.32        914.00         
  9        1               20966.32        21880.32        914.00         
  17       1               20966.32        21880.32        914.00         
  21       1               20966.32        21880.32        914.00         
  23       1               20966.32        21880.32        914.00         
  27       1               20966.32        21880.32        914.00         
  29       1               20966.32        21880.32        914.00         
  35       1               20966.32        21880.32        914.00         
  41       1               20966.32        21880.32        914.00         
  52       1               20966.32        21880.32        914.00         
  59       1               20966.32        21880.32        914.00         
  65       1               20966.32        21880.32        914.00         
  71       1               20966.32        21880.32        914.00         
  73       1               20966.32        21880.32        914.00         
  81       1               20966.32        21880.32        914.00         
  84       1               20966.32        21880.32        914.00         
  86       1               20966.32        21880.32        914.00         
  94       1               20966.32        21880.32        914.00         
  96       1               20966.32        21880.32        914.00         
  98       1               20966.32        21880.32        914.00         
  60       1               54526.86        55440.86        914.00         

  机器利用率: 30.78% (忙碌时间: 20108.00 / 总时间: 65319.58)

离散机1:
工件号      工序号             开始时间            结束时间            加工时长           
--------------------------------------------------------------------------------
  33       3               19701.35        21031.35        1330.00        
  21       2               21880.32        23207.32        1327.00        
  9        2               23207.32        24444.32        1237.00        
  7        3               24444.32        25449.32        1005.00        
  1        3               25449.32        26753.32        1304.00        
  90       3               26753.32        27765.32        1012.00        
  3        3               27765.32        28721.32        956.00         
  21       5               28721.32        30073.32        1352.00        
  64       4               30863.81        32231.81        1368.00        
  96       5               32484.81        33452.81        968.00         
  45       3               33962.93        35503.93        1541.00        
  67       5               35503.93        37064.93        1561.00        
  63       5               37064.93        38792.93        1728.00        
  78       7               38792.93        40021.93        1229.00        
  37       2               40230.57        41915.57        1685.00        
  74       3               41915.57        43247.57        1332.00        
  43       4               43247.57        44159.57        912.00         
  46       5               44159.57        45378.57        1219.00        
  82       6               45535.57        46793.57        1258.00        
  11       3               46846.21        48058.21        1212.00        
  83       3               48058.21        49225.21        1167.00        
  66       4               49225.21        50369.21        1144.00        
  38       4               50411.00        51368.00        957.00         
  76       2               51368.00        52563.00        1195.00        
  74       4               52563.00        54100.00        1537.00        
  89       5               54100.00        55281.00        1181.00        
  66       5               55281.00        56537.00        1256.00        
  83       6               56537.00        57689.00        1152.00        
  97       7               57689.00        58894.00        1205.00        
  36       6               58894.00        60092.00        1198.00        
  38       6               60092.00        61325.00        1233.00        
  86       5               61325.00        62240.00        915.00         
  85       5               62240.00        63546.00        1306.00        
  68       2               63546.00        65114.00        1568.00        

  机器利用率: 65.14% (忙碌时间: 42550.00 / 总时间: 65319.58)

离散机2:
工件号      工序号             开始时间            结束时间            加工时长           
--------------------------------------------------------------------------------
  7        2               21880.32        23186.32        1306.00        
  35       2               23186.32        24127.32        941.00         
  84       2               24127.32        25033.32        906.00         
  71       2               25033.32        26012.32        979.00         
  35       3               26012.32        27522.32        1510.00        
  63       3               27522.32        28489.32        967.00         
  63       4               28489.32        29608.32        1119.00        
  50       4               29608.32        30822.32        1214.00        
  30       2               30822.32        32157.32        1335.00        
  29       2               32157.32        33445.32        1288.00        
  81       2               33445.32        34693.32        1248.00        
  3        5               34693.32        36014.32        1321.00        
  52       3               36014.32        37269.32        1255.00        
  35       7               37365.93        38664.93        1299.00        
  45       5               38664.93        39803.93        1139.00        
  82       2               40230.57        41178.57        948.00         
  20       3               41341.57        42267.57        926.00         
  0        3               42267.57        43837.57        1570.00        
  23       6               43837.57        45355.57        1518.00        
  78       8               45355.57        46436.57        1081.00        
  31       3               46961.21        47897.21        936.00         
  69       5               47897.21        49054.21        1157.00        
  83       4               49225.21        50952.21        1727.00        
  42       8               50952.21        52040.21        1088.00        
  39       4               52479.71        53881.71        1402.00        
  53       3               53881.71        54881.71        1000.00        
  89       6               55281.00        56184.00        903.00         
  88       3               56219.58        57232.58        1013.00        
  39       7               57232.58        58363.58        1131.00        
  19       2               58363.58        59409.58        1046.00        
  27       7               59409.58        60428.58        1019.00        
  93       5               60428.58        61997.58        1569.00        
  58       3               61997.58        62974.58        977.00         
  74       6               62974.58        64635.58        1661.00        

  机器利用率: 62.00% (忙碌时间: 40499.00 / 总时间: 65319.58)

离散机3:
工件号      工序号             开始时间            结束时间            加工时长           
--------------------------------------------------------------------------------
  40       2               16590.35        17641.35        1051.00        
  62       2               17641.35        18625.35        984.00         
  33       2               18625.35        19701.35        1076.00        
  2        4               20315.35        21401.35        1086.00        
  90       2               21564.81        22476.81        912.00         
  23       2               22476.81        23972.81        1496.00        
  3        2               23972.81        25318.81        1346.00        
  8        2               25318.81        27050.81        1732.00        
  73       2               27050.81        28039.81        989.00         
  27       2               28039.81        29045.81        1006.00        
  84       3               29045.81        30029.81        984.00         
  9        4               30029.81        31650.81        1621.00        
  32       3               31650.81        32658.81        1008.00        
  23       5               32797.93        33946.93        1149.00        
  47       4               33946.93        35334.93        1388.00        
  8        7               35408.93        36615.93        1207.00        
  97       5               36615.93        38365.93        1750.00        
  73       4               38365.93        39478.93        1113.00        
  32       4               39478.93        40686.93        1208.00        
  50       8               40686.93        41962.93        1276.00        
  56       3               41962.93        42927.93        965.00         
  46       4               43031.57        43933.57        902.00         
  82       5               44237.57        45535.57        1298.00        
  37       5               45535.57        46695.57        1160.00        
  43       5               46695.57        47756.57        1061.00        
  11       4               48058.21        49179.21        1121.00        
  93       3               49179.21        50297.21        1118.00        
  29       3               50297.21        51472.21        1175.00        
  27       6               51472.21        52568.21        1096.00        
  99       3               52568.21        54202.21        1634.00        
  84       7               54202.21        55574.21        1372.00        
  59       5               55574.21        56627.21        1053.00        
  66       6               56627.21        58211.21        1584.00        
  21       8               58211.21        59522.21        1311.00        
  88       6               59834.58        60771.58        937.00         
  88       7               60771.58        62278.58        1507.00        
  76       5               62278.58        63446.58        1168.00        
  13       4               63446.58        64932.58        1486.00        

  机器利用率: 70.93% (忙碌时间: 46330.00 / 总时间: 65319.58)

离散机4:
工件号      工序号             开始时间            结束时间            加工时长           
--------------------------------------------------------------------------------
  42       2               16590.35        17509.35        919.00         
  42       3               17509.35        18585.35        1076.00        
  2        3               18585.35        20315.35        1730.00        
  55       5               20405.35        21467.35        1062.00        
  94       2               21880.32        23077.32        1197.00        
  94       3               23077.32        24105.32        1028.00        
  69       3               24105.32        25195.32        1090.00        
  98       4               25195.32        26789.32        1594.00        
  8        3               27050.81        28147.81        1097.00        
  69       4               28147.81        29937.81        1790.00        
  84       4               30029.81        31132.81        1103.00        
  8        5               31132.81        32102.81        970.00         
  5        3               32102.81        33032.81        930.00         
  42       7               33032.81        34066.81        1034.00        
  40       4               34066.81        35149.81        1083.00        
  45       4               35503.93        36871.93        1368.00        
  9        7               36871.93        37785.93        914.00         
  8        8               37785.93        39131.93        1346.00        
  35       8               39131.93        40445.93        1314.00        
  64       5               40445.93        41456.93        1011.00        
  46       3               41495.57        43031.57        1536.00        
  82       4               43142.57        44237.57        1095.00        
  70       3               44237.57        45517.57        1280.00        
  48       4               45995.57        47068.57        1073.00        
  82       7               47068.57        48132.57        1064.00        
  36       2               48259.00        49562.00        1303.00        
  53       2               50433.71        51536.71        1103.00        
  43       6               51536.71        52880.71        1344.00        
  93       4               52880.71        54679.71        1799.00        
  13       2               55251.58        56185.58        934.00         
  36       5               56185.58        57664.58        1479.00        
  45       8               57664.58        58582.58        918.00         
  90       7               58582.58        60037.58        1455.00        
  82       8               60037.58        61101.58        1064.00        
  1        8               61101.58        62160.58        1059.00        

  机器利用率: 64.55% (忙碌时间: 42162.00 / 总时间: 65319.58)

离散机5:
工件号      工序号             开始时间            结束时间            加工时长           
--------------------------------------------------------------------------------
  42       5               20195.35        21780.35        1585.00        
  65       2               21880.32        22985.32        1105.00        
  98       3               23029.32        24520.32        1491.00        
  0        2               24520.32        25946.32        1426.00        
  50       3               25946.32        27529.32        1583.00        
  67       2               27529.32        28727.32        1198.00        
  23       3               28727.32        29843.32        1116.00        
  4        3               29843.32        30814.32        971.00         
  50       5               30822.32        31984.32        1162.00        
  97       4               33019.93        34228.93        1209.00        
  8        6               34228.93        35408.93        1180.00        
  35       5               35408.93        36364.93        956.00         
  73       3               36364.93        37457.93        1093.00        
  67       6               37457.93        38786.93        1329.00        
  24       2               39108.42        40844.42        1736.00        
  70       2               40844.42        42378.42        1534.00        
  90       4               42378.42        44157.42        1779.00        
  90       5               44157.42        45681.42        1524.00        
  11       2               45864.21        46846.21        982.00         
  90       6               46846.21        47875.21        1029.00        
  57       3               47875.21        49172.21        1297.00        
  38       3               49304.00        50411.00        1107.00        
  16       2               50433.71        51506.71        1073.00        
  11       5               51506.71        52533.71        1027.00        
  76       3               52563.00        53895.00        1332.00        
  83       5               53895.00        55214.00        1319.00        
  88       2               55251.58        56219.58        968.00         
  39       6               56219.58        57129.58        910.00         
  38       5               57129.58        58385.58        1256.00        
  53       4               58385.58        59316.58        931.00         
  11       6               59316.58        60221.58        905.00         
  99       4               60221.58        61544.58        1323.00        
  16       3               61544.58        63011.58        1467.00        
  86       6               63011.58        64003.58        992.00         
  43       9               64003.58        65167.58        1164.00        

  机器利用率: 65.92% (忙碌时间: 43059.00 / 总时间: 65319.58)

离散机6:
工件号      工序号             开始时间            结束时间            加工时长           
--------------------------------------------------------------------------------
  55       3               17544.35        18990.35        1446.00        
  64       2               18990.35        20644.35        1654.00        
  50       2               21564.81        22801.81        1237.00        
  59       2               22801.81        24139.81        1338.00        
  21       3               24139.81        25116.81        977.00         
  4        2               25116.81        26128.81        1012.00        
  56       2               26128.81        27471.81        1343.00        
  55       6               27471.81        28415.81        944.00         
  5        2               28415.81        29585.81        1170.00        
  67       3               29585.81        31261.81        1676.00        
  96       4               31261.81        32484.81        1223.00        
  3        4               32484.81        33429.81        945.00         
  55       7               33429.81        34960.81        1531.00        
  4        4               34960.81        36758.81        1798.00        
  21       6               36758.81        37830.81        1072.00        
  1        4               37830.81        38949.81        1119.00        
  91       2               39108.42        40163.42        1055.00        
  20       2               40230.57        41341.57        1111.00        
  48       2               41341.57        42545.57        1204.00        
  37       3               42545.57        43555.57        1010.00        
  66       3               43555.57        44466.57        911.00         
  73       5               44466.57        45701.57        1235.00        
  83       2               45864.21        47396.21        1532.00        
  38       2               48259.00        49304.00        1045.00        
  89       2               49304.00        50369.00        1065.00        
  37       6               50369.00        51525.00        1156.00        
  89       4               51525.00        52803.00        1278.00        
  45       7               52803.00        53774.00        971.00         
  8        9               53774.00        55387.00        1613.00        
  1        6               55387.00        56897.00        1510.00        
  4        5               56897.00        57881.00        984.00         
  85       4               57881.00        59246.00        1365.00        
  54       2               59246.00        60985.00        1739.00        
  59       6               60985.00        62683.00        1698.00        
  47       6               62683.00        64440.00        1757.00        

  机器利用率: 68.47% (忙碌时间: 44724.00 / 总时间: 65319.58)

离散机7:
工件号      工序号             开始时间            结束时间            加工时长           
--------------------------------------------------------------------------------
  78       2               16590.35        17560.35        970.00         
  78       3               17560.35        18881.35        1321.00        
  42       4               18881.35        20195.35        1314.00        
  69       2               20195.35        21640.35        1445.00        
  47       2               22424.81        24141.81        1717.00        
  63       2               24141.81        25296.81        1155.00        
  9        3               25296.81        26353.81        1057.00        
  41       2               26353.81        27296.81        943.00         
  78       5               27296.81        28787.81        1491.00        
  40       3               28787.81        30279.81        1492.00        
  71       3               30279.81        31214.81        935.00         
  27       3               31214.81        32290.81        1076.00        
  95       2               32290.81        33914.81        1624.00        
  94       5               33914.81        34847.81        933.00         
  27       4               34847.81        36266.81        1419.00        
  35       6               36364.93        37365.93        1001.00        
  50       7               37365.93        38531.93        1166.00        
  33       4               38531.93        40049.93        1518.00        
  61       2               40230.57        41154.57        924.00         
  62       3               41154.57        42311.57        1157.00        
  55       9               42311.57        43436.57        1125.00        
  59       3               43436.57        44726.57        1290.00        
  61       3               44726.57        45755.57        1029.00        
  31       2               45864.21        46961.21        1097.00        
  93       2               46961.21        47967.21        1006.00        
  3        6               47967.21        49282.21        1315.00        
  31       5               49282.21        50367.21        1085.00        
  99       2               50433.71        52142.71        1709.00        
  50       9               52142.71        53934.71        1792.00        
  44       4               53934.71        55239.71        1305.00        
  85       2               55251.58        56273.58        1022.00        
  14       2               56273.58        57214.58        941.00         
  64       6               57214.58        58418.58        1204.00        
  45       9               58582.58        59623.58        1041.00        
  39       8               59623.58        60686.58        1063.00        
  90       8               60686.58        61758.58        1072.00        
  11       7               61758.58        62779.58        1021.00        
  27       8               62779.58        63957.58        1178.00        
  93       6               63957.58        65319.58        1362.00        

  机器利用率: 72.44% (忙碌时间: 47315.00 / 总时间: 65319.58)

离散机8:
工件号      工序号             开始时间            结束时间            加工时长           
--------------------------------------------------------------------------------
  2        2               16590.35        18380.35        1790.00        
  78       4               18881.35        20234.35        1353.00        
  10       2               20234.35        21530.35        1296.00        
  96       2               21880.32        23174.32        1294.00        
  1        2               23174.32        24482.32        1308.00        
  57       2               24482.32        25557.32        1075.00        
  47       3               25557.32        26566.32        1009.00        
  52       2               26566.32        27695.32        1129.00        
  25       3               27695.32        28749.32        1054.00        
  78       6               28787.81        30230.81        1443.00        
  80       2               30230.81        31165.81        935.00         
  97       3               31396.93        33019.93        1623.00        
  67       4               33019.93        34171.93        1152.00        
  71       4               34171.93        35148.93        977.00         
  47       5               35334.93        36528.93        1194.00        
  94       6               36528.93        37779.93        1251.00        
  30       3               37779.93        38872.93        1093.00        
  43       2               39108.42        40148.42        1040.00        
  46       2               40230.57        41495.57        1265.00        
  82       3               41495.57        43142.57        1647.00        
  18       2               43142.57        44061.57        919.00         
  97       6               44061.57        45538.57        1477.00        
  86       4               45538.57        47059.57        1521.00        
  96       7               47059.57        48019.57        960.00         
  78       9               48019.57        48932.57        913.00         
  24       3               48932.57        50265.57        1333.00        
  39       2               50433.71        51567.71        1134.00        
  39       3               51567.71        52479.71        912.00         
  36       4               52479.71        53623.71        1144.00        
  20       5               53629.00        55044.00        1415.00        
  43       7               55044.00        56257.00        1213.00        
  85       3               56273.58        57285.58        1012.00        
  13       3               57285.58        58692.58        1407.00        
  1        7               58692.58        60098.58        1406.00        
  89       7               60098.58        61127.58        1029.00        
  4        6               61127.58        62093.58        966.00         
  88       8               62278.58        63303.58        1025.00        
  9        9               63303.58        65103.58        1800.00        

  机器利用率: 71.21% (忙碌时间: 46514.00 / 总时间: 65319.58)

离散机9:
工件号      工序号             开始时间            结束时间            加工时长           
--------------------------------------------------------------------------------
  55       2               16590.35        17544.35        954.00         
  25       2               17544.35        18630.35        1086.00        
  55       4               18990.35        20405.35        1415.00        
  6        2               20405.35        21823.35        1418.00        
  98       2               21880.32        23029.32        1149.00        
  86       2               23029.32        24144.32        1115.00        
  32       2               24144.32        25442.32        1298.00        
  96       3               25442.32        26914.32        1472.00        
  21       4               26914.32        28032.32        1118.00        
  8        4               28147.81        29438.81        1291.00        
  64       3               29438.81        30863.81        1425.00        
  84       5               31132.81        32293.81        1161.00        
  84       6               32293.81        33362.81        1069.00        
  35       4               33362.81        34812.81        1450.00        
  9        6               34890.93        36345.93        1455.00        
  17       3               36345.93        37968.93        1623.00        
  55       8               37968.93        39014.93        1046.00        
  74       2               39108.42        40162.42        1054.00        
  43       3               40162.42        41409.42        1247.00        
  91       3               41409.42        42531.42        1122.00        
  77       2               42531.42        43468.42        937.00         
  37       4               43555.57        44967.57        1412.00        
  44       3               44967.57        46330.57        1363.00        
  58       2               46330.57        48091.57        1761.00        
  27       5               48091.57        49419.57        1328.00        
  9        8               49419.57        50328.57        909.00         
  89       3               50369.00        51492.00        1123.00        
  1        5               51492.00        52506.00        1014.00        
  20       4               52506.00        53629.00        1123.00        
  59       4               53629.00        54758.00        1129.00        
  32       5               54758.00        55982.00        1224.00        
  3        7               55982.00        56997.00        1015.00        
  76       4               56997.00        58718.00        1721.00        
  48       5               58718.00        59806.00        1088.00        
  53       5               59806.00        60706.00        900.00         
  75       2               60706.00        61729.00        1023.00        
  89       8               61729.00        63328.00        1599.00        
  37       7               63328.00        64243.00        915.00         

  机器利用率: 71.27% (忙碌时间: 46552.00 / 总时间: 65319.58)

离散机10:
工件号      工序号             开始时间            结束时间            加工时长           
--------------------------------------------------------------------------------
  34       2               22424.81        23472.81        1048.00        
  17       2               23472.81        24897.81        1425.00        
  7        4               25449.32        27110.32        1661.00        
  42       6               27110.32        28621.32        1511.00        
  94       4               28621.32        29530.32        909.00         
  86       3               29530.32        30454.32        924.00         
  97       2               30478.93        31396.93        918.00         
  23       4               31396.93        32797.93        1401.00        
  45       2               32797.93        33962.93        1165.00        
  9        5               33962.93        34890.93        928.00         
  50       6               34890.93        36047.93        1157.00        
  95       3               36047.93        37720.93        1673.00        
  96       6               37720.93        38962.93        1242.00        
  15       2               39108.42        40008.42        900.00         
  44       2               40230.57        41593.57        1363.00        
  66       2               41593.57        43000.57        1407.00        
  98       5               43000.57        44626.57        1626.00        
  48       3               44626.57        45995.57        1369.00        
  45       6               45995.57        46934.57        939.00         
  21       7               46934.57        47854.57        920.00         
  31       4               47897.21        49248.21        1351.00        
  36       3               49562.00        50707.00        1145.00        
  95       4               50707.00        51688.00        981.00         
  63       6               51688.00        52736.00        1048.00        
  49       2               52736.00        53749.00        1013.00        
  39       5               53881.71        55574.71        1693.00        
  74       5               55574.71        56795.71        1221.00        
  88       4               57232.58        58893.58        1661.00        
  88       5               58893.58        59834.58        941.00         
  19       3               59834.58        61548.58        1714.00        
  43       8               61548.58        62850.58        1302.00        
  88       9               63303.58        64829.58        1526.00        

  机器利用率: 61.36% (忙碌时间: 40082.00 / 总时间: 65319.58)

【打印批次详细信息】
----------------------------------------------------------------------------------------------------

打印机 1 (尺寸: 957.0 x 596.0 x 579.0):
--------------------------------------------------------------------------------
  批次 1: 零件数=6, 占用率=79.56%
    - 89: 尺寸 456.0 x 194.0 x 89.0
    - 22: 尺寸 470.0 x 124.0 x 91.0
    - 38: 尺寸 312.0 x 122.0 x 17.0
    - 49: 尺寸 123.0 x 122.0 x 85.0
    - 36: 尺寸 159.0 x 103.0 x 99.0
    - 51: 尺寸 705.0 x 337.0 x 33.0

打印机 2 (尺寸: 1124.0 x 456.0 x 584.0):
--------------------------------------------------------------------------------
  批次 1: 零件数=13, 占用率=87.69%
    - 57: 尺寸 136.0 x 100.0 x 195.0
    - 28: 尺寸 208.0 x 100.0 x 147.0
    - 32: 尺寸 275.0 x 87.0 x 181.0
    - 0: 尺寸 458.0 x 214.0 x 180.0
    - 75: 尺寸 236.0 x 173.0 x 180.0
    - 1: 尺寸 159.0 x 219.0 x 89.0
    - 56: 尺寸 242.0 x 94.0 x 22.0
    - 95: 尺寸 219.0 x 126.0 x 128.0
    - 67: 尺寸 465.0 x 199.0 x 40.0
    - 63: 尺寸 151.0 x 157.0 x 101.0
    - 34: 尺寸 86.0 x 136.0 x 117.0
    - 30: 尺寸 168.0 x 90.0 x 30.0
    - 47: 尺寸 191.0 x 126.0 x 97.0
  批次 2: 零件数=11, 占用率=84.88%
    - 44: 尺寸 303.0 x 225.0 x 166.0
    - 54: 尺寸 155.0 x 225.0 x 122.0
    - 61: 尺寸 590.0 x 235.0 x 157.0
    - 46: 尺寸 75.0 x 65.0 x 76.0
    - 82: 尺寸 72.0 x 166.0 x 40.0
    - 92: 尺寸 276.0 x 82.0 x 98.0
    - 87: 尺寸 152.0 x 126.0 x 25.0
    - 72: 尺寸 205.0 x 214.0 x 93.0
    - 66: 尺寸 160.0 x 213.0 x 61.0
    - 20: 尺寸 292.0 x 152.0 x 22.0
    - 37: 尺寸 155.0 x 80.0 x 14.0
  批次 3: 零件数=5, 占用率=73.56%
    - 53: 尺寸 300.0 x 280.0 x 70.0
    - 39: 尺寸 481.0 x 294.0 x 92.0
    - 16: 尺寸 250.0 x 394.0 x 50.0
    - 99: 尺寸 84.0 x 201.0 x 92.0
    - 76: 尺寸 212.0 x 171.0 x 38.0
  批次 4: 零件数=1, 占用率=44.64%
    - 60: 尺寸 679.0 x 337.0 x 43.0

打印机 3 (尺寸: 1141.0 x 406.0 x 586.0):
--------------------------------------------------------------------------------
  批次 1: 零件数=21, 占用率=91.94%
    - 52: 尺寸 104.0 x 91.0 x 195.0
    - 17: 尺寸 131.0 x 122.0 x 194.0
    - 3: 尺寸 307.0 x 122.0 x 181.0
    - 35: 尺寸 136.0 x 103.0 x 183.0
    - 96: 尺寸 433.0 x 159.0 x 166.0
    - 71: 尺寸 100.0 x 89.0 x 40.0
    - 21: 尺寸 56.0 x 56.0 x 90.0
    - 23: 尺寸 77.0 x 90.0 x 62.0
    - 59: 尺寸 310.0 x 218.0 x 166.0
    - 84: 尺寸 157.0 x 137.0 x 172.0
    - 29: 尺寸 55.0 x 143.0 x 86.0
    - 7: 尺寸 417.0 x 151.0 x 114.0
    - 73: 尺寸 70.0 x 160.0 x 67.0
    - 41: 尺寸 68.0 x 64.0 x 181.0
    - 65: 尺寸 61.0 x 110.0 x 26.0
    - 27: 尺寸 166.0 x 140.0 x 144.0
    - 86: 尺寸 70.0 x 93.0 x 47.0
    - 81: 尺寸 208.0 x 51.0 x 81.0
    - 94: 尺寸 207.0 x 85.0 x 12.0
    - 98: 尺寸 195.0 x 63.0 x 31.0
    - 9: 尺寸 137.0 x 64.0 x 30.0
  批次 2: 零件数=9, 占用率=91.21%
    - 58: 尺寸 140.0 x 158.0 x 160.0
    - 24: 尺寸 631.0 x 198.0 x 134.0
    - 43: 尺寸 364.0 x 157.0 x 88.0
    - 15: 尺寸 173.0 x 148.0 x 118.0
    - 48: 尺寸 119.0 x 118.0 x 75.0
    - 18: 尺寸 216.0 x 234.0 x 16.0
    - 91: 尺寸 385.0 x 191.0 x 130.0
    - 70: 尺寸 149.0 x 86.0 x 68.0
    - 74: 尺寸 480.0 x 87.0 x 102.0
  批次 3: 零件数=6, 占用率=88.97%
    - 79: 尺寸 329.0 x 127.0 x 58.0
    - 26: 尺寸 446.0 x 153.0 x 38.0
    - 31: 尺寸 307.0 x 182.0 x 59.0
    - 93: 尺寸 329.0 x 189.0 x 58.0
    - 83: 尺寸 321.0 x 248.0 x 60.0
    - 11: 尺寸 477.0 x 219.0 x 24.0
  批次 4: 零件数=5, 占用率=87.37%
    - 19: 尺寸 455.0 x 177.0 x 72.0
    - 88: 尺寸 666.0 x 246.0 x 85.0
    - 13: 尺寸 320.0 x 197.0 x 13.0
    - 68: 尺寸 271.0 x 99.0 x 70.0
    - 85: 尺寸 470.0 x 150.0 x 10.0

打印机 4 (尺寸: 844.0 x 411.0 x 558.0):
--------------------------------------------------------------------------------
  批次 1: 零件数=7, 占用率=95.37%
    - 5: 尺寸 166.0 x 411.0 x 51.0
    - 14: 尺寸 419.0 x 243.0 x 67.0
    - 50: 尺寸 245.0 x 280.0 x 30.0
    - 77: 尺寸 393.0 x 86.0 x 65.0
    - 90: 尺寸 123.0 x 108.0 x 67.0
    - 4: 尺寸 138.0 x 88.0 x 40.0
    - 8: 尺寸 407.0 x 81.0 x 58.0
  批次 2: 零件数=3, 占用率=51.56%
    - 45: 尺寸 248.0 x 191.0 x 28.0
    - 97: 尺寸 355.0 x 350.0 x 26.0
    - 12: 尺寸 127.0 x 57.0 x 18.0

打印机 5 (尺寸: 1186.0 x 565.0 x 605.0):
--------------------------------------------------------------------------------
  批次 1: 零件数=13, 占用率=85.88%
    - 62: 尺寸 133.0 x 81.0 x 20.0
    - 69: 尺寸 481.0 x 137.0 x 22.0
    - 10: 尺寸 526.0 x 221.0 x 54.0
    - 33: 尺寸 67.0 x 144.0 x 66.0
    - 25: 尺寸 65.0 x 159.0 x 45.0
    - 64: 尺寸 457.0 x 84.0 x 46.0
    - 55: 尺寸 334.0 x 143.0 x 35.0
    - 80: 尺寸 261.0 x 341.0 x 66.0
    - 6: 尺寸 149.0 x 112.0 x 40.0
    - 40: 尺寸 309.0 x 285.0 x 59.0
    - 2: 尺寸 111.0 x 175.0 x 46.0
    - 78: 尺寸 147.0 x 209.0 x 48.0
    - 42: 尺寸 211.0 x 154.0 x 51.0

════════════════════════════════════════════════════════════════
