════════════════════════════════════════════════════════════════
              最优Cmax解的详细调度记录
════════════════════════════════════════════════════════════════

【基本信息】
----------------------------------------------------------------------------------------------------
Cmax (最大完工时间): 68353.00
能耗: 837.60 kWh
装箱质量: 0.4955
批次总数: 13
工件数量: 100
机器数量: 17 (打印机:5, 批处理机:2, 离散机:10)

【染色体编码】
----------------------------------------------------------------------------------------------------
工序序列 (OS): [83, 5, 13, 67, 53, 99, 47, 10, 33, 84, 1, 50, 66, 86, 59, 32, 37, 90, 23, 39, 49, 73, 40, 75, 20, 12, 7, 8, 68, 52, 3, 85, 43, 51, 74, 30, 58, 69, 62, 57, 92, 88, 96, 9, 95, 79, 94, 81, 82, 36, 70, 38, 80, 64, 61, 34, 93, 87, 28, 46, 11, 6, 25, 19, 65, 18, 77, 60, 55, 15, 98, 26, 35, 0, 16, 4, 71, 27, 2, 48, 91, 42, 45, 97, 29, 78, 24, 44, 21, 63, 76, 72, 31, 22, 89, 56, 14, 17, 41, 54, 11, 6, 20, 15, 41, 25, 8, 77, 69, 20, 3, 35, 65, 77, 30, 17, 90, 75, 99, 99, 49, 54, 15, 21, 58, 72, 87, 66, 5, 6, 31, 23, 75, 17, 3, 59, 30, 97, 55, 20, 6, 86, 36, 96, 31, 50, 99, 72, 86, 15, 39, 16, 41, 94, 1, 73, 45, 55, 79, 83, 75, 21, 47, 52, 17, 30, 93, 42, 69, 47, 3, 71, 4, 29, 65, 4, 69, 67, 14, 97, 34, 32, 24, 59, 34, 19, 52, 59, 32, 96, 46, 93, 51, 8, 69, 33, 53, 2, 24, 49, 47, 72, 8, 16, 41, 13, 94, 53, 14, 13, 36, 33, 10, 40, 24, 52, 13, 71, 78, 45, 83, 46, 99, 26, 14, 28, 85, 64, 20, 7, 25, 6, 36, 89, 82, 47, 69, 15, 72, 11, 75, 7, 96, 97, 14, 99, 55, 4, 52, 83, 55, 96, 26, 65, 23, 7, 33, 8, 47, 5, 4, 83, 18, 68, 10, 36, 13, 32, 39, 41, 94, 28, 43, 75, 29, 24, 14, 91, 7, 46, 74, 23, 72, 10, 42, 30, 72, 1, 94, 59, 93, 55, 9, 8, 81, 5, 86, 46, 67, 30, 5, 11, 32, 1, 17, 58, 81, 74, 36, 45, 39, 45, 25, 4, 3, 30, 83, 11, 45, 36, 68, 10, 30, 37, 7, 0, 26, 88, 83, 13, 23, 5, 25, 87, 52, 88, 66, 47, 43, 17, 43, 10, 45, 70, 9, 26, 39, 66, 31, 40, 30, 21, 24, 40, 58, 4, 0, 35, 65, 12, 89, 66, 69, 74, 82, 66, 99, 31, 33, 67, 8, 25, 72, 0, 69, 55, 28, 26, 23, 47, 26, 45, 57, 28, 28, 5, 43, 46, 87, 23, 36, 52, 26, 58, 34, 94, 48, 40, 92, 24, 67, 14, 94, 96, 92, 96, 44, 37, 25, 86, 3, 15, 49, 46, 0, 57, 59, 20, 77, 33, 40, 65, 71, 88, 32, 93, 13, 17, 14, 26, 43, 23, 41, 60, 85, 41, 68, 62, 31, 14, 32, 15, 33, 17, 37, 96, 11, 24]
机器选择 (MS): [5, 5, 2, 5, 2, 5, 4, 2, 4, 4, 1, 2, 2, 2, 2, 5, 2, 4, 2, 4, 1, 4, 1, 2, 4, 2, 5, 1, 4, 2, 2, 3, 2, 2, 3, 2, 4, 1, 2, 3, 5, 4, 1, 5, 5, 3, 3, 5, 5, 2, 2, 5, 5, 1, 1, 5, 5, 5, 2, 1, 1, 1, 1, 5, 1, 3, 2, 1, 1, 5, 1, 1, 1, 1, 1, 3, 2, 5, 2, 1, 1, 3, 3, 4, 5, 2, 2, 4, 1, 2, 3, 3, 2, 3, 1, 3, 3, 2, 2, 5, 1, 3, 1, 2, 1, 1, 1, 3, 1, 1, 1, 2, 1, 1, 2, 1, 3, 1, 1, 1, 1, 2, 1, 1, 3, 3, 1, 2, 2, 1, 2, 1, 2, 1, 1, 1, 1, 1, 1, 1, 1, 3, 1, 1, 3, 1, 3, 1, 2, 2, 3, 3, 2, 1, 1, 1, 2, 1, 2, 3, 2, 1, 1, 3, 2, 1, 2, 2, 2, 2, 2, 1, 2, 1, 2, 1, 1, 2, 1, 2, 1, 1, 2, 2, 2, 1, 2, 2, 3, 2, 1, 1, 3, 2, 1, 1, 1, 1, 1, 1, 3, 1, 2, 1, 2, 2, 2, 1, 3, 1, 1, 3, 1, 2, 1, 1, 1, 2, 2, 1, 1, 2, 2, 2, 1, 1, 3, 3, 3, 1, 1, 2, 1, 1, 1, 1, 3, 1, 1, 1, 1, 2, 1, 1, 2, 2, 2, 1, 1, 1, 1, 1, 2, 1, 1, 1, 3, 3, 3, 1, 1, 2, 1, 1, 2, 2, 1, 2, 3, 1, 2, 2, 1, 2, 2, 2, 1, 1, 1, 1, 2, 1, 1, 2, 1, 1, 1, 1, 1, 2, 1, 1, 1, 2, 1, 1, 2, 1, 1, 1, 1, 1, 1, 1, 1, 2, 1, 1, 1, 1, 1, 1, 2, 1, 2, 1, 1, 1, 1, 1, 1, 1, 2, 2, 1, 2, 1, 1, 1, 1, 1, 1, 1, 1, 1, 1, 2, 1, 1, 1, 2, 1, 3, 2, 1, 1, 2, 3, 1, 3, 1, 2, 3, 1, 1, 3, 1, 3, 2, 1, 1, 3, 3, 1, 2, 2, 1, 1, 1, 1, 1, 1, 1, 2, 1, 1, 1, 2, 2, 1, 1, 1, 1, 1, 1, 1, 1, 1, 3, 1, 3, 1, 3, 2, 2, 1, 1, 3, 1, 1, 1, 2, 1, 2, 1, 1, 1, 1, 1, 1, 1, 2, 1, 1, 1, 2, 1, 1, 2, 1, 2, 2, 1, 1, 1, 2, 1, 1, 3, 1, 1, 1, 1, 1, 1, 1, 1, 1, 3, 2, 1, 1, 1, 1, 2, 2, 1, 1]

【零件加工顺序记录】
----------------------------------------------------------------------------------------------------
工件号      工序号             机器号             开始时间            结束时间            加工时长           
----------------------------------------------------------------------------------------------------

工件 0:
  0        0               打印机1            35511.28        43164.62        7653.33        
  0        1               批处理机2           43164.62        44228.62        1064.00        
  0        2               离散机3            52129.35        53029.35        900.00         
  0        3               离散机10           56896.11        58102.11        1206.00        
  0        4               离散机1            60720.00        61635.00        915.00         
  0        5               离散机4            63015.53        64720.53        1705.00        

工件 1:
  1        0               打印机1            0.00            14845.64        14845.64       
  1        1               批处理机2           14845.64        15909.64        1064.00        
  1        2               离散机3            17290.64        18325.64        1035.00        
  1        3               离散机7            21938.64        23720.64        1782.00        
  1        4               离散机2            23720.64        24644.64        924.00         

工件 2:
  2        0               打印机2            44892.35        53470.11        8577.75        
  2        1               批处理机2           53470.11        54534.11        1064.00        
  2        2               离散机10           54534.11        55714.11        1180.00        

工件 3:
  3        0               打印机2            0.00            28858.46        28858.46       
  3        1               批处理机2           28858.46        29922.46        1064.00        
  3        2               离散机1            29922.46        30854.46        932.00         
  3        3               离散机7            30943.46        32072.46        1129.00        
  3        4               离散机2            32640.46        33638.46        998.00         
  3        5               离散机7            33638.46        34729.46        1091.00        
  3        6               离散机2            62609.00        63974.00        1365.00        

工件 4:
  4        0               打印机3            0.00            22788.90        22788.90       
  4        1               批处理机2           22788.90        23852.90        1064.00        
  4        2               离散机1            23852.90        24985.90        1133.00        
  4        3               离散机10           24985.90        26333.90        1348.00        
  4        4               离散机3            34788.46        36019.46        1231.00        
  4        5               离散机8            36019.46        36936.46        917.00         
  4        6               离散机2            38719.95        39741.95        1022.00        
  4        7               离散机6            52234.76        53572.76        1338.00        

工件 5:
  5        0               打印机5            0.00            39797.00        39797.00       
  5        1               批处理机2           39797.00        40861.00        1064.00        
  5        2               离散机1            40861.00        42534.00        1673.00        
  5        3               离散机8            50563.35        51859.35        1296.00        
  5        4               离散机2            51859.35        52779.35        920.00         
  5        5               离散机2            56543.00        57714.00        1171.00        
  5        6               离散机2            59409.00        60309.00        900.00         
  5        7               离散机8            60309.00        61786.00        1477.00        

工件 6:
  6        0               打印机1            0.00            14845.64        14845.64       
  6        1               批处理机2           14845.64        15909.64        1064.00        
  6        2               离散机6            15909.64        16914.64        1005.00        
  6        3               离散机2            16914.64        18579.64        1665.00        
  6        4               离散机3            18579.64        19535.64        956.00         
  6        5               离散机9            19535.64        20812.64        1277.00        

工件 7:
  7        0               打印机5            0.00            39797.00        39797.00       
  7        1               批处理机2           39797.00        40861.00        1064.00        
  7        2               离散机2            47747.76        48735.76        988.00         
  7        3               离散机8            49347.35        50563.35        1216.00        
  7        4               离散机1            50868.35        51794.35        926.00         
  7        5               离散机2            54017.00        55362.00        1345.00        
  7        6               离散机9            58525.00        59987.00        1462.00        

工件 8:
  8        0               打印机1            0.00            14845.64        14845.64       
  8        1               批处理机2           14845.64        15909.64        1064.00        
  8        2               离散机5            15909.64        17165.64        1256.00        
  8        3               离散机6            17165.64        18192.64        1027.00        
  8        4               离散机2            20369.64        21980.64        1611.00        
  8        5               离散机2            21980.64        23364.64        1384.00        
  8        6               离散机1            24985.90        26018.90        1033.00        
  8        7               离散机4            28716.90        30377.90        1661.00        

工件 9:
  9        0               打印机5            0.00            39797.00        39797.00       
  9        1               批处理机2           39797.00        40861.00        1064.00        
  9        2               离散机6            40968.28        42332.28        1364.00        
  9        3               离散机5            56060.76        56973.76        913.00         

工件 10:
  10       0               打印机2            0.00            28858.46        28858.46       
  10       1               批处理机2           28858.46        29922.46        1064.00        
  10       2               离散机6            30887.46        31891.46        1004.00        
  10       3               离散机5            31891.46        32959.46        1068.00        
  10       4               离散机6            33133.46        34649.46        1516.00        
  10       5               离散机2            34649.46        36378.46        1729.00        
  10       6               离散机9            37859.28        39113.28        1254.00        

工件 11:
  11       0               打印机1            0.00            14845.64        14845.64       
  11       1               批处理机2           14845.64        15909.64        1064.00        
  11       2               离散机3            15909.64        17290.64        1381.00        
  11       3               离散机9            17290.64        18406.64        1116.00        
  11       4               离散机3            37116.46        38107.46        991.00         
  11       5               离散机8            38107.46        39045.46        938.00         
  11       6               离散机8            58985.11        60001.11        1016.00        

工件 12:
  12       0               打印机2            0.00            28858.46        28858.46       
  12       1               批处理机2           28858.46        29922.46        1064.00        
  12       2               离散机10           35410.46        36933.46        1523.00        

工件 13:
  13       0               打印机2            0.00            28858.46        28858.46       
  13       1               批处理机2           28858.46        29922.46        1064.00        
  13       2               离散机3            33331.46        34788.46        1457.00        
  13       3               离散机8            34788.46        35826.46        1038.00        
  13       4               离散机5            35826.46        37502.46        1676.00        
  13       5               离散机5            37502.46        38551.46        1049.00        
  13       6               离散机7            55683.11        57294.11        1611.00        
  13       7               离散机2            65128.00        66109.00        981.00         

工件 14:
  14       0               打印机3            0.00            22788.90        22788.90       
  14       1               批处理机2           22788.90        23852.90        1064.00        
  14       2               离散机7            23852.90        25155.90        1303.00        
  14       3               离散机4            25247.90        26471.90        1224.00        
  14       4               离散机6            26471.90        27562.90        1091.00        
  14       5               离散机3            28855.77        30285.77        1430.00        
  14       6               离散机8            30285.77        31478.77        1193.00        
  14       7               离散机8            40296.46        41887.46        1591.00        
  14       8               离散机10           45177.76        46434.76        1257.00        
  14       9               离散机6            59710.11        61037.11        1327.00        

工件 15:
  15       0               打印机5            39797.00        51994.00        12197.00       
  15       1               批处理机2           51994.00        53058.00        1064.00        
  15       2               离散机8            53058.00        54464.00        1406.00        
  15       3               离散机3            54464.00        55453.00        989.00         
  15       4               离散机2            55453.00        56543.00        1090.00        
  15       5               离散机6            56724.11        58050.11        1326.00        
  15       6               离散机3            66182.00        67412.00        1230.00        
  15       7               离散机3            67412.00        68353.00        941.00         

工件 16:
  16       0               打印机1            0.00            14845.64        14845.64       
  16       1               批处理机2           14845.64        15909.64        1064.00        
  16       2               离散机2            18579.64        20369.64        1790.00        
  16       3               离散机7            20369.64        21938.64        1569.00        

工件 17:
  17       0               打印机2            53470.11        59214.53        5744.42        
  17       1               批处理机2           59214.53        60278.53        1064.00        
  17       2               离散机10           60278.53        61232.53        954.00         
  17       3               离散机6            61232.53        62470.53        1238.00        
  17       4               离散机9            62470.53        63455.53        985.00         
  17       5               离散机9            63455.53        64461.53        1006.00        
  17       6               离散机5            64461.53        65882.53        1421.00        
  17       7               离散机2            66109.00        67080.00        971.00         
  17       8               离散机6            67272.53        68191.53        919.00         

工件 18:
  18       0               打印机3            0.00            22788.90        22788.90       
  18       1               批处理机2           22788.90        23852.90        1064.00        
  18       2               离散机9            23852.90        24994.90        1142.00        

工件 19:
  19       0               打印机5            0.00            39797.00        39797.00       
  19       1               批处理机2           39797.00        40861.00        1064.00        
  19       2               离散机7            40861.00        42295.00        1434.00        

工件 20:
  20       0               打印机4            0.00            41875.76        41875.76       
  20       1               批处理机2           41875.76        42939.76        1064.00        
  20       2               离散机7            42939.76        44121.76        1182.00        
  20       3               离散机5            44121.76        45346.76        1225.00        
  20       4               离散机6            45346.76        46606.76        1260.00        
  20       5               离散机9            47055.35        48271.35        1216.00        
  20       6               离散机10           63606.53        64526.53        920.00         

工件 21:
  21       0               打印机1            0.00            14845.64        14845.64       
  21       1               批处理机2           14845.64        15909.64        1064.00        
  21       2               离散机7            15909.64        17463.64        1554.00        
  21       3               离散机3            19535.64        20653.64        1118.00        
  21       4               离散机6            20653.64        22218.64        1565.00        

工件 22:
  22       0               打印机3            0.00            22788.90        22788.90       
  22       1               批处理机2           22788.90        23852.90        1064.00        

工件 23:
  23       0               打印机2            0.00            28858.46        28858.46       
  23       1               批处理机2           28858.46        29922.46        1064.00        
  23       2               离散机9            29922.46        30962.46        1040.00        
  23       3               离散机3            36019.46        37116.46        1097.00        
  23       4               离散机6            39391.28        40968.28        1577.00        
  23       5               离散机6            43596.28        45184.28        1588.00        
  23       6               离散机9            51509.35        52606.35        1097.00        
  23       7               离散机3            63400.00        65016.00        1616.00        
  23       8               离散机5            67092.53        68330.53        1238.00        

工件 24:
  24       0               打印机2            44892.35        53470.11        8577.75        
  24       1               批处理机2           53470.11        54534.11        1064.00        
  24       2               离散机3            55453.00        56783.00        1330.00        
  24       3               离散机9            56783.00        58525.00        1742.00        
  24       4               离散机5            58525.00        59591.00        1066.00        
  24       5               离散机4            59591.00        60983.00        1392.00        
  24       6               离散机10           61232.53        62409.53        1177.00        
  24       7               离散机8            62409.53        63827.53        1418.00        
  24       8               离散机7            65104.11        66513.11        1409.00        

工件 25:
  25       0               打印机1            14845.64        26870.77        12025.13       
  25       1               批处理机2           26870.77        27934.77        1064.00        
  25       2               离散机3            27934.77        28855.77        921.00         
  25       3               离散机2            28855.77        30181.77        1326.00        
  25       4               离散机10           34494.46        35410.46        916.00         
  25       5               离散机1            38032.95        39078.95        1046.00        
  25       6               离散机9            39113.28        40831.28        1718.00        
  25       7               离散机10           43081.00        44209.00        1128.00        

工件 26:
  26       0               打印机1            26870.77        35511.28        8640.51        
  26       1               批处理机2           35511.28        36575.28        1064.00        
  26       2               离散机7            36575.28        38249.28        1674.00        
  26       3               离散机6            38249.28        39391.28        1142.00        
  26       4               离散机3            39391.28        40541.28        1150.00        
  26       5               离散机3            40541.28        42150.28        1609.00        
  26       6               离散机6            49060.76        50339.76        1279.00        
  26       7               离散机9            52606.35        53607.35        1001.00        
  26       8               离散机9            61347.53        62411.53        1064.00        
  26       9               离散机5            62965.00        64461.00        1496.00        

工件 27:
  27       0               打印机5            39797.00        51994.00        12197.00       
  27       1               批处理机2           51994.00        53058.00        1064.00        

工件 28:
  28       0               打印机2            28858.46        44892.35        16033.89       
  28       1               批处理机2           44892.35        45956.35        1064.00        
  28       2               离散机2            46411.76        47747.76        1336.00        
  28       3               离散机6            48069.76        49060.76        991.00         
  28       4               离散机10           59039.11        60247.11        1208.00        
  28       5               离散机7            60247.11        61547.11        1300.00        
  28       6               离散机6            63579.53        64610.53        1031.00        

工件 29:
  29       0               打印机5            39797.00        51994.00        12197.00       
  29       1               批处理机2           51994.00        53058.00        1064.00        
  29       2               离散机1            53058.00        54244.00        1186.00        
  29       3               离散机8            54464.00        55643.00        1179.00        

工件 30:
  30       0               打印机2            28858.46        44892.35        16033.89       
  30       1               批处理机2           44892.35        45956.35        1064.00        
  30       2               离散机9            45956.35        47055.35        1099.00        
  30       3               离散机8            47055.35        48062.35        1007.00        
  30       4               离散机3            48062.35        48981.35        919.00         
  30       5               离散机5            51683.76        52607.76        924.00         
  30       6               离散机5            53743.76        54917.76        1174.00        
  30       7               离散机5            54917.76        56060.76        1143.00        
  30       8               离散机4            56060.76        57437.76        1377.00        
  30       9               离散机7            57437.76        58577.76        1140.00        

工件 31:
  31       0               打印机2            44892.35        53470.11        8577.75        
  31       1               批处理机2           53470.11        54534.11        1064.00        
  31       2               离散机1            54534.11        55948.11        1414.00        
  31       3               离散机8            55948.11        56880.11        932.00         
  31       4               离散机3            62077.00        63400.00        1323.00        
  31       5               离散机9            64461.53        66170.53        1709.00        
  31       6               离散机9            67099.53        68266.53        1167.00        

工件 32:
  32       0               打印机5            0.00            39797.00        39797.00       
  32       1               批处理机2           39797.00        40861.00        1064.00        
  32       2               离散机2            45280.76        46411.76        1131.00        
  32       3               离散机5            47875.76        49281.76        1406.00        
  32       4               离散机1            51794.35        52723.35        929.00         
  32       5               离散机2            57714.00        59409.00        1695.00        
  32       6               离散机5            61960.00        62965.00        1005.00        
  32       7               离散机10           64526.53        65602.53        1076.00        

工件 33:
  33       0               打印机4            0.00            41875.76        41875.76       
  33       1               批处理机2           41875.76        42939.76        1064.00        
  33       2               离散机7            45123.76        46317.76        1194.00        
  33       3               离散机5            49281.76        50345.76        1064.00        
  33       4               离散机6            50345.76        51254.76        909.00         
  33       5               离散机4            57437.76        58435.76        998.00         
  33       6               离散机5            61021.00        61960.00        939.00         
  33       7               离散机10           65602.53        67009.53        1407.00        

工件 34:
  34       0               打印机5            0.00            39797.00        39797.00       
  34       1               批处理机2           39797.00        40861.00        1064.00        
  34       2               离散机3            43537.00        45059.00        1522.00        
  34       3               离散机1            45439.76        46833.76        1394.00        
  34       4               离散机5            59591.00        61021.00        1430.00        

工件 35:
  35       0               打印机1            14845.64        26870.77        12025.13       
  35       1               批处理机2           26870.77        27934.77        1064.00        
  35       2               离散机8            27934.77        29652.77        1718.00        
  35       3               离散机7            34729.46        36428.46        1699.00        

工件 36:
  36       0               打印机2            0.00            28858.46        28858.46       
  36       1               批处理机2           28858.46        29922.46        1064.00        
  36       2               离散机9            30962.46        31956.46        994.00         
  36       3               离散机10           33488.46        34494.46        1006.00        
  36       4               离散机4            42082.00        43371.00        1289.00        
  36       5               离散机3            46655.00        47890.00        1235.00        
  36       6               离散机10           51788.76        52736.76        948.00         
  36       7               离散机4            53660.76        54583.76        923.00         
  36       8               离散机4            58435.76        59417.76        982.00         

工件 37:
  37       0               打印机2            0.00            28858.46        28858.46       
  37       1               批处理机2           28858.46        29922.46        1064.00        
  37       2               离散机5            32959.46        34214.46        1255.00        
  37       3               离散机5            34214.46        35415.46        1201.00        
  37       4               离散机6            36159.46        37350.46        1191.00        

工件 38:
  38       0               打印机5            0.00            39797.00        39797.00       
  38       1               批处理机2           39797.00        40861.00        1064.00        

工件 39:
  39       0               打印机4            0.00            41875.76        41875.76       
  39       1               批处理机2           41875.76        42939.76        1064.00        
  39       2               离散机9            42939.76        44239.76        1300.00        
  39       3               离散机10           44239.76        45177.76        938.00         
  39       4               离散机2            48735.76        50261.76        1526.00        
  39       5               离散机10           52736.76        54162.76        1426.00        

工件 40:
  40       0               打印机1            0.00            14845.64        14845.64       
  40       1               批处理机2           14845.64        15909.64        1064.00        
  40       2               离散机8            17115.64        18226.64        1111.00        
  40       3               离散机9            20812.64        22122.64        1310.00        
  40       4               离散机6            22218.64        23598.64        1380.00        
  40       5               离散机9            24994.90        25912.90        918.00         
  40       6               离散机10           38372.46        39918.46        1546.00        

工件 41:
  41       0               打印机2            0.00            28858.46        28858.46       
  41       1               批处理机2           28858.46        29922.46        1064.00        
  41       2               离散机7            29922.46        30943.46        1021.00        
  41       3               离散机2            30943.46        32640.46        1697.00        
  41       4               离散机4            36697.95        37600.95        903.00         
  41       5               离散机2            37600.95        38719.95        1119.00        
  41       6               离散机7            63832.11        65104.11        1272.00        
  41       7               离散机1            65466.00        67260.00        1794.00        

工件 42:
  42       0               打印机3            0.00            22788.90        22788.90       
  42       1               批处理机2           22788.90        23852.90        1064.00        
  42       2               离散机4            23852.90        25247.90        1395.00        
  42       3               离散机10           27762.90        28959.90        1197.00        

工件 43:
  43       0               打印机2            28858.46        44892.35        16033.89       
  43       1               批处理机2           44892.35        45956.35        1064.00        
  43       2               离散机3            58226.00        59264.00        1038.00        
  43       3               离散机1            59264.00        60720.00        1456.00        
  43       4               离散机3            60782.00        62077.00        1295.00        
  43       5               离散机1            62942.00        64038.00        1096.00        
  43       6               离散机6            66235.53        67272.53        1037.00        

工件 44:
  44       0               打印机4            0.00            41875.76        41875.76       
  44       1               批处理机2           41875.76        42939.76        1064.00        
  44       2               离散机6            54604.76        55590.76        986.00         

工件 45:
  45       0               打印机3            0.00            22788.90        22788.90       
  45       1               批处理机2           22788.90        23852.90        1064.00        
  45       2               离散机3            23852.90        25173.90        1321.00        
  45       3               离散机8            25173.90        26366.90        1193.00        
  45       4               离散机5            26366.90        27580.90        1214.00        
  45       5               离散机8            31478.77        32975.77        1497.00        
  45       6               离散机6            34649.46        36159.46        1510.00        
  45       7               离散机1            39078.95        40035.95        957.00         
  45       8               离散机9            41792.00        42703.00        911.00         

工件 46:
  46       0               打印机1            0.00            14845.64        14845.64       
  46       1               批处理机2           14845.64        15909.64        1064.00        
  46       2               离散机1            15909.64        16954.64        1045.00        
  46       3               离散机6            18192.64        19195.64        1003.00        
  46       4               离散机3            22192.64        23278.64        1086.00        
  46       5               离散机1            26018.90        26954.90        936.00         
  46       6               离散机1            28352.90        29424.90        1072.00        
  46       7               离散机3            38107.46        39341.46        1234.00        

工件 47:
  47       0               打印机4            0.00            41875.76        41875.76       
  47       1               批处理机2           41875.76        42939.76        1064.00        
  47       2               离散机2            44027.76        45280.76        1253.00        
  47       3               离散机5            46723.76        47875.76        1152.00        
  47       4               离散机10           47875.76        48925.76        1050.00        
  47       5               离散机5            50345.76        51683.76        1338.00        
  47       6               离散机3            56783.00        58226.00        1443.00        
  47       7               离散机2            60309.00        61414.00        1105.00        
  47       8               离散机1            61635.00        62942.00        1307.00        

工件 48:
  48       0               打印机1            14845.64        26870.77        12025.13       
  48       1               批处理机2           26870.77        27934.77        1064.00        
  48       2               离散机10           36933.46        38372.46        1439.00        

工件 49:
  49       0               打印机1            14845.64        26870.77        12025.13       
  49       1               批处理机2           26870.77        27934.77        1064.00        
  49       2               离散机6            27934.77        29383.77        1449.00        
  49       3               离散机10           32438.46        33488.46        1050.00        
  49       4               离散机7            58577.76        60128.76        1551.00        

工件 50:
  50       0               打印机2            0.00            28858.46        28858.46       
  50       1               批处理机2           28858.46        29922.46        1064.00        
  50       2               离散机10           31310.46        32438.46        1128.00        

工件 51:
  51       0               打印机2            28858.46        44892.35        16033.89       
  51       1               批处理机2           44892.35        45956.35        1064.00        
  51       2               离散机4            47117.35        48280.35        1163.00        

工件 52:
  52       0               打印机2            0.00            28858.46        28858.46       
  52       1               批处理机2           28858.46        29922.46        1064.00        
  52       2               离散机1            32157.46        33275.46        1118.00        
  52       3               离散机4            33660.95        35455.95        1795.00        
  52       4               离散机1            35455.95        36477.95        1022.00        
  52       5               离散机1            36477.95        38032.95        1555.00        
  52       6               离散机2            39741.95        40756.95        1015.00        
  52       7               离散机10           42158.00        43081.00        923.00         

工件 53:
  53       0               打印机2            0.00            28858.46        28858.46       
  53       1               批处理机2           28858.46        29922.46        1064.00        
  53       2               离散机6            29922.46        30887.46        965.00         
  53       3               离散机9            33422.46        34452.46        1030.00        

工件 54:
  54       0               打印机5            39797.00        51994.00        12197.00       
  54       1               批处理机2           51994.00        53058.00        1064.00        
  54       2               离散机2            53058.00        54017.00        959.00         

工件 55:
  55       0               打印机1            0.00            14845.64        14845.64       
  55       1               批处理机2           14845.64        15909.64        1064.00        
  55       2               离散机10           15909.64        17638.64        1729.00        
  55       3               离散机10           17638.64        19100.64        1462.00        
  55       4               离散机7            19100.64        20268.64        1168.00        
  55       5               离散机3            20653.64        22192.64        1539.00        
  55       6               离散机7            25155.90        26765.90        1610.00        
  55       7               离散机1            26954.90        28352.90        1398.00        

工件 56:
  56       0               打印机3            22788.90        31211.95        8423.05        
  56       1               批处理机2           31211.95        32275.95        1064.00        

工件 57:
  57       0               打印机3            0.00            22788.90        22788.90       
  57       1               批处理机2           22788.90        23852.90        1064.00        
  57       2               离散机6            25292.90        26418.90        1126.00        
  57       3               离散机8            26418.90        27405.90        987.00         

工件 58:
  58       0               打印机4            0.00            41875.76        41875.76       
  58       1               批处理机2           41875.76        42939.76        1064.00        
  58       2               离散机2            42939.76        44027.76        1088.00        
  58       3               离散机3            59264.00        60782.00        1518.00        
  58       4               离散机6            62470.53        63579.53        1109.00        
  58       5               离散机5            65882.53        67092.53        1210.00        

工件 59:
  59       0               打印机2            0.00            28858.46        28858.46       
  59       1               批处理机2           28858.46        29922.46        1064.00        
  59       2               离散机10           29922.46        31310.46        1388.00        
  59       3               离散机3            32386.46        33331.46        945.00         
  59       4               离散机4            35455.95        36697.95        1242.00        
  59       5               离散机4            44744.00        45678.00        934.00         
  59       6               离散机7            53047.35        54516.35        1469.00        

工件 60:
  60       0               打印机1            26870.77        35511.28        8640.51        
  60       1               批处理机2           35511.28        36575.28        1064.00        
  60       2               离散机7            38249.28        39453.28        1204.00        

工件 61:
  61       0               打印机1            0.00            14845.64        14845.64       
  61       1               批处理机2           14845.64        15909.64        1064.00        

工件 62:
  62       0               打印机2            0.00            28858.46        28858.46       
  62       1               批处理机2           28858.46        29922.46        1064.00        
  62       2               离散机4            30377.90        31660.90        1283.00        

工件 63:
  63       0               打印机2            44892.35        53470.11        8577.75        
  63       1               批处理机2           53470.11        54534.11        1064.00        

工件 64:
  64       0               打印机1            35511.28        43164.62        7653.33        
  64       1               批处理机2           43164.62        44228.62        1064.00        
  64       2               离散机9            44239.76        45440.76        1201.00        

工件 65:
  65       0               打印机1            14845.64        26870.77        12025.13       
  65       1               批处理机2           26870.77        27934.77        1064.00        
  65       2               离散机9            27934.77        29340.77        1406.00        
  65       3               离散机9            31956.46        33422.46        1466.00        
  65       4               离散机8            33422.46        34331.46        909.00         
  65       5               离散机1            55948.11        57109.11        1161.00        
  65       6               离散机7            62807.11        63832.11        1025.00        

工件 66:
  66       0               打印机2            0.00            28858.46        28858.46       
  66       1               批处理机2           28858.46        29922.46        1064.00        
  66       2               离散机1            30854.46        32157.46        1303.00        
  66       3               离散机7            32157.46        33323.46        1166.00        
  66       4               离散机8            39045.46        40296.46        1251.00        
  66       5               离散机9            48271.35        49425.35        1154.00        
  66       6               离散机1            58115.11        59241.11        1126.00        

工件 67:
  67       0               打印机5            0.00            39797.00        39797.00       
  67       1               批处理机2           39797.00        40861.00        1064.00        
  67       2               离散机9            40861.00        41792.00        931.00         
  67       3               离散机4            50052.35        51376.35        1324.00        
  67       4               离散机10           58102.11        59039.11        937.00         
  67       5               离散机7            61547.11        62807.11        1260.00        

工件 68:
  68       0               打印机4            0.00            41875.76        41875.76       
  68       1               批处理机2           41875.76        42939.76        1064.00        
  68       2               离散机7            47886.76        49250.76        1364.00        
  68       3               离散机4            54583.76        56028.76        1445.00        
  68       4               离散机9            66170.53        67099.53        929.00         

工件 69:
  69       0               打印机1            0.00            14845.64        14845.64       
  69       1               批处理机2           14845.64        15909.64        1064.00        
  69       2               离散机8            15909.64        17115.64        1206.00        
  69       3               离散机7            17463.64        18974.64        1511.00        
  69       4               离散机8            18974.64        20283.64        1309.00        
  69       5               离散机4            20283.64        21297.64        1014.00        
  69       6               离散机8            21297.64        22531.64        1234.00        
  69       7               离散机5            24775.90        26342.90        1567.00        
  69       8               离散机9            26342.90        27340.90        998.00         

工件 70:
  70       0               打印机2            44892.35        53470.11        8577.75        
  70       1               批处理机2           53470.11        54534.11        1064.00        
  70       2               离散机10           55714.11        56896.11        1182.00        

工件 71:
  71       0               打印机2            53470.11        59214.53        5744.42        
  71       1               批处理机2           59214.53        60278.53        1064.00        
  71       2               离散机9            60278.53        61347.53        1069.00        
  71       3               离散机4            61347.53        63015.53        1668.00        
  71       4               离散机2            63974.00        65128.00        1154.00        

工件 72:
  72       0               打印机3            22788.90        31211.95        8423.05        
  72       1               批处理机2           31211.95        32275.95        1064.00        
  72       2               离散机4            32275.95        33660.95        1385.00        
  72       3               离散机1            33660.95        35151.95        1491.00        
  72       4               离散机4            39540.28        40799.28        1259.00        
  72       5               离散机7            46317.76        47886.76        1569.00        
  72       6               离散机10           48925.76        50299.76        1374.00        
  72       7               离散机5            52607.76        53743.76        1136.00        
  72       8               离散机5            56973.76        58365.76        1392.00        

工件 73:
  73       0               打印机4            0.00            41875.76        41875.76       
  73       1               批处理机2           41875.76        42939.76        1064.00        
  73       2               离散机1            42939.76        43974.76        1035.00        

工件 74:
  74       0               打印机3            0.00            22788.90        22788.90       
  74       1               批处理机2           22788.90        23852.90        1064.00        
  74       2               离散机3            26843.90        27872.90        1029.00        
  74       3               离散机7            27872.90        29117.90        1245.00        
  74       4               离散机2            36378.46        37569.46        1191.00        

工件 75:
  75       0               打印机2            28858.46        44892.35        16033.89       
  75       1               批处理机2           44892.35        45956.35        1064.00        
  75       2               离散机4            45956.35        47117.35        1161.00        
  75       3               离散机1            47117.35        48262.35        1145.00        
  75       4               离散机1            48262.35        49517.35        1255.00        
  75       5               离散机3            50580.35        52129.35        1549.00        
  75       6               离散机7            52129.35        53047.35        918.00         

工件 76:
  76       0               打印机3            22788.90        31211.95        8423.05        
  76       1               批处理机2           31211.95        32275.95        1064.00        

工件 77:
  77       0               打印机2            44892.35        53470.11        8577.75        
  77       1               批处理机2           53470.11        54534.11        1064.00        
  77       2               离散机7            54534.11        55683.11        1149.00        
  77       3               离散机6            55683.11        56724.11        1041.00        
  77       4               离散机1            64038.00        65466.00        1428.00        

工件 78:
  78       0               打印机2            28858.46        44892.35        16033.89       
  78       1               批处理机2           44892.35        45956.35        1064.00        
  78       2               离散机8            48062.35        49347.35        1285.00        

工件 79:
  79       0               打印机3            0.00            22788.90        22788.90       
  79       1               批处理机2           22788.90        23852.90        1064.00        
  79       2               离散机5            23852.90        24775.90        923.00         

工件 80:
  80       0               打印机5            0.00            39797.00        39797.00       
  80       1               批处理机2           39797.00        40861.00        1064.00        

工件 81:
  81       0               打印机5            0.00            39797.00        39797.00       
  81       1               批处理机2           39797.00        40861.00        1064.00        
  81       2               离散机6            42332.28        43596.28        1264.00        
  81       3               离散机8            51859.35        53047.35        1188.00        

工件 82:
  82       0               打印机5            0.00            39797.00        39797.00       
  82       1               批处理机2           39797.00        40861.00        1064.00        
  82       2               离散机3            48981.35        50580.35        1599.00        
  82       3               离散机9            50580.35        51509.35        929.00         

工件 83:
  83       0               打印机5            0.00            39797.00        39797.00       
  83       1               批处理机2           39797.00        40861.00        1064.00        
  83       2               离散机4            40861.00        42082.00        1221.00        
  83       3               离散机8            43894.00        44880.00        986.00         
  83       4               离散机1            49517.35        50868.35        1351.00        
  83       5               离散机6            51254.76        52234.76        980.00         
  83       6               离散机4            52234.76        53660.76        1426.00        
  83       7               离散机9            53660.76        55061.76        1401.00        

工件 84:
  84       0               打印机4            0.00            41875.76        41875.76       
  84       1               批处理机2           41875.76        42939.76        1064.00        

工件 85:
  85       0               打印机3            0.00            22788.90        22788.90       
  85       1               批处理机2           22788.90        23852.90        1064.00        
  85       2               离散机6            31891.46        33133.46        1242.00        
  85       3               离散机9            34452.46        36123.46        1671.00        

工件 86:
  86       0               打印机2            0.00            28858.46        28858.46       
  86       1               批处理机2           28858.46        29922.46        1064.00        
  86       2               离散机5            29922.46        31066.46        1144.00        
  86       3               离散机3            31066.46        32386.46        1320.00        
  86       4               离散机4            48280.35        50052.35        1772.00        
  86       5               离散机10           62409.53        63606.53        1197.00        

工件 87:
  87       0               打印机5            39797.00        51994.00        12197.00       
  87       1               批处理机2           51994.00        53058.00        1064.00        
  87       2               离散机3            53058.00        54194.00        1136.00        
  87       3               离散机9            55061.76        56334.76        1273.00        
  87       4               离散机6            58050.11        59710.11        1660.00        

工件 88:
  88       0               打印机4            0.00            41875.76        41875.76       
  88       1               批处理机2           41875.76        42939.76        1064.00        
  88       2               离散机7            49250.76        50557.76        1307.00        
  88       3               离散机7            50557.76        51920.76        1363.00        
  88       4               离散机6            64610.53        66235.53        1625.00        

工件 89:
  89       0               打印机1            35511.28        43164.62        7653.33        
  89       1               批处理机2           43164.62        44228.62        1064.00        
  89       2               离散机3            45059.00        46655.00        1596.00        
  89       3               离散机1            57109.11        58115.11        1006.00        

工件 90:
  90       0               打印机4            0.00            41875.76        41875.76       
  90       1               批处理机2           41875.76        42939.76        1064.00        
  90       2               离散机5            45346.76        46723.76        1377.00        

工件 91:
  91       0               打印机1            0.00            14845.64        14845.64       
  91       1               批处理机2           14845.64        15909.64        1064.00        
  91       2               离散机5            17165.64        18804.64        1639.00        

工件 92:
  92       0               打印机5            0.00            39797.00        39797.00       
  92       1               批处理机2           39797.00        40861.00        1064.00        
  92       2               离散机6            53572.76        54604.76        1032.00        
  92       3               离散机2            61414.00        62609.00        1195.00        

工件 93:
  93       0               打印机5            0.00            39797.00        39797.00       
  93       1               批处理机2           39797.00        40861.00        1064.00        
  93       2               离散机2            40861.00        42514.00        1653.00        
  93       3               离散机8            42514.00        43894.00        1380.00        
  93       4               离散机10           50299.76        51788.76        1489.00        
  93       5               离散机8            57910.11        58985.11        1075.00        

工件 94:
  94       0               打印机3            0.00            22788.90        22788.90       
  94       1               批处理机2           22788.90        23852.90        1064.00        
  94       2               离散机6            23852.90        25292.90        1440.00        
  94       3               离散机3            25292.90        26843.90        1551.00        
  94       4               离散机10           26843.90        27762.90        919.00         
  94       5               离散机4            27762.90        28716.90        954.00         
  94       6               离散机2            33638.46        34648.46        1010.00        
  94       7               离散机2            50261.76        51855.76        1594.00        

工件 95:
  95       0               打印机5            0.00            39797.00        39797.00       
  95       1               批处理机2           39797.00        40861.00        1064.00        

工件 96:
  96       0               打印机1            26870.77        35511.28        8640.51        
  96       1               批处理机2           35511.28        36575.28        1064.00        
  96       2               离散机9            36575.28        37859.28        1284.00        
  96       3               离散机4            37859.28        39540.28        1681.00        
  96       4               离散机7            39540.28        40658.28        1118.00        
  96       5               离散机4            43371.00        44744.00        1373.00        
  96       6               离散机8            56880.11        57910.11        1030.00        
  96       7               离散机3            65016.00        66182.00        1166.00        
  96       8               离散机10           67009.53        68020.53        1011.00        

工件 97:
  97       0               打印机4            0.00            41875.76        41875.76       
  97       1               批处理机2           41875.76        42939.76        1064.00        
  97       2               离散机5            42939.76        43922.76        983.00         
  97       3               离散机1            43974.76        45439.76        1465.00        
  97       4               离散机6            46606.76        48069.76        1463.00        

工件 98:
  98       0               打印机1            14845.64        26870.77        12025.13       
  98       1               批处理机2           26870.77        27934.77        1064.00        

工件 99:
  99       0               打印机5            0.00            39797.00        39797.00       
  99       1               批处理机2           39797.00        40861.00        1064.00        
  99       2               离散机10           40861.00        42158.00        1297.00        
  99       3               离散机3            42158.00        43537.00        1379.00        
  99       4               离散机7            44121.76        45123.76        1002.00        
  99       5               离散机8            45123.76        46551.76        1428.00        
  99       6               离散机10           46551.76        47850.76        1299.00        
  99       7               离散机9            49425.35        50493.35        1068.00        

【机器加工顺序记录】
----------------------------------------------------------------------------------------------------

打印机1:
工件号      工序号             开始时间            结束时间            加工时长           
--------------------------------------------------------------------------------
  1        0               0.00            14845.64        14845.64       
  6        0               0.00            14845.64        14845.64       
  8        0               0.00            14845.64        14845.64       
  11       0               0.00            14845.64        14845.64       
  16       0               0.00            14845.64        14845.64       
  21       0               0.00            14845.64        14845.64       
  40       0               0.00            14845.64        14845.64       
  46       0               0.00            14845.64        14845.64       
  55       0               0.00            14845.64        14845.64       
  61       0               0.00            14845.64        14845.64       
  69       0               0.00            14845.64        14845.64       
  91       0               0.00            14845.64        14845.64       
  25       0               14845.64        26870.77        12025.13       
  35       0               14845.64        26870.77        12025.13       
  48       0               14845.64        26870.77        12025.13       
  49       0               14845.64        26870.77        12025.13       
  65       0               14845.64        26870.77        12025.13       
  98       0               14845.64        26870.77        12025.13       
  26       0               26870.77        35511.28        8640.51        
  60       0               26870.77        35511.28        8640.51        
  96       0               26870.77        35511.28        8640.51        
  0        0               35511.28        43164.62        7653.33        
  64       0               35511.28        43164.62        7653.33        
  89       0               35511.28        43164.62        7653.33        

  机器利用率: 437.70% (忙碌时间: 299180.00 / 总时间: 68353.00)

打印机2:
工件号      工序号             开始时间            结束时间            加工时长           
--------------------------------------------------------------------------------
  3        0               0.00            28858.46        28858.46       
  10       0               0.00            28858.46        28858.46       
  12       0               0.00            28858.46        28858.46       
  13       0               0.00            28858.46        28858.46       
  23       0               0.00            28858.46        28858.46       
  36       0               0.00            28858.46        28858.46       
  37       0               0.00            28858.46        28858.46       
  41       0               0.00            28858.46        28858.46       
  50       0               0.00            28858.46        28858.46       
  52       0               0.00            28858.46        28858.46       
  53       0               0.00            28858.46        28858.46       
  59       0               0.00            28858.46        28858.46       
  62       0               0.00            28858.46        28858.46       
  66       0               0.00            28858.46        28858.46       
  86       0               0.00            28858.46        28858.46       
  28       0               28858.46        44892.35        16033.89       
  30       0               28858.46        44892.35        16033.89       
  43       0               28858.46        44892.35        16033.89       
  51       0               28858.46        44892.35        16033.89       
  75       0               28858.46        44892.35        16033.89       
  78       0               28858.46        44892.35        16033.89       
  2        0               44892.35        53470.11        8577.75        
  24       0               44892.35        53470.11        8577.75        
  31       0               44892.35        53470.11        8577.75        
  63       0               44892.35        53470.11        8577.75        
  70       0               44892.35        53470.11        8577.75        
  77       0               44892.35        53470.11        8577.75        
  17       0               53470.11        59214.53        5744.42        
  71       0               53470.11        59214.53        5744.42        

  机器利用率: 866.14% (忙碌时间: 592035.58 / 总时间: 68353.00)

打印机3:
工件号      工序号             开始时间            结束时间            加工时长           
--------------------------------------------------------------------------------
  4        0               0.00            22788.90        22788.90       
  14       0               0.00            22788.90        22788.90       
  18       0               0.00            22788.90        22788.90       
  22       0               0.00            22788.90        22788.90       
  42       0               0.00            22788.90        22788.90       
  45       0               0.00            22788.90        22788.90       
  57       0               0.00            22788.90        22788.90       
  74       0               0.00            22788.90        22788.90       
  79       0               0.00            22788.90        22788.90       
  85       0               0.00            22788.90        22788.90       
  94       0               0.00            22788.90        22788.90       
  56       0               22788.90        31211.95        8423.05        
  72       0               22788.90        31211.95        8423.05        
  76       0               22788.90        31211.95        8423.05        

  机器利用率: 403.71% (忙碌时间: 275947.07 / 总时间: 68353.00)

打印机4:
工件号      工序号             开始时间            结束时间            加工时长           
--------------------------------------------------------------------------------
  20       0               0.00            41875.76        41875.76       
  33       0               0.00            41875.76        41875.76       
  39       0               0.00            41875.76        41875.76       
  44       0               0.00            41875.76        41875.76       
  47       0               0.00            41875.76        41875.76       
  58       0               0.00            41875.76        41875.76       
  68       0               0.00            41875.76        41875.76       
  73       0               0.00            41875.76        41875.76       
  84       0               0.00            41875.76        41875.76       
  88       0               0.00            41875.76        41875.76       
  90       0               0.00            41875.76        41875.76       
  97       0               0.00            41875.76        41875.76       

  机器利用率: 735.17% (忙碌时间: 502509.18 / 总时间: 68353.00)

打印机5:
工件号      工序号             开始时间            结束时间            加工时长           
--------------------------------------------------------------------------------
  5        0               0.00            39797.00        39797.00       
  7        0               0.00            39797.00        39797.00       
  9        0               0.00            39797.00        39797.00       
  19       0               0.00            39797.00        39797.00       
  32       0               0.00            39797.00        39797.00       
  34       0               0.00            39797.00        39797.00       
  38       0               0.00            39797.00        39797.00       
  67       0               0.00            39797.00        39797.00       
  80       0               0.00            39797.00        39797.00       
  81       0               0.00            39797.00        39797.00       
  82       0               0.00            39797.00        39797.00       
  83       0               0.00            39797.00        39797.00       
  92       0               0.00            39797.00        39797.00       
  93       0               0.00            39797.00        39797.00       
  95       0               0.00            39797.00        39797.00       
  99       0               0.00            39797.00        39797.00       
  15       0               39797.00        51994.00        12197.00       
  27       0               39797.00        51994.00        12197.00       
  29       0               39797.00        51994.00        12197.00       
  54       0               39797.00        51994.00        12197.00       
  87       0               39797.00        51994.00        12197.00       

  机器利用率: 1020.78% (忙碌时间: 697737.00 / 总时间: 68353.00)

批处理机1:
工件号      工序号             开始时间            结束时间            加工时长           
--------------------------------------------------------------------------------

  机器利用率: 0.00% (忙碌时间: 0.00 / 总时间: 68353.00)

批处理机2:
工件号      工序号             开始时间            结束时间            加工时长           
--------------------------------------------------------------------------------
  1        1               14845.64        15909.64        1064.00        
  6        1               14845.64        15909.64        1064.00        
  8        1               14845.64        15909.64        1064.00        
  11       1               14845.64        15909.64        1064.00        
  16       1               14845.64        15909.64        1064.00        
  21       1               14845.64        15909.64        1064.00        
  40       1               14845.64        15909.64        1064.00        
  46       1               14845.64        15909.64        1064.00        
  55       1               14845.64        15909.64        1064.00        
  61       1               14845.64        15909.64        1064.00        
  69       1               14845.64        15909.64        1064.00        
  91       1               14845.64        15909.64        1064.00        
  4        1               22788.90        23852.90        1064.00        
  14       1               22788.90        23852.90        1064.00        
  18       1               22788.90        23852.90        1064.00        
  22       1               22788.90        23852.90        1064.00        
  42       1               22788.90        23852.90        1064.00        
  45       1               22788.90        23852.90        1064.00        
  57       1               22788.90        23852.90        1064.00        
  74       1               22788.90        23852.90        1064.00        
  79       1               22788.90        23852.90        1064.00        
  85       1               22788.90        23852.90        1064.00        
  94       1               22788.90        23852.90        1064.00        
  25       1               26870.77        27934.77        1064.00        
  35       1               26870.77        27934.77        1064.00        
  48       1               26870.77        27934.77        1064.00        
  49       1               26870.77        27934.77        1064.00        
  65       1               26870.77        27934.77        1064.00        
  98       1               26870.77        27934.77        1064.00        
  3        1               28858.46        29922.46        1064.00        
  10       1               28858.46        29922.46        1064.00        
  12       1               28858.46        29922.46        1064.00        
  13       1               28858.46        29922.46        1064.00        
  23       1               28858.46        29922.46        1064.00        
  36       1               28858.46        29922.46        1064.00        
  37       1               28858.46        29922.46        1064.00        
  41       1               28858.46        29922.46        1064.00        
  50       1               28858.46        29922.46        1064.00        
  52       1               28858.46        29922.46        1064.00        
  53       1               28858.46        29922.46        1064.00        
  59       1               28858.46        29922.46        1064.00        
  62       1               28858.46        29922.46        1064.00        
  66       1               28858.46        29922.46        1064.00        
  86       1               28858.46        29922.46        1064.00        
  56       1               31211.95        32275.95        1064.00        
  72       1               31211.95        32275.95        1064.00        
  76       1               31211.95        32275.95        1064.00        
  26       1               35511.28        36575.28        1064.00        
  60       1               35511.28        36575.28        1064.00        
  96       1               35511.28        36575.28        1064.00        
  5        1               39797.00        40861.00        1064.00        
  7        1               39797.00        40861.00        1064.00        
  9        1               39797.00        40861.00        1064.00        
  19       1               39797.00        40861.00        1064.00        
  32       1               39797.00        40861.00        1064.00        
  34       1               39797.00        40861.00        1064.00        
  38       1               39797.00        40861.00        1064.00        
  67       1               39797.00        40861.00        1064.00        
  80       1               39797.00        40861.00        1064.00        
  81       1               39797.00        40861.00        1064.00        
  82       1               39797.00        40861.00        1064.00        
  83       1               39797.00        40861.00        1064.00        
  92       1               39797.00        40861.00        1064.00        
  93       1               39797.00        40861.00        1064.00        
  95       1               39797.00        40861.00        1064.00        
  99       1               39797.00        40861.00        1064.00        
  20       1               41875.76        42939.76        1064.00        
  33       1               41875.76        42939.76        1064.00        
  39       1               41875.76        42939.76        1064.00        
  44       1               41875.76        42939.76        1064.00        
  47       1               41875.76        42939.76        1064.00        
  58       1               41875.76        42939.76        1064.00        
  68       1               41875.76        42939.76        1064.00        
  73       1               41875.76        42939.76        1064.00        
  84       1               41875.76        42939.76        1064.00        
  88       1               41875.76        42939.76        1064.00        
  90       1               41875.76        42939.76        1064.00        
  97       1               41875.76        42939.76        1064.00        
  0        1               43164.62        44228.62        1064.00        
  64       1               43164.62        44228.62        1064.00        
  89       1               43164.62        44228.62        1064.00        
  28       1               44892.35        45956.35        1064.00        
  30       1               44892.35        45956.35        1064.00        
  43       1               44892.35        45956.35        1064.00        
  51       1               44892.35        45956.35        1064.00        
  75       1               44892.35        45956.35        1064.00        
  78       1               44892.35        45956.35        1064.00        
  15       1               51994.00        53058.00        1064.00        
  27       1               51994.00        53058.00        1064.00        
  29       1               51994.00        53058.00        1064.00        
  54       1               51994.00        53058.00        1064.00        
  87       1               51994.00        53058.00        1064.00        
  2        1               53470.11        54534.11        1064.00        
  24       1               53470.11        54534.11        1064.00        
  31       1               53470.11        54534.11        1064.00        
  63       1               53470.11        54534.11        1064.00        
  70       1               53470.11        54534.11        1064.00        
  77       1               53470.11        54534.11        1064.00        
  17       1               59214.53        60278.53        1064.00        
  71       1               59214.53        60278.53        1064.00        

  机器利用率: 155.66% (忙碌时间: 106400.00 / 总时间: 68353.00)

离散机1:
工件号      工序号             开始时间            结束时间            加工时长           
--------------------------------------------------------------------------------
  46       2               15909.64        16954.64        1045.00        
  4        2               23852.90        24985.90        1133.00        
  8        6               24985.90        26018.90        1033.00        
  46       5               26018.90        26954.90        936.00         
  55       7               26954.90        28352.90        1398.00        
  46       6               28352.90        29424.90        1072.00        
  3        2               29922.46        30854.46        932.00         
  66       2               30854.46        32157.46        1303.00        
  52       2               32157.46        33275.46        1118.00        
  72       3               33660.95        35151.95        1491.00        
  52       4               35455.95        36477.95        1022.00        
  52       5               36477.95        38032.95        1555.00        
  25       5               38032.95        39078.95        1046.00        
  45       7               39078.95        40035.95        957.00         
  5        2               40861.00        42534.00        1673.00        
  73       2               42939.76        43974.76        1035.00        
  97       3               43974.76        45439.76        1465.00        
  34       3               45439.76        46833.76        1394.00        
  75       3               47117.35        48262.35        1145.00        
  75       4               48262.35        49517.35        1255.00        
  83       4               49517.35        50868.35        1351.00        
  7        4               50868.35        51794.35        926.00         
  32       4               51794.35        52723.35        929.00         
  29       2               53058.00        54244.00        1186.00        
  31       2               54534.11        55948.11        1414.00        
  65       5               55948.11        57109.11        1161.00        
  89       3               57109.11        58115.11        1006.00        
  66       6               58115.11        59241.11        1126.00        
  43       3               59264.00        60720.00        1456.00        
  0        4               60720.00        61635.00        915.00         
  47       8               61635.00        62942.00        1307.00        
  43       5               62942.00        64038.00        1096.00        
  77       4               64038.00        65466.00        1428.00        
  41       7               65466.00        67260.00        1794.00        

  机器利用率: 60.13% (忙碌时间: 41103.00 / 总时间: 68353.00)

离散机2:
工件号      工序号             开始时间            结束时间            加工时长           
--------------------------------------------------------------------------------
  6        3               16914.64        18579.64        1665.00        
  16       2               18579.64        20369.64        1790.00        
  8        4               20369.64        21980.64        1611.00        
  8        5               21980.64        23364.64        1384.00        
  1        4               23720.64        24644.64        924.00         
  25       3               28855.77        30181.77        1326.00        
  41       3               30943.46        32640.46        1697.00        
  3        4               32640.46        33638.46        998.00         
  94       6               33638.46        34648.46        1010.00        
  10       5               34649.46        36378.46        1729.00        
  74       4               36378.46        37569.46        1191.00        
  41       5               37600.95        38719.95        1119.00        
  4        6               38719.95        39741.95        1022.00        
  52       6               39741.95        40756.95        1015.00        
  93       2               40861.00        42514.00        1653.00        
  58       2               42939.76        44027.76        1088.00        
  47       2               44027.76        45280.76        1253.00        
  32       2               45280.76        46411.76        1131.00        
  28       2               46411.76        47747.76        1336.00        
  7        2               47747.76        48735.76        988.00         
  39       4               48735.76        50261.76        1526.00        
  94       7               50261.76        51855.76        1594.00        
  5        4               51859.35        52779.35        920.00         
  54       2               53058.00        54017.00        959.00         
  7        5               54017.00        55362.00        1345.00        
  15       4               55453.00        56543.00        1090.00        
  5        5               56543.00        57714.00        1171.00        
  32       5               57714.00        59409.00        1695.00        
  5        6               59409.00        60309.00        900.00         
  47       7               60309.00        61414.00        1105.00        
  92       3               61414.00        62609.00        1195.00        
  3        6               62609.00        63974.00        1365.00        
  71       4               63974.00        65128.00        1154.00        
  13       7               65128.00        66109.00        981.00         
  17       7               66109.00        67080.00        971.00         

  机器利用率: 64.23% (忙碌时间: 43901.00 / 总时间: 68353.00)

离散机3:
工件号      工序号             开始时间            结束时间            加工时长           
--------------------------------------------------------------------------------
  11       2               15909.64        17290.64        1381.00        
  1        2               17290.64        18325.64        1035.00        
  6        4               18579.64        19535.64        956.00         
  21       3               19535.64        20653.64        1118.00        
  55       5               20653.64        22192.64        1539.00        
  46       4               22192.64        23278.64        1086.00        
  45       2               23852.90        25173.90        1321.00        
  94       3               25292.90        26843.90        1551.00        
  74       2               26843.90        27872.90        1029.00        
  25       2               27934.77        28855.77        921.00         
  14       5               28855.77        30285.77        1430.00        
  86       3               31066.46        32386.46        1320.00        
  59       3               32386.46        33331.46        945.00         
  13       2               33331.46        34788.46        1457.00        
  4        4               34788.46        36019.46        1231.00        
  23       3               36019.46        37116.46        1097.00        
  11       4               37116.46        38107.46        991.00         
  46       7               38107.46        39341.46        1234.00        
  26       4               39391.28        40541.28        1150.00        
  26       5               40541.28        42150.28        1609.00        
  99       3               42158.00        43537.00        1379.00        
  34       2               43537.00        45059.00        1522.00        
  89       2               45059.00        46655.00        1596.00        
  36       5               46655.00        47890.00        1235.00        
  30       4               48062.35        48981.35        919.00         
  82       2               48981.35        50580.35        1599.00        
  75       5               50580.35        52129.35        1549.00        
  0        2               52129.35        53029.35        900.00         
  87       2               53058.00        54194.00        1136.00        
  15       3               54464.00        55453.00        989.00         
  24       2               55453.00        56783.00        1330.00        
  47       6               56783.00        58226.00        1443.00        
  43       2               58226.00        59264.00        1038.00        
  58       3               59264.00        60782.00        1518.00        
  43       4               60782.00        62077.00        1295.00        
  31       4               62077.00        63400.00        1323.00        
  23       7               63400.00        65016.00        1616.00        
  96       7               65016.00        66182.00        1166.00        
  15       6               66182.00        67412.00        1230.00        
  15       7               67412.00        68353.00        941.00         

  机器利用率: 73.33% (忙碌时间: 50125.00 / 总时间: 68353.00)

离散机4:
工件号      工序号             开始时间            结束时间            加工时长           
--------------------------------------------------------------------------------
  69       5               20283.64        21297.64        1014.00        
  42       2               23852.90        25247.90        1395.00        
  14       3               25247.90        26471.90        1224.00        
  94       5               27762.90        28716.90        954.00         
  8        7               28716.90        30377.90        1661.00        
  62       2               30377.90        31660.90        1283.00        
  72       2               32275.95        33660.95        1385.00        
  52       3               33660.95        35455.95        1795.00        
  59       4               35455.95        36697.95        1242.00        
  41       4               36697.95        37600.95        903.00         
  96       3               37859.28        39540.28        1681.00        
  72       4               39540.28        40799.28        1259.00        
  83       2               40861.00        42082.00        1221.00        
  36       4               42082.00        43371.00        1289.00        
  96       5               43371.00        44744.00        1373.00        
  59       5               44744.00        45678.00        934.00         
  75       2               45956.35        47117.35        1161.00        
  51       2               47117.35        48280.35        1163.00        
  86       4               48280.35        50052.35        1772.00        
  67       3               50052.35        51376.35        1324.00        
  83       6               52234.76        53660.76        1426.00        
  36       7               53660.76        54583.76        923.00         
  68       3               54583.76        56028.76        1445.00        
  30       8               56060.76        57437.76        1377.00        
  33       5               57437.76        58435.76        998.00         
  36       8               58435.76        59417.76        982.00         
  24       5               59591.00        60983.00        1392.00        
  71       3               61347.53        63015.53        1668.00        
  0        5               63015.53        64720.53        1705.00        

  机器利用率: 55.52% (忙碌时间: 37949.00 / 总时间: 68353.00)

离散机5:
工件号      工序号             开始时间            结束时间            加工时长           
--------------------------------------------------------------------------------
  8        2               15909.64        17165.64        1256.00        
  91       2               17165.64        18804.64        1639.00        
  79       2               23852.90        24775.90        923.00         
  69       7               24775.90        26342.90        1567.00        
  45       4               26366.90        27580.90        1214.00        
  86       2               29922.46        31066.46        1144.00        
  10       3               31891.46        32959.46        1068.00        
  37       2               32959.46        34214.46        1255.00        
  37       3               34214.46        35415.46        1201.00        
  13       4               35826.46        37502.46        1676.00        
  13       5               37502.46        38551.46        1049.00        
  97       2               42939.76        43922.76        983.00         
  20       3               44121.76        45346.76        1225.00        
  90       2               45346.76        46723.76        1377.00        
  47       3               46723.76        47875.76        1152.00        
  32       3               47875.76        49281.76        1406.00        
  33       3               49281.76        50345.76        1064.00        
  47       5               50345.76        51683.76        1338.00        
  30       5               51683.76        52607.76        924.00         
  72       7               52607.76        53743.76        1136.00        
  30       6               53743.76        54917.76        1174.00        
  30       7               54917.76        56060.76        1143.00        
  9        3               56060.76        56973.76        913.00         
  72       8               56973.76        58365.76        1392.00        
  24       4               58525.00        59591.00        1066.00        
  34       4               59591.00        61021.00        1430.00        
  33       6               61021.00        61960.00        939.00         
  32       6               61960.00        62965.00        1005.00        
  26       9               62965.00        64461.00        1496.00        
  17       6               64461.53        65882.53        1421.00        
  58       5               65882.53        67092.53        1210.00        
  23       8               67092.53        68330.53        1238.00        

  机器利用率: 57.09% (忙碌时间: 39024.00 / 总时间: 68353.00)

离散机6:
工件号      工序号             开始时间            结束时间            加工时长           
--------------------------------------------------------------------------------
  6        2               15909.64        16914.64        1005.00        
  8        3               17165.64        18192.64        1027.00        
  46       3               18192.64        19195.64        1003.00        
  21       4               20653.64        22218.64        1565.00        
  40       4               22218.64        23598.64        1380.00        
  94       2               23852.90        25292.90        1440.00        
  57       2               25292.90        26418.90        1126.00        
  14       4               26471.90        27562.90        1091.00        
  49       2               27934.77        29383.77        1449.00        
  53       2               29922.46        30887.46        965.00         
  10       2               30887.46        31891.46        1004.00        
  85       2               31891.46        33133.46        1242.00        
  10       4               33133.46        34649.46        1516.00        
  45       6               34649.46        36159.46        1510.00        
  37       4               36159.46        37350.46        1191.00        
  26       3               38249.28        39391.28        1142.00        
  23       4               39391.28        40968.28        1577.00        
  9        2               40968.28        42332.28        1364.00        
  81       2               42332.28        43596.28        1264.00        
  23       5               43596.28        45184.28        1588.00        
  20       4               45346.76        46606.76        1260.00        
  97       4               46606.76        48069.76        1463.00        
  28       3               48069.76        49060.76        991.00         
  26       6               49060.76        50339.76        1279.00        
  33       4               50345.76        51254.76        909.00         
  83       5               51254.76        52234.76        980.00         
  4        7               52234.76        53572.76        1338.00        
  92       2               53572.76        54604.76        1032.00        
  44       2               54604.76        55590.76        986.00         
  77       3               55683.11        56724.11        1041.00        
  15       5               56724.11        58050.11        1326.00        
  87       4               58050.11        59710.11        1660.00        
  14       9               59710.11        61037.11        1327.00        
  17       3               61232.53        62470.53        1238.00        
  58       4               62470.53        63579.53        1109.00        
  28       6               63579.53        64610.53        1031.00        
  88       4               64610.53        66235.53        1625.00        
  43       6               66235.53        67272.53        1037.00        
  17       8               67272.53        68191.53        919.00         

  机器利用率: 70.22% (忙碌时间: 48000.00 / 总时间: 68353.00)

离散机7:
工件号      工序号             开始时间            结束时间            加工时长           
--------------------------------------------------------------------------------
  21       2               15909.64        17463.64        1554.00        
  69       3               17463.64        18974.64        1511.00        
  55       4               19100.64        20268.64        1168.00        
  16       3               20369.64        21938.64        1569.00        
  1        3               21938.64        23720.64        1782.00        
  14       2               23852.90        25155.90        1303.00        
  55       6               25155.90        26765.90        1610.00        
  74       3               27872.90        29117.90        1245.00        
  41       2               29922.46        30943.46        1021.00        
  3        3               30943.46        32072.46        1129.00        
  66       3               32157.46        33323.46        1166.00        
  3        5               33638.46        34729.46        1091.00        
  35       3               34729.46        36428.46        1699.00        
  26       2               36575.28        38249.28        1674.00        
  60       2               38249.28        39453.28        1204.00        
  96       4               39540.28        40658.28        1118.00        
  19       2               40861.00        42295.00        1434.00        
  20       2               42939.76        44121.76        1182.00        
  99       4               44121.76        45123.76        1002.00        
  33       2               45123.76        46317.76        1194.00        
  72       5               46317.76        47886.76        1569.00        
  68       2               47886.76        49250.76        1364.00        
  88       2               49250.76        50557.76        1307.00        
  88       3               50557.76        51920.76        1363.00        
  75       6               52129.35        53047.35        918.00         
  59       6               53047.35        54516.35        1469.00        
  77       2               54534.11        55683.11        1149.00        
  13       6               55683.11        57294.11        1611.00        
  30       9               57437.76        58577.76        1140.00        
  49       4               58577.76        60128.76        1551.00        
  28       5               60247.11        61547.11        1300.00        
  67       5               61547.11        62807.11        1260.00        
  65       6               62807.11        63832.11        1025.00        
  41       6               63832.11        65104.11        1272.00        
  24       8               65104.11        66513.11        1409.00        

  机器利用率: 67.83% (忙碌时间: 46363.00 / 总时间: 68353.00)

离散机8:
工件号      工序号             开始时间            结束时间            加工时长           
--------------------------------------------------------------------------------
  69       2               15909.64        17115.64        1206.00        
  40       2               17115.64        18226.64        1111.00        
  69       4               18974.64        20283.64        1309.00        
  69       6               21297.64        22531.64        1234.00        
  45       3               25173.90        26366.90        1193.00        
  57       3               26418.90        27405.90        987.00         
  35       2               27934.77        29652.77        1718.00        
  14       6               30285.77        31478.77        1193.00        
  45       5               31478.77        32975.77        1497.00        
  65       4               33422.46        34331.46        909.00         
  13       3               34788.46        35826.46        1038.00        
  4        5               36019.46        36936.46        917.00         
  11       5               38107.46        39045.46        938.00         
  66       4               39045.46        40296.46        1251.00        
  14       7               40296.46        41887.46        1591.00        
  93       3               42514.00        43894.00        1380.00        
  83       3               43894.00        44880.00        986.00         
  99       5               45123.76        46551.76        1428.00        
  30       3               47055.35        48062.35        1007.00        
  78       2               48062.35        49347.35        1285.00        
  7        3               49347.35        50563.35        1216.00        
  5        3               50563.35        51859.35        1296.00        
  81       3               51859.35        53047.35        1188.00        
  15       2               53058.00        54464.00        1406.00        
  29       3               54464.00        55643.00        1179.00        
  31       3               55948.11        56880.11        932.00         
  96       6               56880.11        57910.11        1030.00        
  93       5               57910.11        58985.11        1075.00        
  11       6               58985.11        60001.11        1016.00        
  5        7               60309.00        61786.00        1477.00        
  24       7               62409.53        63827.53        1418.00        

  机器利用率: 54.73% (忙碌时间: 37411.00 / 总时间: 68353.00)

离散机9:
工件号      工序号             开始时间            结束时间            加工时长           
--------------------------------------------------------------------------------
  11       3               17290.64        18406.64        1116.00        
  6        5               19535.64        20812.64        1277.00        
  40       3               20812.64        22122.64        1310.00        
  18       2               23852.90        24994.90        1142.00        
  40       5               24994.90        25912.90        918.00         
  69       8               26342.90        27340.90        998.00         
  65       2               27934.77        29340.77        1406.00        
  23       2               29922.46        30962.46        1040.00        
  36       2               30962.46        31956.46        994.00         
  65       3               31956.46        33422.46        1466.00        
  53       3               33422.46        34452.46        1030.00        
  85       3               34452.46        36123.46        1671.00        
  96       2               36575.28        37859.28        1284.00        
  10       6               37859.28        39113.28        1254.00        
  25       6               39113.28        40831.28        1718.00        
  67       2               40861.00        41792.00        931.00         
  45       8               41792.00        42703.00        911.00         
  39       2               42939.76        44239.76        1300.00        
  64       2               44239.76        45440.76        1201.00        
  30       2               45956.35        47055.35        1099.00        
  20       5               47055.35        48271.35        1216.00        
  66       5               48271.35        49425.35        1154.00        
  99       7               49425.35        50493.35        1068.00        
  82       3               50580.35        51509.35        929.00         
  23       6               51509.35        52606.35        1097.00        
  26       7               52606.35        53607.35        1001.00        
  83       7               53660.76        55061.76        1401.00        
  87       3               55061.76        56334.76        1273.00        
  24       3               56783.00        58525.00        1742.00        
  7        6               58525.00        59987.00        1462.00        
  71       2               60278.53        61347.53        1069.00        
  26       8               61347.53        62411.53        1064.00        
  17       4               62470.53        63455.53        985.00         
  17       5               63455.53        64461.53        1006.00        
  31       5               64461.53        66170.53        1709.00        
  68       4               66170.53        67099.53        929.00         
  31       6               67099.53        68266.53        1167.00        

  机器利用率: 64.87% (忙碌时间: 44338.00 / 总时间: 68353.00)

离散机10:
工件号      工序号             开始时间            结束时间            加工时长           
--------------------------------------------------------------------------------
  55       2               15909.64        17638.64        1729.00        
  55       3               17638.64        19100.64        1462.00        
  4        3               24985.90        26333.90        1348.00        
  94       4               26843.90        27762.90        919.00         
  42       3               27762.90        28959.90        1197.00        
  59       2               29922.46        31310.46        1388.00        
  50       2               31310.46        32438.46        1128.00        
  49       3               32438.46        33488.46        1050.00        
  36       3               33488.46        34494.46        1006.00        
  25       4               34494.46        35410.46        916.00         
  12       2               35410.46        36933.46        1523.00        
  48       2               36933.46        38372.46        1439.00        
  40       6               38372.46        39918.46        1546.00        
  99       2               40861.00        42158.00        1297.00        
  52       7               42158.00        43081.00        923.00         
  25       7               43081.00        44209.00        1128.00        
  39       3               44239.76        45177.76        938.00         
  14       8               45177.76        46434.76        1257.00        
  99       6               46551.76        47850.76        1299.00        
  47       4               47875.76        48925.76        1050.00        
  72       6               48925.76        50299.76        1374.00        
  93       4               50299.76        51788.76        1489.00        
  36       6               51788.76        52736.76        948.00         
  39       5               52736.76        54162.76        1426.00        
  2        2               54534.11        55714.11        1180.00        
  70       2               55714.11        56896.11        1182.00        
  0        3               56896.11        58102.11        1206.00        
  67       4               58102.11        59039.11        937.00         
  28       4               59039.11        60247.11        1208.00        
  17       2               60278.53        61232.53        954.00         
  24       6               61232.53        62409.53        1177.00        
  86       5               62409.53        63606.53        1197.00        
  20       6               63606.53        64526.53        920.00         
  32       7               64526.53        65602.53        1076.00        
  33       7               65602.53        67009.53        1407.00        
  96       8               67009.53        68020.53        1011.00        

  机器利用率: 63.25% (忙碌时间: 43235.00 / 总时间: 68353.00)

【打印批次详细信息】
----------------------------------------------------------------------------------------------------

打印机 1 (尺寸: 1033.0 x 412.0 x 635.0):
--------------------------------------------------------------------------------
  批次 1: 零件数=12, 占用率=92.47%
    - 1: 尺寸 465.0 x 126.0 x 96.0
    - 61: 尺寸 533.0 x 123.0 x 54.0
    - 40: 尺寸 122.0 x 148.0 x 103.0
    - 16: 尺寸 441.0 x 143.0 x 42.0
    - 8: 尺寸 155.0 x 115.0 x 87.0
    - 11: 尺寸 306.0 x 123.0 x 35.0
    - 69: 尺寸 101.0 x 76.0 x 43.0
    - 21: 尺寸 53.0 x 109.0 x 36.0
    - 6: 尺寸 306.0 x 134.0 x 68.0
    - 46: 尺寸 389.0 x 123.0 x 52.0
    - 91: 尺寸 179.0 x 133.0 x 39.0
    - 55: 尺寸 93.0 x 72.0 x 88.0
  批次 2: 零件数=6, 占用率=95.90%
    - 49: 尺寸 720.0 x 166.0 x 70.0
    - 25: 尺寸 207.0 x 202.0 x 33.0
    - 35: 尺寸 106.0 x 96.0 x 48.0
    - 65: 尺寸 688.0 x 246.0 x 28.0
    - 98: 尺寸 134.0 x 197.0 x 63.0
    - 48: 尺寸 205.0 x 200.0 x 83.0
  批次 3: 零件数=3, 占用率=80.00%
    - 96: 尺寸 711.0 x 335.0 x 59.0
    - 60: 尺寸 170.0 x 363.0 x 19.0
    - 26: 尺寸 115.0 x 353.0 x 50.0
  批次 4: 零件数=3, 占用率=60.38%
    - 64: 尺寸 441.0 x 333.0 x 52.0
    - 0: 尺寸 268.0 x 250.0 x 27.0
    - 89: 尺寸 233.0 x 185.0 x 23.0

打印机 2 (尺寸: 1163.0 x 587.0 x 663.0):
--------------------------------------------------------------------------------
  批次 1: 零件数=15, 占用率=91.16%
    - 13: 尺寸 87.0 x 87.0 x 191.0
    - 53: 尺寸 142.0 x 121.0 x 188.0
    - 10: 尺寸 480.0 x 155.0 x 175.0
    - 66: 尺寸 438.0 x 139.0 x 124.0
    - 41: 尺寸 84.0 x 420.0 x 65.0
    - 12: 尺寸 132.0 x 99.0 x 97.0
    - 23: 尺寸 422.0 x 283.0 x 63.0
    - 36: 尺寸 468.0 x 164.0 x 153.0
    - 50: 尺寸 185.0 x 123.0 x 171.0
    - 86: 尺寸 349.0 x 205.0 x 127.0
    - 3: 尺寸 114.0 x 130.0 x 98.0
    - 37: 尺寸 179.0 x 208.0 x 109.0
    - 59: 尺寸 229.0 x 159.0 x 122.0
    - 62: 尺寸 188.0 x 133.0 x 95.0
    - 52: 尺寸 170.0 x 59.0 x 100.0
  批次 2: 零件数=6, 占用率=93.78%
    - 75: 尺寸 460.0 x 290.0 x 105.0
    - 30: 尺寸 686.0 x 336.0 x 90.0
    - 51: 尺寸 173.0 x 135.0 x 83.0
    - 78: 尺寸 259.0 x 257.0 x 55.0
    - 43: 尺寸 713.0 x 239.0 x 46.0
    - 28: 尺寸 148.0 x 108.0 x 40.0
  批次 3: 零件数=6, 占用率=57.85%
    - 70: 尺寸 217.0 x 139.0 x 55.0
    - 77: 尺寸 509.0 x 204.0 x 43.0
    - 2: 尺寸 184.0 x 568.0 x 44.0
    - 24: 尺寸 187.0 x 173.0 x 33.0
    - 31: 尺寸 260.0 x 355.0 x 20.0
    - 63: 尺寸 195.0 x 163.0 x 52.0
  批次 4: 零件数=2, 占用率=49.55%
    - 71: 尺寸 699.0 x 267.0 x 29.0
    - 17: 尺寸 668.0 x 227.0 x 36.0

打印机 3 (尺寸: 941.0 x 424.0 x 663.0):
--------------------------------------------------------------------------------
  批次 1: 零件数=11, 占用率=84.06%
    - 85: 尺寸 205.0 x 63.0 x 96.0
    - 74: 尺寸 488.0 x 192.0 x 92.0
    - 45: 尺寸 241.0 x 266.0 x 26.0
    - 57: 尺寸 114.0 x 139.0 x 92.0
    - 94: 尺寸 86.0 x 78.0 x 15.0
    - 42: 尺寸 86.0 x 114.0 x 61.0
    - 79: 尺寸 382.0 x 155.0 x 83.0
    - 22: 尺寸 106.0 x 69.0 x 68.0
    - 14: 尺寸 98.0 x 183.0 x 54.0
    - 18: 尺寸 207.0 x 134.0 x 86.0
    - 4: 尺寸 148.0 x 136.0 x 21.0
  批次 2: 零件数=3, 占用率=53.65%
    - 76: 尺寸 165.0 x 168.0 x 18.0
    - 72: 尺寸 426.0 x 214.0 x 34.0
    - 56: 尺寸 312.0 x 305.0 x 32.0

打印机 4 (尺寸: 1081.0 x 523.0 x 615.0):
--------------------------------------------------------------------------------
  批次 1: 零件数=12, 占用率=73.47%
    - 47: 尺寸 178.0 x 51.0 x 176.0
    - 33: 尺寸 143.0 x 98.0 x 20.0
    - 84: 尺寸 132.0 x 148.0 x 176.0
    - 90: 尺寸 241.0 x 85.0 x 93.0
    - 88: 尺寸 385.0 x 207.0 x 83.0
    - 73: 尺寸 177.0 x 159.0 x 112.0
    - 68: 尺寸 227.0 x 413.0 x 174.0
    - 20: 尺寸 142.0 x 89.0 x 104.0
    - 97: 尺寸 107.0 x 213.0 x 56.0
    - 58: 尺寸 181.0 x 246.0 x 77.0
    - 44: 尺寸 79.0 x 103.0 x 14.0
    - 39: 尺寸 396.0 x 158.0 x 123.0

打印机 5 (尺寸: 1118.0 x 504.0 x 631.0):
--------------------------------------------------------------------------------
  批次 1: 零件数=16, 占用率=86.67%
    - 83: 尺寸 441.0 x 153.0 x 197.0
    - 5: 尺寸 187.0 x 63.0 x 153.0
    - 67: 尺寸 121.0 x 144.0 x 191.0
    - 38: 尺寸 118.0 x 144.0 x 155.0
    - 92: 尺寸 247.0 x 440.0 x 168.0
    - 82: 尺寸 191.0 x 198.0 x 181.0
    - 34: 尺寸 118.0 x 206.0 x 193.0
    - 32: 尺寸 98.0 x 66.0 x 75.0
    - 99: 尺寸 390.0 x 203.0 x 186.0
    - 7: 尺寸 105.0 x 98.0 x 89.0
    - 9: 尺寸 101.0 x 149.0 x 45.0
    - 95: 尺寸 55.0 x 202.0 x 55.0
    - 81: 尺寸 93.0 x 134.0 x 170.0
    - 80: 尺寸 152.0 x 106.0 x 19.0
    - 93: 尺寸 291.0 x 139.0 x 38.0
    - 19: 尺寸 220.0 x 58.0 x 76.0
  批次 2: 零件数=5, 占用率=61.95%
    - 87: 尺寸 690.0 x 134.0 x 26.0
    - 15: 尺寸 255.0 x 172.0 x 44.0
    - 29: 尺寸 137.0 x 302.0 x 33.0
    - 27: 尺寸 565.0 x 191.0 x 59.0
    - 54: 尺寸 529.0 x 120.0 x 52.0

════════════════════════════════════════════════════════════════
