════════════════════════════════════════════════════════════════
              最优Cmax解的详细调度记录
════════════════════════════════════════════════════════════════

【基本信息】
----------------------------------------------------------------------------------------------------
Cmax (最大完工时间): 73081.00
能耗: 930.69 kWh
装箱质量: 0.5137
批次总数: 13
工件数量: 100
机器数量: 17 (打印机:5, 批处理机:2, 离散机:10)

【染色体编码】
----------------------------------------------------------------------------------------------------
工序序列 (OS): [52, 45, 39, 31, 15, 71, 47, 90, 94, 72, 78, 68, 82, 36, 33, 32, 96, 57, 75, 21, 7, 74, 14, 28, 19, 65, 62, 46, 35, 81, 26, 5, 98, 22, 43, 49, 1, 50, 41, 11, 24, 69, 91, 8, 51, 2, 89, 80, 99, 97, 48, 67, 6, 4, 86, 18, 87, 25, 40, 29, 77, 85, 76, 64, 9, 23, 3, 79, 17, 0, 38, 58, 37, 13, 70, 53, 10, 42, 84, 55, 60, 63, 54, 44, 56, 59, 16, 73, 12, 27, 88, 61, 93, 92, 34, 66, 83, 30, 95, 20, 37, 66, 20, 72, 24, 10, 32, 28, 68, 75, 45, 32, 81, 87, 36, 16, 43, 12, 23, 49, 30, 17, 14, 78, 5, 72, 37, 66, 46, 94, 69, 40, 11, 31, 75, 40, 10, 67, 35, 75, 30, 30, 74, 85, 8, 14, 96, 13, 15, 68, 5, 4, 40, 52, 0, 25, 15, 1, 59, 7, 23, 93, 15, 72, 72, 86, 20, 4, 45, 86, 69, 83, 58, 36, 30, 1, 11, 32, 58, 14, 17, 14, 17, 59, 8, 55, 53, 28, 43, 96, 47, 94, 67, 25, 5, 75, 33, 47, 51, 10, 3, 86, 6, 43, 82, 49, 41, 60, 23, 8, 92, 49, 65, 83, 26, 24, 74, 32, 33, 52, 8, 36, 5, 88, 52, 72, 24, 26, 96, 96, 14, 39, 94, 25, 66, 79, 11, 81, 30, 32, 67, 26, 57, 31, 23, 90, 13, 6, 33, 69, 10, 24, 30, 45, 36, 19, 26, 14, 20, 6, 73, 89, 55, 46, 64, 46, 46, 97, 0, 9, 24, 59, 7, 45, 18, 83, 24, 4, 69, 40, 23, 83, 41, 31, 44, 83, 97, 36, 3, 13, 62, 45, 71, 93, 91, 86, 25, 69, 88, 41, 36, 96, 89, 25, 92, 55, 29, 52, 87, 57, 65, 34, 3, 94, 33, 99, 17, 99, 99, 23, 28, 48, 74, 99, 72, 4, 68, 0, 13, 3, 14, 66, 26, 31, 45, 55, 50, 33, 23, 0, 13, 7, 42, 93, 97, 25, 55, 21, 71, 15, 7, 4, 33, 21, 2, 28, 26, 34, 16, 69, 47, 11, 72, 21, 70, 5, 43, 52, 8, 71, 77, 96, 37, 58, 83, 99, 41, 41, 93, 32, 11, 45, 4, 26, 8, 47, 7, 6, 85, 43, 65, 15, 1, 39, 66, 65, 30, 24, 53, 41, 94, 40, 52, 30, 3, 77, 26, 28, 55, 69, 65, 36, 35, 59, 17, 34, 82, 47, 17, 47, 39, 5, 31, 9, 42, 15, 10, 94, 20, 75, 59, 20, 58, 29, 39, 96, 47, 87, 13, 77, 17, 46, 54, 88, 67, 14, 99, 46]
机器选择 (MS): [4, 2, 4, 5, 2, 5, 2, 4, 1, 5, 1, 2, 3, 2, 1, 3, 4, 3, 2, 5, 2, 3, 3, 1, 3, 1, 4, 2, 2, 3, 5, 3, 2, 1, 2, 1, 1, 3, 2, 4, 3, 4, 5, 2, 3, 4, 4, 5, 1, 5, 2, 2, 5, 5, 1, 3, 5, 4, 2, 5, 5, 2, 4, 1, 2, 1, 4, 5, 1, 1, 1, 4, 1, 4, 5, 1, 2, 2, 1, 3, 3, 2, 5, 5, 3, 4, 4, 5, 2, 5, 3, 5, 4, 4, 1, 5, 2, 2, 4, 3, 3, 3, 3, 1, 2, 1, 1, 3, 1, 1, 1, 2, 2, 1, 2, 2, 3, 1, 1, 1, 1, 2, 1, 1, 3, 3, 1, 3, 1, 1, 2, 1, 1, 1, 1, 1, 1, 1, 1, 1, 3, 3, 1, 1, 2, 1, 2, 1, 1, 2, 2, 3, 1, 1, 1, 1, 2, 1, 2, 3, 1, 1, 1, 3, 1, 1, 2, 1, 2, 2, 3, 1, 2, 1, 1, 1, 1, 1, 1, 1, 1, 1, 2, 1, 2, 1, 2, 1, 3, 2, 1, 1, 3, 3, 2, 2, 1, 2, 1, 2, 3, 1, 2, 1, 2, 2, 1, 1, 3, 1, 1, 2, 1, 1, 2, 1, 2, 2, 2, 1, 1, 2, 2, 2, 1, 1, 1, 3, 2, 1, 2, 2, 1, 1, 1, 1, 3, 1, 1, 1, 1, 2, 1, 1, 2, 2, 2, 1, 2, 3, 1, 1, 2, 1, 2, 1, 1, 1, 1, 2, 1, 2, 1, 1, 3, 1, 1, 2, 3, 2, 1, 2, 1, 2, 2, 1, 1, 1, 1, 2, 2, 3, 1, 2, 3, 1, 1, 1, 1, 2, 1, 1, 1, 2, 1, 2, 2, 1, 1, 2, 3, 1, 1, 1, 1, 1, 3, 1, 3, 1, 1, 1, 2, 1, 2, 1, 1, 1, 2, 1, 1, 1, 3, 1, 1, 1, 1, 1, 1, 2, 1, 1, 1, 2, 1, 1, 2, 1, 3, 1, 1, 1, 3, 2, 1, 1, 2, 3, 3, 3, 1, 1, 3, 1, 1, 3, 1, 3, 1, 1, 1, 3, 3, 1, 2, 2, 1, 2, 1, 1, 1, 1, 1, 3, 1, 1, 1, 1, 1, 1, 1, 1, 1, 1, 1, 1, 2, 1, 3, 1, 3, 1, 2, 3, 2, 1, 1, 1, 3, 1, 1, 2, 1, 2, 1, 1, 3, 1, 1, 1, 1, 2, 1, 1, 2, 1, 2, 1, 2, 1, 2, 2, 2, 2, 1, 2, 1, 1, 3, 1, 1, 1, 1, 1, 2, 3, 2, 1, 3, 2, 1, 1, 1, 1, 1, 2, 1, 1]

【零件加工顺序记录】
----------------------------------------------------------------------------------------------------
工件号      工序号             机器号             开始时间            结束时间            加工时长           
----------------------------------------------------------------------------------------------------

工件 0:
  0        0               打印机1            46934.36        52331.28        5396.92        
  0        1               批处理机2           52331.28        53395.28        1064.00        
  0        2               离散机6            53395.28        54981.28        1586.00        
  0        3               离散机10           55954.28        57160.28        1206.00        
  0        4               离散机5            58752.28        59792.28        1040.00        
  0        5               离散机3            66938.00        68430.00        1492.00        

工件 1:
  1        0               打印机1            10191.79        37729.74        27537.95       
  1        1               批处理机2           37729.74        38793.74        1064.00        
  1        2               离散机8            38793.74        40437.74        1644.00        
  1        3               离散机7            40437.74        42219.74        1782.00        
  1        4               离散机2            42219.74        43143.74        924.00         

工件 2:
  2        0               打印机4            45405.18        59751.53        14346.35       
  2        1               批处理机2           59751.53        60815.53        1064.00        
  2        2               离散机10           61623.81        62803.81        1180.00        

工件 3:
  3        0               打印机4            0.00            45405.18        45405.18       
  3        1               批处理机2           45405.18        46469.18        1064.00        
  3        2               离散机1            48516.18        49448.18        932.00         
  3        3               离散机7            52514.36        53643.36        1129.00        
  3        4               离散机2            55340.18        56338.18        998.00         
  3        5               离散机7            56338.18        57429.18        1091.00        
  3        6               离散机6            58540.28        59698.28        1158.00        

工件 4:
  4        0               打印机5            10397.00        33194.00        22797.00       
  4        1               批处理机2           33194.00        34258.00        1064.00        
  4        2               离散机1            34258.00        35391.00        1133.00        
  4        3               离散机10           35391.00        36739.00        1348.00        
  4        4               离散机10           36739.00        38442.00        1703.00        
  4        5               离散机8            41934.74        42851.74        917.00         
  4        6               离散机2            45878.02        46900.02        1022.00        
  4        7               离散机6            51999.02        53337.02        1338.00        

工件 5:
  5        0               打印机3            0.00            42484.02        42484.02       
  5        1               批处理机2           42484.02        43548.02        1064.00        
  5        2               离散机1            43548.02        45221.02        1673.00        
  5        3               离散机8            47675.18        48971.18        1296.00        
  5        4               离散机2            48971.18        49891.18        920.00         
  5        5               离散机2            51586.18        52757.18        1171.00        
  5        6               离散机2            56338.18        57238.18        900.00         
  5        7               离散机8            58489.02        59966.02        1477.00        

工件 6:
  6        0               打印机5            10397.00        33194.00        22797.00       
  6        1               批处理机2           33194.00        34258.00        1064.00        
  6        2               离散机6            34258.00        35263.00        1005.00        
  6        3               离散机2            35611.61        37276.61        1665.00        
  6        4               离散机5            38655.00        39955.00        1300.00        
  6        5               离散机1            55700.18        57408.18        1708.00        

工件 7:
  7        0               打印机2            0.00            26621.61        26621.61       
  7        1               批处理机2           26621.61        27685.61        1064.00        
  7        2               离散机2            29284.61        30272.61        988.00         
  7        3               离散机8            31707.61        32923.61        1216.00        
  7        4               离散机1            32923.61        33849.61        926.00         
  7        5               离散机1            39373.00        40824.00        1451.00        
  7        6               离散机9            40824.00        42286.00        1462.00        

工件 8:
  8        0               打印机2            0.00            26621.61        26621.61       
  8        1               批处理机2           26621.61        27685.61        1064.00        
  8        2               离散机5            29757.61        31013.61        1256.00        
  8        3               离散机6            31486.61        32513.61        1027.00        
  8        4               离散机2            32616.61        34227.61        1611.00        
  8        5               离散机2            34227.61        35611.61        1384.00        
  8        6               离散机1            42403.00        43436.00        1033.00        
  8        7               离散机4            56936.18        58597.18        1661.00        

工件 9:
  9        0               打印机2            0.00            26621.61        26621.61       
  9        1               批处理机2           26621.61        27685.61        1064.00        
  9        2               离散机9            30106.61        31550.61        1444.00        
  9        3               离散机5            31550.61        32463.61        913.00         

工件 10:
  10       0               打印机2            0.00            26621.61        26621.61       
  10       1               批处理机2           26621.61        27685.61        1064.00        
  10       2               离散机6            27685.61        28689.61        1004.00        
  10       3               离散机5            28689.61        29757.61        1068.00        
  10       4               离散机5            35661.00        37441.00        1780.00        
  10       5               离散机2            37441.00        39170.00        1729.00        
  10       6               离散机8            42851.74        44184.74        1333.00        

工件 11:
  11       0               打印机4            45405.18        59751.53        14346.35       
  11       1               批处理机2           59751.53        60815.53        1064.00        
  11       2               离散机3            62352.00        63733.00        1381.00        
  11       3               离散机8            63733.00        64749.00        1016.00        
  11       4               离散机3            65947.00        66938.00        991.00         
  11       5               离散机5            68045.00        69382.00        1337.00        
  11       6               离散机8            69382.00        70398.00        1016.00        

工件 12:
  12       0               打印机2            0.00            26621.61        26621.61       
  12       1               批处理机2           26621.61        27685.61        1064.00        
  12       2               离散机7            29049.61        30807.61        1758.00        

工件 13:
  13       0               打印机4            0.00            45405.18        45405.18       
  13       1               批处理机2           45405.18        46469.18        1064.00        
  13       2               离散机3            47425.02        48882.02        1457.00        
  13       3               离散机8            48971.18        50009.18        1038.00        
  13       4               离散机5            52591.18        54267.18        1676.00        
  13       5               离散机5            54267.18        55316.18        1049.00        
  13       6               离散机7            58459.81        60070.81        1611.00        
  13       7               离散机2            67584.81        68565.81        981.00         

工件 14:
  14       0               打印机3            0.00            42484.02        42484.02       
  14       1               批处理机2           42484.02        43548.02        1064.00        
  14       2               离散机7            44730.02        46033.02        1303.00        
  14       3               离散机3            46033.02        47425.02        1392.00        
  14       4               离散机6            47425.02        48516.02        1091.00        
  14       5               离散机3            53204.02        54634.02        1430.00        
  14       6               离散机8            54634.02        55827.02        1193.00        
  14       7               离散机6            56219.28        57431.28        1212.00        
  14       8               离散机10           58877.81        60134.81        1257.00        
  14       9               离散机6            60134.81        61461.81        1327.00        

工件 15:
  15       0               打印机2            0.00            26621.61        26621.61       
  15       1               批处理机2           26621.61        27685.61        1064.00        
  15       2               离散机2            27685.61        29284.61        1599.00        
  15       3               离散机3            29284.61        30273.61        989.00         
  15       4               离散机2            30273.61        31363.61        1090.00        
  15       5               离散机7            32808.61        34217.61        1409.00        
  15       6               离散机3            36024.61        37254.61        1230.00        
  15       7               离散机3            54634.02        55575.02        941.00         

工件 16:
  16       0               打印机4            45405.18        59751.53        14346.35       
  16       1               批处理机2           59751.53        60815.53        1064.00        
  16       2               离散机2            60815.53        62605.53        1790.00        
  16       3               离散机1            63898.53        65680.53        1782.00        

工件 17:
  17       0               打印机1            46934.36        52331.28        5396.92        
  17       1               批处理机2           52331.28        53395.28        1064.00        
  17       2               离散机10           53395.28        54349.28        954.00         
  17       3               离散机6            54981.28        56219.28        1238.00        
  17       4               离散机3            56219.28        57401.28        1182.00        
  17       5               离散机9            63984.81        64990.81        1006.00        
  17       6               离散机2            64990.81        66613.81        1623.00        
  17       7               离散机2            66613.81        67584.81        971.00         
  17       8               离散机6            68163.00        69082.00        919.00         

工件 18:
  18       0               打印机3            0.00            42484.02        42484.02       
  18       1               批处理机2           42484.02        43548.02        1064.00        
  18       2               离散机9            43548.02        44690.02        1142.00        

工件 19:
  19       0               打印机3            0.00            42484.02        42484.02       
  19       1               批处理机2           42484.02        43548.02        1064.00        
  19       2               离散机4            50774.18        52311.18        1537.00        

工件 20:
  20       0               打印机3            0.00            42484.02        42484.02       
  20       1               批处理机2           42484.02        43548.02        1064.00        
  20       2               离散机7            43548.02        44730.02        1182.00        
  20       3               离散机5            46085.02        47310.02        1225.00        
  20       4               离散机6            49548.02        50808.02        1260.00        
  20       5               离散机5            62331.81        63562.81        1231.00        
  20       6               离散机10           69444.81        70364.81        920.00         

工件 21:
  21       0               打印机5            0.00            10397.00        10397.00       
  21       1               批处理机1           10397.00        11507.00        1110.00        
  21       2               离散机7            20126.79        21680.79        1554.00        
  21       3               离散机3            21735.79        22853.79        1118.00        
  21       4               离散机6            22853.79        24418.79        1565.00        

工件 22:
  22       0               打印机1            0.00            10191.79        10191.79       
  22       1               批处理机2           10191.79        11255.79        1064.00        

工件 23:
  23       0               打印机1            37729.74        46934.36        9204.62        
  23       1               批处理机2           46934.36        47998.36        1064.00        
  23       2               离散机9            47998.36        49038.36        1040.00        
  23       3               离散机9            49038.36        50757.36        1719.00        
  23       4               离散机7            50757.36        52514.36        1757.00        
  23       5               离散机10           54349.28        55954.28        1605.00        
  23       6               离散机9            55954.28        57051.28        1097.00        
  23       7               离散机5            57051.28        58752.28        1701.00        
  23       8               离散机5            61093.81        62331.81        1238.00        

工件 24:
  24       0               打印机3            0.00            42484.02        42484.02       
  24       1               批处理机2           42484.02        43548.02        1064.00        
  24       2               离散机10           43548.02        45340.02        1792.00        
  24       3               离散机9            45340.02        47082.02        1742.00        
  24       4               离散机5            47310.02        48376.02        1066.00        
  24       5               离散机4            49382.18        50774.18        1392.00        
  24       6               离散机10           50774.18        51951.18        1177.00        
  24       7               离散机8            51951.18        53369.18        1418.00        
  24       8               离散机7            54811.36        56220.36        1409.00        

工件 25:
  25       0               打印机4            45405.18        59751.53        14346.35       
  25       1               批处理机2           59751.53        60815.53        1064.00        
  25       2               离散机1            60815.53        62442.53        1627.00        
  25       3               离散机2            62605.53        63931.53        1326.00        
  25       4               离散机10           65369.81        66285.81        916.00         
  25       5               离散机1            67086.00        68132.00        1046.00        
  25       6               离散机9            68207.00        69925.00        1718.00        
  25       7               离散机7            69925.00        71079.00        1154.00        

工件 26:
  26       0               打印机5            0.00            10397.00        10397.00       
  26       1               批处理机1           10397.00        11507.00        1110.00        
  26       2               离散机7            15570.79        17244.79        1674.00        
  26       3               离散机2            17244.79        18769.79        1525.00        
  26       4               离散机7            18769.79        20126.79        1357.00        
  26       5               离散机3            20126.79        21735.79        1609.00        
  26       6               离散机7            21735.79        23521.79        1786.00        
  26       7               离散机9            23521.79        24522.79        1001.00        
  26       8               离散机9            24522.79        25586.79        1064.00        
  26       9               离散机5            25586.79        27082.79        1496.00        

工件 27:
  27       0               打印机5            33194.00        58391.00        25197.00       
  27       1               批处理机2           58391.00        59455.00        1064.00        

工件 28:
  28       0               打印机1            0.00            10191.79        10191.79       
  28       1               批处理机2           10191.79        11255.79        1064.00        
  28       2               离散机2            11255.79        12591.79        1336.00        
  28       3               离散机6            14144.79        15135.79        991.00         
  28       4               离散机10           16614.79        17822.79        1208.00        
  28       5               离散机7            23521.79        24821.79        1300.00        
  28       6               离散机6            24821.79        25852.79        1031.00        

工件 29:
  29       0               打印机5            10397.00        33194.00        22797.00       
  29       1               批处理机2           33194.00        34258.00        1064.00        
  29       2               离散机1            38187.00        39373.00        1186.00        
  29       3               离散机5            70652.00        71797.00        1145.00        

工件 30:
  30       0               打印机2            26621.61        56374.81        29753.19       
  30       1               批处理机2           56374.81        57438.81        1064.00        
  30       2               离散机9            58933.81        60032.81        1099.00        
  30       3               离散机5            60032.81        61093.81        1061.00        
  30       4               离散机3            63733.00        64652.00        919.00         
  30       5               离散机6            64652.00        65728.00        1076.00        
  30       6               离散机5            65728.00        66902.00        1174.00        
  30       7               离散机5            66902.00        68045.00        1143.00        
  30       8               离散机4            69589.00        70966.00        1377.00        
  30       9               离散机7            71079.00        72219.00        1140.00        

工件 31:
  31       0               打印机5            0.00            10397.00        10397.00       
  31       1               批处理机1           10397.00        11507.00        1110.00        
  31       2               离散机1            11507.00        12921.00        1414.00        
  31       3               离散机8            12921.00        13853.00        932.00         
  31       4               离散机3            15695.79        17018.79        1323.00        
  31       5               离散机9            18728.79        20437.79        1709.00        
  31       6               离散机9            21821.79        22988.79        1167.00        

工件 32:
  32       0               打印机3            0.00            42484.02        42484.02       
  32       1               批处理机2           42484.02        43548.02        1064.00        
  32       2               离散机2            43548.02        44679.02        1131.00        
  32       3               离散机5            44679.02        46085.02        1406.00        
  32       4               离散机1            47587.18        48516.18        929.00         
  32       5               离散机2            49891.18        51586.18        1695.00        
  32       6               离散机5            51586.18        52591.18        1005.00        
  32       7               离散机10           62803.81        63879.81        1076.00        

工件 33:
  33       0               打印机1            0.00            10191.79        10191.79       
  33       1               批处理机2           10191.79        11255.79        1064.00        
  33       2               离散机7            12825.79        14019.79        1194.00        
  33       3               离散机5            14019.79        15083.79        1064.00        
  33       4               离散机9            15083.79        16106.79        1023.00        
  33       5               离散机9            17572.79        18728.79        1156.00        
  33       6               离散机5            18728.79        19667.79        939.00         
  33       7               离散机10           19667.79        21074.79        1407.00        

工件 34:
  34       0               打印机1            10191.79        37729.74        27537.95       
  34       1               批处理机2           37729.74        38793.74        1064.00        
  34       2               离散机3            38793.74        40315.74        1522.00        
  34       3               离散机1            49448.18        50842.18        1394.00        
  34       4               离散机9            54287.36        55772.36        1485.00        

工件 35:
  35       0               打印机2            0.00            26621.61        26621.61       
  35       1               批处理机2           26621.61        27685.61        1064.00        
  35       2               离散机8            28796.61        30514.61        1718.00        
  35       3               离散机1            31650.61        32751.61        1101.00        

工件 36:
  36       0               打印机2            0.00            26621.61        26621.61       
  36       1               批处理机2           26621.61        27685.61        1064.00        
  36       2               离散机1            27685.61        29460.61        1775.00        
  36       3               离散机3            30273.61        31323.61        1050.00        
  36       4               离散机7            31323.61        32808.61        1485.00        
  36       5               离散机3            34789.61        36024.61        1235.00        
  36       6               离散机10           40066.74        41014.74        948.00         
  36       7               离散机4            46170.02        47093.02        923.00         
  36       8               离散机4            61059.81        62041.81        982.00         

工件 37:
  37       0               打印机1            10191.79        37729.74        27537.95       
  37       1               批处理机2           37729.74        38793.74        1064.00        
  37       2               离散机10           38793.74        40066.74        1273.00        
  37       3               离散机2            40066.74        41836.74        1770.00        
  37       4               离散机6            50808.02        51999.02        1191.00        

工件 38:
  38       0               打印机1            10191.79        37729.74        27537.95       
  38       1               批处理机2           37729.74        38793.74        1064.00        

工件 39:
  39       0               打印机4            0.00            45405.18        45405.18       
  39       1               批处理机2           45405.18        46469.18        1064.00        
  39       2               离散机9            50757.36        52057.36        1300.00        
  39       3               离散机10           52057.36        52995.36        938.00         
  39       4               离散机5            55316.18        56852.18        1536.00        
  39       5               离散机4            65252.81        66760.81        1508.00        

工件 40:
  40       0               打印机2            0.00            26621.61        26621.61       
  40       1               批处理机2           26621.61        27685.61        1064.00        
  40       2               离散机8            27685.61        28796.61        1111.00        
  40       3               离散机9            28796.61        30106.61        1310.00        
  40       4               离散机6            30106.61        31486.61        1380.00        
  40       5               离散机9            33240.61        34158.61        918.00         
  40       6               离散机4            35372.61        36693.61        1321.00        

工件 41:
  41       0               打印机2            26621.61        56374.81        29753.19       
  41       1               批处理机2           56374.81        57438.81        1064.00        
  41       2               离散机7            57438.81        58459.81        1021.00        
  41       3               离散机2            58459.81        60156.81        1697.00        
  41       4               离散机4            60156.81        61059.81        903.00         
  41       5               离散机7            61695.81        62969.81        1274.00        
  41       6               离散机7            65835.73        67107.73        1272.00        
  41       7               离散机5            69382.00        70652.00        1270.00        

工件 42:
  42       0               打印机2            0.00            26621.61        26621.61       
  42       1               批处理机2           26621.61        27685.61        1064.00        
  42       2               离散机4            30494.61        31889.61        1395.00        
  42       3               离散机10           31889.61        33086.61        1197.00        

工件 43:
  43       0               打印机2            26621.61        56374.81        29753.19       
  43       1               批处理机2           56374.81        57438.81        1064.00        
  43       2               离散机9            57438.81        58933.81        1495.00        
  43       3               离散机1            62442.53        63898.53        1456.00        
  43       4               离散机3            64652.00        65947.00        1295.00        
  43       5               离散机1            68132.00        69228.00        1096.00        
  43       6               离散机6            69228.00        70265.00        1037.00        

工件 44:
  44       0               打印机5            0.00            10397.00        10397.00       
  44       1               批处理机1           10397.00        11507.00        1110.00        
  44       2               离散机6            15135.79        16121.79        986.00         

工件 45:
  45       0               打印机2            0.00            26621.61        26621.61       
  45       1               批处理机2           26621.61        27685.61        1064.00        
  45       2               离散机3            27685.61        29006.61        1321.00        
  45       3               离散机8            30514.61        31707.61        1193.00        
  45       4               离散机5            37441.00        38655.00        1214.00        
  45       5               离散机8            40437.74        41934.74        1497.00        
  45       6               离散机6            41934.74        43444.74        1510.00        
  45       7               离散机2            44679.02        45878.02        1199.00        
  45       8               离散机9            47082.02        47993.02        911.00         

工件 46:
  46       0               打印机2            0.00            26621.61        26621.61       
  46       1               批处理机2           26621.61        27685.61        1064.00        
  46       2               离散机1            29460.61        30505.61        1045.00        
  46       3               离散机6            32513.61        33516.61        1003.00        
  46       4               离散机10           33516.61        35152.61        1636.00        
  46       5               离散机7            35506.00        37212.00        1706.00        
  46       6               离散机1            45221.02        46293.02        1072.00        
  46       7               离散机3            70726.00        71960.00        1234.00        

工件 47:
  47       0               打印机2            0.00            26621.61        26621.61       
  47       1               批处理机2           26621.61        27685.61        1064.00        
  47       2               离散机2            31363.61        32616.61        1253.00        
  47       3               离散机5            32616.61        33768.61        1152.00        
  47       4               离散机4            33768.61        35372.61        1604.00        
  47       5               离散机9            35372.61        36961.61        1589.00        
  47       6               离散机3            37254.61        38697.61        1443.00        
  47       7               离散机9            42286.00        43404.00        1118.00        
  47       8               离散机1            52529.02        53836.02        1307.00        

工件 48:
  48       0               打印机2            26621.61        56374.81        29753.19       
  48       1               批处理机2           56374.81        57438.81        1064.00        
  48       2               离散机10           57438.81        58877.81        1439.00        

工件 49:
  49       0               打印机1            0.00            10191.79        10191.79       
  49       1               批处理机2           10191.79        11255.79        1064.00        
  49       2               离散机6            11255.79        12704.79        1449.00        
  49       3               离散机10           12704.79        13754.79        1050.00        
  49       4               离散机7            14019.79        15570.79        1551.00        

工件 50:
  50       0               打印机3            0.00            42484.02        42484.02       
  50       1               批处理机2           42484.02        43548.02        1064.00        
  50       2               离散机10           45340.02        46468.02        1128.00        

工件 51:
  51       0               打印机3            0.00            42484.02        42484.02       
  51       1               批处理机2           42484.02        43548.02        1064.00        
  51       2               离散机4            45007.02        46170.02        1163.00        

工件 52:
  52       0               打印机4            0.00            45405.18        45405.18       
  52       1               批处理机2           45405.18        46469.18        1064.00        
  52       2               离散机1            46469.18        47587.18        1118.00        
  52       3               离散机4            47587.18        49382.18        1795.00        
  52       4               离散机2            52757.18        54145.18        1388.00        
  52       5               离散机1            54145.18        55700.18        1555.00        
  52       6               离散机2            57238.18        58253.18        1015.00        
  52       7               离散机10           68521.81        69444.81        923.00         

工件 53:
  53       0               打印机1            10191.79        37729.74        27537.95       
  53       1               批处理机2           37729.74        38793.74        1064.00        
  53       2               离散机7            42219.74        43198.74        979.00         
  53       3               离散机4            58597.18        59802.18        1205.00        

工件 54:
  54       0               打印机5            33194.00        58391.00        25197.00       
  54       1               批处理机2           58391.00        59455.00        1064.00        
  54       2               离散机2            68565.81        69524.81        959.00         

工件 55:
  55       0               打印机3            0.00            42484.02        42484.02       
  55       1               批处理机2           42484.02        43548.02        1064.00        
  55       2               离散机4            43548.02        45007.02        1459.00        
  55       3               离散机10           47857.18        49319.18        1462.00        
  55       4               离散机7            53643.36        54811.36        1168.00        
  55       5               离散机3            59000.28        60539.28        1539.00        
  55       6               离散机8            60539.28        61749.28        1210.00        
  55       7               离散机1            70354.00        71752.00        1398.00        

工件 56:
  56       0               打印机3            42484.02        62260.73        19776.71       
  56       1               批处理机2           62260.73        63324.73        1064.00        

工件 57:
  57       0               打印机3            0.00            42484.02        42484.02       
  57       1               批处理机2           42484.02        43548.02        1064.00        
  57       2               离散机6            44812.02        45938.02        1126.00        
  57       3               离散机8            53369.18        54356.18        987.00         

工件 58:
  58       0               打印机4            0.00            45405.18        45405.18       
  58       1               批处理机2           45405.18        46469.18        1064.00        
  58       2               离散机3            50593.02        51686.02        1093.00        
  58       3               离散机3            51686.02        53204.02        1518.00        
  58       4               离散机6            57431.28        58540.28        1109.00        
  58       5               离散机5            63562.81        64772.81        1210.00        

工件 59:
  59       0               打印机4            0.00            45405.18        45405.18       
  59       1               批处理机2           45405.18        46469.18        1064.00        
  59       2               离散机10           46469.18        47857.18        1388.00        
  59       3               离散机7            49186.18        50644.18        1458.00        
  59       4               离散机4            52311.18        53553.18        1242.00        
  59       5               离散机2            63931.53        64897.53        966.00         
  59       6               离散机7            68025.73        69494.73        1469.00        

工件 60:
  60       0               打印机3            42484.02        62260.73        19776.71       
  60       1               批处理机2           62260.73        63324.73        1064.00        
  60       2               离散机7            63324.73        64528.73        1204.00        

工件 61:
  61       0               打印机5            33194.00        58391.00        25197.00       
  61       1               批处理机2           58391.00        59455.00        1064.00        

工件 62:
  62       0               打印机4            0.00            45405.18        45405.18       
  62       1               批处理机2           45405.18        46469.18        1064.00        
  62       2               离散机4            54567.18        55850.18        1283.00        

工件 63:
  63       0               打印机2            26621.61        56374.81        29753.19       
  63       1               批处理机2           56374.81        57438.81        1064.00        

工件 64:
  64       0               打印机1            37729.74        46934.36        9204.62        
  64       1               批处理机2           46934.36        47998.36        1064.00        
  64       2               离散机9            52057.36        53258.36        1201.00        

工件 65:
  65       0               打印机1            0.00            10191.79        10191.79       
  65       1               批处理机2           10191.79        11255.79        1064.00        
  65       2               离散机9            11255.79        12661.79        1406.00        
  65       3               离散机9            16106.79        17572.79        1466.00        
  65       4               离散机8            17572.79        18481.79        909.00         
  65       5               离散机9            20437.79        21821.79        1384.00        
  65       6               离散机7            24821.79        25846.79        1025.00        

工件 66:
  66       0               打印机5            33194.00        58391.00        25197.00       
  66       1               批处理机2           58391.00        59455.00        1064.00        
  66       2               离散机1            59455.00        60758.00        1303.00        
  66       3               离散机3            60758.00        62352.00        1594.00        
  66       4               离散机8            62352.00        63603.00        1251.00        
  66       5               离散机9            64990.81        66144.81        1154.00        
  66       6               离散机1            69228.00        70354.00        1126.00        

工件 67:
  67       0               打印机2            26621.61        56374.81        29753.19       
  67       1               批处理机2           56374.81        57438.81        1064.00        
  67       2               离散机9            60032.81        60963.81        931.00         
  67       3               离散机4            63928.81        65252.81        1324.00        
  67       4               离散机10           66285.81        67222.81        937.00         
  67       5               离散机5            71797.00        73081.00        1284.00        

工件 68:
  68       0               打印机2            0.00            26621.61        26621.61       
  68       1               批处理机2           26621.61        27685.61        1064.00        
  68       2               离散机7            27685.61        29049.61        1364.00        
  68       3               离散机4            29049.61        30494.61        1445.00        
  68       4               离散机9            34158.61        35087.61        929.00         

工件 69:
  69       0               打印机4            0.00            45405.18        45405.18       
  69       1               批处理机2           45405.18        46469.18        1064.00        
  69       2               离散机8            46469.18        47675.18        1206.00        
  69       3               离散机7            47675.18        49186.18        1511.00        
  69       4               离散机8            50009.18        51318.18        1309.00        
  69       5               离散机4            53553.18        54567.18        1014.00        
  69       6               离散机8            55827.02        57061.02        1234.00        
  69       7               离散机7            60070.81        61695.81        1625.00        
  69       8               离散机9            66144.81        67142.81        998.00         

工件 70:
  70       0               打印机5            10397.00        33194.00        22797.00       
  70       1               批处理机2           33194.00        34258.00        1064.00        
  70       2               离散机10           42311.74        43493.74        1182.00        

工件 71:
  71       0               打印机5            0.00            10397.00        10397.00       
  71       1               批处理机1           10397.00        11507.00        1110.00        
  71       2               离散机9            12661.79        13730.79        1069.00        
  71       3               离散机4            13730.79        15398.79        1668.00        
  71       4               离散机2            15398.79        16552.79        1154.00        

工件 72:
  72       0               打印机5            10397.00        33194.00        22797.00       
  72       1               批处理机2           33194.00        34258.00        1064.00        
  72       2               离散机5            34258.00        35661.00        1403.00        
  72       3               离散机1            35661.00        37152.00        1491.00        
  72       4               离散机4            37152.00        38411.00        1259.00        
  72       5               离散机7            38411.00        39980.00        1569.00        
  72       6               离散机6            39980.00        41623.00        1643.00        
  72       7               离散机3            41658.74        42989.74        1331.00        
  72       8               离散机5            42989.74        44381.74        1392.00        

工件 73:
  73       0               打印机5            10397.00        33194.00        22797.00       
  73       1               批处理机2           33194.00        34258.00        1064.00        
  73       2               离散机1            37152.00        38187.00        1035.00        

工件 74:
  74       0               打印机3            0.00            42484.02        42484.02       
  74       1               批处理机2           42484.02        43548.02        1064.00        
  74       2               离散机3            43548.02        44577.02        1029.00        
  74       3               离散机7            46033.02        47278.02        1245.00        
  74       4               离散机2            47278.02        48469.02        1191.00        

工件 75:
  75       0               打印机2            0.00            26621.61        26621.61       
  75       1               批处理机2           26621.61        27685.61        1064.00        
  75       2               离散机4            27685.61        28846.61        1161.00        
  75       3               离散机1            30505.61        31650.61        1145.00        
  75       4               离散机9            31650.61        33240.61        1590.00        
  75       5               离散机3            33240.61        34789.61        1549.00        
  75       6               离散机7            67107.73        68025.73        918.00         

工件 76:
  76       0               打印机4            0.00            45405.18        45405.18       
  76       1               批处理机2           45405.18        46469.18        1064.00        

工件 77:
  77       0               打印机5            10397.00        33194.00        22797.00       
  77       1               批处理机2           33194.00        34258.00        1064.00        
  77       2               离散机7            37212.00        38361.00        1149.00        
  77       3               离散机6            38361.00        39402.00        1041.00        
  77       4               离散机1            57408.18        58836.18        1428.00        

工件 78:
  78       0               打印机1            0.00            10191.79        10191.79       
  78       1               批处理机2           10191.79        11255.79        1064.00        
  78       2               离散机7            11255.79        12825.79        1570.00        

工件 79:
  79       0               打印机5            10397.00        33194.00        22797.00       
  79       1               批处理机2           33194.00        34258.00        1064.00        
  79       2               离散机7            34258.00        35506.00        1248.00        

工件 80:
  80       0               打印机5            0.00            10397.00        10397.00       
  80       1               批处理机1           10397.00        11507.00        1110.00        

工件 81:
  81       0               打印机3            0.00            42484.02        42484.02       
  81       1               批处理机2           42484.02        43548.02        1064.00        
  81       2               离散机6            43548.02        44812.02        1264.00        
  81       3               离散机8            44812.02        46000.02        1188.00        

工件 82:
  82       0               打印机3            0.00            42484.02        42484.02       
  82       1               批处理机2           42484.02        43548.02        1064.00        
  82       2               离散机3            57401.28        59000.28        1599.00        
  82       3               离散机1            71752.00        72662.00        910.00         

工件 83:
  83       0               打印机2            26621.61        56374.81        29753.19       
  83       1               批处理机2           56374.81        57438.81        1064.00        
  83       2               离散机9            62247.81        63984.81        1737.00        
  83       3               离散机8            64749.00        65735.00        986.00         
  83       4               离散机1            65735.00        67086.00        1351.00        
  83       5               离散机6            67183.00        68163.00        980.00         
  83       6               离散机4            68163.00        69589.00        1426.00        
  83       7               离散机9            69925.00        71326.00        1401.00        

工件 84:
  84       0               打印机1            10191.79        37729.74        27537.95       
  84       1               批处理机2           37729.74        38793.74        1064.00        

工件 85:
  85       0               打印机2            0.00            26621.61        26621.61       
  85       1               批处理机2           26621.61        27685.61        1064.00        
  85       2               离散机6            28689.61        29931.61        1242.00        
  85       3               离散机9            36961.61        38632.61        1671.00        

工件 86:
  86       0               打印机1            10191.79        37729.74        27537.95       
  86       1               批处理机2           37729.74        38793.74        1064.00        
  86       2               离散机9            38793.74        40338.74        1545.00        
  86       3               离散机3            40338.74        41658.74        1320.00        
  86       4               离散机4            41658.74        43430.74        1772.00        
  86       5               离散机10           49319.18        50516.18        1197.00        

工件 87:
  87       0               打印机5            0.00            10397.00        10397.00       
  87       1               批处理机1           10397.00        11507.00        1110.00        
  87       2               离散机3            11507.00        12643.00        1136.00        
  87       3               离散机9            13730.79        15003.79        1273.00        
  87       4               离散机6            16121.79        17781.79        1660.00        

工件 88:
  88       0               打印机3            42484.02        62260.73        19776.71       
  88       1               批处理机2           62260.73        63324.73        1064.00        
  88       2               离散机7            64528.73        65835.73        1307.00        
  88       3               离散机8            65835.73        67134.73        1299.00        
  88       4               离散机3            69596.00        70726.00        1130.00        

工件 89:
  89       0               打印机4            0.00            45405.18        45405.18       
  89       1               批处理机2           45405.18        46469.18        1064.00        
  89       2               离散机5            49753.02        51523.02        1770.00        
  89       3               离散机1            51523.02        52529.02        1006.00        

工件 90:
  90       0               打印机4            0.00            45405.18        45405.18       
  90       1               批处理机2           45405.18        46469.18        1064.00        
  90       2               离散机5            48376.02        49753.02        1377.00        

工件 91:
  91       0               打印机5            10397.00        33194.00        22797.00       
  91       1               批处理机2           33194.00        34258.00        1064.00        
  91       2               离散机5            40938.00        42577.00        1639.00        

工件 92:
  92       0               打印机4            0.00            45405.18        45405.18       
  92       1               批处理机2           45405.18        46469.18        1064.00        
  92       2               离散机6            48516.02        49548.02        1032.00        
  92       3               离散机2            54145.18        55340.18        1195.00        

工件 93:
  93       0               打印机4            0.00            45405.18        45405.18       
  93       1               批处理机2           45405.18        46469.18        1064.00        
  93       2               离散机3            48882.02        50593.02        1711.00        
  93       3               离散机9            53258.36        54287.36        1029.00        
  93       4               离散机10           60134.81        61623.81        1489.00        
  93       5               离散机8            67134.73        68209.73        1075.00        

工件 94:
  94       0               打印机1            0.00            10191.79        10191.79       
  94       1               批处理机2           10191.79        11255.79        1064.00        
  94       2               离散机6            12704.79        14144.79        1440.00        
  94       3               离散机3            14144.79        15695.79        1551.00        
  94       4               离散机10           15695.79        16614.79        919.00         
  94       5               离散机4            16614.79        17568.79        954.00         
  94       6               离散机2            18769.79        19779.79        1010.00        
  94       7               离散机2            19779.79        21373.79        1594.00        

工件 95:
  95       0               打印机4            0.00            45405.18        45405.18       
  95       1               批处理机2           45405.18        46469.18        1064.00        

工件 96:
  96       0               打印机4            45405.18        59751.53        14346.35       
  96       1               批处理机2           59751.53        60815.53        1064.00        
  96       2               离散机9            60963.81        62247.81        1284.00        
  96       3               离散机4            62247.81        63928.81        1681.00        
  96       4               离散机10           63928.81        65369.81        1441.00        
  96       5               离散机6            65728.00        67183.00        1455.00        
  96       6               离散机9            67183.00        68207.00        1024.00        
  96       7               离散机3            68430.00        69596.00        1166.00        
  96       8               离散机10           70364.81        71375.81        1011.00        

工件 97:
  97       0               打印机5            10397.00        33194.00        22797.00       
  97       1               批处理机2           33194.00        34258.00        1064.00        
  97       2               离散机5            39955.00        40938.00        983.00         
  97       3               离散机1            40938.00        42403.00        1465.00        
  97       4               离散机6            45938.02        47401.02        1463.00        

工件 98:
  98       0               打印机2            26621.61        56374.81        29753.19       
  98       1               批处理机2           56374.81        57438.81        1064.00        

工件 99:
  99       0               打印机1            10191.79        37729.74        27537.95       
  99       1               批处理机2           37729.74        38793.74        1064.00        
  99       2               离散机10           41014.74        42311.74        1297.00        
  99       3               离散机3            44577.02        45956.02        1379.00        
  99       4               离散机4            55850.18        56936.18        1086.00        
  99       5               离散机8            57061.02        58489.02        1428.00        
  99       6               离散机10           67222.81        68521.81        1299.00        
  99       7               离散机9            71326.00        72394.00        1068.00        

【机器加工顺序记录】
----------------------------------------------------------------------------------------------------

打印机1:
工件号      工序号             开始时间            结束时间            加工时长           
--------------------------------------------------------------------------------
  22       0               0.00            10191.79        10191.79       
  28       0               0.00            10191.79        10191.79       
  33       0               0.00            10191.79        10191.79       
  49       0               0.00            10191.79        10191.79       
  65       0               0.00            10191.79        10191.79       
  78       0               0.00            10191.79        10191.79       
  94       0               0.00            10191.79        10191.79       
  1        0               10191.79        37729.74        27537.95       
  34       0               10191.79        37729.74        27537.95       
  37       0               10191.79        37729.74        27537.95       
  38       0               10191.79        37729.74        27537.95       
  53       0               10191.79        37729.74        27537.95       
  84       0               10191.79        37729.74        27537.95       
  86       0               10191.79        37729.74        27537.95       
  99       0               10191.79        37729.74        27537.95       
  23       0               37729.74        46934.36        9204.62        
  64       0               37729.74        46934.36        9204.62        
  0        0               46934.36        52331.28        5396.92        
  17       0               46934.36        52331.28        5396.92        

  机器利用率: 439.03% (忙碌时间: 320849.23 / 总时间: 73081.00)

打印机2:
工件号      工序号             开始时间            结束时间            加工时长           
--------------------------------------------------------------------------------
  7        0               0.00            26621.61        26621.61       
  8        0               0.00            26621.61        26621.61       
  9        0               0.00            26621.61        26621.61       
  10       0               0.00            26621.61        26621.61       
  12       0               0.00            26621.61        26621.61       
  15       0               0.00            26621.61        26621.61       
  35       0               0.00            26621.61        26621.61       
  36       0               0.00            26621.61        26621.61       
  40       0               0.00            26621.61        26621.61       
  42       0               0.00            26621.61        26621.61       
  45       0               0.00            26621.61        26621.61       
  46       0               0.00            26621.61        26621.61       
  47       0               0.00            26621.61        26621.61       
  68       0               0.00            26621.61        26621.61       
  75       0               0.00            26621.61        26621.61       
  85       0               0.00            26621.61        26621.61       
  30       0               26621.61        56374.81        29753.19       
  41       0               26621.61        56374.81        29753.19       
  43       0               26621.61        56374.81        29753.19       
  48       0               26621.61        56374.81        29753.19       
  63       0               26621.61        56374.81        29753.19       
  67       0               26621.61        56374.81        29753.19       
  83       0               26621.61        56374.81        29753.19       
  98       0               26621.61        56374.81        29753.19       

  机器利用率: 908.54% (忙碌时间: 663971.37 / 总时间: 73081.00)

打印机3:
工件号      工序号             开始时间            结束时间            加工时长           
--------------------------------------------------------------------------------
  5        0               0.00            42484.02        42484.02       
  14       0               0.00            42484.02        42484.02       
  18       0               0.00            42484.02        42484.02       
  19       0               0.00            42484.02        42484.02       
  20       0               0.00            42484.02        42484.02       
  24       0               0.00            42484.02        42484.02       
  32       0               0.00            42484.02        42484.02       
  50       0               0.00            42484.02        42484.02       
  51       0               0.00            42484.02        42484.02       
  55       0               0.00            42484.02        42484.02       
  57       0               0.00            42484.02        42484.02       
  74       0               0.00            42484.02        42484.02       
  81       0               0.00            42484.02        42484.02       
  82       0               0.00            42484.02        42484.02       
  56       0               42484.02        62260.73        19776.71       
  60       0               42484.02        62260.73        19776.71       
  88       0               42484.02        62260.73        19776.71       

  机器利用率: 895.04% (忙碌时间: 654106.46 / 总时间: 73081.00)

打印机4:
工件号      工序号             开始时间            结束时间            加工时长           
--------------------------------------------------------------------------------
  3        0               0.00            45405.18        45405.18       
  13       0               0.00            45405.18        45405.18       
  39       0               0.00            45405.18        45405.18       
  52       0               0.00            45405.18        45405.18       
  58       0               0.00            45405.18        45405.18       
  59       0               0.00            45405.18        45405.18       
  62       0               0.00            45405.18        45405.18       
  69       0               0.00            45405.18        45405.18       
  76       0               0.00            45405.18        45405.18       
  89       0               0.00            45405.18        45405.18       
  90       0               0.00            45405.18        45405.18       
  92       0               0.00            45405.18        45405.18       
  93       0               0.00            45405.18        45405.18       
  95       0               0.00            45405.18        45405.18       
  2        0               45405.18        59751.53        14346.35       
  11       0               45405.18        59751.53        14346.35       
  16       0               45405.18        59751.53        14346.35       
  25       0               45405.18        59751.53        14346.35       
  96       0               45405.18        59751.53        14346.35       

  机器利用率: 967.97% (忙碌时间: 707404.24 / 总时间: 73081.00)

打印机5:
工件号      工序号             开始时间            结束时间            加工时长           
--------------------------------------------------------------------------------
  21       0               0.00            10397.00        10397.00       
  26       0               0.00            10397.00        10397.00       
  31       0               0.00            10397.00        10397.00       
  44       0               0.00            10397.00        10397.00       
  71       0               0.00            10397.00        10397.00       
  80       0               0.00            10397.00        10397.00       
  87       0               0.00            10397.00        10397.00       
  4        0               10397.00        33194.00        22797.00       
  6        0               10397.00        33194.00        22797.00       
  29       0               10397.00        33194.00        22797.00       
  70       0               10397.00        33194.00        22797.00       
  72       0               10397.00        33194.00        22797.00       
  73       0               10397.00        33194.00        22797.00       
  77       0               10397.00        33194.00        22797.00       
  79       0               10397.00        33194.00        22797.00       
  91       0               10397.00        33194.00        22797.00       
  97       0               10397.00        33194.00        22797.00       
  27       0               33194.00        58391.00        25197.00       
  54       0               33194.00        58391.00        25197.00       
  61       0               33194.00        58391.00        25197.00       
  66       0               33194.00        58391.00        25197.00       

  机器利用率: 549.44% (忙碌时间: 401537.00 / 总时间: 73081.00)

批处理机1:
工件号      工序号             开始时间            结束时间            加工时长           
--------------------------------------------------------------------------------
  21       1               10397.00        11507.00        1110.00        
  26       1               10397.00        11507.00        1110.00        
  31       1               10397.00        11507.00        1110.00        
  44       1               10397.00        11507.00        1110.00        
  71       1               10397.00        11507.00        1110.00        
  80       1               10397.00        11507.00        1110.00        
  87       1               10397.00        11507.00        1110.00        

  机器利用率: 10.63% (忙碌时间: 7770.00 / 总时间: 73081.00)

批处理机2:
工件号      工序号             开始时间            结束时间            加工时长           
--------------------------------------------------------------------------------
  22       1               10191.79        11255.79        1064.00        
  28       1               10191.79        11255.79        1064.00        
  33       1               10191.79        11255.79        1064.00        
  49       1               10191.79        11255.79        1064.00        
  65       1               10191.79        11255.79        1064.00        
  78       1               10191.79        11255.79        1064.00        
  94       1               10191.79        11255.79        1064.00        
  7        1               26621.61        27685.61        1064.00        
  8        1               26621.61        27685.61        1064.00        
  9        1               26621.61        27685.61        1064.00        
  10       1               26621.61        27685.61        1064.00        
  12       1               26621.61        27685.61        1064.00        
  15       1               26621.61        27685.61        1064.00        
  35       1               26621.61        27685.61        1064.00        
  36       1               26621.61        27685.61        1064.00        
  40       1               26621.61        27685.61        1064.00        
  42       1               26621.61        27685.61        1064.00        
  45       1               26621.61        27685.61        1064.00        
  46       1               26621.61        27685.61        1064.00        
  47       1               26621.61        27685.61        1064.00        
  68       1               26621.61        27685.61        1064.00        
  75       1               26621.61        27685.61        1064.00        
  85       1               26621.61        27685.61        1064.00        
  4        1               33194.00        34258.00        1064.00        
  6        1               33194.00        34258.00        1064.00        
  29       1               33194.00        34258.00        1064.00        
  70       1               33194.00        34258.00        1064.00        
  72       1               33194.00        34258.00        1064.00        
  73       1               33194.00        34258.00        1064.00        
  77       1               33194.00        34258.00        1064.00        
  79       1               33194.00        34258.00        1064.00        
  91       1               33194.00        34258.00        1064.00        
  97       1               33194.00        34258.00        1064.00        
  1        1               37729.74        38793.74        1064.00        
  34       1               37729.74        38793.74        1064.00        
  37       1               37729.74        38793.74        1064.00        
  38       1               37729.74        38793.74        1064.00        
  53       1               37729.74        38793.74        1064.00        
  84       1               37729.74        38793.74        1064.00        
  86       1               37729.74        38793.74        1064.00        
  99       1               37729.74        38793.74        1064.00        
  5        1               42484.02        43548.02        1064.00        
  14       1               42484.02        43548.02        1064.00        
  18       1               42484.02        43548.02        1064.00        
  19       1               42484.02        43548.02        1064.00        
  20       1               42484.02        43548.02        1064.00        
  24       1               42484.02        43548.02        1064.00        
  32       1               42484.02        43548.02        1064.00        
  50       1               42484.02        43548.02        1064.00        
  51       1               42484.02        43548.02        1064.00        
  55       1               42484.02        43548.02        1064.00        
  57       1               42484.02        43548.02        1064.00        
  74       1               42484.02        43548.02        1064.00        
  81       1               42484.02        43548.02        1064.00        
  82       1               42484.02        43548.02        1064.00        
  3        1               45405.18        46469.18        1064.00        
  13       1               45405.18        46469.18        1064.00        
  39       1               45405.18        46469.18        1064.00        
  52       1               45405.18        46469.18        1064.00        
  58       1               45405.18        46469.18        1064.00        
  59       1               45405.18        46469.18        1064.00        
  62       1               45405.18        46469.18        1064.00        
  69       1               45405.18        46469.18        1064.00        
  76       1               45405.18        46469.18        1064.00        
  89       1               45405.18        46469.18        1064.00        
  90       1               45405.18        46469.18        1064.00        
  92       1               45405.18        46469.18        1064.00        
  93       1               45405.18        46469.18        1064.00        
  95       1               45405.18        46469.18        1064.00        
  23       1               46934.36        47998.36        1064.00        
  64       1               46934.36        47998.36        1064.00        
  0        1               52331.28        53395.28        1064.00        
  17       1               52331.28        53395.28        1064.00        
  30       1               56374.81        57438.81        1064.00        
  41       1               56374.81        57438.81        1064.00        
  43       1               56374.81        57438.81        1064.00        
  48       1               56374.81        57438.81        1064.00        
  63       1               56374.81        57438.81        1064.00        
  67       1               56374.81        57438.81        1064.00        
  83       1               56374.81        57438.81        1064.00        
  98       1               56374.81        57438.81        1064.00        
  27       1               58391.00        59455.00        1064.00        
  54       1               58391.00        59455.00        1064.00        
  61       1               58391.00        59455.00        1064.00        
  66       1               58391.00        59455.00        1064.00        
  2        1               59751.53        60815.53        1064.00        
  11       1               59751.53        60815.53        1064.00        
  16       1               59751.53        60815.53        1064.00        
  25       1               59751.53        60815.53        1064.00        
  96       1               59751.53        60815.53        1064.00        
  56       1               62260.73        63324.73        1064.00        
  60       1               62260.73        63324.73        1064.00        
  88       1               62260.73        63324.73        1064.00        

  机器利用率: 135.40% (忙碌时间: 98952.00 / 总时间: 73081.00)

离散机1:
工件号      工序号             开始时间            结束时间            加工时长           
--------------------------------------------------------------------------------
  31       2               11507.00        12921.00        1414.00        
  36       2               27685.61        29460.61        1775.00        
  46       2               29460.61        30505.61        1045.00        
  75       3               30505.61        31650.61        1145.00        
  35       3               31650.61        32751.61        1101.00        
  7        4               32923.61        33849.61        926.00         
  4        2               34258.00        35391.00        1133.00        
  72       3               35661.00        37152.00        1491.00        
  73       2               37152.00        38187.00        1035.00        
  29       2               38187.00        39373.00        1186.00        
  7        5               39373.00        40824.00        1451.00        
  97       3               40938.00        42403.00        1465.00        
  8        6               42403.00        43436.00        1033.00        
  5        2               43548.02        45221.02        1673.00        
  46       6               45221.02        46293.02        1072.00        
  52       2               46469.18        47587.18        1118.00        
  32       4               47587.18        48516.18        929.00         
  3        2               48516.18        49448.18        932.00         
  34       3               49448.18        50842.18        1394.00        
  89       3               51523.02        52529.02        1006.00        
  47       8               52529.02        53836.02        1307.00        
  52       5               54145.18        55700.18        1555.00        
  6        5               55700.18        57408.18        1708.00        
  77       4               57408.18        58836.18        1428.00        
  66       2               59455.00        60758.00        1303.00        
  25       2               60815.53        62442.53        1627.00        
  43       3               62442.53        63898.53        1456.00        
  16       3               63898.53        65680.53        1782.00        
  83       4               65735.00        67086.00        1351.00        
  25       5               67086.00        68132.00        1046.00        
  43       5               68132.00        69228.00        1096.00        
  66       6               69228.00        70354.00        1126.00        
  55       7               70354.00        71752.00        1398.00        
  82       3               71752.00        72662.00        910.00         

  机器利用率: 59.41% (忙碌时间: 43417.00 / 总时间: 73081.00)

离散机2:
工件号      工序号             开始时间            结束时间            加工时长           
--------------------------------------------------------------------------------
  28       2               11255.79        12591.79        1336.00        
  71       4               15398.79        16552.79        1154.00        
  26       3               17244.79        18769.79        1525.00        
  94       6               18769.79        19779.79        1010.00        
  94       7               19779.79        21373.79        1594.00        
  15       2               27685.61        29284.61        1599.00        
  7        2               29284.61        30272.61        988.00         
  15       4               30273.61        31363.61        1090.00        
  47       2               31363.61        32616.61        1253.00        
  8        4               32616.61        34227.61        1611.00        
  8        5               34227.61        35611.61        1384.00        
  6        3               35611.61        37276.61        1665.00        
  10       5               37441.00        39170.00        1729.00        
  37       3               40066.74        41836.74        1770.00        
  1        4               42219.74        43143.74        924.00         
  32       2               43548.02        44679.02        1131.00        
  45       7               44679.02        45878.02        1199.00        
  4        6               45878.02        46900.02        1022.00        
  74       4               47278.02        48469.02        1191.00        
  5        4               48971.18        49891.18        920.00         
  32       5               49891.18        51586.18        1695.00        
  5        5               51586.18        52757.18        1171.00        
  52       4               52757.18        54145.18        1388.00        
  92       3               54145.18        55340.18        1195.00        
  3        4               55340.18        56338.18        998.00         
  5        6               56338.18        57238.18        900.00         
  52       6               57238.18        58253.18        1015.00        
  41       3               58459.81        60156.81        1697.00        
  16       2               60815.53        62605.53        1790.00        
  25       3               62605.53        63931.53        1326.00        
  59       5               63931.53        64897.53        966.00         
  17       6               64990.81        66613.81        1623.00        
  17       7               66613.81        67584.81        971.00         
  13       7               67584.81        68565.81        981.00         
  54       2               68565.81        69524.81        959.00         

  机器利用率: 61.26% (忙碌时间: 44770.00 / 总时间: 73081.00)

离散机3:
工件号      工序号             开始时间            结束时间            加工时长           
--------------------------------------------------------------------------------
  87       2               11507.00        12643.00        1136.00        
  94       3               14144.79        15695.79        1551.00        
  31       4               15695.79        17018.79        1323.00        
  26       5               20126.79        21735.79        1609.00        
  21       3               21735.79        22853.79        1118.00        
  45       2               27685.61        29006.61        1321.00        
  15       3               29284.61        30273.61        989.00         
  36       3               30273.61        31323.61        1050.00        
  75       5               33240.61        34789.61        1549.00        
  36       5               34789.61        36024.61        1235.00        
  15       6               36024.61        37254.61        1230.00        
  47       6               37254.61        38697.61        1443.00        
  34       2               38793.74        40315.74        1522.00        
  86       3               40338.74        41658.74        1320.00        
  72       7               41658.74        42989.74        1331.00        
  74       2               43548.02        44577.02        1029.00        
  99       3               44577.02        45956.02        1379.00        
  14       3               46033.02        47425.02        1392.00        
  13       2               47425.02        48882.02        1457.00        
  93       2               48882.02        50593.02        1711.00        
  58       2               50593.02        51686.02        1093.00        
  58       3               51686.02        53204.02        1518.00        
  14       5               53204.02        54634.02        1430.00        
  15       7               54634.02        55575.02        941.00         
  17       4               56219.28        57401.28        1182.00        
  82       2               57401.28        59000.28        1599.00        
  55       5               59000.28        60539.28        1539.00        
  66       3               60758.00        62352.00        1594.00        
  11       2               62352.00        63733.00        1381.00        
  30       4               63733.00        64652.00        919.00         
  43       4               64652.00        65947.00        1295.00        
  11       4               65947.00        66938.00        991.00         
  0        5               66938.00        68430.00        1492.00        
  96       7               68430.00        69596.00        1166.00        
  88       4               69596.00        70726.00        1130.00        
  46       7               70726.00        71960.00        1234.00        

  机器利用率: 64.58% (忙碌时间: 47199.00 / 总时间: 73081.00)

离散机4:
工件号      工序号             开始时间            结束时间            加工时长           
--------------------------------------------------------------------------------
  71       3               13730.79        15398.79        1668.00        
  94       5               16614.79        17568.79        954.00         
  75       2               27685.61        28846.61        1161.00        
  68       3               29049.61        30494.61        1445.00        
  42       2               30494.61        31889.61        1395.00        
  47       4               33768.61        35372.61        1604.00        
  40       6               35372.61        36693.61        1321.00        
  72       4               37152.00        38411.00        1259.00        
  86       4               41658.74        43430.74        1772.00        
  55       2               43548.02        45007.02        1459.00        
  51       2               45007.02        46170.02        1163.00        
  36       7               46170.02        47093.02        923.00         
  52       3               47587.18        49382.18        1795.00        
  24       5               49382.18        50774.18        1392.00        
  19       2               50774.18        52311.18        1537.00        
  59       4               52311.18        53553.18        1242.00        
  69       5               53553.18        54567.18        1014.00        
  62       2               54567.18        55850.18        1283.00        
  99       4               55850.18        56936.18        1086.00        
  8        7               56936.18        58597.18        1661.00        
  53       3               58597.18        59802.18        1205.00        
  41       4               60156.81        61059.81        903.00         
  36       8               61059.81        62041.81        982.00         
  96       3               62247.81        63928.81        1681.00        
  67       3               63928.81        65252.81        1324.00        
  39       5               65252.81        66760.81        1508.00        
  83       6               68163.00        69589.00        1426.00        
  30       8               69589.00        70966.00        1377.00        

  机器利用率: 51.37% (忙碌时间: 37540.00 / 总时间: 73081.00)

离散机5:
工件号      工序号             开始时间            结束时间            加工时长           
--------------------------------------------------------------------------------
  33       3               14019.79        15083.79        1064.00        
  33       6               18728.79        19667.79        939.00         
  26       9               25586.79        27082.79        1496.00        
  10       3               28689.61        29757.61        1068.00        
  8        2               29757.61        31013.61        1256.00        
  9        3               31550.61        32463.61        913.00         
  47       3               32616.61        33768.61        1152.00        
  72       2               34258.00        35661.00        1403.00        
  10       4               35661.00        37441.00        1780.00        
  45       4               37441.00        38655.00        1214.00        
  6        4               38655.00        39955.00        1300.00        
  97       2               39955.00        40938.00        983.00         
  91       2               40938.00        42577.00        1639.00        
  72       8               42989.74        44381.74        1392.00        
  32       3               44679.02        46085.02        1406.00        
  20       3               46085.02        47310.02        1225.00        
  24       4               47310.02        48376.02        1066.00        
  90       2               48376.02        49753.02        1377.00        
  89       2               49753.02        51523.02        1770.00        
  32       6               51586.18        52591.18        1005.00        
  13       4               52591.18        54267.18        1676.00        
  13       5               54267.18        55316.18        1049.00        
  39       4               55316.18        56852.18        1536.00        
  23       7               57051.28        58752.28        1701.00        
  0        4               58752.28        59792.28        1040.00        
  30       3               60032.81        61093.81        1061.00        
  23       8               61093.81        62331.81        1238.00        
  20       5               62331.81        63562.81        1231.00        
  58       5               63562.81        64772.81        1210.00        
  30       6               65728.00        66902.00        1174.00        
  30       7               66902.00        68045.00        1143.00        
  11       5               68045.00        69382.00        1337.00        
  41       7               69382.00        70652.00        1270.00        
  29       3               70652.00        71797.00        1145.00        
  67       5               71797.00        73081.00        1284.00        

  机器利用率: 60.95% (忙碌时间: 44543.00 / 总时间: 73081.00)

离散机6:
工件号      工序号             开始时间            结束时间            加工时长           
--------------------------------------------------------------------------------
  49       2               11255.79        12704.79        1449.00        
  94       2               12704.79        14144.79        1440.00        
  28       3               14144.79        15135.79        991.00         
  44       2               15135.79        16121.79        986.00         
  87       4               16121.79        17781.79        1660.00        
  21       4               22853.79        24418.79        1565.00        
  28       6               24821.79        25852.79        1031.00        
  10       2               27685.61        28689.61        1004.00        
  85       2               28689.61        29931.61        1242.00        
  40       4               30106.61        31486.61        1380.00        
  8        3               31486.61        32513.61        1027.00        
  46       3               32513.61        33516.61        1003.00        
  6        2               34258.00        35263.00        1005.00        
  77       3               38361.00        39402.00        1041.00        
  72       6               39980.00        41623.00        1643.00        
  45       6               41934.74        43444.74        1510.00        
  81       2               43548.02        44812.02        1264.00        
  57       2               44812.02        45938.02        1126.00        
  97       4               45938.02        47401.02        1463.00        
  14       4               47425.02        48516.02        1091.00        
  92       2               48516.02        49548.02        1032.00        
  20       4               49548.02        50808.02        1260.00        
  37       4               50808.02        51999.02        1191.00        
  4        7               51999.02        53337.02        1338.00        
  0        2               53395.28        54981.28        1586.00        
  17       3               54981.28        56219.28        1238.00        
  14       7               56219.28        57431.28        1212.00        
  58       4               57431.28        58540.28        1109.00        
  3        6               58540.28        59698.28        1158.00        
  14       9               60134.81        61461.81        1327.00        
  30       5               64652.00        65728.00        1076.00        
  96       5               65728.00        67183.00        1455.00        
  83       5               67183.00        68163.00        980.00         
  17       8               68163.00        69082.00        919.00         
  43       6               69228.00        70265.00        1037.00        

  机器利用率: 58.62% (忙碌时间: 42839.00 / 总时间: 73081.00)

离散机7:
工件号      工序号             开始时间            结束时间            加工时长           
--------------------------------------------------------------------------------
  78       2               11255.79        12825.79        1570.00        
  33       2               12825.79        14019.79        1194.00        
  49       4               14019.79        15570.79        1551.00        
  26       2               15570.79        17244.79        1674.00        
  26       4               18769.79        20126.79        1357.00        
  21       2               20126.79        21680.79        1554.00        
  26       6               21735.79        23521.79        1786.00        
  28       5               23521.79        24821.79        1300.00        
  65       6               24821.79        25846.79        1025.00        
  68       2               27685.61        29049.61        1364.00        
  12       2               29049.61        30807.61        1758.00        
  36       4               31323.61        32808.61        1485.00        
  15       5               32808.61        34217.61        1409.00        
  79       2               34258.00        35506.00        1248.00        
  46       5               35506.00        37212.00        1706.00        
  77       2               37212.00        38361.00        1149.00        
  72       5               38411.00        39980.00        1569.00        
  1        3               40437.74        42219.74        1782.00        
  53       2               42219.74        43198.74        979.00         
  20       2               43548.02        44730.02        1182.00        
  14       2               44730.02        46033.02        1303.00        
  74       3               46033.02        47278.02        1245.00        
  69       3               47675.18        49186.18        1511.00        
  59       3               49186.18        50644.18        1458.00        
  23       4               50757.36        52514.36        1757.00        
  3        3               52514.36        53643.36        1129.00        
  55       4               53643.36        54811.36        1168.00        
  24       8               54811.36        56220.36        1409.00        
  3        5               56338.18        57429.18        1091.00        
  41       2               57438.81        58459.81        1021.00        
  13       6               58459.81        60070.81        1611.00        
  69       7               60070.81        61695.81        1625.00        
  41       5               61695.81        62969.81        1274.00        
  60       2               63324.73        64528.73        1204.00        
  88       2               64528.73        65835.73        1307.00        
  41       6               65835.73        67107.73        1272.00        
  75       6               67107.73        68025.73        918.00         
  59       6               68025.73        69494.73        1469.00        
  25       7               69925.00        71079.00        1154.00        
  30       9               71079.00        72219.00        1140.00        

  机器利用率: 74.86% (忙碌时间: 54708.00 / 总时间: 73081.00)

离散机8:
工件号      工序号             开始时间            结束时间            加工时长           
--------------------------------------------------------------------------------
  31       3               12921.00        13853.00        932.00         
  65       4               17572.79        18481.79        909.00         
  40       2               27685.61        28796.61        1111.00        
  35       2               28796.61        30514.61        1718.00        
  45       3               30514.61        31707.61        1193.00        
  7        3               31707.61        32923.61        1216.00        
  1        2               38793.74        40437.74        1644.00        
  45       5               40437.74        41934.74        1497.00        
  4        5               41934.74        42851.74        917.00         
  10       6               42851.74        44184.74        1333.00        
  81       3               44812.02        46000.02        1188.00        
  69       2               46469.18        47675.18        1206.00        
  5        3               47675.18        48971.18        1296.00        
  13       3               48971.18        50009.18        1038.00        
  69       4               50009.18        51318.18        1309.00        
  24       7               51951.18        53369.18        1418.00        
  57       3               53369.18        54356.18        987.00         
  14       6               54634.02        55827.02        1193.00        
  69       6               55827.02        57061.02        1234.00        
  99       5               57061.02        58489.02        1428.00        
  5        7               58489.02        59966.02        1477.00        
  55       6               60539.28        61749.28        1210.00        
  66       4               62352.00        63603.00        1251.00        
  11       3               63733.00        64749.00        1016.00        
  83       3               64749.00        65735.00        986.00         
  88       3               65835.73        67134.73        1299.00        
  93       5               67134.73        68209.73        1075.00        
  11       6               69382.00        70398.00        1016.00        

  机器利用率: 46.66% (忙碌时间: 34097.00 / 总时间: 73081.00)

离散机9:
工件号      工序号             开始时间            结束时间            加工时长           
--------------------------------------------------------------------------------
  65       2               11255.79        12661.79        1406.00        
  71       2               12661.79        13730.79        1069.00        
  87       3               13730.79        15003.79        1273.00        
  33       4               15083.79        16106.79        1023.00        
  65       3               16106.79        17572.79        1466.00        
  33       5               17572.79        18728.79        1156.00        
  31       5               18728.79        20437.79        1709.00        
  65       5               20437.79        21821.79        1384.00        
  31       6               21821.79        22988.79        1167.00        
  26       7               23521.79        24522.79        1001.00        
  26       8               24522.79        25586.79        1064.00        
  40       3               28796.61        30106.61        1310.00        
  9        2               30106.61        31550.61        1444.00        
  75       4               31650.61        33240.61        1590.00        
  40       5               33240.61        34158.61        918.00         
  68       4               34158.61        35087.61        929.00         
  47       5               35372.61        36961.61        1589.00        
  85       3               36961.61        38632.61        1671.00        
  86       2               38793.74        40338.74        1545.00        
  7        6               40824.00        42286.00        1462.00        
  47       7               42286.00        43404.00        1118.00        
  18       2               43548.02        44690.02        1142.00        
  24       3               45340.02        47082.02        1742.00        
  45       8               47082.02        47993.02        911.00         
  23       2               47998.36        49038.36        1040.00        
  23       3               49038.36        50757.36        1719.00        
  39       2               50757.36        52057.36        1300.00        
  64       2               52057.36        53258.36        1201.00        
  93       3               53258.36        54287.36        1029.00        
  34       4               54287.36        55772.36        1485.00        
  23       6               55954.28        57051.28        1097.00        
  43       2               57438.81        58933.81        1495.00        
  30       2               58933.81        60032.81        1099.00        
  67       2               60032.81        60963.81        931.00         
  96       2               60963.81        62247.81        1284.00        
  83       2               62247.81        63984.81        1737.00        
  17       5               63984.81        64990.81        1006.00        
  66       5               64990.81        66144.81        1154.00        
  69       8               66144.81        67142.81        998.00         
  96       6               67183.00        68207.00        1024.00        
  25       6               68207.00        69925.00        1718.00        
  83       7               69925.00        71326.00        1401.00        
  99       7               71326.00        72394.00        1068.00        

  机器利用率: 75.09% (忙碌时间: 54875.00 / 总时间: 73081.00)

离散机10:
工件号      工序号             开始时间            结束时间            加工时长           
--------------------------------------------------------------------------------
  49       3               12704.79        13754.79        1050.00        
  94       4               15695.79        16614.79        919.00         
  28       4               16614.79        17822.79        1208.00        
  33       7               19667.79        21074.79        1407.00        
  42       3               31889.61        33086.61        1197.00        
  46       4               33516.61        35152.61        1636.00        
  4        3               35391.00        36739.00        1348.00        
  4        4               36739.00        38442.00        1703.00        
  37       2               38793.74        40066.74        1273.00        
  36       6               40066.74        41014.74        948.00         
  99       2               41014.74        42311.74        1297.00        
  70       2               42311.74        43493.74        1182.00        
  24       2               43548.02        45340.02        1792.00        
  50       2               45340.02        46468.02        1128.00        
  59       2               46469.18        47857.18        1388.00        
  55       3               47857.18        49319.18        1462.00        
  86       5               49319.18        50516.18        1197.00        
  24       6               50774.18        51951.18        1177.00        
  39       3               52057.36        52995.36        938.00         
  17       2               53395.28        54349.28        954.00         
  23       5               54349.28        55954.28        1605.00        
  0        3               55954.28        57160.28        1206.00        
  48       2               57438.81        58877.81        1439.00        
  14       8               58877.81        60134.81        1257.00        
  93       4               60134.81        61623.81        1489.00        
  2        2               61623.81        62803.81        1180.00        
  32       7               62803.81        63879.81        1076.00        
  96       4               63928.81        65369.81        1441.00        
  25       4               65369.81        66285.81        916.00         
  67       4               66285.81        67222.81        937.00         
  99       6               67222.81        68521.81        1299.00        
  52       7               68521.81        69444.81        923.00         
  20       6               69444.81        70364.81        920.00         
  96       8               70364.81        71375.81        1011.00        

  机器利用率: 57.34% (忙碌时间: 41903.00 / 总时间: 73081.00)

【打印批次详细信息】
----------------------------------------------------------------------------------------------------

打印机 1 (尺寸: 1033.0 x 412.0 x 635.0):
--------------------------------------------------------------------------------
  批次 1: 零件数=7, 占用率=93.83%
    - 94: 尺寸 86.0 x 78.0 x 15.0
    - 78: 尺寸 257.0 x 259.0 x 55.0
    - 65: 尺寸 688.0 x 246.0 x 28.0
    - 22: 尺寸 69.0 x 106.0 x 68.0
    - 49: 尺寸 720.0 x 166.0 x 70.0
    - 33: 尺寸 143.0 x 98.0 x 20.0
    - 28: 尺寸 148.0 x 108.0 x 40.0
  批次 2: 零件数=8, 占用率=76.26%
    - 1: 尺寸 465.0 x 126.0 x 96.0
    - 99: 尺寸 390.0 x 203.0 x 186.0
    - 38: 尺寸 144.0 x 118.0 x 155.0
    - 53: 尺寸 142.0 x 121.0 x 188.0
    - 86: 尺寸 349.0 x 205.0 x 127.0
    - 84: 尺寸 148.0 x 132.0 x 176.0
    - 37: 尺寸 208.0 x 179.0 x 109.0
    - 34: 尺寸 118.0 x 206.0 x 193.0
  批次 3: 零件数=2, 占用率=62.57%
    - 64: 尺寸 441.0 x 333.0 x 52.0
    - 23: 尺寸 422.0 x 283.0 x 63.0
  批次 4: 零件数=2, 占用率=51.37%
    - 17: 尺寸 668.0 x 227.0 x 36.0
    - 0: 尺寸 268.0 x 250.0 x 27.0

打印机 2 (尺寸: 1163.0 x 587.0 x 663.0):
--------------------------------------------------------------------------------
  批次 1: 零件数=16, 占用率=95.27%
    - 45: 尺寸 266.0 x 241.0 x 26.0
    - 15: 尺寸 255.0 x 172.0 x 44.0
    - 47: 尺寸 178.0 x 51.0 x 176.0
    - 75: 尺寸 460.0 x 290.0 x 105.0
    - 36: 尺寸 164.0 x 468.0 x 153.0
    - 68: 尺寸 227.0 x 413.0 x 174.0
    - 7: 尺寸 105.0 x 98.0 x 89.0
    - 8: 尺寸 155.0 x 115.0 x 87.0
    - 10: 尺寸 480.0 x 155.0 x 175.0
    - 35: 尺寸 96.0 x 106.0 x 48.0
    - 40: 尺寸 148.0 x 122.0 x 103.0
    - 42: 尺寸 86.0 x 114.0 x 61.0
    - 46: 尺寸 389.0 x 123.0 x 52.0
    - 12: 尺寸 99.0 x 132.0 x 97.0
    - 9: 尺寸 149.0 x 101.0 x 45.0
    - 85: 尺寸 205.0 x 63.0 x 96.0
  批次 2: 零件数=8, 占用率=90.86%
    - 98: 尺寸 197.0 x 134.0 x 63.0
    - 43: 尺寸 713.0 x 239.0 x 46.0
    - 41: 尺寸 84.0 x 420.0 x 65.0
    - 63: 尺寸 163.0 x 195.0 x 52.0
    - 67: 尺寸 121.0 x 144.0 x 191.0
    - 48: 尺寸 205.0 x 200.0 x 83.0
    - 30: 尺寸 686.0 x 336.0 x 90.0
    - 83: 尺寸 441.0 x 153.0 x 197.0

打印机 3 (尺寸: 941.0 x 424.0 x 663.0):
--------------------------------------------------------------------------------
  批次 1: 零件数=14, 占用率=83.79%
    - 82: 尺寸 191.0 x 198.0 x 181.0
    - 32: 尺寸 98.0 x 66.0 x 75.0
    - 57: 尺寸 114.0 x 139.0 x 92.0
    - 74: 尺寸 488.0 x 192.0 x 92.0
    - 51: 尺寸 135.0 x 173.0 x 83.0
    - 14: 尺寸 98.0 x 183.0 x 54.0
    - 19: 尺寸 220.0 x 58.0 x 76.0
    - 81: 尺寸 134.0 x 93.0 x 170.0
    - 55: 尺寸 72.0 x 93.0 x 88.0
    - 5: 尺寸 63.0 x 187.0 x 153.0
    - 24: 尺寸 187.0 x 173.0 x 33.0
    - 50: 尺寸 123.0 x 185.0 x 171.0
    - 18: 尺寸 207.0 x 134.0 x 86.0
    - 20: 尺寸 142.0 x 89.0 x 104.0
  批次 2: 零件数=3, 占用率=59.29%
    - 60: 尺寸 363.0 x 170.0 x 19.0
    - 56: 尺寸 312.0 x 305.0 x 32.0
    - 88: 尺寸 207.0 x 385.0 x 83.0

打印机 4 (尺寸: 1081.0 x 523.0 x 615.0):
--------------------------------------------------------------------------------
  批次 1: 零件数=14, 占用率=81.39%
    - 52: 尺寸 170.0 x 59.0 x 100.0
    - 39: 尺寸 396.0 x 158.0 x 123.0
    - 90: 尺寸 241.0 x 85.0 x 93.0
    - 92: 尺寸 247.0 x 440.0 x 168.0
    - 76: 尺寸 165.0 x 168.0 x 18.0
    - 58: 尺寸 246.0 x 181.0 x 77.0
    - 62: 尺寸 188.0 x 133.0 x 95.0
    - 59: 尺寸 229.0 x 159.0 x 122.0
    - 69: 尺寸 101.0 x 76.0 x 43.0
    - 95: 尺寸 55.0 x 202.0 x 55.0
    - 89: 尺寸 233.0 x 185.0 x 23.0
    - 3: 尺寸 114.0 x 130.0 x 98.0
    - 13: 尺寸 87.0 x 87.0 x 191.0
    - 93: 尺寸 291.0 x 139.0 x 38.0
  批次 2: 零件数=5, 占用率=85.82%
    - 96: 尺寸 711.0 x 335.0 x 59.0
    - 11: 尺寸 306.0 x 123.0 x 35.0
    - 25: 尺寸 207.0 x 202.0 x 33.0
    - 2: 尺寸 568.0 x 184.0 x 44.0
    - 16: 尺寸 441.0 x 143.0 x 42.0

打印机 5 (尺寸: 1118.0 x 504.0 x 631.0):
--------------------------------------------------------------------------------
  批次 1: 零件数=7, 占用率=78.44%
    - 31: 尺寸 355.0 x 260.0 x 20.0
    - 71: 尺寸 699.0 x 267.0 x 29.0
    - 21: 尺寸 53.0 x 109.0 x 36.0
    - 26: 尺寸 353.0 x 115.0 x 50.0
    - 87: 尺寸 690.0 x 134.0 x 26.0
    - 80: 尺寸 152.0 x 106.0 x 19.0
    - 44: 尺寸 79.0 x 103.0 x 14.0
  批次 2: 零件数=10, 占用率=81.92%
    - 72: 尺寸 426.0 x 214.0 x 34.0
    - 91: 尺寸 179.0 x 133.0 x 39.0
    - 77: 尺寸 509.0 x 204.0 x 43.0
    - 73: 尺寸 177.0 x 159.0 x 112.0
    - 97: 尺寸 213.0 x 107.0 x 56.0
    - 4: 尺寸 148.0 x 136.0 x 21.0
    - 70: 尺寸 139.0 x 217.0 x 55.0
    - 6: 尺寸 306.0 x 134.0 x 68.0
    - 79: 尺寸 382.0 x 155.0 x 83.0
    - 29: 尺寸 302.0 x 137.0 x 33.0
  批次 3: 零件数=4, 占用率=52.86%
    - 54: 尺寸 529.0 x 120.0 x 52.0
    - 27: 尺寸 565.0 x 191.0 x 59.0
    - 66: 尺寸 438.0 x 139.0 x 124.0
    - 61: 尺寸 533.0 x 123.0 x 54.0

════════════════════════════════════════════════════════════════
