════════════════════════════════════════════════════════════════
              最优Cmax解的详细调度记录
════════════════════════════════════════════════════════════════

【基本信息】
----------------------------------------------------------------------------------------------------
Cmax (最大完工时间): 75711.98
能耗: 946.45 kWh
装箱质量: 0.2317
批次总数: 14
工件数量: 100
机器数量: 17 (打印机:5, 批处理机:2, 离散机:10)

【染色体编码】
----------------------------------------------------------------------------------------------------
工序序列 (OS): [34, 10, 38, 16, 69, 86, 99, 80, 8, 30, 31, 88, 96, 46, 23, 71, 25, 32, 20, 76, 28, 60, 72, 79, 9, 83, 92, 1, 44, 62, 26, 58, 68, 63, 29, 47, 61, 43, 51, 52, 22, 36, 24, 73, 59, 70, 12, 17, 45, 82, 90, 55, 42, 53, 84, 56, 94, 91, 13, 65, 97, 18, 93, 49, 19, 27, 78, 2, 95, 77, 75, 41, 81, 15, 39, 50, 4, 7, 54, 57, 67, 21, 33, 87, 98, 40, 5, 3, 6, 11, 85, 37, 35, 48, 74, 89, 64, 0, 14, 66, 52, 66, 26, 41, 21, 69, 4, 5, 83, 59, 55, 85, 25, 72, 69, 30, 24, 47, 67, 59, 8, 3, 75, 0, 45, 35, 43, 33, 40, 11, 19, 47, 14, 71, 51, 28, 15, 8, 34, 33, 47, 89, 68, 91, 15, 65, 33, 23, 32, 96, 99, 45, 28, 49, 17, 14, 5, 25, 36, 67, 99, 5, 8, 92, 7, 96, 30, 30, 58, 82, 37, 17, 59, 31, 3, 26, 46, 30, 36, 34, 34, 14, 13, 6, 11, 88, 11, 35, 99, 33, 40, 94, 26, 46, 21, 72, 92, 6, 94, 47, 69, 59, 31, 86, 30, 71, 26, 67, 20, 15, 30, 40, 75, 14, 18, 37, 82, 65, 13, 74, 17, 77, 4, 11, 52, 9, 69, 55, 36, 3, 79, 40, 1, 32, 17, 1, 62, 4, 11, 89, 32, 55, 36, 45, 25, 74, 24, 8, 87, 49, 10, 24, 10, 23, 66, 97, 17, 6, 93, 83, 23, 54, 8, 78, 94, 96, 86, 94, 3, 46, 94, 20, 46, 65, 10, 74, 52, 21, 70, 29, 37, 32, 86, 41, 55, 0, 13, 26, 31, 2, 53, 72, 52, 28, 41, 16, 55, 83, 65, 73, 17, 14, 69, 15, 67, 0, 66, 58, 15, 88, 45, 68, 68, 40, 55, 33, 87, 43, 13, 99, 31, 39, 13, 83, 10, 72, 93, 69, 77, 36, 47, 8, 93, 26, 28, 75, 72, 25, 93, 59, 96, 75, 49, 4, 14, 97, 13, 47, 4, 36, 32, 26, 83, 32, 96, 23, 52, 48, 87, 75, 96, 9, 5, 24, 6, 36, 66, 52, 14, 77, 66, 41, 14, 0, 45, 24, 88, 39, 97, 43, 24, 57, 60, 5, 33, 72, 69, 28, 20, 23, 58, 26, 81, 83, 53, 7, 31, 39, 3, 24, 85, 45, 94, 23, 25, 16, 20, 43, 7, 47, 44, 20, 30, 39, 65, 46, 5, 81, 99, 12, 23, 42, 7, 17, 25, 41, 72, 71, 42, 10, 86, 90, 29, 41, 4, 96, 15, 45, 58, 99, 30, 50, 1, 43, 64, 7, 57, 46]
机器选择 (MS): [2, 2, 2, 5, 3, 4, 2, 1, 1, 2, 5, 1, 5, 3, 3, 5, 4, 1, 2, 5, 1, 4, 3, 1, 1, 1, 1, 5, 5, 2, 1, 2, 2, 4, 1, 1, 4, 2, 1, 5, 2, 2, 2, 2, 2, 2, 4, 5, 3, 1, 2, 2, 3, 2, 2, 4, 3, 4, 2, 5, 4, 2, 5, 2, 3, 3, 4, 5, 4, 5, 4, 3, 1, 3, 5, 1, 5, 2, 4, 5, 2, 1, 3, 3, 1, 2, 4, 2, 1, 5, 4, 2, 1, 3, 2, 5, 5, 5, 4, 4, 1, 3, 3, 2, 1, 1, 1, 3, 2, 2, 1, 1, 2, 1, 2, 2, 2, 1, 2, 1, 1, 2, 1, 1, 1, 1, 1, 1, 1, 2, 2, 1, 2, 1, 1, 2, 1, 2, 1, 1, 3, 2, 2, 2, 2, 1, 1, 1, 1, 3, 1, 1, 2, 1, 1, 1, 3, 1, 2, 1, 2, 1, 2, 1, 1, 1, 2, 2, 1, 3, 3, 1, 2, 1, 1, 1, 1, 1, 1, 3, 1, 1, 1, 1, 2, 1, 1, 2, 1, 1, 1, 1, 1, 1, 2, 1, 1, 2, 1, 2, 2, 1, 1, 1, 1, 2, 2, 1, 3, 1, 1, 3, 1, 1, 1, 1, 3, 2, 1, 1, 1, 1, 1, 2, 1, 1, 1, 1, 2, 3, 3, 2, 1, 2, 1, 1, 1, 1, 1, 1, 1, 3, 2, 1, 1, 2, 2, 1, 2, 3, 1, 1, 3, 1, 2, 1, 3, 3, 3, 1, 2, 1, 2, 1, 1, 1, 1, 1, 1, 2, 1, 1, 1, 2, 1, 2, 2, 1, 3, 1, 2, 1, 1, 2, 2, 1, 1, 1, 3, 1, 1, 2, 1, 2, 1, 3, 2, 1, 1, 2, 2, 1, 1, 1, 1, 2, 2, 1, 2, 1, 1, 1, 1, 1, 1, 1, 1, 1, 2, 1, 1, 1, 1, 3, 3, 1, 1, 1, 1, 2, 1, 2, 1, 3, 1, 2, 1, 1, 3, 1, 2, 1, 3, 1, 1, 1, 1, 1, 3, 2, 1, 1, 1, 1, 1, 3, 2, 1, 1, 1, 1, 2, 3, 1, 2, 1, 1, 1, 2, 1, 1, 1, 1, 1, 1, 1, 1, 1, 1, 1, 2, 1, 1, 1, 1, 2, 1, 1, 3, 3, 3, 1, 2, 3, 1, 1, 1, 1, 3, 1, 2, 1, 1, 1, 1, 1, 3, 1, 1, 1, 3, 1, 1, 1, 2, 2, 2, 2, 3, 1, 1, 2, 3, 2, 1, 3, 1, 1, 1, 1, 2, 1, 1, 1, 1, 3, 2, 1, 3, 2, 1, 1, 1, 1, 1, 1, 1, 1]

【零件加工顺序记录】
----------------------------------------------------------------------------------------------------
工件号      工序号             机器号             开始时间            结束时间            加工时长           
----------------------------------------------------------------------------------------------------

工件 0:
  0        0               打印机5            35794.00        44991.00        9197.00        
  0        1               批处理机1           44991.00        46101.00        1110.00        
  0        2               离散机3            46101.00        47001.00        900.00         
  0        3               离散机10           54727.68        55933.68        1206.00        
  0        4               离散机5            60817.69        61857.69        1040.00        
  0        5               离散机4            63145.68        64850.68        1705.00        

工件 1:
  1        0               打印机5            10797.00        35794.00        24997.00       
  1        1               批处理机2           35794.00        36858.00        1064.00        
  1        2               离散机3            41666.00        42701.00        1035.00        
  1        3               离散机7            42701.00        44483.00        1782.00        
  1        4               离散机2            74215.98        75139.98        924.00         

工件 2:
  2        0               打印机5            35794.00        44991.00        9197.00        
  2        1               批处理机1           44991.00        46101.00        1110.00        
  2        2               离散机10           55933.68        57113.68        1180.00        

工件 3:
  3        0               打印机2            0.00            29156.70        29156.70       
  3        1               批处理机2           29156.70        30220.70        1064.00        
  3        2               离散机6            30220.70        31685.70        1465.00        
  3        3               离散机10           33124.64        34386.64        1262.00        
  3        4               离散机2            34386.64        35384.64        998.00         
  3        5               离散机1            44609.00        46326.00        1717.00        
  3        6               离散机6            68249.98        69407.98        1158.00        

工件 4:
  4        0               打印机5            10797.00        35794.00        24997.00       
  4        1               批处理机2           35794.00        36858.00        1064.00        
  4        2               离散机1            39279.00        40412.00        1133.00        
  4        3               离散机10           40412.00        41760.00        1348.00        
  4        4               离散机10           41760.00        43463.00        1703.00        
  4        5               离散机7            53205.68        54641.68        1436.00        
  4        6               离散机2            62705.69        63727.69        1022.00        
  4        7               离散机10           71179.69        72859.69        1680.00        

工件 5:
  5        0               打印机4            0.00            36464.00        36464.00       
  5        1               批处理机1           36464.00        37574.00        1110.00        
  5        2               离散机1            40412.00        42085.00        1673.00        
  5        3               离散机8            42085.00        43381.00        1296.00        
  5        4               离散机2            45292.46        46212.46        920.00         
  5        5               离散机2            47405.46        48576.46        1171.00        
  5        6               离散机2            67750.98        68650.98        900.00         
  5        7               离散机4            69329.68        70943.68        1614.00        

工件 6:
  6        0               打印机1            0.00            25845.64        25845.64       
  6        1               批处理机2           25845.64        26909.64        1064.00        
  6        2               离散机3            34500.64        36167.64        1667.00        
  6        3               离散机2            36167.64        37832.64        1665.00        
  6        4               离散机2            46212.46        47405.46        1193.00        
  6        5               离散机1            60859.69        62567.69        1708.00        

工件 7:
  7        0               打印机2            29156.70        47725.68        18568.98       
  7        1               批处理机2           47725.68        48789.68        1064.00        
  7        2               离散机3            48789.68        50310.68        1521.00        
  7        3               离散机8            50310.68        51526.68        1216.00        
  7        4               离散机1            68108.69        69034.69        926.00         
  7        5               离散机2            71716.98        73061.98        1345.00        
  7        6               离散机9            73061.98        74523.98        1462.00        

工件 8:
  8        0               打印机1            0.00            25845.64        25845.64       
  8        1               批处理机2           25845.64        26909.64        1064.00        
  8        2               离散机5            26909.64        28165.64        1256.00        
  8        3               离散机7            28583.64        30375.64        1792.00        
  8        4               离散机2            30629.64        32240.64        1611.00        
  8        5               离散机5            32240.64        33228.64        988.00         
  8        6               离散机1            43576.00        44609.00        1033.00        
  8        7               离散机4            57749.68        59410.68        1661.00        

工件 9:
  9        0               打印机1            0.00            25845.64        25845.64       
  9        1               批处理机2           25845.64        26909.64        1064.00        
  9        2               离散机9            26909.64        28353.64        1444.00        
  9        3               离散机4            28353.64        29321.64        968.00         

工件 10:
  10       0               打印机2            0.00            29156.70        29156.70       
  10       1               批处理机2           29156.70        30220.70        1064.00        
  10       2               离散机9            41169.00        42894.00        1725.00        
  10       3               离散机7            44483.00        46206.00        1723.00        
  10       4               离散机5            46206.00        47986.00        1780.00        
  10       5               离散机2            60976.69        62705.69        1729.00        
  10       6               离散机1            71913.69        73548.69        1635.00        

工件 11:
  11       0               打印机5            0.00            10797.00        10797.00       
  11       1               批处理机2           10797.00        11861.00        1064.00        
  11       2               离散机3            11861.00        13242.00        1381.00        
  11       3               离散机8            13242.00        14258.00        1016.00        
  11       4               离散机4            14258.00        15913.00        1655.00        
  11       5               离散机3            15913.00        16966.00        1053.00        
  11       6               离散机6            16966.00        18074.00        1108.00        

工件 12:
  12       0               打印机4            0.00            36464.00        36464.00       
  12       1               批处理机1           36464.00        37574.00        1110.00        
  12       2               离散机10           67331.69        68854.69        1523.00        

工件 13:
  13       0               打印机2            0.00            29156.70        29156.70       
  13       1               批处理机2           29156.70        30220.70        1064.00        
  13       2               离散机3            33043.64        34500.64        1457.00        
  13       3               离散机8            34500.64        35538.64        1038.00        
  13       4               离散机5            54725.68        56401.68        1676.00        
  13       5               离散机9            60936.69        62444.69        1508.00        
  13       6               离散机7            65158.98        66769.98        1611.00        
  13       7               离散机2            66769.98        67750.98        981.00         

工件 14:
  14       0               打印机4            0.00            36464.00        36464.00       
  14       1               批处理机1           36464.00        37574.00        1110.00        
  14       2               离散机2            40608.46        42378.46        1770.00        
  14       3               离散机4            42378.46        43602.46        1224.00        
  14       4               离散机6            43602.46        44693.46        1091.00        
  14       5               离散机8            44693.46        46207.46        1514.00        
  14       6               离散机6            46207.46        47729.46        1522.00        
  14       7               离散机6            48770.46        49982.46        1212.00        
  14       8               离散机10           58659.68        59916.68        1257.00        
  14       9               离散机6            66922.98        68249.98        1327.00        

工件 15:
  15       0               打印机3            18154.76        37931.46        19776.71       
  15       1               批处理机2           37931.46        38995.46        1064.00        
  15       2               离散机8            38995.46        40401.46        1406.00        
  15       3               离散机2            42378.46        43966.46        1588.00        
  15       4               离散机4            43966.46        45397.46        1431.00        
  15       5               离散机7            46206.00        47615.00        1409.00        
  15       6               离散机3            55101.68        56331.68        1230.00        
  15       7               离散机3            61849.68        62790.68        941.00         

工件 16:
  16       0               打印机5            0.00            10797.00        10797.00       
  16       1               批处理机2           10797.00        11861.00        1064.00        
  16       2               离散机2            11861.00        13651.00        1790.00        
  16       3               离散机1            14669.00        16451.00        1782.00        

工件 17:
  17       0               打印机5            0.00            10797.00        10797.00       
  17       1               批处理机2           10797.00        11861.00        1064.00        
  17       2               离散机10           11861.00        12815.00        954.00         
  17       3               离散机6            12815.00        14053.00        1238.00        
  17       4               离散机3            14053.00        15235.00        1182.00        
  17       5               离散机9            15235.00        16241.00        1006.00        
  17       6               离散机6            21661.76        23226.76        1565.00        
  17       7               离散机2            23226.76        24197.76        971.00         
  17       8               离散机6            28582.76        29501.76        919.00         

工件 18:
  18       0               打印机2            0.00            29156.70        29156.70       
  18       1               批处理机2           29156.70        30220.70        1064.00        
  18       2               离散机1            30220.70        31922.70        1702.00        

工件 19:
  19       0               打印机3            0.00            18154.76        18154.76       
  19       1               批处理机2           18154.76        19218.76        1064.00        
  19       2               离散机4            19218.76        20755.76        1537.00        

工件 20:
  20       0               打印机2            0.00            29156.70        29156.70       
  20       1               批处理机2           29156.70        30220.70        1064.00        
  20       2               离散机7            37912.64        39094.64        1182.00        
  20       3               离散机5            44010.00        45235.00        1225.00        
  20       4               离散机4            64850.68        66274.68        1424.00        
  20       5               离散机9            66274.68        67490.68        1216.00        
  20       6               离散机2            70244.98        71716.98        1472.00        

工件 21:
  21       0               打印机1            0.00            25845.64        25845.64       
  21       1               批处理机2           25845.64        26909.64        1064.00        
  21       2               离散机3            26909.64        28488.64        1579.00        
  21       3               离散机3            30087.64        31205.64        1118.00        
  21       4               离散机6            31685.70        33250.70        1565.00        

工件 22:
  22       0               打印机2            0.00            29156.70        29156.70       
  22       1               批处理机2           29156.70        30220.70        1064.00        

工件 23:
  23       0               打印机3            0.00            18154.76        18154.76       
  23       1               批处理机2           18154.76        19218.76        1064.00        
  23       2               离散机4            20755.76        22078.76        1323.00        
  23       3               离散机1            22078.76        23727.76        1649.00        
  23       4               离散机7            23727.76        25484.76        1757.00        
  23       5               离散机6            25484.76        27072.76        1588.00        
  23       6               离散机9            28353.64        29450.64        1097.00        
  23       7               离散机5            66178.69        67879.69        1701.00        
  23       8               离散机5            67879.69        69117.69        1238.00        

工件 24:
  24       0               打印机2            29156.70        47725.68        18568.98       
  24       1               批处理机2           47725.68        48789.68        1064.00        
  24       2               离散机10           50177.68        51969.68        1792.00        
  24       3               离散机6            51969.68        53659.68        1690.00        
  24       4               离散机5            53659.68        54725.68        1066.00        
  24       5               离散机1            59060.69        60859.69        1799.00        
  24       6               离散机10           62795.68        63972.68        1177.00        
  24       7               离散机1            65395.69        67012.69        1617.00        
  24       8               离散机7            71236.98        72645.98        1409.00        

工件 25:
  25       0               打印机4            0.00            36464.00        36464.00       
  25       1               批处理机1           36464.00        37574.00        1110.00        
  25       2               离散机3            37574.00        38495.00        921.00         
  25       3               离散机2            43966.46        45292.46        1326.00        
  25       4               离散机10           47265.00        48181.00        916.00         
  25       5               离散机1            51621.68        52667.68        1046.00        
  25       6               离散机9            64269.69        65987.69        1718.00        
  25       7               离散机10           68854.69        69982.69        1128.00        

工件 26:
  26       0               打印机1            0.00            25845.64        25845.64       
  26       1               批处理机2           25845.64        26909.64        1064.00        
  26       2               离散机7            26909.64        28583.64        1674.00        
  26       3               离散机2            32240.64        33765.64        1525.00        
  26       4               离散机3            36167.64        37317.64        1150.00        
  26       5               离散机3            38495.00        40104.00        1609.00        
  26       6               离散机8            40401.46        42039.46        1638.00        
  26       7               离散机9            42894.00        43895.00        1001.00        
  26       8               离散机6            49982.46        51371.46        1389.00        
  26       9               离散机5            64682.69        66178.69        1496.00        

工件 27:
  27       0               打印机3            18154.76        37931.46        19776.71       
  27       1               批处理机2           37931.46        38995.46        1064.00        

工件 28:
  28       0               打印机1            0.00            25845.64        25845.64       
  28       1               批处理机2           25845.64        26909.64        1064.00        
  28       2               离散机2            28162.64        29498.64        1336.00        
  28       3               离散机5            29498.64        31080.64        1582.00        
  28       4               离散机5            34553.64        36209.64        1656.00        
  28       5               离散机7            47615.00        48915.00        1300.00        
  28       6               离散机6            56475.68        57506.68        1031.00        

工件 29:
  29       0               打印机1            25845.64        53947.69        28102.05       
  29       1               批处理机2           53947.69        55011.69        1064.00        
  29       2               离散机1            55011.69        56197.69        1186.00        
  29       3               离散机5            72960.98        74105.98        1145.00        

工件 30:
  30       0               打印机2            29156.70        47725.68        18568.98       
  30       1               批处理机2           47725.68        48789.68        1064.00        
  30       2               离散机2            48789.68        49938.68        1149.00        
  30       3               离散机5            50165.68        51226.68        1061.00        
  30       4               离散机5            51226.68        52684.68        1458.00        
  30       5               离散机9            56748.69        58500.69        1752.00        
  30       6               离散机5            58500.69        59674.69        1174.00        
  30       7               离散机5            59674.69        60817.69        1143.00        
  30       8               离散机9            67490.68        68885.68        1395.00        
  30       9               离散机7            73917.98        75057.98        1140.00        

工件 31:
  31       0               打印机5            0.00            10797.00        10797.00       
  31       1               批处理机2           10797.00        11861.00        1064.00        
  31       2               离散机1            11861.00        13275.00        1414.00        
  31       3               离散机1            13275.00        14669.00        1394.00        
  31       4               离散机3            16966.00        18289.00        1323.00        
  31       5               离散机9            18289.00        19998.00        1709.00        
  31       6               离散机9            32145.70        33312.70        1167.00        

工件 32:
  32       0               打印机1            0.00            25845.64        25845.64       
  32       1               批处理机2           25845.64        26909.64        1064.00        
  32       2               离散机2            29498.64        30629.64        1131.00        
  32       3               离散机9            39687.00        41169.00        1482.00        
  32       4               离散机5            41819.00        43027.00        1208.00        
  32       5               离散机2            53105.68        54800.68        1695.00        
  32       6               离散机4            60626.68        61719.68        1093.00        
  32       7               离散机10           61719.68        62795.68        1076.00        

工件 33:
  33       0               打印机3            0.00            18154.76        18154.76       
  33       1               批处理机2           18154.76        19218.76        1064.00        
  33       2               离散机7            19218.76        20412.76        1194.00        
  33       3               离散机5            20412.76        21476.76        1064.00        
  33       4               离散机9            21476.76        22499.76        1023.00        
  33       5               离散机9            24156.76        25312.76        1156.00        
  33       6               离散机5            25370.76        26309.76        939.00         
  33       7               离散机10           26309.76        27716.76        1407.00        

工件 34:
  34       0               打印机2            0.00            29156.70        29156.70       
  34       1               批处理机2           29156.70        30220.70        1064.00        
  34       2               离散机7            30375.64        32139.64        1764.00        
  34       3               离散机1            32139.64        33533.64        1394.00        
  34       4               离散机9            33533.64        35018.64        1485.00        

工件 35:
  35       0               打印机1            0.00            25845.64        25845.64       
  35       1               批处理机2           25845.64        26909.64        1064.00        
  35       2               离散机8            26909.64        28627.64        1718.00        
  35       3               离散机7            36213.64        37912.64        1699.00        

工件 36:
  36       0               打印机2            0.00            29156.70        29156.70       
  36       1               批处理机2           29156.70        30220.70        1064.00        
  36       2               离散机9            31151.70        32145.70        994.00         
  36       3               离散机10           34386.64        35392.64        1006.00        
  36       4               离散机4            35392.64        36681.64        1289.00        
  36       5               离散机8            36681.64        38097.64        1416.00        
  36       6               离散机6            41850.00        43395.00        1545.00        
  36       7               离散机7            48915.00        49936.00        1021.00        
  36       8               离散机4            50610.00        51592.00        982.00         

工件 37:
  37       0               打印机2            29156.70        47725.68        18568.98       
  37       1               批处理机2           47725.68        48789.68        1064.00        
  37       2               离散机1            48789.68        49947.68        1158.00        
  37       3               离散机2            49947.68        51717.68        1770.00        
  37       4               离散机6            53659.68        54850.68        1191.00        

工件 38:
  38       0               打印机2            0.00            29156.70        29156.70       
  38       1               批处理机2           29156.70        30220.70        1064.00        

工件 39:
  39       0               打印机5            10797.00        35794.00        24997.00       
  39       1               批处理机2           35794.00        36858.00        1064.00        
  39       2               离散机6            40196.00        41850.00        1654.00        
  39       3               离散机7            68320.98        70032.98        1712.00        
  39       4               离散机5            70032.98        71568.98        1536.00        
  39       5               离散机4            71568.98        73076.98        1508.00        

工件 40:
  40       0               打印机2            0.00            29156.70        29156.70       
  40       1               批处理机2           29156.70        30220.70        1064.00        
  40       2               离散机4            31679.70        32841.70        1162.00        
  40       3               离散机9            35018.64        36328.64        1310.00        
  40       4               离散机6            38816.00        40196.00        1380.00        
  40       5               离散机4            45397.46        46501.46        1104.00        
  40       6               离散机10           57113.68        58659.68        1546.00        

工件 41:
  41       0               打印机3            0.00            18154.76        18154.76       
  41       1               批处理机2           18154.76        19218.76        1064.00        
  41       2               离散机8            19218.76        20766.76        1548.00        
  41       3               离散机2            20766.76        22463.76        1697.00        
  41       4               离散机9            25312.76        26513.76        1201.00        
  41       5               离散机2            37832.64        38951.64        1119.00        
  41       6               离散机7            72645.98        73917.98        1272.00        
  41       7               离散机1            73917.98        75711.98        1794.00        

工件 42:
  42       0               打印机3            0.00            18154.76        18154.76       
  42       1               批处理机2           18154.76        19218.76        1064.00        
  42       2               离散机4            22078.76        23473.76        1395.00        
  42       3               离散机10           23473.76        24670.76        1197.00        

工件 43:
  43       0               打印机2            29156.70        47725.68        18568.98       
  43       1               批处理机2           47725.68        48789.68        1064.00        
  43       2               离散机5            48789.68        50165.68        1376.00        
  43       3               离散机1            50165.68        51621.68        1456.00        
  43       4               离散机3            63913.98        65208.98        1295.00        
  43       5               离散机1            67012.69        68108.69        1096.00        
  43       6               离散机10           73870.69        75222.69        1352.00        

工件 44:
  44       0               打印机5            10797.00        35794.00        24997.00       
  44       1               批处理机2           35794.00        36858.00        1064.00        
  44       2               离散机1            70341.69        71913.69        1572.00        

工件 45:
  45       0               打印机3            0.00            18154.76        18154.76       
  45       1               批处理机2           18154.76        19218.76        1064.00        
  45       2               离散机3            19218.76        20539.76        1321.00        
  45       3               离散机9            22499.76        24156.76        1657.00        
  45       4               离散机5            24156.76        25370.76        1214.00        
  45       5               离散机8            25370.76        26867.76        1497.00        
  45       6               离散机6            27072.76        28582.76        1510.00        
  45       7               离散机9            48194.00        49634.00        1440.00        
  45       8               离散机9            53458.00        54369.00        911.00         

工件 46:
  46       0               打印机3            0.00            18154.76        18154.76       
  46       1               批处理机2           18154.76        19218.76        1064.00        
  46       2               离散机1            19218.76        20263.76        1045.00        
  46       3               离散机6            20658.76        21661.76        1003.00        
  46       4               离散机10           21661.76        23297.76        1636.00        
  46       5               离散机6            23297.76        24602.76        1305.00        
  46       6               离散机1            26135.76        27207.76        1072.00        
  46       7               离散机3            68253.98        69487.98        1234.00        

工件 47:
  47       0               打印机1            0.00            25845.64        25845.64       
  47       1               批处理机2           25845.64        26909.64        1064.00        
  47       2               离散机2            26909.64        28162.64        1253.00        
  47       3               离散机5            28165.64        29317.64        1152.00        
  47       4               离散机10           29317.64        30367.64        1050.00        
  47       5               离散机8            30367.64        32043.64        1676.00        
  47       6               离散机3            57691.68        59134.68        1443.00        
  47       7               离散机4            59410.68        60626.68        1216.00        
  47       8               离散机1            69034.69        70341.69        1307.00        

工件 48:
  48       0               打印机3            18154.76        37931.46        19776.71       
  48       1               批处理机2           37931.46        38995.46        1064.00        
  48       2               离散机10           43463.00        44902.00        1439.00        

工件 49:
  49       0               打印机2            47725.68        61820.98        14095.30       
  49       1               批处理机2           61820.98        62884.98        1064.00        
  49       2               离散机6            62884.98        64333.98        1449.00        
  49       3               离散机6            64333.98        65279.98        946.00         
  49       4               离散机7            66769.98        68320.98        1551.00        

工件 50:
  50       0               打印机1            25845.64        53947.69        28102.05       
  50       1               批处理机2           53947.69        55011.69        1064.00        
  50       2               离散机6            69407.98        70759.98        1352.00        

工件 51:
  51       0               打印机1            0.00            25845.64        25845.64       
  51       1               批处理机2           25845.64        26909.64        1064.00        
  51       2               离散机4            26909.64        28072.64        1163.00        

工件 52:
  52       0               打印机5            10797.00        35794.00        24997.00       
  52       1               批处理机2           35794.00        36858.00        1064.00        
  52       2               离散机1            36858.00        37976.00        1118.00        
  52       3               离散机4            40416.00        42211.00        1795.00        
  52       4               离散机2            51717.68        53105.68        1388.00        
  52       5               离散机1            53105.68        54660.68        1555.00        
  52       6               离散机2            63727.69        64742.69        1015.00        
  52       7               离散机10           64742.69        65665.69        923.00         

工件 53:
  53       0               打印机2            0.00            29156.70        29156.70       
  53       1               批处理机2           29156.70        30220.70        1064.00        
  53       2               离散机5            33228.64        34553.64        1325.00        
  53       3               离散机10           38036.64        39815.64        1779.00        

工件 54:
  54       0               打印机4            36464.00        49869.18        13405.18       
  54       1               批处理机2           49869.18        50933.18        1064.00        
  54       2               离散机10           53699.68        54727.68        1028.00        

工件 55:
  55       0               打印机2            0.00            29156.70        29156.70       
  55       1               批处理机2           29156.70        30220.70        1064.00        
  55       2               离散机4            30220.70        31679.70        1459.00        
  55       3               离散机10           35392.64        36854.64        1462.00        
  55       4               离散机7            39094.64        40262.64        1168.00        
  55       5               离散机3            50310.68        51849.68        1539.00        
  55       6               离散机8            51849.68        53059.68        1210.00        
  55       7               离散机1            56197.69        57595.69        1398.00        

工件 56:
  56       0               打印机4            36464.00        49869.18        13405.18       
  56       1               批处理机2           49869.18        50933.18        1064.00        

工件 57:
  57       0               打印机5            10797.00        35794.00        24997.00       
  57       1               批处理机2           35794.00        36858.00        1064.00        
  57       2               离散机8            46207.46        47667.46        1460.00        
  57       3               离散机8            47667.46        48654.46        987.00         

工件 58:
  58       0               打印机2            0.00            29156.70        29156.70       
  58       1               批处理机2           29156.70        30220.70        1064.00        
  58       2               离散机10           31664.64        33124.64        1460.00        
  58       3               离散机3            53583.68        55101.68        1518.00        
  58       4               离散机8            57734.69        59401.69        1667.00        
  58       5               离散机4            73076.98        74573.98        1497.00        

工件 59:
  59       0               打印机2            29156.70        47725.68        18568.98       
  59       1               批处理机2           47725.68        48789.68        1064.00        
  59       2               离散机10           48789.68        50177.68        1388.00        
  59       3               离散机7            50177.68        51635.68        1458.00        
  59       4               离散机4            51635.68        52877.68        1242.00        
  59       5               离散机4            52877.68        53811.68        934.00         
  59       6               离散机7            56259.69        57728.69        1469.00        

工件 60:
  60       0               打印机4            36464.00        49869.18        13405.18       
  60       1               批处理机2           49869.18        50933.18        1064.00        
  60       2               离散机7            70032.98        71236.98        1204.00        

工件 61:
  61       0               打印机4            36464.00        49869.18        13405.18       
  61       1               批处理机2           49869.18        50933.18        1064.00        

工件 62:
  62       0               打印机2            0.00            29156.70        29156.70       
  62       1               批处理机2           29156.70        30220.70        1064.00        
  62       2               离散机1            34443.64        35921.64        1478.00        

工件 63:
  63       0               打印机4            0.00            36464.00        36464.00       
  63       1               批处理机1           36464.00        37574.00        1110.00        

工件 64:
  64       0               打印机5            0.00            10797.00        10797.00       
  64       1               批处理机2           10797.00        11861.00        1064.00        
  64       2               离散机9            11861.00        13062.00        1201.00        

工件 65:
  65       0               打印机5            44991.00        50988.00        5997.00        
  65       1               批处理机2           50988.00        52052.00        1064.00        
  65       2               离散机9            52052.00        53458.00        1406.00        
  65       3               离散机4            53811.68        55045.68        1234.00        
  65       4               离散机2            57762.69        59552.69        1790.00        
  65       5               离散机9            59552.69        60936.69        1384.00        
  65       6               离散机4            67833.68        69329.68        1496.00        

工件 66:
  66       0               打印机4            0.00            36464.00        36464.00       
  66       1               批处理机1           36464.00        37574.00        1110.00        
  66       2               离散机1            37976.00        39279.00        1303.00        
  66       3               离散机3            43689.00        45283.00        1594.00        
  66       4               离散机5            61857.69        63115.69        1258.00        
  66       5               离散机9            63115.69        64269.69        1154.00        
  66       6               离散机1            64269.69        65395.69        1126.00        

工件 67:
  67       0               打印机2            0.00            29156.70        29156.70       
  67       1               批处理机2           29156.70        30220.70        1064.00        
  67       2               离散机9            30220.70        31151.70        931.00         
  67       3               离散机7            33503.64        34906.64        1403.00        
  67       4               离散机3            40104.00        41666.00        1562.00        
  67       5               离散机5            56401.68        57685.68        1284.00        

工件 68:
  68       0               打印机2            0.00            29156.70        29156.70       
  68       1               批处理机2           29156.70        30220.70        1064.00        
  68       2               离散机7            32139.64        33503.64        1364.00        
  68       3               离散机4            56304.68        57749.68        1445.00        
  68       4               离散机6            57749.68        58897.68        1148.00        

工件 69:
  69       0               打印机3            0.00            18154.76        18154.76       
  69       1               批处理机2           18154.76        19218.76        1064.00        
  69       2               离散机8            20766.76        21972.76        1206.00        
  69       3               离散机7            21972.76        23483.76        1511.00        
  69       4               离散机8            23483.76        24792.76        1309.00        
  69       5               离散机1            24792.76        26135.76        1343.00        
  69       6               离散机8            28627.64        29861.64        1234.00        
  69       7               离散机5            63115.69        64682.69        1567.00        
  69       8               离散机10           65665.69        67331.69        1666.00        

工件 70:
  70       0               打印机2            0.00            29156.70        29156.70       
  70       1               批处理机2           29156.70        30220.70        1064.00        
  70       2               离散机10           36854.64        38036.64        1182.00        

工件 71:
  71       0               打印机5            35794.00        44991.00        9197.00        
  71       1               批处理机1           44991.00        46101.00        1110.00        
  71       2               离散机9            46101.00        47170.00        1069.00        
  71       3               离散机4            47170.00        48838.00        1668.00        
  71       4               离散机2            73061.98        74215.98        1154.00        

工件 72:
  72       0               打印机3            18154.76        37931.46        19776.71       
  72       1               批处理机2           37931.46        38995.46        1064.00        
  72       2               离散机2            38995.46        40608.46        1613.00        
  72       3               离散机1            42085.00        43576.00        1491.00        
  72       4               离散机4            55045.68        56304.68        1259.00        
  72       5               离散机7            60871.69        62440.69        1569.00        
  72       6               离散机6            65279.98        66922.98        1643.00        
  72       7               离散机3            66922.98        68253.98        1331.00        
  72       8               离散机5            71568.98        72960.98        1392.00        

工件 73:
  73       0               打印机2            29156.70        47725.68        18568.98       
  73       1               批处理机2           47725.68        48789.68        1064.00        
  73       2               离散机3            51849.68        53583.68        1734.00        

工件 74:
  74       0               打印机2            47725.68        61820.98        14095.30       
  74       1               批处理机2           61820.98        62884.98        1064.00        
  74       2               离散机3            62884.98        63913.98        1029.00        
  74       3               离散机7            63913.98        65158.98        1245.00        
  74       4               离散机2            65158.98        66349.98        1191.00        

工件 75:
  75       0               打印机4            0.00            36464.00        36464.00       
  75       1               批处理机1           36464.00        37574.00        1110.00        
  75       2               离散机4            37574.00        38735.00        1161.00        
  75       3               离散机5            40267.00        41819.00        1552.00        
  75       4               离散机1            46326.00        47581.00        1255.00        
  75       5               离散机3            59134.68        60683.68        1549.00        
  75       6               离散机7            62440.69        63358.69        918.00         

工件 76:
  76       0               打印机5            10797.00        35794.00        24997.00       
  76       1               批处理机2           35794.00        36858.00        1064.00        

工件 77:
  77       0               打印机5            35794.00        44991.00        9197.00        
  77       1               批处理机1           44991.00        46101.00        1110.00        
  77       2               离散机10           46101.00        47265.00        1164.00        
  77       3               离散机6            47729.46        48770.46        1041.00        
  77       4               离散机1            62567.69        63995.69        1428.00        

工件 78:
  78       0               打印机4            36464.00        49869.18        13405.18       
  78       1               批处理机2           49869.18        50933.18        1064.00        
  78       2               离散机7            51635.68        53205.68        1570.00        

工件 79:
  79       0               打印机1            25845.64        53947.69        28102.05       
  79       1               批处理机2           53947.69        55011.69        1064.00        
  79       2               离散机7            55011.69        56259.69        1248.00        

工件 80:
  80       0               打印机1            0.00            25845.64        25845.64       
  80       1               批处理机2           25845.64        26909.64        1064.00        

工件 81:
  81       0               打印机1            0.00            25845.64        25845.64       
  81       1               批处理机2           25845.64        26909.64        1064.00        
  81       2               离散机4            66274.68        67833.68        1559.00        
  81       3               离散机8            67833.68        69021.68        1188.00        

工件 82:
  82       0               打印机1            0.00            25845.64        25845.64       
  82       1               批处理机2           25845.64        26909.64        1064.00        
  82       2               离散机3            28488.64        30087.64        1599.00        
  82       3               离散机1            33533.64        34443.64        910.00         

工件 83:
  83       0               打印机1            25845.64        53947.69        28102.05       
  83       1               批处理机2           53947.69        55011.69        1064.00        
  83       2               离散机9            55011.69        56748.69        1737.00        
  83       3               离散机8            56748.69        57734.69        986.00         
  83       4               离散机7            57734.69        59228.69        1494.00        
  83       5               离散机2            59552.69        60976.69        1424.00        
  83       6               离散机4            61719.68        63145.68        1426.00        
  83       7               离散机3            65208.98        66384.98        1176.00        

工件 84:
  84       0               打印机2            0.00            29156.70        29156.70       
  84       1               批处理机2           29156.70        30220.70        1064.00        

工件 85:
  85       0               打印机4            0.00            36464.00        36464.00       
  85       1               批处理机1           36464.00        37574.00        1110.00        
  85       2               离散机6            37574.00        38816.00        1242.00        
  85       3               离散机9            43895.00        45566.00        1671.00        

工件 86:
  86       0               打印机4            0.00            36464.00        36464.00       
  86       1               批处理机1           36464.00        37574.00        1110.00        
  86       2               离散机9            38142.00        39687.00        1545.00        
  86       3               离散机3            47001.00        48321.00        1320.00        
  86       4               离散机4            48838.00        50610.00        1772.00        
  86       5               离散机10           69982.69        71179.69        1197.00        

工件 87:
  87       0               打印机3            37931.46        44500.85        6569.39        
  87       1               批处理机2           44500.85        45564.85        1064.00        
  87       2               离散机10           51969.68        53699.68        1730.00        
  87       3               离散机7            59228.69        60871.69        1643.00        
  87       4               离散机6            60871.69        62531.69        1660.00        

工件 88:
  88       0               打印机1            0.00            25845.64        25845.64       
  88       1               批处理机2           25845.64        26909.64        1064.00        
  88       2               离散机7            34906.64        36213.64        1307.00        
  88       3               离散机8            43381.00        44680.00        1299.00        
  88       4               离散机6            54850.68        56475.68        1625.00        

工件 89:
  89       0               打印机5            10797.00        35794.00        24997.00       
  89       1               批处理机2           35794.00        36858.00        1064.00        
  89       2               离散机5            36858.00        38628.00        1770.00        
  89       3               离散机3            42701.00        43689.00        988.00         

工件 90:
  90       0               打印机2            29156.70        47725.68        18568.98       
  90       1               批处理机2           47725.68        48789.68        1064.00        
  90       2               离散机9            49634.00        51377.00        1743.00        

工件 91:
  91       0               打印机4            0.00            36464.00        36464.00       
  91       1               批处理机1           36464.00        37574.00        1110.00        
  91       2               离散机5            38628.00        40267.00        1639.00        

工件 92:
  92       0               打印机1            25845.64        53947.69        28102.05       
  92       1               批处理机2           53947.69        55011.69        1064.00        
  92       2               离散机2            55011.69        56567.69        1556.00        
  92       3               离散机2            56567.69        57762.69        1195.00        

工件 93:
  93       0               打印机5            0.00            10797.00        10797.00       
  93       1               批处理机2           10797.00        11861.00        1064.00        
  93       2               离散机10           12815.00        14506.00        1691.00        
  93       3               离散机9            16241.00        17270.00        1029.00        
  93       4               离散机10           17270.00        18759.00        1489.00        
  93       5               离散机9            19998.00        21072.00        1074.00        

工件 94:
  94       0               打印机3            0.00            18154.76        18154.76       
  94       1               批处理机2           18154.76        19218.76        1064.00        
  94       2               离散机6            19218.76        20658.76        1440.00        
  94       3               离散机3            20658.76        22209.76        1551.00        
  94       4               离散机3            22209.76        23919.76        1710.00        
  94       5               离散机4            23919.76        24873.76        954.00         
  94       6               离散机4            24873.76        26497.76        1624.00        
  94       7               离散机2            68650.98        70244.98        1594.00        

工件 95:
  95       0               打印机4            0.00            36464.00        36464.00       
  95       1               批处理机1           36464.00        37574.00        1110.00        

工件 96:
  96       0               打印机5            10797.00        35794.00        24997.00       
  96       1               批处理机2           35794.00        36858.00        1064.00        
  96       2               离散机9            36858.00        38142.00        1284.00        
  96       3               离散机4            38735.00        40416.00        1681.00        
  96       4               离散机7            40416.00        41534.00        1118.00        
  96       5               离散机6            44693.46        46148.46        1455.00        
  96       6               离散机9            47170.00        48194.00        1024.00        
  96       7               离散机3            60683.68        61849.68        1166.00        
  96       8               离散机10           72859.69        73870.69        1011.00        

工件 97:
  97       0               打印机4            0.00            36464.00        36464.00       
  97       1               批处理机1           36464.00        37574.00        1110.00        
  97       2               离散机5            43027.00        44010.00        983.00         
  97       3               离散机1            57595.69        59060.69        1465.00        
  97       4               离散机6            59060.69        60523.69        1463.00        

工件 98:
  98       0               打印机1            25845.64        53947.69        28102.05       
  98       1               批处理机2           53947.69        55011.69        1064.00        

工件 99:
  99       0               打印机2            0.00            29156.70        29156.70       
  99       1               批处理机2           29156.70        30220.70        1064.00        
  99       2               离散机10           30367.64        31664.64        1297.00        
  99       3               离散机3            31664.64        33043.64        1379.00        
  99       4               离散机4            33043.64        34129.64        1086.00        
  99       5               离散机3            56331.68        57691.68        1360.00        
  99       6               离散机10           59916.68        61215.68        1299.00        
  99       7               离散机9            68885.68        69953.68        1068.00        

【机器加工顺序记录】
----------------------------------------------------------------------------------------------------

打印机1:
工件号      工序号             开始时间            结束时间            加工时长           
--------------------------------------------------------------------------------
  6        0               0.00            25845.64        25845.64       
  8        0               0.00            25845.64        25845.64       
  9        0               0.00            25845.64        25845.64       
  21       0               0.00            25845.64        25845.64       
  26       0               0.00            25845.64        25845.64       
  28       0               0.00            25845.64        25845.64       
  32       0               0.00            25845.64        25845.64       
  35       0               0.00            25845.64        25845.64       
  47       0               0.00            25845.64        25845.64       
  51       0               0.00            25845.64        25845.64       
  80       0               0.00            25845.64        25845.64       
  81       0               0.00            25845.64        25845.64       
  82       0               0.00            25845.64        25845.64       
  88       0               0.00            25845.64        25845.64       
  29       0               25845.64        53947.69        28102.05       
  50       0               25845.64        53947.69        28102.05       
  79       0               25845.64        53947.69        28102.05       
  83       0               25845.64        53947.69        28102.05       
  92       0               25845.64        53947.69        28102.05       
  98       0               25845.64        53947.69        28102.05       

  机器利用率: 700.62% (忙碌时间: 530451.28 / 总时间: 75711.98)

打印机2:
工件号      工序号             开始时间            结束时间            加工时长           
--------------------------------------------------------------------------------
  3        0               0.00            29156.70        29156.70       
  10       0               0.00            29156.70        29156.70       
  13       0               0.00            29156.70        29156.70       
  18       0               0.00            29156.70        29156.70       
  20       0               0.00            29156.70        29156.70       
  22       0               0.00            29156.70        29156.70       
  34       0               0.00            29156.70        29156.70       
  36       0               0.00            29156.70        29156.70       
  38       0               0.00            29156.70        29156.70       
  40       0               0.00            29156.70        29156.70       
  53       0               0.00            29156.70        29156.70       
  55       0               0.00            29156.70        29156.70       
  58       0               0.00            29156.70        29156.70       
  62       0               0.00            29156.70        29156.70       
  67       0               0.00            29156.70        29156.70       
  68       0               0.00            29156.70        29156.70       
  70       0               0.00            29156.70        29156.70       
  84       0               0.00            29156.70        29156.70       
  99       0               0.00            29156.70        29156.70       
  7        0               29156.70        47725.68        18568.98       
  24       0               29156.70        47725.68        18568.98       
  30       0               29156.70        47725.68        18568.98       
  37       0               29156.70        47725.68        18568.98       
  43       0               29156.70        47725.68        18568.98       
  59       0               29156.70        47725.68        18568.98       
  73       0               29156.70        47725.68        18568.98       
  90       0               29156.70        47725.68        18568.98       
  49       0               47725.68        61820.98        14095.30       
  74       0               47725.68        61820.98        14095.30       

  机器利用率: 965.13% (忙碌时间: 730719.79 / 总时间: 75711.98)

打印机3:
工件号      工序号             开始时间            结束时间            加工时长           
--------------------------------------------------------------------------------
  19       0               0.00            18154.76        18154.76       
  23       0               0.00            18154.76        18154.76       
  33       0               0.00            18154.76        18154.76       
  41       0               0.00            18154.76        18154.76       
  42       0               0.00            18154.76        18154.76       
  45       0               0.00            18154.76        18154.76       
  46       0               0.00            18154.76        18154.76       
  69       0               0.00            18154.76        18154.76       
  94       0               0.00            18154.76        18154.76       
  15       0               18154.76        37931.46        19776.71       
  27       0               18154.76        37931.46        19776.71       
  48       0               18154.76        37931.46        19776.71       
  72       0               18154.76        37931.46        19776.71       
  87       0               37931.46        44500.85        6569.39        

  机器利用率: 328.97% (忙碌时间: 249069.02 / 总时间: 75711.98)

打印机4:
工件号      工序号             开始时间            结束时间            加工时长           
--------------------------------------------------------------------------------
  5        0               0.00            36464.00        36464.00       
  12       0               0.00            36464.00        36464.00       
  14       0               0.00            36464.00        36464.00       
  25       0               0.00            36464.00        36464.00       
  63       0               0.00            36464.00        36464.00       
  66       0               0.00            36464.00        36464.00       
  75       0               0.00            36464.00        36464.00       
  85       0               0.00            36464.00        36464.00       
  86       0               0.00            36464.00        36464.00       
  91       0               0.00            36464.00        36464.00       
  95       0               0.00            36464.00        36464.00       
  97       0               0.00            36464.00        36464.00       
  54       0               36464.00        49869.18        13405.18       
  56       0               36464.00        49869.18        13405.18       
  60       0               36464.00        49869.18        13405.18       
  61       0               36464.00        49869.18        13405.18       
  78       0               36464.00        49869.18        13405.18       

  机器利用率: 666.47% (忙碌时间: 504593.88 / 总时间: 75711.98)

打印机5:
工件号      工序号             开始时间            结束时间            加工时长           
--------------------------------------------------------------------------------
  11       0               0.00            10797.00        10797.00       
  16       0               0.00            10797.00        10797.00       
  17       0               0.00            10797.00        10797.00       
  31       0               0.00            10797.00        10797.00       
  64       0               0.00            10797.00        10797.00       
  93       0               0.00            10797.00        10797.00       
  1        0               10797.00        35794.00        24997.00       
  4        0               10797.00        35794.00        24997.00       
  39       0               10797.00        35794.00        24997.00       
  44       0               10797.00        35794.00        24997.00       
  52       0               10797.00        35794.00        24997.00       
  57       0               10797.00        35794.00        24997.00       
  76       0               10797.00        35794.00        24997.00       
  89       0               10797.00        35794.00        24997.00       
  96       0               10797.00        35794.00        24997.00       
  0        0               35794.00        44991.00        9197.00        
  2        0               35794.00        44991.00        9197.00        
  71       0               35794.00        44991.00        9197.00        
  77       0               35794.00        44991.00        9197.00        
  65       0               44991.00        50988.00        5997.00        

  机器利用率: 439.22% (忙碌时间: 332540.00 / 总时间: 75711.98)

批处理机1:
工件号      工序号             开始时间            结束时间            加工时长           
--------------------------------------------------------------------------------
  5        1               36464.00        37574.00        1110.00        
  12       1               36464.00        37574.00        1110.00        
  14       1               36464.00        37574.00        1110.00        
  25       1               36464.00        37574.00        1110.00        
  63       1               36464.00        37574.00        1110.00        
  66       1               36464.00        37574.00        1110.00        
  75       1               36464.00        37574.00        1110.00        
  85       1               36464.00        37574.00        1110.00        
  86       1               36464.00        37574.00        1110.00        
  91       1               36464.00        37574.00        1110.00        
  95       1               36464.00        37574.00        1110.00        
  97       1               36464.00        37574.00        1110.00        
  0        1               44991.00        46101.00        1110.00        
  2        1               44991.00        46101.00        1110.00        
  71       1               44991.00        46101.00        1110.00        
  77       1               44991.00        46101.00        1110.00        

  机器利用率: 23.46% (忙碌时间: 17760.00 / 总时间: 75711.98)

批处理机2:
工件号      工序号             开始时间            结束时间            加工时长           
--------------------------------------------------------------------------------
  11       1               10797.00        11861.00        1064.00        
  16       1               10797.00        11861.00        1064.00        
  17       1               10797.00        11861.00        1064.00        
  31       1               10797.00        11861.00        1064.00        
  64       1               10797.00        11861.00        1064.00        
  93       1               10797.00        11861.00        1064.00        
  19       1               18154.76        19218.76        1064.00        
  23       1               18154.76        19218.76        1064.00        
  33       1               18154.76        19218.76        1064.00        
  41       1               18154.76        19218.76        1064.00        
  42       1               18154.76        19218.76        1064.00        
  45       1               18154.76        19218.76        1064.00        
  46       1               18154.76        19218.76        1064.00        
  69       1               18154.76        19218.76        1064.00        
  94       1               18154.76        19218.76        1064.00        
  6        1               25845.64        26909.64        1064.00        
  8        1               25845.64        26909.64        1064.00        
  9        1               25845.64        26909.64        1064.00        
  21       1               25845.64        26909.64        1064.00        
  26       1               25845.64        26909.64        1064.00        
  28       1               25845.64        26909.64        1064.00        
  32       1               25845.64        26909.64        1064.00        
  35       1               25845.64        26909.64        1064.00        
  47       1               25845.64        26909.64        1064.00        
  51       1               25845.64        26909.64        1064.00        
  80       1               25845.64        26909.64        1064.00        
  81       1               25845.64        26909.64        1064.00        
  82       1               25845.64        26909.64        1064.00        
  88       1               25845.64        26909.64        1064.00        
  3        1               29156.70        30220.70        1064.00        
  10       1               29156.70        30220.70        1064.00        
  13       1               29156.70        30220.70        1064.00        
  18       1               29156.70        30220.70        1064.00        
  20       1               29156.70        30220.70        1064.00        
  22       1               29156.70        30220.70        1064.00        
  34       1               29156.70        30220.70        1064.00        
  36       1               29156.70        30220.70        1064.00        
  38       1               29156.70        30220.70        1064.00        
  40       1               29156.70        30220.70        1064.00        
  53       1               29156.70        30220.70        1064.00        
  55       1               29156.70        30220.70        1064.00        
  58       1               29156.70        30220.70        1064.00        
  62       1               29156.70        30220.70        1064.00        
  67       1               29156.70        30220.70        1064.00        
  68       1               29156.70        30220.70        1064.00        
  70       1               29156.70        30220.70        1064.00        
  84       1               29156.70        30220.70        1064.00        
  99       1               29156.70        30220.70        1064.00        
  1        1               35794.00        36858.00        1064.00        
  4        1               35794.00        36858.00        1064.00        
  39       1               35794.00        36858.00        1064.00        
  44       1               35794.00        36858.00        1064.00        
  52       1               35794.00        36858.00        1064.00        
  57       1               35794.00        36858.00        1064.00        
  76       1               35794.00        36858.00        1064.00        
  89       1               35794.00        36858.00        1064.00        
  96       1               35794.00        36858.00        1064.00        
  15       1               37931.46        38995.46        1064.00        
  27       1               37931.46        38995.46        1064.00        
  48       1               37931.46        38995.46        1064.00        
  72       1               37931.46        38995.46        1064.00        
  87       1               44500.85        45564.85        1064.00        
  7        1               47725.68        48789.68        1064.00        
  24       1               47725.68        48789.68        1064.00        
  30       1               47725.68        48789.68        1064.00        
  37       1               47725.68        48789.68        1064.00        
  43       1               47725.68        48789.68        1064.00        
  59       1               47725.68        48789.68        1064.00        
  73       1               47725.68        48789.68        1064.00        
  90       1               47725.68        48789.68        1064.00        
  54       1               49869.18        50933.18        1064.00        
  56       1               49869.18        50933.18        1064.00        
  60       1               49869.18        50933.18        1064.00        
  61       1               49869.18        50933.18        1064.00        
  78       1               49869.18        50933.18        1064.00        
  65       1               50988.00        52052.00        1064.00        
  29       1               53947.69        55011.69        1064.00        
  50       1               53947.69        55011.69        1064.00        
  79       1               53947.69        55011.69        1064.00        
  83       1               53947.69        55011.69        1064.00        
  92       1               53947.69        55011.69        1064.00        
  98       1               53947.69        55011.69        1064.00        
  49       1               61820.98        62884.98        1064.00        
  74       1               61820.98        62884.98        1064.00        

  机器利用率: 118.05% (忙碌时间: 89376.00 / 总时间: 75711.98)

离散机1:
工件号      工序号             开始时间            结束时间            加工时长           
--------------------------------------------------------------------------------
  31       2               11861.00        13275.00        1414.00        
  31       3               13275.00        14669.00        1394.00        
  16       3               14669.00        16451.00        1782.00        
  46       2               19218.76        20263.76        1045.00        
  23       3               22078.76        23727.76        1649.00        
  69       5               24792.76        26135.76        1343.00        
  46       6               26135.76        27207.76        1072.00        
  18       2               30220.70        31922.70        1702.00        
  34       3               32139.64        33533.64        1394.00        
  82       3               33533.64        34443.64        910.00         
  62       2               34443.64        35921.64        1478.00        
  52       2               36858.00        37976.00        1118.00        
  66       2               37976.00        39279.00        1303.00        
  4        2               39279.00        40412.00        1133.00        
  5        2               40412.00        42085.00        1673.00        
  72       3               42085.00        43576.00        1491.00        
  8        6               43576.00        44609.00        1033.00        
  3        5               44609.00        46326.00        1717.00        
  75       4               46326.00        47581.00        1255.00        
  37       2               48789.68        49947.68        1158.00        
  43       3               50165.68        51621.68        1456.00        
  25       5               51621.68        52667.68        1046.00        
  52       5               53105.68        54660.68        1555.00        
  29       2               55011.69        56197.69        1186.00        
  55       7               56197.69        57595.69        1398.00        
  97       3               57595.69        59060.69        1465.00        
  24       5               59060.69        60859.69        1799.00        
  6        5               60859.69        62567.69        1708.00        
  77       4               62567.69        63995.69        1428.00        
  66       6               64269.69        65395.69        1126.00        
  24       7               65395.69        67012.69        1617.00        
  43       5               67012.69        68108.69        1096.00        
  7        4               68108.69        69034.69        926.00         
  47       8               69034.69        70341.69        1307.00        
  44       2               70341.69        71913.69        1572.00        
  10       6               71913.69        73548.69        1635.00        
  41       7               73917.98        75711.98        1794.00        

  机器利用率: 67.60% (忙碌时间: 51178.00 / 总时间: 75711.98)

离散机2:
工件号      工序号             开始时间            结束时间            加工时长           
--------------------------------------------------------------------------------
  16       2               11861.00        13651.00        1790.00        
  41       3               20766.76        22463.76        1697.00        
  17       7               23226.76        24197.76        971.00         
  47       2               26909.64        28162.64        1253.00        
  28       2               28162.64        29498.64        1336.00        
  32       2               29498.64        30629.64        1131.00        
  8        4               30629.64        32240.64        1611.00        
  26       3               32240.64        33765.64        1525.00        
  3        4               34386.64        35384.64        998.00         
  6        3               36167.64        37832.64        1665.00        
  41       5               37832.64        38951.64        1119.00        
  72       2               38995.46        40608.46        1613.00        
  14       2               40608.46        42378.46        1770.00        
  15       3               42378.46        43966.46        1588.00        
  25       3               43966.46        45292.46        1326.00        
  5        4               45292.46        46212.46        920.00         
  6        4               46212.46        47405.46        1193.00        
  5        5               47405.46        48576.46        1171.00        
  30       2               48789.68        49938.68        1149.00        
  37       3               49947.68        51717.68        1770.00        
  52       4               51717.68        53105.68        1388.00        
  32       5               53105.68        54800.68        1695.00        
  92       2               55011.69        56567.69        1556.00        
  92       3               56567.69        57762.69        1195.00        
  65       4               57762.69        59552.69        1790.00        
  83       5               59552.69        60976.69        1424.00        
  10       5               60976.69        62705.69        1729.00        
  4        6               62705.69        63727.69        1022.00        
  52       6               63727.69        64742.69        1015.00        
  74       4               65158.98        66349.98        1191.00        
  13       7               66769.98        67750.98        981.00         
  5        6               67750.98        68650.98        900.00         
  94       7               68650.98        70244.98        1594.00        
  20       6               70244.98        71716.98        1472.00        
  7        5               71716.98        73061.98        1345.00        
  71       4               73061.98        74215.98        1154.00        
  1        4               74215.98        75139.98        924.00         

  机器利用率: 66.00% (忙碌时间: 49971.00 / 总时间: 75711.98)

离散机3:
工件号      工序号             开始时间            结束时间            加工时长           
--------------------------------------------------------------------------------
  11       2               11861.00        13242.00        1381.00        
  17       4               14053.00        15235.00        1182.00        
  11       5               15913.00        16966.00        1053.00        
  31       4               16966.00        18289.00        1323.00        
  45       2               19218.76        20539.76        1321.00        
  94       3               20658.76        22209.76        1551.00        
  94       4               22209.76        23919.76        1710.00        
  21       2               26909.64        28488.64        1579.00        
  82       2               28488.64        30087.64        1599.00        
  21       3               30087.64        31205.64        1118.00        
  99       3               31664.64        33043.64        1379.00        
  13       2               33043.64        34500.64        1457.00        
  6        2               34500.64        36167.64        1667.00        
  26       4               36167.64        37317.64        1150.00        
  25       2               37574.00        38495.00        921.00         
  26       5               38495.00        40104.00        1609.00        
  67       4               40104.00        41666.00        1562.00        
  1        2               41666.00        42701.00        1035.00        
  89       3               42701.00        43689.00        988.00         
  66       3               43689.00        45283.00        1594.00        
  0        2               46101.00        47001.00        900.00         
  86       3               47001.00        48321.00        1320.00        
  7        2               48789.68        50310.68        1521.00        
  55       5               50310.68        51849.68        1539.00        
  73       2               51849.68        53583.68        1734.00        
  58       3               53583.68        55101.68        1518.00        
  15       6               55101.68        56331.68        1230.00        
  99       5               56331.68        57691.68        1360.00        
  47       6               57691.68        59134.68        1443.00        
  75       5               59134.68        60683.68        1549.00        
  96       7               60683.68        61849.68        1166.00        
  15       7               61849.68        62790.68        941.00         
  74       2               62884.98        63913.98        1029.00        
  43       4               63913.98        65208.98        1295.00        
  83       7               65208.98        66384.98        1176.00        
  72       7               66922.98        68253.98        1331.00        
  46       7               68253.98        69487.98        1234.00        

  机器利用率: 65.33% (忙碌时间: 49465.00 / 总时间: 75711.98)

离散机4:
工件号      工序号             开始时间            结束时间            加工时长           
--------------------------------------------------------------------------------
  11       4               14258.00        15913.00        1655.00        
  19       2               19218.76        20755.76        1537.00        
  23       2               20755.76        22078.76        1323.00        
  42       2               22078.76        23473.76        1395.00        
  94       5               23919.76        24873.76        954.00         
  94       6               24873.76        26497.76        1624.00        
  51       2               26909.64        28072.64        1163.00        
  9        3               28353.64        29321.64        968.00         
  55       2               30220.70        31679.70        1459.00        
  40       2               31679.70        32841.70        1162.00        
  99       4               33043.64        34129.64        1086.00        
  36       4               35392.64        36681.64        1289.00        
  75       2               37574.00        38735.00        1161.00        
  96       3               38735.00        40416.00        1681.00        
  52       3               40416.00        42211.00        1795.00        
  14       3               42378.46        43602.46        1224.00        
  15       4               43966.46        45397.46        1431.00        
  40       5               45397.46        46501.46        1104.00        
  71       3               47170.00        48838.00        1668.00        
  86       4               48838.00        50610.00        1772.00        
  36       8               50610.00        51592.00        982.00         
  59       4               51635.68        52877.68        1242.00        
  59       5               52877.68        53811.68        934.00         
  65       3               53811.68        55045.68        1234.00        
  72       4               55045.68        56304.68        1259.00        
  68       3               56304.68        57749.68        1445.00        
  8        7               57749.68        59410.68        1661.00        
  47       7               59410.68        60626.68        1216.00        
  32       6               60626.68        61719.68        1093.00        
  83       6               61719.68        63145.68        1426.00        
  0        5               63145.68        64850.68        1705.00        
  20       4               64850.68        66274.68        1424.00        
  81       2               66274.68        67833.68        1559.00        
  65       6               67833.68        69329.68        1496.00        
  5        7               69329.68        70943.68        1614.00        
  39       5               71568.98        73076.98        1508.00        
  58       5               73076.98        74573.98        1497.00        

  机器利用率: 67.03% (忙碌时间: 50746.00 / 总时间: 75711.98)

离散机5:
工件号      工序号             开始时间            结束时间            加工时长           
--------------------------------------------------------------------------------
  33       3               20412.76        21476.76        1064.00        
  45       4               24156.76        25370.76        1214.00        
  33       6               25370.76        26309.76        939.00         
  8        2               26909.64        28165.64        1256.00        
  47       3               28165.64        29317.64        1152.00        
  28       3               29498.64        31080.64        1582.00        
  8        5               32240.64        33228.64        988.00         
  53       2               33228.64        34553.64        1325.00        
  28       4               34553.64        36209.64        1656.00        
  89       2               36858.00        38628.00        1770.00        
  91       2               38628.00        40267.00        1639.00        
  75       3               40267.00        41819.00        1552.00        
  32       4               41819.00        43027.00        1208.00        
  97       2               43027.00        44010.00        983.00         
  20       3               44010.00        45235.00        1225.00        
  10       4               46206.00        47986.00        1780.00        
  43       2               48789.68        50165.68        1376.00        
  30       3               50165.68        51226.68        1061.00        
  30       4               51226.68        52684.68        1458.00        
  24       4               53659.68        54725.68        1066.00        
  13       4               54725.68        56401.68        1676.00        
  67       5               56401.68        57685.68        1284.00        
  30       6               58500.69        59674.69        1174.00        
  30       7               59674.69        60817.69        1143.00        
  0        4               60817.69        61857.69        1040.00        
  66       4               61857.69        63115.69        1258.00        
  69       7               63115.69        64682.69        1567.00        
  26       9               64682.69        66178.69        1496.00        
  23       7               66178.69        67879.69        1701.00        
  23       8               67879.69        69117.69        1238.00        
  39       4               70032.98        71568.98        1536.00        
  72       8               71568.98        72960.98        1392.00        
  29       3               72960.98        74105.98        1145.00        

  机器利用率: 58.04% (忙碌时间: 43944.00 / 总时间: 75711.98)

离散机6:
工件号      工序号             开始时间            结束时间            加工时长           
--------------------------------------------------------------------------------
  17       3               12815.00        14053.00        1238.00        
  11       6               16966.00        18074.00        1108.00        
  94       2               19218.76        20658.76        1440.00        
  46       3               20658.76        21661.76        1003.00        
  17       6               21661.76        23226.76        1565.00        
  46       5               23297.76        24602.76        1305.00        
  23       5               25484.76        27072.76        1588.00        
  45       6               27072.76        28582.76        1510.00        
  17       8               28582.76        29501.76        919.00         
  3        2               30220.70        31685.70        1465.00        
  21       4               31685.70        33250.70        1565.00        
  85       2               37574.00        38816.00        1242.00        
  40       4               38816.00        40196.00        1380.00        
  39       2               40196.00        41850.00        1654.00        
  36       6               41850.00        43395.00        1545.00        
  14       4               43602.46        44693.46        1091.00        
  96       5               44693.46        46148.46        1455.00        
  14       6               46207.46        47729.46        1522.00        
  77       3               47729.46        48770.46        1041.00        
  14       7               48770.46        49982.46        1212.00        
  26       8               49982.46        51371.46        1389.00        
  24       3               51969.68        53659.68        1690.00        
  37       4               53659.68        54850.68        1191.00        
  88       4               54850.68        56475.68        1625.00        
  28       6               56475.68        57506.68        1031.00        
  68       4               57749.68        58897.68        1148.00        
  97       4               59060.69        60523.69        1463.00        
  87       4               60871.69        62531.69        1660.00        
  49       2               62884.98        64333.98        1449.00        
  49       3               64333.98        65279.98        946.00         
  72       6               65279.98        66922.98        1643.00        
  14       9               66922.98        68249.98        1327.00        
  3        6               68249.98        69407.98        1158.00        
  50       2               69407.98        70759.98        1352.00        

  机器利用率: 60.65% (忙碌时间: 45920.00 / 总时间: 75711.98)

离散机7:
工件号      工序号             开始时间            结束时间            加工时长           
--------------------------------------------------------------------------------
  33       2               19218.76        20412.76        1194.00        
  69       3               21972.76        23483.76        1511.00        
  23       4               23727.76        25484.76        1757.00        
  26       2               26909.64        28583.64        1674.00        
  8        3               28583.64        30375.64        1792.00        
  34       2               30375.64        32139.64        1764.00        
  68       2               32139.64        33503.64        1364.00        
  67       3               33503.64        34906.64        1403.00        
  88       2               34906.64        36213.64        1307.00        
  35       3               36213.64        37912.64        1699.00        
  20       2               37912.64        39094.64        1182.00        
  55       4               39094.64        40262.64        1168.00        
  96       4               40416.00        41534.00        1118.00        
  1        3               42701.00        44483.00        1782.00        
  10       3               44483.00        46206.00        1723.00        
  15       5               46206.00        47615.00        1409.00        
  28       5               47615.00        48915.00        1300.00        
  36       7               48915.00        49936.00        1021.00        
  59       3               50177.68        51635.68        1458.00        
  78       2               51635.68        53205.68        1570.00        
  4        5               53205.68        54641.68        1436.00        
  79       2               55011.69        56259.69        1248.00        
  59       6               56259.69        57728.69        1469.00        
  83       4               57734.69        59228.69        1494.00        
  87       3               59228.69        60871.69        1643.00        
  72       5               60871.69        62440.69        1569.00        
  75       6               62440.69        63358.69        918.00         
  74       3               63913.98        65158.98        1245.00        
  13       6               65158.98        66769.98        1611.00        
  49       4               66769.98        68320.98        1551.00        
  39       3               68320.98        70032.98        1712.00        
  60       2               70032.98        71236.98        1204.00        
  24       8               71236.98        72645.98        1409.00        
  41       6               72645.98        73917.98        1272.00        
  30       9               73917.98        75057.98        1140.00        

  机器利用率: 66.19% (忙碌时间: 50117.00 / 总时间: 75711.98)

离散机8:
工件号      工序号             开始时间            结束时间            加工时长           
--------------------------------------------------------------------------------
  11       3               13242.00        14258.00        1016.00        
  41       2               19218.76        20766.76        1548.00        
  69       2               20766.76        21972.76        1206.00        
  69       4               23483.76        24792.76        1309.00        
  45       5               25370.76        26867.76        1497.00        
  35       2               26909.64        28627.64        1718.00        
  69       6               28627.64        29861.64        1234.00        
  47       5               30367.64        32043.64        1676.00        
  13       3               34500.64        35538.64        1038.00        
  36       5               36681.64        38097.64        1416.00        
  15       2               38995.46        40401.46        1406.00        
  26       6               40401.46        42039.46        1638.00        
  5        3               42085.00        43381.00        1296.00        
  88       3               43381.00        44680.00        1299.00        
  14       5               44693.46        46207.46        1514.00        
  57       2               46207.46        47667.46        1460.00        
  57       3               47667.46        48654.46        987.00         
  7        3               50310.68        51526.68        1216.00        
  55       6               51849.68        53059.68        1210.00        
  83       3               56748.69        57734.69        986.00         
  58       4               57734.69        59401.69        1667.00        
  81       3               67833.68        69021.68        1188.00        

  机器利用率: 39.00% (忙碌时间: 29525.00 / 总时间: 75711.98)

离散机9:
工件号      工序号             开始时间            结束时间            加工时长           
--------------------------------------------------------------------------------
  64       2               11861.00        13062.00        1201.00        
  17       5               15235.00        16241.00        1006.00        
  93       3               16241.00        17270.00        1029.00        
  31       5               18289.00        19998.00        1709.00        
  93       5               19998.00        21072.00        1074.00        
  33       4               21476.76        22499.76        1023.00        
  45       3               22499.76        24156.76        1657.00        
  33       5               24156.76        25312.76        1156.00        
  41       4               25312.76        26513.76        1201.00        
  9        2               26909.64        28353.64        1444.00        
  23       6               28353.64        29450.64        1097.00        
  67       2               30220.70        31151.70        931.00         
  36       2               31151.70        32145.70        994.00         
  31       6               32145.70        33312.70        1167.00        
  34       4               33533.64        35018.64        1485.00        
  40       3               35018.64        36328.64        1310.00        
  96       2               36858.00        38142.00        1284.00        
  86       2               38142.00        39687.00        1545.00        
  32       3               39687.00        41169.00        1482.00        
  10       2               41169.00        42894.00        1725.00        
  26       7               42894.00        43895.00        1001.00        
  85       3               43895.00        45566.00        1671.00        
  71       2               46101.00        47170.00        1069.00        
  96       6               47170.00        48194.00        1024.00        
  45       7               48194.00        49634.00        1440.00        
  90       2               49634.00        51377.00        1743.00        
  65       2               52052.00        53458.00        1406.00        
  45       8               53458.00        54369.00        911.00         
  83       2               55011.69        56748.69        1737.00        
  30       5               56748.69        58500.69        1752.00        
  65       5               59552.69        60936.69        1384.00        
  13       5               60936.69        62444.69        1508.00        
  66       5               63115.69        64269.69        1154.00        
  25       6               64269.69        65987.69        1718.00        
  20       5               66274.68        67490.68        1216.00        
  30       8               67490.68        68885.68        1395.00        
  99       7               68885.68        69953.68        1068.00        
  7        6               73061.98        74523.98        1462.00        

  机器利用率: 66.28% (忙碌时间: 50179.00 / 总时间: 75711.98)

离散机10:
工件号      工序号             开始时间            结束时间            加工时长           
--------------------------------------------------------------------------------
  17       2               11861.00        12815.00        954.00         
  93       2               12815.00        14506.00        1691.00        
  93       4               17270.00        18759.00        1489.00        
  46       4               21661.76        23297.76        1636.00        
  42       3               23473.76        24670.76        1197.00        
  33       7               26309.76        27716.76        1407.00        
  47       4               29317.64        30367.64        1050.00        
  99       2               30367.64        31664.64        1297.00        
  58       2               31664.64        33124.64        1460.00        
  3        3               33124.64        34386.64        1262.00        
  36       3               34386.64        35392.64        1006.00        
  55       3               35392.64        36854.64        1462.00        
  70       2               36854.64        38036.64        1182.00        
  53       3               38036.64        39815.64        1779.00        
  4        3               40412.00        41760.00        1348.00        
  4        4               41760.00        43463.00        1703.00        
  48       2               43463.00        44902.00        1439.00        
  77       2               46101.00        47265.00        1164.00        
  25       4               47265.00        48181.00        916.00         
  59       2               48789.68        50177.68        1388.00        
  24       2               50177.68        51969.68        1792.00        
  87       2               51969.68        53699.68        1730.00        
  54       2               53699.68        54727.68        1028.00        
  0        3               54727.68        55933.68        1206.00        
  2        2               55933.68        57113.68        1180.00        
  40       6               57113.68        58659.68        1546.00        
  14       8               58659.68        59916.68        1257.00        
  99       6               59916.68        61215.68        1299.00        
  32       7               61719.68        62795.68        1076.00        
  24       6               62795.68        63972.68        1177.00        
  52       7               64742.69        65665.69        923.00         
  69       8               65665.69        67331.69        1666.00        
  12       2               67331.69        68854.69        1523.00        
  25       7               68854.69        69982.69        1128.00        
  86       5               69982.69        71179.69        1197.00        
  4        7               71179.69        72859.69        1680.00        
  96       8               72859.69        73870.69        1011.00        
  43       6               73870.69        75222.69        1352.00        

  机器利用率: 66.83% (忙碌时间: 50601.00 / 总时间: 75711.98)

【打印批次详细信息】
----------------------------------------------------------------------------------------------------

打印机 1 (尺寸: 1033.0 x 412.0 x 635.0):
--------------------------------------------------------------------------------
  批次 1: 零件数=14, 占用率=77.87%
    - 80: 尺寸 152.0 x 106.0 x 19.0
    - 35: 尺寸 96.0 x 106.0 x 48.0
    - 8: 尺寸 155.0 x 115.0 x 87.0
    - 26: 尺寸 353.0 x 115.0 x 50.0
    - 88: 尺寸 207.0 x 385.0 x 83.0
    - 32: 尺寸 66.0 x 98.0 x 75.0
    - 47: 尺寸 51.0 x 178.0 x 176.0
    - 6: 尺寸 134.0 x 306.0 x 68.0
    - 28: 尺寸 108.0 x 148.0 x 40.0
    - 51: 尺寸 173.0 x 135.0 x 83.0
    - 9: 尺寸 101.0 x 149.0 x 45.0
    - 82: 尺寸 191.0 x 198.0 x 181.0
    - 21: 尺寸 53.0 x 109.0 x 36.0
    - 81: 尺寸 134.0 x 93.0 x 170.0
  批次 2: 零件数=6, 占用率=76.57%
    - 79: 尺寸 382.0 x 155.0 x 83.0
    - 83: 尺寸 441.0 x 153.0 x 197.0
    - 98: 尺寸 197.0 x 134.0 x 63.0
    - 50: 尺寸 123.0 x 185.0 x 171.0
    - 92: 尺寸 440.0 x 247.0 x 168.0
    - 29: 尺寸 302.0 x 137.0 x 33.0

打印机 2 (尺寸: 1163.0 x 587.0 x 663.0):
--------------------------------------------------------------------------------
  批次 1: 零件数=19, 占用率=89.95%
    - 34: 尺寸 206.0 x 118.0 x 193.0
    - 38: 尺寸 144.0 x 118.0 x 155.0
    - 10: 尺寸 480.0 x 155.0 x 175.0
    - 99: 尺寸 203.0 x 390.0 x 186.0
    - 53: 尺寸 121.0 x 142.0 x 188.0
    - 62: 尺寸 188.0 x 133.0 x 95.0
    - 20: 尺寸 142.0 x 89.0 x 104.0
    - 67: 尺寸 121.0 x 144.0 x 191.0
    - 36: 尺寸 468.0 x 164.0 x 153.0
    - 70: 尺寸 139.0 x 217.0 x 55.0
    - 58: 尺寸 181.0 x 246.0 x 77.0
    - 3: 尺寸 114.0 x 130.0 x 98.0
    - 68: 尺寸 413.0 x 227.0 x 174.0
    - 22: 尺寸 69.0 x 106.0 x 68.0
    - 18: 尺寸 207.0 x 134.0 x 86.0
    - 84: 尺寸 132.0 x 148.0 x 176.0
    - 40: 尺寸 148.0 x 122.0 x 103.0
    - 55: 尺寸 93.0 x 72.0 x 88.0
    - 13: 尺寸 87.0 x 87.0 x 191.0
  批次 2: 零件数=8, 占用率=82.88%
    - 30: 尺寸 686.0 x 336.0 x 90.0
    - 24: 尺寸 187.0 x 173.0 x 33.0
    - 73: 尺寸 177.0 x 159.0 x 112.0
    - 7: 尺寸 105.0 x 98.0 x 89.0
    - 90: 尺寸 85.0 x 241.0 x 93.0
    - 59: 尺寸 159.0 x 229.0 x 122.0
    - 37: 尺寸 179.0 x 208.0 x 109.0
    - 43: 尺寸 713.0 x 239.0 x 46.0
  批次 3: 零件数=2, 占用率=31.23%
    - 49: 尺寸 720.0 x 166.0 x 70.0
    - 74: 尺寸 192.0 x 488.0 x 92.0

打印机 3 (尺寸: 941.0 x 424.0 x 663.0):
--------------------------------------------------------------------------------
  批次 1: 零件数=9, 占用率=79.61%
    - 69: 尺寸 101.0 x 76.0 x 43.0
    - 46: 尺寸 389.0 x 123.0 x 52.0
    - 23: 尺寸 422.0 x 283.0 x 63.0
    - 33: 尺寸 98.0 x 143.0 x 20.0
    - 45: 尺寸 266.0 x 241.0 x 26.0
    - 42: 尺寸 86.0 x 114.0 x 61.0
    - 19: 尺寸 58.0 x 220.0 x 76.0
    - 94: 尺寸 86.0 x 78.0 x 15.0
    - 41: 尺寸 420.0 x 84.0 x 65.0
  批次 2: 零件数=4, 占用率=71.17%
    - 72: 尺寸 426.0 x 214.0 x 34.0
    - 15: 尺寸 255.0 x 172.0 x 44.0
    - 48: 尺寸 205.0 x 200.0 x 83.0
    - 27: 尺寸 565.0 x 191.0 x 59.0
  批次 3: 零件数=1, 占用率=23.17%
    - 87: 尺寸 690.0 x 134.0 x 26.0

打印机 4 (尺寸: 1081.0 x 523.0 x 615.0):
--------------------------------------------------------------------------------
  批次 1: 零件数=12, 占用率=80.10%
    - 86: 尺寸 349.0 x 205.0 x 127.0
    - 85: 尺寸 63.0 x 205.0 x 96.0
    - 25: 尺寸 207.0 x 202.0 x 33.0
    - 75: 尺寸 460.0 x 290.0 x 105.0
    - 63: 尺寸 195.0 x 163.0 x 52.0
    - 12: 尺寸 132.0 x 99.0 x 97.0
    - 97: 尺寸 213.0 x 107.0 x 56.0
    - 5: 尺寸 63.0 x 187.0 x 153.0
    - 66: 尺寸 438.0 x 139.0 x 124.0
    - 95: 尺寸 55.0 x 202.0 x 55.0
    - 91: 尺寸 179.0 x 133.0 x 39.0
    - 14: 尺寸 98.0 x 183.0 x 54.0
  批次 2: 零件数=5, 占用率=62.34%
    - 60: 尺寸 363.0 x 170.0 x 19.0
    - 61: 尺寸 533.0 x 123.0 x 54.0
    - 56: 尺寸 312.0 x 305.0 x 32.0
    - 78: 尺寸 257.0 x 259.0 x 55.0
    - 54: 尺寸 529.0 x 120.0 x 52.0

打印机 5 (尺寸: 1118.0 x 504.0 x 631.0):
--------------------------------------------------------------------------------
  批次 1: 零件数=6, 占用率=94.40%
    - 16: 尺寸 441.0 x 143.0 x 42.0
    - 17: 尺寸 668.0 x 227.0 x 36.0
    - 64: 尺寸 441.0 x 333.0 x 52.0
    - 31: 尺寸 355.0 x 260.0 x 20.0
    - 93: 尺寸 291.0 x 139.0 x 38.0
    - 11: 尺寸 306.0 x 123.0 x 35.0
  批次 2: 零件数=9, 占用率=85.95%
    - 96: 尺寸 711.0 x 335.0 x 59.0
    - 39: 尺寸 396.0 x 158.0 x 123.0
    - 76: 尺寸 165.0 x 168.0 x 18.0
    - 89: 尺寸 233.0 x 185.0 x 23.0
    - 52: 尺寸 170.0 x 59.0 x 100.0
    - 1: 尺寸 465.0 x 126.0 x 96.0
    - 44: 尺寸 79.0 x 103.0 x 14.0
    - 4: 尺寸 148.0 x 136.0 x 21.0
    - 57: 尺寸 114.0 x 139.0 x 92.0
  批次 3: 零件数=4, 占用率=81.99%
    - 71: 尺寸 699.0 x 267.0 x 29.0
    - 0: 尺寸 268.0 x 250.0 x 27.0
    - 2: 尺寸 568.0 x 184.0 x 44.0
    - 77: 尺寸 509.0 x 204.0 x 43.0
  批次 4: 零件数=1, 占用率=30.04%
    - 65: 尺寸 688.0 x 246.0 x 28.0

════════════════════════════════════════════════════════════════
