════════════════════════════════════════════════════════════════
              最优Cmax解的详细调度记录
════════════════════════════════════════════════════════════════

【基本信息】
----------------------------------------------------------------------------------------------------
Cmax (最大完工时间): 73528.90
能耗: 977.20 kWh
装箱质量: 0.3134
批次总数: 14
工件数量: 100
机器数量: 17 (打印机:5, 批处理机:2, 离散机:10)

【染色体编码】
----------------------------------------------------------------------------------------------------
工序序列 (OS): [74, 94, 86, 38, 97, 31, 11, 66, 36, 68, 24, 83, 65, 80, 30, 40, 29, 23, 69, 71, 43, 20, 60, 63, 41, 78, 47, 73, 48, 59, 8, 39, 93, 89, 32, 4, 22, 49, 82, 33, 15, 44, 77, 6, 9, 52, 84, 27, 45, 61, 16, 46, 58, 7, 1, 26, 14, 96, 62, 99, 42, 54, 0, 87, 17, 90, 64, 81, 88, 70, 37, 56, 79, 72, 91, 55, 95, 75, 57, 92, 34, 28, 50, 76, 35, 67, 25, 13, 19, 10, 21, 53, 2, 12, 3, 85, 51, 5, 98, 18, 6, 55, 97, 59, 14, 30, 94, 45, 83, 69, 49, 9, 70, 5, 93, 31, 26, 3, 26, 3, 52, 55, 12, 81, 7, 15, 17, 47, 88, 83, 67, 26, 46, 1, 54, 43, 14, 10, 75, 17, 72, 30, 93, 25, 81, 39, 41, 83, 66, 30, 26, 4, 21, 45, 55, 40, 21, 9, 28, 36, 49, 31, 45, 20, 17, 11, 72, 20, 39, 66, 43, 99, 47, 10, 25, 4, 23, 75, 20, 36, 37, 19, 24, 7, 88, 13, 24, 96, 30, 91, 26, 25, 46, 88, 39, 11, 4, 99, 13, 69, 83, 23, 82, 8, 36, 85, 24, 41, 29, 89, 77, 15, 33, 4, 52, 66, 51, 10, 68, 14, 47, 92, 32, 16, 83, 90, 64, 97, 7, 10, 14, 23, 0, 1, 87, 77, 35, 97, 15, 31, 43, 30, 72, 55, 50, 21, 32, 74, 72, 17, 96, 33, 58, 20, 65, 86, 46, 23, 86, 2, 71, 96, 8, 46, 14, 4, 11, 69, 43, 69, 4, 66, 43, 68, 32, 32, 26, 52, 99, 5, 58, 72, 85, 86, 96, 71, 40, 13, 77, 36, 47, 10, 26, 41, 53, 30, 65, 67, 13, 75, 52, 94, 24, 87, 25, 25, 57, 32, 8, 31, 65, 58, 11, 49, 73, 24, 99, 46, 35, 93, 34, 3, 59, 30, 20, 48, 67, 65, 15, 23, 31, 53, 69, 34, 1, 0, 75, 47, 45, 18, 13, 55, 83, 6, 3, 36, 52, 5, 40, 86, 15, 96, 42, 92, 37, 33, 94, 8, 94, 14, 23, 41, 45, 24, 55, 47, 40, 74, 79, 45, 94, 11, 59, 94, 16, 5, 14, 62, 82, 36, 36, 59, 23, 47, 40, 7, 13, 65, 33, 34, 28, 5, 28, 0, 69, 28, 33, 26, 6, 74, 45, 99, 17, 5, 32, 6, 8, 99, 66, 39, 29, 69, 72, 71, 0, 67, 17, 3, 46, 68, 60, 75, 87, 42, 14, 7, 72, 25, 30, 96, 41, 93, 15, 44, 33, 52, 8, 89, 28, 41, 96, 24, 58, 17, 78, 57, 59, 37]
机器选择 (MS): [2, 4, 1, 4, 4, 5, 4, 2, 3, 2, 5, 2, 2, 3, 4, 2, 1, 5, 5, 4, 5, 1, 4, 4, 1, 5, 2, 5, 5, 1, 1, 1, 4, 4, 1, 3, 5, 1, 5, 1, 4, 3, 3, 1, 5, 2, 5, 1, 1, 5, 1, 5, 2, 2, 1, 4, 4, 3, 2, 2, 1, 2, 1, 5, 3, 4, 4, 2, 2, 3, 2, 4, 2, 3, 3, 2, 1, 1, 3, 2, 5, 2, 2, 1, 4, 2, 1, 2, 2, 5, 5, 5, 1, 1, 1, 5, 2, 2, 4, 2, 2, 3, 1, 3, 1, 1, 1, 2, 3, 1, 1, 2, 1, 1, 2, 2, 3, 1, 2, 1, 1, 2, 1, 1, 3, 3, 1, 2, 2, 1, 2, 1, 2, 1, 1, 1, 1, 1, 1, 1, 2, 3, 1, 2, 1, 1, 2, 1, 2, 3, 3, 3, 2, 1, 2, 1, 1, 1, 2, 1, 1, 2, 1, 3, 1, 1, 2, 1, 1, 2, 1, 1, 3, 1, 2, 1, 1, 1, 1, 1, 1, 1, 1, 2, 1, 1, 2, 1, 2, 2, 1, 1, 1, 1, 1, 1, 1, 1, 1, 1, 3, 1, 3, 1, 2, 1, 1, 1, 3, 1, 1, 3, 1, 3, 1, 1, 1, 2, 2, 1, 1, 2, 2, 1, 1, 2, 3, 3, 3, 1, 1, 2, 1, 2, 1, 1, 3, 2, 1, 1, 1, 3, 1, 2, 2, 2, 2, 1, 2, 1, 1, 1, 3, 1, 2, 1, 3, 3, 2, 1, 2, 1, 2, 1, 1, 1, 1, 2, 2, 1, 1, 1, 1, 1, 3, 2, 1, 1, 1, 3, 2, 3, 1, 2, 3, 1, 1, 1, 2, 2, 1, 1, 1, 2, 1, 1, 2, 1, 1, 1, 1, 1, 1, 2, 1, 2, 1, 1, 1, 1, 1, 1, 2, 1, 2, 1, 1, 1, 1, 2, 1, 1, 3, 1, 3, 2, 1, 2, 1, 1, 1, 1, 1, 2, 1, 1, 2, 1, 1, 1, 1, 1, 3, 2, 1, 1, 1, 2, 1, 3, 1, 3, 3, 1, 1, 2, 2, 1, 1, 1, 1, 3, 3, 1, 2, 2, 1, 2, 2, 1, 1, 1, 1, 2, 1, 1, 1, 1, 2, 1, 1, 1, 1, 1, 1, 1, 2, 1, 3, 1, 3, 1, 3, 3, 2, 1, 1, 1, 1, 1, 1, 1, 1, 2, 1, 1, 2, 1, 1, 1, 1, 2, 1, 1, 2, 2, 2, 1, 2, 1, 2, 2, 2, 1, 1, 2, 1, 1, 3, 1, 1, 1, 1, 1, 2, 3, 2, 1, 1, 1, 1, 1, 1, 1, 2, 2, 1, 1]

【零件加工顺序记录】
----------------------------------------------------------------------------------------------------
工件号      工序号             机器号             开始时间            结束时间            加工时长           
----------------------------------------------------------------------------------------------------

工件 0:
  0        0               打印机1            35896.41        46088.21        10191.79       
  0        1               批处理机2           46088.21        47152.21        1064.00        
  0        2               离散机5            47152.21        48675.21        1523.00        
  0        3               离散机10           49651.21        50857.21        1206.00        
  0        4               离散机1            50857.21        51772.21        915.00         
  0        5               离散机9            53836.95        55576.95        1740.00        

工件 1:
  1        0               打印机1            18230.26        35896.41        17666.15       
  1        1               批处理机2           35896.41        36960.41        1064.00        
  1        2               离散机3            36960.41        37995.41        1035.00        
  1        3               离散机7            40847.41        42629.41        1782.00        
  1        4               离散机2            51406.41        52330.41        924.00         

工件 2:
  2        0               打印机1            35896.41        46088.21        10191.79       
  2        1               批处理机2           46088.21        47152.21        1064.00        
  2        2               离散机3            48730.41        50392.41        1662.00        

工件 3:
  3        0               打印机1            0.00            18230.26        18230.26       
  3        1               批处理机2           18230.26        19294.26        1064.00        
  3        2               离散机10           20682.26        22301.26        1619.00        
  3        3               离散机7            22301.26        23430.26        1129.00        
  3        4               离散机2            24291.26        25289.26        998.00         
  3        5               离散机7            28211.00        29302.00        1091.00        
  3        6               离散机2            29304.26        30669.26        1365.00        

工件 4:
  4        0               打印机3            0.00            35996.22        35996.22       
  4        1               批处理机1           35996.22        37106.22        1110.00        
  4        2               离散机1            37106.22        38239.22        1133.00        
  4        3               离散机10           38239.22        39587.22        1348.00        
  4        4               离散机10           39587.22        41290.22        1703.00        
  4        5               离散机8            42845.41        43762.41        917.00         
  4        6               离散机2            50384.41        51406.41        1022.00        
  4        7               离散机10           52457.95        54137.95        1680.00        

工件 5:
  5        0               打印机2            0.00            29753.19        29753.19       
  5        1               批处理机2           29753.19        30817.19        1064.00        
  5        2               离散机1            30817.19        32490.19        1673.00        
  5        3               离散机8            45480.41        46776.41        1296.00        
  5        4               离散机2            53345.41        54265.41        920.00         
  5        5               离散机2            54265.41        55436.41        1171.00        
  5        6               离散机2            59130.41        60030.41        900.00         
  5        7               离散机8            63090.06        64567.06        1477.00        

工件 6:
  6        0               打印机1            0.00            18230.26        18230.26       
  6        1               批处理机2           18230.26        19294.26        1064.00        
  6        2               离散机6            19294.26        20299.26        1005.00        
  6        3               离散机2            25289.26        26954.26        1665.00        
  6        4               离散机3            35914.19        36870.19        956.00         
  6        5               离散机9            52559.95        53836.95        1277.00        

工件 7:
  7        0               打印机2            0.00            29753.19        29753.19       
  7        1               批处理机2           29753.19        30817.19        1064.00        
  7        2               离散机2            30817.19        31805.19        988.00         
  7        3               离散机8            36918.19        38134.19        1216.00        
  7        4               离散机1            41447.22        42373.22        926.00         
  7        5               离散机2            55436.41        56781.41        1345.00        
  7        6               离散机9            58160.95        59622.95        1462.00        

工件 8:
  8        0               打印机1            0.00            18230.26        18230.26       
  8        1               批处理机2           18230.26        19294.26        1064.00        
  8        2               离散机5            19294.26        20550.26        1256.00        
  8        3               离散机6            21653.26        22680.26        1027.00        
  8        4               离散机2            22680.26        24291.26        1611.00        
  8        5               离散机2            26954.26        28338.26        1384.00        
  8        6               离散机1            48823.22        49856.22        1033.00        
  8        7               离散机4            54240.95        55901.95        1661.00        

工件 9:
  9        0               打印机5            0.00            22797.00        22797.00       
  9        1               批处理机2           22797.00        23861.00        1064.00        
  9        2               离散机7            23861.00        25146.00        1285.00        
  9        3               离散机5            25146.00        26059.00        913.00         

工件 10:
  10       0               打印机5            22797.00        61794.00        38997.00       
  10       1               批处理机1           61794.00        62904.00        1110.00        
  10       2               离散机6            62904.00        63908.00        1004.00        
  10       3               离散机7            63908.00        65631.00        1723.00        
  10       4               离散机3            66870.06        68567.06        1697.00        
  10       5               离散机2            68567.06        70296.06        1729.00        
  10       6               离散机8            70296.06        71629.06        1333.00        

工件 11:
  11       0               打印机4            0.00            36934.59        36934.59       
  11       1               批处理机2           36960.41        38024.41        1064.00        
  11       2               离散机3            39735.41        41116.41        1381.00        
  11       3               离散机9            41748.41        42864.41        1116.00        
  11       4               离散机4            43037.41        44692.41        1655.00        
  11       5               离散机8            49800.41        50738.41        938.00         
  11       6               离散机8            54503.41        55519.41        1016.00        

工件 12:
  12       0               打印机1            0.00            18230.26        18230.26       
  12       1               批处理机2           18230.26        19294.26        1064.00        
  12       2               离散机10           22301.26        23824.26        1523.00        

工件 13:
  13       0               打印机2            0.00            29753.19        29753.19       
  13       1               批处理机2           29753.19        30817.19        1064.00        
  13       2               离散机3            30817.19        32274.19        1457.00        
  13       3               离散机9            32274.19        33839.19        1565.00        
  13       4               离散机5            33839.19        35515.19        1676.00        
  13       5               离散机2            36383.19        38018.19        1635.00        
  13       6               离散机7            51202.21        52813.21        1611.00        
  13       7               离散机2            56781.41        57762.41        981.00         

工件 14:
  14       0               打印机4            0.00            36934.59        36934.59       
  14       1               批处理机2           36960.41        38024.41        1064.00        
  14       2               离散机2            39324.41        41094.41        1770.00        
  14       3               离散机3            42615.41        44007.41        1392.00        
  14       4               离散机7            44007.41        45761.41        1754.00        
  14       5               离散机3            45761.41        47191.41        1430.00        
  14       6               离散机8            47191.41        48384.41        1193.00        
  14       7               离散机6            51789.21        53001.21        1212.00        
  14       8               离散机10           56600.95        57857.95        1257.00        
  14       9               离散机6            57857.95        59184.95        1327.00        

工件 15:
  15       0               打印机4            0.00            36934.59        36934.59       
  15       1               批处理机2           36960.41        38024.41        1064.00        
  15       2               离散机2            41094.41        42693.41        1599.00        
  15       3               离散机2            45916.41        47504.41        1588.00        
  15       4               离散机2            49294.41        50384.41        1090.00        
  15       5               离散机3            55075.41        56582.41        1507.00        
  15       6               离散机3            58025.41        59255.41        1230.00        
  15       7               离散机5            59255.41        60168.41        913.00         

工件 16:
  16       0               打印机1            18230.26        35896.41        17666.15       
  16       1               批处理机2           35896.41        36960.41        1064.00        
  16       2               离散机2            47504.41        49294.41        1790.00        
  16       3               离散机7            54423.21        55992.21        1569.00        

工件 17:
  17       0               打印机3            50211.95        59098.41        8886.46        
  17       1               批处理机2           59098.41        60162.41        1064.00        
  17       2               离散机10           60162.41        61116.41        954.00         
  17       3               离散机6            61116.41        62354.41        1238.00        
  17       4               离散机3            62710.06        63892.06        1182.00        
  17       5               离散机9            63892.06        64898.06        1006.00        
  17       6               离散机2            65653.04        67276.04        1623.00        
  17       7               离散机2            67276.04        68247.04        971.00         
  17       8               离散机6            71226.90        72145.90        919.00         

工件 18:
  18       0               打印机2            29753.19        57866.04        28112.84       
  18       1               批处理机2           57866.04        58930.04        1064.00        
  18       2               离散机1            60088.04        61790.04        1702.00        

工件 19:
  19       0               打印机2            0.00            29753.19        29753.19       
  19       1               批处理机2           29753.19        30817.19        1064.00        
  19       2               离散机7            30817.19        32251.19        1434.00        

工件 20:
  20       0               打印机1            0.00            18230.26        18230.26       
  20       1               批处理机2           18230.26        19294.26        1064.00        
  20       2               离散机1            20921.26        22495.26        1574.00        
  20       3               离散机5            23022.26        24247.26        1225.00        
  20       4               离散机6            24247.26        25507.26        1260.00        
  20       5               离散机5            29672.00        30903.00        1231.00        
  20       6               离散机9            44018.41        45382.41        1364.00        

工件 21:
  21       0               打印机5            0.00            22797.00        22797.00       
  21       1               批处理机2           22797.00        23861.00        1064.00        
  21       2               离散机7            25146.00        26700.00        1554.00        
  21       3               离散机3            26700.00        27818.00        1118.00        
  21       4               离散机6            28565.00        30130.00        1565.00        

工件 22:
  22       0               打印机5            0.00            22797.00        22797.00       
  22       1               批处理机2           22797.00        23861.00        1064.00        

工件 23:
  23       0               打印机5            22797.00        61794.00        38997.00       
  23       1               批处理机1           61794.00        62904.00        1110.00        
  23       2               离散机4            63440.90        64763.90        1323.00        
  23       3               离散机1            64763.90        66412.90        1649.00        
  23       4               离散机6            66412.90        67989.90        1577.00        
  23       5               离散机6            67989.90        69577.90        1588.00        
  23       6               离散机9            69577.90        70674.90        1097.00        
  23       7               离散机3            70674.90        72290.90        1616.00        
  23       8               离散机5            72290.90        73528.90        1238.00        

工件 24:
  24       0               打印机5            0.00            22797.00        22797.00       
  24       1               批处理机2           22797.00        23861.00        1064.00        
  24       2               离散机3            23861.00        25191.00        1330.00        
  24       3               离散机9            25356.00        27098.00        1742.00        
  24       4               离散机5            27098.00        28164.00        1066.00        
  24       5               离散机6            34313.19        35711.19        1398.00        
  24       6               离散机10           41290.22        42467.22        1177.00        
  24       7               离散机8            53085.41        54503.41        1418.00        
  24       8               离散机4            60213.04        61564.04        1351.00        

工件 25:
  25       0               打印机1            0.00            18230.26        18230.26       
  25       1               批处理机2           18230.26        19294.26        1064.00        
  25       2               离散机1            19294.26        20921.26        1627.00        
  25       3               离散机2            20921.26        22247.26        1326.00        
  25       4               离散机10           23824.26        24740.26        916.00         
  25       5               离散机1            27776.00        28822.00        1046.00        
  25       6               离散机9            30236.00        31954.00        1718.00        
  25       7               离散机10           35058.19        36186.19        1128.00        

工件 26:
  26       0               打印机4            0.00            36934.59        36934.59       
  26       1               批处理机2           36960.41        38024.41        1064.00        
  26       2               离散机7            38024.41        39698.41        1674.00        
  26       3               离散机8            39698.41        41465.41        1767.00        
  26       4               离散机3            41465.41        42615.41        1150.00        
  26       5               离散机3            44007.41        45616.41        1609.00        
  26       6               离散机6            45616.41        46895.41        1279.00        
  26       7               离散机9            46895.41        47896.41        1001.00        
  26       8               离散机9            47896.41        48960.41        1064.00        
  26       9               离散机5            48960.41        50456.41        1496.00        

工件 27:
  27       0               打印机1            18230.26        35896.41        17666.15       
  27       1               批处理机2           35896.41        36960.41        1064.00        

工件 28:
  28       0               打印机2            0.00            29753.19        29753.19       
  28       1               批处理机2           29753.19        30817.19        1064.00        
  28       2               离散机2            31805.19        33141.19        1336.00        
  28       3               离散机6            37023.19        38014.19        991.00         
  28       4               离散机10           47208.41        48416.41        1208.00        
  28       5               离散机4            48416.41        49814.41        1398.00        
  28       6               离散机6            59184.95        60215.95        1031.00        

工件 29:
  29       0               打印机1            0.00            18230.26        18230.26       
  29       1               批处理机2           18230.26        19294.26        1064.00        
  29       2               离散机9            19294.26        20969.26        1675.00        
  29       3               离散机8            21808.26        22987.26        1179.00        

工件 30:
  30       0               打印机4            36934.59        58575.06        21640.47       
  30       1               批处理机1           58575.06        59685.06        1110.00        
  30       2               离散机9            59685.06        60784.06        1099.00        
  30       3               离散机8            60784.06        61791.06        1007.00        
  30       4               离散机3            61791.06        62710.06        919.00         
  30       5               离散机5            62710.06        63634.06        924.00         
  30       6               离散机5            63634.06        64808.06        1174.00        
  30       7               离散机5            64808.06        65951.06        1143.00        
  30       8               离散机9            67995.59        69390.59        1395.00        
  30       9               离散机7            71034.06        72174.06        1140.00        

工件 31:
  31       0               打印机5            0.00            22797.00        22797.00       
  31       1               批处理机2           22797.00        23861.00        1064.00        
  31       2               离散机1            23861.00        25275.00        1414.00        
  31       3               离散机8            25275.00        26207.00        932.00         
  31       4               离散机5            28164.00        29672.00        1508.00        
  31       5               离散机9            35149.19        36858.19        1709.00        
  31       6               离散机9            45382.41        46549.41        1167.00        

工件 32:
  32       0               打印机1            0.00            18230.26        18230.26       
  32       1               批处理机2           18230.26        19294.26        1064.00        
  32       2               离散机2            19294.26        20425.26        1131.00        
  32       3               离散机9            20969.26        22451.26        1482.00        
  32       4               离散机1            22495.26        23424.26        929.00         
  32       5               离散机6            33113.19        34313.19        1200.00        
  32       6               离散机5            36853.19        37858.19        1005.00        
  32       7               离散机10           64980.41        66056.41        1076.00        

工件 33:
  33       0               打印机1            0.00            18230.26        18230.26       
  33       1               批处理机2           18230.26        19294.26        1064.00        
  33       2               离散机7            19294.26        20488.26        1194.00        
  33       3               离散机5            20550.26        21614.26        1064.00        
  33       4               离散机9            22451.26        23474.26        1023.00        
  33       5               离散机4            24745.26        25743.26        998.00         
  33       6               离散机5            26059.00        26998.00        939.00         
  33       7               离散机10           27139.26        28546.26        1407.00        

工件 34:
  34       0               打印机5            22797.00        61794.00        38997.00       
  34       1               批处理机1           61794.00        62904.00        1110.00        
  34       2               离散机7            66633.00        68397.00        1764.00        
  34       3               离散机1            68397.00        69791.00        1394.00        
  34       4               离散机9            70674.90        72159.90        1485.00        

工件 35:
  35       0               打印机4            0.00            36934.59        36934.59       
  35       1               批处理机2           36960.41        38024.41        1064.00        
  35       2               离散机8            43762.41        45480.41        1718.00        
  35       3               离散机7            47330.41        49029.41        1699.00        

工件 36:
  36       0               打印机3            0.00            35996.22        35996.22       
  36       1               批处理机1           35996.22        37106.22        1110.00        
  36       2               离散机9            38260.41        39254.41        994.00         
  36       3               离散机9            40363.41        41748.41        1385.00        
  36       4               离散机4            41748.41        43037.41        1289.00        
  36       5               离散机8            48384.41        49800.41        1416.00        
  36       6               离散机6            50244.21        51789.21        1545.00        
  36       7               离散机7            55992.21        57013.21        1021.00        
  36       8               离散机4            57554.95        58536.95        982.00         

工件 37:
  37       0               打印机2            29753.19        57866.04        28112.84       
  37       1               批处理机2           57866.04        58930.04        1064.00        
  37       2               离散机1            58930.04        60088.04        1158.00        
  37       3               离散机2            60088.04        61858.04        1770.00        
  37       4               离散机6            72145.90        73336.90        1191.00        

工件 38:
  38       0               打印机4            0.00            36934.59        36934.59       
  38       1               批处理机2           36960.41        38024.41        1064.00        

工件 39:
  39       0               打印机1            18230.26        35896.41        17666.15       
  39       1               批处理机2           35896.41        36960.41        1064.00        
  39       2               离散机9            36960.41        38260.41        1300.00        
  39       3               离散机9            39254.41        40363.41        1109.00        
  39       4               离散机2            42693.41        44219.41        1526.00        
  39       5               离散机4            49814.41        51322.41        1508.00        

工件 40:
  40       0               打印机2            0.00            29753.19        29753.19       
  40       1               批处理机2           29753.19        30817.19        1064.00        
  40       2               离散机4            32038.19        33200.19        1162.00        
  40       3               离散机9            33839.19        35149.19        1310.00        
  40       4               离散机5            41171.41        42704.41        1533.00        
  40       5               离散机10           44334.41        45662.41        1328.00        
  40       6               离散机10           45662.41        47208.41        1546.00        

工件 41:
  41       0               打印机1            18230.26        35896.41        17666.15       
  41       1               批处理机2           35896.41        36960.41        1064.00        
  41       2               离散机7            36960.41        37981.41        1021.00        
  41       3               离散机2            44219.41        45916.41        1697.00        
  41       4               离散机4            46137.41        47040.41        903.00         
  41       5               离散机8            51972.41        53085.41        1113.00        
  41       6               离散机7            68397.00        69669.00        1272.00        
  41       7               离散机5            69669.00        70939.00        1270.00        

工件 42:
  42       0               打印机1            0.00            18230.26        18230.26       
  42       1               批处理机2           18230.26        19294.26        1064.00        
  42       2               离散机4            19294.26        20689.26        1395.00        
  42       3               离散机10           25942.26        27139.26        1197.00        

工件 43:
  43       0               打印机5            0.00            22797.00        22797.00       
  43       1               批处理机2           22797.00        23861.00        1064.00        
  43       2               离散机9            23861.00        25356.00        1495.00        
  43       3               离散机1            26320.00        27776.00        1456.00        
  43       4               离散机3            27818.00        29113.00        1295.00        
  43       5               离散机1            29113.00        30209.00        1096.00        
  43       6               离散机7            33615.19        35306.19        1691.00        

工件 44:
  44       0               打印机3            0.00            35996.22        35996.22       
  44       1               批处理机1           35996.22        37106.22        1110.00        
  44       2               离散机6            54661.21        55647.21        986.00         

工件 45:
  45       0               打印机1            0.00            18230.26        18230.26       
  45       1               批处理机2           18230.26        19294.26        1064.00        
  45       2               离散机3            19294.26        20615.26        1321.00        
  45       3               离散机8            20615.26        21808.26        1193.00        
  45       4               离散机5            21808.26        23022.26        1214.00        
  45       5               离散机8            26207.00        27704.00        1497.00        
  45       6               离散机6            43351.41        44861.41        1510.00        
  45       7               离散机1            47866.22        48823.22        957.00         
  45       8               离散机9            50361.41        51272.41        911.00         

工件 46:
  46       0               打印机5            0.00            22797.00        22797.00       
  46       1               批处理机2           22797.00        23861.00        1064.00        
  46       2               离散机1            25275.00        26320.00        1045.00        
  46       3               离散机6            26320.00        27323.00        1003.00        
  46       4               离散机3            29113.00        30199.00        1086.00        
  46       5               离散机1            42373.22        43309.22        936.00         
  46       6               离散机1            46794.22        47866.22        1072.00        
  46       7               离散机3            59255.41        60489.41        1234.00        

工件 47:
  47       0               打印机2            0.00            29753.19        29753.19       
  47       1               批处理机2           29753.19        30817.19        1064.00        
  47       2               离散机8            30817.19        32088.19        1271.00        
  47       3               离散机5            32088.19        33240.19        1152.00        
  47       4               离散机10           34008.19        35058.19        1050.00        
  47       5               离散机5            35515.19        36853.19        1338.00        
  47       6               离散机3            56582.41        58025.41        1443.00        
  47       7               离散机2            58025.41        59130.41        1105.00        
  47       8               离散机1            61790.04        63097.04        1307.00        

工件 48:
  48       0               打印机5            22797.00        61794.00        38997.00       
  48       1               批处理机1           61794.00        62904.00        1110.00        
  48       2               离散机10           63541.41        64980.41        1439.00        

工件 49:
  49       0               打印机1            35896.41        46088.21        10191.79       
  49       1               批处理机2           46088.21        47152.21        1064.00        
  49       2               离散机6            47152.21        48601.21        1449.00        
  49       3               离散机10           48601.21        49651.21        1050.00        
  49       4               离散机7            49651.21        51202.21        1551.00        

工件 50:
  50       0               打印机2            29753.19        57866.04        28112.84       
  50       1               批处理机2           57866.04        58930.04        1064.00        
  50       2               离散机10           62413.41        63541.41        1128.00        

工件 51:
  51       0               打印机2            0.00            29753.19        29753.19       
  51       1               批处理机2           29753.19        30817.19        1064.00        
  51       2               离散机4            35403.19        36566.19        1163.00        

工件 52:
  52       0               打印机2            0.00            29753.19        29753.19       
  52       1               批处理机2           29753.19        30817.19        1064.00        
  52       2               离散机1            32490.19        33608.19        1118.00        
  52       3               离散机4            33608.19        35403.19        1795.00        
  52       4               离散机1            43309.22        44331.22        1022.00        
  52       5               离散机3            50392.41        51962.41        1570.00        
  52       6               离散机2            52330.41        53345.41        1015.00        
  52       7               离散机10           57857.95        58780.95        923.00         

工件 53:
  53       0               打印机5            22797.00        61794.00        38997.00       
  53       1               批处理机1           61794.00        62904.00        1110.00        
  53       2               离散机7            62904.00        63883.00        979.00         
  53       3               离散机4            65997.90        67202.90        1205.00        

工件 54:
  54       0               打印机2            29753.19        57866.04        28112.84       
  54       1               批处理机2           57866.04        58930.04        1064.00        
  54       2               离散机10           58930.04        59958.04        1028.00        

工件 55:
  55       0               打印机2            0.00            29753.19        29753.19       
  55       1               批处理机2           29753.19        30817.19        1064.00        
  55       2               离散机10           30817.19        32546.19        1729.00        
  55       3               离散机10           32546.19        34008.19        1462.00        
  55       4               离散机8            35314.19        36918.19        1604.00        
  55       5               离散机3            47191.41        48730.41        1539.00        
  55       6               离散机7            52813.21        54423.21        1610.00        
  55       7               离散机1            54423.21        55821.21        1398.00        

工件 56:
  56       0               打印机4            0.00            36934.59        36934.59       
  56       1               批处理机2           36960.41        38024.41        1064.00        

工件 57:
  57       0               打印机3            0.00            35996.22        35996.22       
  57       1               批处理机1           35996.22        37106.22        1110.00        
  57       2               离散机6            39464.41        40590.41        1126.00        
  57       3               离散机8            56594.41        57581.41        987.00         

工件 58:
  58       0               打印机2            0.00            29753.19        29753.19       
  58       1               批处理机2           29753.19        30817.19        1064.00        
  58       2               离散机3            33303.19        34396.19        1093.00        
  58       3               离散机3            34396.19        35914.19        1518.00        
  58       4               离散机6            35914.19        37023.19        1109.00        
  58       5               离散机5            42704.41        43914.41        1210.00        

工件 59:
  59       0               打印机1            0.00            18230.26        18230.26       
  59       1               批处理机2           18230.26        19294.26        1064.00        
  59       2               离散机10           19294.26        20682.26        1388.00        
  59       3               离散机3            20682.26        21627.26        945.00         
  59       4               离散机4            21627.26        22869.26        1242.00        
  59       5               离散机2            28338.26        29304.26        966.00         
  59       6               离散机7            29304.26        30773.26        1469.00        

工件 60:
  60       0               打印机4            0.00            36934.59        36934.59       
  60       1               批处理机2           36960.41        38024.41        1064.00        
  60       2               离散机7            61485.04        62689.04        1204.00        

工件 61:
  61       0               打印机5            22797.00        61794.00        38997.00       
  61       1               批处理机1           61794.00        62904.00        1110.00        

工件 62:
  62       0               打印机2            29753.19        57866.04        28112.84       
  62       1               批处理机2           57866.04        58930.04        1064.00        
  62       2               离散机4            58930.04        60213.04        1283.00        

工件 63:
  63       0               打印机4            0.00            36934.59        36934.59       
  63       1               批处理机2           36960.41        38024.41        1064.00        

工件 64:
  64       0               打印机4            36934.59        58575.06        21640.47       
  64       1               批处理机1           58575.06        59685.06        1110.00        
  64       2               离散机9            60784.06        61985.06        1201.00        

工件 65:
  65       0               打印机2            29753.19        57866.04        28112.84       
  65       1               批处理机2           57866.04        58930.04        1064.00        
  65       2               离散机9            61985.06        63391.06        1406.00        
  65       3               离散机4            64763.90        65997.90        1234.00        
  65       4               离散机6            69577.90        71226.90        1649.00        
  65       5               离散机1            71226.90        72387.90        1161.00        
  65       6               离散机7            72387.90        73412.90        1025.00        

工件 66:
  66       0               打印机2            0.00            29753.19        29753.19       
  66       1               批处理机2           29753.19        30817.19        1064.00        
  66       2               离散机1            34959.19        36262.19        1303.00        
  66       3               离散机10           36262.19        37911.19        1649.00        
  66       4               离散机8            38134.19        39385.19        1251.00        
  66       5               离散机9            42864.41        44018.41        1154.00        
  66       6               离散机1            51772.21        52898.21        1126.00        

工件 67:
  67       0               打印机2            0.00            29753.19        29753.19       
  67       1               批处理机2           29753.19        30817.19        1064.00        
  67       2               离散机8            33074.19        34126.19        1052.00        
  67       3               离散机7            35306.19        36709.19        1403.00        
  67       4               离散机3            53513.41        55075.41        1562.00        
  67       5               离散机5            55075.41        56359.41        1284.00        

工件 68:
  68       0               打印机2            0.00            29753.19        29753.19       
  68       1               批处理机2           29753.19        30817.19        1064.00        
  68       2               离散机7            32251.19        33615.19        1364.00        
  68       3               离散机4            44692.41        46137.41        1445.00        
  68       4               离散机9            55576.95        56505.95        929.00         

工件 69:
  69       0               打印机5            0.00            22797.00        22797.00       
  69       1               批处理机2           22797.00        23861.00        1064.00        
  69       2               离散机8            23861.00        25067.00        1206.00        
  69       3               离散机7            26700.00        28211.00        1511.00        
  69       4               离散机8            28211.00        29520.00        1309.00        
  69       5               离散机4            29520.00        30534.00        1014.00        
  69       6               离散机8            50738.41        51972.41        1234.00        
  69       7               离散机7            57013.21        58638.21        1625.00        
  69       8               离散机10           66056.41        67722.41        1666.00        

工件 70:
  70       0               打印机3            35996.22        50211.95        14215.73       
  70       1               批处理机2           50211.95        51275.95        1064.00        
  70       2               离散机10           51275.95        52457.95        1182.00        

工件 71:
  71       0               打印机4            58575.06        65862.59        7287.53        
  71       1               批处理机2           65862.59        66926.59        1064.00        
  71       2               离散机9            66926.59        67995.59        1069.00        
  71       3               离散机4            67995.59        69663.59        1668.00        
  71       4               离散机2            70296.06        71450.06        1154.00        

工件 72:
  72       0               打印机3            0.00            35996.22        35996.22       
  72       1               批处理机1           35996.22        37106.22        1110.00        
  72       2               离散机4            37106.22        38491.22        1385.00        
  72       3               离散机1            38491.22        39982.22        1491.00        
  72       4               离散机4            39982.22        41241.22        1259.00        
  72       5               离散机7            45761.41        47330.41        1569.00        
  72       6               离散机6            48601.21        50244.21        1643.00        
  72       7               离散机5            52914.95        54050.95        1136.00        
  72       8               离散机5            56359.41        57751.41        1392.00        

工件 73:
  73       0               打印机5            0.00            22797.00        22797.00       
  73       1               批处理机2           22797.00        23861.00        1064.00        
  73       2               离散机1            45759.22        46794.22        1035.00        

工件 74:
  74       0               打印机2            0.00            29753.19        29753.19       
  74       1               批处理机2           29753.19        30817.19        1064.00        
  74       2               离散机3            32274.19        33303.19        1029.00        
  74       3               离散机7            42629.41        43874.41        1245.00        
  74       4               离散机2            64462.04        65653.04        1191.00        

工件 75:
  75       0               打印机1            46088.21        61215.90        15127.69       
  75       1               批处理机2           61215.90        62279.90        1064.00        
  75       2               离散机4            62279.90        63440.90        1161.00        
  75       3               离散机1            63440.90        64585.90        1145.00        
  75       4               离散机9            64898.06        66488.06        1590.00        
  75       5               离散机3            68567.06        70116.06        1549.00        
  75       6               离散机7            70116.06        71034.06        918.00         

工件 76:
  76       0               打印机1            35896.41        46088.21        10191.79       
  76       1               批处理机2           46088.21        47152.21        1064.00        

工件 77:
  77       0               打印机3            0.00            35996.22        35996.22       
  77       1               批处理机1           35996.22        37106.22        1110.00        
  77       2               离散机7            39698.41        40847.41        1149.00        
  77       3               离散机6            40847.41        41888.41        1041.00        
  77       4               离散机1            44331.22        45759.22        1428.00        

工件 78:
  78       0               打印机5            22797.00        61794.00        38997.00       
  78       1               批处理机1           61794.00        62904.00        1110.00        
  78       2               离散机8            64567.06        65852.06        1285.00        

工件 79:
  79       0               打印机2            29753.19        57866.04        28112.84       
  79       1               批处理机2           57866.04        58930.04        1064.00        
  79       2               离散机7            60237.04        61485.04        1248.00        

工件 80:
  80       0               打印机3            0.00            35996.22        35996.22       
  80       1               批处理机1           35996.22        37106.22        1110.00        

工件 81:
  81       0               打印机2            0.00            29753.19        29753.19       
  81       1               批处理机2           29753.19        30817.19        1064.00        
  81       2               离散机6            30817.19        32081.19        1264.00        
  81       3               离散机8            34126.19        35314.19        1188.00        

工件 82:
  82       0               打印机5            22797.00        61794.00        38997.00       
  82       1               批处理机1           61794.00        62904.00        1110.00        
  82       2               离散机3            65271.06        66870.06        1599.00        
  82       3               离散机1            66870.06        67780.06        910.00         

工件 83:
  83       0               打印机2            0.00            29753.19        29753.19       
  83       1               批处理机2           29753.19        30817.19        1064.00        
  83       2               离散机4            30817.19        32038.19        1221.00        
  83       3               离散机8            32088.19        33074.19        986.00         
  83       4               离散机1            33608.19        34959.19        1351.00        
  83       5               离散机2            34959.19        36383.19        1424.00        
  83       6               离散机4            38491.22        39917.22        1426.00        
  83       7               离散机9            48960.41        50361.41        1401.00        

工件 84:
  84       0               打印机5            22797.00        61794.00        38997.00       
  84       1               批处理机1           61794.00        62904.00        1110.00        

工件 85:
  85       0               打印机5            0.00            22797.00        22797.00       
  85       1               批处理机2           22797.00        23861.00        1064.00        
  85       2               离散机6            27323.00        28565.00        1242.00        
  85       3               离散机9            28565.00        30236.00        1671.00        

工件 86:
  86       0               打印机1            0.00            18230.26        18230.26       
  86       1               批处理机2           18230.26        19294.26        1064.00        
  86       2               离散机6            20299.26        21653.26        1354.00        
  86       3               离散机3            21653.26        22973.26        1320.00        
  86       4               离散机4            22973.26        24745.26        1772.00        
  86       5               离散机10           24745.26        25942.26        1197.00        

工件 87:
  87       0               打印机5            0.00            22797.00        22797.00       
  87       1               批处理机2           22797.00        23861.00        1064.00        
  87       2               离散机3            25191.00        26327.00        1136.00        
  87       3               离散机9            27098.00        28371.00        1273.00        
  87       4               离散机6            53001.21        54661.21        1660.00        

工件 88:
  88       0               打印机2            29753.19        57866.04        28112.84       
  88       1               批处理机2           57866.04        58930.04        1064.00        
  88       2               离散机7            58930.04        60237.04        1307.00        
  88       3               离散机8            61791.06        63090.06        1299.00        
  88       4               离散机6            63908.00        65533.00        1625.00        

工件 89:
  89       0               打印机4            0.00            36934.59        36934.59       
  89       1               批处理机2           36960.41        38024.41        1064.00        
  89       2               离散机5            38024.41        39794.41        1770.00        
  89       3               离散机1            52898.21        53904.21        1006.00        

工件 90:
  90       0               打印机4            0.00            36934.59        36934.59       
  90       1               批处理机2           36960.41        38024.41        1064.00        
  90       2               离散机5            39794.41        41171.41        1377.00        

工件 91:
  91       0               打印机3            35996.22        50211.95        14215.73       
  91       1               批处理机2           50211.95        51275.95        1064.00        
  91       2               离散机5            51275.95        52914.95        1639.00        

工件 92:
  92       0               打印机2            0.00            29753.19        29753.19       
  92       1               批处理机2           29753.19        30817.19        1064.00        
  92       2               离散机6            32081.19        33113.19        1032.00        
  92       3               离散机2            33141.19        34336.19        1195.00        

工件 93:
  93       0               打印机4            0.00            36934.59        36934.59       
  93       1               批处理机2           36960.41        38024.41        1064.00        
  93       2               离散机3            38024.41        39735.41        1711.00        
  93       3               离散机8            41465.41        42845.41        1380.00        
  93       4               离散机10           42845.41        44334.41        1489.00        
  93       5               离散机8            55519.41        56594.41        1075.00        

工件 94:
  94       0               打印机4            0.00            36934.59        36934.59       
  94       1               批处理机2           36960.41        38024.41        1064.00        
  94       2               离散机6            38024.41        39464.41        1440.00        
  94       3               离散机3            51962.41        53513.41        1551.00        
  94       4               离散机10           55681.95        56600.95        919.00         
  94       5               离散机4            56600.95        57554.95        954.00         
  94       6               离散机2            61858.04        62868.04        1010.00        
  94       7               离散机2            62868.04        64462.04        1594.00        

工件 95:
  95       0               打印机1            18230.26        35896.41        17666.15       
  95       1               批处理机2           35896.41        36960.41        1064.00        

工件 96:
  96       0               打印机3            35996.22        50211.95        14215.73       
  96       1               批处理机2           50211.95        51275.95        1064.00        
  96       2               离散机9            51275.95        52559.95        1284.00        
  96       3               离散机4            52559.95        54240.95        1681.00        
  96       4               离散机10           54240.95        55681.95        1441.00        
  96       5               离散机6            55681.95        57136.95        1455.00        
  96       6               离散机9            57136.95        58160.95        1024.00        
  96       7               离散机3            60489.41        61655.41        1166.00        
  96       8               离散机1            69791.00        70954.00        1163.00        

工件 97:
  97       0               打印机4            0.00            36934.59        36934.59       
  97       1               批处理机2           36960.41        38024.41        1064.00        
  97       2               离散机2            38024.41        39324.41        1300.00        
  97       3               离散机1            39982.22        41447.22        1465.00        
  97       4               离散机6            41888.41        43351.41        1463.00        

工件 98:
  98       0               打印机4            36934.59        58575.06        21640.47       
  98       1               批处理机1           58575.06        59685.06        1110.00        

工件 99:
  99       0               打印机2            29753.19        57866.04        28112.84       
  99       1               批处理机2           57866.04        58930.04        1064.00        
  99       2               离散机10           61116.41        62413.41        1297.00        
  99       3               离散机3            63892.06        65271.06        1379.00        
  99       4               离散机7            65631.00        66633.00        1002.00        
  99       5               离散机8            66633.00        68061.00        1428.00        
  99       6               离散机10           68061.00        69360.00        1299.00        
  99       7               离散机9            72159.90        73227.90        1068.00        

【机器加工顺序记录】
----------------------------------------------------------------------------------------------------

打印机1:
工件号      工序号             开始时间            结束时间            加工时长           
--------------------------------------------------------------------------------
  3        0               0.00            18230.26        18230.26       
  6        0               0.00            18230.26        18230.26       
  8        0               0.00            18230.26        18230.26       
  12       0               0.00            18230.26        18230.26       
  20       0               0.00            18230.26        18230.26       
  25       0               0.00            18230.26        18230.26       
  29       0               0.00            18230.26        18230.26       
  32       0               0.00            18230.26        18230.26       
  33       0               0.00            18230.26        18230.26       
  42       0               0.00            18230.26        18230.26       
  45       0               0.00            18230.26        18230.26       
  59       0               0.00            18230.26        18230.26       
  86       0               0.00            18230.26        18230.26       
  1        0               18230.26        35896.41        17666.15       
  16       0               18230.26        35896.41        17666.15       
  27       0               18230.26        35896.41        17666.15       
  39       0               18230.26        35896.41        17666.15       
  41       0               18230.26        35896.41        17666.15       
  95       0               18230.26        35896.41        17666.15       
  0        0               35896.41        46088.21        10191.79       
  2        0               35896.41        46088.21        10191.79       
  49       0               35896.41        46088.21        10191.79       
  76       0               35896.41        46088.21        10191.79       
  75       0               46088.21        61215.90        15127.69       

  机器利用率: 542.49% (忙碌时间: 398885.13 / 总时间: 73528.90)

打印机2:
工件号      工序号             开始时间            结束时间            加工时长           
--------------------------------------------------------------------------------
  5        0               0.00            29753.19        29753.19       
  7        0               0.00            29753.19        29753.19       
  13       0               0.00            29753.19        29753.19       
  19       0               0.00            29753.19        29753.19       
  28       0               0.00            29753.19        29753.19       
  40       0               0.00            29753.19        29753.19       
  47       0               0.00            29753.19        29753.19       
  51       0               0.00            29753.19        29753.19       
  52       0               0.00            29753.19        29753.19       
  55       0               0.00            29753.19        29753.19       
  58       0               0.00            29753.19        29753.19       
  66       0               0.00            29753.19        29753.19       
  67       0               0.00            29753.19        29753.19       
  68       0               0.00            29753.19        29753.19       
  74       0               0.00            29753.19        29753.19       
  81       0               0.00            29753.19        29753.19       
  83       0               0.00            29753.19        29753.19       
  92       0               0.00            29753.19        29753.19       
  18       0               29753.19        57866.04        28112.84       
  37       0               29753.19        57866.04        28112.84       
  50       0               29753.19        57866.04        28112.84       
  54       0               29753.19        57866.04        28112.84       
  62       0               29753.19        57866.04        28112.84       
  65       0               29753.19        57866.04        28112.84       
  79       0               29753.19        57866.04        28112.84       
  88       0               29753.19        57866.04        28112.84       
  99       0               29753.19        57866.04        28112.84       

  机器利用率: 1072.47% (忙碌时间: 788573.05 / 总时间: 73528.90)

打印机3:
工件号      工序号             开始时间            结束时间            加工时长           
--------------------------------------------------------------------------------
  4        0               0.00            35996.22        35996.22       
  36       0               0.00            35996.22        35996.22       
  44       0               0.00            35996.22        35996.22       
  57       0               0.00            35996.22        35996.22       
  72       0               0.00            35996.22        35996.22       
  77       0               0.00            35996.22        35996.22       
  80       0               0.00            35996.22        35996.22       
  70       0               35996.22        50211.95        14215.73       
  91       0               35996.22        50211.95        14215.73       
  96       0               35996.22        50211.95        14215.73       
  17       0               50211.95        59098.41        8886.46        

  机器利用率: 412.77% (忙碌时间: 303507.20 / 总时间: 73528.90)

打印机4:
工件号      工序号             开始时间            结束时间            加工时长           
--------------------------------------------------------------------------------
  11       0               0.00            36934.59        36934.59       
  14       0               0.00            36934.59        36934.59       
  15       0               0.00            36934.59        36934.59       
  26       0               0.00            36934.59        36934.59       
  35       0               0.00            36934.59        36934.59       
  38       0               0.00            36934.59        36934.59       
  56       0               0.00            36934.59        36934.59       
  60       0               0.00            36934.59        36934.59       
  63       0               0.00            36934.59        36934.59       
  89       0               0.00            36934.59        36934.59       
  90       0               0.00            36934.59        36934.59       
  93       0               0.00            36934.59        36934.59       
  94       0               0.00            36934.59        36934.59       
  97       0               0.00            36934.59        36934.59       
  30       0               36934.59        58575.06        21640.47       
  64       0               36934.59        58575.06        21640.47       
  98       0               36934.59        58575.06        21640.47       
  71       0               58575.06        65862.59        7287.53        

  机器利用率: 801.44% (忙碌时间: 589293.18 / 总时间: 73528.90)

打印机5:
工件号      工序号             开始时间            结束时间            加工时长           
--------------------------------------------------------------------------------
  9        0               0.00            22797.00        22797.00       
  21       0               0.00            22797.00        22797.00       
  22       0               0.00            22797.00        22797.00       
  24       0               0.00            22797.00        22797.00       
  31       0               0.00            22797.00        22797.00       
  43       0               0.00            22797.00        22797.00       
  46       0               0.00            22797.00        22797.00       
  69       0               0.00            22797.00        22797.00       
  73       0               0.00            22797.00        22797.00       
  85       0               0.00            22797.00        22797.00       
  87       0               0.00            22797.00        22797.00       
  10       0               22797.00        61794.00        38997.00       
  23       0               22797.00        61794.00        38997.00       
  34       0               22797.00        61794.00        38997.00       
  48       0               22797.00        61794.00        38997.00       
  53       0               22797.00        61794.00        38997.00       
  61       0               22797.00        61794.00        38997.00       
  78       0               22797.00        61794.00        38997.00       
  82       0               22797.00        61794.00        38997.00       
  84       0               22797.00        61794.00        38997.00       

  机器利用率: 818.37% (忙碌时间: 601740.00 / 总时间: 73528.90)

批处理机1:
工件号      工序号             开始时间            结束时间            加工时长           
--------------------------------------------------------------------------------
  4        1               35996.22        37106.22        1110.00        
  36       1               35996.22        37106.22        1110.00        
  44       1               35996.22        37106.22        1110.00        
  57       1               35996.22        37106.22        1110.00        
  72       1               35996.22        37106.22        1110.00        
  77       1               35996.22        37106.22        1110.00        
  80       1               35996.22        37106.22        1110.00        
  30       1               58575.06        59685.06        1110.00        
  64       1               58575.06        59685.06        1110.00        
  98       1               58575.06        59685.06        1110.00        
  10       1               61794.00        62904.00        1110.00        
  23       1               61794.00        62904.00        1110.00        
  34       1               61794.00        62904.00        1110.00        
  48       1               61794.00        62904.00        1110.00        
  53       1               61794.00        62904.00        1110.00        
  61       1               61794.00        62904.00        1110.00        
  78       1               61794.00        62904.00        1110.00        
  82       1               61794.00        62904.00        1110.00        
  84       1               61794.00        62904.00        1110.00        

  机器利用率: 28.68% (忙碌时间: 21090.00 / 总时间: 73528.90)

批处理机2:
工件号      工序号             开始时间            结束时间            加工时长           
--------------------------------------------------------------------------------
  3        1               18230.26        19294.26        1064.00        
  6        1               18230.26        19294.26        1064.00        
  8        1               18230.26        19294.26        1064.00        
  12       1               18230.26        19294.26        1064.00        
  20       1               18230.26        19294.26        1064.00        
  25       1               18230.26        19294.26        1064.00        
  29       1               18230.26        19294.26        1064.00        
  32       1               18230.26        19294.26        1064.00        
  33       1               18230.26        19294.26        1064.00        
  42       1               18230.26        19294.26        1064.00        
  45       1               18230.26        19294.26        1064.00        
  59       1               18230.26        19294.26        1064.00        
  86       1               18230.26        19294.26        1064.00        
  9        1               22797.00        23861.00        1064.00        
  21       1               22797.00        23861.00        1064.00        
  22       1               22797.00        23861.00        1064.00        
  24       1               22797.00        23861.00        1064.00        
  31       1               22797.00        23861.00        1064.00        
  43       1               22797.00        23861.00        1064.00        
  46       1               22797.00        23861.00        1064.00        
  69       1               22797.00        23861.00        1064.00        
  73       1               22797.00        23861.00        1064.00        
  85       1               22797.00        23861.00        1064.00        
  87       1               22797.00        23861.00        1064.00        
  5        1               29753.19        30817.19        1064.00        
  7        1               29753.19        30817.19        1064.00        
  13       1               29753.19        30817.19        1064.00        
  19       1               29753.19        30817.19        1064.00        
  28       1               29753.19        30817.19        1064.00        
  40       1               29753.19        30817.19        1064.00        
  47       1               29753.19        30817.19        1064.00        
  51       1               29753.19        30817.19        1064.00        
  52       1               29753.19        30817.19        1064.00        
  55       1               29753.19        30817.19        1064.00        
  58       1               29753.19        30817.19        1064.00        
  66       1               29753.19        30817.19        1064.00        
  67       1               29753.19        30817.19        1064.00        
  68       1               29753.19        30817.19        1064.00        
  74       1               29753.19        30817.19        1064.00        
  81       1               29753.19        30817.19        1064.00        
  83       1               29753.19        30817.19        1064.00        
  92       1               29753.19        30817.19        1064.00        
  1        1               35896.41        36960.41        1064.00        
  16       1               35896.41        36960.41        1064.00        
  27       1               35896.41        36960.41        1064.00        
  39       1               35896.41        36960.41        1064.00        
  41       1               35896.41        36960.41        1064.00        
  95       1               35896.41        36960.41        1064.00        
  11       1               36960.41        38024.41        1064.00        
  14       1               36960.41        38024.41        1064.00        
  15       1               36960.41        38024.41        1064.00        
  26       1               36960.41        38024.41        1064.00        
  35       1               36960.41        38024.41        1064.00        
  38       1               36960.41        38024.41        1064.00        
  56       1               36960.41        38024.41        1064.00        
  60       1               36960.41        38024.41        1064.00        
  63       1               36960.41        38024.41        1064.00        
  89       1               36960.41        38024.41        1064.00        
  90       1               36960.41        38024.41        1064.00        
  93       1               36960.41        38024.41        1064.00        
  94       1               36960.41        38024.41        1064.00        
  97       1               36960.41        38024.41        1064.00        
  0        1               46088.21        47152.21        1064.00        
  2        1               46088.21        47152.21        1064.00        
  49       1               46088.21        47152.21        1064.00        
  76       1               46088.21        47152.21        1064.00        
  70       1               50211.95        51275.95        1064.00        
  91       1               50211.95        51275.95        1064.00        
  96       1               50211.95        51275.95        1064.00        
  18       1               57866.04        58930.04        1064.00        
  37       1               57866.04        58930.04        1064.00        
  50       1               57866.04        58930.04        1064.00        
  54       1               57866.04        58930.04        1064.00        
  62       1               57866.04        58930.04        1064.00        
  65       1               57866.04        58930.04        1064.00        
  79       1               57866.04        58930.04        1064.00        
  88       1               57866.04        58930.04        1064.00        
  99       1               57866.04        58930.04        1064.00        
  17       1               59098.41        60162.41        1064.00        
  75       1               61215.90        62279.90        1064.00        
  71       1               65862.59        66926.59        1064.00        

  机器利用率: 117.21% (忙碌时间: 86184.00 / 总时间: 73528.90)

离散机1:
工件号      工序号             开始时间            结束时间            加工时长           
--------------------------------------------------------------------------------
  25       2               19294.26        20921.26        1627.00        
  20       2               20921.26        22495.26        1574.00        
  32       4               22495.26        23424.26        929.00         
  31       2               23861.00        25275.00        1414.00        
  46       2               25275.00        26320.00        1045.00        
  43       3               26320.00        27776.00        1456.00        
  25       5               27776.00        28822.00        1046.00        
  43       5               29113.00        30209.00        1096.00        
  5        2               30817.19        32490.19        1673.00        
  52       2               32490.19        33608.19        1118.00        
  83       4               33608.19        34959.19        1351.00        
  66       2               34959.19        36262.19        1303.00        
  4        2               37106.22        38239.22        1133.00        
  72       3               38491.22        39982.22        1491.00        
  97       3               39982.22        41447.22        1465.00        
  7        4               41447.22        42373.22        926.00         
  46       5               42373.22        43309.22        936.00         
  52       4               43309.22        44331.22        1022.00        
  77       4               44331.22        45759.22        1428.00        
  73       2               45759.22        46794.22        1035.00        
  46       6               46794.22        47866.22        1072.00        
  45       7               47866.22        48823.22        957.00         
  8        6               48823.22        49856.22        1033.00        
  0        4               50857.21        51772.21        915.00         
  66       6               51772.21        52898.21        1126.00        
  89       3               52898.21        53904.21        1006.00        
  55       7               54423.21        55821.21        1398.00        
  37       2               58930.04        60088.04        1158.00        
  18       2               60088.04        61790.04        1702.00        
  47       8               61790.04        63097.04        1307.00        
  75       3               63440.90        64585.90        1145.00        
  23       3               64763.90        66412.90        1649.00        
  82       3               66870.06        67780.06        910.00         
  34       3               68397.00        69791.00        1394.00        
  96       8               69791.00        70954.00        1163.00        
  65       5               71226.90        72387.90        1161.00        

  机器利用率: 60.06% (忙碌时间: 44164.00 / 总时间: 73528.90)

离散机2:
工件号      工序号             开始时间            结束时间            加工时长           
--------------------------------------------------------------------------------
  32       2               19294.26        20425.26        1131.00        
  25       3               20921.26        22247.26        1326.00        
  8        4               22680.26        24291.26        1611.00        
  3        4               24291.26        25289.26        998.00         
  6        3               25289.26        26954.26        1665.00        
  8        5               26954.26        28338.26        1384.00        
  59       5               28338.26        29304.26        966.00         
  3        6               29304.26        30669.26        1365.00        
  7        2               30817.19        31805.19        988.00         
  28       2               31805.19        33141.19        1336.00        
  92       3               33141.19        34336.19        1195.00        
  83       5               34959.19        36383.19        1424.00        
  13       5               36383.19        38018.19        1635.00        
  97       2               38024.41        39324.41        1300.00        
  14       2               39324.41        41094.41        1770.00        
  15       2               41094.41        42693.41        1599.00        
  39       4               42693.41        44219.41        1526.00        
  41       3               44219.41        45916.41        1697.00        
  15       3               45916.41        47504.41        1588.00        
  16       2               47504.41        49294.41        1790.00        
  15       4               49294.41        50384.41        1090.00        
  4        6               50384.41        51406.41        1022.00        
  1        4               51406.41        52330.41        924.00         
  52       6               52330.41        53345.41        1015.00        
  5        4               53345.41        54265.41        920.00         
  5        5               54265.41        55436.41        1171.00        
  7        5               55436.41        56781.41        1345.00        
  13       7               56781.41        57762.41        981.00         
  47       7               58025.41        59130.41        1105.00        
  5        6               59130.41        60030.41        900.00         
  37       3               60088.04        61858.04        1770.00        
  94       6               61858.04        62868.04        1010.00        
  94       7               62868.04        64462.04        1594.00        
  74       4               64462.04        65653.04        1191.00        
  17       6               65653.04        67276.04        1623.00        
  17       7               67276.04        68247.04        971.00         
  10       5               68567.06        70296.06        1729.00        
  71       4               70296.06        71450.06        1154.00        

  机器利用率: 67.74% (忙碌时间: 49809.00 / 总时间: 73528.90)

离散机3:
工件号      工序号             开始时间            结束时间            加工时长           
--------------------------------------------------------------------------------
  45       2               19294.26        20615.26        1321.00        
  59       3               20682.26        21627.26        945.00         
  86       3               21653.26        22973.26        1320.00        
  24       2               23861.00        25191.00        1330.00        
  87       2               25191.00        26327.00        1136.00        
  21       3               26700.00        27818.00        1118.00        
  43       4               27818.00        29113.00        1295.00        
  46       4               29113.00        30199.00        1086.00        
  13       2               30817.19        32274.19        1457.00        
  74       2               32274.19        33303.19        1029.00        
  58       2               33303.19        34396.19        1093.00        
  58       3               34396.19        35914.19        1518.00        
  6        4               35914.19        36870.19        956.00         
  1        2               36960.41        37995.41        1035.00        
  93       2               38024.41        39735.41        1711.00        
  11       2               39735.41        41116.41        1381.00        
  26       4               41465.41        42615.41        1150.00        
  14       3               42615.41        44007.41        1392.00        
  26       5               44007.41        45616.41        1609.00        
  14       5               45761.41        47191.41        1430.00        
  55       5               47191.41        48730.41        1539.00        
  2        2               48730.41        50392.41        1662.00        
  52       5               50392.41        51962.41        1570.00        
  94       3               51962.41        53513.41        1551.00        
  67       4               53513.41        55075.41        1562.00        
  15       5               55075.41        56582.41        1507.00        
  47       6               56582.41        58025.41        1443.00        
  15       6               58025.41        59255.41        1230.00        
  46       7               59255.41        60489.41        1234.00        
  96       7               60489.41        61655.41        1166.00        
  30       4               61791.06        62710.06        919.00         
  17       4               62710.06        63892.06        1182.00        
  99       3               63892.06        65271.06        1379.00        
  82       2               65271.06        66870.06        1599.00        
  10       4               66870.06        68567.06        1697.00        
  75       5               68567.06        70116.06        1549.00        
  23       7               70674.90        72290.90        1616.00        

  机器利用率: 67.62% (忙碌时间: 49717.00 / 总时间: 73528.90)

离散机4:
工件号      工序号             开始时间            结束时间            加工时长           
--------------------------------------------------------------------------------
  42       2               19294.26        20689.26        1395.00        
  59       4               21627.26        22869.26        1242.00        
  86       4               22973.26        24745.26        1772.00        
  33       5               24745.26        25743.26        998.00         
  69       5               29520.00        30534.00        1014.00        
  83       2               30817.19        32038.19        1221.00        
  40       2               32038.19        33200.19        1162.00        
  52       3               33608.19        35403.19        1795.00        
  51       2               35403.19        36566.19        1163.00        
  72       2               37106.22        38491.22        1385.00        
  83       6               38491.22        39917.22        1426.00        
  72       4               39982.22        41241.22        1259.00        
  36       4               41748.41        43037.41        1289.00        
  11       4               43037.41        44692.41        1655.00        
  68       3               44692.41        46137.41        1445.00        
  41       4               46137.41        47040.41        903.00         
  28       5               48416.41        49814.41        1398.00        
  39       5               49814.41        51322.41        1508.00        
  96       3               52559.95        54240.95        1681.00        
  8        7               54240.95        55901.95        1661.00        
  94       5               56600.95        57554.95        954.00         
  36       8               57554.95        58536.95        982.00         
  62       2               58930.04        60213.04        1283.00        
  24       8               60213.04        61564.04        1351.00        
  75       2               62279.90        63440.90        1161.00        
  23       2               63440.90        64763.90        1323.00        
  65       3               64763.90        65997.90        1234.00        
  53       3               65997.90        67202.90        1205.00        
  71       3               67995.59        69663.59        1668.00        

  机器利用率: 52.41% (忙碌时间: 38533.00 / 总时间: 73528.90)

离散机5:
工件号      工序号             开始时间            结束时间            加工时长           
--------------------------------------------------------------------------------
  8        2               19294.26        20550.26        1256.00        
  33       3               20550.26        21614.26        1064.00        
  45       4               21808.26        23022.26        1214.00        
  20       3               23022.26        24247.26        1225.00        
  9        3               25146.00        26059.00        913.00         
  33       6               26059.00        26998.00        939.00         
  24       4               27098.00        28164.00        1066.00        
  31       4               28164.00        29672.00        1508.00        
  20       5               29672.00        30903.00        1231.00        
  47       3               32088.19        33240.19        1152.00        
  13       4               33839.19        35515.19        1676.00        
  47       5               35515.19        36853.19        1338.00        
  32       6               36853.19        37858.19        1005.00        
  89       2               38024.41        39794.41        1770.00        
  90       2               39794.41        41171.41        1377.00        
  40       4               41171.41        42704.41        1533.00        
  58       5               42704.41        43914.41        1210.00        
  0        2               47152.21        48675.21        1523.00        
  26       9               48960.41        50456.41        1496.00        
  91       2               51275.95        52914.95        1639.00        
  72       7               52914.95        54050.95        1136.00        
  67       5               55075.41        56359.41        1284.00        
  72       8               56359.41        57751.41        1392.00        
  15       7               59255.41        60168.41        913.00         
  30       5               62710.06        63634.06        924.00         
  30       6               63634.06        64808.06        1174.00        
  30       7               64808.06        65951.06        1143.00        
  41       7               69669.00        70939.00        1270.00        
  23       8               72290.90        73528.90        1238.00        

  机器利用率: 49.79% (忙碌时间: 36609.00 / 总时间: 73528.90)

离散机6:
工件号      工序号             开始时间            结束时间            加工时长           
--------------------------------------------------------------------------------
  6        2               19294.26        20299.26        1005.00        
  86       2               20299.26        21653.26        1354.00        
  8        3               21653.26        22680.26        1027.00        
  20       4               24247.26        25507.26        1260.00        
  46       3               26320.00        27323.00        1003.00        
  85       2               27323.00        28565.00        1242.00        
  21       4               28565.00        30130.00        1565.00        
  81       2               30817.19        32081.19        1264.00        
  92       2               32081.19        33113.19        1032.00        
  32       5               33113.19        34313.19        1200.00        
  24       5               34313.19        35711.19        1398.00        
  58       4               35914.19        37023.19        1109.00        
  28       3               37023.19        38014.19        991.00         
  94       2               38024.41        39464.41        1440.00        
  57       2               39464.41        40590.41        1126.00        
  77       3               40847.41        41888.41        1041.00        
  97       4               41888.41        43351.41        1463.00        
  45       6               43351.41        44861.41        1510.00        
  26       6               45616.41        46895.41        1279.00        
  49       2               47152.21        48601.21        1449.00        
  72       6               48601.21        50244.21        1643.00        
  36       6               50244.21        51789.21        1545.00        
  14       7               51789.21        53001.21        1212.00        
  87       4               53001.21        54661.21        1660.00        
  44       2               54661.21        55647.21        986.00         
  96       5               55681.95        57136.95        1455.00        
  14       9               57857.95        59184.95        1327.00        
  28       6               59184.95        60215.95        1031.00        
  17       3               61116.41        62354.41        1238.00        
  10       2               62904.00        63908.00        1004.00        
  88       4               63908.00        65533.00        1625.00        
  23       4               66412.90        67989.90        1577.00        
  23       5               67989.90        69577.90        1588.00        
  65       4               69577.90        71226.90        1649.00        
  17       8               71226.90        72145.90        919.00         
  37       4               72145.90        73336.90        1191.00        

  机器利用率: 63.12% (忙碌时间: 46408.00 / 总时间: 73528.90)

离散机7:
工件号      工序号             开始时间            结束时间            加工时长           
--------------------------------------------------------------------------------
  33       2               19294.26        20488.26        1194.00        
  3        3               22301.26        23430.26        1129.00        
  9        2               23861.00        25146.00        1285.00        
  21       2               25146.00        26700.00        1554.00        
  69       3               26700.00        28211.00        1511.00        
  3        5               28211.00        29302.00        1091.00        
  59       6               29304.26        30773.26        1469.00        
  19       2               30817.19        32251.19        1434.00        
  68       2               32251.19        33615.19        1364.00        
  43       6               33615.19        35306.19        1691.00        
  67       3               35306.19        36709.19        1403.00        
  41       2               36960.41        37981.41        1021.00        
  26       2               38024.41        39698.41        1674.00        
  77       2               39698.41        40847.41        1149.00        
  1        3               40847.41        42629.41        1782.00        
  74       3               42629.41        43874.41        1245.00        
  14       4               44007.41        45761.41        1754.00        
  72       5               45761.41        47330.41        1569.00        
  35       3               47330.41        49029.41        1699.00        
  49       4               49651.21        51202.21        1551.00        
  13       6               51202.21        52813.21        1611.00        
  55       6               52813.21        54423.21        1610.00        
  16       3               54423.21        55992.21        1569.00        
  36       7               55992.21        57013.21        1021.00        
  69       7               57013.21        58638.21        1625.00        
  88       2               58930.04        60237.04        1307.00        
  79       2               60237.04        61485.04        1248.00        
  60       2               61485.04        62689.04        1204.00        
  53       2               62904.00        63883.00        979.00         
  10       3               63908.00        65631.00        1723.00        
  99       4               65631.00        66633.00        1002.00        
  34       2               66633.00        68397.00        1764.00        
  41       6               68397.00        69669.00        1272.00        
  75       6               70116.06        71034.06        918.00         
  30       9               71034.06        72174.06        1140.00        
  65       6               72387.90        73412.90        1025.00        

  机器利用率: 67.44% (忙碌时间: 49587.00 / 总时间: 73528.90)

离散机8:
工件号      工序号             开始时间            结束时间            加工时长           
--------------------------------------------------------------------------------
  45       3               20615.26        21808.26        1193.00        
  29       3               21808.26        22987.26        1179.00        
  69       2               23861.00        25067.00        1206.00        
  31       3               25275.00        26207.00        932.00         
  45       5               26207.00        27704.00        1497.00        
  69       4               28211.00        29520.00        1309.00        
  47       2               30817.19        32088.19        1271.00        
  83       3               32088.19        33074.19        986.00         
  67       2               33074.19        34126.19        1052.00        
  81       3               34126.19        35314.19        1188.00        
  55       4               35314.19        36918.19        1604.00        
  7        3               36918.19        38134.19        1216.00        
  66       4               38134.19        39385.19        1251.00        
  26       3               39698.41        41465.41        1767.00        
  93       3               41465.41        42845.41        1380.00        
  4        5               42845.41        43762.41        917.00         
  35       2               43762.41        45480.41        1718.00        
  5        3               45480.41        46776.41        1296.00        
  14       6               47191.41        48384.41        1193.00        
  36       5               48384.41        49800.41        1416.00        
  11       5               49800.41        50738.41        938.00         
  69       6               50738.41        51972.41        1234.00        
  41       5               51972.41        53085.41        1113.00        
  24       7               53085.41        54503.41        1418.00        
  11       6               54503.41        55519.41        1016.00        
  93       5               55519.41        56594.41        1075.00        
  57       3               56594.41        57581.41        987.00         
  30       3               60784.06        61791.06        1007.00        
  88       3               61791.06        63090.06        1299.00        
  5        7               63090.06        64567.06        1477.00        
  78       2               64567.06        65852.06        1285.00        
  99       5               66633.00        68061.00        1428.00        
  10       6               70296.06        71629.06        1333.00        

  机器利用率: 56.01% (忙碌时间: 41181.00 / 总时间: 73528.90)

离散机9:
工件号      工序号             开始时间            结束时间            加工时长           
--------------------------------------------------------------------------------
  29       2               19294.26        20969.26        1675.00        
  32       3               20969.26        22451.26        1482.00        
  33       4               22451.26        23474.26        1023.00        
  43       2               23861.00        25356.00        1495.00        
  24       3               25356.00        27098.00        1742.00        
  87       3               27098.00        28371.00        1273.00        
  85       3               28565.00        30236.00        1671.00        
  25       6               30236.00        31954.00        1718.00        
  13       3               32274.19        33839.19        1565.00        
  40       3               33839.19        35149.19        1310.00        
  31       5               35149.19        36858.19        1709.00        
  39       2               36960.41        38260.41        1300.00        
  36       2               38260.41        39254.41        994.00         
  39       3               39254.41        40363.41        1109.00        
  36       3               40363.41        41748.41        1385.00        
  11       3               41748.41        42864.41        1116.00        
  66       5               42864.41        44018.41        1154.00        
  20       6               44018.41        45382.41        1364.00        
  31       6               45382.41        46549.41        1167.00        
  26       7               46895.41        47896.41        1001.00        
  26       8               47896.41        48960.41        1064.00        
  83       7               48960.41        50361.41        1401.00        
  45       8               50361.41        51272.41        911.00         
  96       2               51275.95        52559.95        1284.00        
  6        5               52559.95        53836.95        1277.00        
  0        5               53836.95        55576.95        1740.00        
  68       4               55576.95        56505.95        929.00         
  96       6               57136.95        58160.95        1024.00        
  7        6               58160.95        59622.95        1462.00        
  30       2               59685.06        60784.06        1099.00        
  64       2               60784.06        61985.06        1201.00        
  65       2               61985.06        63391.06        1406.00        
  17       5               63892.06        64898.06        1006.00        
  75       4               64898.06        66488.06        1590.00        
  71       2               66926.59        67995.59        1069.00        
  30       8               67995.59        69390.59        1395.00        
  23       6               69577.90        70674.90        1097.00        
  34       4               70674.90        72159.90        1485.00        
  99       7               72159.90        73227.90        1068.00        

  机器利用率: 69.04% (忙碌时间: 50761.00 / 总时间: 73528.90)

离散机10:
工件号      工序号             开始时间            结束时间            加工时长           
--------------------------------------------------------------------------------
  59       2               19294.26        20682.26        1388.00        
  3        2               20682.26        22301.26        1619.00        
  12       2               22301.26        23824.26        1523.00        
  25       4               23824.26        24740.26        916.00         
  86       5               24745.26        25942.26        1197.00        
  42       3               25942.26        27139.26        1197.00        
  33       7               27139.26        28546.26        1407.00        
  55       2               30817.19        32546.19        1729.00        
  55       3               32546.19        34008.19        1462.00        
  47       4               34008.19        35058.19        1050.00        
  25       7               35058.19        36186.19        1128.00        
  66       3               36262.19        37911.19        1649.00        
  4        3               38239.22        39587.22        1348.00        
  4        4               39587.22        41290.22        1703.00        
  24       6               41290.22        42467.22        1177.00        
  93       4               42845.41        44334.41        1489.00        
  40       5               44334.41        45662.41        1328.00        
  40       6               45662.41        47208.41        1546.00        
  28       4               47208.41        48416.41        1208.00        
  49       3               48601.21        49651.21        1050.00        
  0        3               49651.21        50857.21        1206.00        
  70       2               51275.95        52457.95        1182.00        
  4        7               52457.95        54137.95        1680.00        
  96       4               54240.95        55681.95        1441.00        
  94       4               55681.95        56600.95        919.00         
  14       8               56600.95        57857.95        1257.00        
  52       7               57857.95        58780.95        923.00         
  54       2               58930.04        59958.04        1028.00        
  17       2               60162.41        61116.41        954.00         
  99       2               61116.41        62413.41        1297.00        
  50       2               62413.41        63541.41        1128.00        
  48       2               63541.41        64980.41        1439.00        
  32       7               64980.41        66056.41        1076.00        
  69       8               66056.41        67722.41        1666.00        
  99       6               68061.00        69360.00        1299.00        

  机器利用率: 62.03% (忙碌时间: 45609.00 / 总时间: 73528.90)

【打印批次详细信息】
----------------------------------------------------------------------------------------------------

打印机 1 (尺寸: 1033.0 x 412.0 x 635.0):
--------------------------------------------------------------------------------
  批次 1: 零件数=13, 占用率=90.44%
    - 86: 尺寸 349.0 x 205.0 x 127.0
    - 29: 尺寸 302.0 x 137.0 x 33.0
    - 20: 尺寸 89.0 x 142.0 x 104.0
    - 45: 尺寸 266.0 x 241.0 x 26.0
    - 6: 尺寸 306.0 x 134.0 x 68.0
    - 42: 尺寸 86.0 x 114.0 x 61.0
    - 25: 尺寸 202.0 x 207.0 x 33.0
    - 33: 尺寸 143.0 x 98.0 x 20.0
    - 59: 尺寸 229.0 x 159.0 x 122.0
    - 3: 尺寸 130.0 x 114.0 x 98.0
    - 8: 尺寸 155.0 x 115.0 x 87.0
    - 32: 尺寸 98.0 x 66.0 x 75.0
    - 12: 尺寸 132.0 x 99.0 x 97.0
  批次 2: 零件数=6, 占用率=79.54%
    - 41: 尺寸 420.0 x 84.0 x 65.0
    - 27: 尺寸 565.0 x 191.0 x 59.0
    - 39: 尺寸 396.0 x 158.0 x 123.0
    - 16: 尺寸 441.0 x 143.0 x 42.0
    - 95: 尺寸 55.0 x 202.0 x 55.0
    - 1: 尺寸 465.0 x 126.0 x 96.0
  批次 3: 零件数=4, 占用率=74.90%
    - 49: 尺寸 720.0 x 166.0 x 70.0
    - 0: 尺寸 268.0 x 250.0 x 27.0
    - 76: 尺寸 165.0 x 168.0 x 18.0
    - 2: 尺寸 568.0 x 184.0 x 44.0
  批次 4: 零件数=1, 占用率=31.34%
    - 75: 尺寸 460.0 x 290.0 x 105.0

打印机 2 (尺寸: 1163.0 x 587.0 x 663.0):
--------------------------------------------------------------------------------
  批次 1: 零件数=18, 占用率=91.48%
    - 74: 尺寸 488.0 x 192.0 x 92.0
    - 66: 尺寸 438.0 x 139.0 x 124.0
    - 68: 尺寸 227.0 x 413.0 x 174.0
    - 83: 尺寸 441.0 x 153.0 x 197.0
    - 92: 尺寸 440.0 x 247.0 x 168.0
    - 67: 尺寸 144.0 x 121.0 x 191.0
    - 40: 尺寸 122.0 x 148.0 x 103.0
    - 58: 尺寸 181.0 x 246.0 x 77.0
    - 47: 尺寸 178.0 x 51.0 x 176.0
    - 81: 尺寸 93.0 x 134.0 x 170.0
    - 51: 尺寸 135.0 x 173.0 x 83.0
    - 28: 尺寸 108.0 x 148.0 x 40.0
    - 52: 尺寸 170.0 x 59.0 x 100.0
    - 7: 尺寸 105.0 x 98.0 x 89.0
    - 55: 尺寸 72.0 x 93.0 x 88.0
    - 19: 尺寸 220.0 x 58.0 x 76.0
    - 13: 尺寸 87.0 x 87.0 x 191.0
    - 5: 尺寸 187.0 x 63.0 x 153.0
  批次 2: 零件数=9, 占用率=82.55%
    - 65: 尺寸 688.0 x 246.0 x 28.0
    - 62: 尺寸 188.0 x 133.0 x 95.0
    - 99: 尺寸 203.0 x 390.0 x 186.0
    - 88: 尺寸 207.0 x 385.0 x 83.0
    - 54: 尺寸 529.0 x 120.0 x 52.0
    - 50: 尺寸 123.0 x 185.0 x 171.0
    - 37: 尺寸 208.0 x 179.0 x 109.0
    - 18: 尺寸 207.0 x 134.0 x 86.0
    - 79: 尺寸 382.0 x 155.0 x 83.0

打印机 3 (尺寸: 941.0 x 424.0 x 663.0):
--------------------------------------------------------------------------------
  批次 1: 零件数=7, 占用率=83.21%
    - 36: 尺寸 468.0 x 164.0 x 153.0
    - 72: 尺寸 426.0 x 214.0 x 34.0
    - 80: 尺寸 152.0 x 106.0 x 19.0
    - 4: 尺寸 148.0 x 136.0 x 21.0
    - 44: 尺寸 79.0 x 103.0 x 14.0
    - 77: 尺寸 509.0 x 204.0 x 43.0
    - 57: 尺寸 139.0 x 114.0 x 92.0
  批次 2: 零件数=3, 占用率=73.22%
    - 96: 尺寸 711.0 x 335.0 x 59.0
    - 70: 尺寸 217.0 x 139.0 x 55.0
    - 91: 尺寸 179.0 x 133.0 x 39.0
  批次 3: 零件数=1, 占用率=38.01%
    - 17: 尺寸 668.0 x 227.0 x 36.0

打印机 4 (尺寸: 1081.0 x 523.0 x 615.0):
--------------------------------------------------------------------------------
  批次 1: 零件数=14, 占用率=86.56%
    - 94: 尺寸 86.0 x 78.0 x 15.0
    - 38: 尺寸 144.0 x 118.0 x 155.0
    - 97: 尺寸 213.0 x 107.0 x 56.0
    - 11: 尺寸 306.0 x 123.0 x 35.0
    - 56: 尺寸 312.0 x 305.0 x 32.0
    - 90: 尺寸 85.0 x 241.0 x 93.0
    - 63: 尺寸 195.0 x 163.0 x 52.0
    - 93: 尺寸 139.0 x 291.0 x 38.0
    - 60: 尺寸 170.0 x 363.0 x 19.0
    - 26: 尺寸 115.0 x 353.0 x 50.0
    - 15: 尺寸 255.0 x 172.0 x 44.0
    - 89: 尺寸 233.0 x 185.0 x 23.0
    - 14: 尺寸 98.0 x 183.0 x 54.0
    - 35: 尺寸 106.0 x 96.0 x 48.0
  批次 2: 零件数=3, 占用率=71.41%
    - 30: 尺寸 686.0 x 336.0 x 90.0
    - 64: 尺寸 333.0 x 441.0 x 52.0
    - 98: 尺寸 197.0 x 134.0 x 63.0
  批次 3: 零件数=1, 占用率=33.01%
    - 71: 尺寸 699.0 x 267.0 x 29.0

打印机 5 (尺寸: 1118.0 x 504.0 x 631.0):
--------------------------------------------------------------------------------
  批次 1: 零件数=11, 占用率=90.91%
    - 31: 尺寸 355.0 x 260.0 x 20.0
    - 43: 尺寸 713.0 x 239.0 x 46.0
    - 87: 尺寸 690.0 x 134.0 x 26.0
    - 22: 尺寸 69.0 x 106.0 x 68.0
    - 24: 尺寸 187.0 x 173.0 x 33.0
    - 73: 尺寸 159.0 x 177.0 x 112.0
    - 21: 尺寸 53.0 x 109.0 x 36.0
    - 69: 尺寸 101.0 x 76.0 x 43.0
    - 9: 尺寸 149.0 x 101.0 x 45.0
    - 46: 尺寸 389.0 x 123.0 x 52.0
    - 85: 尺寸 205.0 x 63.0 x 96.0
  批次 2: 零件数=9, 占用率=82.66%
    - 23: 尺寸 422.0 x 283.0 x 63.0
    - 78: 尺寸 257.0 x 259.0 x 55.0
    - 48: 尺寸 205.0 x 200.0 x 83.0
    - 82: 尺寸 191.0 x 198.0 x 181.0
    - 84: 尺寸 132.0 x 148.0 x 176.0
    - 34: 尺寸 206.0 x 118.0 x 193.0
    - 53: 尺寸 142.0 x 121.0 x 188.0
    - 10: 尺寸 480.0 x 155.0 x 175.0
    - 61: 尺寸 533.0 x 123.0 x 54.0

════════════════════════════════════════════════════════════════
